epoch_ms,setpt,requester,fan0,fan0_raw,fan0_pwm,fan0_pwm_raw,die0,die0_raw,failsafe
1786401773742,3000,Minimum,3421,3421,nan,nan,25,25,0
1786401773842,3000,Minimum,3491,3491,0.3,-1,25,25,0
1786401773942,3000,Minimum,3556,3556,0.3,-1,25,25,0
1786401774042,3000,Minimum,3617,3617,0.3,-1,25,25,0
1786401774142,3000,Minimum,3674,3674,0.3,-1,25,25,0
1786401774242,3000,Minimum,3727,3727,0.3,-1,25,25,0
1786401774342,3000,Minimum,3777,3777,0.3,-1,25,25,0
1786401774442,3000,Minimum,3823,3823,0.3,-1,25,25,0
1786401774542,3000,Minimum,3866,3866,0.3,-1,25,25,0
1786401774642,3000,Minimum,3906,3906,0.3,-1,25,25,0
1786401774742,3000,Minimum,3944,3944,0.3,-1,25,25,0
1786401774842,3000,Minimum,3979,3979,0.3,-1,25,25,0
1786401774942,3000,Minimum,4012,4012,0.3,-1,25,25,0
1786401775042,3000,Minimum,4042,4042,0.3,-1,25,25,0
1786401775142,3000,Minimum,4071,4071,0.3,-1,25,25,0
1786401775242,3000,Minimum,4098,4098,0.3,-1,25,25,0
1786401775342,3000,Minimum,4122,4122,0.3,-1,25,25,0
1786401775442,3000,Minimum,4146,4146,0.3,-1,25,25,0
1786401775542,3000,Minimum,4167,4167,0.3,-1,25,25,0
1786401775642,3000,Minimum,4188,4188,0.3,-1,25,25,0
1786401775742,3000,Minimum,4206,4206,0.3,-1,25,25,0
1786401775842,3000,Minimum,4224,4224,0.3,-1,25.1875,25.1875,0
1786401775943,3000,Minimum,4240,4240,0.3,-1,25.1875,25.1875,0
1786401776042,3000,Minimum,4256,4256,0.3,-1,25.1875,25.1875,0
1786401776142,3000,Minimum,4270,4270,0.3,-1,25.1875,25.1875,0
1786401776242,3000,Minimum,4283,4283,0.3,-1,25.1875,25.1875,0
1786401776342,3000,Minimum,4296,4296,0.3,-1,25.1875,25.1875,0
1786401776442,3000,Minimum,4308,4308,0.3,-1,25.1875,25.1875,0
1786401776542,3000,Minimum,4318,4318,0.3,-1,25.1875,25.1875,0
1786401776642,3000,Minimum,4329,4329,0.3,-1,25.1875,25.1875,0
1786401776742,3000,Minimum,4338,4338,0.3,-1,25.1875,25.1875,0
1786401776842,3000,Minimum,4347,4347,0.3,-1,25.5625,25.5625,0
1786401776942,3000,Minimum,4355,4355,0.3,-1,25.5625,25.5625,0
1786401777043,3000,Minimum,4363,4363,0.3,-1,25.5625,25.5625,0
1786401777142,3000,Minimum,4370,4370,0.3,-1,25.5625,25.5625,0
1786401777242,3000,Minimum,4377,4377,0.3,-1,25.5625,25.5625,0
1786401777342,3000,Minimum,4383,4383,0.3,-1,25.5625,25.5625,0
1786401777442,3000,Minimum,4389,4389,0.3,-1,25.5625,25.5625,0
1786401777542,3000,Minimum,4394,4394,0.3,-1,25.5625,25.5625,0
1786401777646,3000,Minimum,4399,4399,0.3,-1,25.5625,25.5625,0
1786401777742,3000,Minimum,4404,4404,0.3,-1,25.5625,25.5625,0
1786401777842,3000,Minimum,4409,4409,0.3,-1,26.1875,26.1875,0
1786401777942,3000,Minimum,4413,4413,0.3,-1,26.1875,26.1875,0
1786401778042,3000,Minimum,4417,4417,0.3,-1,26.1875,26.1875,0
1786401778142,3000,Minimum,4420,4420,0.3,-1,26.1875,26.1875,0
1786401778242,3000,Minimum,4424,4424,0.3,-1,26.1875,26.1875,0
1786401778342,3000,Minimum,4427,4427,0.3,-1,26.1875,26.1875,0
1786401778442,3000,Minimum,4430,4430,0.3,-1,26.1875,26.1875,0
1786401778542,3000,Minimum,4432,4432,0.3,-1,26.1875,26.1875,0
1786401778642,3000,Minimum,4435,4435,0.3,-1,26.1875,26.1875,0
1786401778742,3000,Minimum,4437,4437,0.3,-1,26.1875,26.1875,0
1786401778842,3000,Minimum,4439,4439,0.3,-1,26.8125,26.8125,0
1786401778942,3000,Minimum,4442,4442,0.3,-1,26.8125,26.8125,0
1786401779042,3000,Minimum,4443,4443,0.3,-1,26.8125,26.8125,0
1786401779142,3000,Minimum,4445,4445,0.3,-1,26.8125,26.8125,0
1786401779243,3000,Minimum,4447,4447,0.3,-1,26.8125,26.8125,0
1786401779342,3000,Minimum,4449,4449,0.3,-1,26.8125,26.8125,0
1786401779442,3000,Minimum,4450,4450,0.3,-1,26.8125,26.8125,0
1786401779542,3000,Minimum,4451,4451,0.3,-1,26.8125,26.8125,0
1786401779642,3000,Minimum,4453,4453,0.3,-1,26.8125,26.8125,0
1786401779742,3000,Minimum,4454,4454,0.3,-1,26.8125,26.8125,0
1786401779842,3000,Minimum,4455,4455,0.3,-1,27.4375,27.4375,0
1786401779942,3000,Minimum,4456,4456,0.3,-1,27.4375,27.4375,0
1786401780042,3000,Minimum,4457,4457,0.3,-1,27.4375,27.4375,0
1786401780142,3000,Minimum,4458,4458,0.3,-1,27.4375,27.4375,0
1786401780242,3000,Minimum,4459,4459,0.3,-1,27.4375,27.4375,0
1786401780342,3000,Minimum,4460,4460,0.3,-1,27.4375,27.4375,0
1786401780442,3000,Minimum,4460,4460,0.3,-1,27.4375,27.4375,0
1786401780542,3000,Minimum,4461,4461,0.3,-1,27.4375,27.4375,0
1786401780642,3000,Minimum,4462,4462,0.3,-1,27.4375,27.4375,0
1786401780742,3000,Minimum,4462,4462,0.3,-1,27.4375,27.4375,0
1786401780842,3000,Minimum,4463,4463,0.3,-1,28.25,28.25,0
1786401780942,3000,Minimum,4463,4463,0.3,-1,28.25,28.25,0
1786401781042,3000,Minimum,4464,4464,0.3,-1,28.25,28.25,0
1786401781142,3000,Minimum,4464,4464,0.3,-1,28.25,28.25,0
1786401781242,3000,Minimum,4465,4465,0.3,-1,28.25,28.25,0
1786401781342,3000,Minimum,4465,4465,0.3,-1,28.25,28.25,0
1786401781442,3000,Minimum,4465,4465,0.3,-1,28.25,28.25,0
1786401781542,3000,Minimum,4466,4466,0.3,-1,28.25,28.25,0
1786401781642,3000,Minimum,4466,4466,0.3,-1,28.25,28.25,0
1786401781742,3000,Minimum,4466,4466,0.3,-1,28.25,28.25,0
1786401781842,3000,Minimum,4467,4467,0.3,-1,28.9375,28.9375,0
1786401781942,3000,Minimum,4467,4467,0.3,-1,28.9375,28.9375,0
1786401782042,3000,Minimum,4467,4467,0.3,-1,28.9375,28.9375,0
1786401782142,3000,Minimum,4467,4467,0.3,-1,28.9375,28.9375,0
1786401782242,3000,Minimum,4468,4468,0.3,-1,28.9375,28.9375,0
1786401782343,3000,Minimum,4468,4468,0.3,-1,28.9375,28.9375,0
1786401782443,3000,Minimum,4468,4468,0.3,-1,28.9375,28.9375,0
1786401782542,3000,Minimum,4468,4468,0.3,-1,28.9375,28.9375,0
1786401782642,3000,Minimum,4468,4468,0.3,-1,28.9375,28.9375,0
1786401782742,3000,Minimum,4468,4468,0.3,-1,28.9375,28.9375,0
1786401782842,3000,Minimum,4469,4469,0.3,-1,29.75,29.75,0
1786401782942,3000,Minimum,4469,4469,0.3,-1,29.75,29.75,0
1786401783042,3000,Minimum,4469,4469,0.3,-1,29.75,29.75,0
1786401783142,3000,Minimum,4469,4469,0.3,-1,29.75,29.75,0
1786401783242,3000,Minimum,4469,4469,0.3,-1,29.75,29.75,0
1786401783342,3000,Minimum,4469,4469,0.3,-1,29.75,29.75,0
1786401783442,3000,Minimum,4469,4469,0.3,-1,29.75,29.75,0
1786401783543,3000,Minimum,4469,4469,0.3,-1,29.75,29.75,0
1786401783643,3000,Minimum,4469,4469,0.3,-1,29.75,29.75,0
1786401783742,3000,Minimum,4470,4470,0.3,-1,29.75,29.75,0
1786401783842,3000,Minimum,4470,4470,0.3,-1,30.3125,30.3125,0
1786401783943,3000,Minimum,4470,4470,0.3,-1,30.3125,30.3125,0
1786401784042,3000,Minimum,4470,4470,0.3,-1,30.3125,30.3125,0
1786401784142,3000,Minimum,4470,4470,0.3,-1,30.3125,30.3125,0
1786401784242,3000,Minimum,4470,4470,0.3,-1,30.3125,30.3125,0
1786401784342,3000,Minimum,4470,4470,0.3,-1,30.3125,30.3125,0
1786401784442,3000,Minimum,4470,4470,0.3,-1,30.3125,30.3125,0
1786401784542,3000,Minimum,4470,4470,0.3,-1,30.3125,30.3125,0
1786401784642,3000,Minimum,4470,4470,0.3,-1,30.3125,30.3125,0
1786401784742,3000,Minimum,4470,4470,0.3,-1,30.3125,30.3125,0
1786401784842,3000,Minimum,4470,4470,0.3,-1,31.0625,31.0625,0
1786401784942,3000,Minimum,4470,4470,0.3,-1,31.0625,31.0625,0
1786401785042,3000,Minimum,4470,4470,0.3,-1,31.0625,31.0625,0
1786401785142,3000,Minimum,4470,4470,0.3,-1,31.0625,31.0625,0
1786401785242,3000,Minimum,4470,4470,0.3,-1,31.0625,31.0625,0
1786401785343,3000,Minimum,4470,4470,0.3,-1,31.0625,31.0625,0
1786401785442,3000,Minimum,4470,4470,0.3,-1,31.0625,31.0625,0
1786401785543,3000,Minimum,4470,4470,0.3,-1,31.0625,31.0625,0
1786401785642,3000,Minimum,4470,4470,0.3,-1,31.0625,31.0625,0
1786401785742,3000,Minimum,4470,4470,0.3,-1,31.0625,31.0625,0
1786401785842,3000,Minimum,4470,4470,0.3,-1,31.8125,31.8125,0
1786401785943,3000,Minimum,4470,4470,0.3,-1,31.8125,31.8125,0
1786401786042,3000,Minimum,4470,4470,0.3,-1,31.8125,31.8125,0
1786401786142,3000,Minimum,4470,4470,0.3,-1,31.8125,31.8125,0
1786401786242,3000,Minimum,4470,4470,0.3,-1,31.8125,31.8125,0
1786401786342,3000,Minimum,4470,4470,0.3,-1,31.8125,31.8125,0
1786401786442,3000,Minimum,4470,4470,0.3,-1,31.8125,31.8125,0
1786401786542,3000,Minimum,4470,4470,0.3,-1,31.8125,31.8125,0
1786401786642,3000,Minimum,4470,4470,0.3,-1,31.8125,31.8125,0
1786401786742,3000,Minimum,4470,4470,0.3,-1,31.8125,31.8125,0
1786401786842,3000,Minimum,4470,4470,0.3,-1,32.5625,32.5625,0
1786401786942,3000,Minimum,4470,4470,0.3,-1,32.5625,32.5625,0
1786401787043,3000,Minimum,4470,4470,0.3,-1,32.5625,32.5625,0
1786401787142,3000,Minimum,4470,4470,0.3,-1,32.5625,32.5625,0
1786401787242,3000,Minimum,4470,4470,0.3,-1,32.5625,32.5625,0
1786401787342,3000,Minimum,4470,4470,0.3,-1,32.5625,32.5625,0
1786401787442,3000,Minimum,4471,4471,0.3,-1,32.5625,32.5625,0
1786401787542,3000,Minimum,4471,4471,0.3,-1,32.5625,32.5625,0
1786401787643,3000,Minimum,4471,4471,0.3,-1,32.5625,32.5625,0
1786401787742,3000,Minimum,4471,4471,0.3,-1,32.5625,32.5625,0
1786401787842,3000,Minimum,4471,4471,0.3,-1,33.25,33.25,0
1786401787942,3000,Minimum,4471,4471,0.3,-1,33.25,33.25,0
1786401788046,3000,Minimum,4471,4471,0.3,-1,33.25,33.25,0
1786401788142,3000,Minimum,4471,4471,0.3,-1,33.25,33.25,0
1786401788242,3000,Minimum,4471,4471,0.3,-1,33.25,33.25,0
1786401788342,3000,Minimum,4471,4471,0.3,-1,33.25,33.25,0
1786401788442,3000,Minimum,4471,4471,0.3,-1,33.25,33.25,0
1786401788542,3000,Minimum,4471,4471,0.3,-1,33.25,33.25,0
1786401788642,3000,Minimum,4471,4471,0.3,-1,33.25,33.25,0
1786401788742,3000,Minimum,4471,4471,0.3,-1,33.25,33.25,0
1786401788843,3000,Minimum,4471,4471,0.3,-1,34,34,0
1786401788942,3000,Minimum,4471,4471,0.3,-1,34,34,0
1786401789042,3000,Minimum,4471,4471,0.3,-1,34,34,0
1786401789142,3000,Minimum,4471,4471,0.3,-1,34,34,0
1786401789242,3000,Minimum,4471,4471,0.3,-1,34,34,0
1786401789346,3000,Minimum,4471,4471,0.3,-1,34,34,0
1786401789442,3000,Minimum,4471,4471,0.3,-1,34,34,0
1786401789542,3000,Minimum,4471,4471,0.3,-1,34,34,0
1786401789642,3000,Minimum,4471,4471,0.3,-1,34,34,0
1786401789742,3000,Minimum,4471,4471,0.3,-1,34,34,0
1786401789842,3000,Minimum,4471,4471,0.3,-1,34.625,34.625,0
1786401789942,3000,Minimum,4471,4471,0.3,-1,34.625,34.625,0
1786401790042,3000,Minimum,4471,4471,0.3,-1,34.625,34.625,0
1786401790142,3000,Minimum,4471,4471,0.3,-1,34.625,34.625,0
1786401790242,3000,Minimum,4471,4471,0.3,-1,34.625,34.625,0
1786401790342,3000,Minimum,4471,4471,0.3,-1,34.625,34.625,0
1786401790442,3000,Minimum,4471,4471,0.3,-1,34.625,34.625,0
1786401790542,3000,Minimum,4471,4471,0.3,-1,34.625,34.625,0
1786401790642,3000,Minimum,4471,4471,0.3,-1,34.625,34.625,0
1786401790742,3000,Minimum,4471,4471,0.3,-1,34.625,34.625,0
1786401790842,3000,Minimum,4471,4471,0.3,-1,35.25,35.25,0
1786401790942,3000,Minimum,4471,4471,0.3,-1,35.25,35.25,0
1786401791042,3000,Minimum,4471,4471,0.3,-1,35.25,35.25,0
1786401791142,3000,Minimum,4471,4471,0.3,-1,35.25,35.25,0
1786401791242,3000,Minimum,4471,4471,0.3,-1,35.25,35.25,0
1786401791342,3000,Minimum,4471,4471,0.3,-1,35.25,35.25,0
1786401791442,3000,Minimum,4471,4471,0.3,-1,35.25,35.25,0
1786401791542,3000,Minimum,4471,4471,0.3,-1,35.25,35.25,0
1786401791642,3000,Minimum,4471,4471,0.3,-1,35.25,35.25,0
1786401791742,3000,Minimum,4471,4471,0.3,-1,35.25,35.25,0
1786401791842,3000,Minimum,4471,4471,0.3,-1,35.9375,35.9375,0
1786401791942,3000,Minimum,4471,4471,0.3,-1,35.9375,35.9375,0
1786401792042,3000,Minimum,4471,4471,0.3,-1,35.9375,35.9375,0
1786401792142,3000,Minimum,4471,4471,0.3,-1,35.9375,35.9375,0
1786401792242,3000,Minimum,4471,4471,0.3,-1,35.9375,35.9375,0
1786401792342,3000,Minimum,4471,4471,0.3,-1,35.9375,35.9375,0
1786401792442,3000,Minimum,4471,4471,0.3,-1,35.9375,35.9375,0
1786401792542,3000,Minimum,4471,4471,0.3,-1,35.9375,35.9375,0
1786401792642,3000,Minimum,4471,4471,0.3,-1,35.9375,35.9375,0
1786401792742,3000,Minimum,4471,4471,0.3,-1,35.9375,35.9375,0
1786401792842,3000,Minimum,4471,4471,0.3,-1,36.5625,36.5625,0
1786401792942,3000,Minimum,4471,4471,0.3,-1,36.5625,36.5625,0
1786401793042,3000,Minimum,4471,4471,0.3,-1,36.5625,36.5625,0
1786401793142,3000,Minimum,4471,4471,0.3,-1,36.5625,36.5625,0
1786401793242,3000,Minimum,4471,4471,0.3,-1,36.5625,36.5625,0
1786401793342,3000,Minimum,4471,4471,0.3,-1,36.5625,36.5625,0
1786401793442,3000,Minimum,4471,4471,0.3,-1,36.5625,36.5625,0
1786401793542,3000,Minimum,4471,4471,0.3,-1,36.5625,36.5625,0
1786401793642,3000,Minimum,4471,4471,0.3,-1,36.5625,36.5625,0
1786401793742,3000,Minimum,4471,4471,0.3,-1,36.5625,36.5625,0
1786401793842,3000,Minimum,4471,4471,0.3,-1,37.25,37.25,0
1786401793942,3000,Minimum,4471,4471,0.3,-1,37.25,37.25,0
1786401794042,3000,Minimum,4471,4471,0.3,-1,37.25,37.25,0
1786401794142,3000,Minimum,4471,4471,0.3,-1,37.25,37.25,0
1786401794242,3000,Minimum,4471,4471,0.3,-1,37.25,37.25,0
1786401794342,3000,Minimum,4471,4471,0.3,-1,37.25,37.25,0
1786401794442,3000,Minimum,4471,4471,0.3,-1,37.25,37.25,0
1786401794542,3000,Minimum,4471,4471,0.3,-1,37.25,37.25,0
1786401794642,3000,Minimum,4471,4471,0.3,-1,37.25,37.25,0
1786401794742,3000,Minimum,4471,4471,0.3,-1,37.25,37.25,0
1786401794842,3000,Minimum,4471,4471,0.3,-1,37.6875,37.6875,0
1786401794942,3000,Minimum,4471,4471,0.3,-1,37.6875,37.6875,0
1786401795042,3000,Minimum,4471,4471,0.3,-1,37.6875,37.6875,0
1786401795142,3000,Minimum,4471,4471,0.3,-1,37.6875,37.6875,0
1786401795242,3000,Minimum,4471,4471,0.3,-1,37.6875,37.6875,0
1786401795343,3000,Minimum,4471,4471,0.3,-1,37.6875,37.6875,0
1786401795446,3000,Minimum,4471,4471,0.3,-1,37.6875,37.6875,0
1786401795542,3000,Minimum,4471,4471,0.3,-1,37.6875,37.6875,0
1786401795642,3000,Minimum,4471,4471,0.3,-1,37.6875,37.6875,0
1786401795742,3000,Minimum,4471,4471,0.3,-1,37.6875,37.6875,0
1786401795842,3000,Minimum,4471,4471,0.3,-1,38.375,38.375,0
1786401795942,3000,Minimum,4471,4471,0.3,-1,38.375,38.375,0
1786401796042,3000,Minimum,4471,4471,0.3,-1,38.375,38.375,0
1786401796142,3000,Minimum,4471,4471,0.3,-1,38.375,38.375,0
1786401796242,3000,Minimum,4471,4471,0.3,-1,38.375,38.375,0
1786401796342,3000,Minimum,4471,4471,0.3,-1,38.375,38.375,0
1786401796442,3000,Minimum,4471,4471,0.3,-1,38.375,38.375,0
1786401796542,3000,Minimum,4471,4471,0.3,-1,38.375,38.375,0
1786401796642,3000,Minimum,4471,4471,0.3,-1,38.375,38.375,0
1786401796742,3000,Minimum,4471,4471,0.3,-1,38.375,38.375,0
1786401796842,3000,Minimum,4471,4471,0.3,-1,38.875,38.875,0
1786401796942,3000,Minimum,4471,4471,0.3,-1,38.875,38.875,0
1786401797042,3000,Minimum,4471,4471,0.3,-1,38.875,38.875,0
1786401797142,3000,Minimum,4471,4471,0.3,-1,38.875,38.875,0
1786401797242,3000,Minimum,4471,4471,0.3,-1,38.875,38.875,0
1786401797342,3000,Minimum,4471,4471,0.3,-1,38.875,38.875,0
1786401797442,3000,Minimum,4471,4471,0.3,-1,38.875,38.875,0
1786401797542,3000,Minimum,4471,4471,0.3,-1,38.875,38.875,0
1786401797642,3000,Minimum,4471,4471,0.3,-1,38.875,38.875,0
1786401797742,3000,Minimum,4471,4471,0.3,-1,38.875,38.875,0
1786401797846,3000,Minimum,4471,4471,0.3,-1,39.375,39.375,0
1786401797942,3000,Minimum,4471,4471,0.3,-1,39.375,39.375,0
1786401798042,3000,Minimum,4471,4471,0.3,-1,39.375,39.375,0
1786401798142,3000,Minimum,4471,4471,0.3,-1,39.375,39.375,0
1786401798242,3000,Minimum,4471,4471,0.3,-1,39.375,39.375,0
1786401798342,3000,Minimum,4471,4471,0.3,-1,39.375,39.375,0
1786401798442,3000,Minimum,4471,4471,0.3,-1,39.375,39.375,0
1786401798542,3000,Minimum,4471,4471,0.3,-1,39.375,39.375,0
1786401798642,3000,Minimum,4471,4471,0.3,-1,39.375,39.375,0
1786401798742,3000,Minimum,4471,4471,0.3,-1,39.375,39.375,0
1786401798842,3000,Minimum,4471,4471,0.3,-1,40.0625,40.0625,0
1786401798942,3000,Minimum,4471,4471,0.3,-1,40.0625,40.0625,0
1786401799042,3000,Minimum,4471,4471,0.3,-1,40.0625,40.0625,0
1786401799142,3000,Minimum,4471,4471,0.3,-1,40.0625,40.0625,0
1786401799242,3000,Minimum,4471,4471,0.3,-1,40.0625,40.0625,0
1786401799342,3000,Minimum,4471,4471,0.3,-1,40.0625,40.0625,0
1786401799442,3000,Minimum,4471,4471,0.3,-1,40.0625,40.0625,0
1786401799542,3000,Minimum,4471,4471,0.3,-1,40.0625,40.0625,0
1786401799642,3000,Minimum,4471,4471,0.3,-1,40.0625,40.0625,0
1786401799742,3000,Minimum,4471,4471,0.3,-1,40.0625,40.0625,0
1786401799842,3000,Minimum,4471,4471,0.3,-1,40.5625,40.5625,0
1786401799942,3000,Minimum,4471,4471,0.3,-1,40.5625,40.5625,0
1786401800042,3000,Minimum,4471,4471,0.3,-1,40.5625,40.5625,0
1786401800142,3000,Minimum,4471,4471,0.3,-1,40.5625,40.5625,0
1786401800242,3000,Minimum,4471,4471,0.3,-1,40.5625,40.5625,0
1786401800342,3000,Minimum,4471,4471,0.3,-1,40.5625,40.5625,0
1786401800442,3000,Minimum,4471,4471,0.3,-1,40.5625,40.5625,0
1786401800542,3000,Minimum,4471,4471,0.3,-1,40.5625,40.5625,0
1786401800642,3000,Minimum,4471,4471,0.3,-1,40.5625,40.5625,0
1786401800742,3000,Minimum,4471,4471,0.3,-1,40.5625,40.5625,0
1786401800842,3000,Minimum,4471,4471,0.3,-1,41,41,0
1786401800942,3000,Minimum,4471,4471,0.3,-1,41,41,0
1786401801042,3000,Minimum,4471,4471,0.3,-1,41,41,0
1786401801142,3000,Minimum,4471,4471,0.3,-1,41,41,0
1786401801242,3000,Minimum,4471,4471,0.3,-1,41,41,0
1786401801342,3000,Minimum,4471,4471,0.3,-1,41,41,0
1786401801442,3000,Minimum,4471,4471,0.3,-1,41,41,0
1786401801542,3000,Minimum,4471,4471,0.3,-1,41,41,0
1786401801642,3000,Minimum,4471,4471,0.3,-1,41,41,0
1786401801742,3000,Minimum,4471,4471,0.3,-1,41,41,0
1786401801842,3000,Minimum,4471,4471,0.3,-1,41.5,41.5,0
1786401801942,3000,Minimum,4471,4471,0.3,-1,41.5,41.5,0
1786401802042,3000,Minimum,4471,4471,0.3,-1,41.5,41.5,0
1786401802142,3000,Minimum,4471,4471,0.3,-1,41.5,41.5,0
1786401802242,3000,Minimum,4471,4471,0.3,-1,41.5,41.5,0
1786401802342,3000,Minimum,4471,4471,0.3,-1,41.5,41.5,0
1786401802442,3000,Minimum,4471,4471,0.3,-1,41.5,41.5,0
1786401802542,3000,Minimum,4471,4471,0.3,-1,41.5,41.5,0
1786401802642,3000,Minimum,4471,4471,0.3,-1,41.5,41.5,0
1786401802742,3000,Minimum,4471,4471,0.3,-1,41.5,41.5,0
1786401802842,3000,Minimum,4471,4471,0.3,-1,42.125,42.125,0
1786401802942,3000,Minimum,4471,4471,0.3,-1,42.125,42.125,0
1786401803042,3000,Minimum,4471,4471,0.3,-1,42.125,42.125,0
1786401803142,3000,Minimum,4471,4471,0.3,-1,42.125,42.125,0
1786401803242,3000,Minimum,4471,4471,0.3,-1,42.125,42.125,0
1786401803342,3000,Minimum,4471,4471,0.3,-1,42.125,42.125,0
1786401803446,3000,Minimum,4471,4471,0.3,-1,42.125,42.125,0
1786401803542,3000,Minimum,4471,4471,0.3,-1,42.125,42.125,0
1786401803642,3000,Minimum,4471,4471,0.3,-1,42.125,42.125,0
1786401803743,3000,Minimum,4471,4471,0.3,-1,42.125,42.125,0
1786401803842,3000,Minimum,4471,4471,0.3,-1,42.4375,42.4375,0
1786401803942,3000,Minimum,4471,4471,0.3,-1,42.4375,42.4375,0
1786401804042,3000,Minimum,4471,4471,0.3,-1,42.4375,42.4375,0
1786401804142,3000,Minimum,4471,4471,0.3,-1,42.4375,42.4375,0
1786401804242,3000,Minimum,4471,4471,0.3,-1,42.4375,42.4375,0
1786401804342,3000,Minimum,4471,4471,0.3,-1,42.4375,42.4375,0
1786401804442,3000,Minimum,4471,4471,0.3,-1,42.4375,42.4375,0
1786401804542,3000,Minimum,4471,4471,0.3,-1,42.4375,42.4375,0
1786401804642,3000,Minimum,4471,4471,0.3,-1,42.4375,42.4375,0
1786401804742,3000,Minimum,4471,4471,0.3,-1,42.4375,42.4375,0
1786401804842,3000,Minimum,4471,4471,0.3,-1,43.0625,43.0625,0
1786401804942,3000,Minimum,4471,4471,0.3,-1,43.0625,43.0625,0
1786401805042,3000,Minimum,4471,4471,0.3,-1,43.0625,43.0625,0
1786401805143,3000,Minimum,4471,4471,0.3,-1,43.0625,43.0625,0
1786401805242,3000,Minimum,4471,4471,0.3,-1,43.0625,43.0625,0
1786401805342,3000,Minimum,4471,4471,0.3,-1,43.0625,43.0625,0
1786401805442,3000,Minimum,4471,4471,0.3,-1,43.0625,43.0625,0
1786401805542,3000,Minimum,4471,4471,0.3,-1,43.0625,43.0625,0
1786401805642,3000,Minimum,4471,4471,0.3,-1,43.0625,43.0625,0
1786401805742,3000,Minimum,4471,4471,0.3,-1,43.0625,43.0625,0
1786401805842,3000,Minimum,4471,4471,0.3,-1,43.5,43.5,0
1786401805942,3000,Minimum,4471,4471,0.3,-1,43.5,43.5,0
1786401806043,3000,Minimum,4471,4471,0.3,-1,43.5,43.5,0
1786401806142,3000,Minimum,4471,4471,0.3,-1,43.5,43.5,0
1786401806242,3000,Minimum,4471,4471,0.3,-1,43.5,43.5,0
1786401806342,3000,Minimum,4471,4471,0.3,-1,43.5,43.5,0
1786401806442,3000,Minimum,4471,4471,0.3,-1,43.5,43.5,0
1786401806542,3000,Minimum,4471,4471,0.3,-1,43.5,43.5,0
1786401806642,3000,Minimum,4471,4471,0.3,-1,43.5,43.5,0
1786401806742,3000,Minimum,4471,4471,0.3,-1,43.5,43.5,0
1786401806842,3000,Minimum,4471,4471,0.3,-1,44,44,0
1786401806942,3000,Minimum,4471,4471,0.3,-1,44,44,0
1786401807042,3000,Minimum,4471,4471,0.3,-1,44,44,0
1786401807142,3000,Minimum,4471,4471,0.3,-1,44,44,0
1786401807242,3000,Minimum,4471,4471,0.3,-1,44,44,0
1786401807342,3000,Minimum,4471,4471,0.3,-1,44,44,0
1786401807446,3000,Minimum,4471,4471,0.3,-1,44,44,0
1786401807542,3000,Minimum,4471,4471,0.3,-1,44,44,0
1786401807642,3000,Minimum,4471,4471,0.3,-1,44,44,0
1786401807742,3000,Minimum,4471,4471,0.3,-1,44,44,0
1786401807842,3000,Minimum,4471,4471,0.3,-1,44.5,44.5,0
1786401807942,3000,Minimum,4471,4471,0.3,-1,44.5,44.5,0
1786401808042,3000,Minimum,4471,4471,0.3,-1,44.5,44.5,0
1786401808142,3000,Minimum,4471,4471,0.3,-1,44.5,44.5,0
1786401808242,3000,Minimum,4471,4471,0.3,-1,44.5,44.5,0
1786401808342,3000,Minimum,4471,4471,0.3,-1,44.5,44.5,0
1786401808442,3000,Minimum,4471,4471,0.3,-1,44.5,44.5,0
1786401808542,3000,Minimum,4471,4471,0.3,-1,44.5,44.5,0
1786401808642,3000,Minimum,4471,4471,0.3,-1,44.5,44.5,0
1786401808742,3000,Minimum,4471,4471,0.3,-1,44.5,44.5,0
1786401808842,3000,Minimum,4471,4471,0.3,-1,44.875,44.875,0
1786401808942,3000,Minimum,4471,4471,0.3,-1,44.875,44.875,0
1786401809042,3000,Minimum,4471,4471,0.3,-1,44.875,44.875,0
1786401809142,3000,Minimum,4471,4471,0.3,-1,44.875,44.875,0
1786401809242,3000,Minimum,4471,4471,0.3,-1,44.875,44.875,0
1786401809342,3000,Minimum,4471,4471,0.3,-1,44.875,44.875,0
1786401809442,3000,Minimum,4471,4471,0.3,-1,44.875,44.875,0
1786401809542,3000,Minimum,4471,4471,0.3,-1,44.875,44.875,0
1786401809642,3000,Minimum,4471,4471,0.3,-1,44.875,44.875,0
1786401809742,3000,Minimum,4471,4471,0.3,-1,44.875,44.875,0
1786401809842,3000,Minimum,4471,4471,0.3,-1,45.375,45.375,0
1786401809942,3000,Minimum,4471,4471,0.3,-1,45.375,45.375,0
1786401810042,3000,Minimum,4471,4471,0.3,-1,45.375,45.375,0
1786401810146,3000,Minimum,4471,4471,0.3,-1,45.375,45.375,0
1786401810242,3000,Minimum,4471,4471,0.3,-1,45.375,45.375,0
1786401810342,3000,Minimum,4471,4471,0.3,-1,45.375,45.375,0
1786401810442,3000,Minimum,4471,4471,0.3,-1,45.375,45.375,0
1786401810542,3000,Minimum,4471,4471,0.3,-1,45.375,45.375,0
1786401810642,3000,Minimum,4471,4471,0.3,-1,45.375,45.375,0
1786401810742,3000,Minimum,4471,4471,0.3,-1,45.375,45.375,0
1786401810842,3000,Minimum,4471,4471,0.3,-1,45.75,45.75,0
1786401810942,3000,Minimum,4471,4471,0.3,-1,45.75,45.75,0
1786401811042,3000,Minimum,4471,4471,0.3,-1,45.75,45.75,0
1786401811142,3000,Minimum,4471,4471,0.3,-1,45.75,45.75,0
1786401811242,3000,Minimum,4471,4471,0.3,-1,45.75,45.75,0
1786401811342,3000,Minimum,4471,4471,0.3,-1,45.75,45.75,0
1786401811442,3000,Minimum,4471,4471,0.3,-1,45.75,45.75,0
1786401811542,3000,Minimum,4471,4471,0.3,-1,45.75,45.75,0
1786401811642,3000,Minimum,4471,4471,0.3,-1,45.75,45.75,0
1786401811742,3000,Minimum,4471,4471,0.3,-1,45.75,45.75,0
1786401811842,3000,Minimum,4471,4471,0.3,-1,46.0625,46.0625,0
1786401811942,3000,Minimum,4471,4471,0.3,-1,46.0625,46.0625,0
1786401812042,3000,Minimum,4471,4471,0.3,-1,46.0625,46.0625,0
1786401812142,3000,Minimum,4471,4471,0.3,-1,46.0625,46.0625,0
1786401812243,3000,Minimum,4471,4471,0.3,-1,46.0625,46.0625,0
1786401812342,3000,Minimum,4471,4471,0.3,-1,46.0625,46.0625,0
1786401812442,3000,Minimum,4471,4471,0.3,-1,46.0625,46.0625,0
1786401812542,3000,Minimum,4471,4471,0.3,-1,46.0625,46.0625,0
1786401812642,3000,Minimum,4471,4471,0.3,-1,46.0625,46.0625,0
1786401812743,3000,Minimum,4471,4471,0.3,-1,46.0625,46.0625,0
1786401812842,3000,Minimum,4471,4471,0.3,-1,46.5,46.5,0
1786401812943,3000,Minimum,4471,4471,0.3,-1,46.5,46.5,0
1786401813042,3000,Minimum,4471,4471,0.3,-1,46.5,46.5,0
1786401813142,3000,Minimum,4471,4471,0.3,-1,46.5,46.5,0
1786401813242,3000,Minimum,4471,4471,0.3,-1,46.5,46.5,0
1786401813342,3000,Minimum,4471,4471,0.3,-1,46.5,46.5,0
1786401813442,3000,Minimum,4471,4471,0.3,-1,46.5,46.5,0
1786401813542,3000,Minimum,4471,4471,0.3,-1,46.5,46.5,0
1786401813642,3000,Minimum,4471,4471,0.3,-1,46.5,46.5,0
1786401813742,3000,Minimum,4471,4471,0.3,-1,46.5,46.5,0
1786401813842,3000,Minimum,4471,4471,0.3,-1,46.9375,46.9375,0
1786401813942,3000,Minimum,4471,4471,0.3,-1,46.9375,46.9375,0
1786401814042,3000,Minimum,4471,4471,0.3,-1,46.9375,46.9375,0
1786401814142,3000,Minimum,4471,4471,0.3,-1,46.9375,46.9375,0
1786401814243,3000,Minimum,4471,4471,0.3,-1,46.9375,46.9375,0
1786401814342,3000,Minimum,4471,4471,0.3,-1,46.9375,46.9375,0
1786401814442,3000,Minimum,4471,4471,0.3,-1,46.9375,46.9375,0
1786401814542,3000,Minimum,4471,4471,0.3,-1,46.9375,46.9375,0
1786401814642,3000,Minimum,4471,4471,0.3,-1,46.9375,46.9375,0
1786401814743,3000,Minimum,4471,4471,0.3,-1,46.9375,46.9375,0
1786401814842,3000,Minimum,4471,4471,0.3,-1,47.25,47.25,0
1786401814942,3000,Minimum,4471,4471,0.3,-1,47.25,47.25,0
1786401815042,3000,Minimum,4471,4471,0.3,-1,47.25,47.25,0
1786401815143,3000,Minimum,4471,4471,0.3,-1,47.25,47.25,0
1786401815242,3000,Minimum,4471,4471,0.3,-1,47.25,47.25,0
1786401815342,3000,Minimum,4471,4471,0.3,-1,47.25,47.25,0
1786401815442,3000,Minimum,4471,4471,0.3,-1,47.25,47.25,0
1786401815542,3000,Minimum,4471,4471,0.3,-1,47.25,47.25,0
1786401815643,3000,Minimum,4471,4471,0.3,-1,47.25,47.25,0
1786401815742,3000,Minimum,4471,4471,0.3,-1,47.25,47.25,0
1786401815842,3000,Minimum,4471,4471,0.3,-1,47.6875,47.6875,0
1786401815942,3000,Minimum,4471,4471,0.3,-1,47.6875,47.6875,0
1786401816042,3000,Minimum,4471,4471,0.3,-1,47.6875,47.6875,0
1786401816142,3000,Minimum,4471,4471,0.3,-1,47.6875,47.6875,0
1786401816242,3000,Minimum,4471,4471,0.3,-1,47.6875,47.6875,0
1786401816342,3000,Minimum,4471,4471,0.3,-1,47.6875,47.6875,0
1786401816442,3000,Minimum,4471,4471,0.3,-1,47.6875,47.6875,0
1786401816542,3000,Minimum,4471,4471,0.3,-1,47.6875,47.6875,0
1786401816642,3000,Minimum,4471,4471,0.3,-1,47.6875,47.6875,0
1786401816742,3000,Minimum,4471,4471,0.3,-1,47.6875,47.6875,0
1786401816842,3000,Minimum,4471,4471,0.3,-1,48.0625,48.0625,0
1786401816942,3000,Minimum,4471,4471,0.3,-1,48.0625,48.0625,0
1786401817042,3000,Minimum,4471,4471,0.3,-1,48.0625,48.0625,0
1786401817142,3000,Minimum,4471,4471,0.3,-1,48.0625,48.0625,0
1786401817243,3000,Minimum,4471,4471,0.3,-1,48.0625,48.0625,0
1786401817342,3000,Minimum,4471,4471,0.3,-1,48.0625,48.0625,0
1786401817442,3000,Minimum,4471,4471,0.3,-1,48.0625,48.0625,0
1786401817542,3000,Minimum,4471,4471,0.3,-1,48.0625,48.0625,0
1786401817642,3000,Minimum,4471,4471,0.3,-1,48.0625,48.0625,0
1786401817742,3000,Minimum,4471,4471,0.3,-1,48.0625,48.0625,0
1786401817842,3000,Minimum,4471,4471,0.3,-1,48.4375,48.4375,0
1786401817942,3000,Minimum,4471,4471,0.3,-1,48.4375,48.4375,0
1786401818043,3000,Minimum,4471,4471,0.3,-1,48.4375,48.4375,0
1786401818142,3000,Minimum,4471,4471,0.3,-1,48.4375,48.4375,0
1786401818242,3000,Minimum,4471,4471,0.3,-1,48.4375,48.4375,0
1786401818343,3000,Minimum,4471,4471,0.3,-1,48.4375,48.4375,0
1786401818442,3000,Minimum,4471,4471,0.3,-1,48.4375,48.4375,0
1786401818542,3000,Minimum,4471,4471,0.3,-1,48.4375,48.4375,0
1786401818642,3000,Minimum,4471,4471,0.3,-1,48.4375,48.4375,0
1786401818742,3000,Minimum,4471,4471,0.3,-1,48.4375,48.4375,0
1786401818842,3000,Minimum,4471,4471,0.3,-1,48.75,48.75,0
1786401818942,3000,Minimum,4471,4471,0.3,-1,48.75,48.75,0
1786401819042,3000,Minimum,4471,4471,0.3,-1,48.75,48.75,0
1786401819142,3000,Minimum,4471,4471,0.3,-1,48.75,48.75,0
1786401819242,3000,Minimum,4471,4471,0.3,-1,48.75,48.75,0
1786401819342,3000,Minimum,4471,4471,0.3,-1,48.75,48.75,0
1786401819442,3000,Minimum,4471,4471,0.3,-1,48.75,48.75,0
1786401819542,3000,Minimum,4471,4471,0.3,-1,48.75,48.75,0
1786401819642,3000,Minimum,4471,4471,0.3,-1,48.75,48.75,0
1786401819742,3000,Minimum,4471,4471,0.3,-1,48.75,48.75,0
1786401819846,3000,Minimum,4471,4471,0.3,-1,49.125,49.125,0
1786401819942,3000,Minimum,4471,4471,0.3,-1,49.125,49.125,0
1786401820042,3000,Minimum,4471,4471,0.3,-1,49.125,49.125,0
1786401820142,3000,Minimum,4471,4471,0.3,-1,49.125,49.125,0
1786401820242,3000,Minimum,4471,4471,0.3,-1,49.125,49.125,0
1786401820342,3000,Minimum,4471,4471,0.3,-1,49.125,49.125,0
1786401820442,3000,Minimum,4471,4471,0.3,-1,49.125,49.125,0
1786401820542,3000,Minimum,4471,4471,0.3,-1,49.125,49.125,0
1786401820642,3000,Minimum,4471,4471,0.3,-1,49.125,49.125,0
1786401820742,3000,Minimum,4471,4471,0.3,-1,49.125,49.125,0
1786401820842,3000,Minimum,4471,4471,0.3,-1,49.5,49.5,0
1786401820942,3000,Minimum,4471,4471,0.3,-1,49.5,49.5,0
1786401821042,3000,Minimum,4471,4471,0.3,-1,49.5,49.5,0
1786401821142,3000,Minimum,4471,4471,0.3,-1,49.5,49.5,0
1786401821242,3000,Minimum,4471,4471,0.3,-1,49.5,49.5,0
1786401821342,3000,Minimum,4471,4471,0.3,-1,49.5,49.5,0
1786401821442,3000,Minimum,4471,4471,0.3,-1,49.5,49.5,0
1786401821542,3000,Minimum,4471,4471,0.3,-1,49.5,49.5,0
1786401821642,3000,Minimum,4471,4471,0.3,-1,49.5,49.5,0
1786401821742,3000,Minimum,4471,4471,0.3,-1,49.5,49.5,0
1786401821842,3000,Minimum,4471,4471,0.3,-1,49.8125,49.8125,0
1786401821942,3000,Minimum,4471,4471,0.3,-1,49.8125,49.8125,0
1786401822042,3000,Minimum,4471,4471,0.3,-1,49.8125,49.8125,0
1786401822142,3000,Minimum,4471,4471,0.3,-1,49.8125,49.8125,0
1786401822242,3000,Minimum,4471,4471,0.3,-1,49.8125,49.8125,0
1786401822342,3000,Minimum,4471,4471,0.3,-1,49.8125,49.8125,0
1786401822443,3000,Minimum,4471,4471,0.3,-1,49.8125,49.8125,0
1786401822542,3000,Minimum,4471,4471,0.3,-1,49.8125,49.8125,0
1786401822642,3000,Minimum,4471,4471,0.3,-1,49.8125,49.8125,0
1786401822742,3000,Minimum,4471,4471,0.3,-1,49.8125,49.8125,0
1786401822842,3000,Minimum,4471,4471,0.3,-1,50.125,50.125,0
1786401822942,3000,Minimum,4471,4471,0.3,-1,50.125,50.125,0
1786401823042,3000,Minimum,4471,4471,0.3,-1,50.125,50.125,0
1786401823142,3000,Minimum,4471,4471,0.3,-1,50.125,50.125,0
1786401823242,3000,Minimum,4471,4471,0.3,-1,50.125,50.125,0
1786401823342,3000,Minimum,4471,4471,0.3,-1,50.125,50.125,0
1786401823442,3000,Minimum,4471,4471,0.3,-1,50.125,50.125,0
1786401823542,3000,Minimum,4471,4471,0.3,-1,50.125,50.125,0
1786401823642,3000,Minimum,4471,4471,0.3,-1,50.125,50.125,0
1786401823742,3000,Minimum,4471,4471,0.3,-1,50.125,50.125,0
1786401823842,3000,Minimum,4471,4471,0.3,-1,50.4375,50.4375,0
1786401823942,3000,Minimum,4471,4471,0.3,-1,50.4375,50.4375,0
1786401824042,3000,Minimum,4471,4471,0.3,-1,50.4375,50.4375,0
1786401824143,3000,Minimum,4471,4471,0.3,-1,50.4375,50.4375,0
1786401824242,3000,Minimum,4471,4471,0.3,-1,50.4375,50.4375,0
1786401824343,3000,Minimum,4471,4471,0.3,-1,50.4375,50.4375,0
1786401824442,3000,Minimum,4471,4471,0.3,-1,50.4375,50.4375,0
1786401824542,3000,Minimum,4471,4471,0.3,-1,50.4375,50.4375,0
1786401824642,3000,Minimum,4471,4471,0.3,-1,50.4375,50.4375,0
1786401824742,3000,Minimum,4471,4471,0.3,-1,50.4375,50.4375,0
1786401824842,3000,Minimum,4471,4471,0.3,-1,50.5625,50.5625,0
1786401824942,3000,Minimum,4471,4471,0.3,-1,50.5625,50.5625,0
1786401825042,3000,Minimum,4471,4471,0.3,-1,50.5625,50.5625,0
1786401825142,3000,Minimum,4471,4471,0.3,-1,50.5625,50.5625,0
1786401825242,3000,Minimum,4471,4471,0.3,-1,50.5625,50.5625,0
1786401825342,3000,Minimum,4471,4471,0.3,-1,50.5625,50.5625,0
1786401825442,3000,Minimum,4471,4471,0.3,-1,50.5625,50.5625,0
1786401825542,3000,Minimum,4471,4471,0.3,-1,50.5625,50.5625,0
1786401825642,3000,Minimum,4471,4471,0.3,-1,50.5625,50.5625,0
1786401825742,3000,Minimum,4471,4471,0.3,-1,50.5625,50.5625,0
1786401825843,3000,Minimum,4471,4471,0.3,-1,50.9375,50.9375,0
1786401825942,3000,Minimum,4471,4471,0.3,-1,50.9375,50.9375,0
1786401826042,3000,Minimum,4471,4471,0.3,-1,50.9375,50.9375,0
1786401826142,3000,Minimum,4471,4471,0.3,-1,50.9375,50.9375,0
1786401826242,3000,Minimum,4471,4471,0.3,-1,50.9375,50.9375,0
1786401826342,3000,Minimum,4471,4471,0.3,-1,50.9375,50.9375,0
1786401826442,3000,Minimum,4471,4471,0.3,-1,50.9375,50.9375,0
1786401826542,3000,Minimum,4471,4471,0.3,-1,50.9375,50.9375,0
1786401826642,3000,Minimum,4471,4471,0.3,-1,50.9375,50.9375,0
1786401826742,3000,Minimum,4471,4471,0.3,-1,50.9375,50.9375,0
1786401826842,3000,Minimum,4471,4471,0.3,-1,51.3125,51.3125,0
1786401826942,3000,Minimum,4471,4471,0.3,-1,51.3125,51.3125,0
1786401827042,3000,Minimum,4471,4471,0.3,-1,51.3125,51.3125,0
1786401827142,3000,Minimum,4471,4471,0.3,-1,51.3125,51.3125,0
1786401827242,3000,Minimum,4471,4471,0.3,-1,51.3125,51.3125,0
1786401827342,3000,Minimum,4471,4471,0.3,-1,51.3125,51.3125,0
1786401827442,3000,Minimum,4471,4471,0.3,-1,51.3125,51.3125,0
1786401827542,3000,Minimum,4471,4471,0.3,-1,51.3125,51.3125,0
1786401827642,3000,Minimum,4471,4471,0.3,-1,51.3125,51.3125,0
1786401827742,3000,Minimum,4471,4471,0.3,-1,51.3125,51.3125,0
1786401827842,3000,Minimum,4471,4471,0.3,-1,51.5,51.5,0
1786401827942,3000,Minimum,4471,4471,0.3,-1,51.5,51.5,0
1786401828042,3000,Minimum,4471,4471,0.3,-1,51.5,51.5,0
1786401828142,3000,Minimum,4471,4471,0.3,-1,51.5,51.5,0
1786401828242,3000,Minimum,4471,4471,0.3,-1,51.5,51.5,0
1786401828342,3000,Minimum,4471,4471,0.3,-1,51.5,51.5,0
1786401828442,3000,Minimum,4471,4471,0.3,-1,51.5,51.5,0
1786401828542,3000,Minimum,4471,4471,0.3,-1,51.5,51.5,0
1786401828642,3000,Minimum,4471,4471,0.3,-1,51.5,51.5,0
1786401828742,3000,Minimum,4471,4471,0.3,-1,51.5,51.5,0
1786401828842,3000,Minimum,4471,4471,0.3,-1,51.875,51.875,0
1786401828942,3000,Minimum,4471,4471,0.3,-1,51.875,51.875,0
1786401829042,3000,Minimum,4471,4471,0.3,-1,51.875,51.875,0
1786401829142,3000,Minimum,4471,4471,0.3,-1,51.875,51.875,0
1786401829242,3000,Minimum,4471,4471,0.3,-1,51.875,51.875,0
1786401829342,3000,Minimum,4471,4471,0.3,-1,51.875,51.875,0
1786401829442,3000,Minimum,4471,4471,0.3,-1,51.875,51.875,0
1786401829542,3000,Minimum,4471,4471,0.3,-1,51.875,51.875,0
1786401829655,3000,Minimum,4471,4471,0.3,-1,51.875,51.875,0
1786401829742,3000,Minimum,4471,4471,0.3,-1,51.875,51.875,0
1786401829842,3000,Minimum,4471,4471,0.3,-1,52.0625,52.0625,0
1786401829942,3000,Minimum,4471,4471,0.3,-1,52.0625,52.0625,0
1786401830042,3000,Minimum,4471,4471,0.3,-1,52.0625,52.0625,0
1786401830142,3000,Minimum,4471,4471,0.3,-1,52.0625,52.0625,0
1786401830242,3000,Minimum,4471,4471,0.3,-1,52.0625,52.0625,0
1786401830342,3000,Minimum,4471,4471,0.3,-1,52.0625,52.0625,0
1786401830442,3000,Minimum,4471,4471,0.3,-1,52.0625,52.0625,0
1786401830542,3000,Minimum,4471,4471,0.3,-1,52.0625,52.0625,0
1786401830642,3000,Minimum,4471,4471,0.3,-1,52.0625,52.0625,0
1786401830742,3000,Minimum,4471,4471,0.3,-1,52.0625,52.0625,0
1786401830842,3000,Minimum,4471,4471,0.3,-1,52.5,52.5,0
1786401830942,3000,Minimum,4471,4471,0.3,-1,52.5,52.5,0
1786401831042,3000,Minimum,4471,4471,0.3,-1,52.5,52.5,0
1786401831142,3000,Minimum,4471,4471,0.3,-1,52.5,52.5,0
1786401831246,3000,Minimum,4471,4471,0.3,-1,52.5,52.5,0
1786401831342,3000,Minimum,4471,4471,0.3,-1,52.5,52.5,0
1786401831442,3000,Minimum,4471,4471,0.3,-1,52.5,52.5,0
1786401831542,3000,Minimum,4471,4471,0.3,-1,52.5,52.5,0
1786401831642,3000,Minimum,4471,4471,0.3,-1,52.5,52.5,0
1786401831742,3000,Minimum,4471,4471,0.3,-1,52.5,52.5,0
1786401831842,3000,Minimum,4471,4471,0.3,-1,52.6875,52.6875,0
1786401831942,3000,Minimum,4471,4471,0.3,-1,52.6875,52.6875,0
1786401832042,3000,Minimum,4471,4471,0.3,-1,52.6875,52.6875,0
1786401832142,3000,Minimum,4471,4471,0.3,-1,52.6875,52.6875,0
1786401832242,3000,Minimum,4471,4471,0.3,-1,52.6875,52.6875,0
1786401832342,3000,Minimum,4471,4471,0.3,-1,52.6875,52.6875,0
1786401832442,3000,Minimum,4471,4471,0.3,-1,52.6875,52.6875,0
1786401832542,3000,Minimum,4471,4471,0.3,-1,52.6875,52.6875,0
1786401832642,3000,Minimum,4471,4471,0.3,-1,52.6875,52.6875,0
1786401832742,3000,Minimum,4471,4471,0.3,-1,52.6875,52.6875,0
1786401832842,3000,Minimum,4471,4471,0.3,-1,52.9375,52.9375,0
1786401832942,3000,Minimum,4471,4471,0.3,-1,52.9375,52.9375,0
1786401833042,3000,Minimum,4471,4471,0.3,-1,52.9375,52.9375,0
1786401833142,3000,Minimum,4471,4471,0.3,-1,52.9375,52.9375,0
1786401833242,3000,Minimum,4471,4471,0.3,-1,52.9375,52.9375,0
1786401833342,3000,Minimum,4471,4471,0.3,-1,52.9375,52.9375,0
1786401833442,3000,Minimum,4471,4471,0.3,-1,52.9375,52.9375,0
1786401833542,3000,Minimum,4471,4471,0.3,-1,52.9375,52.9375,0
1786401833642,3000,Minimum,4471,4471,0.3,-1,52.9375,52.9375,0
1786401833742,3000,Minimum,4471,4471,0.3,-1,52.9375,52.9375,0
1786401833842,3000,Minimum,4471,4471,0.3,-1,53.1875,53.1875,0
1786401833942,3000,Minimum,4471,4471,0.3,-1,53.1875,53.1875,0
1786401834042,3000,Minimum,4471,4471,0.3,-1,53.1875,53.1875,0
1786401834142,3000,Minimum,4471,4471,0.3,-1,53.1875,53.1875,0
1786401834242,3000,Minimum,4471,4471,0.3,-1,53.1875,53.1875,0
1786401834342,3000,Minimum,4471,4471,0.3,-1,53.1875,53.1875,0
1786401834442,3000,Minimum,4471,4471,0.3,-1,53.1875,53.1875,0
1786401834542,3000,Minimum,4471,4471,0.3,-1,53.1875,53.1875,0
1786401834642,3000,Minimum,4471,4471,0.3,-1,53.1875,53.1875,0
1786401834742,3000,Minimum,4471,4471,0.3,-1,53.1875,53.1875,0
1786401834842,3000,Minimum,4471,4471,0.3,-1,53.375,53.375,0
1786401834942,3000,Minimum,4471,4471,0.3,-1,53.375,53.375,0
1786401835042,3000,Minimum,4471,4471,0.3,-1,53.375,53.375,0
1786401835142,3000,Minimum,4471,4471,0.3,-1,53.375,53.375,0
1786401835242,3000,Minimum,4471,4471,0.3,-1,53.375,53.375,0
1786401835342,3000,Minimum,4471,4471,0.3,-1,53.375,53.375,0
1786401835442,3000,Minimum,4471,4471,0.3,-1,53.375,53.375,0
1786401835542,3000,Minimum,4471,4471,0.3,-1,53.375,53.375,0
1786401835642,3000,Minimum,4471,4471,0.3,-1,53.375,53.375,0
1786401835742,3000,Minimum,4471,4471,0.3,-1,53.375,53.375,0
1786401835842,3000,Minimum,4471,4471,0.3,-1,53.625,53.625,0
1786401835943,3000,Minimum,4471,4471,0.3,-1,53.625,53.625,0
1786401836046,3000,Minimum,4471,4471,0.3,-1,53.625,53.625,0
1786401836142,3000,Minimum,4471,4471,0.3,-1,53.625,53.625,0
1786401836242,3000,Minimum,4471,4471,0.3,-1,53.625,53.625,0
1786401836342,3000,Minimum,4471,4471,0.3,-1,53.625,53.625,0
1786401836442,3000,Minimum,4471,4471,0.3,-1,53.625,53.625,0
1786401836543,3000,Minimum,4471,4471,0.3,-1,53.625,53.625,0
1786401836642,3000,Minimum,4471,4471,0.3,-1,53.625,53.625,0
1786401836742,3000,Minimum,4471,4471,0.3,-1,53.625,53.625,0
1786401836842,3000,Minimum,4471,4471,0.3,-1,53.9375,53.9375,0
1786401836942,3000,Minimum,4471,4471,0.3,-1,53.9375,53.9375,0
1786401837042,3000,Minimum,4471,4471,0.3,-1,53.9375,53.9375,0
1786401837142,3000,Minimum,4471,4471,0.3,-1,53.9375,53.9375,0
1786401837242,3000,Minimum,4471,4471,0.3,-1,53.9375,53.9375,0
1786401837342,3000,Minimum,4471,4471,0.3,-1,53.9375,53.9375,0
1786401837443,3000,Minimum,4471,4471,0.3,-1,53.9375,53.9375,0
1786401837542,3000,Minimum,4471,4471,0.3,-1,53.9375,53.9375,0
1786401837642,3000,Minimum,4471,4471,0.3,-1,53.9375,53.9375,0
1786401837742,3000,Minimum,4471,4471,0.3,-1,53.9375,53.9375,0
1786401837842,3000,Minimum,4471,4471,0.3,-1,54.125,54.125,0
1786401837942,3000,Minimum,4471,4471,0.3,-1,54.125,54.125,0
1786401838042,3000,Minimum,4471,4471,0.3,-1,54.125,54.125,0
1786401838142,3000,Minimum,4471,4471,0.3,-1,54.125,54.125,0
1786401838242,3000,Minimum,4471,4471,0.3,-1,54.125,54.125,0
1786401838342,3000,Minimum,4471,4471,0.3,-1,54.125,54.125,0
1786401838442,3000,Minimum,4471,4471,0.3,-1,54.125,54.125,0
1786401838542,3000,Minimum,4471,4471,0.3,-1,54.125,54.125,0
1786401838642,3000,Minimum,4471,4471,0.3,-1,54.125,54.125,0
1786401838742,3000,Minimum,4471,4471,0.3,-1,54.125,54.125,0
1786401838842,3000,Minimum,4471,4471,0.3,-1,54.375,54.375,0
1786401838942,3000,Minimum,4471,4471,0.3,-1,54.375,54.375,0
1786401839042,3000,Minimum,4471,4471,0.3,-1,54.375,54.375,0
1786401839142,3000,Minimum,4471,4471,0.3,-1,54.375,54.375,0
1786401839243,3000,Minimum,4471,4471,0.3,-1,54.375,54.375,0
1786401839342,3000,Minimum,4471,4471,0.3,-1,54.375,54.375,0
1786401839442,3000,Minimum,4471,4471,0.3,-1,54.375,54.375,0
1786401839542,3000,Minimum,4471,4471,0.3,-1,54.375,54.375,0
1786401839642,3000,Minimum,4471,4471,0.3,-1,54.375,54.375,0
1786401839742,3000,Minimum,4471,4471,0.3,-1,54.375,54.375,0
1786401839842,3000,Minimum,4471,4471,0.3,-1,54.625,54.625,0
1786401839942,3000,Minimum,4471,4471,0.3,-1,54.625,54.625,0
1786401840042,3000,Minimum,4471,4471,0.3,-1,54.625,54.625,0
1786401840142,3000,Minimum,4471,4471,0.3,-1,54.625,54.625,0
1786401840242,3000,Minimum,4471,4471,0.3,-1,54.625,54.625,0
1786401840342,3000,Minimum,4471,4471,0.3,-1,54.625,54.625,0
1786401840442,3000,Minimum,4471,4471,0.3,-1,54.625,54.625,0
1786401840542,3000,Minimum,4471,4471,0.3,-1,54.625,54.625,0
1786401840642,3000,Minimum,4471,4471,0.3,-1,54.625,54.625,0
1786401840742,3000,Minimum,4471,4471,0.3,-1,54.625,54.625,0
1786401840842,3000,Minimum,4471,4471,0.3,-1,54.75,54.75,0
1786401840942,3000,Minimum,4471,4471,0.3,-1,54.75,54.75,0
1786401841042,3000,Minimum,4471,4471,0.3,-1,54.75,54.75,0
1786401841142,3000,Minimum,4471,4471,0.3,-1,54.75,54.75,0
1786401841242,3000,Minimum,4471,4471,0.3,-1,54.75,54.75,0
1786401841342,3000,Minimum,4471,4471,0.3,-1,54.75,54.75,0
1786401841442,3000,Minimum,4471,4471,0.3,-1,54.75,54.75,0
1786401841542,3000,Minimum,4471,4471,0.3,-1,54.75,54.75,0
1786401841642,3000,Minimum,4471,4471,0.3,-1,54.75,54.75,0
1786401841742,3000,Minimum,4471,4471,0.3,-1,54.75,54.75,0
1786401841842,3000,Minimum,4471,4471,0.3,-1,55,55,0
1786401841942,3000,Minimum,4471,4471,0.3,-1,55,55,0
1786401842042,3000,Minimum,4471,4471,0.3,-1,55,55,0
1786401842142,3000,Minimum,4471,4471,0.3,-1,55,55,0
1786401842242,3000,Minimum,4471,4471,0.3,-1,55,55,0
1786401842342,3000,Minimum,4471,4471,0.3,-1,55,55,0
1786401842442,3000,Minimum,4471,4471,0.3,-1,55,55,0
1786401842542,3000,Minimum,4471,4471,0.3,-1,55,55,0
1786401842642,3000,Minimum,4471,4471,0.3,-1,55,55,0
1786401842742,3000,Minimum,4471,4471,0.3,-1,55,55,0
1786401842842,3000,Minimum,4471,4471,0.3,-1,55.1875,55.1875,0
1786401842942,3000,Minimum,4471,4471,0.3,-1,55.1875,55.1875,0
1786401843042,3000,Minimum,4471,4471,0.3,-1,55.1875,55.1875,0
1786401843142,3000,Minimum,4471,4471,0.3,-1,55.1875,55.1875,0
1786401843242,3000,Minimum,4471,4471,0.3,-1,55.1875,55.1875,0
1786401843342,3000,Minimum,4471,4471,0.3,-1,55.1875,55.1875,0
1786401843442,3000,Minimum,4471,4471,0.3,-1,55.1875,55.1875,0
1786401843542,3000,Minimum,4471,4471,0.3,-1,55.1875,55.1875,0
1786401843642,3000,Minimum,4471,4471,0.3,-1,55.1875,55.1875,0
1786401843743,3000,Minimum,4471,4471,0.3,-1,55.1875,55.1875,0
1786401843842,3000,Minimum,4471,4471,0.3,-1,55.4375,55.4375,0
1786401843942,3000,Minimum,4471,4471,0.3,-1,55.4375,55.4375,0
1786401844042,3000,Minimum,4471,4471,0.3,-1,55.4375,55.4375,0
1786401844142,3000,Minimum,4471,4471,0.3,-1,55.4375,55.4375,0
1786401844242,3000,Minimum,4471,4471,0.3,-1,55.4375,55.4375,0
1786401844342,3000,Minimum,4471,4471,0.3,-1,55.4375,55.4375,0
1786401844442,3000,Minimum,4471,4471,0.3,-1,55.4375,55.4375,0
1786401844542,3000,Minimum,4471,4471,0.3,-1,55.4375,55.4375,0
1786401844642,3000,Minimum,4471,4471,0.3,-1,55.4375,55.4375,0
1786401844742,3000,Minimum,4471,4471,0.3,-1,55.4375,55.4375,0
1786401844842,3000,Minimum,4471,4471,0.3,-1,55.625,55.625,0
1786401844942,3000,Minimum,4471,4471,0.3,-1,55.625,55.625,0
1786401845042,3000,Minimum,4471,4471,0.3,-1,55.625,55.625,0
1786401845142,3000,Minimum,4471,4471,0.3,-1,55.625,55.625,0
1786401845242,3000,Minimum,4471,4471,0.3,-1,55.625,55.625,0
1786401845342,3000,Minimum,4471,4471,0.3,-1,55.625,55.625,0
1786401845442,3000,Minimum,4471,4471,0.3,-1,55.625,55.625,0
1786401845542,3000,Minimum,4471,4471,0.3,-1,55.625,55.625,0
1786401845642,3000,Minimum,4471,4471,0.3,-1,55.625,55.625,0
1786401845742,3000,Minimum,4471,4471,0.3,-1,55.625,55.625,0
1786401845842,3000,Minimum,4471,4471,0.3,-1,55.75,55.75,0
1786401845942,3000,Minimum,4471,4471,0.3,-1,55.75,55.75,0
1786401846042,3000,Minimum,4471,4471,0.3,-1,55.75,55.75,0
1786401846142,3000,Minimum,4471,4471,0.3,-1,55.75,55.75,0
1786401846242,3000,Minimum,4471,4471,0.3,-1,55.75,55.75,0
1786401846342,3000,Minimum,4471,4471,0.3,-1,55.75,55.75,0
1786401846442,3000,Minimum,4471,4471,0.3,-1,55.75,55.75,0
1786401846546,3000,Minimum,4471,4471,0.3,-1,55.75,55.75,0
1786401846642,3000,Minimum,4471,4471,0.3,-1,55.75,55.75,0
1786401846742,3000,Minimum,4471,4471,0.3,-1,55.75,55.75,0
1786401846842,3000,Minimum,4471,4471,0.3,-1,56.0625,56.0625,0
1786401846942,3000,Minimum,4471,4471,0.3,-1,56.0625,56.0625,0
1786401847042,3000,Minimum,4471,4471,0.3,-1,56.0625,56.0625,0
1786401847142,3000,Minimum,4471,4471,0.3,-1,56.0625,56.0625,0
1786401847242,3000,Minimum,4471,4471,0.3,-1,56.0625,56.0625,0
1786401847343,3000,Minimum,4471,4471,0.3,-1,56.0625,56.0625,0
1786401847442,3000,Minimum,4471,4471,0.3,-1,56.0625,56.0625,0
1786401847542,3000,Minimum,4471,4471,0.3,-1,56.0625,56.0625,0
1786401847642,3000,Minimum,4471,4471,0.3,-1,56.0625,56.0625,0
1786401847742,3000,Minimum,4471,4471,0.3,-1,56.0625,56.0625,0
1786401847842,3000,Minimum,4471,4471,0.3,-1,56.125,56.125,0
1786401847946,3000,Minimum,4471,4471,0.3,-1,56.125,56.125,0
1786401848042,3000,Minimum,4471,4471,0.3,-1,56.125,56.125,0
1786401848142,3000,Minimum,4471,4471,0.3,-1,56.125,56.125,0
1786401848242,3000,Minimum,4471,4471,0.3,-1,56.125,56.125,0
1786401848342,3000,Minimum,4471,4471,0.3,-1,56.125,56.125,0
1786401848442,3000,Minimum,4471,4471,0.3,-1,56.125,56.125,0
1786401848542,3000,Minimum,4471,4471,0.3,-1,56.125,56.125,0
1786401848642,3000,Minimum,4471,4471,0.3,-1,56.125,56.125,0
1786401848742,3000,Minimum,4471,4471,0.3,-1,56.125,56.125,0
1786401848842,3000,Minimum,4471,4471,0.3,-1,56.3125,56.3125,0
1786401848942,3000,Minimum,4471,4471,0.3,-1,56.3125,56.3125,0
1786401849042,3000,Minimum,4471,4471,0.3,-1,56.3125,56.3125,0
1786401849142,3000,Minimum,4471,4471,0.3,-1,56.3125,56.3125,0
1786401849242,3000,Minimum,4471,4471,0.3,-1,56.3125,56.3125,0
1786401849342,3000,Minimum,4471,4471,0.3,-1,56.3125,56.3125,0
1786401849442,3000,Minimum,4471,4471,0.3,-1,56.3125,56.3125,0
1786401849542,3000,Minimum,4471,4471,0.3,-1,56.3125,56.3125,0
1786401849642,3000,Minimum,4471,4471,0.3,-1,56.3125,56.3125,0
1786401849742,3000,Minimum,4471,4471,0.3,-1,56.3125,56.3125,0
1786401849842,3000,Minimum,4471,4471,0.3,-1,56.5625,56.5625,0
1786401849942,3000,Minimum,4471,4471,0.3,-1,56.5625,56.5625,0
1786401850042,3000,Minimum,4471,4471,0.3,-1,56.5625,56.5625,0
1786401850142,3000,Minimum,4471,4471,0.3,-1,56.5625,56.5625,0
1786401850242,3000,Minimum,4471,4471,0.3,-1,56.5625,56.5625,0
1786401850342,3000,Minimum,4471,4471,0.3,-1,56.5625,56.5625,0
1786401850442,3000,Minimum,4471,4471,0.3,-1,56.5625,56.5625,0
1786401850542,3000,Minimum,4471,4471,0.3,-1,56.5625,56.5625,0
1786401850642,3000,Minimum,4471,4471,0.3,-1,56.5625,56.5625,0
1786401850742,3000,Minimum,4471,4471,0.3,-1,56.5625,56.5625,0
1786401850842,3000,Minimum,4471,4471,0.3,-1,56.75,56.75,0
1786401850942,3000,Minimum,4471,4471,0.3,-1,56.75,56.75,0
1786401851042,3000,Minimum,4471,4471,0.3,-1,56.75,56.75,0
1786401851142,3000,Minimum,4471,4471,0.3,-1,56.75,56.75,0
1786401851242,3000,Minimum,4471,4471,0.3,-1,56.75,56.75,0
1786401851342,3000,Minimum,4471,4471,0.3,-1,56.75,56.75,0
1786401851442,3000,Minimum,4471,4471,0.3,-1,56.75,56.75,0
1786401851542,3000,Minimum,4471,4471,0.3,-1,56.75,56.75,0
1786401851642,3000,Minimum,4471,4471,0.3,-1,56.75,56.75,0
1786401851742,3000,Minimum,4471,4471,0.3,-1,56.75,56.75,0
1786401851842,3000,Minimum,4471,4471,0.3,-1,56.875,56.875,0
1786401851942,3000,Minimum,4471,4471,0.3,-1,56.875,56.875,0
1786401852042,3000,Minimum,4471,4471,0.3,-1,56.875,56.875,0
1786401852142,3000,Minimum,4471,4471,0.3,-1,56.875,56.875,0
1786401852242,3000,Minimum,4471,4471,0.3,-1,56.875,56.875,0
1786401852342,3000,Minimum,4471,4471,0.3,-1,56.875,56.875,0
1786401852442,3000,Minimum,4471,4471,0.3,-1,56.875,56.875,0
1786401852543,3000,Minimum,4471,4471,0.3,-1,56.875,56.875,0
1786401852642,3000,Minimum,4471,4471,0.3,-1,56.875,56.875,0
1786401852742,3000,Minimum,4471,4471,0.3,-1,56.875,56.875,0
1786401852842,3000,Minimum,4471,4471,0.3,-1,57.0625,57.0625,0
1786401852942,3000,Minimum,4471,4471,0.3,-1,57.0625,57.0625,0
1786401853042,3000,Minimum,4471,4471,0.3,-1,57.0625,57.0625,0
1786401853142,3000,Minimum,4471,4471,0.3,-1,57.0625,57.0625,0
1786401853242,3000,Minimum,4471,4471,0.3,-1,57.0625,57.0625,0
1786401853342,3000,Minimum,4471,4471,0.3,-1,57.0625,57.0625,0
1786401853442,3000,Minimum,4471,4471,0.3,-1,57.0625,57.0625,0
1786401853542,3000,Minimum,4471,4471,0.3,-1,57.0625,57.0625,0
1786401853642,3000,Minimum,4471,4471,0.3,-1,57.0625,57.0625,0
1786401853743,3000,Minimum,4471,4471,0.3,-1,57.0625,57.0625,0
1786401853842,3000,Minimum,4471,4471,0.3,-1,57.1875,57.1875,0
1786401853942,3000,Minimum,4471,4471,0.3,-1,57.1875,57.1875,0
1786401854042,3000,Minimum,4471,4471,0.3,-1,57.1875,57.1875,0
1786401854143,3000,Minimum,4471,4471,0.3,-1,57.1875,57.1875,0
1786401854246,3000,Minimum,4471,4471,0.3,-1,57.1875,57.1875,0
1786401854342,3000,Minimum,4471,4471,0.3,-1,57.1875,57.1875,0
1786401854442,3000,Minimum,4471,4471,0.3,-1,57.1875,57.1875,0
1786401854542,3000,Minimum,4471,4471,0.3,-1,57.1875,57.1875,0
1786401854642,3000,Minimum,4471,4471,0.3,-1,57.1875,57.1875,0
1786401854742,3000,Minimum,4471,4471,0.3,-1,57.1875,57.1875,0
1786401854842,3000,Minimum,4471,4471,0.3,-1,57.375,57.375,0
1786401854942,3000,Minimum,4471,4471,0.3,-1,57.375,57.375,0
1786401855042,3000,Minimum,4471,4471,0.3,-1,57.375,57.375,0
1786401855142,3000,Minimum,4471,4471,0.3,-1,57.375,57.375,0
1786401855242,3000,Minimum,4471,4471,0.3,-1,57.375,57.375,0
1786401855342,3000,Minimum,4471,4471,0.3,-1,57.375,57.375,0
1786401855442,3000,Minimum,4471,4471,0.3,-1,57.375,57.375,0
1786401855542,3000,Minimum,4471,4471,0.3,-1,57.375,57.375,0
1786401855642,3000,Minimum,4471,4471,0.3,-1,57.375,57.375,0
1786401855742,3000,Minimum,4471,4471,0.3,-1,57.375,57.375,0
1786401855842,3000,Minimum,4471,4471,0.3,-1,57.5,57.5,0
1786401855942,3000,Minimum,4471,4471,0.3,-1,57.5,57.5,0
1786401856043,3000,Minimum,4471,4471,0.3,-1,57.5,57.5,0
1786401856142,3000,Minimum,4471,4471,0.3,-1,57.5,57.5,0
1786401856242,3000,Minimum,4471,4471,0.3,-1,57.5,57.5,0
1786401856342,3000,Minimum,4471,4471,0.3,-1,57.5,57.5,0
1786401856442,3000,Minimum,4471,4471,0.3,-1,57.5,57.5,0
1786401856542,3000,Minimum,4471,4471,0.3,-1,57.5,57.5,0
1786401856642,3000,Minimum,4471,4471,0.3,-1,57.5,57.5,0
1786401856742,3000,Minimum,4471,4471,0.3,-1,57.5,57.5,0
1786401856842,3000,Minimum,4471,4471,0.3,-1,57.8125,57.8125,0
1786401856942,3000,Minimum,4471,4471,0.3,-1,57.8125,57.8125,0
1786401857042,3000,Minimum,4471,4471,0.3,-1,57.8125,57.8125,0
1786401857142,3000,Minimum,4471,4471,0.3,-1,57.8125,57.8125,0
1786401857242,3000,Minimum,4471,4471,0.3,-1,57.8125,57.8125,0
1786401857342,3000,Minimum,4471,4471,0.3,-1,57.8125,57.8125,0
1786401857442,3000,Minimum,4471,4471,0.3,-1,57.8125,57.8125,0
1786401857542,3000,Minimum,4471,4471,0.3,-1,57.8125,57.8125,0
1786401857643,3000,Minimum,4471,4471,0.3,-1,57.8125,57.8125,0
1786401857742,3000,Minimum,4471,4471,0.3,-1,57.8125,57.8125,0
1786401857842,3000,Minimum,4471,4471,0.3,-1,57.8125,57.8125,0
1786401857942,3000,Minimum,4471,4471,0.3,-1,57.8125,57.8125,0
1786401858042,3000,Minimum,4471,4471,0.3,-1,57.8125,57.8125,0
1786401858142,3000,Minimum,4471,4471,0.3,-1,57.8125,57.8125,0
1786401858242,3000,Minimum,4471,4471,0.3,-1,57.8125,57.8125,0
1786401858342,3000,Minimum,4471,4471,0.3,-1,57.8125,57.8125,0
1786401858442,3000,Minimum,4471,4471,0.3,-1,57.8125,57.8125,0
1786401858542,3000,Minimum,4471,4471,0.3,-1,57.8125,57.8125,0
1786401858642,3000,Minimum,4471,4471,0.3,-1,57.8125,57.8125,0
1786401858743,3000,Minimum,4471,4471,0.3,-1,57.8125,57.8125,0
1786401858842,3000,Minimum,4471,4471,0.3,-1,58,58,0
1786401858942,3000,Minimum,4471,4471,0.3,-1,58,58,0
1786401859042,3000,Minimum,4471,4471,0.3,-1,58,58,0
1786401859142,3000,Minimum,4471,4471,0.3,-1,58,58,0
1786401859242,3000,Minimum,4471,4471,0.3,-1,58,58,0
1786401859342,3000,Minimum,4471,4471,0.3,-1,58,58,0
1786401859442,3000,Minimum,4471,4471,0.3,-1,58,58,0
1786401859542,3000,Minimum,4471,4471,0.3,-1,58,58,0
1786401859642,3000,Minimum,4471,4471,0.3,-1,58,58,0
1786401859742,3000,Minimum,4471,4471,0.3,-1,58,58,0
1786401859842,3000,Minimum,4471,4471,0.3,-1,58.125,58.125,0
1786401859942,3000,Minimum,4471,4471,0.3,-1,58.125,58.125,0
1786401860042,3000,Minimum,4471,4471,0.3,-1,58.125,58.125,0
1786401860142,3000,Minimum,4471,4471,0.3,-1,58.125,58.125,0
1786401860242,3000,Minimum,4471,4471,0.3,-1,58.125,58.125,0
1786401860342,3000,Minimum,4471,4471,0.3,-1,58.125,58.125,0
1786401860442,3000,Minimum,4471,4471,0.3,-1,58.125,58.125,0
1786401860542,3000,Minimum,4471,4471,0.3,-1,58.125,58.125,0
1786401860643,3000,Minimum,4471,4471,0.3,-1,58.125,58.125,0
1786401860743,3000,Minimum,4471,4471,0.3,-1,58.125,58.125,0
1786401860842,3000,Minimum,4471,4471,0.3,-1,58.25,58.25,0
1786401860942,3000,Minimum,4471,4471,0.3,-1,58.25,58.25,0
1786401861042,3000,Minimum,4471,4471,0.3,-1,58.25,58.25,0
1786401861142,3000,Minimum,4471,4471,0.3,-1,58.25,58.25,0
1786401861242,3000,Minimum,4471,4471,0.3,-1,58.25,58.25,0
1786401861342,3000,Minimum,4471,4471,0.3,-1,58.25,58.25,0
1786401861442,3000,Minimum,4471,4471,0.3,-1,58.25,58.25,0
1786401861542,3000,Minimum,4471,4471,0.3,-1,58.25,58.25,0
1786401861642,3000,Minimum,4471,4471,0.3,-1,58.25,58.25,0
1786401861742,3000,Minimum,4471,4471,0.3,-1,58.25,58.25,0
1786401861842,3000,Minimum,4471,4471,0.3,-1,58.375,58.375,0
1786401861942,3000,Minimum,4471,4471,0.3,-1,58.375,58.375,0
1786401862042,3000,Minimum,4471,4471,0.3,-1,58.375,58.375,0
1786401862142,3000,Minimum,4471,4471,0.3,-1,58.375,58.375,0
1786401862243,3000,Minimum,4471,4471,0.3,-1,58.375,58.375,0
1786401862342,3000,Minimum,4471,4471,0.3,-1,58.375,58.375,0
1786401862442,3000,Minimum,4471,4471,0.3,-1,58.375,58.375,0
1786401862542,3000,Minimum,4471,4471,0.3,-1,58.375,58.375,0
1786401862642,3000,Minimum,4471,4471,0.3,-1,58.375,58.375,0
1786401862742,3000,Minimum,4471,4471,0.3,-1,58.375,58.375,0
1786401862842,3000,Minimum,4471,4471,0.3,-1,58.5,58.5,0
1786401862942,3000,Minimum,4471,4471,0.3,-1,58.5,58.5,0
1786401863042,3000,Minimum,4471,4471,0.3,-1,58.5,58.5,0
1786401863142,3000,Minimum,4471,4471,0.3,-1,58.5,58.5,0
1786401863243,3000,Minimum,4471,4471,0.3,-1,58.5,58.5,0
1786401863342,3000,Minimum,4471,4471,0.3,-1,58.5,58.5,0
1786401863442,3000,Minimum,4471,4471,0.3,-1,58.5,58.5,0
1786401863542,3000,Minimum,4471,4471,0.3,-1,58.5,58.5,0
1786401863642,3000,Minimum,4471,4471,0.3,-1,58.5,58.5,0
1786401863742,3000,Minimum,4471,4471,0.3,-1,58.5,58.5,0
1786401863842,3000,Minimum,4471,4471,0.3,-1,58.5625,58.5625,0
1786401863942,3000,Minimum,4471,4471,0.3,-1,58.5625,58.5625,0
1786401864042,3000,Minimum,4471,4471,0.3,-1,58.5625,58.5625,0
1786401864142,3000,Minimum,4471,4471,0.3,-1,58.5625,58.5625,0
1786401864242,3000,Minimum,4471,4471,0.3,-1,58.5625,58.5625,0
1786401864342,3000,Minimum,4471,4471,0.3,-1,58.5625,58.5625,0
1786401864442,3000,Minimum,4471,4471,0.3,-1,58.5625,58.5625,0
1786401864542,3000,Minimum,4471,4471,0.3,-1,58.5625,58.5625,0
1786401864642,3000,Minimum,4471,4471,0.3,-1,58.5625,58.5625,0
1786401864743,3000,Minimum,4471,4471,0.3,-1,58.5625,58.5625,0
1786401864842,3000,Minimum,4471,4471,0.3,-1,58.8125,58.8125,0
1786401864942,3000,Minimum,4471,4471,0.3,-1,58.8125,58.8125,0
1786401865042,3000,Minimum,4471,4471,0.3,-1,58.8125,58.8125,0
1786401865142,3000,Minimum,4471,4471,0.3,-1,58.8125,58.8125,0
1786401865242,3000,Minimum,4471,4471,0.3,-1,58.8125,58.8125,0
1786401865342,3000,Minimum,4471,4471,0.3,-1,58.8125,58.8125,0
1786401865442,3000,Minimum,4471,4471,0.3,-1,58.8125,58.8125,0
1786401865542,3000,Minimum,4471,4471,0.3,-1,58.8125,58.8125,0
1786401865642,3000,Minimum,4471,4471,0.3,-1,58.8125,58.8125,0
1786401865742,3000,Minimum,4471,4471,0.3,-1,58.8125,58.8125,0
1786401865842,3000,Minimum,4471,4471,0.3,-1,58.9375,58.9375,0
1786401865942,3000,Minimum,4471,4471,0.3,-1,58.9375,58.9375,0
1786401866043,3000,Minimum,4471,4471,0.3,-1,58.9375,58.9375,0
1786401866142,3000,Minimum,4471,4471,0.3,-1,58.9375,58.9375,0
1786401866242,3000,Minimum,4471,4471,0.3,-1,58.9375,58.9375,0
1786401866342,3000,Minimum,4471,4471,0.3,-1,58.9375,58.9375,0
1786401866442,3000,Minimum,4471,4471,0.3,-1,58.9375,58.9375,0
1786401866542,3000,Minimum,4471,4471,0.3,-1,58.9375,58.9375,0
1786401866643,3000,Minimum,4471,4471,0.3,-1,58.9375,58.9375,0
1786401866742,3000,Minimum,4471,4471,0.3,-1,58.9375,58.9375,0
1786401866842,3000,Minimum,4471,4471,0.3,-1,59.125,59.125,0
1786401866942,3000,Minimum,4471,4471,0.3,-1,59.125,59.125,0
1786401867042,3000,Minimum,4471,4471,0.3,-1,59.125,59.125,0
1786401867142,3000,Minimum,4471,4471,0.3,-1,59.125,59.125,0
1786401867242,3000,Minimum,4471,4471,0.3,-1,59.125,59.125,0
1786401867342,3000,Minimum,4471,4471,0.3,-1,59.125,59.125,0
1786401867442,3000,Minimum,4471,4471,0.3,-1,59.125,59.125,0
1786401867542,3000,Minimum,4471,4471,0.3,-1,59.125,59.125,0
1786401867642,3000,Minimum,4471,4471,0.3,-1,59.125,59.125,0
1786401867742,3000,Minimum,4471,4471,0.3,-1,59.125,59.125,0
1786401867842,3000,Minimum,4471,4471,0.3,-1,59.1875,59.1875,0
1786401867942,3000,Minimum,4471,4471,0.3,-1,59.1875,59.1875,0
1786401868046,3000,Minimum,4471,4471,0.3,-1,59.1875,59.1875,0
1786401868142,3000,Minimum,4471,4471,0.3,-1,59.1875,59.1875,0
1786401868242,3000,Minimum,4471,4471,0.3,-1,59.1875,59.1875,0
1786401868342,3000,Minimum,4471,4471,0.3,-1,59.1875,59.1875,0
1786401868442,3000,Minimum,4471,4471,0.3,-1,59.1875,59.1875,0
1786401868542,3000,Minimum,4471,4471,0.3,-1,59.1875,59.1875,0
1786401868642,3000,Minimum,4471,4471,0.3,-1,59.1875,59.1875,0
1786401868742,3000,Minimum,4471,4471,0.3,-1,59.1875,59.1875,0
1786401868842,3000,Minimum,4471,4471,0.3,-1,59.25,59.25,0
1786401868942,3000,Minimum,4471,4471,0.3,-1,59.25,59.25,0
1786401869042,3000,Minimum,4471,4471,0.3,-1,59.25,59.25,0
1786401869142,3000,Minimum,4471,4471,0.3,-1,59.25,59.25,0
1786401869242,3000,Minimum,4471,4471,0.3,-1,59.25,59.25,0
1786401869342,3000,Minimum,4471,4471,0.3,-1,59.25,59.25,0
1786401869446,3000,Minimum,4471,4471,0.3,-1,59.25,59.25,0
1786401869542,3000,Minimum,4471,4471,0.3,-1,59.25,59.25,0
1786401869642,3000,Minimum,4471,4471,0.3,-1,59.25,59.25,0
1786401869742,3000,Minimum,4471,4471,0.3,-1,59.25,59.25,0
1786401869842,3000,Minimum,4471,4471,0.3,-1,59.5,59.5,0
1786401869942,3000,Minimum,4471,4471,0.3,-1,59.5,59.5,0
1786401870042,3000,Minimum,4471,4471,0.3,-1,59.5,59.5,0
1786401870142,3000,Minimum,4471,4471,0.3,-1,59.5,59.5,0
1786401870242,3000,Minimum,4471,4471,0.3,-1,59.5,59.5,0
1786401870342,3000,Minimum,4471,4471,0.3,-1,59.5,59.5,0
1786401870442,3000,Minimum,4471,4471,0.3,-1,59.5,59.5,0
1786401870542,3000,Minimum,4471,4471,0.3,-1,59.5,59.5,0
1786401870642,3000,Minimum,4471,4471,0.3,-1,59.5,59.5,0
1786401870742,3000,Minimum,4471,4471,0.3,-1,59.5,59.5,0
1786401870842,3000,Minimum,4471,4471,0.3,-1,59.4375,59.4375,0
1786401870942,3000,Minimum,4471,4471,0.3,-1,59.4375,59.4375,0
1786401871042,3000,Minimum,4471,4471,0.3,-1,59.4375,59.4375,0
1786401871142,3000,Minimum,4471,4471,0.3,-1,59.4375,59.4375,0
1786401871242,3000,Minimum,4471,4471,0.3,-1,59.4375,59.4375,0
1786401871342,3000,Minimum,4471,4471,0.3,-1,59.4375,59.4375,0
1786401871446,3000,Minimum,4471,4471,0.3,-1,59.4375,59.4375,0
1786401871542,3000,Minimum,4471,4471,0.3,-1,59.4375,59.4375,0
1786401871642,3000,Minimum,4471,4471,0.3,-1,59.4375,59.4375,0
1786401871742,3000,Minimum,4471,4471,0.3,-1,59.4375,59.4375,0
1786401871842,3000,Minimum,4471,4471,0.3,-1,59.625,59.625,0
1786401871942,3000,Minimum,4471,4471,0.3,-1,59.625,59.625,0
1786401872042,3000,Minimum,4471,4471,0.3,-1,59.625,59.625,0
1786401872142,3000,Minimum,4471,4471,0.3,-1,59.625,59.625,0
1786401872243,3000,Minimum,4471,4471,0.3,-1,59.625,59.625,0
1786401872342,3000,Minimum,4471,4471,0.3,-1,59.625,59.625,0
1786401872443,3000,Minimum,4471,4471,0.3,-1,59.625,59.625,0
1786401872542,3000,Minimum,4471,4471,0.3,-1,59.625,59.625,0
1786401872642,3000,Minimum,4471,4471,0.3,-1,59.625,59.625,0
1786401872742,3000,Minimum,4471,4471,0.3,-1,59.625,59.625,0
1786401872842,3000,Minimum,4471,4471,0.3,-1,59.6875,59.6875,0
1786401872943,3000,Minimum,4471,4471,0.3,-1,59.6875,59.6875,0
1786401873042,3000,Minimum,4471,4471,0.3,-1,59.6875,59.6875,0
1786401873142,3000,Minimum,4471,4471,0.3,-1,59.6875,59.6875,0
1786401873242,3000,Minimum,4471,4471,0.3,-1,59.6875,59.6875,0
1786401873342,3000,Minimum,4471,4471,0.3,-1,59.6875,59.6875,0
1786401873442,3000,Minimum,4471,4471,0.3,-1,59.6875,59.6875,0
1786401873542,3000,Minimum,4471,4471,0.3,-1,59.6875,59.6875,0
1786401873642,3000,Minimum,4471,4471,0.3,-1,59.6875,59.6875,0
1786401873742,3000,Minimum,4471,4471,0.3,-1,59.6875,59.6875,0
1786401873842,3000,Minimum,4471,4471,0.3,-1,59.6875,59.6875,0
1786401873942,3000,Minimum,4471,4471,0.3,-1,59.6875,59.6875,0
1786401874042,3000,Minimum,4471,4471,0.3,-1,59.6875,59.6875,0
1786401874142,3000,Minimum,4471,4471,0.3,-1,59.6875,59.6875,0
1786401874242,3000,Minimum,4471,4471,0.3,-1,59.6875,59.6875,0
1786401874342,3000,Minimum,4471,4471,0.3,-1,59.6875,59.6875,0
1786401874442,3000,Minimum,4471,4471,0.3,-1,59.6875,59.6875,0
1786401874542,3000,Minimum,4471,4471,0.3,-1,59.6875,59.6875,0
1786401874642,3000,Minimum,4471,4471,0.3,-1,59.6875,59.6875,0
1786401874742,3000,Minimum,4471,4471,0.3,-1,59.6875,59.6875,0
1786401874842,3000,Minimum,4471,4471,0.3,-1,59.9375,59.9375,0
1786401874942,3000,Minimum,4471,4471,0.3,-1,59.9375,59.9375,0
1786401875042,3000,Minimum,4471,4471,0.3,-1,59.9375,59.9375,0
1786401875142,3000,Minimum,4471,4471,0.3,-1,59.9375,59.9375,0
1786401875242,3000,Minimum,4471,4471,0.3,-1,59.9375,59.9375,0
1786401875342,3000,Minimum,4471,4471,0.3,-1,59.9375,59.9375,0
1786401875442,3000,Minimum,4471,4471,0.3,-1,59.9375,59.9375,0
1786401875542,3000,Minimum,4471,4471,0.3,-1,59.9375,59.9375,0
1786401875642,3000,Minimum,4471,4471,0.3,-1,59.9375,59.9375,0
1786401875743,3000,Minimum,4471,4471,0.3,-1,59.9375,59.9375,0
1786401875842,3000,Minimum,4471,4471,0.3,-1,60.0625,60.0625,0
1786401875943,3000,Minimum,4471,4471,0.3,-1,60.0625,60.0625,0
1786401876042,3000,Minimum,4471,4471,0.3,-1,60.0625,60.0625,0
1786401876142,3000,Minimum,4471,4471,0.3,-1,60.0625,60.0625,0
1786401876242,3000,Minimum,4471,4471,0.3,-1,60.0625,60.0625,0
1786401876342,3000,Minimum,4471,4471,0.3,-1,60.0625,60.0625,0
1786401876442,3000,Minimum,4471,4471,0.3,-1,60.0625,60.0625,0
1786401876542,3000,Minimum,4471,4471,0.3,-1,60.0625,60.0625,0
1786401876642,3000,Minimum,4471,4471,0.3,-1,60.0625,60.0625,0
1786401876742,3000,Minimum,4471,4471,0.3,-1,60.0625,60.0625,0
1786401876846,3000,Minimum,4471,4471,0.3,-1,60.0625,60.0625,0
1786401876942,3000,Minimum,4471,4471,0.3,-1,60.0625,60.0625,0
1786401877042,3000,Minimum,4471,4471,0.3,-1,60.0625,60.0625,0
1786401877142,3000,Minimum,4471,4471,0.3,-1,60.0625,60.0625,0
1786401877242,3000,Minimum,4471,4471,0.3,-1,60.0625,60.0625,0
1786401877343,3000,Minimum,4471,4471,0.3,-1,60.0625,60.0625,0
1786401877442,3000,Minimum,4471,4471,0.3,-1,60.0625,60.0625,0
1786401877542,3000,Minimum,4471,4471,0.3,-1,60.0625,60.0625,0
1786401877643,3000,Minimum,4471,4471,0.3,-1,60.0625,60.0625,0
1786401877742,3000,Minimum,4471,4471,0.3,-1,60.0625,60.0625,0
1786401877842,3000,Minimum,4471,4471,0.3,-1,60.1875,60.1875,0
1786401877942,3000,Minimum,4471,4471,0.3,-1,60.1875,60.1875,0
1786401878042,3000,Minimum,4471,4471,0.3,-1,60.1875,60.1875,0
1786401878142,3000,Minimum,4471,4471,0.3,-1,60.1875,60.1875,0
1786401878242,3000,Minimum,4471,4471,0.3,-1,60.1875,60.1875,0
1786401878342,3000,Minimum,4471,4471,0.3,-1,60.1875,60.1875,0
1786401878442,3000,Minimum,4471,4471,0.3,-1,60.1875,60.1875,0
1786401878542,3000,Minimum,4471,4471,0.3,-1,60.1875,60.1875,0
1786401878642,3000,Minimum,4471,4471,0.3,-1,60.1875,60.1875,0
1786401878742,3000,Minimum,4471,4471,0.3,-1,60.1875,60.1875,0
1786401878842,3000,Minimum,4471,4471,0.3,-1,60.25,60.25,0
1786401878942,3000,Minimum,4471,4471,0.3,-1,60.25,60.25,0
1786401879042,3000,Minimum,4471,4471,0.3,-1,60.25,60.25,0
1786401879142,3000,Minimum,4471,4471,0.3,-1,60.25,60.25,0
1786401879242,3000,Minimum,4471,4471,0.3,-1,60.25,60.25,0
1786401879342,3000,Minimum,4471,4471,0.3,-1,60.25,60.25,0
1786401879442,3000,Minimum,4471,4471,0.3,-1,60.25,60.25,0
1786401879542,3000,Minimum,4471,4471,0.3,-1,60.25,60.25,0
1786401879642,3000,Minimum,4471,4471,0.3,-1,60.25,60.25,0
1786401879742,3000,Minimum,4471,4471,0.3,-1,60.25,60.25,0
1786401879842,3000,Minimum,4471,4471,0.3,-1,60.4375,60.4375,0
1786401879942,3000,Minimum,4471,4471,0.3,-1,60.4375,60.4375,0
1786401880042,3000,Minimum,4471,4471,0.3,-1,60.4375,60.4375,0
1786401880142,3000,Minimum,4471,4471,0.3,-1,60.4375,60.4375,0
1786401880242,3000,Minimum,4471,4471,0.3,-1,60.4375,60.4375,0
1786401880342,3000,Minimum,4471,4471,0.3,-1,60.4375,60.4375,0
1786401880442,3000,Minimum,4471,4471,0.3,-1,60.4375,60.4375,0
1786401880542,3000,Minimum,4471,4471,0.3,-1,60.4375,60.4375,0
1786401880642,3000,Minimum,4471,4471,0.3,-1,60.4375,60.4375,0
1786401880743,3000,Minimum,4471,4471,0.3,-1,60.4375,60.4375,0
1786401880842,3000,Minimum,4471,4471,0.3,-1,60.4375,60.4375,0
1786401880942,3000,Minimum,4471,4471,0.3,-1,60.4375,60.4375,0
1786401881042,3000,Minimum,4471,4471,0.3,-1,60.4375,60.4375,0
1786401881142,3000,Minimum,4471,4471,0.3,-1,60.4375,60.4375,0
1786401881242,3000,Minimum,4471,4471,0.3,-1,60.4375,60.4375,0
1786401881342,3000,Minimum,4471,4471,0.3,-1,60.4375,60.4375,0
1786401881443,3000,Minimum,4471,4471,0.3,-1,60.4375,60.4375,0
1786401881543,3000,Minimum,4471,4471,0.3,-1,60.4375,60.4375,0
1786401881642,3000,Minimum,4471,4471,0.3,-1,60.4375,60.4375,0
1786401881742,3000,Minimum,4471,4471,0.3,-1,60.4375,60.4375,0
1786401881842,3000,Minimum,4471,4471,0.3,-1,60.5625,60.5625,0
1786401881942,3000,Minimum,4471,4471,0.3,-1,60.5625,60.5625,0
1786401882042,3000,Minimum,4471,4471,0.3,-1,60.5625,60.5625,0
1786401882143,3000,Minimum,4471,4471,0.3,-1,60.5625,60.5625,0
1786401882242,3000,Minimum,4471,4471,0.3,-1,60.5625,60.5625,0
1786401882342,3000,Minimum,4471,4471,0.3,-1,60.5625,60.5625,0
1786401882442,3000,Minimum,4471,4471,0.3,-1,60.5625,60.5625,0
1786401882542,3000,Minimum,4471,4471,0.3,-1,60.5625,60.5625,0
1786401882642,3000,Minimum,4471,4471,0.3,-1,60.5625,60.5625,0
1786401882742,3000,Minimum,4471,4471,0.3,-1,60.5625,60.5625,0
1786401882842,3000,Minimum,4471,4471,0.3,-1,60.625,60.625,0
1786401882942,3000,Minimum,4471,4471,0.3,-1,60.625,60.625,0
1786401883042,3000,Minimum,4471,4471,0.3,-1,60.625,60.625,0
1786401883142,3000,Minimum,4471,4471,0.3,-1,60.625,60.625,0
1786401883242,3000,Minimum,4471,4471,0.3,-1,60.625,60.625,0
1786401883342,3000,Minimum,4471,4471,0.3,-1,60.625,60.625,0
1786401883442,3000,Minimum,4471,4471,0.3,-1,60.625,60.625,0
1786401883542,3000,Minimum,4471,4471,0.3,-1,60.625,60.625,0
1786401883642,3000,Minimum,4471,4471,0.3,-1,60.625,60.625,0
1786401883742,3000,Minimum,4471,4471,0.3,-1,60.625,60.625,0
1786401883842,3000,Minimum,4471,4471,0.3,-1,60.75,60.75,0
1786401883942,3000,Minimum,4471,4471,0.3,-1,60.75,60.75,0
1786401884042,3000,Minimum,4471,4471,0.3,-1,60.75,60.75,0
1786401884146,3000,Minimum,4471,4471,0.3,-1,60.75,60.75,0
1786401884242,3000,Minimum,4471,4471,0.3,-1,60.75,60.75,0
1786401884342,3000,Minimum,4471,4471,0.3,-1,60.75,60.75,0
1786401884442,3000,Minimum,4471,4471,0.3,-1,60.75,60.75,0
1786401884542,3000,Minimum,4471,4471,0.3,-1,60.75,60.75,0
1786401884642,3000,Minimum,4471,4471,0.3,-1,60.75,60.75,0
1786401884742,3000,Minimum,4471,4471,0.3,-1,60.75,60.75,0
1786401884842,3000,Minimum,4471,4471,0.3,-1,60.8125,60.8125,0
1786401884942,3000,Minimum,4471,4471,0.3,-1,60.8125,60.8125,0
1786401885043,3000,Minimum,4471,4471,0.3,-1,60.8125,60.8125,0
1786401885142,3000,Minimum,4471,4471,0.3,-1,60.8125,60.8125,0
1786401885242,3000,Minimum,4471,4471,0.3,-1,60.8125,60.8125,0
1786401885342,3000,Minimum,4471,4471,0.3,-1,60.8125,60.8125,0
1786401885442,3000,Minimum,4471,4471,0.3,-1,60.8125,60.8125,0
1786401885542,3000,Minimum,4471,4471,0.3,-1,60.8125,60.8125,0
1786401885642,3000,Minimum,4471,4471,0.3,-1,60.8125,60.8125,0
1786401885742,3000,Minimum,4471,4471,0.3,-1,60.8125,60.8125,0
1786401885842,3000,Minimum,4471,4471,0.3,-1,60.875,60.875,0
1786401885942,3000,Minimum,4471,4471,0.3,-1,60.875,60.875,0
1786401886042,3000,Minimum,4471,4471,0.3,-1,60.875,60.875,0
1786401886142,3000,Minimum,4471,4471,0.3,-1,60.875,60.875,0
1786401886242,3000,Minimum,4471,4471,0.3,-1,60.875,60.875,0
1786401886342,3000,Minimum,4471,4471,0.3,-1,60.875,60.875,0
1786401886442,3000,Minimum,4471,4471,0.3,-1,60.875,60.875,0
1786401886542,3000,Minimum,4471,4471,0.3,-1,60.875,60.875,0
1786401886642,3000,Minimum,4471,4471,0.3,-1,60.875,60.875,0
1786401886742,3000,Minimum,4471,4471,0.3,-1,60.875,60.875,0
1786401886842,3000,Minimum,4471,4471,0.3,-1,61,61,0
1786401886942,3000,Minimum,4471,4471,0.3,-1,61,61,0
1786401887042,3000,Minimum,4471,4471,0.3,-1,61,61,0
1786401887142,3000,Minimum,4471,4471,0.3,-1,61,61,0
1786401887242,3000,Minimum,4471,4471,0.3,-1,61,61,0
1786401887343,3000,Minimum,4471,4471,0.3,-1,61,61,0
1786401887442,3000,Minimum,4471,4471,0.3,-1,61,61,0
1786401887542,3000,Minimum,4471,4471,0.3,-1,61,61,0
1786401887642,3000,Minimum,4471,4471,0.3,-1,61,61,0
1786401887742,3000,Minimum,4471,4471,0.3,-1,61,61,0
1786401887842,3000,Minimum,4471,4471,0.3,-1,61,61,0
1786401887946,3000,Minimum,4471,4471,0.3,-1,61,61,0
1786401888042,3000,Minimum,4471,4471,0.3,-1,61,61,0
1786401888142,3000,Minimum,4471,4471,0.3,-1,61,61,0
1786401888242,3000,Minimum,4471,4471,0.3,-1,61,61,0
1786401888342,3000,Minimum,4471,4471,0.3,-1,61,61,0
1786401888442,3000,Minimum,4471,4471,0.3,-1,61,61,0
1786401888542,3000,Minimum,4471,4471,0.3,-1,61,61,0
1786401888642,3000,Minimum,4471,4471,0.3,-1,61,61,0
1786401888742,3000,Minimum,4471,4471,0.3,-1,61,61,0
1786401888842,3000,Minimum,4471,4471,0.3,-1,61.125,61.125,0
1786401888942,3000,Minimum,4471,4471,0.3,-1,61.125,61.125,0
1786401889042,3000,Minimum,4471,4471,0.3,-1,61.125,61.125,0
1786401889142,3000,Minimum,4471,4471,0.3,-1,61.125,61.125,0
1786401889246,3000,Minimum,4471,4471,0.3,-1,61.125,61.125,0
1786401889342,3000,Minimum,4471,4471,0.3,-1,61.125,61.125,0
1786401889442,3000,Minimum,4471,4471,0.3,-1,61.125,61.125,0
1786401889542,3000,Minimum,4471,4471,0.3,-1,61.125,61.125,0
1786401889642,3000,Minimum,4471,4471,0.3,-1,61.125,61.125,0
1786401889742,3000,Minimum,4471,4471,0.3,-1,61.125,61.125,0
1786401889842,3000,Minimum,4471,4471,0.3,-1,61.1875,61.1875,0
1786401889942,3000,Minimum,4471,4471,0.3,-1,61.1875,61.1875,0
1786401890042,3000,Minimum,4471,4471,0.3,-1,61.1875,61.1875,0
1786401890142,3000,Minimum,4471,4471,0.3,-1,61.1875,61.1875,0
1786401890242,3000,Minimum,4471,4471,0.3,-1,61.1875,61.1875,0
1786401890342,3000,Minimum,4471,4471,0.3,-1,61.1875,61.1875,0
1786401890442,3000,Minimum,4471,4471,0.3,-1,61.1875,61.1875,0
1786401890542,3000,Minimum,4471,4471,0.3,-1,61.1875,61.1875,0
1786401890642,3000,Minimum,4471,4471,0.3,-1,61.1875,61.1875,0
1786401890742,3000,Minimum,4471,4471,0.3,-1,61.1875,61.1875,0
1786401890842,3000,Minimum,4471,4471,0.3,-1,61.1875,61.1875,0
1786401890942,3000,Minimum,4471,4471,0.3,-1,61.1875,61.1875,0
1786401891042,3000,Minimum,4471,4471,0.3,-1,61.1875,61.1875,0
1786401891142,3000,Minimum,4471,4471,0.3,-1,61.1875,61.1875,0
1786401891242,3000,Minimum,4471,4471,0.3,-1,61.1875,61.1875,0
1786401891342,3000,Minimum,4471,4471,0.3,-1,61.1875,61.1875,0
1786401891442,3000,Minimum,4471,4471,0.3,-1,61.1875,61.1875,0
1786401891542,3000,Minimum,4471,4471,0.3,-1,61.1875,61.1875,0
1786401891642,3000,Minimum,4471,4471,0.3,-1,61.1875,61.1875,0
1786401891742,3000,Minimum,4471,4471,0.3,-1,61.1875,61.1875,0
1786401891842,3000,Minimum,4471,4471,0.3,-1,61.375,61.375,0
1786401891942,3000,Minimum,4471,4471,0.3,-1,61.375,61.375,0
1786401892042,3000,Minimum,4471,4471,0.3,-1,61.375,61.375,0
1786401892142,3000,Minimum,4471,4471,0.3,-1,61.375,61.375,0
1786401892242,3000,Minimum,4471,4471,0.3,-1,61.375,61.375,0
1786401892342,3000,Minimum,4471,4471,0.3,-1,61.375,61.375,0
1786401892442,3000,Minimum,4471,4471,0.3,-1,61.375,61.375,0
1786401892542,3000,Minimum,4471,4471,0.3,-1,61.375,61.375,0
1786401892646,3000,Minimum,4471,4471,0.3,-1,61.375,61.375,0
1786401892742,3000,Minimum,4471,4471,0.3,-1,61.375,61.375,0
1786401892842,3000,Minimum,4471,4471,0.3,-1,61.3125,61.3125,0
1786401892942,3000,Minimum,4471,4471,0.3,-1,61.3125,61.3125,0
1786401893042,3000,Minimum,4471,4471,0.3,-1,61.3125,61.3125,0
1786401893142,3000,Minimum,4471,4471,0.3,-1,61.3125,61.3125,0
1786401893242,3000,Minimum,4471,4471,0.3,-1,61.3125,61.3125,0
1786401893342,3000,Minimum,4471,4471,0.3,-1,61.3125,61.3125,0
1786401893442,3000,Minimum,4471,4471,0.3,-1,61.3125,61.3125,0
1786401893542,3000,Minimum,4471,4471,0.3,-1,61.3125,61.3125,0
1786401893642,3000,Minimum,4471,4471,0.3,-1,61.3125,61.3125,0
1786401893742,3000,Minimum,4471,4471,0.3,-1,61.3125,61.3125,0
1786401893842,3000,Minimum,4471,4471,0.3,-1,61.375,61.375,0
1786401893942,3000,Minimum,4471,4471,0.3,-1,61.375,61.375,0
1786401894042,3000,Minimum,4471,4471,0.3,-1,61.375,61.375,0
1786401894142,3000,Minimum,4471,4471,0.3,-1,61.375,61.375,0
1786401894242,3000,Minimum,4471,4471,0.3,-1,61.375,61.375,0
1786401894342,3000,Minimum,4471,4471,0.3,-1,61.375,61.375,0
1786401894442,3000,Minimum,4471,4471,0.3,-1,61.375,61.375,0
1786401894542,3000,Minimum,4471,4471,0.3,-1,61.375,61.375,0
1786401894642,3000,Minimum,4471,4471,0.3,-1,61.375,61.375,0
1786401894742,3000,Minimum,4471,4471,0.3,-1,61.375,61.375,0
1786401894842,3000,Minimum,4471,4471,0.3,-1,61.5,61.5,0
1786401894942,3000,Minimum,4471,4471,0.3,-1,61.5,61.5,0
1786401895043,3000,Minimum,4471,4471,0.3,-1,61.5,61.5,0
1786401895142,3000,Minimum,4471,4471,0.3,-1,61.5,61.5,0
1786401895242,3000,Minimum,4471,4471,0.3,-1,61.5,61.5,0
1786401895342,3000,Minimum,4471,4471,0.3,-1,61.5,61.5,0
1786401895442,3000,Minimum,4471,4471,0.3,-1,61.5,61.5,0
1786401895542,3000,Minimum,4471,4471,0.3,-1,61.5,61.5,0
1786401895642,3000,Minimum,4471,4471,0.3,-1,61.5,61.5,0
1786401895742,3000,Minimum,4471,4471,0.3,-1,61.5,61.5,0
1786401895842,3000,Minimum,4471,4471,0.3,-1,61.4375,61.4375,0
1786401895942,3000,Minimum,4471,4471,0.3,-1,61.4375,61.4375,0
1786401896042,3000,Minimum,4471,4471,0.3,-1,61.4375,61.4375,0
1786401896142,3000,Minimum,4471,4471,0.3,-1,61.4375,61.4375,0
1786401896242,3000,Minimum,4471,4471,0.3,-1,61.4375,61.4375,0
1786401896342,3000,Minimum,4471,4471,0.3,-1,61.4375,61.4375,0
1786401896442,3000,Minimum,4471,4471,0.3,-1,61.4375,61.4375,0
1786401896542,3000,Minimum,4471,4471,0.3,-1,61.4375,61.4375,0
1786401896642,3000,Minimum,4471,4471,0.3,-1,61.4375,61.4375,0
1786401896742,3000,Minimum,4471,4471,0.3,-1,61.4375,61.4375,0
1786401896842,3000,Minimum,4471,4471,0.3,-1,61.5625,61.5625,0
1786401896942,3000,Minimum,4471,4471,0.3,-1,61.5625,61.5625,0
1786401897042,3000,Minimum,4471,4471,0.3,-1,61.5625,61.5625,0
1786401897142,3000,Minimum,4471,4471,0.3,-1,61.5625,61.5625,0
1786401897242,3000,Minimum,4471,4471,0.3,-1,61.5625,61.5625,0
1786401897342,3000,Minimum,4471,4471,0.3,-1,61.5625,61.5625,0
1786401897442,3000,Minimum,4471,4471,0.3,-1,61.5625,61.5625,0
1786401897542,3000,Minimum,4471,4471,0.3,-1,61.5625,61.5625,0
1786401897642,3000,Minimum,4471,4471,0.3,-1,61.5625,61.5625,0
1786401897742,3000,Minimum,4471,4471,0.3,-1,61.5625,61.5625,0
1786401897842,3000,Minimum,4471,4471,0.3,-1,61.625,61.625,0
1786401897942,3000,Minimum,4471,4471,0.3,-1,61.625,61.625,0
1786401898042,3000,Minimum,4471,4471,0.3,-1,61.625,61.625,0
1786401898142,3000,Minimum,4471,4471,0.3,-1,61.625,61.625,0
1786401898242,3000,Minimum,4471,4471,0.3,-1,61.625,61.625,0
1786401898342,3000,Minimum,4471,4471,0.3,-1,61.625,61.625,0
1786401898442,3000,Minimum,4471,4471,0.3,-1,61.625,61.625,0
1786401898542,3000,Minimum,4471,4471,0.3,-1,61.625,61.625,0
1786401898642,3000,Minimum,4471,4471,0.3,-1,61.625,61.625,0
1786401898742,3000,Minimum,4471,4471,0.3,-1,61.625,61.625,0
1786401898842,3000,Minimum,4471,4471,0.3,-1,61.8125,61.8125,0
1786401898943,3000,Minimum,4471,4471,0.3,-1,61.8125,61.8125,0
1786401899042,3000,Minimum,4471,4471,0.3,-1,61.8125,61.8125,0
1786401899142,3000,Minimum,4471,4471,0.3,-1,61.8125,61.8125,0
1786401899242,3000,Minimum,4471,4471,0.3,-1,61.8125,61.8125,0
1786401899342,3000,Minimum,4471,4471,0.3,-1,61.8125,61.8125,0
1786401899442,3000,Minimum,4471,4471,0.3,-1,61.8125,61.8125,0
1786401899542,3000,Minimum,4471,4471,0.3,-1,61.8125,61.8125,0
1786401899642,3000,Minimum,4471,4471,0.3,-1,61.8125,61.8125,0
1786401899742,3000,Minimum,4471,4471,0.3,-1,61.8125,61.8125,0
1786401899842,3000,Minimum,4471,4471,0.3,-1,61.875,61.875,0
1786401899942,3000,Minimum,4471,4471,0.3,-1,61.875,61.875,0
1786401900042,3000,Minimum,4471,4471,0.3,-1,61.875,61.875,0
1786401900142,3000,Minimum,4471,4471,0.3,-1,61.875,61.875,0
1786401900242,3000,Minimum,4471,4471,0.3,-1,61.875,61.875,0
1786401900342,3000,Minimum,4471,4471,0.3,-1,61.875,61.875,0
1786401900442,3000,Minimum,4471,4471,0.3,-1,61.875,61.875,0
1786401900542,3000,Minimum,4471,4471,0.3,-1,61.875,61.875,0
1786401900642,3000,Minimum,4471,4471,0.3,-1,61.875,61.875,0
1786401900742,3000,Minimum,4471,4471,0.3,-1,61.875,61.875,0
1786401900842,3000,Minimum,4471,4471,0.3,-1,61.9375,61.9375,0
1786401900942,3000,Minimum,4471,4471,0.3,-1,61.9375,61.9375,0
1786401901042,3000,Minimum,4471,4471,0.3,-1,61.9375,61.9375,0
1786401901142,3000,Minimum,4471,4471,0.3,-1,61.9375,61.9375,0
1786401901242,3000,Minimum,4471,4471,0.3,-1,61.9375,61.9375,0
1786401901342,3000,Minimum,4471,4471,0.3,-1,61.9375,61.9375,0
1786401901442,3000,Minimum,4471,4471,0.3,-1,61.9375,61.9375,0
1786401901542,3000,Minimum,4471,4471,0.3,-1,61.9375,61.9375,0
1786401901642,3000,Minimum,4471,4471,0.3,-1,61.9375,61.9375,0
1786401901742,3000,Minimum,4471,4471,0.3,-1,61.9375,61.9375,0
1786401901842,3000,Minimum,4471,4471,0.3,-1,61.875,61.875,0
1786401901942,3000,Minimum,4471,4471,0.3,-1,61.875,61.875,0
1786401902042,3000,Minimum,4471,4471,0.3,-1,61.875,61.875,0
1786401902142,3000,Minimum,4471,4471,0.3,-1,61.875,61.875,0
1786401902242,3000,Minimum,4471,4471,0.3,-1,61.875,61.875,0
1786401902347,3000,Minimum,4471,4471,0.3,-1,61.875,61.875,0
1786401902442,3000,Minimum,4471,4471,0.3,-1,61.875,61.875,0
1786401902542,3000,Minimum,4471,4471,0.3,-1,61.875,61.875,0
1786401902642,3000,Minimum,4471,4471,0.3,-1,61.875,61.875,0
1786401902742,3000,Minimum,4471,4471,0.3,-1,61.875,61.875,0
1786401902842,3000,Minimum,4471,4471,0.3,-1,61.9375,61.9375,0
1786401902942,3000,Minimum,4471,4471,0.3,-1,61.9375,61.9375,0
1786401903042,3000,Minimum,4471,4471,0.3,-1,61.9375,61.9375,0
1786401903142,3000,Minimum,4471,4471,0.3,-1,61.9375,61.9375,0
1786401903242,3000,Minimum,4471,4471,0.3,-1,61.9375,61.9375,0
1786401903342,3000,Minimum,4471,4471,0.3,-1,61.9375,61.9375,0
1786401903442,3000,Minimum,4471,4471,0.3,-1,61.9375,61.9375,0
1786401903542,3000,Minimum,4471,4471,0.3,-1,61.9375,61.9375,0
1786401903642,3000,Minimum,4471,4471,0.3,-1,61.9375,61.9375,0
1786401903742,3000,Minimum,4471,4471,0.3,-1,61.9375,61.9375,0
1786401903842,3000,Minimum,4471,4471,0.3,-1,62.0625,62.0625,0
1786401903942,3000,Minimum,4471,4471,0.3,-1,62.0625,62.0625,0
1786401904042,3000,Minimum,4471,4471,0.3,-1,62.0625,62.0625,0
1786401904142,3000,Minimum,4471,4471,0.3,-1,62.0625,62.0625,0
1786401904242,3000,Minimum,4471,4471,0.3,-1,62.0625,62.0625,0
1786401904342,3000,Minimum,4471,4471,0.3,-1,62.0625,62.0625,0
1786401904442,3000,Minimum,4471,4471,0.3,-1,62.0625,62.0625,0
1786401904542,3000,Minimum,4471,4471,0.3,-1,62.0625,62.0625,0
1786401904642,3000,Minimum,4471,4471,0.3,-1,62.0625,62.0625,0
1786401904742,3000,Minimum,4471,4471,0.3,-1,62.0625,62.0625,0
1786401904842,3000,Minimum,4471,4471,0.3,-1,62.0625,62.0625,0
1786401904942,3000,Minimum,4471,4471,0.3,-1,62.0625,62.0625,0
1786401905042,3000,Minimum,4471,4471,0.3,-1,62.0625,62.0625,0
1786401905142,3000,Minimum,4471,4471,0.3,-1,62.0625,62.0625,0
1786401905242,3000,Minimum,4471,4471,0.3,-1,62.0625,62.0625,0
1786401905342,3000,Minimum,4471,4471,0.3,-1,62.0625,62.0625,0
1786401905442,3000,Minimum,4471,4471,0.3,-1,62.0625,62.0625,0
1786401905542,3000,Minimum,4471,4471,0.3,-1,62.0625,62.0625,0
1786401905642,3000,Minimum,4471,4471,0.3,-1,62.0625,62.0625,0
1786401905742,3000,Minimum,4471,4471,0.3,-1,62.0625,62.0625,0
1786401905842,3000,Minimum,4471,4471,0.3,-1,62.125,62.125,0
1786401905942,3000,Minimum,4471,4471,0.3,-1,62.125,62.125,0
1786401906042,3000,Minimum,4471,4471,0.3,-1,62.125,62.125,0
1786401906142,3000,Minimum,4471,4471,0.3,-1,62.125,62.125,0
1786401906242,3000,Minimum,4471,4471,0.3,-1,62.125,62.125,0
1786401906342,3000,Minimum,4471,4471,0.3,-1,62.125,62.125,0
1786401906442,3000,Minimum,4471,4471,0.3,-1,62.125,62.125,0
1786401906543,3000,Minimum,4471,4471,0.3,-1,62.125,62.125,0
1786401906642,3000,Minimum,4471,4471,0.3,-1,62.125,62.125,0
1786401906742,3000,Minimum,4471,4471,0.3,-1,62.125,62.125,0
1786401906842,3000,Minimum,4471,4471,0.3,-1,62.3125,62.3125,0
1786401906942,3000,Minimum,4471,4471,0.3,-1,62.3125,62.3125,0
1786401907042,3000,Minimum,4471,4471,0.3,-1,62.3125,62.3125,0
1786401907142,3000,Minimum,4471,4471,0.3,-1,62.3125,62.3125,0
1786401907242,3000,Minimum,4471,4471,0.3,-1,62.3125,62.3125,0
1786401907342,3000,Minimum,4471,4471,0.3,-1,62.3125,62.3125,0
1786401907442,3000,Minimum,4471,4471,0.3,-1,62.3125,62.3125,0
1786401907542,3000,Minimum,4471,4471,0.3,-1,62.3125,62.3125,0
1786401907642,3000,Minimum,4471,4471,0.3,-1,62.3125,62.3125,0
1786401907742,3000,Minimum,4471,4471,0.3,-1,62.3125,62.3125,0
1786401907843,3000,Minimum,4471,4471,0.3,-1,62.1875,62.1875,0
1786401907946,3000,Minimum,4471,4471,0.3,-1,62.1875,62.1875,0
1786401908042,3000,Minimum,4471,4471,0.3,-1,62.1875,62.1875,0
1786401908142,3000,Minimum,4471,4471,0.3,-1,62.1875,62.1875,0
1786401908242,3000,Minimum,4471,4471,0.3,-1,62.1875,62.1875,0
1786401908342,3000,Minimum,4471,4471,0.3,-1,62.1875,62.1875,0
1786401908442,3000,Minimum,4471,4471,0.3,-1,62.1875,62.1875,0
1786401908542,3000,Minimum,4471,4471,0.3,-1,62.1875,62.1875,0
1786401908642,3000,Minimum,4471,4471,0.3,-1,62.1875,62.1875,0
1786401908742,3000,Minimum,4471,4471,0.3,-1,62.1875,62.1875,0
1786401908842,3000,Minimum,4471,4471,0.3,-1,62.25,62.25,0
1786401908942,3000,Minimum,4471,4471,0.3,-1,62.25,62.25,0
1786401909046,3000,Minimum,4471,4471,0.3,-1,62.25,62.25,0
1786401909142,3000,Minimum,4471,4471,0.3,-1,62.25,62.25,0
1786401909242,3000,Minimum,4471,4471,0.3,-1,62.25,62.25,0
1786401909342,3000,Minimum,4471,4471,0.3,-1,62.25,62.25,0
1786401909442,3000,Minimum,4471,4471,0.3,-1,62.25,62.25,0
1786401909542,3000,Minimum,4471,4471,0.3,-1,62.25,62.25,0
1786401909642,3000,Minimum,4471,4471,0.3,-1,62.25,62.25,0
1786401909742,3000,Minimum,4471,4471,0.3,-1,62.25,62.25,0
1786401909842,3000,Minimum,4471,4471,0.3,-1,62.3125,62.3125,0
1786401909942,3000,Minimum,4471,4471,0.3,-1,62.3125,62.3125,0
1786401910042,3000,Minimum,4471,4471,0.3,-1,62.3125,62.3125,0
1786401910142,3000,Minimum,4471,4471,0.3,-1,62.3125,62.3125,0
1786401910242,3000,Minimum,4471,4471,0.3,-1,62.3125,62.3125,0
1786401910342,3000,Minimum,4471,4471,0.3,-1,62.3125,62.3125,0
1786401910442,3000,Minimum,4471,4471,0.3,-1,62.3125,62.3125,0
1786401910542,3000,Minimum,4471,4471,0.3,-1,62.3125,62.3125,0
1786401910642,3000,Minimum,4471,4471,0.3,-1,62.3125,62.3125,0
1786401910742,3000,Minimum,4471,4471,0.3,-1,62.3125,62.3125,0
1786401910842,3000,Minimum,4471,4471,0.3,-1,62.3125,62.3125,0
1786401910942,3000,Minimum,4471,4471,0.3,-1,62.3125,62.3125,0
1786401911042,3000,Minimum,4471,4471,0.3,-1,62.3125,62.3125,0
1786401911142,3000,Minimum,4471,4471,0.3,-1,62.3125,62.3125,0
1786401911242,3000,Minimum,4471,4471,0.3,-1,62.3125,62.3125,0
1786401911342,3000,Minimum,4471,4471,0.3,-1,62.3125,62.3125,0
1786401911442,3000,Minimum,4471,4471,0.3,-1,62.3125,62.3125,0
1786401911542,3000,Minimum,4471,4471,0.3,-1,62.3125,62.3125,0
1786401911642,3000,Minimum,4471,4471,0.3,-1,62.3125,62.3125,0
1786401911742,3000,Minimum,4471,4471,0.3,-1,62.3125,62.3125,0
1786401911842,3000,Minimum,4471,4471,0.3,-1,62.4375,62.4375,0
1786401911942,3000,Minimum,4471,4471,0.3,-1,62.4375,62.4375,0
1786401912042,3000,Minimum,4471,4471,0.3,-1,62.4375,62.4375,0
1786401912142,3000,Minimum,4471,4471,0.3,-1,62.4375,62.4375,0
1786401912242,3000,Minimum,4471,4471,0.3,-1,62.4375,62.4375,0
1786401912342,3000,Minimum,4471,4471,0.3,-1,62.4375,62.4375,0
1786401912446,3000,Minimum,4471,4471,0.3,-1,62.4375,62.4375,0
1786401912542,3000,Minimum,4471,4471,0.3,-1,62.4375,62.4375,0
1786401912642,3000,Minimum,4471,4471,0.3,-1,62.4375,62.4375,0
1786401912742,3000,Minimum,4471,4471,0.3,-1,62.4375,62.4375,0
1786401912842,3000,Minimum,4471,4471,0.3,-1,62.4375,62.4375,0
1786401912942,3000,Minimum,4471,4471,0.3,-1,62.4375,62.4375,0
1786401913042,3000,Minimum,4471,4471,0.3,-1,62.4375,62.4375,0
1786401913142,3000,Minimum,4471,4471,0.3,-1,62.4375,62.4375,0
1786401913243,3000,Minimum,4471,4471,0.3,-1,62.4375,62.4375,0
1786401913342,3000,Minimum,4471,4471,0.3,-1,62.4375,62.4375,0
1786401913442,3000,Minimum,4471,4471,0.3,-1,62.4375,62.4375,0
1786401913543,3000,Minimum,4471,4471,0.3,-1,62.4375,62.4375,0
1786401913642,3000,Minimum,4471,4471,0.3,-1,62.4375,62.4375,0
1786401913742,3000,Minimum,4471,4471,0.3,-1,62.4375,62.4375,0
1786401913842,3000,Minimum,4471,4471,0.3,-1,62.5625,62.5625,0
1786401913942,3000,Minimum,4471,4471,0.3,-1,62.5625,62.5625,0
1786401914042,3000,Minimum,4471,4471,0.3,-1,62.5625,62.5625,0
1786401914142,3000,Minimum,4471,4471,0.3,-1,62.5625,62.5625,0
1786401914242,3000,Minimum,4471,4471,0.3,-1,62.5625,62.5625,0
1786401914342,3000,Minimum,4471,4471,0.3,-1,62.5625,62.5625,0
1786401914442,3000,Minimum,4471,4471,0.3,-1,62.5625,62.5625,0
1786401914542,3000,Minimum,4471,4471,0.3,-1,62.5625,62.5625,0
1786401914642,3000,Minimum,4471,4471,0.3,-1,62.5625,62.5625,0
1786401914742,3000,Minimum,4471,4471,0.3,-1,62.5625,62.5625,0
1786401914842,3000,Minimum,4471,4471,0.3,-1,62.5625,62.5625,0
1786401914942,3000,Minimum,4471,4471,0.3,-1,62.5625,62.5625,0
1786401915042,3000,Minimum,4471,4471,0.3,-1,62.5625,62.5625,0
1786401915142,3000,Minimum,4471,4471,0.3,-1,62.5625,62.5625,0
1786401915242,3000,Minimum,4471,4471,0.3,-1,62.5625,62.5625,0
1786401915342,3000,Minimum,4471,4471,0.3,-1,62.5625,62.5625,0
1786401915443,3000,Minimum,4471,4471,0.3,-1,62.5625,62.5625,0
1786401915546,3000,Minimum,4471,4471,0.3,-1,62.5625,62.5625,0
1786401915642,3000,Minimum,4471,4471,0.3,-1,62.5625,62.5625,0
1786401915742,3000,Minimum,4471,4471,0.3,-1,62.5625,62.5625,0
1786401915842,3000,Minimum,4471,4471,0.3,-1,62.625,62.625,0
1786401915942,3000,Minimum,4471,4471,0.3,-1,62.625,62.625,0
1786401916042,3000,Minimum,4471,4471,0.3,-1,62.625,62.625,0
1786401916142,3000,Minimum,4471,4471,0.3,-1,62.625,62.625,0
1786401916242,3000,Minimum,4471,4471,0.3,-1,62.625,62.625,0
1786401916342,3000,Minimum,4471,4471,0.3,-1,62.625,62.625,0
1786401916442,3000,Minimum,4471,4471,0.3,-1,62.625,62.625,0
1786401916542,3000,Minimum,4471,4471,0.3,-1,62.625,62.625,0
1786401916642,3000,Minimum,4471,4471,0.3,-1,62.625,62.625,0
1786401916742,3000,Minimum,4471,4471,0.3,-1,62.625,62.625,0
1786401916842,3000,Minimum,4471,4471,0.3,-1,62.625,62.625,0
1786401916942,3000,Minimum,4471,4471,0.3,-1,62.625,62.625,0
1786401917042,3000,Minimum,4471,4471,0.3,-1,62.625,62.625,0
1786401917142,3000,Minimum,4471,4471,0.3,-1,62.625,62.625,0
1786401917242,3000,Minimum,4471,4471,0.3,-1,62.625,62.625,0
1786401917342,3000,Minimum,4471,4471,0.3,-1,62.625,62.625,0
1786401917442,3000,Minimum,4471,4471,0.3,-1,62.625,62.625,0
1786401917542,3000,Minimum,4471,4471,0.3,-1,62.625,62.625,0
1786401917642,3000,Minimum,4471,4471,0.3,-1,62.625,62.625,0
1786401917742,3000,Minimum,4471,4471,0.3,-1,62.625,62.625,0
1786401917842,3000,Minimum,4471,4471,0.3,-1,62.75,62.75,0
1786401917942,3000,Minimum,4471,4471,0.3,-1,62.75,62.75,0
1786401918042,3000,Minimum,4471,4471,0.3,-1,62.75,62.75,0
1786401918142,3000,Minimum,4471,4471,0.3,-1,62.75,62.75,0
1786401918242,3000,Minimum,4471,4471,0.3,-1,62.75,62.75,0
1786401918342,3000,Minimum,4471,4471,0.3,-1,62.75,62.75,0
1786401918442,3000,Minimum,4471,4471,0.3,-1,62.75,62.75,0
1786401918542,3000,Minimum,4471,4471,0.3,-1,62.75,62.75,0
1786401918642,3000,Minimum,4471,4471,0.3,-1,62.75,62.75,0
1786401918742,3000,Minimum,4471,4471,0.3,-1,62.75,62.75,0
1786401918842,3000,Minimum,4471,4471,0.3,-1,62.75,62.75,0
1786401918946,3000,Minimum,4471,4471,0.3,-1,62.75,62.75,0
1786401919042,3000,Minimum,4471,4471,0.3,-1,62.75,62.75,0
1786401919142,3000,Minimum,4471,4471,0.3,-1,62.75,62.75,0
1786401919242,3000,Minimum,4471,4471,0.3,-1,62.75,62.75,0
1786401919343,3000,Minimum,4471,4471,0.3,-1,62.75,62.75,0
1786401919442,3000,Minimum,4471,4471,0.3,-1,62.75,62.75,0
1786401919542,3000,Minimum,4471,4471,0.3,-1,62.75,62.75,0
1786401919642,3000,Minimum,4471,4471,0.3,-1,62.75,62.75,0
1786401919742,3000,Minimum,4471,4471,0.3,-1,62.75,62.75,0
1786401919842,3000,Minimum,4471,4471,0.3,-1,62.75,62.75,0
1786401919942,3000,Minimum,4471,4471,0.3,-1,62.75,62.75,0
1786401920042,3000,Minimum,4471,4471,0.3,-1,62.75,62.75,0
1786401920142,3000,Minimum,4471,4471,0.3,-1,62.75,62.75,0
1786401920242,3000,Minimum,4471,4471,0.3,-1,62.75,62.75,0
1786401920342,3000,Minimum,4471,4471,0.3,-1,62.75,62.75,0
1786401920442,3000,Minimum,4471,4471,0.3,-1,62.75,62.75,0
1786401920542,3000,Minimum,4471,4471,0.3,-1,62.75,62.75,0
1786401920642,3000,Minimum,4471,4471,0.3,-1,62.75,62.75,0
1786401920742,3000,Minimum,4471,4471,0.3,-1,62.75,62.75,0
1786401920842,3000,Minimum,4471,4471,0.3,-1,62.875,62.875,0
1786401920942,3000,Minimum,4471,4471,0.3,-1,62.875,62.875,0
1786401921042,3000,Minimum,4471,4471,0.3,-1,62.875,62.875,0
1786401921142,3000,Minimum,4471,4471,0.3,-1,62.875,62.875,0
1786401921243,3000,Minimum,4471,4471,0.3,-1,62.875,62.875,0
1786401921342,3000,Minimum,4471,4471,0.3,-1,62.875,62.875,0
1786401921443,3000,Minimum,4471,4471,0.3,-1,62.875,62.875,0
1786401921542,3000,Minimum,4471,4471,0.3,-1,62.875,62.875,0
1786401921642,3000,Minimum,4471,4471,0.3,-1,62.875,62.875,0
1786401921742,3000,Minimum,4471,4471,0.3,-1,62.875,62.875,0
1786401921842,3000,Minimum,4471,4471,0.3,-1,62.9375,62.9375,0
1786401921942,3000,Minimum,4471,4471,0.3,-1,62.9375,62.9375,0
1786401922042,3000,Minimum,4471,4471,0.3,-1,62.9375,62.9375,0
1786401922142,3000,Minimum,4471,4471,0.3,-1,62.9375,62.9375,0
1786401922243,3000,Minimum,4471,4471,0.3,-1,62.9375,62.9375,0
1786401922342,3000,Minimum,4471,4471,0.3,-1,62.9375,62.9375,0
1786401922442,3000,Minimum,4471,4471,0.3,-1,62.9375,62.9375,0
1786401922542,3000,Minimum,4471,4471,0.3,-1,62.9375,62.9375,0
1786401922642,3000,Minimum,4471,4471,0.3,-1,62.9375,62.9375,0
1786401922742,3000,Minimum,4471,4471,0.3,-1,62.9375,62.9375,0
1786401922842,3000,Minimum,4471,4471,0.3,-1,62.8125,62.8125,0
1786401922942,3000,Minimum,4471,4471,0.3,-1,62.8125,62.8125,0
1786401923042,3000,Minimum,4471,4471,0.3,-1,62.8125,62.8125,0
1786401923142,3000,Minimum,4471,4471,0.3,-1,62.8125,62.8125,0
1786401923242,3000,Minimum,4471,4471,0.3,-1,62.8125,62.8125,0
1786401923342,3000,Minimum,4471,4471,0.3,-1,62.8125,62.8125,0
1786401923442,3000,Minimum,4471,4471,0.3,-1,62.8125,62.8125,0
1786401923542,3000,Minimum,4471,4471,0.3,-1,62.8125,62.8125,0
1786401923642,3000,Minimum,4471,4471,0.3,-1,62.8125,62.8125,0
1786401923742,3000,Minimum,4471,4471,0.3,-1,62.8125,62.8125,0
1786401923842,3000,Minimum,4471,4471,0.3,-1,62.875,62.875,0
1786401923942,3000,Minimum,4471,4471,0.3,-1,62.875,62.875,0
1786401924042,3000,Minimum,4471,4471,0.3,-1,62.875,62.875,0
1786401924142,3000,Minimum,4471,4471,0.3,-1,62.875,62.875,0
1786401924242,3000,Minimum,4471,4471,0.3,-1,62.875,62.875,0
1786401924342,3000,Minimum,4471,4471,0.3,-1,62.875,62.875,0
1786401924442,3000,Minimum,4471,4471,0.3,-1,62.875,62.875,0
1786401924543,3000,Minimum,4471,4471,0.3,-1,62.875,62.875,0
1786401924642,3000,Minimum,4471,4471,0.3,-1,62.875,62.875,0
1786401924742,3000,Minimum,4471,4471,0.3,-1,62.875,62.875,0
1786401924842,3000,Minimum,4471,4471,0.3,-1,63,63,0
1786401924942,3000,Minimum,4471,4471,0.3,-1,63,63,0
1786401925043,3000,Minimum,4471,4471,0.3,-1,63,63,0
1786401925142,3000,Minimum,4471,4471,0.3,-1,63,63,0
1786401925242,3000,Minimum,4471,4471,0.3,-1,63,63,0
1786401925342,3000,Minimum,4471,4471,0.3,-1,63,63,0
1786401925442,3000,Minimum,4471,4471,0.3,-1,63,63,0
1786401925542,3000,Minimum,4471,4471,0.3,-1,63,63,0
1786401925642,3000,Minimum,4471,4471,0.3,-1,63,63,0
1786401925742,3000,Minimum,4471,4471,0.3,-1,63,63,0
1786401925842,3000,Minimum,4471,4471,0.3,-1,63,63,0
1786401925942,3000,Minimum,4471,4471,0.3,-1,63,63,0
1786401926042,3000,Minimum,4471,4471,0.3,-1,63,63,0
1786401926142,3000,Minimum,4471,4471,0.3,-1,63,63,0
1786401926242,3000,Minimum,4471,4471,0.3,-1,63,63,0
1786401926342,3000,Minimum,4471,4471,0.3,-1,63,63,0
1786401926442,3000,Minimum,4471,4471,0.3,-1,63,63,0
1786401926542,3000,Minimum,4471,4471,0.3,-1,63,63,0
1786401926642,3000,Minimum,4471,4471,0.3,-1,63,63,0
1786401926742,3000,Minimum,4471,4471,0.3,-1,63,63,0
1786401926842,3000,Minimum,4471,4471,0.3,-1,63,63,0
1786401926942,3000,Minimum,4471,4471,0.3,-1,63,63,0
1786401927042,3000,Minimum,4471,4471,0.3,-1,63,63,0
1786401927143,3000,Minimum,4471,4471,0.3,-1,63,63,0
1786401927242,3000,Minimum,4471,4471,0.3,-1,63,63,0
1786401927342,3000,Minimum,4471,4471,0.3,-1,63,63,0
1786401927442,3000,Minimum,4471,4471,0.3,-1,63,63,0
1786401927542,3000,Minimum,4471,4471,0.3,-1,63,63,0
1786401927646,3000,Minimum,4471,4471,0.3,-1,63,63,0
1786401927742,3000,Minimum,4471,4471,0.3,-1,63,63,0
1786401927842,3000,Minimum,4471,4471,0.3,-1,63.0625,63.0625,0
1786401927942,3000,Minimum,4471,4471,0.3,-1,63.0625,63.0625,0
1786401928042,3000,Minimum,4471,4471,0.3,-1,63.0625,63.0625,0
1786401928142,3000,Minimum,4471,4471,0.3,-1,63.0625,63.0625,0
1786401928242,3000,Minimum,4471,4471,0.3,-1,63.0625,63.0625,0
1786401928342,3000,Minimum,4471,4471,0.3,-1,63.0625,63.0625,0
1786401928442,3000,Minimum,4471,4471,0.3,-1,63.0625,63.0625,0
1786401928542,3000,Minimum,4471,4471,0.3,-1,63.0625,63.0625,0
1786401928642,3000,Minimum,4471,4471,0.3,-1,63.0625,63.0625,0
1786401928742,3000,Minimum,4471,4471,0.3,-1,63.0625,63.0625,0
1786401928842,3000,Minimum,4471,4471,0.3,-1,63.0625,63.0625,0
1786401928942,3000,Minimum,4471,4471,0.3,-1,63.0625,63.0625,0
1786401929042,3000,Minimum,4471,4471,0.3,-1,63.0625,63.0625,0
1786401929142,3000,Minimum,4471,4471,0.3,-1,63.0625,63.0625,0
1786401929242,3000,Minimum,4471,4471,0.3,-1,63.0625,63.0625,0
1786401929342,3000,Minimum,4471,4471,0.3,-1,63.0625,63.0625,0
1786401929442,3000,Minimum,4471,4471,0.3,-1,63.0625,63.0625,0
1786401929542,3000,Minimum,4471,4471,0.3,-1,63.0625,63.0625,0
1786401929642,3000,Minimum,4471,4471,0.3,-1,63.0625,63.0625,0
1786401929742,3000,Minimum,4471,4471,0.3,-1,63.0625,63.0625,0
1786401929842,3000,Minimum,4471,4471,0.3,-1,63,63,0
1786401929942,3000,Minimum,4471,4471,0.3,-1,63,63,0
1786401930042,3000,Minimum,4471,4471,0.3,-1,63,63,0
1786401930142,3000,Minimum,4471,4471,0.3,-1,63,63,0
1786401930242,3000,Minimum,4471,4471,0.3,-1,63,63,0
1786401930342,3000,Minimum,4471,4471,0.3,-1,63,63,0
1786401930442,3000,Minimum,4471,4471,0.3,-1,63,63,0
1786401930542,3000,Minimum,4471,4471,0.3,-1,63,63,0
1786401930642,3000,Minimum,4471,4471,0.3,-1,63,63,0
1786401930742,3000,Minimum,4471,4471,0.3,-1,63,63,0
1786401930842,3000,Minimum,4471,4471,0.3,-1,63.1875,63.1875,0
1786401930942,3000,Minimum,4471,4471,0.3,-1,63.1875,63.1875,0
1786401931042,3000,Minimum,4471,4471,0.3,-1,63.1875,63.1875,0
1786401931142,3000,Minimum,4471,4471,0.3,-1,63.1875,63.1875,0
1786401931242,3000,Minimum,4471,4471,0.3,-1,63.1875,63.1875,0
1786401931342,3000,Minimum,4471,4471,0.3,-1,63.1875,63.1875,0
1786401931442,3000,Minimum,4471,4471,0.3,-1,63.1875,63.1875,0
1786401931542,3000,Minimum,4471,4471,0.3,-1,63.1875,63.1875,0
1786401931642,3000,Minimum,4471,4471,0.3,-1,63.1875,63.1875,0
1786401931742,3000,Minimum,4471,4471,0.3,-1,63.1875,63.1875,0
1786401931842,3000,Minimum,4471,4471,0.3,-1,63.1875,63.1875,0
1786401931942,3000,Minimum,4471,4471,0.3,-1,63.1875,63.1875,0
1786401932042,3000,Minimum,4471,4471,0.3,-1,63.1875,63.1875,0
1786401932142,3000,Minimum,4471,4471,0.3,-1,63.1875,63.1875,0
1786401932242,3000,Minimum,4471,4471,0.3,-1,63.1875,63.1875,0
1786401932342,3000,Minimum,4471,4471,0.3,-1,63.1875,63.1875,0
1786401932442,3000,Minimum,4471,4471,0.3,-1,63.1875,63.1875,0
1786401932542,3000,Minimum,4471,4471,0.3,-1,63.1875,63.1875,0
1786401932642,3000,Minimum,4471,4471,0.3,-1,63.1875,63.1875,0
1786401932742,3000,Minimum,4471,4471,0.3,-1,63.1875,63.1875,0
1786401932842,3000,Minimum,4471,4471,0.3,-1,63.1875,63.1875,0
1786401932942,3000,Minimum,4471,4471,0.3,-1,63.1875,63.1875,0
1786401933042,3000,Minimum,4471,4471,0.3,-1,63.1875,63.1875,0
1786401933142,3000,Minimum,4471,4471,0.3,-1,63.1875,63.1875,0
1786401933242,3000,Minimum,4471,4471,0.3,-1,63.1875,63.1875,0
1786401933342,3000,Minimum,4471,4471,0.3,-1,63.1875,63.1875,0
1786401933442,3000,Minimum,4471,4471,0.3,-1,63.1875,63.1875,0
1786401933542,3000,Minimum,4471,4471,0.3,-1,63.1875,63.1875,0
1786401933642,3000,Minimum,4471,4471,0.3,-1,63.1875,63.1875,0
1786401933742,3000,Minimum,4471,4471,0.3,-1,63.1875,63.1875,0
1786401933842,3000,Minimum,4471,4471,0.3,-1,63.25,63.25,0
1786401933942,3000,Minimum,4471,4471,0.3,-1,63.25,63.25,0
1786401934042,3000,Minimum,4471,4471,0.3,-1,63.25,63.25,0
1786401934142,3000,Minimum,4471,4471,0.3,-1,63.25,63.25,0
1786401934243,3000,Minimum,4471,4471,0.3,-1,63.25,63.25,0
1786401934346,3000,Minimum,4471,4471,0.3,-1,63.25,63.25,0
1786401934442,3000,Minimum,4471,4471,0.3,-1,63.25,63.25,0
1786401934542,3000,Minimum,4471,4471,0.3,-1,63.25,63.25,0
1786401934642,3000,Minimum,4471,4471,0.3,-1,63.25,63.25,0
1786401934742,3000,Minimum,4471,4471,0.3,-1,63.25,63.25,0
1786401934842,3000,Minimum,4471,4471,0.3,-1,63.25,63.25,0
1786401934942,3000,Minimum,4471,4471,0.3,-1,63.25,63.25,0
1786401935042,3000,Minimum,4471,4471,0.3,-1,63.25,63.25,0
1786401935142,3000,Minimum,4471,4471,0.3,-1,63.25,63.25,0
1786401935242,3000,Minimum,4471,4471,0.3,-1,63.25,63.25,0
1786401935342,3000,Minimum,4471,4471,0.3,-1,63.25,63.25,0
1786401935443,3000,Minimum,4471,4471,0.3,-1,63.25,63.25,0
1786401935542,3000,Minimum,4471,4471,0.3,-1,63.25,63.25,0
1786401935642,3000,Minimum,4471,4471,0.3,-1,63.25,63.25,0
1786401935742,3000,Minimum,4471,4471,0.3,-1,63.25,63.25,0
1786401935842,3000,Minimum,4471,4471,0.3,-1,63.3125,63.3125,0
1786401935942,3000,Minimum,4471,4471,0.3,-1,63.3125,63.3125,0
1786401936042,3000,Minimum,4471,4471,0.3,-1,63.3125,63.3125,0
1786401936142,3000,Minimum,4471,4471,0.3,-1,63.3125,63.3125,0
1786401936242,3000,Minimum,4471,4471,0.3,-1,63.3125,63.3125,0
1786401936342,3000,Minimum,4471,4471,0.3,-1,63.3125,63.3125,0
1786401936442,3000,Minimum,4471,4471,0.3,-1,63.3125,63.3125,0
1786401936542,3000,Minimum,4471,4471,0.3,-1,63.3125,63.3125,0
1786401936642,3000,Minimum,4471,4471,0.3,-1,63.3125,63.3125,0
1786401936742,3000,Minimum,4471,4471,0.3,-1,63.3125,63.3125,0
1786401936842,3000,Minimum,4471,4471,0.3,-1,63.1875,63.1875,0
1786401936942,3000,Minimum,4471,4471,0.3,-1,63.1875,63.1875,0
1786401937042,3000,Minimum,4471,4471,0.3,-1,63.1875,63.1875,0
1786401937142,3000,Minimum,4471,4471,0.3,-1,63.1875,63.1875,0
1786401937242,3000,Minimum,4471,4471,0.3,-1,63.1875,63.1875,0
1786401937342,3000,Minimum,4471,4471,0.3,-1,63.1875,63.1875,0
1786401937442,3000,Minimum,4471,4471,0.3,-1,63.1875,63.1875,0
1786401937542,3000,Minimum,4471,4471,0.3,-1,63.1875,63.1875,0
1786401937642,3000,Minimum,4471,4471,0.3,-1,63.1875,63.1875,0
1786401937742,3000,Minimum,4471,4471,0.3,-1,63.1875,63.1875,0
1786401937842,3000,Minimum,4471,4471,0.3,-1,63.3125,63.3125,0
1786401937942,3000,Minimum,4471,4471,0.3,-1,63.3125,63.3125,0
1786401938042,3000,Minimum,4471,4471,0.3,-1,63.3125,63.3125,0
1786401938142,3000,Minimum,4471,4471,0.3,-1,63.3125,63.3125,0
1786401938242,3000,Minimum,4471,4471,0.3,-1,63.3125,63.3125,0
1786401938342,3000,Minimum,4471,4471,0.3,-1,63.3125,63.3125,0
1786401938442,3000,Minimum,4471,4471,0.3,-1,63.3125,63.3125,0
1786401938542,3000,Minimum,4471,4471,0.3,-1,63.3125,63.3125,0
1786401938642,3000,Minimum,4471,4471,0.3,-1,63.3125,63.3125,0
1786401938742,3000,Minimum,4471,4471,0.3,-1,63.3125,63.3125,0
1786401938842,3000,Minimum,4471,4471,0.3,-1,63.3125,63.3125,0
1786401938943,3000,Minimum,4471,4471,0.3,-1,63.3125,63.3125,0
1786401939042,3000,Minimum,4471,4471,0.3,-1,63.3125,63.3125,0
1786401939142,3000,Minimum,4471,4471,0.3,-1,63.3125,63.3125,0
1786401939243,3000,Minimum,4471,4471,0.3,-1,63.3125,63.3125,0
1786401939346,3000,Minimum,4471,4471,0.3,-1,63.3125,63.3125,0
1786401939442,3000,Minimum,4471,4471,0.3,-1,63.3125,63.3125,0
1786401939542,3000,Minimum,4471,4471,0.3,-1,63.3125,63.3125,0
1786401939642,3000,Minimum,4471,4471,0.3,-1,63.3125,63.3125,0
1786401939742,3000,Minimum,4471,4471,0.3,-1,63.3125,63.3125,0
1786401939842,3000,Minimum,4471,4471,0.3,-1,63.4375,63.4375,0
1786401939942,3000,Minimum,4471,4471,0.3,-1,63.4375,63.4375,0
1786401940042,3000,Minimum,4471,4471,0.3,-1,63.4375,63.4375,0
1786401940142,3000,Minimum,4471,4471,0.3,-1,63.4375,63.4375,0
1786401940242,3000,Minimum,4471,4471,0.3,-1,63.4375,63.4375,0
1786401940342,3000,Minimum,4471,4471,0.3,-1,63.4375,63.4375,0
1786401940442,3000,Minimum,4471,4471,0.3,-1,63.4375,63.4375,0
1786401940542,3000,Minimum,4471,4471,0.3,-1,63.4375,63.4375,0
1786401940642,3000,Minimum,4471,4471,0.3,-1,63.4375,63.4375,0
1786401940742,3000,Minimum,4471,4471,0.3,-1,63.4375,63.4375,0
1786401940842,3000,Minimum,4471,4471,0.3,-1,63.5,63.5,0
1786401940942,3000,Minimum,4471,4471,0.3,-1,63.5,63.5,0
1786401941042,3000,Minimum,4471,4471,0.3,-1,63.5,63.5,0
1786401941142,3000,Minimum,4471,4471,0.3,-1,63.5,63.5,0
1786401941242,3000,Minimum,4471,4471,0.3,-1,63.5,63.5,0
1786401941342,3000,Minimum,4471,4471,0.3,-1,63.5,63.5,0
1786401941442,3000,Minimum,4471,4471,0.3,-1,63.5,63.5,0
1786401941542,3000,Minimum,4471,4471,0.3,-1,63.5,63.5,0
1786401941642,3000,Minimum,4471,4471,0.3,-1,63.5,63.5,0
1786401941742,3000,Minimum,4471,4471,0.3,-1,63.5,63.5,0
1786401941842,3000,Minimum,4471,4471,0.3,-1,63.4375,63.4375,0
1786401941942,3000,Minimum,4471,4471,0.3,-1,63.4375,63.4375,0
1786401942042,3000,Minimum,4471,4471,0.3,-1,63.4375,63.4375,0
1786401942142,3000,Minimum,4471,4471,0.3,-1,63.4375,63.4375,0
1786401942242,3000,Minimum,4471,4471,0.3,-1,63.4375,63.4375,0
1786401942342,3000,Minimum,4471,4471,0.3,-1,63.4375,63.4375,0
1786401942442,3000,Minimum,4471,4471,0.3,-1,63.4375,63.4375,0
1786401942546,3000,Minimum,4471,4471,0.3,-1,63.4375,63.4375,0
1786401942642,3000,Minimum,4471,4471,0.3,-1,63.4375,63.4375,0
1786401942742,3000,Minimum,4471,4471,0.3,-1,63.4375,63.4375,0
1786401942842,3000,Minimum,4471,4471,0.3,-1,63.375,63.375,0
1786401942943,3000,Minimum,4471,4471,0.3,-1,63.375,63.375,0
1786401943042,3000,Minimum,4471,4471,0.3,-1,63.375,63.375,0
1786401943142,3000,Minimum,4471,4471,0.3,-1,63.375,63.375,0
1786401943242,3000,Minimum,4471,4471,0.3,-1,63.375,63.375,0
1786401943342,3000,Minimum,4471,4471,0.3,-1,63.375,63.375,0
1786401943443,3000,Minimum,4471,4471,0.3,-1,63.375,63.375,0
1786401943542,3000,Minimum,4471,4471,0.3,-1,63.375,63.375,0
1786401943642,3000,Minimum,4471,4471,0.3,-1,63.375,63.375,0
1786401943742,3000,Minimum,4471,4471,0.3,-1,63.375,63.375,0
1786401943842,3000,Minimum,4471,4471,0.3,-1,63.375,63.375,0
1786401943942,3000,Minimum,4471,4471,0.3,-1,63.375,63.375,0
1786401944042,3000,Minimum,4471,4471,0.3,-1,63.375,63.375,0
1786401944142,3000,Minimum,4471,4471,0.3,-1,63.375,63.375,0
1786401944242,3000,Minimum,4471,4471,0.3,-1,63.375,63.375,0
1786401944342,3000,Minimum,4471,4471,0.3,-1,63.375,63.375,0
1786401944442,3000,Minimum,4471,4471,0.3,-1,63.375,63.375,0
1786401944542,3000,Minimum,4471,4471,0.3,-1,63.375,63.375,0
1786401944643,3000,Minimum,4471,4471,0.3,-1,63.375,63.375,0
1786401944742,3000,Minimum,4471,4471,0.3,-1,63.375,63.375,0
1786401944842,3000,Minimum,4471,4471,0.3,-1,63.4375,63.4375,0
1786401944942,3000,Minimum,4471,4471,0.3,-1,63.4375,63.4375,0
1786401945042,3000,Minimum,4471,4471,0.3,-1,63.4375,63.4375,0
1786401945142,3000,Minimum,4471,4471,0.3,-1,63.4375,63.4375,0
1786401945242,3000,Minimum,4471,4471,0.3,-1,63.4375,63.4375,0
1786401945342,3000,Minimum,4471,4471,0.3,-1,63.4375,63.4375,0
1786401945442,3000,Minimum,4471,4471,0.3,-1,63.4375,63.4375,0
1786401945543,3000,Minimum,4471,4471,0.3,-1,63.4375,63.4375,0
1786401945642,3000,Minimum,4471,4471,0.3,-1,63.4375,63.4375,0
1786401945742,3000,Minimum,4471,4471,0.3,-1,63.4375,63.4375,0
1786401945842,3000,Minimum,4471,4471,0.3,-1,63.4375,63.4375,0
1786401945942,3000,Minimum,4471,4471,0.3,-1,63.4375,63.4375,0
1786401946042,3000,Minimum,4471,4471,0.3,-1,63.4375,63.4375,0
1786401946143,3000,Minimum,4471,4471,0.3,-1,63.4375,63.4375,0
1786401946242,3000,Minimum,4471,4471,0.3,-1,63.4375,63.4375,0
1786401946342,3000,Minimum,4471,4471,0.3,-1,63.4375,63.4375,0
1786401946443,3000,Minimum,4471,4471,0.3,-1,63.4375,63.4375,0
1786401946542,3000,Minimum,4471,4471,0.3,-1,63.4375,63.4375,0
1786401946642,3000,Minimum,4471,4471,0.3,-1,63.4375,63.4375,0
1786401946742,3000,Minimum,4471,4471,0.3,-1,63.4375,63.4375,0
1786401946842,3000,Minimum,4471,4471,0.3,-1,63.5,63.5,0
1786401946942,3000,Minimum,4471,4471,0.3,-1,63.5,63.5,0
1786401947042,3000,Minimum,4471,4471,0.3,-1,63.5,63.5,0
1786401947142,3000,Minimum,4471,4471,0.3,-1,63.5,63.5,0
1786401947242,3000,Minimum,4471,4471,0.3,-1,63.5,63.5,0
1786401947342,3000,Minimum,4471,4471,0.3,-1,63.5,63.5,0
1786401947442,3000,Minimum,4471,4471,0.3,-1,63.5,63.5,0
1786401947542,3000,Minimum,4471,4471,0.3,-1,63.5,63.5,0
1786401947642,3000,Minimum,4471,4471,0.3,-1,63.5,63.5,0
1786401947742,3000,Minimum,4471,4471,0.3,-1,63.5,63.5,0
1786401947842,3000,Minimum,4471,4471,0.3,-1,63.5,63.5,0
1786401947942,3000,Minimum,4471,4471,0.3,-1,63.5,63.5,0
1786401948042,3000,Minimum,4471,4471,0.3,-1,63.5,63.5,0
1786401948142,3000,Minimum,4471,4471,0.3,-1,63.5,63.5,0
1786401948242,3000,Minimum,4471,4471,0.3,-1,63.5,63.5,0
1786401948342,3000,Minimum,4471,4471,0.3,-1,63.5,63.5,0
1786401948442,3000,Minimum,4471,4471,0.3,-1,63.5,63.5,0
1786401948542,3000,Minimum,4471,4471,0.3,-1,63.5,63.5,0
1786401948642,3000,Minimum,4471,4471,0.3,-1,63.5,63.5,0
1786401948742,3000,Minimum,4471,4471,0.3,-1,63.5,63.5,0
1786401948842,3000,Minimum,4471,4471,0.3,-1,63.5625,63.5625,0
1786401948942,3000,Minimum,4471,4471,0.3,-1,63.5625,63.5625,0
1786401949042,3000,Minimum,4471,4471,0.3,-1,63.5625,63.5625,0
1786401949142,3000,Minimum,4471,4471,0.3,-1,63.5625,63.5625,0
1786401949242,3000,Minimum,4471,4471,0.3,-1,63.5625,63.5625,0
1786401949342,3000,Minimum,4471,4471,0.3,-1,63.5625,63.5625,0
1786401949445,3000,Minimum,4471,4471,0.3,-1,63.5625,63.5625,0
1786401949542,3000,Minimum,4471,4471,0.3,-1,63.5625,63.5625,0
1786401949642,3000,Minimum,4471,4471,0.3,-1,63.5625,63.5625,0
1786401949742,3000,Minimum,4471,4471,0.3,-1,63.5625,63.5625,0
1786401949842,3000,Minimum,4471,4471,0.3,-1,63.5,63.5,0
1786401949942,3000,Minimum,4471,4471,0.3,-1,63.5,63.5,0
1786401950042,3000,Minimum,4471,4471,0.3,-1,63.5,63.5,0
1786401950142,3000,Minimum,4471,4471,0.3,-1,63.5,63.5,0
1786401950242,3000,Minimum,4471,4471,0.3,-1,63.5,63.5,0
1786401950342,3000,Minimum,4471,4471,0.3,-1,63.5,63.5,0
1786401950442,3000,Minimum,4471,4471,0.3,-1,63.5,63.5,0
1786401950542,3000,Minimum,4471,4471,0.3,-1,63.5,63.5,0
1786401950642,3000,Minimum,4471,4471,0.3,-1,63.5,63.5,0
1786401950742,3000,Minimum,4471,4471,0.3,-1,63.5,63.5,0
1786401950842,3000,Minimum,4471,4471,0.3,-1,63.5625,63.5625,0
1786401950942,3000,Minimum,4471,4471,0.3,-1,63.5625,63.5625,0
1786401951042,3000,Minimum,4471,4471,0.3,-1,63.5625,63.5625,0
1786401951142,3000,Minimum,4471,4471,0.3,-1,63.5625,63.5625,0
1786401951242,3000,Minimum,4471,4471,0.3,-1,63.5625,63.5625,0
1786401951343,3000,Minimum,4471,4471,0.3,-1,63.5625,63.5625,0
1786401951442,3000,Minimum,4471,4471,0.3,-1,63.5625,63.5625,0
1786401951542,3000,Minimum,4471,4471,0.3,-1,63.5625,63.5625,0
1786401951643,3000,Minimum,4471,4471,0.3,-1,63.5625,63.5625,0
1786401951742,3000,Minimum,4471,4471,0.3,-1,63.5625,63.5625,0
1786401951842,3000,Minimum,4471,4471,0.3,-1,63.5625,63.5625,0
1786401951942,3000,Minimum,4471,4471,0.3,-1,63.5625,63.5625,0
1786401952042,3000,Minimum,4471,4471,0.3,-1,63.5625,63.5625,0
1786401952142,3000,Minimum,4471,4471,0.3,-1,63.5625,63.5625,0
1786401952242,3000,Minimum,4471,4471,0.3,-1,63.5625,63.5625,0
1786401952342,3000,Minimum,4471,4471,0.3,-1,63.5625,63.5625,0
1786401952442,3000,Minimum,4471,4471,0.3,-1,63.5625,63.5625,0
1786401952542,3000,Minimum,4471,4471,0.3,-1,63.5625,63.5625,0
1786401952642,3000,Minimum,4471,4471,0.3,-1,63.5625,63.5625,0
1786401952742,3000,Minimum,4471,4471,0.3,-1,63.5625,63.5625,0
1786401952842,3000,Minimum,4471,4471,0.3,-1,63.625,63.625,0
1786401952942,3000,Minimum,4471,4471,0.3,-1,63.625,63.625,0
1786401953042,3000,Minimum,4471,4471,0.3,-1,63.625,63.625,0
1786401953142,3000,Minimum,4471,4471,0.3,-1,63.625,63.625,0
1786401953242,3000,Minimum,4471,4471,0.3,-1,63.625,63.625,0
1786401953343,3000,Minimum,4471,4471,0.3,-1,63.625,63.625,0
1786401953442,3000,Minimum,4471,4471,0.3,-1,63.625,63.625,0
1786401953542,3000,Minimum,4471,4471,0.3,-1,63.625,63.625,0
1786401953643,3000,Minimum,4471,4471,0.3,-1,63.625,63.625,0
1786401953742,3000,Minimum,4471,4471,0.3,-1,63.625,63.625,0
1786401953842,3000,Minimum,4471,4471,0.3,-1,63.5625,63.5625,0
1786401953942,3000,Minimum,4471,4471,0.3,-1,63.5625,63.5625,0
1786401954042,3000,Minimum,4471,4471,0.3,-1,63.5625,63.5625,0
1786401954142,3000,Minimum,4471,4471,0.3,-1,63.5625,63.5625,0
1786401954242,3000,Minimum,4471,4471,0.3,-1,63.5625,63.5625,0
1786401954342,3000,Minimum,4471,4471,0.3,-1,63.5625,63.5625,0
1786401954442,3000,Minimum,4471,4471,0.3,-1,63.5625,63.5625,0
1786401954543,3000,Minimum,4471,4471,0.3,-1,63.5625,63.5625,0
1786401954642,3000,Minimum,4471,4471,0.3,-1,63.5625,63.5625,0
1786401954742,3000,Minimum,4471,4471,0.3,-1,63.5625,63.5625,0
1786401954842,3000,Minimum,4471,4471,0.3,-1,63.6875,63.6875,0
1786401954942,3000,Minimum,4471,4471,0.3,-1,63.6875,63.6875,0
1786401955042,3000,Minimum,4471,4471,0.3,-1,63.6875,63.6875,0
1786401955142,3000,Minimum,4471,4471,0.3,-1,63.6875,63.6875,0
1786401955242,3000,Minimum,4471,4471,0.3,-1,63.6875,63.6875,0
1786401955342,3000,Minimum,4471,4471,0.3,-1,63.6875,63.6875,0
1786401955442,3000,Minimum,4471,4471,0.3,-1,63.6875,63.6875,0
1786401955542,3000,Minimum,4471,4471,0.3,-1,63.6875,63.6875,0
1786401955642,3000,Minimum,4471,4471,0.3,-1,63.6875,63.6875,0
1786401955742,3000,Minimum,4471,4471,0.3,-1,63.6875,63.6875,0
1786401955843,3000,Minimum,4471,4471,0.3,-1,63.6875,63.6875,0
1786401955942,3000,Minimum,4471,4471,0.3,-1,63.6875,63.6875,0
1786401956042,3000,Minimum,4471,4471,0.3,-1,63.6875,63.6875,0
1786401956142,3000,Minimum,4471,4471,0.3,-1,63.6875,63.6875,0
1786401956242,3000,Minimum,4471,4471,0.3,-1,63.6875,63.6875,0
1786401956342,3000,Minimum,4471,4471,0.3,-1,63.6875,63.6875,0
1786401956442,3000,Minimum,4471,4471,0.3,-1,63.6875,63.6875,0
1786401956542,3000,Minimum,4471,4471,0.3,-1,63.6875,63.6875,0
1786401956643,3000,Minimum,4471,4471,0.3,-1,63.6875,63.6875,0
1786401956742,3000,Minimum,4471,4471,0.3,-1,63.6875,63.6875,0
1786401956842,3000,Minimum,4471,4471,0.3,-1,63.6875,63.6875,0
1786401956942,3000,Minimum,4471,4471,0.3,-1,63.6875,63.6875,0
1786401957042,3000,Minimum,4471,4471,0.3,-1,63.6875,63.6875,0
1786401957142,3000,Minimum,4471,4471,0.3,-1,63.6875,63.6875,0
1786401957242,3000,Minimum,4471,4471,0.3,-1,63.6875,63.6875,0
1786401957342,3000,Minimum,4471,4471,0.3,-1,63.6875,63.6875,0
1786401957443,3000,Minimum,4471,4471,0.3,-1,63.6875,63.6875,0
1786401957542,3000,Minimum,4471,4471,0.3,-1,63.6875,63.6875,0
1786401957643,3000,Minimum,4471,4471,0.3,-1,63.6875,63.6875,0
1786401957742,3000,Minimum,4471,4471,0.3,-1,63.6875,63.6875,0
1786401957842,3000,Minimum,4471,4471,0.3,-1,63.625,63.625,0
1786401957942,3000,Minimum,4471,4471,0.3,-1,63.625,63.625,0
1786401958042,3000,Minimum,4471,4471,0.3,-1,63.625,63.625,0
1786401958142,3000,Minimum,4471,4471,0.3,-1,63.625,63.625,0
1786401958242,3000,Minimum,4471,4471,0.3,-1,63.625,63.625,0
1786401958342,3000,Minimum,4471,4471,0.3,-1,63.625,63.625,0
1786401958442,3000,Minimum,4471,4471,0.3,-1,63.625,63.625,0
1786401958542,3000,Minimum,4471,4471,0.3,-1,63.625,63.625,0
1786401958642,3000,Minimum,4471,4471,0.3,-1,63.625,63.625,0
1786401958742,3000,Minimum,4471,4471,0.3,-1,63.625,63.625,0
1786401958842,3000,Minimum,4471,4471,0.3,-1,63.625,63.625,0
1786401958942,3000,Minimum,4471,4471,0.3,-1,63.625,63.625,0
1786401959042,3000,Minimum,4471,4471,0.3,-1,63.625,63.625,0
1786401959142,3000,Minimum,4471,4471,0.3,-1,63.625,63.625,0
1786401959242,3000,Minimum,4471,4471,0.3,-1,63.625,63.625,0
1786401959342,3000,Minimum,4471,4471,0.3,-1,63.625,63.625,0
1786401959442,3000,Minimum,4471,4471,0.3,-1,63.625,63.625,0
1786401959542,3000,Minimum,4471,4471,0.3,-1,63.625,63.625,0
1786401959642,3000,Minimum,4471,4471,0.3,-1,63.625,63.625,0
1786401959742,3000,Minimum,4471,4471,0.3,-1,63.625,63.625,0
1786401959842,3000,Minimum,4471,4471,0.3,-1,63.6875,63.6875,0
1786401959942,3000,Minimum,4471,4471,0.3,-1,63.6875,63.6875,0
1786401960042,3000,Minimum,4471,4471,0.3,-1,63.6875,63.6875,0
1786401960142,3000,Minimum,4471,4471,0.3,-1,63.6875,63.6875,0
1786401960243,3000,Minimum,4471,4471,0.3,-1,63.6875,63.6875,0
1786401960342,3000,Minimum,4471,4471,0.3,-1,63.6875,63.6875,0
1786401960442,3000,Minimum,4471,4471,0.3,-1,63.6875,63.6875,0
1786401960542,3000,Minimum,4471,4471,0.3,-1,63.6875,63.6875,0
1786401960643,3000,Minimum,4471,4471,0.3,-1,63.6875,63.6875,0
1786401960742,3000,Minimum,4471,4471,0.3,-1,63.6875,63.6875,0
1786401960842,3000,Minimum,4471,4471,0.3,-1,63.6875,63.6875,0
1786401960943,3000,Minimum,4471,4471,0.3,-1,63.6875,63.6875,0
1786401961042,3000,Minimum,4471,4471,0.3,-1,63.6875,63.6875,0
1786401961142,3000,Minimum,4471,4471,0.3,-1,63.6875,63.6875,0
1786401961242,3000,Minimum,4471,4471,0.3,-1,63.6875,63.6875,0
1786401961342,3000,Minimum,4471,4471,0.3,-1,63.6875,63.6875,0
1786401961442,3000,Minimum,4471,4471,0.3,-1,63.6875,63.6875,0
1786401961542,3000,Minimum,4471,4471,0.3,-1,63.6875,63.6875,0
1786401961642,3000,Minimum,4471,4471,0.3,-1,63.6875,63.6875,0
1786401961742,3000,Minimum,4471,4471,0.3,-1,63.6875,63.6875,0
1786401961842,3000,Minimum,4471,4471,0.3,-1,63.75,63.75,0
1786401961942,3000,Minimum,4471,4471,0.3,-1,63.75,63.75,0
1786401962042,3000,Minimum,4471,4471,0.3,-1,63.75,63.75,0
1786401962142,3000,Minimum,4471,4471,0.3,-1,63.75,63.75,0
1786401962242,3000,Minimum,4471,4471,0.3,-1,63.75,63.75,0
1786401962342,3000,Minimum,4471,4471,0.3,-1,63.75,63.75,0
1786401962442,3000,Minimum,4471,4471,0.3,-1,63.75,63.75,0
1786401962542,3000,Minimum,4471,4471,0.3,-1,63.75,63.75,0
1786401962643,3000,Minimum,4471,4471,0.3,-1,63.75,63.75,0
1786401962742,3000,Minimum,4471,4471,0.3,-1,63.75,63.75,0
1786401962842,3000,Minimum,4471,4471,0.3,-1,63.8125,63.8125,0
1786401962942,3000,Minimum,4471,4471,0.3,-1,63.8125,63.8125,0
1786401963042,3000,Minimum,4471,4471,0.3,-1,63.8125,63.8125,0
1786401963142,3000,Minimum,4471,4471,0.3,-1,63.8125,63.8125,0
1786401963242,3000,Minimum,4471,4471,0.3,-1,63.8125,63.8125,0
1786401963342,3000,Minimum,4471,4471,0.3,-1,63.8125,63.8125,0
1786401963442,3000,Minimum,4471,4471,0.3,-1,63.8125,63.8125,0
1786401963542,3000,Minimum,4471,4471,0.3,-1,63.8125,63.8125,0
1786401963642,3000,Minimum,4471,4471,0.3,-1,63.8125,63.8125,0
1786401963742,3000,Minimum,4471,4471,0.3,-1,63.8125,63.8125,0
1786401963842,3000,Minimum,4471,4471,0.3,-1,63.75,63.75,0
1786401963946,3000,Minimum,4471,4471,0.3,-1,63.75,63.75,0
1786401964042,3000,Minimum,4471,4471,0.3,-1,63.75,63.75,0
1786401964142,3000,Minimum,4471,4471,0.3,-1,63.75,63.75,0
1786401964242,3000,Minimum,4471,4471,0.3,-1,63.75,63.75,0
1786401964342,3000,Minimum,4471,4471,0.3,-1,63.75,63.75,0
1786401964442,3000,Minimum,4471,4471,0.3,-1,63.75,63.75,0
1786401964542,3000,Minimum,4471,4471,0.3,-1,63.75,63.75,0
1786401964642,3000,Minimum,4471,4471,0.3,-1,63.75,63.75,0
1786401964742,3000,Minimum,4471,4471,0.3,-1,63.75,63.75,0
1786401964842,3000,Minimum,4471,4471,0.3,-1,63.75,63.75,0
1786401964942,3000,Minimum,4471,4471,0.3,-1,63.75,63.75,0
1786401965042,3000,Minimum,4471,4471,0.3,-1,63.75,63.75,0
1786401965142,3000,Minimum,4471,4471,0.3,-1,63.75,63.75,0
1786401965242,3000,Minimum,4471,4471,0.3,-1,63.75,63.75,0
1786401965342,3000,Minimum,4471,4471,0.3,-1,63.75,63.75,0
1786401965442,3000,Minimum,4471,4471,0.3,-1,63.75,63.75,0
1786401965542,3000,Minimum,4471,4471,0.3,-1,63.75,63.75,0
1786401965642,3000,Minimum,4471,4471,0.3,-1,63.75,63.75,0
1786401965742,3000,Minimum,4471,4471,0.3,-1,63.75,63.75,0
1786401965842,3000,Minimum,4471,4471,0.3,-1,63.875,63.875,0
1786401965942,3000,Minimum,4471,4471,0.3,-1,63.875,63.875,0
1786401966042,3000,Minimum,4471,4471,0.3,-1,63.875,63.875,0
1786401966142,3000,Minimum,4471,4471,0.3,-1,63.875,63.875,0
1786401966242,3000,Minimum,4471,4471,0.3,-1,63.875,63.875,0
1786401966342,3000,Minimum,4471,4471,0.3,-1,63.875,63.875,0
1786401966442,3000,Minimum,4471,4471,0.3,-1,63.875,63.875,0
1786401966542,3000,Minimum,4471,4471,0.3,-1,63.875,63.875,0
1786401966642,3000,Minimum,4471,4471,0.3,-1,63.875,63.875,0
1786401966743,3000,Minimum,4471,4471,0.3,-1,63.875,63.875,0
1786401966842,3000,Minimum,4471,4471,0.3,-1,63.875,63.875,0
1786401966942,3000,Minimum,4471,4471,0.3,-1,63.875,63.875,0
1786401967042,3000,Minimum,4471,4471,0.3,-1,63.875,63.875,0
1786401967142,3000,Minimum,4471,4471,0.3,-1,63.875,63.875,0
1786401967242,3000,Minimum,4471,4471,0.3,-1,63.875,63.875,0
1786401967342,3000,Minimum,4471,4471,0.3,-1,63.875,63.875,0
1786401967442,3000,Minimum,4471,4471,0.3,-1,63.875,63.875,0
1786401967542,3000,Minimum,4471,4471,0.3,-1,63.875,63.875,0
1786401967642,3000,Minimum,4471,4471,0.3,-1,63.875,63.875,0
1786401967742,3000,Minimum,4471,4471,0.3,-1,63.875,63.875,0
1786401967842,3000,Minimum,4471,4471,0.3,-1,63.875,63.875,0
1786401967943,3000,Minimum,4471,4471,0.3,-1,63.875,63.875,0
1786401968042,3000,Minimum,4471,4471,0.3,-1,63.875,63.875,0
1786401968142,3000,Minimum,4471,4471,0.3,-1,63.875,63.875,0
1786401968242,3000,Minimum,4471,4471,0.3,-1,63.875,63.875,0
1786401968342,3000,Minimum,4471,4471,0.3,-1,63.875,63.875,0
1786401968442,3000,Minimum,4471,4471,0.3,-1,63.875,63.875,0
1786401968542,3000,Minimum,4471,4471,0.3,-1,63.875,63.875,0
1786401968642,3000,Minimum,4471,4471,0.3,-1,63.875,63.875,0
1786401968746,3000,Minimum,4471,4471,0.3,-1,63.875,63.875,0
1786401968846,3000,Minimum,4471,4471,0.3,-1,63.9375,63.9375,0
1786401968942,3000,Minimum,4471,4471,0.3,-1,63.9375,63.9375,0
1786401969042,3000,Minimum,4471,4471,0.3,-1,63.9375,63.9375,0
1786401969142,3000,Minimum,4471,4471,0.3,-1,63.9375,63.9375,0
1786401969242,3000,Minimum,4471,4471,0.3,-1,63.9375,63.9375,0
1786401969342,3000,Minimum,4471,4471,0.3,-1,63.9375,63.9375,0
1786401969442,3000,Minimum,4471,4471,0.3,-1,63.9375,63.9375,0
1786401969542,3000,Minimum,4471,4471,0.3,-1,63.9375,63.9375,0
1786401969642,3000,Minimum,4471,4471,0.3,-1,63.9375,63.9375,0
1786401969742,3000,Minimum,4471,4471,0.3,-1,63.9375,63.9375,0
1786401969842,3000,Minimum,4471,4471,0.3,-1,63.875,63.875,0
1786401969942,3000,Minimum,4471,4471,0.3,-1,63.875,63.875,0
1786401970042,3000,Minimum,4471,4471,0.3,-1,63.875,63.875,0
1786401970142,3000,Minimum,4471,4471,0.3,-1,63.875,63.875,0
1786401970242,3000,Minimum,4471,4471,0.3,-1,63.875,63.875,0
1786401970342,3000,Minimum,4471,4471,0.3,-1,63.875,63.875,0
1786401970442,3000,Minimum,4471,4471,0.3,-1,63.875,63.875,0
1786401970542,3000,Minimum,4471,4471,0.3,-1,63.875,63.875,0
1786401970642,3000,Minimum,4471,4471,0.3,-1,63.875,63.875,0
1786401970742,3000,Minimum,4471,4471,0.3,-1,63.875,63.875,0
1786401970842,3000,Minimum,4471,4471,0.3,-1,63.8125,63.8125,0
1786401970942,3000,Minimum,4471,4471,0.3,-1,63.8125,63.8125,0
1786401971042,3000,Minimum,4471,4471,0.3,-1,63.8125,63.8125,0
1786401971142,3000,Minimum,4471,4471,0.3,-1,63.8125,63.8125,0
1786401971242,3000,Minimum,4471,4471,0.3,-1,63.8125,63.8125,0
1786401971342,3000,Minimum,4471,4471,0.3,-1,63.8125,63.8125,0
1786401971442,3000,Minimum,4471,4471,0.3,-1,63.8125,63.8125,0
1786401971542,3000,Minimum,4471,4471,0.3,-1,63.8125,63.8125,0
1786401971642,3000,Minimum,4471,4471,0.3,-1,63.8125,63.8125,0
1786401971742,3000,Minimum,4471,4471,0.3,-1,63.8125,63.8125,0
1786401971842,3000,Minimum,4471,4471,0.3,-1,63.8125,63.8125,0
1786401971942,3000,Minimum,4471,4471,0.3,-1,63.8125,63.8125,0
1786401972042,3000,Minimum,4471,4471,0.3,-1,63.8125,63.8125,0
1786401972142,3000,Minimum,4471,4471,0.3,-1,63.8125,63.8125,0
1786401972242,3000,Minimum,4471,4471,0.3,-1,63.8125,63.8125,0
1786401972342,3000,Minimum,4471,4471,0.3,-1,63.8125,63.8125,0
1786401972442,3000,Minimum,4471,4471,0.3,-1,63.8125,63.8125,0
1786401972542,3000,Minimum,4471,4471,0.3,-1,63.8125,63.8125,0
1786401972642,3000,Minimum,4471,4471,0.3,-1,63.8125,63.8125,0
1786401972742,3000,Minimum,4471,4471,0.3,-1,63.8125,63.8125,0
1786401972842,3000,Minimum,4471,4471,0.3,-1,63.8125,63.8125,0
1786401972942,3000,Minimum,4471,4471,0.3,-1,63.8125,63.8125,0
1786401973042,3000,Minimum,4471,4471,0.3,-1,63.8125,63.8125,0
1786401973142,3000,Minimum,4471,4471,0.3,-1,63.8125,63.8125,0
1786401973242,3000,Minimum,4471,4471,0.3,-1,63.8125,63.8125,0
1786401973343,3000,Minimum,4471,4471,0.3,-1,63.8125,63.8125,0
1786401973442,3000,Minimum,4471,4471,0.3,-1,63.8125,63.8125,0
1786401973542,3000,Minimum,4471,4471,0.3,-1,63.8125,63.8125,0
1786401973642,3000,Minimum,4471,4471,0.3,-1,63.8125,63.8125,0
1786401973742,3000,Minimum,4471,4471,0.3,-1,63.8125,63.8125,0
1786401973842,3000,Minimum,4471,4471,0.3,-1,63.9375,63.9375,0
1786401973942,3000,Minimum,4471,4471,0.3,-1,63.9375,63.9375,0
1786401974042,3000,Minimum,4471,4471,0.3,-1,63.9375,63.9375,0
1786401974142,3000,Minimum,4471,4471,0.3,-1,63.9375,63.9375,0
1786401974242,3000,Minimum,4471,4471,0.3,-1,63.9375,63.9375,0
1786401974342,3000,Minimum,4471,4471,0.3,-1,63.9375,63.9375,0
1786401974442,3000,Minimum,4471,4471,0.3,-1,63.9375,63.9375,0
1786401974542,3000,Minimum,4471,4471,0.3,-1,63.9375,63.9375,0
1786401974642,3000,Minimum,4471,4471,0.3,-1,63.9375,63.9375,0
1786401974742,3000,Minimum,4471,4471,0.3,-1,63.9375,63.9375,0
1786401974842,3000,Minimum,4471,4471,0.3,-1,63.875,63.875,0
1786401974943,3000,Minimum,4471,4471,0.3,-1,63.875,63.875,0
1786401975042,3000,Minimum,4471,4471,0.3,-1,63.875,63.875,0
1786401975142,3000,Minimum,4471,4471,0.3,-1,63.875,63.875,0
1786401975242,3000,Minimum,4471,4471,0.3,-1,63.875,63.875,0
1786401975342,3000,Minimum,4471,4471,0.3,-1,63.875,63.875,0
1786401975442,3000,Minimum,4471,4471,0.3,-1,63.875,63.875,0
1786401975542,3000,Minimum,4471,4471,0.3,-1,63.875,63.875,0
1786401975642,3000,Minimum,4471,4471,0.3,-1,63.875,63.875,0
1786401975742,3000,Minimum,4471,4471,0.3,-1,63.875,63.875,0
1786401975842,3000,Minimum,4471,4471,0.3,-1,63.9375,63.9375,0
1786401975942,3000,Minimum,4471,4471,0.3,-1,63.9375,63.9375,0
1786401976042,3000,Minimum,4471,4471,0.3,-1,63.9375,63.9375,0
1786401976142,3000,Minimum,4471,4471,0.3,-1,63.9375,63.9375,0
1786401976242,3000,Minimum,4471,4471,0.3,-1,63.9375,63.9375,0
1786401976342,3000,Minimum,4471,4471,0.3,-1,63.9375,63.9375,0
1786401976442,3000,Minimum,4471,4471,0.3,-1,63.9375,63.9375,0
1786401976542,3000,Minimum,4471,4471,0.3,-1,63.9375,63.9375,0
1786401976642,3000,Minimum,4471,4471,0.3,-1,63.9375,63.9375,0
1786401976742,3000,Minimum,4471,4471,0.3,-1,63.9375,63.9375,0
1786401976842,3000,Minimum,4471,4471,0.3,-1,63.8125,63.8125,0
1786401976942,3000,Minimum,4471,4471,0.3,-1,63.8125,63.8125,0
1786401977042,3000,Minimum,4471,4471,0.3,-1,63.8125,63.8125,0
1786401977142,3000,Minimum,4471,4471,0.3,-1,63.8125,63.8125,0
1786401977242,3000,Minimum,4471,4471,0.3,-1,63.8125,63.8125,0
1786401977342,3000,Minimum,4471,4471,0.3,-1,63.8125,63.8125,0
1786401977442,3000,Minimum,4471,4471,0.3,-1,63.8125,63.8125,0
1786401977542,3000,Minimum,4471,4471,0.3,-1,63.8125,63.8125,0
1786401977642,3000,Minimum,4471,4471,0.3,-1,63.8125,63.8125,0
1786401977742,3000,Minimum,4471,4471,0.3,-1,63.8125,63.8125,0
1786401977842,3000,Minimum,4471,4471,0.3,-1,64,64,0
1786401977942,3000,Minimum,4471,4471,0.3,-1,64,64,0
1786401978042,3000,Minimum,4471,4471,0.3,-1,64,64,0
1786401978142,3000,Minimum,4471,4471,0.3,-1,64,64,0
1786401978242,3000,Minimum,4471,4471,0.3,-1,64,64,0
1786401978343,3000,Minimum,4471,4471,0.3,-1,64,64,0
1786401978442,3000,Minimum,4471,4471,0.3,-1,64,64,0
1786401978542,3000,Minimum,4471,4471,0.3,-1,64,64,0
1786401978642,3000,Minimum,4471,4471,0.3,-1,64,64,0
1786401978742,3000,Minimum,4471,4471,0.3,-1,64,64,0
1786401978842,3000,Minimum,4471,4471,0.3,-1,64,64,0
1786401978942,3000,Minimum,4471,4471,0.3,-1,64,64,0
1786401979042,3000,Minimum,4471,4471,0.3,-1,64,64,0
1786401979142,3000,Minimum,4471,4471,0.3,-1,64,64,0
1786401979242,3000,Minimum,4471,4471,0.3,-1,64,64,0
1786401979342,3000,Minimum,4471,4471,0.3,-1,64,64,0
1786401979442,3000,Minimum,4471,4471,0.3,-1,64,64,0
1786401979542,3000,Minimum,4471,4471,0.3,-1,64,64,0
1786401979642,3000,Minimum,4471,4471,0.3,-1,64,64,0
1786401979742,3000,Minimum,4471,4471,0.3,-1,64,64,0
1786401979842,3000,Minimum,4471,4471,0.3,-1,63.875,63.875,0
1786401979942,3000,Minimum,4471,4471,0.3,-1,63.875,63.875,0
1786401980042,3000,Minimum,4471,4471,0.3,-1,63.875,63.875,0
1786401980142,3000,Minimum,4471,4471,0.3,-1,63.875,63.875,0
1786401980242,3000,Minimum,4471,4471,0.3,-1,63.875,63.875,0
1786401980342,3000,Minimum,4471,4471,0.3,-1,63.875,63.875,0
1786401980442,3000,Minimum,4471,4471,0.3,-1,63.875,63.875,0
1786401980542,3000,Minimum,4471,4471,0.3,-1,63.875,63.875,0
1786401980642,3000,Minimum,4471,4471,0.3,-1,63.875,63.875,0
1786401980742,3000,Minimum,4471,4471,0.3,-1,63.875,63.875,0
1786401980843,3000,Minimum,4471,4471,0.3,-1,63.9375,63.9375,0
1786401980942,3000,Minimum,4471,4471,0.3,-1,63.9375,63.9375,0
1786401981042,3000,Minimum,4471,4471,0.3,-1,63.9375,63.9375,0
1786401981142,3000,Minimum,4471,4471,0.3,-1,63.9375,63.9375,0
1786401981242,3000,Minimum,4471,4471,0.3,-1,63.9375,63.9375,0
1786401981342,3000,Minimum,4471,4471,0.3,-1,63.9375,63.9375,0
1786401981442,3000,Minimum,4471,4471,0.3,-1,63.9375,63.9375,0
1786401981542,3000,Minimum,4471,4471,0.3,-1,63.9375,63.9375,0
1786401981642,3000,Minimum,4471,4471,0.3,-1,63.9375,63.9375,0
1786401981742,3000,Minimum,4471,4471,0.3,-1,63.9375,63.9375,0
1786401981842,3000,Minimum,4471,4471,0.3,-1,63.9375,63.9375,0
1786401981942,3000,Minimum,4471,4471,0.3,-1,63.9375,63.9375,0
1786401982042,3000,Minimum,4471,4471,0.3,-1,63.9375,63.9375,0
1786401982142,3000,Minimum,4471,4471,0.3,-1,63.9375,63.9375,0
1786401982242,3000,Minimum,4471,4471,0.3,-1,63.9375,63.9375,0
1786401982342,3000,Minimum,4471,4471,0.3,-1,63.9375,63.9375,0
1786401982442,3000,Minimum,4471,4471,0.3,-1,63.9375,63.9375,0
1786401982542,3000,Minimum,4471,4471,0.3,-1,63.9375,63.9375,0
1786401982643,3000,Minimum,4471,4471,0.3,-1,63.9375,63.9375,0
1786401982742,3000,Minimum,4471,4471,0.3,-1,63.9375,63.9375,0
1786401982842,3000,Minimum,4471,4471,0.3,-1,63.9375,63.9375,0
1786401982942,3000,Minimum,4471,4471,0.3,-1,63.9375,63.9375,0
1786401983042,3000,Minimum,4471,4471,0.3,-1,63.9375,63.9375,0
1786401983142,3000,Minimum,4471,4471,0.3,-1,63.9375,63.9375,0
1786401983242,3000,Minimum,4471,4471,0.3,-1,63.9375,63.9375,0
1786401983342,3000,Minimum,4471,4471,0.3,-1,63.9375,63.9375,0
1786401983442,3000,Minimum,4471,4471,0.3,-1,63.9375,63.9375,0
1786401983542,3000,Minimum,4471,4471,0.3,-1,63.9375,63.9375,0
1786401983642,3000,Minimum,4471,4471,0.3,-1,63.9375,63.9375,0
1786401983742,3000,Minimum,4471,4471,0.3,-1,63.9375,63.9375,0
1786401983842,3000,Minimum,4471,4471,0.3,-1,64,64,0
1786401983942,3000,Minimum,4471,4471,0.3,-1,64,64,0
1786401984042,3000,Minimum,4471,4471,0.3,-1,64,64,0
1786401984142,3000,Minimum,4471,4471,0.3,-1,64,64,0
1786401984243,3000,Minimum,4471,4471,0.3,-1,64,64,0
1786401984342,3000,Minimum,4471,4471,0.3,-1,64,64,0
1786401984442,3000,Minimum,4471,4471,0.3,-1,64,64,0
1786401984542,3000,Minimum,4471,4471,0.3,-1,64,64,0
1786401984642,3000,Minimum,4471,4471,0.3,-1,64,64,0
1786401984742,3000,Minimum,4471,4471,0.3,-1,64,64,0
1786401984842,3000,Minimum,4471,4471,0.3,-1,64.0625,64.0625,0
1786401984942,3000,Minimum,4471,4471,0.3,-1,64.0625,64.0625,0
1786401985042,3000,Minimum,4471,4471,0.3,-1,64.0625,64.0625,0
1786401985142,3000,Minimum,4471,4471,0.3,-1,64.0625,64.0625,0
1786401985242,3000,Minimum,4471,4471,0.3,-1,64.0625,64.0625,0
1786401985342,3000,Minimum,4471,4471,0.3,-1,64.0625,64.0625,0
1786401985442,3000,Minimum,4471,4471,0.3,-1,64.0625,64.0625,0
1786401985542,3000,Minimum,4471,4471,0.3,-1,64.0625,64.0625,0
1786401985642,3000,Minimum,4471,4471,0.3,-1,64.0625,64.0625,0
1786401985742,3000,Minimum,4471,4471,0.3,-1,64.0625,64.0625,0
1786401985842,3000,Minimum,4471,4471,0.3,-1,64.125,64.125,0
1786401985942,3000,Minimum,4471,4471,0.3,-1,64.125,64.125,0
1786401986042,3000,Minimum,4471,4471,0.3,-1,64.125,64.125,0
1786401986142,3000,Minimum,4471,4471,0.3,-1,64.125,64.125,0
1786401986242,3000,Minimum,4471,4471,0.3,-1,64.125,64.125,0
1786401986342,3000,Minimum,4471,4471,0.3,-1,64.125,64.125,0
1786401986442,3000,Minimum,4471,4471,0.3,-1,64.125,64.125,0
1786401986542,3000,Minimum,4471,4471,0.3,-1,64.125,64.125,0
1786401986642,3000,Minimum,4471,4471,0.3,-1,64.125,64.125,0
1786401986742,3000,Minimum,4471,4471,0.3,-1,64.125,64.125,0
1786401986842,3000,Minimum,4471,4471,0.3,-1,64,64,0
1786401986942,3000,Minimum,4471,4471,0.3,-1,64,64,0
1786401987042,3000,Minimum,4471,4471,0.3,-1,64,64,0
1786401987142,3000,Minimum,4471,4471,0.3,-1,64,64,0
1786401987242,3000,Minimum,4471,4471,0.3,-1,64,64,0
1786401987342,3000,Minimum,4471,4471,0.3,-1,64,64,0
1786401987442,3000,Minimum,4471,4471,0.3,-1,64,64,0
1786401987542,3000,Minimum,4471,4471,0.3,-1,64,64,0
1786401987642,3000,Minimum,4471,4471,0.3,-1,64,64,0
1786401987742,3000,Minimum,4471,4471,0.3,-1,64,64,0
1786401987842,3000,Minimum,4471,4471,0.3,-1,64.0625,64.0625,0
1786401987942,3000,Minimum,4471,4471,0.3,-1,64.0625,64.0625,0
1786401988043,3000,Minimum,4471,4471,0.3,-1,64.0625,64.0625,0
1786401988142,3000,Minimum,4471,4471,0.3,-1,64.0625,64.0625,0
1786401988242,3000,Minimum,4471,4471,0.3,-1,64.0625,64.0625,0
1786401988342,3000,Minimum,4471,4471,0.3,-1,64.0625,64.0625,0
1786401988442,3000,Minimum,4471,4471,0.3,-1,64.0625,64.0625,0
1786401988542,3000,Minimum,4471,4471,0.3,-1,64.0625,64.0625,0
1786401988642,3000,Minimum,4471,4471,0.3,-1,64.0625,64.0625,0
1786401988742,3000,Minimum,4471,4471,0.3,-1,64.0625,64.0625,0
1786401988842,3000,Minimum,4471,4471,0.3,-1,64.125,64.125,0
1786401988942,3000,Minimum,4471,4471,0.3,-1,64.125,64.125,0
1786401989042,3000,Minimum,4471,4471,0.3,-1,64.125,64.125,0
1786401989142,3000,Minimum,4471,4471,0.3,-1,64.125,64.125,0
1786401989242,3000,Minimum,4471,4471,0.3,-1,64.125,64.125,0
1786401989342,3000,Minimum,4471,4471,0.3,-1,64.125,64.125,0
1786401989442,3000,Minimum,4471,4471,0.3,-1,64.125,64.125,0
1786401989542,3000,Minimum,4471,4471,0.3,-1,64.125,64.125,0
1786401989645,3000,Minimum,4471,4471,0.3,-1,64.125,64.125,0
1786401989742,3000,Minimum,4471,4471,0.3,-1,64.125,64.125,0
1786401989842,3000,Minimum,4471,4471,0.3,-1,64.0625,64.0625,0
1786401989942,3000,Minimum,4471,4471,0.3,-1,64.0625,64.0625,0
1786401990042,3000,Minimum,4471,4471,0.3,-1,64.0625,64.0625,0
1786401990142,3000,Minimum,4471,4471,0.3,-1,64.0625,64.0625,0
1786401990242,3000,Minimum,4471,4471,0.3,-1,64.0625,64.0625,0
1786401990342,3000,Minimum,4471,4471,0.3,-1,64.0625,64.0625,0
1786401990442,3000,Minimum,4471,4471,0.3,-1,64.0625,64.0625,0
1786401990542,3000,Minimum,4471,4471,0.3,-1,64.0625,64.0625,0
1786401990642,3000,Minimum,4471,4471,0.3,-1,64.0625,64.0625,0
1786401990742,3000,Minimum,4471,4471,0.3,-1,64.0625,64.0625,0
1786401990842,3000,Minimum,4471,4471,0.3,-1,64,64,0
1786401990942,3000,Minimum,4471,4471,0.3,-1,64,64,0
1786401991042,3000,Minimum,4471,4471,0.3,-1,64,64,0
1786401991142,3000,Minimum,4471,4471,0.3,-1,64,64,0
1786401991242,3000,Minimum,4471,4471,0.3,-1,64,64,0
1786401991342,3000,Minimum,4471,4471,0.3,-1,64,64,0
1786401991442,3000,Minimum,4471,4471,0.3,-1,64,64,0
1786401991542,3000,Minimum,4471,4471,0.3,-1,64,64,0
1786401991642,3000,Minimum,4471,4471,0.3,-1,64,64,0
1786401991742,3000,Minimum,4471,4471,0.3,-1,64,64,0
1786401991842,3000,Minimum,4471,4471,0.3,-1,64.125,64.125,0
1786401991942,3000,Minimum,4471,4471,0.3,-1,64.125,64.125,0
1786401992042,3000,Minimum,4471,4471,0.3,-1,64.125,64.125,0
1786401992142,3000,Minimum,4471,4471,0.3,-1,64.125,64.125,0
1786401992242,3000,Minimum,4471,4471,0.3,-1,64.125,64.125,0
1786401992342,3000,Minimum,4471,4471,0.3,-1,64.125,64.125,0
1786401992442,3000,Minimum,4471,4471,0.3,-1,64.125,64.125,0
1786401992542,3000,Minimum,4471,4471,0.3,-1,64.125,64.125,0
1786401992642,3000,Minimum,4471,4471,0.3,-1,64.125,64.125,0
1786401992742,3000,Minimum,4471,4471,0.3,-1,64.125,64.125,0
1786401992842,3000,Minimum,4471,4471,0.3,-1,64.1875,64.1875,0
1786401992942,3000,Minimum,4471,4471,0.3,-1,64.1875,64.1875,0
1786401993043,3000,Minimum,4471,4471,0.3,-1,64.1875,64.1875,0
1786401993142,3000,Minimum,4471,4471,0.3,-1,64.1875,64.1875,0
1786401993242,3000,Minimum,4471,4471,0.3,-1,64.1875,64.1875,0
1786401993342,3000,Minimum,4471,4471,0.3,-1,64.1875,64.1875,0
1786401993442,3000,Minimum,4471,4471,0.3,-1,64.1875,64.1875,0
1786401993543,3000,Minimum,4471,4471,0.3,-1,64.1875,64.1875,0
1786401993642,3000,Minimum,4471,4471,0.3,-1,64.1875,64.1875,0
1786401993742,3000,Minimum,4471,4471,0.3,-1,64.1875,64.1875,0
1786401993842,3000,Minimum,4471,4471,0.3,-1,64.125,64.125,0
1786401993942,3000,Minimum,4471,4471,0.3,-1,64.125,64.125,0
1786401994042,3000,Minimum,4471,4471,0.3,-1,64.125,64.125,0
1786401994142,3000,Minimum,4471,4471,0.3,-1,64.125,64.125,0
1786401994242,3000,Minimum,4471,4471,0.3,-1,64.125,64.125,0
1786401994342,3000,Minimum,4471,4471,0.3,-1,64.125,64.125,0
1786401994442,3000,Minimum,4471,4471,0.3,-1,64.125,64.125,0
1786401994542,3000,Minimum,4471,4471,0.3,-1,64.125,64.125,0
1786401994642,3000,Minimum,4471,4471,0.3,-1,64.125,64.125,0
1786401994742,3000,Minimum,4471,4471,0.3,-1,64.125,64.125,0
1786401994842,3000,Minimum,4471,4471,0.3,-1,64.0625,64.0625,0
1786401994942,3000,Minimum,4471,4471,0.3,-1,64.0625,64.0625,0
1786401995042,3000,Minimum,4471,4471,0.3,-1,64.0625,64.0625,0
1786401995142,3000,Minimum,4471,4471,0.3,-1,64.0625,64.0625,0
1786401995242,3000,Minimum,4471,4471,0.3,-1,64.0625,64.0625,0
1786401995342,3000,Minimum,4471,4471,0.3,-1,64.0625,64.0625,0
1786401995442,3000,Minimum,4471,4471,0.3,-1,64.0625,64.0625,0
1786401995542,3000,Minimum,4471,4471,0.3,-1,64.0625,64.0625,0
1786401995642,3000,Minimum,4471,4471,0.3,-1,64.0625,64.0625,0
1786401995742,3000,Minimum,4471,4471,0.3,-1,64.0625,64.0625,0
1786401995842,3000,Minimum,4471,4471,0.3,-1,64.0625,64.0625,0
1786401995942,3000,Minimum,4471,4471,0.3,-1,64.0625,64.0625,0
1786401996042,3000,Minimum,4471,4471,0.3,-1,64.0625,64.0625,0
1786401996143,3000,Minimum,4471,4471,0.3,-1,64.0625,64.0625,0
1786401996242,3000,Minimum,4471,4471,0.3,-1,64.0625,64.0625,0
1786401996342,3000,Minimum,4471,4471,0.3,-1,64.0625,64.0625,0
1786401996442,3000,Minimum,4471,4471,0.3,-1,64.0625,64.0625,0
1786401996542,3000,Minimum,4471,4471,0.3,-1,64.0625,64.0625,0
1786401996642,3000,Minimum,4471,4471,0.3,-1,64.0625,64.0625,0
1786401996742,3000,Minimum,4471,4471,0.3,-1,64.0625,64.0625,0
1786401996842,3000,Minimum,4471,4471,0.3,-1,64.125,64.125,0
1786401996942,3000,Minimum,4471,4471,0.3,-1,64.125,64.125,0
1786401997042,3000,Minimum,4471,4471,0.3,-1,64.125,64.125,0
1786401997142,3000,Minimum,4471,4471,0.3,-1,64.125,64.125,0
1786401997242,3000,Minimum,4471,4471,0.3,-1,64.125,64.125,0
1786401997342,3000,Minimum,4471,4471,0.3,-1,64.125,64.125,0
1786401997442,3000,Minimum,4471,4471,0.3,-1,64.125,64.125,0
1786401997542,3000,Minimum,4471,4471,0.3,-1,64.125,64.125,0
1786401997642,3000,Minimum,4471,4471,0.3,-1,64.125,64.125,0
1786401997742,3000,Minimum,4471,4471,0.3,-1,64.125,64.125,0
1786401997842,3000,Minimum,4471,4471,0.3,-1,64.125,64.125,0
1786401997942,3000,Minimum,4471,4471,0.3,-1,64.125,64.125,0
1786401998042,3000,Minimum,4471,4471,0.3,-1,64.125,64.125,0
1786401998142,3000,Minimum,4471,4471,0.3,-1,64.125,64.125,0
1786401998242,3000,Minimum,4471,4471,0.3,-1,64.125,64.125,0
1786401998342,3000,Minimum,4471,4471,0.3,-1,64.125,64.125,0
1786401998442,3000,Minimum,4471,4471,0.3,-1,64.125,64.125,0
1786401998542,3000,Minimum,4471,4471,0.3,-1,64.125,64.125,0
1786401998642,3000,Minimum,4471,4471,0.3,-1,64.125,64.125,0
1786401998742,3000,Minimum,4471,4471,0.3,-1,64.125,64.125,0
1786401998842,3000,Minimum,4471,4471,0.3,-1,64.125,64.125,0
1786401998942,3000,Minimum,4471,4471,0.3,-1,64.125,64.125,0
1786401999042,3000,Minimum,4471,4471,0.3,-1,64.125,64.125,0
1786401999142,3000,Minimum,4471,4471,0.3,-1,64.125,64.125,0
1786401999242,3000,Minimum,4471,4471,0.3,-1,64.125,64.125,0
1786401999342,3000,Minimum,4471,4471,0.3,-1,64.125,64.125,0
1786401999442,3000,Minimum,4471,4471,0.3,-1,64.125,64.125,0
1786401999542,3000,Minimum,4471,4471,0.3,-1,64.125,64.125,0
1786401999642,3000,Minimum,4471,4471,0.3,-1,64.125,64.125,0
1786401999742,3000,Minimum,4471,4471,0.3,-1,64.125,64.125,0
1786401999843,3000,Minimum,4471,4471,0.3,-1,64.1875,64.1875,0
1786401999942,3000,Minimum,4471,4471,0.3,-1,64.1875,64.1875,0
1786402000042,3000,Minimum,4471,4471,0.3,-1,64.1875,64.1875,0
1786402000142,3000,Minimum,4471,4471,0.3,-1,64.1875,64.1875,0
1786402000242,3000,Minimum,4471,4471,0.3,-1,64.1875,64.1875,0
1786402000342,3000,Minimum,4471,4471,0.3,-1,64.1875,64.1875,0
1786402000442,3000,Minimum,4471,4471,0.3,-1,64.1875,64.1875,0
1786402000542,3000,Minimum,4471,4471,0.3,-1,64.1875,64.1875,0
1786402000642,3000,Minimum,4471,4471,0.3,-1,64.1875,64.1875,0
1786402000742,3000,Minimum,4471,4471,0.3,-1,64.1875,64.1875,0
1786402000842,3000,Minimum,4471,4471,0.3,-1,64.1875,64.1875,0
1786402000942,3000,Minimum,4471,4471,0.3,-1,64.1875,64.1875,0
1786402001042,3000,Minimum,4471,4471,0.3,-1,64.1875,64.1875,0
1786402001142,3000,Minimum,4471,4471,0.3,-1,64.1875,64.1875,0
1786402001242,3000,Minimum,4471,4471,0.3,-1,64.1875,64.1875,0
1786402001342,3000,Minimum,4471,4471,0.3,-1,64.1875,64.1875,0
1786402001442,3000,Minimum,4471,4471,0.3,-1,64.1875,64.1875,0
1786402001542,3000,Minimum,4471,4471,0.3,-1,64.1875,64.1875,0
1786402001642,3000,Minimum,4471,4471,0.3,-1,64.1875,64.1875,0
1786402001742,3000,Minimum,4471,4471,0.3,-1,64.1875,64.1875,0
1786402001842,3000,Minimum,4471,4471,0.3,-1,64.125,64.125,0
1786402001942,3000,Minimum,4471,4471,0.3,-1,64.125,64.125,0
1786402002042,3000,Minimum,4471,4471,0.3,-1,64.125,64.125,0
1786402002142,3000,Minimum,4471,4471,0.3,-1,64.125,64.125,0
1786402002242,3000,Minimum,4471,4471,0.3,-1,64.125,64.125,0
1786402002342,3000,Minimum,4471,4471,0.3,-1,64.125,64.125,0
1786402002442,3000,Minimum,4471,4471,0.3,-1,64.125,64.125,0
1786402002542,3000,Minimum,4471,4471,0.3,-1,64.125,64.125,0
1786402002642,3000,Minimum,4471,4471,0.3,-1,64.125,64.125,0
1786402002742,3000,Minimum,4471,4471,0.3,-1,64.125,64.125,0
1786402002842,3000,Minimum,4471,4471,0.3,-1,64.125,64.125,0
1786402002942,3000,Minimum,4471,4471,0.3,-1,64.125,64.125,0
1786402003042,3000,Minimum,4471,4471,0.3,-1,64.125,64.125,0
1786402003142,3000,Minimum,4471,4471,0.3,-1,64.125,64.125,0
1786402003242,3000,Minimum,4471,4471,0.3,-1,64.125,64.125,0
1786402003342,3000,Minimum,4471,4471,0.3,-1,64.125,64.125,0
1786402003442,3000,Minimum,4471,4471,0.3,-1,64.125,64.125,0
1786402003542,3000,Minimum,4471,4471,0.3,-1,64.125,64.125,0
1786402003642,3000,Minimum,4471,4471,0.3,-1,64.125,64.125,0
1786402003742,3000,Minimum,4471,4471,0.3,-1,64.125,64.125,0
1786402003842,3000,Minimum,4471,4471,0.3,-1,64.25,64.25,0
1786402003942,3000,Minimum,4471,4471,0.3,-1,64.25,64.25,0
1786402004042,3000,Minimum,4471,4471,0.3,-1,64.25,64.25,0
1786402004142,3000,Minimum,4471,4471,0.3,-1,64.25,64.25,0
1786402004242,3000,Minimum,4471,4471,0.3,-1,64.25,64.25,0
1786402004342,3000,Minimum,4471,4471,0.3,-1,64.25,64.25,0
1786402004442,3000,Minimum,4471,4471,0.3,-1,64.25,64.25,0
1786402004542,3000,Minimum,4471,4471,0.3,-1,64.25,64.25,0
1786402004642,3000,Minimum,4471,4471,0.3,-1,64.25,64.25,0
1786402004742,3000,Minimum,4471,4471,0.3,-1,64.25,64.25,0
1786402004842,3000,Minimum,4471,4471,0.3,-1,64.25,64.25,0
1786402004942,3000,Minimum,4471,4471,0.3,-1,64.25,64.25,0
1786402005042,3000,Minimum,4471,4471,0.3,-1,64.25,64.25,0
1786402005142,3000,Minimum,4471,4471,0.3,-1,64.25,64.25,0
1786402005242,3000,Minimum,4471,4471,0.3,-1,64.25,64.25,0
1786402005345,3000,Minimum,4471,4471,0.3,-1,64.25,64.25,0
1786402005442,3000,Minimum,4471,4471,0.3,-1,64.25,64.25,0
1786402005542,3000,Minimum,4471,4471,0.3,-1,64.25,64.25,0
1786402005642,3000,Minimum,4471,4471,0.3,-1,64.25,64.25,0
1786402005742,3000,Minimum,4471,4471,0.3,-1,64.25,64.25,0
1786402005842,3000,Minimum,4471,4471,0.3,-1,64.1875,64.1875,0
1786402005942,3000,Minimum,4471,4471,0.3,-1,64.1875,64.1875,0
1786402006042,3000,Minimum,4471,4471,0.3,-1,64.1875,64.1875,0
1786402006142,3000,Minimum,4471,4471,0.3,-1,64.1875,64.1875,0
1786402006242,3000,Minimum,4471,4471,0.3,-1,64.1875,64.1875,0
1786402006342,3000,Minimum,4471,4471,0.3,-1,64.1875,64.1875,0
1786402006442,3000,Minimum,4471,4471,0.3,-1,64.1875,64.1875,0
1786402006542,3000,Minimum,4471,4471,0.3,-1,64.1875,64.1875,0
1786402006642,3000,Minimum,4471,4471,0.3,-1,64.1875,64.1875,0
1786402006742,3000,Minimum,4471,4471,0.3,-1,64.1875,64.1875,0
1786402006842,3000,Minimum,4471,4471,0.3,-1,64.125,64.125,0
1786402006942,3000,Minimum,4471,4471,0.3,-1,64.125,64.125,0
1786402007042,3000,Minimum,4471,4471,0.3,-1,64.125,64.125,0
1786402007143,3000,Minimum,4471,4471,0.3,-1,64.125,64.125,0
1786402007243,3000,Minimum,4471,4471,0.3,-1,64.125,64.125,0
1786402007343,3000,Minimum,4471,4471,0.3,-1,64.125,64.125,0
1786402007442,3000,Minimum,4471,4471,0.3,-1,64.125,64.125,0
1786402007543,3000,Minimum,4471,4471,0.3,-1,64.125,64.125,0
1786402007643,3000,Minimum,4471,4471,0.3,-1,64.125,64.125,0
1786402007743,3000,Minimum,4471,4471,0.3,-1,64.125,64.125,0
1786402007842,3000,Minimum,4471,4471,0.3,-1,64.1875,64.1875,0
1786402007943,3000,Minimum,4471,4471,0.3,-1,64.1875,64.1875,0
1786402008042,3000,Minimum,4471,4471,0.3,-1,64.1875,64.1875,0
1786402008143,3000,Minimum,4471,4471,0.3,-1,64.1875,64.1875,0
1786402008242,3000,Minimum,4471,4471,0.3,-1,64.1875,64.1875,0
1786402008343,3000,Minimum,4471,4471,0.3,-1,64.1875,64.1875,0
1786402008443,3000,Minimum,4471,4471,0.3,-1,64.1875,64.1875,0
1786402008543,3000,Minimum,4471,4471,0.3,-1,64.1875,64.1875,0
1786402008643,3000,Minimum,4471,4471,0.3,-1,64.1875,64.1875,0
1786402008743,3000,Minimum,4471,4471,0.3,-1,64.1875,64.1875,0
1786402008843,3000,Minimum,4471,4471,0.3,-1,64.25,64.25,0
1786402008942,3000,Minimum,4471,4471,0.3,-1,64.25,64.25,0
1786402009043,3000,Minimum,4471,4471,0.3,-1,64.25,64.25,0
1786402009143,3000,Minimum,4471,4471,0.3,-1,64.25,64.25,0
1786402009243,3000,Minimum,4471,4471,0.3,-1,64.25,64.25,0
1786402009342,3000,Minimum,4471,4471,0.3,-1,64.25,64.25,0
1786402009442,3000,Minimum,4471,4471,0.3,-1,64.25,64.25,0
1786402009542,3000,Minimum,4471,4471,0.3,-1,64.25,64.25,0
1786402009642,3000,Minimum,4471,4471,0.3,-1,64.25,64.25,0
1786402009743,3000,Minimum,4471,4471,0.3,-1,64.25,64.25,0
1786402009843,3000,Minimum,4471,4471,0.3,-1,64.125,64.125,0
1786402009943,3000,Minimum,4471,4471,0.3,-1,64.125,64.125,0
1786402010043,3000,Minimum,4471,4471,0.3,-1,64.125,64.125,0
1786402010142,3000,Minimum,4471,4471,0.3,-1,64.125,64.125,0
1786402010243,3000,Minimum,4471,4471,0.3,-1,64.125,64.125,0
1786402010343,3000,Minimum,4471,4471,0.3,-1,64.125,64.125,0
1786402010442,3000,Minimum,4471,4471,0.3,-1,64.125,64.125,0
1786402010542,3000,Minimum,4471,4471,0.3,-1,64.125,64.125,0
1786402010643,3000,Minimum,4471,4471,0.3,-1,64.125,64.125,0
1786402010743,3000,Minimum,4471,4471,0.3,-1,64.125,64.125,0
1786402010843,3000,Minimum,4471,4471,0.3,-1,64.1875,64.1875,0
1786402010942,3000,Minimum,4471,4471,0.3,-1,64.1875,64.1875,0
1786402011043,3000,Minimum,4471,4471,0.3,-1,64.1875,64.1875,0
1786402011143,3000,Minimum,4471,4471,0.3,-1,64.1875,64.1875,0
1786402011243,3000,Minimum,4471,4471,0.3,-1,64.1875,64.1875,0
1786402011343,3000,Minimum,4471,4471,0.3,-1,64.1875,64.1875,0
1786402011442,3000,Minimum,4471,4471,0.3,-1,64.1875,64.1875,0
1786402011542,3000,Minimum,4471,4471,0.3,-1,64.1875,64.1875,0
1786402011643,3000,Minimum,4471,4471,0.3,-1,64.1875,64.1875,0
1786402011742,3000,Minimum,4471,4471,0.3,-1,64.1875,64.1875,0
1786402011843,3000,Minimum,4471,4471,0.3,-1,64.1875,64.1875,0
1786402011943,3000,Minimum,4471,4471,0.3,-1,64.1875,64.1875,0
1786402012042,3000,Minimum,4471,4471,0.3,-1,64.1875,64.1875,0
1786402012143,3000,Minimum,4471,4471,0.3,-1,64.1875,64.1875,0
1786402012243,3000,Minimum,4471,4471,0.3,-1,64.1875,64.1875,0
1786402012343,3000,Minimum,4471,4471,0.3,-1,64.1875,64.1875,0
1786402012443,3000,Minimum,4471,4471,0.3,-1,64.1875,64.1875,0
1786402012543,3000,Minimum,4471,4471,0.3,-1,64.1875,64.1875,0
1786402012643,3000,Minimum,4471,4471,0.3,-1,64.1875,64.1875,0
1786402012743,3000,Minimum,4471,4471,0.3,-1,64.1875,64.1875,0
1786402012843,3000,Minimum,4471,4471,0.3,-1,64.1875,64.1875,0
1786402012943,3000,Minimum,4471,4471,0.3,-1,64.1875,64.1875,0
1786402013042,3000,Minimum,4471,4471,0.3,-1,64.1875,64.1875,0
1786402013143,3000,Minimum,4471,4471,0.3,-1,64.1875,64.1875,0
1786402013243,3000,Minimum,4471,4471,0.3,-1,64.1875,64.1875,0
1786402013343,3000,Minimum,4471,4471,0.3,-1,64.1875,64.1875,0
1786402013443,3000,Minimum,4471,4471,0.3,-1,64.1875,64.1875,0
1786402013543,3000,Minimum,4471,4471,0.3,-1,64.1875,64.1875,0
1786402013643,3000,Minimum,4471,4471,0.3,-1,64.1875,64.1875,0
1786402013742,3000,Minimum,4471,4471,0.3,-1,64.1875,64.1875,0
1786402013842,3000,Minimum,4471,4471,0.3,-1,64.0625,64.0625,0
1786402013943,3000,Minimum,4471,4471,0.3,-1,64.0625,64.0625,0
1786402014043,3000,Minimum,4471,4471,0.3,-1,64.0625,64.0625,0
1786402014143,3000,Minimum,4471,4471,0.3,-1,64.0625,64.0625,0
1786402014243,3000,Minimum,4471,4471,0.3,-1,64.0625,64.0625,0
1786402014343,3000,Minimum,4471,4471,0.3,-1,64.0625,64.0625,0
1786402014443,3000,Minimum,4471,4471,0.3,-1,64.0625,64.0625,0
1786402014543,3000,Minimum,4471,4471,0.3,-1,64.0625,64.0625,0
1786402014643,3000,Minimum,4471,4471,0.3,-1,64.0625,64.0625,0
1786402014742,3000,Minimum,4471,4471,0.3,-1,64.0625,64.0625,0
1786402014843,3000,Minimum,4471,4471,0.3,-1,64.1875,64.1875,0
1786402014943,3000,Minimum,4471,4471,0.3,-1,64.1875,64.1875,0
1786402015043,3000,Minimum,4471,4471,0.3,-1,64.1875,64.1875,0
1786402015142,3000,Minimum,4471,4471,0.3,-1,64.1875,64.1875,0
1786402015242,3000,Minimum,4471,4471,0.3,-1,64.1875,64.1875,0
1786402015343,3000,Minimum,4471,4471,0.3,-1,64.1875,64.1875,0
1786402015443,3000,Minimum,4471,4471,0.3,-1,64.1875,64.1875,0
1786402015543,3000,Minimum,4471,4471,0.3,-1,64.1875,64.1875,0
1786402015642,3000,Minimum,4471,4471,0.3,-1,64.1875,64.1875,0
1786402015743,3000,Minimum,4471,4471,0.3,-1,64.1875,64.1875,0
1786402015843,3000,Minimum,4471,4471,0.3,-1,64.1875,64.1875,0
1786402015943,3000,Minimum,4471,4471,0.3,-1,64.1875,64.1875,0
1786402016043,3000,Minimum,4471,4471,0.3,-1,64.1875,64.1875,0
1786402016143,3000,Minimum,4471,4471,0.3,-1,64.1875,64.1875,0
1786402016243,3000,Minimum,4471,4471,0.3,-1,64.1875,64.1875,0
1786402016343,3000,Minimum,4471,4471,0.3,-1,64.1875,64.1875,0
1786402016443,3000,Minimum,4471,4471,0.3,-1,64.1875,64.1875,0
1786402016542,3000,Minimum,4471,4471,0.3,-1,64.1875,64.1875,0
1786402016643,3000,Minimum,4471,4471,0.3,-1,64.1875,64.1875,0
1786402016742,3000,Minimum,4471,4471,0.3,-1,64.1875,64.1875,0
1786402016843,3000,Minimum,4471,4471,0.3,-1,64.1875,64.1875,0
1786402016943,3000,Minimum,4471,4471,0.3,-1,64.1875,64.1875,0
1786402017043,3000,Minimum,4471,4471,0.3,-1,64.1875,64.1875,0
1786402017143,3000,Minimum,4471,4471,0.3,-1,64.1875,64.1875,0
1786402017243,3000,Minimum,4471,4471,0.3,-1,64.1875,64.1875,0
1786402017343,3000,Minimum,4471,4471,0.3,-1,64.1875,64.1875,0
1786402017442,3000,Minimum,4471,4471,0.3,-1,64.1875,64.1875,0
1786402017543,3000,Minimum,4471,4471,0.3,-1,64.1875,64.1875,0
1786402017642,3000,Minimum,4471,4471,0.3,-1,64.1875,64.1875,0
1786402017743,3000,Minimum,4471,4471,0.3,-1,64.1875,64.1875,0
1786402017842,3000,Minimum,4471,4471,0.3,-1,64.25,64.25,0
1786402017942,3000,Minimum,4471,4471,0.3,-1,64.25,64.25,0
1786402018043,3000,Minimum,4471,4471,0.3,-1,64.25,64.25,0
1786402018143,3000,Minimum,4471,4471,0.3,-1,64.25,64.25,0
1786402018243,3000,Minimum,4471,4471,0.3,-1,64.25,64.25,0
1786402018343,3000,Minimum,4471,4471,0.3,-1,64.25,64.25,0
1786402018443,3000,Minimum,4471,4471,0.3,-1,64.25,64.25,0
1786402018543,3000,Minimum,4471,4471,0.3,-1,64.25,64.25,0
1786402018642,3000,Minimum,4471,4471,0.3,-1,64.25,64.25,0
1786402018743,3000,Minimum,4471,4471,0.3,-1,64.25,64.25,0
1786402018843,3000,Minimum,4471,4471,0.3,-1,64.1875,64.1875,0
1786402018943,3000,Minimum,4471,4471,0.3,-1,64.1875,64.1875,0
1786402019043,3000,Minimum,4471,4471,0.3,-1,64.1875,64.1875,0
1786402019143,3000,Minimum,4471,4471,0.3,-1,64.1875,64.1875,0
1786402019242,3000,Minimum,4471,4471,0.3,-1,64.1875,64.1875,0
1786402019343,3000,Minimum,4471,4471,0.3,-1,64.1875,64.1875,0
1786402019442,3000,Minimum,4471,4471,0.3,-1,64.1875,64.1875,0
1786402019543,3000,Minimum,4471,4471,0.3,-1,64.1875,64.1875,0
1786402019643,3000,Minimum,4471,4471,0.3,-1,64.1875,64.1875,0
1786402019743,3000,Minimum,4471,4471,0.3,-1,64.1875,64.1875,0
1786402019843,3000,Minimum,4471,4471,0.3,-1,64.1875,64.1875,0
1786402019943,3000,Minimum,4471,4471,0.3,-1,64.1875,64.1875,0
1786402020043,3000,Minimum,4471,4471,0.3,-1,64.1875,64.1875,0
1786402020143,3000,Minimum,4471,4471,0.3,-1,64.1875,64.1875,0
1786402020243,3000,Minimum,4471,4471,0.3,-1,64.1875,64.1875,0
1786402020343,3000,Minimum,4471,4471,0.3,-1,64.1875,64.1875,0
1786402020443,3000,Minimum,4471,4471,0.3,-1,64.1875,64.1875,0
1786402020542,3000,Minimum,4471,4471,0.3,-1,64.1875,64.1875,0
1786402020643,3000,Minimum,4471,4471,0.3,-1,64.1875,64.1875,0
1786402020742,3000,Minimum,4471,4471,0.3,-1,64.1875,64.1875,0
1786402020842,3000,Minimum,4471,4471,0.3,-1,64.25,64.25,0
1786402020942,3000,Minimum,4471,4471,0.3,-1,64.25,64.25,0
1786402021043,3000,Minimum,4471,4471,0.3,-1,64.25,64.25,0
1786402021143,3000,Minimum,4471,4471,0.3,-1,64.25,64.25,0
1786402021242,3000,Minimum,4471,4471,0.3,-1,64.25,64.25,0
1786402021342,3000,Minimum,4471,4471,0.3,-1,64.25,64.25,0
1786402021443,3000,Minimum,4471,4471,0.3,-1,64.25,64.25,0
1786402021543,3000,Minimum,4471,4471,0.3,-1,64.25,64.25,0
1786402021643,3000,Minimum,4471,4471,0.3,-1,64.25,64.25,0
1786402021743,3000,Minimum,4471,4471,0.3,-1,64.25,64.25,0
1786402021843,3000,Minimum,4471,4471,0.3,-1,64.25,64.25,0
1786402021942,3000,Minimum,4471,4471,0.3,-1,64.25,64.25,0
1786402022043,3000,Minimum,4471,4471,0.3,-1,64.25,64.25,0
1786402022142,3000,Minimum,4471,4471,0.3,-1,64.25,64.25,0
1786402022243,3000,Minimum,4471,4471,0.3,-1,64.25,64.25,0
1786402022343,3000,Minimum,4471,4471,0.3,-1,64.25,64.25,0
1786402022443,3000,Minimum,4471,4471,0.3,-1,64.25,64.25,0
1786402022543,3000,Minimum,4471,4471,0.3,-1,64.25,64.25,0
1786402022643,3000,Minimum,4471,4471,0.3,-1,64.25,64.25,0
1786402022743,3000,Minimum,4471,4471,0.3,-1,64.25,64.25,0
1786402022842,3000,Minimum,4471,4471,0.3,-1,64.125,64.125,0
1786402022943,3000,Minimum,4471,4471,0.3,-1,64.125,64.125,0
1786402023042,3000,Minimum,4471,4471,0.3,-1,64.125,64.125,0
1786402023142,3000,Minimum,4471,4471,0.3,-1,64.125,64.125,0
1786402023242,3000,Minimum,4471,4471,0.3,-1,64.125,64.125,0
1786402023342,3000,Minimum,4471,4471,0.3,-1,64.125,64.125,0
1786402023442,3000,Minimum,4471,4471,0.3,-1,64.125,64.125,0
1786402023542,3000,Minimum,4471,4471,0.3,-1,64.125,64.125,0
1786402023643,3000,Minimum,4471,4471,0.3,-1,64.125,64.125,0
1786402023742,3000,Minimum,4471,4471,0.3,-1,64.125,64.125,0
1786402023842,3000,Minimum,4471,4471,0.3,-1,64.25,64.25,0
1786402023942,3000,Minimum,4471,4471,0.3,-1,64.25,64.25,0
1786402024043,3000,Minimum,4471,4471,0.3,-1,64.25,64.25,0
1786402024143,3000,Minimum,4471,4471,0.3,-1,64.25,64.25,0
1786402024243,3000,Minimum,4471,4471,0.3,-1,64.25,64.25,0
1786402024343,3000,Minimum,4471,4471,0.3,-1,64.25,64.25,0
1786402024442,3000,Minimum,4471,4471,0.3,-1,64.25,64.25,0
1786402024543,3000,Minimum,4471,4471,0.3,-1,64.25,64.25,0
1786402024643,3000,Minimum,4471,4471,0.3,-1,64.25,64.25,0
1786402024742,3000,Minimum,4471,4471,0.3,-1,64.25,64.25,0
1786402024843,3000,Minimum,4471,4471,0.3,-1,64.125,64.125,0
1786402024943,3000,Minimum,4471,4471,0.3,-1,64.125,64.125,0
1786402025043,3000,Minimum,4471,4471,0.3,-1,64.125,64.125,0
1786402025142,3000,Minimum,4471,4471,0.3,-1,64.125,64.125,0
1786402025243,3000,Minimum,4471,4471,0.3,-1,64.125,64.125,0
1786402025343,3000,Minimum,4471,4471,0.3,-1,64.125,64.125,0
1786402025442,3000,Minimum,4471,4471,0.3,-1,64.125,64.125,0
1786402025543,3000,Minimum,4471,4471,0.3,-1,64.125,64.125,0
1786402025643,3000,Minimum,4471,4471,0.3,-1,64.125,64.125,0
1786402025743,3000,Minimum,4471,4471,0.3,-1,64.125,64.125,0
1786402025842,3000,Minimum,4471,4471,0.3,-1,64.25,64.25,0
1786402025943,3000,Minimum,4471,4471,0.3,-1,64.25,64.25,0
1786402026043,3000,Minimum,4471,4471,0.3,-1,64.25,64.25,0
1786402026143,3000,Minimum,4471,4471,0.3,-1,64.25,64.25,0
1786402026243,3000,Minimum,4471,4471,0.3,-1,64.25,64.25,0
1786402026342,3000,Minimum,4471,4471,0.3,-1,64.25,64.25,0
1786402026442,3000,Minimum,4471,4471,0.3,-1,64.25,64.25,0
1786402026543,3000,Minimum,4471,4471,0.3,-1,64.25,64.25,0
1786402026643,3000,Minimum,4471,4471,0.3,-1,64.25,64.25,0
1786402026743,3000,Minimum,4471,4471,0.3,-1,64.25,64.25,0
1786402026843,3000,Minimum,4471,4471,0.3,-1,64.25,64.25,0
1786402026943,3000,Minimum,4471,4471,0.3,-1,64.25,64.25,0
1786402027043,3000,Minimum,4471,4471,0.3,-1,64.25,64.25,0
1786402027143,3000,Minimum,4471,4471,0.3,-1,64.25,64.25,0
1786402027243,3000,Minimum,4471,4471,0.3,-1,64.25,64.25,0
1786402027343,3000,Minimum,4471,4471,0.3,-1,64.25,64.25,0
1786402027443,3000,Minimum,4471,4471,0.3,-1,64.25,64.25,0
1786402027543,3000,Minimum,4471,4471,0.3,-1,64.25,64.25,0
1786402027642,3000,Minimum,4471,4471,0.3,-1,64.25,64.25,0
1786402027743,3000,Minimum,4471,4471,0.3,-1,64.25,64.25,0
1786402027843,3000,Minimum,4471,4471,0.3,-1,64.25,64.25,0
1786402027943,3000,Minimum,4471,4471,0.3,-1,64.25,64.25,0
1786402028042,3000,Minimum,4471,4471,0.3,-1,64.25,64.25,0
1786402028143,3000,Minimum,4471,4471,0.3,-1,64.25,64.25,0
1786402028242,3000,Minimum,4471,4471,0.3,-1,64.25,64.25,0
1786402028343,3000,Minimum,4471,4471,0.3,-1,64.25,64.25,0
1786402028443,3000,Minimum,4471,4471,0.3,-1,64.25,64.25,0
1786402028542,3000,Minimum,4471,4471,0.3,-1,64.25,64.25,0
1786402028642,3000,Minimum,4471,4471,0.3,-1,64.25,64.25,0
1786402028743,3000,Minimum,4471,4471,0.3,-1,64.25,64.25,0
1786402028843,3000,Minimum,4471,4471,0.3,-1,64.25,64.25,0
1786402028943,3000,Minimum,4471,4471,0.3,-1,64.25,64.25,0
1786402029042,3000,Minimum,4471,4471,0.3,-1,64.25,64.25,0
1786402029143,3000,Minimum,4471,4471,0.3,-1,64.25,64.25,0
1786402029242,3000,Minimum,4471,4471,0.3,-1,64.25,64.25,0
1786402029343,3000,Minimum,4471,4471,0.3,-1,64.25,64.25,0
1786402029443,3000,Minimum,4471,4471,0.3,-1,64.25,64.25,0
1786402029543,3000,Minimum,4471,4471,0.3,-1,64.25,64.25,0
1786402029643,3000,Minimum,4471,4471,0.3,-1,64.25,64.25,0
1786402029743,3000,Minimum,4471,4471,0.3,-1,64.25,64.25,0
1786402029842,3000,Minimum,4471,4471,0.3,-1,64.25,64.25,0
1786402029943,3000,Minimum,4471,4471,0.3,-1,64.25,64.25,0
1786402030042,3000,Minimum,4471,4471,0.3,-1,64.25,64.25,0
1786402030143,3000,Minimum,4471,4471,0.3,-1,64.25,64.25,0
1786402030243,3000,Minimum,4471,4471,0.3,-1,64.25,64.25,0
1786402030343,3000,Minimum,4471,4471,0.3,-1,64.25,64.25,0
1786402030443,3000,Minimum,4471,4471,0.3,-1,64.25,64.25,0
1786402030543,3000,Minimum,4471,4471,0.3,-1,64.25,64.25,0
1786402030643,3000,Minimum,4471,4471,0.3,-1,64.25,64.25,0
1786402030743,3000,Minimum,4471,4471,0.3,-1,64.25,64.25,0
1786402030843,3000,Minimum,4471,4471,0.3,-1,64.25,64.25,0
1786402030943,3000,Minimum,4471,4471,0.3,-1,64.25,64.25,0
1786402031043,3000,Minimum,4471,4471,0.3,-1,64.25,64.25,0
1786402031143,3000,Minimum,4471,4471,0.3,-1,64.25,64.25,0
1786402031243,3000,Minimum,4471,4471,0.3,-1,64.25,64.25,0
1786402031342,3000,Minimum,4471,4471,0.3,-1,64.25,64.25,0
1786402031443,3000,Minimum,4471,4471,0.3,-1,64.25,64.25,0
1786402031543,3000,Minimum,4471,4471,0.3,-1,64.25,64.25,0
1786402031643,3000,Minimum,4471,4471,0.3,-1,64.25,64.25,0
1786402031743,3000,Minimum,4471,4471,0.3,-1,64.25,64.25,0
1786402031843,3000,Minimum,4471,4471,0.3,-1,64.25,64.25,0
1786402031943,3000,Minimum,4471,4471,0.3,-1,64.25,64.25,0
1786402032043,3000,Minimum,4471,4471,0.3,-1,64.25,64.25,0
1786402032143,3000,Minimum,4471,4471,0.3,-1,64.25,64.25,0
1786402032243,3000,Minimum,4471,4471,0.3,-1,64.25,64.25,0
1786402032343,3000,Minimum,4471,4471,0.3,-1,64.25,64.25,0
1786402032443,3000,Minimum,4471,4471,0.3,-1,64.25,64.25,0
1786402032543,3000,Minimum,4471,4471,0.3,-1,64.25,64.25,0
1786402032643,3000,Minimum,4471,4471,0.3,-1,64.25,64.25,0
1786402032743,3000,Minimum,4471,4471,0.3,-1,64.25,64.25,0
1786402032843,3000,Minimum,4471,4471,0.3,-1,64.25,64.25,0
1786402032942,3000,Minimum,4471,4471,0.3,-1,64.25,64.25,0
1786402033043,3000,Minimum,4471,4471,0.3,-1,64.25,64.25,0
1786402033143,3000,Minimum,4471,4471,0.3,-1,64.25,64.25,0
1786402033243,3000,Minimum,4471,4471,0.3,-1,64.25,64.25,0
1786402033343,3000,Minimum,4471,4471,0.3,-1,64.25,64.25,0
1786402033443,3000,Minimum,4471,4471,0.3,-1,64.25,64.25,0
1786402033543,3000,Minimum,4471,4471,0.3,-1,64.25,64.25,0
1786402033642,3000,Minimum,4471,4471,0.3,-1,64.25,64.25,0
1786402033743,3000,Minimum,4471,4471,0.3,-1,64.25,64.25,0
1786402033842,3000,Minimum,4471,4471,0.3,-1,64.375,64.375,0
1786402033943,3000,Minimum,4471,4471,0.3,-1,64.375,64.375,0
1786402034042,3000,Minimum,4471,4471,0.3,-1,64.375,64.375,0
1786402034143,3000,Minimum,4471,4471,0.3,-1,64.375,64.375,0
1786402034243,3000,Minimum,4471,4471,0.3,-1,64.375,64.375,0
1786402034342,3000,Minimum,4471,4471,0.3,-1,64.375,64.375,0
1786402034443,3000,Minimum,4471,4471,0.3,-1,64.375,64.375,0
1786402034543,3000,Minimum,4471,4471,0.3,-1,64.375,64.375,0
1786402034642,3000,Minimum,4471,4471,0.3,-1,64.375,64.375,0
1786402034743,3000,Minimum,4471,4471,0.3,-1,64.375,64.375,0
1786402034843,3000,Minimum,4471,4471,0.3,-1,64.3125,64.3125,0
1786402034943,3000,Minimum,4471,4471,0.3,-1,64.3125,64.3125,0
1786402035043,3000,Minimum,4471,4471,0.3,-1,64.3125,64.3125,0
1786402035143,3000,Minimum,4471,4471,0.3,-1,64.3125,64.3125,0
1786402035242,3000,Minimum,4471,4471,0.3,-1,64.3125,64.3125,0
1786402035343,3000,Minimum,4471,4471,0.3,-1,64.3125,64.3125,0
1786402035443,3000,Minimum,4471,4471,0.3,-1,64.3125,64.3125,0
1786402035543,3000,Minimum,4471,4471,0.3,-1,64.3125,64.3125,0
1786402035643,3000,Minimum,4471,4471,0.3,-1,64.3125,64.3125,0
1786402035742,3000,Minimum,4471,4471,0.3,-1,64.3125,64.3125,0
1786402035842,3000,Minimum,4471,4471,0.3,-1,64.3125,64.3125,0
1786402035943,3000,Minimum,4471,4471,0.3,-1,64.3125,64.3125,0
1786402036042,3000,Minimum,4471,4471,0.3,-1,64.3125,64.3125,0
1786402036143,3000,Minimum,4471,4471,0.3,-1,64.3125,64.3125,0
1786402036243,3000,Minimum,4471,4471,0.3,-1,64.3125,64.3125,0
1786402036342,3000,Minimum,4471,4471,0.3,-1,64.3125,64.3125,0
1786402036443,3000,Minimum,4471,4471,0.3,-1,64.3125,64.3125,0
1786402036543,3000,Minimum,4471,4471,0.3,-1,64.3125,64.3125,0
1786402036643,3000,Minimum,4471,4471,0.3,-1,64.3125,64.3125,0
1786402036743,3000,Minimum,4471,4471,0.3,-1,64.3125,64.3125,0
1786402036842,3000,Minimum,4471,4471,0.3,-1,64.3125,64.3125,0
1786402036943,3000,Minimum,4471,4471,0.3,-1,64.3125,64.3125,0
1786402037043,3000,Minimum,4471,4471,0.3,-1,64.3125,64.3125,0
1786402037143,3000,Minimum,4471,4471,0.3,-1,64.3125,64.3125,0
1786402037242,3000,Minimum,4471,4471,0.3,-1,64.3125,64.3125,0
1786402037342,3000,Minimum,4471,4471,0.3,-1,64.3125,64.3125,0
1786402037443,3000,Minimum,4471,4471,0.3,-1,64.3125,64.3125,0
1786402037543,3000,Minimum,4471,4471,0.3,-1,64.3125,64.3125,0
1786402037643,3000,Minimum,4471,4471,0.3,-1,64.3125,64.3125,0
1786402037743,3000,Minimum,4471,4471,0.3,-1,64.3125,64.3125,0
1786402037843,3000,Minimum,4471,4471,0.3,-1,64.3125,64.3125,0
1786402037942,3000,Minimum,4471,4471,0.3,-1,64.3125,64.3125,0
1786402038043,3000,Minimum,4471,4471,0.3,-1,64.3125,64.3125,0
1786402038143,3000,Minimum,4471,4471,0.3,-1,64.3125,64.3125,0
1786402038243,3000,Minimum,4471,4471,0.3,-1,64.3125,64.3125,0
1786402038343,3000,Minimum,4471,4471,0.3,-1,64.3125,64.3125,0
1786402038443,3000,Minimum,4471,4471,0.3,-1,64.3125,64.3125,0
1786402038543,3000,Minimum,4471,4471,0.3,-1,64.3125,64.3125,0
1786402038643,3000,Minimum,4471,4471,0.3,-1,64.3125,64.3125,0
1786402038743,3000,Minimum,4471,4471,0.3,-1,64.3125,64.3125,0
1786402038843,3000,Minimum,4471,4471,0.3,-1,64.3125,64.3125,0
1786402038942,3000,Minimum,4471,4471,0.3,-1,64.3125,64.3125,0
1786402039042,3000,Minimum,4471,4471,0.3,-1,64.3125,64.3125,0
1786402039143,3000,Minimum,4471,4471,0.3,-1,64.3125,64.3125,0
1786402039243,3000,Minimum,4471,4471,0.3,-1,64.3125,64.3125,0
1786402039343,3000,Minimum,4471,4471,0.3,-1,64.3125,64.3125,0
1786402039442,3000,Minimum,4471,4471,0.3,-1,64.3125,64.3125,0
1786402039543,3000,Minimum,4471,4471,0.3,-1,64.3125,64.3125,0
1786402039643,3000,Minimum,4471,4471,0.3,-1,64.3125,64.3125,0
1786402039743,3000,Minimum,4471,4471,0.3,-1,64.3125,64.3125,0
1786402039843,3000,Minimum,4471,4471,0.3,-1,64.375,64.375,0
1786402039943,3000,Minimum,4471,4471,0.3,-1,64.375,64.375,0
1786402040043,3000,Minimum,4471,4471,0.3,-1,64.375,64.375,0
1786402040142,3000,Minimum,4471,4471,0.3,-1,64.375,64.375,0
1786402040242,3000,Minimum,4471,4471,0.3,-1,64.375,64.375,0
1786402040343,3000,Minimum,4471,4471,0.3,-1,64.375,64.375,0
1786402040443,3000,Minimum,4471,4471,0.3,-1,64.375,64.375,0
1786402040542,3000,Minimum,4471,4471,0.3,-1,64.375,64.375,0
1786402040643,3000,Minimum,4471,4471,0.3,-1,64.375,64.375,0
1786402040743,3000,Minimum,4471,4471,0.3,-1,64.375,64.375,0
1786402040842,3000,Minimum,4471,4471,0.3,-1,64.3125,64.3125,0
1786402040943,3000,Minimum,4471,4471,0.3,-1,64.3125,64.3125,0
1786402041043,3000,Minimum,4471,4471,0.3,-1,64.3125,64.3125,0
1786402041143,3000,Minimum,4471,4471,0.3,-1,64.3125,64.3125,0
1786402041243,3000,Minimum,4471,4471,0.3,-1,64.3125,64.3125,0
1786402041342,3000,Minimum,4471,4471,0.3,-1,64.3125,64.3125,0
1786402041443,3000,Minimum,4471,4471,0.3,-1,64.3125,64.3125,0
1786402041543,3000,Minimum,4471,4471,0.3,-1,64.3125,64.3125,0
1786402041643,3000,Minimum,4471,4471,0.3,-1,64.3125,64.3125,0
1786402041742,3000,Minimum,4471,4471,0.3,-1,64.3125,64.3125,0
1786402041842,3000,Minimum,4471,4471,0.3,-1,64.25,64.25,0
1786402041943,3000,Minimum,4471,4471,0.3,-1,64.25,64.25,0
1786402042043,3000,Minimum,4471,4471,0.3,-1,64.25,64.25,0
1786402042143,3000,Minimum,4471,4471,0.3,-1,64.25,64.25,0
1786402042243,3000,Minimum,4471,4471,0.3,-1,64.25,64.25,0
1786402042343,3000,Minimum,4471,4471,0.3,-1,64.25,64.25,0
1786402042442,3000,Minimum,4471,4471,0.3,-1,64.25,64.25,0
1786402042543,3000,Minimum,4471,4471,0.3,-1,64.25,64.25,0
1786402042643,3000,Minimum,4471,4471,0.3,-1,64.25,64.25,0
1786402042743,3000,Minimum,4471,4471,0.3,-1,64.25,64.25,0
1786402042843,3000,Minimum,4471,4471,0.3,-1,64.3125,64.3125,0
1786402042943,3000,Minimum,4471,4471,0.3,-1,64.3125,64.3125,0
1786402043042,3000,Minimum,4471,4471,0.3,-1,64.3125,64.3125,0
1786402043142,3000,Minimum,4471,4471,0.3,-1,64.3125,64.3125,0
1786402043243,3000,Minimum,4471,4471,0.3,-1,64.3125,64.3125,0
1786402043343,3000,Minimum,4471,4471,0.3,-1,64.3125,64.3125,0
1786402043443,3000,Minimum,4471,4471,0.3,-1,64.3125,64.3125,0
1786402043543,3000,Minimum,4471,4471,0.3,-1,64.3125,64.3125,0
1786402043643,3000,Minimum,4471,4471,0.3,-1,64.3125,64.3125,0
1786402043742,3000,Minimum,4471,4471,0.3,-1,64.3125,64.3125,0
1786402043843,3000,Minimum,4471,4471,0.3,-1,64.3125,64.3125,0
1786402043943,3000,Minimum,4471,4471,0.3,-1,64.3125,64.3125,0
1786402044043,3000,Minimum,4471,4471,0.3,-1,64.3125,64.3125,0
1786402044143,3000,Minimum,4471,4471,0.3,-1,64.3125,64.3125,0
1786402044242,3000,Minimum,4471,4471,0.3,-1,64.3125,64.3125,0
1786402044343,3000,Minimum,4471,4471,0.3,-1,64.3125,64.3125,0
1786402044443,3000,Minimum,4471,4471,0.3,-1,64.3125,64.3125,0
1786402044543,3000,Minimum,4471,4471,0.3,-1,64.3125,64.3125,0
1786402044643,3000,Minimum,4471,4471,0.3,-1,64.3125,64.3125,0
1786402044742,3000,Minimum,4471,4471,0.3,-1,64.3125,64.3125,0
1786402044842,3000,Minimum,4471,4471,0.3,-1,64.3125,64.3125,0
1786402044943,3000,Minimum,4471,4471,0.3,-1,64.3125,64.3125,0
1786402045043,3000,Minimum,4471,4471,0.3,-1,64.3125,64.3125,0
1786402045143,3000,Minimum,4471,4471,0.3,-1,64.3125,64.3125,0
1786402045243,3000,Minimum,4471,4471,0.3,-1,64.3125,64.3125,0
1786402045343,3000,Minimum,4471,4471,0.3,-1,64.3125,64.3125,0
1786402045443,3000,Minimum,4471,4471,0.3,-1,64.3125,64.3125,0
1786402045542,3000,Minimum,4471,4471,0.3,-1,64.3125,64.3125,0
1786402045643,3000,Minimum,4471,4471,0.3,-1,64.3125,64.3125,0
1786402045743,3000,Minimum,4471,4471,0.3,-1,64.3125,64.3125,0
1786402045843,3000,Minimum,4471,4471,0.3,-1,64.3125,64.3125,0
1786402045943,3000,Minimum,4471,4471,0.3,-1,64.3125,64.3125,0
1786402046043,3000,Minimum,4471,4471,0.3,-1,64.3125,64.3125,0
1786402046143,3000,Minimum,4471,4471,0.3,-1,64.3125,64.3125,0
1786402046243,3000,Minimum,4471,4471,0.3,-1,64.3125,64.3125,0
1786402046343,3000,Minimum,4471,4471,0.3,-1,64.3125,64.3125,0
1786402046442,3000,Minimum,4471,4471,0.3,-1,64.3125,64.3125,0
1786402046542,3000,Minimum,4471,4471,0.3,-1,64.3125,64.3125,0
1786402046643,3000,Minimum,4471,4471,0.3,-1,64.3125,64.3125,0
1786402046743,3000,Minimum,4471,4471,0.3,-1,64.3125,64.3125,0
1786402046843,3000,Minimum,4471,4471,0.3,-1,64.25,64.25,0
1786402046943,3000,Minimum,4471,4471,0.3,-1,64.25,64.25,0
1786402047042,3000,Minimum,4471,4471,0.3,-1,64.25,64.25,0
1786402047143,3000,Minimum,4471,4471,0.3,-1,64.25,64.25,0
1786402047242,3000,Minimum,4471,4471,0.3,-1,64.25,64.25,0
1786402047342,3000,Minimum,4471,4471,0.3,-1,64.25,64.25,0
1786402047443,3000,Minimum,4471,4471,0.3,-1,64.25,64.25,0
1786402047543,3000,Minimum,4471,4471,0.3,-1,64.25,64.25,0
1786402047643,3000,Minimum,4471,4471,0.3,-1,64.25,64.25,0
1786402047743,3000,Minimum,4471,4471,0.3,-1,64.25,64.25,0
1786402047843,3000,Minimum,4471,4471,0.3,-1,64.375,64.375,0
1786402047943,3000,Minimum,4471,4471,0.3,-1,64.375,64.375,0
1786402048043,3000,Minimum,4471,4471,0.3,-1,64.375,64.375,0
1786402048143,3000,Minimum,4471,4471,0.3,-1,64.375,64.375,0
1786402048243,3000,Minimum,4471,4471,0.3,-1,64.375,64.375,0
1786402048343,3000,Minimum,4471,4471,0.3,-1,64.375,64.375,0
1786402048442,3000,Minimum,4471,4471,0.3,-1,64.375,64.375,0
1786402048542,3000,Minimum,4471,4471,0.3,-1,64.375,64.375,0
1786402048643,3000,Minimum,4471,4471,0.3,-1,64.375,64.375,0
1786402048743,3000,Minimum,4471,4471,0.3,-1,64.375,64.375,0
1786402048842,3000,Minimum,4471,4471,0.3,-1,64.3125,64.3125,0
1786402048942,3000,Minimum,4471,4471,0.3,-1,64.3125,64.3125,0
1786402049043,3000,Minimum,4471,4471,0.3,-1,64.3125,64.3125,0
1786402049143,3000,Minimum,4471,4471,0.3,-1,64.3125,64.3125,0
1786402049243,3000,Minimum,4471,4471,0.3,-1,64.3125,64.3125,0
1786402049343,3000,Minimum,4471,4471,0.3,-1,64.3125,64.3125,0
1786402049442,3000,Minimum,4471,4471,0.3,-1,64.3125,64.3125,0
1786402049543,3000,Minimum,4471,4471,0.3,-1,64.3125,64.3125,0
1786402049643,3000,Minimum,4471,4471,0.3,-1,64.3125,64.3125,0
1786402049743,3000,Minimum,4471,4471,0.3,-1,64.3125,64.3125,0
1786402049843,3000,Minimum,4471,4471,0.3,-1,64.25,64.25,0
1786402049943,3000,Minimum,4471,4471,0.3,-1,64.25,64.25,0
1786402050043,3000,Minimum,4471,4471,0.3,-1,64.25,64.25,0
1786402050143,3000,Minimum,4471,4471,0.3,-1,64.25,64.25,0
1786402050243,3000,Minimum,4471,4471,0.3,-1,64.25,64.25,0
1786402050343,3000,Minimum,4471,4471,0.3,-1,64.25,64.25,0
1786402050443,3000,Minimum,4471,4471,0.3,-1,64.25,64.25,0
1786402050543,3000,Minimum,4471,4471,0.3,-1,64.25,64.25,0
1786402050643,3000,Minimum,4471,4471,0.3,-1,64.25,64.25,0
1786402050743,3000,Minimum,4471,4471,0.3,-1,64.25,64.25,0
1786402050843,3000,Minimum,4471,4471,0.3,-1,64.375,64.375,0
1786402050942,3000,Minimum,4471,4471,0.3,-1,64.375,64.375,0
1786402051042,3000,Minimum,4471,4471,0.3,-1,64.375,64.375,0
1786402051143,3000,Minimum,4471,4471,0.3,-1,64.375,64.375,0
1786402051243,3000,Minimum,4471,4471,0.3,-1,64.375,64.375,0
1786402051342,3000,Minimum,4471,4471,0.3,-1,64.375,64.375,0
1786402051443,3000,Minimum,4471,4471,0.3,-1,64.375,64.375,0
1786402051543,3000,Minimum,4471,4471,0.3,-1,64.375,64.375,0
1786402051643,3000,Minimum,4471,4471,0.3,-1,64.375,64.375,0
1786402051743,3000,Minimum,4471,4471,0.3,-1,64.375,64.375,0
1786402051843,3000,Minimum,4471,4471,0.3,-1,64.3125,64.3125,0
1786402051943,3000,Minimum,4471,4471,0.3,-1,64.3125,64.3125,0
1786402052042,3000,Minimum,4471,4471,0.3,-1,64.3125,64.3125,0
1786402052143,3000,Minimum,4471,4471,0.3,-1,64.3125,64.3125,0
1786402052243,3000,Minimum,4471,4471,0.3,-1,64.3125,64.3125,0
1786402052342,3000,Minimum,4471,4471,0.3,-1,64.3125,64.3125,0
1786402052443,3000,Minimum,4471,4471,0.3,-1,64.3125,64.3125,0
1786402052542,3000,Minimum,4471,4471,0.3,-1,64.3125,64.3125,0
1786402052643,3000,Minimum,4471,4471,0.3,-1,64.3125,64.3125,0
1786402052742,3000,Minimum,4471,4471,0.3,-1,64.3125,64.3125,0
1786402052843,3000,Minimum,4471,4471,0.3,-1,64.375,64.375,0
1786402052943,3000,Minimum,4471,4471,0.3,-1,64.375,64.375,0
1786402053042,3000,Minimum,4471,4471,0.3,-1,64.375,64.375,0
1786402053142,3000,Minimum,4471,4471,0.3,-1,64.375,64.375,0
1786402053243,3000,Minimum,4471,4471,0.3,-1,64.375,64.375,0
1786402053343,3000,Minimum,4471,4471,0.3,-1,64.375,64.375,0
1786402053443,3000,Minimum,4471,4471,0.3,-1,64.375,64.375,0
1786402053542,3000,Minimum,4471,4471,0.3,-1,64.375,64.375,0
1786402053643,3000,Minimum,4471,4471,0.3,-1,64.375,64.375,0
1786402053743,3000,Minimum,4471,4471,0.3,-1,64.375,64.375,0
1786402053843,3000,Minimum,4471,4471,0.3,-1,64.25,64.25,0
1786402053943,3000,Minimum,4471,4471,0.3,-1,64.25,64.25,0
1786402054042,3000,Minimum,4471,4471,0.3,-1,64.25,64.25,0
1786402054143,3000,Minimum,4471,4471,0.3,-1,64.25,64.25,0
1786402054243,3000,Minimum,4471,4471,0.3,-1,64.25,64.25,0
1786402054343,3000,Minimum,4471,4471,0.3,-1,64.25,64.25,0
1786402054442,3000,Minimum,4471,4471,0.3,-1,64.25,64.25,0
1786402054542,3000,Minimum,4471,4471,0.3,-1,64.25,64.25,0
1786402054642,3000,Minimum,4471,4471,0.3,-1,64.25,64.25,0
1786402054743,3000,Minimum,4471,4471,0.3,-1,64.25,64.25,0
1786402054843,3000,Minimum,4471,4471,0.3,-1,64.375,64.375,0
1786402054942,3000,Minimum,4471,4471,0.3,-1,64.375,64.375,0
1786402055043,3000,Minimum,4471,4471,0.3,-1,64.375,64.375,0
1786402055143,3000,Minimum,4471,4471,0.3,-1,64.375,64.375,0
1786402055243,3000,Minimum,4471,4471,0.3,-1,64.375,64.375,0
1786402055342,3000,Minimum,4471,4471,0.3,-1,64.375,64.375,0
1786402055443,3000,Minimum,4471,4471,0.3,-1,64.375,64.375,0
1786402055542,3000,Minimum,4471,4471,0.3,-1,64.375,64.375,0
1786402055643,3000,Minimum,4471,4471,0.3,-1,64.375,64.375,0
1786402055743,3000,Minimum,4471,4471,0.3,-1,64.375,64.375,0
1786402055842,3000,Minimum,4471,4471,0.3,-1,64.3125,64.3125,0
1786402055943,3000,Minimum,4471,4471,0.3,-1,64.3125,64.3125,0
1786402056043,3000,Minimum,4471,4471,0.3,-1,64.3125,64.3125,0
1786402056143,3000,Minimum,4471,4471,0.3,-1,64.3125,64.3125,0
1786402056243,3000,Minimum,4471,4471,0.3,-1,64.3125,64.3125,0
1786402056343,3000,Minimum,4471,4471,0.3,-1,64.3125,64.3125,0
1786402056443,3000,Minimum,4471,4471,0.3,-1,64.3125,64.3125,0
1786402056542,3000,Minimum,4471,4471,0.3,-1,64.3125,64.3125,0
1786402056643,3000,Minimum,4471,4471,0.3,-1,64.3125,64.3125,0
1786402056742,3000,Minimum,4471,4471,0.3,-1,64.3125,64.3125,0
1786402056843,3000,Minimum,4471,4471,0.3,-1,64.25,64.25,0
1786402056943,3000,Minimum,4471,4471,0.3,-1,64.25,64.25,0
1786402057043,3000,Minimum,4471,4471,0.3,-1,64.25,64.25,0
1786402057142,3000,Minimum,4471,4471,0.3,-1,64.25,64.25,0
1786402057242,3000,Minimum,4471,4471,0.3,-1,64.25,64.25,0
1786402057343,3000,Minimum,4471,4471,0.3,-1,64.25,64.25,0
1786402057443,3000,Minimum,4471,4471,0.3,-1,64.25,64.25,0
1786402057542,3000,Minimum,4471,4471,0.3,-1,64.25,64.25,0
1786402057643,3000,Minimum,4471,4471,0.3,-1,64.25,64.25,0
1786402057743,3000,Minimum,4471,4471,0.3,-1,64.25,64.25,0
1786402057843,3000,Minimum,4471,4471,0.3,-1,64.3125,64.3125,0
1786402057943,3000,Minimum,4471,4471,0.3,-1,64.3125,64.3125,0
1786402058043,3000,Minimum,4471,4471,0.3,-1,64.3125,64.3125,0
1786402058142,3000,Minimum,4471,4471,0.3,-1,64.3125,64.3125,0
1786402058243,3000,Minimum,4471,4471,0.3,-1,64.3125,64.3125,0
1786402058342,3000,Minimum,4471,4471,0.3,-1,64.3125,64.3125,0
1786402058443,3000,Minimum,4471,4471,0.3,-1,64.3125,64.3125,0
1786402058543,3000,Minimum,4471,4471,0.3,-1,64.3125,64.3125,0
1786402058643,3000,Minimum,4471,4471,0.3,-1,64.3125,64.3125,0
1786402058743,3000,Minimum,4471,4471,0.3,-1,64.3125,64.3125,0
1786402058843,3000,Minimum,4471,4471,0.3,-1,64.3125,64.3125,0
1786402058942,3000,Minimum,4471,4471,0.3,-1,64.3125,64.3125,0
1786402059043,3000,Minimum,4471,4471,0.3,-1,64.3125,64.3125,0
1786402059142,3000,Minimum,4471,4471,0.3,-1,64.3125,64.3125,0
1786402059243,3000,Minimum,4471,4471,0.3,-1,64.3125,64.3125,0
1786402059343,3000,Minimum,4471,4471,0.3,-1,64.3125,64.3125,0
1786402059442,3000,Minimum,4471,4471,0.3,-1,64.3125,64.3125,0
1786402059542,3000,Minimum,4471,4471,0.3,-1,64.3125,64.3125,0
1786402059642,3000,Minimum,4471,4471,0.3,-1,64.3125,64.3125,0
1786402059742,3000,Minimum,4471,4471,0.3,-1,64.3125,64.3125,0
1786402059842,3000,Minimum,4471,4471,0.3,-1,64.3125,64.3125,0
1786402059942,3000,Minimum,4471,4471,0.3,-1,64.3125,64.3125,0
1786402060043,3000,Minimum,4471,4471,0.3,-1,64.3125,64.3125,0
1786402060143,3000,Minimum,4471,4471,0.3,-1,64.3125,64.3125,0
1786402060242,3000,Minimum,4471,4471,0.3,-1,64.3125,64.3125,0
1786402060343,3000,Minimum,4471,4471,0.3,-1,64.3125,64.3125,0
1786402060443,3000,Minimum,4471,4471,0.3,-1,64.3125,64.3125,0
1786402060542,3000,Minimum,4471,4471,0.3,-1,64.3125,64.3125,0
1786402060643,3000,Minimum,4471,4471,0.3,-1,64.3125,64.3125,0
1786402060743,3000,Minimum,4471,4471,0.3,-1,64.3125,64.3125,0
1786402060843,3000,Minimum,4471,4471,0.3,-1,64.3125,64.3125,0
1786402060943,3000,Minimum,4471,4471,0.3,-1,64.3125,64.3125,0
1786402061043,3000,Minimum,4471,4471,0.3,-1,64.3125,64.3125,0
1786402061143,3000,Minimum,4471,4471,0.3,-1,64.3125,64.3125,0
1786402061243,3000,Minimum,4471,4471,0.3,-1,64.3125,64.3125,0
1786402061343,3000,Minimum,4471,4471,0.3,-1,64.3125,64.3125,0
1786402061443,3000,Minimum,4471,4471,0.3,-1,64.3125,64.3125,0
1786402061543,3000,Minimum,4471,4471,0.3,-1,64.3125,64.3125,0
1786402061642,3000,Minimum,4471,4471,0.3,-1,64.3125,64.3125,0
1786402061743,3000,Minimum,4471,4471,0.3,-1,64.3125,64.3125,0
1786402061843,3000,Minimum,4471,4471,0.3,-1,64.375,64.375,0
1786402061942,3000,Minimum,4471,4471,0.3,-1,64.375,64.375,0
1786402062042,3000,Minimum,4471,4471,0.3,-1,64.375,64.375,0
1786402062143,3000,Minimum,4471,4471,0.3,-1,64.375,64.375,0
1786402062242,3000,Minimum,4471,4471,0.3,-1,64.375,64.375,0
1786402062342,3000,Minimum,4471,4471,0.3,-1,64.375,64.375,0
1786402062442,3000,Minimum,4471,4471,0.3,-1,64.375,64.375,0
1786402062542,3000,Minimum,4471,4471,0.3,-1,64.375,64.375,0
1786402062643,3000,Minimum,4471,4471,0.3,-1,64.375,64.375,0
1786402062742,3000,Minimum,4471,4471,0.3,-1,64.375,64.375,0
1786402062842,3000,Minimum,4471,4471,0.3,-1,64.375,64.375,0
1786402062943,3000,Minimum,4471,4471,0.3,-1,64.375,64.375,0
1786402063043,3000,Minimum,4471,4471,0.3,-1,64.375,64.375,0
1786402063143,3000,Minimum,4471,4471,0.3,-1,64.375,64.375,0
1786402063243,3000,Minimum,4471,4471,0.3,-1,64.375,64.375,0
1786402063343,3000,Minimum,4471,4471,0.3,-1,64.375,64.375,0
1786402063443,3000,Minimum,4471,4471,0.3,-1,64.375,64.375,0
1786402063543,3000,Minimum,4471,4471,0.3,-1,64.375,64.375,0
1786402063643,3000,Minimum,4471,4471,0.3,-1,64.375,64.375,0
1786402063742,3000,Minimum,4471,4471,0.3,-1,64.375,64.375,0
1786402063843,3000,Minimum,4471,4471,0.3,-1,64.375,64.375,0
1786402063943,3000,Minimum,4471,4471,0.3,-1,64.375,64.375,0
1786402064042,3000,Minimum,4471,4471,0.3,-1,64.375,64.375,0
1786402064143,3000,Minimum,4471,4471,0.3,-1,64.375,64.375,0
1786402064243,3000,Minimum,4471,4471,0.3,-1,64.375,64.375,0
1786402064343,3000,Minimum,4471,4471,0.3,-1,64.375,64.375,0
1786402064443,3000,Minimum,4471,4471,0.3,-1,64.375,64.375,0
1786402064543,3000,Minimum,4471,4471,0.3,-1,64.375,64.375,0
1786402064643,3000,Minimum,4471,4471,0.3,-1,64.375,64.375,0
1786402064743,3000,Minimum,4471,4471,0.3,-1,64.375,64.375,0
1786402064843,3000,Minimum,4471,4471,0.3,-1,64.3125,64.3125,0
1786402064943,3000,Minimum,4471,4471,0.3,-1,64.3125,64.3125,0
1786402065043,3000,Minimum,4471,4471,0.3,-1,64.3125,64.3125,0
1786402065143,3000,Minimum,4471,4471,0.3,-1,64.3125,64.3125,0
1786402065243,3000,Minimum,4471,4471,0.3,-1,64.3125,64.3125,0
1786402065343,3000,Minimum,4471,4471,0.3,-1,64.3125,64.3125,0
1786402065442,3000,Minimum,4471,4471,0.3,-1,64.3125,64.3125,0
1786402065542,3000,Minimum,4471,4471,0.3,-1,64.3125,64.3125,0
1786402065643,3000,Minimum,4471,4471,0.3,-1,64.3125,64.3125,0
1786402065743,3000,Minimum,4471,4471,0.3,-1,64.3125,64.3125,0
1786402065843,3000,Minimum,4471,4471,0.3,-1,64.3125,64.3125,0
1786402065943,3000,Minimum,4471,4471,0.3,-1,64.3125,64.3125,0
1786402066043,3000,Minimum,4471,4471,0.3,-1,64.3125,64.3125,0
1786402066143,3000,Minimum,4471,4471,0.3,-1,64.3125,64.3125,0
1786402066243,3000,Minimum,4471,4471,0.3,-1,64.3125,64.3125,0
1786402066343,3000,Minimum,4471,4471,0.3,-1,64.3125,64.3125,0
1786402066443,3000,Minimum,4471,4471,0.3,-1,64.3125,64.3125,0
1786402066543,3000,Minimum,4471,4471,0.3,-1,64.3125,64.3125,0
1786402066643,3000,Minimum,4471,4471,0.3,-1,64.3125,64.3125,0
1786402066743,3000,Minimum,4471,4471,0.3,-1,64.3125,64.3125,0
1786402066843,3000,Minimum,4471,4471,0.3,-1,64.3125,64.3125,0
1786402066943,3000,Minimum,4471,4471,0.3,-1,64.3125,64.3125,0
1786402067043,3000,Minimum,4471,4471,0.3,-1,64.3125,64.3125,0
1786402067143,3000,Minimum,4471,4471,0.3,-1,64.3125,64.3125,0
1786402067243,3000,Minimum,4471,4471,0.3,-1,64.3125,64.3125,0
1786402067342,3000,Minimum,4471,4471,0.3,-1,64.3125,64.3125,0
1786402067443,3000,Minimum,4471,4471,0.3,-1,64.3125,64.3125,0
1786402067542,3000,Minimum,4471,4471,0.3,-1,64.3125,64.3125,0
1786402067642,3000,Minimum,4471,4471,0.3,-1,64.3125,64.3125,0
1786402067743,3000,Minimum,4471,4471,0.3,-1,64.3125,64.3125,0
1786402067843,3000,Minimum,4471,4471,0.3,-1,64.3125,64.3125,0
1786402067942,3000,Minimum,4471,4471,0.3,-1,64.3125,64.3125,0
1786402068043,3000,Minimum,4471,4471,0.3,-1,64.3125,64.3125,0
1786402068142,3000,Minimum,4471,4471,0.3,-1,64.3125,64.3125,0
1786402068243,3000,Minimum,4471,4471,0.3,-1,64.3125,64.3125,0
1786402068343,3000,Minimum,4471,4471,0.3,-1,64.3125,64.3125,0
1786402068443,3000,Minimum,4471,4471,0.3,-1,64.3125,64.3125,0
1786402068543,3000,Minimum,4471,4471,0.3,-1,64.3125,64.3125,0
1786402068643,3000,Minimum,4471,4471,0.3,-1,64.3125,64.3125,0
1786402068743,3000,Minimum,4471,4471,0.3,-1,64.3125,64.3125,0
1786402068843,3000,Minimum,4471,4471,0.3,-1,64.375,64.375,0
1786402068942,3000,Minimum,4471,4471,0.3,-1,64.375,64.375,0
1786402069043,3000,Minimum,4471,4471,0.3,-1,64.375,64.375,0
1786402069143,3000,Minimum,4471,4471,0.3,-1,64.375,64.375,0
1786402069242,3000,Minimum,4471,4471,0.3,-1,64.375,64.375,0
1786402069343,3000,Minimum,4471,4471,0.3,-1,64.375,64.375,0
1786402069443,3000,Minimum,4471,4471,0.3,-1,64.375,64.375,0
1786402069542,3000,Minimum,4471,4471,0.3,-1,64.375,64.375,0
1786402069642,3000,Minimum,4471,4471,0.3,-1,64.375,64.375,0
1786402069743,3000,Minimum,4471,4471,0.3,-1,64.375,64.375,0
1786402069842,3000,Minimum,4471,4471,0.3,-1,64.375,64.375,0
1786402069943,3000,Minimum,4471,4471,0.3,-1,64.375,64.375,0
1786402070043,3000,Minimum,4471,4471,0.3,-1,64.375,64.375,0
1786402070143,3000,Minimum,4471,4471,0.3,-1,64.375,64.375,0
1786402070242,3000,Minimum,4471,4471,0.3,-1,64.375,64.375,0
1786402070343,3000,Minimum,4471,4471,0.3,-1,64.375,64.375,0
1786402070443,3000,Minimum,4471,4471,0.3,-1,64.375,64.375,0
1786402070543,3000,Minimum,4471,4471,0.3,-1,64.375,64.375,0
1786402070643,3000,Minimum,4471,4471,0.3,-1,64.375,64.375,0
1786402070743,3000,Minimum,4471,4471,0.3,-1,64.375,64.375,0
1786402070843,3000,Minimum,4471,4471,0.3,-1,64.375,64.375,0
1786402070943,3000,Minimum,4471,4471,0.3,-1,64.375,64.375,0
1786402071043,3000,Minimum,4471,4471,0.3,-1,64.375,64.375,0
1786402071143,3000,Minimum,4471,4471,0.3,-1,64.375,64.375,0
1786402071243,3000,Minimum,4471,4471,0.3,-1,64.375,64.375,0
1786402071343,3000,Minimum,4471,4471,0.3,-1,64.375,64.375,0
1786402071443,3000,Minimum,4471,4471,0.3,-1,64.375,64.375,0
1786402071542,3000,Minimum,4471,4471,0.3,-1,64.375,64.375,0
1786402071643,3000,Minimum,4471,4471,0.3,-1,64.375,64.375,0
1786402071743,3000,Minimum,4471,4471,0.3,-1,64.375,64.375,0
1786402071843,3000,Minimum,4471,4471,0.3,-1,64.375,64.375,0
1786402071943,3000,Minimum,4471,4471,0.3,-1,64.375,64.375,0
1786402072043,3000,Minimum,4471,4471,0.3,-1,64.375,64.375,0
1786402072143,3000,Minimum,4471,4471,0.3,-1,64.375,64.375,0
1786402072242,3000,Minimum,4471,4471,0.3,-1,64.375,64.375,0
1786402072343,3000,Minimum,4471,4471,0.3,-1,64.375,64.375,0
1786402072443,3000,Minimum,4471,4471,0.3,-1,64.375,64.375,0
1786402072542,3000,Minimum,4471,4471,0.3,-1,64.375,64.375,0
1786402072643,3000,Minimum,4471,4471,0.3,-1,64.375,64.375,0
1786402072743,3000,Minimum,4471,4471,0.3,-1,64.375,64.375,0
1786402072842,3000,Minimum,4471,4471,0.3,-1,64.25,64.25,0
1786402072943,3000,Minimum,4471,4471,0.3,-1,64.25,64.25,0
1786402073043,3000,Minimum,4471,4471,0.3,-1,64.25,64.25,0
1786402073143,3000,Minimum,4471,4471,0.3,-1,64.25,64.25,0
1786402073243,3000,Minimum,4471,4471,0.3,-1,64.25,64.25,0
1786402073343,3000,Minimum,4471,4471,0.3,-1,64.25,64.25,0
1786402073442,3000,Minimum,4471,4471,0.3,-1,64.25,64.25,0
1786402073543,3000,Minimum,4471,4471,0.3,-1,64.25,64.25,0
1786402073643,3000,Minimum,4471,4471,0.3,-1,64.25,64.25,0
1786402073742,3000,Minimum,4471,4471,0.3,-1,64.25,64.25,0
1786402073843,3000,Minimum,4471,4471,0.3,-1,64.4375,64.4375,0
1786402073943,3000,Minimum,4471,4471,0.3,-1,64.4375,64.4375,0
1786402074042,3000,Minimum,4471,4471,0.3,-1,64.4375,64.4375,0
1786402074143,3000,Minimum,4471,4471,0.3,-1,64.4375,64.4375,0
1786402074243,3000,Minimum,4471,4471,0.3,-1,64.4375,64.4375,0
1786402074343,3000,Minimum,4471,4471,0.3,-1,64.4375,64.4375,0
1786402074443,3000,Minimum,4471,4471,0.3,-1,64.4375,64.4375,0
1786402074542,3000,Minimum,4471,4471,0.3,-1,64.4375,64.4375,0
1786402074643,3000,Minimum,4471,4471,0.3,-1,64.4375,64.4375,0
1786402074743,3000,Minimum,4471,4471,0.3,-1,64.4375,64.4375,0
1786402074843,3000,Minimum,4471,4471,0.3,-1,64.3125,64.3125,0
1786402074943,3000,Minimum,4471,4471,0.3,-1,64.3125,64.3125,0
1786402075043,3000,Minimum,4471,4471,0.3,-1,64.3125,64.3125,0
1786402075143,3000,Minimum,4471,4471,0.3,-1,64.3125,64.3125,0
1786402075243,3000,Minimum,4471,4471,0.3,-1,64.3125,64.3125,0
1786402075343,3000,Minimum,4471,4471,0.3,-1,64.3125,64.3125,0
1786402075443,3000,Minimum,4471,4471,0.3,-1,64.3125,64.3125,0
1786402075543,3000,Minimum,4471,4471,0.3,-1,64.3125,64.3125,0
1786402075643,3000,Minimum,4471,4471,0.3,-1,64.3125,64.3125,0
1786402075742,3000,Minimum,4471,4471,0.3,-1,64.3125,64.3125,0
1786402075843,3000,Minimum,4471,4471,0.3,-1,64.5625,64.5625,0
1786402075943,3000,Minimum,4471,4471,0.3,-1,64.5625,64.5625,0
1786402076042,3000,Minimum,4471,4471,0.3,-1,64.5625,64.5625,0
1786402076143,3000,Minimum,4471,4471,0.3,-1,64.5625,64.5625,0
1786402076243,3000,Minimum,4471,4471,0.3,-1,64.5625,64.5625,0
1786402076342,3000,Minimum,4471,4471,0.3,-1,64.5625,64.5625,0
1786402076443,3000,Minimum,4471,4471,0.3,-1,64.5625,64.5625,0
1786402076543,3000,Minimum,4471,4471,0.3,-1,64.5625,64.5625,0
1786402076643,3000,Minimum,4471,4471,0.3,-1,64.5625,64.5625,0
1786402076743,3000,Minimum,4471,4471,0.3,-1,64.5625,64.5625,0
1786402076842,3000,Minimum,4471,4471,0.3,-1,65.25,65.25,0
1786402076942,3000,Minimum,4471,4471,0.3,-1,65.25,65.25,0
1786402077043,3000,Minimum,4471,4471,0.3,-1,65.25,65.25,0
1786402077142,3000,Minimum,4471,4471,0.3,-1,65.25,65.25,0
1786402077243,3000,Minimum,4471,4471,0.3,-1,65.25,65.25,0
1786402077343,3000,Minimum,4471,4471,0.3,-1,65.25,65.25,0
1786402077443,3000,Minimum,4471,4471,0.3,-1,65.25,65.25,0
1786402077543,3000,Minimum,4471,4471,0.3,-1,65.25,65.25,0
1786402077643,3000,Minimum,4471,4471,0.3,-1,65.25,65.25,0
1786402077743,3000,Minimum,4471,4471,0.3,-1,65.25,65.25,0
1786402077843,3000,Minimum,4471,4471,0.3,-1,66,66,0
1786402077943,3000,Minimum,4471,4471,0.3,-1,66,66,0
1786402078043,3000,Minimum,4471,4471,0.3,-1,66,66,0
1786402078143,3000,Minimum,4471,4471,0.3,-1,66,66,0
1786402078243,3000,Minimum,4471,4471,0.3,-1,66,66,0
1786402078343,3000,Minimum,4471,4471,0.3,-1,66,66,0
1786402078443,3000,Minimum,4471,4471,0.3,-1,66,66,0
1786402078543,3000,Minimum,4471,4471,0.3,-1,66,66,0
1786402078643,3000,Minimum,4471,4471,0.3,-1,66,66,0
1786402078743,3000,Minimum,4471,4471,0.3,-1,66,66,0
1786402078843,3000,Minimum,4471,4471,0.3,-1,67.0625,67.0625,0
1786402078943,3000,Minimum,4471,4471,0.3,-1,67.0625,67.0625,0
1786402079043,3000,Minimum,4471,4471,0.3,-1,67.0625,67.0625,0
1786402079143,3000,Minimum,4471,4471,0.3,-1,67.0625,67.0625,0
1786402079243,3000,Minimum,4471,4471,0.3,-1,67.0625,67.0625,0
1786402079343,3000,Minimum,4471,4471,0.3,-1,67.0625,67.0625,0
1786402079443,3000,Minimum,4471,4471,0.3,-1,67.0625,67.0625,0
1786402079543,3000,Minimum,4471,4471,0.3,-1,67.0625,67.0625,0
1786402079643,3000,Minimum,4471,4471,0.3,-1,67.0625,67.0625,0
1786402079742,3000,Minimum,4471,4471,0.3,-1,67.0625,67.0625,0
1786402079843,3000,Minimum,4471,4471,0.3,-1,68.125,68.125,0
1786402079943,3000,Minimum,4471,4471,0.3,-1,68.125,68.125,0
1786402080042,3000,Minimum,4471,4471,0.3,-1,68.125,68.125,0
1786402080142,3000,Minimum,4471,4471,0.3,-1,68.125,68.125,0
1786402080243,3000,Minimum,4471,4471,0.3,-1,68.125,68.125,0
1786402080342,3000,Minimum,4471,4471,0.3,-1,68.125,68.125,0
1786402080443,3000,Minimum,4471,4471,0.3,-1,68.125,68.125,0
1786402080543,3000,Minimum,4471,4471,0.3,-1,68.125,68.125,0
1786402080642,3000,Minimum,4471,4471,0.3,-1,68.125,68.125,0
1786402080743,3000,Minimum,4471,4471,0.3,-1,68.125,68.125,0
1786402080842,3000,Minimum,4471,4471,0.3,-1,69.3125,69.3125,0
1786402080943,3000,Minimum,4471,4471,0.3,-1,69.3125,69.3125,0
1786402081043,3000,Minimum,4471,4471,0.3,-1,69.3125,69.3125,0
1786402081143,3000,Minimum,4471,4471,0.3,-1,69.3125,69.3125,0
1786402081243,3000,Minimum,4471,4471,0.3,-1,69.3125,69.3125,0
1786402081342,3000,Minimum,4471,4471,0.3,-1,69.3125,69.3125,0
1786402081443,3000,Minimum,4471,4471,0.3,-1,69.3125,69.3125,0
1786402081543,3000,Minimum,4471,4471,0.3,-1,69.3125,69.3125,0
1786402081643,3000,Minimum,4471,4471,0.3,-1,69.3125,69.3125,0
1786402081743,3000,Minimum,4471,4471,0.3,-1,69.3125,69.3125,0
1786402081843,3000,Minimum,4471,4471,0.3,-1,70.5,70.5,0
1786402081943,3000,Minimum,4471,4471,0.3,-1,70.5,70.5,0
1786402082042,3000,Minimum,4471,4471,0.3,-1,70.5,70.5,0
1786402082143,3000,Minimum,4471,4471,0.3,-1,70.5,70.5,0
1786402082243,3000,Minimum,4471,4471,0.3,-1,70.5,70.5,0
1786402082343,3000,Minimum,4471,4471,0.3,-1,70.5,70.5,0
1786402082443,3000,Minimum,4471,4471,0.3,-1,70.5,70.5,0
1786402082543,3000,Minimum,4471,4471,0.3,-1,70.5,70.5,0
1786402082643,3000,Minimum,4471,4471,0.3,-1,70.5,70.5,0
1786402082743,3000,Minimum,4471,4471,0.3,-1,70.5,70.5,0
1786402082843,3000,Minimum,4471,4471,0.3,-1,71.6875,71.6875,0
1786402082943,3000,Minimum,4471,4471,0.3,-1,71.6875,71.6875,0
1786402083043,3000,Minimum,4471,4471,0.3,-1,71.6875,71.6875,0
1786402083143,3000,Minimum,4471,4471,0.3,-1,71.6875,71.6875,0
1786402083243,3000,Minimum,4471,4471,0.3,-1,71.6875,71.6875,0
1786402083343,3000,Minimum,4471,4471,0.3,-1,71.6875,71.6875,0
1786402083442,3000,Minimum,4471,4471,0.3,-1,71.6875,71.6875,0
1786402083543,3000,Minimum,4471,4471,0.3,-1,71.6875,71.6875,0
1786402083643,3000,Minimum,4471,4471,0.3,-1,71.6875,71.6875,0
1786402083743,3000,Minimum,4471,4471,0.3,-1,71.6875,71.6875,0
1786402083842,3000,Minimum,4471,4471,0.3,-1,72.9375,72.9375,0
1786402083943,3000,Minimum,4471,4471,0.3,-1,72.9375,72.9375,0
1786402084042,3000,Minimum,4471,4471,0.3,-1,72.9375,72.9375,0
1786402084143,3000,Minimum,4471,4471,0.3,-1,72.9375,72.9375,0
1786402084243,3000,Minimum,4471,4471,0.3,-1,72.9375,72.9375,0
1786402084343,3000,Minimum,4471,4471,0.3,-1,72.9375,72.9375,0
1786402084442,3000,Minimum,4471,4471,0.3,-1,72.9375,72.9375,0
1786402084543,3000,Minimum,4471,4471,0.3,-1,72.9375,72.9375,0
1786402084643,3000,Minimum,4471,4471,0.3,-1,72.9375,72.9375,0
1786402084742,3000,Minimum,4471,4471,0.3,-1,72.9375,72.9375,0
1786402084843,3000,Minimum,4471,4471,0.3,-1,74.125,74.125,0
1786402084942,3000,Minimum,4471,4471,0.3,-1,74.125,74.125,0
1786402085042,3000,Minimum,4471,4471,0.3,-1,74.125,74.125,0
1786402085143,3000,Minimum,4471,4471,0.3,-1,74.125,74.125,0
1786402085243,3000,Minimum,4471,4471,0.3,-1,74.125,74.125,0
1786402085343,3000,Minimum,4471,4471,0.3,-1,74.125,74.125,0
1786402085442,3000,Minimum,4471,4471,0.3,-1,74.125,74.125,0
1786402085543,3000,Minimum,4471,4471,0.3,-1,74.125,74.125,0
1786402085643,3000,Minimum,4471,4471,0.3,-1,74.125,74.125,0
1786402085743,3000,Minimum,4471,4471,0.3,-1,74.125,74.125,0
1786402085843,3000,Minimum,4471,4471,0.3,-1,75.25,75.25,0
1786402085942,3000,Minimum,4471,4471,0.3,-1,75.25,75.25,0
1786402086043,3000,Minimum,4471,4471,0.3,-1,75.25,75.25,0
1786402086143,3000,Minimum,4471,4471,0.3,-1,75.25,75.25,0
1786402086243,3000,Minimum,4471,4471,0.3,-1,75.25,75.25,0
1786402086343,3000,Minimum,4471,4471,0.3,-1,75.25,75.25,0
1786402086443,3000,Minimum,4471,4471,0.3,-1,75.25,75.25,0
1786402086543,3000,Minimum,4471,4471,0.3,-1,75.25,75.25,0
1786402086642,3000,Minimum,4471,4471,0.3,-1,75.25,75.25,0
1786402086743,3000,Minimum,4471,4471,0.3,-1,75.25,75.25,0
1786402086843,3000,Minimum,4471,4471,0.3,-1,76.5,76.5,0
1786402086943,3000,Minimum,4471,4471,0.3,-1,76.5,76.5,0
1786402087043,3000,Minimum,4471,4471,0.3,-1,76.5,76.5,0
1786402087143,3000,Minimum,4471,4471,0.3,-1,76.5,76.5,0
1786402087242,3000,Minimum,4471,4471,0.3,-1,76.5,76.5,0
1786402087343,3000,Minimum,4471,4471,0.3,-1,76.5,76.5,0
1786402087443,3000,Minimum,4471,4471,0.3,-1,76.5,76.5,0
1786402087543,3000,Minimum,4471,4471,0.3,-1,76.5,76.5,0
1786402087643,3000,Minimum,4471,4471,0.3,-1,76.5,76.5,0
1786402087743,3000,Minimum,4471,4471,0.3,-1,76.5,76.5,0
1786402087843,3153.6,die0,4471,4471,0.3,-1,77.625,77.625,0
1786402087943,3153.6,die0,4471,4471,0.3,-1,77.625,77.625,0
1786402088043,3153.6,die0,4471,4471,0.3,-1,77.625,77.625,0
1786402088142,3153.6,die0,4471,4471,0.3,-1,77.625,77.625,0
1786402088243,3153.6,die0,4471,4471,0.3,-1,77.625,77.625,0
1786402088343,3153.6,die0,4471,4471,0.3,-1,77.625,77.625,0
1786402088442,3153.6,die0,4471,4471,0.3,-1,77.625,77.625,0
1786402088543,3153.6,die0,4471,4471,0.3,-1,77.625,77.625,0
1786402088642,3153.6,die0,4471,4471,0.3,-1,77.625,77.625,0
1786402088743,3153.6,die0,4471,4471,0.3,-1,77.625,77.625,0
1786402088843,3470.3,die0,4471,4471,0.3,-1,78.75,78.75,0
1786402088942,3470.3,die0,4471,4471,0.3,-1,78.75,78.75,0
1786402089043,3470.3,die0,4471,4471,0.3,-1,78.75,78.75,0
1786402089143,3470.3,die0,4471,4471,0.3,-1,78.75,78.75,0
1786402089243,3470.3,die0,4471,4471,0.3,-1,78.75,78.75,0
1786402089343,3470.3,die0,4471,4471,0.3,-1,78.75,78.75,0
1786402089442,3470.3,die0,4471,4471,0.3,-1,78.75,78.75,0
1786402089543,3470.3,die0,4471,4471,0.3,-1,78.75,78.75,0
1786402089642,3470.3,die0,4471,4471,0.3,-1,78.75,78.75,0
1786402089743,3470.3,die0,4471,4471,0.3,-1,78.75,78.75,0
1786402089843,3792.63,die0,4471,4471,0.3,-1,79.875,79.875,0
1786402089942,3792.63,die0,4471,4471,0.3,-1,79.875,79.875,0
1786402090043,3792.63,die0,4471,4471,0.3,-1,79.875,79.875,0
1786402090143,3792.63,die0,4471,4471,0.3,-1,79.875,79.875,0
1786402090243,3792.63,die0,4471,4471,0.3,-1,79.875,79.875,0
1786402090343,3792.63,die0,4471,4471,0.3,-1,79.875,79.875,0
1786402090442,3792.63,die0,4471,4471,0.3,-1,79.875,79.875,0
1786402090542,3792.63,die0,4471,4471,0.3,-1,79.875,79.875,0
1786402090642,3792.63,die0,4471,4471,0.3,-1,79.875,79.875,0
1786402090742,3792.63,die0,4471,4471,0.3,-1,79.875,79.875,0
1786402090842,4092.43,die0,4471,4471,0.3,-1,80.875,80.875,0
1786402090942,4092.43,die0,4471,4471,0.3,-1,80.875,80.875,0
1786402091042,4092.43,die0,4471,4471,0.3,-1,80.875,80.875,0
1786402091142,4092.43,die0,4471,4471,0.3,-1,80.875,80.875,0
1786402091242,4092.43,die0,4471,4471,0.3,-1,80.875,80.875,0
1786402091342,4092.43,die0,4471,4471,0.3,-1,80.875,80.875,0
1786402091442,4092.43,die0,4471,4471,0.3,-1,80.875,80.875,0
1786402091542,4092.43,die0,4471,4471,0.3,-1,80.875,80.875,0
1786402091642,4092.43,die0,4471,4471,0.3,-1,80.875,80.875,0
1786402091742,4092.43,die0,4471,4471,0.3,-1,80.875,80.875,0
1786402091842,4425.41,die0,4471,4471,0.3,-1,82,82,0
1786402091942,4425.41,die0,4471,4471,0.3,-1,82,82,0
1786402092042,4425.41,die0,4471,4471,0.3,-1,82,82,0
1786402092142,4425.41,die0,4471,4471,0.3,-1,82,82,0
1786402092243,4425.41,die0,4471,4471,0.3,-1,82,82,0
1786402092342,4425.41,die0,4471,4471,0.3,-1,82,82,0
1786402092443,4425.41,die0,4471,4471,0.3,-1,82,82,0
1786402092542,4425.41,die0,4471,4471,0.3,-1,82,82,0
1786402092642,4425.41,die0,4471,4471,0.3,-1,82,82,0
1786402092742,4425.41,die0,4471,4471,0.3,-1,82,82,0
1786402092842,4764.02,die0,4486,4486,0.317601,-1,83.125,83.125,0
1786402092942,4764.02,die0,4501,4501,0.317601,-1,83.125,83.125,0
1786402093042,4764.02,die0,4515,4515,0.317601,-1,83.125,83.125,0
1786402093142,4764.02,die0,4527,4527,0.317601,-1,83.125,83.125,0
1786402093242,4764.02,die0,4539,4539,0.317601,-1,83.125,83.125,0
1786402093343,4764.02,die0,4550,4550,0.317601,-1,83.125,83.125,0
1786402093442,4764.02,die0,4561,4561,0.317601,-1,83.125,83.125,0
1786402093542,4764.02,die0,4570,4570,0.317601,-1,83.125,83.125,0
1786402093642,4764.02,die0,4579,4579,0.317601,-1,83.125,83.125,0
1786402093742,4764.02,die0,4588,4588,0.317601,-1,83.125,83.125,0
1786402093842,5094.18,die0,4619,4619,0.339612,-1,84.1875,84.1875,0
1786402093942,5094.18,die0,4649,4649,0.339612,-1,84.1875,84.1875,0
1786402094043,5094.18,die0,4676,4676,0.339612,-1,84.1875,84.1875,0
1786402094146,5094.18,die0,4701,4701,0.339612,-1,84.1875,84.1875,0
1786402094242,5094.18,die0,4725,4725,0.339612,-1,84.1875,84.1875,0
1786402094342,5094.18,die0,4748,4748,0.339612,-1,84.1875,84.1875,0
1786402094442,5094.18,die0,4768,4768,0.339612,-1,84.1875,84.1875,0
1786402094542,5094.18,die0,4788,4788,0.339612,-1,84.1875,84.1875,0
1786402094642,5094.18,die0,4806,4806,0.339612,-1,84.1875,84.1875,0
1786402094742,5094.18,die0,4823,4823,0.339612,-1,84.1875,84.1875,0
1786402094842,5415.59,die0,4862,4862,0.361039,-1,85.1875,85.1875,0
1786402094942,5415.59,die0,4899,4899,0.361039,-1,85.1875,85.1875,0
1786402095042,5415.59,die0,4933,4933,0.361039,-1,85.1875,85.1875,0
1786402095142,5415.59,die0,4965,4965,0.361039,-1,85.1875,85.1875,0
1786402095242,5415.59,die0,4994,4994,0.361039,-1,85.1875,85.1875,0
1786402095342,5415.59,die0,5022,5022,0.361039,-1,85.1875,85.1875,0
1786402095442,5415.59,die0,5048,5048,0.361039,-1,85.1875,85.1875,0
1786402095542,5415.59,die0,5072,5072,0.361039,-1,85.1875,85.1875,0
1786402095642,5415.59,die0,5095,5095,0.361039,-1,85.1875,85.1875,0
1786402095742,5415.59,die0,5116,5116,0.361039,-1,85.1875,85.1875,0
1786402095842,5742.01,die0,5156,5156,0.382801,-1,86.1875,86.1875,0
1786402095942,5742.01,die0,5192,5192,0.382801,-1,86.1875,86.1875,0
1786402096043,5742.01,die0,5226,5226,0.382801,-1,86.1875,86.1875,0
1786402096142,5742.01,die0,5258,5258,0.382801,-1,86.1875,86.1875,0
1786402096242,5742.01,die0,5288,5288,0.382801,-1,86.1875,86.1875,0
1786402096342,5742.01,die0,5316,5316,0.382801,-1,86.1875,86.1875,0
1786402096446,5742.01,die0,5342,5342,0.382801,-1,86.1875,86.1875,0
1786402096542,5742.01,die0,5366,5366,0.382801,-1,86.1875,86.1875,0
1786402096642,5742.01,die0,5389,5389,0.382801,-1,86.1875,86.1875,0
1786402096742,5742.01,die0,5410,5410,0.382801,-1,86.1875,86.1875,0
1786402096842,6031.19,die0,5449,5449,0.40208,-1,87,87,0
1786402096942,6031.19,die0,5486,5486,0.40208,-1,87,87,0
1786402097042,6031.19,die0,5520,5520,0.40208,-1,87,87,0
1786402097142,6031.19,die0,5552,5552,0.40208,-1,87,87,0
1786402097242,6031.19,die0,5582,5582,0.40208,-1,87,87,0
1786402097342,6031.19,die0,5610,5610,0.40208,-1,87,87,0
1786402097442,6031.19,die0,5636,5636,0.40208,-1,87,87,0
1786402097542,6031.19,die0,5660,5660,0.40208,-1,87,87,0
1786402097642,6031.19,die0,5683,5683,0.40208,-1,87,87,0
1786402097742,6031.19,die0,5704,5704,0.40208,-1,87,87,0
1786402097842,6394.85,die0,5747,5747,0.426324,-1,88.125,88.125,0
1786402097942,6394.85,die0,5788,5788,0.426324,-1,88.125,88.125,0
1786402098042,6394.85,die0,5825,5825,0.426324,-1,88.125,88.125,0
1786402098142,6394.85,die0,5861,5861,0.426324,-1,88.125,88.125,0
1786402098242,6394.85,die0,5893,5893,0.426324,-1,88.125,88.125,0
1786402098342,6394.85,die0,5924,5924,0.426324,-1,88.125,88.125,0
1786402098442,6394.85,die0,5953,5953,0.426324,-1,88.125,88.125,0
1786402098542,6394.85,die0,5979,5979,0.426324,-1,88.125,88.125,0
1786402098642,6394.85,die0,6004,6004,0.426324,-1,88.125,88.125,0
1786402098742,6394.85,die0,6027,6027,0.426324,-1,88.125,88.125,0
1786402098842,6665.58,die0,6069,6069,0.444372,-1,88.8125,88.8125,0
1786402098942,6665.58,die0,6107,6107,0.444372,-1,88.8125,88.8125,0
1786402099042,6665.58,die0,6143,6143,0.444372,-1,88.8125,88.8125,0
1786402099142,6665.58,die0,6177,6177,0.444372,-1,88.8125,88.8125,0
1786402099242,6665.58,die0,6208,6208,0.444372,-1,88.8125,88.8125,0
1786402099342,6665.58,die0,6237,6237,0.444372,-1,88.8125,88.8125,0
1786402099442,6665.58,die0,6265,6265,0.444372,-1,88.8125,88.8125,0
1786402099542,6665.58,die0,6290,6290,0.444372,-1,88.8125,88.8125,0
1786402099642,6665.58,die0,6314,6314,0.444372,-1,88.8125,88.8125,0
1786402099742,6665.58,die0,6336,6336,0.444372,-1,88.8125,88.8125,0
1786402099842,7024.24,die0,6381,6381,0.468283,-1,89.875,89.875,0
1786402099942,7024.24,die0,6422,6422,0.468283,-1,89.875,89.875,0
1786402100042,7024.24,die0,6460,6460,0.468283,-1,89.875,89.875,0
1786402100142,7024.24,die0,6496,6496,0.468283,-1,89.875,89.875,0
1786402100242,7024.24,die0,6530,6530,0.468283,-1,89.875,89.875,0
1786402100342,7024.24,die0,6561,6561,0.468283,-1,89.875,89.875,0
1786402100442,7024.24,die0,6591,6591,0.468283,-1,89.875,89.875,0
1786402100542,7024.24,die0,6618,6618,0.468283,-1,89.875,89.875,0
1786402100642,7024.24,die0,6643,6643,0.468283,-1,89.875,89.875,0
1786402100742,7024.24,die0,6667,6667,0.468283,-1,89.875,89.875,0
1786402100842,7331.9,die0,6709,6709,0.488793,-1,90.6875,90.6875,0
1786402100942,7331.9,die0,6748,6748,0.488793,-1,90.6875,90.6875,0
1786402101042,7331.9,die0,6784,6784,0.488793,-1,90.6875,90.6875,0
1786402101142,7331.9,die0,6818,6818,0.488793,-1,90.6875,90.6875,0
1786402101242,7331.9,die0,6850,6850,0.488793,-1,90.6875,90.6875,0
1786402101342,7331.9,die0,6880,6880,0.488793,-1,90.6875,90.6875,0
1786402101442,7331.9,die0,6907,6907,0.488793,-1,90.6875,90.6875,0
1786402101542,7331.9,die0,6933,6933,0.488793,-1,90.6875,90.6875,0
1786402101642,7331.9,die0,6957,6957,0.488793,-1,90.6875,90.6875,0
1786402101742,7331.9,die0,6980,6980,0.488793,-1,90.6875,90.6875,0
1786402101842,7601.39,die0,7020,7020,0.506759,-1,91.3125,91.3125,0
1786402101942,7601.39,die0,7058,7058,0.506759,-1,91.3125,91.3125,0
1786402102042,7601.39,die0,7093,7093,0.506759,-1,91.3125,91.3125,0
1786402102142,7601.39,die0,7126,7126,0.506759,-1,91.3125,91.3125,0
1786402102242,7601.39,die0,7157,7157,0.506759,-1,91.3125,91.3125,0
1786402102342,7601.39,die0,7186,7186,0.506759,-1,91.3125,91.3125,0
1786402102442,7601.39,die0,7213,7213,0.506759,-1,91.3125,91.3125,0
1786402102542,7601.39,die0,7238,7238,0.506759,-1,91.3125,91.3125,0
1786402102642,7601.39,die0,7261,7261,0.506759,-1,91.3125,91.3125,0
1786402102742,7601.39,die0,7283,7283,0.506759,-1,91.3125,91.3125,0
1786402102842,7930.33,die0,7323,7323,0.528688,-1,92.1875,92.1875,0
1786402102942,7930.33,die0,7360,7360,0.528688,-1,92.1875,92.1875,0
1786402103042,7930.33,die0,7395,7395,0.528688,-1,92.1875,92.1875,0
1786402103142,7930.33,die0,7427,7427,0.528688,-1,92.1875,92.1875,0
1786402103242,7930.33,die0,7458,7458,0.528688,-1,92.1875,92.1875,0
1786402103342,7930.33,die0,7486,7486,0.528688,-1,92.1875,92.1875,0
1786402103442,7930.33,die0,7513,7513,0.528688,-1,92.1875,92.1875,0
1786402103542,7930.33,die0,7537,7537,0.528688,-1,92.1875,92.1875,0
1786402103642,7930.33,die0,7560,7560,0.528688,-1,92.1875,92.1875,0
1786402103742,7930.33,die0,7582,7582,0.528688,-1,92.1875,92.1875,0
1786402103842,8193.25,die0,7621,7621,0.546217,-1,92.75,92.75,0
1786402103942,8193.25,die0,7658,7658,0.546217,-1,92.75,92.75,0
1786402104042,8193.25,die0,7693,7693,0.546217,-1,92.75,92.75,0
1786402104142,8193.25,die0,7725,7725,0.546217,-1,92.75,92.75,0
1786402104242,8193.25,die0,7755,7755,0.546217,-1,92.75,92.75,0
1786402104342,8193.25,die0,7783,7783,0.546217,-1,92.75,92.75,0
1786402104442,8193.25,die0,7810,7810,0.546217,-1,92.75,92.75,0
1786402104542,8193.25,die0,7834,7834,0.546217,-1,92.75,92.75,0
1786402104642,8193.25,die0,7857,7857,0.546217,-1,92.75,92.75,0
1786402104742,8193.25,die0,7878,7878,0.546217,-1,92.75,92.75,0
1786402104842,8487.15,die0,7918,7918,0.56581,-1,93.4375,93.4375,0
1786402104942,8487.15,die0,7954,7954,0.56581,-1,93.4375,93.4375,0
1786402105042,8487.15,die0,7989,7989,0.56581,-1,93.4375,93.4375,0
1786402105142,8487.15,die0,8021,8021,0.56581,-1,93.4375,93.4375,0
1786402105242,8487.15,die0,8051,8051,0.56581,-1,93.4375,93.4375,0
1786402105342,8487.15,die0,8079,8079,0.56581,-1,93.4375,93.4375,0
1786402105442,8487.15,die0,8105,8105,0.56581,-1,93.4375,93.4375,0
1786402105542,8487.15,die0,8129,8129,0.56581,-1,93.4375,93.4375,0
1786402105642,8487.15,die0,8152,8152,0.56581,-1,93.4375,93.4375,0
1786402105742,8487.15,die0,8173,8173,0.56581,-1,93.4375,93.4375,0
1786402105842,8742.25,die0,8209,8209,0.582817,-1,93.9375,93.9375,0
1786402105942,8742.25,die0,8242,8242,0.582817,-1,93.9375,93.9375,0
1786402106042,8742.25,die0,8273,8273,0.582817,-1,93.9375,93.9375,0
1786402106142,8742.25,die0,8302,8302,0.582817,-1,93.9375,93.9375,0
1786402106242,8742.25,die0,8329,8329,0.582817,-1,93.9375,93.9375,0
1786402106342,8742.25,die0,8354,8354,0.582817,-1,93.9375,93.9375,0
1786402106442,8742.25,die0,8377,8377,0.582817,-1,93.9375,93.9375,0
1786402106542,8742.25,die0,8399,8399,0.582817,-1,93.9375,93.9375,0
1786402106642,8742.25,die0,8420,8420,0.582817,-1,93.9375,93.9375,0
1786402106742,8742.25,die0,8439,8439,0.582817,-1,93.9375,93.9375,0
1786402106843,8999.86,die0,8472,8472,0.59999,-1,94.4375,94.4375,0
1786402106942,8999.86,die0,8504,8504,0.59999,-1,94.4375,94.4375,0
1786402107043,8999.86,die0,8533,8533,0.59999,-1,94.4375,94.4375,0
1786402107142,8999.86,die0,8560,8560,0.59999,-1,94.4375,94.4375,0
1786402107243,8999.86,die0,8585,8585,0.59999,-1,94.4375,94.4375,0
1786402107342,8999.86,die0,8609,8609,0.59999,-1,94.4375,94.4375,0
1786402107442,8999.86,die0,8631,8631,0.59999,-1,94.4375,94.4375,0
1786402107542,8999.86,die0,8652,8652,0.59999,-1,94.4375,94.4375,0
1786402107642,8999.86,die0,8671,8671,0.59999,-1,94.4375,94.4375,0
1786402107743,8999.86,die0,8689,8689,0.59999,-1,94.4375,94.4375,0
1786402107843,9274.05,die0,8726,8726,0.61827,-1,95,95,0
1786402107942,9274.05,die0,8760,8760,0.61827,-1,95,95,0
1786402108043,9274.05,die0,8791,8791,0.61827,-1,95,95,0
1786402108143,9274.05,die0,8821,8821,0.61827,-1,95,95,0
1786402108243,9274.05,die0,8849,8849,0.61827,-1,95,95,0
1786402108343,9274.05,die0,8874,8874,0.61827,-1,95,95,0
1786402108442,9274.05,die0,8898,8898,0.61827,-1,95,95,0
1786402108543,9274.05,die0,8921,8921,0.61827,-1,95,95,0
1786402108643,9274.05,die0,8942,8942,0.61827,-1,95,95,0
1786402108743,9274.05,die0,8961,8961,0.61827,-1,95,95,0
1786402108843,9508.82,die0,8995,8995,0.633921,-1,95.375,95.375,0
1786402108942,9508.82,die0,9027,9027,0.633921,-1,95.375,95.375,0
1786402109043,9508.82,die0,9057,9057,0.633921,-1,95.375,95.375,0
1786402109143,9508.82,die0,9084,9084,0.633921,-1,95.375,95.375,0
1786402109243,9508.82,die0,9110,9110,0.633921,-1,95.375,95.375,0
1786402109343,9508.82,die0,9134,9134,0.633921,-1,95.375,95.375,0
1786402109443,9508.82,die0,9156,9156,0.633921,-1,95.375,95.375,0
1786402109543,9508.82,die0,9177,9177,0.633921,-1,95.375,95.375,0
1786402109642,9508.82,die0,9197,9197,0.633921,-1,95.375,95.375,0
1786402109742,9508.82,die0,9215,9215,0.633921,-1,95.375,95.375,0
1786402109842,9745.47,die0,9248,9248,0.649698,-1,95.75,95.75,0
1786402109943,9745.47,die0,9278,9278,0.649698,-1,95.75,95.75,0
1786402110043,9745.47,die0,9307,9307,0.649698,-1,95.75,95.75,0
1786402110143,9745.47,die0,9333,9333,0.649698,-1,95.75,95.75,0
1786402110242,9745.47,die0,9358,9358,0.649698,-1,95.75,95.75,0
1786402110343,9745.47,die0,9381,9381,0.649698,-1,95.75,95.75,0
1786402110443,9745.47,die0,9403,9403,0.649698,-1,95.75,95.75,0
1786402110543,9745.47,die0,9423,9423,0.649698,-1,95.75,95.75,0
1786402110643,9745.47,die0,9442,9442,0.649698,-1,95.75,95.75,0
1786402110743,9745.47,die0,9460,9460,0.649698,-1,95.75,95.75,0
1786402110843,9969.91,die0,9492,9492,0.664661,-1,96.0625,96.0625,0
1786402110943,9969.91,die0,9522,9522,0.664661,-1,96.0625,96.0625,0
1786402111042,9969.91,die0,9550,9550,0.664661,-1,96.0625,96.0625,0
1786402111143,9969.91,die0,9576,9576,0.664661,-1,96.0625,96.0625,0
1786402111242,9969.91,die0,9600,9600,0.664661,-1,96.0625,96.0625,0
1786402111343,9969.91,die0,9623,9623,0.664661,-1,96.0625,96.0625,0
1786402111442,9969.91,die0,9644,9644,0.664661,-1,96.0625,96.0625,0
1786402111543,9969.91,die0,9664,9664,0.664661,-1,96.0625,96.0625,0
1786402111642,9969.91,die0,9682,9682,0.664661,-1,96.0625,96.0625,0
1786402111742,9969.91,die0,9700,9700,0.664661,-1,96.0625,96.0625,0
1786402111843,10195.9,die0,9731,9731,0.679728,-1,96.375,96.375,0
1786402111943,10195.9,die0,9761,9761,0.679728,-1,96.375,96.375,0
1786402112043,10195.9,die0,9789,9789,0.679728,-1,96.375,96.375,0
1786402112143,10195.9,die0,9815,9815,0.679728,-1,96.375,96.375,0
1786402112243,10195.9,die0,9839,9839,0.679728,-1,96.375,96.375,0
1786402112343,10195.9,die0,9861,9861,0.679728,-1,96.375,96.375,0
1786402112442,10195.9,die0,9882,9882,0.679728,-1,96.375,96.375,0
1786402112542,10195.9,die0,9902,9902,0.679728,-1,96.375,96.375,0
1786402112642,10195.9,die0,9920,9920,0.679728,-1,96.375,96.375,0
1786402112742,10195.9,die0,9937,9937,0.679728,-1,96.375,96.375,0
1786402112842,10381.3,die0,9965,9965,0.692084,-1,96.5,96.5,0
1786402112943,10381.3,die0,9991,9991,0.692084,-1,96.5,96.5,0
1786402113043,10381.3,die0,10015,10015,0.692084,-1,96.5,96.5,0
1786402113143,10381.3,die0,10038,10038,0.692084,-1,96.5,96.5,0
1786402113243,10381.3,die0,10059,10059,0.692084,-1,96.5,96.5,0
1786402113343,10381.3,die0,10078,10078,0.692084,-1,96.5,96.5,0
1786402113442,10381.3,die0,10097,10097,0.692084,-1,96.5,96.5,0
1786402113543,10381.3,die0,10114,10114,0.692084,-1,96.5,96.5,0
1786402113642,10381.3,die0,10130,10130,0.692084,-1,96.5,96.5,0
1786402113743,10381.3,die0,10144,10144,0.692084,-1,96.5,96.5,0
1786402113843,10595.4,die0,10174,10174,0.706359,-1,96.75,96.75,0
1786402113943,10595.4,die0,10202,10202,0.706359,-1,96.75,96.75,0
1786402114043,10595.4,die0,10227,10227,0.706359,-1,96.75,96.75,0
1786402114142,10595.4,die0,10251,10251,0.706359,-1,96.75,96.75,0
1786402114243,10595.4,die0,10274,10274,0.706359,-1,96.75,96.75,0
1786402114343,10595.4,die0,10295,10295,0.706359,-1,96.75,96.75,0
1786402114442,10595.4,die0,10314,10314,0.706359,-1,96.75,96.75,0
1786402114543,10595.4,die0,10333,10333,0.706359,-1,96.75,96.75,0
1786402114643,10595.4,die0,10350,10350,0.706359,-1,96.75,96.75,0
1786402114743,10595.4,die0,10366,10366,0.706359,-1,96.75,96.75,0
1786402114843,10810.8,die0,10392,10392,0.720717,-1,97,97,0
1786402114942,10810.8,die0,10417,10417,0.720717,-1,97,97,0
1786402115043,10810.8,die0,10440,10440,0.720717,-1,97,97,0
1786402115143,10810.8,die0,10462,10462,0.720717,-1,97,97,0
1786402115243,10810.8,die0,10482,10482,0.720717,-1,97,97,0
1786402115342,10810.8,die0,10501,10501,0.720717,-1,97,97,0
1786402115443,10810.8,die0,10518,10518,0.720717,-1,97,97,0
1786402115543,10810.8,die0,10535,10535,0.720717,-1,97,97,0
1786402115642,10810.8,die0,10550,10550,0.720717,-1,97,97,0
1786402115743,10810.8,die0,10565,10565,0.720717,-1,97,97,0
1786402115843,10999.2,die0,10590,10590,0.733281,-1,97.125,97.125,0
1786402115943,10999.2,die0,10613,10613,0.733281,-1,97.125,97.125,0
1786402116043,10999.2,die0,10635,10635,0.733281,-1,97.125,97.125,0
1786402116143,10999.2,die0,10655,10655,0.733281,-1,97.125,97.125,0
1786402116243,10999.2,die0,10674,10674,0.733281,-1,97.125,97.125,0
1786402116343,10999.2,die0,10692,10692,0.733281,-1,97.125,97.125,0
1786402116442,10999.2,die0,10709,10709,0.733281,-1,97.125,97.125,0
1786402116543,10999.2,die0,10724,10724,0.733281,-1,97.125,97.125,0
1786402116643,10999.2,die0,10739,10739,0.733281,-1,97.125,97.125,0
1786402116743,10999.2,die0,10752,10752,0.733281,-1,97.125,97.125,0
1786402116843,11188.3,die0,10781,10781,0.745887,-1,97.25,97.25,0
1786402116943,11188.3,die0,10807,10807,0.745887,-1,97.25,97.25,0
1786402117043,11188.3,die0,10832,10832,0.745887,-1,97.25,97.25,0
1786402117143,11188.3,die0,10855,10855,0.745887,-1,97.25,97.25,0
1786402117242,11188.3,die0,10876,10876,0.745887,-1,97.25,97.25,0
1786402117342,11188.3,die0,10896,10896,0.745887,-1,97.25,97.25,0
1786402117443,11188.3,die0,10915,10915,0.745887,-1,97.25,97.25,0
1786402117542,11188.3,die0,10932,10932,0.745887,-1,97.25,97.25,0
1786402117642,11188.3,die0,10948,10948,0.745887,-1,97.25,97.25,0
1786402117742,11188.3,die0,10964,10964,0.745887,-1,97.25,97.25,0
1786402117843,11349.9,die0,10986,10986,0.756658,-1,97.25,97.25,0
1786402117943,11349.9,die0,11006,11006,0.756658,-1,97.25,97.25,0
1786402118043,11349.9,die0,11025,11025,0.756658,-1,97.25,97.25,0
1786402118143,11349.9,die0,11043,11043,0.756658,-1,97.25,97.25,0
1786402118243,11349.9,die0,11060,11060,0.756658,-1,97.25,97.25,0
1786402118343,11349.9,die0,11076,11076,0.756658,-1,97.25,97.25,0
1786402118443,11349.9,die0,11090,11090,0.756658,-1,97.25,97.25,0
1786402118542,11349.9,die0,11104,11104,0.756658,-1,97.25,97.25,0
1786402118643,11349.9,die0,11117,11117,0.756658,-1,97.25,97.25,0
1786402118743,11349.9,die0,11128,11128,0.756658,-1,97.25,97.25,0
1786402118843,11539.6,die0,11155,11155,0.769306,-1,97.375,97.375,0
1786402118942,11539.6,die0,11180,11180,0.769306,-1,97.375,97.375,0
1786402119043,11539.6,die0,11203,11203,0.769306,-1,97.375,97.375,0
1786402119143,11539.6,die0,11225,11225,0.769306,-1,97.375,97.375,0
1786402119242,11539.6,die0,11245,11245,0.769306,-1,97.375,97.375,0
1786402119343,11539.6,die0,11264,11264,0.769306,-1,97.375,97.375,0
1786402119443,11539.6,die0,11282,11282,0.769306,-1,97.375,97.375,0
1786402119542,11539.6,die0,11298,11298,0.769306,-1,97.375,97.375,0
1786402119642,11539.6,die0,11314,11314,0.769306,-1,97.375,97.375,0
1786402119743,11539.6,die0,11328,11328,0.769306,-1,97.375,97.375,0
1786402119843,11701.8,die0,11349,11349,0.780118,-1,97.375,97.375,0
1786402119943,11701.8,die0,11369,11369,0.780118,-1,97.375,97.375,0
1786402120043,11701.8,die0,11388,11388,0.780118,-1,97.375,97.375,0
1786402120143,11701.8,die0,11405,11405,0.780118,-1,97.375,97.375,0
1786402120242,11701.8,die0,11421,11421,0.780118,-1,97.375,97.375,0
1786402120342,11701.8,die0,11436,11436,0.780118,-1,97.375,97.375,0
1786402120443,11701.8,die0,11450,11450,0.780118,-1,97.375,97.375,0
1786402120543,11701.8,die0,11463,11463,0.780118,-1,97.375,97.375,0
1786402120643,11701.8,die0,11476,11476,0.780118,-1,97.375,97.375,0
1786402120743,11701.8,die0,11487,11487,0.780118,-1,97.375,97.375,0
1786402120843,11849.9,die0,11510,11510,0.789991,-1,97.3125,97.3125,0
1786402120942,11849.9,die0,11530,11530,0.789991,-1,97.3125,97.3125,0
1786402121043,11849.9,die0,11550,11550,0.789991,-1,97.3125,97.3125,0
1786402121143,11849.9,die0,11568,11568,0.789991,-1,97.3125,97.3125,0
1786402121243,11849.9,die0,11585,11585,0.789991,-1,97.3125,97.3125,0
1786402121343,11849.9,die0,11601,11601,0.789991,-1,97.3125,97.3125,0
1786402121442,11849.9,die0,11616,11616,0.789991,-1,97.3125,97.3125,0
1786402121543,11849.9,die0,11630,11630,0.789991,-1,97.3125,97.3125,0
1786402121643,11849.9,die0,11643,11643,0.789991,-1,97.3125,97.3125,0
1786402121743,11849.9,die0,11655,11655,0.789991,-1,97.3125,97.3125,0
1786402121843,12025.8,die0,11678,11678,0.801721,-1,97.375,97.375,0
1786402121943,12025.8,die0,11699,11699,0.801721,-1,97.375,97.375,0
1786402122043,12025.8,die0,11719,11719,0.801721,-1,97.375,97.375,0
1786402122143,12025.8,die0,11738,11738,0.801721,-1,97.375,97.375,0
1786402122242,12025.8,die0,11756,11756,0.801721,-1,97.375,97.375,0
1786402122343,12025.8,die0,11772,11772,0.801721,-1,97.375,97.375,0
1786402122443,12025.8,die0,11787,11787,0.801721,-1,97.375,97.375,0
1786402122543,12025.8,die0,11801,11801,0.801721,-1,97.375,97.375,0
1786402122643,12025.8,die0,11814,11814,0.801721,-1,97.375,97.375,0
1786402122743,12025.8,die0,11827,11827,0.801721,-1,97.375,97.375,0
1786402122843,12145.8,die0,11846,11846,0.809718,-1,97.1875,97.1875,0
1786402122943,12145.8,die0,11864,11864,0.809718,-1,97.1875,97.1875,0
1786402123043,12145.8,die0,11881,11881,0.809718,-1,97.1875,97.1875,0
1786402123143,12145.8,die0,11897,11897,0.809718,-1,97.1875,97.1875,0
1786402123243,12145.8,die0,11912,11912,0.809718,-1,97.1875,97.1875,0
1786402123343,12145.8,die0,11925,11925,0.809718,-1,97.1875,97.1875,0
1786402123442,12145.8,die0,11938,11938,0.809718,-1,97.1875,97.1875,0
1786402123542,12145.8,die0,11950,11950,0.809718,-1,97.1875,97.1875,0
1786402123643,12145.8,die0,11961,11961,0.809718,-1,97.1875,97.1875,0
1786402123742,12145.8,die0,11972,11972,0.809718,-1,97.1875,97.1875,0
1786402123842,12307,die0,11993,11993,0.820467,-1,97.1875,97.1875,0
1786402123943,12307,die0,12013,12013,0.820467,-1,97.1875,97.1875,0
1786402124043,12307,die0,12032,12032,0.820467,-1,97.1875,97.1875,0
1786402124143,12307,die0,12050,12050,0.820467,-1,97.1875,97.1875,0
1786402124243,12307,die0,12066,12066,0.820467,-1,97.1875,97.1875,0
1786402124343,12307,die0,12081,12081,0.820467,-1,97.1875,97.1875,0
1786402124443,12307,die0,12095,12095,0.820467,-1,97.1875,97.1875,0
1786402124543,12307,die0,12109,12109,0.820467,-1,97.1875,97.1875,0
1786402124643,12307,die0,12121,12121,0.820467,-1,97.1875,97.1875,0
1786402124743,12307,die0,12132,12132,0.820467,-1,97.1875,97.1875,0
1786402124843,12482.3,die0,12155,12155,0.832155,-1,97.25,97.25,0
1786402124943,12482.3,die0,12176,12176,0.832155,-1,97.25,97.25,0
1786402125043,12482.3,die0,12196,12196,0.832155,-1,97.25,97.25,0
1786402125142,12482.3,die0,12214,12214,0.832155,-1,97.25,97.25,0
1786402125243,12482.3,die0,12231,12231,0.832155,-1,97.25,97.25,0
1786402125343,12482.3,die0,12247,12247,0.832155,-1,97.25,97.25,0
1786402125443,12482.3,die0,12262,12262,0.832155,-1,97.25,97.25,0
1786402125543,12482.3,die0,12276,12276,0.832155,-1,97.25,97.25,0
1786402125643,12482.3,die0,12289,12289,0.832155,-1,97.25,97.25,0
1786402125742,12482.3,die0,12301,12301,0.832155,-1,97.25,97.25,0
1786402125843,12573.5,die0,12316,12316,0.838232,-1,96.9375,96.9375,0
1786402125942,12573.5,die0,12330,12330,0.838232,-1,96.9375,96.9375,0
1786402126043,12573.5,die0,12344,12344,0.838232,-1,96.9375,96.9375,0
1786402126143,12573.5,die0,12356,12356,0.838232,-1,96.9375,96.9375,0
1786402126242,12573.5,die0,12368,12368,0.838232,-1,96.9375,96.9375,0
1786402126342,12573.5,die0,12378,12378,0.838232,-1,96.9375,96.9375,0
1786402126443,12573.5,die0,12388,12388,0.838232,-1,96.9375,96.9375,0
1786402126543,12573.5,die0,12398,12398,0.838232,-1,96.9375,96.9375,0
1786402126643,12573.5,die0,12407,12407,0.838232,-1,96.9375,96.9375,0
1786402126743,12573.5,die0,12415,12415,0.838232,-1,96.9375,96.9375,0
1786402126843,12719.4,die0,12434,12434,0.84796,-1,96.875,96.875,0
1786402126943,12719.4,die0,12452,12452,0.84796,-1,96.875,96.875,0
1786402127042,12719.4,die0,12469,12469,0.84796,-1,96.875,96.875,0
1786402127143,12719.4,die0,12485,12485,0.84796,-1,96.875,96.875,0
1786402127243,12719.4,die0,12500,12500,0.84796,-1,96.875,96.875,0
1786402127343,12719.4,die0,12513,12513,0.84796,-1,96.875,96.875,0
1786402127442,12719.4,die0,12526,12526,0.84796,-1,96.875,96.875,0
1786402127543,12719.4,die0,12538,12538,0.84796,-1,96.875,96.875,0
1786402127643,12719.4,die0,12549,12549,0.84796,-1,96.875,96.875,0
1786402127743,12719.4,die0,12560,12560,0.84796,-1,96.875,96.875,0
1786402127843,12865,die0,12577,12577,0.857666,-1,96.8125,96.8125,0
1786402127943,12865,die0,12594,12594,0.857666,-1,96.8125,96.8125,0
1786402128042,12865,die0,12609,12609,0.857666,-1,96.8125,96.8125,0
1786402128143,12865,die0,12623,12623,0.857666,-1,96.8125,96.8125,0
1786402128242,12865,die0,12637,12637,0.857666,-1,96.8125,96.8125,0
1786402128342,12865,die0,12649,12649,0.857666,-1,96.8125,96.8125,0
1786402128442,12865,die0,12661,12661,0.857666,-1,96.8125,96.8125,0
1786402128543,12865,die0,12672,12672,0.857666,-1,96.8125,96.8125,0
1786402128643,12865,die0,12682,12682,0.857666,-1,96.8125,96.8125,0
1786402128743,12865,die0,12691,12691,0.857666,-1,96.8125,96.8125,0
1786402128843,12982.1,die0,12708,12708,0.865475,-1,96.625,96.625,0
1786402128942,12982.1,die0,12723,12723,0.865475,-1,96.625,96.625,0
1786402129043,12982.1,die0,12738,12738,0.865475,-1,96.625,96.625,0
1786402129142,12982.1,die0,12752,12752,0.865475,-1,96.625,96.625,0
1786402129242,12982.1,die0,12764,12764,0.865475,-1,96.625,96.625,0
1786402129342,12982.1,die0,12776,12776,0.865475,-1,96.625,96.625,0
1786402129443,12982.1,die0,12787,12787,0.865475,-1,96.625,96.625,0
1786402129543,12982.1,die0,12797,12797,0.865475,-1,96.625,96.625,0
1786402129643,12982.1,die0,12807,12807,0.865475,-1,96.625,96.625,0
1786402129743,12982.1,die0,12816,12816,0.865475,-1,96.625,96.625,0
1786402129843,13084.2,die0,12832,12832,0.872282,-1,96.375,96.375,0
1786402129943,13084.2,die0,12847,12847,0.872282,-1,96.375,96.375,0
1786402130043,13084.2,die0,12861,12861,0.872282,-1,96.375,96.375,0
1786402130143,13084.2,die0,12874,12874,0.872282,-1,96.375,96.375,0
1786402130243,13084.2,die0,12887,12887,0.872282,-1,96.375,96.375,0
1786402130343,13084.2,die0,12898,12898,0.872282,-1,96.375,96.375,0
1786402130443,13084.2,die0,12909,12909,0.872282,-1,96.375,96.375,0
1786402130543,13084.2,die0,12919,12919,0.872282,-1,96.375,96.375,0
1786402130643,13084.2,die0,12928,12928,0.872282,-1,96.375,96.375,0
1786402130742,13084.2,die0,12937,12937,0.872282,-1,96.375,96.375,0
1786402130842,13213.2,die0,12953,12953,0.880882,-1,96.25,96.25,0
1786402130943,13213.2,die0,12968,12968,0.880882,-1,96.25,96.25,0
1786402131043,13213.2,die0,12982,12982,0.880882,-1,96.25,96.25,0
1786402131143,13213.2,die0,12995,12995,0.880882,-1,96.25,96.25,0
1786402131243,13213.2,die0,13007,13007,0.880882,-1,96.25,96.25,0
1786402131342,13213.2,die0,13018,13018,0.880882,-1,96.25,96.25,0
1786402131443,13213.2,die0,13029,13029,0.880882,-1,96.25,96.25,0
1786402131543,13213.2,die0,13039,13039,0.880882,-1,96.25,96.25,0
1786402131643,13213.2,die0,13048,13048,0.880882,-1,96.25,96.25,0
1786402131743,13213.2,die0,13056,13056,0.880882,-1,96.25,96.25,0
1786402131842,13299.4,die0,13072,13072,0.886625,-1,95.9375,95.9375,0
1786402131943,13299.4,die0,13087,13087,0.886625,-1,95.9375,95.9375,0
1786402132043,13299.4,die0,13101,13101,0.886625,-1,95.9375,95.9375,0
1786402132143,13299.4,die0,13114,13114,0.886625,-1,95.9375,95.9375,0
1786402132243,13299.4,die0,13126,13126,0.886625,-1,95.9375,95.9375,0
1786402132343,13299.4,die0,13137,13137,0.886625,-1,95.9375,95.9375,0
1786402132443,13299.4,die0,13147,13147,0.886625,-1,95.9375,95.9375,0
1786402132542,13299.4,die0,13157,13157,0.886625,-1,95.9375,95.9375,0
1786402132643,13299.4,die0,13166,13166,0.886625,-1,95.9375,95.9375,0
1786402132743,13299.4,die0,13175,13175,0.886625,-1,95.9375,95.9375,0
1786402132842,13426.2,die0,13191,13191,0.89508,-1,95.8125,95.8125,0
1786402132943,13426.2,die0,13205,13205,0.89508,-1,95.8125,95.8125,0
1786402133042,13426.2,die0,13219,13219,0.89508,-1,95.8125,95.8125,0
1786402133142,13426.2,die0,13232,13232,0.89508,-1,95.8125,95.8125,0
1786402133243,13426.2,die0,13244,13244,0.89508,-1,95.8125,95.8125,0
1786402133343,13426.2,die0,13255,13255,0.89508,-1,95.8125,95.8125,0
1786402133443,13426.2,die0,13266,13266,0.89508,-1,95.8125,95.8125,0
1786402133543,13426.2,die0,13275,13275,0.89508,-1,95.8125,95.8125,0
1786402133642,13426.2,die0,13284,13284,0.89508,-1,95.8125,95.8125,0
1786402133743,13426.2,die0,13293,13293,0.89508,-1,95.8125,95.8125,0
1786402133843,13538.3,die0,13309,13309,0.902554,-1,95.625,95.625,0
1786402133942,13538.3,die0,13323,13323,0.902554,-1,95.625,95.625,0
1786402134043,13538.3,die0,13337,13337,0.902554,-1,95.625,95.625,0
1786402134143,13538.3,die0,13350,13350,0.902554,-1,95.625,95.625,0
1786402134243,13538.3,die0,13362,13362,0.902554,-1,95.625,95.625,0
1786402134343,13538.3,die0,13373,13373,0.902554,-1,95.625,95.625,0
1786402134443,13538.3,die0,13384,13384,0.902554,-1,95.625,95.625,0
1786402134542,13538.3,die0,13393,13393,0.902554,-1,95.625,95.625,0
1786402134643,13538.3,die0,13402,13402,0.902554,-1,95.625,95.625,0
1786402134743,13538.3,die0,13411,13411,0.902554,-1,95.625,95.625,0
1786402134843,13635.4,die0,13423,13423,0.909027,-1,95.375,95.375,0
1786402134943,13635.4,die0,13434,13434,0.909027,-1,95.375,95.375,0
1786402135042,13635.4,die0,13444,13444,0.909027,-1,95.375,95.375,0
1786402135143,13635.4,die0,13454,13454,0.909027,-1,95.375,95.375,0
1786402135243,13635.4,die0,13463,13463,0.909027,-1,95.375,95.375,0
1786402135342,13635.4,die0,13471,13471,0.909027,-1,95.375,95.375,0
1786402135443,13635.4,die0,13479,13479,0.909027,-1,95.375,95.375,0
1786402135543,13635.4,die0,13486,13486,0.909027,-1,95.375,95.375,0
1786402135643,13635.4,die0,13493,13493,0.909027,-1,95.375,95.375,0
1786402135743,13635.4,die0,13499,13499,0.909027,-1,95.375,95.375,0
1786402135843,13731.3,die0,13513,13513,0.915417,-1,95.125,95.125,0
1786402135943,13731.3,die0,13526,13526,0.915417,-1,95.125,95.125,0
1786402136043,13731.3,die0,13538,13538,0.915417,-1,95.125,95.125,0
1786402136143,13731.3,die0,13549,13549,0.915417,-1,95.125,95.125,0
1786402136243,13731.3,die0,13560,13560,0.915417,-1,95.125,95.125,0
1786402136343,13731.3,die0,13569,13569,0.915417,-1,95.125,95.125,0
1786402136443,13731.3,die0,13578,13578,0.915417,-1,95.125,95.125,0
1786402136542,13731.3,die0,13587,13587,0.915417,-1,95.125,95.125,0
1786402136643,13731.3,die0,13595,13595,0.915417,-1,95.125,95.125,0
1786402136742,13731.3,die0,13602,13602,0.915417,-1,95.125,95.125,0
1786402136843,13811.8,die0,13613,13613,0.920784,-1,94.8125,94.8125,0
1786402136942,13811.8,die0,13623,13623,0.920784,-1,94.8125,94.8125,0
1786402137042,13811.8,die0,13633,13633,0.920784,-1,94.8125,94.8125,0
1786402137143,13811.8,die0,13641,13641,0.920784,-1,94.8125,94.8125,0
1786402137243,13811.8,die0,13650,13650,0.920784,-1,94.8125,94.8125,0
1786402137343,13811.8,die0,13657,13657,0.920784,-1,94.8125,94.8125,0
1786402137443,13811.8,die0,13664,13664,0.920784,-1,94.8125,94.8125,0
1786402137543,13811.8,die0,13671,13671,0.920784,-1,94.8125,94.8125,0
1786402137642,13811.8,die0,13677,13677,0.920784,-1,94.8125,94.8125,0
1786402137743,13811.8,die0,13683,13683,0.920784,-1,94.8125,94.8125,0
1786402137843,13890.7,die0,13696,13696,0.926047,-1,94.5,94.5,0
1786402137943,13890.7,die0,13709,13709,0.926047,-1,94.5,94.5,0
1786402138043,13890.7,die0,13720,13720,0.926047,-1,94.5,94.5,0
1786402138142,13890.7,die0,13731,13731,0.926047,-1,94.5,94.5,0
1786402138243,13890.7,die0,13741,13741,0.926047,-1,94.5,94.5,0
1786402138343,13890.7,die0,13751,13751,0.926047,-1,94.5,94.5,0
1786402138443,13890.7,die0,13759,13759,0.926047,-1,94.5,94.5,0
1786402138543,13890.7,die0,13768,13768,0.926047,-1,94.5,94.5,0
1786402138642,13890.7,die0,13775,13775,0.926047,-1,94.5,94.5,0
1786402138742,13890.7,die0,13782,13782,0.926047,-1,94.5,94.5,0
1786402138843,13996.2,die0,13793,13793,0.933083,-1,94.3125,94.3125,0
1786402138943,13996.2,die0,13803,13803,0.933083,-1,94.3125,94.3125,0
1786402139042,13996.2,die0,13812,13812,0.933083,-1,94.3125,94.3125,0
1786402139142,13996.2,die0,13821,13821,0.933083,-1,94.3125,94.3125,0
1786402139243,13996.2,die0,13829,13829,0.933083,-1,94.3125,94.3125,0
1786402139343,13996.2,die0,13836,13836,0.933083,-1,94.3125,94.3125,0
1786402139443,13996.2,die0,13843,13843,0.933083,-1,94.3125,94.3125,0
1786402139543,13996.2,die0,13850,13850,0.933083,-1,94.3125,94.3125,0
1786402139643,13996.2,die0,13856,13856,0.933083,-1,94.3125,94.3125,0
1786402139742,13996.2,die0,13862,13862,0.933083,-1,94.3125,94.3125,0
1786402139843,14086.8,die0,13875,13875,0.939118,-1,94.0625,94.0625,0
1786402139943,14086.8,die0,13887,13887,0.939118,-1,94.0625,94.0625,0
1786402140042,14086.8,die0,13898,13898,0.939118,-1,94.0625,94.0625,0
1786402140143,14086.8,die0,13909,13909,0.939118,-1,94.0625,94.0625,0
1786402140243,14086.8,die0,13919,13919,0.939118,-1,94.0625,94.0625,0
1786402140342,14086.8,die0,13928,13928,0.939118,-1,94.0625,94.0625,0
1786402140443,14086.8,die0,13937,13937,0.939118,-1,94.0625,94.0625,0
1786402140543,14086.8,die0,13945,13945,0.939118,-1,94.0625,94.0625,0
1786402140642,14086.8,die0,13953,13953,0.939118,-1,94.0625,94.0625,0
1786402140743,14086.8,die0,13960,13960,0.939118,-1,94.0625,94.0625,0
1786402140842,14147.9,die0,13970,13970,0.943191,-1,93.6875,93.6875,0
1786402140942,14147.9,die0,13980,13980,0.943191,-1,93.6875,93.6875,0
1786402141043,14147.9,die0,13989,13989,0.943191,-1,93.6875,93.6875,0
1786402141143,14147.9,die0,13998,13998,0.943191,-1,93.6875,93.6875,0
1786402141242,14147.9,die0,14006,14006,0.943191,-1,93.6875,93.6875,0
1786402141342,14147.9,die0,14013,14013,0.943191,-1,93.6875,93.6875,0
1786402141443,14147.9,die0,14020,14020,0.943191,-1,93.6875,93.6875,0
1786402141543,14147.9,die0,14027,14027,0.943191,-1,93.6875,93.6875,0
1786402141643,14147.9,die0,14033,14033,0.943191,-1,93.6875,93.6875,0
1786402141743,14147.9,die0,14039,14039,0.943191,-1,93.6875,93.6875,0
1786402141843,14235.3,die0,14048,14048,0.949017,-1,93.4375,93.4375,0
1786402141943,14235.3,die0,14056,14056,0.949017,-1,93.4375,93.4375,0
1786402142043,14235.3,die0,14064,14064,0.949017,-1,93.4375,93.4375,0
1786402142143,14235.3,die0,14072,14072,0.949017,-1,93.4375,93.4375,0
1786402142243,14235.3,die0,14079,14079,0.949017,-1,93.4375,93.4375,0
1786402142342,14235.3,die0,14085,14085,0.949017,-1,93.4375,93.4375,0
1786402142443,14235.3,die0,14091,14091,0.949017,-1,93.4375,93.4375,0
1786402142543,14235.3,die0,14097,14097,0.949017,-1,93.4375,93.4375,0
1786402142643,14235.3,die0,14102,14102,0.949017,-1,93.4375,93.4375,0
1786402142743,14235.3,die0,14107,14107,0.949017,-1,93.4375,93.4375,0
1786402142843,14307.3,die0,14120,14120,0.953821,-1,93.125,93.125,0
1786402142943,14307.3,die0,14131,14131,0.953821,-1,93.125,93.125,0
1786402143043,14307.3,die0,14142,14142,0.953821,-1,93.125,93.125,0
1786402143143,14307.3,die0,14152,14152,0.953821,-1,93.125,93.125,0
1786402143242,14307.3,die0,14162,14162,0.953821,-1,93.125,93.125,0
1786402143343,14307.3,die0,14171,14171,0.953821,-1,93.125,93.125,0
1786402143442,14307.3,die0,14179,14179,0.953821,-1,93.125,93.125,0
1786402143543,14307.3,die0,14187,14187,0.953821,-1,93.125,93.125,0
1786402143643,14307.3,die0,14194,14194,0.953821,-1,93.125,93.125,0
1786402143743,14307.3,die0,14200,14200,0.953821,-1,93.125,93.125,0
1786402143843,14391.9,die0,14211,14211,0.959459,-1,92.875,92.875,0
1786402143942,14391.9,die0,14220,14220,0.959459,-1,92.875,92.875,0
1786402144043,14391.9,die0,14229,14229,0.959459,-1,92.875,92.875,0
1786402144143,14391.9,die0,14237,14237,0.959459,-1,92.875,92.875,0
1786402144243,14391.9,die0,14245,14245,0.959459,-1,92.875,92.875,0
1786402144343,14391.9,die0,14252,14252,0.959459,-1,92.875,92.875,0
1786402144442,14391.9,die0,14259,14259,0.959459,-1,92.875,92.875,0
1786402144543,14391.9,die0,14265,14265,0.959459,-1,92.875,92.875,0
1786402144643,14391.9,die0,14271,14271,0.959459,-1,92.875,92.875,0
1786402144743,14391.9,die0,14276,14276,0.959459,-1,92.875,92.875,0
1786402144843,14433,die0,14285,14285,0.962198,-1,92.4375,92.4375,0
1786402144943,14433,die0,14294,14294,0.962198,-1,92.4375,92.4375,0
1786402145042,14433,die0,14302,14302,0.962198,-1,92.4375,92.4375,0
1786402145142,14433,die0,14309,14309,0.962198,-1,92.4375,92.4375,0
1786402145242,14433,die0,14316,14316,0.962198,-1,92.4375,92.4375,0
1786402145342,14433,die0,14322,14322,0.962198,-1,92.4375,92.4375,0
1786402145443,14433,die0,14328,14328,0.962198,-1,92.4375,92.4375,0
1786402145543,14433,die0,14334,14334,0.962198,-1,92.4375,92.4375,0
1786402145642,14433,die0,14339,14339,0.962198,-1,92.4375,92.4375,0
1786402145743,14433,die0,14344,14344,0.962198,-1,92.4375,92.4375,0
1786402145842,14542.3,die0,14356,14356,0.969483,-1,92.3125,92.3125,0
1786402145943,14542.3,die0,14368,14368,0.969483,-1,92.3125,92.3125,0
1786402146043,14542.3,die0,14379,14379,0.969483,-1,92.3125,92.3125,0
1786402146143,14542.3,die0,14389,14389,0.969483,-1,92.3125,92.3125,0
1786402146243,14542.3,die0,14398,14398,0.969483,-1,92.3125,92.3125,0
1786402146343,14542.3,die0,14407,14407,0.969483,-1,92.3125,92.3125,0
1786402146443,14542.3,die0,14415,14415,0.969483,-1,92.3125,92.3125,0
1786402146543,14542.3,die0,14423,14423,0.969483,-1,92.3125,92.3125,0
1786402146642,14542.3,die0,14430,14430,0.969483,-1,92.3125,92.3125,0
1786402146743,14542.3,die0,14436,14436,0.969483,-1,92.3125,92.3125,0
1786402146843,14566.4,die0,14443,14443,0.971095,-1,91.8125,91.8125,0
1786402146943,14566.4,die0,14448,14448,0.971095,-1,91.8125,91.8125,0
1786402147043,14566.4,die0,14454,14454,0.971095,-1,91.8125,91.8125,0
1786402147143,14566.4,die0,14459,14459,0.971095,-1,91.8125,91.8125,0
1786402147243,14566.4,die0,14463,14463,0.971095,-1,91.8125,91.8125,0
1786402147343,14566.4,die0,14468,14468,0.971095,-1,91.8125,91.8125,0
1786402147443,14566.4,die0,14472,14472,0.971095,-1,91.8125,91.8125,0
1786402147543,14566.4,die0,14476,14476,0.971095,-1,91.8125,91.8125,0
1786402147643,14566.4,die0,14479,14479,0.971095,-1,91.8125,91.8125,0
1786402147743,14566.4,die0,14483,14483,0.971095,-1,91.8125,91.8125,0
1786402147842,14672.6,die0,14494,14494,0.978172,-1,91.6875,91.6875,0
1786402147943,14672.6,die0,14504,14504,0.978172,-1,91.6875,91.6875,0
1786402148043,14672.6,die0,14513,14513,0.978172,-1,91.6875,91.6875,0
1786402148142,14672.6,die0,14522,14522,0.978172,-1,91.6875,91.6875,0
1786402148243,14672.6,die0,14531,14531,0.978172,-1,91.6875,91.6875,0
1786402148342,14672.6,die0,14538,14538,0.978172,-1,91.6875,91.6875,0
1786402148443,14672.6,die0,14546,14546,0.978172,-1,91.6875,91.6875,0
1786402148543,14672.6,die0,14552,14552,0.978172,-1,91.6875,91.6875,0
1786402148642,14672.6,die0,14559,14559,0.978172,-1,91.6875,91.6875,0
1786402148743,14672.6,die0,14565,14565,0.978172,-1,91.6875,91.6875,0
1786402148842,14721.8,die0,14574,14574,0.981453,-1,91.3125,91.3125,0
1786402148943,14721.8,die0,14583,14583,0.981453,-1,91.3125,91.3125,0
1786402149043,14721.8,die0,14591,14591,0.981453,-1,91.3125,91.3125,0
1786402149143,14721.8,die0,14599,14599,0.981453,-1,91.3125,91.3125,0
1786402149243,14721.8,die0,14606,14606,0.981453,-1,91.3125,91.3125,0
1786402149342,14721.8,die0,14613,14613,0.981453,-1,91.3125,91.3125,0
1786402149443,14721.8,die0,14619,14619,0.981453,-1,91.3125,91.3125,0
1786402149542,14721.8,die0,14625,14625,0.981453,-1,91.3125,91.3125,0
1786402149643,14721.8,die0,14630,14630,0.981453,-1,91.3125,91.3125,0
1786402149742,14721.8,die0,14635,14635,0.981453,-1,91.3125,91.3125,0
1786402149843,14797.3,die0,14644,14644,0.986486,-1,91.0625,91.0625,0
1786402149943,14797.3,die0,14652,14652,0.986486,-1,91.0625,91.0625,0
1786402150043,14797.3,die0,14659,14659,0.986486,-1,91.0625,91.0625,0
1786402150142,14797.3,die0,14666,14666,0.986486,-1,91.0625,91.0625,0
1786402150243,14797.3,die0,14673,14673,0.986486,-1,91.0625,91.0625,0
1786402150343,14797.3,die0,14679,14679,0.986486,-1,91.0625,91.0625,0
1786402150443,14797.3,die0,14685,14685,0.986486,-1,91.0625,91.0625,0
1786402150543,14797.3,die0,14690,14690,0.986486,-1,91.0625,91.0625,0
1786402150643,14797.3,die0,14695,14695,0.986486,-1,91.0625,91.0625,0
1786402150742,14797.3,die0,14700,14700,0.986486,-1,91.0625,91.0625,0
1786402150843,14843.4,die0,14708,14708,0.989558,-1,90.6875,90.6875,0
1786402150943,14843.4,die0,14716,14716,0.989558,-1,90.6875,90.6875,0
1786402151043,14843.4,die0,14723,14723,0.989558,-1,90.6875,90.6875,0
1786402151143,14843.4,die0,14730,14730,0.989558,-1,90.6875,90.6875,0
1786402151243,14843.4,die0,14736,14736,0.989558,-1,90.6875,90.6875,0
1786402151342,14843.4,die0,14742,14742,0.989558,-1,90.6875,90.6875,0
1786402151443,14843.4,die0,14747,14747,0.989558,-1,90.6875,90.6875,0
1786402151543,14843.4,die0,14752,14752,0.989558,-1,90.6875,90.6875,0
1786402151643,14843.4,die0,14757,14757,0.989558,-1,90.6875,90.6875,0
1786402151742,14843.4,die0,14761,14761,0.989558,-1,90.6875,90.6875,0
1786402151843,14901.6,die0,14769,14769,0.993443,-1,90.375,90.375,0
1786402151943,14901.6,die0,14777,14777,0.993443,-1,90.375,90.375,0
1786402152043,14901.6,die0,14784,14784,0.993443,-1,90.375,90.375,0
1786402152143,14901.6,die0,14791,14791,0.993443,-1,90.375,90.375,0
1786402152242,14901.6,die0,14797,14797,0.993443,-1,90.375,90.375,0
1786402152343,14901.6,die0,14802,14802,0.993443,-1,90.375,90.375,0
1786402152442,14901.6,die0,14808,14808,0.993443,-1,90.375,90.375,0
1786402152543,14901.6,die0,14813,14813,0.993443,-1,90.375,90.375,0
1786402152642,14901.6,die0,14817,14817,0.993443,-1,90.375,90.375,0
1786402152743,14901.6,die0,14822,14822,0.993443,-1,90.375,90.375,0
1786402152843,14944.3,die0,14830,14830,0.996285,-1,90,90,0
1786402152943,14944.3,die0,14837,14837,0.996285,-1,90,90,0
1786402153043,14944.3,die0,14844,14844,0.996285,-1,90,90,0
1786402153143,14944.3,die0,14850,14850,0.996285,-1,90,90,0
1786402153243,14944.3,die0,14857,14857,0.996285,-1,90,90,0
1786402153343,14944.3,die0,14862,14862,0.996285,-1,90,90,0
1786402153443,14944.3,die0,14867,14867,0.996285,-1,90,90,0
1786402153543,14944.3,die0,14872,14872,0.996285,-1,90,90,0
1786402153642,14944.3,die0,14877,14877,0.996285,-1,90,90,0
1786402153742,14944.3,die0,14881,14881,0.996285,-1,90,90,0
1786402153842,15000,die0,14889,14889,1,-1,89.75,89.75,0
1786402153943,15000,die0,14897,14897,1,-1,89.75,89.75,0
1786402154043,15000,die0,14903,14903,1,-1,89.75,89.75,0
1786402154143,15000,die0,14910,14910,1,-1,89.75,89.75,0
1786402154243,15000,die0,14916,14916,1,-1,89.75,89.75,0
1786402154342,15000,die0,14921,14921,1,-1,89.75,89.75,0
1786402154443,15000,die0,14927,14927,1,-1,89.75,89.75,0
1786402154542,15000,die0,14932,14932,1,-1,89.75,89.75,0
1786402154643,15000,die0,14936,14936,1,-1,89.75,89.75,0
1786402154742,15000,die0,14940,14940,1,-1,89.75,89.75,0
1786402154843,15000,die0,14944,14944,1,-1,89.4375,89.4375,0
1786402154943,15000,die0,14948,14948,1,-1,89.4375,89.4375,0
1786402155043,15000,die0,14952,14952,1,-1,89.4375,89.4375,0
1786402155142,15000,die0,14955,14955,1,-1,89.4375,89.4375,0
1786402155243,15000,die0,14958,14958,1,-1,89.4375,89.4375,0
1786402155343,15000,die0,14961,14961,1,-1,89.4375,89.4375,0
1786402155443,15000,die0,14963,14963,1,-1,89.4375,89.4375,0
1786402155543,15000,die0,14966,14966,1,-1,89.4375,89.4375,0
1786402155643,15000,die0,14968,14968,1,-1,89.4375,89.4375,0
1786402155742,15000,die0,14970,14970,1,-1,89.4375,89.4375,0
1786402155843,15000,die0,14972,14972,1,-1,89.125,89.125,0
1786402155943,15000,die0,14974,14974,1,-1,89.125,89.125,0
1786402156043,15000,die0,14976,14976,1,-1,89.125,89.125,0
1786402156143,15000,die0,14977,14977,1,-1,89.125,89.125,0
1786402156242,15000,die0,14979,14979,1,-1,89.125,89.125,0
1786402156342,15000,die0,14980,14980,1,-1,89.125,89.125,0
1786402156443,15000,die0,14982,14982,1,-1,89.125,89.125,0
1786402156543,15000,die0,14983,14983,1,-1,89.125,89.125,0
1786402156643,15000,die0,14984,14984,1,-1,89.125,89.125,0
1786402156742,15000,die0,14985,14985,1,-1,89.125,89.125,0
1786402156843,15000,die0,14986,14986,1,-1,88.8125,88.8125,0
1786402156942,15000,die0,14987,14987,1,-1,88.8125,88.8125,0
1786402157042,15000,die0,14988,14988,1,-1,88.8125,88.8125,0
1786402157143,15000,die0,14989,14989,1,-1,88.8125,88.8125,0
1786402157243,15000,die0,14989,14989,1,-1,88.8125,88.8125,0
1786402157343,15000,die0,14990,14990,1,-1,88.8125,88.8125,0
1786402157443,15000,die0,14991,14991,1,-1,88.8125,88.8125,0
1786402157542,15000,die0,14991,14991,1,-1,88.8125,88.8125,0
1786402157643,15000,die0,14992,14992,1,-1,88.8125,88.8125,0
1786402157742,15000,die0,14992,14992,1,-1,88.8125,88.8125,0
1786402157843,15000,die0,14993,14993,1,-1,88.4375,88.4375,0
1786402157942,15000,die0,14993,14993,1,-1,88.4375,88.4375,0
1786402158043,15000,die0,14994,14994,1,-1,88.4375,88.4375,0
1786402158143,15000,die0,14994,14994,1,-1,88.4375,88.4375,0
1786402158243,15000,die0,14995,14995,1,-1,88.4375,88.4375,0
1786402158343,15000,die0,14995,14995,1,-1,88.4375,88.4375,0
1786402158443,15000,die0,14995,14995,1,-1,88.4375,88.4375,0
1786402158543,15000,die0,14996,14996,1,-1,88.4375,88.4375,0
1786402158642,15000,die0,14996,14996,1,-1,88.4375,88.4375,0
1786402158742,15000,die0,14996,14996,1,-1,88.4375,88.4375,0
1786402158843,15000,die0,14996,14996,1,-1,88.1875,88.1875,0
1786402158943,15000,die0,14997,14997,1,-1,88.1875,88.1875,0
1786402159043,15000,die0,14997,14997,1,-1,88.1875,88.1875,0
1786402159143,15000,die0,14997,14997,1,-1,88.1875,88.1875,0
1786402159243,15000,die0,14997,14997,1,-1,88.1875,88.1875,0
1786402159343,15000,die0,14998,14998,1,-1,88.1875,88.1875,0
1786402159443,15000,die0,14998,14998,1,-1,88.1875,88.1875,0
1786402159542,15000,die0,14998,14998,1,-1,88.1875,88.1875,0
1786402159643,15000,die0,14998,14998,1,-1,88.1875,88.1875,0
1786402159742,15000,die0,14998,14998,1,-1,88.1875,88.1875,0
1786402159842,15000,die0,14998,14998,1,-1,87.875,87.875,0
1786402159943,15000,die0,14998,14998,1,-1,87.875,87.875,0
1786402160043,15000,die0,14998,14998,1,-1,87.875,87.875,0
1786402160143,15000,die0,14999,14999,1,-1,87.875,87.875,0
1786402160243,15000,die0,14999,14999,1,-1,87.875,87.875,0
1786402160343,15000,die0,14999,14999,1,-1,87.875,87.875,0
1786402160443,15000,die0,14999,14999,1,-1,87.875,87.875,0
1786402160543,15000,die0,14999,14999,1,-1,87.875,87.875,0
1786402160643,15000,die0,14999,14999,1,-1,87.875,87.875,0
1786402160743,15000,die0,14999,14999,1,-1,87.875,87.875,0
1786402160843,15000,die0,14999,14999,1,-1,87.5,87.5,0
1786402160943,15000,die0,14999,14999,1,-1,87.5,87.5,0
1786402161043,15000,die0,14999,14999,1,-1,87.5,87.5,0
1786402161143,15000,die0,14999,14999,1,-1,87.5,87.5,0
1786402161243,15000,die0,14999,14999,1,-1,87.5,87.5,0
1786402161343,15000,die0,14999,14999,1,-1,87.5,87.5,0
1786402161443,15000,die0,14999,14999,1,-1,87.5,87.5,0
1786402161542,15000,die0,14999,14999,1,-1,87.5,87.5,0
1786402161642,15000,die0,14999,14999,1,-1,87.5,87.5,0
1786402161743,15000,die0,15000,15000,1,-1,87.5,87.5,0
1786402161842,15000,die0,15000,15000,1,-1,87.1875,87.1875,0
1786402161943,15000,die0,15000,15000,1,-1,87.1875,87.1875,0
1786402162043,15000,die0,15000,15000,1,-1,87.1875,87.1875,0
1786402162143,15000,die0,15000,15000,1,-1,87.1875,87.1875,0
1786402162243,15000,die0,15000,15000,1,-1,87.1875,87.1875,0
1786402162343,15000,die0,15000,15000,1,-1,87.1875,87.1875,0
1786402162443,15000,die0,15000,15000,1,-1,87.1875,87.1875,0
1786402162543,15000,die0,15000,15000,1,-1,87.1875,87.1875,0
1786402162643,15000,die0,15000,15000,1,-1,87.1875,87.1875,0
1786402162743,15000,die0,15000,15000,1,-1,87.1875,87.1875,0
1786402162843,15000,die0,15000,15000,1,-1,86.875,86.875,0
1786402162942,15000,die0,15000,15000,1,-1,86.875,86.875,0
1786402163042,15000,die0,15000,15000,1,-1,86.875,86.875,0
1786402163142,15000,die0,15000,15000,1,-1,86.875,86.875,0
1786402163242,15000,die0,15000,15000,1,-1,86.875,86.875,0
1786402163342,15000,die0,15000,15000,1,-1,86.875,86.875,0
1786402163443,15000,die0,15000,15000,1,-1,86.875,86.875,0
1786402163543,15000,die0,15000,15000,1,-1,86.875,86.875,0
1786402163642,15000,die0,15000,15000,1,-1,86.875,86.875,0
1786402163743,15000,die0,15000,15000,1,-1,86.875,86.875,0
1786402163842,15000,die0,15000,15000,1,-1,86.625,86.625,0
1786402163943,15000,die0,15000,15000,1,-1,86.625,86.625,0
1786402164042,15000,die0,15000,15000,1,-1,86.625,86.625,0
1786402164142,15000,die0,15000,15000,1,-1,86.625,86.625,0
1786402164242,15000,die0,15000,15000,1,-1,86.625,86.625,0
1786402164343,15000,die0,15000,15000,1,-1,86.625,86.625,0
1786402164443,15000,die0,15000,15000,1,-1,86.625,86.625,0
1786402164542,15000,die0,15000,15000,1,-1,86.625,86.625,0
1786402164642,15000,die0,15000,15000,1,-1,86.625,86.625,0
1786402164743,15000,die0,15000,15000,1,-1,86.625,86.625,0
1786402164843,15000,die0,15000,15000,1,-1,86.4375,86.4375,0
1786402164943,15000,die0,15000,15000,1,-1,86.4375,86.4375,0
1786402165043,15000,die0,15000,15000,1,-1,86.4375,86.4375,0
1786402165143,15000,die0,15000,15000,1,-1,86.4375,86.4375,0
1786402165243,15000,die0,15000,15000,1,-1,86.4375,86.4375,0
1786402165343,15000,die0,15000,15000,1,-1,86.4375,86.4375,0
1786402165443,15000,die0,15000,15000,1,-1,86.4375,86.4375,0
1786402165543,15000,die0,15000,15000,1,-1,86.4375,86.4375,0
1786402165643,15000,die0,15000,15000,1,-1,86.4375,86.4375,0
1786402165743,15000,die0,15000,15000,1,-1,86.4375,86.4375,0
1786402165843,15000,die0,15000,15000,1,-1,85.9375,85.9375,0
1786402165942,15000,die0,15000,15000,1,-1,85.9375,85.9375,0
1786402166042,15000,die0,15000,15000,1,-1,85.9375,85.9375,0
1786402166142,15000,die0,15000,15000,1,-1,85.9375,85.9375,0
1786402166242,15000,die0,15000,15000,1,-1,85.9375,85.9375,0
1786402166343,15000,die0,15000,15000,1,-1,85.9375,85.9375,0
1786402166442,15000,die0,15000,15000,1,-1,85.9375,85.9375,0
1786402166543,15000,die0,15000,15000,1,-1,85.9375,85.9375,0
1786402166642,15000,die0,15000,15000,1,-1,85.9375,85.9375,0
1786402166742,15000,die0,15000,15000,1,-1,85.9375,85.9375,0
1786402166842,15000,die0,15000,15000,1,-1,85.75,85.75,0
1786402166942,15000,die0,15000,15000,1,-1,85.75,85.75,0
1786402167042,15000,die0,15000,15000,1,-1,85.75,85.75,0
1786402167143,15000,die0,15000,15000,1,-1,85.75,85.75,0
1786402167242,15000,die0,15000,15000,1,-1,85.75,85.75,0
1786402167343,15000,die0,15000,15000,1,-1,85.75,85.75,0
1786402167443,15000,die0,15000,15000,1,-1,85.75,85.75,0
1786402167543,15000,die0,15000,15000,1,-1,85.75,85.75,0
1786402167643,15000,die0,15000,15000,1,-1,85.75,85.75,0
1786402167743,15000,die0,15000,15000,1,-1,85.75,85.75,0
1786402167843,15000,die0,15000,15000,1,-1,85.4375,85.4375,0
1786402167943,15000,die0,15000,15000,1,-1,85.4375,85.4375,0
1786402168042,15000,die0,15000,15000,1,-1,85.4375,85.4375,0
1786402168143,15000,die0,15000,15000,1,-1,85.4375,85.4375,0
1786402168243,15000,die0,15000,15000,1,-1,85.4375,85.4375,0
1786402168342,15000,die0,15000,15000,1,-1,85.4375,85.4375,0
1786402168442,15000,die0,15000,15000,1,-1,85.4375,85.4375,0
1786402168543,15000,die0,15000,15000,1,-1,85.4375,85.4375,0
1786402168643,15000,die0,15000,15000,1,-1,85.4375,85.4375,0
1786402168742,15000,die0,15000,15000,1,-1,85.4375,85.4375,0
1786402168842,15000,die0,15000,15000,1,-1,85.3125,85.3125,0
1786402168943,15000,die0,15000,15000,1,-1,85.3125,85.3125,0
1786402169043,15000,die0,15000,15000,1,-1,85.3125,85.3125,0
1786402169143,15000,die0,15000,15000,1,-1,85.3125,85.3125,0
1786402169243,15000,die0,15000,15000,1,-1,85.3125,85.3125,0
1786402169343,15000,die0,15000,15000,1,-1,85.3125,85.3125,0
1786402169443,15000,die0,15000,15000,1,-1,85.3125,85.3125,0
1786402169543,15000,die0,15000,15000,1,-1,85.3125,85.3125,0
1786402169642,15000,die0,15000,15000,1,-1,85.3125,85.3125,0
1786402169743,15000,die0,15000,15000,1,-1,85.3125,85.3125,0
1786402169843,15000,die0,15000,15000,1,-1,84.875,84.875,0
1786402169942,15000,die0,15000,15000,1,-1,84.875,84.875,0
1786402170042,15000,die0,15000,15000,1,-1,84.875,84.875,0
1786402170142,15000,die0,15000,15000,1,-1,84.875,84.875,0
1786402170243,15000,die0,15000,15000,1,-1,84.875,84.875,0
1786402170343,15000,die0,15000,15000,1,-1,84.875,84.875,0
1786402170443,15000,die0,15000,15000,1,-1,84.875,84.875,0
1786402170543,15000,die0,15000,15000,1,-1,84.875,84.875,0
1786402170642,15000,die0,15000,15000,1,-1,84.875,84.875,0
1786402170743,15000,die0,15000,15000,1,-1,84.875,84.875,0
1786402170843,15000,die0,15000,15000,1,-1,84.625,84.625,0
1786402170942,15000,die0,15000,15000,1,-1,84.625,84.625,0
1786402171043,15000,die0,15000,15000,1,-1,84.625,84.625,0
1786402171143,15000,die0,15000,15000,1,-1,84.625,84.625,0
1786402171243,15000,die0,15000,15000,1,-1,84.625,84.625,0
1786402171342,15000,die0,15000,15000,1,-1,84.625,84.625,0
1786402171443,15000,die0,15000,15000,1,-1,84.625,84.625,0
1786402171543,15000,die0,15000,15000,1,-1,84.625,84.625,0
1786402171643,15000,die0,15000,15000,1,-1,84.625,84.625,0
1786402171742,15000,die0,15000,15000,1,-1,84.625,84.625,0
1786402171843,15000,die0,15000,15000,1,-1,84.4375,84.4375,0
1786402171943,15000,die0,15000,15000,1,-1,84.4375,84.4375,0
1786402172042,15000,die0,15000,15000,1,-1,84.4375,84.4375,0
1786402172142,15000,die0,15000,15000,1,-1,84.4375,84.4375,0
1786402172242,15000,die0,15000,15000,1,-1,84.4375,84.4375,0
1786402172343,15000,die0,15000,15000,1,-1,84.4375,84.4375,0
1786402172443,15000,die0,15000,15000,1,-1,84.4375,84.4375,0
1786402172543,15000,die0,15000,15000,1,-1,84.4375,84.4375,0
1786402172643,15000,die0,15000,15000,1,-1,84.4375,84.4375,0
1786402172743,15000,die0,15000,15000,1,-1,84.4375,84.4375,0
1786402172843,15000,die0,15000,15000,1,-1,84.1875,84.1875,0
1786402172943,15000,die0,15000,15000,1,-1,84.1875,84.1875,0
1786402173043,15000,die0,15000,15000,1,-1,84.1875,84.1875,0
1786402173143,15000,die0,15000,15000,1,-1,84.1875,84.1875,0
1786402173242,15000,die0,15000,15000,1,-1,84.1875,84.1875,0
1786402173343,15000,die0,15000,15000,1,-1,84.1875,84.1875,0
1786402173442,15000,die0,15000,15000,1,-1,84.1875,84.1875,0
1786402173543,15000,die0,15000,15000,1,-1,84.1875,84.1875,0
1786402173643,15000,die0,15000,15000,1,-1,84.1875,84.1875,0
1786402173743,15000,die0,15000,15000,1,-1,84.1875,84.1875,0
1786402173843,15000,die0,15000,15000,1,-1,83.9375,83.9375,0
1786402173943,15000,die0,15000,15000,1,-1,83.9375,83.9375,0
1786402174043,15000,die0,15000,15000,1,-1,83.9375,83.9375,0
1786402174143,15000,die0,15000,15000,1,-1,83.9375,83.9375,0
1786402174243,15000,die0,15000,15000,1,-1,83.9375,83.9375,0
1786402174343,15000,die0,15000,15000,1,-1,83.9375,83.9375,0
1786402174443,15000,die0,15000,15000,1,-1,83.9375,83.9375,0
1786402174543,15000,die0,15000,15000,1,-1,83.9375,83.9375,0
1786402174643,15000,die0,15000,15000,1,-1,83.9375,83.9375,0
1786402174743,15000,die0,15000,15000,1,-1,83.9375,83.9375,0
1786402174843,15000,die0,15000,15000,1,-1,83.75,83.75,0
1786402174943,15000,die0,15000,15000,1,-1,83.75,83.75,0
1786402175043,15000,die0,15000,15000,1,-1,83.75,83.75,0
1786402175143,15000,die0,15000,15000,1,-1,83.75,83.75,0
1786402175243,15000,die0,15000,15000,1,-1,83.75,83.75,0
1786402175343,15000,die0,15000,15000,1,-1,83.75,83.75,0
1786402175443,15000,die0,15000,15000,1,-1,83.75,83.75,0
1786402175543,15000,die0,15000,15000,1,-1,83.75,83.75,0
1786402175643,15000,die0,15000,15000,1,-1,83.75,83.75,0
1786402175742,15000,die0,15000,15000,1,-1,83.75,83.75,0
1786402175843,15000,die0,15000,15000,1,-1,83.3125,83.3125,0
1786402175943,15000,die0,15000,15000,1,-1,83.3125,83.3125,0
1786402176043,15000,die0,15000,15000,1,-1,83.3125,83.3125,0
1786402176143,15000,die0,15000,15000,1,-1,83.3125,83.3125,0
1786402176243,15000,die0,15000,15000,1,-1,83.3125,83.3125,0
1786402176343,15000,die0,15000,15000,1,-1,83.3125,83.3125,0
1786402176443,15000,die0,15000,15000,1,-1,83.3125,83.3125,0
1786402176543,15000,die0,15000,15000,1,-1,83.3125,83.3125,0
1786402176642,15000,die0,15000,15000,1,-1,83.3125,83.3125,0
1786402176742,15000,die0,15000,15000,1,-1,83.3125,83.3125,0
1786402176843,15000,die0,15000,15000,1,-1,83.1875,83.1875,0
1786402176943,15000,die0,15000,15000,1,-1,83.1875,83.1875,0
1786402177043,15000,die0,15000,15000,1,-1,83.1875,83.1875,0
1786402177143,15000,die0,15000,15000,1,-1,83.1875,83.1875,0
1786402177243,15000,die0,15000,15000,1,-1,83.1875,83.1875,0
1786402177343,15000,die0,15000,15000,1,-1,83.1875,83.1875,0
1786402177443,15000,die0,15000,15000,1,-1,83.1875,83.1875,0
1786402177543,15000,die0,15000,15000,1,-1,83.1875,83.1875,0
1786402177643,15000,die0,15000,15000,1,-1,83.1875,83.1875,0
1786402177743,15000,die0,15000,15000,1,-1,83.1875,83.1875,0
1786402177842,15000,die0,15000,15000,1,-1,83,83,0
1786402177943,15000,die0,15000,15000,1,-1,83,83,0
1786402178043,15000,die0,15000,15000,1,-1,83,83,0
1786402178143,15000,die0,15000,15000,1,-1,83,83,0
1786402178243,15000,die0,15000,15000,1,-1,83,83,0
1786402178343,15000,die0,15000,15000,1,-1,83,83,0
1786402178443,15000,die0,15000,15000,1,-1,83,83,0
1786402178543,15000,die0,15000,15000,1,-1,83,83,0
1786402178643,15000,die0,15000,15000,1,-1,83,83,0
1786402178742,15000,die0,15000,15000,1,-1,83,83,0
1786402178843,15000,die0,15000,15000,1,-1,82.875,82.875,0
1786402178943,15000,die0,15000,15000,1,-1,82.875,82.875,0
1786402179043,15000,die0,15000,15000,1,-1,82.875,82.875,0
1786402179143,15000,die0,15000,15000,1,-1,82.875,82.875,0
1786402179243,15000,die0,15000,15000,1,-1,82.875,82.875,0
1786402179343,15000,die0,15000,15000,1,-1,82.875,82.875,0
1786402179443,15000,die0,15000,15000,1,-1,82.875,82.875,0
1786402179543,15000,die0,15000,15000,1,-1,82.875,82.875,0
1786402179642,15000,die0,15000,15000,1,-1,82.875,82.875,0
1786402179743,15000,die0,15000,15000,1,-1,82.875,82.875,0
1786402179843,15000,die0,15000,15000,1,-1,82.5,82.5,0
1786402179943,15000,die0,15000,15000,1,-1,82.5,82.5,0
1786402180043,15000,die0,15000,15000,1,-1,82.5,82.5,0
1786402180142,15000,die0,15000,15000,1,-1,82.5,82.5,0
1786402180243,15000,die0,15000,15000,1,-1,82.5,82.5,0
1786402180343,15000,die0,15000,15000,1,-1,82.5,82.5,0
1786402180443,15000,die0,15000,15000,1,-1,82.5,82.5,0
1786402180542,15000,die0,15000,15000,1,-1,82.5,82.5,0
1786402180642,15000,die0,15000,15000,1,-1,82.5,82.5,0
1786402180743,15000,die0,15000,15000,1,-1,82.5,82.5,0
1786402180842,15000,die0,15000,15000,1,-1,82.25,82.25,0
1786402180943,15000,die0,15000,15000,1,-1,82.25,82.25,0
1786402181043,15000,die0,15000,15000,1,-1,82.25,82.25,0
1786402181142,15000,die0,15000,15000,1,-1,82.25,82.25,0
1786402181243,15000,die0,15000,15000,1,-1,82.25,82.25,0
1786402181343,15000,die0,15000,15000,1,-1,82.25,82.25,0
1786402181443,15000,die0,15000,15000,1,-1,82.25,82.25,0
1786402181543,15000,die0,15000,15000,1,-1,82.25,82.25,0
1786402181643,15000,die0,15000,15000,1,-1,82.25,82.25,0
1786402181743,15000,die0,15000,15000,1,-1,82.25,82.25,0
1786402181843,15000,die0,15000,15000,1,-1,82.125,82.125,0
1786402181942,15000,die0,15000,15000,1,-1,82.125,82.125,0
1786402182043,15000,die0,15000,15000,1,-1,82.125,82.125,0
1786402182143,15000,die0,15000,15000,1,-1,82.125,82.125,0
1786402182242,15000,die0,15000,15000,1,-1,82.125,82.125,0
1786402182343,15000,die0,15000,15000,1,-1,82.125,82.125,0
1786402182442,15000,die0,15000,15000,1,-1,82.125,82.125,0
1786402182542,15000,die0,15000,15000,1,-1,82.125,82.125,0
1786402182643,15000,die0,15000,15000,1,-1,82.125,82.125,0
1786402182743,15000,die0,15000,15000,1,-1,82.125,82.125,0
1786402182843,15000,die0,15000,15000,1,-1,81.875,81.875,0
1786402182943,15000,die0,15000,15000,1,-1,81.875,81.875,0
1786402183043,15000,die0,15000,15000,1,-1,81.875,81.875,0
1786402183143,15000,die0,15000,15000,1,-1,81.875,81.875,0
1786402183242,15000,die0,15000,15000,1,-1,81.875,81.875,0
1786402183342,15000,die0,15000,15000,1,-1,81.875,81.875,0
1786402183443,15000,die0,15000,15000,1,-1,81.875,81.875,0
1786402183542,15000,die0,15000,15000,1,-1,81.875,81.875,0
1786402183643,15000,die0,15000,15000,1,-1,81.875,81.875,0
1786402183742,15000,die0,15000,15000,1,-1,81.875,81.875,0
1786402183843,15000,die0,15000,15000,1,-1,81.75,81.75,0
1786402183943,15000,die0,15000,15000,1,-1,81.75,81.75,0
1786402184042,15000,die0,15000,15000,1,-1,81.75,81.75,0
1786402184143,15000,die0,15000,15000,1,-1,81.75,81.75,0
1786402184243,15000,die0,15000,15000,1,-1,81.75,81.75,0
1786402184342,15000,die0,15000,15000,1,-1,81.75,81.75,0
1786402184443,15000,die0,15000,15000,1,-1,81.75,81.75,0
1786402184542,15000,die0,15000,15000,1,-1,81.75,81.75,0
1786402184642,15000,die0,15000,15000,1,-1,81.75,81.75,0
1786402184743,15000,die0,15000,15000,1,-1,81.75,81.75,0
1786402184842,15000,die0,15000,15000,1,-1,81.5625,81.5625,0
1786402184942,15000,die0,15000,15000,1,-1,81.5625,81.5625,0
1786402185043,15000,die0,15000,15000,1,-1,81.5625,81.5625,0
1786402185142,15000,die0,15000,15000,1,-1,81.5625,81.5625,0
1786402185243,15000,die0,15000,15000,1,-1,81.5625,81.5625,0
1786402185343,15000,die0,15000,15000,1,-1,81.5625,81.5625,0
1786402185443,15000,die0,15000,15000,1,-1,81.5625,81.5625,0
1786402185543,15000,die0,15000,15000,1,-1,81.5625,81.5625,0
1786402185643,15000,die0,15000,15000,1,-1,81.5625,81.5625,0
1786402185743,15000,die0,15000,15000,1,-1,81.5625,81.5625,0
1786402185843,15000,die0,15000,15000,1,-1,81.375,81.375,0
1786402185943,15000,die0,15000,15000,1,-1,81.375,81.375,0
1786402186043,15000,die0,15000,15000,1,-1,81.375,81.375,0
1786402186142,15000,die0,15000,15000,1,-1,81.375,81.375,0
1786402186243,15000,die0,15000,15000,1,-1,81.375,81.375,0
1786402186343,15000,die0,15000,15000,1,-1,81.375,81.375,0
1786402186442,15000,die0,15000,15000,1,-1,81.375,81.375,0
1786402186543,15000,die0,15000,15000,1,-1,81.375,81.375,0
1786402186643,15000,die0,15000,15000,1,-1,81.375,81.375,0
1786402186743,15000,die0,15000,15000,1,-1,81.375,81.375,0
1786402186843,15000,die0,15000,15000,1,-1,81.1875,81.1875,0
1786402186943,15000,die0,15000,15000,1,-1,81.1875,81.1875,0
1786402187043,15000,die0,15000,15000,1,-1,81.1875,81.1875,0
1786402187143,15000,die0,15000,15000,1,-1,81.1875,81.1875,0
1786402187242,15000,die0,15000,15000,1,-1,81.1875,81.1875,0
1786402187343,15000,die0,15000,15000,1,-1,81.1875,81.1875,0
1786402187442,15000,die0,15000,15000,1,-1,81.1875,81.1875,0
1786402187543,15000,die0,15000,15000,1,-1,81.1875,81.1875,0
1786402187643,15000,die0,15000,15000,1,-1,81.1875,81.1875,0
1786402187742,15000,die0,15000,15000,1,-1,81.1875,81.1875,0
1786402187842,15000,die0,15000,15000,1,-1,81.0625,81.0625,0
1786402187942,15000,die0,15000,15000,1,-1,81.0625,81.0625,0
1786402188043,15000,die0,15000,15000,1,-1,81.0625,81.0625,0
1786402188143,15000,die0,15000,15000,1,-1,81.0625,81.0625,0
1786402188243,15000,die0,15000,15000,1,-1,81.0625,81.0625,0
1786402188343,15000,die0,15000,15000,1,-1,81.0625,81.0625,0
1786402188442,15000,die0,15000,15000,1,-1,81.0625,81.0625,0
1786402188543,15000,die0,15000,15000,1,-1,81.0625,81.0625,0
1786402188642,15000,die0,15000,15000,1,-1,81.0625,81.0625,0
1786402188742,15000,die0,15000,15000,1,-1,81.0625,81.0625,0
1786402188842,15000,die0,15000,15000,1,-1,80.8125,80.8125,0
1786402188942,15000,die0,15000,15000,1,-1,80.8125,80.8125,0
1786402189042,15000,die0,15000,15000,1,-1,80.8125,80.8125,0
1786402189143,15000,die0,15000,15000,1,-1,80.8125,80.8125,0
1786402189243,15000,die0,15000,15000,1,-1,80.8125,80.8125,0
1786402189343,15000,die0,15000,15000,1,-1,80.8125,80.8125,0
1786402189443,15000,die0,15000,15000,1,-1,80.8125,80.8125,0
1786402189542,15000,die0,15000,15000,1,-1,80.8125,80.8125,0
1786402189643,15000,die0,15000,15000,1,-1,80.8125,80.8125,0
1786402189743,15000,die0,15000,15000,1,-1,80.8125,80.8125,0
1786402189843,15000,die0,15000,15000,1,-1,80.625,80.625,0
1786402189943,15000,die0,15000,15000,1,-1,80.625,80.625,0
1786402190043,15000,die0,15000,15000,1,-1,80.625,80.625,0
1786402190143,15000,die0,15000,15000,1,-1,80.625,80.625,0
1786402190243,15000,die0,15000,15000,1,-1,80.625,80.625,0
1786402190343,15000,die0,15000,15000,1,-1,80.625,80.625,0
1786402190443,15000,die0,15000,15000,1,-1,80.625,80.625,0
1786402190543,15000,die0,15000,15000,1,-1,80.625,80.625,0
1786402190643,15000,die0,15000,15000,1,-1,80.625,80.625,0
1786402190743,15000,die0,15000,15000,1,-1,80.625,80.625,0
1786402190843,15000,die0,15000,15000,1,-1,80.5,80.5,0
1786402190942,15000,die0,15000,15000,1,-1,80.5,80.5,0
1786402191042,15000,die0,15000,15000,1,-1,80.5,80.5,0
1786402191142,15000,die0,15000,15000,1,-1,80.5,80.5,0
1786402191242,15000,die0,15000,15000,1,-1,80.5,80.5,0
1786402191343,15000,die0,15000,15000,1,-1,80.5,80.5,0
1786402191442,15000,die0,15000,15000,1,-1,80.5,80.5,0
1786402191542,15000,die0,15000,15000,1,-1,80.5,80.5,0
1786402191642,15000,die0,15000,15000,1,-1,80.5,80.5,0
1786402191742,15000,die0,15000,15000,1,-1,80.5,80.5,0
1786402191842,15000,die0,15000,15000,1,-1,80.25,80.25,0
1786402191942,15000,die0,15000,15000,1,-1,80.25,80.25,0
1786402192042,15000,die0,15000,15000,1,-1,80.25,80.25,0
1786402192142,15000,die0,15000,15000,1,-1,80.25,80.25,0
1786402192242,15000,die0,15000,15000,1,-1,80.25,80.25,0
1786402192342,15000,die0,15000,15000,1,-1,80.25,80.25,0
1786402192446,15000,die0,15000,15000,1,-1,80.25,80.25,0
1786402192542,15000,die0,15000,15000,1,-1,80.25,80.25,0
1786402192642,15000,die0,15000,15000,1,-1,80.25,80.25,0
1786402192742,15000,die0,15000,15000,1,-1,80.25,80.25,0
1786402192842,15000,die0,15000,15000,1,-1,80.1875,80.1875,0
1786402192942,15000,die0,15000,15000,1,-1,80.1875,80.1875,0
1786402193042,15000,die0,15000,15000,1,-1,80.1875,80.1875,0
1786402193142,15000,die0,15000,15000,1,-1,80.1875,80.1875,0
1786402193242,15000,die0,15000,15000,1,-1,80.1875,80.1875,0
1786402193342,15000,die0,15000,15000,1,-1,80.1875,80.1875,0
1786402193442,15000,die0,15000,15000,1,-1,80.1875,80.1875,0
1786402193542,15000,die0,15000,15000,1,-1,80.1875,80.1875,0
1786402193642,15000,die0,15000,15000,1,-1,80.1875,80.1875,0
1786402193742,15000,die0,15000,15000,1,-1,80.1875,80.1875,0
1786402193842,15000,die0,15000,15000,1,-1,79.875,79.875,0
1786402193942,15000,die0,15000,15000,1,-1,79.875,79.875,0
1786402194042,15000,die0,15000,15000,1,-1,79.875,79.875,0
1786402194143,15000,die0,15000,15000,1,-1,79.875,79.875,0
1786402194242,15000,die0,15000,15000,1,-1,79.875,79.875,0
1786402194342,15000,die0,15000,15000,1,-1,79.875,79.875,0
1786402194442,15000,die0,15000,15000,1,-1,79.875,79.875,0
1786402194546,15000,die0,15000,15000,1,-1,79.875,79.875,0
1786402194642,15000,die0,15000,15000,1,-1,79.875,79.875,0
1786402194742,15000,die0,15000,15000,1,-1,79.875,79.875,0
1786402194842,15000,die0,15000,15000,1,-1,79.8125,79.8125,0
1786402194942,15000,die0,15000,15000,1,-1,79.8125,79.8125,0
1786402195043,15000,die0,15000,15000,1,-1,79.8125,79.8125,0
1786402195142,15000,die0,15000,15000,1,-1,79.8125,79.8125,0
1786402195242,15000,die0,15000,15000,1,-1,79.8125,79.8125,0
1786402195342,15000,die0,15000,15000,1,-1,79.8125,79.8125,0
1786402195442,15000,die0,15000,15000,1,-1,79.8125,79.8125,0
1786402195542,15000,die0,15000,15000,1,-1,79.8125,79.8125,0
1786402195642,15000,die0,15000,15000,1,-1,79.8125,79.8125,0
1786402195742,15000,die0,15000,15000,1,-1,79.8125,79.8125,0
1786402195842,15000,die0,15000,15000,1,-1,79.6875,79.6875,0
1786402195943,15000,die0,15000,15000,1,-1,79.6875,79.6875,0
1786402196046,15000,die0,15000,15000,1,-1,79.6875,79.6875,0
1786402196142,15000,die0,15000,15000,1,-1,79.6875,79.6875,0
1786402196242,15000,die0,15000,15000,1,-1,79.6875,79.6875,0
1786402196342,15000,die0,15000,15000,1,-1,79.6875,79.6875,0
1786402196442,15000,die0,15000,15000,1,-1,79.6875,79.6875,0
1786402196542,15000,die0,15000,15000,1,-1,79.6875,79.6875,0
1786402196642,15000,die0,15000,15000,1,-1,79.6875,79.6875,0
1786402196742,15000,die0,15000,15000,1,-1,79.6875,79.6875,0
1786402196842,15000,die0,15000,15000,1,-1,79.5,79.5,0
1786402196942,15000,die0,15000,15000,1,-1,79.5,79.5,0
1786402197042,15000,die0,15000,15000,1,-1,79.5,79.5,0
1786402197142,15000,die0,15000,15000,1,-1,79.5,79.5,0
1786402197242,15000,die0,15000,15000,1,-1,79.5,79.5,0
1786402197342,15000,die0,15000,15000,1,-1,79.5,79.5,0
1786402197442,15000,die0,15000,15000,1,-1,79.5,79.5,0
1786402197546,15000,die0,15000,15000,1,-1,79.5,79.5,0
1786402197642,15000,die0,15000,15000,1,-1,79.5,79.5,0
1786402197742,15000,die0,15000,15000,1,-1,79.5,79.5,0
1786402197842,15000,die0,15000,15000,1,-1,79.375,79.375,0
1786402197942,15000,die0,15000,15000,1,-1,79.375,79.375,0
1786402198042,15000,die0,15000,15000,1,-1,79.375,79.375,0
1786402198142,15000,die0,15000,15000,1,-1,79.375,79.375,0
1786402198242,15000,die0,15000,15000,1,-1,79.375,79.375,0
1786402198342,15000,die0,15000,15000,1,-1,79.375,79.375,0
1786402198442,15000,die0,15000,15000,1,-1,79.375,79.375,0
1786402198542,15000,die0,15000,15000,1,-1,79.375,79.375,0
1786402198642,15000,die0,15000,15000,1,-1,79.375,79.375,0
1786402198742,15000,die0,15000,15000,1,-1,79.375,79.375,0
1786402198842,15000,die0,15000,15000,1,-1,79.3125,79.3125,0
1786402198942,15000,die0,15000,15000,1,-1,79.3125,79.3125,0
1786402199042,15000,die0,15000,15000,1,-1,79.3125,79.3125,0
1786402199142,15000,die0,15000,15000,1,-1,79.3125,79.3125,0
1786402199242,15000,die0,15000,15000,1,-1,79.3125,79.3125,0
1786402199342,15000,die0,15000,15000,1,-1,79.3125,79.3125,0
1786402199442,15000,die0,15000,15000,1,-1,79.3125,79.3125,0
1786402199542,15000,die0,15000,15000,1,-1,79.3125,79.3125,0
1786402199642,15000,die0,15000,15000,1,-1,79.3125,79.3125,0
1786402199742,15000,die0,15000,15000,1,-1,79.3125,79.3125,0
1786402199842,15000,die0,15000,15000,1,-1,79.0625,79.0625,0
1786402199942,15000,die0,15000,15000,1,-1,79.0625,79.0625,0
1786402200042,15000,die0,15000,15000,1,-1,79.0625,79.0625,0
1786402200142,15000,die0,15000,15000,1,-1,79.0625,79.0625,0
1786402200243,15000,die0,15000,15000,1,-1,79.0625,79.0625,0
1786402200342,15000,die0,15000,15000,1,-1,79.0625,79.0625,0
1786402200442,15000,die0,15000,15000,1,-1,79.0625,79.0625,0
1786402200542,15000,die0,15000,15000,1,-1,79.0625,79.0625,0
1786402200642,15000,die0,15000,15000,1,-1,79.0625,79.0625,0
1786402200742,15000,die0,15000,15000,1,-1,79.0625,79.0625,0
1786402200842,15000,die0,15000,15000,1,-1,79.0625,79.0625,0
1786402200942,15000,die0,15000,15000,1,-1,79.0625,79.0625,0
1786402201043,15000,die0,15000,15000,1,-1,79.0625,79.0625,0
1786402201142,15000,die0,15000,15000,1,-1,79.0625,79.0625,0
1786402201242,15000,die0,15000,15000,1,-1,79.0625,79.0625,0
1786402201342,15000,die0,15000,15000,1,-1,79.0625,79.0625,0
1786402201442,15000,die0,15000,15000,1,-1,79.0625,79.0625,0
1786402201542,15000,die0,15000,15000,1,-1,79.0625,79.0625,0
1786402201643,15000,die0,15000,15000,1,-1,79.0625,79.0625,0
1786402201742,15000,die0,15000,15000,1,-1,79.0625,79.0625,0
1786402201842,15000,die0,15000,15000,1,-1,78.9375,78.9375,0
1786402201942,15000,die0,15000,15000,1,-1,78.9375,78.9375,0
1786402202042,15000,die0,15000,15000,1,-1,78.9375,78.9375,0
1786402202142,15000,die0,15000,15000,1,-1,78.9375,78.9375,0
1786402202242,15000,die0,15000,15000,1,-1,78.9375,78.9375,0
1786402202342,15000,die0,15000,15000,1,-1,78.9375,78.9375,0
1786402202442,15000,die0,15000,15000,1,-1,78.9375,78.9375,0
1786402202542,15000,die0,15000,15000,1,-1,78.9375,78.9375,0
1786402202642,15000,die0,15000,15000,1,-1,78.9375,78.9375,0
1786402202742,15000,die0,15000,15000,1,-1,78.9375,78.9375,0
1786402202843,15000,die0,15000,15000,1,-1,78.75,78.75,0
1786402202943,15000,die0,15000,15000,1,-1,78.75,78.75,0
1786402203042,15000,die0,15000,15000,1,-1,78.75,78.75,0
1786402203142,15000,die0,15000,15000,1,-1,78.75,78.75,0
1786402203242,15000,die0,15000,15000,1,-1,78.75,78.75,0
1786402203343,15000,die0,15000,15000,1,-1,78.75,78.75,0
1786402203442,15000,die0,15000,15000,1,-1,78.75,78.75,0
1786402203542,15000,die0,15000,15000,1,-1,78.75,78.75,0
1786402203643,15000,die0,15000,15000,1,-1,78.75,78.75,0
1786402203742,15000,die0,15000,15000,1,-1,78.75,78.75,0
1786402203842,15000,die0,15000,15000,1,-1,78.5625,78.5625,0
1786402203942,15000,die0,15000,15000,1,-1,78.5625,78.5625,0
1786402204042,15000,die0,15000,15000,1,-1,78.5625,78.5625,0
1786402204142,15000,die0,15000,15000,1,-1,78.5625,78.5625,0
1786402204242,15000,die0,15000,15000,1,-1,78.5625,78.5625,0
1786402204342,15000,die0,15000,15000,1,-1,78.5625,78.5625,0
1786402204442,15000,die0,15000,15000,1,-1,78.5625,78.5625,0
1786402204542,15000,die0,15000,15000,1,-1,78.5625,78.5625,0
1786402204642,15000,die0,15000,15000,1,-1,78.5625,78.5625,0
1786402204742,15000,die0,15000,15000,1,-1,78.5625,78.5625,0
1786402204842,15000,die0,15000,15000,1,-1,78.4375,78.4375,0
1786402204942,15000,die0,15000,15000,1,-1,78.4375,78.4375,0
1786402205042,15000,die0,15000,15000,1,-1,78.4375,78.4375,0
1786402205143,15000,die0,15000,15000,1,-1,78.4375,78.4375,0
1786402205242,15000,die0,15000,15000,1,-1,78.4375,78.4375,0
1786402205342,15000,die0,15000,15000,1,-1,78.4375,78.4375,0
1786402205442,15000,die0,15000,15000,1,-1,78.4375,78.4375,0
1786402205543,15000,die0,15000,15000,1,-1,78.4375,78.4375,0
1786402205642,15000,die0,15000,15000,1,-1,78.4375,78.4375,0
1786402205742,15000,die0,15000,15000,1,-1,78.4375,78.4375,0
1786402205842,15000,die0,15000,15000,1,-1,78.25,78.25,0
1786402205942,15000,die0,15000,15000,1,-1,78.25,78.25,0
1786402206042,15000,die0,15000,15000,1,-1,78.25,78.25,0
1786402206142,15000,die0,15000,15000,1,-1,78.25,78.25,0
1786402206242,15000,die0,15000,15000,1,-1,78.25,78.25,0
1786402206342,15000,die0,15000,15000,1,-1,78.25,78.25,0
1786402206442,15000,die0,15000,15000,1,-1,78.25,78.25,0
1786402206543,15000,die0,15000,15000,1,-1,78.25,78.25,0
1786402206643,15000,die0,15000,15000,1,-1,78.25,78.25,0
1786402206742,15000,die0,15000,15000,1,-1,78.25,78.25,0
1786402206842,15000,die0,15000,15000,1,-1,78.1875,78.1875,0
1786402206942,15000,die0,15000,15000,1,-1,78.1875,78.1875,0
1786402207042,15000,die0,15000,15000,1,-1,78.1875,78.1875,0
1786402207143,15000,die0,15000,15000,1,-1,78.1875,78.1875,0
1786402207242,15000,die0,15000,15000,1,-1,78.1875,78.1875,0
1786402207342,15000,die0,15000,15000,1,-1,78.1875,78.1875,0
1786402207442,15000,die0,15000,15000,1,-1,78.1875,78.1875,0
1786402207542,15000,die0,15000,15000,1,-1,78.1875,78.1875,0
1786402207642,15000,die0,15000,15000,1,-1,78.1875,78.1875,0
1786402207742,15000,die0,15000,15000,1,-1,78.1875,78.1875,0
1786402207843,15000,die0,15000,15000,1,-1,78.0625,78.0625,0
1786402207942,15000,die0,15000,15000,1,-1,78.0625,78.0625,0
1786402208042,15000,die0,15000,15000,1,-1,78.0625,78.0625,0
1786402208142,15000,die0,15000,15000,1,-1,78.0625,78.0625,0
1786402208242,15000,die0,15000,15000,1,-1,78.0625,78.0625,0
1786402208342,15000,die0,15000,15000,1,-1,78.0625,78.0625,0
1786402208442,15000,die0,15000,15000,1,-1,78.0625,78.0625,0
1786402208542,15000,die0,15000,15000,1,-1,78.0625,78.0625,0
1786402208642,15000,die0,15000,15000,1,-1,78.0625,78.0625,0
1786402208742,15000,die0,15000,15000,1,-1,78.0625,78.0625,0
1786402208842,15000,die0,15000,15000,1,-1,77.9375,77.9375,0
1786402208942,15000,die0,15000,15000,1,-1,77.9375,77.9375,0
1786402209042,15000,die0,15000,15000,1,-1,77.9375,77.9375,0
1786402209142,15000,die0,15000,15000,1,-1,77.9375,77.9375,0
1786402209242,15000,die0,15000,15000,1,-1,77.9375,77.9375,0
1786402209342,15000,die0,15000,15000,1,-1,77.9375,77.9375,0
1786402209442,15000,die0,15000,15000,1,-1,77.9375,77.9375,0
1786402209542,15000,die0,15000,15000,1,-1,77.9375,77.9375,0
1786402209642,15000,die0,15000,15000,1,-1,77.9375,77.9375,0
1786402209742,15000,die0,15000,15000,1,-1,77.9375,77.9375,0
1786402209842,15000,die0,15000,15000,1,-1,77.8125,77.8125,0
1786402209942,15000,die0,15000,15000,1,-1,77.8125,77.8125,0
1786402210042,15000,die0,15000,15000,1,-1,77.8125,77.8125,0
1786402210142,15000,die0,15000,15000,1,-1,77.8125,77.8125,0
1786402210242,15000,die0,15000,15000,1,-1,77.8125,77.8125,0
1786402210342,15000,die0,15000,15000,1,-1,77.8125,77.8125,0
1786402210442,15000,die0,15000,15000,1,-1,77.8125,77.8125,0
1786402210542,15000,die0,15000,15000,1,-1,77.8125,77.8125,0
1786402210642,15000,die0,15000,15000,1,-1,77.8125,77.8125,0
1786402210742,15000,die0,15000,15000,1,-1,77.8125,77.8125,0
1786402210842,15000,die0,15000,15000,1,-1,77.75,77.75,0
1786402210942,15000,die0,15000,15000,1,-1,77.75,77.75,0
1786402211042,15000,die0,15000,15000,1,-1,77.75,77.75,0
1786402211142,15000,die0,15000,15000,1,-1,77.75,77.75,0
1786402211242,15000,die0,15000,15000,1,-1,77.75,77.75,0
1786402211342,15000,die0,15000,15000,1,-1,77.75,77.75,0
1786402211442,15000,die0,15000,15000,1,-1,77.75,77.75,0
1786402211542,15000,die0,15000,15000,1,-1,77.75,77.75,0
1786402211642,15000,die0,15000,15000,1,-1,77.75,77.75,0
1786402211742,15000,die0,15000,15000,1,-1,77.75,77.75,0
1786402211842,15000,die0,15000,15000,1,-1,77.75,77.75,0
1786402211942,15000,die0,15000,15000,1,-1,77.75,77.75,0
1786402212042,15000,die0,15000,15000,1,-1,77.75,77.75,0
1786402212142,15000,die0,15000,15000,1,-1,77.75,77.75,0
1786402212242,15000,die0,15000,15000,1,-1,77.75,77.75,0
1786402212342,15000,die0,15000,15000,1,-1,77.75,77.75,0
1786402212442,15000,die0,15000,15000,1,-1,77.75,77.75,0
1786402212542,15000,die0,15000,15000,1,-1,77.75,77.75,0
1786402212642,15000,die0,15000,15000,1,-1,77.75,77.75,0
1786402212742,15000,die0,15000,15000,1,-1,77.75,77.75,0
1786402212842,15000,die0,15000,15000,1,-1,77.625,77.625,0
1786402212942,15000,die0,15000,15000,1,-1,77.625,77.625,0
1786402213042,15000,die0,15000,15000,1,-1,77.625,77.625,0
1786402213142,15000,die0,15000,15000,1,-1,77.625,77.625,0
1786402213242,15000,die0,15000,15000,1,-1,77.625,77.625,0
1786402213342,15000,die0,15000,15000,1,-1,77.625,77.625,0
1786402213442,15000,die0,15000,15000,1,-1,77.625,77.625,0
1786402213542,15000,die0,15000,15000,1,-1,77.625,77.625,0
1786402213642,15000,die0,15000,15000,1,-1,77.625,77.625,0
1786402213742,15000,die0,15000,15000,1,-1,77.625,77.625,0
1786402213842,15000,die0,15000,15000,1,-1,77.5,77.5,0
1786402213942,15000,die0,15000,15000,1,-1,77.5,77.5,0
1786402214042,15000,die0,15000,15000,1,-1,77.5,77.5,0
1786402214142,15000,die0,15000,15000,1,-1,77.5,77.5,0
1786402214242,15000,die0,15000,15000,1,-1,77.5,77.5,0
1786402214342,15000,die0,15000,15000,1,-1,77.5,77.5,0
1786402214442,15000,die0,15000,15000,1,-1,77.5,77.5,0
1786402214542,15000,die0,15000,15000,1,-1,77.5,77.5,0
1786402214642,15000,die0,15000,15000,1,-1,77.5,77.5,0
1786402214742,15000,die0,15000,15000,1,-1,77.5,77.5,0
1786402214842,15000,die0,15000,15000,1,-1,77.375,77.375,0
1786402214942,15000,die0,15000,15000,1,-1,77.375,77.375,0
1786402215042,15000,die0,15000,15000,1,-1,77.375,77.375,0
1786402215142,15000,die0,15000,15000,1,-1,77.375,77.375,0
1786402215242,15000,die0,15000,15000,1,-1,77.375,77.375,0
1786402215342,15000,die0,15000,15000,1,-1,77.375,77.375,0
1786402215442,15000,die0,15000,15000,1,-1,77.375,77.375,0
1786402215542,15000,die0,15000,15000,1,-1,77.375,77.375,0
1786402215642,15000,die0,15000,15000,1,-1,77.375,77.375,0
1786402215742,15000,die0,15000,15000,1,-1,77.375,77.375,0
1786402215842,15000,die0,15000,15000,1,-1,77.3125,77.3125,0
1786402215942,15000,die0,15000,15000,1,-1,77.3125,77.3125,0
1786402216042,15000,die0,15000,15000,1,-1,77.3125,77.3125,0
1786402216142,15000,die0,15000,15000,1,-1,77.3125,77.3125,0
1786402216242,15000,die0,15000,15000,1,-1,77.3125,77.3125,0
1786402216343,15000,die0,15000,15000,1,-1,77.3125,77.3125,0
1786402216442,15000,die0,15000,15000,1,-1,77.3125,77.3125,0
1786402216542,15000,die0,15000,15000,1,-1,77.3125,77.3125,0
1786402216642,15000,die0,15000,15000,1,-1,77.3125,77.3125,0
1786402216742,15000,die0,15000,15000,1,-1,77.3125,77.3125,0
1786402216842,15000,die0,15000,15000,1,-1,77.125,77.125,0
1786402216942,15000,die0,15000,15000,1,-1,77.125,77.125,0
1786402217042,15000,die0,15000,15000,1,-1,77.125,77.125,0
1786402217142,15000,die0,15000,15000,1,-1,77.125,77.125,0
1786402217242,15000,die0,15000,15000,1,-1,77.125,77.125,0
1786402217342,15000,die0,15000,15000,1,-1,77.125,77.125,0
1786402217442,15000,die0,15000,15000,1,-1,77.125,77.125,0
1786402217542,15000,die0,15000,15000,1,-1,77.125,77.125,0
1786402217642,15000,die0,15000,15000,1,-1,77.125,77.125,0
1786402217742,15000,die0,15000,15000,1,-1,77.125,77.125,0
1786402217842,15000,die0,15000,15000,1,-1,77,77,0
1786402217942,15000,die0,15000,15000,1,-1,77,77,0
1786402218042,15000,die0,15000,15000,1,-1,77,77,0
1786402218142,15000,die0,15000,15000,1,-1,77,77,0
1786402218242,15000,die0,15000,15000,1,-1,77,77,0
1786402218342,15000,die0,15000,15000,1,-1,77,77,0
1786402218442,15000,die0,15000,15000,1,-1,77,77,0
1786402218542,15000,die0,15000,15000,1,-1,77,77,0
1786402218642,15000,die0,15000,15000,1,-1,77,77,0
1786402218742,15000,die0,15000,15000,1,-1,77,77,0
1786402218842,15000,die0,15000,15000,1,-1,77,77,0
1786402218942,15000,die0,15000,15000,1,-1,77,77,0
1786402219042,15000,die0,15000,15000,1,-1,77,77,0
1786402219143,15000,die0,15000,15000,1,-1,77,77,0
1786402219242,15000,die0,15000,15000,1,-1,77,77,0
1786402219342,15000,die0,15000,15000,1,-1,77,77,0
1786402219442,15000,die0,15000,15000,1,-1,77,77,0
1786402219542,15000,die0,15000,15000,1,-1,77,77,0
1786402219642,15000,die0,15000,15000,1,-1,77,77,0
1786402219742,15000,die0,15000,15000,1,-1,77,77,0
1786402219842,15000,die0,15000,15000,1,-1,76.9375,76.9375,0
1786402219942,15000,die0,15000,15000,1,-1,76.9375,76.9375,0
1786402220042,15000,die0,15000,15000,1,-1,76.9375,76.9375,0
1786402220142,15000,die0,15000,15000,1,-1,76.9375,76.9375,0
1786402220242,15000,die0,15000,15000,1,-1,76.9375,76.9375,0
1786402220342,15000,die0,15000,15000,1,-1,76.9375,76.9375,0
1786402220442,15000,die0,15000,15000,1,-1,76.9375,76.9375,0
1786402220542,15000,die0,15000,15000,1,-1,76.9375,76.9375,0
1786402220642,15000,die0,15000,15000,1,-1,76.9375,76.9375,0
1786402220742,15000,die0,15000,15000,1,-1,76.9375,76.9375,0
1786402220842,15000,die0,15000,15000,1,-1,76.8125,76.8125,0
1786402220946,15000,die0,15000,15000,1,-1,76.8125,76.8125,0
1786402221042,15000,die0,15000,15000,1,-1,76.8125,76.8125,0
1786402221142,15000,die0,15000,15000,1,-1,76.8125,76.8125,0
1786402221242,15000,die0,15000,15000,1,-1,76.8125,76.8125,0
1786402221342,15000,die0,15000,15000,1,-1,76.8125,76.8125,0
1786402221442,15000,die0,15000,15000,1,-1,76.8125,76.8125,0
1786402221542,15000,die0,15000,15000,1,-1,76.8125,76.8125,0
1786402221642,15000,die0,15000,15000,1,-1,76.8125,76.8125,0
1786402221742,15000,die0,15000,15000,1,-1,76.8125,76.8125,0
1786402221842,15000,die0,15000,15000,1,-1,76.75,76.75,0
1786402221942,15000,die0,15000,15000,1,-1,76.75,76.75,0
1786402222042,15000,die0,15000,15000,1,-1,76.75,76.75,0
1786402222142,15000,die0,15000,15000,1,-1,76.75,76.75,0
1786402222242,15000,die0,15000,15000,1,-1,76.75,76.75,0
1786402222343,15000,die0,15000,15000,1,-1,76.75,76.75,0
1786402222442,15000,die0,15000,15000,1,-1,76.75,76.75,0
1786402222542,15000,die0,15000,15000,1,-1,76.75,76.75,0
1786402222642,15000,die0,15000,15000,1,-1,76.75,76.75,0
1786402222742,15000,die0,15000,15000,1,-1,76.75,76.75,0
1786402222842,15000,die0,15000,15000,1,-1,76.75,76.75,0
1786402222942,15000,die0,15000,15000,1,-1,76.75,76.75,0
1786402223042,15000,die0,15000,15000,1,-1,76.75,76.75,0
1786402223142,15000,die0,15000,15000,1,-1,76.75,76.75,0
1786402223242,15000,die0,15000,15000,1,-1,76.75,76.75,0
1786402223342,15000,die0,15000,15000,1,-1,76.75,76.75,0
1786402223442,15000,die0,15000,15000,1,-1,76.75,76.75,0
1786402223542,15000,die0,15000,15000,1,-1,76.75,76.75,0
1786402223642,15000,die0,15000,15000,1,-1,76.75,76.75,0
1786402223742,15000,die0,15000,15000,1,-1,76.75,76.75,0
1786402223842,15000,die0,15000,15000,1,-1,76.625,76.625,0
1786402223942,15000,die0,15000,15000,1,-1,76.625,76.625,0
1786402224042,15000,die0,15000,15000,1,-1,76.625,76.625,0
1786402224142,15000,die0,15000,15000,1,-1,76.625,76.625,0
1786402224242,15000,die0,15000,15000,1,-1,76.625,76.625,0
1786402224342,15000,die0,15000,15000,1,-1,76.625,76.625,0
1786402224442,15000,die0,15000,15000,1,-1,76.625,76.625,0
1786402224542,15000,die0,15000,15000,1,-1,76.625,76.625,0
1786402224642,15000,die0,15000,15000,1,-1,76.625,76.625,0
1786402224742,15000,die0,15000,15000,1,-1,76.625,76.625,0
1786402224842,15000,die0,15000,15000,1,-1,76.5625,76.5625,0
1786402224942,15000,die0,15000,15000,1,-1,76.5625,76.5625,0
1786402225042,15000,die0,15000,15000,1,-1,76.5625,76.5625,0
1786402225142,15000,die0,15000,15000,1,-1,76.5625,76.5625,0
1786402225242,15000,die0,15000,15000,1,-1,76.5625,76.5625,0
1786402225342,15000,die0,15000,15000,1,-1,76.5625,76.5625,0
1786402225442,15000,die0,15000,15000,1,-1,76.5625,76.5625,0
1786402225542,15000,die0,15000,15000,1,-1,76.5625,76.5625,0
1786402225642,15000,die0,15000,15000,1,-1,76.5625,76.5625,0
1786402225742,15000,die0,15000,15000,1,-1,76.5625,76.5625,0
1786402225842,15000,die0,15000,15000,1,-1,76.5,76.5,0
1786402225942,15000,die0,15000,15000,1,-1,76.5,76.5,0
1786402226042,15000,die0,15000,15000,1,-1,76.5,76.5,0
1786402226142,15000,die0,15000,15000,1,-1,76.5,76.5,0
1786402226242,15000,die0,15000,15000,1,-1,76.5,76.5,0
1786402226342,15000,die0,15000,15000,1,-1,76.5,76.5,0
1786402226442,15000,die0,15000,15000,1,-1,76.5,76.5,0
1786402226542,15000,die0,15000,15000,1,-1,76.5,76.5,0
1786402226642,15000,die0,15000,15000,1,-1,76.5,76.5,0
1786402226742,15000,die0,15000,15000,1,-1,76.5,76.5,0
1786402226842,15000,die0,15000,15000,1,-1,76.375,76.375,0
1786402226942,15000,die0,15000,15000,1,-1,76.375,76.375,0
1786402227042,15000,die0,15000,15000,1,-1,76.375,76.375,0
1786402227142,15000,die0,15000,15000,1,-1,76.375,76.375,0
1786402227242,15000,die0,15000,15000,1,-1,76.375,76.375,0
1786402227343,15000,die0,15000,15000,1,-1,76.375,76.375,0
1786402227443,15000,die0,15000,15000,1,-1,76.375,76.375,0
1786402227542,15000,die0,15000,15000,1,-1,76.375,76.375,0
1786402227642,15000,die0,15000,15000,1,-1,76.375,76.375,0
1786402227742,15000,die0,15000,15000,1,-1,76.375,76.375,0
1786402227842,15000,die0,15000,15000,1,-1,76.3125,76.3125,0
1786402227942,15000,die0,15000,15000,1,-1,76.3125,76.3125,0
1786402228042,15000,die0,15000,15000,1,-1,76.3125,76.3125,0
1786402228142,15000,die0,15000,15000,1,-1,76.3125,76.3125,0
1786402228242,15000,die0,15000,15000,1,-1,76.3125,76.3125,0
1786402228342,15000,die0,15000,15000,1,-1,76.3125,76.3125,0
1786402228442,15000,die0,15000,15000,1,-1,76.3125,76.3125,0
1786402228542,15000,die0,15000,15000,1,-1,76.3125,76.3125,0
1786402228642,15000,die0,15000,15000,1,-1,76.3125,76.3125,0
1786402228742,15000,die0,15000,15000,1,-1,76.3125,76.3125,0
1786402228842,15000,die0,15000,15000,1,-1,76.25,76.25,0
1786402228942,15000,die0,15000,15000,1,-1,76.25,76.25,0
1786402229042,15000,die0,15000,15000,1,-1,76.25,76.25,0
1786402229142,15000,die0,15000,15000,1,-1,76.25,76.25,0
1786402229242,15000,die0,15000,15000,1,-1,76.25,76.25,0
1786402229342,15000,die0,15000,15000,1,-1,76.25,76.25,0
1786402229442,15000,die0,15000,15000,1,-1,76.25,76.25,0
1786402229542,15000,die0,15000,15000,1,-1,76.25,76.25,0
1786402229642,15000,die0,15000,15000,1,-1,76.25,76.25,0
1786402229742,15000,die0,15000,15000,1,-1,76.25,76.25,0
1786402229842,15000,die0,15000,15000,1,-1,76.1875,76.1875,0
1786402229942,15000,die0,15000,15000,1,-1,76.1875,76.1875,0
1786402230042,15000,die0,15000,15000,1,-1,76.1875,76.1875,0
1786402230142,15000,die0,15000,15000,1,-1,76.1875,76.1875,0
1786402230242,15000,die0,15000,15000,1,-1,76.1875,76.1875,0
1786402230342,15000,die0,15000,15000,1,-1,76.1875,76.1875,0
1786402230442,15000,die0,15000,15000,1,-1,76.1875,76.1875,0
1786402230542,15000,die0,15000,15000,1,-1,76.1875,76.1875,0
1786402230642,15000,die0,15000,15000,1,-1,76.1875,76.1875,0
1786402230742,15000,die0,15000,15000,1,-1,76.1875,76.1875,0
1786402230842,15000,die0,15000,15000,1,-1,76.0625,76.0625,0
1786402230942,15000,die0,15000,15000,1,-1,76.0625,76.0625,0
1786402231042,15000,die0,15000,15000,1,-1,76.0625,76.0625,0
1786402231142,15000,die0,15000,15000,1,-1,76.0625,76.0625,0
1786402231242,15000,die0,15000,15000,1,-1,76.0625,76.0625,0
1786402231342,15000,die0,15000,15000,1,-1,76.0625,76.0625,0
1786402231442,15000,die0,15000,15000,1,-1,76.0625,76.0625,0
1786402231542,15000,die0,15000,15000,1,-1,76.0625,76.0625,0
1786402231642,15000,die0,15000,15000,1,-1,76.0625,76.0625,0
1786402231742,15000,die0,15000,15000,1,-1,76.0625,76.0625,0
1786402231842,15000,die0,15000,15000,1,-1,76,76,0
1786402231942,15000,die0,15000,15000,1,-1,76,76,0
1786402232042,15000,die0,15000,15000,1,-1,76,76,0
1786402232142,15000,die0,15000,15000,1,-1,76,76,0
1786402232242,15000,die0,15000,15000,1,-1,76,76,0
1786402232342,15000,die0,15000,15000,1,-1,76,76,0
1786402232442,15000,die0,15000,15000,1,-1,76,76,0
1786402232542,15000,die0,15000,15000,1,-1,76,76,0
1786402232642,15000,die0,15000,15000,1,-1,76,76,0
1786402232742,15000,die0,15000,15000,1,-1,76,76,0
1786402232842,15000,die0,15000,15000,1,-1,76,76,0
1786402232942,15000,die0,15000,15000,1,-1,76,76,0
1786402233043,15000,die0,15000,15000,1,-1,76,76,0
1786402233142,15000,die0,15000,15000,1,-1,76,76,0
1786402233242,15000,die0,15000,15000,1,-1,76,76,0
1786402233342,15000,die0,15000,15000,1,-1,76,76,0
1786402233442,15000,die0,15000,15000,1,-1,76,76,0
1786402233542,15000,die0,15000,15000,1,-1,76,76,0
1786402233642,15000,die0,15000,15000,1,-1,76,76,0
1786402233742,15000,die0,15000,15000,1,-1,76,76,0
1786402233842,15000,die0,15000,15000,1,-1,75.875,75.875,0
1786402233942,15000,die0,15000,15000,1,-1,75.875,75.875,0
1786402234042,15000,die0,15000,15000,1,-1,75.875,75.875,0
1786402234142,15000,die0,15000,15000,1,-1,75.875,75.875,0
1786402234242,15000,die0,15000,15000,1,-1,75.875,75.875,0
1786402234342,15000,die0,15000,15000,1,-1,75.875,75.875,0
1786402234442,15000,die0,15000,15000,1,-1,75.875,75.875,0
1786402234542,15000,die0,15000,15000,1,-1,75.875,75.875,0
1786402234642,15000,die0,15000,15000,1,-1,75.875,75.875,0
1786402234742,15000,die0,15000,15000,1,-1,75.875,75.875,0
1786402234842,15000,die0,15000,15000,1,-1,75.6875,75.6875,0
1786402234942,15000,die0,15000,15000,1,-1,75.6875,75.6875,0
1786402235042,15000,die0,15000,15000,1,-1,75.6875,75.6875,0
1786402235142,15000,die0,15000,15000,1,-1,75.6875,75.6875,0
1786402235242,15000,die0,15000,15000,1,-1,75.6875,75.6875,0
1786402235342,15000,die0,15000,15000,1,-1,75.6875,75.6875,0
1786402235442,15000,die0,15000,15000,1,-1,75.6875,75.6875,0
1786402235542,15000,die0,15000,15000,1,-1,75.6875,75.6875,0
1786402235642,15000,die0,15000,15000,1,-1,75.6875,75.6875,0
1786402235742,15000,die0,15000,15000,1,-1,75.6875,75.6875,0
1786402235842,15000,die0,15000,15000,1,-1,75.8125,75.8125,0
1786402235942,15000,die0,15000,15000,1,-1,75.8125,75.8125,0
1786402236042,15000,die0,15000,15000,1,-1,75.8125,75.8125,0
1786402236142,15000,die0,15000,15000,1,-1,75.8125,75.8125,0
1786402236242,15000,die0,15000,15000,1,-1,75.8125,75.8125,0
1786402236342,15000,die0,15000,15000,1,-1,75.8125,75.8125,0
1786402236442,15000,die0,15000,15000,1,-1,75.8125,75.8125,0
1786402236542,15000,die0,15000,15000,1,-1,75.8125,75.8125,0
1786402236642,15000,die0,15000,15000,1,-1,75.8125,75.8125,0
1786402236742,15000,die0,15000,15000,1,-1,75.8125,75.8125,0
1786402236842,15000,die0,15000,15000,1,-1,75.6875,75.6875,0
1786402236942,15000,die0,15000,15000,1,-1,75.6875,75.6875,0
1786402237042,15000,die0,15000,15000,1,-1,75.6875,75.6875,0
1786402237142,15000,die0,15000,15000,1,-1,75.6875,75.6875,0
1786402237242,15000,die0,15000,15000,1,-1,75.6875,75.6875,0
1786402237342,15000,die0,15000,15000,1,-1,75.6875,75.6875,0
1786402237442,15000,die0,15000,15000,1,-1,75.6875,75.6875,0
1786402237542,15000,die0,15000,15000,1,-1,75.6875,75.6875,0
1786402237642,15000,die0,15000,15000,1,-1,75.6875,75.6875,0
1786402237742,15000,die0,15000,15000,1,-1,75.6875,75.6875,0
1786402237843,15000,die0,15000,15000,1,-1,75.625,75.625,0
1786402237942,15000,die0,15000,15000,1,-1,75.625,75.625,0
1786402238042,15000,die0,15000,15000,1,-1,75.625,75.625,0
1786402238142,15000,die0,15000,15000,1,-1,75.625,75.625,0
1786402238242,15000,die0,15000,15000,1,-1,75.625,75.625,0
1786402238342,15000,die0,15000,15000,1,-1,75.625,75.625,0
1786402238442,15000,die0,15000,15000,1,-1,75.625,75.625,0
1786402238542,15000,die0,15000,15000,1,-1,75.625,75.625,0
1786402238642,15000,die0,15000,15000,1,-1,75.625,75.625,0
1786402238742,15000,die0,15000,15000,1,-1,75.625,75.625,0
1786402238842,15000,die0,15000,15000,1,-1,75.5,75.5,0
1786402238942,15000,die0,15000,15000,1,-1,75.5,75.5,0
1786402239042,15000,die0,15000,15000,1,-1,75.5,75.5,0
1786402239142,15000,die0,15000,15000,1,-1,75.5,75.5,0
1786402239242,15000,die0,15000,15000,1,-1,75.5,75.5,0
1786402239343,15000,die0,15000,15000,1,-1,75.5,75.5,0
1786402239442,15000,die0,15000,15000,1,-1,75.5,75.5,0
1786402239542,15000,die0,15000,15000,1,-1,75.5,75.5,0
1786402239642,15000,die0,15000,15000,1,-1,75.5,75.5,0
1786402239742,15000,die0,15000,15000,1,-1,75.5,75.5,0
1786402239842,15000,die0,15000,15000,1,-1,75.5,75.5,0
1786402239942,15000,die0,15000,15000,1,-1,75.5,75.5,0
1786402240042,15000,die0,15000,15000,1,-1,75.5,75.5,0
1786402240142,15000,die0,15000,15000,1,-1,75.5,75.5,0
1786402240242,15000,die0,15000,15000,1,-1,75.5,75.5,0
1786402240342,15000,die0,15000,15000,1,-1,75.5,75.5,0
1786402240442,15000,die0,15000,15000,1,-1,75.5,75.5,0
1786402240542,15000,die0,15000,15000,1,-1,75.5,75.5,0
1786402240642,15000,die0,15000,15000,1,-1,75.5,75.5,0
1786402240742,15000,die0,15000,15000,1,-1,75.5,75.5,0
1786402240842,15000,die0,15000,15000,1,-1,75.5,75.5,0
1786402240942,15000,die0,15000,15000,1,-1,75.5,75.5,0
1786402241042,15000,die0,15000,15000,1,-1,75.5,75.5,0
1786402241142,15000,die0,15000,15000,1,-1,75.5,75.5,0
1786402241242,15000,die0,15000,15000,1,-1,75.5,75.5,0
1786402241342,15000,die0,15000,15000,1,-1,75.5,75.5,0
1786402241442,15000,die0,15000,15000,1,-1,75.5,75.5,0
1786402241542,15000,die0,15000,15000,1,-1,75.5,75.5,0
1786402241642,15000,die0,15000,15000,1,-1,75.5,75.5,0
1786402241742,15000,die0,15000,15000,1,-1,75.5,75.5,0
1786402241842,15000,die0,15000,15000,1,-1,75.4375,75.4375,0
1786402241942,15000,die0,15000,15000,1,-1,75.4375,75.4375,0
1786402242042,15000,die0,15000,15000,1,-1,75.4375,75.4375,0
1786402242143,15000,die0,15000,15000,1,-1,75.4375,75.4375,0
1786402242242,15000,die0,15000,15000,1,-1,75.4375,75.4375,0
1786402242342,15000,die0,15000,15000,1,-1,75.4375,75.4375,0
1786402242442,15000,die0,15000,15000,1,-1,75.4375,75.4375,0
1786402242542,15000,die0,15000,15000,1,-1,75.4375,75.4375,0
1786402242642,15000,die0,15000,15000,1,-1,75.4375,75.4375,0
1786402242742,15000,die0,15000,15000,1,-1,75.4375,75.4375,0
1786402242842,15000,die0,15000,15000,1,-1,75.375,75.375,0
1786402242942,15000,die0,15000,15000,1,-1,75.375,75.375,0
1786402243042,15000,die0,15000,15000,1,-1,75.375,75.375,0
1786402243142,15000,die0,15000,15000,1,-1,75.375,75.375,0
1786402243242,15000,die0,15000,15000,1,-1,75.375,75.375,0
1786402243342,15000,die0,15000,15000,1,-1,75.375,75.375,0
1786402243442,15000,die0,15000,15000,1,-1,75.375,75.375,0
1786402243542,15000,die0,15000,15000,1,-1,75.375,75.375,0
1786402243642,15000,die0,15000,15000,1,-1,75.375,75.375,0
1786402243742,15000,die0,15000,15000,1,-1,75.375,75.375,0
1786402243842,15000,die0,15000,15000,1,-1,75.25,75.25,0
1786402243942,15000,die0,15000,15000,1,-1,75.25,75.25,0
1786402244042,15000,die0,15000,15000,1,-1,75.25,75.25,0
1786402244142,15000,die0,15000,15000,1,-1,75.25,75.25,0
1786402244242,15000,die0,15000,15000,1,-1,75.25,75.25,0
1786402244342,15000,die0,15000,15000,1,-1,75.25,75.25,0
1786402244442,15000,die0,15000,15000,1,-1,75.25,75.25,0
1786402244542,15000,die0,15000,15000,1,-1,75.25,75.25,0
1786402244642,15000,die0,15000,15000,1,-1,75.25,75.25,0
1786402244742,15000,die0,15000,15000,1,-1,75.25,75.25,0
1786402244842,15000,die0,15000,15000,1,-1,75.125,75.125,0
1786402244942,15000,die0,15000,15000,1,-1,75.125,75.125,0
1786402245042,15000,die0,15000,15000,1,-1,75.125,75.125,0
1786402245142,15000,die0,15000,15000,1,-1,75.125,75.125,0
1786402245242,15000,die0,15000,15000,1,-1,75.125,75.125,0
1786402245342,15000,die0,15000,15000,1,-1,75.125,75.125,0
1786402245442,15000,die0,15000,15000,1,-1,75.125,75.125,0
1786402245542,15000,die0,15000,15000,1,-1,75.125,75.125,0
1786402245642,15000,die0,15000,15000,1,-1,75.125,75.125,0
1786402245742,15000,die0,15000,15000,1,-1,75.125,75.125,0
1786402245842,15000,die0,15000,15000,1,-1,75.25,75.25,0
1786402245942,15000,die0,15000,15000,1,-1,75.25,75.25,0
1786402246042,15000,die0,15000,15000,1,-1,75.25,75.25,0
1786402246142,15000,die0,15000,15000,1,-1,75.25,75.25,0
1786402246242,15000,die0,15000,15000,1,-1,75.25,75.25,0
1786402246346,15000,die0,15000,15000,1,-1,75.25,75.25,0
1786402246442,15000,die0,15000,15000,1,-1,75.25,75.25,0
1786402246542,15000,die0,15000,15000,1,-1,75.25,75.25,0
1786402246642,15000,die0,15000,15000,1,-1,75.25,75.25,0
1786402246742,15000,die0,15000,15000,1,-1,75.25,75.25,0
1786402246842,15000,die0,15000,15000,1,-1,75.1875,75.1875,0
1786402246942,15000,die0,15000,15000,1,-1,75.1875,75.1875,0
1786402247042,15000,die0,15000,15000,1,-1,75.1875,75.1875,0
1786402247142,15000,die0,15000,15000,1,-1,75.1875,75.1875,0
1786402247242,15000,die0,15000,15000,1,-1,75.1875,75.1875,0
1786402247342,15000,die0,15000,15000,1,-1,75.1875,75.1875,0
1786402247442,15000,die0,15000,15000,1,-1,75.1875,75.1875,0
1786402247542,15000,die0,15000,15000,1,-1,75.1875,75.1875,0
1786402247642,15000,die0,15000,15000,1,-1,75.1875,75.1875,0
1786402247742,15000,die0,15000,15000,1,-1,75.1875,75.1875,0
1786402247842,15000,die0,15000,15000,1,-1,75,75,0
1786402247942,15000,die0,15000,15000,1,-1,75,75,0
1786402248042,15000,die0,15000,15000,1,-1,75,75,0
1786402248142,15000,die0,15000,15000,1,-1,75,75,0
1786402248242,15000,die0,15000,15000,1,-1,75,75,0
1786402248342,15000,die0,15000,15000,1,-1,75,75,0
1786402248442,15000,die0,15000,15000,1,-1,75,75,0
1786402248542,15000,die0,15000,15000,1,-1,75,75,0
1786402248642,15000,die0,15000,15000,1,-1,75,75,0
1786402248742,15000,die0,15000,15000,1,-1,75,75,0
1786402248842,15000,die0,15000,15000,1,-1,75.0625,75.0625,0
1786402248942,15000,die0,15000,15000,1,-1,75.0625,75.0625,0
1786402249042,15000,die0,15000,15000,1,-1,75.0625,75.0625,0
1786402249142,15000,die0,15000,15000,1,-1,75.0625,75.0625,0
1786402249242,15000,die0,15000,15000,1,-1,75.0625,75.0625,0
1786402249342,15000,die0,15000,15000,1,-1,75.0625,75.0625,0
1786402249442,15000,die0,15000,15000,1,-1,75.0625,75.0625,0
1786402249542,15000,die0,15000,15000,1,-1,75.0625,75.0625,0
1786402249642,15000,die0,15000,15000,1,-1,75.0625,75.0625,0
1786402249742,15000,die0,15000,15000,1,-1,75.0625,75.0625,0
1786402249842,15000,die0,15000,15000,1,-1,75.125,75.125,0
1786402249942,15000,die0,15000,15000,1,-1,75.125,75.125,0
1786402250042,15000,die0,15000,15000,1,-1,75.125,75.125,0
1786402250142,15000,die0,15000,15000,1,-1,75.125,75.125,0
1786402250242,15000,die0,15000,15000,1,-1,75.125,75.125,0
1786402250342,15000,die0,15000,15000,1,-1,75.125,75.125,0
1786402250443,15000,die0,15000,15000,1,-1,75.125,75.125,0
1786402250542,15000,die0,15000,15000,1,-1,75.125,75.125,0
1786402250642,15000,die0,15000,15000,1,-1,75.125,75.125,0
1786402250742,15000,die0,15000,15000,1,-1,75.125,75.125,0
1786402250842,15000,die0,15000,15000,1,-1,75,75,0
1786402250942,15000,die0,15000,15000,1,-1,75,75,0
1786402251042,15000,die0,15000,15000,1,-1,75,75,0
1786402251142,15000,die0,15000,15000,1,-1,75,75,0
1786402251242,15000,die0,15000,15000,1,-1,75,75,0
1786402251342,15000,die0,15000,15000,1,-1,75,75,0
1786402251442,15000,die0,15000,15000,1,-1,75,75,0
1786402251542,15000,die0,15000,15000,1,-1,75,75,0
1786402251642,15000,die0,15000,15000,1,-1,75,75,0
1786402251742,15000,die0,15000,15000,1,-1,75,75,0
1786402251842,15000,die0,15000,15000,1,-1,74.875,74.875,0
1786402251942,15000,die0,15000,15000,1,-1,74.875,74.875,0
1786402252042,15000,die0,15000,15000,1,-1,74.875,74.875,0
1786402252142,15000,die0,15000,15000,1,-1,74.875,74.875,0
1786402252242,15000,die0,15000,15000,1,-1,74.875,74.875,0
1786402252342,15000,die0,15000,15000,1,-1,74.875,74.875,0
1786402252442,15000,die0,15000,15000,1,-1,74.875,74.875,0
1786402252542,15000,die0,15000,15000,1,-1,74.875,74.875,0
1786402252642,15000,die0,15000,15000,1,-1,74.875,74.875,0
1786402252742,15000,die0,15000,15000,1,-1,74.875,74.875,0
1786402252842,15000,die0,15000,15000,1,-1,74.9375,74.9375,0
1786402252942,15000,die0,15000,15000,1,-1,74.9375,74.9375,0
1786402253042,15000,die0,15000,15000,1,-1,74.9375,74.9375,0
1786402253142,15000,die0,15000,15000,1,-1,74.9375,74.9375,0
1786402253242,15000,die0,15000,15000,1,-1,74.9375,74.9375,0
1786402253342,15000,die0,15000,15000,1,-1,74.9375,74.9375,0
1786402253442,15000,die0,15000,15000,1,-1,74.9375,74.9375,0
1786402253542,15000,die0,15000,15000,1,-1,74.9375,74.9375,0
1786402253643,15000,die0,15000,15000,1,-1,74.9375,74.9375,0
1786402253742,15000,die0,15000,15000,1,-1,74.9375,74.9375,0
1786402253842,15000,die0,15000,15000,1,-1,74.875,74.875,0
1786402253942,15000,die0,15000,15000,1,-1,74.875,74.875,0
1786402254042,15000,die0,15000,15000,1,-1,74.875,74.875,0
1786402254142,15000,die0,15000,15000,1,-1,74.875,74.875,0
1786402254242,15000,die0,15000,15000,1,-1,74.875,74.875,0
1786402254342,15000,die0,15000,15000,1,-1,74.875,74.875,0
1786402254443,15000,die0,15000,15000,1,-1,74.875,74.875,0
1786402254546,15000,die0,15000,15000,1,-1,74.875,74.875,0
1786402254642,15000,die0,15000,15000,1,-1,74.875,74.875,0
1786402254742,15000,die0,15000,15000,1,-1,74.875,74.875,0
1786402254842,15000,die0,15000,15000,1,-1,74.75,74.75,0
1786402254942,15000,die0,15000,15000,1,-1,74.75,74.75,0
1786402255042,15000,die0,15000,15000,1,-1,74.75,74.75,0
1786402255142,15000,die0,15000,15000,1,-1,74.75,74.75,0
1786402255242,15000,die0,15000,15000,1,-1,74.75,74.75,0
1786402255342,15000,die0,15000,15000,1,-1,74.75,74.75,0
1786402255442,15000,die0,15000,15000,1,-1,74.75,74.75,0
1786402255542,15000,die0,15000,15000,1,-1,74.75,74.75,0
1786402255642,15000,die0,15000,15000,1,-1,74.75,74.75,0
1786402255742,15000,die0,15000,15000,1,-1,74.75,74.75,0
1786402255842,15000,die0,15000,15000,1,-1,74.75,74.75,0
1786402255942,15000,die0,15000,15000,1,-1,74.75,74.75,0
1786402256042,15000,die0,15000,15000,1,-1,74.75,74.75,0
1786402256142,15000,die0,15000,15000,1,-1,74.75,74.75,0
1786402256242,15000,die0,15000,15000,1,-1,74.75,74.75,0
1786402256342,15000,die0,15000,15000,1,-1,74.75,74.75,0
1786402256442,15000,die0,15000,15000,1,-1,74.75,74.75,0
1786402256542,15000,die0,15000,15000,1,-1,74.75,74.75,0
1786402256642,15000,die0,15000,15000,1,-1,74.75,74.75,0
1786402256742,15000,die0,15000,15000,1,-1,74.75,74.75,0
1786402256842,15000,die0,15000,15000,1,-1,74.6875,74.6875,0
1786402256942,15000,die0,15000,15000,1,-1,74.6875,74.6875,0
1786402257042,15000,die0,15000,15000,1,-1,74.6875,74.6875,0
1786402257142,15000,die0,15000,15000,1,-1,74.6875,74.6875,0
1786402257242,15000,die0,15000,15000,1,-1,74.6875,74.6875,0
1786402257342,15000,die0,15000,15000,1,-1,74.6875,74.6875,0
1786402257442,15000,die0,15000,15000,1,-1,74.6875,74.6875,0
1786402257542,15000,die0,15000,15000,1,-1,74.6875,74.6875,0
1786402257642,15000,die0,15000,15000,1,-1,74.6875,74.6875,0
1786402257742,15000,die0,15000,15000,1,-1,74.6875,74.6875,0
1786402257842,15000,die0,15000,15000,1,-1,74.6875,74.6875,0
1786402257942,15000,die0,15000,15000,1,-1,74.6875,74.6875,0
1786402258042,15000,die0,15000,15000,1,-1,74.6875,74.6875,0
1786402258143,15000,die0,15000,15000,1,-1,74.6875,74.6875,0
1786402258243,15000,die0,15000,15000,1,-1,74.6875,74.6875,0
1786402258343,15000,die0,15000,15000,1,-1,74.6875,74.6875,0
1786402258442,15000,die0,15000,15000,1,-1,74.6875,74.6875,0
1786402258542,15000,die0,15000,15000,1,-1,74.6875,74.6875,0
1786402258642,15000,die0,15000,15000,1,-1,74.6875,74.6875,0
1786402258743,15000,die0,15000,15000,1,-1,74.6875,74.6875,0
1786402258842,15000,die0,15000,15000,1,-1,74.6875,74.6875,0
1786402258942,15000,die0,15000,15000,1,-1,74.6875,74.6875,0
1786402259042,15000,die0,15000,15000,1,-1,74.6875,74.6875,0
1786402259142,15000,die0,15000,15000,1,-1,74.6875,74.6875,0
1786402259242,15000,die0,15000,15000,1,-1,74.6875,74.6875,0
1786402259342,15000,die0,15000,15000,1,-1,74.6875,74.6875,0
1786402259442,15000,die0,15000,15000,1,-1,74.6875,74.6875,0
1786402259542,15000,die0,15000,15000,1,-1,74.6875,74.6875,0
1786402259642,15000,die0,15000,15000,1,-1,74.6875,74.6875,0
1786402259742,15000,die0,15000,15000,1,-1,74.6875,74.6875,0
1786402259842,15000,die0,15000,15000,1,-1,74.5625,74.5625,0
1786402259942,15000,die0,15000,15000,1,-1,74.5625,74.5625,0
1786402260042,15000,die0,15000,15000,1,-1,74.5625,74.5625,0
1786402260142,15000,die0,15000,15000,1,-1,74.5625,74.5625,0
1786402260242,15000,die0,15000,15000,1,-1,74.5625,74.5625,0
1786402260342,15000,die0,15000,15000,1,-1,74.5625,74.5625,0
1786402260442,15000,die0,15000,15000,1,-1,74.5625,74.5625,0
1786402260542,15000,die0,15000,15000,1,-1,74.5625,74.5625,0
1786402260642,15000,die0,15000,15000,1,-1,74.5625,74.5625,0
1786402260742,15000,die0,15000,15000,1,-1,74.5625,74.5625,0
1786402260842,15000,die0,15000,15000,1,-1,74.5,74.5,0
1786402260942,15000,die0,15000,15000,1,-1,74.5,74.5,0
1786402261043,15000,die0,15000,15000,1,-1,74.5,74.5,0
1786402261142,15000,die0,15000,15000,1,-1,74.5,74.5,0
1786402261243,15000,die0,15000,15000,1,-1,74.5,74.5,0
1786402261342,15000,die0,15000,15000,1,-1,74.5,74.5,0
1786402261443,15000,die0,15000,15000,1,-1,74.5,74.5,0
1786402261542,15000,die0,15000,15000,1,-1,74.5,74.5,0
1786402261642,15000,die0,15000,15000,1,-1,74.5,74.5,0
1786402261742,15000,die0,15000,15000,1,-1,74.5,74.5,0
1786402261842,15000,die0,15000,15000,1,-1,74.5,74.5,0
1786402261942,15000,die0,15000,15000,1,-1,74.5,74.5,0
1786402262042,15000,die0,15000,15000,1,-1,74.5,74.5,0
1786402262142,15000,die0,15000,15000,1,-1,74.5,74.5,0
1786402262242,15000,die0,15000,15000,1,-1,74.5,74.5,0
1786402262342,15000,die0,15000,15000,1,-1,74.5,74.5,0
1786402262442,15000,die0,15000,15000,1,-1,74.5,74.5,0
1786402262542,15000,die0,15000,15000,1,-1,74.5,74.5,0
1786402262642,15000,die0,15000,15000,1,-1,74.5,74.5,0
1786402262742,15000,die0,15000,15000,1,-1,74.5,74.5,0
1786402262842,15000,die0,15000,15000,1,-1,74.5,74.5,0
1786402262942,15000,die0,15000,15000,1,-1,74.5,74.5,0
1786402263042,15000,die0,15000,15000,1,-1,74.5,74.5,0
1786402263142,15000,die0,15000,15000,1,-1,74.5,74.5,0
1786402263242,15000,die0,15000,15000,1,-1,74.5,74.5,0
1786402263342,15000,die0,15000,15000,1,-1,74.5,74.5,0
1786402263442,15000,die0,15000,15000,1,-1,74.5,74.5,0
1786402263542,15000,die0,15000,15000,1,-1,74.5,74.5,0
1786402263642,15000,die0,15000,15000,1,-1,74.5,74.5,0
1786402263742,15000,die0,15000,15000,1,-1,74.5,74.5,0
1786402263842,15000,die0,15000,15000,1,-1,74.5,74.5,0
1786402263942,15000,die0,15000,15000,1,-1,74.5,74.5,0
1786402264042,15000,die0,15000,15000,1,-1,74.5,74.5,0
1786402264142,15000,die0,15000,15000,1,-1,74.5,74.5,0
1786402264242,15000,die0,15000,15000,1,-1,74.5,74.5,0
1786402264343,15000,die0,15000,15000,1,-1,74.5,74.5,0
1786402264442,15000,die0,15000,15000,1,-1,74.5,74.5,0
1786402264542,15000,die0,15000,15000,1,-1,74.5,74.5,0
1786402264642,15000,die0,15000,15000,1,-1,74.5,74.5,0
1786402264742,15000,die0,15000,15000,1,-1,74.5,74.5,0
1786402264842,15000,die0,15000,15000,1,-1,74.4375,74.4375,0
1786402264942,15000,die0,15000,15000,1,-1,74.4375,74.4375,0
1786402265042,15000,die0,15000,15000,1,-1,74.4375,74.4375,0
1786402265142,15000,die0,15000,15000,1,-1,74.4375,74.4375,0
1786402265242,15000,die0,15000,15000,1,-1,74.4375,74.4375,0
1786402265342,15000,die0,15000,15000,1,-1,74.4375,74.4375,0
1786402265442,15000,die0,15000,15000,1,-1,74.4375,74.4375,0
1786402265542,15000,die0,15000,15000,1,-1,74.4375,74.4375,0
1786402265642,15000,die0,15000,15000,1,-1,74.4375,74.4375,0
1786402265742,15000,die0,15000,15000,1,-1,74.4375,74.4375,0
1786402265842,15000,die0,15000,15000,1,-1,74.375,74.375,0
1786402265942,15000,die0,15000,15000,1,-1,74.375,74.375,0
1786402266042,15000,die0,15000,15000,1,-1,74.375,74.375,0
1786402266142,15000,die0,15000,15000,1,-1,74.375,74.375,0
1786402266242,15000,die0,15000,15000,1,-1,74.375,74.375,0
1786402266342,15000,die0,15000,15000,1,-1,74.375,74.375,0
1786402266442,15000,die0,15000,15000,1,-1,74.375,74.375,0
1786402266546,15000,die0,15000,15000,1,-1,74.375,74.375,0
1786402266642,15000,die0,15000,15000,1,-1,74.375,74.375,0
1786402266742,15000,die0,15000,15000,1,-1,74.375,74.375,0
1786402266842,15000,die0,15000,15000,1,-1,74.375,74.375,0
1786402266942,15000,die0,15000,15000,1,-1,74.375,74.375,0
1786402267042,15000,die0,15000,15000,1,-1,74.375,74.375,0
1786402267142,15000,die0,15000,15000,1,-1,74.375,74.375,0
1786402267242,15000,die0,15000,15000,1,-1,74.375,74.375,0
1786402267342,15000,die0,15000,15000,1,-1,74.375,74.375,0
1786402267442,15000,die0,15000,15000,1,-1,74.375,74.375,0
1786402267542,15000,die0,15000,15000,1,-1,74.375,74.375,0
1786402267642,15000,die0,15000,15000,1,-1,74.375,74.375,0
1786402267742,15000,die0,15000,15000,1,-1,74.375,74.375,0
1786402267842,15000,die0,15000,15000,1,-1,74.375,74.375,0
1786402267942,15000,die0,15000,15000,1,-1,74.375,74.375,0
1786402268042,15000,die0,15000,15000,1,-1,74.375,74.375,0
1786402268142,15000,die0,15000,15000,1,-1,74.375,74.375,0
1786402268242,15000,die0,15000,15000,1,-1,74.375,74.375,0
1786402268342,15000,die0,15000,15000,1,-1,74.375,74.375,0
1786402268442,15000,die0,15000,15000,1,-1,74.375,74.375,0
1786402268542,15000,die0,15000,15000,1,-1,74.375,74.375,0
1786402268642,15000,die0,15000,15000,1,-1,74.375,74.375,0
1786402268742,15000,die0,15000,15000,1,-1,74.375,74.375,0
1786402268842,15000,die0,15000,15000,1,-1,74.25,74.25,0
1786402268942,15000,die0,15000,15000,1,-1,74.25,74.25,0
1786402269042,15000,die0,15000,15000,1,-1,74.25,74.25,0
1786402269142,15000,die0,15000,15000,1,-1,74.25,74.25,0
1786402269242,15000,die0,15000,15000,1,-1,74.25,74.25,0
1786402269342,15000,die0,15000,15000,1,-1,74.25,74.25,0
1786402269442,15000,die0,15000,15000,1,-1,74.25,74.25,0
1786402269542,15000,die0,15000,15000,1,-1,74.25,74.25,0
1786402269642,15000,die0,15000,15000,1,-1,74.25,74.25,0
1786402269742,15000,die0,15000,15000,1,-1,74.25,74.25,0
1786402269842,15000,die0,15000,15000,1,-1,74.3125,74.3125,0
1786402269942,15000,die0,15000,15000,1,-1,74.3125,74.3125,0
1786402270042,15000,die0,15000,15000,1,-1,74.3125,74.3125,0
1786402270142,15000,die0,15000,15000,1,-1,74.3125,74.3125,0
1786402270243,15000,die0,15000,15000,1,-1,74.3125,74.3125,0
1786402270342,15000,die0,15000,15000,1,-1,74.3125,74.3125,0
1786402270442,15000,die0,15000,15000,1,-1,74.3125,74.3125,0
1786402270542,15000,die0,15000,15000,1,-1,74.3125,74.3125,0
1786402270642,15000,die0,15000,15000,1,-1,74.3125,74.3125,0
1786402270742,15000,die0,15000,15000,1,-1,74.3125,74.3125,0
1786402270842,15000,die0,15000,15000,1,-1,74.25,74.25,0
1786402270942,15000,die0,15000,15000,1,-1,74.25,74.25,0
1786402271042,15000,die0,15000,15000,1,-1,74.25,74.25,0
1786402271142,15000,die0,15000,15000,1,-1,74.25,74.25,0
1786402271242,15000,die0,15000,15000,1,-1,74.25,74.25,0
1786402271343,15000,die0,15000,15000,1,-1,74.25,74.25,0
1786402271442,15000,die0,15000,15000,1,-1,74.25,74.25,0
1786402271542,15000,die0,15000,15000,1,-1,74.25,74.25,0
1786402271642,15000,die0,15000,15000,1,-1,74.25,74.25,0
1786402271742,15000,die0,15000,15000,1,-1,74.25,74.25,0
1786402271842,15000,die0,15000,15000,1,-1,74.375,74.375,0
1786402271942,15000,die0,15000,15000,1,-1,74.375,74.375,0
1786402272043,15000,die0,15000,15000,1,-1,74.375,74.375,0
1786402272142,15000,die0,15000,15000,1,-1,74.375,74.375,0
1786402272242,15000,die0,15000,15000,1,-1,74.375,74.375,0
1786402272342,15000,die0,15000,15000,1,-1,74.375,74.375,0
1786402272442,15000,die0,15000,15000,1,-1,74.375,74.375,0
1786402272542,15000,die0,15000,15000,1,-1,74.375,74.375,0
1786402272642,15000,die0,15000,15000,1,-1,74.375,74.375,0
1786402272742,15000,die0,15000,15000,1,-1,74.375,74.375,0
1786402272842,15000,die0,15000,15000,1,-1,74.25,74.25,0
1786402272942,15000,die0,15000,15000,1,-1,74.25,74.25,0
1786402273042,15000,die0,15000,15000,1,-1,74.25,74.25,0
1786402273143,15000,die0,15000,15000,1,-1,74.25,74.25,0
1786402273242,15000,die0,15000,15000,1,-1,74.25,74.25,0
1786402273342,15000,die0,15000,15000,1,-1,74.25,74.25,0
1786402273442,15000,die0,15000,15000,1,-1,74.25,74.25,0
1786402273542,15000,die0,15000,15000,1,-1,74.25,74.25,0
1786402273642,15000,die0,15000,15000,1,-1,74.25,74.25,0
1786402273742,15000,die0,15000,15000,1,-1,74.25,74.25,0
1786402273843,15000,die0,15000,15000,1,-1,74.25,74.25,0
1786402273942,15000,die0,15000,15000,1,-1,74.25,74.25,0
1786402274042,15000,die0,15000,15000,1,-1,74.25,74.25,0
1786402274142,15000,die0,15000,15000,1,-1,74.25,74.25,0
1786402274242,15000,die0,15000,15000,1,-1,74.25,74.25,0
1786402274343,15000,die0,15000,15000,1,-1,74.25,74.25,0
1786402274442,15000,die0,15000,15000,1,-1,74.25,74.25,0
1786402274542,15000,die0,15000,15000,1,-1,74.25,74.25,0
1786402274643,15000,die0,15000,15000,1,-1,74.25,74.25,0
1786402274742,15000,die0,15000,15000,1,-1,74.25,74.25,0
1786402274842,15000,die0,15000,15000,1,-1,74.1875,74.1875,0
1786402274942,15000,die0,15000,15000,1,-1,74.1875,74.1875,0
1786402275042,15000,die0,15000,15000,1,-1,74.1875,74.1875,0
1786402275142,15000,die0,15000,15000,1,-1,74.1875,74.1875,0
1786402275242,15000,die0,15000,15000,1,-1,74.1875,74.1875,0
1786402275342,15000,die0,15000,15000,1,-1,74.1875,74.1875,0
1786402275442,15000,die0,15000,15000,1,-1,74.1875,74.1875,0
1786402275542,15000,die0,15000,15000,1,-1,74.1875,74.1875,0
1786402275642,15000,die0,15000,15000,1,-1,74.1875,74.1875,0
1786402275742,15000,die0,15000,15000,1,-1,74.1875,74.1875,0
1786402275842,15000,die0,15000,15000,1,-1,74.0625,74.0625,0
1786402275946,15000,die0,15000,15000,1,-1,74.0625,74.0625,0
1786402276042,15000,die0,15000,15000,1,-1,74.0625,74.0625,0
1786402276142,15000,die0,15000,15000,1,-1,74.0625,74.0625,0
1786402276242,15000,die0,15000,15000,1,-1,74.0625,74.0625,0
1786402276342,15000,die0,15000,15000,1,-1,74.0625,74.0625,0
1786402276442,15000,die0,15000,15000,1,-1,74.0625,74.0625,0
1786402276542,15000,die0,15000,15000,1,-1,74.0625,74.0625,0
1786402276642,15000,die0,15000,15000,1,-1,74.0625,74.0625,0
1786402276742,15000,die0,15000,15000,1,-1,74.0625,74.0625,0
1786402276842,15000,die0,15000,15000,1,-1,74.125,74.125,0
1786402276942,15000,die0,15000,15000,1,-1,74.125,74.125,0
1786402277042,15000,die0,15000,15000,1,-1,74.125,74.125,0
1786402277142,15000,die0,15000,15000,1,-1,74.125,74.125,0
1786402277243,15000,die0,15000,15000,1,-1,74.125,74.125,0
1786402277342,15000,die0,15000,15000,1,-1,74.125,74.125,0
1786402277446,15000,die0,15000,15000,1,-1,74.125,74.125,0
1786402277544,15000,die0,15000,15000,1,-1,74.125,74.125,0
1786402277642,15000,die0,15000,15000,1,-1,74.125,74.125,0
1786402277743,15000,die0,15000,15000,1,-1,74.125,74.125,0
1786402277842,15000,die0,15000,15000,1,-1,74.0625,74.0625,0
1786402277942,15000,die0,15000,15000,1,-1,74.0625,74.0625,0
1786402278042,15000,die0,15000,15000,1,-1,74.0625,74.0625,0
1786402278142,15000,die0,15000,15000,1,-1,74.0625,74.0625,0
1786402278243,15000,die0,15000,15000,1,-1,74.0625,74.0625,0
1786402278342,15000,die0,15000,15000,1,-1,74.0625,74.0625,0
1786402278442,15000,die0,15000,15000,1,-1,74.0625,74.0625,0
1786402278542,15000,die0,15000,15000,1,-1,74.0625,74.0625,0
1786402278642,15000,die0,15000,15000,1,-1,74.0625,74.0625,0
1786402278742,15000,die0,15000,15000,1,-1,74.0625,74.0625,0
1786402278842,15000,die0,15000,15000,1,-1,74.0625,74.0625,0
1786402278942,15000,die0,15000,15000,1,-1,74.0625,74.0625,0
1786402279042,15000,die0,15000,15000,1,-1,74.0625,74.0625,0
1786402279142,15000,die0,15000,15000,1,-1,74.0625,74.0625,0
1786402279242,15000,die0,15000,15000,1,-1,74.0625,74.0625,0
1786402279342,15000,die0,15000,15000,1,-1,74.0625,74.0625,0
1786402279442,15000,die0,15000,15000,1,-1,74.0625,74.0625,0
1786402279542,15000,die0,15000,15000,1,-1,74.0625,74.0625,0
1786402279642,15000,die0,15000,15000,1,-1,74.0625,74.0625,0
1786402279743,15000,die0,15000,15000,1,-1,74.0625,74.0625,0
1786402279842,15000,die0,15000,15000,1,-1,74,74,0
1786402279942,15000,die0,15000,15000,1,-1,74,74,0
1786402280042,15000,die0,15000,15000,1,-1,74,74,0
1786402280142,15000,die0,15000,15000,1,-1,74,74,0
1786402280242,15000,die0,15000,15000,1,-1,74,74,0
1786402280343,15000,die0,15000,15000,1,-1,74,74,0
1786402280442,15000,die0,15000,15000,1,-1,74,74,0
1786402280542,15000,die0,15000,15000,1,-1,74,74,0
1786402280642,15000,die0,15000,15000,1,-1,74,74,0
1786402280742,15000,die0,15000,15000,1,-1,74,74,0
1786402280842,15000,die0,15000,15000,1,-1,74.0625,74.0625,0
1786402280942,15000,die0,15000,15000,1,-1,74.0625,74.0625,0
1786402281042,15000,die0,15000,15000,1,-1,74.0625,74.0625,0
1786402281142,15000,die0,15000,15000,1,-1,74.0625,74.0625,0
1786402281242,15000,die0,15000,15000,1,-1,74.0625,74.0625,0
1786402281342,15000,die0,15000,15000,1,-1,74.0625,74.0625,0
1786402281443,15000,die0,15000,15000,1,-1,74.0625,74.0625,0
1786402281542,15000,die0,15000,15000,1,-1,74.0625,74.0625,0
1786402281642,15000,die0,15000,15000,1,-1,74.0625,74.0625,0
1786402281742,15000,die0,15000,15000,1,-1,74.0625,74.0625,0
1786402281842,15000,die0,15000,15000,1,-1,74,74,0
1786402281942,15000,die0,15000,15000,1,-1,74,74,0
1786402282042,15000,die0,15000,15000,1,-1,74,74,0
1786402282142,15000,die0,15000,15000,1,-1,74,74,0
1786402282242,15000,die0,15000,15000,1,-1,74,74,0
1786402282342,15000,die0,15000,15000,1,-1,74,74,0
1786402282442,15000,die0,15000,15000,1,-1,74,74,0
1786402282542,15000,die0,15000,15000,1,-1,74,74,0
1786402282642,15000,die0,15000,15000,1,-1,74,74,0
1786402282742,15000,die0,15000,15000,1,-1,74,74,0
1786402282846,15000,die0,15000,15000,1,-1,73.9375,73.9375,0
1786402282942,15000,die0,15000,15000,1,-1,73.9375,73.9375,0
1786402283042,15000,die0,15000,15000,1,-1,73.9375,73.9375,0
1786402283142,15000,die0,15000,15000,1,-1,73.9375,73.9375,0
1786402283242,15000,die0,15000,15000,1,-1,73.9375,73.9375,0
1786402283342,15000,die0,15000,15000,1,-1,73.9375,73.9375,0
1786402283442,15000,die0,15000,15000,1,-1,73.9375,73.9375,0
1786402283542,15000,die0,15000,15000,1,-1,73.9375,73.9375,0
1786402283642,15000,die0,15000,15000,1,-1,73.9375,73.9375,0
1786402283742,15000,die0,15000,15000,1,-1,73.9375,73.9375,0
1786402283842,15000,die0,15000,15000,1,-1,73.9375,73.9375,0
1786402283942,15000,die0,15000,15000,1,-1,73.9375,73.9375,0
1786402284042,15000,die0,15000,15000,1,-1,73.9375,73.9375,0
1786402284142,15000,die0,15000,15000,1,-1,73.9375,73.9375,0
1786402284242,15000,die0,15000,15000,1,-1,73.9375,73.9375,0
1786402284342,15000,die0,15000,15000,1,-1,73.9375,73.9375,0
1786402284446,15000,die0,15000,15000,1,-1,73.9375,73.9375,0
1786402284542,15000,die0,15000,15000,1,-1,73.9375,73.9375,0
1786402284642,15000,die0,15000,15000,1,-1,73.9375,73.9375,0
1786402284742,15000,die0,15000,15000,1,-1,73.9375,73.9375,0
1786402284842,15000,die0,15000,15000,1,-1,73.9375,73.9375,0
1786402284942,15000,die0,15000,15000,1,-1,73.9375,73.9375,0
1786402285042,15000,die0,15000,15000,1,-1,73.9375,73.9375,0
1786402285142,15000,die0,15000,15000,1,-1,73.9375,73.9375,0
1786402285242,15000,die0,15000,15000,1,-1,73.9375,73.9375,0
1786402285342,15000,die0,15000,15000,1,-1,73.9375,73.9375,0
1786402285442,15000,die0,15000,15000,1,-1,73.9375,73.9375,0
1786402285542,15000,die0,15000,15000,1,-1,73.9375,73.9375,0
1786402285642,15000,die0,15000,15000,1,-1,73.9375,73.9375,0
1786402285742,15000,die0,15000,15000,1,-1,73.9375,73.9375,0
1786402285842,15000,die0,15000,15000,1,-1,73.875,73.875,0
1786402285942,15000,die0,15000,15000,1,-1,73.875,73.875,0
1786402286042,15000,die0,15000,15000,1,-1,73.875,73.875,0
1786402286142,15000,die0,15000,15000,1,-1,73.875,73.875,0
1786402286242,15000,die0,15000,15000,1,-1,73.875,73.875,0
1786402286342,15000,die0,15000,15000,1,-1,73.875,73.875,0
1786402286442,15000,die0,15000,15000,1,-1,73.875,73.875,0
1786402286542,15000,die0,15000,15000,1,-1,73.875,73.875,0
1786402286642,15000,die0,15000,15000,1,-1,73.875,73.875,0
1786402286742,15000,die0,15000,15000,1,-1,73.875,73.875,0
1786402286842,15000,die0,15000,15000,1,-1,73.875,73.875,0
1786402286942,15000,die0,15000,15000,1,-1,73.875,73.875,0
1786402287042,15000,die0,15000,15000,1,-1,73.875,73.875,0
1786402287142,15000,die0,15000,15000,1,-1,73.875,73.875,0
1786402287242,15000,die0,15000,15000,1,-1,73.875,73.875,0
1786402287342,15000,die0,15000,15000,1,-1,73.875,73.875,0
1786402287442,15000,die0,15000,15000,1,-1,73.875,73.875,0
1786402287542,15000,die0,15000,15000,1,-1,73.875,73.875,0
1786402287642,15000,die0,15000,15000,1,-1,73.875,73.875,0
1786402287742,15000,die0,15000,15000,1,-1,73.875,73.875,0
1786402287842,15000,die0,15000,15000,1,-1,73.9375,73.9375,0
1786402287942,15000,die0,15000,15000,1,-1,73.9375,73.9375,0
1786402288042,15000,die0,15000,15000,1,-1,73.9375,73.9375,0
1786402288142,15000,die0,15000,15000,1,-1,73.9375,73.9375,0
1786402288242,15000,die0,15000,15000,1,-1,73.9375,73.9375,0
1786402288343,15000,die0,15000,15000,1,-1,73.9375,73.9375,0
1786402288442,15000,die0,15000,15000,1,-1,73.9375,73.9375,0
1786402288542,15000,die0,15000,15000,1,-1,73.9375,73.9375,0
1786402288642,15000,die0,15000,15000,1,-1,73.9375,73.9375,0
1786402288743,15000,die0,15000,15000,1,-1,73.9375,73.9375,0
1786402288846,15000,die0,15000,15000,1,-1,73.875,73.875,0
1786402288942,15000,die0,15000,15000,1,-1,73.875,73.875,0
1786402289042,15000,die0,15000,15000,1,-1,73.875,73.875,0
1786402289143,15000,die0,15000,15000,1,-1,73.875,73.875,0
1786402289243,15000,die0,15000,15000,1,-1,73.875,73.875,0
1786402289342,15000,die0,15000,15000,1,-1,73.875,73.875,0
1786402289442,15000,die0,15000,15000,1,-1,73.875,73.875,0
1786402289542,15000,die0,15000,15000,1,-1,73.875,73.875,0
1786402289642,15000,die0,15000,15000,1,-1,73.875,73.875,0
1786402289742,15000,die0,15000,15000,1,-1,73.875,73.875,0
1786402289842,15000,die0,15000,15000,1,-1,73.8125,73.8125,0
1786402289942,15000,die0,15000,15000,1,-1,73.8125,73.8125,0
1786402290042,15000,die0,15000,15000,1,-1,73.8125,73.8125,0
1786402290142,15000,die0,15000,15000,1,-1,73.8125,73.8125,0
1786402290242,15000,die0,15000,15000,1,-1,73.8125,73.8125,0
1786402290342,15000,die0,15000,15000,1,-1,73.8125,73.8125,0
1786402290442,15000,die0,15000,15000,1,-1,73.8125,73.8125,0
1786402290542,15000,die0,15000,15000,1,-1,73.8125,73.8125,0
1786402290642,15000,die0,15000,15000,1,-1,73.8125,73.8125,0
1786402290742,15000,die0,15000,15000,1,-1,73.8125,73.8125,0
1786402290842,15000,die0,15000,15000,1,-1,73.875,73.875,0
1786402290942,15000,die0,15000,15000,1,-1,73.875,73.875,0
1786402291043,15000,die0,15000,15000,1,-1,73.875,73.875,0
1786402291142,15000,die0,15000,15000,1,-1,73.875,73.875,0
1786402291242,15000,die0,15000,15000,1,-1,73.875,73.875,0
1786402291343,15000,die0,15000,15000,1,-1,73.875,73.875,0
1786402291442,15000,die0,15000,15000,1,-1,73.875,73.875,0
1786402291542,15000,die0,15000,15000,1,-1,73.875,73.875,0
1786402291642,15000,die0,15000,15000,1,-1,73.875,73.875,0
1786402291742,15000,die0,15000,15000,1,-1,73.875,73.875,0
1786402291842,15000,die0,15000,15000,1,-1,73.75,73.75,0
1786402291942,15000,die0,15000,15000,1,-1,73.75,73.75,0
1786402292042,15000,die0,15000,15000,1,-1,73.75,73.75,0
1786402292142,15000,die0,15000,15000,1,-1,73.75,73.75,0
1786402292243,15000,die0,15000,15000,1,-1,73.75,73.75,0
1786402292342,15000,die0,15000,15000,1,-1,73.75,73.75,0
1786402292442,15000,die0,15000,15000,1,-1,73.75,73.75,0
1786402292542,15000,die0,15000,15000,1,-1,73.75,73.75,0
1786402292642,15000,die0,15000,15000,1,-1,73.75,73.75,0
1786402292742,15000,die0,15000,15000,1,-1,73.75,73.75,0
1786402292846,15000,die0,15000,15000,1,-1,73.8125,73.8125,0
1786402292942,15000,die0,15000,15000,1,-1,73.8125,73.8125,0
1786402293042,15000,die0,15000,15000,1,-1,73.8125,73.8125,0
1786402293142,15000,die0,15000,15000,1,-1,73.8125,73.8125,0
1786402293242,15000,die0,15000,15000,1,-1,73.8125,73.8125,0
1786402293342,15000,die0,15000,15000,1,-1,73.8125,73.8125,0
1786402293442,15000,die0,15000,15000,1,-1,73.8125,73.8125,0
1786402293542,15000,die0,15000,15000,1,-1,73.8125,73.8125,0
1786402293642,15000,die0,15000,15000,1,-1,73.8125,73.8125,0
1786402293742,15000,die0,15000,15000,1,-1,73.8125,73.8125,0
1786402293842,15000,die0,15000,15000,1,-1,73.75,73.75,0
1786402293942,15000,die0,15000,15000,1,-1,73.75,73.75,0
1786402294042,15000,die0,15000,15000,1,-1,73.75,73.75,0
1786402294142,15000,die0,15000,15000,1,-1,73.75,73.75,0
1786402294242,15000,die0,15000,15000,1,-1,73.75,73.75,0
1786402294342,15000,die0,15000,15000,1,-1,73.75,73.75,0
1786402294442,15000,die0,15000,15000,1,-1,73.75,73.75,0
1786402294542,15000,die0,15000,15000,1,-1,73.75,73.75,0
1786402294642,15000,die0,15000,15000,1,-1,73.75,73.75,0
1786402294742,15000,die0,15000,15000,1,-1,73.75,73.75,0
1786402294843,15000,die0,15000,15000,1,-1,73.75,73.75,0
1786402294942,15000,die0,15000,15000,1,-1,73.75,73.75,0
1786402295042,15000,die0,15000,15000,1,-1,73.75,73.75,0
1786402295143,15000,die0,15000,15000,1,-1,73.75,73.75,0
1786402295242,15000,die0,15000,15000,1,-1,73.75,73.75,0
1786402295342,15000,die0,15000,15000,1,-1,73.75,73.75,0
1786402295442,15000,die0,15000,15000,1,-1,73.75,73.75,0
1786402295542,15000,die0,15000,15000,1,-1,73.75,73.75,0
1786402295642,15000,die0,15000,15000,1,-1,73.75,73.75,0
1786402295742,15000,die0,15000,15000,1,-1,73.75,73.75,0
1786402295842,15000,die0,15000,15000,1,-1,73.6875,73.6875,0
1786402295942,15000,die0,15000,15000,1,-1,73.6875,73.6875,0
1786402296042,15000,die0,15000,15000,1,-1,73.6875,73.6875,0
1786402296142,15000,die0,15000,15000,1,-1,73.6875,73.6875,0
1786402296242,15000,die0,15000,15000,1,-1,73.6875,73.6875,0
1786402296343,15000,die0,15000,15000,1,-1,73.6875,73.6875,0
1786402296442,15000,die0,15000,15000,1,-1,73.6875,73.6875,0
1786402296542,15000,die0,15000,15000,1,-1,73.6875,73.6875,0
1786402296642,15000,die0,15000,15000,1,-1,73.6875,73.6875,0
1786402296743,15000,die0,15000,15000,1,-1,73.6875,73.6875,0
1786402296842,15000,die0,15000,15000,1,-1,73.625,73.625,0
1786402296942,15000,die0,15000,15000,1,-1,73.625,73.625,0
1786402297042,15000,die0,15000,15000,1,-1,73.625,73.625,0
1786402297142,15000,die0,15000,15000,1,-1,73.625,73.625,0
1786402297242,15000,die0,15000,15000,1,-1,73.625,73.625,0
1786402297342,15000,die0,15000,15000,1,-1,73.625,73.625,0
1786402297442,15000,die0,15000,15000,1,-1,73.625,73.625,0
1786402297542,15000,die0,15000,15000,1,-1,73.625,73.625,0
1786402297642,15000,die0,15000,15000,1,-1,73.625,73.625,0
1786402297742,15000,die0,15000,15000,1,-1,73.625,73.625,0
1786402297842,15000,die0,15000,15000,1,-1,73.75,73.75,0
1786402297942,15000,die0,15000,15000,1,-1,73.75,73.75,0
1786402298042,15000,die0,15000,15000,1,-1,73.75,73.75,0
1786402298142,15000,die0,15000,15000,1,-1,73.75,73.75,0
1786402298243,15000,die0,15000,15000,1,-1,73.75,73.75,0
1786402298342,15000,die0,15000,15000,1,-1,73.75,73.75,0
1786402298442,15000,die0,15000,15000,1,-1,73.75,73.75,0
1786402298542,15000,die0,15000,15000,1,-1,73.75,73.75,0
1786402298642,15000,die0,15000,15000,1,-1,73.75,73.75,0
1786402298742,15000,die0,15000,15000,1,-1,73.75,73.75,0
1786402298843,15000,die0,15000,15000,1,-1,73.6875,73.6875,0
1786402298942,15000,die0,15000,15000,1,-1,73.6875,73.6875,0
1786402299042,15000,die0,15000,15000,1,-1,73.6875,73.6875,0
1786402299142,15000,die0,15000,15000,1,-1,73.6875,73.6875,0
1786402299242,15000,die0,15000,15000,1,-1,73.6875,73.6875,0
1786402299342,15000,die0,15000,15000,1,-1,73.6875,73.6875,0
1786402299442,15000,die0,15000,15000,1,-1,73.6875,73.6875,0
1786402299542,15000,die0,15000,15000,1,-1,73.6875,73.6875,0
1786402299642,15000,die0,15000,15000,1,-1,73.6875,73.6875,0
1786402299742,15000,die0,15000,15000,1,-1,73.6875,73.6875,0
1786402299846,15000,die0,15000,15000,1,-1,73.6875,73.6875,0
1786402299942,15000,die0,15000,15000,1,-1,73.6875,73.6875,0
1786402300042,15000,die0,15000,15000,1,-1,73.6875,73.6875,0
1786402300142,15000,die0,15000,15000,1,-1,73.6875,73.6875,0
1786402300243,15000,die0,15000,15000,1,-1,73.6875,73.6875,0
1786402300342,15000,die0,15000,15000,1,-1,73.6875,73.6875,0
1786402300442,15000,die0,15000,15000,1,-1,73.6875,73.6875,0
1786402300542,15000,die0,15000,15000,1,-1,73.6875,73.6875,0
1786402300643,15000,die0,15000,15000,1,-1,73.6875,73.6875,0
1786402300742,15000,die0,15000,15000,1,-1,73.6875,73.6875,0
1786402300842,15000,die0,15000,15000,1,-1,73.75,73.75,0
1786402300942,15000,die0,15000,15000,1,-1,73.75,73.75,0
1786402301042,15000,die0,15000,15000,1,-1,73.75,73.75,0
1786402301142,15000,die0,15000,15000,1,-1,73.75,73.75,0
1786402301243,15000,die0,15000,15000,1,-1,73.75,73.75,0
1786402301342,15000,die0,15000,15000,1,-1,73.75,73.75,0
1786402301442,15000,die0,15000,15000,1,-1,73.75,73.75,0
1786402301542,15000,die0,15000,15000,1,-1,73.75,73.75,0
1786402301642,15000,die0,15000,15000,1,-1,73.75,73.75,0
1786402301742,15000,die0,15000,15000,1,-1,73.75,73.75,0
1786402301843,15000,die0,15000,15000,1,-1,73.5625,73.5625,0
1786402301942,15000,die0,15000,15000,1,-1,73.5625,73.5625,0
1786402302042,15000,die0,15000,15000,1,-1,73.5625,73.5625,0
1786402302142,15000,die0,15000,15000,1,-1,73.5625,73.5625,0
1786402302242,15000,die0,15000,15000,1,-1,73.5625,73.5625,0
1786402302342,15000,die0,15000,15000,1,-1,73.5625,73.5625,0
1786402302442,15000,die0,15000,15000,1,-1,73.5625,73.5625,0
1786402302542,15000,die0,15000,15000,1,-1,73.5625,73.5625,0
1786402302642,15000,die0,15000,15000,1,-1,73.5625,73.5625,0
1786402302742,15000,die0,15000,15000,1,-1,73.5625,73.5625,0
1786402302842,15000,die0,15000,15000,1,-1,73.6875,73.6875,0
1786402302942,15000,die0,15000,15000,1,-1,73.6875,73.6875,0
1786402303042,15000,die0,15000,15000,1,-1,73.6875,73.6875,0
1786402303142,15000,die0,15000,15000,1,-1,73.6875,73.6875,0
1786402303242,15000,die0,15000,15000,1,-1,73.6875,73.6875,0
1786402303342,15000,die0,15000,15000,1,-1,73.6875,73.6875,0
1786402303442,15000,die0,15000,15000,1,-1,73.6875,73.6875,0
1786402303542,15000,die0,15000,15000,1,-1,73.6875,73.6875,0
1786402303642,15000,die0,15000,15000,1,-1,73.6875,73.6875,0
1786402303743,15000,die0,15000,15000,1,-1,73.6875,73.6875,0
1786402303842,15000,die0,15000,15000,1,-1,73.6875,73.6875,0
1786402303942,15000,die0,15000,15000,1,-1,73.6875,73.6875,0
1786402304042,15000,die0,15000,15000,1,-1,73.6875,73.6875,0
1786402304142,15000,die0,15000,15000,1,-1,73.6875,73.6875,0
1786402304242,15000,die0,15000,15000,1,-1,73.6875,73.6875,0
1786402304342,15000,die0,15000,15000,1,-1,73.6875,73.6875,0
1786402304442,15000,die0,15000,15000,1,-1,73.6875,73.6875,0
1786402304542,15000,die0,15000,15000,1,-1,73.6875,73.6875,0
1786402304642,15000,die0,15000,15000,1,-1,73.6875,73.6875,0
1786402304742,15000,die0,15000,15000,1,-1,73.6875,73.6875,0
1786402304842,15000,die0,15000,15000,1,-1,73.625,73.625,0
1786402304942,15000,die0,15000,15000,1,-1,73.625,73.625,0
1786402305042,15000,die0,15000,15000,1,-1,73.625,73.625,0
1786402305142,15000,die0,15000,15000,1,-1,73.625,73.625,0
1786402305242,15000,die0,15000,15000,1,-1,73.625,73.625,0
1786402305342,15000,die0,15000,15000,1,-1,73.625,73.625,0
1786402305442,15000,die0,15000,15000,1,-1,73.625,73.625,0
1786402305542,15000,die0,15000,15000,1,-1,73.625,73.625,0
1786402305642,15000,die0,15000,15000,1,-1,73.625,73.625,0
1786402305742,15000,die0,15000,15000,1,-1,73.625,73.625,0
1786402305842,15000,die0,15000,15000,1,-1,73.5625,73.5625,0
1786402305942,15000,die0,15000,15000,1,-1,73.5625,73.5625,0
1786402306042,15000,die0,15000,15000,1,-1,73.5625,73.5625,0
1786402306142,15000,die0,15000,15000,1,-1,73.5625,73.5625,0
1786402306242,15000,die0,15000,15000,1,-1,73.5625,73.5625,0
1786402306342,15000,die0,15000,15000,1,-1,73.5625,73.5625,0
1786402306442,15000,die0,15000,15000,1,-1,73.5625,73.5625,0
1786402306542,15000,die0,15000,15000,1,-1,73.5625,73.5625,0
1786402306642,15000,die0,15000,15000,1,-1,73.5625,73.5625,0
1786402306742,15000,die0,15000,15000,1,-1,73.5625,73.5625,0
1786402306842,15000,die0,15000,15000,1,-1,73.625,73.625,0
1786402306942,15000,die0,15000,15000,1,-1,73.625,73.625,0
1786402307042,15000,die0,15000,15000,1,-1,73.625,73.625,0
1786402307142,15000,die0,15000,15000,1,-1,73.625,73.625,0
1786402307242,15000,die0,15000,15000,1,-1,73.625,73.625,0
1786402307342,15000,die0,15000,15000,1,-1,73.625,73.625,0
1786402307442,15000,die0,15000,15000,1,-1,73.625,73.625,0
1786402307542,15000,die0,15000,15000,1,-1,73.625,73.625,0
1786402307642,15000,die0,15000,15000,1,-1,73.625,73.625,0
1786402307742,15000,die0,15000,15000,1,-1,73.625,73.625,0
1786402307842,15000,die0,15000,15000,1,-1,73.5625,73.5625,0
1786402307942,15000,die0,15000,15000,1,-1,73.5625,73.5625,0
1786402308042,15000,die0,15000,15000,1,-1,73.5625,73.5625,0
1786402308142,15000,die0,15000,15000,1,-1,73.5625,73.5625,0
1786402308242,15000,die0,15000,15000,1,-1,73.5625,73.5625,0
1786402308342,15000,die0,15000,15000,1,-1,73.5625,73.5625,0
1786402308442,15000,die0,15000,15000,1,-1,73.5625,73.5625,0
1786402308542,15000,die0,15000,15000,1,-1,73.5625,73.5625,0
1786402308642,15000,die0,15000,15000,1,-1,73.5625,73.5625,0
1786402308742,15000,die0,15000,15000,1,-1,73.5625,73.5625,0
1786402308842,15000,die0,15000,15000,1,-1,73.5,73.5,0
1786402308942,15000,die0,15000,15000,1,-1,73.5,73.5,0
1786402309042,15000,die0,15000,15000,1,-1,73.5,73.5,0
1786402309142,15000,die0,15000,15000,1,-1,73.5,73.5,0
1786402309243,15000,die0,15000,15000,1,-1,73.5,73.5,0
1786402309342,15000,die0,15000,15000,1,-1,73.5,73.5,0
1786402309442,15000,die0,15000,15000,1,-1,73.5,73.5,0
1786402309543,15000,die0,15000,15000,1,-1,73.5,73.5,0
1786402309642,15000,die0,15000,15000,1,-1,73.5,73.5,0
1786402309742,15000,die0,15000,15000,1,-1,73.5,73.5,0
1786402309842,15000,die0,15000,15000,1,-1,73.625,73.625,0
1786402309942,15000,die0,15000,15000,1,-1,73.625,73.625,0
1786402310042,15000,die0,15000,15000,1,-1,73.625,73.625,0
1786402310142,15000,die0,15000,15000,1,-1,73.625,73.625,0
1786402310242,15000,die0,15000,15000,1,-1,73.625,73.625,0
1786402310342,15000,die0,15000,15000,1,-1,73.625,73.625,0
1786402310442,15000,die0,15000,15000,1,-1,73.625,73.625,0
1786402310543,15000,die0,15000,15000,1,-1,73.625,73.625,0
1786402310642,15000,die0,15000,15000,1,-1,73.625,73.625,0
1786402310742,15000,die0,15000,15000,1,-1,73.625,73.625,0
1786402310842,15000,die0,15000,15000,1,-1,73.4375,73.4375,0
1786402310942,15000,die0,15000,15000,1,-1,73.4375,73.4375,0
1786402311042,15000,die0,15000,15000,1,-1,73.4375,73.4375,0
1786402311142,15000,die0,15000,15000,1,-1,73.4375,73.4375,0
1786402311242,15000,die0,15000,15000,1,-1,73.4375,73.4375,0
1786402311342,15000,die0,15000,15000,1,-1,73.4375,73.4375,0
1786402311442,15000,die0,15000,15000,1,-1,73.4375,73.4375,0
1786402311542,15000,die0,15000,15000,1,-1,73.4375,73.4375,0
1786402311642,15000,die0,15000,15000,1,-1,73.4375,73.4375,0
1786402311743,15000,die0,15000,15000,1,-1,73.4375,73.4375,0
1786402311842,15000,die0,15000,15000,1,-1,73.4375,73.4375,0
1786402311942,15000,die0,15000,15000,1,-1,73.4375,73.4375,0
1786402312042,15000,die0,15000,15000,1,-1,73.4375,73.4375,0
1786402312142,15000,die0,15000,15000,1,-1,73.4375,73.4375,0
1786402312242,15000,die0,15000,15000,1,-1,73.4375,73.4375,0
1786402312342,15000,die0,15000,15000,1,-1,73.4375,73.4375,0
1786402312442,15000,die0,15000,15000,1,-1,73.4375,73.4375,0
1786402312542,15000,die0,15000,15000,1,-1,73.4375,73.4375,0
1786402312642,15000,die0,15000,15000,1,-1,73.4375,73.4375,0
1786402312742,15000,die0,15000,15000,1,-1,73.4375,73.4375,0
1786402312842,15000,die0,15000,15000,1,-1,73.5,73.5,0
1786402312942,15000,die0,15000,15000,1,-1,73.5,73.5,0
1786402313042,15000,die0,15000,15000,1,-1,73.5,73.5,0
1786402313142,15000,die0,15000,15000,1,-1,73.5,73.5,0
1786402313243,15000,die0,15000,15000,1,-1,73.5,73.5,0
1786402313342,15000,die0,15000,15000,1,-1,73.5,73.5,0
1786402313442,15000,die0,15000,15000,1,-1,73.5,73.5,0
1786402313542,15000,die0,15000,15000,1,-1,73.5,73.5,0
1786402313642,15000,die0,15000,15000,1,-1,73.5,73.5,0
1786402313742,15000,die0,15000,15000,1,-1,73.5,73.5,0
1786402313842,15000,die0,15000,15000,1,-1,73.375,73.375,0
1786402313942,15000,die0,15000,15000,1,-1,73.375,73.375,0
1786402314042,15000,die0,15000,15000,1,-1,73.375,73.375,0
1786402314142,15000,die0,15000,15000,1,-1,73.375,73.375,0
1786402314242,15000,die0,15000,15000,1,-1,73.375,73.375,0
1786402314342,15000,die0,15000,15000,1,-1,73.375,73.375,0
1786402314442,15000,die0,15000,15000,1,-1,73.375,73.375,0
1786402314542,15000,die0,15000,15000,1,-1,73.375,73.375,0
1786402314642,15000,die0,15000,15000,1,-1,73.375,73.375,0
1786402314742,15000,die0,15000,15000,1,-1,73.375,73.375,0
1786402314842,15000,die0,15000,15000,1,-1,73.375,73.375,0
1786402314942,15000,die0,15000,15000,1,-1,73.375,73.375,0
1786402315042,15000,die0,15000,15000,1,-1,73.375,73.375,0
1786402315142,15000,die0,15000,15000,1,-1,73.375,73.375,0
1786402315242,15000,die0,15000,15000,1,-1,73.375,73.375,0
1786402315342,15000,die0,15000,15000,1,-1,73.375,73.375,0
1786402315442,15000,die0,15000,15000,1,-1,73.375,73.375,0
1786402315542,15000,die0,15000,15000,1,-1,73.375,73.375,0
1786402315642,15000,die0,15000,15000,1,-1,73.375,73.375,0
1786402315742,15000,die0,15000,15000,1,-1,73.375,73.375,0
1786402315842,15000,die0,15000,15000,1,-1,73.5625,73.5625,0
1786402315942,15000,die0,15000,15000,1,-1,73.5625,73.5625,0
1786402316042,15000,die0,15000,15000,1,-1,73.5625,73.5625,0
1786402316142,15000,die0,15000,15000,1,-1,73.5625,73.5625,0
1786402316242,15000,die0,15000,15000,1,-1,73.5625,73.5625,0
1786402316342,15000,die0,15000,15000,1,-1,73.5625,73.5625,0
1786402316442,15000,die0,15000,15000,1,-1,73.5625,73.5625,0
1786402316542,15000,die0,15000,15000,1,-1,73.5625,73.5625,0
1786402316643,15000,die0,15000,15000,1,-1,73.5625,73.5625,0
1786402316742,15000,die0,15000,15000,1,-1,73.5625,73.5625,0
1786402316842,15000,die0,15000,15000,1,-1,73.4375,73.4375,0
1786402316942,15000,die0,15000,15000,1,-1,73.4375,73.4375,0
1786402317042,15000,die0,15000,15000,1,-1,73.4375,73.4375,0
1786402317142,15000,die0,15000,15000,1,-1,73.4375,73.4375,0
1786402317242,15000,die0,15000,15000,1,-1,73.4375,73.4375,0
1786402317342,15000,die0,15000,15000,1,-1,73.4375,73.4375,0
1786402317442,15000,die0,15000,15000,1,-1,73.4375,73.4375,0
1786402317542,15000,die0,15000,15000,1,-1,73.4375,73.4375,0
1786402317642,15000,die0,15000,15000,1,-1,73.4375,73.4375,0
1786402317742,15000,die0,15000,15000,1,-1,73.4375,73.4375,0
1786402317842,15000,die0,15000,15000,1,-1,73.375,73.375,0
1786402317942,15000,die0,15000,15000,1,-1,73.375,73.375,0
1786402318042,15000,die0,15000,15000,1,-1,73.375,73.375,0
1786402318143,15000,die0,15000,15000,1,-1,73.375,73.375,0
1786402318242,15000,die0,15000,15000,1,-1,73.375,73.375,0
1786402318342,15000,die0,15000,15000,1,-1,73.375,73.375,0
1786402318442,15000,die0,15000,15000,1,-1,73.375,73.375,0
1786402318542,15000,die0,15000,15000,1,-1,73.375,73.375,0
1786402318642,15000,die0,15000,15000,1,-1,73.375,73.375,0
1786402318743,15000,die0,15000,15000,1,-1,73.375,73.375,0
1786402318842,15000,die0,15000,15000,1,-1,73.375,73.375,0
1786402318942,15000,die0,15000,15000,1,-1,73.375,73.375,0
1786402319042,15000,die0,15000,15000,1,-1,73.375,73.375,0
1786402319146,15000,die0,15000,15000,1,-1,73.375,73.375,0
1786402319242,15000,die0,15000,15000,1,-1,73.375,73.375,0
1786402319342,15000,die0,15000,15000,1,-1,73.375,73.375,0
1786402319442,15000,die0,15000,15000,1,-1,73.375,73.375,0
1786402319542,15000,die0,15000,15000,1,-1,73.375,73.375,0
1786402319642,15000,die0,15000,15000,1,-1,73.375,73.375,0
1786402319742,15000,die0,15000,15000,1,-1,73.375,73.375,0
1786402319842,15000,die0,15000,15000,1,-1,73.4375,73.4375,0
1786402319942,15000,die0,15000,15000,1,-1,73.4375,73.4375,0
1786402320042,15000,die0,15000,15000,1,-1,73.4375,73.4375,0
1786402320142,15000,die0,15000,15000,1,-1,73.4375,73.4375,0
1786402320242,15000,die0,15000,15000,1,-1,73.4375,73.4375,0
1786402320342,15000,die0,15000,15000,1,-1,73.4375,73.4375,0
1786402320442,15000,die0,15000,15000,1,-1,73.4375,73.4375,0
1786402320542,15000,die0,15000,15000,1,-1,73.4375,73.4375,0
1786402320642,15000,die0,15000,15000,1,-1,73.4375,73.4375,0
1786402320742,15000,die0,15000,15000,1,-1,73.4375,73.4375,0
1786402320842,15000,die0,15000,15000,1,-1,73.4375,73.4375,0
1786402320942,15000,die0,15000,15000,1,-1,73.4375,73.4375,0
1786402321042,15000,die0,15000,15000,1,-1,73.4375,73.4375,0
1786402321142,15000,die0,15000,15000,1,-1,73.4375,73.4375,0
1786402321242,15000,die0,15000,15000,1,-1,73.4375,73.4375,0
1786402321342,15000,die0,15000,15000,1,-1,73.4375,73.4375,0
1786402321442,15000,die0,15000,15000,1,-1,73.4375,73.4375,0
1786402321542,15000,die0,15000,15000,1,-1,73.4375,73.4375,0
1786402321642,15000,die0,15000,15000,1,-1,73.4375,73.4375,0
1786402321742,15000,die0,15000,15000,1,-1,73.4375,73.4375,0
1786402321842,15000,die0,15000,15000,1,-1,73.4375,73.4375,0
1786402321942,15000,die0,15000,15000,1,-1,73.4375,73.4375,0
1786402322042,15000,die0,15000,15000,1,-1,73.4375,73.4375,0
1786402322142,15000,die0,15000,15000,1,-1,73.4375,73.4375,0
1786402322242,15000,die0,15000,15000,1,-1,73.4375,73.4375,0
1786402322342,15000,die0,15000,15000,1,-1,73.4375,73.4375,0
1786402322442,15000,die0,15000,15000,1,-1,73.4375,73.4375,0
1786402322542,15000,die0,15000,15000,1,-1,73.4375,73.4375,0
1786402322642,15000,die0,15000,15000,1,-1,73.4375,73.4375,0
1786402322742,15000,die0,15000,15000,1,-1,73.4375,73.4375,0
1786402322842,15000,die0,15000,15000,1,-1,73.4375,73.4375,0
1786402322942,15000,die0,15000,15000,1,-1,73.4375,73.4375,0
1786402323042,15000,die0,15000,15000,1,-1,73.4375,73.4375,0
1786402323142,15000,die0,15000,15000,1,-1,73.4375,73.4375,0
1786402323242,15000,die0,15000,15000,1,-1,73.4375,73.4375,0
1786402323342,15000,die0,15000,15000,1,-1,73.4375,73.4375,0
1786402323442,15000,die0,15000,15000,1,-1,73.4375,73.4375,0
1786402323542,15000,die0,15000,15000,1,-1,73.4375,73.4375,0
1786402323642,15000,die0,15000,15000,1,-1,73.4375,73.4375,0
1786402323742,15000,die0,15000,15000,1,-1,73.4375,73.4375,0
1786402323842,15000,die0,15000,15000,1,-1,73.375,73.375,0
1786402323942,15000,die0,15000,15000,1,-1,73.375,73.375,0
1786402324042,15000,die0,15000,15000,1,-1,73.375,73.375,0
1786402324142,15000,die0,15000,15000,1,-1,73.375,73.375,0
1786402324242,15000,die0,15000,15000,1,-1,73.375,73.375,0
1786402324342,15000,die0,15000,15000,1,-1,73.375,73.375,0
1786402324442,15000,die0,15000,15000,1,-1,73.375,73.375,0
1786402324542,15000,die0,15000,15000,1,-1,73.375,73.375,0
1786402324642,15000,die0,15000,15000,1,-1,73.375,73.375,0
1786402324742,15000,die0,15000,15000,1,-1,73.375,73.375,0
1786402324842,15000,die0,15000,15000,1,-1,73.375,73.375,0
1786402324942,15000,die0,15000,15000,1,-1,73.375,73.375,0
1786402325042,15000,die0,15000,15000,1,-1,73.375,73.375,0
1786402325142,15000,die0,15000,15000,1,-1,73.375,73.375,0
1786402325242,15000,die0,15000,15000,1,-1,73.375,73.375,0
1786402325342,15000,die0,15000,15000,1,-1,73.375,73.375,0
1786402325442,15000,die0,15000,15000,1,-1,73.375,73.375,0
1786402325542,15000,die0,15000,15000,1,-1,73.375,73.375,0
1786402325642,15000,die0,15000,15000,1,-1,73.375,73.375,0
1786402325742,15000,die0,15000,15000,1,-1,73.375,73.375,0
1786402325842,15000,die0,15000,15000,1,-1,73.4375,73.4375,0
1786402325942,15000,die0,15000,15000,1,-1,73.4375,73.4375,0
1786402326042,15000,die0,15000,15000,1,-1,73.4375,73.4375,0
1786402326142,15000,die0,15000,15000,1,-1,73.4375,73.4375,0
1786402326242,15000,die0,15000,15000,1,-1,73.4375,73.4375,0
1786402326342,15000,die0,15000,15000,1,-1,73.4375,73.4375,0
1786402326442,15000,die0,15000,15000,1,-1,73.4375,73.4375,0
1786402326542,15000,die0,15000,15000,1,-1,73.4375,73.4375,0
1786402326643,15000,die0,15000,15000,1,-1,73.4375,73.4375,0
1786402326742,15000,die0,15000,15000,1,-1,73.4375,73.4375,0
1786402326842,15000,die0,15000,15000,1,-1,73.3125,73.3125,0
1786402326942,15000,die0,15000,15000,1,-1,73.3125,73.3125,0
1786402327042,15000,die0,15000,15000,1,-1,73.3125,73.3125,0
1786402327142,15000,die0,15000,15000,1,-1,73.3125,73.3125,0
1786402327243,15000,die0,15000,15000,1,-1,73.3125,73.3125,0
1786402327342,15000,die0,15000,15000,1,-1,73.3125,73.3125,0
1786402327442,15000,die0,15000,15000,1,-1,73.3125,73.3125,0
1786402327542,15000,die0,15000,15000,1,-1,73.3125,73.3125,0
1786402327642,15000,die0,15000,15000,1,-1,73.3125,73.3125,0
1786402327746,15000,die0,15000,15000,1,-1,73.3125,73.3125,0
1786402327842,15000,die0,15000,15000,1,-1,73.4375,73.4375,0
1786402327942,15000,die0,15000,15000,1,-1,73.4375,73.4375,0
1786402328042,15000,die0,15000,15000,1,-1,73.4375,73.4375,0
1786402328142,15000,die0,15000,15000,1,-1,73.4375,73.4375,0
1786402328242,15000,die0,15000,15000,1,-1,73.4375,73.4375,0
1786402328342,15000,die0,15000,15000,1,-1,73.4375,73.4375,0
1786402328442,15000,die0,15000,15000,1,-1,73.4375,73.4375,0
1786402328542,15000,die0,15000,15000,1,-1,73.4375,73.4375,0
1786402328642,15000,die0,15000,15000,1,-1,73.4375,73.4375,0
1786402328742,15000,die0,15000,15000,1,-1,73.4375,73.4375,0
1786402328842,15000,die0,15000,15000,1,-1,73.25,73.25,0
1786402328942,15000,die0,15000,15000,1,-1,73.25,73.25,0
1786402329042,15000,die0,15000,15000,1,-1,73.25,73.25,0
1786402329142,15000,die0,15000,15000,1,-1,73.25,73.25,0
1786402329242,15000,die0,15000,15000,1,-1,73.25,73.25,0
1786402329342,15000,die0,15000,15000,1,-1,73.25,73.25,0
1786402329442,15000,die0,15000,15000,1,-1,73.25,73.25,0
1786402329542,15000,die0,15000,15000,1,-1,73.25,73.25,0
1786402329642,15000,die0,15000,15000,1,-1,73.25,73.25,0
1786402329742,15000,die0,15000,15000,1,-1,73.25,73.25,0
1786402329842,15000,die0,15000,15000,1,-1,73.375,73.375,0
1786402329942,15000,die0,15000,15000,1,-1,73.375,73.375,0
1786402330043,15000,die0,15000,15000,1,-1,73.375,73.375,0
1786402330143,15000,die0,15000,15000,1,-1,73.375,73.375,0
1786402330242,15000,die0,15000,15000,1,-1,73.375,73.375,0
1786402330342,15000,die0,15000,15000,1,-1,73.375,73.375,0
1786402330442,15000,die0,15000,15000,1,-1,73.375,73.375,0
1786402330542,15000,die0,15000,15000,1,-1,73.375,73.375,0
1786402330642,15000,die0,15000,15000,1,-1,73.375,73.375,0
1786402330742,15000,die0,15000,15000,1,-1,73.375,73.375,0
1786402330842,15000,die0,15000,15000,1,-1,73.3125,73.3125,0
1786402330942,15000,die0,15000,15000,1,-1,73.3125,73.3125,0
1786402331042,15000,die0,15000,15000,1,-1,73.3125,73.3125,0
1786402331142,15000,die0,15000,15000,1,-1,73.3125,73.3125,0
1786402331242,15000,die0,15000,15000,1,-1,73.3125,73.3125,0
1786402331342,15000,die0,15000,15000,1,-1,73.3125,73.3125,0
1786402331442,15000,die0,15000,15000,1,-1,73.3125,73.3125,0
1786402331542,15000,die0,15000,15000,1,-1,73.3125,73.3125,0
1786402331642,15000,die0,15000,15000,1,-1,73.3125,73.3125,0
1786402331742,15000,die0,15000,15000,1,-1,73.3125,73.3125,0
1786402331842,15000,die0,15000,15000,1,-1,73.4375,73.4375,0
1786402331942,15000,die0,15000,15000,1,-1,73.4375,73.4375,0
1786402332042,15000,die0,15000,15000,1,-1,73.4375,73.4375,0
1786402332142,15000,die0,15000,15000,1,-1,73.4375,73.4375,0
1786402332242,15000,die0,15000,15000,1,-1,73.4375,73.4375,0
1786402332342,15000,die0,15000,15000,1,-1,73.4375,73.4375,0
1786402332442,15000,die0,15000,15000,1,-1,73.4375,73.4375,0
1786402332542,15000,die0,15000,15000,1,-1,73.4375,73.4375,0
1786402332642,15000,die0,15000,15000,1,-1,73.4375,73.4375,0
1786402332742,15000,die0,15000,15000,1,-1,73.4375,73.4375,0
1786402332842,15000,die0,15000,15000,1,-1,73.375,73.375,0
1786402332942,15000,die0,15000,15000,1,-1,73.375,73.375,0
1786402333042,15000,die0,15000,15000,1,-1,73.375,73.375,0
1786402333142,15000,die0,15000,15000,1,-1,73.375,73.375,0
1786402333243,15000,die0,15000,15000,1,-1,73.375,73.375,0
1786402333342,15000,die0,15000,15000,1,-1,73.375,73.375,0
1786402333442,15000,die0,15000,15000,1,-1,73.375,73.375,0
1786402333542,15000,die0,15000,15000,1,-1,73.375,73.375,0
1786402333642,15000,die0,15000,15000,1,-1,73.375,73.375,0
1786402333742,15000,die0,15000,15000,1,-1,73.375,73.375,0
1786402333843,15000,die0,15000,15000,1,-1,73.25,73.25,0
1786402333942,15000,die0,15000,15000,1,-1,73.25,73.25,0
1786402334042,15000,die0,15000,15000,1,-1,73.25,73.25,0
1786402334142,15000,die0,15000,15000,1,-1,73.25,73.25,0
1786402334242,15000,die0,15000,15000,1,-1,73.25,73.25,0
1786402334342,15000,die0,15000,15000,1,-1,73.25,73.25,0
1786402334442,15000,die0,15000,15000,1,-1,73.25,73.25,0
1786402334542,15000,die0,15000,15000,1,-1,73.25,73.25,0
1786402334642,15000,die0,15000,15000,1,-1,73.25,73.25,0
1786402334742,15000,die0,15000,15000,1,-1,73.25,73.25,0
1786402334842,15000,die0,15000,15000,1,-1,73.25,73.25,0
1786402334942,15000,die0,15000,15000,1,-1,73.25,73.25,0
1786402335042,15000,die0,15000,15000,1,-1,73.25,73.25,0
1786402335142,15000,die0,15000,15000,1,-1,73.25,73.25,0
1786402335242,15000,die0,15000,15000,1,-1,73.25,73.25,0
1786402335342,15000,die0,15000,15000,1,-1,73.25,73.25,0
1786402335442,15000,die0,15000,15000,1,-1,73.25,73.25,0
1786402335542,15000,die0,15000,15000,1,-1,73.25,73.25,0
1786402335646,15000,die0,15000,15000,1,-1,73.25,73.25,0
1786402335742,15000,die0,15000,15000,1,-1,73.25,73.25,0
1786402335842,15000,die0,15000,15000,1,-1,73.3125,73.3125,0
1786402335942,15000,die0,15000,15000,1,-1,73.3125,73.3125,0
1786402336042,15000,die0,15000,15000,1,-1,73.3125,73.3125,0
1786402336142,15000,die0,15000,15000,1,-1,73.3125,73.3125,0
1786402336242,15000,die0,15000,15000,1,-1,73.3125,73.3125,0
1786402336342,15000,die0,15000,15000,1,-1,73.3125,73.3125,0
1786402336442,15000,die0,15000,15000,1,-1,73.3125,73.3125,0
1786402336542,15000,die0,15000,15000,1,-1,73.3125,73.3125,0
1786402336642,15000,die0,15000,15000,1,-1,73.3125,73.3125,0
1786402336742,15000,die0,15000,15000,1,-1,73.3125,73.3125,0
1786402336842,15000,die0,15000,15000,1,-1,73.375,73.375,0
1786402336942,15000,die0,15000,15000,1,-1,73.375,73.375,0
1786402337042,15000,die0,15000,15000,1,-1,73.375,73.375,0
1786402337142,15000,die0,15000,15000,1,-1,73.375,73.375,0
1786402337242,15000,die0,15000,15000,1,-1,73.375,73.375,0
1786402337342,15000,die0,15000,15000,1,-1,73.375,73.375,0
1786402337442,15000,die0,15000,15000,1,-1,73.375,73.375,0
1786402337542,15000,die0,15000,15000,1,-1,73.375,73.375,0
1786402337642,15000,die0,15000,15000,1,-1,73.375,73.375,0
1786402337742,15000,die0,15000,15000,1,-1,73.375,73.375,0
1786402337842,15000,die0,15000,15000,1,-1,73.25,73.25,0
1786402337942,15000,die0,15000,15000,1,-1,73.25,73.25,0
1786402338042,15000,die0,15000,15000,1,-1,73.25,73.25,0
1786402338142,15000,die0,15000,15000,1,-1,73.25,73.25,0
1786402338242,15000,die0,15000,15000,1,-1,73.25,73.25,0
1786402338342,15000,die0,15000,15000,1,-1,73.25,73.25,0
1786402338442,15000,die0,15000,15000,1,-1,73.25,73.25,0
1786402338542,15000,die0,15000,15000,1,-1,73.25,73.25,0
1786402338642,15000,die0,15000,15000,1,-1,73.25,73.25,0
1786402338742,15000,die0,15000,15000,1,-1,73.25,73.25,0
1786402338842,15000,die0,15000,15000,1,-1,73.3125,73.3125,0
1786402338942,15000,die0,15000,15000,1,-1,73.3125,73.3125,0
1786402339042,15000,die0,15000,15000,1,-1,73.3125,73.3125,0
1786402339142,15000,die0,15000,15000,1,-1,73.3125,73.3125,0
1786402339242,15000,die0,15000,15000,1,-1,73.3125,73.3125,0
1786402339342,15000,die0,15000,15000,1,-1,73.3125,73.3125,0
1786402339442,15000,die0,15000,15000,1,-1,73.3125,73.3125,0
1786402339542,15000,die0,15000,15000,1,-1,73.3125,73.3125,0
1786402339642,15000,die0,15000,15000,1,-1,73.3125,73.3125,0
1786402339742,15000,die0,15000,15000,1,-1,73.3125,73.3125,0
1786402339842,15000,die0,15000,15000,1,-1,73.25,73.25,0
1786402339942,15000,die0,15000,15000,1,-1,73.25,73.25,0
1786402340042,15000,die0,15000,15000,1,-1,73.25,73.25,0
1786402340142,15000,die0,15000,15000,1,-1,73.25,73.25,0
1786402340242,15000,die0,15000,15000,1,-1,73.25,73.25,0
1786402340342,15000,die0,15000,15000,1,-1,73.25,73.25,0
1786402340442,15000,die0,15000,15000,1,-1,73.25,73.25,0
1786402340542,15000,die0,15000,15000,1,-1,73.25,73.25,0
1786402340642,15000,die0,15000,15000,1,-1,73.25,73.25,0
1786402340742,15000,die0,15000,15000,1,-1,73.25,73.25,0
1786402340842,15000,die0,15000,15000,1,-1,73.3125,73.3125,0
1786402340942,15000,die0,15000,15000,1,-1,73.3125,73.3125,0
1786402341042,15000,die0,15000,15000,1,-1,73.3125,73.3125,0
1786402341142,15000,die0,15000,15000,1,-1,73.3125,73.3125,0
1786402341242,15000,die0,15000,15000,1,-1,73.3125,73.3125,0
1786402341342,15000,die0,15000,15000,1,-1,73.3125,73.3125,0
1786402341442,15000,die0,15000,15000,1,-1,73.3125,73.3125,0
1786402341542,15000,die0,15000,15000,1,-1,73.3125,73.3125,0
1786402341642,15000,die0,15000,15000,1,-1,73.3125,73.3125,0
1786402341742,15000,die0,15000,15000,1,-1,73.3125,73.3125,0
1786402341842,15000,die0,15000,15000,1,-1,73.3125,73.3125,0
1786402341942,15000,die0,15000,15000,1,-1,73.3125,73.3125,0
1786402342042,15000,die0,15000,15000,1,-1,73.3125,73.3125,0
1786402342142,15000,die0,15000,15000,1,-1,73.3125,73.3125,0
1786402342242,15000,die0,15000,15000,1,-1,73.3125,73.3125,0
1786402342342,15000,die0,15000,15000,1,-1,73.3125,73.3125,0
1786402342442,15000,die0,15000,15000,1,-1,73.3125,73.3125,0
1786402342542,15000,die0,15000,15000,1,-1,73.3125,73.3125,0
1786402342642,15000,die0,15000,15000,1,-1,73.3125,73.3125,0
1786402342742,15000,die0,15000,15000,1,-1,73.3125,73.3125,0
1786402342842,15000,die0,15000,15000,1,-1,73.1875,73.1875,0
1786402342942,15000,die0,15000,15000,1,-1,73.1875,73.1875,0
1786402343043,15000,die0,15000,15000,1,-1,73.1875,73.1875,0
1786402343142,15000,die0,15000,15000,1,-1,73.1875,73.1875,0
1786402343242,15000,die0,15000,15000,1,-1,73.1875,73.1875,0
1786402343344,15000,die0,15000,15000,1,-1,73.1875,73.1875,0
1786402343442,15000,die0,15000,15000,1,-1,73.1875,73.1875,0
1786402343542,15000,die0,15000,15000,1,-1,73.1875,73.1875,0
1786402343642,15000,die0,15000,15000,1,-1,73.1875,73.1875,0
1786402343742,15000,die0,15000,15000,1,-1,73.1875,73.1875,0
1786402343842,15000,die0,15000,15000,1,-1,73.25,73.25,0
1786402343942,15000,die0,15000,15000,1,-1,73.25,73.25,0
1786402344043,15000,die0,15000,15000,1,-1,73.25,73.25,0
1786402344142,15000,die0,15000,15000,1,-1,73.25,73.25,0
1786402344242,15000,die0,15000,15000,1,-1,73.25,73.25,0
1786402344342,15000,die0,15000,15000,1,-1,73.25,73.25,0
1786402344442,15000,die0,15000,15000,1,-1,73.25,73.25,0
1786402344542,15000,die0,15000,15000,1,-1,73.25,73.25,0
1786402344642,15000,die0,15000,15000,1,-1,73.25,73.25,0
1786402344742,15000,die0,15000,15000,1,-1,73.25,73.25,0
1786402344842,15000,die0,15000,15000,1,-1,73.25,73.25,0
1786402344942,15000,die0,15000,15000,1,-1,73.25,73.25,0
1786402345042,15000,die0,15000,15000,1,-1,73.25,73.25,0
1786402345142,15000,die0,15000,15000,1,-1,73.25,73.25,0
1786402345242,15000,die0,15000,15000,1,-1,73.25,73.25,0
1786402345342,15000,die0,15000,15000,1,-1,73.25,73.25,0
1786402345442,15000,die0,15000,15000,1,-1,73.25,73.25,0
1786402345542,15000,die0,15000,15000,1,-1,73.25,73.25,0
1786402345642,15000,die0,15000,15000,1,-1,73.25,73.25,0
1786402345742,15000,die0,15000,15000,1,-1,73.25,73.25,0
1786402345842,15000,die0,15000,15000,1,-1,73.125,73.125,0
1786402345943,15000,die0,15000,15000,1,-1,73.125,73.125,0
1786402346042,15000,die0,15000,15000,1,-1,73.125,73.125,0
1786402346142,15000,die0,15000,15000,1,-1,73.125,73.125,0
1786402346242,15000,die0,15000,15000,1,-1,73.125,73.125,0
1786402346342,15000,die0,15000,15000,1,-1,73.125,73.125,0
1786402346442,15000,die0,15000,15000,1,-1,73.125,73.125,0
1786402346542,15000,die0,15000,15000,1,-1,73.125,73.125,0
1786402346642,15000,die0,15000,15000,1,-1,73.125,73.125,0
1786402346742,15000,die0,15000,15000,1,-1,73.125,73.125,0
1786402346843,15000,die0,15000,15000,1,-1,73.1875,73.1875,0
1786402346942,15000,die0,15000,15000,1,-1,73.1875,73.1875,0
1786402347042,15000,die0,15000,15000,1,-1,73.1875,73.1875,0
1786402347142,15000,die0,15000,15000,1,-1,73.1875,73.1875,0
1786402347242,15000,die0,15000,15000,1,-1,73.1875,73.1875,0
1786402347342,15000,die0,15000,15000,1,-1,73.1875,73.1875,0
1786402347442,15000,die0,15000,15000,1,-1,73.1875,73.1875,0
1786402347542,15000,die0,15000,15000,1,-1,73.1875,73.1875,0
1786402347642,15000,die0,15000,15000,1,-1,73.1875,73.1875,0
1786402347742,15000,die0,15000,15000,1,-1,73.1875,73.1875,0
1786402347842,15000,die0,15000,15000,1,-1,73.1875,73.1875,0
1786402347942,15000,die0,15000,15000,1,-1,73.1875,73.1875,0
1786402348042,15000,die0,15000,15000,1,-1,73.1875,73.1875,0
1786402348142,15000,die0,15000,15000,1,-1,73.1875,73.1875,0
1786402348242,15000,die0,15000,15000,1,-1,73.1875,73.1875,0
1786402348342,15000,die0,15000,15000,1,-1,73.1875,73.1875,0
1786402348442,15000,die0,15000,15000,1,-1,73.1875,73.1875,0
1786402348542,15000,die0,15000,15000,1,-1,73.1875,73.1875,0
1786402348642,15000,die0,15000,15000,1,-1,73.1875,73.1875,0
1786402348742,15000,die0,15000,15000,1,-1,73.1875,73.1875,0
1786402348842,15000,die0,15000,15000,1,-1,73.1875,73.1875,0
1786402348942,15000,die0,15000,15000,1,-1,73.1875,73.1875,0
1786402349042,15000,die0,15000,15000,1,-1,73.1875,73.1875,0
1786402349142,15000,die0,15000,15000,1,-1,73.1875,73.1875,0
1786402349242,15000,die0,15000,15000,1,-1,73.1875,73.1875,0
1786402349342,15000,die0,15000,15000,1,-1,73.1875,73.1875,0
1786402349442,15000,die0,15000,15000,1,-1,73.1875,73.1875,0
1786402349542,15000,die0,15000,15000,1,-1,73.1875,73.1875,0
1786402349643,15000,die0,15000,15000,1,-1,73.1875,73.1875,0
1786402349742,15000,die0,15000,15000,1,-1,73.1875,73.1875,0
1786402349842,15000,die0,15000,15000,1,-1,73.1875,73.1875,0
1786402349942,15000,die0,15000,15000,1,-1,73.1875,73.1875,0
1786402350042,15000,die0,15000,15000,1,-1,73.1875,73.1875,0
1786402350142,15000,die0,15000,15000,1,-1,73.1875,73.1875,0
1786402350242,15000,die0,15000,15000,1,-1,73.1875,73.1875,0
1786402350342,15000,die0,15000,15000,1,-1,73.1875,73.1875,0
1786402350442,15000,die0,15000,15000,1,-1,73.1875,73.1875,0
1786402350542,15000,die0,15000,15000,1,-1,73.1875,73.1875,0
1786402350642,15000,die0,15000,15000,1,-1,73.1875,73.1875,0
1786402350742,15000,die0,15000,15000,1,-1,73.1875,73.1875,0
1786402350842,15000,die0,15000,15000,1,-1,73.125,73.125,0
1786402350942,15000,die0,15000,15000,1,-1,73.125,73.125,0
1786402351042,15000,die0,15000,15000,1,-1,73.125,73.125,0
1786402351142,15000,die0,15000,15000,1,-1,73.125,73.125,0
1786402351242,15000,die0,15000,15000,1,-1,73.125,73.125,0
1786402351342,15000,die0,15000,15000,1,-1,73.125,73.125,0
1786402351442,15000,die0,15000,15000,1,-1,73.125,73.125,0
1786402351542,15000,die0,15000,15000,1,-1,73.125,73.125,0
1786402351642,15000,die0,15000,15000,1,-1,73.125,73.125,0
1786402351742,15000,die0,15000,15000,1,-1,73.125,73.125,0
1786402351842,15000,die0,15000,15000,1,-1,73.1875,73.1875,0
1786402351942,15000,die0,15000,15000,1,-1,73.1875,73.1875,0
1786402352042,15000,die0,15000,15000,1,-1,73.1875,73.1875,0
1786402352142,15000,die0,15000,15000,1,-1,73.1875,73.1875,0
1786402352242,15000,die0,15000,15000,1,-1,73.1875,73.1875,0
1786402352343,15000,die0,15000,15000,1,-1,73.1875,73.1875,0
1786402352442,15000,die0,15000,15000,1,-1,73.1875,73.1875,0
1786402352542,15000,die0,15000,15000,1,-1,73.1875,73.1875,0
1786402352642,15000,die0,15000,15000,1,-1,73.1875,73.1875,0
1786402352742,15000,die0,15000,15000,1,-1,73.1875,73.1875,0
1786402352842,15000,die0,15000,15000,1,-1,73.1875,73.1875,0
1786402352942,15000,die0,15000,15000,1,-1,73.1875,73.1875,0
1786402353042,15000,die0,15000,15000,1,-1,73.1875,73.1875,0
1786402353142,15000,die0,15000,15000,1,-1,73.1875,73.1875,0
1786402353242,15000,die0,15000,15000,1,-1,73.1875,73.1875,0
1786402353342,15000,die0,15000,15000,1,-1,73.1875,73.1875,0
1786402353442,15000,die0,15000,15000,1,-1,73.1875,73.1875,0
1786402353542,15000,die0,15000,15000,1,-1,73.1875,73.1875,0
1786402353643,15000,die0,15000,15000,1,-1,73.1875,73.1875,0
1786402353746,15000,die0,15000,15000,1,-1,73.1875,73.1875,0
1786402353842,15000,die0,15000,15000,1,-1,73.25,73.25,0
1786402353942,15000,die0,15000,15000,1,-1,73.25,73.25,0
1786402354042,15000,die0,15000,15000,1,-1,73.25,73.25,0
1786402354142,15000,die0,15000,15000,1,-1,73.25,73.25,0
1786402354242,15000,die0,15000,15000,1,-1,73.25,73.25,0
1786402354342,15000,die0,15000,15000,1,-1,73.25,73.25,0
1786402354442,15000,die0,15000,15000,1,-1,73.25,73.25,0
1786402354542,15000,die0,15000,15000,1,-1,73.25,73.25,0
1786402354642,15000,die0,15000,15000,1,-1,73.25,73.25,0
1786402354742,15000,die0,15000,15000,1,-1,73.25,73.25,0
1786402354842,15000,die0,15000,15000,1,-1,73.25,73.25,0
1786402354942,15000,die0,15000,15000,1,-1,73.25,73.25,0
1786402355042,15000,die0,15000,15000,1,-1,73.25,73.25,0
1786402355142,15000,die0,15000,15000,1,-1,73.25,73.25,0
1786402355242,15000,die0,15000,15000,1,-1,73.25,73.25,0
1786402355342,15000,die0,15000,15000,1,-1,73.25,73.25,0
1786402355442,15000,die0,15000,15000,1,-1,73.25,73.25,0
1786402355542,15000,die0,15000,15000,1,-1,73.25,73.25,0
1786402355642,15000,die0,15000,15000,1,-1,73.25,73.25,0
1786402355742,15000,die0,15000,15000,1,-1,73.25,73.25,0
1786402355842,15000,die0,15000,15000,1,-1,73.25,73.25,0
1786402355942,15000,die0,15000,15000,1,-1,73.25,73.25,0
1786402356042,15000,die0,15000,15000,1,-1,73.25,73.25,0
1786402356142,15000,die0,15000,15000,1,-1,73.25,73.25,0
1786402356242,15000,die0,15000,15000,1,-1,73.25,73.25,0
1786402356342,15000,die0,15000,15000,1,-1,73.25,73.25,0
1786402356443,15000,die0,15000,15000,1,-1,73.25,73.25,0
1786402356542,15000,die0,15000,15000,1,-1,73.25,73.25,0
1786402356642,15000,die0,15000,15000,1,-1,73.25,73.25,0
1786402356743,15000,die0,15000,15000,1,-1,73.25,73.25,0
1786402356842,15000,die0,15000,15000,1,-1,73.1875,73.1875,0
1786402356942,15000,die0,15000,15000,1,-1,73.1875,73.1875,0
1786402357042,15000,die0,15000,15000,1,-1,73.1875,73.1875,0
1786402357142,15000,die0,15000,15000,1,-1,73.1875,73.1875,0
1786402357242,15000,die0,15000,15000,1,-1,73.1875,73.1875,0
1786402357342,15000,die0,15000,15000,1,-1,73.1875,73.1875,0
1786402357442,15000,die0,15000,15000,1,-1,73.1875,73.1875,0
1786402357542,15000,die0,15000,15000,1,-1,73.1875,73.1875,0
1786402357642,15000,die0,15000,15000,1,-1,73.1875,73.1875,0
1786402357742,15000,die0,15000,15000,1,-1,73.1875,73.1875,0
1786402357842,15000,die0,15000,15000,1,-1,73.1875,73.1875,0
1786402357942,15000,die0,15000,15000,1,-1,73.1875,73.1875,0
1786402358042,15000,die0,15000,15000,1,-1,73.1875,73.1875,0
1786402358142,15000,die0,15000,15000,1,-1,73.1875,73.1875,0
1786402358242,15000,die0,15000,15000,1,-1,73.1875,73.1875,0
1786402358342,15000,die0,15000,15000,1,-1,73.1875,73.1875,0
1786402358442,15000,die0,15000,15000,1,-1,73.1875,73.1875,0
1786402358542,15000,die0,15000,15000,1,-1,73.1875,73.1875,0
1786402358642,15000,die0,15000,15000,1,-1,73.1875,73.1875,0
1786402358742,15000,die0,15000,15000,1,-1,73.1875,73.1875,0
1786402358842,15000,die0,15000,15000,1,-1,73.25,73.25,0
1786402358942,15000,die0,15000,15000,1,-1,73.25,73.25,0
1786402359043,15000,die0,15000,15000,1,-1,73.25,73.25,0
1786402359142,15000,die0,15000,15000,1,-1,73.25,73.25,0
1786402359242,15000,die0,15000,15000,1,-1,73.25,73.25,0
1786402359342,15000,die0,15000,15000,1,-1,73.25,73.25,0
1786402359442,15000,die0,15000,15000,1,-1,73.25,73.25,0
1786402359542,15000,die0,15000,15000,1,-1,73.25,73.25,0
1786402359642,15000,die0,15000,15000,1,-1,73.25,73.25,0
1786402359743,15000,die0,15000,15000,1,-1,73.25,73.25,0
1786402359842,15000,die0,15000,15000,1,-1,73.125,73.125,0
1786402359942,15000,die0,15000,15000,1,-1,73.125,73.125,0
1786402360042,15000,die0,15000,15000,1,-1,73.125,73.125,0
1786402360142,15000,die0,15000,15000,1,-1,73.125,73.125,0
1786402360242,15000,die0,15000,15000,1,-1,73.125,73.125,0
1786402360342,15000,die0,15000,15000,1,-1,73.125,73.125,0
1786402360442,15000,die0,15000,15000,1,-1,73.125,73.125,0
1786402360542,15000,die0,15000,15000,1,-1,73.125,73.125,0
1786402360642,15000,die0,15000,15000,1,-1,73.125,73.125,0
1786402360742,15000,die0,15000,15000,1,-1,73.125,73.125,0
1786402360842,15000,die0,15000,15000,1,-1,73.1875,73.1875,0
1786402360942,15000,die0,15000,15000,1,-1,73.1875,73.1875,0
1786402361042,15000,die0,15000,15000,1,-1,73.1875,73.1875,0
1786402361142,15000,die0,15000,15000,1,-1,73.1875,73.1875,0
1786402361242,15000,die0,15000,15000,1,-1,73.1875,73.1875,0
1786402361342,15000,die0,15000,15000,1,-1,73.1875,73.1875,0
1786402361442,15000,die0,15000,15000,1,-1,73.1875,73.1875,0
1786402361542,15000,die0,15000,15000,1,-1,73.1875,73.1875,0
1786402361642,15000,die0,15000,15000,1,-1,73.1875,73.1875,0
1786402361742,15000,die0,15000,15000,1,-1,73.1875,73.1875,0
1786402361842,15000,die0,15000,15000,1,-1,73.1875,73.1875,0
1786402361942,15000,die0,15000,15000,1,-1,73.1875,73.1875,0
1786402362043,15000,die0,15000,15000,1,-1,73.1875,73.1875,0
1786402362142,15000,die0,15000,15000,1,-1,73.1875,73.1875,0
1786402362242,15000,die0,15000,15000,1,-1,73.1875,73.1875,0
1786402362342,15000,die0,15000,15000,1,-1,73.1875,73.1875,0
1786402362442,15000,die0,15000,15000,1,-1,73.1875,73.1875,0
1786402362542,15000,die0,15000,15000,1,-1,73.1875,73.1875,0
1786402362642,15000,die0,15000,15000,1,-1,73.1875,73.1875,0
1786402362742,15000,die0,15000,15000,1,-1,73.1875,73.1875,0
1786402362842,15000,die0,15000,15000,1,-1,73.0625,73.0625,0
1786402362942,15000,die0,15000,15000,1,-1,73.0625,73.0625,0
1786402363042,15000,die0,15000,15000,1,-1,73.0625,73.0625,0
1786402363142,15000,die0,15000,15000,1,-1,73.0625,73.0625,0
1786402363242,15000,die0,15000,15000,1,-1,73.0625,73.0625,0
1786402363342,15000,die0,15000,15000,1,-1,73.0625,73.0625,0
1786402363442,15000,die0,15000,15000,1,-1,73.0625,73.0625,0
1786402363542,15000,die0,15000,15000,1,-1,73.0625,73.0625,0
1786402363642,15000,die0,15000,15000,1,-1,73.0625,73.0625,0
1786402363742,15000,die0,15000,15000,1,-1,73.0625,73.0625,0
1786402363842,15000,die0,15000,15000,1,-1,73.0625,73.0625,0
1786402363942,15000,die0,15000,15000,1,-1,73.0625,73.0625,0
1786402364042,15000,die0,15000,15000,1,-1,73.0625,73.0625,0
1786402364142,15000,die0,15000,15000,1,-1,73.0625,73.0625,0
1786402364242,15000,die0,15000,15000,1,-1,73.0625,73.0625,0
1786402364342,15000,die0,15000,15000,1,-1,73.0625,73.0625,0
1786402364442,15000,die0,15000,15000,1,-1,73.0625,73.0625,0
1786402364542,15000,die0,15000,15000,1,-1,73.0625,73.0625,0
1786402364642,15000,die0,15000,15000,1,-1,73.0625,73.0625,0
1786402364742,15000,die0,15000,15000,1,-1,73.0625,73.0625,0
1786402364842,15000,die0,15000,15000,1,-1,73.0625,73.0625,0
1786402364942,15000,die0,15000,15000,1,-1,73.0625,73.0625,0
1786402365042,15000,die0,15000,15000,1,-1,73.0625,73.0625,0
1786402365142,15000,die0,15000,15000,1,-1,73.0625,73.0625,0
1786402365242,15000,die0,15000,15000,1,-1,73.0625,73.0625,0
1786402365342,15000,die0,15000,15000,1,-1,73.0625,73.0625,0
1786402365442,15000,die0,15000,15000,1,-1,73.0625,73.0625,0
1786402365542,15000,die0,15000,15000,1,-1,73.0625,73.0625,0
1786402365642,15000,die0,15000,15000,1,-1,73.0625,73.0625,0
1786402365742,15000,die0,15000,15000,1,-1,73.0625,73.0625,0
1786402365842,15000,die0,15000,15000,1,-1,73.125,73.125,0
1786402365942,15000,die0,15000,15000,1,-1,73.125,73.125,0
1786402366042,15000,die0,15000,15000,1,-1,73.125,73.125,0
1786402366142,15000,die0,15000,15000,1,-1,73.125,73.125,0
1786402366242,15000,die0,15000,15000,1,-1,73.125,73.125,0
1786402366342,15000,die0,15000,15000,1,-1,73.125,73.125,0
1786402366442,15000,die0,15000,15000,1,-1,73.125,73.125,0
1786402366542,15000,die0,15000,15000,1,-1,73.125,73.125,0
1786402366642,15000,die0,15000,15000,1,-1,73.125,73.125,0
1786402366742,15000,die0,15000,15000,1,-1,73.125,73.125,0
1786402366846,15000,die0,15000,15000,1,-1,73.125,73.125,0
1786402366942,15000,die0,15000,15000,1,-1,73.125,73.125,0
1786402367042,15000,die0,15000,15000,1,-1,73.125,73.125,0
1786402367142,15000,die0,15000,15000,1,-1,73.125,73.125,0
1786402367242,15000,die0,15000,15000,1,-1,73.125,73.125,0
1786402367342,15000,die0,15000,15000,1,-1,73.125,73.125,0
1786402367442,15000,die0,15000,15000,1,-1,73.125,73.125,0
1786402367542,15000,die0,15000,15000,1,-1,73.125,73.125,0
1786402367642,15000,die0,15000,15000,1,-1,73.125,73.125,0
1786402367742,15000,die0,15000,15000,1,-1,73.125,73.125,0
1786402367843,15000,die0,15000,15000,1,-1,73.1875,73.1875,0
1786402367942,15000,die0,15000,15000,1,-1,73.1875,73.1875,0
1786402368042,15000,die0,15000,15000,1,-1,73.1875,73.1875,0
1786402368142,15000,die0,15000,15000,1,-1,73.1875,73.1875,0
1786402368242,15000,die0,15000,15000,1,-1,73.1875,73.1875,0
1786402368342,15000,die0,15000,15000,1,-1,73.1875,73.1875,0
1786402368442,15000,die0,15000,15000,1,-1,73.1875,73.1875,0
1786402368542,15000,die0,15000,15000,1,-1,73.1875,73.1875,0
1786402368642,15000,die0,15000,15000,1,-1,73.1875,73.1875,0
1786402368742,15000,die0,15000,15000,1,-1,73.1875,73.1875,0
1786402368842,15000,die0,15000,15000,1,-1,73.125,73.125,0
1786402368942,15000,die0,15000,15000,1,-1,73.125,73.125,0
1786402369042,15000,die0,15000,15000,1,-1,73.125,73.125,0
1786402369142,15000,die0,15000,15000,1,-1,73.125,73.125,0
1786402369242,15000,die0,15000,15000,1,-1,73.125,73.125,0
1786402369342,15000,die0,15000,15000,1,-1,73.125,73.125,0
1786402369442,15000,die0,15000,15000,1,-1,73.125,73.125,0
1786402369542,15000,die0,15000,15000,1,-1,73.125,73.125,0
1786402369642,15000,die0,15000,15000,1,-1,73.125,73.125,0
1786402369742,15000,die0,15000,15000,1,-1,73.125,73.125,0
1786402369842,15000,die0,15000,15000,1,-1,73.125,73.125,0
1786402369942,15000,die0,15000,15000,1,-1,73.125,73.125,0
1786402370042,15000,die0,15000,15000,1,-1,73.125,73.125,0
1786402370142,15000,die0,15000,15000,1,-1,73.125,73.125,0
1786402370242,15000,die0,15000,15000,1,-1,73.125,73.125,0
1786402370342,15000,die0,15000,15000,1,-1,73.125,73.125,0
1786402370442,15000,die0,15000,15000,1,-1,73.125,73.125,0
1786402370542,15000,die0,15000,15000,1,-1,73.125,73.125,0
1786402370642,15000,die0,15000,15000,1,-1,73.125,73.125,0
1786402370742,15000,die0,15000,15000,1,-1,73.125,73.125,0
1786402370846,15000,die0,15000,15000,1,-1,73.1875,73.1875,0
1786402370942,15000,die0,15000,15000,1,-1,73.1875,73.1875,0
1786402371042,15000,die0,15000,15000,1,-1,73.1875,73.1875,0
1786402371142,15000,die0,15000,15000,1,-1,73.1875,73.1875,0
1786402371242,15000,die0,15000,15000,1,-1,73.1875,73.1875,0
1786402371342,15000,die0,15000,15000,1,-1,73.1875,73.1875,0
1786402371442,15000,die0,15000,15000,1,-1,73.1875,73.1875,0
1786402371542,15000,die0,15000,15000,1,-1,73.1875,73.1875,0
1786402371642,15000,die0,15000,15000,1,-1,73.1875,73.1875,0
1786402371742,15000,die0,15000,15000,1,-1,73.1875,73.1875,0
1786402371842,15000,die0,15000,15000,1,-1,73.0625,73.0625,0
1786402371942,15000,die0,15000,15000,1,-1,73.0625,73.0625,0
1786402372042,15000,die0,15000,15000,1,-1,73.0625,73.0625,0
1786402372142,15000,die0,15000,15000,1,-1,73.0625,73.0625,0
1786402372243,15000,die0,15000,15000,1,-1,73.0625,73.0625,0
1786402372342,15000,die0,15000,15000,1,-1,73.0625,73.0625,0
1786402372442,15000,die0,15000,15000,1,-1,73.0625,73.0625,0
1786402372543,15000,die0,15000,15000,1,-1,73.0625,73.0625,0
1786402372642,15000,die0,15000,15000,1,-1,73.0625,73.0625,0
1786402372742,15000,die0,15000,15000,1,-1,73.0625,73.0625,0
1786402372842,15000,die0,15000,15000,1,-1,73.0625,73.0625,0
1786402372942,15000,die0,15000,15000,1,-1,73.0625,73.0625,0
1786402373042,15000,die0,15000,15000,1,-1,73.0625,73.0625,0
1786402373142,15000,die0,15000,15000,1,-1,73.0625,73.0625,0
1786402373242,15000,die0,15000,15000,1,-1,73.0625,73.0625,0
1786402373346,15000,die0,15000,15000,1,-1,73.0625,73.0625,0
1786402373442,15000,die0,15000,15000,1,-1,73.0625,73.0625,0
1786402373542,15000,die0,15000,15000,1,-1,73.0625,73.0625,0
1786402373642,15000,die0,15000,15000,1,-1,73.0625,73.0625,0
1786402373742,15000,die0,15000,15000,1,-1,73.0625,73.0625,0
1786402373842,15000,die0,15000,15000,1,-1,73.0625,73.0625,0
1786402373942,15000,die0,15000,15000,1,-1,73.0625,73.0625,0
1786402374042,15000,die0,15000,15000,1,-1,73.0625,73.0625,0
1786402374142,15000,die0,15000,15000,1,-1,73.0625,73.0625,0
1786402374242,15000,die0,15000,15000,1,-1,73.0625,73.0625,0
1786402374342,15000,die0,15000,15000,1,-1,73.0625,73.0625,0
1786402374442,15000,die0,15000,15000,1,-1,73.0625,73.0625,0
1786402374542,15000,die0,15000,15000,1,-1,73.0625,73.0625,0
1786402374642,15000,die0,15000,15000,1,-1,73.0625,73.0625,0
1786402374742,15000,die0,15000,15000,1,-1,73.0625,73.0625,0
1786402374842,15000,die0,15000,15000,1,-1,73.0625,73.0625,0
1786402374942,15000,die0,15000,15000,1,-1,73.0625,73.0625,0
1786402375042,15000,die0,15000,15000,1,-1,73.0625,73.0625,0
1786402375142,15000,die0,15000,15000,1,-1,73.0625,73.0625,0
1786402375242,15000,die0,15000,15000,1,-1,73.0625,73.0625,0
1786402375342,15000,die0,15000,15000,1,-1,73.0625,73.0625,0
1786402375442,15000,die0,15000,15000,1,-1,73.0625,73.0625,0
1786402375542,15000,die0,15000,15000,1,-1,73.0625,73.0625,0
1786402375642,15000,die0,15000,15000,1,-1,73.0625,73.0625,0
1786402375742,15000,die0,15000,15000,1,-1,73.0625,73.0625,0
1786402375842,15000,die0,15000,15000,1,-1,73.1875,73.1875,0
1786402375942,15000,die0,15000,15000,1,-1,73.1875,73.1875,0
1786402376042,15000,die0,15000,15000,1,-1,73.1875,73.1875,0
1786402376142,15000,die0,15000,15000,1,-1,73.1875,73.1875,0
1786402376242,15000,die0,15000,15000,1,-1,73.1875,73.1875,0
1786402376342,15000,die0,15000,15000,1,-1,73.1875,73.1875,0
1786402376442,15000,die0,15000,15000,1,-1,73.1875,73.1875,0
1786402376542,15000,die0,15000,15000,1,-1,73.1875,73.1875,0
1786402376643,15000,die0,15000,15000,1,-1,73.1875,73.1875,0
1786402376742,15000,die0,15000,15000,1,-1,73.1875,73.1875,0
1786402376842,15000,die0,15000,15000,1,-1,73.0625,73.0625,0
1786402376942,15000,die0,15000,15000,1,-1,73.0625,73.0625,0
1786402377042,15000,die0,15000,15000,1,-1,73.0625,73.0625,0
1786402377142,15000,die0,15000,15000,1,-1,73.0625,73.0625,0
1786402377242,15000,die0,15000,15000,1,-1,73.0625,73.0625,0
1786402377342,15000,die0,15000,15000,1,-1,73.0625,73.0625,0
1786402377442,15000,die0,15000,15000,1,-1,73.0625,73.0625,0
1786402377542,15000,die0,15000,15000,1,-1,73.0625,73.0625,0
1786402377642,15000,die0,15000,15000,1,-1,73.0625,73.0625,0
1786402377742,15000,die0,15000,15000,1,-1,73.0625,73.0625,0
1786402377842,15000,die0,15000,15000,1,-1,73.125,73.125,0
1786402377942,15000,die0,15000,15000,1,-1,73.125,73.125,0
1786402378042,15000,die0,15000,15000,1,-1,73.125,73.125,0
1786402378142,15000,die0,15000,15000,1,-1,73.125,73.125,0
1786402378242,15000,die0,15000,15000,1,-1,73.125,73.125,0
1786402378342,15000,die0,15000,15000,1,-1,73.125,73.125,0
1786402378442,15000,die0,15000,15000,1,-1,73.125,73.125,0
1786402378542,15000,die0,15000,15000,1,-1,73.125,73.125,0
1786402378642,15000,die0,15000,15000,1,-1,73.125,73.125,0
1786402378743,15000,die0,15000,15000,1,-1,73.125,73.125,0
1786402378842,15000,die0,15000,15000,1,-1,73.0625,73.0625,0
1786402378942,15000,die0,15000,15000,1,-1,73.0625,73.0625,0
1786402379042,15000,die0,15000,15000,1,-1,73.0625,73.0625,0
1786402379142,15000,die0,15000,15000,1,-1,73.0625,73.0625,0
1786402379242,15000,die0,15000,15000,1,-1,73.0625,73.0625,0
1786402379342,15000,die0,15000,15000,1,-1,73.0625,73.0625,0
1786402379442,15000,die0,15000,15000,1,-1,73.0625,73.0625,0
1786402379542,15000,die0,15000,15000,1,-1,73.0625,73.0625,0
1786402379642,15000,die0,15000,15000,1,-1,73.0625,73.0625,0
1786402379742,15000,die0,15000,15000,1,-1,73.0625,73.0625,0
1786402379842,15000,die0,15000,15000,1,-1,73.0625,73.0625,0
1786402379942,15000,die0,15000,15000,1,-1,73.0625,73.0625,0
1786402380042,15000,die0,15000,15000,1,-1,73.0625,73.0625,0
1786402380142,15000,die0,15000,15000,1,-1,73.0625,73.0625,0
1786402380242,15000,die0,15000,15000,1,-1,73.0625,73.0625,0
1786402380342,15000,die0,15000,15000,1,-1,73.0625,73.0625,0
1786402380442,15000,die0,15000,15000,1,-1,73.0625,73.0625,0
1786402380542,15000,die0,15000,15000,1,-1,73.0625,73.0625,0
1786402380642,15000,die0,15000,15000,1,-1,73.0625,73.0625,0
1786402380742,15000,die0,15000,15000,1,-1,73.0625,73.0625,0
1786402380843,15000,die0,15000,15000,1,-1,73.125,73.125,0
1786402380942,15000,die0,15000,15000,1,-1,73.125,73.125,0
1786402381043,15000,die0,15000,15000,1,-1,73.125,73.125,0
1786402381142,15000,die0,15000,15000,1,-1,73.125,73.125,0
1786402381242,15000,die0,15000,15000,1,-1,73.125,73.125,0
1786402381342,15000,die0,15000,15000,1,-1,73.125,73.125,0
1786402381442,15000,die0,15000,15000,1,-1,73.125,73.125,0
1786402381542,15000,die0,15000,15000,1,-1,73.125,73.125,0
1786402381642,15000,die0,15000,15000,1,-1,73.125,73.125,0
1786402381742,15000,die0,15000,15000,1,-1,73.125,73.125,0
1786402381842,15000,die0,15000,15000,1,-1,73.125,73.125,0
1786402381942,15000,die0,15000,15000,1,-1,73.125,73.125,0
1786402382042,15000,die0,15000,15000,1,-1,73.125,73.125,0
1786402382142,15000,die0,15000,15000,1,-1,73.125,73.125,0
1786402382242,15000,die0,15000,15000,1,-1,73.125,73.125,0
1786402382342,15000,die0,15000,15000,1,-1,73.125,73.125,0
1786402382442,15000,die0,15000,15000,1,-1,73.125,73.125,0
1786402382542,15000,die0,15000,15000,1,-1,73.125,73.125,0
1786402382642,15000,die0,15000,15000,1,-1,73.125,73.125,0
1786402382742,15000,die0,15000,15000,1,-1,73.125,73.125,0
1786402382842,15000,die0,15000,15000,1,-1,73,73,0
1786402382942,15000,die0,15000,15000,1,-1,73,73,0
1786402383046,15000,die0,15000,15000,1,-1,73,73,0
1786402383142,15000,die0,15000,15000,1,-1,73,73,0
1786402383242,15000,die0,15000,15000,1,-1,73,73,0
1786402383342,15000,die0,15000,15000,1,-1,73,73,0
1786402383442,15000,die0,15000,15000,1,-1,73,73,0
1786402383542,15000,die0,15000,15000,1,-1,73,73,0
1786402383642,15000,die0,15000,15000,1,-1,73,73,0
1786402383742,15000,die0,15000,15000,1,-1,73,73,0
1786402383842,15000,die0,15000,15000,1,-1,73,73,0
1786402383942,15000,die0,15000,15000,1,-1,73,73,0
1786402384042,15000,die0,15000,15000,1,-1,73,73,0
1786402384142,15000,die0,15000,15000,1,-1,73,73,0
1786402384242,15000,die0,15000,15000,1,-1,73,73,0
1786402384342,15000,die0,15000,15000,1,-1,73,73,0
1786402384442,15000,die0,15000,15000,1,-1,73,73,0
1786402384542,15000,die0,15000,15000,1,-1,73,73,0
1786402384642,15000,die0,15000,15000,1,-1,73,73,0
1786402384746,15000,die0,15000,15000,1,-1,73,73,0
1786402384842,15000,die0,15000,15000,1,-1,73.0625,73.0625,0
1786402384942,15000,die0,15000,15000,1,-1,73.0625,73.0625,0
1786402385046,15000,die0,15000,15000,1,-1,73.0625,73.0625,0
1786402385142,15000,die0,15000,15000,1,-1,73.0625,73.0625,0
1786402385242,15000,die0,15000,15000,1,-1,73.0625,73.0625,0
1786402385342,15000,die0,15000,15000,1,-1,73.0625,73.0625,0
1786402385442,15000,die0,15000,15000,1,-1,73.0625,73.0625,0
1786402385542,15000,die0,15000,15000,1,-1,73.0625,73.0625,0
1786402385642,15000,die0,15000,15000,1,-1,73.0625,73.0625,0
1786402385742,15000,die0,15000,15000,1,-1,73.0625,73.0625,0
1786402385842,15000,die0,15000,15000,1,-1,73.125,73.125,0
1786402385942,15000,die0,15000,15000,1,-1,73.125,73.125,0
1786402386042,15000,die0,15000,15000,1,-1,73.125,73.125,0
1786402386142,15000,die0,15000,15000,1,-1,73.125,73.125,0
1786402386242,15000,die0,15000,15000,1,-1,73.125,73.125,0
1786402386346,15000,die0,15000,15000,1,-1,73.125,73.125,0
1786402386442,15000,die0,15000,15000,1,-1,73.125,73.125,0
1786402386542,15000,die0,15000,15000,1,-1,73.125,73.125,0
1786402386642,15000,die0,15000,15000,1,-1,73.125,73.125,0
1786402386742,15000,die0,15000,15000,1,-1,73.125,73.125,0
1786402386842,15000,die0,15000,15000,1,-1,73.0625,73.0625,0
1786402386942,15000,die0,15000,15000,1,-1,73.0625,73.0625,0
1786402387042,15000,die0,15000,15000,1,-1,73.0625,73.0625,0
1786402387142,15000,die0,15000,15000,1,-1,73.0625,73.0625,0
1786402387242,15000,die0,15000,15000,1,-1,73.0625,73.0625,0
1786402387342,15000,die0,15000,15000,1,-1,73.0625,73.0625,0
1786402387442,15000,die0,15000,15000,1,-1,73.0625,73.0625,0
1786402387542,15000,die0,15000,15000,1,-1,73.0625,73.0625,0
1786402387642,15000,die0,15000,15000,1,-1,73.0625,73.0625,0
1786402387742,15000,die0,15000,15000,1,-1,73.0625,73.0625,0
1786402387842,15000,die0,15000,15000,1,-1,72.9375,72.9375,0
1786402387942,15000,die0,15000,15000,1,-1,72.9375,72.9375,0
1786402388042,15000,die0,15000,15000,1,-1,72.9375,72.9375,0
1786402388142,15000,die0,15000,15000,1,-1,72.9375,72.9375,0
1786402388242,15000,die0,15000,15000,1,-1,72.9375,72.9375,0
1786402388342,15000,die0,15000,15000,1,-1,72.9375,72.9375,0
1786402388442,15000,die0,15000,15000,1,-1,72.9375,72.9375,0
1786402388542,15000,die0,15000,15000,1,-1,72.9375,72.9375,0
1786402388642,15000,die0,15000,15000,1,-1,72.9375,72.9375,0
1786402388742,15000,die0,15000,15000,1,-1,72.9375,72.9375,0
1786402388842,15000,die0,15000,15000,1,-1,73.1875,73.1875,0
1786402388942,15000,die0,15000,15000,1,-1,73.1875,73.1875,0
1786402389042,15000,die0,15000,15000,1,-1,73.1875,73.1875,0
1786402389142,15000,die0,15000,15000,1,-1,73.1875,73.1875,0
1786402389242,15000,die0,15000,15000,1,-1,73.1875,73.1875,0
1786402389342,15000,die0,15000,15000,1,-1,73.1875,73.1875,0
1786402389446,15000,die0,15000,15000,1,-1,73.1875,73.1875,0
1786402389542,15000,die0,15000,15000,1,-1,73.1875,73.1875,0
1786402389642,15000,die0,15000,15000,1,-1,73.1875,73.1875,0
1786402389742,15000,die0,15000,15000,1,-1,73.1875,73.1875,0
1786402389842,15000,die0,15000,15000,1,-1,73.125,73.125,0
1786402389942,15000,die0,15000,15000,1,-1,73.125,73.125,0
1786402390042,15000,die0,15000,15000,1,-1,73.125,73.125,0
1786402390142,15000,die0,15000,15000,1,-1,73.125,73.125,0
1786402390242,15000,die0,15000,15000,1,-1,73.125,73.125,0
1786402390342,15000,die0,15000,15000,1,-1,73.125,73.125,0
1786402390442,15000,die0,15000,15000,1,-1,73.125,73.125,0
1786402390542,15000,die0,15000,15000,1,-1,73.125,73.125,0
1786402390642,15000,die0,15000,15000,1,-1,73.125,73.125,0
1786402390742,15000,die0,15000,15000,1,-1,73.125,73.125,0
1786402390842,15000,die0,15000,15000,1,-1,73.125,73.125,0
1786402390942,15000,die0,15000,15000,1,-1,73.125,73.125,0
1786402391042,15000,die0,15000,15000,1,-1,73.125,73.125,0
1786402391142,15000,die0,15000,15000,1,-1,73.125,73.125,0
1786402391242,15000,die0,15000,15000,1,-1,73.125,73.125,0
1786402391342,15000,die0,15000,15000,1,-1,73.125,73.125,0
1786402391442,15000,die0,15000,15000,1,-1,73.125,73.125,0
1786402391542,15000,die0,15000,15000,1,-1,73.125,73.125,0
1786402391642,15000,die0,15000,15000,1,-1,73.125,73.125,0
1786402391742,15000,die0,15000,15000,1,-1,73.125,73.125,0
1786402391842,15000,die0,15000,15000,1,-1,73.125,73.125,0
1786402391942,15000,die0,15000,15000,1,-1,73.125,73.125,0
1786402392042,15000,die0,15000,15000,1,-1,73.125,73.125,0
1786402392142,15000,die0,15000,15000,1,-1,73.125,73.125,0
1786402392242,15000,die0,15000,15000,1,-1,73.125,73.125,0
1786402392342,15000,die0,15000,15000,1,-1,73.125,73.125,0
1786402392442,15000,die0,15000,15000,1,-1,73.125,73.125,0
1786402392542,15000,die0,15000,15000,1,-1,73.125,73.125,0
1786402392642,15000,die0,15000,15000,1,-1,73.125,73.125,0
1786402392742,15000,die0,15000,15000,1,-1,73.125,73.125,0
1786402392842,15000,die0,15000,15000,1,-1,73,73,0
1786402392942,15000,die0,15000,15000,1,-1,73,73,0
1786402393042,15000,die0,15000,15000,1,-1,73,73,0
1786402393142,15000,die0,15000,15000,1,-1,73,73,0
1786402393242,15000,die0,15000,15000,1,-1,73,73,0
1786402393343,15000,die0,15000,15000,1,-1,73,73,0
1786402393442,15000,die0,15000,15000,1,-1,73,73,0
1786402393542,15000,die0,15000,15000,1,-1,73,73,0
1786402393642,15000,die0,15000,15000,1,-1,73,73,0
1786402393742,15000,die0,15000,15000,1,-1,73,73,0
1786402393842,15000,die0,15000,15000,1,-1,73.125,73.125,0
1786402393942,15000,die0,15000,15000,1,-1,73.125,73.125,0
1786402394042,15000,die0,15000,15000,1,-1,73.125,73.125,0
1786402394142,15000,die0,15000,15000,1,-1,73.125,73.125,0
1786402394242,15000,die0,15000,15000,1,-1,73.125,73.125,0
1786402394342,15000,die0,15000,15000,1,-1,73.125,73.125,0
1786402394442,15000,die0,15000,15000,1,-1,73.125,73.125,0
1786402394542,15000,die0,15000,15000,1,-1,73.125,73.125,0
1786402394642,15000,die0,15000,15000,1,-1,73.125,73.125,0
1786402394742,15000,die0,15000,15000,1,-1,73.125,73.125,0
1786402394842,15000,die0,15000,15000,1,-1,73.125,73.125,0
1786402394943,15000,die0,15000,15000,1,-1,73.125,73.125,0
1786402395042,15000,die0,15000,15000,1,-1,73.125,73.125,0
1786402395142,15000,die0,15000,15000,1,-1,73.125,73.125,0
1786402395242,15000,die0,15000,15000,1,-1,73.125,73.125,0
1786402395343,15000,die0,15000,15000,1,-1,73.125,73.125,0
1786402395442,15000,die0,15000,15000,1,-1,73.125,73.125,0
1786402395542,15000,die0,15000,15000,1,-1,73.125,73.125,0
1786402395642,15000,die0,15000,15000,1,-1,73.125,73.125,0
1786402395742,15000,die0,15000,15000,1,-1,73.125,73.125,0
1786402395842,15000,die0,15000,15000,1,-1,73.125,73.125,0
1786402395942,15000,die0,15000,15000,1,-1,73.125,73.125,0
1786402396042,15000,die0,15000,15000,1,-1,73.125,73.125,0
1786402396142,15000,die0,15000,15000,1,-1,73.125,73.125,0
1786402396242,15000,die0,15000,15000,1,-1,73.125,73.125,0
1786402396342,15000,die0,15000,15000,1,-1,73.125,73.125,0
1786402396442,15000,die0,15000,15000,1,-1,73.125,73.125,0
1786402396542,15000,die0,15000,15000,1,-1,73.125,73.125,0
1786402396642,15000,die0,15000,15000,1,-1,73.125,73.125,0
1786402396742,15000,die0,15000,15000,1,-1,73.125,73.125,0
1786402396842,15000,die0,15000,15000,1,-1,73.0625,73.0625,0
1786402396942,15000,die0,15000,15000,1,-1,73.0625,73.0625,0
1786402397042,15000,die0,15000,15000,1,-1,73.0625,73.0625,0
1786402397142,15000,die0,15000,15000,1,-1,73.0625,73.0625,0
1786402397242,15000,die0,15000,15000,1,-1,73.0625,73.0625,0
1786402397342,15000,die0,15000,15000,1,-1,73.0625,73.0625,0
1786402397442,15000,die0,15000,15000,1,-1,73.0625,73.0625,0
1786402397546,15000,die0,15000,15000,1,-1,73.0625,73.0625,0
1786402397642,15000,die0,15000,15000,1,-1,73.0625,73.0625,0
1786402397742,15000,die0,15000,15000,1,-1,73.0625,73.0625,0
1786402397842,15000,die0,15000,15000,1,-1,73.125,73.125,0
1786402397942,15000,die0,15000,15000,1,-1,73.125,73.125,0
1786402398042,15000,die0,15000,15000,1,-1,73.125,73.125,0
1786402398142,15000,die0,15000,15000,1,-1,73.125,73.125,0
1786402398243,15000,die0,15000,15000,1,-1,73.125,73.125,0
1786402398342,15000,die0,15000,15000,1,-1,73.125,73.125,0
1786402398443,15000,die0,15000,15000,1,-1,73.125,73.125,0
1786402398542,15000,die0,15000,15000,1,-1,73.125,73.125,0
1786402398642,15000,die0,15000,15000,1,-1,73.125,73.125,0
1786402398742,15000,die0,15000,15000,1,-1,73.125,73.125,0
1786402398842,15000,die0,15000,15000,1,-1,73.0625,73.0625,0
1786402398942,15000,die0,15000,15000,1,-1,73.0625,73.0625,0
1786402399042,15000,die0,15000,15000,1,-1,73.0625,73.0625,0
1786402399142,15000,die0,15000,15000,1,-1,73.0625,73.0625,0
1786402399242,15000,die0,15000,15000,1,-1,73.0625,73.0625,0
1786402399342,15000,die0,15000,15000,1,-1,73.0625,73.0625,0
1786402399442,15000,die0,15000,15000,1,-1,73.0625,73.0625,0
1786402399542,15000,die0,15000,15000,1,-1,73.0625,73.0625,0
1786402399642,15000,die0,15000,15000,1,-1,73.0625,73.0625,0
1786402399742,15000,die0,15000,15000,1,-1,73.0625,73.0625,0
1786402399842,15000,die0,15000,15000,1,-1,73.0625,73.0625,0
1786402399942,15000,die0,15000,15000,1,-1,73.0625,73.0625,0
1786402400042,15000,die0,15000,15000,1,-1,73.0625,73.0625,0
1786402400142,15000,die0,15000,15000,1,-1,73.0625,73.0625,0
1786402400242,15000,die0,15000,15000,1,-1,73.0625,73.0625,0
1786402400342,15000,die0,15000,15000,1,-1,73.0625,73.0625,0
1786402400442,15000,die0,15000,15000,1,-1,73.0625,73.0625,0
1786402400542,15000,die0,15000,15000,1,-1,73.0625,73.0625,0
1786402400643,15000,die0,15000,15000,1,-1,73.0625,73.0625,0
1786402400742,15000,die0,15000,15000,1,-1,73.0625,73.0625,0
1786402400842,15000,die0,15000,15000,1,-1,73.125,73.125,0
1786402400942,15000,die0,15000,15000,1,-1,73.125,73.125,0
1786402401042,15000,die0,15000,15000,1,-1,73.125,73.125,0
1786402401142,15000,die0,15000,15000,1,-1,73.125,73.125,0
1786402401242,15000,die0,15000,15000,1,-1,73.125,73.125,0
1786402401342,15000,die0,15000,15000,1,-1,73.125,73.125,0
1786402401442,15000,die0,15000,15000,1,-1,73.125,73.125,0
1786402401542,15000,die0,15000,15000,1,-1,73.125,73.125,0
1786402401643,15000,die0,15000,15000,1,-1,73.125,73.125,0
1786402401742,15000,die0,15000,15000,1,-1,73.125,73.125,0
1786402401842,15000,die0,15000,15000,1,-1,73,73,0
1786402401942,15000,die0,15000,15000,1,-1,73,73,0
1786402402042,15000,die0,15000,15000,1,-1,73,73,0
1786402402142,15000,die0,15000,15000,1,-1,73,73,0
1786402402242,15000,die0,15000,15000,1,-1,73,73,0
1786402402342,15000,die0,15000,15000,1,-1,73,73,0
1786402402442,15000,die0,15000,15000,1,-1,73,73,0
1786402402542,15000,die0,15000,15000,1,-1,73,73,0
1786402402642,15000,die0,15000,15000,1,-1,73,73,0
1786402402742,15000,die0,15000,15000,1,-1,73,73,0
1786402402842,15000,die0,15000,15000,1,-1,73.0625,73.0625,0
1786402402942,15000,die0,15000,15000,1,-1,73.0625,73.0625,0
1786402403042,15000,die0,15000,15000,1,-1,73.0625,73.0625,0
1786402403142,15000,die0,15000,15000,1,-1,73.0625,73.0625,0
1786402403242,15000,die0,15000,15000,1,-1,73.0625,73.0625,0
1786402403342,15000,die0,15000,15000,1,-1,73.0625,73.0625,0
1786402403442,15000,die0,15000,15000,1,-1,73.0625,73.0625,0
1786402403542,15000,die0,15000,15000,1,-1,73.0625,73.0625,0
1786402403642,15000,die0,15000,15000,1,-1,73.0625,73.0625,0
1786402403742,15000,die0,15000,15000,1,-1,73.0625,73.0625,0
1786402403842,15000,die0,15000,15000,1,-1,73.125,73.125,0
1786402403942,15000,die0,15000,15000,1,-1,73.125,73.125,0
1786402404042,15000,die0,15000,15000,1,-1,73.125,73.125,0
1786402404142,15000,die0,15000,15000,1,-1,73.125,73.125,0
1786402404242,15000,die0,15000,15000,1,-1,73.125,73.125,0
1786402404342,15000,die0,15000,15000,1,-1,73.125,73.125,0
1786402404442,15000,die0,15000,15000,1,-1,73.125,73.125,0
1786402404542,15000,die0,15000,15000,1,-1,73.125,73.125,0
1786402404642,15000,die0,15000,15000,1,-1,73.125,73.125,0
1786402404742,15000,die0,15000,15000,1,-1,73.125,73.125,0
1786402404842,15000,die0,15000,15000,1,-1,73.0625,73.0625,0
1786402404942,15000,die0,15000,15000,1,-1,73.0625,73.0625,0
1786402405042,15000,die0,15000,15000,1,-1,73.0625,73.0625,0
1786402405142,15000,die0,15000,15000,1,-1,73.0625,73.0625,0
1786402405242,15000,die0,15000,15000,1,-1,73.0625,73.0625,0
1786402405342,15000,die0,15000,15000,1,-1,73.0625,73.0625,0
1786402405442,15000,die0,15000,15000,1,-1,73.0625,73.0625,0
1786402405542,15000,die0,15000,15000,1,-1,73.0625,73.0625,0
1786402405642,15000,die0,15000,15000,1,-1,73.0625,73.0625,0
1786402405742,15000,die0,15000,15000,1,-1,73.0625,73.0625,0
1786402405842,15000,die0,15000,15000,1,-1,73,73,0
1786402405942,15000,die0,15000,15000,1,-1,73,73,0
1786402406042,15000,die0,15000,15000,1,-1,73,73,0
1786402406142,15000,die0,15000,15000,1,-1,73,73,0
1786402406242,15000,die0,15000,15000,1,-1,73,73,0
1786402406342,15000,die0,15000,15000,1,-1,73,73,0
1786402406442,15000,die0,15000,15000,1,-1,73,73,0
1786402406542,15000,die0,15000,15000,1,-1,73,73,0
1786402406642,15000,die0,15000,15000,1,-1,73,73,0
1786402406742,15000,die0,15000,15000,1,-1,73,73,0
1786402406842,15000,die0,15000,15000,1,-1,73.0625,73.0625,0
1786402406942,15000,die0,15000,15000,1,-1,73.0625,73.0625,0
1786402407042,15000,die0,15000,15000,1,-1,73.0625,73.0625,0
1786402407142,15000,die0,15000,15000,1,-1,73.0625,73.0625,0
1786402407242,15000,die0,15000,15000,1,-1,73.0625,73.0625,0
1786402407342,15000,die0,15000,15000,1,-1,73.0625,73.0625,0
1786402407442,15000,die0,15000,15000,1,-1,73.0625,73.0625,0
1786402407542,15000,die0,15000,15000,1,-1,73.0625,73.0625,0
1786402407643,15000,die0,15000,15000,1,-1,73.0625,73.0625,0
1786402407742,15000,die0,15000,15000,1,-1,73.0625,73.0625,0
1786402407842,15000,die0,15000,15000,1,-1,73.0625,73.0625,0
1786402407942,15000,die0,15000,15000,1,-1,73.0625,73.0625,0
1786402408042,15000,die0,15000,15000,1,-1,73.0625,73.0625,0
1786402408142,15000,die0,15000,15000,1,-1,73.0625,73.0625,0
1786402408242,15000,die0,15000,15000,1,-1,73.0625,73.0625,0
1786402408342,15000,die0,15000,15000,1,-1,73.0625,73.0625,0
1786402408442,15000,die0,15000,15000,1,-1,73.0625,73.0625,0
1786402408543,15000,die0,15000,15000,1,-1,73.0625,73.0625,0
1786402408642,15000,die0,15000,15000,1,-1,73.0625,73.0625,0
1786402408742,15000,die0,15000,15000,1,-1,73.0625,73.0625,0
1786402408842,15000,die0,15000,15000,1,-1,73,73,0
1786402408943,15000,die0,15000,15000,1,-1,73,73,0
1786402409042,15000,die0,15000,15000,1,-1,73,73,0
1786402409144,15000,die0,15000,15000,1,-1,73,73,0
1786402409242,15000,die0,15000,15000,1,-1,73,73,0
1786402409342,15000,die0,15000,15000,1,-1,73,73,0
1786402409442,15000,die0,15000,15000,1,-1,73,73,0
1786402409542,15000,die0,15000,15000,1,-1,73,73,0
1786402409642,15000,die0,15000,15000,1,-1,73,73,0
1786402409742,15000,die0,15000,15000,1,-1,73,73,0
1786402409842,15000,die0,15000,15000,1,-1,73,73,0
1786402409942,15000,die0,15000,15000,1,-1,73,73,0
1786402410042,15000,die0,15000,15000,1,-1,73,73,0
1786402410142,15000,die0,15000,15000,1,-1,73,73,0
1786402410242,15000,die0,15000,15000,1,-1,73,73,0
1786402410342,15000,die0,15000,15000,1,-1,73,73,0
1786402410442,15000,die0,15000,15000,1,-1,73,73,0
1786402410542,15000,die0,15000,15000,1,-1,73,73,0
1786402410642,15000,die0,15000,15000,1,-1,73,73,0
1786402410742,15000,die0,15000,15000,1,-1,73,73,0
1786402410842,15000,die0,15000,15000,1,-1,73,73,0
1786402410943,15000,die0,15000,15000,1,-1,73,73,0
1786402411042,15000,die0,15000,15000,1,-1,73,73,0
1786402411142,15000,die0,15000,15000,1,-1,73,73,0
1786402411242,15000,die0,15000,15000,1,-1,73,73,0
1786402411342,15000,die0,15000,15000,1,-1,73,73,0
1786402411442,15000,die0,15000,15000,1,-1,73,73,0
1786402411542,15000,die0,15000,15000,1,-1,73,73,0
1786402411642,15000,die0,15000,15000,1,-1,73,73,0
1786402411742,15000,die0,15000,15000,1,-1,73,73,0
1786402411842,15000,die0,15000,15000,1,-1,73.0625,73.0625,0
1786402411943,15000,die0,15000,15000,1,-1,73.0625,73.0625,0
1786402412042,15000,die0,15000,15000,1,-1,73.0625,73.0625,0
1786402412142,15000,die0,15000,15000,1,-1,73.0625,73.0625,0
1786402412242,15000,die0,15000,15000,1,-1,73.0625,73.0625,0
1786402412342,15000,die0,15000,15000,1,-1,73.0625,73.0625,0
1786402412442,15000,die0,15000,15000,1,-1,73.0625,73.0625,0
1786402412542,15000,die0,15000,15000,1,-1,73.0625,73.0625,0
1786402412642,15000,die0,15000,15000,1,-1,73.0625,73.0625,0
1786402412742,15000,die0,15000,15000,1,-1,73.0625,73.0625,0
1786402412842,15000,die0,15000,15000,1,-1,73.125,73.125,0
1786402412942,15000,die0,15000,15000,1,-1,73.125,73.125,0
1786402413042,15000,die0,15000,15000,1,-1,73.125,73.125,0
1786402413142,15000,die0,15000,15000,1,-1,73.125,73.125,0
1786402413242,15000,die0,15000,15000,1,-1,73.125,73.125,0
1786402413343,15000,die0,15000,15000,1,-1,73.125,73.125,0
1786402413442,15000,die0,15000,15000,1,-1,73.125,73.125,0
1786402413542,15000,die0,15000,15000,1,-1,73.125,73.125,0
1786402413642,15000,die0,15000,15000,1,-1,73.125,73.125,0
1786402413742,15000,die0,15000,15000,1,-1,73.125,73.125,0
1786402413842,15000,die0,15000,15000,1,-1,73.0625,73.0625,0
1786402413942,15000,die0,15000,15000,1,-1,73.0625,73.0625,0
1786402414042,15000,die0,15000,15000,1,-1,73.0625,73.0625,0
1786402414142,15000,die0,15000,15000,1,-1,73.0625,73.0625,0
1786402414242,15000,die0,15000,15000,1,-1,73.0625,73.0625,0
1786402414343,15000,die0,15000,15000,1,-1,73.0625,73.0625,0
1786402414442,15000,die0,15000,15000,1,-1,73.0625,73.0625,0
1786402414542,15000,die0,15000,15000,1,-1,73.0625,73.0625,0
1786402414642,15000,die0,15000,15000,1,-1,73.0625,73.0625,0
1786402414742,15000,die0,15000,15000,1,-1,73.0625,73.0625,0
1786402414842,15000,die0,15000,15000,1,-1,73.0625,73.0625,0
1786402414942,15000,die0,15000,15000,1,-1,73.0625,73.0625,0
1786402415042,15000,die0,15000,15000,1,-1,73.0625,73.0625,0
1786402415142,15000,die0,15000,15000,1,-1,73.0625,73.0625,0
1786402415242,15000,die0,15000,15000,1,-1,73.0625,73.0625,0
1786402415342,15000,die0,15000,15000,1,-1,73.0625,73.0625,0
1786402415442,15000,die0,15000,15000,1,-1,73.0625,73.0625,0
1786402415542,15000,die0,15000,15000,1,-1,73.0625,73.0625,0
1786402415642,15000,die0,15000,15000,1,-1,73.0625,73.0625,0
1786402415742,15000,die0,15000,15000,1,-1,73.0625,73.0625,0
1786402415842,15000,die0,15000,15000,1,-1,73.125,73.125,0
1786402415942,15000,die0,15000,15000,1,-1,73.125,73.125,0
1786402416042,15000,die0,15000,15000,1,-1,73.125,73.125,0
1786402416142,15000,die0,15000,15000,1,-1,73.125,73.125,0
1786402416242,15000,die0,15000,15000,1,-1,73.125,73.125,0
1786402416342,15000,die0,15000,15000,1,-1,73.125,73.125,0
1786402416442,15000,die0,15000,15000,1,-1,73.125,73.125,0
1786402416542,15000,die0,15000,15000,1,-1,73.125,73.125,0
1786402416642,15000,die0,15000,15000,1,-1,73.125,73.125,0
1786402416742,15000,die0,15000,15000,1,-1,73.125,73.125,0
1786402416842,15000,die0,15000,15000,1,-1,73.125,73.125,0
1786402416946,15000,die0,15000,15000,1,-1,73.125,73.125,0
1786402417042,15000,die0,15000,15000,1,-1,73.125,73.125,0
1786402417142,15000,die0,15000,15000,1,-1,73.125,73.125,0
1786402417242,15000,die0,15000,15000,1,-1,73.125,73.125,0
1786402417342,15000,die0,15000,15000,1,-1,73.125,73.125,0
1786402417442,15000,die0,15000,15000,1,-1,73.125,73.125,0
1786402417542,15000,die0,15000,15000,1,-1,73.125,73.125,0
1786402417642,15000,die0,15000,15000,1,-1,73.125,73.125,0
1786402417742,15000,die0,15000,15000,1,-1,73.125,73.125,0
1786402417842,15000,die0,15000,15000,1,-1,73,73,0
1786402417942,15000,die0,15000,15000,1,-1,73,73,0
1786402418042,15000,die0,15000,15000,1,-1,73,73,0
1786402418142,15000,die0,15000,15000,1,-1,73,73,0
1786402418242,15000,die0,15000,15000,1,-1,73,73,0
1786402418342,15000,die0,15000,15000,1,-1,73,73,0
1786402418442,15000,die0,15000,15000,1,-1,73,73,0
1786402418542,15000,die0,15000,15000,1,-1,73,73,0
1786402418642,15000,die0,15000,15000,1,-1,73,73,0
1786402418742,15000,die0,15000,15000,1,-1,73,73,0
1786402418842,15000,die0,15000,15000,1,-1,73.0625,73.0625,0
1786402418942,15000,die0,15000,15000,1,-1,73.0625,73.0625,0
1786402419042,15000,die0,15000,15000,1,-1,73.0625,73.0625,0
1786402419142,15000,die0,15000,15000,1,-1,73.0625,73.0625,0
1786402419242,15000,die0,15000,15000,1,-1,73.0625,73.0625,0
1786402419342,15000,die0,15000,15000,1,-1,73.0625,73.0625,0
1786402419442,15000,die0,15000,15000,1,-1,73.0625,73.0625,0
1786402419542,15000,die0,15000,15000,1,-1,73.0625,73.0625,0
1786402419642,15000,die0,15000,15000,1,-1,73.0625,73.0625,0
1786402419742,15000,die0,15000,15000,1,-1,73.0625,73.0625,0
1786402419842,15000,die0,15000,15000,1,-1,73,73,0
1786402419942,15000,die0,15000,15000,1,-1,73,73,0
1786402420042,15000,die0,15000,15000,1,-1,73,73,0
1786402420142,15000,die0,15000,15000,1,-1,73,73,0
1786402420242,15000,die0,15000,15000,1,-1,73,73,0
1786402420342,15000,die0,15000,15000,1,-1,73,73,0
1786402420442,15000,die0,15000,15000,1,-1,73,73,0
1786402420542,15000,die0,15000,15000,1,-1,73,73,0
1786402420642,15000,die0,15000,15000,1,-1,73,73,0
1786402420742,15000,die0,15000,15000,1,-1,73,73,0
1786402420842,15000,die0,15000,15000,1,-1,73,73,0
1786402420942,15000,die0,15000,15000,1,-1,73,73,0
1786402421042,15000,die0,15000,15000,1,-1,73,73,0
1786402421142,15000,die0,15000,15000,1,-1,73,73,0
1786402421242,15000,die0,15000,15000,1,-1,73,73,0
1786402421342,15000,die0,15000,15000,1,-1,73,73,0
1786402421442,15000,die0,15000,15000,1,-1,73,73,0
1786402421542,15000,die0,15000,15000,1,-1,73,73,0
1786402421642,15000,die0,15000,15000,1,-1,73,73,0
1786402421742,15000,die0,15000,15000,1,-1,73,73,0
1786402421842,15000,die0,15000,15000,1,-1,73.0625,73.0625,0
1786402421942,15000,die0,15000,15000,1,-1,73.0625,73.0625,0
1786402422042,15000,die0,15000,15000,1,-1,73.0625,73.0625,0
1786402422142,15000,die0,15000,15000,1,-1,73.0625,73.0625,0
1786402422242,15000,die0,15000,15000,1,-1,73.0625,73.0625,0
1786402422342,15000,die0,15000,15000,1,-1,73.0625,73.0625,0
1786402422442,15000,die0,15000,15000,1,-1,73.0625,73.0625,0
1786402422542,15000,die0,15000,15000,1,-1,73.0625,73.0625,0
1786402422642,15000,die0,15000,15000,1,-1,73.0625,73.0625,0
1786402422742,15000,die0,15000,15000,1,-1,73.0625,73.0625,0
1786402422842,15000,die0,15000,15000,1,-1,73.0625,73.0625,0
1786402422942,15000,die0,15000,15000,1,-1,73.0625,73.0625,0
1786402423042,15000,die0,15000,15000,1,-1,73.0625,73.0625,0
1786402423142,15000,die0,15000,15000,1,-1,73.0625,73.0625,0
1786402423242,15000,die0,15000,15000,1,-1,73.0625,73.0625,0
1786402423342,15000,die0,15000,15000,1,-1,73.0625,73.0625,0
1786402423442,15000,die0,15000,15000,1,-1,73.0625,73.0625,0
1786402423542,15000,die0,15000,15000,1,-1,73.0625,73.0625,0
1786402423642,15000,die0,15000,15000,1,-1,73.0625,73.0625,0
1786402423742,15000,die0,15000,15000,1,-1,73.0625,73.0625,0
1786402423842,15000,die0,15000,15000,1,-1,73.0625,73.0625,0
1786402423946,15000,die0,15000,15000,1,-1,73.0625,73.0625,0
1786402424042,15000,die0,15000,15000,1,-1,73.0625,73.0625,0
1786402424142,15000,die0,15000,15000,1,-1,73.0625,73.0625,0
1786402424242,15000,die0,15000,15000,1,-1,73.0625,73.0625,0
1786402424342,15000,die0,15000,15000,1,-1,73.0625,73.0625,0
1786402424442,15000,die0,15000,15000,1,-1,73.0625,73.0625,0
1786402424542,15000,die0,15000,15000,1,-1,73.0625,73.0625,0
1786402424642,15000,die0,15000,15000,1,-1,73.0625,73.0625,0
1786402424742,15000,die0,15000,15000,1,-1,73.0625,73.0625,0
1786402424842,15000,die0,15000,15000,1,-1,73,73,0
1786402424942,15000,die0,15000,15000,1,-1,73,73,0
1786402425042,15000,die0,15000,15000,1,-1,73,73,0
1786402425143,15000,die0,15000,15000,1,-1,73,73,0
1786402425243,15000,die0,15000,15000,1,-1,73,73,0
1786402425342,15000,die0,15000,15000,1,-1,73,73,0
1786402425442,15000,die0,15000,15000,1,-1,73,73,0
1786402425542,15000,die0,15000,15000,1,-1,73,73,0
1786402425642,15000,die0,15000,15000,1,-1,73,73,0
1786402425742,15000,die0,15000,15000,1,-1,73,73,0
1786402425843,15000,die0,15000,15000,1,-1,72.9375,72.9375,0
1786402425942,15000,die0,15000,15000,1,-1,72.9375,72.9375,0
1786402426042,15000,die0,15000,15000,1,-1,72.9375,72.9375,0
1786402426142,15000,die0,15000,15000,1,-1,72.9375,72.9375,0
1786402426242,15000,die0,15000,15000,1,-1,72.9375,72.9375,0
1786402426342,15000,die0,15000,15000,1,-1,72.9375,72.9375,0
1786402426442,15000,die0,15000,15000,1,-1,72.9375,72.9375,0
1786402426542,15000,die0,15000,15000,1,-1,72.9375,72.9375,0
1786402426642,15000,die0,15000,15000,1,-1,72.9375,72.9375,0
1786402426742,15000,die0,15000,15000,1,-1,72.9375,72.9375,0
1786402426842,15000,die0,15000,15000,1,-1,73.0625,73.0625,0
1786402426942,15000,die0,15000,15000,1,-1,73.0625,73.0625,0
1786402427042,15000,die0,15000,15000,1,-1,73.0625,73.0625,0
1786402427142,15000,die0,15000,15000,1,-1,73.0625,73.0625,0
1786402427242,15000,die0,15000,15000,1,-1,73.0625,73.0625,0
1786402427342,15000,die0,15000,15000,1,-1,73.0625,73.0625,0
1786402427442,15000,die0,15000,15000,1,-1,73.0625,73.0625,0
1786402427542,15000,die0,15000,15000,1,-1,73.0625,73.0625,0
1786402427642,15000,die0,15000,15000,1,-1,73.0625,73.0625,0
1786402427742,15000,die0,15000,15000,1,-1,73.0625,73.0625,0
1786402427842,15000,die0,15000,15000,1,-1,73.0625,73.0625,0
1786402427942,15000,die0,15000,15000,1,-1,73.0625,73.0625,0
1786402428042,15000,die0,15000,15000,1,-1,73.0625,73.0625,0
1786402428142,15000,die0,15000,15000,1,-1,73.0625,73.0625,0
1786402428242,15000,die0,15000,15000,1,-1,73.0625,73.0625,0
1786402428342,15000,die0,15000,15000,1,-1,73.0625,73.0625,0
1786402428442,15000,die0,15000,15000,1,-1,73.0625,73.0625,0
1786402428542,15000,die0,15000,15000,1,-1,73.0625,73.0625,0
1786402428642,15000,die0,15000,15000,1,-1,73.0625,73.0625,0
1786402428742,15000,die0,15000,15000,1,-1,73.0625,73.0625,0
1786402428842,15000,die0,15000,15000,1,-1,73.125,73.125,0
1786402428942,15000,die0,15000,15000,1,-1,73.125,73.125,0
1786402429042,15000,die0,15000,15000,1,-1,73.125,73.125,0
1786402429142,15000,die0,15000,15000,1,-1,73.125,73.125,0
1786402429242,15000,die0,15000,15000,1,-1,73.125,73.125,0
1786402429342,15000,die0,15000,15000,1,-1,73.125,73.125,0
1786402429442,15000,die0,15000,15000,1,-1,73.125,73.125,0
1786402429542,15000,die0,15000,15000,1,-1,73.125,73.125,0
1786402429642,15000,die0,15000,15000,1,-1,73.125,73.125,0
1786402429742,15000,die0,15000,15000,1,-1,73.125,73.125,0
1786402429842,15000,die0,15000,15000,1,-1,73.0625,73.0625,0
1786402429942,15000,die0,15000,15000,1,-1,73.0625,73.0625,0
1786402430042,15000,die0,15000,15000,1,-1,73.0625,73.0625,0
1786402430142,15000,die0,15000,15000,1,-1,73.0625,73.0625,0
1786402430242,15000,die0,15000,15000,1,-1,73.0625,73.0625,0
1786402430342,15000,die0,15000,15000,1,-1,73.0625,73.0625,0
1786402430442,15000,die0,15000,15000,1,-1,73.0625,73.0625,0
1786402430542,15000,die0,15000,15000,1,-1,73.0625,73.0625,0
1786402430642,15000,die0,15000,15000,1,-1,73.0625,73.0625,0
1786402430742,15000,die0,15000,15000,1,-1,73.0625,73.0625,0
1786402430842,15000,die0,15000,15000,1,-1,73,73,0
1786402430942,15000,die0,15000,15000,1,-1,73,73,0
1786402431042,15000,die0,15000,15000,1,-1,73,73,0
1786402431142,15000,die0,15000,15000,1,-1,73,73,0
1786402431242,15000,die0,15000,15000,1,-1,73,73,0
1786402431342,15000,die0,15000,15000,1,-1,73,73,0
1786402431442,15000,die0,15000,15000,1,-1,73,73,0
1786402431542,15000,die0,15000,15000,1,-1,73,73,0
1786402431642,15000,die0,15000,15000,1,-1,73,73,0
1786402431742,15000,die0,15000,15000,1,-1,73,73,0
1786402431842,15000,die0,15000,15000,1,-1,73,73,0
1786402431942,15000,die0,15000,15000,1,-1,73,73,0
1786402432042,15000,die0,15000,15000,1,-1,73,73,0
1786402432146,15000,die0,15000,15000,1,-1,73,73,0
1786402432242,15000,die0,15000,15000,1,-1,73,73,0
1786402432342,15000,die0,15000,15000,1,-1,73,73,0
1786402432442,15000,die0,15000,15000,1,-1,73,73,0
1786402432542,15000,die0,15000,15000,1,-1,73,73,0
1786402432642,15000,die0,15000,15000,1,-1,73,73,0
1786402432742,15000,die0,15000,15000,1,-1,73,73,0
1786402432842,15000,die0,15000,15000,1,-1,73.0625,73.0625,0
1786402432942,15000,die0,15000,15000,1,-1,73.0625,73.0625,0
1786402433042,15000,die0,15000,15000,1,-1,73.0625,73.0625,0
1786402433142,15000,die0,15000,15000,1,-1,73.0625,73.0625,0
1786402433242,15000,die0,15000,15000,1,-1,73.0625,73.0625,0
1786402433342,15000,die0,15000,15000,1,-1,73.0625,73.0625,0
1786402433442,15000,die0,15000,15000,1,-1,73.0625,73.0625,0
1786402433542,15000,die0,15000,15000,1,-1,73.0625,73.0625,0
1786402433642,15000,die0,15000,15000,1,-1,73.0625,73.0625,0
1786402433742,15000,die0,15000,15000,1,-1,73.0625,73.0625,0
1786402433842,15000,die0,15000,15000,1,-1,73,73,0
1786402433942,15000,die0,15000,15000,1,-1,73,73,0
1786402434042,15000,die0,15000,15000,1,-1,73,73,0
1786402434142,15000,die0,15000,15000,1,-1,73,73,0
1786402434242,15000,die0,15000,15000,1,-1,73,73,0
1786402434342,15000,die0,15000,15000,1,-1,73,73,0
1786402434442,15000,die0,15000,15000,1,-1,73,73,0
1786402434542,15000,die0,15000,15000,1,-1,73,73,0
1786402434642,15000,die0,15000,15000,1,-1,73,73,0
1786402434742,15000,die0,15000,15000,1,-1,73,73,0
1786402434842,15000,die0,15000,15000,1,-1,73.0625,73.0625,0
1786402434942,15000,die0,15000,15000,1,-1,73.0625,73.0625,0
1786402435042,15000,die0,15000,15000,1,-1,73.0625,73.0625,0
1786402435142,15000,die0,15000,15000,1,-1,73.0625,73.0625,0
1786402435246,15000,die0,15000,15000,1,-1,73.0625,73.0625,0
1786402435342,15000,die0,15000,15000,1,-1,73.0625,73.0625,0
1786402435442,15000,die0,15000,15000,1,-1,73.0625,73.0625,0
1786402435542,15000,die0,15000,15000,1,-1,73.0625,73.0625,0
1786402435642,15000,die0,15000,15000,1,-1,73.0625,73.0625,0
1786402435742,15000,die0,15000,15000,1,-1,73.0625,73.0625,0
1786402435842,15000,die0,15000,15000,1,-1,73.0625,73.0625,0
1786402435942,15000,die0,15000,15000,1,-1,73.0625,73.0625,0
1786402436042,15000,die0,15000,15000,1,-1,73.0625,73.0625,0
1786402436142,15000,die0,15000,15000,1,-1,73.0625,73.0625,0
1786402436242,15000,die0,15000,15000,1,-1,73.0625,73.0625,0
1786402436342,15000,die0,15000,15000,1,-1,73.0625,73.0625,0
1786402436442,15000,die0,15000,15000,1,-1,73.0625,73.0625,0
1786402436542,15000,die0,15000,15000,1,-1,73.0625,73.0625,0
1786402436642,15000,die0,15000,15000,1,-1,73.0625,73.0625,0
1786402436742,15000,die0,15000,15000,1,-1,73.0625,73.0625,0
1786402436842,15000,die0,15000,15000,1,-1,73.0625,73.0625,0
1786402436942,15000,die0,15000,15000,1,-1,73.0625,73.0625,0
1786402437042,15000,die0,15000,15000,1,-1,73.0625,73.0625,0
1786402437142,15000,die0,15000,15000,1,-1,73.0625,73.0625,0
1786402437242,15000,die0,15000,15000,1,-1,73.0625,73.0625,0
1786402437342,15000,die0,15000,15000,1,-1,73.0625,73.0625,0
1786402437442,15000,die0,15000,15000,1,-1,73.0625,73.0625,0
1786402437542,15000,die0,15000,15000,1,-1,73.0625,73.0625,0
1786402437642,15000,die0,15000,15000,1,-1,73.0625,73.0625,0
1786402437742,15000,die0,15000,15000,1,-1,73.0625,73.0625,0
1786402437842,15000,die0,15000,15000,1,-1,73,73,0
1786402437942,15000,die0,15000,15000,1,-1,73,73,0
1786402438042,15000,die0,15000,15000,1,-1,73,73,0
1786402438142,15000,die0,15000,15000,1,-1,73,73,0
1786402438242,15000,die0,15000,15000,1,-1,73,73,0
1786402438342,15000,die0,15000,15000,1,-1,73,73,0
1786402438442,15000,die0,15000,15000,1,-1,73,73,0
1786402438542,15000,die0,15000,15000,1,-1,73,73,0
1786402438642,15000,die0,15000,15000,1,-1,73,73,0
1786402438742,15000,die0,15000,15000,1,-1,73,73,0
1786402438842,15000,die0,15000,15000,1,-1,73,73,0
1786402438942,15000,die0,15000,15000,1,-1,73,73,0
1786402439042,15000,die0,15000,15000,1,-1,73,73,0
1786402439142,15000,die0,15000,15000,1,-1,73,73,0
1786402439242,15000,die0,15000,15000,1,-1,73,73,0
1786402439342,15000,die0,15000,15000,1,-1,73,73,0
1786402439442,15000,die0,15000,15000,1,-1,73,73,0
1786402439542,15000,die0,15000,15000,1,-1,73,73,0
1786402439642,15000,die0,15000,15000,1,-1,73,73,0
1786402439742,15000,die0,15000,15000,1,-1,73,73,0
1786402439842,15000,die0,15000,15000,1,-1,73,73,0
1786402439942,15000,die0,15000,15000,1,-1,73,73,0
1786402440042,15000,die0,15000,15000,1,-1,73,73,0
1786402440142,15000,die0,15000,15000,1,-1,73,73,0
1786402440242,15000,die0,15000,15000,1,-1,73,73,0
1786402440342,15000,die0,15000,15000,1,-1,73,73,0
1786402440442,15000,die0,15000,15000,1,-1,73,73,0
1786402440542,15000,die0,15000,15000,1,-1,73,73,0
1786402440642,15000,die0,15000,15000,1,-1,73,73,0
1786402440742,15000,die0,15000,15000,1,-1,73,73,0
1786402440842,15000,die0,15000,15000,1,-1,72.9375,72.9375,0
1786402440942,15000,die0,15000,15000,1,-1,72.9375,72.9375,0
1786402441042,15000,die0,15000,15000,1,-1,72.9375,72.9375,0
1786402441142,15000,die0,15000,15000,1,-1,72.9375,72.9375,0
1786402441242,15000,die0,15000,15000,1,-1,72.9375,72.9375,0
1786402441342,15000,die0,15000,15000,1,-1,72.9375,72.9375,0
1786402441442,15000,die0,15000,15000,1,-1,72.9375,72.9375,0
1786402441542,15000,die0,15000,15000,1,-1,72.9375,72.9375,0
1786402441642,15000,die0,15000,15000,1,-1,72.9375,72.9375,0
1786402441742,15000,die0,15000,15000,1,-1,72.9375,72.9375,0
1786402441842,15000,die0,15000,15000,1,-1,73,73,0
1786402441942,15000,die0,15000,15000,1,-1,73,73,0
1786402442042,15000,die0,15000,15000,1,-1,73,73,0
1786402442146,15000,die0,15000,15000,1,-1,73,73,0
1786402442242,15000,die0,15000,15000,1,-1,73,73,0
1786402442342,15000,die0,15000,15000,1,-1,73,73,0
1786402442442,15000,die0,15000,15000,1,-1,73,73,0
1786402442542,15000,die0,15000,15000,1,-1,73,73,0
1786402442642,15000,die0,15000,15000,1,-1,73,73,0
1786402442742,15000,die0,15000,15000,1,-1,73,73,0
1786402442842,15000,die0,15000,15000,1,-1,72.9375,72.9375,0
1786402442942,15000,die0,15000,15000,1,-1,72.9375,72.9375,0
1786402443042,15000,die0,15000,15000,1,-1,72.9375,72.9375,0
1786402443142,15000,die0,15000,15000,1,-1,72.9375,72.9375,0
1786402443242,15000,die0,15000,15000,1,-1,72.9375,72.9375,0
1786402443342,15000,die0,15000,15000,1,-1,72.9375,72.9375,0
1786402443442,15000,die0,15000,15000,1,-1,72.9375,72.9375,0
1786402443542,15000,die0,15000,15000,1,-1,72.9375,72.9375,0
1786402443642,15000,die0,15000,15000,1,-1,72.9375,72.9375,0
1786402443742,15000,die0,15000,15000,1,-1,72.9375,72.9375,0
1786402443842,15000,die0,15000,15000,1,-1,73.125,73.125,0
1786402443942,15000,die0,15000,15000,1,-1,73.125,73.125,0
1786402444042,15000,die0,15000,15000,1,-1,73.125,73.125,0
1786402444142,15000,die0,15000,15000,1,-1,73.125,73.125,0
1786402444242,15000,die0,15000,15000,1,-1,73.125,73.125,0
1786402444342,15000,die0,15000,15000,1,-1,73.125,73.125,0
1786402444442,15000,die0,15000,15000,1,-1,73.125,73.125,0
1786402444542,15000,die0,15000,15000,1,-1,73.125,73.125,0
1786402444642,15000,die0,15000,15000,1,-1,73.125,73.125,0
1786402444742,15000,die0,15000,15000,1,-1,73.125,73.125,0
1786402444842,15000,die0,15000,15000,1,-1,73.0625,73.0625,0
1786402444942,15000,die0,15000,15000,1,-1,73.0625,73.0625,0
1786402445042,15000,die0,15000,15000,1,-1,73.0625,73.0625,0
1786402445142,15000,die0,15000,15000,1,-1,73.0625,73.0625,0
1786402445242,15000,die0,15000,15000,1,-1,73.0625,73.0625,0
1786402445342,15000,die0,15000,15000,1,-1,73.0625,73.0625,0
1786402445442,15000,die0,15000,15000,1,-1,73.0625,73.0625,0
1786402445542,15000,die0,15000,15000,1,-1,73.0625,73.0625,0
1786402445642,15000,die0,15000,15000,1,-1,73.0625,73.0625,0
1786402445742,15000,die0,15000,15000,1,-1,73.0625,73.0625,0
1786402445842,15000,die0,15000,15000,1,-1,73,73,0
1786402445942,15000,die0,15000,15000,1,-1,73,73,0
1786402446042,15000,die0,15000,15000,1,-1,73,73,0
1786402446142,15000,die0,15000,15000,1,-1,73,73,0
1786402446242,15000,die0,15000,15000,1,-1,73,73,0
1786402446342,15000,die0,15000,15000,1,-1,73,73,0
1786402446442,15000,die0,15000,15000,1,-1,73,73,0
1786402446542,15000,die0,15000,15000,1,-1,73,73,0
1786402446642,15000,die0,15000,15000,1,-1,73,73,0
1786402446742,15000,die0,15000,15000,1,-1,73,73,0
1786402446842,15000,die0,15000,15000,1,-1,73.0625,73.0625,0
1786402446942,15000,die0,15000,15000,1,-1,73.0625,73.0625,0
1786402447042,15000,die0,15000,15000,1,-1,73.0625,73.0625,0
1786402447142,15000,die0,15000,15000,1,-1,73.0625,73.0625,0
1786402447242,15000,die0,15000,15000,1,-1,73.0625,73.0625,0
1786402447342,15000,die0,15000,15000,1,-1,73.0625,73.0625,0
1786402447442,15000,die0,15000,15000,1,-1,73.0625,73.0625,0
1786402447542,15000,die0,15000,15000,1,-1,73.0625,73.0625,0
1786402447642,15000,die0,15000,15000,1,-1,73.0625,73.0625,0
1786402447742,15000,die0,15000,15000,1,-1,73.0625,73.0625,0
1786402447842,15000,die0,15000,15000,1,-1,73.0625,73.0625,0
1786402447942,15000,die0,15000,15000,1,-1,73.0625,73.0625,0
1786402448042,15000,die0,15000,15000,1,-1,73.0625,73.0625,0
1786402448142,15000,die0,15000,15000,1,-1,73.0625,73.0625,0
1786402448242,15000,die0,15000,15000,1,-1,73.0625,73.0625,0
1786402448342,15000,die0,15000,15000,1,-1,73.0625,73.0625,0
1786402448442,15000,die0,15000,15000,1,-1,73.0625,73.0625,0
1786402448542,15000,die0,15000,15000,1,-1,73.0625,73.0625,0
1786402448642,15000,die0,15000,15000,1,-1,73.0625,73.0625,0
1786402448742,15000,die0,15000,15000,1,-1,73.0625,73.0625,0
1786402448842,15000,die0,15000,15000,1,-1,73.0625,73.0625,0
1786402448942,15000,die0,15000,15000,1,-1,73.0625,73.0625,0
1786402449042,15000,die0,15000,15000,1,-1,73.0625,73.0625,0
1786402449142,15000,die0,15000,15000,1,-1,73.0625,73.0625,0
1786402449242,15000,die0,15000,15000,1,-1,73.0625,73.0625,0
1786402449342,15000,die0,15000,15000,1,-1,73.0625,73.0625,0
1786402449442,15000,die0,15000,15000,1,-1,73.0625,73.0625,0
1786402449542,15000,die0,15000,15000,1,-1,73.0625,73.0625,0
1786402449642,15000,die0,15000,15000,1,-1,73.0625,73.0625,0
1786402449742,15000,die0,15000,15000,1,-1,73.0625,73.0625,0
1786402449842,15000,die0,15000,15000,1,-1,73.0625,73.0625,0
1786402449942,15000,die0,15000,15000,1,-1,73.0625,73.0625,0
1786402450042,15000,die0,15000,15000,1,-1,73.0625,73.0625,0
1786402450143,15000,die0,15000,15000,1,-1,73.0625,73.0625,0
1786402450242,15000,die0,15000,15000,1,-1,73.0625,73.0625,0
1786402450342,15000,die0,15000,15000,1,-1,73.0625,73.0625,0
1786402450442,15000,die0,15000,15000,1,-1,73.0625,73.0625,0
1786402450542,15000,die0,15000,15000,1,-1,73.0625,73.0625,0
1786402450642,15000,die0,15000,15000,1,-1,73.0625,73.0625,0
1786402450742,15000,die0,15000,15000,1,-1,73.0625,73.0625,0
1786402450842,15000,die0,15000,15000,1,-1,73.0625,73.0625,0
1786402450942,15000,die0,15000,15000,1,-1,73.0625,73.0625,0
1786402451042,15000,die0,15000,15000,1,-1,73.0625,73.0625,0
1786402451142,15000,die0,15000,15000,1,-1,73.0625,73.0625,0
1786402451242,15000,die0,15000,15000,1,-1,73.0625,73.0625,0
1786402451342,15000,die0,15000,15000,1,-1,73.0625,73.0625,0
1786402451442,15000,die0,15000,15000,1,-1,73.0625,73.0625,0
1786402451542,15000,die0,15000,15000,1,-1,73.0625,73.0625,0
1786402451642,15000,die0,15000,15000,1,-1,73.0625,73.0625,0
1786402451742,15000,die0,15000,15000,1,-1,73.0625,73.0625,0
1786402451842,15000,die0,15000,15000,1,-1,72.9375,72.9375,0
1786402451942,15000,die0,15000,15000,1,-1,72.9375,72.9375,0
1786402452042,15000,die0,15000,15000,1,-1,72.9375,72.9375,0
1786402452142,15000,die0,15000,15000,1,-1,72.9375,72.9375,0
1786402452242,15000,die0,15000,15000,1,-1,72.9375,72.9375,0
1786402452342,15000,die0,15000,15000,1,-1,72.9375,72.9375,0
1786402452442,15000,die0,15000,15000,1,-1,72.9375,72.9375,0
1786402452542,15000,die0,15000,15000,1,-1,72.9375,72.9375,0
1786402452642,15000,die0,15000,15000,1,-1,72.9375,72.9375,0
1786402452742,15000,die0,15000,15000,1,-1,72.9375,72.9375,0
1786402452842,15000,die0,15000,15000,1,-1,73.0625,73.0625,0
1786402452943,15000,die0,15000,15000,1,-1,73.0625,73.0625,0
1786402453042,15000,die0,15000,15000,1,-1,73.0625,73.0625,0
1786402453142,15000,die0,15000,15000,1,-1,73.0625,73.0625,0
1786402453242,15000,die0,15000,15000,1,-1,73.0625,73.0625,0
1786402453342,15000,die0,15000,15000,1,-1,73.0625,73.0625,0
1786402453442,15000,die0,15000,15000,1,-1,73.0625,73.0625,0
1786402453542,15000,die0,15000,15000,1,-1,73.0625,73.0625,0
1786402453642,15000,die0,15000,15000,1,-1,73.0625,73.0625,0
1786402453743,15000,die0,15000,15000,1,-1,73.0625,73.0625,0
1786402453842,15000,die0,15000,15000,1,-1,73.0625,73.0625,0
1786402453942,15000,die0,15000,15000,1,-1,73.0625,73.0625,0
1786402454042,15000,die0,15000,15000,1,-1,73.0625,73.0625,0
1786402454142,15000,die0,15000,15000,1,-1,73.0625,73.0625,0
1786402454242,15000,die0,15000,15000,1,-1,73.0625,73.0625,0
1786402454342,15000,die0,15000,15000,1,-1,73.0625,73.0625,0
1786402454442,15000,die0,15000,15000,1,-1,73.0625,73.0625,0
1786402454542,15000,die0,15000,15000,1,-1,73.0625,73.0625,0
1786402454642,15000,die0,15000,15000,1,-1,73.0625,73.0625,0
1786402454742,15000,die0,15000,15000,1,-1,73.0625,73.0625,0
1786402454842,15000,die0,15000,15000,1,-1,73,73,0
1786402454942,15000,die0,15000,15000,1,-1,73,73,0
1786402455042,15000,die0,15000,15000,1,-1,73,73,0
1786402455142,15000,die0,15000,15000,1,-1,73,73,0
1786402455242,15000,die0,15000,15000,1,-1,73,73,0
1786402455342,15000,die0,15000,15000,1,-1,73,73,0
1786402455442,15000,die0,15000,15000,1,-1,73,73,0
1786402455542,15000,die0,15000,15000,1,-1,73,73,0
1786402455642,15000,die0,15000,15000,1,-1,73,73,0
1786402455742,15000,die0,15000,15000,1,-1,73,73,0
1786402455842,15000,die0,15000,15000,1,-1,73,73,0
1786402455942,15000,die0,15000,15000,1,-1,73,73,0
1786402456042,15000,die0,15000,15000,1,-1,73,73,0
1786402456142,15000,die0,15000,15000,1,-1,73,73,0
1786402456242,15000,die0,15000,15000,1,-1,73,73,0
1786402456342,15000,die0,15000,15000,1,-1,73,73,0
1786402456442,15000,die0,15000,15000,1,-1,73,73,0
1786402456542,15000,die0,15000,15000,1,-1,73,73,0
1786402456642,15000,die0,15000,15000,1,-1,73,73,0
1786402456742,15000,die0,15000,15000,1,-1,73,73,0
1786402456842,15000,die0,15000,15000,1,-1,73,73,0
1786402456942,15000,die0,15000,15000,1,-1,73,73,0
1786402457043,15000,die0,15000,15000,1,-1,73,73,0
1786402457142,15000,die0,15000,15000,1,-1,73,73,0
1786402457242,15000,die0,15000,15000,1,-1,73,73,0
1786402457342,15000,die0,15000,15000,1,-1,73,73,0
1786402457442,15000,die0,15000,15000,1,-1,73,73,0
1786402457542,15000,die0,15000,15000,1,-1,73,73,0
1786402457642,15000,die0,15000,15000,1,-1,73,73,0
1786402457742,15000,die0,15000,15000,1,-1,73,73,0
1786402457842,15000,die0,15000,15000,1,-1,72.9375,72.9375,0
1786402457942,15000,die0,15000,15000,1,-1,72.9375,72.9375,0
1786402458042,15000,die0,15000,15000,1,-1,72.9375,72.9375,0
1786402458142,15000,die0,15000,15000,1,-1,72.9375,72.9375,0
1786402458242,15000,die0,15000,15000,1,-1,72.9375,72.9375,0
1786402458342,15000,die0,15000,15000,1,-1,72.9375,72.9375,0
1786402458442,15000,die0,15000,15000,1,-1,72.9375,72.9375,0
1786402458542,15000,die0,15000,15000,1,-1,72.9375,72.9375,0
1786402458642,15000,die0,15000,15000,1,-1,72.9375,72.9375,0
1786402458742,15000,die0,15000,15000,1,-1,72.9375,72.9375,0
1786402458842,15000,die0,15000,15000,1,-1,73,73,0
1786402458942,15000,die0,15000,15000,1,-1,73,73,0
1786402459046,15000,die0,15000,15000,1,-1,73,73,0
1786402459142,15000,die0,15000,15000,1,-1,73,73,0
1786402459242,15000,die0,15000,15000,1,-1,73,73,0
1786402459342,15000,die0,15000,15000,1,-1,73,73,0
1786402459442,15000,die0,15000,15000,1,-1,73,73,0
1786402459542,15000,die0,15000,15000,1,-1,73,73,0
1786402459642,15000,die0,15000,15000,1,-1,73,73,0
1786402459742,15000,die0,15000,15000,1,-1,73,73,0
1786402459842,15000,die0,15000,15000,1,-1,73.0625,73.0625,0
1786402459942,15000,die0,15000,15000,1,-1,73.0625,73.0625,0
1786402460042,15000,die0,15000,15000,1,-1,73.0625,73.0625,0
1786402460143,15000,die0,15000,15000,1,-1,73.0625,73.0625,0
1786402460243,15000,die0,15000,15000,1,-1,73.0625,73.0625,0
1786402460342,15000,die0,15000,15000,1,-1,73.0625,73.0625,0
1786402460442,15000,die0,15000,15000,1,-1,73.0625,73.0625,0
1786402460542,15000,die0,15000,15000,1,-1,73.0625,73.0625,0
1786402460642,15000,die0,15000,15000,1,-1,73.0625,73.0625,0
1786402460742,15000,die0,15000,15000,1,-1,73.0625,73.0625,0
1786402460842,15000,die0,15000,15000,1,-1,73,73,0
1786402460942,15000,die0,15000,15000,1,-1,73,73,0
1786402461042,15000,die0,15000,15000,1,-1,73,73,0
1786402461142,15000,die0,15000,15000,1,-1,73,73,0
1786402461242,15000,die0,15000,15000,1,-1,73,73,0
1786402461342,15000,die0,15000,15000,1,-1,73,73,0
1786402461442,15000,die0,15000,15000,1,-1,73,73,0
1786402461542,15000,die0,15000,15000,1,-1,73,73,0
1786402461642,15000,die0,15000,15000,1,-1,73,73,0
1786402461742,15000,die0,15000,15000,1,-1,73,73,0
1786402461846,15000,die0,15000,15000,1,-1,72.9375,72.9375,0
1786402461942,15000,die0,15000,15000,1,-1,72.9375,72.9375,0
1786402462042,15000,die0,15000,15000,1,-1,72.9375,72.9375,0
1786402462142,15000,die0,15000,15000,1,-1,72.9375,72.9375,0
1786402462242,15000,die0,15000,15000,1,-1,72.9375,72.9375,0
1786402462342,15000,die0,15000,15000,1,-1,72.9375,72.9375,0
1786402462442,15000,die0,15000,15000,1,-1,72.9375,72.9375,0
1786402462542,15000,die0,15000,15000,1,-1,72.9375,72.9375,0
1786402462642,15000,die0,15000,15000,1,-1,72.9375,72.9375,0
1786402462742,15000,die0,15000,15000,1,-1,72.9375,72.9375,0
1786402462842,15000,die0,15000,15000,1,-1,73.0625,73.0625,0
1786402462942,15000,die0,15000,15000,1,-1,73.0625,73.0625,0
1786402463042,15000,die0,15000,15000,1,-1,73.0625,73.0625,0
1786402463142,15000,die0,15000,15000,1,-1,73.0625,73.0625,0
1786402463242,15000,die0,15000,15000,1,-1,73.0625,73.0625,0
1786402463342,15000,die0,15000,15000,1,-1,73.0625,73.0625,0
1786402463442,15000,die0,15000,15000,1,-1,73.0625,73.0625,0
1786402463542,15000,die0,15000,15000,1,-1,73.0625,73.0625,0
1786402463642,15000,die0,15000,15000,1,-1,73.0625,73.0625,0
1786402463742,15000,die0,15000,15000,1,-1,73.0625,73.0625,0
1786402463842,15000,die0,15000,15000,1,-1,73,73,0
1786402463942,15000,die0,15000,15000,1,-1,73,73,0
1786402464043,15000,die0,15000,15000,1,-1,73,73,0
1786402464142,15000,die0,15000,15000,1,-1,73,73,0
1786402464242,15000,die0,15000,15000,1,-1,73,73,0
1786402464342,15000,die0,15000,15000,1,-1,73,73,0
1786402464442,15000,die0,15000,15000,1,-1,73,73,0
1786402464542,15000,die0,15000,15000,1,-1,73,73,0
1786402464642,15000,die0,15000,15000,1,-1,73,73,0
1786402464742,15000,die0,15000,15000,1,-1,73,73,0
1786402464842,15000,die0,15000,15000,1,-1,73,73,0
1786402464942,15000,die0,15000,15000,1,-1,73,73,0
1786402465042,15000,die0,15000,15000,1,-1,73,73,0
1786402465142,15000,die0,15000,15000,1,-1,73,73,0
1786402465242,15000,die0,15000,15000,1,-1,73,73,0
1786402465342,15000,die0,15000,15000,1,-1,73,73,0
1786402465443,15000,die0,15000,15000,1,-1,73,73,0
1786402465542,15000,die0,15000,15000,1,-1,73,73,0
1786402465642,15000,die0,15000,15000,1,-1,73,73,0
1786402465742,15000,die0,15000,15000,1,-1,73,73,0
1786402465842,15000,die0,15000,15000,1,-1,73,73,0
1786402465942,15000,die0,15000,15000,1,-1,73,73,0
1786402466042,15000,die0,15000,15000,1,-1,73,73,0
1786402466142,15000,die0,15000,15000,1,-1,73,73,0
1786402466242,15000,die0,15000,15000,1,-1,73,73,0
1786402466342,15000,die0,15000,15000,1,-1,73,73,0
1786402466442,15000,die0,15000,15000,1,-1,73,73,0
1786402466542,15000,die0,15000,15000,1,-1,73,73,0
1786402466642,15000,die0,15000,15000,1,-1,73,73,0
1786402466742,15000,die0,15000,15000,1,-1,73,73,0
1786402466842,15000,die0,15000,15000,1,-1,73,73,0
1786402466943,15000,die0,15000,15000,1,-1,73,73,0
1786402467042,15000,die0,15000,15000,1,-1,73,73,0
1786402467142,15000,die0,15000,15000,1,-1,73,73,0
1786402467242,15000,die0,15000,15000,1,-1,73,73,0
1786402467343,15000,die0,15000,15000,1,-1,73,73,0
1786402467442,15000,die0,15000,15000,1,-1,73,73,0
1786402467542,15000,die0,15000,15000,1,-1,73,73,0
1786402467642,15000,die0,15000,15000,1,-1,73,73,0
1786402467742,15000,die0,15000,15000,1,-1,73,73,0
1786402467842,15000,die0,15000,15000,1,-1,73.0625,73.0625,0
1786402467942,15000,die0,15000,15000,1,-1,73.0625,73.0625,0
1786402468042,15000,die0,15000,15000,1,-1,73.0625,73.0625,0
1786402468142,15000,die0,15000,15000,1,-1,73.0625,73.0625,0
1786402468242,15000,die0,15000,15000,1,-1,73.0625,73.0625,0
1786402468342,15000,die0,15000,15000,1,-1,73.0625,73.0625,0
1786402468442,15000,die0,15000,15000,1,-1,73.0625,73.0625,0
1786402468542,15000,die0,15000,15000,1,-1,73.0625,73.0625,0
1786402468642,15000,die0,15000,15000,1,-1,73.0625,73.0625,0
1786402468742,15000,die0,15000,15000,1,-1,73.0625,73.0625,0
1786402468843,15000,die0,15000,15000,1,-1,72.875,72.875,0
1786402468942,15000,die0,15000,15000,1,-1,72.875,72.875,0
1786402469046,15000,die0,15000,15000,1,-1,72.875,72.875,0
1786402469142,15000,die0,15000,15000,1,-1,72.875,72.875,0
1786402469242,15000,die0,15000,15000,1,-1,72.875,72.875,0
1786402469342,15000,die0,15000,15000,1,-1,72.875,72.875,0
1786402469442,15000,die0,15000,15000,1,-1,72.875,72.875,0
1786402469542,15000,die0,15000,15000,1,-1,72.875,72.875,0
1786402469642,15000,die0,15000,15000,1,-1,72.875,72.875,0
1786402469742,15000,die0,15000,15000,1,-1,72.875,72.875,0
1786402469842,15000,die0,15000,15000,1,-1,73.0625,73.0625,0
1786402469942,15000,die0,15000,15000,1,-1,73.0625,73.0625,0
1786402470043,15000,die0,15000,15000,1,-1,73.0625,73.0625,0
1786402470143,15000,die0,15000,15000,1,-1,73.0625,73.0625,0
1786402470242,15000,die0,15000,15000,1,-1,73.0625,73.0625,0
1786402470342,15000,die0,15000,15000,1,-1,73.0625,73.0625,0
1786402470442,15000,die0,15000,15000,1,-1,73.0625,73.0625,0
1786402470542,15000,die0,15000,15000,1,-1,73.0625,73.0625,0
1786402470642,15000,die0,15000,15000,1,-1,73.0625,73.0625,0
1786402470742,15000,die0,15000,15000,1,-1,73.0625,73.0625,0
1786402470842,15000,die0,15000,15000,1,-1,72.9375,72.9375,0
1786402470942,15000,die0,15000,15000,1,-1,72.9375,72.9375,0
1786402471042,15000,die0,15000,15000,1,-1,72.9375,72.9375,0
1786402471142,15000,die0,15000,15000,1,-1,72.9375,72.9375,0
1786402471242,15000,die0,15000,15000,1,-1,72.9375,72.9375,0
1786402471342,15000,die0,15000,15000,1,-1,72.9375,72.9375,0
1786402471442,15000,die0,15000,15000,1,-1,72.9375,72.9375,0
1786402471542,15000,die0,15000,15000,1,-1,72.9375,72.9375,0
1786402471642,15000,die0,15000,15000,1,-1,72.9375,72.9375,0
1786402471742,15000,die0,15000,15000,1,-1,72.9375,72.9375,0
1786402471842,15000,die0,15000,15000,1,-1,72.9375,72.9375,0
1786402471942,15000,die0,15000,15000,1,-1,72.9375,72.9375,0
1786402472042,15000,die0,15000,15000,1,-1,72.9375,72.9375,0
1786402472142,15000,die0,15000,15000,1,-1,72.9375,72.9375,0
1786402472242,15000,die0,15000,15000,1,-1,72.9375,72.9375,0
1786402472342,15000,die0,15000,15000,1,-1,72.9375,72.9375,0
1786402472443,15000,die0,15000,15000,1,-1,72.9375,72.9375,0
1786402472542,15000,die0,15000,15000,1,-1,72.9375,72.9375,0
1786402472642,15000,die0,15000,15000,1,-1,72.9375,72.9375,0
1786402472742,15000,die0,15000,15000,1,-1,72.9375,72.9375,0
1786402472842,15000,die0,15000,15000,1,-1,72.9375,72.9375,0
1786402472942,15000,die0,15000,15000,1,-1,72.9375,72.9375,0
1786402473042,15000,die0,15000,15000,1,-1,72.9375,72.9375,0
1786402473142,15000,die0,15000,15000,1,-1,72.9375,72.9375,0
1786402473242,15000,die0,15000,15000,1,-1,72.9375,72.9375,0
1786402473342,15000,die0,15000,15000,1,-1,72.9375,72.9375,0
1786402473442,15000,die0,15000,15000,1,-1,72.9375,72.9375,0
1786402473542,15000,die0,15000,15000,1,-1,72.9375,72.9375,0
1786402473642,15000,die0,15000,15000,1,-1,72.9375,72.9375,0
1786402473742,15000,die0,15000,15000,1,-1,72.9375,72.9375,0
1786402473842,15000,die0,15000,15000,1,-1,73.0625,73.0625,0
1786402473942,15000,die0,15000,15000,1,-1,73.0625,73.0625,0
1786402474042,15000,die0,15000,15000,1,-1,73.0625,73.0625,0
1786402474142,15000,die0,15000,15000,1,-1,73.0625,73.0625,0
1786402474242,15000,die0,15000,15000,1,-1,73.0625,73.0625,0
1786402474342,15000,die0,15000,15000,1,-1,73.0625,73.0625,0
1786402474442,15000,die0,15000,15000,1,-1,73.0625,73.0625,0
1786402474542,15000,die0,15000,15000,1,-1,73.0625,73.0625,0
1786402474642,15000,die0,15000,15000,1,-1,73.0625,73.0625,0
1786402474742,15000,die0,15000,15000,1,-1,73.0625,73.0625,0
1786402474842,15000,die0,15000,15000,1,-1,73,73,0
1786402474942,15000,die0,15000,15000,1,-1,73,73,0
1786402475042,15000,die0,15000,15000,1,-1,73,73,0
1786402475142,15000,die0,15000,15000,1,-1,73,73,0
1786402475242,15000,die0,15000,15000,1,-1,73,73,0
1786402475342,15000,die0,15000,15000,1,-1,73,73,0
1786402475442,15000,die0,15000,15000,1,-1,73,73,0
1786402475542,15000,die0,15000,15000,1,-1,73,73,0
1786402475642,15000,die0,15000,15000,1,-1,73,73,0
1786402475742,15000,die0,15000,15000,1,-1,73,73,0
1786402475842,15000,die0,15000,15000,1,-1,73.125,73.125,0
1786402475942,15000,die0,15000,15000,1,-1,73.125,73.125,0
1786402476042,15000,die0,15000,15000,1,-1,73.125,73.125,0
1786402476142,15000,die0,15000,15000,1,-1,73.125,73.125,0
1786402476242,15000,die0,15000,15000,1,-1,73.125,73.125,0
1786402476342,15000,die0,15000,15000,1,-1,73.125,73.125,0
1786402476442,15000,die0,15000,15000,1,-1,73.125,73.125,0
1786402476542,15000,die0,15000,15000,1,-1,73.125,73.125,0
1786402476642,15000,die0,15000,15000,1,-1,73.125,73.125,0
1786402476742,15000,die0,15000,15000,1,-1,73.125,73.125,0
1786402476842,15000,die0,15000,15000,1,-1,73,73,0
1786402476942,15000,die0,15000,15000,1,-1,73,73,0
1786402477042,15000,die0,15000,15000,1,-1,73,73,0
1786402477143,15000,die0,15000,15000,1,-1,73,73,0
1786402477242,15000,die0,15000,15000,1,-1,73,73,0
1786402477342,15000,die0,15000,15000,1,-1,73,73,0
1786402477442,15000,die0,15000,15000,1,-1,73,73,0
1786402477542,15000,die0,15000,15000,1,-1,73,73,0
1786402477642,15000,die0,15000,15000,1,-1,73,73,0
1786402477742,15000,die0,15000,15000,1,-1,73,73,0
1786402477842,15000,die0,15000,15000,1,-1,73,73,0
1786402477942,15000,die0,15000,15000,1,-1,73,73,0
1786402478042,15000,die0,15000,15000,1,-1,73,73,0
1786402478142,15000,die0,15000,15000,1,-1,73,73,0
1786402478242,15000,die0,15000,15000,1,-1,73,73,0
1786402478342,15000,die0,15000,15000,1,-1,73,73,0
1786402478442,15000,die0,15000,15000,1,-1,73,73,0
1786402478546,15000,die0,15000,15000,1,-1,73,73,0
1786402478642,15000,die0,15000,15000,1,-1,73,73,0
1786402478742,15000,die0,15000,15000,1,-1,73,73,0
1786402478842,15000,die0,15000,15000,1,-1,72.9375,72.9375,0
1786402478942,15000,die0,15000,15000,1,-1,72.9375,72.9375,0
1786402479042,15000,die0,15000,15000,1,-1,72.9375,72.9375,0
1786402479142,15000,die0,15000,15000,1,-1,72.9375,72.9375,0
1786402479242,15000,die0,15000,15000,1,-1,72.9375,72.9375,0
1786402479342,15000,die0,15000,15000,1,-1,72.9375,72.9375,0
1786402479442,15000,die0,15000,15000,1,-1,72.9375,72.9375,0
1786402479542,15000,die0,15000,15000,1,-1,72.9375,72.9375,0
1786402479642,15000,die0,15000,15000,1,-1,72.9375,72.9375,0
1786402479742,15000,die0,15000,15000,1,-1,72.9375,72.9375,0
1786402479842,15000,die0,15000,15000,1,-1,73,73,0
1786402479942,15000,die0,15000,15000,1,-1,73,73,0
1786402480042,15000,die0,15000,15000,1,-1,73,73,0
1786402480142,15000,die0,15000,15000,1,-1,73,73,0
1786402480242,15000,die0,15000,15000,1,-1,73,73,0
1786402480342,15000,die0,15000,15000,1,-1,73,73,0
1786402480442,15000,die0,15000,15000,1,-1,73,73,0
1786402480542,15000,die0,15000,15000,1,-1,73,73,0
1786402480642,15000,die0,15000,15000,1,-1,73,73,0
1786402480742,15000,die0,15000,15000,1,-1,73,73,0
1786402480842,15000,die0,15000,15000,1,-1,72.9375,72.9375,0
1786402480942,15000,die0,15000,15000,1,-1,72.9375,72.9375,0
1786402481042,15000,die0,15000,15000,1,-1,72.9375,72.9375,0
1786402481142,15000,die0,15000,15000,1,-1,72.9375,72.9375,0
1786402481242,15000,die0,15000,15000,1,-1,72.9375,72.9375,0
1786402481342,15000,die0,15000,15000,1,-1,72.9375,72.9375,0
1786402481442,15000,die0,15000,15000,1,-1,72.9375,72.9375,0
1786402481542,15000,die0,15000,15000,1,-1,72.9375,72.9375,0
1786402481642,15000,die0,15000,15000,1,-1,72.9375,72.9375,0
1786402481742,15000,die0,15000,15000,1,-1,72.9375,72.9375,0
1786402481842,15000,die0,15000,15000,1,-1,72.9375,72.9375,0
1786402481942,15000,die0,15000,15000,1,-1,72.9375,72.9375,0
1786402482042,15000,die0,15000,15000,1,-1,72.9375,72.9375,0
1786402482142,15000,die0,15000,15000,1,-1,72.9375,72.9375,0
1786402482242,15000,die0,15000,15000,1,-1,72.9375,72.9375,0
1786402482342,15000,die0,15000,15000,1,-1,72.9375,72.9375,0
1786402482442,15000,die0,15000,15000,1,-1,72.9375,72.9375,0
1786402482542,15000,die0,15000,15000,1,-1,72.9375,72.9375,0
1786402482642,15000,die0,15000,15000,1,-1,72.9375,72.9375,0
1786402482743,15000,die0,15000,15000,1,-1,72.9375,72.9375,0
1786402482842,15000,die0,15000,15000,1,-1,72.9375,72.9375,0
1786402482942,15000,die0,15000,15000,1,-1,72.9375,72.9375,0
1786402483042,15000,die0,15000,15000,1,-1,72.9375,72.9375,0
1786402483142,15000,die0,15000,15000,1,-1,72.9375,72.9375,0
1786402483242,15000,die0,15000,15000,1,-1,72.9375,72.9375,0
1786402483342,15000,die0,15000,15000,1,-1,72.9375,72.9375,0
1786402483442,15000,die0,15000,15000,1,-1,72.9375,72.9375,0
1786402483542,15000,die0,15000,15000,1,-1,72.9375,72.9375,0
1786402483642,15000,die0,15000,15000,1,-1,72.9375,72.9375,0
1786402483742,15000,die0,15000,15000,1,-1,72.9375,72.9375,0
1786402483842,15000,die0,15000,15000,1,-1,73.0625,73.0625,0
1786402483942,15000,die0,15000,15000,1,-1,73.0625,73.0625,0
1786402484043,15000,die0,15000,15000,1,-1,73.0625,73.0625,0
1786402484142,15000,die0,15000,15000,1,-1,73.0625,73.0625,0
1786402484242,15000,die0,15000,15000,1,-1,73.0625,73.0625,0
1786402484342,15000,die0,15000,15000,1,-1,73.0625,73.0625,0
1786402484442,15000,die0,15000,15000,1,-1,73.0625,73.0625,0
1786402484543,15000,die0,15000,15000,1,-1,73.0625,73.0625,0
1786402484642,15000,die0,15000,15000,1,-1,73.0625,73.0625,0
1786402484742,15000,die0,15000,15000,1,-1,73.0625,73.0625,0
1786402484842,15000,die0,15000,15000,1,-1,73,73,0
1786402484942,15000,die0,15000,15000,1,-1,73,73,0
1786402485042,15000,die0,15000,15000,1,-1,73,73,0
1786402485142,15000,die0,15000,15000,1,-1,73,73,0
1786402485242,15000,die0,15000,15000,1,-1,73,73,0
1786402485343,15000,die0,15000,15000,1,-1,73,73,0
1786402485442,15000,die0,15000,15000,1,-1,73,73,0
1786402485542,15000,die0,15000,15000,1,-1,73,73,0
1786402485642,15000,die0,15000,15000,1,-1,73,73,0
1786402485743,15000,die0,15000,15000,1,-1,73,73,0
1786402485843,15000,die0,15000,15000,1,-1,73,73,0
1786402485942,15000,die0,15000,15000,1,-1,73,73,0
1786402486042,15000,die0,15000,15000,1,-1,73,73,0
1786402486142,15000,die0,15000,15000,1,-1,73,73,0
1786402486242,15000,die0,15000,15000,1,-1,73,73,0
1786402486342,15000,die0,15000,15000,1,-1,73,73,0
1786402486442,15000,die0,15000,15000,1,-1,73,73,0
1786402486543,15000,die0,15000,15000,1,-1,73,73,0
1786402486642,15000,die0,15000,15000,1,-1,73,73,0
1786402486742,15000,die0,15000,15000,1,-1,73,73,0
1786402486842,15000,die0,15000,15000,1,-1,73,73,0
1786402486942,15000,die0,15000,15000,1,-1,73,73,0
1786402487043,15000,die0,15000,15000,1,-1,73,73,0
1786402487142,15000,die0,15000,15000,1,-1,73,73,0
1786402487242,15000,die0,15000,15000,1,-1,73,73,0
1786402487342,15000,die0,15000,15000,1,-1,73,73,0
1786402487442,15000,die0,15000,15000,1,-1,73,73,0
1786402487542,15000,die0,15000,15000,1,-1,73,73,0
1786402487642,15000,die0,15000,15000,1,-1,73,73,0
1786402487743,15000,die0,15000,15000,1,-1,73,73,0
1786402487842,15000,die0,15000,15000,1,-1,73,73,0
1786402487942,15000,die0,15000,15000,1,-1,73,73,0
1786402488042,15000,die0,15000,15000,1,-1,73,73,0
1786402488143,15000,die0,15000,15000,1,-1,73,73,0
1786402488242,15000,die0,15000,15000,1,-1,73,73,0
1786402488342,15000,die0,15000,15000,1,-1,73,73,0
1786402488442,15000,die0,15000,15000,1,-1,73,73,0
1786402488542,15000,die0,15000,15000,1,-1,73,73,0
1786402488643,15000,die0,15000,15000,1,-1,73,73,0
1786402488742,15000,die0,15000,15000,1,-1,73,73,0
1786402488842,15000,die0,15000,15000,1,-1,72.9375,72.9375,0
1786402488942,15000,die0,15000,15000,1,-1,72.9375,72.9375,0
1786402489042,15000,die0,15000,15000,1,-1,72.9375,72.9375,0
1786402489142,15000,die0,15000,15000,1,-1,72.9375,72.9375,0
1786402489242,15000,die0,15000,15000,1,-1,72.9375,72.9375,0
1786402489342,15000,die0,15000,15000,1,-1,72.9375,72.9375,0
1786402489442,15000,die0,15000,15000,1,-1,72.9375,72.9375,0
1786402489542,15000,die0,15000,15000,1,-1,72.9375,72.9375,0
1786402489643,15000,die0,15000,15000,1,-1,72.9375,72.9375,0
1786402489742,15000,die0,15000,15000,1,-1,72.9375,72.9375,0
1786402489842,15000,die0,15000,15000,1,-1,72.9375,72.9375,0
1786402489942,15000,die0,15000,15000,1,-1,72.9375,72.9375,0
1786402490042,15000,die0,15000,15000,1,-1,72.9375,72.9375,0
1786402490142,15000,die0,15000,15000,1,-1,72.9375,72.9375,0
1786402490242,15000,die0,15000,15000,1,-1,72.9375,72.9375,0
1786402490342,15000,die0,15000,15000,1,-1,72.9375,72.9375,0
1786402490442,15000,die0,15000,15000,1,-1,72.9375,72.9375,0
1786402490542,15000,die0,15000,15000,1,-1,72.9375,72.9375,0
1786402490642,15000,die0,15000,15000,1,-1,72.9375,72.9375,0
1786402490743,15000,die0,15000,15000,1,-1,72.9375,72.9375,0
1786402490842,15000,die0,15000,15000,1,-1,73.0625,73.0625,0
1786402490942,15000,die0,15000,15000,1,-1,73.0625,73.0625,0
1786402491042,15000,die0,15000,15000,1,-1,73.0625,73.0625,0
1786402491143,15000,die0,15000,15000,1,-1,73.0625,73.0625,0
1786402491246,15000,die0,15000,15000,1,-1,73.0625,73.0625,0
1786402491342,15000,die0,15000,15000,1,-1,73.0625,73.0625,0
1786402491442,15000,die0,15000,15000,1,-1,73.0625,73.0625,0
1786402491542,15000,die0,15000,15000,1,-1,73.0625,73.0625,0
1786402491642,15000,die0,15000,15000,1,-1,73.0625,73.0625,0
1786402491742,15000,die0,15000,15000,1,-1,73.0625,73.0625,0
1786402491842,15000,die0,15000,15000,1,-1,72.9375,72.9375,0
1786402491942,15000,die0,15000,15000,1,-1,72.9375,72.9375,0
1786402492042,15000,die0,15000,15000,1,-1,72.9375,72.9375,0
1786402492142,15000,die0,15000,15000,1,-1,72.9375,72.9375,0
1786402492242,15000,die0,15000,15000,1,-1,72.9375,72.9375,0
1786402492342,15000,die0,15000,15000,1,-1,72.9375,72.9375,0
1786402492442,15000,die0,15000,15000,1,-1,72.9375,72.9375,0
1786402492542,15000,die0,15000,15000,1,-1,72.9375,72.9375,0
1786402492643,15000,die0,15000,15000,1,-1,72.9375,72.9375,0
1786402492742,15000,die0,15000,15000,1,-1,72.9375,72.9375,0
1786402492842,15000,die0,15000,15000,1,-1,73,73,0
1786402492942,15000,die0,15000,15000,1,-1,73,73,0
1786402493042,15000,die0,15000,15000,1,-1,73,73,0
1786402493142,15000,die0,15000,15000,1,-1,73,73,0
1786402493242,15000,die0,15000,15000,1,-1,73,73,0
1786402493342,15000,die0,15000,15000,1,-1,73,73,0
1786402493442,15000,die0,15000,15000,1,-1,73,73,0
1786402493542,15000,die0,15000,15000,1,-1,73,73,0
1786402493642,15000,die0,15000,15000,1,-1,73,73,0
1786402493742,15000,die0,15000,15000,1,-1,73,73,0
1786402493842,15000,die0,15000,15000,1,-1,73,73,0
1786402493942,15000,die0,15000,15000,1,-1,73,73,0
1786402494042,15000,die0,15000,15000,1,-1,73,73,0
1786402494142,15000,die0,15000,15000,1,-1,73,73,0
1786402494242,15000,die0,15000,15000,1,-1,73,73,0
1786402494346,15000,die0,15000,15000,1,-1,73,73,0
1786402494442,15000,die0,15000,15000,1,-1,73,73,0
1786402494542,15000,die0,15000,15000,1,-1,73,73,0
1786402494642,15000,die0,15000,15000,1,-1,73,73,0
1786402494742,15000,die0,15000,15000,1,-1,73,73,0
1786402494842,15000,die0,15000,15000,1,-1,73,73,0
1786402494942,15000,die0,15000,15000,1,-1,73,73,0
1786402495042,15000,die0,15000,15000,1,-1,73,73,0
1786402495143,15000,die0,15000,15000,1,-1,73,73,0
1786402495242,15000,die0,15000,15000,1,-1,73,73,0
1786402495342,15000,die0,15000,15000,1,-1,73,73,0
1786402495442,15000,die0,15000,15000,1,-1,73,73,0
1786402495542,15000,die0,15000,15000,1,-1,73,73,0
1786402495642,15000,die0,15000,15000,1,-1,73,73,0
1786402495742,15000,die0,15000,15000,1,-1,73,73,0
1786402495842,15000,die0,15000,15000,1,-1,73.0625,73.0625,0
1786402495942,15000,die0,15000,15000,1,-1,73.0625,73.0625,0
1786402496042,15000,die0,15000,15000,1,-1,73.0625,73.0625,0
1786402496142,15000,die0,15000,15000,1,-1,73.0625,73.0625,0
1786402496242,15000,die0,15000,15000,1,-1,73.0625,73.0625,0
1786402496342,15000,die0,15000,15000,1,-1,73.0625,73.0625,0
1786402496442,15000,die0,15000,15000,1,-1,73.0625,73.0625,0
1786402496542,15000,die0,15000,15000,1,-1,73.0625,73.0625,0
1786402496642,15000,die0,15000,15000,1,-1,73.0625,73.0625,0
1786402496742,15000,die0,15000,15000,1,-1,73.0625,73.0625,0
1786402496842,15000,die0,15000,15000,1,-1,73.0625,73.0625,0
1786402496942,15000,die0,15000,15000,1,-1,73.0625,73.0625,0
1786402497042,15000,die0,15000,15000,1,-1,73.0625,73.0625,0
1786402497142,15000,die0,15000,15000,1,-1,73.0625,73.0625,0
1786402497242,15000,die0,15000,15000,1,-1,73.0625,73.0625,0
1786402497342,15000,die0,15000,15000,1,-1,73.0625,73.0625,0
1786402497442,15000,die0,15000,15000,1,-1,73.0625,73.0625,0
1786402497542,15000,die0,15000,15000,1,-1,73.0625,73.0625,0
1786402497642,15000,die0,15000,15000,1,-1,73.0625,73.0625,0
1786402497742,15000,die0,15000,15000,1,-1,73.0625,73.0625,0
1786402497842,15000,die0,15000,15000,1,-1,73,73,0
1786402497942,15000,die0,15000,15000,1,-1,73,73,0
1786402498042,15000,die0,15000,15000,1,-1,73,73,0
1786402498142,15000,die0,15000,15000,1,-1,73,73,0
1786402498242,15000,die0,15000,15000,1,-1,73,73,0
1786402498342,15000,die0,15000,15000,1,-1,73,73,0
1786402498442,15000,die0,15000,15000,1,-1,73,73,0
1786402498542,15000,die0,15000,15000,1,-1,73,73,0
1786402498642,15000,die0,15000,15000,1,-1,73,73,0
1786402498742,15000,die0,15000,15000,1,-1,73,73,0
1786402498842,15000,die0,15000,15000,1,-1,73.0625,73.0625,0
1786402498942,15000,die0,15000,15000,1,-1,73.0625,73.0625,0
1786402499043,15000,die0,15000,15000,1,-1,73.0625,73.0625,0
1786402499142,15000,die0,15000,15000,1,-1,73.0625,73.0625,0
1786402499242,15000,die0,15000,15000,1,-1,73.0625,73.0625,0
1786402499342,15000,die0,15000,15000,1,-1,73.0625,73.0625,0
1786402499442,15000,die0,15000,15000,1,-1,73.0625,73.0625,0
1786402499542,15000,die0,15000,15000,1,-1,73.0625,73.0625,0
1786402499642,15000,die0,15000,15000,1,-1,73.0625,73.0625,0
1786402499742,15000,die0,15000,15000,1,-1,73.0625,73.0625,0
1786402499842,15000,die0,15000,15000,1,-1,72.9375,72.9375,0
1786402499942,15000,die0,15000,15000,1,-1,72.9375,72.9375,0
1786402500042,15000,die0,15000,15000,1,-1,72.9375,72.9375,0
1786402500143,15000,die0,15000,15000,1,-1,72.9375,72.9375,0
1786402500242,15000,die0,15000,15000,1,-1,72.9375,72.9375,0
1786402500342,15000,die0,15000,15000,1,-1,72.9375,72.9375,0
1786402500442,15000,die0,15000,15000,1,-1,72.9375,72.9375,0
1786402500542,15000,die0,15000,15000,1,-1,72.9375,72.9375,0
1786402500642,15000,die0,15000,15000,1,-1,72.9375,72.9375,0
1786402500742,15000,die0,15000,15000,1,-1,72.9375,72.9375,0
1786402500842,15000,die0,15000,15000,1,-1,72.9375,72.9375,0
1786402500942,15000,die0,15000,15000,1,-1,72.9375,72.9375,0
1786402501042,15000,die0,15000,15000,1,-1,72.9375,72.9375,0
1786402501142,15000,die0,15000,15000,1,-1,72.9375,72.9375,0
1786402501243,15000,die0,15000,15000,1,-1,72.9375,72.9375,0
1786402501342,15000,die0,15000,15000,1,-1,72.9375,72.9375,0
1786402501442,15000,die0,15000,15000,1,-1,72.9375,72.9375,0
1786402501542,15000,die0,15000,15000,1,-1,72.9375,72.9375,0
1786402501642,15000,die0,15000,15000,1,-1,72.9375,72.9375,0
1786402501742,15000,die0,15000,15000,1,-1,72.9375,72.9375,0
1786402501842,15000,die0,15000,15000,1,-1,73.125,73.125,0
1786402501942,15000,die0,15000,15000,1,-1,73.125,73.125,0
1786402502042,15000,die0,15000,15000,1,-1,73.125,73.125,0
1786402502142,15000,die0,15000,15000,1,-1,73.125,73.125,0
1786402502242,15000,die0,15000,15000,1,-1,73.125,73.125,0
1786402502342,15000,die0,15000,15000,1,-1,73.125,73.125,0
1786402502442,15000,die0,15000,15000,1,-1,73.125,73.125,0
1786402502542,15000,die0,15000,15000,1,-1,73.125,73.125,0
1786402502642,15000,die0,15000,15000,1,-1,73.125,73.125,0
1786402502742,15000,die0,15000,15000,1,-1,73.125,73.125,0
1786402502842,15000,die0,15000,15000,1,-1,73.0625,73.0625,0
1786402502942,15000,die0,15000,15000,1,-1,73.0625,73.0625,0
1786402503042,15000,die0,15000,15000,1,-1,73.0625,73.0625,0
1786402503142,15000,die0,15000,15000,1,-1,73.0625,73.0625,0
1786402503242,15000,die0,15000,15000,1,-1,73.0625,73.0625,0
1786402503342,15000,die0,15000,15000,1,-1,73.0625,73.0625,0
1786402503442,15000,die0,15000,15000,1,-1,73.0625,73.0625,0
1786402503542,15000,die0,15000,15000,1,-1,73.0625,73.0625,0
1786402503642,15000,die0,15000,15000,1,-1,73.0625,73.0625,0
1786402503742,15000,die0,15000,15000,1,-1,73.0625,73.0625,0
1786402503842,15000,die0,15000,15000,1,-1,73,73,0
1786402503942,15000,die0,15000,15000,1,-1,73,73,0
1786402504042,15000,die0,15000,15000,1,-1,73,73,0
1786402504142,15000,die0,15000,15000,1,-1,73,73,0
1786402504243,15000,die0,15000,15000,1,-1,73,73,0
1786402504342,15000,die0,15000,15000,1,-1,73,73,0
1786402504442,15000,die0,15000,15000,1,-1,73,73,0
1786402504542,15000,die0,15000,15000,1,-1,73,73,0
1786402504642,15000,die0,15000,15000,1,-1,73,73,0
1786402504742,15000,die0,15000,15000,1,-1,73,73,0
1786402504842,15000,die0,15000,15000,1,-1,73,73,0
1786402504942,15000,die0,15000,15000,1,-1,73,73,0
1786402505042,15000,die0,15000,15000,1,-1,73,73,0
1786402505142,15000,die0,15000,15000,1,-1,73,73,0
1786402505242,15000,die0,15000,15000,1,-1,73,73,0
1786402505342,15000,die0,15000,15000,1,-1,73,73,0
1786402505442,15000,die0,15000,15000,1,-1,73,73,0
1786402505542,15000,die0,15000,15000,1,-1,73,73,0
1786402505642,15000,die0,15000,15000,1,-1,73,73,0
1786402505742,15000,die0,15000,15000,1,-1,73,73,0
1786402505842,15000,die0,15000,15000,1,-1,73,73,0
1786402505942,15000,die0,15000,15000,1,-1,73,73,0
1786402506042,15000,die0,15000,15000,1,-1,73,73,0
1786402506142,15000,die0,15000,15000,1,-1,73,73,0
1786402506242,15000,die0,15000,15000,1,-1,73,73,0
1786402506342,15000,die0,15000,15000,1,-1,73,73,0
1786402506442,15000,die0,15000,15000,1,-1,73,73,0
1786402506542,15000,die0,15000,15000,1,-1,73,73,0
1786402506642,15000,die0,15000,15000,1,-1,73,73,0
1786402506742,15000,die0,15000,15000,1,-1,73,73,0
1786402506842,15000,die0,15000,15000,1,-1,72.9375,72.9375,0
1786402506942,15000,die0,15000,15000,1,-1,72.9375,72.9375,0
1786402507042,15000,die0,15000,15000,1,-1,72.9375,72.9375,0
1786402507142,15000,die0,15000,15000,1,-1,72.9375,72.9375,0
1786402507242,15000,die0,15000,15000,1,-1,72.9375,72.9375,0
1786402507342,15000,die0,15000,15000,1,-1,72.9375,72.9375,0
1786402507442,15000,die0,15000,15000,1,-1,72.9375,72.9375,0
1786402507542,15000,die0,15000,15000,1,-1,72.9375,72.9375,0
1786402507642,15000,die0,15000,15000,1,-1,72.9375,72.9375,0
1786402507742,15000,die0,15000,15000,1,-1,72.9375,72.9375,0
1786402507842,15000,die0,15000,15000,1,-1,72.9375,72.9375,0
1786402507942,15000,die0,15000,15000,1,-1,72.9375,72.9375,0
1786402508042,15000,die0,15000,15000,1,-1,72.9375,72.9375,0
1786402508142,15000,die0,15000,15000,1,-1,72.9375,72.9375,0
1786402508242,15000,die0,15000,15000,1,-1,72.9375,72.9375,0
1786402508342,15000,die0,15000,15000,1,-1,72.9375,72.9375,0
1786402508446,15000,die0,15000,15000,1,-1,72.9375,72.9375,0
1786402508542,15000,die0,15000,15000,1,-1,72.9375,72.9375,0
1786402508642,15000,die0,15000,15000,1,-1,72.9375,72.9375,0
1786402508742,15000,die0,15000,15000,1,-1,72.9375,72.9375,0
1786402508842,15000,die0,15000,15000,1,-1,73,73,0
1786402508942,15000,die0,15000,15000,1,-1,73,73,0
1786402509042,15000,die0,15000,15000,1,-1,73,73,0
1786402509142,15000,die0,15000,15000,1,-1,73,73,0
1786402509242,15000,die0,15000,15000,1,-1,73,73,0
1786402509342,15000,die0,15000,15000,1,-1,73,73,0
1786402509442,15000,die0,15000,15000,1,-1,73,73,0
1786402509542,15000,die0,15000,15000,1,-1,73,73,0
1786402509642,15000,die0,15000,15000,1,-1,73,73,0
1786402509743,15000,die0,15000,15000,1,-1,73,73,0
1786402509842,15000,die0,15000,15000,1,-1,73.125,73.125,0
1786402509943,15000,die0,15000,15000,1,-1,73.125,73.125,0
1786402510042,15000,die0,15000,15000,1,-1,73.125,73.125,0
1786402510142,15000,die0,15000,15000,1,-1,73.125,73.125,0
1786402510242,15000,die0,15000,15000,1,-1,73.125,73.125,0
1786402510342,15000,die0,15000,15000,1,-1,73.125,73.125,0
1786402510442,15000,die0,15000,15000,1,-1,73.125,73.125,0
1786402510542,15000,die0,15000,15000,1,-1,73.125,73.125,0
1786402510642,15000,die0,15000,15000,1,-1,73.125,73.125,0
1786402510743,15000,die0,15000,15000,1,-1,73.125,73.125,0
1786402510842,15000,die0,15000,15000,1,-1,72.9375,72.9375,0
1786402510946,15000,die0,15000,15000,1,-1,72.9375,72.9375,0
1786402511042,15000,die0,15000,15000,1,-1,72.9375,72.9375,0
1786402511143,15000,die0,15000,15000,1,-1,72.9375,72.9375,0
1786402511242,15000,die0,15000,15000,1,-1,72.9375,72.9375,0
1786402511342,15000,die0,15000,15000,1,-1,72.9375,72.9375,0
1786402511442,15000,die0,15000,15000,1,-1,72.9375,72.9375,0
1786402511542,15000,die0,15000,15000,1,-1,72.9375,72.9375,0
1786402511642,15000,die0,15000,15000,1,-1,72.9375,72.9375,0
1786402511743,15000,die0,15000,15000,1,-1,72.9375,72.9375,0
1786402511842,15000,die0,15000,15000,1,-1,73,73,0
1786402511942,15000,die0,15000,15000,1,-1,73,73,0
1786402512042,15000,die0,15000,15000,1,-1,73,73,0
1786402512142,15000,die0,15000,15000,1,-1,73,73,0
1786402512242,15000,die0,15000,15000,1,-1,73,73,0
1786402512342,15000,die0,15000,15000,1,-1,73,73,0
1786402512442,15000,die0,15000,15000,1,-1,73,73,0
1786402512542,15000,die0,15000,15000,1,-1,73,73,0
1786402512642,15000,die0,15000,15000,1,-1,73,73,0
1786402512742,15000,die0,15000,15000,1,-1,73,73,0
1786402512843,15000,die0,15000,15000,1,-1,72.9375,72.9375,0
1786402512942,15000,die0,15000,15000,1,-1,72.9375,72.9375,0
1786402513042,15000,die0,15000,15000,1,-1,72.9375,72.9375,0
1786402513142,15000,die0,15000,15000,1,-1,72.9375,72.9375,0
1786402513242,15000,die0,15000,15000,1,-1,72.9375,72.9375,0
1786402513342,15000,die0,15000,15000,1,-1,72.9375,72.9375,0
1786402513443,15000,die0,15000,15000,1,-1,72.9375,72.9375,0
1786402513543,15000,die0,15000,15000,1,-1,72.9375,72.9375,0
1786402513643,15000,die0,15000,15000,1,-1,72.9375,72.9375,0
1786402513742,15000,die0,15000,15000,1,-1,72.9375,72.9375,0
1786402513842,15000,die0,15000,15000,1,-1,73,73,0
1786402513943,15000,die0,15000,15000,1,-1,73,73,0
1786402514042,15000,die0,15000,15000,1,-1,73,73,0
1786402514142,15000,die0,15000,15000,1,-1,73,73,0
1786402514242,15000,die0,15000,15000,1,-1,73,73,0
1786402514342,15000,die0,15000,15000,1,-1,73,73,0
1786402514442,15000,die0,15000,15000,1,-1,73,73,0
1786402514542,15000,die0,15000,15000,1,-1,73,73,0
1786402514642,15000,die0,15000,15000,1,-1,73,73,0
1786402514742,15000,die0,15000,15000,1,-1,73,73,0
1786402514842,15000,die0,15000,15000,1,-1,73,73,0
1786402514942,15000,die0,15000,15000,1,-1,73,73,0
1786402515042,15000,die0,15000,15000,1,-1,73,73,0
1786402515142,15000,die0,15000,15000,1,-1,73,73,0
1786402515243,15000,die0,15000,15000,1,-1,73,73,0
1786402515342,15000,die0,15000,15000,1,-1,73,73,0
1786402515442,15000,die0,15000,15000,1,-1,73,73,0
1786402515542,15000,die0,15000,15000,1,-1,73,73,0
1786402515642,15000,die0,15000,15000,1,-1,73,73,0
1786402515742,15000,die0,15000,15000,1,-1,73,73,0
1786402515842,15000,die0,15000,15000,1,-1,73,73,0
1786402515942,15000,die0,15000,15000,1,-1,73,73,0
1786402516042,15000,die0,15000,15000,1,-1,73,73,0
1786402516142,15000,die0,15000,15000,1,-1,73,73,0
1786402516242,15000,die0,15000,15000,1,-1,73,73,0
1786402516342,15000,die0,15000,15000,1,-1,73,73,0
1786402516442,15000,die0,15000,15000,1,-1,73,73,0
1786402516542,15000,die0,15000,15000,1,-1,73,73,0
1786402516642,15000,die0,15000,15000,1,-1,73,73,0
1786402516742,15000,die0,15000,15000,1,-1,73,73,0
1786402516842,15000,die0,15000,15000,1,-1,73,73,0
1786402516942,15000,die0,15000,15000,1,-1,73,73,0
1786402517043,15000,die0,15000,15000,1,-1,73,73,0
1786402517142,15000,die0,15000,15000,1,-1,73,73,0
1786402517242,15000,die0,15000,15000,1,-1,73,73,0
1786402517342,15000,die0,15000,15000,1,-1,73,73,0
1786402517442,15000,die0,15000,15000,1,-1,73,73,0
1786402517542,15000,die0,15000,15000,1,-1,73,73,0
1786402517642,15000,die0,15000,15000,1,-1,73,73,0
1786402517742,15000,die0,15000,15000,1,-1,73,73,0
1786402517842,15000,die0,15000,15000,1,-1,72.9375,72.9375,0
1786402517942,15000,die0,15000,15000,1,-1,72.9375,72.9375,0
1786402518042,15000,die0,15000,15000,1,-1,72.9375,72.9375,0
1786402518142,15000,die0,15000,15000,1,-1,72.9375,72.9375,0
1786402518243,15000,die0,15000,15000,1,-1,72.9375,72.9375,0
1786402518342,15000,die0,15000,15000,1,-1,72.9375,72.9375,0
1786402518442,15000,die0,15000,15000,1,-1,72.9375,72.9375,0
1786402518542,15000,die0,15000,15000,1,-1,72.9375,72.9375,0
1786402518642,15000,die0,15000,15000,1,-1,72.9375,72.9375,0
1786402518742,15000,die0,15000,15000,1,-1,72.9375,72.9375,0
1786402518842,15000,die0,15000,15000,1,-1,73.0625,73.0625,0
1786402518942,15000,die0,15000,15000,1,-1,73.0625,73.0625,0
1786402519042,15000,die0,15000,15000,1,-1,73.0625,73.0625,0
1786402519142,15000,die0,15000,15000,1,-1,73.0625,73.0625,0
1786402519242,15000,die0,15000,15000,1,-1,73.0625,73.0625,0
1786402519342,15000,die0,15000,15000,1,-1,73.0625,73.0625,0
1786402519442,15000,die0,15000,15000,1,-1,73.0625,73.0625,0
1786402519542,15000,die0,15000,15000,1,-1,73.0625,73.0625,0
1786402519642,15000,die0,15000,15000,1,-1,73.0625,73.0625,0
1786402519742,15000,die0,15000,15000,1,-1,73.0625,73.0625,0
1786402519842,15000,die0,15000,15000,1,-1,73,73,0
1786402519942,15000,die0,15000,15000,1,-1,73,73,0
1786402520042,15000,die0,15000,15000,1,-1,73,73,0
1786402520142,15000,die0,15000,15000,1,-1,73,73,0
1786402520242,15000,die0,15000,15000,1,-1,73,73,0
1786402520342,15000,die0,15000,15000,1,-1,73,73,0
1786402520442,15000,die0,15000,15000,1,-1,73,73,0
1786402520542,15000,die0,15000,15000,1,-1,73,73,0
1786402520642,15000,die0,15000,15000,1,-1,73,73,0
1786402520742,15000,die0,15000,15000,1,-1,73,73,0
1786402520842,15000,die0,15000,15000,1,-1,73.0625,73.0625,0
1786402520942,15000,die0,15000,15000,1,-1,73.0625,73.0625,0
1786402521042,15000,die0,15000,15000,1,-1,73.0625,73.0625,0
1786402521142,15000,die0,15000,15000,1,-1,73.0625,73.0625,0
1786402521242,15000,die0,15000,15000,1,-1,73.0625,73.0625,0
1786402521342,15000,die0,15000,15000,1,-1,73.0625,73.0625,0
1786402521442,15000,die0,15000,15000,1,-1,73.0625,73.0625,0
1786402521542,15000,die0,15000,15000,1,-1,73.0625,73.0625,0
1786402521642,15000,die0,15000,15000,1,-1,73.0625,73.0625,0
1786402521742,15000,die0,15000,15000,1,-1,73.0625,73.0625,0
1786402521842,15000,die0,15000,15000,1,-1,73.0625,73.0625,0
1786402521942,15000,die0,15000,15000,1,-1,73.0625,73.0625,0
1786402522042,15000,die0,-4.66966e+18,-4.66966e+18,1,-1,73.0625,73.0625,0
1786402522290,15000,die0,15000,15000,1,-1,73.0625,73.0625,0
1786402522303,15000,die0,-4.66966e+18,-4.66966e+18,1,-1,73.0625,73.0625,0
1786402522342,15000,die0,15000,15000,1,-1,73.0625,73.0625,0
1786402522442,15000,die0,15000,15000,1,-1,73.0625,73.0625,0
1786402522542,15000,die0,15000,15000,1,-1,73.0625,73.0625,0
1786402522642,15000,die0,15000,15000,1,-1,73.0625,73.0625,0
1786402522742,15000,die0,15000,15000,1,-1,73.0625,73.0625,0
1786402522842,15000,die0,15000,15000,1,-1,73,73,0
1786402522947,15000,die0,15000,15000,1,-1,73,73,0
1786402523042,15000,die0,15000,15000,1,-1,73,73,0
1786402523142,15000,die0,15000,15000,1,-1,73,73,0
1786402523242,15000,die0,15000,15000,1,-1,73,73,0
1786402523342,15000,die0,15000,15000,1,-1,73,73,0
1786402523442,15000,die0,15000,15000,1,-1,73,73,0
1786402523542,15000,die0,15000,15000,1,-1,73,73,0
1786402523642,15000,die0,15000,15000,1,-1,73,73,0
1786402523742,15000,die0,15000,15000,1,-1,73,73,0
1786402523842,15000,die0,15000,15000,1,-1,72.9375,72.9375,0
1786402523943,15000,die0,15000,15000,1,-1,72.9375,72.9375,0
1786402524042,15000,die0,15000,15000,1,-1,72.9375,72.9375,0
1786402524142,15000,die0,15000,15000,1,-1,72.9375,72.9375,0
1786402524242,15000,die0,15000,15000,1,-1,72.9375,72.9375,0
1786402524342,15000,die0,15000,15000,1,-1,72.9375,72.9375,0
1786402524442,15000,die0,15000,15000,1,-1,72.9375,72.9375,0
1786402524542,15000,die0,15000,15000,1,-1,72.9375,72.9375,0
1786402524642,15000,die0,15000,15000,1,-1,72.9375,72.9375,0
1786402524743,15000,die0,15000,15000,1,-1,72.9375,72.9375,0
1786402524842,15000,die0,15000,15000,1,-1,73,73,0
1786402524942,15000,die0,15000,15000,1,-1,73,73,0
1786402525042,15000,die0,15000,15000,1,-1,73,73,0
1786402525142,15000,die0,15000,15000,1,-1,73,73,0
1786402525242,15000,die0,15000,15000,1,-1,73,73,0
1786402525342,15000,die0,15000,15000,1,-1,73,73,0
1786402525442,15000,die0,15000,15000,1,-1,73,73,0
1786402525542,15000,die0,15000,15000,1,-1,73,73,0
1786402525642,15000,die0,15000,15000,1,-1,73,73,0
1786402525743,15000,die0,15000,15000,1,-1,73,73,0
1786402525842,15000,die0,15000,15000,1,-1,73,73,0
1786402525942,15000,die0,15000,15000,1,-1,73,73,0
1786402526042,15000,die0,15000,15000,1,-1,73,73,0
1786402526146,15000,die0,15000,15000,1,-1,73,73,0
1786402526242,15000,die0,15000,15000,1,-1,73,73,0
1786402526342,15000,die0,15000,15000,1,-1,73,73,0
1786402526442,15000,die0,15000,15000,1,-1,73,73,0
1786402526542,15000,die0,15000,15000,1,-1,73,73,0
1786402526642,15000,die0,15000,15000,1,-1,73,73,0
1786402526742,15000,die0,15000,15000,1,-1,73,73,0
1786402526842,15000,die0,15000,15000,1,-1,73,73,0
1786402526942,15000,die0,15000,15000,1,-1,73,73,0
1786402527042,15000,die0,15000,15000,1,-1,73,73,0
1786402527142,15000,die0,15000,15000,1,-1,73,73,0
1786402527242,15000,die0,15000,15000,1,-1,73,73,0
1786402527342,15000,die0,15000,15000,1,-1,73,73,0
1786402527442,15000,die0,15000,15000,1,-1,73,73,0
1786402527542,15000,die0,15000,15000,1,-1,73,73,0
1786402527642,15000,die0,15000,15000,1,-1,73,73,0
1786402527746,15000,die0,15000,15000,1,-1,73,73,0
1786402527842,15000,die0,15000,15000,1,-1,73.0625,73.0625,0
1786402527942,15000,die0,15000,15000,1,-1,73.0625,73.0625,0
1786402528042,15000,die0,15000,15000,1,-1,73.0625,73.0625,0
1786402528142,15000,die0,15000,15000,1,-1,73.0625,73.0625,0
1786402528242,15000,die0,15000,15000,1,-1,73.0625,73.0625,0
1786402528342,15000,die0,15000,15000,1,-1,73.0625,73.0625,0
1786402528442,15000,die0,15000,15000,1,-1,73.0625,73.0625,0
1786402528542,15000,die0,15000,15000,1,-1,73.0625,73.0625,0
1786402528642,15000,die0,15000,15000,1,-1,73.0625,73.0625,0
1786402528742,15000,die0,15000,15000,1,-1,73.0625,73.0625,0
1786402528842,15000,die0,15000,15000,1,-1,73,73,0
1786402528942,15000,die0,15000,15000,1,-1,73,73,0
1786402529042,15000,die0,15000,15000,1,-1,73,73,0
1786402529142,15000,die0,15000,15000,1,-1,73,73,0
1786402529242,15000,die0,15000,15000,1,-1,73,73,0
1786402529342,15000,die0,15000,15000,1,-1,73,73,0
1786402529442,15000,die0,15000,15000,1,-1,73,73,0
1786402529542,15000,die0,15000,15000,1,-1,73,73,0
1786402529642,15000,die0,15000,15000,1,-1,73,73,0
1786402529742,15000,die0,15000,15000,1,-1,73,73,0
1786402529842,15000,die0,15000,15000,1,-1,73.0625,73.0625,0
1786402529942,15000,die0,15000,15000,1,-1,73.0625,73.0625,0
1786402530042,15000,die0,15000,15000,1,-1,73.0625,73.0625,0
1786402530142,15000,die0,15000,15000,1,-1,73.0625,73.0625,0
1786402530242,15000,die0,15000,15000,1,-1,73.0625,73.0625,0
1786402530342,15000,die0,15000,15000,1,-1,73.0625,73.0625,0
1786402530442,15000,die0,15000,15000,1,-1,73.0625,73.0625,0
1786402530542,15000,die0,15000,15000,1,-1,73.0625,73.0625,0
1786402530642,15000,die0,15000,15000,1,-1,73.0625,73.0625,0
1786402530742,15000,die0,15000,15000,1,-1,73.0625,73.0625,0
1786402530842,15000,die0,15000,15000,1,-1,73,73,0
1786402530942,15000,die0,15000,15000,1,-1,73,73,0
1786402531043,15000,die0,15000,15000,1,-1,73,73,0
1786402531146,15000,die0,15000,15000,1,-1,73,73,0
1786402531242,15000,die0,15000,15000,1,-1,73,73,0
1786402531342,15000,die0,15000,15000,1,-1,73,73,0
1786402531442,15000,die0,15000,15000,1,-1,73,73,0
1786402531542,15000,die0,15000,15000,1,-1,73,73,0
1786402531642,15000,die0,15000,15000,1,-1,73,73,0
1786402531742,15000,die0,15000,15000,1,-1,73,73,0
1786402531842,15000,die0,15000,15000,1,-1,73.0625,73.0625,0
1786402531942,15000,die0,15000,15000,1,-1,73.0625,73.0625,0
1786402532042,15000,die0,15000,15000,1,-1,73.0625,73.0625,0
1786402532142,15000,die0,15000,15000,1,-1,73.0625,73.0625,0
1786402532242,15000,die0,15000,15000,1,-1,73.0625,73.0625,0
1786402532342,15000,die0,15000,15000,1,-1,73.0625,73.0625,0
1786402532442,15000,die0,15000,15000,1,-1,73.0625,73.0625,0
1786402532542,15000,die0,15000,15000,1,-1,73.0625,73.0625,0
1786402532642,15000,die0,15000,15000,1,-1,73.0625,73.0625,0
1786402532746,15000,die0,15000,15000,1,-1,73.0625,73.0625,0
1786402532842,15000,die0,15000,15000,1,-1,73,73,0
1786402532942,15000,die0,15000,15000,1,-1,73,73,0
1786402533042,15000,die0,15000,15000,1,-1,73,73,0
1786402533142,15000,die0,15000,15000,1,-1,73,73,0
1786402533242,15000,die0,15000,15000,1,-1,73,73,0
1786402533342,15000,die0,15000,15000,1,-1,73,73,0
1786402533442,15000,die0,15000,15000,1,-1,73,73,0
1786402533542,15000,die0,15000,15000,1,-1,73,73,0
1786402533642,15000,die0,15000,15000,1,-1,73,73,0
1786402533742,15000,die0,15000,15000,1,-1,73,73,0
1786402533842,15000,die0,15000,15000,1,-1,72.9375,72.9375,0
1786402533942,15000,die0,15000,15000,1,-1,72.9375,72.9375,0
1786402534042,15000,die0,15000,15000,1,-1,72.9375,72.9375,0
1786402534142,15000,die0,15000,15000,1,-1,72.9375,72.9375,0
1786402534243,15000,die0,15000,15000,1,-1,72.9375,72.9375,0
1786402534345,15000,die0,15000,15000,1,-1,72.9375,72.9375,0
1786402534442,15000,die0,15000,15000,1,-1,72.9375,72.9375,0
1786402534542,15000,die0,15000,15000,1,-1,72.9375,72.9375,0
1786402534642,15000,die0,15000,15000,1,-1,72.9375,72.9375,0
1786402534742,15000,die0,15000,15000,1,-1,72.9375,72.9375,0
1786402534843,15000,die0,15000,15000,1,-1,72.9375,72.9375,0
1786402534942,15000,die0,15000,15000,1,-1,72.9375,72.9375,0
1786402535043,15000,die0,15000,15000,1,-1,72.9375,72.9375,0
1786402535142,15000,die0,15000,15000,1,-1,72.9375,72.9375,0
1786402535243,15000,die0,15000,15000,1,-1,72.9375,72.9375,0
1786402535342,15000,die0,15000,15000,1,-1,72.9375,72.9375,0
1786402535442,15000,die0,15000,15000,1,-1,72.9375,72.9375,0
1786402535542,15000,die0,15000,15000,1,-1,72.9375,72.9375,0
1786402535642,15000,die0,15000,15000,1,-1,72.9375,72.9375,0
1786402535742,15000,die0,15000,15000,1,-1,72.9375,72.9375,0
1786402535842,15000,die0,15000,15000,1,-1,73,73,0
1786402535942,15000,die0,15000,15000,1,-1,73,73,0
1786402536042,15000,die0,15000,15000,1,-1,73,73,0
1786402536142,15000,die0,15000,15000,1,-1,73,73,0
1786402536242,15000,die0,15000,15000,1,-1,73,73,0
1786402536342,15000,die0,15000,15000,1,-1,73,73,0
1786402536442,15000,die0,15000,15000,1,-1,73,73,0
1786402536542,15000,die0,15000,15000,1,-1,73,73,0
1786402536642,15000,die0,15000,15000,1,-1,73,73,0
1786402536742,15000,die0,15000,15000,1,-1,73,73,0
1786402536842,15000,die0,15000,15000,1,-1,73.0625,73.0625,0
1786402536942,15000,die0,15000,15000,1,-1,73.0625,73.0625,0
1786402537042,15000,die0,15000,15000,1,-1,73.0625,73.0625,0
1786402537142,15000,die0,15000,15000,1,-1,73.0625,73.0625,0
1786402537243,15000,die0,15000,15000,1,-1,73.0625,73.0625,0
1786402537343,15000,die0,15000,15000,1,-1,73.0625,73.0625,0
1786402537442,15000,die0,15000,15000,1,-1,73.0625,73.0625,0
1786402537542,15000,die0,15000,15000,1,-1,73.0625,73.0625,0
1786402537642,15000,die0,15000,15000,1,-1,73.0625,73.0625,0
1786402537742,15000,die0,15000,15000,1,-1,73.0625,73.0625,0
1786402537842,15000,die0,15000,15000,1,-1,73,73,0
1786402537942,15000,die0,15000,15000,1,-1,73,73,0
1786402538042,15000,die0,15000,15000,1,-1,73,73,0
1786402538142,15000,die0,15000,15000,1,-1,73,73,0
1786402538242,15000,die0,15000,15000,1,-1,73,73,0
1786402538342,15000,die0,15000,15000,1,-1,73,73,0
1786402538442,15000,die0,15000,15000,1,-1,73,73,0
1786402538542,15000,die0,15000,15000,1,-1,73,73,0
1786402538642,15000,die0,15000,15000,1,-1,73,73,0
1786402538742,15000,die0,15000,15000,1,-1,73,73,0
1786402538842,15000,die0,15000,15000,1,-1,73.0625,73.0625,0
1786402538942,15000,die0,15000,15000,1,-1,73.0625,73.0625,0
1786402539042,15000,die0,15000,15000,1,-1,73.0625,73.0625,0
1786402539142,15000,die0,15000,15000,1,-1,73.0625,73.0625,0
1786402539242,15000,die0,15000,15000,1,-1,73.0625,73.0625,0
1786402539342,15000,die0,15000,15000,1,-1,73.0625,73.0625,0
1786402539442,15000,die0,15000,15000,1,-1,73.0625,73.0625,0
1786402539542,15000,die0,15000,15000,1,-1,73.0625,73.0625,0
1786402539642,15000,die0,15000,15000,1,-1,73.0625,73.0625,0
1786402539742,15000,die0,15000,15000,1,-1,73.0625,73.0625,0
1786402539846,15000,die0,15000,15000,1,-1,73,73,0
1786402539942,15000,die0,15000,15000,1,-1,73,73,0
1786402540042,15000,die0,15000,15000,1,-1,73,73,0
1786402540142,15000,die0,15000,15000,1,-1,73,73,0
1786402540242,15000,die0,15000,15000,1,-1,73,73,0
1786402540342,15000,die0,15000,15000,1,-1,73,73,0
1786402540442,15000,die0,15000,15000,1,-1,73,73,0
1786402540542,15000,die0,15000,15000,1,-1,73,73,0
1786402540642,15000,die0,15000,15000,1,-1,73,73,0
1786402540746,15000,die0,15000,15000,1,-1,73,73,0
1786402540842,15000,die0,15000,15000,1,-1,73,73,0
1786402540942,15000,die0,15000,15000,1,-1,73,73,0
1786402541042,15000,die0,15000,15000,1,-1,73,73,0
1786402541142,15000,die0,15000,15000,1,-1,73,73,0
1786402541242,15000,die0,15000,15000,1,-1,73,73,0
1786402541342,15000,die0,15000,15000,1,-1,73,73,0
1786402541442,15000,die0,15000,15000,1,-1,73,73,0
1786402541542,15000,die0,15000,15000,1,-1,73,73,0
1786402541642,15000,die0,15000,15000,1,-1,73,73,0
1786402541742,15000,die0,15000,15000,1,-1,73,73,0
1786402541842,15000,die0,15000,15000,1,-1,73.0625,73.0625,0
1786402541942,15000,die0,15000,15000,1,-1,73.0625,73.0625,0
1786402542042,15000,die0,15000,15000,1,-1,73.0625,73.0625,0
1786402542142,15000,die0,-4.66966e+18,-4.66966e+18,1,-1,73.0625,73.0625,0
1786402542242,15000,die0,15000,15000,1,-1,73.0625,73.0625,0
1786402542342,15000,die0,-4.66966e+18,-4.66966e+18,1,-1,73.0625,73.0625,0
1786402542516,15000,die0,15000,15000,1,-1,73.0625,73.0625,0
1786402542693,15000,die0,15000,15000,1,-1,73.0625,73.0625,0
1786402542722,15000,die0,15000,15000,1,-1,73.0625,73.0625,0
1786402542747,15000,die0,15000,15000,1,-1,73.0625,73.0625,0
1786402542842,15000,die0,15000,15000,1,-1,73.0625,73.0625,0
1786402542942,15000,die0,15000,15000,1,-1,73.0625,73.0625,0
1786402543042,15000,die0,15000,15000,1,-1,73.0625,73.0625,0
1786402543142,15000,die0,15000,15000,1,-1,73.0625,73.0625,0
1786402543242,15000,die0,15000,15000,1,-1,73.0625,73.0625,0
1786402543346,15000,die0,15000,15000,1,-1,73.0625,73.0625,0
1786402543442,15000,die0,15000,15000,1,-1,73.0625,73.0625,0
1786402543542,15000,die0,15000,15000,1,-1,73.0625,73.0625,0
1786402543642,15000,die0,15000,15000,1,-1,73.0625,73.0625,0
1786402543742,15000,die0,15000,15000,1,-1,73.0625,73.0625,0
1786402543842,15000,die0,15000,15000,1,-1,72.9375,72.9375,0
1786402543942,15000,die0,15000,15000,1,-1,72.9375,72.9375,0
1786402544042,15000,die0,15000,15000,1,-1,72.9375,72.9375,0
1786402544142,15000,die0,15000,15000,1,-1,72.9375,72.9375,0
1786402544242,15000,die0,15000,15000,1,-1,72.9375,72.9375,0
1786402544342,15000,die0,15000,15000,1,-1,72.9375,72.9375,0
1786402544442,15000,die0,15000,15000,1,-1,72.9375,72.9375,0
1786402544542,15000,die0,15000,15000,1,-1,72.9375,72.9375,0
1786402544642,15000,die0,15000,15000,1,-1,72.9375,72.9375,0
1786402544742,15000,die0,15000,15000,1,-1,72.9375,72.9375,0
1786402544842,15000,die0,15000,15000,1,-1,72.9375,72.9375,0
1786402544946,15000,die0,15000,15000,1,-1,72.9375,72.9375,0
1786402545042,15000,die0,15000,15000,1,-1,72.9375,72.9375,0
1786402545142,15000,die0,15000,15000,1,-1,72.9375,72.9375,0
1786402545242,15000,die0,15000,15000,1,-1,72.9375,72.9375,0
1786402545342,15000,die0,15000,15000,1,-1,72.9375,72.9375,0
1786402545442,15000,die0,15000,15000,1,-1,72.9375,72.9375,0
1786402545542,15000,die0,15000,15000,1,-1,72.9375,72.9375,0
1786402545642,15000,die0,15000,15000,1,-1,72.9375,72.9375,0
1786402545742,15000,die0,15000,15000,1,-1,72.9375,72.9375,0
1786402545843,15000,die0,15000,15000,1,-1,73.0625,73.0625,0
1786402545942,15000,die0,15000,15000,1,-1,73.0625,73.0625,0
1786402546042,15000,die0,15000,15000,1,-1,73.0625,73.0625,0
1786402546143,15000,die0,15000,15000,1,-1,73.0625,73.0625,0
1786402546242,15000,die0,15000,15000,1,-1,73.0625,73.0625,0
1786402546342,15000,die0,15000,15000,1,-1,73.0625,73.0625,0
1786402546442,15000,die0,15000,15000,1,-1,73.0625,73.0625,0
1786402546542,15000,die0,15000,15000,1,-1,73.0625,73.0625,0
1786402546642,15000,die0,15000,15000,1,-1,73.0625,73.0625,0
1786402546742,15000,die0,15000,15000,1,-1,73.0625,73.0625,0
1786402546842,15000,die0,15000,15000,1,-1,73,73,0
1786402546942,15000,die0,15000,15000,1,-1,73,73,0
1786402547042,15000,die0,15000,15000,1,-1,73,73,0
1786402547142,15000,die0,15000,15000,1,-1,73,73,0
1786402547242,15000,die0,15000,15000,1,-1,73,73,0
1786402547342,15000,die0,15000,15000,1,-1,73,73,0
1786402547442,15000,die0,15000,15000,1,-1,73,73,0
1786402547542,15000,die0,15000,15000,1,-1,73,73,0
1786402547642,15000,die0,15000,15000,1,-1,73,73,0
1786402547742,15000,die0,15000,15000,1,-1,73,73,0
1786402547842,15000,die0,15000,15000,1,-1,73.0625,73.0625,0
1786402547942,15000,die0,15000,15000,1,-1,73.0625,73.0625,0
1786402548042,15000,die0,15000,15000,1,-1,73.0625,73.0625,0
1786402548142,15000,die0,15000,15000,1,-1,73.0625,73.0625,0
1786402548242,15000,die0,15000,15000,1,-1,73.0625,73.0625,0
1786402548342,15000,die0,15000,15000,1,-1,73.0625,73.0625,0
1786402548442,15000,die0,15000,15000,1,-1,73.0625,73.0625,0
1786402548542,15000,die0,15000,15000,1,-1,73.0625,73.0625,0
1786402548642,15000,die0,15000,15000,1,-1,73.0625,73.0625,0
1786402548742,15000,die0,15000,15000,1,-1,73.0625,73.0625,0
1786402548842,15000,die0,15000,15000,1,-1,73,73,0
1786402548942,15000,die0,15000,15000,1,-1,73,73,0
1786402549042,15000,die0,15000,15000,1,-1,73,73,0
1786402549142,15000,die0,15000,15000,1,-1,73,73,0
1786402549242,15000,die0,15000,15000,1,-1,73,73,0
1786402549342,15000,die0,15000,15000,1,-1,73,73,0
1786402549442,15000,die0,15000,15000,1,-1,73,73,0
1786402549542,15000,die0,15000,15000,1,-1,73,73,0
1786402549642,15000,die0,15000,15000,1,-1,73,73,0
1786402549742,15000,die0,15000,15000,1,-1,73,73,0
1786402549842,15000,die0,15000,15000,1,-1,73,73,0
1786402549942,15000,die0,15000,15000,1,-1,73,73,0
1786402550042,15000,die0,15000,15000,1,-1,73,73,0
1786402550142,15000,die0,15000,15000,1,-1,73,73,0
1786402550246,15000,die0,15000,15000,1,-1,73,73,0
1786402550342,15000,die0,15000,15000,1,-1,73,73,0
1786402550442,15000,die0,15000,15000,1,-1,73,73,0
1786402550542,15000,die0,-4.66966e+18,-4.66966e+18,1,-1,73,73,0
1786402550643,15000,die0,15000,15000,1,-1,73,73,0
1786402550742,15000,die0,15000,15000,1,-1,73,73,0
1786402550842,15000,die0,15000,15000,1,-1,72.9375,72.9375,0
1786402550942,15000,die0,15000,15000,1,-1,72.9375,72.9375,0
1786402551042,15000,die0,15000,15000,1,-1,72.9375,72.9375,0
1786402551142,15000,die0,15000,15000,1,-1,72.9375,72.9375,0
1786402551242,15000,die0,15000,15000,1,-1,72.9375,72.9375,0
1786402551342,15000,die0,15000,15000,1,-1,72.9375,72.9375,0
1786402551442,15000,die0,15000,15000,1,-1,72.9375,72.9375,0
1786402551542,15000,die0,15000,15000,1,-1,72.9375,72.9375,0
1786402551642,15000,die0,15000,15000,1,-1,72.9375,72.9375,0
1786402551742,15000,die0,15000,15000,1,-1,72.9375,72.9375,0
1786402551842,15000,die0,15000,15000,1,-1,73,73,0
1786402551942,15000,die0,15000,15000,1,-1,73,73,0
1786402552042,15000,die0,15000,15000,1,-1,73,73,0
1786402552142,15000,die0,15000,15000,1,-1,73,73,0
1786402552242,15000,die0,15000,15000,1,-1,73,73,0
1786402552342,15000,die0,15000,15000,1,-1,73,73,0
1786402552442,15000,die0,15000,15000,1,-1,73,73,0
1786402552542,15000,die0,15000,15000,1,-1,73,73,0
1786402552642,15000,die0,15000,15000,1,-1,73,73,0
1786402552742,15000,die0,15000,15000,1,-1,73,73,0
1786402552842,15000,die0,15000,15000,1,-1,73.0625,73.0625,0
1786402552942,15000,die0,15000,15000,1,-1,73.0625,73.0625,0
1786402553042,15000,die0,15000,15000,1,-1,73.0625,73.0625,0
1786402553142,15000,die0,15000,15000,1,-1,73.0625,73.0625,0
1786402553243,15000,die0,15000,15000,1,-1,73.0625,73.0625,0
1786402553342,15000,die0,15000,15000,1,-1,73.0625,73.0625,0
1786402553442,15000,die0,15000,15000,1,-1,73.0625,73.0625,0
1786402553542,15000,die0,15000,15000,1,-1,73.0625,73.0625,0
1786402553642,15000,die0,15000,15000,1,-1,73.0625,73.0625,0
1786402553742,15000,die0,15000,15000,1,-1,73.0625,73.0625,0
1786402553842,15000,die0,15000,15000,1,-1,73,73,0
1786402553942,15000,die0,15000,15000,1,-1,73,73,0
1786402554042,15000,die0,15000,15000,1,-1,73,73,0
1786402554143,15000,die0,15000,15000,1,-1,73,73,0
1786402554242,15000,die0,15000,15000,1,-1,73,73,0
1786402554342,15000,die0,15000,15000,1,-1,73,73,0
1786402554442,15000,die0,15000,15000,1,-1,73,73,0
1786402554542,15000,die0,15000,15000,1,-1,73,73,0
1786402554642,15000,die0,15000,15000,1,-1,73,73,0
1786402554742,15000,die0,15000,15000,1,-1,73,73,0
1786402554842,15000,die0,15000,15000,1,-1,73,73,0
1786402554942,15000,die0,15000,15000,1,-1,73,73,0
1786402555042,15000,die0,15000,15000,1,-1,73,73,0
1786402555142,15000,die0,15000,15000,1,-1,73,73,0
1786402555242,15000,die0,15000,15000,1,-1,73,73,0
1786402555342,15000,die0,15000,15000,1,-1,73,73,0
1786402555442,15000,die0,15000,15000,1,-1,73,73,0
1786402555542,15000,die0,15000,15000,1,-1,73,73,0
1786402555642,15000,die0,15000,15000,1,-1,73,73,0
1786402555742,15000,die0,15000,15000,1,-1,73,73,0
1786402555842,15000,die0,15000,15000,1,-1,73.125,73.125,0
1786402555942,15000,die0,15000,15000,1,-1,73.125,73.125,0
1786402556042,15000,die0,15000,15000,1,-1,73.125,73.125,0
1786402556142,15000,die0,15000,15000,1,-1,73.125,73.125,0
1786402556242,15000,die0,15000,15000,1,-1,73.125,73.125,0
1786402556342,15000,die0,15000,15000,1,-1,73.125,73.125,0
1786402556443,15000,die0,15000,15000,1,-1,73.125,73.125,0
1786402556542,15000,die0,15000,15000,1,-1,73.125,73.125,0
1786402556642,15000,die0,15000,15000,1,-1,73.125,73.125,0
1786402556742,15000,die0,15000,15000,1,-1,73.125,73.125,0
1786402556842,15000,die0,15000,15000,1,-1,73,73,0
1786402556942,15000,die0,15000,15000,1,-1,73,73,0
1786402557042,15000,die0,15000,15000,1,-1,73,73,0
1786402557142,15000,die0,15000,15000,1,-1,73,73,0
1786402557243,15000,die0,15000,15000,1,-1,73,73,0
1786402557342,15000,die0,15000,15000,1,-1,73,73,0
1786402557442,15000,die0,15000,15000,1,-1,73,73,0
1786402557542,15000,die0,15000,15000,1,-1,73,73,0
1786402557642,15000,die0,15000,15000,1,-1,73,73,0
1786402557742,15000,die0,15000,15000,1,-1,73,73,0
1786402557842,15000,die0,15000,15000,1,-1,72.9375,72.9375,0
1786402557942,15000,die0,15000,15000,1,-1,72.9375,72.9375,0
1786402558042,15000,die0,15000,15000,1,-1,72.9375,72.9375,0
1786402558142,15000,die0,15000,15000,1,-1,72.9375,72.9375,0
1786402558242,15000,die0,15000,15000,1,-1,72.9375,72.9375,0
1786402558342,15000,die0,15000,15000,1,-1,72.9375,72.9375,0
1786402558442,15000,die0,15000,15000,1,-1,72.9375,72.9375,0
1786402558542,15000,die0,15000,15000,1,-1,72.9375,72.9375,0
1786402558642,15000,die0,15000,15000,1,-1,72.9375,72.9375,0
1786402558742,15000,die0,15000,15000,1,-1,72.9375,72.9375,0
1786402558842,15000,die0,15000,15000,1,-1,73,73,0
1786402558942,15000,die0,15000,15000,1,-1,73,73,0
1786402559042,15000,die0,15000,15000,1,-1,73,73,0
1786402559142,15000,die0,15000,15000,1,-1,73,73,0
1786402559242,15000,die0,15000,15000,1,-1,73,73,0
1786402559342,15000,die0,15000,15000,1,-1,73,73,0
1786402559442,15000,die0,-4.66966e+18,-4.66966e+18,1,-1,73,73,0
1786402559542,15000,die0,15000,15000,1,-1,73,73,0
1786402559642,15000,die0,15000,15000,1,-1,73,73,0
1786402559742,15000,die0,15000,15000,1,-1,73,73,0
1786402559842,15000,die0,15000,15000,1,-1,72.9375,72.9375,0
1786402559942,15000,die0,15000,15000,1,-1,72.9375,72.9375,0
1786402560042,15000,die0,15000,15000,1,-1,72.9375,72.9375,0
1786402560142,15000,die0,15000,15000,1,-1,72.9375,72.9375,0
1786402560242,15000,die0,15000,15000,1,-1,72.9375,72.9375,0
1786402560342,15000,die0,15000,15000,1,-1,72.9375,72.9375,0
1786402560442,15000,die0,15000,15000,1,-1,72.9375,72.9375,0
1786402560542,15000,die0,15000,15000,1,-1,72.9375,72.9375,0
1786402560642,15000,die0,15000,15000,1,-1,72.9375,72.9375,0
1786402560742,15000,die0,15000,15000,1,-1,72.9375,72.9375,0
1786402560842,15000,die0,15000,15000,1,-1,73,73,0
1786402560942,15000,die0,15000,15000,1,-1,73,73,0
1786402561044,15000,die0,15000,15000,1,-1,73,73,0
1786402561142,15000,die0,15000,15000,1,-1,73,73,0
1786402561242,15000,die0,15000,15000,1,-1,73,73,0
1786402561504,15000,die0,-4.66966e+18,-4.66966e+18,1,-1,73,73,0
1786402561791,15000,die0,15000,15000,1,-1,73,73,0
1786402561822,15000,die0,15000,15000,1,-1,73,73,0
1786402561823,15000,die0,15000,15000,1,-1,73,73,0
1786402561823,15000,die0,15000,15000,1,-1,73,73,0
1786402561842,15000,die0,-4.66966e+18,-4.66966e+18,1,-1,73.0625,73.0625,0
1786402561942,15000,die0,15000,15000,1,-1,73.0625,73.0625,0
1786402562046,15000,die0,15000,15000,1,-1,73.0625,73.0625,0
1786402562143,15000,die0,15000,15000,1,-1,73.0625,73.0625,0
1786402562242,15000,die0,15000,15000,1,-1,73.0625,73.0625,0
1786402562342,15000,die0,15000,15000,1,-1,73.0625,73.0625,0
1786402562442,15000,die0,15000,15000,1,-1,73.0625,73.0625,0
1786402562542,15000,die0,15000,15000,1,-1,73.0625,73.0625,0
1786402562642,15000,die0,-4.66966e+18,-4.66966e+18,1,-1,73.0625,73.0625,0
1786402562969,15000,die0,15000,15000,1,-1,73.0625,73.0625,0
1786402562996,15000,die0,15000,15000,1,-1,72.9375,72.9375,0
1786402562999,15000,die0,15000,15000,1,-1,72.9375,72.9375,0
1786402563042,15000,die0,15000,15000,1,-1,72.9375,72.9375,0
1786402563142,15000,die0,15000,15000,1,-1,72.9375,72.9375,0
1786402563242,15000,die0,15000,15000,1,-1,72.9375,72.9375,0
1786402563342,15000,die0,15000,15000,1,-1,72.9375,72.9375,0
1786402563442,15000,die0,15000,15000,1,-1,72.9375,72.9375,0
1786402563542,15000,die0,15000,15000,1,-1,72.9375,72.9375,0
1786402563642,15000,die0,15000,15000,1,-1,72.9375,72.9375,0
1786402563742,15000,die0,15000,15000,1,-1,72.9375,72.9375,0
1786402563842,15000,die0,15000,15000,1,-1,73,73,0
1786402563942,15000,die0,15000,15000,1,-1,73,73,0
1786402564042,15000,die0,15000,15000,1,-1,73,73,0
1786402564142,15000,die0,15000,15000,1,-1,73,73,0
1786402564242,15000,die0,15000,15000,1,-1,73,73,0
1786402564342,15000,die0,15000,15000,1,-1,73,73,0
1786402564442,15000,die0,15000,15000,1,-1,73,73,0
1786402564542,15000,die0,15000,15000,1,-1,73,73,0
1786402564642,15000,die0,15000,15000,1,-1,73,73,0
1786402564742,15000,die0,15000,15000,1,-1,73,73,0
1786402564842,15000,die0,15000,15000,1,-1,73,73,0
1786402564942,15000,die0,15000,15000,1,-1,73,73,0
1786402565042,15000,die0,15000,15000,1,-1,73,73,0
1786402565143,15000,die0,15000,15000,1,-1,73,73,0
1786402565246,15000,die0,15000,15000,1,-1,73,73,0
1786402565342,15000,die0,15000,15000,1,-1,73,73,0
1786402565442,15000,die0,15000,15000,1,-1,73,73,0
1786402565542,15000,die0,15000,15000,1,-1,73,73,0
1786402565642,15000,die0,15000,15000,1,-1,73,73,0
1786402565742,15000,die0,15000,15000,1,-1,73,73,0
1786402565842,15000,die0,15000,15000,1,-1,72.9375,72.9375,0
1786402565942,15000,die0,15000,15000,1,-1,72.9375,72.9375,0
1786402566042,15000,die0,15000,15000,1,-1,72.9375,72.9375,0
1786402566142,15000,die0,15000,15000,1,-1,72.9375,72.9375,0
1786402566242,15000,die0,15000,15000,1,-1,72.9375,72.9375,0
1786402566342,15000,die0,15000,15000,1,-1,72.9375,72.9375,0
1786402566442,15000,die0,15000,15000,1,-1,72.9375,72.9375,0
1786402566542,15000,die0,15000,15000,1,-1,72.9375,72.9375,0
1786402566642,15000,die0,15000,15000,1,-1,72.9375,72.9375,0
1786402566742,15000,die0,15000,15000,1,-1,72.9375,72.9375,0
1786402566842,15000,die0,15000,15000,1,-1,72.9375,72.9375,0
1786402566942,15000,die0,15000,15000,1,-1,72.9375,72.9375,0
1786402567042,15000,die0,15000,15000,1,-1,72.9375,72.9375,0
1786402567142,15000,die0,15000,15000,1,-1,72.9375,72.9375,0
1786402567242,15000,die0,15000,15000,1,-1,72.9375,72.9375,0
1786402567342,15000,die0,15000,15000,1,-1,72.9375,72.9375,0
1786402567442,15000,die0,15000,15000,1,-1,72.9375,72.9375,0
1786402567542,15000,die0,15000,15000,1,-1,72.9375,72.9375,0
1786402567643,15000,die0,15000,15000,1,-1,72.9375,72.9375,0
1786402567742,15000,die0,15000,15000,1,-1,72.9375,72.9375,0
1786402567843,15000,die0,15000,15000,1,-1,73,73,0
1786402567942,15000,die0,15000,15000,1,-1,73,73,0
1786402568042,15000,die0,15000,15000,1,-1,73,73,0
1786402568142,15000,die0,15000,15000,1,-1,73,73,0
1786402568242,15000,die0,15000,15000,1,-1,73,73,0
1786402568342,15000,die0,15000,15000,1,-1,73,73,0
1786402568442,15000,die0,15000,15000,1,-1,73,73,0
1786402568542,15000,die0,15000,15000,1,-1,73,73,0
1786402568642,15000,die0,15000,15000,1,-1,73,73,0
1786402568742,15000,die0,15000,15000,1,-1,73,73,0
1786402568842,15000,die0,15000,15000,1,-1,73.0625,73.0625,0
1786402568942,15000,die0,15000,15000,1,-1,73.0625,73.0625,0
1786402569042,15000,die0,15000,15000,1,-1,73.0625,73.0625,0
1786402569142,15000,die0,15000,15000,1,-1,73.0625,73.0625,0
1786402569242,15000,die0,15000,15000,1,-1,73.0625,73.0625,0
1786402569342,15000,die0,15000,15000,1,-1,73.0625,73.0625,0
1786402569442,15000,die0,15000,15000,1,-1,73.0625,73.0625,0
1786402569542,15000,die0,15000,15000,1,-1,73.0625,73.0625,0
1786402569642,15000,die0,15000,15000,1,-1,73.0625,73.0625,0
1786402569742,15000,die0,15000,15000,1,-1,73.0625,73.0625,0
1786402569843,15000,die0,15000,15000,1,-1,72.9375,72.9375,0
1786402569942,15000,die0,15000,15000,1,-1,72.9375,72.9375,0
1786402570042,15000,die0,15000,15000,1,-1,72.9375,72.9375,0
1786402570142,15000,die0,15000,15000,1,-1,72.9375,72.9375,0
1786402570242,15000,die0,15000,15000,1,-1,72.9375,72.9375,0
1786402570342,15000,die0,15000,15000,1,-1,72.9375,72.9375,0
1786402570443,15000,die0,15000,15000,1,-1,72.9375,72.9375,0
1786402570546,15000,die0,15000,15000,1,-1,72.9375,72.9375,0
1786402570642,15000,die0,15000,15000,1,-1,72.9375,72.9375,0
1786402570742,15000,die0,15000,15000,1,-1,72.9375,72.9375,0
1786402570842,15000,die0,15000,15000,1,-1,73,73,0
1786402570942,15000,die0,15000,15000,1,-1,73,73,0
1786402571042,15000,die0,15000,15000,1,-1,73,73,0
1786402571142,15000,die0,15000,15000,1,-1,73,73,0
1786402571242,15000,die0,15000,15000,1,-1,73,73,0
1786402571342,15000,die0,15000,15000,1,-1,73,73,0
1786402571442,15000,die0,15000,15000,1,-1,73,73,0
1786402571542,15000,die0,15000,15000,1,-1,73,73,0
1786402571642,15000,die0,15000,15000,1,-1,73,73,0
1786402571742,15000,die0,15000,15000,1,-1,73,73,0
1786402571846,15000,die0,-4.66966e+18,-4.66966e+18,1,-1,73.0625,73.0625,0
1786402571942,15000,die0,15000,15000,1,-1,73.0625,73.0625,0
1786402572042,15000,die0,15000,15000,1,-1,73.0625,73.0625,0
1786402572142,15000,die0,15000,15000,1,-1,73.0625,73.0625,0
1786402572242,15000,die0,15000,15000,1,-1,73.0625,73.0625,0
1786402572342,15000,die0,15000,15000,1,-1,73.0625,73.0625,0
1786402572442,15000,die0,15000,15000,1,-1,73.0625,73.0625,0
1786402572542,15000,die0,15000,15000,1,-1,73.0625,73.0625,0
1786402572642,15000,die0,15000,15000,1,-1,73.0625,73.0625,0
1786402572742,15000,die0,15000,15000,1,-1,73.0625,73.0625,0
1786402572842,15000,die0,15000,15000,1,-1,73,73,0
1786402572942,15000,die0,15000,15000,1,-1,73,73,0
1786402573042,15000,die0,15000,15000,1,-1,73,73,0
1786402573142,15000,die0,15000,15000,1,-1,73,73,0
1786402573242,15000,die0,15000,15000,1,-1,73,73,0
1786402573342,15000,die0,15000,15000,1,-1,73,73,0
1786402573442,15000,die0,15000,15000,1,-1,73,73,0
1786402573542,15000,die0,15000,15000,1,-1,73,73,0
1786402573642,15000,die0,15000,15000,1,-1,73,73,0
1786402573742,15000,die0,15000,15000,1,-1,73,73,0
1786402573842,15000,die0,15000,15000,1,-1,73,73,0
1786402573942,15000,die0,15000,15000,1,-1,73,73,0
1786402574042,15000,die0,15000,15000,1,-1,73,73,0
1786402574142,15000,die0,15000,15000,1,-1,73,73,0
1786402574242,15000,die0,15000,15000,1,-1,73,73,0
1786402574342,15000,die0,15000,15000,1,-1,73,73,0
1786402574442,15000,die0,15000,15000,1,-1,73,73,0
1786402574542,15000,die0,15000,15000,1,-1,73,73,0
1786402574642,15000,die0,15000,15000,1,-1,73,73,0
1786402574742,15000,die0,15000,15000,1,-1,73,73,0
1786402574842,15000,die0,15000,15000,1,-1,72.9375,72.9375,0
1786402574942,15000,die0,15000,15000,1,-1,72.9375,72.9375,0
1786402575042,15000,die0,15000,15000,1,-1,72.9375,72.9375,0
1786402575142,15000,die0,15000,15000,1,-1,72.9375,72.9375,0
1786402575242,15000,die0,15000,15000,1,-1,72.9375,72.9375,0
1786402575342,15000,die0,15000,15000,1,-1,72.9375,72.9375,0
1786402575442,15000,die0,15000,15000,1,-1,72.9375,72.9375,0
1786402575542,15000,die0,15000,15000,1,-1,72.9375,72.9375,0
1786402575642,15000,die0,15000,15000,1,-1,72.9375,72.9375,0
1786402575743,15000,die0,15000,15000,1,-1,72.9375,72.9375,0
1786402575842,15000,die0,15000,15000,1,-1,72.9375,72.9375,0
1786402575942,15000,die0,15000,15000,1,-1,72.9375,72.9375,0
1786402576042,15000,die0,15000,15000,1,-1,72.9375,72.9375,0
1786402576143,15000,die0,15000,15000,1,-1,72.9375,72.9375,0
1786402576242,15000,die0,15000,15000,1,-1,72.9375,72.9375,0
1786402576342,15000,die0,15000,15000,1,-1,72.9375,72.9375,0
1786402576442,15000,die0,15000,15000,1,-1,72.9375,72.9375,0
1786402576542,15000,die0,15000,15000,1,-1,72.9375,72.9375,0
1786402576642,15000,die0,15000,15000,1,-1,72.9375,72.9375,0
1786402576742,15000,die0,15000,15000,1,-1,72.9375,72.9375,0
1786402576842,15000,die0,15000,15000,1,-1,73,73,0
1786402576942,15000,die0,15000,15000,1,-1,73,73,0
1786402577042,15000,die0,15000,15000,1,-1,73,73,0
1786402577142,15000,die0,15000,15000,1,-1,73,73,0
1786402577242,15000,die0,15000,15000,1,-1,73,73,0
1786402577342,15000,die0,15000,15000,1,-1,73,73,0
1786402577442,15000,die0,15000,15000,1,-1,73,73,0
1786402577542,15000,die0,15000,15000,1,-1,73,73,0
1786402577642,15000,die0,15000,15000,1,-1,73,73,0
1786402577742,15000,die0,15000,15000,1,-1,73,73,0
1786402577842,15000,die0,15000,15000,1,-1,72.9375,72.9375,0
1786402577943,15000,die0,15000,15000,1,-1,72.9375,72.9375,0
1786402578042,15000,die0,15000,15000,1,-1,72.9375,72.9375,0
1786402578142,15000,die0,15000,15000,1,-1,72.9375,72.9375,0
1786402578242,15000,die0,15000,15000,1,-1,72.9375,72.9375,0
1786402578342,15000,die0,15000,15000,1,-1,72.9375,72.9375,0
1786402578442,15000,die0,15000,15000,1,-1,72.9375,72.9375,0
1786402578542,15000,die0,15000,15000,1,-1,72.9375,72.9375,0
1786402578642,15000,die0,15000,15000,1,-1,72.9375,72.9375,0
1786402578742,15000,die0,15000,15000,1,-1,72.9375,72.9375,0
1786402578842,15000,die0,15000,15000,1,-1,73.0625,73.0625,0
1786402578947,15000,die0,15000,15000,1,-1,73.0625,73.0625,0
1786402579042,15000,die0,15000,15000,1,-1,73.0625,73.0625,0
1786402579142,15000,die0,15000,15000,1,-1,73.0625,73.0625,0
1786402579242,15000,die0,15000,15000,1,-1,73.0625,73.0625,0
1786402579342,15000,die0,15000,15000,1,-1,73.0625,73.0625,0
1786402579442,15000,die0,15000,15000,1,-1,73.0625,73.0625,0
1786402579542,15000,die0,15000,15000,1,-1,73.0625,73.0625,0
1786402579642,15000,die0,15000,15000,1,-1,73.0625,73.0625,0
1786402579742,15000,die0,15000,15000,1,-1,73.0625,73.0625,0
1786402579842,15000,die0,15000,15000,1,-1,72.9375,72.9375,0
1786402579942,15000,die0,15000,15000,1,-1,72.9375,72.9375,0
1786402580042,15000,die0,15000,15000,1,-1,72.9375,72.9375,0
1786402580142,15000,die0,15000,15000,1,-1,72.9375,72.9375,0
1786402580242,15000,die0,15000,15000,1,-1,72.9375,72.9375,0
1786402580342,15000,die0,15000,15000,1,-1,72.9375,72.9375,0
1786402580446,15000,die0,15000,15000,1,-1,72.9375,72.9375,0
1786402580542,15000,die0,15000,15000,1,-1,72.9375,72.9375,0
1786402580642,15000,die0,15000,15000,1,-1,72.9375,72.9375,0
1786402580742,15000,die0,15000,15000,1,-1,72.9375,72.9375,0
1786402580842,15000,die0,15000,15000,1,-1,72.9375,72.9375,0
1786402580942,15000,die0,15000,15000,1,-1,72.9375,72.9375,0
1786402581042,15000,die0,15000,15000,1,-1,72.9375,72.9375,0
1786402581146,15000,die0,15000,15000,1,-1,72.9375,72.9375,0
1786402581243,15000,die0,15000,15000,1,-1,72.9375,72.9375,0
1786402581342,15000,die0,15000,15000,1,-1,72.9375,72.9375,0
1786402581442,15000,die0,15000,15000,1,-1,72.9375,72.9375,0
1786402581542,15000,die0,15000,15000,1,-1,72.9375,72.9375,0
1786402581642,15000,die0,15000,15000,1,-1,72.9375,72.9375,0
1786402581742,15000,die0,15000,15000,1,-1,72.9375,72.9375,0
1786402581846,15000,die0,15000,15000,1,-1,73.0625,73.0625,0
1786402581946,15000,die0,15000,15000,1,-1,73.0625,73.0625,0
1786402582042,15000,die0,15000,15000,1,-1,73.0625,73.0625,0
1786402582142,15000,die0,15000,15000,1,-1,73.0625,73.0625,0
1786402582242,15000,die0,15000,15000,1,-1,73.0625,73.0625,0
1786402582342,15000,die0,15000,15000,1,-1,73.0625,73.0625,0
1786402582442,15000,die0,15000,15000,1,-1,73.0625,73.0625,0
1786402582542,15000,die0,15000,15000,1,-1,73.0625,73.0625,0
1786402582642,15000,die0,15000,15000,1,-1,73.0625,73.0625,0
1786402582742,15000,die0,15000,15000,1,-1,73.0625,73.0625,0
1786402582842,15000,die0,15000,15000,1,-1,73.0625,73.0625,0
1786402582942,15000,die0,15000,15000,1,-1,73.0625,73.0625,0
1786402583042,15000,die0,15000,15000,1,-1,73.0625,73.0625,0
1786402583142,15000,die0,15000,15000,1,-1,73.0625,73.0625,0
1786402583242,15000,die0,15000,15000,1,-1,73.0625,73.0625,0
1786402583342,15000,die0,15000,15000,1,-1,73.0625,73.0625,0
1786402583442,15000,die0,15000,15000,1,-1,73.0625,73.0625,0
1786402583542,15000,die0,15000,15000,1,-1,73.0625,73.0625,0
1786402583642,15000,die0,15000,15000,1,-1,73.0625,73.0625,0
1786402583742,15000,die0,15000,15000,1,-1,73.0625,73.0625,0
1786402583842,15000,die0,15000,15000,1,-1,72.9375,72.9375,0
1786402583942,15000,die0,15000,15000,1,-1,72.9375,72.9375,0
1786402584042,15000,die0,15000,15000,1,-1,72.9375,72.9375,0
1786402584142,15000,die0,15000,15000,1,-1,72.9375,72.9375,0
1786402584242,15000,die0,15000,15000,1,-1,72.9375,72.9375,0
1786402584342,15000,die0,15000,15000,1,-1,72.9375,72.9375,0
1786402584442,15000,die0,15000,15000,1,-1,72.9375,72.9375,0
1786402584542,15000,die0,15000,15000,1,-1,72.9375,72.9375,0
1786402584642,15000,die0,15000,15000,1,-1,72.9375,72.9375,0
1786402584742,15000,die0,15000,15000,1,-1,72.9375,72.9375,0
1786402584842,15000,die0,15000,15000,1,-1,73.0625,73.0625,0
1786402584942,15000,die0,15000,15000,1,-1,73.0625,73.0625,0
1786402585042,15000,die0,15000,15000,1,-1,73.0625,73.0625,0
1786402585142,15000,die0,15000,15000,1,-1,73.0625,73.0625,0
1786402585242,15000,die0,15000,15000,1,-1,73.0625,73.0625,0
1786402585342,15000,die0,15000,15000,1,-1,73.0625,73.0625,0
1786402585442,15000,die0,15000,15000,1,-1,73.0625,73.0625,0
1786402585542,15000,die0,15000,15000,1,-1,73.0625,73.0625,0
1786402585642,15000,die0,15000,15000,1,-1,73.0625,73.0625,0
1786402585742,15000,die0,15000,15000,1,-1,73.0625,73.0625,0
1786402585842,15000,die0,15000,15000,1,-1,73.0625,73.0625,0
1786402585942,15000,die0,15000,15000,1,-1,73.0625,73.0625,0
1786402586042,15000,die0,15000,15000,1,-1,73.0625,73.0625,0
1786402586142,15000,die0,15000,15000,1,-1,73.0625,73.0625,0
1786402586242,15000,die0,15000,15000,1,-1,73.0625,73.0625,0
1786402586342,15000,die0,15000,15000,1,-1,73.0625,73.0625,0
1786402586442,15000,die0,15000,15000,1,-1,73.0625,73.0625,0
1786402586542,15000,die0,15000,15000,1,-1,73.0625,73.0625,0
1786402586642,15000,die0,15000,15000,1,-1,73.0625,73.0625,0
1786402586742,15000,die0,15000,15000,1,-1,73.0625,73.0625,0
1786402586842,15000,die0,15000,15000,1,-1,73.0625,73.0625,0
1786402586942,15000,die0,15000,15000,1,-1,73.0625,73.0625,0
1786402587042,15000,die0,15000,15000,1,-1,73.0625,73.0625,0
1786402587142,15000,die0,15000,15000,1,-1,73.0625,73.0625,0
1786402587242,15000,die0,15000,15000,1,-1,73.0625,73.0625,0
1786402587342,15000,die0,15000,15000,1,-1,73.0625,73.0625,0
1786402587442,15000,die0,15000,15000,1,-1,73.0625,73.0625,0
1786402587542,15000,die0,15000,15000,1,-1,73.0625,73.0625,0
1786402587642,15000,die0,15000,15000,1,-1,73.0625,73.0625,0
1786402587742,15000,die0,15000,15000,1,-1,73.0625,73.0625,0
1786402587842,15000,die0,15000,15000,1,-1,73,73,0
1786402587942,15000,die0,15000,15000,1,-1,73,73,0
1786402588042,15000,die0,15000,15000,1,-1,73,73,0
1786402588142,15000,die0,15000,15000,1,-1,73,73,0
1786402588242,15000,die0,15000,15000,1,-1,73,73,0
1786402588342,15000,die0,15000,15000,1,-1,73,73,0
1786402588442,15000,die0,15000,15000,1,-1,73,73,0
1786402588542,15000,die0,15000,15000,1,-1,73,73,0
1786402588642,15000,die0,15000,15000,1,-1,73,73,0
1786402588742,15000,die0,15000,15000,1,-1,73,73,0
1786402588842,15000,die0,15000,15000,1,-1,73,73,0
1786402588942,15000,die0,15000,15000,1,-1,73,73,0
1786402589042,15000,die0,15000,15000,1,-1,73,73,0
1786402589142,15000,die0,15000,15000,1,-1,73,73,0
1786402589242,15000,die0,15000,15000,1,-1,73,73,0
1786402589342,15000,die0,15000,15000,1,-1,73,73,0
1786402589442,15000,die0,15000,15000,1,-1,73,73,0
1786402589542,15000,die0,15000,15000,1,-1,73,73,0
1786402589642,15000,die0,15000,15000,1,-1,73,73,0
1786402589742,15000,die0,15000,15000,1,-1,73,73,0
1786402589842,15000,die0,15000,15000,1,-1,73,73,0
1786402589942,15000,die0,15000,15000,1,-1,73,73,0
1786402590042,15000,die0,15000,15000,1,-1,73,73,0
1786402590142,15000,die0,15000,15000,1,-1,73,73,0
1786402590242,15000,die0,15000,15000,1,-1,73,73,0
1786402590342,15000,die0,15000,15000,1,-1,73,73,0
1786402590442,15000,die0,15000,15000,1,-1,73,73,0
1786402590542,15000,die0,15000,15000,1,-1,73,73,0
1786402590642,15000,die0,15000,15000,1,-1,73,73,0
1786402590742,15000,die0,15000,15000,1,-1,73,73,0
1786402590842,15000,die0,15000,15000,1,-1,72.9375,72.9375,0
1786402590942,15000,die0,15000,15000,1,-1,72.9375,72.9375,0
1786402591042,15000,die0,15000,15000,1,-1,72.9375,72.9375,0
1786402591142,15000,die0,15000,15000,1,-1,72.9375,72.9375,0
1786402591242,15000,die0,15000,15000,1,-1,72.9375,72.9375,0
1786402591342,15000,die0,15000,15000,1,-1,72.9375,72.9375,0
1786402591443,15000,die0,15000,15000,1,-1,72.9375,72.9375,0
1786402591542,15000,die0,15000,15000,1,-1,72.9375,72.9375,0
1786402591642,15000,die0,15000,15000,1,-1,72.9375,72.9375,0
1786402591742,15000,die0,15000,15000,1,-1,72.9375,72.9375,0
1786402591842,15000,die0,15000,15000,1,-1,73,73,0
1786402591942,15000,die0,15000,15000,1,-1,73,73,0
1786402592042,15000,die0,15000,15000,1,-1,73,73,0
1786402592151,15000,die0,15000,15000,1,-1,73,73,0
1786402592242,15000,die0,15000,15000,1,-1,73,73,0
1786402592342,15000,die0,15000,15000,1,-1,73,73,0
1786402592442,15000,die0,15000,15000,1,-1,73,73,0
1786402592542,15000,die0,15000,15000,1,-1,73,73,0
1786402592642,15000,die0,15000,15000,1,-1,73,73,0
1786402592742,15000,die0,15000,15000,1,-1,73,73,0
1786402592842,15000,die0,15000,15000,1,-1,73.0625,73.0625,0
1786402592942,15000,die0,15000,15000,1,-1,73.0625,73.0625,0
1786402593042,15000,die0,15000,15000,1,-1,73.0625,73.0625,0
1786402593142,15000,die0,15000,15000,1,-1,73.0625,73.0625,0
1786402593242,15000,die0,15000,15000,1,-1,73.0625,73.0625,0
1786402593342,15000,die0,15000,15000,1,-1,73.0625,73.0625,0
1786402593442,15000,die0,15000,15000,1,-1,73.0625,73.0625,0
1786402593543,15000,die0,15000,15000,1,-1,73.0625,73.0625,0
1786402593642,15000,die0,15000,15000,1,-1,73.0625,73.0625,0
1786402593742,15000,die0,15000,15000,1,-1,73.0625,73.0625,0
1786402593842,15000,die0,15000,15000,1,-1,73.0625,73.0625,0
1786402593942,15000,die0,15000,15000,1,-1,73.0625,73.0625,0
1786402594042,15000,die0,15000,15000,1,-1,73.0625,73.0625,0
1786402594142,15000,die0,15000,15000,1,-1,73.0625,73.0625,0
1786402594242,15000,die0,15000,15000,1,-1,73.0625,73.0625,0
1786402594342,15000,die0,15000,15000,1,-1,73.0625,73.0625,0
1786402594442,15000,die0,15000,15000,1,-1,73.0625,73.0625,0
1786402594542,15000,die0,15000,15000,1,-1,73.0625,73.0625,0
1786402594642,15000,die0,15000,15000,1,-1,73.0625,73.0625,0
1786402594742,15000,die0,15000,15000,1,-1,73.0625,73.0625,0
1786402594842,15000,die0,15000,15000,1,-1,73,73,0
1786402594942,15000,die0,15000,15000,1,-1,73,73,0
1786402595042,15000,die0,15000,15000,1,-1,73,73,0
1786402595142,15000,die0,15000,15000,1,-1,73,73,0
1786402595242,15000,die0,15000,15000,1,-1,73,73,0
1786402595342,15000,die0,15000,15000,1,-1,73,73,0
1786402595442,15000,die0,15000,15000,1,-1,73,73,0
1786402595543,15000,die0,15000,15000,1,-1,73,73,0
1786402595642,15000,die0,15000,15000,1,-1,73,73,0
1786402595742,15000,die0,15000,15000,1,-1,73,73,0
1786402595842,15000,die0,15000,15000,1,-1,73,73,0
1786402595942,15000,die0,15000,15000,1,-1,73,73,0
1786402596042,15000,die0,15000,15000,1,-1,73,73,0
1786402596142,15000,die0,15000,15000,1,-1,73,73,0
1786402596242,15000,die0,15000,15000,1,-1,73,73,0
1786402596342,15000,die0,15000,15000,1,-1,73,73,0
1786402596442,15000,die0,15000,15000,1,-1,73,73,0
1786402596542,15000,die0,15000,15000,1,-1,73,73,0
1786402596642,15000,die0,15000,15000,1,-1,73,73,0
1786402596742,15000,die0,15000,15000,1,-1,73,73,0
1786402596842,15000,die0,15000,15000,1,-1,73,73,0
1786402596942,15000,die0,15000,15000,1,-1,73,73,0
1786402597042,15000,die0,15000,15000,1,-1,73,73,0
1786402597142,15000,die0,15000,15000,1,-1,73,73,0
1786402597242,15000,die0,15000,15000,1,-1,73,73,0
1786402597342,15000,die0,15000,15000,1,-1,73,73,0
1786402597442,15000,die0,15000,15000,1,-1,73,73,0
1786402597542,15000,die0,15000,15000,1,-1,73,73,0
1786402597642,15000,die0,15000,15000,1,-1,73,73,0
1786402597742,15000,die0,15000,15000,1,-1,73,73,0
1786402597842,15000,die0,15000,15000,1,-1,73,73,0
1786402597942,15000,die0,15000,15000,1,-1,73,73,0
1786402598042,15000,die0,15000,15000,1,-1,73,73,0
1786402598142,15000,die0,15000,15000,1,-1,73,73,0
1786402598242,15000,die0,15000,15000,1,-1,73,73,0
1786402598342,15000,die0,15000,15000,1,-1,73,73,0
1786402598442,15000,die0,15000,15000,1,-1,73,73,0
1786402598542,15000,die0,15000,15000,1,-1,73,73,0
1786402598642,15000,die0,15000,15000,1,-1,73,73,0
1786402598742,15000,die0,15000,15000,1,-1,73,73,0
1786402598842,15000,die0,15000,15000,1,-1,73,73,0
1786402598942,15000,die0,15000,15000,1,-1,73,73,0
1786402599042,15000,die0,15000,15000,1,-1,73,73,0
1786402599142,15000,die0,15000,15000,1,-1,73,73,0
1786402599242,15000,die0,15000,15000,1,-1,73,73,0
1786402599342,15000,die0,15000,15000,1,-1,73,73,0
1786402599442,15000,die0,15000,15000,1,-1,73,73,0
1786402599542,15000,die0,15000,15000,1,-1,73,73,0
1786402599642,15000,die0,15000,15000,1,-1,73,73,0
1786402599742,15000,die0,15000,15000,1,-1,73,73,0
1786402599842,15000,die0,15000,15000,1,-1,73,73,0
1786402599942,15000,die0,15000,15000,1,-1,73,73,0
1786402600042,15000,die0,15000,15000,1,-1,73,73,0
1786402600142,15000,die0,15000,15000,1,-1,73,73,0
1786402600243,15000,die0,15000,15000,1,-1,73,73,0
1786402600342,15000,die0,15000,15000,1,-1,73,73,0
1786402600442,15000,die0,15000,15000,1,-1,73,73,0
1786402600542,15000,die0,15000,15000,1,-1,73,73,0
1786402600642,15000,die0,15000,15000,1,-1,73,73,0
1786402600742,15000,die0,15000,15000,1,-1,73,73,0
1786402600842,15000,die0,15000,15000,1,-1,73.0625,73.0625,0
1786402600942,15000,die0,15000,15000,1,-1,73.0625,73.0625,0
1786402601042,15000,die0,15000,15000,1,-1,73.0625,73.0625,0
1786402601142,15000,die0,15000,15000,1,-1,73.0625,73.0625,0
1786402601242,15000,die0,15000,15000,1,-1,73.0625,73.0625,0
1786402601342,15000,die0,15000,15000,1,-1,73.0625,73.0625,0
1786402601442,15000,die0,15000,15000,1,-1,73.0625,73.0625,0
1786402601542,15000,die0,15000,15000,1,-1,73.0625,73.0625,0
1786402601642,15000,die0,15000,15000,1,-1,73.0625,73.0625,0
1786402601742,15000,die0,15000,15000,1,-1,73.0625,73.0625,0
1786402601842,15000,die0,15000,15000,1,-1,73.125,73.125,0
1786402601942,15000,die0,15000,15000,1,-1,73.125,73.125,0
1786402602042,15000,die0,15000,15000,1,-1,73.125,73.125,0
1786402602142,15000,die0,15000,15000,1,-1,73.125,73.125,0
1786402602246,15000,die0,15000,15000,1,-1,73.125,73.125,0
1786402602342,15000,die0,15000,15000,1,-1,73.125,73.125,0
1786402602442,15000,die0,15000,15000,1,-1,73.125,73.125,0
1786402602542,15000,die0,15000,15000,1,-1,73.125,73.125,0
1786402602642,15000,die0,15000,15000,1,-1,73.125,73.125,0
1786402602742,15000,die0,15000,15000,1,-1,73.125,73.125,0
1786402602842,15000,die0,15000,15000,1,-1,73,73,0
1786402602942,15000,die0,15000,15000,1,-1,73,73,0
1786402603042,15000,die0,15000,15000,1,-1,73,73,0
1786402603142,15000,die0,15000,15000,1,-1,73,73,0
1786402603242,15000,die0,15000,15000,1,-1,73,73,0
1786402603342,15000,die0,15000,15000,1,-1,73,73,0
1786402603442,15000,die0,15000,15000,1,-1,73,73,0
1786402603542,15000,die0,15000,15000,1,-1,73,73,0
1786402603642,15000,die0,15000,15000,1,-1,73,73,0
1786402603742,15000,die0,15000,15000,1,-1,73,73,0
1786402603842,15000,die0,15000,15000,1,-1,72.9375,72.9375,0
1786402603942,15000,die0,15000,15000,1,-1,72.9375,72.9375,0
1786402604042,15000,die0,15000,15000,1,-1,72.9375,72.9375,0
1786402604142,15000,die0,15000,15000,1,-1,72.9375,72.9375,0
1786402604242,15000,die0,15000,15000,1,-1,72.9375,72.9375,0
1786402604342,15000,die0,15000,15000,1,-1,72.9375,72.9375,0
1786402604442,15000,die0,15000,15000,1,-1,72.9375,72.9375,0
1786402604542,15000,die0,15000,15000,1,-1,72.9375,72.9375,0
1786402604643,15000,die0,15000,15000,1,-1,72.9375,72.9375,0
1786402604742,15000,die0,15000,15000,1,-1,72.9375,72.9375,0
1786402604842,15000,die0,15000,15000,1,-1,73,73,0
1786402604942,15000,die0,15000,15000,1,-1,73,73,0
1786402605043,15000,die0,15000,15000,1,-1,73,73,0
1786402605142,15000,die0,15000,15000,1,-1,73,73,0
1786402605242,15000,die0,15000,15000,1,-1,73,73,0
1786402605342,15000,die0,15000,15000,1,-1,73,73,0
1786402605442,15000,die0,15000,15000,1,-1,73,73,0
1786402605542,15000,die0,15000,15000,1,-1,73,73,0
1786402605642,15000,die0,15000,15000,1,-1,73,73,0
1786402605742,15000,die0,15000,15000,1,-1,73,73,0
1786402605842,15000,die0,15000,15000,1,-1,73.125,73.125,0
1786402605942,15000,die0,15000,15000,1,-1,73.125,73.125,0
1786402606042,15000,die0,15000,15000,1,-1,73.125,73.125,0
1786402606142,15000,die0,15000,15000,1,-1,73.125,73.125,0
1786402606242,15000,die0,15000,15000,1,-1,73.125,73.125,0
1786402606343,15000,die0,15000,15000,1,-1,73.125,73.125,0
1786402606442,15000,die0,15000,15000,1,-1,73.125,73.125,0
1786402606542,15000,die0,15000,15000,1,-1,73.125,73.125,0
1786402606642,15000,die0,15000,15000,1,-1,73.125,73.125,0
1786402606742,15000,die0,15000,15000,1,-1,73.125,73.125,0
1786402606842,15000,die0,15000,15000,1,-1,73.0625,73.0625,0
1786402606942,15000,die0,15000,15000,1,-1,73.0625,73.0625,0
1786402607042,15000,die0,15000,15000,1,-1,73.0625,73.0625,0
1786402607142,15000,die0,15000,15000,1,-1,73.0625,73.0625,0
1786402607242,15000,die0,15000,15000,1,-1,73.0625,73.0625,0
1786402607342,15000,die0,15000,15000,1,-1,73.0625,73.0625,0
1786402607442,15000,die0,15000,15000,1,-1,73.0625,73.0625,0
1786402607542,15000,die0,15000,15000,1,-1,73.0625,73.0625,0
1786402607642,15000,die0,15000,15000,1,-1,73.0625,73.0625,0
1786402607742,15000,die0,15000,15000,1,-1,73.0625,73.0625,0
1786402607842,15000,die0,15000,15000,1,-1,73,73,0
1786402607942,15000,die0,15000,15000,1,-1,73,73,0
1786402608042,15000,die0,15000,15000,1,-1,73,73,0
1786402608142,15000,die0,15000,15000,1,-1,73,73,0
1786402608242,15000,die0,15000,15000,1,-1,73,73,0
1786402608342,15000,die0,15000,15000,1,-1,73,73,0
1786402608442,15000,die0,15000,15000,1,-1,73,73,0
1786402608543,15000,die0,15000,15000,1,-1,73,73,0
1786402608642,15000,die0,15000,15000,1,-1,73,73,0
1786402608742,15000,die0,15000,15000,1,-1,73,73,0
1786402608842,15000,die0,15000,15000,1,-1,73.0625,73.0625,0
1786402608942,15000,die0,15000,15000,1,-1,73.0625,73.0625,0
1786402609042,15000,die0,15000,15000,1,-1,73.0625,73.0625,0
1786402609142,15000,die0,15000,15000,1,-1,73.0625,73.0625,0
1786402609243,15000,die0,15000,15000,1,-1,73.0625,73.0625,0
1786402609342,15000,die0,15000,15000,1,-1,73.0625,73.0625,0
1786402609442,15000,die0,15000,15000,1,-1,73.0625,73.0625,0
1786402609542,15000,die0,15000,15000,1,-1,73.0625,73.0625,0
1786402609642,15000,die0,15000,15000,1,-1,73.0625,73.0625,0
1786402609742,15000,die0,15000,15000,1,-1,73.0625,73.0625,0
1786402609842,15000,die0,15000,15000,1,-1,73,73,0
1786402609942,15000,die0,15000,15000,1,-1,73,73,0
1786402610042,15000,die0,15000,15000,1,-1,73,73,0
1786402610142,15000,die0,15000,15000,1,-1,73,73,0
1786402610242,15000,die0,15000,15000,1,-1,73,73,0
1786402610342,15000,die0,15000,15000,1,-1,73,73,0
1786402610442,15000,die0,15000,15000,1,-1,73,73,0
1786402610542,15000,die0,15000,15000,1,-1,73,73,0
1786402610642,15000,die0,15000,15000,1,-1,73,73,0
1786402610742,15000,die0,15000,15000,1,-1,73,73,0
1786402610842,15000,die0,15000,15000,1,-1,73.0625,73.0625,0
1786402610942,15000,die0,15000,15000,1,-1,73.0625,73.0625,0
1786402611042,15000,die0,15000,15000,1,-1,73.0625,73.0625,0
1786402611142,15000,die0,15000,15000,1,-1,73.0625,73.0625,0
1786402611242,15000,die0,15000,15000,1,-1,73.0625,73.0625,0
1786402611342,15000,die0,15000,15000,1,-1,73.0625,73.0625,0
1786402611442,15000,die0,15000,15000,1,-1,73.0625,73.0625,0
1786402611543,15000,die0,15000,15000,1,-1,73.0625,73.0625,0
1786402611643,15000,die0,15000,15000,1,-1,73.0625,73.0625,0
1786402611743,15000,die0,15000,15000,1,-1,73.0625,73.0625,0
1786402611842,15000,die0,15000,15000,1,-1,73.0625,73.0625,0
1786402611942,15000,die0,15000,15000,1,-1,73.0625,73.0625,0
1786402612042,15000,die0,15000,15000,1,-1,73.0625,73.0625,0
1786402612142,15000,die0,15000,15000,1,-1,73.0625,73.0625,0
1786402612242,15000,die0,15000,15000,1,-1,73.0625,73.0625,0
1786402612342,15000,die0,15000,15000,1,-1,73.0625,73.0625,0
1786402612442,15000,die0,15000,15000,1,-1,73.0625,73.0625,0
1786402612542,15000,die0,15000,15000,1,-1,73.0625,73.0625,0
1786402612642,15000,die0,15000,15000,1,-1,73.0625,73.0625,0
1786402612742,15000,die0,15000,15000,1,-1,73.0625,73.0625,0
1786402612843,15000,die0,15000,15000,1,-1,73,73,0
1786402612942,15000,die0,15000,15000,1,-1,73,73,0
1786402613042,15000,die0,15000,15000,1,-1,73,73,0
1786402613142,15000,die0,15000,15000,1,-1,73,73,0
1786402613242,15000,die0,15000,15000,1,-1,73,73,0
1786402613342,15000,die0,15000,15000,1,-1,73,73,0
1786402613443,15000,die0,15000,15000,1,-1,73,73,0
1786402613546,15000,die0,15000,15000,1,-1,73,73,0
1786402613642,15000,die0,15000,15000,1,-1,73,73,0
1786402613742,15000,die0,15000,15000,1,-1,73,73,0
1786402613842,15000,die0,15000,15000,1,-1,73.0625,73.0625,0
1786402613942,15000,die0,15000,15000,1,-1,73.0625,73.0625,0
1786402614042,15000,die0,15000,15000,1,-1,73.0625,73.0625,0
1786402614142,15000,die0,15000,15000,1,-1,73.0625,73.0625,0
1786402614242,15000,die0,15000,15000,1,-1,73.0625,73.0625,0
1786402614343,15000,die0,15000,15000,1,-1,73.0625,73.0625,0
1786402614442,15000,die0,15000,15000,1,-1,73.0625,73.0625,0
1786402614543,15000,die0,15000,15000,1,-1,73.0625,73.0625,0
1786402614642,15000,die0,15000,15000,1,-1,73.0625,73.0625,0
1786402614742,15000,die0,15000,15000,1,-1,73.0625,73.0625,0
1786402614842,15000,die0,15000,15000,1,-1,73.0625,73.0625,0
1786402614942,15000,die0,15000,15000,1,-1,73.0625,73.0625,0
1786402615042,15000,die0,15000,15000,1,-1,73.0625,73.0625,0
1786402615142,15000,die0,15000,15000,1,-1,73.0625,73.0625,0
1786402615242,15000,die0,15000,15000,1,-1,73.0625,73.0625,0
1786402615342,15000,die0,15000,15000,1,-1,73.0625,73.0625,0
1786402615442,15000,die0,15000,15000,1,-1,73.0625,73.0625,0
1786402615542,15000,die0,15000,15000,1,-1,73.0625,73.0625,0
1786402615642,15000,die0,15000,15000,1,-1,73.0625,73.0625,0
1786402615742,15000,die0,15000,15000,1,-1,73.0625,73.0625,0
1786402615842,15000,die0,15000,15000,1,-1,73.0625,73.0625,0
1786402615943,15000,die0,15000,15000,1,-1,73.0625,73.0625,0
1786402616042,15000,die0,15000,15000,1,-1,73.0625,73.0625,0
1786402616142,15000,die0,15000,15000,1,-1,73.0625,73.0625,0
1786402616242,15000,die0,15000,15000,1,-1,73.0625,73.0625,0
1786402616342,15000,die0,15000,15000,1,-1,73.0625,73.0625,0
1786402616442,15000,die0,15000,15000,1,-1,73.0625,73.0625,0
1786402616542,15000,die0,15000,15000,1,-1,73.0625,73.0625,0
1786402616642,15000,die0,15000,15000,1,-1,73.0625,73.0625,0
1786402616742,15000,die0,15000,15000,1,-1,73.0625,73.0625,0
1786402616842,15000,die0,15000,15000,1,-1,73,73,0
1786402616942,15000,die0,15000,15000,1,-1,73,73,0
1786402617042,15000,die0,15000,15000,1,-1,73,73,0
1786402617143,15000,die0,15000,15000,1,-1,73,73,0
1786402617242,15000,die0,15000,15000,1,-1,73,73,0
1786402617342,15000,die0,15000,15000,1,-1,73,73,0
1786402617442,15000,die0,15000,15000,1,-1,73,73,0
1786402617542,15000,die0,15000,15000,1,-1,73,73,0
1786402617643,15000,die0,15000,15000,1,-1,73,73,0
1786402617742,15000,die0,15000,15000,1,-1,73,73,0
1786402617842,15000,die0,15000,15000,1,-1,72.9375,72.9375,0
1786402617942,15000,die0,15000,15000,1,-1,72.9375,72.9375,0
1786402618042,15000,die0,15000,15000,1,-1,72.9375,72.9375,0
1786402618142,15000,die0,15000,15000,1,-1,72.9375,72.9375,0
1786402618246,15000,die0,15000,15000,1,-1,72.9375,72.9375,0
1786402618342,15000,die0,15000,15000,1,-1,72.9375,72.9375,0
1786402618442,15000,die0,15000,15000,1,-1,72.9375,72.9375,0
1786402618542,15000,die0,15000,15000,1,-1,72.9375,72.9375,0
1786402618642,15000,die0,15000,15000,1,-1,72.9375,72.9375,0
1786402618742,15000,die0,15000,15000,1,-1,72.9375,72.9375,0
1786402618842,15000,die0,15000,15000,1,-1,72.9375,72.9375,0
1786402618942,15000,die0,15000,15000,1,-1,72.9375,72.9375,0
1786402619042,15000,die0,15000,15000,1,-1,72.9375,72.9375,0
1786402619142,15000,die0,15000,15000,1,-1,72.9375,72.9375,0
1786402619242,15000,die0,15000,15000,1,-1,72.9375,72.9375,0
1786402619342,15000,die0,15000,15000,1,-1,72.9375,72.9375,0
1786402619442,15000,die0,15000,15000,1,-1,72.9375,72.9375,0
1786402619542,15000,die0,15000,15000,1,-1,72.9375,72.9375,0
1786402619642,15000,die0,15000,15000,1,-1,72.9375,72.9375,0
1786402619742,15000,die0,15000,15000,1,-1,72.9375,72.9375,0
1786402619842,15000,die0,15000,15000,1,-1,73,73,0
1786402619942,15000,die0,15000,15000,1,-1,73,73,0
1786402620042,15000,die0,15000,15000,1,-1,73,73,0
1786402620142,15000,die0,15000,15000,1,-1,73,73,0
1786402620242,15000,die0,15000,15000,1,-1,73,73,0
1786402620342,15000,die0,15000,15000,1,-1,73,73,0
1786402620442,15000,die0,15000,15000,1,-1,73,73,0
1786402620546,15000,die0,15000,15000,1,-1,73,73,0
1786402620643,15000,die0,15000,15000,1,-1,73,73,0
1786402620742,15000,die0,15000,15000,1,-1,73,73,0
1786402620842,15000,die0,15000,15000,1,-1,73,73,0
1786402620942,15000,die0,15000,15000,1,-1,73,73,0
1786402621042,15000,die0,15000,15000,1,-1,73,73,0
1786402621143,15000,die0,15000,15000,1,-1,73,73,0
1786402621242,15000,die0,15000,15000,1,-1,73,73,0
1786402621342,15000,die0,15000,15000,1,-1,73,73,0
1786402621442,15000,die0,15000,15000,1,-1,73,73,0
1786402621542,15000,die0,15000,15000,1,-1,73,73,0
1786402621642,15000,die0,15000,15000,1,-1,73,73,0
1786402621742,15000,die0,15000,15000,1,-1,73,73,0
1786402621842,15000,die0,15000,15000,1,-1,73,73,0
1786402621942,15000,die0,15000,15000,1,-1,73,73,0
1786402622042,15000,die0,15000,15000,1,-1,73,73,0
1786402622142,15000,die0,15000,15000,1,-1,73,73,0
1786402622242,15000,die0,15000,15000,1,-1,73,73,0
1786402622342,15000,die0,15000,15000,1,-1,73,73,0
1786402622442,15000,die0,15000,15000,1,-1,73,73,0
1786402622542,15000,die0,15000,15000,1,-1,73,73,0
1786402622642,15000,die0,15000,15000,1,-1,73,73,0
1786402622742,15000,die0,15000,15000,1,-1,73,73,0
1786402622842,15000,die0,15000,15000,1,-1,73,73,0
1786402622942,15000,die0,15000,15000,1,-1,73,73,0
1786402623042,15000,die0,15000,15000,1,-1,73,73,0
1786402623142,15000,die0,15000,15000,1,-1,73,73,0
1786402623242,15000,die0,15000,15000,1,-1,73,73,0
1786402623342,15000,die0,15000,15000,1,-1,73,73,0
1786402623442,15000,die0,15000,15000,1,-1,73,73,0
1786402623542,15000,die0,15000,15000,1,-1,73,73,0
1786402623642,15000,die0,15000,15000,1,-1,73,73,0
1786402623742,15000,die0,15000,15000,1,-1,73,73,0
1786402623842,15000,die0,15000,15000,1,-1,73,73,0
1786402623942,15000,die0,15000,15000,1,-1,73,73,0
1786402624042,15000,die0,15000,15000,1,-1,73,73,0
1786402624142,15000,die0,15000,15000,1,-1,73,73,0
1786402624242,15000,die0,15000,15000,1,-1,73,73,0
1786402624342,15000,die0,15000,15000,1,-1,73,73,0
1786402624443,15000,die0,15000,15000,1,-1,73,73,0
1786402624542,15000,die0,15000,15000,1,-1,73,73,0
1786402624642,15000,die0,15000,15000,1,-1,73,73,0
1786402624742,15000,die0,15000,15000,1,-1,73,73,0
1786402624842,15000,die0,15000,15000,1,-1,72.9375,72.9375,0
1786402624942,15000,die0,15000,15000,1,-1,72.9375,72.9375,0
1786402625042,15000,die0,15000,15000,1,-1,72.9375,72.9375,0
1786402625143,15000,die0,15000,15000,1,-1,72.9375,72.9375,0
1786402625242,15000,die0,15000,15000,1,-1,72.9375,72.9375,0
1786402625343,15000,die0,15000,15000,1,-1,72.9375,72.9375,0
1786402625446,15000,die0,15000,15000,1,-1,72.9375,72.9375,0
1786402625542,15000,die0,15000,15000,1,-1,72.9375,72.9375,0
1786402625642,15000,die0,15000,15000,1,-1,72.9375,72.9375,0
1786402625742,15000,die0,15000,15000,1,-1,72.9375,72.9375,0
1786402625842,15000,die0,15000,15000,1,-1,73.0625,73.0625,0
1786402625942,15000,die0,15000,15000,1,-1,73.0625,73.0625,0
1786402626042,15000,die0,15000,15000,1,-1,73.0625,73.0625,0
1786402626142,15000,die0,15000,15000,1,-1,73.0625,73.0625,0
1786402626242,15000,die0,15000,15000,1,-1,73.0625,73.0625,0
1786402626343,15000,die0,15000,15000,1,-1,73.0625,73.0625,0
1786402626442,15000,die0,15000,15000,1,-1,73.0625,73.0625,0
1786402626542,15000,die0,15000,15000,1,-1,73.0625,73.0625,0
1786402626642,15000,die0,15000,15000,1,-1,73.0625,73.0625,0
1786402626742,15000,die0,15000,15000,1,-1,73.0625,73.0625,0
1786402626842,15000,die0,15000,15000,1,-1,73.0625,73.0625,0
1786402626942,15000,die0,15000,15000,1,-1,73.0625,73.0625,0
1786402627042,15000,die0,15000,15000,1,-1,73.0625,73.0625,0
1786402627142,15000,die0,15000,15000,1,-1,73.0625,73.0625,0
1786402627242,15000,die0,15000,15000,1,-1,73.0625,73.0625,0
1786402627342,15000,die0,15000,15000,1,-1,73.0625,73.0625,0
1786402627442,15000,die0,15000,15000,1,-1,73.0625,73.0625,0
1786402627542,15000,die0,15000,15000,1,-1,73.0625,73.0625,0
1786402627642,15000,die0,15000,15000,1,-1,73.0625,73.0625,0
1786402627742,15000,die0,15000,15000,1,-1,73.0625,73.0625,0
1786402627842,15000,die0,15000,15000,1,-1,73,73,0
1786402627942,15000,die0,15000,15000,1,-1,73,73,0
1786402628042,15000,die0,15000,15000,1,-1,73,73,0
1786402628142,15000,die0,15000,15000,1,-1,73,73,0
1786402628242,15000,die0,15000,15000,1,-1,73,73,0
1786402628342,15000,die0,15000,15000,1,-1,73,73,0
1786402628442,15000,die0,15000,15000,1,-1,73,73,0
1786402628543,15000,die0,15000,15000,1,-1,73,73,0
1786402628642,15000,die0,15000,15000,1,-1,73,73,0
1786402628742,15000,die0,15000,15000,1,-1,73,73,0
1786402628842,15000,die0,15000,15000,1,-1,72.9375,72.9375,0
1786402628942,15000,die0,15000,15000,1,-1,72.9375,72.9375,0
1786402629042,15000,die0,15000,15000,1,-1,72.9375,72.9375,0
1786402629142,15000,die0,15000,15000,1,-1,72.9375,72.9375,0
1786402629242,15000,die0,15000,15000,1,-1,72.9375,72.9375,0
1786402629342,15000,die0,15000,15000,1,-1,72.9375,72.9375,0
1786402629442,15000,die0,15000,15000,1,-1,72.9375,72.9375,0
1786402629542,15000,die0,15000,15000,1,-1,72.9375,72.9375,0
1786402629642,15000,die0,15000,15000,1,-1,72.9375,72.9375,0
1786402629742,15000,die0,15000,15000,1,-1,72.9375,72.9375,0
1786402629842,15000,die0,15000,15000,1,-1,72.9375,72.9375,0
1786402629942,15000,die0,15000,15000,1,-1,72.9375,72.9375,0
1786402630042,15000,die0,15000,15000,1,-1,72.9375,72.9375,0
1786402630142,15000,die0,15000,15000,1,-1,72.9375,72.9375,0
1786402630242,15000,die0,15000,15000,1,-1,72.9375,72.9375,0
1786402630342,15000,die0,15000,15000,1,-1,72.9375,72.9375,0
1786402630442,15000,die0,15000,15000,1,-1,72.9375,72.9375,0
1786402630542,15000,die0,15000,15000,1,-1,72.9375,72.9375,0
1786402630642,15000,die0,15000,15000,1,-1,72.9375,72.9375,0
1786402630742,15000,die0,15000,15000,1,-1,72.9375,72.9375,0
1786402630842,15000,die0,15000,15000,1,-1,73.0625,73.0625,0
1786402630942,15000,die0,15000,15000,1,-1,73.0625,73.0625,0
1786402631042,15000,die0,15000,15000,1,-1,73.0625,73.0625,0
1786402631142,15000,die0,15000,15000,1,-1,73.0625,73.0625,0
1786402631242,15000,die0,15000,15000,1,-1,73.0625,73.0625,0
1786402631342,15000,die0,15000,15000,1,-1,73.0625,73.0625,0
1786402631442,15000,die0,15000,15000,1,-1,73.0625,73.0625,0
1786402631542,15000,die0,15000,15000,1,-1,73.0625,73.0625,0
1786402631642,15000,die0,15000,15000,1,-1,73.0625,73.0625,0
1786402631742,15000,die0,15000,15000,1,-1,73.0625,73.0625,0
1786402631842,15000,die0,15000,15000,1,-1,72.875,72.875,0
1786402631942,15000,die0,15000,15000,1,-1,72.875,72.875,0
1786402632042,15000,die0,15000,15000,1,-1,72.875,72.875,0
1786402632142,15000,die0,15000,15000,1,-1,72.875,72.875,0
1786402632242,15000,die0,15000,15000,1,-1,72.875,72.875,0
1786402632342,15000,die0,15000,15000,1,-1,72.875,72.875,0
1786402632442,15000,die0,15000,15000,1,-1,72.875,72.875,0
1786402632542,15000,die0,15000,15000,1,-1,72.875,72.875,0
1786402632642,15000,die0,15000,15000,1,-1,72.875,72.875,0
1786402632742,15000,die0,15000,15000,1,-1,72.875,72.875,0
1786402632842,15000,die0,15000,15000,1,-1,73,73,0
1786402632942,15000,die0,15000,15000,1,-1,73,73,0
1786402633042,15000,die0,15000,15000,1,-1,73,73,0
1786402633142,15000,die0,15000,15000,1,-1,73,73,0
1786402633242,15000,die0,15000,15000,1,-1,73,73,0
1786402633342,15000,die0,15000,15000,1,-1,73,73,0
1786402633442,15000,die0,15000,15000,1,-1,73,73,0
1786402633542,15000,die0,15000,15000,1,-1,73,73,0
1786402633642,15000,die0,15000,15000,1,-1,73,73,0
1786402633742,15000,die0,15000,15000,1,-1,73,73,0
1786402633842,15000,die0,15000,15000,1,-1,72.9375,72.9375,0
1786402633942,15000,die0,15000,15000,1,-1,72.9375,72.9375,0
1786402634042,15000,die0,15000,15000,1,-1,72.9375,72.9375,0
1786402634142,15000,die0,15000,15000,1,-1,72.9375,72.9375,0
1786402634242,15000,die0,15000,15000,1,-1,72.9375,72.9375,0
1786402634342,15000,die0,15000,15000,1,-1,72.9375,72.9375,0
1786402634442,15000,die0,15000,15000,1,-1,72.9375,72.9375,0
1786402634542,15000,die0,15000,15000,1,-1,72.9375,72.9375,0
1786402634642,15000,die0,15000,15000,1,-1,72.9375,72.9375,0
1786402634742,15000,die0,15000,15000,1,-1,72.9375,72.9375,0
1786402634842,15000,die0,15000,15000,1,-1,72.9375,72.9375,0
1786402634942,15000,die0,15000,15000,1,-1,72.9375,72.9375,0
1786402635042,15000,die0,15000,15000,1,-1,72.9375,72.9375,0
1786402635143,15000,die0,15000,15000,1,-1,72.9375,72.9375,0
1786402635246,15000,die0,15000,15000,1,-1,72.9375,72.9375,0
1786402635342,15000,die0,15000,15000,1,-1,72.9375,72.9375,0
1786402635442,15000,die0,15000,15000,1,-1,72.9375,72.9375,0
1786402635542,15000,die0,15000,15000,1,-1,72.9375,72.9375,0
1786402635643,15000,die0,15000,15000,1,-1,72.9375,72.9375,0
1786402635742,15000,die0,15000,15000,1,-1,72.9375,72.9375,0
1786402635842,15000,die0,15000,15000,1,-1,73,73,0
1786402635942,15000,die0,15000,15000,1,-1,73,73,0
1786402636042,15000,die0,15000,15000,1,-1,73,73,0
1786402636142,15000,die0,15000,15000,1,-1,73,73,0
1786402636242,15000,die0,15000,15000,1,-1,73,73,0
1786402636343,15000,die0,15000,15000,1,-1,73,73,0
1786402636442,15000,die0,15000,15000,1,-1,73,73,0
1786402636542,15000,die0,15000,15000,1,-1,73,73,0
1786402636642,15000,die0,15000,15000,1,-1,73,73,0
1786402636742,15000,die0,15000,15000,1,-1,73,73,0
1786402636842,15000,die0,15000,15000,1,-1,72.9375,72.9375,0
1786402636942,15000,die0,15000,15000,1,-1,72.9375,72.9375,0
1786402637042,15000,die0,15000,15000,1,-1,72.9375,72.9375,0
1786402637142,15000,die0,15000,15000,1,-1,72.9375,72.9375,0
1786402637242,15000,die0,15000,15000,1,-1,72.9375,72.9375,0
1786402637342,15000,die0,15000,15000,1,-1,72.9375,72.9375,0
1786402637442,15000,die0,15000,15000,1,-1,72.9375,72.9375,0
1786402637542,15000,die0,15000,15000,1,-1,72.9375,72.9375,0
1786402637642,15000,die0,15000,15000,1,-1,72.9375,72.9375,0
1786402637742,15000,die0,15000,15000,1,-1,72.9375,72.9375,0
1786402637842,15000,die0,15000,15000,1,-1,73,73,0
1786402637942,15000,die0,15000,15000,1,-1,73,73,0
1786402638042,15000,die0,15000,15000,1,-1,73,73,0
1786402638142,15000,die0,15000,15000,1,-1,73,73,0
1786402638242,15000,die0,15000,15000,1,-1,73,73,0
1786402638342,15000,die0,15000,15000,1,-1,73,73,0
1786402638442,15000,die0,15000,15000,1,-1,73,73,0
1786402638542,15000,die0,15000,15000,1,-1,73,73,0
1786402638642,15000,die0,15000,15000,1,-1,73,73,0
1786402638742,15000,die0,15000,15000,1,-1,73,73,0
1786402638842,15000,die0,15000,15000,1,-1,72.9375,72.9375,0
1786402638942,15000,die0,15000,15000,1,-1,72.9375,72.9375,0
1786402639042,15000,die0,15000,15000,1,-1,72.9375,72.9375,0
1786402639142,15000,die0,15000,15000,1,-1,72.9375,72.9375,0
1786402639242,15000,die0,15000,15000,1,-1,72.9375,72.9375,0
1786402639342,15000,die0,15000,15000,1,-1,72.9375,72.9375,0
1786402639442,15000,die0,15000,15000,1,-1,72.9375,72.9375,0
1786402639542,15000,die0,15000,15000,1,-1,72.9375,72.9375,0
1786402639642,15000,die0,15000,15000,1,-1,72.9375,72.9375,0
1786402639742,15000,die0,15000,15000,1,-1,72.9375,72.9375,0
1786402639842,15000,die0,15000,15000,1,-1,73,73,0
1786402639942,15000,die0,15000,15000,1,-1,73,73,0
1786402640042,15000,die0,15000,15000,1,-1,73,73,0
1786402640142,15000,die0,15000,15000,1,-1,73,73,0
1786402640242,15000,die0,15000,15000,1,-1,73,73,0
1786402640342,15000,die0,15000,15000,1,-1,73,73,0
1786402640442,15000,die0,15000,15000,1,-1,73,73,0
1786402640542,15000,die0,15000,15000,1,-1,73,73,0
1786402640642,15000,die0,15000,15000,1,-1,73,73,0
1786402640746,15000,die0,15000,15000,1,-1,73,73,0
1786402640842,15000,die0,15000,15000,1,-1,72.875,72.875,0
1786402640942,15000,die0,15000,15000,1,-1,72.875,72.875,0
1786402641042,15000,die0,15000,15000,1,-1,72.875,72.875,0
1786402641142,15000,die0,15000,15000,1,-1,72.875,72.875,0
1786402641242,15000,die0,15000,15000,1,-1,72.875,72.875,0
1786402641342,15000,die0,15000,15000,1,-1,72.875,72.875,0
1786402641442,15000,die0,15000,15000,1,-1,72.875,72.875,0
1786402641542,15000,die0,15000,15000,1,-1,72.875,72.875,0
1786402641642,15000,die0,15000,15000,1,-1,72.875,72.875,0
1786402641742,15000,die0,15000,15000,1,-1,72.875,72.875,0
1786402641842,15000,die0,15000,15000,1,-1,72.9375,72.9375,0
1786402641942,15000,die0,15000,15000,1,-1,72.9375,72.9375,0
1786402642042,15000,die0,15000,15000,1,-1,72.9375,72.9375,0
1786402642142,15000,die0,15000,15000,1,-1,72.9375,72.9375,0
1786402642244,15000,die0,15000,15000,1,-1,72.9375,72.9375,0
1786402642342,15000,die0,15000,15000,1,-1,72.9375,72.9375,0
1786402642442,15000,die0,15000,15000,1,-1,72.9375,72.9375,0
1786402642542,15000,die0,15000,15000,1,-1,72.9375,72.9375,0
1786402642642,15000,die0,15000,15000,1,-1,72.9375,72.9375,0
1786402642742,15000,die0,15000,15000,1,-1,72.9375,72.9375,0
1786402642842,15000,die0,15000,15000,1,-1,73.0625,73.0625,0
1786402642942,15000,die0,15000,15000,1,-1,73.0625,73.0625,0
1786402643042,15000,die0,15000,15000,1,-1,73.0625,73.0625,0
1786402643142,15000,die0,15000,15000,1,-1,73.0625,73.0625,0
1786402643242,15000,die0,15000,15000,1,-1,73.0625,73.0625,0
1786402643342,15000,die0,15000,15000,1,-1,73.0625,73.0625,0
1786402643442,15000,die0,15000,15000,1,-1,73.0625,73.0625,0
1786402643542,15000,die0,15000,15000,1,-1,73.0625,73.0625,0
1786402643642,15000,die0,15000,15000,1,-1,73.0625,73.0625,0
1786402643742,15000,die0,15000,15000,1,-1,73.0625,73.0625,0
1786402643842,15000,die0,15000,15000,1,-1,73,73,0
1786402643942,15000,die0,15000,15000,1,-1,73,73,0
1786402644042,15000,die0,15000,15000,1,-1,73,73,0
1786402644142,15000,die0,15000,15000,1,-1,73,73,0
1786402644242,15000,die0,15000,15000,1,-1,73,73,0
1786402644342,15000,die0,15000,15000,1,-1,73,73,0
1786402644442,15000,die0,15000,15000,1,-1,73,73,0
1786402644542,15000,die0,15000,15000,1,-1,73,73,0
1786402644642,15000,die0,15000,15000,1,-1,73,73,0
1786402644743,15000,die0,15000,15000,1,-1,73,73,0
1786402644843,15000,die0,15000,15000,1,-1,73.0625,73.0625,0
1786402644942,15000,die0,15000,15000,1,-1,73.0625,73.0625,0
1786402645042,15000,die0,15000,15000,1,-1,73.0625,73.0625,0
1786402645142,15000,die0,15000,15000,1,-1,73.0625,73.0625,0
1786402645242,15000,die0,15000,15000,1,-1,73.0625,73.0625,0
1786402645342,15000,die0,15000,15000,1,-1,73.0625,73.0625,0
1786402645442,15000,die0,15000,15000,1,-1,73.0625,73.0625,0
1786402645542,15000,die0,15000,15000,1,-1,73.0625,73.0625,0
1786402645642,15000,die0,15000,15000,1,-1,73.0625,73.0625,0
1786402645742,15000,die0,15000,15000,1,-1,73.0625,73.0625,0
1786402645842,15000,die0,15000,15000,1,-1,73.125,73.125,0
1786402645942,15000,die0,15000,15000,1,-1,73.125,73.125,0
1786402646042,15000,die0,15000,15000,1,-1,73.125,73.125,0
1786402646142,15000,die0,15000,15000,1,-1,73.125,73.125,0
1786402646242,15000,die0,15000,15000,1,-1,73.125,73.125,0
1786402646342,15000,die0,15000,15000,1,-1,73.125,73.125,0
1786402646442,15000,die0,15000,15000,1,-1,73.125,73.125,0
1786402646542,15000,die0,15000,15000,1,-1,73.125,73.125,0
1786402646642,15000,die0,15000,15000,1,-1,73.125,73.125,0
1786402646742,15000,die0,15000,15000,1,-1,73.125,73.125,0
1786402646842,15000,die0,15000,15000,1,-1,72.9375,72.9375,0
1786402646942,15000,die0,15000,15000,1,-1,72.9375,72.9375,0
1786402647043,15000,die0,15000,15000,1,-1,72.9375,72.9375,0
1786402647142,15000,die0,15000,15000,1,-1,72.9375,72.9375,0
1786402647242,15000,die0,15000,15000,1,-1,72.9375,72.9375,0
1786402647342,15000,die0,15000,15000,1,-1,72.9375,72.9375,0
1786402647442,15000,die0,15000,15000,1,-1,72.9375,72.9375,0
1786402647542,15000,die0,15000,15000,1,-1,72.9375,72.9375,0
1786402647642,15000,die0,15000,15000,1,-1,72.9375,72.9375,0
1786402647742,15000,die0,15000,15000,1,-1,72.9375,72.9375,0
1786402647842,15000,die0,15000,15000,1,-1,73.0625,73.0625,0
1786402647942,15000,die0,15000,15000,1,-1,73.0625,73.0625,0
1786402648042,15000,die0,15000,15000,1,-1,73.0625,73.0625,0
1786402648142,15000,die0,15000,15000,1,-1,73.0625,73.0625,0
1786402648242,15000,die0,15000,15000,1,-1,73.0625,73.0625,0
1786402648342,15000,die0,15000,15000,1,-1,73.0625,73.0625,0
1786402648442,15000,die0,15000,15000,1,-1,73.0625,73.0625,0
1786402648542,15000,die0,15000,15000,1,-1,73.0625,73.0625,0
1786402648642,15000,die0,15000,15000,1,-1,73.0625,73.0625,0
1786402648742,15000,die0,15000,15000,1,-1,73.0625,73.0625,0
1786402648843,15000,die0,15000,15000,1,-1,73,73,0
1786402648942,15000,die0,15000,15000,1,-1,73,73,0
1786402649042,15000,die0,15000,15000,1,-1,73,73,0
1786402649142,15000,die0,15000,15000,1,-1,73,73,0
1786402649242,15000,die0,15000,15000,1,-1,73,73,0
1786402649342,15000,die0,15000,15000,1,-1,73,73,0
1786402649442,15000,die0,15000,15000,1,-1,73,73,0
1786402649542,15000,die0,15000,15000,1,-1,73,73,0
1786402649642,15000,die0,15000,15000,1,-1,73,73,0
1786402649743,15000,die0,15000,15000,1,-1,73,73,0
1786402649842,15000,die0,15000,15000,1,-1,73.0625,73.0625,0
1786402649942,15000,die0,15000,15000,1,-1,73.0625,73.0625,0
1786402650042,15000,die0,15000,15000,1,-1,73.0625,73.0625,0
1786402650142,15000,die0,15000,15000,1,-1,73.0625,73.0625,0
1786402650242,15000,die0,15000,15000,1,-1,73.0625,73.0625,0
1786402650342,15000,die0,15000,15000,1,-1,73.0625,73.0625,0
1786402650442,15000,die0,15000,15000,1,-1,73.0625,73.0625,0
1786402650542,15000,die0,15000,15000,1,-1,73.0625,73.0625,0
1786402650642,15000,die0,15000,15000,1,-1,73.0625,73.0625,0
1786402650742,15000,die0,15000,15000,1,-1,73.0625,73.0625,0
1786402650842,15000,die0,15000,15000,1,-1,73.0625,73.0625,0
1786402650942,15000,die0,15000,15000,1,-1,73.0625,73.0625,0
1786402651042,15000,die0,15000,15000,1,-1,73.0625,73.0625,0
1786402651142,15000,die0,15000,15000,1,-1,73.0625,73.0625,0
1786402651242,15000,die0,15000,15000,1,-1,73.0625,73.0625,0
1786402651342,15000,die0,15000,15000,1,-1,73.0625,73.0625,0
1786402651442,15000,die0,15000,15000,1,-1,73.0625,73.0625,0
1786402651542,15000,die0,15000,15000,1,-1,73.0625,73.0625,0
1786402651642,15000,die0,15000,15000,1,-1,73.0625,73.0625,0
1786402651742,15000,die0,15000,15000,1,-1,73.0625,73.0625,0
1786402651843,15000,die0,15000,15000,1,-1,73,73,0
1786402651942,15000,die0,15000,15000,1,-1,73,73,0
1786402652042,15000,die0,15000,15000,1,-1,73,73,0
1786402652142,15000,die0,15000,15000,1,-1,73,73,0
1786402652242,15000,die0,15000,15000,1,-1,73,73,0
1786402652342,15000,die0,15000,15000,1,-1,73,73,0
1786402652442,15000,die0,15000,15000,1,-1,73,73,0
1786402652542,15000,die0,15000,15000,1,-1,73,73,0
1786402652642,15000,die0,15000,15000,1,-1,73,73,0
1786402652742,15000,die0,15000,15000,1,-1,73,73,0
1786402652842,15000,die0,15000,15000,1,-1,73.0625,73.0625,0
1786402652942,15000,die0,15000,15000,1,-1,73.0625,73.0625,0
1786402653042,15000,die0,15000,15000,1,-1,73.0625,73.0625,0
1786402653142,15000,die0,15000,15000,1,-1,73.0625,73.0625,0
1786402653243,15000,die0,15000,15000,1,-1,73.0625,73.0625,0
1786402653343,15000,die0,15000,15000,1,-1,73.0625,73.0625,0
1786402653442,15000,die0,15000,15000,1,-1,73.0625,73.0625,0
1786402653542,15000,die0,15000,15000,1,-1,73.0625,73.0625,0
1786402653642,15000,die0,15000,15000,1,-1,73.0625,73.0625,0
1786402653742,15000,die0,15000,15000,1,-1,73.0625,73.0625,0
1786402653843,15000,die0,15000,15000,1,-1,73.0625,73.0625,0
1786402653942,15000,die0,15000,15000,1,-1,73.0625,73.0625,0
1786402654042,15000,die0,15000,15000,1,-1,73.0625,73.0625,0
1786402654142,15000,die0,15000,15000,1,-1,73.0625,73.0625,0
1786402654242,15000,die0,15000,15000,1,-1,73.0625,73.0625,0
1786402654342,15000,die0,15000,15000,1,-1,73.0625,73.0625,0
1786402654442,15000,die0,15000,15000,1,-1,73.0625,73.0625,0
1786402654542,15000,die0,15000,15000,1,-1,73.0625,73.0625,0
1786402654642,15000,die0,15000,15000,1,-1,73.0625,73.0625,0
1786402654742,15000,die0,15000,15000,1,-1,73.0625,73.0625,0
1786402654842,15000,die0,15000,15000,1,-1,72.9375,72.9375,0
1786402654942,15000,die0,15000,15000,1,-1,72.9375,72.9375,0
1786402655042,15000,die0,15000,15000,1,-1,72.9375,72.9375,0
1786402655142,15000,die0,15000,15000,1,-1,72.9375,72.9375,0
1786402655242,15000,die0,15000,15000,1,-1,72.9375,72.9375,0
1786402655342,15000,die0,15000,15000,1,-1,72.9375,72.9375,0
1786402655442,15000,die0,15000,15000,1,-1,72.9375,72.9375,0
1786402655542,15000,die0,15000,15000,1,-1,72.9375,72.9375,0
1786402655642,15000,die0,15000,15000,1,-1,72.9375,72.9375,0
1786402655742,15000,die0,15000,15000,1,-1,72.9375,72.9375,0
1786402655842,15000,die0,15000,15000,1,-1,73.125,73.125,0
1786402655942,15000,die0,15000,15000,1,-1,73.125,73.125,0
1786402656042,15000,die0,15000,15000,1,-1,73.125,73.125,0
1786402656142,15000,die0,15000,15000,1,-1,73.125,73.125,0
1786402656242,15000,die0,15000,15000,1,-1,73.125,73.125,0
1786402656343,15000,die0,15000,15000,1,-1,73.125,73.125,0
1786402656442,15000,die0,15000,15000,1,-1,73.125,73.125,0
1786402656542,15000,die0,15000,15000,1,-1,73.125,73.125,0
1786402656642,15000,die0,15000,15000,1,-1,73.125,73.125,0
1786402656742,15000,die0,15000,15000,1,-1,73.125,73.125,0
1786402656842,15000,die0,15000,15000,1,-1,72.9375,72.9375,0
1786402656942,15000,die0,15000,15000,1,-1,72.9375,72.9375,0
1786402657042,15000,die0,15000,15000,1,-1,72.9375,72.9375,0
1786402657142,15000,die0,15000,15000,1,-1,72.9375,72.9375,0
1786402657242,15000,die0,15000,15000,1,-1,72.9375,72.9375,0
1786402657342,15000,die0,15000,15000,1,-1,72.9375,72.9375,0
1786402657442,15000,die0,15000,15000,1,-1,72.9375,72.9375,0
1786402657542,15000,die0,15000,15000,1,-1,72.9375,72.9375,0
1786402657642,15000,die0,15000,15000,1,-1,72.9375,72.9375,0
1786402657742,15000,die0,15000,15000,1,-1,72.9375,72.9375,0
1786402657843,15000,die0,15000,15000,1,-1,73.0625,73.0625,0
1786402657942,15000,die0,15000,15000,1,-1,73.0625,73.0625,0
1786402658042,15000,die0,15000,15000,1,-1,73.0625,73.0625,0
1786402658142,15000,die0,15000,15000,1,-1,73.0625,73.0625,0
1786402658242,15000,die0,15000,15000,1,-1,73.0625,73.0625,0
1786402658342,15000,die0,15000,15000,1,-1,73.0625,73.0625,0
1786402658442,15000,die0,15000,15000,1,-1,73.0625,73.0625,0
1786402658542,15000,die0,15000,15000,1,-1,73.0625,73.0625,0
1786402658642,15000,die0,15000,15000,1,-1,73.0625,73.0625,0
1786402658742,15000,die0,15000,15000,1,-1,73.0625,73.0625,0
1786402658842,15000,die0,15000,15000,1,-1,73,73,0
1786402658942,15000,die0,15000,15000,1,-1,73,73,0
1786402659042,15000,die0,15000,15000,1,-1,73,73,0
1786402659142,15000,die0,15000,15000,1,-1,73,73,0
1786402659242,15000,die0,15000,15000,1,-1,73,73,0
1786402659342,15000,die0,15000,15000,1,-1,73,73,0
1786402659442,15000,die0,15000,15000,1,-1,73,73,0
1786402659542,15000,die0,15000,15000,1,-1,73,73,0
1786402659642,15000,die0,15000,15000,1,-1,73,73,0
1786402659742,15000,die0,15000,15000,1,-1,73,73,0
1786402659842,15000,die0,15000,15000,1,-1,72.9375,72.9375,0
1786402659942,15000,die0,15000,15000,1,-1,72.9375,72.9375,0
1786402660042,15000,die0,15000,15000,1,-1,72.9375,72.9375,0
1786402660142,15000,die0,15000,15000,1,-1,72.9375,72.9375,0
1786402660242,15000,die0,15000,15000,1,-1,72.9375,72.9375,0
1786402660342,15000,die0,15000,15000,1,-1,72.9375,72.9375,0
1786402660442,15000,die0,15000,15000,1,-1,72.9375,72.9375,0
1786402660542,15000,die0,15000,15000,1,-1,72.9375,72.9375,0
1786402660642,15000,die0,15000,15000,1,-1,72.9375,72.9375,0
1786402660742,15000,die0,15000,15000,1,-1,72.9375,72.9375,0
1786402660842,15000,die0,15000,15000,1,-1,73,73,0
1786402660942,15000,die0,15000,15000,1,-1,73,73,0
1786402661042,15000,die0,15000,15000,1,-1,73,73,0
1786402661142,15000,die0,15000,15000,1,-1,73,73,0
1786402661242,15000,die0,15000,15000,1,-1,73,73,0
1786402661342,15000,die0,15000,15000,1,-1,73,73,0
1786402661442,15000,die0,15000,15000,1,-1,73,73,0
1786402661542,15000,die0,15000,15000,1,-1,73,73,0
1786402661642,15000,die0,15000,15000,1,-1,73,73,0
1786402661742,15000,die0,15000,15000,1,-1,73,73,0
1786402661842,15000,die0,15000,15000,1,-1,73,73,0
1786402661942,15000,die0,15000,15000,1,-1,73,73,0
1786402662042,15000,die0,15000,15000,1,-1,73,73,0
1786402662142,15000,die0,15000,15000,1,-1,73,73,0
1786402662242,15000,die0,15000,15000,1,-1,73,73,0
1786402662342,15000,die0,15000,15000,1,-1,73,73,0
1786402662442,15000,die0,15000,15000,1,-1,73,73,0
1786402662542,15000,die0,15000,15000,1,-1,73,73,0
1786402662642,15000,die0,15000,15000,1,-1,73,73,0
1786402662742,15000,die0,15000,15000,1,-1,73,73,0
1786402662842,15000,die0,15000,15000,1,-1,73.0625,73.0625,0
1786402662942,15000,die0,15000,15000,1,-1,73.0625,73.0625,0
1786402663042,15000,die0,15000,15000,1,-1,73.0625,73.0625,0
1786402663142,15000,die0,15000,15000,1,-1,73.0625,73.0625,0
1786402663242,15000,die0,15000,15000,1,-1,73.0625,73.0625,0
1786402663342,15000,die0,15000,15000,1,-1,73.0625,73.0625,0
1786402663442,15000,die0,15000,15000,1,-1,73.0625,73.0625,0
1786402663542,15000,die0,15000,15000,1,-1,73.0625,73.0625,0
1786402663642,15000,die0,15000,15000,1,-1,73.0625,73.0625,0
1786402663742,15000,die0,15000,15000,1,-1,73.0625,73.0625,0
1786402663842,15000,die0,15000,15000,1,-1,73,73,0
1786402663942,15000,die0,15000,15000,1,-1,73,73,0
1786402664042,15000,die0,15000,15000,1,-1,73,73,0
1786402664142,15000,die0,15000,15000,1,-1,73,73,0
1786402664242,15000,die0,15000,15000,1,-1,73,73,0
1786402664342,15000,die0,15000,15000,1,-1,73,73,0
1786402664442,15000,die0,15000,15000,1,-1,73,73,0
1786402664542,15000,die0,15000,15000,1,-1,73,73,0
1786402664642,15000,die0,15000,15000,1,-1,73,73,0
1786402664742,15000,die0,15000,15000,1,-1,73,73,0
1786402664842,15000,die0,15000,15000,1,-1,73,73,0
1786402664942,15000,die0,15000,15000,1,-1,73,73,0
1786402665042,15000,die0,15000,15000,1,-1,73,73,0
1786402665142,15000,die0,15000,15000,1,-1,73,73,0
1786402665242,15000,die0,15000,15000,1,-1,73,73,0
1786402665342,15000,die0,15000,15000,1,-1,73,73,0
1786402665442,15000,die0,15000,15000,1,-1,73,73,0
1786402665542,15000,die0,15000,15000,1,-1,73,73,0
1786402665642,15000,die0,15000,15000,1,-1,73,73,0
1786402665746,15000,die0,15000,15000,1,-1,73,73,0
1786402665842,15000,die0,15000,15000,1,-1,72.9375,72.9375,0
1786402665942,15000,die0,15000,15000,1,-1,72.9375,72.9375,0
1786402666042,15000,die0,15000,15000,1,-1,72.9375,72.9375,0
1786402666142,15000,die0,15000,15000,1,-1,72.9375,72.9375,0
1786402666242,15000,die0,15000,15000,1,-1,72.9375,72.9375,0
1786402666342,15000,die0,15000,15000,1,-1,72.9375,72.9375,0
1786402666442,15000,die0,15000,15000,1,-1,72.9375,72.9375,0
1786402666542,15000,die0,15000,15000,1,-1,72.9375,72.9375,0
1786402666642,15000,die0,15000,15000,1,-1,72.9375,72.9375,0
1786402666743,15000,die0,15000,15000,1,-1,72.9375,72.9375,0
1786402666842,15000,die0,15000,15000,1,-1,72.9375,72.9375,0
1786402666942,15000,die0,15000,15000,1,-1,72.9375,72.9375,0
1786402667042,15000,die0,15000,15000,1,-1,72.9375,72.9375,0
1786402667142,15000,die0,15000,15000,1,-1,72.9375,72.9375,0
1786402667246,15000,die0,15000,15000,1,-1,72.9375,72.9375,0
1786402667342,15000,die0,15000,15000,1,-1,72.9375,72.9375,0
1786402667442,15000,die0,15000,15000,1,-1,72.9375,72.9375,0
1786402667542,15000,die0,15000,15000,1,-1,72.9375,72.9375,0
1786402667642,15000,die0,15000,15000,1,-1,72.9375,72.9375,0
1786402667742,15000,die0,15000,15000,1,-1,72.9375,72.9375,0
1786402667842,15000,die0,15000,15000,1,-1,73,73,0
1786402667942,15000,die0,15000,15000,1,-1,73,73,0
1786402668042,15000,die0,15000,15000,1,-1,73,73,0
1786402668142,15000,die0,15000,15000,1,-1,73,73,0
1786402668242,15000,die0,15000,15000,1,-1,73,73,0
1786402668342,15000,die0,15000,15000,1,-1,73,73,0
1786402668442,15000,die0,15000,15000,1,-1,73,73,0
1786402668542,15000,die0,15000,15000,1,-1,73,73,0
1786402668642,15000,die0,15000,15000,1,-1,73,73,0
1786402668742,15000,die0,15000,15000,1,-1,73,73,0
1786402668842,15000,die0,15000,15000,1,-1,72.9375,72.9375,0
1786402668942,15000,die0,15000,15000,1,-1,72.9375,72.9375,0
1786402669042,15000,die0,15000,15000,1,-1,72.9375,72.9375,0
1786402669142,15000,die0,15000,15000,1,-1,72.9375,72.9375,0
1786402669242,15000,die0,15000,15000,1,-1,72.9375,72.9375,0
1786402669342,15000,die0,15000,15000,1,-1,72.9375,72.9375,0
1786402669442,15000,die0,15000,15000,1,-1,72.9375,72.9375,0
1786402669542,15000,die0,15000,15000,1,-1,72.9375,72.9375,0
1786402669642,15000,die0,15000,15000,1,-1,72.9375,72.9375,0
1786402669742,15000,die0,15000,15000,1,-1,72.9375,72.9375,0
1786402669842,15000,die0,15000,15000,1,-1,72.9375,72.9375,0
1786402669942,15000,die0,15000,15000,1,-1,72.9375,72.9375,0
1786402670042,15000,die0,15000,15000,1,-1,72.9375,72.9375,0
1786402670142,15000,die0,15000,15000,1,-1,72.9375,72.9375,0
1786402670242,15000,die0,15000,15000,1,-1,72.9375,72.9375,0
1786402670342,15000,die0,15000,15000,1,-1,72.9375,72.9375,0
1786402670442,15000,die0,15000,15000,1,-1,72.9375,72.9375,0
1786402670542,15000,die0,15000,15000,1,-1,72.9375,72.9375,0
1786402670642,15000,die0,15000,15000,1,-1,72.9375,72.9375,0
1786402670742,15000,die0,15000,15000,1,-1,72.9375,72.9375,0
1786402670842,15000,die0,15000,15000,1,-1,73,73,0
1786402670942,15000,die0,15000,15000,1,-1,73,73,0
1786402671042,15000,die0,15000,15000,1,-1,73,73,0
1786402671142,15000,die0,15000,15000,1,-1,73,73,0
1786402671242,15000,die0,15000,15000,1,-1,73,73,0
1786402671342,15000,die0,15000,15000,1,-1,73,73,0
1786402671442,15000,die0,15000,15000,1,-1,73,73,0
1786402671542,15000,die0,15000,15000,1,-1,73,73,0
1786402671642,15000,die0,15000,15000,1,-1,73,73,0
1786402671742,15000,die0,15000,15000,1,-1,73,73,0
1786402671842,15000,die0,15000,15000,1,-1,73.0625,73.0625,0
1786402671942,15000,die0,15000,15000,1,-1,73.0625,73.0625,0
1786402672042,15000,die0,15000,15000,1,-1,73.0625,73.0625,0
1786402672142,15000,die0,15000,15000,1,-1,73.0625,73.0625,0
1786402672242,15000,die0,15000,15000,1,-1,73.0625,73.0625,0
1786402672342,15000,die0,15000,15000,1,-1,73.0625,73.0625,0
1786402672442,15000,die0,15000,15000,1,-1,73.0625,73.0625,0
1786402672542,15000,die0,15000,15000,1,-1,73.0625,73.0625,0
1786402672642,15000,die0,15000,15000,1,-1,73.0625,73.0625,0
1786402672742,15000,die0,15000,15000,1,-1,73.0625,73.0625,0
1786402672842,15000,die0,15000,15000,1,-1,72.9375,72.9375,0
1786402672942,15000,die0,15000,15000,1,-1,72.9375,72.9375,0
1786402673042,15000,die0,15000,15000,1,-1,72.9375,72.9375,0
1786402673143,15000,die0,15000,15000,1,-1,72.9375,72.9375,0
1786402673243,15000,die0,15000,15000,1,-1,72.9375,72.9375,0
1786402673342,15000,die0,15000,15000,1,-1,72.9375,72.9375,0
1786402673442,15000,die0,15000,15000,1,-1,72.9375,72.9375,0
1786402673542,15000,die0,15000,15000,1,-1,72.9375,72.9375,0
1786402673642,15000,die0,15000,15000,1,-1,72.9375,72.9375,0
1786402673742,15000,die0,15000,15000,1,-1,72.9375,72.9375,0
1786402673842,15000,die0,15000,15000,1,-1,72.9375,72.9375,0
1786402673942,15000,die0,15000,15000,1,-1,72.9375,72.9375,0
1786402674042,15000,die0,15000,15000,1,-1,72.9375,72.9375,0
1786402674142,15000,die0,15000,15000,1,-1,72.9375,72.9375,0
1786402674242,15000,die0,15000,15000,1,-1,72.9375,72.9375,0
1786402674343,15000,die0,15000,15000,1,-1,72.9375,72.9375,0
1786402674442,15000,die0,15000,15000,1,-1,72.9375,72.9375,0
1786402674542,15000,die0,15000,15000,1,-1,72.9375,72.9375,0
1786402674642,15000,die0,15000,15000,1,-1,72.9375,72.9375,0
1786402674742,15000,die0,15000,15000,1,-1,72.9375,72.9375,0
1786402674842,15000,die0,15000,15000,1,-1,73,73,0
1786402674942,15000,die0,15000,15000,1,-1,73,73,0
1786402675042,15000,die0,15000,15000,1,-1,73,73,0
1786402675142,15000,die0,15000,15000,1,-1,73,73,0
1786402675242,15000,die0,15000,15000,1,-1,73,73,0
1786402675342,15000,die0,15000,15000,1,-1,73,73,0
1786402675442,15000,die0,15000,15000,1,-1,73,73,0
1786402675542,15000,die0,15000,15000,1,-1,73,73,0
1786402675642,15000,die0,15000,15000,1,-1,73,73,0
1786402675742,15000,die0,15000,15000,1,-1,73,73,0
1786402675842,15000,die0,15000,15000,1,-1,72.875,72.875,0
1786402675942,15000,die0,15000,15000,1,-1,72.875,72.875,0
1786402676042,15000,die0,15000,15000,1,-1,72.875,72.875,0
1786402676142,15000,die0,15000,15000,1,-1,72.875,72.875,0
1786402676242,15000,die0,15000,15000,1,-1,72.875,72.875,0
1786402676342,15000,die0,15000,15000,1,-1,72.875,72.875,0
1786402676442,15000,die0,15000,15000,1,-1,72.875,72.875,0
1786402676542,15000,die0,15000,15000,1,-1,72.875,72.875,0
1786402676642,15000,die0,15000,15000,1,-1,72.875,72.875,0
1786402676742,15000,die0,15000,15000,1,-1,72.875,72.875,0
1786402676842,15000,die0,15000,15000,1,-1,72.625,72.625,0
1786402676942,15000,die0,15000,15000,1,-1,72.625,72.625,0
1786402677042,15000,die0,15000,15000,1,-1,72.625,72.625,0
1786402677142,15000,die0,15000,15000,1,-1,72.625,72.625,0
1786402677242,15000,die0,15000,15000,1,-1,72.625,72.625,0
1786402677342,15000,die0,15000,15000,1,-1,72.625,72.625,0
1786402677442,15000,die0,15000,15000,1,-1,72.625,72.625,0
1786402677542,15000,die0,15000,15000,1,-1,72.625,72.625,0
1786402677643,15000,die0,15000,15000,1,-1,72.625,72.625,0
1786402677742,15000,die0,15000,15000,1,-1,72.625,72.625,0
1786402677843,15000,die0,15000,15000,1,-1,72.25,72.25,0
1786402677942,15000,die0,15000,15000,1,-1,72.25,72.25,0
1786402678042,15000,die0,15000,15000,1,-1,72.25,72.25,0
1786402678142,15000,die0,15000,15000,1,-1,72.25,72.25,0
1786402678242,15000,die0,15000,15000,1,-1,72.25,72.25,0
1786402678342,15000,die0,15000,15000,1,-1,72.25,72.25,0
1786402678442,15000,die0,15000,15000,1,-1,72.25,72.25,0
1786402678542,15000,die0,15000,15000,1,-1,72.25,72.25,0
1786402678642,15000,die0,15000,15000,1,-1,72.25,72.25,0
1786402678742,15000,die0,15000,15000,1,-1,72.25,72.25,0
1786402678842,15000,die0,15000,15000,1,-1,71.8125,71.8125,0
1786402678942,15000,die0,15000,15000,1,-1,71.8125,71.8125,0
1786402679042,15000,die0,15000,15000,1,-1,71.8125,71.8125,0
1786402679142,15000,die0,15000,15000,1,-1,71.8125,71.8125,0
1786402679242,15000,die0,15000,15000,1,-1,71.8125,71.8125,0
1786402679342,15000,die0,15000,15000,1,-1,71.8125,71.8125,0
1786402679442,15000,die0,15000,15000,1,-1,71.8125,71.8125,0
1786402679543,15000,die0,15000,15000,1,-1,71.8125,71.8125,0
1786402679642,15000,die0,15000,15000,1,-1,71.8125,71.8125,0
1786402679742,15000,die0,15000,15000,1,-1,71.8125,71.8125,0
1786402679842,15000,die0,15000,15000,1,-1,71.1875,71.1875,0
1786402679942,15000,die0,15000,15000,1,-1,71.1875,71.1875,0
1786402680042,15000,die0,15000,15000,1,-1,71.1875,71.1875,0
1786402680142,15000,die0,15000,15000,1,-1,71.1875,71.1875,0
1786402680242,15000,die0,15000,15000,1,-1,71.1875,71.1875,0
1786402680342,15000,die0,15000,15000,1,-1,71.1875,71.1875,0
1786402680442,15000,die0,15000,15000,1,-1,71.1875,71.1875,0
1786402680542,15000,die0,15000,15000,1,-1,71.1875,71.1875,0
1786402680642,15000,die0,15000,15000,1,-1,71.1875,71.1875,0
1786402680742,15000,die0,15000,15000,1,-1,71.1875,71.1875,0
1786402680846,15000,die0,15000,15000,1,-1,70.8125,70.8125,0
1786402680942,15000,die0,15000,15000,1,-1,70.8125,70.8125,0
1786402681042,15000,die0,15000,15000,1,-1,70.8125,70.8125,0
1786402681142,15000,die0,15000,15000,1,-1,70.8125,70.8125,0
1786402681242,15000,die0,15000,15000,1,-1,70.8125,70.8125,0
1786402681342,15000,die0,15000,15000,1,-1,70.8125,70.8125,0
1786402681446,15000,die0,15000,15000,1,-1,70.8125,70.8125,0
1786402681542,15000,die0,15000,15000,1,-1,70.8125,70.8125,0
1786402681642,15000,die0,15000,15000,1,-1,70.8125,70.8125,0
1786402681742,15000,die0,15000,15000,1,-1,70.8125,70.8125,0
1786402681842,15000,die0,15000,15000,1,-1,70.125,70.125,0
1786402681942,15000,die0,15000,15000,1,-1,70.125,70.125,0
1786402682042,15000,die0,15000,15000,1,-1,70.125,70.125,0
1786402682142,15000,die0,15000,15000,1,-1,70.125,70.125,0
1786402682242,15000,die0,15000,15000,1,-1,70.125,70.125,0
1786402682346,15000,die0,15000,15000,1,-1,70.125,70.125,0
1786402682442,15000,die0,15000,15000,1,-1,70.125,70.125,0
1786402682542,15000,die0,15000,15000,1,-1,70.125,70.125,0
1786402682642,15000,die0,15000,15000,1,-1,70.125,70.125,0
1786402682742,15000,die0,15000,15000,1,-1,70.125,70.125,0
1786402682842,15000,die0,15000,15000,1,-1,69.6875,69.6875,0
1786402682942,15000,die0,15000,15000,1,-1,69.6875,69.6875,0
1786402683042,15000,die0,15000,15000,1,-1,69.6875,69.6875,0
1786402683142,15000,die0,15000,15000,1,-1,69.6875,69.6875,0
1786402683242,15000,die0,15000,15000,1,-1,69.6875,69.6875,0
1786402683342,15000,die0,15000,15000,1,-1,69.6875,69.6875,0
1786402683442,15000,die0,15000,15000,1,-1,69.6875,69.6875,0
1786402683542,15000,die0,15000,15000,1,-1,69.6875,69.6875,0
1786402683642,15000,die0,15000,15000,1,-1,69.6875,69.6875,0
1786402683742,15000,die0,15000,15000,1,-1,69.6875,69.6875,0
1786402683842,15000,die0,15000,15000,1,-1,69.125,69.125,0
1786402683942,15000,die0,15000,15000,1,-1,69.125,69.125,0
1786402684042,15000,die0,15000,15000,1,-1,69.125,69.125,0
1786402684142,15000,die0,15000,15000,1,-1,69.125,69.125,0
1786402684242,15000,die0,15000,15000,1,-1,69.125,69.125,0
1786402684346,15000,die0,15000,15000,1,-1,69.125,69.125,0
1786402684442,15000,die0,15000,15000,1,-1,69.125,69.125,0
1786402684542,15000,die0,15000,15000,1,-1,69.125,69.125,0
1786402684642,15000,die0,15000,15000,1,-1,69.125,69.125,0
1786402684742,15000,die0,15000,15000,1,-1,69.125,69.125,0
1786402684842,15000,die0,15000,15000,1,-1,68.5625,68.5625,0
1786402684942,15000,die0,15000,15000,1,-1,68.5625,68.5625,0
1786402685042,15000,die0,15000,15000,1,-1,68.5625,68.5625,0
1786402685142,15000,die0,15000,15000,1,-1,68.5625,68.5625,0
1786402685242,15000,die0,15000,15000,1,-1,68.5625,68.5625,0
1786402685342,15000,die0,15000,15000,1,-1,68.5625,68.5625,0
1786402685442,15000,die0,15000,15000,1,-1,68.5625,68.5625,0
1786402685542,15000,die0,15000,15000,1,-1,68.5625,68.5625,0
1786402685642,15000,die0,15000,15000,1,-1,68.5625,68.5625,0
1786402685742,15000,die0,15000,15000,1,-1,68.5625,68.5625,0
1786402685842,15000,die0,15000,15000,1,-1,67.9375,67.9375,0
1786402685942,15000,die0,15000,15000,1,-1,67.9375,67.9375,0
1786402686042,15000,die0,15000,15000,1,-1,67.9375,67.9375,0
1786402686142,15000,die0,15000,15000,1,-1,67.9375,67.9375,0
1786402686242,15000,die0,15000,15000,1,-1,67.9375,67.9375,0
1786402686342,15000,die0,15000,15000,1,-1,67.9375,67.9375,0
1786402686442,15000,die0,15000,15000,1,-1,67.9375,67.9375,0
1786402686542,15000,die0,15000,15000,1,-1,67.9375,67.9375,0
1786402686642,15000,die0,15000,15000,1,-1,67.9375,67.9375,0
1786402686742,15000,die0,15000,15000,1,-1,67.9375,67.9375,0
1786402686843,15000,die0,15000,15000,1,-1,67.5,67.5,0
1786402686942,15000,die0,15000,15000,1,-1,67.5,67.5,0
1786402687042,15000,die0,15000,15000,1,-1,67.5,67.5,0
1786402687146,15000,die0,15000,15000,1,-1,67.5,67.5,0
1786402687242,15000,die0,15000,15000,1,-1,67.5,67.5,0
1786402687342,15000,die0,15000,15000,1,-1,67.5,67.5,0
1786402687442,15000,die0,15000,15000,1,-1,67.5,67.5,0
1786402687542,15000,die0,15000,15000,1,-1,67.5,67.5,0
1786402687642,15000,die0,15000,15000,1,-1,67.5,67.5,0
1786402687742,15000,die0,15000,15000,1,-1,67.5,67.5,0
1786402687842,15000,die0,15000,15000,1,-1,66.9375,66.9375,0
1786402687942,15000,die0,15000,15000,1,-1,66.9375,66.9375,0
1786402688042,15000,die0,15000,15000,1,-1,66.9375,66.9375,0
1786402688142,15000,die0,15000,15000,1,-1,66.9375,66.9375,0
1786402688242,15000,die0,15000,15000,1,-1,66.9375,66.9375,0
1786402688342,15000,die0,15000,15000,1,-1,66.9375,66.9375,0
1786402688442,15000,die0,15000,15000,1,-1,66.9375,66.9375,0
1786402688542,15000,die0,15000,15000,1,-1,66.9375,66.9375,0
1786402688642,15000,die0,15000,15000,1,-1,66.9375,66.9375,0
1786402688742,15000,die0,15000,15000,1,-1,66.9375,66.9375,0
1786402688842,15000,die0,15000,15000,1,-1,66.4375,66.4375,0
1786402688942,15000,die0,15000,15000,1,-1,66.4375,66.4375,0
1786402689042,15000,die0,15000,15000,1,-1,66.4375,66.4375,0
1786402689142,15000,die0,15000,15000,1,-1,66.4375,66.4375,0
1786402689242,15000,die0,15000,15000,1,-1,66.4375,66.4375,0
1786402689342,15000,die0,15000,15000,1,-1,66.4375,66.4375,0
1786402689442,15000,die0,15000,15000,1,-1,66.4375,66.4375,0
1786402689542,15000,die0,15000,15000,1,-1,66.4375,66.4375,0
1786402689642,15000,die0,15000,15000,1,-1,66.4375,66.4375,0
1786402689742,15000,die0,15000,15000,1,-1,66.4375,66.4375,0
1786402689842,15000,die0,15000,15000,1,-1,65.8125,65.8125,0
1786402689942,15000,die0,15000,15000,1,-1,65.8125,65.8125,0
1786402690042,15000,die0,15000,15000,1,-1,65.8125,65.8125,0
1786402690142,15000,die0,15000,15000,1,-1,65.8125,65.8125,0
1786402690242,15000,die0,15000,15000,1,-1,65.8125,65.8125,0
1786402690342,15000,die0,15000,15000,1,-1,65.8125,65.8125,0
1786402690442,15000,die0,15000,15000,1,-1,65.8125,65.8125,0
1786402690542,15000,die0,15000,15000,1,-1,65.8125,65.8125,0
1786402690642,15000,die0,15000,15000,1,-1,65.8125,65.8125,0
1786402690742,15000,die0,15000,15000,1,-1,65.8125,65.8125,0
1786402690842,15000,die0,15000,15000,1,-1,65.4375,65.4375,0
1786402690942,15000,die0,15000,15000,1,-1,65.4375,65.4375,0
1786402691042,15000,die0,15000,15000,1,-1,65.4375,65.4375,0
1786402691142,15000,die0,15000,15000,1,-1,65.4375,65.4375,0
1786402691242,15000,die0,15000,15000,1,-1,65.4375,65.4375,0
1786402691342,15000,die0,15000,15000,1,-1,65.4375,65.4375,0
1786402691442,15000,die0,15000,15000,1,-1,65.4375,65.4375,0
1786402691542,15000,die0,15000,15000,1,-1,65.4375,65.4375,0
1786402691642,15000,die0,15000,15000,1,-1,65.4375,65.4375,0
1786402691743,15000,die0,15000,15000,1,-1,65.4375,65.4375,0
1786402691842,14985.9,die0,14996,14996,0.999061,-1,64.9375,64.9375,0
1786402691942,14985.9,die0,14992,14992,0.999061,-1,64.9375,64.9375,0
1786402692042,14985.9,die0,14989,14989,0.999061,-1,64.9375,64.9375,0
1786402692142,14985.9,die0,14986,14986,0.999061,-1,64.9375,64.9375,0
1786402692242,14985.9,die0,14983,14983,0.999061,-1,64.9375,64.9375,0
1786402692342,14985.9,die0,14980,14980,0.999061,-1,64.9375,64.9375,0
1786402692442,14985.9,die0,14977,14977,0.999061,-1,64.9375,64.9375,0
1786402692542,14985.9,die0,14975,14975,0.999061,-1,64.9375,64.9375,0
1786402692642,14985.9,die0,14973,14973,0.999061,-1,64.9375,64.9375,0
1786402692742,14985.9,die0,14971,14971,0.999061,-1,64.9375,64.9375,0
1786402692842,14858.9,die0,14961,14961,0.990592,-1,64.375,64.375,0
1786402692942,14858.9,die0,14952,14952,0.990592,-1,64.375,64.375,0
1786402693042,14858.9,die0,14943,14943,0.990592,-1,64.375,64.375,0
1786402693142,14858.9,die0,14935,14935,0.990592,-1,64.375,64.375,0
1786402693242,14858.9,die0,14928,14928,0.990592,-1,64.375,64.375,0
1786402693342,14858.9,die0,14921,14921,0.990592,-1,64.375,64.375,0
1786402693442,14858.9,die0,14914,14914,0.990592,-1,64.375,64.375,0
1786402693542,14858.9,die0,14908,14908,0.990592,-1,64.375,64.375,0
1786402693642,14858.9,die0,14903,14903,0.990592,-1,64.375,64.375,0
1786402693742,14858.9,die0,14897,14897,0.990592,-1,64.375,64.375,0
1786402693842,14785.3,die0,14889,14889,0.98569,-1,64.0625,64.0625,0
1786402693942,14785.3,die0,14880,14880,0.98569,-1,64.0625,64.0625,0
1786402694042,14785.3,die0,14873,14873,0.98569,-1,64.0625,64.0625,0
1786402694142,14785.3,die0,14865,14865,0.98569,-1,64.0625,64.0625,0
1786402694242,14785.3,die0,14859,14859,0.98569,-1,64.0625,64.0625,0
1786402694342,14785.3,die0,14852,14852,0.98569,-1,64.0625,64.0625,0
1786402694442,14785.3,die0,14847,14847,0.98569,-1,64.0625,64.0625,0
1786402694542,14785.3,die0,14841,14841,0.98569,-1,64.0625,64.0625,0
1786402694642,14785.3,die0,14836,14836,0.98569,-1,64.0625,64.0625,0
1786402694742,14785.3,die0,14831,14831,0.98569,-1,64.0625,64.0625,0
1786402694842,14668,die0,14819,14819,0.977867,-1,63.5625,63.5625,0
1786402694942,14668,die0,14807,14807,0.977867,-1,63.5625,63.5625,0
1786402695042,14668,die0,14797,14797,0.977867,-1,63.5625,63.5625,0
1786402695142,14668,die0,14787,14787,0.977867,-1,63.5625,63.5625,0
1786402695242,14668,die0,14778,14778,0.977867,-1,63.5625,63.5625,0
1786402695342,14668,die0,14769,14769,0.977867,-1,63.5625,63.5625,0
1786402695442,14668,die0,14761,14761,0.977867,-1,63.5625,63.5625,0
1786402695542,14668,die0,14753,14753,0.977867,-1,63.5625,63.5625,0
1786402695642,14668,die0,14746,14746,0.977867,-1,63.5625,63.5625,0
1786402695742,14668,die0,14739,14739,0.977867,-1,63.5625,63.5625,0
1786402695842,14562.2,die0,14725,14725,0.970816,-1,63.125,63.125,0
1786402695942,14562.2,die0,14712,14712,0.970816,-1,63.125,63.125,0
1786402696042,14562.2,die0,14700,14700,0.970816,-1,63.125,63.125,0
1786402696142,14562.2,die0,14689,14689,0.970816,-1,63.125,63.125,0
1786402696242,14562.2,die0,14678,14678,0.970816,-1,63.125,63.125,0
1786402696342,14562.2,die0,14668,14668,0.970816,-1,63.125,63.125,0
1786402696442,14562.2,die0,14659,14659,0.970816,-1,63.125,63.125,0
1786402696542,14562.2,die0,14650,14650,0.970816,-1,63.125,63.125,0
1786402696642,14562.2,die0,14642,14642,0.970816,-1,63.125,63.125,0
1786402696743,14562.2,die0,14635,14635,0.970816,-1,63.125,63.125,0
1786402696842,14412,die0,14620,14620,0.960803,-1,62.5,62.5,0
1786402696942,14412,die0,14606,14606,0.960803,-1,62.5,62.5,0
1786402697042,14412,die0,14593,14593,0.960803,-1,62.5,62.5,0
1786402697142,14412,die0,14581,14581,0.960803,-1,62.5,62.5,0
1786402697242,14412,die0,14570,14570,0.960803,-1,62.5,62.5,0
1786402697342,14412,die0,14559,14559,0.960803,-1,62.5,62.5,0
1786402697442,14412,die0,14549,14549,0.960803,-1,62.5,62.5,0
1786402697542,14412,die0,14540,14540,0.960803,-1,62.5,62.5,0
1786402697642,14412,die0,14532,14532,0.960803,-1,62.5,62.5,0
1786402697742,14412,die0,14524,14524,0.960803,-1,62.5,62.5,0
1786402697842,14329.1,die0,14508,14508,0.955275,-1,62.1875,62.1875,0
1786402697942,14329.1,die0,14494,14494,0.955275,-1,62.1875,62.1875,0
1786402698042,14329.1,die0,14481,14481,0.955275,-1,62.1875,62.1875,0
1786402698142,14329.1,die0,14468,14468,0.955275,-1,62.1875,62.1875,0
1786402698242,14329.1,die0,14457,14457,0.955275,-1,62.1875,62.1875,0
1786402698342,14329.1,die0,14446,14446,0.955275,-1,62.1875,62.1875,0
1786402698442,14329.1,die0,14436,14436,0.955275,-1,62.1875,62.1875,0
1786402698543,14329.1,die0,14426,14426,0.955275,-1,62.1875,62.1875,0
1786402698642,14329.1,die0,14417,14417,0.955275,-1,62.1875,62.1875,0
1786402698742,14329.1,die0,14409,14409,0.955275,-1,62.1875,62.1875,0
1786402698842,14230.5,die0,14394,14394,0.948703,-1,61.8125,61.8125,0
1786402698943,14230.5,die0,14379,14379,0.948703,-1,61.8125,61.8125,0
1786402699043,14230.5,die0,14366,14366,0.948703,-1,61.8125,61.8125,0
1786402699142,14230.5,die0,14353,14353,0.948703,-1,61.8125,61.8125,0
1786402699242,14230.5,die0,14341,14341,0.948703,-1,61.8125,61.8125,0
1786402699342,14230.5,die0,14330,14330,0.948703,-1,61.8125,61.8125,0
1786402699442,14230.5,die0,14320,14320,0.948703,-1,61.8125,61.8125,0
1786402699542,14230.5,die0,14311,14311,0.948703,-1,61.8125,61.8125,0
1786402699642,14230.5,die0,14302,14302,0.948703,-1,61.8125,61.8125,0
1786402699742,14230.5,die0,14293,14293,0.948703,-1,61.8125,61.8125,0
1786402699842,14101.9,die0,14278,14278,0.940129,-1,61.3125,61.3125,0
1786402699942,14101.9,die0,14263,14263,0.940129,-1,61.3125,61.3125,0
1786402700042,14101.9,die0,14249,14249,0.940129,-1,61.3125,61.3125,0
1786402700142,14101.9,die0,14237,14237,0.940129,-1,61.3125,61.3125,0
1786402700242,14101.9,die0,14225,14225,0.940129,-1,61.3125,61.3125,0
1786402700342,14101.9,die0,14214,14214,0.940129,-1,61.3125,61.3125,0
1786402700442,14101.9,die0,14203,14203,0.940129,-1,61.3125,61.3125,0
1786402700542,14101.9,die0,14194,14194,0.940129,-1,61.3125,61.3125,0
1786402700642,14101.9,die0,14185,14185,0.940129,-1,61.3125,61.3125,0
1786402700742,14101.9,die0,14176,14176,0.940129,-1,61.3125,61.3125,0
1786402700842,13999,die0,14161,14161,0.933265,-1,60.9375,60.9375,0
1786402700942,13999,die0,14146,14146,0.933265,-1,60.9375,60.9375,0
1786402701042,13999,die0,14132,14132,0.933265,-1,60.9375,60.9375,0
1786402701142,13999,die0,14120,14120,0.933265,-1,60.9375,60.9375,0
1786402701242,13999,die0,14108,14108,0.933265,-1,60.9375,60.9375,0
1786402701342,13999,die0,14097,14097,0.933265,-1,60.9375,60.9375,0
1786402701442,13999,die0,14086,14086,0.933265,-1,60.9375,60.9375,0
1786402701542,13999,die0,14077,14077,0.933265,-1,60.9375,60.9375,0
1786402701642,13999,die0,14068,14068,0.933265,-1,60.9375,60.9375,0
1786402701742,13999,die0,14059,14059,0.933265,-1,60.9375,60.9375,0
1786402701842,13894.1,die0,14047,14047,0.926276,-1,60.5625,60.5625,0
1786402701942,13894.1,die0,14036,14036,0.926276,-1,60.5625,60.5625,0
1786402702042,13894.1,die0,14026,14026,0.926276,-1,60.5625,60.5625,0
1786402702142,13894.1,die0,14017,14017,0.926276,-1,60.5625,60.5625,0
1786402702244,13894.1,die0,14008,14008,0.926276,-1,60.5625,60.5625,0
1786402702342,13894.1,die0,13999,13999,0.926276,-1,60.5625,60.5625,0
1786402702442,13894.1,die0,13991,13991,0.926276,-1,60.5625,60.5625,0
1786402702542,13894.1,die0,13984,13984,0.926276,-1,60.5625,60.5625,0
1786402702642,13894.1,die0,13977,13977,0.926276,-1,60.5625,60.5625,0
1786402702742,13894.1,die0,13971,13971,0.926276,-1,60.5625,60.5625,0
1786402702842,13801.5,die0,13957,13957,0.920101,-1,60.25,60.25,0
1786402702942,13801.5,die0,13944,13944,0.920101,-1,60.25,60.25,0
1786402703042,13801.5,die0,13932,13932,0.920101,-1,60.25,60.25,0
1786402703142,13801.5,die0,13921,13921,0.920101,-1,60.25,60.25,0
1786402703242,13801.5,die0,13911,13911,0.920101,-1,60.25,60.25,0
1786402703342,13801.5,die0,13901,13901,0.920101,-1,60.25,60.25,0
1786402703442,13801.5,die0,13892,13892,0.920101,-1,60.25,60.25,0
1786402703542,13801.5,die0,13884,13884,0.920101,-1,60.25,60.25,0
1786402703642,13801.5,die0,13876,13876,0.920101,-1,60.25,60.25,0
1786402703742,13801.5,die0,13868,13868,0.920101,-1,60.25,60.25,0
1786402703842,13693.2,die0,13853,13853,0.912882,-1,59.875,59.875,0
1786402703942,13693.2,die0,13840,13840,0.912882,-1,59.875,59.875,0
1786402704046,13693.2,die0,13827,13827,0.912882,-1,59.875,59.875,0
1786402704142,13693.2,die0,13815,13815,0.912882,-1,59.875,59.875,0
1786402704242,13693.2,die0,13804,13804,0.912882,-1,59.875,59.875,0
1786402704342,13693.2,die0,13793,13793,0.912882,-1,59.875,59.875,0
1786402704442,13693.2,die0,13783,13783,0.912882,-1,59.875,59.875,0
1786402704542,13693.2,die0,13774,13774,0.912882,-1,59.875,59.875,0
1786402704642,13693.2,die0,13766,13766,0.912882,-1,59.875,59.875,0
1786402704742,13693.2,die0,13758,13758,0.912882,-1,59.875,59.875,0
1786402704842,13597.2,die0,13747,13747,0.906477,-1,59.5625,59.5625,0
1786402704942,13597.2,die0,13736,13736,0.906477,-1,59.5625,59.5625,0
1786402705042,13597.2,die0,13726,13726,0.906477,-1,59.5625,59.5625,0
1786402705142,13597.2,die0,13717,13717,0.906477,-1,59.5625,59.5625,0
1786402705243,13597.2,die0,13708,13708,0.906477,-1,59.5625,59.5625,0
1786402705343,13597.2,die0,13700,13700,0.906477,-1,59.5625,59.5625,0
1786402705442,13597.2,die0,13693,13693,0.906477,-1,59.5625,59.5625,0
1786402705543,13597.2,die0,13686,13686,0.906477,-1,59.5625,59.5625,0
1786402705646,13597.2,die0,13679,13679,0.906477,-1,59.5625,59.5625,0
1786402705742,13597.2,die0,13673,13673,0.906477,-1,59.5625,59.5625,0
1786402705842,13485.4,die0,13660,13660,0.899029,-1,59.1875,59.1875,0
1786402705942,13485.4,die0,13647,13647,0.899029,-1,59.1875,59.1875,0
1786402706042,13485.4,die0,13635,13635,0.899029,-1,59.1875,59.1875,0
1786402706142,13485.4,die0,13624,13624,0.899029,-1,59.1875,59.1875,0
1786402706242,13485.4,die0,13614,13614,0.899029,-1,59.1875,59.1875,0
1786402706342,13485.4,die0,13605,13605,0.899029,-1,59.1875,59.1875,0
1786402706442,13485.4,die0,13596,13596,0.899029,-1,59.1875,59.1875,0
1786402706542,13485.4,die0,13587,13587,0.899029,-1,59.1875,59.1875,0
1786402706642,13485.4,die0,13580,13580,0.899029,-1,59.1875,59.1875,0
1786402706742,13485.4,die0,13572,13572,0.899029,-1,59.1875,59.1875,0
1786402706842,13385.9,die0,13558,13558,0.892394,-1,58.875,58.875,0
1786402706942,13385.9,die0,13544,13544,0.892394,-1,58.875,58.875,0
1786402707042,13385.9,die0,13531,13531,0.892394,-1,58.875,58.875,0
1786402707142,13385.9,die0,13519,13519,0.892394,-1,58.875,58.875,0
1786402707242,13385.9,die0,13508,13508,0.892394,-1,58.875,58.875,0
1786402707342,13385.9,die0,13498,13498,0.892394,-1,58.875,58.875,0
1786402707442,13385.9,die0,13488,13488,0.892394,-1,58.875,58.875,0
1786402707542,13385.9,die0,13479,13479,0.892394,-1,58.875,58.875,0
1786402707642,13385.9,die0,13471,13471,0.892394,-1,58.875,58.875,0
1786402707742,13385.9,die0,13463,13463,0.892394,-1,58.875,58.875,0
1786402707842,13284.8,die0,13448,13448,0.885655,-1,58.5625,58.5625,0
1786402707942,13284.8,die0,13434,13434,0.885655,-1,58.5625,58.5625,0
1786402708042,13284.8,die0,13420,13420,0.885655,-1,58.5625,58.5625,0
1786402708142,13284.8,die0,13408,13408,0.885655,-1,58.5625,58.5625,0
1786402708242,13284.8,die0,13397,13397,0.885655,-1,58.5625,58.5625,0
1786402708342,13284.8,die0,13386,13386,0.885655,-1,58.5625,58.5625,0
1786402708442,13284.8,die0,13376,13376,0.885655,-1,58.5625,58.5625,0
1786402708542,13284.8,die0,13366,13366,0.885655,-1,58.5625,58.5625,0
1786402708642,13284.8,die0,13358,13358,0.885655,-1,58.5625,58.5625,0
1786402708742,13284.8,die0,13350,13350,0.885655,-1,58.5625,58.5625,0
1786402708842,13182.2,die0,13338,13338,0.878812,-1,58.25,58.25,0
1786402708942,13182.2,die0,13327,13327,0.878812,-1,58.25,58.25,0
1786402709042,13182.2,die0,13317,13317,0.878812,-1,58.25,58.25,0
1786402709142,13182.2,die0,13308,13308,0.878812,-1,58.25,58.25,0
1786402709242,13182.2,die0,13299,13299,0.878812,-1,58.25,58.25,0
1786402709342,13182.2,die0,13291,13291,0.878812,-1,58.25,58.25,0
1786402709442,13182.2,die0,13283,13283,0.878812,-1,58.25,58.25,0
1786402709542,13182.2,die0,13276,13276,0.878812,-1,58.25,58.25,0
1786402709642,13182.2,die0,13269,13269,0.878812,-1,58.25,58.25,0
1786402709742,13182.2,die0,13263,13263,0.878812,-1,58.25,58.25,0
1786402709842,13078,die0,13250,13250,0.871864,-1,57.9375,57.9375,0
1786402709942,13078,die0,13237,13237,0.871864,-1,57.9375,57.9375,0
1786402710042,13078,die0,13225,13225,0.871864,-1,57.9375,57.9375,0
1786402710142,13078,die0,13214,13214,0.871864,-1,57.9375,57.9375,0
1786402710242,13078,die0,13204,13204,0.871864,-1,57.9375,57.9375,0
1786402710342,13078,die0,13194,13194,0.871864,-1,57.9375,57.9375,0
1786402710442,13078,die0,13185,13185,0.871864,-1,57.9375,57.9375,0
1786402710542,13078,die0,13177,13177,0.871864,-1,57.9375,57.9375,0
1786402710642,13078,die0,13169,13169,0.871864,-1,57.9375,57.9375,0
1786402710742,13078,die0,13161,13161,0.871864,-1,57.9375,57.9375,0
1786402710842,12972.2,die0,13147,13147,0.864812,-1,57.625,57.625,0
1786402710942,12972.2,die0,13133,13133,0.864812,-1,57.625,57.625,0
1786402711042,12972.2,die0,13120,13120,0.864812,-1,57.625,57.625,0
1786402711142,12972.2,die0,13108,13108,0.864812,-1,57.625,57.625,0
1786402711242,12972.2,die0,13097,13097,0.864812,-1,57.625,57.625,0
1786402711342,12972.2,die0,13087,13087,0.864812,-1,57.625,57.625,0
1786402711442,12972.2,die0,13077,13077,0.864812,-1,57.625,57.625,0
1786402711542,12972.2,die0,13068,13068,0.864812,-1,57.625,57.625,0
1786402711642,12972.2,die0,13060,13060,0.864812,-1,57.625,57.625,0
1786402711742,12972.2,die0,13052,13052,0.864812,-1,57.625,57.625,0
1786402711843,12893,die0,13040,13040,0.859533,-1,57.4375,57.4375,0
1786402711942,12893,die0,13030,13030,0.859533,-1,57.4375,57.4375,0
1786402712043,12893,die0,13020,13020,0.859533,-1,57.4375,57.4375,0
1786402712142,12893,die0,13011,13011,0.859533,-1,57.4375,57.4375,0
1786402712242,12893,die0,13002,13002,0.859533,-1,57.4375,57.4375,0
1786402712342,12893,die0,12994,12994,0.859533,-1,57.4375,57.4375,0
1786402712442,12893,die0,12987,12987,0.859533,-1,57.4375,57.4375,0
1786402712542,12893,die0,12980,12980,0.859533,-1,57.4375,57.4375,0
1786402712642,12893,die0,12973,12973,0.859533,-1,57.4375,57.4375,0
1786402712742,12893,die0,12967,12967,0.859533,-1,57.4375,57.4375,0
1786402712842,12784.7,die0,12954,12954,0.852314,-1,57.125,57.125,0
1786402712942,12784.7,die0,12941,12941,0.852314,-1,57.125,57.125,0
1786402713042,12784.7,die0,12929,12929,0.852314,-1,57.125,57.125,0
1786402713142,12784.7,die0,12918,12918,0.852314,-1,57.125,57.125,0
1786402713242,12784.7,die0,12908,12908,0.852314,-1,57.125,57.125,0
1786402713342,12784.7,die0,12899,12899,0.852314,-1,57.125,57.125,0
1786402713442,12784.7,die0,12890,12890,0.852314,-1,57.125,57.125,0
1786402713542,12784.7,die0,12881,12881,0.852314,-1,57.125,57.125,0
1786402713642,12784.7,die0,12874,12874,0.852314,-1,57.125,57.125,0
1786402713742,12784.7,die0,12866,12866,0.852314,-1,57.125,57.125,0
1786402713843,12674.9,die0,12852,12852,0.84499,-1,56.8125,56.8125,0
1786402713942,12674.9,die0,12838,12838,0.84499,-1,56.8125,56.8125,0
1786402714042,12674.9,die0,12825,12825,0.84499,-1,56.8125,56.8125,0
1786402714142,12674.9,die0,12813,12813,0.84499,-1,56.8125,56.8125,0
1786402714242,12674.9,die0,12802,12802,0.84499,-1,56.8125,56.8125,0
1786402714342,12674.9,die0,12792,12792,0.84499,-1,56.8125,56.8125,0
1786402714442,12674.9,die0,12782,12782,0.84499,-1,56.8125,56.8125,0
1786402714542,12674.9,die0,12773,12773,0.84499,-1,56.8125,56.8125,0
1786402714642,12674.9,die0,12765,12765,0.84499,-1,56.8125,56.8125,0
1786402714742,12674.9,die0,12757,12757,0.84499,-1,56.8125,56.8125,0
1786402714842,12605.7,die0,12746,12746,0.840378,-1,56.6875,56.6875,0
1786402714942,12605.7,die0,12735,12735,0.840378,-1,56.6875,56.6875,0
1786402715042,12605.7,die0,12725,12725,0.840378,-1,56.6875,56.6875,0
1786402715142,12605.7,die0,12716,12716,0.840378,-1,56.6875,56.6875,0
1786402715242,12605.7,die0,12708,12708,0.840378,-1,56.6875,56.6875,0
1786402715342,12605.7,die0,12700,12700,0.840378,-1,56.6875,56.6875,0
1786402715442,12605.7,die0,12692,12692,0.840378,-1,56.6875,56.6875,0
1786402715542,12605.7,die0,12685,12685,0.840378,-1,56.6875,56.6875,0
1786402715642,12605.7,die0,12679,12679,0.840378,-1,56.6875,56.6875,0
1786402715742,12605.7,die0,12673,12673,0.840378,-1,56.6875,56.6875,0
1786402715842,12493.6,die0,12659,12659,0.832909,-1,56.375,56.375,0
1786402715942,12493.6,die0,12647,12647,0.832909,-1,56.375,56.375,0
1786402716042,12493.6,die0,12635,12635,0.832909,-1,56.375,56.375,0
1786402716142,12493.6,die0,12624,12624,0.832909,-1,56.375,56.375,0
1786402716242,12493.6,die0,12614,12614,0.832909,-1,56.375,56.375,0
1786402716342,12493.6,die0,12604,12604,0.832909,-1,56.375,56.375,0
1786402716442,12493.6,die0,12595,12595,0.832909,-1,56.375,56.375,0
1786402716542,12493.6,die0,12587,12587,0.832909,-1,56.375,56.375,0
1786402716642,12493.6,die0,12579,12579,0.832909,-1,56.375,56.375,0
1786402716742,12493.6,die0,12572,12572,0.832909,-1,56.375,56.375,0
1786402716842,12408.2,die0,12557,12557,0.827212,-1,56.1875,56.1875,0
1786402716942,12408.2,die0,12544,12544,0.827212,-1,56.1875,56.1875,0
1786402717042,12408.2,die0,12531,12531,0.827212,-1,56.1875,56.1875,0
1786402717142,12408.2,die0,12519,12519,0.827212,-1,56.1875,56.1875,0
1786402717242,12408.2,die0,12508,12508,0.827212,-1,56.1875,56.1875,0
1786402717342,12408.2,die0,12498,12498,0.827212,-1,56.1875,56.1875,0
1786402717442,12408.2,die0,12488,12488,0.827212,-1,56.1875,56.1875,0
1786402717542,12408.2,die0,12479,12479,0.827212,-1,56.1875,56.1875,0
1786402717642,12408.2,die0,12471,12471,0.827212,-1,56.1875,56.1875,0
1786402717742,12408.2,die0,12463,12463,0.827212,-1,56.1875,56.1875,0
1786402717842,12307.7,die0,12452,12452,0.820514,-1,55.9375,55.9375,0
1786402717942,12307.7,die0,12441,12441,0.820514,-1,55.9375,55.9375,0
1786402718042,12307.7,die0,12431,12431,0.820514,-1,55.9375,55.9375,0
1786402718142,12307.7,die0,12422,12422,0.820514,-1,55.9375,55.9375,0
1786402718242,12307.7,die0,12414,12414,0.820514,-1,55.9375,55.9375,0
1786402718342,12307.7,die0,12406,12406,0.820514,-1,55.9375,55.9375,0
1786402718442,12307.7,die0,12398,12398,0.820514,-1,55.9375,55.9375,0
1786402718543,12307.7,die0,12391,12391,0.820514,-1,55.9375,55.9375,0
1786402718642,12307.7,die0,12385,12385,0.820514,-1,55.9375,55.9375,0
1786402718742,12307.7,die0,12379,12379,0.820514,-1,55.9375,55.9375,0
1786402718842,12234.2,die0,12365,12365,0.81561,-1,55.8125,55.8125,0
1786402718942,12234.2,die0,12353,12353,0.81561,-1,55.8125,55.8125,0
1786402719042,12234.2,die0,12341,12341,0.81561,-1,55.8125,55.8125,0
1786402719142,12234.2,die0,12330,12330,0.81561,-1,55.8125,55.8125,0
1786402719242,12234.2,die0,12320,12320,0.81561,-1,55.8125,55.8125,0
1786402719342,12234.2,die0,12310,12310,0.81561,-1,55.8125,55.8125,0
1786402719442,12234.2,die0,12301,12301,0.81561,-1,55.8125,55.8125,0
1786402719542,12234.2,die0,12293,12293,0.81561,-1,55.8125,55.8125,0
1786402719642,12234.2,die0,12285,12285,0.81561,-1,55.8125,55.8125,0
1786402719742,12234.2,die0,12278,12278,0.81561,-1,55.8125,55.8125,0
1786402719842,12131.8,die0,12267,12267,0.808787,-1,55.5625,55.5625,0
1786402719942,12131.8,die0,12257,12257,0.808787,-1,55.5625,55.5625,0
1786402720042,12131.8,die0,12248,12248,0.808787,-1,55.5625,55.5625,0
1786402720142,12131.8,die0,12239,12239,0.808787,-1,55.5625,55.5625,0
1786402720242,12131.8,die0,12231,12231,0.808787,-1,55.5625,55.5625,0
1786402720342,12131.8,die0,12224,12224,0.808787,-1,55.5625,55.5625,0
1786402720442,12131.8,die0,12217,12217,0.808787,-1,55.5625,55.5625,0
1786402720542,12131.8,die0,12210,12210,0.808787,-1,55.5625,55.5625,0
1786402720642,12131.8,die0,12204,12204,0.808787,-1,55.5625,55.5625,0
1786402720742,12131.8,die0,12198,12198,0.808787,-1,55.5625,55.5625,0
1786402720842,12042.3,die0,12185,12185,0.802819,-1,55.375,55.375,0
1786402720942,12042.3,die0,12173,12173,0.802819,-1,55.375,55.375,0
1786402721042,12042.3,die0,12161,12161,0.802819,-1,55.375,55.375,0
1786402721142,12042.3,die0,12150,12150,0.802819,-1,55.375,55.375,0
1786402721242,12042.3,die0,12140,12140,0.802819,-1,55.375,55.375,0
1786402721342,12042.3,die0,12131,12131,0.802819,-1,55.375,55.375,0
1786402721442,12042.3,die0,12122,12122,0.802819,-1,55.375,55.375,0
1786402721542,12042.3,die0,12114,12114,0.802819,-1,55.375,55.375,0
1786402721642,12042.3,die0,12106,12106,0.802819,-1,55.375,55.375,0
1786402721742,12042.3,die0,12099,12099,0.802819,-1,55.375,55.375,0
1786402721842,11965.9,die0,12089,12089,0.797727,-1,55.25,55.25,0
1786402721942,11965.9,die0,12079,12079,0.797727,-1,55.25,55.25,0
1786402722045,11965.9,die0,12070,12070,0.797727,-1,55.25,55.25,0
1786402722142,11965.9,die0,12061,12061,0.797727,-1,55.25,55.25,0
1786402722242,11965.9,die0,12053,12053,0.797727,-1,55.25,55.25,0
1786402722342,11965.9,die0,12046,12046,0.797727,-1,55.25,55.25,0
1786402722442,11965.9,die0,12039,12039,0.797727,-1,55.25,55.25,0
1786402722542,11965.9,die0,12032,12032,0.797727,-1,55.25,55.25,0
1786402722642,11965.9,die0,12026,12026,0.797727,-1,55.25,55.25,0
1786402722742,11965.9,die0,12021,12021,0.797727,-1,55.25,55.25,0
1786402722842,11860.7,die0,12007,12007,0.790716,-1,55,55,0
1786402722942,11860.7,die0,11995,11995,0.790716,-1,55,55,0
1786402723042,11860.7,die0,11984,11984,0.790716,-1,55,55,0
1786402723142,11860.7,die0,11973,11973,0.790716,-1,55,55,0
1786402723242,11860.7,die0,11963,11963,0.790716,-1,55,55,0
1786402723346,11860.7,die0,11954,11954,0.790716,-1,55,55,0
1786402723442,11860.7,die0,11945,11945,0.790716,-1,55,55,0
1786402723542,11860.7,die0,11937,11937,0.790716,-1,55,55,0
1786402723642,11860.7,die0,11929,11929,0.790716,-1,55,55,0
1786402723742,11860.7,die0,11922,11922,0.790716,-1,55,55,0
1786402723842,11796.6,die0,11912,11912,0.786438,-1,54.9375,54.9375,0
1786402723942,11796.6,die0,11902,11902,0.786438,-1,54.9375,54.9375,0
1786402724042,11796.6,die0,11893,11893,0.786438,-1,54.9375,54.9375,0
1786402724142,11796.6,die0,11884,11884,0.786438,-1,54.9375,54.9375,0
1786402724242,11796.6,die0,11876,11876,0.786438,-1,54.9375,54.9375,0
1786402724342,11796.6,die0,11869,11869,0.786438,-1,54.9375,54.9375,0
1786402724442,11796.6,die0,11862,11862,0.786438,-1,54.9375,54.9375,0
1786402724542,11796.6,die0,11855,11855,0.786438,-1,54.9375,54.9375,0
1786402724642,11796.6,die0,11849,11849,0.786438,-1,54.9375,54.9375,0
1786402724742,11796.6,die0,11844,11844,0.786438,-1,54.9375,54.9375,0
1786402724842,11703.9,die0,11831,11831,0.780261,-1,54.75,54.75,0
1786402724942,11703.9,die0,11818,11818,0.780261,-1,54.75,54.75,0
1786402725042,11703.9,die0,11807,11807,0.780261,-1,54.75,54.75,0
1786402725142,11703.9,die0,11796,11796,0.780261,-1,54.75,54.75,0
1786402725242,11703.9,die0,11786,11786,0.780261,-1,54.75,54.75,0
1786402725342,11703.9,die0,11777,11777,0.780261,-1,54.75,54.75,0
1786402725442,11703.9,die0,11768,11768,0.780261,-1,54.75,54.75,0
1786402725542,11703.9,die0,11760,11760,0.780261,-1,54.75,54.75,0
1786402725642,11703.9,die0,11753,11753,0.780261,-1,54.75,54.75,0
1786402725742,11703.9,die0,11746,11746,0.780261,-1,54.75,54.75,0
1786402725842,11624.4,die0,11735,11735,0.774961,-1,54.625,54.625,0
1786402725942,11624.4,die0,11725,11725,0.774961,-1,54.625,54.625,0
1786402726042,11624.4,die0,11716,11716,0.774961,-1,54.625,54.625,0
1786402726142,11624.4,die0,11708,11708,0.774961,-1,54.625,54.625,0
1786402726242,11624.4,die0,11700,11700,0.774961,-1,54.625,54.625,0
1786402726342,11624.4,die0,11692,11692,0.774961,-1,54.625,54.625,0
1786402726442,11624.4,die0,11685,11685,0.774961,-1,54.625,54.625,0
1786402726542,11624.4,die0,11679,11679,0.774961,-1,54.625,54.625,0
1786402726642,11624.4,die0,11673,11673,0.774961,-1,54.625,54.625,0
1786402726742,11624.4,die0,11667,11667,0.774961,-1,54.625,54.625,0
1786402726842,11544.3,die0,11658,11658,0.769619,-1,54.5,54.5,0
1786402726942,11544.3,die0,11649,11649,0.769619,-1,54.5,54.5,0
1786402727042,11544.3,die0,11641,11641,0.769619,-1,54.5,54.5,0
1786402727142,11544.3,die0,11634,11634,0.769619,-1,54.5,54.5,0
1786402727242,11544.3,die0,11627,11627,0.769619,-1,54.5,54.5,0
1786402727342,11544.3,die0,11621,11621,0.769619,-1,54.5,54.5,0
1786402727442,11544.3,die0,11614,11614,0.769619,-1,54.5,54.5,0
1786402727542,11544.3,die0,11609,11609,0.769619,-1,54.5,54.5,0
1786402727642,11544.3,die0,11603,11603,0.769619,-1,54.5,54.5,0
1786402727742,11544.3,die0,11599,11599,0.769619,-1,54.5,54.5,0
1786402727842,11449.4,die0,11586,11586,0.763296,-1,54.3125,54.3125,0
1786402727942,11449.4,die0,11574,11574,0.763296,-1,54.3125,54.3125,0
1786402728042,11449.4,die0,11564,11564,0.763296,-1,54.3125,54.3125,0
1786402728142,11449.4,die0,11554,11554,0.763296,-1,54.3125,54.3125,0
1786402728242,11449.4,die0,11544,11544,0.763296,-1,54.3125,54.3125,0
1786402728342,11449.4,die0,11535,11535,0.763296,-1,54.3125,54.3125,0
1786402728442,11449.4,die0,11527,11527,0.763296,-1,54.3125,54.3125,0
1786402728542,11449.4,die0,11519,11519,0.763296,-1,54.3125,54.3125,0
1786402728642,11449.4,die0,11512,11512,0.763296,-1,54.3125,54.3125,0
1786402728742,11449.4,die0,11505,11505,0.763296,-1,54.3125,54.3125,0
1786402728842,11367.7,die0,11495,11495,0.757849,-1,54.1875,54.1875,0
1786402728942,11367.7,die0,11486,11486,0.757849,-1,54.1875,54.1875,0
1786402729043,11367.7,die0,11477,11477,0.757849,-1,54.1875,54.1875,0
1786402729142,11367.7,die0,11469,11469,0.757849,-1,54.1875,54.1875,0
1786402729242,11367.7,die0,11461,11461,0.757849,-1,54.1875,54.1875,0
1786402729342,11367.7,die0,11454,11454,0.757849,-1,54.1875,54.1875,0
1786402729442,11367.7,die0,11447,11447,0.757849,-1,54.1875,54.1875,0
1786402729542,11367.7,die0,11441,11441,0.757849,-1,54.1875,54.1875,0
1786402729642,11367.7,die0,11435,11435,0.757849,-1,54.1875,54.1875,0
1786402729742,11367.7,die0,11429,11429,0.757849,-1,54.1875,54.1875,0
1786402729842,11299.5,die0,11420,11420,0.753299,-1,54.125,54.125,0
1786402729942,11299.5,die0,11412,11412,0.753299,-1,54.125,54.125,0
1786402730042,11299.5,die0,11404,11404,0.753299,-1,54.125,54.125,0
1786402730142,11299.5,die0,11397,11397,0.753299,-1,54.125,54.125,0
1786402730242,11299.5,die0,11390,11390,0.753299,-1,54.125,54.125,0
1786402730342,11299.5,die0,11384,11384,0.753299,-1,54.125,54.125,0
1786402730442,11299.5,die0,11378,11378,0.753299,-1,54.125,54.125,0
1786402730542,11299.5,die0,11372,11372,0.753299,-1,54.125,54.125,0
1786402730642,11299.5,die0,11367,11367,0.753299,-1,54.125,54.125,0
1786402730742,11299.5,die0,11362,11362,0.753299,-1,54.125,54.125,0
1786402730842,11216.9,die0,11350,11350,0.74779,-1,54,54,0
1786402730942,11216.9,die0,11338,11338,0.74779,-1,54,54,0
1786402731042,11216.9,die0,11327,11327,0.74779,-1,54,54,0
1786402731142,11216.9,die0,11317,11317,0.74779,-1,54,54,0
1786402731242,11216.9,die0,11308,11308,0.74779,-1,54,54,0
1786402731342,11216.9,die0,11299,11299,0.74779,-1,54,54,0
1786402731442,11216.9,die0,11291,11291,0.74779,-1,54,54,0
1786402731542,11216.9,die0,11283,11283,0.74779,-1,54,54,0
1786402731642,11216.9,die0,11276,11276,0.74779,-1,54,54,0
1786402731742,11216.9,die0,11270,11270,0.74779,-1,54,54,0
1786402731842,11133.6,die0,11259,11259,0.742239,-1,53.875,53.875,0
1786402731942,11133.6,die0,11250,11250,0.742239,-1,53.875,53.875,0
1786402732043,11133.6,die0,11241,11241,0.742239,-1,53.875,53.875,0
1786402732142,11133.6,die0,11233,11233,0.742239,-1,53.875,53.875,0
1786402732242,11133.6,die0,11225,11225,0.742239,-1,53.875,53.875,0
1786402732342,11133.6,die0,11218,11218,0.742239,-1,53.875,53.875,0
1786402732442,11133.6,die0,11211,11211,0.742239,-1,53.875,53.875,0
1786402732542,11133.6,die0,11205,11205,0.742239,-1,53.875,53.875,0
1786402732642,11133.6,die0,11199,11199,0.742239,-1,53.875,53.875,0
1786402732742,11133.6,die0,11194,11194,0.742239,-1,53.875,53.875,0
1786402732842,11049.7,die0,11181,11181,0.736646,-1,53.75,53.75,0
1786402732942,11049.7,die0,11169,11169,0.736646,-1,53.75,53.75,0
1786402733042,11049.7,die0,11158,11158,0.736646,-1,53.75,53.75,0
1786402733142,11049.7,die0,11147,11147,0.736646,-1,53.75,53.75,0
1786402733242,11049.7,die0,11137,11137,0.736646,-1,53.75,53.75,0
1786402733342,11049.7,die0,11128,11128,0.736646,-1,53.75,53.75,0
1786402733442,11049.7,die0,11120,11120,0.736646,-1,53.75,53.75,0
1786402733542,11049.7,die0,11112,11112,0.736646,-1,53.75,53.75,0
1786402733642,11049.7,die0,11104,11104,0.736646,-1,53.75,53.75,0
1786402733742,11049.7,die0,11097,11097,0.736646,-1,53.75,53.75,0
1786402733842,10993.3,die0,11087,11087,0.732889,-1,53.75,53.75,0
1786402733942,10993.3,die0,11077,11077,0.732889,-1,53.75,53.75,0
1786402734042,10993.3,die0,11068,11068,0.732889,-1,53.75,53.75,0
1786402734142,10993.3,die0,11060,11060,0.732889,-1,53.75,53.75,0
1786402734243,10993.3,die0,11052,11052,0.732889,-1,53.75,53.75,0
1786402734342,10993.3,die0,11044,11044,0.732889,-1,53.75,53.75,0
1786402734442,10993.3,die0,11037,11037,0.732889,-1,53.75,53.75,0
1786402734542,10993.3,die0,11031,11031,0.732889,-1,53.75,53.75,0
1786402734642,10993.3,die0,11025,11025,0.732889,-1,53.75,53.75,0
1786402734742,10993.3,die0,11019,11019,0.732889,-1,53.75,53.75,0
1786402734842,10908.8,die0,11010,11010,0.727254,-1,53.625,53.625,0
1786402734942,10908.8,die0,11002,11002,0.727254,-1,53.625,53.625,0
1786402735042,10908.8,die0,10994,10994,0.727254,-1,53.625,53.625,0
1786402735142,10908.8,die0,10986,10986,0.727254,-1,53.625,53.625,0
1786402735242,10908.8,die0,10979,10979,0.727254,-1,53.625,53.625,0
1786402735342,10908.8,die0,10973,10973,0.727254,-1,53.625,53.625,0
1786402735442,10908.8,die0,10967,10967,0.727254,-1,53.625,53.625,0
1786402735542,10908.8,die0,10961,10961,0.727254,-1,53.625,53.625,0
1786402735642,10908.8,die0,10956,10956,0.727254,-1,53.625,53.625,0
1786402735742,10908.8,die0,10951,10951,0.727254,-1,53.625,53.625,0
1786402735842,10795.5,die0,10939,10939,0.719701,-1,53.375,53.375,0
1786402735942,10795.5,die0,10927,10927,0.719701,-1,53.375,53.375,0
1786402736042,10795.5,die0,10916,10916,0.719701,-1,53.375,53.375,0
1786402736142,10795.5,die0,10906,10906,0.719701,-1,53.375,53.375,0
1786402736242,10795.5,die0,10897,10897,0.719701,-1,53.375,53.375,0
1786402736342,10795.5,die0,10888,10888,0.719701,-1,53.375,53.375,0
1786402736446,10795.5,die0,10880,10880,0.719701,-1,53.375,53.375,0
1786402736542,10795.5,die0,10872,10872,0.719701,-1,53.375,53.375,0
1786402736642,10795.5,die0,10865,10865,0.719701,-1,53.375,53.375,0
1786402736742,10795.5,die0,10858,10858,0.719701,-1,53.375,53.375,0
1786402736842,10737.3,die0,10848,10848,0.715818,-1,53.375,53.375,0
1786402736942,10737.3,die0,10839,10839,0.715818,-1,53.375,53.375,0
1786402737042,10737.3,die0,10830,10830,0.715818,-1,53.375,53.375,0
1786402737142,10737.3,die0,10821,10821,0.715818,-1,53.375,53.375,0
1786402737242,10737.3,die0,10814,10814,0.715818,-1,53.375,53.375,0
1786402737342,10737.3,die0,10807,10807,0.715818,-1,53.375,53.375,0
1786402737442,10737.3,die0,10800,10800,0.715818,-1,53.375,53.375,0
1786402737542,10737.3,die0,10794,10794,0.715818,-1,53.375,53.375,0
1786402737642,10737.3,die0,10788,10788,0.715818,-1,53.375,53.375,0
1786402737742,10737.3,die0,10782,10782,0.715818,-1,53.375,53.375,0
1786402737842,10665,die0,10773,10773,0.710997,-1,53.3125,53.3125,0
1786402737943,10665,die0,10765,10765,0.710997,-1,53.3125,53.3125,0
1786402738046,10665,die0,10757,10757,0.710997,-1,53.3125,53.3125,0
1786402738142,10665,die0,10750,10750,0.710997,-1,53.3125,53.3125,0
1786402738242,10665,die0,10743,10743,0.710997,-1,53.3125,53.3125,0
1786402738342,10665,die0,10736,10736,0.710997,-1,53.3125,53.3125,0
1786402738442,10665,die0,10730,10730,0.710997,-1,53.3125,53.3125,0
1786402738542,10665,die0,10725,10725,0.710997,-1,53.3125,53.3125,0
1786402738642,10665,die0,10720,10720,0.710997,-1,53.3125,53.3125,0
1786402738742,10665,die0,10715,10715,0.710997,-1,53.3125,53.3125,0
1786402738842,10564.2,die0,10703,10703,0.704278,-1,53.125,53.125,0
1786402738942,10564.2,die0,10691,10691,0.704278,-1,53.125,53.125,0
1786402739042,10564.2,die0,10680,10680,0.704278,-1,53.125,53.125,0
1786402739142,10564.2,die0,10670,10670,0.704278,-1,53.125,53.125,0
1786402739242,10564.2,die0,10661,10661,0.704278,-1,53.125,53.125,0
1786402739342,10564.2,die0,10652,10652,0.704278,-1,53.125,53.125,0
1786402739442,10564.2,die0,10644,10644,0.704278,-1,53.125,53.125,0
1786402739542,10564.2,die0,10636,10636,0.704278,-1,53.125,53.125,0
1786402739642,10564.2,die0,10629,10629,0.704278,-1,53.125,53.125,0
1786402739742,10564.2,die0,10622,10622,0.704278,-1,53.125,53.125,0
1786402739842,10518.8,die0,10612,10612,0.701251,-1,53.1875,53.1875,0
1786402739943,10518.8,die0,10603,10603,0.701251,-1,53.1875,53.1875,0
1786402740042,10518.8,die0,10594,10594,0.701251,-1,53.1875,53.1875,0
1786402740143,10518.8,die0,10586,10586,0.701251,-1,53.1875,53.1875,0
1786402740242,10518.8,die0,10578,10578,0.701251,-1,53.1875,53.1875,0
1786402740342,10518.8,die0,10571,10571,0.701251,-1,53.1875,53.1875,0
1786402740442,10518.8,die0,10564,10564,0.701251,-1,53.1875,53.1875,0
1786402740542,10518.8,die0,10558,10558,0.701251,-1,53.1875,53.1875,0
1786402740642,10518.8,die0,10552,10552,0.701251,-1,53.1875,53.1875,0
1786402740742,10518.8,die0,10547,10547,0.701251,-1,53.1875,53.1875,0
1786402740842,10445.5,die0,10538,10538,0.696367,-1,53.125,53.125,0
1786402740942,10445.5,die0,10529,10529,0.696367,-1,53.125,53.125,0
1786402741042,10445.5,die0,10522,10522,0.696367,-1,53.125,53.125,0
1786402741142,10445.5,die0,10514,10514,0.696367,-1,53.125,53.125,0
1786402741242,10445.5,die0,10507,10507,0.696367,-1,53.125,53.125,0
1786402741342,10445.5,die0,10501,10501,0.696367,-1,53.125,53.125,0
1786402741442,10445.5,die0,10495,10495,0.696367,-1,53.125,53.125,0
1786402741542,10445.5,die0,10490,10490,0.696367,-1,53.125,53.125,0
1786402741642,10445.5,die0,10484,10484,0.696367,-1,53.125,53.125,0
1786402741742,10445.5,die0,10479,10479,0.696367,-1,53.125,53.125,0
1786402741842,10400.1,die0,10471,10471,0.69334,-1,53.1875,53.1875,0
1786402741942,10400.1,die0,10463,10463,0.69334,-1,53.1875,53.1875,0
1786402742046,10400.1,die0,10456,10456,0.69334,-1,53.1875,53.1875,0
1786402742142,10400.1,die0,10449,10449,0.69334,-1,53.1875,53.1875,0
1786402742242,10400.1,die0,10443,10443,0.69334,-1,53.1875,53.1875,0
1786402742342,10400.1,die0,10437,10437,0.69334,-1,53.1875,53.1875,0
1786402742442,10400.1,die0,10431,10431,0.69334,-1,53.1875,53.1875,0
1786402742542,10400.1,die0,10426,10426,0.69334,-1,53.1875,53.1875,0
1786402742642,10400.1,die0,10421,10421,0.69334,-1,53.1875,53.1875,0
1786402742742,10400.1,die0,10416,10416,0.69334,-1,53.1875,53.1875,0
1786402742842,10298.7,die0,10408,10408,0.686579,-1,53,53,0
1786402742942,10298.7,die0,10401,10401,0.686579,-1,53,53,0
1786402743042,10298.7,die0,10394,10394,0.686579,-1,53,53,0
1786402743142,10298.7,die0,10387,10387,0.686579,-1,53,53,0
1786402743242,10298.7,die0,10381,10381,0.686579,-1,53,53,0
1786402743346,10298.7,die0,10375,10375,0.686579,-1,53,53,0
1786402743442,10298.7,die0,10370,10370,0.686579,-1,53,53,0
1786402743542,10298.7,die0,10365,10365,0.686579,-1,53,53,0
1786402743642,10298.7,die0,10360,10360,0.686579,-1,53,53,0
1786402743742,10298.7,die0,10355,10355,0.686579,-1,53,53,0
1786402743842,10224.5,die0,10344,10344,0.681633,-1,52.9375,52.9375,0
1786402743942,10224.5,die0,10332,10332,0.681633,-1,52.9375,52.9375,0
1786402744042,10224.5,die0,10322,10322,0.681633,-1,52.9375,52.9375,0
1786402744142,10224.5,die0,10312,10312,0.681633,-1,52.9375,52.9375,0
1786402744242,10224.5,die0,10303,10303,0.681633,-1,52.9375,52.9375,0
1786402744342,10224.5,die0,10295,10295,0.681633,-1,52.9375,52.9375,0
1786402744442,10224.5,die0,10287,10287,0.681633,-1,52.9375,52.9375,0
1786402744542,10224.5,die0,10280,10280,0.681633,-1,52.9375,52.9375,0
1786402744642,10224.5,die0,10273,10273,0.681633,-1,52.9375,52.9375,0
1786402744742,10224.5,die0,10266,10266,0.681633,-1,52.9375,52.9375,0
1786402744842,10164.1,die0,10256,10256,0.677604,-1,52.9375,52.9375,0
1786402744942,10164.1,die0,10247,10247,0.677604,-1,52.9375,52.9375,0
1786402745042,10164.1,die0,10238,10238,0.677604,-1,52.9375,52.9375,0
1786402745142,10164.1,die0,10230,10230,0.677604,-1,52.9375,52.9375,0
1786402745243,10164.1,die0,10223,10223,0.677604,-1,52.9375,52.9375,0
1786402745342,10164.1,die0,10216,10216,0.677604,-1,52.9375,52.9375,0
1786402745442,10164.1,die0,10209,10209,0.677604,-1,52.9375,52.9375,0
1786402745542,10164.1,die0,10203,10203,0.677604,-1,52.9375,52.9375,0
1786402745642,10164.1,die0,10198,10198,0.677604,-1,52.9375,52.9375,0
1786402745742,10164.1,die0,10192,10192,0.677604,-1,52.9375,52.9375,0
1786402745842,10117.7,die0,10187,10187,0.674514,-1,53,53,0
1786402745942,10117.7,die0,10183,10183,0.674514,-1,53,53,0
1786402746042,10117.7,die0,10178,10178,0.674514,-1,53,53,0
1786402746142,10117.7,die0,10174,10174,0.674514,-1,53,53,0
1786402746242,10117.7,die0,10170,10170,0.674514,-1,53,53,0
1786402746342,10117.7,die0,10167,10167,0.674514,-1,53,53,0
1786402746442,10117.7,die0,10164,10164,0.674514,-1,53,53,0
1786402746542,10117.7,die0,10161,10161,0.674514,-1,53,53,0
1786402746642,10117.7,die0,10158,10158,0.674514,-1,53,53,0
1786402746742,10117.7,die0,10155,10155,0.674514,-1,53,53,0
1786402746842,10029.4,die0,10145,10145,0.668629,-1,52.875,52.875,0
1786402746942,10029.4,die0,10135,10135,0.668629,-1,52.875,52.875,0
1786402747042,10029.4,die0,10126,10126,0.668629,-1,52.875,52.875,0
1786402747142,10029.4,die0,10118,10118,0.668629,-1,52.875,52.875,0
1786402747242,10029.4,die0,10110,10110,0.668629,-1,52.875,52.875,0
1786402747342,10029.4,die0,10102,10102,0.668629,-1,52.875,52.875,0
1786402747442,10029.4,die0,10096,10096,0.668629,-1,52.875,52.875,0
1786402747542,10029.4,die0,10089,10089,0.668629,-1,52.875,52.875,0
1786402747642,10029.4,die0,10083,10083,0.668629,-1,52.875,52.875,0
1786402747742,10029.4,die0,10078,10078,0.668629,-1,52.875,52.875,0
1786402747842,9940.54,die0,10065,10065,0.662702,-1,52.75,52.75,0
1786402747942,9940.54,die0,10053,10053,0.662702,-1,52.75,52.75,0
1786402748042,9940.54,die0,10041,10041,0.662702,-1,52.75,52.75,0
1786402748142,9940.54,die0,10031,10031,0.662702,-1,52.75,52.75,0
1786402748242,9940.54,die0,10021,10021,0.662702,-1,52.75,52.75,0
1786402748342,9940.54,die0,10012,10012,0.662702,-1,52.75,52.75,0
1786402748442,9940.54,die0,10003,10003,0.662702,-1,52.75,52.75,0
1786402748542,9940.54,die0,9995,9995,0.662702,-1,52.75,52.75,0
1786402748642,9940.54,die0,9987,9987,0.662702,-1,52.75,52.75,0
1786402748742,9940.54,die0,9980,9980,0.662702,-1,52.75,52.75,0
1786402748842,9893.25,die0,9974,9974,0.65955,-1,52.8125,52.8125,0
1786402748942,9893.25,die0,9968,9968,0.65955,-1,52.8125,52.8125,0
1786402749042,9893.25,die0,9962,9962,0.65955,-1,52.8125,52.8125,0
1786402749142,9893.25,die0,9957,9957,0.65955,-1,52.8125,52.8125,0
1786402749242,9893.25,die0,9952,9952,0.65955,-1,52.8125,52.8125,0
1786402749342,9893.25,die0,9947,9947,0.65955,-1,52.8125,52.8125,0
1786402749442,9893.25,die0,9943,9943,0.65955,-1,52.8125,52.8125,0
1786402749542,9893.25,die0,9939,9939,0.65955,-1,52.8125,52.8125,0
1786402749642,9893.25,die0,9935,9935,0.65955,-1,52.8125,52.8125,0
1786402749743,9893.25,die0,9932,9932,0.65955,-1,52.8125,52.8125,0
1786402749842,9832.2,die0,9924,9924,0.65548,-1,52.8125,52.8125,0
1786402749942,9832.2,die0,9918,9918,0.65548,-1,52.8125,52.8125,0
1786402750042,9832.2,die0,9911,9911,0.65548,-1,52.8125,52.8125,0
1786402750142,9832.2,die0,9905,9905,0.65548,-1,52.8125,52.8125,0
1786402750242,9832.2,die0,9900,9900,0.65548,-1,52.8125,52.8125,0
1786402750342,9832.2,die0,9895,9895,0.65548,-1,52.8125,52.8125,0
1786402750442,9832.2,die0,9890,9890,0.65548,-1,52.8125,52.8125,0
1786402750542,9832.2,die0,9886,9886,0.65548,-1,52.8125,52.8125,0
1786402750642,9832.2,die0,9882,9882,0.65548,-1,52.8125,52.8125,0
1786402750742,9832.2,die0,9878,9878,0.65548,-1,52.8125,52.8125,0
1786402750842,9742.98,die0,9866,9866,0.649532,-1,52.6875,52.6875,0
1786402750942,9742.98,die0,9856,9856,0.649532,-1,52.6875,52.6875,0
1786402751042,9742.98,die0,9846,9846,0.649532,-1,52.6875,52.6875,0
1786402751142,9742.98,die0,9836,9836,0.649532,-1,52.6875,52.6875,0
1786402751242,9742.98,die0,9828,9828,0.649532,-1,52.6875,52.6875,0
1786402751343,9742.98,die0,9819,9819,0.649532,-1,52.6875,52.6875,0
1786402751442,9742.98,die0,9812,9812,0.649532,-1,52.6875,52.6875,0
1786402751542,9742.98,die0,9805,9805,0.649532,-1,52.6875,52.6875,0
1786402751642,9742.98,die0,9798,9798,0.649532,-1,52.6875,52.6875,0
1786402751742,9742.98,die0,9792,9792,0.649532,-1,52.6875,52.6875,0
1786402751843,9667.22,die0,9782,9782,0.644482,-1,52.625,52.625,0
1786402751942,9667.22,die0,9773,9773,0.644482,-1,52.625,52.625,0
1786402752042,9667.22,die0,9765,9765,0.644482,-1,52.625,52.625,0
1786402752146,9667.22,die0,9757,9757,0.644482,-1,52.625,52.625,0
1786402752242,9667.22,die0,9750,9750,0.644482,-1,52.625,52.625,0
1786402752342,9667.22,die0,9743,9743,0.644482,-1,52.625,52.625,0
1786402752442,9667.22,die0,9737,9737,0.644482,-1,52.625,52.625,0
1786402752542,9667.22,die0,9731,9731,0.644482,-1,52.625,52.625,0
1786402752642,9667.22,die0,9725,9725,0.644482,-1,52.625,52.625,0
1786402752742,9667.22,die0,9720,9720,0.644482,-1,52.625,52.625,0
1786402752842,9633.39,die0,9711,9711,0.642226,-1,52.75,52.75,0
1786402752942,9633.39,die0,9703,9703,0.642226,-1,52.75,52.75,0
1786402753042,9633.39,die0,9695,9695,0.642226,-1,52.75,52.75,0
1786402753142,9633.39,die0,9688,9688,0.642226,-1,52.75,52.75,0
1786402753242,9633.39,die0,9681,9681,0.642226,-1,52.75,52.75,0
1786402753342,9633.39,die0,9675,9675,0.642226,-1,52.75,52.75,0
1786402753442,9633.39,die0,9669,9669,0.642226,-1,52.75,52.75,0
1786402753542,9633.39,die0,9664,9664,0.642226,-1,52.75,52.75,0
1786402753642,9633.39,die0,9659,9659,0.642226,-1,52.75,52.75,0
1786402753742,9633.39,die0,9654,9654,0.642226,-1,52.75,52.75,0
1786402753842,9557.94,die0,9646,9646,0.637196,-1,52.6875,52.6875,0
1786402753942,9557.94,die0,9638,9638,0.637196,-1,52.6875,52.6875,0
1786402754042,9557.94,die0,9631,9631,0.637196,-1,52.6875,52.6875,0
1786402754142,9557.94,die0,9624,9624,0.637196,-1,52.6875,52.6875,0
1786402754242,9557.94,die0,9618,9618,0.637196,-1,52.6875,52.6875,0
1786402754342,9557.94,die0,9612,9612,0.637196,-1,52.6875,52.6875,0
1786402754442,9557.94,die0,9606,9606,0.637196,-1,52.6875,52.6875,0
1786402754542,9557.94,die0,9601,9601,0.637196,-1,52.6875,52.6875,0
1786402754642,9557.94,die0,9596,9596,0.637196,-1,52.6875,52.6875,0
1786402754742,9557.94,die0,9592,9592,0.637196,-1,52.6875,52.6875,0
1786402754842,9510.34,die0,9584,9584,0.634023,-1,52.75,52.75,0
1786402754942,9510.34,die0,9576,9576,0.634023,-1,52.75,52.75,0
1786402755042,9510.34,die0,9569,9569,0.634023,-1,52.75,52.75,0
1786402755145,9510.34,die0,9563,9563,0.634023,-1,52.75,52.75,0
1786402755242,9510.34,die0,9557,9557,0.634023,-1,52.75,52.75,0
1786402755342,9510.34,die0,9551,9551,0.634023,-1,52.75,52.75,0
1786402755442,9510.34,die0,9546,9546,0.634023,-1,52.75,52.75,0
1786402755542,9510.34,die0,9541,9541,0.634023,-1,52.75,52.75,0
1786402755642,9510.34,die0,9536,9536,0.634023,-1,52.75,52.75,0
1786402755742,9510.34,die0,9532,9532,0.634023,-1,52.75,52.75,0
1786402755842,9420.82,die0,9524,9524,0.628054,-1,52.625,52.625,0
1786402755942,9420.82,die0,9516,9516,0.628054,-1,52.625,52.625,0
1786402756042,9420.82,die0,9509,9509,0.628054,-1,52.625,52.625,0
1786402756142,9420.82,die0,9503,9503,0.628054,-1,52.625,52.625,0
1786402756243,9420.82,die0,9497,9497,0.628054,-1,52.625,52.625,0
1786402756342,9420.82,die0,9491,9491,0.628054,-1,52.625,52.625,0
1786402756442,9420.82,die0,9486,9486,0.628054,-1,52.625,52.625,0
1786402756542,9420.82,die0,9481,9481,0.628054,-1,52.625,52.625,0
1786402756642,9420.82,die0,9476,9476,0.628054,-1,52.625,52.625,0
1786402756742,9420.82,die0,9472,9472,0.628054,-1,52.625,52.625,0
1786402756842,9386.99,die0,9464,9464,0.625799,-1,52.75,52.75,0
1786402756942,9386.99,die0,9457,9457,0.625799,-1,52.75,52.75,0
1786402757042,9386.99,die0,9450,9450,0.625799,-1,52.75,52.75,0
1786402757142,9386.99,die0,9443,9443,0.625799,-1,52.75,52.75,0
1786402757242,9386.99,die0,9437,9437,0.625799,-1,52.75,52.75,0
1786402757342,9386.99,die0,9432,9432,0.625799,-1,52.75,52.75,0
1786402757442,9386.99,die0,9426,9426,0.625799,-1,52.75,52.75,0
1786402757542,9386.99,die0,9421,9421,0.625799,-1,52.75,52.75,0
1786402757642,9386.99,die0,9417,9417,0.625799,-1,52.75,52.75,0
1786402757742,9386.99,die0,9413,9413,0.625799,-1,52.75,52.75,0
1786402757842,9325.62,die0,9405,9405,0.621708,-1,52.75,52.75,0
1786402757942,9325.62,die0,9397,9397,0.621708,-1,52.75,52.75,0
1786402758042,9325.62,die0,9390,9390,0.621708,-1,52.75,52.75,0
1786402758143,9325.62,die0,9384,9384,0.621708,-1,52.75,52.75,0
1786402758242,9325.62,die0,9378,9378,0.621708,-1,52.75,52.75,0
1786402758342,9325.62,die0,9372,9372,0.621708,-1,52.75,52.75,0
1786402758442,9325.62,die0,9367,9367,0.621708,-1,52.75,52.75,0
1786402758542,9325.62,die0,9362,9362,0.621708,-1,52.75,52.75,0
1786402758642,9325.62,die0,9358,9358,0.621708,-1,52.75,52.75,0
1786402758742,9325.62,die0,9354,9354,0.621708,-1,52.75,52.75,0
1786402758842,9250.17,die0,9346,9346,0.616678,-1,52.6875,52.6875,0
1786402758942,9250.17,die0,9338,9338,0.616678,-1,52.6875,52.6875,0
1786402759042,9250.17,die0,9331,9331,0.616678,-1,52.6875,52.6875,0
1786402759142,9250.17,die0,9325,9325,0.616678,-1,52.6875,52.6875,0
1786402759242,9250.17,die0,9319,9319,0.616678,-1,52.6875,52.6875,0
1786402759342,9250.17,die0,9313,9313,0.616678,-1,52.6875,52.6875,0
1786402759442,9250.17,die0,9308,9308,0.616678,-1,52.6875,52.6875,0
1786402759542,9250.17,die0,9303,9303,0.616678,-1,52.6875,52.6875,0
1786402759643,9250.17,die0,9299,9299,0.616678,-1,52.6875,52.6875,0
1786402759742,9250.17,die0,9295,9295,0.616678,-1,52.6875,52.6875,0
1786402759843,9202.57,die0,9287,9287,0.613505,-1,52.75,52.75,0
1786402759942,9202.57,die0,9279,9279,0.613505,-1,52.75,52.75,0
1786402760042,9202.57,die0,9273,9273,0.613505,-1,52.75,52.75,0
1786402760142,9202.57,die0,9266,9266,0.613505,-1,52.75,52.75,0
1786402760242,9202.57,die0,9260,9260,0.613505,-1,52.75,52.75,0
1786402760342,9202.57,die0,9255,9255,0.613505,-1,52.75,52.75,0
1786402760443,9202.57,die0,9249,9249,0.613505,-1,52.75,52.75,0
1786402760542,9202.57,die0,9244,9244,0.613505,-1,52.75,52.75,0
1786402760643,9202.57,die0,9240,9240,0.613505,-1,52.75,52.75,0
1786402760742,9202.57,die0,9236,9236,0.613505,-1,52.75,52.75,0
1786402760842,9155.29,die0,9228,9228,0.610352,-1,52.8125,52.8125,0
1786402760942,9155.29,die0,9221,9221,0.610352,-1,52.8125,52.8125,0
1786402761042,9155.29,die0,9214,9214,0.610352,-1,52.8125,52.8125,0
1786402761143,9155.29,die0,9207,9207,0.610352,-1,52.8125,52.8125,0
1786402761242,9155.29,die0,9201,9201,0.610352,-1,52.8125,52.8125,0
1786402761342,9155.29,die0,9196,9196,0.610352,-1,52.8125,52.8125,0
1786402761443,9155.29,die0,9190,9190,0.610352,-1,52.8125,52.8125,0
1786402761542,9155.29,die0,9186,9186,0.610352,-1,52.8125,52.8125,0
1786402761642,9155.29,die0,9181,9181,0.610352,-1,52.8125,52.8125,0
1786402761742,9155.29,die0,9177,9177,0.610352,-1,52.8125,52.8125,0
1786402761842,9080.15,die0,9169,9169,0.605343,-1,52.75,52.75,0
1786402761942,9080.15,die0,9162,9162,0.605343,-1,52.75,52.75,0
1786402762042,9080.15,die0,9155,9155,0.605343,-1,52.75,52.75,0
1786402762142,9080.15,die0,9148,9148,0.605343,-1,52.75,52.75,0
1786402762242,9080.15,die0,9142,9142,0.605343,-1,52.75,52.75,0
1786402762342,9080.15,die0,9137,9137,0.605343,-1,52.75,52.75,0
1786402762442,9080.15,die0,9132,9132,0.605343,-1,52.75,52.75,0
1786402762542,9080.15,die0,9127,9127,0.605343,-1,52.75,52.75,0
1786402762642,9080.15,die0,9122,9122,0.605343,-1,52.75,52.75,0
1786402762742,9080.15,die0,9118,9118,0.605343,-1,52.75,52.75,0
1786402762842,9018.79,die0,9110,9110,0.601252,-1,52.75,52.75,0
1786402762942,9018.79,die0,9103,9103,0.601252,-1,52.75,52.75,0
1786402763042,9018.79,die0,9096,9096,0.601252,-1,52.75,52.75,0
1786402763142,9018.79,die0,9090,9090,0.601252,-1,52.75,52.75,0
1786402763242,9018.79,die0,9084,9084,0.601252,-1,52.75,52.75,0
1786402763342,9018.79,die0,9078,9078,0.601252,-1,52.75,52.75,0
1786402763443,9018.79,die0,9073,9073,0.601252,-1,52.75,52.75,0
1786402763542,9018.79,die0,9068,9068,0.601252,-1,52.75,52.75,0
1786402763642,9018.79,die0,9063,9063,0.601252,-1,52.75,52.75,0
1786402763742,9018.79,die0,9059,9059,0.601252,-1,52.75,52.75,0
1786402763842,8971.5,die0,9051,9051,0.5981,-1,52.8125,52.8125,0
1786402763942,8971.5,die0,9044,9044,0.5981,-1,52.8125,52.8125,0
1786402764042,8971.5,die0,9037,9037,0.5981,-1,52.8125,52.8125,0
1786402764142,8971.5,die0,9031,9031,0.5981,-1,52.8125,52.8125,0
1786402764242,8971.5,die0,9025,9025,0.5981,-1,52.8125,52.8125,0
1786402764342,8971.5,die0,9019,9019,0.5981,-1,52.8125,52.8125,0
1786402764442,8971.5,die0,9014,9014,0.5981,-1,52.8125,52.8125,0
1786402764542,8971.5,die0,9009,9009,0.5981,-1,52.8125,52.8125,0
1786402764642,8971.5,die0,9005,9005,0.5981,-1,52.8125,52.8125,0
1786402764742,8971.5,die0,9000,9000,0.5981,-1,52.8125,52.8125,0
1786402764842,8924.53,die0,8993,8993,0.594968,-1,52.875,52.875,0
1786402764942,8924.53,die0,8985,8985,0.594968,-1,52.875,52.875,0
1786402765042,8924.53,die0,8978,8978,0.594968,-1,52.875,52.875,0
1786402765142,8924.53,die0,8972,8972,0.594968,-1,52.875,52.875,0
1786402765242,8924.53,die0,8966,8966,0.594968,-1,52.875,52.875,0
1786402765342,8924.53,die0,8960,8960,0.594968,-1,52.875,52.875,0
1786402765446,8924.53,die0,8955,8955,0.594968,-1,52.875,52.875,0
1786402765542,8924.53,die0,8950,8950,0.594968,-1,52.875,52.875,0
1786402765642,8924.53,die0,8946,8946,0.594968,-1,52.875,52.875,0
1786402765742,8924.53,die0,8942,8942,0.594968,-1,52.875,52.875,0
1786402765842,8849.71,die0,8934,8934,0.58998,-1,52.8125,52.8125,0
1786402765942,8849.71,die0,8926,8926,0.58998,-1,52.8125,52.8125,0
1786402766042,8849.71,die0,8919,8919,0.58998,-1,52.8125,52.8125,0
1786402766142,8849.71,die0,8913,8913,0.58998,-1,52.8125,52.8125,0
1786402766242,8849.71,die0,8907,8907,0.58998,-1,52.8125,52.8125,0
1786402766342,8849.71,die0,8902,8902,0.58998,-1,52.8125,52.8125,0
1786402766442,8849.71,die0,8896,8896,0.58998,-1,52.8125,52.8125,0
1786402766542,8849.71,die0,8891,8891,0.58998,-1,52.8125,52.8125,0
1786402766642,8849.71,die0,8887,8887,0.58998,-1,52.8125,52.8125,0
1786402766742,8849.71,die0,8883,8883,0.58998,-1,52.8125,52.8125,0
1786402766842,8802.73,die0,8875,8875,0.586849,-1,52.875,52.875,0
1786402766943,8802.73,die0,8868,8868,0.586849,-1,52.875,52.875,0
1786402767046,8802.73,die0,8861,8861,0.586849,-1,52.875,52.875,0
1786402767142,8802.73,die0,8854,8854,0.586849,-1,52.875,52.875,0
1786402767242,8802.73,die0,8848,8848,0.586849,-1,52.875,52.875,0
1786402767342,8802.73,die0,8843,8843,0.586849,-1,52.875,52.875,0
1786402767442,8802.73,die0,8838,8838,0.586849,-1,52.875,52.875,0
1786402767542,8802.73,die0,8833,8833,0.586849,-1,52.875,52.875,0
1786402767642,8802.73,die0,8828,8828,0.586849,-1,52.875,52.875,0
1786402767742,8802.73,die0,8824,8824,0.586849,-1,52.875,52.875,0
1786402767842,8756.07,die0,8816,8816,0.583738,-1,52.9375,52.9375,0
1786402767942,8756.07,die0,8809,8809,0.583738,-1,52.9375,52.9375,0
1786402768042,8756.07,die0,8802,8802,0.583738,-1,52.9375,52.9375,0
1786402768142,8756.07,die0,8795,8795,0.583738,-1,52.9375,52.9375,0
1786402768242,8756.07,die0,8789,8789,0.583738,-1,52.9375,52.9375,0
1786402768342,8756.07,die0,8784,8784,0.583738,-1,52.9375,52.9375,0
1786402768442,8756.07,die0,8779,8779,0.583738,-1,52.9375,52.9375,0
1786402768542,8756.07,die0,8774,8774,0.583738,-1,52.9375,52.9375,0
1786402768642,8756.07,die0,8769,8769,0.583738,-1,52.9375,52.9375,0
1786402768742,8756.07,die0,8765,8765,0.583738,-1,52.9375,52.9375,0
1786402768842,8681.56,die0,8757,8757,0.578771,-1,52.875,52.875,0
1786402768942,8681.56,die0,8750,8750,0.578771,-1,52.875,52.875,0
1786402769042,8681.56,die0,8743,8743,0.578771,-1,52.875,52.875,0
1786402769142,8681.56,die0,8737,8737,0.578771,-1,52.875,52.875,0
1786402769242,8681.56,die0,8731,8731,0.578771,-1,52.875,52.875,0
1786402769342,8681.56,die0,8725,8725,0.578771,-1,52.875,52.875,0
1786402769442,8681.56,die0,8720,8720,0.578771,-1,52.875,52.875,0
1786402769542,8681.56,die0,8715,8715,0.578771,-1,52.875,52.875,0
1786402769642,8681.56,die0,8710,8710,0.578771,-1,52.875,52.875,0
1786402769742,8681.56,die0,8706,8706,0.578771,-1,52.875,52.875,0
1786402769842,8634.9,die0,8698,8698,0.57566,-1,52.9375,52.9375,0
1786402769942,8634.9,die0,8691,8691,0.57566,-1,52.9375,52.9375,0
1786402770042,8634.9,die0,8684,8684,0.57566,-1,52.9375,52.9375,0
1786402770142,8634.9,die0,8678,8678,0.57566,-1,52.9375,52.9375,0
1786402770242,8634.9,die0,8672,8672,0.57566,-1,52.9375,52.9375,0
1786402770342,8634.9,die0,8666,8666,0.57566,-1,52.9375,52.9375,0
1786402770442,8634.9,die0,8661,8661,0.57566,-1,52.9375,52.9375,0
1786402770542,8634.9,die0,8656,8656,0.57566,-1,52.9375,52.9375,0
1786402770642,8634.9,die0,8652,8652,0.57566,-1,52.9375,52.9375,0
1786402770742,8634.9,die0,8647,8647,0.57566,-1,52.9375,52.9375,0
1786402770842,8588.56,die0,8643,8643,0.572571,-1,53,53,0
1786402770942,8588.56,die0,8640,8640,0.572571,-1,53,53,0
1786402771042,8588.56,die0,8636,8636,0.572571,-1,53,53,0
1786402771142,8588.56,die0,8633,8633,0.572571,-1,53,53,0
1786402771242,8588.56,die0,8630,8630,0.572571,-1,53,53,0
1786402771342,8588.56,die0,8627,8627,0.572571,-1,53,53,0
1786402771442,8588.56,die0,8625,8625,0.572571,-1,53,53,0
1786402771542,8588.56,die0,8622,8622,0.572571,-1,53,53,0
1786402771642,8588.56,die0,8620,8620,0.572571,-1,53,53,0
1786402771742,8588.56,die0,8618,8618,0.572571,-1,53,53,0
1786402771842,8542.52,die0,8612,8612,0.569502,-1,53.0625,53.0625,0
1786402771942,8542.52,die0,8607,8607,0.569502,-1,53.0625,53.0625,0
1786402772042,8542.52,die0,8601,8601,0.569502,-1,53.0625,53.0625,0
1786402772142,8542.52,die0,8597,8597,0.569502,-1,53.0625,53.0625,0
1786402772242,8542.52,die0,8592,8592,0.569502,-1,53.0625,53.0625,0
1786402772342,8542.52,die0,8588,8588,0.569502,-1,53.0625,53.0625,0
1786402772442,8542.52,die0,8584,8584,0.569502,-1,53.0625,53.0625,0
1786402772542,8542.52,die0,8580,8580,0.569502,-1,53.0625,53.0625,0
1786402772642,8542.52,die0,8577,8577,0.569502,-1,53.0625,53.0625,0
1786402772742,8542.52,die0,8574,8574,0.569502,-1,53.0625,53.0625,0
1786402772842,8496.8,die0,8567,8567,0.566454,-1,53.125,53.125,0
1786402772942,8496.8,die0,8561,8561,0.566454,-1,53.125,53.125,0
1786402773042,8496.8,die0,8555,8555,0.566454,-1,53.125,53.125,0
1786402773142,8496.8,die0,8549,8549,0.566454,-1,53.125,53.125,0
1786402773242,8496.8,die0,8544,8544,0.566454,-1,53.125,53.125,0
1786402773342,8496.8,die0,8539,8539,0.566454,-1,53.125,53.125,0
1786402773442,8496.8,die0,8534,8534,0.566454,-1,53.125,53.125,0
1786402773546,8496.8,die0,8530,8530,0.566454,-1,53.125,53.125,0
1786402773642,8496.8,die0,8526,8526,0.566454,-1,53.125,53.125,0
1786402773742,8496.8,die0,8522,8522,0.566454,-1,53.125,53.125,0
1786402773842,8423.24,die0,8515,8515,0.561549,-1,53.0625,53.0625,0
1786402773942,8423.24,die0,8508,8508,0.561549,-1,53.0625,53.0625,0
1786402774042,8423.24,die0,8502,8502,0.561549,-1,53.0625,53.0625,0
1786402774142,8423.24,die0,8496,8496,0.561549,-1,53.0625,53.0625,0
1786402774242,8423.24,die0,8490,8490,0.561549,-1,53.0625,53.0625,0
1786402774342,8423.24,die0,8485,8485,0.561549,-1,53.0625,53.0625,0
1786402774442,8423.24,die0,8480,8480,0.561549,-1,53.0625,53.0625,0
1786402774542,8423.24,die0,8475,8475,0.561549,-1,53.0625,53.0625,0
1786402774642,8423.24,die0,8471,8471,0.561549,-1,53.0625,53.0625,0
1786402774742,8423.24,die0,8467,8467,0.561549,-1,53.0625,53.0625,0
1786402774842,8391.59,die0,8460,8460,0.55944,-1,53.1875,53.1875,0
1786402774942,8391.59,die0,8453,8453,0.55944,-1,53.1875,53.1875,0
1786402775042,8391.59,die0,8446,8446,0.55944,-1,53.1875,53.1875,0
1786402775142,8391.59,die0,8440,8440,0.55944,-1,53.1875,53.1875,0
1786402775242,8391.59,die0,8434,8434,0.55944,-1,53.1875,53.1875,0
1786402775342,8391.59,die0,8428,8428,0.55944,-1,53.1875,53.1875,0
1786402775442,8391.59,die0,8423,8423,0.55944,-1,53.1875,53.1875,0
1786402775542,8391.59,die0,8419,8419,0.55944,-1,53.1875,53.1875,0
1786402775642,8391.59,die0,8414,8414,0.55944,-1,53.1875,53.1875,0
1786402775742,8391.59,die0,8410,8410,0.55944,-1,53.1875,53.1875,0
1786402775842,8346.5,die0,8403,8403,0.556433,-1,53.25,53.25,0
1786402775942,8346.5,die0,8395,8395,0.556433,-1,53.25,53.25,0
1786402776042,8346.5,die0,8389,8389,0.556433,-1,53.25,53.25,0
1786402776142,8346.5,die0,8382,8382,0.556433,-1,53.25,53.25,0
1786402776242,8346.5,die0,8376,8376,0.556433,-1,53.25,53.25,0
1786402776342,8346.5,die0,8371,8371,0.556433,-1,53.25,53.25,0
1786402776442,8346.5,die0,8366,8366,0.556433,-1,53.25,53.25,0
1786402776543,8346.5,die0,8361,8361,0.556433,-1,53.25,53.25,0
1786402776642,8346.5,die0,8357,8357,0.556433,-1,53.25,53.25,0
1786402776742,8346.5,die0,8352,8352,0.556433,-1,53.25,53.25,0
1786402776842,8273.56,die0,8345,8345,0.551571,-1,53.1875,53.1875,0
1786402776942,8273.56,die0,8337,8337,0.551571,-1,53.1875,53.1875,0
1786402777042,8273.56,die0,8330,8330,0.551571,-1,53.1875,53.1875,0
1786402777142,8273.56,die0,8324,8324,0.551571,-1,53.1875,53.1875,0
1786402777242,8273.56,die0,8318,8318,0.551571,-1,53.1875,53.1875,0
1786402777343,8273.56,die0,8313,8313,0.551571,-1,53.1875,53.1875,0
1786402777442,8273.56,die0,8308,8308,0.551571,-1,53.1875,53.1875,0
1786402777542,8273.56,die0,8303,8303,0.551571,-1,53.1875,53.1875,0
1786402777642,8273.56,die0,8298,8298,0.551571,-1,53.1875,53.1875,0
1786402777742,8273.56,die0,8294,8294,0.551571,-1,53.1875,53.1875,0
1786402777842,8242.54,die0,8290,8290,0.549503,-1,53.3125,53.3125,0
1786402777942,8242.54,die0,8286,8286,0.549503,-1,53.3125,53.3125,0
1786402778042,8242.54,die0,8283,8283,0.549503,-1,53.3125,53.3125,0
1786402778142,8242.54,die0,8280,8280,0.549503,-1,53.3125,53.3125,0
1786402778242,8242.54,die0,8277,8277,0.549503,-1,53.3125,53.3125,0
1786402778342,8242.54,die0,8274,8274,0.549503,-1,53.3125,53.3125,0
1786402778442,8242.54,die0,8272,8272,0.549503,-1,53.3125,53.3125,0
1786402778542,8242.54,die0,8269,8269,0.549503,-1,53.3125,53.3125,0
1786402778642,8242.54,die0,8267,8267,0.549503,-1,53.3125,53.3125,0
1786402778742,8242.54,die0,8265,8265,0.549503,-1,53.3125,53.3125,0
1786402778842,8184,die0,8259,8259,0.5456,-1,53.3125,53.3125,0
1786402778942,8184,die0,8253,8253,0.5456,-1,53.3125,53.3125,0
1786402779043,8184,die0,8248,8248,0.5456,-1,53.3125,53.3125,0
1786402779142,8184,die0,8243,8243,0.5456,-1,53.3125,53.3125,0
1786402779242,8184,die0,8239,8239,0.5456,-1,53.3125,53.3125,0
1786402779342,8184,die0,8235,8235,0.5456,-1,53.3125,53.3125,0
1786402779442,8184,die0,8231,8231,0.5456,-1,53.3125,53.3125,0
1786402779542,8184,die0,8227,8227,0.5456,-1,53.3125,53.3125,0
1786402779642,8184,die0,8224,8224,0.5456,-1,53.3125,53.3125,0
1786402779742,8184,die0,8221,8221,0.5456,-1,53.3125,53.3125,0
1786402779842,8139.53,die0,8214,8214,0.542635,-1,53.375,53.375,0
1786402779942,8139.53,die0,8207,8207,0.542635,-1,53.375,53.375,0
1786402780042,8139.53,die0,8201,8201,0.542635,-1,53.375,53.375,0
1786402780142,8139.53,die0,8196,8196,0.542635,-1,53.375,53.375,0
1786402780242,8139.53,die0,8191,8191,0.542635,-1,53.375,53.375,0
1786402780342,8139.53,die0,8186,8186,0.542635,-1,53.375,53.375,0
1786402780442,8139.53,die0,8181,8181,0.542635,-1,53.375,53.375,0
1786402780542,8139.53,die0,8177,8177,0.542635,-1,53.375,53.375,0
1786402780642,8139.53,die0,8173,8173,0.542635,-1,53.375,53.375,0
1786402780742,8139.53,die0,8169,8169,0.542635,-1,53.375,53.375,0
1786402780842,8109.45,die0,8162,8162,0.54063,-1,53.5,53.5,0
1786402780942,8109.45,die0,8155,8155,0.54063,-1,53.5,53.5,0
1786402781042,8109.45,die0,8149,8149,0.54063,-1,53.5,53.5,0
1786402781142,8109.45,die0,8143,8143,0.54063,-1,53.5,53.5,0
1786402781242,8109.45,die0,8137,8137,0.54063,-1,53.5,53.5,0
1786402781343,8109.45,die0,8132,8132,0.54063,-1,53.5,53.5,0
1786402781442,8109.45,die0,8127,8127,0.54063,-1,53.5,53.5,0
1786402781542,8109.45,die0,8122,8122,0.54063,-1,53.5,53.5,0
1786402781642,8109.45,die0,8118,8118,0.54063,-1,53.5,53.5,0
1786402781742,8109.45,die0,8114,8114,0.54063,-1,53.5,53.5,0
1786402781842,8051.84,die0,8107,8107,0.53679,-1,53.5,53.5,0
1786402781942,8051.84,die0,8100,8100,0.53679,-1,53.5,53.5,0
1786402782042,8051.84,die0,8093,8093,0.53679,-1,53.5,53.5,0
1786402782142,8051.84,die0,8087,8087,0.53679,-1,53.5,53.5,0
1786402782242,8051.84,die0,8081,8081,0.53679,-1,53.5,53.5,0
1786402782346,8051.84,die0,8076,8076,0.53679,-1,53.5,53.5,0
1786402782442,8051.84,die0,8071,8071,0.53679,-1,53.5,53.5,0
1786402782542,8051.84,die0,8066,8066,0.53679,-1,53.5,53.5,0
1786402782642,8051.84,die0,8061,8061,0.53679,-1,53.5,53.5,0
1786402782742,8051.84,die0,8057,8057,0.53679,-1,53.5,53.5,0
1786402782842,8008.31,die0,8053,8053,0.533888,-1,53.5625,53.5625,0
1786402782942,8008.31,die0,8050,8050,0.533888,-1,53.5625,53.5625,0
1786402783042,8008.31,die0,8047,8047,0.533888,-1,53.5625,53.5625,0
1786402783142,8008.31,die0,8043,8043,0.533888,-1,53.5625,53.5625,0
1786402783242,8008.31,die0,8041,8041,0.533888,-1,53.5625,53.5625,0
1786402783342,8008.31,die0,8038,8038,0.533888,-1,53.5625,53.5625,0
1786402783442,8008.31,die0,8035,8035,0.533888,-1,53.5625,53.5625,0
1786402783542,8008.31,die0,8033,8033,0.533888,-1,53.5625,53.5625,0
1786402783642,8008.31,die0,8031,8031,0.533888,-1,53.5625,53.5625,0
1786402783742,8008.31,die0,8029,8029,0.533888,-1,53.5625,53.5625,0
1786402783842,7965.1,die0,8023,8023,0.531007,-1,53.625,53.625,0
1786402783942,7965.1,die0,8017,8017,0.531007,-1,53.625,53.625,0
1786402784042,7965.1,die0,8012,8012,0.531007,-1,53.625,53.625,0
1786402784142,7965.1,die0,8008,8008,0.531007,-1,53.625,53.625,0
1786402784242,7965.1,die0,8003,8003,0.531007,-1,53.625,53.625,0
1786402784342,7965.1,die0,7999,7999,0.531007,-1,53.625,53.625,0
1786402784442,7965.1,die0,7995,7995,0.531007,-1,53.625,53.625,0
1786402784542,7965.1,die0,7992,7992,0.531007,-1,53.625,53.625,0
1786402784642,7965.1,die0,7988,7988,0.531007,-1,53.625,53.625,0
1786402784742,7965.1,die0,7985,7985,0.531007,-1,53.625,53.625,0
1786402784842,7908.11,die0,7978,7978,0.527208,-1,53.625,53.625,0
1786402784942,7908.11,die0,7972,7972,0.527208,-1,53.625,53.625,0
1786402785042,7908.11,die0,7966,7966,0.527208,-1,53.625,53.625,0
1786402785142,7908.11,die0,7960,7960,0.527208,-1,53.625,53.625,0
1786402785242,7908.11,die0,7955,7955,0.527208,-1,53.625,53.625,0
1786402785342,7908.11,die0,7950,7950,0.527208,-1,53.625,53.625,0
1786402785442,7908.11,die0,7946,7946,0.527208,-1,53.625,53.625,0
1786402785542,7908.11,die0,7942,7942,0.527208,-1,53.625,53.625,0
1786402785642,7908.11,die0,7938,7938,0.527208,-1,53.625,53.625,0
1786402785742,7908.11,die0,7934,7934,0.527208,-1,53.625,53.625,0
1786402785842,7865.21,die0,7927,7927,0.524347,-1,53.6875,53.6875,0
1786402785942,7865.21,die0,7920,7920,0.524347,-1,53.6875,53.6875,0
1786402786042,7865.21,die0,7913,7913,0.524347,-1,53.6875,53.6875,0
1786402786142,7865.21,die0,7907,7907,0.524347,-1,53.6875,53.6875,0
1786402786242,7865.21,die0,7902,7902,0.524347,-1,53.6875,53.6875,0
1786402786342,7865.21,die0,7896,7896,0.524347,-1,53.6875,53.6875,0
1786402786442,7865.21,die0,7892,7892,0.524347,-1,53.6875,53.6875,0
1786402786542,7865.21,die0,7887,7887,0.524347,-1,53.6875,53.6875,0
1786402786642,7865.21,die0,7883,7883,0.524347,-1,53.6875,53.6875,0
1786402786742,7865.21,die0,7879,7879,0.524347,-1,53.6875,53.6875,0
1786402786842,7822.62,die0,7871,7871,0.521508,-1,53.75,53.75,0
1786402786943,7822.62,die0,7864,7864,0.521508,-1,53.75,53.75,0
1786402787042,7822.62,die0,7858,7858,0.521508,-1,53.75,53.75,0
1786402787142,7822.62,die0,7851,7851,0.521508,-1,53.75,53.75,0
1786402787243,7822.62,die0,7846,7846,0.521508,-1,53.75,53.75,0
1786402787343,7822.62,die0,7840,7840,0.521508,-1,53.75,53.75,0
1786402787442,7822.62,die0,7835,7835,0.521508,-1,53.75,53.75,0
1786402787542,7822.62,die0,7830,7830,0.521508,-1,53.75,53.75,0
1786402787642,7822.62,die0,7826,7826,0.521508,-1,53.75,53.75,0
1786402787743,7822.62,die0,7822,7822,0.521508,-1,53.75,53.75,0
1786402787842,7794.43,die0,7818,7818,0.519628,-1,53.875,53.875,0
1786402787942,7794.43,die0,7815,7815,0.519628,-1,53.875,53.875,0
1786402788042,7794.43,die0,7811,7811,0.519628,-1,53.875,53.875,0
1786402788142,7794.43,die0,7808,7808,0.519628,-1,53.875,53.875,0
1786402788243,7794.43,die0,7805,7805,0.519628,-1,53.875,53.875,0
1786402788342,7794.43,die0,7803,7803,0.519628,-1,53.875,53.875,0
1786402788442,7794.43,die0,7800,7800,0.519628,-1,53.875,53.875,0
1786402788542,7794.43,die0,7798,7798,0.519628,-1,53.875,53.875,0
1786402788642,7794.43,die0,7795,7795,0.519628,-1,53.875,53.875,0
1786402788742,7794.43,die0,7793,7793,0.519628,-1,53.875,53.875,0
1786402788842,7752.78,die0,7788,7788,0.516852,-1,53.9375,53.9375,0
1786402788942,7752.78,die0,7782,7782,0.516852,-1,53.9375,53.9375,0
1786402789042,7752.78,die0,7777,7777,0.516852,-1,53.9375,53.9375,0
1786402789142,7752.78,die0,7772,7772,0.516852,-1,53.9375,53.9375,0
1786402789242,7752.78,die0,7768,7768,0.516852,-1,53.9375,53.9375,0
1786402789343,7752.78,die0,7764,7764,0.516852,-1,53.9375,53.9375,0
1786402789443,7752.78,die0,7760,7760,0.516852,-1,53.9375,53.9375,0
1786402789542,7752.78,die0,7756,7756,0.516852,-1,53.9375,53.9375,0
1786402789642,7752.78,die0,7753,7753,0.516852,-1,53.9375,53.9375,0
1786402789742,7752.78,die0,7750,7750,0.516852,-1,53.9375,53.9375,0
1786402789842,7711.44,die0,7747,7747,0.514096,-1,54,54,0
1786402789942,7711.44,die0,7744,7744,0.514096,-1,54,54,0
1786402790042,7711.44,die0,7742,7742,0.514096,-1,54,54,0
1786402790142,7711.44,die0,7739,7739,0.514096,-1,54,54,0
1786402790242,7711.44,die0,7737,7737,0.514096,-1,54,54,0
1786402790342,7711.44,die0,7735,7735,0.514096,-1,54,54,0
1786402790442,7711.44,die0,7733,7733,0.514096,-1,54,54,0
1786402790542,7711.44,die0,7731,7731,0.514096,-1,54,54,0
1786402790642,7711.44,die0,7729,7729,0.514096,-1,54,54,0
1786402790742,7711.44,die0,7728,7728,0.514096,-1,54,54,0
1786402790843,7642.25,die0,7719,7719,0.509484,-1,53.9375,53.9375,0
1786402790942,7642.25,die0,7710,7710,0.509484,-1,53.9375,53.9375,0
1786402791042,7642.25,die0,7702,7702,0.509484,-1,53.9375,53.9375,0
1786402791142,7642.25,die0,7694,7694,0.509484,-1,53.9375,53.9375,0
1786402791242,7642.25,die0,7687,7687,0.509484,-1,53.9375,53.9375,0
1786402791342,7642.25,die0,7681,7681,0.509484,-1,53.9375,53.9375,0
1786402791442,7642.25,die0,7674,7674,0.509484,-1,53.9375,53.9375,0
1786402791542,7642.25,die0,7669,7669,0.509484,-1,53.9375,53.9375,0
1786402791642,7642.25,die0,7663,7663,0.509484,-1,53.9375,53.9375,0
1786402791742,7642.25,die0,7658,7658,0.509484,-1,53.9375,53.9375,0
1786402791842,7615,die0,7654,7654,0.507666,-1,54.0625,54.0625,0
1786402791942,7615,die0,7649,7649,0.507666,-1,54.0625,54.0625,0
1786402792042,7615,die0,7645,7645,0.507666,-1,54.0625,54.0625,0
1786402792143,7615,die0,7641,7641,0.507666,-1,54.0625,54.0625,0
1786402792242,7615,die0,7638,7638,0.507666,-1,54.0625,54.0625,0
1786402792342,7615,die0,7635,7635,0.507666,-1,54.0625,54.0625,0
1786402792442,7615,die0,7631,7631,0.507666,-1,54.0625,54.0625,0
1786402792542,7615,die0,7629,7629,0.507666,-1,54.0625,54.0625,0
1786402792642,7615,die0,7626,7626,0.507666,-1,54.0625,54.0625,0
1786402792742,7615,die0,7623,7623,0.507666,-1,54.0625,54.0625,0
1786402792842,7574.29,die0,7617,7617,0.504952,-1,54.125,54.125,0
1786402792942,7574.29,die0,7611,7611,0.504952,-1,54.125,54.125,0
1786402793042,7574.29,die0,7606,7606,0.504952,-1,54.125,54.125,0
1786402793143,7574.29,die0,7601,7601,0.504952,-1,54.125,54.125,0
1786402793243,7574.29,die0,7596,7596,0.504952,-1,54.125,54.125,0
1786402793342,7574.29,die0,7592,7592,0.504952,-1,54.125,54.125,0
1786402793443,7574.29,die0,7587,7587,0.504952,-1,54.125,54.125,0
1786402793542,7574.29,die0,7584,7584,0.504952,-1,54.125,54.125,0
1786402793642,7574.29,die0,7580,7580,0.504952,-1,54.125,54.125,0
1786402793743,7574.29,die0,7577,7577,0.504952,-1,54.125,54.125,0
1786402793842,7505.73,die0,7569,7569,0.500382,-1,54.0625,54.0625,0
1786402793942,7505.73,die0,7563,7563,0.500382,-1,54.0625,54.0625,0
1786402794042,7505.73,die0,7557,7557,0.500382,-1,54.0625,54.0625,0
1786402794142,7505.73,die0,7551,7551,0.500382,-1,54.0625,54.0625,0
1786402794242,7505.73,die0,7546,7546,0.500382,-1,54.0625,54.0625,0
1786402794343,7505.73,die0,7541,7541,0.500382,-1,54.0625,54.0625,0
1786402794442,7505.73,die0,7536,7536,0.500382,-1,54.0625,54.0625,0
1786402794542,7505.73,die0,7532,7532,0.500382,-1,54.0625,54.0625,0
1786402794642,7505.73,die0,7528,7528,0.500382,-1,54.0625,54.0625,0
1786402794742,7505.73,die0,7524,7524,0.500382,-1,54.0625,54.0625,0
1786402794842,7493.18,die0,7520,7520,0.499545,-1,54.25,54.25,0
1786402794942,7493.18,die0,7517,7517,0.499545,-1,54.25,54.25,0
1786402795042,7493.18,die0,7514,7514,0.499545,-1,54.25,54.25,0
1786402795142,7493.18,die0,7511,7511,0.499545,-1,54.25,54.25,0
1786402795242,7493.18,die0,7508,7508,0.499545,-1,54.25,54.25,0
1786402795342,7493.18,die0,7506,7506,0.499545,-1,54.25,54.25,0
1786402795442,7493.18,die0,7503,7503,0.499545,-1,54.25,54.25,0
1786402795542,7493.18,die0,7501,7501,0.499545,-1,54.25,54.25,0
1786402795642,7493.18,die0,7499,7499,0.499545,-1,54.25,54.25,0
1786402795742,7493.18,die0,7497,7497,0.499545,-1,54.25,54.25,0
1786402795842,7467.48,die0,7492,7492,0.497832,-1,54.375,54.375,0
1786402795942,7467.48,die0,7486,7486,0.497832,-1,54.375,54.375,0
1786402796042,7467.48,die0,7481,7481,0.497832,-1,54.375,54.375,0
1786402796142,7467.48,die0,7477,7477,0.497832,-1,54.375,54.375,0
1786402796242,7467.48,die0,7472,7472,0.497832,-1,54.375,54.375,0
1786402796343,7467.48,die0,7468,7468,0.497832,-1,54.375,54.375,0
1786402796442,7467.48,die0,7465,7465,0.497832,-1,54.375,54.375,0
1786402796543,7467.48,die0,7461,7461,0.497832,-1,54.375,54.375,0
1786402796642,7467.48,die0,7458,7458,0.497832,-1,54.375,54.375,0
1786402796742,7467.48,die0,7455,7455,0.497832,-1,54.375,54.375,0
1786402796842,7414.26,die0,7452,7452,0.494284,-1,54.375,54.375,0
1786402796942,7414.26,die0,7449,7449,0.494284,-1,54.375,54.375,0
1786402797042,7414.26,die0,7447,7447,0.494284,-1,54.375,54.375,0
1786402797142,7414.26,die0,7444,7444,0.494284,-1,54.375,54.375,0
1786402797242,7414.26,die0,7442,7442,0.494284,-1,54.375,54.375,0
1786402797342,7414.26,die0,7440,7440,0.494284,-1,54.375,54.375,0
1786402797442,7414.26,die0,7438,7438,0.494284,-1,54.375,54.375,0
1786402797542,7414.26,die0,7436,7436,0.494284,-1,54.375,54.375,0
1786402797642,7414.26,die0,7435,7435,0.494284,-1,54.375,54.375,0
1786402797742,7414.26,die0,7433,7433,0.494284,-1,54.375,54.375,0
1786402797842,7375.11,die0,7428,7428,0.491674,-1,54.4375,54.4375,0
1786402797942,7375.11,die0,7423,7423,0.491674,-1,54.4375,54.4375,0
1786402798042,7375.11,die0,7418,7418,0.491674,-1,54.4375,54.4375,0
1786402798142,7375.11,die0,7414,7414,0.491674,-1,54.4375,54.4375,0
1786402798246,7375.11,die0,7410,7410,0.491674,-1,54.4375,54.4375,0
1786402798342,7375.11,die0,7406,7406,0.491674,-1,54.4375,54.4375,0
1786402798442,7375.11,die0,7403,7403,0.491674,-1,54.4375,54.4375,0
1786402798542,7375.11,die0,7399,7399,0.491674,-1,54.4375,54.4375,0
1786402798642,7375.11,die0,7396,7396,0.491674,-1,54.4375,54.4375,0
1786402798742,7375.11,die0,7393,7393,0.491674,-1,54.4375,54.4375,0
1786402798842,7350.36,die0,7387,7387,0.490024,-1,54.5625,54.5625,0
1786402798942,7350.36,die0,7380,7380,0.490024,-1,54.5625,54.5625,0
1786402799042,7350.36,die0,7375,7375,0.490024,-1,54.5625,54.5625,0
1786402799142,7350.36,die0,7369,7369,0.490024,-1,54.5625,54.5625,0
1786402799242,7350.36,die0,7364,7364,0.490024,-1,54.5625,54.5625,0
1786402799342,7350.36,die0,7360,7360,0.490024,-1,54.5625,54.5625,0
1786402799442,7350.36,die0,7355,7355,0.490024,-1,54.5625,54.5625,0
1786402799542,7350.36,die0,7351,7351,0.490024,-1,54.5625,54.5625,0
1786402799642,7350.36,die0,7347,7347,0.490024,-1,54.5625,54.5625,0
1786402799742,7350.36,die0,7344,7344,0.490024,-1,54.5625,54.5625,0
1786402799842,7298.07,die0,7341,7341,0.486538,-1,54.5625,54.5625,0
1786402799942,7298.07,die0,7337,7337,0.486538,-1,54.5625,54.5625,0
1786402800042,7298.07,die0,7335,7335,0.486538,-1,54.5625,54.5625,0
1786402800142,7298.07,die0,7332,7332,0.486538,-1,54.5625,54.5625,0
1786402800242,7298.07,die0,7329,7329,0.486538,-1,54.5625,54.5625,0
1786402800342,7298.07,die0,7327,7327,0.486538,-1,54.5625,54.5625,0
1786402800442,7298.07,die0,7325,7325,0.486538,-1,54.5625,54.5625,0
1786402800542,7298.07,die0,7323,7323,0.486538,-1,54.5625,54.5625,0
1786402800642,7298.07,die0,7321,7321,0.486538,-1,54.5625,54.5625,0
1786402800742,7298.07,die0,7319,7319,0.486538,-1,54.5625,54.5625,0
1786402800842,7288.03,die0,7313,7313,0.485869,-1,54.75,54.75,0
1786402800942,7288.03,die0,7308,7308,0.485869,-1,54.75,54.75,0
1786402801042,7288.03,die0,7303,7303,0.485869,-1,54.75,54.75,0
1786402801142,7288.03,die0,7299,7299,0.485869,-1,54.75,54.75,0
1786402801242,7288.03,die0,7295,7295,0.485869,-1,54.75,54.75,0
1786402801342,7288.03,die0,7291,7291,0.485869,-1,54.75,54.75,0
1786402801442,7288.03,die0,7287,7287,0.485869,-1,54.75,54.75,0
1786402801542,7288.03,die0,7284,7284,0.485869,-1,54.75,54.75,0
1786402801642,7288.03,die0,7280,7280,0.485869,-1,54.75,54.75,0
1786402801743,7288.03,die0,7277,7277,0.485869,-1,54.75,54.75,0
1786402801842,7208.52,die0,7271,7271,0.480568,-1,54.625,54.625,0
1786402801942,7208.52,die0,7264,7264,0.480568,-1,54.625,54.625,0
1786402802042,7208.52,die0,7258,7258,0.480568,-1,54.625,54.625,0
1786402802142,7208.52,die0,7253,7253,0.480568,-1,54.625,54.625,0
1786402802242,7208.52,die0,7248,7248,0.480568,-1,54.625,54.625,0
1786402802342,7208.52,die0,7243,7243,0.480568,-1,54.625,54.625,0
1786402802442,7208.52,die0,7239,7239,0.480568,-1,54.625,54.625,0
1786402802542,7208.52,die0,7235,7235,0.480568,-1,54.625,54.625,0
1786402802642,7208.52,die0,7231,7231,0.480568,-1,54.625,54.625,0
1786402802742,7208.52,die0,7227,7227,0.480568,-1,54.625,54.625,0
1786402802842,7184.71,die0,7224,7224,0.478981,-1,54.75,54.75,0
1786402802942,7184.71,die0,7221,7221,0.478981,-1,54.75,54.75,0
1786402803042,7184.71,die0,7218,7218,0.478981,-1,54.75,54.75,0
1786402803142,7184.71,die0,7215,7215,0.478981,-1,54.75,54.75,0
1786402803242,7184.71,die0,7212,7212,0.478981,-1,54.75,54.75,0
1786402803342,7184.71,die0,7210,7210,0.478981,-1,54.75,54.75,0
1786402803442,7184.71,die0,7208,7208,0.478981,-1,54.75,54.75,0
1786402803542,7184.71,die0,7206,7206,0.478981,-1,54.75,54.75,0
1786402803642,7184.71,die0,7204,7204,0.478981,-1,54.75,54.75,0
1786402803742,7184.71,die0,7202,7202,0.478981,-1,54.75,54.75,0
1786402803842,7189.68,die0,7200,7200,0.479312,-1,55,55,0
1786402803942,7189.68,die0,7199,7199,0.479312,-1,55,55,0
1786402804042,7189.68,die0,7197,7197,0.479312,-1,55,55,0
1786402804142,7189.68,die0,7196,7196,0.479312,-1,55,55,0
1786402804242,7189.68,die0,7194,7194,0.479312,-1,55,55,0
1786402804342,7189.68,die0,7193,7193,0.479312,-1,55,55,0
1786402804442,7189.68,die0,7192,7192,0.479312,-1,55,55,0
1786402804542,7189.68,die0,7191,7191,0.479312,-1,55,55,0
1786402804642,7189.68,die0,7190,7190,0.479312,-1,55,55,0
1786402804742,7189.68,die0,7189,7189,0.479312,-1,55,55,0
1786402804842,7111.43,die0,7181,7181,0.474095,-1,54.875,54.875,0
1786402804942,7111.43,die0,7172,7172,0.474095,-1,54.875,54.875,0
1786402805042,7111.43,die0,7165,7165,0.474095,-1,54.875,54.875,0
1786402805142,7111.43,die0,7158,7158,0.474095,-1,54.875,54.875,0
1786402805242,7111.43,die0,7151,7151,0.474095,-1,54.875,54.875,0
1786402805342,7111.43,die0,7145,7145,0.474095,-1,54.875,54.875,0
1786402805450,7111.43,die0,7139,7139,0.474095,-1,54.875,54.875,0
1786402805542,7111.43,die0,7134,7134,0.474095,-1,54.875,54.875,0
1786402805642,7111.43,die0,7129,7129,0.474095,-1,54.875,54.875,0
1786402805742,7111.43,die0,7124,7124,0.474095,-1,54.875,54.875,0
1786402805842,7074.78,die0,7120,7120,0.471652,-1,54.9375,54.9375,0
1786402805943,7074.78,die0,7116,7116,0.471652,-1,54.9375,54.9375,0
1786402806042,7074.78,die0,7112,7112,0.471652,-1,54.9375,54.9375,0
1786402806142,7074.78,die0,7108,7108,0.471652,-1,54.9375,54.9375,0
1786402806242,7074.78,die0,7105,7105,0.471652,-1,54.9375,54.9375,0
1786402806343,7074.78,die0,7102,7102,0.471652,-1,54.9375,54.9375,0
1786402806442,7074.78,die0,7099,7099,0.471652,-1,54.9375,54.9375,0
1786402806542,7074.78,die0,7096,7096,0.471652,-1,54.9375,54.9375,0
1786402806642,7074.78,die0,7094,7094,0.471652,-1,54.9375,54.9375,0
1786402806742,7074.78,die0,7092,7092,0.471652,-1,54.9375,54.9375,0
1786402806843,7066.62,die0,7089,7089,0.471108,-1,55.125,55.125,0
1786402806942,7066.62,die0,7087,7087,0.471108,-1,55.125,55.125,0
1786402807042,7066.62,die0,7085,7085,0.471108,-1,55.125,55.125,0
1786402807142,7066.62,die0,7084,7084,0.471108,-1,55.125,55.125,0
1786402807242,7066.62,die0,7082,7082,0.471108,-1,55.125,55.125,0
1786402807342,7066.62,die0,7081,7081,0.471108,-1,55.125,55.125,0
1786402807442,7066.62,die0,7079,7079,0.471108,-1,55.125,55.125,0
1786402807542,7066.62,die0,7078,7078,0.471108,-1,55.125,55.125,0
1786402807642,7066.62,die0,7076,7076,0.471108,-1,55.125,55.125,0
1786402807742,7066.62,die0,7075,7075,0.471108,-1,55.125,55.125,0
1786402807842,7003.07,die0,7070,7070,0.466871,-1,55.0625,55.0625,0
1786402807942,7003.07,die0,7066,7066,0.466871,-1,55.0625,55.0625,0
1786402808042,7003.07,die0,7061,7061,0.466871,-1,55.0625,55.0625,0
1786402808142,7003.07,die0,7057,7057,0.466871,-1,55.0625,55.0625,0
1786402808242,7003.07,die0,7053,7053,0.466871,-1,55.0625,55.0625,0
1786402808342,7003.07,die0,7050,7050,0.466871,-1,55.0625,55.0625,0
1786402808442,7003.07,die0,7046,7046,0.466871,-1,55.0625,55.0625,0
1786402808542,7003.07,die0,7043,7043,0.466871,-1,55.0625,55.0625,0
1786402808642,7003.07,die0,7040,7040,0.466871,-1,55.0625,55.0625,0
1786402808742,7003.07,die0,7038,7038,0.466871,-1,55.0625,55.0625,0
1786402808842,6967.37,die0,7031,7031,0.464491,-1,55.125,55.125,0
1786402808942,6967.37,die0,7025,7025,0.464491,-1,55.125,55.125,0
1786402809042,6967.37,die0,7020,7020,0.464491,-1,55.125,55.125,0
1786402809142,6967.37,die0,7014,7014,0.464491,-1,55.125,55.125,0
1786402809243,6967.37,die0,7010,7010,0.464491,-1,55.125,55.125,0
1786402809342,6967.37,die0,7005,7005,0.464491,-1,55.125,55.125,0
1786402809442,6967.37,die0,7001,7001,0.464491,-1,55.125,55.125,0
1786402809542,6967.37,die0,6997,6997,0.464491,-1,55.125,55.125,0
1786402809642,6967.37,die0,6993,6993,0.464491,-1,55.125,55.125,0
1786402809742,6967.37,die0,6990,6990,0.464491,-1,55.125,55.125,0
1786402809842,6946.06,die0,6986,6986,0.463071,-1,55.25,55.25,0
1786402809942,6946.06,die0,6983,6983,0.463071,-1,55.25,55.25,0
1786402810042,6946.06,die0,6981,6981,0.463071,-1,55.25,55.25,0
1786402810142,6946.06,die0,6978,6978,0.463071,-1,55.25,55.25,0
1786402810242,6946.06,die0,6975,6975,0.463071,-1,55.25,55.25,0
1786402810343,6946.06,die0,6973,6973,0.463071,-1,55.25,55.25,0
1786402810442,6946.06,die0,6971,6971,0.463071,-1,55.25,55.25,0
1786402810542,6946.06,die0,6969,6969,0.463071,-1,55.25,55.25,0
1786402810643,6946.06,die0,6967,6967,0.463071,-1,55.25,55.25,0
1786402810746,6946.06,die0,6965,6965,0.463071,-1,55.25,55.25,0
1786402810842,6911.3,die0,6960,6960,0.460753,-1,55.3125,55.3125,0
1786402810942,6911.3,die0,6955,6955,0.460753,-1,55.3125,55.3125,0
1786402811042,6911.3,die0,6950,6950,0.460753,-1,55.3125,55.3125,0
1786402811142,6911.3,die0,6945,6945,0.460753,-1,55.3125,55.3125,0
1786402811242,6911.3,die0,6941,6941,0.460753,-1,55.3125,55.3125,0
1786402811342,6911.3,die0,6937,6937,0.460753,-1,55.3125,55.3125,0
1786402811443,6911.3,die0,6934,6934,0.460753,-1,55.3125,55.3125,0
1786402811542,6911.3,die0,6930,6930,0.460753,-1,55.3125,55.3125,0
1786402811642,6911.3,die0,6927,6927,0.460753,-1,55.3125,55.3125,0
1786402811742,6911.3,die0,6924,6924,0.460753,-1,55.3125,55.3125,0
1786402811843,6862.77,die0,6917,6917,0.457518,-1,55.3125,55.3125,0
1786402811942,6862.77,die0,6911,6911,0.457518,-1,55.3125,55.3125,0
1786402812042,6862.77,die0,6905,6905,0.457518,-1,55.3125,55.3125,0
1786402812142,6862.77,die0,6900,6900,0.457518,-1,55.3125,55.3125,0
1786402812242,6862.77,die0,6895,6895,0.457518,-1,55.3125,55.3125,0
1786402812342,6862.77,die0,6890,6890,0.457518,-1,55.3125,55.3125,0
1786402812442,6862.77,die0,6886,6886,0.457518,-1,55.3125,55.3125,0
1786402812542,6862.77,die0,6881,6881,0.457518,-1,55.3125,55.3125,0
1786402812642,6862.77,die0,6878,6878,0.457518,-1,55.3125,55.3125,0
1786402812742,6862.77,die0,6874,6874,0.457518,-1,55.3125,55.3125,0
1786402812842,6842.4,die0,6871,6871,0.45616,-1,55.4375,55.4375,0
1786402812942,6842.4,die0,6867,6867,0.45616,-1,55.4375,55.4375,0
1786402813042,6842.4,die0,6865,6865,0.45616,-1,55.4375,55.4375,0
1786402813142,6842.4,die0,6862,6862,0.45616,-1,55.4375,55.4375,0
1786402813242,6842.4,die0,6859,6859,0.45616,-1,55.4375,55.4375,0
1786402813342,6842.4,die0,6857,6857,0.45616,-1,55.4375,55.4375,0
1786402813442,6842.4,die0,6855,6855,0.45616,-1,55.4375,55.4375,0
1786402813542,6842.4,die0,6853,6853,0.45616,-1,55.4375,55.4375,0
1786402813642,6842.4,die0,6851,6851,0.45616,-1,55.4375,55.4375,0
1786402813742,6842.4,die0,6849,6849,0.45616,-1,55.4375,55.4375,0
1786402813842,6794.49,die0,6843,6843,0.452966,-1,55.4375,55.4375,0
1786402813943,6794.49,die0,6838,6838,0.452966,-1,55.4375,55.4375,0
1786402814042,6794.49,die0,6833,6833,0.452966,-1,55.4375,55.4375,0
1786402814143,6794.49,die0,6829,6829,0.452966,-1,55.4375,55.4375,0
1786402814242,6794.49,die0,6824,6824,0.452966,-1,55.4375,55.4375,0
1786402814343,6794.49,die0,6820,6820,0.452966,-1,55.4375,55.4375,0
1786402814442,6794.49,die0,6817,6817,0.452966,-1,55.4375,55.4375,0
1786402814542,6794.49,die0,6813,6813,0.452966,-1,55.4375,55.4375,0
1786402814642,6794.49,die0,6810,6810,0.452966,-1,55.4375,55.4375,0
1786402814742,6794.49,die0,6807,6807,0.452966,-1,55.4375,55.4375,0
1786402814842,6788.83,die0,6804,6804,0.452589,-1,55.625,55.625,0
1786402814942,6788.83,die0,6801,6801,0.452589,-1,55.625,55.625,0
1786402815042,6788.83,die0,6799,6799,0.452589,-1,55.625,55.625,0
1786402815142,6788.83,die0,6797,6797,0.452589,-1,55.625,55.625,0
1786402815242,6788.83,die0,6795,6795,0.452589,-1,55.625,55.625,0
1786402815342,6788.83,die0,6793,6793,0.452589,-1,55.625,55.625,0
1786402815442,6788.83,die0,6791,6791,0.452589,-1,55.625,55.625,0
1786402815542,6788.83,die0,6789,6789,0.452589,-1,55.625,55.625,0
1786402815642,6788.83,die0,6787,6787,0.452589,-1,55.625,55.625,0
1786402815742,6788.83,die0,6786,6786,0.452589,-1,55.625,55.625,0
1786402815842,6741.87,die0,6781,6781,0.449458,-1,55.625,55.625,0
1786402815942,6741.87,die0,6776,6776,0.449458,-1,55.625,55.625,0
1786402816042,6741.87,die0,6771,6771,0.449458,-1,55.625,55.625,0
1786402816142,6741.87,die0,6767,6767,0.449458,-1,55.625,55.625,0
1786402816242,6741.87,die0,6763,6763,0.449458,-1,55.625,55.625,0
1786402816342,6741.87,die0,6759,6759,0.449458,-1,55.625,55.625,0
1786402816442,6741.87,die0,6755,6755,0.449458,-1,55.625,55.625,0
1786402816542,6741.87,die0,6752,6752,0.449458,-1,55.625,55.625,0
1786402816642,6741.87,die0,6749,6749,0.449458,-1,55.625,55.625,0
1786402816742,6741.87,die0,6746,6746,0.449458,-1,55.625,55.625,0
1786402816842,6708.98,die0,6743,6743,0.447266,-1,55.6875,55.6875,0
1786402816942,6708.98,die0,6741,6741,0.447266,-1,55.6875,55.6875,0
1786402817043,6708.98,die0,6739,6739,0.447266,-1,55.6875,55.6875,0
1786402817142,6708.98,die0,6736,6736,0.447266,-1,55.6875,55.6875,0
1786402817242,6708.98,die0,6734,6734,0.447266,-1,55.6875,55.6875,0
1786402817342,6708.98,die0,6732,6732,0.447266,-1,55.6875,55.6875,0
1786402817442,6708.98,die0,6731,6731,0.447266,-1,55.6875,55.6875,0
1786402817542,6708.98,die0,6729,6729,0.447266,-1,55.6875,55.6875,0
1786402817642,6708.98,die0,6727,6727,0.447266,-1,55.6875,55.6875,0
1786402817743,6708.98,die0,6726,6726,0.447266,-1,55.6875,55.6875,0
1786402817846,6690.49,die0,6721,6721,0.446033,-1,55.8125,55.8125,0
1786402817942,6690.49,die0,6716,6716,0.446033,-1,55.8125,55.8125,0
1786402818042,6690.49,die0,6711,6711,0.446033,-1,55.8125,55.8125,0
1786402818142,6690.49,die0,6707,6707,0.446033,-1,55.8125,55.8125,0
1786402818242,6690.49,die0,6703,6703,0.446033,-1,55.8125,55.8125,0
1786402818342,6690.49,die0,6699,6699,0.446033,-1,55.8125,55.8125,0
1786402818442,6690.49,die0,6696,6696,0.446033,-1,55.8125,55.8125,0
1786402818542,6690.49,die0,6693,6693,0.446033,-1,55.8125,55.8125,0
1786402818642,6690.49,die0,6689,6689,0.446033,-1,55.8125,55.8125,0
1786402818742,6690.49,die0,6687,6687,0.446033,-1,55.8125,55.8125,0
1786402818842,6658.55,die0,6684,6684,0.443903,-1,55.875,55.875,0
1786402818942,6658.55,die0,6682,6682,0.443903,-1,55.875,55.875,0
1786402819042,6658.55,die0,6679,6679,0.443903,-1,55.875,55.875,0
1786402819142,6658.55,die0,6677,6677,0.443903,-1,55.875,55.875,0
1786402819242,6658.55,die0,6675,6675,0.443903,-1,55.875,55.875,0
1786402819342,6658.55,die0,6673,6673,0.443903,-1,55.875,55.875,0
1786402819442,6658.55,die0,6671,6671,0.443903,-1,55.875,55.875,0
1786402819542,6658.55,die0,6670,6670,0.443903,-1,55.875,55.875,0
1786402819642,6658.55,die0,6668,6668,0.443903,-1,55.875,55.875,0
1786402819742,6658.55,die0,6667,6667,0.443903,-1,55.875,55.875,0
1786402819842,6641,die0,6662,6662,0.442733,-1,56,56,0
1786402819942,6641,die0,6657,6657,0.442733,-1,56,56,0
1786402820042,6641,die0,6652,6652,0.442733,-1,56,56,0
1786402820142,6641,die0,6648,6648,0.442733,-1,56,56,0
1786402820242,6641,die0,6644,6644,0.442733,-1,56,56,0
1786402820342,6641,die0,6640,6640,0.442733,-1,56,56,0
1786402820442,6641,die0,6637,6637,0.442733,-1,56,56,0
1786402820542,6641,die0,6634,6634,0.442733,-1,56,56,0
1786402820642,6641,die0,6631,6631,0.442733,-1,56,56,0
1786402820742,6641,die0,6628,6628,0.442733,-1,56,56,0
1786402820842,6609.99,die0,6625,6625,0.440666,-1,56.0625,56.0625,0
1786402820942,6609.99,die0,6623,6623,0.440666,-1,56.0625,56.0625,0
1786402821042,6609.99,die0,6620,6620,0.440666,-1,56.0625,56.0625,0
1786402821142,6609.99,die0,6618,6618,0.440666,-1,56.0625,56.0625,0
1786402821242,6609.99,die0,6616,6616,0.440666,-1,56.0625,56.0625,0
1786402821342,6609.99,die0,6614,6614,0.440666,-1,56.0625,56.0625,0
1786402821442,6609.99,die0,6613,6613,0.440666,-1,56.0625,56.0625,0
1786402821542,6609.99,die0,6611,6611,0.440666,-1,56.0625,56.0625,0
1786402821642,6609.99,die0,6609,6609,0.440666,-1,56.0625,56.0625,0
1786402821746,6609.99,die0,6608,6608,0.440666,-1,56.0625,56.0625,0
1786402821842,6593.38,die0,6607,6607,0.439559,-1,56.1875,56.1875,0
1786402821942,6593.38,die0,6605,6605,0.439559,-1,56.1875,56.1875,0
1786402822042,6593.38,die0,6604,6604,0.439559,-1,56.1875,56.1875,0
1786402822142,6593.38,die0,6603,6603,0.439559,-1,56.1875,56.1875,0
1786402822242,6593.38,die0,6602,6602,0.439559,-1,56.1875,56.1875,0
1786402822342,6593.38,die0,6601,6601,0.439559,-1,56.1875,56.1875,0
1786402822442,6593.38,die0,6600,6600,0.439559,-1,56.1875,56.1875,0
1786402822542,6593.38,die0,6600,6600,0.439559,-1,56.1875,56.1875,0
1786402822642,6593.38,die0,6599,6599,0.439559,-1,56.1875,56.1875,0
1786402822742,6593.38,die0,6598,6598,0.439559,-1,56.1875,56.1875,0
1786402822842,6535.16,die0,6594,6594,0.435677,-1,56.125,56.125,0
1786402822942,6535.16,die0,6589,6589,0.435677,-1,56.125,56.125,0
1786402823042,6535.16,die0,6585,6585,0.435677,-1,56.125,56.125,0
1786402823142,6535.16,die0,6582,6582,0.435677,-1,56.125,56.125,0
1786402823246,6535.16,die0,6578,6578,0.435677,-1,56.125,56.125,0
1786402823342,6535.16,die0,6575,6575,0.435677,-1,56.125,56.125,0
1786402823442,6535.16,die0,6572,6572,0.435677,-1,56.125,56.125,0
1786402823542,6535.16,die0,6569,6569,0.435677,-1,56.125,56.125,0
1786402823642,6535.16,die0,6566,6566,0.435677,-1,56.125,56.125,0
1786402823742,6535.16,die0,6564,6564,0.435677,-1,56.125,56.125,0
1786402823842,6504.78,die0,6558,6558,0.433652,-1,56.1875,56.1875,0
1786402823942,6504.78,die0,6552,6552,0.433652,-1,56.1875,56.1875,0
1786402824042,6504.78,die0,6546,6546,0.433652,-1,56.1875,56.1875,0
1786402824142,6504.78,die0,6541,6541,0.433652,-1,56.1875,56.1875,0
1786402824242,6504.78,die0,6537,6537,0.433652,-1,56.1875,56.1875,0
1786402824342,6504.78,die0,6532,6532,0.433652,-1,56.1875,56.1875,0
1786402824442,6504.78,die0,6528,6528,0.433652,-1,56.1875,56.1875,0
1786402824542,6504.78,die0,6524,6524,0.433652,-1,56.1875,56.1875,0
1786402824642,6504.78,die0,6521,6521,0.433652,-1,56.1875,56.1875,0
1786402824742,6504.78,die0,6517,6517,0.433652,-1,56.1875,56.1875,0
1786402824842,6474.71,die0,6514,6514,0.431647,-1,56.25,56.25,0
1786402824942,6474.71,die0,6511,6511,0.431647,-1,56.25,56.25,0
1786402825046,6474.71,die0,6509,6509,0.431647,-1,56.25,56.25,0
1786402825142,6474.71,die0,6506,6506,0.431647,-1,56.25,56.25,0
1786402825242,6474.71,die0,6504,6504,0.431647,-1,56.25,56.25,0
1786402825342,6474.71,die0,6502,6502,0.431647,-1,56.25,56.25,0
1786402825442,6474.71,die0,6499,6499,0.431647,-1,56.25,56.25,0
1786402825542,6474.71,die0,6498,6498,0.431647,-1,56.25,56.25,0
1786402825642,6474.71,die0,6496,6496,0.431647,-1,56.25,56.25,0
1786402825742,6474.71,die0,6494,6494,0.431647,-1,56.25,56.25,0
1786402825842,6459.04,die0,6489,6489,0.430603,-1,56.375,56.375,0
1786402825942,6459.04,die0,6483,6483,0.430603,-1,56.375,56.375,0
1786402826042,6459.04,die0,6479,6479,0.430603,-1,56.375,56.375,0
1786402826142,6459.04,die0,6474,6474,0.430603,-1,56.375,56.375,0
1786402826242,6459.04,die0,6470,6470,0.430603,-1,56.375,56.375,0
1786402826342,6459.04,die0,6466,6466,0.430603,-1,56.375,56.375,0
1786402826442,6459.04,die0,6463,6463,0.430603,-1,56.375,56.375,0
1786402826542,6459.04,die0,6459,6459,0.430603,-1,56.375,56.375,0
1786402826642,6459.04,die0,6456,6456,0.430603,-1,56.375,56.375,0
1786402826742,6459.04,die0,6453,6453,0.430603,-1,56.375,56.375,0
1786402826842,6429.91,die0,6450,6450,0.428661,-1,56.4375,56.4375,0
1786402826942,6429.91,die0,6448,6448,0.428661,-1,56.4375,56.4375,0
1786402827042,6429.91,die0,6445,6445,0.428661,-1,56.4375,56.4375,0
1786402827142,6429.91,die0,6443,6443,0.428661,-1,56.4375,56.4375,0
1786402827242,6429.91,die0,6441,6441,0.428661,-1,56.4375,56.4375,0
1786402827342,6429.91,die0,6439,6439,0.428661,-1,56.4375,56.4375,0
1786402827442,6429.91,die0,6437,6437,0.428661,-1,56.4375,56.4375,0
1786402827542,6429.91,die0,6436,6436,0.428661,-1,56.4375,56.4375,0
1786402827642,6429.91,die0,6434,6434,0.428661,-1,56.4375,56.4375,0
1786402827742,6429.91,die0,6432,6432,0.428661,-1,56.4375,56.4375,0
1786402827842,6401.1,die0,6427,6427,0.42674,-1,56.5,56.5,0
1786402827942,6401.1,die0,6422,6422,0.42674,-1,56.5,56.5,0
1786402828042,6401.1,die0,6418,6418,0.42674,-1,56.5,56.5,0
1786402828142,6401.1,die0,6413,6413,0.42674,-1,56.5,56.5,0
1786402828242,6401.1,die0,6409,6409,0.42674,-1,56.5,56.5,0
1786402828342,6401.1,die0,6406,6406,0.42674,-1,56.5,56.5,0
1786402828442,6401.1,die0,6402,6402,0.42674,-1,56.5,56.5,0
1786402828542,6401.1,die0,6399,6399,0.42674,-1,56.5,56.5,0
1786402828642,6401.1,die0,6396,6396,0.42674,-1,56.5,56.5,0
1786402828742,6401.1,die0,6393,6393,0.42674,-1,56.5,56.5,0
1786402828842,6372.6,die0,6390,6390,0.42484,-1,56.5625,56.5625,0
1786402828942,6372.6,die0,6388,6388,0.42484,-1,56.5625,56.5625,0
1786402829042,6372.6,die0,6385,6385,0.42484,-1,56.5625,56.5625,0
1786402829142,6372.6,die0,6383,6383,0.42484,-1,56.5625,56.5625,0
1786402829242,6372.6,die0,6381,6381,0.42484,-1,56.5625,56.5625,0
1786402829342,6372.6,die0,6379,6379,0.42484,-1,56.5625,56.5625,0
1786402829442,6372.6,die0,6378,6378,0.42484,-1,56.5625,56.5625,0
1786402829542,6372.6,die0,6376,6376,0.42484,-1,56.5625,56.5625,0
1786402829642,6372.6,die0,6374,6374,0.42484,-1,56.5625,56.5625,0
1786402829742,6372.6,die0,6373,6373,0.42484,-1,56.5625,56.5625,0
1786402829842,6358.49,die0,6372,6372,0.423899,-1,56.6875,56.6875,0
1786402829942,6358.49,die0,6370,6370,0.423899,-1,56.6875,56.6875,0
1786402830042,6358.49,die0,6369,6369,0.423899,-1,56.6875,56.6875,0
1786402830142,6358.49,die0,6368,6368,0.423899,-1,56.6875,56.6875,0
1786402830242,6358.49,die0,6367,6367,0.423899,-1,56.6875,56.6875,0
1786402830342,6358.49,die0,6366,6366,0.423899,-1,56.6875,56.6875,0
1786402830442,6358.49,die0,6365,6365,0.423899,-1,56.6875,56.6875,0
1786402830542,6358.49,die0,6364,6364,0.423899,-1,56.6875,56.6875,0
1786402830642,6358.49,die0,6364,6364,0.423899,-1,56.6875,56.6875,0
1786402830742,6358.49,die0,6363,6363,0.423899,-1,56.6875,56.6875,0
1786402830842,6330.93,die0,6358,6358,0.422062,-1,56.75,56.75,0
1786402830942,6330.93,die0,6354,6354,0.422062,-1,56.75,56.75,0
1786402831042,6330.93,die0,6350,6350,0.422062,-1,56.75,56.75,0
1786402831142,6330.93,die0,6346,6346,0.422062,-1,56.75,56.75,0
1786402831242,6330.93,die0,6343,6343,0.422062,-1,56.75,56.75,0
1786402831342,6330.93,die0,6340,6340,0.422062,-1,56.75,56.75,0
1786402831442,6330.93,die0,6337,6337,0.422062,-1,56.75,56.75,0
1786402831542,6330.93,die0,6334,6334,0.422062,-1,56.75,56.75,0
1786402831642,6330.93,die0,6331,6331,0.422062,-1,56.75,56.75,0
1786402831742,6330.93,die0,6329,6329,0.422062,-1,56.75,56.75,0
1786402831842,6289.6,die0,6322,6322,0.419307,-1,56.75,56.75,0
1786402831942,6289.6,die0,6317,6317,0.419307,-1,56.75,56.75,0
1786402832042,6289.6,die0,6311,6311,0.419307,-1,56.75,56.75,0
1786402832142,6289.6,die0,6306,6306,0.419307,-1,56.75,56.75,0
1786402832242,6289.6,die0,6301,6301,0.419307,-1,56.75,56.75,0
1786402832342,6289.6,die0,6297,6297,0.419307,-1,56.75,56.75,0
1786402832442,6289.6,die0,6293,6293,0.419307,-1,56.75,56.75,0
1786402832542,6289.6,die0,6289,6289,0.419307,-1,56.75,56.75,0
1786402832642,6289.6,die0,6285,6285,0.419307,-1,56.75,56.75,0
1786402832743,6289.6,die0,6282,6282,0.419307,-1,56.75,56.75,0
1786402832842,6248.27,die0,6279,6279,0.416552,-1,56.75,56.75,0
1786402832942,6248.27,die0,6276,6276,0.416552,-1,56.75,56.75,0
1786402833042,6248.27,die0,6273,6273,0.416552,-1,56.75,56.75,0
1786402833142,6248.27,die0,6271,6271,0.416552,-1,56.75,56.75,0
1786402833242,6248.27,die0,6268,6268,0.416552,-1,56.75,56.75,0
1786402833342,6248.27,die0,6266,6266,0.416552,-1,56.75,56.75,0
1786402833442,6248.27,die0,6264,6264,0.416552,-1,56.75,56.75,0
1786402833542,6248.27,die0,6262,6262,0.416552,-1,56.75,56.75,0
1786402833642,6248.27,die0,6260,6260,0.416552,-1,56.75,56.75,0
1786402833742,6248.27,die0,6259,6259,0.416552,-1,56.75,56.75,0
1786402833842,6249.19,die0,6257,6257,0.416612,-1,56.9375,56.9375,0
1786402833942,6249.19,die0,6256,6256,0.416612,-1,56.9375,56.9375,0
1786402834042,6249.19,die0,6254,6254,0.416612,-1,56.9375,56.9375,0
1786402834142,6249.19,die0,6253,6253,0.416612,-1,56.9375,56.9375,0
1786402834242,6249.19,die0,6252,6252,0.416612,-1,56.9375,56.9375,0
1786402834342,6249.19,die0,6251,6251,0.416612,-1,56.9375,56.9375,0
1786402834442,6249.19,die0,6250,6250,0.416612,-1,56.9375,56.9375,0
1786402834542,6249.19,die0,6249,6249,0.416612,-1,56.9375,56.9375,0
1786402834642,6249.19,die0,6248,6248,0.416612,-1,56.9375,56.9375,0
1786402834742,6249.19,die0,6247,6247,0.416612,-1,56.9375,56.9375,0
1786402834842,6208.8,die0,6242,6242,0.41392,-1,56.9375,56.9375,0
1786402834942,6208.8,die0,6238,6238,0.41392,-1,56.9375,56.9375,0
1786402835042,6208.8,die0,6234,6234,0.41392,-1,56.9375,56.9375,0
1786402835143,6208.8,die0,6230,6230,0.41392,-1,56.9375,56.9375,0
1786402835242,6208.8,die0,6226,6226,0.41392,-1,56.9375,56.9375,0
1786402835342,6208.8,die0,6223,6223,0.41392,-1,56.9375,56.9375,0
1786402835442,6208.8,die0,6220,6220,0.41392,-1,56.9375,56.9375,0
1786402835542,6208.8,die0,6217,6217,0.41392,-1,56.9375,56.9375,0
1786402835642,6208.8,die0,6214,6214,0.41392,-1,56.9375,56.9375,0
1786402835742,6208.8,die0,6212,6212,0.41392,-1,56.9375,56.9375,0
1786402835842,6210.65,die0,6210,6210,0.414043,-1,57.125,57.125,0
1786402835942,6210.65,die0,6207,6207,0.414043,-1,57.125,57.125,0
1786402836042,6210.65,die0,6205,6205,0.414043,-1,57.125,57.125,0
1786402836142,6210.65,die0,6203,6203,0.414043,-1,57.125,57.125,0
1786402836242,6210.65,die0,6202,6202,0.414043,-1,57.125,57.125,0
1786402836342,6210.65,die0,6200,6200,0.414043,-1,57.125,57.125,0
1786402836442,6210.65,die0,6198,6198,0.414043,-1,57.125,57.125,0
1786402836542,6210.65,die0,6197,6197,0.414043,-1,57.125,57.125,0
1786402836643,6210.65,die0,6196,6196,0.414043,-1,57.125,57.125,0
1786402836742,6210.65,die0,6194,6194,0.414043,-1,57.125,57.125,0
1786402836843,6185.28,die0,6193,6193,0.412352,-1,57.1875,57.1875,0
1786402836942,6185.28,die0,6192,6192,0.412352,-1,57.1875,57.1875,0
1786402837042,6185.28,die0,6191,6191,0.412352,-1,57.1875,57.1875,0
1786402837142,6185.28,die0,6190,6190,0.412352,-1,57.1875,57.1875,0
1786402837242,6185.28,die0,6189,6189,0.412352,-1,57.1875,57.1875,0
1786402837343,6185.28,die0,6188,6188,0.412352,-1,57.1875,57.1875,0
1786402837442,6185.28,die0,6187,6187,0.412352,-1,57.1875,57.1875,0
1786402837542,6185.28,die0,6187,6187,0.412352,-1,57.1875,57.1875,0
1786402837642,6185.28,die0,6186,6186,0.412352,-1,57.1875,57.1875,0
1786402837742,6185.28,die0,6185,6185,0.412352,-1,57.1875,57.1875,0
1786402837842,6146.14,die0,6181,6181,0.409743,-1,57.1875,57.1875,0
1786402837943,6146.14,die0,6177,6177,0.409743,-1,57.1875,57.1875,0
1786402838042,6146.14,die0,6173,6173,0.409743,-1,57.1875,57.1875,0
1786402838143,6146.14,die0,6169,6169,0.409743,-1,57.1875,57.1875,0
1786402838242,6146.14,die0,6166,6166,0.409743,-1,57.1875,57.1875,0
1786402838342,6146.14,die0,6162,6162,0.409743,-1,57.1875,57.1875,0
1786402838443,6146.14,die0,6159,6159,0.409743,-1,57.1875,57.1875,0
1786402838542,6146.14,die0,6157,6157,0.409743,-1,57.1875,57.1875,0
1786402838642,6146.14,die0,6154,6154,0.409743,-1,57.1875,57.1875,0
1786402838742,6146.14,die0,6152,6152,0.409743,-1,57.1875,57.1875,0
1786402838843,6121.09,die0,6149,6149,0.408072,-1,57.25,57.25,0
1786402838942,6121.09,die0,6147,6147,0.408072,-1,57.25,57.25,0
1786402839042,6121.09,die0,6145,6145,0.408072,-1,57.25,57.25,0
1786402839142,6121.09,die0,6143,6143,0.408072,-1,57.25,57.25,0
1786402839242,6121.09,die0,6142,6142,0.408072,-1,57.25,57.25,0
1786402839342,6121.09,die0,6140,6140,0.408072,-1,57.25,57.25,0
1786402839442,6121.09,die0,6139,6139,0.408072,-1,57.25,57.25,0
1786402839542,6121.09,die0,6137,6137,0.408072,-1,57.25,57.25,0
1786402839642,6121.09,die0,6136,6136,0.408072,-1,57.25,57.25,0
1786402839742,6121.09,die0,6135,6135,0.408072,-1,57.25,57.25,0
1786402839842,6096.34,die0,6130,6130,0.406423,-1,57.3125,57.3125,0
1786402839942,6096.34,die0,6125,6125,0.406423,-1,57.3125,57.3125,0
1786402840042,6096.34,die0,6121,6121,0.406423,-1,57.3125,57.3125,0
1786402840142,6096.34,die0,6116,6116,0.406423,-1,57.3125,57.3125,0
1786402840242,6096.34,die0,6113,6113,0.406423,-1,57.3125,57.3125,0
1786402840342,6096.34,die0,6109,6109,0.406423,-1,57.3125,57.3125,0
1786402840442,6096.34,die0,6106,6106,0.406423,-1,57.3125,57.3125,0
1786402840542,6096.34,die0,6103,6103,0.406423,-1,57.3125,57.3125,0
1786402840642,6096.34,die0,6100,6100,0.406423,-1,57.3125,57.3125,0
1786402840742,6096.34,die0,6097,6097,0.406423,-1,57.3125,57.3125,0
1786402840842,6043.75,die0,6090,6090,0.402917,-1,57.25,57.25,0
1786402840942,6043.75,die0,6084,6084,0.402917,-1,57.25,57.25,0
1786402841042,6043.75,die0,6079,6079,0.402917,-1,57.25,57.25,0
1786402841142,6043.75,die0,6074,6074,0.402917,-1,57.25,57.25,0
1786402841242,6043.75,die0,6069,6069,0.402917,-1,57.25,57.25,0
1786402841342,6043.75,die0,6064,6064,0.402917,-1,57.25,57.25,0
1786402841442,6043.75,die0,6060,6060,0.402917,-1,57.25,57.25,0
1786402841542,6043.75,die0,6056,6056,0.402917,-1,57.25,57.25,0
1786402841642,6043.75,die0,6052,6052,0.402917,-1,57.25,57.25,0
1786402841742,6043.75,die0,6049,6049,0.402917,-1,57.25,57.25,0
1786402841842,6061.25,die0,6049,6049,0.404083,-1,57.5,57.5,0
1786402841942,6061.25,die0,6050,6050,0.404083,-1,57.5,57.5,0
1786402842042,6061.25,die0,6051,6051,0.404083,-1,57.5,57.5,0
1786402842142,6061.25,die0,6051,6051,0.404083,-1,57.5,57.5,0
1786402842242,6061.25,die0,6052,6052,0.404083,-1,57.5,57.5,0
1786402842342,6061.25,die0,6052,6052,0.404083,-1,57.5,57.5,0
1786402842442,6061.25,die0,6053,6053,0.404083,-1,57.5,57.5,0
1786402842542,6061.25,die0,6053,6053,0.404083,-1,57.5,57.5,0
1786402842642,6061.25,die0,6053,6053,0.404083,-1,57.5,57.5,0
1786402842742,6061.25,die0,6054,6054,0.404083,-1,57.5,57.5,0
1786402842842,6023.68,die0,6050,6050,0.401579,-1,57.5,57.5,0
1786402842942,6023.68,die0,6047,6047,0.401579,-1,57.5,57.5,0
1786402843042,6023.68,die0,6044,6044,0.401579,-1,57.5,57.5,0
1786402843142,6023.68,die0,6041,6041,0.401579,-1,57.5,57.5,0
1786402843242,6023.68,die0,6038,6038,0.401579,-1,57.5,57.5,0
1786402843342,6023.68,die0,6035,6035,0.401579,-1,57.5,57.5,0
1786402843442,6023.68,die0,6033,6033,0.401579,-1,57.5,57.5,0
1786402843542,6023.68,die0,6031,6031,0.401579,-1,57.5,57.5,0
1786402843642,6023.68,die0,6029,6029,0.401579,-1,57.5,57.5,0
1786402843742,6023.68,die0,6027,6027,0.401579,-1,57.5,57.5,0
1786402843842,6014.27,die0,6025,6025,0.400951,-1,57.625,57.625,0
1786402843942,6014.27,die0,6023,6023,0.400951,-1,57.625,57.625,0
1786402844042,6014.27,die0,6022,6022,0.400951,-1,57.625,57.625,0
1786402844142,6014.27,die0,6020,6020,0.400951,-1,57.625,57.625,0
1786402844242,6014.27,die0,6019,6019,0.400951,-1,57.625,57.625,0
1786402844342,6014.27,die0,6018,6018,0.400951,-1,57.625,57.625,0
1786402844442,6014.27,die0,6017,6017,0.400951,-1,57.625,57.625,0
1786402844542,6014.27,die0,6016,6016,0.400951,-1,57.625,57.625,0
1786402844646,6014.27,die0,6014,6014,0.400951,-1,57.625,57.625,0
1786402844742,6014.27,die0,6014,6014,0.400951,-1,57.625,57.625,0
1786402844842,5991.4,die0,6009,6009,0.399427,-1,57.6875,57.6875,0
1786402844942,5991.4,die0,6004,6004,0.399427,-1,57.6875,57.6875,0
1786402845042,5991.4,die0,6000,6000,0.399427,-1,57.6875,57.6875,0
1786402845142,5991.4,die0,5996,5996,0.399427,-1,57.6875,57.6875,0
1786402845242,5991.4,die0,5992,5992,0.399427,-1,57.6875,57.6875,0
1786402845342,5991.4,die0,5989,5989,0.399427,-1,57.6875,57.6875,0
1786402845442,5991.4,die0,5986,5986,0.399427,-1,57.6875,57.6875,0
1786402845542,5991.4,die0,5983,5983,0.399427,-1,57.6875,57.6875,0
1786402845642,5991.4,die0,5980,5980,0.399427,-1,57.6875,57.6875,0
1786402845742,5991.4,die0,5977,5977,0.399427,-1,57.6875,57.6875,0
1786402845842,5968.85,die0,5975,5975,0.397923,-1,57.75,57.75,0
1786402845942,5968.85,die0,5973,5973,0.397923,-1,57.75,57.75,0
1786402846042,5968.85,die0,5971,5971,0.397923,-1,57.75,57.75,0
1786402846142,5968.85,die0,5969,5969,0.397923,-1,57.75,57.75,0
1786402846242,5968.85,die0,5967,5967,0.397923,-1,57.75,57.75,0
1786402846342,5968.85,die0,5965,5965,0.397923,-1,57.75,57.75,0
1786402846442,5968.85,die0,5964,5964,0.397923,-1,57.75,57.75,0
1786402846542,5968.85,die0,5962,5962,0.397923,-1,57.75,57.75,0
1786402846642,5968.85,die0,5961,5961,0.397923,-1,57.75,57.75,0
1786402846742,5968.85,die0,5959,5959,0.397923,-1,57.75,57.75,0
1786402846842,5946.61,die0,5958,5958,0.396441,-1,57.8125,57.8125,0
1786402846942,5946.61,die0,5957,5957,0.396441,-1,57.8125,57.8125,0
1786402847042,5946.61,die0,5956,5956,0.396441,-1,57.8125,57.8125,0
1786402847142,5946.61,die0,5955,5955,0.396441,-1,57.8125,57.8125,0
1786402847242,5946.61,die0,5954,5954,0.396441,-1,57.8125,57.8125,0
1786402847342,5946.61,die0,5953,5953,0.396441,-1,57.8125,57.8125,0
1786402847442,5946.61,die0,5952,5952,0.396441,-1,57.8125,57.8125,0
1786402847542,5946.61,die0,5952,5952,0.396441,-1,57.8125,57.8125,0
1786402847642,5946.61,die0,5951,5951,0.396441,-1,57.8125,57.8125,0
1786402847742,5946.61,die0,5950,5950,0.396441,-1,57.8125,57.8125,0
1786402847842,5910.61,die0,5946,5946,0.39404,-1,57.8125,57.8125,0
1786402847942,5910.61,die0,5942,5942,0.39404,-1,57.8125,57.8125,0
1786402848042,5910.61,die0,5938,5938,0.39404,-1,57.8125,57.8125,0
1786402848142,5910.61,die0,5934,5934,0.39404,-1,57.8125,57.8125,0
1786402848242,5910.61,die0,5930,5930,0.39404,-1,57.8125,57.8125,0
1786402848342,5910.61,die0,5927,5927,0.39404,-1,57.8125,57.8125,0
1786402848442,5910.61,die0,5924,5924,0.39404,-1,57.8125,57.8125,0
1786402848542,5910.61,die0,5921,5921,0.39404,-1,57.8125,57.8125,0
1786402848642,5910.61,die0,5919,5919,0.39404,-1,57.8125,57.8125,0
1786402848742,5910.61,die0,5916,5916,0.39404,-1,57.8125,57.8125,0
1786402848842,5888.68,die0,5914,5914,0.392579,-1,57.875,57.875,0
1786402848942,5888.68,die0,5912,5912,0.392579,-1,57.875,57.875,0
1786402849042,5888.68,die0,5910,5910,0.392579,-1,57.875,57.875,0
1786402849142,5888.68,die0,5908,5908,0.392579,-1,57.875,57.875,0
1786402849242,5888.68,die0,5906,5906,0.392579,-1,57.875,57.875,0
1786402849342,5888.68,die0,5905,5905,0.392579,-1,57.875,57.875,0
1786402849442,5888.68,die0,5903,5903,0.392579,-1,57.875,57.875,0
1786402849542,5888.68,die0,5902,5902,0.392579,-1,57.875,57.875,0
1786402849642,5888.68,die0,5901,5901,0.392579,-1,57.875,57.875,0
1786402849742,5888.68,die0,5899,5899,0.392579,-1,57.875,57.875,0
1786402849842,5881.15,die0,5894,5894,0.392077,-1,58,58,0
1786402849942,5881.15,die0,5890,5890,0.392077,-1,58,58,0
1786402850042,5881.15,die0,5885,5885,0.392077,-1,58,58,0
1786402850142,5881.15,die0,5881,5881,0.392077,-1,58,58,0
1786402850242,5881.15,die0,5877,5877,0.392077,-1,58,58,0
1786402850342,5881.15,die0,5874,5874,0.392077,-1,58,58,0
1786402850442,5881.15,die0,5870,5870,0.392077,-1,58,58,0
1786402850542,5881.15,die0,5867,5867,0.392077,-1,58,58,0
1786402850642,5881.15,die0,5864,5864,0.392077,-1,58,58,0
1786402850742,5881.15,die0,5862,5862,0.392077,-1,58,58,0
1786402850842,5846.08,die0,5859,5859,0.389739,-1,58,58,0
1786402850943,5846.08,die0,5857,5857,0.389739,-1,58,58,0
1786402851042,5846.08,die0,5854,5854,0.389739,-1,58,58,0
1786402851142,5846.08,die0,5852,5852,0.389739,-1,58,58,0
1786402851243,5846.08,die0,5851,5851,0.389739,-1,58,58,0
1786402851342,5846.08,die0,5849,5849,0.389739,-1,58,58,0
1786402851442,5846.08,die0,5847,5847,0.389739,-1,58,58,0
1786402851542,5846.08,die0,5845,5845,0.389739,-1,58,58,0
1786402851642,5846.08,die0,5844,5844,0.389739,-1,58,58,0
1786402851742,5846.08,die0,5843,5843,0.389739,-1,58,58,0
1786402851842,5839.18,die0,5841,5841,0.389279,-1,58.125,58.125,0
1786402851942,5839.18,die0,5840,5840,0.389279,-1,58.125,58.125,0
1786402852043,5839.18,die0,5839,5839,0.389279,-1,58.125,58.125,0
1786402852142,5839.18,die0,5838,5838,0.389279,-1,58.125,58.125,0
1786402852242,5839.18,die0,5837,5837,0.389279,-1,58.125,58.125,0
1786402852343,5839.18,die0,5836,5836,0.389279,-1,58.125,58.125,0
1786402852443,5839.18,die0,5835,5835,0.389279,-1,58.125,58.125,0
1786402852542,5839.18,die0,5835,5835,0.389279,-1,58.125,58.125,0
1786402852642,5839.18,die0,5834,5834,0.389279,-1,58.125,58.125,0
1786402852742,5839.18,die0,5833,5833,0.389279,-1,58.125,58.125,0
1786402852843,5804.74,die0,5829,5829,0.386983,-1,58.125,58.125,0
1786402852942,5804.74,die0,5824,5824,0.386983,-1,58.125,58.125,0
1786402853042,5804.74,die0,5820,5820,0.386983,-1,58.125,58.125,0
1786402853142,5804.74,die0,5817,5817,0.386983,-1,58.125,58.125,0
1786402853242,5804.74,die0,5813,5813,0.386983,-1,58.125,58.125,0
1786402853342,5804.74,die0,5810,5810,0.386983,-1,58.125,58.125,0
1786402853443,5804.74,die0,5807,5807,0.386983,-1,58.125,58.125,0
1786402853542,5804.74,die0,5804,5804,0.386983,-1,58.125,58.125,0
1786402853642,5804.74,die0,5801,5801,0.386983,-1,58.125,58.125,0
1786402853742,5804.74,die0,5799,5799,0.386983,-1,58.125,58.125,0
1786402853842,5798.46,die0,5797,5797,0.386564,-1,58.25,58.25,0
1786402853942,5798.46,die0,5795,5795,0.386564,-1,58.25,58.25,0
1786402854043,5798.46,die0,5793,5793,0.386564,-1,58.25,58.25,0
1786402854146,5798.46,die0,5791,5791,0.386564,-1,58.25,58.25,0
1786402854242,5798.46,die0,5789,5789,0.386564,-1,58.25,58.25,0
1786402854342,5798.46,die0,5787,5787,0.386564,-1,58.25,58.25,0
1786402854442,5798.46,die0,5786,5786,0.386564,-1,58.25,58.25,0
1786402854542,5798.46,die0,5784,5784,0.386564,-1,58.25,58.25,0
1786402854642,5798.46,die0,5783,5783,0.386564,-1,58.25,58.25,0
1786402854742,5798.46,die0,5782,5782,0.386564,-1,58.25,58.25,0
1786402854842,5806.89,die0,5781,5781,0.387126,-1,58.4375,58.4375,0
1786402854942,5806.89,die0,5780,5780,0.387126,-1,58.4375,58.4375,0
1786402855042,5806.89,die0,5779,5779,0.387126,-1,58.4375,58.4375,0
1786402855142,5806.89,die0,5778,5778,0.387126,-1,58.4375,58.4375,0
1786402855242,5806.89,die0,5777,5777,0.387126,-1,58.4375,58.4375,0
1786402855342,5806.89,die0,5776,5776,0.387126,-1,58.4375,58.4375,0
1786402855442,5806.89,die0,5775,5775,0.387126,-1,58.4375,58.4375,0
1786402855542,5806.89,die0,5775,5775,0.387126,-1,58.4375,58.4375,0
1786402855642,5806.89,die0,5774,5774,0.387126,-1,58.4375,58.4375,0
1786402855742,5806.89,die0,5773,5773,0.387126,-1,58.4375,58.4375,0
1786402855842,5759.93,die0,5769,5769,0.383995,-1,58.375,58.375,0
1786402855942,5759.93,die0,5765,5765,0.383995,-1,58.375,58.375,0
1786402856043,5759.93,die0,5761,5761,0.383995,-1,58.375,58.375,0
1786402856143,5759.93,die0,5757,5757,0.383995,-1,58.375,58.375,0
1786402856242,5759.93,die0,5754,5754,0.383995,-1,58.375,58.375,0
1786402856342,5759.93,die0,5750,5750,0.383995,-1,58.375,58.375,0
1786402856442,5759.93,die0,5748,5748,0.383995,-1,58.375,58.375,0
1786402856542,5759.93,die0,5745,5745,0.383995,-1,58.375,58.375,0
1786402856642,5759.93,die0,5742,5742,0.383995,-1,58.375,58.375,0
1786402856742,5759.93,die0,5740,5740,0.383995,-1,58.375,58.375,0
1786402856842,5726.74,die0,5737,5737,0.381783,-1,58.375,58.375,0
1786402856942,5726.74,die0,5735,5735,0.381783,-1,58.375,58.375,0
1786402857042,5726.74,die0,5733,5733,0.381783,-1,58.375,58.375,0
1786402857143,5726.74,die0,5732,5732,0.381783,-1,58.375,58.375,0
1786402857242,5726.74,die0,5730,5730,0.381783,-1,58.375,58.375,0
1786402857342,5726.74,die0,5728,5728,0.381783,-1,58.375,58.375,0
1786402857442,5726.74,die0,5727,5727,0.381783,-1,58.375,58.375,0
1786402857543,5726.74,die0,5725,5725,0.381783,-1,58.375,58.375,0
1786402857642,5726.74,die0,5724,5724,0.381783,-1,58.375,58.375,0
1786402857742,5726.74,die0,5723,5723,0.381783,-1,58.375,58.375,0
1786402857842,5693.55,die0,5718,5718,0.37957,-1,58.375,58.375,0
1786402857942,5693.55,die0,5713,5713,0.37957,-1,58.375,58.375,0
1786402858042,5693.55,die0,5709,5709,0.37957,-1,58.375,58.375,0
1786402858142,5693.55,die0,5705,5705,0.37957,-1,58.375,58.375,0
1786402858242,5693.55,die0,5701,5701,0.37957,-1,58.375,58.375,0
1786402858342,5693.55,die0,5697,5697,0.37957,-1,58.375,58.375,0
1786402858442,5693.55,die0,5694,5694,0.37957,-1,58.375,58.375,0
1786402858542,5693.55,die0,5691,5691,0.37957,-1,58.375,58.375,0
1786402858642,5693.55,die0,5688,5688,0.37957,-1,58.375,58.375,0
1786402858743,5693.55,die0,5685,5685,0.37957,-1,58.375,58.375,0
1786402858846,5702.61,die0,5683,5683,0.380174,-1,58.5625,58.5625,0
1786402858942,5702.61,die0,5680,5680,0.380174,-1,58.5625,58.5625,0
1786402859042,5702.61,die0,5678,5678,0.380174,-1,58.5625,58.5625,0
1786402859143,5702.61,die0,5676,5676,0.380174,-1,58.5625,58.5625,0
1786402859242,5702.61,die0,5674,5674,0.380174,-1,58.5625,58.5625,0
1786402859342,5702.61,die0,5672,5672,0.380174,-1,58.5625,58.5625,0
1786402859442,5702.61,die0,5671,5671,0.380174,-1,58.5625,58.5625,0
1786402859542,5702.61,die0,5669,5669,0.380174,-1,58.5625,58.5625,0
1786402859642,5702.61,die0,5667,5667,0.380174,-1,58.5625,58.5625,0
1786402859742,5702.61,die0,5666,5666,0.380174,-1,58.5625,58.5625,0
1786402859842,5684.44,die0,5665,5665,0.378963,-1,58.625,58.625,0
1786402859942,5684.44,die0,5664,5664,0.378963,-1,58.625,58.625,0
1786402860042,5684.44,die0,5663,5663,0.378963,-1,58.625,58.625,0
1786402860142,5684.44,die0,5662,5662,0.378963,-1,58.625,58.625,0
1786402860242,5684.44,die0,5661,5661,0.378963,-1,58.625,58.625,0
1786402860342,5684.44,die0,5660,5660,0.378963,-1,58.625,58.625,0
1786402860442,5684.44,die0,5659,5659,0.378963,-1,58.625,58.625,0
1786402860542,5684.44,die0,5658,5658,0.378963,-1,58.625,58.625,0
1786402860642,5684.44,die0,5657,5657,0.378963,-1,58.625,58.625,0
1786402860742,5684.44,die0,5657,5657,0.378963,-1,58.625,58.625,0
1786402860842,5666.58,die0,5656,5656,0.377772,-1,58.6875,58.6875,0
1786402860942,5666.58,die0,5655,5655,0.377772,-1,58.6875,58.6875,0
1786402861042,5666.58,die0,5655,5655,0.377772,-1,58.6875,58.6875,0
1786402861142,5666.58,die0,5654,5654,0.377772,-1,58.6875,58.6875,0
1786402861242,5666.58,die0,5654,5654,0.377772,-1,58.6875,58.6875,0
1786402861342,5666.58,die0,5653,5653,0.377772,-1,58.6875,58.6875,0
1786402861442,5666.58,die0,5653,5653,0.377772,-1,58.6875,58.6875,0
1786402861542,5666.58,die0,5653,5653,0.377772,-1,58.6875,58.6875,0
1786402861642,5666.58,die0,5652,5652,0.377772,-1,58.6875,58.6875,0
1786402861742,5666.58,die0,5652,5652,0.377772,-1,58.6875,58.6875,0
1786402861842,5634.96,die0,5648,5648,0.375664,-1,58.6875,58.6875,0
1786402861942,5634.96,die0,5644,5644,0.375664,-1,58.6875,58.6875,0
1786402862042,5634.96,die0,5640,5640,0.375664,-1,58.6875,58.6875,0
1786402862142,5634.96,die0,5637,5637,0.375664,-1,58.6875,58.6875,0
1786402862242,5634.96,die0,5633,5633,0.375664,-1,58.6875,58.6875,0
1786402862342,5634.96,die0,5630,5630,0.375664,-1,58.6875,58.6875,0
1786402862442,5634.96,die0,5627,5627,0.375664,-1,58.6875,58.6875,0
1786402862546,5634.96,die0,5625,5625,0.375664,-1,58.6875,58.6875,0
1786402862642,5634.96,die0,5622,5622,0.375664,-1,58.6875,58.6875,0
1786402862742,5634.96,die0,5620,5620,0.375664,-1,58.6875,58.6875,0
1786402862842,5631.5,die0,5618,5618,0.375433,-1,58.8125,58.8125,0
1786402862942,5631.5,die0,5616,5616,0.375433,-1,58.8125,58.8125,0
1786402863042,5631.5,die0,5614,5614,0.375433,-1,58.8125,58.8125,0
1786402863142,5631.5,die0,5612,5612,0.375433,-1,58.8125,58.8125,0
1786402863242,5631.5,die0,5611,5611,0.375433,-1,58.8125,58.8125,0
1786402863342,5631.5,die0,5609,5609,0.375433,-1,58.8125,58.8125,0
1786402863442,5631.5,die0,5608,5608,0.375433,-1,58.8125,58.8125,0
1786402863542,5631.5,die0,5607,5607,0.375433,-1,58.8125,58.8125,0
1786402863642,5631.5,die0,5605,5605,0.375433,-1,58.8125,58.8125,0
1786402863742,5631.5,die0,5604,5604,0.375433,-1,58.8125,58.8125,0
1786402863842,5586.42,die0,5599,5599,0.372428,-1,58.75,58.75,0
1786402863942,5586.42,die0,5595,5595,0.372428,-1,58.75,58.75,0
1786402864042,5586.42,die0,5590,5590,0.372428,-1,58.75,58.75,0
1786402864142,5586.42,die0,5586,5586,0.372428,-1,58.75,58.75,0
1786402864242,5586.42,die0,5582,5582,0.372428,-1,58.75,58.75,0
1786402864342,5586.42,die0,5579,5579,0.372428,-1,58.75,58.75,0
1786402864442,5586.42,die0,5576,5576,0.372428,-1,58.75,58.75,0
1786402864542,5586.42,die0,5573,5573,0.372428,-1,58.75,58.75,0
1786402864642,5586.42,die0,5570,5570,0.372428,-1,58.75,58.75,0
1786402864742,5586.42,die0,5567,5567,0.372428,-1,58.75,58.75,0
1786402864842,5597.35,die0,5568,5568,0.373157,-1,58.9375,58.9375,0
1786402864942,5597.35,die0,5570,5570,0.373157,-1,58.9375,58.9375,0
1786402865042,5597.35,die0,5571,5571,0.373157,-1,58.9375,58.9375,0
1786402865142,5597.35,die0,5572,5572,0.373157,-1,58.9375,58.9375,0
1786402865242,5597.35,die0,5573,5573,0.373157,-1,58.9375,58.9375,0
1786402865342,5597.35,die0,5574,5574,0.373157,-1,58.9375,58.9375,0
1786402865442,5597.35,die0,5575,5575,0.373157,-1,58.9375,58.9375,0
1786402865542,5597.35,die0,5576,5576,0.373157,-1,58.9375,58.9375,0
1786402865642,5597.35,die0,5577,5577,0.373157,-1,58.9375,58.9375,0
1786402865742,5597.35,die0,5578,5578,0.373157,-1,58.9375,58.9375,0
1786402865842,5566.98,die0,5574,5574,0.371132,-1,58.9375,58.9375,0
1786402865942,5566.98,die0,5571,5571,0.371132,-1,58.9375,58.9375,0
1786402866042,5566.98,die0,5569,5569,0.371132,-1,58.9375,58.9375,0
1786402866142,5566.98,die0,5566,5566,0.371132,-1,58.9375,58.9375,0
1786402866243,5566.98,die0,5564,5564,0.371132,-1,58.9375,58.9375,0
1786402866342,5566.98,die0,5561,5561,0.371132,-1,58.9375,58.9375,0
1786402866442,5566.98,die0,5559,5559,0.371132,-1,58.9375,58.9375,0
1786402866542,5566.98,die0,5557,5557,0.371132,-1,58.9375,58.9375,0
1786402866642,5566.98,die0,5555,5555,0.371132,-1,58.9375,58.9375,0
1786402866742,5566.98,die0,5554,5554,0.371132,-1,58.9375,58.9375,0
1786402866842,5578.86,die0,5552,5552,0.371924,-1,59.125,59.125,0
1786402866942,5578.86,die0,5550,5550,0.371924,-1,59.125,59.125,0
1786402867042,5578.86,die0,5549,5549,0.371924,-1,59.125,59.125,0
1786402867142,5578.86,die0,5548,5548,0.371924,-1,59.125,59.125,0
1786402867242,5578.86,die0,5547,5547,0.371924,-1,59.125,59.125,0
1786402867342,5578.86,die0,5545,5545,0.371924,-1,59.125,59.125,0
1786402867442,5578.86,die0,5544,5544,0.371924,-1,59.125,59.125,0
1786402867542,5578.86,die0,5543,5543,0.371924,-1,59.125,59.125,0
1786402867642,5578.86,die0,5542,5542,0.371924,-1,59.125,59.125,0
1786402867742,5578.86,die0,5542,5542,0.371924,-1,59.125,59.125,0
1786402867842,5549.42,die0,5541,5541,0.369962,-1,59.125,59.125,0
1786402867942,5549.42,die0,5540,5540,0.369962,-1,59.125,59.125,0
1786402868042,5549.42,die0,5539,5539,0.369962,-1,59.125,59.125,0
1786402868142,5549.42,die0,5539,5539,0.369962,-1,59.125,59.125,0
1786402868242,5549.42,die0,5538,5538,0.369962,-1,59.125,59.125,0
1786402868342,5549.42,die0,5537,5537,0.369962,-1,59.125,59.125,0
1786402868442,5549.42,die0,5537,5537,0.369962,-1,59.125,59.125,0
1786402868542,5549.42,die0,5536,5536,0.369962,-1,59.125,59.125,0
1786402868642,5549.42,die0,5536,5536,0.369962,-1,59.125,59.125,0
1786402868742,5549.42,die0,5535,5535,0.369962,-1,59.125,59.125,0
1786402868842,5519.99,die0,5531,5531,0.368,-1,59.125,59.125,0
1786402868942,5519.99,die0,5527,5527,0.368,-1,59.125,59.125,0
1786402869042,5519.99,die0,5523,5523,0.368,-1,59.125,59.125,0
1786402869142,5519.99,die0,5520,5520,0.368,-1,59.125,59.125,0
1786402869242,5519.99,die0,5517,5517,0.368,-1,59.125,59.125,0
1786402869342,5519.99,die0,5513,5513,0.368,-1,59.125,59.125,0
1786402869442,5519.99,die0,5511,5511,0.368,-1,59.125,59.125,0
1786402869542,5519.99,die0,5508,5508,0.368,-1,59.125,59.125,0
1786402869642,5519.99,die0,5505,5505,0.368,-1,59.125,59.125,0
1786402869742,5519.99,die0,5503,5503,0.368,-1,59.125,59.125,0
1786402869842,5490.56,die0,5501,5501,0.366038,-1,59.125,59.125,0
1786402869942,5490.56,die0,5499,5499,0.366038,-1,59.125,59.125,0
1786402870042,5490.56,die0,5497,5497,0.366038,-1,59.125,59.125,0
1786402870146,5490.56,die0,5495,5495,0.366038,-1,59.125,59.125,0
1786402870242,5490.56,die0,5494,5494,0.366038,-1,59.125,59.125,0
1786402870342,5490.56,die0,5492,5492,0.366038,-1,59.125,59.125,0
1786402870442,5490.56,die0,5491,5491,0.366038,-1,59.125,59.125,0
1786402870542,5490.56,die0,5489,5489,0.366038,-1,59.125,59.125,0
1786402870642,5490.56,die0,5488,5488,0.366038,-1,59.125,59.125,0
1786402870742,5490.56,die0,5487,5487,0.366038,-1,59.125,59.125,0
1786402870842,5475.21,die0,5486,5486,0.365014,-1,59.1875,59.1875,0
1786402870942,5475.21,die0,5485,5485,0.365014,-1,59.1875,59.1875,0
1786402871042,5475.21,die0,5484,5484,0.365014,-1,59.1875,59.1875,0
1786402871142,5475.21,die0,5483,5483,0.365014,-1,59.1875,59.1875,0
1786402871242,5475.21,die0,5482,5482,0.365014,-1,59.1875,59.1875,0
1786402871342,5475.21,die0,5481,5481,0.365014,-1,59.1875,59.1875,0
1786402871442,5475.21,die0,5481,5481,0.365014,-1,59.1875,59.1875,0
1786402871542,5475.21,die0,5480,5480,0.365014,-1,59.1875,59.1875,0
1786402871642,5475.21,die0,5479,5479,0.365014,-1,59.1875,59.1875,0
1786402871742,5475.21,die0,5479,5479,0.365014,-1,59.1875,59.1875,0
1786402871842,5474.26,die0,5478,5478,0.36495,-1,59.3125,59.3125,0
1786402871942,5474.26,die0,5478,5478,0.36495,-1,59.3125,59.3125,0
1786402872042,5474.26,die0,5477,5477,0.36495,-1,59.3125,59.3125,0
1786402872142,5474.26,die0,5477,5477,0.36495,-1,59.3125,59.3125,0
1786402872242,5474.26,die0,5476,5476,0.36495,-1,59.3125,59.3125,0
1786402872342,5474.26,die0,5476,5476,0.36495,-1,59.3125,59.3125,0
1786402872442,5474.26,die0,5476,5476,0.36495,-1,59.3125,59.3125,0
1786402872542,5474.26,die0,5475,5475,0.36495,-1,59.3125,59.3125,0
1786402872642,5474.26,die0,5475,5475,0.36495,-1,59.3125,59.3125,0
1786402872742,5474.26,die0,5475,5475,0.36495,-1,59.3125,59.3125,0
1786402872842,5459.84,die0,5471,5471,0.36399,-1,59.375,59.375,0
1786402872942,5459.84,die0,5467,5467,0.36399,-1,59.375,59.375,0
1786402873042,5459.84,die0,5463,5463,0.36399,-1,59.375,59.375,0
1786402873142,5459.84,die0,5460,5460,0.36399,-1,59.375,59.375,0
1786402873242,5459.84,die0,5456,5456,0.36399,-1,59.375,59.375,0
1786402873342,5459.84,die0,5453,5453,0.36399,-1,59.375,59.375,0
1786402873442,5459.84,die0,5451,5451,0.36399,-1,59.375,59.375,0
1786402873542,5459.84,die0,5448,5448,0.36399,-1,59.375,59.375,0
1786402873642,5459.84,die0,5446,5446,0.36399,-1,59.375,59.375,0
1786402873742,5459.84,die0,5443,5443,0.36399,-1,59.375,59.375,0
1786402873842,5445.75,die0,5441,5441,0.36305,-1,59.4375,59.4375,0
1786402873942,5445.75,die0,5439,5439,0.36305,-1,59.4375,59.4375,0
1786402874042,5445.75,die0,5437,5437,0.36305,-1,59.4375,59.4375,0
1786402874142,5445.75,die0,5436,5436,0.36305,-1,59.4375,59.4375,0
1786402874242,5445.75,die0,5434,5434,0.36305,-1,59.4375,59.4375,0
1786402874342,5445.75,die0,5433,5433,0.36305,-1,59.4375,59.4375,0
1786402874442,5445.75,die0,5431,5431,0.36305,-1,59.4375,59.4375,0
1786402874542,5445.75,die0,5430,5430,0.36305,-1,59.4375,59.4375,0
1786402874642,5445.75,die0,5429,5429,0.36305,-1,59.4375,59.4375,0
1786402874742,5445.75,die0,5428,5428,0.36305,-1,59.4375,59.4375,0
1786402874842,5431.96,die0,5427,5427,0.362131,-1,59.5,59.5,0
1786402874942,5431.96,die0,5426,5426,0.362131,-1,59.5,59.5,0
1786402875042,5431.96,die0,5425,5425,0.362131,-1,59.5,59.5,0
1786402875142,5431.96,die0,5424,5424,0.362131,-1,59.5,59.5,0
1786402875242,5431.96,die0,5423,5423,0.362131,-1,59.5,59.5,0
1786402875342,5431.96,die0,5422,5422,0.362131,-1,59.5,59.5,0
1786402875442,5431.96,die0,5422,5422,0.362131,-1,59.5,59.5,0
1786402875542,5431.96,die0,5421,5421,0.362131,-1,59.5,59.5,0
1786402875643,5431.96,die0,5420,5420,0.362131,-1,59.5,59.5,0
1786402875742,5431.96,die0,5420,5420,0.362131,-1,59.5,59.5,0
1786402875842,5446.65,die0,5419,5419,0.36311,-1,59.6875,59.6875,0
1786402875942,5446.65,die0,5419,5419,0.36311,-1,59.6875,59.6875,0
1786402876042,5446.65,die0,5418,5418,0.36311,-1,59.6875,59.6875,0
1786402876142,5446.65,die0,5418,5418,0.36311,-1,59.6875,59.6875,0
1786402876242,5446.65,die0,5417,5417,0.36311,-1,59.6875,59.6875,0
1786402876342,5446.65,die0,5417,5417,0.36311,-1,59.6875,59.6875,0
1786402876442,5446.65,die0,5417,5417,0.36311,-1,59.6875,59.6875,0
1786402876542,5446.65,die0,5416,5416,0.36311,-1,59.6875,59.6875,0
1786402876642,5446.65,die0,5416,5416,0.36311,-1,59.6875,59.6875,0
1786402876742,5446.65,die0,5416,5416,0.36311,-1,59.6875,59.6875,0
1786402876842,5391.88,die0,5412,5412,0.359458,-1,59.5625,59.5625,0
1786402876942,5391.88,die0,5408,5408,0.359458,-1,59.5625,59.5625,0
1786402877042,5391.88,die0,5404,5404,0.359458,-1,59.5625,59.5625,0
1786402877142,5391.88,die0,5401,5401,0.359458,-1,59.5625,59.5625,0
1786402877242,5391.88,die0,5397,5397,0.359458,-1,59.5625,59.5625,0
1786402877342,5391.88,die0,5394,5394,0.359458,-1,59.5625,59.5625,0
1786402877442,5391.88,die0,5392,5392,0.359458,-1,59.5625,59.5625,0
1786402877542,5391.88,die0,5389,5389,0.359458,-1,59.5625,59.5625,0
1786402877642,5391.88,die0,5387,5387,0.359458,-1,59.5625,59.5625,0
1786402877742,5391.88,die0,5384,5384,0.359458,-1,59.5625,59.5625,0
1786402877842,5378.72,die0,5382,5382,0.358581,-1,59.625,59.625,0
1786402877942,5378.72,die0,5380,5380,0.358581,-1,59.625,59.625,0
1786402878042,5378.72,die0,5379,5379,0.358581,-1,59.625,59.625,0
1786402878142,5378.72,die0,5377,5377,0.358581,-1,59.625,59.625,0
1786402878242,5378.72,die0,5375,5375,0.358581,-1,59.625,59.625,0
1786402878342,5378.72,die0,5374,5374,0.358581,-1,59.625,59.625,0
1786402878442,5378.72,die0,5372,5372,0.358581,-1,59.625,59.625,0
1786402878542,5378.72,die0,5371,5371,0.358581,-1,59.625,59.625,0
1786402878642,5378.72,die0,5370,5370,0.358581,-1,59.625,59.625,0
1786402878742,5378.72,die0,5369,5369,0.358581,-1,59.625,59.625,0
1786402878843,5365.87,die0,5368,5368,0.357725,-1,59.6875,59.6875,0
1786402878942,5365.87,die0,5367,5367,0.357725,-1,59.6875,59.6875,0
1786402879042,5365.87,die0,5366,5366,0.357725,-1,59.6875,59.6875,0
1786402879142,5365.87,die0,5365,5365,0.357725,-1,59.6875,59.6875,0
1786402879242,5365.87,die0,5364,5364,0.357725,-1,59.6875,59.6875,0
1786402879342,5365.87,die0,5363,5363,0.357725,-1,59.6875,59.6875,0
1786402879442,5365.87,die0,5363,5363,0.357725,-1,59.6875,59.6875,0
1786402879542,5365.87,die0,5362,5362,0.357725,-1,59.6875,59.6875,0
1786402879642,5365.87,die0,5361,5361,0.357725,-1,59.6875,59.6875,0
1786402879742,5365.87,die0,5361,5361,0.357725,-1,59.6875,59.6875,0
1786402879846,5353.34,die0,5360,5360,0.356889,-1,59.75,59.75,0
1786402879942,5353.34,die0,5360,5360,0.356889,-1,59.75,59.75,0
1786402880042,5353.34,die0,5359,5359,0.356889,-1,59.75,59.75,0
1786402880142,5353.34,die0,5359,5359,0.356889,-1,59.75,59.75,0
1786402880242,5353.34,die0,5359,5359,0.356889,-1,59.75,59.75,0
1786402880342,5353.34,die0,5358,5358,0.356889,-1,59.75,59.75,0
1786402880442,5353.34,die0,5358,5358,0.356889,-1,59.75,59.75,0
1786402880542,5353.34,die0,5358,5358,0.356889,-1,59.75,59.75,0
1786402880642,5353.34,die0,5357,5357,0.356889,-1,59.75,59.75,0
1786402880742,5353.34,die0,5357,5357,0.356889,-1,59.75,59.75,0
1786402880842,5341.12,die0,5353,5353,0.356075,-1,59.8125,59.8125,0
1786402880942,5341.12,die0,5349,5349,0.356075,-1,59.8125,59.8125,0
1786402881042,5341.12,die0,5345,5345,0.356075,-1,59.8125,59.8125,0
1786402881142,5341.12,die0,5342,5342,0.356075,-1,59.8125,59.8125,0
1786402881242,5341.12,die0,5339,5339,0.356075,-1,59.8125,59.8125,0
1786402881342,5341.12,die0,5336,5336,0.356075,-1,59.8125,59.8125,0
1786402881442,5341.12,die0,5333,5333,0.356075,-1,59.8125,59.8125,0
1786402881542,5341.12,die0,5330,5330,0.356075,-1,59.8125,59.8125,0
1786402881642,5341.12,die0,5328,5328,0.356075,-1,59.8125,59.8125,0
1786402881742,5341.12,die0,5326,5326,0.356075,-1,59.8125,59.8125,0
1786402881842,5343.29,die0,5324,5324,0.35622,-1,59.9375,59.9375,0
1786402881942,5343.29,die0,5322,5322,0.35622,-1,59.9375,59.9375,0
1786402882042,5343.29,die0,5320,5320,0.35622,-1,59.9375,59.9375,0
1786402882142,5343.29,die0,5318,5318,0.35622,-1,59.9375,59.9375,0
1786402882242,5343.29,die0,5316,5316,0.35622,-1,59.9375,59.9375,0
1786402882342,5343.29,die0,5315,5315,0.35622,-1,59.9375,59.9375,0
1786402882442,5343.29,die0,5314,5314,0.35622,-1,59.9375,59.9375,0
1786402882542,5343.29,die0,5312,5312,0.35622,-1,59.9375,59.9375,0
1786402882642,5343.29,die0,5311,5311,0.35622,-1,59.9375,59.9375,0
1786402882742,5343.29,die0,5310,5310,0.35622,-1,59.9375,59.9375,0
1786402882842,5332.01,die0,5309,5309,0.355468,-1,60,60,0
1786402882942,5332.01,die0,5308,5308,0.355468,-1,60,60,0
1786402883042,5332.01,die0,5307,5307,0.355468,-1,60,60,0
1786402883142,5332.01,die0,5306,5306,0.355468,-1,60,60,0
1786402883242,5332.01,die0,5305,5305,0.355468,-1,60,60,0
1786402883342,5332.01,die0,5305,5305,0.355468,-1,60,60,0
1786402883442,5332.01,die0,5304,5304,0.355468,-1,60,60,0
1786402883542,5332.01,die0,5303,5303,0.355468,-1,60,60,0
1786402883642,5332.01,die0,5303,5303,0.355468,-1,60,60,0
1786402883742,5332.01,die0,5302,5302,0.355468,-1,60,60,0
1786402883842,5306.97,die0,5302,5302,0.353798,-1,60,60,0
1786402883942,5306.97,die0,5301,5301,0.353798,-1,60,60,0
1786402884042,5306.97,die0,5301,5301,0.353798,-1,60,60,0
1786402884142,5306.97,die0,5300,5300,0.353798,-1,60,60,0
1786402884242,5306.97,die0,5300,5300,0.353798,-1,60,60,0
1786402884342,5306.97,die0,5299,5299,0.353798,-1,60,60,0
1786402884442,5306.97,die0,5299,5299,0.353798,-1,60,60,0
1786402884542,5306.97,die0,5299,5299,0.353798,-1,60,60,0
1786402884642,5306.97,die0,5298,5298,0.353798,-1,60,60,0
1786402884742,5306.97,die0,5298,5298,0.353798,-1,60,60,0
1786402884842,5296,die0,5298,5298,0.353067,-1,60.0625,60.0625,0
1786402884942,5296,die0,5298,5298,0.353067,-1,60.0625,60.0625,0
1786402885042,5296,die0,5297,5297,0.353067,-1,60.0625,60.0625,0
1786402885142,5296,die0,5297,5297,0.353067,-1,60.0625,60.0625,0
1786402885242,5296,die0,5297,5297,0.353067,-1,60.0625,60.0625,0
1786402885342,5296,die0,5297,5297,0.353067,-1,60.0625,60.0625,0
1786402885442,5296,die0,5297,5297,0.353067,-1,60.0625,60.0625,0
1786402885542,5296,die0,5296,5296,0.353067,-1,60.0625,60.0625,0
1786402885642,5296,die0,5296,5296,0.353067,-1,60.0625,60.0625,0
1786402885742,5296,die0,5296,5296,0.353067,-1,60.0625,60.0625,0
1786402885842,5299.43,die0,5296,5296,0.353295,-1,60.1875,60.1875,0
1786402885943,5299.43,die0,5296,5296,0.353295,-1,60.1875,60.1875,0
1786402886046,5299.43,die0,5296,5296,0.353295,-1,60.1875,60.1875,0
1786402886143,5299.43,die0,5296,5296,0.353295,-1,60.1875,60.1875,0
1786402886242,5299.43,die0,5296,5296,0.353295,-1,60.1875,60.1875,0
1786402886342,5299.43,die0,5295,5295,0.353295,-1,60.1875,60.1875,0
1786402886442,5299.43,die0,5295,5295,0.353295,-1,60.1875,60.1875,0
1786402886542,5299.43,die0,5295,5295,0.353295,-1,60.1875,60.1875,0
1786402886642,5299.43,die0,5295,5295,0.353295,-1,60.1875,60.1875,0
1786402886742,5299.43,die0,5295,5295,0.353295,-1,60.1875,60.1875,0
1786402886842,5275.32,die0,5291,5291,0.351688,-1,60.1875,60.1875,0
1786402886942,5275.32,die0,5287,5287,0.351688,-1,60.1875,60.1875,0
1786402887042,5275.32,die0,5284,5284,0.351688,-1,60.1875,60.1875,0
1786402887142,5275.32,die0,5281,5281,0.351688,-1,60.1875,60.1875,0
1786402887242,5275.32,die0,5278,5278,0.351688,-1,60.1875,60.1875,0
1786402887342,5275.32,die0,5275,5275,0.351688,-1,60.1875,60.1875,0
1786402887443,5275.32,die0,5272,5272,0.351688,-1,60.1875,60.1875,0
1786402887543,5275.32,die0,5270,5270,0.351688,-1,60.1875,60.1875,0
1786402887642,5275.32,die0,5267,5267,0.351688,-1,60.1875,60.1875,0
1786402887742,5275.32,die0,5265,5265,0.351688,-1,60.1875,60.1875,0
1786402887842,5251.21,die0,5263,5263,0.350081,-1,60.1875,60.1875,0
1786402887942,5251.21,die0,5261,5261,0.350081,-1,60.1875,60.1875,0
1786402888042,5251.21,die0,5260,5260,0.350081,-1,60.1875,60.1875,0
1786402888142,5251.21,die0,5258,5258,0.350081,-1,60.1875,60.1875,0
1786402888242,5251.21,die0,5257,5257,0.350081,-1,60.1875,60.1875,0
1786402888343,5251.21,die0,5255,5255,0.350081,-1,60.1875,60.1875,0
1786402888442,5251.21,die0,5254,5254,0.350081,-1,60.1875,60.1875,0
1786402888542,5251.21,die0,5253,5253,0.350081,-1,60.1875,60.1875,0
1786402888642,5251.21,die0,5251,5251,0.350081,-1,60.1875,60.1875,0
1786402888742,5251.21,die0,5250,5250,0.350081,-1,60.1875,60.1875,0
1786402888842,5227.1,die0,5245,5245,0.348473,-1,60.1875,60.1875,0
1786402888942,5227.1,die0,5241,5241,0.348473,-1,60.1875,60.1875,0
1786402889042,5227.1,die0,5237,5237,0.348473,-1,60.1875,60.1875,0
1786402889142,5227.1,die0,5233,5233,0.348473,-1,60.1875,60.1875,0
1786402889246,5227.1,die0,5229,5229,0.348473,-1,60.1875,60.1875,0
1786402889342,5227.1,die0,5225,5225,0.348473,-1,60.1875,60.1875,0
1786402889442,5227.1,die0,5222,5222,0.348473,-1,60.1875,60.1875,0
1786402889542,5227.1,die0,5219,5219,0.348473,-1,60.1875,60.1875,0
1786402889642,5227.1,die0,5216,5216,0.348473,-1,60.1875,60.1875,0
1786402889742,5227.1,die0,5214,5214,0.348473,-1,60.1875,60.1875,0
1786402889842,5245.23,die0,5215,5215,0.349682,-1,60.375,60.375,0
1786402889942,5245.23,die0,5216,5216,0.349682,-1,60.375,60.375,0
1786402890042,5245.23,die0,5218,5218,0.349682,-1,60.375,60.375,0
1786402890142,5245.23,die0,5219,5219,0.349682,-1,60.375,60.375,0
1786402890242,5245.23,die0,5220,5220,0.349682,-1,60.375,60.375,0
1786402890342,5245.23,die0,5221,5221,0.349682,-1,60.375,60.375,0
1786402890442,5245.23,die0,5222,5222,0.349682,-1,60.375,60.375,0
1786402890542,5245.23,die0,5223,5223,0.349682,-1,60.375,60.375,0
1786402890642,5245.23,die0,5224,5224,0.349682,-1,60.375,60.375,0
1786402890742,5245.23,die0,5224,5224,0.349682,-1,60.375,60.375,0
1786402890842,5236.15,die0,5225,5225,0.349076,-1,60.4375,60.4375,0
1786402890942,5236.15,die0,5226,5226,0.349076,-1,60.4375,60.4375,0
1786402891042,5236.15,die0,5226,5226,0.349076,-1,60.4375,60.4375,0
1786402891142,5236.15,die0,5227,5227,0.349076,-1,60.4375,60.4375,0
1786402891242,5236.15,die0,5228,5228,0.349076,-1,60.4375,60.4375,0
1786402891342,5236.15,die0,5228,5228,0.349076,-1,60.4375,60.4375,0
1786402891442,5236.15,die0,5229,5229,0.349076,-1,60.4375,60.4375,0
1786402891542,5236.15,die0,5229,5229,0.349076,-1,60.4375,60.4375,0
1786402891642,5236.15,die0,5229,5229,0.349076,-1,60.4375,60.4375,0
1786402891742,5236.15,die0,5230,5230,0.349076,-1,60.4375,60.4375,0
1786402891842,5185.13,die0,5226,5226,0.345675,-1,60.3125,60.3125,0
1786402891942,5185.13,die0,5223,5223,0.345675,-1,60.3125,60.3125,0
1786402892042,5185.13,die0,5220,5220,0.345675,-1,60.3125,60.3125,0
1786402892142,5185.13,die0,5217,5217,0.345675,-1,60.3125,60.3125,0
1786402892242,5185.13,die0,5214,5214,0.345675,-1,60.3125,60.3125,0
1786402892342,5185.13,die0,5212,5212,0.345675,-1,60.3125,60.3125,0
1786402892442,5185.13,die0,5209,5209,0.345675,-1,60.3125,60.3125,0
1786402892542,5185.13,die0,5207,5207,0.345675,-1,60.3125,60.3125,0
1786402892642,5185.13,die0,5205,5205,0.345675,-1,60.3125,60.3125,0
1786402892742,5185.13,die0,5203,5203,0.345675,-1,60.3125,60.3125,0
1786402892842,5189.81,die0,5201,5201,0.345987,-1,60.4375,60.4375,0
1786402892942,5189.81,die0,5200,5200,0.345987,-1,60.4375,60.4375,0
1786402893042,5189.81,die0,5198,5198,0.345987,-1,60.4375,60.4375,0
1786402893142,5189.81,die0,5197,5197,0.345987,-1,60.4375,60.4375,0
1786402893242,5189.81,die0,5195,5195,0.345987,-1,60.4375,60.4375,0
1786402893342,5189.81,die0,5194,5194,0.345987,-1,60.4375,60.4375,0
1786402893442,5189.81,die0,5193,5193,0.345987,-1,60.4375,60.4375,0
1786402893542,5189.81,die0,5192,5192,0.345987,-1,60.4375,60.4375,0
1786402893642,5189.81,die0,5191,5191,0.345987,-1,60.4375,60.4375,0
1786402893742,5189.81,die0,5190,5190,0.345987,-1,60.4375,60.4375,0
1786402893842,5166.95,die0,5185,5185,0.344463,-1,60.4375,60.4375,0
1786402893942,5166.95,die0,5181,5181,0.344463,-1,60.4375,60.4375,0
1786402894042,5166.95,die0,5176,5176,0.344463,-1,60.4375,60.4375,0
1786402894142,5166.95,die0,5172,5172,0.344463,-1,60.4375,60.4375,0
1786402894242,5166.95,die0,5169,5169,0.344463,-1,60.4375,60.4375,0
1786402894342,5166.95,die0,5165,5165,0.344463,-1,60.4375,60.4375,0
1786402894442,5166.95,die0,5162,5162,0.344463,-1,60.4375,60.4375,0
1786402894542,5166.95,die0,5159,5159,0.344463,-1,60.4375,60.4375,0
1786402894642,5166.95,die0,5156,5156,0.344463,-1,60.4375,60.4375,0
1786402894742,5166.95,die0,5154,5154,0.344463,-1,60.4375,60.4375,0
1786402894842,5172.26,die0,5151,5151,0.344817,-1,60.5625,60.5625,0
1786402894942,5172.26,die0,5149,5149,0.344817,-1,60.5625,60.5625,0
1786402895042,5172.26,die0,5147,5147,0.344817,-1,60.5625,60.5625,0
1786402895142,5172.26,die0,5145,5145,0.344817,-1,60.5625,60.5625,0
1786402895242,5172.26,die0,5143,5143,0.344817,-1,60.5625,60.5625,0
1786402895342,5172.26,die0,5142,5142,0.344817,-1,60.5625,60.5625,0
1786402895442,5172.26,die0,5140,5140,0.344817,-1,60.5625,60.5625,0
1786402895542,5172.26,die0,5139,5139,0.344817,-1,60.5625,60.5625,0
1786402895642,5172.26,die0,5137,5137,0.344817,-1,60.5625,60.5625,0
1786402895742,5172.26,die0,5136,5136,0.344817,-1,60.5625,60.5625,0
1786402895842,5150.03,die0,5135,5135,0.343335,-1,60.5625,60.5625,0
1786402895942,5150.03,die0,5133,5133,0.343335,-1,60.5625,60.5625,0
1786402896042,5150.03,die0,5132,5132,0.343335,-1,60.5625,60.5625,0
1786402896142,5150.03,die0,5131,5131,0.343335,-1,60.5625,60.5625,0
1786402896242,5150.03,die0,5131,5131,0.343335,-1,60.5625,60.5625,0
1786402896342,5150.03,die0,5130,5130,0.343335,-1,60.5625,60.5625,0
1786402896442,5150.03,die0,5129,5129,0.343335,-1,60.5625,60.5625,0
1786402896542,5150.03,die0,5128,5128,0.343335,-1,60.5625,60.5625,0
1786402896642,5150.03,die0,5127,5127,0.343335,-1,60.5625,60.5625,0
1786402896742,5150.03,die0,5127,5127,0.343335,-1,60.5625,60.5625,0
1786402896842,5141.88,die0,5126,5126,0.342792,-1,60.625,60.625,0
1786402896942,5141.88,die0,5126,5126,0.342792,-1,60.625,60.625,0
1786402897042,5141.88,die0,5125,5125,0.342792,-1,60.625,60.625,0
1786402897142,5141.88,die0,5125,5125,0.342792,-1,60.625,60.625,0
1786402897242,5141.88,die0,5124,5124,0.342792,-1,60.625,60.625,0
1786402897342,5141.88,die0,5124,5124,0.342792,-1,60.625,60.625,0
1786402897442,5141.88,die0,5123,5123,0.342792,-1,60.625,60.625,0
1786402897542,5141.88,die0,5123,5123,0.342792,-1,60.625,60.625,0
1786402897642,5141.88,die0,5123,5123,0.342792,-1,60.625,60.625,0
1786402897742,5141.88,die0,5122,5122,0.342792,-1,60.625,60.625,0
1786402897842,5119.96,die0,5122,5122,0.341331,-1,60.625,60.625,0
1786402897943,5119.96,die0,5122,5122,0.341331,-1,60.625,60.625,0
1786402898042,5119.96,die0,5121,5121,0.341331,-1,60.625,60.625,0
1786402898142,5119.96,die0,5121,5121,0.341331,-1,60.625,60.625,0
1786402898242,5119.96,die0,5121,5121,0.341331,-1,60.625,60.625,0
1786402898343,5119.96,die0,5121,5121,0.341331,-1,60.625,60.625,0
1786402898442,5119.96,die0,5120,5120,0.341331,-1,60.625,60.625,0
1786402898542,5119.96,die0,5120,5120,0.341331,-1,60.625,60.625,0
1786402898642,5119.96,die0,5120,5120,0.341331,-1,60.625,60.625,0
1786402898742,5119.96,die0,5120,5120,0.341331,-1,60.625,60.625,0
1786402898842,5112.13,die0,5116,5116,0.340808,-1,60.6875,60.6875,0
1786402898942,5112.13,die0,5112,5112,0.340808,-1,60.6875,60.6875,0
1786402899042,5112.13,die0,5109,5109,0.340808,-1,60.6875,60.6875,0
1786402899142,5112.13,die0,5105,5105,0.340808,-1,60.6875,60.6875,0
1786402899242,5112.13,die0,5102,5102,0.340808,-1,60.6875,60.6875,0
1786402899342,5112.13,die0,5099,5099,0.340808,-1,60.6875,60.6875,0
1786402899442,5112.13,die0,5097,5097,0.340808,-1,60.6875,60.6875,0
1786402899542,5112.13,die0,5094,5094,0.340808,-1,60.6875,60.6875,0
1786402899642,5112.13,die0,5092,5092,0.340808,-1,60.6875,60.6875,0
1786402899742,5112.13,die0,5089,5089,0.340808,-1,60.6875,60.6875,0
1786402899842,5104.6,die0,5087,5087,0.340307,-1,60.75,60.75,0
1786402899942,5104.6,die0,5086,5086,0.340307,-1,60.75,60.75,0
1786402900042,5104.6,die0,5084,5084,0.340307,-1,60.75,60.75,0
1786402900142,5104.6,die0,5082,5082,0.340307,-1,60.75,60.75,0
1786402900242,5104.6,die0,5081,5081,0.340307,-1,60.75,60.75,0
1786402900342,5104.6,die0,5079,5079,0.340307,-1,60.75,60.75,0
1786402900442,5104.6,die0,5078,5078,0.340307,-1,60.75,60.75,0
1786402900542,5104.6,die0,5076,5076,0.340307,-1,60.75,60.75,0
1786402900642,5104.6,die0,5075,5075,0.340307,-1,60.75,60.75,0
1786402900742,5104.6,die0,5074,5074,0.340307,-1,60.75,60.75,0
1786402900842,5097.39,die0,5073,5073,0.339826,-1,60.8125,60.8125,0
1786402900942,5097.39,die0,5072,5072,0.339826,-1,60.8125,60.8125,0
1786402901042,5097.39,die0,5071,5071,0.339826,-1,60.8125,60.8125,0
1786402901142,5097.39,die0,5070,5070,0.339826,-1,60.8125,60.8125,0
1786402901242,5097.39,die0,5070,5070,0.339826,-1,60.8125,60.8125,0
1786402901342,5097.39,die0,5069,5069,0.339826,-1,60.8125,60.8125,0
1786402901442,5097.39,die0,5068,5068,0.339826,-1,60.8125,60.8125,0
1786402901542,5097.39,die0,5068,5068,0.339826,-1,60.8125,60.8125,0
1786402901642,5097.39,die0,5067,5067,0.339826,-1,60.8125,60.8125,0
1786402901742,5097.39,die0,5067,5067,0.339826,-1,60.8125,60.8125,0
1786402901842,5076.41,die0,5066,5066,0.338428,-1,60.8125,60.8125,0
1786402901942,5076.41,die0,5066,5066,0.338428,-1,60.8125,60.8125,0
1786402902042,5076.41,die0,5065,5065,0.338428,-1,60.8125,60.8125,0
1786402902142,5076.41,die0,5065,5065,0.338428,-1,60.8125,60.8125,0
1786402902242,5076.41,die0,5064,5064,0.338428,-1,60.8125,60.8125,0
1786402902342,5076.41,die0,5064,5064,0.338428,-1,60.8125,60.8125,0
1786402902446,5076.41,die0,5064,5064,0.338428,-1,60.8125,60.8125,0
1786402902542,5076.41,die0,5063,5063,0.338428,-1,60.8125,60.8125,0
1786402902642,5076.41,die0,5063,5063,0.338428,-1,60.8125,60.8125,0
1786402902742,5076.41,die0,5063,5063,0.338428,-1,60.8125,60.8125,0
1786402902842,5055.44,die0,5059,5059,0.337029,-1,60.8125,60.8125,0
1786402902942,5055.44,die0,5055,5055,0.337029,-1,60.8125,60.8125,0
1786402903042,5055.44,die0,5051,5051,0.337029,-1,60.8125,60.8125,0
1786402903142,5055.44,die0,5048,5048,0.337029,-1,60.8125,60.8125,0
1786402903242,5055.44,die0,5044,5044,0.337029,-1,60.8125,60.8125,0
1786402903342,5055.44,die0,5041,5041,0.337029,-1,60.8125,60.8125,0
1786402903442,5055.44,die0,5039,5039,0.337029,-1,60.8125,60.8125,0
1786402903542,5055.44,die0,5036,5036,0.337029,-1,60.8125,60.8125,0
1786402903642,5055.44,die0,5034,5034,0.337029,-1,60.8125,60.8125,0
1786402903742,5055.44,die0,5031,5031,0.337029,-1,60.8125,60.8125,0
1786402903842,5076.7,die0,5033,5033,0.338447,-1,61,61,0
1786402903942,5076.7,die0,5035,5035,0.338447,-1,61,61,0
1786402904042,5076.7,die0,5037,5037,0.338447,-1,61,61,0
1786402904142,5076.7,die0,5038,5038,0.338447,-1,61,61,0
1786402904242,5076.7,die0,5039,5039,0.338447,-1,61,61,0
1786402904342,5076.7,die0,5041,5041,0.338447,-1,61,61,0
1786402904442,5076.7,die0,5042,5042,0.338447,-1,61,61,0
1786402904542,5076.7,die0,5043,5043,0.338447,-1,61,61,0
1786402904642,5076.7,die0,5044,5044,0.338447,-1,61,61,0
1786402904742,5076.7,die0,5045,5045,0.338447,-1,61,61,0
1786402904842,5056.66,die0,5042,5042,0.337111,-1,61,61,0
1786402904942,5056.66,die0,5039,5039,0.337111,-1,61,61,0
1786402905042,5056.66,die0,5037,5037,0.337111,-1,61,61,0
1786402905142,5056.66,die0,5034,5034,0.337111,-1,61,61,0
1786402905242,5056.66,die0,5032,5032,0.337111,-1,61,61,0
1786402905342,5056.66,die0,5030,5030,0.337111,-1,61,61,0
1786402905442,5056.66,die0,5028,5028,0.337111,-1,61,61,0
1786402905542,5056.66,die0,5026,5026,0.337111,-1,61,61,0
1786402905642,5056.66,die0,5024,5024,0.337111,-1,61,61,0
1786402905742,5056.66,die0,5023,5023,0.337111,-1,61,61,0
1786402905842,5036.63,die0,5021,5021,0.335775,-1,61,61,0
1786402905942,5036.63,die0,5020,5020,0.335775,-1,61,61,0
1786402906042,5036.63,die0,5018,5018,0.335775,-1,61,61,0
1786402906142,5036.63,die0,5017,5017,0.335775,-1,61,61,0
1786402906242,5036.63,die0,5016,5016,0.335775,-1,61,61,0
1786402906342,5036.63,die0,5015,5015,0.335775,-1,61,61,0
1786402906442,5036.63,die0,5014,5014,0.335775,-1,61,61,0
1786402906542,5036.63,die0,5013,5013,0.335775,-1,61,61,0
1786402906642,5036.63,die0,5012,5012,0.335775,-1,61,61,0
1786402906742,5036.63,die0,5011,5011,0.335775,-1,61,61,0
1786402906842,5030.67,die0,5011,5011,0.335378,-1,61.0625,61.0625,0
1786402906942,5030.67,die0,5010,5010,0.335378,-1,61.0625,61.0625,0
1786402907042,5030.67,die0,5009,5009,0.335378,-1,61.0625,61.0625,0
1786402907142,5030.67,die0,5009,5009,0.335378,-1,61.0625,61.0625,0
1786402907242,5030.67,die0,5008,5008,0.335378,-1,61.0625,61.0625,0
1786402907342,5030.67,die0,5007,5007,0.335378,-1,61.0625,61.0625,0
1786402907442,5030.67,die0,5007,5007,0.335378,-1,61.0625,61.0625,0
1786402907542,5030.67,die0,5007,5007,0.335378,-1,61.0625,61.0625,0
1786402907642,5030.67,die0,5006,5006,0.335378,-1,61.0625,61.0625,0
1786402907743,5030.67,die0,5006,5006,0.335378,-1,61.0625,61.0625,0
1786402907842,5010.94,die0,5005,5005,0.334063,-1,61.0625,61.0625,0
1786402907942,5010.94,die0,5005,5005,0.334063,-1,61.0625,61.0625,0
1786402908042,5010.94,die0,5005,5005,0.334063,-1,61.0625,61.0625,0
1786402908142,5010.94,die0,5004,5004,0.334063,-1,61.0625,61.0625,0
1786402908242,5010.94,die0,5004,5004,0.334063,-1,61.0625,61.0625,0
1786402908342,5010.94,die0,5004,5004,0.334063,-1,61.0625,61.0625,0
1786402908442,5010.94,die0,5004,5004,0.334063,-1,61.0625,61.0625,0
1786402908542,5010.94,die0,5003,5003,0.334063,-1,61.0625,61.0625,0
1786402908642,5010.94,die0,5003,5003,0.334063,-1,61.0625,61.0625,0
1786402908742,5010.94,die0,5003,5003,0.334063,-1,61.0625,61.0625,0
1786402908846,4991.22,die0,4999,4999,0.332748,-1,61.0625,61.0625,0
1786402908942,4991.22,die0,4995,4995,0.332748,-1,61.0625,61.0625,0
1786402909042,4991.22,die0,4991,4991,0.332748,-1,61.0625,61.0625,0
1786402909142,4991.22,die0,4988,4988,0.332748,-1,61.0625,61.0625,0
1786402909242,4991.22,die0,4985,4985,0.332748,-1,61.0625,61.0625,0
1786402909343,4991.22,die0,4982,4982,0.332748,-1,61.0625,61.0625,0
1786402909442,4991.22,die0,4979,4979,0.332748,-1,61.0625,61.0625,0
1786402909542,4991.22,die0,4977,4977,0.332748,-1,61.0625,61.0625,0
1786402909642,4991.22,die0,4974,4974,0.332748,-1,61.0625,61.0625,0
1786402909742,4991.22,die0,4972,4972,0.332748,-1,61.0625,61.0625,0
1786402909842,4999.65,die0,4970,4970,0.33331,-1,61.1875,61.1875,0
1786402909942,4999.65,die0,4968,4968,0.33331,-1,61.1875,61.1875,0
1786402910042,4999.65,die0,4966,4966,0.33331,-1,61.1875,61.1875,0
1786402910142,4999.65,die0,4965,4965,0.33331,-1,61.1875,61.1875,0
1786402910242,4999.65,die0,4963,4963,0.33331,-1,61.1875,61.1875,0
1786402910342,4999.65,die0,4962,4962,0.33331,-1,61.1875,61.1875,0
1786402910442,4999.65,die0,4960,4960,0.33331,-1,61.1875,61.1875,0
1786402910542,4999.65,die0,4959,4959,0.33331,-1,61.1875,61.1875,0
1786402910642,4999.65,die0,4958,4958,0.33331,-1,61.1875,61.1875,0
1786402910742,4999.65,die0,4957,4957,0.33331,-1,61.1875,61.1875,0
1786402910843,4980.55,die0,4956,4956,0.332037,-1,61.1875,61.1875,0
1786402910942,4980.55,die0,4955,4955,0.332037,-1,61.1875,61.1875,0
1786402911042,4980.55,die0,4954,4954,0.332037,-1,61.1875,61.1875,0
1786402911142,4980.55,die0,4953,4953,0.332037,-1,61.1875,61.1875,0
1786402911242,4980.55,die0,4952,4952,0.332037,-1,61.1875,61.1875,0
1786402911342,4980.55,die0,4951,4951,0.332037,-1,61.1875,61.1875,0
1786402911442,4980.55,die0,4951,4951,0.332037,-1,61.1875,61.1875,0
1786402911542,4980.55,die0,4950,4950,0.332037,-1,61.1875,61.1875,0
1786402911642,4980.55,die0,4950,4950,0.332037,-1,61.1875,61.1875,0
1786402911742,4980.55,die0,4949,4949,0.332037,-1,61.1875,61.1875,0
1786402911843,4975.54,die0,4948,4948,0.331702,-1,61.25,61.25,0
1786402911942,4975.54,die0,4948,4948,0.331702,-1,61.25,61.25,0
1786402912042,4975.54,die0,4948,4948,0.331702,-1,61.25,61.25,0
1786402912142,4975.54,die0,4947,4947,0.331702,-1,61.25,61.25,0
1786402912242,4975.54,die0,4947,4947,0.331702,-1,61.25,61.25,0
1786402912342,4975.54,die0,4946,4946,0.331702,-1,61.25,61.25,0
1786402912442,4975.54,die0,4946,4946,0.331702,-1,61.25,61.25,0
1786402912542,4975.54,die0,4946,4946,0.331702,-1,61.25,61.25,0
1786402912642,4975.54,die0,4945,4945,0.331702,-1,61.25,61.25,0
1786402912742,4975.54,die0,4945,4945,0.331702,-1,61.25,61.25,0
1786402912842,4942.67,die0,4945,4945,0.329511,-1,61.1875,61.1875,0
1786402912942,4942.67,die0,4945,4945,0.329511,-1,61.1875,61.1875,0
1786402913042,4942.67,die0,4944,4944,0.329511,-1,61.1875,61.1875,0
1786402913142,4942.67,die0,4944,4944,0.329511,-1,61.1875,61.1875,0
1786402913243,4942.67,die0,4944,4944,0.329511,-1,61.1875,61.1875,0
1786402913342,4942.67,die0,4944,4944,0.329511,-1,61.1875,61.1875,0
1786402913443,4942.67,die0,4944,4944,0.329511,-1,61.1875,61.1875,0
1786402913542,4942.67,die0,4943,4943,0.329511,-1,61.1875,61.1875,0
1786402913642,4942.67,die0,4943,4943,0.329511,-1,61.1875,61.1875,0
1786402913749,4942.67,die0,4943,4943,0.329511,-1,61.1875,61.1875,0
1786402913843,4951.73,die0,4943,4943,0.330116,-1,61.3125,61.3125,0
1786402913942,4951.73,die0,4943,4943,0.330116,-1,61.3125,61.3125,0
1786402914042,4951.73,die0,4943,4943,0.330116,-1,61.3125,61.3125,0
1786402914142,4951.73,die0,4943,4943,0.330116,-1,61.3125,61.3125,0
1786402914242,4951.73,die0,4943,4943,0.330116,-1,61.3125,61.3125,0
1786402914342,4951.73,die0,4942,4942,0.330116,-1,61.3125,61.3125,0
1786402914442,4951.73,die0,4942,4942,0.330116,-1,61.3125,61.3125,0
1786402914543,4951.73,die0,4942,4942,0.330116,-1,61.3125,61.3125,0
1786402914642,4951.73,die0,4942,4942,0.330116,-1,61.3125,61.3125,0
1786402914742,4951.73,die0,4942,4942,0.330116,-1,61.3125,61.3125,0
1786402914842,4933.26,die0,4938,4938,0.328884,-1,61.3125,61.3125,0
1786402914942,4933.26,die0,4934,4934,0.328884,-1,61.3125,61.3125,0
1786402915042,4933.26,die0,4931,4931,0.328884,-1,61.3125,61.3125,0
1786402915143,4933.26,die0,4928,4928,0.328884,-1,61.3125,61.3125,0
1786402915246,4933.26,die0,4925,4925,0.328884,-1,61.3125,61.3125,0
1786402915342,4933.26,die0,4922,4922,0.328884,-1,61.3125,61.3125,0
1786402915442,4933.26,die0,4919,4919,0.328884,-1,61.3125,61.3125,0
1786402915542,4933.26,die0,4917,4917,0.328884,-1,61.3125,61.3125,0
1786402915642,4933.26,die0,4914,4914,0.328884,-1,61.3125,61.3125,0
1786402915742,4933.26,die0,4912,4912,0.328884,-1,61.3125,61.3125,0
1786402915842,4957.03,die0,4914,4914,0.330469,-1,61.5,61.5,0
1786402915942,4957.03,die0,4916,4916,0.330469,-1,61.5,61.5,0
1786402916042,4957.03,die0,4918,4918,0.330469,-1,61.5,61.5,0
1786402916142,4957.03,die0,4919,4919,0.330469,-1,61.5,61.5,0
1786402916242,4957.03,die0,4921,4921,0.330469,-1,61.5,61.5,0
1786402916343,4957.03,die0,4922,4922,0.330469,-1,61.5,61.5,0
1786402916442,4957.03,die0,4923,4923,0.330469,-1,61.5,61.5,0
1786402916542,4957.03,die0,4925,4925,0.330469,-1,61.5,61.5,0
1786402916642,4957.03,die0,4926,4926,0.330469,-1,61.5,61.5,0
1786402916742,4957.03,die0,4927,4927,0.330469,-1,61.5,61.5,0
1786402916842,4939.5,die0,4924,4924,0.3293,-1,61.5,61.5,0
1786402916942,4939.5,die0,4921,4921,0.3293,-1,61.5,61.5,0
1786402917042,4939.5,die0,4918,4918,0.3293,-1,61.5,61.5,0
1786402917142,4939.5,die0,4916,4916,0.3293,-1,61.5,61.5,0
1786402917242,4939.5,die0,4914,4914,0.3293,-1,61.5,61.5,0
1786402917342,4939.5,die0,4912,4912,0.3293,-1,61.5,61.5,0
1786402917442,4939.5,die0,4910,4910,0.3293,-1,61.5,61.5,0
1786402917542,4939.5,die0,4908,4908,0.3293,-1,61.5,61.5,0
1786402917642,4939.5,die0,4906,4906,0.3293,-1,61.5,61.5,0
1786402917742,4939.5,die0,4905,4905,0.3293,-1,61.5,61.5,0
1786402917842,4921.96,die0,4903,4903,0.328131,-1,61.5,61.5,0
1786402917942,4921.96,die0,4902,4902,0.328131,-1,61.5,61.5,0
1786402918042,4921.96,die0,4900,4900,0.328131,-1,61.5,61.5,0
1786402918142,4921.96,die0,4899,4899,0.328131,-1,61.5,61.5,0
1786402918242,4921.96,die0,4898,4898,0.328131,-1,61.5,61.5,0
1786402918342,4921.96,die0,4897,4897,0.328131,-1,61.5,61.5,0
1786402918442,4921.96,die0,4896,4896,0.328131,-1,61.5,61.5,0
1786402918542,4921.96,die0,4895,4895,0.328131,-1,61.5,61.5,0
1786402918642,4921.96,die0,4894,4894,0.328131,-1,61.5,61.5,0
1786402918742,4921.96,die0,4894,4894,0.328131,-1,61.5,61.5,0
1786402918842,4890.35,die0,4893,4893,0.326023,-1,61.4375,61.4375,0
1786402918942,4890.35,die0,4892,4892,0.326023,-1,61.4375,61.4375,0
1786402919042,4890.35,die0,4891,4891,0.326023,-1,61.4375,61.4375,0
1786402919142,4890.35,die0,4891,4891,0.326023,-1,61.4375,61.4375,0
1786402919242,4890.35,die0,4890,4890,0.326023,-1,61.4375,61.4375,0
1786402919342,4890.35,die0,4890,4890,0.326023,-1,61.4375,61.4375,0
1786402919443,4890.35,die0,4889,4889,0.326023,-1,61.4375,61.4375,0
1786402919542,4890.35,die0,4889,4889,0.326023,-1,61.4375,61.4375,0
1786402919642,4890.35,die0,4888,4888,0.326023,-1,61.4375,61.4375,0
1786402919742,4890.35,die0,4888,4888,0.326023,-1,61.4375,61.4375,0
1786402919842,4886.58,die0,4888,4888,0.325772,-1,61.5,61.5,0
1786402919943,4886.58,die0,4887,4887,0.325772,-1,61.5,61.5,0
1786402920042,4886.58,die0,4887,4887,0.325772,-1,61.5,61.5,0
1786402920142,4886.58,die0,4887,4887,0.325772,-1,61.5,61.5,0
1786402920242,4886.58,die0,4886,4886,0.325772,-1,61.5,61.5,0
1786402920342,4886.58,die0,4886,4886,0.325772,-1,61.5,61.5,0
1786402920442,4886.58,die0,4886,4886,0.325772,-1,61.5,61.5,0
1786402920542,4886.58,die0,4886,4886,0.325772,-1,61.5,61.5,0
1786402920642,4886.58,die0,4885,4885,0.325772,-1,61.5,61.5,0
1786402920742,4886.58,die0,4885,4885,0.325772,-1,61.5,61.5,0
1786402920842,4897.21,die0,4885,4885,0.326481,-1,61.625,61.625,0
1786402920942,4897.21,die0,4885,4885,0.326481,-1,61.625,61.625,0
1786402921042,4897.21,die0,4885,4885,0.326481,-1,61.625,61.625,0
1786402921142,4897.21,die0,4884,4884,0.326481,-1,61.625,61.625,0
1786402921242,4897.21,die0,4884,4884,0.326481,-1,61.625,61.625,0
1786402921342,4897.21,die0,4884,4884,0.326481,-1,61.625,61.625,0
1786402921442,4897.21,die0,4884,4884,0.326481,-1,61.625,61.625,0
1786402921542,4897.21,die0,4884,4884,0.326481,-1,61.625,61.625,0
1786402921642,4897.21,die0,4884,4884,0.326481,-1,61.625,61.625,0
1786402921742,4897.21,die0,4884,4884,0.326481,-1,61.625,61.625,0
1786402921842,4866.22,die0,4880,4880,0.324415,-1,61.5625,61.5625,0
1786402921942,4866.22,die0,4876,4876,0.324415,-1,61.5625,61.5625,0
1786402922042,4866.22,die0,4873,4873,0.324415,-1,61.5625,61.5625,0
1786402922142,4866.22,die0,4869,4869,0.324415,-1,61.5625,61.5625,0
1786402922242,4866.22,die0,4866,4866,0.324415,-1,61.5625,61.5625,0
1786402922342,4866.22,die0,4863,4863,0.324415,-1,61.5625,61.5625,0
1786402922442,4866.22,die0,4861,4861,0.324415,-1,61.5625,61.5625,0
1786402922542,4866.22,die0,4858,4858,0.324415,-1,61.5625,61.5625,0
1786402922642,4866.22,die0,4856,4856,0.324415,-1,61.5625,61.5625,0
1786402922742,4866.22,die0,4854,4854,0.324415,-1,61.5625,61.5625,0
1786402922842,4891.24,die0,4856,4856,0.326083,-1,61.75,61.75,0
1786402922942,4891.24,die0,4857,4857,0.326083,-1,61.75,61.75,0
1786402923042,4891.24,die0,4859,4859,0.326083,-1,61.75,61.75,0
1786402923142,4891.24,die0,4861,4861,0.326083,-1,61.75,61.75,0
1786402923242,4891.24,die0,4862,4862,0.326083,-1,61.75,61.75,0
1786402923342,4891.24,die0,4863,4863,0.326083,-1,61.75,61.75,0
1786402923442,4891.24,die0,4865,4865,0.326083,-1,61.75,61.75,0
1786402923542,4891.24,die0,4866,4866,0.326083,-1,61.75,61.75,0
1786402923642,4891.24,die0,4867,4867,0.326083,-1,61.75,61.75,0
1786402923742,4891.24,die0,4868,4868,0.326083,-1,61.75,61.75,0
1786402923842,4860.88,die0,4865,4865,0.324059,-1,61.6875,61.6875,0
1786402923942,4860.88,die0,4862,4862,0.324059,-1,61.6875,61.6875,0
1786402924042,4860.88,die0,4860,4860,0.324059,-1,61.6875,61.6875,0
1786402924142,4860.88,die0,4857,4857,0.324059,-1,61.6875,61.6875,0
1786402924242,4860.88,die0,4855,4855,0.324059,-1,61.6875,61.6875,0
1786402924342,4860.88,die0,4853,4853,0.324059,-1,61.6875,61.6875,0
1786402924442,4860.88,die0,4851,4851,0.324059,-1,61.6875,61.6875,0
1786402924542,4860.88,die0,4849,4849,0.324059,-1,61.6875,61.6875,0
1786402924642,4860.88,die0,4847,4847,0.324059,-1,61.6875,61.6875,0
1786402924742,4860.88,die0,4846,4846,0.324059,-1,61.6875,61.6875,0
1786402924842,4872.45,die0,4844,4844,0.32483,-1,61.8125,61.8125,0
1786402924942,4872.45,die0,4843,4843,0.32483,-1,61.8125,61.8125,0
1786402925042,4872.45,die0,4842,4842,0.32483,-1,61.8125,61.8125,0
1786402925142,4872.45,die0,4840,4840,0.32483,-1,61.8125,61.8125,0
1786402925242,4872.45,die0,4839,4839,0.32483,-1,61.8125,61.8125,0
1786402925342,4872.45,die0,4838,4838,0.32483,-1,61.8125,61.8125,0
1786402925443,4872.45,die0,4837,4837,0.32483,-1,61.8125,61.8125,0
1786402925542,4872.45,die0,4836,4836,0.32483,-1,61.8125,61.8125,0
1786402925642,4872.45,die0,4836,4836,0.32483,-1,61.8125,61.8125,0
1786402925742,4872.45,die0,4835,4835,0.32483,-1,61.8125,61.8125,0
1786402925842,4856.48,die0,4834,4834,0.323765,-1,61.8125,61.8125,0
1786402925942,4856.48,die0,4833,4833,0.323765,-1,61.8125,61.8125,0
1786402926042,4856.48,die0,4833,4833,0.323765,-1,61.8125,61.8125,0
1786402926142,4856.48,die0,4832,4832,0.323765,-1,61.8125,61.8125,0
1786402926242,4856.48,die0,4831,4831,0.323765,-1,61.8125,61.8125,0
1786402926342,4856.48,die0,4831,4831,0.323765,-1,61.8125,61.8125,0
1786402926442,4856.48,die0,4830,4830,0.323765,-1,61.8125,61.8125,0
1786402926542,4856.48,die0,4830,4830,0.323765,-1,61.8125,61.8125,0
1786402926642,4856.48,die0,4830,4830,0.323765,-1,61.8125,61.8125,0
1786402926742,4856.48,die0,4829,4829,0.323765,-1,61.8125,61.8125,0
1786402926842,4868.67,die0,4829,4829,0.324578,-1,61.9375,61.9375,0
1786402926942,4868.67,die0,4828,4828,0.324578,-1,61.9375,61.9375,0
1786402927042,4868.67,die0,4828,4828,0.324578,-1,61.9375,61.9375,0
1786402927142,4868.67,die0,4828,4828,0.324578,-1,61.9375,61.9375,0
1786402927242,4868.67,die0,4828,4828,0.324578,-1,61.9375,61.9375,0
1786402927342,4868.67,die0,4827,4827,0.324578,-1,61.9375,61.9375,0
1786402927442,4868.67,die0,4827,4827,0.324578,-1,61.9375,61.9375,0
1786402927542,4868.67,die0,4827,4827,0.324578,-1,61.9375,61.9375,0
1786402927642,4868.67,die0,4827,4827,0.324578,-1,61.9375,61.9375,0
1786402927742,4868.67,die0,4826,4826,0.324578,-1,61.9375,61.9375,0
1786402927842,4839.25,die0,4826,4826,0.322617,-1,61.875,61.875,0
1786402927942,4839.25,die0,4826,4826,0.322617,-1,61.875,61.875,0
1786402928042,4839.25,die0,4826,4826,0.322617,-1,61.875,61.875,0
1786402928142,4839.25,die0,4826,4826,0.322617,-1,61.875,61.875,0
1786402928242,4839.25,die0,4826,4826,0.322617,-1,61.875,61.875,0
1786402928342,4839.25,die0,4825,4825,0.322617,-1,61.875,61.875,0
1786402928442,4839.25,die0,4825,4825,0.322617,-1,61.875,61.875,0
1786402928542,4839.25,die0,4825,4825,0.322617,-1,61.875,61.875,0
1786402928642,4839.25,die0,4825,4825,0.322617,-1,61.875,61.875,0
1786402928742,4839.25,die0,4825,4825,0.322617,-1,61.875,61.875,0
1786402928842,4851.76,die0,4825,4825,0.323451,-1,62,62,0
1786402928942,4851.76,die0,4825,4825,0.323451,-1,62,62,0
1786402929042,4851.76,die0,4825,4825,0.323451,-1,62,62,0
1786402929142,4851.76,die0,4825,4825,0.323451,-1,62,62,0
1786402929242,4851.76,die0,4825,4825,0.323451,-1,62,62,0
1786402929342,4851.76,die0,4824,4824,0.323451,-1,62,62,0
1786402929442,4851.76,die0,4824,4824,0.323451,-1,62,62,0
1786402929543,4851.76,die0,4824,4824,0.323451,-1,62,62,0
1786402929642,4851.76,die0,4824,4824,0.323451,-1,62,62,0
1786402929742,4851.76,die0,4824,4824,0.323451,-1,62,62,0
1786402929842,4836.73,die0,4824,4824,0.322449,-1,62,62,0
1786402929942,4836.73,die0,4824,4824,0.322449,-1,62,62,0
1786402930042,4836.73,die0,4824,4824,0.322449,-1,62,62,0
1786402930142,4836.73,die0,4824,4824,0.322449,-1,62,62,0
1786402930242,4836.73,die0,4824,4824,0.322449,-1,62,62,0
1786402930342,4836.73,die0,4824,4824,0.322449,-1,62,62,0
1786402930442,4836.73,die0,4824,4824,0.322449,-1,62,62,0
1786402930542,4836.73,die0,4824,4824,0.322449,-1,62,62,0
1786402930643,4836.73,die0,4824,4824,0.322449,-1,62,62,0
1786402930742,4836.73,die0,4824,4824,0.322449,-1,62,62,0
1786402930842,4821.7,die0,4820,4820,0.321447,-1,62,62,0
1786402930942,4821.7,die0,4816,4816,0.321447,-1,62,62,0
1786402931042,4821.7,die0,4813,4813,0.321447,-1,62,62,0
1786402931142,4821.7,die0,4810,4810,0.321447,-1,62,62,0
1786402931242,4821.7,die0,4807,4807,0.321447,-1,62,62,0
1786402931342,4821.7,die0,4804,4804,0.321447,-1,62,62,0
1786402931442,4821.7,die0,4801,4801,0.321447,-1,62,62,0
1786402931542,4821.7,die0,4799,4799,0.321447,-1,62,62,0
1786402931642,4821.7,die0,4797,4797,0.321447,-1,62,62,0
1786402931746,4821.7,die0,4794,4794,0.321447,-1,62,62,0
1786402931842,4806.67,die0,4792,4792,0.320445,-1,62,62,0
1786402931942,4806.67,die0,4791,4791,0.320445,-1,62,62,0
1786402932042,4806.67,die0,4789,4789,0.320445,-1,62,62,0
1786402932142,4806.67,die0,4787,4787,0.320445,-1,62,62,0
1786402932242,4806.67,die0,4786,4786,0.320445,-1,62,62,0
1786402932343,4806.67,die0,4784,4784,0.320445,-1,62,62,0
1786402932442,4806.67,die0,4783,4783,0.320445,-1,62,62,0
1786402932542,4806.67,die0,4782,4782,0.320445,-1,62,62,0
1786402932642,4806.67,die0,4781,4781,0.320445,-1,62,62,0
1786402932742,4806.67,die0,4780,4780,0.320445,-1,62,62,0
1786402932842,4805.73,die0,4779,4779,0.320382,-1,62.0625,62.0625,0
1786402932942,4805.73,die0,4778,4778,0.320382,-1,62.0625,62.0625,0
1786402933042,4805.73,die0,4777,4777,0.320382,-1,62.0625,62.0625,0
1786402933143,4805.73,die0,4776,4776,0.320382,-1,62.0625,62.0625,0
1786402933242,4805.73,die0,4775,4775,0.320382,-1,62.0625,62.0625,0
1786402933342,4805.73,die0,4775,4775,0.320382,-1,62.0625,62.0625,0
1786402933442,4805.73,die0,4774,4774,0.320382,-1,62.0625,62.0625,0
1786402933542,4805.73,die0,4773,4773,0.320382,-1,62.0625,62.0625,0
1786402933642,4805.73,die0,4773,4773,0.320382,-1,62.0625,62.0625,0
1786402933742,4805.73,die0,4772,4772,0.320382,-1,62.0625,62.0625,0
1786402933842,4791.01,die0,4772,4772,0.319401,-1,62.0625,62.0625,0
1786402933942,4791.01,die0,4771,4771,0.319401,-1,62.0625,62.0625,0
1786402934042,4791.01,die0,4771,4771,0.319401,-1,62.0625,62.0625,0
1786402934142,4791.01,die0,4770,4770,0.319401,-1,62.0625,62.0625,0
1786402934242,4791.01,die0,4770,4770,0.319401,-1,62.0625,62.0625,0
1786402934343,4791.01,die0,4770,4770,0.319401,-1,62.0625,62.0625,0
1786402934442,4791.01,die0,4769,4769,0.319401,-1,62.0625,62.0625,0
1786402934542,4791.01,die0,4769,4769,0.319401,-1,62.0625,62.0625,0
1786402934642,4791.01,die0,4769,4769,0.319401,-1,62.0625,62.0625,0
1786402934742,4791.01,die0,4768,4768,0.319401,-1,62.0625,62.0625,0
1786402934842,4790.37,die0,4768,4768,0.319358,-1,62.125,62.125,0
1786402934942,4790.37,die0,4768,4768,0.319358,-1,62.125,62.125,0
1786402935042,4790.37,die0,4768,4768,0.319358,-1,62.125,62.125,0
1786402935142,4790.37,die0,4768,4768,0.319358,-1,62.125,62.125,0
1786402935242,4790.37,die0,4767,4767,0.319358,-1,62.125,62.125,0
1786402935342,4790.37,die0,4767,4767,0.319358,-1,62.125,62.125,0
1786402935442,4790.37,die0,4767,4767,0.319358,-1,62.125,62.125,0
1786402935542,4790.37,die0,4767,4767,0.319358,-1,62.125,62.125,0
1786402935642,4790.37,die0,4767,4767,0.319358,-1,62.125,62.125,0
1786402935742,4790.37,die0,4767,4767,0.319358,-1,62.125,62.125,0
1786402935842,4790.05,die0,4766,4766,0.319337,-1,62.1875,62.1875,0
1786402935942,4790.05,die0,4766,4766,0.319337,-1,62.1875,62.1875,0
1786402936042,4790.05,die0,4766,4766,0.319337,-1,62.1875,62.1875,0
1786402936142,4790.05,die0,4766,4766,0.319337,-1,62.1875,62.1875,0
1786402936242,4790.05,die0,4766,4766,0.319337,-1,62.1875,62.1875,0
1786402936342,4790.05,die0,4766,4766,0.319337,-1,62.1875,62.1875,0
1786402936442,4790.05,die0,4766,4766,0.319337,-1,62.1875,62.1875,0
1786402936542,4790.05,die0,4766,4766,0.319337,-1,62.1875,62.1875,0
1786402936642,4790.05,die0,4766,4766,0.319337,-1,62.1875,62.1875,0
1786402936742,4790.05,die0,4766,4766,0.319337,-1,62.1875,62.1875,0
1786402936842,4775.96,die0,4766,4766,0.318398,-1,62.1875,62.1875,0
1786402936942,4775.96,die0,4766,4766,0.318398,-1,62.1875,62.1875,0
1786402937042,4775.96,die0,4765,4765,0.318398,-1,62.1875,62.1875,0
1786402937142,4775.96,die0,4765,4765,0.318398,-1,62.1875,62.1875,0
1786402937242,4775.96,die0,4765,4765,0.318398,-1,62.1875,62.1875,0
1786402937342,4775.96,die0,4765,4765,0.318398,-1,62.1875,62.1875,0
1786402937442,4775.96,die0,4765,4765,0.318398,-1,62.1875,62.1875,0
1786402937542,4775.96,die0,4765,4765,0.318398,-1,62.1875,62.1875,0
1786402937642,4775.96,die0,4765,4765,0.318398,-1,62.1875,62.1875,0
1786402937742,4775.96,die0,4765,4765,0.318398,-1,62.1875,62.1875,0
1786402937842,4775.95,die0,4765,4765,0.318397,-1,62.25,62.25,0
1786402937942,4775.95,die0,4765,4765,0.318397,-1,62.25,62.25,0
1786402938042,4775.95,die0,4765,4765,0.318397,-1,62.25,62.25,0
1786402938142,4775.95,die0,4765,4765,0.318397,-1,62.25,62.25,0
1786402938242,4775.95,die0,4765,4765,0.318397,-1,62.25,62.25,0
1786402938342,4775.95,die0,4765,4765,0.318397,-1,62.25,62.25,0
1786402938442,4775.95,die0,4765,4765,0.318397,-1,62.25,62.25,0
1786402938542,4775.95,die0,4765,4765,0.318397,-1,62.25,62.25,0
1786402938642,4775.95,die0,4765,4765,0.318397,-1,62.25,62.25,0
1786402938742,4775.95,die0,4765,4765,0.318397,-1,62.25,62.25,0
1786402938842,4776.26,die0,4765,4765,0.318417,-1,62.3125,62.3125,0
1786402938942,4776.26,die0,4765,4765,0.318417,-1,62.3125,62.3125,0
1786402939042,4776.26,die0,4765,4765,0.318417,-1,62.3125,62.3125,0
1786402939142,4776.26,die0,4765,4765,0.318417,-1,62.3125,62.3125,0
1786402939242,4776.26,die0,4765,4765,0.318417,-1,62.3125,62.3125,0
1786402939342,4776.26,die0,4765,4765,0.318417,-1,62.3125,62.3125,0
1786402939442,4776.26,die0,4765,4765,0.318417,-1,62.3125,62.3125,0
1786402939542,4776.26,die0,4765,4765,0.318417,-1,62.3125,62.3125,0
1786402939642,4776.26,die0,4765,4765,0.318417,-1,62.3125,62.3125,0
1786402939742,4776.26,die0,4765,4765,0.318417,-1,62.3125,62.3125,0
1786402939842,4762.8,die0,4761,4761,0.31752,-1,62.3125,62.3125,0
1786402939942,4762.8,die0,4757,4757,0.31752,-1,62.3125,62.3125,0
1786402940042,4762.8,die0,4754,4754,0.31752,-1,62.3125,62.3125,0
1786402940142,4762.8,die0,4751,4751,0.31752,-1,62.3125,62.3125,0
1786402940246,4762.8,die0,4748,4748,0.31752,-1,62.3125,62.3125,0
1786402940342,4762.8,die0,4745,4745,0.31752,-1,62.3125,62.3125,0
1786402940442,4762.8,die0,4742,4742,0.31752,-1,62.3125,62.3125,0
1786402940542,4762.8,die0,4740,4740,0.31752,-1,62.3125,62.3125,0
1786402940642,4762.8,die0,4738,4738,0.31752,-1,62.3125,62.3125,0
1786402940742,4762.8,die0,4735,4735,0.31752,-1,62.3125,62.3125,0
1786402940842,4735.25,die0,4733,4733,0.315684,-1,62.25,62.25,0
1786402940942,4735.25,die0,4732,4732,0.315684,-1,62.25,62.25,0
1786402941042,4735.25,die0,4730,4730,0.315684,-1,62.25,62.25,0
1786402941142,4735.25,die0,4728,4728,0.315684,-1,62.25,62.25,0
1786402941242,4735.25,die0,4727,4727,0.315684,-1,62.25,62.25,0
1786402941342,4735.25,die0,4725,4725,0.315684,-1,62.25,62.25,0
1786402941442,4735.25,die0,4724,4724,0.315684,-1,62.25,62.25,0
1786402941542,4735.25,die0,4723,4723,0.315684,-1,62.25,62.25,0
1786402941642,4735.25,die0,4722,4722,0.315684,-1,62.25,62.25,0
1786402941742,4735.25,die0,4721,4721,0.315684,-1,62.25,62.25,0
1786402941842,4749.64,die0,4720,4720,0.316642,-1,62.375,62.375,0
1786402941942,4749.64,die0,4719,4719,0.316642,-1,62.375,62.375,0
1786402942042,4749.64,die0,4718,4718,0.316642,-1,62.375,62.375,0
1786402942142,4749.64,die0,4717,4717,0.316642,-1,62.375,62.375,0
1786402942242,4749.64,die0,4716,4716,0.316642,-1,62.375,62.375,0
1786402942342,4749.64,die0,4716,4716,0.316642,-1,62.375,62.375,0
1786402942442,4749.64,die0,4715,4715,0.316642,-1,62.375,62.375,0
1786402942542,4749.64,die0,4714,4714,0.316642,-1,62.375,62.375,0
1786402942642,4749.64,die0,4714,4714,0.316642,-1,62.375,62.375,0
1786402942742,4749.64,die0,4713,4713,0.316642,-1,62.375,62.375,0
1786402942842,4722.41,die0,4713,4713,0.314827,-1,62.3125,62.3125,0
1786402942942,4722.41,die0,4712,4712,0.314827,-1,62.3125,62.3125,0
1786402943042,4722.41,die0,4712,4712,0.314827,-1,62.3125,62.3125,0
1786402943142,4722.41,die0,4712,4712,0.314827,-1,62.3125,62.3125,0
1786402943242,4722.41,die0,4711,4711,0.314827,-1,62.3125,62.3125,0
1786402943342,4722.41,die0,4711,4711,0.314827,-1,62.3125,62.3125,0
1786402943442,4722.41,die0,4710,4710,0.314827,-1,62.3125,62.3125,0
1786402943542,4722.41,die0,4710,4710,0.314827,-1,62.3125,62.3125,0
1786402943642,4722.41,die0,4710,4710,0.314827,-1,62.3125,62.3125,0
1786402943742,4722.41,die0,4710,4710,0.314827,-1,62.3125,62.3125,0
1786402943842,4723.02,die0,4709,4709,0.314868,-1,62.375,62.375,0
1786402943942,4723.02,die0,4709,4709,0.314868,-1,62.375,62.375,0
1786402944042,4723.02,die0,4709,4709,0.314868,-1,62.375,62.375,0
1786402944142,4723.02,die0,4709,4709,0.314868,-1,62.375,62.375,0
1786402944242,4723.02,die0,4709,4709,0.314868,-1,62.375,62.375,0
1786402944342,4723.02,die0,4708,4708,0.314868,-1,62.375,62.375,0
1786402944442,4723.02,die0,4708,4708,0.314868,-1,62.375,62.375,0
1786402944542,4723.02,die0,4708,4708,0.314868,-1,62.375,62.375,0
1786402944642,4723.02,die0,4708,4708,0.314868,-1,62.375,62.375,0
1786402944742,4723.02,die0,4708,4708,0.314868,-1,62.375,62.375,0
1786402944842,4723.95,die0,4708,4708,0.31493,-1,62.4375,62.4375,0
1786402944942,4723.95,die0,4708,4708,0.31493,-1,62.4375,62.4375,0
1786402945042,4723.95,die0,4707,4707,0.31493,-1,62.4375,62.4375,0
1786402945142,4723.95,die0,4707,4707,0.31493,-1,62.4375,62.4375,0
1786402945242,4723.95,die0,4707,4707,0.31493,-1,62.4375,62.4375,0
1786402945342,4723.95,die0,4707,4707,0.31493,-1,62.4375,62.4375,0
1786402945442,4723.95,die0,4707,4707,0.31493,-1,62.4375,62.4375,0
1786402945542,4723.95,die0,4707,4707,0.31493,-1,62.4375,62.4375,0
1786402945642,4723.95,die0,4707,4707,0.31493,-1,62.4375,62.4375,0
1786402945742,4723.95,die0,4707,4707,0.31493,-1,62.4375,62.4375,0
1786402945842,4711.12,die0,4707,4707,0.314075,-1,62.4375,62.4375,0
1786402945942,4711.12,die0,4707,4707,0.314075,-1,62.4375,62.4375,0
1786402946042,4711.12,die0,4707,4707,0.314075,-1,62.4375,62.4375,0
1786402946142,4711.12,die0,4707,4707,0.314075,-1,62.4375,62.4375,0
1786402946242,4711.12,die0,4707,4707,0.314075,-1,62.4375,62.4375,0
1786402946342,4711.12,die0,4707,4707,0.314075,-1,62.4375,62.4375,0
1786402946442,4711.12,die0,4706,4706,0.314075,-1,62.4375,62.4375,0
1786402946542,4711.12,die0,4706,4706,0.314075,-1,62.4375,62.4375,0
1786402946642,4711.12,die0,4706,4706,0.314075,-1,62.4375,62.4375,0
1786402946742,4711.12,die0,4706,4706,0.314075,-1,62.4375,62.4375,0
1786402946842,4712.36,die0,4706,4706,0.314157,-1,62.5,62.5,0
1786402946942,4712.36,die0,4706,4706,0.314157,-1,62.5,62.5,0
1786402947042,4712.36,die0,4706,4706,0.314157,-1,62.5,62.5,0
1786402947142,4712.36,die0,4706,4706,0.314157,-1,62.5,62.5,0
1786402947242,4712.36,die0,4706,4706,0.314157,-1,62.5,62.5,0
1786402947342,4712.36,die0,4706,4706,0.314157,-1,62.5,62.5,0
1786402947442,4712.36,die0,4706,4706,0.314157,-1,62.5,62.5,0
1786402947542,4712.36,die0,4706,4706,0.314157,-1,62.5,62.5,0
1786402947642,4712.36,die0,4706,4706,0.314157,-1,62.5,62.5,0
1786402947742,4712.36,die0,4706,4706,0.314157,-1,62.5,62.5,0
1786402947842,4713.92,die0,4706,4706,0.314261,-1,62.5625,62.5625,0
1786402947942,4713.92,die0,4706,4706,0.314261,-1,62.5625,62.5625,0
1786402948042,4713.92,die0,4706,4706,0.314261,-1,62.5625,62.5625,0
1786402948142,4713.92,die0,4706,4706,0.314261,-1,62.5625,62.5625,0
1786402948242,4713.92,die0,4706,4706,0.314261,-1,62.5625,62.5625,0
1786402948342,4713.92,die0,4706,4706,0.314261,-1,62.5625,62.5625,0
1786402948442,4713.92,die0,4706,4706,0.314261,-1,62.5625,62.5625,0
1786402948542,4713.92,die0,4706,4706,0.314261,-1,62.5625,62.5625,0
1786402948642,4713.92,die0,4706,4706,0.314261,-1,62.5625,62.5625,0
1786402948742,4713.92,die0,4706,4706,0.314261,-1,62.5625,62.5625,0
1786402948842,4687.63,die0,4702,4702,0.312508,-1,62.5,62.5,0
1786402948942,4687.63,die0,4698,4698,0.312508,-1,62.5,62.5,0
1786402949042,4687.63,die0,4695,4695,0.312508,-1,62.5,62.5,0
1786402949142,4687.63,die0,4692,4692,0.312508,-1,62.5,62.5,0
1786402949242,4687.63,die0,4689,4689,0.312508,-1,62.5,62.5,0
1786402949342,4687.63,die0,4686,4686,0.312508,-1,62.5,62.5,0
1786402949442,4687.63,die0,4683,4683,0.312508,-1,62.5,62.5,0
1786402949542,4687.63,die0,4681,4681,0.312508,-1,62.5,62.5,0
1786402949642,4687.63,die0,4679,4679,0.312508,-1,62.5,62.5,0
1786402949742,4687.63,die0,4677,4677,0.312508,-1,62.5,62.5,0
1786402949842,4675.1,die0,4675,4675,0.311674,-1,62.5,62.5,0
1786402949942,4675.1,die0,4673,4673,0.311674,-1,62.5,62.5,0
1786402950042,4675.1,die0,4671,4671,0.311674,-1,62.5,62.5,0
1786402950142,4675.1,die0,4669,4669,0.311674,-1,62.5,62.5,0
1786402950246,4675.1,die0,4668,4668,0.311674,-1,62.5,62.5,0
1786402950342,4675.1,die0,4667,4667,0.311674,-1,62.5,62.5,0
1786402950442,4675.1,die0,4665,4665,0.311674,-1,62.5,62.5,0
1786402950542,4675.1,die0,4664,4664,0.311674,-1,62.5,62.5,0
1786402950642,4675.1,die0,4663,4663,0.311674,-1,62.5,62.5,0
1786402950742,4675.1,die0,4662,4662,0.311674,-1,62.5,62.5,0
1786402950842,4690.74,die0,4661,4661,0.312716,-1,62.625,62.625,0
1786402950942,4690.74,die0,4660,4660,0.312716,-1,62.625,62.625,0
1786402951042,4690.74,die0,4659,4659,0.312716,-1,62.625,62.625,0
1786402951142,4690.74,die0,4658,4658,0.312716,-1,62.625,62.625,0
1786402951242,4690.74,die0,4658,4658,0.312716,-1,62.625,62.625,0
1786402951342,4690.74,die0,4657,4657,0.312716,-1,62.625,62.625,0
1786402951442,4690.74,die0,4656,4656,0.312716,-1,62.625,62.625,0
1786402951542,4690.74,die0,4656,4656,0.312716,-1,62.625,62.625,0
1786402951642,4690.74,die0,4655,4655,0.312716,-1,62.625,62.625,0
1786402951742,4690.74,die0,4654,4654,0.312716,-1,62.625,62.625,0
1786402951842,4678.84,die0,4654,4654,0.311923,-1,62.625,62.625,0
1786402951943,4678.84,die0,4654,4654,0.311923,-1,62.625,62.625,0
1786402952042,4678.84,die0,4653,4653,0.311923,-1,62.625,62.625,0
1786402952142,4678.84,die0,4653,4653,0.311923,-1,62.625,62.625,0
1786402952242,4678.84,die0,4652,4652,0.311923,-1,62.625,62.625,0
1786402952342,4678.84,die0,4652,4652,0.311923,-1,62.625,62.625,0
1786402952442,4678.84,die0,4652,4652,0.311923,-1,62.625,62.625,0
1786402952542,4678.84,die0,4651,4651,0.311923,-1,62.625,62.625,0
1786402952642,4678.84,die0,4651,4651,0.311923,-1,62.625,62.625,0
1786402952742,4678.84,die0,4651,4651,0.311923,-1,62.625,62.625,0
1786402952842,4652.86,die0,4651,4651,0.310191,-1,62.5625,62.5625,0
1786402952942,4652.86,die0,4650,4650,0.310191,-1,62.5625,62.5625,0
1786402953042,4652.86,die0,4650,4650,0.310191,-1,62.5625,62.5625,0
1786402953146,4652.86,die0,4650,4650,0.310191,-1,62.5625,62.5625,0
1786402953242,4652.86,die0,4650,4650,0.310191,-1,62.5625,62.5625,0
1786402953342,4652.86,die0,4650,4650,0.310191,-1,62.5625,62.5625,0
1786402953442,4652.86,die0,4649,4649,0.310191,-1,62.5625,62.5625,0
1786402953542,4652.86,die0,4649,4649,0.310191,-1,62.5625,62.5625,0
1786402953642,4652.86,die0,4649,4649,0.310191,-1,62.5625,62.5625,0
1786402953742,4652.86,die0,4649,4649,0.310191,-1,62.5625,62.5625,0
1786402953842,4640.65,die0,4645,4645,0.309377,-1,62.5625,62.5625,0
1786402953942,4640.65,die0,4641,4641,0.309377,-1,62.5625,62.5625,0
1786402954042,4640.65,die0,4638,4638,0.309377,-1,62.5625,62.5625,0
1786402954142,4640.65,die0,4634,4634,0.309377,-1,62.5625,62.5625,0
1786402954242,4640.65,die0,4631,4631,0.309377,-1,62.5625,62.5625,0
1786402954342,4640.65,die0,4628,4628,0.309377,-1,62.5625,62.5625,0
1786402954442,4640.65,die0,4626,4626,0.309377,-1,62.5625,62.5625,0
1786402954542,4640.65,die0,4623,4623,0.309377,-1,62.5625,62.5625,0
1786402954642,4640.65,die0,4621,4621,0.309377,-1,62.5625,62.5625,0
1786402954742,4640.65,die0,4619,4619,0.309377,-1,62.5625,62.5625,0
1786402954842,4670.68,die0,4621,4621,0.311379,-1,62.75,62.75,0
1786402954942,4670.68,die0,4622,4622,0.311379,-1,62.75,62.75,0
1786402955042,4670.68,die0,4624,4624,0.311379,-1,62.75,62.75,0
1786402955142,4670.68,die0,4626,4626,0.311379,-1,62.75,62.75,0
1786402955242,4670.68,die0,4627,4627,0.311379,-1,62.75,62.75,0
1786402955342,4670.68,die0,4628,4628,0.311379,-1,62.75,62.75,0
1786402955442,4670.68,die0,4630,4630,0.311379,-1,62.75,62.75,0
1786402955542,4670.68,die0,4631,4631,0.311379,-1,62.75,62.75,0
1786402955642,4670.68,die0,4632,4632,0.311379,-1,62.75,62.75,0
1786402955742,4670.68,die0,4633,4633,0.311379,-1,62.75,62.75,0
1786402955842,4673.49,die0,4634,4634,0.311566,-1,62.8125,62.8125,0
1786402955942,4673.49,die0,4635,4635,0.311566,-1,62.8125,62.8125,0
1786402956042,4673.49,die0,4635,4635,0.311566,-1,62.8125,62.8125,0
1786402956142,4673.49,die0,4636,4636,0.311566,-1,62.8125,62.8125,0
1786402956242,4673.49,die0,4637,4637,0.311566,-1,62.8125,62.8125,0
1786402956342,4673.49,die0,4638,4638,0.311566,-1,62.8125,62.8125,0
1786402956442,4673.49,die0,4638,4638,0.311566,-1,62.8125,62.8125,0
1786402956542,4673.49,die0,4639,4639,0.311566,-1,62.8125,62.8125,0
1786402956642,4673.49,die0,4639,4639,0.311566,-1,62.8125,62.8125,0
1786402956742,4673.49,die0,4640,4640,0.311566,-1,62.8125,62.8125,0
1786402956842,4648.46,die0,4640,4640,0.309897,-1,62.75,62.75,0
1786402956942,4648.46,die0,4641,4641,0.309897,-1,62.75,62.75,0
1786402957042,4648.46,die0,4641,4641,0.309897,-1,62.75,62.75,0
1786402957142,4648.46,die0,4642,4642,0.309897,-1,62.75,62.75,0
1786402957242,4648.46,die0,4642,4642,0.309897,-1,62.75,62.75,0
1786402957342,4648.46,die0,4642,4642,0.309897,-1,62.75,62.75,0
1786402957442,4648.46,die0,4643,4643,0.309897,-1,62.75,62.75,0
1786402957542,4648.46,die0,4643,4643,0.309897,-1,62.75,62.75,0
1786402957642,4648.46,die0,4643,4643,0.309897,-1,62.75,62.75,0
1786402957743,4648.46,die0,4643,4643,0.309897,-1,62.75,62.75,0
1786402957842,4623.1,die0,4640,4640,0.308207,-1,62.6875,62.6875,0
1786402957942,4623.1,die0,4636,4636,0.308207,-1,62.6875,62.6875,0
1786402958042,4623.1,die0,4633,4633,0.308207,-1,62.6875,62.6875,0
1786402958143,4623.1,die0,4630,4630,0.308207,-1,62.6875,62.6875,0
1786402958243,4623.1,die0,4627,4627,0.308207,-1,62.6875,62.6875,0
1786402958342,4623.1,die0,4625,4625,0.308207,-1,62.6875,62.6875,0
1786402958442,4623.1,die0,4622,4622,0.308207,-1,62.6875,62.6875,0
1786402958542,4623.1,die0,4620,4620,0.308207,-1,62.6875,62.6875,0
1786402958642,4623.1,die0,4618,4618,0.308207,-1,62.6875,62.6875,0
1786402958742,4623.1,die0,4616,4616,0.308207,-1,62.6875,62.6875,0
1786402958842,4653.76,die0,4618,4618,0.310251,-1,62.875,62.875,0
1786402958943,4653.76,die0,4620,4620,0.310251,-1,62.875,62.875,0
1786402959042,4653.76,die0,4622,4622,0.310251,-1,62.875,62.875,0
1786402959142,4653.76,die0,4623,4623,0.310251,-1,62.875,62.875,0
1786402959242,4653.76,die0,4625,4625,0.310251,-1,62.875,62.875,0
1786402959342,4653.76,die0,4626,4626,0.310251,-1,62.875,62.875,0
1786402959442,4653.76,die0,4628,4628,0.310251,-1,62.875,62.875,0
1786402959542,4653.76,die0,4629,4629,0.310251,-1,62.875,62.875,0
1786402959642,4653.76,die0,4630,4630,0.310251,-1,62.875,62.875,0
1786402959742,4653.76,die0,4631,4631,0.310251,-1,62.875,62.875,0
1786402959842,4629.03,die0,4629,4629,0.308602,-1,62.8125,62.8125,0
1786402959942,4629.03,die0,4626,4626,0.308602,-1,62.8125,62.8125,0
1786402960042,4629.03,die0,4623,4623,0.308602,-1,62.8125,62.8125,0
1786402960142,4629.03,die0,4621,4621,0.308602,-1,62.8125,62.8125,0
1786402960242,4629.03,die0,4619,4619,0.308602,-1,62.8125,62.8125,0
1786402960342,4629.03,die0,4617,4617,0.308602,-1,62.8125,62.8125,0
1786402960442,4629.03,die0,4615,4615,0.308602,-1,62.8125,62.8125,0
1786402960542,4629.03,die0,4613,4613,0.308602,-1,62.8125,62.8125,0
1786402960646,4629.03,die0,4611,4611,0.308602,-1,62.8125,62.8125,0
1786402960742,4629.03,die0,4610,4610,0.308602,-1,62.8125,62.8125,0
1786402960842,4618.08,die0,4608,4608,0.307872,-1,62.8125,62.8125,0
1786402960942,4618.08,die0,4607,4607,0.307872,-1,62.8125,62.8125,0
1786402961042,4618.08,die0,4606,4606,0.307872,-1,62.8125,62.8125,0
1786402961142,4618.08,die0,4605,4605,0.307872,-1,62.8125,62.8125,0
1786402961242,4618.08,die0,4604,4604,0.307872,-1,62.8125,62.8125,0
1786402961342,4618.08,die0,4603,4603,0.307872,-1,62.8125,62.8125,0
1786402961442,4618.08,die0,4602,4602,0.307872,-1,62.8125,62.8125,0
1786402961542,4618.08,die0,4601,4601,0.307872,-1,62.8125,62.8125,0
1786402961642,4618.08,die0,4600,4600,0.307872,-1,62.8125,62.8125,0
1786402961742,4618.08,die0,4599,4599,0.307872,-1,62.8125,62.8125,0
1786402961842,4635.28,die0,4598,4598,0.309019,-1,62.9375,62.9375,0
1786402961942,4635.28,die0,4598,4598,0.309019,-1,62.9375,62.9375,0
1786402962042,4635.28,die0,4597,4597,0.309019,-1,62.9375,62.9375,0
1786402962142,4635.28,die0,4596,4596,0.309019,-1,62.9375,62.9375,0
1786402962242,4635.28,die0,4596,4596,0.309019,-1,62.9375,62.9375,0
1786402962346,4635.28,die0,4595,4595,0.309019,-1,62.9375,62.9375,0
1786402962442,4635.28,die0,4595,4595,0.309019,-1,62.9375,62.9375,0
1786402962542,4635.28,die0,4594,4594,0.309019,-1,62.9375,62.9375,0
1786402962642,4635.28,die0,4594,4594,0.309019,-1,62.9375,62.9375,0
1786402962742,4635.28,die0,4594,4594,0.309019,-1,62.9375,62.9375,0
1786402962842,4610.87,die0,4593,4593,0.307391,-1,62.875,62.875,0
1786402962942,4610.87,die0,4593,4593,0.307391,-1,62.875,62.875,0
1786402963042,4610.87,die0,4593,4593,0.307391,-1,62.875,62.875,0
1786402963142,4610.87,die0,4592,4592,0.307391,-1,62.875,62.875,0
1786402963242,4610.87,die0,4592,4592,0.307391,-1,62.875,62.875,0
1786402963342,4610.87,die0,4592,4592,0.307391,-1,62.875,62.875,0
1786402963442,4610.87,die0,4592,4592,0.307391,-1,62.875,62.875,0
1786402963542,4610.87,die0,4591,4591,0.307391,-1,62.875,62.875,0
1786402963642,4610.87,die0,4591,4591,0.307391,-1,62.875,62.875,0
1786402963742,4610.87,die0,4591,4591,0.307391,-1,62.875,62.875,0
1786402963842,4614.3,die0,4591,4591,0.30762,-1,62.9375,62.9375,0
1786402963942,4614.3,die0,4591,4591,0.30762,-1,62.9375,62.9375,0
1786402964042,4614.3,die0,4590,4590,0.30762,-1,62.9375,62.9375,0
1786402964142,4614.3,die0,4590,4590,0.30762,-1,62.9375,62.9375,0
1786402964242,4614.3,die0,4590,4590,0.30762,-1,62.9375,62.9375,0
1786402964342,4614.3,die0,4590,4590,0.30762,-1,62.9375,62.9375,0
1786402964442,4614.3,die0,4590,4590,0.30762,-1,62.9375,62.9375,0
1786402964542,4614.3,die0,4590,4590,0.30762,-1,62.9375,62.9375,0
1786402964642,4614.3,die0,4590,4590,0.30762,-1,62.9375,62.9375,0
1786402964742,4614.3,die0,4590,4590,0.30762,-1,62.9375,62.9375,0
1786402964842,4603.97,die0,4590,4590,0.306931,-1,62.9375,62.9375,0
1786402964942,4603.97,die0,4589,4589,0.306931,-1,62.9375,62.9375,0
1786402965042,4603.97,die0,4589,4589,0.306931,-1,62.9375,62.9375,0
1786402965142,4603.97,die0,4589,4589,0.306931,-1,62.9375,62.9375,0
1786402965242,4603.97,die0,4589,4589,0.306931,-1,62.9375,62.9375,0
1786402965342,4603.97,die0,4589,4589,0.306931,-1,62.9375,62.9375,0
1786402965442,4603.97,die0,4589,4589,0.306931,-1,62.9375,62.9375,0
1786402965542,4603.97,die0,4589,4589,0.306931,-1,62.9375,62.9375,0
1786402965642,4603.97,die0,4589,4589,0.306931,-1,62.9375,62.9375,0
1786402965742,4603.97,die0,4589,4589,0.306931,-1,62.9375,62.9375,0
1786402965842,4607.72,die0,4589,4589,0.307181,-1,63,63,0
1786402965943,4607.72,die0,4589,4589,0.307181,-1,63,63,0
1786402966042,4607.72,die0,4589,4589,0.307181,-1,63,63,0
1786402966142,4607.72,die0,4589,4589,0.307181,-1,63,63,0
1786402966242,4607.72,die0,4589,4589,0.307181,-1,63,63,0
1786402966342,4607.72,die0,4589,4589,0.307181,-1,63,63,0
1786402966442,4607.72,die0,4589,4589,0.307181,-1,63,63,0
1786402966542,4607.72,die0,4589,4589,0.307181,-1,63,63,0
1786402966642,4607.72,die0,4589,4589,0.307181,-1,63,63,0
1786402966742,4607.72,die0,4589,4589,0.307181,-1,63,63,0
1786402966842,4597.7,die0,4589,4589,0.306513,-1,63,63,0
1786402966942,4597.7,die0,4589,4589,0.306513,-1,63,63,0
1786402967042,4597.7,die0,4589,4589,0.306513,-1,63,63,0
1786402967142,4597.7,die0,4588,4588,0.306513,-1,63,63,0
1786402967242,4597.7,die0,4588,4588,0.306513,-1,63,63,0
1786402967342,4597.7,die0,4588,4588,0.306513,-1,63,63,0
1786402967443,4597.7,die0,4588,4588,0.306513,-1,63,63,0
1786402967542,4597.7,die0,4588,4588,0.306513,-1,63,63,0
1786402967642,4597.7,die0,4588,4588,0.306513,-1,63,63,0
1786402967742,4597.7,die0,4588,4588,0.306513,-1,63,63,0
1786402967842,4587.68,die0,4584,4584,0.305845,-1,63,63,0
1786402967942,4587.68,die0,4581,4581,0.305845,-1,63,63,0
1786402968042,4587.68,die0,4577,4577,0.305845,-1,63,63,0
1786402968142,4587.68,die0,4574,4574,0.305845,-1,63,63,0
1786402968242,4587.68,die0,4571,4571,0.305845,-1,63,63,0
1786402968342,4587.68,die0,4568,4568,0.305845,-1,63,63,0
1786402968442,4587.68,die0,4566,4566,0.305845,-1,63,63,0
1786402968542,4587.68,die0,4563,4563,0.305845,-1,63,63,0
1786402968642,4587.68,die0,4561,4561,0.305845,-1,63,63,0
1786402968742,4587.68,die0,4559,4559,0.305845,-1,63,63,0
1786402968842,4591.74,die0,4561,4561,0.306116,-1,63.0625,63.0625,0
1786402968942,4591.74,die0,4563,4563,0.306116,-1,63.0625,63.0625,0
1786402969042,4591.74,die0,4564,4564,0.306116,-1,63.0625,63.0625,0
1786402969142,4591.74,die0,4566,4566,0.306116,-1,63.0625,63.0625,0
1786402969242,4591.74,die0,4568,4568,0.306116,-1,63.0625,63.0625,0
1786402969342,4591.74,die0,4569,4569,0.306116,-1,63.0625,63.0625,0
1786402969442,4591.74,die0,4570,4570,0.306116,-1,63.0625,63.0625,0
1786402969542,4591.74,die0,4571,4571,0.306116,-1,63.0625,63.0625,0
1786402969642,4591.74,die0,4573,4573,0.306116,-1,63.0625,63.0625,0
1786402969742,4591.74,die0,4574,4574,0.306116,-1,63.0625,63.0625,0
1786402969842,4582.04,die0,4571,4571,0.305469,-1,63.0625,63.0625,0
1786402969942,4582.04,die0,4568,4568,0.305469,-1,63.0625,63.0625,0
1786402970042,4582.04,die0,4565,4565,0.305469,-1,63.0625,63.0625,0
1786402970142,4582.04,die0,4563,4563,0.305469,-1,63.0625,63.0625,0
1786402970242,4582.04,die0,4561,4561,0.305469,-1,63.0625,63.0625,0
1786402970342,4582.04,die0,4559,4559,0.305469,-1,63.0625,63.0625,0
1786402970442,4582.04,die0,4557,4557,0.305469,-1,63.0625,63.0625,0
1786402970542,4582.04,die0,4555,4555,0.305469,-1,63.0625,63.0625,0
1786402970642,4582.04,die0,4553,4553,0.305469,-1,63.0625,63.0625,0
1786402970742,4582.04,die0,4552,4552,0.305469,-1,63.0625,63.0625,0
1786402970842,4586.41,die0,4550,4550,0.305761,-1,63.125,63.125,0
1786402970942,4586.41,die0,4549,4549,0.305761,-1,63.125,63.125,0
1786402971042,4586.41,die0,4547,4547,0.305761,-1,63.125,63.125,0
1786402971142,4586.41,die0,4546,4546,0.305761,-1,63.125,63.125,0
1786402971242,4586.41,die0,4545,4545,0.305761,-1,63.125,63.125,0
1786402971342,4586.41,die0,4544,4544,0.305761,-1,63.125,63.125,0
1786402971442,4586.41,die0,4543,4543,0.305761,-1,63.125,63.125,0
1786402971543,4586.41,die0,4542,4542,0.305761,-1,63.125,63.125,0
1786402971642,4586.41,die0,4541,4541,0.305761,-1,63.125,63.125,0
1786402971742,4586.41,die0,4541,4541,0.305761,-1,63.125,63.125,0
1786402971843,4577.02,die0,4540,4540,0.305134,-1,63.125,63.125,0
1786402971942,4577.02,die0,4539,4539,0.305134,-1,63.125,63.125,0
1786402972043,4577.02,die0,4538,4538,0.305134,-1,63.125,63.125,0
1786402972142,4577.02,die0,4538,4538,0.305134,-1,63.125,63.125,0
1786402972242,4577.02,die0,4537,4537,0.305134,-1,63.125,63.125,0
1786402972342,4577.02,die0,4537,4537,0.305134,-1,63.125,63.125,0
1786402972442,4577.02,die0,4536,4536,0.305134,-1,63.125,63.125,0
1786402972542,4577.02,die0,4536,4536,0.305134,-1,63.125,63.125,0
1786402972642,4577.02,die0,4535,4535,0.305134,-1,63.125,63.125,0
1786402972742,4577.02,die0,4535,4535,0.305134,-1,63.125,63.125,0
1786402972842,4595.79,die0,4539,4539,0.306386,-1,63.25,63.25,0
1786402972942,4595.79,die0,4542,4542,0.306386,-1,63.25,63.25,0
1786402973042,4595.79,die0,4545,4545,0.306386,-1,63.25,63.25,0
1786402973142,4595.79,die0,4548,4548,0.306386,-1,63.25,63.25,0
1786402973242,4595.79,die0,4551,4551,0.306386,-1,63.25,63.25,0
1786402973342,4595.79,die0,4553,4553,0.306386,-1,63.25,63.25,0
1786402973442,4595.79,die0,4555,4555,0.306386,-1,63.25,63.25,0
1786402973542,4595.79,die0,4558,4558,0.306386,-1,63.25,63.25,0
1786402973642,4595.79,die0,4560,4560,0.306386,-1,63.25,63.25,0
1786402973742,4595.79,die0,4562,4562,0.306386,-1,63.25,63.25,0
1786402973842,4558.86,die0,4559,4559,0.303924,-1,63.125,63.125,0
1786402973942,4558.86,die0,4557,4557,0.303924,-1,63.125,63.125,0
1786402974043,4558.86,die0,4556,4556,0.303924,-1,63.125,63.125,0
1786402974142,4558.86,die0,4554,4554,0.303924,-1,63.125,63.125,0
1786402974242,4558.86,die0,4552,4552,0.303924,-1,63.125,63.125,0
1786402974342,4558.86,die0,4551,4551,0.303924,-1,63.125,63.125,0
1786402974442,4558.86,die0,4549,4549,0.303924,-1,63.125,63.125,0
1786402974542,4558.86,die0,4548,4548,0.303924,-1,63.125,63.125,0
1786402974642,4558.86,die0,4547,4547,0.303924,-1,63.125,63.125,0
1786402974742,4558.86,die0,4546,4546,0.303924,-1,63.125,63.125,0
1786402974842,4605.79,die0,4548,4548,0.307052,-1,63.375,63.375,0
1786402974942,4605.79,die0,4551,4551,0.307052,-1,63.375,63.375,0
1786402975042,4605.79,die0,4554,4554,0.307052,-1,63.375,63.375,0
1786402975142,4605.79,die0,4556,4556,0.307052,-1,63.375,63.375,0
1786402975242,4605.79,die0,4558,4558,0.307052,-1,63.375,63.375,0
1786402975343,4605.79,die0,4560,4560,0.307052,-1,63.375,63.375,0
1786402975442,4605.79,die0,4562,4562,0.307052,-1,63.375,63.375,0
1786402975542,4605.79,die0,4564,4564,0.307052,-1,63.375,63.375,0
1786402975642,4605.79,die0,4565,4565,0.307052,-1,63.375,63.375,0
1786402975746,4605.79,die0,4567,4567,0.307052,-1,63.375,63.375,0
1786402975842,4569.49,die0,4564,4564,0.304632,-1,63.25,63.25,0
1786402975942,4569.49,die0,4562,4562,0.304632,-1,63.25,63.25,0
1786402976042,4569.49,die0,4560,4560,0.304632,-1,63.25,63.25,0
1786402976142,4569.49,die0,4558,4558,0.304632,-1,63.25,63.25,0
1786402976242,4569.49,die0,4556,4556,0.304632,-1,63.25,63.25,0
1786402976342,4569.49,die0,4554,4554,0.304632,-1,63.25,63.25,0
1786402976443,4569.49,die0,4552,4552,0.304632,-1,63.25,63.25,0
1786402976542,4569.49,die0,4551,4551,0.304632,-1,63.25,63.25,0
1786402976642,4569.49,die0,4550,4550,0.304632,-1,63.25,63.25,0
1786402976742,4569.49,die0,4548,4548,0.304632,-1,63.25,63.25,0
1786402976842,4546.64,die0,4547,4547,0.303109,-1,63.1875,63.1875,0
1786402976942,4546.64,die0,4546,4546,0.303109,-1,63.1875,63.1875,0
1786402977042,4546.64,die0,4545,4545,0.303109,-1,63.1875,63.1875,0
1786402977142,4546.64,die0,4544,4544,0.303109,-1,63.1875,63.1875,0
1786402977243,4546.64,die0,4543,4543,0.303109,-1,63.1875,63.1875,0
1786402977342,4546.64,die0,4542,4542,0.303109,-1,63.1875,63.1875,0
1786402977442,4546.64,die0,4541,4541,0.303109,-1,63.1875,63.1875,0
1786402977542,4546.64,die0,4540,4540,0.303109,-1,63.1875,63.1875,0
1786402977642,4546.64,die0,4539,4539,0.303109,-1,63.1875,63.1875,0
1786402977742,4546.64,die0,4539,4539,0.303109,-1,63.1875,63.1875,0
1786402977842,4537.56,die0,4538,4538,0.302504,-1,63.1875,63.1875,0
1786402977942,4537.56,die0,4538,4538,0.302504,-1,63.1875,63.1875,0
1786402978043,4537.56,die0,4537,4537,0.302504,-1,63.1875,63.1875,0
1786402978142,4537.56,die0,4537,4537,0.302504,-1,63.1875,63.1875,0
1786402978242,4537.56,die0,4536,4536,0.302504,-1,63.1875,63.1875,0
1786402978342,4537.56,die0,4536,4536,0.302504,-1,63.1875,63.1875,0
1786402978442,4537.56,die0,4535,4535,0.302504,-1,63.1875,63.1875,0
1786402978542,4537.56,die0,4535,4535,0.302504,-1,63.1875,63.1875,0
1786402978642,4537.56,die0,4534,4534,0.302504,-1,63.1875,63.1875,0
1786402978742,4537.56,die0,4534,4534,0.302504,-1,63.1875,63.1875,0
1786402978842,4556.64,die0,4534,4534,0.303776,-1,63.3125,63.3125,0
1786402978942,4556.64,die0,4534,4534,0.303776,-1,63.3125,63.3125,0
1786402979042,4556.64,die0,4533,4533,0.303776,-1,63.3125,63.3125,0
1786402979143,4556.64,die0,4533,4533,0.303776,-1,63.3125,63.3125,0
1786402979242,4556.64,die0,4533,4533,0.303776,-1,63.3125,63.3125,0
1786402979342,4556.64,die0,4533,4533,0.303776,-1,63.3125,63.3125,0
1786402979442,4556.64,die0,4532,4532,0.303776,-1,63.3125,63.3125,0
1786402979542,4556.64,die0,4532,4532,0.303776,-1,63.3125,63.3125,0
1786402979642,4556.64,die0,4532,4532,0.303776,-1,63.3125,63.3125,0
1786402979742,4556.64,die0,4532,4532,0.303776,-1,63.3125,63.3125,0
1786402979842,4534.11,die0,4532,4532,0.302274,-1,63.25,63.25,0
1786402979942,4534.11,die0,4531,4531,0.302274,-1,63.25,63.25,0
1786402980042,4534.11,die0,4531,4531,0.302274,-1,63.25,63.25,0
1786402980142,4534.11,die0,4531,4531,0.302274,-1,63.25,63.25,0
1786402980242,4534.11,die0,4531,4531,0.302274,-1,63.25,63.25,0
1786402980342,4534.11,die0,4531,4531,0.302274,-1,63.25,63.25,0
1786402980442,4534.11,die0,4531,4531,0.302274,-1,63.25,63.25,0
1786402980542,4534.11,die0,4531,4531,0.302274,-1,63.25,63.25,0
1786402980642,4534.11,die0,4531,4531,0.302274,-1,63.25,63.25,0
1786402980742,4534.11,die0,4531,4531,0.302274,-1,63.25,63.25,0
1786402980842,4539.42,die0,4531,4531,0.302628,-1,63.3125,63.3125,0
1786402980942,4539.42,die0,4530,4530,0.302628,-1,63.3125,63.3125,0
1786402981042,4539.42,die0,4530,4530,0.302628,-1,63.3125,63.3125,0
1786402981142,4539.42,die0,4530,4530,0.302628,-1,63.3125,63.3125,0
1786402981242,4539.42,die0,4530,4530,0.302628,-1,63.3125,63.3125,0
1786402981347,4539.42,die0,4530,4530,0.302628,-1,63.3125,63.3125,0
1786402981442,4539.42,die0,4530,4530,0.302628,-1,63.3125,63.3125,0
1786402981542,4539.42,die0,4530,4530,0.302628,-1,63.3125,63.3125,0
1786402981642,4539.42,die0,4530,4530,0.302628,-1,63.3125,63.3125,0
1786402981742,4539.42,die0,4530,4530,0.302628,-1,63.3125,63.3125,0
1786402981842,4516.89,die0,4526,4526,0.301126,-1,63.25,63.25,0
1786402981942,4516.89,die0,4522,4522,0.301126,-1,63.25,63.25,0
1786402982042,4516.89,die0,4519,4519,0.301126,-1,63.25,63.25,0
1786402982142,4516.89,die0,4516,4516,0.301126,-1,63.25,63.25,0
1786402982242,4516.89,die0,4513,4513,0.301126,-1,63.25,63.25,0
1786402982342,4516.89,die0,4510,4510,0.301126,-1,63.25,63.25,0
1786402982442,4516.89,die0,4507,4507,0.301126,-1,63.25,63.25,0
1786402982542,4516.89,die0,4505,4505,0.301126,-1,63.25,63.25,0
1786402982642,4516.89,die0,4503,4503,0.301126,-1,63.25,63.25,0
1786402982742,4516.89,die0,4500,4500,0.301126,-1,63.25,63.25,0
1786402982842,4536.28,die0,4502,4502,0.302419,-1,63.375,63.375,0
1786402982942,4536.28,die0,4504,4504,0.302419,-1,63.375,63.375,0
1786402983042,4536.28,die0,4506,4506,0.302419,-1,63.375,63.375,0
1786402983142,4536.28,die0,4507,4507,0.302419,-1,63.375,63.375,0
1786402983242,4536.28,die0,4509,4509,0.302419,-1,63.375,63.375,0
1786402983342,4536.28,die0,4510,4510,0.302419,-1,63.375,63.375,0
1786402983442,4536.28,die0,4512,4512,0.302419,-1,63.375,63.375,0
1786402983542,4536.28,die0,4513,4513,0.302419,-1,63.375,63.375,0
1786402983642,4536.28,die0,4514,4514,0.302419,-1,63.375,63.375,0
1786402983742,4536.28,die0,4515,4515,0.302419,-1,63.375,63.375,0
1786402983842,4542.22,die0,4516,4516,0.302815,-1,63.4375,63.4375,0
1786402983942,4542.22,die0,4517,4517,0.302815,-1,63.4375,63.4375,0
1786402984042,4542.22,die0,4518,4518,0.302815,-1,63.4375,63.4375,0
1786402984142,4542.22,die0,4518,4518,0.302815,-1,63.4375,63.4375,0
1786402984242,4542.22,die0,4519,4519,0.302815,-1,63.4375,63.4375,0
1786402984342,4542.22,die0,4520,4520,0.302815,-1,63.4375,63.4375,0
1786402984442,4542.22,die0,4520,4520,0.302815,-1,63.4375,63.4375,0
1786402984542,4542.22,die0,4521,4521,0.302815,-1,63.4375,63.4375,0
1786402984642,4542.22,die0,4522,4522,0.302815,-1,63.4375,63.4375,0
1786402984742,4542.22,die0,4522,4522,0.302815,-1,63.4375,63.4375,0
1786402984846,4534.39,die0,4523,4523,0.302293,-1,63.4375,63.4375,0
1786402984952,4534.39,die0,4523,4523,0.302293,-1,63.4375,63.4375,0
1786402985042,4534.39,die0,4523,4523,0.302293,-1,63.4375,63.4375,0
1786402985142,4534.39,die0,4524,4524,0.302293,-1,63.4375,63.4375,0
1786402985242,4534.39,die0,4524,4524,0.302293,-1,63.4375,63.4375,0
1786402985342,4534.39,die0,4525,4525,0.302293,-1,63.4375,63.4375,0
1786402985442,4534.39,die0,4525,4525,0.302293,-1,63.4375,63.4375,0
1786402985542,4534.39,die0,4525,4525,0.302293,-1,63.4375,63.4375,0
1786402985642,4534.39,die0,4525,4525,0.302293,-1,63.4375,63.4375,0
1786402985742,4534.39,die0,4526,4526,0.302293,-1,63.4375,63.4375,0
1786402985842,4526.56,die0,4522,4522,0.301771,-1,63.4375,63.4375,0
1786402985942,4526.56,die0,4519,4519,0.301771,-1,63.4375,63.4375,0
1786402986042,4526.56,die0,4515,4515,0.301771,-1,63.4375,63.4375,0
1786402986142,4526.56,die0,4512,4512,0.301771,-1,63.4375,63.4375,0
1786402986242,4526.56,die0,4510,4510,0.301771,-1,63.4375,63.4375,0
1786402986342,4526.56,die0,4507,4507,0.301771,-1,63.4375,63.4375,0
1786402986443,4526.56,die0,4505,4505,0.301771,-1,63.4375,63.4375,0
1786402986542,4526.56,die0,4502,4502,0.301771,-1,63.4375,63.4375,0
1786402986642,4526.56,die0,4500,4500,0.301771,-1,63.4375,63.4375,0
1786402986742,4526.56,die0,4498,4498,0.301771,-1,63.4375,63.4375,0
1786402986842,4532.82,die0,4500,4500,0.302188,-1,63.5,63.5,0
1786402986942,4532.82,die0,4502,4502,0.302188,-1,63.5,63.5,0
1786402987043,4532.82,die0,4504,4504,0.302188,-1,63.5,63.5,0
1786402987142,4532.82,die0,4506,4506,0.302188,-1,63.5,63.5,0
1786402987242,4532.82,die0,4507,4507,0.302188,-1,63.5,63.5,0
1786402987342,4532.82,die0,4509,4509,0.302188,-1,63.5,63.5,0
1786402987442,4532.82,die0,4510,4510,0.302188,-1,63.5,63.5,0
1786402987542,4532.82,die0,4511,4511,0.302188,-1,63.5,63.5,0
1786402987642,4532.82,die0,4513,4513,0.302188,-1,63.5,63.5,0
1786402987750,4532.82,die0,4514,4514,0.302188,-1,63.5,63.5,0
1786402987842,4525.3,die0,4511,4511,0.301687,-1,63.5,63.5,0
1786402987942,4525.3,die0,4508,4508,0.301687,-1,63.5,63.5,0
1786402988042,4525.3,die0,4506,4506,0.301687,-1,63.5,63.5,0
1786402988142,4525.3,die0,4503,4503,0.301687,-1,63.5,63.5,0
1786402988242,4525.3,die0,4501,4501,0.301687,-1,63.5,63.5,0
1786402988342,4525.3,die0,4499,4499,0.301687,-1,63.5,63.5,0
1786402988443,4525.3,die0,4497,4497,0.301687,-1,63.5,63.5,0
1786402988542,4525.3,die0,4495,4495,0.301687,-1,63.5,63.5,0
1786402988642,4525.3,die0,4494,4494,0.301687,-1,63.5,63.5,0
1786402988742,4525.3,die0,4492,4492,0.301687,-1,63.5,63.5,0
1786402988842,4503.71,die0,4491,4491,0.300247,-1,63.4375,63.4375,0
1786402988942,4503.71,die0,4489,4489,0.300247,-1,63.4375,63.4375,0
1786402989043,4503.71,die0,4488,4488,0.300247,-1,63.4375,63.4375,0
1786402989142,4503.71,die0,4487,4487,0.300247,-1,63.4375,63.4375,0
1786402989242,4503.71,die0,4486,4486,0.300247,-1,63.4375,63.4375,0
1786402989342,4503.71,die0,4485,4485,0.300247,-1,63.4375,63.4375,0
1786402989442,4503.71,die0,4484,4484,0.300247,-1,63.4375,63.4375,0
1786402989543,4503.71,die0,4483,4483,0.300247,-1,63.4375,63.4375,0
1786402989642,4503.71,die0,4482,4482,0.300247,-1,63.4375,63.4375,0
1786402989742,4503.71,die0,4481,4481,0.300247,-1,63.4375,63.4375,0
1786402989842,4495.88,die0,4481,4481,0.3,-1,63.4375,63.4375,0
1786402989942,4495.88,die0,4480,4480,0.3,-1,63.4375,63.4375,0
1786402990042,4495.88,die0,4479,4479,0.3,-1,63.4375,63.4375,0
1786402990142,4495.88,die0,4479,4479,0.3,-1,63.4375,63.4375,0
1786402990242,4495.88,die0,4478,4478,0.3,-1,63.4375,63.4375,0
1786402990342,4495.88,die0,4478,4478,0.3,-1,63.4375,63.4375,0
1786402990442,4495.88,die0,4477,4477,0.3,-1,63.4375,63.4375,0
1786402990542,4495.88,die0,4477,4477,0.3,-1,63.4375,63.4375,0
1786402990642,4495.88,die0,4476,4476,0.3,-1,63.4375,63.4375,0
1786402990742,4495.88,die0,4476,4476,0.3,-1,63.4375,63.4375,0
1786402990842,4502.13,die0,4476,4476,0.300142,-1,63.5,63.5,0
1786402990942,4502.13,die0,4475,4475,0.300142,-1,63.5,63.5,0
1786402991042,4502.13,die0,4475,4475,0.300142,-1,63.5,63.5,0
1786402991142,4502.13,die0,4475,4475,0.300142,-1,63.5,63.5,0
1786402991242,4502.13,die0,4474,4474,0.300142,-1,63.5,63.5,0
1786402991342,4502.13,die0,4474,4474,0.300142,-1,63.5,63.5,0
1786402991446,4502.13,die0,4474,4474,0.300142,-1,63.5,63.5,0
1786402991542,4502.13,die0,4474,4474,0.300142,-1,63.5,63.5,0
1786402991642,4502.13,die0,4474,4474,0.300142,-1,63.5,63.5,0
1786402991742,4502.13,die0,4473,4473,0.300142,-1,63.5,63.5,0
1786402991843,4508.7,die0,4473,4473,0.30058,-1,63.5625,63.5625,0
1786402991942,4508.7,die0,4473,4473,0.30058,-1,63.5625,63.5625,0
1786402992042,4508.7,die0,4473,4473,0.30058,-1,63.5625,63.5625,0
1786402992142,4508.7,die0,4473,4473,0.30058,-1,63.5625,63.5625,0
1786402992242,4508.7,die0,4473,4473,0.30058,-1,63.5625,63.5625,0
1786402992343,4508.7,die0,4472,4472,0.30058,-1,63.5625,63.5625,0
1786402992442,4508.7,die0,4472,4472,0.30058,-1,63.5625,63.5625,0
1786402992543,4508.7,die0,4472,4472,0.30058,-1,63.5625,63.5625,0
1786402992642,4508.7,die0,4472,4472,0.30058,-1,63.5625,63.5625,0
1786402992742,4508.7,die0,4472,4472,0.30058,-1,63.5625,63.5625,0
1786402992842,4501.5,die0,4472,4472,0.3001,-1,63.5625,63.5625,0
1786402992942,4501.5,die0,4472,4472,0.3001,-1,63.5625,63.5625,0
1786402993042,4501.5,die0,4472,4472,0.3001,-1,63.5625,63.5625,0
1786402993142,4501.5,die0,4472,4472,0.3001,-1,63.5625,63.5625,0
1786402993242,4501.5,die0,4472,4472,0.3001,-1,63.5625,63.5625,0
1786402993342,4501.5,die0,4471,4471,0.3001,-1,63.5625,63.5625,0
1786402993442,4501.5,die0,4471,4471,0.3001,-1,63.5625,63.5625,0
1786402993542,4501.5,die0,4471,4471,0.3001,-1,63.5625,63.5625,0
1786402993642,4501.5,die0,4471,4471,0.3001,-1,63.5625,63.5625,0
1786402993742,4501.5,die0,4471,4471,0.3001,-1,63.5625,63.5625,0
1786402993842,4494.3,die0,4471,4471,0.3,-1,63.5625,63.5625,0
1786402993942,4494.3,die0,4471,4471,0.3,-1,63.5625,63.5625,0
1786402994042,4494.3,die0,4471,4471,0.3,-1,63.5625,63.5625,0
1786402994142,4494.3,die0,4471,4471,0.3,-1,63.5625,63.5625,0
1786402994242,4494.3,die0,4471,4471,0.3,-1,63.5625,63.5625,0
1786402994342,4494.3,die0,4471,4471,0.3,-1,63.5625,63.5625,0
1786402994442,4494.3,die0,4471,4471,0.3,-1,63.5625,63.5625,0
1786402994542,4494.3,die0,4471,4471,0.3,-1,63.5625,63.5625,0
1786402994642,4494.3,die0,4471,4471,0.3,-1,63.5625,63.5625,0
1786402994742,4494.3,die0,4471,4471,0.3,-1,63.5625,63.5625,0
1786402994842,4487.1,die0,4471,4471,0.3,-1,63.5625,63.5625,0
1786402994942,4487.1,die0,4471,4471,0.3,-1,63.5625,63.5625,0
1786402995042,4487.1,die0,4471,4471,0.3,-1,63.5625,63.5625,0
1786402995142,4487.1,die0,4471,4471,0.3,-1,63.5625,63.5625,0
1786402995242,4487.1,die0,4471,4471,0.3,-1,63.5625,63.5625,0
1786402995342,4487.1,die0,4471,4471,0.3,-1,63.5625,63.5625,0
1786402995442,4487.1,die0,4471,4471,0.3,-1,63.5625,63.5625,0
1786402995542,4487.1,die0,4471,4471,0.3,-1,63.5625,63.5625,0
1786402995642,4487.1,die0,4471,4471,0.3,-1,63.5625,63.5625,0
1786402995742,4487.1,die0,4471,4471,0.3,-1,63.5625,63.5625,0
1786402995842,4479.9,die0,4471,4471,0.3,-1,63.5625,63.5625,0
1786402995942,4479.9,die0,4471,4471,0.3,-1,63.5625,63.5625,0
1786402996042,4479.9,die0,4471,4471,0.3,-1,63.5625,63.5625,0
1786402996142,4479.9,die0,4471,4471,0.3,-1,63.5625,63.5625,0
1786402996242,4479.9,die0,4471,4471,0.3,-1,63.5625,63.5625,0
1786402996342,4479.9,die0,4471,4471,0.3,-1,63.5625,63.5625,0
1786402996442,4479.9,die0,4471,4471,0.3,-1,63.5625,63.5625,0
1786402996542,4479.9,die0,4471,4471,0.3,-1,63.5625,63.5625,0
1786402996642,4479.9,die0,4471,4471,0.3,-1,63.5625,63.5625,0
1786402996742,4479.9,die0,4471,4471,0.3,-1,63.5625,63.5625,0
1786402996842,4486.78,die0,4471,4471,0.3,-1,63.625,63.625,0
1786402996942,4486.78,die0,4471,4471,0.3,-1,63.625,63.625,0
1786402997042,4486.78,die0,4471,4471,0.3,-1,63.625,63.625,0
1786402997142,4486.78,die0,4471,4471,0.3,-1,63.625,63.625,0
1786402997243,4486.78,die0,4471,4471,0.3,-1,63.625,63.625,0
1786402997342,4486.78,die0,4471,4471,0.3,-1,63.625,63.625,0
1786402997442,4486.78,die0,4471,4471,0.3,-1,63.625,63.625,0
1786402997542,4486.78,die0,4471,4471,0.3,-1,63.625,63.625,0
1786402997642,4486.78,die0,4471,4471,0.3,-1,63.625,63.625,0
1786402997742,4486.78,die0,4471,4471,0.3,-1,63.625,63.625,0
1786402997843,4493.97,die0,4471,4471,0.3,-1,63.6875,63.6875,0
1786402997942,4493.97,die0,4471,4471,0.3,-1,63.6875,63.6875,0
1786402998042,4493.97,die0,4471,4471,0.3,-1,63.6875,63.6875,0
1786402998142,4493.97,die0,4471,4471,0.3,-1,63.6875,63.6875,0
1786402998242,4493.97,die0,4471,4471,0.3,-1,63.6875,63.6875,0
1786402998342,4493.97,die0,4471,4471,0.3,-1,63.6875,63.6875,0
1786402998442,4493.97,die0,4471,4471,0.3,-1,63.6875,63.6875,0
1786402998542,4493.97,die0,4471,4471,0.3,-1,63.6875,63.6875,0
1786402998642,4493.97,die0,4471,4471,0.3,-1,63.6875,63.6875,0
1786402998743,4493.97,die0,4471,4471,0.3,-1,63.6875,63.6875,0
1786402998843,4501.47,die0,4471,4471,0.300098,-1,63.75,63.75,0
1786402998946,4501.47,die0,4471,4471,0.300098,-1,63.75,63.75,0
1786402999042,4501.47,die0,4471,4471,0.300098,-1,63.75,63.75,0
1786402999142,4501.47,die0,4471,4471,0.300098,-1,63.75,63.75,0
1786402999242,4501.47,die0,4471,4471,0.300098,-1,63.75,63.75,0
1786402999342,4501.47,die0,4471,4471,0.300098,-1,63.75,63.75,0
1786402999442,4501.47,die0,4471,4471,0.300098,-1,63.75,63.75,0
1786402999542,4501.47,die0,4471,4471,0.300098,-1,63.75,63.75,0
1786402999642,4501.47,die0,4471,4471,0.300098,-1,63.75,63.75,0
1786402999743,4501.47,die0,4471,4471,0.300098,-1,63.75,63.75,0
1786402999842,4452.97,die0,4471,4471,0.3,-1,63.5625,63.5625,0
1786402999942,4452.97,die0,4471,4471,0.3,-1,63.5625,63.5625,0
1786403000042,4452.97,die0,4471,4471,0.3,-1,63.5625,63.5625,0
1786403000143,4452.97,die0,4471,4471,0.3,-1,63.5625,63.5625,0
1786403000242,4452.97,die0,4471,4471,0.3,-1,63.5625,63.5625,0
1786403000342,4452.97,die0,4471,4471,0.3,-1,63.5625,63.5625,0
1786403000442,4452.97,die0,4471,4471,0.3,-1,63.5625,63.5625,0
1786403000542,4452.97,die0,4471,4471,0.3,-1,63.5625,63.5625,0
1786403000642,4452.97,die0,4471,4471,0.3,-1,63.5625,63.5625,0
1786403000742,4452.97,die0,4471,4471,0.3,-1,63.5625,63.5625,0
1786403000842,4473.93,die0,4471,4471,0.3,-1,63.6875,63.6875,0
1786403000942,4473.93,die0,4471,4471,0.3,-1,63.6875,63.6875,0
1786403001042,4473.93,die0,4471,4471,0.3,-1,63.6875,63.6875,0
1786403001142,4473.93,die0,4471,4471,0.3,-1,63.6875,63.6875,0
1786403001242,4473.93,die0,4471,4471,0.3,-1,63.6875,63.6875,0
1786403001342,4473.93,die0,4471,4471,0.3,-1,63.6875,63.6875,0
1786403001442,4473.93,die0,4471,4471,0.3,-1,63.6875,63.6875,0
1786403001542,4473.93,die0,4471,4471,0.3,-1,63.6875,63.6875,0
1786403001642,4473.93,die0,4471,4471,0.3,-1,63.6875,63.6875,0
1786403001742,4473.93,die0,4471,4471,0.3,-1,63.6875,63.6875,0
1786403001842,4481.44,die0,4471,4471,0.3,-1,63.75,63.75,0
1786403001942,4481.44,die0,4471,4471,0.3,-1,63.75,63.75,0
1786403002042,4481.44,die0,4471,4471,0.3,-1,63.75,63.75,0
1786403002142,4481.44,die0,4471,4471,0.3,-1,63.75,63.75,0
1786403002242,4481.44,die0,4471,4471,0.3,-1,63.75,63.75,0
1786403002342,4481.44,die0,4471,4471,0.3,-1,63.75,63.75,0
1786403002442,4481.44,die0,4471,4471,0.3,-1,63.75,63.75,0
1786403002542,4481.44,die0,4471,4471,0.3,-1,63.75,63.75,0
1786403002642,4481.44,die0,4471,4471,0.3,-1,63.75,63.75,0
1786403002742,4481.44,die0,4471,4471,0.3,-1,63.75,63.75,0
1786403002842,4475.17,die0,4471,4471,0.3,-1,63.75,63.75,0
1786403002942,4475.17,die0,4471,4471,0.3,-1,63.75,63.75,0
1786403003042,4475.17,die0,4471,4471,0.3,-1,63.75,63.75,0
1786403003142,4475.17,die0,4471,4471,0.3,-1,63.75,63.75,0
1786403003242,4475.17,die0,4471,4471,0.3,-1,63.75,63.75,0
1786403003342,4475.17,die0,4471,4471,0.3,-1,63.75,63.75,0
1786403003442,4475.17,die0,4471,4471,0.3,-1,63.75,63.75,0
1786403003542,4475.17,die0,4471,4471,0.3,-1,63.75,63.75,0
1786403003642,4475.17,die0,4471,4471,0.3,-1,63.75,63.75,0
1786403003742,4475.17,die0,4471,4471,0.3,-1,63.75,63.75,0
1786403003842,4468.91,die0,4471,4471,0.3,-1,63.75,63.75,0
1786403003942,4468.91,die0,4471,4471,0.3,-1,63.75,63.75,0
1786403004042,4468.91,die0,4471,4471,0.3,-1,63.75,63.75,0
1786403004142,4468.91,die0,4471,4471,0.3,-1,63.75,63.75,0
1786403004242,4468.91,die0,4471,4471,0.3,-1,63.75,63.75,0
1786403004346,4468.91,die0,4471,4471,0.3,-1,63.75,63.75,0
1786403004442,4468.91,die0,4471,4471,0.3,-1,63.75,63.75,0
1786403004543,4468.91,die0,4471,4471,0.3,-1,63.75,63.75,0
1786403004642,4468.91,die0,4471,4471,0.3,-1,63.75,63.75,0
1786403004742,4468.91,die0,4471,4471,0.3,-1,63.75,63.75,0
1786403004842,4448.57,die0,4471,4471,0.3,-1,63.6875,63.6875,0
1786403004942,4448.57,die0,4471,4471,0.3,-1,63.6875,63.6875,0
1786403005042,4448.57,die0,4471,4471,0.3,-1,63.6875,63.6875,0
1786403005142,4448.57,die0,4471,4471,0.3,-1,63.6875,63.6875,0
1786403005242,4448.57,die0,4471,4471,0.3,-1,63.6875,63.6875,0
1786403005342,4448.57,die0,4471,4471,0.3,-1,63.6875,63.6875,0
1786403005442,4448.57,die0,4471,4471,0.3,-1,63.6875,63.6875,0
1786403005542,4448.57,die0,4471,4471,0.3,-1,63.6875,63.6875,0
1786403005642,4448.57,die0,4471,4471,0.3,-1,63.6875,63.6875,0
1786403005742,4448.57,die0,4471,4471,0.3,-1,63.6875,63.6875,0
1786403005842,4456.07,die0,4471,4471,0.3,-1,63.75,63.75,0
1786403005942,4456.07,die0,4471,4471,0.3,-1,63.75,63.75,0
1786403006042,4456.07,die0,4471,4471,0.3,-1,63.75,63.75,0
1786403006142,4456.07,die0,4471,4471,0.3,-1,63.75,63.75,0
1786403006242,4456.07,die0,4471,4471,0.3,-1,63.75,63.75,0
1786403006342,4456.07,die0,4471,4471,0.3,-1,63.75,63.75,0
1786403006442,4456.07,die0,4471,4471,0.3,-1,63.75,63.75,0
1786403006542,4456.07,die0,4471,4471,0.3,-1,63.75,63.75,0
1786403006642,4456.07,die0,4471,4471,0.3,-1,63.75,63.75,0
1786403006742,4456.07,die0,4471,4471,0.3,-1,63.75,63.75,0
1786403006842,4463.89,die0,4471,4471,0.3,-1,63.8125,63.8125,0
1786403006942,4463.89,die0,4471,4471,0.3,-1,63.8125,63.8125,0
1786403007042,4463.89,die0,4471,4471,0.3,-1,63.8125,63.8125,0
1786403007142,4463.89,die0,4471,4471,0.3,-1,63.8125,63.8125,0
1786403007242,4463.89,die0,4471,4471,0.3,-1,63.8125,63.8125,0
1786403007342,4463.89,die0,4471,4471,0.3,-1,63.8125,63.8125,0
1786403007442,4463.89,die0,4471,4471,0.3,-1,63.8125,63.8125,0
1786403007542,4463.89,die0,4471,4471,0.3,-1,63.8125,63.8125,0
1786403007642,4463.89,die0,4471,4471,0.3,-1,63.8125,63.8125,0
1786403007742,4463.89,die0,4471,4471,0.3,-1,63.8125,63.8125,0
1786403007842,4472.02,die0,4471,4471,0.3,-1,63.875,63.875,0
1786403007942,4472.02,die0,4471,4471,0.3,-1,63.875,63.875,0
1786403008043,4472.02,die0,4471,4471,0.3,-1,63.875,63.875,0
1786403008142,4472.02,die0,4471,4471,0.3,-1,63.875,63.875,0
1786403008242,4472.02,die0,4471,4471,0.3,-1,63.875,63.875,0
1786403008342,4472.02,die0,4471,4471,0.3,-1,63.875,63.875,0
1786403008442,4472.02,die0,4471,4471,0.3,-1,63.875,63.875,0
1786403008543,4472.02,die0,4471,4471,0.3,-1,63.875,63.875,0
1786403008642,4472.02,die0,4471,4471,0.3,-1,63.875,63.875,0
1786403008742,4472.02,die0,4471,4471,0.3,-1,63.875,63.875,0
1786403008842,4452.31,die0,4471,4471,0.3,-1,63.8125,63.8125,0
1786403008942,4452.31,die0,4471,4471,0.3,-1,63.8125,63.8125,0
1786403009043,4452.31,die0,4471,4471,0.3,-1,63.8125,63.8125,0
1786403009142,4452.31,die0,4471,4471,0.3,-1,63.8125,63.8125,0
1786403009242,4452.31,die0,4471,4471,0.3,-1,63.8125,63.8125,0
1786403009342,4452.31,die0,4471,4471,0.3,-1,63.8125,63.8125,0
1786403009442,4452.31,die0,4471,4471,0.3,-1,63.8125,63.8125,0
1786403009542,4452.31,die0,4471,4471,0.3,-1,63.8125,63.8125,0
1786403009642,4452.31,die0,4471,4471,0.3,-1,63.8125,63.8125,0
1786403009742,4452.31,die0,4471,4471,0.3,-1,63.8125,63.8125,0
1786403009842,4446.36,die0,4471,4471,0.3,-1,63.8125,63.8125,0
1786403009942,4446.36,die0,4471,4471,0.3,-1,63.8125,63.8125,0
1786403010042,4446.36,die0,4471,4471,0.3,-1,63.8125,63.8125,0
1786403010142,4446.36,die0,4471,4471,0.3,-1,63.8125,63.8125,0
1786403010242,4446.36,die0,4471,4471,0.3,-1,63.8125,63.8125,0
1786403010342,4446.36,die0,4471,4471,0.3,-1,63.8125,63.8125,0
1786403010442,4446.36,die0,4471,4471,0.3,-1,63.8125,63.8125,0
1786403010542,4446.36,die0,4471,4471,0.3,-1,63.8125,63.8125,0
1786403010642,4446.36,die0,4471,4471,0.3,-1,63.8125,63.8125,0
1786403010742,4446.36,die0,4471,4471,0.3,-1,63.8125,63.8125,0
1786403010842,4454.49,die0,4471,4471,0.3,-1,63.875,63.875,0
1786403010943,4454.49,die0,4471,4471,0.3,-1,63.875,63.875,0
1786403011042,4454.49,die0,4471,4471,0.3,-1,63.875,63.875,0
1786403011143,4454.49,die0,4471,4471,0.3,-1,63.875,63.875,0
1786403011242,4454.49,die0,4471,4471,0.3,-1,63.875,63.875,0
1786403011342,4454.49,die0,4471,4471,0.3,-1,63.875,63.875,0
1786403011442,4454.49,die0,4471,4471,0.3,-1,63.875,63.875,0
1786403011542,4454.49,die0,4471,4471,0.3,-1,63.875,63.875,0
1786403011642,4454.49,die0,4471,4471,0.3,-1,63.875,63.875,0
1786403011742,4454.49,die0,4471,4471,0.3,-1,63.875,63.875,0
1786403011842,4434.78,die0,4471,4471,0.3,-1,63.8125,63.8125,0
1786403011942,4434.78,die0,4471,4471,0.3,-1,63.8125,63.8125,0
1786403012042,4434.78,die0,4471,4471,0.3,-1,63.8125,63.8125,0
1786403012142,4434.78,die0,4471,4471,0.3,-1,63.8125,63.8125,0
1786403012242,4434.78,die0,4471,4471,0.3,-1,63.8125,63.8125,0
1786403012342,4434.78,die0,4471,4471,0.3,-1,63.8125,63.8125,0
1786403012443,4434.78,die0,4471,4471,0.3,-1,63.8125,63.8125,0
1786403012542,4434.78,die0,4471,4471,0.3,-1,63.8125,63.8125,0
1786403012642,4434.78,die0,4471,4471,0.3,-1,63.8125,63.8125,0
1786403012742,4434.78,die0,4471,4471,0.3,-1,63.8125,63.8125,0
1786403012842,4442.91,die0,4471,4471,0.3,-1,63.875,63.875,0
1786403012942,4442.91,die0,4471,4471,0.3,-1,63.875,63.875,0
1786403013042,4442.91,die0,4471,4471,0.3,-1,63.875,63.875,0
1786403013142,4442.91,die0,4471,4471,0.3,-1,63.875,63.875,0
1786403013242,4442.91,die0,4471,4471,0.3,-1,63.875,63.875,0
1786403013342,4442.91,die0,4471,4471,0.3,-1,63.875,63.875,0
1786403013442,4442.91,die0,4471,4471,0.3,-1,63.875,63.875,0
1786403013542,4442.91,die0,4471,4471,0.3,-1,63.875,63.875,0
1786403013642,4442.91,die0,4471,4471,0.3,-1,63.875,63.875,0
1786403013742,4442.91,die0,4471,4471,0.3,-1,63.875,63.875,0
1786403013842,4423.19,die0,4471,4471,0.3,-1,63.8125,63.8125,0
1786403013942,4423.19,die0,4471,4471,0.3,-1,63.8125,63.8125,0
1786403014042,4423.19,die0,4471,4471,0.3,-1,63.8125,63.8125,0
1786403014146,4423.19,die0,4471,4471,0.3,-1,63.8125,63.8125,0
1786403014242,4423.19,die0,4471,4471,0.3,-1,63.8125,63.8125,0
1786403014342,4423.19,die0,4471,4471,0.3,-1,63.8125,63.8125,0
1786403014442,4423.19,die0,4471,4471,0.3,-1,63.8125,63.8125,0
1786403014542,4423.19,die0,4471,4471,0.3,-1,63.8125,63.8125,0
1786403014642,4423.19,die0,4471,4471,0.3,-1,63.8125,63.8125,0
1786403014742,4423.19,die0,4471,4471,0.3,-1,63.8125,63.8125,0
1786403014843,4431.32,die0,4471,4471,0.3,-1,63.875,63.875,0
1786403014942,4431.32,die0,4471,4471,0.3,-1,63.875,63.875,0
1786403015042,4431.32,die0,4471,4471,0.3,-1,63.875,63.875,0
1786403015142,4431.32,die0,4471,4471,0.3,-1,63.875,63.875,0
1786403015242,4431.32,die0,4471,4471,0.3,-1,63.875,63.875,0
1786403015342,4431.32,die0,4471,4471,0.3,-1,63.875,63.875,0
1786403015442,4431.32,die0,4471,4471,0.3,-1,63.875,63.875,0
1786403015542,4431.32,die0,4471,4471,0.3,-1,63.875,63.875,0
1786403015642,4431.32,die0,4471,4471,0.3,-1,63.875,63.875,0
1786403015742,4431.32,die0,4471,4471,0.3,-1,63.875,63.875,0
1786403015842,4439.77,die0,4471,4471,0.3,-1,63.9375,63.9375,0
1786403015942,4439.77,die0,4471,4471,0.3,-1,63.9375,63.9375,0
1786403016042,4439.77,die0,4471,4471,0.3,-1,63.9375,63.9375,0
1786403016142,4439.77,die0,4471,4471,0.3,-1,63.9375,63.9375,0
1786403016242,4439.77,die0,4471,4471,0.3,-1,63.9375,63.9375,0
1786403016342,4439.77,die0,4471,4471,0.3,-1,63.9375,63.9375,0
1786403016442,4439.77,die0,4471,4471,0.3,-1,63.9375,63.9375,0
1786403016542,4439.77,die0,4471,4471,0.3,-1,63.9375,63.9375,0
1786403016643,4439.77,die0,4471,4471,0.3,-1,63.9375,63.9375,0
1786403016742,4439.77,die0,4471,4471,0.3,-1,63.9375,63.9375,0
1786403016842,4448.53,die0,4471,4471,0.3,-1,64,64,0
1786403016942,4448.53,die0,4471,4471,0.3,-1,64,64,0
1786403017042,4448.53,die0,4471,4471,0.3,-1,64,64,0
1786403017142,4448.53,die0,4471,4471,0.3,-1,64,64,0
1786403017242,4448.53,die0,4471,4471,0.3,-1,64,64,0
1786403017342,4448.53,die0,4471,4471,0.3,-1,64,64,0
1786403017442,4448.53,die0,4471,4471,0.3,-1,64,64,0
1786403017542,4448.53,die0,4471,4471,0.3,-1,64,64,0
1786403017642,4448.53,die0,4471,4471,0.3,-1,64,64,0
1786403017742,4448.53,die0,4471,4471,0.3,-1,64,64,0
1786403017842,4401.27,die0,4471,4471,0.3,-1,63.8125,63.8125,0
1786403017942,4401.27,die0,4471,4471,0.3,-1,63.8125,63.8125,0
1786403018042,4401.27,die0,4471,4471,0.3,-1,63.8125,63.8125,0
1786403018142,4401.27,die0,4471,4471,0.3,-1,63.8125,63.8125,0
1786403018242,4401.27,die0,4471,4471,0.3,-1,63.8125,63.8125,0
1786403018342,4401.27,die0,4471,4471,0.3,-1,63.8125,63.8125,0
1786403018442,4401.27,die0,4471,4471,0.3,-1,63.8125,63.8125,0
1786403018542,4401.27,die0,4471,4471,0.3,-1,63.8125,63.8125,0
1786403018642,4401.27,die0,4471,4471,0.3,-1,63.8125,63.8125,0
1786403018742,4401.27,die0,4471,4471,0.3,-1,63.8125,63.8125,0
1786403018842,4423.49,die0,4471,4471,0.3,-1,63.9375,63.9375,0
1786403018942,4423.49,die0,4471,4471,0.3,-1,63.9375,63.9375,0
1786403019042,4423.49,die0,4471,4471,0.3,-1,63.9375,63.9375,0
1786403019142,4423.49,die0,4471,4471,0.3,-1,63.9375,63.9375,0
1786403019242,4423.49,die0,4471,4471,0.3,-1,63.9375,63.9375,0
1786403019342,4423.49,die0,4471,4471,0.3,-1,63.9375,63.9375,0
1786403019442,4423.49,die0,4471,4471,0.3,-1,63.9375,63.9375,0
1786403019542,4423.49,die0,4471,4471,0.3,-1,63.9375,63.9375,0
1786403019642,4423.49,die0,4471,4471,0.3,-1,63.9375,63.9375,0
1786403019742,4423.49,die0,4471,4471,0.3,-1,63.9375,63.9375,0
1786403019842,4418.16,die0,4471,4471,0.3,-1,63.9375,63.9375,0
1786403019942,4418.16,die0,4471,4471,0.3,-1,63.9375,63.9375,0
1786403020042,4418.16,die0,4471,4471,0.3,-1,63.9375,63.9375,0
1786403020142,4418.16,die0,4471,4471,0.3,-1,63.9375,63.9375,0
1786403020242,4418.16,die0,4471,4471,0.3,-1,63.9375,63.9375,0
1786403020342,4418.16,die0,4471,4471,0.3,-1,63.9375,63.9375,0
1786403020442,4418.16,die0,4471,4471,0.3,-1,63.9375,63.9375,0
1786403020542,4418.16,die0,4471,4471,0.3,-1,63.9375,63.9375,0
1786403020642,4418.16,die0,4471,4471,0.3,-1,63.9375,63.9375,0
1786403020742,4418.16,die0,4471,4471,0.3,-1,63.9375,63.9375,0
1786403020843,4398.76,die0,4471,4471,0.3,-1,63.875,63.875,0
1786403020942,4398.76,die0,4471,4471,0.3,-1,63.875,63.875,0
1786403021042,4398.76,die0,4471,4471,0.3,-1,63.875,63.875,0
1786403021142,4398.76,die0,4471,4471,0.3,-1,63.875,63.875,0
1786403021242,4398.76,die0,4471,4471,0.3,-1,63.875,63.875,0
1786403021342,4398.76,die0,4471,4471,0.3,-1,63.875,63.875,0
1786403021442,4398.76,die0,4471,4471,0.3,-1,63.875,63.875,0
1786403021542,4398.76,die0,4471,4471,0.3,-1,63.875,63.875,0
1786403021642,4398.76,die0,4471,4471,0.3,-1,63.875,63.875,0
1786403021742,4398.76,die0,4471,4471,0.3,-1,63.875,63.875,0
1786403021842,4393.12,die0,4471,4471,0.3,-1,63.875,63.875,0
1786403021942,4393.12,die0,4471,4471,0.3,-1,63.875,63.875,0
1786403022042,4393.12,die0,4471,4471,0.3,-1,63.875,63.875,0
1786403022142,4393.12,die0,4471,4471,0.3,-1,63.875,63.875,0
1786403022242,4393.12,die0,4471,4471,0.3,-1,63.875,63.875,0
1786403022342,4393.12,die0,4471,4471,0.3,-1,63.875,63.875,0
1786403022442,4393.12,die0,4471,4471,0.3,-1,63.875,63.875,0
1786403022542,4393.12,die0,4471,4471,0.3,-1,63.875,63.875,0
1786403022642,4393.12,die0,4471,4471,0.3,-1,63.875,63.875,0
1786403022742,4393.12,die0,4471,4471,0.3,-1,63.875,63.875,0
1786403022842,4401.57,die0,4471,4471,0.3,-1,63.9375,63.9375,0
1786403022942,4401.57,die0,4471,4471,0.3,-1,63.9375,63.9375,0
1786403023042,4401.57,die0,4471,4471,0.3,-1,63.9375,63.9375,0
1786403023142,4401.57,die0,4471,4471,0.3,-1,63.9375,63.9375,0
1786403023242,4401.57,die0,4471,4471,0.3,-1,63.9375,63.9375,0
1786403023342,4401.57,die0,4471,4471,0.3,-1,63.9375,63.9375,0
1786403023442,4401.57,die0,4471,4471,0.3,-1,63.9375,63.9375,0
1786403023542,4401.57,die0,4471,4471,0.3,-1,63.9375,63.9375,0
1786403023642,4401.57,die0,4471,4471,0.3,-1,63.9375,63.9375,0
1786403023742,4401.57,die0,4471,4471,0.3,-1,63.9375,63.9375,0
1786403023842,4410.33,die0,4471,4471,0.3,-1,64,64,0
1786403023942,4410.33,die0,4471,4471,0.3,-1,64,64,0
1786403024042,4410.33,die0,4471,4471,0.3,-1,64,64,0
1786403024142,4410.33,die0,4471,4471,0.3,-1,64,64,0
1786403024242,4410.33,die0,4471,4471,0.3,-1,64,64,0
1786403024342,4410.33,die0,4471,4471,0.3,-1,64,64,0
1786403024442,4410.33,die0,4471,4471,0.3,-1,64,64,0
1786403024542,4410.33,die0,4471,4471,0.3,-1,64,64,0
1786403024642,4410.33,die0,4471,4471,0.3,-1,64,64,0
1786403024742,4410.33,die0,4471,4471,0.3,-1,64,64,0
1786403024842,4419.4,die0,4471,4471,0.3,-1,64.0625,64.0625,0
1786403024942,4419.4,die0,4471,4471,0.3,-1,64.0625,64.0625,0
1786403025042,4419.4,die0,4471,4471,0.3,-1,64.0625,64.0625,0
1786403025142,4419.4,die0,4471,4471,0.3,-1,64.0625,64.0625,0
1786403025242,4419.4,die0,4471,4471,0.3,-1,64.0625,64.0625,0
1786403025342,4419.4,die0,4471,4471,0.3,-1,64.0625,64.0625,0
1786403025442,4419.4,die0,4471,4471,0.3,-1,64.0625,64.0625,0
1786403025542,4419.4,die0,4471,4471,0.3,-1,64.0625,64.0625,0
1786403025642,4419.4,die0,4471,4471,0.3,-1,64.0625,64.0625,0
1786403025742,4419.4,die0,4471,4471,0.3,-1,64.0625,64.0625,0
1786403025842,4386.54,die0,4471,4471,0.3,-1,63.9375,63.9375,0
1786403025942,4386.54,die0,4471,4471,0.3,-1,63.9375,63.9375,0
1786403026042,4386.54,die0,4471,4471,0.3,-1,63.9375,63.9375,0
1786403026142,4386.54,die0,4471,4471,0.3,-1,63.9375,63.9375,0
1786403026242,4386.54,die0,4471,4471,0.3,-1,63.9375,63.9375,0
1786403026342,4386.54,die0,4471,4471,0.3,-1,63.9375,63.9375,0
1786403026442,4386.54,die0,4471,4471,0.3,-1,63.9375,63.9375,0
1786403026542,4386.54,die0,4471,4471,0.3,-1,63.9375,63.9375,0
1786403026642,4386.54,die0,4471,4471,0.3,-1,63.9375,63.9375,0
1786403026742,4386.54,die0,4471,4471,0.3,-1,63.9375,63.9375,0
1786403026842,4381.22,die0,4471,4471,0.3,-1,63.9375,63.9375,0
1786403026942,4381.22,die0,4471,4471,0.3,-1,63.9375,63.9375,0
1786403027042,4381.22,die0,4471,4471,0.3,-1,63.9375,63.9375,0
1786403027142,4381.22,die0,4471,4471,0.3,-1,63.9375,63.9375,0
1786403027242,4381.22,die0,4471,4471,0.3,-1,63.9375,63.9375,0
1786403027342,4381.22,die0,4471,4471,0.3,-1,63.9375,63.9375,0
1786403027442,4381.22,die0,4471,4471,0.3,-1,63.9375,63.9375,0
1786403027542,4381.22,die0,4471,4471,0.3,-1,63.9375,63.9375,0
1786403027642,4381.22,die0,4471,4471,0.3,-1,63.9375,63.9375,0
1786403027742,4381.22,die0,4471,4471,0.3,-1,63.9375,63.9375,0
1786403027842,4389.98,die0,4471,4471,0.3,-1,64,64,0
1786403027942,4389.98,die0,4471,4471,0.3,-1,64,64,0
1786403028042,4389.98,die0,4471,4471,0.3,-1,64,64,0
1786403028142,4389.98,die0,4471,4471,0.3,-1,64,64,0
1786403028242,4389.98,die0,4471,4471,0.3,-1,64,64,0
1786403028342,4389.98,die0,4471,4471,0.3,-1,64,64,0
1786403028442,4389.98,die0,4471,4471,0.3,-1,64,64,0
1786403028542,4389.98,die0,4471,4471,0.3,-1,64,64,0
1786403028642,4389.98,die0,4471,4471,0.3,-1,64,64,0
1786403028742,4389.98,die0,4471,4471,0.3,-1,64,64,0
1786403028842,4399.05,die0,4471,4471,0.3,-1,64.0625,64.0625,0
1786403028942,4399.05,die0,4471,4471,0.3,-1,64.0625,64.0625,0
1786403029042,4399.05,die0,4471,4471,0.3,-1,64.0625,64.0625,0
1786403029142,4399.05,die0,4471,4471,0.3,-1,64.0625,64.0625,0
1786403029242,4399.05,die0,4471,4471,0.3,-1,64.0625,64.0625,0
1786403029342,4399.05,die0,4471,4471,0.3,-1,64.0625,64.0625,0
1786403029442,4399.05,die0,4471,4471,0.3,-1,64.0625,64.0625,0
1786403029542,4399.05,die0,4471,4471,0.3,-1,64.0625,64.0625,0
1786403029642,4399.05,die0,4471,4471,0.3,-1,64.0625,64.0625,0
1786403029742,4399.05,die0,4471,4471,0.3,-1,64.0625,64.0625,0
1786403029842,4366.19,die0,4471,4471,0.3,-1,63.9375,63.9375,0
1786403029942,4366.19,die0,4471,4471,0.3,-1,63.9375,63.9375,0
1786403030042,4366.19,die0,4471,4471,0.3,-1,63.9375,63.9375,0
1786403030142,4366.19,die0,4471,4471,0.3,-1,63.9375,63.9375,0
1786403030242,4366.19,die0,4471,4471,0.3,-1,63.9375,63.9375,0
1786403030342,4366.19,die0,4471,4471,0.3,-1,63.9375,63.9375,0
1786403030442,4366.19,die0,4471,4471,0.3,-1,63.9375,63.9375,0
1786403030542,4366.19,die0,4471,4471,0.3,-1,63.9375,63.9375,0
1786403030642,4366.19,die0,4471,4471,0.3,-1,63.9375,63.9375,0
1786403030742,4366.19,die0,4471,4471,0.3,-1,63.9375,63.9375,0
1786403030842,4403.11,die0,4471,4471,0.3,-1,64.125,64.125,0
1786403030942,4403.11,die0,4471,4471,0.3,-1,64.125,64.125,0
1786403031043,4403.11,die0,4471,4471,0.3,-1,64.125,64.125,0
1786403031142,4403.11,die0,4471,4471,0.3,-1,64.125,64.125,0
1786403031242,4403.11,die0,4471,4471,0.3,-1,64.125,64.125,0
1786403031346,4403.11,die0,4471,4471,0.3,-1,64.125,64.125,0
1786403031442,4403.11,die0,4471,4471,0.3,-1,64.125,64.125,0
1786403031542,4403.11,die0,4471,4471,0.3,-1,64.125,64.125,0
1786403031642,4403.11,die0,4471,4471,0.3,-1,64.125,64.125,0
1786403031742,4403.11,die0,4471,4471,0.3,-1,64.125,64.125,0
1786403031842,4370.56,die0,4471,4471,0.3,-1,64,64,0
1786403031942,4370.56,die0,4471,4471,0.3,-1,64,64,0
1786403032042,4370.56,die0,4471,4471,0.3,-1,64,64,0
1786403032142,4370.56,die0,4471,4471,0.3,-1,64,64,0
1786403032242,4370.56,die0,4471,4471,0.3,-1,64,64,0
1786403032342,4370.56,die0,4471,4471,0.3,-1,64,64,0
1786403032442,4370.56,die0,4471,4471,0.3,-1,64,64,0
1786403032542,4370.56,die0,4471,4471,0.3,-1,64,64,0
1786403032642,4370.56,die0,4471,4471,0.3,-1,64,64,0
1786403032742,4370.56,die0,4471,4471,0.3,-1,64,64,0
1786403032842,4365.55,die0,4471,4471,0.3,-1,64,64,0
1786403032942,4365.55,die0,4471,4471,0.3,-1,64,64,0
1786403033042,4365.55,die0,4471,4471,0.3,-1,64,64,0
1786403033142,4365.55,die0,4471,4471,0.3,-1,64,64,0
1786403033242,4365.55,die0,4471,4471,0.3,-1,64,64,0
1786403033342,4365.55,die0,4471,4471,0.3,-1,64,64,0
1786403033442,4365.55,die0,4471,4471,0.3,-1,64,64,0
1786403033542,4365.55,die0,4471,4471,0.3,-1,64,64,0
1786403033642,4365.55,die0,4471,4471,0.3,-1,64,64,0
1786403033742,4365.55,die0,4471,4471,0.3,-1,64,64,0
1786403033843,4360.55,die0,4471,4471,0.3,-1,64,64,0
1786403033942,4360.55,die0,4471,4471,0.3,-1,64,64,0
1786403034042,4360.55,die0,4471,4471,0.3,-1,64,64,0
1786403034142,4360.55,die0,4471,4471,0.3,-1,64,64,0
1786403034242,4360.55,die0,4471,4471,0.3,-1,64,64,0
1786403034342,4360.55,die0,4471,4471,0.3,-1,64,64,0
1786403034442,4360.55,die0,4471,4471,0.3,-1,64,64,0
1786403034542,4360.55,die0,4471,4471,0.3,-1,64,64,0
1786403034642,4360.55,die0,4471,4471,0.3,-1,64,64,0
1786403034742,4360.55,die0,4471,4471,0.3,-1,64,64,0
1786403034842,4369.62,die0,4471,4471,0.3,-1,64.0625,64.0625,0
1786403034942,4369.62,die0,4471,4471,0.3,-1,64.0625,64.0625,0
1786403035042,4369.62,die0,4471,4471,0.3,-1,64.0625,64.0625,0
1786403035142,4369.62,die0,4471,4471,0.3,-1,64.0625,64.0625,0
1786403035242,4369.62,die0,4471,4471,0.3,-1,64.0625,64.0625,0
1786403035342,4369.62,die0,4471,4471,0.3,-1,64.0625,64.0625,0
1786403035442,4369.62,die0,4471,4471,0.3,-1,64.0625,64.0625,0
1786403035542,4369.62,die0,4471,4471,0.3,-1,64.0625,64.0625,0
1786403035642,4369.62,die0,4471,4471,0.3,-1,64.0625,64.0625,0
1786403035742,4369.62,die0,4471,4471,0.3,-1,64.0625,64.0625,0
1786403035842,4364.92,die0,4471,4471,0.3,-1,64.0625,64.0625,0
1786403035942,4364.92,die0,4471,4471,0.3,-1,64.0625,64.0625,0
1786403036042,4364.92,die0,4471,4471,0.3,-1,64.0625,64.0625,0
1786403036142,4364.92,die0,4471,4471,0.3,-1,64.0625,64.0625,0
1786403036242,4364.92,die0,4471,4471,0.3,-1,64.0625,64.0625,0
1786403036342,4364.92,die0,4471,4471,0.3,-1,64.0625,64.0625,0
1786403036443,4364.92,die0,4471,4471,0.3,-1,64.0625,64.0625,0
1786403036542,4364.92,die0,4471,4471,0.3,-1,64.0625,64.0625,0
1786403036642,4364.92,die0,4471,4471,0.3,-1,64.0625,64.0625,0
1786403036742,4364.92,die0,4471,4471,0.3,-1,64.0625,64.0625,0
1786403036842,4388.38,die0,4471,4471,0.3,-1,64.1875,64.1875,0
1786403036942,4388.38,die0,4471,4471,0.3,-1,64.1875,64.1875,0
1786403037042,4388.38,die0,4471,4471,0.3,-1,64.1875,64.1875,0
1786403037142,4388.38,die0,4471,4471,0.3,-1,64.1875,64.1875,0
1786403037245,4388.38,die0,4471,4471,0.3,-1,64.1875,64.1875,0
1786403037342,4388.38,die0,4471,4471,0.3,-1,64.1875,64.1875,0
1786403037442,4388.38,die0,4471,4471,0.3,-1,64.1875,64.1875,0
1786403037542,4388.38,die0,4471,4471,0.3,-1,64.1875,64.1875,0
1786403037642,4388.38,die0,4471,4471,0.3,-1,64.1875,64.1875,0
1786403037742,4388.38,die0,4471,4471,0.3,-1,64.1875,64.1875,0
1786403037842,4356.15,die0,4471,4471,0.3,-1,64.0625,64.0625,0
1786403037942,4356.15,die0,4471,4471,0.3,-1,64.0625,64.0625,0
1786403038042,4356.15,die0,4471,4471,0.3,-1,64.0625,64.0625,0
1786403038142,4356.15,die0,4471,4471,0.3,-1,64.0625,64.0625,0
1786403038242,4356.15,die0,4471,4471,0.3,-1,64.0625,64.0625,0
1786403038342,4356.15,die0,4471,4471,0.3,-1,64.0625,64.0625,0
1786403038442,4356.15,die0,4471,4471,0.3,-1,64.0625,64.0625,0
1786403038542,4356.15,die0,4471,4471,0.3,-1,64.0625,64.0625,0
1786403038642,4356.15,die0,4471,4471,0.3,-1,64.0625,64.0625,0
1786403038742,4356.15,die0,4471,4471,0.3,-1,64.0625,64.0625,0
1786403038842,4337.38,die0,4471,4471,0.3,-1,64,64,0
1786403038942,4337.38,die0,4471,4471,0.3,-1,64,64,0
1786403039042,4337.38,die0,4471,4471,0.3,-1,64,64,0
1786403039142,4337.38,die0,4471,4471,0.3,-1,64,64,0
1786403039242,4337.38,die0,4471,4471,0.3,-1,64,64,0
1786403039342,4337.38,die0,4471,4471,0.3,-1,64,64,0
1786403039442,4337.38,die0,4471,4471,0.3,-1,64,64,0
1786403039542,4337.38,die0,4471,4471,0.3,-1,64,64,0
1786403039642,4337.38,die0,4471,4471,0.3,-1,64,64,0
1786403039742,4337.38,die0,4471,4471,0.3,-1,64,64,0
1786403039842,4332.37,die0,4471,4471,0.3,-1,64,64,0
1786403039942,4332.37,die0,4471,4471,0.3,-1,64,64,0
1786403040042,4332.37,die0,4471,4471,0.3,-1,64,64,0
1786403040142,4332.37,die0,4471,4471,0.3,-1,64,64,0
1786403040242,4332.37,die0,4471,4471,0.3,-1,64,64,0
1786403040342,4332.37,die0,4471,4471,0.3,-1,64,64,0
1786403040442,4332.37,die0,4471,4471,0.3,-1,64,64,0
1786403040542,4332.37,die0,4471,4471,0.3,-1,64,64,0
1786403040642,4332.37,die0,4471,4471,0.3,-1,64,64,0
1786403040742,4332.37,die0,4471,4471,0.3,-1,64,64,0
1786403040842,4341.44,die0,4471,4471,0.3,-1,64.0625,64.0625,0
1786403040942,4341.44,die0,4471,4471,0.3,-1,64.0625,64.0625,0
1786403041042,4341.44,die0,4471,4471,0.3,-1,64.0625,64.0625,0
1786403041142,4341.44,die0,4471,4471,0.3,-1,64.0625,64.0625,0
1786403041242,4341.44,die0,4471,4471,0.3,-1,64.0625,64.0625,0
1786403041342,4341.44,die0,4471,4471,0.3,-1,64.0625,64.0625,0
1786403041442,4341.44,die0,4471,4471,0.3,-1,64.0625,64.0625,0
1786403041542,4341.44,die0,4471,4471,0.3,-1,64.0625,64.0625,0
1786403041642,4341.44,die0,4471,4471,0.3,-1,64.0625,64.0625,0
1786403041742,4341.44,die0,4471,4471,0.3,-1,64.0625,64.0625,0
1786403041842,4350.82,die0,4471,4471,0.3,-1,64.125,64.125,0
1786403041942,4350.82,die0,4471,4471,0.3,-1,64.125,64.125,0
1786403042042,4350.82,die0,4471,4471,0.3,-1,64.125,64.125,0
1786403042142,4350.82,die0,4471,4471,0.3,-1,64.125,64.125,0
1786403042242,4350.82,die0,4471,4471,0.3,-1,64.125,64.125,0
1786403042342,4350.82,die0,4471,4471,0.3,-1,64.125,64.125,0
1786403042442,4350.82,die0,4471,4471,0.3,-1,64.125,64.125,0
1786403042542,4350.82,die0,4471,4471,0.3,-1,64.125,64.125,0
1786403042642,4350.82,die0,4471,4471,0.3,-1,64.125,64.125,0
1786403042742,4350.82,die0,4471,4471,0.3,-1,64.125,64.125,0
1786403042842,4332.36,die0,4471,4471,0.3,-1,64.0625,64.0625,0
1786403042942,4332.36,die0,4471,4471,0.3,-1,64.0625,64.0625,0
1786403043042,4332.36,die0,4471,4471,0.3,-1,64.0625,64.0625,0
1786403043142,4332.36,die0,4471,4471,0.3,-1,64.0625,64.0625,0
1786403043242,4332.36,die0,4471,4471,0.3,-1,64.0625,64.0625,0
1786403043342,4332.36,die0,4471,4471,0.3,-1,64.0625,64.0625,0
1786403043442,4332.36,die0,4471,4471,0.3,-1,64.0625,64.0625,0
1786403043542,4332.36,die0,4471,4471,0.3,-1,64.0625,64.0625,0
1786403043642,4332.36,die0,4471,4471,0.3,-1,64.0625,64.0625,0
1786403043742,4332.36,die0,4471,4471,0.3,-1,64.0625,64.0625,0
1786403043842,4355.82,die0,4471,4471,0.3,-1,64.1875,64.1875,0
1786403043942,4355.82,die0,4471,4471,0.3,-1,64.1875,64.1875,0
1786403044042,4355.82,die0,4471,4471,0.3,-1,64.1875,64.1875,0
1786403044142,4355.82,die0,4471,4471,0.3,-1,64.1875,64.1875,0
1786403044242,4355.82,die0,4471,4471,0.3,-1,64.1875,64.1875,0
1786403044342,4355.82,die0,4471,4471,0.3,-1,64.1875,64.1875,0
1786403044442,4355.82,die0,4471,4471,0.3,-1,64.1875,64.1875,0
1786403044542,4355.82,die0,4471,4471,0.3,-1,64.1875,64.1875,0
1786403044642,4355.82,die0,4471,4471,0.3,-1,64.1875,64.1875,0
1786403044742,4355.82,die0,4471,4471,0.3,-1,64.1875,64.1875,0
1786403044842,4323.59,die0,4471,4471,0.3,-1,64.0625,64.0625,0
1786403044942,4323.59,die0,4471,4471,0.3,-1,64.0625,64.0625,0
1786403045042,4323.59,die0,4471,4471,0.3,-1,64.0625,64.0625,0
1786403045142,4323.59,die0,4471,4471,0.3,-1,64.0625,64.0625,0
1786403045242,4323.59,die0,4471,4471,0.3,-1,64.0625,64.0625,0
1786403045342,4323.59,die0,4471,4471,0.3,-1,64.0625,64.0625,0
1786403045442,4323.59,die0,4471,4471,0.3,-1,64.0625,64.0625,0
1786403045542,4323.59,die0,4471,4471,0.3,-1,64.0625,64.0625,0
1786403045642,4323.59,die0,4471,4471,0.3,-1,64.0625,64.0625,0
1786403045742,4323.59,die0,4471,4471,0.3,-1,64.0625,64.0625,0
1786403045842,4318.9,die0,4471,4471,0.3,-1,64.0625,64.0625,0
1786403045942,4318.9,die0,4471,4471,0.3,-1,64.0625,64.0625,0
1786403046042,4318.9,die0,4471,4471,0.3,-1,64.0625,64.0625,0
1786403046142,4318.9,die0,4471,4471,0.3,-1,64.0625,64.0625,0
1786403046242,4318.9,die0,4471,4471,0.3,-1,64.0625,64.0625,0
1786403046342,4318.9,die0,4471,4471,0.3,-1,64.0625,64.0625,0
1786403046442,4318.9,die0,4471,4471,0.3,-1,64.0625,64.0625,0
1786403046542,4318.9,die0,4471,4471,0.3,-1,64.0625,64.0625,0
1786403046642,4318.9,die0,4471,4471,0.3,-1,64.0625,64.0625,0
1786403046742,4318.9,die0,4471,4471,0.3,-1,64.0625,64.0625,0
1786403046843,4314.2,die0,4471,4471,0.3,-1,64.0625,64.0625,0
1786403046942,4314.2,die0,4471,4471,0.3,-1,64.0625,64.0625,0
1786403047042,4314.2,die0,4471,4471,0.3,-1,64.0625,64.0625,0
1786403047142,4314.2,die0,4471,4471,0.3,-1,64.0625,64.0625,0
1786403047242,4314.2,die0,4471,4471,0.3,-1,64.0625,64.0625,0
1786403047342,4314.2,die0,4471,4471,0.3,-1,64.0625,64.0625,0
1786403047442,4314.2,die0,4471,4471,0.3,-1,64.0625,64.0625,0
1786403047542,4314.2,die0,4471,4471,0.3,-1,64.0625,64.0625,0
1786403047642,4314.2,die0,4471,4471,0.3,-1,64.0625,64.0625,0
1786403047742,4314.2,die0,4471,4471,0.3,-1,64.0625,64.0625,0
1786403047842,4323.58,die0,4471,4471,0.3,-1,64.125,64.125,0
1786403047942,4323.58,die0,4471,4471,0.3,-1,64.125,64.125,0
1786403048042,4323.58,die0,4471,4471,0.3,-1,64.125,64.125,0
1786403048142,4323.58,die0,4471,4471,0.3,-1,64.125,64.125,0
1786403048242,4323.58,die0,4471,4471,0.3,-1,64.125,64.125,0
1786403048342,4323.58,die0,4471,4471,0.3,-1,64.125,64.125,0
1786403048442,4323.58,die0,4471,4471,0.3,-1,64.125,64.125,0
1786403048542,4323.58,die0,4471,4471,0.3,-1,64.125,64.125,0
1786403048642,4323.58,die0,4471,4471,0.3,-1,64.125,64.125,0
1786403048743,4323.58,die0,4471,4471,0.3,-1,64.125,64.125,0
1786403048846,4319.2,die0,4471,4471,0.3,-1,64.125,64.125,0
1786403048942,4319.2,die0,4471,4471,0.3,-1,64.125,64.125,0
1786403049042,4319.2,die0,4471,4471,0.3,-1,64.125,64.125,0
1786403049142,4319.2,die0,4471,4471,0.3,-1,64.125,64.125,0
1786403049242,4319.2,die0,4471,4471,0.3,-1,64.125,64.125,0
1786403049342,4319.2,die0,4471,4471,0.3,-1,64.125,64.125,0
1786403049442,4319.2,die0,4471,4471,0.3,-1,64.125,64.125,0
1786403049542,4319.2,die0,4471,4471,0.3,-1,64.125,64.125,0
1786403049642,4319.2,die0,4471,4471,0.3,-1,64.125,64.125,0
1786403049746,4319.2,die0,4471,4471,0.3,-1,64.125,64.125,0
1786403049842,4300.74,die0,4471,4471,0.3,-1,64.0625,64.0625,0
1786403049942,4300.74,die0,4471,4471,0.3,-1,64.0625,64.0625,0
1786403050042,4300.74,die0,4471,4471,0.3,-1,64.0625,64.0625,0
1786403050142,4300.74,die0,4471,4471,0.3,-1,64.0625,64.0625,0
1786403050242,4300.74,die0,4471,4471,0.3,-1,64.0625,64.0625,0
1786403050342,4300.74,die0,4471,4471,0.3,-1,64.0625,64.0625,0
1786403050442,4300.74,die0,4471,4471,0.3,-1,64.0625,64.0625,0
1786403050542,4300.74,die0,4471,4471,0.3,-1,64.0625,64.0625,0
1786403050642,4300.74,die0,4471,4471,0.3,-1,64.0625,64.0625,0
1786403050742,4300.74,die0,4471,4471,0.3,-1,64.0625,64.0625,0
1786403050843,4310.12,die0,4471,4471,0.3,-1,64.125,64.125,0
1786403050942,4310.12,die0,4471,4471,0.3,-1,64.125,64.125,0
1786403051042,4310.12,die0,4471,4471,0.3,-1,64.125,64.125,0
1786403051142,4310.12,die0,4471,4471,0.3,-1,64.125,64.125,0
1786403051242,4310.12,die0,4471,4471,0.3,-1,64.125,64.125,0
1786403051342,4310.12,die0,4471,4471,0.3,-1,64.125,64.125,0
1786403051442,4310.12,die0,4471,4471,0.3,-1,64.125,64.125,0
1786403051542,4310.12,die0,4471,4471,0.3,-1,64.125,64.125,0
1786403051642,4310.12,die0,4471,4471,0.3,-1,64.125,64.125,0
1786403051742,4310.12,die0,4471,4471,0.3,-1,64.125,64.125,0
1786403051842,4291.66,die0,4471,4471,0.3,-1,64.0625,64.0625,0
1786403051942,4291.66,die0,4471,4471,0.3,-1,64.0625,64.0625,0
1786403052042,4291.66,die0,4471,4471,0.3,-1,64.0625,64.0625,0
1786403052142,4291.66,die0,4471,4471,0.3,-1,64.0625,64.0625,0
1786403052242,4291.66,die0,4471,4471,0.3,-1,64.0625,64.0625,0
1786403052342,4291.66,die0,4471,4471,0.3,-1,64.0625,64.0625,0
1786403052442,4291.66,die0,4471,4471,0.3,-1,64.0625,64.0625,0
1786403052542,4291.66,die0,4471,4471,0.3,-1,64.0625,64.0625,0
1786403052642,4291.66,die0,4471,4471,0.3,-1,64.0625,64.0625,0
1786403052742,4291.66,die0,4471,4471,0.3,-1,64.0625,64.0625,0
1786403052842,4315.12,die0,4471,4471,0.3,-1,64.1875,64.1875,0
1786403052942,4315.12,die0,4471,4471,0.3,-1,64.1875,64.1875,0
1786403053042,4315.12,die0,4471,4471,0.3,-1,64.1875,64.1875,0
1786403053142,4315.12,die0,4471,4471,0.3,-1,64.1875,64.1875,0
1786403053242,4315.12,die0,4471,4471,0.3,-1,64.1875,64.1875,0
1786403053343,4315.12,die0,4471,4471,0.3,-1,64.1875,64.1875,0
1786403053442,4315.12,die0,4471,4471,0.3,-1,64.1875,64.1875,0
1786403053542,4315.12,die0,4471,4471,0.3,-1,64.1875,64.1875,0
1786403053642,4315.12,die0,4471,4471,0.3,-1,64.1875,64.1875,0
1786403053742,4315.12,die0,4471,4471,0.3,-1,64.1875,64.1875,0
1786403053842,4325.13,die0,4471,4471,0.3,-1,64.25,64.25,0
1786403053942,4325.13,die0,4471,4471,0.3,-1,64.25,64.25,0
1786403054042,4325.13,die0,4471,4471,0.3,-1,64.25,64.25,0
1786403054142,4325.13,die0,4471,4471,0.3,-1,64.25,64.25,0
1786403054242,4325.13,die0,4471,4471,0.3,-1,64.25,64.25,0
1786403054342,4325.13,die0,4471,4471,0.3,-1,64.25,64.25,0
1786403054442,4325.13,die0,4471,4471,0.3,-1,64.25,64.25,0
1786403054542,4325.13,die0,4471,4471,0.3,-1,64.25,64.25,0
1786403054642,4325.13,die0,4471,4471,0.3,-1,64.25,64.25,0
1786403054742,4325.13,die0,4471,4471,0.3,-1,64.25,64.25,0
1786403054842,4307.29,die0,4471,4471,0.3,-1,64.1875,64.1875,0
1786403054943,4307.29,die0,4471,4471,0.3,-1,64.1875,64.1875,0
1786403055042,4307.29,die0,4471,4471,0.3,-1,64.1875,64.1875,0
1786403055143,4307.29,die0,4471,4471,0.3,-1,64.1875,64.1875,0
1786403055246,4307.29,die0,4471,4471,0.3,-1,64.1875,64.1875,0
1786403055342,4307.29,die0,4471,4471,0.3,-1,64.1875,64.1875,0
1786403055442,4307.29,die0,4471,4471,0.3,-1,64.1875,64.1875,0
1786403055542,4307.29,die0,4471,4471,0.3,-1,64.1875,64.1875,0
1786403055642,4307.29,die0,4471,4471,0.3,-1,64.1875,64.1875,0
1786403055742,4307.29,die0,4471,4471,0.3,-1,64.1875,64.1875,0
1786403055842,4289.14,die0,4471,4471,0.3,-1,64.125,64.125,0
1786403055942,4289.14,die0,4471,4471,0.3,-1,64.125,64.125,0
1786403056042,4289.14,die0,4471,4471,0.3,-1,64.125,64.125,0
1786403056143,4289.14,die0,4471,4471,0.3,-1,64.125,64.125,0
1786403056242,4289.14,die0,4471,4471,0.3,-1,64.125,64.125,0
1786403056342,4289.14,die0,4471,4471,0.3,-1,64.125,64.125,0
1786403056442,4289.14,die0,4471,4471,0.3,-1,64.125,64.125,0
1786403056542,4289.14,die0,4471,4471,0.3,-1,64.125,64.125,0
1786403056642,4289.14,die0,4471,4471,0.3,-1,64.125,64.125,0
1786403056742,4289.14,die0,4471,4471,0.3,-1,64.125,64.125,0
1786403056842,4312.92,die0,4471,4471,0.3,-1,64.25,64.25,0
1786403056942,4312.92,die0,4471,4471,0.3,-1,64.25,64.25,0
1786403057042,4312.92,die0,4471,4471,0.3,-1,64.25,64.25,0
1786403057142,4312.92,die0,4471,4471,0.3,-1,64.25,64.25,0
1786403057242,4312.92,die0,4471,4471,0.3,-1,64.25,64.25,0
1786403057342,4312.92,die0,4471,4471,0.3,-1,64.25,64.25,0
1786403057442,4312.92,die0,4471,4471,0.3,-1,64.25,64.25,0
1786403057542,4312.92,die0,4471,4471,0.3,-1,64.25,64.25,0
1786403057642,4312.92,die0,4471,4471,0.3,-1,64.25,64.25,0
1786403057742,4312.92,die0,4471,4471,0.3,-1,64.25,64.25,0
1786403057842,4281,die0,4471,4471,0.3,-1,64.125,64.125,0
1786403057942,4281,die0,4471,4471,0.3,-1,64.125,64.125,0
1786403058042,4281,die0,4471,4471,0.3,-1,64.125,64.125,0
1786403058142,4281,die0,4471,4471,0.3,-1,64.125,64.125,0
1786403058242,4281,die0,4471,4471,0.3,-1,64.125,64.125,0
1786403058342,4281,die0,4471,4471,0.3,-1,64.125,64.125,0
1786403058442,4281,die0,4471,4471,0.3,-1,64.125,64.125,0
1786403058542,4281,die0,4471,4471,0.3,-1,64.125,64.125,0
1786403058642,4281,die0,4471,4471,0.3,-1,64.125,64.125,0
1786403058742,4281,die0,4471,4471,0.3,-1,64.125,64.125,0
1786403058842,4290.7,die0,4471,4471,0.3,-1,64.1875,64.1875,0
1786403058942,4290.7,die0,4471,4471,0.3,-1,64.1875,64.1875,0
1786403059042,4290.7,die0,4471,4471,0.3,-1,64.1875,64.1875,0
1786403059142,4290.7,die0,4471,4471,0.3,-1,64.1875,64.1875,0
1786403059242,4290.7,die0,4471,4471,0.3,-1,64.1875,64.1875,0
1786403059342,4290.7,die0,4471,4471,0.3,-1,64.1875,64.1875,0
1786403059442,4290.7,die0,4471,4471,0.3,-1,64.1875,64.1875,0
1786403059542,4290.7,die0,4471,4471,0.3,-1,64.1875,64.1875,0
1786403059642,4290.7,die0,4471,4471,0.3,-1,64.1875,64.1875,0
1786403059742,4290.7,die0,4471,4471,0.3,-1,64.1875,64.1875,0
1786403059842,4286.63,die0,4471,4471,0.3,-1,64.1875,64.1875,0
1786403059942,4286.63,die0,4471,4471,0.3,-1,64.1875,64.1875,0
1786403060042,4286.63,die0,4471,4471,0.3,-1,64.1875,64.1875,0
1786403060142,4286.63,die0,4471,4471,0.3,-1,64.1875,64.1875,0
1786403060242,4286.63,die0,4471,4471,0.3,-1,64.1875,64.1875,0
1786403060342,4286.63,die0,4471,4471,0.3,-1,64.1875,64.1875,0
1786403060442,4286.63,die0,4471,4471,0.3,-1,64.1875,64.1875,0
1786403060542,4286.63,die0,4471,4471,0.3,-1,64.1875,64.1875,0
1786403060642,4286.63,die0,4471,4471,0.3,-1,64.1875,64.1875,0
1786403060742,4286.63,die0,4471,4471,0.3,-1,64.1875,64.1875,0
1786403060842,4282.56,die0,4471,4471,0.3,-1,64.1875,64.1875,0
1786403060942,4282.56,die0,4471,4471,0.3,-1,64.1875,64.1875,0
1786403061042,4282.56,die0,4471,4471,0.3,-1,64.1875,64.1875,0
1786403061142,4282.56,die0,4471,4471,0.3,-1,64.1875,64.1875,0
1786403061242,4282.56,die0,4471,4471,0.3,-1,64.1875,64.1875,0
1786403061342,4282.56,die0,4471,4471,0.3,-1,64.1875,64.1875,0
1786403061442,4282.56,die0,4471,4471,0.3,-1,64.1875,64.1875,0
1786403061542,4282.56,die0,4471,4471,0.3,-1,64.1875,64.1875,0
1786403061642,4282.56,die0,4471,4471,0.3,-1,64.1875,64.1875,0
1786403061742,4282.56,die0,4471,4471,0.3,-1,64.1875,64.1875,0
1786403061842,4292.57,die0,4471,4471,0.3,-1,64.25,64.25,0
1786403061942,4292.57,die0,4471,4471,0.3,-1,64.25,64.25,0
1786403062042,4292.57,die0,4471,4471,0.3,-1,64.25,64.25,0
1786403062142,4292.57,die0,4471,4471,0.3,-1,64.25,64.25,0
1786403062242,4292.57,die0,4471,4471,0.3,-1,64.25,64.25,0
1786403062342,4292.57,die0,4471,4471,0.3,-1,64.25,64.25,0
1786403062442,4292.57,die0,4471,4471,0.3,-1,64.25,64.25,0
1786403062542,4292.57,die0,4471,4471,0.3,-1,64.25,64.25,0
1786403062642,4292.57,die0,4471,4471,0.3,-1,64.25,64.25,0
1786403062742,4292.57,die0,4471,4471,0.3,-1,64.25,64.25,0
1786403062842,4274.73,die0,4471,4471,0.3,-1,64.1875,64.1875,0
1786403062942,4274.73,die0,4471,4471,0.3,-1,64.1875,64.1875,0
1786403063042,4274.73,die0,4471,4471,0.3,-1,64.1875,64.1875,0
1786403063142,4274.73,die0,4471,4471,0.3,-1,64.1875,64.1875,0
1786403063242,4274.73,die0,4471,4471,0.3,-1,64.1875,64.1875,0
1786403063342,4274.73,die0,4471,4471,0.3,-1,64.1875,64.1875,0
1786403063442,4274.73,die0,4471,4471,0.3,-1,64.1875,64.1875,0
1786403063542,4274.73,die0,4471,4471,0.3,-1,64.1875,64.1875,0
1786403063646,4274.73,die0,4471,4471,0.3,-1,64.1875,64.1875,0
1786403063742,4274.73,die0,4471,4471,0.3,-1,64.1875,64.1875,0
1786403063842,4284.74,die0,4471,4471,0.3,-1,64.25,64.25,0
1786403063942,4284.74,die0,4471,4471,0.3,-1,64.25,64.25,0
1786403064042,4284.74,die0,4471,4471,0.3,-1,64.25,64.25,0
1786403064143,4284.74,die0,4471,4471,0.3,-1,64.25,64.25,0
1786403064242,4284.74,die0,4471,4471,0.3,-1,64.25,64.25,0
1786403064342,4284.74,die0,4471,4471,0.3,-1,64.25,64.25,0
1786403064442,4284.74,die0,4471,4471,0.3,-1,64.25,64.25,0
1786403064542,4284.74,die0,4471,4471,0.3,-1,64.25,64.25,0
1786403064642,4284.74,die0,4471,4471,0.3,-1,64.25,64.25,0
1786403064742,4284.74,die0,4471,4471,0.3,-1,64.25,64.25,0
1786403064842,4295.06,die0,4471,4471,0.3,-1,64.3125,64.3125,0
1786403064942,4295.06,die0,4471,4471,0.3,-1,64.3125,64.3125,0
1786403065042,4295.06,die0,4471,4471,0.3,-1,64.3125,64.3125,0
1786403065142,4295.06,die0,4471,4471,0.3,-1,64.3125,64.3125,0
1786403065242,4295.06,die0,4471,4471,0.3,-1,64.3125,64.3125,0
1786403065342,4295.06,die0,4471,4471,0.3,-1,64.3125,64.3125,0
1786403065442,4295.06,die0,4471,4471,0.3,-1,64.3125,64.3125,0
1786403065542,4295.06,die0,4471,4471,0.3,-1,64.3125,64.3125,0
1786403065642,4295.06,die0,4471,4471,0.3,-1,64.3125,64.3125,0
1786403065742,4295.06,die0,4471,4471,0.3,-1,64.3125,64.3125,0
1786403065842,4263.46,die0,4471,4471,0.3,-1,64.1875,64.1875,0
1786403065942,4263.46,die0,4471,4471,0.3,-1,64.1875,64.1875,0
1786403066042,4263.46,die0,4471,4471,0.3,-1,64.1875,64.1875,0
1786403066142,4263.46,die0,4471,4471,0.3,-1,64.1875,64.1875,0
1786403066242,4263.46,die0,4471,4471,0.3,-1,64.1875,64.1875,0
1786403066342,4263.46,die0,4471,4471,0.3,-1,64.1875,64.1875,0
1786403066442,4263.46,die0,4471,4471,0.3,-1,64.1875,64.1875,0
1786403066542,4263.46,die0,4471,4471,0.3,-1,64.1875,64.1875,0
1786403066643,4263.46,die0,4471,4471,0.3,-1,64.1875,64.1875,0
1786403066746,4263.46,die0,4471,4471,0.3,-1,64.1875,64.1875,0
1786403066842,4259.39,die0,4471,4471,0.3,-1,64.1875,64.1875,0
1786403066942,4259.39,die0,4471,4471,0.3,-1,64.1875,64.1875,0
1786403067042,4259.39,die0,4471,4471,0.3,-1,64.1875,64.1875,0
1786403067142,4259.39,die0,4471,4471,0.3,-1,64.1875,64.1875,0
1786403067242,4259.39,die0,4471,4471,0.3,-1,64.1875,64.1875,0
1786403067342,4259.39,die0,4471,4471,0.3,-1,64.1875,64.1875,0
1786403067442,4259.39,die0,4471,4471,0.3,-1,64.1875,64.1875,0
1786403067542,4259.39,die0,4471,4471,0.3,-1,64.1875,64.1875,0
1786403067642,4259.39,die0,4471,4471,0.3,-1,64.1875,64.1875,0
1786403067742,4259.39,die0,4471,4471,0.3,-1,64.1875,64.1875,0
1786403067842,4283.48,die0,4471,4471,0.3,-1,64.3125,64.3125,0
1786403067942,4283.48,die0,4471,4471,0.3,-1,64.3125,64.3125,0
1786403068042,4283.48,die0,4471,4471,0.3,-1,64.3125,64.3125,0
1786403068142,4283.48,die0,4471,4471,0.3,-1,64.3125,64.3125,0
1786403068242,4283.48,die0,4471,4471,0.3,-1,64.3125,64.3125,0
1786403068342,4283.48,die0,4471,4471,0.3,-1,64.3125,64.3125,0
1786403068442,4283.48,die0,4471,4471,0.3,-1,64.3125,64.3125,0
1786403068542,4283.48,die0,4471,4471,0.3,-1,64.3125,64.3125,0
1786403068642,4283.48,die0,4471,4471,0.3,-1,64.3125,64.3125,0
1786403068742,4283.48,die0,4471,4471,0.3,-1,64.3125,64.3125,0
1786403068842,4251.88,die0,4471,4471,0.3,-1,64.1875,64.1875,0
1786403068942,4251.88,die0,4471,4471,0.3,-1,64.1875,64.1875,0
1786403069042,4251.88,die0,4471,4471,0.3,-1,64.1875,64.1875,0
1786403069142,4251.88,die0,4471,4471,0.3,-1,64.1875,64.1875,0
1786403069242,4251.88,die0,4471,4471,0.3,-1,64.1875,64.1875,0
1786403069342,4251.88,die0,4471,4471,0.3,-1,64.1875,64.1875,0
1786403069442,4251.88,die0,4471,4471,0.3,-1,64.1875,64.1875,0
1786403069542,4251.88,die0,4471,4471,0.3,-1,64.1875,64.1875,0
1786403069642,4251.88,die0,4471,4471,0.3,-1,64.1875,64.1875,0
1786403069742,4251.88,die0,4471,4471,0.3,-1,64.1875,64.1875,0
1786403069842,4275.97,die0,4471,4471,0.3,-1,64.3125,64.3125,0
1786403069942,4275.97,die0,4471,4471,0.3,-1,64.3125,64.3125,0
1786403070042,4275.97,die0,4471,4471,0.3,-1,64.3125,64.3125,0
1786403070142,4275.97,die0,4471,4471,0.3,-1,64.3125,64.3125,0
1786403070242,4275.97,die0,4471,4471,0.3,-1,64.3125,64.3125,0
1786403070342,4275.97,die0,4471,4471,0.3,-1,64.3125,64.3125,0
1786403070446,4275.97,die0,4471,4471,0.3,-1,64.3125,64.3125,0
1786403070542,4275.97,die0,4471,4471,0.3,-1,64.3125,64.3125,0
1786403070642,4275.97,die0,4471,4471,0.3,-1,64.3125,64.3125,0
1786403070742,4275.97,die0,4471,4471,0.3,-1,64.3125,64.3125,0
1786403070842,4244.36,die0,4471,4471,0.3,-1,64.1875,64.1875,0
1786403070942,4244.36,die0,4471,4471,0.3,-1,64.1875,64.1875,0
1786403071042,4244.36,die0,4471,4471,0.3,-1,64.1875,64.1875,0
1786403071142,4244.36,die0,4471,4471,0.3,-1,64.1875,64.1875,0
1786403071242,4244.36,die0,4471,4471,0.3,-1,64.1875,64.1875,0
1786403071342,4244.36,die0,4471,4471,0.3,-1,64.1875,64.1875,0
1786403071442,4244.36,die0,4471,4471,0.3,-1,64.1875,64.1875,0
1786403071542,4244.36,die0,4471,4471,0.3,-1,64.1875,64.1875,0
1786403071642,4244.36,die0,4471,4471,0.3,-1,64.1875,64.1875,0
1786403071742,4244.36,die0,4471,4471,0.3,-1,64.1875,64.1875,0
1786403071842,4254.37,die0,4471,4471,0.3,-1,64.25,64.25,0
1786403071942,4254.37,die0,4471,4471,0.3,-1,64.25,64.25,0
1786403072042,4254.37,die0,4471,4471,0.3,-1,64.25,64.25,0
1786403072142,4254.37,die0,4471,4471,0.3,-1,64.25,64.25,0
1786403072242,4254.37,die0,4471,4471,0.3,-1,64.25,64.25,0
1786403072342,4254.37,die0,4471,4471,0.3,-1,64.25,64.25,0
1786403072442,4254.37,die0,4471,4471,0.3,-1,64.25,64.25,0
1786403072542,4254.37,die0,4471,4471,0.3,-1,64.25,64.25,0
1786403072642,4254.37,die0,4471,4471,0.3,-1,64.25,64.25,0
1786403072742,4254.37,die0,4471,4471,0.3,-1,64.25,64.25,0
1786403072842,4250.61,die0,4471,4471,0.3,-1,64.25,64.25,0
1786403072942,4250.61,die0,4471,4471,0.3,-1,64.25,64.25,0
1786403073042,4250.61,die0,4471,4471,0.3,-1,64.25,64.25,0
1786403073142,4250.61,die0,4471,4471,0.3,-1,64.25,64.25,0
1786403073242,4250.61,die0,4471,4471,0.3,-1,64.25,64.25,0
1786403073342,4250.61,die0,4471,4471,0.3,-1,64.25,64.25,0
1786403073442,4250.61,die0,4471,4471,0.3,-1,64.25,64.25,0
1786403073542,4250.61,die0,4471,4471,0.3,-1,64.25,64.25,0
1786403073642,4250.61,die0,4471,4471,0.3,-1,64.25,64.25,0
1786403073742,4250.61,die0,4471,4471,0.3,-1,64.25,64.25,0
1786403073842,4260.94,die0,4471,4471,0.3,-1,64.3125,64.3125,0
1786403073942,4260.94,die0,4471,4471,0.3,-1,64.3125,64.3125,0
1786403074042,4260.94,die0,4471,4471,0.3,-1,64.3125,64.3125,0
1786403074142,4260.94,die0,4471,4471,0.3,-1,64.3125,64.3125,0
1786403074242,4260.94,die0,4471,4471,0.3,-1,64.3125,64.3125,0
1786403074342,4260.94,die0,4471,4471,0.3,-1,64.3125,64.3125,0
1786403074442,4260.94,die0,4471,4471,0.3,-1,64.3125,64.3125,0
1786403074542,4260.94,die0,4471,4471,0.3,-1,64.3125,64.3125,0
1786403074642,4260.94,die0,4471,4471,0.3,-1,64.3125,64.3125,0
1786403074742,4260.94,die0,4471,4471,0.3,-1,64.3125,64.3125,0
1786403074843,4243.41,die0,4471,4471,0.3,-1,64.25,64.25,0
1786403074942,4243.41,die0,4471,4471,0.3,-1,64.25,64.25,0
1786403075042,4243.41,die0,4471,4471,0.3,-1,64.25,64.25,0
1786403075142,4243.41,die0,4471,4471,0.3,-1,64.25,64.25,0
1786403075242,4243.41,die0,4471,4471,0.3,-1,64.25,64.25,0
1786403075342,4243.41,die0,4471,4471,0.3,-1,64.25,64.25,0
1786403075442,4243.41,die0,4471,4471,0.3,-1,64.25,64.25,0
1786403075542,4243.41,die0,4471,4471,0.3,-1,64.25,64.25,0
1786403075642,4243.41,die0,4471,4471,0.3,-1,64.25,64.25,0
1786403075742,4243.41,die0,4471,4471,0.3,-1,64.25,64.25,0
1786403075842,4239.66,die0,4471,4471,0.3,-1,64.25,64.25,0
1786403075942,4239.66,die0,4471,4471,0.3,-1,64.25,64.25,0
1786403076042,4239.66,die0,4471,4471,0.3,-1,64.25,64.25,0
1786403076142,4239.66,die0,4471,4471,0.3,-1,64.25,64.25,0
1786403076242,4239.66,die0,4471,4471,0.3,-1,64.25,64.25,0
1786403076342,4239.66,die0,4471,4471,0.3,-1,64.25,64.25,0
1786403076442,4239.66,die0,4471,4471,0.3,-1,64.25,64.25,0
1786403076542,4239.66,die0,4471,4471,0.3,-1,64.25,64.25,0
1786403076642,4239.66,die0,4471,4471,0.3,-1,64.25,64.25,0
1786403076742,4239.66,die0,4471,4471,0.3,-1,64.25,64.25,0
1786403076842,4221.82,die0,4471,4471,0.3,-1,64.1875,64.1875,0
1786403076942,4221.82,die0,4471,4471,0.3,-1,64.1875,64.1875,0
1786403077042,4221.82,die0,4471,4471,0.3,-1,64.1875,64.1875,0
1786403077142,4221.82,die0,4471,4471,0.3,-1,64.1875,64.1875,0
1786403077242,4221.82,die0,4471,4471,0.3,-1,64.1875,64.1875,0
1786403077342,4221.82,die0,4471,4471,0.3,-1,64.1875,64.1875,0
1786403077442,4221.82,die0,4471,4471,0.3,-1,64.1875,64.1875,0
1786403077542,4221.82,die0,4471,4471,0.3,-1,64.1875,64.1875,0
1786403077642,4221.82,die0,4471,4471,0.3,-1,64.1875,64.1875,0
1786403077742,4221.82,die0,4471,4471,0.3,-1,64.1875,64.1875,0
1786403077842,4231.83,die0,4471,4471,0.3,-1,64.25,64.25,0
1786403077942,4231.83,die0,4471,4471,0.3,-1,64.25,64.25,0
1786403078042,4231.83,die0,4471,4471,0.3,-1,64.25,64.25,0
1786403078142,4231.83,die0,4471,4471,0.3,-1,64.25,64.25,0
1786403078242,4231.83,die0,4471,4471,0.3,-1,64.25,64.25,0
1786403078342,4231.83,die0,4471,4471,0.3,-1,64.25,64.25,0
1786403078442,4231.83,die0,4471,4471,0.3,-1,64.25,64.25,0
1786403078542,4231.83,die0,4471,4471,0.3,-1,64.25,64.25,0
1786403078642,4231.83,die0,4471,4471,0.3,-1,64.25,64.25,0
1786403078742,4231.83,die0,4471,4471,0.3,-1,64.25,64.25,0
1786403078842,4228.07,die0,4471,4471,0.3,-1,64.25,64.25,0
1786403078942,4228.07,die0,4471,4471,0.3,-1,64.25,64.25,0
1786403079042,4228.07,die0,4471,4471,0.3,-1,64.25,64.25,0
1786403079142,4228.07,die0,4471,4471,0.3,-1,64.25,64.25,0
1786403079242,4228.07,die0,4471,4471,0.3,-1,64.25,64.25,0
1786403079342,4228.07,die0,4471,4471,0.3,-1,64.25,64.25,0
1786403079442,4228.07,die0,4471,4471,0.3,-1,64.25,64.25,0
1786403079542,4228.07,die0,4471,4471,0.3,-1,64.25,64.25,0
1786403079642,4228.07,die0,4471,4471,0.3,-1,64.25,64.25,0
1786403079742,4228.07,die0,4471,4471,0.3,-1,64.25,64.25,0
1786403079842,4224.31,die0,4471,4471,0.3,-1,64.25,64.25,0
1786403079942,4224.31,die0,4471,4471,0.3,-1,64.25,64.25,0
1786403080042,4224.31,die0,4471,4471,0.3,-1,64.25,64.25,0
1786403080142,4224.31,die0,4471,4471,0.3,-1,64.25,64.25,0
1786403080242,4224.31,die0,4471,4471,0.3,-1,64.25,64.25,0
1786403080342,4224.31,die0,4471,4471,0.3,-1,64.25,64.25,0
1786403080442,4224.31,die0,4471,4471,0.3,-1,64.25,64.25,0
1786403080542,4224.31,die0,4471,4471,0.3,-1,64.25,64.25,0
1786403080642,4224.31,die0,4471,4471,0.3,-1,64.25,64.25,0
1786403080742,4224.31,die0,4471,4471,0.3,-1,64.25,64.25,0
1786403080842,4234.64,die0,4471,4471,0.3,-1,64.3125,64.3125,0
1786403080942,4234.64,die0,4471,4471,0.3,-1,64.3125,64.3125,0
1786403081042,4234.64,die0,4471,4471,0.3,-1,64.3125,64.3125,0
1786403081142,4234.64,die0,4471,4471,0.3,-1,64.3125,64.3125,0
1786403081242,4234.64,die0,4471,4471,0.3,-1,64.3125,64.3125,0
1786403081342,4234.64,die0,4471,4471,0.3,-1,64.3125,64.3125,0
1786403081442,4234.64,die0,4471,4471,0.3,-1,64.3125,64.3125,0
1786403081542,4234.64,die0,4471,4471,0.3,-1,64.3125,64.3125,0
1786403081642,4234.64,die0,4471,4471,0.3,-1,64.3125,64.3125,0
1786403081742,4234.64,die0,4471,4471,0.3,-1,64.3125,64.3125,0
1786403081842,4231.19,die0,4471,4471,0.3,-1,64.3125,64.3125,0
1786403081942,4231.19,die0,4471,4471,0.3,-1,64.3125,64.3125,0
1786403082042,4231.19,die0,4471,4471,0.3,-1,64.3125,64.3125,0
1786403082142,4231.19,die0,4471,4471,0.3,-1,64.3125,64.3125,0
1786403082242,4231.19,die0,4471,4471,0.3,-1,64.3125,64.3125,0
1786403082342,4231.19,die0,4471,4471,0.3,-1,64.3125,64.3125,0
1786403082442,4231.19,die0,4471,4471,0.3,-1,64.3125,64.3125,0
1786403082542,4231.19,die0,4471,4471,0.3,-1,64.3125,64.3125,0
1786403082642,4231.19,die0,4471,4471,0.3,-1,64.3125,64.3125,0
1786403082742,4231.19,die0,4471,4471,0.3,-1,64.3125,64.3125,0
1786403082843,4227.75,die0,4471,4471,0.3,-1,64.3125,64.3125,0
1786403082942,4227.75,die0,4471,4471,0.3,-1,64.3125,64.3125,0
1786403083042,4227.75,die0,4471,4471,0.3,-1,64.3125,64.3125,0
1786403083146,4227.75,die0,4471,4471,0.3,-1,64.3125,64.3125,0
1786403083242,4227.75,die0,4471,4471,0.3,-1,64.3125,64.3125,0
1786403083342,4227.75,die0,4471,4471,0.3,-1,64.3125,64.3125,0
1786403083442,4227.75,die0,4471,4471,0.3,-1,64.3125,64.3125,0
1786403083542,4227.75,die0,4471,4471,0.3,-1,64.3125,64.3125,0
1786403083642,4227.75,die0,4471,4471,0.3,-1,64.3125,64.3125,0
1786403083742,4227.75,die0,4471,4471,0.3,-1,64.3125,64.3125,0
1786403083842,4224.31,die0,4471,4471,0.3,-1,64.3125,64.3125,0
1786403083942,4224.31,die0,4471,4471,0.3,-1,64.3125,64.3125,0
1786403084042,4224.31,die0,4471,4471,0.3,-1,64.3125,64.3125,0
1786403084142,4224.31,die0,4471,4471,0.3,-1,64.3125,64.3125,0
1786403084242,4224.31,die0,4471,4471,0.3,-1,64.3125,64.3125,0
1786403084342,4224.31,die0,4471,4471,0.3,-1,64.3125,64.3125,0
1786403084442,4224.31,die0,4471,4471,0.3,-1,64.3125,64.3125,0
1786403084542,4224.31,die0,4471,4471,0.3,-1,64.3125,64.3125,0
1786403084642,4224.31,die0,4471,4471,0.3,-1,64.3125,64.3125,0
1786403084746,4224.31,die0,4471,4471,0.3,-1,64.3125,64.3125,0
1786403084842,4192.7,die0,4471,4471,0.3,-1,64.1875,64.1875,0
1786403084942,4192.7,die0,4471,4471,0.3,-1,64.1875,64.1875,0
1786403085042,4192.7,die0,4471,4471,0.3,-1,64.1875,64.1875,0
1786403085142,4192.7,die0,4471,4471,0.3,-1,64.1875,64.1875,0
1786403085242,4192.7,die0,4471,4471,0.3,-1,64.1875,64.1875,0
1786403085342,4192.7,die0,4471,4471,0.3,-1,64.1875,64.1875,0
1786403085442,4192.7,die0,4471,4471,0.3,-1,64.1875,64.1875,0
1786403085542,4192.7,die0,4471,4471,0.3,-1,64.1875,64.1875,0
1786403085642,4192.7,die0,4471,4471,0.3,-1,64.1875,64.1875,0
1786403085742,4192.7,die0,4471,4471,0.3,-1,64.1875,64.1875,0
1786403085842,4216.79,die0,4471,4471,0.3,-1,64.3125,64.3125,0
1786403085942,4216.79,die0,4471,4471,0.3,-1,64.3125,64.3125,0
1786403086042,4216.79,die0,4471,4471,0.3,-1,64.3125,64.3125,0
1786403086142,4216.79,die0,4471,4471,0.3,-1,64.3125,64.3125,0
1786403086242,4216.79,die0,4471,4471,0.3,-1,64.3125,64.3125,0
1786403086342,4216.79,die0,4471,4471,0.3,-1,64.3125,64.3125,0
1786403086442,4216.79,die0,4471,4471,0.3,-1,64.3125,64.3125,0
1786403086542,4216.79,die0,4471,4471,0.3,-1,64.3125,64.3125,0
1786403086642,4216.79,die0,4471,4471,0.3,-1,64.3125,64.3125,0
1786403086742,4216.79,die0,4471,4471,0.3,-1,64.3125,64.3125,0
1786403086842,4213.35,die0,4471,4471,0.3,-1,64.3125,64.3125,0
1786403086942,4213.35,die0,4471,4471,0.3,-1,64.3125,64.3125,0
1786403087042,4213.35,die0,4471,4471,0.3,-1,64.3125,64.3125,0
1786403087142,4213.35,die0,4471,4471,0.3,-1,64.3125,64.3125,0
1786403087242,4213.35,die0,4471,4471,0.3,-1,64.3125,64.3125,0
1786403087342,4213.35,die0,4471,4471,0.3,-1,64.3125,64.3125,0
1786403087442,4213.35,die0,4471,4471,0.3,-1,64.3125,64.3125,0
1786403087542,4213.35,die0,4471,4471,0.3,-1,64.3125,64.3125,0
1786403087642,4213.35,die0,4471,4471,0.3,-1,64.3125,64.3125,0
1786403087742,4213.35,die0,4471,4471,0.3,-1,64.3125,64.3125,0
1786403087842,4209.9,die0,4471,4471,0.3,-1,64.3125,64.3125,0
1786403087942,4209.9,die0,4471,4471,0.3,-1,64.3125,64.3125,0
1786403088042,4209.9,die0,4471,4471,0.3,-1,64.3125,64.3125,0
1786403088142,4209.9,die0,4471,4471,0.3,-1,64.3125,64.3125,0
1786403088242,4209.9,die0,4471,4471,0.3,-1,64.3125,64.3125,0
1786403088342,4209.9,die0,4471,4471,0.3,-1,64.3125,64.3125,0
1786403088442,4209.9,die0,4471,4471,0.3,-1,64.3125,64.3125,0
1786403088542,4209.9,die0,4471,4471,0.3,-1,64.3125,64.3125,0
1786403088642,4209.9,die0,4471,4471,0.3,-1,64.3125,64.3125,0
1786403088742,4209.9,die0,4471,4471,0.3,-1,64.3125,64.3125,0
1786403088842,4206.46,die0,4471,4471,0.3,-1,64.3125,64.3125,0
1786403088942,4206.46,die0,4471,4471,0.3,-1,64.3125,64.3125,0
1786403089042,4206.46,die0,4471,4471,0.3,-1,64.3125,64.3125,0
1786403089142,4206.46,die0,4471,4471,0.3,-1,64.3125,64.3125,0
1786403089242,4206.46,die0,4471,4471,0.3,-1,64.3125,64.3125,0
1786403089342,4206.46,die0,4471,4471,0.3,-1,64.3125,64.3125,0
1786403089442,4206.46,die0,4471,4471,0.3,-1,64.3125,64.3125,0
1786403089542,4206.46,die0,4471,4471,0.3,-1,64.3125,64.3125,0
1786403089642,4206.46,die0,4471,4471,0.3,-1,64.3125,64.3125,0
1786403089742,4206.46,die0,4471,4471,0.3,-1,64.3125,64.3125,0
1786403089842,4203.01,die0,4471,4471,0.3,-1,64.3125,64.3125,0
1786403089942,4203.01,die0,4471,4471,0.3,-1,64.3125,64.3125,0
1786403090042,4203.01,die0,4471,4471,0.3,-1,64.3125,64.3125,0
1786403090142,4203.01,die0,4471,4471,0.3,-1,64.3125,64.3125,0
1786403090242,4203.01,die0,4471,4471,0.3,-1,64.3125,64.3125,0
1786403090342,4203.01,die0,4471,4471,0.3,-1,64.3125,64.3125,0
1786403090442,4203.01,die0,4471,4471,0.3,-1,64.3125,64.3125,0
1786403090542,4203.01,die0,4471,4471,0.3,-1,64.3125,64.3125,0
1786403090642,4203.01,die0,4471,4471,0.3,-1,64.3125,64.3125,0
1786403090742,4203.01,die0,4471,4471,0.3,-1,64.3125,64.3125,0
1786403090842,4185.49,die0,4471,4471,0.3,-1,64.25,64.25,0
1786403090942,4185.49,die0,4471,4471,0.3,-1,64.25,64.25,0
1786403091042,4185.49,die0,4471,4471,0.3,-1,64.25,64.25,0
1786403091142,4185.49,die0,4471,4471,0.3,-1,64.25,64.25,0
1786403091242,4185.49,die0,4471,4471,0.3,-1,64.25,64.25,0
1786403091346,4185.49,die0,4471,4471,0.3,-1,64.25,64.25,0
1786403091442,4185.49,die0,4471,4471,0.3,-1,64.25,64.25,0
1786403091542,4185.49,die0,4471,4471,0.3,-1,64.25,64.25,0
1786403091642,4185.49,die0,4471,4471,0.3,-1,64.25,64.25,0
1786403091742,4185.49,die0,4471,4471,0.3,-1,64.25,64.25,0
1786403091842,4195.81,die0,4471,4471,0.3,-1,64.3125,64.3125,0
1786403091942,4195.81,die0,4471,4471,0.3,-1,64.3125,64.3125,0
1786403092042,4195.81,die0,4471,4471,0.3,-1,64.3125,64.3125,0
1786403092142,4195.81,die0,4471,4471,0.3,-1,64.3125,64.3125,0
1786403092242,4195.81,die0,4471,4471,0.3,-1,64.3125,64.3125,0
1786403092342,4195.81,die0,4471,4471,0.3,-1,64.3125,64.3125,0
1786403092442,4195.81,die0,4471,4471,0.3,-1,64.3125,64.3125,0
1786403092542,4195.81,die0,4471,4471,0.3,-1,64.3125,64.3125,0
1786403092642,4195.81,die0,4471,4471,0.3,-1,64.3125,64.3125,0
1786403092742,4195.81,die0,4471,4471,0.3,-1,64.3125,64.3125,0
1786403092842,4164.21,die0,4471,4471,0.3,-1,64.1875,64.1875,0
1786403092942,4164.21,die0,4471,4471,0.3,-1,64.1875,64.1875,0
1786403093042,4164.21,die0,4471,4471,0.3,-1,64.1875,64.1875,0
1786403093142,4164.21,die0,4471,4471,0.3,-1,64.1875,64.1875,0
1786403093242,4164.21,die0,4471,4471,0.3,-1,64.1875,64.1875,0
1786403093342,4164.21,die0,4471,4471,0.3,-1,64.1875,64.1875,0
1786403093442,4164.21,die0,4471,4471,0.3,-1,64.1875,64.1875,0
1786403093542,4164.21,die0,4471,4471,0.3,-1,64.1875,64.1875,0
1786403093642,4164.21,die0,4471,4471,0.3,-1,64.1875,64.1875,0
1786403093742,4164.21,die0,4471,4471,0.3,-1,64.1875,64.1875,0
1786403093842,4188.3,die0,4471,4471,0.3,-1,64.3125,64.3125,0
1786403093942,4188.3,die0,4471,4471,0.3,-1,64.3125,64.3125,0
1786403094042,4188.3,die0,4471,4471,0.3,-1,64.3125,64.3125,0
1786403094142,4188.3,die0,4471,4471,0.3,-1,64.3125,64.3125,0
1786403094242,4188.3,die0,4471,4471,0.3,-1,64.3125,64.3125,0
1786403094342,4188.3,die0,4471,4471,0.3,-1,64.3125,64.3125,0
1786403094442,4188.3,die0,4471,4471,0.3,-1,64.3125,64.3125,0
1786403094542,4188.3,die0,4471,4471,0.3,-1,64.3125,64.3125,0
1786403094642,4188.3,die0,4471,4471,0.3,-1,64.3125,64.3125,0
1786403094742,4188.3,die0,4471,4471,0.3,-1,64.3125,64.3125,0
1786403094842,4198.94,die0,4471,4471,0.3,-1,64.375,64.375,0
1786403094942,4198.94,die0,4471,4471,0.3,-1,64.375,64.375,0
1786403095042,4198.94,die0,4471,4471,0.3,-1,64.375,64.375,0
1786403095142,4198.94,die0,4471,4471,0.3,-1,64.375,64.375,0
1786403095242,4198.94,die0,4471,4471,0.3,-1,64.375,64.375,0
1786403095342,4198.94,die0,4471,4471,0.3,-1,64.375,64.375,0
1786403095443,4198.94,die0,4471,4471,0.3,-1,64.375,64.375,0
1786403095542,4198.94,die0,4471,4471,0.3,-1,64.375,64.375,0
1786403095642,4198.94,die0,4471,4471,0.3,-1,64.375,64.375,0
1786403095742,4198.94,die0,4471,4471,0.3,-1,64.375,64.375,0
1786403095842,4209.89,die0,4471,4471,0.3,-1,64.4375,64.4375,0
1786403095946,4209.89,die0,4471,4471,0.3,-1,64.4375,64.4375,0
1786403096042,4209.89,die0,4471,4471,0.3,-1,64.4375,64.4375,0
1786403096142,4209.89,die0,4471,4471,0.3,-1,64.4375,64.4375,0
1786403096242,4209.89,die0,4471,4471,0.3,-1,64.4375,64.4375,0
1786403096342,4209.89,die0,4471,4471,0.3,-1,64.4375,64.4375,0
1786403096442,4209.89,die0,4471,4471,0.3,-1,64.4375,64.4375,0
1786403096542,4209.89,die0,4471,4471,0.3,-1,64.4375,64.4375,0
1786403096642,4209.89,die0,4471,4471,0.3,-1,64.4375,64.4375,0
1786403096742,4209.89,die0,4471,4471,0.3,-1,64.4375,64.4375,0
1786403096842,4178.91,die0,4471,4471,0.3,-1,64.3125,64.3125,0
1786403096942,4178.91,die0,4471,4471,0.3,-1,64.3125,64.3125,0
1786403097042,4178.91,die0,4471,4471,0.3,-1,64.3125,64.3125,0
1786403097142,4178.91,die0,4471,4471,0.3,-1,64.3125,64.3125,0
1786403097242,4178.91,die0,4471,4471,0.3,-1,64.3125,64.3125,0
1786403097342,4178.91,die0,4471,4471,0.3,-1,64.3125,64.3125,0
1786403097442,4178.91,die0,4471,4471,0.3,-1,64.3125,64.3125,0
1786403097546,4178.91,die0,4471,4471,0.3,-1,64.3125,64.3125,0
1786403097642,4178.91,die0,4471,4471,0.3,-1,64.3125,64.3125,0
1786403097742,4178.91,die0,4471,4471,0.3,-1,64.3125,64.3125,0
1786403097842,4175.46,die0,4471,4471,0.3,-1,64.3125,64.3125,0
1786403097942,4175.46,die0,4471,4471,0.3,-1,64.3125,64.3125,0
1786403098042,4175.46,die0,4471,4471,0.3,-1,64.3125,64.3125,0
1786403098142,4175.46,die0,4471,4471,0.3,-1,64.3125,64.3125,0
1786403098242,4175.46,die0,4471,4471,0.3,-1,64.3125,64.3125,0
1786403098342,4175.46,die0,4471,4471,0.3,-1,64.3125,64.3125,0
1786403098442,4175.46,die0,4471,4471,0.3,-1,64.3125,64.3125,0
1786403098542,4175.46,die0,4471,4471,0.3,-1,64.3125,64.3125,0
1786403098642,4175.46,die0,4471,4471,0.3,-1,64.3125,64.3125,0
1786403098742,4175.46,die0,4471,4471,0.3,-1,64.3125,64.3125,0
1786403098842,4157.94,die0,4471,4471,0.3,-1,64.25,64.25,0
1786403098942,4157.94,die0,4471,4471,0.3,-1,64.25,64.25,0
1786403099042,4157.94,die0,4471,4471,0.3,-1,64.25,64.25,0
1786403099142,4157.94,die0,4471,4471,0.3,-1,64.25,64.25,0
1786403099243,4157.94,die0,4471,4471,0.3,-1,64.25,64.25,0
1786403099342,4157.94,die0,4471,4471,0.3,-1,64.25,64.25,0
1786403099442,4157.94,die0,4471,4471,0.3,-1,64.25,64.25,0
1786403099542,4157.94,die0,4471,4471,0.3,-1,64.25,64.25,0
1786403099642,4157.94,die0,4471,4471,0.3,-1,64.25,64.25,0
1786403099742,4157.94,die0,4471,4471,0.3,-1,64.25,64.25,0
1786403099842,4182.34,die0,4471,4471,0.3,-1,64.375,64.375,0
1786403099942,4182.34,die0,4471,4471,0.3,-1,64.375,64.375,0
1786403100042,4182.34,die0,4471,4471,0.3,-1,64.375,64.375,0
1786403100142,4182.34,die0,4471,4471,0.3,-1,64.375,64.375,0
1786403100242,4182.34,die0,4471,4471,0.3,-1,64.375,64.375,0
1786403100342,4182.34,die0,4471,4471,0.3,-1,64.375,64.375,0
1786403100442,4182.34,die0,4471,4471,0.3,-1,64.375,64.375,0
1786403100542,4182.34,die0,4471,4471,0.3,-1,64.375,64.375,0
1786403100642,4182.34,die0,4471,4471,0.3,-1,64.375,64.375,0
1786403100742,4182.34,die0,4471,4471,0.3,-1,64.375,64.375,0
1786403100842,4179.21,die0,4471,4471,0.3,-1,64.375,64.375,0
1786403100942,4179.21,die0,4471,4471,0.3,-1,64.375,64.375,0
1786403101042,4179.21,die0,4471,4471,0.3,-1,64.375,64.375,0
1786403101142,4179.21,die0,4471,4471,0.3,-1,64.375,64.375,0
1786403101242,4179.21,die0,4471,4471,0.3,-1,64.375,64.375,0
1786403101342,4179.21,die0,4471,4471,0.3,-1,64.375,64.375,0
1786403101442,4179.21,die0,4471,4471,0.3,-1,64.375,64.375,0
1786403101542,4179.21,die0,4471,4471,0.3,-1,64.375,64.375,0
1786403101642,4179.21,die0,4471,4471,0.3,-1,64.375,64.375,0
1786403101742,4179.21,die0,4471,4471,0.3,-1,64.375,64.375,0
1786403101842,4162,die0,4471,4471,0.3,-1,64.3125,64.3125,0
1786403101942,4162,die0,4471,4471,0.3,-1,64.3125,64.3125,0
1786403102042,4162,die0,4471,4471,0.3,-1,64.3125,64.3125,0
1786403102142,4162,die0,4471,4471,0.3,-1,64.3125,64.3125,0
1786403102242,4162,die0,4471,4471,0.3,-1,64.3125,64.3125,0
1786403102342,4162,die0,4471,4471,0.3,-1,64.3125,64.3125,0
1786403102442,4162,die0,4471,4471,0.3,-1,64.3125,64.3125,0
1786403102542,4162,die0,4471,4471,0.3,-1,64.3125,64.3125,0
1786403102642,4162,die0,4471,4471,0.3,-1,64.3125,64.3125,0
1786403102742,4162,die0,4471,4471,0.3,-1,64.3125,64.3125,0
1786403102842,4158.56,die0,4471,4471,0.3,-1,64.3125,64.3125,0
1786403102942,4158.56,die0,4471,4471,0.3,-1,64.3125,64.3125,0
1786403103042,4158.56,die0,4471,4471,0.3,-1,64.3125,64.3125,0
1786403103142,4158.56,die0,4471,4471,0.3,-1,64.3125,64.3125,0
1786403103242,4158.56,die0,4471,4471,0.3,-1,64.3125,64.3125,0
1786403103342,4158.56,die0,4471,4471,0.3,-1,64.3125,64.3125,0
1786403103442,4158.56,die0,4471,4471,0.3,-1,64.3125,64.3125,0
1786403103542,4158.56,die0,4471,4471,0.3,-1,64.3125,64.3125,0
1786403103642,4158.56,die0,4471,4471,0.3,-1,64.3125,64.3125,0
1786403103742,4158.56,die0,4471,4471,0.3,-1,64.3125,64.3125,0
1786403103842,4155.11,die0,4471,4471,0.3,-1,64.3125,64.3125,0
1786403103942,4155.11,die0,4471,4471,0.3,-1,64.3125,64.3125,0
1786403104042,4155.11,die0,4471,4471,0.3,-1,64.3125,64.3125,0
1786403104142,4155.11,die0,4471,4471,0.3,-1,64.3125,64.3125,0
1786403104242,4155.11,die0,4471,4471,0.3,-1,64.3125,64.3125,0
1786403104342,4155.11,die0,4471,4471,0.3,-1,64.3125,64.3125,0
1786403104442,4155.11,die0,4471,4471,0.3,-1,64.3125,64.3125,0
1786403104542,4155.11,die0,4471,4471,0.3,-1,64.3125,64.3125,0
1786403104642,4155.11,die0,4471,4471,0.3,-1,64.3125,64.3125,0
1786403104742,4155.11,die0,4471,4471,0.3,-1,64.3125,64.3125,0
1786403104842,4151.67,die0,4471,4471,0.3,-1,64.3125,64.3125,0
1786403104942,4151.67,die0,4471,4471,0.3,-1,64.3125,64.3125,0
1786403105042,4151.67,die0,4471,4471,0.3,-1,64.3125,64.3125,0
1786403105142,4151.67,die0,4471,4471,0.3,-1,64.3125,64.3125,0
1786403105242,4151.67,die0,4471,4471,0.3,-1,64.3125,64.3125,0
1786403105342,4151.67,die0,4471,4471,0.3,-1,64.3125,64.3125,0
1786403105442,4151.67,die0,4471,4471,0.3,-1,64.3125,64.3125,0
1786403105543,4151.67,die0,4471,4471,0.3,-1,64.3125,64.3125,0
1786403105642,4151.67,die0,4471,4471,0.3,-1,64.3125,64.3125,0
1786403105742,4151.67,die0,4471,4471,0.3,-1,64.3125,64.3125,0
1786403105842,4148.22,die0,4471,4471,0.3,-1,64.3125,64.3125,0
1786403105942,4148.22,die0,4471,4471,0.3,-1,64.3125,64.3125,0
1786403106042,4148.22,die0,4471,4471,0.3,-1,64.3125,64.3125,0
1786403106142,4148.22,die0,4471,4471,0.3,-1,64.3125,64.3125,0
1786403106242,4148.22,die0,4471,4471,0.3,-1,64.3125,64.3125,0
1786403106342,4148.22,die0,4471,4471,0.3,-1,64.3125,64.3125,0
1786403106442,4148.22,die0,4471,4471,0.3,-1,64.3125,64.3125,0
1786403106542,4148.22,die0,4471,4471,0.3,-1,64.3125,64.3125,0
1786403106642,4148.22,die0,4471,4471,0.3,-1,64.3125,64.3125,0
1786403106742,4148.22,die0,4471,4471,0.3,-1,64.3125,64.3125,0
1786403106842,4158.86,die0,4471,4471,0.3,-1,64.375,64.375,0
1786403106943,4158.86,die0,4471,4471,0.3,-1,64.375,64.375,0
1786403107042,4158.86,die0,4471,4471,0.3,-1,64.375,64.375,0
1786403107142,4158.86,die0,4471,4471,0.3,-1,64.375,64.375,0
1786403107242,4158.86,die0,4471,4471,0.3,-1,64.375,64.375,0
1786403107342,4158.86,die0,4471,4471,0.3,-1,64.375,64.375,0
1786403107442,4158.86,die0,4471,4471,0.3,-1,64.375,64.375,0
1786403107542,4158.86,die0,4471,4471,0.3,-1,64.375,64.375,0
1786403107642,4158.86,die0,4471,4471,0.3,-1,64.375,64.375,0
1786403107742,4158.86,die0,4471,4471,0.3,-1,64.375,64.375,0
1786403107842,4141.65,die0,4471,4471,0.3,-1,64.3125,64.3125,0
1786403107942,4141.65,die0,4471,4471,0.3,-1,64.3125,64.3125,0
1786403108042,4141.65,die0,4471,4471,0.3,-1,64.3125,64.3125,0
1786403108142,4141.65,die0,4471,4471,0.3,-1,64.3125,64.3125,0
1786403108242,4141.65,die0,4471,4471,0.3,-1,64.3125,64.3125,0
1786403108342,4141.65,die0,4471,4471,0.3,-1,64.3125,64.3125,0
1786403108442,4141.65,die0,4471,4471,0.3,-1,64.3125,64.3125,0
1786403108546,4141.65,die0,4471,4471,0.3,-1,64.3125,64.3125,0
1786403108642,4141.65,die0,4471,4471,0.3,-1,64.3125,64.3125,0
1786403108742,4141.65,die0,4471,4471,0.3,-1,64.3125,64.3125,0
1786403108842,4138.2,die0,4471,4471,0.3,-1,64.3125,64.3125,0
1786403108942,4138.2,die0,4471,4471,0.3,-1,64.3125,64.3125,0
1786403109042,4138.2,die0,4471,4471,0.3,-1,64.3125,64.3125,0
1786403109142,4138.2,die0,4471,4471,0.3,-1,64.3125,64.3125,0
1786403109242,4138.2,die0,4471,4471,0.3,-1,64.3125,64.3125,0
1786403109342,4138.2,die0,4471,4471,0.3,-1,64.3125,64.3125,0
1786403109442,4138.2,die0,4471,4471,0.3,-1,64.3125,64.3125,0
1786403109542,4138.2,die0,4471,4471,0.3,-1,64.3125,64.3125,0
1786403109642,4138.2,die0,4471,4471,0.3,-1,64.3125,64.3125,0
1786403109742,4138.2,die0,4471,4471,0.3,-1,64.3125,64.3125,0
1786403109842,4120.68,die0,4471,4471,0.3,-1,64.25,64.25,0
1786403109942,4120.68,die0,4471,4471,0.3,-1,64.25,64.25,0
1786403110042,4120.68,die0,4471,4471,0.3,-1,64.25,64.25,0
1786403110142,4120.68,die0,4471,4471,0.3,-1,64.25,64.25,0
1786403110242,4120.68,die0,4471,4471,0.3,-1,64.25,64.25,0
1786403110342,4120.68,die0,4471,4471,0.3,-1,64.25,64.25,0
1786403110442,4120.68,die0,4471,4471,0.3,-1,64.25,64.25,0
1786403110542,4120.68,die0,4471,4471,0.3,-1,64.25,64.25,0
1786403110642,4120.68,die0,4471,4471,0.3,-1,64.25,64.25,0
1786403110742,4120.68,die0,4471,4471,0.3,-1,64.25,64.25,0
1786403110842,4116.92,die0,4471,4471,0.3,-1,64.25,64.25,0
1786403110943,4116.92,die0,4471,4471,0.3,-1,64.25,64.25,0
1786403111046,4116.92,die0,4471,4471,0.3,-1,64.25,64.25,0
1786403111142,4116.92,die0,4471,4471,0.3,-1,64.25,64.25,0
1786403111242,4116.92,die0,4471,4471,0.3,-1,64.25,64.25,0
1786403111342,4116.92,die0,4471,4471,0.3,-1,64.25,64.25,0
1786403111442,4116.92,die0,4471,4471,0.3,-1,64.25,64.25,0
1786403111542,4116.92,die0,4471,4471,0.3,-1,64.25,64.25,0
1786403111642,4116.92,die0,4471,4471,0.3,-1,64.25,64.25,0
1786403111742,4116.92,die0,4471,4471,0.3,-1,64.25,64.25,0
1786403111842,4141.33,die0,4471,4471,0.3,-1,64.375,64.375,0
1786403111942,4141.33,die0,4471,4471,0.3,-1,64.375,64.375,0
1786403112042,4141.33,die0,4471,4471,0.3,-1,64.375,64.375,0
1786403112142,4141.33,die0,4471,4471,0.3,-1,64.375,64.375,0
1786403112242,4141.33,die0,4471,4471,0.3,-1,64.375,64.375,0
1786403112342,4141.33,die0,4471,4471,0.3,-1,64.375,64.375,0
1786403112442,4141.33,die0,4471,4471,0.3,-1,64.375,64.375,0
1786403112542,4141.33,die0,4471,4471,0.3,-1,64.375,64.375,0
1786403112642,4141.33,die0,4471,4471,0.3,-1,64.375,64.375,0
1786403112742,4141.33,die0,4471,4471,0.3,-1,64.375,64.375,0
1786403112842,4138.2,die0,4471,4471,0.3,-1,64.375,64.375,0
1786403112942,4138.2,die0,4471,4471,0.3,-1,64.375,64.375,0
1786403113042,4138.2,die0,4471,4471,0.3,-1,64.375,64.375,0
1786403113142,4138.2,die0,4471,4471,0.3,-1,64.375,64.375,0
1786403113243,4138.2,die0,4471,4471,0.3,-1,64.375,64.375,0
1786403113342,4138.2,die0,4471,4471,0.3,-1,64.375,64.375,0
1786403113442,4138.2,die0,4471,4471,0.3,-1,64.375,64.375,0
1786403113542,4138.2,die0,4471,4471,0.3,-1,64.375,64.375,0
1786403113642,4138.2,die0,4471,4471,0.3,-1,64.375,64.375,0
1786403113742,4138.2,die0,4471,4471,0.3,-1,64.375,64.375,0
1786403113842,4106.9,die0,4471,4471,0.3,-1,64.25,64.25,0
1786403113943,4106.9,die0,4471,4471,0.3,-1,64.25,64.25,0
1786403114042,4106.9,die0,4471,4471,0.3,-1,64.25,64.25,0
1786403114142,4106.9,die0,4471,4471,0.3,-1,64.25,64.25,0
1786403114242,4106.9,die0,4471,4471,0.3,-1,64.25,64.25,0
1786403114342,4106.9,die0,4471,4471,0.3,-1,64.25,64.25,0
1786403114442,4106.9,die0,4471,4471,0.3,-1,64.25,64.25,0
1786403114542,4106.9,die0,4471,4471,0.3,-1,64.25,64.25,0
1786403114642,4106.9,die0,4471,4471,0.3,-1,64.25,64.25,0
1786403114742,4106.9,die0,4471,4471,0.3,-1,64.25,64.25,0
1786403114842,4117.23,die0,4471,4471,0.3,-1,64.3125,64.3125,0
1786403114942,4117.23,die0,4471,4471,0.3,-1,64.3125,64.3125,0
1786403115042,4117.23,die0,4471,4471,0.3,-1,64.3125,64.3125,0
1786403115142,4117.23,die0,4471,4471,0.3,-1,64.3125,64.3125,0
1786403115242,4117.23,die0,4471,4471,0.3,-1,64.3125,64.3125,0
1786403115342,4117.23,die0,4471,4471,0.3,-1,64.3125,64.3125,0
1786403115442,4117.23,die0,4471,4471,0.3,-1,64.3125,64.3125,0
1786403115542,4117.23,die0,4471,4471,0.3,-1,64.3125,64.3125,0
1786403115642,4117.23,die0,4471,4471,0.3,-1,64.3125,64.3125,0
1786403115742,4117.23,die0,4471,4471,0.3,-1,64.3125,64.3125,0
1786403115842,4113.78,die0,4471,4471,0.3,-1,64.3125,64.3125,0
1786403115942,4113.78,die0,4471,4471,0.3,-1,64.3125,64.3125,0
1786403116042,4113.78,die0,4471,4471,0.3,-1,64.3125,64.3125,0
1786403116142,4113.78,die0,4471,4471,0.3,-1,64.3125,64.3125,0
1786403116242,4113.78,die0,4471,4471,0.3,-1,64.3125,64.3125,0
1786403116342,4113.78,die0,4471,4471,0.3,-1,64.3125,64.3125,0
1786403116442,4113.78,die0,4471,4471,0.3,-1,64.3125,64.3125,0
1786403116542,4113.78,die0,4471,4471,0.3,-1,64.3125,64.3125,0
1786403116642,4113.78,die0,4471,4471,0.3,-1,64.3125,64.3125,0
1786403116742,4113.78,die0,4471,4471,0.3,-1,64.3125,64.3125,0
1786403116842,4110.34,die0,4471,4471,0.3,-1,64.3125,64.3125,0
1786403116942,4110.34,die0,4471,4471,0.3,-1,64.3125,64.3125,0
1786403117042,4110.34,die0,4471,4471,0.3,-1,64.3125,64.3125,0
1786403117143,4110.34,die0,4471,4471,0.3,-1,64.3125,64.3125,0
1786403117242,4110.34,die0,4471,4471,0.3,-1,64.3125,64.3125,0
1786403117342,4110.34,die0,4471,4471,0.3,-1,64.3125,64.3125,0
1786403117442,4110.34,die0,4471,4471,0.3,-1,64.3125,64.3125,0
1786403117542,4110.34,die0,4471,4471,0.3,-1,64.3125,64.3125,0
1786403117642,4110.34,die0,4471,4471,0.3,-1,64.3125,64.3125,0
1786403117742,4110.34,die0,4471,4471,0.3,-1,64.3125,64.3125,0
1786403117842,4106.89,die0,4471,4471,0.3,-1,64.3125,64.3125,0
1786403117942,4106.89,die0,4471,4471,0.3,-1,64.3125,64.3125,0
1786403118042,4106.89,die0,4471,4471,0.3,-1,64.3125,64.3125,0
1786403118142,4106.89,die0,4471,4471,0.3,-1,64.3125,64.3125,0
1786403118242,4106.89,die0,4471,4471,0.3,-1,64.3125,64.3125,0
1786403118342,4106.89,die0,4471,4471,0.3,-1,64.3125,64.3125,0
1786403118442,4106.89,die0,4471,4471,0.3,-1,64.3125,64.3125,0
1786403118542,4106.89,die0,4471,4471,0.3,-1,64.3125,64.3125,0
1786403118642,4106.89,die0,4471,4471,0.3,-1,64.3125,64.3125,0
1786403118743,4106.89,die0,4471,4471,0.3,-1,64.3125,64.3125,0
1786403118843,4131.61,die0,4471,4471,0.3,-1,64.4375,64.4375,0
1786403118942,4131.61,die0,4471,4471,0.3,-1,64.4375,64.4375,0
1786403119042,4131.61,die0,4471,4471,0.3,-1,64.4375,64.4375,0
1786403119142,4131.61,die0,4471,4471,0.3,-1,64.4375,64.4375,0
1786403119242,4131.61,die0,4471,4471,0.3,-1,64.4375,64.4375,0
1786403119342,4131.61,die0,4471,4471,0.3,-1,64.4375,64.4375,0
1786403119442,4131.61,die0,4471,4471,0.3,-1,64.4375,64.4375,0
1786403119546,4131.61,die0,4471,4471,0.3,-1,64.4375,64.4375,0
1786403119642,4131.61,die0,4471,4471,0.3,-1,64.4375,64.4375,0
1786403119742,4131.61,die0,4471,4471,0.3,-1,64.4375,64.4375,0
1786403119842,4100.63,die0,4471,4471,0.3,-1,64.3125,64.3125,0
1786403119942,4100.63,die0,4471,4471,0.3,-1,64.3125,64.3125,0
1786403120042,4100.63,die0,4471,4471,0.3,-1,64.3125,64.3125,0
1786403120142,4100.63,die0,4471,4471,0.3,-1,64.3125,64.3125,0
1786403120242,4100.63,die0,4471,4471,0.3,-1,64.3125,64.3125,0
1786403120342,4100.63,die0,4471,4471,0.3,-1,64.3125,64.3125,0
1786403120442,4100.63,die0,4471,4471,0.3,-1,64.3125,64.3125,0
1786403120542,4100.63,die0,4471,4471,0.3,-1,64.3125,64.3125,0
1786403120642,4100.63,die0,4471,4471,0.3,-1,64.3125,64.3125,0
1786403120742,4100.63,die0,4471,4471,0.3,-1,64.3125,64.3125,0
1786403120842,4083.11,die0,4471,4471,0.3,-1,64.25,64.25,0
1786403120942,4083.11,die0,4471,4471,0.3,-1,64.25,64.25,0
1786403121042,4083.11,die0,4471,4471,0.3,-1,64.25,64.25,0
1786403121142,4083.11,die0,4471,4471,0.3,-1,64.25,64.25,0
1786403121242,4083.11,die0,4471,4471,0.3,-1,64.25,64.25,0
1786403121342,4083.11,die0,4471,4471,0.3,-1,64.25,64.25,0
1786403121442,4083.11,die0,4471,4471,0.3,-1,64.25,64.25,0
1786403121542,4083.11,die0,4471,4471,0.3,-1,64.25,64.25,0
1786403121642,4083.11,die0,4471,4471,0.3,-1,64.25,64.25,0
1786403121742,4083.11,die0,4471,4471,0.3,-1,64.25,64.25,0
1786403121842,4093.43,die0,4471,4471,0.3,-1,64.3125,64.3125,0
1786403121942,4093.43,die0,4471,4471,0.3,-1,64.3125,64.3125,0
1786403122042,4093.43,die0,4471,4471,0.3,-1,64.3125,64.3125,0
1786403122142,4093.43,die0,4471,4471,0.3,-1,64.3125,64.3125,0
1786403122242,4093.43,die0,4471,4471,0.3,-1,64.3125,64.3125,0
1786403122343,4093.43,die0,4471,4471,0.3,-1,64.3125,64.3125,0
1786403122442,4093.43,die0,4471,4471,0.3,-1,64.3125,64.3125,0
1786403122543,4093.43,die0,4471,4471,0.3,-1,64.3125,64.3125,0
1786403122643,4093.43,die0,4471,4471,0.3,-1,64.3125,64.3125,0
1786403122742,4093.43,die0,4471,4471,0.3,-1,64.3125,64.3125,0
1786403122842,4104.07,die0,4471,4471,0.3,-1,64.375,64.375,0
1786403122943,4104.07,die0,4471,4471,0.3,-1,64.375,64.375,0
1786403123043,4104.07,die0,4471,4471,0.3,-1,64.375,64.375,0
1786403123143,4104.07,die0,4471,4471,0.3,-1,64.375,64.375,0
1786403123243,4104.07,die0,4471,4471,0.3,-1,64.375,64.375,0
1786403123343,4104.07,die0,4471,4471,0.3,-1,64.375,64.375,0
1786403123443,4104.07,die0,4471,4471,0.3,-1,64.375,64.375,0
1786403123543,4104.07,die0,4471,4471,0.3,-1,64.375,64.375,0
1786403123642,4104.07,die0,4471,4471,0.3,-1,64.375,64.375,0
1786403123743,4104.07,die0,4471,4471,0.3,-1,64.375,64.375,0
1786403123843,4086.86,die0,4471,4471,0.3,-1,64.3125,64.3125,0
1786403123942,4086.86,die0,4471,4471,0.3,-1,64.3125,64.3125,0
1786403124043,4086.86,die0,4471,4471,0.3,-1,64.3125,64.3125,0
1786403124143,4086.86,die0,4471,4471,0.3,-1,64.3125,64.3125,0
1786403124242,4086.86,die0,4471,4471,0.3,-1,64.3125,64.3125,0
1786403124343,4086.86,die0,4471,4471,0.3,-1,64.3125,64.3125,0
1786403124443,4086.86,die0,4471,4471,0.3,-1,64.3125,64.3125,0
1786403124542,4086.86,die0,4471,4471,0.3,-1,64.3125,64.3125,0
1786403124643,4086.86,die0,4471,4471,0.3,-1,64.3125,64.3125,0
1786403124743,4086.86,die0,4471,4471,0.3,-1,64.3125,64.3125,0
1786403124842,4097.49,die0,4471,4471,0.3,-1,64.375,64.375,0
1786403124943,4097.49,die0,4471,4471,0.3,-1,64.375,64.375,0
1786403125043,4097.49,die0,4471,4471,0.3,-1,64.375,64.375,0
1786403125143,4097.49,die0,4471,4471,0.3,-1,64.375,64.375,0
1786403125243,4097.49,die0,4471,4471,0.3,-1,64.375,64.375,0
1786403125343,4097.49,die0,4471,4471,0.3,-1,64.375,64.375,0
1786403125443,4097.49,die0,4471,4471,0.3,-1,64.375,64.375,0
1786403125543,4097.49,die0,4471,4471,0.3,-1,64.375,64.375,0
1786403125642,4097.49,die0,4471,4471,0.3,-1,64.375,64.375,0
1786403125743,4097.49,die0,4471,4471,0.3,-1,64.375,64.375,0
1786403125843,4080.28,die0,4471,4471,0.3,-1,64.3125,64.3125,0
1786403125943,4080.28,die0,4471,4471,0.3,-1,64.3125,64.3125,0
1786403126043,4080.28,die0,4471,4471,0.3,-1,64.3125,64.3125,0
1786403126143,4080.28,die0,4471,4471,0.3,-1,64.3125,64.3125,0
1786403126242,4080.28,die0,4471,4471,0.3,-1,64.3125,64.3125,0
1786403126343,4080.28,die0,4471,4471,0.3,-1,64.3125,64.3125,0
1786403126442,4080.28,die0,4471,4471,0.3,-1,64.3125,64.3125,0
1786403126542,4080.28,die0,4471,4471,0.3,-1,64.3125,64.3125,0
1786403126643,4080.28,die0,4471,4471,0.3,-1,64.3125,64.3125,0
1786403126742,4080.28,die0,4471,4471,0.3,-1,64.3125,64.3125,0
1786403126843,4090.92,die0,4471,4471,0.3,-1,64.375,64.375,0
1786403126943,4090.92,die0,4471,4471,0.3,-1,64.375,64.375,0
1786403127043,4090.92,die0,4471,4471,0.3,-1,64.375,64.375,0
1786403127142,4090.92,die0,4471,4471,0.3,-1,64.375,64.375,0
1786403127242,4090.92,die0,4471,4471,0.3,-1,64.375,64.375,0
1786403127343,4090.92,die0,4471,4471,0.3,-1,64.375,64.375,0
1786403127442,4090.92,die0,4471,4471,0.3,-1,64.375,64.375,0
1786403127543,4090.92,die0,4471,4471,0.3,-1,64.375,64.375,0
1786403127642,4090.92,die0,4471,4471,0.3,-1,64.375,64.375,0
1786403127743,4090.92,die0,4471,4471,0.3,-1,64.375,64.375,0
1786403127842,4101.87,die0,4471,4471,0.3,-1,64.4375,64.4375,0
1786403127943,4101.87,die0,4471,4471,0.3,-1,64.4375,64.4375,0
1786403128043,4101.87,die0,4471,4471,0.3,-1,64.4375,64.4375,0
1786403128143,4101.87,die0,4471,4471,0.3,-1,64.4375,64.4375,0
1786403128242,4101.87,die0,4471,4471,0.3,-1,64.4375,64.4375,0
1786403128342,4101.87,die0,4471,4471,0.3,-1,64.4375,64.4375,0
1786403128442,4101.87,die0,4471,4471,0.3,-1,64.4375,64.4375,0
1786403128543,4101.87,die0,4471,4471,0.3,-1,64.4375,64.4375,0
1786403128642,4101.87,die0,4471,4471,0.3,-1,64.4375,64.4375,0
1786403128742,4101.87,die0,4471,4471,0.3,-1,64.4375,64.4375,0
1786403128843,4056.81,die0,4471,4471,0.3,-1,64.25,64.25,0
1786403128943,4056.81,die0,4471,4471,0.3,-1,64.25,64.25,0
1786403129043,4056.81,die0,4471,4471,0.3,-1,64.25,64.25,0
1786403129142,4056.81,die0,4471,4471,0.3,-1,64.25,64.25,0
1786403129243,4056.81,die0,4471,4471,0.3,-1,64.25,64.25,0
1786403129342,4056.81,die0,4471,4471,0.3,-1,64.25,64.25,0
1786403129442,4056.81,die0,4471,4471,0.3,-1,64.25,64.25,0
1786403129542,4056.81,die0,4471,4471,0.3,-1,64.25,64.25,0
1786403129642,4056.81,die0,4471,4471,0.3,-1,64.25,64.25,0
1786403129743,4056.81,die0,4471,4471,0.3,-1,64.25,64.25,0
1786403129843,4081.21,die0,4471,4471,0.3,-1,64.375,64.375,0
1786403129942,4081.21,die0,4471,4471,0.3,-1,64.375,64.375,0
1786403130042,4081.21,die0,4471,4471,0.3,-1,64.375,64.375,0
1786403130142,4081.21,die0,4471,4471,0.3,-1,64.375,64.375,0
1786403130242,4081.21,die0,4471,4471,0.3,-1,64.375,64.375,0
1786403130343,4081.21,die0,4471,4471,0.3,-1,64.375,64.375,0
1786403130442,4081.21,die0,4471,4471,0.3,-1,64.375,64.375,0
1786403130543,4081.21,die0,4471,4471,0.3,-1,64.375,64.375,0
1786403130643,4081.21,die0,4471,4471,0.3,-1,64.375,64.375,0
1786403130742,4081.21,die0,4471,4471,0.3,-1,64.375,64.375,0
1786403130842,4064,die0,4471,4471,0.3,-1,64.3125,64.3125,0
1786403130943,4064,die0,4471,4471,0.3,-1,64.3125,64.3125,0
1786403131043,4064,die0,4471,4471,0.3,-1,64.3125,64.3125,0
1786403131143,4064,die0,4471,4471,0.3,-1,64.3125,64.3125,0
1786403131243,4064,die0,4471,4471,0.3,-1,64.3125,64.3125,0
1786403131342,4064,die0,4471,4471,0.3,-1,64.3125,64.3125,0
1786403131443,4064,die0,4471,4471,0.3,-1,64.3125,64.3125,0
1786403131542,4064,die0,4471,4471,0.3,-1,64.3125,64.3125,0
1786403131642,4064,die0,4471,4471,0.3,-1,64.3125,64.3125,0
1786403131743,4064,die0,4471,4471,0.3,-1,64.3125,64.3125,0
1786403131843,4088.72,die0,4471,4471,0.3,-1,64.4375,64.4375,0
1786403131943,4088.72,die0,4471,4471,0.3,-1,64.4375,64.4375,0
1786403132043,4088.72,die0,4471,4471,0.3,-1,64.4375,64.4375,0
1786403132143,4088.72,die0,4471,4471,0.3,-1,64.4375,64.4375,0
1786403132243,4088.72,die0,4471,4471,0.3,-1,64.4375,64.4375,0
1786403132343,4088.72,die0,4471,4471,0.3,-1,64.4375,64.4375,0
1786403132443,4088.72,die0,4471,4471,0.3,-1,64.4375,64.4375,0
1786403132543,4088.72,die0,4471,4471,0.3,-1,64.4375,64.4375,0
1786403132643,4088.72,die0,4471,4471,0.3,-1,64.4375,64.4375,0
1786403132742,4088.72,die0,4471,4471,0.3,-1,64.4375,64.4375,0
1786403132842,4071.82,die0,4471,4471,0.3,-1,64.375,64.375,0
1786403132943,4071.82,die0,4471,4471,0.3,-1,64.375,64.375,0
1786403133043,4071.82,die0,4471,4471,0.3,-1,64.375,64.375,0
1786403133143,4071.82,die0,4471,4471,0.3,-1,64.375,64.375,0
1786403133243,4071.82,die0,4471,4471,0.3,-1,64.375,64.375,0
1786403133342,4071.82,die0,4471,4471,0.3,-1,64.375,64.375,0
1786403133443,4071.82,die0,4471,4471,0.3,-1,64.375,64.375,0
1786403133542,4071.82,die0,4471,4471,0.3,-1,64.375,64.375,0
1786403133643,4071.82,die0,4471,4471,0.3,-1,64.375,64.375,0
1786403133743,4071.82,die0,4471,4471,0.3,-1,64.375,64.375,0
1786403133842,4068.69,die0,4471,4471,0.3,-1,64.375,64.375,0
1786403133943,4068.69,die0,4471,4471,0.3,-1,64.375,64.375,0
1786403134043,4068.69,die0,4471,4471,0.3,-1,64.375,64.375,0
1786403134143,4068.69,die0,4471,4471,0.3,-1,64.375,64.375,0
1786403134243,4068.69,die0,4471,4471,0.3,-1,64.375,64.375,0
1786403134342,4068.69,die0,4471,4471,0.3,-1,64.375,64.375,0
1786403134443,4068.69,die0,4471,4471,0.3,-1,64.375,64.375,0
1786403134542,4068.69,die0,4471,4471,0.3,-1,64.375,64.375,0
1786403134642,4068.69,die0,4471,4471,0.3,-1,64.375,64.375,0
1786403134743,4068.69,die0,4471,4471,0.3,-1,64.375,64.375,0
1786403134842,4051.48,die0,4471,4471,0.3,-1,64.3125,64.3125,0
1786403134943,4051.48,die0,4471,4471,0.3,-1,64.3125,64.3125,0
1786403135043,4051.48,die0,4471,4471,0.3,-1,64.3125,64.3125,0
1786403135142,4051.48,die0,4471,4471,0.3,-1,64.3125,64.3125,0
1786403135243,4051.48,die0,4471,4471,0.3,-1,64.3125,64.3125,0
1786403135345,4051.48,die0,4471,4471,0.3,-1,64.3125,64.3125,0
1786403135442,4051.48,die0,4471,4471,0.3,-1,64.3125,64.3125,0
1786403135543,4051.48,die0,4471,4471,0.3,-1,64.3125,64.3125,0
1786403135643,4051.48,die0,4471,4471,0.3,-1,64.3125,64.3125,0
1786403135743,4051.48,die0,4471,4471,0.3,-1,64.3125,64.3125,0
1786403135843,4033.95,die0,4471,4471,0.3,-1,64.25,64.25,0
1786403135942,4033.95,die0,4471,4471,0.3,-1,64.25,64.25,0
1786403136043,4033.95,die0,4471,4471,0.3,-1,64.25,64.25,0
1786403136143,4033.95,die0,4471,4471,0.3,-1,64.25,64.25,0
1786403136243,4033.95,die0,4471,4471,0.3,-1,64.25,64.25,0
1786403136343,4033.95,die0,4471,4471,0.3,-1,64.25,64.25,0
1786403136443,4033.95,die0,4471,4471,0.3,-1,64.25,64.25,0
1786403136543,4033.95,die0,4471,4471,0.3,-1,64.25,64.25,0
1786403136643,4033.95,die0,4471,4471,0.3,-1,64.25,64.25,0
1786403136743,4033.95,die0,4471,4471,0.3,-1,64.25,64.25,0
1786403136842,4044.28,die0,4471,4471,0.3,-1,64.3125,64.3125,0
1786403136943,4044.28,die0,4471,4471,0.3,-1,64.3125,64.3125,0
1786403137042,4044.28,die0,4471,4471,0.3,-1,64.3125,64.3125,0
1786403137143,4044.28,die0,4471,4471,0.3,-1,64.3125,64.3125,0
1786403137243,4044.28,die0,4471,4471,0.3,-1,64.3125,64.3125,0
1786403137343,4044.28,die0,4471,4471,0.3,-1,64.3125,64.3125,0
1786403137442,4044.28,die0,4471,4471,0.3,-1,64.3125,64.3125,0
1786403137543,4044.28,die0,4471,4471,0.3,-1,64.3125,64.3125,0
1786403137642,4044.28,die0,4471,4471,0.3,-1,64.3125,64.3125,0
1786403137742,4044.28,die0,4471,4471,0.3,-1,64.3125,64.3125,0
1786403137843,4068.99,die0,4471,4471,0.3,-1,64.4375,64.4375,0
1786403137942,4068.99,die0,4471,4471,0.3,-1,64.4375,64.4375,0
1786403138043,4068.99,die0,4471,4471,0.3,-1,64.4375,64.4375,0
1786403138142,4068.99,die0,4471,4471,0.3,-1,64.4375,64.4375,0
1786403138243,4068.99,die0,4471,4471,0.3,-1,64.4375,64.4375,0
1786403138343,4068.99,die0,4471,4471,0.3,-1,64.4375,64.4375,0
1786403138443,4068.99,die0,4471,4471,0.3,-1,64.4375,64.4375,0
1786403138543,4068.99,die0,4471,4471,0.3,-1,64.4375,64.4375,0
1786403138643,4068.99,die0,4471,4471,0.3,-1,64.4375,64.4375,0
1786403138743,4068.99,die0,4471,4471,0.3,-1,64.4375,64.4375,0
1786403138843,4023.93,die0,4471,4471,0.3,-1,64.25,64.25,0
1786403138943,4023.93,die0,4471,4471,0.3,-1,64.25,64.25,0
1786403139043,4023.93,die0,4471,4471,0.3,-1,64.25,64.25,0
1786403139142,4023.93,die0,4471,4471,0.3,-1,64.25,64.25,0
1786403139242,4023.93,die0,4471,4471,0.3,-1,64.25,64.25,0
1786403139342,4023.93,die0,4471,4471,0.3,-1,64.25,64.25,0
1786403139442,4023.93,die0,4471,4471,0.3,-1,64.25,64.25,0
1786403139542,4023.93,die0,4471,4471,0.3,-1,64.25,64.25,0
1786403139643,4023.93,die0,4471,4471,0.3,-1,64.25,64.25,0
1786403139743,4023.93,die0,4471,4471,0.3,-1,64.25,64.25,0
1786403139843,4034.26,die0,4471,4471,0.3,-1,64.3125,64.3125,0
1786403139943,4034.26,die0,4471,4471,0.3,-1,64.3125,64.3125,0
1786403140043,4034.26,die0,4471,4471,0.3,-1,64.3125,64.3125,0
1786403140143,4034.26,die0,4471,4471,0.3,-1,64.3125,64.3125,0
1786403140243,4034.26,die0,4471,4471,0.3,-1,64.3125,64.3125,0
1786403140343,4034.26,die0,4471,4471,0.3,-1,64.3125,64.3125,0
1786403140443,4034.26,die0,4471,4471,0.3,-1,64.3125,64.3125,0
1786403140543,4034.26,die0,4471,4471,0.3,-1,64.3125,64.3125,0
1786403140643,4034.26,die0,4471,4471,0.3,-1,64.3125,64.3125,0
1786403140743,4034.26,die0,4471,4471,0.3,-1,64.3125,64.3125,0
1786403140842,4044.89,die0,4471,4471,0.3,-1,64.375,64.375,0
1786403140943,4044.89,die0,4471,4471,0.3,-1,64.375,64.375,0
1786403141043,4044.89,die0,4471,4471,0.3,-1,64.375,64.375,0
1786403141143,4044.89,die0,4471,4471,0.3,-1,64.375,64.375,0
1786403141242,4044.89,die0,4471,4471,0.3,-1,64.375,64.375,0
1786403141343,4044.89,die0,4471,4471,0.3,-1,64.375,64.375,0
1786403141442,4044.89,die0,4471,4471,0.3,-1,64.375,64.375,0
1786403141543,4044.89,die0,4471,4471,0.3,-1,64.375,64.375,0
1786403141643,4044.89,die0,4471,4471,0.3,-1,64.375,64.375,0
1786403141742,4044.89,die0,4471,4471,0.3,-1,64.375,64.375,0
1786403141843,4027.68,die0,4471,4471,0.3,-1,64.3125,64.3125,0
1786403141943,4027.68,die0,4471,4471,0.3,-1,64.3125,64.3125,0
1786403142043,4027.68,die0,4471,4471,0.3,-1,64.3125,64.3125,0
1786403142143,4027.68,die0,4471,4471,0.3,-1,64.3125,64.3125,0
1786403142243,4027.68,die0,4471,4471,0.3,-1,64.3125,64.3125,0
1786403142343,4027.68,die0,4471,4471,0.3,-1,64.3125,64.3125,0
1786403142442,4027.68,die0,4471,4471,0.3,-1,64.3125,64.3125,0
1786403142543,4027.68,die0,4471,4471,0.3,-1,64.3125,64.3125,0
1786403142643,4027.68,die0,4471,4471,0.3,-1,64.3125,64.3125,0
1786403142743,4027.68,die0,4471,4471,0.3,-1,64.3125,64.3125,0
1786403142842,4038.32,die0,4471,4471,0.3,-1,64.375,64.375,0
1786403142942,4038.32,die0,4471,4471,0.3,-1,64.375,64.375,0
1786403143043,4038.32,die0,4471,4471,0.3,-1,64.375,64.375,0
1786403143143,4038.32,die0,4471,4471,0.3,-1,64.375,64.375,0
1786403143243,4038.32,die0,4471,4471,0.3,-1,64.375,64.375,0
1786403143343,4038.32,die0,4471,4471,0.3,-1,64.375,64.375,0
1786403143443,4038.32,die0,4471,4471,0.3,-1,64.375,64.375,0
1786403143542,4038.32,die0,4471,4471,0.3,-1,64.375,64.375,0
1786403143643,4038.32,die0,4471,4471,0.3,-1,64.375,64.375,0
1786403143743,4038.32,die0,4471,4471,0.3,-1,64.375,64.375,0
1786403143842,4049.27,die0,4471,4471,0.3,-1,64.4375,64.4375,0
1786403143943,4049.27,die0,4471,4471,0.3,-1,64.4375,64.4375,0
1786403144042,4049.27,die0,4471,4471,0.3,-1,64.4375,64.4375,0
1786403144143,4049.27,die0,4471,4471,0.3,-1,64.4375,64.4375,0
1786403144243,4049.27,die0,4471,4471,0.3,-1,64.4375,64.4375,0
1786403144342,4049.27,die0,4471,4471,0.3,-1,64.4375,64.4375,0
1786403144443,4049.27,die0,4471,4471,0.3,-1,64.4375,64.4375,0
1786403144543,4049.27,die0,4471,4471,0.3,-1,64.4375,64.4375,0
1786403144642,4049.27,die0,4471,4471,0.3,-1,64.4375,64.4375,0
1786403144743,4049.27,die0,4471,4471,0.3,-1,64.4375,64.4375,0
1786403144843,4046.45,die0,4471,4471,0.3,-1,64.4375,64.4375,0
1786403144943,4046.45,die0,4471,4471,0.3,-1,64.4375,64.4375,0
1786403145043,4046.45,die0,4471,4471,0.3,-1,64.4375,64.4375,0
1786403145143,4046.45,die0,4471,4471,0.3,-1,64.4375,64.4375,0
1786403145243,4046.45,die0,4471,4471,0.3,-1,64.4375,64.4375,0
1786403145343,4046.45,die0,4471,4471,0.3,-1,64.4375,64.4375,0
1786403145443,4046.45,die0,4471,4471,0.3,-1,64.4375,64.4375,0
1786403145543,4046.45,die0,4471,4471,0.3,-1,64.4375,64.4375,0
1786403145643,4046.45,die0,4471,4471,0.3,-1,64.4375,64.4375,0
1786403145742,4046.45,die0,4471,4471,0.3,-1,64.4375,64.4375,0
1786403145842,4029.55,die0,4471,4471,0.3,-1,64.375,64.375,0
1786403145943,4029.55,die0,4471,4471,0.3,-1,64.375,64.375,0
1786403146043,4029.55,die0,4471,4471,0.3,-1,64.375,64.375,0
1786403146142,4029.55,die0,4471,4471,0.3,-1,64.375,64.375,0
1786403146243,4029.55,die0,4471,4471,0.3,-1,64.375,64.375,0
1786403146343,4029.55,die0,4471,4471,0.3,-1,64.375,64.375,0
1786403146443,4029.55,die0,4471,4471,0.3,-1,64.375,64.375,0
1786403146543,4029.55,die0,4471,4471,0.3,-1,64.375,64.375,0
1786403146643,4029.55,die0,4471,4471,0.3,-1,64.375,64.375,0
1786403146743,4029.55,die0,4471,4471,0.3,-1,64.375,64.375,0
1786403146842,4026.42,die0,4471,4471,0.3,-1,64.375,64.375,0
1786403146943,4026.42,die0,4471,4471,0.3,-1,64.375,64.375,0
1786403147043,4026.42,die0,4471,4471,0.3,-1,64.375,64.375,0
1786403147142,4026.42,die0,4471,4471,0.3,-1,64.375,64.375,0
1786403147243,4026.42,die0,4471,4471,0.3,-1,64.375,64.375,0
1786403147343,4026.42,die0,4471,4471,0.3,-1,64.375,64.375,0
1786403147442,4026.42,die0,4471,4471,0.3,-1,64.375,64.375,0
1786403147543,4026.42,die0,4471,4471,0.3,-1,64.375,64.375,0
1786403147643,4026.42,die0,4471,4471,0.3,-1,64.375,64.375,0
1786403147743,4026.42,die0,4471,4471,0.3,-1,64.375,64.375,0
1786403147842,4023.29,die0,4471,4471,0.3,-1,64.375,64.375,0
1786403147943,4023.29,die0,4471,4471,0.3,-1,64.375,64.375,0
1786403148042,4023.29,die0,4471,4471,0.3,-1,64.375,64.375,0
1786403148142,4023.29,die0,4471,4471,0.3,-1,64.375,64.375,0
1786403148243,4023.29,die0,4471,4471,0.3,-1,64.375,64.375,0
1786403148343,4023.29,die0,4471,4471,0.3,-1,64.375,64.375,0
1786403148443,4023.29,die0,4471,4471,0.3,-1,64.375,64.375,0
1786403148542,4023.29,die0,4471,4471,0.3,-1,64.375,64.375,0
1786403148642,4023.29,die0,4471,4471,0.3,-1,64.375,64.375,0
1786403148743,4023.29,die0,4471,4471,0.3,-1,64.375,64.375,0
1786403148842,4020.16,die0,4471,4471,0.3,-1,64.375,64.375,0
1786403148942,4020.16,die0,4471,4471,0.3,-1,64.375,64.375,0
1786403149043,4020.16,die0,4471,4471,0.3,-1,64.375,64.375,0
1786403149143,4020.16,die0,4471,4471,0.3,-1,64.375,64.375,0
1786403149243,4020.16,die0,4471,4471,0.3,-1,64.375,64.375,0
1786403149343,4020.16,die0,4471,4471,0.3,-1,64.375,64.375,0
1786403149443,4020.16,die0,4471,4471,0.3,-1,64.375,64.375,0
1786403149543,4020.16,die0,4471,4471,0.3,-1,64.375,64.375,0
1786403149642,4020.16,die0,4471,4471,0.3,-1,64.375,64.375,0
1786403149743,4020.16,die0,4471,4471,0.3,-1,64.375,64.375,0
1786403149843,4017.03,die0,4471,4471,0.3,-1,64.375,64.375,0
1786403149942,4017.03,die0,4471,4471,0.3,-1,64.375,64.375,0
1786403150043,4017.03,die0,4471,4471,0.3,-1,64.375,64.375,0
1786403150143,4017.03,die0,4471,4471,0.3,-1,64.375,64.375,0
1786403150243,4017.03,die0,4471,4471,0.3,-1,64.375,64.375,0
1786403150342,4017.03,die0,4471,4471,0.3,-1,64.375,64.375,0
1786403150442,4017.03,die0,4471,4471,0.3,-1,64.375,64.375,0
1786403150543,4017.03,die0,4471,4471,0.3,-1,64.375,64.375,0
1786403150642,4017.03,die0,4471,4471,0.3,-1,64.375,64.375,0
1786403150743,4017.03,die0,4471,4471,0.3,-1,64.375,64.375,0
1786403150843,4013.9,die0,4471,4471,0.3,-1,64.375,64.375,0
1786403150943,4013.9,die0,4471,4471,0.3,-1,64.375,64.375,0
1786403151043,4013.9,die0,4471,4471,0.3,-1,64.375,64.375,0
1786403151143,4013.9,die0,4471,4471,0.3,-1,64.375,64.375,0
1786403151243,4013.9,die0,4471,4471,0.3,-1,64.375,64.375,0
1786403151343,4013.9,die0,4471,4471,0.3,-1,64.375,64.375,0
1786403151443,4013.9,die0,4471,4471,0.3,-1,64.375,64.375,0
1786403151542,4013.9,die0,4471,4471,0.3,-1,64.375,64.375,0
1786403151643,4013.9,die0,4471,4471,0.3,-1,64.375,64.375,0
1786403151743,4013.9,die0,4471,4471,0.3,-1,64.375,64.375,0
1786403151843,4024.85,die0,4471,4471,0.3,-1,64.4375,64.4375,0
1786403151943,4024.85,die0,4471,4471,0.3,-1,64.4375,64.4375,0
1786403152043,4024.85,die0,4471,4471,0.3,-1,64.4375,64.4375,0
1786403152143,4024.85,die0,4471,4471,0.3,-1,64.4375,64.4375,0
1786403152243,4024.85,die0,4471,4471,0.3,-1,64.4375,64.4375,0
1786403152343,4024.85,die0,4471,4471,0.3,-1,64.4375,64.4375,0
1786403152443,4024.85,die0,4471,4471,0.3,-1,64.4375,64.4375,0
1786403152542,4024.85,die0,4471,4471,0.3,-1,64.4375,64.4375,0
1786403152643,4024.85,die0,4471,4471,0.3,-1,64.4375,64.4375,0
1786403152743,4024.85,die0,4471,4471,0.3,-1,64.4375,64.4375,0
1786403152843,4022.03,die0,4471,4471,0.3,-1,64.4375,64.4375,0
1786403152943,4022.03,die0,4471,4471,0.3,-1,64.4375,64.4375,0
1786403153042,4022.03,die0,4471,4471,0.3,-1,64.4375,64.4375,0
1786403153143,4022.03,die0,4471,4471,0.3,-1,64.4375,64.4375,0
1786403153243,4022.03,die0,4471,4471,0.3,-1,64.4375,64.4375,0
1786403153342,4022.03,die0,4471,4471,0.3,-1,64.4375,64.4375,0
1786403153443,4022.03,die0,4471,4471,0.3,-1,64.4375,64.4375,0
1786403153543,4022.03,die0,4471,4471,0.3,-1,64.4375,64.4375,0
1786403153643,4022.03,die0,4471,4471,0.3,-1,64.4375,64.4375,0
1786403153743,4022.03,die0,4471,4471,0.3,-1,64.4375,64.4375,0
1786403153842,4019.21,die0,4471,4471,0.3,-1,64.4375,64.4375,0
1786403153943,4019.21,die0,4471,4471,0.3,-1,64.4375,64.4375,0
1786403154043,4019.21,die0,4471,4471,0.3,-1,64.4375,64.4375,0
1786403154143,4019.21,die0,4471,4471,0.3,-1,64.4375,64.4375,0
1786403154243,4019.21,die0,4471,4471,0.3,-1,64.4375,64.4375,0
1786403154342,4019.21,die0,4471,4471,0.3,-1,64.4375,64.4375,0
1786403154443,4019.21,die0,4471,4471,0.3,-1,64.4375,64.4375,0
1786403154543,4019.21,die0,4471,4471,0.3,-1,64.4375,64.4375,0
1786403154643,4019.21,die0,4471,4471,0.3,-1,64.4375,64.4375,0
1786403154743,4019.21,die0,4471,4471,0.3,-1,64.4375,64.4375,0
1786403154842,4016.39,die0,4471,4471,0.3,-1,64.4375,64.4375,0
1786403154943,4016.39,die0,4471,4471,0.3,-1,64.4375,64.4375,0
1786403155042,4016.39,die0,4471,4471,0.3,-1,64.4375,64.4375,0
1786403155142,4016.39,die0,4471,4471,0.3,-1,64.4375,64.4375,0
1786403155243,4016.39,die0,4471,4471,0.3,-1,64.4375,64.4375,0
1786403155343,4016.39,die0,4471,4471,0.3,-1,64.4375,64.4375,0
1786403155442,4016.39,die0,4471,4471,0.3,-1,64.4375,64.4375,0
1786403155543,4016.39,die0,4471,4471,0.3,-1,64.4375,64.4375,0
1786403155643,4016.39,die0,4471,4471,0.3,-1,64.4375,64.4375,0
1786403155743,4016.39,die0,4471,4471,0.3,-1,64.4375,64.4375,0
1786403155842,4013.57,die0,4471,4471,0.3,-1,64.4375,64.4375,0
1786403155942,4013.57,die0,4471,4471,0.3,-1,64.4375,64.4375,0
1786403156043,4013.57,die0,4471,4471,0.3,-1,64.4375,64.4375,0
1786403156143,4013.57,die0,4471,4471,0.3,-1,64.4375,64.4375,0
1786403156242,4013.57,die0,4471,4471,0.3,-1,64.4375,64.4375,0
1786403156343,4013.57,die0,4471,4471,0.3,-1,64.4375,64.4375,0
1786403156443,4013.57,die0,4471,4471,0.3,-1,64.4375,64.4375,0
1786403156542,4013.57,die0,4471,4471,0.3,-1,64.4375,64.4375,0
1786403156643,4013.57,die0,4471,4471,0.3,-1,64.4375,64.4375,0
1786403156743,4013.57,die0,4471,4471,0.3,-1,64.4375,64.4375,0
1786403156842,3996.68,die0,4471,4471,0.3,-1,64.375,64.375,0
1786403156943,3996.68,die0,4471,4471,0.3,-1,64.375,64.375,0
1786403157042,3996.68,die0,4471,4471,0.3,-1,64.375,64.375,0
1786403157143,3996.68,die0,4471,4471,0.3,-1,64.375,64.375,0
1786403157242,3996.68,die0,4471,4471,0.3,-1,64.375,64.375,0
1786403157343,3996.68,die0,4471,4471,0.3,-1,64.375,64.375,0
1786403157443,3996.68,die0,4471,4471,0.3,-1,64.375,64.375,0
1786403157543,3996.68,die0,4471,4471,0.3,-1,64.375,64.375,0
1786403157643,3996.68,die0,4471,4471,0.3,-1,64.375,64.375,0
1786403157743,3996.68,die0,4471,4471,0.3,-1,64.375,64.375,0
1786403157843,3993.55,die0,4471,4471,0.3,-1,64.375,64.375,0
1786403157943,3993.55,die0,4471,4471,0.3,-1,64.375,64.375,0
1786403158043,3993.55,die0,4471,4471,0.3,-1,64.375,64.375,0
1786403158142,3993.55,die0,4471,4471,0.3,-1,64.375,64.375,0
1786403158243,3993.55,die0,4471,4471,0.3,-1,64.375,64.375,0
1786403158343,3993.55,die0,4471,4471,0.3,-1,64.375,64.375,0
1786403158443,3993.55,die0,4471,4471,0.3,-1,64.375,64.375,0
1786403158543,3993.55,die0,4471,4471,0.3,-1,64.375,64.375,0
1786403158642,3993.55,die0,4471,4471,0.3,-1,64.375,64.375,0
1786403158743,3993.55,die0,4471,4471,0.3,-1,64.375,64.375,0
1786403158843,4004.5,die0,4471,4471,0.3,-1,64.4375,64.4375,0
1786403158943,4004.5,die0,4471,4471,0.3,-1,64.4375,64.4375,0
1786403159042,4004.5,die0,4471,4471,0.3,-1,64.4375,64.4375,0
1786403159143,4004.5,die0,4471,4471,0.3,-1,64.4375,64.4375,0
1786403159243,4004.5,die0,4471,4471,0.3,-1,64.4375,64.4375,0
1786403159343,4004.5,die0,4471,4471,0.3,-1,64.4375,64.4375,0
1786403159443,4004.5,die0,4471,4471,0.3,-1,64.4375,64.4375,0
1786403159543,4004.5,die0,4471,4471,0.3,-1,64.4375,64.4375,0
1786403159643,4004.5,die0,4471,4471,0.3,-1,64.4375,64.4375,0
1786403159743,4004.5,die0,4471,4471,0.3,-1,64.4375,64.4375,0
1786403159843,3973.52,die0,4471,4471,0.3,-1,64.3125,64.3125,0
1786403159943,3973.52,die0,4471,4471,0.3,-1,64.3125,64.3125,0
1786403160043,3973.52,die0,4471,4471,0.3,-1,64.3125,64.3125,0
1786403160143,3973.52,die0,4471,4471,0.3,-1,64.3125,64.3125,0
1786403160242,3973.52,die0,4471,4471,0.3,-1,64.3125,64.3125,0
1786403160343,3973.52,die0,4471,4471,0.3,-1,64.3125,64.3125,0
1786403160443,3973.52,die0,4471,4471,0.3,-1,64.3125,64.3125,0
1786403160543,3973.52,die0,4471,4471,0.3,-1,64.3125,64.3125,0
1786403160643,3973.52,die0,4471,4471,0.3,-1,64.3125,64.3125,0
1786403160742,3973.52,die0,4471,4471,0.3,-1,64.3125,64.3125,0
1786403160842,3998.23,die0,4471,4471,0.3,-1,64.4375,64.4375,0
1786403160942,3998.23,die0,4471,4471,0.3,-1,64.4375,64.4375,0
1786403161043,3998.23,die0,4471,4471,0.3,-1,64.4375,64.4375,0
1786403161143,3998.23,die0,4471,4471,0.3,-1,64.4375,64.4375,0
1786403161242,3998.23,die0,4471,4471,0.3,-1,64.4375,64.4375,0
1786403161343,3998.23,die0,4471,4471,0.3,-1,64.4375,64.4375,0
1786403161443,3998.23,die0,4471,4471,0.3,-1,64.4375,64.4375,0
1786403161543,3998.23,die0,4471,4471,0.3,-1,64.4375,64.4375,0
1786403161643,3998.23,die0,4471,4471,0.3,-1,64.4375,64.4375,0
1786403161743,3998.23,die0,4471,4471,0.3,-1,64.4375,64.4375,0
1786403161842,3981.33,die0,4471,4471,0.3,-1,64.375,64.375,0
1786403161943,3981.33,die0,4471,4471,0.3,-1,64.375,64.375,0
1786403162043,3981.33,die0,4471,4471,0.3,-1,64.375,64.375,0
1786403162143,3981.33,die0,4471,4471,0.3,-1,64.375,64.375,0
1786403162242,3981.33,die0,4471,4471,0.3,-1,64.375,64.375,0
1786403162343,3981.33,die0,4471,4471,0.3,-1,64.375,64.375,0
1786403162443,3981.33,die0,4471,4471,0.3,-1,64.375,64.375,0
1786403162543,3981.33,die0,4471,4471,0.3,-1,64.375,64.375,0
1786403162643,3981.33,die0,4471,4471,0.3,-1,64.375,64.375,0
1786403162742,3981.33,die0,4471,4471,0.3,-1,64.375,64.375,0
1786403162842,3978.2,die0,4471,4471,0.3,-1,64.375,64.375,0
1786403162943,3978.2,die0,4471,4471,0.3,-1,64.375,64.375,0
1786403163043,3978.2,die0,4471,4471,0.3,-1,64.375,64.375,0
1786403163143,3978.2,die0,4471,4471,0.3,-1,64.375,64.375,0
1786403163242,3978.2,die0,4471,4471,0.3,-1,64.375,64.375,0
1786403163343,3978.2,die0,4471,4471,0.3,-1,64.375,64.375,0
1786403163443,3978.2,die0,4471,4471,0.3,-1,64.375,64.375,0
1786403163542,3978.2,die0,4471,4471,0.3,-1,64.375,64.375,0
1786403163643,3978.2,die0,4471,4471,0.3,-1,64.375,64.375,0
1786403163742,3978.2,die0,4471,4471,0.3,-1,64.375,64.375,0
1786403163843,3975.07,die0,4471,4471,0.3,-1,64.375,64.375,0
1786403163943,3975.07,die0,4471,4471,0.3,-1,64.375,64.375,0
1786403164043,3975.07,die0,4471,4471,0.3,-1,64.375,64.375,0
1786403164143,3975.07,die0,4471,4471,0.3,-1,64.375,64.375,0
1786403164243,3975.07,die0,4471,4471,0.3,-1,64.375,64.375,0
1786403164343,3975.07,die0,4471,4471,0.3,-1,64.375,64.375,0
1786403164443,3975.07,die0,4471,4471,0.3,-1,64.375,64.375,0
1786403164543,3975.07,die0,4471,4471,0.3,-1,64.375,64.375,0
1786403164642,3975.07,die0,4471,4471,0.3,-1,64.375,64.375,0
1786403164743,3975.07,die0,4471,4471,0.3,-1,64.375,64.375,0
1786403164842,3957.86,die0,4471,4471,0.3,-1,64.3125,64.3125,0
1786403164943,3957.86,die0,4471,4471,0.3,-1,64.3125,64.3125,0
1786403165043,3957.86,die0,4471,4471,0.3,-1,64.3125,64.3125,0
1786403165143,3957.86,die0,4471,4471,0.3,-1,64.3125,64.3125,0
1786403165243,3957.86,die0,4471,4471,0.3,-1,64.3125,64.3125,0
1786403165343,3957.86,die0,4471,4471,0.3,-1,64.3125,64.3125,0
1786403165443,3957.86,die0,4471,4471,0.3,-1,64.3125,64.3125,0
1786403165543,3957.86,die0,4471,4471,0.3,-1,64.3125,64.3125,0
1786403165643,3957.86,die0,4471,4471,0.3,-1,64.3125,64.3125,0
1786403165742,3957.86,die0,4471,4471,0.3,-1,64.3125,64.3125,0
1786403165843,3968.5,die0,4471,4471,0.3,-1,64.375,64.375,0
1786403165943,3968.5,die0,4471,4471,0.3,-1,64.375,64.375,0
1786403166043,3968.5,die0,4471,4471,0.3,-1,64.375,64.375,0
1786403166142,3968.5,die0,4471,4471,0.3,-1,64.375,64.375,0
1786403166243,3968.5,die0,4471,4471,0.3,-1,64.375,64.375,0
1786403166343,3968.5,die0,4471,4471,0.3,-1,64.375,64.375,0
1786403166443,3968.5,die0,4471,4471,0.3,-1,64.375,64.375,0
1786403166542,3968.5,die0,4471,4471,0.3,-1,64.375,64.375,0
1786403166643,3968.5,die0,4471,4471,0.3,-1,64.375,64.375,0
1786403166743,3968.5,die0,4471,4471,0.3,-1,64.375,64.375,0
1786403166842,3979.45,die0,4471,4471,0.3,-1,64.4375,64.4375,0
1786403166943,3979.45,die0,4471,4471,0.3,-1,64.4375,64.4375,0
1786403167043,3979.45,die0,4471,4471,0.3,-1,64.4375,64.4375,0
1786403167142,3979.45,die0,4471,4471,0.3,-1,64.4375,64.4375,0
1786403167243,3979.45,die0,4471,4471,0.3,-1,64.4375,64.4375,0
1786403167343,3979.45,die0,4471,4471,0.3,-1,64.4375,64.4375,0
1786403167443,3979.45,die0,4471,4471,0.3,-1,64.4375,64.4375,0
1786403167543,3979.45,die0,4471,4471,0.3,-1,64.4375,64.4375,0
1786403167643,3979.45,die0,4471,4471,0.3,-1,64.4375,64.4375,0
1786403167742,3979.45,die0,4471,4471,0.3,-1,64.4375,64.4375,0
1786403167842,3962.55,die0,4471,4471,0.3,-1,64.375,64.375,0
1786403167943,3962.55,die0,4471,4471,0.3,-1,64.375,64.375,0
1786403168042,3962.55,die0,4471,4471,0.3,-1,64.375,64.375,0
1786403168142,3962.55,die0,4471,4471,0.3,-1,64.375,64.375,0
1786403168243,3962.55,die0,4471,4471,0.3,-1,64.375,64.375,0
1786403168343,3962.55,die0,4471,4471,0.3,-1,64.375,64.375,0
1786403168443,3962.55,die0,4471,4471,0.3,-1,64.375,64.375,0
1786403168543,3962.55,die0,4471,4471,0.3,-1,64.375,64.375,0
1786403168643,3962.55,die0,4471,4471,0.3,-1,64.375,64.375,0
1786403168742,3962.55,die0,4471,4471,0.3,-1,64.375,64.375,0
1786403168843,3973.5,die0,4471,4471,0.3,-1,64.4375,64.4375,0
1786403168942,3973.5,die0,4471,4471,0.3,-1,64.4375,64.4375,0
1786403169043,3973.5,die0,4471,4471,0.3,-1,64.4375,64.4375,0
1786403169143,3973.5,die0,4471,4471,0.3,-1,64.4375,64.4375,0
1786403169243,3973.5,die0,4471,4471,0.3,-1,64.4375,64.4375,0
1786403169343,3973.5,die0,4471,4471,0.3,-1,64.4375,64.4375,0
1786403169443,3973.5,die0,4471,4471,0.3,-1,64.4375,64.4375,0
1786403169543,3973.5,die0,4471,4471,0.3,-1,64.4375,64.4375,0
1786403169643,3973.5,die0,4471,4471,0.3,-1,64.4375,64.4375,0
1786403169743,3973.5,die0,4471,4471,0.3,-1,64.4375,64.4375,0
1786403169843,3956.6,die0,4471,4471,0.3,-1,64.375,64.375,0
1786403169943,3956.6,die0,4471,4471,0.3,-1,64.375,64.375,0
1786403170043,3956.6,die0,4471,4471,0.3,-1,64.375,64.375,0
1786403170143,3956.6,die0,4471,4471,0.3,-1,64.375,64.375,0
1786403170242,3956.6,die0,4471,4471,0.3,-1,64.375,64.375,0
1786403170342,3956.6,die0,4471,4471,0.3,-1,64.375,64.375,0
1786403170443,3956.6,die0,4471,4471,0.3,-1,64.375,64.375,0
1786403170543,3956.6,die0,4471,4471,0.3,-1,64.375,64.375,0
1786403170642,3956.6,die0,4471,4471,0.3,-1,64.375,64.375,0
1786403170743,3956.6,die0,4471,4471,0.3,-1,64.375,64.375,0
1786403170843,3953.47,die0,4471,4471,0.3,-1,64.375,64.375,0
1786403170943,3953.47,die0,4471,4471,0.3,-1,64.375,64.375,0
1786403171042,3953.47,die0,4471,4471,0.3,-1,64.375,64.375,0
1786403171143,3953.47,die0,4471,4471,0.3,-1,64.375,64.375,0
1786403171243,3953.47,die0,4471,4471,0.3,-1,64.375,64.375,0
1786403171343,3953.47,die0,4471,4471,0.3,-1,64.375,64.375,0
1786403171443,3953.47,die0,4471,4471,0.3,-1,64.375,64.375,0
1786403171543,3953.47,die0,4471,4471,0.3,-1,64.375,64.375,0
1786403171643,3953.47,die0,4471,4471,0.3,-1,64.375,64.375,0
1786403171743,3953.47,die0,4471,4471,0.3,-1,64.375,64.375,0
1786403171842,3936.26,die0,4471,4471,0.3,-1,64.3125,64.3125,0
1786403171943,3936.26,die0,4471,4471,0.3,-1,64.3125,64.3125,0
1786403172043,3936.26,die0,4471,4471,0.3,-1,64.3125,64.3125,0
1786403172143,3936.26,die0,4471,4471,0.3,-1,64.3125,64.3125,0
1786403172242,3936.26,die0,4471,4471,0.3,-1,64.3125,64.3125,0
1786403172343,3936.26,die0,4471,4471,0.3,-1,64.3125,64.3125,0
1786403172443,3936.26,die0,4471,4471,0.3,-1,64.3125,64.3125,0
1786403172543,3936.26,die0,4471,4471,0.3,-1,64.3125,64.3125,0
1786403172642,3936.26,die0,4471,4471,0.3,-1,64.3125,64.3125,0
1786403172742,3936.26,die0,4471,4471,0.3,-1,64.3125,64.3125,0
1786403172843,3932.81,die0,4471,4471,0.3,-1,64.3125,64.3125,0
1786403172943,3932.81,die0,4471,4471,0.3,-1,64.3125,64.3125,0
1786403173042,3932.81,die0,4471,4471,0.3,-1,64.3125,64.3125,0
1786403173143,3932.81,die0,4471,4471,0.3,-1,64.3125,64.3125,0
1786403173243,3932.81,die0,4471,4471,0.3,-1,64.3125,64.3125,0
1786403173343,3932.81,die0,4471,4471,0.3,-1,64.3125,64.3125,0
1786403173443,3932.81,die0,4471,4471,0.3,-1,64.3125,64.3125,0
1786403173542,3932.81,die0,4471,4471,0.3,-1,64.3125,64.3125,0
1786403173643,3932.81,die0,4471,4471,0.3,-1,64.3125,64.3125,0
1786403173743,3932.81,die0,4471,4471,0.3,-1,64.3125,64.3125,0
1786403173843,3943.45,die0,4471,4471,0.3,-1,64.375,64.375,0
1786403173943,3943.45,die0,4471,4471,0.3,-1,64.375,64.375,0
1786403174043,3943.45,die0,4471,4471,0.3,-1,64.375,64.375,0
1786403174143,3943.45,die0,4471,4471,0.3,-1,64.375,64.375,0
1786403174243,3943.45,die0,4471,4471,0.3,-1,64.375,64.375,0
1786403174343,3943.45,die0,4471,4471,0.3,-1,64.375,64.375,0
1786403174443,3943.45,die0,4471,4471,0.3,-1,64.375,64.375,0
1786403174543,3943.45,die0,4471,4471,0.3,-1,64.375,64.375,0
1786403174643,3943.45,die0,4471,4471,0.3,-1,64.375,64.375,0
1786403174743,3943.45,die0,4471,4471,0.3,-1,64.375,64.375,0
1786403174843,3940.32,die0,4471,4471,0.3,-1,64.375,64.375,0
1786403174942,3940.32,die0,4471,4471,0.3,-1,64.375,64.375,0
1786403175042,3940.32,die0,4471,4471,0.3,-1,64.375,64.375,0
1786403175143,3940.32,die0,4471,4471,0.3,-1,64.375,64.375,0
1786403175243,3940.32,die0,4471,4471,0.3,-1,64.375,64.375,0
1786403175343,3940.32,die0,4471,4471,0.3,-1,64.375,64.375,0
1786403175443,3940.32,die0,4471,4471,0.3,-1,64.375,64.375,0
1786403175543,3940.32,die0,4471,4471,0.3,-1,64.375,64.375,0
1786403175643,3940.32,die0,4471,4471,0.3,-1,64.375,64.375,0
1786403175743,3940.32,die0,4471,4471,0.3,-1,64.375,64.375,0
1786403175843,3937.19,die0,4471,4471,0.3,-1,64.375,64.375,0
1786403175943,3937.19,die0,4471,4471,0.3,-1,64.375,64.375,0
1786403176043,3937.19,die0,4471,4471,0.3,-1,64.375,64.375,0
1786403176142,3937.19,die0,4471,4471,0.3,-1,64.375,64.375,0
1786403176243,3937.19,die0,4471,4471,0.3,-1,64.375,64.375,0
1786403176343,3937.19,die0,4471,4471,0.3,-1,64.375,64.375,0
1786403176443,3937.19,die0,4471,4471,0.3,-1,64.375,64.375,0
1786403176542,3937.19,die0,4471,4471,0.3,-1,64.375,64.375,0
1786403176642,3937.19,die0,4471,4471,0.3,-1,64.375,64.375,0
1786403176743,3937.19,die0,4471,4471,0.3,-1,64.375,64.375,0
1786403176843,3934.06,die0,4471,4471,0.3,-1,64.375,64.375,0
1786403176943,3934.06,die0,4471,4471,0.3,-1,64.375,64.375,0
1786403177043,3934.06,die0,4471,4471,0.3,-1,64.375,64.375,0
1786403177142,3934.06,die0,4471,4471,0.3,-1,64.375,64.375,0
1786403177242,3934.06,die0,4471,4471,0.3,-1,64.375,64.375,0
1786403177343,3934.06,die0,4471,4471,0.3,-1,64.375,64.375,0
1786403177442,3934.06,die0,4471,4471,0.3,-1,64.375,64.375,0
1786403177543,3934.06,die0,4471,4471,0.3,-1,64.375,64.375,0
1786403177643,3934.06,die0,4471,4471,0.3,-1,64.375,64.375,0
1786403177743,3934.06,die0,4471,4471,0.3,-1,64.375,64.375,0
1786403177842,3930.93,die0,4471,4471,0.3,-1,64.375,64.375,0
1786403177943,3930.93,die0,4471,4471,0.3,-1,64.375,64.375,0
1786403178042,3930.93,die0,4471,4471,0.3,-1,64.375,64.375,0
1786403178143,3930.93,die0,4471,4471,0.3,-1,64.375,64.375,0
1786403178243,3930.93,die0,4471,4471,0.3,-1,64.375,64.375,0
1786403178343,3930.93,die0,4471,4471,0.3,-1,64.375,64.375,0
1786403178443,3930.93,die0,4471,4471,0.3,-1,64.375,64.375,0
1786403178543,3930.93,die0,4471,4471,0.3,-1,64.375,64.375,0
1786403178643,3930.93,die0,4471,4471,0.3,-1,64.375,64.375,0
1786403178743,3930.93,die0,4471,4471,0.3,-1,64.375,64.375,0
1786403178843,3927.8,die0,4471,4471,0.3,-1,64.375,64.375,0
1786403178942,3927.8,die0,4471,4471,0.3,-1,64.375,64.375,0
1786403179043,3927.8,die0,4471,4471,0.3,-1,64.375,64.375,0
1786403179143,3927.8,die0,4471,4471,0.3,-1,64.375,64.375,0
1786403179243,3927.8,die0,4471,4471,0.3,-1,64.375,64.375,0
1786403179343,3927.8,die0,4471,4471,0.3,-1,64.375,64.375,0
1786403179443,3927.8,die0,4471,4471,0.3,-1,64.375,64.375,0
1786403179543,3927.8,die0,4471,4471,0.3,-1,64.375,64.375,0
1786403179642,3927.8,die0,4471,4471,0.3,-1,64.375,64.375,0
1786403179743,3927.8,die0,4471,4471,0.3,-1,64.375,64.375,0
1786403179842,3910.58,die0,4471,4471,0.3,-1,64.3125,64.3125,0
1786403179943,3910.58,die0,4471,4471,0.3,-1,64.3125,64.3125,0
1786403180043,3910.58,die0,4471,4471,0.3,-1,64.3125,64.3125,0
1786403180143,3910.58,die0,4471,4471,0.3,-1,64.3125,64.3125,0
1786403180243,3910.58,die0,4471,4471,0.3,-1,64.3125,64.3125,0
1786403180343,3910.58,die0,4471,4471,0.3,-1,64.3125,64.3125,0
1786403180442,3910.58,die0,4471,4471,0.3,-1,64.3125,64.3125,0
1786403180543,3910.58,die0,4471,4471,0.3,-1,64.3125,64.3125,0
1786403180643,3910.58,die0,4471,4471,0.3,-1,64.3125,64.3125,0
1786403180743,3910.58,die0,4471,4471,0.3,-1,64.3125,64.3125,0
1786403180843,3921.22,die0,4471,4471,0.3,-1,64.375,64.375,0
1786403180943,3921.22,die0,4471,4471,0.3,-1,64.375,64.375,0
1786403181043,3921.22,die0,4471,4471,0.3,-1,64.375,64.375,0
1786403181142,3921.22,die0,4471,4471,0.3,-1,64.375,64.375,0
1786403181243,3921.22,die0,4471,4471,0.3,-1,64.375,64.375,0
1786403181343,3921.22,die0,4471,4471,0.3,-1,64.375,64.375,0
1786403181443,3921.22,die0,4471,4471,0.3,-1,64.375,64.375,0
1786403181543,3921.22,die0,4471,4471,0.3,-1,64.375,64.375,0
1786403181642,3921.22,die0,4471,4471,0.3,-1,64.375,64.375,0
1786403181743,3921.22,die0,4471,4471,0.3,-1,64.375,64.375,0
1786403181843,3918.09,die0,4471,4471,0.3,-1,64.375,64.375,0
1786403181943,3918.09,die0,4471,4471,0.3,-1,64.375,64.375,0
1786403182043,3918.09,die0,4471,4471,0.3,-1,64.375,64.375,0
1786403182143,3918.09,die0,4471,4471,0.3,-1,64.375,64.375,0
1786403182243,3918.09,die0,4471,4471,0.3,-1,64.375,64.375,0
1786403182343,3918.09,die0,4471,4471,0.3,-1,64.375,64.375,0
1786403182443,3918.09,die0,4471,4471,0.3,-1,64.375,64.375,0
1786403182543,3918.09,die0,4471,4471,0.3,-1,64.375,64.375,0
1786403182642,3918.09,die0,4471,4471,0.3,-1,64.375,64.375,0
1786403182743,3918.09,die0,4471,4471,0.3,-1,64.375,64.375,0
1786403182843,3900.88,die0,4471,4471,0.3,-1,64.3125,64.3125,0
1786403182942,3900.88,die0,4471,4471,0.3,-1,64.3125,64.3125,0
1786403183043,3900.88,die0,4471,4471,0.3,-1,64.3125,64.3125,0
1786403183143,3900.88,die0,4471,4471,0.3,-1,64.3125,64.3125,0
1786403183243,3900.88,die0,4471,4471,0.3,-1,64.3125,64.3125,0
1786403183343,3900.88,die0,4471,4471,0.3,-1,64.3125,64.3125,0
1786403183443,3900.88,die0,4471,4471,0.3,-1,64.3125,64.3125,0
1786403183542,3900.88,die0,4471,4471,0.3,-1,64.3125,64.3125,0
1786403183643,3900.88,die0,4471,4471,0.3,-1,64.3125,64.3125,0
1786403183742,3900.88,die0,4471,4471,0.3,-1,64.3125,64.3125,0
1786403183843,3925.6,die0,4471,4471,0.3,-1,64.4375,64.4375,0
1786403183943,3925.6,die0,4471,4471,0.3,-1,64.4375,64.4375,0
1786403184043,3925.6,die0,4471,4471,0.3,-1,64.4375,64.4375,0
1786403184142,3925.6,die0,4471,4471,0.3,-1,64.4375,64.4375,0
1786403184243,3925.6,die0,4471,4471,0.3,-1,64.4375,64.4375,0
1786403184343,3925.6,die0,4471,4471,0.3,-1,64.4375,64.4375,0
1786403184442,3925.6,die0,4471,4471,0.3,-1,64.4375,64.4375,0
1786403184543,3925.6,die0,4471,4471,0.3,-1,64.4375,64.4375,0
1786403184642,3925.6,die0,4471,4471,0.3,-1,64.4375,64.4375,0
1786403184742,3925.6,die0,4471,4471,0.3,-1,64.4375,64.4375,0
1786403184843,3908.7,die0,4471,4471,0.3,-1,64.375,64.375,0
1786403184943,3908.7,die0,4471,4471,0.3,-1,64.375,64.375,0
1786403185043,3908.7,die0,4471,4471,0.3,-1,64.375,64.375,0
1786403185143,3908.7,die0,4471,4471,0.3,-1,64.375,64.375,0
1786403185242,3908.7,die0,4471,4471,0.3,-1,64.375,64.375,0
1786403185343,3908.7,die0,4471,4471,0.3,-1,64.375,64.375,0
1786403185443,3908.7,die0,4471,4471,0.3,-1,64.375,64.375,0
1786403185543,3908.7,die0,4471,4471,0.3,-1,64.375,64.375,0
1786403185643,3908.7,die0,4471,4471,0.3,-1,64.375,64.375,0
1786403185743,3908.7,die0,4471,4471,0.3,-1,64.375,64.375,0
1786403185842,3905.57,die0,4471,4471,0.3,-1,64.375,64.375,0
1786403185943,3905.57,die0,4471,4471,0.3,-1,64.375,64.375,0
1786403186042,3905.57,die0,4471,4471,0.3,-1,64.375,64.375,0
1786403186143,3905.57,die0,4471,4471,0.3,-1,64.375,64.375,0
1786403186243,3905.57,die0,4471,4471,0.3,-1,64.375,64.375,0
1786403186343,3905.57,die0,4471,4471,0.3,-1,64.375,64.375,0
1786403186443,3905.57,die0,4471,4471,0.3,-1,64.375,64.375,0
1786403186543,3905.57,die0,4471,4471,0.3,-1,64.375,64.375,0
1786403186643,3905.57,die0,4471,4471,0.3,-1,64.375,64.375,0
1786403186743,3905.57,die0,4471,4471,0.3,-1,64.375,64.375,0
1786403186843,3916.52,die0,4471,4471,0.3,-1,64.4375,64.4375,0
1786403186943,3916.52,die0,4471,4471,0.3,-1,64.4375,64.4375,0
1786403187042,3916.52,die0,4471,4471,0.3,-1,64.4375,64.4375,0
1786403187143,3916.52,die0,4471,4471,0.3,-1,64.4375,64.4375,0
1786403187242,3916.52,die0,4471,4471,0.3,-1,64.4375,64.4375,0
1786403187343,3916.52,die0,4471,4471,0.3,-1,64.4375,64.4375,0
1786403187442,3916.52,die0,4471,4471,0.3,-1,64.4375,64.4375,0
1786403187543,3916.52,die0,4471,4471,0.3,-1,64.4375,64.4375,0
1786403187642,3916.52,die0,4471,4471,0.3,-1,64.4375,64.4375,0
1786403187743,3916.52,die0,4471,4471,0.3,-1,64.4375,64.4375,0
1786403187843,3885.54,die0,4471,4471,0.3,-1,64.3125,64.3125,0
1786403187943,3885.54,die0,4471,4471,0.3,-1,64.3125,64.3125,0
1786403188043,3885.54,die0,4471,4471,0.3,-1,64.3125,64.3125,0
1786403188143,3885.54,die0,4471,4471,0.3,-1,64.3125,64.3125,0
1786403188243,3885.54,die0,4471,4471,0.3,-1,64.3125,64.3125,0
1786403188343,3885.54,die0,4471,4471,0.3,-1,64.3125,64.3125,0
1786403188442,3885.54,die0,4471,4471,0.3,-1,64.3125,64.3125,0
1786403188543,3885.54,die0,4471,4471,0.3,-1,64.3125,64.3125,0
1786403188643,3885.54,die0,4471,4471,0.3,-1,64.3125,64.3125,0
1786403188743,3885.54,die0,4471,4471,0.3,-1,64.3125,64.3125,0
1786403188842,3910.25,die0,4471,4471,0.3,-1,64.4375,64.4375,0
1786403188943,3910.25,die0,4471,4471,0.3,-1,64.4375,64.4375,0
1786403189043,3910.25,die0,4471,4471,0.3,-1,64.4375,64.4375,0
1786403189143,3910.25,die0,4471,4471,0.3,-1,64.4375,64.4375,0
1786403189243,3910.25,die0,4471,4471,0.3,-1,64.4375,64.4375,0
1786403189343,3910.25,die0,4471,4471,0.3,-1,64.4375,64.4375,0
1786403189442,3910.25,die0,4471,4471,0.3,-1,64.4375,64.4375,0
1786403189542,3910.25,die0,4471,4471,0.3,-1,64.4375,64.4375,0
1786403189643,3910.25,die0,4471,4471,0.3,-1,64.4375,64.4375,0
1786403189743,3910.25,die0,4471,4471,0.3,-1,64.4375,64.4375,0
1786403189843,3893.36,die0,4471,4471,0.3,-1,64.375,64.375,0
1786403189943,3893.36,die0,4471,4471,0.3,-1,64.375,64.375,0
1786403190043,3893.36,die0,4471,4471,0.3,-1,64.375,64.375,0
1786403190143,3893.36,die0,4471,4471,0.3,-1,64.375,64.375,0
1786403190242,3893.36,die0,4471,4471,0.3,-1,64.375,64.375,0
1786403190343,3893.36,die0,4471,4471,0.3,-1,64.375,64.375,0
1786403190443,3893.36,die0,4471,4471,0.3,-1,64.375,64.375,0
1786403190543,3893.36,die0,4471,4471,0.3,-1,64.375,64.375,0
1786403190642,3893.36,die0,4471,4471,0.3,-1,64.375,64.375,0
1786403190743,3893.36,die0,4471,4471,0.3,-1,64.375,64.375,0
1786403190843,3890.22,die0,4471,4471,0.3,-1,64.375,64.375,0
1786403190943,3890.22,die0,4471,4471,0.3,-1,64.375,64.375,0
1786403191042,3890.22,die0,4471,4471,0.3,-1,64.375,64.375,0
1786403191142,3890.22,die0,4471,4471,0.3,-1,64.375,64.375,0
1786403191243,3890.22,die0,4471,4471,0.3,-1,64.375,64.375,0
1786403191342,3890.22,die0,4471,4471,0.3,-1,64.375,64.375,0
1786403191443,3890.22,die0,4471,4471,0.3,-1,64.375,64.375,0
1786403191543,3890.22,die0,4471,4471,0.3,-1,64.375,64.375,0
1786403191643,3890.22,die0,4471,4471,0.3,-1,64.375,64.375,0
1786403191743,3890.22,die0,4471,4471,0.3,-1,64.375,64.375,0
1786403191842,3901.17,die0,4471,4471,0.3,-1,64.4375,64.4375,0
1786403191943,3901.17,die0,4471,4471,0.3,-1,64.4375,64.4375,0
1786403192043,3901.17,die0,4471,4471,0.3,-1,64.4375,64.4375,0
1786403192142,3901.17,die0,4471,4471,0.3,-1,64.4375,64.4375,0
1786403192243,3901.17,die0,4471,4471,0.3,-1,64.4375,64.4375,0
1786403192343,3901.17,die0,4471,4471,0.3,-1,64.4375,64.4375,0
1786403192443,3901.17,die0,4471,4471,0.3,-1,64.4375,64.4375,0
1786403192543,3901.17,die0,4471,4471,0.3,-1,64.4375,64.4375,0
1786403192643,3901.17,die0,4471,4471,0.3,-1,64.4375,64.4375,0
1786403192743,3901.17,die0,4471,4471,0.3,-1,64.4375,64.4375,0
1786403192843,3898.36,die0,4471,4471,0.3,-1,64.4375,64.4375,0
1786403192943,3898.36,die0,4471,4471,0.3,-1,64.4375,64.4375,0
1786403193043,3898.36,die0,4471,4471,0.3,-1,64.4375,64.4375,0
1786403193142,3898.36,die0,4471,4471,0.3,-1,64.4375,64.4375,0
1786403193243,3898.36,die0,4471,4471,0.3,-1,64.4375,64.4375,0
1786403193343,3898.36,die0,4471,4471,0.3,-1,64.4375,64.4375,0
1786403193442,3898.36,die0,4471,4471,0.3,-1,64.4375,64.4375,0
1786403193543,3898.36,die0,4471,4471,0.3,-1,64.4375,64.4375,0
1786403193643,3898.36,die0,4471,4471,0.3,-1,64.4375,64.4375,0
1786403193743,3898.36,die0,4471,4471,0.3,-1,64.4375,64.4375,0
1786403193843,3881.46,die0,4471,4471,0.3,-1,64.375,64.375,0
1786403193943,3881.46,die0,4471,4471,0.3,-1,64.375,64.375,0
1786403194043,3881.46,die0,4471,4471,0.3,-1,64.375,64.375,0
1786403194143,3881.46,die0,4471,4471,0.3,-1,64.375,64.375,0
1786403194243,3881.46,die0,4471,4471,0.3,-1,64.375,64.375,0
1786403194343,3881.46,die0,4471,4471,0.3,-1,64.375,64.375,0
1786403194443,3881.46,die0,4471,4471,0.3,-1,64.375,64.375,0
1786403194543,3881.46,die0,4471,4471,0.3,-1,64.375,64.375,0
1786403194643,3881.46,die0,4471,4471,0.3,-1,64.375,64.375,0
1786403194743,3881.46,die0,4471,4471,0.3,-1,64.375,64.375,0
1786403194843,3892.41,die0,4471,4471,0.3,-1,64.4375,64.4375,0
1786403194942,3892.41,die0,4471,4471,0.3,-1,64.4375,64.4375,0
1786403195042,3892.41,die0,4471,4471,0.3,-1,64.4375,64.4375,0
1786403195142,3892.41,die0,4471,4471,0.3,-1,64.4375,64.4375,0
1786403195243,3892.41,die0,4471,4471,0.3,-1,64.4375,64.4375,0
1786403195343,3892.41,die0,4471,4471,0.3,-1,64.4375,64.4375,0
1786403195443,3892.41,die0,4471,4471,0.3,-1,64.4375,64.4375,0
1786403195543,3892.41,die0,4471,4471,0.3,-1,64.4375,64.4375,0
1786403195643,3892.41,die0,4471,4471,0.3,-1,64.4375,64.4375,0
1786403195743,3892.41,die0,4471,4471,0.3,-1,64.4375,64.4375,0
1786403195843,3875.51,die0,4471,4471,0.3,-1,64.375,64.375,0
1786403195943,3875.51,die0,4471,4471,0.3,-1,64.375,64.375,0
1786403196043,3875.51,die0,4471,4471,0.3,-1,64.375,64.375,0
1786403196142,3875.51,die0,4471,4471,0.3,-1,64.375,64.375,0
1786403196242,3875.51,die0,4471,4471,0.3,-1,64.375,64.375,0
1786403196343,3875.51,die0,4471,4471,0.3,-1,64.375,64.375,0
1786403196442,3875.51,die0,4471,4471,0.3,-1,64.375,64.375,0
1786403196543,3875.51,die0,4471,4471,0.3,-1,64.375,64.375,0
1786403196643,3875.51,die0,4471,4471,0.3,-1,64.375,64.375,0
1786403196743,3875.51,die0,4471,4471,0.3,-1,64.375,64.375,0
1786403196843,3872.38,die0,4471,4471,0.3,-1,64.375,64.375,0
1786403196942,3872.38,die0,4471,4471,0.3,-1,64.375,64.375,0
1786403197043,3872.38,die0,4471,4471,0.3,-1,64.375,64.375,0
1786403197142,3872.38,die0,4471,4471,0.3,-1,64.375,64.375,0
1786403197243,3872.38,die0,4471,4471,0.3,-1,64.375,64.375,0
1786403197343,3872.38,die0,4471,4471,0.3,-1,64.375,64.375,0
1786403197442,3872.38,die0,4471,4471,0.3,-1,64.375,64.375,0
1786403197542,3872.38,die0,4471,4471,0.3,-1,64.375,64.375,0
1786403197643,3872.38,die0,4471,4471,0.3,-1,64.375,64.375,0
1786403197743,3872.38,die0,4471,4471,0.3,-1,64.375,64.375,0
1786403197843,3869.25,die0,4471,4471,0.3,-1,64.375,64.375,0
1786403197943,3869.25,die0,4471,4471,0.3,-1,64.375,64.375,0
1786403198043,3869.25,die0,4471,4471,0.3,-1,64.375,64.375,0
1786403198143,3869.25,die0,4471,4471,0.3,-1,64.375,64.375,0
1786403198243,3869.25,die0,4471,4471,0.3,-1,64.375,64.375,0
1786403198343,3869.25,die0,4471,4471,0.3,-1,64.375,64.375,0
1786403198442,3869.25,die0,4471,4471,0.3,-1,64.375,64.375,0
1786403198542,3869.25,die0,4471,4471,0.3,-1,64.375,64.375,0
1786403198642,3869.25,die0,4471,4471,0.3,-1,64.375,64.375,0
1786403198742,3869.25,die0,4471,4471,0.3,-1,64.375,64.375,0
1786403198842,3880.2,die0,4471,4471,0.3,-1,64.4375,64.4375,0
1786403198942,3880.2,die0,4471,4471,0.3,-1,64.4375,64.4375,0
1786403199042,3880.2,die0,4471,4471,0.3,-1,64.4375,64.4375,0
1786403199142,3880.2,die0,4471,4471,0.3,-1,64.4375,64.4375,0
1786403199242,3880.2,die0,4471,4471,0.3,-1,64.4375,64.4375,0
1786403199343,3880.2,die0,4471,4471,0.3,-1,64.4375,64.4375,0
1786403199442,3880.2,die0,4471,4471,0.3,-1,64.4375,64.4375,0
1786403199542,3880.2,die0,4471,4471,0.3,-1,64.4375,64.4375,0
1786403199642,3880.2,die0,4471,4471,0.3,-1,64.4375,64.4375,0
1786403199742,3880.2,die0,4471,4471,0.3,-1,64.4375,64.4375,0
1786403199843,3891.46,die0,4471,4471,0.3,-1,64.5,64.5,0
1786403199943,3891.46,die0,4471,4471,0.3,-1,64.5,64.5,0
1786403200043,3891.46,die0,4471,4471,0.3,-1,64.5,64.5,0
1786403200142,3891.46,die0,4471,4471,0.3,-1,64.5,64.5,0
1786403200243,3891.46,die0,4471,4471,0.3,-1,64.5,64.5,0
1786403200342,3891.46,die0,4471,4471,0.3,-1,64.5,64.5,0
1786403200443,3891.46,die0,4471,4471,0.3,-1,64.5,64.5,0
1786403200543,3891.46,die0,4471,4471,0.3,-1,64.5,64.5,0
1786403200643,3891.46,die0,4471,4471,0.3,-1,64.5,64.5,0
1786403200742,3891.46,die0,4471,4471,0.3,-1,64.5,64.5,0
1786403200843,3860.79,die0,4471,4471,0.3,-1,64.375,64.375,0
1786403200942,3860.79,die0,4471,4471,0.3,-1,64.375,64.375,0
1786403201042,3860.79,die0,4471,4471,0.3,-1,64.375,64.375,0
1786403201142,3860.79,die0,4471,4471,0.3,-1,64.375,64.375,0
1786403201242,3860.79,die0,4471,4471,0.3,-1,64.375,64.375,0
1786403201343,3860.79,die0,4471,4471,0.3,-1,64.375,64.375,0
1786403201443,3860.79,die0,4471,4471,0.3,-1,64.375,64.375,0
1786403201543,3860.79,die0,4471,4471,0.3,-1,64.375,64.375,0
1786403201642,3860.79,die0,4471,4471,0.3,-1,64.375,64.375,0
1786403201743,3860.79,die0,4471,4471,0.3,-1,64.375,64.375,0
1786403201843,3843.58,die0,4471,4471,0.3,-1,64.3125,64.3125,0
1786403201942,3843.58,die0,4471,4471,0.3,-1,64.3125,64.3125,0
1786403202043,3843.58,die0,4471,4471,0.3,-1,64.3125,64.3125,0
1786403202143,3843.58,die0,4471,4471,0.3,-1,64.3125,64.3125,0
1786403202242,3843.58,die0,4471,4471,0.3,-1,64.3125,64.3125,0
1786403202343,3843.58,die0,4471,4471,0.3,-1,64.3125,64.3125,0
1786403202443,3843.58,die0,4471,4471,0.3,-1,64.3125,64.3125,0
1786403202542,3843.58,die0,4471,4471,0.3,-1,64.3125,64.3125,0
1786403202643,3843.58,die0,4471,4471,0.3,-1,64.3125,64.3125,0
1786403202743,3843.58,die0,4471,4471,0.3,-1,64.3125,64.3125,0
1786403202843,3854.22,die0,4471,4471,0.3,-1,64.375,64.375,0
1786403202942,3854.22,die0,4471,4471,0.3,-1,64.375,64.375,0
1786403203043,3854.22,die0,4471,4471,0.3,-1,64.375,64.375,0
1786403203142,3854.22,die0,4471,4471,0.3,-1,64.375,64.375,0
1786403203242,3854.22,die0,4471,4471,0.3,-1,64.375,64.375,0
1786403203343,3854.22,die0,4471,4471,0.3,-1,64.375,64.375,0
1786403203443,3854.22,die0,4471,4471,0.3,-1,64.375,64.375,0
1786403203543,3854.22,die0,4471,4471,0.3,-1,64.375,64.375,0
1786403203643,3854.22,die0,4471,4471,0.3,-1,64.375,64.375,0
1786403203743,3854.22,die0,4471,4471,0.3,-1,64.375,64.375,0
1786403203843,3865.17,die0,4471,4471,0.3,-1,64.4375,64.4375,0
1786403203943,3865.17,die0,4471,4471,0.3,-1,64.4375,64.4375,0
1786403204043,3865.17,die0,4471,4471,0.3,-1,64.4375,64.4375,0
1786403204143,3865.17,die0,4471,4471,0.3,-1,64.4375,64.4375,0
1786403204243,3865.17,die0,4471,4471,0.3,-1,64.4375,64.4375,0
1786403204343,3865.17,die0,4471,4471,0.3,-1,64.4375,64.4375,0
1786403204442,3865.17,die0,4471,4471,0.3,-1,64.4375,64.4375,0
1786403204543,3865.17,die0,4471,4471,0.3,-1,64.4375,64.4375,0
1786403204643,3865.17,die0,4471,4471,0.3,-1,64.4375,64.4375,0
1786403204743,3865.17,die0,4471,4471,0.3,-1,64.4375,64.4375,0
1786403204843,3834.19,die0,4471,4471,0.3,-1,64.3125,64.3125,0
1786403204943,3834.19,die0,4471,4471,0.3,-1,64.3125,64.3125,0
1786403205043,3834.19,die0,4471,4471,0.3,-1,64.3125,64.3125,0
1786403205142,3834.19,die0,4471,4471,0.3,-1,64.3125,64.3125,0
1786403205242,3834.19,die0,4471,4471,0.3,-1,64.3125,64.3125,0
1786403205343,3834.19,die0,4471,4471,0.3,-1,64.3125,64.3125,0
1786403205443,3834.19,die0,4471,4471,0.3,-1,64.3125,64.3125,0
1786403205543,3834.19,die0,4471,4471,0.3,-1,64.3125,64.3125,0
1786403205643,3834.19,die0,4471,4471,0.3,-1,64.3125,64.3125,0
1786403205743,3834.19,die0,4471,4471,0.3,-1,64.3125,64.3125,0
1786403205842,3858.91,die0,4471,4471,0.3,-1,64.4375,64.4375,0
1786403205943,3858.91,die0,4471,4471,0.3,-1,64.4375,64.4375,0
1786403206043,3858.91,die0,4471,4471,0.3,-1,64.4375,64.4375,0
1786403206143,3858.91,die0,4471,4471,0.3,-1,64.4375,64.4375,0
1786403206242,3858.91,die0,4471,4471,0.3,-1,64.4375,64.4375,0
1786403206343,3858.91,die0,4471,4471,0.3,-1,64.4375,64.4375,0
1786403206443,3858.91,die0,4471,4471,0.3,-1,64.4375,64.4375,0
1786403206542,3858.91,die0,4471,4471,0.3,-1,64.4375,64.4375,0
1786403206643,3858.91,die0,4471,4471,0.3,-1,64.4375,64.4375,0
1786403206743,3858.91,die0,4471,4471,0.3,-1,64.4375,64.4375,0
1786403206843,3827.93,die0,4471,4471,0.3,-1,64.3125,64.3125,0
1786403206943,3827.93,die0,4471,4471,0.3,-1,64.3125,64.3125,0
1786403207042,3827.93,die0,4471,4471,0.3,-1,64.3125,64.3125,0
1786403207143,3827.93,die0,4471,4471,0.3,-1,64.3125,64.3125,0
1786403207243,3827.93,die0,4471,4471,0.3,-1,64.3125,64.3125,0
1786403207342,3827.93,die0,4471,4471,0.3,-1,64.3125,64.3125,0
1786403207442,3827.93,die0,4471,4471,0.3,-1,64.3125,64.3125,0
1786403207543,3827.93,die0,4471,4471,0.3,-1,64.3125,64.3125,0
1786403207642,3827.93,die0,4471,4471,0.3,-1,64.3125,64.3125,0
1786403207743,3827.93,die0,4471,4471,0.3,-1,64.3125,64.3125,0
1786403207843,3838.56,die0,4471,4471,0.3,-1,64.375,64.375,0
1786403207942,3838.56,die0,4471,4471,0.3,-1,64.375,64.375,0
1786403208043,3838.56,die0,4471,4471,0.3,-1,64.375,64.375,0
1786403208143,3838.56,die0,4471,4471,0.3,-1,64.375,64.375,0
1786403208243,3838.56,die0,4471,4471,0.3,-1,64.375,64.375,0
1786403208343,3838.56,die0,4471,4471,0.3,-1,64.375,64.375,0
1786403208443,3838.56,die0,4471,4471,0.3,-1,64.375,64.375,0
1786403208543,3838.56,die0,4471,4471,0.3,-1,64.375,64.375,0
1786403208643,3838.56,die0,4471,4471,0.3,-1,64.375,64.375,0
1786403208743,3838.56,die0,4471,4471,0.3,-1,64.375,64.375,0
1786403208843,3849.51,die0,4471,4471,0.3,-1,64.4375,64.4375,0
1786403208942,3849.51,die0,4471,4471,0.3,-1,64.4375,64.4375,0
1786403209043,3849.51,die0,4471,4471,0.3,-1,64.4375,64.4375,0
1786403209143,3849.51,die0,4471,4471,0.3,-1,64.4375,64.4375,0
1786403209243,3849.51,die0,4471,4471,0.3,-1,64.4375,64.4375,0
1786403209343,3849.51,die0,4471,4471,0.3,-1,64.4375,64.4375,0
1786403209443,3849.51,die0,4471,4471,0.3,-1,64.4375,64.4375,0
1786403209543,3849.51,die0,4471,4471,0.3,-1,64.4375,64.4375,0
1786403209643,3849.51,die0,4471,4471,0.3,-1,64.4375,64.4375,0
1786403209743,3849.51,die0,4471,4471,0.3,-1,64.4375,64.4375,0
1786403209843,3832.61,die0,4471,4471,0.3,-1,64.375,64.375,0
1786403209942,3832.61,die0,4471,4471,0.3,-1,64.375,64.375,0
1786403210043,3832.61,die0,4471,4471,0.3,-1,64.375,64.375,0
1786403210143,3832.61,die0,4471,4471,0.3,-1,64.375,64.375,0
1786403210243,3832.61,die0,4471,4471,0.3,-1,64.375,64.375,0
1786403210343,3832.61,die0,4471,4471,0.3,-1,64.375,64.375,0
1786403210443,3832.61,die0,4471,4471,0.3,-1,64.375,64.375,0
1786403210543,3832.61,die0,4471,4471,0.3,-1,64.375,64.375,0
1786403210643,3832.61,die0,4471,4471,0.3,-1,64.375,64.375,0
1786403210743,3832.61,die0,4471,4471,0.3,-1,64.375,64.375,0
1786403210843,3801.32,die0,4471,4471,0.3,-1,64.25,64.25,0
1786403210943,3801.32,die0,4471,4471,0.3,-1,64.25,64.25,0
1786403211043,3801.32,die0,4471,4471,0.3,-1,64.25,64.25,0
1786403211143,3801.32,die0,4471,4471,0.3,-1,64.25,64.25,0
1786403211243,3801.32,die0,4471,4471,0.3,-1,64.25,64.25,0
1786403211343,3801.32,die0,4471,4471,0.3,-1,64.25,64.25,0
1786403211443,3801.32,die0,4471,4471,0.3,-1,64.25,64.25,0
1786403211543,3801.32,die0,4471,4471,0.3,-1,64.25,64.25,0
1786403211642,3801.32,die0,4471,4471,0.3,-1,64.25,64.25,0
1786403211742,3801.32,die0,4471,4471,0.3,-1,64.25,64.25,0
1786403211843,3839.81,die0,4471,4471,0.3,-1,64.4375,64.4375,0
1786403211942,3839.81,die0,4471,4471,0.3,-1,64.4375,64.4375,0
1786403212043,3839.81,die0,4471,4471,0.3,-1,64.4375,64.4375,0
1786403212143,3839.81,die0,4471,4471,0.3,-1,64.4375,64.4375,0
1786403212243,3839.81,die0,4471,4471,0.3,-1,64.4375,64.4375,0
1786403212343,3839.81,die0,4471,4471,0.3,-1,64.4375,64.4375,0
1786403212443,3839.81,die0,4471,4471,0.3,-1,64.4375,64.4375,0
1786403212543,3839.81,die0,4471,4471,0.3,-1,64.4375,64.4375,0
1786403212643,3839.81,die0,4471,4471,0.3,-1,64.4375,64.4375,0
1786403212743,3839.81,die0,4471,4471,0.3,-1,64.4375,64.4375,0
1786403212843,3822.91,die0,4471,4471,0.3,-1,64.375,64.375,0
1786403212943,3822.91,die0,4471,4471,0.3,-1,64.375,64.375,0
1786403213042,3822.91,die0,4471,4471,0.3,-1,64.375,64.375,0
1786403213143,3822.91,die0,4471,4471,0.3,-1,64.375,64.375,0
1786403213243,3822.91,die0,4471,4471,0.3,-1,64.375,64.375,0
1786403213343,3822.91,die0,4471,4471,0.3,-1,64.375,64.375,0
1786403213443,3822.91,die0,4471,4471,0.3,-1,64.375,64.375,0
1786403213543,3822.91,die0,4471,4471,0.3,-1,64.375,64.375,0
1786403213642,3822.91,die0,4471,4471,0.3,-1,64.375,64.375,0
1786403213743,3822.91,die0,4471,4471,0.3,-1,64.375,64.375,0
1786403213842,3819.78,die0,4471,4471,0.3,-1,64.375,64.375,0
1786403213942,3819.78,die0,4471,4471,0.3,-1,64.375,64.375,0
1786403214043,3819.78,die0,4471,4471,0.3,-1,64.375,64.375,0
1786403214143,3819.78,die0,4471,4471,0.3,-1,64.375,64.375,0
1786403214243,3819.78,die0,4471,4471,0.3,-1,64.375,64.375,0
1786403214343,3819.78,die0,4471,4471,0.3,-1,64.375,64.375,0
1786403214443,3819.78,die0,4471,4471,0.3,-1,64.375,64.375,0
1786403214543,3819.78,die0,4471,4471,0.3,-1,64.375,64.375,0
1786403214643,3819.78,die0,4471,4471,0.3,-1,64.375,64.375,0
1786403214743,3819.78,die0,4471,4471,0.3,-1,64.375,64.375,0
1786403214843,3830.73,die0,4471,4471,0.3,-1,64.4375,64.4375,0
1786403214943,3830.73,die0,4471,4471,0.3,-1,64.4375,64.4375,0
1786403215042,3830.73,die0,4471,4471,0.3,-1,64.4375,64.4375,0
1786403215142,3830.73,die0,4471,4471,0.3,-1,64.4375,64.4375,0
1786403215243,3830.73,die0,4471,4471,0.3,-1,64.4375,64.4375,0
1786403215343,3830.73,die0,4471,4471,0.3,-1,64.4375,64.4375,0
1786403215443,3830.73,die0,4471,4471,0.3,-1,64.4375,64.4375,0
1786403215543,3830.73,die0,4471,4471,0.3,-1,64.4375,64.4375,0
1786403215643,3830.73,die0,4471,4471,0.3,-1,64.4375,64.4375,0
1786403215743,3830.73,die0,4471,4471,0.3,-1,64.4375,64.4375,0
1786403215843,3813.83,die0,4471,4471,0.3,-1,64.375,64.375,0
1786403215943,3813.83,die0,4471,4471,0.3,-1,64.375,64.375,0
1786403216042,3813.83,die0,4471,4471,0.3,-1,64.375,64.375,0
1786403216143,3813.83,die0,4471,4471,0.3,-1,64.375,64.375,0
1786403216242,3813.83,die0,4471,4471,0.3,-1,64.375,64.375,0
1786403216343,3813.83,die0,4471,4471,0.3,-1,64.375,64.375,0
1786403216443,3813.83,die0,4471,4471,0.3,-1,64.375,64.375,0
1786403216543,3813.83,die0,4471,4471,0.3,-1,64.375,64.375,0
1786403216643,3813.83,die0,4471,4471,0.3,-1,64.375,64.375,0
1786403216743,3813.83,die0,4471,4471,0.3,-1,64.375,64.375,0
1786403216843,3810.7,die0,4471,4471,0.3,-1,64.375,64.375,0
1786403216943,3810.7,die0,4471,4471,0.3,-1,64.375,64.375,0
1786403217043,3810.7,die0,4471,4471,0.3,-1,64.375,64.375,0
1786403217143,3810.7,die0,4471,4471,0.3,-1,64.375,64.375,0
1786403217242,3810.7,die0,4471,4471,0.3,-1,64.375,64.375,0
1786403217343,3810.7,die0,4471,4471,0.3,-1,64.375,64.375,0
1786403217443,3810.7,die0,4471,4471,0.3,-1,64.375,64.375,0
1786403217543,3810.7,die0,4471,4471,0.3,-1,64.375,64.375,0
1786403217643,3810.7,die0,4471,4471,0.3,-1,64.375,64.375,0
1786403217743,3810.7,die0,4471,4471,0.3,-1,64.375,64.375,0
1786403217842,3835.73,die0,4471,4471,0.3,-1,64.5,64.5,0
1786403217943,3835.73,die0,4471,4471,0.3,-1,64.5,64.5,0
1786403218043,3835.73,die0,4471,4471,0.3,-1,64.5,64.5,0
1786403218143,3835.73,die0,4471,4471,0.3,-1,64.5,64.5,0
1786403218243,3835.73,die0,4471,4471,0.3,-1,64.5,64.5,0
1786403218343,3835.73,die0,4471,4471,0.3,-1,64.5,64.5,0
1786403218443,3835.73,die0,4471,4471,0.3,-1,64.5,64.5,0
1786403218543,3835.73,die0,4471,4471,0.3,-1,64.5,64.5,0
1786403218642,3835.73,die0,4471,4471,0.3,-1,64.5,64.5,0
1786403218743,3835.73,die0,4471,4471,0.3,-1,64.5,64.5,0
1786403218843,3819.14,die0,4471,4471,0.3,-1,64.4375,64.4375,0
1786403218943,3819.14,die0,4471,4471,0.3,-1,64.4375,64.4375,0
1786403219043,3819.14,die0,4471,4471,0.3,-1,64.4375,64.4375,0
1786403219143,3819.14,die0,4471,4471,0.3,-1,64.4375,64.4375,0
1786403219243,3819.14,die0,4471,4471,0.3,-1,64.4375,64.4375,0
1786403219343,3819.14,die0,4471,4471,0.3,-1,64.4375,64.4375,0
1786403219443,3819.14,die0,4471,4471,0.3,-1,64.4375,64.4375,0
1786403219543,3819.14,die0,4471,4471,0.3,-1,64.4375,64.4375,0
1786403219643,3819.14,die0,4471,4471,0.3,-1,64.4375,64.4375,0
1786403219743,3819.14,die0,4471,4471,0.3,-1,64.4375,64.4375,0
1786403219842,3788.16,die0,4471,4471,0.3,-1,64.3125,64.3125,0
1786403219943,3788.16,die0,4471,4471,0.3,-1,64.3125,64.3125,0
1786403220043,3788.16,die0,4471,4471,0.3,-1,64.3125,64.3125,0
1786403220142,3788.16,die0,4471,4471,0.3,-1,64.3125,64.3125,0
1786403220243,3788.16,die0,4471,4471,0.3,-1,64.3125,64.3125,0
1786403220343,3788.16,die0,4471,4471,0.3,-1,64.3125,64.3125,0
1786403220443,3788.16,die0,4471,4471,0.3,-1,64.3125,64.3125,0
1786403220543,3788.16,die0,4471,4471,0.3,-1,64.3125,64.3125,0
1786403220643,3788.16,die0,4471,4471,0.3,-1,64.3125,64.3125,0
1786403220743,3788.16,die0,4471,4471,0.3,-1,64.3125,64.3125,0
1786403220842,3798.8,die0,4471,4471,0.3,-1,64.375,64.375,0
1786403220942,3798.8,die0,4471,4471,0.3,-1,64.375,64.375,0
1786403221042,3798.8,die0,4471,4471,0.3,-1,64.375,64.375,0
1786403221143,3798.8,die0,4471,4471,0.3,-1,64.375,64.375,0
1786403221243,3798.8,die0,4471,4471,0.3,-1,64.375,64.375,0
1786403221343,3798.8,die0,4471,4471,0.3,-1,64.375,64.375,0
1786403221443,3798.8,die0,4471,4471,0.3,-1,64.375,64.375,0
1786403221542,3798.8,die0,4471,4471,0.3,-1,64.375,64.375,0
1786403221642,3798.8,die0,4471,4471,0.3,-1,64.375,64.375,0
1786403221743,3798.8,die0,4471,4471,0.3,-1,64.375,64.375,0
1786403221842,3795.67,die0,4471,4471,0.3,-1,64.375,64.375,0
1786403221943,3795.67,die0,4471,4471,0.3,-1,64.375,64.375,0
1786403222043,3795.67,die0,4471,4471,0.3,-1,64.375,64.375,0
1786403222143,3795.67,die0,4471,4471,0.3,-1,64.375,64.375,0
1786403222243,3795.67,die0,4471,4471,0.3,-1,64.375,64.375,0
1786403222343,3795.67,die0,4471,4471,0.3,-1,64.375,64.375,0
1786403222443,3795.67,die0,4471,4471,0.3,-1,64.375,64.375,0
1786403222543,3795.67,die0,4471,4471,0.3,-1,64.375,64.375,0
1786403222643,3795.67,die0,4471,4471,0.3,-1,64.375,64.375,0
1786403222743,3795.67,die0,4471,4471,0.3,-1,64.375,64.375,0
1786403222842,3778.46,die0,4471,4471,0.3,-1,64.3125,64.3125,0
1786403222943,3778.46,die0,4471,4471,0.3,-1,64.3125,64.3125,0
1786403223042,3778.46,die0,4471,4471,0.3,-1,64.3125,64.3125,0
1786403223143,3778.46,die0,4471,4471,0.3,-1,64.3125,64.3125,0
1786403223243,3778.46,die0,4471,4471,0.3,-1,64.3125,64.3125,0
1786403223342,3778.46,die0,4471,4471,0.3,-1,64.3125,64.3125,0
1786403223442,3778.46,die0,4471,4471,0.3,-1,64.3125,64.3125,0
1786403223542,3778.46,die0,4471,4471,0.3,-1,64.3125,64.3125,0
1786403223643,3778.46,die0,4471,4471,0.3,-1,64.3125,64.3125,0
1786403223743,3778.46,die0,4471,4471,0.3,-1,64.3125,64.3125,0
1786403223843,3789.09,die0,4471,4471,0.3,-1,64.375,64.375,0
1786403223943,3789.09,die0,4471,4471,0.3,-1,64.375,64.375,0
1786403224043,3789.09,die0,4471,4471,0.3,-1,64.375,64.375,0
1786403224142,3789.09,die0,4471,4471,0.3,-1,64.375,64.375,0
1786403224242,3789.09,die0,4471,4471,0.3,-1,64.375,64.375,0
1786403224343,3789.09,die0,4471,4471,0.3,-1,64.375,64.375,0
1786403224442,3789.09,die0,4471,4471,0.3,-1,64.375,64.375,0
1786403224543,3789.09,die0,4471,4471,0.3,-1,64.375,64.375,0
1786403224643,3789.09,die0,4471,4471,0.3,-1,64.375,64.375,0
1786403224743,3789.09,die0,4471,4471,0.3,-1,64.375,64.375,0
1786403224843,3785.96,die0,4471,4471,0.3,-1,64.375,64.375,0
1786403224943,3785.96,die0,4471,4471,0.3,-1,64.375,64.375,0
1786403225043,3785.96,die0,4471,4471,0.3,-1,64.375,64.375,0
1786403225143,3785.96,die0,4471,4471,0.3,-1,64.375,64.375,0
1786403225242,3785.96,die0,4471,4471,0.3,-1,64.375,64.375,0
1786403225343,3785.96,die0,4471,4471,0.3,-1,64.375,64.375,0
1786403225443,3785.96,die0,4471,4471,0.3,-1,64.375,64.375,0
1786403225543,3785.96,die0,4471,4471,0.3,-1,64.375,64.375,0
1786403225643,3785.96,die0,4471,4471,0.3,-1,64.375,64.375,0
1786403225743,3785.96,die0,4471,4471,0.3,-1,64.375,64.375,0
1786403225843,3768.75,die0,4471,4471,0.3,-1,64.3125,64.3125,0
1786403225943,3768.75,die0,4471,4471,0.3,-1,64.3125,64.3125,0
1786403226043,3768.75,die0,4471,4471,0.3,-1,64.3125,64.3125,0
1786403226142,3768.75,die0,4471,4471,0.3,-1,64.3125,64.3125,0
1786403226243,3768.75,die0,4471,4471,0.3,-1,64.3125,64.3125,0
1786403226343,3768.75,die0,4471,4471,0.3,-1,64.3125,64.3125,0
1786403226443,3768.75,die0,4471,4471,0.3,-1,64.3125,64.3125,0
1786403226543,3768.75,die0,4471,4471,0.3,-1,64.3125,64.3125,0
1786403226642,3768.75,die0,4471,4471,0.3,-1,64.3125,64.3125,0
1786403226743,3768.75,die0,4471,4471,0.3,-1,64.3125,64.3125,0
1786403226843,3793.47,die0,4471,4471,0.3,-1,64.4375,64.4375,0
1786403226943,3793.47,die0,4471,4471,0.3,-1,64.4375,64.4375,0
1786403227043,3793.47,die0,4471,4471,0.3,-1,64.4375,64.4375,0
1786403227142,3793.47,die0,4471,4471,0.3,-1,64.4375,64.4375,0
1786403227242,3793.47,die0,4471,4471,0.3,-1,64.4375,64.4375,0
1786403227343,3793.47,die0,4471,4471,0.3,-1,64.4375,64.4375,0
1786403227443,3793.47,die0,4471,4471,0.3,-1,64.4375,64.4375,0
1786403227543,3793.47,die0,4471,4471,0.3,-1,64.4375,64.4375,0
1786403227642,3793.47,die0,4471,4471,0.3,-1,64.4375,64.4375,0
1786403227743,3793.47,die0,4471,4471,0.3,-1,64.4375,64.4375,0
1786403227843,3790.65,die0,4471,4471,0.3,-1,64.4375,64.4375,0
1786403227942,3790.65,die0,4471,4471,0.3,-1,64.4375,64.4375,0
1786403228043,3790.65,die0,4471,4471,0.3,-1,64.4375,64.4375,0
1786403228143,3790.65,die0,4471,4471,0.3,-1,64.4375,64.4375,0
1786403228243,3790.65,die0,4471,4471,0.3,-1,64.4375,64.4375,0
1786403228343,3790.65,die0,4471,4471,0.3,-1,64.4375,64.4375,0
1786403228443,3790.65,die0,4471,4471,0.3,-1,64.4375,64.4375,0
1786403228543,3790.65,die0,4471,4471,0.3,-1,64.4375,64.4375,0
1786403228642,3790.65,die0,4471,4471,0.3,-1,64.4375,64.4375,0
1786403228743,3790.65,die0,4471,4471,0.3,-1,64.4375,64.4375,0
1786403228842,3787.83,die0,4471,4471,0.3,-1,64.4375,64.4375,0
1786403228943,3787.83,die0,4471,4471,0.3,-1,64.4375,64.4375,0
1786403229043,3787.83,die0,4471,4471,0.3,-1,64.4375,64.4375,0
1786403229142,3787.83,die0,4471,4471,0.3,-1,64.4375,64.4375,0
1786403229243,3787.83,die0,4471,4471,0.3,-1,64.4375,64.4375,0
1786403229343,3787.83,die0,4471,4471,0.3,-1,64.4375,64.4375,0
1786403229443,3787.83,die0,4471,4471,0.3,-1,64.4375,64.4375,0
1786403229542,3787.83,die0,4471,4471,0.3,-1,64.4375,64.4375,0
1786403229643,3787.83,die0,4471,4471,0.3,-1,64.4375,64.4375,0
1786403229743,3787.83,die0,4471,4471,0.3,-1,64.4375,64.4375,0
1786403229843,3770.93,die0,4471,4471,0.3,-1,64.375,64.375,0
1786403229942,3770.93,die0,4471,4471,0.3,-1,64.375,64.375,0
1786403230042,3770.93,die0,4471,4471,0.3,-1,64.375,64.375,0
1786403230143,3770.93,die0,4471,4471,0.3,-1,64.375,64.375,0
1786403230243,3770.93,die0,4471,4471,0.3,-1,64.375,64.375,0
1786403230343,3770.93,die0,4471,4471,0.3,-1,64.375,64.375,0
1786403230443,3770.93,die0,4471,4471,0.3,-1,64.375,64.375,0
1786403230543,3770.93,die0,4471,4471,0.3,-1,64.375,64.375,0
1786403230643,3770.93,die0,4471,4471,0.3,-1,64.375,64.375,0
1786403230743,3770.93,die0,4471,4471,0.3,-1,64.375,64.375,0
1786403230843,3767.8,die0,4471,4471,0.3,-1,64.375,64.375,0
1786403230943,3767.8,die0,4471,4471,0.3,-1,64.375,64.375,0
1786403231043,3767.8,die0,4471,4471,0.3,-1,64.375,64.375,0
1786403231143,3767.8,die0,4471,4471,0.3,-1,64.375,64.375,0
1786403231243,3767.8,die0,4471,4471,0.3,-1,64.375,64.375,0
1786403231343,3767.8,die0,4471,4471,0.3,-1,64.375,64.375,0
1786403231443,3767.8,die0,4471,4471,0.3,-1,64.375,64.375,0
1786403231543,3767.8,die0,4471,4471,0.3,-1,64.375,64.375,0
1786403231643,3767.8,die0,4471,4471,0.3,-1,64.375,64.375,0
1786403231743,3767.8,die0,4471,4471,0.3,-1,64.375,64.375,0
1786403231842,3764.67,die0,4471,4471,0.3,-1,64.375,64.375,0
1786403231942,3764.67,die0,4471,4471,0.3,-1,64.375,64.375,0
1786403232042,3764.67,die0,4471,4471,0.3,-1,64.375,64.375,0
1786403232142,3764.67,die0,4471,4471,0.3,-1,64.375,64.375,0
1786403232242,3764.67,die0,4471,4471,0.3,-1,64.375,64.375,0
1786403232342,3764.67,die0,4471,4471,0.3,-1,64.375,64.375,0
1786403232442,3764.67,die0,4471,4471,0.3,-1,64.375,64.375,0
1786403232543,3764.67,die0,4471,4471,0.3,-1,64.375,64.375,0
1786403232643,3764.67,die0,4471,4471,0.3,-1,64.375,64.375,0
1786403232743,3764.67,die0,4471,4471,0.3,-1,64.375,64.375,0
1786403232843,3775.62,die0,4471,4471,0.3,-1,64.4375,64.4375,0
1786403232943,3775.62,die0,4471,4471,0.3,-1,64.4375,64.4375,0
1786403233043,3775.62,die0,4471,4471,0.3,-1,64.4375,64.4375,0
1786403233142,3775.62,die0,4471,4471,0.3,-1,64.4375,64.4375,0
1786403233243,3775.62,die0,4471,4471,0.3,-1,64.4375,64.4375,0
1786403233343,3775.62,die0,4471,4471,0.3,-1,64.4375,64.4375,0
1786403233443,3775.62,die0,4471,4471,0.3,-1,64.4375,64.4375,0
1786403233543,3775.62,die0,4471,4471,0.3,-1,64.4375,64.4375,0
1786403233643,3775.62,die0,4471,4471,0.3,-1,64.4375,64.4375,0
1786403233743,3775.62,die0,4471,4471,0.3,-1,64.4375,64.4375,0
1786403233843,3786.89,die0,4471,4471,0.3,-1,64.5,64.5,0
1786403233942,3786.89,die0,4471,4471,0.3,-1,64.5,64.5,0
1786403234043,3786.89,die0,4471,4471,0.3,-1,64.5,64.5,0
1786403234143,3786.89,die0,4471,4471,0.3,-1,64.5,64.5,0
1786403234243,3786.89,die0,4471,4471,0.3,-1,64.5,64.5,0
1786403234343,3786.89,die0,4471,4471,0.3,-1,64.5,64.5,0
1786403234442,3786.89,die0,4471,4471,0.3,-1,64.5,64.5,0
1786403234543,3786.89,die0,4471,4471,0.3,-1,64.5,64.5,0
1786403234643,3786.89,die0,4471,4471,0.3,-1,64.5,64.5,0
1786403234743,3786.89,die0,4471,4471,0.3,-1,64.5,64.5,0
1786403234843,3784.38,die0,4471,4471,0.3,-1,64.5,64.5,0
1786403234943,3784.38,die0,4471,4471,0.3,-1,64.5,64.5,0
1786403235043,3784.38,die0,4471,4471,0.3,-1,64.5,64.5,0
1786403235142,3784.38,die0,4471,4471,0.3,-1,64.5,64.5,0
1786403235242,3784.38,die0,4471,4471,0.3,-1,64.5,64.5,0
1786403235342,3784.38,die0,4471,4471,0.3,-1,64.5,64.5,0
1786403235442,3784.38,die0,4471,4471,0.3,-1,64.5,64.5,0
1786403235542,3784.38,die0,4471,4471,0.3,-1,64.5,64.5,0
1786403235642,3784.38,die0,4471,4471,0.3,-1,64.5,64.5,0
1786403235742,3784.38,die0,4471,4471,0.3,-1,64.5,64.5,0
1786403235842,3739.63,die0,4471,4471,0.3,-1,64.3125,64.3125,0
1786403235943,3739.63,die0,4471,4471,0.3,-1,64.3125,64.3125,0
1786403236042,3739.63,die0,4471,4471,0.3,-1,64.3125,64.3125,0
1786403236142,3739.63,die0,4471,4471,0.3,-1,64.3125,64.3125,0
1786403236242,3739.63,die0,4471,4471,0.3,-1,64.3125,64.3125,0
1786403236342,3739.63,die0,4471,4471,0.3,-1,64.3125,64.3125,0
1786403236443,3739.63,die0,4471,4471,0.3,-1,64.3125,64.3125,0
1786403236542,3739.63,die0,4471,4471,0.3,-1,64.3125,64.3125,0
1786403236642,3739.63,die0,4471,4471,0.3,-1,64.3125,64.3125,0
1786403236742,3739.63,die0,4471,4471,0.3,-1,64.3125,64.3125,0
1786403236842,3722.11,die0,4471,4471,0.3,-1,64.25,64.25,0
1786403236942,3722.11,die0,4471,4471,0.3,-1,64.25,64.25,0
1786403237042,3722.11,die0,4471,4471,0.3,-1,64.25,64.25,0
1786403237142,3722.11,die0,4471,4471,0.3,-1,64.25,64.25,0
1786403237242,3722.11,die0,4471,4471,0.3,-1,64.25,64.25,0
1786403237342,3722.11,die0,4471,4471,0.3,-1,64.25,64.25,0
1786403237442,3722.11,die0,4471,4471,0.3,-1,64.25,64.25,0
1786403237542,3722.11,die0,4471,4471,0.3,-1,64.25,64.25,0
1786403237642,3722.11,die0,4471,4471,0.3,-1,64.25,64.25,0
1786403237742,3722.11,die0,4471,4471,0.3,-1,64.25,64.25,0
1786403237842,3760.59,die0,4471,4471,0.3,-1,64.4375,64.4375,0
1786403237942,3760.59,die0,4471,4471,0.3,-1,64.4375,64.4375,0
1786403238042,3760.59,die0,4471,4471,0.3,-1,64.4375,64.4375,0
1786403238142,3760.59,die0,4471,4471,0.3,-1,64.4375,64.4375,0
1786403238242,3760.59,die0,4471,4471,0.3,-1,64.4375,64.4375,0
1786403238342,3760.59,die0,4471,4471,0.3,-1,64.4375,64.4375,0
1786403238442,3760.59,die0,4471,4471,0.3,-1,64.4375,64.4375,0
1786403238542,3760.59,die0,4471,4471,0.3,-1,64.4375,64.4375,0
1786403238642,3760.59,die0,4471,4471,0.3,-1,64.4375,64.4375,0
1786403238742,3760.59,die0,4471,4471,0.3,-1,64.4375,64.4375,0
1786403238842,3757.78,die0,4471,4471,0.3,-1,64.4375,64.4375,0
1786403238942,3757.78,die0,4471,4471,0.3,-1,64.4375,64.4375,0
1786403239042,3757.78,die0,4471,4471,0.3,-1,64.4375,64.4375,0
1786403239142,3757.78,die0,4471,4471,0.3,-1,64.4375,64.4375,0
1786403239242,3757.78,die0,4471,4471,0.3,-1,64.4375,64.4375,0
1786403239342,3757.78,die0,4471,4471,0.3,-1,64.4375,64.4375,0
1786403239442,3757.78,die0,4471,4471,0.3,-1,64.4375,64.4375,0
1786403239542,3757.78,die0,4471,4471,0.3,-1,64.4375,64.4375,0
1786403239643,3757.78,die0,4471,4471,0.3,-1,64.4375,64.4375,0
1786403239742,3757.78,die0,4471,4471,0.3,-1,64.4375,64.4375,0
1786403239843,3754.96,die0,4471,4471,0.3,-1,64.4375,64.4375,0
1786403239942,3754.96,die0,4471,4471,0.3,-1,64.4375,64.4375,0
1786403240042,3754.96,die0,4471,4471,0.3,-1,64.4375,64.4375,0
1786403240142,3754.96,die0,4471,4471,0.3,-1,64.4375,64.4375,0
1786403240242,3754.96,die0,4471,4471,0.3,-1,64.4375,64.4375,0
1786403240342,3754.96,die0,4471,4471,0.3,-1,64.4375,64.4375,0
1786403240442,3754.96,die0,4471,4471,0.3,-1,64.4375,64.4375,0
1786403240542,3754.96,die0,4471,4471,0.3,-1,64.4375,64.4375,0
1786403240642,3754.96,die0,4471,4471,0.3,-1,64.4375,64.4375,0
1786403240743,3754.96,die0,4471,4471,0.3,-1,64.4375,64.4375,0
1786403240842,3752.14,die0,4471,4471,0.3,-1,64.4375,64.4375,0
1786403240942,3752.14,die0,4471,4471,0.3,-1,64.4375,64.4375,0
1786403241042,3752.14,die0,4471,4471,0.3,-1,64.4375,64.4375,0
1786403241142,3752.14,die0,4471,4471,0.3,-1,64.4375,64.4375,0
1786403241242,3752.14,die0,4471,4471,0.3,-1,64.4375,64.4375,0
1786403241342,3752.14,die0,4471,4471,0.3,-1,64.4375,64.4375,0
1786403241442,3752.14,die0,4471,4471,0.3,-1,64.4375,64.4375,0
1786403241542,3752.14,die0,4471,4471,0.3,-1,64.4375,64.4375,0
1786403241642,3752.14,die0,4471,4471,0.3,-1,64.4375,64.4375,0
1786403241742,3752.14,die0,4471,4471,0.3,-1,64.4375,64.4375,0
1786403241842,3749.32,die0,4471,4471,0.3,-1,64.4375,64.4375,0
1786403241942,3749.32,die0,4471,4471,0.3,-1,64.4375,64.4375,0
1786403242042,3749.32,die0,4471,4471,0.3,-1,64.4375,64.4375,0
1786403242143,3749.32,die0,4471,4471,0.3,-1,64.4375,64.4375,0
1786403242242,3749.32,die0,4471,4471,0.3,-1,64.4375,64.4375,0
1786403242342,3749.32,die0,4471,4471,0.3,-1,64.4375,64.4375,0
1786403242442,3749.32,die0,4471,4471,0.3,-1,64.4375,64.4375,0
1786403242542,3749.32,die0,4471,4471,0.3,-1,64.4375,64.4375,0
1786403242642,3749.32,die0,4471,4471,0.3,-1,64.4375,64.4375,0
1786403242742,3749.32,die0,4471,4471,0.3,-1,64.4375,64.4375,0
1786403242842,3732.42,die0,4471,4471,0.3,-1,64.375,64.375,0
1786403242942,3732.42,die0,4471,4471,0.3,-1,64.375,64.375,0
1786403243042,3732.42,die0,4471,4471,0.3,-1,64.375,64.375,0
1786403243142,3732.42,die0,4471,4471,0.3,-1,64.375,64.375,0
1786403243242,3732.42,die0,4471,4471,0.3,-1,64.375,64.375,0
1786403243346,3732.42,die0,4471,4471,0.3,-1,64.375,64.375,0
1786403243442,3732.42,die0,4471,4471,0.3,-1,64.375,64.375,0
1786403243542,3732.42,die0,4471,4471,0.3,-1,64.375,64.375,0
1786403243642,3732.42,die0,4471,4471,0.3,-1,64.375,64.375,0
1786403243742,3732.42,die0,4471,4471,0.3,-1,64.375,64.375,0
1786403243842,3715.21,die0,4471,4471,0.3,-1,64.3125,64.3125,0
1786403243942,3715.21,die0,4471,4471,0.3,-1,64.3125,64.3125,0
1786403244042,3715.21,die0,4471,4471,0.3,-1,64.3125,64.3125,0
1786403244143,3715.21,die0,4471,4471,0.3,-1,64.3125,64.3125,0
1786403244242,3715.21,die0,4471,4471,0.3,-1,64.3125,64.3125,0
1786403244342,3715.21,die0,4471,4471,0.3,-1,64.3125,64.3125,0
1786403244442,3715.21,die0,4471,4471,0.3,-1,64.3125,64.3125,0
1786403244542,3715.21,die0,4471,4471,0.3,-1,64.3125,64.3125,0
1786403244642,3715.21,die0,4471,4471,0.3,-1,64.3125,64.3125,0
1786403244742,3715.21,die0,4471,4471,0.3,-1,64.3125,64.3125,0
1786403244842,3739.93,die0,4471,4471,0.3,-1,64.4375,64.4375,0
1786403244942,3739.93,die0,4471,4471,0.3,-1,64.4375,64.4375,0
1786403245042,3739.93,die0,4471,4471,0.3,-1,64.4375,64.4375,0
1786403245142,3739.93,die0,4471,4471,0.3,-1,64.4375,64.4375,0
1786403245242,3739.93,die0,4471,4471,0.3,-1,64.4375,64.4375,0
1786403245342,3739.93,die0,4471,4471,0.3,-1,64.4375,64.4375,0
1786403245442,3739.93,die0,4471,4471,0.3,-1,64.4375,64.4375,0
1786403245542,3739.93,die0,4471,4471,0.3,-1,64.4375,64.4375,0
1786403245642,3739.93,die0,4471,4471,0.3,-1,64.4375,64.4375,0
1786403245742,3739.93,die0,4471,4471,0.3,-1,64.4375,64.4375,0
1786403245842,3723.03,die0,4471,4471,0.3,-1,64.375,64.375,0
1786403245942,3723.03,die0,4471,4471,0.3,-1,64.375,64.375,0
1786403246042,3723.03,die0,4471,4471,0.3,-1,64.375,64.375,0
1786403246142,3723.03,die0,4471,4471,0.3,-1,64.375,64.375,0
1786403246247,3723.03,die0,4471,4471,0.3,-1,64.375,64.375,0
1786403246342,3723.03,die0,4471,4471,0.3,-1,64.375,64.375,0
1786403246442,3723.03,die0,4471,4471,0.3,-1,64.375,64.375,0
1786403246542,3723.03,die0,4471,4471,0.3,-1,64.375,64.375,0
1786403246642,3723.03,die0,4471,4471,0.3,-1,64.375,64.375,0
1786403246742,3723.03,die0,4471,4471,0.3,-1,64.375,64.375,0
1786403246842,3719.9,die0,4471,4471,0.3,-1,64.375,64.375,0
1786403246942,3719.9,die0,4471,4471,0.3,-1,64.375,64.375,0
1786403247042,3719.9,die0,4471,4471,0.3,-1,64.375,64.375,0
1786403247142,3719.9,die0,4471,4471,0.3,-1,64.375,64.375,0
1786403247243,3719.9,die0,4471,4471,0.3,-1,64.375,64.375,0
1786403247342,3719.9,die0,4471,4471,0.3,-1,64.375,64.375,0
1786403247442,3719.9,die0,4471,4471,0.3,-1,64.375,64.375,0
1786403247542,3719.9,die0,4471,4471,0.3,-1,64.375,64.375,0
1786403247642,3719.9,die0,4471,4471,0.3,-1,64.375,64.375,0
1786403247742,3719.9,die0,4471,4471,0.3,-1,64.375,64.375,0
1786403247842,3716.77,die0,4471,4471,0.3,-1,64.375,64.375,0
1786403247942,3716.77,die0,4471,4471,0.3,-1,64.375,64.375,0
1786403248042,3716.77,die0,4471,4471,0.3,-1,64.375,64.375,0
1786403248142,3716.77,die0,4471,4471,0.3,-1,64.375,64.375,0
1786403248242,3716.77,die0,4471,4471,0.3,-1,64.375,64.375,0
1786403248342,3716.77,die0,4471,4471,0.3,-1,64.375,64.375,0
1786403248442,3716.77,die0,4471,4471,0.3,-1,64.375,64.375,0
1786403248542,3716.77,die0,4471,4471,0.3,-1,64.375,64.375,0
1786403248642,3716.77,die0,4471,4471,0.3,-1,64.375,64.375,0
1786403248742,3716.77,die0,4471,4471,0.3,-1,64.375,64.375,0
1786403248842,3713.64,die0,4471,4471,0.3,-1,64.375,64.375,0
1786403248942,3713.64,die0,4471,4471,0.3,-1,64.375,64.375,0
1786403249042,3713.64,die0,4471,4471,0.3,-1,64.375,64.375,0
1786403249142,3713.64,die0,4471,4471,0.3,-1,64.375,64.375,0
1786403249243,3713.64,die0,4471,4471,0.3,-1,64.375,64.375,0
1786403249342,3713.64,die0,4471,4471,0.3,-1,64.375,64.375,0
1786403249442,3713.64,die0,4471,4471,0.3,-1,64.375,64.375,0
1786403249542,3713.64,die0,4471,4471,0.3,-1,64.375,64.375,0
1786403249642,3713.64,die0,4471,4471,0.3,-1,64.375,64.375,0
1786403249742,3713.64,die0,4471,4471,0.3,-1,64.375,64.375,0
1786403249842,3724.59,die0,4471,4471,0.3,-1,64.4375,64.4375,0
1786403249942,3724.59,die0,4471,4471,0.3,-1,64.4375,64.4375,0
1786403250046,3724.59,die0,4471,4471,0.3,-1,64.4375,64.4375,0
1786403250142,3724.59,die0,4471,4471,0.3,-1,64.4375,64.4375,0
1786403250242,3724.59,die0,4471,4471,0.3,-1,64.4375,64.4375,0
1786403250342,3724.59,die0,4471,4471,0.3,-1,64.4375,64.4375,0
1786403250442,3724.59,die0,4471,4471,0.3,-1,64.4375,64.4375,0
1786403250543,3724.59,die0,4471,4471,0.3,-1,64.4375,64.4375,0
1786403250642,3724.59,die0,4471,4471,0.3,-1,64.4375,64.4375,0
1786403250742,3724.59,die0,4471,4471,0.3,-1,64.4375,64.4375,0
1786403250842,3707.69,die0,4471,4471,0.3,-1,64.375,64.375,0
1786403250942,3707.69,die0,4471,4471,0.3,-1,64.375,64.375,0
1786403251042,3707.69,die0,4471,4471,0.3,-1,64.375,64.375,0
1786403251142,3707.69,die0,4471,4471,0.3,-1,64.375,64.375,0
1786403251242,3707.69,die0,4471,4471,0.3,-1,64.375,64.375,0
1786403251342,3707.69,die0,4471,4471,0.3,-1,64.375,64.375,0
1786403251442,3707.69,die0,4471,4471,0.3,-1,64.375,64.375,0
1786403251542,3707.69,die0,4471,4471,0.3,-1,64.375,64.375,0
1786403251642,3707.69,die0,4471,4471,0.3,-1,64.375,64.375,0
1786403251742,3707.69,die0,4471,4471,0.3,-1,64.375,64.375,0
1786403251842,3704.56,die0,4471,4471,0.3,-1,64.375,64.375,0
1786403251942,3704.56,die0,4471,4471,0.3,-1,64.375,64.375,0
1786403252042,3704.56,die0,4471,4471,0.3,-1,64.375,64.375,0
1786403252142,3704.56,die0,4471,4471,0.3,-1,64.375,64.375,0
1786403252242,3704.56,die0,4471,4471,0.3,-1,64.375,64.375,0
1786403252342,3704.56,die0,4471,4471,0.3,-1,64.375,64.375,0
1786403252442,3704.56,die0,4471,4471,0.3,-1,64.375,64.375,0
1786403252542,3704.56,die0,4471,4471,0.3,-1,64.375,64.375,0
1786403252642,3704.56,die0,4471,4471,0.3,-1,64.375,64.375,0
1786403252742,3704.56,die0,4471,4471,0.3,-1,64.375,64.375,0
1786403252842,3701.43,die0,4471,4471,0.3,-1,64.375,64.375,0
1786403252942,3701.43,die0,4471,4471,0.3,-1,64.375,64.375,0
1786403253042,3701.43,die0,4471,4471,0.3,-1,64.375,64.375,0
1786403253142,3701.43,die0,4471,4471,0.3,-1,64.375,64.375,0
1786403253242,3701.43,die0,4471,4471,0.3,-1,64.375,64.375,0
1786403253342,3701.43,die0,4471,4471,0.3,-1,64.375,64.375,0
1786403253442,3701.43,die0,4471,4471,0.3,-1,64.375,64.375,0
1786403253542,3701.43,die0,4471,4471,0.3,-1,64.375,64.375,0
1786403253642,3701.43,die0,4471,4471,0.3,-1,64.375,64.375,0
1786403253742,3701.43,die0,4471,4471,0.3,-1,64.375,64.375,0
1786403253842,3712.38,die0,4471,4471,0.3,-1,64.4375,64.4375,0
1786403253942,3712.38,die0,4471,4471,0.3,-1,64.4375,64.4375,0
1786403254042,3712.38,die0,4471,4471,0.3,-1,64.4375,64.4375,0
1786403254142,3712.38,die0,4471,4471,0.3,-1,64.4375,64.4375,0
1786403254242,3712.38,die0,4471,4471,0.3,-1,64.4375,64.4375,0
1786403254342,3712.38,die0,4471,4471,0.3,-1,64.4375,64.4375,0
1786403254442,3712.38,die0,4471,4471,0.3,-1,64.4375,64.4375,0
1786403254542,3712.38,die0,4471,4471,0.3,-1,64.4375,64.4375,0
1786403254643,3712.38,die0,4471,4471,0.3,-1,64.4375,64.4375,0
1786403254743,3712.38,die0,4471,4471,0.3,-1,64.4375,64.4375,0
1786403254842,3681.4,die0,4471,4471,0.3,-1,64.3125,64.3125,0
1786403254942,3681.4,die0,4471,4471,0.3,-1,64.3125,64.3125,0
1786403255042,3681.4,die0,4471,4471,0.3,-1,64.3125,64.3125,0
1786403255142,3681.4,die0,4471,4471,0.3,-1,64.3125,64.3125,0
1786403255242,3681.4,die0,4471,4471,0.3,-1,64.3125,64.3125,0
1786403255346,3681.4,die0,4471,4471,0.3,-1,64.3125,64.3125,0
1786403255442,3681.4,die0,4471,4471,0.3,-1,64.3125,64.3125,0
1786403255542,3681.4,die0,4471,4471,0.3,-1,64.3125,64.3125,0
1786403255642,3681.4,die0,4471,4471,0.3,-1,64.3125,64.3125,0
1786403255742,3681.4,die0,4471,4471,0.3,-1,64.3125,64.3125,0
1786403255842,3706.12,die0,4471,4471,0.3,-1,64.4375,64.4375,0
1786403255942,3706.12,die0,4471,4471,0.3,-1,64.4375,64.4375,0
1786403256042,3706.12,die0,4471,4471,0.3,-1,64.4375,64.4375,0
1786403256142,3706.12,die0,4471,4471,0.3,-1,64.4375,64.4375,0
1786403256242,3706.12,die0,4471,4471,0.3,-1,64.4375,64.4375,0
1786403256342,3706.12,die0,4471,4471,0.3,-1,64.4375,64.4375,0
1786403256442,3706.12,die0,4471,4471,0.3,-1,64.4375,64.4375,0
1786403256542,3706.12,die0,4471,4471,0.3,-1,64.4375,64.4375,0
1786403256642,3706.12,die0,4471,4471,0.3,-1,64.4375,64.4375,0
1786403256742,3706.12,die0,4471,4471,0.3,-1,64.4375,64.4375,0
1786403256842,3717.38,die0,4471,4471,0.3,-1,64.5,64.5,0
1786403256946,3717.38,die0,4471,4471,0.3,-1,64.5,64.5,0
1786403257042,3717.38,die0,4471,4471,0.3,-1,64.5,64.5,0
1786403257142,3717.38,die0,4471,4471,0.3,-1,64.5,64.5,0
1786403257242,3717.38,die0,4471,4471,0.3,-1,64.5,64.5,0
1786403257342,3717.38,die0,4471,4471,0.3,-1,64.5,64.5,0
1786403257442,3717.38,die0,4471,4471,0.3,-1,64.5,64.5,0
1786403257542,3717.38,die0,4471,4471,0.3,-1,64.5,64.5,0
1786403257642,3717.38,die0,4471,4471,0.3,-1,64.5,64.5,0
1786403257742,3717.38,die0,4471,4471,0.3,-1,64.5,64.5,0
1786403257842,3686.71,die0,4471,4471,0.3,-1,64.375,64.375,0
1786403257942,3686.71,die0,4471,4471,0.3,-1,64.375,64.375,0
1786403258042,3686.71,die0,4471,4471,0.3,-1,64.375,64.375,0
1786403258142,3686.71,die0,4471,4471,0.3,-1,64.375,64.375,0
1786403258242,3686.71,die0,4471,4471,0.3,-1,64.375,64.375,0
1786403258342,3686.71,die0,4471,4471,0.3,-1,64.375,64.375,0
1786403258442,3686.71,die0,4471,4471,0.3,-1,64.375,64.375,0
1786403258542,3686.71,die0,4471,4471,0.3,-1,64.375,64.375,0
1786403258642,3686.71,die0,4471,4471,0.3,-1,64.375,64.375,0
1786403258742,3686.71,die0,4471,4471,0.3,-1,64.375,64.375,0
1786403258842,3683.58,die0,4471,4471,0.3,-1,64.375,64.375,0
1786403258942,3683.58,die0,4471,4471,0.3,-1,64.375,64.375,0
1786403259042,3683.58,die0,4471,4471,0.3,-1,64.375,64.375,0
1786403259142,3683.58,die0,4471,4471,0.3,-1,64.375,64.375,0
1786403259242,3683.58,die0,4471,4471,0.3,-1,64.375,64.375,0
1786403259342,3683.58,die0,4471,4471,0.3,-1,64.375,64.375,0
1786403259442,3683.58,die0,4471,4471,0.3,-1,64.375,64.375,0
1786403259542,3683.58,die0,4471,4471,0.3,-1,64.375,64.375,0
1786403259643,3683.58,die0,4471,4471,0.3,-1,64.375,64.375,0
1786403259742,3683.58,die0,4471,4471,0.3,-1,64.375,64.375,0
1786403259842,3680.45,die0,4471,4471,0.3,-1,64.375,64.375,0
1786403259942,3680.45,die0,4471,4471,0.3,-1,64.375,64.375,0
1786403260042,3680.45,die0,4471,4471,0.3,-1,64.375,64.375,0
1786403260142,3680.45,die0,4471,4471,0.3,-1,64.375,64.375,0
1786403260242,3680.45,die0,4471,4471,0.3,-1,64.375,64.375,0
1786403260342,3680.45,die0,4471,4471,0.3,-1,64.375,64.375,0
1786403260442,3680.45,die0,4471,4471,0.3,-1,64.375,64.375,0
1786403260542,3680.45,die0,4471,4471,0.3,-1,64.375,64.375,0
1786403260643,3680.45,die0,4471,4471,0.3,-1,64.375,64.375,0
1786403260743,3680.45,die0,4471,4471,0.3,-1,64.375,64.375,0
1786403260842,3705.48,die0,4471,4471,0.3,-1,64.5,64.5,0
1786403260942,3705.48,die0,4471,4471,0.3,-1,64.5,64.5,0
1786403261042,3705.48,die0,4471,4471,0.3,-1,64.5,64.5,0
1786403261142,3705.48,die0,4471,4471,0.3,-1,64.5,64.5,0
1786403261242,3705.48,die0,4471,4471,0.3,-1,64.5,64.5,0
1786403261343,3705.48,die0,4471,4471,0.3,-1,64.5,64.5,0
1786403261442,3705.48,die0,4471,4471,0.3,-1,64.5,64.5,0
1786403261543,3705.48,die0,4471,4471,0.3,-1,64.5,64.5,0
1786403261646,3705.48,die0,4471,4471,0.3,-1,64.5,64.5,0
1786403261742,3705.48,die0,4471,4471,0.3,-1,64.5,64.5,0
1786403261842,3674.81,die0,4471,4471,0.3,-1,64.375,64.375,0
1786403261942,3674.81,die0,4471,4471,0.3,-1,64.375,64.375,0
1786403262042,3674.81,die0,4471,4471,0.3,-1,64.375,64.375,0
1786403262142,3674.81,die0,4471,4471,0.3,-1,64.375,64.375,0
1786403262242,3674.81,die0,4471,4471,0.3,-1,64.375,64.375,0
1786403262343,3674.81,die0,4471,4471,0.3,-1,64.375,64.375,0
1786403262442,3674.81,die0,4471,4471,0.3,-1,64.375,64.375,0
1786403262542,3674.81,die0,4471,4471,0.3,-1,64.375,64.375,0
1786403262642,3674.81,die0,4471,4471,0.3,-1,64.375,64.375,0
1786403262742,3674.81,die0,4471,4471,0.3,-1,64.375,64.375,0
1786403262842,3685.76,die0,4471,4471,0.3,-1,64.4375,64.4375,0
1786403262942,3685.76,die0,4471,4471,0.3,-1,64.4375,64.4375,0
1786403263043,3685.76,die0,4471,4471,0.3,-1,64.4375,64.4375,0
1786403263142,3685.76,die0,4471,4471,0.3,-1,64.4375,64.4375,0
1786403263242,3685.76,die0,4471,4471,0.3,-1,64.4375,64.4375,0
1786403263342,3685.76,die0,4471,4471,0.3,-1,64.4375,64.4375,0
1786403263442,3685.76,die0,4471,4471,0.3,-1,64.4375,64.4375,0
1786403263542,3685.76,die0,4471,4471,0.3,-1,64.4375,64.4375,0
1786403263642,3685.76,die0,4471,4471,0.3,-1,64.4375,64.4375,0
1786403263742,3685.76,die0,4471,4471,0.3,-1,64.4375,64.4375,0
1786403263842,3682.95,die0,4471,4471,0.3,-1,64.4375,64.4375,0
1786403263942,3682.95,die0,4471,4471,0.3,-1,64.4375,64.4375,0
1786403264042,3682.95,die0,4471,4471,0.3,-1,64.4375,64.4375,0
1786403264142,3682.95,die0,4471,4471,0.3,-1,64.4375,64.4375,0
1786403264242,3682.95,die0,4471,4471,0.3,-1,64.4375,64.4375,0
1786403264342,3682.95,die0,4471,4471,0.3,-1,64.4375,64.4375,0
1786403264442,3682.95,die0,4471,4471,0.3,-1,64.4375,64.4375,0
1786403264543,3682.95,die0,4471,4471,0.3,-1,64.4375,64.4375,0
1786403264642,3682.95,die0,4471,4471,0.3,-1,64.4375,64.4375,0
1786403264742,3682.95,die0,4471,4471,0.3,-1,64.4375,64.4375,0
1786403264842,3666.05,die0,4471,4471,0.3,-1,64.375,64.375,0
1786403264942,3666.05,die0,4471,4471,0.3,-1,64.375,64.375,0
1786403265042,3666.05,die0,4471,4471,0.3,-1,64.375,64.375,0
1786403265142,3666.05,die0,4471,4471,0.3,-1,64.375,64.375,0
1786403265242,3666.05,die0,4471,4471,0.3,-1,64.375,64.375,0
1786403265342,3666.05,die0,4471,4471,0.3,-1,64.375,64.375,0
1786403265442,3666.05,die0,4471,4471,0.3,-1,64.375,64.375,0
1786403265543,3666.05,die0,4471,4471,0.3,-1,64.375,64.375,0
1786403265642,3666.05,die0,4471,4471,0.3,-1,64.375,64.375,0
1786403265742,3666.05,die0,4471,4471,0.3,-1,64.375,64.375,0
1786403265842,3662.92,die0,4471,4471,0.3,-1,64.375,64.375,0
1786403265942,3662.92,die0,4471,4471,0.3,-1,64.375,64.375,0
1786403266042,3662.92,die0,4471,4471,0.3,-1,64.375,64.375,0
1786403266142,3662.92,die0,4471,4471,0.3,-1,64.375,64.375,0
1786403266242,3662.92,die0,4471,4471,0.3,-1,64.375,64.375,0
1786403266342,3662.92,die0,4471,4471,0.3,-1,64.375,64.375,0
1786403266442,3662.92,die0,4471,4471,0.3,-1,64.375,64.375,0
1786403266542,3662.92,die0,4471,4471,0.3,-1,64.375,64.375,0
1786403266642,3662.92,die0,4471,4471,0.3,-1,64.375,64.375,0
1786403266742,3662.92,die0,4471,4471,0.3,-1,64.375,64.375,0
1786403266842,3673.87,die0,4471,4471,0.3,-1,64.4375,64.4375,0
1786403266942,3673.87,die0,4471,4471,0.3,-1,64.4375,64.4375,0
1786403267042,3673.87,die0,4471,4471,0.3,-1,64.4375,64.4375,0
1786403267142,3673.87,die0,4471,4471,0.3,-1,64.4375,64.4375,0
1786403267242,3673.87,die0,4471,4471,0.3,-1,64.4375,64.4375,0
1786403267342,3673.87,die0,4471,4471,0.3,-1,64.4375,64.4375,0
1786403267442,3673.87,die0,4471,4471,0.3,-1,64.4375,64.4375,0
1786403267542,3673.87,die0,4471,4471,0.3,-1,64.4375,64.4375,0
1786403267642,3673.87,die0,4471,4471,0.3,-1,64.4375,64.4375,0
1786403267742,3673.87,die0,4471,4471,0.3,-1,64.4375,64.4375,0
1786403267842,3671.05,die0,4471,4471,0.3,-1,64.4375,64.4375,0
1786403267942,3671.05,die0,4471,4471,0.3,-1,64.4375,64.4375,0
1786403268042,3671.05,die0,4471,4471,0.3,-1,64.4375,64.4375,0
1786403268143,3671.05,die0,4471,4471,0.3,-1,64.4375,64.4375,0
1786403268242,3671.05,die0,4471,4471,0.3,-1,64.4375,64.4375,0
1786403268342,3671.05,die0,4471,4471,0.3,-1,64.4375,64.4375,0
1786403268442,3671.05,die0,4471,4471,0.3,-1,64.4375,64.4375,0
1786403268546,3671.05,die0,4471,4471,0.3,-1,64.4375,64.4375,0
1786403268642,3671.05,die0,4471,4471,0.3,-1,64.4375,64.4375,0
1786403268742,3671.05,die0,4471,4471,0.3,-1,64.4375,64.4375,0
1786403268842,3682.31,die0,4471,4471,0.3,-1,64.5,64.5,0
1786403268942,3682.31,die0,4471,4471,0.3,-1,64.5,64.5,0
1786403269042,3682.31,die0,4471,4471,0.3,-1,64.5,64.5,0
1786403269142,3682.31,die0,4471,4471,0.3,-1,64.5,64.5,0
1786403269242,3682.31,die0,4471,4471,0.3,-1,64.5,64.5,0
1786403269342,3682.31,die0,4471,4471,0.3,-1,64.5,64.5,0
1786403269442,3682.31,die0,4471,4471,0.3,-1,64.5,64.5,0
1786403269542,3682.31,die0,4471,4471,0.3,-1,64.5,64.5,0
1786403269642,3682.31,die0,4471,4471,0.3,-1,64.5,64.5,0
1786403269742,3682.31,die0,4471,4471,0.3,-1,64.5,64.5,0
1786403269842,3651.65,die0,4471,4471,0.3,-1,64.375,64.375,0
1786403269942,3651.65,die0,4471,4471,0.3,-1,64.375,64.375,0
1786403270042,3651.65,die0,4471,4471,0.3,-1,64.375,64.375,0
1786403270142,3651.65,die0,4471,4471,0.3,-1,64.375,64.375,0
1786403270242,3651.65,die0,4471,4471,0.3,-1,64.375,64.375,0
1786403270342,3651.65,die0,4471,4471,0.3,-1,64.375,64.375,0
1786403270443,3651.65,die0,4471,4471,0.3,-1,64.375,64.375,0
1786403270542,3651.65,die0,4471,4471,0.3,-1,64.375,64.375,0
1786403270643,3651.65,die0,4471,4471,0.3,-1,64.375,64.375,0
1786403270743,3651.65,die0,4471,4471,0.3,-1,64.375,64.375,0
1786403270843,3648.51,die0,4471,4471,0.3,-1,64.375,64.375,0
1786403270943,3648.51,die0,4471,4471,0.3,-1,64.375,64.375,0
1786403271043,3648.51,die0,4471,4471,0.3,-1,64.375,64.375,0
1786403271142,3648.51,die0,4471,4471,0.3,-1,64.375,64.375,0
1786403271243,3648.51,die0,4471,4471,0.3,-1,64.375,64.375,0
1786403271342,3648.51,die0,4471,4471,0.3,-1,64.375,64.375,0
1786403271443,3648.51,die0,4471,4471,0.3,-1,64.375,64.375,0
1786403271542,3648.51,die0,4471,4471,0.3,-1,64.375,64.375,0
1786403271642,3648.51,die0,4471,4471,0.3,-1,64.375,64.375,0
