epoch_ms,setpt,requester,fan0,fan0_raw,fan0_pwm,fan0_pwm_raw,die0,die0_raw,failsafe
1786403273939,3000,Minimum,3421,3421,nan,nan,25,25,0
1786403274039,3000,Minimum,3491,3491,0.3,-1,25,25,0
1786403274139,3000,Minimum,3556,3556,0.3,-1,25,25,0
1786403274239,3000,Minimum,3617,3617,0.3,-1,25,25,0
1786403274339,3000,Minimum,3674,3674,0.3,-1,25,25,0
1786403274439,3000,Minimum,3727,3727,0.3,-1,25,25,0
1786403274539,3000,Minimum,3777,3777,0.3,-1,25,25,0
1786403274639,3000,Minimum,3823,3823,0.3,-1,25,25,0
1786403274739,3000,Minimum,3866,3866,0.3,-1,25,25,0
1786403274839,3000,Minimum,3906,3906,0.3,-1,25,25,0
1786403274939,3000,Minimum,3944,3944,0.3,-1,25,25,0
1786403275039,3000,Minimum,3979,3979,0.3,-1,25,25,0
1786403275139,3000,Minimum,4012,4012,0.3,-1,25,25,0
1786403275239,3000,Minimum,4042,4042,0.3,-1,25,25,0
1786403275339,3000,Minimum,4071,4071,0.3,-1,25,25,0
1786403275439,3000,Minimum,4098,4098,0.3,-1,25,25,0
1786403275539,3000,Minimum,4122,4122,0.3,-1,25,25,0
1786403275639,3000,Minimum,4146,4146,0.3,-1,25,25,0
1786403275739,3000,Minimum,4167,4167,0.3,-1,25,25,0
1786403275839,3000,Minimum,4188,4188,0.3,-1,25,25,0
1786403275939,3000,Minimum,4206,4206,0.3,-1,25,25,0
1786403276039,3000,Minimum,4224,4224,0.3,-1,25.1875,25.1875,0
1786403276139,3000,Minimum,4240,4240,0.3,-1,25.1875,25.1875,0
1786403276239,3000,Minimum,4256,4256,0.3,-1,25.1875,25.1875,0
1786403276339,3000,Minimum,4270,4270,0.3,-1,25.1875,25.1875,0
1786403276439,3000,Minimum,4283,4283,0.3,-1,25.1875,25.1875,0
1786403276539,3000,Minimum,4296,4296,0.3,-1,25.1875,25.1875,0
1786403276639,3000,Minimum,4308,4308,0.3,-1,25.1875,25.1875,0
1786403276739,3000,Minimum,4318,4318,0.3,-1,25.1875,25.1875,0
1786403276839,3000,Minimum,4329,4329,0.3,-1,25.1875,25.1875,0
1786403276939,3000,Minimum,4338,4338,0.3,-1,25.1875,25.1875,0
1786403277039,3000,Minimum,4347,4347,0.3,-1,25.5625,25.5625,0
1786403277139,3000,Minimum,4355,4355,0.3,-1,25.5625,25.5625,0
1786403277239,3000,Minimum,4363,4363,0.3,-1,25.5625,25.5625,0
1786403277339,3000,Minimum,4370,4370,0.3,-1,25.5625,25.5625,0
1786403277439,3000,Minimum,4377,4377,0.3,-1,25.5625,25.5625,0
1786403277539,3000,Minimum,4383,4383,0.3,-1,25.5625,25.5625,0
1786403277639,3000,Minimum,4389,4389,0.3,-1,25.5625,25.5625,0
1786403277739,3000,Minimum,4394,4394,0.3,-1,25.5625,25.5625,0
1786403277839,3000,Minimum,4399,4399,0.3,-1,25.5625,25.5625,0
1786403277939,3000,Minimum,4404,4404,0.3,-1,25.5625,25.5625,0
1786403278039,3000,Minimum,4409,4409,0.3,-1,26.1875,26.1875,0
1786403278139,3000,Minimum,4413,4413,0.3,-1,26.1875,26.1875,0
1786403278239,3000,Minimum,4417,4417,0.3,-1,26.1875,26.1875,0
1786403278339,3000,Minimum,4420,4420,0.3,-1,26.1875,26.1875,0
1786403278439,3000,Minimum,4424,4424,0.3,-1,26.1875,26.1875,0
1786403278539,3000,Minimum,4427,4427,0.3,-1,26.1875,26.1875,0
1786403278639,3000,Minimum,4430,4430,0.3,-1,26.1875,26.1875,0
1786403278739,3000,Minimum,4432,4432,0.3,-1,26.1875,26.1875,0
1786403278839,3000,Minimum,4435,4435,0.3,-1,26.1875,26.1875,0
1786403278939,3000,Minimum,4437,4437,0.3,-1,26.1875,26.1875,0
1786403279039,3000,Minimum,4439,4439,0.3,-1,26.8125,26.8125,0
1786403279139,3000,Minimum,4442,4442,0.3,-1,26.8125,26.8125,0
1786403279239,3000,Minimum,4443,4443,0.3,-1,26.8125,26.8125,0
1786403279339,3000,Minimum,4445,4445,0.3,-1,26.8125,26.8125,0
1786403279439,3000,Minimum,4447,4447,0.3,-1,26.8125,26.8125,0
1786403279539,3000,Minimum,4449,4449,0.3,-1,26.8125,26.8125,0
1786403279639,3000,Minimum,4450,4450,0.3,-1,26.8125,26.8125,0
1786403279739,3000,Minimum,4451,4451,0.3,-1,26.8125,26.8125,0
1786403279839,3000,Minimum,4453,4453,0.3,-1,26.8125,26.8125,0
1786403279939,3000,Minimum,4454,4454,0.3,-1,26.8125,26.8125,0
1786403280039,3000,Minimum,4455,4455,0.3,-1,27.4375,27.4375,0
1786403280139,3000,Minimum,4456,4456,0.3,-1,27.4375,27.4375,0
1786403280239,3000,Minimum,4457,4457,0.3,-1,27.4375,27.4375,0
1786403280339,3000,Minimum,4458,4458,0.3,-1,27.4375,27.4375,0
1786403280439,3000,Minimum,4459,4459,0.3,-1,27.4375,27.4375,0
1786403280539,3000,Minimum,4460,4460,0.3,-1,27.4375,27.4375,0
1786403280639,3000,Minimum,4460,4460,0.3,-1,27.4375,27.4375,0
1786403280739,3000,Minimum,4461,4461,0.3,-1,27.4375,27.4375,0
1786403280839,3000,Minimum,4462,4462,0.3,-1,27.4375,27.4375,0
1786403280939,3000,Minimum,4462,4462,0.3,-1,27.4375,27.4375,0
1786403281039,3000,Minimum,4463,4463,0.3,-1,28.25,28.25,0
1786403281139,3000,Minimum,4463,4463,0.3,-1,28.25,28.25,0
1786403281239,3000,Minimum,4464,4464,0.3,-1,28.25,28.25,0
1786403281339,3000,Minimum,4464,4464,0.3,-1,28.25,28.25,0
1786403281439,3000,Minimum,4465,4465,0.3,-1,28.25,28.25,0
1786403281539,3000,Minimum,4465,4465,0.3,-1,28.25,28.25,0
1786403281639,3000,Minimum,4465,4465,0.3,-1,28.25,28.25,0
1786403281739,3000,Minimum,4466,4466,0.3,-1,28.25,28.25,0
1786403281839,3000,Minimum,4466,4466,0.3,-1,28.25,28.25,0
1786403281939,3000,Minimum,4466,4466,0.3,-1,28.25,28.25,0
1786403282039,3000,Minimum,4467,4467,0.3,-1,28.9375,28.9375,0
1786403282139,3000,Minimum,4467,4467,0.3,-1,28.9375,28.9375,0
1786403282239,3000,Minimum,4467,4467,0.3,-1,28.9375,28.9375,0
1786403282339,3000,Minimum,4467,4467,0.3,-1,28.9375,28.9375,0
1786403282439,3000,Minimum,4468,4468,0.3,-1,28.9375,28.9375,0
1786403282539,3000,Minimum,4468,4468,0.3,-1,28.9375,28.9375,0
1786403282639,3000,Minimum,4468,4468,0.3,-1,28.9375,28.9375,0
1786403282739,3000,Minimum,4468,4468,0.3,-1,28.9375,28.9375,0
1786403282839,3000,Minimum,4468,4468,0.3,-1,28.9375,28.9375,0
1786403282939,3000,Minimum,4468,4468,0.3,-1,28.9375,28.9375,0
1786403283039,3000,Minimum,4469,4469,0.3,-1,29.75,29.75,0
1786403283139,3000,Minimum,4469,4469,0.3,-1,29.75,29.75,0
1786403283239,3000,Minimum,4469,4469,0.3,-1,29.75,29.75,0
1786403283339,3000,Minimum,4469,4469,0.3,-1,29.75,29.75,0
1786403283439,3000,Minimum,4469,4469,0.3,-1,29.75,29.75,0
1786403283539,3000,Minimum,4469,4469,0.3,-1,29.75,29.75,0
1786403283639,3000,Minimum,4469,4469,0.3,-1,29.75,29.75,0
1786403283739,3000,Minimum,4469,4469,0.3,-1,29.75,29.75,0
1786403283839,3000,Minimum,4469,4469,0.3,-1,29.75,29.75,0
1786403283939,3000,Minimum,4470,4470,0.3,-1,29.75,29.75,0
1786403284039,3000,Minimum,4470,4470,0.3,-1,30.3125,30.3125,0
1786403284139,3000,Minimum,4470,4470,0.3,-1,30.3125,30.3125,0
1786403284239,3000,Minimum,4470,4470,0.3,-1,30.3125,30.3125,0
1786403284339,3000,Minimum,4470,4470,0.3,-1,30.3125,30.3125,0
1786403284439,3000,Minimum,4470,4470,0.3,-1,30.3125,30.3125,0
1786403284539,3000,Minimum,4470,4470,0.3,-1,30.3125,30.3125,0
1786403284639,3000,Minimum,4470,4470,0.3,-1,30.3125,30.3125,0
1786403284739,3000,Minimum,4470,4470,0.3,-1,30.3125,30.3125,0
1786403284839,3000,Minimum,4470,4470,0.3,-1,30.3125,30.3125,0
1786403284939,3000,Minimum,4470,4470,0.3,-1,30.3125,30.3125,0
1786403285039,3000,Minimum,4470,4470,0.3,-1,31.0625,31.0625,0
1786403285139,3000,Minimum,4470,4470,0.3,-1,31.0625,31.0625,0
1786403285242,3000,Minimum,4470,4470,0.3,-1,31.0625,31.0625,0
1786403285339,3000,Minimum,4470,4470,0.3,-1,31.0625,31.0625,0
1786403285439,3000,Minimum,4470,4470,0.3,-1,31.0625,31.0625,0
1786403285542,3000,Minimum,4470,4470,0.3,-1,31.0625,31.0625,0
1786403285639,3000,Minimum,4470,4470,0.3,-1,31.0625,31.0625,0
1786403285739,3000,Minimum,4470,4470,0.3,-1,31.0625,31.0625,0
1786403285839,3000,Minimum,4470,4470,0.3,-1,31.0625,31.0625,0
1786403285939,3000,Minimum,4470,4470,0.3,-1,31.0625,31.0625,0
1786403286039,3000,Minimum,4470,4470,0.3,-1,31.8125,31.8125,0
1786403286139,3000,Minimum,4470,4470,0.3,-1,31.8125,31.8125,0
1786403286239,3000,Minimum,4470,4470,0.3,-1,31.8125,31.8125,0
1786403286339,3000,Minimum,4470,4470,0.3,-1,31.8125,31.8125,0
1786403286439,3000,Minimum,4470,4470,0.3,-1,31.8125,31.8125,0
1786403286539,3000,Minimum,4470,4470,0.3,-1,31.8125,31.8125,0
1786403286639,3000,Minimum,4470,4470,0.3,-1,31.8125,31.8125,0
1786403286742,3000,Minimum,4470,4470,0.3,-1,31.8125,31.8125,0
1786403286839,3000,Minimum,4470,4470,0.3,-1,31.8125,31.8125,0
1786403286939,3000,Minimum,4470,4470,0.3,-1,31.8125,31.8125,0
1786403287039,3000,Minimum,4470,4470,0.3,-1,32.5625,32.5625,0
1786403287139,3000,Minimum,4470,4470,0.3,-1,32.5625,32.5625,0
1786403287239,3000,Minimum,4470,4470,0.3,-1,32.5625,32.5625,0
1786403287339,3000,Minimum,4470,4470,0.3,-1,32.5625,32.5625,0
1786403287439,3000,Minimum,4470,4470,0.3,-1,32.5625,32.5625,0
1786403287539,3000,Minimum,4470,4470,0.3,-1,32.5625,32.5625,0
1786403287639,3000,Minimum,4471,4471,0.3,-1,32.5625,32.5625,0
1786403287739,3000,Minimum,4471,4471,0.3,-1,32.5625,32.5625,0
1786403287839,3000,Minimum,4471,4471,0.3,-1,32.5625,32.5625,0
1786403287939,3000,Minimum,4471,4471,0.3,-1,32.5625,32.5625,0
1786403288039,3000,Minimum,4471,4471,0.3,-1,33.25,33.25,0
1786403288142,3000,Minimum,4471,4471,0.3,-1,33.25,33.25,0
1786403288239,3000,Minimum,4471,4471,0.3,-1,33.25,33.25,0
1786403288339,3000,Minimum,4471,4471,0.3,-1,33.25,33.25,0
1786403288439,3000,Minimum,4471,4471,0.3,-1,33.25,33.25,0
1786403288539,3000,Minimum,4471,4471,0.3,-1,33.25,33.25,0
1786403288639,3000,Minimum,4471,4471,0.3,-1,33.25,33.25,0
1786403288739,3000,Minimum,4471,4471,0.3,-1,33.25,33.25,0
1786403288839,3000,Minimum,4471,4471,0.3,-1,33.25,33.25,0
1786403288939,3000,Minimum,4471,4471,0.3,-1,33.25,33.25,0
1786403289039,3000,Minimum,4471,4471,0.3,-1,34,34,0
1786403289139,3000,Minimum,4471,4471,0.3,-1,34,34,0
1786403289239,3000,Minimum,4471,4471,0.3,-1,34,34,0
1786403289339,3000,Minimum,4471,4471,0.3,-1,34,34,0
1786403289439,3000,Minimum,4471,4471,0.3,-1,34,34,0
1786403289539,3000,Minimum,4471,4471,0.3,-1,34,34,0
1786403289642,3000,Minimum,4471,4471,0.3,-1,34,34,0
1786403289739,3000,Minimum,4471,4471,0.3,-1,34,34,0
1786403289839,3000,Minimum,4471,4471,0.3,-1,34,34,0
1786403289939,3000,Minimum,4471,4471,0.3,-1,34,34,0
1786403290039,3000,Minimum,4471,4471,0.3,-1,34.625,34.625,0
1786403290139,3000,Minimum,4471,4471,0.3,-1,34.625,34.625,0
1786403290239,3000,Minimum,4471,4471,0.3,-1,34.625,34.625,0
1786403290339,3000,Minimum,4471,4471,0.3,-1,34.625,34.625,0
1786403290439,3000,Minimum,4471,4471,0.3,-1,34.625,34.625,0
1786403290539,3000,Minimum,4471,4471,0.3,-1,34.625,34.625,0
1786403290639,3000,Minimum,4471,4471,0.3,-1,34.625,34.625,0
1786403290739,3000,Minimum,4471,4471,0.3,-1,34.625,34.625,0
1786403290839,3000,Minimum,4471,4471,0.3,-1,34.625,34.625,0
1786403290939,3000,Minimum,4471,4471,0.3,-1,34.625,34.625,0
1786403291039,3000,Minimum,4471,4471,0.3,-1,35.25,35.25,0
1786403291139,3000,Minimum,4471,4471,0.3,-1,35.25,35.25,0
1786403291239,3000,Minimum,4471,4471,0.3,-1,35.25,35.25,0
1786403291339,3000,Minimum,4471,4471,0.3,-1,35.25,35.25,0
1786403291439,3000,Minimum,4471,4471,0.3,-1,35.25,35.25,0
1786403291539,3000,Minimum,4471,4471,0.3,-1,35.25,35.25,0
1786403291639,3000,Minimum,4471,4471,0.3,-1,35.25,35.25,0
1786403291739,3000,Minimum,4471,4471,0.3,-1,35.25,35.25,0
1786403291839,3000,Minimum,4471,4471,0.3,-1,35.25,35.25,0
1786403291939,3000,Minimum,4471,4471,0.3,-1,35.25,35.25,0
1786403292039,3000,Minimum,4471,4471,0.3,-1,35.9375,35.9375,0
1786403292139,3000,Minimum,4471,4471,0.3,-1,35.9375,35.9375,0
1786403292239,3000,Minimum,4471,4471,0.3,-1,35.9375,35.9375,0
1786403292339,3000,Minimum,4471,4471,0.3,-1,35.9375,35.9375,0
1786403292439,3000,Minimum,4471,4471,0.3,-1,35.9375,35.9375,0
1786403292539,3000,Minimum,4471,4471,0.3,-1,35.9375,35.9375,0
1786403292639,3000,Minimum,4471,4471,0.3,-1,35.9375,35.9375,0
1786403292739,3000,Minimum,4471,4471,0.3,-1,35.9375,35.9375,0
1786403292839,3000,Minimum,4471,4471,0.3,-1,35.9375,35.9375,0
1786403292939,3000,Minimum,4471,4471,0.3,-1,35.9375,35.9375,0
1786403293039,3000,Minimum,4471,4471,0.3,-1,36.5625,36.5625,0
1786403293139,3000,Minimum,4471,4471,0.3,-1,36.5625,36.5625,0
1786403293239,3000,Minimum,4471,4471,0.3,-1,36.5625,36.5625,0
1786403293339,3000,Minimum,4471,4471,0.3,-1,36.5625,36.5625,0
1786403293439,3000,Minimum,4471,4471,0.3,-1,36.5625,36.5625,0
1786403293539,3000,Minimum,4471,4471,0.3,-1,36.5625,36.5625,0
1786403293639,3000,Minimum,4471,4471,0.3,-1,36.5625,36.5625,0
1786403293739,3000,Minimum,4471,4471,0.3,-1,36.5625,36.5625,0
1786403293839,3000,Minimum,4471,4471,0.3,-1,36.5625,36.5625,0
1786403293939,3000,Minimum,4471,4471,0.3,-1,36.5625,36.5625,0
1786403294039,3000,Minimum,4471,4471,0.3,-1,37.25,37.25,0
1786403294139,3000,Minimum,4471,4471,0.3,-1,37.25,37.25,0
1786403294239,3000,Minimum,4471,4471,0.3,-1,37.25,37.25,0
1786403294342,3000,Minimum,4471,4471,0.3,-1,37.25,37.25,0
1786403294439,3000,Minimum,4471,4471,0.3,-1,37.25,37.25,0
1786403294539,3000,Minimum,4471,4471,0.3,-1,37.25,37.25,0
1786403294639,3000,Minimum,4471,4471,0.3,-1,37.25,37.25,0
1786403294739,3000,Minimum,4471,4471,0.3,-1,37.25,37.25,0
1786403294839,3000,Minimum,4471,4471,0.3,-1,37.25,37.25,0
1786403294939,3000,Minimum,4471,4471,0.3,-1,37.25,37.25,0
1786403295039,3000,Minimum,4471,4471,0.3,-1,37.6875,37.6875,0
1786403295139,3000,Minimum,4471,4471,0.3,-1,37.6875,37.6875,0
1786403295239,3000,Minimum,4471,4471,0.3,-1,37.6875,37.6875,0
1786403295339,3000,Minimum,4471,4471,0.3,-1,37.6875,37.6875,0
1786403295439,3000,Minimum,4471,4471,0.3,-1,37.6875,37.6875,0
1786403295539,3000,Minimum,4471,4471,0.3,-1,37.6875,37.6875,0
1786403295639,3000,Minimum,4471,4471,0.3,-1,37.6875,37.6875,0
1786403295742,3000,Minimum,4471,4471,0.3,-1,37.6875,37.6875,0
1786403295839,3000,Minimum,4471,4471,0.3,-1,37.6875,37.6875,0
1786403295939,3000,Minimum,4471,4471,0.3,-1,37.6875,37.6875,0
1786403296039,3000,Minimum,4471,4471,0.3,-1,38.375,38.375,0
1786403296139,3000,Minimum,4471,4471,0.3,-1,38.375,38.375,0
1786403296239,3000,Minimum,4471,4471,0.3,-1,38.375,38.375,0
1786403296339,3000,Minimum,4471,4471,0.3,-1,38.375,38.375,0
1786403296439,3000,Minimum,4471,4471,0.3,-1,38.375,38.375,0
1786403296539,3000,Minimum,4471,4471,0.3,-1,38.375,38.375,0
1786403296639,3000,Minimum,4471,4471,0.3,-1,38.375,38.375,0
1786403296739,3000,Minimum,4471,4471,0.3,-1,38.375,38.375,0
1786403296839,3000,Minimum,4471,4471,0.3,-1,38.375,38.375,0
1786403296939,3000,Minimum,4471,4471,0.3,-1,38.375,38.375,0
1786403297039,3000,Minimum,4471,4471,0.3,-1,38.875,38.875,0
1786403297139,3000,Minimum,4471,4471,0.3,-1,38.875,38.875,0
1786403297242,3000,Minimum,4471,4471,0.3,-1,38.875,38.875,0
1786403297339,3000,Minimum,4471,4471,0.3,-1,38.875,38.875,0
1786403297439,3000,Minimum,4471,4471,0.3,-1,38.875,38.875,0
1786403297539,3000,Minimum,4471,4471,0.3,-1,38.875,38.875,0
1786403297639,3000,Minimum,4471,4471,0.3,-1,38.875,38.875,0
1786403297739,3000,Minimum,4471,4471,0.3,-1,38.875,38.875,0
1786403297839,3000,Minimum,4471,4471,0.3,-1,38.875,38.875,0
1786403297939,3000,Minimum,4471,4471,0.3,-1,38.875,38.875,0
1786403298039,3000,Minimum,4471,4471,0.3,-1,39.375,39.375,0
1786403298139,3000,Minimum,4471,4471,0.3,-1,39.375,39.375,0
1786403298239,3000,Minimum,4471,4471,0.3,-1,39.375,39.375,0
1786403298339,3000,Minimum,4471,4471,0.3,-1,39.375,39.375,0
1786403298439,3000,Minimum,4471,4471,0.3,-1,39.375,39.375,0
1786403298539,3000,Minimum,4471,4471,0.3,-1,39.375,39.375,0
1786403298639,3000,Minimum,4471,4471,0.3,-1,39.375,39.375,0
1786403298739,3000,Minimum,4471,4471,0.3,-1,39.375,39.375,0
1786403298839,3000,Minimum,4471,4471,0.3,-1,39.375,39.375,0
1786403298939,3000,Minimum,4471,4471,0.3,-1,39.375,39.375,0
1786403299039,3000,Minimum,4471,4471,0.3,-1,40.0625,40.0625,0
1786403299139,3000,Minimum,4471,4471,0.3,-1,40.0625,40.0625,0
1786403299239,3000,Minimum,4471,4471,0.3,-1,40.0625,40.0625,0
1786403299339,3000,Minimum,4471,4471,0.3,-1,40.0625,40.0625,0
1786403299439,3000,Minimum,4471,4471,0.3,-1,40.0625,40.0625,0
1786403299542,3000,Minimum,4471,4471,0.3,-1,40.0625,40.0625,0
1786403299639,3000,Minimum,4471,4471,0.3,-1,40.0625,40.0625,0
1786403299739,3000,Minimum,4471,4471,0.3,-1,40.0625,40.0625,0
1786403299839,3000,Minimum,4471,4471,0.3,-1,40.0625,40.0625,0
1786403299939,3000,Minimum,4471,4471,0.3,-1,40.0625,40.0625,0
1786403300039,3000,Minimum,4471,4471,0.3,-1,40.5625,40.5625,0
1786403300139,3000,Minimum,4471,4471,0.3,-1,40.5625,40.5625,0
1786403300239,3000,Minimum,4471,4471,0.3,-1,40.5625,40.5625,0
1786403300339,3000,Minimum,4471,4471,0.3,-1,40.5625,40.5625,0
1786403300439,3000,Minimum,4471,4471,0.3,-1,40.5625,40.5625,0
1786403300539,3000,Minimum,4471,4471,0.3,-1,40.5625,40.5625,0
1786403300639,3000,Minimum,4471,4471,0.3,-1,40.5625,40.5625,0
1786403300739,3000,Minimum,4471,4471,0.3,-1,40.5625,40.5625,0
1786403300839,3000,Minimum,4471,4471,0.3,-1,40.5625,40.5625,0
1786403300939,3000,Minimum,4471,4471,0.3,-1,40.5625,40.5625,0
1786403301039,3000,Minimum,4471,4471,0.3,-1,41,41,0
1786403301139,3000,Minimum,4471,4471,0.3,-1,41,41,0
1786403301239,3000,Minimum,4471,4471,0.3,-1,41,41,0
1786403301339,3000,Minimum,4471,4471,0.3,-1,41,41,0
1786403301439,3000,Minimum,4471,4471,0.3,-1,41,41,0
1786403301539,3000,Minimum,4471,4471,0.3,-1,41,41,0
1786403301639,3000,Minimum,4471,4471,0.3,-1,41,41,0
1786403301739,3000,Minimum,4471,4471,0.3,-1,41,41,0
1786403301839,3000,Minimum,4471,4471,0.3,-1,41,41,0
1786403301939,3000,Minimum,4471,4471,0.3,-1,41,41,0
1786403302039,3000,Minimum,4471,4471,0.3,-1,41.5,41.5,0
1786403302139,3000,Minimum,4471,4471,0.3,-1,41.5,41.5,0
1786403302239,3000,Minimum,4471,4471,0.3,-1,41.5,41.5,0
1786403302339,3000,Minimum,4471,4471,0.3,-1,41.5,41.5,0
1786403302442,3000,Minimum,4471,4471,0.3,-1,41.5,41.5,0
1786403302539,3000,Minimum,4471,4471,0.3,-1,41.5,41.5,0
1786403302639,3000,Minimum,4471,4471,0.3,-1,41.5,41.5,0
1786403302739,3000,Minimum,4471,4471,0.3,-1,41.5,41.5,0
1786403302839,3000,Minimum,4471,4471,0.3,-1,41.5,41.5,0
1786403302939,3000,Minimum,4471,4471,0.3,-1,41.5,41.5,0
1786403303039,3000,Minimum,4471,4471,0.3,-1,42.125,42.125,0
1786403303139,3000,Minimum,4471,4471,0.3,-1,42.125,42.125,0
1786403303239,3000,Minimum,4471,4471,0.3,-1,42.125,42.125,0
1786403303339,3000,Minimum,4471,4471,0.3,-1,42.125,42.125,0
1786403303439,3000,Minimum,4471,4471,0.3,-1,42.125,42.125,0
1786403303539,3000,Minimum,4471,4471,0.3,-1,42.125,42.125,0
1786403303639,3000,Minimum,4471,4471,0.3,-1,42.125,42.125,0
1786403303739,3000,Minimum,4471,4471,0.3,-1,42.125,42.125,0
1786403303839,3000,Minimum,4471,4471,0.3,-1,42.125,42.125,0
1786403303942,3000,Minimum,4471,4471,0.3,-1,42.125,42.125,0
1786403304039,3000,Minimum,4471,4471,0.3,-1,42.4375,42.4375,0
1786403304139,3000,Minimum,4471,4471,0.3,-1,42.4375,42.4375,0
1786403304239,3000,Minimum,4471,4471,0.3,-1,42.4375,42.4375,0
1786403304339,3000,Minimum,4471,4471,0.3,-1,42.4375,42.4375,0
1786403304439,3000,Minimum,4471,4471,0.3,-1,42.4375,42.4375,0
1786403304539,3000,Minimum,4471,4471,0.3,-1,42.4375,42.4375,0
1786403304639,3000,Minimum,4471,4471,0.3,-1,42.4375,42.4375,0
1786403304739,3000,Minimum,4471,4471,0.3,-1,42.4375,42.4375,0
1786403304839,3000,Minimum,4471,4471,0.3,-1,42.4375,42.4375,0
1786403304939,3000,Minimum,4471,4471,0.3,-1,42.4375,42.4375,0
1786403305039,3000,Minimum,4471,4471,0.3,-1,43.0625,43.0625,0
1786403305139,3000,Minimum,4471,4471,0.3,-1,43.0625,43.0625,0
1786403305239,3000,Minimum,4471,4471,0.3,-1,43.0625,43.0625,0
1786403305339,3000,Minimum,4471,4471,0.3,-1,43.0625,43.0625,0
1786403305442,3000,Minimum,4471,4471,0.3,-1,43.0625,43.0625,0
1786403305539,3000,Minimum,4471,4471,0.3,-1,43.0625,43.0625,0
1786403305639,3000,Minimum,4471,4471,0.3,-1,43.0625,43.0625,0
1786403305739,3000,Minimum,4471,4471,0.3,-1,43.0625,43.0625,0
1786403305839,3000,Minimum,4471,4471,0.3,-1,43.0625,43.0625,0
1786403305939,3000,Minimum,4471,4471,0.3,-1,43.0625,43.0625,0
1786403306039,3000,Minimum,4471,4471,0.3,-1,43.5,43.5,0
1786403306139,3000,Minimum,4471,4471,0.3,-1,43.5,43.5,0
1786403306239,3000,Minimum,4471,4471,0.3,-1,43.5,43.5,0
1786403306342,3000,Minimum,4471,4471,0.3,-1,43.5,43.5,0
1786403306439,3000,Minimum,4471,4471,0.3,-1,43.5,43.5,0
1786403306539,3000,Minimum,4471,4471,0.3,-1,43.5,43.5,0
1786403306639,3000,Minimum,4471,4471,0.3,-1,43.5,43.5,0
1786403306739,3000,Minimum,4471,4471,0.3,-1,43.5,43.5,0
1786403306839,3000,Minimum,4471,4471,0.3,-1,43.5,43.5,0
1786403306939,3000,Minimum,4471,4471,0.3,-1,43.5,43.5,0
1786403307039,3000,Minimum,4471,4471,0.3,-1,44,44,0
1786403307139,3000,Minimum,4471,4471,0.3,-1,44,44,0
1786403307239,3000,Minimum,4471,4471,0.3,-1,44,44,0
1786403307339,3000,Minimum,4471,4471,0.3,-1,44,44,0
1786403307439,3000,Minimum,4471,4471,0.3,-1,44,44,0
1786403307542,3000,Minimum,4471,4471,0.3,-1,44,44,0
1786403307639,3000,Minimum,4471,4471,0.3,-1,44,44,0
1786403307739,3000,Minimum,4471,4471,0.3,-1,44,44,0
1786403307839,3000,Minimum,4471,4471,0.3,-1,44,44,0
1786403307939,3000,Minimum,4471,4471,0.3,-1,44,44,0
1786403308039,3000,Minimum,4471,4471,0.3,-1,44.5,44.5,0
1786403308139,3000,Minimum,4471,4471,0.3,-1,44.5,44.5,0
1786403308239,3000,Minimum,4471,4471,0.3,-1,44.5,44.5,0
1786403308339,3000,Minimum,4471,4471,0.3,-1,44.5,44.5,0
1786403308439,3000,Minimum,4471,4471,0.3,-1,44.5,44.5,0
1786403308539,3000,Minimum,4471,4471,0.3,-1,44.5,44.5,0
1786403308639,3000,Minimum,4471,4471,0.3,-1,44.5,44.5,0
1786403308739,3000,Minimum,4471,4471,0.3,-1,44.5,44.5,0
1786403308839,3000,Minimum,4471,4471,0.3,-1,44.5,44.5,0
1786403308939,3000,Minimum,4471,4471,0.3,-1,44.5,44.5,0
1786403309039,3000,Minimum,4471,4471,0.3,-1,44.875,44.875,0
1786403309139,3000,Minimum,4471,4471,0.3,-1,44.875,44.875,0
1786403309239,3000,Minimum,4471,4471,0.3,-1,44.875,44.875,0
1786403309339,3000,Minimum,4471,4471,0.3,-1,44.875,44.875,0
1786403309439,3000,Minimum,4471,4471,0.3,-1,44.875,44.875,0
1786403309539,3000,Minimum,4471,4471,0.3,-1,44.875,44.875,0
1786403309639,3000,Minimum,4471,4471,0.3,-1,44.875,44.875,0
1786403309739,3000,Minimum,4471,4471,0.3,-1,44.875,44.875,0
1786403309839,3000,Minimum,4471,4471,0.3,-1,44.875,44.875,0
1786403309939,3000,Minimum,4471,4471,0.3,-1,44.875,44.875,0
1786403310039,3000,Minimum,4471,4471,0.3,-1,45.375,45.375,0
1786403310139,3000,Minimum,4471,4471,0.3,-1,45.375,45.375,0
1786403310239,3000,Minimum,4471,4471,0.3,-1,45.375,45.375,0
1786403310339,3000,Minimum,4471,4471,0.3,-1,45.375,45.375,0
1786403310439,3000,Minimum,4471,4471,0.3,-1,45.375,45.375,0
1786403310539,3000,Minimum,4471,4471,0.3,-1,45.375,45.375,0
1786403310639,3000,Minimum,4471,4471,0.3,-1,45.375,45.375,0
1786403310739,3000,Minimum,4471,4471,0.3,-1,45.375,45.375,0
1786403310839,3000,Minimum,4471,4471,0.3,-1,45.375,45.375,0
1786403310939,3000,Minimum,4471,4471,0.3,-1,45.375,45.375,0
1786403311039,3000,Minimum,4471,4471,0.3,-1,45.75,45.75,0
1786403311139,3000,Minimum,4471,4471,0.3,-1,45.75,45.75,0
1786403311239,3000,Minimum,4471,4471,0.3,-1,45.75,45.75,0
1786403311339,3000,Minimum,4471,4471,0.3,-1,45.75,45.75,0
1786403311439,3000,Minimum,4471,4471,0.3,-1,45.75,45.75,0
1786403311539,3000,Minimum,4471,4471,0.3,-1,45.75,45.75,0
1786403311639,3000,Minimum,4471,4471,0.3,-1,45.75,45.75,0
1786403311739,3000,Minimum,4471,4471,0.3,-1,45.75,45.75,0
1786403311842,3000,Minimum,4471,4471,0.3,-1,45.75,45.75,0
1786403311939,3000,Minimum,4471,4471,0.3,-1,45.75,45.75,0
1786403312039,3000,Minimum,4471,4471,0.3,-1,46.0625,46.0625,0
1786403312139,3000,Minimum,4471,4471,0.3,-1,46.0625,46.0625,0
1786403312239,3000,Minimum,4471,4471,0.3,-1,46.0625,46.0625,0
1786403312339,3000,Minimum,4471,4471,0.3,-1,46.0625,46.0625,0
1786403312439,3000,Minimum,4471,4471,0.3,-1,46.0625,46.0625,0
1786403312539,3000,Minimum,4471,4471,0.3,-1,46.0625,46.0625,0
1786403312639,3000,Minimum,4471,4471,0.3,-1,46.0625,46.0625,0
1786403312739,3000,Minimum,4471,4471,0.3,-1,46.0625,46.0625,0
1786403312839,3000,Minimum,4471,4471,0.3,-1,46.0625,46.0625,0
1786403312939,3000,Minimum,4471,4471,0.3,-1,46.0625,46.0625,0
1786403313039,3000,Minimum,4471,4471,0.3,-1,46.5,46.5,0
1786403313139,3000,Minimum,4471,4471,0.3,-1,46.5,46.5,0
1786403313239,3000,Minimum,4471,4471,0.3,-1,46.5,46.5,0
1786403313339,3000,Minimum,4471,4471,0.3,-1,46.5,46.5,0
1786403313442,3000,Minimum,4471,4471,0.3,-1,46.5,46.5,0
1786403313539,3000,Minimum,4471,4471,0.3,-1,46.5,46.5,0
1786403313639,3000,Minimum,4471,4471,0.3,-1,46.5,46.5,0
1786403313739,3000,Minimum,4471,4471,0.3,-1,46.5,46.5,0
1786403313839,3000,Minimum,4471,4471,0.3,-1,46.5,46.5,0
1786403313939,3000,Minimum,4471,4471,0.3,-1,46.5,46.5,0
1786403314039,3000,Minimum,4471,4471,0.3,-1,46.9375,46.9375,0
1786403314139,3000,Minimum,4471,4471,0.3,-1,46.9375,46.9375,0
1786403314239,3000,Minimum,4471,4471,0.3,-1,46.9375,46.9375,0
1786403314339,3000,Minimum,4471,4471,0.3,-1,46.9375,46.9375,0
1786403314439,3000,Minimum,4471,4471,0.3,-1,46.9375,46.9375,0
1786403314539,3000,Minimum,4471,4471,0.3,-1,46.9375,46.9375,0
1786403314639,3000,Minimum,4471,4471,0.3,-1,46.9375,46.9375,0
1786403314739,3000,Minimum,4471,4471,0.3,-1,46.9375,46.9375,0
1786403314839,3000,Minimum,4471,4471,0.3,-1,46.9375,46.9375,0
1786403314942,3000,Minimum,4471,4471,0.3,-1,46.9375,46.9375,0
1786403315039,3000,Minimum,4471,4471,0.3,-1,47.25,47.25,0
1786403315139,3000,Minimum,4471,4471,0.3,-1,47.25,47.25,0
1786403315239,3000,Minimum,4471,4471,0.3,-1,47.25,47.25,0
1786403315339,3000,Minimum,4471,4471,0.3,-1,47.25,47.25,0
1786403315439,3000,Minimum,4471,4471,0.3,-1,47.25,47.25,0
1786403315539,3000,Minimum,4471,4471,0.3,-1,47.25,47.25,0
1786403315639,3000,Minimum,4471,4471,0.3,-1,47.25,47.25,0
1786403315739,3000,Minimum,4471,4471,0.3,-1,47.25,47.25,0
1786403315842,3000,Minimum,4471,4471,0.3,-1,47.25,47.25,0
1786403315939,3000,Minimum,4471,4471,0.3,-1,47.25,47.25,0
1786403316039,3000,Minimum,4471,4471,0.3,-1,47.6875,47.6875,0
1786403316139,3000,Minimum,4471,4471,0.3,-1,47.6875,47.6875,0
1786403316239,3000,Minimum,4471,4471,0.3,-1,47.6875,47.6875,0
1786403316339,3000,Minimum,4471,4471,0.3,-1,47.6875,47.6875,0
1786403316439,3000,Minimum,4471,4471,0.3,-1,47.6875,47.6875,0
1786403316539,3000,Minimum,4471,4471,0.3,-1,47.6875,47.6875,0
1786403316639,3000,Minimum,4471,4471,0.3,-1,47.6875,47.6875,0
1786403316739,3000,Minimum,4471,4471,0.3,-1,47.6875,47.6875,0
1786403316839,3000,Minimum,4471,4471,0.3,-1,47.6875,47.6875,0
1786403316939,3000,Minimum,4471,4471,0.3,-1,47.6875,47.6875,0
1786403317039,3000,Minimum,4471,4471,0.3,-1,48.0625,48.0625,0
1786403317139,3000,Minimum,4471,4471,0.3,-1,48.0625,48.0625,0
1786403317239,3000,Minimum,4471,4471,0.3,-1,48.0625,48.0625,0
1786403317339,3000,Minimum,4471,4471,0.3,-1,48.0625,48.0625,0
1786403317439,3000,Minimum,4471,4471,0.3,-1,48.0625,48.0625,0
1786403317539,3000,Minimum,4471,4471,0.3,-1,48.0625,48.0625,0
1786403317639,3000,Minimum,4471,4471,0.3,-1,48.0625,48.0625,0
1786403317739,3000,Minimum,4471,4471,0.3,-1,48.0625,48.0625,0
1786403317839,3000,Minimum,4471,4471,0.3,-1,48.0625,48.0625,0
1786403317939,3000,Minimum,4471,4471,0.3,-1,48.0625,48.0625,0
1786403318039,3000,Minimum,4471,4471,0.3,-1,48.4375,48.4375,0
1786403318139,3000,Minimum,4471,4471,0.3,-1,48.4375,48.4375,0
1786403318239,3000,Minimum,4471,4471,0.3,-1,48.4375,48.4375,0
1786403318339,3000,Minimum,4471,4471,0.3,-1,48.4375,48.4375,0
1786403318439,3000,Minimum,4471,4471,0.3,-1,48.4375,48.4375,0
1786403318539,3000,Minimum,4471,4471,0.3,-1,48.4375,48.4375,0
1786403318639,3000,Minimum,4471,4471,0.3,-1,48.4375,48.4375,0
1786403318739,3000,Minimum,4471,4471,0.3,-1,48.4375,48.4375,0
1786403318839,3000,Minimum,4471,4471,0.3,-1,48.4375,48.4375,0
1786403318939,3000,Minimum,4471,4471,0.3,-1,48.4375,48.4375,0
1786403319039,3000,Minimum,4471,4471,0.3,-1,48.75,48.75,0
1786403319139,3000,Minimum,4471,4471,0.3,-1,48.75,48.75,0
1786403319239,3000,Minimum,4471,4471,0.3,-1,48.75,48.75,0
1786403319339,3000,Minimum,4471,4471,0.3,-1,48.75,48.75,0
1786403319439,3000,Minimum,4471,4471,0.3,-1,48.75,48.75,0
1786403319539,3000,Minimum,4471,4471,0.3,-1,48.75,48.75,0
1786403319639,3000,Minimum,4471,4471,0.3,-1,48.75,48.75,0
1786403319739,3000,Minimum,4471,4471,0.3,-1,48.75,48.75,0
1786403319839,3000,Minimum,4471,4471,0.3,-1,48.75,48.75,0
1786403319939,3000,Minimum,4471,4471,0.3,-1,48.75,48.75,0
1786403320039,3000,Minimum,4471,4471,0.3,-1,49.125,49.125,0
1786403320139,3000,Minimum,4471,4471,0.3,-1,49.125,49.125,0
1786403320239,3000,Minimum,4471,4471,0.3,-1,49.125,49.125,0
1786403320339,3000,Minimum,4471,4471,0.3,-1,49.125,49.125,0
1786403320439,3000,Minimum,4471,4471,0.3,-1,49.125,49.125,0
1786403320539,3000,Minimum,4471,4471,0.3,-1,49.125,49.125,0
1786403320639,3000,Minimum,4471,4471,0.3,-1,49.125,49.125,0
1786403320739,3000,Minimum,4471,4471,0.3,-1,49.125,49.125,0
1786403320839,3000,Minimum,4471,4471,0.3,-1,49.125,49.125,0
1786403320939,3000,Minimum,4471,4471,0.3,-1,49.125,49.125,0
1786403321039,3000,Minimum,4471,4471,0.3,-1,49.5,49.5,0
1786403321139,3000,Minimum,4471,4471,0.3,-1,49.5,49.5,0
1786403321239,3000,Minimum,4471,4471,0.3,-1,49.5,49.5,0
1786403321339,3000,Minimum,4471,4471,0.3,-1,49.5,49.5,0
1786403321439,3000,Minimum,4471,4471,0.3,-1,49.5,49.5,0
1786403321539,3000,Minimum,4471,4471,0.3,-1,49.5,49.5,0
1786403321639,3000,Minimum,4471,4471,0.3,-1,49.5,49.5,0
1786403321739,3000,Minimum,4471,4471,0.3,-1,49.5,49.5,0
1786403321839,3000,Minimum,4471,4471,0.3,-1,49.5,49.5,0
1786403321939,3000,Minimum,4471,4471,0.3,-1,49.5,49.5,0
1786403322039,3000,Minimum,4471,4471,0.3,-1,49.8125,49.8125,0
1786403322139,3000,Minimum,4471,4471,0.3,-1,49.8125,49.8125,0
1786403322239,3000,Minimum,4471,4471,0.3,-1,49.8125,49.8125,0
1786403322339,3000,Minimum,4471,4471,0.3,-1,49.8125,49.8125,0
1786403322439,3000,Minimum,4471,4471,0.3,-1,49.8125,49.8125,0
1786403322539,3000,Minimum,4471,4471,0.3,-1,49.8125,49.8125,0
1786403322639,3000,Minimum,4471,4471,0.3,-1,49.8125,49.8125,0
1786403322739,3000,Minimum,4471,4471,0.3,-1,49.8125,49.8125,0
1786403322839,3000,Minimum,4471,4471,0.3,-1,49.8125,49.8125,0
1786403322939,3000,Minimum,4471,4471,0.3,-1,49.8125,49.8125,0
1786403323039,3000,Minimum,4471,4471,0.3,-1,50.125,50.125,0
1786403323139,3000,Minimum,4471,4471,0.3,-1,50.125,50.125,0
1786403323239,3000,Minimum,4471,4471,0.3,-1,50.125,50.125,0
1786403323339,3000,Minimum,4471,4471,0.3,-1,50.125,50.125,0
1786403323439,3000,Minimum,4471,4471,0.3,-1,50.125,50.125,0
1786403323539,3000,Minimum,4471,4471,0.3,-1,50.125,50.125,0
1786403323639,3000,Minimum,4471,4471,0.3,-1,50.125,50.125,0
1786403323739,3000,Minimum,4471,4471,0.3,-1,50.125,50.125,0
1786403323839,3000,Minimum,4471,4471,0.3,-1,50.125,50.125,0
1786403323939,3000,Minimum,4471,4471,0.3,-1,50.125,50.125,0
1786403324039,3000,Minimum,4471,4471,0.3,-1,50.4375,50.4375,0
1786403324139,3000,Minimum,4471,4471,0.3,-1,50.4375,50.4375,0
1786403324239,3000,Minimum,4471,4471,0.3,-1,50.4375,50.4375,0
1786403324339,3000,Minimum,4471,4471,0.3,-1,50.4375,50.4375,0
1786403324439,3000,Minimum,4471,4471,0.3,-1,50.4375,50.4375,0
1786403324539,3000,Minimum,4471,4471,0.3,-1,50.4375,50.4375,0
1786403324639,3000,Minimum,4471,4471,0.3,-1,50.4375,50.4375,0
1786403324739,3000,Minimum,4471,4471,0.3,-1,50.4375,50.4375,0
1786403324839,3000,Minimum,4471,4471,0.3,-1,50.4375,50.4375,0
1786403324939,3000,Minimum,4471,4471,0.3,-1,50.4375,50.4375,0
1786403325039,3000,Minimum,4471,4471,0.3,-1,50.5625,50.5625,0
1786403325139,3000,Minimum,4471,4471,0.3,-1,50.5625,50.5625,0
1786403325239,3000,Minimum,4471,4471,0.3,-1,50.5625,50.5625,0
1786403325339,3000,Minimum,4471,4471,0.3,-1,50.5625,50.5625,0
1786403325439,3000,Minimum,4471,4471,0.3,-1,50.5625,50.5625,0
1786403325539,3000,Minimum,4471,4471,0.3,-1,50.5625,50.5625,0
1786403325639,3000,Minimum,4471,4471,0.3,-1,50.5625,50.5625,0
1786403325739,3000,Minimum,4471,4471,0.3,-1,50.5625,50.5625,0
1786403325839,3000,Minimum,4471,4471,0.3,-1,50.5625,50.5625,0
1786403325939,3000,Minimum,4471,4471,0.3,-1,50.5625,50.5625,0
1786403326039,3000,Minimum,4471,4471,0.3,-1,50.9375,50.9375,0
1786403326139,3000,Minimum,4471,4471,0.3,-1,50.9375,50.9375,0
1786403326239,3000,Minimum,4471,4471,0.3,-1,50.9375,50.9375,0
1786403326339,3000,Minimum,4471,4471,0.3,-1,50.9375,50.9375,0
1786403326439,3000,Minimum,4471,4471,0.3,-1,50.9375,50.9375,0
1786403326539,3000,Minimum,4471,4471,0.3,-1,50.9375,50.9375,0
1786403326639,3000,Minimum,4471,4471,0.3,-1,50.9375,50.9375,0
1786403326739,3000,Minimum,4471,4471,0.3,-1,50.9375,50.9375,0
1786403326839,3000,Minimum,4471,4471,0.3,-1,50.9375,50.9375,0
1786403326939,3000,Minimum,4471,4471,0.3,-1,50.9375,50.9375,0
1786403327039,3000,Minimum,4471,4471,0.3,-1,51.3125,51.3125,0
1786403327139,3000,Minimum,4471,4471,0.3,-1,51.3125,51.3125,0
1786403327239,3000,Minimum,4471,4471,0.3,-1,51.3125,51.3125,0
1786403327339,3000,Minimum,4471,4471,0.3,-1,51.3125,51.3125,0
1786403327439,3000,Minimum,4471,4471,0.3,-1,51.3125,51.3125,0
1786403327539,3000,Minimum,4471,4471,0.3,-1,51.3125,51.3125,0
1786403327639,3000,Minimum,4471,4471,0.3,-1,51.3125,51.3125,0
1786403327739,3000,Minimum,4471,4471,0.3,-1,51.3125,51.3125,0
1786403327839,3000,Minimum,4471,4471,0.3,-1,51.3125,51.3125,0
1786403327939,3000,Minimum,4471,4471,0.3,-1,51.3125,51.3125,0
1786403328039,3000,Minimum,4471,4471,0.3,-1,51.5,51.5,0
1786403328139,3000,Minimum,4471,4471,0.3,-1,51.5,51.5,0
1786403328239,3000,Minimum,4471,4471,0.3,-1,51.5,51.5,0
1786403328339,3000,Minimum,4471,4471,0.3,-1,51.5,51.5,0
1786403328439,3000,Minimum,4471,4471,0.3,-1,51.5,51.5,0
1786403328539,3000,Minimum,4471,4471,0.3,-1,51.5,51.5,0
1786403328639,3000,Minimum,4471,4471,0.3,-1,51.5,51.5,0
1786403328739,3000,Minimum,4471,4471,0.3,-1,51.5,51.5,0
1786403328839,3000,Minimum,4471,4471,0.3,-1,51.5,51.5,0
1786403328939,3000,Minimum,4471,4471,0.3,-1,51.5,51.5,0
1786403329039,3000,Minimum,4471,4471,0.3,-1,51.875,51.875,0
1786403329139,3000,Minimum,4471,4471,0.3,-1,51.875,51.875,0
1786403329239,3000,Minimum,4471,4471,0.3,-1,51.875,51.875,0
1786403329339,3000,Minimum,4471,4471,0.3,-1,51.875,51.875,0
1786403329439,3000,Minimum,4471,4471,0.3,-1,51.875,51.875,0
1786403329539,3000,Minimum,4471,4471,0.3,-1,51.875,51.875,0
1786403329639,3000,Minimum,4471,4471,0.3,-1,51.875,51.875,0
1786403329739,3000,Minimum,4471,4471,0.3,-1,51.875,51.875,0
1786403329839,3000,Minimum,4471,4471,0.3,-1,51.875,51.875,0
1786403329939,3000,Minimum,4471,4471,0.3,-1,51.875,51.875,0
1786403330039,3000,Minimum,4471,4471,0.3,-1,52.0625,52.0625,0
1786403330139,3000,Minimum,4471,4471,0.3,-1,52.0625,52.0625,0
1786403330239,3000,Minimum,4471,4471,0.3,-1,52.0625,52.0625,0
1786403330339,3000,Minimum,4471,4471,0.3,-1,52.0625,52.0625,0
1786403330439,3000,Minimum,4471,4471,0.3,-1,52.0625,52.0625,0
1786403330539,3000,Minimum,4471,4471,0.3,-1,52.0625,52.0625,0
1786403330639,3000,Minimum,4471,4471,0.3,-1,52.0625,52.0625,0
1786403330739,3000,Minimum,4471,4471,0.3,-1,52.0625,52.0625,0
1786403330839,3000,Minimum,4471,4471,0.3,-1,52.0625,52.0625,0
1786403330939,3000,Minimum,4471,4471,0.3,-1,52.0625,52.0625,0
1786403331039,3000,Minimum,4471,4471,0.3,-1,52.5,52.5,0
1786403331139,3000,Minimum,4471,4471,0.3,-1,52.5,52.5,0
1786403331239,3000,Minimum,4471,4471,0.3,-1,52.5,52.5,0
1786403331339,3000,Minimum,4471,4471,0.3,-1,52.5,52.5,0
1786403331439,3000,Minimum,4471,4471,0.3,-1,52.5,52.5,0
1786403331539,3000,Minimum,4471,4471,0.3,-1,52.5,52.5,0
1786403331639,3000,Minimum,4471,4471,0.3,-1,52.5,52.5,0
1786403331739,3000,Minimum,4471,4471,0.3,-1,52.5,52.5,0
1786403331839,3000,Minimum,4471,4471,0.3,-1,52.5,52.5,0
1786403331939,3000,Minimum,4471,4471,0.3,-1,52.5,52.5,0
1786403332039,3000,Minimum,4471,4471,0.3,-1,52.6875,52.6875,0
1786403332139,3000,Minimum,4471,4471,0.3,-1,52.6875,52.6875,0
1786403332239,3000,Minimum,4471,4471,0.3,-1,52.6875,52.6875,0
1786403332339,3000,Minimum,4471,4471,0.3,-1,52.6875,52.6875,0
1786403332439,3000,Minimum,4471,4471,0.3,-1,52.6875,52.6875,0
1786403332539,3000,Minimum,4471,4471,0.3,-1,52.6875,52.6875,0
1786403332639,3000,Minimum,4471,4471,0.3,-1,52.6875,52.6875,0
1786403332739,3000,Minimum,4471,4471,0.3,-1,52.6875,52.6875,0
1786403332839,3000,Minimum,4471,4471,0.3,-1,52.6875,52.6875,0
1786403332939,3000,Minimum,4471,4471,0.3,-1,52.6875,52.6875,0
1786403333039,3000,Minimum,4471,4471,0.3,-1,52.9375,52.9375,0
1786403333139,3000,Minimum,4471,4471,0.3,-1,52.9375,52.9375,0
1786403333239,3000,Minimum,4471,4471,0.3,-1,52.9375,52.9375,0
1786403333339,3000,Minimum,4471,4471,0.3,-1,52.9375,52.9375,0
1786403333439,3000,Minimum,4471,4471,0.3,-1,52.9375,52.9375,0
1786403333539,3000,Minimum,4471,4471,0.3,-1,52.9375,52.9375,0
1786403333639,3000,Minimum,4471,4471,0.3,-1,52.9375,52.9375,0
1786403333739,3000,Minimum,4471,4471,0.3,-1,52.9375,52.9375,0
1786403333839,3000,Minimum,4471,4471,0.3,-1,52.9375,52.9375,0
1786403333939,3000,Minimum,4471,4471,0.3,-1,52.9375,52.9375,0
1786403334039,3000,Minimum,4471,4471,0.3,-1,53.1875,53.1875,0
1786403334139,3000,Minimum,4471,4471,0.3,-1,53.1875,53.1875,0
1786403334239,3000,Minimum,4471,4471,0.3,-1,53.1875,53.1875,0
1786403334339,3000,Minimum,4471,4471,0.3,-1,53.1875,53.1875,0
1786403334439,3000,Minimum,4471,4471,0.3,-1,53.1875,53.1875,0
1786403334539,3000,Minimum,4471,4471,0.3,-1,53.1875,53.1875,0
1786403334639,3000,Minimum,4471,4471,0.3,-1,53.1875,53.1875,0
1786403334739,3000,Minimum,4471,4471,0.3,-1,53.1875,53.1875,0
1786403334839,3000,Minimum,4471,4471,0.3,-1,53.1875,53.1875,0
1786403334939,3000,Minimum,4471,4471,0.3,-1,53.1875,53.1875,0
1786403335039,3000,Minimum,4471,4471,0.3,-1,53.375,53.375,0
1786403335139,3000,Minimum,4471,4471,0.3,-1,53.375,53.375,0
1786403335239,3000,Minimum,4471,4471,0.3,-1,53.375,53.375,0
1786403335339,3000,Minimum,4471,4471,0.3,-1,53.375,53.375,0
1786403335439,3000,Minimum,4471,4471,0.3,-1,53.375,53.375,0
1786403335539,3000,Minimum,4471,4471,0.3,-1,53.375,53.375,0
1786403335639,3000,Minimum,4471,4471,0.3,-1,53.375,53.375,0
1786403335739,3000,Minimum,4471,4471,0.3,-1,53.375,53.375,0
1786403335839,3000,Minimum,4471,4471,0.3,-1,53.375,53.375,0
1786403335939,3000,Minimum,4471,4471,0.3,-1,53.375,53.375,0
1786403336039,3000,Minimum,4471,4471,0.3,-1,53.625,53.625,0
1786403336139,3000,Minimum,4471,4471,0.3,-1,53.625,53.625,0
1786403336239,3000,Minimum,4471,4471,0.3,-1,53.625,53.625,0
1786403336339,3000,Minimum,4471,4471,0.3,-1,53.625,53.625,0
1786403336439,3000,Minimum,4471,4471,0.3,-1,53.625,53.625,0
1786403336539,3000,Minimum,4471,4471,0.3,-1,53.625,53.625,0
1786403336639,3000,Minimum,4471,4471,0.3,-1,53.625,53.625,0
1786403336739,3000,Minimum,4471,4471,0.3,-1,53.625,53.625,0
1786403336839,3000,Minimum,4471,4471,0.3,-1,53.625,53.625,0
1786403336939,3000,Minimum,4471,4471,0.3,-1,53.625,53.625,0
1786403337039,3000,Minimum,4471,4471,0.3,-1,53.9375,53.9375,0
1786403337139,3000,Minimum,4471,4471,0.3,-1,53.9375,53.9375,0
1786403337239,3000,Minimum,4471,4471,0.3,-1,53.9375,53.9375,0
1786403337339,3000,Minimum,4471,4471,0.3,-1,53.9375,53.9375,0
1786403337439,3000,Minimum,4471,4471,0.3,-1,53.9375,53.9375,0
1786403337539,3000,Minimum,4471,4471,0.3,-1,53.9375,53.9375,0
1786403337639,3000,Minimum,4471,4471,0.3,-1,53.9375,53.9375,0
1786403337739,3000,Minimum,4471,4471,0.3,-1,53.9375,53.9375,0
1786403337839,3000,Minimum,4471,4471,0.3,-1,53.9375,53.9375,0
1786403337939,3000,Minimum,4471,4471,0.3,-1,53.9375,53.9375,0
1786403338039,3000,Minimum,4471,4471,0.3,-1,54.125,54.125,0
1786403338139,3000,Minimum,4471,4471,0.3,-1,54.125,54.125,0
1786403338239,3000,Minimum,4471,4471,0.3,-1,54.125,54.125,0
1786403338339,3000,Minimum,4471,4471,0.3,-1,54.125,54.125,0
1786403338439,3000,Minimum,4471,4471,0.3,-1,54.125,54.125,0
1786403338539,3000,Minimum,4471,4471,0.3,-1,54.125,54.125,0
1786403338639,3000,Minimum,4471,4471,0.3,-1,54.125,54.125,0
1786403338739,3000,Minimum,4471,4471,0.3,-1,54.125,54.125,0
1786403338839,3000,Minimum,4471,4471,0.3,-1,54.125,54.125,0
1786403338939,3000,Minimum,4471,4471,0.3,-1,54.125,54.125,0
1786403339039,3000,Minimum,4471,4471,0.3,-1,54.375,54.375,0
1786403339139,3000,Minimum,4471,4471,0.3,-1,54.375,54.375,0
1786403339239,3000,Minimum,4471,4471,0.3,-1,54.375,54.375,0
1786403339339,3000,Minimum,4471,4471,0.3,-1,54.375,54.375,0
1786403339439,3000,Minimum,4471,4471,0.3,-1,54.375,54.375,0
1786403339539,3000,Minimum,4471,4471,0.3,-1,54.375,54.375,0
1786403339639,3000,Minimum,4471,4471,0.3,-1,54.375,54.375,0
1786403339739,3000,Minimum,4471,4471,0.3,-1,54.375,54.375,0
1786403339839,3000,Minimum,4471,4471,0.3,-1,54.375,54.375,0
1786403339939,3000,Minimum,4471,4471,0.3,-1,54.375,54.375,0
1786403340039,3000,Minimum,4471,4471,0.3,-1,54.625,54.625,0
1786403340139,3000,Minimum,4471,4471,0.3,-1,54.625,54.625,0
1786403340239,3000,Minimum,4471,4471,0.3,-1,54.625,54.625,0
1786403340339,3000,Minimum,4471,4471,0.3,-1,54.625,54.625,0
1786403340439,3000,Minimum,4471,4471,0.3,-1,54.625,54.625,0
1786403340539,3000,Minimum,4471,4471,0.3,-1,54.625,54.625,0
1786403340639,3000,Minimum,4471,4471,0.3,-1,54.625,54.625,0
1786403340739,3000,Minimum,4471,4471,0.3,-1,54.625,54.625,0
1786403340839,3000,Minimum,4471,4471,0.3,-1,54.625,54.625,0
1786403340939,3000,Minimum,4471,4471,0.3,-1,54.625,54.625,0
1786403341039,3000,Minimum,4471,4471,0.3,-1,54.75,54.75,0
1786403341139,3000,Minimum,4471,4471,0.3,-1,54.75,54.75,0
1786403341239,3000,Minimum,4471,4471,0.3,-1,54.75,54.75,0
1786403341339,3000,Minimum,4471,4471,0.3,-1,54.75,54.75,0
1786403341439,3000,Minimum,4471,4471,0.3,-1,54.75,54.75,0
1786403341539,3000,Minimum,4471,4471,0.3,-1,54.75,54.75,0
1786403341639,3000,Minimum,4471,4471,0.3,-1,54.75,54.75,0
1786403341739,3000,Minimum,4471,4471,0.3,-1,54.75,54.75,0
1786403341839,3000,Minimum,4471,4471,0.3,-1,54.75,54.75,0
1786403341939,3000,Minimum,4471,4471,0.3,-1,54.75,54.75,0
1786403342039,3000,Minimum,4471,4471,0.3,-1,55,55,0
1786403342139,3000,Minimum,4471,4471,0.3,-1,55,55,0
1786403342239,3000,Minimum,4471,4471,0.3,-1,55,55,0
1786403342339,3000,Minimum,4471,4471,0.3,-1,55,55,0
1786403342439,3000,Minimum,4471,4471,0.3,-1,55,55,0
1786403342539,3000,Minimum,4471,4471,0.3,-1,55,55,0
1786403342639,3000,Minimum,4471,4471,0.3,-1,55,55,0
1786403342739,3000,Minimum,4471,4471,0.3,-1,55,55,0
1786403342839,3000,Minimum,4471,4471,0.3,-1,55,55,0
1786403342939,3000,Minimum,4471,4471,0.3,-1,55,55,0
1786403343039,3000,Minimum,4471,4471,0.3,-1,55.1875,55.1875,0
1786403343139,3000,Minimum,4471,4471,0.3,-1,55.1875,55.1875,0
1786403343239,3000,Minimum,4471,4471,0.3,-1,55.1875,55.1875,0
1786403343339,3000,Minimum,4471,4471,0.3,-1,55.1875,55.1875,0
1786403343439,3000,Minimum,4471,4471,0.3,-1,55.1875,55.1875,0
1786403343539,3000,Minimum,4471,4471,0.3,-1,55.1875,55.1875,0
1786403343639,3000,Minimum,4471,4471,0.3,-1,55.1875,55.1875,0
1786403343739,3000,Minimum,4471,4471,0.3,-1,55.1875,55.1875,0
1786403343839,3000,Minimum,4471,4471,0.3,-1,55.1875,55.1875,0
1786403343939,3000,Minimum,4471,4471,0.3,-1,55.1875,55.1875,0
1786403344039,3000,Minimum,4471,4471,0.3,-1,55.4375,55.4375,0
1786403344139,3000,Minimum,4471,4471,0.3,-1,55.4375,55.4375,0
1786403344239,3000,Minimum,4471,4471,0.3,-1,55.4375,55.4375,0
1786403344339,3000,Minimum,4471,4471,0.3,-1,55.4375,55.4375,0
1786403344439,3000,Minimum,4471,4471,0.3,-1,55.4375,55.4375,0
1786403344539,3000,Minimum,4471,4471,0.3,-1,55.4375,55.4375,0
1786403344639,3000,Minimum,4471,4471,0.3,-1,55.4375,55.4375,0
1786403344739,3000,Minimum,4471,4471,0.3,-1,55.4375,55.4375,0
1786403344839,3000,Minimum,4471,4471,0.3,-1,55.4375,55.4375,0
1786403344939,3000,Minimum,4471,4471,0.3,-1,55.4375,55.4375,0
1786403345039,3000,Minimum,4471,4471,0.3,-1,55.625,55.625,0
1786403345139,3000,Minimum,4471,4471,0.3,-1,55.625,55.625,0
1786403345239,3000,Minimum,4471,4471,0.3,-1,55.625,55.625,0
1786403345339,3000,Minimum,4471,4471,0.3,-1,55.625,55.625,0
1786403345439,3000,Minimum,4471,4471,0.3,-1,55.625,55.625,0
1786403345539,3000,Minimum,4471,4471,0.3,-1,55.625,55.625,0
1786403345639,3000,Minimum,4471,4471,0.3,-1,55.625,55.625,0
1786403345739,3000,Minimum,4471,4471,0.3,-1,55.625,55.625,0
1786403345839,3000,Minimum,4471,4471,0.3,-1,55.625,55.625,0
1786403345939,3000,Minimum,4471,4471,0.3,-1,55.625,55.625,0
1786403346039,3000,Minimum,4471,4471,0.3,-1,55.75,55.75,0
1786403346139,3000,Minimum,4471,4471,0.3,-1,55.75,55.75,0
1786403346239,3000,Minimum,4471,4471,0.3,-1,55.75,55.75,0
1786403346339,3000,Minimum,4471,4471,0.3,-1,55.75,55.75,0
1786403346439,3000,Minimum,4471,4471,0.3,-1,55.75,55.75,0
1786403346539,3000,Minimum,4471,4471,0.3,-1,55.75,55.75,0
1786403346639,3000,Minimum,4471,4471,0.3,-1,55.75,55.75,0
1786403346739,3000,Minimum,4471,4471,0.3,-1,55.75,55.75,0
1786403346839,3000,Minimum,4471,4471,0.3,-1,55.75,55.75,0
1786403346939,3000,Minimum,4471,4471,0.3,-1,55.75,55.75,0
1786403347039,3000,Minimum,4471,4471,0.3,-1,56.0625,56.0625,0
1786403347139,3000,Minimum,4471,4471,0.3,-1,56.0625,56.0625,0
1786403347239,3000,Minimum,4471,4471,0.3,-1,56.0625,56.0625,0
1786403347339,3000,Minimum,4471,4471,0.3,-1,56.0625,56.0625,0
1786403347439,3000,Minimum,4471,4471,0.3,-1,56.0625,56.0625,0
1786403347539,3000,Minimum,4471,4471,0.3,-1,56.0625,56.0625,0
1786403347639,3000,Minimum,4471,4471,0.3,-1,56.0625,56.0625,0
1786403347739,3000,Minimum,4471,4471,0.3,-1,56.0625,56.0625,0
1786403347839,3000,Minimum,4471,4471,0.3,-1,56.0625,56.0625,0
1786403347939,3000,Minimum,4471,4471,0.3,-1,56.0625,56.0625,0
1786403348039,3000,Minimum,4471,4471,0.3,-1,56.125,56.125,0
1786403348139,3000,Minimum,4471,4471,0.3,-1,56.125,56.125,0
1786403348239,3000,Minimum,4471,4471,0.3,-1,56.125,56.125,0
1786403348339,3000,Minimum,4471,4471,0.3,-1,56.125,56.125,0
1786403348439,3000,Minimum,4471,4471,0.3,-1,56.125,56.125,0
1786403348539,3000,Minimum,4471,4471,0.3,-1,56.125,56.125,0
1786403348639,3000,Minimum,4471,4471,0.3,-1,56.125,56.125,0
1786403348739,3000,Minimum,4471,4471,0.3,-1,56.125,56.125,0
1786403348839,3000,Minimum,4471,4471,0.3,-1,56.125,56.125,0
1786403348939,3000,Minimum,4471,4471,0.3,-1,56.125,56.125,0
1786403349039,3000,Minimum,4471,4471,0.3,-1,56.3125,56.3125,0
1786403349139,3000,Minimum,4471,4471,0.3,-1,56.3125,56.3125,0
1786403349239,3000,Minimum,4471,4471,0.3,-1,56.3125,56.3125,0
1786403349339,3000,Minimum,4471,4471,0.3,-1,56.3125,56.3125,0
1786403349439,3000,Minimum,4471,4471,0.3,-1,56.3125,56.3125,0
1786403349539,3000,Minimum,4471,4471,0.3,-1,56.3125,56.3125,0
1786403349639,3000,Minimum,4471,4471,0.3,-1,56.3125,56.3125,0
1786403349739,3000,Minimum,4471,4471,0.3,-1,56.3125,56.3125,0
1786403349839,3000,Minimum,4471,4471,0.3,-1,56.3125,56.3125,0
1786403349939,3000,Minimum,4471,4471,0.3,-1,56.3125,56.3125,0
1786403350039,3000,Minimum,4471,4471,0.3,-1,56.5625,56.5625,0
1786403350139,3000,Minimum,4471,4471,0.3,-1,56.5625,56.5625,0
1786403350239,3000,Minimum,4471,4471,0.3,-1,56.5625,56.5625,0
1786403350339,3000,Minimum,4471,4471,0.3,-1,56.5625,56.5625,0
1786403350439,3000,Minimum,4471,4471,0.3,-1,56.5625,56.5625,0
1786403350539,3000,Minimum,4471,4471,0.3,-1,56.5625,56.5625,0
1786403350639,3000,Minimum,4471,4471,0.3,-1,56.5625,56.5625,0
1786403350739,3000,Minimum,4471,4471,0.3,-1,56.5625,56.5625,0
1786403350839,3000,Minimum,4471,4471,0.3,-1,56.5625,56.5625,0
1786403350939,3000,Minimum,4471,4471,0.3,-1,56.5625,56.5625,0
1786403351039,3000,Minimum,4471,4471,0.3,-1,56.75,56.75,0
1786403351139,3000,Minimum,4471,4471,0.3,-1,56.75,56.75,0
1786403351239,3000,Minimum,4471,4471,0.3,-1,56.75,56.75,0
1786403351339,3000,Minimum,4471,4471,0.3,-1,56.75,56.75,0
1786403351439,3000,Minimum,4471,4471,0.3,-1,56.75,56.75,0
1786403351539,3000,Minimum,4471,4471,0.3,-1,56.75,56.75,0
1786403351639,3000,Minimum,4471,4471,0.3,-1,56.75,56.75,0
1786403351739,3000,Minimum,4471,4471,0.3,-1,56.75,56.75,0
1786403351839,3000,Minimum,4471,4471,0.3,-1,56.75,56.75,0
1786403351939,3000,Minimum,4471,4471,0.3,-1,56.75,56.75,0
1786403352039,3000,Minimum,4471,4471,0.3,-1,56.875,56.875,0
1786403352139,3000,Minimum,4471,4471,0.3,-1,56.875,56.875,0
1786403352239,3000,Minimum,4471,4471,0.3,-1,56.875,56.875,0
1786403352339,3000,Minimum,4471,4471,0.3,-1,56.875,56.875,0
1786403352439,3000,Minimum,4471,4471,0.3,-1,56.875,56.875,0
1786403352539,3000,Minimum,4471,4471,0.3,-1,56.875,56.875,0
1786403352639,3000,Minimum,4471,4471,0.3,-1,56.875,56.875,0
1786403352739,3000,Minimum,4471,4471,0.3,-1,56.875,56.875,0
1786403352839,3000,Minimum,4471,4471,0.3,-1,56.875,56.875,0
1786403352939,3000,Minimum,4471,4471,0.3,-1,56.875,56.875,0
1786403353039,3000,Minimum,4471,4471,0.3,-1,57.0625,57.0625,0
1786403353139,3000,Minimum,4471,4471,0.3,-1,57.0625,57.0625,0
1786403353239,3000,Minimum,4471,4471,0.3,-1,57.0625,57.0625,0
1786403353339,3000,Minimum,4471,4471,0.3,-1,57.0625,57.0625,0
1786403353439,3000,Minimum,4471,4471,0.3,-1,57.0625,57.0625,0
1786403353539,3000,Minimum,4471,4471,0.3,-1,57.0625,57.0625,0
1786403353639,3000,Minimum,4471,4471,0.3,-1,57.0625,57.0625,0
1786403353739,3000,Minimum,4471,4471,0.3,-1,57.0625,57.0625,0
1786403353839,3000,Minimum,4471,4471,0.3,-1,57.0625,57.0625,0
1786403353939,3000,Minimum,4471,4471,0.3,-1,57.0625,57.0625,0
1786403354039,3000,Minimum,4471,4471,0.3,-1,57.1875,57.1875,0
1786403354139,3000,Minimum,4471,4471,0.3,-1,57.1875,57.1875,0
1786403354239,3000,Minimum,4471,4471,0.3,-1,57.1875,57.1875,0
1786403354339,3000,Minimum,4471,4471,0.3,-1,57.1875,57.1875,0
1786403354439,3000,Minimum,4471,4471,0.3,-1,57.1875,57.1875,0
1786403354539,3000,Minimum,4471,4471,0.3,-1,57.1875,57.1875,0
1786403354639,3000,Minimum,4471,4471,0.3,-1,57.1875,57.1875,0
1786403354739,3000,Minimum,4471,4471,0.3,-1,57.1875,57.1875,0
1786403354839,3000,Minimum,4471,4471,0.3,-1,57.1875,57.1875,0
1786403354939,3000,Minimum,4471,4471,0.3,-1,57.1875,57.1875,0
1786403355039,3000,Minimum,4471,4471,0.3,-1,57.375,57.375,0
1786403355139,3000,Minimum,4471,4471,0.3,-1,57.375,57.375,0
1786403355239,3000,Minimum,4471,4471,0.3,-1,57.375,57.375,0
1786403355339,3000,Minimum,4471,4471,0.3,-1,57.375,57.375,0
1786403355439,3000,Minimum,4471,4471,0.3,-1,57.375,57.375,0
1786403355539,3000,Minimum,4471,4471,0.3,-1,57.375,57.375,0
1786403355642,3000,Minimum,4471,4471,0.3,-1,57.375,57.375,0
1786403355739,3000,Minimum,4471,4471,0.3,-1,57.375,57.375,0
1786403355839,3000,Minimum,4471,4471,0.3,-1,57.375,57.375,0
1786403355942,3000,Minimum,4471,4471,0.3,-1,57.375,57.375,0
1786403356039,3000,Minimum,4471,4471,0.3,-1,57.5,57.5,0
1786403356139,3000,Minimum,4471,4471,0.3,-1,57.5,57.5,0
1786403356239,3000,Minimum,4471,4471,0.3,-1,57.5,57.5,0
1786403356339,3000,Minimum,4471,4471,0.3,-1,57.5,57.5,0
1786403356439,3000,Minimum,4471,4471,0.3,-1,57.5,57.5,0
1786403356539,3000,Minimum,4471,4471,0.3,-1,57.5,57.5,0
1786403356639,3000,Minimum,4471,4471,0.3,-1,57.5,57.5,0
1786403356739,3000,Minimum,4471,4471,0.3,-1,57.5,57.5,0
1786403356839,3000,Minimum,4471,4471,0.3,-1,57.5,57.5,0
1786403356939,3000,Minimum,4471,4471,0.3,-1,57.5,57.5,0
1786403357039,3000,Minimum,4471,4471,0.3,-1,57.8125,57.8125,0
1786403357143,3000,Minimum,4471,4471,0.3,-1,57.8125,57.8125,0
1786403357239,3000,Minimum,4471,4471,0.3,-1,57.8125,57.8125,0
1786403357339,3000,Minimum,4471,4471,0.3,-1,57.8125,57.8125,0
1786403357439,3000,Minimum,4471,4471,0.3,-1,57.8125,57.8125,0
1786403357539,3000,Minimum,4471,4471,0.3,-1,57.8125,57.8125,0
1786403357639,3000,Minimum,4471,4471,0.3,-1,57.8125,57.8125,0
1786403357739,3000,Minimum,4471,4471,0.3,-1,57.8125,57.8125,0
1786403357839,3000,Minimum,4471,4471,0.3,-1,57.8125,57.8125,0
1786403357939,3000,Minimum,4471,4471,0.3,-1,57.8125,57.8125,0
1786403358039,3000,Minimum,4471,4471,0.3,-1,57.8125,57.8125,0
1786403358139,3000,Minimum,4471,4471,0.3,-1,57.8125,57.8125,0
1786403358239,3000,Minimum,4471,4471,0.3,-1,57.8125,57.8125,0
1786403358339,3000,Minimum,4471,4471,0.3,-1,57.8125,57.8125,0
1786403358439,3000,Minimum,4471,4471,0.3,-1,57.8125,57.8125,0
1786403358539,3000,Minimum,4471,4471,0.3,-1,57.8125,57.8125,0
1786403358642,3000,Minimum,4471,4471,0.3,-1,57.8125,57.8125,0
1786403358739,3000,Minimum,4471,4471,0.3,-1,57.8125,57.8125,0
1786403358839,3000,Minimum,4471,4471,0.3,-1,57.8125,57.8125,0
1786403358939,3000,Minimum,4471,4471,0.3,-1,57.8125,57.8125,0
1786403359039,3000,Minimum,4471,4471,0.3,-1,58,58,0
1786403359139,3000,Minimum,4471,4471,0.3,-1,58,58,0
1786403359239,3000,Minimum,4471,4471,0.3,-1,58,58,0
1786403359339,3000,Minimum,4471,4471,0.3,-1,58,58,0
1786403359439,3000,Minimum,4471,4471,0.3,-1,58,58,0
1786403359539,3000,Minimum,4471,4471,0.3,-1,58,58,0
1786403359639,3000,Minimum,4471,4471,0.3,-1,58,58,0
1786403359739,3000,Minimum,4471,4471,0.3,-1,58,58,0
1786403359839,3000,Minimum,4471,4471,0.3,-1,58,58,0
1786403359939,3000,Minimum,4471,4471,0.3,-1,58,58,0
1786403360039,3000,Minimum,4471,4471,0.3,-1,58.125,58.125,0
1786403360142,3000,Minimum,4471,4471,0.3,-1,58.125,58.125,0
1786403360239,3000,Minimum,4471,4471,0.3,-1,58.125,58.125,0
1786403360339,3000,Minimum,4471,4471,0.3,-1,58.125,58.125,0
1786403360439,3000,Minimum,4471,4471,0.3,-1,58.125,58.125,0
1786403360539,3000,Minimum,4471,4471,0.3,-1,58.125,58.125,0
1786403360639,3000,Minimum,4471,4471,0.3,-1,58.125,58.125,0
1786403360739,3000,Minimum,4471,4471,0.3,-1,58.125,58.125,0
1786403360839,3000,Minimum,4471,4471,0.3,-1,58.125,58.125,0
1786403360942,3000,Minimum,4471,4471,0.3,-1,58.125,58.125,0
1786403361039,3000,Minimum,4471,4471,0.3,-1,58.25,58.25,0
1786403361139,3000,Minimum,4471,4471,0.3,-1,58.25,58.25,0
1786403361239,3000,Minimum,4471,4471,0.3,-1,58.25,58.25,0
1786403361339,3000,Minimum,4471,4471,0.3,-1,58.25,58.25,0
1786403361439,3000,Minimum,4471,4471,0.3,-1,58.25,58.25,0
1786403361539,3000,Minimum,4471,4471,0.3,-1,58.25,58.25,0
1786403361639,3000,Minimum,4471,4471,0.3,-1,58.25,58.25,0
1786403361739,3000,Minimum,4471,4471,0.3,-1,58.25,58.25,0
1786403361839,3000,Minimum,4471,4471,0.3,-1,58.25,58.25,0
1786403361939,3000,Minimum,4471,4471,0.3,-1,58.25,58.25,0
1786403362039,3000,Minimum,4471,4471,0.3,-1,58.375,58.375,0
1786403362142,3000,Minimum,4471,4471,0.3,-1,58.375,58.375,0
1786403362239,3000,Minimum,4471,4471,0.3,-1,58.375,58.375,0
1786403362339,3000,Minimum,4471,4471,0.3,-1,58.375,58.375,0
1786403362439,3000,Minimum,4471,4471,0.3,-1,58.375,58.375,0
1786403362539,3000,Minimum,4471,4471,0.3,-1,58.375,58.375,0
1786403362639,3000,Minimum,4471,4471,0.3,-1,58.375,58.375,0
1786403362739,3000,Minimum,4471,4471,0.3,-1,58.375,58.375,0
1786403362839,3000,Minimum,4471,4471,0.3,-1,58.375,58.375,0
1786403362939,3000,Minimum,4471,4471,0.3,-1,58.375,58.375,0
1786403363039,3000,Minimum,4471,4471,0.3,-1,58.5,58.5,0
1786403363139,3000,Minimum,4471,4471,0.3,-1,58.5,58.5,0
1786403363239,3000,Minimum,4471,4471,0.3,-1,58.5,58.5,0
1786403363339,3000,Minimum,4471,4471,0.3,-1,58.5,58.5,0
1786403363439,3000,Minimum,4471,4471,0.3,-1,58.5,58.5,0
1786403363539,3000,Minimum,4471,4471,0.3,-1,58.5,58.5,0
1786403363639,3000,Minimum,4471,4471,0.3,-1,58.5,58.5,0
1786403363739,3000,Minimum,4471,4471,0.3,-1,58.5,58.5,0
1786403363839,3000,Minimum,4471,4471,0.3,-1,58.5,58.5,0
1786403363939,3000,Minimum,4471,4471,0.3,-1,58.5,58.5,0
1786403364039,3000,Minimum,4471,4471,0.3,-1,58.5625,58.5625,0
1786403364139,3000,Minimum,4471,4471,0.3,-1,58.5625,58.5625,0
1786403364239,3000,Minimum,4471,4471,0.3,-1,58.5625,58.5625,0
1786403364339,3000,Minimum,4471,4471,0.3,-1,58.5625,58.5625,0
1786403364439,3000,Minimum,4471,4471,0.3,-1,58.5625,58.5625,0
1786403364539,3000,Minimum,4471,4471,0.3,-1,58.5625,58.5625,0
1786403364639,3000,Minimum,4471,4471,0.3,-1,58.5625,58.5625,0
1786403364739,3000,Minimum,4471,4471,0.3,-1,58.5625,58.5625,0
1786403364842,3000,Minimum,4471,4471,0.3,-1,58.5625,58.5625,0
1786403364939,3000,Minimum,4471,4471,0.3,-1,58.5625,58.5625,0
1786403365039,3000,Minimum,4471,4471,0.3,-1,58.8125,58.8125,0
1786403365139,3000,Minimum,4471,4471,0.3,-1,58.8125,58.8125,0
1786403365239,3000,Minimum,4471,4471,0.3,-1,58.8125,58.8125,0
1786403365339,3000,Minimum,4471,4471,0.3,-1,58.8125,58.8125,0
1786403365439,3000,Minimum,4471,4471,0.3,-1,58.8125,58.8125,0
1786403365539,3000,Minimum,4471,4471,0.3,-1,58.8125,58.8125,0
1786403365639,3000,Minimum,4471,4471,0.3,-1,58.8125,58.8125,0
1786403365739,3000,Minimum,4471,4471,0.3,-1,58.8125,58.8125,0
1786403365839,3000,Minimum,4471,4471,0.3,-1,58.8125,58.8125,0
1786403365939,3000,Minimum,4471,4471,0.3,-1,58.8125,58.8125,0
1786403366039,3000,Minimum,4471,4471,0.3,-1,58.9375,58.9375,0
1786403366139,3000,Minimum,4471,4471,0.3,-1,58.9375,58.9375,0
1786403366239,3000,Minimum,4471,4471,0.3,-1,58.9375,58.9375,0
1786403366342,3000,Minimum,4471,4471,0.3,-1,58.9375,58.9375,0
1786403366439,3000,Minimum,4471,4471,0.3,-1,58.9375,58.9375,0
1786403366539,3000,Minimum,4471,4471,0.3,-1,58.9375,58.9375,0
1786403366639,3000,Minimum,4471,4471,0.3,-1,58.9375,58.9375,0
1786403366739,3000,Minimum,4471,4471,0.3,-1,58.9375,58.9375,0
1786403366839,3000,Minimum,4471,4471,0.3,-1,58.9375,58.9375,0
1786403366939,3000,Minimum,4471,4471,0.3,-1,58.9375,58.9375,0
1786403367039,3000,Minimum,4471,4471,0.3,-1,59.125,59.125,0
1786403367139,3000,Minimum,4471,4471,0.3,-1,59.125,59.125,0
1786403367239,3000,Minimum,4471,4471,0.3,-1,59.125,59.125,0
1786403367339,3000,Minimum,4471,4471,0.3,-1,59.125,59.125,0
1786403367439,3000,Minimum,4471,4471,0.3,-1,59.125,59.125,0
1786403367539,3000,Minimum,4471,4471,0.3,-1,59.125,59.125,0
1786403367639,3000,Minimum,4471,4471,0.3,-1,59.125,59.125,0
1786403367739,3000,Minimum,4471,4471,0.3,-1,59.125,59.125,0
1786403367839,3000,Minimum,4471,4471,0.3,-1,59.125,59.125,0
1786403367939,3000,Minimum,4471,4471,0.3,-1,59.125,59.125,0
1786403368039,3000,Minimum,4471,4471,0.3,-1,59.1875,59.1875,0
1786403368139,3000,Minimum,4471,4471,0.3,-1,59.1875,59.1875,0
1786403368239,3000,Minimum,4471,4471,0.3,-1,59.1875,59.1875,0
1786403368339,3000,Minimum,4471,4471,0.3,-1,59.1875,59.1875,0
1786403368439,3000,Minimum,4471,4471,0.3,-1,59.1875,59.1875,0
1786403368539,3000,Minimum,4471,4471,0.3,-1,59.1875,59.1875,0
1786403368639,3000,Minimum,4471,4471,0.3,-1,59.1875,59.1875,0
1786403368739,3000,Minimum,4471,4471,0.3,-1,59.1875,59.1875,0
1786403368839,3000,Minimum,4471,4471,0.3,-1,59.1875,59.1875,0
1786403368939,3000,Minimum,4471,4471,0.3,-1,59.1875,59.1875,0
1786403369039,3000,Minimum,4471,4471,0.3,-1,59.25,59.25,0
1786403369139,3000,Minimum,4471,4471,0.3,-1,59.25,59.25,0
1786403369239,3000,Minimum,4471,4471,0.3,-1,59.25,59.25,0
1786403369339,3000,Minimum,4471,4471,0.3,-1,59.25,59.25,0
1786403369442,3000,Minimum,4471,4471,0.3,-1,59.25,59.25,0
1786403369539,3000,Minimum,4471,4471,0.3,-1,59.25,59.25,0
1786403369639,3000,Minimum,4471,4471,0.3,-1,59.25,59.25,0
1786403369739,3000,Minimum,4471,4471,0.3,-1,59.25,59.25,0
1786403369839,3000,Minimum,4471,4471,0.3,-1,59.25,59.25,0
1786403369939,3000,Minimum,4471,4471,0.3,-1,59.25,59.25,0
1786403370039,3000,Minimum,4471,4471,0.3,-1,59.5,59.5,0
1786403370139,3000,Minimum,4471,4471,0.3,-1,59.5,59.5,0
1786403370239,3000,Minimum,4471,4471,0.3,-1,59.5,59.5,0
1786403370342,3000,Minimum,4471,4471,0.3,-1,59.5,59.5,0
1786403370439,3000,Minimum,4471,4471,0.3,-1,59.5,59.5,0
1786403370539,3000,Minimum,4471,4471,0.3,-1,59.5,59.5,0
1786403370639,3000,Minimum,4471,4471,0.3,-1,59.5,59.5,0
1786403370739,3000,Minimum,4471,4471,0.3,-1,59.5,59.5,0
1786403370839,3000,Minimum,4471,4471,0.3,-1,59.5,59.5,0
1786403370939,3000,Minimum,4471,4471,0.3,-1,59.5,59.5,0
1786403371039,3000,Minimum,4471,4471,0.3,-1,59.4375,59.4375,0
1786403371139,3000,Minimum,4471,4471,0.3,-1,59.4375,59.4375,0
1786403371239,3000,Minimum,4471,4471,0.3,-1,59.4375,59.4375,0
1786403371339,3000,Minimum,4471,4471,0.3,-1,59.4375,59.4375,0
1786403371439,3000,Minimum,4471,4471,0.3,-1,59.4375,59.4375,0
1786403371539,3000,Minimum,4471,4471,0.3,-1,59.4375,59.4375,0
1786403371639,3000,Minimum,4471,4471,0.3,-1,59.4375,59.4375,0
1786403371739,3000,Minimum,4471,4471,0.3,-1,59.4375,59.4375,0
1786403371842,3000,Minimum,4471,4471,0.3,-1,59.4375,59.4375,0
1786403371942,3000,Minimum,4471,4471,0.3,-1,59.4375,59.4375,0
1786403372039,3000,Minimum,4471,4471,0.3,-1,59.625,59.625,0
1786403372139,3000,Minimum,4471,4471,0.3,-1,59.625,59.625,0
1786403372239,3000,Minimum,4471,4471,0.3,-1,59.625,59.625,0
1786403372339,3000,Minimum,4471,4471,0.3,-1,59.625,59.625,0
1786403372439,3000,Minimum,4471,4471,0.3,-1,59.625,59.625,0
1786403372539,3000,Minimum,4471,4471,0.3,-1,59.625,59.625,0
1786403372639,3000,Minimum,4471,4471,0.3,-1,59.625,59.625,0
1786403372739,3000,Minimum,4471,4471,0.3,-1,59.625,59.625,0
1786403372839,3000,Minimum,4471,4471,0.3,-1,59.625,59.625,0
1786403372939,3000,Minimum,4471,4471,0.3,-1,59.625,59.625,0
1786403373039,3000,Minimum,4471,4471,0.3,-1,59.6875,59.6875,0
1786403373139,3000,Minimum,4471,4471,0.3,-1,59.6875,59.6875,0
1786403373239,3000,Minimum,4471,4471,0.3,-1,59.6875,59.6875,0
1786403373339,3000,Minimum,4471,4471,0.3,-1,59.6875,59.6875,0
1786403373439,3000,Minimum,4471,4471,0.3,-1,59.6875,59.6875,0
1786403373539,3000,Minimum,4471,4471,0.3,-1,59.6875,59.6875,0
1786403373639,3000,Minimum,4471,4471,0.3,-1,59.6875,59.6875,0
1786403373739,3000,Minimum,4471,4471,0.3,-1,59.6875,59.6875,0
1786403373839,3000,Minimum,4471,4471,0.3,-1,59.6875,59.6875,0
1786403373939,3000,Minimum,4471,4471,0.3,-1,59.6875,59.6875,0
1786403374039,3000,Minimum,4471,4471,0.3,-1,59.6875,59.6875,0
1786403374139,3000,Minimum,4471,4471,0.3,-1,59.6875,59.6875,0
1786403374239,3000,Minimum,4471,4471,0.3,-1,59.6875,59.6875,0
1786403374339,3000,Minimum,4471,4471,0.3,-1,59.6875,59.6875,0
1786403374439,3000,Minimum,4471,4471,0.3,-1,59.6875,59.6875,0
1786403374539,3000,Minimum,4471,4471,0.3,-1,59.6875,59.6875,0
1786403374639,3000,Minimum,4471,4471,0.3,-1,59.6875,59.6875,0
1786403374742,3000,Minimum,4471,4471,0.3,-1,59.6875,59.6875,0
1786403374839,3000,Minimum,4471,4471,0.3,-1,59.6875,59.6875,0
1786403374939,3000,Minimum,4471,4471,0.3,-1,59.6875,59.6875,0
1786403375042,3000,Minimum,4471,4471,0.3,-1,59.9375,59.9375,0
1786403375139,3000,Minimum,4471,4471,0.3,-1,59.9375,59.9375,0
1786403375239,3000,Minimum,4471,4471,0.3,-1,59.9375,59.9375,0
1786403375339,3000,Minimum,4471,4471,0.3,-1,59.9375,59.9375,0
1786403375439,3000,Minimum,4471,4471,0.3,-1,59.9375,59.9375,0
1786403375539,3000,Minimum,4471,4471,0.3,-1,59.9375,59.9375,0
1786403375639,3000,Minimum,4471,4471,0.3,-1,59.9375,59.9375,0
1786403375739,3000,Minimum,4471,4471,0.3,-1,59.9375,59.9375,0
1786403375839,3000,Minimum,4471,4471,0.3,-1,59.9375,59.9375,0
1786403375939,3000,Minimum,4471,4471,0.3,-1,59.9375,59.9375,0
1786403376039,3000,Minimum,4471,4471,0.3,-1,60.0625,60.0625,0
1786403376139,3000,Minimum,4471,4471,0.3,-1,60.0625,60.0625,0
1786403376239,3000,Minimum,4471,4471,0.3,-1,60.0625,60.0625,0
1786403376339,3000,Minimum,4471,4471,0.3,-1,60.0625,60.0625,0
1786403376439,3000,Minimum,4471,4471,0.3,-1,60.0625,60.0625,0
1786403376539,3000,Minimum,4471,4471,0.3,-1,60.0625,60.0625,0
1786403376639,3000,Minimum,4471,4471,0.3,-1,60.0625,60.0625,0
1786403376739,3000,Minimum,4471,4471,0.3,-1,60.0625,60.0625,0
1786403376839,3000,Minimum,4471,4471,0.3,-1,60.0625,60.0625,0
1786403376939,3000,Minimum,4471,4471,0.3,-1,60.0625,60.0625,0
1786403377039,3000,Minimum,4471,4471,0.3,-1,60.0625,60.0625,0
1786403377139,3000,Minimum,4471,4471,0.3,-1,60.0625,60.0625,0
1786403377239,3000,Minimum,4471,4471,0.3,-1,60.0625,60.0625,0
1786403377339,3000,Minimum,4471,4471,0.3,-1,60.0625,60.0625,0
1786403377439,3000,Minimum,4471,4471,0.3,-1,60.0625,60.0625,0
1786403377539,3000,Minimum,4471,4471,0.3,-1,60.0625,60.0625,0
1786403377639,3000,Minimum,4471,4471,0.3,-1,60.0625,60.0625,0
1786403377739,3000,Minimum,4471,4471,0.3,-1,60.0625,60.0625,0
1786403377839,3000,Minimum,4471,4471,0.3,-1,60.0625,60.0625,0
1786403377939,3000,Minimum,4471,4471,0.3,-1,60.0625,60.0625,0
1786403378039,3000,Minimum,4471,4471,0.3,-1,60.1875,60.1875,0
1786403378139,3000,Minimum,4471,4471,0.3,-1,60.1875,60.1875,0
1786403378239,3000,Minimum,4471,4471,0.3,-1,60.1875,60.1875,0
1786403378339,3000,Minimum,4471,4471,0.3,-1,60.1875,60.1875,0
1786403378439,3000,Minimum,4471,4471,0.3,-1,60.1875,60.1875,0
1786403378539,3000,Minimum,4471,4471,0.3,-1,60.1875,60.1875,0
1786403378639,3000,Minimum,4471,4471,0.3,-1,60.1875,60.1875,0
1786403378739,3000,Minimum,4471,4471,0.3,-1,60.1875,60.1875,0
1786403378839,3000,Minimum,4471,4471,0.3,-1,60.1875,60.1875,0
1786403378939,3000,Minimum,4471,4471,0.3,-1,60.1875,60.1875,0
1786403379039,3000,Minimum,4471,4471,0.3,-1,60.25,60.25,0
1786403379139,3000,Minimum,4471,4471,0.3,-1,60.25,60.25,0
1786403379239,3000,Minimum,4471,4471,0.3,-1,60.25,60.25,0
1786403379339,3000,Minimum,4471,4471,0.3,-1,60.25,60.25,0
1786403379439,3000,Minimum,4471,4471,0.3,-1,60.25,60.25,0
1786403379539,3000,Minimum,4471,4471,0.3,-1,60.25,60.25,0
1786403379639,3000,Minimum,4471,4471,0.3,-1,60.25,60.25,0
1786403379739,3000,Minimum,4471,4471,0.3,-1,60.25,60.25,0
1786403379839,3000,Minimum,4471,4471,0.3,-1,60.25,60.25,0
1786403379939,3000,Minimum,4471,4471,0.3,-1,60.25,60.25,0
1786403380039,3000,Minimum,4471,4471,0.3,-1,60.4375,60.4375,0
1786403380142,3000,Minimum,4471,4471,0.3,-1,60.4375,60.4375,0
1786403380239,3000,Minimum,4471,4471,0.3,-1,60.4375,60.4375,0
1786403380339,3000,Minimum,4471,4471,0.3,-1,60.4375,60.4375,0
1786403380439,3000,Minimum,4471,4471,0.3,-1,60.4375,60.4375,0
1786403380539,3000,Minimum,4471,4471,0.3,-1,60.4375,60.4375,0
1786403380639,3000,Minimum,4471,4471,0.3,-1,60.4375,60.4375,0
1786403380739,3000,Minimum,4471,4471,0.3,-1,60.4375,60.4375,0
1786403380839,3000,Minimum,4471,4471,0.3,-1,60.4375,60.4375,0
1786403380939,3000,Minimum,4471,4471,0.3,-1,60.4375,60.4375,0
1786403381039,3000,Minimum,4471,4471,0.3,-1,60.4375,60.4375,0
1786403381139,3000,Minimum,4471,4471,0.3,-1,60.4375,60.4375,0
1786403381239,3000,Minimum,4471,4471,0.3,-1,60.4375,60.4375,0
1786403381342,3000,Minimum,4471,4471,0.3,-1,60.4375,60.4375,0
1786403381439,3000,Minimum,4471,4471,0.3,-1,60.4375,60.4375,0
1786403381539,3000,Minimum,4471,4471,0.3,-1,60.4375,60.4375,0
1786403381639,3000,Minimum,4471,4471,0.3,-1,60.4375,60.4375,0
1786403381739,3000,Minimum,4471,4471,0.3,-1,60.4375,60.4375,0
1786403381839,3000,Minimum,4471,4471,0.3,-1,60.4375,60.4375,0
1786403381939,3000,Minimum,4471,4471,0.3,-1,60.4375,60.4375,0
1786403382039,3000,Minimum,4471,4471,0.3,-1,60.5625,60.5625,0
1786403382139,3000,Minimum,4471,4471,0.3,-1,60.5625,60.5625,0
1786403382239,3000,Minimum,4471,4471,0.3,-1,60.5625,60.5625,0
1786403382339,3000,Minimum,4471,4471,0.3,-1,60.5625,60.5625,0
1786403382439,3000,Minimum,4471,4471,0.3,-1,60.5625,60.5625,0
1786403382542,3000,Minimum,4471,4471,0.3,-1,60.5625,60.5625,0
1786403382639,3000,Minimum,4471,4471,0.3,-1,60.5625,60.5625,0
1786403382739,3000,Minimum,4471,4471,0.3,-1,60.5625,60.5625,0
1786403382839,3000,Minimum,4471,4471,0.3,-1,60.5625,60.5625,0
1786403382939,3000,Minimum,4471,4471,0.3,-1,60.5625,60.5625,0
1786403383039,3000,Minimum,4471,4471,0.3,-1,60.625,60.625,0
1786403383139,3000,Minimum,4471,4471,0.3,-1,60.625,60.625,0
1786403383239,3000,Minimum,4471,4471,0.3,-1,60.625,60.625,0
1786403383339,3000,Minimum,4471,4471,0.3,-1,60.625,60.625,0
1786403383439,3000,Minimum,4471,4471,0.3,-1,60.625,60.625,0
1786403383539,3000,Minimum,4471,4471,0.3,-1,60.625,60.625,0
1786403383639,3000,Minimum,4471,4471,0.3,-1,60.625,60.625,0
1786403383739,3000,Minimum,4471,4471,0.3,-1,60.625,60.625,0
1786403383839,3000,Minimum,4471,4471,0.3,-1,60.625,60.625,0
1786403383939,3000,Minimum,4471,4471,0.3,-1,60.625,60.625,0
1786403384039,3000,Minimum,4471,4471,0.3,-1,60.75,60.75,0
1786403384139,3000,Minimum,4471,4471,0.3,-1,60.75,60.75,0
1786403384239,3000,Minimum,4471,4471,0.3,-1,60.75,60.75,0
1786403384339,3000,Minimum,4471,4471,0.3,-1,60.75,60.75,0
1786403384439,3000,Minimum,4471,4471,0.3,-1,60.75,60.75,0
1786403384539,3000,Minimum,4471,4471,0.3,-1,60.75,60.75,0
1786403384639,3000,Minimum,4471,4471,0.3,-1,60.75,60.75,0
1786403384739,3000,Minimum,4471,4471,0.3,-1,60.75,60.75,0
1786403384839,3000,Minimum,4471,4471,0.3,-1,60.75,60.75,0
1786403384939,3000,Minimum,4471,4471,0.3,-1,60.75,60.75,0
1786403385039,3000,Minimum,4471,4471,0.3,-1,60.8125,60.8125,0
1786403385139,3000,Minimum,4471,4471,0.3,-1,60.8125,60.8125,0
1786403385239,3000,Minimum,4471,4471,0.3,-1,60.8125,60.8125,0
1786403385339,3000,Minimum,4471,4471,0.3,-1,60.8125,60.8125,0
1786403385439,3000,Minimum,4471,4471,0.3,-1,60.8125,60.8125,0
1786403385539,3000,Minimum,4471,4471,0.3,-1,60.8125,60.8125,0
1786403385639,3000,Minimum,4471,4471,0.3,-1,60.8125,60.8125,0
1786403385739,3000,Minimum,4471,4471,0.3,-1,60.8125,60.8125,0
1786403385839,3000,Minimum,4471,4471,0.3,-1,60.8125,60.8125,0
1786403385939,3000,Minimum,4471,4471,0.3,-1,60.8125,60.8125,0
1786403386039,3000,Minimum,4471,4471,0.3,-1,60.875,60.875,0
1786403386139,3000,Minimum,4471,4471,0.3,-1,60.875,60.875,0
1786403386239,3000,Minimum,4471,4471,0.3,-1,60.875,60.875,0
1786403386339,3000,Minimum,4471,4471,0.3,-1,60.875,60.875,0
1786403386439,3000,Minimum,4471,4471,0.3,-1,60.875,60.875,0
1786403386539,3000,Minimum,4471,4471,0.3,-1,60.875,60.875,0
1786403386639,3000,Minimum,4471,4471,0.3,-1,60.875,60.875,0
1786403386739,3000,Minimum,4471,4471,0.3,-1,60.875,60.875,0
1786403386839,3000,Minimum,4471,4471,0.3,-1,60.875,60.875,0
1786403386939,3000,Minimum,4471,4471,0.3,-1,60.875,60.875,0
1786403387039,3000,Minimum,4471,4471,0.3,-1,61,61,0
1786403387139,3000,Minimum,4471,4471,0.3,-1,61,61,0
1786403387239,3000,Minimum,4471,4471,0.3,-1,61,61,0
1786403387339,3000,Minimum,4471,4471,0.3,-1,61,61,0
1786403387439,3000,Minimum,4471,4471,0.3,-1,61,61,0
1786403387539,3000,Minimum,4471,4471,0.3,-1,61,61,0
1786403387639,3000,Minimum,4471,4471,0.3,-1,61,61,0
1786403387739,3000,Minimum,4471,4471,0.3,-1,61,61,0
1786403387839,3000,Minimum,4471,4471,0.3,-1,61,61,0
1786403387939,3000,Minimum,4471,4471,0.3,-1,61,61,0
1786403388039,3000,Minimum,4471,4471,0.3,-1,61,61,0
1786403388139,3000,Minimum,4471,4471,0.3,-1,61,61,0
1786403388239,3000,Minimum,4471,4471,0.3,-1,61,61,0
1786403388339,3000,Minimum,4471,4471,0.3,-1,61,61,0
1786403388439,3000,Minimum,4471,4471,0.3,-1,61,61,0
1786403388539,3000,Minimum,4471,4471,0.3,-1,61,61,0
1786403388639,3000,Minimum,4471,4471,0.3,-1,61,61,0
1786403388739,3000,Minimum,4471,4471,0.3,-1,61,61,0
1786403388839,3000,Minimum,4471,4471,0.3,-1,61,61,0
1786403388939,3000,Minimum,4471,4471,0.3,-1,61,61,0
1786403389039,3000,Minimum,4471,4471,0.3,-1,61.125,61.125,0
1786403389139,3000,Minimum,4471,4471,0.3,-1,61.125,61.125,0
1786403389239,3000,Minimum,4471,4471,0.3,-1,61.125,61.125,0
1786403389339,3000,Minimum,4471,4471,0.3,-1,61.125,61.125,0
1786403389439,3000,Minimum,4471,4471,0.3,-1,61.125,61.125,0
1786403389539,3000,Minimum,4471,4471,0.3,-1,61.125,61.125,0
1786403389639,3000,Minimum,4471,4471,0.3,-1,61.125,61.125,0
1786403389739,3000,Minimum,4471,4471,0.3,-1,61.125,61.125,0
1786403389839,3000,Minimum,4471,4471,0.3,-1,61.125,61.125,0
1786403389939,3000,Minimum,4471,4471,0.3,-1,61.125,61.125,0
1786403390039,3000,Minimum,4471,4471,0.3,-1,61.1875,61.1875,0
1786403390139,3000,Minimum,4471,4471,0.3,-1,61.1875,61.1875,0
1786403390239,3000,Minimum,4471,4471,0.3,-1,61.1875,61.1875,0
1786403390339,3000,Minimum,4471,4471,0.3,-1,61.1875,61.1875,0
1786403390439,3000,Minimum,4471,4471,0.3,-1,61.1875,61.1875,0
1786403390539,3000,Minimum,4471,4471,0.3,-1,61.1875,61.1875,0
1786403390639,3000,Minimum,4471,4471,0.3,-1,61.1875,61.1875,0
1786403390739,3000,Minimum,4471,4471,0.3,-1,61.1875,61.1875,0
1786403390842,3000,Minimum,4471,4471,0.3,-1,61.1875,61.1875,0
1786403390939,3000,Minimum,4471,4471,0.3,-1,61.1875,61.1875,0
1786403391039,3000,Minimum,4471,4471,0.3,-1,61.1875,61.1875,0
1786403391139,3000,Minimum,4471,4471,0.3,-1,61.1875,61.1875,0
1786403391239,3000,Minimum,4471,4471,0.3,-1,61.1875,61.1875,0
1786403391339,3000,Minimum,4471,4471,0.3,-1,61.1875,61.1875,0
1786403391439,3000,Minimum,4471,4471,0.3,-1,61.1875,61.1875,0
1786403391539,3000,Minimum,4471,4471,0.3,-1,61.1875,61.1875,0
1786403391639,3000,Minimum,4471,4471,0.3,-1,61.1875,61.1875,0
1786403391739,3000,Minimum,4471,4471,0.3,-1,61.1875,61.1875,0
1786403391839,3000,Minimum,4471,4471,0.3,-1,61.1875,61.1875,0
1786403391939,3000,Minimum,4471,4471,0.3,-1,61.1875,61.1875,0
1786403392039,3000,Minimum,4471,4471,0.3,-1,61.375,61.375,0
1786403392139,3000,Minimum,4471,4471,0.3,-1,61.375,61.375,0
1786403392239,3000,Minimum,4471,4471,0.3,-1,61.375,61.375,0
1786403392339,3000,Minimum,4471,4471,0.3,-1,61.375,61.375,0
1786403392439,3000,Minimum,4471,4471,0.3,-1,61.375,61.375,0
1786403392539,3000,Minimum,4471,4471,0.3,-1,61.375,61.375,0
1786403392639,3000,Minimum,4471,4471,0.3,-1,61.375,61.375,0
1786403392739,3000,Minimum,4471,4471,0.3,-1,61.375,61.375,0
1786403392839,3000,Minimum,4471,4471,0.3,-1,61.375,61.375,0
1786403392939,3000,Minimum,4471,4471,0.3,-1,61.375,61.375,0
1786403393039,3000,Minimum,4471,4471,0.3,-1,61.3125,61.3125,0
1786403393139,3000,Minimum,4471,4471,0.3,-1,61.3125,61.3125,0
1786403393239,3000,Minimum,4471,4471,0.3,-1,61.3125,61.3125,0
1786403393339,3000,Minimum,4471,4471,0.3,-1,61.3125,61.3125,0
1786403393439,3000,Minimum,4471,4471,0.3,-1,61.3125,61.3125,0
1786403393539,3000,Minimum,4471,4471,0.3,-1,61.3125,61.3125,0
1786403393639,3000,Minimum,4471,4471,0.3,-1,61.3125,61.3125,0
1786403393739,3000,Minimum,4471,4471,0.3,-1,61.3125,61.3125,0
1786403393842,3000,Minimum,4471,4471,0.3,-1,61.3125,61.3125,0
1786403393939,3000,Minimum,4471,4471,0.3,-1,61.3125,61.3125,0
1786403394039,3000,Minimum,4471,4471,0.3,-1,61.375,61.375,0
1786403394142,3000,Minimum,4471,4471,0.3,-1,61.375,61.375,0
1786403394239,3000,Minimum,4471,4471,0.3,-1,61.375,61.375,0
1786403394339,3000,Minimum,4471,4471,0.3,-1,61.375,61.375,0
1786403394439,3000,Minimum,4471,4471,0.3,-1,61.375,61.375,0
1786403394539,3000,Minimum,4471,4471,0.3,-1,61.375,61.375,0
1786403394639,3000,Minimum,4471,4471,0.3,-1,61.375,61.375,0
1786403394739,3000,Minimum,4471,4471,0.3,-1,61.375,61.375,0
1786403394839,3000,Minimum,4471,4471,0.3,-1,61.375,61.375,0
1786403394939,3000,Minimum,4471,4471,0.3,-1,61.375,61.375,0
1786403395039,3000,Minimum,4471,4471,0.3,-1,61.5,61.5,0
1786403395139,3000,Minimum,4471,4471,0.3,-1,61.5,61.5,0
1786403395239,3000,Minimum,4471,4471,0.3,-1,61.5,61.5,0
1786403395342,3000,Minimum,4471,4471,0.3,-1,61.5,61.5,0
1786403395439,3000,Minimum,4471,4471,0.3,-1,61.5,61.5,0
1786403395539,3000,Minimum,4471,4471,0.3,-1,61.5,61.5,0
1786403395639,3000,Minimum,4471,4471,0.3,-1,61.5,61.5,0
1786403395739,3000,Minimum,4471,4471,0.3,-1,61.5,61.5,0
1786403395839,3000,Minimum,4471,4471,0.3,-1,61.5,61.5,0
1786403395939,3000,Minimum,4471,4471,0.3,-1,61.5,61.5,0
1786403396039,3000,Minimum,4471,4471,0.3,-1,61.4375,61.4375,0
1786403396139,3000,Minimum,4471,4471,0.3,-1,61.4375,61.4375,0
1786403396239,3000,Minimum,4471,4471,0.3,-1,61.4375,61.4375,0
1786403396339,3000,Minimum,4471,4471,0.3,-1,61.4375,61.4375,0
1786403396439,3000,Minimum,4471,4471,0.3,-1,61.4375,61.4375,0
1786403396539,3000,Minimum,4471,4471,0.3,-1,61.4375,61.4375,0
1786403396639,3000,Minimum,4471,4471,0.3,-1,61.4375,61.4375,0
1786403396739,3000,Minimum,4471,4471,0.3,-1,61.4375,61.4375,0
1786403396839,3000,Minimum,4471,4471,0.3,-1,61.4375,61.4375,0
1786403396939,3000,Minimum,4471,4471,0.3,-1,61.4375,61.4375,0
1786403397039,3000,Minimum,4471,4471,0.3,-1,61.5625,61.5625,0
1786403397139,3000,Minimum,4471,4471,0.3,-1,61.5625,61.5625,0
1786403397239,3000,Minimum,4471,4471,0.3,-1,61.5625,61.5625,0
1786403397339,3000,Minimum,4471,4471,0.3,-1,61.5625,61.5625,0
1786403397439,3000,Minimum,4471,4471,0.3,-1,61.5625,61.5625,0
1786403397539,3000,Minimum,4471,4471,0.3,-1,61.5625,61.5625,0
1786403397639,3000,Minimum,4471,4471,0.3,-1,61.5625,61.5625,0
1786403397739,3000,Minimum,4471,4471,0.3,-1,61.5625,61.5625,0
1786403397839,3000,Minimum,4471,4471,0.3,-1,61.5625,61.5625,0
1786403397939,3000,Minimum,4471,4471,0.3,-1,61.5625,61.5625,0
1786403398039,3000,Minimum,4471,4471,0.3,-1,61.625,61.625,0
1786403398139,3000,Minimum,4471,4471,0.3,-1,61.625,61.625,0
1786403398239,3000,Minimum,4471,4471,0.3,-1,61.625,61.625,0
1786403398339,3000,Minimum,4471,4471,0.3,-1,61.625,61.625,0
1786403398442,3000,Minimum,4471,4471,0.3,-1,61.625,61.625,0
1786403398539,3000,Minimum,4471,4471,0.3,-1,61.625,61.625,0
1786403398639,3000,Minimum,4471,4471,0.3,-1,61.625,61.625,0
1786403398739,3000,Minimum,4471,4471,0.3,-1,61.625,61.625,0
1786403398839,3000,Minimum,4471,4471,0.3,-1,61.625,61.625,0
1786403398939,3000,Minimum,4471,4471,0.3,-1,61.625,61.625,0
1786403399039,3000,Minimum,4471,4471,0.3,-1,61.8125,61.8125,0
1786403399139,3000,Minimum,4471,4471,0.3,-1,61.8125,61.8125,0
1786403399242,3000,Minimum,4471,4471,0.3,-1,61.8125,61.8125,0
1786403399339,3000,Minimum,4471,4471,0.3,-1,61.8125,61.8125,0
1786403399439,3000,Minimum,4471,4471,0.3,-1,61.8125,61.8125,0
1786403399539,3000,Minimum,4471,4471,0.3,-1,61.8125,61.8125,0
1786403399639,3000,Minimum,4471,4471,0.3,-1,61.8125,61.8125,0
1786403399739,3000,Minimum,4471,4471,0.3,-1,61.8125,61.8125,0
1786403399839,3000,Minimum,4471,4471,0.3,-1,61.8125,61.8125,0
1786403399939,3000,Minimum,4471,4471,0.3,-1,61.8125,61.8125,0
1786403400039,3000,Minimum,4471,4471,0.3,-1,61.875,61.875,0
1786403400139,3000,Minimum,4471,4471,0.3,-1,61.875,61.875,0
1786403400239,3000,Minimum,4471,4471,0.3,-1,61.875,61.875,0
1786403400339,3000,Minimum,4471,4471,0.3,-1,61.875,61.875,0
1786403400442,3000,Minimum,4471,4471,0.3,-1,61.875,61.875,0
1786403400539,3000,Minimum,4471,4471,0.3,-1,61.875,61.875,0
1786403400639,3000,Minimum,4471,4471,0.3,-1,61.875,61.875,0
1786403400739,3000,Minimum,4471,4471,0.3,-1,61.875,61.875,0
1786403400839,3000,Minimum,4471,4471,0.3,-1,61.875,61.875,0
1786403400939,3000,Minimum,4471,4471,0.3,-1,61.875,61.875,0
1786403401039,3000,Minimum,4471,4471,0.3,-1,61.9375,61.9375,0
1786403401139,3000,Minimum,4471,4471,0.3,-1,61.9375,61.9375,0
1786403401239,3000,Minimum,4471,4471,0.3,-1,61.9375,61.9375,0
1786403401339,3000,Minimum,4471,4471,0.3,-1,61.9375,61.9375,0
1786403401439,3000,Minimum,4471,4471,0.3,-1,61.9375,61.9375,0
1786403401539,3000,Minimum,4471,4471,0.3,-1,61.9375,61.9375,0
1786403401639,3000,Minimum,4471,4471,0.3,-1,61.9375,61.9375,0
1786403401739,3000,Minimum,4471,4471,0.3,-1,61.9375,61.9375,0
1786403401839,3000,Minimum,4471,4471,0.3,-1,61.9375,61.9375,0
1786403401939,3000,Minimum,4471,4471,0.3,-1,61.9375,61.9375,0
1786403402039,3000,Minimum,4471,4471,0.3,-1,61.875,61.875,0
1786403402139,3000,Minimum,4471,4471,0.3,-1,61.875,61.875,0
1786403402239,3000,Minimum,4471,4471,0.3,-1,61.875,61.875,0
1786403402339,3000,Minimum,4471,4471,0.3,-1,61.875,61.875,0
1786403402439,3000,Minimum,4471,4471,0.3,-1,61.875,61.875,0
1786403402539,3000,Minimum,4471,4471,0.3,-1,61.875,61.875,0
1786403402639,3000,Minimum,4471,4471,0.3,-1,61.875,61.875,0
1786403402739,3000,Minimum,4471,4471,0.3,-1,61.875,61.875,0
1786403402839,3000,Minimum,4471,4471,0.3,-1,61.875,61.875,0
1786403402939,3000,Minimum,4471,4471,0.3,-1,61.875,61.875,0
1786403403039,3000,Minimum,4471,4471,0.3,-1,61.9375,61.9375,0
1786403403139,3000,Minimum,4471,4471,0.3,-1,61.9375,61.9375,0
1786403403239,3000,Minimum,4471,4471,0.3,-1,61.9375,61.9375,0
1786403403339,3000,Minimum,4471,4471,0.3,-1,61.9375,61.9375,0
1786403403439,3000,Minimum,4471,4471,0.3,-1,61.9375,61.9375,0
1786403403539,3000,Minimum,4471,4471,0.3,-1,61.9375,61.9375,0
1786403403639,3000,Minimum,4471,4471,0.3,-1,61.9375,61.9375,0
1786403403739,3000,Minimum,4471,4471,0.3,-1,61.9375,61.9375,0
1786403403839,3000,Minimum,4471,4471,0.3,-1,61.9375,61.9375,0
1786403403939,3000,Minimum,4471,4471,0.3,-1,61.9375,61.9375,0
1786403404039,3000,Minimum,4471,4471,0.3,-1,62.0625,62.0625,0
1786403404139,3000,Minimum,4471,4471,0.3,-1,62.0625,62.0625,0
1786403404239,3000,Minimum,4471,4471,0.3,-1,62.0625,62.0625,0
1786403404339,3000,Minimum,4471,4471,0.3,-1,62.0625,62.0625,0
1786403404439,3000,Minimum,4471,4471,0.3,-1,62.0625,62.0625,0
1786403404539,3000,Minimum,4471,4471,0.3,-1,62.0625,62.0625,0
1786403404639,3000,Minimum,4471,4471,0.3,-1,62.0625,62.0625,0
1786403404739,3000,Minimum,4471,4471,0.3,-1,62.0625,62.0625,0
1786403404839,3000,Minimum,4471,4471,0.3,-1,62.0625,62.0625,0
1786403404939,3000,Minimum,4471,4471,0.3,-1,62.0625,62.0625,0
1786403405039,3000,Minimum,4471,4471,0.3,-1,62.0625,62.0625,0
1786403405139,3000,Minimum,4471,4471,0.3,-1,62.0625,62.0625,0
1786403405239,3000,Minimum,4471,4471,0.3,-1,62.0625,62.0625,0
1786403405339,3000,Minimum,4471,4471,0.3,-1,62.0625,62.0625,0
1786403405439,3000,Minimum,4471,4471,0.3,-1,62.0625,62.0625,0
1786403405539,3000,Minimum,4471,4471,0.3,-1,62.0625,62.0625,0
1786403405639,3000,Minimum,4471,4471,0.3,-1,62.0625,62.0625,0
1786403405739,3000,Minimum,4471,4471,0.3,-1,62.0625,62.0625,0
1786403405839,3000,Minimum,4471,4471,0.3,-1,62.0625,62.0625,0
1786403405939,3000,Minimum,4471,4471,0.3,-1,62.0625,62.0625,0
1786403406039,3000,Minimum,4471,4471,0.3,-1,62.125,62.125,0
1786403406139,3000,Minimum,4471,4471,0.3,-1,62.125,62.125,0
1786403406239,3000,Minimum,4471,4471,0.3,-1,62.125,62.125,0
1786403406340,3000,Minimum,4471,4471,0.3,-1,62.125,62.125,0
1786403406439,3000,Minimum,4471,4471,0.3,-1,62.125,62.125,0
1786403406539,3000,Minimum,4471,4471,0.3,-1,62.125,62.125,0
1786403406639,3000,Minimum,4471,4471,0.3,-1,62.125,62.125,0
1786403406739,3000,Minimum,4471,4471,0.3,-1,62.125,62.125,0
1786403406839,3000,Minimum,4471,4471,0.3,-1,62.125,62.125,0
1786403406939,3000,Minimum,4471,4471,0.3,-1,62.125,62.125,0
1786403407039,3000,Minimum,4471,4471,0.3,-1,62.3125,62.3125,0
1786403407139,3000,Minimum,4471,4471,0.3,-1,62.3125,62.3125,0
1786403407239,3000,Minimum,4471,4471,0.3,-1,62.3125,62.3125,0
1786403407339,3000,Minimum,4471,4471,0.3,-1,62.3125,62.3125,0
1786403407439,3000,Minimum,4471,4471,0.3,-1,62.3125,62.3125,0
1786403407539,3000,Minimum,4471,4471,0.3,-1,62.3125,62.3125,0
1786403407639,3000,Minimum,4471,4471,0.3,-1,62.3125,62.3125,0
1786403407739,3000,Minimum,4471,4471,0.3,-1,62.3125,62.3125,0
1786403407839,3000,Minimum,4471,4471,0.3,-1,62.3125,62.3125,0
1786403407939,3000,Minimum,4471,4471,0.3,-1,62.3125,62.3125,0
1786403408039,3000,Minimum,4471,4471,0.3,-1,62.1875,62.1875,0
1786403408139,3000,Minimum,4471,4471,0.3,-1,62.1875,62.1875,0
1786403408239,3000,Minimum,4471,4471,0.3,-1,62.1875,62.1875,0
1786403408339,3000,Minimum,4471,4471,0.3,-1,62.1875,62.1875,0
1786403408439,3000,Minimum,4471,4471,0.3,-1,62.1875,62.1875,0
1786403408539,3000,Minimum,4471,4471,0.3,-1,62.1875,62.1875,0
1786403408639,3000,Minimum,4471,4471,0.3,-1,62.1875,62.1875,0
1786403408742,3000,Minimum,4471,4471,0.3,-1,62.1875,62.1875,0
1786403408839,3000,Minimum,4471,4471,0.3,-1,62.1875,62.1875,0
1786403408939,3000,Minimum,4471,4471,0.3,-1,62.1875,62.1875,0
1786403409039,3000,Minimum,4471,4471,0.3,-1,62.25,62.25,0
1786403409139,3000,Minimum,4471,4471,0.3,-1,62.25,62.25,0
1786403409239,3000,Minimum,4471,4471,0.3,-1,62.25,62.25,0
1786403409339,3000,Minimum,4471,4471,0.3,-1,62.25,62.25,0
1786403409439,3000,Minimum,4471,4471,0.3,-1,62.25,62.25,0
1786403409539,3000,Minimum,4471,4471,0.3,-1,62.25,62.25,0
1786403409639,3000,Minimum,4471,4471,0.3,-1,62.25,62.25,0
1786403409739,3000,Minimum,4471,4471,0.3,-1,62.25,62.25,0
1786403409839,3000,Minimum,4471,4471,0.3,-1,62.25,62.25,0
1786403409939,3000,Minimum,4471,4471,0.3,-1,62.25,62.25,0
1786403410039,3000,Minimum,4471,4471,0.3,-1,62.3125,62.3125,0
1786403410139,3000,Minimum,4471,4471,0.3,-1,62.3125,62.3125,0
1786403410246,3000,Minimum,4471,4471,0.3,-1,62.3125,62.3125,0
1786403410339,3000,Minimum,4471,4471,0.3,-1,62.3125,62.3125,0
1786403410439,3000,Minimum,4471,4471,0.3,-1,62.3125,62.3125,0
1786403410539,3000,Minimum,4471,4471,0.3,-1,62.3125,62.3125,0
1786403410639,3000,Minimum,4471,4471,0.3,-1,62.3125,62.3125,0
1786403410739,3000,Minimum,4471,4471,0.3,-1,62.3125,62.3125,0
1786403410839,3000,Minimum,4471,4471,0.3,-1,62.3125,62.3125,0
1786403410939,3000,Minimum,4471,4471,0.3,-1,62.3125,62.3125,0
1786403411039,3000,Minimum,4471,4471,0.3,-1,62.3125,62.3125,0
1786403411139,3000,Minimum,4471,4471,0.3,-1,62.3125,62.3125,0
1786403411239,3000,Minimum,4471,4471,0.3,-1,62.3125,62.3125,0
1786403411339,3000,Minimum,4471,4471,0.3,-1,62.3125,62.3125,0
1786403411439,3000,Minimum,4471,4471,0.3,-1,62.3125,62.3125,0
1786403411539,3000,Minimum,4471,4471,0.3,-1,62.3125,62.3125,0
1786403411639,3000,Minimum,4471,4471,0.3,-1,62.3125,62.3125,0
1786403411742,3000,Minimum,4471,4471,0.3,-1,62.3125,62.3125,0
1786403411839,3000,Minimum,4471,4471,0.3,-1,62.3125,62.3125,0
1786403411939,3000,Minimum,4471,4471,0.3,-1,62.3125,62.3125,0
1786403412039,3000,Minimum,4471,4471,0.3,-1,62.4375,62.4375,0
1786403412139,3000,Minimum,4471,4471,0.3,-1,62.4375,62.4375,0
1786403412239,3000,Minimum,4471,4471,0.3,-1,62.4375,62.4375,0
1786403412339,3000,Minimum,4471,4471,0.3,-1,62.4375,62.4375,0
1786403412439,3000,Minimum,4471,4471,0.3,-1,62.4375,62.4375,0
1786403412539,3000,Minimum,4471,4471,0.3,-1,62.4375,62.4375,0
1786403412639,3000,Minimum,4471,4471,0.3,-1,62.4375,62.4375,0
1786403412739,3000,Minimum,4471,4471,0.3,-1,62.4375,62.4375,0
1786403412839,3000,Minimum,4471,4471,0.3,-1,62.4375,62.4375,0
1786403412939,3000,Minimum,4471,4471,0.3,-1,62.4375,62.4375,0
1786403413039,3000,Minimum,4471,4471,0.3,-1,62.4375,62.4375,0
1786403413139,3000,Minimum,4471,4471,0.3,-1,62.4375,62.4375,0
1786403413239,3000,Minimum,4471,4471,0.3,-1,62.4375,62.4375,0
1786403413339,3000,Minimum,4471,4471,0.3,-1,62.4375,62.4375,0
1786403413439,3000,Minimum,4471,4471,0.3,-1,62.4375,62.4375,0
1786403413539,3000,Minimum,4471,4471,0.3,-1,62.4375,62.4375,0
1786403413639,3000,Minimum,4471,4471,0.3,-1,62.4375,62.4375,0
1786403413739,3000,Minimum,4471,4471,0.3,-1,62.4375,62.4375,0
1786403413839,3000,Minimum,4471,4471,0.3,-1,62.4375,62.4375,0
1786403413939,3000,Minimum,4471,4471,0.3,-1,62.4375,62.4375,0
1786403414039,3000,Minimum,4471,4471,0.3,-1,62.5625,62.5625,0
1786403414139,3000,Minimum,4471,4471,0.3,-1,62.5625,62.5625,0
1786403414239,3000,Minimum,4471,4471,0.3,-1,62.5625,62.5625,0
1786403414339,3000,Minimum,4471,4471,0.3,-1,62.5625,62.5625,0
1786403414439,3000,Minimum,4471,4471,0.3,-1,62.5625,62.5625,0
1786403414539,3000,Minimum,4471,4471,0.3,-1,62.5625,62.5625,0
1786403414639,3000,Minimum,4471,4471,0.3,-1,62.5625,62.5625,0
1786403414739,3000,Minimum,4471,4471,0.3,-1,62.5625,62.5625,0
1786403414839,3000,Minimum,4471,4471,0.3,-1,62.5625,62.5625,0
1786403414939,3000,Minimum,4471,4471,0.3,-1,62.5625,62.5625,0
1786403415039,3000,Minimum,4471,4471,0.3,-1,62.5625,62.5625,0
1786403415139,3000,Minimum,4471,4471,0.3,-1,62.5625,62.5625,0
1786403415239,3000,Minimum,4471,4471,0.3,-1,62.5625,62.5625,0
1786403415339,3000,Minimum,4471,4471,0.3,-1,62.5625,62.5625,0
1786403415439,3000,Minimum,4471,4471,0.3,-1,62.5625,62.5625,0
1786403415539,3000,Minimum,4471,4471,0.3,-1,62.5625,62.5625,0
1786403415639,3000,Minimum,4471,4471,0.3,-1,62.5625,62.5625,0
1786403415739,3000,Minimum,4471,4471,0.3,-1,62.5625,62.5625,0
1786403415839,3000,Minimum,4471,4471,0.3,-1,62.5625,62.5625,0
1786403415939,3000,Minimum,4471,4471,0.3,-1,62.5625,62.5625,0
1786403416039,3000,Minimum,4471,4471,0.3,-1,62.625,62.625,0
1786403416139,3000,Minimum,4471,4471,0.3,-1,62.625,62.625,0
1786403416239,3000,Minimum,4471,4471,0.3,-1,62.625,62.625,0
1786403416339,3000,Minimum,4471,4471,0.3,-1,62.625,62.625,0
1786403416439,3000,Minimum,4471,4471,0.3,-1,62.625,62.625,0
1786403416542,3000,Minimum,4471,4471,0.3,-1,62.625,62.625,0
1786403416639,3000,Minimum,4471,4471,0.3,-1,62.625,62.625,0
1786403416739,3000,Minimum,4471,4471,0.3,-1,62.625,62.625,0
1786403416839,3000,Minimum,4471,4471,0.3,-1,62.625,62.625,0
1786403416939,3000,Minimum,4471,4471,0.3,-1,62.625,62.625,0
1786403417039,3000,Minimum,4471,4471,0.3,-1,62.625,62.625,0
1786403417139,3000,Minimum,4471,4471,0.3,-1,62.625,62.625,0
1786403417239,3000,Minimum,4471,4471,0.3,-1,62.625,62.625,0
1786403417339,3000,Minimum,4471,4471,0.3,-1,62.625,62.625,0
1786403417439,3000,Minimum,4471,4471,0.3,-1,62.625,62.625,0
1786403417539,3000,Minimum,4471,4471,0.3,-1,62.625,62.625,0
1786403417639,3000,Minimum,4471,4471,0.3,-1,62.625,62.625,0
1786403417739,3000,Minimum,4471,4471,0.3,-1,62.625,62.625,0
1786403417839,3000,Minimum,4471,4471,0.3,-1,62.625,62.625,0
1786403417939,3000,Minimum,4471,4471,0.3,-1,62.625,62.625,0
1786403418042,3000,Minimum,4471,4471,0.3,-1,62.75,62.75,0
1786403418139,3000,Minimum,4471,4471,0.3,-1,62.75,62.75,0
1786403418239,3000,Minimum,4471,4471,0.3,-1,62.75,62.75,0
1786403418339,3000,Minimum,4471,4471,0.3,-1,62.75,62.75,0
1786403418439,3000,Minimum,4471,4471,0.3,-1,62.75,62.75,0
1786403418539,3000,Minimum,4471,4471,0.3,-1,62.75,62.75,0
1786403418639,3000,Minimum,4471,4471,0.3,-1,62.75,62.75,0
1786403418739,3000,Minimum,4471,4471,0.3,-1,62.75,62.75,0
1786403418839,3000,Minimum,4471,4471,0.3,-1,62.75,62.75,0
1786403418942,3000,Minimum,4471,4471,0.3,-1,62.75,62.75,0
1786403419039,3000,Minimum,4471,4471,0.3,-1,62.75,62.75,0
1786403419139,3000,Minimum,4471,4471,0.3,-1,62.75,62.75,0
1786403419239,3000,Minimum,4471,4471,0.3,-1,62.75,62.75,0
1786403419339,3000,Minimum,4471,4471,0.3,-1,62.75,62.75,0
1786403419439,3000,Minimum,4471,4471,0.3,-1,62.75,62.75,0
1786403419539,3000,Minimum,4471,4471,0.3,-1,62.75,62.75,0
1786403419639,3000,Minimum,4471,4471,0.3,-1,62.75,62.75,0
1786403419739,3000,Minimum,4471,4471,0.3,-1,62.75,62.75,0
1786403419839,3000,Minimum,4471,4471,0.3,-1,62.75,62.75,0
1786403419939,3000,Minimum,4471,4471,0.3,-1,62.75,62.75,0
1786403420039,3000,Minimum,4471,4471,0.3,-1,62.75,62.75,0
1786403420139,3000,Minimum,4471,4471,0.3,-1,62.75,62.75,0
1786403420239,3000,Minimum,4471,4471,0.3,-1,62.75,62.75,0
1786403420339,3000,Minimum,4471,4471,0.3,-1,62.75,62.75,0
1786403420439,3000,Minimum,4471,4471,0.3,-1,62.75,62.75,0
1786403420539,3000,Minimum,4471,4471,0.3,-1,62.75,62.75,0
1786403420639,3000,Minimum,4471,4471,0.3,-1,62.75,62.75,0
1786403420739,3000,Minimum,4471,4471,0.3,-1,62.75,62.75,0
1786403420839,3000,Minimum,4471,4471,0.3,-1,62.75,62.75,0
1786403420939,3000,Minimum,4471,4471,0.3,-1,62.75,62.75,0
1786403421039,3000,Minimum,4471,4471,0.3,-1,62.875,62.875,0
1786403421139,3000,Minimum,4471,4471,0.3,-1,62.875,62.875,0
1786403421239,3000,Minimum,4471,4471,0.3,-1,62.875,62.875,0
1786403421339,3000,Minimum,4471,4471,0.3,-1,62.875,62.875,0
1786403421442,3000,Minimum,4471,4471,0.3,-1,62.875,62.875,0
1786403421539,3000,Minimum,4471,4471,0.3,-1,62.875,62.875,0
1786403421639,3000,Minimum,4471,4471,0.3,-1,62.875,62.875,0
1786403421739,3000,Minimum,4471,4471,0.3,-1,62.875,62.875,0
1786403421839,3000,Minimum,4471,4471,0.3,-1,62.875,62.875,0
1786403421939,3000,Minimum,4471,4471,0.3,-1,62.875,62.875,0
1786403422039,3000,Minimum,4471,4471,0.3,-1,62.9375,62.9375,0
1786403422139,3000,Minimum,4471,4471,0.3,-1,62.9375,62.9375,0
1786403422239,3000,Minimum,4471,4471,0.3,-1,62.9375,62.9375,0
1786403422339,3000,Minimum,4471,4471,0.3,-1,62.9375,62.9375,0
1786403422439,3000,Minimum,4471,4471,0.3,-1,62.9375,62.9375,0
1786403422539,3000,Minimum,4471,4471,0.3,-1,62.9375,62.9375,0
1786403422639,3000,Minimum,4471,4471,0.3,-1,62.9375,62.9375,0
1786403422739,3000,Minimum,4471,4471,0.3,-1,62.9375,62.9375,0
1786403422839,3000,Minimum,4471,4471,0.3,-1,62.9375,62.9375,0
1786403422942,3000,Minimum,4471,4471,0.3,-1,62.9375,62.9375,0
1786403423039,3000,Minimum,4471,4471,0.3,-1,62.8125,62.8125,0
1786403423139,3000,Minimum,4471,4471,0.3,-1,62.8125,62.8125,0
1786403423239,3000,Minimum,4471,4471,0.3,-1,62.8125,62.8125,0
1786403423339,3000,Minimum,4471,4471,0.3,-1,62.8125,62.8125,0
1786403423439,3000,Minimum,4471,4471,0.3,-1,62.8125,62.8125,0
1786403423539,3000,Minimum,4471,4471,0.3,-1,62.8125,62.8125,0
1786403423639,3000,Minimum,4471,4471,0.3,-1,62.8125,62.8125,0
1786403423739,3000,Minimum,4471,4471,0.3,-1,62.8125,62.8125,0
1786403423839,3000,Minimum,4471,4471,0.3,-1,62.8125,62.8125,0
1786403423939,3000,Minimum,4471,4471,0.3,-1,62.8125,62.8125,0
1786403424039,3000,Minimum,4471,4471,0.3,-1,62.875,62.875,0
1786403424139,3000,Minimum,4471,4471,0.3,-1,62.875,62.875,0
1786403424239,3000,Minimum,4471,4471,0.3,-1,62.875,62.875,0
1786403424339,3000,Minimum,4471,4471,0.3,-1,62.875,62.875,0
1786403424439,3000,Minimum,4471,4471,0.3,-1,62.875,62.875,0
1786403424542,3000,Minimum,4471,4471,0.3,-1,62.875,62.875,0
1786403424639,3000,Minimum,4471,4471,0.3,-1,62.875,62.875,0
1786403424739,3000,Minimum,4471,4471,0.3,-1,62.875,62.875,0
1786403424839,3000,Minimum,4471,4471,0.3,-1,62.875,62.875,0
1786403424939,3000,Minimum,4471,4471,0.3,-1,62.875,62.875,0
1786403425039,3000,Minimum,4471,4471,0.3,-1,63,63,0
1786403425139,3000,Minimum,4471,4471,0.3,-1,63,63,0
1786403425239,3000,Minimum,4471,4471,0.3,-1,63,63,0
1786403425339,3000,Minimum,4471,4471,0.3,-1,63,63,0
1786403425439,3000,Minimum,4471,4471,0.3,-1,63,63,0
1786403425539,3000,Minimum,4471,4471,0.3,-1,63,63,0
1786403425639,3000,Minimum,4471,4471,0.3,-1,63,63,0
1786403425739,3000,Minimum,4471,4471,0.3,-1,63,63,0
1786403425839,3000,Minimum,4471,4471,0.3,-1,63,63,0
1786403425939,3000,Minimum,4471,4471,0.3,-1,63,63,0
1786403426039,3000,Minimum,4471,4471,0.3,-1,63,63,0
1786403426139,3000,Minimum,4471,4471,0.3,-1,63,63,0
1786403426239,3000,Minimum,4471,4471,0.3,-1,63,63,0
1786403426339,3000,Minimum,4471,4471,0.3,-1,63,63,0
1786403426439,3000,Minimum,4471,4471,0.3,-1,63,63,0
1786403426539,3000,Minimum,4471,4471,0.3,-1,63,63,0
1786403426639,3000,Minimum,4471,4471,0.3,-1,63,63,0
1786403426739,3000,Minimum,4471,4471,0.3,-1,63,63,0
1786403426839,3000,Minimum,4471,4471,0.3,-1,63,63,0
1786403426939,3000,Minimum,4471,4471,0.3,-1,63,63,0
1786403427039,3000,Minimum,4471,4471,0.3,-1,63,63,0
1786403427139,3000,Minimum,4471,4471,0.3,-1,63,63,0
1786403427239,3000,Minimum,4471,4471,0.3,-1,63,63,0
1786403427339,3000,Minimum,4471,4471,0.3,-1,63,63,0
1786403427439,3000,Minimum,4471,4471,0.3,-1,63,63,0
1786403427539,3000,Minimum,4471,4471,0.3,-1,63,63,0
1786403427642,3000,Minimum,4471,4471,0.3,-1,63,63,0
1786403427739,3000,Minimum,4471,4471,0.3,-1,63,63,0
1786403427839,3000,Minimum,4471,4471,0.3,-1,63,63,0
1786403427939,3000,Minimum,4471,4471,0.3,-1,63,63,0
1786403428039,3000,Minimum,4471,4471,0.3,-1,63.0625,63.0625,0
1786403428139,3000,Minimum,4471,4471,0.3,-1,63.0625,63.0625,0
1786403428239,3000,Minimum,4471,4471,0.3,-1,63.0625,63.0625,0
1786403428339,3000,Minimum,4471,4471,0.3,-1,63.0625,63.0625,0
1786403428439,3000,Minimum,4471,4471,0.3,-1,63.0625,63.0625,0
1786403428539,3000,Minimum,4471,4471,0.3,-1,63.0625,63.0625,0
1786403428639,3000,Minimum,4471,4471,0.3,-1,63.0625,63.0625,0
1786403428739,3000,Minimum,4471,4471,0.3,-1,63.0625,63.0625,0
1786403428839,3000,Minimum,4471,4471,0.3,-1,63.0625,63.0625,0
1786403428939,3000,Minimum,4471,4471,0.3,-1,63.0625,63.0625,0
1786403429039,3000,Minimum,4471,4471,0.3,-1,63.0625,63.0625,0
1786403429139,3000,Minimum,4471,4471,0.3,-1,63.0625,63.0625,0
1786403429239,3000,Minimum,4471,4471,0.3,-1,63.0625,63.0625,0
1786403429339,3000,Minimum,4471,4471,0.3,-1,63.0625,63.0625,0
1786403429439,3000,Minimum,4471,4471,0.3,-1,63.0625,63.0625,0
1786403429539,3000,Minimum,4471,4471,0.3,-1,63.0625,63.0625,0
1786403429639,3000,Minimum,4471,4471,0.3,-1,63.0625,63.0625,0
1786403429739,3000,Minimum,4471,4471,0.3,-1,63.0625,63.0625,0
1786403429839,3000,Minimum,4471,4471,0.3,-1,63.0625,63.0625,0
1786403429939,3000,Minimum,4471,4471,0.3,-1,63.0625,63.0625,0
1786403430039,3000,Minimum,4471,4471,0.3,-1,63,63,0
1786403430139,3000,Minimum,4471,4471,0.3,-1,63,63,0
1786403430239,3000,Minimum,4471,4471,0.3,-1,63,63,0
1786403430339,3000,Minimum,4471,4471,0.3,-1,63,63,0
1786403430439,3000,Minimum,4471,4471,0.3,-1,63,63,0
1786403430539,3000,Minimum,4471,4471,0.3,-1,63,63,0
1786403430639,3000,Minimum,4471,4471,0.3,-1,63,63,0
1786403430739,3000,Minimum,4471,4471,0.3,-1,63,63,0
1786403430839,3000,Minimum,4471,4471,0.3,-1,63,63,0
1786403430939,3000,Minimum,4471,4471,0.3,-1,63,63,0
1786403431039,3000,Minimum,4471,4471,0.3,-1,63.1875,63.1875,0
1786403431139,3000,Minimum,4471,4471,0.3,-1,63.1875,63.1875,0
1786403431239,3000,Minimum,4471,4471,0.3,-1,63.1875,63.1875,0
1786403431342,3000,Minimum,4471,4471,0.3,-1,63.1875,63.1875,0
1786403431439,3000,Minimum,4471,4471,0.3,-1,63.1875,63.1875,0
1786403431539,3000,Minimum,4471,4471,0.3,-1,63.1875,63.1875,0
1786403431639,3000,Minimum,4471,4471,0.3,-1,63.1875,63.1875,0
1786403431739,3000,Minimum,4471,4471,0.3,-1,63.1875,63.1875,0
1786403431839,3000,Minimum,4471,4471,0.3,-1,63.1875,63.1875,0
1786403431939,3000,Minimum,4471,4471,0.3,-1,63.1875,63.1875,0
1786403432039,3000,Minimum,4471,4471,0.3,-1,63.1875,63.1875,0
1786403432139,3000,Minimum,4471,4471,0.3,-1,63.1875,63.1875,0
1786403432239,3000,Minimum,4471,4471,0.3,-1,63.1875,63.1875,0
1786403432339,3000,Minimum,4471,4471,0.3,-1,63.1875,63.1875,0
1786403432439,3000,Minimum,4471,4471,0.3,-1,63.1875,63.1875,0
1786403432539,3000,Minimum,4471,4471,0.3,-1,63.1875,63.1875,0
1786403432639,3000,Minimum,4471,4471,0.3,-1,63.1875,63.1875,0
1786403432739,3000,Minimum,4471,4471,0.3,-1,63.1875,63.1875,0
1786403432839,3000,Minimum,4471,4471,0.3,-1,63.1875,63.1875,0
1786403432939,3000,Minimum,4471,4471,0.3,-1,63.1875,63.1875,0
1786403433039,3000,Minimum,4471,4471,0.3,-1,63.1875,63.1875,0
1786403433139,3000,Minimum,4471,4471,0.3,-1,63.1875,63.1875,0
1786403433239,3000,Minimum,4471,4471,0.3,-1,63.1875,63.1875,0
1786403433339,3000,Minimum,4471,4471,0.3,-1,63.1875,63.1875,0
1786403433439,3000,Minimum,4471,4471,0.3,-1,63.1875,63.1875,0
1786403433539,3000,Minimum,4471,4471,0.3,-1,63.1875,63.1875,0
1786403433639,3000,Minimum,4471,4471,0.3,-1,63.1875,63.1875,0
1786403433739,3000,Minimum,4471,4471,0.3,-1,63.1875,63.1875,0
1786403433839,3000,Minimum,4471,4471,0.3,-1,63.1875,63.1875,0
1786403433939,3000,Minimum,4471,4471,0.3,-1,63.1875,63.1875,0
1786403434039,3000,Minimum,4471,4471,0.3,-1,63.25,63.25,0
1786403434139,3000,Minimum,4471,4471,0.3,-1,63.25,63.25,0
1786403434239,3000,Minimum,4471,4471,0.3,-1,63.25,63.25,0
1786403434339,3000,Minimum,4471,4471,0.3,-1,63.25,63.25,0
1786403434442,3000,Minimum,4471,4471,0.3,-1,63.25,63.25,0
1786403434539,3000,Minimum,4471,4471,0.3,-1,63.25,63.25,0
1786403434639,3000,Minimum,4471,4471,0.3,-1,63.25,63.25,0
1786403434739,3000,Minimum,4471,4471,0.3,-1,63.25,63.25,0
1786403434839,3000,Minimum,4471,4471,0.3,-1,63.25,63.25,0
1786403434939,3000,Minimum,4471,4471,0.3,-1,63.25,63.25,0
1786403435039,3000,Minimum,4471,4471,0.3,-1,63.25,63.25,0
1786403435139,3000,Minimum,4471,4471,0.3,-1,63.25,63.25,0
1786403435239,3000,Minimum,4471,4471,0.3,-1,63.25,63.25,0
1786403435339,3000,Minimum,4471,4471,0.3,-1,63.25,63.25,0
1786403435439,3000,Minimum,4471,4471,0.3,-1,63.25,63.25,0
1786403435539,3000,Minimum,4471,4471,0.3,-1,63.25,63.25,0
1786403435639,3000,Minimum,4471,4471,0.3,-1,63.25,63.25,0
1786403435739,3000,Minimum,4471,4471,0.3,-1,63.25,63.25,0
1786403435839,3000,Minimum,4471,4471,0.3,-1,63.25,63.25,0
1786403435939,3000,Minimum,4471,4471,0.3,-1,63.25,63.25,0
1786403436039,3000,Minimum,4471,4471,0.3,-1,63.3125,63.3125,0
1786403436139,3000,Minimum,4471,4471,0.3,-1,63.3125,63.3125,0
1786403436239,3000,Minimum,4471,4471,0.3,-1,63.3125,63.3125,0
1786403436339,3000,Minimum,4471,4471,0.3,-1,63.3125,63.3125,0
1786403436439,3000,Minimum,4471,4471,0.3,-1,63.3125,63.3125,0
1786403436539,3000,Minimum,4471,4471,0.3,-1,63.3125,63.3125,0
1786403436639,3000,Minimum,4471,4471,0.3,-1,63.3125,63.3125,0
1786403436739,3000,Minimum,4471,4471,0.3,-1,63.3125,63.3125,0
1786403436839,3000,Minimum,4471,4471,0.3,-1,63.3125,63.3125,0
1786403436939,3000,Minimum,4471,4471,0.3,-1,63.3125,63.3125,0
1786403437039,3000,Minimum,4471,4471,0.3,-1,63.1875,63.1875,0
1786403437139,3000,Minimum,4471,4471,0.3,-1,63.1875,63.1875,0
1786403437239,3000,Minimum,4471,4471,0.3,-1,63.1875,63.1875,0
1786403437339,3000,Minimum,4471,4471,0.3,-1,63.1875,63.1875,0
1786403437439,3000,Minimum,4471,4471,0.3,-1,63.1875,63.1875,0
1786403437542,3000,Minimum,4471,4471,0.3,-1,63.1875,63.1875,0
1786403437639,3000,Minimum,4471,4471,0.3,-1,63.1875,63.1875,0
1786403437739,3000,Minimum,4471,4471,0.3,-1,63.1875,63.1875,0
1786403437839,3000,Minimum,4471,4471,0.3,-1,63.1875,63.1875,0
1786403437939,3000,Minimum,4471,4471,0.3,-1,63.1875,63.1875,0
1786403438039,3000,Minimum,4471,4471,0.3,-1,63.3125,63.3125,0
1786403438139,3000,Minimum,4471,4471,0.3,-1,63.3125,63.3125,0
1786403438239,3000,Minimum,4471,4471,0.3,-1,63.3125,63.3125,0
1786403438339,3000,Minimum,4471,4471,0.3,-1,63.3125,63.3125,0
1786403438442,3000,Minimum,4471,4471,0.3,-1,63.3125,63.3125,0
1786403438539,3000,Minimum,4471,4471,0.3,-1,63.3125,63.3125,0
1786403438639,3000,Minimum,4471,4471,0.3,-1,63.3125,63.3125,0
1786403438739,3000,Minimum,4471,4471,0.3,-1,63.3125,63.3125,0
1786403438839,3000,Minimum,4471,4471,0.3,-1,63.3125,63.3125,0
1786403438939,3000,Minimum,4471,4471,0.3,-1,63.3125,63.3125,0
1786403439039,3000,Minimum,4471,4471,0.3,-1,63.3125,63.3125,0
1786403439139,3000,Minimum,4471,4471,0.3,-1,63.3125,63.3125,0
1786403439239,3000,Minimum,4471,4471,0.3,-1,63.3125,63.3125,0
1786403439339,3000,Minimum,4471,4471,0.3,-1,63.3125,63.3125,0
1786403439439,3000,Minimum,4471,4471,0.3,-1,63.3125,63.3125,0
1786403439539,3000,Minimum,4471,4471,0.3,-1,63.3125,63.3125,0
1786403439639,3000,Minimum,4471,4471,0.3,-1,63.3125,63.3125,0
1786403439739,3000,Minimum,4471,4471,0.3,-1,63.3125,63.3125,0
1786403439839,3000,Minimum,4471,4471,0.3,-1,63.3125,63.3125,0
1786403439939,3000,Minimum,4471,4471,0.3,-1,63.3125,63.3125,0
1786403440039,3000,Minimum,4471,4471,0.3,-1,63.4375,63.4375,0
1786403440139,3000,Minimum,4471,4471,0.3,-1,63.4375,63.4375,0
1786403440239,3000,Minimum,4471,4471,0.3,-1,63.4375,63.4375,0
1786403440339,3000,Minimum,4471,4471,0.3,-1,63.4375,63.4375,0
1786403440439,3000,Minimum,4471,4471,0.3,-1,63.4375,63.4375,0
1786403440539,3000,Minimum,4471,4471,0.3,-1,63.4375,63.4375,0
1786403440639,3000,Minimum,4471,4471,0.3,-1,63.4375,63.4375,0
1786403440739,3000,Minimum,4471,4471,0.3,-1,63.4375,63.4375,0
1786403440839,3000,Minimum,4471,4471,0.3,-1,63.4375,63.4375,0
1786403440942,3000,Minimum,4471,4471,0.3,-1,63.4375,63.4375,0
1786403441039,3000,Minimum,4471,4471,0.3,-1,63.5,63.5,0
1786403441139,3000,Minimum,4471,4471,0.3,-1,63.5,63.5,0
1786403441239,3000,Minimum,4471,4471,0.3,-1,63.5,63.5,0
1786403441339,3000,Minimum,4471,4471,0.3,-1,63.5,63.5,0
1786403441439,3000,Minimum,4471,4471,0.3,-1,63.5,63.5,0
1786403441539,3000,Minimum,4471,4471,0.3,-1,63.5,63.5,0
1786403441639,3000,Minimum,4471,4471,0.3,-1,63.5,63.5,0
1786403441739,3000,Minimum,4471,4471,0.3,-1,63.5,63.5,0
1786403441839,3000,Minimum,4471,4471,0.3,-1,63.5,63.5,0
1786403441939,3000,Minimum,4471,4471,0.3,-1,63.5,63.5,0
1786403442039,3000,Minimum,4471,4471,0.3,-1,63.4375,63.4375,0
1786403442139,3000,Minimum,4471,4471,0.3,-1,63.4375,63.4375,0
1786403442239,3000,Minimum,4471,4471,0.3,-1,63.4375,63.4375,0
1786403442339,3000,Minimum,4471,4471,0.3,-1,63.4375,63.4375,0
1786403442442,3000,Minimum,4471,4471,0.3,-1,63.4375,63.4375,0
1786403442539,3000,Minimum,4471,4471,0.3,-1,63.4375,63.4375,0
1786403442639,3000,Minimum,4471,4471,0.3,-1,63.4375,63.4375,0
1786403442739,3000,Minimum,4471,4471,0.3,-1,63.4375,63.4375,0
1786403442839,3000,Minimum,4471,4471,0.3,-1,63.4375,63.4375,0
1786403442939,3000,Minimum,4471,4471,0.3,-1,63.4375,63.4375,0
1786403443039,3000,Minimum,4471,4471,0.3,-1,63.375,63.375,0
1786403443139,3000,Minimum,4471,4471,0.3,-1,63.375,63.375,0
1786403443239,3000,Minimum,4471,4471,0.3,-1,63.375,63.375,0
1786403443339,3000,Minimum,4471,4471,0.3,-1,63.375,63.375,0
1786403443439,3000,Minimum,4471,4471,0.3,-1,63.375,63.375,0
1786403443539,3000,Minimum,4471,4471,0.3,-1,63.375,63.375,0
1786403443639,3000,Minimum,4471,4471,0.3,-1,63.375,63.375,0
1786403443739,3000,Minimum,4471,4471,0.3,-1,63.375,63.375,0
1786403443839,3000,Minimum,4471,4471,0.3,-1,63.375,63.375,0
1786403443939,3000,Minimum,4471,4471,0.3,-1,63.375,63.375,0
1786403444039,3000,Minimum,4471,4471,0.3,-1,63.375,63.375,0
1786403444139,3000,Minimum,4471,4471,0.3,-1,63.375,63.375,0
1786403444239,3000,Minimum,4471,4471,0.3,-1,63.375,63.375,0
1786403444339,3000,Minimum,4471,4471,0.3,-1,63.375,63.375,0
1786403444439,3000,Minimum,4471,4471,0.3,-1,63.375,63.375,0
1786403444539,3000,Minimum,4471,4471,0.3,-1,63.375,63.375,0
1786403444639,3000,Minimum,4471,4471,0.3,-1,63.375,63.375,0
1786403444739,3000,Minimum,4471,4471,0.3,-1,63.375,63.375,0
1786403444839,3000,Minimum,4471,4471,0.3,-1,63.375,63.375,0
1786403444939,3000,Minimum,4471,4471,0.3,-1,63.375,63.375,0
1786403445039,3000,Minimum,4471,4471,0.3,-1,63.4375,63.4375,0
1786403445139,3000,Minimum,4471,4471,0.3,-1,63.4375,63.4375,0
1786403445239,3000,Minimum,4471,4471,0.3,-1,63.4375,63.4375,0
1786403445339,3000,Minimum,4471,4471,0.3,-1,63.4375,63.4375,0
1786403445439,3000,Minimum,4471,4471,0.3,-1,63.4375,63.4375,0
1786403445542,3000,Minimum,4471,4471,0.3,-1,63.4375,63.4375,0
1786403445639,3000,Minimum,4471,4471,0.3,-1,63.4375,63.4375,0
1786403445739,3000,Minimum,4471,4471,0.3,-1,63.4375,63.4375,0
1786403445839,3000,Minimum,4471,4471,0.3,-1,63.4375,63.4375,0
1786403445939,3000,Minimum,4471,4471,0.3,-1,63.4375,63.4375,0
1786403446039,3000,Minimum,4471,4471,0.3,-1,63.4375,63.4375,0
1786403446139,3000,Minimum,4471,4471,0.3,-1,63.4375,63.4375,0
1786403446239,3000,Minimum,4471,4471,0.3,-1,63.4375,63.4375,0
1786403446339,3000,Minimum,4471,4471,0.3,-1,63.4375,63.4375,0
1786403446439,3000,Minimum,4471,4471,0.3,-1,63.4375,63.4375,0
1786403446539,3000,Minimum,4471,4471,0.3,-1,63.4375,63.4375,0
1786403446639,3000,Minimum,4471,4471,0.3,-1,63.4375,63.4375,0
1786403446739,3000,Minimum,4471,4471,0.3,-1,63.4375,63.4375,0
1786403446839,3000,Minimum,4471,4471,0.3,-1,63.4375,63.4375,0
1786403446939,3000,Minimum,4471,4471,0.3,-1,63.4375,63.4375,0
1786403447042,3000,Minimum,4471,4471,0.3,-1,63.5,63.5,0
1786403447139,3000,Minimum,4471,4471,0.3,-1,63.5,63.5,0
1786403447239,3000,Minimum,4471,4471,0.3,-1,63.5,63.5,0
1786403447339,3000,Minimum,4471,4471,0.3,-1,63.5,63.5,0
1786403447439,3000,Minimum,4471,4471,0.3,-1,63.5,63.5,0
1786403447539,3000,Minimum,4471,4471,0.3,-1,63.5,63.5,0
1786403447639,3000,Minimum,4471,4471,0.3,-1,63.5,63.5,0
1786403447739,3000,Minimum,4471,4471,0.3,-1,63.5,63.5,0
1786403447839,3000,Minimum,4471,4471,0.3,-1,63.5,63.5,0
1786403447939,3000,Minimum,4471,4471,0.3,-1,63.5,63.5,0
1786403448039,3000,Minimum,4471,4471,0.3,-1,63.5,63.5,0
1786403448139,3000,Minimum,4471,4471,0.3,-1,63.5,63.5,0
1786403448239,3000,Minimum,4471,4471,0.3,-1,63.5,63.5,0
1786403448339,3000,Minimum,4471,4471,0.3,-1,63.5,63.5,0
1786403448439,3000,Minimum,4471,4471,0.3,-1,63.5,63.5,0
1786403448539,3000,Minimum,4471,4471,0.3,-1,63.5,63.5,0
1786403448639,3000,Minimum,4471,4471,0.3,-1,63.5,63.5,0
1786403448739,3000,Minimum,4471,4471,0.3,-1,63.5,63.5,0
1786403448839,3000,Minimum,4471,4471,0.3,-1,63.5,63.5,0
1786403448939,3000,Minimum,4471,4471,0.3,-1,63.5,63.5,0
1786403449039,3000,Minimum,4471,4471,0.3,-1,63.5625,63.5625,0
1786403449139,3000,Minimum,4471,4471,0.3,-1,63.5625,63.5625,0
1786403449242,3000,Minimum,4471,4471,0.3,-1,63.5625,63.5625,0
1786403449339,3000,Minimum,4471,4471,0.3,-1,63.5625,63.5625,0
1786403449439,3000,Minimum,4471,4471,0.3,-1,63.5625,63.5625,0
1786403449539,3000,Minimum,4471,4471,0.3,-1,63.5625,63.5625,0
1786403449639,3000,Minimum,4471,4471,0.3,-1,63.5625,63.5625,0
1786403449739,3000,Minimum,4471,4471,0.3,-1,63.5625,63.5625,0
1786403449839,3000,Minimum,4471,4471,0.3,-1,63.5625,63.5625,0
1786403449942,3000,Minimum,4471,4471,0.3,-1,63.5625,63.5625,0
1786403450039,3000,Minimum,4471,4471,0.3,-1,63.5,63.5,0
1786403450139,3000,Minimum,4471,4471,0.3,-1,63.5,63.5,0
1786403450239,3000,Minimum,4471,4471,0.3,-1,63.5,63.5,0
1786403450339,3000,Minimum,4471,4471,0.3,-1,63.5,63.5,0
1786403450439,3000,Minimum,4471,4471,0.3,-1,63.5,63.5,0
1786403450539,3000,Minimum,4471,4471,0.3,-1,63.5,63.5,0
1786403450644,3000,Minimum,4471,4471,0.3,-1,63.5,63.5,0
1786403450741,3000,Minimum,4471,4471,0.3,-1,63.5,63.5,0
1786403450839,3000,Minimum,4471,4471,0.3,-1,63.5,63.5,0
1786403450939,3000,Minimum,4471,4471,0.3,-1,63.5,63.5,0
1786403451039,3000,Minimum,4471,4471,0.3,-1,63.5625,63.5625,0
1786403451139,3000,Minimum,4471,4471,0.3,-1,63.5625,63.5625,0
1786403451239,3000,Minimum,4471,4471,0.3,-1,63.5625,63.5625,0
1786403451339,3000,Minimum,4471,4471,0.3,-1,63.5625,63.5625,0
1786403451439,3000,Minimum,4471,4471,0.3,-1,63.5625,63.5625,0
1786403451539,3000,Minimum,4471,4471,0.3,-1,63.5625,63.5625,0
1786403451639,3000,Minimum,4471,4471,0.3,-1,63.5625,63.5625,0
1786403451739,3000,Minimum,4471,4471,0.3,-1,63.5625,63.5625,0
1786403451839,3000,Minimum,4471,4471,0.3,-1,63.5625,63.5625,0
1786403451939,3000,Minimum,4471,4471,0.3,-1,63.5625,63.5625,0
1786403452039,3000,Minimum,4471,4471,0.3,-1,63.5625,63.5625,0
1786403452139,3000,Minimum,4471,4471,0.3,-1,63.5625,63.5625,0
1786403452239,3000,Minimum,4471,4471,0.3,-1,63.5625,63.5625,0
1786403452339,3000,Minimum,4471,4471,0.3,-1,63.5625,63.5625,0
1786403452439,3000,Minimum,4471,4471,0.3,-1,63.5625,63.5625,0
1786403452539,3000,Minimum,4471,4471,0.3,-1,63.5625,63.5625,0
1786403452639,3000,Minimum,4471,4471,0.3,-1,63.5625,63.5625,0
1786403452739,3000,Minimum,4471,4471,0.3,-1,63.5625,63.5625,0
1786403452839,3000,Minimum,4471,4471,0.3,-1,63.5625,63.5625,0
1786403452939,3000,Minimum,4471,4471,0.3,-1,63.5625,63.5625,0
1786403453039,3000,Minimum,4471,4471,0.3,-1,63.625,63.625,0
1786403453139,3000,Minimum,4471,4471,0.3,-1,63.625,63.625,0
1786403453239,3000,Minimum,4471,4471,0.3,-1,63.625,63.625,0
1786403453339,3000,Minimum,4471,4471,0.3,-1,63.625,63.625,0
1786403453439,3000,Minimum,4471,4471,0.3,-1,63.625,63.625,0
1786403453539,3000,Minimum,4471,4471,0.3,-1,63.625,63.625,0
1786403453639,3000,Minimum,4471,4471,0.3,-1,63.625,63.625,0
1786403453739,3000,Minimum,4471,4471,0.3,-1,63.625,63.625,0
1786403453839,3000,Minimum,4471,4471,0.3,-1,63.625,63.625,0
1786403453939,3000,Minimum,4471,4471,0.3,-1,63.625,63.625,0
1786403454039,3000,Minimum,4471,4471,0.3,-1,63.5625,63.5625,0
1786403454139,3000,Minimum,4471,4471,0.3,-1,63.5625,63.5625,0
1786403454239,3000,Minimum,4471,4471,0.3,-1,63.5625,63.5625,0
1786403454339,3000,Minimum,4471,4471,0.3,-1,63.5625,63.5625,0
1786403454439,3000,Minimum,4471,4471,0.3,-1,63.5625,63.5625,0
1786403454539,3000,Minimum,4471,4471,0.3,-1,63.5625,63.5625,0
1786403454639,3000,Minimum,4471,4471,0.3,-1,63.5625,63.5625,0
1786403454739,3000,Minimum,4471,4471,0.3,-1,63.5625,63.5625,0
1786403454839,3000,Minimum,4471,4471,0.3,-1,63.5625,63.5625,0
1786403454939,3000,Minimum,4471,4471,0.3,-1,63.5625,63.5625,0
1786403455039,3000,Minimum,4471,4471,0.3,-1,63.6875,63.6875,0
1786403455139,3000,Minimum,4471,4471,0.3,-1,63.6875,63.6875,0
1786403455239,3000,Minimum,4471,4471,0.3,-1,63.6875,63.6875,0
1786403455339,3000,Minimum,4471,4471,0.3,-1,63.6875,63.6875,0
1786403455439,3000,Minimum,4471,4471,0.3,-1,63.6875,63.6875,0
1786403455539,3000,Minimum,4471,4471,0.3,-1,63.6875,63.6875,0
1786403455639,3000,Minimum,4471,4471,0.3,-1,63.6875,63.6875,0
1786403455739,3000,Minimum,4471,4471,0.3,-1,63.6875,63.6875,0
1786403455839,3000,Minimum,4471,4471,0.3,-1,63.6875,63.6875,0
1786403455939,3000,Minimum,4471,4471,0.3,-1,63.6875,63.6875,0
1786403456039,3000,Minimum,4471,4471,0.3,-1,63.6875,63.6875,0
1786403456139,3000,Minimum,4471,4471,0.3,-1,63.6875,63.6875,0
1786403456239,3000,Minimum,4471,4471,0.3,-1,63.6875,63.6875,0
1786403456339,3000,Minimum,4471,4471,0.3,-1,63.6875,63.6875,0
1786403456439,3000,Minimum,4471,4471,0.3,-1,63.6875,63.6875,0
1786403456539,3000,Minimum,4471,4471,0.3,-1,63.6875,63.6875,0
1786403456639,3000,Minimum,4471,4471,0.3,-1,63.6875,63.6875,0
1786403456739,3000,Minimum,4471,4471,0.3,-1,63.6875,63.6875,0
1786403456839,3000,Minimum,4471,4471,0.3,-1,63.6875,63.6875,0
1786403456939,3000,Minimum,4471,4471,0.3,-1,63.6875,63.6875,0
1786403457039,3000,Minimum,4471,4471,0.3,-1,63.6875,63.6875,0
1786403457143,3000,Minimum,4471,4471,0.3,-1,63.6875,63.6875,0
1786403457239,3000,Minimum,4471,4471,0.3,-1,63.6875,63.6875,0
1786403457339,3000,Minimum,4471,4471,0.3,-1,63.6875,63.6875,0
1786403457439,3000,Minimum,4471,4471,0.3,-1,63.6875,63.6875,0
1786403457539,3000,Minimum,4471,4471,0.3,-1,63.6875,63.6875,0
1786403457639,3000,Minimum,4471,4471,0.3,-1,63.6875,63.6875,0
1786403457739,3000,Minimum,4471,4471,0.3,-1,63.6875,63.6875,0
1786403457839,3000,Minimum,4471,4471,0.3,-1,63.6875,63.6875,0
1786403457939,3000,Minimum,4471,4471,0.3,-1,63.6875,63.6875,0
1786403458039,3000,Minimum,4471,4471,0.3,-1,63.625,63.625,0
1786403458139,3000,Minimum,4471,4471,0.3,-1,63.625,63.625,0
1786403458239,3000,Minimum,4471,4471,0.3,-1,63.625,63.625,0
1786403458339,3000,Minimum,4471,4471,0.3,-1,63.625,63.625,0
1786403458439,3000,Minimum,4471,4471,0.3,-1,63.625,63.625,0
1786403458539,3000,Minimum,4471,4471,0.3,-1,63.625,63.625,0
1786403458639,3000,Minimum,4471,4471,0.3,-1,63.625,63.625,0
1786403458739,3000,Minimum,4471,4471,0.3,-1,63.625,63.625,0
1786403458839,3000,Minimum,4471,4471,0.3,-1,63.625,63.625,0
1786403458939,3000,Minimum,4471,4471,0.3,-1,63.625,63.625,0
1786403459039,3000,Minimum,4471,4471,0.3,-1,63.625,63.625,0
1786403459139,3000,Minimum,4471,4471,0.3,-1,63.625,63.625,0
1786403459242,3000,Minimum,4471,4471,0.3,-1,63.625,63.625,0
1786403459339,3000,Minimum,4471,4471,0.3,-1,63.625,63.625,0
1786403459439,3000,Minimum,4471,4471,0.3,-1,63.625,63.625,0
1786403459539,3000,Minimum,4471,4471,0.3,-1,63.625,63.625,0
1786403459639,3000,Minimum,4471,4471,0.3,-1,63.625,63.625,0
1786403459739,3000,Minimum,4471,4471,0.3,-1,63.625,63.625,0
1786403459839,3000,Minimum,4471,4471,0.3,-1,63.625,63.625,0
1786403459939,3000,Minimum,4471,4471,0.3,-1,63.625,63.625,0
1786403460039,3000,Minimum,4471,4471,0.3,-1,63.6875,63.6875,0
1786403460139,3000,Minimum,4471,4471,0.3,-1,63.6875,63.6875,0
1786403460239,3000,Minimum,4471,4471,0.3,-1,63.6875,63.6875,0
1786403460339,3000,Minimum,4471,4471,0.3,-1,63.6875,63.6875,0
1786403460439,3000,Minimum,4471,4471,0.3,-1,63.6875,63.6875,0
1786403460542,3000,Minimum,4471,4471,0.3,-1,63.6875,63.6875,0
1786403460639,3000,Minimum,4471,4471,0.3,-1,63.6875,63.6875,0
1786403460739,3000,Minimum,4471,4471,0.3,-1,63.6875,63.6875,0
1786403460839,3000,Minimum,4471,4471,0.3,-1,63.6875,63.6875,0
1786403460939,3000,Minimum,4471,4471,0.3,-1,63.6875,63.6875,0
1786403461039,3000,Minimum,4471,4471,0.3,-1,63.6875,63.6875,0
1786403461139,3000,Minimum,4471,4471,0.3,-1,63.6875,63.6875,0
1786403461239,3000,Minimum,4471,4471,0.3,-1,63.6875,63.6875,0
1786403461339,3000,Minimum,4471,4471,0.3,-1,63.6875,63.6875,0
1786403461439,3000,Minimum,4471,4471,0.3,-1,63.6875,63.6875,0
1786403461539,3000,Minimum,4471,4471,0.3,-1,63.6875,63.6875,0
1786403461639,3000,Minimum,4471,4471,0.3,-1,63.6875,63.6875,0
1786403461739,3000,Minimum,4471,4471,0.3,-1,63.6875,63.6875,0
1786403461839,3000,Minimum,4471,4471,0.3,-1,63.6875,63.6875,0
1786403461939,3000,Minimum,4471,4471,0.3,-1,63.6875,63.6875,0
1786403462039,3000,Minimum,4471,4471,0.3,-1,63.75,63.75,0
1786403462139,3000,Minimum,4471,4471,0.3,-1,63.75,63.75,0
1786403462239,3000,Minimum,4471,4471,0.3,-1,63.75,63.75,0
1786403462339,3000,Minimum,4471,4471,0.3,-1,63.75,63.75,0
1786403462439,3000,Minimum,4471,4471,0.3,-1,63.75,63.75,0
1786403462539,3000,Minimum,4471,4471,0.3,-1,63.75,63.75,0
1786403462639,3000,Minimum,4471,4471,0.3,-1,63.75,63.75,0
1786403462739,3000,Minimum,4471,4471,0.3,-1,63.75,63.75,0
1786403462839,3000,Minimum,4471,4471,0.3,-1,63.75,63.75,0
1786403462939,3000,Minimum,4471,4471,0.3,-1,63.75,63.75,0
1786403463039,3000,Minimum,4471,4471,0.3,-1,63.8125,63.8125,0
1786403463139,3000,Minimum,4471,4471,0.3,-1,63.8125,63.8125,0
1786403463239,3000,Minimum,4471,4471,0.3,-1,63.8125,63.8125,0
1786403463339,3000,Minimum,4471,4471,0.3,-1,63.8125,63.8125,0
1786403463439,3000,Minimum,4471,4471,0.3,-1,63.8125,63.8125,0
1786403463539,3000,Minimum,4471,4471,0.3,-1,63.8125,63.8125,0
1786403463639,3000,Minimum,4471,4471,0.3,-1,63.8125,63.8125,0
1786403463739,3000,Minimum,4471,4471,0.3,-1,63.8125,63.8125,0
1786403463839,3000,Minimum,4471,4471,0.3,-1,63.8125,63.8125,0
1786403463939,3000,Minimum,4471,4471,0.3,-1,63.8125,63.8125,0
1786403464039,3000,Minimum,4471,4471,0.3,-1,63.75,63.75,0
1786403464139,3000,Minimum,4471,4471,0.3,-1,63.75,63.75,0
1786403464239,3000,Minimum,4471,4471,0.3,-1,63.75,63.75,0
1786403464339,3000,Minimum,4471,4471,0.3,-1,63.75,63.75,0
1786403464439,3000,Minimum,4471,4471,0.3,-1,63.75,63.75,0
1786403464539,3000,Minimum,4471,4471,0.3,-1,63.75,63.75,0
1786403464639,3000,Minimum,4471,4471,0.3,-1,63.75,63.75,0
1786403464739,3000,Minimum,4471,4471,0.3,-1,63.75,63.75,0
1786403464839,3000,Minimum,4471,4471,0.3,-1,63.75,63.75,0
1786403464939,3000,Minimum,4471,4471,0.3,-1,63.75,63.75,0
1786403465039,3000,Minimum,4471,4471,0.3,-1,63.75,63.75,0
1786403465142,3000,Minimum,4471,4471,0.3,-1,63.75,63.75,0
1786403465239,3000,Minimum,4471,4471,0.3,-1,63.75,63.75,0
1786403465339,3000,Minimum,4471,4471,0.3,-1,63.75,63.75,0
1786403465439,3000,Minimum,4471,4471,0.3,-1,63.75,63.75,0
1786403465539,3000,Minimum,4471,4471,0.3,-1,63.75,63.75,0
1786403465639,3000,Minimum,4471,4471,0.3,-1,63.75,63.75,0
1786403465739,3000,Minimum,4471,4471,0.3,-1,63.75,63.75,0
1786403465839,3000,Minimum,4471,4471,0.3,-1,63.75,63.75,0
1786403465939,3000,Minimum,4471,4471,0.3,-1,63.75,63.75,0
1786403466039,3000,Minimum,4471,4471,0.3,-1,63.875,63.875,0
1786403466139,3000,Minimum,4471,4471,0.3,-1,63.875,63.875,0
1786403466239,3000,Minimum,4471,4471,0.3,-1,63.875,63.875,0
1786403466339,3000,Minimum,4471,4471,0.3,-1,63.875,63.875,0
1786403466439,3000,Minimum,4471,4471,0.3,-1,63.875,63.875,0
1786403466539,3000,Minimum,4471,4471,0.3,-1,63.875,63.875,0
1786403466639,3000,Minimum,4471,4471,0.3,-1,63.875,63.875,0
1786403466742,3000,Minimum,4471,4471,0.3,-1,63.875,63.875,0
1786403466839,3000,Minimum,4471,4471,0.3,-1,63.875,63.875,0
1786403466939,3000,Minimum,4471,4471,0.3,-1,63.875,63.875,0
1786403467039,3000,Minimum,4471,4471,0.3,-1,63.875,63.875,0
1786403467139,3000,Minimum,4471,4471,0.3,-1,63.875,63.875,0
1786403467239,3000,Minimum,4471,4471,0.3,-1,63.875,63.875,0
1786403467339,3000,Minimum,4471,4471,0.3,-1,63.875,63.875,0
1786403467439,3000,Minimum,4471,4471,0.3,-1,63.875,63.875,0
1786403467539,3000,Minimum,4471,4471,0.3,-1,63.875,63.875,0
1786403467639,3000,Minimum,4471,4471,0.3,-1,63.875,63.875,0
1786403467739,3000,Minimum,4471,4471,0.3,-1,63.875,63.875,0
1786403467839,3000,Minimum,4471,4471,0.3,-1,63.875,63.875,0
1786403467939,3000,Minimum,4471,4471,0.3,-1,63.875,63.875,0
1786403468039,3000,Minimum,4471,4471,0.3,-1,63.875,63.875,0
1786403468139,3000,Minimum,4471,4471,0.3,-1,63.875,63.875,0
1786403468239,3000,Minimum,4471,4471,0.3,-1,63.875,63.875,0
1786403468339,3000,Minimum,4471,4471,0.3,-1,63.875,63.875,0
1786403468439,3000,Minimum,4471,4471,0.3,-1,63.875,63.875,0
1786403468539,3000,Minimum,4471,4471,0.3,-1,63.875,63.875,0
1786403468639,3000,Minimum,4471,4471,0.3,-1,63.875,63.875,0
1786403468739,3000,Minimum,4471,4471,0.3,-1,63.875,63.875,0
1786403468839,3000,Minimum,4471,4471,0.3,-1,63.875,63.875,0
1786403468939,3000,Minimum,4471,4471,0.3,-1,63.875,63.875,0
1786403469039,3000,Minimum,4471,4471,0.3,-1,63.9375,63.9375,0
1786403469139,3000,Minimum,4471,4471,0.3,-1,63.9375,63.9375,0
1786403469239,3000,Minimum,4471,4471,0.3,-1,63.9375,63.9375,0
1786403469339,3000,Minimum,4471,4471,0.3,-1,63.9375,63.9375,0
1786403469439,3000,Minimum,4471,4471,0.3,-1,63.9375,63.9375,0
1786403469539,3000,Minimum,4471,4471,0.3,-1,63.9375,63.9375,0
1786403469639,3000,Minimum,4471,4471,0.3,-1,63.9375,63.9375,0
1786403469739,3000,Minimum,4471,4471,0.3,-1,63.9375,63.9375,0
1786403469839,3000,Minimum,4471,4471,0.3,-1,63.9375,63.9375,0
1786403469939,3000,Minimum,4471,4471,0.3,-1,63.9375,63.9375,0
1786403470039,3000,Minimum,4471,4471,0.3,-1,63.875,63.875,0
1786403470139,3000,Minimum,4471,4471,0.3,-1,63.875,63.875,0
1786403470239,3000,Minimum,4471,4471,0.3,-1,63.875,63.875,0
1786403470339,3000,Minimum,4471,4471,0.3,-1,63.875,63.875,0
1786403470439,3000,Minimum,4471,4471,0.3,-1,63.875,63.875,0
1786403470539,3000,Minimum,4471,4471,0.3,-1,63.875,63.875,0
1786403470639,3000,Minimum,4471,4471,0.3,-1,63.875,63.875,0
1786403470739,3000,Minimum,4471,4471,0.3,-1,63.875,63.875,0
1786403470839,3000,Minimum,4471,4471,0.3,-1,63.875,63.875,0
1786403470939,3000,Minimum,4471,4471,0.3,-1,63.875,63.875,0
1786403471039,3000,Minimum,4471,4471,0.3,-1,63.8125,63.8125,0
1786403471139,3000,Minimum,4471,4471,0.3,-1,63.8125,63.8125,0
1786403471239,3000,Minimum,4471,4471,0.3,-1,63.8125,63.8125,0
1786403471339,3000,Minimum,4471,4471,0.3,-1,63.8125,63.8125,0
1786403471439,3000,Minimum,4471,4471,0.3,-1,63.8125,63.8125,0
1786403471539,3000,Minimum,4471,4471,0.3,-1,63.8125,63.8125,0
1786403471639,3000,Minimum,4471,4471,0.3,-1,63.8125,63.8125,0
1786403471739,3000,Minimum,4471,4471,0.3,-1,63.8125,63.8125,0
1786403471839,3000,Minimum,4471,4471,0.3,-1,63.8125,63.8125,0
1786403471942,3000,Minimum,4471,4471,0.3,-1,63.8125,63.8125,0
1786403472039,3000,Minimum,4471,4471,0.3,-1,63.8125,63.8125,0
1786403472139,3000,Minimum,4471,4471,0.3,-1,63.8125,63.8125,0
1786403472242,3000,Minimum,4471,4471,0.3,-1,63.8125,63.8125,0
1786403472339,3000,Minimum,4471,4471,0.3,-1,63.8125,63.8125,0
1786403472439,3000,Minimum,4471,4471,0.3,-1,63.8125,63.8125,0
1786403472539,3000,Minimum,4471,4471,0.3,-1,63.8125,63.8125,0
1786403472639,3000,Minimum,4471,4471,0.3,-1,63.8125,63.8125,0
1786403472739,3000,Minimum,4471,4471,0.3,-1,63.8125,63.8125,0
1786403472839,3000,Minimum,4471,4471,0.3,-1,63.8125,63.8125,0
1786403472939,3000,Minimum,4471,4471,0.3,-1,63.8125,63.8125,0
1786403473039,3000,Minimum,4471,4471,0.3,-1,63.8125,63.8125,0
1786403473139,3000,Minimum,4471,4471,0.3,-1,63.8125,63.8125,0
1786403473239,3000,Minimum,4471,4471,0.3,-1,63.8125,63.8125,0
1786403473339,3000,Minimum,4471,4471,0.3,-1,63.8125,63.8125,0
1786403473439,3000,Minimum,4471,4471,0.3,-1,63.8125,63.8125,0
1786403473542,3000,Minimum,4471,4471,0.3,-1,63.8125,63.8125,0
1786403473639,3000,Minimum,4471,4471,0.3,-1,63.8125,63.8125,0
1786403473739,3000,Minimum,4471,4471,0.3,-1,63.8125,63.8125,0
1786403473839,3000,Minimum,4471,4471,0.3,-1,63.8125,63.8125,0
1786403473939,3000,Minimum,4471,4471,0.3,-1,63.8125,63.8125,0
1786403474039,3000,Minimum,4471,4471,0.3,-1,63.9375,63.9375,0
1786403474139,3000,Minimum,4471,4471,0.3,-1,63.9375,63.9375,0
1786403474239,3000,Minimum,4471,4471,0.3,-1,63.9375,63.9375,0
1786403474339,3000,Minimum,4471,4471,0.3,-1,63.9375,63.9375,0
1786403474439,3000,Minimum,4471,4471,0.3,-1,63.9375,63.9375,0
1786403474539,3000,Minimum,4471,4471,0.3,-1,63.9375,63.9375,0
1786403474639,3000,Minimum,4471,4471,0.3,-1,63.9375,63.9375,0
1786403474739,3000,Minimum,4471,4471,0.3,-1,63.9375,63.9375,0
1786403474839,3000,Minimum,4471,4471,0.3,-1,63.9375,63.9375,0
1786403474939,3000,Minimum,4471,4471,0.3,-1,63.9375,63.9375,0
1786403475039,3000,Minimum,4471,4471,0.3,-1,63.875,63.875,0
1786403475139,3000,Minimum,4471,4471,0.3,-1,63.875,63.875,0
1786403475239,3000,Minimum,4471,4471,0.3,-1,63.875,63.875,0
1786403475339,3000,Minimum,4471,4471,0.3,-1,63.875,63.875,0
1786403475439,3000,Minimum,4471,4471,0.3,-1,63.875,63.875,0
1786403475539,3000,Minimum,4471,4471,0.3,-1,63.875,63.875,0
1786403475639,3000,Minimum,4471,4471,0.3,-1,63.875,63.875,0
1786403475739,3000,Minimum,4471,4471,0.3,-1,63.875,63.875,0
1786403475839,3000,Minimum,4471,4471,0.3,-1,63.875,63.875,0
1786403475939,3000,Minimum,4471,4471,0.3,-1,63.875,63.875,0
1786403476039,3000,Minimum,4471,4471,0.3,-1,63.9375,63.9375,0
1786403476139,3000,Minimum,4471,4471,0.3,-1,63.9375,63.9375,0
1786403476239,3000,Minimum,4471,4471,0.3,-1,63.9375,63.9375,0
1786403476339,3000,Minimum,4471,4471,0.3,-1,63.9375,63.9375,0
1786403476439,3000,Minimum,4471,4471,0.3,-1,63.9375,63.9375,0
1786403476539,3000,Minimum,4471,4471,0.3,-1,63.9375,63.9375,0
1786403476642,3000,Minimum,4471,4471,0.3,-1,63.9375,63.9375,0
1786403476739,3000,Minimum,4471,4471,0.3,-1,63.9375,63.9375,0
1786403476839,3000,Minimum,4471,4471,0.3,-1,63.9375,63.9375,0
1786403476939,3000,Minimum,4471,4471,0.3,-1,63.9375,63.9375,0
1786403477039,3000,Minimum,4471,4471,0.3,-1,63.8125,63.8125,0
1786403477139,3000,Minimum,4471,4471,0.3,-1,63.8125,63.8125,0
1786403477239,3000,Minimum,4471,4471,0.3,-1,63.8125,63.8125,0
1786403477339,3000,Minimum,4471,4471,0.3,-1,63.8125,63.8125,0
1786403477439,3000,Minimum,4471,4471,0.3,-1,63.8125,63.8125,0
1786403477542,3000,Minimum,4471,4471,0.3,-1,63.8125,63.8125,0
1786403477639,3000,Minimum,4471,4471,0.3,-1,63.8125,63.8125,0
1786403477739,3000,Minimum,4471,4471,0.3,-1,63.8125,63.8125,0
1786403477839,3000,Minimum,4471,4471,0.3,-1,63.8125,63.8125,0
1786403477939,3000,Minimum,4471,4471,0.3,-1,63.8125,63.8125,0
1786403478039,3000,Minimum,4471,4471,0.3,-1,64,64,0
1786403478139,3000,Minimum,4471,4471,0.3,-1,64,64,0
1786403478239,3000,Minimum,4471,4471,0.3,-1,64,64,0
1786403478339,3000,Minimum,4471,4471,0.3,-1,64,64,0
1786403478439,3000,Minimum,4471,4471,0.3,-1,64,64,0
1786403478539,3000,Minimum,4471,4471,0.3,-1,64,64,0
1786403478639,3000,Minimum,4471,4471,0.3,-1,64,64,0
1786403478739,3000,Minimum,4471,4471,0.3,-1,64,64,0
1786403478842,3000,Minimum,4471,4471,0.3,-1,64,64,0
1786403478939,3000,Minimum,4471,4471,0.3,-1,64,64,0
1786403479039,3000,Minimum,4471,4471,0.3,-1,64,64,0
1786403479139,3000,Minimum,4471,4471,0.3,-1,64,64,0
1786403479239,3000,Minimum,4471,4471,0.3,-1,64,64,0
1786403479339,3000,Minimum,4471,4471,0.3,-1,64,64,0
1786403479439,3000,Minimum,4471,4471,0.3,-1,64,64,0
1786403479539,3000,Minimum,4471,4471,0.3,-1,64,64,0
1786403479639,3000,Minimum,4471,4471,0.3,-1,64,64,0
1786403479739,3000,Minimum,4471,4471,0.3,-1,64,64,0
1786403479839,3000,Minimum,4471,4471,0.3,-1,64,64,0
1786403479939,3000,Minimum,4471,4471,0.3,-1,64,64,0
1786403480039,3000,Minimum,4471,4471,0.3,-1,63.875,63.875,0
1786403480139,3000,Minimum,4471,4471,0.3,-1,63.875,63.875,0
1786403480239,3000,Minimum,4471,4471,0.3,-1,63.875,63.875,0
1786403480339,3000,Minimum,4471,4471,0.3,-1,63.875,63.875,0
1786403480439,3000,Minimum,4471,4471,0.3,-1,63.875,63.875,0
1786403480539,3000,Minimum,4471,4471,0.3,-1,63.875,63.875,0
1786403480639,3000,Minimum,4471,4471,0.3,-1,63.875,63.875,0
1786403480739,3000,Minimum,4471,4471,0.3,-1,63.875,63.875,0
1786403480839,3000,Minimum,4471,4471,0.3,-1,63.875,63.875,0
1786403480939,3000,Minimum,4471,4471,0.3,-1,63.875,63.875,0
1786403481039,3000,Minimum,4471,4471,0.3,-1,63.9375,63.9375,0
1786403481139,3000,Minimum,4471,4471,0.3,-1,63.9375,63.9375,0
1786403481239,3000,Minimum,4471,4471,0.3,-1,63.9375,63.9375,0
1786403481339,3000,Minimum,4471,4471,0.3,-1,63.9375,63.9375,0
1786403481439,3000,Minimum,4471,4471,0.3,-1,63.9375,63.9375,0
1786403481539,3000,Minimum,4471,4471,0.3,-1,63.9375,63.9375,0
1786403481639,3000,Minimum,4471,4471,0.3,-1,63.9375,63.9375,0
1786403481739,3000,Minimum,4471,4471,0.3,-1,63.9375,63.9375,0
1786403481839,3000,Minimum,4471,4471,0.3,-1,63.9375,63.9375,0
1786403481939,3000,Minimum,4471,4471,0.3,-1,63.9375,63.9375,0
1786403482039,3000,Minimum,4471,4471,0.3,-1,63.9375,63.9375,0
1786403482139,3000,Minimum,4471,4471,0.3,-1,63.9375,63.9375,0
1786403482239,3000,Minimum,4471,4471,0.3,-1,63.9375,63.9375,0
1786403482339,3000,Minimum,4471,4471,0.3,-1,63.9375,63.9375,0
1786403482439,3000,Minimum,4471,4471,0.3,-1,63.9375,63.9375,0
1786403482539,3000,Minimum,4471,4471,0.3,-1,63.9375,63.9375,0
1786403482639,3000,Minimum,4471,4471,0.3,-1,63.9375,63.9375,0
1786403482739,3000,Minimum,4471,4471,0.3,-1,63.9375,63.9375,0
1786403482839,3000,Minimum,4471,4471,0.3,-1,63.9375,63.9375,0
1786403482939,3000,Minimum,4471,4471,0.3,-1,63.9375,63.9375,0
1786403483039,3000,Minimum,4471,4471,0.3,-1,63.9375,63.9375,0
1786403483139,3000,Minimum,4471,4471,0.3,-1,63.9375,63.9375,0
1786403483239,3000,Minimum,4471,4471,0.3,-1,63.9375,63.9375,0
1786403483339,3000,Minimum,4471,4471,0.3,-1,63.9375,63.9375,0
1786403483439,3000,Minimum,4471,4471,0.3,-1,63.9375,63.9375,0
1786403483539,3000,Minimum,4471,4471,0.3,-1,63.9375,63.9375,0
1786403483639,3000,Minimum,4471,4471,0.3,-1,63.9375,63.9375,0
1786403483739,3000,Minimum,4471,4471,0.3,-1,63.9375,63.9375,0
1786403483839,3000,Minimum,4471,4471,0.3,-1,63.9375,63.9375,0
1786403483939,3000,Minimum,4471,4471,0.3,-1,63.9375,63.9375,0
1786403484039,3000,Minimum,4471,4471,0.3,-1,64,64,0
1786403484139,3000,Minimum,4471,4471,0.3,-1,64,64,0
1786403484239,3000,Minimum,4471,4471,0.3,-1,64,64,0
1786403484339,3000,Minimum,4471,4471,0.3,-1,64,64,0
1786403484439,3000,Minimum,4471,4471,0.3,-1,64,64,0
1786403484539,3000,Minimum,4471,4471,0.3,-1,64,64,0
1786403484639,3000,Minimum,4471,4471,0.3,-1,64,64,0
1786403484739,3000,Minimum,4471,4471,0.3,-1,64,64,0
1786403484842,3000,Minimum,4471,4471,0.3,-1,64,64,0
1786403484939,3000,Minimum,4471,4471,0.3,-1,64,64,0
1786403485039,3000,Minimum,4471,4471,0.3,-1,64.0625,64.0625,0
1786403485139,3000,Minimum,4471,4471,0.3,-1,64.0625,64.0625,0
1786403485239,3000,Minimum,4471,4471,0.3,-1,64.0625,64.0625,0
1786403485339,3000,Minimum,4471,4471,0.3,-1,64.0625,64.0625,0
1786403485439,3000,Minimum,4471,4471,0.3,-1,64.0625,64.0625,0
1786403485539,3000,Minimum,4471,4471,0.3,-1,64.0625,64.0625,0
1786403485639,3000,Minimum,4471,4471,0.3,-1,64.0625,64.0625,0
1786403485739,3000,Minimum,4471,4471,0.3,-1,64.0625,64.0625,0
1786403485839,3000,Minimum,4471,4471,0.3,-1,64.0625,64.0625,0
1786403485939,3000,Minimum,4471,4471,0.3,-1,64.0625,64.0625,0
1786403486039,3000,Minimum,4471,4471,0.3,-1,64.125,64.125,0
1786403486139,3000,Minimum,4471,4471,0.3,-1,64.125,64.125,0
1786403486239,3000,Minimum,4471,4471,0.3,-1,64.125,64.125,0
1786403486342,3000,Minimum,4471,4471,0.3,-1,64.125,64.125,0
1786403486439,3000,Minimum,4471,4471,0.3,-1,64.125,64.125,0
1786403486539,3000,Minimum,4471,4471,0.3,-1,64.125,64.125,0
1786403486639,3000,Minimum,4471,4471,0.3,-1,64.125,64.125,0
1786403486739,3000,Minimum,4471,4471,0.3,-1,64.125,64.125,0
1786403486839,3000,Minimum,4471,4471,0.3,-1,64.125,64.125,0
1786403486939,3000,Minimum,4471,4471,0.3,-1,64.125,64.125,0
1786403487039,3000,Minimum,4471,4471,0.3,-1,64,64,0
1786403487139,3000,Minimum,4471,4471,0.3,-1,64,64,0
1786403487239,3000,Minimum,4471,4471,0.3,-1,64,64,0
1786403487339,3000,Minimum,4471,4471,0.3,-1,64,64,0
1786403487439,3000,Minimum,4471,4471,0.3,-1,64,64,0
1786403487539,3000,Minimum,4471,4471,0.3,-1,64,64,0
1786403487639,3000,Minimum,4471,4471,0.3,-1,64,64,0
1786403487739,3000,Minimum,4471,4471,0.3,-1,64,64,0
1786403487839,3000,Minimum,4471,4471,0.3,-1,64,64,0
1786403487939,3000,Minimum,4471,4471,0.3,-1,64,64,0
1786403488039,3000,Minimum,4471,4471,0.3,-1,64.0625,64.0625,0
1786403488139,3000,Minimum,4471,4471,0.3,-1,64.0625,64.0625,0
1786403488239,3000,Minimum,4471,4471,0.3,-1,64.0625,64.0625,0
1786403488339,3000,Minimum,4471,4471,0.3,-1,64.0625,64.0625,0
1786403488439,3000,Minimum,4471,4471,0.3,-1,64.0625,64.0625,0
1786403488539,3000,Minimum,4471,4471,0.3,-1,64.0625,64.0625,0
1786403488639,3000,Minimum,4471,4471,0.3,-1,64.0625,64.0625,0
1786403488739,3000,Minimum,4471,4471,0.3,-1,64.0625,64.0625,0
1786403488839,3000,Minimum,4471,4471,0.3,-1,64.0625,64.0625,0
1786403488939,3000,Minimum,4471,4471,0.3,-1,64.0625,64.0625,0
1786403489039,3000,Minimum,4471,4471,0.3,-1,64.125,64.125,0
1786403489139,3000,Minimum,4471,4471,0.3,-1,64.125,64.125,0
1786403489239,3000,Minimum,4471,4471,0.3,-1,64.125,64.125,0
1786403489339,3000,Minimum,4471,4471,0.3,-1,64.125,64.125,0
1786403489439,3000,Minimum,4471,4471,0.3,-1,64.125,64.125,0
1786403489539,3000,Minimum,4471,4471,0.3,-1,64.125,64.125,0
1786403489639,3000,Minimum,4471,4471,0.3,-1,64.125,64.125,0
1786403489739,3000,Minimum,4471,4471,0.3,-1,64.125,64.125,0
1786403489839,3000,Minimum,4471,4471,0.3,-1,64.125,64.125,0
1786403489942,3000,Minimum,4471,4471,0.3,-1,64.125,64.125,0
1786403490042,3000,Minimum,4471,4471,0.3,-1,64.0625,64.0625,0
1786403490139,3000,Minimum,4471,4471,0.3,-1,64.0625,64.0625,0
1786403490239,3000,Minimum,4471,4471,0.3,-1,64.0625,64.0625,0
1786403490339,3000,Minimum,4471,4471,0.3,-1,64.0625,64.0625,0
1786403490439,3000,Minimum,4471,4471,0.3,-1,64.0625,64.0625,0
1786403490539,3000,Minimum,4471,4471,0.3,-1,64.0625,64.0625,0
1786403490639,3000,Minimum,4471,4471,0.3,-1,64.0625,64.0625,0
1786403490739,3000,Minimum,4471,4471,0.3,-1,64.0625,64.0625,0
1786403490839,3000,Minimum,4471,4471,0.3,-1,64.0625,64.0625,0
1786403490939,3000,Minimum,4471,4471,0.3,-1,64.0625,64.0625,0
1786403491039,3000,Minimum,4471,4471,0.3,-1,64,64,0
1786403491139,3000,Minimum,4471,4471,0.3,-1,64,64,0
1786403491239,3000,Minimum,4471,4471,0.3,-1,64,64,0
1786403491339,3000,Minimum,4471,4471,0.3,-1,64,64,0
1786403491439,3000,Minimum,4471,4471,0.3,-1,64,64,0
1786403491539,3000,Minimum,4471,4471,0.3,-1,64,64,0
1786403491639,3000,Minimum,4471,4471,0.3,-1,64,64,0
1786403491742,3000,Minimum,4471,4471,0.3,-1,64,64,0
1786403491839,3000,Minimum,4471,4471,0.3,-1,64,64,0
1786403491939,3000,Minimum,4471,4471,0.3,-1,64,64,0
1786403492039,3000,Minimum,4471,4471,0.3,-1,64.125,64.125,0
1786403492139,3000,Minimum,4471,4471,0.3,-1,64.125,64.125,0
1786403492239,3000,Minimum,4471,4471,0.3,-1,64.125,64.125,0
1786403492339,3000,Minimum,4471,4471,0.3,-1,64.125,64.125,0
1786403492439,3000,Minimum,4471,4471,0.3,-1,64.125,64.125,0
1786403492539,3000,Minimum,4471,4471,0.3,-1,64.125,64.125,0
1786403492639,3000,Minimum,4471,4471,0.3,-1,64.125,64.125,0
1786403492739,3000,Minimum,4471,4471,0.3,-1,64.125,64.125,0
1786403492839,3000,Minimum,4471,4471,0.3,-1,64.125,64.125,0
1786403492939,3000,Minimum,4471,4471,0.3,-1,64.125,64.125,0
1786403493039,3000,Minimum,4471,4471,0.3,-1,64.1875,64.1875,0
1786403493139,3000,Minimum,4471,4471,0.3,-1,64.1875,64.1875,0
1786403493239,3000,Minimum,4471,4471,0.3,-1,64.1875,64.1875,0
1786403493342,3000,Minimum,4471,4471,0.3,-1,64.1875,64.1875,0
1786403493439,3000,Minimum,4471,4471,0.3,-1,64.1875,64.1875,0
1786403493539,3000,Minimum,4471,4471,0.3,-1,64.1875,64.1875,0
1786403493639,3000,Minimum,4471,4471,0.3,-1,64.1875,64.1875,0
1786403493739,3000,Minimum,4471,4471,0.3,-1,64.1875,64.1875,0
1786403493839,3000,Minimum,4471,4471,0.3,-1,64.1875,64.1875,0
1786403493939,3000,Minimum,4471,4471,0.3,-1,64.1875,64.1875,0
1786403494039,3000,Minimum,4471,4471,0.3,-1,64.125,64.125,0
1786403494139,3000,Minimum,4471,4471,0.3,-1,64.125,64.125,0
1786403494239,3000,Minimum,4471,4471,0.3,-1,64.125,64.125,0
1786403494339,3000,Minimum,4471,4471,0.3,-1,64.125,64.125,0
1786403494439,3000,Minimum,4471,4471,0.3,-1,64.125,64.125,0
1786403494539,3000,Minimum,4471,4471,0.3,-1,64.125,64.125,0
1786403494639,3000,Minimum,4471,4471,0.3,-1,64.125,64.125,0
1786403494739,3000,Minimum,4471,4471,0.3,-1,64.125,64.125,0
1786403494839,3000,Minimum,4471,4471,0.3,-1,64.125,64.125,0
1786403494939,3000,Minimum,4471,4471,0.3,-1,64.125,64.125,0
1786403495039,3000,Minimum,4471,4471,0.3,-1,64.0625,64.0625,0
1786403495139,3000,Minimum,4471,4471,0.3,-1,64.0625,64.0625,0
1786403495239,3000,Minimum,4471,4471,0.3,-1,64.0625,64.0625,0
1786403495339,3000,Minimum,4471,4471,0.3,-1,64.0625,64.0625,0
1786403495439,3000,Minimum,4471,4471,0.3,-1,64.0625,64.0625,0
1786403495539,3000,Minimum,4471,4471,0.3,-1,64.0625,64.0625,0
1786403495639,3000,Minimum,4471,4471,0.3,-1,64.0625,64.0625,0
1786403495739,3000,Minimum,4471,4471,0.3,-1,64.0625,64.0625,0
1786403495839,3000,Minimum,4471,4471,0.3,-1,64.0625,64.0625,0
1786403495939,3000,Minimum,4471,4471,0.3,-1,64.0625,64.0625,0
1786403496039,3000,Minimum,4471,4471,0.3,-1,64.0625,64.0625,0
1786403496139,3000,Minimum,4471,4471,0.3,-1,64.0625,64.0625,0
1786403496239,3000,Minimum,4471,4471,0.3,-1,64.0625,64.0625,0
1786403496339,3000,Minimum,4471,4471,0.3,-1,64.0625,64.0625,0
1786403496439,3000,Minimum,4471,4471,0.3,-1,64.0625,64.0625,0
1786403496542,3000,Minimum,4471,4471,0.3,-1,64.0625,64.0625,0
1786403496639,3000,Minimum,4471,4471,0.3,-1,64.0625,64.0625,0
1786403496739,3000,Minimum,4471,4471,0.3,-1,64.0625,64.0625,0
1786403496839,3000,Minimum,4471,4471,0.3,-1,64.0625,64.0625,0
1786403496939,3000,Minimum,4471,4471,0.3,-1,64.0625,64.0625,0
1786403497039,3000,Minimum,4471,4471,0.3,-1,64.125,64.125,0
1786403497139,3000,Minimum,4471,4471,0.3,-1,64.125,64.125,0
1786403497239,3000,Minimum,4471,4471,0.3,-1,64.125,64.125,0
1786403497339,3000,Minimum,4471,4471,0.3,-1,64.125,64.125,0
1786403497439,3000,Minimum,4471,4471,0.3,-1,64.125,64.125,0
1786403497539,3000,Minimum,4471,4471,0.3,-1,64.125,64.125,0
1786403497639,3000,Minimum,4471,4471,0.3,-1,64.125,64.125,0
1786403497739,3000,Minimum,4471,4471,0.3,-1,64.125,64.125,0
1786403497839,3000,Minimum,4471,4471,0.3,-1,64.125,64.125,0
1786403497939,3000,Minimum,4471,4471,0.3,-1,64.125,64.125,0
1786403498039,3000,Minimum,4471,4471,0.3,-1,64.125,64.125,0
1786403498139,3000,Minimum,4471,4471,0.3,-1,64.125,64.125,0
1786403498239,3000,Minimum,4471,4471,0.3,-1,64.125,64.125,0
1786403498339,3000,Minimum,4471,4471,0.3,-1,64.125,64.125,0
1786403498439,3000,Minimum,4471,4471,0.3,-1,64.125,64.125,0
1786403498539,3000,Minimum,4471,4471,0.3,-1,64.125,64.125,0
1786403498642,3000,Minimum,4471,4471,0.3,-1,64.125,64.125,0
1786403498739,3000,Minimum,4471,4471,0.3,-1,64.125,64.125,0
1786403498839,3000,Minimum,4471,4471,0.3,-1,64.125,64.125,0
1786403498939,3000,Minimum,4471,4471,0.3,-1,64.125,64.125,0
1786403499039,3000,Minimum,4471,4471,0.3,-1,64.125,64.125,0
1786403499139,3000,Minimum,4471,4471,0.3,-1,64.125,64.125,0
1786403499239,3000,Minimum,4471,4471,0.3,-1,64.125,64.125,0
1786403499339,3000,Minimum,4471,4471,0.3,-1,64.125,64.125,0
1786403499439,3000,Minimum,4471,4471,0.3,-1,64.125,64.125,0
1786403499539,3000,Minimum,4471,4471,0.3,-1,64.125,64.125,0
1786403499639,3000,Minimum,4471,4471,0.3,-1,64.125,64.125,0
1786403499739,3000,Minimum,4471,4471,0.3,-1,64.125,64.125,0
1786403499839,3000,Minimum,4471,4471,0.3,-1,64.125,64.125,0
1786403499939,3000,Minimum,4471,4471,0.3,-1,64.125,64.125,0
1786403500039,3000,Minimum,4471,4471,0.3,-1,64.1875,64.1875,0
1786403500139,3000,Minimum,4471,4471,0.3,-1,64.1875,64.1875,0
1786403500239,3000,Minimum,4471,4471,0.3,-1,64.1875,64.1875,0
1786403500339,3000,Minimum,4471,4471,0.3,-1,64.1875,64.1875,0
1786403500439,3000,Minimum,4471,4471,0.3,-1,64.1875,64.1875,0
1786403500539,3000,Minimum,4471,4471,0.3,-1,64.1875,64.1875,0
1786403500639,3000,Minimum,4471,4471,0.3,-1,64.1875,64.1875,0
1786403500739,3000,Minimum,4471,4471,0.3,-1,64.1875,64.1875,0
1786403500839,3000,Minimum,4471,4471,0.3,-1,64.1875,64.1875,0
1786403500939,3000,Minimum,4471,4471,0.3,-1,64.1875,64.1875,0
1786403501039,3000,Minimum,4471,4471,0.3,-1,64.1875,64.1875,0
1786403501139,3000,Minimum,4471,4471,0.3,-1,64.1875,64.1875,0
1786403501239,3000,Minimum,4471,4471,0.3,-1,64.1875,64.1875,0
1786403501339,3000,Minimum,4471,4471,0.3,-1,64.1875,64.1875,0
1786403501439,3000,Minimum,4471,4471,0.3,-1,64.1875,64.1875,0
1786403501539,3000,Minimum,4471,4471,0.3,-1,64.1875,64.1875,0
1786403501639,3000,Minimum,4471,4471,0.3,-1,64.1875,64.1875,0
1786403501739,3000,Minimum,4471,4471,0.3,-1,64.1875,64.1875,0
1786403501839,3000,Minimum,4471,4471,0.3,-1,64.1875,64.1875,0
1786403501939,3000,Minimum,4471,4471,0.3,-1,64.1875,64.1875,0
1786403502039,3000,Minimum,4471,4471,0.3,-1,64.125,64.125,0
1786403502139,3000,Minimum,4471,4471,0.3,-1,64.125,64.125,0
1786403502239,3000,Minimum,4471,4471,0.3,-1,64.125,64.125,0
1786403502339,3000,Minimum,4471,4471,0.3,-1,64.125,64.125,0
1786403502439,3000,Minimum,4471,4471,0.3,-1,64.125,64.125,0
1786403502539,3000,Minimum,4471,4471,0.3,-1,64.125,64.125,0
1786403502639,3000,Minimum,4471,4471,0.3,-1,64.125,64.125,0
1786403502739,3000,Minimum,4471,4471,0.3,-1,64.125,64.125,0
1786403502839,3000,Minimum,4471,4471,0.3,-1,64.125,64.125,0
1786403502942,3000,Minimum,4471,4471,0.3,-1,64.125,64.125,0
1786403503039,3000,Minimum,4471,4471,0.3,-1,64.125,64.125,0
1786403503139,3000,Minimum,4471,4471,0.3,-1,64.125,64.125,0
1786403503239,3000,Minimum,4471,4471,0.3,-1,64.125,64.125,0
1786403503339,3000,Minimum,4471,4471,0.3,-1,64.125,64.125,0
1786403503439,3000,Minimum,4471,4471,0.3,-1,64.125,64.125,0
1786403503539,3000,Minimum,4471,4471,0.3,-1,64.125,64.125,0
1786403503639,3000,Minimum,4471,4471,0.3,-1,64.125,64.125,0
1786403503739,3000,Minimum,4471,4471,0.3,-1,64.125,64.125,0
1786403503839,3000,Minimum,4471,4471,0.3,-1,64.125,64.125,0
1786403503939,3000,Minimum,4471,4471,0.3,-1,64.125,64.125,0
1786403504039,3000,Minimum,4471,4471,0.3,-1,64.25,64.25,0
1786403504139,3000,Minimum,4471,4471,0.3,-1,64.25,64.25,0
1786403504239,3000,Minimum,4471,4471,0.3,-1,64.25,64.25,0
1786403504339,3000,Minimum,4471,4471,0.3,-1,64.25,64.25,0
1786403504439,3000,Minimum,4471,4471,0.3,-1,64.25,64.25,0
1786403504539,3000,Minimum,4471,4471,0.3,-1,64.25,64.25,0
1786403504639,3000,Minimum,4471,4471,0.3,-1,64.25,64.25,0
1786403504739,3000,Minimum,4471,4471,0.3,-1,64.25,64.25,0
1786403504839,3000,Minimum,4471,4471,0.3,-1,64.25,64.25,0
1786403504939,3000,Minimum,4471,4471,0.3,-1,64.25,64.25,0
1786403505039,3000,Minimum,4471,4471,0.3,-1,64.25,64.25,0
1786403505139,3000,Minimum,4471,4471,0.3,-1,64.25,64.25,0
1786403505239,3000,Minimum,4471,4471,0.3,-1,64.25,64.25,0
1786403505339,3000,Minimum,4471,4471,0.3,-1,64.25,64.25,0
1786403505439,3000,Minimum,4471,4471,0.3,-1,64.25,64.25,0
1786403505539,3000,Minimum,4471,4471,0.3,-1,64.25,64.25,0
1786403505639,3000,Minimum,4471,4471,0.3,-1,64.25,64.25,0
1786403505739,3000,Minimum,4471,4471,0.3,-1,64.25,64.25,0
1786403505839,3000,Minimum,4471,4471,0.3,-1,64.25,64.25,0
1786403505939,3000,Minimum,4471,4471,0.3,-1,64.25,64.25,0
1786403506042,3000,Minimum,4471,4471,0.3,-1,64.1875,64.1875,0
1786403506139,3000,Minimum,4471,4471,0.3,-1,64.1875,64.1875,0
1786403506239,3000,Minimum,4471,4471,0.3,-1,64.1875,64.1875,0
1786403506339,3000,Minimum,4471,4471,0.3,-1,64.1875,64.1875,0
1786403506439,3000,Minimum,4471,4471,0.3,-1,64.1875,64.1875,0
1786403506539,3000,Minimum,4471,4471,0.3,-1,64.1875,64.1875,0
1786403506639,3000,Minimum,4471,4471,0.3,-1,64.1875,64.1875,0
1786403506739,3000,Minimum,4471,4471,0.3,-1,64.1875,64.1875,0
1786403506839,3000,Minimum,4471,4471,0.3,-1,64.1875,64.1875,0
1786403506939,3000,Minimum,4471,4471,0.3,-1,64.1875,64.1875,0
1786403507039,3000,Minimum,4471,4471,0.3,-1,64.125,64.125,0
1786403507139,3000,Minimum,4471,4471,0.3,-1,64.125,64.125,0
1786403507239,3000,Minimum,4471,4471,0.3,-1,64.125,64.125,0
1786403507339,3000,Minimum,4471,4471,0.3,-1,64.125,64.125,0
1786403507439,3000,Minimum,4471,4471,0.3,-1,64.125,64.125,0
1786403507539,3000,Minimum,4471,4471,0.3,-1,64.125,64.125,0
1786403507639,3000,Minimum,4471,4471,0.3,-1,64.125,64.125,0
1786403507739,3000,Minimum,4471,4471,0.3,-1,64.125,64.125,0
1786403507839,3000,Minimum,4471,4471,0.3,-1,64.125,64.125,0
1786403507939,3000,Minimum,4471,4471,0.3,-1,64.125,64.125,0
1786403508039,3000,Minimum,4471,4471,0.3,-1,64.1875,64.1875,0
1786403508139,3000,Minimum,4471,4471,0.3,-1,64.1875,64.1875,0
1786403508239,3000,Minimum,4471,4471,0.3,-1,64.1875,64.1875,0
1786403508339,3000,Minimum,4471,4471,0.3,-1,64.1875,64.1875,0
1786403508439,3000,Minimum,4471,4471,0.3,-1,64.1875,64.1875,0
1786403508539,3000,Minimum,4471,4471,0.3,-1,64.1875,64.1875,0
1786403508639,3000,Minimum,4471,4471,0.3,-1,64.1875,64.1875,0
1786403508739,3000,Minimum,4471,4471,0.3,-1,64.1875,64.1875,0
1786403508839,3000,Minimum,4471,4471,0.3,-1,64.1875,64.1875,0
1786403508939,3000,Minimum,4471,4471,0.3,-1,64.1875,64.1875,0
1786403509039,3000,Minimum,4471,4471,0.3,-1,64.25,64.25,0
1786403509139,3000,Minimum,4471,4471,0.3,-1,64.25,64.25,0
1786403509239,3000,Minimum,4471,4471,0.3,-1,64.25,64.25,0
1786403509339,3000,Minimum,4471,4471,0.3,-1,64.25,64.25,0
1786403509439,3000,Minimum,4471,4471,0.3,-1,64.25,64.25,0
1786403509542,3000,Minimum,4471,4471,0.3,-1,64.25,64.25,0
1786403509639,3000,Minimum,4471,4471,0.3,-1,64.25,64.25,0
1786403509739,3000,Minimum,4471,4471,0.3,-1,64.25,64.25,0
1786403509839,3000,Minimum,4471,4471,0.3,-1,64.25,64.25,0
1786403509939,3000,Minimum,4471,4471,0.3,-1,64.25,64.25,0
1786403510039,3000,Minimum,4471,4471,0.3,-1,64.125,64.125,0
1786403510139,3000,Minimum,4471,4471,0.3,-1,64.125,64.125,0
1786403510239,3000,Minimum,4471,4471,0.3,-1,64.125,64.125,0
1786403510339,3000,Minimum,4471,4471,0.3,-1,64.125,64.125,0
1786403510439,3000,Minimum,4471,4471,0.3,-1,64.125,64.125,0
1786403510539,3000,Minimum,4471,4471,0.3,-1,64.125,64.125,0
1786403510639,3000,Minimum,4471,4471,0.3,-1,64.125,64.125,0
1786403510739,3000,Minimum,4471,4471,0.3,-1,64.125,64.125,0
1786403510839,3000,Minimum,4471,4471,0.3,-1,64.125,64.125,0
1786403510939,3000,Minimum,4471,4471,0.3,-1,64.125,64.125,0
1786403511039,3000,Minimum,4471,4471,0.3,-1,64.1875,64.1875,0
1786403511139,3000,Minimum,4471,4471,0.3,-1,64.1875,64.1875,0
1786403511239,3000,Minimum,4471,4471,0.3,-1,64.1875,64.1875,0
1786403511339,3000,Minimum,4471,4471,0.3,-1,64.1875,64.1875,0
1786403511439,3000,Minimum,4471,4471,0.3,-1,64.1875,64.1875,0
1786403511539,3000,Minimum,4471,4471,0.3,-1,64.1875,64.1875,0
1786403511642,3000,Minimum,4471,4471,0.3,-1,64.1875,64.1875,0
1786403511739,3000,Minimum,4471,4471,0.3,-1,64.1875,64.1875,0
1786403511839,3000,Minimum,4471,4471,0.3,-1,64.1875,64.1875,0
1786403511939,3000,Minimum,4471,4471,0.3,-1,64.1875,64.1875,0
1786403512039,3000,Minimum,4471,4471,0.3,-1,64.1875,64.1875,0
1786403512139,3000,Minimum,4471,4471,0.3,-1,64.1875,64.1875,0
1786403512239,3000,Minimum,4471,4471,0.3,-1,64.1875,64.1875,0
1786403512339,3000,Minimum,4471,4471,0.3,-1,64.1875,64.1875,0
1786403512439,3000,Minimum,4471,4471,0.3,-1,64.1875,64.1875,0
1786403512539,3000,Minimum,4471,4471,0.3,-1,64.1875,64.1875,0
1786403512639,3000,Minimum,4471,4471,0.3,-1,64.1875,64.1875,0
1786403512739,3000,Minimum,4471,4471,0.3,-1,64.1875,64.1875,0
1786403512839,3000,Minimum,4471,4471,0.3,-1,64.1875,64.1875,0
1786403512939,3000,Minimum,4471,4471,0.3,-1,64.1875,64.1875,0
1786403513039,3000,Minimum,4471,4471,0.3,-1,64.1875,64.1875,0
1786403513139,3000,Minimum,4471,4471,0.3,-1,64.1875,64.1875,0
1786403513239,3000,Minimum,4471,4471,0.3,-1,64.1875,64.1875,0
1786403513339,3000,Minimum,4471,4471,0.3,-1,64.1875,64.1875,0
1786403513439,3000,Minimum,4471,4471,0.3,-1,64.1875,64.1875,0
1786403513539,3000,Minimum,4471,4471,0.3,-1,64.1875,64.1875,0
1786403513639,3000,Minimum,4471,4471,0.3,-1,64.1875,64.1875,0
1786403513739,3000,Minimum,4471,4471,0.3,-1,64.1875,64.1875,0
1786403513839,3000,Minimum,4471,4471,0.3,-1,64.1875,64.1875,0
1786403513939,3000,Minimum,4471,4471,0.3,-1,64.1875,64.1875,0
1786403514039,3000,Minimum,4471,4471,0.3,-1,64.0625,64.0625,0
1786403514139,3000,Minimum,4471,4471,0.3,-1,64.0625,64.0625,0
1786403514239,3000,Minimum,4471,4471,0.3,-1,64.0625,64.0625,0
1786403514339,3000,Minimum,4471,4471,0.3,-1,64.0625,64.0625,0
1786403514442,3000,Minimum,4471,4471,0.3,-1,64.0625,64.0625,0
1786403514539,3000,Minimum,4471,4471,0.3,-1,64.0625,64.0625,0
1786403514639,3000,Minimum,4471,4471,0.3,-1,64.0625,64.0625,0
1786403514739,3000,Minimum,4471,4471,0.3,-1,64.0625,64.0625,0
1786403514839,3000,Minimum,4471,4471,0.3,-1,64.0625,64.0625,0
1786403514939,3000,Minimum,4471,4471,0.3,-1,64.0625,64.0625,0
1786403515039,3000,Minimum,4471,4471,0.3,-1,64.1875,64.1875,0
1786403515139,3000,Minimum,4471,4471,0.3,-1,64.1875,64.1875,0
1786403515239,3000,Minimum,4471,4471,0.3,-1,64.1875,64.1875,0
1786403515339,3000,Minimum,4471,4471,0.3,-1,64.1875,64.1875,0
1786403515439,3000,Minimum,4471,4471,0.3,-1,64.1875,64.1875,0
1786403515539,3000,Minimum,4471,4471,0.3,-1,64.1875,64.1875,0
1786403515639,3000,Minimum,4471,4471,0.3,-1,64.1875,64.1875,0
1786403515739,3000,Minimum,4471,4471,0.3,-1,64.1875,64.1875,0
1786403515839,3000,Minimum,4471,4471,0.3,-1,64.1875,64.1875,0
1786403515942,3000,Minimum,4471,4471,0.3,-1,64.1875,64.1875,0
1786403516039,3000,Minimum,4471,4471,0.3,-1,64.1875,64.1875,0
1786403516139,3000,Minimum,4471,4471,0.3,-1,64.1875,64.1875,0
1786403516239,3000,Minimum,4471,4471,0.3,-1,64.1875,64.1875,0
1786403516339,3000,Minimum,4471,4471,0.3,-1,64.1875,64.1875,0
1786403516439,3000,Minimum,4471,4471,0.3,-1,64.1875,64.1875,0
1786403516539,3000,Minimum,4471,4471,0.3,-1,64.1875,64.1875,0
1786403516639,3000,Minimum,4471,4471,0.3,-1,64.1875,64.1875,0
1786403516739,3000,Minimum,4471,4471,0.3,-1,64.1875,64.1875,0
1786403516839,3000,Minimum,4471,4471,0.3,-1,64.1875,64.1875,0
1786403516939,3000,Minimum,4471,4471,0.3,-1,64.1875,64.1875,0
1786403517039,3000,Minimum,4471,4471,0.3,-1,64.1875,64.1875,0
1786403517139,3000,Minimum,4471,4471,0.3,-1,64.1875,64.1875,0
1786403517239,3000,Minimum,4471,4471,0.3,-1,64.1875,64.1875,0
1786403517339,3000,Minimum,4471,4471,0.3,-1,64.1875,64.1875,0
1786403517439,3000,Minimum,4471,4471,0.3,-1,64.1875,64.1875,0
1786403517539,3000,Minimum,4471,4471,0.3,-1,64.1875,64.1875,0
1786403517639,3000,Minimum,4471,4471,0.3,-1,64.1875,64.1875,0
1786403517739,3000,Minimum,4471,4471,0.3,-1,64.1875,64.1875,0
1786403517839,3000,Minimum,4471,4471,0.3,-1,64.1875,64.1875,0
1786403517939,3000,Minimum,4471,4471,0.3,-1,64.1875,64.1875,0
1786403518039,3000,Minimum,4471,4471,0.3,-1,64.25,64.25,0
1786403518139,3000,Minimum,4471,4471,0.3,-1,64.25,64.25,0
1786403518239,3000,Minimum,4471,4471,0.3,-1,64.25,64.25,0
1786403518339,3000,Minimum,4471,4471,0.3,-1,64.25,64.25,0
1786403518439,3000,Minimum,4471,4471,0.3,-1,64.25,64.25,0
1786403518539,3000,Minimum,4471,4471,0.3,-1,64.25,64.25,0
1786403518639,3000,Minimum,4471,4471,0.3,-1,64.25,64.25,0
1786403518739,3000,Minimum,4471,4471,0.3,-1,64.25,64.25,0
1786403518839,3000,Minimum,4471,4471,0.3,-1,64.25,64.25,0
1786403518939,3000,Minimum,4471,4471,0.3,-1,64.25,64.25,0
1786403519039,3000,Minimum,4471,4471,0.3,-1,64.1875,64.1875,0
1786403519139,3000,Minimum,4471,4471,0.3,-1,64.1875,64.1875,0
1786403519239,3000,Minimum,4471,4471,0.3,-1,64.1875,64.1875,0
1786403519339,3000,Minimum,4471,4471,0.3,-1,64.1875,64.1875,0
1786403519439,3000,Minimum,4471,4471,0.3,-1,64.1875,64.1875,0
1786403519539,3000,Minimum,4471,4471,0.3,-1,64.1875,64.1875,0
1786403519639,3000,Minimum,4471,4471,0.3,-1,64.1875,64.1875,0
1786403519739,3000,Minimum,4471,4471,0.3,-1,64.1875,64.1875,0
1786403519839,3000,Minimum,4471,4471,0.3,-1,64.1875,64.1875,0
1786403519939,3000,Minimum,4471,4471,0.3,-1,64.1875,64.1875,0
1786403520039,3000,Minimum,4471,4471,0.3,-1,64.1875,64.1875,0
1786403520139,3000,Minimum,4471,4471,0.3,-1,64.1875,64.1875,0
1786403520239,3000,Minimum,4471,4471,0.3,-1,64.1875,64.1875,0
1786403520339,3000,Minimum,4471,4471,0.3,-1,64.1875,64.1875,0
1786403520439,3000,Minimum,4471,4471,0.3,-1,64.1875,64.1875,0
1786403520539,3000,Minimum,4471,4471,0.3,-1,64.1875,64.1875,0
1786403520639,3000,Minimum,4471,4471,0.3,-1,64.1875,64.1875,0
1786403520739,3000,Minimum,4471,4471,0.3,-1,64.1875,64.1875,0
1786403520839,3000,Minimum,4471,4471,0.3,-1,64.1875,64.1875,0
1786403520939,3000,Minimum,4471,4471,0.3,-1,64.1875,64.1875,0
1786403521039,3000,Minimum,4471,4471,0.3,-1,64.25,64.25,0
1786403521139,3000,Minimum,4471,4471,0.3,-1,64.25,64.25,0
1786403521239,3000,Minimum,4471,4471,0.3,-1,64.25,64.25,0
1786403521339,3000,Minimum,4471,4471,0.3,-1,64.25,64.25,0
1786403521439,3000,Minimum,4471,4471,0.3,-1,64.25,64.25,0
1786403521539,3000,Minimum,4471,4471,0.3,-1,64.25,64.25,0
1786403521639,3000,Minimum,4471,4471,0.3,-1,64.25,64.25,0
1786403521739,3000,Minimum,4471,4471,0.3,-1,64.25,64.25,0
1786403521839,3000,Minimum,4471,4471,0.3,-1,64.25,64.25,0
1786403521939,3000,Minimum,4471,4471,0.3,-1,64.25,64.25,0
1786403522039,3000,Minimum,4471,4471,0.3,-1,64.25,64.25,0
1786403522139,3000,Minimum,4471,4471,0.3,-1,64.25,64.25,0
1786403522239,3000,Minimum,4471,4471,0.3,-1,64.25,64.25,0
1786403522342,3000,Minimum,4471,4471,0.3,-1,64.25,64.25,0
1786403522439,3000,Minimum,4471,4471,0.3,-1,64.25,64.25,0
1786403522539,3000,Minimum,4471,4471,0.3,-1,64.25,64.25,0
1786403522639,3000,Minimum,4471,4471,0.3,-1,64.25,64.25,0
1786403522739,3000,Minimum,4471,4471,0.3,-1,64.25,64.25,0
1786403522839,3000,Minimum,4471,4471,0.3,-1,64.25,64.25,0
1786403522939,3000,Minimum,4471,4471,0.3,-1,64.25,64.25,0
1786403523039,3000,Minimum,4471,4471,0.3,-1,64.125,64.125,0
1786403523139,3000,Minimum,4471,4471,0.3,-1,64.125,64.125,0
1786403523239,3000,Minimum,4471,4471,0.3,-1,64.125,64.125,0
1786403523339,3000,Minimum,4471,4471,0.3,-1,64.125,64.125,0
1786403523439,3000,Minimum,4471,4471,0.3,-1,64.125,64.125,0
1786403523539,3000,Minimum,4471,4471,0.3,-1,64.125,64.125,0
1786403523639,3000,Minimum,4471,4471,0.3,-1,64.125,64.125,0
1786403523739,3000,Minimum,4471,4471,0.3,-1,64.125,64.125,0
1786403523839,3000,Minimum,4471,4471,0.3,-1,64.125,64.125,0
1786403523939,3000,Minimum,4471,4471,0.3,-1,64.125,64.125,0
1786403524039,3000,Minimum,4471,4471,0.3,-1,64.25,64.25,0
1786403524139,3000,Minimum,4471,4471,0.3,-1,64.25,64.25,0
1786403524239,3000,Minimum,4471,4471,0.3,-1,64.25,64.25,0
1786403524339,3000,Minimum,4471,4471,0.3,-1,64.25,64.25,0
1786403524439,3000,Minimum,4471,4471,0.3,-1,64.25,64.25,0
1786403524539,3000,Minimum,4471,4471,0.3,-1,64.25,64.25,0
1786403524639,3000,Minimum,4471,4471,0.3,-1,64.25,64.25,0
1786403524739,3000,Minimum,4471,4471,0.3,-1,64.25,64.25,0
1786403524839,3000,Minimum,4471,4471,0.3,-1,64.25,64.25,0
1786403524939,3000,Minimum,4471,4471,0.3,-1,64.25,64.25,0
1786403525039,3000,Minimum,4471,4471,0.3,-1,64.125,64.125,0
1786403525139,3000,Minimum,4471,4471,0.3,-1,64.125,64.125,0
1786403525239,3000,Minimum,4471,4471,0.3,-1,64.125,64.125,0
1786403525339,3000,Minimum,4471,4471,0.3,-1,64.125,64.125,0
1786403525442,3000,Minimum,4471,4471,0.3,-1,64.125,64.125,0
1786403525539,3000,Minimum,4471,4471,0.3,-1,64.125,64.125,0
1786403525639,3000,Minimum,4471,4471,0.3,-1,64.125,64.125,0
1786403525739,3000,Minimum,4471,4471,0.3,-1,64.125,64.125,0
1786403525839,3000,Minimum,4471,4471,0.3,-1,64.125,64.125,0
1786403525939,3000,Minimum,4471,4471,0.3,-1,64.125,64.125,0
1786403526039,3000,Minimum,4471,4471,0.3,-1,64.25,64.25,0
1786403526139,3000,Minimum,4471,4471,0.3,-1,64.25,64.25,0
1786403526239,3000,Minimum,4471,4471,0.3,-1,64.25,64.25,0
1786403526339,3000,Minimum,4471,4471,0.3,-1,64.25,64.25,0
1786403526439,3000,Minimum,4471,4471,0.3,-1,64.25,64.25,0
1786403526539,3000,Minimum,4471,4471,0.3,-1,64.25,64.25,0
1786403526639,3000,Minimum,4471,4471,0.3,-1,64.25,64.25,0
1786403526739,3000,Minimum,4471,4471,0.3,-1,64.25,64.25,0
1786403526839,3000,Minimum,4471,4471,0.3,-1,64.25,64.25,0
1786403526939,3000,Minimum,4471,4471,0.3,-1,64.25,64.25,0
1786403527039,3000,Minimum,4471,4471,0.3,-1,64.25,64.25,0
1786403527139,3000,Minimum,4471,4471,0.3,-1,64.25,64.25,0
1786403527239,3000,Minimum,4471,4471,0.3,-1,64.25,64.25,0
1786403527339,3000,Minimum,4471,4471,0.3,-1,64.25,64.25,0
1786403527439,3000,Minimum,4471,4471,0.3,-1,64.25,64.25,0
1786403527539,3000,Minimum,4471,4471,0.3,-1,64.25,64.25,0
1786403527639,3000,Minimum,4471,4471,0.3,-1,64.25,64.25,0
1786403527739,3000,Minimum,4471,4471,0.3,-1,64.25,64.25,0
1786403527839,3000,Minimum,4471,4471,0.3,-1,64.25,64.25,0
1786403527939,3000,Minimum,4471,4471,0.3,-1,64.25,64.25,0
1786403528039,3000,Minimum,4471,4471,0.3,-1,64.25,64.25,0
1786403528139,3000,Minimum,4471,4471,0.3,-1,64.25,64.25,0
1786403528239,3000,Minimum,4471,4471,0.3,-1,64.25,64.25,0
1786403528339,3000,Minimum,4471,4471,0.3,-1,64.25,64.25,0
1786403528439,3000,Minimum,4471,4471,0.3,-1,64.25,64.25,0
1786403528539,3000,Minimum,4471,4471,0.3,-1,64.25,64.25,0
1786403528639,3000,Minimum,4471,4471,0.3,-1,64.25,64.25,0
1786403528739,3000,Minimum,4471,4471,0.3,-1,64.25,64.25,0
1786403528839,3000,Minimum,4471,4471,0.3,-1,64.25,64.25,0
1786403528942,3000,Minimum,4471,4471,0.3,-1,64.25,64.25,0
1786403529039,3000,Minimum,4471,4471,0.3,-1,64.25,64.25,0
1786403529139,3000,Minimum,4471,4471,0.3,-1,64.25,64.25,0
1786403529239,3000,Minimum,4471,4471,0.3,-1,64.25,64.25,0
1786403529339,3000,Minimum,4471,4471,0.3,-1,64.25,64.25,0
1786403529439,3000,Minimum,4471,4471,0.3,-1,64.25,64.25,0
1786403529539,3000,Minimum,4471,4471,0.3,-1,64.25,64.25,0
1786403529639,3000,Minimum,4471,4471,0.3,-1,64.25,64.25,0
1786403529739,3000,Minimum,4471,4471,0.3,-1,64.25,64.25,0
1786403529839,3000,Minimum,4471,4471,0.3,-1,64.25,64.25,0
1786403529939,3000,Minimum,4471,4471,0.3,-1,64.25,64.25,0
1786403530039,3000,Minimum,4471,4471,0.3,-1,64.25,64.25,0
1786403530139,3000,Minimum,4471,4471,0.3,-1,64.25,64.25,0
1786403530239,3000,Minimum,4471,4471,0.3,-1,64.25,64.25,0
1786403530339,3000,Minimum,4471,4471,0.3,-1,64.25,64.25,0
1786403530439,3000,Minimum,4471,4471,0.3,-1,64.25,64.25,0
1786403530539,3000,Minimum,4471,4471,0.3,-1,64.25,64.25,0
1786403530642,3000,Minimum,4471,4471,0.3,-1,64.25,64.25,0
1786403530739,3000,Minimum,4471,4471,0.3,-1,64.25,64.25,0
1786403530839,3000,Minimum,4471,4471,0.3,-1,64.25,64.25,0
1786403530942,3000,Minimum,4471,4471,0.3,-1,64.25,64.25,0
1786403531039,3000,Minimum,4471,4471,0.3,-1,64.25,64.25,0
1786403531139,3000,Minimum,4471,4471,0.3,-1,64.25,64.25,0
1786403531239,3000,Minimum,4471,4471,0.3,-1,64.25,64.25,0
1786403531339,3000,Minimum,4471,4471,0.3,-1,64.25,64.25,0
1786403531439,3000,Minimum,4471,4471,0.3,-1,64.25,64.25,0
1786403531539,3000,Minimum,4471,4471,0.3,-1,64.25,64.25,0
1786403531639,3000,Minimum,4471,4471,0.3,-1,64.25,64.25,0
1786403531739,3000,Minimum,4471,4471,0.3,-1,64.25,64.25,0
1786403531839,3000,Minimum,4471,4471,0.3,-1,64.25,64.25,0
1786403531939,3000,Minimum,4471,4471,0.3,-1,64.25,64.25,0
1786403532039,3000,Minimum,4471,4471,0.3,-1,64.25,64.25,0
1786403532139,3000,Minimum,4471,4471,0.3,-1,64.25,64.25,0
1786403532239,3000,Minimum,4471,4471,0.3,-1,64.25,64.25,0
1786403532339,3000,Minimum,4471,4471,0.3,-1,64.25,64.25,0
1786403532439,3000,Minimum,4471,4471,0.3,-1,64.25,64.25,0
1786403532539,3000,Minimum,4471,4471,0.3,-1,64.25,64.25,0
1786403532639,3000,Minimum,4471,4471,0.3,-1,64.25,64.25,0
1786403532739,3000,Minimum,4471,4471,0.3,-1,64.25,64.25,0
1786403532839,3000,Minimum,4471,4471,0.3,-1,64.25,64.25,0
1786403532939,3000,Minimum,4471,4471,0.3,-1,64.25,64.25,0
1786403533039,3000,Minimum,4471,4471,0.3,-1,64.25,64.25,0
1786403533139,3000,Minimum,4471,4471,0.3,-1,64.25,64.25,0
1786403533239,3000,Minimum,4471,4471,0.3,-1,64.25,64.25,0
1786403533339,3000,Minimum,4471,4471,0.3,-1,64.25,64.25,0
1786403533439,3000,Minimum,4471,4471,0.3,-1,64.25,64.25,0
1786403533539,3000,Minimum,4471,4471,0.3,-1,64.25,64.25,0
1786403533639,3000,Minimum,4471,4471,0.3,-1,64.25,64.25,0
1786403533742,3000,Minimum,4471,4471,0.3,-1,64.25,64.25,0
1786403533839,3000,Minimum,4471,4471,0.3,-1,64.25,64.25,0
1786403533939,3000,Minimum,4471,4471,0.3,-1,64.25,64.25,0
1786403534039,3000,Minimum,4471,4471,0.3,-1,64.375,64.375,0
1786403534139,3000,Minimum,4471,4471,0.3,-1,64.375,64.375,0
1786403534239,3000,Minimum,4471,4471,0.3,-1,64.375,64.375,0
1786403534339,3000,Minimum,4471,4471,0.3,-1,64.375,64.375,0
1786403534439,3000,Minimum,4471,4471,0.3,-1,64.375,64.375,0
1786403534539,3000,Minimum,4471,4471,0.3,-1,64.375,64.375,0
1786403534639,3000,Minimum,4471,4471,0.3,-1,64.375,64.375,0
1786403534739,3000,Minimum,4471,4471,0.3,-1,64.375,64.375,0
1786403534839,3000,Minimum,4471,4471,0.3,-1,64.375,64.375,0
1786403534939,3000,Minimum,4471,4471,0.3,-1,64.375,64.375,0
1786403535039,3000,Minimum,4471,4471,0.3,-1,64.3125,64.3125,0
1786403535139,3000,Minimum,4471,4471,0.3,-1,64.3125,64.3125,0
1786403535239,3000,Minimum,4471,4471,0.3,-1,64.3125,64.3125,0
1786403535339,3000,Minimum,4471,4471,0.3,-1,64.3125,64.3125,0
1786403535439,3000,Minimum,4471,4471,0.3,-1,64.3125,64.3125,0
1786403535539,3000,Minimum,4471,4471,0.3,-1,64.3125,64.3125,0
1786403535639,3000,Minimum,4471,4471,0.3,-1,64.3125,64.3125,0
1786403535739,3000,Minimum,4471,4471,0.3,-1,64.3125,64.3125,0
1786403535839,3000,Minimum,4471,4471,0.3,-1,64.3125,64.3125,0
1786403535939,3000,Minimum,4471,4471,0.3,-1,64.3125,64.3125,0
1786403536039,3000,Minimum,4471,4471,0.3,-1,64.3125,64.3125,0
1786403536142,3000,Minimum,4471,4471,0.3,-1,64.3125,64.3125,0
1786403536239,3000,Minimum,4471,4471,0.3,-1,64.3125,64.3125,0
1786403536339,3000,Minimum,4471,4471,0.3,-1,64.3125,64.3125,0
1786403536439,3000,Minimum,4471,4471,0.3,-1,64.3125,64.3125,0
1786403536539,3000,Minimum,4471,4471,0.3,-1,64.3125,64.3125,0
1786403536639,3000,Minimum,4471,4471,0.3,-1,64.3125,64.3125,0
1786403536739,3000,Minimum,4471,4471,0.3,-1,64.3125,64.3125,0
1786403536839,3000,Minimum,4471,4471,0.3,-1,64.3125,64.3125,0
1786403536939,3000,Minimum,4471,4471,0.3,-1,64.3125,64.3125,0
1786403537039,3000,Minimum,4471,4471,0.3,-1,64.3125,64.3125,0
1786403537139,3000,Minimum,4471,4471,0.3,-1,64.3125,64.3125,0
1786403537239,3000,Minimum,4471,4471,0.3,-1,64.3125,64.3125,0
1786403537339,3000,Minimum,4471,4471,0.3,-1,64.3125,64.3125,0
1786403537442,3000,Minimum,4471,4471,0.3,-1,64.3125,64.3125,0
1786403537539,3000,Minimum,4471,4471,0.3,-1,64.3125,64.3125,0
1786403537639,3000,Minimum,4471,4471,0.3,-1,64.3125,64.3125,0
1786403537739,3000,Minimum,4471,4471,0.3,-1,64.3125,64.3125,0
1786403537839,3000,Minimum,4471,4471,0.3,-1,64.3125,64.3125,0
1786403537939,3000,Minimum,4471,4471,0.3,-1,64.3125,64.3125,0
1786403538039,3000,Minimum,4471,4471,0.3,-1,64.3125,64.3125,0
1786403538139,3000,Minimum,4471,4471,0.3,-1,64.3125,64.3125,0
1786403538239,3000,Minimum,4471,4471,0.3,-1,64.3125,64.3125,0
1786403538339,3000,Minimum,4471,4471,0.3,-1,64.3125,64.3125,0
1786403538439,3000,Minimum,4471,4471,0.3,-1,64.3125,64.3125,0
1786403538539,3000,Minimum,4471,4471,0.3,-1,64.3125,64.3125,0
1786403538639,3000,Minimum,4471,4471,0.3,-1,64.3125,64.3125,0
1786403538739,3000,Minimum,4471,4471,0.3,-1,64.3125,64.3125,0
1786403538839,3000,Minimum,4471,4471,0.3,-1,64.3125,64.3125,0
1786403538939,3000,Minimum,4471,4471,0.3,-1,64.3125,64.3125,0
1786403539039,3000,Minimum,4471,4471,0.3,-1,64.3125,64.3125,0
1786403539139,3000,Minimum,4471,4471,0.3,-1,64.3125,64.3125,0
1786403539239,3000,Minimum,4471,4471,0.3,-1,64.3125,64.3125,0
1786403539339,3000,Minimum,4471,4471,0.3,-1,64.3125,64.3125,0
1786403539439,3000,Minimum,4471,4471,0.3,-1,64.3125,64.3125,0
1786403539539,3000,Minimum,4471,4471,0.3,-1,64.3125,64.3125,0
1786403539639,3000,Minimum,4471,4471,0.3,-1,64.3125,64.3125,0
1786403539739,3000,Minimum,4471,4471,0.3,-1,64.3125,64.3125,0
1786403539839,3000,Minimum,4471,4471,0.3,-1,64.3125,64.3125,0
1786403539939,3000,Minimum,4471,4471,0.3,-1,64.3125,64.3125,0
1786403540039,3000,Minimum,4471,4471,0.3,-1,64.375,64.375,0
1786403540139,3000,Minimum,4471,4471,0.3,-1,64.375,64.375,0
1786403540239,3000,Minimum,4471,4471,0.3,-1,64.375,64.375,0
1786403540339,3000,Minimum,4471,4471,0.3,-1,64.375,64.375,0
1786403540439,3000,Minimum,4471,4471,0.3,-1,64.375,64.375,0
1786403540539,3000,Minimum,4471,4471,0.3,-1,64.375,64.375,0
1786403540639,3000,Minimum,4471,4471,0.3,-1,64.375,64.375,0
1786403540739,3000,Minimum,4471,4471,0.3,-1,64.375,64.375,0
1786403540839,3000,Minimum,4471,4471,0.3,-1,64.375,64.375,0
1786403540939,3000,Minimum,4471,4471,0.3,-1,64.375,64.375,0
1786403541039,3000,Minimum,4471,4471,0.3,-1,64.3125,64.3125,0
1786403541139,3000,Minimum,4471,4471,0.3,-1,64.3125,64.3125,0
1786403541239,3000,Minimum,4471,4471,0.3,-1,64.3125,64.3125,0
1786403541339,3000,Minimum,4471,4471,0.3,-1,64.3125,64.3125,0
1786403541439,3000,Minimum,4471,4471,0.3,-1,64.3125,64.3125,0
1786403541539,3000,Minimum,4471,4471,0.3,-1,64.3125,64.3125,0
1786403541639,3000,Minimum,4471,4471,0.3,-1,64.3125,64.3125,0
1786403541739,3000,Minimum,4471,4471,0.3,-1,64.3125,64.3125,0
1786403541842,3000,Minimum,4471,4471,0.3,-1,64.3125,64.3125,0
1786403541939,3000,Minimum,4471,4471,0.3,-1,64.3125,64.3125,0
1786403542039,3000,Minimum,4471,4471,0.3,-1,64.25,64.25,0
1786403542139,3000,Minimum,4471,4471,0.3,-1,64.25,64.25,0
1786403542239,3000,Minimum,4471,4471,0.3,-1,64.25,64.25,0
1786403542339,3000,Minimum,4471,4471,0.3,-1,64.25,64.25,0
1786403542439,3000,Minimum,4471,4471,0.3,-1,64.25,64.25,0
1786403542539,3000,Minimum,4471,4471,0.3,-1,64.25,64.25,0
1786403542639,3000,Minimum,4471,4471,0.3,-1,64.25,64.25,0
1786403542739,3000,Minimum,4471,4471,0.3,-1,64.25,64.25,0
1786403542839,3000,Minimum,4471,4471,0.3,-1,64.25,64.25,0
1786403542939,3000,Minimum,4471,4471,0.3,-1,64.25,64.25,0
1786403543039,3000,Minimum,4471,4471,0.3,-1,64.3125,64.3125,0
1786403543139,3000,Minimum,4471,4471,0.3,-1,64.3125,64.3125,0
1786403543239,3000,Minimum,4471,4471,0.3,-1,64.3125,64.3125,0
1786403543339,3000,Minimum,4471,4471,0.3,-1,64.3125,64.3125,0
1786403543442,3000,Minimum,4471,4471,0.3,-1,64.3125,64.3125,0
1786403543539,3000,Minimum,4471,4471,0.3,-1,64.3125,64.3125,0
1786403543639,3000,Minimum,4471,4471,0.3,-1,64.3125,64.3125,0
1786403543739,3000,Minimum,4471,4471,0.3,-1,64.3125,64.3125,0
1786403543839,3000,Minimum,4471,4471,0.3,-1,64.3125,64.3125,0
1786403543939,3000,Minimum,4471,4471,0.3,-1,64.3125,64.3125,0
1786403544039,3000,Minimum,4471,4471,0.3,-1,64.3125,64.3125,0
1786403544139,3000,Minimum,4471,4471,0.3,-1,64.3125,64.3125,0
1786403544239,3000,Minimum,4471,4471,0.3,-1,64.3125,64.3125,0
1786403544339,3000,Minimum,4471,4471,0.3,-1,64.3125,64.3125,0
1786403544439,3000,Minimum,4471,4471,0.3,-1,64.3125,64.3125,0
1786403544539,3000,Minimum,4471,4471,0.3,-1,64.3125,64.3125,0
1786403544639,3000,Minimum,4471,4471,0.3,-1,64.3125,64.3125,0
1786403544739,3000,Minimum,4471,4471,0.3,-1,64.3125,64.3125,0
1786403544839,3000,Minimum,4471,4471,0.3,-1,64.3125,64.3125,0
1786403544939,3000,Minimum,4471,4471,0.3,-1,64.3125,64.3125,0
1786403545042,3000,Minimum,4471,4471,0.3,-1,64.3125,64.3125,0
1786403545139,3000,Minimum,4471,4471,0.3,-1,64.3125,64.3125,0
1786403545239,3000,Minimum,4471,4471,0.3,-1,64.3125,64.3125,0
1786403545339,3000,Minimum,4471,4471,0.3,-1,64.3125,64.3125,0
1786403545439,3000,Minimum,4471,4471,0.3,-1,64.3125,64.3125,0
1786403545539,3000,Minimum,4471,4471,0.3,-1,64.3125,64.3125,0
1786403545639,3000,Minimum,4471,4471,0.3,-1,64.3125,64.3125,0
1786403545739,3000,Minimum,4471,4471,0.3,-1,64.3125,64.3125,0
1786403545839,3000,Minimum,4471,4471,0.3,-1,64.3125,64.3125,0
1786403545939,3000,Minimum,4471,4471,0.3,-1,64.3125,64.3125,0
1786403546039,3000,Minimum,4471,4471,0.3,-1,64.3125,64.3125,0
1786403546139,3000,Minimum,4471,4471,0.3,-1,64.3125,64.3125,0
1786403546239,3000,Minimum,4471,4471,0.3,-1,64.3125,64.3125,0
1786403546339,3000,Minimum,4471,4471,0.3,-1,64.3125,64.3125,0
1786403546439,3000,Minimum,4471,4471,0.3,-1,64.3125,64.3125,0
1786403546539,3000,Minimum,4471,4471,0.3,-1,64.3125,64.3125,0
1786403546639,3000,Minimum,4471,4471,0.3,-1,64.3125,64.3125,0
1786403546739,3000,Minimum,4471,4471,0.3,-1,64.3125,64.3125,0
1786403546839,3000,Minimum,4471,4471,0.3,-1,64.3125,64.3125,0
1786403546939,3000,Minimum,4471,4471,0.3,-1,64.3125,64.3125,0
1786403547039,3000,Minimum,4471,4471,0.3,-1,64.25,64.25,0
1786403547139,3000,Minimum,4471,4471,0.3,-1,64.25,64.25,0
1786403547241,3000,Minimum,4471,4471,0.3,-1,64.25,64.25,0
1786403547339,3000,Minimum,4471,4471,0.3,-1,64.25,64.25,0
1786403547439,3000,Minimum,4471,4471,0.3,-1,64.25,64.25,0
1786403547539,3000,Minimum,4471,4471,0.3,-1,64.25,64.25,0
1786403547639,3000,Minimum,4471,4471,0.3,-1,64.25,64.25,0
1786403547739,3000,Minimum,4471,4471,0.3,-1,64.25,64.25,0
1786403547839,3000,Minimum,4471,4471,0.3,-1,64.25,64.25,0
1786403547939,3000,Minimum,4471,4471,0.3,-1,64.25,64.25,0
1786403548039,3000,Minimum,4471,4471,0.3,-1,64.375,64.375,0
1786403548139,3000,Minimum,4471,4471,0.3,-1,64.375,64.375,0
1786403548239,3000,Minimum,4471,4471,0.3,-1,64.375,64.375,0
1786403548339,3000,Minimum,4471,4471,0.3,-1,64.375,64.375,0
1786403548439,3000,Minimum,4471,4471,0.3,-1,64.375,64.375,0
1786403548542,3000,Minimum,4471,4471,0.3,-1,64.375,64.375,0
1786403548639,3000,Minimum,4471,4471,0.3,-1,64.375,64.375,0
1786403548739,3000,Minimum,4471,4471,0.3,-1,64.375,64.375,0
1786403548839,3000,Minimum,4471,4471,0.3,-1,64.375,64.375,0
1786403548939,3000,Minimum,4471,4471,0.3,-1,64.375,64.375,0
1786403549039,3000,Minimum,4471,4471,0.3,-1,64.3125,64.3125,0
1786403549139,3000,Minimum,4471,4471,0.3,-1,64.3125,64.3125,0
1786403549239,3000,Minimum,4471,4471,0.3,-1,64.3125,64.3125,0
1786403549339,3000,Minimum,4471,4471,0.3,-1,64.3125,64.3125,0
1786403549439,3000,Minimum,4471,4471,0.3,-1,64.3125,64.3125,0
1786403549539,3000,Minimum,4471,4471,0.3,-1,64.3125,64.3125,0
1786403549639,3000,Minimum,4471,4471,0.3,-1,64.3125,64.3125,0
1786403549739,3000,Minimum,4471,4471,0.3,-1,64.3125,64.3125,0
1786403549839,3000,Minimum,4471,4471,0.3,-1,64.3125,64.3125,0
1786403549939,3000,Minimum,4471,4471,0.3,-1,64.3125,64.3125,0
1786403550039,3000,Minimum,4471,4471,0.3,-1,64.25,64.25,0
1786403550139,3000,Minimum,4471,4471,0.3,-1,64.25,64.25,0
1786403550239,3000,Minimum,4471,4471,0.3,-1,64.25,64.25,0
1786403550339,3000,Minimum,4471,4471,0.3,-1,64.25,64.25,0
1786403550439,3000,Minimum,4471,4471,0.3,-1,64.25,64.25,0
1786403550539,3000,Minimum,4471,4471,0.3,-1,64.25,64.25,0
1786403550639,3000,Minimum,4471,4471,0.3,-1,64.25,64.25,0
1786403550739,3000,Minimum,4471,4471,0.3,-1,64.25,64.25,0
1786403550839,3000,Minimum,4471,4471,0.3,-1,64.25,64.25,0
1786403550939,3000,Minimum,4471,4471,0.3,-1,64.25,64.25,0
1786403551039,3000,Minimum,4471,4471,0.3,-1,64.375,64.375,0
1786403551139,3000,Minimum,4471,4471,0.3,-1,64.375,64.375,0
1786403551239,3000,Minimum,4471,4471,0.3,-1,64.375,64.375,0
1786403551339,3000,Minimum,4471,4471,0.3,-1,64.375,64.375,0
1786403551439,3000,Minimum,4471,4471,0.3,-1,64.375,64.375,0
1786403551539,3000,Minimum,4471,4471,0.3,-1,64.375,64.375,0
1786403551639,3000,Minimum,4471,4471,0.3,-1,64.375,64.375,0
1786403551739,3000,Minimum,4471,4471,0.3,-1,64.375,64.375,0
1786403551839,3000,Minimum,4471,4471,0.3,-1,64.375,64.375,0
1786403551942,3000,Minimum,4471,4471,0.3,-1,64.375,64.375,0
1786403552039,3000,Minimum,4471,4471,0.3,-1,64.3125,64.3125,0
1786403552139,3000,Minimum,4471,4471,0.3,-1,64.3125,64.3125,0
1786403552239,3000,Minimum,4471,4471,0.3,-1,64.3125,64.3125,0
1786403552339,3000,Minimum,4471,4471,0.3,-1,64.3125,64.3125,0
1786403552439,3000,Minimum,4471,4471,0.3,-1,64.3125,64.3125,0
1786403552539,3000,Minimum,4471,4471,0.3,-1,64.3125,64.3125,0
1786403552639,3000,Minimum,4471,4471,0.3,-1,64.3125,64.3125,0
1786403552739,3000,Minimum,4471,4471,0.3,-1,64.3125,64.3125,0
1786403552839,3000,Minimum,4471,4471,0.3,-1,64.3125,64.3125,0
1786403552939,3000,Minimum,4471,4471,0.3,-1,64.3125,64.3125,0
1786403553039,3000,Minimum,4471,4471,0.3,-1,64.375,64.375,0
1786403553139,3000,Minimum,4471,4471,0.3,-1,64.375,64.375,0
1786403553239,3000,Minimum,4471,4471,0.3,-1,64.375,64.375,0
1786403553339,3000,Minimum,4471,4471,0.3,-1,64.375,64.375,0
1786403553439,3000,Minimum,4471,4471,0.3,-1,64.375,64.375,0
1786403553539,3000,Minimum,4471,4471,0.3,-1,64.375,64.375,0
1786403553639,3000,Minimum,4471,4471,0.3,-1,64.375,64.375,0
1786403553739,3000,Minimum,4471,4471,0.3,-1,64.375,64.375,0
1786403553839,3000,Minimum,4471,4471,0.3,-1,64.375,64.375,0
1786403553939,3000,Minimum,4471,4471,0.3,-1,64.375,64.375,0
1786403554039,3000,Minimum,4471,4471,0.3,-1,64.25,64.25,0
1786403554139,3000,Minimum,4471,4471,0.3,-1,64.25,64.25,0
1786403554239,3000,Minimum,4471,4471,0.3,-1,64.25,64.25,0
1786403554339,3000,Minimum,4471,4471,0.3,-1,64.25,64.25,0
1786403554439,3000,Minimum,4471,4471,0.3,-1,64.25,64.25,0
1786403554539,3000,Minimum,4471,4471,0.3,-1,64.25,64.25,0
1786403554639,3000,Minimum,4471,4471,0.3,-1,64.25,64.25,0
1786403554739,3000,Minimum,4471,4471,0.3,-1,64.25,64.25,0
1786403554839,3000,Minimum,4471,4471,0.3,-1,64.25,64.25,0
1786403554939,3000,Minimum,4471,4471,0.3,-1,64.25,64.25,0
1786403555039,3000,Minimum,4471,4471,0.3,-1,64.375,64.375,0
1786403555139,3000,Minimum,4471,4471,0.3,-1,64.375,64.375,0
1786403555239,3000,Minimum,4471,4471,0.3,-1,64.375,64.375,0
1786403555339,3000,Minimum,4471,4471,0.3,-1,64.375,64.375,0
1786403555439,3000,Minimum,4471,4471,0.3,-1,64.375,64.375,0
1786403555539,3000,Minimum,4471,4471,0.3,-1,64.375,64.375,0
1786403555639,3000,Minimum,4471,4471,0.3,-1,64.375,64.375,0
1786403555739,3000,Minimum,4471,4471,0.3,-1,64.375,64.375,0
1786403555839,3000,Minimum,4471,4471,0.3,-1,64.375,64.375,0
1786403555939,3000,Minimum,4471,4471,0.3,-1,64.375,64.375,0
1786403556039,3000,Minimum,4471,4471,0.3,-1,64.3125,64.3125,0
1786403556139,3000,Minimum,4471,4471,0.3,-1,64.3125,64.3125,0
1786403556239,3000,Minimum,4471,4471,0.3,-1,64.3125,64.3125,0
1786403556339,3000,Minimum,4471,4471,0.3,-1,64.3125,64.3125,0
1786403556439,3000,Minimum,4471,4471,0.3,-1,64.3125,64.3125,0
1786403556539,3000,Minimum,4471,4471,0.3,-1,64.3125,64.3125,0
1786403556639,3000,Minimum,4471,4471,0.3,-1,64.3125,64.3125,0
1786403556739,3000,Minimum,4471,4471,0.3,-1,64.3125,64.3125,0
1786403556839,3000,Minimum,4471,4471,0.3,-1,64.3125,64.3125,0
1786403556939,3000,Minimum,4471,4471,0.3,-1,64.3125,64.3125,0
1786403557039,3000,Minimum,4471,4471,0.3,-1,64.25,64.25,0
1786403557142,3000,Minimum,4471,4471,0.3,-1,64.25,64.25,0
1786403557239,3000,Minimum,4471,4471,0.3,-1,64.25,64.25,0
1786403557339,3000,Minimum,4471,4471,0.3,-1,64.25,64.25,0
1786403557439,3000,Minimum,4471,4471,0.3,-1,64.25,64.25,0
1786403557539,3000,Minimum,4471,4471,0.3,-1,64.25,64.25,0
1786403557639,3000,Minimum,4471,4471,0.3,-1,64.25,64.25,0
1786403557739,3000,Minimum,4471,4471,0.3,-1,64.25,64.25,0
1786403557839,3000,Minimum,4471,4471,0.3,-1,64.25,64.25,0
1786403557939,3000,Minimum,4471,4471,0.3,-1,64.25,64.25,0
1786403558039,3000,Minimum,4471,4471,0.3,-1,64.3125,64.3125,0
1786403558139,3000,Minimum,4471,4471,0.3,-1,64.3125,64.3125,0
1786403558239,3000,Minimum,4471,4471,0.3,-1,64.3125,64.3125,0
1786403558342,3000,Minimum,4471,4471,0.3,-1,64.3125,64.3125,0
1786403558439,3000,Minimum,4471,4471,0.3,-1,64.3125,64.3125,0
1786403558539,3000,Minimum,4471,4471,0.3,-1,64.3125,64.3125,0
1786403558639,3000,Minimum,4471,4471,0.3,-1,64.3125,64.3125,0
1786403558739,3000,Minimum,4471,4471,0.3,-1,64.3125,64.3125,0
1786403558839,3000,Minimum,4471,4471,0.3,-1,64.3125,64.3125,0
1786403558939,3000,Minimum,4471,4471,0.3,-1,64.3125,64.3125,0
1786403559039,3000,Minimum,4471,4471,0.3,-1,64.3125,64.3125,0
1786403559139,3000,Minimum,4471,4471,0.3,-1,64.3125,64.3125,0
1786403559239,3000,Minimum,4471,4471,0.3,-1,64.3125,64.3125,0
1786403559339,3000,Minimum,4471,4471,0.3,-1,64.3125,64.3125,0
1786403559439,3000,Minimum,4471,4471,0.3,-1,64.3125,64.3125,0
1786403559539,3000,Minimum,4471,4471,0.3,-1,64.3125,64.3125,0
1786403559639,3000,Minimum,4471,4471,0.3,-1,64.3125,64.3125,0
1786403559739,3000,Minimum,4471,4471,0.3,-1,64.3125,64.3125,0
1786403559839,3000,Minimum,4471,4471,0.3,-1,64.3125,64.3125,0
1786403559939,3000,Minimum,4471,4471,0.3,-1,64.3125,64.3125,0
1786403560039,3000,Minimum,4471,4471,0.3,-1,64.3125,64.3125,0
1786403560139,3000,Minimum,4471,4471,0.3,-1,64.3125,64.3125,0
1786403560239,3000,Minimum,4471,4471,0.3,-1,64.3125,64.3125,0
1786403560339,3000,Minimum,4471,4471,0.3,-1,64.3125,64.3125,0
1786403560439,3000,Minimum,4471,4471,0.3,-1,64.3125,64.3125,0
1786403560539,3000,Minimum,4471,4471,0.3,-1,64.3125,64.3125,0
1786403560639,3000,Minimum,4471,4471,0.3,-1,64.3125,64.3125,0
1786403560739,3000,Minimum,4471,4471,0.3,-1,64.3125,64.3125,0
1786403560839,3000,Minimum,4471,4471,0.3,-1,64.3125,64.3125,0
1786403560939,3000,Minimum,4471,4471,0.3,-1,64.3125,64.3125,0
1786403561039,3000,Minimum,4471,4471,0.3,-1,64.3125,64.3125,0
1786403561139,3000,Minimum,4471,4471,0.3,-1,64.3125,64.3125,0
1786403561239,3000,Minimum,4471,4471,0.3,-1,64.3125,64.3125,0
1786403561339,3000,Minimum,4471,4471,0.3,-1,64.3125,64.3125,0
1786403561442,3000,Minimum,4471,4471,0.3,-1,64.3125,64.3125,0
1786403561539,3000,Minimum,4471,4471,0.3,-1,64.3125,64.3125,0
1786403561639,3000,Minimum,4471,4471,0.3,-1,64.3125,64.3125,0
1786403561739,3000,Minimum,4471,4471,0.3,-1,64.3125,64.3125,0
1786403561839,3000,Minimum,4471,4471,0.3,-1,64.3125,64.3125,0
1786403561939,3000,Minimum,4471,4471,0.3,-1,64.3125,64.3125,0
1786403562039,3000,Minimum,4471,4471,0.3,-1,64.375,64.375,0
1786403562139,3000,Minimum,4471,4471,0.3,-1,64.375,64.375,0
1786403562239,3000,Minimum,4471,4471,0.3,-1,64.375,64.375,0
1786403562339,3000,Minimum,4471,4471,0.3,-1,64.375,64.375,0
1786403562439,3000,Minimum,4471,4471,0.3,-1,64.375,64.375,0
1786403562539,3000,Minimum,4471,4471,0.3,-1,64.375,64.375,0
1786403562639,3000,Minimum,4471,4471,0.3,-1,64.375,64.375,0
1786403562739,3000,Minimum,4471,4471,0.3,-1,64.375,64.375,0
1786403562839,3000,Minimum,4471,4471,0.3,-1,64.375,64.375,0
1786403562939,3000,Minimum,4471,4471,0.3,-1,64.375,64.375,0
1786403563039,3000,Minimum,4471,4471,0.3,-1,64.375,64.375,0
1786403563139,3000,Minimum,4471,4471,0.3,-1,64.375,64.375,0
1786403563239,3000,Minimum,4471,4471,0.3,-1,64.375,64.375,0
1786403563339,3000,Minimum,4471,4471,0.3,-1,64.375,64.375,0
1786403563439,3000,Minimum,4471,4471,0.3,-1,64.375,64.375,0
1786403563539,3000,Minimum,4471,4471,0.3,-1,64.375,64.375,0
1786403563639,3000,Minimum,4471,4471,0.3,-1,64.375,64.375,0
1786403563739,3000,Minimum,4471,4471,0.3,-1,64.375,64.375,0
1786403563839,3000,Minimum,4471,4471,0.3,-1,64.375,64.375,0
1786403563939,3000,Minimum,4471,4471,0.3,-1,64.375,64.375,0
1786403564039,3000,Minimum,4471,4471,0.3,-1,64.375,64.375,0
1786403564139,3000,Minimum,4471,4471,0.3,-1,64.375,64.375,0
1786403564239,3000,Minimum,4471,4471,0.3,-1,64.375,64.375,0
1786403564339,3000,Minimum,4471,4471,0.3,-1,64.375,64.375,0
1786403564439,3000,Minimum,4471,4471,0.3,-1,64.375,64.375,0
1786403564539,3000,Minimum,4471,4471,0.3,-1,64.375,64.375,0
1786403564642,3000,Minimum,4471,4471,0.3,-1,64.375,64.375,0
1786403564739,3000,Minimum,4471,4471,0.3,-1,64.375,64.375,0
1786403564839,3000,Minimum,4471,4471,0.3,-1,64.375,64.375,0
1786403564939,3000,Minimum,4471,4471,0.3,-1,64.375,64.375,0
1786403565039,3000,Minimum,4471,4471,0.3,-1,64.3125,64.3125,0
1786403565139,3000,Minimum,4471,4471,0.3,-1,64.3125,64.3125,0
1786403565239,3000,Minimum,4471,4471,0.3,-1,64.3125,64.3125,0
1786403565339,3000,Minimum,4471,4471,0.3,-1,64.3125,64.3125,0
1786403565439,3000,Minimum,4471,4471,0.3,-1,64.3125,64.3125,0
1786403565539,3000,Minimum,4471,4471,0.3,-1,64.3125,64.3125,0
1786403565639,3000,Minimum,4471,4471,0.3,-1,64.3125,64.3125,0
1786403565739,3000,Minimum,4471,4471,0.3,-1,64.3125,64.3125,0
1786403565839,3000,Minimum,4471,4471,0.3,-1,64.3125,64.3125,0
1786403565939,3000,Minimum,4471,4471,0.3,-1,64.3125,64.3125,0
1786403566039,3000,Minimum,4471,4471,0.3,-1,64.3125,64.3125,0
1786403566139,3000,Minimum,4471,4471,0.3,-1,64.3125,64.3125,0
1786403566239,3000,Minimum,4471,4471,0.3,-1,64.3125,64.3125,0
1786403566339,3000,Minimum,4471,4471,0.3,-1,64.3125,64.3125,0
1786403566439,3000,Minimum,4471,4471,0.3,-1,64.3125,64.3125,0
1786403566539,3000,Minimum,4471,4471,0.3,-1,64.3125,64.3125,0
1786403566639,3000,Minimum,4471,4471,0.3,-1,64.3125,64.3125,0
1786403566739,3000,Minimum,4471,4471,0.3,-1,64.3125,64.3125,0
1786403566839,3000,Minimum,4471,4471,0.3,-1,64.3125,64.3125,0
1786403566939,3000,Minimum,4471,4471,0.3,-1,64.3125,64.3125,0
1786403567039,3000,Minimum,4471,4471,0.3,-1,64.3125,64.3125,0
1786403567139,3000,Minimum,4471,4471,0.3,-1,64.3125,64.3125,0
1786403567242,3000,Minimum,4471,4471,0.3,-1,64.3125,64.3125,0
1786403567339,3000,Minimum,4471,4471,0.3,-1,64.3125,64.3125,0
1786403567439,3000,Minimum,4471,4471,0.3,-1,64.3125,64.3125,0
1786403567539,3000,Minimum,4471,4471,0.3,-1,64.3125,64.3125,0
1786403567639,3000,Minimum,4471,4471,0.3,-1,64.3125,64.3125,0
1786403567739,3000,Minimum,4471,4471,0.3,-1,64.3125,64.3125,0
1786403567839,3000,Minimum,4471,4471,0.3,-1,64.3125,64.3125,0
1786403567939,3000,Minimum,4471,4471,0.3,-1,64.3125,64.3125,0
1786403568039,3000,Minimum,4471,4471,0.3,-1,64.3125,64.3125,0
1786403568142,3000,Minimum,4471,4471,0.3,-1,64.3125,64.3125,0
1786403568239,3000,Minimum,4471,4471,0.3,-1,64.3125,64.3125,0
1786403568339,3000,Minimum,4471,4471,0.3,-1,64.3125,64.3125,0
1786403568439,3000,Minimum,4471,4471,0.3,-1,64.3125,64.3125,0
1786403568539,3000,Minimum,4471,4471,0.3,-1,64.3125,64.3125,0
1786403568639,3000,Minimum,4471,4471,0.3,-1,64.3125,64.3125,0
1786403568739,3000,Minimum,4471,4471,0.3,-1,64.3125,64.3125,0
1786403568839,3000,Minimum,4471,4471,0.3,-1,64.3125,64.3125,0
1786403568939,3000,Minimum,4471,4471,0.3,-1,64.3125,64.3125,0
1786403569039,3000,Minimum,4471,4471,0.3,-1,64.375,64.375,0
1786403569139,3000,Minimum,4471,4471,0.3,-1,64.375,64.375,0
1786403569239,3000,Minimum,4471,4471,0.3,-1,64.375,64.375,0
1786403569339,3000,Minimum,4471,4471,0.3,-1,64.375,64.375,0
1786403569439,3000,Minimum,4471,4471,0.3,-1,64.375,64.375,0
1786403569539,3000,Minimum,4471,4471,0.3,-1,64.375,64.375,0
1786403569639,3000,Minimum,4471,4471,0.3,-1,64.375,64.375,0
1786403569739,3000,Minimum,4471,4471,0.3,-1,64.375,64.375,0
1786403569842,3000,Minimum,4471,4471,0.3,-1,64.375,64.375,0
1786403569939,3000,Minimum,4471,4471,0.3,-1,64.375,64.375,0
1786403570039,3000,Minimum,4471,4471,0.3,-1,64.375,64.375,0
1786403570142,3000,Minimum,4471,4471,0.3,-1,64.375,64.375,0
1786403570239,3000,Minimum,4471,4471,0.3,-1,64.375,64.375,0
1786403570339,3000,Minimum,4471,4471,0.3,-1,64.375,64.375,0
1786403570439,3000,Minimum,4471,4471,0.3,-1,64.375,64.375,0
1786403570539,3000,Minimum,4471,4471,0.3,-1,64.375,64.375,0
1786403570639,3000,Minimum,4471,4471,0.3,-1,64.375,64.375,0
1786403570739,3000,Minimum,4471,4471,0.3,-1,64.375,64.375,0
1786403570839,3000,Minimum,4471,4471,0.3,-1,64.375,64.375,0
1786403570939,3000,Minimum,4471,4471,0.3,-1,64.375,64.375,0
1786403571039,3000,Minimum,4471,4471,0.3,-1,64.375,64.375,0
1786403571139,3000,Minimum,4471,4471,0.3,-1,64.375,64.375,0
1786403571239,3000,Minimum,4471,4471,0.3,-1,64.375,64.375,0
1786403571339,3000,Minimum,4471,4471,0.3,-1,64.375,64.375,0
1786403571439,3000,Minimum,4471,4471,0.3,-1,64.375,64.375,0
1786403571539,3000,Minimum,4471,4471,0.3,-1,64.375,64.375,0
1786403571639,3000,Minimum,4471,4471,0.3,-1,64.375,64.375,0
1786403571739,3000,Minimum,4471,4471,0.3,-1,64.375,64.375,0
1786403571839,3000,Minimum,4471,4471,0.3,-1,64.375,64.375,0
1786403571939,3000,Minimum,4471,4471,0.3,-1,64.375,64.375,0
1786403572039,3000,Minimum,4471,4471,0.3,-1,64.375,64.375,0
1786403572139,3000,Minimum,4471,4471,0.3,-1,64.375,64.375,0
1786403572239,3000,Minimum,4471,4471,0.3,-1,64.375,64.375,0
1786403572339,3000,Minimum,4471,4471,0.3,-1,64.375,64.375,0
1786403572439,3000,Minimum,4471,4471,0.3,-1,64.375,64.375,0
1786403572539,3000,Minimum,4471,4471,0.3,-1,64.375,64.375,0
1786403572639,3000,Minimum,4471,4471,0.3,-1,64.375,64.375,0
1786403572739,3000,Minimum,4471,4471,0.3,-1,64.375,64.375,0
1786403572839,3000,Minimum,4471,4471,0.3,-1,64.375,64.375,0
1786403572942,3000,Minimum,4471,4471,0.3,-1,64.375,64.375,0
1786403573039,3000,Minimum,4471,4471,0.3,-1,64.25,64.25,0
1786403573139,3000,Minimum,4471,4471,0.3,-1,64.25,64.25,0
1786403573239,3000,Minimum,4471,4471,0.3,-1,64.25,64.25,0
1786403573339,3000,Minimum,4471,4471,0.3,-1,64.25,64.25,0
1786403573439,3000,Minimum,4471,4471,0.3,-1,64.25,64.25,0
1786403573539,3000,Minimum,4471,4471,0.3,-1,64.25,64.25,0
1786403573639,3000,Minimum,4471,4471,0.3,-1,64.25,64.25,0
1786403573739,3000,Minimum,4471,4471,0.3,-1,64.25,64.25,0
1786403573839,3000,Minimum,4471,4471,0.3,-1,64.25,64.25,0
1786403573939,3000,Minimum,4471,4471,0.3,-1,64.25,64.25,0
1786403574039,3000,Minimum,4471,4471,0.3,-1,64.4375,64.4375,0
1786403574139,3000,Minimum,4471,4471,0.3,-1,64.4375,64.4375,0
1786403574239,3000,Minimum,4471,4471,0.3,-1,64.4375,64.4375,0
1786403574339,3000,Minimum,4471,4471,0.3,-1,64.4375,64.4375,0
1786403574439,3000,Minimum,4471,4471,0.3,-1,64.4375,64.4375,0
1786403574539,3000,Minimum,4471,4471,0.3,-1,64.4375,64.4375,0
1786403574639,3000,Minimum,4471,4471,0.3,-1,64.4375,64.4375,0
1786403574739,3000,Minimum,4471,4471,0.3,-1,64.4375,64.4375,0
1786403574839,3000,Minimum,4471,4471,0.3,-1,64.4375,64.4375,0
1786403574939,3000,Minimum,4471,4471,0.3,-1,64.4375,64.4375,0
1786403575039,3000,Minimum,4471,4471,0.3,-1,64.3125,64.3125,0
1786403575139,3000,Minimum,4471,4471,0.3,-1,64.3125,64.3125,0
1786403575239,3000,Minimum,4471,4471,0.3,-1,64.3125,64.3125,0
1786403575342,3000,Minimum,4471,4471,0.3,-1,64.3125,64.3125,0
1786403575439,3000,Minimum,4471,4471,0.3,-1,64.3125,64.3125,0
1786403575539,3000,Minimum,4471,4471,0.3,-1,64.3125,64.3125,0
1786403575639,3000,Minimum,4471,4471,0.3,-1,64.3125,64.3125,0
1786403575739,3000,Minimum,4471,4471,0.3,-1,64.3125,64.3125,0
1786403575839,3000,Minimum,4471,4471,0.3,-1,64.3125,64.3125,0
1786403575939,3000,Minimum,4471,4471,0.3,-1,64.3125,64.3125,0
1786403576039,3000,Minimum,4471,4471,0.3,-1,64.5625,64.5625,0
1786403576139,3000,Minimum,4471,4471,0.3,-1,64.5625,64.5625,0
1786403576239,3000,Minimum,4471,4471,0.3,-1,64.5625,64.5625,0
1786403576339,3000,Minimum,4471,4471,0.3,-1,64.5625,64.5625,0
1786403576439,3000,Minimum,4471,4471,0.3,-1,64.5625,64.5625,0
1786403576539,3000,Minimum,4471,4471,0.3,-1,64.5625,64.5625,0
1786403576639,3000,Minimum,4471,4471,0.3,-1,64.5625,64.5625,0
1786403576739,3000,Minimum,4471,4471,0.3,-1,64.5625,64.5625,0
1786403576839,3000,Minimum,4471,4471,0.3,-1,64.5625,64.5625,0
1786403576939,3000,Minimum,4471,4471,0.3,-1,64.5625,64.5625,0
1786403577039,3000,Minimum,4471,4471,0.3,-1,65.25,65.25,0
1786403577139,3000,Minimum,4471,4471,0.3,-1,65.25,65.25,0
1786403577239,3000,Minimum,4471,4471,0.3,-1,65.25,65.25,0
1786403577339,3000,Minimum,4471,4471,0.3,-1,65.25,65.25,0
1786403577439,3000,Minimum,4471,4471,0.3,-1,65.25,65.25,0
1786403577539,3000,Minimum,4471,4471,0.3,-1,65.25,65.25,0
1786403577639,3000,Minimum,4471,4471,0.3,-1,65.25,65.25,0
1786403577739,3000,Minimum,4471,4471,0.3,-1,65.25,65.25,0
1786403577841,3000,Minimum,4471,4471,0.3,-1,65.25,65.25,0
1786403577939,3000,Minimum,4471,4471,0.3,-1,65.25,65.25,0
1786403578039,3000,Minimum,4471,4471,0.3,-1,66,66,0
1786403578139,3000,Minimum,4471,4471,0.3,-1,66,66,0
1786403578239,3000,Minimum,4471,4471,0.3,-1,66,66,0
1786403578339,3000,Minimum,4471,4471,0.3,-1,66,66,0
1786403578439,3000,Minimum,4471,4471,0.3,-1,66,66,0
1786403578539,3000,Minimum,4471,4471,0.3,-1,66,66,0
1786403578639,3000,Minimum,4471,4471,0.3,-1,66,66,0
1786403578739,3000,Minimum,4471,4471,0.3,-1,66,66,0
1786403578839,3000,Minimum,4471,4471,0.3,-1,66,66,0
1786403578939,3000,Minimum,4471,4471,0.3,-1,66,66,0
1786403579039,3000,Minimum,4471,4471,0.3,-1,67.0625,67.0625,0
1786403579139,3000,Minimum,4471,4471,0.3,-1,67.0625,67.0625,0
1786403579239,3000,Minimum,4471,4471,0.3,-1,67.0625,67.0625,0
1786403579342,3000,Minimum,4471,4471,0.3,-1,67.0625,67.0625,0
1786403579439,3000,Minimum,4471,4471,0.3,-1,67.0625,67.0625,0
1786403579539,3000,Minimum,4471,4471,0.3,-1,67.0625,67.0625,0
1786403579639,3000,Minimum,4471,4471,0.3,-1,67.0625,67.0625,0
1786403579739,3000,Minimum,4471,4471,0.3,-1,67.0625,67.0625,0
1786403579839,3000,Minimum,4471,4471,0.3,-1,67.0625,67.0625,0
1786403579939,3000,Minimum,4471,4471,0.3,-1,67.0625,67.0625,0
1786403580039,3000,Minimum,4471,4471,0.3,-1,68.125,68.125,0
1786403580139,3000,Minimum,4471,4471,0.3,-1,68.125,68.125,0
1786403580239,3000,Minimum,4471,4471,0.3,-1,68.125,68.125,0
1786403580339,3000,Minimum,4471,4471,0.3,-1,68.125,68.125,0
1786403580439,3000,Minimum,4471,4471,0.3,-1,68.125,68.125,0
1786403580539,3000,Minimum,4471,4471,0.3,-1,68.125,68.125,0
1786403580639,3000,Minimum,4471,4471,0.3,-1,68.125,68.125,0
1786403580739,3000,Minimum,4471,4471,0.3,-1,68.125,68.125,0
1786403580842,3000,Minimum,4471,4471,0.3,-1,68.125,68.125,0
1786403580939,3000,Minimum,4471,4471,0.3,-1,68.125,68.125,0
1786403581039,3000,Minimum,4471,4471,0.3,-1,69.3125,69.3125,0
1786403581139,3000,Minimum,4471,4471,0.3,-1,69.3125,69.3125,0
1786403581239,3000,Minimum,4471,4471,0.3,-1,69.3125,69.3125,0
1786403581339,3000,Minimum,4471,4471,0.3,-1,69.3125,69.3125,0
1786403581439,3000,Minimum,4471,4471,0.3,-1,69.3125,69.3125,0
1786403581539,3000,Minimum,4471,4471,0.3,-1,69.3125,69.3125,0
1786403581639,3000,Minimum,4471,4471,0.3,-1,69.3125,69.3125,0
1786403581739,3000,Minimum,4471,4471,0.3,-1,69.3125,69.3125,0
1786403581839,3000,Minimum,4471,4471,0.3,-1,69.3125,69.3125,0
1786403581939,3000,Minimum,4471,4471,0.3,-1,69.3125,69.3125,0
1786403582039,3000,Minimum,4471,4471,0.3,-1,70.5,70.5,0
1786403582139,3000,Minimum,4471,4471,0.3,-1,70.5,70.5,0
1786403582239,3000,Minimum,4471,4471,0.3,-1,70.5,70.5,0
1786403582342,3000,Minimum,4471,4471,0.3,-1,70.5,70.5,0
1786403582439,3000,Minimum,4471,4471,0.3,-1,70.5,70.5,0
1786403582539,3000,Minimum,4471,4471,0.3,-1,70.5,70.5,0
1786403582639,3000,Minimum,4471,4471,0.3,-1,70.5,70.5,0
1786403582739,3000,Minimum,4471,4471,0.3,-1,70.5,70.5,0
1786403582839,3000,Minimum,4471,4471,0.3,-1,70.5,70.5,0
1786403582939,3000,Minimum,4471,4471,0.3,-1,70.5,70.5,0
1786403583039,3000,Minimum,4471,4471,0.3,-1,71.6875,71.6875,0
1786403583139,3000,Minimum,4471,4471,0.3,-1,71.6875,71.6875,0
1786403583239,3000,Minimum,4471,4471,0.3,-1,71.6875,71.6875,0
1786403583339,3000,Minimum,4471,4471,0.3,-1,71.6875,71.6875,0
1786403583439,3000,Minimum,4471,4471,0.3,-1,71.6875,71.6875,0
1786403583539,3000,Minimum,4471,4471,0.3,-1,71.6875,71.6875,0
1786403583639,3000,Minimum,4471,4471,0.3,-1,71.6875,71.6875,0
1786403583739,3000,Minimum,4471,4471,0.3,-1,71.6875,71.6875,0
1786403583839,3000,Minimum,4471,4471,0.3,-1,71.6875,71.6875,0
1786403583939,3000,Minimum,4471,4471,0.3,-1,71.6875,71.6875,0
1786403584039,3000,Minimum,4471,4471,0.3,-1,72.9375,72.9375,0
1786403584139,3000,Minimum,4471,4471,0.3,-1,72.9375,72.9375,0
1786403584239,3000,Minimum,4471,4471,0.3,-1,72.9375,72.9375,0
1786403584339,3000,Minimum,4471,4471,0.3,-1,72.9375,72.9375,0
1786403584439,3000,Minimum,4471,4471,0.3,-1,72.9375,72.9375,0
1786403584539,3000,Minimum,4471,4471,0.3,-1,72.9375,72.9375,0
1786403584639,3000,Minimum,4471,4471,0.3,-1,72.9375,72.9375,0
1786403584742,3000,Minimum,4471,4471,0.3,-1,72.9375,72.9375,0
1786403584839,3000,Minimum,4471,4471,0.3,-1,72.9375,72.9375,0
1786403584939,3000,Minimum,4471,4471,0.3,-1,72.9375,72.9375,0
1786403585039,3000,Minimum,4471,4471,0.3,-1,74.125,74.125,0
1786403585139,3000,Minimum,4471,4471,0.3,-1,74.125,74.125,0
1786403585239,3000,Minimum,4471,4471,0.3,-1,74.125,74.125,0
1786403585339,3000,Minimum,4471,4471,0.3,-1,74.125,74.125,0
1786403585439,3000,Minimum,4471,4471,0.3,-1,74.125,74.125,0
1786403585539,3000,Minimum,4471,4471,0.3,-1,74.125,74.125,0
1786403585639,3000,Minimum,4471,4471,0.3,-1,74.125,74.125,0
1786403585739,3000,Minimum,4471,4471,0.3,-1,74.125,74.125,0
1786403585839,3000,Minimum,4471,4471,0.3,-1,74.125,74.125,0
1786403585939,3000,Minimum,4471,4471,0.3,-1,74.125,74.125,0
1786403586039,3000,Minimum,4471,4471,0.3,-1,75.25,75.25,0
1786403586139,3000,Minimum,4471,4471,0.3,-1,75.25,75.25,0
1786403586239,3000,Minimum,4471,4471,0.3,-1,75.25,75.25,0
1786403586339,3000,Minimum,4471,4471,0.3,-1,75.25,75.25,0
1786403586439,3000,Minimum,4471,4471,0.3,-1,75.25,75.25,0
1786403586539,3000,Minimum,4471,4471,0.3,-1,75.25,75.25,0
1786403586639,3000,Minimum,4471,4471,0.3,-1,75.25,75.25,0
1786403586742,3000,Minimum,4471,4471,0.3,-1,75.25,75.25,0
1786403586839,3000,Minimum,4471,4471,0.3,-1,75.25,75.25,0
1786403586939,3000,Minimum,4471,4471,0.3,-1,75.25,75.25,0
1786403587039,3000,Minimum,4471,4471,0.3,-1,76.5,76.5,0
1786403587139,3000,Minimum,4471,4471,0.3,-1,76.5,76.5,0
1786403587239,3000,Minimum,4471,4471,0.3,-1,76.5,76.5,0
1786403587339,3000,Minimum,4471,4471,0.3,-1,76.5,76.5,0
1786403587439,3000,Minimum,4471,4471,0.3,-1,76.5,76.5,0
1786403587539,3000,Minimum,4471,4471,0.3,-1,76.5,76.5,0
1786403587639,3000,Minimum,4471,4471,0.3,-1,76.5,76.5,0
1786403587739,3000,Minimum,4471,4471,0.3,-1,76.5,76.5,0
1786403587839,3000,Minimum,4471,4471,0.3,-1,76.5,76.5,0
1786403587939,3000,Minimum,4471,4471,0.3,-1,76.5,76.5,0
1786403588039,3000,Minimum,4471,4471,0.3,-1,77.625,77.625,0
1786403588139,3000,Minimum,4471,4471,0.3,-1,77.625,77.625,0
1786403588239,3000,Minimum,4471,4471,0.3,-1,77.625,77.625,0
1786403588339,3000,Minimum,4471,4471,0.3,-1,77.625,77.625,0
1786403588439,3000,Minimum,4471,4471,0.3,-1,77.625,77.625,0
1786403588539,3000,Minimum,4471,4471,0.3,-1,77.625,77.625,0
1786403588639,3000,Minimum,4471,4471,0.3,-1,77.625,77.625,0
1786403588739,3000,Minimum,4471,4471,0.3,-1,77.625,77.625,0
1786403588839,3000,Minimum,4471,4471,0.3,-1,77.625,77.625,0
1786403588939,3000,Minimum,4471,4471,0.3,-1,77.625,77.625,0
1786403589039,3000,Minimum,4471,4471,0.3,-1,78.75,78.75,0
1786403589139,3000,Minimum,4471,4471,0.3,-1,78.75,78.75,0
1786403589239,3000,Minimum,4471,4471,0.3,-1,78.75,78.75,0
1786403589339,3000,Minimum,4471,4471,0.3,-1,78.75,78.75,0
1786403589442,3000,Minimum,4471,4471,0.3,-1,78.75,78.75,0
1786403589539,3000,Minimum,4471,4471,0.3,-1,78.75,78.75,0
1786403589639,3000,Minimum,4471,4471,0.3,-1,78.75,78.75,0
1786403589739,3000,Minimum,4471,4471,0.3,-1,78.75,78.75,0
1786403589839,3000,Minimum,4471,4471,0.3,-1,78.75,78.75,0
1786403589939,3000,Minimum,4471,4471,0.3,-1,78.75,78.75,0
1786403590039,3000,Minimum,4471,4471,0.3,-1,79.875,79.875,0
1786403590139,3000,Minimum,4471,4471,0.3,-1,79.875,79.875,0
1786403590239,3000,Minimum,4471,4471,0.3,-1,79.875,79.875,0
1786403590339,3000,Minimum,4471,4471,0.3,-1,79.875,79.875,0
1786403590439,3000,Minimum,4471,4471,0.3,-1,79.875,79.875,0
1786403590539,3000,Minimum,4471,4471,0.3,-1,79.875,79.875,0
1786403590642,3000,Minimum,4471,4471,0.3,-1,79.875,79.875,0
1786403590739,3000,Minimum,4471,4471,0.3,-1,79.875,79.875,0
1786403590839,3000,Minimum,4471,4471,0.3,-1,79.875,79.875,0
1786403590939,3000,Minimum,4471,4471,0.3,-1,79.875,79.875,0
1786403591039,3000,Minimum,4471,4471,0.3,-1,80.875,80.875,0
1786403591139,3000,Minimum,4471,4471,0.3,-1,80.875,80.875,0
1786403591239,3000,Minimum,4471,4471,0.3,-1,80.875,80.875,0
1786403591339,3000,Minimum,4471,4471,0.3,-1,80.875,80.875,0
1786403591439,3000,Minimum,4471,4471,0.3,-1,80.875,80.875,0
1786403591539,3000,Minimum,4471,4471,0.3,-1,80.875,80.875,0
1786403591639,3000,Minimum,4471,4471,0.3,-1,80.875,80.875,0
1786403591739,3000,Minimum,4471,4471,0.3,-1,80.875,80.875,0
1786403591839,3000,Minimum,4471,4471,0.3,-1,80.875,80.875,0
1786403591939,3000,Minimum,4471,4471,0.3,-1,80.875,80.875,0
1786403592039,3000,Minimum,4471,4471,0.3,-1,82,82,0
1786403592139,3000,Minimum,4471,4471,0.3,-1,82,82,0
1786403592239,3000,Minimum,4471,4471,0.3,-1,82,82,0
1786403592339,3000,Minimum,4471,4471,0.3,-1,82,82,0
1786403592439,3000,Minimum,4471,4471,0.3,-1,82,82,0
1786403592539,3000,Minimum,4471,4471,0.3,-1,82,82,0
1786403592639,3000,Minimum,4471,4471,0.3,-1,82,82,0
1786403592739,3000,Minimum,4471,4471,0.3,-1,82,82,0
1786403592839,3000,Minimum,4471,4471,0.3,-1,82,82,0
1786403592939,3000,Minimum,4471,4471,0.3,-1,82,82,0
1786403593039,3000,Minimum,4471,4471,0.3,-1,83.125,83.125,0
1786403593139,3000,Minimum,4471,4471,0.3,-1,83.125,83.125,0
1786403593239,3000,Minimum,4471,4471,0.3,-1,83.125,83.125,0
1786403593339,3000,Minimum,4471,4471,0.3,-1,83.125,83.125,0
1786403593439,3000,Minimum,4471,4471,0.3,-1,83.125,83.125,0
1786403593539,3000,Minimum,4471,4471,0.3,-1,83.125,83.125,0
1786403593639,3000,Minimum,4471,4471,0.3,-1,83.125,83.125,0
1786403593742,3000,Minimum,4471,4471,0.3,-1,83.125,83.125,0
1786403593839,3000,Minimum,4471,4471,0.3,-1,83.125,83.125,0
1786403593939,3000,Minimum,4471,4471,0.3,-1,83.125,83.125,0
1786403594039,3000,Minimum,4471,4471,0.3,-1,84.1875,84.1875,0
1786403594139,3000,Minimum,4471,4471,0.3,-1,84.1875,84.1875,0
1786403594239,3000,Minimum,4471,4471,0.3,-1,84.1875,84.1875,0
1786403594339,3000,Minimum,4471,4471,0.3,-1,84.1875,84.1875,0
1786403594439,3000,Minimum,4471,4471,0.3,-1,84.1875,84.1875,0
1786403594539,3000,Minimum,4471,4471,0.3,-1,84.1875,84.1875,0
1786403594639,3000,Minimum,4471,4471,0.3,-1,84.1875,84.1875,0
1786403594739,3000,Minimum,4471,4471,0.3,-1,84.1875,84.1875,0
1786403594839,3000,Minimum,4471,4471,0.3,-1,84.1875,84.1875,0
1786403594939,3000,Minimum,4471,4471,0.3,-1,84.1875,84.1875,0
1786403595039,3000,Minimum,4471,4471,0.3,-1,85.1875,85.1875,0
1786403595139,3000,Minimum,4471,4471,0.3,-1,85.1875,85.1875,0
1786403595239,3000,Minimum,4471,4471,0.3,-1,85.1875,85.1875,0
1786403595339,3000,Minimum,4471,4471,0.3,-1,85.1875,85.1875,0
1786403595439,3000,Minimum,4471,4471,0.3,-1,85.1875,85.1875,0
1786403595539,3000,Minimum,4471,4471,0.3,-1,85.1875,85.1875,0
1786403595639,3000,Minimum,4471,4471,0.3,-1,85.1875,85.1875,0
1786403595739,3000,Minimum,4471,4471,0.3,-1,85.1875,85.1875,0
1786403595842,3000,Minimum,4471,4471,0.3,-1,85.1875,85.1875,0
1786403595939,3000,Minimum,4471,4471,0.3,-1,85.1875,85.1875,0
1786403596039,3000,Minimum,4471,4471,0.3,-1,86.1875,86.1875,0
1786403596139,3000,Minimum,4471,4471,0.3,-1,86.1875,86.1875,0
1786403596239,3000,Minimum,4471,4471,0.3,-1,86.1875,86.1875,0
1786403596339,3000,Minimum,4471,4471,0.3,-1,86.1875,86.1875,0
1786403596439,3000,Minimum,4471,4471,0.3,-1,86.1875,86.1875,0
1786403596539,3000,Minimum,4471,4471,0.3,-1,86.1875,86.1875,0
1786403596639,3000,Minimum,4471,4471,0.3,-1,86.1875,86.1875,0
1786403596739,3000,Minimum,4471,4471,0.3,-1,86.1875,86.1875,0
1786403596839,3000,Minimum,4471,4471,0.3,-1,86.1875,86.1875,0
1786403596939,3000,Minimum,4471,4471,0.3,-1,86.1875,86.1875,0
1786403597039,3000,Minimum,4471,4471,0.3,-1,87,87,0
1786403597139,3000,Minimum,4471,4471,0.3,-1,87,87,0
1786403597239,3000,Minimum,4471,4471,0.3,-1,87,87,0
1786403597339,3000,Minimum,4471,4471,0.3,-1,87,87,0
1786403597439,3000,Minimum,4471,4471,0.3,-1,87,87,0
1786403597539,3000,Minimum,4471,4471,0.3,-1,87,87,0
1786403597639,3000,Minimum,4471,4471,0.3,-1,87,87,0
1786403597739,3000,Minimum,4471,4471,0.3,-1,87,87,0
1786403597839,3000,Minimum,4471,4471,0.3,-1,87,87,0
1786403597939,3000,Minimum,4471,4471,0.3,-1,87,87,0
1786403598039,3000,Minimum,4471,4471,0.3,-1,88.125,88.125,0
1786403598139,3000,Minimum,4471,4471,0.3,-1,88.125,88.125,0
1786403598239,3000,Minimum,4471,4471,0.3,-1,88.125,88.125,0
1786403598339,3000,Minimum,4471,4471,0.3,-1,88.125,88.125,0
1786403598439,3000,Minimum,4471,4471,0.3,-1,88.125,88.125,0
1786403598539,3000,Minimum,4471,4471,0.3,-1,88.125,88.125,0
1786403598639,3000,Minimum,4471,4471,0.3,-1,88.125,88.125,0
1786403598739,3000,Minimum,4471,4471,0.3,-1,88.125,88.125,0
1786403598839,3000,Minimum,4471,4471,0.3,-1,88.125,88.125,0
1786403598939,3000,Minimum,4471,4471,0.3,-1,88.125,88.125,0
1786403599039,3000,Minimum,4471,4471,0.3,-1,88.8125,88.8125,0
1786403599139,3000,Minimum,4471,4471,0.3,-1,88.8125,88.8125,0
1786403599239,3000,Minimum,4471,4471,0.3,-1,88.8125,88.8125,0
1786403599339,3000,Minimum,4471,4471,0.3,-1,88.8125,88.8125,0
1786403599439,3000,Minimum,4471,4471,0.3,-1,88.8125,88.8125,0
1786403599539,3000,Minimum,4471,4471,0.3,-1,88.8125,88.8125,0
1786403599639,3000,Minimum,4471,4471,0.3,-1,88.8125,88.8125,0
1786403599739,3000,Minimum,4471,4471,0.3,-1,88.8125,88.8125,0
1786403599839,3000,Minimum,4471,4471,0.3,-1,88.8125,88.8125,0
1786403599939,3000,Minimum,4471,4471,0.3,-1,88.8125,88.8125,0
1786403600039,3000,Minimum,4471,4471,0.3,-1,89.9375,89.9375,0
1786403600142,3000,Minimum,4471,4471,0.3,-1,89.9375,89.9375,0
1786403600239,3000,Minimum,4471,4471,0.3,-1,89.9375,89.9375,0
1786403600339,3000,Minimum,4471,4471,0.3,-1,89.9375,89.9375,0
1786403600439,3000,Minimum,4471,4471,0.3,-1,89.9375,89.9375,0
1786403600539,3000,Minimum,4471,4471,0.3,-1,89.9375,89.9375,0
1786403600639,3000,Minimum,4471,4471,0.3,-1,89.9375,89.9375,0
1786403600739,3000,Minimum,4471,4471,0.3,-1,89.9375,89.9375,0
1786403600839,3000,Minimum,4471,4471,0.3,-1,89.9375,89.9375,0
1786403600939,3000,Minimum,4471,4471,0.3,-1,89.9375,89.9375,0
1786403601039,3000,Minimum,4471,4471,0.3,-1,90.8125,90.8125,0
1786403601139,3000,Minimum,4471,4471,0.3,-1,90.8125,90.8125,0
1786403601239,3000,Minimum,4471,4471,0.3,-1,90.8125,90.8125,0
1786403601339,3000,Minimum,4471,4471,0.3,-1,90.8125,90.8125,0
1786403601439,3000,Minimum,4471,4471,0.3,-1,90.8125,90.8125,0
1786403601539,3000,Minimum,4471,4471,0.3,-1,90.8125,90.8125,0
1786403601642,3000,Minimum,4471,4471,0.3,-1,90.8125,90.8125,0
1786403601739,3000,Minimum,4471,4471,0.3,-1,90.8125,90.8125,0
1786403601839,3000,Minimum,4471,4471,0.3,-1,90.8125,90.8125,0
1786403601939,3000,Minimum,4471,4471,0.3,-1,90.8125,90.8125,0
1786403602039,3000,Minimum,4471,4471,0.3,-1,91.5625,91.5625,0
1786403602139,3000,Minimum,4471,4471,0.3,-1,91.5625,91.5625,0
1786403602239,3000,Minimum,4471,4471,0.3,-1,91.5625,91.5625,0
1786403602339,3000,Minimum,4471,4471,0.3,-1,91.5625,91.5625,0
1786403602439,3000,Minimum,4471,4471,0.3,-1,91.5625,91.5625,0
1786403602539,3000,Minimum,4471,4471,0.3,-1,91.5625,91.5625,0
1786403602639,3000,Minimum,4471,4471,0.3,-1,91.5625,91.5625,0
1786403602739,3000,Minimum,4471,4471,0.3,-1,91.5625,91.5625,0
1786403602839,3000,Minimum,4471,4471,0.3,-1,91.5625,91.5625,0
1786403602939,3000,Minimum,4471,4471,0.3,-1,91.5625,91.5625,0
1786403603039,3000,Minimum,4471,4471,0.3,-1,92.5625,92.5625,0
1786403603139,3000,Minimum,4471,4471,0.3,-1,92.5625,92.5625,0
1786403603239,3000,Minimum,4471,4471,0.3,-1,92.5625,92.5625,0
1786403603339,3000,Minimum,4471,4471,0.3,-1,92.5625,92.5625,0
1786403603439,3000,Minimum,4471,4471,0.3,-1,92.5625,92.5625,0
1786403603539,3000,Minimum,4471,4471,0.3,-1,92.5625,92.5625,0
1786403603639,3000,Minimum,4471,4471,0.3,-1,92.5625,92.5625,0
1786403603739,3000,Minimum,4471,4471,0.3,-1,92.5625,92.5625,0
1786403603839,3000,Minimum,4471,4471,0.3,-1,92.5625,92.5625,0
1786403603939,3000,Minimum,4471,4471,0.3,-1,92.5625,92.5625,0
1786403604042,3000,Minimum,4471,4471,0.3,-1,93.25,93.25,0
1786403604139,3000,Minimum,4471,4471,0.3,-1,93.25,93.25,0
1786403604239,3000,Minimum,4471,4471,0.3,-1,93.25,93.25,0
1786403604339,3000,Minimum,4471,4471,0.3,-1,93.25,93.25,0
1786403604439,3000,Minimum,4471,4471,0.3,-1,93.25,93.25,0
1786403604539,3000,Minimum,4471,4471,0.3,-1,93.25,93.25,0
1786403604639,3000,Minimum,4471,4471,0.3,-1,93.25,93.25,0
1786403604739,3000,Minimum,4471,4471,0.3,-1,93.25,93.25,0
1786403604839,3000,Minimum,4471,4471,0.3,-1,93.25,93.25,0
1786403604939,3000,Minimum,4471,4471,0.3,-1,93.25,93.25,0
1786403605039,3000,Minimum,4471,4471,0.3,-1,94.1875,94.1875,0
1786403605139,3000,Minimum,4471,4471,0.3,-1,94.1875,94.1875,0
1786403605239,3000,Minimum,4471,4471,0.3,-1,94.1875,94.1875,0
1786403605342,3000,Minimum,4471,4471,0.3,-1,94.1875,94.1875,0
1786403605439,3000,Minimum,4471,4471,0.3,-1,94.1875,94.1875,0
1786403605539,3000,Minimum,4471,4471,0.3,-1,94.1875,94.1875,0
1786403605639,3000,Minimum,4471,4471,0.3,-1,94.1875,94.1875,0
1786403605739,3000,Minimum,4471,4471,0.3,-1,94.1875,94.1875,0
1786403605839,3000,Minimum,4471,4471,0.3,-1,94.1875,94.1875,0
1786403605939,3000,Minimum,4471,4471,0.3,-1,94.1875,94.1875,0
1786403606039,3000,Minimum,4471,4471,0.3,-1,94.875,94.875,0
1786403606139,3000,Minimum,4471,4471,0.3,-1,94.875,94.875,0
1786403606239,3000,Minimum,4471,4471,0.3,-1,94.875,94.875,0
1786403606339,3000,Minimum,4471,4471,0.3,-1,94.875,94.875,0
1786403606439,3000,Minimum,4471,4471,0.3,-1,94.875,94.875,0
1786403606539,3000,Minimum,4471,4471,0.3,-1,94.875,94.875,0
1786403606639,3000,Minimum,4471,4471,0.3,-1,94.875,94.875,0
1786403606739,3000,Minimum,4471,4471,0.3,-1,94.875,94.875,0
1786403606839,3000,Minimum,4471,4471,0.3,-1,94.875,94.875,0
1786403606939,3000,Minimum,4471,4471,0.3,-1,94.875,94.875,0
1786403607039,3000,Minimum,4471,4471,0.3,-1,95.6875,95.6875,0
1786403607139,3000,Minimum,4471,4471,0.3,-1,95.6875,95.6875,0
1786403607239,3000,Minimum,4471,4471,0.3,-1,95.6875,95.6875,0
1786403607339,3000,Minimum,4471,4471,0.3,-1,95.6875,95.6875,0
1786403607439,3000,Minimum,4471,4471,0.3,-1,95.6875,95.6875,0
1786403607539,3000,Minimum,4471,4471,0.3,-1,95.6875,95.6875,0
1786403607639,3000,Minimum,4471,4471,0.3,-1,95.6875,95.6875,0
1786403607739,3000,Minimum,4471,4471,0.3,-1,95.6875,95.6875,0
1786403607839,3000,Minimum,4471,4471,0.3,-1,95.6875,95.6875,0
1786403607939,3000,Minimum,4471,4471,0.3,-1,95.6875,95.6875,0
1786403608039,3000,Minimum,4471,4471,0.3,-1,96.5,96.5,0
1786403608139,3000,Minimum,4471,4471,0.3,-1,96.5,96.5,0
1786403608239,3000,Minimum,4471,4471,0.3,-1,96.5,96.5,0
1786403608342,3000,Minimum,4471,4471,0.3,-1,96.5,96.5,0
1786403608439,3000,Minimum,4471,4471,0.3,-1,96.5,96.5,0
1786403608539,3000,Minimum,4471,4471,0.3,-1,96.5,96.5,0
1786403608642,3000,Minimum,4471,4471,0.3,-1,96.5,96.5,0
1786403608739,3000,Minimum,4471,4471,0.3,-1,96.5,96.5,0
1786403608839,3000,Minimum,4471,4471,0.3,-1,96.5,96.5,0
1786403608939,3000,Minimum,4471,4471,0.3,-1,96.5,96.5,0
1786403609039,3000,Minimum,4471,4471,0.3,-1,97.1875,97.1875,0
1786403609139,3000,Minimum,4471,4471,0.3,-1,97.1875,97.1875,0
1786403609239,3000,Minimum,4471,4471,0.3,-1,97.1875,97.1875,0
1786403609339,3000,Minimum,4471,4471,0.3,-1,97.1875,97.1875,0
1786403609439,3000,Minimum,4471,4471,0.3,-1,97.1875,97.1875,0
1786403609539,3000,Minimum,4471,4471,0.3,-1,97.1875,97.1875,0
1786403609639,3000,Minimum,4471,4471,0.3,-1,97.1875,97.1875,0
1786403609739,3000,Minimum,4471,4471,0.3,-1,97.1875,97.1875,0
1786403609839,3000,Minimum,4471,4471,0.3,-1,97.1875,97.1875,0
1786403609942,3000,Minimum,4471,4471,0.3,-1,97.1875,97.1875,0
1786403610039,3000,Minimum,4471,4471,0.3,-1,97.9375,97.9375,0
1786403610139,3000,Minimum,4471,4471,0.3,-1,97.9375,97.9375,0
1786403610239,3000,Minimum,4471,4471,0.3,-1,97.9375,97.9375,0
1786403610339,3000,Minimum,4471,4471,0.3,-1,97.9375,97.9375,0
1786403610439,3000,Minimum,4471,4471,0.3,-1,97.9375,97.9375,0
1786403610539,3000,Minimum,4471,4471,0.3,-1,97.9375,97.9375,0
1786403610639,3000,Minimum,4471,4471,0.3,-1,97.9375,97.9375,0
1786403610739,3000,Minimum,4471,4471,0.3,-1,97.9375,97.9375,0
1786403610839,3000,Minimum,4471,4471,0.3,-1,97.9375,97.9375,0
1786403610939,3000,Minimum,4471,4471,0.3,-1,97.9375,97.9375,0
1786403611039,3000,Minimum,4471,4471,0.3,-1,98.625,98.625,0
1786403611139,3000,Minimum,4471,4471,0.3,-1,98.625,98.625,0
1786403611239,3000,Minimum,4471,4471,0.3,-1,98.625,98.625,0
1786403611339,3000,Minimum,4471,4471,0.3,-1,98.625,98.625,0
1786403611439,3000,Minimum,4471,4471,0.3,-1,98.625,98.625,0
1786403611539,3000,Minimum,4471,4471,0.3,-1,98.625,98.625,0
1786403611639,3000,Minimum,4471,4471,0.3,-1,98.625,98.625,0
1786403611739,3000,Minimum,4471,4471,0.3,-1,98.625,98.625,0
1786403611839,3000,Minimum,4471,4471,0.3,-1,98.625,98.625,0
1786403611939,3000,Minimum,4471,4471,0.3,-1,98.625,98.625,0
1786403612039,3000,Minimum,4471,4471,0.3,-1,99.3125,99.3125,0
1786403612139,3000,Minimum,4471,4471,0.3,-1,99.3125,99.3125,0
1786403612239,3000,Minimum,4471,4471,0.3,-1,99.3125,99.3125,0
1786403612339,3000,Minimum,4471,4471,0.3,-1,99.3125,99.3125,0
1786403612439,3000,Minimum,4471,4471,0.3,-1,99.3125,99.3125,0
1786403612539,3000,Minimum,4471,4471,0.3,-1,99.3125,99.3125,0
1786403612639,3000,Minimum,4471,4471,0.3,-1,99.3125,99.3125,0
1786403612739,3000,Minimum,4471,4471,0.3,-1,99.3125,99.3125,0
1786403612839,3000,Minimum,4471,4471,0.3,-1,99.3125,99.3125,0
1786403612939,3000,Minimum,4471,4471,0.3,-1,99.3125,99.3125,0
1786403613039,3000,Minimum,4471,4471,0.3,-1,99.875,99.875,0
1786403613139,3000,Minimum,4471,4471,0.3,-1,99.875,99.875,0
1786403613239,3000,Minimum,4471,4471,0.3,-1,99.875,99.875,0
1786403613339,3000,Minimum,4471,4471,0.3,-1,99.875,99.875,0
1786403613439,3000,Minimum,4471,4471,0.3,-1,99.875,99.875,0
1786403613539,3000,Minimum,4471,4471,0.3,-1,99.875,99.875,0
1786403613639,3000,Minimum,4471,4471,0.3,-1,99.875,99.875,0
1786403613739,3000,Minimum,4471,4471,0.3,-1,99.875,99.875,0
1786403613839,3000,Minimum,4471,4471,0.3,-1,99.875,99.875,0
1786403613942,3000,Minimum,4471,4471,0.3,-1,99.875,99.875,0
1786403614039,3000,Minimum,4471,4471,0.3,-1,100.562,100.562,0
1786403614139,3000,Minimum,4471,4471,0.3,-1,100.562,100.562,0
1786403614239,3000,Minimum,4471,4471,0.3,-1,100.562,100.562,0
1786403614339,3000,Minimum,4471,4471,0.3,-1,100.562,100.562,0
1786403614439,3000,Minimum,4471,4471,0.3,-1,100.562,100.562,0
1786403614539,3000,Minimum,4471,4471,0.3,-1,100.562,100.562,0
1786403614639,3000,Minimum,4471,4471,0.3,-1,100.562,100.562,0
1786403614739,3000,Minimum,4471,4471,0.3,-1,100.562,100.562,0
1786403614839,3000,Minimum,4471,4471,0.3,-1,100.562,100.562,0
1786403614939,3000,Minimum,4471,4471,0.3,-1,100.562,100.562,0
1786403615039,3000,Minimum,4471,4471,0.3,-1,101.312,101.312,0
1786403615139,3000,Minimum,4471,4471,0.3,-1,101.312,101.312,0
1786403615239,3000,Minimum,4471,4471,0.3,-1,101.312,101.312,0
1786403615339,3000,Minimum,4471,4471,0.3,-1,101.312,101.312,0
1786403615439,3000,Minimum,4471,4471,0.3,-1,101.312,101.312,0
1786403615539,3000,Minimum,4471,4471,0.3,-1,101.312,101.312,0
1786403615639,3000,Minimum,4471,4471,0.3,-1,101.312,101.312,0
1786403615739,3000,Minimum,4471,4471,0.3,-1,101.312,101.312,0
1786403615839,3000,Minimum,4471,4471,0.3,-1,101.312,101.312,0
1786403615939,3000,Minimum,4471,4471,0.3,-1,101.312,101.312,0
1786403616039,3000,Minimum,4471,4471,0.3,-1,101.875,101.875,0
1786403616139,3000,Minimum,4471,4471,0.3,-1,101.875,101.875,0
1786403616239,3000,Minimum,4471,4471,0.3,-1,101.875,101.875,0
1786403616339,3000,Minimum,4471,4471,0.3,-1,101.875,101.875,0
1786403616439,3000,Minimum,4471,4471,0.3,-1,101.875,101.875,0
1786403616539,3000,Minimum,4471,4471,0.3,-1,101.875,101.875,0
1786403616639,3000,Minimum,4471,4471,0.3,-1,101.875,101.875,0
1786403616739,3000,Minimum,4471,4471,0.3,-1,101.875,101.875,0
1786403616839,3000,Minimum,4471,4471,0.3,-1,101.875,101.875,0
1786403616939,3000,Minimum,4471,4471,0.3,-1,101.875,101.875,0
1786403617039,3000,Minimum,4471,4471,0.3,-1,102.562,102.562,0
1786403617139,3000,Minimum,4471,4471,0.3,-1,102.562,102.562,0
1786403617239,3000,Minimum,4471,4471,0.3,-1,102.562,102.562,0
1786403617339,3000,Minimum,4471,4471,0.3,-1,102.562,102.562,0
1786403617439,3000,Minimum,4471,4471,0.3,-1,102.562,102.562,0
1786403617539,3000,Minimum,4471,4471,0.3,-1,102.562,102.562,0
1786403617639,3000,Minimum,4471,4471,0.3,-1,102.562,102.562,0
1786403617739,3000,Minimum,4471,4471,0.3,-1,102.562,102.562,0
1786403617839,3000,Minimum,4471,4471,0.3,-1,102.562,102.562,0
1786403617942,3000,Minimum,4471,4471,0.3,-1,102.562,102.562,0
1786403618039,3000,Minimum,4471,4471,0.3,-1,103.125,103.125,0
1786403618139,3000,Minimum,4471,4471,0.3,-1,103.125,103.125,0
1786403618239,3000,Minimum,4471,4471,0.3,-1,103.125,103.125,0
1786403618339,3000,Minimum,4471,4471,0.3,-1,103.125,103.125,0
1786403618439,3000,Minimum,4471,4471,0.3,-1,103.125,103.125,0
1786403618539,3000,Minimum,4471,4471,0.3,-1,103.125,103.125,0
1786403618639,3000,Minimum,4471,4471,0.3,-1,103.125,103.125,0
1786403618739,3000,Minimum,4471,4471,0.3,-1,103.125,103.125,0
1786403618839,3000,Minimum,4471,4471,0.3,-1,103.125,103.125,0
1786403618939,3000,Minimum,4471,4471,0.3,-1,103.125,103.125,0
1786403619039,3000,Minimum,4471,4471,0.3,-1,103.812,103.812,0
1786403619139,3000,Minimum,4471,4471,0.3,-1,103.812,103.812,0
1786403619239,3000,Minimum,4471,4471,0.3,-1,103.812,103.812,0
1786403619339,3000,Minimum,4471,4471,0.3,-1,103.812,103.812,0
1786403619442,3000,Minimum,4471,4471,0.3,-1,103.812,103.812,0
1786403619539,3000,Minimum,4471,4471,0.3,-1,103.812,103.812,0
1786403619639,3000,Minimum,4471,4471,0.3,-1,103.812,103.812,0
1786403619739,3000,Minimum,4471,4471,0.3,-1,103.812,103.812,0
1786403619839,3000,Minimum,4471,4471,0.3,-1,103.812,103.812,0
1786403619939,3000,Minimum,4471,4471,0.3,-1,103.812,103.812,0
1786403620039,3000,Minimum,4471,4471,0.3,-1,104.312,104.312,0
1786403620139,3000,Minimum,4471,4471,0.3,-1,104.312,104.312,0
1786403620239,3000,Minimum,4471,4471,0.3,-1,104.312,104.312,0
1786403620339,3000,Minimum,4471,4471,0.3,-1,104.312,104.312,0
1786403620439,3000,Minimum,4471,4471,0.3,-1,104.312,104.312,0
1786403620539,3000,Minimum,4471,4471,0.3,-1,104.312,104.312,0
1786403620639,3000,Minimum,4471,4471,0.3,-1,104.312,104.312,0
1786403620739,3000,Minimum,4471,4471,0.3,-1,104.312,104.312,0
1786403620839,3000,Minimum,4471,4471,0.3,-1,104.312,104.312,0
1786403620939,3000,Minimum,4471,4471,0.3,-1,104.312,104.312,0
1786403621039,3285.98,die0,4471,4471,0.3,-1,104.812,104.812,0
1786403621139,3285.98,die0,4471,4471,0.3,-1,104.812,104.812,0
1786403621239,3285.98,die0,4471,4471,0.3,-1,104.812,104.812,0
1786403621339,3285.98,die0,4471,4471,0.3,-1,104.812,104.812,0
1786403621439,3285.98,die0,4471,4471,0.3,-1,104.812,104.812,0
1786403621539,3285.98,die0,4471,4471,0.3,-1,104.812,104.812,0
1786403621639,3285.98,die0,4471,4471,0.3,-1,104.812,104.812,0
1786403621739,3285.98,die0,4471,4471,0.3,-1,104.812,104.812,0
1786403621839,3285.98,die0,4471,4471,0.3,-1,104.812,104.812,0
1786403621939,3285.98,die0,4471,4471,0.3,-1,104.812,104.812,0
1786403622039,3640.31,die0,4471,4471,0.3,-1,105.5,105.5,0
1786403622139,3640.31,die0,4471,4471,0.3,-1,105.5,105.5,0
1786403622239,3640.31,die0,4471,4471,0.3,-1,105.5,105.5,0
1786403622339,3640.31,die0,4471,4471,0.3,-1,105.5,105.5,0
1786403622439,3640.31,die0,4471,4471,0.3,-1,105.5,105.5,0
1786403622539,3640.31,die0,4471,4471,0.3,-1,105.5,105.5,0
1786403622639,3640.31,die0,4471,4471,0.3,-1,105.5,105.5,0
1786403622739,3640.31,die0,4471,4471,0.3,-1,105.5,105.5,0
1786403622839,3640.31,die0,4471,4471,0.3,-1,105.5,105.5,0
1786403622939,3640.31,die0,4471,4471,0.3,-1,105.5,105.5,0
1786403623039,3941.76,die0,4471,4471,0.3,-1,105.938,105.938,0
1786403623139,3941.76,die0,4471,4471,0.3,-1,105.938,105.938,0
1786403623239,3941.76,die0,4471,4471,0.3,-1,105.938,105.938,0
1786403623342,3941.76,die0,4471,4471,0.3,-1,105.938,105.938,0
1786403623439,3941.76,die0,4471,4471,0.3,-1,105.938,105.938,0
1786403623539,3941.76,die0,4471,4471,0.3,-1,105.938,105.938,0
1786403623639,3941.76,die0,4471,4471,0.3,-1,105.938,105.938,0
1786403623739,3941.76,die0,4471,4471,0.3,-1,105.938,105.938,0
1786403623839,3941.76,die0,4471,4471,0.3,-1,105.938,105.938,0
1786403623939,3941.76,die0,4471,4471,0.3,-1,105.938,105.938,0
1786403624039,4273.56,die0,4471,4471,0.3,-1,106.5,106.5,0
1786403624139,4273.56,die0,4471,4471,0.3,-1,106.5,106.5,0
1786403624239,4273.56,die0,4471,4471,0.3,-1,106.5,106.5,0
1786403624339,4273.56,die0,4471,4471,0.3,-1,106.5,106.5,0
1786403624439,4273.56,die0,4471,4471,0.3,-1,106.5,106.5,0
1786403624539,4273.56,die0,4471,4471,0.3,-1,106.5,106.5,0
1786403624639,4273.56,die0,4471,4471,0.3,-1,106.5,106.5,0
1786403624739,4273.56,die0,4471,4471,0.3,-1,106.5,106.5,0
1786403624839,4273.56,die0,4471,4471,0.3,-1,106.5,106.5,0
1786403624939,4273.56,die0,4471,4471,0.3,-1,106.5,106.5,0
1786403625039,4622.26,die0,4478,4478,0.308151,-1,107.125,107.125,0
1786403625139,4622.26,die0,4486,4486,0.308151,-1,107.125,107.125,0
1786403625239,4622.26,die0,4493,4493,0.308151,-1,107.125,107.125,0
1786403625339,4622.26,die0,4499,4499,0.308151,-1,107.125,107.125,0
1786403625439,4622.26,die0,4505,4505,0.308151,-1,107.125,107.125,0
1786403625539,4622.26,die0,4510,4510,0.308151,-1,107.125,107.125,0
1786403625639,4622.26,die0,4516,4516,0.308151,-1,107.125,107.125,0
1786403625739,4622.26,die0,4520,4520,0.308151,-1,107.125,107.125,0
1786403625839,4622.26,die0,4525,4525,0.308151,-1,107.125,107.125,0
1786403625939,4622.26,die0,4529,4529,0.308151,-1,107.125,107.125,0
1786403626039,4917.77,die0,4553,4553,0.327851,-1,107.5,107.5,0
1786403626139,4917.77,die0,4575,4575,0.327851,-1,107.5,107.5,0
1786403626239,4917.77,die0,4595,4595,0.327851,-1,107.5,107.5,0
1786403626339,4917.77,die0,4614,4614,0.327851,-1,107.5,107.5,0
1786403626439,4917.77,die0,4632,4632,0.327851,-1,107.5,107.5,0
1786403626539,4917.77,die0,4649,4649,0.327851,-1,107.5,107.5,0
1786403626639,4917.77,die0,4664,4664,0.327851,-1,107.5,107.5,0
1786403626739,4917.77,die0,4679,4679,0.327851,-1,107.5,107.5,0
1786403626839,4917.77,die0,4693,4693,0.327851,-1,107.5,107.5,0
1786403626939,4917.77,die0,4705,4705,0.327851,-1,107.5,107.5,0
1786403627039,5257.4,die0,4741,4741,0.350493,-1,108.062,108.062,0
1786403627139,5257.4,die0,4774,4774,0.350493,-1,108.062,108.062,0
1786403627239,5257.4,die0,4804,4804,0.350493,-1,108.062,108.062,0
1786403627339,5257.4,die0,4833,4833,0.350493,-1,108.062,108.062,0
1786403627439,5257.4,die0,4860,4860,0.350493,-1,108.062,108.062,0
1786403627539,5257.4,die0,4885,4885,0.350493,-1,108.062,108.062,0
1786403627639,5257.4,die0,4908,4908,0.350493,-1,108.062,108.062,0
1786403627739,5257.4,die0,4930,4930,0.350493,-1,108.062,108.062,0
1786403627839,5257.4,die0,4950,4950,0.350493,-1,108.062,108.062,0
1786403627939,5257.4,die0,4969,4969,0.350493,-1,108.062,108.062,0
1786403628039,5599.85,die0,5011,5011,0.373323,-1,108.625,108.625,0
1786403628139,5599.85,die0,5049,5049,0.373323,-1,108.625,108.625,0
1786403628239,5599.85,die0,5085,5085,0.373323,-1,108.625,108.625,0
1786403628339,5599.85,die0,5119,5119,0.373323,-1,108.625,108.625,0
1786403628439,5599.85,die0,5150,5150,0.373323,-1,108.625,108.625,0
1786403628539,5599.85,die0,5179,5179,0.373323,-1,108.625,108.625,0
1786403628639,5599.85,die0,5206,5206,0.373323,-1,108.625,108.625,0
1786403628739,5599.85,die0,5232,5232,0.373323,-1,108.625,108.625,0
1786403628839,5599.85,die0,5256,5256,0.373323,-1,108.625,108.625,0
1786403628939,5599.85,die0,5278,5278,0.373323,-1,108.625,108.625,0
1786403629039,5916.95,die0,5318,5318,0.394463,-1,109.062,109.062,0
1786403629139,5916.95,die0,5356,5356,0.394463,-1,109.062,109.062,0
1786403629239,5916.95,die0,5391,5391,0.394463,-1,109.062,109.062,0
1786403629339,5916.95,die0,5424,5424,0.394463,-1,109.062,109.062,0
1786403629439,5916.95,die0,5454,5454,0.394463,-1,109.062,109.062,0
1786403629539,5916.95,die0,5483,5483,0.394463,-1,109.062,109.062,0
1786403629639,5916.95,die0,5509,5509,0.394463,-1,109.062,109.062,0
1786403629739,5916.95,die0,5534,5534,0.394463,-1,109.062,109.062,0
1786403629839,5916.95,die0,5557,5557,0.394463,-1,109.062,109.062,0
1786403629939,5916.95,die0,5579,5579,0.394463,-1,109.062,109.062,0
1786403630039,6222.17,die0,5619,5619,0.414811,-1,109.438,109.438,0
1786403630139,6222.17,die0,5656,5656,0.414811,-1,109.438,109.438,0
1786403630239,6222.17,die0,5691,5691,0.414811,-1,109.438,109.438,0
1786403630339,6222.17,die0,5723,5723,0.414811,-1,109.438,109.438,0
1786403630439,6222.17,die0,5753,5753,0.414811,-1,109.438,109.438,0
1786403630539,6222.17,die0,5782,5782,0.414811,-1,109.438,109.438,0
1786403630639,6222.17,die0,5808,5808,0.414811,-1,109.438,109.438,0
1786403630739,6222.17,die0,5832,5832,0.414811,-1,109.438,109.438,0
1786403630839,6222.17,die0,5855,5855,0.414811,-1,109.438,109.438,0
1786403630942,6222.17,die0,5877,5877,0.414811,-1,109.438,109.438,0
1786403631039,6557.42,die0,5920,5920,0.437161,-1,109.938,109.938,0
1786403631139,6557.42,die0,5961,5961,0.437161,-1,109.938,109.938,0
1786403631239,6557.42,die0,5999,5999,0.437161,-1,109.938,109.938,0
1786403631339,6557.42,die0,6034,6034,0.437161,-1,109.938,109.938,0
1786403631439,6557.42,die0,6067,6067,0.437161,-1,109.938,109.938,0
1786403631539,6557.42,die0,6098,6098,0.437161,-1,109.938,109.938,0
1786403631639,6557.42,die0,6127,6127,0.437161,-1,109.938,109.938,0
1786403631739,6557.42,die0,6154,6154,0.437161,-1,109.938,109.938,0
1786403631839,6557.42,die0,6179,6179,0.437161,-1,109.938,109.938,0
1786403631939,6557.42,die0,6202,6202,0.437161,-1,109.938,109.938,0
1786403632039,6852.94,die0,6243,6243,0.456863,-1,110.25,110.25,0
1786403632139,6852.94,die0,6282,6282,0.456863,-1,110.25,110.25,0
1786403632239,6852.94,die0,6318,6318,0.456863,-1,110.25,110.25,0
1786403632339,6852.94,die0,6352,6352,0.456863,-1,110.25,110.25,0
1786403632442,6852.94,die0,6383,6383,0.456863,-1,110.25,110.25,0
1786403632539,6852.94,die0,6413,6413,0.456863,-1,110.25,110.25,0
1786403632639,6852.94,die0,6440,6440,0.456863,-1,110.25,110.25,0
1786403632739,6852.94,die0,6466,6466,0.456863,-1,110.25,110.25,0
1786403632839,6852.94,die0,6490,6490,0.456863,-1,110.25,110.25,0
1786403632939,6852.94,die0,6512,6512,0.456863,-1,110.25,110.25,0
1786403633039,7178.18,die0,6556,6556,0.478546,-1,110.688,110.688,0
1786403633139,7178.18,die0,6597,6597,0.478546,-1,110.688,110.688,0
1786403633239,7178.18,die0,6636,6636,0.478546,-1,110.688,110.688,0
1786403633342,7178.18,die0,6672,6672,0.478546,-1,110.688,110.688,0
1786403633439,7178.18,die0,6706,6706,0.478546,-1,110.688,110.688,0
1786403633539,7178.18,die0,6737,6737,0.478546,-1,110.688,110.688,0
1786403633639,7178.18,die0,6766,6766,0.478546,-1,110.688,110.688,0
1786403633739,7178.18,die0,6794,6794,0.478546,-1,110.688,110.688,0
1786403633839,7178.18,die0,6819,6819,0.478546,-1,110.688,110.688,0
1786403633939,7178.18,die0,6843,6843,0.478546,-1,110.688,110.688,0
1786403634039,7491.54,die0,6885,6885,0.499436,-1,111.062,111.062,0
1786403634139,7491.54,die0,6924,6924,0.499436,-1,111.062,111.062,0
1786403634239,7491.54,die0,6960,6960,0.499436,-1,111.062,111.062,0
1786403634339,7491.54,die0,6994,6994,0.499436,-1,111.062,111.062,0
1786403634439,7491.54,die0,7026,7026,0.499436,-1,111.062,111.062,0
1786403634539,7491.54,die0,7056,7056,0.499436,-1,111.062,111.062,0
1786403634642,7491.54,die0,7083,7083,0.499436,-1,111.062,111.062,0
1786403634739,7491.54,die0,7109,7109,0.499436,-1,111.062,111.062,0
1786403634839,7491.54,die0,7133,7133,0.499436,-1,111.062,111.062,0
1786403634939,7491.54,die0,7156,7156,0.499436,-1,111.062,111.062,0
1786403635039,7792.69,die0,7196,7196,0.519513,-1,111.375,111.375,0
1786403635139,7792.69,die0,7234,7234,0.519513,-1,111.375,111.375,0
1786403635239,7792.69,die0,7270,7270,0.519513,-1,111.375,111.375,0
1786403635339,7792.69,die0,7303,7303,0.519513,-1,111.375,111.375,0
1786403635439,7792.69,die0,7333,7333,0.519513,-1,111.375,111.375,0
1786403635539,7792.69,die0,7362,7362,0.519513,-1,111.375,111.375,0
1786403635639,7792.69,die0,7389,7389,0.519513,-1,111.375,111.375,0
1786403635739,7792.69,die0,7414,7414,0.519513,-1,111.375,111.375,0
1786403635839,7792.69,die0,7437,7437,0.519513,-1,111.375,111.375,0
1786403635939,7792.69,die0,7459,7459,0.519513,-1,111.375,111.375,0
1786403636039,8095.41,die0,7499,7499,0.539694,-1,111.688,111.688,0
1786403636139,8095.41,die0,7537,7537,0.539694,-1,111.688,111.688,0
1786403636239,8095.41,die0,7571,7571,0.539694,-1,111.688,111.688,0
1786403636339,8095.41,die0,7604,7604,0.539694,-1,111.688,111.688,0
1786403636439,8095.41,die0,7634,7634,0.539694,-1,111.688,111.688,0
1786403636539,8095.41,die0,7663,7663,0.539694,-1,111.688,111.688,0
1786403636639,8095.41,die0,7689,7689,0.539694,-1,111.688,111.688,0
1786403636739,8095.41,die0,7714,7714,0.539694,-1,111.688,111.688,0
1786403636839,8095.41,die0,7737,7737,0.539694,-1,111.688,111.688,0
1786403636939,8095.41,die0,7758,7758,0.539694,-1,111.688,111.688,0
1786403637039,8357.45,die0,7798,7798,0.557164,-1,111.812,111.812,0
1786403637139,8357.45,die0,7835,7835,0.557164,-1,111.812,111.812,0
1786403637239,8357.45,die0,7869,7869,0.557164,-1,111.812,111.812,0
1786403637339,8357.45,die0,7902,7902,0.557164,-1,111.812,111.812,0
1786403637439,8357.45,die0,7932,7932,0.557164,-1,111.812,111.812,0
1786403637542,8357.45,die0,7960,7960,0.557164,-1,111.812,111.812,0
1786403637639,8357.45,die0,7986,7986,0.557164,-1,111.812,111.812,0
1786403637739,8357.45,die0,8010,8010,0.557164,-1,111.812,111.812,0
1786403637839,8357.45,die0,8033,8033,0.557164,-1,111.812,111.812,0
1786403637939,8357.45,die0,8055,8055,0.557164,-1,111.812,111.812,0
1786403638039,8620.12,die0,8090,8090,0.574675,-1,111.938,111.938,0
1786403638139,8620.12,die0,8123,8123,0.574675,-1,111.938,111.938,0
1786403638239,8620.12,die0,8154,8154,0.574675,-1,111.938,111.938,0
1786403638339,8620.12,die0,8183,8183,0.574675,-1,111.938,111.938,0
1786403638439,8620.12,die0,8210,8210,0.574675,-1,111.938,111.938,0
1786403638539,8620.12,die0,8235,8235,0.574675,-1,111.938,111.938,0
1786403638639,8620.12,die0,8259,8259,0.574675,-1,111.938,111.938,0
1786403638739,8620.12,die0,8281,8281,0.574675,-1,111.938,111.938,0
1786403638839,8620.12,die0,8301,8301,0.574675,-1,111.938,111.938,0
1786403638939,8620.12,die0,8321,8321,0.574675,-1,111.938,111.938,0
1786403639039,8897.5,die0,8358,8358,0.593167,-1,112.125,112.125,0
1786403639142,8897.5,die0,8393,8393,0.593167,-1,112.125,112.125,0
1786403639239,8897.5,die0,8426,8426,0.593167,-1,112.125,112.125,0
1786403639339,8897.5,die0,8456,8456,0.593167,-1,112.125,112.125,0
1786403639439,8897.5,die0,8484,8484,0.593167,-1,112.125,112.125,0
1786403639539,8897.5,die0,8511,8511,0.593167,-1,112.125,112.125,0
1786403639639,8897.5,die0,8536,8536,0.593167,-1,112.125,112.125,0
1786403639739,8897.5,die0,8559,8559,0.593167,-1,112.125,112.125,0
1786403639839,8897.5,die0,8580,8580,0.593167,-1,112.125,112.125,0
1786403639939,8897.5,die0,8601,8601,0.593167,-1,112.125,112.125,0
1786403640039,9161.73,die0,8635,8635,0.610782,-1,112.25,112.25,0
1786403640139,9161.73,die0,8667,8667,0.610782,-1,112.25,112.25,0
1786403640239,9161.73,die0,8697,8697,0.610782,-1,112.25,112.25,0
1786403640339,9161.73,die0,8725,8725,0.610782,-1,112.25,112.25,0
1786403640439,9161.73,die0,8751,8751,0.610782,-1,112.25,112.25,0
1786403640539,9161.73,die0,8776,8776,0.610782,-1,112.25,112.25,0
1786403640639,9161.73,die0,8799,8799,0.610782,-1,112.25,112.25,0
1786403640742,9161.73,die0,8820,8820,0.610782,-1,112.25,112.25,0
1786403640839,9161.73,die0,8840,8840,0.610782,-1,112.25,112.25,0
1786403640939,9161.73,die0,8858,8858,0.610782,-1,112.25,112.25,0
1786403641039,9398.43,die0,8891,8891,0.626562,-1,112.25,112.25,0
1786403641139,9398.43,die0,8922,8922,0.626562,-1,112.25,112.25,0
1786403641239,9398.43,die0,8951,8951,0.626562,-1,112.25,112.25,0
1786403641339,9398.43,die0,8978,8978,0.626562,-1,112.25,112.25,0
1786403641439,9398.43,die0,9003,9003,0.626562,-1,112.25,112.25,0
1786403641539,9398.43,die0,9026,9026,0.626562,-1,112.25,112.25,0
1786403641639,9398.43,die0,9048,9048,0.626562,-1,112.25,112.25,0
1786403641739,9398.43,die0,9068,9068,0.626562,-1,112.25,112.25,0
1786403641839,9398.43,die0,9087,9087,0.626562,-1,112.25,112.25,0
1786403641939,9398.43,die0,9105,9105,0.626562,-1,112.25,112.25,0
1786403642039,9649.21,die0,9141,9141,0.643281,-1,112.312,112.312,0
1786403642139,9649.21,die0,9175,9175,0.643281,-1,112.312,112.312,0
1786403642239,9649.21,die0,9206,9206,0.643281,-1,112.312,112.312,0
1786403642339,9649.21,die0,9236,9236,0.643281,-1,112.312,112.312,0
1786403642439,9649.21,die0,9263,9263,0.643281,-1,112.312,112.312,0
1786403642539,9649.21,die0,9289,9289,0.643281,-1,112.312,112.312,0
1786403642639,9649.21,die0,9313,9313,0.643281,-1,112.312,112.312,0
1786403642739,9649.21,die0,9335,9335,0.643281,-1,112.312,112.312,0
1786403642839,9649.21,die0,9356,9356,0.643281,-1,112.312,112.312,0
1786403642939,9649.21,die0,9375,9375,0.643281,-1,112.312,112.312,0
1786403643039,9872.15,die0,9405,9405,0.658143,-1,112.25,112.25,0
1786403643142,9872.15,die0,9433,9433,0.658143,-1,112.25,112.25,0
1786403643239,9872.15,die0,9459,9459,0.658143,-1,112.25,112.25,0
1786403643339,9872.15,die0,9483,9483,0.658143,-1,112.25,112.25,0
1786403643439,9872.15,die0,9506,9506,0.658143,-1,112.25,112.25,0
1786403643539,9872.15,die0,9527,9527,0.658143,-1,112.25,112.25,0
1786403643639,9872.15,die0,9547,9547,0.658143,-1,112.25,112.25,0
1786403643739,9872.15,die0,9565,9565,0.658143,-1,112.25,112.25,0
1786403643839,9872.15,die0,9583,9583,0.658143,-1,112.25,112.25,0
1786403643939,9872.15,die0,9599,9599,0.658143,-1,112.25,112.25,0
1786403644039,10094.8,die0,9629,9629,0.672984,-1,112.188,112.188,0
1786403644139,10094.8,die0,9658,9658,0.672984,-1,112.188,112.188,0
1786403644239,10094.8,die0,9685,9685,0.672984,-1,112.188,112.188,0
1786403644339,10094.8,die0,9710,9710,0.672984,-1,112.188,112.188,0
1786403644439,10094.8,die0,9733,9733,0.672984,-1,112.188,112.188,0
1786403644539,10094.8,die0,9755,9755,0.672984,-1,112.188,112.188,0
1786403644639,10094.8,die0,9775,9775,0.672984,-1,112.188,112.188,0
1786403644739,10094.8,die0,9794,9794,0.672984,-1,112.188,112.188,0
1786403644839,10094.8,die0,9811,9811,0.672984,-1,112.188,112.188,0
1786403644939,10094.8,die0,9828,9828,0.672984,-1,112.188,112.188,0
1786403645039,10288.9,die0,9855,9855,0.685927,-1,112,112,0
1786403645139,10288.9,die0,9880,9880,0.685927,-1,112,112,0
1786403645239,10288.9,die0,9904,9904,0.685927,-1,112,112,0
1786403645339,10288.9,die0,9926,9926,0.685927,-1,112,112,0
1786403645439,10288.9,die0,9947,9947,0.685927,-1,112,112,0
1786403645539,10288.9,die0,9966,9966,0.685927,-1,112,112,0
1786403645639,10288.9,die0,9984,9984,0.685927,-1,112,112,0
1786403645739,10288.9,die0,10001,10001,0.685927,-1,112,112,0
1786403645839,10288.9,die0,10016,10016,0.685927,-1,112,112,0
1786403645939,10288.9,die0,10031,10031,0.685927,-1,112,112,0
1786403646039,10524.4,die0,10060,10060,0.701624,-1,112,112,0
1786403646139,10524.4,die0,10088,10088,0.701624,-1,112,112,0
1786403646239,10524.4,die0,10113,10113,0.701624,-1,112,112,0
1786403646339,10524.4,die0,10137,10137,0.701624,-1,112,112,0
1786403646439,10524.4,die0,10159,10159,0.701624,-1,112,112,0
1786403646539,10524.4,die0,10180,10180,0.701624,-1,112,112,0
1786403646639,10524.4,die0,10199,10199,0.701624,-1,112,112,0
1786403646739,10524.4,die0,10217,10217,0.701624,-1,112,112,0
1786403646839,10524.4,die0,10234,10234,0.701624,-1,112,112,0
1786403646939,10524.4,die0,10250,10250,0.701624,-1,112,112,0
1786403647039,10689.4,die0,10277,10277,0.712627,-1,111.688,111.688,0
1786403647139,10689.4,die0,10301,10301,0.712627,-1,111.688,111.688,0
1786403647239,10689.4,die0,10324,10324,0.712627,-1,111.688,111.688,0
1786403647339,10689.4,die0,10346,10346,0.712627,-1,111.688,111.688,0
1786403647439,10689.4,die0,10366,10366,0.712627,-1,111.688,111.688,0
1786403647539,10689.4,die0,10385,10385,0.712627,-1,111.688,111.688,0
1786403647642,10689.4,die0,10402,10402,0.712627,-1,111.688,111.688,0
1786403647739,10689.4,die0,10418,10418,0.712627,-1,111.688,111.688,0
1786403647839,10689.4,die0,10434,10434,0.712627,-1,111.688,111.688,0
1786403647942,10689.4,die0,10448,10448,0.712627,-1,111.688,111.688,0
1786403648039,10923.3,die0,10477,10477,0.728219,-1,111.688,111.688,0
1786403648139,10923.3,die0,10504,10504,0.728219,-1,111.688,111.688,0
1786403648239,10923.3,die0,10529,10529,0.728219,-1,111.688,111.688,0
1786403648339,10923.3,die0,10553,10553,0.728219,-1,111.688,111.688,0
1786403648439,10923.3,die0,10575,10575,0.728219,-1,111.688,111.688,0
1786403648539,10923.3,die0,10595,10595,0.728219,-1,111.688,111.688,0
1786403648639,10923.3,die0,10614,10614,0.728219,-1,111.688,111.688,0
1786403648739,10923.3,die0,10632,10632,0.728219,-1,111.688,111.688,0
1786403648839,10923.3,die0,10649,10649,0.728219,-1,111.688,111.688,0
1786403648939,10923.3,die0,10664,10664,0.728219,-1,111.688,111.688,0
1786403649039,11100.8,die0,10691,10691,0.740056,-1,111.438,111.438,0
1786403649139,11100.8,die0,10715,10715,0.740056,-1,111.438,111.438,0
1786403649239,11100.8,die0,10738,10738,0.740056,-1,111.438,111.438,0
1786403649339,11100.8,die0,10760,10760,0.740056,-1,111.438,111.438,0
1786403649439,11100.8,die0,10780,10780,0.740056,-1,111.438,111.438,0
1786403649539,11100.8,die0,10798,10798,0.740056,-1,111.438,111.438,0
1786403649639,11100.8,die0,10816,10816,0.740056,-1,111.438,111.438,0
1786403649739,11100.8,die0,10832,10832,0.740056,-1,111.438,111.438,0
1786403649839,11100.8,die0,10847,10847,0.740056,-1,111.438,111.438,0
1786403649939,11100.8,die0,10861,10861,0.740056,-1,111.438,111.438,0
1786403650039,11291.2,die0,10886,10886,0.752749,-1,111.25,111.25,0
1786403650139,11291.2,die0,10909,10909,0.752749,-1,111.25,111.25,0
1786403650239,11291.2,die0,10931,10931,0.752749,-1,111.25,111.25,0
1786403650339,11291.2,die0,10951,10951,0.752749,-1,111.25,111.25,0
1786403650439,11291.2,die0,10970,10970,0.752749,-1,111.25,111.25,0
1786403650539,11291.2,die0,10988,10988,0.752749,-1,111.25,111.25,0
1786403650639,11291.2,die0,11004,11004,0.752749,-1,111.25,111.25,0
1786403650742,11291.2,die0,11020,11020,0.752749,-1,111.25,111.25,0
1786403650839,11291.2,die0,11034,11034,0.752749,-1,111.25,111.25,0
1786403650939,11291.2,die0,11048,11048,0.752749,-1,111.25,111.25,0
1786403651039,11466.6,die0,11072,11072,0.76444,-1,111,111,0
1786403651139,11466.6,die0,11094,11094,0.76444,-1,111,111,0
1786403651239,11466.6,die0,11116,11116,0.76444,-1,111,111,0
1786403651339,11466.6,die0,11135,11135,0.76444,-1,111,111,0
1786403651439,11466.6,die0,11154,11154,0.76444,-1,111,111,0
1786403651539,11466.6,die0,11171,11171,0.76444,-1,111,111,0
1786403651639,11466.6,die0,11187,11187,0.76444,-1,111,111,0
1786403651739,11466.6,die0,11202,11202,0.76444,-1,111,111,0
1786403651839,11466.6,die0,11216,11216,0.76444,-1,111,111,0
1786403651939,11466.6,die0,11229,11229,0.76444,-1,111,111,0
1786403652039,11626.6,die0,11253,11253,0.775109,-1,110.688,110.688,0
1786403652139,11626.6,die0,11275,11275,0.775109,-1,110.688,110.688,0
1786403652239,11626.6,die0,11296,11296,0.775109,-1,110.688,110.688,0
1786403652339,11626.6,die0,11316,11316,0.775109,-1,110.688,110.688,0
1786403652439,11626.6,die0,11334,11334,0.775109,-1,110.688,110.688,0
1786403652539,11626.6,die0,11351,11351,0.775109,-1,110.688,110.688,0
1786403652639,11626.6,die0,11367,11367,0.775109,-1,110.688,110.688,0
1786403652739,11626.6,die0,11381,11381,0.775109,-1,110.688,110.688,0
1786403652839,11626.6,die0,11395,11395,0.775109,-1,110.688,110.688,0
1786403652939,11626.6,die0,11408,11408,0.775109,-1,110.688,110.688,0
1786403653039,11785.1,die0,11432,11432,0.785674,-1,110.375,110.375,0
1786403653142,11785.1,die0,11454,11454,0.785674,-1,110.375,110.375,0
1786403653239,11785.1,die0,11475,11475,0.785674,-1,110.375,110.375,0
1786403653339,11785.1,die0,11494,11494,0.785674,-1,110.375,110.375,0
1786403653439,11785.1,die0,11512,11512,0.785674,-1,110.375,110.375,0
1786403653539,11785.1,die0,11529,11529,0.785674,-1,110.375,110.375,0
1786403653639,11785.1,die0,11545,11545,0.785674,-1,110.375,110.375,0
1786403653739,11785.1,die0,11559,11559,0.785674,-1,110.375,110.375,0
1786403653839,11785.1,die0,11573,11573,0.785674,-1,110.375,110.375,0
1786403653939,11785.1,die0,11586,11586,0.785674,-1,110.375,110.375,0
1786403654039,11956.1,die0,11610,11610,0.797073,-1,110.125,110.125,0
1786403654139,11956.1,die0,11632,11632,0.797073,-1,110.125,110.125,0
1786403654239,11956.1,die0,11652,11652,0.797073,-1,110.125,110.125,0
1786403654339,11956.1,die0,11672,11672,0.797073,-1,110.125,110.125,0
1786403654442,11956.1,die0,11689,11689,0.797073,-1,110.125,110.125,0
1786403654539,11956.1,die0,11706,11706,0.797073,-1,110.125,110.125,0
1786403654639,11956.1,die0,11722,11722,0.797073,-1,110.125,110.125,0
1786403654739,11956.1,die0,11737,11737,0.797073,-1,110.125,110.125,0
1786403654839,11956.1,die0,11750,11750,0.797073,-1,110.125,110.125,0
1786403654939,11956.1,die0,11763,11763,0.797073,-1,110.125,110.125,0
1786403655039,12111.7,die0,11783,11783,0.80745,-1,109.812,109.812,0
1786403655139,12111.7,die0,11801,11801,0.80745,-1,109.812,109.812,0
1786403655239,12111.7,die0,11818,11818,0.80745,-1,109.812,109.812,0
1786403655339,12111.7,die0,11834,11834,0.80745,-1,109.812,109.812,0
1786403655439,12111.7,die0,11849,11849,0.80745,-1,109.812,109.812,0
1786403655539,12111.7,die0,11863,11863,0.80745,-1,109.812,109.812,0
1786403655639,12111.7,die0,11876,11876,0.80745,-1,109.812,109.812,0
1786403655739,12111.7,die0,11888,11888,0.80745,-1,109.812,109.812,0
1786403655839,12111.7,die0,11900,11900,0.80745,-1,109.812,109.812,0
1786403655939,12111.7,die0,11910,11910,0.80745,-1,109.812,109.812,0
1786403656039,12265.8,die0,11932,11932,0.817722,-1,109.5,109.5,0
1786403656139,12265.8,die0,11952,11952,0.817722,-1,109.5,109.5,0
1786403656239,12265.8,die0,11971,11971,0.817722,-1,109.5,109.5,0
1786403656339,12265.8,die0,11989,11989,0.817722,-1,109.5,109.5,0
1786403656439,12265.8,die0,12005,12005,0.817722,-1,109.5,109.5,0
1786403656539,12265.8,die0,12021,12021,0.817722,-1,109.5,109.5,0
1786403656639,12265.8,die0,12035,12035,0.817722,-1,109.5,109.5,0
1786403656739,12265.8,die0,12048,12048,0.817722,-1,109.5,109.5,0
1786403656839,12265.8,die0,12061,12061,0.817722,-1,109.5,109.5,0
1786403656939,12265.8,die0,12072,12072,0.817722,-1,109.5,109.5,0
1786403657039,12404.3,die0,12091,12091,0.826951,-1,109.125,109.125,0
1786403657139,12404.3,die0,12108,12108,0.826951,-1,109.125,109.125,0
1786403657242,12404.3,die0,12125,12125,0.826951,-1,109.125,109.125,0
1786403657339,12404.3,die0,12140,12140,0.826951,-1,109.125,109.125,0
1786403657439,12404.3,die0,12154,12154,0.826951,-1,109.125,109.125,0
1786403657539,12404.3,die0,12167,12167,0.826951,-1,109.125,109.125,0
1786403657639,12404.3,die0,12180,12180,0.826951,-1,109.125,109.125,0
1786403657739,12404.3,die0,12191,12191,0.826951,-1,109.125,109.125,0
1786403657839,12404.3,die0,12202,12202,0.826951,-1,109.125,109.125,0
1786403657939,12404.3,die0,12212,12212,0.826951,-1,109.125,109.125,0
1786403658039,12526.8,die0,12229,12229,0.835117,-1,108.688,108.688,0
1786403658139,12526.8,die0,12245,12245,0.835117,-1,108.688,108.688,0
1786403658239,12526.8,die0,12260,12260,0.835117,-1,108.688,108.688,0
1786403658339,12526.8,die0,12274,12274,0.835117,-1,108.688,108.688,0
1786403658439,12526.8,die0,12288,12288,0.835117,-1,108.688,108.688,0
1786403658539,12526.8,die0,12300,12300,0.835117,-1,108.688,108.688,0
1786403658639,12526.8,die0,12311,12311,0.835117,-1,108.688,108.688,0
1786403658742,12526.8,die0,12322,12322,0.835117,-1,108.688,108.688,0
1786403658839,12526.8,die0,12332,12332,0.835117,-1,108.688,108.688,0
1786403658939,12526.8,die0,12341,12341,0.835117,-1,108.688,108.688,0
1786403659039,12689.3,die0,12361,12361,0.845952,-1,108.438,108.438,0
1786403659139,12689.3,die0,12380,12380,0.845952,-1,108.438,108.438,0
1786403659239,12689.3,die0,12398,12398,0.845952,-1,108.438,108.438,0
1786403659339,12689.3,die0,12415,12415,0.845952,-1,108.438,108.438,0
1786403659439,12689.3,die0,12430,12430,0.845952,-1,108.438,108.438,0
1786403659539,12689.3,die0,12445,12445,0.845952,-1,108.438,108.438,0
1786403659639,12689.3,die0,12458,12458,0.845952,-1,108.438,108.438,0
1786403659739,12689.3,die0,12471,12471,0.845952,-1,108.438,108.438,0
1786403659839,12689.3,die0,12483,12483,0.845952,-1,108.438,108.438,0
1786403659939,12689.3,die0,12494,12494,0.845952,-1,108.438,108.438,0
1786403660039,12808.3,die0,12512,12512,0.853888,-1,108,108,0
1786403660139,12808.3,die0,12528,12528,0.853888,-1,108,108,0
1786403660239,12808.3,die0,12544,12544,0.853888,-1,108,108,0
1786403660342,12808.3,die0,12559,12559,0.853888,-1,108,108,0
1786403660439,12808.3,die0,12573,12573,0.853888,-1,108,108,0
1786403660539,12808.3,die0,12585,12585,0.853888,-1,108,108,0
1786403660639,12808.3,die0,12597,12597,0.853888,-1,108,108,0
1786403660739,12808.3,die0,12609,12609,0.853888,-1,108,108,0
1786403660839,12808.3,die0,12619,12619,0.853888,-1,108,108,0
1786403660939,12808.3,die0,12629,12629,0.853888,-1,108,108,0
1786403661039,12925.2,die0,12646,12646,0.861678,-1,107.562,107.562,0
1786403661139,12925.2,die0,12661,12661,0.861678,-1,107.562,107.562,0
1786403661239,12925.2,die0,12676,12676,0.861678,-1,107.562,107.562,0
1786403661339,12925.2,die0,12690,12690,0.861678,-1,107.562,107.562,0
1786403661439,12925.2,die0,12703,12703,0.861678,-1,107.562,107.562,0
1786403661539,12925.2,die0,12715,12715,0.861678,-1,107.562,107.562,0
1786403661639,12925.2,die0,12726,12726,0.861678,-1,107.562,107.562,0
1786403661739,12925.2,die0,12736,12736,0.861678,-1,107.562,107.562,0
1786403661839,12925.2,die0,12746,12746,0.861678,-1,107.562,107.562,0
1786403661942,12925.2,die0,12755,12755,0.861678,-1,107.562,107.562,0
1786403662039,13039.8,die0,12771,12771,0.869321,-1,107.125,107.125,0
1786403662139,13039.8,die0,12787,12787,0.869321,-1,107.125,107.125,0
1786403662239,13039.8,die0,12801,12801,0.869321,-1,107.125,107.125,0
1786403662339,13039.8,die0,12814,12814,0.869321,-1,107.125,107.125,0
1786403662439,13039.8,die0,12827,12827,0.869321,-1,107.125,107.125,0
1786403662539,13039.8,die0,12838,12838,0.869321,-1,107.125,107.125,0
1786403662639,13039.8,die0,12849,12849,0.869321,-1,107.125,107.125,0
1786403662739,13039.8,die0,12859,12859,0.869321,-1,107.125,107.125,0
1786403662842,13039.8,die0,12868,12868,0.869321,-1,107.125,107.125,0
1786403662939,13039.8,die0,12877,12877,0.869321,-1,107.125,107.125,0
1786403663039,13166.4,die0,12893,12893,0.877758,-1,106.75,106.75,0
1786403663139,13166.4,die0,12908,12908,0.877758,-1,106.75,106.75,0
1786403663239,13166.4,die0,12922,12922,0.877758,-1,106.75,106.75,0
1786403663339,13166.4,die0,12935,12935,0.877758,-1,106.75,106.75,0
1786403663439,13166.4,die0,12947,12947,0.877758,-1,106.75,106.75,0
1786403663539,13166.4,die0,12959,12959,0.877758,-1,106.75,106.75,0
1786403663639,13166.4,die0,12969,12969,0.877758,-1,106.75,106.75,0
1786403663739,13166.4,die0,12979,12979,0.877758,-1,106.75,106.75,0
1786403663839,13166.4,die0,12988,12988,0.877758,-1,106.75,106.75,0
1786403663939,13166.4,die0,12997,12997,0.877758,-1,106.75,106.75,0
1786403664039,13291,die0,13013,13013,0.886069,-1,106.375,106.375,0
1786403664139,13291,die0,13028,13028,0.886069,-1,106.375,106.375,0
1786403664239,13291,die0,13042,13042,0.886069,-1,106.375,106.375,0
1786403664339,13291,die0,13054,13054,0.886069,-1,106.375,106.375,0
1786403664439,13291,die0,13067,13067,0.886069,-1,106.375,106.375,0
1786403664539,13291,die0,13078,13078,0.886069,-1,106.375,106.375,0
1786403664639,13291,die0,13088,13088,0.886069,-1,106.375,106.375,0
1786403664739,13291,die0,13098,13098,0.886069,-1,106.375,106.375,0
1786403664839,13291,die0,13107,13107,0.886069,-1,106.375,106.375,0
1786403664939,13291,die0,13116,13116,0.886069,-1,106.375,106.375,0
1786403665039,13413.8,die0,13136,13136,0.894254,-1,106,106,0
1786403665139,13413.8,die0,13154,13154,0.894254,-1,106,106,0
1786403665239,13413.8,die0,13171,13171,0.894254,-1,106,106,0
1786403665339,13413.8,die0,13187,13187,0.894254,-1,106,106,0
1786403665439,13413.8,die0,13202,13202,0.894254,-1,106,106,0
1786403665539,13413.8,die0,13216,13216,0.894254,-1,106,106,0
1786403665639,13413.8,die0,13229,13229,0.894254,-1,106,106,0
1786403665739,13413.8,die0,13241,13241,0.894254,-1,106,106,0
1786403665839,13413.8,die0,13253,13253,0.894254,-1,106,106,0
1786403665939,13413.8,die0,13263,13263,0.894254,-1,106,106,0
1786403666039,13478.4,die0,13277,13277,0.89856,-1,105.375,105.375,0
1786403666142,13478.4,die0,13290,13290,0.89856,-1,105.375,105.375,0
1786403666242,13478.4,die0,13302,13302,0.89856,-1,105.375,105.375,0
1786403666339,13478.4,die0,13313,13313,0.89856,-1,105.375,105.375,0
1786403666439,13478.4,die0,13324,13324,0.89856,-1,105.375,105.375,0
1786403666539,13478.4,die0,13334,13334,0.89856,-1,105.375,105.375,0
1786403666639,13478.4,die0,13343,13343,0.89856,-1,105.375,105.375,0
1786403666739,13478.4,die0,13351,13351,0.89856,-1,105.375,105.375,0
1786403666839,13478.4,die0,13359,13359,0.89856,-1,105.375,105.375,0
1786403666939,13478.4,die0,13367,13367,0.89856,-1,105.375,105.375,0
1786403667039,13596.2,die0,13381,13381,0.906412,-1,105,105,0
1786403667139,13596.2,die0,13395,13395,0.906412,-1,105,105,0
1786403667239,13596.2,die0,13408,13408,0.906412,-1,105,105,0
1786403667339,13596.2,die0,13420,13420,0.906412,-1,105,105,0
1786403667439,13596.2,die0,13431,13431,0.906412,-1,105,105,0
1786403667539,13596.2,die0,13442,13442,0.906412,-1,105,105,0
1786403667639,13596.2,die0,13451,13451,0.906412,-1,105,105,0
1786403667739,13596.2,die0,13461,13461,0.906412,-1,105,105,0
1786403667839,13596.2,die0,13469,13469,0.906412,-1,105,105,0
1786403667939,13596.2,die0,13477,13477,0.906412,-1,105,105,0
1786403668039,13698,die0,13488,13488,0.9132,-1,104.562,104.562,0
1786403668139,13698,die0,13499,13499,0.9132,-1,104.562,104.562,0
1786403668239,13698,die0,13509,13509,0.9132,-1,104.562,104.562,0
1786403668339,13698,die0,13518,13518,0.9132,-1,104.562,104.562,0
1786403668439,13698,die0,13527,13527,0.9132,-1,104.562,104.562,0
1786403668539,13698,die0,13535,13535,0.9132,-1,104.562,104.562,0
1786403668639,13698,die0,13542,13542,0.9132,-1,104.562,104.562,0
1786403668739,13698,die0,13549,13549,0.9132,-1,104.562,104.562,0
1786403668839,13698,die0,13556,13556,0.9132,-1,104.562,104.562,0
1786403668939,13698,die0,13562,13562,0.9132,-1,104.562,104.562,0
1786403669039,13825.8,die0,13579,13579,0.921719,-1,104.25,104.25,0
1786403669139,13825.8,die0,13596,13596,0.921719,-1,104.25,104.25,0
1786403669239,13825.8,die0,13611,13611,0.921719,-1,104.25,104.25,0
1786403669339,13825.8,die0,13625,13625,0.921719,-1,104.25,104.25,0
1786403669439,13825.8,die0,13638,13638,0.921719,-1,104.25,104.25,0
1786403669539,13825.8,die0,13651,13651,0.921719,-1,104.25,104.25,0
1786403669639,13825.8,die0,13662,13662,0.921719,-1,104.25,104.25,0
1786403669739,13825.8,die0,13673,13673,0.921719,-1,104.25,104.25,0
1786403669839,13825.8,die0,13683,13683,0.921719,-1,104.25,104.25,0
1786403669939,13825.8,die0,13692,13692,0.921719,-1,104.25,104.25,0
1786403670042,13881.6,die0,13701,13701,0.92544,-1,103.625,103.625,0
1786403670139,13881.6,die0,13709,13709,0.92544,-1,103.625,103.625,0
1786403670239,13881.6,die0,13717,13717,0.92544,-1,103.625,103.625,0
1786403670339,13881.6,die0,13724,13724,0.92544,-1,103.625,103.625,0
1786403670439,13881.6,die0,13731,13731,0.92544,-1,103.625,103.625,0
1786403670539,13881.6,die0,13737,13737,0.92544,-1,103.625,103.625,0
1786403670639,13881.6,die0,13743,13743,0.92544,-1,103.625,103.625,0
1786403670739,13881.6,die0,13748,13748,0.92544,-1,103.625,103.625,0
1786403670839,13881.6,die0,13753,13753,0.92544,-1,103.625,103.625,0
1786403670939,13881.6,die0,13758,13758,0.92544,-1,103.625,103.625,0
1786403671039,13962.4,die0,13770,13770,0.93083,-1,103.125,103.125,0
1786403671139,13962.4,die0,13781,13781,0.93083,-1,103.125,103.125,0
1786403671239,13962.4,die0,13792,13792,0.93083,-1,103.125,103.125,0
1786403671339,13962.4,die0,13802,13802,0.93083,-1,103.125,103.125,0
1786403671439,13962.4,die0,13811,13811,0.93083,-1,103.125,103.125,0
1786403671539,13962.4,die0,13820,13820,0.93083,-1,103.125,103.125,0
1786403671639,13962.4,die0,13828,13828,0.93083,-1,103.125,103.125,0
1786403671739,13962.4,die0,13836,13836,0.93083,-1,103.125,103.125,0
1786403671842,13962.4,die0,13843,13843,0.93083,-1,103.125,103.125,0
1786403671939,13962.4,die0,13849,13849,0.93083,-1,103.125,103.125,0
1786403672039,14069,die0,13863,13863,0.93793,-1,102.75,102.75,0
1786403672139,14069,die0,13876,13876,0.93793,-1,102.75,102.75,0
1786403672239,14069,die0,13888,13888,0.93793,-1,102.75,102.75,0
1786403672339,14069,die0,13900,13900,0.93793,-1,102.75,102.75,0
1786403672439,14069,die0,13910,13910,0.93793,-1,102.75,102.75,0
1786403672539,14069,die0,13920,13920,0.93793,-1,102.75,102.75,0
1786403672639,14069,die0,13929,13929,0.93793,-1,102.75,102.75,0
1786403672739,14069,die0,13938,13938,0.93793,-1,102.75,102.75,0
1786403672839,14069,die0,13946,13946,0.93793,-1,102.75,102.75,0
1786403672939,14069,die0,13954,13954,0.93793,-1,102.75,102.75,0
1786403673039,14159.5,die0,13965,13965,0.943967,-1,102.312,102.312,0
1786403673139,14159.5,die0,13975,13975,0.943967,-1,102.312,102.312,0
1786403673239,14159.5,die0,13984,13984,0.943967,-1,102.312,102.312,0
1786403673339,14159.5,die0,13993,13993,0.943967,-1,102.312,102.312,0
1786403673439,14159.5,die0,14001,14001,0.943967,-1,102.312,102.312,0
1786403673539,14159.5,die0,14009,14009,0.943967,-1,102.312,102.312,0
1786403673639,14159.5,die0,14016,14016,0.943967,-1,102.312,102.312,0
1786403673739,14159.5,die0,14023,14023,0.943967,-1,102.312,102.312,0
1786403673839,14159.5,die0,14030,14030,0.943967,-1,102.312,102.312,0
1786403673939,14159.5,die0,14035,14035,0.943967,-1,102.312,102.312,0
1786403674039,14219.7,die0,14045,14045,0.947979,-1,101.75,101.75,0
1786403674139,14219.7,die0,14054,14054,0.947979,-1,101.75,101.75,0
1786403674239,14219.7,die0,14062,14062,0.947979,-1,101.75,101.75,0
1786403674339,14219.7,die0,14069,14069,0.947979,-1,101.75,101.75,0
1786403674439,14219.7,die0,14077,14077,0.947979,-1,101.75,101.75,0
1786403674539,14219.7,die0,14083,14083,0.947979,-1,101.75,101.75,0
1786403674639,14219.7,die0,14089,14089,0.947979,-1,101.75,101.75,0
1786403674739,14219.7,die0,14095,14095,0.947979,-1,101.75,101.75,0
1786403674839,14219.7,die0,14101,14101,0.947979,-1,101.75,101.75,0
1786403674939,14219.7,die0,14106,14106,0.947979,-1,101.75,101.75,0
1786403675039,14319.3,die0,14118,14118,0.954621,-1,101.375,101.375,0
1786403675139,14319.3,die0,14130,14130,0.954621,-1,101.375,101.375,0
1786403675239,14319.3,die0,14141,14141,0.954621,-1,101.375,101.375,0
1786403675339,14319.3,die0,14151,14151,0.954621,-1,101.375,101.375,0
1786403675439,14319.3,die0,14161,14161,0.954621,-1,101.375,101.375,0
1786403675539,14319.3,die0,14170,14170,0.954621,-1,101.375,101.375,0
1786403675639,14319.3,die0,14178,14178,0.954621,-1,101.375,101.375,0
1786403675739,14319.3,die0,14186,14186,0.954621,-1,101.375,101.375,0
1786403675839,14319.3,die0,14193,14193,0.954621,-1,101.375,101.375,0
1786403675939,14319.3,die0,14200,14200,0.954621,-1,101.375,101.375,0
1786403676039,14346.6,die0,14206,14206,0.956443,-1,100.688,100.688,0
1786403676139,14346.6,die0,14212,14212,0.956443,-1,100.688,100.688,0
1786403676239,14346.6,die0,14217,14217,0.956443,-1,100.688,100.688,0
1786403676339,14346.6,die0,14222,14222,0.956443,-1,100.688,100.688,0
1786403676439,14346.6,die0,14227,14227,0.956443,-1,100.688,100.688,0
1786403676539,14346.6,die0,14232,14232,0.956443,-1,100.688,100.688,0
1786403676639,14346.6,die0,14236,14236,0.956443,-1,100.688,100.688,0
1786403676739,14346.6,die0,14240,14240,0.956443,-1,100.688,100.688,0
1786403676839,14346.6,die0,14243,14243,0.956443,-1,100.688,100.688,0
1786403676939,14346.6,die0,14247,14247,0.956443,-1,100.688,100.688,0
1786403677039,14440.9,die0,14258,14258,0.962729,-1,100.312,100.312,0
1786403677139,14440.9,die0,14268,14268,0.962729,-1,100.312,100.312,0
1786403677239,14440.9,die0,14278,14278,0.962729,-1,100.312,100.312,0
1786403677339,14440.9,die0,14287,14287,0.962729,-1,100.312,100.312,0
1786403677439,14440.9,die0,14295,14295,0.962729,-1,100.312,100.312,0
1786403677539,14440.9,die0,14303,14303,0.962729,-1,100.312,100.312,0
1786403677642,14440.9,die0,14310,14310,0.962729,-1,100.312,100.312,0
1786403677739,14440.9,die0,14317,14317,0.962729,-1,100.312,100.312,0
1786403677839,14440.9,die0,14323,14323,0.962729,-1,100.312,100.312,0
1786403677939,14440.9,die0,14329,14329,0.962729,-1,100.312,100.312,0
1786403678039,14519.3,die0,14338,14338,0.967952,-1,99.875,99.875,0
1786403678139,14519.3,die0,14347,14347,0.967952,-1,99.875,99.875,0
1786403678239,14519.3,die0,14355,14355,0.967952,-1,99.875,99.875,0
1786403678339,14519.3,die0,14363,14363,0.967952,-1,99.875,99.875,0
1786403678439,14519.3,die0,14370,14370,0.967952,-1,99.875,99.875,0
1786403678539,14519.3,die0,14377,14377,0.967952,-1,99.875,99.875,0
1786403678639,14519.3,die0,14383,14383,0.967952,-1,99.875,99.875,0
1786403678739,14519.3,die0,14389,14389,0.967952,-1,99.875,99.875,0
1786403678839,14519.3,die0,14394,14394,0.967952,-1,99.875,99.875,0
1786403678939,14519.3,die0,14400,14400,0.967952,-1,99.875,99.875,0
1786403679039,14609.5,die0,14412,14412,0.973966,-1,99.5,99.5,0
1786403679139,14609.5,die0,14424,14424,0.973966,-1,99.5,99.5,0
1786403679239,14609.5,die0,14435,14435,0.973966,-1,99.5,99.5,0
1786403679339,14609.5,die0,14445,14445,0.973966,-1,99.5,99.5,0
1786403679446,14609.5,die0,14455,14455,0.973966,-1,99.5,99.5,0
1786403679539,14609.5,die0,14464,14464,0.973966,-1,99.5,99.5,0
1786403679639,14609.5,die0,14472,14472,0.973966,-1,99.5,99.5,0
1786403679739,14609.5,die0,14480,14480,0.973966,-1,99.5,99.5,0
1786403679839,14609.5,die0,14487,14487,0.973966,-1,99.5,99.5,0
1786403679939,14609.5,die0,14494,14494,0.973966,-1,99.5,99.5,0
1786403680039,14641.5,die0,14500,14500,0.976101,-1,98.875,98.875,0
1786403680139,14641.5,die0,14506,14506,0.976101,-1,98.875,98.875,0
1786403680239,14641.5,die0,14511,14511,0.976101,-1,98.875,98.875,0
1786403680339,14641.5,die0,14516,14516,0.976101,-1,98.875,98.875,0
1786403680439,14641.5,die0,14521,14521,0.976101,-1,98.875,98.875,0
1786403680539,14641.5,die0,14526,14526,0.976101,-1,98.875,98.875,0
1786403680639,14641.5,die0,14530,14530,0.976101,-1,98.875,98.875,0
1786403680739,14641.5,die0,14534,14534,0.976101,-1,98.875,98.875,0
1786403680839,14641.5,die0,14537,14537,0.976101,-1,98.875,98.875,0
1786403680939,14641.5,die0,14541,14541,0.976101,-1,98.875,98.875,0
1786403681039,14698.6,die0,14548,14548,0.979905,-1,98.375,98.375,0
1786403681139,14698.6,die0,14554,14554,0.979905,-1,98.375,98.375,0
1786403681239,14698.6,die0,14561,14561,0.979905,-1,98.375,98.375,0
1786403681339,14698.6,die0,14566,14566,0.979905,-1,98.375,98.375,0
1786403681439,14698.6,die0,14572,14572,0.979905,-1,98.375,98.375,0
1786403681539,14698.6,die0,14577,14577,0.979905,-1,98.375,98.375,0
1786403681639,14698.6,die0,14581,14581,0.979905,-1,98.375,98.375,0
1786403681739,14698.6,die0,14586,14586,0.979905,-1,98.375,98.375,0
1786403681839,14698.6,die0,14590,14590,0.979905,-1,98.375,98.375,0
1786403681939,14698.6,die0,14594,14594,0.979905,-1,98.375,98.375,0
1786403682039,14781.3,die0,14605,14605,0.985419,-1,98,98,0
1786403682139,14781.3,die0,14616,14616,0.985419,-1,98,98,0
1786403682239,14781.3,die0,14626,14626,0.985419,-1,98,98,0
1786403682339,14781.3,die0,14635,14635,0.985419,-1,98,98,0
1786403682439,14781.3,die0,14644,14644,0.985419,-1,98,98,0
1786403682539,14781.3,die0,14652,14652,0.985419,-1,98,98,0
1786403682639,14781.3,die0,14659,14659,0.985419,-1,98,98,0
1786403682739,14781.3,die0,14666,14666,0.985419,-1,98,98,0
1786403682839,14781.3,die0,14673,14673,0.985419,-1,98,98,0
1786403682939,14781.3,die0,14679,14679,0.985419,-1,98,98,0
1786403683039,14834,die0,14689,14689,0.98893,-1,97.5,97.5,0
1786403683139,14834,die0,14698,14698,0.98893,-1,97.5,97.5,0
1786403683239,14834,die0,14706,14706,0.98893,-1,97.5,97.5,0
1786403683339,14834,die0,14714,14714,0.98893,-1,97.5,97.5,0
1786403683439,14834,die0,14721,14721,0.98893,-1,97.5,97.5,0
1786403683539,14834,die0,14728,14728,0.98893,-1,97.5,97.5,0
1786403683639,14834,die0,14734,14734,0.98893,-1,97.5,97.5,0
1786403683739,14834,die0,14740,14740,0.98893,-1,97.5,97.5,0
1786403683839,14834,die0,14746,14746,0.98893,-1,97.5,97.5,0
1786403683939,14834,die0,14751,14751,0.98893,-1,97.5,97.5,0
1786403684039,14898.2,die0,14760,14760,0.993213,-1,97.0625,97.0625,0
1786403684139,14898.2,die0,14768,14768,0.993213,-1,97.0625,97.0625,0
1786403684239,14898.2,die0,14776,14776,0.993213,-1,97.0625,97.0625,0
1786403684339,14898.2,die0,14783,14783,0.993213,-1,97.0625,97.0625,0
1786403684439,14898.2,die0,14789,14789,0.993213,-1,97.0625,97.0625,0
1786403684539,14898.2,die0,14796,14796,0.993213,-1,97.0625,97.0625,0
1786403684639,14898.2,die0,14801,14801,0.993213,-1,97.0625,97.0625,0
1786403684739,14898.2,die0,14807,14807,0.993213,-1,97.0625,97.0625,0
1786403684842,14898.2,die0,14812,14812,0.993213,-1,97.0625,97.0625,0
1786403684939,14898.2,die0,14816,14816,0.993213,-1,97.0625,97.0625,0
1786403685039,14960.3,die0,14825,14825,0.99735,-1,96.625,96.625,0
1786403685139,14960.3,die0,14833,14833,0.99735,-1,96.625,96.625,0
1786403685239,14960.3,die0,14840,14840,0.99735,-1,96.625,96.625,0
1786403685339,14960.3,die0,14847,14847,0.99735,-1,96.625,96.625,0
1786403685439,14960.3,die0,14853,14853,0.99735,-1,96.625,96.625,0
1786403685539,14960.3,die0,14859,14859,0.99735,-1,96.625,96.625,0
1786403685639,14960.3,die0,14864,14864,0.99735,-1,96.625,96.625,0
1786403685739,14960.3,die0,14869,14869,0.99735,-1,96.625,96.625,0
1786403685842,14960.3,die0,14874,14874,0.99735,-1,96.625,96.625,0
1786403685939,14960.3,die0,14879,14879,0.99735,-1,96.625,96.625,0
1786403686039,15000,die0,14887,14887,1,-1,96.1875,96.1875,0
1786403686139,15000,die0,14894,14894,1,-1,96.1875,96.1875,0
1786403686239,15000,die0,14901,14901,1,-1,96.1875,96.1875,0
1786403686339,15000,die0,14908,14908,1,-1,96.1875,96.1875,0
1786403686439,15000,die0,14914,14914,1,-1,96.1875,96.1875,0
1786403686539,15000,die0,14920,14920,1,-1,96.1875,96.1875,0
1786403686639,15000,die0,14925,14925,1,-1,96.1875,96.1875,0
1786403686739,15000,die0,14930,14930,1,-1,96.1875,96.1875,0
1786403686839,15000,die0,14935,14935,1,-1,96.1875,96.1875,0
1786403686939,15000,die0,14939,14939,1,-1,96.1875,96.1875,0
1786403687039,15000,die0,14943,14943,1,-1,95.6875,95.6875,0
1786403687139,15000,die0,14947,14947,1,-1,95.6875,95.6875,0
1786403687239,15000,die0,14950,14950,1,-1,95.6875,95.6875,0
1786403687339,15000,die0,14954,14954,1,-1,95.6875,95.6875,0
1786403687439,15000,die0,14957,14957,1,-1,95.6875,95.6875,0
1786403687539,15000,die0,14960,14960,1,-1,95.6875,95.6875,0
1786403687639,15000,die0,14962,14962,1,-1,95.6875,95.6875,0
1786403687742,15000,die0,14965,14965,1,-1,95.6875,95.6875,0
1786403687839,15000,die0,14967,14967,1,-1,95.6875,95.6875,0
1786403687939,15000,die0,14969,14969,1,-1,95.6875,95.6875,0
1786403688039,15000,die0,14971,14971,1,-1,95.3125,95.3125,0
1786403688139,15000,die0,14973,14973,1,-1,95.3125,95.3125,0
1786403688239,15000,die0,14975,14975,1,-1,95.3125,95.3125,0
1786403688339,15000,die0,14977,14977,1,-1,95.3125,95.3125,0
1786403688439,15000,die0,14978,14978,1,-1,95.3125,95.3125,0
1786403688539,15000,die0,14980,14980,1,-1,95.3125,95.3125,0
1786403688639,15000,die0,14981,14981,1,-1,95.3125,95.3125,0
1786403688739,15000,die0,14982,14982,1,-1,95.3125,95.3125,0
1786403688839,15000,die0,14984,14984,1,-1,95.3125,95.3125,0
1786403688939,15000,die0,14985,14985,1,-1,95.3125,95.3125,0
1786403689039,15000,die0,14986,14986,1,-1,94.8125,94.8125,0
1786403689139,15000,die0,14987,14987,1,-1,94.8125,94.8125,0
1786403689242,15000,die0,14988,14988,1,-1,94.8125,94.8125,0
1786403689339,15000,die0,14988,14988,1,-1,94.8125,94.8125,0
1786403689439,15000,die0,14989,14989,1,-1,94.8125,94.8125,0
1786403689539,15000,die0,14990,14990,1,-1,94.8125,94.8125,0
1786403689639,15000,die0,14991,14991,1,-1,94.8125,94.8125,0
1786403689739,15000,die0,14991,14991,1,-1,94.8125,94.8125,0
1786403689839,15000,die0,14992,14992,1,-1,94.8125,94.8125,0
1786403689939,15000,die0,14992,14992,1,-1,94.8125,94.8125,0
1786403690039,15000,die0,14993,14993,1,-1,94.375,94.375,0
1786403690139,15000,die0,14993,14993,1,-1,94.375,94.375,0
1786403690239,15000,die0,14994,14994,1,-1,94.375,94.375,0
1786403690339,15000,die0,14994,14994,1,-1,94.375,94.375,0
1786403690439,15000,die0,14995,14995,1,-1,94.375,94.375,0
1786403690539,15000,die0,14995,14995,1,-1,94.375,94.375,0
1786403690639,15000,die0,14995,14995,1,-1,94.375,94.375,0
1786403690739,15000,die0,14996,14996,1,-1,94.375,94.375,0
1786403690839,15000,die0,14996,14996,1,-1,94.375,94.375,0
1786403690942,15000,die0,14996,14996,1,-1,94.375,94.375,0
1786403691039,15000,die0,14996,14996,1,-1,93.9375,93.9375,0
1786403691139,15000,die0,14997,14997,1,-1,93.9375,93.9375,0
1786403691239,15000,die0,14997,14997,1,-1,93.9375,93.9375,0
1786403691339,15000,die0,14997,14997,1,-1,93.9375,93.9375,0
1786403691439,15000,die0,14997,14997,1,-1,93.9375,93.9375,0
1786403691539,15000,die0,14997,14997,1,-1,93.9375,93.9375,0
1786403691639,15000,die0,14998,14998,1,-1,93.9375,93.9375,0
1786403691739,15000,die0,14998,14998,1,-1,93.9375,93.9375,0
1786403691839,15000,die0,14998,14998,1,-1,93.9375,93.9375,0
1786403691939,15000,die0,14998,14998,1,-1,93.9375,93.9375,0
1786403692039,15000,die0,14998,14998,1,-1,93.4375,93.4375,0
1786403692139,15000,die0,14998,14998,1,-1,93.4375,93.4375,0
1786403692239,15000,die0,14998,14998,1,-1,93.4375,93.4375,0
1786403692339,15000,die0,14999,14999,1,-1,93.4375,93.4375,0
1786403692439,15000,die0,14999,14999,1,-1,93.4375,93.4375,0
1786403692542,15000,die0,14999,14999,1,-1,93.4375,93.4375,0
1786403692639,15000,die0,14999,14999,1,-1,93.4375,93.4375,0
1786403692739,15000,die0,14999,14999,1,-1,93.4375,93.4375,0
1786403692839,15000,die0,14999,14999,1,-1,93.4375,93.4375,0
1786403692939,15000,die0,14999,14999,1,-1,93.4375,93.4375,0
1786403693039,15000,die0,14999,14999,1,-1,93,93,0
1786403693139,15000,die0,14999,14999,1,-1,93,93,0
1786403693239,15000,die0,14999,14999,1,-1,93,93,0
1786403693339,15000,die0,14999,14999,1,-1,93,93,0
1786403693439,15000,die0,14999,14999,1,-1,93,93,0
1786403693539,15000,die0,14999,14999,1,-1,93,93,0
1786403693639,15000,die0,14999,14999,1,-1,93,93,0
1786403693739,15000,die0,14999,14999,1,-1,93,93,0
1786403693839,15000,die0,14999,14999,1,-1,93,93,0
1786403693939,15000,die0,15000,15000,1,-1,93,93,0
1786403694039,15000,die0,15000,15000,1,-1,92.4375,92.4375,0
1786403694142,15000,die0,15000,15000,1,-1,92.4375,92.4375,0
1786403694239,15000,die0,15000,15000,1,-1,92.4375,92.4375,0
1786403694339,15000,die0,15000,15000,1,-1,92.4375,92.4375,0
1786403694439,15000,die0,15000,15000,1,-1,92.4375,92.4375,0
1786403694539,15000,die0,15000,15000,1,-1,92.4375,92.4375,0
1786403694639,15000,die0,15000,15000,1,-1,92.4375,92.4375,0
1786403694739,15000,die0,15000,15000,1,-1,92.4375,92.4375,0
1786403694839,15000,die0,15000,15000,1,-1,92.4375,92.4375,0
1786403694939,15000,die0,15000,15000,1,-1,92.4375,92.4375,0
1786403695039,15000,die0,15000,15000,1,-1,92.125,92.125,0
1786403695139,15000,die0,15000,15000,1,-1,92.125,92.125,0
1786403695239,15000,die0,15000,15000,1,-1,92.125,92.125,0
1786403695339,15000,die0,15000,15000,1,-1,92.125,92.125,0
1786403695439,15000,die0,15000,15000,1,-1,92.125,92.125,0
1786403695539,15000,die0,15000,15000,1,-1,92.125,92.125,0
1786403695639,15000,die0,15000,15000,1,-1,92.125,92.125,0
1786403695742,15000,die0,15000,15000,1,-1,92.125,92.125,0
1786403695839,15000,die0,15000,15000,1,-1,92.125,92.125,0
1786403695939,15000,die0,15000,15000,1,-1,92.125,92.125,0
1786403696039,15000,die0,15000,15000,1,-1,91.75,91.75,0
1786403696139,15000,die0,15000,15000,1,-1,91.75,91.75,0
1786403696239,15000,die0,15000,15000,1,-1,91.75,91.75,0
1786403696339,15000,die0,15000,15000,1,-1,91.75,91.75,0
1786403696439,15000,die0,15000,15000,1,-1,91.75,91.75,0
1786403696539,15000,die0,15000,15000,1,-1,91.75,91.75,0
1786403696642,15000,die0,15000,15000,1,-1,91.75,91.75,0
1786403696739,15000,die0,15000,15000,1,-1,91.75,91.75,0
1786403696839,15000,die0,15000,15000,1,-1,91.75,91.75,0
1786403696939,15000,die0,15000,15000,1,-1,91.75,91.75,0
1786403697039,15000,die0,15000,15000,1,-1,91.3125,91.3125,0
1786403697139,15000,die0,15000,15000,1,-1,91.3125,91.3125,0
1786403697239,15000,die0,15000,15000,1,-1,91.3125,91.3125,0
1786403697339,15000,die0,15000,15000,1,-1,91.3125,91.3125,0
1786403697439,15000,die0,15000,15000,1,-1,91.3125,91.3125,0
1786403697539,15000,die0,15000,15000,1,-1,91.3125,91.3125,0
1786403697639,15000,die0,15000,15000,1,-1,91.3125,91.3125,0
1786403697739,15000,die0,15000,15000,1,-1,91.3125,91.3125,0
1786403697839,15000,die0,15000,15000,1,-1,91.3125,91.3125,0
1786403697942,15000,die0,15000,15000,1,-1,91.3125,91.3125,0
1786403698039,15000,die0,15000,15000,1,-1,90.9375,90.9375,0
1786403698139,15000,die0,15000,15000,1,-1,90.9375,90.9375,0
1786403698239,15000,die0,15000,15000,1,-1,90.9375,90.9375,0
1786403698339,15000,die0,15000,15000,1,-1,90.9375,90.9375,0
1786403698439,15000,die0,15000,15000,1,-1,90.9375,90.9375,0
1786403698539,15000,die0,15000,15000,1,-1,90.9375,90.9375,0
1786403698639,15000,die0,15000,15000,1,-1,90.9375,90.9375,0
1786403698739,15000,die0,15000,15000,1,-1,90.9375,90.9375,0
1786403698839,15000,die0,15000,15000,1,-1,90.9375,90.9375,0
1786403698939,15000,die0,15000,15000,1,-1,90.9375,90.9375,0
1786403699039,15000,die0,15000,15000,1,-1,90.625,90.625,0
1786403699139,15000,die0,15000,15000,1,-1,90.625,90.625,0
1786403699242,15000,die0,15000,15000,1,-1,90.625,90.625,0
1786403699339,15000,die0,15000,15000,1,-1,90.625,90.625,0
1786403699439,15000,die0,15000,15000,1,-1,90.625,90.625,0
1786403699539,15000,die0,15000,15000,1,-1,90.625,90.625,0
1786403699639,15000,die0,15000,15000,1,-1,90.625,90.625,0
1786403699739,15000,die0,15000,15000,1,-1,90.625,90.625,0
1786403699839,15000,die0,15000,15000,1,-1,90.625,90.625,0
1786403699939,15000,die0,15000,15000,1,-1,90.625,90.625,0
1786403700039,15000,die0,15000,15000,1,-1,90.0625,90.0625,0
1786403700139,15000,die0,15000,15000,1,-1,90.0625,90.0625,0
1786403700239,15000,die0,15000,15000,1,-1,90.0625,90.0625,0
1786403700339,15000,die0,15000,15000,1,-1,90.0625,90.0625,0
1786403700439,15000,die0,15000,15000,1,-1,90.0625,90.0625,0
1786403700539,15000,die0,15000,15000,1,-1,90.0625,90.0625,0
1786403700639,15000,die0,15000,15000,1,-1,90.0625,90.0625,0
1786403700739,15000,die0,15000,15000,1,-1,90.0625,90.0625,0
1786403700839,15000,die0,15000,15000,1,-1,90.0625,90.0625,0
1786403700939,15000,die0,15000,15000,1,-1,90.0625,90.0625,0
1786403701039,15000,die0,15000,15000,1,-1,89.8125,89.8125,0
1786403701139,15000,die0,15000,15000,1,-1,89.8125,89.8125,0
1786403701239,15000,die0,15000,15000,1,-1,89.8125,89.8125,0
1786403701339,15000,die0,15000,15000,1,-1,89.8125,89.8125,0
1786403701439,15000,die0,15000,15000,1,-1,89.8125,89.8125,0
1786403701539,15000,die0,15000,15000,1,-1,89.8125,89.8125,0
1786403701639,15000,die0,15000,15000,1,-1,89.8125,89.8125,0
1786403701739,15000,die0,15000,15000,1,-1,89.8125,89.8125,0
1786403701839,15000,die0,15000,15000,1,-1,89.8125,89.8125,0
1786403701939,15000,die0,15000,15000,1,-1,89.8125,89.8125,0
1786403702039,15000,die0,15000,15000,1,-1,89.5,89.5,0
1786403702139,15000,die0,15000,15000,1,-1,89.5,89.5,0
1786403702239,15000,die0,15000,15000,1,-1,89.5,89.5,0
1786403702339,15000,die0,15000,15000,1,-1,89.5,89.5,0
1786403702439,15000,die0,15000,15000,1,-1,89.5,89.5,0
1786403702539,15000,die0,15000,15000,1,-1,89.5,89.5,0
1786403702639,15000,die0,15000,15000,1,-1,89.5,89.5,0
1786403702739,15000,die0,15000,15000,1,-1,89.5,89.5,0
1786403702839,15000,die0,15000,15000,1,-1,89.5,89.5,0
1786403702939,15000,die0,15000,15000,1,-1,89.5,89.5,0
1786403703039,15000,die0,15000,15000,1,-1,89.0625,89.0625,0
1786403703139,15000,die0,15000,15000,1,-1,89.0625,89.0625,0
1786403703239,15000,die0,15000,15000,1,-1,89.0625,89.0625,0
1786403703339,15000,die0,15000,15000,1,-1,89.0625,89.0625,0
1786403703439,15000,die0,15000,15000,1,-1,89.0625,89.0625,0
1786403703539,15000,die0,15000,15000,1,-1,89.0625,89.0625,0
1786403703639,15000,die0,15000,15000,1,-1,89.0625,89.0625,0
1786403703739,15000,die0,15000,15000,1,-1,89.0625,89.0625,0
1786403703839,15000,die0,15000,15000,1,-1,89.0625,89.0625,0
1786403703939,15000,die0,15000,15000,1,-1,89.0625,89.0625,0
1786403704039,15000,die0,15000,15000,1,-1,88.625,88.625,0
1786403704139,15000,die0,15000,15000,1,-1,88.625,88.625,0
1786403704239,15000,die0,15000,15000,1,-1,88.625,88.625,0
1786403704339,15000,die0,15000,15000,1,-1,88.625,88.625,0
1786403704439,15000,die0,15000,15000,1,-1,88.625,88.625,0
1786403704539,15000,die0,15000,15000,1,-1,88.625,88.625,0
1786403704639,15000,die0,15000,15000,1,-1,88.625,88.625,0
1786403704739,15000,die0,15000,15000,1,-1,88.625,88.625,0
1786403704839,15000,die0,15000,15000,1,-1,88.625,88.625,0
1786403704939,15000,die0,15000,15000,1,-1,88.625,88.625,0
1786403705039,15000,die0,15000,15000,1,-1,88.3125,88.3125,0
1786403705139,15000,die0,15000,15000,1,-1,88.3125,88.3125,0
1786403705239,15000,die0,15000,15000,1,-1,88.3125,88.3125,0
1786403705339,15000,die0,15000,15000,1,-1,88.3125,88.3125,0
1786403705439,15000,die0,15000,15000,1,-1,88.3125,88.3125,0
1786403705542,15000,die0,15000,15000,1,-1,88.3125,88.3125,0
1786403705639,15000,die0,15000,15000,1,-1,88.3125,88.3125,0
1786403705739,15000,die0,15000,15000,1,-1,88.3125,88.3125,0
1786403705839,15000,die0,15000,15000,1,-1,88.3125,88.3125,0
1786403705939,15000,die0,15000,15000,1,-1,88.3125,88.3125,0
1786403706039,15000,die0,15000,15000,1,-1,87.9375,87.9375,0
1786403706139,15000,die0,15000,15000,1,-1,87.9375,87.9375,0
1786403706239,15000,die0,15000,15000,1,-1,87.9375,87.9375,0
1786403706339,15000,die0,15000,15000,1,-1,87.9375,87.9375,0
1786403706442,15000,die0,15000,15000,1,-1,87.9375,87.9375,0
1786403706539,15000,die0,15000,15000,1,-1,87.9375,87.9375,0
1786403706639,15000,die0,15000,15000,1,-1,87.9375,87.9375,0
1786403706739,15000,die0,15000,15000,1,-1,87.9375,87.9375,0
1786403706839,15000,die0,15000,15000,1,-1,87.9375,87.9375,0
1786403706939,15000,die0,15000,15000,1,-1,87.9375,87.9375,0
1786403707039,15000,die0,15000,15000,1,-1,87.625,87.625,0
1786403707139,15000,die0,15000,15000,1,-1,87.625,87.625,0
1786403707239,15000,die0,15000,15000,1,-1,87.625,87.625,0
1786403707339,15000,die0,15000,15000,1,-1,87.625,87.625,0
1786403707439,15000,die0,15000,15000,1,-1,87.625,87.625,0
1786403707539,15000,die0,15000,15000,1,-1,87.625,87.625,0
1786403707639,15000,die0,15000,15000,1,-1,87.625,87.625,0
1786403707739,15000,die0,15000,15000,1,-1,87.625,87.625,0
1786403707839,15000,die0,15000,15000,1,-1,87.625,87.625,0
1786403707939,15000,die0,15000,15000,1,-1,87.625,87.625,0
1786403708039,15000,die0,15000,15000,1,-1,87.3125,87.3125,0
1786403708139,15000,die0,15000,15000,1,-1,87.3125,87.3125,0
1786403708239,15000,die0,15000,15000,1,-1,87.3125,87.3125,0
1786403708339,15000,die0,15000,15000,1,-1,87.3125,87.3125,0
1786403708439,15000,die0,15000,15000,1,-1,87.3125,87.3125,0
1786403708539,15000,die0,15000,15000,1,-1,87.3125,87.3125,0
1786403708639,15000,die0,15000,15000,1,-1,87.3125,87.3125,0
1786403708739,15000,die0,15000,15000,1,-1,87.3125,87.3125,0
1786403708839,15000,die0,15000,15000,1,-1,87.3125,87.3125,0
1786403708939,15000,die0,15000,15000,1,-1,87.3125,87.3125,0
1786403709039,15000,die0,15000,15000,1,-1,87,87,0
1786403709142,15000,die0,15000,15000,1,-1,87,87,0
1786403709239,15000,die0,15000,15000,1,-1,87,87,0
1786403709339,15000,die0,15000,15000,1,-1,87,87,0
1786403709439,15000,die0,15000,15000,1,-1,87,87,0
1786403709539,15000,die0,15000,15000,1,-1,87,87,0
1786403709639,15000,die0,15000,15000,1,-1,87,87,0
1786403709739,15000,die0,15000,15000,1,-1,87,87,0
1786403709839,15000,die0,15000,15000,1,-1,87,87,0
1786403709939,15000,die0,15000,15000,1,-1,87,87,0
1786403710039,15000,die0,15000,15000,1,-1,86.625,86.625,0
1786403710139,15000,die0,15000,15000,1,-1,86.625,86.625,0
1786403710239,15000,die0,15000,15000,1,-1,86.625,86.625,0
1786403710339,15000,die0,15000,15000,1,-1,86.625,86.625,0
1786403710439,15000,die0,15000,15000,1,-1,86.625,86.625,0
1786403710539,15000,die0,15000,15000,1,-1,86.625,86.625,0
1786403710639,15000,die0,15000,15000,1,-1,86.625,86.625,0
1786403710739,15000,die0,15000,15000,1,-1,86.625,86.625,0
1786403710839,15000,die0,15000,15000,1,-1,86.625,86.625,0
1786403710939,15000,die0,15000,15000,1,-1,86.625,86.625,0
1786403711039,15000,die0,15000,15000,1,-1,86.375,86.375,0
1786403711139,15000,die0,15000,15000,1,-1,86.375,86.375,0
1786403711239,15000,die0,15000,15000,1,-1,86.375,86.375,0
1786403711339,15000,die0,15000,15000,1,-1,86.375,86.375,0
1786403711439,15000,die0,15000,15000,1,-1,86.375,86.375,0
1786403711539,15000,die0,15000,15000,1,-1,86.375,86.375,0
1786403711639,15000,die0,15000,15000,1,-1,86.375,86.375,0
1786403711739,15000,die0,15000,15000,1,-1,86.375,86.375,0
1786403711839,15000,die0,15000,15000,1,-1,86.375,86.375,0
1786403711939,15000,die0,15000,15000,1,-1,86.375,86.375,0
1786403712039,15000,die0,15000,15000,1,-1,86.1875,86.1875,0
1786403712139,15000,die0,15000,15000,1,-1,86.1875,86.1875,0
1786403712239,15000,die0,15000,15000,1,-1,86.1875,86.1875,0
1786403712339,15000,die0,15000,15000,1,-1,86.1875,86.1875,0
1786403712439,15000,die0,15000,15000,1,-1,86.1875,86.1875,0
1786403712539,15000,die0,15000,15000,1,-1,86.1875,86.1875,0
1786403712639,15000,die0,15000,15000,1,-1,86.1875,86.1875,0
1786403712739,15000,die0,15000,15000,1,-1,86.1875,86.1875,0
1786403712839,15000,die0,15000,15000,1,-1,86.1875,86.1875,0
1786403712939,15000,die0,15000,15000,1,-1,86.1875,86.1875,0
1786403713039,15000,die0,15000,15000,1,-1,85.875,85.875,0
1786403713139,15000,die0,15000,15000,1,-1,85.875,85.875,0
1786403713239,15000,die0,15000,15000,1,-1,85.875,85.875,0
1786403713339,15000,die0,15000,15000,1,-1,85.875,85.875,0
1786403713439,15000,die0,15000,15000,1,-1,85.875,85.875,0
1786403713539,15000,die0,15000,15000,1,-1,85.875,85.875,0
1786403713639,15000,die0,15000,15000,1,-1,85.875,85.875,0
1786403713739,15000,die0,15000,15000,1,-1,85.875,85.875,0
1786403713839,15000,die0,15000,15000,1,-1,85.875,85.875,0
1786403713939,15000,die0,15000,15000,1,-1,85.875,85.875,0
1786403714042,15000,die0,15000,15000,1,-1,85.5625,85.5625,0
1786403714139,15000,die0,15000,15000,1,-1,85.5625,85.5625,0
1786403714239,15000,die0,15000,15000,1,-1,85.5625,85.5625,0
1786403714339,15000,die0,15000,15000,1,-1,85.5625,85.5625,0
1786403714439,15000,die0,15000,15000,1,-1,85.5625,85.5625,0
1786403714539,15000,die0,15000,15000,1,-1,85.5625,85.5625,0
1786403714639,15000,die0,15000,15000,1,-1,85.5625,85.5625,0
1786403714739,15000,die0,15000,15000,1,-1,85.5625,85.5625,0
1786403714839,15000,die0,15000,15000,1,-1,85.5625,85.5625,0
1786403714939,15000,die0,15000,15000,1,-1,85.5625,85.5625,0
1786403715039,15000,die0,15000,15000,1,-1,85.3125,85.3125,0
1786403715139,15000,die0,15000,15000,1,-1,85.3125,85.3125,0
1786403715239,15000,die0,15000,15000,1,-1,85.3125,85.3125,0
1786403715339,15000,die0,15000,15000,1,-1,85.3125,85.3125,0
1786403715439,15000,die0,15000,15000,1,-1,85.3125,85.3125,0
1786403715539,15000,die0,15000,15000,1,-1,85.3125,85.3125,0
1786403715642,15000,die0,15000,15000,1,-1,85.3125,85.3125,0
1786403715739,15000,die0,15000,15000,1,-1,85.3125,85.3125,0
1786403715839,15000,die0,15000,15000,1,-1,85.3125,85.3125,0
1786403715939,15000,die0,15000,15000,1,-1,85.3125,85.3125,0
1786403716039,15000,die0,15000,15000,1,-1,85,85,0
1786403716139,15000,die0,15000,15000,1,-1,85,85,0
1786403716239,15000,die0,15000,15000,1,-1,85,85,0
1786403716339,15000,die0,15000,15000,1,-1,85,85,0
1786403716439,15000,die0,15000,15000,1,-1,85,85,0
1786403716542,15000,die0,15000,15000,1,-1,85,85,0
1786403716639,15000,die0,15000,15000,1,-1,85,85,0
1786403716739,15000,die0,15000,15000,1,-1,85,85,0
1786403716839,15000,die0,15000,15000,1,-1,85,85,0
1786403716939,15000,die0,15000,15000,1,-1,85,85,0
1786403717039,15000,die0,15000,15000,1,-1,84.6875,84.6875,0
1786403717139,15000,die0,15000,15000,1,-1,84.6875,84.6875,0
1786403717239,15000,die0,15000,15000,1,-1,84.6875,84.6875,0
1786403717339,15000,die0,15000,15000,1,-1,84.6875,84.6875,0
1786403717439,15000,die0,15000,15000,1,-1,84.6875,84.6875,0
1786403717539,15000,die0,15000,15000,1,-1,84.6875,84.6875,0
1786403717639,15000,die0,15000,15000,1,-1,84.6875,84.6875,0
1786403717739,15000,die0,15000,15000,1,-1,84.6875,84.6875,0
1786403717839,15000,die0,15000,15000,1,-1,84.6875,84.6875,0
1786403717939,15000,die0,15000,15000,1,-1,84.6875,84.6875,0
1786403718039,15000,die0,15000,15000,1,-1,84.4375,84.4375,0
1786403718139,15000,die0,15000,15000,1,-1,84.4375,84.4375,0
1786403718239,15000,die0,15000,15000,1,-1,84.4375,84.4375,0
1786403718339,15000,die0,15000,15000,1,-1,84.4375,84.4375,0
1786403718439,15000,die0,15000,15000,1,-1,84.4375,84.4375,0
1786403718539,15000,die0,15000,15000,1,-1,84.4375,84.4375,0
1786403718639,15000,die0,15000,15000,1,-1,84.4375,84.4375,0
1786403718739,15000,die0,15000,15000,1,-1,84.4375,84.4375,0
1786403718839,15000,die0,15000,15000,1,-1,84.4375,84.4375,0
1786403718939,15000,die0,15000,15000,1,-1,84.4375,84.4375,0
1786403719039,15000,die0,15000,15000,1,-1,84.25,84.25,0
1786403719139,15000,die0,15000,15000,1,-1,84.25,84.25,0
1786403719239,15000,die0,15000,15000,1,-1,84.25,84.25,0
1786403719339,15000,die0,15000,15000,1,-1,84.25,84.25,0
1786403719439,15000,die0,15000,15000,1,-1,84.25,84.25,0
1786403719539,15000,die0,15000,15000,1,-1,84.25,84.25,0
1786403719639,15000,die0,15000,15000,1,-1,84.25,84.25,0
1786403719739,15000,die0,15000,15000,1,-1,84.25,84.25,0
1786403719839,15000,die0,15000,15000,1,-1,84.25,84.25,0
1786403719939,15000,die0,15000,15000,1,-1,84.25,84.25,0
1786403720039,15000,die0,15000,15000,1,-1,84.0625,84.0625,0
1786403720139,15000,die0,15000,15000,1,-1,84.0625,84.0625,0
1786403720239,15000,die0,15000,15000,1,-1,84.0625,84.0625,0
1786403720339,15000,die0,15000,15000,1,-1,84.0625,84.0625,0
1786403720439,15000,die0,15000,15000,1,-1,84.0625,84.0625,0
1786403720539,15000,die0,15000,15000,1,-1,84.0625,84.0625,0
1786403720642,15000,die0,15000,15000,1,-1,84.0625,84.0625,0
1786403720739,15000,die0,15000,15000,1,-1,84.0625,84.0625,0
1786403720839,15000,die0,15000,15000,1,-1,84.0625,84.0625,0
1786403720939,15000,die0,15000,15000,1,-1,84.0625,84.0625,0
1786403721039,15000,die0,15000,15000,1,-1,83.6875,83.6875,0
1786403721139,15000,die0,15000,15000,1,-1,83.6875,83.6875,0
1786403721239,15000,die0,15000,15000,1,-1,83.6875,83.6875,0
1786403721339,15000,die0,15000,15000,1,-1,83.6875,83.6875,0
1786403721439,15000,die0,15000,15000,1,-1,83.6875,83.6875,0
1786403721539,15000,die0,15000,15000,1,-1,83.6875,83.6875,0
1786403721639,15000,die0,15000,15000,1,-1,83.6875,83.6875,0
1786403721739,15000,die0,15000,15000,1,-1,83.6875,83.6875,0
1786403721839,15000,die0,15000,15000,1,-1,83.6875,83.6875,0
1786403721939,15000,die0,15000,15000,1,-1,83.6875,83.6875,0
1786403722039,15000,die0,15000,15000,1,-1,83.5,83.5,0
1786403722139,15000,die0,15000,15000,1,-1,83.5,83.5,0
1786403722242,15000,die0,15000,15000,1,-1,83.5,83.5,0
1786403722339,15000,die0,15000,15000,1,-1,83.5,83.5,0
1786403722439,15000,die0,15000,15000,1,-1,83.5,83.5,0
1786403722539,15000,die0,15000,15000,1,-1,83.5,83.5,0
1786403722639,15000,die0,15000,15000,1,-1,83.5,83.5,0
1786403722739,15000,die0,15000,15000,1,-1,83.5,83.5,0
1786403722839,15000,die0,15000,15000,1,-1,83.5,83.5,0
1786403722939,15000,die0,15000,15000,1,-1,83.5,83.5,0
1786403723039,15000,die0,15000,15000,1,-1,83.3125,83.3125,0
1786403723139,15000,die0,15000,15000,1,-1,83.3125,83.3125,0
1786403723239,15000,die0,15000,15000,1,-1,83.3125,83.3125,0
1786403723339,15000,die0,15000,15000,1,-1,83.3125,83.3125,0
1786403723439,15000,die0,15000,15000,1,-1,83.3125,83.3125,0
1786403723539,15000,die0,15000,15000,1,-1,83.3125,83.3125,0
1786403723639,15000,die0,15000,15000,1,-1,83.3125,83.3125,0
1786403723739,15000,die0,15000,15000,1,-1,83.3125,83.3125,0
1786403723839,15000,die0,15000,15000,1,-1,83.3125,83.3125,0
1786403723939,15000,die0,15000,15000,1,-1,83.3125,83.3125,0
1786403724039,15000,die0,15000,15000,1,-1,83.0625,83.0625,0
1786403724139,15000,die0,15000,15000,1,-1,83.0625,83.0625,0
1786403724239,15000,die0,15000,15000,1,-1,83.0625,83.0625,0
1786403724339,15000,die0,15000,15000,1,-1,83.0625,83.0625,0
1786403724439,15000,die0,15000,15000,1,-1,83.0625,83.0625,0
1786403724539,15000,die0,15000,15000,1,-1,83.0625,83.0625,0
1786403724639,15000,die0,15000,15000,1,-1,83.0625,83.0625,0
1786403724739,15000,die0,15000,15000,1,-1,83.0625,83.0625,0
1786403724839,15000,die0,15000,15000,1,-1,83.0625,83.0625,0
1786403724939,15000,die0,15000,15000,1,-1,83.0625,83.0625,0
1786403725039,15000,die0,15000,15000,1,-1,82.9375,82.9375,0
1786403725139,15000,die0,15000,15000,1,-1,82.9375,82.9375,0
1786403725239,15000,die0,15000,15000,1,-1,82.9375,82.9375,0
1786403725339,15000,die0,15000,15000,1,-1,82.9375,82.9375,0
1786403725439,15000,die0,15000,15000,1,-1,82.9375,82.9375,0
1786403725539,15000,die0,15000,15000,1,-1,82.9375,82.9375,0
1786403725639,15000,die0,15000,15000,1,-1,82.9375,82.9375,0
1786403725739,15000,die0,15000,15000,1,-1,82.9375,82.9375,0
1786403725839,15000,die0,15000,15000,1,-1,82.9375,82.9375,0
1786403725939,15000,die0,15000,15000,1,-1,82.9375,82.9375,0
1786403726039,15000,die0,15000,15000,1,-1,82.6875,82.6875,0
1786403726139,15000,die0,15000,15000,1,-1,82.6875,82.6875,0
1786403726242,15000,die0,15000,15000,1,-1,82.6875,82.6875,0
1786403726339,15000,die0,15000,15000,1,-1,82.6875,82.6875,0
1786403726439,15000,die0,15000,15000,1,-1,82.6875,82.6875,0
1786403726539,15000,die0,15000,15000,1,-1,82.6875,82.6875,0
1786403726639,15000,die0,15000,15000,1,-1,82.6875,82.6875,0
1786403726739,15000,die0,15000,15000,1,-1,82.6875,82.6875,0
1786403726839,15000,die0,15000,15000,1,-1,82.6875,82.6875,0
1786403726939,15000,die0,15000,15000,1,-1,82.6875,82.6875,0
1786403727039,15000,die0,15000,15000,1,-1,82.4375,82.4375,0
1786403727139,15000,die0,15000,15000,1,-1,82.4375,82.4375,0
1786403727239,15000,die0,15000,15000,1,-1,82.4375,82.4375,0
1786403727339,15000,die0,15000,15000,1,-1,82.4375,82.4375,0
1786403727439,15000,die0,15000,15000,1,-1,82.4375,82.4375,0
1786403727542,15000,die0,15000,15000,1,-1,82.4375,82.4375,0
1786403727639,15000,die0,15000,15000,1,-1,82.4375,82.4375,0
1786403727739,15000,die0,15000,15000,1,-1,82.4375,82.4375,0
1786403727839,15000,die0,15000,15000,1,-1,82.4375,82.4375,0
1786403727939,15000,die0,15000,15000,1,-1,82.4375,82.4375,0
1786403728039,15000,die0,15000,15000,1,-1,82.25,82.25,0
1786403728139,15000,die0,15000,15000,1,-1,82.25,82.25,0
1786403728239,15000,die0,15000,15000,1,-1,82.25,82.25,0
1786403728339,15000,die0,15000,15000,1,-1,82.25,82.25,0
1786403728439,15000,die0,15000,15000,1,-1,82.25,82.25,0
1786403728539,15000,die0,15000,15000,1,-1,82.25,82.25,0
1786403728639,15000,die0,15000,15000,1,-1,82.25,82.25,0
1786403728739,15000,die0,15000,15000,1,-1,82.25,82.25,0
1786403728839,15000,die0,15000,15000,1,-1,82.25,82.25,0
1786403728942,15000,die0,15000,15000,1,-1,82.25,82.25,0
1786403729039,15000,die0,15000,15000,1,-1,82.0625,82.0625,0
1786403729139,15000,die0,15000,15000,1,-1,82.0625,82.0625,0
1786403729239,15000,die0,15000,15000,1,-1,82.0625,82.0625,0
1786403729339,15000,die0,15000,15000,1,-1,82.0625,82.0625,0
1786403729439,15000,die0,15000,15000,1,-1,82.0625,82.0625,0
1786403729539,15000,die0,15000,15000,1,-1,82.0625,82.0625,0
1786403729639,15000,die0,15000,15000,1,-1,82.0625,82.0625,0
1786403729739,15000,die0,15000,15000,1,-1,82.0625,82.0625,0
1786403729839,15000,die0,15000,15000,1,-1,82.0625,82.0625,0
1786403729939,15000,die0,15000,15000,1,-1,82.0625,82.0625,0
1786403730039,15000,die0,15000,15000,1,-1,81.8125,81.8125,0
1786403730139,15000,die0,15000,15000,1,-1,81.8125,81.8125,0
1786403730239,15000,die0,15000,15000,1,-1,81.8125,81.8125,0
1786403730339,15000,die0,15000,15000,1,-1,81.8125,81.8125,0
1786403730439,15000,die0,15000,15000,1,-1,81.8125,81.8125,0
1786403730539,15000,die0,15000,15000,1,-1,81.8125,81.8125,0
1786403730639,15000,die0,15000,15000,1,-1,81.8125,81.8125,0
1786403730739,15000,die0,15000,15000,1,-1,81.8125,81.8125,0
1786403730839,15000,die0,15000,15000,1,-1,81.8125,81.8125,0
1786403730939,15000,die0,15000,15000,1,-1,81.8125,81.8125,0
1786403731039,15000,die0,15000,15000,1,-1,81.625,81.625,0
1786403731139,15000,die0,15000,15000,1,-1,81.625,81.625,0
1786403731239,15000,die0,15000,15000,1,-1,81.625,81.625,0
1786403731339,15000,die0,15000,15000,1,-1,81.625,81.625,0
1786403731439,15000,die0,15000,15000,1,-1,81.625,81.625,0
1786403731539,15000,die0,15000,15000,1,-1,81.625,81.625,0
1786403731639,15000,die0,15000,15000,1,-1,81.625,81.625,0
1786403731739,15000,die0,15000,15000,1,-1,81.625,81.625,0
1786403731839,15000,die0,15000,15000,1,-1,81.625,81.625,0
1786403731939,15000,die0,15000,15000,1,-1,81.625,81.625,0
1786403732039,15000,die0,15000,15000,1,-1,81.4375,81.4375,0
1786403732139,15000,die0,15000,15000,1,-1,81.4375,81.4375,0
1786403732239,15000,die0,15000,15000,1,-1,81.4375,81.4375,0
1786403732339,15000,die0,15000,15000,1,-1,81.4375,81.4375,0
1786403732439,15000,die0,15000,15000,1,-1,81.4375,81.4375,0
1786403732539,15000,die0,15000,15000,1,-1,81.4375,81.4375,0
1786403732639,15000,die0,15000,15000,1,-1,81.4375,81.4375,0
1786403732739,15000,die0,15000,15000,1,-1,81.4375,81.4375,0
1786403732839,15000,die0,15000,15000,1,-1,81.4375,81.4375,0
1786403732939,15000,die0,15000,15000,1,-1,81.4375,81.4375,0
1786403733039,15000,die0,15000,15000,1,-1,81.3125,81.3125,0
1786403733139,15000,die0,15000,15000,1,-1,81.3125,81.3125,0
1786403733239,15000,die0,15000,15000,1,-1,81.3125,81.3125,0
1786403733339,15000,die0,15000,15000,1,-1,81.3125,81.3125,0
1786403733439,15000,die0,15000,15000,1,-1,81.3125,81.3125,0
1786403733539,15000,die0,15000,15000,1,-1,81.3125,81.3125,0
1786403733639,15000,die0,15000,15000,1,-1,81.3125,81.3125,0
1786403733742,15000,die0,15000,15000,1,-1,81.3125,81.3125,0
1786403733839,15000,die0,15000,15000,1,-1,81.3125,81.3125,0
1786403733939,15000,die0,15000,15000,1,-1,81.3125,81.3125,0
1786403734039,15000,die0,15000,15000,1,-1,81.0625,81.0625,0
1786403734139,15000,die0,15000,15000,1,-1,81.0625,81.0625,0
1786403734239,15000,die0,15000,15000,1,-1,81.0625,81.0625,0
1786403734339,15000,die0,15000,15000,1,-1,81.0625,81.0625,0
1786403734439,15000,die0,15000,15000,1,-1,81.0625,81.0625,0
1786403734539,15000,die0,15000,15000,1,-1,81.0625,81.0625,0
1786403734639,15000,die0,15000,15000,1,-1,81.0625,81.0625,0
1786403734739,15000,die0,15000,15000,1,-1,81.0625,81.0625,0
1786403734839,15000,die0,15000,15000,1,-1,81.0625,81.0625,0
1786403734939,15000,die0,15000,15000,1,-1,81.0625,81.0625,0
1786403735039,15000,die0,15000,15000,1,-1,80.75,80.75,0
1786403735139,15000,die0,15000,15000,1,-1,80.75,80.75,0
1786403735239,15000,die0,15000,15000,1,-1,80.75,80.75,0
1786403735339,15000,die0,15000,15000,1,-1,80.75,80.75,0
1786403735439,15000,die0,15000,15000,1,-1,80.75,80.75,0
1786403735539,15000,die0,15000,15000,1,-1,80.75,80.75,0
1786403735639,15000,die0,15000,15000,1,-1,80.75,80.75,0
1786403735739,15000,die0,15000,15000,1,-1,80.75,80.75,0
1786403735839,15000,die0,15000,15000,1,-1,80.75,80.75,0
1786403735939,15000,die0,15000,15000,1,-1,80.75,80.75,0
1786403736039,15000,die0,15000,15000,1,-1,80.75,80.75,0
1786403736139,15000,die0,15000,15000,1,-1,80.75,80.75,0
1786403736239,15000,die0,15000,15000,1,-1,80.75,80.75,0
1786403736339,15000,die0,15000,15000,1,-1,80.75,80.75,0
1786403736439,15000,die0,15000,15000,1,-1,80.75,80.75,0
1786403736539,15000,die0,15000,15000,1,-1,80.75,80.75,0
1786403736639,15000,die0,15000,15000,1,-1,80.75,80.75,0
1786403736739,15000,die0,15000,15000,1,-1,80.75,80.75,0
1786403736839,15000,die0,15000,15000,1,-1,80.75,80.75,0
1786403736939,15000,die0,15000,15000,1,-1,80.75,80.75,0
1786403737039,15000,die0,15000,15000,1,-1,80.5625,80.5625,0
1786403737139,15000,die0,15000,15000,1,-1,80.5625,80.5625,0
1786403737239,15000,die0,15000,15000,1,-1,80.5625,80.5625,0
1786403737339,15000,die0,15000,15000,1,-1,80.5625,80.5625,0
1786403737439,15000,die0,15000,15000,1,-1,80.5625,80.5625,0
1786403737542,15000,die0,15000,15000,1,-1,80.5625,80.5625,0
1786403737639,15000,die0,15000,15000,1,-1,80.5625,80.5625,0
1786403737739,15000,die0,15000,15000,1,-1,80.5625,80.5625,0
1786403737839,15000,die0,15000,15000,1,-1,80.5625,80.5625,0
1786403737939,15000,die0,15000,15000,1,-1,80.5625,80.5625,0
1786403738039,15000,die0,15000,15000,1,-1,80.375,80.375,0
1786403738139,15000,die0,15000,15000,1,-1,80.375,80.375,0
1786403738239,15000,die0,15000,15000,1,-1,80.375,80.375,0
1786403738339,15000,die0,15000,15000,1,-1,80.375,80.375,0
1786403738439,15000,die0,15000,15000,1,-1,80.375,80.375,0
1786403738539,15000,die0,15000,15000,1,-1,80.375,80.375,0
1786403738639,15000,die0,15000,15000,1,-1,80.375,80.375,0
1786403738739,15000,die0,15000,15000,1,-1,80.375,80.375,0
1786403738842,15000,die0,15000,15000,1,-1,80.375,80.375,0
1786403738939,15000,die0,15000,15000,1,-1,80.375,80.375,0
1786403739039,15000,die0,15000,15000,1,-1,80.125,80.125,0
1786403739139,15000,die0,15000,15000,1,-1,80.125,80.125,0
1786403739239,15000,die0,15000,15000,1,-1,80.125,80.125,0
1786403739339,15000,die0,15000,15000,1,-1,80.125,80.125,0
1786403739439,15000,die0,15000,15000,1,-1,80.125,80.125,0
1786403739539,15000,die0,15000,15000,1,-1,80.125,80.125,0
1786403739639,15000,die0,15000,15000,1,-1,80.125,80.125,0
1786403739739,15000,die0,15000,15000,1,-1,80.125,80.125,0
1786403739839,15000,die0,15000,15000,1,-1,80.125,80.125,0
1786403739939,15000,die0,15000,15000,1,-1,80.125,80.125,0
1786403740039,15000,die0,15000,15000,1,-1,80.0625,80.0625,0
1786403740139,15000,die0,15000,15000,1,-1,80.0625,80.0625,0
1786403740239,15000,die0,15000,15000,1,-1,80.0625,80.0625,0
1786403740339,15000,die0,15000,15000,1,-1,80.0625,80.0625,0
1786403740439,15000,die0,15000,15000,1,-1,80.0625,80.0625,0
1786403740539,15000,die0,15000,15000,1,-1,80.0625,80.0625,0
1786403740639,15000,die0,15000,15000,1,-1,80.0625,80.0625,0
1786403740739,15000,die0,15000,15000,1,-1,80.0625,80.0625,0
1786403740839,15000,die0,15000,15000,1,-1,80.0625,80.0625,0
1786403740939,15000,die0,15000,15000,1,-1,80.0625,80.0625,0
1786403741039,15000,die0,15000,15000,1,-1,79.9375,79.9375,0
1786403741139,15000,die0,15000,15000,1,-1,79.9375,79.9375,0
1786403741239,15000,die0,15000,15000,1,-1,79.9375,79.9375,0
1786403741339,15000,die0,15000,15000,1,-1,79.9375,79.9375,0
1786403741439,15000,die0,15000,15000,1,-1,79.9375,79.9375,0
1786403741539,15000,die0,15000,15000,1,-1,79.9375,79.9375,0
1786403741639,15000,die0,15000,15000,1,-1,79.9375,79.9375,0
1786403741739,15000,die0,15000,15000,1,-1,79.9375,79.9375,0
1786403741839,15000,die0,15000,15000,1,-1,79.9375,79.9375,0
1786403741942,15000,die0,15000,15000,1,-1,79.9375,79.9375,0
1786403742039,15000,die0,15000,15000,1,-1,79.75,79.75,0
1786403742139,15000,die0,15000,15000,1,-1,79.75,79.75,0
1786403742239,15000,die0,15000,15000,1,-1,79.75,79.75,0
1786403742339,15000,die0,15000,15000,1,-1,79.75,79.75,0
1786403742439,15000,die0,15000,15000,1,-1,79.75,79.75,0
1786403742539,15000,die0,15000,15000,1,-1,79.75,79.75,0
1786403742639,15000,die0,15000,15000,1,-1,79.75,79.75,0
1786403742739,15000,die0,15000,15000,1,-1,79.75,79.75,0
1786403742839,15000,die0,15000,15000,1,-1,79.75,79.75,0
1786403742939,15000,die0,15000,15000,1,-1,79.75,79.75,0
1786403743039,15000,die0,15000,15000,1,-1,79.625,79.625,0
1786403743139,15000,die0,15000,15000,1,-1,79.625,79.625,0
1786403743239,15000,die0,15000,15000,1,-1,79.625,79.625,0
1786403743339,15000,die0,15000,15000,1,-1,79.625,79.625,0
1786403743439,15000,die0,15000,15000,1,-1,79.625,79.625,0
1786403743542,15000,die0,15000,15000,1,-1,79.625,79.625,0
1786403743639,15000,die0,15000,15000,1,-1,79.625,79.625,0
1786403743739,15000,die0,15000,15000,1,-1,79.625,79.625,0
1786403743839,15000,die0,15000,15000,1,-1,79.625,79.625,0
1786403743939,15000,die0,15000,15000,1,-1,79.625,79.625,0
1786403744039,15000,die0,15000,15000,1,-1,79.4375,79.4375,0
1786403744139,15000,die0,15000,15000,1,-1,79.4375,79.4375,0
1786403744239,15000,die0,15000,15000,1,-1,79.4375,79.4375,0
1786403744339,15000,die0,15000,15000,1,-1,79.4375,79.4375,0
1786403744439,15000,die0,15000,15000,1,-1,79.4375,79.4375,0
1786403744539,15000,die0,15000,15000,1,-1,79.4375,79.4375,0
1786403744639,15000,die0,15000,15000,1,-1,79.4375,79.4375,0
1786403744739,15000,die0,15000,15000,1,-1,79.4375,79.4375,0
1786403744839,15000,die0,15000,15000,1,-1,79.4375,79.4375,0
1786403744939,15000,die0,15000,15000,1,-1,79.4375,79.4375,0
1786403745039,15000,die0,15000,15000,1,-1,79.1875,79.1875,0
1786403745142,15000,die0,15000,15000,1,-1,79.1875,79.1875,0
1786403745239,15000,die0,15000,15000,1,-1,79.1875,79.1875,0
1786403745339,15000,die0,15000,15000,1,-1,79.1875,79.1875,0
1786403745439,15000,die0,15000,15000,1,-1,79.1875,79.1875,0
1786403745539,15000,die0,15000,15000,1,-1,79.1875,79.1875,0
1786403745639,15000,die0,15000,15000,1,-1,79.1875,79.1875,0
1786403745739,15000,die0,15000,15000,1,-1,79.1875,79.1875,0
1786403745839,15000,die0,15000,15000,1,-1,79.1875,79.1875,0
1786403745939,15000,die0,15000,15000,1,-1,79.1875,79.1875,0
1786403746042,15000,die0,15000,15000,1,-1,79.1875,79.1875,0
1786403746139,15000,die0,15000,15000,1,-1,79.1875,79.1875,0
1786403746239,15000,die0,15000,15000,1,-1,79.1875,79.1875,0
1786403746339,15000,die0,15000,15000,1,-1,79.1875,79.1875,0
1786403746439,15000,die0,15000,15000,1,-1,79.1875,79.1875,0
1786403746539,15000,die0,15000,15000,1,-1,79.1875,79.1875,0
1786403746639,15000,die0,15000,15000,1,-1,79.1875,79.1875,0
1786403746739,15000,die0,15000,15000,1,-1,79.1875,79.1875,0
1786403746839,15000,die0,15000,15000,1,-1,79.1875,79.1875,0
1786403746939,15000,die0,15000,15000,1,-1,79.1875,79.1875,0
1786403747039,15000,die0,15000,15000,1,-1,79.0625,79.0625,0
1786403747139,15000,die0,15000,15000,1,-1,79.0625,79.0625,0
1786403747239,15000,die0,15000,15000,1,-1,79.0625,79.0625,0
1786403747342,15000,die0,15000,15000,1,-1,79.0625,79.0625,0
1786403747439,15000,die0,15000,15000,1,-1,79.0625,79.0625,0
1786403747539,15000,die0,15000,15000,1,-1,79.0625,79.0625,0
1786403747639,15000,die0,15000,15000,1,-1,79.0625,79.0625,0
1786403747739,15000,die0,15000,15000,1,-1,79.0625,79.0625,0
1786403747839,15000,die0,15000,15000,1,-1,79.0625,79.0625,0
1786403747939,15000,die0,15000,15000,1,-1,79.0625,79.0625,0
1786403748039,15000,die0,15000,15000,1,-1,78.8125,78.8125,0
1786403748139,15000,die0,15000,15000,1,-1,78.8125,78.8125,0
1786403748239,15000,die0,15000,15000,1,-1,78.8125,78.8125,0
1786403748339,15000,die0,15000,15000,1,-1,78.8125,78.8125,0
1786403748439,15000,die0,15000,15000,1,-1,78.8125,78.8125,0
1786403748539,15000,die0,15000,15000,1,-1,78.8125,78.8125,0
1786403748639,15000,die0,15000,15000,1,-1,78.8125,78.8125,0
1786403748739,15000,die0,15000,15000,1,-1,78.8125,78.8125,0
1786403748842,15000,die0,15000,15000,1,-1,78.8125,78.8125,0
1786403748939,15000,die0,15000,15000,1,-1,78.8125,78.8125,0
1786403749039,15000,die0,15000,15000,1,-1,78.8125,78.8125,0
1786403749139,15000,die0,15000,15000,1,-1,78.8125,78.8125,0
1786403749239,15000,die0,15000,15000,1,-1,78.8125,78.8125,0
1786403749339,15000,die0,15000,15000,1,-1,78.8125,78.8125,0
1786403749439,15000,die0,15000,15000,1,-1,78.8125,78.8125,0
1786403749539,15000,die0,15000,15000,1,-1,78.8125,78.8125,0
1786403749639,15000,die0,15000,15000,1,-1,78.8125,78.8125,0
1786403749739,15000,die0,15000,15000,1,-1,78.8125,78.8125,0
1786403749839,15000,die0,15000,15000,1,-1,78.8125,78.8125,0
1786403749939,15000,die0,15000,15000,1,-1,78.8125,78.8125,0
1786403750039,15000,die0,15000,15000,1,-1,78.75,78.75,0
1786403750139,15000,die0,15000,15000,1,-1,78.75,78.75,0
1786403750239,15000,die0,15000,15000,1,-1,78.75,78.75,0
1786403750339,15000,die0,15000,15000,1,-1,78.75,78.75,0
1786403750439,15000,die0,15000,15000,1,-1,78.75,78.75,0
1786403750539,15000,die0,15000,15000,1,-1,78.75,78.75,0
1786403750639,15000,die0,15000,15000,1,-1,78.75,78.75,0
1786403750739,15000,die0,15000,15000,1,-1,78.75,78.75,0
1786403750842,15000,die0,15000,15000,1,-1,78.75,78.75,0
1786403750939,15000,die0,15000,15000,1,-1,78.75,78.75,0
1786403751039,15000,die0,15000,15000,1,-1,78.5625,78.5625,0
1786403751139,15000,die0,15000,15000,1,-1,78.5625,78.5625,0
1786403751239,15000,die0,15000,15000,1,-1,78.5625,78.5625,0
1786403751339,15000,die0,15000,15000,1,-1,78.5625,78.5625,0
1786403751439,15000,die0,15000,15000,1,-1,78.5625,78.5625,0
1786403751539,15000,die0,15000,15000,1,-1,78.5625,78.5625,0
1786403751639,15000,die0,15000,15000,1,-1,78.5625,78.5625,0
1786403751739,15000,die0,15000,15000,1,-1,78.5625,78.5625,0
1786403751839,15000,die0,15000,15000,1,-1,78.5625,78.5625,0
1786403751939,15000,die0,15000,15000,1,-1,78.5625,78.5625,0
1786403752039,15000,die0,15000,15000,1,-1,78.3125,78.3125,0
1786403752139,15000,die0,15000,15000,1,-1,78.3125,78.3125,0
1786403752239,15000,die0,15000,15000,1,-1,78.3125,78.3125,0
1786403752339,15000,die0,15000,15000,1,-1,78.3125,78.3125,0
1786403752439,15000,die0,15000,15000,1,-1,78.3125,78.3125,0
1786403752539,15000,die0,15000,15000,1,-1,78.3125,78.3125,0
1786403752639,15000,die0,15000,15000,1,-1,78.3125,78.3125,0
1786403752739,15000,die0,15000,15000,1,-1,78.3125,78.3125,0
1786403752839,15000,die0,15000,15000,1,-1,78.3125,78.3125,0
1786403752939,15000,die0,15000,15000,1,-1,78.3125,78.3125,0
1786403753039,15000,die0,15000,15000,1,-1,78.3125,78.3125,0
1786403753139,15000,die0,15000,15000,1,-1,78.3125,78.3125,0
1786403753239,15000,die0,15000,15000,1,-1,78.3125,78.3125,0
1786403753339,15000,die0,15000,15000,1,-1,78.3125,78.3125,0
1786403753439,15000,die0,15000,15000,1,-1,78.3125,78.3125,0
1786403753539,15000,die0,15000,15000,1,-1,78.3125,78.3125,0
1786403753639,15000,die0,15000,15000,1,-1,78.3125,78.3125,0
1786403753742,15000,die0,15000,15000,1,-1,78.3125,78.3125,0
1786403753839,15000,die0,15000,15000,1,-1,78.3125,78.3125,0
1786403753939,15000,die0,15000,15000,1,-1,78.3125,78.3125,0
1786403754039,15000,die0,15000,15000,1,-1,78.1875,78.1875,0
1786403754139,15000,die0,15000,15000,1,-1,78.1875,78.1875,0
1786403754239,15000,die0,15000,15000,1,-1,78.1875,78.1875,0
1786403754339,15000,die0,15000,15000,1,-1,78.1875,78.1875,0
1786403754439,15000,die0,15000,15000,1,-1,78.1875,78.1875,0
1786403754539,15000,die0,15000,15000,1,-1,78.1875,78.1875,0
1786403754639,15000,die0,15000,15000,1,-1,78.1875,78.1875,0
1786403754739,15000,die0,15000,15000,1,-1,78.1875,78.1875,0
1786403754839,15000,die0,15000,15000,1,-1,78.1875,78.1875,0
1786403754939,15000,die0,15000,15000,1,-1,78.1875,78.1875,0
1786403755039,15000,die0,15000,15000,1,-1,78,78,0
1786403755139,15000,die0,15000,15000,1,-1,78,78,0
1786403755239,15000,die0,15000,15000,1,-1,78,78,0
1786403755339,15000,die0,15000,15000,1,-1,78,78,0
1786403755439,15000,die0,15000,15000,1,-1,78,78,0
1786403755539,15000,die0,15000,15000,1,-1,78,78,0
1786403755639,15000,die0,15000,15000,1,-1,78,78,0
1786403755739,15000,die0,15000,15000,1,-1,78,78,0
1786403755839,15000,die0,15000,15000,1,-1,78,78,0
1786403755939,15000,die0,15000,15000,1,-1,78,78,0
1786403756039,15000,die0,15000,15000,1,-1,77.9375,77.9375,0
1786403756139,15000,die0,15000,15000,1,-1,77.9375,77.9375,0
1786403756239,15000,die0,15000,15000,1,-1,77.9375,77.9375,0
1786403756342,15000,die0,15000,15000,1,-1,77.9375,77.9375,0
1786403756439,15000,die0,15000,15000,1,-1,77.9375,77.9375,0
1786403756539,15000,die0,15000,15000,1,-1,77.9375,77.9375,0
1786403756639,15000,die0,15000,15000,1,-1,77.9375,77.9375,0
1786403756739,15000,die0,15000,15000,1,-1,77.9375,77.9375,0
1786403756839,15000,die0,15000,15000,1,-1,77.9375,77.9375,0
1786403756939,15000,die0,15000,15000,1,-1,77.9375,77.9375,0
1786403757039,15000,die0,15000,15000,1,-1,77.8125,77.8125,0
1786403757139,15000,die0,15000,15000,1,-1,77.8125,77.8125,0
1786403757239,15000,die0,15000,15000,1,-1,77.8125,77.8125,0
1786403757339,15000,die0,15000,15000,1,-1,77.8125,77.8125,0
1786403757439,15000,die0,15000,15000,1,-1,77.8125,77.8125,0
1786403757539,15000,die0,15000,15000,1,-1,77.8125,77.8125,0
1786403757639,15000,die0,15000,15000,1,-1,77.8125,77.8125,0
1786403757742,15000,die0,15000,15000,1,-1,77.8125,77.8125,0
1786403757839,15000,die0,15000,15000,1,-1,77.8125,77.8125,0
1786403757939,15000,die0,15000,15000,1,-1,77.8125,77.8125,0
1786403758039,15000,die0,15000,15000,1,-1,77.75,77.75,0
1786403758139,15000,die0,15000,15000,1,-1,77.75,77.75,0
1786403758239,15000,die0,15000,15000,1,-1,77.75,77.75,0
1786403758339,15000,die0,15000,15000,1,-1,77.75,77.75,0
1786403758439,15000,die0,15000,15000,1,-1,77.75,77.75,0
1786403758539,15000,die0,15000,15000,1,-1,77.75,77.75,0
1786403758639,15000,die0,15000,15000,1,-1,77.75,77.75,0
1786403758739,15000,die0,15000,15000,1,-1,77.75,77.75,0
1786403758839,15000,die0,15000,15000,1,-1,77.75,77.75,0
1786403758939,15000,die0,15000,15000,1,-1,77.75,77.75,0
1786403759042,15000,die0,15000,15000,1,-1,77.6875,77.6875,0
1786403759139,15000,die0,15000,15000,1,-1,77.6875,77.6875,0
1786403759239,15000,die0,15000,15000,1,-1,77.6875,77.6875,0
1786403759339,15000,die0,15000,15000,1,-1,77.6875,77.6875,0
1786403759439,15000,die0,15000,15000,1,-1,77.6875,77.6875,0
1786403759539,15000,die0,15000,15000,1,-1,77.6875,77.6875,0
1786403759639,15000,die0,15000,15000,1,-1,77.6875,77.6875,0
1786403759739,15000,die0,15000,15000,1,-1,77.6875,77.6875,0
1786403759839,15000,die0,15000,15000,1,-1,77.6875,77.6875,0
1786403759939,15000,die0,15000,15000,1,-1,77.6875,77.6875,0
1786403760039,15000,die0,15000,15000,1,-1,77.4375,77.4375,0
1786403760139,15000,die0,15000,15000,1,-1,77.4375,77.4375,0
1786403760239,15000,die0,15000,15000,1,-1,77.4375,77.4375,0
1786403760339,15000,die0,15000,15000,1,-1,77.4375,77.4375,0
1786403760439,15000,die0,15000,15000,1,-1,77.4375,77.4375,0
1786403760539,15000,die0,15000,15000,1,-1,77.4375,77.4375,0
1786403760639,15000,die0,15000,15000,1,-1,77.4375,77.4375,0
1786403760739,15000,die0,15000,15000,1,-1,77.4375,77.4375,0
1786403760839,15000,die0,15000,15000,1,-1,77.4375,77.4375,0
1786403760939,15000,die0,15000,15000,1,-1,77.4375,77.4375,0
1786403761039,15000,die0,15000,15000,1,-1,77.3125,77.3125,0
1786403761139,15000,die0,15000,15000,1,-1,77.3125,77.3125,0
1786403761239,15000,die0,15000,15000,1,-1,77.3125,77.3125,0
1786403761339,15000,die0,15000,15000,1,-1,77.3125,77.3125,0
1786403761439,15000,die0,15000,15000,1,-1,77.3125,77.3125,0
1786403761539,15000,die0,15000,15000,1,-1,77.3125,77.3125,0
1786403761639,15000,die0,15000,15000,1,-1,77.3125,77.3125,0
1786403761739,15000,die0,15000,15000,1,-1,77.3125,77.3125,0
1786403761839,15000,die0,15000,15000,1,-1,77.3125,77.3125,0
1786403761939,15000,die0,15000,15000,1,-1,77.3125,77.3125,0
1786403762039,15000,die0,15000,15000,1,-1,77.3125,77.3125,0
1786403762139,15000,die0,15000,15000,1,-1,77.3125,77.3125,0
1786403762242,15000,die0,15000,15000,1,-1,77.3125,77.3125,0
1786403762339,15000,die0,15000,15000,1,-1,77.3125,77.3125,0
1786403762439,15000,die0,15000,15000,1,-1,77.3125,77.3125,0
1786403762539,15000,die0,15000,15000,1,-1,77.3125,77.3125,0
1786403762639,15000,die0,15000,15000,1,-1,77.3125,77.3125,0
1786403762739,15000,die0,15000,15000,1,-1,77.3125,77.3125,0
1786403762839,15000,die0,15000,15000,1,-1,77.3125,77.3125,0
1786403762939,15000,die0,15000,15000,1,-1,77.3125,77.3125,0
1786403763039,15000,die0,15000,15000,1,-1,77.25,77.25,0
1786403763139,15000,die0,15000,15000,1,-1,77.25,77.25,0
1786403763239,15000,die0,15000,15000,1,-1,77.25,77.25,0
1786403763339,15000,die0,15000,15000,1,-1,77.25,77.25,0
1786403763439,15000,die0,15000,15000,1,-1,77.25,77.25,0
1786403763539,15000,die0,15000,15000,1,-1,77.25,77.25,0
1786403763639,15000,die0,15000,15000,1,-1,77.25,77.25,0
1786403763739,15000,die0,15000,15000,1,-1,77.25,77.25,0
1786403763839,15000,die0,15000,15000,1,-1,77.25,77.25,0
1786403763939,15000,die0,15000,15000,1,-1,77.25,77.25,0
1786403764039,15000,die0,15000,15000,1,-1,77.1875,77.1875,0
1786403764139,15000,die0,15000,15000,1,-1,77.1875,77.1875,0
1786403764239,15000,die0,15000,15000,1,-1,77.1875,77.1875,0
1786403764339,15000,die0,15000,15000,1,-1,77.1875,77.1875,0
1786403764439,15000,die0,15000,15000,1,-1,77.1875,77.1875,0
1786403764539,15000,die0,15000,15000,1,-1,77.1875,77.1875,0
1786403764639,15000,die0,15000,15000,1,-1,77.1875,77.1875,0
1786403764739,15000,die0,15000,15000,1,-1,77.1875,77.1875,0
1786403764839,15000,die0,15000,15000,1,-1,77.1875,77.1875,0
1786403764939,15000,die0,15000,15000,1,-1,77.1875,77.1875,0
1786403765039,15000,die0,15000,15000,1,-1,77.0625,77.0625,0
1786403765139,15000,die0,15000,15000,1,-1,77.0625,77.0625,0
1786403765239,15000,die0,15000,15000,1,-1,77.0625,77.0625,0
1786403765339,15000,die0,15000,15000,1,-1,77.0625,77.0625,0
1786403765442,15000,die0,15000,15000,1,-1,77.0625,77.0625,0
1786403765539,15000,die0,15000,15000,1,-1,77.0625,77.0625,0
1786403765639,15000,die0,15000,15000,1,-1,77.0625,77.0625,0
1786403765739,15000,die0,15000,15000,1,-1,77.0625,77.0625,0
1786403765839,15000,die0,15000,15000,1,-1,77.0625,77.0625,0
1786403765939,15000,die0,15000,15000,1,-1,77.0625,77.0625,0
1786403766039,15000,die0,15000,15000,1,-1,76.9375,76.9375,0
1786403766139,15000,die0,15000,15000,1,-1,76.9375,76.9375,0
1786403766239,15000,die0,15000,15000,1,-1,76.9375,76.9375,0
1786403766339,15000,die0,15000,15000,1,-1,76.9375,76.9375,0
1786403766439,15000,die0,15000,15000,1,-1,76.9375,76.9375,0
1786403766539,15000,die0,15000,15000,1,-1,76.9375,76.9375,0
1786403766639,15000,die0,15000,15000,1,-1,76.9375,76.9375,0
1786403766739,15000,die0,15000,15000,1,-1,76.9375,76.9375,0
1786403766839,15000,die0,15000,15000,1,-1,76.9375,76.9375,0
1786403766939,15000,die0,15000,15000,1,-1,76.9375,76.9375,0
1786403767039,15000,die0,15000,15000,1,-1,76.875,76.875,0
1786403767139,15000,die0,15000,15000,1,-1,76.875,76.875,0
1786403767239,15000,die0,15000,15000,1,-1,76.875,76.875,0
1786403767339,15000,die0,15000,15000,1,-1,76.875,76.875,0
1786403767439,15000,die0,15000,15000,1,-1,76.875,76.875,0
1786403767539,15000,die0,15000,15000,1,-1,76.875,76.875,0
1786403767642,15000,die0,15000,15000,1,-1,76.875,76.875,0
1786403767739,15000,die0,15000,15000,1,-1,76.875,76.875,0
1786403767839,15000,die0,15000,15000,1,-1,76.875,76.875,0
1786403767939,15000,die0,15000,15000,1,-1,76.875,76.875,0
1786403768039,15000,die0,15000,15000,1,-1,76.8125,76.8125,0
1786403768139,15000,die0,15000,15000,1,-1,76.8125,76.8125,0
1786403768239,15000,die0,15000,15000,1,-1,76.8125,76.8125,0
1786403768339,15000,die0,15000,15000,1,-1,76.8125,76.8125,0
1786403768439,15000,die0,15000,15000,1,-1,76.8125,76.8125,0
1786403768539,15000,die0,15000,15000,1,-1,76.8125,76.8125,0
1786403768639,15000,die0,15000,15000,1,-1,76.8125,76.8125,0
1786403768739,15000,die0,15000,15000,1,-1,76.8125,76.8125,0
1786403768839,15000,die0,15000,15000,1,-1,76.8125,76.8125,0
1786403768939,15000,die0,15000,15000,1,-1,76.8125,76.8125,0
1786403769039,15000,die0,15000,15000,1,-1,76.625,76.625,0
1786403769139,15000,die0,15000,15000,1,-1,76.625,76.625,0
1786403769239,15000,die0,15000,15000,1,-1,76.625,76.625,0
1786403769339,15000,die0,15000,15000,1,-1,76.625,76.625,0
1786403769439,15000,die0,15000,15000,1,-1,76.625,76.625,0
1786403769539,15000,die0,15000,15000,1,-1,76.625,76.625,0
1786403769639,15000,die0,15000,15000,1,-1,76.625,76.625,0
1786403769739,15000,die0,15000,15000,1,-1,76.625,76.625,0
1786403769839,15000,die0,15000,15000,1,-1,76.625,76.625,0
1786403769939,15000,die0,15000,15000,1,-1,76.625,76.625,0
1786403770039,15000,die0,15000,15000,1,-1,76.625,76.625,0
1786403770139,15000,die0,15000,15000,1,-1,76.625,76.625,0
1786403770239,15000,die0,15000,15000,1,-1,76.625,76.625,0
1786403770339,15000,die0,15000,15000,1,-1,76.625,76.625,0
1786403770439,15000,die0,15000,15000,1,-1,76.625,76.625,0
1786403770539,15000,die0,15000,15000,1,-1,76.625,76.625,0
1786403770639,15000,die0,15000,15000,1,-1,76.625,76.625,0
1786403770739,15000,die0,15000,15000,1,-1,76.625,76.625,0
1786403770842,15000,die0,15000,15000,1,-1,76.625,76.625,0
1786403770939,15000,die0,15000,15000,1,-1,76.625,76.625,0
1786403771039,15000,die0,15000,15000,1,-1,76.5,76.5,0
1786403771142,15000,die0,15000,15000,1,-1,76.5,76.5,0
1786403771239,15000,die0,15000,15000,1,-1,76.5,76.5,0
1786403771339,15000,die0,15000,15000,1,-1,76.5,76.5,0
1786403771439,15000,die0,15000,15000,1,-1,76.5,76.5,0
1786403771539,15000,die0,15000,15000,1,-1,76.5,76.5,0
1786403771639,15000,die0,15000,15000,1,-1,76.5,76.5,0
1786403771739,15000,die0,15000,15000,1,-1,76.5,76.5,0
1786403771839,15000,die0,15000,15000,1,-1,76.5,76.5,0
1786403771939,15000,die0,15000,15000,1,-1,76.5,76.5,0
1786403772039,15000,die0,15000,15000,1,-1,76.625,76.625,0
1786403772139,15000,die0,15000,15000,1,-1,76.625,76.625,0
1786403772239,15000,die0,15000,15000,1,-1,76.625,76.625,0
1786403772339,15000,die0,15000,15000,1,-1,76.625,76.625,0
1786403772439,15000,die0,15000,15000,1,-1,76.625,76.625,0
1786403772539,15000,die0,15000,15000,1,-1,76.625,76.625,0
1786403772639,15000,die0,15000,15000,1,-1,76.625,76.625,0
1786403772739,15000,die0,15000,15000,1,-1,76.625,76.625,0
1786403772839,15000,die0,15000,15000,1,-1,76.625,76.625,0
1786403772939,15000,die0,15000,15000,1,-1,76.625,76.625,0
1786403773039,15000,die0,15000,15000,1,-1,76.4375,76.4375,0
1786403773139,15000,die0,15000,15000,1,-1,76.4375,76.4375,0
1786403773239,15000,die0,15000,15000,1,-1,76.4375,76.4375,0
1786403773339,15000,die0,15000,15000,1,-1,76.4375,76.4375,0
1786403773439,15000,die0,15000,15000,1,-1,76.4375,76.4375,0
1786403773539,15000,die0,15000,15000,1,-1,76.4375,76.4375,0
1786403773639,15000,die0,15000,15000,1,-1,76.4375,76.4375,0
1786403773739,15000,die0,15000,15000,1,-1,76.4375,76.4375,0
1786403773839,15000,die0,15000,15000,1,-1,76.4375,76.4375,0
1786403773942,15000,die0,15000,15000,1,-1,76.4375,76.4375,0
1786403774039,15000,die0,15000,15000,1,-1,76.375,76.375,0
1786403774139,15000,die0,15000,15000,1,-1,76.375,76.375,0
1786403774239,15000,die0,15000,15000,1,-1,76.375,76.375,0
1786403774339,15000,die0,15000,15000,1,-1,76.375,76.375,0
1786403774439,15000,die0,15000,15000,1,-1,76.375,76.375,0
1786403774539,15000,die0,15000,15000,1,-1,76.375,76.375,0
1786403774639,15000,die0,15000,15000,1,-1,76.375,76.375,0
1786403774739,15000,die0,15000,15000,1,-1,76.375,76.375,0
1786403774839,15000,die0,15000,15000,1,-1,76.375,76.375,0
1786403774939,15000,die0,15000,15000,1,-1,76.375,76.375,0
1786403775039,15000,die0,15000,15000,1,-1,76.25,76.25,0
1786403775139,15000,die0,15000,15000,1,-1,76.25,76.25,0
1786403775239,15000,die0,15000,15000,1,-1,76.25,76.25,0
1786403775339,15000,die0,15000,15000,1,-1,76.25,76.25,0
1786403775439,15000,die0,15000,15000,1,-1,76.25,76.25,0
1786403775542,15000,die0,15000,15000,1,-1,76.25,76.25,0
1786403775639,15000,die0,15000,15000,1,-1,76.25,76.25,0
1786403775739,15000,die0,15000,15000,1,-1,76.25,76.25,0
1786403775839,15000,die0,15000,15000,1,-1,76.25,76.25,0
1786403775939,15000,die0,15000,15000,1,-1,76.25,76.25,0
1786403776039,15000,die0,15000,15000,1,-1,76.125,76.125,0
1786403776139,15000,die0,15000,15000,1,-1,76.125,76.125,0
1786403776239,15000,die0,15000,15000,1,-1,76.125,76.125,0
1786403776339,15000,die0,15000,15000,1,-1,76.125,76.125,0
1786403776439,15000,die0,15000,15000,1,-1,76.125,76.125,0
1786403776539,15000,die0,15000,15000,1,-1,76.125,76.125,0
1786403776639,15000,die0,15000,15000,1,-1,76.125,76.125,0
1786403776739,15000,die0,15000,15000,1,-1,76.125,76.125,0
1786403776839,15000,die0,15000,15000,1,-1,76.125,76.125,0
1786403776939,15000,die0,15000,15000,1,-1,76.125,76.125,0
1786403777039,15000,die0,15000,15000,1,-1,76.125,76.125,0
1786403777139,15000,die0,15000,15000,1,-1,76.125,76.125,0
1786403777239,15000,die0,15000,15000,1,-1,76.125,76.125,0
1786403777339,15000,die0,15000,15000,1,-1,76.125,76.125,0
1786403777439,15000,die0,15000,15000,1,-1,76.125,76.125,0
1786403777539,15000,die0,15000,15000,1,-1,76.125,76.125,0
1786403777642,15000,die0,15000,15000,1,-1,76.125,76.125,0
1786403777739,15000,die0,15000,15000,1,-1,76.125,76.125,0
1786403777839,15000,die0,15000,15000,1,-1,76.125,76.125,0
1786403777939,15000,die0,15000,15000,1,-1,76.125,76.125,0
1786403778039,15000,die0,15000,15000,1,-1,76,76,0
1786403778139,15000,die0,15000,15000,1,-1,76,76,0
1786403778239,15000,die0,15000,15000,1,-1,76,76,0
1786403778339,15000,die0,15000,15000,1,-1,76,76,0
1786403778439,15000,die0,15000,15000,1,-1,76,76,0
1786403778539,15000,die0,15000,15000,1,-1,76,76,0
1786403778639,15000,die0,15000,15000,1,-1,76,76,0
1786403778739,15000,die0,15000,15000,1,-1,76,76,0
1786403778839,15000,die0,15000,15000,1,-1,76,76,0
1786403778939,15000,die0,15000,15000,1,-1,76,76,0
1786403779039,15000,die0,15000,15000,1,-1,76,76,0
1786403779139,15000,die0,15000,15000,1,-1,76,76,0
1786403779239,15000,die0,15000,15000,1,-1,76,76,0
1786403779339,15000,die0,15000,15000,1,-1,76,76,0
1786403779439,15000,die0,15000,15000,1,-1,76,76,0
1786403779539,15000,die0,15000,15000,1,-1,76,76,0
1786403779639,15000,die0,15000,15000,1,-1,76,76,0
1786403779739,15000,die0,15000,15000,1,-1,76,76,0
1786403779839,15000,die0,15000,15000,1,-1,76,76,0
1786403779939,15000,die0,15000,15000,1,-1,76,76,0
1786403780039,15000,die0,15000,15000,1,-1,75.875,75.875,0
1786403780139,15000,die0,15000,15000,1,-1,75.875,75.875,0
1786403780239,15000,die0,15000,15000,1,-1,75.875,75.875,0
1786403780339,15000,die0,15000,15000,1,-1,75.875,75.875,0
1786403780442,15000,die0,15000,15000,1,-1,75.875,75.875,0
1786403780539,15000,die0,15000,15000,1,-1,75.875,75.875,0
1786403780639,15000,die0,15000,15000,1,-1,75.875,75.875,0
1786403780739,15000,die0,15000,15000,1,-1,75.875,75.875,0
1786403780839,15000,die0,15000,15000,1,-1,75.875,75.875,0
1786403780939,15000,die0,15000,15000,1,-1,75.875,75.875,0
1786403781039,15000,die0,15000,15000,1,-1,75.875,75.875,0
1786403781139,15000,die0,15000,15000,1,-1,75.875,75.875,0
1786403781239,15000,die0,15000,15000,1,-1,75.875,75.875,0
1786403781339,15000,die0,15000,15000,1,-1,75.875,75.875,0
1786403781439,15000,die0,15000,15000,1,-1,75.875,75.875,0
1786403781539,15000,die0,15000,15000,1,-1,75.875,75.875,0
1786403781639,15000,die0,15000,15000,1,-1,75.875,75.875,0
1786403781739,15000,die0,15000,15000,1,-1,75.875,75.875,0
1786403781839,15000,die0,15000,15000,1,-1,75.875,75.875,0
1786403781939,15000,die0,15000,15000,1,-1,75.875,75.875,0
1786403782039,15000,die0,15000,15000,1,-1,75.8125,75.8125,0
1786403782139,15000,die0,15000,15000,1,-1,75.8125,75.8125,0
1786403782239,15000,die0,15000,15000,1,-1,75.8125,75.8125,0
1786403782339,15000,die0,15000,15000,1,-1,75.8125,75.8125,0
1786403782439,15000,die0,15000,15000,1,-1,75.8125,75.8125,0
1786403782539,15000,die0,15000,15000,1,-1,75.8125,75.8125,0
1786403782639,15000,die0,15000,15000,1,-1,75.8125,75.8125,0
1786403782739,15000,die0,15000,15000,1,-1,75.8125,75.8125,0
1786403782839,15000,die0,15000,15000,1,-1,75.8125,75.8125,0
1786403782939,15000,die0,15000,15000,1,-1,75.8125,75.8125,0
1786403783039,15000,die0,15000,15000,1,-1,75.6875,75.6875,0
1786403783139,15000,die0,15000,15000,1,-1,75.6875,75.6875,0
1786403783239,15000,die0,15000,15000,1,-1,75.6875,75.6875,0
1786403783339,15000,die0,15000,15000,1,-1,75.6875,75.6875,0
1786403783439,15000,die0,15000,15000,1,-1,75.6875,75.6875,0
1786403783539,15000,die0,15000,15000,1,-1,75.6875,75.6875,0
1786403783639,15000,die0,15000,15000,1,-1,75.6875,75.6875,0
1786403783739,15000,die0,15000,15000,1,-1,75.6875,75.6875,0
1786403783839,15000,die0,15000,15000,1,-1,75.6875,75.6875,0
1786403783939,15000,die0,15000,15000,1,-1,75.6875,75.6875,0
1786403784039,15000,die0,15000,15000,1,-1,75.625,75.625,0
1786403784139,15000,die0,15000,15000,1,-1,75.625,75.625,0
1786403784239,15000,die0,15000,15000,1,-1,75.625,75.625,0
1786403784339,15000,die0,15000,15000,1,-1,75.625,75.625,0
1786403784439,15000,die0,15000,15000,1,-1,75.625,75.625,0
1786403784539,15000,die0,15000,15000,1,-1,75.625,75.625,0
1786403784639,15000,die0,15000,15000,1,-1,75.625,75.625,0
1786403784739,15000,die0,15000,15000,1,-1,75.625,75.625,0
1786403784839,15000,die0,15000,15000,1,-1,75.625,75.625,0
1786403784939,15000,die0,15000,15000,1,-1,75.625,75.625,0
1786403785039,15000,die0,15000,15000,1,-1,75.625,75.625,0
1786403785142,15000,die0,15000,15000,1,-1,75.625,75.625,0
1786403785239,15000,die0,15000,15000,1,-1,75.625,75.625,0
1786403785339,15000,die0,15000,15000,1,-1,75.625,75.625,0
1786403785439,15000,die0,15000,15000,1,-1,75.625,75.625,0
1786403785539,15000,die0,15000,15000,1,-1,75.625,75.625,0
1786403785639,15000,die0,15000,15000,1,-1,75.625,75.625,0
1786403785739,15000,die0,15000,15000,1,-1,75.625,75.625,0
1786403785839,15000,die0,15000,15000,1,-1,75.625,75.625,0
1786403785939,15000,die0,15000,15000,1,-1,75.625,75.625,0
1786403786039,15000,die0,15000,15000,1,-1,75.5,75.5,0
1786403786139,15000,die0,15000,15000,1,-1,75.5,75.5,0
1786403786239,15000,die0,15000,15000,1,-1,75.5,75.5,0
1786403786339,15000,die0,15000,15000,1,-1,75.5,75.5,0
1786403786439,15000,die0,15000,15000,1,-1,75.5,75.5,0
1786403786539,15000,die0,15000,15000,1,-1,75.5,75.5,0
1786403786639,15000,die0,15000,15000,1,-1,75.5,75.5,0
1786403786739,15000,die0,15000,15000,1,-1,75.5,75.5,0
1786403786839,15000,die0,15000,15000,1,-1,75.5,75.5,0
1786403786939,15000,die0,15000,15000,1,-1,75.5,75.5,0
1786403787039,15000,die0,15000,15000,1,-1,75.5,75.5,0
1786403787139,15000,die0,15000,15000,1,-1,75.5,75.5,0
1786403787239,15000,die0,15000,15000,1,-1,75.5,75.5,0
1786403787342,15000,die0,15000,15000,1,-1,75.5,75.5,0
1786403787439,15000,die0,15000,15000,1,-1,75.5,75.5,0
1786403787539,15000,die0,15000,15000,1,-1,75.5,75.5,0
1786403787639,15000,die0,15000,15000,1,-1,75.5,75.5,0
1786403787739,15000,die0,15000,15000,1,-1,75.5,75.5,0
1786403787839,15000,die0,15000,15000,1,-1,75.5,75.5,0
1786403787939,15000,die0,15000,15000,1,-1,75.5,75.5,0
1786403788039,15000,die0,15000,15000,1,-1,75.5,75.5,0
1786403788142,15000,die0,15000,15000,1,-1,75.5,75.5,0
1786403788239,15000,die0,15000,15000,1,-1,75.5,75.5,0
1786403788339,15000,die0,15000,15000,1,-1,75.5,75.5,0
1786403788439,15000,die0,15000,15000,1,-1,75.5,75.5,0
1786403788539,15000,die0,15000,15000,1,-1,75.5,75.5,0
1786403788639,15000,die0,15000,15000,1,-1,75.5,75.5,0
1786403788739,15000,die0,15000,15000,1,-1,75.5,75.5,0
1786403788839,15000,die0,15000,15000,1,-1,75.5,75.5,0
1786403788939,15000,die0,15000,15000,1,-1,75.5,75.5,0
1786403789039,15000,die0,15000,15000,1,-1,75.375,75.375,0
1786403789139,15000,die0,15000,15000,1,-1,75.375,75.375,0
1786403789239,15000,die0,15000,15000,1,-1,75.375,75.375,0
1786403789339,15000,die0,15000,15000,1,-1,75.375,75.375,0
1786403789439,15000,die0,15000,15000,1,-1,75.375,75.375,0
1786403789539,15000,die0,15000,15000,1,-1,75.375,75.375,0
1786403789639,15000,die0,15000,15000,1,-1,75.375,75.375,0
1786403789739,15000,die0,15000,15000,1,-1,75.375,75.375,0
1786403789839,15000,die0,15000,15000,1,-1,75.375,75.375,0
1786403789939,15000,die0,15000,15000,1,-1,75.375,75.375,0
1786403790039,15000,die0,15000,15000,1,-1,75.25,75.25,0
1786403790139,15000,die0,15000,15000,1,-1,75.25,75.25,0
1786403790239,15000,die0,15000,15000,1,-1,75.25,75.25,0
1786403790339,15000,die0,15000,15000,1,-1,75.25,75.25,0
1786403790439,15000,die0,15000,15000,1,-1,75.25,75.25,0
1786403790539,15000,die0,15000,15000,1,-1,75.25,75.25,0
1786403790639,15000,die0,15000,15000,1,-1,75.25,75.25,0
1786403790739,15000,die0,15000,15000,1,-1,75.25,75.25,0
1786403790842,15000,die0,15000,15000,1,-1,75.25,75.25,0
1786403790939,15000,die0,15000,15000,1,-1,75.25,75.25,0
1786403791039,15000,die0,15000,15000,1,-1,75.3125,75.3125,0
1786403791139,15000,die0,15000,15000,1,-1,75.3125,75.3125,0
1786403791239,15000,die0,15000,15000,1,-1,75.3125,75.3125,0
1786403791339,15000,die0,15000,15000,1,-1,75.3125,75.3125,0
1786403791439,15000,die0,15000,15000,1,-1,75.3125,75.3125,0
1786403791539,15000,die0,15000,15000,1,-1,75.3125,75.3125,0
1786403791639,15000,die0,15000,15000,1,-1,75.3125,75.3125,0
1786403791739,15000,die0,15000,15000,1,-1,75.3125,75.3125,0
1786403791839,15000,die0,15000,15000,1,-1,75.3125,75.3125,0
1786403791939,15000,die0,15000,15000,1,-1,75.3125,75.3125,0
1786403792039,15000,die0,15000,15000,1,-1,75.1875,75.1875,0
1786403792139,15000,die0,15000,15000,1,-1,75.1875,75.1875,0
1786403792239,15000,die0,15000,15000,1,-1,75.1875,75.1875,0
1786403792339,15000,die0,15000,15000,1,-1,75.1875,75.1875,0
1786403792439,15000,die0,15000,15000,1,-1,75.1875,75.1875,0
1786403792539,15000,die0,15000,15000,1,-1,75.1875,75.1875,0
1786403792639,15000,die0,15000,15000,1,-1,75.1875,75.1875,0
1786403792739,15000,die0,15000,15000,1,-1,75.1875,75.1875,0
1786403792839,15000,die0,15000,15000,1,-1,75.1875,75.1875,0
1786403792939,15000,die0,15000,15000,1,-1,75.1875,75.1875,0
1786403793039,15000,die0,15000,15000,1,-1,75.1875,75.1875,0
1786403793139,15000,die0,15000,15000,1,-1,75.1875,75.1875,0
1786403793239,15000,die0,15000,15000,1,-1,75.1875,75.1875,0
1786403793339,15000,die0,15000,15000,1,-1,75.1875,75.1875,0
1786403793439,15000,die0,15000,15000,1,-1,75.1875,75.1875,0
1786403793539,15000,die0,15000,15000,1,-1,75.1875,75.1875,0
1786403793642,15000,die0,15000,15000,1,-1,75.1875,75.1875,0
1786403793739,15000,die0,15000,15000,1,-1,75.1875,75.1875,0
1786403793839,15000,die0,15000,15000,1,-1,75.1875,75.1875,0
1786403793939,15000,die0,15000,15000,1,-1,75.1875,75.1875,0
1786403794039,15000,die0,15000,15000,1,-1,75.125,75.125,0
1786403794139,15000,die0,15000,15000,1,-1,75.125,75.125,0
1786403794239,15000,die0,15000,15000,1,-1,75.125,75.125,0
1786403794339,15000,die0,15000,15000,1,-1,75.125,75.125,0
1786403794439,15000,die0,15000,15000,1,-1,75.125,75.125,0
1786403794539,15000,die0,15000,15000,1,-1,75.125,75.125,0
1786403794639,15000,die0,15000,15000,1,-1,75.125,75.125,0
1786403794739,15000,die0,15000,15000,1,-1,75.125,75.125,0
1786403794839,15000,die0,15000,15000,1,-1,75.125,75.125,0
1786403794939,15000,die0,15000,15000,1,-1,75.125,75.125,0
1786403795039,15000,die0,15000,15000,1,-1,75.0625,75.0625,0
1786403795139,15000,die0,15000,15000,1,-1,75.0625,75.0625,0
1786403795239,15000,die0,15000,15000,1,-1,75.0625,75.0625,0
1786403795339,15000,die0,15000,15000,1,-1,75.0625,75.0625,0
1786403795439,15000,die0,15000,15000,1,-1,75.0625,75.0625,0
1786403795539,15000,die0,15000,15000,1,-1,75.0625,75.0625,0
1786403795639,15000,die0,15000,15000,1,-1,75.0625,75.0625,0
1786403795739,15000,die0,15000,15000,1,-1,75.0625,75.0625,0
1786403795839,15000,die0,15000,15000,1,-1,75.0625,75.0625,0
1786403795939,15000,die0,15000,15000,1,-1,75.0625,75.0625,0
1786403796039,15000,die0,15000,15000,1,-1,75,75,0
1786403796139,15000,die0,15000,15000,1,-1,75,75,0
1786403796239,15000,die0,15000,15000,1,-1,75,75,0
1786403796339,15000,die0,15000,15000,1,-1,75,75,0
1786403796439,15000,die0,15000,15000,1,-1,75,75,0
1786403796539,15000,die0,15000,15000,1,-1,75,75,0
1786403796639,15000,die0,15000,15000,1,-1,75,75,0
1786403796739,15000,die0,15000,15000,1,-1,75,75,0
1786403796839,15000,die0,15000,15000,1,-1,75,75,0
1786403796939,15000,die0,15000,15000,1,-1,75,75,0
1786403797039,15000,die0,15000,15000,1,-1,74.9375,74.9375,0
1786403797139,15000,die0,15000,15000,1,-1,74.9375,74.9375,0
1786403797239,15000,die0,15000,15000,1,-1,74.9375,74.9375,0
1786403797339,15000,die0,15000,15000,1,-1,74.9375,74.9375,0
1786403797439,15000,die0,15000,15000,1,-1,74.9375,74.9375,0
1786403797539,15000,die0,15000,15000,1,-1,74.9375,74.9375,0
1786403797639,15000,die0,15000,15000,1,-1,74.9375,74.9375,0
1786403797739,15000,die0,15000,15000,1,-1,74.9375,74.9375,0
1786403797839,15000,die0,15000,15000,1,-1,74.9375,74.9375,0
1786403797939,15000,die0,15000,15000,1,-1,74.9375,74.9375,0
1786403798039,15000,die0,15000,15000,1,-1,75,75,0
1786403798139,15000,die0,15000,15000,1,-1,75,75,0
1786403798239,15000,die0,15000,15000,1,-1,75,75,0
1786403798339,15000,die0,15000,15000,1,-1,75,75,0
1786403798439,15000,die0,15000,15000,1,-1,75,75,0
1786403798539,15000,die0,15000,15000,1,-1,75,75,0
1786403798642,15000,die0,15000,15000,1,-1,75,75,0
1786403798739,15000,die0,15000,15000,1,-1,75,75,0
1786403798839,15000,die0,15000,15000,1,-1,75,75,0
1786403798939,15000,die0,15000,15000,1,-1,75,75,0
1786403799039,15000,die0,15000,15000,1,-1,74.875,74.875,0
1786403799139,15000,die0,15000,15000,1,-1,74.875,74.875,0
1786403799239,15000,die0,15000,15000,1,-1,74.875,74.875,0
1786403799339,15000,die0,15000,15000,1,-1,74.875,74.875,0
1786403799439,15000,die0,15000,15000,1,-1,74.875,74.875,0
1786403799539,15000,die0,15000,15000,1,-1,74.875,74.875,0
1786403799639,15000,die0,15000,15000,1,-1,74.875,74.875,0
1786403799739,15000,die0,15000,15000,1,-1,74.875,74.875,0
1786403799839,15000,die0,15000,15000,1,-1,74.875,74.875,0
1786403799939,15000,die0,15000,15000,1,-1,74.875,74.875,0
1786403800039,15000,die0,15000,15000,1,-1,74.875,74.875,0
1786403800139,15000,die0,15000,15000,1,-1,74.875,74.875,0
1786403800239,15000,die0,15000,15000,1,-1,74.875,74.875,0
1786403800339,15000,die0,15000,15000,1,-1,74.875,74.875,0
1786403800439,15000,die0,15000,15000,1,-1,74.875,74.875,0
1786403800539,15000,die0,15000,15000,1,-1,74.875,74.875,0
1786403800639,15000,die0,15000,15000,1,-1,74.875,74.875,0
1786403800739,15000,die0,15000,15000,1,-1,74.875,74.875,0
1786403800839,15000,die0,15000,15000,1,-1,74.875,74.875,0
1786403800939,15000,die0,15000,15000,1,-1,74.875,74.875,0
1786403801039,15000,die0,15000,15000,1,-1,74.875,74.875,0
1786403801139,15000,die0,15000,15000,1,-1,74.875,74.875,0
1786403801239,15000,die0,15000,15000,1,-1,74.875,74.875,0
1786403801339,15000,die0,15000,15000,1,-1,74.875,74.875,0
1786403801439,15000,die0,15000,15000,1,-1,74.875,74.875,0
1786403801539,15000,die0,15000,15000,1,-1,74.875,74.875,0
1786403801639,15000,die0,15000,15000,1,-1,74.875,74.875,0
1786403801742,15000,die0,15000,15000,1,-1,74.875,74.875,0
1786403801839,15000,die0,15000,15000,1,-1,74.875,74.875,0
1786403801939,15000,die0,15000,15000,1,-1,74.875,74.875,0
1786403802039,15000,die0,15000,15000,1,-1,74.6875,74.6875,0
1786403802139,15000,die0,15000,15000,1,-1,74.6875,74.6875,0
1786403802239,15000,die0,15000,15000,1,-1,74.6875,74.6875,0
1786403802339,15000,die0,15000,15000,1,-1,74.6875,74.6875,0
1786403802439,15000,die0,15000,15000,1,-1,74.6875,74.6875,0
1786403802539,15000,die0,15000,15000,1,-1,74.6875,74.6875,0
1786403802639,15000,die0,15000,15000,1,-1,74.6875,74.6875,0
1786403802739,15000,die0,15000,15000,1,-1,74.6875,74.6875,0
1786403802839,15000,die0,15000,15000,1,-1,74.6875,74.6875,0
1786403802939,15000,die0,15000,15000,1,-1,74.6875,74.6875,0
1786403803039,15000,die0,15000,15000,1,-1,74.8125,74.8125,0
1786403803139,15000,die0,15000,15000,1,-1,74.8125,74.8125,0
1786403803242,15000,die0,15000,15000,1,-1,74.8125,74.8125,0
1786403803339,15000,die0,15000,15000,1,-1,74.8125,74.8125,0
1786403803439,15000,die0,15000,15000,1,-1,74.8125,74.8125,0
1786403803539,15000,die0,15000,15000,1,-1,74.8125,74.8125,0
1786403803639,15000,die0,15000,15000,1,-1,74.8125,74.8125,0
1786403803739,15000,die0,15000,15000,1,-1,74.8125,74.8125,0
1786403803839,15000,die0,15000,15000,1,-1,74.8125,74.8125,0
1786403803939,15000,die0,15000,15000,1,-1,74.8125,74.8125,0
1786403804039,15000,die0,15000,15000,1,-1,74.8125,74.8125,0
1786403804139,15000,die0,15000,15000,1,-1,74.8125,74.8125,0
1786403804239,15000,die0,15000,15000,1,-1,74.8125,74.8125,0
1786403804339,15000,die0,15000,15000,1,-1,74.8125,74.8125,0
1786403804439,15000,die0,15000,15000,1,-1,74.8125,74.8125,0
1786403804539,15000,die0,15000,15000,1,-1,74.8125,74.8125,0
1786403804639,15000,die0,15000,15000,1,-1,74.8125,74.8125,0
1786403804739,15000,die0,15000,15000,1,-1,74.8125,74.8125,0
1786403804839,15000,die0,15000,15000,1,-1,74.8125,74.8125,0
1786403804939,15000,die0,15000,15000,1,-1,74.8125,74.8125,0
1786403805039,15000,die0,15000,15000,1,-1,74.6875,74.6875,0
1786403805139,15000,die0,15000,15000,1,-1,74.6875,74.6875,0
1786403805239,15000,die0,15000,15000,1,-1,74.6875,74.6875,0
1786403805339,15000,die0,15000,15000,1,-1,74.6875,74.6875,0
1786403805439,15000,die0,15000,15000,1,-1,74.6875,74.6875,0
1786403805539,15000,die0,15000,15000,1,-1,74.6875,74.6875,0
1786403805642,15000,die0,15000,15000,1,-1,74.6875,74.6875,0
1786403805739,15000,die0,15000,15000,1,-1,74.6875,74.6875,0
1786403805839,15000,die0,15000,15000,1,-1,74.6875,74.6875,0
1786403805939,15000,die0,15000,15000,1,-1,74.6875,74.6875,0
1786403806039,15000,die0,15000,15000,1,-1,74.625,74.625,0
1786403806139,15000,die0,15000,15000,1,-1,74.625,74.625,0
1786403806239,15000,die0,15000,15000,1,-1,74.625,74.625,0
1786403806339,15000,die0,15000,15000,1,-1,74.625,74.625,0
1786403806439,15000,die0,15000,15000,1,-1,74.625,74.625,0
1786403806539,15000,die0,15000,15000,1,-1,74.625,74.625,0
1786403806639,15000,die0,15000,15000,1,-1,74.625,74.625,0
1786403806739,15000,die0,15000,15000,1,-1,74.625,74.625,0
1786403806839,15000,die0,15000,15000,1,-1,74.625,74.625,0
1786403806939,15000,die0,15000,15000,1,-1,74.625,74.625,0
1786403807039,15000,die0,15000,15000,1,-1,74.625,74.625,0
1786403807139,15000,die0,15000,15000,1,-1,74.625,74.625,0
1786403807239,15000,die0,15000,15000,1,-1,74.625,74.625,0
1786403807339,15000,die0,15000,15000,1,-1,74.625,74.625,0
1786403807439,15000,die0,15000,15000,1,-1,74.625,74.625,0
1786403807539,15000,die0,15000,15000,1,-1,74.625,74.625,0
1786403807639,15000,die0,15000,15000,1,-1,74.625,74.625,0
1786403807739,15000,die0,15000,15000,1,-1,74.625,74.625,0
1786403807839,15000,die0,15000,15000,1,-1,74.625,74.625,0
1786403807939,15000,die0,15000,15000,1,-1,74.625,74.625,0
1786403808039,15000,die0,15000,15000,1,-1,74.5625,74.5625,0
1786403808139,15000,die0,15000,15000,1,-1,74.5625,74.5625,0
1786403808239,15000,die0,15000,15000,1,-1,74.5625,74.5625,0
1786403808339,15000,die0,15000,15000,1,-1,74.5625,74.5625,0
1786403808442,15000,die0,15000,15000,1,-1,74.5625,74.5625,0
1786403808542,15000,die0,15000,15000,1,-1,74.5625,74.5625,0
1786403808639,15000,die0,15000,15000,1,-1,74.5625,74.5625,0
1786403808739,15000,die0,15000,15000,1,-1,74.5625,74.5625,0
1786403808839,15000,die0,15000,15000,1,-1,74.5625,74.5625,0
1786403808939,15000,die0,15000,15000,1,-1,74.5625,74.5625,0
1786403809039,15000,die0,15000,15000,1,-1,74.5,74.5,0
1786403809139,15000,die0,15000,15000,1,-1,74.5,74.5,0
1786403809239,15000,die0,15000,15000,1,-1,74.5,74.5,0
1786403809339,15000,die0,15000,15000,1,-1,74.5,74.5,0
1786403809439,15000,die0,15000,15000,1,-1,74.5,74.5,0
1786403809539,15000,die0,15000,15000,1,-1,74.5,74.5,0
1786403809639,15000,die0,15000,15000,1,-1,74.5,74.5,0
1786403809739,15000,die0,15000,15000,1,-1,74.5,74.5,0
1786403809839,15000,die0,15000,15000,1,-1,74.5,74.5,0
1786403809939,15000,die0,15000,15000,1,-1,74.5,74.5,0
1786403810039,15000,die0,15000,15000,1,-1,74.5625,74.5625,0
1786403810139,15000,die0,15000,15000,1,-1,74.5625,74.5625,0
1786403810239,15000,die0,15000,15000,1,-1,74.5625,74.5625,0
1786403810339,15000,die0,15000,15000,1,-1,74.5625,74.5625,0
1786403810439,15000,die0,15000,15000,1,-1,74.5625,74.5625,0
1786403810539,15000,die0,15000,15000,1,-1,74.5625,74.5625,0
1786403810639,15000,die0,15000,15000,1,-1,74.5625,74.5625,0
1786403810739,15000,die0,15000,15000,1,-1,74.5625,74.5625,0
1786403810839,15000,die0,15000,15000,1,-1,74.5625,74.5625,0
1786403810939,15000,die0,15000,15000,1,-1,74.5625,74.5625,0
1786403811039,15000,die0,15000,15000,1,-1,74.375,74.375,0
1786403811139,15000,die0,15000,15000,1,-1,74.375,74.375,0
1786403811239,15000,die0,15000,15000,1,-1,74.375,74.375,0
1786403811339,15000,die0,15000,15000,1,-1,74.375,74.375,0
1786403811439,15000,die0,15000,15000,1,-1,74.375,74.375,0
1786403811539,15000,die0,15000,15000,1,-1,74.375,74.375,0
1786403811642,15000,die0,15000,15000,1,-1,74.375,74.375,0
1786403811739,15000,die0,15000,15000,1,-1,74.375,74.375,0
1786403811839,15000,die0,15000,15000,1,-1,74.375,74.375,0
1786403811939,15000,die0,15000,15000,1,-1,74.375,74.375,0
1786403812039,15000,die0,15000,15000,1,-1,74.375,74.375,0
1786403812139,15000,die0,15000,15000,1,-1,74.375,74.375,0
1786403812239,15000,die0,15000,15000,1,-1,74.375,74.375,0
1786403812339,15000,die0,15000,15000,1,-1,74.375,74.375,0
1786403812439,15000,die0,15000,15000,1,-1,74.375,74.375,0
1786403812539,15000,die0,15000,15000,1,-1,74.375,74.375,0
1786403812639,15000,die0,15000,15000,1,-1,74.375,74.375,0
1786403812739,15000,die0,15000,15000,1,-1,74.375,74.375,0
1786403812839,15000,die0,15000,15000,1,-1,74.375,74.375,0
1786403812939,15000,die0,15000,15000,1,-1,74.375,74.375,0
1786403813039,15000,die0,15000,15000,1,-1,74.375,74.375,0
1786403813139,15000,die0,15000,15000,1,-1,74.375,74.375,0
1786403813242,15000,die0,15000,15000,1,-1,74.375,74.375,0
1786403813339,15000,die0,15000,15000,1,-1,74.375,74.375,0
1786403813439,15000,die0,15000,15000,1,-1,74.375,74.375,0
1786403813539,15000,die0,15000,15000,1,-1,74.375,74.375,0
1786403813639,15000,die0,15000,15000,1,-1,74.375,74.375,0
1786403813739,15000,die0,15000,15000,1,-1,74.375,74.375,0
1786403813839,15000,die0,15000,15000,1,-1,74.375,74.375,0
1786403813939,15000,die0,15000,15000,1,-1,74.375,74.375,0
1786403814039,15000,die0,15000,15000,1,-1,74.25,74.25,0
1786403814139,15000,die0,15000,15000,1,-1,74.25,74.25,0
1786403814239,15000,die0,15000,15000,1,-1,74.25,74.25,0
1786403814339,15000,die0,15000,15000,1,-1,74.25,74.25,0
1786403814439,15000,die0,15000,15000,1,-1,74.25,74.25,0
1786403814539,15000,die0,15000,15000,1,-1,74.25,74.25,0
1786403814639,15000,die0,15000,15000,1,-1,74.25,74.25,0
1786403814739,15000,die0,15000,15000,1,-1,74.25,74.25,0
1786403814839,15000,die0,15000,15000,1,-1,74.25,74.25,0
1786403814939,15000,die0,15000,15000,1,-1,74.25,74.25,0
1786403815039,15000,die0,15000,15000,1,-1,74.25,74.25,0
1786403815139,15000,die0,15000,15000,1,-1,74.25,74.25,0
1786403815239,15000,die0,15000,15000,1,-1,74.25,74.25,0
1786403815339,15000,die0,15000,15000,1,-1,74.25,74.25,0
1786403815439,15000,die0,15000,15000,1,-1,74.25,74.25,0
1786403815539,15000,die0,15000,15000,1,-1,74.25,74.25,0
1786403815642,15000,die0,15000,15000,1,-1,74.25,74.25,0
1786403815739,15000,die0,15000,15000,1,-1,74.25,74.25,0
1786403815839,15000,die0,15000,15000,1,-1,74.25,74.25,0
1786403815939,15000,die0,15000,15000,1,-1,74.25,74.25,0
1786403816039,15000,die0,15000,15000,1,-1,74.375,74.375,0
1786403816139,15000,die0,15000,15000,1,-1,74.375,74.375,0
1786403816239,15000,die0,15000,15000,1,-1,74.375,74.375,0
1786403816339,15000,die0,15000,15000,1,-1,74.375,74.375,0
1786403816439,15000,die0,15000,15000,1,-1,74.375,74.375,0
1786403816539,15000,die0,15000,15000,1,-1,74.375,74.375,0
1786403816639,15000,die0,15000,15000,1,-1,74.375,74.375,0
1786403816739,15000,die0,15000,15000,1,-1,74.375,74.375,0
1786403816839,15000,die0,15000,15000,1,-1,74.375,74.375,0
1786403816939,15000,die0,15000,15000,1,-1,74.375,74.375,0
1786403817039,15000,die0,15000,15000,1,-1,74.25,74.25,0
1786403817139,15000,die0,15000,15000,1,-1,74.25,74.25,0
1786403817239,15000,die0,15000,15000,1,-1,74.25,74.25,0
1786403817339,15000,die0,15000,15000,1,-1,74.25,74.25,0
1786403817439,15000,die0,15000,15000,1,-1,74.25,74.25,0
1786403817539,15000,die0,15000,15000,1,-1,74.25,74.25,0
1786403817639,15000,die0,15000,15000,1,-1,74.25,74.25,0
1786403817739,15000,die0,15000,15000,1,-1,74.25,74.25,0
1786403817839,15000,die0,15000,15000,1,-1,74.25,74.25,0
1786403817939,15000,die0,15000,15000,1,-1,74.25,74.25,0
1786403818039,15000,die0,15000,15000,1,-1,74.1875,74.1875,0
1786403818139,15000,die0,15000,15000,1,-1,74.1875,74.1875,0
1786403818239,15000,die0,15000,15000,1,-1,74.1875,74.1875,0
1786403818339,15000,die0,15000,15000,1,-1,74.1875,74.1875,0
1786403818439,15000,die0,15000,15000,1,-1,74.1875,74.1875,0
1786403818539,15000,die0,15000,15000,1,-1,74.1875,74.1875,0
1786403818639,15000,die0,15000,15000,1,-1,74.1875,74.1875,0
1786403818739,15000,die0,15000,15000,1,-1,74.1875,74.1875,0
1786403818839,15000,die0,15000,15000,1,-1,74.1875,74.1875,0
1786403818939,15000,die0,15000,15000,1,-1,74.1875,74.1875,0
1786403819039,15000,die0,15000,15000,1,-1,74.1875,74.1875,0
1786403819139,15000,die0,15000,15000,1,-1,74.1875,74.1875,0
1786403819239,15000,die0,15000,15000,1,-1,74.1875,74.1875,0
1786403819339,15000,die0,15000,15000,1,-1,74.1875,74.1875,0
1786403819439,15000,die0,15000,15000,1,-1,74.1875,74.1875,0
1786403819539,15000,die0,15000,15000,1,-1,74.1875,74.1875,0
1786403819639,15000,die0,15000,15000,1,-1,74.1875,74.1875,0
1786403819742,15000,die0,15000,15000,1,-1,74.1875,74.1875,0
1786403819839,15000,die0,15000,15000,1,-1,74.1875,74.1875,0
1786403819939,15000,die0,15000,15000,1,-1,74.1875,74.1875,0
1786403820039,15000,die0,15000,15000,1,-1,74.1875,74.1875,0
1786403820139,15000,die0,15000,15000,1,-1,74.1875,74.1875,0
1786403820239,15000,die0,15000,15000,1,-1,74.1875,74.1875,0
1786403820339,15000,die0,15000,15000,1,-1,74.1875,74.1875,0
1786403820439,15000,die0,15000,15000,1,-1,74.1875,74.1875,0
1786403820539,15000,die0,15000,15000,1,-1,74.1875,74.1875,0
1786403820639,15000,die0,15000,15000,1,-1,74.1875,74.1875,0
1786403820739,15000,die0,15000,15000,1,-1,74.1875,74.1875,0
1786403820839,15000,die0,15000,15000,1,-1,74.1875,74.1875,0
1786403820939,15000,die0,15000,15000,1,-1,74.1875,74.1875,0
1786403821039,15000,die0,15000,15000,1,-1,74.1875,74.1875,0
1786403821139,15000,die0,15000,15000,1,-1,74.1875,74.1875,0
1786403821239,15000,die0,15000,15000,1,-1,74.1875,74.1875,0
1786403821339,15000,die0,15000,15000,1,-1,74.1875,74.1875,0
1786403821439,15000,die0,15000,15000,1,-1,74.1875,74.1875,0
1786403821539,15000,die0,15000,15000,1,-1,74.1875,74.1875,0
1786403821639,15000,die0,15000,15000,1,-1,74.1875,74.1875,0
1786403821739,15000,die0,15000,15000,1,-1,74.1875,74.1875,0
1786403821839,15000,die0,15000,15000,1,-1,74.1875,74.1875,0
1786403821939,15000,die0,15000,15000,1,-1,74.1875,74.1875,0
1786403822039,15000,die0,15000,15000,1,-1,74.125,74.125,0
1786403822139,15000,die0,15000,15000,1,-1,74.125,74.125,0
1786403822239,15000,die0,15000,15000,1,-1,74.125,74.125,0
1786403822339,15000,die0,15000,15000,1,-1,74.125,74.125,0
1786403822439,15000,die0,15000,15000,1,-1,74.125,74.125,0
1786403822539,15000,die0,15000,15000,1,-1,74.125,74.125,0
1786403822639,15000,die0,15000,15000,1,-1,74.125,74.125,0
1786403822739,15000,die0,15000,15000,1,-1,74.125,74.125,0
1786403822839,15000,die0,15000,15000,1,-1,74.125,74.125,0
1786403822942,15000,die0,15000,15000,1,-1,74.125,74.125,0
1786403823039,15000,die0,15000,15000,1,-1,74.125,74.125,0
1786403823139,15000,die0,15000,15000,1,-1,74.125,74.125,0
1786403823239,15000,die0,15000,15000,1,-1,74.125,74.125,0
1786403823339,15000,die0,15000,15000,1,-1,74.125,74.125,0
1786403823439,15000,die0,15000,15000,1,-1,74.125,74.125,0
1786403823539,15000,die0,15000,15000,1,-1,74.125,74.125,0
1786403823639,15000,die0,15000,15000,1,-1,74.125,74.125,0
1786403823739,15000,die0,15000,15000,1,-1,74.125,74.125,0
1786403823839,15000,die0,15000,15000,1,-1,74.125,74.125,0
1786403823939,15000,die0,15000,15000,1,-1,74.125,74.125,0
1786403824039,15000,die0,15000,15000,1,-1,74.0625,74.0625,0
1786403824139,15000,die0,15000,15000,1,-1,74.0625,74.0625,0
1786403824239,15000,die0,15000,15000,1,-1,74.0625,74.0625,0
1786403824339,15000,die0,15000,15000,1,-1,74.0625,74.0625,0
1786403824439,15000,die0,15000,15000,1,-1,74.0625,74.0625,0
1786403824542,15000,die0,15000,15000,1,-1,74.0625,74.0625,0
1786403824639,15000,die0,15000,15000,1,-1,74.0625,74.0625,0
1786403824739,15000,die0,15000,15000,1,-1,74.0625,74.0625,0
1786403824839,15000,die0,15000,15000,1,-1,74.0625,74.0625,0
1786403824939,15000,die0,15000,15000,1,-1,74.0625,74.0625,0
1786403825039,15000,die0,15000,15000,1,-1,74,74,0
1786403825139,15000,die0,15000,15000,1,-1,74,74,0
1786403825239,15000,die0,15000,15000,1,-1,74,74,0
1786403825339,15000,die0,15000,15000,1,-1,74,74,0
1786403825439,15000,die0,15000,15000,1,-1,74,74,0
1786403825539,15000,die0,15000,15000,1,-1,74,74,0
1786403825639,15000,die0,15000,15000,1,-1,74,74,0
1786403825739,15000,die0,15000,15000,1,-1,74,74,0
1786403825839,15000,die0,15000,15000,1,-1,74,74,0
1786403825939,15000,die0,15000,15000,1,-1,74,74,0
1786403826039,15000,die0,15000,15000,1,-1,74.125,74.125,0
1786403826139,15000,die0,15000,15000,1,-1,74.125,74.125,0
1786403826239,15000,die0,15000,15000,1,-1,74.125,74.125,0
1786403826339,15000,die0,15000,15000,1,-1,74.125,74.125,0
1786403826439,15000,die0,15000,15000,1,-1,74.125,74.125,0
1786403826539,15000,die0,15000,15000,1,-1,74.125,74.125,0
1786403826639,15000,die0,15000,15000,1,-1,74.125,74.125,0
1786403826742,15000,die0,15000,15000,1,-1,74.125,74.125,0
1786403826839,15000,die0,15000,15000,1,-1,74.125,74.125,0
1786403826939,15000,die0,15000,15000,1,-1,74.125,74.125,0
1786403827039,15000,die0,15000,15000,1,-1,73.9375,73.9375,0
1786403827139,15000,die0,15000,15000,1,-1,73.9375,73.9375,0
1786403827239,15000,die0,15000,15000,1,-1,73.9375,73.9375,0
1786403827339,15000,die0,15000,15000,1,-1,73.9375,73.9375,0
1786403827439,15000,die0,15000,15000,1,-1,73.9375,73.9375,0
1786403827539,15000,die0,15000,15000,1,-1,73.9375,73.9375,0
1786403827639,15000,die0,15000,15000,1,-1,73.9375,73.9375,0
1786403827739,15000,die0,15000,15000,1,-1,73.9375,73.9375,0
1786403827839,15000,die0,15000,15000,1,-1,73.9375,73.9375,0
1786403827939,15000,die0,15000,15000,1,-1,73.9375,73.9375,0
1786403828039,15000,die0,15000,15000,1,-1,74.0625,74.0625,0
1786403828142,15000,die0,15000,15000,1,-1,74.0625,74.0625,0
1786403828239,15000,die0,15000,15000,1,-1,74.0625,74.0625,0
1786403828339,15000,die0,15000,15000,1,-1,74.0625,74.0625,0
1786403828439,15000,die0,15000,15000,1,-1,74.0625,74.0625,0
1786403828539,15000,die0,15000,15000,1,-1,74.0625,74.0625,0
1786403828639,15000,die0,15000,15000,1,-1,74.0625,74.0625,0
1786403828739,15000,die0,15000,15000,1,-1,74.0625,74.0625,0
1786403828839,15000,die0,15000,15000,1,-1,74.0625,74.0625,0
1786403828939,15000,die0,15000,15000,1,-1,74.0625,74.0625,0
1786403829039,15000,die0,15000,15000,1,-1,73.875,73.875,0
1786403829139,15000,die0,15000,15000,1,-1,73.875,73.875,0
1786403829239,15000,die0,15000,15000,1,-1,73.875,73.875,0
1786403829339,15000,die0,15000,15000,1,-1,73.875,73.875,0
1786403829439,15000,die0,15000,15000,1,-1,73.875,73.875,0
1786403829539,15000,die0,15000,15000,1,-1,73.875,73.875,0
1786403829639,15000,die0,15000,15000,1,-1,73.875,73.875,0
1786403829739,15000,die0,15000,15000,1,-1,73.875,73.875,0
1786403829839,15000,die0,15000,15000,1,-1,73.875,73.875,0
1786403829939,15000,die0,15000,15000,1,-1,73.875,73.875,0
1786403830039,15000,die0,15000,15000,1,-1,74,74,0
1786403830139,15000,die0,15000,15000,1,-1,74,74,0
1786403830242,15000,die0,15000,15000,1,-1,74,74,0
1786403830339,15000,die0,15000,15000,1,-1,74,74,0
1786403830439,15000,die0,15000,15000,1,-1,74,74,0
1786403830539,15000,die0,15000,15000,1,-1,74,74,0
1786403830639,15000,die0,15000,15000,1,-1,74,74,0
1786403830739,15000,die0,15000,15000,1,-1,74,74,0
1786403830839,15000,die0,15000,15000,1,-1,74,74,0
1786403830939,15000,die0,15000,15000,1,-1,74,74,0
1786403831039,15000,die0,15000,15000,1,-1,73.9375,73.9375,0
1786403831139,15000,die0,15000,15000,1,-1,73.9375,73.9375,0
1786403831239,15000,die0,15000,15000,1,-1,73.9375,73.9375,0
1786403831339,15000,die0,15000,15000,1,-1,73.9375,73.9375,0
1786403831439,15000,die0,15000,15000,1,-1,73.9375,73.9375,0
1786403831542,15000,die0,15000,15000,1,-1,73.9375,73.9375,0
1786403831639,15000,die0,15000,15000,1,-1,73.9375,73.9375,0
1786403831739,15000,die0,15000,15000,1,-1,73.9375,73.9375,0
1786403831839,15000,die0,15000,15000,1,-1,73.9375,73.9375,0
1786403831939,15000,die0,15000,15000,1,-1,73.9375,73.9375,0
1786403832039,15000,die0,15000,15000,1,-1,74.0625,74.0625,0
1786403832139,15000,die0,15000,15000,1,-1,74.0625,74.0625,0
1786403832239,15000,die0,15000,15000,1,-1,74.0625,74.0625,0
1786403832339,15000,die0,15000,15000,1,-1,74.0625,74.0625,0
1786403832439,15000,die0,15000,15000,1,-1,74.0625,74.0625,0
1786403832539,15000,die0,15000,15000,1,-1,74.0625,74.0625,0
1786403832639,15000,die0,15000,15000,1,-1,74.0625,74.0625,0
1786403832739,15000,die0,15000,15000,1,-1,74.0625,74.0625,0
1786403832839,15000,die0,15000,15000,1,-1,74.0625,74.0625,0
1786403832939,15000,die0,15000,15000,1,-1,74.0625,74.0625,0
1786403833042,15000,die0,15000,15000,1,-1,73.9375,73.9375,0
1786403833139,15000,die0,15000,15000,1,-1,73.9375,73.9375,0
1786403833239,15000,die0,15000,15000,1,-1,73.9375,73.9375,0
1786403833339,15000,die0,15000,15000,1,-1,73.9375,73.9375,0
1786403833439,15000,die0,15000,15000,1,-1,73.9375,73.9375,0
1786403833539,15000,die0,15000,15000,1,-1,73.9375,73.9375,0
1786403833639,15000,die0,15000,15000,1,-1,73.9375,73.9375,0
1786403833739,15000,die0,15000,15000,1,-1,73.9375,73.9375,0
1786403833839,15000,die0,15000,15000,1,-1,73.9375,73.9375,0
1786403833939,15000,die0,15000,15000,1,-1,73.9375,73.9375,0
1786403834039,15000,die0,15000,15000,1,-1,73.8125,73.8125,0
1786403834139,15000,die0,15000,15000,1,-1,73.8125,73.8125,0
1786403834239,15000,die0,15000,15000,1,-1,73.8125,73.8125,0
1786403834339,15000,die0,15000,15000,1,-1,73.8125,73.8125,0
1786403834439,15000,die0,15000,15000,1,-1,73.8125,73.8125,0
1786403834539,15000,die0,15000,15000,1,-1,73.8125,73.8125,0
1786403834642,15000,die0,15000,15000,1,-1,73.8125,73.8125,0
1786403834739,15000,die0,15000,15000,1,-1,73.8125,73.8125,0
1786403834839,15000,die0,15000,15000,1,-1,73.8125,73.8125,0
1786403834939,15000,die0,15000,15000,1,-1,73.8125,73.8125,0
1786403835039,15000,die0,15000,15000,1,-1,73.8125,73.8125,0
1786403835139,15000,die0,15000,15000,1,-1,73.8125,73.8125,0
1786403835239,15000,die0,15000,15000,1,-1,73.8125,73.8125,0
1786403835339,15000,die0,15000,15000,1,-1,73.8125,73.8125,0
1786403835439,15000,die0,15000,15000,1,-1,73.8125,73.8125,0
1786403835539,15000,die0,15000,15000,1,-1,73.8125,73.8125,0
1786403835639,15000,die0,15000,15000,1,-1,73.8125,73.8125,0
1786403835739,15000,die0,15000,15000,1,-1,73.8125,73.8125,0
1786403835839,15000,die0,15000,15000,1,-1,73.8125,73.8125,0
1786403835939,15000,die0,15000,15000,1,-1,73.8125,73.8125,0
1786403836039,15000,die0,15000,15000,1,-1,73.875,73.875,0
1786403836139,15000,die0,15000,15000,1,-1,73.875,73.875,0
1786403836239,15000,die0,15000,15000,1,-1,73.875,73.875,0
1786403836339,15000,die0,15000,15000,1,-1,73.875,73.875,0
1786403836439,15000,die0,15000,15000,1,-1,73.875,73.875,0
1786403836539,15000,die0,15000,15000,1,-1,73.875,73.875,0
1786403836639,15000,die0,15000,15000,1,-1,73.875,73.875,0
1786403836742,15000,die0,15000,15000,1,-1,73.875,73.875,0
1786403836839,15000,die0,15000,15000,1,-1,73.875,73.875,0
1786403836939,15000,die0,15000,15000,1,-1,73.875,73.875,0
1786403837039,15000,die0,15000,15000,1,-1,73.875,73.875,0
1786403837139,15000,die0,15000,15000,1,-1,73.875,73.875,0
1786403837239,15000,die0,15000,15000,1,-1,73.875,73.875,0
1786403837339,15000,die0,15000,15000,1,-1,73.875,73.875,0
1786403837439,15000,die0,15000,15000,1,-1,73.875,73.875,0
1786403837539,15000,die0,15000,15000,1,-1,73.875,73.875,0
1786403837639,15000,die0,15000,15000,1,-1,73.875,73.875,0
1786403837739,15000,die0,15000,15000,1,-1,73.875,73.875,0
1786403837839,15000,die0,15000,15000,1,-1,73.875,73.875,0
1786403837939,15000,die0,15000,15000,1,-1,73.875,73.875,0
1786403838039,15000,die0,15000,15000,1,-1,73.75,73.75,0
1786403838139,15000,die0,15000,15000,1,-1,73.75,73.75,0
1786403838239,15000,die0,15000,15000,1,-1,73.75,73.75,0
1786403838339,15000,die0,15000,15000,1,-1,73.75,73.75,0
1786403838439,15000,die0,15000,15000,1,-1,73.75,73.75,0
1786403838539,15000,die0,15000,15000,1,-1,73.75,73.75,0
1786403838639,15000,die0,15000,15000,1,-1,73.75,73.75,0
1786403838739,15000,die0,15000,15000,1,-1,73.75,73.75,0
1786403838839,15000,die0,15000,15000,1,-1,73.75,73.75,0
1786403838939,15000,die0,15000,15000,1,-1,73.75,73.75,0
1786403839039,15000,die0,15000,15000,1,-1,73.8125,73.8125,0
1786403839139,15000,die0,15000,15000,1,-1,73.8125,73.8125,0
1786403839239,15000,die0,15000,15000,1,-1,73.8125,73.8125,0
1786403839339,15000,die0,15000,15000,1,-1,73.8125,73.8125,0
1786403839439,15000,die0,15000,15000,1,-1,73.8125,73.8125,0
1786403839542,15000,die0,15000,15000,1,-1,73.8125,73.8125,0
1786403839639,15000,die0,15000,15000,1,-1,73.8125,73.8125,0
1786403839739,15000,die0,15000,15000,1,-1,73.8125,73.8125,0
1786403839839,15000,die0,15000,15000,1,-1,73.8125,73.8125,0
1786403839939,15000,die0,15000,15000,1,-1,73.8125,73.8125,0
1786403840039,15000,die0,15000,15000,1,-1,73.75,73.75,0
1786403840139,15000,die0,15000,15000,1,-1,73.75,73.75,0
1786403840239,15000,die0,15000,15000,1,-1,73.75,73.75,0
1786403840339,15000,die0,15000,15000,1,-1,73.75,73.75,0
1786403840439,15000,die0,15000,15000,1,-1,73.75,73.75,0
1786403840539,15000,die0,15000,15000,1,-1,73.75,73.75,0
1786403840639,15000,die0,15000,15000,1,-1,73.75,73.75,0
1786403840739,15000,die0,15000,15000,1,-1,73.75,73.75,0
1786403840839,15000,die0,15000,15000,1,-1,73.75,73.75,0
1786403840939,15000,die0,15000,15000,1,-1,73.75,73.75,0
1786403841039,15000,die0,15000,15000,1,-1,73.8125,73.8125,0
1786403841139,15000,die0,15000,15000,1,-1,73.8125,73.8125,0
1786403841239,15000,die0,15000,15000,1,-1,73.8125,73.8125,0
1786403841339,15000,die0,15000,15000,1,-1,73.8125,73.8125,0
1786403841439,15000,die0,15000,15000,1,-1,73.8125,73.8125,0
1786403841539,15000,die0,15000,15000,1,-1,73.8125,73.8125,0
1786403841639,15000,die0,15000,15000,1,-1,73.8125,73.8125,0
1786403841739,15000,die0,15000,15000,1,-1,73.8125,73.8125,0
1786403841839,15000,die0,15000,15000,1,-1,73.8125,73.8125,0
1786403841939,15000,die0,15000,15000,1,-1,73.8125,73.8125,0
1786403842039,15000,die0,15000,15000,1,-1,73.75,73.75,0
1786403842139,15000,die0,15000,15000,1,-1,73.75,73.75,0
1786403842239,15000,die0,15000,15000,1,-1,73.75,73.75,0
1786403842339,15000,die0,15000,15000,1,-1,73.75,73.75,0
1786403842439,15000,die0,15000,15000,1,-1,73.75,73.75,0
1786403842539,15000,die0,15000,15000,1,-1,73.75,73.75,0
1786403842639,15000,die0,15000,15000,1,-1,73.75,73.75,0
1786403842739,15000,die0,15000,15000,1,-1,73.75,73.75,0
1786403842839,15000,die0,15000,15000,1,-1,73.75,73.75,0
1786403842939,15000,die0,15000,15000,1,-1,73.75,73.75,0
1786403843039,15000,die0,15000,15000,1,-1,73.625,73.625,0
1786403843139,15000,die0,15000,15000,1,-1,73.625,73.625,0
1786403843239,15000,die0,15000,15000,1,-1,73.625,73.625,0
1786403843339,15000,die0,15000,15000,1,-1,73.625,73.625,0
1786403843439,15000,die0,15000,15000,1,-1,73.625,73.625,0
1786403843539,15000,die0,15000,15000,1,-1,73.625,73.625,0
1786403843639,15000,die0,15000,15000,1,-1,73.625,73.625,0
1786403843739,15000,die0,15000,15000,1,-1,73.625,73.625,0
1786403843839,15000,die0,15000,15000,1,-1,73.625,73.625,0
1786403843939,15000,die0,15000,15000,1,-1,73.625,73.625,0
1786403844039,15000,die0,15000,15000,1,-1,73.6875,73.6875,0
1786403844139,15000,die0,15000,15000,1,-1,73.6875,73.6875,0
1786403844242,15000,die0,15000,15000,1,-1,73.6875,73.6875,0
1786403844339,15000,die0,15000,15000,1,-1,73.6875,73.6875,0
1786403844439,15000,die0,15000,15000,1,-1,73.6875,73.6875,0
1786403844539,15000,die0,15000,15000,1,-1,73.6875,73.6875,0
1786403844639,15000,die0,15000,15000,1,-1,73.6875,73.6875,0
1786403844739,15000,die0,15000,15000,1,-1,73.6875,73.6875,0
1786403844839,15000,die0,15000,15000,1,-1,73.6875,73.6875,0
1786403844939,15000,die0,15000,15000,1,-1,73.6875,73.6875,0
1786403845039,15000,die0,15000,15000,1,-1,73.6875,73.6875,0
1786403845139,15000,die0,15000,15000,1,-1,73.6875,73.6875,0
1786403845239,15000,die0,15000,15000,1,-1,73.6875,73.6875,0
1786403845339,15000,die0,15000,15000,1,-1,73.6875,73.6875,0
1786403845439,15000,die0,15000,15000,1,-1,73.6875,73.6875,0
1786403845539,15000,die0,15000,15000,1,-1,73.6875,73.6875,0
1786403845639,15000,die0,15000,15000,1,-1,73.6875,73.6875,0
1786403845739,15000,die0,15000,15000,1,-1,73.6875,73.6875,0
1786403845839,15000,die0,15000,15000,1,-1,73.6875,73.6875,0
1786403845939,15000,die0,15000,15000,1,-1,73.6875,73.6875,0
1786403846039,15000,die0,15000,15000,1,-1,73.5625,73.5625,0
1786403846139,15000,die0,15000,15000,1,-1,73.5625,73.5625,0
1786403846239,15000,die0,15000,15000,1,-1,73.5625,73.5625,0
1786403846339,15000,die0,15000,15000,1,-1,73.5625,73.5625,0
1786403846442,15000,die0,15000,15000,1,-1,73.5625,73.5625,0
1786403846539,15000,die0,15000,15000,1,-1,73.5625,73.5625,0
1786403846639,15000,die0,15000,15000,1,-1,73.5625,73.5625,0
1786403846739,15000,die0,15000,15000,1,-1,73.5625,73.5625,0
1786403846839,15000,die0,15000,15000,1,-1,73.5625,73.5625,0
1786403846939,15000,die0,15000,15000,1,-1,73.5625,73.5625,0
1786403847039,15000,die0,15000,15000,1,-1,73.625,73.625,0
1786403847139,15000,die0,15000,15000,1,-1,73.625,73.625,0
1786403847239,15000,die0,15000,15000,1,-1,73.625,73.625,0
1786403847339,15000,die0,15000,15000,1,-1,73.625,73.625,0
1786403847439,15000,die0,15000,15000,1,-1,73.625,73.625,0
1786403847539,15000,die0,15000,15000,1,-1,73.625,73.625,0
1786403847639,15000,die0,15000,15000,1,-1,73.625,73.625,0
1786403847739,15000,die0,15000,15000,1,-1,73.625,73.625,0
1786403847839,15000,die0,15000,15000,1,-1,73.625,73.625,0
1786403847939,15000,die0,15000,15000,1,-1,73.625,73.625,0
1786403848042,15000,die0,15000,15000,1,-1,73.625,73.625,0
1786403848139,15000,die0,15000,15000,1,-1,73.625,73.625,0
1786403848239,15000,die0,15000,15000,1,-1,73.625,73.625,0
1786403848339,15000,die0,15000,15000,1,-1,73.625,73.625,0
1786403848439,15000,die0,15000,15000,1,-1,73.625,73.625,0
1786403848539,15000,die0,15000,15000,1,-1,73.625,73.625,0
1786403848639,15000,die0,15000,15000,1,-1,73.625,73.625,0
1786403848739,15000,die0,15000,15000,1,-1,73.625,73.625,0
1786403848839,15000,die0,15000,15000,1,-1,73.625,73.625,0
1786403848939,15000,die0,15000,15000,1,-1,73.625,73.625,0
1786403849039,15000,die0,15000,15000,1,-1,73.625,73.625,0
1786403849139,15000,die0,15000,15000,1,-1,73.625,73.625,0
1786403849239,15000,die0,15000,15000,1,-1,73.625,73.625,0
1786403849339,15000,die0,15000,15000,1,-1,73.625,73.625,0
1786403849439,15000,die0,15000,15000,1,-1,73.625,73.625,0
1786403849542,15000,die0,15000,15000,1,-1,73.625,73.625,0
1786403849639,15000,die0,15000,15000,1,-1,73.625,73.625,0
1786403849739,15000,die0,15000,15000,1,-1,73.625,73.625,0
1786403849839,15000,die0,15000,15000,1,-1,73.625,73.625,0
1786403849939,15000,die0,15000,15000,1,-1,73.625,73.625,0
1786403850039,15000,die0,15000,15000,1,-1,73.625,73.625,0
1786403850139,15000,die0,15000,15000,1,-1,73.625,73.625,0
1786403850239,15000,die0,15000,15000,1,-1,73.625,73.625,0
1786403850339,15000,die0,15000,15000,1,-1,73.625,73.625,0
1786403850439,15000,die0,15000,15000,1,-1,73.625,73.625,0
1786403850539,15000,die0,15000,15000,1,-1,73.625,73.625,0
1786403850639,15000,die0,15000,15000,1,-1,73.625,73.625,0
1786403850739,15000,die0,15000,15000,1,-1,73.625,73.625,0
1786403850839,15000,die0,15000,15000,1,-1,73.625,73.625,0
1786403850939,15000,die0,15000,15000,1,-1,73.625,73.625,0
1786403851039,15000,die0,15000,15000,1,-1,73.5,73.5,0
1786403851142,15000,die0,15000,15000,1,-1,73.5,73.5,0
1786403851239,15000,die0,15000,15000,1,-1,73.5,73.5,0
1786403851339,15000,die0,15000,15000,1,-1,73.5,73.5,0
1786403851439,15000,die0,15000,15000,1,-1,73.5,73.5,0
1786403851539,15000,die0,15000,15000,1,-1,73.5,73.5,0
1786403851639,15000,die0,15000,15000,1,-1,73.5,73.5,0
1786403851739,15000,die0,15000,15000,1,-1,73.5,73.5,0
1786403851839,15000,die0,15000,15000,1,-1,73.5,73.5,0
1786403851939,15000,die0,15000,15000,1,-1,73.5,73.5,0
1786403852039,15000,die0,15000,15000,1,-1,73.5625,73.5625,0
1786403852139,15000,die0,15000,15000,1,-1,73.5625,73.5625,0
1786403852239,15000,die0,15000,15000,1,-1,73.5625,73.5625,0
1786403852339,15000,die0,15000,15000,1,-1,73.5625,73.5625,0
1786403852439,15000,die0,15000,15000,1,-1,73.5625,73.5625,0
1786403852539,15000,die0,15000,15000,1,-1,73.5625,73.5625,0
1786403852639,15000,die0,15000,15000,1,-1,73.5625,73.5625,0
1786403852742,15000,die0,15000,15000,1,-1,73.5625,73.5625,0
1786403852839,15000,die0,15000,15000,1,-1,73.5625,73.5625,0
1786403852939,15000,die0,15000,15000,1,-1,73.5625,73.5625,0
1786403853039,15000,die0,15000,15000,1,-1,73.5625,73.5625,0
1786403853139,15000,die0,15000,15000,1,-1,73.5625,73.5625,0
1786403853239,15000,die0,15000,15000,1,-1,73.5625,73.5625,0
1786403853339,15000,die0,15000,15000,1,-1,73.5625,73.5625,0
1786403853439,15000,die0,15000,15000,1,-1,73.5625,73.5625,0
1786403853539,15000,die0,15000,15000,1,-1,73.5625,73.5625,0
1786403853639,15000,die0,15000,15000,1,-1,73.5625,73.5625,0
1786403853739,15000,die0,15000,15000,1,-1,73.5625,73.5625,0
1786403853839,15000,die0,15000,15000,1,-1,73.5625,73.5625,0
1786403853939,15000,die0,15000,15000,1,-1,73.5625,73.5625,0
1786403854039,15000,die0,15000,15000,1,-1,73.625,73.625,0
1786403854139,15000,die0,15000,15000,1,-1,73.625,73.625,0
1786403854239,15000,die0,15000,15000,1,-1,73.625,73.625,0
1786403854339,15000,die0,15000,15000,1,-1,73.625,73.625,0
1786403854439,15000,die0,15000,15000,1,-1,73.625,73.625,0
1786403854539,15000,die0,15000,15000,1,-1,73.625,73.625,0
1786403854639,15000,die0,15000,15000,1,-1,73.625,73.625,0
1786403854739,15000,die0,15000,15000,1,-1,73.625,73.625,0
1786403854839,15000,die0,15000,15000,1,-1,73.625,73.625,0
1786403854939,15000,die0,15000,15000,1,-1,73.625,73.625,0
1786403855039,15000,die0,15000,15000,1,-1,73.625,73.625,0
1786403855139,15000,die0,15000,15000,1,-1,73.625,73.625,0
1786403855242,15000,die0,15000,15000,1,-1,73.625,73.625,0
1786403855339,15000,die0,15000,15000,1,-1,73.625,73.625,0
1786403855439,15000,die0,15000,15000,1,-1,73.625,73.625,0
1786403855539,15000,die0,15000,15000,1,-1,73.625,73.625,0
1786403855639,15000,die0,15000,15000,1,-1,73.625,73.625,0
1786403855739,15000,die0,15000,15000,1,-1,73.625,73.625,0
1786403855839,15000,die0,15000,15000,1,-1,73.625,73.625,0
1786403855939,15000,die0,15000,15000,1,-1,73.625,73.625,0
1786403856039,15000,die0,15000,15000,1,-1,73.5625,73.5625,0
1786403856139,15000,die0,15000,15000,1,-1,73.5625,73.5625,0
1786403856239,15000,die0,15000,15000,1,-1,73.5625,73.5625,0
1786403856339,15000,die0,15000,15000,1,-1,73.5625,73.5625,0
1786403856439,15000,die0,15000,15000,1,-1,73.5625,73.5625,0
1786403856539,15000,die0,15000,15000,1,-1,73.5625,73.5625,0
1786403856639,15000,die0,15000,15000,1,-1,73.5625,73.5625,0
1786403856739,15000,die0,15000,15000,1,-1,73.5625,73.5625,0
1786403856839,15000,die0,15000,15000,1,-1,73.5625,73.5625,0
1786403856939,15000,die0,15000,15000,1,-1,73.5625,73.5625,0
1786403857039,15000,die0,15000,15000,1,-1,73.5625,73.5625,0
1786403857139,15000,die0,15000,15000,1,-1,73.5625,73.5625,0
1786403857239,15000,die0,15000,15000,1,-1,73.5625,73.5625,0
1786403857339,15000,die0,15000,15000,1,-1,73.5625,73.5625,0
1786403857439,15000,die0,15000,15000,1,-1,73.5625,73.5625,0
1786403857539,15000,die0,15000,15000,1,-1,73.5625,73.5625,0
1786403857639,15000,die0,15000,15000,1,-1,73.5625,73.5625,0
1786403857742,15000,die0,15000,15000,1,-1,73.5625,73.5625,0
1786403857839,15000,die0,15000,15000,1,-1,73.5625,73.5625,0
1786403857939,15000,die0,15000,15000,1,-1,73.5625,73.5625,0
1786403858039,15000,die0,15000,15000,1,-1,73.5,73.5,0
1786403858139,15000,die0,15000,15000,1,-1,73.5,73.5,0
1786403858239,15000,die0,15000,15000,1,-1,73.5,73.5,0
1786403858339,15000,die0,15000,15000,1,-1,73.5,73.5,0
1786403858439,15000,die0,15000,15000,1,-1,73.5,73.5,0
1786403858539,15000,die0,15000,15000,1,-1,73.5,73.5,0
1786403858639,15000,die0,15000,15000,1,-1,73.5,73.5,0
1786403858739,15000,die0,15000,15000,1,-1,73.5,73.5,0
1786403858839,15000,die0,15000,15000,1,-1,73.5,73.5,0
1786403858939,15000,die0,15000,15000,1,-1,73.5,73.5,0
1786403859039,15000,die0,15000,15000,1,-1,73.5625,73.5625,0
1786403859139,15000,die0,15000,15000,1,-1,73.5625,73.5625,0
1786403859242,15000,die0,15000,15000,1,-1,73.5625,73.5625,0
1786403859339,15000,die0,15000,15000,1,-1,73.5625,73.5625,0
1786403859439,15000,die0,15000,15000,1,-1,73.5625,73.5625,0
1786403859539,15000,die0,15000,15000,1,-1,73.5625,73.5625,0
1786403859639,15000,die0,15000,15000,1,-1,73.5625,73.5625,0
1786403859739,15000,die0,15000,15000,1,-1,73.5625,73.5625,0
1786403859839,15000,die0,15000,15000,1,-1,73.5625,73.5625,0
1786403859939,15000,die0,15000,15000,1,-1,73.5625,73.5625,0
1786403860039,15000,die0,15000,15000,1,-1,73.4375,73.4375,0
1786403860139,15000,die0,15000,15000,1,-1,73.4375,73.4375,0
1786403860239,15000,die0,15000,15000,1,-1,73.4375,73.4375,0
1786403860339,15000,die0,15000,15000,1,-1,73.4375,73.4375,0
1786403860439,15000,die0,15000,15000,1,-1,73.4375,73.4375,0
1786403860539,15000,die0,15000,15000,1,-1,73.4375,73.4375,0
1786403860639,15000,die0,15000,15000,1,-1,73.4375,73.4375,0
1786403860739,15000,die0,15000,15000,1,-1,73.4375,73.4375,0
1786403860842,15000,die0,15000,15000,1,-1,73.4375,73.4375,0
1786403860939,15000,die0,15000,15000,1,-1,73.4375,73.4375,0
1786403861039,15000,die0,15000,15000,1,-1,73.5,73.5,0
1786403861139,15000,die0,15000,15000,1,-1,73.5,73.5,0
1786403861239,15000,die0,15000,15000,1,-1,73.5,73.5,0
1786403861339,15000,die0,15000,15000,1,-1,73.5,73.5,0
1786403861439,15000,die0,15000,15000,1,-1,73.5,73.5,0
1786403861539,15000,die0,15000,15000,1,-1,73.5,73.5,0
1786403861639,15000,die0,15000,15000,1,-1,73.5,73.5,0
1786403861739,15000,die0,15000,15000,1,-1,73.5,73.5,0
1786403861839,15000,die0,15000,15000,1,-1,73.5,73.5,0
1786403861939,15000,die0,15000,15000,1,-1,73.5,73.5,0
1786403862039,15000,die0,15000,15000,1,-1,73.5,73.5,0
1786403862139,15000,die0,15000,15000,1,-1,73.5,73.5,0
1786403862239,15000,die0,15000,15000,1,-1,73.5,73.5,0
1786403862339,15000,die0,15000,15000,1,-1,73.5,73.5,0
1786403862439,15000,die0,15000,15000,1,-1,73.5,73.5,0
1786403862539,15000,die0,15000,15000,1,-1,73.5,73.5,0
1786403862639,15000,die0,15000,15000,1,-1,73.5,73.5,0
1786403862739,15000,die0,15000,15000,1,-1,73.5,73.5,0
1786403862839,15000,die0,15000,15000,1,-1,73.5,73.5,0
1786403862939,15000,die0,15000,15000,1,-1,73.5,73.5,0
1786403863039,15000,die0,15000,15000,1,-1,73.375,73.375,0
1786403863139,15000,die0,15000,15000,1,-1,73.375,73.375,0
1786403863239,15000,die0,15000,15000,1,-1,73.375,73.375,0
1786403863339,15000,die0,15000,15000,1,-1,73.375,73.375,0
1786403863439,15000,die0,15000,15000,1,-1,73.375,73.375,0
1786403863539,15000,die0,15000,15000,1,-1,73.375,73.375,0
1786403863639,15000,die0,15000,15000,1,-1,73.375,73.375,0
1786403863739,15000,die0,15000,15000,1,-1,73.375,73.375,0
1786403863839,15000,die0,15000,15000,1,-1,73.375,73.375,0
1786403863942,15000,die0,15000,15000,1,-1,73.375,73.375,0
1786403864039,15000,die0,15000,15000,1,-1,73.375,73.375,0
1786403864139,15000,die0,15000,15000,1,-1,73.375,73.375,0
1786403864239,15000,die0,15000,15000,1,-1,73.375,73.375,0
1786403864339,15000,die0,15000,15000,1,-1,73.375,73.375,0
1786403864439,15000,die0,15000,15000,1,-1,73.375,73.375,0
1786403864539,15000,die0,15000,15000,1,-1,73.375,73.375,0
1786403864639,15000,die0,15000,15000,1,-1,73.375,73.375,0
1786403864739,15000,die0,15000,15000,1,-1,73.375,73.375,0
1786403864839,15000,die0,15000,15000,1,-1,73.375,73.375,0
1786403864939,15000,die0,15000,15000,1,-1,73.375,73.375,0
1786403865039,15000,die0,15000,15000,1,-1,73.3125,73.3125,0
1786403865139,15000,die0,15000,15000,1,-1,73.3125,73.3125,0
1786403865239,15000,die0,15000,15000,1,-1,73.3125,73.3125,0
1786403865339,15000,die0,15000,15000,1,-1,73.3125,73.3125,0
1786403865439,15000,die0,15000,15000,1,-1,73.3125,73.3125,0
1786403865539,15000,die0,15000,15000,1,-1,73.3125,73.3125,0
1786403865639,15000,die0,15000,15000,1,-1,73.3125,73.3125,0
1786403865739,15000,die0,15000,15000,1,-1,73.3125,73.3125,0
1786403865839,15000,die0,15000,15000,1,-1,73.3125,73.3125,0
1786403865939,15000,die0,15000,15000,1,-1,73.3125,73.3125,0
1786403866039,15000,die0,15000,15000,1,-1,73.4375,73.4375,0
1786403866139,15000,die0,15000,15000,1,-1,73.4375,73.4375,0
1786403866239,15000,die0,15000,15000,1,-1,73.4375,73.4375,0
1786403866339,15000,die0,15000,15000,1,-1,73.4375,73.4375,0
1786403866439,15000,die0,15000,15000,1,-1,73.4375,73.4375,0
1786403866539,15000,die0,15000,15000,1,-1,73.4375,73.4375,0
1786403866639,15000,die0,15000,15000,1,-1,73.4375,73.4375,0
1786403866739,15000,die0,15000,15000,1,-1,73.4375,73.4375,0
1786403866839,15000,die0,15000,15000,1,-1,73.4375,73.4375,0
1786403866939,15000,die0,15000,15000,1,-1,73.4375,73.4375,0
1786403867039,15000,die0,15000,15000,1,-1,73.4375,73.4375,0
1786403867139,15000,die0,15000,15000,1,-1,73.4375,73.4375,0
1786403867239,15000,die0,15000,15000,1,-1,73.4375,73.4375,0
1786403867339,15000,die0,15000,15000,1,-1,73.4375,73.4375,0
1786403867439,15000,die0,15000,15000,1,-1,73.4375,73.4375,0
1786403867542,15000,die0,15000,15000,1,-1,73.4375,73.4375,0
1786403867639,15000,die0,15000,15000,1,-1,73.4375,73.4375,0
1786403867739,15000,die0,15000,15000,1,-1,73.4375,73.4375,0
1786403867839,15000,die0,15000,15000,1,-1,73.4375,73.4375,0
1786403867939,15000,die0,15000,15000,1,-1,73.4375,73.4375,0
1786403868039,15000,die0,15000,15000,1,-1,73.5,73.5,0
1786403868139,15000,die0,15000,15000,1,-1,73.5,73.5,0
1786403868239,15000,die0,15000,15000,1,-1,73.5,73.5,0
1786403868339,15000,die0,15000,15000,1,-1,73.5,73.5,0
1786403868439,15000,die0,15000,15000,1,-1,73.5,73.5,0
1786403868539,15000,die0,15000,15000,1,-1,73.5,73.5,0
1786403868639,15000,die0,15000,15000,1,-1,73.5,73.5,0
1786403868739,15000,die0,15000,15000,1,-1,73.5,73.5,0
1786403868839,15000,die0,15000,15000,1,-1,73.5,73.5,0
1786403868939,15000,die0,15000,15000,1,-1,73.5,73.5,0
1786403869039,15000,die0,15000,15000,1,-1,73.375,73.375,0
1786403869139,15000,die0,15000,15000,1,-1,73.375,73.375,0
1786403869239,15000,die0,15000,15000,1,-1,73.375,73.375,0
1786403869342,15000,die0,15000,15000,1,-1,73.375,73.375,0
1786403869439,15000,die0,15000,15000,1,-1,73.375,73.375,0
1786403869539,15000,die0,15000,15000,1,-1,73.375,73.375,0
1786403869642,15000,die0,15000,15000,1,-1,73.375,73.375,0
1786403869739,15000,die0,15000,15000,1,-1,73.375,73.375,0
1786403869839,15000,die0,15000,15000,1,-1,73.375,73.375,0
1786403869939,15000,die0,15000,15000,1,-1,73.375,73.375,0
1786403870039,15000,die0,15000,15000,1,-1,73.375,73.375,0
1786403870139,15000,die0,15000,15000,1,-1,73.375,73.375,0
1786403870239,15000,die0,15000,15000,1,-1,73.375,73.375,0
1786403870339,15000,die0,15000,15000,1,-1,73.375,73.375,0
1786403870439,15000,die0,15000,15000,1,-1,73.375,73.375,0
1786403870539,15000,die0,15000,15000,1,-1,73.375,73.375,0
1786403870639,15000,die0,15000,15000,1,-1,73.375,73.375,0
1786403870739,15000,die0,15000,15000,1,-1,73.375,73.375,0
1786403870839,15000,die0,15000,15000,1,-1,73.375,73.375,0
1786403870939,15000,die0,15000,15000,1,-1,73.375,73.375,0
1786403871039,15000,die0,15000,15000,1,-1,73.4375,73.4375,0
1786403871139,15000,die0,15000,15000,1,-1,73.4375,73.4375,0
1786403871239,15000,die0,15000,15000,1,-1,73.4375,73.4375,0
1786403871339,15000,die0,15000,15000,1,-1,73.4375,73.4375,0
1786403871439,15000,die0,15000,15000,1,-1,73.4375,73.4375,0
1786403871539,15000,die0,15000,15000,1,-1,73.4375,73.4375,0
1786403871639,15000,die0,15000,15000,1,-1,73.4375,73.4375,0
1786403871739,15000,die0,15000,15000,1,-1,73.4375,73.4375,0
1786403871839,15000,die0,15000,15000,1,-1,73.4375,73.4375,0
1786403871939,15000,die0,15000,15000,1,-1,73.4375,73.4375,0
1786403872039,15000,die0,15000,15000,1,-1,73.25,73.25,0
1786403872139,15000,die0,15000,15000,1,-1,73.25,73.25,0
1786403872239,15000,die0,15000,15000,1,-1,73.25,73.25,0
1786403872339,15000,die0,15000,15000,1,-1,73.25,73.25,0
1786403872439,15000,die0,15000,15000,1,-1,73.25,73.25,0
1786403872539,15000,die0,15000,15000,1,-1,73.25,73.25,0
1786403872639,15000,die0,15000,15000,1,-1,73.25,73.25,0
1786403872739,15000,die0,15000,15000,1,-1,73.25,73.25,0
1786403872839,15000,die0,15000,15000,1,-1,73.25,73.25,0
1786403872939,15000,die0,15000,15000,1,-1,73.25,73.25,0
1786403873039,15000,die0,15000,15000,1,-1,73.3125,73.3125,0
1786403873139,15000,die0,15000,15000,1,-1,73.3125,73.3125,0
1786403873239,15000,die0,15000,15000,1,-1,73.3125,73.3125,0
1786403873339,15000,die0,15000,15000,1,-1,73.3125,73.3125,0
1786403873439,15000,die0,15000,15000,1,-1,73.3125,73.3125,0
1786403873539,15000,die0,15000,15000,1,-1,73.3125,73.3125,0
1786403873639,15000,die0,15000,15000,1,-1,73.3125,73.3125,0
1786403873739,15000,die0,15000,15000,1,-1,73.3125,73.3125,0
1786403873839,15000,die0,15000,15000,1,-1,73.3125,73.3125,0
1786403873939,15000,die0,15000,15000,1,-1,73.3125,73.3125,0
1786403874039,15000,die0,15000,15000,1,-1,73.3125,73.3125,0
1786403874139,15000,die0,15000,15000,1,-1,73.3125,73.3125,0
1786403874239,15000,die0,15000,15000,1,-1,73.3125,73.3125,0
1786403874339,15000,die0,15000,15000,1,-1,73.3125,73.3125,0
1786403874439,15000,die0,15000,15000,1,-1,73.3125,73.3125,0
1786403874539,15000,die0,15000,15000,1,-1,73.3125,73.3125,0
1786403874639,15000,die0,15000,15000,1,-1,73.3125,73.3125,0
1786403874739,15000,die0,15000,15000,1,-1,73.3125,73.3125,0
1786403874839,15000,die0,15000,15000,1,-1,73.3125,73.3125,0
1786403874939,15000,die0,15000,15000,1,-1,73.3125,73.3125,0
1786403875039,15000,die0,15000,15000,1,-1,73.3125,73.3125,0
1786403875139,15000,die0,15000,15000,1,-1,73.3125,73.3125,0
1786403875239,15000,die0,15000,15000,1,-1,73.3125,73.3125,0
1786403875339,15000,die0,15000,15000,1,-1,73.3125,73.3125,0
1786403875439,15000,die0,15000,15000,1,-1,73.3125,73.3125,0
1786403875539,15000,die0,15000,15000,1,-1,73.3125,73.3125,0
1786403875639,15000,die0,15000,15000,1,-1,73.3125,73.3125,0
1786403875739,15000,die0,15000,15000,1,-1,73.3125,73.3125,0
1786403875839,15000,die0,15000,15000,1,-1,73.3125,73.3125,0
1786403875939,15000,die0,15000,15000,1,-1,73.3125,73.3125,0
1786403876039,15000,die0,15000,15000,1,-1,73.4375,73.4375,0
1786403876139,15000,die0,15000,15000,1,-1,73.4375,73.4375,0
1786403876239,15000,die0,15000,15000,1,-1,73.4375,73.4375,0
1786403876339,15000,die0,15000,15000,1,-1,73.4375,73.4375,0
1786403876439,15000,die0,15000,15000,1,-1,73.4375,73.4375,0
1786403876539,15000,die0,15000,15000,1,-1,73.4375,73.4375,0
1786403876639,15000,die0,15000,15000,1,-1,73.4375,73.4375,0
1786403876739,15000,die0,15000,15000,1,-1,73.4375,73.4375,0
1786403876839,15000,die0,15000,15000,1,-1,73.4375,73.4375,0
1786403876939,15000,die0,15000,15000,1,-1,73.4375,73.4375,0
1786403877039,15000,die0,15000,15000,1,-1,73.3125,73.3125,0
1786403877139,15000,die0,15000,15000,1,-1,73.3125,73.3125,0
1786403877239,15000,die0,15000,15000,1,-1,73.3125,73.3125,0
1786403877339,15000,die0,15000,15000,1,-1,73.3125,73.3125,0
1786403877442,15000,die0,15000,15000,1,-1,73.3125,73.3125,0
1786403877539,15000,die0,15000,15000,1,-1,73.3125,73.3125,0
1786403877639,15000,die0,15000,15000,1,-1,73.3125,73.3125,0
1786403877739,15000,die0,15000,15000,1,-1,73.3125,73.3125,0
1786403877839,15000,die0,15000,15000,1,-1,73.3125,73.3125,0
1786403877939,15000,die0,15000,15000,1,-1,73.3125,73.3125,0
1786403878039,15000,die0,15000,15000,1,-1,73.375,73.375,0
1786403878139,15000,die0,15000,15000,1,-1,73.375,73.375,0
1786403878239,15000,die0,15000,15000,1,-1,73.375,73.375,0
1786403878339,15000,die0,15000,15000,1,-1,73.375,73.375,0
1786403878439,15000,die0,15000,15000,1,-1,73.375,73.375,0
1786403878539,15000,die0,15000,15000,1,-1,73.375,73.375,0
1786403878639,15000,die0,15000,15000,1,-1,73.375,73.375,0
1786403878739,15000,die0,15000,15000,1,-1,73.375,73.375,0
1786403878839,15000,die0,15000,15000,1,-1,73.375,73.375,0
1786403878939,15000,die0,15000,15000,1,-1,73.375,73.375,0
1786403879039,15000,die0,15000,15000,1,-1,73.3125,73.3125,0
1786403879139,15000,die0,15000,15000,1,-1,73.3125,73.3125,0
1786403879239,15000,die0,15000,15000,1,-1,73.3125,73.3125,0
1786403879339,15000,die0,15000,15000,1,-1,73.3125,73.3125,0
1786403879439,15000,die0,15000,15000,1,-1,73.3125,73.3125,0
1786403879539,15000,die0,15000,15000,1,-1,73.3125,73.3125,0
1786403879639,15000,die0,15000,15000,1,-1,73.3125,73.3125,0
1786403879739,15000,die0,15000,15000,1,-1,73.3125,73.3125,0
1786403879839,15000,die0,15000,15000,1,-1,73.3125,73.3125,0
1786403879939,15000,die0,15000,15000,1,-1,73.3125,73.3125,0
1786403880039,15000,die0,15000,15000,1,-1,73.25,73.25,0
1786403880139,15000,die0,15000,15000,1,-1,73.25,73.25,0
1786403880239,15000,die0,15000,15000,1,-1,73.25,73.25,0
1786403880339,15000,die0,15000,15000,1,-1,73.25,73.25,0
1786403880439,15000,die0,15000,15000,1,-1,73.25,73.25,0
1786403880542,15000,die0,15000,15000,1,-1,73.25,73.25,0
1786403880639,15000,die0,15000,15000,1,-1,73.25,73.25,0
1786403880739,15000,die0,15000,15000,1,-1,73.25,73.25,0
1786403880839,15000,die0,15000,15000,1,-1,73.25,73.25,0
1786403880939,15000,die0,15000,15000,1,-1,73.25,73.25,0
1786403881039,15000,die0,15000,15000,1,-1,73.375,73.375,0
1786403881139,15000,die0,15000,15000,1,-1,73.375,73.375,0
1786403881239,15000,die0,15000,15000,1,-1,73.375,73.375,0
1786403881339,15000,die0,15000,15000,1,-1,73.375,73.375,0
1786403881439,15000,die0,15000,15000,1,-1,73.375,73.375,0
1786403881539,15000,die0,15000,15000,1,-1,73.375,73.375,0
1786403881639,15000,die0,15000,15000,1,-1,73.375,73.375,0
1786403881739,15000,die0,15000,15000,1,-1,73.375,73.375,0
1786403881839,15000,die0,15000,15000,1,-1,73.375,73.375,0
1786403881939,15000,die0,15000,15000,1,-1,73.375,73.375,0
1786403882039,15000,die0,15000,15000,1,-1,73.3125,73.3125,0
1786403882142,15000,die0,15000,15000,1,-1,73.3125,73.3125,0
1786403882239,15000,die0,15000,15000,1,-1,73.3125,73.3125,0
1786403882339,15000,die0,15000,15000,1,-1,73.3125,73.3125,0
1786403882439,15000,die0,15000,15000,1,-1,73.3125,73.3125,0
1786403882539,15000,die0,15000,15000,1,-1,73.3125,73.3125,0
1786403882639,15000,die0,15000,15000,1,-1,73.3125,73.3125,0
1786403882739,15000,die0,15000,15000,1,-1,73.3125,73.3125,0
1786403882839,15000,die0,15000,15000,1,-1,73.3125,73.3125,0
1786403882939,15000,die0,15000,15000,1,-1,73.3125,73.3125,0
1786403883039,15000,die0,15000,15000,1,-1,73.1875,73.1875,0
1786403883139,15000,die0,15000,15000,1,-1,73.1875,73.1875,0
1786403883239,15000,die0,15000,15000,1,-1,73.1875,73.1875,0
1786403883339,15000,die0,15000,15000,1,-1,73.1875,73.1875,0
1786403883439,15000,die0,15000,15000,1,-1,73.1875,73.1875,0
1786403883539,15000,die0,15000,15000,1,-1,73.1875,73.1875,0
1786403883639,15000,die0,15000,15000,1,-1,73.1875,73.1875,0
1786403883739,15000,die0,15000,15000,1,-1,73.1875,73.1875,0
1786403883839,15000,die0,15000,15000,1,-1,73.1875,73.1875,0
1786403883939,15000,die0,15000,15000,1,-1,73.1875,73.1875,0
1786403884039,15000,die0,15000,15000,1,-1,73.1875,73.1875,0
1786403884139,15000,die0,15000,15000,1,-1,73.1875,73.1875,0
1786403884239,15000,die0,15000,15000,1,-1,73.1875,73.1875,0
1786403884339,15000,die0,15000,15000,1,-1,73.1875,73.1875,0
1786403884439,15000,die0,15000,15000,1,-1,73.1875,73.1875,0
1786403884542,15000,die0,15000,15000,1,-1,73.1875,73.1875,0
1786403884639,15000,die0,15000,15000,1,-1,73.1875,73.1875,0
1786403884739,15000,die0,15000,15000,1,-1,73.1875,73.1875,0
1786403884839,15000,die0,15000,15000,1,-1,73.1875,73.1875,0
1786403884939,15000,die0,15000,15000,1,-1,73.1875,73.1875,0
1786403885039,15000,die0,15000,15000,1,-1,73.25,73.25,0
1786403885139,15000,die0,15000,15000,1,-1,73.25,73.25,0
1786403885239,15000,die0,15000,15000,1,-1,73.25,73.25,0
1786403885339,15000,die0,15000,15000,1,-1,73.25,73.25,0
1786403885439,15000,die0,15000,15000,1,-1,73.25,73.25,0
1786403885539,15000,die0,15000,15000,1,-1,73.25,73.25,0
1786403885639,15000,die0,15000,15000,1,-1,73.25,73.25,0
1786403885739,15000,die0,15000,15000,1,-1,73.25,73.25,0
1786403885839,15000,die0,15000,15000,1,-1,73.25,73.25,0
1786403885939,15000,die0,15000,15000,1,-1,73.25,73.25,0
1786403886039,15000,die0,15000,15000,1,-1,73.3125,73.3125,0
1786403886139,15000,die0,15000,15000,1,-1,73.3125,73.3125,0
1786403886239,15000,die0,15000,15000,1,-1,73.3125,73.3125,0
1786403886339,15000,die0,15000,15000,1,-1,73.3125,73.3125,0
1786403886439,15000,die0,15000,15000,1,-1,73.3125,73.3125,0
1786403886539,15000,die0,15000,15000,1,-1,73.3125,73.3125,0
1786403886639,15000,die0,15000,15000,1,-1,73.3125,73.3125,0
1786403886739,15000,die0,15000,15000,1,-1,73.3125,73.3125,0
1786403886839,15000,die0,15000,15000,1,-1,73.3125,73.3125,0
1786403886939,15000,die0,15000,15000,1,-1,73.3125,73.3125,0
1786403887042,15000,die0,15000,15000,1,-1,73.1875,73.1875,0
1786403887139,15000,die0,15000,15000,1,-1,73.1875,73.1875,0
1786403887239,15000,die0,15000,15000,1,-1,73.1875,73.1875,0
1786403887339,15000,die0,15000,15000,1,-1,73.1875,73.1875,0
1786403887439,15000,die0,15000,15000,1,-1,73.1875,73.1875,0
1786403887539,15000,die0,15000,15000,1,-1,73.1875,73.1875,0
1786403887639,15000,die0,15000,15000,1,-1,73.1875,73.1875,0
1786403887739,15000,die0,15000,15000,1,-1,73.1875,73.1875,0
1786403887839,15000,die0,15000,15000,1,-1,73.1875,73.1875,0
1786403887939,15000,die0,15000,15000,1,-1,73.1875,73.1875,0
1786403888039,15000,die0,15000,15000,1,-1,73.125,73.125,0
1786403888139,15000,die0,15000,15000,1,-1,73.125,73.125,0
1786403888239,15000,die0,15000,15000,1,-1,73.125,73.125,0
1786403888342,15000,die0,15000,15000,1,-1,73.125,73.125,0
1786403888439,15000,die0,15000,15000,1,-1,73.125,73.125,0
1786403888539,15000,die0,15000,15000,1,-1,73.125,73.125,0
1786403888639,15000,die0,15000,15000,1,-1,73.125,73.125,0
1786403888739,15000,die0,15000,15000,1,-1,73.125,73.125,0
1786403888839,15000,die0,15000,15000,1,-1,73.125,73.125,0
1786403888939,15000,die0,15000,15000,1,-1,73.125,73.125,0
1786403889039,15000,die0,15000,15000,1,-1,73.3125,73.3125,0
1786403889139,15000,die0,15000,15000,1,-1,73.3125,73.3125,0
1786403889239,15000,die0,15000,15000,1,-1,73.3125,73.3125,0
1786403889339,15000,die0,15000,15000,1,-1,73.3125,73.3125,0
1786403889439,15000,die0,15000,15000,1,-1,73.3125,73.3125,0
1786403889539,15000,die0,15000,15000,1,-1,73.3125,73.3125,0
1786403889639,15000,die0,15000,15000,1,-1,73.3125,73.3125,0
1786403889739,15000,die0,15000,15000,1,-1,73.3125,73.3125,0
1786403889839,15000,die0,15000,15000,1,-1,73.3125,73.3125,0
1786403889939,15000,die0,15000,15000,1,-1,73.3125,73.3125,0
1786403890039,15000,die0,15000,15000,1,-1,73.25,73.25,0
1786403890142,15000,die0,15000,15000,1,-1,73.25,73.25,0
1786403890239,15000,die0,15000,15000,1,-1,73.25,73.25,0
1786403890339,15000,die0,15000,15000,1,-1,73.25,73.25,0
1786403890439,15000,die0,15000,15000,1,-1,73.25,73.25,0
1786403890539,15000,die0,15000,15000,1,-1,73.25,73.25,0
1786403890639,15000,die0,15000,15000,1,-1,73.25,73.25,0
1786403890739,15000,die0,15000,15000,1,-1,73.25,73.25,0
1786403890839,15000,die0,15000,15000,1,-1,73.25,73.25,0
1786403890939,15000,die0,15000,15000,1,-1,73.25,73.25,0
1786403891039,15000,die0,15000,15000,1,-1,73.3125,73.3125,0
1786403891139,15000,die0,15000,15000,1,-1,73.3125,73.3125,0
1786403891239,15000,die0,15000,15000,1,-1,73.3125,73.3125,0
1786403891339,15000,die0,15000,15000,1,-1,73.3125,73.3125,0
1786403891439,15000,die0,15000,15000,1,-1,73.3125,73.3125,0
1786403891539,15000,die0,15000,15000,1,-1,73.3125,73.3125,0
1786403891639,15000,die0,15000,15000,1,-1,73.3125,73.3125,0
1786403891742,15000,die0,15000,15000,1,-1,73.3125,73.3125,0
1786403891839,15000,die0,15000,15000,1,-1,73.3125,73.3125,0
1786403891939,15000,die0,15000,15000,1,-1,73.3125,73.3125,0
1786403892039,15000,die0,15000,15000,1,-1,73.25,73.25,0
1786403892139,15000,die0,15000,15000,1,-1,73.25,73.25,0
1786403892239,15000,die0,15000,15000,1,-1,73.25,73.25,0
1786403892339,15000,die0,15000,15000,1,-1,73.25,73.25,0
1786403892439,15000,die0,15000,15000,1,-1,73.25,73.25,0
1786403892539,15000,die0,15000,15000,1,-1,73.25,73.25,0
1786403892639,15000,die0,15000,15000,1,-1,73.25,73.25,0
1786403892739,15000,die0,15000,15000,1,-1,73.25,73.25,0
1786403892839,15000,die0,15000,15000,1,-1,73.25,73.25,0
1786403892939,15000,die0,15000,15000,1,-1,73.25,73.25,0
1786403893039,15000,die0,15000,15000,1,-1,73.1875,73.1875,0
1786403893139,15000,die0,15000,15000,1,-1,73.1875,73.1875,0
1786403893242,15000,die0,15000,15000,1,-1,73.1875,73.1875,0
1786403893339,15000,die0,15000,15000,1,-1,73.1875,73.1875,0
1786403893439,15000,die0,15000,15000,1,-1,73.1875,73.1875,0
1786403893539,15000,die0,15000,15000,1,-1,73.1875,73.1875,0
1786403893639,15000,die0,15000,15000,1,-1,73.1875,73.1875,0
1786403893739,15000,die0,15000,15000,1,-1,73.1875,73.1875,0
1786403893839,15000,die0,15000,15000,1,-1,73.1875,73.1875,0
1786403893939,15000,die0,15000,15000,1,-1,73.1875,73.1875,0
1786403894039,15000,die0,15000,15000,1,-1,73.25,73.25,0
1786403894139,15000,die0,15000,15000,1,-1,73.25,73.25,0
1786403894239,15000,die0,15000,15000,1,-1,73.25,73.25,0
1786403894339,15000,die0,15000,15000,1,-1,73.25,73.25,0
1786403894439,15000,die0,15000,15000,1,-1,73.25,73.25,0
1786403894539,15000,die0,15000,15000,1,-1,73.25,73.25,0
1786403894639,15000,die0,15000,15000,1,-1,73.25,73.25,0
1786403894739,15000,die0,15000,15000,1,-1,73.25,73.25,0
1786403894842,15000,die0,15000,15000,1,-1,73.25,73.25,0
1786403894939,15000,die0,15000,15000,1,-1,73.25,73.25,0
1786403895039,15000,die0,15000,15000,1,-1,73.3125,73.3125,0
1786403895139,15000,die0,15000,15000,1,-1,73.3125,73.3125,0
1786403895239,15000,die0,15000,15000,1,-1,73.3125,73.3125,0
1786403895339,15000,die0,15000,15000,1,-1,73.3125,73.3125,0
1786403895439,15000,die0,15000,15000,1,-1,73.3125,73.3125,0
1786403895539,15000,die0,15000,15000,1,-1,73.3125,73.3125,0
1786403895639,15000,die0,15000,15000,1,-1,73.3125,73.3125,0
1786403895742,15000,die0,15000,15000,1,-1,73.3125,73.3125,0
1786403895839,15000,die0,15000,15000,1,-1,73.3125,73.3125,0
1786403895939,15000,die0,15000,15000,1,-1,73.3125,73.3125,0
1786403896039,15000,die0,15000,15000,1,-1,73.25,73.25,0
1786403896139,15000,die0,15000,15000,1,-1,73.25,73.25,0
1786403896239,15000,die0,15000,15000,1,-1,73.25,73.25,0
1786403896339,15000,die0,15000,15000,1,-1,73.25,73.25,0
1786403896439,15000,die0,15000,15000,1,-1,73.25,73.25,0
1786403896539,15000,die0,15000,15000,1,-1,73.25,73.25,0
1786403896639,15000,die0,15000,15000,1,-1,73.25,73.25,0
1786403896739,15000,die0,15000,15000,1,-1,73.25,73.25,0
1786403896839,15000,die0,15000,15000,1,-1,73.25,73.25,0
1786403896939,15000,die0,15000,15000,1,-1,73.25,73.25,0
1786403897042,15000,die0,15000,15000,1,-1,73.1875,73.1875,0
1786403897139,15000,die0,15000,15000,1,-1,73.1875,73.1875,0
1786403897239,15000,die0,15000,15000,1,-1,73.1875,73.1875,0
1786403897339,15000,die0,15000,15000,1,-1,73.1875,73.1875,0
1786403897439,15000,die0,15000,15000,1,-1,73.1875,73.1875,0
1786403897539,15000,die0,15000,15000,1,-1,73.1875,73.1875,0
1786403897639,15000,die0,15000,15000,1,-1,73.1875,73.1875,0
1786403897739,15000,die0,15000,15000,1,-1,73.1875,73.1875,0
1786403897839,15000,die0,15000,15000,1,-1,73.1875,73.1875,0
1786403897939,15000,die0,15000,15000,1,-1,73.1875,73.1875,0
1786403898039,15000,die0,15000,15000,1,-1,73.3125,73.3125,0
1786403898139,15000,die0,15000,15000,1,-1,73.3125,73.3125,0
1786403898242,15000,die0,15000,15000,1,-1,73.3125,73.3125,0
1786403898339,15000,die0,15000,15000,1,-1,73.3125,73.3125,0
1786403898439,15000,die0,15000,15000,1,-1,73.3125,73.3125,0
1786403898539,15000,die0,15000,15000,1,-1,73.3125,73.3125,0
1786403898639,15000,die0,15000,15000,1,-1,73.3125,73.3125,0
1786403898739,15000,die0,15000,15000,1,-1,73.3125,73.3125,0
1786403898839,15000,die0,15000,15000,1,-1,73.3125,73.3125,0
1786403898939,15000,die0,15000,15000,1,-1,73.3125,73.3125,0
1786403899039,15000,die0,15000,15000,1,-1,73.1875,73.1875,0
1786403899139,15000,die0,15000,15000,1,-1,73.1875,73.1875,0
1786403899239,15000,die0,15000,15000,1,-1,73.1875,73.1875,0
1786403899339,15000,die0,15000,15000,1,-1,73.1875,73.1875,0
1786403899439,15000,die0,15000,15000,1,-1,73.1875,73.1875,0
1786403899539,15000,die0,15000,15000,1,-1,73.1875,73.1875,0
1786403899639,15000,die0,15000,15000,1,-1,73.1875,73.1875,0
1786403899739,15000,die0,15000,15000,1,-1,73.1875,73.1875,0
1786403899839,15000,die0,15000,15000,1,-1,73.1875,73.1875,0
1786403899939,15000,die0,15000,15000,1,-1,73.1875,73.1875,0
1786403900039,15000,die0,15000,15000,1,-1,73.1875,73.1875,0
1786403900139,15000,die0,15000,15000,1,-1,73.1875,73.1875,0
1786403900239,15000,die0,15000,15000,1,-1,73.1875,73.1875,0
1786403900339,15000,die0,15000,15000,1,-1,73.1875,73.1875,0
1786403900439,15000,die0,15000,15000,1,-1,73.1875,73.1875,0
1786403900539,15000,die0,15000,15000,1,-1,73.1875,73.1875,0
1786403900639,15000,die0,15000,15000,1,-1,73.1875,73.1875,0
1786403900739,15000,die0,15000,15000,1,-1,73.1875,73.1875,0
1786403900839,15000,die0,15000,15000,1,-1,73.1875,73.1875,0
1786403900939,15000,die0,15000,15000,1,-1,73.1875,73.1875,0
1786403901039,15000,die0,15000,15000,1,-1,73.25,73.25,0
1786403901139,15000,die0,15000,15000,1,-1,73.25,73.25,0
1786403901239,15000,die0,15000,15000,1,-1,73.25,73.25,0
1786403901342,15000,die0,15000,15000,1,-1,73.25,73.25,0
1786403901439,15000,die0,15000,15000,1,-1,73.25,73.25,0
1786403901539,15000,die0,15000,15000,1,-1,73.25,73.25,0
1786403901639,15000,die0,15000,15000,1,-1,73.25,73.25,0
1786403901739,15000,die0,15000,15000,1,-1,73.25,73.25,0
1786403901839,15000,die0,15000,15000,1,-1,73.25,73.25,0
1786403901939,15000,die0,15000,15000,1,-1,73.25,73.25,0
1786403902039,15000,die0,15000,15000,1,-1,73.125,73.125,0
1786403902139,15000,die0,15000,15000,1,-1,73.125,73.125,0
1786403902239,15000,die0,15000,15000,1,-1,73.125,73.125,0
1786403902339,15000,die0,15000,15000,1,-1,73.125,73.125,0
1786403902439,15000,die0,15000,15000,1,-1,73.125,73.125,0
1786403902539,15000,die0,15000,15000,1,-1,73.125,73.125,0
1786403902639,15000,die0,15000,15000,1,-1,73.125,73.125,0
1786403902739,15000,die0,15000,15000,1,-1,73.125,73.125,0
1786403902839,15000,die0,15000,15000,1,-1,73.125,73.125,0
1786403902939,15000,die0,15000,15000,1,-1,73.125,73.125,0
1786403903039,15000,die0,15000,15000,1,-1,73.1875,73.1875,0
1786403903139,15000,die0,15000,15000,1,-1,73.1875,73.1875,0
1786403903239,15000,die0,15000,15000,1,-1,73.1875,73.1875,0
1786403903339,15000,die0,15000,15000,1,-1,73.1875,73.1875,0
1786403903439,15000,die0,15000,15000,1,-1,73.1875,73.1875,0
1786403903539,15000,die0,15000,15000,1,-1,73.1875,73.1875,0
1786403903639,15000,die0,15000,15000,1,-1,73.1875,73.1875,0
1786403903739,15000,die0,15000,15000,1,-1,73.1875,73.1875,0
1786403903839,15000,die0,15000,15000,1,-1,73.1875,73.1875,0
1786403903939,15000,die0,15000,15000,1,-1,73.1875,73.1875,0
1786403904039,15000,die0,15000,15000,1,-1,73.25,73.25,0
1786403904139,15000,die0,15000,15000,1,-1,73.25,73.25,0
1786403904239,15000,die0,15000,15000,1,-1,73.25,73.25,0
1786403904339,15000,die0,15000,15000,1,-1,73.25,73.25,0
1786403904442,15000,die0,15000,15000,1,-1,73.25,73.25,0
1786403904539,15000,die0,15000,15000,1,-1,73.25,73.25,0
1786403904639,15000,die0,15000,15000,1,-1,73.25,73.25,0
1786403904739,15000,die0,15000,15000,1,-1,73.25,73.25,0
1786403904839,15000,die0,15000,15000,1,-1,73.25,73.25,0
1786403904939,15000,die0,15000,15000,1,-1,73.25,73.25,0
1786403905039,15000,die0,15000,15000,1,-1,73.1875,73.1875,0
1786403905139,15000,die0,15000,15000,1,-1,73.1875,73.1875,0
1786403905239,15000,die0,15000,15000,1,-1,73.1875,73.1875,0
1786403905339,15000,die0,15000,15000,1,-1,73.1875,73.1875,0
1786403905439,15000,die0,15000,15000,1,-1,73.1875,73.1875,0
1786403905539,15000,die0,15000,15000,1,-1,73.1875,73.1875,0
1786403905639,15000,die0,15000,15000,1,-1,73.1875,73.1875,0
1786403905739,15000,die0,15000,15000,1,-1,73.1875,73.1875,0
1786403905839,15000,die0,15000,15000,1,-1,73.1875,73.1875,0
1786403905939,15000,die0,15000,15000,1,-1,73.1875,73.1875,0
1786403906039,15000,die0,15000,15000,1,-1,73.125,73.125,0
1786403906139,15000,die0,15000,15000,1,-1,73.125,73.125,0
1786403906239,15000,die0,15000,15000,1,-1,73.125,73.125,0
1786403906339,15000,die0,15000,15000,1,-1,73.125,73.125,0
1786403906439,15000,die0,15000,15000,1,-1,73.125,73.125,0
1786403906539,15000,die0,15000,15000,1,-1,73.125,73.125,0
1786403906639,15000,die0,15000,15000,1,-1,73.125,73.125,0
1786403906742,15000,die0,15000,15000,1,-1,73.125,73.125,0
1786403906839,15000,die0,15000,15000,1,-1,73.125,73.125,0
1786403906939,15000,die0,15000,15000,1,-1,73.125,73.125,0
1786403907039,15000,die0,15000,15000,1,-1,73.1875,73.1875,0
1786403907139,15000,die0,15000,15000,1,-1,73.1875,73.1875,0
1786403907239,15000,die0,15000,15000,1,-1,73.1875,73.1875,0
1786403907339,15000,die0,15000,15000,1,-1,73.1875,73.1875,0
1786403907439,15000,die0,15000,15000,1,-1,73.1875,73.1875,0
1786403907539,15000,die0,15000,15000,1,-1,73.1875,73.1875,0
1786403907639,15000,die0,15000,15000,1,-1,73.1875,73.1875,0
1786403907739,15000,die0,15000,15000,1,-1,73.1875,73.1875,0
1786403907839,15000,die0,15000,15000,1,-1,73.1875,73.1875,0
1786403907939,15000,die0,15000,15000,1,-1,73.1875,73.1875,0
1786403908039,15000,die0,15000,15000,1,-1,73.1875,73.1875,0
1786403908142,15000,die0,15000,15000,1,-1,73.1875,73.1875,0
1786403908239,15000,die0,15000,15000,1,-1,73.1875,73.1875,0
1786403908339,15000,die0,15000,15000,1,-1,73.1875,73.1875,0
1786403908439,15000,die0,15000,15000,1,-1,73.1875,73.1875,0
1786403908539,15000,die0,15000,15000,1,-1,73.1875,73.1875,0
1786403908639,15000,die0,15000,15000,1,-1,73.1875,73.1875,0
1786403908739,15000,die0,15000,15000,1,-1,73.1875,73.1875,0
1786403908839,15000,die0,15000,15000,1,-1,73.1875,73.1875,0
1786403908939,15000,die0,15000,15000,1,-1,73.1875,73.1875,0
1786403909039,15000,die0,15000,15000,1,-1,73.125,73.125,0
1786403909139,15000,die0,15000,15000,1,-1,73.125,73.125,0
1786403909239,15000,die0,15000,15000,1,-1,73.125,73.125,0
1786403909339,15000,die0,15000,15000,1,-1,73.125,73.125,0
1786403909439,15000,die0,15000,15000,1,-1,73.125,73.125,0
1786403909539,15000,die0,15000,15000,1,-1,73.125,73.125,0
1786403909639,15000,die0,15000,15000,1,-1,73.125,73.125,0
1786403909739,15000,die0,15000,15000,1,-1,73.125,73.125,0
1786403909839,15000,die0,15000,15000,1,-1,73.125,73.125,0
1786403909939,15000,die0,15000,15000,1,-1,73.125,73.125,0
1786403910039,15000,die0,15000,15000,1,-1,73.125,73.125,0
1786403910139,15000,die0,15000,15000,1,-1,73.125,73.125,0
1786403910239,15000,die0,15000,15000,1,-1,73.125,73.125,0
1786403910339,15000,die0,15000,15000,1,-1,73.125,73.125,0
1786403910439,15000,die0,15000,15000,1,-1,73.125,73.125,0
1786403910539,15000,die0,15000,15000,1,-1,73.125,73.125,0
1786403910639,15000,die0,15000,15000,1,-1,73.125,73.125,0
1786403910739,15000,die0,15000,15000,1,-1,73.125,73.125,0
1786403910839,15000,die0,15000,15000,1,-1,73.125,73.125,0
1786403910939,15000,die0,15000,15000,1,-1,73.125,73.125,0
1786403911039,15000,die0,15000,15000,1,-1,73.125,73.125,0
1786403911139,15000,die0,15000,15000,1,-1,73.125,73.125,0
1786403911239,15000,die0,15000,15000,1,-1,73.125,73.125,0
1786403911339,15000,die0,15000,15000,1,-1,73.125,73.125,0
1786403911439,15000,die0,15000,15000,1,-1,73.125,73.125,0
1786403911550,15000,die0,15000,15000,1,-1,73.125,73.125,0
1786403911639,15000,die0,15000,15000,1,-1,73.125,73.125,0
1786403911739,15000,die0,15000,15000,1,-1,73.125,73.125,0
1786403911839,15000,die0,15000,15000,1,-1,73.125,73.125,0
1786403911939,15000,die0,15000,15000,1,-1,73.125,73.125,0
1786403912039,15000,die0,15000,15000,1,-1,73.1875,73.1875,0
1786403912139,15000,die0,15000,15000,1,-1,73.1875,73.1875,0
1786403912239,15000,die0,15000,15000,1,-1,73.1875,73.1875,0
1786403912339,15000,die0,15000,15000,1,-1,73.1875,73.1875,0
1786403912439,15000,die0,15000,15000,1,-1,73.1875,73.1875,0
1786403912539,15000,die0,15000,15000,1,-1,73.1875,73.1875,0
1786403912639,15000,die0,15000,15000,1,-1,73.1875,73.1875,0
1786403912739,15000,die0,15000,15000,1,-1,73.1875,73.1875,0
1786403912839,15000,die0,15000,15000,1,-1,73.1875,73.1875,0
1786403912939,15000,die0,15000,15000,1,-1,73.1875,73.1875,0
1786403913039,15000,die0,15000,15000,1,-1,73.25,73.25,0
1786403913139,15000,die0,15000,15000,1,-1,73.25,73.25,0
1786403913239,15000,die0,15000,15000,1,-1,73.25,73.25,0
1786403913339,15000,die0,15000,15000,1,-1,73.25,73.25,0
1786403913439,15000,die0,15000,15000,1,-1,73.25,73.25,0
1786403913539,15000,die0,15000,15000,1,-1,73.25,73.25,0
1786403913639,15000,die0,15000,15000,1,-1,73.25,73.25,0
1786403913739,15000,die0,15000,15000,1,-1,73.25,73.25,0
1786403913839,15000,die0,15000,15000,1,-1,73.25,73.25,0
1786403913939,15000,die0,15000,15000,1,-1,73.25,73.25,0
1786403914039,15000,die0,15000,15000,1,-1,73.1875,73.1875,0
1786403914139,15000,die0,15000,15000,1,-1,73.1875,73.1875,0
1786403914239,15000,die0,15000,15000,1,-1,73.1875,73.1875,0
1786403914339,15000,die0,15000,15000,1,-1,73.1875,73.1875,0
1786403914439,15000,die0,15000,15000,1,-1,73.1875,73.1875,0
1786403914539,15000,die0,15000,15000,1,-1,73.1875,73.1875,0
1786403914639,15000,die0,15000,15000,1,-1,73.1875,73.1875,0
1786403914739,15000,die0,15000,15000,1,-1,73.1875,73.1875,0
1786403914842,15000,die0,15000,15000,1,-1,73.1875,73.1875,0
1786403914939,15000,die0,15000,15000,1,-1,73.1875,73.1875,0
1786403915039,15000,die0,15000,15000,1,-1,73.125,73.125,0
1786403915139,15000,die0,15000,15000,1,-1,73.125,73.125,0
1786403915239,15000,die0,15000,15000,1,-1,73.125,73.125,0
1786403915339,15000,die0,15000,15000,1,-1,73.125,73.125,0
1786403915439,15000,die0,15000,15000,1,-1,73.125,73.125,0
1786403915539,15000,die0,15000,15000,1,-1,73.125,73.125,0
1786403915639,15000,die0,15000,15000,1,-1,73.125,73.125,0
1786403915742,15000,die0,15000,15000,1,-1,73.125,73.125,0
1786403915839,15000,die0,15000,15000,1,-1,73.125,73.125,0
1786403915939,15000,die0,15000,15000,1,-1,73.125,73.125,0
1786403916039,15000,die0,15000,15000,1,-1,73.1875,73.1875,0
1786403916139,15000,die0,15000,15000,1,-1,73.1875,73.1875,0
1786403916239,15000,die0,15000,15000,1,-1,73.1875,73.1875,0
1786403916339,15000,die0,15000,15000,1,-1,73.1875,73.1875,0
1786403916439,15000,die0,15000,15000,1,-1,73.1875,73.1875,0
1786403916539,15000,die0,15000,15000,1,-1,73.1875,73.1875,0
1786403916639,15000,die0,15000,15000,1,-1,73.1875,73.1875,0
1786403916739,15000,die0,15000,15000,1,-1,73.1875,73.1875,0
1786403916839,15000,die0,15000,15000,1,-1,73.1875,73.1875,0
1786403916939,15000,die0,15000,15000,1,-1,73.1875,73.1875,0
1786403917039,15000,die0,15000,15000,1,-1,73.25,73.25,0
1786403917139,15000,die0,15000,15000,1,-1,73.25,73.25,0
1786403917239,15000,die0,15000,15000,1,-1,73.25,73.25,0
1786403917339,15000,die0,15000,15000,1,-1,73.25,73.25,0
1786403917439,15000,die0,15000,15000,1,-1,73.25,73.25,0
1786403917539,15000,die0,15000,15000,1,-1,73.25,73.25,0
1786403917639,15000,die0,15000,15000,1,-1,73.25,73.25,0
1786403917739,15000,die0,15000,15000,1,-1,73.25,73.25,0
1786403917839,15000,die0,15000,15000,1,-1,73.25,73.25,0
1786403917939,15000,die0,15000,15000,1,-1,73.25,73.25,0
1786403918039,15000,die0,15000,15000,1,-1,73.125,73.125,0
1786403918139,15000,die0,15000,15000,1,-1,73.125,73.125,0
1786403918239,15000,die0,15000,15000,1,-1,73.125,73.125,0
1786403918339,15000,die0,15000,15000,1,-1,73.125,73.125,0
1786403918439,15000,die0,15000,15000,1,-1,73.125,73.125,0
1786403918539,15000,die0,15000,15000,1,-1,73.125,73.125,0
1786403918639,15000,die0,15000,15000,1,-1,73.125,73.125,0
1786403918739,15000,die0,15000,15000,1,-1,73.125,73.125,0
1786403918839,15000,die0,15000,15000,1,-1,73.125,73.125,0
1786403918939,15000,die0,15000,15000,1,-1,73.125,73.125,0
1786403919039,15000,die0,15000,15000,1,-1,73.1875,73.1875,0
1786403919139,15000,die0,15000,15000,1,-1,73.1875,73.1875,0
1786403919239,15000,die0,15000,15000,1,-1,73.1875,73.1875,0
1786403919339,15000,die0,15000,15000,1,-1,73.1875,73.1875,0
1786403919439,15000,die0,15000,15000,1,-1,73.1875,73.1875,0
1786403919539,15000,die0,15000,15000,1,-1,73.1875,73.1875,0
1786403919639,15000,die0,15000,15000,1,-1,73.1875,73.1875,0
1786403919742,15000,die0,15000,15000,1,-1,73.1875,73.1875,0
1786403919839,15000,die0,15000,15000,1,-1,73.1875,73.1875,0
1786403919939,15000,die0,15000,15000,1,-1,73.1875,73.1875,0
1786403920039,15000,die0,15000,15000,1,-1,73.125,73.125,0
1786403920139,15000,die0,15000,15000,1,-1,73.125,73.125,0
1786403920239,15000,die0,15000,15000,1,-1,73.125,73.125,0
1786403920339,15000,die0,15000,15000,1,-1,73.125,73.125,0
1786403920439,15000,die0,15000,15000,1,-1,73.125,73.125,0
1786403920539,15000,die0,15000,15000,1,-1,73.125,73.125,0
1786403920639,15000,die0,15000,15000,1,-1,73.125,73.125,0
1786403920739,15000,die0,15000,15000,1,-1,73.125,73.125,0
1786403920839,15000,die0,15000,15000,1,-1,73.125,73.125,0
1786403920939,15000,die0,15000,15000,1,-1,73.125,73.125,0
1786403921039,15000,die0,15000,15000,1,-1,73.0625,73.0625,0
1786403921139,15000,die0,15000,15000,1,-1,73.0625,73.0625,0
1786403921239,15000,die0,15000,15000,1,-1,73.0625,73.0625,0
1786403921342,15000,die0,15000,15000,1,-1,73.0625,73.0625,0
1786403921439,15000,die0,15000,15000,1,-1,73.0625,73.0625,0
1786403921539,15000,die0,15000,15000,1,-1,73.0625,73.0625,0
1786403921639,15000,die0,15000,15000,1,-1,73.0625,73.0625,0
1786403921739,15000,die0,15000,15000,1,-1,73.0625,73.0625,0
1786403921839,15000,die0,15000,15000,1,-1,73.0625,73.0625,0
1786403921939,15000,die0,15000,15000,1,-1,73.0625,73.0625,0
1786403922039,15000,die0,15000,15000,1,-1,73.125,73.125,0
1786403922139,15000,die0,15000,15000,1,-1,73.125,73.125,0
1786403922239,15000,die0,15000,15000,1,-1,73.125,73.125,0
1786403922339,15000,die0,15000,15000,1,-1,73.125,73.125,0
1786403922439,15000,die0,15000,15000,1,-1,73.125,73.125,0
1786403922539,15000,die0,15000,15000,1,-1,73.125,73.125,0
1786403922639,15000,die0,15000,15000,1,-1,73.125,73.125,0
1786403922739,15000,die0,15000,15000,1,-1,73.125,73.125,0
1786403922839,15000,die0,15000,15000,1,-1,73.125,73.125,0
1786403922939,15000,die0,15000,15000,1,-1,73.125,73.125,0
1786403923039,15000,die0,15000,15000,1,-1,73.125,73.125,0
1786403923139,15000,die0,15000,15000,1,-1,73.125,73.125,0
1786403923239,15000,die0,15000,15000,1,-1,73.125,73.125,0
1786403923339,15000,die0,15000,15000,1,-1,73.125,73.125,0
1786403923439,15000,die0,15000,15000,1,-1,73.125,73.125,0
1786403923539,15000,die0,15000,15000,1,-1,73.125,73.125,0
1786403923639,15000,die0,15000,15000,1,-1,73.125,73.125,0
1786403923739,15000,die0,15000,15000,1,-1,73.125,73.125,0
1786403923839,15000,die0,15000,15000,1,-1,73.125,73.125,0
1786403923939,15000,die0,15000,15000,1,-1,73.125,73.125,0
1786403924039,15000,die0,15000,15000,1,-1,73.125,73.125,0
1786403924139,15000,die0,15000,15000,1,-1,73.125,73.125,0
1786403924239,15000,die0,15000,15000,1,-1,73.125,73.125,0
1786403924339,15000,die0,15000,15000,1,-1,73.125,73.125,0
1786403924442,15000,die0,15000,15000,1,-1,73.125,73.125,0
1786403924539,15000,die0,15000,15000,1,-1,73.125,73.125,0
1786403924639,15000,die0,15000,15000,1,-1,73.125,73.125,0
1786403924739,15000,die0,15000,15000,1,-1,73.125,73.125,0
1786403924839,15000,die0,15000,15000,1,-1,73.125,73.125,0
1786403924939,15000,die0,15000,15000,1,-1,73.125,73.125,0
1786403925039,15000,die0,15000,15000,1,-1,73.0625,73.0625,0
1786403925139,15000,die0,15000,15000,1,-1,73.0625,73.0625,0
1786403925239,15000,die0,15000,15000,1,-1,73.0625,73.0625,0
1786403925339,15000,die0,15000,15000,1,-1,73.0625,73.0625,0
1786403925439,15000,die0,15000,15000,1,-1,73.0625,73.0625,0
1786403925539,15000,die0,15000,15000,1,-1,73.0625,73.0625,0
1786403925639,15000,die0,15000,15000,1,-1,73.0625,73.0625,0
1786403925739,15000,die0,15000,15000,1,-1,73.0625,73.0625,0
1786403925839,15000,die0,15000,15000,1,-1,73.0625,73.0625,0
1786403925939,15000,die0,15000,15000,1,-1,73.0625,73.0625,0
1786403926039,15000,die0,15000,15000,1,-1,73.0625,73.0625,0
1786403926139,15000,die0,15000,15000,1,-1,73.0625,73.0625,0
1786403926239,15000,die0,15000,15000,1,-1,73.0625,73.0625,0
1786403926339,15000,die0,15000,15000,1,-1,73.0625,73.0625,0
1786403926439,15000,die0,15000,15000,1,-1,73.0625,73.0625,0
1786403926539,15000,die0,15000,15000,1,-1,73.0625,73.0625,0
1786403926639,15000,die0,15000,15000,1,-1,73.0625,73.0625,0
1786403926739,15000,die0,15000,15000,1,-1,73.0625,73.0625,0
1786403926840,15000,die0,15000,15000,1,-1,73.0625,73.0625,0
1786403926939,15000,die0,15000,15000,1,-1,73.0625,73.0625,0
1786403927039,15000,die0,15000,15000,1,-1,73.1875,73.1875,0
1786403927139,15000,die0,15000,15000,1,-1,73.1875,73.1875,0
1786403927239,15000,die0,15000,15000,1,-1,73.1875,73.1875,0
1786403927339,15000,die0,15000,15000,1,-1,73.1875,73.1875,0
1786403927439,15000,die0,15000,15000,1,-1,73.1875,73.1875,0
1786403927539,15000,die0,15000,15000,1,-1,73.1875,73.1875,0
1786403927639,15000,die0,15000,15000,1,-1,73.1875,73.1875,0
1786403927739,15000,die0,15000,15000,1,-1,73.1875,73.1875,0
1786403927839,15000,die0,15000,15000,1,-1,73.1875,73.1875,0
1786403927939,15000,die0,15000,15000,1,-1,73.1875,73.1875,0
1786403928039,15000,die0,15000,15000,1,-1,73.1875,73.1875,0
1786403928139,15000,die0,15000,15000,1,-1,73.1875,73.1875,0
1786403928239,15000,die0,15000,15000,1,-1,73.1875,73.1875,0
1786403928339,15000,die0,15000,15000,1,-1,73.1875,73.1875,0
1786403928439,15000,die0,15000,15000,1,-1,73.1875,73.1875,0
1786403928539,15000,die0,15000,15000,1,-1,73.1875,73.1875,0
1786403928639,15000,die0,15000,15000,1,-1,73.1875,73.1875,0
1786403928739,15000,die0,15000,15000,1,-1,73.1875,73.1875,0
1786403928839,15000,die0,15000,15000,1,-1,73.1875,73.1875,0
1786403928939,15000,die0,15000,15000,1,-1,73.1875,73.1875,0
1786403929039,15000,die0,15000,15000,1,-1,73.1875,73.1875,0
1786403929139,15000,die0,15000,15000,1,-1,73.1875,73.1875,0
1786403929239,15000,die0,15000,15000,1,-1,73.1875,73.1875,0
1786403929339,15000,die0,15000,15000,1,-1,73.1875,73.1875,0
1786403929439,15000,die0,15000,15000,1,-1,73.1875,73.1875,0
1786403929539,15000,die0,15000,15000,1,-1,73.1875,73.1875,0
1786403929639,15000,die0,15000,15000,1,-1,73.1875,73.1875,0
1786403929739,15000,die0,15000,15000,1,-1,73.1875,73.1875,0
1786403929839,15000,die0,15000,15000,1,-1,73.1875,73.1875,0
1786403929939,15000,die0,15000,15000,1,-1,73.1875,73.1875,0
1786403930039,15000,die0,15000,15000,1,-1,73.125,73.125,0
1786403930139,15000,die0,15000,15000,1,-1,73.125,73.125,0
1786403930239,15000,die0,15000,15000,1,-1,73.125,73.125,0
1786403930339,15000,die0,15000,15000,1,-1,73.125,73.125,0
1786403930439,15000,die0,15000,15000,1,-1,73.125,73.125,0
1786403930539,15000,die0,15000,15000,1,-1,73.125,73.125,0
1786403930639,15000,die0,15000,15000,1,-1,73.125,73.125,0
1786403930739,15000,die0,15000,15000,1,-1,73.125,73.125,0
1786403930839,15000,die0,15000,15000,1,-1,73.125,73.125,0
1786403930939,15000,die0,15000,15000,1,-1,73.125,73.125,0
1786403931039,15000,die0,15000,15000,1,-1,73.0625,73.0625,0
1786403931139,15000,die0,15000,15000,1,-1,73.0625,73.0625,0
1786403931239,15000,die0,15000,15000,1,-1,73.0625,73.0625,0
1786403931339,15000,die0,15000,15000,1,-1,73.0625,73.0625,0
1786403931442,15000,die0,15000,15000,1,-1,73.0625,73.0625,0
1786403931539,15000,die0,15000,15000,1,-1,73.0625,73.0625,0
1786403931639,15000,die0,15000,15000,1,-1,73.0625,73.0625,0
1786403931739,15000,die0,15000,15000,1,-1,73.0625,73.0625,0
1786403931839,15000,die0,15000,15000,1,-1,73.0625,73.0625,0
1786403931939,15000,die0,15000,15000,1,-1,73.0625,73.0625,0
1786403932039,15000,die0,15000,15000,1,-1,73.0625,73.0625,0
1786403932139,15000,die0,15000,15000,1,-1,73.0625,73.0625,0
1786403932239,15000,die0,15000,15000,1,-1,73.0625,73.0625,0
1786403932339,15000,die0,15000,15000,1,-1,73.0625,73.0625,0
1786403932439,15000,die0,15000,15000,1,-1,73.0625,73.0625,0
1786403932539,15000,die0,15000,15000,1,-1,73.0625,73.0625,0
1786403932639,15000,die0,15000,15000,1,-1,73.0625,73.0625,0
1786403932739,15000,die0,15000,15000,1,-1,73.0625,73.0625,0
1786403932839,15000,die0,15000,15000,1,-1,73.0625,73.0625,0
1786403932939,15000,die0,15000,15000,1,-1,73.0625,73.0625,0
1786403933042,15000,die0,15000,15000,1,-1,73.125,73.125,0
1786403933139,15000,die0,15000,15000,1,-1,73.125,73.125,0
1786403933239,15000,die0,15000,15000,1,-1,73.125,73.125,0
1786403933339,15000,die0,15000,15000,1,-1,73.125,73.125,0
1786403933439,15000,die0,15000,15000,1,-1,73.125,73.125,0
1786403933539,15000,die0,15000,15000,1,-1,73.125,73.125,0
1786403933639,15000,die0,15000,15000,1,-1,73.125,73.125,0
1786403933739,15000,die0,15000,15000,1,-1,73.125,73.125,0
1786403933839,15000,die0,15000,15000,1,-1,73.125,73.125,0
1786403933939,15000,die0,15000,15000,1,-1,73.125,73.125,0
1786403934039,15000,die0,15000,15000,1,-1,73.0625,73.0625,0
1786403934139,15000,die0,15000,15000,1,-1,73.0625,73.0625,0
1786403934239,15000,die0,15000,15000,1,-1,73.0625,73.0625,0
1786403934339,15000,die0,15000,15000,1,-1,73.0625,73.0625,0
1786403934439,15000,die0,15000,15000,1,-1,73.0625,73.0625,0
1786403934539,15000,die0,15000,15000,1,-1,73.0625,73.0625,0
1786403934639,15000,die0,15000,15000,1,-1,73.0625,73.0625,0
1786403934739,15000,die0,15000,15000,1,-1,73.0625,73.0625,0
1786403934839,15000,die0,15000,15000,1,-1,73.0625,73.0625,0
1786403934939,15000,die0,15000,15000,1,-1,73.0625,73.0625,0
1786403935039,15000,die0,15000,15000,1,-1,73.125,73.125,0
1786403935139,15000,die0,15000,15000,1,-1,73.125,73.125,0
1786403935239,15000,die0,15000,15000,1,-1,73.125,73.125,0
1786403935339,15000,die0,15000,15000,1,-1,73.125,73.125,0
1786403935442,15000,die0,15000,15000,1,-1,73.125,73.125,0
1786403935539,15000,die0,15000,15000,1,-1,73.125,73.125,0
1786403935639,15000,die0,15000,15000,1,-1,73.125,73.125,0
1786403935739,15000,die0,15000,15000,1,-1,73.125,73.125,0
1786403935839,15000,die0,15000,15000,1,-1,73.125,73.125,0
1786403935939,15000,die0,15000,15000,1,-1,73.125,73.125,0
1786403936039,15000,die0,15000,15000,1,-1,73.125,73.125,0
1786403936139,15000,die0,15000,15000,1,-1,73.125,73.125,0
1786403936239,15000,die0,15000,15000,1,-1,73.125,73.125,0
1786403936339,15000,die0,15000,15000,1,-1,73.125,73.125,0
1786403936439,15000,die0,15000,15000,1,-1,73.125,73.125,0
1786403936539,15000,die0,15000,15000,1,-1,73.125,73.125,0
1786403936639,15000,die0,15000,15000,1,-1,73.125,73.125,0
1786403936742,15000,die0,15000,15000,1,-1,73.125,73.125,0
1786403936839,15000,die0,15000,15000,1,-1,73.125,73.125,0
1786403936939,15000,die0,15000,15000,1,-1,73.125,73.125,0
1786403937039,15000,die0,15000,15000,1,-1,73.125,73.125,0
1786403937139,15000,die0,15000,15000,1,-1,73.125,73.125,0
1786403937239,15000,die0,15000,15000,1,-1,73.125,73.125,0
1786403937339,15000,die0,15000,15000,1,-1,73.125,73.125,0
1786403937439,15000,die0,15000,15000,1,-1,73.125,73.125,0
1786403937539,15000,die0,15000,15000,1,-1,73.125,73.125,0
1786403937639,15000,die0,15000,15000,1,-1,73.125,73.125,0
1786403937739,15000,die0,15000,15000,1,-1,73.125,73.125,0
1786403937839,15000,die0,15000,15000,1,-1,73.125,73.125,0
1786403937939,15000,die0,15000,15000,1,-1,73.125,73.125,0
1786403938042,15000,die0,15000,15000,1,-1,73.0625,73.0625,0
1786403938139,15000,die0,15000,15000,1,-1,73.0625,73.0625,0
1786403938239,15000,die0,15000,15000,1,-1,73.0625,73.0625,0
1786403938339,15000,die0,15000,15000,1,-1,73.0625,73.0625,0
1786403938439,15000,die0,15000,15000,1,-1,73.0625,73.0625,0
1786403938539,15000,die0,15000,15000,1,-1,73.0625,73.0625,0
1786403938639,15000,die0,15000,15000,1,-1,73.0625,73.0625,0
1786403938739,15000,die0,15000,15000,1,-1,73.0625,73.0625,0
1786403938839,15000,die0,15000,15000,1,-1,73.0625,73.0625,0
1786403938939,15000,die0,15000,15000,1,-1,73.0625,73.0625,0
1786403939039,15000,die0,15000,15000,1,-1,73.0625,73.0625,0
1786403939139,15000,die0,15000,15000,1,-1,73.0625,73.0625,0
1786403939239,15000,die0,15000,15000,1,-1,73.0625,73.0625,0
1786403939339,15000,die0,15000,15000,1,-1,73.0625,73.0625,0
1786403939439,15000,die0,15000,15000,1,-1,73.0625,73.0625,0
1786403939542,15000,die0,15000,15000,1,-1,73.0625,73.0625,0
1786403939639,15000,die0,15000,15000,1,-1,73.0625,73.0625,0
1786403939739,15000,die0,15000,15000,1,-1,73.0625,73.0625,0
1786403939839,15000,die0,15000,15000,1,-1,73.0625,73.0625,0
1786403939939,15000,die0,15000,15000,1,-1,73.0625,73.0625,0
1786403940039,15000,die0,15000,15000,1,-1,73,73,0
1786403940139,15000,die0,15000,15000,1,-1,73,73,0
1786403940239,15000,die0,15000,15000,1,-1,73,73,0
1786403940339,15000,die0,15000,15000,1,-1,73,73,0
1786403940439,15000,die0,15000,15000,1,-1,73,73,0
1786403940539,15000,die0,15000,15000,1,-1,73,73,0
1786403940639,15000,die0,15000,15000,1,-1,73,73,0
1786403940739,15000,die0,15000,15000,1,-1,73,73,0
1786403940839,15000,die0,15000,15000,1,-1,73,73,0
1786403940939,15000,die0,15000,15000,1,-1,73,73,0
1786403941039,15000,die0,15000,15000,1,-1,73,73,0
1786403941139,15000,die0,15000,15000,1,-1,73,73,0
1786403941239,15000,die0,15000,15000,1,-1,73,73,0
1786403941339,15000,die0,15000,15000,1,-1,73,73,0
1786403941439,15000,die0,15000,15000,1,-1,73,73,0
1786403941539,15000,die0,15000,15000,1,-1,73,73,0
1786403941639,15000,die0,15000,15000,1,-1,73,73,0
1786403941739,15000,die0,15000,15000,1,-1,73,73,0
1786403941839,15000,die0,15000,15000,1,-1,73,73,0
1786403941939,15000,die0,15000,15000,1,-1,73,73,0
1786403942039,15000,die0,15000,15000,1,-1,73.0625,73.0625,0
1786403942139,15000,die0,15000,15000,1,-1,73.0625,73.0625,0
1786403942239,15000,die0,15000,15000,1,-1,73.0625,73.0625,0
1786403942339,15000,die0,15000,15000,1,-1,73.0625,73.0625,0
1786403942439,15000,die0,15000,15000,1,-1,73.0625,73.0625,0
1786403942539,15000,die0,15000,15000,1,-1,73.0625,73.0625,0
1786403942639,15000,die0,15000,15000,1,-1,73.0625,73.0625,0
1786403942739,15000,die0,15000,15000,1,-1,73.0625,73.0625,0
1786403942839,15000,die0,15000,15000,1,-1,73.0625,73.0625,0
1786403942939,15000,die0,15000,15000,1,-1,73.0625,73.0625,0
1786403943039,15000,die0,15000,15000,1,-1,73,73,0
1786403943139,15000,die0,15000,15000,1,-1,73,73,0
1786403943239,15000,die0,15000,15000,1,-1,73,73,0
1786403943339,15000,die0,15000,15000,1,-1,73,73,0
1786403943439,15000,die0,15000,15000,1,-1,73,73,0
1786403943539,15000,die0,15000,15000,1,-1,73,73,0
1786403943639,15000,die0,15000,15000,1,-1,73,73,0
1786403943739,15000,die0,15000,15000,1,-1,73,73,0
1786403943839,15000,die0,15000,15000,1,-1,73,73,0
1786403943939,15000,die0,15000,15000,1,-1,73,73,0
1786403944039,15000,die0,15000,15000,1,-1,73.125,73.125,0
1786403944139,15000,die0,15000,15000,1,-1,73.125,73.125,0
1786403944242,15000,die0,15000,15000,1,-1,73.125,73.125,0
1786403944339,15000,die0,15000,15000,1,-1,73.125,73.125,0
1786403944439,15000,die0,15000,15000,1,-1,73.125,73.125,0
1786403944539,15000,die0,15000,15000,1,-1,73.125,73.125,0
1786403944639,15000,die0,15000,15000,1,-1,73.125,73.125,0
1786403944739,15000,die0,15000,15000,1,-1,73.125,73.125,0
1786403944839,15000,die0,15000,15000,1,-1,73.125,73.125,0
1786403944939,15000,die0,15000,15000,1,-1,73.125,73.125,0
1786403945039,15000,die0,15000,15000,1,-1,73.0625,73.0625,0
1786403945139,15000,die0,15000,15000,1,-1,73.0625,73.0625,0
1786403945239,15000,die0,15000,15000,1,-1,73.0625,73.0625,0
1786403945339,15000,die0,15000,15000,1,-1,73.0625,73.0625,0
1786403945439,15000,die0,15000,15000,1,-1,73.0625,73.0625,0
1786403945539,15000,die0,15000,15000,1,-1,73.0625,73.0625,0
1786403945639,15000,die0,15000,15000,1,-1,73.0625,73.0625,0
1786403945739,15000,die0,15000,15000,1,-1,73.0625,73.0625,0
1786403945839,15000,die0,15000,15000,1,-1,73.0625,73.0625,0
1786403945939,15000,die0,15000,15000,1,-1,73.0625,73.0625,0
1786403946039,15000,die0,15000,15000,1,-1,73.0625,73.0625,0
1786403946139,15000,die0,15000,15000,1,-1,73.0625,73.0625,0
1786403946239,15000,die0,15000,15000,1,-1,73.0625,73.0625,0
1786403946339,15000,die0,15000,15000,1,-1,73.0625,73.0625,0
1786403946439,15000,die0,15000,15000,1,-1,73.0625,73.0625,0
1786403946539,15000,die0,15000,15000,1,-1,73.0625,73.0625,0
1786403946639,15000,die0,15000,15000,1,-1,73.0625,73.0625,0
1786403946739,15000,die0,15000,15000,1,-1,73.0625,73.0625,0
1786403946839,15000,die0,15000,15000,1,-1,73.0625,73.0625,0
1786403946939,15000,die0,15000,15000,1,-1,73.0625,73.0625,0
1786403947039,15000,die0,15000,15000,1,-1,73.0625,73.0625,0
1786403947139,15000,die0,15000,15000,1,-1,73.0625,73.0625,0
1786403947239,15000,die0,15000,15000,1,-1,73.0625,73.0625,0
1786403947339,15000,die0,15000,15000,1,-1,73.0625,73.0625,0
1786403947439,15000,die0,15000,15000,1,-1,73.0625,73.0625,0
1786403947539,15000,die0,15000,15000,1,-1,73.0625,73.0625,0
1786403947639,15000,die0,15000,15000,1,-1,73.0625,73.0625,0
1786403947739,15000,die0,15000,15000,1,-1,73.0625,73.0625,0
1786403947839,15000,die0,15000,15000,1,-1,73.0625,73.0625,0
1786403947939,15000,die0,15000,15000,1,-1,73.0625,73.0625,0
1786403948042,15000,die0,15000,15000,1,-1,73.125,73.125,0
1786403948139,15000,die0,15000,15000,1,-1,73.125,73.125,0
1786403948239,15000,die0,15000,15000,1,-1,73.125,73.125,0
1786403948339,15000,die0,15000,15000,1,-1,73.125,73.125,0
1786403948439,15000,die0,15000,15000,1,-1,73.125,73.125,0
1786403948539,15000,die0,15000,15000,1,-1,73.125,73.125,0
1786403948639,15000,die0,15000,15000,1,-1,73.125,73.125,0
1786403948739,15000,die0,15000,15000,1,-1,73.125,73.125,0
1786403948839,15000,die0,15000,15000,1,-1,73.125,73.125,0
1786403948939,15000,die0,15000,15000,1,-1,73.125,73.125,0
1786403949039,15000,die0,15000,15000,1,-1,73.0625,73.0625,0
1786403949139,15000,die0,15000,15000,1,-1,73.0625,73.0625,0
1786403949239,15000,die0,15000,15000,1,-1,73.0625,73.0625,0
1786403949339,15000,die0,15000,15000,1,-1,73.0625,73.0625,0
1786403949439,15000,die0,15000,15000,1,-1,73.0625,73.0625,0
1786403949539,15000,die0,15000,15000,1,-1,73.0625,73.0625,0
1786403949642,15000,die0,15000,15000,1,-1,73.0625,73.0625,0
1786403949739,15000,die0,15000,15000,1,-1,73.0625,73.0625,0
1786403949839,15000,die0,15000,15000,1,-1,73.0625,73.0625,0
1786403949939,15000,die0,15000,15000,1,-1,73.0625,73.0625,0
1786403950039,15000,die0,15000,15000,1,-1,73.125,73.125,0
1786403950139,15000,die0,15000,15000,1,-1,73.125,73.125,0
1786403950239,15000,die0,15000,15000,1,-1,73.125,73.125,0
1786403950339,15000,die0,15000,15000,1,-1,73.125,73.125,0
1786403950439,15000,die0,15000,15000,1,-1,73.125,73.125,0
1786403950539,15000,die0,15000,15000,1,-1,73.125,73.125,0
1786403950639,15000,die0,15000,15000,1,-1,73.125,73.125,0
1786403950739,15000,die0,15000,15000,1,-1,73.125,73.125,0
1786403950839,15000,die0,15000,15000,1,-1,73.125,73.125,0
1786403950939,15000,die0,15000,15000,1,-1,73.125,73.125,0
1786403951039,15000,die0,15000,15000,1,-1,73.0625,73.0625,0
1786403951139,15000,die0,15000,15000,1,-1,73.0625,73.0625,0
1786403951242,15000,die0,15000,15000,1,-1,73.0625,73.0625,0
1786403951339,15000,die0,15000,15000,1,-1,73.0625,73.0625,0
1786403951439,15000,die0,15000,15000,1,-1,73.0625,73.0625,0
1786403951539,15000,die0,15000,15000,1,-1,73.0625,73.0625,0
1786403951639,15000,die0,15000,15000,1,-1,73.0625,73.0625,0
1786403951739,15000,die0,15000,15000,1,-1,73.0625,73.0625,0
1786403951839,15000,die0,15000,15000,1,-1,73.0625,73.0625,0
1786403951939,15000,die0,15000,15000,1,-1,73.0625,73.0625,0
1786403952039,15000,die0,15000,15000,1,-1,73,73,0
1786403952139,15000,die0,15000,15000,1,-1,73,73,0
1786403952239,15000,die0,15000,15000,1,-1,73,73,0
1786403952339,15000,die0,15000,15000,1,-1,73,73,0
1786403952439,15000,die0,15000,15000,1,-1,73,73,0
1786403952539,15000,die0,15000,15000,1,-1,73,73,0
1786403952639,15000,die0,15000,15000,1,-1,73,73,0
1786403952739,15000,die0,15000,15000,1,-1,73,73,0
1786403952842,15000,die0,15000,15000,1,-1,73,73,0
1786403952939,15000,die0,15000,15000,1,-1,73,73,0
1786403953039,15000,die0,15000,15000,1,-1,73.125,73.125,0
1786403953139,15000,die0,15000,15000,1,-1,73.125,73.125,0
1786403953239,15000,die0,15000,15000,1,-1,73.125,73.125,0
1786403953339,15000,die0,15000,15000,1,-1,73.125,73.125,0
1786403953439,15000,die0,15000,15000,1,-1,73.125,73.125,0
1786403953539,15000,die0,15000,15000,1,-1,73.125,73.125,0
1786403953639,15000,die0,15000,15000,1,-1,73.125,73.125,0
1786403953739,15000,die0,15000,15000,1,-1,73.125,73.125,0
1786403953839,15000,die0,15000,15000,1,-1,73.125,73.125,0
1786403953939,15000,die0,15000,15000,1,-1,73.125,73.125,0
1786403954039,15000,die0,15000,15000,1,-1,73.0625,73.0625,0
1786403954139,15000,die0,15000,15000,1,-1,73.0625,73.0625,0
1786403954239,15000,die0,15000,15000,1,-1,73.0625,73.0625,0
1786403954339,15000,die0,15000,15000,1,-1,73.0625,73.0625,0
1786403954442,15000,die0,15000,15000,1,-1,73.0625,73.0625,0
1786403954539,15000,die0,15000,15000,1,-1,73.0625,73.0625,0
1786403954639,15000,die0,15000,15000,1,-1,73.0625,73.0625,0
1786403954739,15000,die0,15000,15000,1,-1,73.0625,73.0625,0
1786403954839,15000,die0,15000,15000,1,-1,73.0625,73.0625,0
1786403954939,15000,die0,15000,15000,1,-1,73.0625,73.0625,0
1786403955039,15000,die0,15000,15000,1,-1,73,73,0
1786403955139,15000,die0,15000,15000,1,-1,73,73,0
1786403955239,15000,die0,15000,15000,1,-1,73,73,0
1786403955339,15000,die0,15000,15000,1,-1,73,73,0
1786403955439,15000,die0,15000,15000,1,-1,73,73,0
1786403955539,15000,die0,15000,15000,1,-1,73,73,0
1786403955639,15000,die0,15000,15000,1,-1,73,73,0
1786403955739,15000,die0,15000,15000,1,-1,73,73,0
1786403955839,15000,die0,15000,15000,1,-1,73,73,0
1786403955939,15000,die0,15000,15000,1,-1,73,73,0
1786403956039,15000,die0,15000,15000,1,-1,73.0625,73.0625,0
1786403956139,15000,die0,15000,15000,1,-1,73.0625,73.0625,0
1786403956239,15000,die0,15000,15000,1,-1,73.0625,73.0625,0
1786403956339,15000,die0,15000,15000,1,-1,73.0625,73.0625,0
1786403956439,15000,die0,15000,15000,1,-1,73.0625,73.0625,0
1786403956542,15000,die0,15000,15000,1,-1,73.0625,73.0625,0
1786403956639,15000,die0,15000,15000,1,-1,73.0625,73.0625,0
1786403956739,15000,die0,15000,15000,1,-1,73.0625,73.0625,0
1786403956839,15000,die0,15000,15000,1,-1,73.0625,73.0625,0
1786403956939,15000,die0,15000,15000,1,-1,73.0625,73.0625,0
1786403957039,15000,die0,15000,15000,1,-1,73,73,0
1786403957139,15000,die0,15000,15000,1,-1,73,73,0
1786403957239,15000,die0,15000,15000,1,-1,73,73,0
1786403957339,15000,die0,15000,15000,1,-1,73,73,0
1786403957439,15000,die0,15000,15000,1,-1,73,73,0
1786403957539,15000,die0,15000,15000,1,-1,73,73,0
1786403957639,15000,die0,15000,15000,1,-1,73,73,0
1786403957739,15000,die0,15000,15000,1,-1,73,73,0
1786403957842,15000,die0,15000,15000,1,-1,73,73,0
1786403957939,15000,die0,15000,15000,1,-1,73,73,0
1786403958039,15000,die0,15000,15000,1,-1,72.9375,72.9375,0
1786403958139,15000,die0,15000,15000,1,-1,72.9375,72.9375,0
1786403958239,15000,die0,15000,15000,1,-1,72.9375,72.9375,0
1786403958339,15000,die0,15000,15000,1,-1,72.9375,72.9375,0
1786403958439,15000,die0,15000,15000,1,-1,72.9375,72.9375,0
1786403958539,15000,die0,15000,15000,1,-1,72.9375,72.9375,0
1786403958639,15000,die0,15000,15000,1,-1,72.9375,72.9375,0
1786403958739,15000,die0,15000,15000,1,-1,72.9375,72.9375,0
1786403958839,15000,die0,15000,15000,1,-1,72.9375,72.9375,0
1786403958939,15000,die0,15000,15000,1,-1,72.9375,72.9375,0
1786403959039,15000,die0,15000,15000,1,-1,73,73,0
1786403959139,15000,die0,15000,15000,1,-1,73,73,0
1786403959239,15000,die0,15000,15000,1,-1,73,73,0
1786403959339,15000,die0,15000,15000,1,-1,73,73,0
1786403959439,15000,die0,15000,15000,1,-1,73,73,0
1786403959539,15000,die0,15000,15000,1,-1,73,73,0
1786403959639,15000,die0,15000,15000,1,-1,73,73,0
1786403959739,15000,die0,15000,15000,1,-1,73,73,0
1786403959839,15000,die0,15000,15000,1,-1,73,73,0
1786403959939,15000,die0,15000,15000,1,-1,73,73,0
1786403960039,15000,die0,15000,15000,1,-1,73.0625,73.0625,0
1786403960139,15000,die0,15000,15000,1,-1,73.0625,73.0625,0
1786403960239,15000,die0,15000,15000,1,-1,73.0625,73.0625,0
1786403960339,15000,die0,15000,15000,1,-1,73.0625,73.0625,0
1786403960439,15000,die0,15000,15000,1,-1,73.0625,73.0625,0
1786403960539,15000,die0,15000,15000,1,-1,73.0625,73.0625,0
1786403960639,15000,die0,15000,15000,1,-1,73.0625,73.0625,0
1786403960739,15000,die0,15000,15000,1,-1,73.0625,73.0625,0
1786403960839,15000,die0,15000,15000,1,-1,73.0625,73.0625,0
1786403960950,15000,die0,15000,15000,1,-1,73.0625,73.0625,0
1786403961039,15000,die0,15000,15000,1,-1,73.0625,73.0625,0
1786403961139,15000,die0,15000,15000,1,-1,73.0625,73.0625,0
1786403961239,15000,die0,15000,15000,1,-1,73.0625,73.0625,0
1786403961339,15000,die0,15000,15000,1,-1,73.0625,73.0625,0
1786403961439,15000,die0,15000,15000,1,-1,73.0625,73.0625,0
1786403961539,15000,die0,15000,15000,1,-1,73.0625,73.0625,0
1786403961639,15000,die0,15000,15000,1,-1,73.0625,73.0625,0
1786403961739,15000,die0,15000,15000,1,-1,73.0625,73.0625,0
1786403961839,15000,die0,15000,15000,1,-1,73.0625,73.0625,0
1786403961939,15000,die0,15000,15000,1,-1,73.0625,73.0625,0
1786403962039,15000,die0,15000,15000,1,-1,73,73,0
1786403962139,15000,die0,15000,15000,1,-1,73,73,0
1786403962239,15000,die0,15000,15000,1,-1,73,73,0
1786403962339,15000,die0,15000,15000,1,-1,73,73,0
1786403962439,15000,die0,15000,15000,1,-1,73,73,0
1786403962542,15000,die0,15000,15000,1,-1,73,73,0
1786403962639,15000,die0,15000,15000,1,-1,73,73,0
1786403962739,15000,die0,15000,15000,1,-1,73,73,0
1786403962839,15000,die0,15000,15000,1,-1,73,73,0
1786403962939,15000,die0,15000,15000,1,-1,73,73,0
1786403963039,15000,die0,15000,15000,1,-1,73.0625,73.0625,0
1786403963139,15000,die0,15000,15000,1,-1,73.0625,73.0625,0
1786403963239,15000,die0,15000,15000,1,-1,73.0625,73.0625,0
1786403963339,15000,die0,15000,15000,1,-1,73.0625,73.0625,0
1786403963439,15000,die0,15000,15000,1,-1,73.0625,73.0625,0
1786403963539,15000,die0,15000,15000,1,-1,73.0625,73.0625,0
1786403963639,15000,die0,15000,15000,1,-1,73.0625,73.0625,0
1786403963739,15000,die0,15000,15000,1,-1,73.0625,73.0625,0
1786403963839,15000,die0,15000,15000,1,-1,73.0625,73.0625,0
1786403963939,15000,die0,15000,15000,1,-1,73.0625,73.0625,0
1786403964039,15000,die0,15000,15000,1,-1,73.0625,73.0625,0
1786403964139,15000,die0,15000,15000,1,-1,73.0625,73.0625,0
1786403964239,15000,die0,15000,15000,1,-1,73.0625,73.0625,0
1786403964339,15000,die0,15000,15000,1,-1,73.0625,73.0625,0
1786403964439,15000,die0,15000,15000,1,-1,73.0625,73.0625,0
1786403964539,15000,die0,15000,15000,1,-1,73.0625,73.0625,0
1786403964639,15000,die0,15000,15000,1,-1,73.0625,73.0625,0
1786403964739,15000,die0,15000,15000,1,-1,73.0625,73.0625,0
1786403964839,15000,die0,15000,15000,1,-1,73.0625,73.0625,0
1786403964942,15000,die0,15000,15000,1,-1,73.0625,73.0625,0
1786403965039,15000,die0,15000,15000,1,-1,73.0625,73.0625,0
1786403965139,15000,die0,15000,15000,1,-1,73.0625,73.0625,0
1786403965239,15000,die0,15000,15000,1,-1,73.0625,73.0625,0
1786403965339,15000,die0,15000,15000,1,-1,73.0625,73.0625,0
1786403965439,15000,die0,15000,15000,1,-1,73.0625,73.0625,0
1786403965539,15000,die0,15000,15000,1,-1,73.0625,73.0625,0
1786403965639,15000,die0,15000,15000,1,-1,73.0625,73.0625,0
1786403965739,15000,die0,15000,15000,1,-1,73.0625,73.0625,0
1786403965839,15000,die0,15000,15000,1,-1,73.0625,73.0625,0
1786403965939,15000,die0,15000,15000,1,-1,73.0625,73.0625,0
1786403966039,15000,die0,15000,15000,1,-1,73,73,0
1786403966139,15000,die0,15000,15000,1,-1,73,73,0
1786403966239,15000,die0,15000,15000,1,-1,73,73,0
1786403966339,15000,die0,15000,15000,1,-1,73,73,0
1786403966442,15000,die0,15000,15000,1,-1,73,73,0
1786403966539,15000,die0,15000,15000,1,-1,73,73,0
1786403966639,15000,die0,15000,15000,1,-1,73,73,0
1786403966739,15000,die0,15000,15000,1,-1,73,73,0
1786403966839,15000,die0,15000,15000,1,-1,73,73,0
1786403966939,15000,die0,15000,15000,1,-1,73,73,0
1786403967039,15000,die0,15000,15000,1,-1,73,73,0
1786403967139,15000,die0,15000,15000,1,-1,73,73,0
1786403967239,15000,die0,15000,15000,1,-1,73,73,0
1786403967339,15000,die0,15000,15000,1,-1,73,73,0
1786403967439,15000,die0,15000,15000,1,-1,73,73,0
1786403967539,15000,die0,15000,15000,1,-1,73,73,0
1786403967639,15000,die0,15000,15000,1,-1,73,73,0
1786403967739,15000,die0,15000,15000,1,-1,73,73,0
1786403967839,15000,die0,15000,15000,1,-1,73,73,0
1786403967939,15000,die0,15000,15000,1,-1,73,73,0
1786403968039,15000,die0,15000,15000,1,-1,73.0625,73.0625,0
1786403968139,15000,die0,15000,15000,1,-1,73.0625,73.0625,0
1786403968239,15000,die0,15000,15000,1,-1,73.0625,73.0625,0
1786403968339,15000,die0,15000,15000,1,-1,73.0625,73.0625,0
1786403968439,15000,die0,15000,15000,1,-1,73.0625,73.0625,0
1786403968539,15000,die0,15000,15000,1,-1,73.0625,73.0625,0
1786403968639,15000,die0,15000,15000,1,-1,73.0625,73.0625,0
1786403968739,15000,die0,15000,15000,1,-1,73.0625,73.0625,0
1786403968839,15000,die0,15000,15000,1,-1,73.0625,73.0625,0
1786403968939,15000,die0,15000,15000,1,-1,73.0625,73.0625,0
1786403969039,15000,die0,15000,15000,1,-1,72.9375,72.9375,0
1786403969139,15000,die0,15000,15000,1,-1,72.9375,72.9375,0
1786403969239,15000,die0,15000,15000,1,-1,72.9375,72.9375,0
1786403969339,15000,die0,15000,15000,1,-1,72.9375,72.9375,0
1786403969442,15000,die0,15000,15000,1,-1,72.9375,72.9375,0
1786403969539,15000,die0,15000,15000,1,-1,72.9375,72.9375,0
1786403969639,15000,die0,15000,15000,1,-1,72.9375,72.9375,0
1786403969742,15000,die0,15000,15000,1,-1,72.9375,72.9375,0
1786403969839,15000,die0,15000,15000,1,-1,72.9375,72.9375,0
1786403969939,15000,die0,15000,15000,1,-1,72.9375,72.9375,0
1786403970039,15000,die0,15000,15000,1,-1,73.125,73.125,0
1786403970139,15000,die0,15000,15000,1,-1,73.125,73.125,0
1786403970239,15000,die0,15000,15000,1,-1,73.125,73.125,0
1786403970339,15000,die0,15000,15000,1,-1,73.125,73.125,0
1786403970439,15000,die0,15000,15000,1,-1,73.125,73.125,0
1786403970539,15000,die0,15000,15000,1,-1,73.125,73.125,0
1786403970639,15000,die0,15000,15000,1,-1,73.125,73.125,0
1786403970739,15000,die0,15000,15000,1,-1,73.125,73.125,0
1786403970839,15000,die0,15000,15000,1,-1,73.125,73.125,0
1786403970939,15000,die0,15000,15000,1,-1,73.125,73.125,0
1786403971039,15000,die0,15000,15000,1,-1,72.9375,72.9375,0
1786403971139,15000,die0,15000,15000,1,-1,72.9375,72.9375,0
1786403971239,15000,die0,15000,15000,1,-1,72.9375,72.9375,0
1786403971339,15000,die0,15000,15000,1,-1,72.9375,72.9375,0
1786403971439,15000,die0,15000,15000,1,-1,72.9375,72.9375,0
1786403971539,15000,die0,15000,15000,1,-1,72.9375,72.9375,0
1786403971639,15000,die0,15000,15000,1,-1,72.9375,72.9375,0
1786403971739,15000,die0,15000,15000,1,-1,72.9375,72.9375,0
1786403971839,15000,die0,15000,15000,1,-1,72.9375,72.9375,0
1786403971939,15000,die0,15000,15000,1,-1,72.9375,72.9375,0
1786403972039,15000,die0,15000,15000,1,-1,73,73,0
1786403972139,15000,die0,15000,15000,1,-1,73,73,0
1786403972239,15000,die0,15000,15000,1,-1,73,73,0
1786403972339,15000,die0,15000,15000,1,-1,73,73,0
1786403972439,15000,die0,15000,15000,1,-1,73,73,0
1786403972542,15000,die0,15000,15000,1,-1,73,73,0
1786403972639,15000,die0,15000,15000,1,-1,73,73,0
1786403972739,15000,die0,15000,15000,1,-1,73,73,0
1786403972839,15000,die0,15000,15000,1,-1,73,73,0
1786403972939,15000,die0,15000,15000,1,-1,73,73,0
1786403973039,15000,die0,15000,15000,1,-1,72.9375,72.9375,0
1786403973139,15000,die0,15000,15000,1,-1,72.9375,72.9375,0
1786403973239,15000,die0,15000,15000,1,-1,72.9375,72.9375,0
1786403973339,15000,die0,15000,15000,1,-1,72.9375,72.9375,0
1786403973439,15000,die0,15000,15000,1,-1,72.9375,72.9375,0
1786403973539,15000,die0,15000,15000,1,-1,72.9375,72.9375,0
1786403973639,15000,die0,15000,15000,1,-1,72.9375,72.9375,0
1786403973739,15000,die0,15000,15000,1,-1,72.9375,72.9375,0
1786403973839,15000,die0,15000,15000,1,-1,72.9375,72.9375,0
1786403973939,15000,die0,15000,15000,1,-1,72.9375,72.9375,0
1786403974039,15000,die0,15000,15000,1,-1,73.0625,73.0625,0
1786403974142,15000,die0,15000,15000,1,-1,73.0625,73.0625,0
1786403974239,15000,die0,15000,15000,1,-1,73.0625,73.0625,0
1786403974339,15000,die0,15000,15000,1,-1,73.0625,73.0625,0
1786403974439,15000,die0,15000,15000,1,-1,73.0625,73.0625,0
1786403974539,15000,die0,15000,15000,1,-1,73.0625,73.0625,0
1786403974639,15000,die0,15000,15000,1,-1,73.0625,73.0625,0
1786403974739,15000,die0,15000,15000,1,-1,73.0625,73.0625,0
1786403974839,15000,die0,15000,15000,1,-1,73.0625,73.0625,0
1786403974939,15000,die0,15000,15000,1,-1,73.0625,73.0625,0
1786403975042,15000,die0,15000,15000,1,-1,73.0625,73.0625,0
1786403975139,15000,die0,15000,15000,1,-1,73.0625,73.0625,0
1786403975239,15000,die0,15000,15000,1,-1,73.0625,73.0625,0
1786403975339,15000,die0,15000,15000,1,-1,73.0625,73.0625,0
1786403975439,15000,die0,15000,15000,1,-1,73.0625,73.0625,0
1786403975539,15000,die0,15000,15000,1,-1,73.0625,73.0625,0
1786403975639,15000,die0,15000,15000,1,-1,73.0625,73.0625,0
1786403975739,15000,die0,15000,15000,1,-1,73.0625,73.0625,0
1786403975839,15000,die0,15000,15000,1,-1,73.0625,73.0625,0
1786403975939,15000,die0,15000,15000,1,-1,73.0625,73.0625,0
1786403976039,15000,die0,15000,15000,1,-1,73.125,73.125,0
1786403976139,15000,die0,15000,15000,1,-1,73.125,73.125,0
1786403976239,15000,die0,15000,15000,1,-1,73.125,73.125,0
1786403976342,15000,die0,15000,15000,1,-1,73.125,73.125,0
1786403976439,15000,die0,15000,15000,1,-1,73.125,73.125,0
1786403976539,15000,die0,15000,15000,1,-1,73.125,73.125,0
1786403976639,15000,die0,15000,15000,1,-1,73.125,73.125,0
1786403976739,15000,die0,15000,15000,1,-1,73.125,73.125,0
1786403976839,15000,die0,15000,15000,1,-1,73.125,73.125,0
1786403976939,15000,die0,15000,15000,1,-1,73.125,73.125,0
1786403977039,15000,die0,15000,15000,1,-1,73,73,0
1786403977139,15000,die0,15000,15000,1,-1,73,73,0
1786403977239,15000,die0,15000,15000,1,-1,73,73,0
1786403977339,15000,die0,15000,15000,1,-1,73,73,0
1786403977439,15000,die0,15000,15000,1,-1,73,73,0
1786403977539,15000,die0,15000,15000,1,-1,73,73,0
1786403977639,15000,die0,15000,15000,1,-1,73,73,0
1786403977739,15000,die0,15000,15000,1,-1,73,73,0
1786403977839,15000,die0,15000,15000,1,-1,73,73,0
1786403977939,15000,die0,15000,15000,1,-1,73,73,0
1786403978039,15000,die0,15000,15000,1,-1,73,73,0
1786403978139,15000,die0,15000,15000,1,-1,73,73,0
1786403978239,15000,die0,15000,15000,1,-1,73,73,0
1786403978339,15000,die0,15000,15000,1,-1,73,73,0
1786403978439,15000,die0,15000,15000,1,-1,73,73,0
1786403978539,15000,die0,15000,15000,1,-1,73,73,0
1786403978639,15000,die0,15000,15000,1,-1,73,73,0
1786403978739,15000,die0,15000,15000,1,-1,73,73,0
1786403978839,15000,die0,15000,15000,1,-1,73,73,0
1786403978939,15000,die0,15000,15000,1,-1,73,73,0
1786403979039,15000,die0,15000,15000,1,-1,72.9375,72.9375,0
1786403979139,15000,die0,15000,15000,1,-1,72.9375,72.9375,0
1786403979239,15000,die0,15000,15000,1,-1,72.9375,72.9375,0
1786403979339,15000,die0,15000,15000,1,-1,72.9375,72.9375,0
1786403979439,15000,die0,15000,15000,1,-1,72.9375,72.9375,0
1786403979539,15000,die0,15000,15000,1,-1,72.9375,72.9375,0
1786403979639,15000,die0,15000,15000,1,-1,72.9375,72.9375,0
1786403979739,15000,die0,15000,15000,1,-1,72.9375,72.9375,0
1786403979839,15000,die0,15000,15000,1,-1,72.9375,72.9375,0
1786403979939,15000,die0,15000,15000,1,-1,72.9375,72.9375,0
1786403980039,15000,die0,15000,15000,1,-1,73,73,0
1786403980139,15000,die0,15000,15000,1,-1,73,73,0
1786403980239,15000,die0,15000,15000,1,-1,73,73,0
1786403980339,15000,die0,15000,15000,1,-1,73,73,0
1786403980439,15000,die0,15000,15000,1,-1,73,73,0
1786403980539,15000,die0,15000,15000,1,-1,73,73,0
1786403980642,15000,die0,15000,15000,1,-1,73,73,0
1786403980739,15000,die0,15000,15000,1,-1,73,73,0
1786403980839,15000,die0,15000,15000,1,-1,73,73,0
1786403980939,15000,die0,15000,15000,1,-1,73,73,0
1786403981039,15000,die0,15000,15000,1,-1,73,73,0
1786403981139,15000,die0,15000,15000,1,-1,73,73,0
1786403981239,15000,die0,15000,15000,1,-1,73,73,0
1786403981339,15000,die0,15000,15000,1,-1,73,73,0
1786403981439,15000,die0,15000,15000,1,-1,73,73,0
1786403981539,15000,die0,15000,15000,1,-1,73,73,0
1786403981639,15000,die0,15000,15000,1,-1,73,73,0
1786403981739,15000,die0,15000,15000,1,-1,73,73,0
1786403981839,15000,die0,15000,15000,1,-1,73,73,0
1786403981939,15000,die0,15000,15000,1,-1,73,73,0
1786403982039,15000,die0,15000,15000,1,-1,73,73,0
1786403982139,15000,die0,15000,15000,1,-1,73,73,0
1786403982242,15000,die0,15000,15000,1,-1,73,73,0
1786403982339,15000,die0,15000,15000,1,-1,73,73,0
1786403982439,15000,die0,15000,15000,1,-1,73,73,0
1786403982539,15000,die0,15000,15000,1,-1,73,73,0
1786403982639,15000,die0,15000,15000,1,-1,73,73,0
1786403982739,15000,die0,15000,15000,1,-1,73,73,0
1786403982839,15000,die0,15000,15000,1,-1,73,73,0
1786403982939,15000,die0,15000,15000,1,-1,73,73,0
1786403983039,15000,die0,15000,15000,1,-1,73,73,0
1786403983139,15000,die0,15000,15000,1,-1,73,73,0
1786403983239,15000,die0,15000,15000,1,-1,73,73,0
1786403983339,15000,die0,15000,15000,1,-1,73,73,0
1786403983439,15000,die0,15000,15000,1,-1,73,73,0
1786403983539,15000,die0,15000,15000,1,-1,73,73,0
1786403983639,15000,die0,15000,15000,1,-1,73,73,0
1786403983739,15000,die0,15000,15000,1,-1,73,73,0
1786403983839,15000,die0,15000,15000,1,-1,73,73,0
1786403983939,15000,die0,15000,15000,1,-1,73,73,0
1786403984039,15000,die0,15000,15000,1,-1,73.125,73.125,0
1786403984139,15000,die0,15000,15000,1,-1,73.125,73.125,0
1786403984239,15000,die0,15000,15000,1,-1,73.125,73.125,0
1786403984339,15000,die0,15000,15000,1,-1,73.125,73.125,0
1786403984439,15000,die0,15000,15000,1,-1,73.125,73.125,0
1786403984539,15000,die0,15000,15000,1,-1,73.125,73.125,0
1786403984639,15000,die0,15000,15000,1,-1,73.125,73.125,0
1786403984739,15000,die0,15000,15000,1,-1,73.125,73.125,0
1786403984839,15000,die0,15000,15000,1,-1,73.125,73.125,0
1786403984939,15000,die0,15000,15000,1,-1,73.125,73.125,0
1786403985039,15000,die0,15000,15000,1,-1,73,73,0
1786403985139,15000,die0,15000,15000,1,-1,73,73,0
1786403985239,15000,die0,15000,15000,1,-1,73,73,0
1786403985339,15000,die0,15000,15000,1,-1,73,73,0
1786403985439,15000,die0,15000,15000,1,-1,73,73,0
1786403985539,15000,die0,15000,15000,1,-1,73,73,0
1786403985639,15000,die0,15000,15000,1,-1,73,73,0
1786403985739,15000,die0,15000,15000,1,-1,73,73,0
1786403985839,15000,die0,15000,15000,1,-1,73,73,0
1786403985939,15000,die0,15000,15000,1,-1,73,73,0
1786403986042,15000,die0,15000,15000,1,-1,73,73,0
1786403986139,15000,die0,15000,15000,1,-1,73,73,0
1786403986239,15000,die0,15000,15000,1,-1,73,73,0
1786403986339,15000,die0,15000,15000,1,-1,73,73,0
1786403986439,15000,die0,15000,15000,1,-1,73,73,0
1786403986539,15000,die0,15000,15000,1,-1,73,73,0
1786403986639,15000,die0,15000,15000,1,-1,73,73,0
1786403986739,15000,die0,15000,15000,1,-1,73,73,0
1786403986839,15000,die0,15000,15000,1,-1,73,73,0
1786403986939,15000,die0,15000,15000,1,-1,73,73,0
1786403987039,15000,die0,15000,15000,1,-1,73,73,0
1786403987139,15000,die0,15000,15000,1,-1,73,73,0
1786403987239,15000,die0,15000,15000,1,-1,73,73,0
1786403987339,15000,die0,15000,15000,1,-1,73,73,0
1786403987439,15000,die0,15000,15000,1,-1,73,73,0
1786403987539,15000,die0,15000,15000,1,-1,73,73,0
1786403987639,15000,die0,15000,15000,1,-1,73,73,0
1786403987739,15000,die0,15000,15000,1,-1,73,73,0
1786403987839,15000,die0,15000,15000,1,-1,73,73,0
1786403987939,15000,die0,15000,15000,1,-1,73,73,0
1786403988039,15000,die0,15000,15000,1,-1,73,73,0
1786403988139,15000,die0,15000,15000,1,-1,73,73,0
1786403988239,15000,die0,15000,15000,1,-1,73,73,0
1786403988339,15000,die0,15000,15000,1,-1,73,73,0
1786403988439,15000,die0,15000,15000,1,-1,73,73,0
1786403988539,15000,die0,15000,15000,1,-1,73,73,0
1786403988639,15000,die0,15000,15000,1,-1,73,73,0
1786403988739,15000,die0,15000,15000,1,-1,73,73,0
1786403988839,15000,die0,15000,15000,1,-1,73,73,0
1786403988939,15000,die0,15000,15000,1,-1,73,73,0
1786403989039,15000,die0,15000,15000,1,-1,73,73,0
1786403989142,15000,die0,15000,15000,1,-1,73,73,0
1786403989239,15000,die0,15000,15000,1,-1,73,73,0
1786403989339,15000,die0,15000,15000,1,-1,73,73,0
1786403989442,15000,die0,15000,15000,1,-1,73,73,0
1786403989539,15000,die0,15000,15000,1,-1,73,73,0
1786403989639,15000,die0,15000,15000,1,-1,73,73,0
1786403989739,15000,die0,15000,15000,1,-1,73,73,0
1786403989839,15000,die0,15000,15000,1,-1,73,73,0
1786403989939,15000,die0,15000,15000,1,-1,73,73,0
1786403990039,15000,die0,15000,15000,1,-1,72.9375,72.9375,0
1786403990139,15000,die0,15000,15000,1,-1,72.9375,72.9375,0
1786403990239,15000,die0,15000,15000,1,-1,72.9375,72.9375,0
1786403990339,15000,die0,15000,15000,1,-1,72.9375,72.9375,0
1786403990439,15000,die0,15000,15000,1,-1,72.9375,72.9375,0
1786403990539,15000,die0,15000,15000,1,-1,72.9375,72.9375,0
1786403990639,15000,die0,15000,15000,1,-1,72.9375,72.9375,0
1786403990739,15000,die0,15000,15000,1,-1,72.9375,72.9375,0
1786403990839,15000,die0,15000,15000,1,-1,72.9375,72.9375,0
1786403990939,15000,die0,15000,15000,1,-1,72.9375,72.9375,0
1786403991039,15000,die0,15000,15000,1,-1,73.125,73.125,0
1786403991139,15000,die0,15000,15000,1,-1,73.125,73.125,0
1786403991239,15000,die0,15000,15000,1,-1,73.125,73.125,0
1786403991339,15000,die0,15000,15000,1,-1,73.125,73.125,0
1786403991439,15000,die0,15000,15000,1,-1,73.125,73.125,0
1786403991539,15000,die0,15000,15000,1,-1,73.125,73.125,0
1786403991639,15000,die0,15000,15000,1,-1,73.125,73.125,0
1786403991739,15000,die0,15000,15000,1,-1,73.125,73.125,0
1786403991839,15000,die0,15000,15000,1,-1,73.125,73.125,0
1786403991939,15000,die0,15000,15000,1,-1,73.125,73.125,0
1786403992039,15000,die0,15000,15000,1,-1,72.9375,72.9375,0
1786403992139,15000,die0,15000,15000,1,-1,72.9375,72.9375,0
1786403992239,15000,die0,15000,15000,1,-1,72.9375,72.9375,0
1786403992342,15000,die0,15000,15000,1,-1,72.9375,72.9375,0
1786403992439,15000,die0,15000,15000,1,-1,72.9375,72.9375,0
1786403992539,15000,die0,15000,15000,1,-1,72.9375,72.9375,0
1786403992639,15000,die0,15000,15000,1,-1,72.9375,72.9375,0
1786403992739,15000,die0,15000,15000,1,-1,72.9375,72.9375,0
1786403992839,15000,die0,15000,15000,1,-1,72.9375,72.9375,0
1786403992939,15000,die0,15000,15000,1,-1,72.9375,72.9375,0
1786403993039,15000,die0,15000,15000,1,-1,73,73,0
1786403993139,15000,die0,15000,15000,1,-1,73,73,0
1786403993239,15000,die0,15000,15000,1,-1,73,73,0
1786403993339,15000,die0,15000,15000,1,-1,73,73,0
1786403993439,15000,die0,15000,15000,1,-1,73,73,0
1786403993539,15000,die0,15000,15000,1,-1,73,73,0
1786403993639,15000,die0,15000,15000,1,-1,73,73,0
1786403993739,15000,die0,15000,15000,1,-1,73,73,0
1786403993839,15000,die0,15000,15000,1,-1,73,73,0
1786403993939,15000,die0,15000,15000,1,-1,73,73,0
1786403994039,15000,die0,15000,15000,1,-1,73.0625,73.0625,0
1786403994139,15000,die0,15000,15000,1,-1,73.0625,73.0625,0
1786403994239,15000,die0,15000,15000,1,-1,73.0625,73.0625,0
1786403994339,15000,die0,15000,15000,1,-1,73.0625,73.0625,0
1786403994439,15000,die0,15000,15000,1,-1,73.0625,73.0625,0
1786403994539,15000,die0,15000,15000,1,-1,73.0625,73.0625,0
1786403994639,15000,die0,15000,15000,1,-1,73.0625,73.0625,0
1786403994739,15000,die0,15000,15000,1,-1,73.0625,73.0625,0
1786403994839,15000,die0,15000,15000,1,-1,73.0625,73.0625,0
1786403994939,15000,die0,15000,15000,1,-1,73.0625,73.0625,0
1786403995039,15000,die0,15000,15000,1,-1,73,73,0
1786403995139,15000,die0,15000,15000,1,-1,73,73,0
1786403995239,15000,die0,15000,15000,1,-1,73,73,0
1786403995339,15000,die0,15000,15000,1,-1,73,73,0
1786403995439,15000,die0,15000,15000,1,-1,73,73,0
1786403995539,15000,die0,15000,15000,1,-1,73,73,0
1786403995639,15000,die0,15000,15000,1,-1,73,73,0
1786403995739,15000,die0,15000,15000,1,-1,73,73,0
1786403995839,15000,die0,15000,15000,1,-1,73,73,0
1786403995939,15000,die0,15000,15000,1,-1,73,73,0
1786403996039,15000,die0,15000,15000,1,-1,73.0625,73.0625,0
1786403996142,15000,die0,15000,15000,1,-1,73.0625,73.0625,0
1786403996239,15000,die0,15000,15000,1,-1,73.0625,73.0625,0
1786403996339,15000,die0,15000,15000,1,-1,73.0625,73.0625,0
1786403996439,15000,die0,15000,15000,1,-1,73.0625,73.0625,0
1786403996539,15000,die0,15000,15000,1,-1,73.0625,73.0625,0
1786403996639,15000,die0,15000,15000,1,-1,73.0625,73.0625,0
1786403996739,15000,die0,15000,15000,1,-1,73.0625,73.0625,0
1786403996839,15000,die0,15000,15000,1,-1,73.0625,73.0625,0
1786403996939,15000,die0,15000,15000,1,-1,73.0625,73.0625,0
1786403997039,15000,die0,15000,15000,1,-1,73.0625,73.0625,0
1786403997139,15000,die0,15000,15000,1,-1,73.0625,73.0625,0
1786403997239,15000,die0,15000,15000,1,-1,73.0625,73.0625,0
1786403997339,15000,die0,15000,15000,1,-1,73.0625,73.0625,0
1786403997442,15000,die0,15000,15000,1,-1,73.0625,73.0625,0
1786403997539,15000,die0,15000,15000,1,-1,73.0625,73.0625,0
1786403997639,15000,die0,15000,15000,1,-1,73.0625,73.0625,0
1786403997739,15000,die0,15000,15000,1,-1,73.0625,73.0625,0
1786403997839,15000,die0,15000,15000,1,-1,73.0625,73.0625,0
1786403997939,15000,die0,15000,15000,1,-1,73.0625,73.0625,0
1786403998039,15000,die0,15000,15000,1,-1,73.0625,73.0625,0
1786403998139,15000,die0,15000,15000,1,-1,73.0625,73.0625,0
1786403998239,15000,die0,15000,15000,1,-1,73.0625,73.0625,0
1786403998339,15000,die0,15000,15000,1,-1,73.0625,73.0625,0
1786403998439,15000,die0,15000,15000,1,-1,73.0625,73.0625,0
1786403998539,15000,die0,15000,15000,1,-1,73.0625,73.0625,0
1786403998639,15000,die0,15000,15000,1,-1,73.0625,73.0625,0
1786403998739,15000,die0,15000,15000,1,-1,73.0625,73.0625,0
1786403998839,15000,die0,15000,15000,1,-1,73.0625,73.0625,0
1786403998942,15000,die0,15000,15000,1,-1,73.0625,73.0625,0
1786403999039,15000,die0,15000,15000,1,-1,73.0625,73.0625,0
1786403999139,15000,die0,15000,15000,1,-1,73.0625,73.0625,0
1786403999239,15000,die0,15000,15000,1,-1,73.0625,73.0625,0
1786403999339,15000,die0,15000,15000,1,-1,73.0625,73.0625,0
1786403999439,15000,die0,15000,15000,1,-1,73.0625,73.0625,0
1786403999539,15000,die0,15000,15000,1,-1,73.0625,73.0625,0
1786403999639,15000,die0,15000,15000,1,-1,73.0625,73.0625,0
1786403999739,15000,die0,15000,15000,1,-1,73.0625,73.0625,0
1786403999839,15000,die0,15000,15000,1,-1,73.0625,73.0625,0
1786403999939,15000,die0,15000,15000,1,-1,73.0625,73.0625,0
1786404000039,15000,die0,15000,15000,1,-1,72.9375,72.9375,0
1786404000139,15000,die0,15000,15000,1,-1,72.9375,72.9375,0
1786404000239,15000,die0,15000,15000,1,-1,72.9375,72.9375,0
1786404000339,15000,die0,15000,15000,1,-1,72.9375,72.9375,0
1786404000439,15000,die0,15000,15000,1,-1,72.9375,72.9375,0
1786404000542,15000,die0,15000,15000,1,-1,72.9375,72.9375,0
1786404000639,15000,die0,15000,15000,1,-1,72.9375,72.9375,0
1786404000739,15000,die0,15000,15000,1,-1,72.9375,72.9375,0
1786404000839,15000,die0,15000,15000,1,-1,72.9375,72.9375,0
1786404000939,15000,die0,15000,15000,1,-1,72.9375,72.9375,0
1786404001039,15000,die0,15000,15000,1,-1,72.9375,72.9375,0
1786404001139,15000,die0,15000,15000,1,-1,72.9375,72.9375,0
1786404001239,15000,die0,15000,15000,1,-1,72.9375,72.9375,0
1786404001339,15000,die0,15000,15000,1,-1,72.9375,72.9375,0
1786404001439,15000,die0,15000,15000,1,-1,72.9375,72.9375,0
1786404001539,15000,die0,15000,15000,1,-1,72.9375,72.9375,0
1786404001639,15000,die0,15000,15000,1,-1,72.9375,72.9375,0
1786404001739,15000,die0,15000,15000,1,-1,72.9375,72.9375,0
1786404001839,15000,die0,15000,15000,1,-1,72.9375,72.9375,0
1786404001939,15000,die0,15000,15000,1,-1,72.9375,72.9375,0
1786404002039,15000,die0,15000,15000,1,-1,73.125,73.125,0
1786404002139,15000,die0,15000,15000,1,-1,73.125,73.125,0
1786404002239,15000,die0,15000,15000,1,-1,73.125,73.125,0
1786404002339,15000,die0,15000,15000,1,-1,73.125,73.125,0
1786404002439,15000,die0,15000,15000,1,-1,73.125,73.125,0
1786404002539,15000,die0,15000,15000,1,-1,73.125,73.125,0
1786404002639,15000,die0,15000,15000,1,-1,73.125,73.125,0
1786404002739,15000,die0,15000,15000,1,-1,73.125,73.125,0
1786404002839,15000,die0,15000,15000,1,-1,73.125,73.125,0
1786404002939,15000,die0,15000,15000,1,-1,73.125,73.125,0
1786404003039,15000,die0,15000,15000,1,-1,73.125,73.125,0
1786404003139,15000,die0,15000,15000,1,-1,73.125,73.125,0
1786404003239,15000,die0,15000,15000,1,-1,73.125,73.125,0
1786404003339,15000,die0,15000,15000,1,-1,73.125,73.125,0
1786404003439,15000,die0,15000,15000,1,-1,73.125,73.125,0
1786404003539,15000,die0,15000,15000,1,-1,73.125,73.125,0
1786404003642,15000,die0,15000,15000,1,-1,73.125,73.125,0
1786404003739,15000,die0,15000,15000,1,-1,73.125,73.125,0
1786404003839,15000,die0,15000,15000,1,-1,73.125,73.125,0
1786404003939,15000,die0,15000,15000,1,-1,73.125,73.125,0
1786404004039,15000,die0,15000,15000,1,-1,73,73,0
1786404004139,15000,die0,15000,15000,1,-1,73,73,0
1786404004239,15000,die0,15000,15000,1,-1,73,73,0
1786404004339,15000,die0,15000,15000,1,-1,73,73,0
1786404004442,15000,die0,15000,15000,1,-1,73,73,0
1786404004539,15000,die0,15000,15000,1,-1,73,73,0
1786404004639,15000,die0,15000,15000,1,-1,73,73,0
1786404004739,15000,die0,15000,15000,1,-1,73,73,0
1786404004839,15000,die0,15000,15000,1,-1,73,73,0
1786404004939,15000,die0,15000,15000,1,-1,73,73,0
1786404005039,15000,die0,15000,15000,1,-1,73,73,0
1786404005139,15000,die0,15000,15000,1,-1,73,73,0
1786404005239,15000,die0,15000,15000,1,-1,73,73,0
1786404005339,15000,die0,15000,15000,1,-1,73,73,0
1786404005439,15000,die0,15000,15000,1,-1,73,73,0
1786404005539,15000,die0,15000,15000,1,-1,73,73,0
1786404005639,15000,die0,15000,15000,1,-1,73,73,0
1786404005742,15000,die0,15000,15000,1,-1,73,73,0
1786404005839,15000,die0,15000,15000,1,-1,73,73,0
1786404005939,15000,die0,15000,15000,1,-1,73,73,0
1786404006039,15000,die0,15000,15000,1,-1,73,73,0
1786404006139,15000,die0,15000,15000,1,-1,73,73,0
1786404006239,15000,die0,15000,15000,1,-1,73,73,0
1786404006339,15000,die0,15000,15000,1,-1,73,73,0
1786404006439,15000,die0,15000,15000,1,-1,73,73,0
1786404006539,15000,die0,15000,15000,1,-1,73,73,0
1786404006639,15000,die0,15000,15000,1,-1,73,73,0
1786404006739,15000,die0,15000,15000,1,-1,73,73,0
1786404006839,15000,die0,15000,15000,1,-1,73,73,0
1786404006939,15000,die0,15000,15000,1,-1,73,73,0
1786404007039,15000,die0,15000,15000,1,-1,72.9375,72.9375,0
1786404007139,15000,die0,15000,15000,1,-1,72.9375,72.9375,0
1786404007243,15000,die0,15000,15000,1,-1,72.9375,72.9375,0
1786404007339,15000,die0,15000,15000,1,-1,72.9375,72.9375,0
1786404007439,15000,die0,15000,15000,1,-1,72.9375,72.9375,0
1786404007539,15000,die0,15000,15000,1,-1,72.9375,72.9375,0
1786404007639,15000,die0,15000,15000,1,-1,72.9375,72.9375,0
1786404007739,15000,die0,15000,15000,1,-1,72.9375,72.9375,0
1786404007839,15000,die0,15000,15000,1,-1,72.9375,72.9375,0
1786404007939,15000,die0,15000,15000,1,-1,72.9375,72.9375,0
1786404008039,15000,die0,15000,15000,1,-1,73,73,0
1786404008139,15000,die0,15000,15000,1,-1,73,73,0
1786404008239,15000,die0,15000,15000,1,-1,73,73,0
1786404008339,15000,die0,15000,15000,1,-1,73,73,0
1786404008439,15000,die0,15000,15000,1,-1,73,73,0
1786404008539,15000,die0,15000,15000,1,-1,73,73,0
1786404008639,15000,die0,15000,15000,1,-1,73,73,0
1786404008739,15000,die0,15000,15000,1,-1,73,73,0
1786404008839,15000,die0,15000,15000,1,-1,73,73,0
1786404008942,15000,die0,15000,15000,1,-1,73,73,0
1786404009039,15000,die0,15000,15000,1,-1,73,73,0
1786404009139,15000,die0,15000,15000,1,-1,73,73,0
1786404009242,15000,die0,15000,15000,1,-1,73,73,0
1786404009339,15000,die0,15000,15000,1,-1,73,73,0
1786404009439,15000,die0,15000,15000,1,-1,73,73,0
1786404009539,15000,die0,15000,15000,1,-1,73,73,0
1786404009639,15000,die0,15000,15000,1,-1,73,73,0
1786404009739,15000,die0,15000,15000,1,-1,73,73,0
1786404009839,15000,die0,15000,15000,1,-1,73,73,0
1786404009939,15000,die0,15000,15000,1,-1,73,73,0
1786404010039,15000,die0,15000,15000,1,-1,73.125,73.125,0
1786404010139,15000,die0,15000,15000,1,-1,73.125,73.125,0
1786404010239,15000,die0,15000,15000,1,-1,73.125,73.125,0
1786404010339,15000,die0,15000,15000,1,-1,73.125,73.125,0
1786404010439,15000,die0,15000,15000,1,-1,73.125,73.125,0
1786404010539,15000,die0,15000,15000,1,-1,73.125,73.125,0
1786404010639,15000,die0,15000,15000,1,-1,73.125,73.125,0
1786404010739,15000,die0,15000,15000,1,-1,73.125,73.125,0
1786404010839,15000,die0,15000,15000,1,-1,73.125,73.125,0
1786404010939,15000,die0,15000,15000,1,-1,73.125,73.125,0
1786404011039,15000,die0,15000,15000,1,-1,72.9375,72.9375,0
1786404011139,15000,die0,15000,15000,1,-1,72.9375,72.9375,0
1786404011239,15000,die0,15000,15000,1,-1,72.9375,72.9375,0
1786404011339,15000,die0,15000,15000,1,-1,72.9375,72.9375,0
1786404011439,15000,die0,15000,15000,1,-1,72.9375,72.9375,0
1786404011539,15000,die0,15000,15000,1,-1,72.9375,72.9375,0
1786404011639,15000,die0,15000,15000,1,-1,72.9375,72.9375,0
1786404011739,15000,die0,15000,15000,1,-1,72.9375,72.9375,0
1786404011839,15000,die0,15000,15000,1,-1,72.9375,72.9375,0
1786404011939,15000,die0,15000,15000,1,-1,72.9375,72.9375,0
1786404012042,15000,die0,15000,15000,1,-1,73,73,0
1786404012139,15000,die0,15000,15000,1,-1,73,73,0
1786404012239,15000,die0,15000,15000,1,-1,73,73,0
1786404012339,15000,die0,15000,15000,1,-1,73,73,0
1786404012439,15000,die0,15000,15000,1,-1,73,73,0
1786404012539,15000,die0,15000,15000,1,-1,73,73,0
1786404012639,15000,die0,15000,15000,1,-1,73,73,0
1786404012739,15000,die0,15000,15000,1,-1,73,73,0
1786404012839,15000,die0,15000,15000,1,-1,73,73,0
1786404012939,15000,die0,15000,15000,1,-1,73,73,0
1786404013039,15000,die0,15000,15000,1,-1,72.9375,72.9375,0
1786404013139,15000,die0,15000,15000,1,-1,72.9375,72.9375,0
1786404013239,15000,die0,15000,15000,1,-1,72.9375,72.9375,0
1786404013339,15000,die0,15000,15000,1,-1,72.9375,72.9375,0
1786404013439,15000,die0,15000,15000,1,-1,72.9375,72.9375,0
1786404013539,15000,die0,15000,15000,1,-1,72.9375,72.9375,0
1786404013639,15000,die0,15000,15000,1,-1,72.9375,72.9375,0
1786404013739,15000,die0,15000,15000,1,-1,72.9375,72.9375,0
1786404013839,15000,die0,15000,15000,1,-1,72.9375,72.9375,0
1786404013939,15000,die0,15000,15000,1,-1,72.9375,72.9375,0
1786404014039,15000,die0,15000,15000,1,-1,73.0625,73.0625,0
1786404014139,15000,die0,15000,15000,1,-1,73.0625,73.0625,0
1786404014239,15000,die0,15000,15000,1,-1,73.0625,73.0625,0
1786404014339,15000,die0,15000,15000,1,-1,73.0625,73.0625,0
1786404014442,15000,die0,15000,15000,1,-1,73.0625,73.0625,0
1786404014539,15000,die0,15000,15000,1,-1,73.0625,73.0625,0
1786404014639,15000,die0,15000,15000,1,-1,73.0625,73.0625,0
1786404014739,15000,die0,15000,15000,1,-1,73.0625,73.0625,0
1786404014839,15000,die0,15000,15000,1,-1,73.0625,73.0625,0
1786404014939,15000,die0,15000,15000,1,-1,73.0625,73.0625,0
1786404015039,15000,die0,15000,15000,1,-1,73,73,0
1786404015139,15000,die0,15000,15000,1,-1,73,73,0
1786404015239,15000,die0,15000,15000,1,-1,73,73,0
1786404015339,15000,die0,15000,15000,1,-1,73,73,0
1786404015439,15000,die0,15000,15000,1,-1,73,73,0
1786404015539,15000,die0,15000,15000,1,-1,73,73,0
1786404015639,15000,die0,15000,15000,1,-1,73,73,0
1786404015739,15000,die0,15000,15000,1,-1,73,73,0
1786404015839,15000,die0,15000,15000,1,-1,73,73,0
1786404015939,15000,die0,15000,15000,1,-1,73,73,0
1786404016039,15000,die0,15000,15000,1,-1,73,73,0
1786404016139,15000,die0,15000,15000,1,-1,73,73,0
1786404016239,15000,die0,15000,15000,1,-1,73,73,0
1786404016339,15000,die0,15000,15000,1,-1,73,73,0
1786404016439,15000,die0,15000,15000,1,-1,73,73,0
1786404016539,15000,die0,15000,15000,1,-1,73,73,0
1786404016639,15000,die0,15000,15000,1,-1,73,73,0
1786404016739,15000,die0,15000,15000,1,-1,73,73,0
1786404016839,15000,die0,15000,15000,1,-1,73,73,0
1786404016942,15000,die0,15000,15000,1,-1,73,73,0
1786404017039,15000,die0,15000,15000,1,-1,73,73,0
1786404017139,15000,die0,15000,15000,1,-1,73,73,0
1786404017239,15000,die0,15000,15000,1,-1,73,73,0
1786404017339,15000,die0,15000,15000,1,-1,73,73,0
1786404017439,15000,die0,15000,15000,1,-1,73,73,0
1786404017539,15000,die0,15000,15000,1,-1,73,73,0
1786404017639,15000,die0,15000,15000,1,-1,73,73,0
1786404017739,15000,die0,15000,15000,1,-1,73,73,0
1786404017839,15000,die0,15000,15000,1,-1,73,73,0
1786404017939,15000,die0,15000,15000,1,-1,73,73,0
1786404018039,15000,die0,15000,15000,1,-1,72.9375,72.9375,0
1786404018139,15000,die0,15000,15000,1,-1,72.9375,72.9375,0
1786404018239,15000,die0,15000,15000,1,-1,72.9375,72.9375,0
1786404018339,15000,die0,15000,15000,1,-1,72.9375,72.9375,0
1786404018439,15000,die0,15000,15000,1,-1,72.9375,72.9375,0
1786404018539,15000,die0,15000,15000,1,-1,72.9375,72.9375,0
1786404018639,15000,die0,15000,15000,1,-1,72.9375,72.9375,0
1786404018739,15000,die0,15000,15000,1,-1,72.9375,72.9375,0
1786404018839,15000,die0,15000,15000,1,-1,72.9375,72.9375,0
1786404018939,15000,die0,15000,15000,1,-1,72.9375,72.9375,0
1786404019039,15000,die0,15000,15000,1,-1,73.0625,73.0625,0
1786404019139,15000,die0,15000,15000,1,-1,73.0625,73.0625,0
1786404019239,15000,die0,15000,15000,1,-1,73.0625,73.0625,0
1786404019339,15000,die0,15000,15000,1,-1,73.0625,73.0625,0
1786404019439,15000,die0,15000,15000,1,-1,73.0625,73.0625,0
1786404019539,15000,die0,15000,15000,1,-1,73.0625,73.0625,0
1786404019639,15000,die0,15000,15000,1,-1,73.0625,73.0625,0
1786404019739,15000,die0,15000,15000,1,-1,73.0625,73.0625,0
1786404019839,15000,die0,15000,15000,1,-1,73.0625,73.0625,0
1786404019939,15000,die0,15000,15000,1,-1,73.0625,73.0625,0
1786404020039,15000,die0,15000,15000,1,-1,73,73,0
1786404020139,15000,die0,15000,15000,1,-1,73,73,0
1786404020239,15000,die0,15000,15000,1,-1,73,73,0
1786404020339,15000,die0,15000,15000,1,-1,73,73,0
1786404020439,15000,die0,15000,15000,1,-1,73,73,0
1786404020539,15000,die0,15000,15000,1,-1,73,73,0
1786404020639,15000,die0,15000,15000,1,-1,73,73,0
1786404020739,15000,die0,15000,15000,1,-1,73,73,0
1786404020839,15000,die0,15000,15000,1,-1,73,73,0
1786404020939,15000,die0,15000,15000,1,-1,73,73,0
1786404021039,15000,die0,15000,15000,1,-1,73.125,73.125,0
1786404021139,15000,die0,15000,15000,1,-1,73.125,73.125,0
1786404021239,15000,die0,15000,15000,1,-1,73.125,73.125,0
1786404021339,15000,die0,15000,15000,1,-1,73.125,73.125,0
1786404021439,15000,die0,15000,15000,1,-1,73.125,73.125,0
1786404021542,15000,die0,15000,15000,1,-1,73.125,73.125,0
1786404021639,15000,die0,15000,15000,1,-1,73.125,73.125,0
1786404021739,15000,die0,15000,15000,1,-1,73.125,73.125,0
1786404021839,15000,die0,15000,15000,1,-1,73.125,73.125,0
1786404021939,15000,die0,15000,15000,1,-1,73.125,73.125,0
1786404022039,15000,die0,15000,15000,1,-1,73.125,73.125,0
1786404022139,15000,die0,15000,15000,1,-1,73.125,73.125,0
1786404022239,15000,die0,15000,15000,1,-1,73.125,73.125,0
1786404022339,15000,die0,15000,15000,1,-1,73.125,73.125,0
1786404022439,15000,die0,15000,15000,1,-1,73.125,73.125,0
1786404022539,15000,die0,15000,15000,1,-1,73.125,73.125,0
1786404022639,15000,die0,15000,15000,1,-1,73.125,73.125,0
1786404022739,15000,die0,15000,15000,1,-1,73.125,73.125,0
1786404022839,15000,die0,15000,15000,1,-1,73.125,73.125,0
1786404022939,15000,die0,15000,15000,1,-1,73.125,73.125,0
1786404023039,15000,die0,15000,15000,1,-1,73,73,0
1786404023139,15000,die0,15000,15000,1,-1,73,73,0
1786404023239,15000,die0,15000,15000,1,-1,73,73,0
1786404023339,15000,die0,15000,15000,1,-1,73,73,0
1786404023439,15000,die0,15000,15000,1,-1,73,73,0
1786404023539,15000,die0,15000,15000,1,-1,73,73,0
1786404023639,15000,die0,15000,15000,1,-1,73,73,0
1786404023739,15000,die0,15000,15000,1,-1,73,73,0
1786404023839,15000,die0,15000,15000,1,-1,73,73,0
1786404023939,15000,die0,15000,15000,1,-1,73,73,0
1786404024039,15000,die0,15000,15000,1,-1,73,73,0
1786404024139,15000,die0,15000,15000,1,-1,73,73,0
1786404024239,15000,die0,15000,15000,1,-1,73,73,0
1786404024339,15000,die0,15000,15000,1,-1,73,73,0
1786404024439,15000,die0,15000,15000,1,-1,73,73,0
1786404024539,15000,die0,15000,15000,1,-1,73,73,0
1786404024639,15000,die0,15000,15000,1,-1,73,73,0
1786404024739,15000,die0,15000,15000,1,-1,73,73,0
1786404024839,15000,die0,15000,15000,1,-1,73,73,0
1786404024939,15000,die0,15000,15000,1,-1,73,73,0
1786404025039,15000,die0,15000,15000,1,-1,73,73,0
1786404025139,15000,die0,15000,15000,1,-1,73,73,0
1786404025239,15000,die0,15000,15000,1,-1,73,73,0
1786404025342,15000,die0,15000,15000,1,-1,73,73,0
1786404025439,15000,die0,15000,15000,1,-1,73,73,0
1786404025539,15000,die0,15000,15000,1,-1,73,73,0
1786404025639,15000,die0,15000,15000,1,-1,73,73,0
1786404025739,15000,die0,15000,15000,1,-1,73,73,0
1786404025839,15000,die0,15000,15000,1,-1,73,73,0
1786404025939,15000,die0,15000,15000,1,-1,73,73,0
1786404026039,15000,die0,15000,15000,1,-1,73,73,0
1786404026139,15000,die0,15000,15000,1,-1,73,73,0
1786404026239,15000,die0,15000,15000,1,-1,73,73,0
1786404026339,15000,die0,15000,15000,1,-1,73,73,0
1786404026439,15000,die0,15000,15000,1,-1,73,73,0
1786404026539,15000,die0,15000,15000,1,-1,73,73,0
1786404026639,15000,die0,15000,15000,1,-1,73,73,0
1786404026739,15000,die0,15000,15000,1,-1,73,73,0
1786404026839,15000,die0,15000,15000,1,-1,73,73,0
1786404026939,15000,die0,15000,15000,1,-1,73,73,0
1786404027039,15000,die0,15000,15000,1,-1,73,73,0
1786404027139,15000,die0,15000,15000,1,-1,73,73,0
1786404027239,15000,die0,15000,15000,1,-1,73,73,0
1786404027339,15000,die0,15000,15000,1,-1,73,73,0
1786404027439,15000,die0,15000,15000,1,-1,73,73,0
1786404027539,15000,die0,15000,15000,1,-1,73,73,0
1786404027639,15000,die0,15000,15000,1,-1,73,73,0
1786404027739,15000,die0,15000,15000,1,-1,73,73,0
1786404027839,15000,die0,15000,15000,1,-1,73,73,0
1786404027939,15000,die0,15000,15000,1,-1,73,73,0
1786404028039,15000,die0,15000,15000,1,-1,73.0625,73.0625,0
1786404028139,15000,die0,15000,15000,1,-1,73.0625,73.0625,0
1786404028239,15000,die0,15000,15000,1,-1,73.0625,73.0625,0
1786404028339,15000,die0,15000,15000,1,-1,73.0625,73.0625,0
1786404028442,15000,die0,15000,15000,1,-1,73.0625,73.0625,0
1786404028539,15000,die0,15000,15000,1,-1,73.0625,73.0625,0
1786404028639,15000,die0,15000,15000,1,-1,73.0625,73.0625,0
1786404028742,15000,die0,15000,15000,1,-1,73.0625,73.0625,0
1786404028839,15000,die0,15000,15000,1,-1,73.0625,73.0625,0
1786404028939,15000,die0,15000,15000,1,-1,73.0625,73.0625,0
1786404029039,15000,die0,15000,15000,1,-1,73,73,0
1786404029139,15000,die0,15000,15000,1,-1,73,73,0
1786404029239,15000,die0,15000,15000,1,-1,73,73,0
1786404029339,15000,die0,15000,15000,1,-1,73,73,0
1786404029439,15000,die0,15000,15000,1,-1,73,73,0
1786404029539,15000,die0,15000,15000,1,-1,73,73,0
1786404029639,15000,die0,15000,15000,1,-1,73,73,0
1786404029739,15000,die0,15000,15000,1,-1,73,73,0
1786404029839,15000,die0,15000,15000,1,-1,73,73,0
1786404029939,15000,die0,15000,15000,1,-1,73,73,0
1786404030039,15000,die0,15000,15000,1,-1,73.0625,73.0625,0
1786404030139,15000,die0,15000,15000,1,-1,73.0625,73.0625,0
1786404030239,15000,die0,15000,15000,1,-1,73.0625,73.0625,0
1786404030339,15000,die0,15000,15000,1,-1,73.0625,73.0625,0
1786404030439,15000,die0,15000,15000,1,-1,73.0625,73.0625,0
1786404030539,15000,die0,15000,15000,1,-1,73.0625,73.0625,0
1786404030639,15000,die0,15000,15000,1,-1,73.0625,73.0625,0
1786404030739,15000,die0,15000,15000,1,-1,73.0625,73.0625,0
1786404030839,15000,die0,15000,15000,1,-1,73.0625,73.0625,0
1786404030939,15000,die0,15000,15000,1,-1,73.0625,73.0625,0
1786404031039,15000,die0,15000,15000,1,-1,73,73,0
1786404031139,15000,die0,15000,15000,1,-1,73,73,0
1786404031239,15000,die0,15000,15000,1,-1,73,73,0
1786404031339,15000,die0,15000,15000,1,-1,73,73,0
1786404031439,15000,die0,15000,15000,1,-1,73,73,0
1786404031539,15000,die0,15000,15000,1,-1,73,73,0
1786404031642,15000,die0,15000,15000,1,-1,73,73,0
1786404031739,15000,die0,15000,15000,1,-1,73,73,0
1786404031839,15000,die0,15000,15000,1,-1,73,73,0
1786404031939,15000,die0,15000,15000,1,-1,73,73,0
1786404032039,15000,die0,15000,15000,1,-1,73.0625,73.0625,0
1786404032139,15000,die0,15000,15000,1,-1,73.0625,73.0625,0
1786404032239,15000,die0,15000,15000,1,-1,73.0625,73.0625,0
1786404032339,15000,die0,15000,15000,1,-1,73.0625,73.0625,0
1786404032439,15000,die0,15000,15000,1,-1,73.0625,73.0625,0
1786404032539,15000,die0,15000,15000,1,-1,73.0625,73.0625,0
1786404032639,15000,die0,15000,15000,1,-1,73.0625,73.0625,0
1786404032739,15000,die0,15000,15000,1,-1,73.0625,73.0625,0
1786404032839,15000,die0,15000,15000,1,-1,73.0625,73.0625,0
1786404032939,15000,die0,15000,15000,1,-1,73.0625,73.0625,0
1786404033039,15000,die0,15000,15000,1,-1,73.0625,73.0625,0
1786404033139,15000,die0,15000,15000,1,-1,73.0625,73.0625,0
1786404033242,15000,die0,15000,15000,1,-1,73.0625,73.0625,0
1786404033339,15000,die0,15000,15000,1,-1,73.0625,73.0625,0
1786404033439,15000,die0,15000,15000,1,-1,73.0625,73.0625,0
1786404033539,15000,die0,15000,15000,1,-1,73.0625,73.0625,0
1786404033639,15000,die0,15000,15000,1,-1,73.0625,73.0625,0
1786404033739,15000,die0,15000,15000,1,-1,73.0625,73.0625,0
1786404033839,15000,die0,15000,15000,1,-1,73.0625,73.0625,0
1786404033939,15000,die0,15000,15000,1,-1,73.0625,73.0625,0
1786404034039,15000,die0,15000,15000,1,-1,73,73,0
1786404034139,15000,die0,15000,15000,1,-1,73,73,0
1786404034239,15000,die0,15000,15000,1,-1,73,73,0
1786404034339,15000,die0,15000,15000,1,-1,73,73,0
1786404034439,15000,die0,15000,15000,1,-1,73,73,0
1786404034539,15000,die0,15000,15000,1,-1,73,73,0
1786404034639,15000,die0,15000,15000,1,-1,73,73,0
1786404034739,15000,die0,15000,15000,1,-1,73,73,0
1786404034839,15000,die0,15000,15000,1,-1,73,73,0
1786404034939,15000,die0,15000,15000,1,-1,73,73,0
1786404035039,15000,die0,15000,15000,1,-1,72.9375,72.9375,0
1786404035139,15000,die0,15000,15000,1,-1,72.9375,72.9375,0
1786404035239,15000,die0,15000,15000,1,-1,72.9375,72.9375,0
1786404035342,15000,die0,15000,15000,1,-1,72.9375,72.9375,0
1786404035439,15000,die0,15000,15000,1,-1,72.9375,72.9375,0
1786404035539,15000,die0,15000,15000,1,-1,72.9375,72.9375,0
1786404035639,15000,die0,15000,15000,1,-1,72.9375,72.9375,0
1786404035739,15000,die0,15000,15000,1,-1,72.9375,72.9375,0
1786404035839,15000,die0,15000,15000,1,-1,72.9375,72.9375,0
1786404035939,15000,die0,15000,15000,1,-1,72.9375,72.9375,0
1786404036039,15000,die0,15000,15000,1,-1,73,73,0
1786404036139,15000,die0,15000,15000,1,-1,73,73,0
1786404036239,15000,die0,15000,15000,1,-1,73,73,0
1786404036339,15000,die0,15000,15000,1,-1,73,73,0
1786404036439,15000,die0,15000,15000,1,-1,73,73,0
1786404036539,15000,die0,15000,15000,1,-1,73,73,0
1786404036642,15000,die0,15000,15000,1,-1,73,73,0
1786404036739,15000,die0,15000,15000,1,-1,73,73,0
1786404036839,15000,die0,15000,15000,1,-1,73,73,0
1786404036939,15000,die0,15000,15000,1,-1,73,73,0
1786404037039,15000,die0,15000,15000,1,-1,73.0625,73.0625,0
1786404037139,15000,die0,15000,15000,1,-1,73.0625,73.0625,0
1786404037239,15000,die0,15000,15000,1,-1,73.0625,73.0625,0
1786404037339,15000,die0,15000,15000,1,-1,73.0625,73.0625,0
1786404037439,15000,die0,15000,15000,1,-1,73.0625,73.0625,0
1786404037539,15000,die0,15000,15000,1,-1,73.0625,73.0625,0
1786404037639,15000,die0,15000,15000,1,-1,73.0625,73.0625,0
1786404037739,15000,die0,15000,15000,1,-1,73.0625,73.0625,0
1786404037839,15000,die0,15000,15000,1,-1,73.0625,73.0625,0
1786404037939,15000,die0,15000,15000,1,-1,73.0625,73.0625,0
1786404038039,15000,die0,15000,15000,1,-1,73,73,0
1786404038139,15000,die0,15000,15000,1,-1,73,73,0
1786404038239,15000,die0,15000,15000,1,-1,73,73,0
1786404038339,15000,die0,15000,15000,1,-1,73,73,0
1786404038439,15000,die0,15000,15000,1,-1,73,73,0
1786404038539,15000,die0,15000,15000,1,-1,73,73,0
1786404038639,15000,die0,15000,15000,1,-1,73,73,0
1786404038739,15000,die0,15000,15000,1,-1,73,73,0
1786404038839,15000,die0,15000,15000,1,-1,73,73,0
1786404038939,15000,die0,15000,15000,1,-1,73,73,0
1786404039039,15000,die0,15000,15000,1,-1,73.0625,73.0625,0
1786404039139,15000,die0,15000,15000,1,-1,73.0625,73.0625,0
1786404039239,15000,die0,15000,15000,1,-1,73.0625,73.0625,0
1786404039339,15000,die0,15000,15000,1,-1,73.0625,73.0625,0
1786404039439,15000,die0,15000,15000,1,-1,73.0625,73.0625,0
1786404039539,15000,die0,15000,15000,1,-1,73.0625,73.0625,0
1786404039639,15000,die0,15000,15000,1,-1,73.0625,73.0625,0
1786404039739,15000,die0,15000,15000,1,-1,73.0625,73.0625,0
1786404039839,15000,die0,15000,15000,1,-1,73.0625,73.0625,0
1786404039939,15000,die0,15000,15000,1,-1,73.0625,73.0625,0
1786404040039,15000,die0,15000,15000,1,-1,73,73,0
1786404040139,15000,die0,15000,15000,1,-1,73,73,0
1786404040239,15000,die0,15000,15000,1,-1,73,73,0
1786404040339,15000,die0,15000,15000,1,-1,73,73,0
1786404040439,15000,die0,15000,15000,1,-1,73,73,0
1786404040539,15000,die0,15000,15000,1,-1,73,73,0
1786404040639,15000,die0,15000,15000,1,-1,73,73,0
1786404040739,15000,die0,15000,15000,1,-1,73,73,0
1786404040839,15000,die0,15000,15000,1,-1,73,73,0
1786404040939,15000,die0,15000,15000,1,-1,73,73,0
1786404041039,15000,die0,15000,15000,1,-1,73.0625,73.0625,0
1786404041139,15000,die0,15000,15000,1,-1,73.0625,73.0625,0
1786404041239,15000,die0,15000,15000,1,-1,73.0625,73.0625,0
1786404041342,15000,die0,15000,15000,1,-1,73.0625,73.0625,0
1786404041439,15000,die0,15000,15000,1,-1,73.0625,73.0625,0
1786404041539,15000,die0,15000,15000,1,-1,73.0625,73.0625,0
1786404041639,15000,die0,15000,15000,1,-1,73.0625,73.0625,0
1786404041739,15000,die0,15000,15000,1,-1,73.0625,73.0625,0
1786404041839,15000,die0,15000,15000,1,-1,73.0625,73.0625,0
1786404041939,15000,die0,15000,15000,1,-1,73.0625,73.0625,0
1786404042039,15000,die0,15000,15000,1,-1,73.0625,73.0625,0
1786404042139,15000,die0,15000,15000,1,-1,73.0625,73.0625,0
1786404042239,15000,die0,15000,15000,1,-1,73.0625,73.0625,0
1786404042339,15000,die0,15000,15000,1,-1,73.0625,73.0625,0
1786404042439,15000,die0,15000,15000,1,-1,73.0625,73.0625,0
1786404042539,15000,die0,15000,15000,1,-1,73.0625,73.0625,0
1786404042639,15000,die0,15000,15000,1,-1,73.0625,73.0625,0
1786404042739,15000,die0,15000,15000,1,-1,73.0625,73.0625,0
1786404042839,15000,die0,15000,15000,1,-1,73.0625,73.0625,0
1786404042939,15000,die0,15000,15000,1,-1,73.0625,73.0625,0
1786404043039,15000,die0,15000,15000,1,-1,73.125,73.125,0
1786404043139,15000,die0,15000,15000,1,-1,73.125,73.125,0
1786404043239,15000,die0,15000,15000,1,-1,73.125,73.125,0
1786404043339,15000,die0,15000,15000,1,-1,73.125,73.125,0
1786404043439,15000,die0,15000,15000,1,-1,73.125,73.125,0
1786404043539,15000,die0,15000,15000,1,-1,73.125,73.125,0
1786404043639,15000,die0,15000,15000,1,-1,73.125,73.125,0
1786404043742,15000,die0,15000,15000,1,-1,73.125,73.125,0
1786404043839,15000,die0,15000,15000,1,-1,73.125,73.125,0
1786404043939,15000,die0,15000,15000,1,-1,73.125,73.125,0
1786404044039,15000,die0,15000,15000,1,-1,72.9375,72.9375,0
1786404044139,15000,die0,15000,15000,1,-1,72.9375,72.9375,0
1786404044239,15000,die0,15000,15000,1,-1,72.9375,72.9375,0
1786404044339,15000,die0,15000,15000,1,-1,72.9375,72.9375,0
1786404044439,15000,die0,15000,15000,1,-1,72.9375,72.9375,0
1786404044539,15000,die0,15000,15000,1,-1,72.9375,72.9375,0
1786404044639,15000,die0,15000,15000,1,-1,72.9375,72.9375,0
1786404044739,15000,die0,15000,15000,1,-1,72.9375,72.9375,0
1786404044839,15000,die0,15000,15000,1,-1,72.9375,72.9375,0
1786404044939,15000,die0,15000,15000,1,-1,72.9375,72.9375,0
1786404045039,15000,die0,15000,15000,1,-1,72.9375,72.9375,0
1786404045142,15000,die0,15000,15000,1,-1,72.9375,72.9375,0
1786404045239,15000,die0,15000,15000,1,-1,72.9375,72.9375,0
1786404045339,15000,die0,15000,15000,1,-1,72.9375,72.9375,0
1786404045439,15000,die0,15000,15000,1,-1,72.9375,72.9375,0
1786404045539,15000,die0,15000,15000,1,-1,72.9375,72.9375,0
1786404045639,15000,die0,15000,15000,1,-1,72.9375,72.9375,0
1786404045739,15000,die0,15000,15000,1,-1,72.9375,72.9375,0
1786404045839,15000,die0,15000,15000,1,-1,72.9375,72.9375,0
1786404045939,15000,die0,15000,15000,1,-1,72.9375,72.9375,0
1786404046039,15000,die0,15000,15000,1,-1,73.0625,73.0625,0
1786404046139,15000,die0,15000,15000,1,-1,73.0625,73.0625,0
1786404046239,15000,die0,15000,15000,1,-1,73.0625,73.0625,0
1786404046339,15000,die0,15000,15000,1,-1,73.0625,73.0625,0
1786404046439,15000,die0,15000,15000,1,-1,73.0625,73.0625,0
1786404046539,15000,die0,15000,15000,1,-1,73.0625,73.0625,0
1786404046639,15000,die0,15000,15000,1,-1,73.0625,73.0625,0
1786404046739,15000,die0,15000,15000,1,-1,73.0625,73.0625,0
1786404046839,15000,die0,15000,15000,1,-1,73.0625,73.0625,0
1786404046939,15000,die0,15000,15000,1,-1,73.0625,73.0625,0
1786404047039,15000,die0,15000,15000,1,-1,73.0625,73.0625,0
1786404047139,15000,die0,15000,15000,1,-1,73.0625,73.0625,0
1786404047239,15000,die0,15000,15000,1,-1,73.0625,73.0625,0
1786404047339,15000,die0,15000,15000,1,-1,73.0625,73.0625,0
1786404047439,15000,die0,15000,15000,1,-1,73.0625,73.0625,0
1786404047539,15000,die0,15000,15000,1,-1,73.0625,73.0625,0
1786404047639,15000,die0,15000,15000,1,-1,73.0625,73.0625,0
1786404047739,15000,die0,15000,15000,1,-1,73.0625,73.0625,0
1786404047839,15000,die0,15000,15000,1,-1,73.0625,73.0625,0
1786404047939,15000,die0,15000,15000,1,-1,73.0625,73.0625,0
1786404048039,15000,die0,15000,15000,1,-1,73.0625,73.0625,0
1786404048139,15000,die0,15000,15000,1,-1,73.0625,73.0625,0
1786404048239,15000,die0,15000,15000,1,-1,73.0625,73.0625,0
1786404048339,15000,die0,15000,15000,1,-1,73.0625,73.0625,0
1786404048439,15000,die0,15000,15000,1,-1,73.0625,73.0625,0
1786404048539,15000,die0,15000,15000,1,-1,73.0625,73.0625,0
1786404048639,15000,die0,15000,15000,1,-1,73.0625,73.0625,0
1786404048742,15000,die0,15000,15000,1,-1,73.0625,73.0625,0
1786404048839,15000,die0,15000,15000,1,-1,73.0625,73.0625,0
1786404048939,15000,die0,15000,15000,1,-1,73.0625,73.0625,0
1786404049039,15000,die0,15000,15000,1,-1,73,73,0
1786404049139,15000,die0,15000,15000,1,-1,73,73,0
1786404049239,15000,die0,15000,15000,1,-1,73,73,0
1786404049339,15000,die0,15000,15000,1,-1,73,73,0
1786404049439,15000,die0,15000,15000,1,-1,73,73,0
1786404049539,15000,die0,15000,15000,1,-1,73,73,0
1786404049639,15000,die0,15000,15000,1,-1,73,73,0
1786404049739,15000,die0,15000,15000,1,-1,73,73,0
1786404049839,15000,die0,15000,15000,1,-1,73,73,0
1786404049939,15000,die0,15000,15000,1,-1,73,73,0
1786404050039,15000,die0,15000,15000,1,-1,73,73,0
1786404050139,15000,die0,15000,15000,1,-1,73,73,0
1786404050239,15000,die0,15000,15000,1,-1,73,73,0
1786404050339,15000,die0,15000,15000,1,-1,73,73,0
1786404050439,15000,die0,15000,15000,1,-1,73,73,0
1786404050539,15000,die0,15000,15000,1,-1,73,73,0
1786404050639,15000,die0,15000,15000,1,-1,73,73,0
1786404050739,15000,die0,15000,15000,1,-1,73,73,0
1786404050839,15000,die0,15000,15000,1,-1,73,73,0
1786404050939,15000,die0,15000,15000,1,-1,73,73,0
1786404051039,15000,die0,15000,15000,1,-1,72.9375,72.9375,0
1786404051139,15000,die0,15000,15000,1,-1,72.9375,72.9375,0
1786404051239,15000,die0,15000,15000,1,-1,72.9375,72.9375,0
1786404051339,15000,die0,15000,15000,1,-1,72.9375,72.9375,0
1786404051439,15000,die0,15000,15000,1,-1,72.9375,72.9375,0
1786404051542,15000,die0,15000,15000,1,-1,72.9375,72.9375,0
1786404051639,15000,die0,15000,15000,1,-1,72.9375,72.9375,0
1786404051739,15000,die0,15000,15000,1,-1,72.9375,72.9375,0
1786404051839,15000,die0,15000,15000,1,-1,72.9375,72.9375,0
1786404051939,15000,die0,15000,15000,1,-1,72.9375,72.9375,0
1786404052039,15000,die0,15000,15000,1,-1,73,73,0
1786404052139,15000,die0,15000,15000,1,-1,73,73,0
1786404052239,15000,die0,15000,15000,1,-1,73,73,0
1786404052339,15000,die0,15000,15000,1,-1,73,73,0
1786404052439,15000,die0,15000,15000,1,-1,73,73,0
1786404052539,15000,die0,15000,15000,1,-1,73,73,0
1786404052639,15000,die0,15000,15000,1,-1,73,73,0
1786404052739,15000,die0,15000,15000,1,-1,73,73,0
1786404052839,15000,die0,15000,15000,1,-1,73,73,0
1786404052939,15000,die0,15000,15000,1,-1,73,73,0
1786404053039,15000,die0,15000,15000,1,-1,73.0625,73.0625,0
1786404053139,15000,die0,15000,15000,1,-1,73.0625,73.0625,0
1786404053239,15000,die0,15000,15000,1,-1,73.0625,73.0625,0
1786404053339,15000,die0,15000,15000,1,-1,73.0625,73.0625,0
1786404053439,15000,die0,15000,15000,1,-1,73.0625,73.0625,0
1786404053539,15000,die0,15000,15000,1,-1,73.0625,73.0625,0
1786404053639,15000,die0,15000,15000,1,-1,73.0625,73.0625,0
1786404053739,15000,die0,15000,15000,1,-1,73.0625,73.0625,0
1786404053839,15000,die0,15000,15000,1,-1,73.0625,73.0625,0
1786404053939,15000,die0,15000,15000,1,-1,73.0625,73.0625,0
1786404054039,15000,die0,15000,15000,1,-1,73,73,0
1786404054139,15000,die0,15000,15000,1,-1,73,73,0
1786404054239,15000,die0,15000,15000,1,-1,73,73,0
1786404054339,15000,die0,15000,15000,1,-1,73,73,0
1786404054439,15000,die0,15000,15000,1,-1,73,73,0
1786404054539,15000,die0,15000,15000,1,-1,73,73,0
1786404054639,15000,die0,15000,15000,1,-1,73,73,0
1786404054739,15000,die0,15000,15000,1,-1,73,73,0
1786404054839,15000,die0,15000,15000,1,-1,73,73,0
1786404054939,15000,die0,15000,15000,1,-1,73,73,0
1786404055039,15000,die0,15000,15000,1,-1,73,73,0
1786404055139,15000,die0,15000,15000,1,-1,73,73,0
1786404055242,15000,die0,15000,15000,1,-1,73,73,0
1786404055339,15000,die0,15000,15000,1,-1,73,73,0
1786404055439,15000,die0,15000,15000,1,-1,73,73,0
1786404055539,15000,die0,15000,15000,1,-1,73,73,0
1786404055639,15000,die0,15000,15000,1,-1,73,73,0
1786404055739,15000,die0,15000,15000,1,-1,73,73,0
1786404055839,15000,die0,15000,15000,1,-1,73,73,0
1786404055939,15000,die0,15000,15000,1,-1,73,73,0
1786404056039,15000,die0,15000,15000,1,-1,73.125,73.125,0
1786404056139,15000,die0,15000,15000,1,-1,73.125,73.125,0
1786404056239,15000,die0,15000,15000,1,-1,73.125,73.125,0
1786404056339,15000,die0,15000,15000,1,-1,73.125,73.125,0
1786404056439,15000,die0,15000,15000,1,-1,73.125,73.125,0
1786404056539,15000,die0,15000,15000,1,-1,73.125,73.125,0
1786404056639,15000,die0,15000,15000,1,-1,73.125,73.125,0
1786404056739,15000,die0,15000,15000,1,-1,73.125,73.125,0
1786404056839,15000,die0,15000,15000,1,-1,73.125,73.125,0
1786404056939,15000,die0,15000,15000,1,-1,73.125,73.125,0
1786404057039,15000,die0,15000,15000,1,-1,73,73,0
1786404057139,15000,die0,15000,15000,1,-1,73,73,0
1786404057239,15000,die0,15000,15000,1,-1,73,73,0
1786404057339,15000,die0,15000,15000,1,-1,73,73,0
1786404057439,15000,die0,15000,15000,1,-1,73,73,0
1786404057539,15000,die0,15000,15000,1,-1,73,73,0
1786404057639,15000,die0,15000,15000,1,-1,73,73,0
1786404057739,15000,die0,15000,15000,1,-1,73,73,0
1786404057839,15000,die0,15000,15000,1,-1,73,73,0
1786404057939,15000,die0,15000,15000,1,-1,73,73,0
1786404058039,15000,die0,15000,15000,1,-1,72.9375,72.9375,0
1786404058139,15000,die0,15000,15000,1,-1,72.9375,72.9375,0
1786404058239,15000,die0,15000,15000,1,-1,72.9375,72.9375,0
1786404058339,15000,die0,15000,15000,1,-1,72.9375,72.9375,0
1786404058439,15000,die0,15000,15000,1,-1,72.9375,72.9375,0
1786404058539,15000,die0,15000,15000,1,-1,72.9375,72.9375,0
1786404058639,15000,die0,15000,15000,1,-1,72.9375,72.9375,0
1786404058739,15000,die0,15000,15000,1,-1,72.9375,72.9375,0
1786404058839,15000,die0,15000,15000,1,-1,72.9375,72.9375,0
1786404058939,15000,die0,15000,15000,1,-1,72.9375,72.9375,0
1786404059039,15000,die0,15000,15000,1,-1,73,73,0
1786404059139,15000,die0,15000,15000,1,-1,73,73,0
1786404059239,15000,die0,15000,15000,1,-1,73,73,0
1786404059339,15000,die0,15000,15000,1,-1,73,73,0
1786404059439,15000,die0,15000,15000,1,-1,73,73,0
1786404059539,15000,die0,15000,15000,1,-1,73,73,0
1786404059642,15000,die0,15000,15000,1,-1,73,73,0
1786404059739,15000,die0,15000,15000,1,-1,73,73,0
1786404059839,15000,die0,15000,15000,1,-1,73,73,0
1786404059939,15000,die0,15000,15000,1,-1,73,73,0
1786404060039,15000,die0,15000,15000,1,-1,72.9375,72.9375,0
1786404060139,15000,die0,15000,15000,1,-1,72.9375,72.9375,0
1786404060239,15000,die0,15000,15000,1,-1,72.9375,72.9375,0
1786404060339,15000,die0,15000,15000,1,-1,72.9375,72.9375,0
1786404060439,15000,die0,15000,15000,1,-1,72.9375,72.9375,0
1786404060539,15000,die0,15000,15000,1,-1,72.9375,72.9375,0
1786404060639,15000,die0,15000,15000,1,-1,72.9375,72.9375,0
1786404060739,15000,die0,15000,15000,1,-1,72.9375,72.9375,0
1786404060839,15000,die0,15000,15000,1,-1,72.9375,72.9375,0
1786404060939,15000,die0,15000,15000,1,-1,72.9375,72.9375,0
1786404061039,15000,die0,15000,15000,1,-1,73.0625,73.0625,0
1786404061139,15000,die0,15000,15000,1,-1,73.0625,73.0625,0
1786404061239,15000,die0,15000,15000,1,-1,73.0625,73.0625,0
1786404061339,15000,die0,15000,15000,1,-1,73.0625,73.0625,0
1786404061439,15000,die0,15000,15000,1,-1,73.0625,73.0625,0
1786404061539,15000,die0,15000,15000,1,-1,73.0625,73.0625,0
1786404061639,15000,die0,15000,15000,1,-1,73.0625,73.0625,0
1786404061739,15000,die0,15000,15000,1,-1,73.0625,73.0625,0
1786404061839,15000,die0,15000,15000,1,-1,73.0625,73.0625,0
1786404061939,15000,die0,15000,15000,1,-1,73.0625,73.0625,0
1786404062039,15000,die0,15000,15000,1,-1,73.0625,73.0625,0
1786404062139,15000,die0,15000,15000,1,-1,73.0625,73.0625,0
1786404062239,15000,die0,15000,15000,1,-1,73.0625,73.0625,0
1786404062339,15000,die0,15000,15000,1,-1,73.0625,73.0625,0
1786404062439,15000,die0,15000,15000,1,-1,73.0625,73.0625,0
1786404062539,15000,die0,15000,15000,1,-1,73.0625,73.0625,0
1786404062639,15000,die0,15000,15000,1,-1,73.0625,73.0625,0
1786404062739,15000,die0,15000,15000,1,-1,73.0625,73.0625,0
1786404062839,15000,die0,15000,15000,1,-1,73.0625,73.0625,0
1786404062939,15000,die0,15000,15000,1,-1,73.0625,73.0625,0
1786404063039,15000,die0,15000,15000,1,-1,73.0625,73.0625,0
1786404063139,15000,die0,15000,15000,1,-1,73.0625,73.0625,0
1786404063239,15000,die0,15000,15000,1,-1,73.0625,73.0625,0
1786404063339,15000,die0,15000,15000,1,-1,73.0625,73.0625,0
1786404063439,15000,die0,15000,15000,1,-1,73.0625,73.0625,0
1786404063539,15000,die0,15000,15000,1,-1,73.0625,73.0625,0
1786404063642,15000,die0,15000,15000,1,-1,73.0625,73.0625,0
1786404063739,15000,die0,15000,15000,1,-1,73.0625,73.0625,0
1786404063839,15000,die0,15000,15000,1,-1,73.0625,73.0625,0
1786404063939,15000,die0,15000,15000,1,-1,73.0625,73.0625,0
1786404064039,15000,die0,15000,15000,1,-1,73,73,0
1786404064139,15000,die0,15000,15000,1,-1,73,73,0
1786404064239,15000,die0,15000,15000,1,-1,73,73,0
1786404064339,15000,die0,15000,15000,1,-1,73,73,0
1786404064439,15000,die0,15000,15000,1,-1,73,73,0
1786404064539,15000,die0,15000,15000,1,-1,73,73,0
1786404064639,15000,die0,15000,15000,1,-1,73,73,0
1786404064739,15000,die0,15000,15000,1,-1,73,73,0
1786404064839,15000,die0,15000,15000,1,-1,73,73,0
1786404064939,15000,die0,15000,15000,1,-1,73,73,0
1786404065042,15000,die0,15000,15000,1,-1,73,73,0
1786404065139,15000,die0,15000,15000,1,-1,73,73,0
1786404065239,15000,die0,15000,15000,1,-1,73,73,0
1786404065339,15000,die0,15000,15000,1,-1,73,73,0
1786404065439,15000,die0,15000,15000,1,-1,73,73,0
1786404065539,15000,die0,15000,15000,1,-1,73,73,0
1786404065639,15000,die0,15000,15000,1,-1,73,73,0
1786404065739,15000,die0,15000,15000,1,-1,73,73,0
1786404065839,15000,die0,15000,15000,1,-1,73,73,0
1786404065939,15000,die0,15000,15000,1,-1,73,73,0
1786404066039,15000,die0,15000,15000,1,-1,72.9375,72.9375,0
1786404066139,15000,die0,15000,15000,1,-1,72.9375,72.9375,0
1786404066239,15000,die0,15000,15000,1,-1,72.9375,72.9375,0
1786404066342,15000,die0,15000,15000,1,-1,72.9375,72.9375,0
1786404066439,15000,die0,15000,15000,1,-1,72.9375,72.9375,0
1786404066539,15000,die0,15000,15000,1,-1,72.9375,72.9375,0
1786404066639,15000,die0,15000,15000,1,-1,72.9375,72.9375,0
1786404066739,15000,die0,15000,15000,1,-1,72.9375,72.9375,0
1786404066839,15000,die0,15000,15000,1,-1,72.9375,72.9375,0
1786404066939,15000,die0,15000,15000,1,-1,72.9375,72.9375,0
1786404067039,15000,die0,15000,15000,1,-1,72.9375,72.9375,0
1786404067139,15000,die0,15000,15000,1,-1,72.9375,72.9375,0
1786404067239,15000,die0,15000,15000,1,-1,72.9375,72.9375,0
1786404067339,15000,die0,15000,15000,1,-1,72.9375,72.9375,0
1786404067439,15000,die0,15000,15000,1,-1,72.9375,72.9375,0
1786404067539,15000,die0,15000,15000,1,-1,72.9375,72.9375,0
1786404067639,15000,die0,15000,15000,1,-1,72.9375,72.9375,0
1786404067739,15000,die0,15000,15000,1,-1,72.9375,72.9375,0
1786404067839,15000,die0,15000,15000,1,-1,72.9375,72.9375,0
1786404067939,15000,die0,15000,15000,1,-1,72.9375,72.9375,0
1786404068039,15000,die0,15000,15000,1,-1,73,73,0
1786404068142,15000,die0,15000,15000,1,-1,73,73,0
1786404068239,15000,die0,15000,15000,1,-1,73,73,0
1786404068339,15000,die0,15000,15000,1,-1,73,73,0
1786404068442,15000,die0,15000,15000,1,-1,73,73,0
1786404068539,15000,die0,15000,15000,1,-1,73,73,0
1786404068639,15000,die0,15000,15000,1,-1,73,73,0
1786404068739,15000,die0,15000,15000,1,-1,73,73,0
1786404068839,15000,die0,15000,15000,1,-1,73,73,0
1786404068939,15000,die0,15000,15000,1,-1,73,73,0
1786404069039,15000,die0,15000,15000,1,-1,73.0625,73.0625,0
1786404069139,15000,die0,15000,15000,1,-1,73.0625,73.0625,0
1786404069239,15000,die0,15000,15000,1,-1,73.0625,73.0625,0
1786404069339,15000,die0,15000,15000,1,-1,73.0625,73.0625,0
1786404069439,15000,die0,15000,15000,1,-1,73.0625,73.0625,0
1786404069539,15000,die0,15000,15000,1,-1,73.0625,73.0625,0
1786404069639,15000,die0,15000,15000,1,-1,73.0625,73.0625,0
1786404069739,15000,die0,15000,15000,1,-1,73.0625,73.0625,0
1786404069839,15000,die0,15000,15000,1,-1,73.0625,73.0625,0
1786404069939,15000,die0,15000,15000,1,-1,73.0625,73.0625,0
1786404070039,15000,die0,15000,15000,1,-1,73,73,0
1786404070139,15000,die0,15000,15000,1,-1,73,73,0
1786404070239,15000,die0,15000,15000,1,-1,73,73,0
1786404070339,15000,die0,15000,15000,1,-1,73,73,0
1786404070439,15000,die0,15000,15000,1,-1,73,73,0
1786404070539,15000,die0,15000,15000,1,-1,73,73,0
1786404070639,15000,die0,15000,15000,1,-1,73,73,0
1786404070739,15000,die0,15000,15000,1,-1,73,73,0
1786404070839,15000,die0,15000,15000,1,-1,73,73,0
1786404070939,15000,die0,15000,15000,1,-1,73,73,0
1786404071039,15000,die0,15000,15000,1,-1,73,73,0
1786404071139,15000,die0,15000,15000,1,-1,73,73,0
1786404071239,15000,die0,15000,15000,1,-1,73,73,0
1786404071339,15000,die0,15000,15000,1,-1,73,73,0
1786404071439,15000,die0,15000,15000,1,-1,73,73,0
1786404071539,15000,die0,15000,15000,1,-1,73,73,0
1786404071639,15000,die0,15000,15000,1,-1,73,73,0
1786404071739,15000,die0,15000,15000,1,-1,73,73,0
1786404071839,15000,die0,15000,15000,1,-1,73,73,0
1786404071939,15000,die0,15000,15000,1,-1,73,73,0
1786404072039,15000,die0,15000,15000,1,-1,73.0625,73.0625,0
1786404072139,15000,die0,15000,15000,1,-1,73.0625,73.0625,0
1786404072239,15000,die0,15000,15000,1,-1,73.0625,73.0625,0
1786404072339,15000,die0,15000,15000,1,-1,73.0625,73.0625,0
1786404072439,15000,die0,15000,15000,1,-1,73.0625,73.0625,0
1786404072539,15000,die0,15000,15000,1,-1,73.0625,73.0625,0
1786404072639,15000,die0,15000,15000,1,-1,73.0625,73.0625,0
1786404072739,15000,die0,15000,15000,1,-1,73.0625,73.0625,0
1786404072839,15000,die0,15000,15000,1,-1,73.0625,73.0625,0
1786404072939,15000,die0,15000,15000,1,-1,73.0625,73.0625,0
1786404073039,15000,die0,15000,15000,1,-1,73,73,0
1786404073139,15000,die0,15000,15000,1,-1,73,73,0
1786404073239,15000,die0,15000,15000,1,-1,73,73,0
1786404073339,15000,die0,15000,15000,1,-1,73,73,0
1786404073439,15000,die0,15000,15000,1,-1,73,73,0
1786404073539,15000,die0,15000,15000,1,-1,73,73,0
1786404073639,15000,die0,15000,15000,1,-1,73,73,0
1786404073739,15000,die0,15000,15000,1,-1,73,73,0
1786404073842,15000,die0,15000,15000,1,-1,73,73,0
1786404073939,15000,die0,15000,15000,1,-1,73,73,0
1786404074039,15000,die0,15000,15000,1,-1,73,73,0
1786404074139,15000,die0,15000,15000,1,-1,73,73,0
1786404074239,15000,die0,15000,15000,1,-1,73,73,0
1786404074339,15000,die0,15000,15000,1,-1,73,73,0
1786404074439,15000,die0,15000,15000,1,-1,73,73,0
1786404074539,15000,die0,15000,15000,1,-1,73,73,0
1786404074639,15000,die0,15000,15000,1,-1,73,73,0
1786404074739,15000,die0,15000,15000,1,-1,73,73,0
1786404074839,15000,die0,15000,15000,1,-1,73,73,0
1786404074939,15000,die0,15000,15000,1,-1,73,73,0
1786404075039,15000,die0,15000,15000,1,-1,72.9375,72.9375,0
1786404075139,15000,die0,15000,15000,1,-1,72.9375,72.9375,0
1786404075239,15000,die0,15000,15000,1,-1,72.9375,72.9375,0
1786404075339,15000,die0,15000,15000,1,-1,72.9375,72.9375,0
1786404075439,15000,die0,15000,15000,1,-1,72.9375,72.9375,0
1786404075539,15000,die0,15000,15000,1,-1,72.9375,72.9375,0
1786404075639,15000,die0,15000,15000,1,-1,72.9375,72.9375,0
1786404075739,15000,die0,15000,15000,1,-1,72.9375,72.9375,0
1786404075839,15000,die0,15000,15000,1,-1,72.9375,72.9375,0
1786404075939,15000,die0,15000,15000,1,-1,72.9375,72.9375,0
1786404076039,15000,die0,15000,15000,1,-1,72.9375,72.9375,0
1786404076139,15000,die0,15000,15000,1,-1,72.9375,72.9375,0
1786404076239,15000,die0,15000,15000,1,-1,72.9375,72.9375,0
1786404076342,15000,die0,15000,15000,1,-1,72.9375,72.9375,0
1786404076439,15000,die0,15000,15000,1,-1,72.9375,72.9375,0
1786404076539,15000,die0,15000,15000,1,-1,72.9375,72.9375,0
1786404076639,15000,die0,15000,15000,1,-1,72.9375,72.9375,0
1786404076739,15000,die0,15000,15000,1,-1,72.9375,72.9375,0
1786404076839,15000,die0,15000,15000,1,-1,72.9375,72.9375,0
1786404076939,15000,die0,15000,15000,1,-1,72.9375,72.9375,0
1786404077039,15000,die0,15000,15000,1,-1,73.0625,73.0625,0
1786404077139,15000,die0,15000,15000,1,-1,73.0625,73.0625,0
1786404077239,15000,die0,15000,15000,1,-1,73.0625,73.0625,0
1786404077339,15000,die0,15000,15000,1,-1,73.0625,73.0625,0
1786404077439,15000,die0,15000,15000,1,-1,73.0625,73.0625,0
1786404077539,15000,die0,15000,15000,1,-1,73.0625,73.0625,0
1786404077639,15000,die0,15000,15000,1,-1,73.0625,73.0625,0
1786404077739,15000,die0,15000,15000,1,-1,73.0625,73.0625,0
1786404077839,15000,die0,15000,15000,1,-1,73.0625,73.0625,0
1786404077939,15000,die0,15000,15000,1,-1,73.0625,73.0625,0
1786404078039,15000,die0,15000,15000,1,-1,72.9375,72.9375,0
1786404078139,15000,die0,15000,15000,1,-1,72.9375,72.9375,0
1786404078239,15000,die0,15000,15000,1,-1,72.9375,72.9375,0
1786404078339,15000,die0,15000,15000,1,-1,72.9375,72.9375,0
1786404078439,15000,die0,15000,15000,1,-1,72.9375,72.9375,0
1786404078539,15000,die0,15000,15000,1,-1,72.9375,72.9375,0
1786404078639,15000,die0,15000,15000,1,-1,72.9375,72.9375,0
1786404078739,15000,die0,15000,15000,1,-1,72.9375,72.9375,0
1786404078839,15000,die0,15000,15000,1,-1,72.9375,72.9375,0
1786404078939,15000,die0,15000,15000,1,-1,72.9375,72.9375,0
1786404079039,15000,die0,15000,15000,1,-1,73.0625,73.0625,0
1786404079139,15000,die0,15000,15000,1,-1,73.0625,73.0625,0
1786404079239,15000,die0,15000,15000,1,-1,73.0625,73.0625,0
1786404079339,15000,die0,15000,15000,1,-1,73.0625,73.0625,0
1786404079442,15000,die0,15000,15000,1,-1,73.0625,73.0625,0
1786404079539,15000,die0,15000,15000,1,-1,73.0625,73.0625,0
1786404079639,15000,die0,15000,15000,1,-1,73.0625,73.0625,0
1786404079739,15000,die0,15000,15000,1,-1,73.0625,73.0625,0
1786404079839,15000,die0,15000,15000,1,-1,73.0625,73.0625,0
1786404079939,15000,die0,15000,15000,1,-1,73.0625,73.0625,0
1786404080039,15000,die0,15000,15000,1,-1,72.9375,72.9375,0
1786404080139,15000,die0,15000,15000,1,-1,72.9375,72.9375,0
1786404080239,15000,die0,15000,15000,1,-1,72.9375,72.9375,0
1786404080339,15000,die0,15000,15000,1,-1,72.9375,72.9375,0
1786404080439,15000,die0,15000,15000,1,-1,72.9375,72.9375,0
1786404080539,15000,die0,15000,15000,1,-1,72.9375,72.9375,0
1786404080639,15000,die0,15000,15000,1,-1,72.9375,72.9375,0
1786404080739,15000,die0,15000,15000,1,-1,72.9375,72.9375,0
1786404080839,15000,die0,15000,15000,1,-1,72.9375,72.9375,0
1786404080939,15000,die0,15000,15000,1,-1,72.9375,72.9375,0
1786404081039,15000,die0,15000,15000,1,-1,73,73,0
1786404081139,15000,die0,15000,15000,1,-1,73,73,0
1786404081239,15000,die0,15000,15000,1,-1,73,73,0
1786404081339,15000,die0,15000,15000,1,-1,73,73,0
1786404081439,15000,die0,15000,15000,1,-1,73,73,0
1786404081539,15000,die0,15000,15000,1,-1,73,73,0
1786404081639,15000,die0,15000,15000,1,-1,73,73,0
1786404081739,15000,die0,15000,15000,1,-1,73,73,0
1786404081839,15000,die0,15000,15000,1,-1,73,73,0
1786404081939,15000,die0,15000,15000,1,-1,73,73,0
1786404082039,15000,die0,15000,15000,1,-1,73.0625,73.0625,0
1786404082139,15000,die0,15000,15000,1,-1,73.0625,73.0625,0
1786404082239,15000,die0,15000,15000,1,-1,73.0625,73.0625,0
1786404082339,15000,die0,15000,15000,1,-1,73.0625,73.0625,0
1786404082439,15000,die0,15000,15000,1,-1,73.0625,73.0625,0
1786404082539,15000,die0,15000,15000,1,-1,73.0625,73.0625,0
1786404082639,15000,die0,15000,15000,1,-1,73.0625,73.0625,0
1786404082739,15000,die0,15000,15000,1,-1,73.0625,73.0625,0
1786404082839,15000,die0,15000,15000,1,-1,73.0625,73.0625,0
1786404082939,15000,die0,15000,15000,1,-1,73.0625,73.0625,0
1786404083039,15000,die0,15000,15000,1,-1,73.0625,73.0625,0
1786404083139,15000,die0,15000,15000,1,-1,73.0625,73.0625,0
1786404083239,15000,die0,15000,15000,1,-1,73.0625,73.0625,0
1786404083339,15000,die0,15000,15000,1,-1,73.0625,73.0625,0
1786404083442,15000,die0,15000,15000,1,-1,73.0625,73.0625,0
1786404083539,15000,die0,15000,15000,1,-1,73.0625,73.0625,0
1786404083639,15000,die0,15000,15000,1,-1,73.0625,73.0625,0
1786404083739,15000,die0,15000,15000,1,-1,73.0625,73.0625,0
1786404083839,15000,die0,15000,15000,1,-1,73.0625,73.0625,0
1786404083939,15000,die0,15000,15000,1,-1,73.0625,73.0625,0
1786404084039,15000,die0,15000,15000,1,-1,72.9375,72.9375,0
1786404084139,15000,die0,15000,15000,1,-1,72.9375,72.9375,0
1786404084239,15000,die0,15000,15000,1,-1,72.9375,72.9375,0
1786404084339,15000,die0,15000,15000,1,-1,72.9375,72.9375,0
1786404084439,15000,die0,15000,15000,1,-1,72.9375,72.9375,0
1786404084539,15000,die0,15000,15000,1,-1,72.9375,72.9375,0
1786404084639,15000,die0,15000,15000,1,-1,72.9375,72.9375,0
1786404084739,15000,die0,15000,15000,1,-1,72.9375,72.9375,0
1786404084839,15000,die0,15000,15000,1,-1,72.9375,72.9375,0
1786404084942,15000,die0,15000,15000,1,-1,72.9375,72.9375,0
1786404085039,15000,die0,15000,15000,1,-1,73.0625,73.0625,0
1786404085139,15000,die0,15000,15000,1,-1,73.0625,73.0625,0
1786404085239,15000,die0,15000,15000,1,-1,73.0625,73.0625,0
1786404085339,15000,die0,15000,15000,1,-1,73.0625,73.0625,0
1786404085442,15000,die0,15000,15000,1,-1,73.0625,73.0625,0
1786404085539,15000,die0,15000,15000,1,-1,73.0625,73.0625,0
1786404085639,15000,die0,15000,15000,1,-1,73.0625,73.0625,0
1786404085739,15000,die0,15000,15000,1,-1,73.0625,73.0625,0
1786404085839,15000,die0,15000,15000,1,-1,73.0625,73.0625,0
1786404085939,15000,die0,15000,15000,1,-1,73.0625,73.0625,0
1786404086039,15000,die0,15000,15000,1,-1,73.0625,73.0625,0
1786404086142,15000,die0,15000,15000,1,-1,73.0625,73.0625,0
1786404086239,15000,die0,15000,15000,1,-1,73.0625,73.0625,0
1786404086339,15000,die0,15000,15000,1,-1,73.0625,73.0625,0
1786404086439,15000,die0,15000,15000,1,-1,73.0625,73.0625,0
1786404086539,15000,die0,15000,15000,1,-1,73.0625,73.0625,0
1786404086639,15000,die0,15000,15000,1,-1,73.0625,73.0625,0
1786404086739,15000,die0,15000,15000,1,-1,73.0625,73.0625,0
1786404086839,15000,die0,15000,15000,1,-1,73.0625,73.0625,0
1786404086939,15000,die0,15000,15000,1,-1,73.0625,73.0625,0
1786404087039,15000,die0,15000,15000,1,-1,73.0625,73.0625,0
1786404087139,15000,die0,15000,15000,1,-1,73.0625,73.0625,0
1786404087239,15000,die0,15000,15000,1,-1,73.0625,73.0625,0
1786404087339,15000,die0,15000,15000,1,-1,73.0625,73.0625,0
1786404087439,15000,die0,15000,15000,1,-1,73.0625,73.0625,0
1786404087539,15000,die0,15000,15000,1,-1,73.0625,73.0625,0
1786404087639,15000,die0,15000,15000,1,-1,73.0625,73.0625,0
1786404087739,15000,die0,15000,15000,1,-1,73.0625,73.0625,0
1786404087839,15000,die0,15000,15000,1,-1,73.0625,73.0625,0
1786404087939,15000,die0,15000,15000,1,-1,73.0625,73.0625,0
1786404088039,15000,die0,15000,15000,1,-1,73,73,0
1786404088139,15000,die0,15000,15000,1,-1,73,73,0
1786404088239,15000,die0,15000,15000,1,-1,73,73,0
1786404088339,15000,die0,15000,15000,1,-1,73,73,0
1786404088439,15000,die0,15000,15000,1,-1,73,73,0
1786404088539,15000,die0,15000,15000,1,-1,73,73,0
1786404088639,15000,die0,15000,15000,1,-1,73,73,0
1786404088739,15000,die0,15000,15000,1,-1,73,73,0
1786404088839,15000,die0,15000,15000,1,-1,73,73,0
1786404088939,15000,die0,15000,15000,1,-1,73,73,0
1786404089039,15000,die0,15000,15000,1,-1,73,73,0
1786404089139,15000,die0,15000,15000,1,-1,73,73,0
1786404089239,15000,die0,15000,15000,1,-1,73,73,0
1786404089339,15000,die0,15000,15000,1,-1,73,73,0
1786404089439,15000,die0,15000,15000,1,-1,73,73,0
1786404089539,15000,die0,15000,15000,1,-1,73,73,0
1786404089639,15000,die0,15000,15000,1,-1,73,73,0
1786404089739,15000,die0,15000,15000,1,-1,73,73,0
1786404089839,15000,die0,15000,15000,1,-1,73,73,0
1786404089939,15000,die0,15000,15000,1,-1,73,73,0
1786404090039,15000,die0,15000,15000,1,-1,73,73,0
1786404090139,15000,die0,15000,15000,1,-1,73,73,0
1786404090239,15000,die0,15000,15000,1,-1,73,73,0
1786404090339,15000,die0,15000,15000,1,-1,73,73,0
1786404090439,15000,die0,15000,15000,1,-1,73,73,0
1786404090539,15000,die0,15000,15000,1,-1,73,73,0
1786404090639,15000,die0,15000,15000,1,-1,73,73,0
1786404090739,15000,die0,15000,15000,1,-1,73,73,0
1786404090839,15000,die0,15000,15000,1,-1,73,73,0
1786404090939,15000,die0,15000,15000,1,-1,73,73,0
1786404091039,15000,die0,15000,15000,1,-1,72.9375,72.9375,0
1786404091142,15000,die0,15000,15000,1,-1,72.9375,72.9375,0
1786404091239,15000,die0,15000,15000,1,-1,72.9375,72.9375,0
1786404091339,15000,die0,15000,15000,1,-1,72.9375,72.9375,0
1786404091439,15000,die0,15000,15000,1,-1,72.9375,72.9375,0
1786404091539,15000,die0,15000,15000,1,-1,72.9375,72.9375,0
1786404091639,15000,die0,15000,15000,1,-1,72.9375,72.9375,0
1786404091739,15000,die0,15000,15000,1,-1,72.9375,72.9375,0
1786404091839,15000,die0,15000,15000,1,-1,72.9375,72.9375,0
1786404091939,15000,die0,15000,15000,1,-1,72.9375,72.9375,0
1786404092039,15000,die0,15000,15000,1,-1,73.0625,73.0625,0
1786404092139,15000,die0,15000,15000,1,-1,73.0625,73.0625,0
1786404092239,15000,die0,15000,15000,1,-1,73.0625,73.0625,0
1786404092339,15000,die0,15000,15000,1,-1,73.0625,73.0625,0
1786404092439,15000,die0,15000,15000,1,-1,73.0625,73.0625,0
1786404092539,15000,die0,15000,15000,1,-1,73.0625,73.0625,0
1786404092639,15000,die0,15000,15000,1,-1,73.0625,73.0625,0
1786404092742,15000,die0,15000,15000,1,-1,73.0625,73.0625,0
1786404092839,15000,die0,15000,15000,1,-1,73.0625,73.0625,0
1786404092939,15000,die0,15000,15000,1,-1,73.0625,73.0625,0
1786404093039,15000,die0,15000,15000,1,-1,73.0625,73.0625,0
1786404093139,15000,die0,15000,15000,1,-1,73.0625,73.0625,0
1786404093239,15000,die0,15000,15000,1,-1,73.0625,73.0625,0
1786404093339,15000,die0,15000,15000,1,-1,73.0625,73.0625,0
1786404093439,15000,die0,15000,15000,1,-1,73.0625,73.0625,0
1786404093539,15000,die0,15000,15000,1,-1,73.0625,73.0625,0
1786404093642,15000,die0,15000,15000,1,-1,73.0625,73.0625,0
1786404093739,15000,die0,15000,15000,1,-1,73.0625,73.0625,0
1786404093839,15000,die0,15000,15000,1,-1,73.0625,73.0625,0
1786404093939,15000,die0,15000,15000,1,-1,73.0625,73.0625,0
1786404094039,15000,die0,15000,15000,1,-1,73.0625,73.0625,0
1786404094139,15000,die0,15000,15000,1,-1,73.0625,73.0625,0
1786404094239,15000,die0,15000,15000,1,-1,73.0625,73.0625,0
1786404094339,15000,die0,15000,15000,1,-1,73.0625,73.0625,0
1786404094439,15000,die0,15000,15000,1,-1,73.0625,73.0625,0
1786404094539,15000,die0,15000,15000,1,-1,73.0625,73.0625,0
1786404094639,15000,die0,15000,15000,1,-1,73.0625,73.0625,0
1786404094739,15000,die0,15000,15000,1,-1,73.0625,73.0625,0
1786404094839,15000,die0,15000,15000,1,-1,73.0625,73.0625,0
1786404094942,15000,die0,15000,15000,1,-1,73.0625,73.0625,0
1786404095039,15000,die0,15000,15000,1,-1,73,73,0
1786404095139,15000,die0,15000,15000,1,-1,73,73,0
1786404095239,15000,die0,15000,15000,1,-1,73,73,0
1786404095339,15000,die0,15000,15000,1,-1,73,73,0
1786404095439,15000,die0,15000,15000,1,-1,73,73,0
1786404095539,15000,die0,15000,15000,1,-1,73,73,0
1786404095639,15000,die0,15000,15000,1,-1,73,73,0
1786404095739,15000,die0,15000,15000,1,-1,73,73,0
1786404095839,15000,die0,15000,15000,1,-1,73,73,0
1786404095939,15000,die0,15000,15000,1,-1,73,73,0
1786404096039,15000,die0,15000,15000,1,-1,73,73,0
1786404096142,15000,die0,15000,15000,1,-1,73,73,0
1786404096239,15000,die0,15000,15000,1,-1,73,73,0
1786404096339,15000,die0,15000,15000,1,-1,73,73,0
1786404096439,15000,die0,15000,15000,1,-1,73,73,0
1786404096539,15000,die0,15000,15000,1,-1,73,73,0
1786404096639,15000,die0,15000,15000,1,-1,73,73,0
1786404096739,15000,die0,15000,15000,1,-1,73,73,0
1786404096839,15000,die0,15000,15000,1,-1,73,73,0
1786404096939,15000,die0,15000,15000,1,-1,73,73,0
1786404097039,15000,die0,15000,15000,1,-1,73,73,0
1786404097139,15000,die0,15000,15000,1,-1,73,73,0
1786404097239,15000,die0,15000,15000,1,-1,73,73,0
1786404097339,15000,die0,15000,15000,1,-1,73,73,0
1786404097439,15000,die0,15000,15000,1,-1,73,73,0
1786404097539,15000,die0,15000,15000,1,-1,73,73,0
1786404097642,15000,die0,15000,15000,1,-1,73,73,0
1786404097739,15000,die0,15000,15000,1,-1,73,73,0
1786404097839,15000,die0,15000,15000,1,-1,73,73,0
1786404097939,15000,die0,15000,15000,1,-1,73,73,0
1786404098039,15000,die0,15000,15000,1,-1,73,73,0
1786404098139,15000,die0,15000,15000,1,-1,73,73,0
1786404098239,15000,die0,15000,15000,1,-1,73,73,0
1786404098339,15000,die0,15000,15000,1,-1,73,73,0
1786404098439,15000,die0,15000,15000,1,-1,73,73,0
1786404098539,15000,die0,15000,15000,1,-1,73,73,0
1786404098639,15000,die0,15000,15000,1,-1,73,73,0
1786404098739,15000,die0,15000,15000,1,-1,73,73,0
1786404098839,15000,die0,15000,15000,1,-1,73,73,0
1786404098939,15000,die0,15000,15000,1,-1,73,73,0
1786404099039,15000,die0,15000,15000,1,-1,73,73,0
1786404099139,15000,die0,15000,15000,1,-1,73,73,0
1786404099239,15000,die0,15000,15000,1,-1,73,73,0
1786404099339,15000,die0,15000,15000,1,-1,73,73,0
1786404099439,15000,die0,15000,15000,1,-1,73,73,0
1786404099539,15000,die0,15000,15000,1,-1,73,73,0
1786404099639,15000,die0,15000,15000,1,-1,73,73,0
1786404099739,15000,die0,15000,15000,1,-1,73,73,0
1786404099839,15000,die0,15000,15000,1,-1,73,73,0
1786404099939,15000,die0,15000,15000,1,-1,73,73,0
1786404100039,15000,die0,15000,15000,1,-1,73,73,0
1786404100139,15000,die0,15000,15000,1,-1,73,73,0
1786404100239,15000,die0,15000,15000,1,-1,73,73,0
1786404100339,15000,die0,15000,15000,1,-1,73,73,0
1786404100439,15000,die0,15000,15000,1,-1,73,73,0
1786404100539,15000,die0,15000,15000,1,-1,73,73,0
1786404100639,15000,die0,15000,15000,1,-1,73,73,0
1786404100742,15000,die0,15000,15000,1,-1,73,73,0
1786404100839,15000,die0,15000,15000,1,-1,73,73,0
1786404100939,15000,die0,15000,15000,1,-1,73,73,0
1786404101039,15000,die0,15000,15000,1,-1,73.0625,73.0625,0
1786404101139,15000,die0,15000,15000,1,-1,73.0625,73.0625,0
1786404101239,15000,die0,15000,15000,1,-1,73.0625,73.0625,0
1786404101339,15000,die0,15000,15000,1,-1,73.0625,73.0625,0
1786404101439,15000,die0,15000,15000,1,-1,73.0625,73.0625,0
1786404101539,15000,die0,15000,15000,1,-1,73.0625,73.0625,0
1786404101639,15000,die0,15000,15000,1,-1,73.0625,73.0625,0
1786404101739,15000,die0,15000,15000,1,-1,73.0625,73.0625,0
1786404101839,15000,die0,15000,15000,1,-1,73.0625,73.0625,0
1786404101939,15000,die0,15000,15000,1,-1,73.0625,73.0625,0
1786404102039,15000,die0,15000,15000,1,-1,73.125,73.125,0
1786404102139,15000,die0,15000,15000,1,-1,73.125,73.125,0
1786404102239,15000,die0,15000,15000,1,-1,73.125,73.125,0
1786404102339,15000,die0,15000,15000,1,-1,73.125,73.125,0
1786404102439,15000,die0,15000,15000,1,-1,73.125,73.125,0
1786404102539,15000,die0,15000,15000,1,-1,73.125,73.125,0
1786404102639,15000,die0,15000,15000,1,-1,73.125,73.125,0
1786404102739,15000,die0,15000,15000,1,-1,73.125,73.125,0
1786404102839,15000,die0,15000,15000,1,-1,73.125,73.125,0
1786404102939,15000,die0,15000,15000,1,-1,73.125,73.125,0
1786404103039,15000,die0,15000,15000,1,-1,73,73,0
1786404103142,15000,die0,15000,15000,1,-1,73,73,0
1786404103239,15000,die0,15000,15000,1,-1,73,73,0
1786404103339,15000,die0,15000,15000,1,-1,73,73,0
1786404103439,15000,die0,15000,15000,1,-1,73,73,0
1786404103539,15000,die0,15000,15000,1,-1,73,73,0
1786404103639,15000,die0,15000,15000,1,-1,73,73,0
1786404103739,15000,die0,15000,15000,1,-1,73,73,0
1786404103839,15000,die0,15000,15000,1,-1,73,73,0
1786404103939,15000,die0,15000,15000,1,-1,73,73,0
1786404104039,15000,die0,15000,15000,1,-1,72.9375,72.9375,0
1786404104139,15000,die0,15000,15000,1,-1,72.9375,72.9375,0
1786404104239,15000,die0,15000,15000,1,-1,72.9375,72.9375,0
1786404104339,15000,die0,15000,15000,1,-1,72.9375,72.9375,0
1786404104439,15000,die0,15000,15000,1,-1,72.9375,72.9375,0
1786404104543,15000,die0,15000,15000,1,-1,72.9375,72.9375,0
1786404104639,15000,die0,15000,15000,1,-1,72.9375,72.9375,0
1786404104739,15000,die0,15000,15000,1,-1,72.9375,72.9375,0
1786404104839,15000,die0,15000,15000,1,-1,72.9375,72.9375,0
1786404104939,15000,die0,15000,15000,1,-1,72.9375,72.9375,0
1786404105040,15000,die0,15000,15000,1,-1,73,73,0
1786404105139,15000,die0,15000,15000,1,-1,73,73,0
1786404105239,15000,die0,15000,15000,1,-1,73,73,0
1786404105339,15000,die0,15000,15000,1,-1,73,73,0
1786404105439,15000,die0,15000,15000,1,-1,73,73,0
1786404105539,15000,die0,15000,15000,1,-1,73,73,0
1786404105639,15000,die0,15000,15000,1,-1,73,73,0
1786404105739,15000,die0,15000,15000,1,-1,73,73,0
1786404105839,15000,die0,15000,15000,1,-1,73,73,0
1786404105942,15000,die0,15000,15000,1,-1,73,73,0
1786404106039,15000,die0,15000,15000,1,-1,73.125,73.125,0
1786404106139,15000,die0,15000,15000,1,-1,73.125,73.125,0
1786404106239,15000,die0,15000,15000,1,-1,73.125,73.125,0
1786404106339,15000,die0,15000,15000,1,-1,73.125,73.125,0
1786404106439,15000,die0,15000,15000,1,-1,73.125,73.125,0
1786404106539,15000,die0,15000,15000,1,-1,73.125,73.125,0
1786404106639,15000,die0,15000,15000,1,-1,73.125,73.125,0
1786404106739,15000,die0,15000,15000,1,-1,73.125,73.125,0
1786404106839,15000,die0,15000,15000,1,-1,73.125,73.125,0
1786404106939,15000,die0,15000,15000,1,-1,73.125,73.125,0
1786404107039,15000,die0,15000,15000,1,-1,73.0625,73.0625,0
1786404107139,15000,die0,15000,15000,1,-1,73.0625,73.0625,0
1786404107239,15000,die0,15000,15000,1,-1,73.0625,73.0625,0
1786404107339,15000,die0,15000,15000,1,-1,73.0625,73.0625,0
1786404107439,15000,die0,15000,15000,1,-1,73.0625,73.0625,0
1786404107539,15000,die0,15000,15000,1,-1,73.0625,73.0625,0
1786404107639,15000,die0,15000,15000,1,-1,73.0625,73.0625,0
1786404107742,15000,die0,15000,15000,1,-1,73.0625,73.0625,0
1786404107839,15000,die0,15000,15000,1,-1,73.0625,73.0625,0
1786404107939,15000,die0,15000,15000,1,-1,73.0625,73.0625,0
1786404108042,15000,die0,15000,15000,1,-1,73,73,0
1786404108139,15000,die0,15000,15000,1,-1,73,73,0
1786404108239,15000,die0,15000,15000,1,-1,73,73,0
1786404108339,15000,die0,15000,15000,1,-1,73,73,0
1786404108439,15000,die0,15000,15000,1,-1,73,73,0
1786404108539,15000,die0,15000,15000,1,-1,73,73,0
1786404108639,15000,die0,15000,15000,1,-1,73,73,0
1786404108739,15000,die0,15000,15000,1,-1,73,73,0
1786404108839,15000,die0,15000,15000,1,-1,73,73,0
1786404108939,15000,die0,15000,15000,1,-1,73,73,0
1786404109039,15000,die0,15000,15000,1,-1,73.0625,73.0625,0
1786404109139,15000,die0,15000,15000,1,-1,73.0625,73.0625,0
1786404109239,15000,die0,15000,15000,1,-1,73.0625,73.0625,0
1786404109342,15000,die0,15000,15000,1,-1,73.0625,73.0625,0
1786404109439,15000,die0,15000,15000,1,-1,73.0625,73.0625,0
1786404109539,15000,die0,15000,15000,1,-1,73.0625,73.0625,0
1786404109639,15000,die0,15000,15000,1,-1,73.0625,73.0625,0
1786404109739,15000,die0,15000,15000,1,-1,73.0625,73.0625,0
1786404109839,15000,die0,15000,15000,1,-1,73.0625,73.0625,0
1786404109939,15000,die0,15000,15000,1,-1,73.0625,73.0625,0
1786404110039,15000,die0,15000,15000,1,-1,73,73,0
1786404110139,15000,die0,15000,15000,1,-1,73,73,0
1786404110239,15000,die0,15000,15000,1,-1,73,73,0
1786404110339,15000,die0,15000,15000,1,-1,73,73,0
1786404110439,15000,die0,15000,15000,1,-1,73,73,0
1786404110539,15000,die0,15000,15000,1,-1,73,73,0
1786404110639,15000,die0,15000,15000,1,-1,73,73,0
1786404110739,15000,die0,15000,15000,1,-1,73,73,0
1786404110839,15000,die0,15000,15000,1,-1,73,73,0
1786404110942,15000,die0,15000,15000,1,-1,73,73,0
1786404111039,15000,die0,15000,15000,1,-1,73.0625,73.0625,0
1786404111139,15000,die0,15000,15000,1,-1,73.0625,73.0625,0
1786404111239,15000,die0,15000,15000,1,-1,73.0625,73.0625,0
1786404111339,15000,die0,15000,15000,1,-1,73.0625,73.0625,0
1786404111439,15000,die0,15000,15000,1,-1,73.0625,73.0625,0
1786404111539,15000,die0,15000,15000,1,-1,73.0625,73.0625,0
1786404111639,15000,die0,15000,15000,1,-1,73.0625,73.0625,0
1786404111739,15000,die0,15000,15000,1,-1,73.0625,73.0625,0
1786404111839,15000,die0,15000,15000,1,-1,73.0625,73.0625,0
1786404111939,15000,die0,15000,15000,1,-1,73.0625,73.0625,0
1786404112039,15000,die0,15000,15000,1,-1,73.0625,73.0625,0
1786404112139,15000,die0,15000,15000,1,-1,73.0625,73.0625,0
1786404112239,15000,die0,15000,15000,1,-1,73.0625,73.0625,0
1786404112339,15000,die0,15000,15000,1,-1,73.0625,73.0625,0
1786404112439,15000,die0,15000,15000,1,-1,73.0625,73.0625,0
1786404112539,15000,die0,15000,15000,1,-1,73.0625,73.0625,0
1786404112639,15000,die0,15000,15000,1,-1,73.0625,73.0625,0
1786404112739,15000,die0,15000,15000,1,-1,73.0625,73.0625,0
1786404112839,15000,die0,15000,15000,1,-1,73.0625,73.0625,0
1786404112939,15000,die0,15000,15000,1,-1,73.0625,73.0625,0
1786404113039,15000,die0,15000,15000,1,-1,73,73,0
1786404113139,15000,die0,15000,15000,1,-1,73,73,0
1786404113239,15000,die0,15000,15000,1,-1,73,73,0
1786404113342,15000,die0,15000,15000,1,-1,73,73,0
1786404113439,15000,die0,15000,15000,1,-1,73,73,0
1786404113539,15000,die0,15000,15000,1,-1,73,73,0
1786404113639,15000,die0,15000,15000,1,-1,73,73,0
1786404113739,15000,die0,15000,15000,1,-1,73,73,0
1786404113839,15000,die0,15000,15000,1,-1,73,73,0
1786404113939,15000,die0,15000,15000,1,-1,73,73,0
1786404114039,15000,die0,15000,15000,1,-1,73.0625,73.0625,0
1786404114139,15000,die0,15000,15000,1,-1,73.0625,73.0625,0
1786404114239,15000,die0,15000,15000,1,-1,73.0625,73.0625,0
1786404114339,15000,die0,15000,15000,1,-1,73.0625,73.0625,0
1786404114439,15000,die0,15000,15000,1,-1,73.0625,73.0625,0
1786404114539,15000,die0,15000,15000,1,-1,73.0625,73.0625,0
1786404114642,15000,die0,15000,15000,1,-1,73.0625,73.0625,0
1786404114739,15000,die0,15000,15000,1,-1,73.0625,73.0625,0
1786404114839,15000,die0,15000,15000,1,-1,73.0625,73.0625,0
1786404114939,15000,die0,15000,15000,1,-1,73.0625,73.0625,0
1786404115039,15000,die0,15000,15000,1,-1,73.0625,73.0625,0
1786404115139,15000,die0,15000,15000,1,-1,73.0625,73.0625,0
1786404115239,15000,die0,15000,15000,1,-1,73.0625,73.0625,0
1786404115339,15000,die0,15000,15000,1,-1,73.0625,73.0625,0
1786404115439,15000,die0,15000,15000,1,-1,73.0625,73.0625,0
1786404115539,15000,die0,15000,15000,1,-1,73.0625,73.0625,0
1786404115639,15000,die0,15000,15000,1,-1,73.0625,73.0625,0
1786404115739,15000,die0,15000,15000,1,-1,73.0625,73.0625,0
1786404115839,15000,die0,15000,15000,1,-1,73.0625,73.0625,0
1786404115939,15000,die0,15000,15000,1,-1,73.0625,73.0625,0
1786404116039,15000,die0,15000,15000,1,-1,73.0625,73.0625,0
1786404116139,15000,die0,15000,15000,1,-1,73.0625,73.0625,0
1786404116239,15000,die0,15000,15000,1,-1,73.0625,73.0625,0
1786404116339,15000,die0,15000,15000,1,-1,73.0625,73.0625,0
1786404116439,15000,die0,15000,15000,1,-1,73.0625,73.0625,0
1786404116539,15000,die0,15000,15000,1,-1,73.0625,73.0625,0
1786404116639,15000,die0,15000,15000,1,-1,73.0625,73.0625,0
1786404116739,15000,die0,15000,15000,1,-1,73.0625,73.0625,0
1786404116839,15000,die0,15000,15000,1,-1,73.0625,73.0625,0
1786404116939,15000,die0,15000,15000,1,-1,73.0625,73.0625,0
1786404117039,15000,die0,15000,15000,1,-1,73,73,0
1786404117139,15000,die0,15000,15000,1,-1,73,73,0
1786404117239,15000,die0,15000,15000,1,-1,73,73,0
1786404117339,15000,die0,15000,15000,1,-1,73,73,0
1786404117439,15000,die0,15000,15000,1,-1,73,73,0
1786404117539,15000,die0,15000,15000,1,-1,73,73,0
1786404117639,15000,die0,15000,15000,1,-1,73,73,0
1786404117739,15000,die0,15000,15000,1,-1,73,73,0
1786404117839,15000,die0,15000,15000,1,-1,73,73,0
1786404117939,15000,die0,15000,15000,1,-1,73,73,0
1786404118039,15000,die0,15000,15000,1,-1,72.9375,72.9375,0
1786404118139,15000,die0,15000,15000,1,-1,72.9375,72.9375,0
1786404118239,15000,die0,15000,15000,1,-1,72.9375,72.9375,0
1786404118339,15000,die0,15000,15000,1,-1,72.9375,72.9375,0
1786404118439,15000,die0,15000,15000,1,-1,72.9375,72.9375,0
1786404118539,15000,die0,15000,15000,1,-1,72.9375,72.9375,0
1786404118639,15000,die0,15000,15000,1,-1,72.9375,72.9375,0
1786404118739,15000,die0,15000,15000,1,-1,72.9375,72.9375,0
1786404118839,15000,die0,15000,15000,1,-1,72.9375,72.9375,0
1786404118942,15000,die0,15000,15000,1,-1,72.9375,72.9375,0
1786404119039,15000,die0,15000,15000,1,-1,72.9375,72.9375,0
1786404119139,15000,die0,15000,15000,1,-1,72.9375,72.9375,0
1786404119239,15000,die0,15000,15000,1,-1,72.9375,72.9375,0
1786404119339,15000,die0,15000,15000,1,-1,72.9375,72.9375,0
1786404119439,15000,die0,15000,15000,1,-1,72.9375,72.9375,0
1786404119539,15000,die0,15000,15000,1,-1,72.9375,72.9375,0
1786404119639,15000,die0,15000,15000,1,-1,72.9375,72.9375,0
1786404119739,15000,die0,15000,15000,1,-1,72.9375,72.9375,0
1786404119839,15000,die0,15000,15000,1,-1,72.9375,72.9375,0
1786404119939,15000,die0,15000,15000,1,-1,72.9375,72.9375,0
1786404120039,15000,die0,15000,15000,1,-1,73,73,0
1786404120139,15000,die0,15000,15000,1,-1,73,73,0
1786404120239,15000,die0,15000,15000,1,-1,73,73,0
1786404120339,15000,die0,15000,15000,1,-1,73,73,0
1786404120439,15000,die0,15000,15000,1,-1,73,73,0
1786404120539,15000,die0,15000,15000,1,-1,73,73,0
1786404120639,15000,die0,15000,15000,1,-1,73,73,0
1786404120739,15000,die0,15000,15000,1,-1,73,73,0
1786404120839,15000,die0,15000,15000,1,-1,73,73,0
1786404120939,15000,die0,15000,15000,1,-1,73,73,0
1786404121039,15000,die0,15000,15000,1,-1,73,73,0
1786404121139,15000,die0,15000,15000,1,-1,73,73,0
1786404121239,15000,die0,15000,15000,1,-1,73,73,0
1786404121339,15000,die0,15000,15000,1,-1,73,73,0
1786404121439,15000,die0,15000,15000,1,-1,73,73,0
1786404121539,15000,die0,15000,15000,1,-1,73,73,0
1786404121639,15000,die0,15000,15000,1,-1,73,73,0
1786404121739,15000,die0,15000,15000,1,-1,73,73,0
1786404121839,15000,die0,15000,15000,1,-1,73,73,0
1786404121939,15000,die0,15000,15000,1,-1,73,73,0
1786404122045,15000,die0,15000,15000,1,-1,73,73,0
1786404122139,15000,die0,15000,15000,1,-1,73,73,0
1786404122239,15000,die0,15000,15000,1,-1,73,73,0
1786404122339,15000,die0,15000,15000,1,-1,73,73,0
1786404122439,15000,die0,15000,15000,1,-1,73,73,0
1786404122539,15000,die0,15000,15000,1,-1,73,73,0
1786404122639,15000,die0,15000,15000,1,-1,73,73,0
1786404122739,15000,die0,15000,15000,1,-1,73,73,0
1786404122839,15000,die0,15000,15000,1,-1,73,73,0
1786404122942,15000,die0,15000,15000,1,-1,73,73,0
1786404123039,15000,die0,15000,15000,1,-1,73,73,0
1786404123139,15000,die0,15000,15000,1,-1,73,73,0
1786404123239,15000,die0,15000,15000,1,-1,73,73,0
1786404123339,15000,die0,15000,15000,1,-1,73,73,0
1786404123439,15000,die0,15000,15000,1,-1,73,73,0
1786404123539,15000,die0,15000,15000,1,-1,73,73,0
1786404123639,15000,die0,15000,15000,1,-1,73,73,0
1786404123739,15000,die0,15000,15000,1,-1,73,73,0
1786404123839,15000,die0,15000,15000,1,-1,73,73,0
1786404123939,15000,die0,15000,15000,1,-1,73,73,0
1786404124039,15000,die0,15000,15000,1,-1,73,73,0
1786404124139,15000,die0,15000,15000,1,-1,73,73,0
1786404124242,15000,die0,15000,15000,1,-1,73,73,0
1786404124339,15000,die0,15000,15000,1,-1,73,73,0
1786404124439,15000,die0,15000,15000,1,-1,73,73,0
1786404124539,15000,die0,15000,15000,1,-1,73,73,0
1786404124639,15000,die0,15000,15000,1,-1,73,73,0
1786404124739,15000,die0,15000,15000,1,-1,73,73,0
1786404124839,15000,die0,15000,15000,1,-1,73,73,0
1786404124939,15000,die0,15000,15000,1,-1,73,73,0
1786404125039,15000,die0,15000,15000,1,-1,72.9375,72.9375,0
1786404125139,15000,die0,15000,15000,1,-1,72.9375,72.9375,0
1786404125239,15000,die0,15000,15000,1,-1,72.9375,72.9375,0
1786404125339,15000,die0,15000,15000,1,-1,72.9375,72.9375,0
1786404125439,15000,die0,15000,15000,1,-1,72.9375,72.9375,0
1786404125539,15000,die0,15000,15000,1,-1,72.9375,72.9375,0
1786404125642,15000,die0,15000,15000,1,-1,72.9375,72.9375,0
1786404125739,15000,die0,15000,15000,1,-1,72.9375,72.9375,0
1786404125839,15000,die0,15000,15000,1,-1,72.9375,72.9375,0
1786404125939,15000,die0,15000,15000,1,-1,72.9375,72.9375,0
1786404126039,15000,die0,15000,15000,1,-1,73.0625,73.0625,0
1786404126139,15000,die0,15000,15000,1,-1,73.0625,73.0625,0
1786404126239,15000,die0,15000,15000,1,-1,73.0625,73.0625,0
1786404126339,15000,die0,15000,15000,1,-1,73.0625,73.0625,0
1786404126439,15000,die0,15000,15000,1,-1,73.0625,73.0625,0
1786404126539,15000,die0,15000,15000,1,-1,73.0625,73.0625,0
1786404126639,15000,die0,15000,15000,1,-1,73.0625,73.0625,0
1786404126739,15000,die0,15000,15000,1,-1,73.0625,73.0625,0
1786404126839,15000,die0,15000,15000,1,-1,73.0625,73.0625,0
1786404126939,15000,die0,15000,15000,1,-1,73.0625,73.0625,0
1786404127039,15000,die0,15000,15000,1,-1,73.0625,73.0625,0
1786404127139,15000,die0,15000,15000,1,-1,73.0625,73.0625,0
1786404127239,15000,die0,15000,15000,1,-1,73.0625,73.0625,0
1786404127339,15000,die0,15000,15000,1,-1,73.0625,73.0625,0
1786404127442,15000,die0,15000,15000,1,-1,73.0625,73.0625,0
1786404127539,15000,die0,15000,15000,1,-1,73.0625,73.0625,0
1786404127639,15000,die0,15000,15000,1,-1,73.0625,73.0625,0
1786404127742,15000,die0,15000,15000,1,-1,73.0625,73.0625,0
1786404127839,15000,die0,15000,15000,1,-1,73.0625,73.0625,0
1786404127939,15000,die0,15000,15000,1,-1,73.0625,73.0625,0
1786404128039,15000,die0,15000,15000,1,-1,73,73,0
1786404128139,15000,die0,15000,15000,1,-1,73,73,0
1786404128239,15000,die0,15000,15000,1,-1,73,73,0
1786404128339,15000,die0,15000,15000,1,-1,73,73,0
1786404128439,15000,die0,15000,15000,1,-1,73,73,0
1786404128539,15000,die0,15000,15000,1,-1,73,73,0
1786404128639,15000,die0,15000,15000,1,-1,73,73,0
1786404128739,15000,die0,15000,15000,1,-1,73,73,0
1786404128839,15000,die0,15000,15000,1,-1,73,73,0
1786404128939,15000,die0,15000,15000,1,-1,73,73,0
1786404129042,15000,die0,15000,15000,1,-1,72.9375,72.9375,0
1786404129139,15000,die0,15000,15000,1,-1,72.9375,72.9375,0
1786404129239,15000,die0,15000,15000,1,-1,72.9375,72.9375,0
1786404129339,15000,die0,15000,15000,1,-1,72.9375,72.9375,0
1786404129439,15000,die0,15000,15000,1,-1,72.9375,72.9375,0
1786404129539,15000,die0,15000,15000,1,-1,72.9375,72.9375,0
1786404129639,15000,die0,15000,15000,1,-1,72.9375,72.9375,0
1786404129739,15000,die0,15000,15000,1,-1,72.9375,72.9375,0
1786404129839,15000,die0,15000,15000,1,-1,72.9375,72.9375,0
1786404129939,15000,die0,15000,15000,1,-1,72.9375,72.9375,0
1786404130039,15000,die0,15000,15000,1,-1,72.9375,72.9375,0
1786404130139,15000,die0,15000,15000,1,-1,72.9375,72.9375,0
1786404130239,15000,die0,15000,15000,1,-1,72.9375,72.9375,0
1786404130339,15000,die0,15000,15000,1,-1,72.9375,72.9375,0
1786404130439,15000,die0,15000,15000,1,-1,72.9375,72.9375,0
1786404130539,15000,die0,15000,15000,1,-1,72.9375,72.9375,0
1786404130639,15000,die0,15000,15000,1,-1,72.9375,72.9375,0
1786404130739,15000,die0,15000,15000,1,-1,72.9375,72.9375,0
1786404130839,15000,die0,15000,15000,1,-1,72.9375,72.9375,0
1786404130939,15000,die0,15000,15000,1,-1,72.9375,72.9375,0
1786404131039,15000,die0,15000,15000,1,-1,73.0625,73.0625,0
1786404131139,15000,die0,15000,15000,1,-1,73.0625,73.0625,0
1786404131239,15000,die0,15000,15000,1,-1,73.0625,73.0625,0
1786404131339,15000,die0,15000,15000,1,-1,73.0625,73.0625,0
1786404131439,15000,die0,15000,15000,1,-1,73.0625,73.0625,0
1786404131539,15000,die0,15000,15000,1,-1,73.0625,73.0625,0
1786404131639,15000,die0,15000,15000,1,-1,73.0625,73.0625,0
1786404131739,15000,die0,15000,15000,1,-1,73.0625,73.0625,0
1786404131839,15000,die0,15000,15000,1,-1,73.0625,73.0625,0
1786404131939,15000,die0,15000,15000,1,-1,73.0625,73.0625,0
1786404132039,15000,die0,15000,15000,1,-1,72.875,72.875,0
1786404132142,15000,die0,15000,15000,1,-1,72.875,72.875,0
1786404132239,15000,die0,15000,15000,1,-1,72.875,72.875,0
1786404132339,15000,die0,15000,15000,1,-1,72.875,72.875,0
1786404132439,15000,die0,15000,15000,1,-1,72.875,72.875,0
1786404132539,15000,die0,15000,15000,1,-1,72.875,72.875,0
1786404132639,15000,die0,15000,15000,1,-1,72.875,72.875,0
1786404132739,15000,die0,15000,15000,1,-1,72.875,72.875,0
1786404132839,15000,die0,15000,15000,1,-1,72.875,72.875,0
1786404132939,15000,die0,15000,15000,1,-1,72.875,72.875,0
1786404133039,15000,die0,15000,15000,1,-1,73,73,0
1786404133139,15000,die0,15000,15000,1,-1,73,73,0
1786404133239,15000,die0,15000,15000,1,-1,73,73,0
1786404133339,15000,die0,15000,15000,1,-1,73,73,0
1786404133439,15000,die0,15000,15000,1,-1,73,73,0
1786404133539,15000,die0,15000,15000,1,-1,73,73,0
1786404133639,15000,die0,15000,15000,1,-1,73,73,0
1786404133739,15000,die0,15000,15000,1,-1,73,73,0
1786404133839,15000,die0,15000,15000,1,-1,73,73,0
1786404133939,15000,die0,15000,15000,1,-1,73,73,0
1786404134039,15000,die0,15000,15000,1,-1,72.9375,72.9375,0
1786404134139,15000,die0,15000,15000,1,-1,72.9375,72.9375,0
1786404134242,15000,die0,15000,15000,1,-1,72.9375,72.9375,0
1786404134339,15000,die0,15000,15000,1,-1,72.9375,72.9375,0
1786404134439,15000,die0,15000,15000,1,-1,72.9375,72.9375,0
1786404134539,15000,die0,15000,15000,1,-1,72.9375,72.9375,0
1786404134639,15000,die0,15000,15000,1,-1,72.9375,72.9375,0
1786404134739,15000,die0,15000,15000,1,-1,72.9375,72.9375,0
1786404134839,15000,die0,15000,15000,1,-1,72.9375,72.9375,0
1786404134939,15000,die0,15000,15000,1,-1,72.9375,72.9375,0
1786404135039,15000,die0,15000,15000,1,-1,72.9375,72.9375,0
1786404135139,15000,die0,15000,15000,1,-1,72.9375,72.9375,0
1786404135239,15000,die0,15000,15000,1,-1,72.9375,72.9375,0
1786404135339,15000,die0,15000,15000,1,-1,72.9375,72.9375,0
1786404135439,15000,die0,15000,15000,1,-1,72.9375,72.9375,0
1786404135539,15000,die0,15000,15000,1,-1,72.9375,72.9375,0
1786404135639,15000,die0,15000,15000,1,-1,72.9375,72.9375,0
1786404135739,15000,die0,15000,15000,1,-1,72.9375,72.9375,0
1786404135839,15000,die0,15000,15000,1,-1,72.9375,72.9375,0
1786404135939,15000,die0,15000,15000,1,-1,72.9375,72.9375,0
1786404136039,15000,die0,15000,15000,1,-1,73,73,0
1786404136139,15000,die0,15000,15000,1,-1,73,73,0
1786404136239,15000,die0,15000,15000,1,-1,73,73,0
1786404136339,15000,die0,15000,15000,1,-1,73,73,0
1786404136439,15000,die0,15000,15000,1,-1,73,73,0
1786404136539,15000,die0,15000,15000,1,-1,73,73,0
1786404136639,15000,die0,15000,15000,1,-1,73,73,0
1786404136739,15000,die0,15000,15000,1,-1,73,73,0
1786404136839,15000,die0,15000,15000,1,-1,73,73,0
1786404136939,15000,die0,15000,15000,1,-1,73,73,0
1786404137039,15000,die0,15000,15000,1,-1,72.9375,72.9375,0
1786404137139,15000,die0,15000,15000,1,-1,72.9375,72.9375,0
1786404137239,15000,die0,15000,15000,1,-1,72.9375,72.9375,0
1786404137339,15000,die0,15000,15000,1,-1,72.9375,72.9375,0
1786404137439,15000,die0,15000,15000,1,-1,72.9375,72.9375,0
1786404137539,15000,die0,15000,15000,1,-1,72.9375,72.9375,0
1786404137639,15000,die0,15000,15000,1,-1,72.9375,72.9375,0
1786404137739,15000,die0,15000,15000,1,-1,72.9375,72.9375,0
1786404137839,15000,die0,15000,15000,1,-1,72.9375,72.9375,0
1786404137939,15000,die0,15000,15000,1,-1,72.9375,72.9375,0
1786404138039,15000,die0,15000,15000,1,-1,73,73,0
1786404138139,15000,die0,15000,15000,1,-1,73,73,0
1786404138239,15000,die0,15000,15000,1,-1,73,73,0
1786404138339,15000,die0,15000,15000,1,-1,73,73,0
1786404138439,15000,die0,15000,15000,1,-1,73,73,0
1786404138539,15000,die0,15000,15000,1,-1,73,73,0
1786404138639,15000,die0,15000,15000,1,-1,73,73,0
1786404138739,15000,die0,15000,15000,1,-1,73,73,0
1786404138839,15000,die0,15000,15000,1,-1,73,73,0
1786404138939,15000,die0,15000,15000,1,-1,73,73,0
1786404139039,15000,die0,15000,15000,1,-1,72.9375,72.9375,0
1786404139139,15000,die0,15000,15000,1,-1,72.9375,72.9375,0
1786404139239,15000,die0,15000,15000,1,-1,72.9375,72.9375,0
1786404139339,15000,die0,15000,15000,1,-1,72.9375,72.9375,0
1786404139439,15000,die0,15000,15000,1,-1,72.9375,72.9375,0
1786404139539,15000,die0,15000,15000,1,-1,72.9375,72.9375,0
1786404139639,15000,die0,15000,15000,1,-1,72.9375,72.9375,0
1786404139739,15000,die0,15000,15000,1,-1,72.9375,72.9375,0
1786404139839,15000,die0,15000,15000,1,-1,72.9375,72.9375,0
1786404139939,15000,die0,15000,15000,1,-1,72.9375,72.9375,0
1786404140039,15000,die0,15000,15000,1,-1,73,73,0
1786404140142,15000,die0,15000,15000,1,-1,73,73,0
1786404140239,15000,die0,15000,15000,1,-1,73,73,0
1786404140339,15000,die0,15000,15000,1,-1,73,73,0
1786404140439,15000,die0,15000,15000,1,-1,73,73,0
1786404140539,15000,die0,15000,15000,1,-1,73,73,0
1786404140639,15000,die0,15000,15000,1,-1,73,73,0
1786404140739,15000,die0,15000,15000,1,-1,73,73,0
1786404140839,15000,die0,15000,15000,1,-1,73,73,0
1786404140939,15000,die0,15000,15000,1,-1,73,73,0
1786404141039,15000,die0,15000,15000,1,-1,72.875,72.875,0
1786404141139,15000,die0,15000,15000,1,-1,72.875,72.875,0
1786404141239,15000,die0,15000,15000,1,-1,72.875,72.875,0
1786404141339,15000,die0,15000,15000,1,-1,72.875,72.875,0
1786404141439,15000,die0,15000,15000,1,-1,72.875,72.875,0
1786404141539,15000,die0,15000,15000,1,-1,72.875,72.875,0
1786404141639,15000,die0,15000,15000,1,-1,72.875,72.875,0
1786404141742,15000,die0,15000,15000,1,-1,72.875,72.875,0
1786404141839,15000,die0,15000,15000,1,-1,72.875,72.875,0
1786404141939,15000,die0,15000,15000,1,-1,72.875,72.875,0
1786404142039,15000,die0,15000,15000,1,-1,72.9375,72.9375,0
1786404142139,15000,die0,15000,15000,1,-1,72.9375,72.9375,0
1786404142239,15000,die0,15000,15000,1,-1,72.9375,72.9375,0
1786404142339,15000,die0,15000,15000,1,-1,72.9375,72.9375,0
1786404142439,15000,die0,15000,15000,1,-1,72.9375,72.9375,0
1786404142539,15000,die0,15000,15000,1,-1,72.9375,72.9375,0
1786404142639,15000,die0,15000,15000,1,-1,72.9375,72.9375,0
1786404142739,15000,die0,15000,15000,1,-1,72.9375,72.9375,0
1786404142839,15000,die0,15000,15000,1,-1,72.9375,72.9375,0
1786404142939,15000,die0,15000,15000,1,-1,72.9375,72.9375,0
1786404143039,15000,die0,15000,15000,1,-1,73.0625,73.0625,0
1786404143139,15000,die0,15000,15000,1,-1,73.0625,73.0625,0
1786404143239,15000,die0,15000,15000,1,-1,73.0625,73.0625,0
1786404143339,15000,die0,15000,15000,1,-1,73.0625,73.0625,0
1786404143439,15000,die0,15000,15000,1,-1,73.0625,73.0625,0
1786404143539,15000,die0,15000,15000,1,-1,73.0625,73.0625,0
1786404143639,15000,die0,15000,15000,1,-1,73.0625,73.0625,0
1786404143739,15000,die0,15000,15000,1,-1,73.0625,73.0625,0
1786404143839,15000,die0,15000,15000,1,-1,73.0625,73.0625,0
1786404143939,15000,die0,15000,15000,1,-1,73.0625,73.0625,0
1786404144039,15000,die0,15000,15000,1,-1,73,73,0
1786404144139,15000,die0,15000,15000,1,-1,73,73,0
1786404144239,15000,die0,15000,15000,1,-1,73,73,0
1786404144339,15000,die0,15000,15000,1,-1,73,73,0
1786404144439,15000,die0,15000,15000,1,-1,73,73,0
1786404144539,15000,die0,15000,15000,1,-1,73,73,0
1786404144639,15000,die0,15000,15000,1,-1,73,73,0
1786404144739,15000,die0,15000,15000,1,-1,73,73,0
1786404144839,15000,die0,15000,15000,1,-1,73,73,0
1786404144939,15000,die0,15000,15000,1,-1,73,73,0
1786404145039,15000,die0,15000,15000,1,-1,73.0625,73.0625,0
1786404145139,15000,die0,15000,15000,1,-1,73.0625,73.0625,0
1786404145239,15000,die0,15000,15000,1,-1,73.0625,73.0625,0
1786404145339,15000,die0,15000,15000,1,-1,73.0625,73.0625,0
1786404145439,15000,die0,15000,15000,1,-1,73.0625,73.0625,0
1786404145542,15000,die0,15000,15000,1,-1,73.0625,73.0625,0
1786404145639,15000,die0,15000,15000,1,-1,73.0625,73.0625,0
1786404145739,15000,die0,15000,15000,1,-1,73.0625,73.0625,0
1786404145839,15000,die0,15000,15000,1,-1,73.0625,73.0625,0
1786404145939,15000,die0,15000,15000,1,-1,73.0625,73.0625,0
1786404146039,15000,die0,15000,15000,1,-1,73.125,73.125,0
1786404146139,15000,die0,15000,15000,1,-1,73.125,73.125,0
1786404146239,15000,die0,15000,15000,1,-1,73.125,73.125,0
1786404146339,15000,die0,15000,15000,1,-1,73.125,73.125,0
1786404146439,15000,die0,15000,15000,1,-1,73.125,73.125,0
1786404146539,15000,die0,15000,15000,1,-1,73.125,73.125,0
1786404146639,15000,die0,15000,15000,1,-1,73.125,73.125,0
1786404146739,15000,die0,15000,15000,1,-1,73.125,73.125,0
1786404146839,15000,die0,15000,15000,1,-1,73.125,73.125,0
1786404146939,15000,die0,15000,15000,1,-1,73.125,73.125,0
1786404147039,15000,die0,15000,15000,1,-1,72.9375,72.9375,0
1786404147142,15000,die0,15000,15000,1,-1,72.9375,72.9375,0
1786404147239,15000,die0,15000,15000,1,-1,72.9375,72.9375,0
1786404147339,15000,die0,15000,15000,1,-1,72.9375,72.9375,0
1786404147439,15000,die0,15000,15000,1,-1,72.9375,72.9375,0
1786404147539,15000,die0,15000,15000,1,-1,72.9375,72.9375,0
1786404147639,15000,die0,15000,15000,1,-1,72.9375,72.9375,0
1786404147739,15000,die0,15000,15000,1,-1,72.9375,72.9375,0
1786404147839,15000,die0,15000,15000,1,-1,72.9375,72.9375,0
1786404147939,15000,die0,15000,15000,1,-1,72.9375,72.9375,0
1786404148039,15000,die0,15000,15000,1,-1,73.0625,73.0625,0
1786404148139,15000,die0,15000,15000,1,-1,73.0625,73.0625,0
1786404148239,15000,die0,15000,15000,1,-1,73.0625,73.0625,0
1786404148339,15000,die0,15000,15000,1,-1,73.0625,73.0625,0
1786404148439,15000,die0,15000,15000,1,-1,73.0625,73.0625,0
1786404148539,15000,die0,15000,15000,1,-1,73.0625,73.0625,0
1786404148639,15000,die0,15000,15000,1,-1,73.0625,73.0625,0
1786404148739,15000,die0,15000,15000,1,-1,73.0625,73.0625,0
1786404148839,15000,die0,15000,15000,1,-1,73.0625,73.0625,0
1786404148939,15000,die0,15000,15000,1,-1,73.0625,73.0625,0
1786404149039,15000,die0,15000,15000,1,-1,73,73,0
1786404149139,15000,die0,15000,15000,1,-1,73,73,0
1786404149239,15000,die0,15000,15000,1,-1,73,73,0
1786404149339,15000,die0,15000,15000,1,-1,73,73,0
1786404149439,15000,die0,15000,15000,1,-1,73,73,0
1786404149539,15000,die0,15000,15000,1,-1,73,73,0
1786404149639,15000,die0,15000,15000,1,-1,73,73,0
1786404149739,15000,die0,15000,15000,1,-1,73,73,0
1786404149839,15000,die0,15000,15000,1,-1,73,73,0
1786404149939,15000,die0,15000,15000,1,-1,73,73,0
1786404150039,15000,die0,15000,15000,1,-1,73.0625,73.0625,0
1786404150139,15000,die0,15000,15000,1,-1,73.0625,73.0625,0
1786404150239,15000,die0,15000,15000,1,-1,73.0625,73.0625,0
1786404150339,15000,die0,15000,15000,1,-1,73.0625,73.0625,0
1786404150442,15000,die0,15000,15000,1,-1,73.0625,73.0625,0
1786404150539,15000,die0,15000,15000,1,-1,73.0625,73.0625,0
1786404150639,15000,die0,15000,15000,1,-1,73.0625,73.0625,0
1786404150739,15000,die0,15000,15000,1,-1,73.0625,73.0625,0
1786404150839,15000,die0,15000,15000,1,-1,73.0625,73.0625,0
1786404150939,15000,die0,15000,15000,1,-1,73.0625,73.0625,0
1786404151039,15000,die0,15000,15000,1,-1,73.0625,73.0625,0
1786404151139,15000,die0,15000,15000,1,-1,73.0625,73.0625,0
1786404151239,15000,die0,15000,15000,1,-1,73.0625,73.0625,0
1786404151339,15000,die0,15000,15000,1,-1,73.0625,73.0625,0
1786404151439,15000,die0,15000,15000,1,-1,73.0625,73.0625,0
1786404151539,15000,die0,15000,15000,1,-1,73.0625,73.0625,0
1786404151639,15000,die0,15000,15000,1,-1,73.0625,73.0625,0
1786404151739,15000,die0,15000,15000,1,-1,73.0625,73.0625,0
1786404151839,15000,die0,15000,15000,1,-1,73.0625,73.0625,0
1786404151939,15000,die0,15000,15000,1,-1,73.0625,73.0625,0
1786404152039,15000,die0,15000,15000,1,-1,73,73,0
1786404152139,15000,die0,15000,15000,1,-1,73,73,0
1786404152239,15000,die0,15000,15000,1,-1,73,73,0
1786404152339,15000,die0,15000,15000,1,-1,73,73,0
1786404152439,15000,die0,15000,15000,1,-1,73,73,0
1786404152539,15000,die0,15000,15000,1,-1,73,73,0
1786404152639,15000,die0,15000,15000,1,-1,73,73,0
1786404152739,15000,die0,15000,15000,1,-1,73,73,0
1786404152839,15000,die0,15000,15000,1,-1,73,73,0
1786404152939,15000,die0,15000,15000,1,-1,73,73,0
1786404153039,15000,die0,15000,15000,1,-1,73.0625,73.0625,0
1786404153139,15000,die0,15000,15000,1,-1,73.0625,73.0625,0
1786404153239,15000,die0,15000,15000,1,-1,73.0625,73.0625,0
1786404153339,15000,die0,15000,15000,1,-1,73.0625,73.0625,0
1786404153439,15000,die0,15000,15000,1,-1,73.0625,73.0625,0
1786404153539,15000,die0,15000,15000,1,-1,73.0625,73.0625,0
1786404153639,15000,die0,15000,15000,1,-1,73.0625,73.0625,0
1786404153739,15000,die0,15000,15000,1,-1,73.0625,73.0625,0
1786404153839,15000,die0,15000,15000,1,-1,73.0625,73.0625,0
1786404153939,15000,die0,15000,15000,1,-1,73.0625,73.0625,0
1786404154039,15000,die0,15000,15000,1,-1,73.0625,73.0625,0
1786404154139,15000,die0,15000,15000,1,-1,73.0625,73.0625,0
1786404154239,15000,die0,15000,15000,1,-1,73.0625,73.0625,0
1786404154339,15000,die0,15000,15000,1,-1,73.0625,73.0625,0
1786404154439,15000,die0,15000,15000,1,-1,73.0625,73.0625,0
1786404154539,15000,die0,15000,15000,1,-1,73.0625,73.0625,0
1786404154639,15000,die0,15000,15000,1,-1,73.0625,73.0625,0
1786404154739,15000,die0,15000,15000,1,-1,73.0625,73.0625,0
1786404154839,15000,die0,15000,15000,1,-1,73.0625,73.0625,0
1786404154939,15000,die0,15000,15000,1,-1,73.0625,73.0625,0
1786404155039,15000,die0,15000,15000,1,-1,72.9375,72.9375,0
1786404155139,15000,die0,15000,15000,1,-1,72.9375,72.9375,0
1786404155239,15000,die0,15000,15000,1,-1,72.9375,72.9375,0
1786404155339,15000,die0,15000,15000,1,-1,72.9375,72.9375,0
1786404155439,15000,die0,15000,15000,1,-1,72.9375,72.9375,0
1786404155539,15000,die0,15000,15000,1,-1,72.9375,72.9375,0
1786404155639,15000,die0,15000,15000,1,-1,72.9375,72.9375,0
1786404155739,15000,die0,15000,15000,1,-1,72.9375,72.9375,0
1786404155839,15000,die0,15000,15000,1,-1,72.9375,72.9375,0
1786404155939,15000,die0,15000,15000,1,-1,72.9375,72.9375,0
1786404156039,15000,die0,15000,15000,1,-1,73.125,73.125,0
1786404156139,15000,die0,15000,15000,1,-1,73.125,73.125,0
1786404156239,15000,die0,15000,15000,1,-1,73.125,73.125,0
1786404156339,15000,die0,15000,15000,1,-1,73.125,73.125,0
1786404156439,15000,die0,15000,15000,1,-1,73.125,73.125,0
1786404156539,15000,die0,15000,15000,1,-1,73.125,73.125,0
1786404156639,15000,die0,15000,15000,1,-1,73.125,73.125,0
1786404156739,15000,die0,15000,15000,1,-1,73.125,73.125,0
1786404156839,15000,die0,15000,15000,1,-1,73.125,73.125,0
1786404156939,15000,die0,15000,15000,1,-1,73.125,73.125,0
1786404157039,15000,die0,15000,15000,1,-1,72.9375,72.9375,0
1786404157139,15000,die0,15000,15000,1,-1,72.9375,72.9375,0
1786404157239,15000,die0,15000,15000,1,-1,72.9375,72.9375,0
1786404157339,15000,die0,15000,15000,1,-1,72.9375,72.9375,0
1786404157439,15000,die0,15000,15000,1,-1,72.9375,72.9375,0
1786404157539,15000,die0,15000,15000,1,-1,72.9375,72.9375,0
1786404157639,15000,die0,15000,15000,1,-1,72.9375,72.9375,0
1786404157739,15000,die0,15000,15000,1,-1,72.9375,72.9375,0
1786404157839,15000,die0,15000,15000,1,-1,72.9375,72.9375,0
1786404157939,15000,die0,15000,15000,1,-1,72.9375,72.9375,0
1786404158039,15000,die0,15000,15000,1,-1,73.0625,73.0625,0
1786404158139,15000,die0,15000,15000,1,-1,73.0625,73.0625,0
1786404158239,15000,die0,15000,15000,1,-1,73.0625,73.0625,0
1786404158339,15000,die0,15000,15000,1,-1,73.0625,73.0625,0
1786404158439,15000,die0,15000,15000,1,-1,73.0625,73.0625,0
1786404158542,15000,die0,15000,15000,1,-1,73.0625,73.0625,0
1786404158639,15000,die0,15000,15000,1,-1,73.0625,73.0625,0
1786404158739,15000,die0,15000,15000,1,-1,73.0625,73.0625,0
1786404158839,15000,die0,15000,15000,1,-1,73.0625,73.0625,0
1786404158939,15000,die0,15000,15000,1,-1,73.0625,73.0625,0
1786404159039,15000,die0,15000,15000,1,-1,73,73,0
1786404159139,15000,die0,15000,15000,1,-1,73,73,0
1786404159239,15000,die0,15000,15000,1,-1,73,73,0
1786404159339,15000,die0,15000,15000,1,-1,73,73,0
1786404159439,15000,die0,15000,15000,1,-1,73,73,0
1786404159539,15000,die0,15000,15000,1,-1,73,73,0
1786404159639,15000,die0,15000,15000,1,-1,73,73,0
1786404159739,15000,die0,15000,15000,1,-1,73,73,0
1786404159839,15000,die0,15000,15000,1,-1,73,73,0
1786404159939,15000,die0,15000,15000,1,-1,73,73,0
1786404160039,15000,die0,15000,15000,1,-1,72.9375,72.9375,0
1786404160142,15000,die0,15000,15000,1,-1,72.9375,72.9375,0
1786404160239,15000,die0,15000,15000,1,-1,72.9375,72.9375,0
1786404160339,15000,die0,15000,15000,1,-1,72.9375,72.9375,0
1786404160439,15000,die0,15000,15000,1,-1,72.9375,72.9375,0
1786404160539,15000,die0,15000,15000,1,-1,72.9375,72.9375,0
1786404160639,15000,die0,15000,15000,1,-1,72.9375,72.9375,0
1786404160739,15000,die0,15000,15000,1,-1,72.9375,72.9375,0
1786404160839,15000,die0,15000,15000,1,-1,72.9375,72.9375,0
1786404160939,15000,die0,15000,15000,1,-1,72.9375,72.9375,0
1786404161039,15000,die0,15000,15000,1,-1,73,73,0
1786404161139,15000,die0,15000,15000,1,-1,73,73,0
1786404161239,15000,die0,15000,15000,1,-1,73,73,0
1786404161339,15000,die0,15000,15000,1,-1,73,73,0
1786404161439,15000,die0,15000,15000,1,-1,73,73,0
1786404161539,15000,die0,15000,15000,1,-1,73,73,0
1786404161639,15000,die0,15000,15000,1,-1,73,73,0
1786404161742,15000,die0,15000,15000,1,-1,73,73,0
1786404161839,15000,die0,15000,15000,1,-1,73,73,0
1786404161939,15000,die0,15000,15000,1,-1,73,73,0
1786404162039,15000,die0,15000,15000,1,-1,73,73,0
1786404162139,15000,die0,15000,15000,1,-1,73,73,0
1786404162239,15000,die0,15000,15000,1,-1,73,73,0
1786404162339,15000,die0,15000,15000,1,-1,73,73,0
1786404162439,15000,die0,15000,15000,1,-1,73,73,0
1786404162539,15000,die0,15000,15000,1,-1,73,73,0
1786404162642,15000,die0,15000,15000,1,-1,73,73,0
1786404162739,15000,die0,15000,15000,1,-1,73,73,0
1786404162839,15000,die0,15000,15000,1,-1,73,73,0
1786404162939,15000,die0,15000,15000,1,-1,73,73,0
1786404163039,15000,die0,15000,15000,1,-1,73.0625,73.0625,0
1786404163139,15000,die0,15000,15000,1,-1,73.0625,73.0625,0
1786404163239,15000,die0,15000,15000,1,-1,73.0625,73.0625,0
1786404163339,15000,die0,15000,15000,1,-1,73.0625,73.0625,0
1786404163439,15000,die0,15000,15000,1,-1,73.0625,73.0625,0
1786404163539,15000,die0,15000,15000,1,-1,73.0625,73.0625,0
1786404163639,15000,die0,15000,15000,1,-1,73.0625,73.0625,0
1786404163739,15000,die0,15000,15000,1,-1,73.0625,73.0625,0
1786404163839,15000,die0,15000,15000,1,-1,73.0625,73.0625,0
1786404163939,15000,die0,15000,15000,1,-1,73.0625,73.0625,0
1786404164042,15000,die0,15000,15000,1,-1,73,73,0
1786404164139,15000,die0,15000,15000,1,-1,73,73,0
1786404164239,15000,die0,15000,15000,1,-1,73,73,0
1786404164339,15000,die0,15000,15000,1,-1,73,73,0
1786404164439,15000,die0,15000,15000,1,-1,73,73,0
1786404164539,15000,die0,15000,15000,1,-1,73,73,0
1786404164642,15000,die0,15000,15000,1,-1,73,73,0
1786404164739,15000,die0,15000,15000,1,-1,73,73,0
1786404164839,15000,die0,15000,15000,1,-1,73,73,0
1786404164939,15000,die0,15000,15000,1,-1,73,73,0
1786404165039,15000,die0,15000,15000,1,-1,73,73,0
1786404165139,15000,die0,15000,15000,1,-1,73,73,0
1786404165239,15000,die0,15000,15000,1,-1,73,73,0
1786404165339,15000,die0,15000,15000,1,-1,73,73,0
1786404165442,15000,die0,15000,15000,1,-1,73,73,0
1786404165539,15000,die0,15000,15000,1,-1,73,73,0
1786404165639,15000,die0,15000,15000,1,-1,73,73,0
1786404165739,15000,die0,15000,15000,1,-1,73,73,0
1786404165839,15000,die0,15000,15000,1,-1,73,73,0
1786404165939,15000,die0,15000,15000,1,-1,73,73,0
1786404166039,15000,die0,15000,15000,1,-1,73,73,0
1786404166139,15000,die0,15000,15000,1,-1,73,73,0
1786404166239,15000,die0,15000,15000,1,-1,73,73,0
1786404166339,15000,die0,15000,15000,1,-1,73,73,0
1786404166439,15000,die0,15000,15000,1,-1,73,73,0
1786404166539,15000,die0,15000,15000,1,-1,73,73,0
1786404166639,15000,die0,15000,15000,1,-1,73,73,0
1786404166739,15000,die0,15000,15000,1,-1,73,73,0
1786404166839,15000,die0,15000,15000,1,-1,73,73,0
1786404166939,15000,die0,15000,15000,1,-1,73,73,0
1786404167039,15000,die0,15000,15000,1,-1,72.9375,72.9375,0
1786404167139,15000,die0,15000,15000,1,-1,72.9375,72.9375,0
1786404167239,15000,die0,15000,15000,1,-1,72.9375,72.9375,0
1786404167339,15000,die0,15000,15000,1,-1,72.9375,72.9375,0
1786404167439,15000,die0,15000,15000,1,-1,72.9375,72.9375,0
1786404167539,15000,die0,15000,15000,1,-1,72.9375,72.9375,0
1786404167639,15000,die0,15000,15000,1,-1,72.9375,72.9375,0
1786404167739,15000,die0,15000,15000,1,-1,72.9375,72.9375,0
1786404167839,15000,die0,15000,15000,1,-1,72.9375,72.9375,0
1786404167939,15000,die0,15000,15000,1,-1,72.9375,72.9375,0
1786404168039,15000,die0,15000,15000,1,-1,73,73,0
1786404168139,15000,die0,15000,15000,1,-1,73,73,0
1786404168239,15000,die0,15000,15000,1,-1,73,73,0
1786404168339,15000,die0,15000,15000,1,-1,73,73,0
1786404168439,15000,die0,15000,15000,1,-1,73,73,0
1786404168539,15000,die0,15000,15000,1,-1,73,73,0
1786404168639,15000,die0,15000,15000,1,-1,73,73,0
1786404168739,15000,die0,15000,15000,1,-1,73,73,0
1786404168839,15000,die0,15000,15000,1,-1,73,73,0
1786404168939,15000,die0,15000,15000,1,-1,73,73,0
1786404169039,15000,die0,15000,15000,1,-1,72.9375,72.9375,0
1786404169139,15000,die0,15000,15000,1,-1,72.9375,72.9375,0
1786404169239,15000,die0,15000,15000,1,-1,72.9375,72.9375,0
1786404169339,15000,die0,15000,15000,1,-1,72.9375,72.9375,0
1786404169439,15000,die0,15000,15000,1,-1,72.9375,72.9375,0
1786404169539,15000,die0,15000,15000,1,-1,72.9375,72.9375,0
1786404169639,15000,die0,15000,15000,1,-1,72.9375,72.9375,0
1786404169739,15000,die0,15000,15000,1,-1,72.9375,72.9375,0
1786404169839,15000,die0,15000,15000,1,-1,72.9375,72.9375,0
1786404169939,15000,die0,15000,15000,1,-1,72.9375,72.9375,0
1786404170039,15000,die0,15000,15000,1,-1,72.9375,72.9375,0
1786404170139,15000,die0,15000,15000,1,-1,72.9375,72.9375,0
1786404170242,15000,die0,15000,15000,1,-1,72.9375,72.9375,0
1786404170339,15000,die0,15000,15000,1,-1,72.9375,72.9375,0
1786404170439,15000,die0,15000,15000,1,-1,72.9375,72.9375,0
1786404170539,15000,die0,15000,15000,1,-1,72.9375,72.9375,0
1786404170639,15000,die0,15000,15000,1,-1,72.9375,72.9375,0
1786404170739,15000,die0,15000,15000,1,-1,72.9375,72.9375,0
1786404170839,15000,die0,15000,15000,1,-1,72.9375,72.9375,0
1786404170939,15000,die0,15000,15000,1,-1,72.9375,72.9375,0
1786404171039,15000,die0,15000,15000,1,-1,73,73,0
1786404171139,15000,die0,15000,15000,1,-1,73,73,0
1786404171239,15000,die0,15000,15000,1,-1,73,73,0
1786404171339,15000,die0,15000,15000,1,-1,73,73,0
1786404171439,15000,die0,15000,15000,1,-1,73,73,0
1786404171539,15000,die0,15000,15000,1,-1,73,73,0
1786404171639,15000,die0,15000,15000,1,-1,73,73,0
1786404171739,15000,die0,15000,15000,1,-1,73,73,0
1786404171842,15000,die0,15000,15000,1,-1,73,73,0
1786404171939,15000,die0,15000,15000,1,-1,73,73,0
1786404172039,15000,die0,15000,15000,1,-1,73.0625,73.0625,0
1786404172139,15000,die0,15000,15000,1,-1,73.0625,73.0625,0
1786404172239,15000,die0,15000,15000,1,-1,73.0625,73.0625,0
1786404172339,15000,die0,15000,15000,1,-1,73.0625,73.0625,0
1786404172439,15000,die0,15000,15000,1,-1,73.0625,73.0625,0
1786404172539,15000,die0,15000,15000,1,-1,73.0625,73.0625,0
1786404172639,15000,die0,15000,15000,1,-1,73.0625,73.0625,0
1786404172739,15000,die0,15000,15000,1,-1,73.0625,73.0625,0
1786404172839,15000,die0,15000,15000,1,-1,73.0625,73.0625,0
1786404172939,15000,die0,15000,15000,1,-1,73.0625,73.0625,0
1786404173039,15000,die0,15000,15000,1,-1,72.9375,72.9375,0
1786404173139,15000,die0,15000,15000,1,-1,72.9375,72.9375,0
1786404173239,15000,die0,15000,15000,1,-1,72.9375,72.9375,0
1786404173339,15000,die0,15000,15000,1,-1,72.9375,72.9375,0
1786404173439,15000,die0,15000,15000,1,-1,72.9375,72.9375,0
1786404173539,15000,die0,15000,15000,1,-1,72.9375,72.9375,0
1786404173639,15000,die0,15000,15000,1,-1,72.9375,72.9375,0
1786404173739,15000,die0,15000,15000,1,-1,72.9375,72.9375,0
1786404173839,15000,die0,15000,15000,1,-1,72.9375,72.9375,0
1786404173942,15000,die0,15000,15000,1,-1,72.9375,72.9375,0
1786404174039,15000,die0,15000,15000,1,-1,72.9375,72.9375,0
1786404174139,15000,die0,15000,15000,1,-1,72.9375,72.9375,0
1786404174239,15000,die0,15000,15000,1,-1,72.9375,72.9375,0
1786404174339,15000,die0,15000,15000,1,-1,72.9375,72.9375,0
1786404174439,15000,die0,15000,15000,1,-1,72.9375,72.9375,0
1786404174539,15000,die0,15000,15000,1,-1,72.9375,72.9375,0
1786404174639,15000,die0,15000,15000,1,-1,72.9375,72.9375,0
1786404174739,15000,die0,15000,15000,1,-1,72.9375,72.9375,0
1786404174839,15000,die0,15000,15000,1,-1,72.9375,72.9375,0
1786404174939,15000,die0,15000,15000,1,-1,72.9375,72.9375,0
1786404175039,15000,die0,15000,15000,1,-1,73,73,0
1786404175139,15000,die0,15000,15000,1,-1,73,73,0
1786404175239,15000,die0,15000,15000,1,-1,73,73,0
1786404175339,15000,die0,15000,15000,1,-1,73,73,0
1786404175439,15000,die0,15000,15000,1,-1,73,73,0
1786404175539,15000,die0,15000,15000,1,-1,73,73,0
1786404175639,15000,die0,15000,15000,1,-1,73,73,0
1786404175739,15000,die0,15000,15000,1,-1,73,73,0
1786404175839,15000,die0,15000,15000,1,-1,73,73,0
1786404175939,15000,die0,15000,15000,1,-1,73,73,0
1786404176039,15000,die0,15000,15000,1,-1,72.875,72.875,0
1786404176139,15000,die0,15000,15000,1,-1,72.875,72.875,0
1786404176239,15000,die0,15000,15000,1,-1,72.875,72.875,0
1786404176339,15000,die0,15000,15000,1,-1,72.875,72.875,0
1786404176439,15000,die0,15000,15000,1,-1,72.875,72.875,0
1786404176539,15000,die0,15000,15000,1,-1,72.875,72.875,0
1786404176639,15000,die0,15000,15000,1,-1,72.875,72.875,0
1786404176739,15000,die0,15000,15000,1,-1,72.875,72.875,0
1786404176839,15000,die0,15000,15000,1,-1,72.875,72.875,0
1786404176939,15000,die0,15000,15000,1,-1,72.875,72.875,0
1786404177039,15000,die0,15000,15000,1,-1,72.625,72.625,0
1786404177139,15000,die0,15000,15000,1,-1,72.625,72.625,0
1786404177239,15000,die0,15000,15000,1,-1,72.625,72.625,0
1786404177339,15000,die0,15000,15000,1,-1,72.625,72.625,0
1786404177439,15000,die0,15000,15000,1,-1,72.625,72.625,0
1786404177539,15000,die0,15000,15000,1,-1,72.625,72.625,0
1786404177639,15000,die0,15000,15000,1,-1,72.625,72.625,0
1786404177739,15000,die0,15000,15000,1,-1,72.625,72.625,0
1786404177839,15000,die0,15000,15000,1,-1,72.625,72.625,0
1786404177939,15000,die0,15000,15000,1,-1,72.625,72.625,0
1786404178039,15000,die0,15000,15000,1,-1,72.25,72.25,0
1786404178139,15000,die0,15000,15000,1,-1,72.25,72.25,0
1786404178239,15000,die0,15000,15000,1,-1,72.25,72.25,0
1786404178339,15000,die0,15000,15000,1,-1,72.25,72.25,0
1786404178439,15000,die0,15000,15000,1,-1,72.25,72.25,0
1786404178539,15000,die0,15000,15000,1,-1,72.25,72.25,0
1786404178639,15000,die0,15000,15000,1,-1,72.25,72.25,0
1786404178739,15000,die0,15000,15000,1,-1,72.25,72.25,0
1786404178839,15000,die0,15000,15000,1,-1,72.25,72.25,0
1786404178939,15000,die0,15000,15000,1,-1,72.25,72.25,0
1786404179039,15000,die0,15000,15000,1,-1,71.8125,71.8125,0
1786404179139,15000,die0,15000,15000,1,-1,71.8125,71.8125,0
1786404179239,15000,die0,15000,15000,1,-1,71.8125,71.8125,0
1786404179339,15000,die0,15000,15000,1,-1,71.8125,71.8125,0
1786404179439,15000,die0,15000,15000,1,-1,71.8125,71.8125,0
1786404179539,15000,die0,15000,15000,1,-1,71.8125,71.8125,0
1786404179639,15000,die0,15000,15000,1,-1,71.8125,71.8125,0
1786404179739,15000,die0,15000,15000,1,-1,71.8125,71.8125,0
1786404179839,15000,die0,15000,15000,1,-1,71.8125,71.8125,0
1786404179942,15000,die0,15000,15000,1,-1,71.8125,71.8125,0
1786404180039,15000,die0,15000,15000,1,-1,71.1875,71.1875,0
1786404180139,15000,die0,15000,15000,1,-1,71.1875,71.1875,0
1786404180239,15000,die0,15000,15000,1,-1,71.1875,71.1875,0
1786404180339,15000,die0,15000,15000,1,-1,71.1875,71.1875,0
1786404180439,15000,die0,15000,15000,1,-1,71.1875,71.1875,0
1786404180539,15000,die0,15000,15000,1,-1,71.1875,71.1875,0
1786404180639,15000,die0,15000,15000,1,-1,71.1875,71.1875,0
1786404180739,15000,die0,15000,15000,1,-1,71.1875,71.1875,0
1786404180839,15000,die0,15000,15000,1,-1,71.1875,71.1875,0
1786404180939,15000,die0,15000,15000,1,-1,71.1875,71.1875,0
1786404181039,15000,die0,15000,15000,1,-1,70.8125,70.8125,0
1786404181139,15000,die0,15000,15000,1,-1,70.8125,70.8125,0
1786404181239,15000,die0,15000,15000,1,-1,70.8125,70.8125,0
1786404181339,15000,die0,15000,15000,1,-1,70.8125,70.8125,0
1786404181439,15000,die0,15000,15000,1,-1,70.8125,70.8125,0
1786404181542,15000,die0,15000,15000,1,-1,70.8125,70.8125,0
1786404181639,15000,die0,15000,15000,1,-1,70.8125,70.8125,0
1786404181739,15000,die0,15000,15000,1,-1,70.8125,70.8125,0
1786404181839,15000,die0,15000,15000,1,-1,70.8125,70.8125,0
1786404181939,15000,die0,15000,15000,1,-1,70.8125,70.8125,0
1786404182039,15000,die0,15000,15000,1,-1,70.125,70.125,0
1786404182139,15000,die0,15000,15000,1,-1,70.125,70.125,0
1786404182239,15000,die0,15000,15000,1,-1,70.125,70.125,0
1786404182339,15000,die0,15000,15000,1,-1,70.125,70.125,0
1786404182439,15000,die0,15000,15000,1,-1,70.125,70.125,0
1786404182539,15000,die0,15000,15000,1,-1,70.125,70.125,0
1786404182639,15000,die0,15000,15000,1,-1,70.125,70.125,0
1786404182739,15000,die0,15000,15000,1,-1,70.125,70.125,0
1786404182839,15000,die0,15000,15000,1,-1,70.125,70.125,0
1786404182939,15000,die0,15000,15000,1,-1,70.125,70.125,0
1786404183039,15000,die0,15000,15000,1,-1,69.6875,69.6875,0
1786404183139,15000,die0,15000,15000,1,-1,69.6875,69.6875,0
1786404183239,15000,die0,15000,15000,1,-1,69.6875,69.6875,0
1786404183339,15000,die0,15000,15000,1,-1,69.6875,69.6875,0
1786404183439,15000,die0,15000,15000,1,-1,69.6875,69.6875,0
1786404183539,15000,die0,15000,15000,1,-1,69.6875,69.6875,0
1786404183639,15000,die0,15000,15000,1,-1,69.6875,69.6875,0
1786404183739,15000,die0,15000,15000,1,-1,69.6875,69.6875,0
1786404183839,15000,die0,15000,15000,1,-1,69.6875,69.6875,0
1786404183939,15000,die0,15000,15000,1,-1,69.6875,69.6875,0
1786404184047,15000,die0,15000,15000,1,-1,69.125,69.125,0
1786404184139,15000,die0,15000,15000,1,-1,69.125,69.125,0
1786404184239,15000,die0,15000,15000,1,-1,69.125,69.125,0
1786404184339,15000,die0,15000,15000,1,-1,69.125,69.125,0
1786404184439,15000,die0,15000,15000,1,-1,69.125,69.125,0
1786404184539,15000,die0,15000,15000,1,-1,69.125,69.125,0
1786404184639,15000,die0,15000,15000,1,-1,69.125,69.125,0
1786404184739,15000,die0,15000,15000,1,-1,69.125,69.125,0
1786404184839,15000,die0,15000,15000,1,-1,69.125,69.125,0
1786404184939,15000,die0,15000,15000,1,-1,69.125,69.125,0
1786404185039,15000,die0,15000,15000,1,-1,68.5625,68.5625,0
1786404185139,15000,die0,15000,15000,1,-1,68.5625,68.5625,0
1786404185239,15000,die0,15000,15000,1,-1,68.5625,68.5625,0
1786404185341,15000,die0,15000,15000,1,-1,68.5625,68.5625,0
1786404185439,15000,die0,15000,15000,1,-1,68.5625,68.5625,0
1786404185539,15000,die0,15000,15000,1,-1,68.5625,68.5625,0
1786404185639,15000,die0,15000,15000,1,-1,68.5625,68.5625,0
1786404185739,15000,die0,15000,15000,1,-1,68.5625,68.5625,0
1786404185839,15000,die0,15000,15000,1,-1,68.5625,68.5625,0
1786404185939,15000,die0,15000,15000,1,-1,68.5625,68.5625,0
1786404186039,15000,die0,15000,15000,1,-1,67.9375,67.9375,0
1786404186139,15000,die0,15000,15000,1,-1,67.9375,67.9375,0
1786404186239,15000,die0,15000,15000,1,-1,67.9375,67.9375,0
1786404186339,15000,die0,15000,15000,1,-1,67.9375,67.9375,0
1786404186439,15000,die0,15000,15000,1,-1,67.9375,67.9375,0
1786404186539,15000,die0,15000,15000,1,-1,67.9375,67.9375,0
1786404186639,15000,die0,15000,15000,1,-1,67.9375,67.9375,0
1786404186739,15000,die0,15000,15000,1,-1,67.9375,67.9375,0
1786404186839,15000,die0,15000,15000,1,-1,67.9375,67.9375,0
1786404186939,15000,die0,15000,15000,1,-1,67.9375,67.9375,0
1786404187039,15000,die0,15000,15000,1,-1,67.5,67.5,0
1786404187139,15000,die0,15000,15000,1,-1,67.5,67.5,0
1786404187239,15000,die0,15000,15000,1,-1,67.5,67.5,0
1786404187342,15000,die0,15000,15000,1,-1,67.5,67.5,0
1786404187439,15000,die0,15000,15000,1,-1,67.5,67.5,0
1786404187539,15000,die0,15000,15000,1,-1,67.5,67.5,0
1786404187639,15000,die0,15000,15000,1,-1,67.5,67.5,0
1786404187739,15000,die0,15000,15000,1,-1,67.5,67.5,0
1786404187839,15000,die0,15000,15000,1,-1,67.5,67.5,0
1786404187939,15000,die0,15000,15000,1,-1,67.5,67.5,0
1786404188039,15000,die0,15000,15000,1,-1,66.9375,66.9375,0
1786404188139,15000,die0,15000,15000,1,-1,66.9375,66.9375,0
1786404188239,15000,die0,15000,15000,1,-1,66.9375,66.9375,0
1786404188339,15000,die0,15000,15000,1,-1,66.9375,66.9375,0
1786404188439,15000,die0,15000,15000,1,-1,66.9375,66.9375,0
1786404188539,15000,die0,15000,15000,1,-1,66.9375,66.9375,0
1786404188639,15000,die0,15000,15000,1,-1,66.9375,66.9375,0
1786404188739,15000,die0,15000,15000,1,-1,66.9375,66.9375,0
1786404188839,15000,die0,15000,15000,1,-1,66.9375,66.9375,0
1786404188939,15000,die0,15000,15000,1,-1,66.9375,66.9375,0
1786404189039,15000,die0,15000,15000,1,-1,66.4375,66.4375,0
1786404189139,15000,die0,15000,15000,1,-1,66.4375,66.4375,0
1786404189239,15000,die0,15000,15000,1,-1,66.4375,66.4375,0
1786404189339,15000,die0,15000,15000,1,-1,66.4375,66.4375,0
1786404189439,15000,die0,15000,15000,1,-1,66.4375,66.4375,0
1786404189539,15000,die0,15000,15000,1,-1,66.4375,66.4375,0
1786404189639,15000,die0,15000,15000,1,-1,66.4375,66.4375,0
1786404189739,15000,die0,15000,15000,1,-1,66.4375,66.4375,0
1786404189839,15000,die0,15000,15000,1,-1,66.4375,66.4375,0
1786404189939,15000,die0,15000,15000,1,-1,66.4375,66.4375,0
1786404190039,15000,die0,15000,15000,1,-1,65.8125,65.8125,0
1786404190139,15000,die0,15000,15000,1,-1,65.8125,65.8125,0
1786404190239,15000,die0,15000,15000,1,-1,65.8125,65.8125,0
1786404190339,15000,die0,15000,15000,1,-1,65.8125,65.8125,0
1786404190439,15000,die0,15000,15000,1,-1,65.8125,65.8125,0
1786404190539,15000,die0,15000,15000,1,-1,65.8125,65.8125,0
1786404190639,15000,die0,15000,15000,1,-1,65.8125,65.8125,0
1786404190739,15000,die0,15000,15000,1,-1,65.8125,65.8125,0
1786404190839,15000,die0,15000,15000,1,-1,65.8125,65.8125,0
1786404190939,15000,die0,15000,15000,1,-1,65.8125,65.8125,0
1786404191039,15000,die0,15000,15000,1,-1,65.4375,65.4375,0
1786404191139,15000,die0,15000,15000,1,-1,65.4375,65.4375,0
1786404191239,15000,die0,15000,15000,1,-1,65.4375,65.4375,0
1786404191339,15000,die0,15000,15000,1,-1,65.4375,65.4375,0
1786404191439,15000,die0,15000,15000,1,-1,65.4375,65.4375,0
1786404191539,15000,die0,15000,15000,1,-1,65.4375,65.4375,0
1786404191639,15000,die0,15000,15000,1,-1,65.4375,65.4375,0
1786404191742,15000,die0,15000,15000,1,-1,65.4375,65.4375,0
1786404191839,15000,die0,15000,15000,1,-1,65.4375,65.4375,0
1786404191939,15000,die0,15000,15000,1,-1,65.4375,65.4375,0
1786404192039,15000,die0,15000,15000,1,-1,64.9375,64.9375,0
1786404192139,15000,die0,15000,15000,1,-1,64.9375,64.9375,0
1786404192239,15000,die0,15000,15000,1,-1,64.9375,64.9375,0
1786404192339,15000,die0,15000,15000,1,-1,64.9375,64.9375,0
1786404192439,15000,die0,15000,15000,1,-1,64.9375,64.9375,0
1786404192539,15000,die0,15000,15000,1,-1,64.9375,64.9375,0
1786404192639,15000,die0,15000,15000,1,-1,64.9375,64.9375,0
1786404192739,15000,die0,15000,15000,1,-1,64.9375,64.9375,0
1786404192839,15000,die0,15000,15000,1,-1,64.9375,64.9375,0
1786404192939,15000,die0,15000,15000,1,-1,64.9375,64.9375,0
1786404193039,15000,die0,15000,15000,1,-1,64.375,64.375,0
1786404193139,15000,die0,15000,15000,1,-1,64.375,64.375,0
1786404193239,15000,die0,15000,15000,1,-1,64.375,64.375,0
1786404193339,15000,die0,15000,15000,1,-1,64.375,64.375,0
1786404193439,15000,die0,15000,15000,1,-1,64.375,64.375,0
1786404193539,15000,die0,15000,15000,1,-1,64.375,64.375,0
1786404193639,15000,die0,15000,15000,1,-1,64.375,64.375,0
1786404193739,15000,die0,15000,15000,1,-1,64.375,64.375,0
1786404193842,15000,die0,15000,15000,1,-1,64.375,64.375,0
1786404193939,15000,die0,15000,15000,1,-1,64.375,64.375,0
1786404194039,15000,die0,15000,15000,1,-1,64.0625,64.0625,0
1786404194139,15000,die0,15000,15000,1,-1,64.0625,64.0625,0
1786404194239,15000,die0,15000,15000,1,-1,64.0625,64.0625,0
1786404194339,15000,die0,15000,15000,1,-1,64.0625,64.0625,0
1786404194439,15000,die0,15000,15000,1,-1,64.0625,64.0625,0
1786404194539,15000,die0,15000,15000,1,-1,64.0625,64.0625,0
1786404194639,15000,die0,15000,15000,1,-1,64.0625,64.0625,0
1786404194739,15000,die0,15000,15000,1,-1,64.0625,64.0625,0
1786404194839,15000,die0,15000,15000,1,-1,64.0625,64.0625,0
1786404194939,15000,die0,15000,15000,1,-1,64.0625,64.0625,0
1786404195039,15000,die0,15000,15000,1,-1,63.5625,63.5625,0
1786404195139,15000,die0,15000,15000,1,-1,63.5625,63.5625,0
1786404195239,15000,die0,15000,15000,1,-1,63.5625,63.5625,0
1786404195339,15000,die0,15000,15000,1,-1,63.5625,63.5625,0
1786404195439,15000,die0,15000,15000,1,-1,63.5625,63.5625,0
1786404195539,15000,die0,15000,15000,1,-1,63.5625,63.5625,0
1786404195639,15000,die0,15000,15000,1,-1,63.5625,63.5625,0
1786404195739,15000,die0,15000,15000,1,-1,63.5625,63.5625,0
1786404195839,15000,die0,15000,15000,1,-1,63.5625,63.5625,0
1786404195939,15000,die0,15000,15000,1,-1,63.5625,63.5625,0
1786404196039,15000,die0,15000,15000,1,-1,63.125,63.125,0
1786404196139,15000,die0,15000,15000,1,-1,63.125,63.125,0
1786404196239,15000,die0,15000,15000,1,-1,63.125,63.125,0
1786404196339,15000,die0,15000,15000,1,-1,63.125,63.125,0
1786404196439,15000,die0,15000,15000,1,-1,63.125,63.125,0
1786404196539,15000,die0,15000,15000,1,-1,63.125,63.125,0
1786404196639,15000,die0,15000,15000,1,-1,63.125,63.125,0
1786404196739,15000,die0,15000,15000,1,-1,63.125,63.125,0
1786404196839,15000,die0,15000,15000,1,-1,63.125,63.125,0
1786404196939,15000,die0,15000,15000,1,-1,63.125,63.125,0
1786404197039,15000,die0,15000,15000,1,-1,62.5,62.5,0
1786404197139,15000,die0,15000,15000,1,-1,62.5,62.5,0
1786404197239,15000,die0,15000,15000,1,-1,62.5,62.5,0
1786404197339,15000,die0,15000,15000,1,-1,62.5,62.5,0
1786404197439,15000,die0,15000,15000,1,-1,62.5,62.5,0
1786404197539,15000,die0,15000,15000,1,-1,62.5,62.5,0
1786404197639,15000,die0,15000,15000,1,-1,62.5,62.5,0
1786404197739,15000,die0,15000,15000,1,-1,62.5,62.5,0
1786404197839,15000,die0,15000,15000,1,-1,62.5,62.5,0
1786404197939,15000,die0,15000,15000,1,-1,62.5,62.5,0
1786404198039,15000,die0,15000,15000,1,-1,62.1875,62.1875,0
1786404198139,15000,die0,15000,15000,1,-1,62.1875,62.1875,0
1786404198239,15000,die0,15000,15000,1,-1,62.1875,62.1875,0
1786404198339,15000,die0,15000,15000,1,-1,62.1875,62.1875,0
1786404198439,15000,die0,15000,15000,1,-1,62.1875,62.1875,0
1786404198539,15000,die0,15000,15000,1,-1,62.1875,62.1875,0
1786404198639,15000,die0,15000,15000,1,-1,62.1875,62.1875,0
1786404198739,15000,die0,15000,15000,1,-1,62.1875,62.1875,0
1786404198839,15000,die0,15000,15000,1,-1,62.1875,62.1875,0
1786404198939,15000,die0,15000,15000,1,-1,62.1875,62.1875,0
1786404199039,15000,die0,15000,15000,1,-1,61.8125,61.8125,0
1786404199139,15000,die0,15000,15000,1,-1,61.8125,61.8125,0
1786404199239,15000,die0,15000,15000,1,-1,61.8125,61.8125,0
1786404199339,15000,die0,15000,15000,1,-1,61.8125,61.8125,0
1786404199439,15000,die0,15000,15000,1,-1,61.8125,61.8125,0
1786404199539,15000,die0,15000,15000,1,-1,61.8125,61.8125,0
1786404199639,15000,die0,15000,15000,1,-1,61.8125,61.8125,0
1786404199742,15000,die0,15000,15000,1,-1,61.8125,61.8125,0
1786404199839,15000,die0,15000,15000,1,-1,61.8125,61.8125,0
1786404199939,15000,die0,15000,15000,1,-1,61.8125,61.8125,0
1786404200039,15000,die0,15000,15000,1,-1,61.3125,61.3125,0
1786404200139,15000,die0,15000,15000,1,-1,61.3125,61.3125,0
1786404200239,15000,die0,15000,15000,1,-1,61.3125,61.3125,0
1786404200339,15000,die0,15000,15000,1,-1,61.3125,61.3125,0
1786404200439,15000,die0,15000,15000,1,-1,61.3125,61.3125,0
1786404200539,15000,die0,15000,15000,1,-1,61.3125,61.3125,0
1786404200639,15000,die0,15000,15000,1,-1,61.3125,61.3125,0
1786404200739,15000,die0,15000,15000,1,-1,61.3125,61.3125,0
1786404200839,15000,die0,15000,15000,1,-1,61.3125,61.3125,0
1786404200939,15000,die0,15000,15000,1,-1,61.3125,61.3125,0
1786404201039,15000,die0,15000,15000,1,-1,60.9375,60.9375,0
1786404201139,15000,die0,15000,15000,1,-1,60.9375,60.9375,0
1786404201239,15000,die0,15000,15000,1,-1,60.9375,60.9375,0
1786404201339,15000,die0,15000,15000,1,-1,60.9375,60.9375,0
1786404201439,15000,die0,15000,15000,1,-1,60.9375,60.9375,0
1786404201539,15000,die0,15000,15000,1,-1,60.9375,60.9375,0
1786404201639,15000,die0,15000,15000,1,-1,60.9375,60.9375,0
1786404201739,15000,die0,15000,15000,1,-1,60.9375,60.9375,0
1786404201839,15000,die0,15000,15000,1,-1,60.9375,60.9375,0
1786404201939,15000,die0,15000,15000,1,-1,60.9375,60.9375,0
1786404202039,15000,die0,15000,15000,1,-1,60.5625,60.5625,0
1786404202142,15000,die0,15000,15000,1,-1,60.5625,60.5625,0
1786404202239,15000,die0,15000,15000,1,-1,60.5625,60.5625,0
1786404202339,15000,die0,15000,15000,1,-1,60.5625,60.5625,0
1786404202439,15000,die0,15000,15000,1,-1,60.5625,60.5625,0
1786404202539,15000,die0,15000,15000,1,-1,60.5625,60.5625,0
1786404202639,15000,die0,15000,15000,1,-1,60.5625,60.5625,0
1786404202739,15000,die0,15000,15000,1,-1,60.5625,60.5625,0
1786404202839,15000,die0,15000,15000,1,-1,60.5625,60.5625,0
1786404202939,15000,die0,15000,15000,1,-1,60.5625,60.5625,0
1786404203039,15000,die0,15000,15000,1,-1,60.1875,60.1875,0
1786404203139,15000,die0,15000,15000,1,-1,60.1875,60.1875,0
1786404203239,15000,die0,15000,15000,1,-1,60.1875,60.1875,0
1786404203339,15000,die0,15000,15000,1,-1,60.1875,60.1875,0
1786404203439,15000,die0,15000,15000,1,-1,60.1875,60.1875,0
1786404203539,15000,die0,15000,15000,1,-1,60.1875,60.1875,0
1786404203642,15000,die0,15000,15000,1,-1,60.1875,60.1875,0
1786404203739,15000,die0,15000,15000,1,-1,60.1875,60.1875,0
1786404203839,15000,die0,15000,15000,1,-1,60.1875,60.1875,0
1786404203939,15000,die0,15000,15000,1,-1,60.1875,60.1875,0
1786404204039,15000,die0,15000,15000,1,-1,59.8125,59.8125,0
1786404204139,15000,die0,15000,15000,1,-1,59.8125,59.8125,0
1786404204239,15000,die0,15000,15000,1,-1,59.8125,59.8125,0
1786404204339,15000,die0,15000,15000,1,-1,59.8125,59.8125,0
1786404204439,15000,die0,15000,15000,1,-1,59.8125,59.8125,0
1786404204539,15000,die0,15000,15000,1,-1,59.8125,59.8125,0
1786404204639,15000,die0,15000,15000,1,-1,59.8125,59.8125,0
1786404204739,15000,die0,15000,15000,1,-1,59.8125,59.8125,0
1786404204842,15000,die0,15000,15000,1,-1,59.8125,59.8125,0
1786404204939,15000,die0,15000,15000,1,-1,59.8125,59.8125,0
1786404205039,15000,die0,15000,15000,1,-1,59.4375,59.4375,0
1786404205139,15000,die0,15000,15000,1,-1,59.4375,59.4375,0
1786404205239,15000,die0,15000,15000,1,-1,59.4375,59.4375,0
1786404205339,15000,die0,15000,15000,1,-1,59.4375,59.4375,0
1786404205439,15000,die0,15000,15000,1,-1,59.4375,59.4375,0
1786404205539,15000,die0,15000,15000,1,-1,59.4375,59.4375,0
1786404205639,15000,die0,15000,15000,1,-1,59.4375,59.4375,0
1786404205739,15000,die0,15000,15000,1,-1,59.4375,59.4375,0
1786404205839,15000,die0,15000,15000,1,-1,59.4375,59.4375,0
1786404205939,15000,die0,15000,15000,1,-1,59.4375,59.4375,0
1786404206039,15000,die0,15000,15000,1,-1,59.125,59.125,0
1786404206139,15000,die0,15000,15000,1,-1,59.125,59.125,0
1786404206239,15000,die0,15000,15000,1,-1,59.125,59.125,0
1786404206339,15000,die0,15000,15000,1,-1,59.125,59.125,0
1786404206439,15000,die0,15000,15000,1,-1,59.125,59.125,0
1786404206539,15000,die0,15000,15000,1,-1,59.125,59.125,0
1786404206639,15000,die0,15000,15000,1,-1,59.125,59.125,0
1786404206739,15000,die0,15000,15000,1,-1,59.125,59.125,0
1786404206839,15000,die0,15000,15000,1,-1,59.125,59.125,0
1786404206939,15000,die0,15000,15000,1,-1,59.125,59.125,0
1786404207039,15000,die0,15000,15000,1,-1,58.6875,58.6875,0
1786404207139,15000,die0,15000,15000,1,-1,58.6875,58.6875,0
1786404207239,15000,die0,15000,15000,1,-1,58.6875,58.6875,0
1786404207339,15000,die0,15000,15000,1,-1,58.6875,58.6875,0
1786404207439,15000,die0,15000,15000,1,-1,58.6875,58.6875,0
1786404207539,15000,die0,15000,15000,1,-1,58.6875,58.6875,0
1786404207639,15000,die0,15000,15000,1,-1,58.6875,58.6875,0
1786404207739,15000,die0,15000,15000,1,-1,58.6875,58.6875,0
1786404207839,15000,die0,15000,15000,1,-1,58.6875,58.6875,0
1786404207939,15000,die0,15000,15000,1,-1,58.6875,58.6875,0
1786404208039,15000,die0,15000,15000,1,-1,58.375,58.375,0
1786404208139,15000,die0,15000,15000,1,-1,58.375,58.375,0
1786404208242,15000,die0,15000,15000,1,-1,58.375,58.375,0
1786404208339,15000,die0,15000,15000,1,-1,58.375,58.375,0
1786404208439,15000,die0,15000,15000,1,-1,58.375,58.375,0
1786404208539,15000,die0,15000,15000,1,-1,58.375,58.375,0
1786404208639,15000,die0,15000,15000,1,-1,58.375,58.375,0
1786404208739,15000,die0,15000,15000,1,-1,58.375,58.375,0
1786404208839,15000,die0,15000,15000,1,-1,58.375,58.375,0
1786404208939,15000,die0,15000,15000,1,-1,58.375,58.375,0
1786404209039,15000,die0,15000,15000,1,-1,58,58,0
1786404209139,15000,die0,15000,15000,1,-1,58,58,0
1786404209239,15000,die0,15000,15000,1,-1,58,58,0
1786404209339,15000,die0,15000,15000,1,-1,58,58,0
1786404209439,15000,die0,15000,15000,1,-1,58,58,0
1786404209539,15000,die0,15000,15000,1,-1,58,58,0
1786404209639,15000,die0,15000,15000,1,-1,58,58,0
1786404209739,15000,die0,15000,15000,1,-1,58,58,0
1786404209839,15000,die0,15000,15000,1,-1,58,58,0
1786404209939,15000,die0,15000,15000,1,-1,58,58,0
1786404210039,15000,die0,15000,15000,1,-1,57.6875,57.6875,0
1786404210139,15000,die0,15000,15000,1,-1,57.6875,57.6875,0
1786404210239,15000,die0,15000,15000,1,-1,57.6875,57.6875,0
1786404210339,15000,die0,15000,15000,1,-1,57.6875,57.6875,0
1786404210439,15000,die0,15000,15000,1,-1,57.6875,57.6875,0
1786404210539,15000,die0,15000,15000,1,-1,57.6875,57.6875,0
1786404210639,15000,die0,15000,15000,1,-1,57.6875,57.6875,0
1786404210739,15000,die0,15000,15000,1,-1,57.6875,57.6875,0
1786404210839,15000,die0,15000,15000,1,-1,57.6875,57.6875,0
1786404210939,15000,die0,15000,15000,1,-1,57.6875,57.6875,0
1786404211039,15000,die0,15000,15000,1,-1,57.3125,57.3125,0
1786404211139,15000,die0,15000,15000,1,-1,57.3125,57.3125,0
1786404211239,15000,die0,15000,15000,1,-1,57.3125,57.3125,0
1786404211339,15000,die0,15000,15000,1,-1,57.3125,57.3125,0
1786404211439,15000,die0,15000,15000,1,-1,57.3125,57.3125,0
1786404211539,15000,die0,15000,15000,1,-1,57.3125,57.3125,0
1786404211639,15000,die0,15000,15000,1,-1,57.3125,57.3125,0
1786404211739,15000,die0,15000,15000,1,-1,57.3125,57.3125,0
1786404211839,15000,die0,15000,15000,1,-1,57.3125,57.3125,0
1786404211939,15000,die0,15000,15000,1,-1,57.3125,57.3125,0
1786404212039,15000,die0,15000,15000,1,-1,57.0625,57.0625,0
1786404212139,15000,die0,15000,15000,1,-1,57.0625,57.0625,0
1786404212242,15000,die0,15000,15000,1,-1,57.0625,57.0625,0
1786404212339,15000,die0,15000,15000,1,-1,57.0625,57.0625,0
1786404212439,15000,die0,15000,15000,1,-1,57.0625,57.0625,0
1786404212539,15000,die0,15000,15000,1,-1,57.0625,57.0625,0
1786404212639,15000,die0,15000,15000,1,-1,57.0625,57.0625,0
1786404212739,15000,die0,15000,15000,1,-1,57.0625,57.0625,0
1786404212839,15000,die0,15000,15000,1,-1,57.0625,57.0625,0
1786404212939,15000,die0,15000,15000,1,-1,57.0625,57.0625,0
1786404213039,15000,die0,15000,15000,1,-1,56.75,56.75,0
1786404213139,15000,die0,15000,15000,1,-1,56.75,56.75,0
1786404213239,15000,die0,15000,15000,1,-1,56.75,56.75,0
1786404213339,15000,die0,15000,15000,1,-1,56.75,56.75,0
1786404213439,15000,die0,15000,15000,1,-1,56.75,56.75,0
1786404213539,15000,die0,15000,15000,1,-1,56.75,56.75,0
1786404213639,15000,die0,15000,15000,1,-1,56.75,56.75,0
1786404213739,15000,die0,15000,15000,1,-1,56.75,56.75,0
1786404213839,15000,die0,15000,15000,1,-1,56.75,56.75,0
1786404213939,15000,die0,15000,15000,1,-1,56.75,56.75,0
1786404214039,15000,die0,15000,15000,1,-1,56.375,56.375,0
1786404214139,15000,die0,15000,15000,1,-1,56.375,56.375,0
1786404214239,15000,die0,15000,15000,1,-1,56.375,56.375,0
1786404214339,15000,die0,15000,15000,1,-1,56.375,56.375,0
1786404214439,15000,die0,15000,15000,1,-1,56.375,56.375,0
1786404214539,15000,die0,15000,15000,1,-1,56.375,56.375,0
1786404214639,15000,die0,15000,15000,1,-1,56.375,56.375,0
1786404214739,15000,die0,15000,15000,1,-1,56.375,56.375,0
1786404214839,15000,die0,15000,15000,1,-1,56.375,56.375,0
1786404214939,15000,die0,15000,15000,1,-1,56.375,56.375,0
1786404215039,15000,die0,15000,15000,1,-1,56.1875,56.1875,0
1786404215139,15000,die0,15000,15000,1,-1,56.1875,56.1875,0
1786404215239,15000,die0,15000,15000,1,-1,56.1875,56.1875,0
1786404215339,15000,die0,15000,15000,1,-1,56.1875,56.1875,0
1786404215439,15000,die0,15000,15000,1,-1,56.1875,56.1875,0
1786404215539,15000,die0,15000,15000,1,-1,56.1875,56.1875,0
1786404215639,15000,die0,15000,15000,1,-1,56.1875,56.1875,0
1786404215739,15000,die0,15000,15000,1,-1,56.1875,56.1875,0
1786404215839,15000,die0,15000,15000,1,-1,56.1875,56.1875,0
1786404215939,15000,die0,15000,15000,1,-1,56.1875,56.1875,0
1786404216039,15000,die0,15000,15000,1,-1,55.8125,55.8125,0
1786404216139,15000,die0,15000,15000,1,-1,55.8125,55.8125,0
1786404216239,15000,die0,15000,15000,1,-1,55.8125,55.8125,0
1786404216342,15000,die0,15000,15000,1,-1,55.8125,55.8125,0
1786404216439,15000,die0,15000,15000,1,-1,55.8125,55.8125,0
1786404216539,15000,die0,15000,15000,1,-1,55.8125,55.8125,0
1786404216639,15000,die0,15000,15000,1,-1,55.8125,55.8125,0
1786404216739,15000,die0,15000,15000,1,-1,55.8125,55.8125,0
1786404216839,15000,die0,15000,15000,1,-1,55.8125,55.8125,0
1786404216939,15000,die0,15000,15000,1,-1,55.8125,55.8125,0
1786404217039,15000,die0,15000,15000,1,-1,55.5625,55.5625,0
1786404217139,15000,die0,15000,15000,1,-1,55.5625,55.5625,0
1786404217239,15000,die0,15000,15000,1,-1,55.5625,55.5625,0
1786404217339,15000,die0,15000,15000,1,-1,55.5625,55.5625,0
1786404217439,15000,die0,15000,15000,1,-1,55.5625,55.5625,0
1786404217539,15000,die0,15000,15000,1,-1,55.5625,55.5625,0
1786404217639,15000,die0,15000,15000,1,-1,55.5625,55.5625,0
1786404217739,15000,die0,15000,15000,1,-1,55.5625,55.5625,0
1786404217839,15000,die0,15000,15000,1,-1,55.5625,55.5625,0
1786404217942,15000,die0,15000,15000,1,-1,55.5625,55.5625,0
1786404218039,15000,die0,15000,15000,1,-1,55.25,55.25,0
1786404218139,15000,die0,15000,15000,1,-1,55.25,55.25,0
1786404218239,15000,die0,15000,15000,1,-1,55.25,55.25,0
1786404218339,15000,die0,15000,15000,1,-1,55.25,55.25,0
1786404218439,15000,die0,15000,15000,1,-1,55.25,55.25,0
1786404218539,15000,die0,15000,15000,1,-1,55.25,55.25,0
1786404218639,15000,die0,15000,15000,1,-1,55.25,55.25,0
1786404218739,15000,die0,15000,15000,1,-1,55.25,55.25,0
1786404218839,15000,die0,15000,15000,1,-1,55.25,55.25,0
1786404218939,15000,die0,15000,15000,1,-1,55.25,55.25,0
1786404219039,15000,die0,15000,15000,1,-1,55.0625,55.0625,0
1786404219139,15000,die0,15000,15000,1,-1,55.0625,55.0625,0
1786404219239,15000,die0,15000,15000,1,-1,55.0625,55.0625,0
1786404219339,15000,die0,15000,15000,1,-1,55.0625,55.0625,0
1786404219442,15000,die0,15000,15000,1,-1,55.0625,55.0625,0
1786404219539,15000,die0,15000,15000,1,-1,55.0625,55.0625,0
1786404219639,15000,die0,15000,15000,1,-1,55.0625,55.0625,0
1786404219739,15000,die0,15000,15000,1,-1,55.0625,55.0625,0
1786404219839,15000,die0,15000,15000,1,-1,55.0625,55.0625,0
1786404219939,15000,die0,15000,15000,1,-1,55.0625,55.0625,0
1786404220039,15000,die0,15000,15000,1,-1,54.75,54.75,0
1786404220139,15000,die0,15000,15000,1,-1,54.75,54.75,0
1786404220239,15000,die0,15000,15000,1,-1,54.75,54.75,0
1786404220339,15000,die0,15000,15000,1,-1,54.75,54.75,0
1786404220439,15000,die0,15000,15000,1,-1,54.75,54.75,0
1786404220539,15000,die0,15000,15000,1,-1,54.75,54.75,0
1786404220639,15000,die0,15000,15000,1,-1,54.75,54.75,0
1786404220739,15000,die0,15000,15000,1,-1,54.75,54.75,0
1786404220839,15000,die0,15000,15000,1,-1,54.75,54.75,0
1786404220939,15000,die0,15000,15000,1,-1,54.75,54.75,0
1786404221042,15000,die0,15000,15000,1,-1,54.4375,54.4375,0
1786404221139,15000,die0,15000,15000,1,-1,54.4375,54.4375,0
1786404221239,15000,die0,15000,15000,1,-1,54.4375,54.4375,0
1786404221339,15000,die0,15000,15000,1,-1,54.4375,54.4375,0
1786404221439,15000,die0,15000,15000,1,-1,54.4375,54.4375,0
1786404221539,15000,die0,15000,15000,1,-1,54.4375,54.4375,0
1786404221639,15000,die0,15000,15000,1,-1,54.4375,54.4375,0
1786404221739,15000,die0,15000,15000,1,-1,54.4375,54.4375,0
1786404221839,15000,die0,15000,15000,1,-1,54.4375,54.4375,0
1786404221939,15000,die0,15000,15000,1,-1,54.4375,54.4375,0
1786404222039,15000,die0,15000,15000,1,-1,54.25,54.25,0
1786404222139,15000,die0,15000,15000,1,-1,54.25,54.25,0
1786404222239,15000,die0,15000,15000,1,-1,54.25,54.25,0
1786404222339,15000,die0,15000,15000,1,-1,54.25,54.25,0
1786404222439,15000,die0,15000,15000,1,-1,54.25,54.25,0
1786404222539,15000,die0,15000,15000,1,-1,54.25,54.25,0
1786404222639,15000,die0,15000,15000,1,-1,54.25,54.25,0
1786404222739,15000,die0,15000,15000,1,-1,54.25,54.25,0
1786404222839,15000,die0,15000,15000,1,-1,54.25,54.25,0
1786404222939,15000,die0,15000,15000,1,-1,54.25,54.25,0
1786404223039,15000,die0,15000,15000,1,-1,53.9375,53.9375,0
1786404223139,15000,die0,15000,15000,1,-1,53.9375,53.9375,0
1786404223242,15000,die0,15000,15000,1,-1,53.9375,53.9375,0
1786404223339,15000,die0,15000,15000,1,-1,53.9375,53.9375,0
1786404223439,15000,die0,15000,15000,1,-1,53.9375,53.9375,0
1786404223539,15000,die0,15000,15000,1,-1,53.9375,53.9375,0
1786404223639,15000,die0,15000,15000,1,-1,53.9375,53.9375,0
1786404223739,15000,die0,15000,15000,1,-1,53.9375,53.9375,0
1786404223839,15000,die0,15000,15000,1,-1,53.9375,53.9375,0
1786404223939,15000,die0,15000,15000,1,-1,53.9375,53.9375,0
1786404224039,15000,die0,15000,15000,1,-1,53.8125,53.8125,0
1786404224139,15000,die0,15000,15000,1,-1,53.8125,53.8125,0
1786404224239,15000,die0,15000,15000,1,-1,53.8125,53.8125,0
1786404224339,15000,die0,15000,15000,1,-1,53.8125,53.8125,0
1786404224439,15000,die0,15000,15000,1,-1,53.8125,53.8125,0
1786404224539,15000,die0,15000,15000,1,-1,53.8125,53.8125,0
1786404224639,15000,die0,15000,15000,1,-1,53.8125,53.8125,0
1786404224739,15000,die0,15000,15000,1,-1,53.8125,53.8125,0
1786404224839,15000,die0,15000,15000,1,-1,53.8125,53.8125,0
1786404224939,15000,die0,15000,15000,1,-1,53.8125,53.8125,0
1786404225039,15000,die0,15000,15000,1,-1,53.5,53.5,0
1786404225139,15000,die0,15000,15000,1,-1,53.5,53.5,0
1786404225239,15000,die0,15000,15000,1,-1,53.5,53.5,0
1786404225339,15000,die0,15000,15000,1,-1,53.5,53.5,0
1786404225439,15000,die0,15000,15000,1,-1,53.5,53.5,0
1786404225539,15000,die0,15000,15000,1,-1,53.5,53.5,0
1786404225639,15000,die0,15000,15000,1,-1,53.5,53.5,0
1786404225739,15000,die0,15000,15000,1,-1,53.5,53.5,0
1786404225839,15000,die0,15000,15000,1,-1,53.5,53.5,0
1786404225939,15000,die0,15000,15000,1,-1,53.5,53.5,0
1786404226039,15000,die0,15000,15000,1,-1,53.3125,53.3125,0
1786404226139,15000,die0,15000,15000,1,-1,53.3125,53.3125,0
1786404226239,15000,die0,15000,15000,1,-1,53.3125,53.3125,0
1786404226339,15000,die0,15000,15000,1,-1,53.3125,53.3125,0
1786404226439,15000,die0,15000,15000,1,-1,53.3125,53.3125,0
1786404226539,15000,die0,15000,15000,1,-1,53.3125,53.3125,0
1786404226639,15000,die0,15000,15000,1,-1,53.3125,53.3125,0
1786404226739,15000,die0,15000,15000,1,-1,53.3125,53.3125,0
1786404226839,15000,die0,15000,15000,1,-1,53.3125,53.3125,0
1786404226939,15000,die0,15000,15000,1,-1,53.3125,53.3125,0
1786404227039,15000,die0,15000,15000,1,-1,53.125,53.125,0
1786404227139,15000,die0,15000,15000,1,-1,53.125,53.125,0
1786404227239,15000,die0,15000,15000,1,-1,53.125,53.125,0
1786404227339,15000,die0,15000,15000,1,-1,53.125,53.125,0
1786404227439,15000,die0,15000,15000,1,-1,53.125,53.125,0
1786404227539,15000,die0,15000,15000,1,-1,53.125,53.125,0
1786404227639,15000,die0,15000,15000,1,-1,53.125,53.125,0
1786404227739,15000,die0,15000,15000,1,-1,53.125,53.125,0
1786404227839,15000,die0,15000,15000,1,-1,53.125,53.125,0
1786404227939,15000,die0,15000,15000,1,-1,53.125,53.125,0
1786404228039,15000,die0,15000,15000,1,-1,52.875,52.875,0
1786404228139,15000,die0,15000,15000,1,-1,52.875,52.875,0
1786404228239,15000,die0,15000,15000,1,-1,52.875,52.875,0
1786404228339,15000,die0,15000,15000,1,-1,52.875,52.875,0
1786404228439,15000,die0,15000,15000,1,-1,52.875,52.875,0
1786404228539,15000,die0,15000,15000,1,-1,52.875,52.875,0
1786404228639,15000,die0,15000,15000,1,-1,52.875,52.875,0
1786404228739,15000,die0,15000,15000,1,-1,52.875,52.875,0
1786404228839,15000,die0,15000,15000,1,-1,52.875,52.875,0
1786404228939,15000,die0,15000,15000,1,-1,52.875,52.875,0
1786404229039,15000,die0,15000,15000,1,-1,52.625,52.625,0
1786404229139,15000,die0,15000,15000,1,-1,52.625,52.625,0
1786404229239,15000,die0,15000,15000,1,-1,52.625,52.625,0
1786404229339,15000,die0,15000,15000,1,-1,52.625,52.625,0
1786404229439,15000,die0,15000,15000,1,-1,52.625,52.625,0
1786404229539,15000,die0,15000,15000,1,-1,52.625,52.625,0
1786404229639,15000,die0,15000,15000,1,-1,52.625,52.625,0
1786404229739,15000,die0,15000,15000,1,-1,52.625,52.625,0
1786404229839,15000,die0,15000,15000,1,-1,52.625,52.625,0
1786404229939,15000,die0,15000,15000,1,-1,52.625,52.625,0
1786404230039,15000,die0,15000,15000,1,-1,52.4375,52.4375,0
1786404230139,15000,die0,15000,15000,1,-1,52.4375,52.4375,0
1786404230239,15000,die0,15000,15000,1,-1,52.4375,52.4375,0
1786404230339,15000,die0,15000,15000,1,-1,52.4375,52.4375,0
1786404230439,15000,die0,15000,15000,1,-1,52.4375,52.4375,0
1786404230539,15000,die0,15000,15000,1,-1,52.4375,52.4375,0
1786404230639,15000,die0,15000,15000,1,-1,52.4375,52.4375,0
1786404230739,15000,die0,15000,15000,1,-1,52.4375,52.4375,0
1786404230839,15000,die0,15000,15000,1,-1,52.4375,52.4375,0
1786404230939,15000,die0,15000,15000,1,-1,52.4375,52.4375,0
1786404231042,15000,die0,15000,15000,1,-1,52.25,52.25,0
1786404231139,15000,die0,15000,15000,1,-1,52.25,52.25,0
1786404231239,15000,die0,15000,15000,1,-1,52.25,52.25,0
1786404231339,15000,die0,15000,15000,1,-1,52.25,52.25,0
1786404231439,15000,die0,15000,15000,1,-1,52.25,52.25,0
1786404231539,15000,die0,15000,15000,1,-1,52.25,52.25,0
1786404231639,15000,die0,15000,15000,1,-1,52.25,52.25,0
1786404231739,15000,die0,15000,15000,1,-1,52.25,52.25,0
1786404231839,15000,die0,15000,15000,1,-1,52.25,52.25,0
1786404231942,15000,die0,15000,15000,1,-1,52.25,52.25,0
1786404232039,15000,die0,15000,15000,1,-1,52.0625,52.0625,0
1786404232139,15000,die0,15000,15000,1,-1,52.0625,52.0625,0
1786404232239,15000,die0,15000,15000,1,-1,52.0625,52.0625,0
1786404232339,15000,die0,15000,15000,1,-1,52.0625,52.0625,0
1786404232439,15000,die0,15000,15000,1,-1,52.0625,52.0625,0
1786404232539,15000,die0,15000,15000,1,-1,52.0625,52.0625,0
1786404232639,15000,die0,15000,15000,1,-1,52.0625,52.0625,0
1786404232739,15000,die0,15000,15000,1,-1,52.0625,52.0625,0
1786404232839,15000,die0,15000,15000,1,-1,52.0625,52.0625,0
1786404232939,15000,die0,15000,15000,1,-1,52.0625,52.0625,0
1786404233039,15000,die0,15000,15000,1,-1,51.8125,51.8125,0
1786404233139,15000,die0,15000,15000,1,-1,51.8125,51.8125,0
1786404233239,15000,die0,15000,15000,1,-1,51.8125,51.8125,0
1786404233339,15000,die0,15000,15000,1,-1,51.8125,51.8125,0
1786404233439,15000,die0,15000,15000,1,-1,51.8125,51.8125,0
1786404233539,15000,die0,15000,15000,1,-1,51.8125,51.8125,0
1786404233639,15000,die0,15000,15000,1,-1,51.8125,51.8125,0
1786404233739,15000,die0,15000,15000,1,-1,51.8125,51.8125,0
1786404233839,15000,die0,15000,15000,1,-1,51.8125,51.8125,0
1786404233939,15000,die0,15000,15000,1,-1,51.8125,51.8125,0
1786404234039,15000,die0,15000,15000,1,-1,51.6875,51.6875,0
1786404234139,15000,die0,15000,15000,1,-1,51.6875,51.6875,0
1786404234239,15000,die0,15000,15000,1,-1,51.6875,51.6875,0
1786404234339,15000,die0,15000,15000,1,-1,51.6875,51.6875,0
1786404234442,15000,die0,15000,15000,1,-1,51.6875,51.6875,0
1786404234539,15000,die0,15000,15000,1,-1,51.6875,51.6875,0
1786404234639,15000,die0,15000,15000,1,-1,51.6875,51.6875,0
1786404234739,15000,die0,15000,15000,1,-1,51.6875,51.6875,0
1786404234839,15000,die0,15000,15000,1,-1,51.6875,51.6875,0
1786404234939,15000,die0,15000,15000,1,-1,51.6875,51.6875,0
1786404235039,15000,die0,15000,15000,1,-1,51.5,51.5,0
1786404235139,15000,die0,15000,15000,1,-1,51.5,51.5,0
1786404235239,15000,die0,15000,15000,1,-1,51.5,51.5,0
1786404235339,15000,die0,15000,15000,1,-1,51.5,51.5,0
1786404235439,15000,die0,15000,15000,1,-1,51.5,51.5,0
1786404235539,15000,die0,15000,15000,1,-1,51.5,51.5,0
1786404235639,15000,die0,15000,15000,1,-1,51.5,51.5,0
1786404235739,15000,die0,15000,15000,1,-1,51.5,51.5,0
1786404235839,15000,die0,15000,15000,1,-1,51.5,51.5,0
1786404235942,15000,die0,15000,15000,1,-1,51.5,51.5,0
1786404236039,15000,die0,15000,15000,1,-1,51.125,51.125,0
1786404236139,15000,die0,15000,15000,1,-1,51.125,51.125,0
1786404236239,15000,die0,15000,15000,1,-1,51.125,51.125,0
1786404236339,15000,die0,15000,15000,1,-1,51.125,51.125,0
1786404236439,15000,die0,15000,15000,1,-1,51.125,51.125,0
1786404236539,15000,die0,15000,15000,1,-1,51.125,51.125,0
1786404236639,15000,die0,15000,15000,1,-1,51.125,51.125,0
1786404236739,15000,die0,15000,15000,1,-1,51.125,51.125,0
1786404236839,15000,die0,15000,15000,1,-1,51.125,51.125,0
1786404236939,15000,die0,15000,15000,1,-1,51.125,51.125,0
1786404237039,15000,die0,15000,15000,1,-1,51,51,0
1786404237139,15000,die0,15000,15000,1,-1,51,51,0
1786404237239,15000,die0,15000,15000,1,-1,51,51,0
1786404237339,15000,die0,15000,15000,1,-1,51,51,0
1786404237439,15000,die0,15000,15000,1,-1,51,51,0
1786404237542,15000,die0,15000,15000,1,-1,51,51,0
1786404237639,15000,die0,15000,15000,1,-1,51,51,0
1786404237739,15000,die0,15000,15000,1,-1,51,51,0
1786404237839,15000,die0,15000,15000,1,-1,51,51,0
1786404237939,15000,die0,15000,15000,1,-1,51,51,0
1786404238039,15000,die0,15000,15000,1,-1,50.875,50.875,0
1786404238139,15000,die0,15000,15000,1,-1,50.875,50.875,0
1786404238239,15000,die0,15000,15000,1,-1,50.875,50.875,0
1786404238339,15000,die0,15000,15000,1,-1,50.875,50.875,0
1786404238439,15000,die0,15000,15000,1,-1,50.875,50.875,0
1786404238539,15000,die0,15000,15000,1,-1,50.875,50.875,0
1786404238639,15000,die0,15000,15000,1,-1,50.875,50.875,0
1786404238739,15000,die0,15000,15000,1,-1,50.875,50.875,0
1786404238839,15000,die0,15000,15000,1,-1,50.875,50.875,0
1786404238939,15000,die0,15000,15000,1,-1,50.875,50.875,0
1786404239039,15000,die0,15000,15000,1,-1,50.625,50.625,0
1786404239142,15000,die0,15000,15000,1,-1,50.625,50.625,0
1786404239239,15000,die0,15000,15000,1,-1,50.625,50.625,0
1786404239339,15000,die0,15000,15000,1,-1,50.625,50.625,0
1786404239439,15000,die0,15000,15000,1,-1,50.625,50.625,0
1786404239539,15000,die0,15000,15000,1,-1,50.625,50.625,0
1786404239639,15000,die0,15000,15000,1,-1,50.625,50.625,0
1786404239739,15000,die0,15000,15000,1,-1,50.625,50.625,0
1786404239839,15000,die0,15000,15000,1,-1,50.625,50.625,0
1786404239939,15000,die0,15000,15000,1,-1,50.625,50.625,0
1786404240039,15000,die0,15000,15000,1,-1,50.5625,50.5625,0
1786404240139,15000,die0,15000,15000,1,-1,50.5625,50.5625,0
1786404240239,15000,die0,15000,15000,1,-1,50.5625,50.5625,0
1786404240339,15000,die0,15000,15000,1,-1,50.5625,50.5625,0
1786404240439,15000,die0,15000,15000,1,-1,50.5625,50.5625,0
1786404240539,15000,die0,15000,15000,1,-1,50.5625,50.5625,0
1786404240639,15000,die0,15000,15000,1,-1,50.5625,50.5625,0
1786404240741,15000,die0,15000,15000,1,-1,50.5625,50.5625,0
1786404240839,15000,die0,15000,15000,1,-1,50.5625,50.5625,0
1786404240939,15000,die0,15000,15000,1,-1,50.5625,50.5625,0
1786404241039,15000,die0,15000,15000,1,-1,50.375,50.375,0
1786404241139,15000,die0,15000,15000,1,-1,50.375,50.375,0
1786404241239,15000,die0,15000,15000,1,-1,50.375,50.375,0
1786404241339,15000,die0,15000,15000,1,-1,50.375,50.375,0
1786404241439,15000,die0,15000,15000,1,-1,50.375,50.375,0
1786404241539,15000,die0,15000,15000,1,-1,50.375,50.375,0
1786404241639,15000,die0,15000,15000,1,-1,50.375,50.375,0
1786404241739,15000,die0,15000,15000,1,-1,50.375,50.375,0
1786404241839,15000,die0,15000,15000,1,-1,50.375,50.375,0
1786404241939,15000,die0,15000,15000,1,-1,50.375,50.375,0
1786404242039,15000,die0,15000,15000,1,-1,50.3125,50.3125,0
1786404242139,15000,die0,15000,15000,1,-1,50.3125,50.3125,0
1786404242239,15000,die0,15000,15000,1,-1,50.3125,50.3125,0
1786404242339,15000,die0,15000,15000,1,-1,50.3125,50.3125,0
1786404242439,15000,die0,15000,15000,1,-1,50.3125,50.3125,0
1786404242539,15000,die0,15000,15000,1,-1,50.3125,50.3125,0
1786404242639,15000,die0,15000,15000,1,-1,50.3125,50.3125,0
1786404242739,15000,die0,15000,15000,1,-1,50.3125,50.3125,0
1786404242839,15000,die0,15000,15000,1,-1,50.3125,50.3125,0
1786404242942,15000,die0,15000,15000,1,-1,50.3125,50.3125,0
1786404243039,15000,die0,15000,15000,1,-1,50,50,0
1786404243139,15000,die0,15000,15000,1,-1,50,50,0
1786404243239,15000,die0,15000,15000,1,-1,50,50,0
1786404243339,15000,die0,15000,15000,1,-1,50,50,0
1786404243439,15000,die0,15000,15000,1,-1,50,50,0
1786404243539,15000,die0,15000,15000,1,-1,50,50,0
1786404243639,15000,die0,15000,15000,1,-1,50,50,0
1786404243739,15000,die0,15000,15000,1,-1,50,50,0
1786404243839,15000,die0,15000,15000,1,-1,50,50,0
1786404243939,15000,die0,15000,15000,1,-1,50,50,0
1786404244039,15000,die0,15000,15000,1,-1,49.875,49.875,0
1786404244139,15000,die0,15000,15000,1,-1,49.875,49.875,0
1786404244239,15000,die0,15000,15000,1,-1,49.875,49.875,0
1786404244339,15000,die0,15000,15000,1,-1,49.875,49.875,0
1786404244439,15000,die0,15000,15000,1,-1,49.875,49.875,0
1786404244539,15000,die0,15000,15000,1,-1,49.875,49.875,0
1786404244639,15000,die0,15000,15000,1,-1,49.875,49.875,0
1786404244739,15000,die0,15000,15000,1,-1,49.875,49.875,0
1786404244839,15000,die0,15000,15000,1,-1,49.875,49.875,0
1786404244939,15000,die0,15000,15000,1,-1,49.875,49.875,0
1786404245039,15000,die0,15000,15000,1,-1,49.75,49.75,0
1786404245139,15000,die0,15000,15000,1,-1,49.75,49.75,0
1786404245239,15000,die0,15000,15000,1,-1,49.75,49.75,0
1786404245339,15000,die0,15000,15000,1,-1,49.75,49.75,0
1786404245439,15000,die0,15000,15000,1,-1,49.75,49.75,0
1786404245539,15000,die0,15000,15000,1,-1,49.75,49.75,0
1786404245639,15000,die0,15000,15000,1,-1,49.75,49.75,0
1786404245739,15000,die0,15000,15000,1,-1,49.75,49.75,0
1786404245839,15000,die0,15000,15000,1,-1,49.75,49.75,0
1786404245939,15000,die0,15000,15000,1,-1,49.75,49.75,0
1786404246039,15000,die0,15000,15000,1,-1,49.6875,49.6875,0
1786404246142,15000,die0,15000,15000,1,-1,49.6875,49.6875,0
1786404246239,15000,die0,15000,15000,1,-1,49.6875,49.6875,0
1786404246339,15000,die0,15000,15000,1,-1,49.6875,49.6875,0
1786404246442,15000,die0,15000,15000,1,-1,49.6875,49.6875,0
1786404246539,15000,die0,15000,15000,1,-1,49.6875,49.6875,0
1786404246639,15000,die0,15000,15000,1,-1,49.6875,49.6875,0
1786404246739,15000,die0,15000,15000,1,-1,49.6875,49.6875,0
1786404246839,15000,die0,15000,15000,1,-1,49.6875,49.6875,0
1786404246939,15000,die0,15000,15000,1,-1,49.6875,49.6875,0
1786404247039,15000,die0,15000,15000,1,-1,49.5,49.5,0
1786404247139,15000,die0,15000,15000,1,-1,49.5,49.5,0
1786404247239,15000,die0,15000,15000,1,-1,49.5,49.5,0
1786404247339,15000,die0,15000,15000,1,-1,49.5,49.5,0
1786404247439,15000,die0,15000,15000,1,-1,49.5,49.5,0
1786404247539,15000,die0,15000,15000,1,-1,49.5,49.5,0
1786404247639,15000,die0,15000,15000,1,-1,49.5,49.5,0
1786404247739,15000,die0,15000,15000,1,-1,49.5,49.5,0
1786404247839,15000,die0,15000,15000,1,-1,49.5,49.5,0
1786404247939,15000,die0,15000,15000,1,-1,49.5,49.5,0
1786404248039,15000,die0,15000,15000,1,-1,49.1875,49.1875,0
1786404248139,15000,die0,15000,15000,1,-1,49.1875,49.1875,0
1786404248239,15000,die0,15000,15000,1,-1,49.1875,49.1875,0
1786404248339,15000,die0,15000,15000,1,-1,49.1875,49.1875,0
1786404248439,15000,die0,15000,15000,1,-1,49.1875,49.1875,0
1786404248539,15000,die0,15000,15000,1,-1,49.1875,49.1875,0
1786404248639,15000,die0,15000,15000,1,-1,49.1875,49.1875,0
1786404248739,15000,die0,15000,15000,1,-1,49.1875,49.1875,0
1786404248839,15000,die0,15000,15000,1,-1,49.1875,49.1875,0
1786404248939,15000,die0,15000,15000,1,-1,49.1875,49.1875,0
1786404249039,15000,die0,15000,15000,1,-1,49.1875,49.1875,0
1786404249139,15000,die0,15000,15000,1,-1,49.1875,49.1875,0
1786404249239,15000,die0,15000,15000,1,-1,49.1875,49.1875,0
1786404249339,15000,die0,15000,15000,1,-1,49.1875,49.1875,0
1786404249439,15000,die0,15000,15000,1,-1,49.1875,49.1875,0
1786404249539,15000,die0,15000,15000,1,-1,49.1875,49.1875,0
1786404249639,15000,die0,15000,15000,1,-1,49.1875,49.1875,0
1786404249739,15000,die0,15000,15000,1,-1,49.1875,49.1875,0
1786404249839,15000,die0,15000,15000,1,-1,49.1875,49.1875,0
1786404249939,15000,die0,15000,15000,1,-1,49.1875,49.1875,0
1786404250039,15000,die0,15000,15000,1,-1,49.0625,49.0625,0
1786404250139,15000,die0,15000,15000,1,-1,49.0625,49.0625,0
1786404250239,15000,die0,15000,15000,1,-1,49.0625,49.0625,0
1786404250339,15000,die0,15000,15000,1,-1,49.0625,49.0625,0
1786404250439,15000,die0,15000,15000,1,-1,49.0625,49.0625,0
1786404250539,15000,die0,15000,15000,1,-1,49.0625,49.0625,0
1786404250639,15000,die0,15000,15000,1,-1,49.0625,49.0625,0
1786404250739,15000,die0,15000,15000,1,-1,49.0625,49.0625,0
1786404250839,15000,die0,15000,15000,1,-1,49.0625,49.0625,0
1786404250939,15000,die0,15000,15000,1,-1,49.0625,49.0625,0
1786404251039,15000,die0,15000,15000,1,-1,48.8125,48.8125,0
1786404251139,15000,die0,15000,15000,1,-1,48.8125,48.8125,0
1786404251239,15000,die0,15000,15000,1,-1,48.8125,48.8125,0
1786404251339,15000,die0,15000,15000,1,-1,48.8125,48.8125,0
1786404251439,15000,die0,15000,15000,1,-1,48.8125,48.8125,0
1786404251539,15000,die0,15000,15000,1,-1,48.8125,48.8125,0
1786404251639,15000,die0,15000,15000,1,-1,48.8125,48.8125,0
1786404251742,15000,die0,15000,15000,1,-1,48.8125,48.8125,0
1786404251839,15000,die0,15000,15000,1,-1,48.8125,48.8125,0
1786404251939,15000,die0,15000,15000,1,-1,48.8125,48.8125,0
1786404252039,15000,die0,15000,15000,1,-1,48.625,48.625,0
1786404252139,15000,die0,15000,15000,1,-1,48.625,48.625,0
1786404252239,15000,die0,15000,15000,1,-1,48.625,48.625,0
1786404252339,15000,die0,15000,15000,1,-1,48.625,48.625,0
1786404252439,15000,die0,15000,15000,1,-1,48.625,48.625,0
1786404252539,15000,die0,15000,15000,1,-1,48.625,48.625,0
1786404252639,15000,die0,15000,15000,1,-1,48.625,48.625,0
1786404252739,15000,die0,15000,15000,1,-1,48.625,48.625,0
1786404252839,15000,die0,15000,15000,1,-1,48.625,48.625,0
1786404252939,15000,die0,15000,15000,1,-1,48.625,48.625,0
1786404253039,15000,die0,15000,15000,1,-1,48.625,48.625,0
1786404253139,15000,die0,15000,15000,1,-1,48.625,48.625,0
1786404253239,15000,die0,15000,15000,1,-1,48.625,48.625,0
1786404253339,15000,die0,15000,15000,1,-1,48.625,48.625,0
1786404253439,15000,die0,15000,15000,1,-1,48.625,48.625,0
1786404253539,15000,die0,15000,15000,1,-1,48.625,48.625,0
1786404253639,15000,die0,15000,15000,1,-1,48.625,48.625,0
1786404253739,15000,die0,15000,15000,1,-1,48.625,48.625,0
1786404253839,15000,die0,15000,15000,1,-1,48.625,48.625,0
1786404253939,15000,die0,15000,15000,1,-1,48.625,48.625,0
1786404254039,15000,die0,15000,15000,1,-1,48.4375,48.4375,0
1786404254139,15000,die0,15000,15000,1,-1,48.4375,48.4375,0
1786404254239,15000,die0,15000,15000,1,-1,48.4375,48.4375,0
1786404254339,15000,die0,15000,15000,1,-1,48.4375,48.4375,0
1786404254442,15000,die0,15000,15000,1,-1,48.4375,48.4375,0
1786404254539,15000,die0,15000,15000,1,-1,48.4375,48.4375,0
1786404254639,15000,die0,15000,15000,1,-1,48.4375,48.4375,0
1786404254739,15000,die0,15000,15000,1,-1,48.4375,48.4375,0
1786404254839,15000,die0,15000,15000,1,-1,48.4375,48.4375,0
1786404254939,15000,die0,15000,15000,1,-1,48.4375,48.4375,0
1786404255039,15000,die0,15000,15000,1,-1,48.375,48.375,0
1786404255139,15000,die0,15000,15000,1,-1,48.375,48.375,0
1786404255239,15000,die0,15000,15000,1,-1,48.375,48.375,0
1786404255339,15000,die0,15000,15000,1,-1,48.375,48.375,0
1786404255439,15000,die0,15000,15000,1,-1,48.375,48.375,0
1786404255539,15000,die0,15000,15000,1,-1,48.375,48.375,0
1786404255639,15000,die0,15000,15000,1,-1,48.375,48.375,0
1786404255739,15000,die0,15000,15000,1,-1,48.375,48.375,0
1786404255839,15000,die0,15000,15000,1,-1,48.375,48.375,0
1786404255939,15000,die0,15000,15000,1,-1,48.375,48.375,0
1786404256039,15000,die0,15000,15000,1,-1,48.1875,48.1875,0
1786404256139,15000,die0,15000,15000,1,-1,48.1875,48.1875,0
1786404256239,15000,die0,15000,15000,1,-1,48.1875,48.1875,0
1786404256339,15000,die0,15000,15000,1,-1,48.1875,48.1875,0
1786404256439,15000,die0,15000,15000,1,-1,48.1875,48.1875,0
1786404256539,15000,die0,15000,15000,1,-1,48.1875,48.1875,0
1786404256639,15000,die0,15000,15000,1,-1,48.1875,48.1875,0
1786404256739,15000,die0,15000,15000,1,-1,48.1875,48.1875,0
1786404256839,15000,die0,15000,15000,1,-1,48.1875,48.1875,0
1786404256939,15000,die0,15000,15000,1,-1,48.1875,48.1875,0
1786404257039,15000,die0,15000,15000,1,-1,48.1875,48.1875,0
1786404257139,15000,die0,15000,15000,1,-1,48.1875,48.1875,0
1786404257239,15000,die0,15000,15000,1,-1,48.1875,48.1875,0
1786404257339,15000,die0,15000,15000,1,-1,48.1875,48.1875,0
1786404257439,15000,die0,15000,15000,1,-1,48.1875,48.1875,0
1786404257539,15000,die0,15000,15000,1,-1,48.1875,48.1875,0
1786404257639,15000,die0,15000,15000,1,-1,48.1875,48.1875,0
1786404257739,15000,die0,15000,15000,1,-1,48.1875,48.1875,0
1786404257839,15000,die0,15000,15000,1,-1,48.1875,48.1875,0
1786404257939,15000,die0,15000,15000,1,-1,48.1875,48.1875,0
1786404258039,15000,die0,15000,15000,1,-1,48.0625,48.0625,0
1786404258139,15000,die0,15000,15000,1,-1,48.0625,48.0625,0
1786404258239,15000,die0,15000,15000,1,-1,48.0625,48.0625,0
1786404258339,15000,die0,15000,15000,1,-1,48.0625,48.0625,0
1786404258439,15000,die0,15000,15000,1,-1,48.0625,48.0625,0
1786404258539,15000,die0,15000,15000,1,-1,48.0625,48.0625,0
1786404258639,15000,die0,15000,15000,1,-1,48.0625,48.0625,0
1786404258739,15000,die0,15000,15000,1,-1,48.0625,48.0625,0
1786404258839,15000,die0,15000,15000,1,-1,48.0625,48.0625,0
1786404258939,15000,die0,15000,15000,1,-1,48.0625,48.0625,0
1786404259039,15000,die0,15000,15000,1,-1,47.875,47.875,0
1786404259139,15000,die0,15000,15000,1,-1,47.875,47.875,0
1786404259242,15000,die0,15000,15000,1,-1,47.875,47.875,0
1786404259339,15000,die0,15000,15000,1,-1,47.875,47.875,0
1786404259439,15000,die0,15000,15000,1,-1,47.875,47.875,0
1786404259539,15000,die0,15000,15000,1,-1,47.875,47.875,0
1786404259639,15000,die0,15000,15000,1,-1,47.875,47.875,0
1786404259739,15000,die0,15000,15000,1,-1,47.875,47.875,0
1786404259839,15000,die0,15000,15000,1,-1,47.875,47.875,0
1786404259939,15000,die0,15000,15000,1,-1,47.875,47.875,0
1786404260039,15000,die0,15000,15000,1,-1,47.8125,47.8125,0
1786404260139,15000,die0,15000,15000,1,-1,47.8125,47.8125,0
1786404260239,15000,die0,15000,15000,1,-1,47.8125,47.8125,0
1786404260339,15000,die0,15000,15000,1,-1,47.8125,47.8125,0
1786404260439,15000,die0,15000,15000,1,-1,47.8125,47.8125,0
1786404260539,15000,die0,15000,15000,1,-1,47.8125,47.8125,0
1786404260639,15000,die0,15000,15000,1,-1,47.8125,47.8125,0
1786404260739,15000,die0,15000,15000,1,-1,47.8125,47.8125,0
1786404260842,15000,die0,15000,15000,1,-1,47.8125,47.8125,0
1786404260939,15000,die0,15000,15000,1,-1,47.8125,47.8125,0
1786404261039,15000,die0,15000,15000,1,-1,47.8125,47.8125,0
1786404261139,15000,die0,15000,15000,1,-1,47.8125,47.8125,0
1786404261239,15000,die0,15000,15000,1,-1,47.8125,47.8125,0
1786404261339,15000,die0,15000,15000,1,-1,47.8125,47.8125,0
1786404261439,15000,die0,15000,15000,1,-1,47.8125,47.8125,0
1786404261539,15000,die0,15000,15000,1,-1,47.8125,47.8125,0
1786404261639,15000,die0,15000,15000,1,-1,47.8125,47.8125,0
1786404261742,15000,die0,15000,15000,1,-1,47.8125,47.8125,0
1786404261839,15000,die0,15000,15000,1,-1,47.8125,47.8125,0
1786404261939,15000,die0,15000,15000,1,-1,47.8125,47.8125,0
1786404262039,15000,die0,15000,15000,1,-1,47.5625,47.5625,0
1786404262139,15000,die0,15000,15000,1,-1,47.5625,47.5625,0
1786404262239,15000,die0,15000,15000,1,-1,47.5625,47.5625,0
1786404262339,15000,die0,15000,15000,1,-1,47.5625,47.5625,0
1786404262439,15000,die0,15000,15000,1,-1,47.5625,47.5625,0
1786404262539,15000,die0,15000,15000,1,-1,47.5625,47.5625,0
1786404262639,15000,die0,15000,15000,1,-1,47.5625,47.5625,0
1786404262739,15000,die0,15000,15000,1,-1,47.5625,47.5625,0
1786404262839,15000,die0,15000,15000,1,-1,47.5625,47.5625,0
1786404262939,15000,die0,15000,15000,1,-1,47.5625,47.5625,0
1786404263039,15000,die0,15000,15000,1,-1,47.5,47.5,0
1786404263139,15000,die0,15000,15000,1,-1,47.5,47.5,0
1786404263239,15000,die0,15000,15000,1,-1,47.5,47.5,0
1786404263339,15000,die0,15000,15000,1,-1,47.5,47.5,0
1786404263439,15000,die0,15000,15000,1,-1,47.5,47.5,0
1786404263539,15000,die0,15000,15000,1,-1,47.5,47.5,0
1786404263639,15000,die0,15000,15000,1,-1,47.5,47.5,0
1786404263739,15000,die0,15000,15000,1,-1,47.5,47.5,0
1786404263839,15000,die0,15000,15000,1,-1,47.5,47.5,0
1786404263939,15000,die0,15000,15000,1,-1,47.5,47.5,0
1786404264039,15000,die0,15000,15000,1,-1,47.4375,47.4375,0
1786404264139,15000,die0,15000,15000,1,-1,47.4375,47.4375,0
1786404264239,15000,die0,15000,15000,1,-1,47.4375,47.4375,0
1786404264339,15000,die0,15000,15000,1,-1,47.4375,47.4375,0
1786404264439,15000,die0,15000,15000,1,-1,47.4375,47.4375,0
1786404264539,15000,die0,15000,15000,1,-1,47.4375,47.4375,0
1786404264639,15000,die0,15000,15000,1,-1,47.4375,47.4375,0
1786404264739,15000,die0,15000,15000,1,-1,47.4375,47.4375,0
1786404264839,15000,die0,15000,15000,1,-1,47.4375,47.4375,0
1786404264939,15000,die0,15000,15000,1,-1,47.4375,47.4375,0
1786404265039,15000,die0,15000,15000,1,-1,47.375,47.375,0
1786404265139,15000,die0,15000,15000,1,-1,47.375,47.375,0
1786404265239,15000,die0,15000,15000,1,-1,47.375,47.375,0
1786404265339,15000,die0,15000,15000,1,-1,47.375,47.375,0
1786404265439,15000,die0,15000,15000,1,-1,47.375,47.375,0
1786404265539,15000,die0,15000,15000,1,-1,47.375,47.375,0
1786404265639,15000,die0,15000,15000,1,-1,47.375,47.375,0
1786404265739,15000,die0,15000,15000,1,-1,47.375,47.375,0
1786404265839,15000,die0,15000,15000,1,-1,47.375,47.375,0
1786404265939,15000,die0,15000,15000,1,-1,47.375,47.375,0
1786404266039,15000,die0,15000,15000,1,-1,47.1875,47.1875,0
1786404266139,15000,die0,15000,15000,1,-1,47.1875,47.1875,0
1786404266239,15000,die0,15000,15000,1,-1,47.1875,47.1875,0
1786404266342,15000,die0,15000,15000,1,-1,47.1875,47.1875,0
1786404266439,15000,die0,15000,15000,1,-1,47.1875,47.1875,0
1786404266539,15000,die0,15000,15000,1,-1,47.1875,47.1875,0
1786404266642,15000,die0,15000,15000,1,-1,47.1875,47.1875,0
1786404266739,15000,die0,15000,15000,1,-1,47.1875,47.1875,0
1786404266839,15000,die0,15000,15000,1,-1,47.1875,47.1875,0
1786404266939,15000,die0,15000,15000,1,-1,47.1875,47.1875,0
1786404267039,15000,die0,15000,15000,1,-1,47.125,47.125,0
1786404267139,15000,die0,15000,15000,1,-1,47.125,47.125,0
1786404267239,15000,die0,15000,15000,1,-1,47.125,47.125,0
1786404267339,15000,die0,15000,15000,1,-1,47.125,47.125,0
1786404267439,15000,die0,15000,15000,1,-1,47.125,47.125,0
1786404267539,15000,die0,15000,15000,1,-1,47.125,47.125,0
1786404267639,15000,die0,15000,15000,1,-1,47.125,47.125,0
1786404267739,15000,die0,15000,15000,1,-1,47.125,47.125,0
1786404267839,15000,die0,15000,15000,1,-1,47.125,47.125,0
1786404267942,15000,die0,15000,15000,1,-1,47.125,47.125,0
1786404268039,15000,die0,15000,15000,1,-1,47.0625,47.0625,0
1786404268139,15000,die0,15000,15000,1,-1,47.0625,47.0625,0
1786404268239,15000,die0,15000,15000,1,-1,47.0625,47.0625,0
1786404268339,15000,die0,15000,15000,1,-1,47.0625,47.0625,0
1786404268439,15000,die0,15000,15000,1,-1,47.0625,47.0625,0
1786404268539,15000,die0,15000,15000,1,-1,47.0625,47.0625,0
1786404268639,15000,die0,15000,15000,1,-1,47.0625,47.0625,0
1786404268739,15000,die0,15000,15000,1,-1,47.0625,47.0625,0
1786404268839,15000,die0,15000,15000,1,-1,47.0625,47.0625,0
1786404268939,15000,die0,15000,15000,1,-1,47.0625,47.0625,0
1786404269039,15000,die0,15000,15000,1,-1,46.875,46.875,0
1786404269139,15000,die0,15000,15000,1,-1,46.875,46.875,0
1786404269239,15000,die0,15000,15000,1,-1,46.875,46.875,0
1786404269339,15000,die0,15000,15000,1,-1,46.875,46.875,0
1786404269439,15000,die0,15000,15000,1,-1,46.875,46.875,0
1786404269542,15000,die0,15000,15000,1,-1,46.875,46.875,0
1786404269639,15000,die0,15000,15000,1,-1,46.875,46.875,0
1786404269739,15000,die0,15000,15000,1,-1,46.875,46.875,0
1786404269839,15000,die0,15000,15000,1,-1,46.875,46.875,0
1786404269939,15000,die0,15000,15000,1,-1,46.875,46.875,0
1786404270039,15000,die0,15000,15000,1,-1,46.8125,46.8125,0
1786404270139,15000,die0,15000,15000,1,-1,46.8125,46.8125,0
1786404270239,15000,die0,15000,15000,1,-1,46.8125,46.8125,0
1786404270339,15000,die0,15000,15000,1,-1,46.8125,46.8125,0
1786404270439,15000,die0,15000,15000,1,-1,46.8125,46.8125,0
1786404270539,15000,die0,15000,15000,1,-1,46.8125,46.8125,0
1786404270639,15000,die0,15000,15000,1,-1,46.8125,46.8125,0
1786404270739,15000,die0,15000,15000,1,-1,46.8125,46.8125,0
1786404270839,15000,die0,15000,15000,1,-1,46.8125,46.8125,0
1786404270939,15000,die0,15000,15000,1,-1,46.8125,46.8125,0
1786404271039,15000,die0,15000,15000,1,-1,46.8125,46.8125,0
1786404271142,15000,die0,15000,15000,1,-1,46.8125,46.8125,0
1786404271239,15000,die0,15000,15000,1,-1,46.8125,46.8125,0
1786404271339,15000,die0,15000,15000,1,-1,46.8125,46.8125,0
1786404271439,15000,die0,15000,15000,1,-1,46.8125,46.8125,0
1786404271539,15000,die0,15000,15000,1,-1,46.8125,46.8125,0
1786404271639,15000,die0,15000,15000,1,-1,46.8125,46.8125,0
1786404271739,15000,die0,15000,15000,1,-1,46.8125,46.8125,0
1786404271839,15000,die0,15000,15000,1,-1,46.8125,46.8125,0
1786404271939,15000,die0,15000,15000,1,-1,46.8125,46.8125,0
1786404272042,15000,die0,15000,15000,1,-1,46.75,46.75,0
1786404272139,15000,die0,15000,15000,1,-1,46.75,46.75,0
1786404272239,15000,die0,15000,15000,1,-1,46.75,46.75,0
1786404272339,15000,die0,15000,15000,1,-1,46.75,46.75,0
1786404272439,15000,die0,15000,15000,1,-1,46.75,46.75,0
1786404272539,15000,die0,15000,15000,1,-1,46.75,46.75,0
1786404272639,15000,die0,15000,15000,1,-1,46.75,46.75,0
1786404272739,15000,die0,15000,15000,1,-1,46.75,46.75,0
1786404272839,15000,die0,15000,15000,1,-1,46.75,46.75,0
1786404272939,15000,die0,15000,15000,1,-1,46.75,46.75,0
1786404273039,15000,die0,15000,15000,1,-1,46.6875,46.6875,0
1786404273139,15000,die0,15000,15000,1,-1,46.6875,46.6875,0
1786404273239,15000,die0,15000,15000,1,-1,46.6875,46.6875,0
1786404273339,15000,die0,15000,15000,1,-1,46.6875,46.6875,0
1786404273439,15000,die0,15000,15000,1,-1,46.6875,46.6875,0
1786404273539,15000,die0,15000,15000,1,-1,46.6875,46.6875,0
1786404273639,15000,die0,15000,15000,1,-1,46.6875,46.6875,0
1786404273739,15000,die0,15000,15000,1,-1,46.6875,46.6875,0
1786404273839,15000,die0,15000,15000,1,-1,46.6875,46.6875,0
1786404273939,15000,die0,15000,15000,1,-1,46.6875,46.6875,0
1786404274039,15000,die0,15000,15000,1,-1,46.5,46.5,0
1786404274139,15000,die0,15000,15000,1,-1,46.5,46.5,0
1786404274239,15000,die0,15000,15000,1,-1,46.5,46.5,0
1786404274339,15000,die0,15000,15000,1,-1,46.5,46.5,0
1786404274439,15000,die0,15000,15000,1,-1,46.5,46.5,0
1786404274539,15000,die0,15000,15000,1,-1,46.5,46.5,0
1786404274639,15000,die0,15000,15000,1,-1,46.5,46.5,0
1786404274739,15000,die0,15000,15000,1,-1,46.5,46.5,0
1786404274839,15000,die0,15000,15000,1,-1,46.5,46.5,0
1786404274939,15000,die0,15000,15000,1,-1,46.5,46.5,0
1786404275039,15000,die0,15000,15000,1,-1,46.5,46.5,0
1786404275139,15000,die0,15000,15000,1,-1,46.5,46.5,0
1786404275239,15000,die0,15000,15000,1,-1,46.5,46.5,0
1786404275339,15000,die0,15000,15000,1,-1,46.5,46.5,0
1786404275439,15000,die0,15000,15000,1,-1,46.5,46.5,0
1786404275539,15000,die0,15000,15000,1,-1,46.5,46.5,0
1786404275639,15000,die0,15000,15000,1,-1,46.5,46.5,0
1786404275739,15000,die0,15000,15000,1,-1,46.5,46.5,0
1786404275839,15000,die0,15000,15000,1,-1,46.5,46.5,0
1786404275939,15000,die0,15000,15000,1,-1,46.5,46.5,0
1786404276039,15000,die0,15000,15000,1,-1,46.4375,46.4375,0
1786404276139,15000,die0,15000,15000,1,-1,46.4375,46.4375,0
1786404276239,15000,die0,15000,15000,1,-1,46.4375,46.4375,0
1786404276339,15000,die0,15000,15000,1,-1,46.4375,46.4375,0
1786404276439,15000,die0,15000,15000,1,-1,46.4375,46.4375,0
1786404276539,15000,die0,15000,15000,1,-1,46.4375,46.4375,0
1786404276639,15000,die0,15000,15000,1,-1,46.4375,46.4375,0
1786404276739,15000,die0,15000,15000,1,-1,46.4375,46.4375,0
1786404276839,15000,die0,15000,15000,1,-1,46.4375,46.4375,0
1786404276939,15000,die0,15000,15000,1,-1,46.4375,46.4375,0
1786404277039,15000,die0,15000,15000,1,-1,46.1875,46.1875,0
1786404277139,15000,die0,15000,15000,1,-1,46.1875,46.1875,0
1786404277239,15000,die0,15000,15000,1,-1,46.1875,46.1875,0
1786404277339,15000,die0,15000,15000,1,-1,46.1875,46.1875,0
1786404277439,15000,die0,15000,15000,1,-1,46.1875,46.1875,0
1786404277539,15000,die0,15000,15000,1,-1,46.1875,46.1875,0
1786404277639,15000,die0,15000,15000,1,-1,46.1875,46.1875,0
1786404277742,15000,die0,15000,15000,1,-1,46.1875,46.1875,0
1786404277839,15000,die0,15000,15000,1,-1,46.1875,46.1875,0
1786404277939,15000,die0,15000,15000,1,-1,46.1875,46.1875,0
1786404278039,15000,die0,15000,15000,1,-1,46.25,46.25,0
1786404278139,15000,die0,15000,15000,1,-1,46.25,46.25,0
1786404278239,15000,die0,15000,15000,1,-1,46.25,46.25,0
1786404278339,15000,die0,15000,15000,1,-1,46.25,46.25,0
1786404278439,15000,die0,15000,15000,1,-1,46.25,46.25,0
1786404278539,15000,die0,15000,15000,1,-1,46.25,46.25,0
1786404278639,15000,die0,15000,15000,1,-1,46.25,46.25,0
1786404278739,15000,die0,15000,15000,1,-1,46.25,46.25,0
1786404278839,15000,die0,15000,15000,1,-1,46.25,46.25,0
1786404278939,15000,die0,15000,15000,1,-1,46.25,46.25,0
1786404279039,15000,die0,15000,15000,1,-1,46.125,46.125,0
1786404279139,15000,die0,15000,15000,1,-1,46.125,46.125,0
1786404279239,15000,die0,15000,15000,1,-1,46.125,46.125,0
1786404279342,15000,die0,15000,15000,1,-1,46.125,46.125,0
1786404279439,15000,die0,15000,15000,1,-1,46.125,46.125,0
1786404279539,15000,die0,15000,15000,1,-1,46.125,46.125,0
1786404279639,15000,die0,15000,15000,1,-1,46.125,46.125,0
1786404279739,15000,die0,15000,15000,1,-1,46.125,46.125,0
1786404279839,15000,die0,15000,15000,1,-1,46.125,46.125,0
1786404279939,15000,die0,15000,15000,1,-1,46.125,46.125,0
1786404280039,15000,die0,15000,15000,1,-1,46.0625,46.0625,0
1786404280139,15000,die0,15000,15000,1,-1,46.0625,46.0625,0
1786404280239,15000,die0,15000,15000,1,-1,46.0625,46.0625,0
1786404280339,15000,die0,15000,15000,1,-1,46.0625,46.0625,0
1786404280439,15000,die0,15000,15000,1,-1,46.0625,46.0625,0
1786404280539,15000,die0,15000,15000,1,-1,46.0625,46.0625,0
1786404280639,15000,die0,15000,15000,1,-1,46.0625,46.0625,0
1786404280739,15000,die0,15000,15000,1,-1,46.0625,46.0625,0
1786404280839,15000,die0,15000,15000,1,-1,46.0625,46.0625,0
1786404280942,15000,die0,15000,15000,1,-1,46.0625,46.0625,0
1786404281039,15000,die0,15000,15000,1,-1,46.0625,46.0625,0
1786404281139,15000,die0,15000,15000,1,-1,46.0625,46.0625,0
1786404281239,15000,die0,15000,15000,1,-1,46.0625,46.0625,0
1786404281339,15000,die0,15000,15000,1,-1,46.0625,46.0625,0
1786404281439,15000,die0,15000,15000,1,-1,46.0625,46.0625,0
1786404281539,15000,die0,15000,15000,1,-1,46.0625,46.0625,0
1786404281639,15000,die0,15000,15000,1,-1,46.0625,46.0625,0
1786404281739,15000,die0,15000,15000,1,-1,46.0625,46.0625,0
1786404281839,15000,die0,15000,15000,1,-1,46.0625,46.0625,0
1786404281939,15000,die0,15000,15000,1,-1,46.0625,46.0625,0
1786404282039,15000,die0,15000,15000,1,-1,45.9375,45.9375,0
1786404282139,15000,die0,15000,15000,1,-1,45.9375,45.9375,0
1786404282239,15000,die0,15000,15000,1,-1,45.9375,45.9375,0
1786404282339,15000,die0,15000,15000,1,-1,45.9375,45.9375,0
1786404282439,15000,die0,15000,15000,1,-1,45.9375,45.9375,0
1786404282539,15000,die0,15000,15000,1,-1,45.9375,45.9375,0
1786404282639,15000,die0,15000,15000,1,-1,45.9375,45.9375,0
1786404282739,15000,die0,15000,15000,1,-1,45.9375,45.9375,0
1786404282839,15000,die0,15000,15000,1,-1,45.9375,45.9375,0
1786404282939,15000,die0,15000,15000,1,-1,45.9375,45.9375,0
1786404283039,15000,die0,15000,15000,1,-1,45.9375,45.9375,0
1786404283139,15000,die0,15000,15000,1,-1,45.9375,45.9375,0
1786404283239,15000,die0,15000,15000,1,-1,45.9375,45.9375,0
1786404283339,15000,die0,15000,15000,1,-1,45.9375,45.9375,0
1786404283439,15000,die0,15000,15000,1,-1,45.9375,45.9375,0
1786404283539,15000,die0,15000,15000,1,-1,45.9375,45.9375,0
1786404283642,15000,die0,15000,15000,1,-1,45.9375,45.9375,0
1786404283739,15000,die0,15000,15000,1,-1,45.9375,45.9375,0
1786404283839,15000,die0,15000,15000,1,-1,45.9375,45.9375,0
1786404283939,15000,die0,15000,15000,1,-1,45.9375,45.9375,0
1786404284039,15000,die0,15000,15000,1,-1,45.875,45.875,0
1786404284139,15000,die0,15000,15000,1,-1,45.875,45.875,0
1786404284239,15000,die0,15000,15000,1,-1,45.875,45.875,0
1786404284339,15000,die0,15000,15000,1,-1,45.875,45.875,0
1786404284439,15000,die0,15000,15000,1,-1,45.875,45.875,0
1786404284539,15000,die0,15000,15000,1,-1,45.875,45.875,0
1786404284642,15000,die0,15000,15000,1,-1,45.875,45.875,0
1786404284739,15000,die0,15000,15000,1,-1,45.875,45.875,0
1786404284839,15000,die0,15000,15000,1,-1,45.875,45.875,0
1786404284939,15000,die0,15000,15000,1,-1,45.875,45.875,0
1786404285039,15000,die0,15000,15000,1,-1,45.75,45.75,0
1786404285139,15000,die0,15000,15000,1,-1,45.75,45.75,0
1786404285239,15000,die0,15000,15000,1,-1,45.75,45.75,0
1786404285339,15000,die0,15000,15000,1,-1,45.75,45.75,0
1786404285439,15000,die0,15000,15000,1,-1,45.75,45.75,0
1786404285539,15000,die0,15000,15000,1,-1,45.75,45.75,0
1786404285639,15000,die0,15000,15000,1,-1,45.75,45.75,0
1786404285739,15000,die0,15000,15000,1,-1,45.75,45.75,0
1786404285839,15000,die0,15000,15000,1,-1,45.75,45.75,0
1786404285939,15000,die0,15000,15000,1,-1,45.75,45.75,0
1786404286039,15000,die0,15000,15000,1,-1,45.6875,45.6875,0
1786404286139,15000,die0,15000,15000,1,-1,45.6875,45.6875,0
1786404286239,15000,die0,15000,15000,1,-1,45.6875,45.6875,0
1786404286342,15000,die0,15000,15000,1,-1,45.6875,45.6875,0
1786404286439,15000,die0,15000,15000,1,-1,45.6875,45.6875,0
1786404286539,15000,die0,15000,15000,1,-1,45.6875,45.6875,0
1786404286642,15000,die0,15000,15000,1,-1,45.6875,45.6875,0
1786404286739,15000,die0,15000,15000,1,-1,45.6875,45.6875,0
1786404286839,15000,die0,15000,15000,1,-1,45.6875,45.6875,0
1786404286939,15000,die0,15000,15000,1,-1,45.6875,45.6875,0
1786404287039,15000,die0,15000,15000,1,-1,45.625,45.625,0
1786404287139,15000,die0,15000,15000,1,-1,45.625,45.625,0
1786404287239,15000,die0,15000,15000,1,-1,45.625,45.625,0
1786404287339,15000,die0,15000,15000,1,-1,45.625,45.625,0
1786404287439,15000,die0,15000,15000,1,-1,45.625,45.625,0
1786404287539,15000,die0,15000,15000,1,-1,45.625,45.625,0
1786404287639,15000,die0,15000,15000,1,-1,45.625,45.625,0
1786404287739,15000,die0,15000,15000,1,-1,45.625,45.625,0
1786404287839,15000,die0,15000,15000,1,-1,45.625,45.625,0
1786404287942,15000,die0,15000,15000,1,-1,45.625,45.625,0
1786404288039,15000,die0,15000,15000,1,-1,45.625,45.625,0
1786404288139,15000,die0,15000,15000,1,-1,45.625,45.625,0
1786404288239,15000,die0,15000,15000,1,-1,45.625,45.625,0
1786404288339,15000,die0,15000,15000,1,-1,45.625,45.625,0
1786404288439,15000,die0,15000,15000,1,-1,45.625,45.625,0
1786404288539,15000,die0,15000,15000,1,-1,45.625,45.625,0
1786404288639,15000,die0,15000,15000,1,-1,45.625,45.625,0
1786404288739,15000,die0,15000,15000,1,-1,45.625,45.625,0
1786404288839,15000,die0,15000,15000,1,-1,45.625,45.625,0
1786404288939,15000,die0,15000,15000,1,-1,45.625,45.625,0
1786404289039,15000,die0,15000,15000,1,-1,45.5625,45.5625,0
1786404289139,15000,die0,15000,15000,1,-1,45.5625,45.5625,0
1786404289239,15000,die0,15000,15000,1,-1,45.5625,45.5625,0
1786404289339,15000,die0,15000,15000,1,-1,45.5625,45.5625,0
1786404289439,15000,die0,15000,15000,1,-1,45.5625,45.5625,0
1786404289539,15000,die0,15000,15000,1,-1,45.5625,45.5625,0
1786404289639,15000,die0,15000,15000,1,-1,45.5625,45.5625,0
1786404289739,15000,die0,15000,15000,1,-1,45.5625,45.5625,0
1786404289839,15000,die0,15000,15000,1,-1,45.5625,45.5625,0
1786404289939,15000,die0,15000,15000,1,-1,45.5625,45.5625,0
1786404290039,15000,die0,15000,15000,1,-1,45.5,45.5,0
1786404290139,15000,die0,15000,15000,1,-1,45.5,45.5,0
1786404290239,15000,die0,15000,15000,1,-1,45.5,45.5,0
1786404290339,15000,die0,15000,15000,1,-1,45.5,45.5,0
1786404290439,15000,die0,15000,15000,1,-1,45.5,45.5,0
1786404290539,15000,die0,15000,15000,1,-1,45.5,45.5,0
1786404290639,15000,die0,15000,15000,1,-1,45.5,45.5,0
1786404290739,15000,die0,15000,15000,1,-1,45.5,45.5,0
1786404290839,15000,die0,15000,15000,1,-1,45.5,45.5,0
1786404290939,15000,die0,15000,15000,1,-1,45.5,45.5,0
1786404291042,15000,die0,15000,15000,1,-1,45.375,45.375,0
1786404291139,15000,die0,15000,15000,1,-1,45.375,45.375,0
1786404291239,15000,die0,15000,15000,1,-1,45.375,45.375,0
1786404291339,15000,die0,15000,15000,1,-1,45.375,45.375,0
1786404291439,15000,die0,15000,15000,1,-1,45.375,45.375,0
1786404291539,15000,die0,15000,15000,1,-1,45.375,45.375,0
1786404291639,15000,die0,15000,15000,1,-1,45.375,45.375,0
1786404291739,15000,die0,15000,15000,1,-1,45.375,45.375,0
1786404291839,15000,die0,15000,15000,1,-1,45.375,45.375,0
1786404291942,15000,die0,15000,15000,1,-1,45.375,45.375,0
1786404292039,15000,die0,15000,15000,1,-1,45.375,45.375,0
1786404292139,15000,die0,15000,15000,1,-1,45.375,45.375,0
1786404292239,15000,die0,15000,15000,1,-1,45.375,45.375,0
1786404292339,15000,die0,15000,15000,1,-1,45.375,45.375,0
1786404292439,15000,die0,15000,15000,1,-1,45.375,45.375,0
1786404292539,15000,die0,15000,15000,1,-1,45.375,45.375,0
1786404292639,15000,die0,15000,15000,1,-1,45.375,45.375,0
1786404292739,15000,die0,15000,15000,1,-1,45.375,45.375,0
1786404292839,15000,die0,15000,15000,1,-1,45.375,45.375,0
1786404292939,15000,die0,15000,15000,1,-1,45.375,45.375,0
1786404293039,15000,die0,15000,15000,1,-1,45.3125,45.3125,0
1786404293139,15000,die0,15000,15000,1,-1,45.3125,45.3125,0
1786404293242,15000,die0,15000,15000,1,-1,45.3125,45.3125,0
1786404293339,15000,die0,15000,15000,1,-1,45.3125,45.3125,0
1786404293439,15000,die0,15000,15000,1,-1,45.3125,45.3125,0
1786404293539,15000,die0,15000,15000,1,-1,45.3125,45.3125,0
1786404293639,15000,die0,15000,15000,1,-1,45.3125,45.3125,0
1786404293739,15000,die0,15000,15000,1,-1,45.3125,45.3125,0
1786404293839,15000,die0,15000,15000,1,-1,45.3125,45.3125,0
1786404293939,15000,die0,15000,15000,1,-1,45.3125,45.3125,0
1786404294039,15000,die0,15000,15000,1,-1,45.1875,45.1875,0
1786404294139,15000,die0,15000,15000,1,-1,45.1875,45.1875,0
1786404294239,15000,die0,15000,15000,1,-1,45.1875,45.1875,0
1786404294339,15000,die0,15000,15000,1,-1,45.1875,45.1875,0
1786404294439,15000,die0,15000,15000,1,-1,45.1875,45.1875,0
1786404294539,15000,die0,15000,15000,1,-1,45.1875,45.1875,0
1786404294639,15000,die0,15000,15000,1,-1,45.1875,45.1875,0
1786404294739,15000,die0,15000,15000,1,-1,45.1875,45.1875,0
1786404294839,15000,die0,15000,15000,1,-1,45.1875,45.1875,0
1786404294939,15000,die0,15000,15000,1,-1,45.1875,45.1875,0
1786404295039,15000,die0,15000,15000,1,-1,45.1875,45.1875,0
1786404295139,15000,die0,15000,15000,1,-1,45.1875,45.1875,0
1786404295239,15000,die0,15000,15000,1,-1,45.1875,45.1875,0
1786404295339,15000,die0,15000,15000,1,-1,45.1875,45.1875,0
1786404295439,15000,die0,15000,15000,1,-1,45.1875,45.1875,0
1786404295539,15000,die0,15000,15000,1,-1,45.1875,45.1875,0
1786404295639,15000,die0,15000,15000,1,-1,45.1875,45.1875,0
1786404295739,15000,die0,15000,15000,1,-1,45.1875,45.1875,0
1786404295839,15000,die0,15000,15000,1,-1,45.1875,45.1875,0
1786404295939,15000,die0,15000,15000,1,-1,45.1875,45.1875,0
1786404296042,15000,die0,15000,15000,1,-1,45.1875,45.1875,0
1786404296139,15000,die0,15000,15000,1,-1,45.1875,45.1875,0
1786404296239,15000,die0,15000,15000,1,-1,45.1875,45.1875,0
1786404296339,15000,die0,15000,15000,1,-1,45.1875,45.1875,0
1786404296439,15000,die0,15000,15000,1,-1,45.1875,45.1875,0
1786404296539,15000,die0,15000,15000,1,-1,45.1875,45.1875,0
1786404296639,15000,die0,15000,15000,1,-1,45.1875,45.1875,0
1786404296739,15000,die0,15000,15000,1,-1,45.1875,45.1875,0
1786404296839,15000,die0,15000,15000,1,-1,45.1875,45.1875,0
1786404296939,15000,die0,15000,15000,1,-1,45.1875,45.1875,0
1786404297039,15000,die0,15000,15000,1,-1,45.125,45.125,0
1786404297139,15000,die0,15000,15000,1,-1,45.125,45.125,0
1786404297239,15000,die0,15000,15000,1,-1,45.125,45.125,0
1786404297339,15000,die0,15000,15000,1,-1,45.125,45.125,0
1786404297439,15000,die0,15000,15000,1,-1,45.125,45.125,0
1786404297542,15000,die0,15000,15000,1,-1,45.125,45.125,0
1786404297639,15000,die0,15000,15000,1,-1,45.125,45.125,0
1786404297739,15000,die0,15000,15000,1,-1,45.125,45.125,0
1786404297839,15000,die0,15000,15000,1,-1,45.125,45.125,0
1786404297939,15000,die0,15000,15000,1,-1,45.125,45.125,0
1786404298039,15000,die0,15000,15000,1,-1,45.0625,45.0625,0
1786404298139,15000,die0,15000,15000,1,-1,45.0625,45.0625,0
1786404298239,15000,die0,15000,15000,1,-1,45.0625,45.0625,0
1786404298339,15000,die0,15000,15000,1,-1,45.0625,45.0625,0
1786404298439,15000,die0,15000,15000,1,-1,45.0625,45.0625,0
1786404298539,15000,die0,15000,15000,1,-1,45.0625,45.0625,0
1786404298639,15000,die0,15000,15000,1,-1,45.0625,45.0625,0
1786404298739,15000,die0,15000,15000,1,-1,45.0625,45.0625,0
1786404298839,15000,die0,15000,15000,1,-1,45.0625,45.0625,0
1786404298939,15000,die0,15000,15000,1,-1,45.0625,45.0625,0
1786404299039,15000,die0,15000,15000,1,-1,45.125,45.125,0
1786404299142,15000,die0,15000,15000,1,-1,45.125,45.125,0
1786404299239,15000,die0,15000,15000,1,-1,45.125,45.125,0
1786404299339,15000,die0,15000,15000,1,-1,45.125,45.125,0
1786404299439,15000,die0,15000,15000,1,-1,45.125,45.125,0
1786404299539,15000,die0,15000,15000,1,-1,45.125,45.125,0
1786404299639,15000,die0,15000,15000,1,-1,45.125,45.125,0
1786404299739,15000,die0,15000,15000,1,-1,45.125,45.125,0
1786404299839,15000,die0,15000,15000,1,-1,45.125,45.125,0
1786404299939,15000,die0,15000,15000,1,-1,45.125,45.125,0
1786404300039,15000,die0,15000,15000,1,-1,45,45,0
1786404300139,15000,die0,15000,15000,1,-1,45,45,0
1786404300239,15000,die0,15000,15000,1,-1,45,45,0
1786404300339,15000,die0,15000,15000,1,-1,45,45,0
1786404300439,15000,die0,15000,15000,1,-1,45,45,0
1786404300539,15000,die0,15000,15000,1,-1,45,45,0
1786404300639,15000,die0,15000,15000,1,-1,45,45,0
1786404300739,15000,die0,15000,15000,1,-1,45,45,0
1786404300839,15000,die0,15000,15000,1,-1,45,45,0
1786404300939,15000,die0,15000,15000,1,-1,45,45,0
1786404301039,15000,die0,15000,15000,1,-1,45.0625,45.0625,0
1786404301139,15000,die0,15000,15000,1,-1,45.0625,45.0625,0
1786404301239,15000,die0,15000,15000,1,-1,45.0625,45.0625,0
1786404301339,15000,die0,15000,15000,1,-1,45.0625,45.0625,0
1786404301439,15000,die0,15000,15000,1,-1,45.0625,45.0625,0
1786404301542,15000,die0,15000,15000,1,-1,45.0625,45.0625,0
1786404301639,15000,die0,15000,15000,1,-1,45.0625,45.0625,0
1786404301739,15000,die0,15000,15000,1,-1,45.0625,45.0625,0
1786404301839,15000,die0,15000,15000,1,-1,45.0625,45.0625,0
1786404301939,15000,die0,15000,15000,1,-1,45.0625,45.0625,0
1786404302039,15000,die0,15000,15000,1,-1,44.8125,44.8125,0
1786404302139,15000,die0,15000,15000,1,-1,44.8125,44.8125,0
1786404302239,15000,die0,15000,15000,1,-1,44.8125,44.8125,0
1786404302339,15000,die0,15000,15000,1,-1,44.8125,44.8125,0
1786404302439,15000,die0,15000,15000,1,-1,44.8125,44.8125,0
1786404302539,15000,die0,15000,15000,1,-1,44.8125,44.8125,0
1786404302639,15000,die0,15000,15000,1,-1,44.8125,44.8125,0
1786404302739,15000,die0,15000,15000,1,-1,44.8125,44.8125,0
1786404302839,15000,die0,15000,15000,1,-1,44.8125,44.8125,0
1786404302939,15000,die0,15000,15000,1,-1,44.8125,44.8125,0
1786404303042,15000,die0,15000,15000,1,-1,44.8125,44.8125,0
1786404303139,15000,die0,15000,15000,1,-1,44.8125,44.8125,0
1786404303239,15000,die0,15000,15000,1,-1,44.8125,44.8125,0
1786404303339,15000,die0,15000,15000,1,-1,44.8125,44.8125,0
1786404303439,15000,die0,15000,15000,1,-1,44.8125,44.8125,0
1786404303539,15000,die0,15000,15000,1,-1,44.8125,44.8125,0
1786404303639,15000,die0,15000,15000,1,-1,44.8125,44.8125,0
1786404303739,15000,die0,15000,15000,1,-1,44.8125,44.8125,0
1786404303839,15000,die0,15000,15000,1,-1,44.8125,44.8125,0
1786404303939,15000,die0,15000,15000,1,-1,44.8125,44.8125,0
1786404304039,15000,die0,15000,15000,1,-1,44.9375,44.9375,0
1786404304139,15000,die0,15000,15000,1,-1,44.9375,44.9375,0
1786404304239,15000,die0,15000,15000,1,-1,44.9375,44.9375,0
1786404304339,15000,die0,15000,15000,1,-1,44.9375,44.9375,0
1786404304439,15000,die0,15000,15000,1,-1,44.9375,44.9375,0
1786404304539,15000,die0,15000,15000,1,-1,44.9375,44.9375,0
1786404304639,15000,die0,15000,15000,1,-1,44.9375,44.9375,0
1786404304739,15000,die0,15000,15000,1,-1,44.9375,44.9375,0
1786404304839,15000,die0,15000,15000,1,-1,44.9375,44.9375,0
1786404304939,15000,die0,15000,15000,1,-1,44.9375,44.9375,0
1786404305039,15000,die0,15000,15000,1,-1,44.75,44.75,0
1786404305139,15000,die0,15000,15000,1,-1,44.75,44.75,0
1786404305239,15000,die0,15000,15000,1,-1,44.75,44.75,0
1786404305339,15000,die0,15000,15000,1,-1,44.75,44.75,0
1786404305439,15000,die0,15000,15000,1,-1,44.75,44.75,0
1786404305539,15000,die0,15000,15000,1,-1,44.75,44.75,0
1786404305639,15000,die0,15000,15000,1,-1,44.75,44.75,0
1786404305739,15000,die0,15000,15000,1,-1,44.75,44.75,0
1786404305839,15000,die0,15000,15000,1,-1,44.75,44.75,0
1786404305939,15000,die0,15000,15000,1,-1,44.75,44.75,0
1786404306039,15000,die0,15000,15000,1,-1,44.6875,44.6875,0
1786404306139,15000,die0,15000,15000,1,-1,44.6875,44.6875,0
1786404306239,15000,die0,15000,15000,1,-1,44.6875,44.6875,0
1786404306339,15000,die0,15000,15000,1,-1,44.6875,44.6875,0
1786404306442,15000,die0,15000,15000,1,-1,44.6875,44.6875,0
1786404306539,15000,die0,15000,15000,1,-1,44.6875,44.6875,0
1786404306639,15000,die0,15000,15000,1,-1,44.6875,44.6875,0
1786404306739,15000,die0,15000,15000,1,-1,44.6875,44.6875,0
1786404306839,15000,die0,15000,15000,1,-1,44.6875,44.6875,0
1786404306939,15000,die0,15000,15000,1,-1,44.6875,44.6875,0
1786404307039,15000,die0,15000,15000,1,-1,44.8125,44.8125,0
1786404307139,15000,die0,15000,15000,1,-1,44.8125,44.8125,0
1786404307239,15000,die0,15000,15000,1,-1,44.8125,44.8125,0
1786404307339,15000,die0,15000,15000,1,-1,44.8125,44.8125,0
1786404307439,15000,die0,15000,15000,1,-1,44.8125,44.8125,0
1786404307539,15000,die0,15000,15000,1,-1,44.8125,44.8125,0
1786404307639,15000,die0,15000,15000,1,-1,44.8125,44.8125,0
1786404307742,15000,die0,15000,15000,1,-1,44.8125,44.8125,0
1786404307839,15000,die0,15000,15000,1,-1,44.8125,44.8125,0
1786404307939,15000,die0,15000,15000,1,-1,44.8125,44.8125,0
1786404308039,15000,die0,15000,15000,1,-1,44.625,44.625,0
1786404308139,15000,die0,15000,15000,1,-1,44.625,44.625,0
1786404308239,15000,die0,15000,15000,1,-1,44.625,44.625,0
1786404308339,15000,die0,15000,15000,1,-1,44.625,44.625,0
1786404308439,15000,die0,15000,15000,1,-1,44.625,44.625,0
1786404308539,15000,die0,15000,15000,1,-1,44.625,44.625,0
1786404308639,15000,die0,15000,15000,1,-1,44.625,44.625,0
1786404308739,15000,die0,15000,15000,1,-1,44.625,44.625,0
1786404308839,15000,die0,15000,15000,1,-1,44.625,44.625,0
1786404308939,15000,die0,15000,15000,1,-1,44.625,44.625,0
1786404309039,15000,die0,15000,15000,1,-1,44.625,44.625,0
1786404309139,15000,die0,15000,15000,1,-1,44.625,44.625,0
1786404309242,15000,die0,15000,15000,1,-1,44.625,44.625,0
1786404309339,15000,die0,15000,15000,1,-1,44.625,44.625,0
1786404309439,15000,die0,15000,15000,1,-1,44.625,44.625,0
1786404309539,15000,die0,15000,15000,1,-1,44.625,44.625,0
1786404309639,15000,die0,15000,15000,1,-1,44.625,44.625,0
1786404309739,15000,die0,15000,15000,1,-1,44.625,44.625,0
1786404309839,15000,die0,15000,15000,1,-1,44.625,44.625,0
1786404309939,15000,die0,15000,15000,1,-1,44.625,44.625,0
1786404310039,15000,die0,15000,15000,1,-1,44.5625,44.5625,0
1786404310139,15000,die0,15000,15000,1,-1,44.5625,44.5625,0
1786404310239,15000,die0,15000,15000,1,-1,44.5625,44.5625,0
1786404310339,15000,die0,15000,15000,1,-1,44.5625,44.5625,0
1786404310439,15000,die0,15000,15000,1,-1,44.5625,44.5625,0
1786404310539,15000,die0,15000,15000,1,-1,44.5625,44.5625,0
1786404310639,15000,die0,15000,15000,1,-1,44.5625,44.5625,0
1786404310739,15000,die0,15000,15000,1,-1,44.5625,44.5625,0
1786404310839,15000,die0,15000,15000,1,-1,44.5625,44.5625,0
1786404310939,15000,die0,15000,15000,1,-1,44.5625,44.5625,0
1786404311039,15000,die0,15000,15000,1,-1,44.5625,44.5625,0
1786404311139,15000,die0,15000,15000,1,-1,44.5625,44.5625,0
1786404311239,15000,die0,15000,15000,1,-1,44.5625,44.5625,0
1786404311339,15000,die0,15000,15000,1,-1,44.5625,44.5625,0
1786404311439,15000,die0,15000,15000,1,-1,44.5625,44.5625,0
1786404311539,15000,die0,15000,15000,1,-1,44.5625,44.5625,0
1786404311639,15000,die0,15000,15000,1,-1,44.5625,44.5625,0
1786404311739,15000,die0,15000,15000,1,-1,44.5625,44.5625,0
1786404311839,15000,die0,15000,15000,1,-1,44.5625,44.5625,0
1786404311939,15000,die0,15000,15000,1,-1,44.5625,44.5625,0
1786404312039,15000,die0,15000,15000,1,-1,44.4375,44.4375,0
1786404312139,15000,die0,15000,15000,1,-1,44.4375,44.4375,0
1786404312239,15000,die0,15000,15000,1,-1,44.4375,44.4375,0
1786404312339,15000,die0,15000,15000,1,-1,44.4375,44.4375,0
1786404312439,15000,die0,15000,15000,1,-1,44.4375,44.4375,0
1786404312539,15000,die0,15000,15000,1,-1,44.4375,44.4375,0
1786404312639,15000,die0,15000,15000,1,-1,44.4375,44.4375,0
1786404312739,15000,die0,15000,15000,1,-1,44.4375,44.4375,0
1786404312839,15000,die0,15000,15000,1,-1,44.4375,44.4375,0
1786404312939,15000,die0,15000,15000,1,-1,44.4375,44.4375,0
1786404313039,15000,die0,15000,15000,1,-1,44.4375,44.4375,0
1786404313139,15000,die0,15000,15000,1,-1,44.4375,44.4375,0
1786404313239,15000,die0,15000,15000,1,-1,44.4375,44.4375,0
1786404313339,15000,die0,15000,15000,1,-1,44.4375,44.4375,0
1786404313439,15000,die0,15000,15000,1,-1,44.4375,44.4375,0
1786404313539,15000,die0,15000,15000,1,-1,44.4375,44.4375,0
1786404313639,15000,die0,15000,15000,1,-1,44.4375,44.4375,0
1786404313739,15000,die0,15000,15000,1,-1,44.4375,44.4375,0
1786404313839,15000,die0,15000,15000,1,-1,44.4375,44.4375,0
1786404313939,15000,die0,15000,15000,1,-1,44.4375,44.4375,0
1786404314039,15000,die0,15000,15000,1,-1,44.375,44.375,0
1786404314139,15000,die0,15000,15000,1,-1,44.375,44.375,0
1786404314242,15000,die0,15000,15000,1,-1,44.375,44.375,0
1786404314339,15000,die0,15000,15000,1,-1,44.375,44.375,0
1786404314439,15000,die0,15000,15000,1,-1,44.375,44.375,0
1786404314539,15000,die0,15000,15000,1,-1,44.375,44.375,0
1786404314639,15000,die0,15000,15000,1,-1,44.375,44.375,0
1786404314739,15000,die0,15000,15000,1,-1,44.375,44.375,0
1786404314839,15000,die0,15000,15000,1,-1,44.375,44.375,0
1786404314939,15000,die0,15000,15000,1,-1,44.375,44.375,0
1786404315039,15000,die0,15000,15000,1,-1,44.4375,44.4375,0
1786404315139,15000,die0,15000,15000,1,-1,44.4375,44.4375,0
1786404315239,15000,die0,15000,15000,1,-1,44.4375,44.4375,0
1786404315339,15000,die0,15000,15000,1,-1,44.4375,44.4375,0
1786404315439,15000,die0,15000,15000,1,-1,44.4375,44.4375,0
1786404315539,15000,die0,15000,15000,1,-1,44.4375,44.4375,0
1786404315639,15000,die0,15000,15000,1,-1,44.4375,44.4375,0
1786404315739,15000,die0,15000,15000,1,-1,44.4375,44.4375,0
1786404315839,15000,die0,15000,15000,1,-1,44.4375,44.4375,0
1786404315939,15000,die0,15000,15000,1,-1,44.4375,44.4375,0
1786404316039,15000,die0,15000,15000,1,-1,44.375,44.375,0
1786404316139,15000,die0,15000,15000,1,-1,44.375,44.375,0
1786404316239,15000,die0,15000,15000,1,-1,44.375,44.375,0
1786404316339,15000,die0,15000,15000,1,-1,44.375,44.375,0
1786404316439,15000,die0,15000,15000,1,-1,44.375,44.375,0
1786404316539,15000,die0,15000,15000,1,-1,44.375,44.375,0
1786404316639,15000,die0,15000,15000,1,-1,44.375,44.375,0
1786404316739,15000,die0,15000,15000,1,-1,44.375,44.375,0
1786404316839,15000,die0,15000,15000,1,-1,44.375,44.375,0
1786404316939,15000,die0,15000,15000,1,-1,44.375,44.375,0
1786404317039,15000,die0,15000,15000,1,-1,44.3125,44.3125,0
1786404317139,15000,die0,15000,15000,1,-1,44.3125,44.3125,0
1786404317239,15000,die0,15000,15000,1,-1,44.3125,44.3125,0
1786404317339,15000,die0,15000,15000,1,-1,44.3125,44.3125,0
1786404317439,15000,die0,15000,15000,1,-1,44.3125,44.3125,0
1786404317539,15000,die0,15000,15000,1,-1,44.3125,44.3125,0
1786404317639,15000,die0,15000,15000,1,-1,44.3125,44.3125,0
1786404317739,15000,die0,15000,15000,1,-1,44.3125,44.3125,0
1786404317839,15000,die0,15000,15000,1,-1,44.3125,44.3125,0
1786404317939,15000,die0,15000,15000,1,-1,44.3125,44.3125,0
1786404318039,15000,die0,15000,15000,1,-1,44.3125,44.3125,0
1786404318139,15000,die0,15000,15000,1,-1,44.3125,44.3125,0
1786404318239,15000,die0,15000,15000,1,-1,44.3125,44.3125,0
1786404318339,15000,die0,15000,15000,1,-1,44.3125,44.3125,0
1786404318439,15000,die0,15000,15000,1,-1,44.3125,44.3125,0
1786404318539,15000,die0,15000,15000,1,-1,44.3125,44.3125,0
1786404318639,15000,die0,15000,15000,1,-1,44.3125,44.3125,0
1786404318739,15000,die0,15000,15000,1,-1,44.3125,44.3125,0
1786404318839,15000,die0,15000,15000,1,-1,44.3125,44.3125,0
1786404318939,15000,die0,15000,15000,1,-1,44.3125,44.3125,0
1786404319039,15000,die0,15000,15000,1,-1,44.3125,44.3125,0
1786404319139,15000,die0,15000,15000,1,-1,44.3125,44.3125,0
1786404319239,15000,die0,15000,15000,1,-1,44.3125,44.3125,0
1786404319339,15000,die0,15000,15000,1,-1,44.3125,44.3125,0
1786404319439,15000,die0,15000,15000,1,-1,44.3125,44.3125,0
1786404319539,15000,die0,15000,15000,1,-1,44.3125,44.3125,0
1786404319639,15000,die0,15000,15000,1,-1,44.3125,44.3125,0
1786404319739,15000,die0,15000,15000,1,-1,44.3125,44.3125,0
1786404319839,15000,die0,15000,15000,1,-1,44.3125,44.3125,0
1786404319939,15000,die0,15000,15000,1,-1,44.3125,44.3125,0
1786404320039,15000,die0,15000,15000,1,-1,44.3125,44.3125,0
1786404320139,15000,die0,15000,15000,1,-1,44.3125,44.3125,0
1786404320239,15000,die0,15000,15000,1,-1,44.3125,44.3125,0
1786404320339,15000,die0,15000,15000,1,-1,44.3125,44.3125,0
1786404320442,15000,die0,15000,15000,1,-1,44.3125,44.3125,0
1786404320539,15000,die0,15000,15000,1,-1,44.3125,44.3125,0
1786404320639,15000,die0,15000,15000,1,-1,44.3125,44.3125,0
1786404320739,15000,die0,15000,15000,1,-1,44.3125,44.3125,0
1786404320839,15000,die0,15000,15000,1,-1,44.3125,44.3125,0
1786404320939,15000,die0,15000,15000,1,-1,44.3125,44.3125,0
1786404321039,15000,die0,15000,15000,1,-1,44.3125,44.3125,0
1786404321139,15000,die0,15000,15000,1,-1,44.3125,44.3125,0
1786404321239,15000,die0,15000,15000,1,-1,44.3125,44.3125,0
1786404321339,15000,die0,15000,15000,1,-1,44.3125,44.3125,0
1786404321439,15000,die0,15000,15000,1,-1,44.3125,44.3125,0
1786404321539,15000,die0,15000,15000,1,-1,44.3125,44.3125,0
1786404321639,15000,die0,15000,15000,1,-1,44.3125,44.3125,0
1786404321739,15000,die0,15000,15000,1,-1,44.3125,44.3125,0
1786404321839,15000,die0,15000,15000,1,-1,44.3125,44.3125,0
1786404321939,15000,die0,15000,15000,1,-1,44.3125,44.3125,0
1786404322039,15000,die0,15000,15000,1,-1,44.3125,44.3125,0
1786404322139,15000,die0,15000,15000,1,-1,44.3125,44.3125,0
1786404322239,15000,die0,15000,15000,1,-1,44.3125,44.3125,0
1786404322339,15000,die0,15000,15000,1,-1,44.3125,44.3125,0
1786404322439,15000,die0,15000,15000,1,-1,44.3125,44.3125,0
1786404322539,15000,die0,15000,15000,1,-1,44.3125,44.3125,0
1786404322642,15000,die0,15000,15000,1,-1,44.3125,44.3125,0
1786404322739,15000,die0,15000,15000,1,-1,44.3125,44.3125,0
1786404322839,15000,die0,15000,15000,1,-1,44.3125,44.3125,0
1786404322939,15000,die0,15000,15000,1,-1,44.3125,44.3125,0
1786404323039,15000,die0,15000,15000,1,-1,44.1875,44.1875,0
1786404323139,15000,die0,15000,15000,1,-1,44.1875,44.1875,0
1786404323239,15000,die0,15000,15000,1,-1,44.1875,44.1875,0
1786404323339,15000,die0,15000,15000,1,-1,44.1875,44.1875,0
1786404323439,15000,die0,15000,15000,1,-1,44.1875,44.1875,0
1786404323539,15000,die0,15000,15000,1,-1,44.1875,44.1875,0
1786404323639,15000,die0,15000,15000,1,-1,44.1875,44.1875,0
1786404323739,15000,die0,15000,15000,1,-1,44.1875,44.1875,0
1786404323839,15000,die0,15000,15000,1,-1,44.1875,44.1875,0
1786404323939,15000,die0,15000,15000,1,-1,44.1875,44.1875,0
1786404324042,15000,die0,15000,15000,1,-1,44.1875,44.1875,0
1786404324139,15000,die0,15000,15000,1,-1,44.1875,44.1875,0
1786404324239,15000,die0,15000,15000,1,-1,44.1875,44.1875,0
1786404324339,15000,die0,15000,15000,1,-1,44.1875,44.1875,0
1786404324439,15000,die0,15000,15000,1,-1,44.1875,44.1875,0
1786404324539,15000,die0,15000,15000,1,-1,44.1875,44.1875,0
1786404324639,15000,die0,15000,15000,1,-1,44.1875,44.1875,0
1786404324739,15000,die0,15000,15000,1,-1,44.1875,44.1875,0
1786404324839,15000,die0,15000,15000,1,-1,44.1875,44.1875,0
1786404324939,15000,die0,15000,15000,1,-1,44.1875,44.1875,0
1786404325039,15000,die0,15000,15000,1,-1,44.0625,44.0625,0
1786404325139,15000,die0,15000,15000,1,-1,44.0625,44.0625,0
1786404325239,15000,die0,15000,15000,1,-1,44.0625,44.0625,0
1786404325339,15000,die0,15000,15000,1,-1,44.0625,44.0625,0
1786404325439,15000,die0,15000,15000,1,-1,44.0625,44.0625,0
1786404325539,15000,die0,15000,15000,1,-1,44.0625,44.0625,0
1786404325639,15000,die0,15000,15000,1,-1,44.0625,44.0625,0
1786404325739,15000,die0,15000,15000,1,-1,44.0625,44.0625,0
1786404325839,15000,die0,15000,15000,1,-1,44.0625,44.0625,0
1786404325939,15000,die0,15000,15000,1,-1,44.0625,44.0625,0
1786404326039,15000,die0,15000,15000,1,-1,44.125,44.125,0
1786404326139,15000,die0,15000,15000,1,-1,44.125,44.125,0
1786404326239,15000,die0,15000,15000,1,-1,44.125,44.125,0
1786404326339,15000,die0,15000,15000,1,-1,44.125,44.125,0
1786404326439,15000,die0,15000,15000,1,-1,44.125,44.125,0
1786404326539,15000,die0,15000,15000,1,-1,44.125,44.125,0
1786404326639,15000,die0,15000,15000,1,-1,44.125,44.125,0
1786404326739,15000,die0,15000,15000,1,-1,44.125,44.125,0
1786404326839,15000,die0,15000,15000,1,-1,44.125,44.125,0
1786404326939,15000,die0,15000,15000,1,-1,44.125,44.125,0
1786404327039,15000,die0,15000,15000,1,-1,44.0625,44.0625,0
1786404327139,15000,die0,15000,15000,1,-1,44.0625,44.0625,0
1786404327239,15000,die0,15000,15000,1,-1,44.0625,44.0625,0
1786404327339,15000,die0,15000,15000,1,-1,44.0625,44.0625,0
1786404327439,15000,die0,15000,15000,1,-1,44.0625,44.0625,0
1786404327539,15000,die0,15000,15000,1,-1,44.0625,44.0625,0
1786404327639,15000,die0,15000,15000,1,-1,44.0625,44.0625,0
1786404327739,15000,die0,15000,15000,1,-1,44.0625,44.0625,0
1786404327839,15000,die0,15000,15000,1,-1,44.0625,44.0625,0
1786404327939,15000,die0,15000,15000,1,-1,44.0625,44.0625,0
1786404328039,15000,die0,15000,15000,1,-1,44.0625,44.0625,0
1786404328139,15000,die0,15000,15000,1,-1,44.0625,44.0625,0
1786404328239,15000,die0,15000,15000,1,-1,44.0625,44.0625,0
1786404328339,15000,die0,15000,15000,1,-1,44.0625,44.0625,0
1786404328439,15000,die0,15000,15000,1,-1,44.0625,44.0625,0
1786404328539,15000,die0,15000,15000,1,-1,44.0625,44.0625,0
1786404328639,15000,die0,15000,15000,1,-1,44.0625,44.0625,0
1786404328739,15000,die0,15000,15000,1,-1,44.0625,44.0625,0
1786404328839,15000,die0,15000,15000,1,-1,44.0625,44.0625,0
1786404328939,15000,die0,15000,15000,1,-1,44.0625,44.0625,0
1786404329039,15000,die0,15000,15000,1,-1,44,44,0
1786404329139,15000,die0,15000,15000,1,-1,44,44,0
1786404329239,15000,die0,15000,15000,1,-1,44,44,0
1786404329339,15000,die0,15000,15000,1,-1,44,44,0
1786404329439,15000,die0,15000,15000,1,-1,44,44,0
1786404329539,15000,die0,15000,15000,1,-1,44,44,0
1786404329639,15000,die0,15000,15000,1,-1,44,44,0
1786404329739,15000,die0,15000,15000,1,-1,44,44,0
1786404329839,15000,die0,15000,15000,1,-1,44,44,0
1786404329939,15000,die0,15000,15000,1,-1,44,44,0
1786404330039,15000,die0,15000,15000,1,-1,44.0625,44.0625,0
1786404330139,15000,die0,15000,15000,1,-1,44.0625,44.0625,0
1786404330239,15000,die0,15000,15000,1,-1,44.0625,44.0625,0
1786404330339,15000,die0,15000,15000,1,-1,44.0625,44.0625,0
1786404330439,15000,die0,15000,15000,1,-1,44.0625,44.0625,0
1786404330539,15000,die0,15000,15000,1,-1,44.0625,44.0625,0
1786404330639,15000,die0,15000,15000,1,-1,44.0625,44.0625,0
1786404330739,15000,die0,15000,15000,1,-1,44.0625,44.0625,0
1786404330839,15000,die0,15000,15000,1,-1,44.0625,44.0625,0
1786404330939,15000,die0,15000,15000,1,-1,44.0625,44.0625,0
1786404331039,15000,die0,15000,15000,1,-1,44.0625,44.0625,0
1786404331139,15000,die0,15000,15000,1,-1,44.0625,44.0625,0
1786404331239,15000,die0,15000,15000,1,-1,44.0625,44.0625,0
1786404331339,15000,die0,15000,15000,1,-1,44.0625,44.0625,0
1786404331439,15000,die0,15000,15000,1,-1,44.0625,44.0625,0
1786404331539,15000,die0,15000,15000,1,-1,44.0625,44.0625,0
1786404331639,15000,die0,15000,15000,1,-1,44.0625,44.0625,0
1786404331739,15000,die0,15000,15000,1,-1,44.0625,44.0625,0
1786404331839,15000,die0,15000,15000,1,-1,44.0625,44.0625,0
1786404331939,15000,die0,15000,15000,1,-1,44.0625,44.0625,0
1786404332039,15000,die0,15000,15000,1,-1,43.9375,43.9375,0
1786404332139,15000,die0,15000,15000,1,-1,43.9375,43.9375,0
1786404332239,15000,die0,15000,15000,1,-1,43.9375,43.9375,0
1786404332339,15000,die0,15000,15000,1,-1,43.9375,43.9375,0
1786404332439,15000,die0,15000,15000,1,-1,43.9375,43.9375,0
1786404332539,15000,die0,15000,15000,1,-1,43.9375,43.9375,0
1786404332639,15000,die0,15000,15000,1,-1,43.9375,43.9375,0
1786404332739,15000,die0,15000,15000,1,-1,43.9375,43.9375,0
1786404332839,15000,die0,15000,15000,1,-1,43.9375,43.9375,0
1786404332939,15000,die0,15000,15000,1,-1,43.9375,43.9375,0
1786404333039,15000,die0,15000,15000,1,-1,43.875,43.875,0
1786404333139,15000,die0,15000,15000,1,-1,43.875,43.875,0
1786404333239,15000,die0,15000,15000,1,-1,43.875,43.875,0
1786404333339,15000,die0,15000,15000,1,-1,43.875,43.875,0
1786404333439,15000,die0,15000,15000,1,-1,43.875,43.875,0
1786404333539,15000,die0,15000,15000,1,-1,43.875,43.875,0
1786404333639,15000,die0,15000,15000,1,-1,43.875,43.875,0
1786404333739,15000,die0,15000,15000,1,-1,43.875,43.875,0
1786404333839,15000,die0,15000,15000,1,-1,43.875,43.875,0
1786404333939,15000,die0,15000,15000,1,-1,43.875,43.875,0
1786404334039,15000,die0,15000,15000,1,-1,44,44,0
1786404334139,15000,die0,15000,15000,1,-1,44,44,0
1786404334239,15000,die0,15000,15000,1,-1,44,44,0
1786404334339,15000,die0,15000,15000,1,-1,44,44,0
1786404334439,15000,die0,15000,15000,1,-1,44,44,0
1786404334539,15000,die0,15000,15000,1,-1,44,44,0
1786404334639,15000,die0,15000,15000,1,-1,44,44,0
1786404334739,15000,die0,15000,15000,1,-1,44,44,0
1786404334839,15000,die0,15000,15000,1,-1,44,44,0
1786404334939,15000,die0,15000,15000,1,-1,44,44,0
1786404335039,15000,die0,15000,15000,1,-1,43.875,43.875,0
1786404335139,15000,die0,15000,15000,1,-1,43.875,43.875,0
1786404335239,15000,die0,15000,15000,1,-1,43.875,43.875,0
1786404335339,15000,die0,15000,15000,1,-1,43.875,43.875,0
1786404335439,15000,die0,15000,15000,1,-1,43.875,43.875,0
1786404335539,15000,die0,15000,15000,1,-1,43.875,43.875,0
1786404335639,15000,die0,15000,15000,1,-1,43.875,43.875,0
1786404335739,15000,die0,15000,15000,1,-1,43.875,43.875,0
1786404335839,15000,die0,15000,15000,1,-1,43.875,43.875,0
1786404335939,15000,die0,15000,15000,1,-1,43.875,43.875,0
1786404336039,15000,die0,15000,15000,1,-1,44,44,0
1786404336139,15000,die0,15000,15000,1,-1,44,44,0
1786404336239,15000,die0,15000,15000,1,-1,44,44,0
1786404336339,15000,die0,15000,15000,1,-1,44,44,0
1786404336439,15000,die0,15000,15000,1,-1,44,44,0
1786404336539,15000,die0,15000,15000,1,-1,44,44,0
1786404336639,15000,die0,15000,15000,1,-1,44,44,0
1786404336739,15000,die0,15000,15000,1,-1,44,44,0
1786404336839,15000,die0,15000,15000,1,-1,44,44,0
1786404336939,15000,die0,15000,15000,1,-1,44,44,0
1786404337039,15000,die0,15000,15000,1,-1,43.9375,43.9375,0
1786404337139,15000,die0,15000,15000,1,-1,43.9375,43.9375,0
1786404337239,15000,die0,15000,15000,1,-1,43.9375,43.9375,0
1786404337339,15000,die0,15000,15000,1,-1,43.9375,43.9375,0
1786404337439,15000,die0,15000,15000,1,-1,43.9375,43.9375,0
1786404337539,15000,die0,15000,15000,1,-1,43.9375,43.9375,0
1786404337639,15000,die0,15000,15000,1,-1,43.9375,43.9375,0
1786404337739,15000,die0,15000,15000,1,-1,43.9375,43.9375,0
1786404337839,15000,die0,15000,15000,1,-1,43.9375,43.9375,0
1786404337939,15000,die0,15000,15000,1,-1,43.9375,43.9375,0
1786404338039,15000,die0,15000,15000,1,-1,43.875,43.875,0
1786404338139,15000,die0,15000,15000,1,-1,43.875,43.875,0
1786404338239,15000,die0,15000,15000,1,-1,43.875,43.875,0
1786404338339,15000,die0,15000,15000,1,-1,43.875,43.875,0
1786404338439,15000,die0,15000,15000,1,-1,43.875,43.875,0
1786404338539,15000,die0,15000,15000,1,-1,43.875,43.875,0
1786404338639,15000,die0,15000,15000,1,-1,43.875,43.875,0
1786404338739,15000,die0,15000,15000,1,-1,43.875,43.875,0
1786404338839,15000,die0,15000,15000,1,-1,43.875,43.875,0
1786404338939,15000,die0,15000,15000,1,-1,43.875,43.875,0
1786404339039,15000,die0,15000,15000,1,-1,43.875,43.875,0
1786404339139,15000,die0,15000,15000,1,-1,43.875,43.875,0
1786404339239,15000,die0,15000,15000,1,-1,43.875,43.875,0
1786404339339,15000,die0,15000,15000,1,-1,43.875,43.875,0
1786404339439,15000,die0,15000,15000,1,-1,43.875,43.875,0
1786404339539,15000,die0,15000,15000,1,-1,43.875,43.875,0
1786404339639,15000,die0,15000,15000,1,-1,43.875,43.875,0
1786404339739,15000,die0,15000,15000,1,-1,43.875,43.875,0
1786404339839,15000,die0,15000,15000,1,-1,43.875,43.875,0
1786404339939,15000,die0,15000,15000,1,-1,43.875,43.875,0
1786404340039,15000,die0,15000,15000,1,-1,43.8125,43.8125,0
1786404340139,15000,die0,15000,15000,1,-1,43.8125,43.8125,0
1786404340239,15000,die0,15000,15000,1,-1,43.8125,43.8125,0
1786404340339,15000,die0,15000,15000,1,-1,43.8125,43.8125,0
1786404340439,15000,die0,15000,15000,1,-1,43.8125,43.8125,0
1786404340539,15000,die0,15000,15000,1,-1,43.8125,43.8125,0
1786404340639,15000,die0,15000,15000,1,-1,43.8125,43.8125,0
1786404340739,15000,die0,15000,15000,1,-1,43.8125,43.8125,0
1786404340839,15000,die0,15000,15000,1,-1,43.8125,43.8125,0
1786404340939,15000,die0,15000,15000,1,-1,43.8125,43.8125,0
1786404341039,15000,die0,15000,15000,1,-1,43.6875,43.6875,0
1786404341139,15000,die0,15000,15000,1,-1,43.6875,43.6875,0
1786404341239,15000,die0,15000,15000,1,-1,43.6875,43.6875,0
1786404341339,15000,die0,15000,15000,1,-1,43.6875,43.6875,0
1786404341439,15000,die0,15000,15000,1,-1,43.6875,43.6875,0
1786404341539,15000,die0,15000,15000,1,-1,43.6875,43.6875,0
1786404341639,15000,die0,15000,15000,1,-1,43.6875,43.6875,0
1786404341739,15000,die0,15000,15000,1,-1,43.6875,43.6875,0
1786404341839,15000,die0,15000,15000,1,-1,43.6875,43.6875,0
1786404341939,15000,die0,15000,15000,1,-1,43.6875,43.6875,0
1786404342039,15000,die0,15000,15000,1,-1,43.8125,43.8125,0
1786404342139,15000,die0,15000,15000,1,-1,43.8125,43.8125,0
1786404342239,15000,die0,15000,15000,1,-1,43.8125,43.8125,0
1786404342339,15000,die0,15000,15000,1,-1,43.8125,43.8125,0
1786404342439,15000,die0,15000,15000,1,-1,43.8125,43.8125,0
1786404342539,15000,die0,15000,15000,1,-1,43.8125,43.8125,0
1786404342639,15000,die0,15000,15000,1,-1,43.8125,43.8125,0
1786404342739,15000,die0,15000,15000,1,-1,43.8125,43.8125,0
1786404342839,15000,die0,15000,15000,1,-1,43.8125,43.8125,0
1786404342939,15000,die0,15000,15000,1,-1,43.8125,43.8125,0
1786404343039,15000,die0,15000,15000,1,-1,43.75,43.75,0
1786404343139,15000,die0,15000,15000,1,-1,43.75,43.75,0
1786404343239,15000,die0,15000,15000,1,-1,43.75,43.75,0
1786404343339,15000,die0,15000,15000,1,-1,43.75,43.75,0
1786404343439,15000,die0,15000,15000,1,-1,43.75,43.75,0
1786404343539,15000,die0,15000,15000,1,-1,43.75,43.75,0
1786404343639,15000,die0,15000,15000,1,-1,43.75,43.75,0
1786404343739,15000,die0,15000,15000,1,-1,43.75,43.75,0
1786404343839,15000,die0,15000,15000,1,-1,43.75,43.75,0
1786404343939,15000,die0,15000,15000,1,-1,43.75,43.75,0
1786404344039,15000,die0,15000,15000,1,-1,43.8125,43.8125,0
1786404344139,15000,die0,15000,15000,1,-1,43.8125,43.8125,0
1786404344239,15000,die0,15000,15000,1,-1,43.8125,43.8125,0
1786404344339,15000,die0,15000,15000,1,-1,43.8125,43.8125,0
1786404344439,15000,die0,15000,15000,1,-1,43.8125,43.8125,0
1786404344539,15000,die0,15000,15000,1,-1,43.8125,43.8125,0
1786404344639,15000,die0,15000,15000,1,-1,43.8125,43.8125,0
1786404344739,15000,die0,15000,15000,1,-1,43.8125,43.8125,0
1786404344839,15000,die0,15000,15000,1,-1,43.8125,43.8125,0
1786404344939,15000,die0,15000,15000,1,-1,43.8125,43.8125,0
1786404345039,15000,die0,15000,15000,1,-1,43.8125,43.8125,0
1786404345139,15000,die0,15000,15000,1,-1,43.8125,43.8125,0
1786404345239,15000,die0,15000,15000,1,-1,43.8125,43.8125,0
1786404345339,15000,die0,15000,15000,1,-1,43.8125,43.8125,0
1786404345439,15000,die0,15000,15000,1,-1,43.8125,43.8125,0
1786404345539,15000,die0,15000,15000,1,-1,43.8125,43.8125,0
1786404345639,15000,die0,15000,15000,1,-1,43.8125,43.8125,0
1786404345739,15000,die0,15000,15000,1,-1,43.8125,43.8125,0
1786404345839,15000,die0,15000,15000,1,-1,43.8125,43.8125,0
1786404345939,15000,die0,15000,15000,1,-1,43.8125,43.8125,0
1786404346039,15000,die0,15000,15000,1,-1,43.75,43.75,0
1786404346139,15000,die0,15000,15000,1,-1,43.75,43.75,0
1786404346239,15000,die0,15000,15000,1,-1,43.75,43.75,0
1786404346339,15000,die0,15000,15000,1,-1,43.75,43.75,0
1786404346439,15000,die0,15000,15000,1,-1,43.75,43.75,0
1786404346539,15000,die0,15000,15000,1,-1,43.75,43.75,0
1786404346639,15000,die0,15000,15000,1,-1,43.75,43.75,0
1786404346739,15000,die0,15000,15000,1,-1,43.75,43.75,0
1786404346839,15000,die0,15000,15000,1,-1,43.75,43.75,0
1786404346939,15000,die0,15000,15000,1,-1,43.75,43.75,0
1786404347039,15000,die0,15000,15000,1,-1,43.75,43.75,0
1786404347139,15000,die0,15000,15000,1,-1,43.75,43.75,0
1786404347239,15000,die0,15000,15000,1,-1,43.75,43.75,0
1786404347339,15000,die0,15000,15000,1,-1,43.75,43.75,0
1786404347439,15000,die0,15000,15000,1,-1,43.75,43.75,0
1786404347539,15000,die0,15000,15000,1,-1,43.75,43.75,0
1786404347639,15000,die0,15000,15000,1,-1,43.75,43.75,0
1786404347739,15000,die0,15000,15000,1,-1,43.75,43.75,0
1786404347839,15000,die0,15000,15000,1,-1,43.75,43.75,0
1786404347939,15000,die0,15000,15000,1,-1,43.75,43.75,0
1786404348039,15000,die0,15000,15000,1,-1,43.6875,43.6875,0
1786404348139,15000,die0,15000,15000,1,-1,43.6875,43.6875,0
1786404348239,15000,die0,15000,15000,1,-1,43.6875,43.6875,0
1786404348339,15000,die0,15000,15000,1,-1,43.6875,43.6875,0
1786404348439,15000,die0,15000,15000,1,-1,43.6875,43.6875,0
1786404348539,15000,die0,15000,15000,1,-1,43.6875,43.6875,0
1786404348639,15000,die0,15000,15000,1,-1,43.6875,43.6875,0
1786404348739,15000,die0,15000,15000,1,-1,43.6875,43.6875,0
1786404348839,15000,die0,15000,15000,1,-1,43.6875,43.6875,0
1786404348939,15000,die0,15000,15000,1,-1,43.6875,43.6875,0
1786404349039,15000,die0,15000,15000,1,-1,43.625,43.625,0
1786404349139,15000,die0,15000,15000,1,-1,43.625,43.625,0
1786404349239,15000,die0,15000,15000,1,-1,43.625,43.625,0
1786404349339,15000,die0,15000,15000,1,-1,43.625,43.625,0
1786404349439,15000,die0,15000,15000,1,-1,43.625,43.625,0
1786404349539,15000,die0,15000,15000,1,-1,43.625,43.625,0
1786404349639,15000,die0,15000,15000,1,-1,43.625,43.625,0
1786404349739,15000,die0,15000,15000,1,-1,43.625,43.625,0
1786404349839,15000,die0,15000,15000,1,-1,43.625,43.625,0
1786404349939,15000,die0,15000,15000,1,-1,43.625,43.625,0
1786404350039,15000,die0,15000,15000,1,-1,43.6875,43.6875,0
1786404350139,15000,die0,15000,15000,1,-1,43.6875,43.6875,0
1786404350239,15000,die0,15000,15000,1,-1,43.6875,43.6875,0
1786404350339,15000,die0,15000,15000,1,-1,43.6875,43.6875,0
1786404350439,15000,die0,15000,15000,1,-1,43.6875,43.6875,0
1786404350539,15000,die0,15000,15000,1,-1,43.6875,43.6875,0
1786404350639,15000,die0,15000,15000,1,-1,43.6875,43.6875,0
1786404350739,15000,die0,15000,15000,1,-1,43.6875,43.6875,0
1786404350839,15000,die0,15000,15000,1,-1,43.6875,43.6875,0
1786404350939,15000,die0,15000,15000,1,-1,43.6875,43.6875,0
1786404351039,15000,die0,15000,15000,1,-1,43.625,43.625,0
1786404351139,15000,die0,15000,15000,1,-1,43.625,43.625,0
1786404351239,15000,die0,15000,15000,1,-1,43.625,43.625,0
1786404351339,15000,die0,15000,15000,1,-1,43.625,43.625,0
1786404351439,15000,die0,15000,15000,1,-1,43.625,43.625,0
1786404351539,15000,die0,15000,15000,1,-1,43.625,43.625,0
1786404351639,15000,die0,15000,15000,1,-1,43.625,43.625,0
1786404351739,15000,die0,15000,15000,1,-1,43.625,43.625,0
1786404351839,15000,die0,15000,15000,1,-1,43.625,43.625,0
1786404351939,15000,die0,15000,15000,1,-1,43.625,43.625,0
1786404352039,15000,die0,15000,15000,1,-1,43.625,43.625,0
1786404352139,15000,die0,15000,15000,1,-1,43.625,43.625,0
1786404352239,15000,die0,15000,15000,1,-1,43.625,43.625,0
1786404352339,15000,die0,15000,15000,1,-1,43.625,43.625,0
1786404352439,15000,die0,15000,15000,1,-1,43.625,43.625,0
1786404352539,15000,die0,15000,15000,1,-1,43.625,43.625,0
1786404352639,15000,die0,15000,15000,1,-1,43.625,43.625,0
1786404352739,15000,die0,15000,15000,1,-1,43.625,43.625,0
1786404352839,15000,die0,15000,15000,1,-1,43.625,43.625,0
1786404352939,15000,die0,15000,15000,1,-1,43.625,43.625,0
1786404353039,15000,die0,15000,15000,1,-1,43.5625,43.5625,0
1786404353139,15000,die0,15000,15000,1,-1,43.5625,43.5625,0
1786404353239,15000,die0,15000,15000,1,-1,43.5625,43.5625,0
1786404353339,15000,die0,15000,15000,1,-1,43.5625,43.5625,0
1786404353439,15000,die0,15000,15000,1,-1,43.5625,43.5625,0
1786404353539,15000,die0,15000,15000,1,-1,43.5625,43.5625,0
1786404353639,15000,die0,15000,15000,1,-1,43.5625,43.5625,0
1786404353739,15000,die0,15000,15000,1,-1,43.5625,43.5625,0
1786404353839,15000,die0,15000,15000,1,-1,43.5625,43.5625,0
1786404353939,15000,die0,15000,15000,1,-1,43.5625,43.5625,0
1786404354039,15000,die0,15000,15000,1,-1,43.625,43.625,0
1786404354139,15000,die0,15000,15000,1,-1,43.625,43.625,0
1786404354239,15000,die0,15000,15000,1,-1,43.625,43.625,0
1786404354339,15000,die0,15000,15000,1,-1,43.625,43.625,0
1786404354439,15000,die0,15000,15000,1,-1,43.625,43.625,0
1786404354539,15000,die0,15000,15000,1,-1,43.625,43.625,0
1786404354639,15000,die0,15000,15000,1,-1,43.625,43.625,0
1786404354739,15000,die0,15000,15000,1,-1,43.625,43.625,0
1786404354839,15000,die0,15000,15000,1,-1,43.625,43.625,0
1786404354939,15000,die0,15000,15000,1,-1,43.625,43.625,0
1786404355039,15000,die0,15000,15000,1,-1,43.6875,43.6875,0
1786404355139,15000,die0,15000,15000,1,-1,43.6875,43.6875,0
1786404355239,15000,die0,15000,15000,1,-1,43.6875,43.6875,0
1786404355339,15000,die0,15000,15000,1,-1,43.6875,43.6875,0
1786404355439,15000,die0,15000,15000,1,-1,43.6875,43.6875,0
1786404355539,15000,die0,15000,15000,1,-1,43.6875,43.6875,0
1786404355639,15000,die0,15000,15000,1,-1,43.6875,43.6875,0
1786404355739,15000,die0,15000,15000,1,-1,43.6875,43.6875,0
1786404355839,15000,die0,15000,15000,1,-1,43.6875,43.6875,0
1786404355939,15000,die0,15000,15000,1,-1,43.6875,43.6875,0
1786404356039,15000,die0,15000,15000,1,-1,43.625,43.625,0
1786404356139,15000,die0,15000,15000,1,-1,43.625,43.625,0
1786404356239,15000,die0,15000,15000,1,-1,43.625,43.625,0
1786404356339,15000,die0,15000,15000,1,-1,43.625,43.625,0
1786404356439,15000,die0,15000,15000,1,-1,43.625,43.625,0
1786404356539,15000,die0,15000,15000,1,-1,43.625,43.625,0
1786404356639,15000,die0,15000,15000,1,-1,43.625,43.625,0
1786404356739,15000,die0,15000,15000,1,-1,43.625,43.625,0
1786404356839,15000,die0,15000,15000,1,-1,43.625,43.625,0
1786404356939,15000,die0,15000,15000,1,-1,43.625,43.625,0
1786404357039,15000,die0,15000,15000,1,-1,43.5625,43.5625,0
1786404357139,15000,die0,15000,15000,1,-1,43.5625,43.5625,0
1786404357239,15000,die0,15000,15000,1,-1,43.5625,43.5625,0
1786404357339,15000,die0,15000,15000,1,-1,43.5625,43.5625,0
1786404357439,15000,die0,15000,15000,1,-1,43.5625,43.5625,0
1786404357539,15000,die0,15000,15000,1,-1,43.5625,43.5625,0
1786404357639,15000,die0,15000,15000,1,-1,43.5625,43.5625,0
1786404357739,15000,die0,15000,15000,1,-1,43.5625,43.5625,0
1786404357839,15000,die0,15000,15000,1,-1,43.5625,43.5625,0
1786404357939,15000,die0,15000,15000,1,-1,43.5625,43.5625,0
1786404358039,15000,die0,15000,15000,1,-1,43.4375,43.4375,0
1786404358139,15000,die0,15000,15000,1,-1,43.4375,43.4375,0
1786404358239,15000,die0,15000,15000,1,-1,43.4375,43.4375,0
1786404358339,15000,die0,15000,15000,1,-1,43.4375,43.4375,0
1786404358439,15000,die0,15000,15000,1,-1,43.4375,43.4375,0
1786404358539,15000,die0,15000,15000,1,-1,43.4375,43.4375,0
1786404358639,15000,die0,15000,15000,1,-1,43.4375,43.4375,0
1786404358739,15000,die0,15000,15000,1,-1,43.4375,43.4375,0
1786404358839,15000,die0,15000,15000,1,-1,43.4375,43.4375,0
1786404358939,15000,die0,15000,15000,1,-1,43.4375,43.4375,0
1786404359039,14944.5,die0,14996,14996,0.996302,-1,43.5625,43.5625,0
1786404359139,14944.5,die0,14992,14992,0.996302,-1,43.5625,43.5625,0
1786404359239,14944.5,die0,14989,14989,0.996302,-1,43.5625,43.5625,0
1786404359339,14944.5,die0,14986,14986,0.996302,-1,43.5625,43.5625,0
1786404359439,14944.5,die0,14983,14983,0.996302,-1,43.5625,43.5625,0
1786404359539,14944.5,die0,14980,14980,0.996302,-1,43.5625,43.5625,0
1786404359639,14944.5,die0,14977,14977,0.996302,-1,43.5625,43.5625,0
1786404359739,14944.5,die0,14975,14975,0.996302,-1,43.5625,43.5625,0
1786404359839,14944.5,die0,14973,14973,0.996302,-1,43.5625,43.5625,0
1786404359939,14944.5,die0,14971,14971,0.996302,-1,43.5625,43.5625,0
1786404360039,14837.1,die0,14961,14961,0.989142,-1,43.5625,43.5625,0
1786404360139,14837.1,die0,14952,14952,0.989142,-1,43.5625,43.5625,0
1786404360239,14837.1,die0,14943,14943,0.989142,-1,43.5625,43.5625,0
1786404360339,14837.1,die0,14935,14935,0.989142,-1,43.5625,43.5625,0
1786404360439,14837.1,die0,14928,14928,0.989142,-1,43.5625,43.5625,0
1786404360539,14837.1,die0,14921,14921,0.989142,-1,43.5625,43.5625,0
1786404360639,14837.1,die0,14914,14914,0.989142,-1,43.5625,43.5625,0
1786404360739,14837.1,die0,14908,14908,0.989142,-1,43.5625,43.5625,0
1786404360839,14837.1,die0,14903,14903,0.989142,-1,43.5625,43.5625,0
1786404360939,14837.1,die0,14897,14897,0.989142,-1,43.5625,43.5625,0
1786404361039,14715.7,die0,14885,14885,0.981044,-1,43.5,43.5,0
1786404361139,14715.7,die0,14873,14873,0.981044,-1,43.5,43.5,0
1786404361239,14715.7,die0,14862,14862,0.981044,-1,43.5,43.5,0
1786404361339,14715.7,die0,14851,14851,0.981044,-1,43.5,43.5,0
1786404361439,14715.7,die0,14841,14841,0.981044,-1,43.5,43.5,0
1786404361539,14715.7,die0,14832,14832,0.981044,-1,43.5,43.5,0
1786404361639,14715.7,die0,14824,14824,0.981044,-1,43.5,43.5,0
1786404361739,14715.7,die0,14816,14816,0.981044,-1,43.5,43.5,0
1786404361839,14715.7,die0,14809,14809,0.981044,-1,43.5,43.5,0
1786404361939,14715.7,die0,14802,14802,0.981044,-1,43.5,43.5,0
1786404362039,14593.9,die0,14788,14788,0.972925,-1,43.4375,43.4375,0
1786404362139,14593.9,die0,14774,14774,0.972925,-1,43.4375,43.4375,0
1786404362239,14593.9,die0,14762,14762,0.972925,-1,43.4375,43.4375,0
1786404362339,14593.9,die0,14750,14750,0.972925,-1,43.4375,43.4375,0
1786404362439,14593.9,die0,14740,14740,0.972925,-1,43.4375,43.4375,0
1786404362539,14593.9,die0,14729,14729,0.972925,-1,43.4375,43.4375,0
1786404362639,14593.9,die0,14720,14720,0.972925,-1,43.4375,43.4375,0
1786404362739,14593.9,die0,14711,14711,0.972925,-1,43.4375,43.4375,0
1786404362839,14593.9,die0,14703,14703,0.972925,-1,43.4375,43.4375,0
1786404362939,14593.9,die0,14695,14695,0.972925,-1,43.4375,43.4375,0
1786404363039,14499.9,die0,14680,14680,0.966663,-1,43.5,43.5,0
1786404363139,14499.9,die0,14666,14666,0.966663,-1,43.5,43.5,0
1786404363239,14499.9,die0,14653,14653,0.966663,-1,43.5,43.5,0
1786404363339,14499.9,die0,14641,14641,0.966663,-1,43.5,43.5,0
1786404363439,14499.9,die0,14630,14630,0.966663,-1,43.5,43.5,0
1786404363539,14499.9,die0,14619,14619,0.966663,-1,43.5,43.5,0
1786404363639,14499.9,die0,14609,14609,0.966663,-1,43.5,43.5,0
1786404363739,14499.9,die0,14600,14600,0.966663,-1,43.5,43.5,0
1786404363839,14499.9,die0,14591,14591,0.966663,-1,43.5,43.5,0
1786404363939,14499.9,die0,14583,14583,0.966663,-1,43.5,43.5,0
1786404364039,14364.1,die0,14568,14568,0.957605,-1,43.375,43.375,0
1786404364139,14364.1,die0,14554,14554,0.957605,-1,43.375,43.375,0
1786404364239,14364.1,die0,14540,14540,0.957605,-1,43.375,43.375,0
1786404364339,14364.1,die0,14528,14528,0.957605,-1,43.375,43.375,0
1786404364439,14364.1,die0,14516,14516,0.957605,-1,43.375,43.375,0
1786404364539,14364.1,die0,14505,14505,0.957605,-1,43.375,43.375,0
1786404364639,14364.1,die0,14495,14495,0.957605,-1,43.375,43.375,0
1786404364739,14364.1,die0,14486,14486,0.957605,-1,43.375,43.375,0
1786404364839,14364.1,die0,14477,14477,0.957605,-1,43.375,43.375,0
1786404364939,14364.1,die0,14469,14469,0.957605,-1,43.375,43.375,0
1786404365039,14283.9,die0,14453,14453,0.95226,-1,43.5,43.5,0
1786404365139,14283.9,die0,14438,14438,0.95226,-1,43.5,43.5,0
1786404365239,14283.9,die0,14425,14425,0.95226,-1,43.5,43.5,0
1786404365339,14283.9,die0,14412,14412,0.95226,-1,43.5,43.5,0
1786404365439,14283.9,die0,14400,14400,0.95226,-1,43.5,43.5,0
1786404365539,14283.9,die0,14389,14389,0.95226,-1,43.5,43.5,0
1786404365639,14283.9,die0,14379,14379,0.95226,-1,43.5,43.5,0
1786404365739,14283.9,die0,14370,14370,0.95226,-1,43.5,43.5,0
1786404365839,14283.9,die0,14361,14361,0.95226,-1,43.5,43.5,0
1786404365939,14283.9,die0,14352,14352,0.95226,-1,43.5,43.5,0
1786404366039,14162.1,die0,14337,14337,0.944141,-1,43.4375,43.4375,0
1786404366139,14162.1,die0,14322,14322,0.944141,-1,43.4375,43.4375,0
1786404366239,14162.1,die0,14308,14308,0.944141,-1,43.4375,43.4375,0
1786404366339,14162.1,die0,14296,14296,0.944141,-1,43.4375,43.4375,0
1786404366439,14162.1,die0,14284,14284,0.944141,-1,43.4375,43.4375,0
1786404366539,14162.1,die0,14273,14273,0.944141,-1,43.4375,43.4375,0
1786404366639,14162.1,die0,14262,14262,0.944141,-1,43.4375,43.4375,0
1786404366739,14162.1,die0,14253,14253,0.944141,-1,43.4375,43.4375,0
1786404366839,14162.1,die0,14244,14244,0.944141,-1,43.4375,43.4375,0
1786404366939,14162.1,die0,14235,14235,0.944141,-1,43.4375,43.4375,0
1786404367039,14082.3,die0,14224,14224,0.938818,-1,43.5625,43.5625,0
1786404367139,14082.3,die0,14213,14213,0.938818,-1,43.5625,43.5625,0
1786404367239,14082.3,die0,14202,14202,0.938818,-1,43.5625,43.5625,0
1786404367339,14082.3,die0,14193,14193,0.938818,-1,43.5625,43.5625,0
1786404367439,14082.3,die0,14184,14184,0.938818,-1,43.5625,43.5625,0
1786404367539,14082.3,die0,14176,14176,0.938818,-1,43.5625,43.5625,0
1786404367639,14082.3,die0,14168,14168,0.938818,-1,43.5625,43.5625,0
1786404367739,14082.3,die0,14160,14160,0.938818,-1,43.5625,43.5625,0
1786404367839,14082.3,die0,14154,14154,0.938818,-1,43.5625,43.5625,0
1786404367939,14082.3,die0,14147,14147,0.938818,-1,43.5625,43.5625,0
1786404368039,13960.8,die0,14134,14134,0.930719,-1,43.5,43.5,0
1786404368139,13960.8,die0,14121,14121,0.930719,-1,43.5,43.5,0
1786404368239,13960.8,die0,14109,14109,0.930719,-1,43.5,43.5,0
1786404368339,13960.8,die0,14098,14098,0.930719,-1,43.5,43.5,0
1786404368439,13960.8,die0,14087,14087,0.930719,-1,43.5,43.5,0
1786404368539,13960.8,die0,14077,14077,0.930719,-1,43.5,43.5,0
1786404368639,13960.8,die0,14068,14068,0.930719,-1,43.5,43.5,0
1786404368739,13960.8,die0,14060,14060,0.930719,-1,43.5,43.5,0
1786404368839,13960.8,die0,14052,14052,0.930719,-1,43.5,43.5,0
1786404368939,13960.8,die0,14045,14045,0.930719,-1,43.5,43.5,0
1786404369039,13839,die0,14030,14030,0.9226,-1,43.4375,43.4375,0
1786404369139,13839,die0,14016,14016,0.9226,-1,43.4375,43.4375,0
1786404369239,13839,die0,14003,14003,0.9226,-1,43.4375,43.4375,0
1786404369339,13839,die0,13991,13991,0.9226,-1,43.4375,43.4375,0
1786404369439,13839,die0,13980,13980,0.9226,-1,43.4375,43.4375,0
1786404369539,13839,die0,13970,13970,0.9226,-1,43.4375,43.4375,0
1786404369639,13839,die0,13960,13960,0.9226,-1,43.4375,43.4375,0
1786404369739,13839,die0,13951,13951,0.9226,-1,43.4375,43.4375,0
1786404369839,13839,die0,13942,13942,0.9226,-1,43.4375,43.4375,0
1786404369939,13839,die0,13934,13934,0.9226,-1,43.4375,43.4375,0
1786404370039,13716.9,die0,13919,13919,0.914461,-1,43.375,43.375,0
1786404370139,13716.9,die0,13905,13905,0.914461,-1,43.375,43.375,0
1786404370239,13716.9,die0,13892,13892,0.914461,-1,43.375,43.375,0
1786404370339,13716.9,die0,13879,13879,0.914461,-1,43.375,43.375,0
1786404370439,13716.9,die0,13868,13868,0.914461,-1,43.375,43.375,0
1786404370539,13716.9,die0,13857,13857,0.914461,-1,43.375,43.375,0
1786404370639,13716.9,die0,13847,13847,0.914461,-1,43.375,43.375,0
1786404370739,13716.9,die0,13837,13837,0.914461,-1,43.375,43.375,0
1786404370839,13716.9,die0,13829,13829,0.914461,-1,43.375,43.375,0
1786404370939,13716.9,die0,13821,13821,0.914461,-1,43.375,43.375,0
1786404371039,13622.7,die0,13805,13805,0.908177,-1,43.4375,43.4375,0
1786404371139,13622.7,die0,13791,13791,0.908177,-1,43.4375,43.4375,0
1786404371239,13622.7,die0,13777,13777,0.908177,-1,43.4375,43.4375,0
1786404371339,13622.7,die0,13765,13765,0.908177,-1,43.4375,43.4375,0
1786404371439,13622.7,die0,13753,13753,0.908177,-1,43.4375,43.4375,0
1786404371539,13622.7,die0,13742,13742,0.908177,-1,43.4375,43.4375,0
1786404371639,13622.7,die0,13732,13732,0.908177,-1,43.4375,43.4375,0
1786404371739,13622.7,die0,13722,13722,0.908177,-1,43.4375,43.4375,0
1786404371839,13622.7,die0,13713,13713,0.908177,-1,43.4375,43.4375,0
1786404371939,13622.7,die0,13705,13705,0.908177,-1,43.4375,43.4375,0
1786404372039,13528.7,die0,13689,13689,0.901915,-1,43.5,43.5,0
1786404372139,13528.7,die0,13675,13675,0.901915,-1,43.5,43.5,0
1786404372239,13528.7,die0,13661,13661,0.901915,-1,43.5,43.5,0
1786404372339,13528.7,die0,13648,13648,0.901915,-1,43.5,43.5,0
1786404372439,13528.7,die0,13636,13636,0.901915,-1,43.5,43.5,0
1786404372539,13528.7,die0,13625,13625,0.901915,-1,43.5,43.5,0
1786404372639,13528.7,die0,13615,13615,0.901915,-1,43.5,43.5,0
1786404372739,13528.7,die0,13605,13605,0.901915,-1,43.5,43.5,0
1786404372839,13528.7,die0,13596,13596,0.901915,-1,43.5,43.5,0
1786404372939,13528.7,die0,13588,13588,0.901915,-1,43.5,43.5,0
1786404373039,13435.1,die0,13576,13576,0.895673,-1,43.5625,43.5625,0
1786404373139,13435.1,die0,13565,13565,0.895673,-1,43.5625,43.5625,0
1786404373239,13435.1,die0,13555,13555,0.895673,-1,43.5625,43.5625,0
1786404373339,13435.1,die0,13546,13546,0.895673,-1,43.5625,43.5625,0
1786404373439,13435.1,die0,13537,13537,0.895673,-1,43.5625,43.5625,0
1786404373539,13435.1,die0,13528,13528,0.895673,-1,43.5625,43.5625,0
1786404373639,13435.1,die0,13521,13521,0.895673,-1,43.5625,43.5625,0
1786404373739,13435.1,die0,13513,13513,0.895673,-1,43.5625,43.5625,0
1786404373839,13435.1,die0,13507,13507,0.895673,-1,43.5625,43.5625,0
1786404373939,13435.1,die0,13500,13500,0.895673,-1,43.5625,43.5625,0
1786404374039,13327.7,die0,13486,13486,0.888514,-1,43.5625,43.5625,0
1786404374139,13327.7,die0,13474,13474,0.888514,-1,43.5625,43.5625,0
1786404374239,13327.7,die0,13462,13462,0.888514,-1,43.5625,43.5625,0
1786404374339,13327.7,die0,13450,13450,0.888514,-1,43.5625,43.5625,0
1786404374439,13327.7,die0,13440,13440,0.888514,-1,43.5625,43.5625,0
1786404374539,13327.7,die0,13430,13430,0.888514,-1,43.5625,43.5625,0
1786404374639,13327.7,die0,13421,13421,0.888514,-1,43.5625,43.5625,0
1786404374739,13327.7,die0,13413,13413,0.888514,-1,43.5625,43.5625,0
1786404374839,13327.7,die0,13405,13405,0.888514,-1,43.5625,43.5625,0
1786404374939,13327.7,die0,13397,13397,0.888514,-1,43.5625,43.5625,0
1786404375039,13220.3,die0,13383,13383,0.881354,-1,43.5625,43.5625,0
1786404375139,13220.3,die0,13369,13369,0.881354,-1,43.5625,43.5625,0
1786404375239,13220.3,die0,13356,13356,0.881354,-1,43.5625,43.5625,0
1786404375339,13220.3,die0,13344,13344,0.881354,-1,43.5625,43.5625,0
1786404375439,13220.3,die0,13333,13333,0.881354,-1,43.5625,43.5625,0
1786404375539,13220.3,die0,13323,13323,0.881354,-1,43.5625,43.5625,0
1786404375639,13220.3,die0,13313,13313,0.881354,-1,43.5625,43.5625,0
1786404375739,13220.3,die0,13304,13304,0.881354,-1,43.5625,43.5625,0
1786404375839,13220.3,die0,13295,13295,0.881354,-1,43.5625,43.5625,0
1786404375939,13220.3,die0,13287,13287,0.881354,-1,43.5625,43.5625,0
1786404376039,13141.1,die0,13276,13276,0.876072,-1,43.6875,43.6875,0
1786404376139,13141.1,die0,13265,13265,0.876072,-1,43.6875,43.6875,0
1786404376239,13141.1,die0,13256,13256,0.876072,-1,43.6875,43.6875,0
1786404376339,13141.1,die0,13246,13246,0.876072,-1,43.6875,43.6875,0
1786404376439,13141.1,die0,13238,13238,0.876072,-1,43.6875,43.6875,0
1786404376539,13141.1,die0,13230,13230,0.876072,-1,43.6875,43.6875,0
1786404376639,13141.1,die0,13222,13222,0.876072,-1,43.6875,43.6875,0
1786404376739,13141.1,die0,13215,13215,0.876072,-1,43.6875,43.6875,0
1786404376839,13141.1,die0,13209,13209,0.876072,-1,43.6875,43.6875,0
1786404376939,13141.1,die0,13203,13203,0.876072,-1,43.6875,43.6875,0
1786404377039,13020.2,die0,13189,13189,0.868016,-1,43.625,43.625,0
1786404377139,13020.2,die0,13177,13177,0.868016,-1,43.625,43.625,0
1786404377239,13020.2,die0,13165,13165,0.868016,-1,43.625,43.625,0
1786404377339,13020.2,die0,13154,13154,0.868016,-1,43.625,43.625,0
1786404377439,13020.2,die0,13144,13144,0.868016,-1,43.625,43.625,0
1786404377539,13020.2,die0,13134,13134,0.868016,-1,43.625,43.625,0
1786404377639,13020.2,die0,13125,13125,0.868016,-1,43.625,43.625,0
1786404377739,13020.2,die0,13117,13117,0.868016,-1,43.625,43.625,0
1786404377839,13020.2,die0,13109,13109,0.868016,-1,43.625,43.625,0
1786404377939,13020.2,die0,13102,13102,0.868016,-1,43.625,43.625,0
1786404378039,12913.2,die0,13087,13087,0.860877,-1,43.625,43.625,0
1786404378139,12913.2,die0,13073,13073,0.860877,-1,43.625,43.625,0
1786404378239,12913.2,die0,13061,13061,0.860877,-1,43.625,43.625,0
1786404378339,12913.2,die0,13049,13049,0.860877,-1,43.625,43.625,0
1786404378439,12913.2,die0,13038,13038,0.860877,-1,43.625,43.625,0
1786404378539,12913.2,die0,13027,13027,0.860877,-1,43.625,43.625,0
1786404378639,12913.2,die0,13018,13018,0.860877,-1,43.625,43.625,0
1786404378739,12913.2,die0,13009,13009,0.860877,-1,43.625,43.625,0
1786404378839,12913.2,die0,13000,13000,0.860877,-1,43.625,43.625,0
1786404378939,12913.2,die0,12992,12992,0.860877,-1,43.625,43.625,0
1786404379039,12820.2,die0,12977,12977,0.854677,-1,43.6875,43.6875,0
1786404379139,12820.2,die0,12963,12963,0.854677,-1,43.6875,43.6875,0
1786404379239,12820.2,die0,12950,12950,0.854677,-1,43.6875,43.6875,0
1786404379339,12820.2,die0,12937,12937,0.854677,-1,43.6875,43.6875,0
1786404379439,12820.2,die0,12926,12926,0.854677,-1,43.6875,43.6875,0
1786404379539,12820.2,die0,12915,12915,0.854677,-1,43.6875,43.6875,0
1786404379639,12820.2,die0,12905,12905,0.854677,-1,43.6875,43.6875,0
1786404379739,12820.2,die0,12896,12896,0.854677,-1,43.6875,43.6875,0
1786404379839,12820.2,die0,12887,12887,0.854677,-1,43.6875,43.6875,0
1786404379939,12820.2,die0,12879,12879,0.854677,-1,43.6875,43.6875,0
1786404380039,12727.5,die0,12867,12867,0.848498,-1,43.75,43.75,0
1786404380139,12727.5,die0,12857,12857,0.848498,-1,43.75,43.75,0
1786404380239,12727.5,die0,12847,12847,0.848498,-1,43.75,43.75,0
1786404380339,12727.5,die0,12837,12837,0.848498,-1,43.75,43.75,0
1786404380439,12727.5,die0,12828,12828,0.848498,-1,43.75,43.75,0
1786404380539,12727.5,die0,12820,12820,0.848498,-1,43.75,43.75,0
1786404380639,12727.5,die0,12813,12813,0.848498,-1,43.75,43.75,0
1786404380739,12727.5,die0,12806,12806,0.848498,-1,43.75,43.75,0
1786404380839,12727.5,die0,12799,12799,0.848498,-1,43.75,43.75,0
1786404380939,12727.5,die0,12793,12793,0.848498,-1,43.75,43.75,0
1786404381039,12621,die0,12779,12779,0.841402,-1,43.75,43.75,0
1786404381139,12621,die0,12766,12766,0.841402,-1,43.75,43.75,0
1786404381239,12621,die0,12754,12754,0.841402,-1,43.75,43.75,0
1786404381339,12621,die0,12743,12743,0.841402,-1,43.75,43.75,0
1786404381439,12621,die0,12733,12733,0.841402,-1,43.75,43.75,0
1786404381539,12621,die0,12723,12723,0.841402,-1,43.75,43.75,0
1786404381639,12621,die0,12714,12714,0.841402,-1,43.75,43.75,0
1786404381739,12621,die0,12706,12706,0.841402,-1,43.75,43.75,0
1786404381839,12621,die0,12698,12698,0.841402,-1,43.75,43.75,0
1786404381939,12621,die0,12691,12691,0.841402,-1,43.75,43.75,0
1786404382039,12556.8,die0,12680,12680,0.837121,-1,43.9375,43.9375,0
1786404382139,12556.8,die0,12670,12670,0.837121,-1,43.9375,43.9375,0
1786404382239,12556.8,die0,12661,12661,0.837121,-1,43.9375,43.9375,0
1786404382339,12556.8,die0,12652,12652,0.837121,-1,43.9375,43.9375,0
1786404382439,12556.8,die0,12644,12644,0.837121,-1,43.9375,43.9375,0
1786404382539,12556.8,die0,12636,12636,0.837121,-1,43.9375,43.9375,0
1786404382639,12556.8,die0,12629,12629,0.837121,-1,43.9375,43.9375,0
1786404382739,12556.8,die0,12622,12622,0.837121,-1,43.9375,43.9375,0
1786404382839,12556.8,die0,12616,12616,0.837121,-1,43.9375,43.9375,0
1786404382939,12556.8,die0,12610,12610,0.837121,-1,43.9375,43.9375,0
1786404383039,12465.4,die0,12597,12597,0.831025,-1,44,44,0
1786404383139,12465.4,die0,12585,12585,0.831025,-1,44,44,0
1786404383239,12465.4,die0,12573,12573,0.831025,-1,44,44,0
1786404383339,12465.4,die0,12562,12562,0.831025,-1,44,44,0
1786404383439,12465.4,die0,12552,12552,0.831025,-1,44,44,0
1786404383539,12465.4,die0,12543,12543,0.831025,-1,44,44,0
1786404383639,12465.4,die0,12534,12534,0.831025,-1,44,44,0
1786404383739,12465.4,die0,12526,12526,0.831025,-1,44,44,0
1786404383839,12465.4,die0,12518,12518,0.831025,-1,44,44,0
1786404383939,12465.4,die0,12511,12511,0.831025,-1,44,44,0
1786404384039,12360.2,die0,12501,12501,0.824012,-1,44,44,0
1786404384139,12360.2,die0,12491,12491,0.824012,-1,44,44,0
1786404384239,12360.2,die0,12482,12482,0.824012,-1,44,44,0
1786404384339,12360.2,die0,12473,12473,0.824012,-1,44,44,0
1786404384439,12360.2,die0,12465,12465,0.824012,-1,44,44,0
1786404384539,12360.2,die0,12458,12458,0.824012,-1,44,44,0
1786404384639,12360.2,die0,12451,12451,0.824012,-1,44,44,0
1786404384739,12360.2,die0,12444,12444,0.824012,-1,44,44,0
1786404384839,12360.2,die0,12438,12438,0.824012,-1,44,44,0
1786404384939,12360.2,die0,12432,12432,0.824012,-1,44,44,0
1786404385039,12269.1,die0,12419,12419,0.817937,-1,44.0625,44.0625,0
1786404385139,12269.1,die0,12407,12407,0.817937,-1,44.0625,44.0625,0
1786404385239,12269.1,die0,12396,12396,0.817937,-1,44.0625,44.0625,0
1786404385339,12269.1,die0,12385,12385,0.817937,-1,44.0625,44.0625,0
1786404385439,12269.1,die0,12375,12375,0.817937,-1,44.0625,44.0625,0
1786404385539,12269.1,die0,12366,12366,0.817937,-1,44.0625,44.0625,0
1786404385639,12269.1,die0,12357,12357,0.817937,-1,44.0625,44.0625,0
1786404385739,12269.1,die0,12349,12349,0.817937,-1,44.0625,44.0625,0
1786404385839,12269.1,die0,12341,12341,0.817937,-1,44.0625,44.0625,0
1786404385939,12269.1,die0,12334,12334,0.817937,-1,44.0625,44.0625,0
1786404386039,12192.3,die0,12324,12324,0.812822,-1,44.1875,44.1875,0
1786404386139,12192.3,die0,12314,12314,0.812822,-1,44.1875,44.1875,0
1786404386239,12192.3,die0,12305,12305,0.812822,-1,44.1875,44.1875,0
1786404386339,12192.3,die0,12296,12296,0.812822,-1,44.1875,44.1875,0
1786404386439,12192.3,die0,12288,12288,0.812822,-1,44.1875,44.1875,0
1786404386539,12192.3,die0,12281,12281,0.812822,-1,44.1875,44.1875,0
1786404386639,12192.3,die0,12274,12274,0.812822,-1,44.1875,44.1875,0
1786404386739,12192.3,die0,12267,12267,0.812822,-1,44.1875,44.1875,0
1786404386839,12192.3,die0,12261,12261,0.812822,-1,44.1875,44.1875,0
1786404386939,12192.3,die0,12256,12256,0.812822,-1,44.1875,44.1875,0
1786404387039,12102.2,die0,12242,12242,0.80681,-1,44.25,44.25,0
1786404387139,12102.2,die0,12230,12230,0.80681,-1,44.25,44.25,0
1786404387239,12102.2,die0,12219,12219,0.80681,-1,44.25,44.25,0
1786404387339,12102.2,die0,12208,12208,0.80681,-1,44.25,44.25,0
1786404387439,12102.2,die0,12198,12198,0.80681,-1,44.25,44.25,0
1786404387539,12102.2,die0,12189,12189,0.80681,-1,44.25,44.25,0
1786404387639,12102.2,die0,12180,12180,0.80681,-1,44.25,44.25,0
1786404387739,12102.2,die0,12172,12172,0.80681,-1,44.25,44.25,0
1786404387839,12102.2,die0,12165,12165,0.80681,-1,44.25,44.25,0
1786404387939,12102.2,die0,12158,12158,0.80681,-1,44.25,44.25,0
1786404388039,11984.1,die0,12143,12143,0.798942,-1,44.1875,44.1875,0
1786404388139,11984.1,die0,12130,12130,0.798942,-1,44.1875,44.1875,0
1786404388239,11984.1,die0,12117,12117,0.798942,-1,44.1875,44.1875,0
1786404388339,11984.1,die0,12105,12105,0.798942,-1,44.1875,44.1875,0
1786404388439,11984.1,die0,12094,12094,0.798942,-1,44.1875,44.1875,0
1786404388539,11984.1,die0,12084,12084,0.798942,-1,44.1875,44.1875,0
1786404388639,11984.1,die0,12075,12075,0.798942,-1,44.1875,44.1875,0
1786404388739,11984.1,die0,12066,12066,0.798942,-1,44.1875,44.1875,0
1786404388839,11984.1,die0,12057,12057,0.798942,-1,44.1875,44.1875,0
1786404388939,11984.1,die0,12050,12050,0.798942,-1,44.1875,44.1875,0
1786404389039,11893.9,die0,12039,12039,0.79293,-1,44.25,44.25,0
1786404389139,11893.9,die0,12028,12028,0.79293,-1,44.25,44.25,0
1786404389239,11893.9,die0,12018,12018,0.79293,-1,44.25,44.25,0
1786404389339,11893.9,die0,12009,12009,0.79293,-1,44.25,44.25,0
1786404389439,11893.9,die0,12001,12001,0.79293,-1,44.25,44.25,0
1786404389539,11893.9,die0,11993,11993,0.79293,-1,44.25,44.25,0
1786404389639,11893.9,die0,11986,11986,0.79293,-1,44.25,44.25,0
1786404389739,11893.9,die0,11979,11979,0.79293,-1,44.25,44.25,0
1786404389839,11893.9,die0,11972,11972,0.79293,-1,44.25,44.25,0
1786404389939,11893.9,die0,11966,11966,0.79293,-1,44.25,44.25,0
1786404390039,11832.2,die0,11957,11957,0.788816,-1,44.4375,44.4375,0
1786404390139,11832.2,die0,11948,11948,0.788816,-1,44.4375,44.4375,0
1786404390239,11832.2,die0,11940,11940,0.788816,-1,44.4375,44.4375,0
1786404390339,11832.2,die0,11932,11932,0.788816,-1,44.4375,44.4375,0
1786404390439,11832.2,die0,11925,11925,0.788816,-1,44.4375,44.4375,0
1786404390539,11832.2,die0,11918,11918,0.788816,-1,44.4375,44.4375,0
1786404390639,11832.2,die0,11912,11912,0.788816,-1,44.4375,44.4375,0
1786404390739,11832.2,die0,11906,11906,0.788816,-1,44.4375,44.4375,0
1786404390839,11832.2,die0,11900,11900,0.788816,-1,44.4375,44.4375,0
1786404390939,11832.2,die0,11895,11895,0.788816,-1,44.4375,44.4375,0
1786404391039,11743.3,die0,11883,11883,0.782887,-1,44.5,44.5,0
1786404391139,11743.3,die0,11871,11871,0.782887,-1,44.5,44.5,0
1786404391239,11743.3,die0,11860,11860,0.782887,-1,44.5,44.5,0
1786404391339,11743.3,die0,11849,11849,0.782887,-1,44.5,44.5,0
1786404391439,11743.3,die0,11840,11840,0.782887,-1,44.5,44.5,0
1786404391539,11743.3,die0,11831,11831,0.782887,-1,44.5,44.5,0
1786404391639,11743.3,die0,11823,11823,0.782887,-1,44.5,44.5,0
1786404391739,11743.3,die0,11815,11815,0.782887,-1,44.5,44.5,0
1786404391839,11743.3,die0,11808,11808,0.782887,-1,44.5,44.5,0
1786404391939,11743.3,die0,11801,11801,0.782887,-1,44.5,44.5,0
1786404392039,11626.5,die0,11787,11787,0.775102,-1,44.4375,44.4375,0
1786404392139,11626.5,die0,11773,11773,0.775102,-1,44.4375,44.4375,0
1786404392239,11626.5,die0,11761,11761,0.775102,-1,44.4375,44.4375,0
1786404392339,11626.5,die0,11750,11750,0.775102,-1,44.4375,44.4375,0
1786404392439,11626.5,die0,11739,11739,0.775102,-1,44.4375,44.4375,0
1786404392539,11626.5,die0,11729,11729,0.775102,-1,44.4375,44.4375,0
1786404392639,11626.5,die0,11719,11719,0.775102,-1,44.4375,44.4375,0
1786404392739,11626.5,die0,11711,11711,0.775102,-1,44.4375,44.4375,0
1786404392839,11626.5,die0,11702,11702,0.775102,-1,44.4375,44.4375,0
1786404392939,11626.5,die0,11695,11695,0.775102,-1,44.4375,44.4375,0
1786404393039,11565.8,die0,11684,11684,0.771051,-1,44.625,44.625,0
1786404393139,11565.8,die0,11674,11674,0.771051,-1,44.625,44.625,0
1786404393239,11565.8,die0,11664,11664,0.771051,-1,44.625,44.625,0
1786404393339,11565.8,die0,11655,11655,0.771051,-1,44.625,44.625,0
1786404393439,11565.8,die0,11647,11647,0.771051,-1,44.625,44.625,0
1786404393539,11565.8,die0,11639,11639,0.771051,-1,44.625,44.625,0
1786404393639,11565.8,die0,11631,11631,0.771051,-1,44.625,44.625,0
1786404393739,11565.8,die0,11625,11625,0.771051,-1,44.625,44.625,0
1786404393839,11565.8,die0,11618,11618,0.771051,-1,44.625,44.625,0
1786404393939,11565.8,die0,11612,11612,0.771051,-1,44.625,44.625,0
1786404394039,11463.7,die0,11599,11599,0.764247,-1,44.625,44.625,0
1786404394139,11463.7,die0,11587,11587,0.764247,-1,44.625,44.625,0
1786404394239,11463.7,die0,11575,11575,0.764247,-1,44.625,44.625,0
1786404394339,11463.7,die0,11564,11564,0.764247,-1,44.625,44.625,0
1786404394439,11463.7,die0,11554,11554,0.764247,-1,44.625,44.625,0
1786404394539,11463.7,die0,11544,11544,0.764247,-1,44.625,44.625,0
1786404394639,11463.7,die0,11536,11536,0.764247,-1,44.625,44.625,0
1786404394739,11463.7,die0,11527,11527,0.764247,-1,44.625,44.625,0
1786404394839,11463.7,die0,11520,11520,0.764247,-1,44.625,44.625,0
1786404394939,11463.7,die0,11512,11512,0.764247,-1,44.625,44.625,0
1786404395039,11403.9,die0,11502,11502,0.760258,-1,44.8125,44.8125,0
1786404395139,11403.9,die0,11492,11492,0.760258,-1,44.8125,44.8125,0
1786404395239,11403.9,die0,11483,11483,0.760258,-1,44.8125,44.8125,0
1786404395339,11403.9,die0,11474,11474,0.760258,-1,44.8125,44.8125,0
1786404395439,11403.9,die0,11466,11466,0.760258,-1,44.8125,44.8125,0
1786404395539,11403.9,die0,11458,11458,0.760258,-1,44.8125,44.8125,0
1786404395639,11403.9,die0,11451,11451,0.760258,-1,44.8125,44.8125,0
1786404395739,11403.9,die0,11445,11445,0.760258,-1,44.8125,44.8125,0
1786404395839,11403.9,die0,11439,11439,0.760258,-1,44.8125,44.8125,0
1786404395939,11403.9,die0,11433,11433,0.760258,-1,44.8125,44.8125,0
1786404396039,11316.8,die0,11424,11424,0.754455,-1,44.875,44.875,0
1786404396139,11316.8,die0,11415,11415,0.754455,-1,44.875,44.875,0
1786404396239,11316.8,die0,11407,11407,0.754455,-1,44.875,44.875,0
1786404396339,11316.8,die0,11399,11399,0.754455,-1,44.875,44.875,0
1786404396439,11316.8,die0,11392,11392,0.754455,-1,44.875,44.875,0
1786404396539,11316.8,die0,11386,11386,0.754455,-1,44.875,44.875,0
1786404396639,11316.8,die0,11380,11380,0.754455,-1,44.875,44.875,0
1786404396739,11316.8,die0,11374,11374,0.754455,-1,44.875,44.875,0
1786404396839,11316.8,die0,11369,11369,0.754455,-1,44.875,44.875,0
1786404396939,11316.8,die0,11364,11364,0.754455,-1,44.875,44.875,0
1786404397039,11244.2,die0,11355,11355,0.749611,-1,45,45,0
1786404397139,11244.2,die0,11347,11347,0.749611,-1,45,45,0
1786404397239,11244.2,die0,11340,11340,0.749611,-1,45,45,0
1786404397339,11244.2,die0,11333,11333,0.749611,-1,45,45,0
1786404397439,11244.2,die0,11326,11326,0.749611,-1,45,45,0
1786404397539,11244.2,die0,11320,11320,0.749611,-1,45,45,0
1786404397639,11244.2,die0,11315,11315,0.749611,-1,45,45,0
1786404397739,11244.2,die0,11309,11309,0.749611,-1,45,45,0
1786404397839,11244.2,die0,11304,11304,0.749611,-1,45,45,0
1786404397939,11244.2,die0,11300,11300,0.749611,-1,45,45,0
1786404398039,11144,die0,11288,11288,0.742932,-1,45,45,0
1786404398139,11144,die0,11276,11276,0.742932,-1,45,45,0
1786404398239,11144,die0,11266,11266,0.742932,-1,45,45,0
1786404398339,11144,die0,11256,11256,0.742932,-1,45,45,0
1786404398439,11144,die0,11247,11247,0.742932,-1,45,45,0
1786404398539,11144,die0,11238,11238,0.742932,-1,45,45,0
1786404398639,11144,die0,11230,11230,0.742932,-1,45,45,0
1786404398739,11144,die0,11222,11222,0.742932,-1,45,45,0
1786404398839,11144,die0,11216,11216,0.742932,-1,45,45,0
1786404398939,11144,die0,11209,11209,0.742932,-1,45,45,0
1786404399039,11071.9,die0,11199,11199,0.73813,-1,45.125,45.125,0
1786404399139,11071.9,die0,11190,11190,0.73813,-1,45.125,45.125,0
1786404399239,11071.9,die0,11181,11181,0.73813,-1,45.125,45.125,0
1786404399339,11071.9,die0,11173,11173,0.73813,-1,45.125,45.125,0
1786404399439,11071.9,die0,11165,11165,0.73813,-1,45.125,45.125,0
1786404399539,11071.9,die0,11158,11158,0.73813,-1,45.125,45.125,0
1786404399639,11071.9,die0,11151,11151,0.73813,-1,45.125,45.125,0
1786404399739,11071.9,die0,11145,11145,0.73813,-1,45.125,45.125,0
1786404399839,11071.9,die0,11140,11140,0.73813,-1,45.125,45.125,0
1786404399939,11071.9,die0,11134,11134,0.73813,-1,45.125,45.125,0
1786404400039,11000.5,die0,11125,11125,0.73337,-1,45.25,45.25,0
1786404400139,11000.5,die0,11117,11117,0.73337,-1,45.25,45.25,0
1786404400239,11000.5,die0,11109,11109,0.73337,-1,45.25,45.25,0
1786404400339,11000.5,die0,11102,11102,0.73337,-1,45.25,45.25,0
1786404400439,11000.5,die0,11095,11095,0.73337,-1,45.25,45.25,0
1786404400539,11000.5,die0,11089,11089,0.73337,-1,45.25,45.25,0
1786404400639,11000.5,die0,11083,11083,0.73337,-1,45.25,45.25,0
1786404400739,11000.5,die0,11077,11077,0.73337,-1,45.25,45.25,0
1786404400839,11000.5,die0,11072,11072,0.73337,-1,45.25,45.25,0
1786404400939,11000.5,die0,11067,11067,0.73337,-1,45.25,45.25,0
1786404401039,10915.7,die0,11055,11055,0.727713,-1,45.3125,45.3125,0
1786404401139,10915.7,die0,11043,11043,0.727713,-1,45.3125,45.3125,0
1786404401239,10915.7,die0,11033,11033,0.727713,-1,45.3125,45.3125,0
1786404401339,10915.7,die0,11023,11023,0.727713,-1,45.3125,45.3125,0
1786404401439,10915.7,die0,11013,11013,0.727713,-1,45.3125,45.3125,0
1786404401539,10915.7,die0,11005,11005,0.727713,-1,45.3125,45.3125,0
1786404401639,10915.7,die0,10996,10996,0.727713,-1,45.3125,45.3125,0
1786404401739,10915.7,die0,10989,10989,0.727713,-1,45.3125,45.3125,0
1786404401839,10915.7,die0,10982,10982,0.727713,-1,45.3125,45.3125,0
1786404401939,10915.7,die0,10975,10975,0.727713,-1,45.3125,45.3125,0
1786404402039,10831.1,die0,10965,10965,0.722076,-1,45.375,45.375,0
1786404402139,10831.1,die0,10956,10956,0.722076,-1,45.375,45.375,0
1786404402239,10831.1,die0,10947,10947,0.722076,-1,45.375,45.375,0
1786404402339,10831.1,die0,10939,10939,0.722076,-1,45.375,45.375,0
1786404402439,10831.1,die0,10931,10931,0.722076,-1,45.375,45.375,0
1786404402539,10831.1,die0,10924,10924,0.722076,-1,45.375,45.375,0
1786404402639,10831.1,die0,10917,10917,0.722076,-1,45.375,45.375,0
1786404402739,10831.1,die0,10911,10911,0.722076,-1,45.375,45.375,0
1786404402839,10831.1,die0,10905,10905,0.722076,-1,45.375,45.375,0
1786404402939,10831.1,die0,10900,10900,0.722076,-1,45.375,45.375,0
1786404403039,10746.9,die0,10887,10887,0.716461,-1,45.4375,45.4375,0
1786404403139,10746.9,die0,10875,10875,0.716461,-1,45.4375,45.4375,0
1786404403239,10746.9,die0,10863,10863,0.716461,-1,45.4375,45.4375,0
1786404403339,10746.9,die0,10853,10853,0.716461,-1,45.4375,45.4375,0
1786404403439,10746.9,die0,10843,10843,0.716461,-1,45.4375,45.4375,0
1786404403539,10746.9,die0,10834,10834,0.716461,-1,45.4375,45.4375,0
1786404403639,10746.9,die0,10825,10825,0.716461,-1,45.4375,45.4375,0
1786404403739,10746.9,die0,10817,10817,0.716461,-1,45.4375,45.4375,0
1786404403839,10746.9,die0,10810,10810,0.716461,-1,45.4375,45.4375,0
1786404403939,10746.9,die0,10803,10803,0.716461,-1,45.4375,45.4375,0
1786404404039,10705.2,die0,10793,10793,0.713682,-1,45.6875,45.6875,0
1786404404139,10705.2,die0,10783,10783,0.713682,-1,45.6875,45.6875,0
1786404404239,10705.2,die0,10774,10774,0.713682,-1,45.6875,45.6875,0
1786404404339,10705.2,die0,10765,10765,0.713682,-1,45.6875,45.6875,0
1786404404439,10705.2,die0,10758,10758,0.713682,-1,45.6875,45.6875,0
1786404404539,10705.2,die0,10750,10750,0.713682,-1,45.6875,45.6875,0
1786404404639,10705.2,die0,10743,10743,0.713682,-1,45.6875,45.6875,0
1786404404739,10705.2,die0,10737,10737,0.713682,-1,45.6875,45.6875,0
1786404404839,10705.2,die0,10731,10731,0.713682,-1,45.6875,45.6875,0
1786404404939,10705.2,die0,10725,10725,0.713682,-1,45.6875,45.6875,0
1786404405039,10608.5,die0,10716,10716,0.707233,-1,45.6875,45.6875,0
1786404405139,10608.5,die0,10708,10708,0.707233,-1,45.6875,45.6875,0
1786404405239,10608.5,die0,10700,10700,0.707233,-1,45.6875,45.6875,0
1786404405339,10608.5,die0,10692,10692,0.707233,-1,45.6875,45.6875,0
1786404405439,10608.5,die0,10685,10685,0.707233,-1,45.6875,45.6875,0
1786404405539,10608.5,die0,10679,10679,0.707233,-1,45.6875,45.6875,0
1786404405639,10608.5,die0,10673,10673,0.707233,-1,45.6875,45.6875,0
1786404405739,10608.5,die0,10667,10667,0.707233,-1,45.6875,45.6875,0
1786404405839,10608.5,die0,10662,10662,0.707233,-1,45.6875,45.6875,0
1786404405939,10608.5,die0,10657,10657,0.707233,-1,45.6875,45.6875,0
1786404406039,10539.9,die0,10648,10648,0.70266,-1,45.8125,45.8125,0
1786404406139,10539.9,die0,10641,10641,0.70266,-1,45.8125,45.8125,0
1786404406239,10539.9,die0,10633,10633,0.70266,-1,45.8125,45.8125,0
1786404406339,10539.9,die0,10626,10626,0.70266,-1,45.8125,45.8125,0
1786404406439,10539.9,die0,10620,10620,0.70266,-1,45.8125,45.8125,0
1786404406539,10539.9,die0,10614,10614,0.70266,-1,45.8125,45.8125,0
1786404406639,10539.9,die0,10608,10608,0.70266,-1,45.8125,45.8125,0
1786404406739,10539.9,die0,10603,10603,0.70266,-1,45.8125,45.8125,0
1786404406839,10539.9,die0,10598,10598,0.70266,-1,45.8125,45.8125,0
1786404406939,10539.9,die0,10593,10593,0.70266,-1,45.8125,45.8125,0
1786404407039,10471.9,die0,10585,10585,0.69813,-1,45.9375,45.9375,0
1786404407139,10471.9,die0,10578,10578,0.69813,-1,45.9375,45.9375,0
1786404407239,10471.9,die0,10570,10570,0.69813,-1,45.9375,45.9375,0
1786404407339,10471.9,die0,10564,10564,0.69813,-1,45.9375,45.9375,0
1786404407439,10471.9,die0,10558,10558,0.69813,-1,45.9375,45.9375,0
1786404407539,10471.9,die0,10552,10552,0.69813,-1,45.9375,45.9375,0
1786404407639,10471.9,die0,10546,10546,0.69813,-1,45.9375,45.9375,0
1786404407739,10471.9,die0,10541,10541,0.69813,-1,45.9375,45.9375,0
1786404407839,10471.9,die0,10537,10537,0.69813,-1,45.9375,45.9375,0
1786404407939,10471.9,die0,10532,10532,0.69813,-1,45.9375,45.9375,0
1786404408039,10390.5,die0,10520,10520,0.692702,-1,46,46,0
1786404408139,10390.5,die0,10509,10509,0.692702,-1,46,46,0
1786404408239,10390.5,die0,10499,10499,0.692702,-1,46,46,0
1786404408339,10390.5,die0,10489,10489,0.692702,-1,46,46,0
1786404408439,10390.5,die0,10480,10480,0.692702,-1,46,46,0
1786404408539,10390.5,die0,10471,10471,0.692702,-1,46,46,0
1786404408639,10390.5,die0,10464,10464,0.692702,-1,46,46,0
1786404408739,10390.5,die0,10456,10456,0.692702,-1,46,46,0
1786404408839,10390.5,die0,10449,10449,0.692702,-1,46,46,0
1786404408939,10390.5,die0,10443,10443,0.692702,-1,46,46,0
1786404409039,10309.4,die0,10433,10433,0.687295,-1,46.0625,46.0625,0
1786404409139,10309.4,die0,10424,10424,0.687295,-1,46.0625,46.0625,0
1786404409239,10309.4,die0,10415,10415,0.687295,-1,46.0625,46.0625,0
1786404409339,10309.4,die0,10407,10407,0.687295,-1,46.0625,46.0625,0
1786404409439,10309.4,die0,10399,10399,0.687295,-1,46.0625,46.0625,0
1786404409539,10309.4,die0,10392,10392,0.687295,-1,46.0625,46.0625,0
1786404409639,10309.4,die0,10386,10386,0.687295,-1,46.0625,46.0625,0
1786404409739,10309.4,die0,10380,10380,0.687295,-1,46.0625,46.0625,0
1786404409839,10309.4,die0,10374,10374,0.687295,-1,46.0625,46.0625,0
1786404409939,10309.4,die0,10369,10369,0.687295,-1,46.0625,46.0625,0
1786404410039,10242.7,die0,10360,10360,0.682848,-1,46.1875,46.1875,0
1786404410139,10242.7,die0,10352,10352,0.682848,-1,46.1875,46.1875,0
1786404410239,10242.7,die0,10344,10344,0.682848,-1,46.1875,46.1875,0
1786404410339,10242.7,die0,10337,10337,0.682848,-1,46.1875,46.1875,0
1786404410439,10242.7,die0,10330,10330,0.682848,-1,46.1875,46.1875,0
1786404410539,10242.7,die0,10323,10323,0.682848,-1,46.1875,46.1875,0
1786404410639,10242.7,die0,10318,10318,0.682848,-1,46.1875,46.1875,0
1786404410739,10242.7,die0,10312,10312,0.682848,-1,46.1875,46.1875,0
1786404410839,10242.7,die0,10307,10307,0.682848,-1,46.1875,46.1875,0
1786404410939,10242.7,die0,10302,10302,0.682848,-1,46.1875,46.1875,0
1786404411039,10176.6,die0,10294,10294,0.678443,-1,46.3125,46.3125,0
1786404411139,10176.6,die0,10286,10286,0.678443,-1,46.3125,46.3125,0
1786404411239,10176.6,die0,10279,10279,0.678443,-1,46.3125,46.3125,0
1786404411339,10176.6,die0,10272,10272,0.678443,-1,46.3125,46.3125,0
1786404411439,10176.6,die0,10266,10266,0.678443,-1,46.3125,46.3125,0
1786404411539,10176.6,die0,10260,10260,0.678443,-1,46.3125,46.3125,0
1786404411639,10176.6,die0,10254,10254,0.678443,-1,46.3125,46.3125,0
1786404411739,10176.6,die0,10249,10249,0.678443,-1,46.3125,46.3125,0
1786404411839,10176.6,die0,10244,10244,0.678443,-1,46.3125,46.3125,0
1786404411939,10176.6,die0,10240,10240,0.678443,-1,46.3125,46.3125,0
1786404412039,10097.1,die0,10228,10228,0.673141,-1,46.375,46.375,0
1786404412139,10097.1,die0,10216,10216,0.673141,-1,46.375,46.375,0
1786404412239,10097.1,die0,10206,10206,0.673141,-1,46.375,46.375,0
1786404412339,10097.1,die0,10196,10196,0.673141,-1,46.375,46.375,0
1786404412439,10097.1,die0,10187,10187,0.673141,-1,46.375,46.375,0
1786404412539,10097.1,die0,10178,10178,0.673141,-1,46.375,46.375,0
1786404412639,10097.1,die0,10170,10170,0.673141,-1,46.375,46.375,0
1786404412739,10097.1,die0,10163,10163,0.673141,-1,46.375,46.375,0
1786404412839,10097.1,die0,10156,10156,0.673141,-1,46.375,46.375,0
1786404412939,10097.1,die0,10149,10149,0.673141,-1,46.375,46.375,0
1786404413039,10017.9,die0,10140,10140,0.667859,-1,46.4375,46.4375,0
1786404413139,10017.9,die0,10130,10130,0.667859,-1,46.4375,46.4375,0
1786404413239,10017.9,die0,10122,10122,0.667859,-1,46.4375,46.4375,0
1786404413339,10017.9,die0,10113,10113,0.667859,-1,46.4375,46.4375,0
1786404413439,10017.9,die0,10106,10106,0.667859,-1,46.4375,46.4375,0
1786404413539,10017.9,die0,10099,10099,0.667859,-1,46.4375,46.4375,0
1786404413639,10017.9,die0,10092,10092,0.667859,-1,46.4375,46.4375,0
1786404413739,10017.9,die0,10086,10086,0.667859,-1,46.4375,46.4375,0
1786404413839,10017.9,die0,10080,10080,0.667859,-1,46.4375,46.4375,0
1786404413939,10017.9,die0,10075,10075,0.667859,-1,46.4375,46.4375,0
1786404414039,9967.14,die0,10066,10066,0.664476,-1,46.625,46.625,0
1786404414139,9967.14,die0,10058,10058,0.664476,-1,46.625,46.625,0
1786404414239,9967.14,die0,10050,10050,0.664476,-1,46.625,46.625,0
1786404414339,9967.14,die0,10043,10043,0.664476,-1,46.625,46.625,0
1786404414439,9967.14,die0,10036,10036,0.664476,-1,46.625,46.625,0
1786404414539,9967.14,die0,10030,10030,0.664476,-1,46.625,46.625,0
1786404414639,9967.14,die0,10024,10024,0.664476,-1,46.625,46.625,0
1786404414739,9967.14,die0,10018,10018,0.664476,-1,46.625,46.625,0
1786404414839,9967.14,die0,10013,10013,0.664476,-1,46.625,46.625,0
1786404414939,9967.14,die0,10008,10008,0.664476,-1,46.625,46.625,0
1786404415039,9889.17,die0,10000,10000,0.659278,-1,46.6875,46.6875,0
1786404415139,9889.17,die0,9992,9992,0.659278,-1,46.6875,46.6875,0
1786404415239,9889.17,die0,9985,9985,0.659278,-1,46.6875,46.6875,0
1786404415339,9889.17,die0,9978,9978,0.659278,-1,46.6875,46.6875,0
1786404415439,9889.17,die0,9972,9972,0.659278,-1,46.6875,46.6875,0
1786404415539,9889.17,die0,9966,9966,0.659278,-1,46.6875,46.6875,0
1786404415639,9889.17,die0,9960,9960,0.659278,-1,46.6875,46.6875,0
1786404415739,9889.17,die0,9955,9955,0.659278,-1,46.6875,46.6875,0
1786404415839,9889.17,die0,9950,9950,0.659278,-1,46.6875,46.6875,0
1786404415939,9889.17,die0,9946,9946,0.659278,-1,46.6875,46.6875,0
1786404416039,9853.76,die0,9937,9937,0.656917,-1,46.9375,46.9375,0
1786404416139,9853.76,die0,9930,9930,0.656917,-1,46.9375,46.9375,0
1786404416239,9853.76,die0,9923,9923,0.656917,-1,46.9375,46.9375,0
1786404416339,9853.76,die0,9916,9916,0.656917,-1,46.9375,46.9375,0
1786404416439,9853.76,die0,9910,9910,0.656917,-1,46.9375,46.9375,0
1786404416539,9853.76,die0,9904,9904,0.656917,-1,46.9375,46.9375,0
1786404416639,9853.76,die0,9899,9899,0.656917,-1,46.9375,46.9375,0
1786404416739,9853.76,die0,9894,9894,0.656917,-1,46.9375,46.9375,0
1786404416839,9853.76,die0,9889,9889,0.656917,-1,46.9375,46.9375,0
1786404416939,9853.76,die0,9885,9885,0.656917,-1,46.9375,46.9375,0
1786404417039,9777.35,die0,9877,9877,0.651823,-1,47,47,0
1786404417139,9777.35,die0,9869,9869,0.651823,-1,47,47,0
1786404417239,9777.35,die0,9862,9862,0.651823,-1,47,47,0
1786404417339,9777.35,die0,9856,9856,0.651823,-1,47,47,0
1786404417439,9777.35,die0,9850,9850,0.651823,-1,47,47,0
1786404417539,9777.35,die0,9844,9844,0.651823,-1,47,47,0
1786404417639,9777.35,die0,9839,9839,0.651823,-1,47,47,0
1786404417739,9777.35,die0,9834,9834,0.651823,-1,47,47,0
1786404417839,9777.35,die0,9829,9829,0.651823,-1,47,47,0
1786404417939,9777.35,die0,9825,9825,0.651823,-1,47,47,0
1786404418039,9701.26,die0,9813,9813,0.646751,-1,47.0625,47.0625,0
1786404418139,9701.26,die0,9802,9802,0.646751,-1,47.0625,47.0625,0
1786404418239,9701.26,die0,9792,9792,0.646751,-1,47.0625,47.0625,0
1786404418339,9701.26,die0,9782,9782,0.646751,-1,47.0625,47.0625,0
1786404418439,9701.26,die0,9773,9773,0.646751,-1,47.0625,47.0625,0
1786404418539,9701.26,die0,9765,9765,0.646751,-1,47.0625,47.0625,0
1786404418639,9701.26,die0,9757,9757,0.646751,-1,47.0625,47.0625,0
1786404418739,9701.26,die0,9749,9749,0.646751,-1,47.0625,47.0625,0
1786404418839,9701.26,die0,9743,9743,0.646751,-1,47.0625,47.0625,0
1786404418939,9701.26,die0,9736,9736,0.646751,-1,47.0625,47.0625,0
1786404419039,9611.4,die0,9726,9726,0.64076,-1,47.0625,47.0625,0
1786404419139,9611.4,die0,9717,9717,0.64076,-1,47.0625,47.0625,0
1786404419239,9611.4,die0,9709,9709,0.64076,-1,47.0625,47.0625,0
1786404419339,9611.4,die0,9701,9701,0.64076,-1,47.0625,47.0625,0
1786404419439,9611.4,die0,9693,9693,0.64076,-1,47.0625,47.0625,0
1786404419539,9611.4,die0,9686,9686,0.64076,-1,47.0625,47.0625,0
1786404419639,9611.4,die0,9680,9680,0.64076,-1,47.0625,47.0625,0
1786404419739,9611.4,die0,9673,9673,0.64076,-1,47.0625,47.0625,0
1786404419839,9611.4,die0,9668,9668,0.64076,-1,47.0625,47.0625,0
1786404419939,9611.4,die0,9662,9662,0.64076,-1,47.0625,47.0625,0
1786404420039,9549.7,die0,9654,9654,0.636647,-1,47.1875,47.1875,0
1786404420139,9549.7,die0,9645,9645,0.636647,-1,47.1875,47.1875,0
1786404420239,9549.7,die0,9638,9638,0.636647,-1,47.1875,47.1875,0
1786404420339,9549.7,die0,9630,9630,0.636647,-1,47.1875,47.1875,0
1786404420439,9549.7,die0,9624,9624,0.636647,-1,47.1875,47.1875,0
1786404420539,9549.7,die0,9617,9617,0.636647,-1,47.1875,47.1875,0
1786404420639,9549.7,die0,9612,9612,0.636647,-1,47.1875,47.1875,0
1786404420739,9549.7,die0,9606,9606,0.636647,-1,47.1875,47.1875,0
1786404420839,9549.7,die0,9601,9601,0.636647,-1,47.1875,47.1875,0
1786404420939,9549.7,die0,9596,9596,0.636647,-1,47.1875,47.1875,0
1786404421039,9516.79,die0,9588,9588,0.634453,-1,47.4375,47.4375,0
1786404421139,9516.79,die0,9580,9580,0.634453,-1,47.4375,47.4375,0
1786404421239,9516.79,die0,9573,9573,0.634453,-1,47.4375,47.4375,0
1786404421339,9516.79,die0,9566,9566,0.634453,-1,47.4375,47.4375,0
1786404421439,9516.79,die0,9560,9560,0.634453,-1,47.4375,47.4375,0
1786404421539,9516.79,die0,9554,9554,0.634453,-1,47.4375,47.4375,0
1786404421639,9516.79,die0,9548,9548,0.634453,-1,47.4375,47.4375,0
1786404421739,9516.79,die0,9543,9543,0.634453,-1,47.4375,47.4375,0
1786404421839,9516.79,die0,9538,9538,0.634453,-1,47.4375,47.4375,0
1786404421939,9516.79,die0,9534,9534,0.634453,-1,47.4375,47.4375,0
1786404422039,9428.82,die0,9525,9525,0.628588,-1,47.4375,47.4375,0
1786404422139,9428.82,die0,9518,9518,0.628588,-1,47.4375,47.4375,0
1786404422239,9428.82,die0,9511,9511,0.628588,-1,47.4375,47.4375,0
1786404422339,9428.82,die0,9504,9504,0.628588,-1,47.4375,47.4375,0
1786404422439,9428.82,die0,9498,9498,0.628588,-1,47.4375,47.4375,0
1786404422539,9428.82,die0,9492,9492,0.628588,-1,47.4375,47.4375,0
1786404422639,9428.82,die0,9487,9487,0.628588,-1,47.4375,47.4375,0
1786404422739,9428.82,die0,9482,9482,0.628588,-1,47.4375,47.4375,0
1786404422839,9428.82,die0,9477,9477,0.628588,-1,47.4375,47.4375,0
1786404422939,9428.82,die0,9473,9473,0.628588,-1,47.4375,47.4375,0
1786404423039,9397.16,die0,9465,9465,0.626477,-1,47.6875,47.6875,0
1786404423139,9397.16,die0,9457,9457,0.626477,-1,47.6875,47.6875,0
1786404423239,9397.16,die0,9450,9450,0.626477,-1,47.6875,47.6875,0
1786404423339,9397.16,die0,9444,9444,0.626477,-1,47.6875,47.6875,0
1786404423439,9397.16,die0,9438,9438,0.626477,-1,47.6875,47.6875,0
1786404423539,9397.16,die0,9432,9432,0.626477,-1,47.6875,47.6875,0
1786404423639,9397.16,die0,9427,9427,0.626477,-1,47.6875,47.6875,0
1786404423739,9397.16,die0,9422,9422,0.626477,-1,47.6875,47.6875,0
1786404423839,9397.16,die0,9417,9417,0.626477,-1,47.6875,47.6875,0
1786404423939,9397.16,die0,9413,9413,0.626477,-1,47.6875,47.6875,0
1786404424039,9324.51,die0,9405,9405,0.621634,-1,47.75,47.75,0
1786404424139,9324.51,die0,9398,9398,0.621634,-1,47.75,47.75,0
1786404424239,9324.51,die0,9391,9391,0.621634,-1,47.75,47.75,0
1786404424339,9324.51,die0,9384,9384,0.621634,-1,47.75,47.75,0
1786404424439,9324.51,die0,9378,9378,0.621634,-1,47.75,47.75,0
1786404424539,9324.51,die0,9373,9373,0.621634,-1,47.75,47.75,0
1786404424639,9324.51,die0,9368,9368,0.621634,-1,47.75,47.75,0
1786404424739,9324.51,die0,9363,9363,0.621634,-1,47.75,47.75,0
1786404424839,9324.51,die0,9358,9358,0.621634,-1,47.75,47.75,0
1786404424939,9324.51,die0,9354,9354,0.621634,-1,47.75,47.75,0
1786404425039,9280.34,die0,9346,9346,0.618689,-1,47.9375,47.9375,0
1786404425139,9280.34,die0,9339,9339,0.618689,-1,47.9375,47.9375,0
1786404425239,9280.34,die0,9332,9332,0.618689,-1,47.9375,47.9375,0
1786404425339,9280.34,die0,9325,9325,0.618689,-1,47.9375,47.9375,0
1786404425439,9280.34,die0,9319,9319,0.618689,-1,47.9375,47.9375,0
1786404425539,9280.34,die0,9314,9314,0.618689,-1,47.9375,47.9375,0
1786404425639,9280.34,die0,9308,9308,0.618689,-1,47.9375,47.9375,0
1786404425739,9280.34,die0,9304,9304,0.618689,-1,47.9375,47.9375,0
1786404425839,9280.34,die0,9299,9299,0.618689,-1,47.9375,47.9375,0
1786404425939,9280.34,die0,9295,9295,0.618689,-1,47.9375,47.9375,0
1786404426039,9208.94,die0,9287,9287,0.61393,-1,48,48,0
1786404426139,9208.94,die0,9279,9279,0.61393,-1,48,48,0
1786404426239,9208.94,die0,9273,9273,0.61393,-1,48,48,0
1786404426339,9208.94,die0,9266,9266,0.61393,-1,48,48,0
1786404426439,9208.94,die0,9260,9260,0.61393,-1,48,48,0
1786404426539,9208.94,die0,9255,9255,0.61393,-1,48,48,0
1786404426639,9208.94,die0,9249,9249,0.61393,-1,48,48,0
1786404426739,9208.94,die0,9245,9245,0.61393,-1,48,48,0
1786404426839,9208.94,die0,9240,9240,0.61393,-1,48,48,0
1786404426939,9208.94,die0,9236,9236,0.61393,-1,48,48,0
1786404427039,9166.02,die0,9228,9228,0.611068,-1,48.1875,48.1875,0
1786404427139,9166.02,die0,9221,9221,0.611068,-1,48.1875,48.1875,0
1786404427239,9166.02,die0,9214,9214,0.611068,-1,48.1875,48.1875,0
1786404427339,9166.02,die0,9207,9207,0.611068,-1,48.1875,48.1875,0
1786404427439,9166.02,die0,9201,9201,0.611068,-1,48.1875,48.1875,0
1786404427539,9166.02,die0,9196,9196,0.611068,-1,48.1875,48.1875,0
1786404427639,9166.02,die0,9191,9191,0.611068,-1,48.1875,48.1875,0
1786404427739,9166.02,die0,9186,9186,0.611068,-1,48.1875,48.1875,0
1786404427839,9166.02,die0,9181,9181,0.611068,-1,48.1875,48.1875,0
1786404427939,9166.02,die0,9177,9177,0.611068,-1,48.1875,48.1875,0
1786404428039,9095.88,die0,9169,9169,0.606392,-1,48.25,48.25,0
1786404428139,9095.88,die0,9162,9162,0.606392,-1,48.25,48.25,0
1786404428239,9095.88,die0,9155,9155,0.606392,-1,48.25,48.25,0
1786404428339,9095.88,die0,9148,9148,0.606392,-1,48.25,48.25,0
1786404428439,9095.88,die0,9142,9142,0.606392,-1,48.25,48.25,0
1786404428539,9095.88,die0,9137,9137,0.606392,-1,48.25,48.25,0
1786404428639,9095.88,die0,9132,9132,0.606392,-1,48.25,48.25,0
1786404428739,9095.88,die0,9127,9127,0.606392,-1,48.25,48.25,0
1786404428839,9095.88,die0,9122,9122,0.606392,-1,48.25,48.25,0
1786404428939,9095.88,die0,9118,9118,0.606392,-1,48.25,48.25,0
1786404429039,9054.21,die0,9110,9110,0.603614,-1,48.4375,48.4375,0
1786404429139,9054.21,die0,9103,9103,0.603614,-1,48.4375,48.4375,0
1786404429239,9054.21,die0,9096,9096,0.603614,-1,48.4375,48.4375,0
1786404429339,9054.21,die0,9090,9090,0.603614,-1,48.4375,48.4375,0
1786404429439,9054.21,die0,9084,9084,0.603614,-1,48.4375,48.4375,0
1786404429539,9054.21,die0,9078,9078,0.603614,-1,48.4375,48.4375,0
1786404429639,9054.21,die0,9073,9073,0.603614,-1,48.4375,48.4375,0
1786404429739,9054.21,die0,9068,9068,0.603614,-1,48.4375,48.4375,0
1786404429839,9054.21,die0,9063,9063,0.603614,-1,48.4375,48.4375,0
1786404429939,9054.21,die0,9059,9059,0.603614,-1,48.4375,48.4375,0
1786404430039,8985.32,die0,9051,9051,0.599022,-1,48.5,48.5,0
1786404430139,8985.32,die0,9044,9044,0.599022,-1,48.5,48.5,0
1786404430239,8985.32,die0,9037,9037,0.599022,-1,48.5,48.5,0
1786404430339,8985.32,die0,9031,9031,0.599022,-1,48.5,48.5,0
1786404430439,8985.32,die0,9025,9025,0.599022,-1,48.5,48.5,0
1786404430539,8985.32,die0,9019,9019,0.599022,-1,48.5,48.5,0
1786404430639,8985.32,die0,9014,9014,0.599022,-1,48.5,48.5,0
1786404430739,8985.32,die0,9009,9009,0.599022,-1,48.5,48.5,0
1786404430839,8985.32,die0,9005,9005,0.599022,-1,48.5,48.5,0
1786404430939,8985.32,die0,9000,9000,0.599022,-1,48.5,48.5,0
1786404431039,8930.83,die0,8993,8993,0.595388,-1,48.625,48.625,0
1786404431139,8930.83,die0,8985,8985,0.595388,-1,48.625,48.625,0
1786404431239,8930.83,die0,8978,8978,0.595388,-1,48.625,48.625,0
1786404431339,8930.83,die0,8972,8972,0.595388,-1,48.625,48.625,0
1786404431439,8930.83,die0,8966,8966,0.595388,-1,48.625,48.625,0
1786404431539,8930.83,die0,8960,8960,0.595388,-1,48.625,48.625,0
1786404431639,8930.83,die0,8955,8955,0.595388,-1,48.625,48.625,0
1786404431739,8930.83,die0,8950,8950,0.595388,-1,48.625,48.625,0
1786404431839,8930.83,die0,8946,8946,0.595388,-1,48.625,48.625,0
1786404431939,8930.83,die0,8942,8942,0.595388,-1,48.625,48.625,0
1786404432039,8862.88,die0,8934,8934,0.590858,-1,48.6875,48.6875,0
1786404432139,8862.88,die0,8926,8926,0.590858,-1,48.6875,48.6875,0
1786404432239,8862.88,die0,8919,8919,0.590858,-1,48.6875,48.6875,0
1786404432339,8862.88,die0,8913,8913,0.590858,-1,48.6875,48.6875,0
1786404432439,8862.88,die0,8907,8907,0.590858,-1,48.6875,48.6875,0
1786404432539,8862.88,die0,8902,8902,0.590858,-1,48.6875,48.6875,0
1786404432639,8862.88,die0,8896,8896,0.590858,-1,48.6875,48.6875,0
1786404432739,8862.88,die0,8891,8891,0.590858,-1,48.6875,48.6875,0
1786404432839,8862.88,die0,8887,8887,0.590858,-1,48.6875,48.6875,0
1786404432939,8862.88,die0,8883,8883,0.590858,-1,48.6875,48.6875,0
1786404433039,8823.4,die0,8875,8875,0.588227,-1,48.875,48.875,0
1786404433139,8823.4,die0,8868,8868,0.588227,-1,48.875,48.875,0
1786404433239,8823.4,die0,8861,8861,0.588227,-1,48.875,48.875,0
1786404433339,8823.4,die0,8854,8854,0.588227,-1,48.875,48.875,0
1786404433439,8823.4,die0,8848,8848,0.588227,-1,48.875,48.875,0
1786404433539,8823.4,die0,8843,8843,0.588227,-1,48.875,48.875,0
1786404433639,8823.4,die0,8838,8838,0.588227,-1,48.875,48.875,0
1786404433739,8823.4,die0,8833,8833,0.588227,-1,48.875,48.875,0
1786404433839,8823.4,die0,8828,8828,0.588227,-1,48.875,48.875,0
1786404433939,8823.4,die0,8824,8824,0.588227,-1,48.875,48.875,0
1786404434039,8756.7,die0,8816,8816,0.58378,-1,48.9375,48.9375,0
1786404434139,8756.7,die0,8809,8809,0.58378,-1,48.9375,48.9375,0
1786404434239,8756.7,die0,8802,8802,0.58378,-1,48.9375,48.9375,0
1786404434339,8756.7,die0,8795,8795,0.58378,-1,48.9375,48.9375,0
1786404434439,8756.7,die0,8789,8789,0.58378,-1,48.9375,48.9375,0
1786404434539,8756.7,die0,8784,8784,0.58378,-1,48.9375,48.9375,0
1786404434639,8756.7,die0,8779,8779,0.58378,-1,48.9375,48.9375,0
1786404434739,8756.7,die0,8774,8774,0.58378,-1,48.9375,48.9375,0
1786404434839,8756.7,die0,8769,8769,0.58378,-1,48.9375,48.9375,0
1786404434939,8756.7,die0,8765,8765,0.58378,-1,48.9375,48.9375,0
1786404435039,8704.4,die0,8757,8757,0.580293,-1,49.0625,49.0625,0
1786404435139,8704.4,die0,8750,8750,0.580293,-1,49.0625,49.0625,0
1786404435239,8704.4,die0,8743,8743,0.580293,-1,49.0625,49.0625,0
1786404435339,8704.4,die0,8737,8737,0.580293,-1,49.0625,49.0625,0
1786404435439,8704.4,die0,8731,8731,0.580293,-1,49.0625,49.0625,0
1786404435539,8704.4,die0,8725,8725,0.580293,-1,49.0625,49.0625,0
1786404435639,8704.4,die0,8720,8720,0.580293,-1,49.0625,49.0625,0
1786404435739,8704.4,die0,8715,8715,0.580293,-1,49.0625,49.0625,0
1786404435839,8704.4,die0,8710,8710,0.580293,-1,49.0625,49.0625,0
1786404435939,8704.4,die0,8706,8706,0.580293,-1,49.0625,49.0625,0
1786404436039,8652.72,die0,8702,8702,0.576848,-1,49.1875,49.1875,0
1786404436139,8652.72,die0,8699,8699,0.576848,-1,49.1875,49.1875,0
1786404436239,8652.72,die0,8695,8695,0.576848,-1,49.1875,49.1875,0
1786404436339,8652.72,die0,8692,8692,0.576848,-1,49.1875,49.1875,0
1786404436439,8652.72,die0,8689,8689,0.576848,-1,49.1875,49.1875,0
1786404436539,8652.72,die0,8686,8686,0.576848,-1,49.1875,49.1875,0
1786404436639,8652.72,die0,8684,8684,0.576848,-1,49.1875,49.1875,0
1786404436739,8652.72,die0,8681,8681,0.576848,-1,49.1875,49.1875,0
1786404436839,8652.72,die0,8679,8679,0.576848,-1,49.1875,49.1875,0
1786404436939,8652.72,die0,8677,8677,0.576848,-1,49.1875,49.1875,0
1786404437039,8601.67,die0,8671,8671,0.573445,-1,49.3125,49.3125,0
1786404437139,8601.67,die0,8665,8665,0.573445,-1,49.3125,49.3125,0
1786404437239,8601.67,die0,8660,8660,0.573445,-1,49.3125,49.3125,0
1786404437339,8601.67,die0,8655,8655,0.573445,-1,49.3125,49.3125,0
1786404437439,8601.67,die0,8651,8651,0.573445,-1,49.3125,49.3125,0
1786404437539,8601.67,die0,8647,8647,0.573445,-1,49.3125,49.3125,0
1786404437639,8601.67,die0,8643,8643,0.573445,-1,49.3125,49.3125,0
1786404437739,8601.67,die0,8639,8639,0.573445,-1,49.3125,49.3125,0
1786404437839,8601.67,die0,8636,8636,0.573445,-1,49.3125,49.3125,0
1786404437939,8601.67,die0,8633,8633,0.573445,-1,49.3125,49.3125,0
1786404438039,8551.24,die0,8626,8626,0.570083,-1,49.4375,49.4375,0
1786404438139,8551.24,die0,8619,8619,0.570083,-1,49.4375,49.4375,0
1786404438239,8551.24,die0,8613,8613,0.570083,-1,49.4375,49.4375,0
1786404438339,8551.24,die0,8608,8608,0.570083,-1,49.4375,49.4375,0
1786404438439,8551.24,die0,8603,8603,0.570083,-1,49.4375,49.4375,0
1786404438539,8551.24,die0,8598,8598,0.570083,-1,49.4375,49.4375,0
1786404438639,8551.24,die0,8593,8593,0.570083,-1,49.4375,49.4375,0
1786404438739,8551.24,die0,8589,8589,0.570083,-1,49.4375,49.4375,0
1786404438839,8551.24,die0,8585,8585,0.570083,-1,49.4375,49.4375,0
1786404438939,8551.24,die0,8581,8581,0.570083,-1,49.4375,49.4375,0
1786404439039,8515.52,die0,8574,8574,0.567702,-1,49.625,49.625,0
1786404439139,8515.52,die0,8567,8567,0.567702,-1,49.625,49.625,0
1786404439239,8515.52,die0,8561,8561,0.567702,-1,49.625,49.625,0
1786404439339,8515.52,die0,8555,8555,0.567702,-1,49.625,49.625,0
1786404439439,8515.52,die0,8549,8549,0.567702,-1,49.625,49.625,0
1786404439539,8515.52,die0,8544,8544,0.567702,-1,49.625,49.625,0
1786404439639,8515.52,die0,8539,8539,0.567702,-1,49.625,49.625,0
1786404439739,8515.52,die0,8534,8534,0.567702,-1,49.625,49.625,0
1786404439839,8515.52,die0,8530,8530,0.567702,-1,49.625,49.625,0
1786404439939,8515.52,die0,8526,8526,0.567702,-1,49.625,49.625,0
1786404440039,8452.58,die0,8518,8518,0.563505,-1,49.6875,49.6875,0
1786404440139,8452.58,die0,8511,8511,0.563505,-1,49.6875,49.6875,0
1786404440239,8452.58,die0,8505,8505,0.563505,-1,49.6875,49.6875,0
1786404440339,8452.58,die0,8499,8499,0.563505,-1,49.6875,49.6875,0
1786404440439,8452.58,die0,8493,8493,0.563505,-1,49.6875,49.6875,0
1786404440539,8452.58,die0,8487,8487,0.563505,-1,49.6875,49.6875,0
1786404440639,8452.58,die0,8482,8482,0.563505,-1,49.6875,49.6875,0
1786404440739,8452.58,die0,8478,8478,0.563505,-1,49.6875,49.6875,0
1786404440839,8452.58,die0,8473,8473,0.563505,-1,49.6875,49.6875,0
1786404440939,8452.58,die0,8469,8469,0.563505,-1,49.6875,49.6875,0
1786404441039,8375.87,die0,8461,8461,0.558392,-1,49.6875,49.6875,0
1786404441139,8375.87,die0,8454,8454,0.558392,-1,49.6875,49.6875,0
1786404441239,8375.87,die0,8447,8447,0.558392,-1,49.6875,49.6875,0
1786404441339,8375.87,die0,8441,8441,0.558392,-1,49.6875,49.6875,0
1786404441439,8375.87,die0,8435,8435,0.558392,-1,49.6875,49.6875,0
1786404441539,8375.87,die0,8430,8430,0.558392,-1,49.6875,49.6875,0
1786404441639,8375.87,die0,8425,8425,0.558392,-1,49.6875,49.6875,0
1786404441739,8375.87,die0,8420,8420,0.558392,-1,49.6875,49.6875,0
1786404441839,8375.87,die0,8415,8415,0.558392,-1,49.6875,49.6875,0
1786404441939,8375.87,die0,8411,8411,0.558392,-1,49.6875,49.6875,0
1786404442039,8341.41,die0,8403,8403,0.556094,-1,49.875,49.875,0
1786404442139,8341.41,die0,8396,8396,0.556094,-1,49.875,49.875,0
1786404442239,8341.41,die0,8389,8389,0.556094,-1,49.875,49.875,0
1786404442339,8341.41,die0,8383,8383,0.556094,-1,49.875,49.875,0
1786404442439,8341.41,die0,8377,8377,0.556094,-1,49.875,49.875,0
1786404442539,8341.41,die0,8372,8372,0.556094,-1,49.875,49.875,0
1786404442639,8341.41,die0,8366,8366,0.556094,-1,49.875,49.875,0
1786404442739,8341.41,die0,8362,8362,0.556094,-1,49.875,49.875,0
1786404442839,8341.41,die0,8357,8357,0.556094,-1,49.875,49.875,0
1786404442939,8341.41,die0,8353,8353,0.556094,-1,49.875,49.875,0
1786404443039,8279.72,die0,8345,8345,0.551981,-1,49.9375,49.9375,0
1786404443139,8279.72,die0,8338,8338,0.551981,-1,49.9375,49.9375,0
1786404443239,8279.72,die0,8331,8331,0.551981,-1,49.9375,49.9375,0
1786404443339,8279.72,die0,8325,8325,0.551981,-1,49.9375,49.9375,0
1786404443439,8279.72,die0,8319,8319,0.551981,-1,49.9375,49.9375,0
1786404443539,8279.72,die0,8313,8313,0.551981,-1,49.9375,49.9375,0
1786404443639,8279.72,die0,8308,8308,0.551981,-1,49.9375,49.9375,0
1786404443739,8279.72,die0,8303,8303,0.551981,-1,49.9375,49.9375,0
1786404443839,8279.72,die0,8298,8298,0.551981,-1,49.9375,49.9375,0
1786404443939,8279.72,die0,8294,8294,0.551981,-1,49.9375,49.9375,0
1786404444039,8232.42,die0,8286,8286,0.548828,-1,50.0625,50.0625,0
1786404444139,8232.42,die0,8279,8279,0.548828,-1,50.0625,50.0625,0
1786404444239,8232.42,die0,8272,8272,0.548828,-1,50.0625,50.0625,0
1786404444339,8232.42,die0,8266,8266,0.548828,-1,50.0625,50.0625,0
1786404444439,8232.42,die0,8260,8260,0.548828,-1,50.0625,50.0625,0
1786404444539,8232.42,die0,8254,8254,0.548828,-1,50.0625,50.0625,0
1786404444639,8232.42,die0,8249,8249,0.548828,-1,50.0625,50.0625,0
1786404444739,8232.42,die0,8244,8244,0.548828,-1,50.0625,50.0625,0
1786404444839,8232.42,die0,8240,8240,0.548828,-1,50.0625,50.0625,0
1786404444939,8232.42,die0,8236,8236,0.548828,-1,50.0625,50.0625,0
1786404445039,8199.84,die0,8232,8232,0.546656,-1,50.25,50.25,0
1786404445139,8199.84,die0,8228,8228,0.546656,-1,50.25,50.25,0
1786404445239,8199.84,die0,8225,8225,0.546656,-1,50.25,50.25,0
1786404445339,8199.84,die0,8221,8221,0.546656,-1,50.25,50.25,0
1786404445439,8199.84,die0,8218,8218,0.546656,-1,50.25,50.25,0
1786404445539,8199.84,die0,8216,8216,0.546656,-1,50.25,50.25,0
1786404445639,8199.84,die0,8213,8213,0.546656,-1,50.25,50.25,0
1786404445739,8199.84,die0,8210,8210,0.546656,-1,50.25,50.25,0
1786404445839,8199.84,die0,8208,8208,0.546656,-1,50.25,50.25,0
1786404445939,8199.84,die0,8206,8206,0.546656,-1,50.25,50.25,0
1786404446039,8140.03,die0,8200,8200,0.542668,-1,50.3125,50.3125,0
1786404446139,8140.03,die0,8195,8195,0.542668,-1,50.3125,50.3125,0
1786404446239,8140.03,die0,8190,8190,0.542668,-1,50.3125,50.3125,0
1786404446339,8140.03,die0,8185,8185,0.542668,-1,50.3125,50.3125,0
1786404446439,8140.03,die0,8180,8180,0.542668,-1,50.3125,50.3125,0
1786404446539,8140.03,die0,8176,8176,0.542668,-1,50.3125,50.3125,0
1786404446639,8140.03,die0,8172,8172,0.542668,-1,50.3125,50.3125,0
1786404446739,8140.03,die0,8169,8169,0.542668,-1,50.3125,50.3125,0
1786404446839,8140.03,die0,8165,8165,0.542668,-1,50.3125,50.3125,0
1786404446939,8140.03,die0,8162,8162,0.542668,-1,50.3125,50.3125,0
1786404447039,8094.61,die0,8155,8155,0.539641,-1,50.4375,50.4375,0
1786404447139,8094.61,die0,8149,8149,0.539641,-1,50.4375,50.4375,0
1786404447239,8094.61,die0,8143,8143,0.539641,-1,50.4375,50.4375,0
1786404447339,8094.61,die0,8137,8137,0.539641,-1,50.4375,50.4375,0
1786404447439,8094.61,die0,8132,8132,0.539641,-1,50.4375,50.4375,0
1786404447539,8094.61,die0,8127,8127,0.539641,-1,50.4375,50.4375,0
1786404447639,8094.61,die0,8122,8122,0.539641,-1,50.4375,50.4375,0
1786404447739,8094.61,die0,8118,8118,0.539641,-1,50.4375,50.4375,0
1786404447839,8094.61,die0,8114,8114,0.539641,-1,50.4375,50.4375,0
1786404447939,8094.61,die0,8111,8111,0.539641,-1,50.4375,50.4375,0
1786404448039,8063.9,die0,8107,8107,0.537593,-1,50.625,50.625,0
1786404448139,8063.9,die0,8104,8104,0.537593,-1,50.625,50.625,0
1786404448239,8063.9,die0,8101,8101,0.537593,-1,50.625,50.625,0
1786404448339,8063.9,die0,8098,8098,0.537593,-1,50.625,50.625,0
1786404448439,8063.9,die0,8095,8095,0.537593,-1,50.625,50.625,0
1786404448539,8063.9,die0,8093,8093,0.537593,-1,50.625,50.625,0
1786404448639,8063.9,die0,8091,8091,0.537593,-1,50.625,50.625,0
1786404448739,8063.9,die0,8089,8089,0.537593,-1,50.625,50.625,0
1786404448839,8063.9,die0,8087,8087,0.537593,-1,50.625,50.625,0
1786404448939,8063.9,die0,8085,8085,0.537593,-1,50.625,50.625,0
1786404449039,8005.97,die0,8079,8079,0.533731,-1,50.6875,50.6875,0
1786404449139,8005.97,die0,8074,8074,0.533731,-1,50.6875,50.6875,0
1786404449239,8005.97,die0,8069,8069,0.533731,-1,50.6875,50.6875,0
1786404449339,8005.97,die0,8064,8064,0.533731,-1,50.6875,50.6875,0
1786404449439,8005.97,die0,8060,8060,0.533731,-1,50.6875,50.6875,0
1786404449539,8005.97,die0,8056,8056,0.533731,-1,50.6875,50.6875,0
1786404449639,8005.97,die0,8052,8052,0.533731,-1,50.6875,50.6875,0
1786404449739,8005.97,die0,8049,8049,0.533731,-1,50.6875,50.6875,0
1786404449839,8005.97,die0,8046,8046,0.533731,-1,50.6875,50.6875,0
1786404449939,8005.97,die0,8043,8043,0.533731,-1,50.6875,50.6875,0
1786404450039,7948.35,die0,8036,8036,0.52989,-1,50.75,50.75,0
1786404450139,7948.35,die0,8029,8029,0.52989,-1,50.75,50.75,0
1786404450239,7948.35,die0,8024,8024,0.52989,-1,50.75,50.75,0
1786404450339,7948.35,die0,8018,8018,0.52989,-1,50.75,50.75,0
1786404450439,7948.35,die0,8013,8013,0.52989,-1,50.75,50.75,0
1786404450539,7948.35,die0,8008,8008,0.52989,-1,50.75,50.75,0
1786404450639,7948.35,die0,8004,8004,0.52989,-1,50.75,50.75,0
1786404450739,7948.35,die0,8000,8000,0.52989,-1,50.75,50.75,0
1786404450839,7948.35,die0,7996,7996,0.52989,-1,50.75,50.75,0
1786404450939,7948.35,die0,7992,7992,0.52989,-1,50.75,50.75,0
1786404451039,7919.21,die0,7985,7985,0.527947,-1,50.9375,50.9375,0
1786404451139,7919.21,die0,7978,7978,0.527947,-1,50.9375,50.9375,0
1786404451239,7919.21,die0,7972,7972,0.527947,-1,50.9375,50.9375,0
1786404451339,7919.21,die0,7966,7966,0.527947,-1,50.9375,50.9375,0
1786404451439,7919.21,die0,7960,7960,0.527947,-1,50.9375,50.9375,0
1786404451539,7919.21,die0,7955,7955,0.527947,-1,50.9375,50.9375,0
1786404451639,7919.21,die0,7950,7950,0.527947,-1,50.9375,50.9375,0
1786404451739,7919.21,die0,7946,7946,0.527947,-1,50.9375,50.9375,0
1786404451839,7919.21,die0,7941,7941,0.527947,-1,50.9375,50.9375,0
1786404451939,7919.21,die0,7937,7937,0.527947,-1,50.9375,50.9375,0
1786404452039,7876.92,die0,7930,7930,0.525128,-1,51.0625,51.0625,0
1786404452139,7876.92,die0,7923,7923,0.525128,-1,51.0625,51.0625,0
1786404452239,7876.92,die0,7916,7916,0.525128,-1,51.0625,51.0625,0
1786404452339,7876.92,die0,7910,7910,0.525128,-1,51.0625,51.0625,0
1786404452439,7876.92,die0,7904,7904,0.525128,-1,51.0625,51.0625,0
1786404452539,7876.92,die0,7899,7899,0.525128,-1,51.0625,51.0625,0
1786404452639,7876.92,die0,7894,7894,0.525128,-1,51.0625,51.0625,0
1786404452739,7876.92,die0,7889,7889,0.525128,-1,51.0625,51.0625,0
1786404452839,7876.92,die0,7885,7885,0.525128,-1,51.0625,51.0625,0
1786404452939,7876.92,die0,7881,7881,0.525128,-1,51.0625,51.0625,0
1786404453039,7807.1,die0,7873,7873,0.520473,-1,51.0625,51.0625,0
1786404453139,7807.1,die0,7866,7866,0.520473,-1,51.0625,51.0625,0
1786404453239,7807.1,die0,7859,7859,0.520473,-1,51.0625,51.0625,0
1786404453339,7807.1,die0,7853,7853,0.520473,-1,51.0625,51.0625,0
1786404453439,7807.1,die0,7847,7847,0.520473,-1,51.0625,51.0625,0
1786404453539,7807.1,die0,7841,7841,0.520473,-1,51.0625,51.0625,0
1786404453639,7807.1,die0,7836,7836,0.520473,-1,51.0625,51.0625,0
1786404453739,7807.1,die0,7831,7831,0.520473,-1,51.0625,51.0625,0
1786404453839,7807.1,die0,7827,7827,0.520473,-1,51.0625,51.0625,0
1786404453939,7807.1,die0,7823,7823,0.520473,-1,51.0625,51.0625,0
1786404454039,7765.44,die0,7819,7819,0.517696,-1,51.1875,51.1875,0
1786404454139,7765.44,die0,7815,7815,0.517696,-1,51.1875,51.1875,0
1786404454239,7765.44,die0,7812,7812,0.517696,-1,51.1875,51.1875,0
1786404454339,7765.44,die0,7809,7809,0.517696,-1,51.1875,51.1875,0
1786404454439,7765.44,die0,7806,7806,0.517696,-1,51.1875,51.1875,0
1786404454539,7765.44,die0,7803,7803,0.517696,-1,51.1875,51.1875,0
1786404454639,7765.44,die0,7801,7801,0.517696,-1,51.1875,51.1875,0
1786404454739,7765.44,die0,7798,7798,0.517696,-1,51.1875,51.1875,0
1786404454839,7765.44,die0,7796,7796,0.517696,-1,51.1875,51.1875,0
1786404454939,7765.44,die0,7794,7794,0.517696,-1,51.1875,51.1875,0
1786404455039,7752.57,die0,7788,7788,0.516838,-1,51.4375,51.4375,0
1786404455139,7752.57,die0,7783,7783,0.516838,-1,51.4375,51.4375,0
1786404455239,7752.57,die0,7777,7777,0.516838,-1,51.4375,51.4375,0
1786404455339,7752.57,die0,7773,7773,0.516838,-1,51.4375,51.4375,0
1786404455439,7752.57,die0,7768,7768,0.516838,-1,51.4375,51.4375,0
1786404455539,7752.57,die0,7764,7764,0.516838,-1,51.4375,51.4375,0
1786404455639,7752.57,die0,7760,7760,0.516838,-1,51.4375,51.4375,0
1786404455739,7752.57,die0,7757,7757,0.516838,-1,51.4375,51.4375,0
1786404455839,7752.57,die0,7753,7753,0.516838,-1,51.4375,51.4375,0
1786404455939,7752.57,die0,7750,7750,0.516838,-1,51.4375,51.4375,0
1786404456039,7712.79,die0,7747,7747,0.514186,-1,51.5625,51.5625,0
1786404456139,7712.79,die0,7744,7744,0.514186,-1,51.5625,51.5625,0
1786404456239,7712.79,die0,7742,7742,0.514186,-1,51.5625,51.5625,0
1786404456339,7712.79,die0,7739,7739,0.514186,-1,51.5625,51.5625,0
1786404456439,7712.79,die0,7737,7737,0.514186,-1,51.5625,51.5625,0
1786404456539,7712.79,die0,7735,7735,0.514186,-1,51.5625,51.5625,0
1786404456639,7712.79,die0,7733,7733,0.514186,-1,51.5625,51.5625,0
1786404456739,7712.79,die0,7731,7731,0.514186,-1,51.5625,51.5625,0
1786404456839,7712.79,die0,7730,7730,0.514186,-1,51.5625,51.5625,0
1786404456939,7712.79,die0,7728,7728,0.514186,-1,51.5625,51.5625,0
1786404457039,7645.47,die0,7719,7719,0.509698,-1,51.5625,51.5625,0
1786404457139,7645.47,die0,7710,7710,0.509698,-1,51.5625,51.5625,0
1786404457239,7645.47,die0,7702,7702,0.509698,-1,51.5625,51.5625,0
1786404457339,7645.47,die0,7694,7694,0.509698,-1,51.5625,51.5625,0
1786404457439,7645.47,die0,7687,7687,0.509698,-1,51.5625,51.5625,0
1786404457539,7645.47,die0,7681,7681,0.509698,-1,51.5625,51.5625,0
1786404457639,7645.47,die0,7674,7674,0.509698,-1,51.5625,51.5625,0
1786404457739,7645.47,die0,7669,7669,0.509698,-1,51.5625,51.5625,0
1786404457839,7645.47,die0,7663,7663,0.509698,-1,51.5625,51.5625,0
1786404457939,7645.47,die0,7658,7658,0.509698,-1,51.5625,51.5625,0
1786404458039,7592.24,die0,7654,7654,0.506149,-1,51.625,51.625,0
1786404458139,7592.24,die0,7649,7649,0.506149,-1,51.625,51.625,0
1786404458239,7592.24,die0,7645,7645,0.506149,-1,51.625,51.625,0
1786404458339,7592.24,die0,7641,7641,0.506149,-1,51.625,51.625,0
1786404458439,7592.24,die0,7638,7638,0.506149,-1,51.625,51.625,0
1786404458539,7592.24,die0,7635,7635,0.506149,-1,51.625,51.625,0
1786404458639,7592.24,die0,7631,7631,0.506149,-1,51.625,51.625,0
1786404458739,7592.24,die0,7629,7629,0.506149,-1,51.625,51.625,0
1786404458839,7592.24,die0,7626,7626,0.506149,-1,51.625,51.625,0
1786404458939,7592.24,die0,7623,7623,0.506149,-1,51.625,51.625,0
1786404459039,7581.56,die0,7617,7617,0.505437,-1,51.875,51.875,0
1786404459139,7581.56,die0,7611,7611,0.505437,-1,51.875,51.875,0
1786404459239,7581.56,die0,7606,7606,0.505437,-1,51.875,51.875,0
1786404459339,7581.56,die0,7601,7601,0.505437,-1,51.875,51.875,0
1786404459439,7581.56,die0,7596,7596,0.505437,-1,51.875,51.875,0
1786404459539,7581.56,die0,7592,7592,0.505437,-1,51.875,51.875,0
1786404459639,7581.56,die0,7587,7587,0.505437,-1,51.875,51.875,0
1786404459739,7581.56,die0,7584,7584,0.505437,-1,51.875,51.875,0
1786404459839,7581.56,die0,7580,7580,0.505437,-1,51.875,51.875,0
1786404459939,7581.56,die0,7577,7577,0.505437,-1,51.875,51.875,0
1786404460039,7529.89,die0,7573,7573,0.501993,-1,51.9375,51.9375,0
1786404460139,7529.89,die0,7570,7570,0.501993,-1,51.9375,51.9375,0
1786404460239,7529.89,die0,7568,7568,0.501993,-1,51.9375,51.9375,0
1786404460339,7529.89,die0,7565,7565,0.501993,-1,51.9375,51.9375,0
1786404460439,7529.89,die0,7563,7563,0.501993,-1,51.9375,51.9375,0
1786404460539,7529.89,die0,7561,7561,0.501993,-1,51.9375,51.9375,0
1786404460639,7529.89,die0,7559,7559,0.501993,-1,51.9375,51.9375,0
1786404460739,7529.89,die0,7557,7557,0.501993,-1,51.9375,51.9375,0
1786404460839,7529.89,die0,7555,7555,0.501993,-1,51.9375,51.9375,0
1786404460939,7529.89,die0,7553,7553,0.501993,-1,51.9375,51.9375,0
1786404461039,7478.53,die0,7548,7548,0.498569,-1,52,52,0
1786404461139,7478.53,die0,7542,7542,0.498569,-1,52,52,0
1786404461239,7478.53,die0,7538,7538,0.498569,-1,52,52,0
1786404461339,7478.53,die0,7533,7533,0.498569,-1,52,52,0
1786404461439,7478.53,die0,7529,7529,0.498569,-1,52,52,0
1786404461539,7478.53,die0,7525,7525,0.498569,-1,52,52,0
1786404461639,7478.53,die0,7521,7521,0.498569,-1,52,52,0
1786404461739,7478.53,die0,7518,7518,0.498569,-1,52,52,0
1786404461839,7478.53,die0,7515,7515,0.498569,-1,52,52,0
1786404461939,7478.53,die0,7512,7512,0.498569,-1,52,52,0
1786404462039,7455.65,die0,7505,7505,0.497043,-1,52.1875,52.1875,0
1786404462139,7455.65,die0,7499,7499,0.497043,-1,52.1875,52.1875,0
1786404462239,7455.65,die0,7493,7493,0.497043,-1,52.1875,52.1875,0
1786404462339,7455.65,die0,7488,7488,0.497043,-1,52.1875,52.1875,0
1786404462439,7455.65,die0,7483,7483,0.497043,-1,52.1875,52.1875,0
1786404462539,7455.65,die0,7478,7478,0.497043,-1,52.1875,52.1875,0
1786404462639,7455.65,die0,7474,7474,0.497043,-1,52.1875,52.1875,0
1786404462739,7455.65,die0,7469,7469,0.497043,-1,52.1875,52.1875,0
1786404462839,7455.65,die0,7466,7466,0.497043,-1,52.1875,52.1875,0
1786404462939,7455.65,die0,7462,7462,0.497043,-1,52.1875,52.1875,0
1786404463039,7405.55,die0,7455,7455,0.493703,-1,52.25,52.25,0
1786404463139,7405.55,die0,7448,7448,0.493703,-1,52.25,52.25,0
1786404463239,7405.55,die0,7442,7442,0.493703,-1,52.25,52.25,0
1786404463339,7405.55,die0,7436,7436,0.493703,-1,52.25,52.25,0
1786404463439,7405.55,die0,7430,7430,0.493703,-1,52.25,52.25,0
1786404463539,7405.55,die0,7425,7425,0.493703,-1,52.25,52.25,0
1786404463639,7405.55,die0,7420,7420,0.493703,-1,52.25,52.25,0
1786404463739,7405.55,die0,7416,7416,0.493703,-1,52.25,52.25,0
1786404463839,7405.55,die0,7412,7412,0.493703,-1,52.25,52.25,0
1786404463939,7405.55,die0,7408,7408,0.493703,-1,52.25,52.25,0
1786404464039,7369.84,die0,7404,7404,0.491322,-1,52.375,52.375,0
1786404464139,7369.84,die0,7401,7401,0.491322,-1,52.375,52.375,0
1786404464239,7369.84,die0,7397,7397,0.491322,-1,52.375,52.375,0
1786404464339,7369.84,die0,7394,7394,0.491322,-1,52.375,52.375,0
1786404464439,7369.84,die0,7392,7392,0.491322,-1,52.375,52.375,0
1786404464539,7369.84,die0,7389,7389,0.491322,-1,52.375,52.375,0
1786404464639,7369.84,die0,7387,7387,0.491322,-1,52.375,52.375,0
1786404464739,7369.84,die0,7384,7384,0.491322,-1,52.375,52.375,0
1786404464839,7369.84,die0,7382,7382,0.491322,-1,52.375,52.375,0
1786404464939,7369.84,die0,7380,7380,0.491322,-1,52.375,52.375,0
1786404465039,7334.75,die0,7375,7375,0.488983,-1,52.5,52.5,0
1786404465139,7334.75,die0,7369,7369,0.488983,-1,52.5,52.5,0
1786404465239,7334.75,die0,7364,7364,0.488983,-1,52.5,52.5,0
1786404465339,7334.75,die0,7360,7360,0.488983,-1,52.5,52.5,0
1786404465439,7334.75,die0,7355,7355,0.488983,-1,52.5,52.5,0
1786404465539,7334.75,die0,7351,7351,0.488983,-1,52.5,52.5,0
1786404465639,7334.75,die0,7347,7347,0.488983,-1,52.5,52.5,0
1786404465739,7334.75,die0,7344,7344,0.488983,-1,52.5,52.5,0
1786404465839,7334.75,die0,7340,7340,0.488983,-1,52.5,52.5,0
1786404465939,7334.75,die0,7337,7337,0.488983,-1,52.5,52.5,0
1786404466039,7300.29,die0,7335,7335,0.486686,-1,52.625,52.625,0
1786404466139,7300.29,die0,7332,7332,0.486686,-1,52.625,52.625,0
1786404466239,7300.29,die0,7329,7329,0.486686,-1,52.625,52.625,0
1786404466339,7300.29,die0,7327,7327,0.486686,-1,52.625,52.625,0
1786404466439,7300.29,die0,7325,7325,0.486686,-1,52.625,52.625,0
1786404466539,7300.29,die0,7323,7323,0.486686,-1,52.625,52.625,0
1786404466639,7300.29,die0,7321,7321,0.486686,-1,52.625,52.625,0
1786404466739,7300.29,die0,7319,7319,0.486686,-1,52.625,52.625,0
1786404466839,7300.29,die0,7317,7317,0.486686,-1,52.625,52.625,0
1786404466939,7300.29,die0,7316,7316,0.486686,-1,52.625,52.625,0
1786404467039,7252.38,die0,7310,7310,0.483492,-1,52.6875,52.6875,0
1786404467139,7252.38,die0,7305,7305,0.483492,-1,52.6875,52.6875,0
1786404467239,7252.38,die0,7301,7301,0.483492,-1,52.6875,52.6875,0
1786404467339,7252.38,die0,7296,7296,0.483492,-1,52.6875,52.6875,0
1786404467439,7252.38,die0,7292,7292,0.483492,-1,52.6875,52.6875,0
1786404467539,7252.38,die0,7289,7289,0.483492,-1,52.6875,52.6875,0
1786404467639,7252.38,die0,7285,7285,0.483492,-1,52.6875,52.6875,0
1786404467739,7252.38,die0,7282,7282,0.483492,-1,52.6875,52.6875,0
1786404467839,7252.38,die0,7279,7279,0.483492,-1,52.6875,52.6875,0
1786404467939,7252.38,die0,7276,7276,0.483492,-1,52.6875,52.6875,0
1786404468039,7218.86,die0,7269,7269,0.481258,-1,52.8125,52.8125,0
1786404468139,7218.86,die0,7263,7263,0.481258,-1,52.8125,52.8125,0
1786404468239,7218.86,die0,7257,7257,0.481258,-1,52.8125,52.8125,0
1786404468339,7218.86,die0,7252,7252,0.481258,-1,52.8125,52.8125,0
1786404468439,7218.86,die0,7247,7247,0.481258,-1,52.8125,52.8125,0
1786404468539,7218.86,die0,7242,7242,0.481258,-1,52.8125,52.8125,0
1786404468639,7218.86,die0,7238,7238,0.481258,-1,52.8125,52.8125,0
1786404468739,7218.86,die0,7234,7234,0.481258,-1,52.8125,52.8125,0
1786404468839,7218.86,die0,7230,7230,0.481258,-1,52.8125,52.8125,0
1786404468939,7218.86,die0,7226,7226,0.481258,-1,52.8125,52.8125,0
1786404469039,7185.97,die0,7223,7223,0.479065,-1,52.9375,52.9375,0
1786404469139,7185.97,die0,7220,7220,0.479065,-1,52.9375,52.9375,0
1786404469239,7185.97,die0,7217,7217,0.479065,-1,52.9375,52.9375,0
1786404469339,7185.97,die0,7214,7214,0.479065,-1,52.9375,52.9375,0
1786404469439,7185.97,die0,7212,7212,0.479065,-1,52.9375,52.9375,0
1786404469539,7185.97,die0,7209,7209,0.479065,-1,52.9375,52.9375,0
1786404469639,7185.97,die0,7207,7207,0.479065,-1,52.9375,52.9375,0
1786404469739,7185.97,die0,7205,7205,0.479065,-1,52.9375,52.9375,0
1786404469839,7185.97,die0,7203,7203,0.479065,-1,52.9375,52.9375,0
1786404469939,7185.97,die0,7201,7201,0.479065,-1,52.9375,52.9375,0
1786404470039,7139.62,die0,7196,7196,0.475975,-1,53,53,0
1786404470139,7139.62,die0,7191,7191,0.475975,-1,53,53,0
1786404470239,7139.62,die0,7186,7186,0.475975,-1,53,53,0
1786404470339,7139.62,die0,7181,7181,0.475975,-1,53,53,0
1786404470439,7139.62,die0,7177,7177,0.475975,-1,53,53,0
1786404470539,7139.62,die0,7173,7173,0.475975,-1,53,53,0
1786404470639,7139.62,die0,7169,7169,0.475975,-1,53,53,0
1786404470739,7139.62,die0,7166,7166,0.475975,-1,53,53,0
1786404470839,7139.62,die0,7163,7163,0.475975,-1,53,53,0
1786404470939,7139.62,die0,7160,7160,0.475975,-1,53,53,0
1786404471039,7107.67,die0,7153,7153,0.473845,-1,53.125,53.125,0
1786404471139,7107.67,die0,7147,7147,0.473845,-1,53.125,53.125,0
1786404471239,7107.67,die0,7141,7141,0.473845,-1,53.125,53.125,0
1786404471339,7107.67,die0,7135,7135,0.473845,-1,53.125,53.125,0
1786404471439,7107.67,die0,7130,7130,0.473845,-1,53.125,53.125,0
1786404471539,7107.67,die0,7125,7125,0.473845,-1,53.125,53.125,0
1786404471639,7107.67,die0,7121,7121,0.473845,-1,53.125,53.125,0
1786404471739,7107.67,die0,7117,7117,0.473845,-1,53.125,53.125,0
1786404471839,7107.67,die0,7113,7113,0.473845,-1,53.125,53.125,0
1786404471939,7107.67,die0,7109,7109,0.473845,-1,53.125,53.125,0
1786404472039,7076.34,die0,7106,7106,0.471756,-1,53.25,53.25,0
1786404472139,7076.34,die0,7103,7103,0.471756,-1,53.25,53.25,0
1786404472239,7076.34,die0,7100,7100,0.471756,-1,53.25,53.25,0
1786404472339,7076.34,die0,7097,7097,0.471756,-1,53.25,53.25,0
1786404472439,7076.34,die0,7095,7095,0.471756,-1,53.25,53.25,0
1786404472539,7076.34,die0,7092,7092,0.471756,-1,53.25,53.25,0
1786404472639,7076.34,die0,7090,7090,0.471756,-1,53.25,53.25,0
1786404472739,7076.34,die0,7088,7088,0.471756,-1,53.25,53.25,0
1786404472839,7076.34,die0,7086,7086,0.471756,-1,53.25,53.25,0
1786404472939,7076.34,die0,7084,7084,0.471756,-1,53.25,53.25,0
1786404473039,7073.8,die0,7083,7083,0.471587,-1,53.5,53.5,0
1786404473139,7073.8,die0,7081,7081,0.471587,-1,53.5,53.5,0
1786404473239,7073.8,die0,7079,7079,0.471587,-1,53.5,53.5,0
1786404473339,7073.8,die0,7078,7078,0.471587,-1,53.5,53.5,0
1786404473439,7073.8,die0,7077,7077,0.471587,-1,53.5,53.5,0
1786404473539,7073.8,die0,7076,7076,0.471587,-1,53.5,53.5,0
1786404473639,7073.8,die0,7074,7074,0.471587,-1,53.5,53.5,0
1786404473739,7073.8,die0,7073,7073,0.471587,-1,53.5,53.5,0
1786404473839,7073.8,die0,7072,7072,0.471587,-1,53.5,53.5,0
1786404473939,7073.8,die0,7072,7072,0.471587,-1,53.5,53.5,0
1786404474039,7002.11,die0,7067,7067,0.466808,-1,53.4375,53.4375,0
1786404474139,7002.11,die0,7062,7062,0.466808,-1,53.4375,53.4375,0
1786404474239,7002.11,die0,7058,7058,0.466808,-1,53.4375,53.4375,0
1786404474339,7002.11,die0,7054,7054,0.466808,-1,53.4375,53.4375,0
1786404474439,7002.11,die0,7051,7051,0.466808,-1,53.4375,53.4375,0
1786404474539,7002.11,die0,7047,7047,0.466808,-1,53.4375,53.4375,0
1786404474639,7002.11,die0,7044,7044,0.466808,-1,53.4375,53.4375,0
1786404474739,7002.11,die0,7041,7041,0.466808,-1,53.4375,53.4375,0
1786404474839,7002.11,die0,7038,7038,0.466808,-1,53.4375,53.4375,0
1786404474939,7002.11,die0,7036,7036,0.466808,-1,53.4375,53.4375,0
1786404475039,7014.59,die0,7033,7033,0.46764,-1,53.75,53.75,0
1786404475139,7014.59,die0,7031,7031,0.46764,-1,53.75,53.75,0
1786404475239,7014.59,die0,7029,7029,0.46764,-1,53.75,53.75,0
1786404475339,7014.59,die0,7027,7027,0.46764,-1,53.75,53.75,0
1786404475439,7014.59,die0,7025,7025,0.46764,-1,53.75,53.75,0
1786404475539,7014.59,die0,7024,7024,0.46764,-1,53.75,53.75,0
1786404475639,7014.59,die0,7022,7022,0.46764,-1,53.75,53.75,0
1786404475739,7014.59,die0,7021,7021,0.46764,-1,53.75,53.75,0
1786404475839,7014.59,die0,7019,7019,0.46764,-1,53.75,53.75,0
1786404475939,7014.59,die0,7018,7018,0.46764,-1,53.75,53.75,0
1786404476039,6944.16,die0,7013,7013,0.462944,-1,53.6875,53.6875,0
1786404476139,6944.16,die0,7008,7008,0.462944,-1,53.6875,53.6875,0
1786404476239,6944.16,die0,7004,7004,0.462944,-1,53.6875,53.6875,0
1786404476339,6944.16,die0,6999,6999,0.462944,-1,53.6875,53.6875,0
1786404476439,6944.16,die0,6996,6996,0.462944,-1,53.6875,53.6875,0
1786404476539,6944.16,die0,6992,6992,0.462944,-1,53.6875,53.6875,0
1786404476639,6944.16,die0,6989,6989,0.462944,-1,53.6875,53.6875,0
1786404476739,6944.16,die0,6985,6985,0.462944,-1,53.6875,53.6875,0
1786404476839,6944.16,die0,6982,6982,0.462944,-1,53.6875,53.6875,0
1786404476939,6944.16,die0,6980,6980,0.462944,-1,53.6875,53.6875,0
1786404477039,6901.57,die0,6973,6973,0.460104,-1,53.75,53.75,0
1786404477139,6901.57,die0,6967,6967,0.460104,-1,53.75,53.75,0
1786404477239,6901.57,die0,6962,6962,0.460104,-1,53.75,53.75,0
1786404477339,6901.57,die0,6956,6956,0.460104,-1,53.75,53.75,0
1786404477439,6901.57,die0,6951,6951,0.460104,-1,53.75,53.75,0
1786404477539,6901.57,die0,6947,6947,0.460104,-1,53.75,53.75,0
1786404477639,6901.57,die0,6942,6942,0.460104,-1,53.75,53.75,0
1786404477739,6901.57,die0,6938,6938,0.460104,-1,53.75,53.75,0
1786404477839,6901.57,die0,6935,6935,0.460104,-1,53.75,53.75,0
1786404477939,6901.57,die0,6931,6931,0.460104,-1,53.75,53.75,0
1786404478039,6873.37,die0,6924,6924,0.458225,-1,53.875,53.875,0
1786404478139,6873.37,die0,6917,6917,0.458225,-1,53.875,53.875,0
1786404478239,6873.37,die0,6911,6911,0.458225,-1,53.875,53.875,0
1786404478339,6873.37,die0,6905,6905,0.458225,-1,53.875,53.875,0
1786404478439,6873.37,die0,6900,6900,0.458225,-1,53.875,53.875,0
1786404478539,6873.37,die0,6895,6895,0.458225,-1,53.875,53.875,0
1786404478639,6873.37,die0,6890,6890,0.458225,-1,53.875,53.875,0
1786404478739,6873.37,die0,6886,6886,0.458225,-1,53.875,53.875,0
1786404478839,6873.37,die0,6881,6881,0.458225,-1,53.875,53.875,0
1786404478939,6873.37,die0,6878,6878,0.458225,-1,53.875,53.875,0
1786404479039,6859.88,die0,6874,6874,0.457325,-1,54.0625,54.0625,0
1786404479139,6859.88,die0,6871,6871,0.457325,-1,54.0625,54.0625,0
1786404479239,6859.88,die0,6867,6867,0.457325,-1,54.0625,54.0625,0
1786404479339,6859.88,die0,6865,6865,0.457325,-1,54.0625,54.0625,0
1786404479439,6859.88,die0,6862,6862,0.457325,-1,54.0625,54.0625,0
1786404479539,6859.88,die0,6859,6859,0.457325,-1,54.0625,54.0625,0
1786404479639,6859.88,die0,6857,6857,0.457325,-1,54.0625,54.0625,0
1786404479739,6859.88,die0,6855,6855,0.457325,-1,54.0625,54.0625,0
1786404479839,6859.88,die0,6853,6853,0.457325,-1,54.0625,54.0625,0
1786404479939,6859.88,die0,6851,6851,0.457325,-1,54.0625,54.0625,0
1786404480039,6805.09,die0,6845,6845,0.453673,-1,54.0625,54.0625,0
1786404480139,6805.09,die0,6840,6840,0.453673,-1,54.0625,54.0625,0
1786404480239,6805.09,die0,6835,6835,0.453673,-1,54.0625,54.0625,0
1786404480339,6805.09,die0,6830,6830,0.453673,-1,54.0625,54.0625,0
1786404480439,6805.09,die0,6826,6826,0.453673,-1,54.0625,54.0625,0
1786404480539,6805.09,die0,6821,6821,0.453673,-1,54.0625,54.0625,0
1786404480639,6805.09,die0,6818,6818,0.453673,-1,54.0625,54.0625,0
1786404480739,6805.09,die0,6814,6814,0.453673,-1,54.0625,54.0625,0
1786404480839,6805.09,die0,6811,6811,0.453673,-1,54.0625,54.0625,0
1786404480939,6805.09,die0,6808,6808,0.453673,-1,54.0625,54.0625,0
1786404481039,6778.46,die0,6805,6805,0.451897,-1,54.1875,54.1875,0
1786404481139,6778.46,die0,6802,6802,0.451897,-1,54.1875,54.1875,0
1786404481239,6778.46,die0,6800,6800,0.451897,-1,54.1875,54.1875,0
1786404481339,6778.46,die0,6797,6797,0.451897,-1,54.1875,54.1875,0
1786404481439,6778.46,die0,6795,6795,0.451897,-1,54.1875,54.1875,0
1786404481539,6778.46,die0,6793,6793,0.451897,-1,54.1875,54.1875,0
1786404481639,6778.46,die0,6791,6791,0.451897,-1,54.1875,54.1875,0
1786404481739,6778.46,die0,6790,6790,0.451897,-1,54.1875,54.1875,0
1786404481839,6778.46,die0,6788,6788,0.451897,-1,54.1875,54.1875,0
1786404481939,6778.46,die0,6786,6786,0.451897,-1,54.1875,54.1875,0
1786404482039,6724.29,die0,6781,6781,0.448286,-1,54.1875,54.1875,0
1786404482139,6724.29,die0,6776,6776,0.448286,-1,54.1875,54.1875,0
1786404482239,6724.29,die0,6771,6771,0.448286,-1,54.1875,54.1875,0
1786404482339,6724.29,die0,6767,6767,0.448286,-1,54.1875,54.1875,0
1786404482439,6724.29,die0,6763,6763,0.448286,-1,54.1875,54.1875,0
1786404482539,6724.29,die0,6759,6759,0.448286,-1,54.1875,54.1875,0
1786404482639,6724.29,die0,6756,6756,0.448286,-1,54.1875,54.1875,0
1786404482739,6724.29,die0,6752,6752,0.448286,-1,54.1875,54.1875,0
1786404482839,6724.29,die0,6749,6749,0.448286,-1,54.1875,54.1875,0
1786404482939,6724.29,die0,6746,6746,0.448286,-1,54.1875,54.1875,0
1786404483039,6712.37,die0,6744,6744,0.447491,-1,54.375,54.375,0
1786404483139,6712.37,die0,6741,6741,0.447491,-1,54.375,54.375,0
1786404483239,6712.37,die0,6739,6739,0.447491,-1,54.375,54.375,0
1786404483339,6712.37,die0,6737,6737,0.447491,-1,54.375,54.375,0
1786404483439,6712.37,die0,6734,6734,0.447491,-1,54.375,54.375,0
1786404483539,6712.37,die0,6733,6733,0.447491,-1,54.375,54.375,0
1786404483639,6712.37,die0,6731,6731,0.447491,-1,54.375,54.375,0
1786404483739,6712.37,die0,6729,6729,0.447491,-1,54.375,54.375,0
1786404483839,6712.37,die0,6728,6728,0.447491,-1,54.375,54.375,0
1786404483939,6712.37,die0,6726,6726,0.447491,-1,54.375,54.375,0
1786404484039,6687.3,die0,6721,6721,0.44582,-1,54.5,54.5,0
1786404484139,6687.3,die0,6716,6716,0.44582,-1,54.5,54.5,0
1786404484239,6687.3,die0,6711,6711,0.44582,-1,54.5,54.5,0
1786404484339,6687.3,die0,6707,6707,0.44582,-1,54.5,54.5,0
1786404484439,6687.3,die0,6703,6703,0.44582,-1,54.5,54.5,0
1786404484539,6687.3,die0,6699,6699,0.44582,-1,54.5,54.5,0
1786404484639,6687.3,die0,6696,6696,0.44582,-1,54.5,54.5,0
1786404484739,6687.3,die0,6693,6693,0.44582,-1,54.5,54.5,0
1786404484839,6687.3,die0,6690,6690,0.44582,-1,54.5,54.5,0
1786404484939,6687.3,die0,6687,6687,0.44582,-1,54.5,54.5,0
1786404485039,6662.86,die0,6684,6684,0.444191,-1,54.625,54.625,0
1786404485139,6662.86,die0,6682,6682,0.444191,-1,54.625,54.625,0
1786404485239,6662.86,die0,6679,6679,0.444191,-1,54.625,54.625,0
1786404485339,6662.86,die0,6677,6677,0.444191,-1,54.625,54.625,0
1786404485439,6662.86,die0,6675,6675,0.444191,-1,54.625,54.625,0
1786404485539,6662.86,die0,6673,6673,0.444191,-1,54.625,54.625,0
1786404485639,6662.86,die0,6672,6672,0.444191,-1,54.625,54.625,0
1786404485739,6662.86,die0,6670,6670,0.444191,-1,54.625,54.625,0
1786404485839,6662.86,die0,6668,6668,0.444191,-1,54.625,54.625,0
1786404485939,6662.86,die0,6667,6667,0.444191,-1,54.625,54.625,0
1786404486039,6624.97,die0,6662,6662,0.441665,-1,54.6875,54.6875,0
1786404486139,6624.97,die0,6657,6657,0.441665,-1,54.6875,54.6875,0
1786404486239,6624.97,die0,6652,6652,0.441665,-1,54.6875,54.6875,0
1786404486339,6624.97,die0,6648,6648,0.441665,-1,54.6875,54.6875,0
1786404486439,6624.97,die0,6644,6644,0.441665,-1,54.6875,54.6875,0
1786404486539,6624.97,die0,6640,6640,0.441665,-1,54.6875,54.6875,0
1786404486639,6624.97,die0,6637,6637,0.441665,-1,54.6875,54.6875,0
1786404486739,6624.97,die0,6634,6634,0.441665,-1,54.6875,54.6875,0
1786404486839,6624.97,die0,6631,6631,0.441665,-1,54.6875,54.6875,0
1786404486939,6624.97,die0,6628,6628,0.441665,-1,54.6875,54.6875,0
1786404487039,6601.47,die0,6625,6625,0.440098,-1,54.8125,54.8125,0
1786404487139,6601.47,die0,6623,6623,0.440098,-1,54.8125,54.8125,0
1786404487239,6601.47,die0,6620,6620,0.440098,-1,54.8125,54.8125,0
1786404487339,6601.47,die0,6618,6618,0.440098,-1,54.8125,54.8125,0
1786404487439,6601.47,die0,6616,6616,0.440098,-1,54.8125,54.8125,0
1786404487539,6601.47,die0,6614,6614,0.440098,-1,54.8125,54.8125,0
1786404487639,6601.47,die0,6613,6613,0.440098,-1,54.8125,54.8125,0
1786404487739,6601.47,die0,6611,6611,0.440098,-1,54.8125,54.8125,0
1786404487839,6601.47,die0,6609,6609,0.440098,-1,54.8125,54.8125,0
1786404487939,6601.47,die0,6608,6608,0.440098,-1,54.8125,54.8125,0
1786404488039,6578.6,die0,6603,6603,0.438573,-1,54.9375,54.9375,0
1786404488139,6578.6,die0,6598,6598,0.438573,-1,54.9375,54.9375,0
1786404488239,6578.6,die0,6593,6593,0.438573,-1,54.9375,54.9375,0
1786404488339,6578.6,die0,6589,6589,0.438573,-1,54.9375,54.9375,0
1786404488439,6578.6,die0,6585,6585,0.438573,-1,54.9375,54.9375,0
1786404488539,6578.6,die0,6581,6581,0.438573,-1,54.9375,54.9375,0
1786404488639,6578.6,die0,6578,6578,0.438573,-1,54.9375,54.9375,0
1786404488739,6578.6,die0,6575,6575,0.438573,-1,54.9375,54.9375,0
1786404488839,6578.6,die0,6572,6572,0.438573,-1,54.9375,54.9375,0
1786404488939,6578.6,die0,6569,6569,0.438573,-1,54.9375,54.9375,0
1786404489039,6528.19,die0,6562,6562,0.435213,-1,54.9375,54.9375,0
1786404489139,6528.19,die0,6556,6556,0.435213,-1,54.9375,54.9375,0
1786404489239,6528.19,die0,6550,6550,0.435213,-1,54.9375,54.9375,0
1786404489339,6528.19,die0,6545,6545,0.435213,-1,54.9375,54.9375,0
1786404489439,6528.19,die0,6540,6540,0.435213,-1,54.9375,54.9375,0
1786404489539,6528.19,die0,6536,6536,0.435213,-1,54.9375,54.9375,0
1786404489639,6528.19,die0,6531,6531,0.435213,-1,54.9375,54.9375,0
1786404489739,6528.19,die0,6527,6527,0.435213,-1,54.9375,54.9375,0
1786404489839,6528.19,die0,6523,6523,0.435213,-1,54.9375,54.9375,0
1786404489939,6528.19,die0,6520,6520,0.435213,-1,54.9375,54.9375,0
1786404490039,6505.94,die0,6517,6517,0.43373,-1,55.0625,55.0625,0
1786404490139,6505.94,die0,6514,6514,0.43373,-1,55.0625,55.0625,0
1786404490239,6505.94,die0,6511,6511,0.43373,-1,55.0625,55.0625,0
1786404490339,6505.94,die0,6508,6508,0.43373,-1,55.0625,55.0625,0
1786404490439,6505.94,die0,6505,6505,0.43373,-1,55.0625,55.0625,0
1786404490539,6505.94,die0,6503,6503,0.43373,-1,55.0625,55.0625,0
1786404490639,6505.94,die0,6501,6501,0.43373,-1,55.0625,55.0625,0
1786404490739,6505.94,die0,6499,6499,0.43373,-1,55.0625,55.0625,0
1786404490839,6505.94,die0,6497,6497,0.43373,-1,55.0625,55.0625,0
1786404490939,6505.94,die0,6495,6495,0.43373,-1,55.0625,55.0625,0
1786404491039,6484.32,die0,6494,6494,0.432288,-1,55.1875,55.1875,0
1786404491139,6484.32,die0,6492,6492,0.432288,-1,55.1875,55.1875,0
1786404491239,6484.32,die0,6491,6491,0.432288,-1,55.1875,55.1875,0
1786404491339,6484.32,die0,6489,6489,0.432288,-1,55.1875,55.1875,0
1786404491439,6484.32,die0,6488,6488,0.432288,-1,55.1875,55.1875,0
1786404491539,6484.32,die0,6487,6487,0.432288,-1,55.1875,55.1875,0
1786404491639,6484.32,die0,6486,6486,0.432288,-1,55.1875,55.1875,0
1786404491739,6484.32,die0,6485,6485,0.432288,-1,55.1875,55.1875,0
1786404491839,6484.32,die0,6484,6484,0.432288,-1,55.1875,55.1875,0
1786404491939,6484.32,die0,6483,6483,0.432288,-1,55.1875,55.1875,0
1786404492039,6463.33,die0,6478,6478,0.430888,-1,55.3125,55.3125,0
1786404492139,6463.33,die0,6474,6474,0.430888,-1,55.3125,55.3125,0
1786404492239,6463.33,die0,6470,6470,0.430888,-1,55.3125,55.3125,0
1786404492339,6463.33,die0,6466,6466,0.430888,-1,55.3125,55.3125,0
1786404492439,6463.33,die0,6462,6462,0.430888,-1,55.3125,55.3125,0
1786404492539,6463.33,die0,6459,6459,0.430888,-1,55.3125,55.3125,0
1786404492639,6463.33,die0,6456,6456,0.430888,-1,55.3125,55.3125,0
1786404492739,6463.33,die0,6453,6453,0.430888,-1,55.3125,55.3125,0
1786404492839,6463.33,die0,6450,6450,0.430888,-1,55.3125,55.3125,0
1786404492939,6463.33,die0,6447,6447,0.430888,-1,55.3125,55.3125,0
1786404493039,6428.88,die0,6445,6445,0.428592,-1,55.375,55.375,0
1786404493139,6428.88,die0,6443,6443,0.428592,-1,55.375,55.375,0
1786404493239,6428.88,die0,6441,6441,0.428592,-1,55.375,55.375,0
1786404493339,6428.88,die0,6439,6439,0.428592,-1,55.375,55.375,0
1786404493439,6428.88,die0,6437,6437,0.428592,-1,55.375,55.375,0
1786404493539,6428.88,die0,6435,6435,0.428592,-1,55.375,55.375,0
1786404493639,6428.88,die0,6434,6434,0.428592,-1,55.375,55.375,0
1786404493739,6428.88,die0,6432,6432,0.428592,-1,55.375,55.375,0
1786404493839,6428.88,die0,6431,6431,0.428592,-1,55.375,55.375,0
1786404493939,6428.88,die0,6430,6430,0.428592,-1,55.375,55.375,0
1786404494039,6408.82,die0,6425,6425,0.427255,-1,55.5,55.5,0
1786404494139,6408.82,die0,6420,6420,0.427255,-1,55.5,55.5,0
1786404494239,6408.82,die0,6415,6415,0.427255,-1,55.5,55.5,0
1786404494339,6408.82,die0,6411,6411,0.427255,-1,55.5,55.5,0
1786404494439,6408.82,die0,6407,6407,0.427255,-1,55.5,55.5,0
1786404494539,6408.82,die0,6404,6404,0.427255,-1,55.5,55.5,0
1786404494639,6408.82,die0,6400,6400,0.427255,-1,55.5,55.5,0
1786404494739,6408.82,die0,6397,6397,0.427255,-1,55.5,55.5,0
1786404494839,6408.82,die0,6394,6394,0.427255,-1,55.5,55.5,0
1786404494939,6408.82,die0,6391,6391,0.427255,-1,55.5,55.5,0
1786404495039,6375.31,die0,6389,6389,0.425021,-1,55.5625,55.5625,0
1786404495139,6375.31,die0,6386,6386,0.425021,-1,55.5625,55.5625,0
1786404495239,6375.31,die0,6384,6384,0.425021,-1,55.5625,55.5625,0
1786404495339,6375.31,die0,6382,6382,0.425021,-1,55.5625,55.5625,0
1786404495439,6375.31,die0,6380,6380,0.425021,-1,55.5625,55.5625,0
1786404495539,6375.31,die0,6378,6378,0.425021,-1,55.5625,55.5625,0
1786404495639,6375.31,die0,6377,6377,0.425021,-1,55.5625,55.5625,0
1786404495739,6375.31,die0,6375,6375,0.425021,-1,55.5625,55.5625,0
1786404495839,6375.31,die0,6374,6374,0.425021,-1,55.5625,55.5625,0
1786404495939,6375.31,die0,6372,6372,0.425021,-1,55.5625,55.5625,0
1786404496039,6342.12,die0,6367,6367,0.422808,-1,55.625,55.625,0
1786404496139,6342.12,die0,6362,6362,0.422808,-1,55.625,55.625,0
1786404496239,6342.12,die0,6358,6358,0.422808,-1,55.625,55.625,0
1786404496339,6342.12,die0,6353,6353,0.422808,-1,55.625,55.625,0
1786404496439,6342.12,die0,6349,6349,0.422808,-1,55.625,55.625,0
1786404496539,6342.12,die0,6346,6346,0.422808,-1,55.625,55.625,0
1786404496639,6342.12,die0,6342,6342,0.422808,-1,55.625,55.625,0
1786404496739,6342.12,die0,6339,6339,0.422808,-1,55.625,55.625,0
1786404496839,6342.12,die0,6336,6336,0.422808,-1,55.625,55.625,0
1786404496939,6342.12,die0,6333,6333,0.422808,-1,55.625,55.625,0
1786404497039,6323.31,die0,6331,6331,0.421554,-1,55.75,55.75,0
1786404497139,6323.31,die0,6328,6328,0.421554,-1,55.75,55.75,0
1786404497239,6323.31,die0,6326,6326,0.421554,-1,55.75,55.75,0
1786404497339,6323.31,die0,6324,6324,0.421554,-1,55.75,55.75,0
1786404497439,6323.31,die0,6322,6322,0.421554,-1,55.75,55.75,0
1786404497539,6323.31,die0,6320,6320,0.421554,-1,55.75,55.75,0
1786404497639,6323.31,die0,6318,6318,0.421554,-1,55.75,55.75,0
1786404497739,6323.31,die0,6317,6317,0.421554,-1,55.75,55.75,0
1786404497839,6323.31,die0,6315,6315,0.421554,-1,55.75,55.75,0
1786404497939,6323.31,die0,6314,6314,0.421554,-1,55.75,55.75,0
1786404498039,6305.13,die0,6312,6312,0.420342,-1,55.875,55.875,0
1786404498139,6305.13,die0,6311,6311,0.420342,-1,55.875,55.875,0
1786404498239,6305.13,die0,6310,6310,0.420342,-1,55.875,55.875,0
1786404498339,6305.13,die0,6309,6309,0.420342,-1,55.875,55.875,0
1786404498439,6305.13,die0,6308,6308,0.420342,-1,55.875,55.875,0
1786404498539,6305.13,die0,6307,6307,0.420342,-1,55.875,55.875,0
1786404498639,6305.13,die0,6306,6306,0.420342,-1,55.875,55.875,0
1786404498739,6305.13,die0,6305,6305,0.420342,-1,55.875,55.875,0
1786404498839,6305.13,die0,6305,6305,0.420342,-1,55.875,55.875,0
1786404498939,6305.13,die0,6304,6304,0.420342,-1,55.875,55.875,0
1786404499039,6287.58,die0,6299,6299,0.419172,-1,56,56,0
1786404499139,6287.58,die0,6295,6295,0.419172,-1,56,56,0
1786404499239,6287.58,die0,6291,6291,0.419172,-1,56,56,0
1786404499339,6287.58,die0,6287,6287,0.419172,-1,56,56,0
1786404499439,6287.58,die0,6284,6284,0.419172,-1,56,56,0
1786404499539,6287.58,die0,6281,6281,0.419172,-1,56,56,0
1786404499639,6287.58,die0,6278,6278,0.419172,-1,56,56,0
1786404499739,6287.58,die0,6275,6275,0.419172,-1,56,56,0
1786404499839,6287.58,die0,6272,6272,0.419172,-1,56,56,0
1786404499939,6287.58,die0,6270,6270,0.419172,-1,56,56,0
1786404500039,6214.34,die0,6264,6264,0.414289,-1,55.875,55.875,0
1786404500139,6214.34,die0,6258,6258,0.414289,-1,55.875,55.875,0
1786404500239,6214.34,die0,6252,6252,0.414289,-1,55.875,55.875,0
1786404500339,6214.34,die0,6247,6247,0.414289,-1,55.875,55.875,0
1786404500439,6214.34,die0,6243,6243,0.414289,-1,55.875,55.875,0
1786404500539,6214.34,die0,6238,6238,0.414289,-1,55.875,55.875,0
1786404500639,6214.34,die0,6234,6234,0.414289,-1,55.875,55.875,0
1786404500739,6214.34,die0,6230,6230,0.414289,-1,55.875,55.875,0
1786404500839,6214.34,die0,6227,6227,0.414289,-1,55.875,55.875,0
1786404500939,6214.34,die0,6223,6223,0.414289,-1,55.875,55.875,0
1786404501039,6224.95,die0,6220,6220,0.414997,-1,56.125,56.125,0
1786404501139,6224.95,die0,6217,6217,0.414997,-1,56.125,56.125,0
1786404501239,6224.95,die0,6215,6215,0.414997,-1,56.125,56.125,0
1786404501339,6224.95,die0,6212,6212,0.414997,-1,56.125,56.125,0
1786404501439,6224.95,die0,6210,6210,0.414997,-1,56.125,56.125,0
1786404501539,6224.95,die0,6207,6207,0.414997,-1,56.125,56.125,0
1786404501639,6224.95,die0,6205,6205,0.414997,-1,56.125,56.125,0
1786404501739,6224.95,die0,6203,6203,0.414997,-1,56.125,56.125,0
1786404501839,6224.95,die0,6202,6202,0.414997,-1,56.125,56.125,0
1786404501939,6224.95,die0,6200,6200,0.414997,-1,56.125,56.125,0
1786404502039,6194.57,die0,6198,6198,0.412971,-1,56.1875,56.1875,0
1786404502139,6194.57,die0,6197,6197,0.412971,-1,56.1875,56.1875,0
1786404502239,6194.57,die0,6196,6196,0.412971,-1,56.1875,56.1875,0
1786404502339,6194.57,die0,6194,6194,0.412971,-1,56.1875,56.1875,0
1786404502439,6194.57,die0,6193,6193,0.412971,-1,56.1875,56.1875,0
1786404502539,6194.57,die0,6192,6192,0.412971,-1,56.1875,56.1875,0
1786404502639,6194.57,die0,6191,6191,0.412971,-1,56.1875,56.1875,0
1786404502739,6194.57,die0,6190,6190,0.412971,-1,56.1875,56.1875,0
1786404502839,6194.57,die0,6189,6189,0.412971,-1,56.1875,56.1875,0
1786404502939,6194.57,die0,6188,6188,0.412971,-1,56.1875,56.1875,0
1786404503039,6178.58,die0,6187,6187,0.411906,-1,56.3125,56.3125,0
1786404503139,6178.58,die0,6187,6187,0.411906,-1,56.3125,56.3125,0
1786404503239,6178.58,die0,6186,6186,0.411906,-1,56.3125,56.3125,0
1786404503339,6178.58,die0,6185,6185,0.411906,-1,56.3125,56.3125,0
1786404503439,6178.58,die0,6185,6185,0.411906,-1,56.3125,56.3125,0
1786404503539,6178.58,die0,6184,6184,0.411906,-1,56.3125,56.3125,0
1786404503639,6178.58,die0,6184,6184,0.411906,-1,56.3125,56.3125,0
1786404503739,6178.58,die0,6183,6183,0.411906,-1,56.3125,56.3125,0
1786404503839,6178.58,die0,6183,6183,0.411906,-1,56.3125,56.3125,0
1786404503939,6178.58,die0,6182,6182,0.411906,-1,56.3125,56.3125,0
1786404504039,6149.14,die0,6178,6178,0.409943,-1,56.375,56.375,0
1786404504139,6149.14,die0,6174,6174,0.409943,-1,56.375,56.375,0
1786404504239,6149.14,die0,6170,6170,0.409943,-1,56.375,56.375,0
1786404504339,6149.14,die0,6167,6167,0.409943,-1,56.375,56.375,0
1786404504439,6149.14,die0,6163,6163,0.409943,-1,56.375,56.375,0
1786404504539,6149.14,die0,6160,6160,0.409943,-1,56.375,56.375,0
1786404504639,6149.14,die0,6158,6158,0.409943,-1,56.375,56.375,0
1786404504739,6149.14,die0,6155,6155,0.409943,-1,56.375,56.375,0
1786404504839,6149.14,die0,6152,6152,0.409943,-1,56.375,56.375,0
1786404504939,6149.14,die0,6150,6150,0.409943,-1,56.375,56.375,0
1786404505039,6105.94,die0,6144,6144,0.407062,-1,56.375,56.375,0
1786404505139,6105.94,die0,6138,6138,0.407062,-1,56.375,56.375,0
1786404505239,6105.94,die0,6133,6133,0.407062,-1,56.375,56.375,0
1786404505339,6105.94,die0,6128,6128,0.407062,-1,56.375,56.375,0
1786404505439,6105.94,die0,6123,6123,0.407062,-1,56.375,56.375,0
1786404505539,6105.94,die0,6119,6119,0.407062,-1,56.375,56.375,0
1786404505639,6105.94,die0,6115,6115,0.407062,-1,56.375,56.375,0
1786404505739,6105.94,die0,6111,6111,0.407062,-1,56.375,56.375,0
1786404505839,6105.94,die0,6108,6108,0.407062,-1,56.375,56.375,0
1786404505939,6105.94,die0,6105,6105,0.407062,-1,56.375,56.375,0
1786404506039,6090.89,die0,6102,6102,0.406059,-1,56.5,56.5,0
1786404506139,6090.89,die0,6099,6099,0.406059,-1,56.5,56.5,0
1786404506239,6090.89,die0,6096,6096,0.406059,-1,56.5,56.5,0
1786404506339,6090.89,die0,6094,6094,0.406059,-1,56.5,56.5,0
1786404506439,6090.89,die0,6091,6091,0.406059,-1,56.5,56.5,0
1786404506539,6090.89,die0,6089,6089,0.406059,-1,56.5,56.5,0
1786404506639,6090.89,die0,6087,6087,0.406059,-1,56.5,56.5,0
1786404506739,6090.89,die0,6085,6085,0.406059,-1,56.5,56.5,0
1786404506839,6090.89,die0,6083,6083,0.406059,-1,56.5,56.5,0
1786404506939,6090.89,die0,6082,6082,0.406059,-1,56.5,56.5,0
1786404507039,6076.47,die0,6080,6080,0.405098,-1,56.625,56.625,0
1786404507139,6076.47,die0,6079,6079,0.405098,-1,56.625,56.625,0
1786404507239,6076.47,die0,6077,6077,0.405098,-1,56.625,56.625,0
1786404507339,6076.47,die0,6076,6076,0.405098,-1,56.625,56.625,0
1786404507439,6076.47,die0,6075,6075,0.405098,-1,56.625,56.625,0
1786404507539,6076.47,die0,6074,6074,0.405098,-1,56.625,56.625,0
1786404507639,6076.47,die0,6073,6073,0.405098,-1,56.625,56.625,0
1786404507739,6076.47,die0,6072,6072,0.405098,-1,56.625,56.625,0
1786404507839,6076.47,die0,6071,6071,0.405098,-1,56.625,56.625,0
1786404507939,6076.47,die0,6070,6070,0.405098,-1,56.625,56.625,0
1786404508039,6062.68,die0,6070,6070,0.404178,-1,56.75,56.75,0
1786404508139,6062.68,die0,6069,6069,0.404178,-1,56.75,56.75,0
1786404508239,6062.68,die0,6068,6068,0.404178,-1,56.75,56.75,0
1786404508339,6062.68,die0,6068,6068,0.404178,-1,56.75,56.75,0
1786404508439,6062.68,die0,6067,6067,0.404178,-1,56.75,56.75,0
1786404508539,6062.68,die0,6066,6066,0.404178,-1,56.75,56.75,0
1786404508639,6062.68,die0,6066,6066,0.404178,-1,56.75,56.75,0
1786404508739,6062.68,die0,6065,6065,0.404178,-1,56.75,56.75,0
1786404508839,6062.68,die0,6065,6065,0.404178,-1,56.75,56.75,0
1786404508939,6062.68,die0,6065,6065,0.404178,-1,56.75,56.75,0
1786404509039,6035.43,die0,6060,6060,0.402362,-1,56.8125,56.8125,0
1786404509139,6035.43,die0,6056,6056,0.402362,-1,56.8125,56.8125,0
1786404509239,6035.43,die0,6053,6053,0.402362,-1,56.8125,56.8125,0
1786404509339,6035.43,die0,6049,6049,0.402362,-1,56.8125,56.8125,0
1786404509439,6035.43,die0,6046,6046,0.402362,-1,56.8125,56.8125,0
1786404509539,6035.43,die0,6043,6043,0.402362,-1,56.8125,56.8125,0
1786404509639,6035.43,die0,6040,6040,0.402362,-1,56.8125,56.8125,0
1786404509739,6035.43,die0,6037,6037,0.402362,-1,56.8125,56.8125,0
1786404509839,6035.43,die0,6035,6035,0.402362,-1,56.8125,56.8125,0
1786404509939,6035.43,die0,6032,6032,0.402362,-1,56.8125,56.8125,0
1786404510039,5994.41,die0,6026,6026,0.399628,-1,56.8125,56.8125,0
1786404510139,5994.41,die0,6021,6021,0.399628,-1,56.8125,56.8125,0
1786404510239,5994.41,die0,6015,6015,0.399628,-1,56.8125,56.8125,0
1786404510339,5994.41,die0,6010,6010,0.399628,-1,56.8125,56.8125,0
1786404510439,5994.41,die0,6006,6006,0.399628,-1,56.8125,56.8125,0
1786404510539,5994.41,die0,6001,6001,0.399628,-1,56.8125,56.8125,0
1786404510639,5994.41,die0,5997,5997,0.399628,-1,56.8125,56.8125,0
1786404510739,5994.41,die0,5994,5994,0.399628,-1,56.8125,56.8125,0
1786404510839,5994.41,die0,5990,5990,0.399628,-1,56.8125,56.8125,0
1786404510939,5994.41,die0,5987,5987,0.399628,-1,56.8125,56.8125,0
1786404511039,5995.64,die0,5984,5984,0.399709,-1,57,57,0
1786404511139,5995.64,die0,5981,5981,0.399709,-1,57,57,0
1786404511239,5995.64,die0,5978,5978,0.399709,-1,57,57,0
1786404511339,5995.64,die0,5976,5976,0.399709,-1,57,57,0
1786404511439,5995.64,die0,5974,5974,0.399709,-1,57,57,0
1786404511539,5995.64,die0,5971,5971,0.399709,-1,57,57,0
1786404511639,5995.64,die0,5969,5969,0.399709,-1,57,57,0
1786404511739,5995.64,die0,5968,5968,0.399709,-1,57,57,0
1786404511839,5995.64,die0,5966,5966,0.399709,-1,57,57,0
1786404511939,5995.64,die0,5964,5964,0.399709,-1,57,57,0
1786404512039,5955.56,die0,5963,5963,0.397038,-1,57,57,0
1786404512139,5955.56,die0,5961,5961,0.397038,-1,57,57,0
1786404512239,5955.56,die0,5960,5960,0.397038,-1,57,57,0
1786404512339,5955.56,die0,5959,5959,0.397038,-1,57,57,0
1786404512439,5955.56,die0,5957,5957,0.397038,-1,57,57,0
1786404512539,5955.56,die0,5956,5956,0.397038,-1,57,57,0
1786404512639,5955.56,die0,5955,5955,0.397038,-1,57,57,0
1786404512739,5955.56,die0,5954,5954,0.397038,-1,57,57,0
1786404512839,5955.56,die0,5954,5954,0.397038,-1,57,57,0
1786404512939,5955.56,die0,5953,5953,0.397038,-1,57,57,0
1786404513039,5943.65,die0,5952,5952,0.396243,-1,57.125,57.125,0
1786404513139,5943.65,die0,5951,5951,0.396243,-1,57.125,57.125,0
1786404513239,5943.65,die0,5951,5951,0.396243,-1,57.125,57.125,0
1786404513339,5943.65,die0,5950,5950,0.396243,-1,57.125,57.125,0
1786404513439,5943.65,die0,5949,5949,0.396243,-1,57.125,57.125,0
1786404513539,5943.65,die0,5949,5949,0.396243,-1,57.125,57.125,0
1786404513639,5943.65,die0,5948,5948,0.396243,-1,57.125,57.125,0
1786404513739,5943.65,die0,5948,5948,0.396243,-1,57.125,57.125,0
1786404513839,5943.65,die0,5947,5947,0.396243,-1,57.125,57.125,0
1786404513939,5943.65,die0,5947,5947,0.396243,-1,57.125,57.125,0
1786404514039,5904.2,die0,5943,5943,0.393613,-1,57.125,57.125,0
1786404514139,5904.2,die0,5939,5939,0.393613,-1,57.125,57.125,0
1786404514239,5904.2,die0,5935,5935,0.393613,-1,57.125,57.125,0
1786404514339,5904.2,die0,5931,5931,0.393613,-1,57.125,57.125,0
1786404514439,5904.2,die0,5928,5928,0.393613,-1,57.125,57.125,0
1786404514539,5904.2,die0,5925,5925,0.393613,-1,57.125,57.125,0
1786404514639,5904.2,die0,5922,5922,0.393613,-1,57.125,57.125,0
1786404514739,5904.2,die0,5920,5920,0.393613,-1,57.125,57.125,0
1786404514839,5904.2,die0,5917,5917,0.393613,-1,57.125,57.125,0
1786404514939,5904.2,die0,5915,5915,0.393613,-1,57.125,57.125,0
1786404515039,5892.91,die0,5913,5913,0.392861,-1,57.25,57.25,0
1786404515139,5892.91,die0,5911,5911,0.392861,-1,57.25,57.25,0
1786404515239,5892.91,die0,5909,5909,0.392861,-1,57.25,57.25,0
1786404515339,5892.91,die0,5907,5907,0.392861,-1,57.25,57.25,0
1786404515439,5892.91,die0,5905,5905,0.392861,-1,57.25,57.25,0
1786404515539,5892.91,die0,5904,5904,0.392861,-1,57.25,57.25,0
1786404515639,5892.91,die0,5902,5902,0.392861,-1,57.25,57.25,0
1786404515739,5892.91,die0,5901,5901,0.392861,-1,57.25,57.25,0
1786404515839,5892.91,die0,5900,5900,0.392861,-1,57.25,57.25,0
1786404515939,5892.91,die0,5899,5899,0.392861,-1,57.25,57.25,0
1786404516039,5882.25,die0,5894,5894,0.39215,-1,57.375,57.375,0
1786404516139,5882.25,die0,5889,5889,0.39215,-1,57.375,57.375,0
1786404516239,5882.25,die0,5885,5885,0.39215,-1,57.375,57.375,0
1786404516339,5882.25,die0,5881,5881,0.39215,-1,57.375,57.375,0
1786404516439,5882.25,die0,5877,5877,0.39215,-1,57.375,57.375,0
1786404516539,5882.25,die0,5873,5873,0.39215,-1,57.375,57.375,0
1786404516639,5882.25,die0,5870,5870,0.39215,-1,57.375,57.375,0
1786404516739,5882.25,die0,5867,5867,0.39215,-1,57.375,57.375,0
1786404516839,5882.25,die0,5864,5864,0.39215,-1,57.375,57.375,0
1786404516939,5882.25,die0,5861,5861,0.39215,-1,57.375,57.375,0
1786404517039,5872.21,die0,5859,5859,0.391481,-1,57.5,57.5,0
1786404517139,5872.21,die0,5856,5856,0.391481,-1,57.5,57.5,0
1786404517239,5872.21,die0,5854,5854,0.391481,-1,57.5,57.5,0
1786404517339,5872.21,die0,5852,5852,0.391481,-1,57.5,57.5,0
1786404517439,5872.21,die0,5850,5850,0.391481,-1,57.5,57.5,0
1786404517539,5872.21,die0,5848,5848,0.391481,-1,57.5,57.5,0
1786404517639,5872.21,die0,5847,5847,0.391481,-1,57.5,57.5,0
1786404517739,5872.21,die0,5845,5845,0.391481,-1,57.5,57.5,0
1786404517839,5872.21,die0,5844,5844,0.391481,-1,57.5,57.5,0
1786404517939,5872.21,die0,5842,5842,0.391481,-1,57.5,57.5,0
1786404518039,5806.48,die0,5837,5837,0.387098,-1,57.375,57.375,0
1786404518139,5806.48,die0,5832,5832,0.387098,-1,57.375,57.375,0
1786404518239,5806.48,die0,5828,5828,0.387098,-1,57.375,57.375,0
1786404518339,5806.48,die0,5824,5824,0.387098,-1,57.375,57.375,0
1786404518439,5806.48,die0,5820,5820,0.387098,-1,57.375,57.375,0
1786404518539,5806.48,die0,5816,5816,0.387098,-1,57.375,57.375,0
1786404518639,5806.48,die0,5813,5813,0.387098,-1,57.375,57.375,0
1786404518739,5806.48,die0,5809,5809,0.387098,-1,57.375,57.375,0
1786404518839,5806.48,die0,5806,5806,0.387098,-1,57.375,57.375,0
1786404518939,5806.48,die0,5804,5804,0.387098,-1,57.375,57.375,0
1786404519039,5810.52,die0,5801,5801,0.387368,-1,57.5625,57.5625,0
1786404519139,5810.52,die0,5799,5799,0.387368,-1,57.5625,57.5625,0
1786404519239,5810.52,die0,5796,5796,0.387368,-1,57.5625,57.5625,0
1786404519339,5810.52,die0,5794,5794,0.387368,-1,57.5625,57.5625,0
1786404519439,5810.52,die0,5792,5792,0.387368,-1,57.5625,57.5625,0
1786404519539,5810.52,die0,5790,5790,0.387368,-1,57.5625,57.5625,0
1786404519639,5810.52,die0,5789,5789,0.387368,-1,57.5625,57.5625,0
1786404519739,5810.52,die0,5787,5787,0.387368,-1,57.5625,57.5625,0
1786404519839,5810.52,die0,5786,5786,0.387368,-1,57.5625,57.5625,0
1786404519939,5810.52,die0,5784,5784,0.387368,-1,57.5625,57.5625,0
1786404520039,5787.34,die0,5783,5783,0.385823,-1,57.625,57.625,0
1786404520139,5787.34,die0,5782,5782,0.385823,-1,57.625,57.625,0
1786404520239,5787.34,die0,5781,5781,0.385823,-1,57.625,57.625,0
1786404520339,5787.34,die0,5780,5780,0.385823,-1,57.625,57.625,0
1786404520439,5787.34,die0,5779,5779,0.385823,-1,57.625,57.625,0
1786404520539,5787.34,die0,5778,5778,0.385823,-1,57.625,57.625,0
1786404520639,5787.34,die0,5777,5777,0.385823,-1,57.625,57.625,0
1786404520739,5787.34,die0,5776,5776,0.385823,-1,57.625,57.625,0
1786404520839,5787.34,die0,5775,5775,0.385823,-1,57.625,57.625,0
1786404520939,5787.34,die0,5775,5775,0.385823,-1,57.625,57.625,0
1786404521039,5764.48,die0,5770,5770,0.384299,-1,57.6875,57.6875,0
1786404521139,5764.48,die0,5766,5766,0.384299,-1,57.6875,57.6875,0
1786404521239,5764.48,die0,5762,5762,0.384299,-1,57.6875,57.6875,0
1786404521339,5764.48,die0,5758,5758,0.384299,-1,57.6875,57.6875,0
1786404521439,5764.48,die0,5754,5754,0.384299,-1,57.6875,57.6875,0
1786404521539,5764.48,die0,5751,5751,0.384299,-1,57.6875,57.6875,0
1786404521639,5764.48,die0,5748,5748,0.384299,-1,57.6875,57.6875,0
1786404521739,5764.48,die0,5745,5745,0.384299,-1,57.6875,57.6875,0
1786404521839,5764.48,die0,5743,5743,0.384299,-1,57.6875,57.6875,0
1786404521939,5764.48,die0,5740,5740,0.384299,-1,57.6875,57.6875,0
1786404522039,5741.93,die0,5738,5738,0.382795,-1,57.75,57.75,0
1786404522139,5741.93,die0,5736,5736,0.382795,-1,57.75,57.75,0
1786404522239,5741.93,die0,5734,5734,0.382795,-1,57.75,57.75,0
1786404522339,5741.93,die0,5732,5732,0.382795,-1,57.75,57.75,0
1786404522439,5741.93,die0,5730,5730,0.382795,-1,57.75,57.75,0
1786404522539,5741.93,die0,5729,5729,0.382795,-1,57.75,57.75,0
1786404522639,5741.93,die0,5727,5727,0.382795,-1,57.75,57.75,0
1786404522739,5741.93,die0,5726,5726,0.382795,-1,57.75,57.75,0
1786404522839,5741.93,die0,5724,5724,0.382795,-1,57.75,57.75,0
1786404522939,5741.93,die0,5723,5723,0.382795,-1,57.75,57.75,0
1786404523039,5733.77,die0,5722,5722,0.382251,-1,57.875,57.875,0
1786404523139,5733.77,die0,5721,5721,0.382251,-1,57.875,57.875,0
1786404523239,5733.77,die0,5720,5720,0.382251,-1,57.875,57.875,0
1786404523339,5733.77,die0,5719,5719,0.382251,-1,57.875,57.875,0
1786404523439,5733.77,die0,5718,5718,0.382251,-1,57.875,57.875,0
1786404523539,5733.77,die0,5717,5717,0.382251,-1,57.875,57.875,0
1786404523639,5733.77,die0,5717,5717,0.382251,-1,57.875,57.875,0
1786404523739,5733.77,die0,5716,5716,0.382251,-1,57.875,57.875,0
1786404523839,5733.77,die0,5715,5715,0.382251,-1,57.875,57.875,0
1786404523939,5733.77,die0,5715,5715,0.382251,-1,57.875,57.875,0
1786404524039,5726.24,die0,5714,5714,0.381749,-1,58,58,0
1786404524139,5726.24,die0,5713,5713,0.381749,-1,58,58,0
1786404524239,5726.24,die0,5713,5713,0.381749,-1,58,58,0
1786404524339,5726.24,die0,5712,5712,0.381749,-1,58,58,0
1786404524439,5726.24,die0,5712,5712,0.381749,-1,58,58,0
1786404524539,5726.24,die0,5712,5712,0.381749,-1,58,58,0
1786404524639,5726.24,die0,5711,5711,0.381749,-1,58,58,0
1786404524739,5726.24,die0,5711,5711,0.381749,-1,58,58,0
1786404524839,5726.24,die0,5711,5711,0.381749,-1,58,58,0
1786404524939,5726.24,die0,5710,5710,0.381749,-1,58,58,0
1786404525039,5719.33,die0,5710,5710,0.381289,-1,58.125,58.125,0
1786404525139,5719.33,die0,5710,5710,0.381289,-1,58.125,58.125,0
1786404525239,5719.33,die0,5709,5709,0.381289,-1,58.125,58.125,0
1786404525339,5719.33,die0,5709,5709,0.381289,-1,58.125,58.125,0
1786404525439,5719.33,die0,5709,5709,0.381289,-1,58.125,58.125,0
1786404525539,5719.33,die0,5709,5709,0.381289,-1,58.125,58.125,0
1786404525639,5719.33,die0,5709,5709,0.381289,-1,58.125,58.125,0
1786404525739,5719.33,die0,5708,5708,0.381289,-1,58.125,58.125,0
1786404525839,5719.33,die0,5708,5708,0.381289,-1,58.125,58.125,0
1786404525939,5719.33,die0,5708,5708,0.381289,-1,58.125,58.125,0
1786404526039,5670.81,die0,5704,5704,0.378054,-1,58.0625,58.0625,0
1786404526139,5670.81,die0,5700,5700,0.378054,-1,58.0625,58.0625,0
1786404526239,5670.81,die0,5697,5697,0.378054,-1,58.0625,58.0625,0
1786404526339,5670.81,die0,5693,5693,0.378054,-1,58.0625,58.0625,0
1786404526439,5670.81,die0,5690,5690,0.378054,-1,58.0625,58.0625,0
1786404526539,5670.81,die0,5687,5687,0.378054,-1,58.0625,58.0625,0
1786404526639,5670.81,die0,5685,5685,0.378054,-1,58.0625,58.0625,0
1786404526739,5670.81,die0,5682,5682,0.378054,-1,58.0625,58.0625,0
1786404526839,5670.81,die0,5680,5680,0.378054,-1,58.0625,58.0625,0
1786404526939,5670.81,die0,5678,5678,0.378054,-1,58.0625,58.0625,0
1786404527039,5650.14,die0,5676,5676,0.376676,-1,58.125,58.125,0
1786404527139,5650.14,die0,5674,5674,0.376676,-1,58.125,58.125,0
1786404527239,5650.14,die0,5672,5672,0.376676,-1,58.125,58.125,0
1786404527339,5650.14,die0,5670,5670,0.376676,-1,58.125,58.125,0
1786404527439,5650.14,die0,5669,5669,0.376676,-1,58.125,58.125,0
1786404527539,5650.14,die0,5667,5667,0.376676,-1,58.125,58.125,0
1786404527639,5650.14,die0,5666,5666,0.376676,-1,58.125,58.125,0
1786404527739,5650.14,die0,5665,5665,0.376676,-1,58.125,58.125,0
1786404527839,5650.14,die0,5664,5664,0.376676,-1,58.125,58.125,0
1786404527939,5650.14,die0,5662,5662,0.376676,-1,58.125,58.125,0
1786404528039,5643.86,die0,5657,5657,0.376257,-1,58.25,58.25,0
1786404528139,5643.86,die0,5653,5653,0.376257,-1,58.25,58.25,0
1786404528239,5643.86,die0,5649,5649,0.376257,-1,58.25,58.25,0
1786404528339,5643.86,die0,5645,5645,0.376257,-1,58.25,58.25,0
1786404528439,5643.86,die0,5641,5641,0.376257,-1,58.25,58.25,0
1786404528539,5643.86,die0,5637,5637,0.376257,-1,58.25,58.25,0
1786404528639,5643.86,die0,5634,5634,0.376257,-1,58.25,58.25,0
1786404528739,5643.86,die0,5631,5631,0.376257,-1,58.25,58.25,0
1786404528839,5643.86,die0,5628,5628,0.376257,-1,58.25,58.25,0
1786404528939,5643.86,die0,5625,5625,0.376257,-1,58.25,58.25,0
1786404529039,5638.21,die0,5623,5623,0.37588,-1,58.375,58.375,0
1786404529139,5638.21,die0,5621,5621,0.37588,-1,58.375,58.375,0
1786404529239,5638.21,die0,5618,5618,0.37588,-1,58.375,58.375,0
1786404529339,5638.21,die0,5616,5616,0.37588,-1,58.375,58.375,0
1786404529439,5638.21,die0,5615,5615,0.37588,-1,58.375,58.375,0
1786404529539,5638.21,die0,5613,5613,0.37588,-1,58.375,58.375,0
1786404529639,5638.21,die0,5611,5611,0.37588,-1,58.375,58.375,0
1786404529739,5638.21,die0,5610,5610,0.37588,-1,58.375,58.375,0
1786404529839,5638.21,die0,5608,5608,0.37588,-1,58.375,58.375,0
1786404529939,5638.21,die0,5607,5607,0.37588,-1,58.375,58.375,0
1786404530039,5590.94,die0,5606,5606,0.372729,-1,58.3125,58.3125,0
1786404530139,5590.94,die0,5604,5604,0.372729,-1,58.3125,58.3125,0
1786404530239,5590.94,die0,5603,5603,0.372729,-1,58.3125,58.3125,0
1786404530339,5590.94,die0,5602,5602,0.372729,-1,58.3125,58.3125,0
1786404530439,5590.94,die0,5601,5601,0.372729,-1,58.3125,58.3125,0
1786404530539,5590.94,die0,5601,5601,0.372729,-1,58.3125,58.3125,0
1786404530639,5590.94,die0,5600,5600,0.372729,-1,58.3125,58.3125,0
1786404530739,5590.94,die0,5599,5599,0.372729,-1,58.3125,58.3125,0
1786404530839,5590.94,die0,5598,5598,0.372729,-1,58.3125,58.3125,0
1786404530939,5590.94,die0,5598,5598,0.372729,-1,58.3125,58.3125,0
1786404531039,5613.76,die0,5597,5597,0.37425,-1,58.5625,58.5625,0
1786404531139,5613.76,die0,5596,5596,0.37425,-1,58.5625,58.5625,0
1786404531239,5613.76,die0,5596,5596,0.37425,-1,58.5625,58.5625,0
1786404531339,5613.76,die0,5595,5595,0.37425,-1,58.5625,58.5625,0
1786404531439,5613.76,die0,5595,5595,0.37425,-1,58.5625,58.5625,0
1786404531539,5613.76,die0,5594,5594,0.37425,-1,58.5625,58.5625,0
1786404531639,5613.76,die0,5594,5594,0.37425,-1,58.5625,58.5625,0
1786404531739,5613.76,die0,5594,5594,0.37425,-1,58.5625,58.5625,0
1786404531839,5613.76,die0,5593,5593,0.37425,-1,58.5625,58.5625,0
1786404531939,5613.76,die0,5593,5593,0.37425,-1,58.5625,58.5625,0
1786404532039,5567.43,die0,5589,5589,0.371162,-1,58.5,58.5,0
1786404532139,5567.43,die0,5585,5585,0.371162,-1,58.5,58.5,0
1786404532239,5567.43,die0,5581,5581,0.371162,-1,58.5,58.5,0
1786404532339,5567.43,die0,5578,5578,0.371162,-1,58.5,58.5,0
1786404532439,5567.43,die0,5574,5574,0.371162,-1,58.5,58.5,0
1786404532539,5567.43,die0,5571,5571,0.371162,-1,58.5,58.5,0
1786404532639,5567.43,die0,5569,5569,0.371162,-1,58.5,58.5,0
1786404532739,5567.43,die0,5566,5566,0.371162,-1,58.5,58.5,0
1786404532839,5567.43,die0,5564,5564,0.371162,-1,58.5,58.5,0
1786404532939,5567.43,die0,5561,5561,0.371162,-1,58.5,58.5,0
1786404533039,5548.95,die0,5559,5559,0.36993,-1,58.5625,58.5625,0
1786404533139,5548.95,die0,5557,5557,0.36993,-1,58.5625,58.5625,0
1786404533239,5548.95,die0,5555,5555,0.36993,-1,58.5625,58.5625,0
1786404533339,5548.95,die0,5554,5554,0.36993,-1,58.5625,58.5625,0
1786404533439,5548.95,die0,5552,5552,0.36993,-1,58.5625,58.5625,0
1786404533539,5548.95,die0,5550,5550,0.36993,-1,58.5625,58.5625,0
1786404533639,5548.95,die0,5549,5549,0.36993,-1,58.5625,58.5625,0
1786404533739,5548.95,die0,5548,5548,0.36993,-1,58.5625,58.5625,0
1786404533839,5548.95,die0,5547,5547,0.36993,-1,58.5625,58.5625,0
1786404533939,5548.95,die0,5545,5545,0.36993,-1,58.5625,58.5625,0
1786404534039,5530.78,die0,5544,5544,0.368719,-1,58.625,58.625,0
1786404534139,5530.78,die0,5543,5543,0.368719,-1,58.625,58.625,0
1786404534239,5530.78,die0,5542,5542,0.368719,-1,58.625,58.625,0
1786404534339,5530.78,die0,5542,5542,0.368719,-1,58.625,58.625,0
1786404534439,5530.78,die0,5541,5541,0.368719,-1,58.625,58.625,0
1786404534539,5530.78,die0,5540,5540,0.368719,-1,58.625,58.625,0
1786404534639,5530.78,die0,5539,5539,0.368719,-1,58.625,58.625,0
1786404534739,5530.78,die0,5539,5539,0.368719,-1,58.625,58.625,0
1786404534839,5530.78,die0,5538,5538,0.368719,-1,58.625,58.625,0
1786404534939,5530.78,die0,5537,5537,0.368719,-1,58.625,58.625,0
1786404535039,5527,die0,5533,5533,0.368467,-1,58.75,58.75,0
1786404535139,5527,die0,5529,5529,0.368467,-1,58.75,58.75,0
1786404535239,5527,die0,5525,5525,0.368467,-1,58.75,58.75,0
1786404535339,5527,die0,5521,5521,0.368467,-1,58.75,58.75,0
1786404535439,5527,die0,5518,5518,0.368467,-1,58.75,58.75,0
1786404535539,5527,die0,5515,5515,0.368467,-1,58.75,58.75,0
1786404535639,5527,die0,5512,5512,0.368467,-1,58.75,58.75,0
1786404535739,5527,die0,5509,5509,0.368467,-1,58.75,58.75,0
1786404535839,5527,die0,5507,5507,0.368467,-1,58.75,58.75,0
1786404535939,5527,die0,5504,5504,0.368467,-1,58.75,58.75,0
1786404536039,5495.69,die0,5502,5502,0.36638,-1,58.75,58.75,0
1786404536139,5495.69,die0,5500,5500,0.36638,-1,58.75,58.75,0
1786404536239,5495.69,die0,5498,5498,0.36638,-1,58.75,58.75,0
1786404536339,5495.69,die0,5496,5496,0.36638,-1,58.75,58.75,0
1786404536439,5495.69,die0,5494,5494,0.36638,-1,58.75,58.75,0
1786404536539,5495.69,die0,5493,5493,0.36638,-1,58.75,58.75,0
1786404536639,5495.69,die0,5491,5491,0.36638,-1,58.75,58.75,0
1786404536739,5495.69,die0,5490,5490,0.36638,-1,58.75,58.75,0
1786404536839,5495.69,die0,5489,5489,0.36638,-1,58.75,58.75,0
1786404536939,5495.69,die0,5487,5487,0.36638,-1,58.75,58.75,0
1786404537039,5506.63,die0,5486,5486,0.367108,-1,58.9375,58.9375,0
1786404537139,5506.63,die0,5485,5485,0.367108,-1,58.9375,58.9375,0
1786404537239,5506.63,die0,5484,5484,0.367108,-1,58.9375,58.9375,0
1786404537339,5506.63,die0,5483,5483,0.367108,-1,58.9375,58.9375,0
1786404537439,5506.63,die0,5482,5482,0.367108,-1,58.9375,58.9375,0
1786404537539,5506.63,die0,5482,5482,0.367108,-1,58.9375,58.9375,0
1786404537639,5506.63,die0,5481,5481,0.367108,-1,58.9375,58.9375,0
1786404537739,5506.63,die0,5480,5480,0.367108,-1,58.9375,58.9375,0
1786404537839,5506.63,die0,5480,5480,0.367108,-1,58.9375,58.9375,0
1786404537939,5506.63,die0,5479,5479,0.367108,-1,58.9375,58.9375,0
1786404538039,5462.18,die0,5475,5475,0.364145,-1,58.875,58.875,0
1786404538139,5462.18,die0,5470,5470,0.364145,-1,58.875,58.875,0
1786404538239,5462.18,die0,5466,5466,0.364145,-1,58.875,58.875,0
1786404538339,5462.18,die0,5463,5463,0.364145,-1,58.875,58.875,0
1786404538439,5462.18,die0,5459,5459,0.364145,-1,58.875,58.875,0
1786404538539,5462.18,die0,5456,5456,0.364145,-1,58.875,58.875,0
1786404538639,5462.18,die0,5453,5453,0.364145,-1,58.875,58.875,0
1786404538739,5462.18,die0,5450,5450,0.364145,-1,58.875,58.875,0
1786404538839,5462.18,die0,5448,5448,0.364145,-1,58.875,58.875,0
1786404538939,5462.18,die0,5446,5446,0.364145,-1,58.875,58.875,0
1786404539039,5431.49,die0,5443,5443,0.362099,-1,58.875,58.875,0
1786404539139,5431.49,die0,5441,5441,0.362099,-1,58.875,58.875,0
1786404539239,5431.49,die0,5439,5439,0.362099,-1,58.875,58.875,0
1786404539339,5431.49,die0,5437,5437,0.362099,-1,58.875,58.875,0
1786404539439,5431.49,die0,5436,5436,0.362099,-1,58.875,58.875,0
1786404539539,5431.49,die0,5434,5434,0.362099,-1,58.875,58.875,0
1786404539639,5431.49,die0,5433,5433,0.362099,-1,58.875,58.875,0
1786404539739,5431.49,die0,5431,5431,0.362099,-1,58.875,58.875,0
1786404539839,5431.49,die0,5430,5430,0.362099,-1,58.875,58.875,0
1786404539939,5431.49,die0,5429,5429,0.362099,-1,58.875,58.875,0
1786404540039,5428.97,die0,5428,5428,0.361931,-1,59,59,0
1786404540139,5428.97,die0,5427,5427,0.361931,-1,59,59,0
1786404540239,5428.97,die0,5426,5426,0.361931,-1,59,59,0
1786404540339,5428.97,die0,5425,5425,0.361931,-1,59,59,0
1786404540439,5428.97,die0,5424,5424,0.361931,-1,59,59,0
1786404540539,5428.97,die0,5423,5423,0.361931,-1,59,59,0
1786404540639,5428.97,die0,5422,5422,0.361931,-1,59,59,0
1786404540739,5428.97,die0,5422,5422,0.361931,-1,59,59,0
1786404540839,5428.97,die0,5421,5421,0.361931,-1,59,59,0
1786404540939,5428.97,die0,5420,5420,0.361931,-1,59,59,0
1786404541039,5412.99,die0,5420,5420,0.360866,-1,59.0625,59.0625,0
1786404541139,5412.99,die0,5419,5419,0.360866,-1,59.0625,59.0625,0
1786404541239,5412.99,die0,5419,5419,0.360866,-1,59.0625,59.0625,0
1786404541339,5412.99,die0,5418,5418,0.360866,-1,59.0625,59.0625,0
1786404541439,5412.99,die0,5418,5418,0.360866,-1,59.0625,59.0625,0
1786404541539,5412.99,die0,5417,5417,0.360866,-1,59.0625,59.0625,0
1786404541639,5412.99,die0,5417,5417,0.360866,-1,59.0625,59.0625,0
1786404541739,5412.99,die0,5417,5417,0.360866,-1,59.0625,59.0625,0
1786404541839,5412.99,die0,5416,5416,0.360866,-1,59.0625,59.0625,0
1786404541939,5412.99,die0,5416,5416,0.360866,-1,59.0625,59.0625,0
1786404542039,5411.41,die0,5412,5412,0.360761,-1,59.1875,59.1875,0
1786404542139,5411.41,die0,5408,5408,0.360761,-1,59.1875,59.1875,0
1786404542239,5411.41,die0,5404,5404,0.360761,-1,59.1875,59.1875,0
1786404542339,5411.41,die0,5401,5401,0.360761,-1,59.1875,59.1875,0
1786404542439,5411.41,die0,5398,5398,0.360761,-1,59.1875,59.1875,0
1786404542539,5411.41,die0,5395,5395,0.360761,-1,59.1875,59.1875,0
1786404542639,5411.41,die0,5392,5392,0.360761,-1,59.1875,59.1875,0
1786404542739,5411.41,die0,5389,5389,0.360761,-1,59.1875,59.1875,0
1786404542839,5411.41,die0,5387,5387,0.360761,-1,59.1875,59.1875,0
1786404542939,5411.41,die0,5385,5385,0.360761,-1,59.1875,59.1875,0
1786404543039,5382.29,die0,5382,5382,0.358819,-1,59.1875,59.1875,0
1786404543139,5382.29,die0,5381,5381,0.358819,-1,59.1875,59.1875,0
1786404543239,5382.29,die0,5379,5379,0.358819,-1,59.1875,59.1875,0
1786404543339,5382.29,die0,5377,5377,0.358819,-1,59.1875,59.1875,0
1786404543439,5382.29,die0,5375,5375,0.358819,-1,59.1875,59.1875,0
1786404543539,5382.29,die0,5374,5374,0.358819,-1,59.1875,59.1875,0
1786404543639,5382.29,die0,5372,5372,0.358819,-1,59.1875,59.1875,0
1786404543739,5382.29,die0,5371,5371,0.358819,-1,59.1875,59.1875,0
1786404543839,5382.29,die0,5370,5370,0.358819,-1,59.1875,59.1875,0
1786404543939,5382.29,die0,5369,5369,0.358819,-1,59.1875,59.1875,0
1786404544039,5395.42,die0,5368,5368,0.359694,-1,59.375,59.375,0
1786404544139,5395.42,die0,5367,5367,0.359694,-1,59.375,59.375,0
1786404544239,5395.42,die0,5366,5366,0.359694,-1,59.375,59.375,0
1786404544339,5395.42,die0,5365,5365,0.359694,-1,59.375,59.375,0
1786404544439,5395.42,die0,5364,5364,0.359694,-1,59.375,59.375,0
1786404544539,5395.42,die0,5363,5363,0.359694,-1,59.375,59.375,0
1786404544639,5395.42,die0,5363,5363,0.359694,-1,59.375,59.375,0
1786404544739,5395.42,die0,5362,5362,0.359694,-1,59.375,59.375,0
1786404544839,5395.42,die0,5361,5361,0.359694,-1,59.375,59.375,0
1786404544939,5395.42,die0,5361,5361,0.359694,-1,59.375,59.375,0
1786404545039,5353.16,die0,5360,5360,0.356877,-1,59.3125,59.3125,0
1786404545139,5353.16,die0,5360,5360,0.356877,-1,59.3125,59.3125,0
1786404545239,5353.16,die0,5359,5359,0.356877,-1,59.3125,59.3125,0
1786404545339,5353.16,die0,5359,5359,0.356877,-1,59.3125,59.3125,0
1786404545439,5353.16,die0,5359,5359,0.356877,-1,59.3125,59.3125,0
1786404545539,5353.16,die0,5358,5358,0.356877,-1,59.3125,59.3125,0
1786404545639,5353.16,die0,5358,5358,0.356877,-1,59.3125,59.3125,0
1786404545739,5353.16,die0,5358,5358,0.356877,-1,59.3125,59.3125,0
1786404545839,5353.16,die0,5357,5357,0.356877,-1,59.3125,59.3125,0
1786404545939,5353.16,die0,5357,5357,0.356877,-1,59.3125,59.3125,0
1786404546039,5338.75,die0,5353,5353,0.355916,-1,59.375,59.375,0
1786404546139,5338.75,die0,5349,5349,0.355916,-1,59.375,59.375,0
1786404546239,5338.75,die0,5345,5345,0.355916,-1,59.375,59.375,0
1786404546339,5338.75,die0,5342,5342,0.355916,-1,59.375,59.375,0
1786404546439,5338.75,die0,5339,5339,0.355916,-1,59.375,59.375,0
1786404546539,5338.75,die0,5336,5336,0.355916,-1,59.375,59.375,0
1786404546639,5338.75,die0,5333,5333,0.355916,-1,59.375,59.375,0
1786404546739,5338.75,die0,5330,5330,0.355916,-1,59.375,59.375,0
1786404546839,5338.75,die0,5328,5328,0.355916,-1,59.375,59.375,0
1786404546939,5338.75,die0,5326,5326,0.355916,-1,59.375,59.375,0
1786404547039,5324.65,die0,5324,5324,0.354977,-1,59.4375,59.4375,0
1786404547139,5324.65,die0,5322,5322,0.354977,-1,59.4375,59.4375,0
1786404547239,5324.65,die0,5320,5320,0.354977,-1,59.4375,59.4375,0
1786404547339,5324.65,die0,5318,5318,0.354977,-1,59.4375,59.4375,0
1786404547439,5324.65,die0,5316,5316,0.354977,-1,59.4375,59.4375,0
1786404547539,5324.65,die0,5315,5315,0.354977,-1,59.4375,59.4375,0
1786404547639,5324.65,die0,5314,5314,0.354977,-1,59.4375,59.4375,0
1786404547739,5324.65,die0,5312,5312,0.354977,-1,59.4375,59.4375,0
1786404547839,5324.65,die0,5311,5311,0.354977,-1,59.4375,59.4375,0
1786404547939,5324.65,die0,5310,5310,0.354977,-1,59.4375,59.4375,0
1786404548039,5310.86,die0,5309,5309,0.354058,-1,59.5,59.5,0
1786404548139,5310.86,die0,5308,5308,0.354058,-1,59.5,59.5,0
1786404548239,5310.86,die0,5307,5307,0.354058,-1,59.5,59.5,0
1786404548339,5310.86,die0,5306,5306,0.354058,-1,59.5,59.5,0
1786404548439,5310.86,die0,5305,5305,0.354058,-1,59.5,59.5,0
1786404548539,5310.86,die0,5305,5305,0.354058,-1,59.5,59.5,0
1786404548639,5310.86,die0,5304,5304,0.354058,-1,59.5,59.5,0
1786404548739,5310.86,die0,5303,5303,0.354058,-1,59.5,59.5,0
1786404548839,5310.86,die0,5303,5303,0.354058,-1,59.5,59.5,0
1786404548939,5310.86,die0,5302,5302,0.354058,-1,59.5,59.5,0
1786404549039,5297.39,die0,5302,5302,0.353159,-1,59.5625,59.5625,0
1786404549139,5297.39,die0,5301,5301,0.353159,-1,59.5625,59.5625,0
1786404549239,5297.39,die0,5301,5301,0.353159,-1,59.5625,59.5625,0
1786404549339,5297.39,die0,5300,5300,0.353159,-1,59.5625,59.5625,0
1786404549439,5297.39,die0,5300,5300,0.353159,-1,59.5625,59.5625,0
1786404549539,5297.39,die0,5299,5299,0.353159,-1,59.5625,59.5625,0
1786404549639,5297.39,die0,5299,5299,0.353159,-1,59.5625,59.5625,0
1786404549739,5297.39,die0,5299,5299,0.353159,-1,59.5625,59.5625,0
1786404549839,5297.39,die0,5298,5298,0.353159,-1,59.5625,59.5625,0
1786404549939,5297.39,die0,5298,5298,0.353159,-1,59.5625,59.5625,0
1786404550039,5270.15,die0,5294,5294,0.351343,-1,59.5625,59.5625,0
1786404550139,5270.15,die0,5290,5290,0.351343,-1,59.5625,59.5625,0
1786404550239,5270.15,die0,5286,5286,0.351343,-1,59.5625,59.5625,0
1786404550339,5270.15,die0,5283,5283,0.351343,-1,59.5625,59.5625,0
1786404550439,5270.15,die0,5280,5280,0.351343,-1,59.5625,59.5625,0
1786404550539,5270.15,die0,5277,5277,0.351343,-1,59.5625,59.5625,0
1786404550639,5270.15,die0,5274,5274,0.351343,-1,59.5625,59.5625,0
1786404550739,5270.15,die0,5271,5271,0.351343,-1,59.5625,59.5625,0
1786404550839,5270.15,die0,5269,5269,0.351343,-1,59.5625,59.5625,0
1786404550939,5270.15,die0,5267,5267,0.351343,-1,59.5625,59.5625,0
1786404551039,5285.15,die0,5265,5265,0.352344,-1,59.75,59.75,0
1786404551139,5285.15,die0,5263,5263,0.352344,-1,59.75,59.75,0
1786404551239,5285.15,die0,5261,5261,0.352344,-1,59.75,59.75,0
1786404551339,5285.15,die0,5259,5259,0.352344,-1,59.75,59.75,0
1786404551439,5285.15,die0,5258,5258,0.352344,-1,59.75,59.75,0
1786404551539,5285.15,die0,5256,5256,0.352344,-1,59.75,59.75,0
1786404551639,5285.15,die0,5255,5255,0.352344,-1,59.75,59.75,0
1786404551739,5285.15,die0,5253,5253,0.352344,-1,59.75,59.75,0
1786404551839,5285.15,die0,5252,5252,0.352344,-1,59.75,59.75,0
1786404551939,5285.15,die0,5251,5251,0.352344,-1,59.75,59.75,0
1786404552039,5244.77,die0,5250,5250,0.349652,-1,59.6875,59.6875,0
1786404552139,5244.77,die0,5249,5249,0.349652,-1,59.6875,59.6875,0
1786404552239,5244.77,die0,5248,5248,0.349652,-1,59.6875,59.6875,0
1786404552339,5244.77,die0,5247,5247,0.349652,-1,59.6875,59.6875,0
1786404552439,5244.77,die0,5246,5246,0.349652,-1,59.6875,59.6875,0
1786404552539,5244.77,die0,5246,5246,0.349652,-1,59.6875,59.6875,0
1786404552639,5244.77,die0,5245,5245,0.349652,-1,59.6875,59.6875,0
1786404552739,5244.77,die0,5244,5244,0.349652,-1,59.6875,59.6875,0
1786404552839,5244.77,die0,5244,5244,0.349652,-1,59.6875,59.6875,0
1786404552939,5244.77,die0,5243,5243,0.349652,-1,59.6875,59.6875,0
1786404553039,5260.4,die0,5243,5243,0.350693,-1,59.875,59.875,0
1786404553139,5260.4,die0,5242,5242,0.350693,-1,59.875,59.875,0
1786404553239,5260.4,die0,5242,5242,0.350693,-1,59.875,59.875,0
1786404553339,5260.4,die0,5241,5241,0.350693,-1,59.875,59.875,0
1786404553439,5260.4,die0,5241,5241,0.350693,-1,59.875,59.875,0
1786404553539,5260.4,die0,5241,5241,0.350693,-1,59.875,59.875,0
1786404553639,5260.4,die0,5240,5240,0.350693,-1,59.875,59.875,0
1786404553739,5260.4,die0,5240,5240,0.350693,-1,59.875,59.875,0
1786404553839,5260.4,die0,5240,5240,0.350693,-1,59.875,59.875,0
1786404553939,5260.4,die0,5239,5239,0.350693,-1,59.875,59.875,0
1786404554039,5248.81,die0,5239,5239,0.349921,-1,59.9375,59.9375,0
1786404554139,5248.81,die0,5239,5239,0.349921,-1,59.9375,59.9375,0
1786404554239,5248.81,die0,5239,5239,0.349921,-1,59.9375,59.9375,0
1786404554339,5248.81,die0,5238,5238,0.349921,-1,59.9375,59.9375,0
1786404554439,5248.81,die0,5238,5238,0.349921,-1,59.9375,59.9375,0
1786404554539,5248.81,die0,5238,5238,0.349921,-1,59.9375,59.9375,0
1786404554639,5248.81,die0,5238,5238,0.349921,-1,59.9375,59.9375,0
1786404554739,5248.81,die0,5238,5238,0.349921,-1,59.9375,59.9375,0
1786404554839,5248.81,die0,5237,5237,0.349921,-1,59.9375,59.9375,0
1786404554939,5248.81,die0,5237,5237,0.349921,-1,59.9375,59.9375,0
1786404555039,5223.45,die0,5233,5233,0.34823,-1,59.9375,59.9375,0
1786404555139,5223.45,die0,5229,5229,0.34823,-1,59.9375,59.9375,0
1786404555239,5223.45,die0,5226,5226,0.34823,-1,59.9375,59.9375,0
1786404555339,5223.45,die0,5223,5223,0.34823,-1,59.9375,59.9375,0
1786404555439,5223.45,die0,5220,5220,0.34823,-1,59.9375,59.9375,0
1786404555539,5223.45,die0,5217,5217,0.34823,-1,59.9375,59.9375,0
1786404555639,5223.45,die0,5214,5214,0.34823,-1,59.9375,59.9375,0
1786404555739,5223.45,die0,5211,5211,0.34823,-1,59.9375,59.9375,0
1786404555839,5223.45,die0,5209,5209,0.34823,-1,59.9375,59.9375,0
1786404555939,5223.45,die0,5207,5207,0.34823,-1,59.9375,59.9375,0
1786404556039,5212.17,die0,5205,5205,0.347478,-1,60,60,0
1786404556139,5212.17,die0,5203,5203,0.347478,-1,60,60,0
1786404556239,5212.17,die0,5201,5201,0.347478,-1,60,60,0
1786404556339,5212.17,die0,5200,5200,0.347478,-1,60,60,0
1786404556439,5212.17,die0,5198,5198,0.347478,-1,60,60,0
1786404556539,5212.17,die0,5197,5197,0.347478,-1,60,60,0
1786404556639,5212.17,die0,5195,5195,0.347478,-1,60,60,0
1786404556739,5212.17,die0,5194,5194,0.347478,-1,60,60,0
1786404556839,5212.17,die0,5193,5193,0.347478,-1,60,60,0
1786404556939,5212.17,die0,5192,5192,0.347478,-1,60,60,0
1786404557039,5215.28,die0,5191,5191,0.347685,-1,60.125,60.125,0
1786404557139,5215.28,die0,5190,5190,0.347685,-1,60.125,60.125,0
1786404557239,5215.28,die0,5189,5189,0.347685,-1,60.125,60.125,0
1786404557339,5215.28,die0,5188,5188,0.347685,-1,60.125,60.125,0
1786404557439,5215.28,die0,5187,5187,0.347685,-1,60.125,60.125,0
1786404557539,5215.28,die0,5187,5187,0.347685,-1,60.125,60.125,0
1786404557639,5215.28,die0,5186,5186,0.347685,-1,60.125,60.125,0
1786404557739,5215.28,die0,5185,5185,0.347685,-1,60.125,60.125,0
1786404557839,5215.28,die0,5185,5185,0.347685,-1,60.125,60.125,0
1786404557939,5215.28,die0,5184,5184,0.347685,-1,60.125,60.125,0
1786404558039,5176.78,die0,5184,5184,0.345119,-1,60.0625,60.0625,0
1786404558139,5176.78,die0,5183,5183,0.345119,-1,60.0625,60.0625,0
1786404558239,5176.78,die0,5183,5183,0.345119,-1,60.0625,60.0625,0
1786404558339,5176.78,die0,5182,5182,0.345119,-1,60.0625,60.0625,0
1786404558439,5176.78,die0,5182,5182,0.345119,-1,60.0625,60.0625,0
1786404558539,5176.78,die0,5182,5182,0.345119,-1,60.0625,60.0625,0
1786404558639,5176.78,die0,5181,5181,0.345119,-1,60.0625,60.0625,0
1786404558739,5176.78,die0,5181,5181,0.345119,-1,60.0625,60.0625,0
1786404558839,5176.78,die0,5181,5181,0.345119,-1,60.0625,60.0625,0
1786404558939,5176.78,die0,5180,5180,0.345119,-1,60.0625,60.0625,0
1786404559039,5180.21,die0,5180,5180,0.345347,-1,60.1875,60.1875,0
1786404559139,5180.21,die0,5180,5180,0.345347,-1,60.1875,60.1875,0
1786404559239,5180.21,die0,5180,5180,0.345347,-1,60.1875,60.1875,0
1786404559339,5180.21,die0,5179,5179,0.345347,-1,60.1875,60.1875,0
1786404559439,5180.21,die0,5179,5179,0.345347,-1,60.1875,60.1875,0
1786404559539,5180.21,die0,5179,5179,0.345347,-1,60.1875,60.1875,0
1786404559639,5180.21,die0,5179,5179,0.345347,-1,60.1875,60.1875,0
1786404559739,5180.21,die0,5179,5179,0.345347,-1,60.1875,60.1875,0
1786404559839,5180.21,die0,5179,5179,0.345347,-1,60.1875,60.1875,0
1786404559939,5180.21,die0,5178,5178,0.345347,-1,60.1875,60.1875,0
1786404560039,5156.1,die0,5174,5174,0.34374,-1,60.1875,60.1875,0
1786404560139,5156.1,die0,5171,5171,0.34374,-1,60.1875,60.1875,0
1786404560239,5156.1,die0,5167,5167,0.34374,-1,60.1875,60.1875,0
1786404560339,5156.1,die0,5164,5164,0.34374,-1,60.1875,60.1875,0
1786404560439,5156.1,die0,5161,5161,0.34374,-1,60.1875,60.1875,0
1786404560539,5156.1,die0,5158,5158,0.34374,-1,60.1875,60.1875,0
1786404560639,5156.1,die0,5155,5155,0.34374,-1,60.1875,60.1875,0
1786404560739,5156.1,die0,5153,5153,0.34374,-1,60.1875,60.1875,0
1786404560839,5156.1,die0,5150,5150,0.34374,-1,60.1875,60.1875,0
1786404560939,5156.1,die0,5148,5148,0.34374,-1,60.1875,60.1875,0
1786404561039,5146.07,die0,5146,5146,0.343071,-1,60.25,60.25,0
1786404561139,5146.07,die0,5144,5144,0.343071,-1,60.25,60.25,0
1786404561239,5146.07,die0,5142,5142,0.343071,-1,60.25,60.25,0
1786404561339,5146.07,die0,5141,5141,0.343071,-1,60.25,60.25,0
1786404561439,5146.07,die0,5139,5139,0.343071,-1,60.25,60.25,0
1786404561539,5146.07,die0,5138,5138,0.343071,-1,60.25,60.25,0
1786404561639,5146.07,die0,5136,5136,0.343071,-1,60.25,60.25,0
1786404561739,5146.07,die0,5135,5135,0.343071,-1,60.25,60.25,0
1786404561839,5146.07,die0,5134,5134,0.343071,-1,60.25,60.25,0
1786404561939,5146.07,die0,5133,5133,0.343071,-1,60.25,60.25,0
1786404562039,5150.44,die0,5132,5132,0.343362,-1,60.375,60.375,0
1786404562139,5150.44,die0,5131,5131,0.343362,-1,60.375,60.375,0
1786404562239,5150.44,die0,5130,5130,0.343362,-1,60.375,60.375,0
1786404562339,5150.44,die0,5129,5129,0.343362,-1,60.375,60.375,0
1786404562439,5150.44,die0,5128,5128,0.343362,-1,60.375,60.375,0
1786404562539,5150.44,die0,5128,5128,0.343362,-1,60.375,60.375,0
1786404562639,5150.44,die0,5127,5127,0.343362,-1,60.375,60.375,0
1786404562739,5150.44,die0,5126,5126,0.343362,-1,60.375,60.375,0
1786404562839,5150.44,die0,5126,5126,0.343362,-1,60.375,60.375,0
1786404562939,5150.44,die0,5125,5125,0.343362,-1,60.375,60.375,0
1786404563039,5127.27,die0,5125,5125,0.341818,-1,60.375,60.375,0
1786404563139,5127.27,die0,5124,5124,0.341818,-1,60.375,60.375,0
1786404563239,5127.27,die0,5124,5124,0.341818,-1,60.375,60.375,0
1786404563339,5127.27,die0,5123,5123,0.341818,-1,60.375,60.375,0
1786404563439,5127.27,die0,5123,5123,0.341818,-1,60.375,60.375,0
1786404563539,5127.27,die0,5123,5123,0.341818,-1,60.375,60.375,0
1786404563639,5127.27,die0,5122,5122,0.341818,-1,60.375,60.375,0
1786404563739,5127.27,die0,5122,5122,0.341818,-1,60.375,60.375,0
1786404563839,5127.27,die0,5122,5122,0.341818,-1,60.375,60.375,0
1786404563939,5127.27,die0,5121,5121,0.341818,-1,60.375,60.375,0
1786404564039,5132.26,die0,5121,5121,0.342151,-1,60.5,60.5,0
1786404564139,5132.26,die0,5121,5121,0.342151,-1,60.5,60.5,0
1786404564239,5132.26,die0,5121,5121,0.342151,-1,60.5,60.5,0
1786404564339,5132.26,die0,5121,5121,0.342151,-1,60.5,60.5,0
1786404564439,5132.26,die0,5120,5120,0.342151,-1,60.5,60.5,0
1786404564539,5132.26,die0,5120,5120,0.342151,-1,60.5,60.5,0
1786404564639,5132.26,die0,5120,5120,0.342151,-1,60.5,60.5,0
1786404564739,5132.26,die0,5120,5120,0.342151,-1,60.5,60.5,0
1786404564839,5132.26,die0,5120,5120,0.342151,-1,60.5,60.5,0
1786404564939,5132.26,die0,5120,5120,0.342151,-1,60.5,60.5,0
1786404565039,5123.8,die0,5119,5119,0.341586,-1,60.5625,60.5625,0
1786404565139,5123.8,die0,5119,5119,0.341586,-1,60.5625,60.5625,0
1786404565239,5123.8,die0,5119,5119,0.341586,-1,60.5625,60.5625,0
1786404565339,5123.8,die0,5119,5119,0.341586,-1,60.5625,60.5625,0
1786404565439,5123.8,die0,5119,5119,0.341586,-1,60.5625,60.5625,0
1786404565539,5123.8,die0,5119,5119,0.341586,-1,60.5625,60.5625,0
1786404565639,5123.8,die0,5119,5119,0.341586,-1,60.5625,60.5625,0
1786404565739,5123.8,die0,5119,5119,0.341586,-1,60.5625,60.5625,0
1786404565839,5123.8,die0,5119,5119,0.341586,-1,60.5625,60.5625,0
1786404565939,5123.8,die0,5119,5119,0.341586,-1,60.5625,60.5625,0
1786404566039,5087.49,die0,5115,5115,0.339166,-1,60.5,60.5,0
1786404566139,5087.49,die0,5111,5111,0.339166,-1,60.5,60.5,0
1786404566239,5087.49,die0,5107,5107,0.339166,-1,60.5,60.5,0
1786404566339,5087.49,die0,5104,5104,0.339166,-1,60.5,60.5,0
1786404566439,5087.49,die0,5101,5101,0.339166,-1,60.5,60.5,0
1786404566539,5087.49,die0,5098,5098,0.339166,-1,60.5,60.5,0
1786404566639,5087.49,die0,5096,5096,0.339166,-1,60.5,60.5,0
1786404566739,5087.49,die0,5093,5093,0.339166,-1,60.5,60.5,0
1786404566839,5087.49,die0,5091,5091,0.339166,-1,60.5,60.5,0
1786404566939,5087.49,die0,5089,5089,0.339166,-1,60.5,60.5,0
1786404567039,5079.02,die0,5087,5087,0.338602,-1,60.5625,60.5625,0
1786404567139,5079.02,die0,5085,5085,0.338602,-1,60.5625,60.5625,0
1786404567239,5079.02,die0,5083,5083,0.338602,-1,60.5625,60.5625,0
1786404567339,5079.02,die0,5082,5082,0.338602,-1,60.5625,60.5625,0
1786404567439,5079.02,die0,5080,5080,0.338602,-1,60.5625,60.5625,0
1786404567539,5079.02,die0,5079,5079,0.338602,-1,60.5625,60.5625,0
1786404567639,5079.02,die0,5077,5077,0.338602,-1,60.5625,60.5625,0
1786404567739,5079.02,die0,5076,5076,0.338602,-1,60.5625,60.5625,0
1786404567839,5079.02,die0,5075,5075,0.338602,-1,60.5625,60.5625,0
1786404567939,5079.02,die0,5074,5074,0.338602,-1,60.5625,60.5625,0
1786404568039,5084.95,die0,5073,5073,0.338997,-1,60.6875,60.6875,0
1786404568139,5084.95,die0,5072,5072,0.338997,-1,60.6875,60.6875,0
1786404568239,5084.95,die0,5071,5071,0.338997,-1,60.6875,60.6875,0
1786404568339,5084.95,die0,5070,5070,0.338997,-1,60.6875,60.6875,0
1786404568439,5084.95,die0,5069,5069,0.338997,-1,60.6875,60.6875,0
1786404568539,5084.95,die0,5069,5069,0.338997,-1,60.6875,60.6875,0
1786404568639,5084.95,die0,5068,5068,0.338997,-1,60.6875,60.6875,0
1786404568739,5084.95,die0,5067,5067,0.338997,-1,60.6875,60.6875,0
1786404568839,5084.95,die0,5067,5067,0.338997,-1,60.6875,60.6875,0
1786404568939,5084.95,die0,5066,5066,0.338997,-1,60.6875,60.6875,0
1786404569039,5049.27,die0,5062,5062,0.336618,-1,60.625,60.625,0
1786404569139,5049.27,die0,5058,5058,0.336618,-1,60.625,60.625,0
1786404569239,5049.27,die0,5054,5054,0.336618,-1,60.625,60.625,0
1786404569339,5049.27,die0,5050,5050,0.336618,-1,60.625,60.625,0
1786404569439,5049.27,die0,5047,5047,0.336618,-1,60.625,60.625,0
1786404569539,5049.27,die0,5044,5044,0.336618,-1,60.625,60.625,0
1786404569639,5049.27,die0,5041,5041,0.336618,-1,60.625,60.625,0
1786404569739,5049.27,die0,5038,5038,0.336618,-1,60.625,60.625,0
1786404569839,5049.27,die0,5036,5036,0.336618,-1,60.625,60.625,0
1786404569939,5049.27,die0,5033,5033,0.336618,-1,60.625,60.625,0
1786404570039,5069.6,die0,5035,5035,0.337973,-1,60.8125,60.8125,0
1786404570139,5069.6,die0,5037,5037,0.337973,-1,60.8125,60.8125,0
1786404570239,5069.6,die0,5038,5038,0.337973,-1,60.8125,60.8125,0
1786404570339,5069.6,die0,5039,5039,0.337973,-1,60.8125,60.8125,0
1786404570439,5069.6,die0,5041,5041,0.337973,-1,60.8125,60.8125,0
1786404570539,5069.6,die0,5042,5042,0.337973,-1,60.8125,60.8125,0
1786404570639,5069.6,die0,5043,5043,0.337973,-1,60.8125,60.8125,0
1786404570739,5069.6,die0,5044,5044,0.337973,-1,60.8125,60.8125,0
1786404570839,5069.6,die0,5045,5045,0.337973,-1,60.8125,60.8125,0
1786404570939,5069.6,die0,5046,5046,0.337973,-1,60.8125,60.8125,0
1786404571039,5034.54,die0,5043,5043,0.335636,-1,60.75,60.75,0
1786404571139,5034.54,die0,5040,5040,0.335636,-1,60.75,60.75,0
1786404571239,5034.54,die0,5037,5037,0.335636,-1,60.75,60.75,0
1786404571339,5034.54,die0,5035,5035,0.335636,-1,60.75,60.75,0
1786404571439,5034.54,die0,5033,5033,0.335636,-1,60.75,60.75,0
1786404571539,5034.54,die0,5030,5030,0.335636,-1,60.75,60.75,0
1786404571639,5034.54,die0,5028,5028,0.335636,-1,60.75,60.75,0
1786404571739,5034.54,die0,5026,5026,0.335636,-1,60.75,60.75,0
1786404571839,5034.54,die0,5025,5025,0.335636,-1,60.75,60.75,0
1786404571939,5034.54,die0,5023,5023,0.335636,-1,60.75,60.75,0
1786404572039,5027.33,die0,5022,5022,0.335155,-1,60.8125,60.8125,0
1786404572139,5027.33,die0,5020,5020,0.335155,-1,60.8125,60.8125,0
1786404572239,5027.33,die0,5019,5019,0.335155,-1,60.8125,60.8125,0
1786404572339,5027.33,die0,5018,5018,0.335155,-1,60.8125,60.8125,0
1786404572439,5027.33,die0,5016,5016,0.335155,-1,60.8125,60.8125,0
1786404572539,5027.33,die0,5015,5015,0.335155,-1,60.8125,60.8125,0
1786404572639,5027.33,die0,5014,5014,0.335155,-1,60.8125,60.8125,0
1786404572739,5027.33,die0,5013,5013,0.335155,-1,60.8125,60.8125,0
1786404572839,5027.33,die0,5012,5012,0.335155,-1,60.8125,60.8125,0
1786404572939,5027.33,die0,5012,5012,0.335155,-1,60.8125,60.8125,0
1786404573039,5020.43,die0,5011,5011,0.334695,-1,60.875,60.875,0
1786404573139,5020.43,die0,5010,5010,0.334695,-1,60.875,60.875,0
1786404573239,5020.43,die0,5009,5009,0.334695,-1,60.875,60.875,0
1786404573339,5020.43,die0,5009,5009,0.334695,-1,60.875,60.875,0
1786404573439,5020.43,die0,5008,5008,0.334695,-1,60.875,60.875,0
1786404573539,5020.43,die0,5008,5008,0.334695,-1,60.875,60.875,0
1786404573639,5020.43,die0,5007,5007,0.334695,-1,60.875,60.875,0
1786404573739,5020.43,die0,5007,5007,0.334695,-1,60.875,60.875,0
1786404573839,5020.43,die0,5006,5006,0.334695,-1,60.875,60.875,0
1786404573939,5020.43,die0,5006,5006,0.334695,-1,60.875,60.875,0
1786404574039,5013.85,die0,5005,5005,0.334256,-1,60.9375,60.9375,0
1786404574139,5013.85,die0,5005,5005,0.334256,-1,60.9375,60.9375,0
1786404574239,5013.85,die0,5005,5005,0.334256,-1,60.9375,60.9375,0
1786404574339,5013.85,die0,5004,5004,0.334256,-1,60.9375,60.9375,0
1786404574439,5013.85,die0,5004,5004,0.334256,-1,60.9375,60.9375,0
1786404574539,5013.85,die0,5004,5004,0.334256,-1,60.9375,60.9375,0
1786404574639,5013.85,die0,5004,5004,0.334256,-1,60.9375,60.9375,0
1786404574739,5013.85,die0,5003,5003,0.334256,-1,60.9375,60.9375,0
1786404574839,5013.85,die0,5003,5003,0.334256,-1,60.9375,60.9375,0
1786404574939,5013.85,die0,5003,5003,0.334256,-1,60.9375,60.9375,0
1786404575039,5007.58,die0,5003,5003,0.333838,-1,61,61,0
1786404575139,5007.58,die0,5003,5003,0.333838,-1,61,61,0
1786404575239,5007.58,die0,5002,5002,0.333838,-1,61,61,0
1786404575339,5007.58,die0,5002,5002,0.333838,-1,61,61,0
1786404575439,5007.58,die0,5002,5002,0.333838,-1,61,61,0
1786404575539,5007.58,die0,5002,5002,0.333838,-1,61,61,0
1786404575639,5007.58,die0,5002,5002,0.333838,-1,61,61,0
1786404575739,5007.58,die0,5002,5002,0.333838,-1,61,61,0
1786404575839,5007.58,die0,5002,5002,0.333838,-1,61,61,0
1786404575939,5007.58,die0,5001,5001,0.333838,-1,61,61,0
1786404576039,4987.54,die0,4997,4997,0.332503,-1,61,61,0
1786404576139,4987.54,die0,4994,4994,0.332503,-1,61,61,0
1786404576239,4987.54,die0,4990,4990,0.332503,-1,61,61,0
1786404576339,4987.54,die0,4987,4987,0.332503,-1,61,61,0
1786404576439,4987.54,die0,4984,4984,0.332503,-1,61,61,0
1786404576539,4987.54,die0,4981,4981,0.332503,-1,61,61,0
1786404576639,4987.54,die0,4978,4978,0.332503,-1,61,61,0
1786404576739,4987.54,die0,4976,4976,0.332503,-1,61,61,0
1786404576839,4987.54,die0,4974,4974,0.332503,-1,61,61,0
1786404576939,4987.54,die0,4971,4971,0.332503,-1,61,61,0
1786404577039,4967.5,die0,4969,4969,0.331167,-1,61,61,0
1786404577139,4967.5,die0,4968,4968,0.331167,-1,61,61,0
1786404577239,4967.5,die0,4966,4966,0.331167,-1,61,61,0
1786404577339,4967.5,die0,4964,4964,0.331167,-1,61,61,0
1786404577439,4967.5,die0,4963,4963,0.331167,-1,61,61,0
1786404577539,4967.5,die0,4961,4961,0.331167,-1,61,61,0
1786404577639,4967.5,die0,4960,4960,0.331167,-1,61,61,0
1786404577739,4967.5,die0,4959,4959,0.331167,-1,61,61,0
1786404577839,4967.5,die0,4957,4957,0.331167,-1,61,61,0
1786404577939,4967.5,die0,4956,4956,0.331167,-1,61,61,0
1786404578039,4975.62,die0,4955,4955,0.331708,-1,61.125,61.125,0
1786404578139,4975.62,die0,4954,4954,0.331708,-1,61.125,61.125,0
1786404578239,4975.62,die0,4954,4954,0.331708,-1,61.125,61.125,0
1786404578339,4975.62,die0,4953,4953,0.331708,-1,61.125,61.125,0
1786404578439,4975.62,die0,4952,4952,0.331708,-1,61.125,61.125,0
1786404578539,4975.62,die0,4951,4951,0.331708,-1,61.125,61.125,0
1786404578639,4975.62,die0,4951,4951,0.331708,-1,61.125,61.125,0
1786404578739,4975.62,die0,4950,4950,0.331708,-1,61.125,61.125,0
1786404578839,4975.62,die0,4949,4949,0.331708,-1,61.125,61.125,0
1786404578939,4975.62,die0,4949,4949,0.331708,-1,61.125,61.125,0
1786404579039,4956.21,die0,4948,4948,0.330414,-1,61.125,61.125,0
1786404579139,4956.21,die0,4948,4948,0.330414,-1,61.125,61.125,0
1786404579239,4956.21,die0,4947,4947,0.330414,-1,61.125,61.125,0
1786404579339,4956.21,die0,4947,4947,0.330414,-1,61.125,61.125,0
1786404579439,4956.21,die0,4947,4947,0.330414,-1,61.125,61.125,0
1786404579539,4956.21,die0,4946,4946,0.330414,-1,61.125,61.125,0
1786404579639,4956.21,die0,4946,4946,0.330414,-1,61.125,61.125,0
1786404579739,4956.21,die0,4946,4946,0.330414,-1,61.125,61.125,0
1786404579839,4956.21,die0,4945,4945,0.330414,-1,61.125,61.125,0
1786404579939,4956.21,die0,4945,4945,0.330414,-1,61.125,61.125,0
1786404580039,4936.8,die0,4941,4941,0.32912,-1,61.125,61.125,0
1786404580139,4936.8,die0,4937,4937,0.32912,-1,61.125,61.125,0
1786404580239,4936.8,die0,4933,4933,0.32912,-1,61.125,61.125,0
1786404580339,4936.8,die0,4930,4930,0.32912,-1,61.125,61.125,0
1786404580439,4936.8,die0,4927,4927,0.32912,-1,61.125,61.125,0
1786404580539,4936.8,die0,4924,4924,0.32912,-1,61.125,61.125,0
1786404580639,4936.8,die0,4921,4921,0.32912,-1,61.125,61.125,0
1786404580739,4936.8,die0,4918,4918,0.32912,-1,61.125,61.125,0
1786404580839,4936.8,die0,4916,4916,0.32912,-1,61.125,61.125,0
1786404580939,4936.8,die0,4914,4914,0.32912,-1,61.125,61.125,0
1786404581039,4945.55,die0,4916,4916,0.329703,-1,61.25,61.25,0
1786404581139,4945.55,die0,4917,4917,0.329703,-1,61.25,61.25,0
1786404581239,4945.55,die0,4919,4919,0.329703,-1,61.25,61.25,0
1786404581339,4945.55,die0,4920,4920,0.329703,-1,61.25,61.25,0
1786404581439,4945.55,die0,4922,4922,0.329703,-1,61.25,61.25,0
1786404581539,4945.55,die0,4923,4923,0.329703,-1,61.25,61.25,0
1786404581639,4945.55,die0,4924,4924,0.329703,-1,61.25,61.25,0
1786404581739,4945.55,die0,4925,4925,0.329703,-1,61.25,61.25,0
1786404581839,4945.55,die0,4926,4926,0.329703,-1,61.25,61.25,0
1786404581939,4945.55,die0,4927,4927,0.329703,-1,61.25,61.25,0
1786404582039,4940.84,die0,4924,4924,0.32939,-1,61.3125,61.3125,0
1786404582139,4940.84,die0,4922,4922,0.32939,-1,61.3125,61.3125,0
1786404582239,4940.84,die0,4919,4919,0.32939,-1,61.3125,61.3125,0
1786404582339,4940.84,die0,4917,4917,0.32939,-1,61.3125,61.3125,0
1786404582439,4940.84,die0,4914,4914,0.32939,-1,61.3125,61.3125,0
1786404582539,4940.84,die0,4912,4912,0.32939,-1,61.3125,61.3125,0
1786404582639,4940.84,die0,4910,4910,0.32939,-1,61.3125,61.3125,0
1786404582739,4940.84,die0,4908,4908,0.32939,-1,61.3125,61.3125,0
1786404582839,4940.84,die0,4907,4907,0.32939,-1,61.3125,61.3125,0
1786404582939,4940.84,die0,4905,4905,0.32939,-1,61.3125,61.3125,0
1786404583039,4936.45,die0,4903,4903,0.329097,-1,61.375,61.375,0
1786404583139,4936.45,die0,4902,4902,0.329097,-1,61.375,61.375,0
1786404583239,4936.45,die0,4901,4901,0.329097,-1,61.375,61.375,0
1786404583339,4936.45,die0,4900,4900,0.329097,-1,61.375,61.375,0
1786404583439,4936.45,die0,4898,4898,0.329097,-1,61.375,61.375,0
1786404583539,4936.45,die0,4897,4897,0.329097,-1,61.375,61.375,0
1786404583639,4936.45,die0,4896,4896,0.329097,-1,61.375,61.375,0
1786404583739,4936.45,die0,4895,4895,0.329097,-1,61.375,61.375,0
1786404583839,4936.45,die0,4895,4895,0.329097,-1,61.375,61.375,0
1786404583939,4936.45,die0,4894,4894,0.329097,-1,61.375,61.375,0
1786404584039,4918.29,die0,4893,4893,0.327886,-1,61.375,61.375,0
1786404584139,4918.29,die0,4892,4892,0.327886,-1,61.375,61.375,0
1786404584239,4918.29,die0,4892,4892,0.327886,-1,61.375,61.375,0
1786404584339,4918.29,die0,4891,4891,0.327886,-1,61.375,61.375,0
1786404584439,4918.29,die0,4890,4890,0.327886,-1,61.375,61.375,0
1786404584539,4918.29,die0,4890,4890,0.327886,-1,61.375,61.375,0
1786404584639,4918.29,die0,4889,4889,0.327886,-1,61.375,61.375,0
1786404584739,4918.29,die0,4889,4889,0.327886,-1,61.375,61.375,0
1786404584839,4918.29,die0,4888,4888,0.327886,-1,61.375,61.375,0
1786404584939,4918.29,die0,4888,4888,0.327886,-1,61.375,61.375,0
1786404585039,4886.05,die0,4888,4888,0.325737,-1,61.3125,61.3125,0
1786404585139,4886.05,die0,4887,4887,0.325737,-1,61.3125,61.3125,0
1786404585239,4886.05,die0,4887,4887,0.325737,-1,61.3125,61.3125,0
1786404585339,4886.05,die0,4887,4887,0.325737,-1,61.3125,61.3125,0
1786404585439,4886.05,die0,4886,4886,0.325737,-1,61.3125,61.3125,0
1786404585539,4886.05,die0,4886,4886,0.325737,-1,61.3125,61.3125,0
1786404585639,4886.05,die0,4886,4886,0.325737,-1,61.3125,61.3125,0
1786404585739,4886.05,die0,4886,4886,0.325737,-1,61.3125,61.3125,0
1786404585839,4886.05,die0,4885,4885,0.325737,-1,61.3125,61.3125,0
1786404585939,4886.05,die0,4885,4885,0.325737,-1,61.3125,61.3125,0
1786404586039,4895.74,die0,4885,4885,0.326383,-1,61.4375,61.4375,0
1786404586139,4895.74,die0,4885,4885,0.326383,-1,61.4375,61.4375,0
1786404586239,4895.74,die0,4885,4885,0.326383,-1,61.4375,61.4375,0
1786404586339,4895.74,die0,4885,4885,0.326383,-1,61.4375,61.4375,0
1786404586439,4895.74,die0,4884,4884,0.326383,-1,61.4375,61.4375,0
1786404586539,4895.74,die0,4884,4884,0.326383,-1,61.4375,61.4375,0
1786404586639,4895.74,die0,4884,4884,0.326383,-1,61.4375,61.4375,0
1786404586739,4895.74,die0,4884,4884,0.326383,-1,61.4375,61.4375,0
1786404586839,4895.74,die0,4884,4884,0.326383,-1,61.4375,61.4375,0
1786404586939,4895.74,die0,4884,4884,0.326383,-1,61.4375,61.4375,0
1786404587039,4906.05,die0,4884,4884,0.32707,-1,61.5625,61.5625,0
1786404587139,4906.05,die0,4884,4884,0.32707,-1,61.5625,61.5625,0
1786404587239,4906.05,die0,4884,4884,0.32707,-1,61.5625,61.5625,0
1786404587339,4906.05,die0,4883,4883,0.32707,-1,61.5625,61.5625,0
1786404587439,4906.05,die0,4883,4883,0.32707,-1,61.5625,61.5625,0
1786404587539,4906.05,die0,4883,4883,0.32707,-1,61.5625,61.5625,0
1786404587639,4906.05,die0,4883,4883,0.32707,-1,61.5625,61.5625,0
1786404587739,4906.05,die0,4883,4883,0.32707,-1,61.5625,61.5625,0
1786404587839,4906.05,die0,4883,4883,0.32707,-1,61.5625,61.5625,0
1786404587939,4906.05,die0,4883,4883,0.32707,-1,61.5625,61.5625,0
1786404588039,4888.83,die0,4883,4883,0.325922,-1,61.5625,61.5625,0
1786404588139,4888.83,die0,4883,4883,0.325922,-1,61.5625,61.5625,0
1786404588239,4888.83,die0,4883,4883,0.325922,-1,61.5625,61.5625,0
1786404588339,4888.83,die0,4883,4883,0.325922,-1,61.5625,61.5625,0
1786404588439,4888.83,die0,4883,4883,0.325922,-1,61.5625,61.5625,0
1786404588539,4888.83,die0,4883,4883,0.325922,-1,61.5625,61.5625,0
1786404588639,4888.83,die0,4883,4883,0.325922,-1,61.5625,61.5625,0
1786404588739,4888.83,die0,4883,4883,0.325922,-1,61.5625,61.5625,0
1786404588839,4888.83,die0,4883,4883,0.325922,-1,61.5625,61.5625,0
1786404588939,4888.83,die0,4883,4883,0.325922,-1,61.5625,61.5625,0
1786404589039,4871.61,die0,4879,4879,0.324774,-1,61.5625,61.5625,0
1786404589139,4871.61,die0,4875,4875,0.324774,-1,61.5625,61.5625,0
1786404589239,4871.61,die0,4872,4872,0.324774,-1,61.5625,61.5625,0
1786404589339,4871.61,die0,4868,4868,0.324774,-1,61.5625,61.5625,0
1786404589439,4871.61,die0,4865,4865,0.324774,-1,61.5625,61.5625,0
1786404589539,4871.61,die0,4863,4863,0.324774,-1,61.5625,61.5625,0
1786404589639,4871.61,die0,4860,4860,0.324774,-1,61.5625,61.5625,0
1786404589739,4871.61,die0,4858,4858,0.324774,-1,61.5625,61.5625,0
1786404589839,4871.61,die0,4855,4855,0.324774,-1,61.5625,61.5625,0
1786404589939,4871.61,die0,4853,4853,0.324774,-1,61.5625,61.5625,0
1786404590039,4868.47,die0,4851,4851,0.324565,-1,61.625,61.625,0
1786404590139,4868.47,die0,4849,4849,0.324565,-1,61.625,61.625,0
1786404590239,4868.47,die0,4848,4848,0.324565,-1,61.625,61.625,0
1786404590339,4868.47,die0,4846,4846,0.324565,-1,61.625,61.625,0
1786404590439,4868.47,die0,4845,4845,0.324565,-1,61.625,61.625,0
1786404590539,4868.47,die0,4843,4843,0.324565,-1,61.625,61.625,0
1786404590639,4868.47,die0,4842,4842,0.324565,-1,61.625,61.625,0
1786404590739,4868.47,die0,4841,4841,0.324565,-1,61.625,61.625,0
1786404590839,4868.47,die0,4839,4839,0.324565,-1,61.625,61.625,0
1786404590939,4868.47,die0,4838,4838,0.324565,-1,61.625,61.625,0
1786404591039,4851.57,die0,4837,4837,0.323438,-1,61.625,61.625,0
1786404591139,4851.57,die0,4837,4837,0.323438,-1,61.625,61.625,0
1786404591239,4851.57,die0,4836,4836,0.323438,-1,61.625,61.625,0
1786404591339,4851.57,die0,4835,4835,0.323438,-1,61.625,61.625,0
1786404591439,4851.57,die0,4834,4834,0.323438,-1,61.625,61.625,0
1786404591539,4851.57,die0,4833,4833,0.323438,-1,61.625,61.625,0
1786404591639,4851.57,die0,4833,4833,0.323438,-1,61.625,61.625,0
1786404591739,4851.57,die0,4832,4832,0.323438,-1,61.625,61.625,0
1786404591839,4851.57,die0,4832,4832,0.323438,-1,61.625,61.625,0
1786404591939,4851.57,die0,4831,4831,0.323438,-1,61.625,61.625,0
1786404592039,4848.74,die0,4831,4831,0.323249,-1,61.6875,61.6875,0
1786404592139,4848.74,die0,4830,4830,0.323249,-1,61.6875,61.6875,0
1786404592239,4848.74,die0,4830,4830,0.323249,-1,61.6875,61.6875,0
1786404592339,4848.74,die0,4829,4829,0.323249,-1,61.6875,61.6875,0
1786404592439,4848.74,die0,4829,4829,0.323249,-1,61.6875,61.6875,0
1786404592539,4848.74,die0,4828,4828,0.323249,-1,61.6875,61.6875,0
1786404592639,4848.74,die0,4828,4828,0.323249,-1,61.6875,61.6875,0
1786404592739,4848.74,die0,4828,4828,0.323249,-1,61.6875,61.6875,0
1786404592839,4848.74,die0,4828,4828,0.323249,-1,61.6875,61.6875,0
1786404592939,4848.74,die0,4827,4827,0.323249,-1,61.6875,61.6875,0
1786404593039,4818.07,die0,4823,4823,0.321204,-1,61.625,61.625,0
1786404593139,4818.07,die0,4819,4819,0.321204,-1,61.625,61.625,0
1786404593239,4818.07,die0,4816,4816,0.321204,-1,61.625,61.625,0
1786404593339,4818.07,die0,4812,4812,0.321204,-1,61.625,61.625,0
1786404593439,4818.07,die0,4809,4809,0.321204,-1,61.625,61.625,0
1786404593539,4818.07,die0,4806,4806,0.321204,-1,61.625,61.625,0
1786404593639,4818.07,die0,4803,4803,0.321204,-1,61.625,61.625,0
1786404593739,4818.07,die0,4801,4801,0.321204,-1,61.625,61.625,0
1786404593839,4818.07,die0,4798,4798,0.321204,-1,61.625,61.625,0
1786404593939,4818.07,die0,4796,4796,0.321204,-1,61.625,61.625,0
1786404594039,4829.32,die0,4798,4798,0.321955,-1,61.75,61.75,0
1786404594139,4829.32,die0,4800,4800,0.321955,-1,61.75,61.75,0
1786404594239,4829.32,die0,4801,4801,0.321955,-1,61.75,61.75,0
1786404594339,4829.32,die0,4803,4803,0.321955,-1,61.75,61.75,0
1786404594439,4829.32,die0,4804,4804,0.321955,-1,61.75,61.75,0
1786404594539,4829.32,die0,4805,4805,0.321955,-1,61.75,61.75,0
1786404594639,4829.32,die0,4807,4807,0.321955,-1,61.75,61.75,0
1786404594739,4829.32,die0,4808,4808,0.321955,-1,61.75,61.75,0
1786404594839,4829.32,die0,4809,4809,0.321955,-1,61.75,61.75,0
1786404594939,4829.32,die0,4810,4810,0.321955,-1,61.75,61.75,0
1786404595039,4841.2,die0,4811,4811,0.322747,-1,61.875,61.875,0
1786404595139,4841.2,die0,4812,4812,0.322747,-1,61.875,61.875,0
1786404595239,4841.2,die0,4812,4812,0.322747,-1,61.875,61.875,0
1786404595339,4841.2,die0,4813,4813,0.322747,-1,61.875,61.875,0
1786404595439,4841.2,die0,4814,4814,0.322747,-1,61.875,61.875,0
1786404595539,4841.2,die0,4814,4814,0.322747,-1,61.875,61.875,0
1786404595639,4841.2,die0,4815,4815,0.322747,-1,61.875,61.875,0
1786404595739,4841.2,die0,4816,4816,0.322747,-1,61.875,61.875,0
1786404595839,4841.2,die0,4816,4816,0.322747,-1,61.875,61.875,0
1786404595939,4841.2,die0,4817,4817,0.322747,-1,61.875,61.875,0
1786404596039,4839.63,die0,4817,4817,0.322642,-1,61.9375,61.9375,0
1786404596139,4839.63,die0,4818,4818,0.322642,-1,61.9375,61.9375,0
1786404596239,4839.63,die0,4818,4818,0.322642,-1,61.9375,61.9375,0
1786404596339,4839.63,die0,4818,4818,0.322642,-1,61.9375,61.9375,0
1786404596439,4839.63,die0,4819,4819,0.322642,-1,61.9375,61.9375,0
1786404596539,4839.63,die0,4819,4819,0.322642,-1,61.9375,61.9375,0
1786404596639,4839.63,die0,4819,4819,0.322642,-1,61.9375,61.9375,0
1786404596739,4839.63,die0,4820,4820,0.322642,-1,61.9375,61.9375,0
1786404596839,4839.63,die0,4820,4820,0.322642,-1,61.9375,61.9375,0
1786404596939,4839.63,die0,4820,4820,0.322642,-1,61.9375,61.9375,0
1786404597039,4810.2,die0,4816,4816,0.32068,-1,61.875,61.875,0
1786404597139,4810.2,die0,4813,4813,0.32068,-1,61.875,61.875,0
1786404597239,4810.2,die0,4810,4810,0.32068,-1,61.875,61.875,0
1786404597339,4810.2,die0,4807,4807,0.32068,-1,61.875,61.875,0
1786404597439,4810.2,die0,4804,4804,0.32068,-1,61.875,61.875,0
1786404597539,4810.2,die0,4801,4801,0.32068,-1,61.875,61.875,0
1786404597639,4810.2,die0,4799,4799,0.32068,-1,61.875,61.875,0
1786404597739,4810.2,die0,4797,4797,0.32068,-1,61.875,61.875,0
1786404597839,4810.2,die0,4794,4794,0.32068,-1,61.875,61.875,0
1786404597939,4810.2,die0,4792,4792,0.32068,-1,61.875,61.875,0
1786404598039,4794.55,die0,4791,4791,0.319637,-1,61.875,61.875,0
1786404598139,4794.55,die0,4789,4789,0.319637,-1,61.875,61.875,0
1786404598239,4794.55,die0,4787,4787,0.319637,-1,61.875,61.875,0
1786404598339,4794.55,die0,4786,4786,0.319637,-1,61.875,61.875,0
1786404598439,4794.55,die0,4784,4784,0.319637,-1,61.875,61.875,0
1786404598539,4794.55,die0,4783,4783,0.319637,-1,61.875,61.875,0
1786404598639,4794.55,die0,4782,4782,0.319637,-1,61.875,61.875,0
1786404598739,4794.55,die0,4781,4781,0.319637,-1,61.875,61.875,0
1786404598839,4794.55,die0,4780,4780,0.319637,-1,61.875,61.875,0
1786404598939,4794.55,die0,4779,4779,0.319637,-1,61.875,61.875,0
1786404599039,4792.97,die0,4778,4778,0.319532,-1,61.9375,61.9375,0
1786404599139,4792.97,die0,4777,4777,0.319532,-1,61.9375,61.9375,0
1786404599239,4792.97,die0,4776,4776,0.319532,-1,61.9375,61.9375,0
1786404599339,4792.97,die0,4775,4775,0.319532,-1,61.9375,61.9375,0
1786404599439,4792.97,die0,4775,4775,0.319532,-1,61.9375,61.9375,0
1786404599539,4792.97,die0,4774,4774,0.319532,-1,61.9375,61.9375,0
1786404599639,4792.97,die0,4773,4773,0.319532,-1,61.9375,61.9375,0
1786404599739,4792.97,die0,4773,4773,0.319532,-1,61.9375,61.9375,0
1786404599839,4792.97,die0,4772,4772,0.319532,-1,61.9375,61.9375,0
1786404599939,4792.97,die0,4772,4772,0.319532,-1,61.9375,61.9375,0
1786404600039,4805.79,die0,4771,4771,0.320386,-1,62.0625,62.0625,0
1786404600139,4805.79,die0,4771,4771,0.320386,-1,62.0625,62.0625,0
1786404600239,4805.79,die0,4770,4770,0.320386,-1,62.0625,62.0625,0
1786404600339,4805.79,die0,4770,4770,0.320386,-1,62.0625,62.0625,0
1786404600439,4805.79,die0,4770,4770,0.320386,-1,62.0625,62.0625,0
1786404600539,4805.79,die0,4769,4769,0.320386,-1,62.0625,62.0625,0
1786404600639,4805.79,die0,4769,4769,0.320386,-1,62.0625,62.0625,0
1786404600739,4805.79,die0,4769,4769,0.320386,-1,62.0625,62.0625,0
1786404600839,4805.79,die0,4768,4768,0.320386,-1,62.0625,62.0625,0
1786404600939,4805.79,die0,4768,4768,0.320386,-1,62.0625,62.0625,0
1786404601039,4791.08,die0,4768,4768,0.319405,-1,62.0625,62.0625,0
1786404601139,4791.08,die0,4768,4768,0.319405,-1,62.0625,62.0625,0
1786404601239,4791.08,die0,4768,4768,0.319405,-1,62.0625,62.0625,0
1786404601339,4791.08,die0,4767,4767,0.319405,-1,62.0625,62.0625,0
1786404601439,4791.08,die0,4767,4767,0.319405,-1,62.0625,62.0625,0
1786404601539,4791.08,die0,4767,4767,0.319405,-1,62.0625,62.0625,0
1786404601639,4791.08,die0,4767,4767,0.319405,-1,62.0625,62.0625,0
1786404601739,4791.08,die0,4767,4767,0.319405,-1,62.0625,62.0625,0
1786404601839,4791.08,die0,4767,4767,0.319405,-1,62.0625,62.0625,0
1786404601939,4791.08,die0,4766,4766,0.319405,-1,62.0625,62.0625,0
1786404602039,4776.36,die0,4766,4766,0.318424,-1,62.0625,62.0625,0
1786404602139,4776.36,die0,4766,4766,0.318424,-1,62.0625,62.0625,0
1786404602239,4776.36,die0,4766,4766,0.318424,-1,62.0625,62.0625,0
1786404602339,4776.36,die0,4766,4766,0.318424,-1,62.0625,62.0625,0
1786404602439,4776.36,die0,4766,4766,0.318424,-1,62.0625,62.0625,0
1786404602539,4776.36,die0,4766,4766,0.318424,-1,62.0625,62.0625,0
1786404602639,4776.36,die0,4766,4766,0.318424,-1,62.0625,62.0625,0
1786404602739,4776.36,die0,4766,4766,0.318424,-1,62.0625,62.0625,0
1786404602839,4776.36,die0,4766,4766,0.318424,-1,62.0625,62.0625,0
1786404602939,4776.36,die0,4766,4766,0.318424,-1,62.0625,62.0625,0
1786404603039,4761.65,die0,4762,4762,0.317443,-1,62.0625,62.0625,0
1786404603139,4761.65,die0,4758,4758,0.317443,-1,62.0625,62.0625,0
1786404603239,4761.65,die0,4754,4754,0.317443,-1,62.0625,62.0625,0
1786404603339,4761.65,die0,4751,4751,0.317443,-1,62.0625,62.0625,0
1786404603439,4761.65,die0,4748,4748,0.317443,-1,62.0625,62.0625,0
1786404603539,4761.65,die0,4745,4745,0.317443,-1,62.0625,62.0625,0
1786404603639,4761.65,die0,4743,4743,0.317443,-1,62.0625,62.0625,0
1786404603739,4761.65,die0,4740,4740,0.317443,-1,62.0625,62.0625,0
1786404603839,4761.65,die0,4738,4738,0.317443,-1,62.0625,62.0625,0
1786404603939,4761.65,die0,4736,4736,0.317443,-1,62.0625,62.0625,0
1786404604039,4761.01,die0,4734,4734,0.317401,-1,62.125,62.125,0
1786404604139,4761.01,die0,4732,4732,0.317401,-1,62.125,62.125,0
1786404604239,4761.01,die0,4730,4730,0.317401,-1,62.125,62.125,0
1786404604339,4761.01,die0,4729,4729,0.317401,-1,62.125,62.125,0
1786404604439,4761.01,die0,4727,4727,0.317401,-1,62.125,62.125,0
1786404604539,4761.01,die0,4726,4726,0.317401,-1,62.125,62.125,0
1786404604639,4761.01,die0,4724,4724,0.317401,-1,62.125,62.125,0
1786404604739,4761.01,die0,4723,4723,0.317401,-1,62.125,62.125,0
1786404604839,4761.01,die0,4722,4722,0.317401,-1,62.125,62.125,0
1786404604939,4761.01,die0,4721,4721,0.317401,-1,62.125,62.125,0
1786404605039,4746.61,die0,4720,4720,0.316441,-1,62.125,62.125,0
1786404605139,4746.61,die0,4719,4719,0.316441,-1,62.125,62.125,0
1786404605239,4746.61,die0,4718,4718,0.316441,-1,62.125,62.125,0
1786404605339,4746.61,die0,4717,4717,0.316441,-1,62.125,62.125,0
1786404605439,4746.61,die0,4717,4717,0.316441,-1,62.125,62.125,0
1786404605539,4746.61,die0,4716,4716,0.316441,-1,62.125,62.125,0
1786404605639,4746.61,die0,4715,4715,0.316441,-1,62.125,62.125,0
1786404605739,4746.61,die0,4715,4715,0.316441,-1,62.125,62.125,0
1786404605839,4746.61,die0,4714,4714,0.316441,-1,62.125,62.125,0
1786404605939,4746.61,die0,4713,4713,0.316441,-1,62.125,62.125,0
1786404606039,4746.29,die0,4713,4713,0.316419,-1,62.1875,62.1875,0
1786404606139,4746.29,die0,4712,4712,0.316419,-1,62.1875,62.1875,0
1786404606239,4746.29,die0,4712,4712,0.316419,-1,62.1875,62.1875,0
1786404606339,4746.29,die0,4712,4712,0.316419,-1,62.1875,62.1875,0
1786404606439,4746.29,die0,4711,4711,0.316419,-1,62.1875,62.1875,0
1786404606539,4746.29,die0,4711,4711,0.316419,-1,62.1875,62.1875,0
1786404606639,4746.29,die0,4711,4711,0.316419,-1,62.1875,62.1875,0
1786404606739,4746.29,die0,4710,4710,0.316419,-1,62.1875,62.1875,0
1786404606839,4746.29,die0,4710,4710,0.316419,-1,62.1875,62.1875,0
1786404606939,4746.29,die0,4710,4710,0.316419,-1,62.1875,62.1875,0
1786404607039,4746.28,die0,4709,4709,0.316419,-1,62.25,62.25,0
1786404607139,4746.28,die0,4709,4709,0.316419,-1,62.25,62.25,0
1786404607239,4746.28,die0,4709,4709,0.316419,-1,62.25,62.25,0
1786404607339,4746.28,die0,4709,4709,0.316419,-1,62.25,62.25,0
1786404607439,4746.28,die0,4709,4709,0.316419,-1,62.25,62.25,0
1786404607539,4746.28,die0,4708,4708,0.316419,-1,62.25,62.25,0
1786404607639,4746.28,die0,4708,4708,0.316419,-1,62.25,62.25,0
1786404607739,4746.28,die0,4708,4708,0.316419,-1,62.25,62.25,0
1786404607839,4746.28,die0,4708,4708,0.316419,-1,62.25,62.25,0
1786404607939,4746.28,die0,4708,4708,0.316419,-1,62.25,62.25,0
1786404608039,4732.5,die0,4708,4708,0.3155,-1,62.25,62.25,0
1786404608139,4732.5,die0,4708,4708,0.3155,-1,62.25,62.25,0
1786404608239,4732.5,die0,4707,4707,0.3155,-1,62.25,62.25,0
1786404608339,4732.5,die0,4707,4707,0.3155,-1,62.25,62.25,0
1786404608439,4732.5,die0,4707,4707,0.3155,-1,62.25,62.25,0
1786404608539,4732.5,die0,4707,4707,0.3155,-1,62.25,62.25,0
1786404608639,4732.5,die0,4707,4707,0.3155,-1,62.25,62.25,0
1786404608739,4732.5,die0,4707,4707,0.3155,-1,62.25,62.25,0
1786404608839,4732.5,die0,4707,4707,0.3155,-1,62.25,62.25,0
1786404608939,4732.5,die0,4707,4707,0.3155,-1,62.25,62.25,0
1786404609039,4718.73,die0,4707,4707,0.314582,-1,62.25,62.25,0
1786404609139,4718.73,die0,4707,4707,0.314582,-1,62.25,62.25,0
1786404609239,4718.73,die0,4707,4707,0.314582,-1,62.25,62.25,0
1786404609339,4718.73,die0,4707,4707,0.314582,-1,62.25,62.25,0
1786404609439,4718.73,die0,4707,4707,0.314582,-1,62.25,62.25,0
1786404609539,4718.73,die0,4707,4707,0.314582,-1,62.25,62.25,0
1786404609639,4718.73,die0,4706,4706,0.314582,-1,62.25,62.25,0
1786404609739,4718.73,die0,4706,4706,0.314582,-1,62.25,62.25,0
1786404609839,4718.73,die0,4706,4706,0.314582,-1,62.25,62.25,0
1786404609939,4718.73,die0,4706,4706,0.314582,-1,62.25,62.25,0
1786404610039,4704.95,die0,4702,4702,0.313663,-1,62.25,62.25,0
1786404610139,4704.95,die0,4699,4699,0.313663,-1,62.25,62.25,0
1786404610239,4704.95,die0,4695,4695,0.313663,-1,62.25,62.25,0
1786404610339,4704.95,die0,4692,4692,0.313663,-1,62.25,62.25,0
1786404610439,4704.95,die0,4689,4689,0.313663,-1,62.25,62.25,0
1786404610539,4704.95,die0,4686,4686,0.313663,-1,62.25,62.25,0
1786404610639,4704.95,die0,4684,4684,0.313663,-1,62.25,62.25,0
1786404610739,4704.95,die0,4681,4681,0.313663,-1,62.25,62.25,0
1786404610839,4704.95,die0,4679,4679,0.313663,-1,62.25,62.25,0
1786404610939,4704.95,die0,4677,4677,0.313663,-1,62.25,62.25,0
1786404611039,4705.26,die0,4675,4675,0.313684,-1,62.3125,62.3125,0
1786404611139,4705.26,die0,4673,4673,0.313684,-1,62.3125,62.3125,0
1786404611239,4705.26,die0,4671,4671,0.313684,-1,62.3125,62.3125,0
1786404611339,4705.26,die0,4670,4670,0.313684,-1,62.3125,62.3125,0
1786404611439,4705.26,die0,4668,4668,0.313684,-1,62.3125,62.3125,0
1786404611539,4705.26,die0,4667,4667,0.313684,-1,62.3125,62.3125,0
1786404611639,4705.26,die0,4665,4665,0.313684,-1,62.3125,62.3125,0
1786404611739,4705.26,die0,4664,4664,0.313684,-1,62.3125,62.3125,0
1786404611839,4705.26,die0,4663,4663,0.313684,-1,62.3125,62.3125,0
1786404611939,4705.26,die0,4662,4662,0.313684,-1,62.3125,62.3125,0
1786404612039,4719.95,die0,4665,4665,0.314664,-1,62.4375,62.4375,0
1786404612139,4719.95,die0,4668,4668,0.314664,-1,62.4375,62.4375,0
1786404612239,4719.95,die0,4670,4670,0.314664,-1,62.4375,62.4375,0
1786404612339,4719.95,die0,4673,4673,0.314664,-1,62.4375,62.4375,0
1786404612439,4719.95,die0,4675,4675,0.314664,-1,62.4375,62.4375,0
1786404612539,4719.95,die0,4677,4677,0.314664,-1,62.4375,62.4375,0
1786404612639,4719.95,die0,4679,4679,0.314664,-1,62.4375,62.4375,0
1786404612739,4719.95,die0,4681,4681,0.314664,-1,62.4375,62.4375,0
1786404612839,4719.95,die0,4682,4682,0.314664,-1,62.4375,62.4375,0
1786404612939,4719.95,die0,4684,4684,0.314664,-1,62.4375,62.4375,0
1786404613039,4707.12,die0,4685,4685,0.313808,-1,62.4375,62.4375,0
1786404613139,4707.12,die0,4687,4687,0.313808,-1,62.4375,62.4375,0
1786404613239,4707.12,die0,4688,4688,0.313808,-1,62.4375,62.4375,0
1786404613339,4707.12,die0,4689,4689,0.313808,-1,62.4375,62.4375,0
1786404613439,4707.12,die0,4690,4690,0.313808,-1,62.4375,62.4375,0
1786404613539,4707.12,die0,4691,4691,0.313808,-1,62.4375,62.4375,0
1786404613639,4707.12,die0,4692,4692,0.313808,-1,62.4375,62.4375,0
1786404613739,4707.12,die0,4693,4693,0.313808,-1,62.4375,62.4375,0
1786404613839,4707.12,die0,4694,4694,0.313808,-1,62.4375,62.4375,0
1786404613939,4707.12,die0,4695,4695,0.313808,-1,62.4375,62.4375,0
1786404614039,4680.2,die0,4692,4692,0.312013,-1,62.375,62.375,0
1786404614139,4680.2,die0,4689,4689,0.312013,-1,62.375,62.375,0
1786404614239,4680.2,die0,4686,4686,0.312013,-1,62.375,62.375,0
1786404614339,4680.2,die0,4683,4683,0.312013,-1,62.375,62.375,0
1786404614439,4680.2,die0,4681,4681,0.312013,-1,62.375,62.375,0
1786404614539,4680.2,die0,4679,4679,0.312013,-1,62.375,62.375,0
1786404614639,4680.2,die0,4677,4677,0.312013,-1,62.375,62.375,0
1786404614739,4680.2,die0,4675,4675,0.312013,-1,62.375,62.375,0
1786404614839,4680.2,die0,4673,4673,0.312013,-1,62.375,62.375,0
1786404614939,4680.2,die0,4671,4671,0.312013,-1,62.375,62.375,0
1786404615039,4695.21,die0,4669,4669,0.313014,-1,62.5,62.5,0
1786404615139,4695.21,die0,4668,4668,0.313014,-1,62.5,62.5,0
1786404615239,4695.21,die0,4667,4667,0.313014,-1,62.5,62.5,0
1786404615339,4695.21,die0,4665,4665,0.313014,-1,62.5,62.5,0
1786404615439,4695.21,die0,4664,4664,0.313014,-1,62.5,62.5,0
1786404615539,4695.21,die0,4663,4663,0.313014,-1,62.5,62.5,0
1786404615639,4695.21,die0,4662,4662,0.313014,-1,62.5,62.5,0
1786404615739,4695.21,die0,4661,4661,0.313014,-1,62.5,62.5,0
1786404615839,4695.21,die0,4660,4660,0.313014,-1,62.5,62.5,0
1786404615939,4695.21,die0,4659,4659,0.313014,-1,62.5,62.5,0
1786404616039,4682.69,die0,4658,4658,0.312179,-1,62.5,62.5,0
1786404616139,4682.69,die0,4658,4658,0.312179,-1,62.5,62.5,0
1786404616239,4682.69,die0,4657,4657,0.312179,-1,62.5,62.5,0
1786404616339,4682.69,die0,4656,4656,0.312179,-1,62.5,62.5,0
1786404616439,4682.69,die0,4656,4656,0.312179,-1,62.5,62.5,0
1786404616539,4682.69,die0,4655,4655,0.312179,-1,62.5,62.5,0
1786404616639,4682.69,die0,4654,4654,0.312179,-1,62.5,62.5,0
1786404616739,4682.69,die0,4654,4654,0.312179,-1,62.5,62.5,0
1786404616839,4682.69,die0,4654,4654,0.312179,-1,62.5,62.5,0
1786404616939,4682.69,die0,4653,4653,0.312179,-1,62.5,62.5,0
1786404617039,4684.24,die0,4653,4653,0.312283,-1,62.5625,62.5625,0
1786404617139,4684.24,die0,4652,4652,0.312283,-1,62.5625,62.5625,0
1786404617239,4684.24,die0,4652,4652,0.312283,-1,62.5625,62.5625,0
1786404617339,4684.24,die0,4652,4652,0.312283,-1,62.5625,62.5625,0
1786404617439,4684.24,die0,4651,4651,0.312283,-1,62.5625,62.5625,0
1786404617539,4684.24,die0,4651,4651,0.312283,-1,62.5625,62.5625,0
1786404617639,4684.24,die0,4651,4651,0.312283,-1,62.5625,62.5625,0
1786404617739,4684.24,die0,4651,4651,0.312283,-1,62.5625,62.5625,0
1786404617839,4684.24,die0,4650,4650,0.312283,-1,62.5625,62.5625,0
1786404617939,4684.24,die0,4650,4650,0.312283,-1,62.5625,62.5625,0
1786404618039,4672.03,die0,4650,4650,0.311469,-1,62.5625,62.5625,0
1786404618139,4672.03,die0,4650,4650,0.311469,-1,62.5625,62.5625,0
1786404618239,4672.03,die0,4650,4650,0.311469,-1,62.5625,62.5625,0
1786404618339,4672.03,die0,4649,4649,0.311469,-1,62.5625,62.5625,0
1786404618439,4672.03,die0,4649,4649,0.311469,-1,62.5625,62.5625,0
1786404618539,4672.03,die0,4649,4649,0.311469,-1,62.5625,62.5625,0
1786404618639,4672.03,die0,4649,4649,0.311469,-1,62.5625,62.5625,0
1786404618739,4672.03,die0,4649,4649,0.311469,-1,62.5625,62.5625,0
1786404618839,4672.03,die0,4649,4649,0.311469,-1,62.5625,62.5625,0
1786404618939,4672.03,die0,4649,4649,0.311469,-1,62.5625,62.5625,0
1786404619039,4687.98,die0,4648,4648,0.312532,-1,62.6875,62.6875,0
1786404619139,4687.98,die0,4648,4648,0.312532,-1,62.6875,62.6875,0
1786404619239,4687.98,die0,4648,4648,0.312532,-1,62.6875,62.6875,0
1786404619339,4687.98,die0,4648,4648,0.312532,-1,62.6875,62.6875,0
1786404619439,4687.98,die0,4648,4648,0.312532,-1,62.6875,62.6875,0
1786404619539,4687.98,die0,4648,4648,0.312532,-1,62.6875,62.6875,0
1786404619639,4687.98,die0,4648,4648,0.312532,-1,62.6875,62.6875,0
1786404619739,4687.98,die0,4648,4648,0.312532,-1,62.6875,62.6875,0
1786404619839,4687.98,die0,4648,4648,0.312532,-1,62.6875,62.6875,0
1786404619939,4687.98,die0,4648,4648,0.312532,-1,62.6875,62.6875,0
1786404620039,4648.24,die0,4648,4648,0.309882,-1,62.5625,62.5625,0
1786404620139,4648.24,die0,4648,4648,0.309882,-1,62.5625,62.5625,0
1786404620239,4648.24,die0,4648,4648,0.309882,-1,62.5625,62.5625,0
1786404620339,4648.24,die0,4648,4648,0.309882,-1,62.5625,62.5625,0
1786404620439,4648.24,die0,4648,4648,0.309882,-1,62.5625,62.5625,0
1786404620539,4648.24,die0,4648,4648,0.309882,-1,62.5625,62.5625,0
1786404620639,4648.24,die0,4648,4648,0.309882,-1,62.5625,62.5625,0
1786404620739,4648.24,die0,4647,4647,0.309882,-1,62.5625,62.5625,0
1786404620839,4648.24,die0,4647,4647,0.309882,-1,62.5625,62.5625,0
1786404620939,4648.24,die0,4647,4647,0.309882,-1,62.5625,62.5625,0
1786404621039,4636.03,die0,4643,4643,0.309068,-1,62.5625,62.5625,0
1786404621139,4636.03,die0,4640,4640,0.309068,-1,62.5625,62.5625,0
1786404621239,4636.03,die0,4636,4636,0.309068,-1,62.5625,62.5625,0
1786404621339,4636.03,die0,4633,4633,0.309068,-1,62.5625,62.5625,0
1786404621439,4636.03,die0,4630,4630,0.309068,-1,62.5625,62.5625,0
1786404621539,4636.03,die0,4627,4627,0.309068,-1,62.5625,62.5625,0
1786404621639,4636.03,die0,4625,4625,0.309068,-1,62.5625,62.5625,0
1786404621739,4636.03,die0,4622,4622,0.309068,-1,62.5625,62.5625,0
1786404621839,4636.03,die0,4620,4620,0.309068,-1,62.5625,62.5625,0
1786404621939,4636.03,die0,4618,4618,0.309068,-1,62.5625,62.5625,0
1786404622039,4637.9,die0,4616,4616,0.309193,-1,62.625,62.625,0
1786404622139,4637.9,die0,4614,4614,0.309193,-1,62.625,62.625,0
1786404622239,4637.9,die0,4612,4612,0.309193,-1,62.625,62.625,0
1786404622339,4637.9,die0,4611,4611,0.309193,-1,62.625,62.625,0
1786404622439,4637.9,die0,4609,4609,0.309193,-1,62.625,62.625,0
1786404622539,4637.9,die0,4608,4608,0.309193,-1,62.625,62.625,0
1786404622639,4637.9,die0,4607,4607,0.309193,-1,62.625,62.625,0
1786404622739,4637.9,die0,4605,4605,0.309193,-1,62.625,62.625,0
1786404622839,4637.9,die0,4604,4604,0.309193,-1,62.625,62.625,0
1786404622939,4637.9,die0,4603,4603,0.309193,-1,62.625,62.625,0
1786404623039,4654.16,die0,4606,4606,0.310277,-1,62.75,62.75,0
1786404623139,4654.16,die0,4609,4609,0.310277,-1,62.75,62.75,0
1786404623239,4654.16,die0,4611,4611,0.310277,-1,62.75,62.75,0
1786404623339,4654.16,die0,4614,4614,0.310277,-1,62.75,62.75,0
1786404623439,4654.16,die0,4616,4616,0.310277,-1,62.75,62.75,0
1786404623539,4654.16,die0,4618,4618,0.310277,-1,62.75,62.75,0
1786404623639,4654.16,die0,4620,4620,0.310277,-1,62.75,62.75,0
1786404623739,4654.16,die0,4622,4622,0.310277,-1,62.75,62.75,0
1786404623839,4654.16,die0,4623,4623,0.310277,-1,62.75,62.75,0
1786404623939,4654.16,die0,4625,4625,0.310277,-1,62.75,62.75,0
1786404624039,4642.89,die0,4623,4623,0.309526,-1,62.75,62.75,0
1786404624139,4642.89,die0,4620,4620,0.309526,-1,62.75,62.75,0
1786404624239,4642.89,die0,4618,4618,0.309526,-1,62.75,62.75,0
1786404624339,4642.89,die0,4616,4616,0.309526,-1,62.75,62.75,0
1786404624439,4642.89,die0,4614,4614,0.309526,-1,62.75,62.75,0
1786404624539,4642.89,die0,4613,4613,0.309526,-1,62.75,62.75,0
1786404624639,4642.89,die0,4611,4611,0.309526,-1,62.75,62.75,0
1786404624739,4642.89,die0,4609,4609,0.309526,-1,62.75,62.75,0
1786404624839,4642.89,die0,4608,4608,0.309526,-1,62.75,62.75,0
1786404624939,4642.89,die0,4607,4607,0.309526,-1,62.75,62.75,0
1786404625039,4631.62,die0,4605,4605,0.308774,-1,62.75,62.75,0
1786404625139,4631.62,die0,4604,4604,0.308774,-1,62.75,62.75,0
1786404625239,4631.62,die0,4603,4603,0.308774,-1,62.75,62.75,0
1786404625339,4631.62,die0,4602,4602,0.308774,-1,62.75,62.75,0
1786404625439,4631.62,die0,4601,4601,0.308774,-1,62.75,62.75,0
1786404625539,4631.62,die0,4600,4600,0.308774,-1,62.75,62.75,0
1786404625639,4631.62,die0,4600,4600,0.308774,-1,62.75,62.75,0
1786404625739,4631.62,die0,4599,4599,0.308774,-1,62.75,62.75,0
1786404625839,4631.62,die0,4598,4598,0.308774,-1,62.75,62.75,0
1786404625939,4631.62,die0,4597,4597,0.308774,-1,62.75,62.75,0
1786404626039,4620.35,die0,4597,4597,0.308023,-1,62.75,62.75,0
1786404626139,4620.35,die0,4596,4596,0.308023,-1,62.75,62.75,0
1786404626239,4620.35,die0,4596,4596,0.308023,-1,62.75,62.75,0
1786404626339,4620.35,die0,4595,4595,0.308023,-1,62.75,62.75,0
1786404626439,4620.35,die0,4595,4595,0.308023,-1,62.75,62.75,0
1786404626539,4620.35,die0,4594,4594,0.308023,-1,62.75,62.75,0
1786404626639,4620.35,die0,4594,4594,0.308023,-1,62.75,62.75,0
1786404626739,4620.35,die0,4594,4594,0.308023,-1,62.75,62.75,0
1786404626839,4620.35,die0,4593,4593,0.308023,-1,62.75,62.75,0
1786404626939,4620.35,die0,4593,4593,0.308023,-1,62.75,62.75,0
1786404627039,4637.24,die0,4593,4593,0.309149,-1,62.875,62.875,0
1786404627139,4637.24,die0,4592,4592,0.309149,-1,62.875,62.875,0
1786404627239,4637.24,die0,4592,4592,0.309149,-1,62.875,62.875,0
1786404627339,4637.24,die0,4592,4592,0.309149,-1,62.875,62.875,0
1786404627439,4637.24,die0,4592,4592,0.309149,-1,62.875,62.875,0
1786404627539,4637.24,die0,4591,4591,0.309149,-1,62.875,62.875,0
1786404627639,4637.24,die0,4591,4591,0.309149,-1,62.875,62.875,0
1786404627739,4637.24,die0,4591,4591,0.309149,-1,62.875,62.875,0
1786404627839,4637.24,die0,4591,4591,0.309149,-1,62.875,62.875,0
1786404627939,4637.24,die0,4591,4591,0.309149,-1,62.875,62.875,0
1786404628039,4640.67,die0,4590,4590,0.309378,-1,62.9375,62.9375,0
1786404628139,4640.67,die0,4590,4590,0.309378,-1,62.9375,62.9375,0
1786404628239,4640.67,die0,4590,4590,0.309378,-1,62.9375,62.9375,0
1786404628339,4640.67,die0,4590,4590,0.309378,-1,62.9375,62.9375,0
1786404628439,4640.67,die0,4590,4590,0.309378,-1,62.9375,62.9375,0
1786404628539,4640.67,die0,4590,4590,0.309378,-1,62.9375,62.9375,0
1786404628639,4640.67,die0,4590,4590,0.309378,-1,62.9375,62.9375,0
1786404628739,4640.67,die0,4590,4590,0.309378,-1,62.9375,62.9375,0
1786404628839,4640.67,die0,4589,4589,0.309378,-1,62.9375,62.9375,0
1786404628939,4640.67,die0,4589,4589,0.309378,-1,62.9375,62.9375,0
1786404629039,4602.18,die0,4589,4589,0.306812,-1,62.8125,62.8125,0
1786404629139,4602.18,die0,4589,4589,0.306812,-1,62.8125,62.8125,0
1786404629239,4602.18,die0,4589,4589,0.306812,-1,62.8125,62.8125,0
1786404629339,4602.18,die0,4589,4589,0.306812,-1,62.8125,62.8125,0
1786404629439,4602.18,die0,4589,4589,0.306812,-1,62.8125,62.8125,0
1786404629539,4602.18,die0,4589,4589,0.306812,-1,62.8125,62.8125,0
1786404629639,4602.18,die0,4589,4589,0.306812,-1,62.8125,62.8125,0
1786404629739,4602.18,die0,4589,4589,0.306812,-1,62.8125,62.8125,0
1786404629839,4602.18,die0,4589,4589,0.306812,-1,62.8125,62.8125,0
1786404629939,4602.18,die0,4589,4589,0.306812,-1,62.8125,62.8125,0
1786404630039,4619.38,die0,4589,4589,0.307959,-1,62.9375,62.9375,0
1786404630139,4619.38,die0,4589,4589,0.307959,-1,62.9375,62.9375,0
1786404630239,4619.38,die0,4589,4589,0.307959,-1,62.9375,62.9375,0
1786404630339,4619.38,die0,4589,4589,0.307959,-1,62.9375,62.9375,0
1786404630439,4619.38,die0,4589,4589,0.307959,-1,62.9375,62.9375,0
1786404630539,4619.38,die0,4589,4589,0.307959,-1,62.9375,62.9375,0
1786404630639,4619.38,die0,4589,4589,0.307959,-1,62.9375,62.9375,0
1786404630739,4619.38,die0,4589,4589,0.307959,-1,62.9375,62.9375,0
1786404630839,4619.38,die0,4589,4589,0.307959,-1,62.9375,62.9375,0
1786404630939,4619.38,die0,4589,4589,0.307959,-1,62.9375,62.9375,0
1786404631039,4594.97,die0,4589,4589,0.306331,-1,62.875,62.875,0
1786404631139,4594.97,die0,4588,4588,0.306331,-1,62.875,62.875,0
1786404631239,4594.97,die0,4588,4588,0.306331,-1,62.875,62.875,0
1786404631339,4594.97,die0,4588,4588,0.306331,-1,62.875,62.875,0
1786404631439,4594.97,die0,4588,4588,0.306331,-1,62.875,62.875,0
1786404631539,4594.97,die0,4588,4588,0.306331,-1,62.875,62.875,0
1786404631639,4594.97,die0,4588,4588,0.306331,-1,62.875,62.875,0
1786404631739,4594.97,die0,4588,4588,0.306331,-1,62.875,62.875,0
1786404631839,4594.97,die0,4588,4588,0.306331,-1,62.875,62.875,0
1786404631939,4594.97,die0,4588,4588,0.306331,-1,62.875,62.875,0
1786404632039,4612.48,die0,4588,4588,0.307499,-1,63,63,0
1786404632139,4612.48,die0,4588,4588,0.307499,-1,63,63,0
1786404632239,4612.48,die0,4588,4588,0.307499,-1,63,63,0
1786404632339,4612.48,die0,4588,4588,0.307499,-1,63,63,0
1786404632439,4612.48,die0,4588,4588,0.307499,-1,63,63,0
1786404632539,4612.48,die0,4588,4588,0.307499,-1,63,63,0
1786404632639,4612.48,die0,4588,4588,0.307499,-1,63,63,0
1786404632739,4612.48,die0,4588,4588,0.307499,-1,63,63,0
1786404632839,4612.48,die0,4588,4588,0.307499,-1,63,63,0
1786404632939,4612.48,die0,4588,4588,0.307499,-1,63,63,0
1786404633039,4602.46,die0,4588,4588,0.306831,-1,63,63,0
1786404633139,4602.46,die0,4588,4588,0.306831,-1,63,63,0
1786404633239,4602.46,die0,4588,4588,0.306831,-1,63,63,0
1786404633339,4602.46,die0,4588,4588,0.306831,-1,63,63,0
1786404633439,4602.46,die0,4588,4588,0.306831,-1,63,63,0
1786404633539,4602.46,die0,4588,4588,0.306831,-1,63,63,0
1786404633639,4602.46,die0,4588,4588,0.306831,-1,63,63,0
1786404633739,4602.46,die0,4588,4588,0.306831,-1,63,63,0
1786404633839,4602.46,die0,4588,4588,0.306831,-1,63,63,0
1786404633939,4602.46,die0,4588,4588,0.306831,-1,63,63,0
1786404634039,4606.53,die0,4588,4588,0.307102,-1,63.0625,63.0625,0
1786404634139,4606.53,die0,4588,4588,0.307102,-1,63.0625,63.0625,0
1786404634239,4606.53,die0,4588,4588,0.307102,-1,63.0625,63.0625,0
1786404634339,4606.53,die0,4588,4588,0.307102,-1,63.0625,63.0625,0
1786404634439,4606.53,die0,4588,4588,0.307102,-1,63.0625,63.0625,0
1786404634539,4606.53,die0,4588,4588,0.307102,-1,63.0625,63.0625,0
1786404634639,4606.53,die0,4588,4588,0.307102,-1,63.0625,63.0625,0
1786404634739,4606.53,die0,4588,4588,0.307102,-1,63.0625,63.0625,0
1786404634839,4606.53,die0,4588,4588,0.307102,-1,63.0625,63.0625,0
1786404634939,4606.53,die0,4588,4588,0.307102,-1,63.0625,63.0625,0
1786404635039,4582.74,die0,4584,4584,0.305516,-1,63,63,0
1786404635139,4582.74,die0,4581,4581,0.305516,-1,63,63,0
1786404635239,4582.74,die0,4577,4577,0.305516,-1,63,63,0
1786404635339,4582.74,die0,4574,4574,0.305516,-1,63,63,0
1786404635439,4582.74,die0,4571,4571,0.305516,-1,63,63,0
1786404635539,4582.74,die0,4568,4568,0.305516,-1,63,63,0
1786404635639,4582.74,die0,4566,4566,0.305516,-1,63,63,0
1786404635739,4582.74,die0,4563,4563,0.305516,-1,63,63,0
1786404635839,4582.74,die0,4561,4561,0.305516,-1,63,63,0
1786404635939,4582.74,die0,4559,4559,0.305516,-1,63,63,0
1786404636039,4558.64,die0,4557,4557,0.303909,-1,62.9375,62.9375,0
1786404636139,4558.64,die0,4555,4555,0.303909,-1,62.9375,62.9375,0
1786404636239,4558.64,die0,4553,4553,0.303909,-1,62.9375,62.9375,0
1786404636339,4558.64,die0,4552,4552,0.303909,-1,62.9375,62.9375,0
1786404636439,4558.64,die0,4550,4550,0.303909,-1,62.9375,62.9375,0
1786404636539,4558.64,die0,4549,4549,0.303909,-1,62.9375,62.9375,0
1786404636639,4558.64,die0,4548,4548,0.303909,-1,62.9375,62.9375,0
1786404636739,4558.64,die0,4546,4546,0.303909,-1,62.9375,62.9375,0
1786404636839,4558.64,die0,4545,4545,0.303909,-1,62.9375,62.9375,0
1786404636939,4558.64,die0,4544,4544,0.303909,-1,62.9375,62.9375,0
1786404637039,4562.39,die0,4543,4543,0.304159,-1,63,63,0
1786404637139,4562.39,die0,4542,4542,0.304159,-1,63,63,0
1786404637239,4562.39,die0,4541,4541,0.304159,-1,63,63,0
1786404637339,4562.39,die0,4541,4541,0.304159,-1,63,63,0
1786404637439,4562.39,die0,4540,4540,0.304159,-1,63,63,0
1786404637539,4562.39,die0,4539,4539,0.304159,-1,63,63,0
1786404637639,4562.39,die0,4539,4539,0.304159,-1,63,63,0
1786404637739,4562.39,die0,4538,4538,0.304159,-1,63,63,0
1786404637839,4562.39,die0,4537,4537,0.304159,-1,63,63,0
1786404637939,4562.39,die0,4537,4537,0.304159,-1,63,63,0
1786404638039,4580.53,die0,4536,4536,0.305369,-1,63.125,63.125,0
1786404638139,4580.53,die0,4536,4536,0.305369,-1,63.125,63.125,0
1786404638239,4580.53,die0,4535,4535,0.305369,-1,63.125,63.125,0
1786404638339,4580.53,die0,4535,4535,0.305369,-1,63.125,63.125,0
1786404638439,4580.53,die0,4535,4535,0.305369,-1,63.125,63.125,0
1786404638539,4580.53,die0,4534,4534,0.305369,-1,63.125,63.125,0
1786404638639,4580.53,die0,4534,4534,0.305369,-1,63.125,63.125,0
1786404638739,4580.53,die0,4534,4534,0.305369,-1,63.125,63.125,0
1786404638839,4580.53,die0,4533,4533,0.305369,-1,63.125,63.125,0
1786404638939,4580.53,die0,4533,4533,0.305369,-1,63.125,63.125,0
1786404639039,4557.06,die0,4533,4533,0.303804,-1,63.0625,63.0625,0
1786404639139,4557.06,die0,4533,4533,0.303804,-1,63.0625,63.0625,0
1786404639239,4557.06,die0,4532,4532,0.303804,-1,63.0625,63.0625,0
1786404639339,4557.06,die0,4532,4532,0.303804,-1,63.0625,63.0625,0
1786404639439,4557.06,die0,4532,4532,0.303804,-1,63.0625,63.0625,0
1786404639539,4557.06,die0,4532,4532,0.303804,-1,63.0625,63.0625,0
1786404639639,4557.06,die0,4532,4532,0.303804,-1,63.0625,63.0625,0
1786404639739,4557.06,die0,4532,4532,0.303804,-1,63.0625,63.0625,0
1786404639839,4557.06,die0,4531,4531,0.303804,-1,63.0625,63.0625,0
1786404639939,4557.06,die0,4531,4531,0.303804,-1,63.0625,63.0625,0
1786404640039,4561.43,die0,4531,4531,0.304095,-1,63.125,63.125,0
1786404640139,4561.43,die0,4531,4531,0.304095,-1,63.125,63.125,0
1786404640239,4561.43,die0,4531,4531,0.304095,-1,63.125,63.125,0
1786404640339,4561.43,die0,4531,4531,0.304095,-1,63.125,63.125,0
1786404640439,4561.43,die0,4531,4531,0.304095,-1,63.125,63.125,0
1786404640539,4561.43,die0,4531,4531,0.304095,-1,63.125,63.125,0
1786404640639,4561.43,die0,4531,4531,0.304095,-1,63.125,63.125,0
1786404640739,4561.43,die0,4530,4530,0.304095,-1,63.125,63.125,0
1786404640839,4561.43,die0,4530,4530,0.304095,-1,63.125,63.125,0
1786404640939,4561.43,die0,4530,4530,0.304095,-1,63.125,63.125,0
1786404641039,4566.12,die0,4530,4530,0.304408,-1,63.1875,63.1875,0
1786404641139,4566.12,die0,4530,4530,0.304408,-1,63.1875,63.1875,0
1786404641239,4566.12,die0,4530,4530,0.304408,-1,63.1875,63.1875,0
1786404641339,4566.12,die0,4530,4530,0.304408,-1,63.1875,63.1875,0
1786404641439,4566.12,die0,4530,4530,0.304408,-1,63.1875,63.1875,0
1786404641539,4566.12,die0,4530,4530,0.304408,-1,63.1875,63.1875,0
1786404641639,4566.12,die0,4530,4530,0.304408,-1,63.1875,63.1875,0
1786404641739,4566.12,die0,4530,4530,0.304408,-1,63.1875,63.1875,0
1786404641839,4566.12,die0,4530,4530,0.304408,-1,63.1875,63.1875,0
1786404641939,4566.12,die0,4530,4530,0.304408,-1,63.1875,63.1875,0
1786404642039,4542.96,die0,4530,4530,0.302864,-1,63.125,63.125,0
1786404642139,4542.96,die0,4530,4530,0.302864,-1,63.125,63.125,0
1786404642239,4542.96,die0,4530,4530,0.302864,-1,63.125,63.125,0
1786404642339,4542.96,die0,4530,4530,0.302864,-1,63.125,63.125,0
1786404642439,4542.96,die0,4530,4530,0.302864,-1,63.125,63.125,0
1786404642539,4542.96,die0,4530,4530,0.302864,-1,63.125,63.125,0
1786404642639,4542.96,die0,4530,4530,0.302864,-1,63.125,63.125,0
1786404642739,4542.96,die0,4530,4530,0.302864,-1,63.125,63.125,0
1786404642839,4542.96,die0,4530,4530,0.302864,-1,63.125,63.125,0
1786404642939,4542.96,die0,4530,4530,0.302864,-1,63.125,63.125,0
1786404643039,4547.65,die0,4530,4530,0.303176,-1,63.1875,63.1875,0
1786404643139,4547.65,die0,4530,4530,0.303176,-1,63.1875,63.1875,0
1786404643239,4547.65,die0,4530,4530,0.303176,-1,63.1875,63.1875,0
1786404643339,4547.65,die0,4530,4530,0.303176,-1,63.1875,63.1875,0
1786404643439,4547.65,die0,4530,4530,0.303176,-1,63.1875,63.1875,0
1786404643539,4547.65,die0,4530,4530,0.303176,-1,63.1875,63.1875,0
1786404643639,4547.65,die0,4530,4530,0.303176,-1,63.1875,63.1875,0
1786404643739,4547.65,die0,4530,4530,0.303176,-1,63.1875,63.1875,0
1786404643839,4547.65,die0,4530,4530,0.303176,-1,63.1875,63.1875,0
1786404643939,4547.65,die0,4530,4530,0.303176,-1,63.1875,63.1875,0
1786404644039,4566.73,die0,4530,4530,0.304449,-1,63.3125,63.3125,0
1786404644139,4566.73,die0,4530,4530,0.304449,-1,63.3125,63.3125,0
1786404644239,4566.73,die0,4530,4530,0.304449,-1,63.3125,63.3125,0
1786404644339,4566.73,die0,4530,4530,0.304449,-1,63.3125,63.3125,0
1786404644439,4566.73,die0,4529,4529,0.304449,-1,63.3125,63.3125,0
1786404644539,4566.73,die0,4529,4529,0.304449,-1,63.3125,63.3125,0
1786404644639,4566.73,die0,4529,4529,0.304449,-1,63.3125,63.3125,0
1786404644739,4566.73,die0,4529,4529,0.304449,-1,63.3125,63.3125,0
1786404644839,4566.73,die0,4529,4529,0.304449,-1,63.3125,63.3125,0
1786404644939,4566.73,die0,4529,4529,0.304449,-1,63.3125,63.3125,0
1786404645039,4558.27,die0,4529,4529,0.303885,-1,63.3125,63.3125,0
1786404645139,4558.27,die0,4529,4529,0.303885,-1,63.3125,63.3125,0
1786404645239,4558.27,die0,4529,4529,0.303885,-1,63.3125,63.3125,0
1786404645339,4558.27,die0,4529,4529,0.303885,-1,63.3125,63.3125,0
1786404645439,4558.27,die0,4529,4529,0.303885,-1,63.3125,63.3125,0
1786404645539,4558.27,die0,4529,4529,0.303885,-1,63.3125,63.3125,0
1786404645639,4558.27,die0,4529,4529,0.303885,-1,63.3125,63.3125,0
1786404645739,4558.27,die0,4529,4529,0.303885,-1,63.3125,63.3125,0
1786404645839,4558.27,die0,4529,4529,0.303885,-1,63.3125,63.3125,0
1786404645939,4558.27,die0,4529,4529,0.303885,-1,63.3125,63.3125,0
1786404646039,4549.82,die0,4529,4529,0.303321,-1,63.3125,63.3125,0
1786404646139,4549.82,die0,4529,4529,0.303321,-1,63.3125,63.3125,0
1786404646239,4549.82,die0,4529,4529,0.303321,-1,63.3125,63.3125,0
1786404646339,4549.82,die0,4529,4529,0.303321,-1,63.3125,63.3125,0
1786404646439,4549.82,die0,4529,4529,0.303321,-1,63.3125,63.3125,0
1786404646539,4549.82,die0,4529,4529,0.303321,-1,63.3125,63.3125,0
1786404646639,4549.82,die0,4529,4529,0.303321,-1,63.3125,63.3125,0
1786404646739,4549.82,die0,4529,4529,0.303321,-1,63.3125,63.3125,0
1786404646839,4549.82,die0,4529,4529,0.303321,-1,63.3125,63.3125,0
1786404646939,4549.82,die0,4529,4529,0.303321,-1,63.3125,63.3125,0
1786404647039,4541.37,die0,4529,4529,0.302758,-1,63.3125,63.3125,0
1786404647139,4541.37,die0,4529,4529,0.302758,-1,63.3125,63.3125,0
1786404647239,4541.37,die0,4529,4529,0.302758,-1,63.3125,63.3125,0
1786404647339,4541.37,die0,4529,4529,0.302758,-1,63.3125,63.3125,0
1786404647439,4541.37,die0,4529,4529,0.302758,-1,63.3125,63.3125,0
1786404647539,4541.37,die0,4529,4529,0.302758,-1,63.3125,63.3125,0
1786404647639,4541.37,die0,4529,4529,0.302758,-1,63.3125,63.3125,0
1786404647739,4541.37,die0,4529,4529,0.302758,-1,63.3125,63.3125,0
1786404647839,4541.37,die0,4529,4529,0.302758,-1,63.3125,63.3125,0
1786404647939,4541.37,die0,4529,4529,0.302758,-1,63.3125,63.3125,0
1786404648039,4532.91,die0,4529,4529,0.302194,-1,63.3125,63.3125,0
1786404648139,4532.91,die0,4529,4529,0.302194,-1,63.3125,63.3125,0
1786404648239,4532.91,die0,4529,4529,0.302194,-1,63.3125,63.3125,0
1786404648339,4532.91,die0,4529,4529,0.302194,-1,63.3125,63.3125,0
1786404648439,4532.91,die0,4529,4529,0.302194,-1,63.3125,63.3125,0
1786404648539,4532.91,die0,4529,4529,0.302194,-1,63.3125,63.3125,0
1786404648639,4532.91,die0,4529,4529,0.302194,-1,63.3125,63.3125,0
1786404648739,4532.91,die0,4529,4529,0.302194,-1,63.3125,63.3125,0
1786404648839,4532.91,die0,4529,4529,0.302194,-1,63.3125,63.3125,0
1786404648939,4532.91,die0,4529,4529,0.302194,-1,63.3125,63.3125,0
1786404649039,4538.54,die0,4529,4529,0.302569,-1,63.375,63.375,0
1786404649139,4538.54,die0,4529,4529,0.302569,-1,63.375,63.375,0
1786404649239,4538.54,die0,4529,4529,0.302569,-1,63.375,63.375,0
1786404649339,4538.54,die0,4529,4529,0.302569,-1,63.375,63.375,0
1786404649439,4538.54,die0,4529,4529,0.302569,-1,63.375,63.375,0
1786404649539,4538.54,die0,4529,4529,0.302569,-1,63.375,63.375,0
1786404649639,4538.54,die0,4529,4529,0.302569,-1,63.375,63.375,0
1786404649739,4538.54,die0,4529,4529,0.302569,-1,63.375,63.375,0
1786404649839,4538.54,die0,4529,4529,0.302569,-1,63.375,63.375,0
1786404649939,4538.54,die0,4529,4529,0.302569,-1,63.375,63.375,0
1786404650039,4530.4,die0,4529,4529,0.302027,-1,63.375,63.375,0
1786404650139,4530.4,die0,4529,4529,0.302027,-1,63.375,63.375,0
1786404650239,4530.4,die0,4529,4529,0.302027,-1,63.375,63.375,0
1786404650339,4530.4,die0,4529,4529,0.302027,-1,63.375,63.375,0
1786404650439,4530.4,die0,4529,4529,0.302027,-1,63.375,63.375,0
1786404650539,4530.4,die0,4529,4529,0.302027,-1,63.375,63.375,0
1786404650639,4530.4,die0,4529,4529,0.302027,-1,63.375,63.375,0
1786404650739,4530.4,die0,4529,4529,0.302027,-1,63.375,63.375,0
1786404650839,4530.4,die0,4529,4529,0.302027,-1,63.375,63.375,0
1786404650939,4530.4,die0,4529,4529,0.302027,-1,63.375,63.375,0
1786404651039,4522.26,die0,4525,4525,0.301484,-1,63.375,63.375,0
1786404651139,4522.26,die0,4522,4522,0.301484,-1,63.375,63.375,0
1786404651239,4522.26,die0,4518,4518,0.301484,-1,63.375,63.375,0
1786404651339,4522.26,die0,4515,4515,0.301484,-1,63.375,63.375,0
1786404651439,4522.26,die0,4512,4512,0.301484,-1,63.375,63.375,0
1786404651539,4522.26,die0,4509,4509,0.301484,-1,63.375,63.375,0
1786404651639,4522.26,die0,4507,4507,0.301484,-1,63.375,63.375,0
1786404651739,4522.26,die0,4504,4504,0.301484,-1,63.375,63.375,0
1786404651839,4522.26,die0,4502,4502,0.301484,-1,63.375,63.375,0
1786404651939,4522.26,die0,4500,4500,0.301484,-1,63.375,63.375,0
1786404652039,4528.2,die0,4498,4498,0.30188,-1,63.4375,63.4375,0
1786404652139,4528.2,die0,4496,4496,0.30188,-1,63.4375,63.4375,0
1786404652239,4528.2,die0,4495,4495,0.30188,-1,63.4375,63.4375,0
1786404652339,4528.2,die0,4493,4493,0.30188,-1,63.4375,63.4375,0
1786404652439,4528.2,die0,4491,4491,0.30188,-1,63.4375,63.4375,0
1786404652539,4528.2,die0,4490,4490,0.30188,-1,63.4375,63.4375,0
1786404652639,4528.2,die0,4489,4489,0.30188,-1,63.4375,63.4375,0
1786404652739,4528.2,die0,4488,4488,0.30188,-1,63.4375,63.4375,0
1786404652839,4528.2,die0,4486,4486,0.30188,-1,63.4375,63.4375,0
1786404652939,4528.2,die0,4485,4485,0.30188,-1,63.4375,63.4375,0
1786404653039,4520.37,die0,4484,4484,0.301358,-1,63.4375,63.4375,0
1786404653139,4520.37,die0,4483,4483,0.301358,-1,63.4375,63.4375,0
1786404653239,4520.37,die0,4483,4483,0.301358,-1,63.4375,63.4375,0
1786404653339,4520.37,die0,4482,4482,0.301358,-1,63.4375,63.4375,0
1786404653439,4520.37,die0,4481,4481,0.301358,-1,63.4375,63.4375,0
1786404653539,4520.37,die0,4480,4480,0.301358,-1,63.4375,63.4375,0
1786404653639,4520.37,die0,4480,4480,0.301358,-1,63.4375,63.4375,0
1786404653739,4520.37,die0,4479,4479,0.301358,-1,63.4375,63.4375,0
1786404653839,4520.37,die0,4479,4479,0.301358,-1,63.4375,63.4375,0
1786404653939,4520.37,die0,4478,4478,0.301358,-1,63.4375,63.4375,0
1786404654039,4526.63,die0,4478,4478,0.301775,-1,63.5,63.5,0
1786404654139,4526.63,die0,4477,4477,0.301775,-1,63.5,63.5,0
1786404654239,4526.63,die0,4477,4477,0.301775,-1,63.5,63.5,0
1786404654339,4526.63,die0,4476,4476,0.301775,-1,63.5,63.5,0
1786404654439,4526.63,die0,4476,4476,0.301775,-1,63.5,63.5,0
1786404654539,4526.63,die0,4475,4475,0.301775,-1,63.5,63.5,0
1786404654639,4526.63,die0,4475,4475,0.301775,-1,63.5,63.5,0
1786404654739,4526.63,die0,4475,4475,0.301775,-1,63.5,63.5,0
1786404654839,4526.63,die0,4475,4475,0.301775,-1,63.5,63.5,0
1786404654939,4526.63,die0,4474,4474,0.301775,-1,63.5,63.5,0
1786404655039,4519.11,die0,4474,4474,0.301274,-1,63.5,63.5,0
1786404655139,4519.11,die0,4474,4474,0.301274,-1,63.5,63.5,0
1786404655239,4519.11,die0,4474,4474,0.301274,-1,63.5,63.5,0
1786404655339,4519.11,die0,4473,4473,0.301274,-1,63.5,63.5,0
1786404655439,4519.11,die0,4473,4473,0.301274,-1,63.5,63.5,0
1786404655539,4519.11,die0,4473,4473,0.301274,-1,63.5,63.5,0
1786404655639,4519.11,die0,4473,4473,0.301274,-1,63.5,63.5,0
1786404655739,4519.11,die0,4473,4473,0.301274,-1,63.5,63.5,0
1786404655839,4519.11,die0,4473,4473,0.301274,-1,63.5,63.5,0
1786404655939,4519.11,die0,4472,4472,0.301274,-1,63.5,63.5,0
1786404656039,4511.6,die0,4472,4472,0.300773,-1,63.5,63.5,0
1786404656139,4511.6,die0,4472,4472,0.300773,-1,63.5,63.5,0
1786404656239,4511.6,die0,4472,4472,0.300773,-1,63.5,63.5,0
1786404656339,4511.6,die0,4472,4472,0.300773,-1,63.5,63.5,0
1786404656439,4511.6,die0,4472,4472,0.300773,-1,63.5,63.5,0
1786404656539,4511.6,die0,4472,4472,0.300773,-1,63.5,63.5,0
1786404656639,4511.6,die0,4472,4472,0.300773,-1,63.5,63.5,0
1786404656739,4511.6,die0,4472,4472,0.300773,-1,63.5,63.5,0
1786404656839,4511.6,die0,4472,4472,0.300773,-1,63.5,63.5,0
1786404656939,4511.6,die0,4472,4472,0.300773,-1,63.5,63.5,0
1786404657039,4504.08,die0,4471,4471,0.300272,-1,63.5,63.5,0
1786404657139,4504.08,die0,4471,4471,0.300272,-1,63.5,63.5,0
1786404657239,4504.08,die0,4471,4471,0.300272,-1,63.5,63.5,0
1786404657339,4504.08,die0,4471,4471,0.300272,-1,63.5,63.5,0
1786404657439,4504.08,die0,4471,4471,0.300272,-1,63.5,63.5,0
1786404657539,4504.08,die0,4471,4471,0.300272,-1,63.5,63.5,0
1786404657639,4504.08,die0,4471,4471,0.300272,-1,63.5,63.5,0
1786404657739,4504.08,die0,4471,4471,0.300272,-1,63.5,63.5,0
1786404657839,4504.08,die0,4471,4471,0.300272,-1,63.5,63.5,0
1786404657939,4504.08,die0,4471,4471,0.300272,-1,63.5,63.5,0
1786404658039,4496.57,die0,4471,4471,0.3,-1,63.5,63.5,0
1786404658139,4496.57,die0,4471,4471,0.3,-1,63.5,63.5,0
1786404658239,4496.57,die0,4471,4471,0.3,-1,63.5,63.5,0
1786404658339,4496.57,die0,4471,4471,0.3,-1,63.5,63.5,0
1786404658439,4496.57,die0,4471,4471,0.3,-1,63.5,63.5,0
1786404658539,4496.57,die0,4471,4471,0.3,-1,63.5,63.5,0
1786404658639,4496.57,die0,4471,4471,0.3,-1,63.5,63.5,0
1786404658739,4496.57,die0,4471,4471,0.3,-1,63.5,63.5,0
1786404658839,4496.57,die0,4471,4471,0.3,-1,63.5,63.5,0
1786404658939,4496.57,die0,4471,4471,0.3,-1,63.5,63.5,0
1786404659039,4503.13,die0,4471,4471,0.300209,-1,63.5625,63.5625,0
1786404659139,4503.13,die0,4471,4471,0.300209,-1,63.5625,63.5625,0
1786404659239,4503.13,die0,4471,4471,0.300209,-1,63.5625,63.5625,0
1786404659339,4503.13,die0,4471,4471,0.300209,-1,63.5625,63.5625,0
1786404659439,4503.13,die0,4471,4471,0.300209,-1,63.5625,63.5625,0
1786404659539,4503.13,die0,4471,4471,0.300209,-1,63.5625,63.5625,0
1786404659639,4503.13,die0,4471,4471,0.300209,-1,63.5625,63.5625,0
1786404659739,4503.13,die0,4471,4471,0.300209,-1,63.5625,63.5625,0
1786404659839,4503.13,die0,4471,4471,0.300209,-1,63.5625,63.5625,0
1786404659939,4503.13,die0,4471,4471,0.300209,-1,63.5625,63.5625,0
1786404660039,4481.85,die0,4471,4471,0.3,-1,63.5,63.5,0
1786404660139,4481.85,die0,4471,4471,0.3,-1,63.5,63.5,0
1786404660239,4481.85,die0,4471,4471,0.3,-1,63.5,63.5,0
1786404660339,4481.85,die0,4471,4471,0.3,-1,63.5,63.5,0
1786404660439,4481.85,die0,4471,4471,0.3,-1,63.5,63.5,0
1786404660539,4481.85,die0,4471,4471,0.3,-1,63.5,63.5,0
1786404660639,4481.85,die0,4471,4471,0.3,-1,63.5,63.5,0
1786404660739,4481.85,die0,4471,4471,0.3,-1,63.5,63.5,0
1786404660839,4481.85,die0,4471,4471,0.3,-1,63.5,63.5,0
1786404660939,4481.85,die0,4471,4471,0.3,-1,63.5,63.5,0
1786404661039,4516.58,die0,4471,4471,0.301105,-1,63.6875,63.6875,0
1786404661139,4516.58,die0,4471,4471,0.301105,-1,63.6875,63.6875,0
1786404661239,4516.58,die0,4471,4471,0.301105,-1,63.6875,63.6875,0
1786404661339,4516.58,die0,4471,4471,0.301105,-1,63.6875,63.6875,0
1786404661439,4516.58,die0,4471,4471,0.301105,-1,63.6875,63.6875,0
1786404661539,4516.58,die0,4471,4471,0.301105,-1,63.6875,63.6875,0
1786404661639,4516.58,die0,4471,4471,0.301105,-1,63.6875,63.6875,0
1786404661739,4516.58,die0,4471,4471,0.301105,-1,63.6875,63.6875,0
1786404661839,4516.58,die0,4471,4471,0.301105,-1,63.6875,63.6875,0
1786404661939,4516.58,die0,4471,4471,0.301105,-1,63.6875,63.6875,0
1786404662039,4481.84,die0,4471,4471,0.3,-1,63.5625,63.5625,0
1786404662139,4481.84,die0,4471,4471,0.3,-1,63.5625,63.5625,0
1786404662239,4481.84,die0,4471,4471,0.3,-1,63.5625,63.5625,0
1786404662339,4481.84,die0,4471,4471,0.3,-1,63.5625,63.5625,0
1786404662439,4481.84,die0,4471,4471,0.3,-1,63.5625,63.5625,0
1786404662539,4481.84,die0,4471,4471,0.3,-1,63.5625,63.5625,0
1786404662639,4481.84,die0,4471,4471,0.3,-1,63.5625,63.5625,0
1786404662739,4481.84,die0,4471,4471,0.3,-1,63.5625,63.5625,0
1786404662839,4481.84,die0,4471,4471,0.3,-1,63.5625,63.5625,0
1786404662939,4481.84,die0,4471,4471,0.3,-1,63.5625,63.5625,0
1786404663039,4488.72,die0,4471,4471,0.3,-1,63.625,63.625,0
1786404663139,4488.72,die0,4471,4471,0.3,-1,63.625,63.625,0
1786404663239,4488.72,die0,4471,4471,0.3,-1,63.625,63.625,0
1786404663339,4488.72,die0,4471,4471,0.3,-1,63.625,63.625,0
1786404663439,4488.72,die0,4471,4471,0.3,-1,63.625,63.625,0
1786404663539,4488.72,die0,4471,4471,0.3,-1,63.625,63.625,0
1786404663639,4488.72,die0,4471,4471,0.3,-1,63.625,63.625,0
1786404663739,4488.72,die0,4471,4471,0.3,-1,63.625,63.625,0
1786404663839,4488.72,die0,4471,4471,0.3,-1,63.625,63.625,0
1786404663939,4488.72,die0,4471,4471,0.3,-1,63.625,63.625,0
1786404664039,4467.75,die0,4471,4471,0.3,-1,63.5625,63.5625,0
1786404664139,4467.75,die0,4471,4471,0.3,-1,63.5625,63.5625,0
1786404664239,4467.75,die0,4471,4471,0.3,-1,63.5625,63.5625,0
1786404664339,4467.75,die0,4471,4471,0.3,-1,63.5625,63.5625,0
1786404664439,4467.75,die0,4471,4471,0.3,-1,63.5625,63.5625,0
1786404664539,4467.75,die0,4471,4471,0.3,-1,63.5625,63.5625,0
1786404664639,4467.75,die0,4471,4471,0.3,-1,63.5625,63.5625,0
1786404664739,4467.75,die0,4471,4471,0.3,-1,63.5625,63.5625,0
1786404664839,4467.75,die0,4471,4471,0.3,-1,63.5625,63.5625,0
1786404664939,4467.75,die0,4471,4471,0.3,-1,63.5625,63.5625,0
1786404665039,4474.63,die0,4471,4471,0.3,-1,63.625,63.625,0
1786404665139,4474.63,die0,4471,4471,0.3,-1,63.625,63.625,0
1786404665239,4474.63,die0,4471,4471,0.3,-1,63.625,63.625,0
1786404665339,4474.63,die0,4471,4471,0.3,-1,63.625,63.625,0
1786404665439,4474.63,die0,4471,4471,0.3,-1,63.625,63.625,0
1786404665539,4474.63,die0,4471,4471,0.3,-1,63.625,63.625,0
1786404665639,4474.63,die0,4471,4471,0.3,-1,63.625,63.625,0
1786404665739,4474.63,die0,4471,4471,0.3,-1,63.625,63.625,0
1786404665839,4474.63,die0,4471,4471,0.3,-1,63.625,63.625,0
1786404665939,4474.63,die0,4471,4471,0.3,-1,63.625,63.625,0
1786404666039,4467.75,die0,4471,4471,0.3,-1,63.625,63.625,0
1786404666139,4467.75,die0,4471,4471,0.3,-1,63.625,63.625,0
1786404666239,4467.75,die0,4471,4471,0.3,-1,63.625,63.625,0
1786404666339,4467.75,die0,4471,4471,0.3,-1,63.625,63.625,0
1786404666439,4467.75,die0,4471,4471,0.3,-1,63.625,63.625,0
1786404666539,4467.75,die0,4471,4471,0.3,-1,63.625,63.625,0
1786404666639,4467.75,die0,4471,4471,0.3,-1,63.625,63.625,0
1786404666739,4467.75,die0,4471,4471,0.3,-1,63.625,63.625,0
1786404666839,4467.75,die0,4471,4471,0.3,-1,63.625,63.625,0
1786404666939,4467.75,die0,4471,4471,0.3,-1,63.625,63.625,0
1786404667039,4474.94,die0,4471,4471,0.3,-1,63.6875,63.6875,0
1786404667139,4474.94,die0,4471,4471,0.3,-1,63.6875,63.6875,0
1786404667239,4474.94,die0,4471,4471,0.3,-1,63.6875,63.6875,0
1786404667339,4474.94,die0,4471,4471,0.3,-1,63.6875,63.6875,0
1786404667439,4474.94,die0,4471,4471,0.3,-1,63.6875,63.6875,0
1786404667539,4474.94,die0,4471,4471,0.3,-1,63.6875,63.6875,0
1786404667639,4474.94,die0,4471,4471,0.3,-1,63.6875,63.6875,0
1786404667739,4474.94,die0,4471,4471,0.3,-1,63.6875,63.6875,0
1786404667839,4474.94,die0,4471,4471,0.3,-1,63.6875,63.6875,0
1786404667939,4474.94,die0,4471,4471,0.3,-1,63.6875,63.6875,0
1786404668039,4468.36,die0,4471,4471,0.3,-1,63.6875,63.6875,0
1786404668139,4468.36,die0,4471,4471,0.3,-1,63.6875,63.6875,0
1786404668239,4468.36,die0,4471,4471,0.3,-1,63.6875,63.6875,0
1786404668339,4468.36,die0,4471,4471,0.3,-1,63.6875,63.6875,0
1786404668439,4468.36,die0,4471,4471,0.3,-1,63.6875,63.6875,0
1786404668539,4468.36,die0,4471,4471,0.3,-1,63.6875,63.6875,0
1786404668639,4468.36,die0,4471,4471,0.3,-1,63.6875,63.6875,0
1786404668739,4468.36,die0,4471,4471,0.3,-1,63.6875,63.6875,0
1786404668839,4468.36,die0,4471,4471,0.3,-1,63.6875,63.6875,0
1786404668939,4468.36,die0,4471,4471,0.3,-1,63.6875,63.6875,0
1786404669039,4475.87,die0,4471,4471,0.3,-1,63.75,63.75,0
1786404669139,4475.87,die0,4471,4471,0.3,-1,63.75,63.75,0
1786404669239,4475.87,die0,4471,4471,0.3,-1,63.75,63.75,0
1786404669339,4475.87,die0,4471,4471,0.3,-1,63.75,63.75,0
1786404669439,4475.87,die0,4471,4471,0.3,-1,63.75,63.75,0
1786404669539,4475.87,die0,4471,4471,0.3,-1,63.75,63.75,0
1786404669639,4475.87,die0,4471,4471,0.3,-1,63.75,63.75,0
1786404669739,4475.87,die0,4471,4471,0.3,-1,63.75,63.75,0
1786404669839,4475.87,die0,4471,4471,0.3,-1,63.75,63.75,0
1786404669939,4475.87,die0,4471,4471,0.3,-1,63.75,63.75,0
1786404670039,4455.53,die0,4471,4471,0.3,-1,63.6875,63.6875,0
1786404670139,4455.53,die0,4471,4471,0.3,-1,63.6875,63.6875,0
1786404670239,4455.53,die0,4471,4471,0.3,-1,63.6875,63.6875,0
1786404670339,4455.53,die0,4471,4471,0.3,-1,63.6875,63.6875,0
1786404670439,4455.53,die0,4471,4471,0.3,-1,63.6875,63.6875,0
1786404670539,4455.53,die0,4471,4471,0.3,-1,63.6875,63.6875,0
1786404670639,4455.53,die0,4471,4471,0.3,-1,63.6875,63.6875,0
1786404670739,4455.53,die0,4471,4471,0.3,-1,63.6875,63.6875,0
1786404670839,4455.53,die0,4471,4471,0.3,-1,63.6875,63.6875,0
1786404670939,4455.53,die0,4471,4471,0.3,-1,63.6875,63.6875,0
1786404671039,4448.95,die0,4471,4471,0.3,-1,63.6875,63.6875,0
1786404671139,4448.95,die0,4471,4471,0.3,-1,63.6875,63.6875,0
1786404671239,4448.95,die0,4471,4471,0.3,-1,63.6875,63.6875,0
1786404671339,4448.95,die0,4471,4471,0.3,-1,63.6875,63.6875,0
1786404671439,4448.95,die0,4471,4471,0.3,-1,63.6875,63.6875,0
1786404671539,4448.95,die0,4471,4471,0.3,-1,63.6875,63.6875,0
1786404671639,4448.95,die0,4471,4471,0.3,-1,63.6875,63.6875,0
1786404671739,4448.95,die0,4471,4471,0.3,-1,63.6875,63.6875,0
1786404671839,4448.95,die0,4471,4471,0.3,-1,63.6875,63.6875,0
1786404671939,4448.95,die0,4471,4471,0.3,-1,63.6875,63.6875,0
1786404672039,4442.38,die0,4471,4471,0.3,-1,63.6875,63.6875,0
1786404672139,4442.38,die0,4471,4471,0.3,-1,63.6875,63.6875,0
1786404672239,4442.38,die0,4471,4471,0.3,-1,63.6875,63.6875,0
1786404672339,4442.38,die0,4471,4471,0.3,-1,63.6875,63.6875,0
1786404672439,4442.38,die0,4471,4471,0.3,-1,63.6875,63.6875,0
1786404672539,4442.38,die0,4471,4471,0.3,-1,63.6875,63.6875,0
1786404672639,4442.38,die0,4471,4471,0.3,-1,63.6875,63.6875,0
1786404672739,4442.38,die0,4471,4471,0.3,-1,63.6875,63.6875,0
1786404672839,4442.38,die0,4471,4471,0.3,-1,63.6875,63.6875,0
1786404672939,4442.38,die0,4471,4471,0.3,-1,63.6875,63.6875,0
1786404673039,4435.8,die0,4471,4471,0.3,-1,63.6875,63.6875,0
1786404673139,4435.8,die0,4471,4471,0.3,-1,63.6875,63.6875,0
1786404673239,4435.8,die0,4471,4471,0.3,-1,63.6875,63.6875,0
1786404673339,4435.8,die0,4471,4471,0.3,-1,63.6875,63.6875,0
1786404673439,4435.8,die0,4471,4471,0.3,-1,63.6875,63.6875,0
1786404673539,4435.8,die0,4471,4471,0.3,-1,63.6875,63.6875,0
1786404673639,4435.8,die0,4471,4471,0.3,-1,63.6875,63.6875,0
1786404673739,4435.8,die0,4471,4471,0.3,-1,63.6875,63.6875,0
1786404673839,4435.8,die0,4471,4471,0.3,-1,63.6875,63.6875,0
1786404673939,4435.8,die0,4471,4471,0.3,-1,63.6875,63.6875,0
1786404674039,4443.31,die0,4471,4471,0.3,-1,63.75,63.75,0
1786404674139,4443.31,die0,4471,4471,0.3,-1,63.75,63.75,0
1786404674239,4443.31,die0,4471,4471,0.3,-1,63.75,63.75,0
1786404674339,4443.31,die0,4471,4471,0.3,-1,63.75,63.75,0
1786404674439,4443.31,die0,4471,4471,0.3,-1,63.75,63.75,0
1786404674539,4443.31,die0,4471,4471,0.3,-1,63.75,63.75,0
1786404674639,4443.31,die0,4471,4471,0.3,-1,63.75,63.75,0
1786404674739,4443.31,die0,4471,4471,0.3,-1,63.75,63.75,0
1786404674839,4443.31,die0,4471,4471,0.3,-1,63.75,63.75,0
1786404674939,4443.31,die0,4471,4471,0.3,-1,63.75,63.75,0
1786404675039,4451.13,die0,4471,4471,0.3,-1,63.8125,63.8125,0
1786404675139,4451.13,die0,4471,4471,0.3,-1,63.8125,63.8125,0
1786404675239,4451.13,die0,4471,4471,0.3,-1,63.8125,63.8125,0
1786404675339,4451.13,die0,4471,4471,0.3,-1,63.8125,63.8125,0
1786404675439,4451.13,die0,4471,4471,0.3,-1,63.8125,63.8125,0
1786404675539,4451.13,die0,4471,4471,0.3,-1,63.8125,63.8125,0
1786404675639,4451.13,die0,4471,4471,0.3,-1,63.8125,63.8125,0
1786404675739,4451.13,die0,4471,4471,0.3,-1,63.8125,63.8125,0
1786404675839,4451.13,die0,4471,4471,0.3,-1,63.8125,63.8125,0
1786404675939,4451.13,die0,4471,4471,0.3,-1,63.8125,63.8125,0
1786404676039,4445.18,die0,4471,4471,0.3,-1,63.8125,63.8125,0
1786404676139,4445.18,die0,4471,4471,0.3,-1,63.8125,63.8125,0
1786404676239,4445.18,die0,4471,4471,0.3,-1,63.8125,63.8125,0
1786404676339,4445.18,die0,4471,4471,0.3,-1,63.8125,63.8125,0
1786404676439,4445.18,die0,4471,4471,0.3,-1,63.8125,63.8125,0
1786404676539,4445.18,die0,4471,4471,0.3,-1,63.8125,63.8125,0
1786404676639,4445.18,die0,4471,4471,0.3,-1,63.8125,63.8125,0
1786404676739,4445.18,die0,4471,4471,0.3,-1,63.8125,63.8125,0
1786404676839,4445.18,die0,4471,4471,0.3,-1,63.8125,63.8125,0
1786404676939,4445.18,die0,4471,4471,0.3,-1,63.8125,63.8125,0
1786404677039,4439.23,die0,4471,4471,0.3,-1,63.8125,63.8125,0
1786404677139,4439.23,die0,4471,4471,0.3,-1,63.8125,63.8125,0
1786404677239,4439.23,die0,4471,4471,0.3,-1,63.8125,63.8125,0
1786404677339,4439.23,die0,4471,4471,0.3,-1,63.8125,63.8125,0
1786404677439,4439.23,die0,4471,4471,0.3,-1,63.8125,63.8125,0
1786404677539,4439.23,die0,4471,4471,0.3,-1,63.8125,63.8125,0
1786404677639,4439.23,die0,4471,4471,0.3,-1,63.8125,63.8125,0
1786404677739,4439.23,die0,4471,4471,0.3,-1,63.8125,63.8125,0
1786404677839,4439.23,die0,4471,4471,0.3,-1,63.8125,63.8125,0
1786404677939,4439.23,die0,4471,4471,0.3,-1,63.8125,63.8125,0
1786404678039,4433.28,die0,4471,4471,0.3,-1,63.8125,63.8125,0
1786404678139,4433.28,die0,4471,4471,0.3,-1,63.8125,63.8125,0
1786404678239,4433.28,die0,4471,4471,0.3,-1,63.8125,63.8125,0
1786404678339,4433.28,die0,4471,4471,0.3,-1,63.8125,63.8125,0
1786404678439,4433.28,die0,4471,4471,0.3,-1,63.8125,63.8125,0
1786404678539,4433.28,die0,4471,4471,0.3,-1,63.8125,63.8125,0
1786404678639,4433.28,die0,4471,4471,0.3,-1,63.8125,63.8125,0
1786404678739,4433.28,die0,4471,4471,0.3,-1,63.8125,63.8125,0
1786404678839,4433.28,die0,4471,4471,0.3,-1,63.8125,63.8125,0
1786404678939,4433.28,die0,4471,4471,0.3,-1,63.8125,63.8125,0
1786404679039,4427.33,die0,4471,4471,0.3,-1,63.8125,63.8125,0
1786404679139,4427.33,die0,4471,4471,0.3,-1,63.8125,63.8125,0
1786404679239,4427.33,die0,4471,4471,0.3,-1,63.8125,63.8125,0
1786404679339,4427.33,die0,4471,4471,0.3,-1,63.8125,63.8125,0
1786404679439,4427.33,die0,4471,4471,0.3,-1,63.8125,63.8125,0
1786404679539,4427.33,die0,4471,4471,0.3,-1,63.8125,63.8125,0
1786404679639,4427.33,die0,4471,4471,0.3,-1,63.8125,63.8125,0
1786404679739,4427.33,die0,4471,4471,0.3,-1,63.8125,63.8125,0
1786404679839,4427.33,die0,4471,4471,0.3,-1,63.8125,63.8125,0
1786404679939,4427.33,die0,4471,4471,0.3,-1,63.8125,63.8125,0
1786404680039,4421.38,die0,4471,4471,0.3,-1,63.8125,63.8125,0
1786404680139,4421.38,die0,4471,4471,0.3,-1,63.8125,63.8125,0
1786404680239,4421.38,die0,4471,4471,0.3,-1,63.8125,63.8125,0
1786404680339,4421.38,die0,4471,4471,0.3,-1,63.8125,63.8125,0
1786404680439,4421.38,die0,4471,4471,0.3,-1,63.8125,63.8125,0
1786404680539,4421.38,die0,4471,4471,0.3,-1,63.8125,63.8125,0
1786404680639,4421.38,die0,4471,4471,0.3,-1,63.8125,63.8125,0
1786404680739,4421.38,die0,4471,4471,0.3,-1,63.8125,63.8125,0
1786404680839,4421.38,die0,4471,4471,0.3,-1,63.8125,63.8125,0
1786404680939,4421.38,die0,4471,4471,0.3,-1,63.8125,63.8125,0
1786404681039,4429.51,die0,4471,4471,0.3,-1,63.875,63.875,0
1786404681139,4429.51,die0,4471,4471,0.3,-1,63.875,63.875,0
1786404681239,4429.51,die0,4471,4471,0.3,-1,63.875,63.875,0
1786404681339,4429.51,die0,4471,4471,0.3,-1,63.875,63.875,0
1786404681439,4429.51,die0,4471,4471,0.3,-1,63.875,63.875,0
1786404681539,4429.51,die0,4471,4471,0.3,-1,63.875,63.875,0
1786404681639,4429.51,die0,4471,4471,0.3,-1,63.875,63.875,0
1786404681739,4429.51,die0,4471,4471,0.3,-1,63.875,63.875,0
1786404681839,4429.51,die0,4471,4471,0.3,-1,63.875,63.875,0
1786404681939,4429.51,die0,4471,4471,0.3,-1,63.875,63.875,0
1786404682039,4423.88,die0,4471,4471,0.3,-1,63.875,63.875,0
1786404682139,4423.88,die0,4471,4471,0.3,-1,63.875,63.875,0
1786404682239,4423.88,die0,4471,4471,0.3,-1,63.875,63.875,0
1786404682339,4423.88,die0,4471,4471,0.3,-1,63.875,63.875,0
1786404682439,4423.88,die0,4471,4471,0.3,-1,63.875,63.875,0
1786404682539,4423.88,die0,4471,4471,0.3,-1,63.875,63.875,0
1786404682639,4423.88,die0,4471,4471,0.3,-1,63.875,63.875,0
1786404682739,4423.88,die0,4471,4471,0.3,-1,63.875,63.875,0
1786404682839,4423.88,die0,4471,4471,0.3,-1,63.875,63.875,0
1786404682939,4423.88,die0,4471,4471,0.3,-1,63.875,63.875,0
1786404683039,4404.16,die0,4471,4471,0.3,-1,63.8125,63.8125,0
1786404683139,4404.16,die0,4471,4471,0.3,-1,63.8125,63.8125,0
1786404683239,4404.16,die0,4471,4471,0.3,-1,63.8125,63.8125,0
1786404683339,4404.16,die0,4471,4471,0.3,-1,63.8125,63.8125,0
1786404683439,4404.16,die0,4471,4471,0.3,-1,63.8125,63.8125,0
1786404683539,4404.16,die0,4471,4471,0.3,-1,63.8125,63.8125,0
1786404683639,4404.16,die0,4471,4471,0.3,-1,63.8125,63.8125,0
1786404683739,4404.16,die0,4471,4471,0.3,-1,63.8125,63.8125,0
1786404683839,4404.16,die0,4471,4471,0.3,-1,63.8125,63.8125,0
1786404683939,4404.16,die0,4471,4471,0.3,-1,63.8125,63.8125,0
1786404684039,4426.37,die0,4471,4471,0.3,-1,63.9375,63.9375,0
1786404684139,4426.37,die0,4471,4471,0.3,-1,63.9375,63.9375,0
1786404684239,4426.37,die0,4471,4471,0.3,-1,63.9375,63.9375,0
1786404684339,4426.37,die0,4471,4471,0.3,-1,63.9375,63.9375,0
1786404684439,4426.37,die0,4471,4471,0.3,-1,63.9375,63.9375,0
1786404684539,4426.37,die0,4471,4471,0.3,-1,63.9375,63.9375,0
1786404684639,4426.37,die0,4471,4471,0.3,-1,63.9375,63.9375,0
1786404684739,4426.37,die0,4471,4471,0.3,-1,63.9375,63.9375,0
1786404684839,4426.37,die0,4471,4471,0.3,-1,63.9375,63.9375,0
1786404684939,4426.37,die0,4471,4471,0.3,-1,63.9375,63.9375,0
1786404685039,4421.05,die0,4471,4471,0.3,-1,63.9375,63.9375,0
1786404685139,4421.05,die0,4471,4471,0.3,-1,63.9375,63.9375,0
1786404685239,4421.05,die0,4471,4471,0.3,-1,63.9375,63.9375,0
1786404685339,4421.05,die0,4471,4471,0.3,-1,63.9375,63.9375,0
1786404685439,4421.05,die0,4471,4471,0.3,-1,63.9375,63.9375,0
1786404685539,4421.05,die0,4471,4471,0.3,-1,63.9375,63.9375,0
1786404685639,4421.05,die0,4471,4471,0.3,-1,63.9375,63.9375,0
1786404685739,4421.05,die0,4471,4471,0.3,-1,63.9375,63.9375,0
1786404685839,4421.05,die0,4471,4471,0.3,-1,63.9375,63.9375,0
1786404685939,4421.05,die0,4471,4471,0.3,-1,63.9375,63.9375,0
1786404686039,4415.73,die0,4471,4471,0.3,-1,63.9375,63.9375,0
1786404686139,4415.73,die0,4471,4471,0.3,-1,63.9375,63.9375,0
1786404686239,4415.73,die0,4471,4471,0.3,-1,63.9375,63.9375,0
1786404686339,4415.73,die0,4471,4471,0.3,-1,63.9375,63.9375,0
1786404686439,4415.73,die0,4471,4471,0.3,-1,63.9375,63.9375,0
1786404686539,4415.73,die0,4471,4471,0.3,-1,63.9375,63.9375,0
1786404686639,4415.73,die0,4471,4471,0.3,-1,63.9375,63.9375,0
1786404686739,4415.73,die0,4471,4471,0.3,-1,63.9375,63.9375,0
1786404686839,4415.73,die0,4471,4471,0.3,-1,63.9375,63.9375,0
1786404686939,4415.73,die0,4471,4471,0.3,-1,63.9375,63.9375,0
1786404687039,4410.41,die0,4471,4471,0.3,-1,63.9375,63.9375,0
1786404687139,4410.41,die0,4471,4471,0.3,-1,63.9375,63.9375,0
1786404687239,4410.41,die0,4471,4471,0.3,-1,63.9375,63.9375,0
1786404687339,4410.41,die0,4471,4471,0.3,-1,63.9375,63.9375,0
1786404687439,4410.41,die0,4471,4471,0.3,-1,63.9375,63.9375,0
1786404687539,4410.41,die0,4471,4471,0.3,-1,63.9375,63.9375,0
1786404687639,4410.41,die0,4471,4471,0.3,-1,63.9375,63.9375,0
1786404687739,4410.41,die0,4471,4471,0.3,-1,63.9375,63.9375,0
1786404687839,4410.41,die0,4471,4471,0.3,-1,63.9375,63.9375,0
1786404687939,4410.41,die0,4471,4471,0.3,-1,63.9375,63.9375,0
1786404688039,4391,die0,4471,4471,0.3,-1,63.875,63.875,0
1786404688139,4391,die0,4471,4471,0.3,-1,63.875,63.875,0
1786404688239,4391,die0,4471,4471,0.3,-1,63.875,63.875,0
1786404688339,4391,die0,4471,4471,0.3,-1,63.875,63.875,0
1786404688439,4391,die0,4471,4471,0.3,-1,63.875,63.875,0
1786404688539,4391,die0,4471,4471,0.3,-1,63.875,63.875,0
1786404688639,4391,die0,4471,4471,0.3,-1,63.875,63.875,0
1786404688739,4391,die0,4471,4471,0.3,-1,63.875,63.875,0
1786404688839,4391,die0,4471,4471,0.3,-1,63.875,63.875,0
1786404688939,4391,die0,4471,4471,0.3,-1,63.875,63.875,0
1786404689039,4413.53,die0,4471,4471,0.3,-1,64,64,0
1786404689139,4413.53,die0,4471,4471,0.3,-1,64,64,0
1786404689239,4413.53,die0,4471,4471,0.3,-1,64,64,0
1786404689339,4413.53,die0,4471,4471,0.3,-1,64,64,0
1786404689439,4413.53,die0,4471,4471,0.3,-1,64,64,0
1786404689539,4413.53,die0,4471,4471,0.3,-1,64,64,0
1786404689639,4413.53,die0,4471,4471,0.3,-1,64,64,0
1786404689739,4413.53,die0,4471,4471,0.3,-1,64,64,0
1786404689839,4413.53,die0,4471,4471,0.3,-1,64,64,0
1786404689939,4413.53,die0,4471,4471,0.3,-1,64,64,0
1786404690039,4408.52,die0,4471,4471,0.3,-1,64,64,0
1786404690139,4408.52,die0,4471,4471,0.3,-1,64,64,0
1786404690239,4408.52,die0,4471,4471,0.3,-1,64,64,0
1786404690339,4408.52,die0,4471,4471,0.3,-1,64,64,0
1786404690439,4408.52,die0,4471,4471,0.3,-1,64,64,0
1786404690539,4408.52,die0,4471,4471,0.3,-1,64,64,0
1786404690639,4408.52,die0,4471,4471,0.3,-1,64,64,0
1786404690739,4408.52,die0,4471,4471,0.3,-1,64,64,0
1786404690839,4408.52,die0,4471,4471,0.3,-1,64,64,0
1786404690939,4408.52,die0,4471,4471,0.3,-1,64,64,0
1786404691039,4389.43,die0,4471,4471,0.3,-1,63.9375,63.9375,0
1786404691139,4389.43,die0,4471,4471,0.3,-1,63.9375,63.9375,0
1786404691239,4389.43,die0,4471,4471,0.3,-1,63.9375,63.9375,0
1786404691339,4389.43,die0,4471,4471,0.3,-1,63.9375,63.9375,0
1786404691439,4389.43,die0,4471,4471,0.3,-1,63.9375,63.9375,0
1786404691539,4389.43,die0,4471,4471,0.3,-1,63.9375,63.9375,0
1786404691639,4389.43,die0,4471,4471,0.3,-1,63.9375,63.9375,0
1786404691739,4389.43,die0,4471,4471,0.3,-1,63.9375,63.9375,0
1786404691839,4389.43,die0,4471,4471,0.3,-1,63.9375,63.9375,0
1786404691939,4389.43,die0,4471,4471,0.3,-1,63.9375,63.9375,0
1786404692039,4398.19,die0,4471,4471,0.3,-1,64,64,0
1786404692139,4398.19,die0,4471,4471,0.3,-1,64,64,0
1786404692239,4398.19,die0,4471,4471,0.3,-1,64,64,0
1786404692339,4398.19,die0,4471,4471,0.3,-1,64,64,0
1786404692439,4398.19,die0,4471,4471,0.3,-1,64,64,0
1786404692539,4398.19,die0,4471,4471,0.3,-1,64,64,0
1786404692639,4398.19,die0,4471,4471,0.3,-1,64,64,0
1786404692739,4398.19,die0,4471,4471,0.3,-1,64,64,0
1786404692839,4398.19,die0,4471,4471,0.3,-1,64,64,0
1786404692939,4398.19,die0,4471,4471,0.3,-1,64,64,0
1786404693039,4393.18,die0,4471,4471,0.3,-1,64,64,0
1786404693139,4393.18,die0,4471,4471,0.3,-1,64,64,0
1786404693239,4393.18,die0,4471,4471,0.3,-1,64,64,0
1786404693339,4393.18,die0,4471,4471,0.3,-1,64,64,0
1786404693439,4393.18,die0,4471,4471,0.3,-1,64,64,0
1786404693539,4393.18,die0,4471,4471,0.3,-1,64,64,0
1786404693639,4393.18,die0,4471,4471,0.3,-1,64,64,0
1786404693739,4393.18,die0,4471,4471,0.3,-1,64,64,0
1786404693839,4393.18,die0,4471,4471,0.3,-1,64,64,0
1786404693939,4393.18,die0,4471,4471,0.3,-1,64,64,0
1786404694039,4388.17,die0,4471,4471,0.3,-1,64,64,0
1786404694139,4388.17,die0,4471,4471,0.3,-1,64,64,0
1786404694239,4388.17,die0,4471,4471,0.3,-1,64,64,0
1786404694339,4388.17,die0,4471,4471,0.3,-1,64,64,0
1786404694439,4388.17,die0,4471,4471,0.3,-1,64,64,0
1786404694539,4388.17,die0,4471,4471,0.3,-1,64,64,0
1786404694639,4388.17,die0,4471,4471,0.3,-1,64,64,0
1786404694739,4388.17,die0,4471,4471,0.3,-1,64,64,0
1786404694839,4388.17,die0,4471,4471,0.3,-1,64,64,0
1786404694939,4388.17,die0,4471,4471,0.3,-1,64,64,0
1786404695039,4397.24,die0,4471,4471,0.3,-1,64.0625,64.0625,0
1786404695139,4397.24,die0,4471,4471,0.3,-1,64.0625,64.0625,0
1786404695239,4397.24,die0,4471,4471,0.3,-1,64.0625,64.0625,0
1786404695339,4397.24,die0,4471,4471,0.3,-1,64.0625,64.0625,0
1786404695439,4397.24,die0,4471,4471,0.3,-1,64.0625,64.0625,0
1786404695539,4397.24,die0,4471,4471,0.3,-1,64.0625,64.0625,0
1786404695639,4397.24,die0,4471,4471,0.3,-1,64.0625,64.0625,0
1786404695739,4397.24,die0,4471,4471,0.3,-1,64.0625,64.0625,0
1786404695839,4397.24,die0,4471,4471,0.3,-1,64.0625,64.0625,0
1786404695939,4397.24,die0,4471,4471,0.3,-1,64.0625,64.0625,0
1786404696039,4378.46,die0,4471,4471,0.3,-1,64,64,0
1786404696139,4378.46,die0,4471,4471,0.3,-1,64,64,0
1786404696239,4378.46,die0,4471,4471,0.3,-1,64,64,0
1786404696339,4378.46,die0,4471,4471,0.3,-1,64,64,0
1786404696439,4378.46,die0,4471,4471,0.3,-1,64,64,0
1786404696539,4378.46,die0,4471,4471,0.3,-1,64,64,0
1786404696639,4378.46,die0,4471,4471,0.3,-1,64,64,0
1786404696739,4378.46,die0,4471,4471,0.3,-1,64,64,0
1786404696839,4378.46,die0,4471,4471,0.3,-1,64,64,0
1786404696939,4378.46,die0,4471,4471,0.3,-1,64,64,0
1786404697039,4373.45,die0,4471,4471,0.3,-1,64,64,0
1786404697139,4373.45,die0,4471,4471,0.3,-1,64,64,0
1786404697239,4373.45,die0,4471,4471,0.3,-1,64,64,0
1786404697339,4373.45,die0,4471,4471,0.3,-1,64,64,0
1786404697439,4373.45,die0,4471,4471,0.3,-1,64,64,0
1786404697539,4373.45,die0,4471,4471,0.3,-1,64,64,0
1786404697639,4373.45,die0,4471,4471,0.3,-1,64,64,0
1786404697739,4373.45,die0,4471,4471,0.3,-1,64,64,0
1786404697839,4373.45,die0,4471,4471,0.3,-1,64,64,0
1786404697939,4373.45,die0,4471,4471,0.3,-1,64,64,0
1786404698039,4368.44,die0,4471,4471,0.3,-1,64,64,0
1786404698139,4368.44,die0,4471,4471,0.3,-1,64,64,0
1786404698239,4368.44,die0,4471,4471,0.3,-1,64,64,0
1786404698339,4368.44,die0,4471,4471,0.3,-1,64,64,0
1786404698439,4368.44,die0,4471,4471,0.3,-1,64,64,0
1786404698539,4368.44,die0,4471,4471,0.3,-1,64,64,0
1786404698639,4368.44,die0,4471,4471,0.3,-1,64,64,0
1786404698739,4368.44,die0,4471,4471,0.3,-1,64,64,0
1786404698839,4368.44,die0,4471,4471,0.3,-1,64,64,0
1786404698939,4368.44,die0,4471,4471,0.3,-1,64,64,0
1786404699039,4391.59,die0,4471,4471,0.3,-1,64.125,64.125,0
1786404699139,4391.59,die0,4471,4471,0.3,-1,64.125,64.125,0
1786404699239,4391.59,die0,4471,4471,0.3,-1,64.125,64.125,0
1786404699339,4391.59,die0,4471,4471,0.3,-1,64.125,64.125,0
1786404699439,4391.59,die0,4471,4471,0.3,-1,64.125,64.125,0
1786404699539,4391.59,die0,4471,4471,0.3,-1,64.125,64.125,0
1786404699639,4391.59,die0,4471,4471,0.3,-1,64.125,64.125,0
1786404699739,4391.59,die0,4471,4471,0.3,-1,64.125,64.125,0
1786404699839,4391.59,die0,4471,4471,0.3,-1,64.125,64.125,0
1786404699939,4391.59,die0,4471,4471,0.3,-1,64.125,64.125,0
1786404700039,4387.21,die0,4471,4471,0.3,-1,64.125,64.125,0
1786404700139,4387.21,die0,4471,4471,0.3,-1,64.125,64.125,0
1786404700239,4387.21,die0,4471,4471,0.3,-1,64.125,64.125,0
1786404700339,4387.21,die0,4471,4471,0.3,-1,64.125,64.125,0
1786404700439,4387.21,die0,4471,4471,0.3,-1,64.125,64.125,0
1786404700539,4387.21,die0,4471,4471,0.3,-1,64.125,64.125,0
1786404700639,4387.21,die0,4471,4471,0.3,-1,64.125,64.125,0
1786404700739,4387.21,die0,4471,4471,0.3,-1,64.125,64.125,0
1786404700839,4387.21,die0,4471,4471,0.3,-1,64.125,64.125,0
1786404700939,4387.21,die0,4471,4471,0.3,-1,64.125,64.125,0
1786404701039,4368.75,die0,4471,4471,0.3,-1,64.0625,64.0625,0
1786404701139,4368.75,die0,4471,4471,0.3,-1,64.0625,64.0625,0
1786404701239,4368.75,die0,4471,4471,0.3,-1,64.0625,64.0625,0
1786404701339,4368.75,die0,4471,4471,0.3,-1,64.0625,64.0625,0
1786404701439,4368.75,die0,4471,4471,0.3,-1,64.0625,64.0625,0
1786404701539,4368.75,die0,4471,4471,0.3,-1,64.0625,64.0625,0
1786404701639,4368.75,die0,4471,4471,0.3,-1,64.0625,64.0625,0
1786404701739,4368.75,die0,4471,4471,0.3,-1,64.0625,64.0625,0
1786404701839,4368.75,die0,4471,4471,0.3,-1,64.0625,64.0625,0
1786404701939,4368.75,die0,4471,4471,0.3,-1,64.0625,64.0625,0
1786404702039,4349.97,die0,4471,4471,0.3,-1,64,64,0
1786404702139,4349.97,die0,4471,4471,0.3,-1,64,64,0
1786404702239,4349.97,die0,4471,4471,0.3,-1,64,64,0
1786404702339,4349.97,die0,4471,4471,0.3,-1,64,64,0
1786404702439,4349.97,die0,4471,4471,0.3,-1,64,64,0
1786404702539,4349.97,die0,4471,4471,0.3,-1,64,64,0
1786404702639,4349.97,die0,4471,4471,0.3,-1,64,64,0
1786404702739,4349.97,die0,4471,4471,0.3,-1,64,64,0
1786404702839,4349.97,die0,4471,4471,0.3,-1,64,64,0
1786404702939,4349.97,die0,4471,4471,0.3,-1,64,64,0
1786404703039,4359.04,die0,4471,4471,0.3,-1,64.0625,64.0625,0
1786404703139,4359.04,die0,4471,4471,0.3,-1,64.0625,64.0625,0
1786404703239,4359.04,die0,4471,4471,0.3,-1,64.0625,64.0625,0
1786404703339,4359.04,die0,4471,4471,0.3,-1,64.0625,64.0625,0
1786404703439,4359.04,die0,4471,4471,0.3,-1,64.0625,64.0625,0
1786404703539,4359.04,die0,4471,4471,0.3,-1,64.0625,64.0625,0
1786404703639,4359.04,die0,4471,4471,0.3,-1,64.0625,64.0625,0
1786404703739,4359.04,die0,4471,4471,0.3,-1,64.0625,64.0625,0
1786404703839,4359.04,die0,4471,4471,0.3,-1,64.0625,64.0625,0
1786404703939,4359.04,die0,4471,4471,0.3,-1,64.0625,64.0625,0
1786404704039,4368.42,die0,4471,4471,0.3,-1,64.125,64.125,0
1786404704139,4368.42,die0,4471,4471,0.3,-1,64.125,64.125,0
1786404704239,4368.42,die0,4471,4471,0.3,-1,64.125,64.125,0
1786404704339,4368.42,die0,4471,4471,0.3,-1,64.125,64.125,0
1786404704439,4368.42,die0,4471,4471,0.3,-1,64.125,64.125,0
1786404704539,4368.42,die0,4471,4471,0.3,-1,64.125,64.125,0
1786404704639,4368.42,die0,4471,4471,0.3,-1,64.125,64.125,0
1786404704739,4368.42,die0,4471,4471,0.3,-1,64.125,64.125,0
1786404704839,4368.42,die0,4471,4471,0.3,-1,64.125,64.125,0
1786404704939,4368.42,die0,4471,4471,0.3,-1,64.125,64.125,0
1786404705039,4335.88,die0,4471,4471,0.3,-1,64,64,0
1786404705139,4335.88,die0,4471,4471,0.3,-1,64,64,0
1786404705239,4335.88,die0,4471,4471,0.3,-1,64,64,0
1786404705339,4335.88,die0,4471,4471,0.3,-1,64,64,0
1786404705439,4335.88,die0,4471,4471,0.3,-1,64,64,0
1786404705539,4335.88,die0,4471,4471,0.3,-1,64,64,0
1786404705639,4335.88,die0,4471,4471,0.3,-1,64,64,0
1786404705739,4335.88,die0,4471,4471,0.3,-1,64,64,0
1786404705839,4335.88,die0,4471,4471,0.3,-1,64,64,0
1786404705939,4335.88,die0,4471,4471,0.3,-1,64,64,0
1786404706039,4373.11,die0,4471,4471,0.3,-1,64.1875,64.1875,0
1786404706139,4373.11,die0,4471,4471,0.3,-1,64.1875,64.1875,0
1786404706239,4373.11,die0,4471,4471,0.3,-1,64.1875,64.1875,0
1786404706339,4373.11,die0,4471,4471,0.3,-1,64.1875,64.1875,0
1786404706439,4373.11,die0,4471,4471,0.3,-1,64.1875,64.1875,0
1786404706539,4373.11,die0,4471,4471,0.3,-1,64.1875,64.1875,0
1786404706639,4373.11,die0,4471,4471,0.3,-1,64.1875,64.1875,0
1786404706739,4373.11,die0,4471,4471,0.3,-1,64.1875,64.1875,0
1786404706839,4373.11,die0,4471,4471,0.3,-1,64.1875,64.1875,0
1786404706939,4373.11,die0,4471,4471,0.3,-1,64.1875,64.1875,0
1786404707039,4340.88,die0,4471,4471,0.3,-1,64.0625,64.0625,0
1786404707139,4340.88,die0,4471,4471,0.3,-1,64.0625,64.0625,0
1786404707239,4340.88,die0,4471,4471,0.3,-1,64.0625,64.0625,0
1786404707339,4340.88,die0,4471,4471,0.3,-1,64.0625,64.0625,0
1786404707439,4340.88,die0,4471,4471,0.3,-1,64.0625,64.0625,0
1786404707539,4340.88,die0,4471,4471,0.3,-1,64.0625,64.0625,0
1786404707639,4340.88,die0,4471,4471,0.3,-1,64.0625,64.0625,0
1786404707739,4340.88,die0,4471,4471,0.3,-1,64.0625,64.0625,0
1786404707839,4340.88,die0,4471,4471,0.3,-1,64.0625,64.0625,0
1786404707939,4340.88,die0,4471,4471,0.3,-1,64.0625,64.0625,0
1786404708039,4336.18,die0,4471,4471,0.3,-1,64.0625,64.0625,0
1786404708139,4336.18,die0,4471,4471,0.3,-1,64.0625,64.0625,0
1786404708239,4336.18,die0,4471,4471,0.3,-1,64.0625,64.0625,0
1786404708339,4336.18,die0,4471,4471,0.3,-1,64.0625,64.0625,0
1786404708439,4336.18,die0,4471,4471,0.3,-1,64.0625,64.0625,0
1786404708539,4336.18,die0,4471,4471,0.3,-1,64.0625,64.0625,0
1786404708639,4336.18,die0,4471,4471,0.3,-1,64.0625,64.0625,0
1786404708739,4336.18,die0,4471,4471,0.3,-1,64.0625,64.0625,0
1786404708839,4336.18,die0,4471,4471,0.3,-1,64.0625,64.0625,0
1786404708939,4336.18,die0,4471,4471,0.3,-1,64.0625,64.0625,0
1786404709039,4359.65,die0,4471,4471,0.3,-1,64.1875,64.1875,0
1786404709139,4359.65,die0,4471,4471,0.3,-1,64.1875,64.1875,0
1786404709239,4359.65,die0,4471,4471,0.3,-1,64.1875,64.1875,0
1786404709339,4359.65,die0,4471,4471,0.3,-1,64.1875,64.1875,0
1786404709439,4359.65,die0,4471,4471,0.3,-1,64.1875,64.1875,0
1786404709539,4359.65,die0,4471,4471,0.3,-1,64.1875,64.1875,0
1786404709639,4359.65,die0,4471,4471,0.3,-1,64.1875,64.1875,0
1786404709739,4359.65,die0,4471,4471,0.3,-1,64.1875,64.1875,0
1786404709839,4359.65,die0,4471,4471,0.3,-1,64.1875,64.1875,0
1786404709939,4359.65,die0,4471,4471,0.3,-1,64.1875,64.1875,0
1786404710039,4341.5,die0,4471,4471,0.3,-1,64.125,64.125,0
1786404710139,4341.5,die0,4471,4471,0.3,-1,64.125,64.125,0
1786404710239,4341.5,die0,4471,4471,0.3,-1,64.125,64.125,0
1786404710339,4341.5,die0,4471,4471,0.3,-1,64.125,64.125,0
1786404710439,4341.5,die0,4471,4471,0.3,-1,64.125,64.125,0
1786404710539,4341.5,die0,4471,4471,0.3,-1,64.125,64.125,0
1786404710639,4341.5,die0,4471,4471,0.3,-1,64.125,64.125,0
1786404710739,4341.5,die0,4471,4471,0.3,-1,64.125,64.125,0
1786404710839,4341.5,die0,4471,4471,0.3,-1,64.125,64.125,0
1786404710939,4341.5,die0,4471,4471,0.3,-1,64.125,64.125,0
1786404711039,4308.95,die0,4471,4471,0.3,-1,64,64,0
1786404711139,4308.95,die0,4471,4471,0.3,-1,64,64,0
1786404711239,4308.95,die0,4471,4471,0.3,-1,64,64,0
1786404711339,4308.95,die0,4471,4471,0.3,-1,64,64,0
1786404711439,4308.95,die0,4471,4471,0.3,-1,64,64,0
1786404711539,4308.95,die0,4471,4471,0.3,-1,64,64,0
1786404711639,4308.95,die0,4471,4471,0.3,-1,64,64,0
1786404711739,4308.95,die0,4471,4471,0.3,-1,64,64,0
1786404711839,4308.95,die0,4471,4471,0.3,-1,64,64,0
1786404711939,4308.95,die0,4471,4471,0.3,-1,64,64,0
1786404712039,4346.19,die0,4471,4471,0.3,-1,64.1875,64.1875,0
1786404712139,4346.19,die0,4471,4471,0.3,-1,64.1875,64.1875,0
1786404712239,4346.19,die0,4471,4471,0.3,-1,64.1875,64.1875,0
1786404712339,4346.19,die0,4471,4471,0.3,-1,64.1875,64.1875,0
1786404712439,4346.19,die0,4471,4471,0.3,-1,64.1875,64.1875,0
1786404712539,4346.19,die0,4471,4471,0.3,-1,64.1875,64.1875,0
1786404712639,4346.19,die0,4471,4471,0.3,-1,64.1875,64.1875,0
1786404712739,4346.19,die0,4471,4471,0.3,-1,64.1875,64.1875,0
1786404712839,4346.19,die0,4471,4471,0.3,-1,64.1875,64.1875,0
1786404712939,4346.19,die0,4471,4471,0.3,-1,64.1875,64.1875,0
1786404713039,4328.04,die0,4471,4471,0.3,-1,64.125,64.125,0
1786404713139,4328.04,die0,4471,4471,0.3,-1,64.125,64.125,0
1786404713239,4328.04,die0,4471,4471,0.3,-1,64.125,64.125,0
1786404713339,4328.04,die0,4471,4471,0.3,-1,64.125,64.125,0
1786404713439,4328.04,die0,4471,4471,0.3,-1,64.125,64.125,0
1786404713539,4328.04,die0,4471,4471,0.3,-1,64.125,64.125,0
1786404713639,4328.04,die0,4471,4471,0.3,-1,64.125,64.125,0
1786404713739,4328.04,die0,4471,4471,0.3,-1,64.125,64.125,0
1786404713839,4328.04,die0,4471,4471,0.3,-1,64.125,64.125,0
1786404713939,4328.04,die0,4471,4471,0.3,-1,64.125,64.125,0
1786404714039,4323.65,die0,4471,4471,0.3,-1,64.125,64.125,0
1786404714139,4323.65,die0,4471,4471,0.3,-1,64.125,64.125,0
1786404714239,4323.65,die0,4471,4471,0.3,-1,64.125,64.125,0
1786404714339,4323.65,die0,4471,4471,0.3,-1,64.125,64.125,0
1786404714439,4323.65,die0,4471,4471,0.3,-1,64.125,64.125,0
1786404714539,4323.65,die0,4471,4471,0.3,-1,64.125,64.125,0
1786404714639,4323.65,die0,4471,4471,0.3,-1,64.125,64.125,0
1786404714739,4323.65,die0,4471,4471,0.3,-1,64.125,64.125,0
1786404714839,4323.65,die0,4471,4471,0.3,-1,64.125,64.125,0
1786404714939,4323.65,die0,4471,4471,0.3,-1,64.125,64.125,0
1786404715039,4333.35,die0,4471,4471,0.3,-1,64.1875,64.1875,0
1786404715139,4333.35,die0,4471,4471,0.3,-1,64.1875,64.1875,0
1786404715239,4333.35,die0,4471,4471,0.3,-1,64.1875,64.1875,0
1786404715339,4333.35,die0,4471,4471,0.3,-1,64.1875,64.1875,0
1786404715439,4333.35,die0,4471,4471,0.3,-1,64.1875,64.1875,0
1786404715539,4333.35,die0,4471,4471,0.3,-1,64.1875,64.1875,0
1786404715639,4333.35,die0,4471,4471,0.3,-1,64.1875,64.1875,0
1786404715739,4333.35,die0,4471,4471,0.3,-1,64.1875,64.1875,0
1786404715839,4333.35,die0,4471,4471,0.3,-1,64.1875,64.1875,0
1786404715939,4333.35,die0,4471,4471,0.3,-1,64.1875,64.1875,0
1786404716039,4329.28,die0,4471,4471,0.3,-1,64.1875,64.1875,0
1786404716139,4329.28,die0,4471,4471,0.3,-1,64.1875,64.1875,0
1786404716239,4329.28,die0,4471,4471,0.3,-1,64.1875,64.1875,0
1786404716339,4329.28,die0,4471,4471,0.3,-1,64.1875,64.1875,0
1786404716439,4329.28,die0,4471,4471,0.3,-1,64.1875,64.1875,0
1786404716539,4329.28,die0,4471,4471,0.3,-1,64.1875,64.1875,0
1786404716639,4329.28,die0,4471,4471,0.3,-1,64.1875,64.1875,0
1786404716739,4329.28,die0,4471,4471,0.3,-1,64.1875,64.1875,0
1786404716839,4329.28,die0,4471,4471,0.3,-1,64.1875,64.1875,0
1786404716939,4329.28,die0,4471,4471,0.3,-1,64.1875,64.1875,0
1786404717039,4325.21,die0,4471,4471,0.3,-1,64.1875,64.1875,0
1786404717139,4325.21,die0,4471,4471,0.3,-1,64.1875,64.1875,0
1786404717239,4325.21,die0,4471,4471,0.3,-1,64.1875,64.1875,0
1786404717339,4325.21,die0,4471,4471,0.3,-1,64.1875,64.1875,0
1786404717439,4325.21,die0,4471,4471,0.3,-1,64.1875,64.1875,0
1786404717539,4325.21,die0,4471,4471,0.3,-1,64.1875,64.1875,0
1786404717639,4325.21,die0,4471,4471,0.3,-1,64.1875,64.1875,0
1786404717739,4325.21,die0,4471,4471,0.3,-1,64.1875,64.1875,0
1786404717839,4325.21,die0,4471,4471,0.3,-1,64.1875,64.1875,0
1786404717939,4325.21,die0,4471,4471,0.3,-1,64.1875,64.1875,0
1786404718039,4335.22,die0,4471,4471,0.3,-1,64.25,64.25,0
1786404718139,4335.22,die0,4471,4471,0.3,-1,64.25,64.25,0
1786404718239,4335.22,die0,4471,4471,0.3,-1,64.25,64.25,0
1786404718339,4335.22,die0,4471,4471,0.3,-1,64.25,64.25,0
1786404718439,4335.22,die0,4471,4471,0.3,-1,64.25,64.25,0
1786404718539,4335.22,die0,4471,4471,0.3,-1,64.25,64.25,0
1786404718639,4335.22,die0,4471,4471,0.3,-1,64.25,64.25,0
1786404718739,4335.22,die0,4471,4471,0.3,-1,64.25,64.25,0
1786404718839,4335.22,die0,4471,4471,0.3,-1,64.25,64.25,0
1786404718939,4335.22,die0,4471,4471,0.3,-1,64.25,64.25,0
1786404719039,4317.38,die0,4471,4471,0.3,-1,64.1875,64.1875,0
1786404719139,4317.38,die0,4471,4471,0.3,-1,64.1875,64.1875,0
1786404719239,4317.38,die0,4471,4471,0.3,-1,64.1875,64.1875,0
1786404719339,4317.38,die0,4471,4471,0.3,-1,64.1875,64.1875,0
1786404719439,4317.38,die0,4471,4471,0.3,-1,64.1875,64.1875,0
1786404719539,4317.38,die0,4471,4471,0.3,-1,64.1875,64.1875,0
1786404719639,4317.38,die0,4471,4471,0.3,-1,64.1875,64.1875,0
1786404719739,4317.38,die0,4471,4471,0.3,-1,64.1875,64.1875,0
1786404719839,4317.38,die0,4471,4471,0.3,-1,64.1875,64.1875,0
1786404719939,4317.38,die0,4471,4471,0.3,-1,64.1875,64.1875,0
1786404720039,4299.23,die0,4471,4471,0.3,-1,64.125,64.125,0
1786404720139,4299.23,die0,4471,4471,0.3,-1,64.125,64.125,0
1786404720239,4299.23,die0,4471,4471,0.3,-1,64.125,64.125,0
1786404720339,4299.23,die0,4471,4471,0.3,-1,64.125,64.125,0
1786404720439,4299.23,die0,4471,4471,0.3,-1,64.125,64.125,0
1786404720539,4299.23,die0,4471,4471,0.3,-1,64.125,64.125,0
1786404720639,4299.23,die0,4471,4471,0.3,-1,64.125,64.125,0
1786404720739,4299.23,die0,4471,4471,0.3,-1,64.125,64.125,0
1786404720839,4299.23,die0,4471,4471,0.3,-1,64.125,64.125,0
1786404720939,4299.23,die0,4471,4471,0.3,-1,64.125,64.125,0
1786404721039,4308.93,die0,4471,4471,0.3,-1,64.1875,64.1875,0
1786404721139,4308.93,die0,4471,4471,0.3,-1,64.1875,64.1875,0
1786404721239,4308.93,die0,4471,4471,0.3,-1,64.1875,64.1875,0
1786404721339,4308.93,die0,4471,4471,0.3,-1,64.1875,64.1875,0
1786404721439,4308.93,die0,4471,4471,0.3,-1,64.1875,64.1875,0
1786404721539,4308.93,die0,4471,4471,0.3,-1,64.1875,64.1875,0
1786404721639,4308.93,die0,4471,4471,0.3,-1,64.1875,64.1875,0
1786404721739,4308.93,die0,4471,4471,0.3,-1,64.1875,64.1875,0
1786404721839,4308.93,die0,4471,4471,0.3,-1,64.1875,64.1875,0
1786404721939,4308.93,die0,4471,4471,0.3,-1,64.1875,64.1875,0
1786404722039,4290.78,die0,4471,4471,0.3,-1,64.125,64.125,0
1786404722139,4290.78,die0,4471,4471,0.3,-1,64.125,64.125,0
1786404722239,4290.78,die0,4471,4471,0.3,-1,64.125,64.125,0
1786404722339,4290.78,die0,4471,4471,0.3,-1,64.125,64.125,0
1786404722439,4290.78,die0,4471,4471,0.3,-1,64.125,64.125,0
1786404722539,4290.78,die0,4471,4471,0.3,-1,64.125,64.125,0
1786404722639,4290.78,die0,4471,4471,0.3,-1,64.125,64.125,0
1786404722739,4290.78,die0,4471,4471,0.3,-1,64.125,64.125,0
1786404722839,4290.78,die0,4471,4471,0.3,-1,64.125,64.125,0
1786404722939,4290.78,die0,4471,4471,0.3,-1,64.125,64.125,0
1786404723039,4272.31,die0,4471,4471,0.3,-1,64.0625,64.0625,0
1786404723139,4272.31,die0,4471,4471,0.3,-1,64.0625,64.0625,0
1786404723239,4272.31,die0,4471,4471,0.3,-1,64.0625,64.0625,0
1786404723339,4272.31,die0,4471,4471,0.3,-1,64.0625,64.0625,0
1786404723439,4272.31,die0,4471,4471,0.3,-1,64.0625,64.0625,0
1786404723539,4272.31,die0,4471,4471,0.3,-1,64.0625,64.0625,0
1786404723639,4272.31,die0,4471,4471,0.3,-1,64.0625,64.0625,0
1786404723739,4272.31,die0,4471,4471,0.3,-1,64.0625,64.0625,0
1786404723839,4272.31,die0,4471,4471,0.3,-1,64.0625,64.0625,0
1786404723939,4272.31,die0,4471,4471,0.3,-1,64.0625,64.0625,0
1786404724039,4295.78,die0,4471,4471,0.3,-1,64.1875,64.1875,0
1786404724139,4295.78,die0,4471,4471,0.3,-1,64.1875,64.1875,0
1786404724239,4295.78,die0,4471,4471,0.3,-1,64.1875,64.1875,0
1786404724339,4295.78,die0,4471,4471,0.3,-1,64.1875,64.1875,0
1786404724439,4295.78,die0,4471,4471,0.3,-1,64.1875,64.1875,0
1786404724539,4295.78,die0,4471,4471,0.3,-1,64.1875,64.1875,0
1786404724639,4295.78,die0,4471,4471,0.3,-1,64.1875,64.1875,0
1786404724739,4295.78,die0,4471,4471,0.3,-1,64.1875,64.1875,0
1786404724839,4295.78,die0,4471,4471,0.3,-1,64.1875,64.1875,0
1786404724939,4295.78,die0,4471,4471,0.3,-1,64.1875,64.1875,0
1786404725039,4291.71,die0,4471,4471,0.3,-1,64.1875,64.1875,0
1786404725139,4291.71,die0,4471,4471,0.3,-1,64.1875,64.1875,0
1786404725239,4291.71,die0,4471,4471,0.3,-1,64.1875,64.1875,0
1786404725339,4291.71,die0,4471,4471,0.3,-1,64.1875,64.1875,0
1786404725439,4291.71,die0,4471,4471,0.3,-1,64.1875,64.1875,0
1786404725539,4291.71,die0,4471,4471,0.3,-1,64.1875,64.1875,0
1786404725639,4291.71,die0,4471,4471,0.3,-1,64.1875,64.1875,0
1786404725739,4291.71,die0,4471,4471,0.3,-1,64.1875,64.1875,0
1786404725839,4291.71,die0,4471,4471,0.3,-1,64.1875,64.1875,0
1786404725939,4291.71,die0,4471,4471,0.3,-1,64.1875,64.1875,0
1786404726039,4273.56,die0,4471,4471,0.3,-1,64.125,64.125,0
1786404726139,4273.56,die0,4471,4471,0.3,-1,64.125,64.125,0
1786404726239,4273.56,die0,4471,4471,0.3,-1,64.125,64.125,0
1786404726339,4273.56,die0,4471,4471,0.3,-1,64.125,64.125,0
1786404726439,4273.56,die0,4471,4471,0.3,-1,64.125,64.125,0
1786404726539,4273.56,die0,4471,4471,0.3,-1,64.125,64.125,0
1786404726639,4273.56,die0,4471,4471,0.3,-1,64.125,64.125,0
1786404726739,4273.56,die0,4471,4471,0.3,-1,64.125,64.125,0
1786404726839,4273.56,die0,4471,4471,0.3,-1,64.125,64.125,0
1786404726939,4273.56,die0,4471,4471,0.3,-1,64.125,64.125,0
1786404727039,4297.33,die0,4471,4471,0.3,-1,64.25,64.25,0
1786404727139,4297.33,die0,4471,4471,0.3,-1,64.25,64.25,0
1786404727239,4297.33,die0,4471,4471,0.3,-1,64.25,64.25,0
1786404727339,4297.33,die0,4471,4471,0.3,-1,64.25,64.25,0
1786404727439,4297.33,die0,4471,4471,0.3,-1,64.25,64.25,0
1786404727539,4297.33,die0,4471,4471,0.3,-1,64.25,64.25,0
1786404727639,4297.33,die0,4471,4471,0.3,-1,64.25,64.25,0
1786404727739,4297.33,die0,4471,4471,0.3,-1,64.25,64.25,0
1786404727839,4297.33,die0,4471,4471,0.3,-1,64.25,64.25,0
1786404727939,4297.33,die0,4471,4471,0.3,-1,64.25,64.25,0
1786404728039,4293.58,die0,4471,4471,0.3,-1,64.25,64.25,0
1786404728139,4293.58,die0,4471,4471,0.3,-1,64.25,64.25,0
1786404728239,4293.58,die0,4471,4471,0.3,-1,64.25,64.25,0
1786404728339,4293.58,die0,4471,4471,0.3,-1,64.25,64.25,0
1786404728439,4293.58,die0,4471,4471,0.3,-1,64.25,64.25,0
1786404728539,4293.58,die0,4471,4471,0.3,-1,64.25,64.25,0
1786404728639,4293.58,die0,4471,4471,0.3,-1,64.25,64.25,0
1786404728739,4293.58,die0,4471,4471,0.3,-1,64.25,64.25,0
1786404728839,4293.58,die0,4471,4471,0.3,-1,64.25,64.25,0
1786404728939,4293.58,die0,4471,4471,0.3,-1,64.25,64.25,0
1786404729039,4289.82,die0,4471,4471,0.3,-1,64.25,64.25,0
1786404729139,4289.82,die0,4471,4471,0.3,-1,64.25,64.25,0
1786404729239,4289.82,die0,4471,4471,0.3,-1,64.25,64.25,0
1786404729339,4289.82,die0,4471,4471,0.3,-1,64.25,64.25,0
1786404729439,4289.82,die0,4471,4471,0.3,-1,64.25,64.25,0
1786404729539,4289.82,die0,4471,4471,0.3,-1,64.25,64.25,0
1786404729639,4289.82,die0,4471,4471,0.3,-1,64.25,64.25,0
1786404729739,4289.82,die0,4471,4471,0.3,-1,64.25,64.25,0
1786404729839,4289.82,die0,4471,4471,0.3,-1,64.25,64.25,0
1786404729939,4289.82,die0,4471,4471,0.3,-1,64.25,64.25,0
1786404730039,4271.98,die0,4471,4471,0.3,-1,64.1875,64.1875,0
1786404730139,4271.98,die0,4471,4471,0.3,-1,64.1875,64.1875,0
1786404730239,4271.98,die0,4471,4471,0.3,-1,64.1875,64.1875,0
1786404730339,4271.98,die0,4471,4471,0.3,-1,64.1875,64.1875,0
1786404730439,4271.98,die0,4471,4471,0.3,-1,64.1875,64.1875,0
1786404730539,4271.98,die0,4471,4471,0.3,-1,64.1875,64.1875,0
1786404730639,4271.98,die0,4471,4471,0.3,-1,64.1875,64.1875,0
1786404730739,4271.98,die0,4471,4471,0.3,-1,64.1875,64.1875,0
1786404730839,4271.98,die0,4471,4471,0.3,-1,64.1875,64.1875,0
1786404730939,4271.98,die0,4471,4471,0.3,-1,64.1875,64.1875,0
1786404731039,4267.91,die0,4471,4471,0.3,-1,64.1875,64.1875,0
1786404731139,4267.91,die0,4471,4471,0.3,-1,64.1875,64.1875,0
1786404731239,4267.91,die0,4471,4471,0.3,-1,64.1875,64.1875,0
1786404731339,4267.91,die0,4471,4471,0.3,-1,64.1875,64.1875,0
1786404731439,4267.91,die0,4471,4471,0.3,-1,64.1875,64.1875,0
1786404731539,4267.91,die0,4471,4471,0.3,-1,64.1875,64.1875,0
1786404731639,4267.91,die0,4471,4471,0.3,-1,64.1875,64.1875,0
1786404731739,4267.91,die0,4471,4471,0.3,-1,64.1875,64.1875,0
1786404731839,4267.91,die0,4471,4471,0.3,-1,64.1875,64.1875,0
1786404731939,4267.91,die0,4471,4471,0.3,-1,64.1875,64.1875,0
1786404732039,4277.92,die0,4471,4471,0.3,-1,64.25,64.25,0
1786404732139,4277.92,die0,4471,4471,0.3,-1,64.25,64.25,0
1786404732239,4277.92,die0,4471,4471,0.3,-1,64.25,64.25,0
1786404732339,4277.92,die0,4471,4471,0.3,-1,64.25,64.25,0
1786404732439,4277.92,die0,4471,4471,0.3,-1,64.25,64.25,0
1786404732539,4277.92,die0,4471,4471,0.3,-1,64.25,64.25,0
1786404732639,4277.92,die0,4471,4471,0.3,-1,64.25,64.25,0
1786404732739,4277.92,die0,4471,4471,0.3,-1,64.25,64.25,0
1786404732839,4277.92,die0,4471,4471,0.3,-1,64.25,64.25,0
1786404732939,4277.92,die0,4471,4471,0.3,-1,64.25,64.25,0
1786404733039,4274.17,die0,4471,4471,0.3,-1,64.25,64.25,0
1786404733139,4274.17,die0,4471,4471,0.3,-1,64.25,64.25,0
1786404733239,4274.17,die0,4471,4471,0.3,-1,64.25,64.25,0
1786404733339,4274.17,die0,4471,4471,0.3,-1,64.25,64.25,0
1786404733439,4274.17,die0,4471,4471,0.3,-1,64.25,64.25,0
1786404733539,4274.17,die0,4471,4471,0.3,-1,64.25,64.25,0
1786404733639,4274.17,die0,4471,4471,0.3,-1,64.25,64.25,0
1786404733739,4274.17,die0,4471,4471,0.3,-1,64.25,64.25,0
1786404733839,4274.17,die0,4471,4471,0.3,-1,64.25,64.25,0
1786404733939,4274.17,die0,4471,4471,0.3,-1,64.25,64.25,0
1786404734039,4284.49,die0,4471,4471,0.3,-1,64.3125,64.3125,0
1786404734139,4284.49,die0,4471,4471,0.3,-1,64.3125,64.3125,0
1786404734239,4284.49,die0,4471,4471,0.3,-1,64.3125,64.3125,0
1786404734339,4284.49,die0,4471,4471,0.3,-1,64.3125,64.3125,0
1786404734439,4284.49,die0,4471,4471,0.3,-1,64.3125,64.3125,0
1786404734539,4284.49,die0,4471,4471,0.3,-1,64.3125,64.3125,0
1786404734639,4284.49,die0,4471,4471,0.3,-1,64.3125,64.3125,0
1786404734739,4284.49,die0,4471,4471,0.3,-1,64.3125,64.3125,0
1786404734839,4284.49,die0,4471,4471,0.3,-1,64.3125,64.3125,0
1786404734939,4284.49,die0,4471,4471,0.3,-1,64.3125,64.3125,0
1786404735039,4295.13,die0,4471,4471,0.3,-1,64.375,64.375,0
1786404735139,4295.13,die0,4471,4471,0.3,-1,64.375,64.375,0
1786404735239,4295.13,die0,4471,4471,0.3,-1,64.375,64.375,0
1786404735339,4295.13,die0,4471,4471,0.3,-1,64.375,64.375,0
1786404735439,4295.13,die0,4471,4471,0.3,-1,64.375,64.375,0
1786404735539,4295.13,die0,4471,4471,0.3,-1,64.375,64.375,0
1786404735639,4295.13,die0,4471,4471,0.3,-1,64.375,64.375,0
1786404735739,4295.13,die0,4471,4471,0.3,-1,64.375,64.375,0
1786404735839,4295.13,die0,4471,4471,0.3,-1,64.375,64.375,0
1786404735939,4295.13,die0,4471,4471,0.3,-1,64.375,64.375,0
1786404736039,4249.75,die0,4471,4471,0.3,-1,64.1875,64.1875,0
1786404736139,4249.75,die0,4471,4471,0.3,-1,64.1875,64.1875,0
1786404736239,4249.75,die0,4471,4471,0.3,-1,64.1875,64.1875,0
1786404736339,4249.75,die0,4471,4471,0.3,-1,64.1875,64.1875,0
1786404736439,4249.75,die0,4471,4471,0.3,-1,64.1875,64.1875,0
1786404736539,4249.75,die0,4471,4471,0.3,-1,64.1875,64.1875,0
1786404736639,4249.75,die0,4471,4471,0.3,-1,64.1875,64.1875,0
1786404736739,4249.75,die0,4471,4471,0.3,-1,64.1875,64.1875,0
1786404736839,4249.75,die0,4471,4471,0.3,-1,64.1875,64.1875,0
1786404736939,4249.75,die0,4471,4471,0.3,-1,64.1875,64.1875,0
1786404737039,4217.52,die0,4471,4471,0.3,-1,64.0625,64.0625,0
1786404737139,4217.52,die0,4471,4471,0.3,-1,64.0625,64.0625,0
1786404737239,4217.52,die0,4471,4471,0.3,-1,64.0625,64.0625,0
1786404737339,4217.52,die0,4471,4471,0.3,-1,64.0625,64.0625,0
1786404737439,4217.52,die0,4471,4471,0.3,-1,64.0625,64.0625,0
1786404737539,4217.52,die0,4471,4471,0.3,-1,64.0625,64.0625,0
1786404737639,4217.52,die0,4471,4471,0.3,-1,64.0625,64.0625,0
1786404737739,4217.52,die0,4471,4471,0.3,-1,64.0625,64.0625,0
1786404737839,4217.52,die0,4471,4471,0.3,-1,64.0625,64.0625,0
1786404737939,4217.52,die0,4471,4471,0.3,-1,64.0625,64.0625,0
1786404738039,4255.07,die0,4471,4471,0.3,-1,64.25,64.25,0
1786404738139,4255.07,die0,4471,4471,0.3,-1,64.25,64.25,0
1786404738239,4255.07,die0,4471,4471,0.3,-1,64.25,64.25,0
1786404738339,4255.07,die0,4471,4471,0.3,-1,64.25,64.25,0
1786404738439,4255.07,die0,4471,4471,0.3,-1,64.25,64.25,0
1786404738539,4255.07,die0,4471,4471,0.3,-1,64.25,64.25,0
1786404738639,4255.07,die0,4471,4471,0.3,-1,64.25,64.25,0
1786404738739,4255.07,die0,4471,4471,0.3,-1,64.25,64.25,0
1786404738839,4255.07,die0,4471,4471,0.3,-1,64.25,64.25,0
1786404738939,4255.07,die0,4471,4471,0.3,-1,64.25,64.25,0
1786404739039,4265.39,die0,4471,4471,0.3,-1,64.3125,64.3125,0
1786404739139,4265.39,die0,4471,4471,0.3,-1,64.3125,64.3125,0
1786404739239,4265.39,die0,4471,4471,0.3,-1,64.3125,64.3125,0
1786404739339,4265.39,die0,4471,4471,0.3,-1,64.3125,64.3125,0
1786404739439,4265.39,die0,4471,4471,0.3,-1,64.3125,64.3125,0
1786404739539,4265.39,die0,4471,4471,0.3,-1,64.3125,64.3125,0
1786404739639,4265.39,die0,4471,4471,0.3,-1,64.3125,64.3125,0
1786404739739,4265.39,die0,4471,4471,0.3,-1,64.3125,64.3125,0
1786404739839,4265.39,die0,4471,4471,0.3,-1,64.3125,64.3125,0
1786404739939,4265.39,die0,4471,4471,0.3,-1,64.3125,64.3125,0
1786404740039,4261.95,die0,4471,4471,0.3,-1,64.3125,64.3125,0
1786404740139,4261.95,die0,4471,4471,0.3,-1,64.3125,64.3125,0
1786404740239,4261.95,die0,4471,4471,0.3,-1,64.3125,64.3125,0
1786404740339,4261.95,die0,4471,4471,0.3,-1,64.3125,64.3125,0
1786404740439,4261.95,die0,4471,4471,0.3,-1,64.3125,64.3125,0
1786404740539,4261.95,die0,4471,4471,0.3,-1,64.3125,64.3125,0
1786404740639,4261.95,die0,4471,4471,0.3,-1,64.3125,64.3125,0
1786404740739,4261.95,die0,4471,4471,0.3,-1,64.3125,64.3125,0
1786404740839,4261.95,die0,4471,4471,0.3,-1,64.3125,64.3125,0
1786404740939,4261.95,die0,4471,4471,0.3,-1,64.3125,64.3125,0
1786404741039,4258.5,die0,4471,4471,0.3,-1,64.3125,64.3125,0
1786404741139,4258.5,die0,4471,4471,0.3,-1,64.3125,64.3125,0
1786404741239,4258.5,die0,4471,4471,0.3,-1,64.3125,64.3125,0
1786404741339,4258.5,die0,4471,4471,0.3,-1,64.3125,64.3125,0
1786404741439,4258.5,die0,4471,4471,0.3,-1,64.3125,64.3125,0
1786404741539,4258.5,die0,4471,4471,0.3,-1,64.3125,64.3125,0
1786404741639,4258.5,die0,4471,4471,0.3,-1,64.3125,64.3125,0
1786404741739,4258.5,die0,4471,4471,0.3,-1,64.3125,64.3125,0
1786404741839,4258.5,die0,4471,4471,0.3,-1,64.3125,64.3125,0
1786404741939,4258.5,die0,4471,4471,0.3,-1,64.3125,64.3125,0
1786404742039,4255.06,die0,4471,4471,0.3,-1,64.3125,64.3125,0
1786404742139,4255.06,die0,4471,4471,0.3,-1,64.3125,64.3125,0
1786404742239,4255.06,die0,4471,4471,0.3,-1,64.3125,64.3125,0
1786404742339,4255.06,die0,4471,4471,0.3,-1,64.3125,64.3125,0
1786404742439,4255.06,die0,4471,4471,0.3,-1,64.3125,64.3125,0
1786404742539,4255.06,die0,4471,4471,0.3,-1,64.3125,64.3125,0
1786404742639,4255.06,die0,4471,4471,0.3,-1,64.3125,64.3125,0
1786404742739,4255.06,die0,4471,4471,0.3,-1,64.3125,64.3125,0
1786404742839,4255.06,die0,4471,4471,0.3,-1,64.3125,64.3125,0
1786404742939,4255.06,die0,4471,4471,0.3,-1,64.3125,64.3125,0
1786404743039,4237.53,die0,4471,4471,0.3,-1,64.25,64.25,0
1786404743139,4237.53,die0,4471,4471,0.3,-1,64.25,64.25,0
1786404743239,4237.53,die0,4471,4471,0.3,-1,64.25,64.25,0
1786404743339,4237.53,die0,4471,4471,0.3,-1,64.25,64.25,0
1786404743439,4237.53,die0,4471,4471,0.3,-1,64.25,64.25,0
1786404743539,4237.53,die0,4471,4471,0.3,-1,64.25,64.25,0
1786404743639,4237.53,die0,4471,4471,0.3,-1,64.25,64.25,0
1786404743739,4237.53,die0,4471,4471,0.3,-1,64.25,64.25,0
1786404743839,4237.53,die0,4471,4471,0.3,-1,64.25,64.25,0
1786404743939,4237.53,die0,4471,4471,0.3,-1,64.25,64.25,0
1786404744039,4205.61,die0,4471,4471,0.3,-1,64.125,64.125,0
1786404744139,4205.61,die0,4471,4471,0.3,-1,64.125,64.125,0
1786404744239,4205.61,die0,4471,4471,0.3,-1,64.125,64.125,0
1786404744339,4205.61,die0,4471,4471,0.3,-1,64.125,64.125,0
1786404744439,4205.61,die0,4471,4471,0.3,-1,64.125,64.125,0
1786404744539,4205.61,die0,4471,4471,0.3,-1,64.125,64.125,0
1786404744639,4205.61,die0,4471,4471,0.3,-1,64.125,64.125,0
1786404744739,4205.61,die0,4471,4471,0.3,-1,64.125,64.125,0
1786404744839,4205.61,die0,4471,4471,0.3,-1,64.125,64.125,0
1786404744939,4205.61,die0,4471,4471,0.3,-1,64.125,64.125,0
1786404745039,4243.47,die0,4471,4471,0.3,-1,64.3125,64.3125,0
1786404745139,4243.47,die0,4471,4471,0.3,-1,64.3125,64.3125,0
1786404745239,4243.47,die0,4471,4471,0.3,-1,64.3125,64.3125,0
1786404745339,4243.47,die0,4471,4471,0.3,-1,64.3125,64.3125,0
1786404745439,4243.47,die0,4471,4471,0.3,-1,64.3125,64.3125,0
1786404745539,4243.47,die0,4471,4471,0.3,-1,64.3125,64.3125,0
1786404745639,4243.47,die0,4471,4471,0.3,-1,64.3125,64.3125,0
1786404745739,4243.47,die0,4471,4471,0.3,-1,64.3125,64.3125,0
1786404745839,4243.47,die0,4471,4471,0.3,-1,64.3125,64.3125,0
1786404745939,4243.47,die0,4471,4471,0.3,-1,64.3125,64.3125,0
1786404746039,4225.95,die0,4471,4471,0.3,-1,64.25,64.25,0
1786404746139,4225.95,die0,4471,4471,0.3,-1,64.25,64.25,0
1786404746239,4225.95,die0,4471,4471,0.3,-1,64.25,64.25,0
1786404746339,4225.95,die0,4471,4471,0.3,-1,64.25,64.25,0
1786404746439,4225.95,die0,4471,4471,0.3,-1,64.25,64.25,0
1786404746539,4225.95,die0,4471,4471,0.3,-1,64.25,64.25,0
1786404746639,4225.95,die0,4471,4471,0.3,-1,64.25,64.25,0
1786404746739,4225.95,die0,4471,4471,0.3,-1,64.25,64.25,0
1786404746839,4225.95,die0,4471,4471,0.3,-1,64.25,64.25,0
1786404746939,4225.95,die0,4471,4471,0.3,-1,64.25,64.25,0
1786404747039,4222.19,die0,4471,4471,0.3,-1,64.25,64.25,0
1786404747139,4222.19,die0,4471,4471,0.3,-1,64.25,64.25,0
1786404747239,4222.19,die0,4471,4471,0.3,-1,64.25,64.25,0
1786404747339,4222.19,die0,4471,4471,0.3,-1,64.25,64.25,0
1786404747439,4222.19,die0,4471,4471,0.3,-1,64.25,64.25,0
1786404747539,4222.19,die0,4471,4471,0.3,-1,64.25,64.25,0
1786404747639,4222.19,die0,4471,4471,0.3,-1,64.25,64.25,0
1786404747739,4222.19,die0,4471,4471,0.3,-1,64.25,64.25,0
1786404747839,4222.19,die0,4471,4471,0.3,-1,64.25,64.25,0
1786404747939,4222.19,die0,4471,4471,0.3,-1,64.25,64.25,0
1786404748039,4218.43,die0,4471,4471,0.3,-1,64.25,64.25,0
1786404748139,4218.43,die0,4471,4471,0.3,-1,64.25,64.25,0
1786404748239,4218.43,die0,4471,4471,0.3,-1,64.25,64.25,0
1786404748339,4218.43,die0,4471,4471,0.3,-1,64.25,64.25,0
1786404748439,4218.43,die0,4471,4471,0.3,-1,64.25,64.25,0
1786404748539,4218.43,die0,4471,4471,0.3,-1,64.25,64.25,0
1786404748639,4218.43,die0,4471,4471,0.3,-1,64.25,64.25,0
1786404748739,4218.43,die0,4471,4471,0.3,-1,64.25,64.25,0
1786404748839,4218.43,die0,4471,4471,0.3,-1,64.25,64.25,0
1786404748939,4218.43,die0,4471,4471,0.3,-1,64.25,64.25,0
1786404749039,4214.68,die0,4471,4471,0.3,-1,64.25,64.25,0
1786404749139,4214.68,die0,4471,4471,0.3,-1,64.25,64.25,0
1786404749239,4214.68,die0,4471,4471,0.3,-1,64.25,64.25,0
1786404749339,4214.68,die0,4471,4471,0.3,-1,64.25,64.25,0
1786404749439,4214.68,die0,4471,4471,0.3,-1,64.25,64.25,0
1786404749539,4214.68,die0,4471,4471,0.3,-1,64.25,64.25,0
1786404749639,4214.68,die0,4471,4471,0.3,-1,64.25,64.25,0
1786404749739,4214.68,die0,4471,4471,0.3,-1,64.25,64.25,0
1786404749839,4214.68,die0,4471,4471,0.3,-1,64.25,64.25,0
1786404749939,4214.68,die0,4471,4471,0.3,-1,64.25,64.25,0
1786404750039,4225,die0,4471,4471,0.3,-1,64.3125,64.3125,0
1786404750139,4225,die0,4471,4471,0.3,-1,64.3125,64.3125,0
1786404750239,4225,die0,4471,4471,0.3,-1,64.3125,64.3125,0
1786404750339,4225,die0,4471,4471,0.3,-1,64.3125,64.3125,0
1786404750439,4225,die0,4471,4471,0.3,-1,64.3125,64.3125,0
1786404750539,4225,die0,4471,4471,0.3,-1,64.3125,64.3125,0
1786404750639,4225,die0,4471,4471,0.3,-1,64.3125,64.3125,0
1786404750739,4225,die0,4471,4471,0.3,-1,64.3125,64.3125,0
1786404750839,4225,die0,4471,4471,0.3,-1,64.3125,64.3125,0
1786404750939,4225,die0,4471,4471,0.3,-1,64.3125,64.3125,0
1786404751039,4207.48,die0,4471,4471,0.3,-1,64.25,64.25,0
1786404751139,4207.48,die0,4471,4471,0.3,-1,64.25,64.25,0
1786404751239,4207.48,die0,4471,4471,0.3,-1,64.25,64.25,0
1786404751339,4207.48,die0,4471,4471,0.3,-1,64.25,64.25,0
1786404751439,4207.48,die0,4471,4471,0.3,-1,64.25,64.25,0
1786404751539,4207.48,die0,4471,4471,0.3,-1,64.25,64.25,0
1786404751639,4207.48,die0,4471,4471,0.3,-1,64.25,64.25,0
1786404751739,4207.48,die0,4471,4471,0.3,-1,64.25,64.25,0
1786404751839,4207.48,die0,4471,4471,0.3,-1,64.25,64.25,0
1786404751939,4207.48,die0,4471,4471,0.3,-1,64.25,64.25,0
1786404752039,4203.72,die0,4471,4471,0.3,-1,64.25,64.25,0
1786404752139,4203.72,die0,4471,4471,0.3,-1,64.25,64.25,0
1786404752239,4203.72,die0,4471,4471,0.3,-1,64.25,64.25,0
1786404752339,4203.72,die0,4471,4471,0.3,-1,64.25,64.25,0
1786404752439,4203.72,die0,4471,4471,0.3,-1,64.25,64.25,0
1786404752539,4203.72,die0,4471,4471,0.3,-1,64.25,64.25,0
1786404752639,4203.72,die0,4471,4471,0.3,-1,64.25,64.25,0
1786404752739,4203.72,die0,4471,4471,0.3,-1,64.25,64.25,0
1786404752839,4203.72,die0,4471,4471,0.3,-1,64.25,64.25,0
1786404752939,4203.72,die0,4471,4471,0.3,-1,64.25,64.25,0
1786404753039,4199.96,die0,4471,4471,0.3,-1,64.25,64.25,0
1786404753139,4199.96,die0,4471,4471,0.3,-1,64.25,64.25,0
1786404753239,4199.96,die0,4471,4471,0.3,-1,64.25,64.25,0
1786404753339,4199.96,die0,4471,4471,0.3,-1,64.25,64.25,0
1786404753439,4199.96,die0,4471,4471,0.3,-1,64.25,64.25,0
1786404753539,4199.96,die0,4471,4471,0.3,-1,64.25,64.25,0
1786404753639,4199.96,die0,4471,4471,0.3,-1,64.25,64.25,0
1786404753739,4199.96,die0,4471,4471,0.3,-1,64.25,64.25,0
1786404753839,4199.96,die0,4471,4471,0.3,-1,64.25,64.25,0
1786404753939,4199.96,die0,4471,4471,0.3,-1,64.25,64.25,0
1786404754039,4210.29,die0,4471,4471,0.3,-1,64.3125,64.3125,0
1786404754139,4210.29,die0,4471,4471,0.3,-1,64.3125,64.3125,0
1786404754239,4210.29,die0,4471,4471,0.3,-1,64.3125,64.3125,0
1786404754339,4210.29,die0,4471,4471,0.3,-1,64.3125,64.3125,0
1786404754439,4210.29,die0,4471,4471,0.3,-1,64.3125,64.3125,0
1786404754539,4210.29,die0,4471,4471,0.3,-1,64.3125,64.3125,0
1786404754639,4210.29,die0,4471,4471,0.3,-1,64.3125,64.3125,0
1786404754739,4210.29,die0,4471,4471,0.3,-1,64.3125,64.3125,0
1786404754839,4210.29,die0,4471,4471,0.3,-1,64.3125,64.3125,0
1786404754939,4210.29,die0,4471,4471,0.3,-1,64.3125,64.3125,0
1786404755039,4192.76,die0,4471,4471,0.3,-1,64.25,64.25,0
1786404755139,4192.76,die0,4471,4471,0.3,-1,64.25,64.25,0
1786404755239,4192.76,die0,4471,4471,0.3,-1,64.25,64.25,0
1786404755339,4192.76,die0,4471,4471,0.3,-1,64.25,64.25,0
1786404755439,4192.76,die0,4471,4471,0.3,-1,64.25,64.25,0
1786404755539,4192.76,die0,4471,4471,0.3,-1,64.25,64.25,0
1786404755639,4192.76,die0,4471,4471,0.3,-1,64.25,64.25,0
1786404755739,4192.76,die0,4471,4471,0.3,-1,64.25,64.25,0
1786404755839,4192.76,die0,4471,4471,0.3,-1,64.25,64.25,0
1786404755939,4192.76,die0,4471,4471,0.3,-1,64.25,64.25,0
1786404756039,4203.08,die0,4471,4471,0.3,-1,64.3125,64.3125,0
1786404756139,4203.08,die0,4471,4471,0.3,-1,64.3125,64.3125,0
1786404756239,4203.08,die0,4471,4471,0.3,-1,64.3125,64.3125,0
1786404756339,4203.08,die0,4471,4471,0.3,-1,64.3125,64.3125,0
1786404756439,4203.08,die0,4471,4471,0.3,-1,64.3125,64.3125,0
1786404756539,4203.08,die0,4471,4471,0.3,-1,64.3125,64.3125,0
1786404756639,4203.08,die0,4471,4471,0.3,-1,64.3125,64.3125,0
1786404756739,4203.08,die0,4471,4471,0.3,-1,64.3125,64.3125,0
1786404756839,4203.08,die0,4471,4471,0.3,-1,64.3125,64.3125,0
1786404756939,4203.08,die0,4471,4471,0.3,-1,64.3125,64.3125,0
1786404757039,4213.72,die0,4471,4471,0.3,-1,64.375,64.375,0
1786404757139,4213.72,die0,4471,4471,0.3,-1,64.375,64.375,0
1786404757239,4213.72,die0,4471,4471,0.3,-1,64.375,64.375,0
1786404757339,4213.72,die0,4471,4471,0.3,-1,64.375,64.375,0
1786404757439,4213.72,die0,4471,4471,0.3,-1,64.375,64.375,0
1786404757539,4213.72,die0,4471,4471,0.3,-1,64.375,64.375,0
1786404757639,4213.72,die0,4471,4471,0.3,-1,64.375,64.375,0
1786404757739,4213.72,die0,4471,4471,0.3,-1,64.375,64.375,0
1786404757839,4213.72,die0,4471,4471,0.3,-1,64.375,64.375,0
1786404757939,4213.72,die0,4471,4471,0.3,-1,64.375,64.375,0
1786404758039,4182.43,die0,4471,4471,0.3,-1,64.25,64.25,0
1786404758139,4182.43,die0,4471,4471,0.3,-1,64.25,64.25,0
1786404758239,4182.43,die0,4471,4471,0.3,-1,64.25,64.25,0
1786404758339,4182.43,die0,4471,4471,0.3,-1,64.25,64.25,0
1786404758439,4182.43,die0,4471,4471,0.3,-1,64.25,64.25,0
1786404758539,4182.43,die0,4471,4471,0.3,-1,64.25,64.25,0
1786404758639,4182.43,die0,4471,4471,0.3,-1,64.25,64.25,0
1786404758739,4182.43,die0,4471,4471,0.3,-1,64.25,64.25,0
1786404758839,4182.43,die0,4471,4471,0.3,-1,64.25,64.25,0
1786404758939,4182.43,die0,4471,4471,0.3,-1,64.25,64.25,0
1786404759039,4192.75,die0,4471,4471,0.3,-1,64.3125,64.3125,0
1786404759139,4192.75,die0,4471,4471,0.3,-1,64.3125,64.3125,0
1786404759239,4192.75,die0,4471,4471,0.3,-1,64.3125,64.3125,0
1786404759339,4192.75,die0,4471,4471,0.3,-1,64.3125,64.3125,0
1786404759439,4192.75,die0,4471,4471,0.3,-1,64.3125,64.3125,0
1786404759539,4192.75,die0,4471,4471,0.3,-1,64.3125,64.3125,0
1786404759639,4192.75,die0,4471,4471,0.3,-1,64.3125,64.3125,0
1786404759739,4192.75,die0,4471,4471,0.3,-1,64.3125,64.3125,0
1786404759839,4192.75,die0,4471,4471,0.3,-1,64.3125,64.3125,0
1786404759939,4192.75,die0,4471,4471,0.3,-1,64.3125,64.3125,0
1786404760039,4175.23,die0,4471,4471,0.3,-1,64.25,64.25,0
1786404760139,4175.23,die0,4471,4471,0.3,-1,64.25,64.25,0
1786404760239,4175.23,die0,4471,4471,0.3,-1,64.25,64.25,0
1786404760339,4175.23,die0,4471,4471,0.3,-1,64.25,64.25,0
1786404760439,4175.23,die0,4471,4471,0.3,-1,64.25,64.25,0
1786404760539,4175.23,die0,4471,4471,0.3,-1,64.25,64.25,0
1786404760639,4175.23,die0,4471,4471,0.3,-1,64.25,64.25,0
1786404760739,4175.23,die0,4471,4471,0.3,-1,64.25,64.25,0
1786404760839,4175.23,die0,4471,4471,0.3,-1,64.25,64.25,0
1786404760939,4175.23,die0,4471,4471,0.3,-1,64.25,64.25,0
1786404761039,4199.63,die0,4471,4471,0.3,-1,64.375,64.375,0
1786404761139,4199.63,die0,4471,4471,0.3,-1,64.375,64.375,0
1786404761239,4199.63,die0,4471,4471,0.3,-1,64.375,64.375,0
1786404761339,4199.63,die0,4471,4471,0.3,-1,64.375,64.375,0
1786404761439,4199.63,die0,4471,4471,0.3,-1,64.375,64.375,0
1786404761539,4199.63,die0,4471,4471,0.3,-1,64.375,64.375,0
1786404761639,4199.63,die0,4471,4471,0.3,-1,64.375,64.375,0
1786404761739,4199.63,die0,4471,4471,0.3,-1,64.375,64.375,0
1786404761839,4199.63,die0,4471,4471,0.3,-1,64.375,64.375,0
1786404761939,4199.63,die0,4471,4471,0.3,-1,64.375,64.375,0
1786404762039,4168.34,die0,4471,4471,0.3,-1,64.25,64.25,0
1786404762139,4168.34,die0,4471,4471,0.3,-1,64.25,64.25,0
1786404762239,4168.34,die0,4471,4471,0.3,-1,64.25,64.25,0
1786404762339,4168.34,die0,4471,4471,0.3,-1,64.25,64.25,0
1786404762439,4168.34,die0,4471,4471,0.3,-1,64.25,64.25,0
1786404762539,4168.34,die0,4471,4471,0.3,-1,64.25,64.25,0
1786404762639,4168.34,die0,4471,4471,0.3,-1,64.25,64.25,0
1786404762739,4168.34,die0,4471,4471,0.3,-1,64.25,64.25,0
1786404762839,4168.34,die0,4471,4471,0.3,-1,64.25,64.25,0
1786404762939,4168.34,die0,4471,4471,0.3,-1,64.25,64.25,0
1786404763039,4192.74,die0,4471,4471,0.3,-1,64.375,64.375,0
1786404763139,4192.74,die0,4471,4471,0.3,-1,64.375,64.375,0
1786404763239,4192.74,die0,4471,4471,0.3,-1,64.375,64.375,0
1786404763339,4192.74,die0,4471,4471,0.3,-1,64.375,64.375,0
1786404763439,4192.74,die0,4471,4471,0.3,-1,64.375,64.375,0
1786404763539,4192.74,die0,4471,4471,0.3,-1,64.375,64.375,0
1786404763639,4192.74,die0,4471,4471,0.3,-1,64.375,64.375,0
1786404763739,4192.74,die0,4471,4471,0.3,-1,64.375,64.375,0
1786404763839,4192.74,die0,4471,4471,0.3,-1,64.375,64.375,0
1786404763939,4192.74,die0,4471,4471,0.3,-1,64.375,64.375,0
1786404764039,4189.61,die0,4471,4471,0.3,-1,64.375,64.375,0
1786404764139,4189.61,die0,4471,4471,0.3,-1,64.375,64.375,0
1786404764239,4189.61,die0,4471,4471,0.3,-1,64.375,64.375,0
1786404764339,4189.61,die0,4471,4471,0.3,-1,64.375,64.375,0
1786404764439,4189.61,die0,4471,4471,0.3,-1,64.375,64.375,0
1786404764539,4189.61,die0,4471,4471,0.3,-1,64.375,64.375,0
1786404764639,4189.61,die0,4471,4471,0.3,-1,64.375,64.375,0
1786404764739,4189.61,die0,4471,4471,0.3,-1,64.375,64.375,0
1786404764839,4189.61,die0,4471,4471,0.3,-1,64.375,64.375,0
1786404764939,4189.61,die0,4471,4471,0.3,-1,64.375,64.375,0
1786404765039,4158.32,die0,4471,4471,0.3,-1,64.25,64.25,0
1786404765139,4158.32,die0,4471,4471,0.3,-1,64.25,64.25,0
1786404765239,4158.32,die0,4471,4471,0.3,-1,64.25,64.25,0
1786404765339,4158.32,die0,4471,4471,0.3,-1,64.25,64.25,0
1786404765439,4158.32,die0,4471,4471,0.3,-1,64.25,64.25,0
1786404765539,4158.32,die0,4471,4471,0.3,-1,64.25,64.25,0
1786404765639,4158.32,die0,4471,4471,0.3,-1,64.25,64.25,0
1786404765739,4158.32,die0,4471,4471,0.3,-1,64.25,64.25,0
1786404765839,4158.32,die0,4471,4471,0.3,-1,64.25,64.25,0
1786404765939,4158.32,die0,4471,4471,0.3,-1,64.25,64.25,0
1786404766039,4168.64,die0,4471,4471,0.3,-1,64.3125,64.3125,0
1786404766139,4168.64,die0,4471,4471,0.3,-1,64.3125,64.3125,0
1786404766239,4168.64,die0,4471,4471,0.3,-1,64.3125,64.3125,0
1786404766339,4168.64,die0,4471,4471,0.3,-1,64.3125,64.3125,0
1786404766439,4168.64,die0,4471,4471,0.3,-1,64.3125,64.3125,0
1786404766539,4168.64,die0,4471,4471,0.3,-1,64.3125,64.3125,0
1786404766639,4168.64,die0,4471,4471,0.3,-1,64.3125,64.3125,0
1786404766739,4168.64,die0,4471,4471,0.3,-1,64.3125,64.3125,0
1786404766839,4168.64,die0,4471,4471,0.3,-1,64.3125,64.3125,0
1786404766939,4168.64,die0,4471,4471,0.3,-1,64.3125,64.3125,0
1786404767039,4179.28,die0,4471,4471,0.3,-1,64.375,64.375,0
1786404767139,4179.28,die0,4471,4471,0.3,-1,64.375,64.375,0
1786404767239,4179.28,die0,4471,4471,0.3,-1,64.375,64.375,0
1786404767339,4179.28,die0,4471,4471,0.3,-1,64.375,64.375,0
1786404767439,4179.28,die0,4471,4471,0.3,-1,64.375,64.375,0
1786404767539,4179.28,die0,4471,4471,0.3,-1,64.375,64.375,0
1786404767639,4179.28,die0,4471,4471,0.3,-1,64.375,64.375,0
1786404767739,4179.28,die0,4471,4471,0.3,-1,64.375,64.375,0
1786404767839,4179.28,die0,4471,4471,0.3,-1,64.375,64.375,0
1786404767939,4179.28,die0,4471,4471,0.3,-1,64.375,64.375,0
1786404768039,4176.15,die0,4471,4471,0.3,-1,64.375,64.375,0
1786404768139,4176.15,die0,4471,4471,0.3,-1,64.375,64.375,0
1786404768239,4176.15,die0,4471,4471,0.3,-1,64.375,64.375,0
1786404768339,4176.15,die0,4471,4471,0.3,-1,64.375,64.375,0
1786404768439,4176.15,die0,4471,4471,0.3,-1,64.375,64.375,0
1786404768539,4176.15,die0,4471,4471,0.3,-1,64.375,64.375,0
1786404768639,4176.15,die0,4471,4471,0.3,-1,64.375,64.375,0
1786404768739,4176.15,die0,4471,4471,0.3,-1,64.375,64.375,0
1786404768839,4176.15,die0,4471,4471,0.3,-1,64.375,64.375,0
1786404768939,4176.15,die0,4471,4471,0.3,-1,64.375,64.375,0
1786404769039,4173.02,die0,4471,4471,0.3,-1,64.375,64.375,0
1786404769139,4173.02,die0,4471,4471,0.3,-1,64.375,64.375,0
1786404769239,4173.02,die0,4471,4471,0.3,-1,64.375,64.375,0
1786404769339,4173.02,die0,4471,4471,0.3,-1,64.375,64.375,0
1786404769439,4173.02,die0,4471,4471,0.3,-1,64.375,64.375,0
1786404769539,4173.02,die0,4471,4471,0.3,-1,64.375,64.375,0
1786404769639,4173.02,die0,4471,4471,0.3,-1,64.375,64.375,0
1786404769739,4173.02,die0,4471,4471,0.3,-1,64.375,64.375,0
1786404769839,4173.02,die0,4471,4471,0.3,-1,64.375,64.375,0
1786404769939,4173.02,die0,4471,4471,0.3,-1,64.375,64.375,0
1786404770039,4155.81,die0,4471,4471,0.3,-1,64.3125,64.3125,0
1786404770139,4155.81,die0,4471,4471,0.3,-1,64.3125,64.3125,0
1786404770239,4155.81,die0,4471,4471,0.3,-1,64.3125,64.3125,0
1786404770339,4155.81,die0,4471,4471,0.3,-1,64.3125,64.3125,0
1786404770439,4155.81,die0,4471,4471,0.3,-1,64.3125,64.3125,0
1786404770539,4155.81,die0,4471,4471,0.3,-1,64.3125,64.3125,0
1786404770639,4155.81,die0,4471,4471,0.3,-1,64.3125,64.3125,0
1786404770739,4155.81,die0,4471,4471,0.3,-1,64.3125,64.3125,0
1786404770839,4155.81,die0,4471,4471,0.3,-1,64.3125,64.3125,0
1786404770939,4155.81,die0,4471,4471,0.3,-1,64.3125,64.3125,0
1786404771039,4152.36,die0,4471,4471,0.3,-1,64.3125,64.3125,0
1786404771139,4152.36,die0,4471,4471,0.3,-1,64.3125,64.3125,0
1786404771239,4152.36,die0,4471,4471,0.3,-1,64.3125,64.3125,0
1786404771339,4152.36,die0,4471,4471,0.3,-1,64.3125,64.3125,0
1786404771439,4152.36,die0,4471,4471,0.3,-1,64.3125,64.3125,0
1786404771539,4152.36,die0,4471,4471,0.3,-1,64.3125,64.3125,0
1786404771639,4152.36,die0,4471,4471,0.3,-1,64.3125,64.3125,0
1786404771739,4152.36,die0,4471,4471,0.3,-1,64.3125,64.3125,0
1786404771839,4152.36,die0,4471,4471,0.3,-1,64.3125,64.3125,0
