t_s,pwm,power_w,t_sense_c,t_die_c,rpm,fan_power_rel,integral
0.000,0.0000,150.0000,25.0000,25.1167,0.00,0.000000,0.000000
0.100,0.0000,150.0000,25.0625,25.2331,0.00,0.000000,0.000000
0.200,0.0000,150.0000,24.9375,25.3492,0.00,0.000000,0.000000
0.300,0.0000,150.0000,25.0000,25.4651,0.00,0.000000,0.000000
0.400,0.0000,150.0000,25.0625,25.5807,0.00,0.000000,0.000000
0.500,0.0000,150.0000,24.9375,25.6961,0.00,0.000000,0.000000
0.600,0.0000,150.0000,25.0000,25.8112,0.00,0.000000,0.000000
0.700,0.0000,150.0000,25.0625,25.9261,0.00,0.000000,0.000000
0.800,0.0000,150.0000,25.0625,26.0407,0.00,0.000000,0.000000
0.900,0.0000,150.0000,24.9375,26.1551,0.00,0.000000,0.000000
1.000,0.0000,150.0000,25.0625,26.2692,0.00,0.000000,0.000000
1.100,0.0000,150.0000,25.0000,26.3830,0.00,0.000000,0.000000
1.200,0.0000,150.0000,24.9375,26.4966,0.00,0.000000,0.000000
1.300,0.0000,150.0000,25.0625,26.6099,0.00,0.000000,0.000000
1.400,0.0000,150.0000,25.0625,26.7230,0.00,0.000000,0.000000
1.500,0.0000,150.0000,25.0000,26.8359,0.00,0.000000,0.000000
1.600,0.0000,150.0000,25.0000,26.9485,0.00,0.000000,0.000000
1.700,0.0000,150.0000,25.0625,27.0608,0.00,0.000000,0.000000
1.800,0.0000,150.0000,24.9375,27.1729,0.00,0.000000,0.000000
1.900,0.0000,150.0000,25.0000,27.2847,0.00,0.000000,0.000000
2.000,0.0000,150.0000,25.0000,27.3963,0.00,0.000000,0.000000
2.100,0.0000,150.0000,25.0000,27.5077,0.00,0.000000,0.000000
2.200,0.0000,150.0000,25.0000,27.6187,0.00,0.000000,0.000000
2.300,0.0000,150.0000,25.0000,27.7296,0.00,0.000000,0.000000
2.400,0.0000,150.0000,24.9375,27.8402,0.00,0.000000,0.000000
2.500,0.0000,150.0000,24.9375,27.9506,0.00,0.000000,0.000000
2.600,0.0000,150.0000,25.0000,28.0607,0.00,0.000000,0.000000
2.700,0.0000,150.0000,24.9375,28.1705,0.00,0.000000,0.000000
2.800,0.0000,150.0000,24.9375,28.2801,0.00,0.000000,0.000000
2.900,0.0000,150.0000,24.9375,28.3895,0.00,0.000000,0.000000
3.000,0.0000,150.0000,24.9375,28.4987,0.00,0.000000,0.000000
3.100,0.0000,150.0000,25.0625,28.6076,0.00,0.000000,0.000000
3.200,0.0000,150.0000,25.0625,28.7162,0.00,0.000000,0.000000
3.300,0.0000,150.0000,25.0000,28.8246,0.00,0.000000,0.000000
3.400,0.0000,150.0000,25.0625,28.9328,0.00,0.000000,0.000000
3.500,0.0000,150.0000,25.0000,29.0407,0.00,0.000000,0.000000
3.600,0.0000,150.0000,25.0625,29.1484,0.00,0.000000,0.000000
3.700,0.0000,150.0000,25.1250,29.2558,0.00,0.000000,0.000000
3.800,0.0000,150.0000,25.1250,29.3631,0.00,0.000000,0.000000
3.900,0.0000,150.0000,25.1875,29.4700,0.00,0.000000,0.000000
4.000,0.0000,150.0000,25.2500,29.5768,0.00,0.000000,0.000000
4.100,0.0000,150.0000,25.2500,29.6833,0.00,0.000000,0.000000
4.200,0.0000,150.0000,25.3125,29.7895,0.00,0.000000,0.000000
4.300,0.0000,150.0000,25.3750,29.8955,0.00,0.000000,0.000000
4.400,0.0000,150.0000,25.4375,30.0013,0.00,0.000000,0.000000
4.500,0.0000,150.0000,25.5000,30.1069,0.00,0.000000,0.000000
4.600,0.0000,150.0000,25.5625,30.2122,0.00,0.000000,0.000000
4.700,0.0000,150.0000,25.5625,30.3173,0.00,0.000000,0.000000
4.800,0.0000,150.0000,25.6250,30.4221,0.00,0.000000,0.000000
4.900,0.0000,150.0000,25.6250,30.5267,0.00,0.000000,0.000000
5.000,0.0000,150.0000,25.7500,30.6311,0.00,0.000000,0.000000
5.100,0.0000,150.0000,25.8125,30.7353,0.00,0.000000,0.000000
5.200,0.0000,150.0000,25.8125,30.8392,0.00,0.000000,0.000000
5.300,0.0000,150.0000,25.9375,30.9429,0.00,0.000000,0.000000
5.400,0.0000,150.0000,26.0000,31.0464,0.00,0.000000,0.000000
5.500,0.0000,150.0000,26.0000,31.1496,0.00,0.000000,0.000000
5.600,0.0000,150.0000,26.1250,31.2526,0.00,0.000000,0.000000
5.700,0.0000,150.0000,26.1875,31.3554,0.00,0.000000,0.000000
5.800,0.0000,150.0000,26.2500,31.4579,0.00,0.000000,0.000000
5.900,0.0000,150.0000,26.3125,31.5602,0.00,0.000000,0.000000
6.000,0.0000,150.0000,26.3125,31.6623,0.00,0.000000,0.000000
6.100,0.0000,150.0000,26.4375,31.7642,0.00,0.000000,0.000000
6.200,0.0000,150.0000,26.5625,31.8658,0.00,0.000000,0.000000
6.300,0.0000,150.0000,26.6250,31.9672,0.00,0.000000,0.000000
6.400,0.0000,150.0000,26.7500,32.0684,0.00,0.000000,0.000000
6.500,0.0000,150.0000,26.8125,32.1694,0.00,0.000000,0.000000
6.600,0.0000,150.0000,26.8750,32.2701,0.00,0.000000,0.000000
6.700,0.0000,150.0000,26.9375,32.3706,0.00,0.000000,0.000000
6.800,0.0000,150.0000,27.0000,32.4709,0.00,0.000000,0.000000
6.900,0.0000,150.0000,27.0000,32.5710,0.00,0.000000,0.000000
7.000,0.0000,150.0000,27.1875,32.6708,0.00,0.000000,0.000000
7.100,0.0000,150.0000,27.2500,32.7704,0.00,0.000000,0.000000
7.200,0.0000,150.0000,27.2500,32.8698,0.00,0.000000,0.000000
7.300,0.0000,150.0000,27.4375,32.9690,0.00,0.000000,0.000000
7.400,0.0000,150.0000,27.5000,33.0680,0.00,0.000000,0.000000
7.500,0.0000,150.0000,27.6250,33.1667,0.00,0.000000,0.000000
7.600,0.0000,150.0000,27.6875,33.2652,0.00,0.000000,0.000000
7.700,0.0000,150.0000,27.8750,33.3635,0.00,0.000000,0.000000
7.800,0.0000,150.0000,27.8750,33.4616,0.00,0.000000,0.000000
7.900,0.0000,150.0000,27.9375,33.5595,0.00,0.000000,0.000000
8.000,0.0000,150.0000,28.0000,33.6571,0.00,0.000000,0.000000
8.100,0.0000,150.0000,28.0625,33.7545,0.00,0.000000,0.000000
8.200,0.0000,150.0000,28.2500,33.8517,0.00,0.000000,0.000000
8.300,0.0000,150.0000,28.3750,33.9487,0.00,0.000000,0.000000
8.400,0.0000,150.0000,28.3750,34.0455,0.00,0.000000,0.000000
8.500,0.0000,150.0000,28.5000,34.1421,0.00,0.000000,0.000000
8.600,0.0000,150.0000,28.6250,34.2384,0.00,0.000000,0.000000
8.700,0.0000,150.0000,28.6250,34.3346,0.00,0.000000,0.000000
8.800,0.0000,150.0000,28.8750,34.4305,0.00,0.000000,0.000000
8.900,0.0000,150.0000,28.8750,34.5262,0.00,0.000000,0.000000
9.000,0.0000,150.0000,28.9375,34.6217,0.00,0.000000,0.000000
9.100,0.0000,150.0000,29.1250,34.7170,0.00,0.000000,0.000000
9.200,0.0000,150.0000,29.1250,34.8121,0.00,0.000000,0.000000
9.300,0.0000,150.0000,29.2500,34.9069,0.00,0.000000,0.000000
9.400,0.0000,150.0000,29.4375,35.0016,0.00,0.000000,0.000000
9.500,0.0000,150.0000,29.3750,35.0960,0.00,0.000000,0.000000
9.600,0.0000,150.0000,29.5625,35.1902,0.00,0.000000,0.000000
9.700,0.0000,150.0000,29.6250,35.2843,0.00,0.000000,0.000000
9.800,0.0000,150.0000,29.6875,35.3781,0.00,0.000000,0.000000
9.900,0.0000,150.0000,29.8125,35.4717,0.00,0.000000,0.000000
10.000,0.0000,150.0000,29.9375,35.5651,0.00,0.000000,0.000000
10.100,0.0000,150.0000,30.0000,35.6583,0.00,0.000000,0.000000
10.200,0.0000,150.0000,30.0000,35.7512,0.00,0.000000,0.000000
10.300,0.0000,150.0000,30.3125,35.8440,0.00,0.000000,0.000000
10.400,0.0000,150.0000,30.3125,35.9366,0.00,0.000000,0.000000
10.500,0.0000,150.0000,30.3750,36.0290,0.00,0.000000,0.000000
10.600,0.0000,150.0000,30.5000,36.1211,0.00,0.000000,0.000000
10.700,0.0000,150.0000,30.5625,36.2131,0.00,0.000000,0.000000
10.800,0.0000,150.0000,30.7500,36.3048,0.00,0.000000,0.000000
10.900,0.0000,150.0000,30.7500,36.3964,0.00,0.000000,0.000000
11.000,0.0000,150.0000,30.8125,36.4877,0.00,0.000000,0.000000
11.100,0.0000,150.0000,30.9375,36.5788,0.00,0.000000,0.000000
11.200,0.0000,150.0000,31.0625,36.6698,0.00,0.000000,0.000000
11.300,0.0000,150.0000,31.1250,36.7605,0.00,0.000000,0.000000
11.400,0.0000,150.0000,31.2500,36.8510,0.00,0.000000,0.000000
11.500,0.0000,150.0000,31.3750,36.9414,0.00,0.000000,0.000000
11.600,0.0000,150.0000,31.5000,37.0315,0.00,0.000000,0.000000
11.700,0.0000,150.0000,31.5000,37.1214,0.00,0.000000,0.000000
11.800,0.0000,150.0000,31.6250,37.2112,0.00,0.000000,0.000000
11.900,0.0000,150.0000,31.6250,37.3007,0.00,0.000000,0.000000
12.000,0.0000,150.0000,31.8125,37.3900,0.00,0.000000,0.000000
12.100,0.0000,150.0000,32.0000,37.4792,0.00,0.000000,0.000000
12.200,0.0000,150.0000,32.0625,37.5681,0.00,0.000000,0.000000
12.300,0.0000,150.0000,32.0625,37.6568,0.00,0.000000,0.000000
12.400,0.0000,150.0000,32.2500,37.7454,0.00,0.000000,0.000000
12.500,0.0000,150.0000,32.3750,37.8337,0.00,0.000000,0.000000
12.600,0.0000,150.0000,32.3750,37.9219,0.00,0.000000,0.000000
12.700,0.0000,150.0000,32.3750,38.0098,0.00,0.000000,0.000000
12.800,0.0000,150.0000,32.6250,38.0976,0.00,0.000000,0.000000
12.900,0.0000,150.0000,32.6875,38.1851,0.00,0.000000,0.000000
13.000,0.0000,150.0000,32.7500,38.2725,0.00,0.000000,0.000000
13.100,0.0000,150.0000,32.8750,38.3597,0.00,0.000000,0.000000
13.200,0.0000,150.0000,32.9375,38.4466,0.00,0.000000,0.000000
13.300,0.0000,150.0000,33.0000,38.5334,0.00,0.000000,0.000000
13.400,0.0000,150.0000,33.1250,38.6200,0.00,0.000000,0.000000
13.500,0.0000,150.0000,33.1875,38.7064,0.00,0.000000,0.000000
13.600,0.0000,150.0000,33.3750,38.7926,0.00,0.000000,0.000000
13.700,0.0000,150.0000,33.3750,38.8786,0.00,0.000000,0.000000
13.800,0.0000,150.0000,33.5625,38.9645,0.00,0.000000,0.000000
13.900,0.0000,150.0000,33.6250,39.0501,0.00,0.000000,0.000000
14.000,0.0000,150.0000,33.6875,39.1356,0.00,0.000000,0.000000
14.100,0.0000,150.0000,33.7500,39.2208,0.00,0.000000,0.000000
14.200,0.0000,150.0000,33.9375,39.3059,0.00,0.000000,0.000000
14.300,0.0000,150.0000,34.0000,39.3907,0.00,0.000000,0.000000
14.400,0.0000,150.0000,34.1250,39.4754,0.00,0.000000,0.000000
14.500,0.0000,150.0000,34.1250,39.5599,0.00,0.000000,0.000000
14.600,0.0000,150.0000,34.3750,39.6442,0.00,0.000000,0.000000
14.700,0.0000,150.0000,34.3750,39.7284,0.00,0.000000,0.000000
14.800,0.0000,150.0000,34.5000,39.8123,0.00,0.000000,0.000000
14.900,0.0000,150.0000,34.5625,39.8961,0.00,0.000000,0.000000
15.000,0.0000,150.0000,34.7500,39.9796,0.00,0.000000,0.000000
15.100,0.0000,150.0000,34.8125,40.0630,0.00,0.000000,0.000000
15.200,0.0000,150.0000,34.8125,40.1462,0.00,0.000000,0.000000
15.300,0.0000,150.0000,35.0000,40.2292,0.00,0.000000,0.000000
15.400,0.0000,150.0000,35.0625,40.3120,0.00,0.000000,0.000000
15.500,0.0000,150.0000,35.1250,40.3947,0.00,0.000000,0.000000
15.600,0.0000,150.0000,35.1875,40.4771,0.00,0.000000,0.000000
15.700,0.0000,150.0000,35.3125,40.5594,0.00,0.000000,0.000000
15.800,0.0000,150.0000,35.3750,40.6415,0.00,0.000000,0.000000
15.900,0.0000,150.0000,35.5000,40.7234,0.00,0.000000,0.000000
16.000,0.0000,150.0000,35.6875,40.8051,0.00,0.000000,0.000000
16.100,0.0000,150.0000,35.6875,40.8867,0.00,0.000000,0.000000
16.200,0.0000,150.0000,35.7500,40.9680,0.00,0.000000,0.000000
16.300,0.0000,150.0000,35.9375,41.0492,0.00,0.000000,0.000000
16.400,0.0000,150.0000,36.0000,41.1302,0.00,0.000000,0.000000
16.500,0.0000,150.0000,36.0000,41.2110,0.00,0.000000,0.000000
16.600,0.0000,150.0000,36.1875,41.2917,0.00,0.000000,0.000000
16.700,0.0000,150.0000,36.3125,41.3721,0.00,0.000000,0.000000
16.800,0.0000,150.0000,36.3125,41.4524,0.00,0.000000,0.000000
16.900,0.0000,150.0000,36.4375,41.5325,0.00,0.000000,0.000000
17.000,0.0000,150.0000,36.5000,41.6125,0.00,0.000000,0.000000
17.100,0.0000,150.0000,36.5625,41.6922,0.00,0.000000,0.000000
17.200,0.0000,150.0000,36.6250,41.7718,0.00,0.000000,0.000000
17.300,0.0000,150.0000,36.7500,41.8512,0.00,0.000000,0.000000
17.400,0.0000,150.0000,36.8750,41.9304,0.00,0.000000,0.000000
17.500,0.0000,150.0000,37.0000,42.0094,0.00,0.000000,0.000000
17.600,0.0000,150.0000,37.0000,42.0883,0.00,0.000000,0.000000
17.700,0.0000,150.0000,37.1250,42.1670,0.00,0.000000,0.000000
17.800,0.0000,150.0000,37.1875,42.2455,0.00,0.000000,0.000000
17.900,0.0000,150.0000,37.3750,42.3239,0.00,0.000000,0.000000
18.000,0.0000,150.0000,37.3750,42.4020,0.00,0.000000,0.000000
18.100,0.0000,150.0000,37.5000,42.4800,0.00,0.000000,0.000000
18.200,0.0000,150.0000,37.6250,42.5578,0.00,0.000000,0.000000
18.300,0.0000,150.0000,37.8125,42.6355,0.00,0.000000,0.000000
18.400,0.0000,150.0000,37.8125,42.7130,0.00,0.000000,0.000000
18.500,0.0000,150.0000,37.7500,42.7903,0.00,0.000000,0.000000
18.600,0.0000,150.0000,38.0000,42.8674,0.00,0.000000,0.000000
18.700,0.0000,150.0000,38.0000,42.9444,0.00,0.000000,0.000000
18.800,0.0000,150.0000,38.0625,43.0212,0.00,0.000000,0.000000
18.900,0.0000,150.0000,38.1250,43.0978,0.00,0.000000,0.000000
19.000,0.0000,150.0000,38.3125,43.1742,0.00,0.000000,0.000000
19.100,0.0000,150.0000,38.3750,43.2505,0.00,0.000000,0.000000
19.200,0.0000,150.0000,38.5000,43.3266,0.00,0.000000,0.000000
19.300,0.0000,150.0000,38.6250,43.4026,0.00,0.000000,0.000000
19.400,0.0000,150.0000,38.6875,43.4783,0.00,0.000000,0.000000
19.500,0.0000,150.0000,38.7500,43.5539,0.00,0.000000,0.000000
19.600,0.0000,150.0000,38.8125,43.6294,0.00,0.000000,0.000000
19.700,0.0000,150.0000,38.8125,43.7046,0.00,0.000000,0.000000
19.800,0.0000,150.0000,39.0000,43.7797,0.00,0.000000,0.000000
19.900,0.0000,150.0000,39.0625,43.8547,0.00,0.000000,0.000000
20.000,0.0000,150.0000,39.2500,43.9294,0.00,0.000000,0.000000
20.100,0.0000,150.0000,39.2500,44.0040,0.00,0.000000,0.000000
20.200,0.0000,150.0000,39.3125,44.0785,0.00,0.000000,0.000000
20.300,0.0000,150.0000,39.3750,44.1527,0.00,0.000000,0.000000
20.400,0.0000,150.0000,39.5000,44.2269,0.00,0.000000,0.000000
20.500,0.0000,150.0000,39.5625,44.3008,0.00,0.000000,0.000000
20.600,0.0000,150.0000,39.6875,44.3746,0.00,0.000000,0.000000
20.700,0.0000,150.0000,39.7500,44.4482,0.00,0.000000,0.000000
20.800,0.0000,150.0000,39.7500,44.5216,0.00,0.000000,0.000000
20.900,0.0000,150.0000,39.8750,44.5949,0.00,0.000000,0.000000
21.000,0.0000,150.0000,40.0000,44.6680,0.00,0.000000,0.000000
21.100,0.0000,150.0000,40.1250,44.7410,0.00,0.000000,0.000000
21.200,0.0000,150.0000,40.1875,44.8138,0.00,0.000000,0.000000
21.300,0.0000,150.0000,40.1875,44.8864,0.00,0.000000,0.000000
21.400,0.0000,150.0000,40.3750,44.9589,0.00,0.000000,0.000000
21.500,0.0000,150.0000,40.3125,45.0312,0.00,0.000000,0.000000
21.600,0.0000,150.0000,40.4375,45.1034,0.00,0.000000,0.000000
21.700,0.0000,150.0000,40.5000,45.1754,0.00,0.000000,0.000000
21.800,0.0000,150.0000,40.6250,45.2472,0.00,0.000000,0.000000
21.900,0.0000,150.0000,40.7500,45.3189,0.00,0.000000,0.000000
22.000,0.0000,150.0000,40.6875,45.3904,0.00,0.000000,0.000000
22.100,0.0000,150.0000,40.9375,45.4617,0.00,0.000000,0.000000
22.200,0.0000,150.0000,40.8750,45.5329,0.00,0.000000,0.000000
22.300,0.0000,150.0000,41.0625,45.6040,0.00,0.000000,0.000000
22.400,0.0000,150.0000,41.1250,45.6749,0.00,0.000000,0.000000
22.500,0.0000,150.0000,41.1875,45.7456,0.00,0.000000,0.000000
22.600,0.0000,150.0000,41.2500,45.8161,0.00,0.000000,0.000000
22.700,0.0000,150.0000,41.4375,45.8865,0.00,0.000000,0.000000
22.800,0.0000,150.0000,41.4375,45.9568,0.00,0.000000,0.000000
22.900,0.0000,150.0000,41.5625,46.0269,0.00,0.000000,0.000000
23.000,0.0000,150.0000,41.6250,46.0968,0.00,0.000000,0.000000
23.100,0.0000,150.0000,41.6875,46.1666,0.00,0.000000,0.000000
23.200,0.0000,150.0000,41.8125,46.2363,0.00,0.000000,0.000000
23.300,0.0000,150.0000,41.9375,46.3057,0.00,0.000000,0.000000
23.400,0.0000,150.0000,41.8125,46.3750,0.00,0.000000,0.000000
23.500,0.0000,150.0000,42.0000,46.4442,0.00,0.000000,0.000000
23.600,0.0000,150.0000,42.1250,46.5132,0.00,0.000000,0.000000
23.700,0.0000,150.0000,42.1875,46.5821,0.00,0.000000,0.000000
23.800,0.0000,150.0000,42.2500,46.6508,0.00,0.000000,0.000000
23.900,0.0000,150.0000,42.4375,46.7193,0.00,0.000000,0.000000
24.000,0.0000,150.0000,42.3750,46.7877,0.00,0.000000,0.000000
24.100,0.0000,150.0000,42.5000,46.8560,0.00,0.000000,0.000000
24.200,0.0000,150.0000,42.5000,46.9241,0.00,0.000000,0.000000
24.300,0.0000,150.0000,42.6875,46.9920,0.00,0.000000,0.000000
24.400,0.0000,150.0000,42.7500,47.0598,0.00,0.000000,0.000000
24.500,0.0000,150.0000,42.8750,47.1275,0.00,0.000000,0.000000
24.600,0.0000,150.0000,42.8125,47.1950,0.00,0.000000,0.000000
24.700,0.0000,150.0000,42.9375,47.2623,0.00,0.000000,0.000000
24.800,0.0000,150.0000,43.0000,47.3295,0.00,0.000000,0.000000
24.900,0.0000,150.0000,43.0625,47.3966,0.00,0.000000,0.000000
25.000,0.0000,150.0000,43.1875,47.4635,0.00,0.000000,0.000000
25.100,0.0000,150.0000,43.2500,47.5302,0.00,0.000000,0.000000
25.200,0.0000,150.0000,43.4375,47.5968,0.00,0.000000,0.000000
25.300,0.0000,150.0000,43.4375,47.6633,0.00,0.000000,0.000000
25.400,0.0000,150.0000,43.4375,47.7296,0.00,0.000000,0.000000
25.500,0.0000,150.0000,43.5625,47.7957,0.00,0.000000,0.000000
25.600,0.0000,150.0000,43.6875,47.8617,0.00,0.000000,0.000000
25.700,0.0000,150.0000,43.7500,47.9276,0.00,0.000000,0.000000
25.800,0.0000,150.0000,43.7500,47.9933,0.00,0.000000,0.000000
25.900,0.0000,150.0000,43.8750,48.0589,0.00,0.000000,0.000000
26.000,0.0000,150.0000,43.9375,48.1243,0.00,0.000000,0.000000
26.100,0.0000,150.0000,44.0000,48.1896,0.00,0.000000,0.000000
26.200,0.0000,150.0000,43.9375,48.2547,0.00,0.000000,0.000000
26.300,0.0000,150.0000,44.1875,48.3197,0.00,0.000000,0.000000
26.400,0.0000,150.0000,44.1250,48.3845,0.00,0.000000,0.000000
26.500,0.0000,150.0000,44.3125,48.4493,0.00,0.000000,0.000000
26.600,0.0000,150.0000,44.3125,48.5138,0.00,0.000000,0.000000
26.700,0.0000,150.0000,44.4375,48.5782,0.00,0.000000,0.000000
26.800,0.0000,150.0000,44.5625,48.6425,0.00,0.000000,0.000000
26.900,0.0000,150.0000,44.5625,48.7066,0.00,0.000000,0.000000
27.000,0.0000,150.0000,44.6875,48.7706,0.00,0.000000,0.000000
27.100,0.0000,150.0000,44.8125,48.8344,0.00,0.000000,0.000000
27.200,0.0000,150.0000,44.8750,48.8981,0.00,0.000000,0.000000
27.300,0.0000,150.0000,44.8750,48.9617,0.00,0.000000,0.000000
27.400,0.0000,150.0000,44.9375,49.0251,0.00,0.000000,0.000000
27.500,0.0000,150.0000,45.0625,49.0884,0.00,0.000000,0.000000
27.600,0.0000,150.0000,45.0000,49.1515,0.00,0.000000,0.000000
27.700,0.0000,150.0000,45.1250,49.2145,0.00,0.000000,0.000000
27.800,0.0000,150.0000,45.2500,49.2774,0.00,0.000000,0.000000
27.900,0.0000,150.0000,45.3125,49.3401,0.00,0.000000,0.000000
28.000,0.0000,150.0000,45.4375,49.4027,0.00,0.000000,0.000000
28.100,0.0000,150.0000,45.4375,49.4651,0.00,0.000000,0.000000
28.200,0.0000,150.0000,45.5000,49.5274,0.00,0.000000,0.000000
28.300,0.0000,150.0000,45.6250,49.5896,0.00,0.000000,0.000000
28.400,0.0000,150.0000,45.7500,49.6516,0.00,0.000000,0.000000
28.500,0.0000,150.0000,45.7500,49.7135,0.00,0.000000,0.000000
28.600,0.0000,150.0000,45.8125,49.7752,0.00,0.000000,0.000000
28.700,0.0000,150.0000,45.9375,49.8369,0.00,0.000000,0.000000
28.800,0.0000,150.0000,45.8750,49.8983,0.00,0.000000,0.000000
28.900,0.0000,150.0000,46.0000,49.9597,0.00,0.000000,0.000000
29.000,0.0000,150.0000,46.1250,50.0209,0.00,0.000000,0.000000
29.100,0.0000,150.0000,46.1250,50.0819,0.00,0.000000,0.000000
29.200,0.0000,150.0000,46.3125,50.1429,0.00,0.000000,0.000000
29.300,0.0000,150.0000,46.3125,50.2037,0.00,0.000000,0.000000
29.400,0.0000,150.0000,46.3750,50.2643,0.00,0.000000,0.000000
29.500,0.0000,150.0000,46.5000,50.3248,0.00,0.000000,0.000000
29.600,0.0000,150.0000,46.5625,50.3852,0.00,0.000000,0.000000
29.700,0.0000,150.0000,46.6250,50.4455,0.00,0.000000,0.000000
29.800,0.0000,150.0000,46.6875,50.5056,0.00,0.000000,0.000000
29.900,0.0000,150.0000,46.6875,50.5656,0.00,0.000000,0.000000
30.000,0.0000,150.0000,46.9375,50.6254,0.00,0.000000,0.000000
30.100,0.0000,150.0000,46.8750,50.6852,0.00,0.000000,0.000000
30.200,0.0000,150.0000,46.8750,50.7448,0.00,0.000000,0.000000
30.300,0.0000,150.0000,47.0000,50.8042,0.00,0.000000,0.000000
30.400,0.0000,150.0000,47.1250,50.8635,0.00,0.000000,0.000000
30.500,0.0000,150.0000,47.2500,50.9227,0.00,0.000000,0.000000
30.600,0.0000,150.0000,47.1875,50.9818,0.00,0.000000,0.000000
30.700,0.0000,150.0000,47.1875,51.0407,0.00,0.000000,0.000000
30.800,0.0000,150.0000,47.3125,51.0995,0.00,0.000000,0.000000
30.900,0.0000,150.0000,47.3750,51.1582,0.00,0.000000,0.000000
31.000,0.0000,150.0000,47.5000,51.2167,0.00,0.000000,0.000000
31.100,0.0000,150.0000,47.5625,51.2751,0.00,0.000000,0.000000
31.200,0.0000,150.0000,47.6250,51.3334,0.00,0.000000,0.000000
31.300,0.0000,150.0000,47.6875,51.3916,0.00,0.000000,0.000000
31.400,0.0000,150.0000,47.7500,51.4496,0.00,0.000000,0.000000
31.500,0.0000,150.0000,47.7500,51.5075,0.00,0.000000,0.000000
31.600,0.0000,150.0000,47.8750,51.5652,0.00,0.000000,0.000000
31.700,0.0000,150.0000,47.8750,51.6229,0.00,0.000000,0.000000
31.800,0.0000,150.0000,47.9375,51.6804,0.00,0.000000,0.000000
31.900,0.0000,150.0000,48.0000,51.7377,0.00,0.000000,0.000000
32.000,0.0000,150.0000,48.0625,51.7950,0.00,0.000000,0.000000
32.100,0.0000,150.0000,48.1875,51.8521,0.00,0.000000,0.000000
32.200,0.0000,150.0000,48.2500,51.9091,0.00,0.000000,0.000000
32.300,0.0000,150.0000,48.3750,51.9660,0.00,0.000000,0.000000
32.400,0.0000,150.0000,48.4375,52.0227,0.00,0.000000,0.000000
32.500,0.0000,150.0000,48.4375,52.0793,0.00,0.000000,0.000000
32.600,0.0000,150.0000,48.5000,52.1358,0.00,0.000000,0.000000
32.700,0.0000,150.0000,48.6250,52.1922,0.00,0.000000,0.000000
32.800,0.0000,150.0000,48.6250,52.2484,0.00,0.000000,0.000000
32.900,0.0000,150.0000,48.6875,52.3045,0.00,0.000000,0.000000
33.000,0.0000,150.0000,48.7500,52.3605,0.00,0.000000,0.000000
33.100,0.0000,150.0000,48.8750,52.4164,0.00,0.000000,0.000000
33.200,0.0000,150.0000,48.9375,52.4721,0.00,0.000000,0.000000
33.300,0.0000,150.0000,48.9375,52.5278,0.00,0.000000,0.000000
33.400,0.0000,150.0000,49.0625,52.5832,0.00,0.000000,0.000000
33.500,0.0000,150.0000,49.1250,52.6386,0.00,0.000000,0.000000
33.600,0.0000,150.0000,49.1250,52.6939,0.00,0.000000,0.000000
33.700,0.0000,150.0000,49.2500,52.7490,0.00,0.000000,0.000000
33.800,0.0000,150.0000,49.3125,52.8040,0.00,0.000000,0.000000
33.900,0.0000,150.0000,49.3125,52.8589,0.00,0.000000,0.000000
34.000,0.0000,150.0000,49.5000,52.9136,0.00,0.000000,0.000000
34.100,0.0000,150.0000,49.5000,52.9683,0.00,0.000000,0.000000
34.200,0.0000,150.0000,49.5625,53.0228,0.00,0.000000,0.000000
34.300,0.0000,150.0000,49.5625,53.0772,0.00,0.000000,0.000000
34.400,0.0000,150.0000,49.5625,53.1314,0.00,0.000000,0.000000
34.500,0.0000,150.0000,49.6875,53.1856,0.00,0.000000,0.000000
34.600,0.0000,150.0000,49.8125,53.2396,0.00,0.000000,0.000000
34.700,0.0000,150.0000,49.8750,53.2935,0.00,0.000000,0.000000
34.800,0.0000,150.0000,49.8750,53.3473,0.00,0.000000,0.000000
34.900,0.0000,150.0000,50.0000,53.4010,0.00,0.000000,0.000000
35.000,0.0000,150.0000,50.0000,53.4546,0.00,0.000000,0.000000
35.100,0.0000,150.0000,50.1250,53.5080,0.00,0.000000,0.000000
35.200,0.0000,150.0000,50.1875,53.5613,0.00,0.000000,0.000000
35.300,0.0000,150.0000,50.1250,53.6145,0.00,0.000000,0.000000
35.400,0.0000,150.0000,50.3750,53.6676,0.00,0.000000,0.000000
35.500,0.0000,150.0000,50.3125,53.7206,0.00,0.000000,0.000000
35.600,0.0000,150.0000,50.3750,53.7734,0.00,0.000000,0.000000
35.700,0.0000,150.0000,50.4375,53.8261,0.00,0.000000,0.000000
35.800,0.0000,150.0000,50.5625,53.8787,0.00,0.000000,0.000000
35.900,0.0000,150.0000,50.6250,53.9312,0.00,0.000000,0.000000
36.000,0.0000,150.0000,50.5625,53.9836,0.00,0.000000,0.000000
36.100,0.0000,150.0000,50.6250,54.0359,0.00,0.000000,0.000000
36.200,0.0000,150.0000,50.6250,54.0880,0.00,0.000000,0.000000
36.300,0.0000,150.0000,50.8125,54.1400,0.00,0.000000,0.000000
36.400,0.0000,150.0000,51.0000,54.1919,0.00,0.000000,0.000000
36.500,0.0000,150.0000,50.8750,54.2437,0.00,0.000000,0.000000
36.600,0.0000,150.0000,50.9375,54.2954,0.00,0.000000,0.000000
36.700,0.0000,150.0000,51.0000,54.3470,0.00,0.000000,0.000000
36.800,0.0000,150.0000,51.1250,54.3984,0.00,0.000000,0.000000
36.900,0.0000,150.0000,51.1250,54.4498,0.00,0.000000,0.000000
37.000,0.0000,150.0000,51.1875,54.5010,0.00,0.000000,0.000000
37.100,0.0000,150.0000,51.3125,54.5521,0.00,0.000000,0.000000
37.200,0.0000,150.0000,51.3125,54.6031,0.00,0.000000,0.000000
37.300,0.0000,150.0000,51.3750,54.6540,0.00,0.000000,0.000000
37.400,0.0000,150.0000,51.4375,54.7047,0.00,0.000000,0.000000
37.500,0.0000,150.0000,51.4375,54.7554,0.00,0.000000,0.000000
37.600,0.0000,150.0000,51.6250,54.8059,0.00,0.000000,0.000000
37.700,0.0000,150.0000,51.6875,54.8564,0.00,0.000000,0.000000
37.800,0.0000,150.0000,51.6875,54.9067,0.00,0.000000,0.000000
37.900,0.0000,150.0000,51.7500,54.9569,0.00,0.000000,0.000000
38.000,0.0000,150.0000,51.6875,55.0070,0.00,0.000000,0.000000
38.100,0.0000,150.0000,51.8750,55.0570,0.00,0.000000,0.000000
38.200,0.0000,150.0000,51.8125,55.1069,0.00,0.000000,0.000000
38.300,0.0000,150.0000,51.9375,55.1566,0.00,0.000000,0.000000
38.400,0.0000,150.0000,52.0000,55.2063,0.00,0.000000,0.000000
38.500,0.0000,150.0000,52.1250,55.2558,0.00,0.000000,0.000000
38.600,0.0000,150.0000,52.1875,55.3052,0.00,0.000000,0.000000
38.700,0.0000,150.0000,52.2500,55.3546,0.00,0.000000,0.000000
38.800,0.0000,150.0000,52.3125,55.4038,0.00,0.000000,0.000000
38.900,0.0000,150.0000,52.3125,55.4529,0.00,0.000000,0.000000
39.000,0.0000,150.0000,52.4375,55.5019,0.00,0.000000,0.000000
39.100,0.0000,150.0000,52.4375,55.5508,0.00,0.000000,0.000000
39.200,0.0000,150.0000,52.5000,55.5995,0.00,0.000000,0.000000
39.300,0.0000,150.0000,52.5625,55.6482,0.00,0.000000,0.000000
39.400,0.0000,150.0000,52.6250,55.6968,0.00,0.000000,0.000000
39.500,0.0000,150.0000,52.6875,55.7452,0.00,0.000000,0.000000
39.600,0.0000,150.0000,52.7500,55.7936,0.00,0.000000,0.000000
39.700,0.0000,150.0000,52.7500,55.8418,0.00,0.000000,0.000000
39.800,0.0000,150.0000,52.7500,55.8899,0.00,0.000000,0.000000
39.900,0.0000,150.0000,52.8125,55.9379,0.00,0.000000,0.000000
40.000,0.0000,150.0000,52.8750,55.9859,0.00,0.000000,0.000000
40.100,0.0000,150.0000,53.0625,56.0337,0.00,0.000000,0.000000
40.200,0.0000,150.0000,53.0625,56.0814,0.00,0.000000,0.000000
40.300,0.0000,150.0000,53.0625,56.1290,0.00,0.000000,0.000000
40.400,0.0000,150.0000,53.0625,56.1765,0.00,0.000000,0.000000
40.500,0.0000,150.0000,53.1875,56.2238,0.00,0.000000,0.000000
40.600,0.0000,150.0000,53.1875,56.2711,0.00,0.000000,0.000000
40.700,0.0000,150.0000,53.3750,56.3183,0.00,0.000000,0.000000
40.800,0.0000,150.0000,53.3750,56.3654,0.00,0.000000,0.000000
40.900,0.0000,150.0000,53.5625,56.4123,0.00,0.000000,0.000000
41.000,0.0000,150.0000,53.3750,56.4592,0.00,0.000000,0.000000
41.100,0.0000,150.0000,53.4375,56.5060,0.00,0.000000,0.000000
41.200,0.0000,150.0000,53.6250,56.5526,0.00,0.000000,0.000000
41.300,0.0000,150.0000,53.6250,56.5992,0.00,0.000000,0.000000
41.400,0.0000,150.0000,53.6250,56.6456,0.00,0.000000,0.000000
41.500,0.0000,150.0000,53.6875,56.6919,0.00,0.000000,0.000000
41.600,0.0000,150.0000,53.8750,56.7382,0.00,0.000000,0.000000
41.700,0.0000,150.0000,53.8125,56.7843,0.00,0.000000,0.000000
41.800,0.0000,150.0000,53.8750,56.8304,0.00,0.000000,0.000000
41.900,0.0000,150.0000,53.9375,56.8763,0.00,0.000000,0.000000
42.000,0.0000,150.0000,54.0000,56.9221,0.00,0.000000,0.000000
42.100,0.0000,150.0000,54.0625,56.9679,0.00,0.000000,0.000000
42.200,0.0000,150.0000,54.0625,57.0135,0.00,0.000000,0.000000
42.300,0.0000,150.0000,54.3125,57.0590,0.00,0.000000,0.000000
42.400,0.0000,150.0000,54.2500,57.1044,0.00,0.000000,0.000000
42.500,0.0000,150.0000,54.3125,57.1498,0.00,0.000000,0.000000
42.600,0.0000,150.0000,54.3125,57.1950,0.00,0.000000,0.000000
42.700,0.0000,150.0000,54.3750,57.2401,0.00,0.000000,0.000000
42.800,0.0000,150.0000,54.3750,57.2851,0.00,0.000000,0.000000
42.900,0.0000,150.0000,54.3750,57.3300,0.00,0.000000,0.000000
43.000,0.0000,150.0000,54.5625,57.3749,0.00,0.000000,0.000000
43.100,0.0000,150.0000,54.5625,57.4196,0.00,0.000000,0.000000
43.200,0.0000,150.0000,54.5625,57.4642,0.00,0.000000,0.000000
43.300,0.0000,150.0000,54.6250,57.5087,0.00,0.000000,0.000000
43.400,0.0000,150.0000,54.6875,57.5532,0.00,0.000000,0.000000
43.500,0.0000,150.0000,54.7500,57.5975,0.00,0.000000,0.000000
43.600,0.0000,150.0000,54.8125,57.6417,0.00,0.000000,0.000000
43.700,0.0000,150.0000,54.8750,57.6858,0.00,0.000000,0.000000
43.800,0.0000,150.0000,55.0000,57.7299,0.00,0.000000,0.000000
43.900,0.0000,150.0000,54.9375,57.7738,0.00,0.000000,0.000000
44.000,0.0000,150.0000,55.0625,57.8176,0.00,0.000000,0.000000
44.100,0.0000,150.0000,55.0625,57.8614,0.00,0.000000,0.000000
44.200,0.0000,150.0000,55.0625,57.9050,0.00,0.000000,0.000000
44.300,0.0000,150.0000,55.1875,57.9486,0.00,0.000000,0.000000
44.400,0.0000,150.0000,55.2500,57.9920,0.00,0.000000,0.000000
44.500,0.0000,150.0000,55.2500,58.0354,0.00,0.000000,0.000000
44.600,0.0000,150.0000,55.3125,58.0786,0.00,0.000000,0.000000
44.700,0.0000,150.0000,55.3125,58.1218,0.00,0.000000,0.000000
44.800,0.0000,150.0000,55.3750,58.1648,0.00,0.000000,0.000000
44.900,0.0000,150.0000,55.4375,58.2078,0.00,0.000000,0.000000
45.000,0.0000,150.0000,55.5000,58.2507,0.00,0.000000,0.000000
45.100,0.0000,150.0000,55.5625,58.2935,0.00,0.000000,0.000000
45.200,0.0000,150.0000,55.5625,58.3361,0.00,0.000000,0.000000
45.300,0.0000,150.0000,55.6250,58.3787,0.00,0.000000,0.000000
45.400,0.0000,150.0000,55.7500,58.4212,0.00,0.000000,0.000000
45.500,0.0000,150.0000,55.6875,58.4636,0.00,0.000000,0.000000
45.600,0.0000,150.0000,55.8750,58.5059,0.00,0.000000,0.000000
45.700,0.0000,150.0000,55.8125,58.5481,0.00,0.000000,0.000000
45.800,0.0000,150.0000,55.9375,58.5902,0.00,0.000000,0.000000
45.900,0.0000,150.0000,55.8750,58.6323,0.00,0.000000,0.000000
46.000,0.0000,150.0000,55.9375,58.6742,0.00,0.000000,0.000000
46.100,0.0000,150.0000,56.0625,58.7160,0.00,0.000000,0.000000
46.200,0.0000,150.0000,56.1250,58.7578,0.00,0.000000,0.000000
46.300,0.0000,150.0000,56.1875,58.7994,0.00,0.000000,0.000000
46.400,0.0000,150.0000,56.1250,58.8410,0.00,0.000000,0.000000
46.500,0.0000,150.0000,56.1875,58.8824,0.00,0.000000,0.000000
46.600,0.0000,150.0000,56.2500,58.9238,0.00,0.000000,0.000000
46.700,0.0000,150.0000,56.3750,58.9651,0.00,0.000000,0.000000
46.800,0.0000,150.0000,56.3125,59.0063,0.00,0.000000,0.000000
46.900,0.0000,150.0000,56.3750,59.0474,0.00,0.000000,0.000000
47.000,0.0000,150.0000,56.5000,59.0884,0.00,0.000000,0.000000
47.100,0.0000,150.0000,56.5625,59.1293,0.00,0.000000,0.000000
47.200,0.0000,150.0000,56.6875,59.1701,0.00,0.000000,0.000000
47.300,0.0000,150.0000,56.6250,59.2109,0.00,0.000000,0.000000
47.400,0.0000,150.0000,56.7500,59.2515,0.00,0.000000,0.000000
47.500,0.0000,150.0000,56.7500,59.2920,0.00,0.000000,0.000000
47.600,0.0000,150.0000,56.7500,59.3325,0.00,0.000000,0.000000
47.700,0.0000,150.0000,56.7500,59.3729,0.00,0.000000,0.000000
47.800,0.0000,150.0000,56.8125,59.4132,0.00,0.000000,0.000000
47.900,0.0000,150.0000,56.8750,59.4534,0.00,0.000000,0.000000
48.000,0.0000,150.0000,57.0000,59.4935,0.00,0.000000,0.000000
48.100,0.0000,150.0000,56.9375,59.5335,0.00,0.000000,0.000000
48.200,0.0000,150.0000,57.0000,59.5734,0.00,0.000000,0.000000
48.300,0.0000,150.0000,57.1250,59.6132,0.00,0.000000,0.000000
48.400,0.0000,150.0000,57.2500,59.6530,0.00,0.000000,0.000000
48.500,0.0000,150.0000,57.1250,59.6926,0.00,0.000000,0.000000
48.600,0.0000,150.0000,57.1875,59.7322,0.00,0.000000,0.000000
48.700,0.0000,150.0000,57.2500,59.7717,0.00,0.000000,0.000000
48.800,0.0000,150.0000,57.3750,59.8111,0.00,0.000000,0.000000
48.900,0.0000,150.0000,57.3750,59.8504,0.00,0.000000,0.000000
49.000,0.0000,150.0000,57.3750,59.8896,0.00,0.000000,0.000000
49.100,0.0000,150.0000,57.4375,59.9288,0.00,0.000000,0.000000
49.200,0.0000,150.0000,57.3750,59.9678,0.00,0.000000,0.000000
49.300,0.0000,150.0000,57.5000,60.0068,0.00,0.000000,0.000000
49.400,0.0000,150.0000,57.5000,60.0456,0.00,0.000000,0.000000
49.500,0.0000,150.0000,57.5625,60.0844,0.00,0.000000,0.000000
49.600,0.0000,150.0000,57.6875,60.1231,0.00,0.000000,0.000000
49.700,0.0000,150.0000,57.6875,60.1617,0.00,0.000000,0.000000
49.800,0.0000,150.0000,57.7500,60.2003,0.00,0.000000,0.000000
49.900,0.0000,150.0000,57.7500,60.2387,0.00,0.000000,0.000000
50.000,0.0000,150.0000,57.8750,60.2771,0.00,0.000000,0.000000
50.100,0.0000,150.0000,57.8125,60.3154,0.00,0.000000,0.000000
50.200,0.0000,150.0000,57.8750,60.3535,0.00,0.000000,0.000000
50.300,0.0000,150.0000,57.9375,60.3916,0.00,0.000000,0.000000
50.400,0.0000,150.0000,58.0625,60.4297,0.00,0.000000,0.000000
50.500,0.0000,150.0000,58.0625,60.4676,0.00,0.000000,0.000000
50.600,0.0000,150.0000,58.0625,60.5054,0.00,0.000000,0.000000
50.700,0.0000,150.0000,58.0625,60.5432,0.00,0.000000,0.000000
50.800,0.0000,150.0000,58.1250,60.5809,0.00,0.000000,0.000000
50.900,0.0000,150.0000,58.3125,60.6185,0.00,0.000000,0.000000
51.000,0.0000,150.0000,58.2500,60.6560,0.00,0.000000,0.000000
51.100,0.0000,150.0000,58.3750,60.6934,0.00,0.000000,0.000000
51.200,0.0000,150.0000,58.3750,60.7308,0.00,0.000000,0.000000
51.300,0.0000,150.0000,58.4375,60.7681,0.00,0.000000,0.000000
51.400,0.0000,150.0000,58.4375,60.8052,0.00,0.000000,0.000000
51.500,0.0000,150.0000,58.5625,60.8423,0.00,0.000000,0.000000
51.600,0.0000,150.0000,58.5000,60.8794,0.00,0.000000,0.000000
51.700,0.0000,150.0000,58.5000,60.9163,0.00,0.000000,0.000000
51.800,0.0000,150.0000,58.5000,60.9531,0.00,0.000000,0.000000
51.900,0.0000,150.0000,58.6250,60.9899,0.00,0.000000,0.000000
52.000,0.0000,150.0000,58.6875,61.0266,0.00,0.000000,0.000000
52.100,0.0000,150.0000,58.6875,61.0632,0.00,0.000000,0.000000
52.200,0.0000,150.0000,58.8125,61.0997,0.00,0.000000,0.000000
52.300,0.0000,150.0000,58.8750,61.1362,0.00,0.000000,0.000000
52.400,0.0000,150.0000,58.8125,61.1725,0.00,0.000000,0.000000
52.500,0.0000,150.0000,58.8750,61.2088,0.00,0.000000,0.000000
52.600,0.0000,150.0000,58.9375,61.2450,0.00,0.000000,0.000000
52.700,0.0000,150.0000,58.9375,61.2811,0.00,0.000000,0.000000
52.800,0.0000,150.0000,59.0000,61.3172,0.00,0.000000,0.000000
52.900,0.0000,150.0000,59.0625,61.3532,0.00,0.000000,0.000000
53.000,0.0000,150.0000,59.2500,61.3890,0.00,0.000000,0.000000
53.100,0.0000,150.0000,59.1875,61.4248,0.00,0.000000,0.000000
53.200,0.0000,150.0000,59.1875,61.4606,0.00,0.000000,0.000000
53.300,0.0000,150.0000,59.1875,61.4962,0.00,0.000000,0.000000
53.400,0.0000,150.0000,59.1875,61.5318,0.00,0.000000,0.000000
53.500,0.0000,150.0000,59.3125,61.5673,0.00,0.000000,0.000000
53.600,0.0000,150.0000,59.3750,61.6027,0.00,0.000000,0.000000
53.700,0.0000,150.0000,59.4375,61.6380,0.00,0.000000,0.000000
53.800,0.0000,150.0000,59.4375,61.6732,0.00,0.000000,0.000000
53.900,0.0000,150.0000,59.5000,61.7084,0.00,0.000000,0.000000
54.000,0.0000,150.0000,59.4375,61.7435,0.00,0.000000,0.000000
54.100,0.0000,150.0000,59.5000,61.7785,0.00,0.000000,0.000000
54.200,0.0000,150.0000,59.5625,61.8134,0.00,0.000000,0.000000
54.300,0.0000,150.0000,59.6875,61.8483,0.00,0.000000,0.000000
54.400,0.0000,150.0000,59.6250,61.8831,0.00,0.000000,0.000000
54.500,0.0000,150.0000,59.6875,61.9178,0.00,0.000000,0.000000
54.600,0.0000,150.0000,59.7500,61.9524,0.00,0.000000,0.000000
54.700,0.0000,150.0000,59.7500,61.9870,0.00,0.000000,0.000000
54.800,0.0000,150.0000,59.8125,62.0214,0.00,0.000000,0.000000
54.900,0.0000,150.0000,59.8750,62.0558,0.00,0.000000,0.000000
55.000,0.0000,150.0000,59.8750,62.0902,0.00,0.000000,0.000000
55.100,0.0000,150.0000,59.8750,62.1244,0.00,0.000000,0.000000
55.200,0.0000,150.0000,59.9375,62.1586,0.00,0.000000,0.000000
55.300,0.0000,150.0000,60.0000,62.1927,0.00,0.000000,0.000000
55.400,0.0000,150.0000,60.0625,62.2267,0.00,0.000000,0.000000
55.500,0.0000,150.0000,60.0625,62.2606,0.00,0.000000,0.000000
55.600,0.0000,150.0000,60.1250,62.2945,0.00,0.000000,0.000000
55.700,0.0000,150.0000,60.1875,62.3283,0.00,0.000000,0.000000
55.800,0.0000,150.0000,60.1875,62.3620,0.00,0.000000,0.000000
55.900,0.0000,150.0000,60.3125,62.3956,0.00,0.000000,0.000000
56.000,0.0000,150.0000,60.2500,62.4292,0.00,0.000000,0.000000
56.100,0.0000,150.0000,60.3125,62.4627,0.00,0.000000,0.000000
56.200,0.0000,150.0000,60.3750,62.4961,0.00,0.000000,0.000000
56.300,0.0000,150.0000,60.3750,62.5294,0.00,0.000000,0.000000
56.400,0.0000,150.0000,60.4375,62.5627,0.00,0.000000,0.000000
56.500,0.0000,150.0000,60.4375,62.5959,0.00,0.000000,0.000000
56.600,0.0000,150.0000,60.4375,62.6290,0.00,0.000000,0.000000
56.700,0.0000,150.0000,60.5625,62.6621,0.00,0.000000,0.000000
56.800,0.0000,150.0000,60.5625,62.6950,0.00,0.000000,0.000000
56.900,0.0000,150.0000,60.6875,62.7279,0.00,0.000000,0.000000
57.000,0.0000,150.0000,60.6875,62.7608,0.00,0.000000,0.000000
57.100,0.0000,150.0000,60.6875,62.7935,0.00,0.000000,0.000000
57.200,0.0000,150.0000,60.8125,62.8262,0.00,0.000000,0.000000
57.300,0.0000,150.0000,60.7500,62.8588,0.00,0.000000,0.000000
57.400,0.0000,150.0000,60.7500,62.8914,0.00,0.000000,0.000000
57.500,0.0000,150.0000,60.8750,62.9238,0.00,0.000000,0.000000
57.600,0.0000,150.0000,60.8125,62.9562,0.00,0.000000,0.000000
57.700,0.0000,150.0000,60.9375,62.9885,0.00,0.000000,0.000000
57.800,0.0000,150.0000,61.0000,63.0208,0.00,0.000000,0.000000
57.900,0.0000,150.0000,61.0625,63.0530,0.00,0.000000,0.000000
58.000,0.0000,150.0000,61.0625,63.0851,0.00,0.000000,0.000000
58.100,0.0000,150.0000,61.1250,63.1171,0.00,0.000000,0.000000
58.200,0.0000,150.0000,61.0625,63.1491,0.00,0.000000,0.000000
58.300,0.0000,150.0000,61.1875,63.1809,0.00,0.000000,0.000000
58.400,0.0000,150.0000,61.1875,63.2128,0.00,0.000000,0.000000
58.500,0.0000,150.0000,61.1875,63.2445,0.00,0.000000,0.000000
58.600,0.0000,150.0000,61.2500,63.2762,0.00,0.000000,0.000000
58.700,0.0000,150.0000,61.3125,63.3078,0.00,0.000000,0.000000
58.800,0.0000,150.0000,61.3750,63.3393,0.00,0.000000,0.000000
58.900,0.0000,150.0000,61.3750,63.3708,0.00,0.000000,0.000000
59.000,0.0000,150.0000,61.3750,63.4022,0.00,0.000000,0.000000
59.100,0.0000,150.0000,61.3750,63.4335,0.00,0.000000,0.000000
59.200,0.0000,150.0000,61.4375,63.4648,0.00,0.000000,0.000000
59.300,0.0000,150.0000,61.4375,63.4960,0.00,0.000000,0.000000
59.400,0.0000,150.0000,61.4375,63.5271,0.00,0.000000,0.000000
59.500,0.0000,150.0000,61.5625,63.5582,0.00,0.000000,0.000000
59.600,0.0000,150.0000,61.6875,63.5891,0.00,0.000000,0.000000
59.700,0.0000,150.0000,61.6250,63.6200,0.00,0.000000,0.000000
59.800,0.0000,150.0000,61.6875,63.6509,0.00,0.000000,0.000000
59.900,0.0000,150.0000,61.7500,63.6817,0.00,0.000000,0.000000
60.000,0.0000,150.0000,61.7500,63.7124,0.00,0.000000,0.000000
60.100,0.0000,150.0000,61.8125,63.7430,0.00,0.000000,0.000000
60.200,0.0000,150.0000,61.8750,63.7736,0.00,0.000000,0.000000
60.300,0.0000,150.0000,61.8750,63.8041,0.00,0.000000,0.000000
60.400,0.0000,150.0000,61.8125,63.8345,0.00,0.000000,0.000000
60.500,0.0000,150.0000,61.8750,63.8649,0.00,0.000000,0.000000
60.600,0.0000,150.0000,61.9375,63.8952,0.00,0.000000,0.000000
60.700,0.0000,150.0000,62.0000,63.9254,0.00,0.000000,0.000000
60.800,0.0000,150.0000,62.0000,63.9556,0.00,0.000000,0.000000
60.900,0.0000,150.0000,62.0625,63.9857,0.00,0.000000,0.000000
61.000,0.0000,150.0000,62.1250,64.0157,0.00,0.000000,0.000000
61.100,0.0000,150.0000,62.0625,64.0457,0.00,0.000000,0.000000
61.200,0.0000,150.0000,62.1250,64.0756,0.00,0.000000,0.000000
61.300,0.0000,150.0000,62.1875,64.1054,0.00,0.000000,0.000000
61.400,0.0000,150.0000,62.1875,64.1352,0.00,0.000000,0.000000
61.500,0.0000,150.0000,62.2500,64.1649,0.00,0.000000,0.000000
61.600,0.0000,150.0000,62.2500,64.1945,0.00,0.000000,0.000000
61.700,0.0000,150.0000,62.3125,64.2241,0.00,0.000000,0.000000
61.800,0.0000,150.0000,62.3750,64.2536,0.00,0.000000,0.000000
61.900,0.0000,150.0000,62.4375,64.2830,0.00,0.000000,0.000000
62.000,0.0000,150.0000,62.4375,64.3124,0.00,0.000000,0.000000
62.100,0.0000,150.0000,62.5000,64.3417,0.00,0.000000,0.000000
62.200,0.0000,150.0000,62.5000,64.3709,0.00,0.000000,0.000000
62.300,0.0000,150.0000,62.5000,64.4001,0.00,0.000000,0.000000
62.400,0.0000,150.0000,62.6250,64.4292,0.00,0.000000,0.000000
62.500,0.0000,150.0000,62.6250,64.4583,0.00,0.000000,0.000000
62.600,0.0000,150.0000,62.6875,64.4873,0.00,0.000000,0.000000
62.700,0.0000,150.0000,62.6250,64.5162,0.00,0.000000,0.000000
62.800,0.0000,150.0000,62.7500,64.5450,0.00,0.000000,0.000000
62.900,0.0000,150.0000,62.6875,64.5738,0.00,0.000000,0.000000
63.000,0.0000,150.0000,62.6875,64.6025,0.00,0.000000,0.000000
63.100,0.0000,150.0000,62.8125,64.6312,0.00,0.000000,0.000000
63.200,0.0000,150.0000,62.8125,64.6598,0.00,0.000000,0.000000
63.300,0.0000,150.0000,62.7500,64.6883,0.00,0.000000,0.000000
63.400,0.0000,150.0000,62.9375,64.7168,0.00,0.000000,0.000000
63.500,0.0000,150.0000,62.8125,64.7452,0.00,0.000000,0.000000
63.600,0.0000,150.0000,62.9375,64.7736,0.00,0.000000,0.000000
63.700,0.0000,150.0000,63.0000,64.8018,0.00,0.000000,0.000000
63.800,0.0000,150.0000,63.0625,64.8300,0.00,0.000000,0.000000
63.900,0.0000,150.0000,63.1250,64.8582,0.00,0.000000,0.000000
64.000,0.0000,150.0000,63.1250,64.8863,0.00,0.000000,0.000000
64.100,0.0000,150.0000,63.1875,64.9143,0.00,0.000000,0.000000
64.200,0.0000,150.0000,63.1875,64.9423,0.00,0.000000,0.000000
64.300,0.0000,150.0000,63.1250,64.9702,0.00,0.000000,0.000000
64.400,0.0000,150.0000,63.1250,64.9980,0.00,0.000000,0.000000
64.500,0.0000,150.0000,63.2500,65.0258,0.00,0.000000,0.000000
64.600,0.0000,150.0000,63.2500,65.0535,0.00,0.000000,0.000000
64.700,0.0000,150.0000,63.1875,65.0812,0.00,0.000000,0.000000
64.800,0.0000,150.0000,63.3125,65.1088,0.00,0.000000,0.000000
64.900,0.0000,150.0000,63.3750,65.1363,0.00,0.000000,0.000000
65.000,0.0000,150.0000,63.4375,65.1638,0.00,0.000000,0.000000
65.100,0.0000,150.0000,63.5000,65.1912,0.00,0.000000,0.000000
65.200,0.0000,150.0000,63.4375,65.2186,0.00,0.000000,0.000000
65.300,0.0000,150.0000,63.5000,65.2459,0.00,0.000000,0.000000
65.400,0.0000,150.0000,63.5625,65.2731,0.00,0.000000,0.000000
65.500,0.0000,150.0000,63.5625,65.3003,0.00,0.000000,0.000000
65.600,0.0000,150.0000,63.5000,65.3274,0.00,0.000000,0.000000
65.700,0.0000,150.0000,63.5625,65.3544,0.00,0.000000,0.000000
65.800,0.0000,150.0000,63.6250,65.3814,0.00,0.000000,0.000000
65.900,0.0000,150.0000,63.7500,65.4084,0.00,0.000000,0.000000
66.000,0.0000,150.0000,63.6875,65.4352,0.00,0.000000,0.000000
66.100,0.0000,150.0000,63.8125,65.4620,0.00,0.000000,0.000000
66.200,0.0000,150.0000,63.7500,65.4888,0.00,0.000000,0.000000
66.300,0.0000,150.0000,63.8750,65.5155,0.00,0.000000,0.000000
66.400,0.0000,150.0000,63.8750,65.5421,0.00,0.000000,0.000000
66.500,0.0000,150.0000,63.8750,65.5687,0.00,0.000000,0.000000
66.600,0.0000,150.0000,63.8750,65.5952,0.00,0.000000,0.000000
66.700,0.0000,150.0000,64.0000,65.6217,0.00,0.000000,0.000000
66.800,0.0000,150.0000,64.0000,65.6481,0.00,0.000000,0.000000
66.900,0.0000,150.0000,63.9375,65.6744,0.00,0.000000,0.000000
67.000,0.0000,150.0000,64.0625,65.7007,0.00,0.000000,0.000000
67.100,0.0000,150.0000,64.0625,65.7269,0.00,0.000000,0.000000
67.200,0.0000,150.0000,64.0625,65.7531,0.00,0.000000,0.000000
67.300,0.0000,150.0000,64.0625,65.7792,0.00,0.000000,0.000000
67.400,0.0000,150.0000,64.0625,65.8052,0.00,0.000000,0.000000
67.500,0.0000,150.0000,64.1875,65.8312,0.00,0.000000,0.000000
67.600,0.0000,150.0000,64.1875,65.8571,0.00,0.000000,0.000000
67.700,0.0000,150.0000,64.1875,65.8830,0.00,0.000000,0.000000
67.800,0.0000,150.0000,64.2500,65.9088,0.00,0.000000,0.000000
67.900,0.0000,150.0000,64.2500,65.9346,0.00,0.000000,0.000000
68.000,0.0000,150.0000,64.4375,65.9603,0.00,0.000000,0.000000
68.100,0.0000,150.0000,64.3125,65.9859,0.00,0.000000,0.000000
68.200,0.0000,150.0000,64.3125,66.0115,0.00,0.000000,0.000000
68.300,0.0000,150.0000,64.5000,66.0370,0.00,0.000000,0.000000
68.400,0.0000,150.0000,64.4375,66.0625,0.00,0.000000,0.000000
68.500,0.0000,150.0000,64.5000,66.0879,0.00,0.000000,0.000000
68.600,0.0000,150.0000,64.5000,66.1133,0.00,0.000000,0.000000
68.700,0.0000,150.0000,64.5000,66.1386,0.00,0.000000,0.000000
68.800,0.0000,150.0000,64.5625,66.1638,0.00,0.000000,0.000000
68.900,0.0000,150.0000,64.5625,66.1890,0.00,0.000000,0.000000
69.000,0.0000,150.0000,64.6875,66.2142,0.00,0.000000,0.000000
69.100,0.0000,150.0000,64.6875,66.2392,0.00,0.000000,0.000000
69.200,0.0000,150.0000,64.7500,66.2643,0.00,0.000000,0.000000
69.300,0.0000,150.0000,64.6250,66.2892,0.00,0.000000,0.000000
69.400,0.0000,150.0000,64.7500,66.3141,0.00,0.000000,0.000000
69.500,0.0000,150.0000,64.7500,66.3390,0.00,0.000000,0.000000
69.600,0.0000,150.0000,64.8125,66.3638,0.00,0.000000,0.000000
69.700,0.0000,150.0000,64.8750,66.3886,0.00,0.000000,0.000000
69.800,0.0000,150.0000,64.8125,66.4132,0.00,0.000000,0.000000
69.900,0.0000,150.0000,64.8750,66.4379,0.00,0.000000,0.000000
70.000,0.0000,150.0000,64.8125,66.4625,0.00,0.000000,0.000000
70.100,0.0000,150.0000,64.9375,66.4870,0.00,0.000000,0.000000
70.200,0.0000,150.0000,64.8750,66.5115,0.00,0.000000,0.000000
70.300,0.0000,150.0000,64.9375,66.5359,0.00,0.000000,0.000000
70.400,0.0000,150.0000,64.8750,66.5602,0.00,0.000000,0.000000
70.500,0.0000,150.0000,65.0000,66.5846,0.00,0.000000,0.000000
70.600,0.0000,150.0000,65.0625,66.6088,0.00,0.000000,0.000000
70.700,0.0000,150.0000,65.0000,66.6330,0.00,0.000000,0.000000
70.800,0.0000,150.0000,65.0000,66.6572,0.00,0.000000,0.000000
70.900,0.0000,150.0000,65.1250,66.6813,0.00,0.000000,0.000000
71.000,0.6120,150.0000,65.1875,66.7053,0.00,0.000000,0.013608
71.100,0.6120,150.0000,65.1875,66.7293,0.00,0.000000,0.013608
71.200,0.6120,150.0000,65.1250,66.7532,0.00,0.000000,0.013608
71.300,0.6120,150.0000,65.3125,66.7771,0.00,0.000000,0.013608
71.400,0.6120,150.0000,65.2500,66.8009,0.00,0.000000,0.013608
71.500,0.6120,150.0000,65.4375,66.8247,0.00,0.000000,0.013608
71.600,0.6120,150.0000,65.2500,66.8484,0.00,0.000000,0.013608
71.700,0.6120,150.0000,65.4375,66.8721,0.00,0.000000,0.013608
71.800,0.6120,150.0000,65.4375,66.8957,0.00,0.000000,0.013608
71.900,0.6120,150.0000,65.5000,66.9193,0.00,0.000000,0.013608
72.000,2.4616,150.0000,65.4375,66.9428,0.00,0.000000,0.068042
72.100,2.4616,150.0000,65.5000,66.9663,0.00,0.000000,0.068042
72.200,2.4616,150.0000,65.5625,66.9897,0.00,0.000000,0.068042
72.300,2.4616,150.0000,65.5625,67.0130,0.00,0.000000,0.068042
72.400,2.4616,150.0000,65.5000,67.0363,0.00,0.000000,0.068042
72.500,2.4616,150.0000,65.5625,67.0596,0.00,0.000000,0.068042
72.600,2.4616,150.0000,65.5625,67.0828,0.00,0.000000,0.068042
72.700,2.4616,150.0000,65.6250,67.1059,0.00,0.000000,0.068042
72.800,2.4616,150.0000,65.6875,67.1290,0.00,0.000000,0.068042
72.900,2.4616,150.0000,65.6250,67.1521,0.00,0.000000,0.068042
73.000,3.1280,150.0000,65.6875,67.1751,0.00,0.000000,0.136084
73.100,3.1280,150.0000,65.7500,67.1980,0.00,0.000000,0.136084
73.200,3.1280,150.0000,65.8750,67.2209,0.00,0.000000,0.136084
73.300,3.1280,150.0000,65.8125,67.2438,0.00,0.000000,0.136084
73.400,3.1280,150.0000,65.8125,67.2665,0.00,0.000000,0.136084
73.500,3.1280,150.0000,65.8750,67.2893,0.00,0.000000,0.136084
73.600,3.1280,150.0000,65.8750,67.3120,0.00,0.000000,0.136084
73.700,3.1280,150.0000,65.8750,67.3346,0.00,0.000000,0.136084
73.800,3.1280,150.0000,65.8750,67.3572,0.00,0.000000,0.136084
73.900,3.1280,150.0000,65.9375,67.3797,0.00,0.000000,0.136084
74.000,4.7261,150.0000,66.0000,67.4022,0.00,0.000000,0.238148
74.100,4.7261,150.0000,65.9375,67.4247,0.00,0.000000,0.238148
74.200,4.7261,150.0000,66.0000,67.4471,0.00,0.000000,0.238148
74.300,4.7261,150.0000,66.0000,67.4694,0.00,0.000000,0.238148
74.400,4.7261,150.0000,66.0000,67.4917,0.00,0.000000,0.238148
74.500,4.7261,150.0000,66.1250,67.5139,0.00,0.000000,0.238148
74.600,4.7261,150.0000,66.1250,67.5361,0.00,0.000000,0.238148
74.700,4.7261,150.0000,66.1250,67.5583,0.00,0.000000,0.238148
74.800,4.7261,150.0000,66.1875,67.5804,0.00,0.000000,0.238148
74.900,4.7261,150.0000,66.1875,67.6024,0.00,0.000000,0.238148
75.000,6.0521,150.0000,66.2500,67.6244,0.00,0.000000,0.367428
75.100,6.0521,150.0000,66.2500,67.6463,0.00,0.000000,0.367428
75.200,6.0521,150.0000,66.2500,67.6682,0.00,0.000000,0.367428
75.300,6.0521,150.0000,66.2500,67.6901,0.00,0.000000,0.367428
75.400,6.0521,150.0000,66.3125,67.7119,0.00,0.000000,0.367428
75.500,6.0521,150.0000,66.3750,67.7336,0.00,0.000000,0.367428
75.600,6.0521,150.0000,66.3750,67.7553,0.00,0.000000,0.367428
75.700,6.0521,150.0000,66.3125,67.7770,0.00,0.000000,0.367428
75.800,6.0521,150.0000,66.3750,67.7986,0.00,0.000000,0.367428
75.900,6.0521,150.0000,66.3750,67.8202,0.00,0.000000,0.367428
76.000,7.0994,150.0000,66.3750,67.8417,0.00,0.000000,0.517121
76.100,7.0994,150.0000,66.4375,67.8631,0.00,0.000000,0.517121
76.200,7.0994,150.0000,66.5625,67.8846,0.00,0.000000,0.517121
76.300,7.0994,150.0000,66.5000,67.9059,0.00,0.000000,0.517121
76.400,7.0994,150.0000,66.6250,67.9272,0.00,0.000000,0.517121
76.500,7.0994,150.0000,66.6250,67.9485,0.00,0.000000,0.517121
76.600,7.0994,150.0000,66.6250,67.9697,0.00,0.000000,0.517121
76.700,7.0994,150.0000,66.6250,67.9909,0.00,0.000000,0.517121
76.800,7.0994,150.0000,66.6250,68.0120,0.00,0.000000,0.517121
76.900,7.0994,150.0000,66.7500,68.0331,0.00,0.000000,0.517121
77.000,9.0851,150.0000,66.6250,68.0542,0.00,0.000000,0.707639
77.100,9.0851,150.0000,66.7500,68.0752,0.00,0.000000,0.707639
77.200,9.0851,150.0000,66.7500,68.0961,0.00,0.000000,0.707639
77.300,9.0851,150.0000,66.8125,68.1170,0.00,0.000000,0.707639
77.400,9.0851,150.0000,66.8125,68.1379,0.00,0.000000,0.707639
77.500,9.0851,150.0000,66.8125,68.1587,0.00,0.000000,0.707639
77.600,9.0851,150.0000,66.9375,68.1794,0.00,0.000000,0.707639
77.700,9.0851,150.0000,66.8125,68.2001,0.00,0.000000,0.707639
77.800,9.0851,150.0000,66.9375,68.2208,0.00,0.000000,0.707639
77.900,9.0851,150.0000,66.8750,68.2414,0.00,0.000000,0.707639
78.000,9.8876,150.0000,67.0000,68.2620,0.00,0.000000,0.911765
78.100,9.8876,150.0000,66.9375,68.2825,0.00,0.000000,0.911765
78.200,9.8876,150.0000,66.9375,68.3030,0.00,0.000000,0.911765
78.300,9.8876,150.0000,66.9375,68.3234,0.00,0.000000,0.911765
78.400,9.8876,150.0000,67.0000,68.3438,0.00,0.000000,0.911765
78.500,9.8876,150.0000,67.1250,68.3642,0.00,0.000000,0.911765
78.600,9.8876,150.0000,67.0625,68.3845,0.00,0.000000,0.911765
78.700,9.8876,150.0000,67.0625,68.4047,0.00,0.000000,0.911765
78.800,9.8876,150.0000,67.1250,68.4250,0.00,0.000000,0.911765
78.900,9.8876,150.0000,67.1250,68.4451,0.00,0.000000,0.911765
79.000,11.3157,150.0000,67.2500,68.4652,0.00,0.000000,1.143109
79.100,11.3157,150.0000,67.2500,68.4853,0.00,0.000000,1.143109
79.200,11.3157,150.0000,67.3125,68.5053,0.00,0.000000,1.143109
79.300,11.3157,150.0000,67.2500,68.5253,0.00,0.000000,1.143109
79.400,11.3157,150.0000,67.2500,68.5453,0.00,0.000000,1.143109
79.500,11.3157,150.0000,67.3750,68.5652,0.00,0.000000,1.143109
79.600,11.3157,150.0000,67.2500,68.5850,0.00,0.000000,1.143109
79.700,11.3157,150.0000,67.3750,68.6048,0.00,0.000000,1.143109
79.800,11.3157,150.0000,67.4375,68.6246,0.00,0.000000,1.143109
79.900,11.3157,150.0000,67.4375,68.6443,0.00,0.000000,1.143109
80.000,13.0771,150.0000,67.2500,68.6623,130.77,0.000001,1.408473
80.100,13.0771,150.0000,67.4375,68.6790,252.82,0.000005,1.408473
80.200,13.0771,150.0000,67.4375,68.6947,366.74,0.000015,1.408473
80.300,13.0771,150.0000,67.3750,68.7094,473.06,0.000031,1.408473
80.400,13.0771,150.0000,67.5625,68.7233,572.29,0.000056,1.408473
80.500,13.0771,150.0000,67.5000,68.7365,664.91,0.000087,1.408473
80.600,13.0771,150.0000,67.5000,68.7490,751.36,0.000126,1.408473
80.700,13.0771,150.0000,67.5625,68.7608,832.04,0.000171,1.408473
80.800,13.0771,150.0000,67.5625,68.7721,907.34,0.000221,1.408473
80.900,13.0771,150.0000,67.5625,68.7829,977.62,0.000277,1.408473
81.000,13.9544,150.0000,67.6250,68.7931,1051.99,0.000345,1.687446
81.100,13.9544,150.0000,67.6250,68.8028,1121.40,0.000418,1.687446
81.200,13.9544,150.0000,67.6875,68.8121,1186.19,0.000495,1.687446
81.300,13.9544,150.0000,67.6875,68.8209,1246.65,0.000574,1.687446
81.400,13.9544,150.0000,67.6875,68.8294,1303.09,0.000656,1.687446
81.500,13.9544,150.0000,67.6875,68.8374,1355.76,0.000738,1.687446
81.600,13.9544,150.0000,67.7500,68.8451,1404.92,0.000822,1.687446
81.700,13.9544,150.0000,67.7500,68.8525,1450.80,0.000905,1.687446
81.800,13.9544,150.0000,67.7500,68.8596,1493.63,0.000987,1.687446
81.900,13.9544,150.0000,67.8750,68.8665,1533.60,0.001069,1.687446
82.000,15.7634,150.0000,67.7500,68.8729,1588.99,0.001189,2.000441
82.100,15.7634,150.0000,67.8125,68.8791,1640.69,0.001309,2.000441
82.200,15.7634,150.0000,67.8750,68.8849,1688.95,0.001427,2.000441
82.300,15.7634,150.0000,67.8125,68.8904,1733.98,0.001545,2.000441
82.400,15.7634,150.0000,68.0000,68.8956,1776.02,0.001660,2.000441
82.500,15.7634,150.0000,68.0000,68.9005,1815.25,0.001772,2.000441
82.600,15.7634,150.0000,68.0000,68.9053,1851.87,0.001882,2.000441
82.700,15.7634,150.0000,68.0625,68.9098,1886.05,0.001988,2.000441
82.800,15.7634,150.0000,68.0625,68.9141,1917.94,0.002090,2.000441
82.900,15.7634,150.0000,68.0625,68.9182,1947.71,0.002189,2.000441
83.000,16.9944,150.0000,68.1250,68.9220,1987.81,0.002327,2.333847
83.100,16.9944,150.0000,68.1250,68.9256,2025.23,0.002461,2.333847
83.200,16.9944,150.0000,68.1250,68.9290,2060.16,0.002591,2.333847
83.300,16.9944,150.0000,68.0625,68.9322,2092.76,0.002716,2.333847
83.400,16.9944,150.0000,68.0625,68.9352,2123.19,0.002836,2.333847
83.500,16.9944,150.0000,68.0625,68.9380,2151.59,0.002951,2.333847
83.600,16.9944,150.0000,68.1875,68.9407,2178.09,0.003062,2.333847
83.700,16.9944,150.0000,68.1875,68.9432,2202.83,0.003167,2.333847
83.800,16.9944,150.0000,68.2500,68.9455,2225.92,0.003268,2.333847
83.900,16.9944,150.0000,68.1875,68.9478,2247.47,0.003364,2.333847
84.000,17.9398,150.0000,68.3750,68.9498,2277.04,0.003498,2.680862
84.100,17.9398,150.0000,68.2500,68.9517,2304.63,0.003627,2.680862
84.200,17.9398,150.0000,68.2500,68.9534,2330.39,0.003750,2.680862
84.300,17.9398,150.0000,68.2500,68.9549,2354.43,0.003867,2.680862
84.400,17.9398,150.0000,68.3750,68.9564,2376.86,0.003979,2.680862
84.500,17.9398,150.0000,68.3750,68.9577,2397.80,0.004085,2.680862
84.600,17.9398,150.0000,68.3750,68.9588,2417.35,0.004185,2.680862
84.700,17.9398,150.0000,68.5000,68.9599,2435.59,0.004281,2.680862
84.800,17.9398,150.0000,68.4375,68.9609,2452.62,0.004371,2.680862
84.900,17.9398,150.0000,68.4375,68.9618,2468.51,0.004457,2.680862
85.000,19.5108,150.0000,68.4375,68.9625,2499.05,0.004624,3.055095
85.100,19.5108,150.0000,68.4375,68.9630,2527.55,0.004784,3.055095
85.200,19.5108,150.0000,68.4375,68.9634,2554.16,0.004937,3.055095
85.300,19.5108,150.0000,68.4375,68.9636,2578.99,0.005082,3.055095
85.400,19.5108,150.0000,68.5625,68.9637,2602.16,0.005221,3.055095
85.500,19.5108,150.0000,68.5625,68.9636,2623.79,0.005352,3.055095
85.600,19.5108,150.0000,68.5625,68.9635,2643.98,0.005476,3.055095
85.700,19.5108,150.0000,68.4375,68.9632,2662.83,0.005594,3.055095
85.800,19.5108,150.0000,68.5000,68.9629,2680.41,0.005706,3.055095
85.900,19.5108,150.0000,68.6250,68.9624,2696.83,0.005811,3.055095
86.000,20.8031,150.0000,68.6250,68.9618,2725.07,0.005996,3.449739
86.100,20.8031,150.0000,68.6250,68.9610,2751.43,0.006172,3.449739
86.200,20.8031,150.0000,68.6250,68.9601,2776.03,0.006339,3.449739
86.300,20.8031,150.0000,68.5000,68.9591,2798.99,0.006497,3.449739
86.400,20.8031,150.0000,68.6250,68.9579,2820.42,0.006648,3.449739
86.500,20.8031,150.0000,68.6875,68.9567,2840.43,0.006790,3.449739
86.600,20.8031,150.0000,68.5625,68.9553,2859.09,0.006925,3.449739
86.700,20.8031,150.0000,68.7500,68.9538,2876.52,0.007052,3.449739
86.800,20.8031,150.0000,68.5625,68.9523,2892.78,0.007173,3.449739
86.900,20.8031,150.0000,68.6875,68.9506,2907.96,0.007286,3.449739
87.000,21.5037,150.0000,68.6875,68.9489,2929.13,0.007446,3.851188
87.100,21.5037,150.0000,68.7500,68.9470,2948.89,0.007598,3.851188
87.200,21.5037,150.0000,68.6875,68.9450,2967.34,0.007742,3.851188
87.300,21.5037,150.0000,68.6875,68.9430,2984.55,0.007877,3.851188
87.400,21.5037,150.0000,68.6875,68.9408,3000.62,0.008005,3.851188
87.500,21.5037,150.0000,68.6250,68.9386,3015.62,0.008126,3.851188
87.600,21.5037,150.0000,68.6875,68.9363,3029.61,0.008239,3.851188
87.700,21.5037,150.0000,68.6875,68.9339,3042.67,0.008346,3.851188
87.800,21.5037,150.0000,68.7500,68.9315,3054.87,0.008447,3.851188
87.900,21.5037,150.0000,68.7500,68.9290,3066.25,0.008542,3.851188
88.000,22.2111,150.0000,68.7500,68.9264,3083.94,0.008690,4.259441
88.100,22.2111,150.0000,68.6875,68.9238,3100.46,0.008831,4.259441
88.200,22.2111,150.0000,68.7500,68.9210,3115.87,0.008963,4.259441
88.300,22.2111,150.0000,68.8125,68.9182,3130.26,0.009088,4.259441
88.400,22.2111,150.0000,68.8125,68.9153,3143.68,0.009205,4.259441
88.500,22.2111,150.0000,68.8125,68.9124,3156.22,0.009316,4.259441
88.600,22.2111,150.0000,68.7500,68.9093,3167.91,0.009420,4.259441
88.700,22.2111,150.0000,68.9375,68.9063,3178.83,0.009518,4.259441
88.800,22.2111,150.0000,68.6875,68.9032,3189.02,0.009609,4.259441
88.900,22.2111,150.0000,68.8125,68.9000,3198.53,0.009696,4.259441
89.000,22.9254,150.0000,68.8125,68.8967,3214.55,0.009842,4.674499
89.100,22.9254,150.0000,68.8125,68.8934,3229.50,0.009980,4.674499
89.200,22.9254,150.0000,68.8125,68.8900,3243.45,0.010110,4.674499
89.300,22.9254,150.0000,68.8750,68.8866,3256.48,0.010232,4.674499
89.400,22.9254,150.0000,68.8750,68.8831,3268.63,0.010347,4.674499
89.500,22.9254,150.0000,68.8750,68.8795,3279.98,0.010455,4.674499
89.600,22.9254,150.0000,68.9375,68.8759,3290.57,0.010557,4.674499
89.700,22.9254,150.0000,68.7500,68.8722,3300.45,0.010652,4.674499
89.800,22.9254,150.0000,68.8125,68.8685,3309.67,0.010742,4.674499
89.900,22.9254,150.0000,68.8125,68.8647,3318.28,0.010826,4.674499
90.000,23.3405,150.0000,68.8125,68.8609,3330.47,0.010946,5.089556
90.100,23.3405,150.0000,68.8750,68.8570,3341.84,0.011058,5.089556
90.200,23.3405,150.0000,68.8750,68.8531,3352.46,0.011164,5.089556
90.300,23.3405,150.0000,68.9375,68.8492,3362.36,0.011263,5.089556
90.400,23.3405,150.0000,68.9375,68.8452,3371.61,0.011356,5.089556
90.500,23.3405,150.0000,68.8750,68.8411,3380.24,0.011444,5.089556
90.600,23.3405,150.0000,68.8750,68.8370,3388.30,0.011526,5.089556
90.700,23.3405,150.0000,68.8750,68.8329,3395.82,0.011603,5.089556
90.800,23.3405,150.0000,68.9375,68.8288,3402.83,0.011675,5.089556
90.900,23.3405,150.0000,68.8750,68.8246,3409.38,0.011742,5.089556
91.000,24.0615,150.0000,68.9375,68.8204,3422.70,0.011880,5.511418
91.100,24.0615,150.0000,68.8125,68.8161,3435.14,0.012010,5.511418
91.200,24.0615,150.0000,68.9375,68.8118,3446.75,0.012133,5.511418
91.300,24.0615,150.0000,68.8750,68.8074,3457.58,0.012247,5.511418
91.400,24.0615,150.0000,68.8750,68.8029,3467.69,0.012355,5.511418
91.500,24.0615,150.0000,68.8750,68.7985,3477.12,0.012456,5.511418
91.600,24.0615,150.0000,68.9375,68.7939,3485.93,0.012551,5.511418
91.700,24.0615,150.0000,68.8750,68.7894,3494.15,0.012640,5.511418
91.800,24.0615,150.0000,68.8750,68.7848,3501.82,0.012724,5.511418
91.900,24.0615,150.0000,68.8125,68.7802,3508.98,0.012802,5.511418
92.000,24.1774,150.0000,68.8750,68.7755,3516.82,0.012888,5.926475
92.100,24.1774,150.0000,68.8125,68.7709,3524.14,0.012968,5.926475
92.200,24.1774,150.0000,68.8125,68.7662,3530.97,0.013044,5.926475
92.300,24.1774,150.0000,68.8125,68.7614,3537.35,0.013115,5.926475
92.400,24.1774,150.0000,68.8125,68.7567,3543.30,0.013181,5.926475
92.500,24.1774,150.0000,68.9375,68.7519,3548.85,0.013243,5.926475
92.600,24.1774,150.0000,68.8750,68.7471,3554.04,0.013301,5.926475
92.700,24.1774,150.0000,69.0000,68.7423,3558.88,0.013356,5.926475
92.800,24.1774,150.0000,68.8125,68.7375,3563.39,0.013407,5.926475
92.900,24.1774,150.0000,68.8750,68.7327,3567.60,0.013454,5.926475
93.000,24.8984,150.0000,68.9375,68.7278,3578.75,0.013581,6.348337
93.100,24.8984,150.0000,68.8750,68.7229,3589.15,0.013699,6.348337
93.200,24.8984,150.0000,68.8750,68.7179,3598.86,0.013811,6.348337
93.300,24.8984,150.0000,68.9375,68.7129,3607.92,0.013915,6.348337
93.400,24.8984,150.0000,68.8750,68.7079,3616.37,0.014013,6.348337
93.500,24.8984,150.0000,68.8750,68.7028,3624.27,0.014105,6.348337
93.600,24.8984,150.0000,68.8125,68.6977,3631.63,0.014192,6.348337
93.700,24.8984,150.0000,68.9375,68.6926,3638.51,0.014272,6.348337
93.800,24.8984,150.0000,68.8125,68.6874,3644.93,0.014348,6.348337
93.900,24.8984,150.0000,68.9375,68.6822,3650.92,0.014419,6.348337
94.000,25.6263,150.0000,68.8750,68.6770,3663.78,0.014572,6.777003
94.100,25.6263,150.0000,69.0000,68.6717,3675.79,0.014716,6.777003
94.200,25.6263,150.0000,68.8750,68.6664,3687.00,0.014851,6.777003
94.300,25.6263,150.0000,68.8125,68.6610,3697.47,0.014978,6.777003
94.400,25.6263,150.0000,68.8750,68.6556,3707.23,0.015096,6.777003
94.500,25.6263,150.0000,68.8750,68.6501,3716.35,0.015208,6.777003
94.600,25.6263,150.0000,68.8750,68.6447,3724.85,0.015313,6.777003
94.700,25.6263,150.0000,68.8750,68.6391,3732.79,0.015411,6.777003
94.800,25.6263,150.0000,68.8750,68.6336,3740.20,0.015503,6.777003
94.900,25.6263,150.0000,68.8125,68.6280,3747.12,0.015589,6.777003
95.000,25.4430,150.0000,68.9375,68.6224,3751.74,0.015647,7.192060
95.100,25.4430,150.0000,68.8125,68.6168,3756.05,0.015701,7.192060
95.200,25.4430,150.0000,68.8750,68.6112,3760.08,0.015751,7.192060
95.300,25.4430,150.0000,68.8125,68.6056,3763.84,0.015799,7.192060
95.400,25.4430,150.0000,68.7500,68.6000,3767.34,0.015843,7.192060
95.500,25.4430,150.0000,68.8750,68.5944,3770.62,0.015884,7.192060
95.600,25.4430,150.0000,68.8750,68.5888,3773.67,0.015923,7.192060
95.700,25.4430,150.0000,68.8125,68.5831,3776.52,0.015959,7.192060
95.800,25.4430,150.0000,68.8125,68.5775,3779.19,0.015993,7.192060
95.900,25.4430,150.0000,68.8125,68.5719,3781.67,0.016024,7.192060
96.000,25.8580,150.0000,68.8125,68.5662,3788.14,0.016107,7.607117
96.100,25.8580,150.0000,68.8750,68.5605,3794.18,0.016184,7.607117
96.200,25.8580,150.0000,68.9375,68.5548,3799.81,0.016256,7.607117
96.300,25.8580,150.0000,68.8750,68.5491,3805.07,0.016324,7.607117
96.400,25.8580,150.0000,68.8125,68.5434,3809.98,0.016387,7.607117
96.500,25.8580,150.0000,68.7500,68.5377,3814.56,0.016446,7.607117
96.600,25.8580,150.0000,68.7500,68.5319,3818.84,0.016501,7.607117
96.700,25.8580,150.0000,68.6875,68.5262,3822.83,0.016553,7.607117
96.800,25.8580,150.0000,68.8125,68.5204,3826.55,0.016602,7.607117
96.900,25.8580,150.0000,68.7500,68.5146,3830.03,0.016647,7.607117
97.000,25.9671,150.0000,68.7500,68.5089,3834.37,0.016703,8.015371
97.100,25.9671,150.0000,68.8750,68.5031,3838.41,0.016756,8.015371
97.200,25.9671,150.0000,68.7500,68.4973,3842.19,0.016806,8.015371
97.300,25.9671,150.0000,68.7500,68.4915,3845.71,0.016852,8.015371
97.400,25.9671,150.0000,68.7500,68.4857,3849.00,0.016896,8.015371
97.500,25.9671,150.0000,68.8125,68.4799,3852.07,0.016936,8.015371
97.600,25.9671,150.0000,68.8750,68.4741,3854.94,0.016974,8.015371
97.700,25.9671,150.0000,68.6875,68.4682,3857.61,0.017009,8.015371
97.800,25.9671,150.0000,68.8750,68.4624,3860.11,0.017042,8.015371
97.900,25.9671,150.0000,68.8125,68.4566,3862.44,0.017073,8.015371
98.000,26.6813,150.0000,68.6875,68.4508,3871.76,0.017197,8.430428
98.100,26.6813,150.0000,68.7500,68.4449,3880.45,0.017313,8.430428
98.200,26.6813,150.0000,68.7500,68.4390,3888.57,0.017422,8.430428
98.300,26.6813,150.0000,68.7500,68.4330,3896.15,0.017524,8.430428
98.400,26.6813,150.0000,68.7500,68.4271,3903.22,0.017620,8.430428
98.500,26.6813,150.0000,68.7500,68.4211,3909.82,0.017709,8.430428
98.600,26.6813,150.0000,68.8125,68.4151,3915.97,0.017793,8.430428
98.700,26.6813,150.0000,68.6875,68.4091,3921.72,0.017871,8.430428
98.800,26.6813,150.0000,68.7500,68.4030,3927.09,0.017945,8.430428
98.900,26.6813,150.0000,68.6875,68.3970,3932.10,0.018014,8.430428
99.000,26.4844,150.0000,68.7500,68.3909,3934.80,0.018051,8.831877
99.100,26.4844,150.0000,68.6875,68.3849,3937.32,0.018085,8.831877
99.200,26.4844,150.0000,68.6250,68.3788,3939.68,0.018118,8.831877
99.300,26.4844,150.0000,68.7500,68.3727,3941.88,0.018148,8.831877
99.400,26.4844,150.0000,68.6250,68.3667,3943.93,0.018177,8.831877
99.500,26.4844,150.0000,68.7500,68.3607,3945.84,0.018203,8.831877
99.600,26.4844,150.0000,68.6875,68.3546,3947.63,0.018228,8.831877
99.700,26.4844,150.0000,68.6250,68.3486,3949.30,0.018251,8.831877
99.800,26.4844,150.0000,68.6250,68.3425,3950.86,0.018273,8.831877
99.900,26.4844,150.0000,68.6875,68.3365,3952.31,0.018293,8.831877
100.000,26.8858,150.0000,68.6250,68.3305,3957.68,0.018367,9.233326
100.100,26.8858,150.0000,68.6250,68.3244,3962.70,0.018437,9.233326
100.200,26.8858,150.0000,68.5625,68.3184,3967.37,0.018503,9.233326
100.300,26.8858,150.0000,68.5625,68.3123,3971.74,0.018564,9.233326
100.400,26.8858,150.0000,68.6875,68.3062,3975.82,0.018621,9.233326
100.500,26.8858,150.0000,68.6250,68.3001,3979.62,0.018675,9.233326
100.600,26.8858,150.0000,68.5625,68.2940,3983.17,0.018725,9.233326
100.700,26.8858,150.0000,68.6250,68.2879,3986.48,0.018771,9.233326
100.800,26.8858,150.0000,68.5625,68.2818,3989.58,0.018815,9.233326
100.900,26.8858,150.0000,68.6250,68.2757,3992.46,0.018856,9.233326
101.000,26.9813,150.0000,68.6250,68.2696,3996.11,0.018908,9.627971
101.100,26.9813,150.0000,68.5625,68.2635,3999.52,0.018956,9.627971
101.200,26.9813,150.0000,68.6250,68.2573,4002.70,0.019001,9.627971
101.300,26.9813,150.0000,68.6250,68.2512,4005.66,0.019044,9.627971
101.400,26.9813,150.0000,68.6250,68.2451,4008.43,0.019083,9.627971
101.500,26.9813,150.0000,68.5000,68.2390,4011.02,0.019120,9.627971
101.600,26.9813,150.0000,68.6250,68.2329,4013.43,0.019155,9.627971
101.700,26.9813,150.0000,68.6250,68.2267,4015.68,0.019187,9.627971
101.800,26.9813,150.0000,68.5625,68.2206,4017.78,0.019217,9.627971
101.900,26.9813,150.0000,68.6250,68.2145,4019.74,0.019245,9.627971
102.000,27.3759,150.0000,68.5000,68.2084,4025.52,0.019328,10.022615
102.100,27.3759,150.0000,68.5625,68.2022,4030.91,0.019406,10.022615
102.200,27.3759,150.0000,68.5000,68.1961,4035.94,0.019479,10.022615
102.300,27.3759,150.0000,68.5625,68.1899,4040.64,0.019547,10.022615
102.400,27.3759,150.0000,68.5625,68.1837,4045.02,0.019610,10.022615
102.500,27.3759,150.0000,68.5625,68.1775,4049.11,0.019670,10.022615
102.600,27.3759,150.0000,68.5000,68.1713,4052.93,0.019726,10.022615
102.700,27.3759,150.0000,68.6250,68.1651,4056.49,0.019778,10.022615
102.800,27.3759,150.0000,68.4375,68.1589,4059.82,0.019827,10.022615
102.900,27.3759,150.0000,68.5000,68.1527,4062.93,0.019872,10.022615
103.000,27.1586,150.0000,68.5000,68.1465,4063.65,0.019883,10.403652
103.100,27.1586,150.0000,68.5625,68.1403,4064.33,0.019893,10.403652
103.200,27.1586,150.0000,68.4375,68.1342,4064.96,0.019902,10.403652
103.300,27.1586,150.0000,68.5000,68.1280,4065.54,0.019911,10.403652
103.400,27.1586,150.0000,68.5000,68.1218,4066.09,0.019919,10.403652
103.500,27.1586,150.0000,68.5625,68.1157,4066.61,0.019926,10.403652
103.600,27.1586,150.0000,68.4375,68.1096,4067.09,0.019933,10.403652
103.700,27.1586,150.0000,68.5000,68.1034,4067.53,0.019940,10.403652
103.800,27.1586,150.0000,68.4375,68.0973,4067.95,0.019946,10.403652
103.900,27.1586,150.0000,68.3125,68.0912,4068.34,0.019952,10.403652
104.000,26.6216,150.0000,68.4375,68.0852,4063.33,0.019878,10.764275
104.100,26.6216,150.0000,68.3750,68.0791,4058.66,0.019810,10.764275
104.200,26.6216,150.0000,68.3750,68.0732,4054.30,0.019746,10.764275
104.300,26.6216,150.0000,68.4375,68.0672,4050.23,0.019686,10.764275
104.400,26.6216,150.0000,68.4375,68.0613,4046.43,0.019631,10.764275
104.500,26.6216,150.0000,68.5625,68.0554,4042.88,0.019579,10.764275
104.600,26.6216,150.0000,68.3750,68.0496,4039.57,0.019531,10.764275
104.700,26.6216,150.0000,68.4375,68.0437,4036.49,0.019487,10.764275
104.800,26.6216,150.0000,68.3125,68.0379,4033.60,0.019445,10.764275
104.900,26.6216,150.0000,68.3750,68.0322,4030.91,0.019406,10.764275
105.000,27.2882,150.0000,68.3750,68.0264,4035.07,0.019466,11.131703
105.100,27.2882,150.0000,68.3125,68.0206,4038.94,0.019522,11.131703
105.200,27.2882,150.0000,68.3125,68.0148,4042.56,0.019575,11.131703
105.300,27.2882,150.0000,68.3125,68.0090,4045.94,0.019624,11.131703
105.400,27.2882,150.0000,68.4375,68.0032,4049.10,0.019670,11.131703
105.500,27.2882,150.0000,68.3125,67.9974,4052.04,0.019713,11.131703
105.600,27.2882,150.0000,68.3750,67.9916,4054.78,0.019753,11.131703
105.700,27.2882,150.0000,68.3125,67.9858,4057.35,0.019790,11.131703
105.800,27.2882,150.0000,68.2500,67.9800,4059.74,0.019825,11.131703
105.900,27.2882,150.0000,68.3125,67.9742,4061.97,0.019858,11.131703
106.000,27.3497,150.0000,68.3125,67.9684,4064.67,0.019898,11.492327
106.100,27.3497,150.0000,68.3750,67.9626,4067.19,0.019935,11.492327
106.200,27.3497,150.0000,68.3125,67.9568,4069.54,0.019969,11.492327
106.300,27.3497,150.0000,68.3750,67.9510,4071.74,0.020002,11.492327
106.400,27.3497,150.0000,68.2500,67.9452,4073.78,0.020032,11.492327
106.500,27.3497,150.0000,68.3125,67.9394,4075.69,0.020060,11.492327
106.600,27.3497,150.0000,68.3750,67.9336,4077.48,0.020086,11.492327
106.700,27.3497,150.0000,68.3125,67.9278,4079.14,0.020111,11.492327
106.800,27.3497,150.0000,68.3125,67.9220,4080.70,0.020134,11.492327
106.900,27.3497,150.0000,68.3125,67.9162,4082.15,0.020155,11.492327
107.000,27.7103,150.0000,68.1875,67.9104,4087.11,0.020229,11.852950
107.100,27.7103,150.0000,68.3125,67.9046,4091.74,0.020298,11.852950
107.200,27.7103,150.0000,68.3125,67.8988,4096.06,0.020362,11.852950
107.300,27.7103,150.0000,68.2500,67.8930,4100.09,0.020422,11.852950
107.400,27.7103,150.0000,68.2500,67.8871,4103.85,0.020479,11.852950
107.500,27.7103,150.0000,68.2500,67.8813,4107.37,0.020531,11.852950
107.600,27.7103,150.0000,68.2500,67.8754,4110.64,0.020580,11.852950
107.700,27.7103,150.0000,68.2500,67.8696,4113.70,0.020626,11.852950
107.800,27.7103,150.0000,68.2500,67.8637,4116.56,0.020669,11.852950
107.900,27.7103,150.0000,68.2500,67.8579,4119.23,0.020710,11.852950
108.000,27.7649,150.0000,68.1875,67.8520,4122.26,0.020755,12.206770
108.100,27.7649,150.0000,68.2500,67.8462,4125.09,0.020798,12.206770
108.200,27.7649,150.0000,68.3125,67.8403,4127.73,0.020838,12.206770
108.300,27.7649,150.0000,68.1250,67.8345,4130.20,0.020876,12.206770
108.400,27.7649,150.0000,68.2500,67.8286,4132.50,0.020911,12.206770
108.500,27.7649,150.0000,68.1250,67.8228,4134.65,0.020943,12.206770
108.600,27.7649,150.0000,68.1875,67.8169,4136.66,0.020974,12.206770
108.700,27.7649,150.0000,68.0625,67.8111,4138.53,0.021002,12.206770
108.800,27.7649,150.0000,68.1250,67.8052,4140.28,0.021029,12.206770
108.900,27.7649,150.0000,68.1875,67.7994,4141.91,0.021054,12.206770
109.000,27.8127,150.0000,68.1250,67.7935,4143.91,0.021084,12.553785
109.100,27.8127,150.0000,68.0625,67.7877,4145.78,0.021113,12.553785
109.200,27.8127,150.0000,68.1875,67.7819,4147.52,0.021139,12.553785
109.300,27.8127,150.0000,68.0625,67.7761,4149.14,0.021164,12.553785
109.400,27.8127,150.0000,68.1875,67.7702,4150.66,0.021187,12.553785
109.500,27.8127,150.0000,68.0625,67.7644,4152.08,0.021209,12.553785
109.600,27.8127,150.0000,68.0625,67.7586,4153.40,0.021229,12.553785
109.700,27.8127,150.0000,68.0625,67.7528,4154.63,0.021248,12.553785
109.800,27.8127,150.0000,68.0625,67.7470,4155.79,0.021266,12.553785
109.900,27.8127,150.0000,68.0000,67.7412,4156.86,0.021283,12.553785
110.000,27.2418,150.0000,68.0625,67.7355,4152.15,0.021210,12.880387
110.100,27.2418,150.0000,68.0625,67.7297,4147.76,0.021143,12.880387
110.200,27.2418,150.0000,68.1250,67.7241,4143.66,0.021080,12.880387
110.300,27.2418,150.0000,68.0000,67.7184,4139.84,0.021022,12.880387
110.400,27.2418,150.0000,68.0625,67.7128,4136.26,0.020968,12.880387
110.500,27.2418,150.0000,68.1250,67.7072,4132.93,0.020917,12.880387
110.600,27.2418,150.0000,68.0625,67.7017,4129.82,0.020870,12.880387
110.700,27.2418,150.0000,68.0625,67.6961,4126.92,0.020826,12.880387
110.800,27.2418,150.0000,68.0625,67.6906,4124.21,0.020785,12.880387
110.900,27.2418,150.0000,68.0000,67.6851,4121.68,0.020747,12.880387
111.000,27.5684,150.0000,68.0000,67.6797,4122.58,0.020760,13.206990
111.100,27.5684,150.0000,68.0000,67.6742,4123.43,0.020773,13.206990
111.200,27.5684,150.0000,67.9375,67.6688,4124.21,0.020785,13.206990
111.300,27.5684,150.0000,68.0000,67.6633,4124.95,0.020796,13.206990
111.400,27.5684,150.0000,68.0000,67.6579,4125.64,0.020807,13.206990
111.500,27.5684,150.0000,68.0000,67.6524,4126.28,0.020816,13.206990
111.600,27.5684,150.0000,68.0625,67.6470,4126.88,0.020825,13.206990
111.700,27.5684,150.0000,67.8750,67.6416,4127.44,0.020834,13.206990
111.800,27.5684,150.0000,67.8750,67.6362,4127.96,0.020842,13.206990
111.900,27.5684,150.0000,68.0000,67.6308,4128.44,0.020849,13.206990
112.000,27.8950,150.0000,67.8750,67.6254,4132.16,0.020905,13.533592
112.100,27.8950,150.0000,68.0000,67.6200,4135.63,0.020958,13.533592
112.200,27.8950,150.0000,67.8750,67.6146,4138.88,0.021007,13.533592
112.300,27.8950,150.0000,67.9375,67.6092,4141.90,0.021054,13.533592
112.400,27.8950,150.0000,67.9375,67.6038,4144.72,0.021097,13.533592
112.500,27.8950,150.0000,67.8750,67.5983,4147.36,0.021137,13.533592
112.600,27.8950,150.0000,67.9375,67.5929,4149.82,0.021174,13.533592
112.700,27.8950,150.0000,67.9375,67.5875,4152.11,0.021210,13.533592
112.800,27.8950,150.0000,67.9375,67.5821,4154.25,0.021242,13.533592
112.900,27.8950,150.0000,67.8125,67.5767,4156.25,0.021273,13.533592
113.000,27.3036,150.0000,67.8750,67.5713,4152.21,0.021211,13.839782
113.100,27.3036,150.0000,67.8750,67.5659,4148.43,0.021153,13.839782
113.200,27.3036,150.0000,67.9375,67.5606,4144.90,0.021099,13.839782
113.300,27.3036,150.0000,67.9375,67.5553,4141.61,0.021049,13.839782
113.400,27.3036,150.0000,67.9375,67.5500,4138.54,0.021002,13.839782
113.500,27.3036,150.0000,68.0000,67.5448,4135.67,0.020959,13.839782
113.600,27.3036,150.0000,67.8750,67.5396,4133.00,0.020918,13.839782
113.700,27.3036,150.0000,67.8125,67.5344,4130.50,0.020880,13.839782
113.800,27.3036,150.0000,67.8750,67.5292,4128.17,0.020845,13.839782
113.900,27.3036,150.0000,67.8125,67.5241,4125.99,0.020812,13.839782
114.000,27.6098,150.0000,67.8125,67.5189,4127.02,0.020827,14.145972
114.100,27.6098,150.0000,68.0000,67.5138,4127.99,0.020842,14.145972
114.200,27.6098,150.0000,67.8125,67.5087,4128.88,0.020856,14.145972
114.300,27.6098,150.0000,67.8750,67.5036,4129.72,0.020868,14.145972
114.400,27.6098,150.0000,67.7500,67.4985,4130.51,0.020880,14.145972
114.500,27.6098,150.0000,67.8125,67.4934,4131.24,0.020891,14.145972
114.600,27.6098,150.0000,67.8125,67.4883,4131.92,0.020902,14.145972
114.700,27.6098,150.0000,67.6875,67.4832,4132.55,0.020911,14.145972
114.800,27.6098,150.0000,67.8125,67.4781,4133.15,0.020920,14.145972
114.900,27.6098,150.0000,67.8125,67.4730,4133.70,0.020929,14.145972
115.000,27.9159,150.0000,67.8125,67.4680,4137.28,0.020983,14.452162
115.100,27.9159,150.0000,67.7500,67.4629,4140.62,0.021034,14.452162
115.200,27.9159,150.0000,67.6875,67.4578,4143.74,0.021082,14.452162
115.300,27.9159,150.0000,67.7500,67.4527,4146.65,0.021126,14.452162
115.400,27.9159,150.0000,67.8125,67.4476,4149.37,0.021168,14.452162
115.500,27.9159,150.0000,67.7500,67.4425,4151.90,0.021206,14.452162
115.600,27.9159,150.0000,67.8125,67.4374,4154.27,0.021243,14.452162
115.700,27.9159,150.0000,67.8125,67.4323,4156.48,0.021277,14.452162
115.800,27.9159,150.0000,67.8125,67.4272,4158.54,0.021308,14.452162
115.900,27.9159,150.0000,67.6875,67.4221,4160.46,0.021338,14.452162
116.000,27.6101,150.0000,67.6875,67.4170,4159.20,0.021318,14.744744
116.100,27.6101,150.0000,67.7500,67.4120,4158.02,0.021300,14.744744
116.200,27.6101,150.0000,67.7500,67.4069,4156.92,0.021283,14.744744
116.300,27.6101,150.0000,67.6875,67.4019,4155.89,0.021268,14.744744
116.400,27.6101,150.0000,67.7500,67.3969,4154.93,0.021253,14.744744
116.500,27.6101,150.0000,67.6250,67.3919,4154.04,0.021239,14.744744
116.600,27.6101,150.0000,67.6875,67.3869,4153.21,0.021226,14.744744
116.700,27.6101,150.0000,67.7500,67.3819,4152.43,0.021214,14.744744
116.800,27.6101,150.0000,67.6875,67.3770,4151.70,0.021203,14.744744
116.900,27.6101,150.0000,67.6250,67.3720,4151.02,0.021193,14.744744
117.000,27.5967,150.0000,67.7500,67.3671,4150.25,0.021181,15.030521
117.100,27.5967,150.0000,67.6250,67.3622,4149.54,0.021170,15.030521
117.200,27.5967,150.0000,67.6875,67.3573,4148.87,0.021160,15.030521
117.300,27.5967,150.0000,67.6250,67.3524,4148.24,0.021150,15.030521
117.400,27.5967,150.0000,67.6250,67.3476,4147.66,0.021142,15.030521
117.500,27.5967,150.0000,67.6875,67.3427,4147.12,0.021133,15.030521
117.600,27.5967,150.0000,67.7500,67.3379,4146.61,0.021125,15.030521
117.700,27.5967,150.0000,67.5625,67.3331,4146.14,0.021118,15.030521
117.800,27.5967,150.0000,67.5000,67.3283,4145.70,0.021111,15.030521
117.900,27.5967,150.0000,67.6875,67.3235,4145.28,0.021105,15.030521
118.000,28.1885,150.0000,67.6250,67.3186,4150.82,0.021190,15.323102
118.100,28.1885,150.0000,67.6250,67.3138,4155.98,0.021269,15.323102
118.200,28.1885,150.0000,67.6250,67.3090,4160.80,0.021343,15.323102
118.300,28.1885,150.0000,67.5625,67.3041,4165.30,0.021412,15.323102
118.400,28.1885,150.0000,67.6250,67.2992,4169.50,0.021477,15.323102
118.500,28.1885,150.0000,67.5625,67.2943,4173.41,0.021538,15.323102
118.600,28.1885,150.0000,67.6250,67.2895,4177.07,0.021594,15.323102
118.700,28.1885,150.0000,67.5000,67.2846,4180.49,0.021647,15.323102
118.800,28.1885,150.0000,67.6250,67.2797,4183.67,0.021697,15.323102
118.900,28.1885,150.0000,67.5000,67.2747,4186.64,0.021743,15.323102
119.000,27.5631,150.0000,67.5625,67.2699,4183.17,0.021689,15.595271
119.100,27.5631,150.0000,67.5625,67.2650,4179.92,0.021639,15.595271
119.200,27.5631,150.0000,67.5625,67.2602,4176.89,0.021592,15.595271
119.300,27.5631,150.0000,67.5000,67.2554,4174.06,0.021548,15.595271
119.400,27.5631,150.0000,67.5000,67.2506,4171.42,0.021507,15.595271
119.500,27.5631,150.0000,67.5625,67.2459,4168.96,0.021469,15.595271
119.600,27.5631,150.0000,67.5625,67.2411,4166.66,0.021433,15.595271
119.700,27.5631,150.0000,67.4375,67.2364,4164.51,0.021400,15.595271
119.800,27.5631,150.0000,67.5625,67.2318,4162.51,0.021369,15.595271
119.900,27.5631,150.0000,67.5625,67.2271,4160.64,0.021341,15.595271
120.000,28.1412,150.0000,67.5625,67.2224,4164.67,0.021403,15.874244
120.100,28.1412,150.0000,67.5625,67.2177,4168.44,0.021461,15.874244
120.200,28.1412,150.0000,67.4375,67.2130,4171.96,0.021515,15.874244
120.300,28.1412,150.0000,67.5625,67.2083,4175.24,0.021566,15.874244
120.400,28.1412,150.0000,67.4375,67.2036,4178.30,0.021614,15.874244
120.500,28.1412,150.0000,67.5000,67.1989,4181.16,0.021658,15.874244
120.600,28.1412,150.0000,67.5000,67.1942,4183.83,0.021699,15.874244
120.700,28.1412,150.0000,67.4375,67.1895,4186.32,0.021738,15.874244
120.800,28.1412,150.0000,67.3750,67.1848,4188.64,0.021774,15.874244
120.900,28.1412,150.0000,67.4375,67.1800,4190.81,0.021808,15.874244
121.000,27.8082,150.0000,67.4375,67.1753,4189.51,0.021788,16.139609
121.100,27.8082,150.0000,67.3750,67.1707,4188.29,0.021769,16.139609
121.200,27.8082,150.0000,67.5625,67.1660,4187.15,0.021751,16.139609
121.300,27.8082,150.0000,67.5000,67.1613,4186.09,0.021735,16.139609
121.400,27.8082,150.0000,67.4375,67.1567,4185.10,0.021719,16.139609
121.500,27.8082,150.0000,67.4375,67.1521,4184.18,0.021705,16.139609
121.600,27.8082,150.0000,67.5000,67.1475,4183.31,0.021691,16.139609
121.700,27.8082,150.0000,67.4375,67.1429,4182.51,0.021679,16.139609
121.800,27.8082,150.0000,67.4375,67.1383,4181.76,0.021667,16.139609
121.900,27.8082,150.0000,67.3750,67.1337,4181.06,0.021656,16.139609
122.000,27.7676,150.0000,67.3125,67.1292,4179.99,0.021640,16.398169
122.100,27.7676,150.0000,67.5000,67.1247,4179.00,0.021624,16.398169
122.200,27.7676,150.0000,67.3125,67.1201,4178.08,0.021610,16.398169
122.300,27.7676,150.0000,67.5000,67.1156,4177.22,0.021597,16.398169
122.400,27.7676,150.0000,67.2500,67.1111,4176.41,0.021584,16.398169
122.500,27.7676,150.0000,67.3750,67.1067,4175.66,0.021573,16.398169
122.600,27.7676,150.0000,67.3750,67.1022,4174.96,0.021562,16.398169
122.700,27.7676,150.0000,67.3125,67.0978,4174.30,0.021552,16.398169
122.800,27.7676,150.0000,67.3125,67.0933,4173.69,0.021542,16.398169
122.900,27.7676,150.0000,67.4375,67.0889,4173.12,0.021533,16.398169
123.000,28.3321,150.0000,67.3125,67.0845,4178.24,0.021612,16.663533
123.100,28.3321,150.0000,67.3125,67.0800,4183.01,0.021687,16.663533
123.200,28.3321,150.0000,67.3750,67.0755,4187.46,0.021756,16.663533
123.300,28.3321,150.0000,67.3750,67.0711,4191.62,0.021821,16.663533
123.400,28.3321,150.0000,67.3750,67.0666,4195.50,0.021882,16.663533
123.500,28.3321,150.0000,67.4375,67.0621,4199.12,0.021938,16.663533
123.600,28.3321,150.0000,67.3750,67.0576,4202.50,0.021991,16.663533
123.700,28.3321,150.0000,67.2500,67.0530,4205.66,0.022041,16.663533
123.800,28.3321,150.0000,67.3125,67.0485,4208.60,0.022087,16.663533
123.900,28.3321,150.0000,67.3750,67.0440,4211.35,0.022130,16.663533
124.000,28.2915,150.0000,67.3125,67.0395,4213.51,0.022164,16.922094
124.100,28.2915,150.0000,67.3125,67.0349,4215.52,0.022196,16.922094
124.200,28.2915,150.0000,67.3125,67.0304,4217.40,0.022226,16.922094
124.300,28.2915,150.0000,67.3125,67.0259,4219.16,0.022254,16.922094
124.400,28.2915,150.0000,67.3125,67.0214,4220.79,0.022280,16.922094
124.500,28.2915,150.0000,67.3125,67.0168,4222.32,0.022304,16.922094
124.600,28.2915,150.0000,67.3750,67.0123,4223.75,0.022327,16.922094
124.700,28.2915,150.0000,67.3125,67.0078,4225.08,0.022348,16.922094
124.800,28.2915,150.0000,67.3125,67.0033,4226.32,0.022367,16.922094
124.900,28.2915,150.0000,67.3125,66.9988,4227.49,0.022386,16.922094
125.000,28.2441,150.0000,67.3125,66.9943,4228.09,0.022395,17.173850
125.100,28.2441,150.0000,67.1875,66.9898,4228.66,0.022404,17.173850
125.200,28.2441,150.0000,67.2500,66.9853,4229.19,0.022413,17.173850
125.300,28.2441,150.0000,67.3125,66.9808,4229.69,0.022421,17.173850
125.400,28.2441,150.0000,67.1875,66.9763,4230.15,0.022428,17.173850
125.500,28.2441,150.0000,67.2500,66.9719,4230.58,0.022435,17.173850
125.600,28.2441,150.0000,67.1875,66.9674,4230.98,0.022441,17.173850
125.700,28.2441,150.0000,67.2500,66.9630,4231.36,0.022447,17.173850
125.800,28.2441,150.0000,67.1875,66.9585,4231.71,0.022453,17.173850
125.900,28.2441,150.0000,67.2500,66.9541,4232.03,0.022458,17.173850
126.000,28.1898,150.0000,67.2500,66.9497,4231.80,0.022454,17.418802
126.100,28.1898,150.0000,67.1875,66.9453,4231.57,0.022451,17.418802
126.200,28.1898,150.0000,67.2500,66.9409,4231.37,0.022448,17.418802
126.300,28.1898,150.0000,67.2500,66.9365,4231.17,0.022444,17.418802
126.400,28.1898,150.0000,67.2500,66.9321,4230.99,0.022442,17.418802
126.500,28.1898,150.0000,67.1875,66.9277,4230.83,0.022439,17.418802
126.600,28.1898,150.0000,67.1875,66.9234,4230.67,0.022436,17.418802
126.700,28.1898,150.0000,67.2500,66.9190,4230.52,0.022434,17.418802
126.800,28.1898,150.0000,67.0625,66.9147,4230.39,0.022432,17.418802
126.900,28.1898,150.0000,67.1250,66.9103,4230.26,0.022430,17.418802
127.000,27.8228,150.0000,67.1875,66.9060,4226.47,0.022370,17.650145
127.100,27.8228,150.0000,67.1250,66.9018,4222.93,0.022314,17.650145
127.200,27.8228,150.0000,67.1250,66.8975,4219.63,0.022261,17.650145
127.300,27.8228,150.0000,67.0625,66.8933,4216.55,0.022213,17.650145
127.400,27.8228,150.0000,67.1250,66.8891,4213.68,0.022167,17.650145
127.500,27.8228,150.0000,67.1875,66.8850,4210.99,0.022125,17.650145
127.600,27.8228,150.0000,67.1250,66.8808,4208.49,0.022085,17.650145
127.700,27.8228,150.0000,67.1250,66.8767,4206.15,0.022049,17.650145
127.800,27.8228,150.0000,67.1250,66.8726,4203.97,0.022014,17.650145
127.900,27.8228,150.0000,67.1875,66.8685,4201.93,0.021982,17.650145
128.000,28.3601,150.0000,67.1250,66.8644,4205.40,0.022037,17.888293
128.100,28.3601,150.0000,67.0625,66.8603,4208.64,0.022088,17.888293
128.200,28.3601,150.0000,67.0625,66.8562,4211.67,0.022135,17.888293
128.300,28.3601,150.0000,67.1250,66.8521,4214.49,0.022180,17.888293
128.400,28.3601,150.0000,67.0625,66.8480,4217.13,0.022222,17.888293
128.500,28.3601,150.0000,67.1250,66.8438,4219.59,0.022261,17.888293
128.600,28.3601,150.0000,67.1250,66.8397,4221.88,0.022297,17.888293
128.700,28.3601,150.0000,67.0000,66.8356,4224.02,0.022331,17.888293
128.800,28.3601,150.0000,67.0000,66.8315,4226.02,0.022363,17.888293
128.900,28.3601,150.0000,67.1250,66.8273,4227.89,0.022392,17.888293
129.000,28.2923,150.0000,67.0625,66.8232,4228.95,0.022409,18.119636
129.100,28.2923,150.0000,66.9375,66.8191,4229.95,0.022425,18.119636
129.200,28.2923,150.0000,67.0625,66.8150,4230.87,0.022440,18.119636
129.300,28.2923,150.0000,67.0625,66.8108,4231.74,0.022453,18.119636
129.400,28.2923,150.0000,67.1250,66.8067,4232.54,0.022466,18.119636
129.500,28.2923,150.0000,67.1250,66.8026,4233.30,0.022478,18.119636
129.600,28.2923,150.0000,67.0625,66.7985,4234.00,0.022489,18.119636
129.700,28.2923,150.0000,67.0625,66.7944,4234.66,0.022500,18.119636
129.800,28.2923,150.0000,67.0625,66.7904,4235.27,0.022510,18.119636
129.900,28.2923,150.0000,67.0000,66.7863,4235.84,0.022519,18.119636
130.000,27.9116,150.0000,66.9375,66.7822,4232.57,0.022467,18.337371
130.100,27.9116,150.0000,66.9375,66.7782,4229.51,0.022418,18.337371
130.200,27.9116,150.0000,67.0000,66.7742,4226.66,0.022373,18.337371
130.300,27.9116,150.0000,66.9375,66.7702,4224.00,0.022330,18.337371
130.400,27.9116,150.0000,67.0000,66.7662,4221.52,0.022291,18.337371
130.500,27.9116,150.0000,66.9375,66.7623,4219.20,0.022254,18.337371
130.600,27.9116,150.0000,67.1250,66.7584,4217.03,0.022220,18.337371
130.700,27.9116,150.0000,66.9375,66.7545,4215.01,0.022188,18.337371
130.800,27.9116,150.0000,67.0000,66.7506,4213.13,0.022159,18.337371
130.900,27.9116,150.0000,67.0000,66.7467,4211.37,0.022131,18.337371
131.000,28.1294,150.0000,66.9375,66.7429,4211.91,0.022139,18.555106
131.100,28.1294,150.0000,66.9375,66.7390,4212.41,0.022147,18.555106
131.200,28.1294,150.0000,66.9375,66.7352,4212.87,0.022154,18.555106
131.300,28.1294,150.0000,67.0000,66.7313,4213.31,0.022161,18.555106
131.400,28.1294,150.0000,66.9375,66.7275,4213.71,0.022168,18.555106
131.500,28.1294,150.0000,66.9375,66.7237,4214.09,0.022174,18.555106
131.600,28.1294,150.0000,66.9375,66.7199,4214.45,0.022179,18.555106
131.700,28.1294,150.0000,67.0000,66.7161,4214.78,0.022185,18.555106
131.800,28.1294,150.0000,67.0000,66.7123,4215.09,0.022189,18.555106
131.900,28.1294,150.0000,66.8750,66.7085,4215.37,0.022194,18.555106
132.000,27.7351,150.0000,66.9375,66.7047,4211.70,0.022136,18.759233
132.100,27.7351,150.0000,66.8750,66.7009,4208.27,0.022082,18.759233
132.200,27.7351,150.0000,66.9375,66.6972,4205.07,0.022032,18.759233
132.300,27.7351,150.0000,66.8750,66.6935,4202.08,0.021985,18.759233
132.400,27.7351,150.0000,66.9375,66.6899,4199.29,0.021941,18.759233
132.500,27.7351,150.0000,66.9375,66.6862,4196.69,0.021900,18.759233
132.600,27.7351,150.0000,67.0000,66.6826,4194.26,0.021862,18.759233
132.700,27.7351,150.0000,66.9375,66.6790,4192.00,0.021827,18.759233
132.800,27.7351,150.0000,66.9375,66.6754,4189.88,0.021794,18.759233
132.900,27.7351,150.0000,67.0000,66.6718,4187.91,0.021763,18.759233
133.000,28.5512,150.0000,66.9375,66.6682,4194.23,0.021862,18.976968
133.100,28.5512,150.0000,66.8750,66.6646,4200.12,0.021954,18.976968
133.200,28.5512,150.0000,66.8750,66.6609,4205.63,0.022040,18.976968
133.300,28.5512,150.0000,66.8125,66.6573,4210.76,0.022121,18.976968
133.400,28.5512,150.0000,66.9375,66.6536,4215.56,0.022197,18.976968
133.500,28.5512,150.0000,66.9375,66.6499,4220.03,0.022268,18.976968
133.600,28.5512,150.0000,66.8750,66.6462,4224.21,0.022334,18.976968
133.700,28.5512,150.0000,66.8750,66.6425,4228.11,0.022396,18.976968
133.800,28.5512,150.0000,66.8750,66.6388,4231.75,0.022454,18.976968
133.900,28.5512,150.0000,66.9375,66.6350,4235.14,0.022508,18.976968
134.000,28.4629,150.0000,66.8750,66.6313,4237.43,0.022544,19.187899
134.100,28.4629,150.0000,66.8750,66.6275,4239.56,0.022578,19.187899
134.200,28.4629,150.0000,66.8750,66.6238,4241.55,0.022610,19.187899
134.300,28.4629,150.0000,66.8125,66.6200,4243.41,0.022640,19.187899
134.400,28.4629,150.0000,66.8750,66.6163,4245.15,0.022668,19.187899
134.500,28.4629,150.0000,66.8125,66.6125,4246.77,0.022694,19.187899
134.600,28.4629,150.0000,66.9375,66.6088,4248.28,0.022718,19.187899
134.700,28.4629,150.0000,66.9375,66.6050,4249.69,0.022740,19.187899
134.800,28.4629,150.0000,66.8750,66.6013,4251.01,0.022762,19.187899
134.900,28.4629,150.0000,66.8125,66.5975,4252.24,0.022781,19.187899
135.000,28.0619,150.0000,66.7500,66.5938,4249.37,0.022735,19.385221
135.100,28.0619,150.0000,66.8125,66.5901,4246.70,0.022692,19.385221
135.200,28.0619,150.0000,66.9375,66.5864,4244.21,0.022652,19.385221
135.300,28.0619,150.0000,66.8125,66.5828,4241.88,0.022615,19.385221
135.400,28.0619,150.0000,66.8125,66.5791,4239.70,0.022580,19.385221
135.500,28.0619,150.0000,66.8125,66.5755,4237.68,0.022548,19.385221
135.600,28.0619,150.0000,66.8750,66.5719,4235.78,0.022518,19.385221
135.700,28.0619,150.0000,66.7500,66.5683,4234.02,0.022490,19.385221
135.800,28.0619,150.0000,66.6875,66.5647,4232.37,0.022463,19.385221
135.900,28.0619,150.0000,66.8125,66.5612,4230.83,0.022439,19.385221
136.000,28.2592,150.0000,66.8125,66.5576,4231.37,0.022447,19.582544
136.100,28.2592,150.0000,66.7500,66.5541,4231.87,0.022455,19.582544
136.200,28.2592,150.0000,66.8125,66.5506,4232.33,0.022463,19.582544
136.300,28.2592,150.0000,66.7500,66.5470,4232.77,0.022470,19.582544
136.400,28.2592,150.0000,66.8125,66.5435,4233.18,0.022476,19.582544
136.500,28.2592,150.0000,66.7500,66.5400,4233.56,0.022482,19.582544
136.600,28.2592,150.0000,66.7500,66.5365,4233.91,0.022488,19.582544
136.700,28.2592,150.0000,66.7500,66.5330,4234.24,0.022493,19.582544
136.800,28.2592,150.0000,66.8125,66.5295,4234.55,0.022498,19.582544
136.900,28.2592,150.0000,66.7500,66.5260,4234.84,0.022503,19.582544
137.000,28.1505,150.0000,66.6875,66.5225,4234.02,0.022490,19.773062
137.100,28.1505,150.0000,66.8125,66.5190,4233.26,0.022478,19.773062
137.200,28.1505,150.0000,66.7500,66.5156,4232.55,0.022466,19.773062
137.300,28.1505,150.0000,66.7500,66.5121,4231.88,0.022456,19.773062
137.400,28.1505,150.0000,66.7500,66.5087,4231.26,0.022446,19.773062
137.500,28.1505,150.0000,66.7500,66.5052,4230.68,0.022437,19.773062
137.600,28.1505,150.0000,66.6875,66.5018,4230.14,0.022428,19.773062
137.700,28.1505,150.0000,66.6875,66.4984,4229.64,0.022420,19.773062
137.800,28.1505,150.0000,66.7500,66.4950,4229.17,0.022413,19.773062
137.900,28.1505,150.0000,66.6875,66.4916,4228.73,0.022406,19.773062
138.000,28.0350,150.0000,66.6875,66.4883,4227.17,0.022381,19.956776
138.100,28.0350,150.0000,66.7500,66.4849,4225.70,0.022358,19.956776
138.200,28.0350,150.0000,66.6875,66.4816,4224.34,0.022336,19.956776
138.300,28.0350,150.0000,66.6875,66.4782,4223.07,0.022316,19.956776
138.400,28.0350,150.0000,66.5625,66.4749,4221.88,0.022297,19.956776
138.500,28.0350,150.0000,66.7500,66.4716,4220.77,0.022279,19.956776
138.600,28.0350,150.0000,66.6250,66.4683,4219.74,0.022263,19.956776
138.700,28.0350,150.0000,66.6875,66.4651,4218.77,0.022248,19.956776
138.800,28.0350,150.0000,66.6875,66.4618,4217.87,0.022233,19.956776
138.900,28.0350,150.0000,66.7500,66.4586,4217.03,0.022220,19.956776
139.000,28.5248,150.0000,66.6250,66.4553,4221.14,0.022285,20.147294
139.100,28.5248,150.0000,66.6250,66.4520,4224.98,0.022346,20.147294
139.200,28.5248,150.0000,66.6875,66.4487,4228.56,0.022403,20.147294
139.300,28.5248,150.0000,66.6875,66.4454,4231.91,0.022456,20.147294
139.400,28.5248,150.0000,66.6875,66.4421,4235.03,0.022506,20.147294
139.500,28.5248,150.0000,66.6250,66.4388,4237.94,0.022552,20.147294
139.600,28.5248,150.0000,66.6250,66.4355,4240.66,0.022596,20.147294
139.700,28.5248,150.0000,66.6250,66.4321,4243.20,0.022636,20.147294
139.800,28.5248,150.0000,66.6875,66.4288,4245.56,0.022674,20.147294
139.900,28.5248,150.0000,66.6250,66.4255,4247.77,0.022710,20.147294
140.000,28.1033,150.0000,66.6250,66.4221,4245.62,0.022675,20.324204
140.100,28.1033,150.0000,66.6875,66.4188,4243.61,0.022643,20.324204
140.200,28.1033,150.0000,66.6250,66.4156,4241.74,0.022613,20.324204
140.300,28.1033,150.0000,66.6250,66.4123,4239.99,0.022585,20.324204
140.400,28.1033,150.0000,66.5625,66.4090,4238.35,0.022559,20.324204
140.500,28.1033,150.0000,66.5625,66.4058,4236.83,0.022535,20.324204
140.600,28.1033,150.0000,66.5625,66.4026,4235.41,0.022512,20.324204
140.700,28.1033,150.0000,66.6250,66.3994,4234.08,0.022491,20.324204
140.800,28.1033,150.0000,66.6250,66.3962,4232.84,0.022471,20.324204
140.900,28.1033,150.0000,66.6250,66.3930,4231.68,0.022453,20.324204
141.000,28.2802,150.0000,66.5625,66.3898,4232.37,0.022464,20.501113
141.100,28.2802,150.0000,66.5000,66.3866,4233.02,0.022474,20.501113
141.200,28.2802,150.0000,66.5625,66.3835,4233.62,0.022483,20.501113
141.300,28.2802,150.0000,66.5000,66.3803,4234.18,0.022492,20.501113
141.400,28.2802,150.0000,66.6250,66.3771,4234.70,0.022501,20.501113
141.500,28.2802,150.0000,66.5625,66.3740,4235.19,0.022508,20.501113
141.600,28.2802,150.0000,66.5625,66.3708,4235.65,0.022516,20.501113
141.700,28.2802,150.0000,66.5625,66.3677,4236.07,0.022522,20.501113
141.800,28.2802,150.0000,66.5625,66.3645,4236.47,0.022529,20.501113
141.900,28.2802,150.0000,66.5625,66.3614,4236.84,0.022535,20.501113
142.000,28.1511,150.0000,66.5625,66.3583,4235.89,0.022520,20.671219
142.100,28.1511,150.0000,66.5625,66.3551,4235.01,0.022506,20.671219
142.200,28.1511,150.0000,66.5000,66.3520,4234.19,0.022492,20.671219
142.300,28.1511,150.0000,66.5000,66.3489,4233.42,0.022480,20.671219
142.400,28.1511,150.0000,66.6250,66.3459,4232.70,0.022469,20.671219
142.500,28.1511,150.0000,66.5625,66.3428,4232.03,0.022458,20.671219
142.600,28.1511,150.0000,66.4375,66.3397,4231.41,0.022448,20.671219
142.700,28.1511,150.0000,66.5625,66.3367,4230.83,0.022439,20.671219
142.800,28.1511,150.0000,66.5000,66.3336,4230.28,0.022430,20.671219
142.900,28.1511,150.0000,66.5625,66.3306,4229.77,0.022422,20.671219
143.000,28.3212,150.0000,66.5000,66.3276,4231.00,0.022442,20.841324
143.100,28.3212,150.0000,66.5625,66.3245,4232.15,0.022460,20.841324
143.200,28.3212,150.0000,66.5000,66.3215,4233.22,0.022477,20.841324
143.300,28.3212,150.0000,66.5000,66.3185,4234.21,0.022493,20.841324
143.400,28.3212,150.0000,66.5000,66.3154,4235.14,0.022508,20.841324
143.500,28.3212,150.0000,66.5000,66.3124,4236.01,0.022522,20.841324
143.600,28.3212,150.0000,66.5625,66.3094,4236.82,0.022534,20.841324
143.700,28.3212,150.0000,66.4375,66.3064,4237.58,0.022547,20.841324
143.800,28.3212,150.0000,66.5000,66.3034,4238.29,0.022558,20.841324
143.900,28.3212,150.0000,66.5000,66.3003,4238.95,0.022568,20.841324
144.000,28.1853,150.0000,66.5625,66.2973,4238.20,0.022557,21.004625
144.100,28.1853,150.0000,66.4375,66.2943,4237.51,0.022545,21.004625
144.200,28.1853,150.0000,66.4375,66.2914,4236.86,0.022535,21.004625
144.300,28.1853,150.0000,66.3750,66.2884,4236.26,0.022525,21.004625
144.400,28.1853,150.0000,66.4375,66.2854,4235.69,0.022516,21.004625
144.500,28.1853,150.0000,66.4375,66.2825,4235.17,0.022508,21.004625
144.600,28.1853,150.0000,66.5000,66.2795,4234.68,0.022500,21.004625
144.700,28.1853,150.0000,66.4375,66.2766,4234.22,0.022493,21.004625
144.800,28.1853,150.0000,66.5000,66.2737,4233.79,0.022486,21.004625
144.900,28.1853,150.0000,66.5000,66.2707,4233.39,0.022480,21.004625
145.000,28.3486,150.0000,66.4375,66.2678,4234.65,0.022500,21.167927
145.100,28.3486,150.0000,66.4375,66.2649,4235.83,0.022519,21.167927
145.200,28.3486,150.0000,66.5625,66.2620,4236.92,0.022536,21.167927
145.300,28.3486,150.0000,66.4375,66.2591,4237.95,0.022552,21.167927
145.400,28.3486,150.0000,66.4375,66.2561,4238.90,0.022568,21.167927
145.500,28.3486,150.0000,66.3750,66.2532,4239.80,0.022582,21.167927
145.600,28.3486,150.0000,66.4375,66.2503,4240.63,0.022595,21.167927
145.700,28.3486,150.0000,66.5000,66.2474,4241.41,0.022608,21.167927
145.800,28.3486,150.0000,66.5000,66.2445,4242.13,0.022619,21.167927
145.900,28.3486,150.0000,66.5000,66.2416,4242.81,0.022630,21.167927
146.000,28.5119,150.0000,66.4375,66.2387,4245.08,0.022666,21.331228
146.100,28.5119,150.0000,66.3750,66.2358,4247.19,0.022700,21.331228
146.200,28.5119,150.0000,66.5000,66.2329,4249.16,0.022732,21.331228
146.300,28.5119,150.0000,66.3750,66.2299,4251.00,0.022761,21.331228
146.400,28.5119,150.0000,66.4375,66.2270,4252.72,0.022789,21.331228
146.500,28.5119,150.0000,66.4375,66.2241,4254.33,0.022815,21.331228
146.600,28.5119,150.0000,66.3750,66.2212,4255.82,0.022839,21.331228
146.700,28.5119,150.0000,66.3125,66.2182,4257.22,0.022862,21.331228
146.800,28.5119,150.0000,66.3125,66.2153,4258.53,0.022883,21.331228
146.900,28.5119,150.0000,66.3750,66.2124,4259.74,0.022902,21.331228
147.000,28.0632,150.0000,66.3750,66.2095,4256.39,0.022848,21.480921
147.100,28.0632,150.0000,66.3125,66.2066,4253.27,0.022798,21.480921
147.200,28.0632,150.0000,66.3125,66.2037,4250.35,0.022751,21.480921
147.300,28.0632,150.0000,66.3125,66.2009,4247.62,0.022707,21.480921
147.400,28.0632,150.0000,66.4375,66.1981,4245.08,0.022666,21.480921
147.500,28.0632,150.0000,66.4375,66.1953,4242.71,0.022628,21.480921
147.600,28.0632,150.0000,66.4375,66.1925,4240.49,0.022593,21.480921
147.700,28.0632,150.0000,66.3750,66.1897,4238.42,0.022560,21.480921
147.800,28.0632,150.0000,66.3125,66.1870,4236.49,0.022529,21.480921
147.900,28.0632,150.0000,66.3750,66.1842,4234.69,0.022501,21.480921
148.000,28.2129,150.0000,66.3125,66.1815,4234.51,0.022498,21.630614
148.100,28.2129,150.0000,66.3750,66.1788,4234.34,0.022495,21.630614
148.200,28.2129,150.0000,66.3750,66.1761,4234.18,0.022492,21.630614
148.300,28.2129,150.0000,66.3750,66.1734,4234.03,0.022490,21.630614
148.400,28.2129,150.0000,66.3125,66.1707,4233.89,0.022488,21.630614
148.500,28.2129,150.0000,66.3750,66.1680,4233.76,0.022486,21.630614
148.600,28.2129,150.0000,66.3125,66.1653,4233.64,0.022484,21.630614
148.700,28.2129,150.0000,66.2500,66.1626,4233.52,0.022482,21.630614
148.800,28.2129,150.0000,66.3125,66.1599,4233.42,0.022480,21.630614
148.900,28.2129,150.0000,66.3750,66.1573,4233.32,0.022479,21.630614
149.000,28.3626,150.0000,66.2500,66.1546,4234.72,0.022501,21.780306
149.100,28.3626,150.0000,66.3750,66.1519,4236.04,0.022522,21.780306
149.200,28.3626,150.0000,66.2500,66.1493,4237.26,0.022541,21.780306
149.300,28.3626,150.0000,66.2500,66.1466,4238.40,0.022560,21.780306
149.400,28.3626,150.0000,66.3125,66.1439,4239.47,0.022577,21.780306
149.500,28.3626,150.0000,66.3125,66.1413,4240.46,0.022593,21.780306
149.600,28.3626,150.0000,66.3125,66.1386,4241.39,0.022607,21.780306
149.700,28.3626,150.0000,66.3750,66.1359,4242.26,0.022621,21.780306
149.800,28.3626,150.0000,66.2500,66.1333,4243.07,0.022634,21.780306
149.900,28.3626,150.0000,66.3125,66.1306,4243.82,0.022646,21.780306
150.000,28.2063,150.0000,66.2500,66.1280,4242.96,0.022633,21.923195
150.100,28.2063,150.0000,66.3125,66.1253,4242.16,0.022620,21.923195
150.200,28.2063,150.0000,66.2500,66.1227,4241.41,0.022608,21.923195
150.300,28.2063,150.0000,66.2500,66.1201,4240.72,0.022597,21.923195
150.400,28.2063,150.0000,66.1875,66.1175,4240.06,0.022586,21.923195
150.500,28.2063,150.0000,66.3125,66.1148,4239.46,0.022576,21.923195
150.600,28.2063,150.0000,66.3125,66.1123,4238.89,0.022567,21.923195
150.700,28.2063,150.0000,66.2500,66.1097,4238.36,0.022559,21.923195
150.800,28.2063,150.0000,66.2500,66.1071,4237.86,0.022551,21.923195
150.900,28.2063,150.0000,66.3125,66.1045,4237.40,0.022544,21.923195
151.000,28.3492,150.0000,66.2500,66.1019,4238.40,0.022560,22.066084
151.100,28.3492,150.0000,66.3125,66.0994,4239.33,0.022575,22.066084
151.200,28.3492,150.0000,66.1875,66.0968,4240.20,0.022588,22.066084
151.300,28.3492,150.0000,66.3750,66.0942,4241.01,0.022601,22.066084
151.400,28.3492,150.0000,66.3125,66.0917,4241.77,0.022614,22.066084
151.500,28.3492,150.0000,66.1250,66.0891,4242.48,0.022625,22.066084
151.600,28.3492,150.0000,66.2500,66.0866,4243.14,0.022635,22.066084
151.700,28.3492,150.0000,66.1875,66.0840,4243.75,0.022645,22.066084
151.800,28.3492,150.0000,66.1875,66.0814,4244.33,0.022654,22.066084
151.900,28.3492,150.0000,66.2500,66.0789,4244.87,0.022663,22.066084
152.000,28.1861,150.0000,66.1875,66.0764,4243.74,0.022645,22.202168
152.100,28.1861,150.0000,66.1875,66.0738,4242.68,0.022628,22.202168
152.200,28.1861,150.0000,66.1250,66.0713,4241.70,0.022612,22.202168
152.300,28.1861,150.0000,66.2500,66.0688,4240.78,0.022598,22.202168
152.400,28.1861,150.0000,66.2500,66.0663,4239.92,0.022584,22.202168
152.500,28.1861,150.0000,66.2500,66.0638,4239.12,0.022571,22.202168
152.600,28.1861,150.0000,66.1875,66.0613,4238.37,0.022559,22.202168
152.700,28.1861,150.0000,66.1875,66.0589,4237.67,0.022548,22.202168
152.800,28.1861,150.0000,66.2500,66.0564,4237.02,0.022538,22.202168
152.900,28.1861,150.0000,66.1875,66.0539,4236.42,0.022528,22.202168
153.000,28.0162,150.0000,66.1875,66.0515,4234.15,0.022492,22.331448
153.100,28.0162,150.0000,66.2500,66.0491,4232.03,0.022458,22.331448
153.200,28.0162,150.0000,66.2500,66.0467,4230.06,0.022427,22.331448
153.300,28.0162,150.0000,66.2500,66.0443,4228.22,0.022397,22.331448
153.400,28.0162,150.0000,66.2500,66.0419,4226.50,0.022370,22.331448
153.500,28.0162,150.0000,66.3125,66.0396,4224.89,0.022345,22.331448
153.600,28.0162,150.0000,66.1875,66.0372,4223.40,0.022321,22.331448
153.700,28.0162,150.0000,66.1250,66.0349,4222.00,0.022299,22.331448
153.800,28.0162,150.0000,66.0625,66.0326,4220.69,0.022278,22.331448
153.900,28.0162,150.0000,66.2500,66.0303,4219.47,0.022259,22.331448
154.000,28.4514,150.0000,66.1875,66.0279,4222.69,0.022310,22.467533
154.100,28.4514,150.0000,66.1875,66.0256,4225.69,0.022357,22.467533
154.200,28.4514,150.0000,66.1875,66.0233,4228.49,0.022402,22.467533
154.300,28.4514,150.0000,66.1875,66.0209,4231.11,0.022443,22.467533
154.400,28.4514,150.0000,66.1250,66.0186,4233.55,0.022482,22.467533
154.500,28.4514,150.0000,66.1875,66.0162,4235.83,0.022519,22.467533
154.600,28.4514,150.0000,66.1875,66.0138,4237.95,0.022552,22.467533
154.700,28.4514,150.0000,66.2500,66.0114,4239.94,0.022584,22.467533
154.800,28.4514,150.0000,66.0625,66.0091,4241.79,0.022614,22.467533
154.900,28.4514,150.0000,66.1875,66.0067,4243.52,0.022641,22.467533
155.000,28.2815,150.0000,66.1250,66.0043,4243.43,0.022640,22.596813
155.100,28.2815,150.0000,66.1250,66.0019,4243.35,0.022639,22.596813
155.200,28.2815,150.0000,66.1250,65.9996,4243.28,0.022638,22.596813
155.300,28.2815,150.0000,66.1875,65.9972,4243.21,0.022636,22.596813
155.400,28.2815,150.0000,66.1875,65.9948,4243.14,0.022635,22.596813
155.500,28.2815,150.0000,66.1250,65.9925,4243.08,0.022634,22.596813
155.600,28.2815,150.0000,66.1875,65.9901,4243.02,0.022634,22.596813
155.700,28.2815,150.0000,66.1250,65.9878,4242.97,0.022633,22.596813
155.800,28.2815,150.0000,66.1250,65.9855,4242.92,0.022632,22.596813
155.900,28.2815,150.0000,66.1250,65.9831,4242.87,0.022631,22.596813
156.000,28.1048,150.0000,66.0625,65.9808,4241.06,0.022602,22.719289
156.100,28.1048,150.0000,66.1875,65.9785,4239.37,0.022575,22.719289
156.200,28.1048,150.0000,66.1875,65.9762,4237.80,0.022550,22.719289
156.300,28.1048,150.0000,66.0625,65.9740,4236.33,0.022527,22.719289
156.400,28.1048,150.0000,66.0000,65.9717,4234.95,0.022505,22.719289
156.500,28.1048,150.0000,66.1250,65.9695,4233.67,0.022484,22.719289
156.600,28.1048,150.0000,66.1250,65.9672,4232.47,0.022465,22.719289
156.700,28.1048,150.0000,66.0625,65.9650,4231.36,0.022447,22.719289
156.800,28.1048,150.0000,66.1875,65.9628,4230.31,0.022431,22.719289
156.900,28.1048,150.0000,65.9375,65.9606,4229.34,0.022415,22.719289
157.000,27.3093,150.0000,66.1250,65.9584,4220.48,0.022275,22.821352
157.100,27.3093,150.0000,66.0000,65.9563,4212.21,0.022144,22.821352
157.200,27.3093,150.0000,66.0625,65.9542,4204.48,0.022022,22.821352
157.300,27.3093,150.0000,66.0625,65.9522,4197.28,0.021909,22.821352
157.400,27.3093,150.0000,66.1250,65.9502,4190.55,0.021804,22.821352
157.500,27.3093,150.0000,66.1250,65.9483,4184.28,0.021706,22.821352
157.600,27.3093,150.0000,66.0625,65.9464,4178.42,0.021615,22.821352
157.700,27.3093,150.0000,66.1250,65.9445,4172.95,0.021531,22.821352
157.800,27.3093,150.0000,66.0625,65.9427,4167.84,0.021452,22.821352
157.900,27.3093,150.0000,66.0625,65.9409,4163.08,0.021378,22.821352
158.000,28.0233,150.0000,66.0000,65.9390,4165.78,0.021420,22.937024
158.100,28.0233,150.0000,66.0625,65.9372,4168.29,0.021459,22.937024
158.200,28.0233,150.0000,66.0000,65.9354,4170.64,0.021495,22.937024
158.300,28.0233,150.0000,66.0000,65.9335,4172.83,0.021529,22.937024
158.400,28.0233,150.0000,66.0625,65.9317,4174.87,0.021560,22.937024
158.500,28.0233,150.0000,66.0000,65.9298,4176.78,0.021590,22.937024
158.600,28.0233,150.0000,66.1875,65.9279,4178.56,0.021618,22.937024
158.700,28.0233,150.0000,66.0000,65.9261,4180.23,0.021643,22.937024
158.800,28.0233,150.0000,66.0000,65.9242,4181.78,0.021668,22.937024
158.900,28.0233,150.0000,66.0625,65.9223,4183.23,0.021690,22.937024
159.000,28.1390,150.0000,66.0000,65.9204,4185.73,0.021729,23.052696
159.100,28.1390,150.0000,66.0625,65.9185,4188.08,0.021766,23.052696
159.200,28.1390,150.0000,66.0625,65.9166,4190.26,0.021800,23.052696
159.300,28.1390,150.0000,66.0000,65.9147,4192.30,0.021831,23.052696
159.400,28.1390,150.0000,66.0625,65.9128,4194.20,0.021861,23.052696
159.500,28.1390,150.0000,66.0000,65.9109,4195.98,0.021889,23.052696
159.600,28.1390,150.0000,66.1250,65.9090,4197.64,0.021915,23.052696
159.700,28.1390,150.0000,66.0625,65.9070,4199.19,0.021939,23.052696
159.800,28.1390,150.0000,66.0000,65.9051,4200.63,0.021962,23.052696
159.900,28.1390,150.0000,66.0000,65.9032,4201.98,0.021983,23.052696
160.000,27.9487,150.0000,66.1250,65.9012,4201.33,0.021973,23.161563
160.100,27.9487,150.0000,66.0000,65.8993,4200.73,0.021963,23.161563
160.200,27.9487,150.0000,66.0625,65.8974,4200.17,0.021955,23.161563
160.300,27.9487,150.0000,66.0625,65.8955,4199.64,0.021946,23.161563
160.400,27.9487,150.0000,66.0000,65.8936,4199.16,0.021939,23.161563
160.500,27.9487,150.0000,65.9375,65.8917,4198.70,0.021932,23.161563
160.600,27.9487,150.0000,66.0625,65.8898,4198.27,0.021925,23.161563
160.700,27.9487,150.0000,66.0000,65.8879,4197.87,0.021919,23.161563
160.800,27.9487,150.0000,66.0000,65.8861,4197.50,0.021913,23.161563
160.900,27.9487,150.0000,66.1250,65.8842,4197.16,0.021907,23.161563
161.000,28.6696,150.0000,66.0000,65.8823,4204.04,0.022015,23.284039
161.100,28.6696,150.0000,66.0000,65.8804,4210.47,0.022117,23.284039
161.200,28.6696,150.0000,66.0000,65.8784,4216.47,0.022211,23.284039
161.300,28.6696,150.0000,66.0625,65.8764,4222.06,0.022300,23.284039
161.400,28.6696,150.0000,66.0000,65.8744,4227.29,0.022383,23.284039
161.500,28.6696,150.0000,66.0000,65.8724,4232.16,0.022460,23.284039
161.600,28.6696,150.0000,66.0000,65.8704,4236.72,0.022533,23.284039
161.700,28.6696,150.0000,66.0625,65.8683,4240.96,0.022601,23.284039
161.800,28.6696,150.0000,66.0000,65.8662,4244.93,0.022664,23.284039
161.900,28.6696,150.0000,66.0000,65.8641,4248.63,0.022723,23.284039
162.000,28.1800,150.0000,65.9375,65.8621,4247.19,0.022700,23.392906
162.100,28.1800,150.0000,65.8750,65.8600,4245.84,0.022679,23.392906
162.200,28.1800,150.0000,65.9375,65.8579,4244.59,0.022659,23.392906
162.300,28.1800,150.0000,65.9375,65.8559,4243.41,0.022640,23.392906
162.400,28.1800,150.0000,66.0000,65.8538,4242.32,0.022622,23.392906
162.500,28.1800,150.0000,66.0000,65.8518,4241.30,0.022606,23.392906
162.600,28.1800,150.0000,66.0000,65.8498,4240.35,0.022591,23.392906
162.700,28.1800,150.0000,65.8750,65.8478,4239.46,0.022576,23.392906
162.800,28.1800,150.0000,65.9375,65.8458,4238.63,0.022563,23.392906
162.900,28.1800,150.0000,66.0000,65.8438,4237.85,0.022551,23.392906
163.000,28.2889,150.0000,66.0000,65.8418,4238.22,0.022557,23.501774
163.100,28.2889,150.0000,65.9375,65.8398,4238.56,0.022562,23.501774
163.200,28.2889,150.0000,66.0000,65.8378,4238.88,0.022567,23.501774
163.300,28.2889,150.0000,66.0000,65.8358,4239.17,0.022572,23.501774
163.400,28.2889,150.0000,66.0000,65.8339,4239.45,0.022576,23.501774
163.500,28.2889,150.0000,65.9375,65.8319,4239.71,0.022581,23.501774
163.600,28.2889,150.0000,65.9375,65.8299,4239.95,0.022584,23.501774
163.700,28.2889,150.0000,65.9375,65.8280,4240.18,0.022588,23.501774
163.800,28.2889,150.0000,66.0000,65.8260,4240.39,0.022591,23.501774
163.900,28.2889,150.0000,65.9375,65.8240,4240.58,0.022595,23.501774
164.000,28.0918,150.0000,65.9375,65.8221,4238.80,0.022566,23.603837
164.100,28.0918,150.0000,65.8125,65.8201,4237.13,0.022539,23.603837
164.200,28.0918,150.0000,65.9375,65.8182,4235.57,0.022514,23.603837
164.300,28.0918,150.0000,65.9375,65.8163,4234.12,0.022491,23.603837
164.400,28.0918,150.0000,65.8750,65.8144,4232.76,0.022470,23.603837
164.500,28.0918,150.0000,66.0000,65.8125,4231.49,0.022450,23.603837
164.600,28.0918,150.0000,65.8750,65.8106,4230.31,0.022431,23.603837
164.700,28.0918,150.0000,65.9375,65.8088,4229.21,0.022413,23.603837
164.800,28.0918,150.0000,65.8125,65.8069,4228.18,0.022397,23.603837
164.900,28.0918,150.0000,65.9375,65.8051,4227.22,0.022382,23.603837
165.000,28.1938,150.0000,66.0000,65.8032,4227.34,0.022384,23.705901
165.100,28.1938,150.0000,65.9375,65.8014,4227.46,0.022385,23.705901
165.200,28.1938,150.0000,65.8750,65.7995,4227.56,0.022387,23.705901
165.300,28.1938,150.0000,65.8750,65.7977,4227.67,0.022389,23.705901
165.400,28.1938,150.0000,65.8125,65.7959,4227.76,0.022390,23.705901
165.500,28.1938,150.0000,65.9375,65.7940,4227.85,0.022392,23.705901
165.600,28.1938,150.0000,65.9375,65.7922,4227.93,0.022393,23.705901
165.700,28.1938,150.0000,65.8750,65.7904,4228.01,0.022394,23.705901
165.800,28.1938,150.0000,66.0000,65.7886,4228.08,0.022395,23.705901
165.900,28.1938,150.0000,65.9375,65.7868,4228.14,0.022396,23.705901
166.000,28.2959,150.0000,65.8750,65.7850,4229.23,0.022413,23.807964
166.100,28.2959,150.0000,65.8750,65.7831,4230.24,0.022430,23.807964
166.200,28.2959,150.0000,65.8750,65.7813,4231.18,0.022445,23.807964
166.300,28.2959,150.0000,65.9375,65.7795,4232.06,0.022459,23.807964
166.400,28.2959,150.0000,65.8750,65.7777,4232.88,0.022472,23.807964
166.500,28.2959,150.0000,65.8750,65.7759,4233.65,0.022484,23.807964
166.600,28.2959,150.0000,66.0000,65.7740,4234.36,0.022495,23.807964
166.700,28.2959,150.0000,65.8125,65.7722,4235.03,0.022506,23.807964
166.800,28.2959,150.0000,65.8750,65.7704,4235.66,0.022516,23.807964
166.900,28.2959,150.0000,65.9375,65.7686,4236.24,0.022525,23.807964
167.000,28.3980,150.0000,65.8750,65.7668,4237.80,0.022550,23.910027
167.100,28.3980,150.0000,65.8750,65.7649,4239.26,0.022573,23.910027
167.200,28.3980,150.0000,65.9375,65.7631,4240.62,0.022595,23.910027
167.300,28.3980,150.0000,65.8750,65.7613,4241.89,0.022615,23.910027
167.400,28.3980,150.0000,65.9375,65.7595,4243.08,0.022634,23.910027
167.500,28.3980,150.0000,65.8750,65.7576,4244.19,0.022652,23.910027
167.600,28.3980,150.0000,65.8125,65.7558,4245.22,0.022669,23.910027
167.700,28.3980,150.0000,65.8750,65.7540,4246.19,0.022684,23.910027
167.800,28.3980,150.0000,65.9375,65.7521,4247.09,0.022699,23.910027
167.900,28.3980,150.0000,65.8125,65.7503,4247.93,0.022712,23.910027
168.000,27.8880,150.0000,65.8750,65.7485,4243.61,0.022643,23.998482
168.100,27.8880,150.0000,65.9375,65.7467,4239.59,0.022579,23.998482
168.200,27.8880,150.0000,65.7500,65.7449,4235.83,0.022519,23.998482
168.300,27.8880,150.0000,65.8750,65.7432,4232.32,0.022463,23.998482
168.400,27.8880,150.0000,65.8750,65.7415,4229.04,0.022411,23.998482
168.500,27.8880,150.0000,65.9375,65.7398,4225.99,0.022362,23.998482
168.600,27.8880,150.0000,65.8750,65.7381,4223.14,0.022317,23.998482
168.700,27.8880,150.0000,65.8125,65.7364,4220.47,0.022275,23.998482
168.800,27.8880,150.0000,65.8750,65.7348,4217.99,0.022235,23.998482
168.900,27.8880,150.0000,65.8125,65.7332,4215.67,0.022199,23.998482
169.000,27.9765,150.0000,65.8750,65.7315,4214.39,0.022178,24.086937
169.100,27.9765,150.0000,65.8750,65.7299,4213.19,0.022160,24.086937
169.200,27.9765,150.0000,65.8125,65.7283,4212.08,0.022142,24.086937
169.300,27.9765,150.0000,65.7500,65.7267,4211.04,0.022126,24.086937
169.400,27.9765,150.0000,65.8125,65.7252,4210.07,0.022110,24.086937
169.500,27.9765,150.0000,65.8750,65.7236,4209.16,0.022096,24.086937
169.600,27.9765,150.0000,65.8125,65.7220,4208.32,0.022083,24.086937
169.700,27.9765,150.0000,65.8750,65.7205,4207.53,0.022070,24.086937
169.800,27.9765,150.0000,65.7500,65.7189,4206.79,0.022059,24.086937
169.900,27.9765,150.0000,65.8750,65.7174,4206.10,0.022048,24.086937
170.000,28.3709,150.0000,65.8750,65.7158,4209.40,0.022100,24.182196
170.100,28.3709,150.0000,65.7500,65.7143,4212.49,0.022148,24.182196
170.200,28.3709,150.0000,65.7500,65.7127,4215.36,0.022194,24.182196
170.300,28.3709,150.0000,65.8125,65.7111,4218.05,0.022236,24.182196
170.400,28.3709,150.0000,65.7500,65.7095,4220.55,0.022276,24.182196
170.500,28.3709,150.0000,65.8750,65.7079,4222.89,0.022313,24.182196
170.600,28.3709,150.0000,65.7500,65.7063,4225.08,0.022348,24.182196
170.700,28.3709,150.0000,65.7500,65.7046,4227.11,0.022380,24.182196
170.800,28.3709,150.0000,65.8125,65.7030,4229.02,0.022410,24.182196
170.900,28.3709,150.0000,65.7500,65.7014,4230.79,0.022438,24.182196
171.000,27.8542,150.0000,65.7500,65.6997,4227.28,0.022383,24.263847
171.100,27.8542,150.0000,65.7500,65.6981,4224.00,0.022331,24.263847
171.200,27.8542,150.0000,65.7500,65.6966,4220.94,0.022282,24.263847
171.300,27.8542,150.0000,65.7500,65.6950,4218.09,0.022237,24.263847
171.400,27.8542,150.0000,65.8750,65.6935,4215.43,0.022195,24.263847
171.500,27.8542,150.0000,65.8125,65.6920,4212.94,0.022156,24.263847
171.600,27.8542,150.0000,65.8125,65.6904,4210.62,0.022119,24.263847
171.700,27.8542,150.0000,65.8125,65.6890,4208.45,0.022085,24.263847
171.800,27.8542,150.0000,65.8750,65.6875,4206.43,0.022053,24.263847
171.900,27.8542,150.0000,65.8750,65.6860,4204.54,0.022023,24.263847
172.000,28.5478,150.0000,65.8125,65.6845,4209.72,0.022105,24.359106
172.100,28.5478,150.0000,65.7500,65.6830,4214.55,0.022181,24.359106
172.200,28.5478,150.0000,65.7500,65.6815,4219.06,0.022252,24.359106
172.300,28.5478,150.0000,65.8125,65.6799,4223.27,0.022319,24.359106
172.400,28.5478,150.0000,65.6875,65.6784,4227.19,0.022381,24.359106
172.500,28.5478,150.0000,65.8125,65.6768,4230.86,0.022439,24.359106
172.600,28.5478,150.0000,65.8125,65.6752,4234.28,0.022494,24.359106
172.700,28.5478,150.0000,65.8125,65.6736,4237.47,0.022545,24.359106
172.800,28.5478,150.0000,65.7500,65.6720,4240.45,0.022592,24.359106
172.900,28.5478,150.0000,65.8125,65.6703,4243.23,0.022637,24.359106
173.000,28.3371,150.0000,65.7500,65.6687,4243.72,0.022645,24.447561
173.100,28.3371,150.0000,65.6875,65.6671,4244.18,0.022652,24.447561
173.200,28.3371,150.0000,65.6875,65.6654,4244.61,0.022659,24.447561
173.300,28.3371,150.0000,65.7500,65.6638,4245.00,0.022665,24.447561
173.400,28.3371,150.0000,65.7500,65.6622,4245.37,0.022671,24.447561
173.500,28.3371,150.0000,65.8125,65.6605,4245.72,0.022677,24.447561
173.600,28.3371,150.0000,65.6875,65.6589,4246.04,0.022682,24.447561
173.700,28.3371,150.0000,65.6250,65.6573,4246.34,0.022687,24.447561
173.800,28.3371,150.0000,65.6875,65.6557,4246.63,0.022691,24.447561
173.900,28.3371,150.0000,65.8125,65.6541,4246.89,0.022695,24.447561
174.000,28.4256,150.0000,65.7500,65.6524,4248.02,0.022714,24.536015
174.100,28.4256,150.0000,65.7500,65.6508,4249.07,0.022730,24.536015
174.200,28.4256,150.0000,65.8125,65.6492,4250.06,0.022746,24.536015
174.300,28.4256,150.0000,65.8125,65.6476,4250.97,0.022761,24.536015
174.400,28.4256,150.0000,65.7500,65.6460,4251.83,0.022775,24.536015
174.500,28.4256,150.0000,65.7500,65.6443,4252.63,0.022788,24.536015
174.600,28.4256,150.0000,65.8125,65.6427,4253.38,0.022800,24.536015
174.700,28.4256,150.0000,65.8125,65.6411,4254.08,0.022811,24.536015
174.800,28.4256,150.0000,65.7500,65.6394,4254.73,0.022821,24.536015
174.900,28.4256,150.0000,65.7500,65.6378,4255.33,0.022831,24.536015
175.000,28.2080,150.0000,65.6875,65.6362,4253.72,0.022805,24.617666
175.100,28.2080,150.0000,65.7500,65.6346,4252.22,0.022781,24.617666
175.200,28.2080,150.0000,65.8125,65.6330,4250.82,0.022759,24.617666
175.300,28.2080,150.0000,65.6875,65.6314,4249.51,0.022738,24.617666
175.400,28.2080,150.0000,65.7500,65.6299,4248.29,0.022718,24.617666
175.500,28.2080,150.0000,65.7500,65.6283,4247.15,0.022700,24.617666
175.600,28.2080,150.0000,65.7500,65.6268,4246.09,0.022683,24.617666
175.700,28.2080,150.0000,65.6875,65.6252,4245.10,0.022667,24.617666
175.800,28.2080,150.0000,65.6250,65.6237,4244.17,0.022652,24.617666
175.900,28.2080,150.0000,65.7500,65.6221,4243.31,0.022638,24.617666
176.000,28.2897,150.0000,65.6875,65.6206,4243.32,0.022638,24.699317
176.100,28.2897,150.0000,65.6875,65.6191,4243.32,0.022638,24.699317
176.200,28.2897,150.0000,65.7500,65.6176,4243.33,0.022638,24.699317
176.300,28.2897,150.0000,65.6875,65.6161,4243.34,0.022639,24.699317
176.400,28.2897,150.0000,65.7500,65.6146,4243.35,0.022639,24.699317
176.500,28.2897,150.0000,65.7500,65.6131,4243.35,0.022639,24.699317
176.600,28.2897,150.0000,65.6875,65.6116,4243.36,0.022639,24.699317
176.700,28.2897,150.0000,65.7500,65.6101,4243.37,0.022639,24.699317
176.800,28.2897,150.0000,65.6250,65.6086,4243.37,0.022639,24.699317
176.900,28.2897,150.0000,65.6875,65.6071,4243.38,0.022639,24.699317
177.000,28.0653,150.0000,65.7500,65.6056,4241.14,0.022603,24.774163
177.100,28.0653,150.0000,65.6875,65.6041,4239.05,0.022570,24.774163
177.200,28.0653,150.0000,65.6875,65.6027,4237.10,0.022539,24.774163
177.300,28.0653,150.0000,65.6875,65.6012,4235.28,0.022510,24.774163
177.400,28.0653,150.0000,65.6250,65.5998,4233.58,0.022483,24.774163
177.500,28.0653,150.0000,65.6250,65.5984,4231.99,0.022458,24.774163
177.600,28.0653,150.0000,65.6875,65.5970,4230.51,0.022434,24.774163
177.700,28.0653,150.0000,65.5000,65.5956,4229.13,0.022412,24.774163
177.800,28.0653,150.0000,65.7500,65.5942,4227.84,0.022391,24.774163
177.900,28.0653,150.0000,65.6875,65.5928,4226.64,0.022372,24.774163
178.000,28.1402,150.0000,65.6875,65.5915,4226.27,0.022366,24.849009
178.100,28.1402,150.0000,65.5000,65.5901,4225.92,0.022361,24.849009
178.200,28.1402,150.0000,65.7500,65.5887,4225.59,0.022356,24.849009
178.300,28.1402,150.0000,65.6875,65.5874,4225.29,0.022351,24.849009
178.400,28.1402,150.0000,65.6875,65.5860,4225.00,0.022346,24.849009
178.500,28.1402,150.0000,65.6875,65.5847,4224.74,0.022342,24.849009
178.600,28.1402,150.0000,65.6250,65.5834,4224.49,0.022338,24.849009
178.700,28.1402,150.0000,65.6250,65.5820,4224.26,0.022335,24.849009
178.800,28.1402,150.0000,65.7500,65.5807,4224.04,0.022331,24.849009
178.900,28.1402,150.0000,65.6250,65.5794,4223.84,0.022328,24.849009
179.000,27.9090,150.0000,65.5625,65.5780,4221.34,0.022288,24.917052
179.100,27.9090,150.0000,65.6250,65.5767,4219.01,0.022251,24.917052
179.200,27.9090,150.0000,65.6250,65.5755,4216.83,0.022217,24.917052
179.300,27.9090,150.0000,65.6875,65.5742,4214.80,0.022185,24.917052
179.400,27.9090,150.0000,65.6875,65.5729,4212.90,0.022155,24.917052
179.500,27.9090,150.0000,65.6875,65.5717,4211.13,0.022127,24.917052
179.600,27.9090,150.0000,65.7500,65.5705,4209.48,0.022101,24.917052
179.700,27.9090,150.0000,65.5625,65.5692,4207.94,0.022077,24.917052
179.800,27.9090,150.0000,65.6250,65.5680,4206.50,0.022054,24.917052
179.900,27.9090,150.0000,65.6875,65.5668,4205.16,0.022033,24.917052
180.000,28.2830,150.0000,65.6875,65.5656,4207.64,0.022072,24.991898
180.100,28.2830,150.0000,65.6250,65.5644,4209.96,0.022109,24.991898
180.200,28.2830,150.0000,65.6250,65.5632,4212.13,0.022143,24.991898
180.300,28.2830,150.0000,65.6875,65.5619,4214.15,0.022175,24.991898
180.400,28.2830,150.0000,65.6875,65.5607,4216.04,0.022204,24.991898
180.500,28.2830,150.0000,65.6250,65.5594,4217.80,0.022232,24.991898
180.600,28.2830,150.0000,65.6250,65.5582,4219.44,0.022258,24.991898
180.700,28.2830,150.0000,65.6250,65.5569,4220.98,0.022283,24.991898
180.800,28.2830,150.0000,65.6250,65.5556,4222.41,0.022305,24.991898
180.900,28.2830,150.0000,65.6875,65.5544,4223.75,0.022326,24.991898
181.000,28.3579,150.0000,65.6250,65.5531,4225.74,0.022358,25.066744
181.100,28.3579,150.0000,65.6875,65.5518,4227.60,0.022388,25.066744
181.200,28.3579,150.0000,65.6875,65.5505,4229.34,0.022415,25.066744
181.300,28.3579,150.0000,65.6250,65.5492,4230.97,0.022441,25.066744
181.400,28.3579,150.0000,65.6250,65.5479,4232.48,0.022465,25.066744
181.500,28.3579,150.0000,65.7500,65.5466,4233.89,0.022488,25.066744
181.600,28.3579,150.0000,65.6250,65.5453,4235.21,0.022509,25.066744
181.700,28.3579,150.0000,65.7500,65.5439,4236.44,0.022528,25.066744
181.800,28.3579,150.0000,65.6250,65.5426,4237.59,0.022547,25.066744
181.900,28.3579,150.0000,65.6250,65.5413,4238.67,0.022564,25.066744
182.000,28.1267,150.0000,65.5625,65.5400,4237.36,0.022543,25.134787
182.100,28.1267,150.0000,65.6875,65.5387,4236.13,0.022523,25.134787
182.200,28.1267,150.0000,65.6875,65.5374,4234.99,0.022505,25.134787
182.300,28.1267,150.0000,65.6250,65.5361,4233.93,0.022488,25.134787
182.400,28.1267,150.0000,65.5625,65.5348,4232.93,0.022472,25.134787
182.500,28.1267,150.0000,65.5625,65.5336,4232.00,0.022458,25.134787
182.600,28.1267,150.0000,65.6250,65.5323,4231.14,0.022444,25.134787
182.700,28.1267,150.0000,65.6250,65.5310,4230.33,0.022431,25.134787
182.800,28.1267,150.0000,65.6875,65.5298,4229.57,0.022419,25.134787
182.900,28.1267,150.0000,65.5625,65.5286,4228.87,0.022408,25.134787
183.000,27.8888,150.0000,65.6250,65.5273,4225.83,0.022360,25.196025
183.100,27.8888,150.0000,65.5625,65.5261,4223.00,0.022315,25.196025
183.200,27.8888,150.0000,65.5625,65.5249,4220.35,0.022273,25.196025
183.300,27.8888,150.0000,65.5625,65.5238,4217.88,0.022234,25.196025
183.400,27.8888,150.0000,65.5000,65.5226,4215.58,0.022197,25.196025
183.500,27.8888,150.0000,65.6250,65.5215,4213.43,0.022163,25.196025
183.600,27.8888,150.0000,65.5625,65.5203,4211.42,0.022132,25.196025
183.700,27.8888,150.0000,65.5625,65.5192,4209.55,0.022102,25.196025
183.800,27.8888,150.0000,65.5625,65.5181,4207.80,0.022075,25.196025
183.900,27.8888,150.0000,65.5625,65.5170,4206.17,0.022049,25.196025
184.000,27.9500,150.0000,65.5000,65.5159,4205.26,0.022035,25.257263
184.100,27.9500,150.0000,65.8125,65.5148,4204.41,0.022021,25.257263
184.200,27.9500,150.0000,65.6250,65.5138,4203.61,0.022009,25.257263
184.300,27.9500,150.0000,65.5625,65.5127,4202.87,0.021997,25.257263
184.400,27.9500,150.0000,65.6250,65.5116,4202.18,0.021986,25.257263
184.500,27.9500,150.0000,65.5625,65.5106,4201.54,0.021976,25.257263
184.600,27.9500,150.0000,65.6250,65.5095,4200.93,0.021967,25.257263
184.700,27.9500,150.0000,65.6250,65.5085,4200.37,0.021958,25.257263
184.800,27.9500,150.0000,65.5625,65.5074,4199.85,0.021950,25.257263
184.900,27.9500,150.0000,65.5625,65.5064,4199.36,0.021942,25.257263
185.000,28.0113,150.0000,65.6250,65.5053,4199.51,0.021944,25.318501
185.100,28.0113,150.0000,65.5625,65.5043,4199.66,0.021947,25.318501
185.200,28.0113,150.0000,65.5625,65.5033,4199.79,0.021949,25.318501
185.300,28.0113,150.0000,65.5625,65.5022,4199.92,0.021951,25.318501
185.400,28.0113,150.0000,65.6250,65.5012,4200.04,0.021953,25.318501
185.500,28.0113,150.0000,65.5625,65.5002,4200.15,0.021954,25.318501
185.600,28.0113,150.0000,65.5000,65.4992,4200.25,0.021956,25.318501
185.700,28.0113,150.0000,65.5625,65.4981,4200.35,0.021957,25.318501
185.800,28.0113,150.0000,65.5625,65.4971,4200.44,0.021959,25.318501
185.900,28.0113,150.0000,65.5625,65.4961,4200.52,0.021960,25.318501
186.000,28.0725,150.0000,65.4375,65.4951,4201.21,0.021971,25.379739
186.100,28.0725,150.0000,65.6875,65.4941,4201.85,0.021981,25.379739
186.200,28.0725,150.0000,65.6250,65.4930,4202.46,0.021991,25.379739
186.300,28.0725,150.0000,65.5625,65.4920,4203.02,0.021999,25.379739
186.400,28.0725,150.0000,65.6250,65.4910,4203.54,0.022008,25.379739
186.500,28.0725,150.0000,65.6250,65.4900,4204.03,0.022015,25.379739
186.600,28.0725,150.0000,65.5625,65.4889,4204.49,0.022022,25.379739
186.700,28.0725,150.0000,65.5000,65.4879,4204.91,0.022029,25.379739
186.800,28.0725,150.0000,65.6250,65.4869,4205.31,0.022035,25.379739
186.900,28.0725,150.0000,65.5625,65.4859,4205.68,0.022041,25.379739
187.000,28.1337,150.0000,65.5000,65.4848,4206.64,0.022056,25.440977
187.100,28.1337,150.0000,65.5625,65.4838,4207.53,0.022070,25.440977
187.200,28.1337,150.0000,65.5000,65.4828,4208.37,0.022083,25.440977
187.300,28.1337,150.0000,65.5625,65.4817,4209.15,0.022096,25.440977
187.400,28.1337,150.0000,65.5000,65.4807,4209.88,0.022107,25.440977
187.500,28.1337,150.0000,65.5625,65.4797,4210.55,0.022118,25.440977
187.600,28.1337,150.0000,65.5000,65.4786,4211.19,0.022128,25.440977
187.700,28.1337,150.0000,65.5000,65.4776,4211.78,0.022137,25.440977
187.800,28.1337,150.0000,65.5625,65.4765,4212.33,0.022146,25.440977
187.900,28.1337,150.0000,65.6250,65.4755,4212.85,0.022154,25.440977
188.000,28.5010,150.0000,65.5000,65.4744,4217.00,0.022220,25.509019
188.100,28.5010,150.0000,65.5000,65.4734,4220.88,0.022281,25.509019
188.200,28.5010,150.0000,65.5625,65.4723,4224.49,0.022338,25.509019
188.300,28.5010,150.0000,65.5000,65.4712,4227.87,0.022392,25.509019
188.400,28.5010,150.0000,65.4375,65.4700,4231.02,0.022442,25.509019
188.500,28.5010,150.0000,65.5625,65.4689,4233.96,0.022489,25.509019
188.600,28.5010,150.0000,65.5000,65.4678,4236.71,0.022533,25.509019
188.700,28.5010,150.0000,65.4375,65.4666,4239.27,0.022574,25.509019
188.800,28.5010,150.0000,65.5625,65.4654,4241.66,0.022612,25.509019
188.900,28.5010,150.0000,65.5000,65.4643,4243.90,0.022648,25.509019
189.000,27.9570,150.0000,65.5000,65.4631,4240.54,0.022594,25.563452
189.100,27.9570,150.0000,65.4375,65.4620,4237.41,0.022544,25.563452
189.200,27.9570,150.0000,65.5000,65.4608,4234.48,0.022497,25.563452
189.300,27.9570,150.0000,65.5625,65.4597,4231.75,0.022454,25.563452
189.400,27.9570,150.0000,65.5625,65.4586,4229.21,0.022413,25.563452
189.500,27.9570,150.0000,65.5000,65.4576,4226.83,0.022375,25.563452
189.600,27.9570,150.0000,65.3750,65.4565,4224.61,0.022340,25.563452
189.700,27.9570,150.0000,65.5000,65.4555,4222.54,0.022307,25.563452
189.800,27.9570,150.0000,65.5000,65.4544,4220.61,0.022277,25.563452
189.900,27.9570,150.0000,65.5000,65.4534,4218.81,0.022248,25.563452
190.000,28.0114,150.0000,65.5625,65.4524,4217.67,0.022230,25.617886
190.100,28.0114,150.0000,65.4375,65.4514,4216.60,0.022213,25.617886
190.200,28.0114,150.0000,65.5000,65.4504,4215.61,0.022198,25.617886
190.300,28.0114,150.0000,65.4375,65.4494,4214.68,0.022183,25.617886
190.400,28.0114,150.0000,65.6250,65.4484,4213.82,0.022169,25.617886
190.500,28.0114,150.0000,65.5625,65.4474,4213.01,0.022157,25.617886
190.600,28.0114,150.0000,65.5625,65.4465,4212.26,0.022145,25.617886
190.700,28.0114,150.0000,65.5000,65.4455,4211.56,0.022134,25.617886
190.800,28.0114,150.0000,65.5000,65.4445,4210.90,0.022123,25.617886
190.900,28.0114,150.0000,65.5000,65.4436,4210.29,0.022114,25.617886
191.000,28.0659,150.0000,65.3750,65.4426,4210.26,0.022113,25.672320
191.100,28.0659,150.0000,65.5000,65.4417,4210.24,0.022113,25.672320
191.200,28.0659,150.0000,65.4375,65.4407,4210.21,0.022113,25.672320
191.300,28.0659,150.0000,65.6875,65.4398,4210.19,0.022112,25.672320
191.400,28.0659,150.0000,65.5625,65.4388,4210.17,0.022112,25.672320
191.500,28.0659,150.0000,65.3125,65.4379,4210.15,0.022112,25.672320
191.600,28.0659,150.0000,65.5000,65.4370,4210.13,0.022111,25.672320
191.700,28.0659,150.0000,65.5625,65.4360,4210.12,0.022111,25.672320
191.800,28.0659,150.0000,65.5000,65.4351,4210.10,0.022111,25.672320
191.900,28.0659,150.0000,65.4375,65.4342,4210.09,0.022111,25.672320
192.000,27.8143,150.0000,65.4375,65.4332,4207.56,0.022071,25.719950
192.100,27.8143,150.0000,65.5625,65.4323,4205.20,0.022034,25.719950
192.200,27.8143,150.0000,65.4375,65.4314,4202.99,0.021999,25.719950
192.300,27.8143,150.0000,65.4375,65.4306,4200.94,0.021967,25.719950
192.400,27.8143,150.0000,65.5625,65.4297,4199.02,0.021937,25.719950
192.500,27.8143,150.0000,65.5000,65.4288,4197.23,0.021909,25.719950
192.600,27.8143,150.0000,65.5000,65.4280,4195.55,0.021882,25.719950
192.700,27.8143,150.0000,65.5625,65.4272,4193.99,0.021858,25.719950
192.800,27.8143,150.0000,65.5000,65.4264,4192.54,0.021835,25.719950
192.900,27.8143,150.0000,65.3750,65.4255,4191.18,0.021814,25.719950
193.000,27.5559,150.0000,65.4375,65.4247,4187.33,0.021754,25.760775
193.100,27.5559,150.0000,65.5000,65.4240,4183.73,0.021698,25.760775
193.200,27.5559,150.0000,65.4375,65.4232,4180.37,0.021646,25.760775
193.300,27.5559,150.0000,65.5000,65.4225,4177.24,0.021597,25.760775
193.400,27.5559,150.0000,65.5000,65.4218,4174.32,0.021552,25.760775
193.500,27.5559,150.0000,65.5000,65.4211,4171.59,0.021510,25.760775
193.600,27.5559,150.0000,65.4375,65.4204,4169.04,0.021470,25.760775
193.700,27.5559,150.0000,65.5000,65.4197,4166.67,0.021433,25.760775
193.800,27.5559,150.0000,65.5000,65.4191,4164.45,0.021399,25.760775
193.900,27.5559,150.0000,65.4375,65.4184,4162.38,0.021367,25.760775
194.000,27.9028,150.0000,65.4375,65.4178,4163.91,0.021391,25.808404
194.100,27.9028,150.0000,65.4375,65.4171,4165.35,0.021413,25.808404
194.200,27.9028,150.0000,65.3750,65.4164,4166.69,0.021434,25.808404
194.300,27.9028,150.0000,65.5000,65.4158,4167.93,0.021453,25.808404
194.400,27.9028,150.0000,65.5000,65.4151,4169.10,0.021471,25.808404
194.500,27.9028,150.0000,65.3125,65.4144,4170.19,0.021488,25.808404
194.600,27.9028,150.0000,65.5000,65.4137,4171.20,0.021504,25.808404
194.700,27.9028,150.0000,65.4375,65.4131,4172.15,0.021518,25.808404
194.800,27.9028,150.0000,65.4375,65.4124,4173.03,0.021532,25.808404
194.900,27.9028,150.0000,65.5000,65.4117,4173.86,0.021545,25.808404
195.000,28.2564,150.0000,65.4375,65.4110,4178.17,0.021611,25.862838
195.100,28.2564,150.0000,65.4375,65.4102,4182.19,0.021674,25.862838
195.200,28.2564,150.0000,65.5000,65.4095,4185.94,0.021732,25.862838
195.300,28.2564,150.0000,65.4375,65.4087,4189.44,0.021787,25.862838
195.400,28.2564,150.0000,65.5000,65.4079,4192.71,0.021838,25.862838
195.500,28.2564,150.0000,65.3750,65.4071,4195.76,0.021886,25.862838
195.600,28.2564,150.0000,65.4375,65.4063,4198.60,0.021930,25.862838
195.700,28.2564,150.0000,65.5625,65.4055,4201.26,0.021972,25.862838
195.800,28.2564,150.0000,65.5000,65.4047,4203.74,0.022011,25.862838
195.900,28.2564,150.0000,65.4375,65.4038,4206.06,0.022047,25.862838
196.000,28.0048,150.0000,65.4375,65.4030,4205.70,0.022042,25.910468
196.100,28.0048,150.0000,65.5000,65.4021,4205.37,0.022036,25.910468
196.200,28.0048,150.0000,65.4375,65.4013,4205.06,0.022031,25.910468
196.300,28.0048,150.0000,65.4375,65.4005,4204.77,0.022027,25.910468
196.400,28.0048,150.0000,65.5000,65.3997,4204.50,0.022023,25.910468
196.500,28.0048,150.0000,65.5000,65.3988,4204.25,0.022019,25.910468
196.600,28.0048,150.0000,65.4375,65.3980,4204.01,0.022015,25.910468
196.700,28.0048,150.0000,65.3750,65.3972,4203.79,0.022012,25.910468
196.800,28.0048,150.0000,65.4375,65.3964,4203.59,0.022008,25.910468
196.900,28.0048,150.0000,65.4375,65.3956,4203.40,0.022005,25.910468
197.000,28.0525,150.0000,65.4375,65.3948,4203.70,0.022010,25.958097
197.100,28.0525,150.0000,65.4375,65.3939,4203.98,0.022014,25.958097
197.200,28.0525,150.0000,65.3750,65.3931,4204.23,0.022018,25.958097
197.300,28.0525,150.0000,65.3750,65.3923,4204.48,0.022022,25.958097
197.400,28.0525,150.0000,65.4375,65.3915,4204.70,0.022026,25.958097
197.500,28.0525,150.0000,65.4375,65.3907,4204.91,0.022029,25.958097
197.600,28.0525,150.0000,65.5000,65.3899,4205.11,0.022032,25.958097
197.700,28.0525,150.0000,65.5000,65.3891,4205.30,0.022035,25.958097
197.800,28.0525,150.0000,65.4375,65.3883,4205.47,0.022038,25.958097
197.900,28.0525,150.0000,65.5000,65.3875,4205.63,0.022040,25.958097
198.000,28.4061,150.0000,65.5625,65.3867,4209.31,0.022098,26.012531
198.100,28.4061,150.0000,65.5000,65.3858,4212.75,0.022153,26.012531
198.200,28.4061,150.0000,65.5625,65.3850,4215.96,0.022203,26.012531
198.300,28.4061,150.0000,65.4375,65.3841,4218.96,0.022251,26.012531
198.400,28.4061,150.0000,65.3750,65.3832,4221.76,0.022295,26.012531
198.500,28.4061,150.0000,65.3750,65.3823,4224.37,0.022336,26.012531
198.600,28.4061,150.0000,65.5000,65.3814,4226.80,0.022375,26.012531
198.700,28.4061,150.0000,65.3750,65.3805,4229.08,0.022411,26.012531
198.800,28.4061,150.0000,65.3125,65.3796,4231.20,0.022445,26.012531
198.900,28.4061,150.0000,65.3750,65.3786,4233.18,0.022476,26.012531
199.000,27.8485,150.0000,65.3750,65.3777,4229.45,0.022417,26.053356
199.100,27.8485,150.0000,65.5000,65.3768,4225.98,0.022362,26.053356
199.200,27.8485,150.0000,65.4375,65.3760,4222.73,0.022310,26.053356
199.300,27.8485,150.0000,65.3750,65.3751,4219.70,0.022262,26.053356
199.400,27.8485,150.0000,65.4375,65.3743,4216.87,0.022218,26.053356
199.500,27.8485,150.0000,65.4375,65.3735,4214.23,0.022176,26.053356
199.600,27.8485,150.0000,65.4375,65.3727,4211.77,0.022137,26.053356
199.700,27.8485,150.0000,65.4375,65.3719,4209.47,0.022101,26.053356
199.800,27.8485,150.0000,65.3750,65.3711,4207.32,0.022067,26.053356
199.900,27.8485,150.0000,65.4375,65.3703,4205.32,0.022036,26.053356
200.000,28.1954,150.0000,65.4375,65.3696,4206.92,0.022061,26.100986
200.100,28.1954,150.0000,65.4375,65.3688,4208.41,0.022084,26.100986
200.200,28.1954,150.0000,65.4375,65.3680,4209.80,0.022106,26.100986
200.300,28.1954,150.0000,65.4375,65.3672,4211.10,0.022127,26.100986
200.400,28.1954,150.0000,65.5000,65.3664,4212.32,0.022146,26.100986
200.500,28.1954,150.0000,65.3750,65.3656,4213.45,0.022164,26.100986
200.600,28.1954,150.0000,65.4375,65.3648,4214.51,0.022180,26.100986
200.700,28.1954,150.0000,65.4375,65.3640,4215.49,0.022196,26.100986
200.800,28.1954,150.0000,65.4375,65.3632,4216.41,0.022210,26.100986
200.900,28.1954,150.0000,65.3125,65.3624,4217.27,0.022224,26.100986
201.000,27.6310,150.0000,65.3750,65.3616,4212.43,0.022147,26.135007
201.100,27.6310,150.0000,65.4375,65.3608,4207.91,0.022076,26.135007
201.200,27.6310,150.0000,65.3750,65.3601,4203.69,0.022010,26.135007
201.300,27.6310,150.0000,65.3750,65.3594,4199.76,0.021948,26.135007
201.400,27.6310,150.0000,65.3125,65.3587,4196.08,0.021891,26.135007
201.500,27.6310,150.0000,65.4375,65.3580,4192.65,0.021837,26.135007
201.600,27.6310,150.0000,65.3750,65.3574,4189.45,0.021787,26.135007
201.700,27.6310,150.0000,65.4375,65.3568,4186.47,0.021740,26.135007
201.800,27.6310,150.0000,65.4375,65.3561,4183.68,0.021697,26.135007
201.900,27.6310,150.0000,65.4375,65.3555,4181.08,0.021657,26.135007
202.000,28.2770,150.0000,65.4375,65.3549,4185.11,0.021719,26.182636
202.100,28.2770,150.0000,65.3750,65.3543,4188.87,0.021778,26.182636
202.200,28.2770,150.0000,65.4375,65.3536,4192.38,0.021833,26.182636
202.300,28.2770,150.0000,65.5000,65.3529,4195.66,0.021884,26.182636
202.400,28.2770,150.0000,65.3750,65.3522,4198.72,0.021932,26.182636
202.500,28.2770,150.0000,65.3750,65.3515,4201.58,0.021977,26.182636
202.600,28.2770,150.0000,65.3750,65.3508,4204.24,0.022019,26.182636
202.700,28.2770,150.0000,65.4375,65.3501,4206.73,0.022058,26.182636
202.800,28.2770,150.0000,65.5000,65.3493,4209.05,0.022094,26.182636
202.900,28.2770,150.0000,65.3750,65.3486,4211.22,0.022128,26.182636
203.000,28.0186,150.0000,65.4375,65.3479,4210.65,0.022119,26.223462
203.100,28.0186,150.0000,65.3125,65.3471,4210.13,0.022111,26.223462
203.200,28.0186,150.0000,65.4375,65.3464,4209.64,0.022104,26.223462
203.300,28.0186,150.0000,65.3750,65.3457,4209.19,0.022096,26.223462
203.400,28.0186,150.0000,65.3750,65.3449,4208.76,0.022090,26.223462
203.500,28.0186,150.0000,65.3125,65.3442,4208.36,0.022083,26.223462
203.600,28.0186,150.0000,65.3750,65.3435,4207.99,0.022078,26.223462
203.700,28.0186,150.0000,65.3750,65.3428,4207.64,0.022072,26.223462
203.800,28.0186,150.0000,65.3750,65.3421,4207.32,0.022067,26.223462
203.900,28.0186,150.0000,65.4375,65.3413,4207.02,0.022062,26.223462
204.000,28.3655,150.0000,65.3750,65.3406,4210.21,0.022112,26.271091
204.100,28.3655,150.0000,65.3750,65.3399,4213.18,0.022159,26.271091
204.200,28.3655,150.0000,65.3750,65.3391,4215.96,0.022203,26.271091
204.300,28.3655,150.0000,65.3750,65.3384,4218.55,0.022244,26.271091
204.400,28.3655,150.0000,65.3125,65.3376,4220.96,0.022282,26.271091
204.500,28.3655,150.0000,65.4375,65.3368,4223.22,0.022318,26.271091
204.600,28.3655,150.0000,65.4375,65.3360,4225.33,0.022352,26.271091
204.700,28.3655,150.0000,65.3125,65.3352,4227.29,0.022383,26.271091
204.800,28.3655,150.0000,65.3125,65.3344,4229.13,0.022412,26.271091
204.900,28.3655,150.0000,65.3125,65.3336,4230.84,0.022439,26.271091
205.000,27.8011,150.0000,65.3750,65.3328,4226.80,0.022375,26.305112
205.100,27.8011,150.0000,65.4375,65.3320,4223.02,0.022315,26.305112
205.200,27.8011,150.0000,65.3750,65.3312,4219.50,0.022259,26.305112
205.300,27.8011,150.0000,65.4375,65.3305,4216.21,0.022207,26.305112
205.400,27.8011,150.0000,65.3750,65.3298,4213.14,0.022159,26.305112
205.500,27.8011,150.0000,65.3750,65.3291,4210.27,0.022113,26.305112
205.600,27.8011,150.0000,65.3750,65.3284,4207.60,0.022071,26.305112
205.700,27.8011,150.0000,65.3750,65.3277,4205.10,0.022032,26.305112
205.800,27.8011,150.0000,65.3750,65.3271,4202.77,0.021996,26.305112
205.900,27.8011,150.0000,65.3125,65.3264,4200.60,0.021961,26.305112
206.000,27.8351,150.0000,65.3750,65.3258,4198.91,0.021935,26.339134
206.100,27.8351,150.0000,65.3750,65.3252,4197.34,0.021910,26.339134
206.200,27.8351,150.0000,65.3750,65.3246,4195.86,0.021887,26.339134
206.300,27.8351,150.0000,65.3750,65.3240,4194.49,0.021866,26.339134
206.400,27.8351,150.0000,65.4375,65.3234,4193.21,0.021846,26.339134
206.500,27.8351,150.0000,65.3750,65.3228,4192.01,0.021827,26.339134
206.600,27.8351,150.0000,65.3750,65.3222,4190.90,0.021810,26.339134
206.700,27.8351,150.0000,65.4375,65.3216,4189.85,0.021793,26.339134
206.800,27.8351,150.0000,65.3125,65.3211,4188.88,0.021778,26.339134
206.900,27.8351,150.0000,65.3750,65.3205,4187.97,0.021764,26.339134
207.000,28.1751,150.0000,65.3125,65.3199,4190.53,0.021804,26.379959
207.100,28.1751,150.0000,65.3750,65.3193,4192.91,0.021841,26.379959
207.200,28.1751,150.0000,65.3125,65.3187,4195.13,0.021876,26.379959
207.300,28.1751,150.0000,65.4375,65.3181,4197.21,0.021908,26.379959
207.400,28.1751,150.0000,65.3125,65.3175,4199.15,0.021939,26.379959
207.500,28.1751,150.0000,65.4375,65.3169,4200.96,0.021967,26.379959
207.600,28.1751,150.0000,65.3125,65.3163,4202.64,0.021993,26.379959
207.700,28.1751,150.0000,65.3750,65.3156,4204.22,0.022018,26.379959
207.800,28.1751,150.0000,65.4375,65.3150,4205.69,0.022041,26.379959
207.900,28.1751,150.0000,65.3750,65.3143,4207.06,0.022063,26.379959
208.000,28.2160,150.0000,65.3125,65.3137,4208.75,0.022089,26.420784
208.100,28.2160,150.0000,65.3750,65.3130,4210.33,0.022114,26.420784
208.200,28.2160,150.0000,65.3750,65.3123,4211.80,0.022137,26.420784
208.300,28.2160,150.0000,65.3125,65.3117,4213.17,0.022159,26.420784
208.400,28.2160,150.0000,65.3125,65.3110,4214.45,0.022179,26.420784
208.500,28.2160,150.0000,65.3750,65.3103,4215.65,0.022198,26.420784
208.600,28.2160,150.0000,65.3750,65.3096,4216.76,0.022216,26.420784
208.700,28.2160,150.0000,65.2500,65.3089,4217.81,0.022232,26.420784
208.800,28.2160,150.0000,65.4375,65.3082,4218.78,0.022248,26.420784
208.900,28.2160,150.0000,65.3125,65.3075,4219.69,0.022262,26.420784
209.000,27.9508,150.0000,65.3750,65.3068,4217.88,0.022234,26.454805
209.100,27.9508,150.0000,65.3125,65.3061,4216.20,0.022207,26.454805
209.200,27.9508,150.0000,65.3750,65.3055,4214.62,0.022182,26.454805
209.300,27.9508,150.0000,65.3750,65.3048,4213.16,0.022159,26.454805
209.400,27.9508,150.0000,65.4375,65.3042,4211.79,0.022137,26.454805
209.500,27.9508,150.0000,65.2500,65.3035,4210.51,0.022117,26.454805
209.600,27.9508,150.0000,65.3125,65.3029,4209.32,0.022098,26.454805
209.700,27.9508,150.0000,65.3750,65.3022,4208.20,0.022081,26.454805
209.800,27.9508,150.0000,65.3750,65.3016,4207.16,0.022065,26.454805
209.900,27.9508,150.0000,65.3125,65.3010,4206.20,0.022049,26.454805
210.000,27.9848,150.0000,65.3125,65.3004,4205.63,0.022040,26.488826
210.100,27.9848,150.0000,65.3750,65.2998,4205.10,0.022032,26.488826
210.200,27.9848,150.0000,65.3125,65.2992,4204.61,0.022024,26.488826
210.300,27.9848,150.0000,65.3750,65.2986,4204.15,0.022017,26.488826
210.400,27.9848,150.0000,65.3125,65.2980,4203.72,0.022010,26.488826
210.500,27.9848,150.0000,65.3125,65.2974,4203.32,0.022004,26.488826
210.600,27.9848,150.0000,65.3750,65.2968,4202.95,0.021998,26.488826
210.700,27.9848,150.0000,65.3125,65.2962,4202.60,0.021993,26.488826
210.800,27.9848,150.0000,65.3125,65.2956,4202.28,0.021988,26.488826
210.900,27.9848,150.0000,65.3125,65.2951,4201.97,0.021983,26.488826
211.000,28.0188,150.0000,65.3750,65.2945,4202.03,0.021984,26.522847
211.100,28.0188,150.0000,65.2500,65.2939,4202.08,0.021985,26.522847
211.200,28.0188,150.0000,65.4375,65.2933,4202.13,0.021985,26.522847
211.300,28.0188,150.0000,65.3125,65.2927,4202.18,0.021986,26.522847
211.400,28.0188,150.0000,65.2500,65.2922,4202.22,0.021987,26.522847
211.500,28.0188,150.0000,65.3125,65.2916,4202.26,0.021987,26.522847
211.600,28.0188,150.0000,65.3125,65.2910,4202.30,0.021988,26.522847
211.700,28.0188,150.0000,65.3125,65.2904,4202.33,0.021989,26.522847
211.800,28.0188,150.0000,65.3750,65.2899,4202.37,0.021989,26.522847
211.900,28.0188,150.0000,65.3750,65.2893,4202.40,0.021990,26.522847
212.000,28.3588,150.0000,65.3125,65.2887,4205.82,0.022043,26.563673
212.100,28.3588,150.0000,65.3125,65.2881,4209.02,0.022094,26.563673
212.200,28.3588,150.0000,65.3125,65.2875,4212.01,0.022141,26.563673
212.300,28.3588,150.0000,65.3750,65.2869,4214.80,0.022185,26.563673
212.400,28.3588,150.0000,65.3750,65.2862,4217.40,0.022226,26.563673
212.500,28.3588,150.0000,65.3125,65.2856,4219.83,0.022264,26.563673
212.600,28.3588,150.0000,65.2500,65.2849,4222.10,0.022300,26.563673
212.700,28.3588,150.0000,65.3750,65.2842,4224.21,0.022334,26.563673
212.800,28.3588,150.0000,65.3125,65.2836,4226.19,0.022365,26.563673
212.900,28.3588,150.0000,65.2500,65.2829,4228.03,0.022394,26.563673
213.000,27.7877,150.0000,65.3125,65.2822,4224.04,0.022331,26.590890
213.100,27.7877,150.0000,65.3125,65.2816,4220.31,0.022272,26.590890
213.200,27.7877,150.0000,65.3125,65.2809,4216.83,0.022217,26.590890
213.300,27.7877,150.0000,65.2500,65.2803,4213.59,0.022166,26.590890
213.400,27.7877,150.0000,65.2500,65.2797,4210.56,0.022118,26.590890
213.500,27.7877,150.0000,65.3750,65.2791,4207.73,0.022073,26.590890
213.600,27.7877,150.0000,65.3125,65.2786,4205.09,0.022032,26.590890
213.700,27.7877,150.0000,65.3125,65.2780,4202.63,0.021993,26.590890
213.800,27.7877,150.0000,65.3125,65.2775,4200.33,0.021957,26.590890
213.900,27.7877,150.0000,65.3750,65.2770,4198.19,0.021924,26.590890
214.000,28.4269,150.0000,65.3125,65.2764,4202.58,0.021992,26.631715
214.100,28.4269,150.0000,65.3125,65.2759,4206.67,0.022057,26.631715
214.200,28.4269,150.0000,65.2500,65.2753,4210.50,0.022117,26.631715
214.300,28.4269,150.0000,65.2500,65.2747,4214.07,0.022173,26.631715
214.400,28.4269,150.0000,65.3125,65.2741,4217.40,0.022226,26.631715
214.500,28.4269,150.0000,65.3750,65.2735,4220.51,0.022275,26.631715
214.600,28.4269,150.0000,65.2500,65.2728,4223.41,0.022321,26.631715
214.700,28.4269,150.0000,65.3125,65.2722,4226.12,0.022364,26.631715
214.800,28.4269,150.0000,65.2500,65.2715,4228.64,0.022404,26.631715
214.900,28.4269,150.0000,65.2500,65.2708,4231.00,0.022442,26.631715
215.000,27.8557,150.0000,65.3750,65.2702,4227.49,0.022386,26.658932
215.100,27.8557,150.0000,65.3125,65.2695,4224.22,0.022334,26.658932
215.200,27.8557,150.0000,65.3750,65.2689,4221.16,0.022285,26.658932
215.300,27.8557,150.0000,65.3125,65.2683,4218.31,0.022240,26.658932
215.400,27.8557,150.0000,65.2500,65.2677,4215.64,0.022198,26.658932
215.500,27.8557,150.0000,65.2500,65.2671,4213.16,0.022159,26.658932
215.600,27.8557,150.0000,65.4375,65.2666,4210.84,0.022122,26.658932
215.700,27.8557,150.0000,65.2500,65.2660,4208.67,0.022088,26.658932
215.800,27.8557,150.0000,65.3125,65.2655,4206.65,0.022056,26.658932
215.900,27.8557,150.0000,65.3750,65.2649,4204.76,0.022027,26.658932
216.000,28.4949,150.0000,65.3125,65.2644,4209.40,0.022100,26.699757
216.100,28.4949,150.0000,65.2500,65.2638,4213.72,0.022168,26.699757
216.200,28.4949,150.0000,65.3750,65.2632,4217.75,0.022232,26.699757
216.300,28.4949,150.0000,65.3750,65.2626,4221.52,0.022291,26.699757
216.400,28.4949,150.0000,65.3125,65.2620,4225.03,0.022347,26.699757
216.500,28.4949,150.0000,65.3125,65.2613,4228.31,0.022399,26.699757
216.600,28.4949,150.0000,65.2500,65.2607,4231.38,0.022448,26.699757
216.700,28.4949,150.0000,65.3125,65.2600,4234.23,0.022493,26.699757
216.800,28.4949,150.0000,65.3750,65.2593,4236.90,0.022536,26.699757
216.900,28.4949,150.0000,65.3125,65.2586,4239.39,0.022575,26.699757
217.000,28.2298,150.0000,65.2500,65.2579,4239.06,0.022570,26.733778
217.100,28.2298,150.0000,65.2500,65.2572,4238.76,0.022565,26.733778
217.200,28.2298,150.0000,65.2500,65.2565,4238.47,0.022561,26.733778
217.300,28.2298,150.0000,65.3125,65.2559,4238.20,0.022556,26.733778
217.400,28.2298,150.0000,65.2500,65.2552,4237.95,0.022552,26.733778
217.500,28.2298,150.0000,65.3125,65.2545,4237.72,0.022549,26.733778
217.600,28.2298,150.0000,65.2500,65.2538,4237.50,0.022545,26.733778
217.700,28.2298,150.0000,65.2500,65.2532,4237.30,0.022542,26.733778
217.800,28.2298,150.0000,65.4375,65.2525,4237.11,0.022539,26.733778
217.900,28.2298,150.0000,65.1875,65.2518,4236.93,0.022536,26.733778
218.000,27.6518,150.0000,65.2500,65.2512,4230.99,0.022442,26.754191
218.100,27.6518,150.0000,65.3125,65.2506,4225.44,0.022353,26.754191
218.200,27.6518,150.0000,65.3125,65.2500,4220.26,0.022271,26.754191
218.300,27.6518,150.0000,65.2500,65.2494,4215.43,0.022195,26.754191
218.400,27.6518,150.0000,65.2500,65.2489,4210.92,0.022124,26.754191
218.500,27.6518,150.0000,65.2500,65.2484,4206.71,0.022057,26.754191
218.600,27.6518,150.0000,65.3125,65.2479,4202.78,0.021996,26.754191
218.700,27.6518,150.0000,65.3125,65.2475,4199.11,0.021938,26.754191
218.800,27.6518,150.0000,65.2500,65.2470,4195.69,0.021884,26.754191
218.900,27.6518,150.0000,65.3750,65.2466,4192.49,0.021835,26.754191
219.000,28.5902,150.0000,65.3750,65.2462,4198.90,0.021935,26.795016
219.100,28.5902,150.0000,65.3750,65.2457,4204.87,0.022028,26.795016
219.200,28.5902,150.0000,65.3125,65.2452,4210.45,0.022116,26.795016
219.300,28.5902,150.0000,65.2500,65.2446,4215.65,0.022198,26.795016
219.400,28.5902,150.0000,65.2500,65.2441,4220.51,0.022275,26.795016
219.500,28.5902,150.0000,65.2500,65.2435,4225.05,0.022347,26.795016
219.600,28.5902,150.0000,65.2500,65.2429,4229.28,0.022414,26.795016
219.700,28.5902,150.0000,65.2500,65.2422,4233.23,0.022477,26.795016
219.800,28.5902,150.0000,65.3125,65.2416,4236.92,0.022536,26.795016
219.900,28.5902,150.0000,65.3750,65.2409,4240.36,0.022591,26.795016
220.000,28.6310,150.0000,65.2500,65.2402,4243.98,0.022649,26.835842
220.100,28.6310,150.0000,65.2500,65.2396,4247.35,0.022703,26.835842
220.200,28.6310,150.0000,65.3125,65.2388,4250.51,0.022754,26.835842
220.300,28.6310,150.0000,65.3125,65.2381,4253.45,0.022801,26.835842
220.400,28.6310,150.0000,65.3125,65.2374,4256.20,0.022845,26.835842
220.500,28.6310,150.0000,65.3125,65.2366,4258.76,0.022886,26.835842
220.600,28.6310,150.0000,65.2500,65.2359,4261.15,0.022925,26.835842
220.700,28.6310,150.0000,65.3125,65.2351,4263.39,0.022961,26.835842
220.800,28.6310,150.0000,65.2500,65.2343,4265.47,0.022995,26.835842
220.900,28.6310,150.0000,65.3125,65.2335,4267.42,0.023026,26.835842
221.000,28.3658,150.0000,65.3125,65.2327,4266.58,0.023013,26.869863
221.100,28.3658,150.0000,65.3750,65.2320,4265.80,0.023000,26.869863
221.200,28.3658,150.0000,65.3125,65.2312,4265.07,0.022988,26.869863
221.300,28.3658,150.0000,65.3125,65.2304,4264.39,0.022977,26.869863
221.400,28.3658,150.0000,65.3125,65.2297,4263.76,0.022967,26.869863
221.500,28.3658,150.0000,65.2500,65.2289,4263.17,0.022957,26.869863
221.600,28.3658,150.0000,65.2500,65.2282,4262.61,0.022948,26.869863
221.700,28.3658,150.0000,65.3125,65.2274,4262.10,0.022940,26.869863
221.800,28.3658,150.0000,65.1875,65.2267,4261.62,0.022932,26.869863
221.900,28.3658,150.0000,65.3125,65.2259,4261.17,0.022925,26.869863
222.000,28.3999,150.0000,65.2500,65.2252,4261.09,0.022924,26.903884
222.100,28.3999,150.0000,65.2500,65.2245,4261.01,0.022923,26.903884
222.200,28.3999,150.0000,65.2500,65.2237,4260.94,0.022922,26.903884
222.300,28.3999,150.0000,65.3125,65.2230,4260.88,0.022921,26.903884
222.400,28.3999,150.0000,65.3125,65.2223,4260.82,0.022920,26.903884
222.500,28.3999,150.0000,65.1875,65.2215,4260.76,0.022919,26.903884
222.600,28.3999,150.0000,65.3125,65.2208,4260.71,0.022918,26.903884
222.700,28.3999,150.0000,65.2500,65.2201,4260.66,0.022917,26.903884
222.800,28.3999,150.0000,65.1875,65.2194,4260.62,0.022916,26.903884
222.900,28.3999,150.0000,65.3125,65.2187,4260.57,0.022916,26.903884
223.000,28.4339,150.0000,65.1875,65.2179,4260.88,0.022920,26.937905
223.100,28.4339,150.0000,65.3125,65.2172,4261.16,0.022925,26.937905
223.200,28.4339,150.0000,65.1875,65.2165,4261.42,0.022929,26.937905
223.300,28.4339,150.0000,65.1875,65.2158,4261.66,0.022933,26.937905
223.400,28.4339,150.0000,65.3125,65.2151,4261.89,0.022937,26.937905
223.500,28.4339,150.0000,65.2500,65.2143,4262.10,0.022940,26.937905
223.600,28.4339,150.0000,65.2500,65.2136,4262.30,0.022943,26.937905
223.700,28.4339,150.0000,65.1250,65.2129,4262.49,0.022946,26.937905
223.800,28.4339,150.0000,65.2500,65.2122,4262.66,0.022949,26.937905
223.900,28.4339,150.0000,65.3125,65.2115,4262.82,0.022952,26.937905
224.000,28.4679,150.0000,65.3125,65.2108,4263.31,0.022960,26.971926
224.100,28.4679,150.0000,65.1875,65.2100,4263.77,0.022967,26.971926
224.200,28.4679,150.0000,65.2500,65.2093,4264.20,0.022974,26.971926
224.300,28.4679,150.0000,65.1875,65.2086,4264.60,0.022981,26.971926
224.400,28.4679,150.0000,65.3125,65.2079,4264.97,0.022987,26.971926
224.500,28.4679,150.0000,65.2500,65.2072,4265.32,0.022992,26.971926
224.600,28.4679,150.0000,65.1875,65.2065,4265.64,0.022997,26.971926
224.700,28.4679,150.0000,65.1875,65.2057,4265.94,0.023002,26.971926
224.800,28.4679,150.0000,65.2500,65.2050,4266.23,0.023007,26.971926
224.900,28.4679,150.0000,65.1875,65.2043,4266.49,0.023011,26.971926
225.000,27.8899,150.0000,65.2500,65.2036,4260.96,0.022922,26.992339
225.100,27.8899,150.0000,65.1875,65.2030,4255.79,0.022839,26.992339
225.200,27.8899,150.0000,65.1250,65.2023,4250.97,0.022761,26.992339
225.300,27.8899,150.0000,65.3125,65.2017,4246.47,0.022689,26.992339
225.400,27.8899,150.0000,65.2500,65.2011,4242.27,0.022622,26.992339
225.500,27.8899,150.0000,65.3125,65.2006,4238.36,0.022559,26.992339
225.600,27.8899,150.0000,65.2500,65.2000,4234.70,0.022501,26.992339
225.700,27.8899,150.0000,65.2500,65.1995,4231.28,0.022446,26.992339
225.800,27.8899,150.0000,65.1875,65.1990,4228.10,0.022396,26.992339
225.900,27.8899,150.0000,65.1875,65.1985,4225.12,0.022348,26.992339
226.000,27.9103,150.0000,65.1875,65.1980,4222.55,0.022308,27.012751
226.100,27.9103,150.0000,65.1875,65.1976,4220.15,0.022270,27.012751
226.200,27.9103,150.0000,65.2500,65.1971,4217.91,0.022234,27.012751
226.300,27.9103,150.0000,65.1875,65.1967,4215.82,0.022201,27.012751
226.400,27.9103,150.0000,65.1875,65.1963,4213.87,0.022170,27.012751
226.500,27.9103,150.0000,65.2500,65.1959,4212.05,0.022141,27.012751
226.600,27.9103,150.0000,65.2500,65.1955,4210.35,0.022115,27.012751
226.700,27.9103,150.0000,65.1875,65.1951,4208.76,0.022090,27.012751
226.800,27.9103,150.0000,65.2500,65.1947,4207.28,0.022066,27.012751
226.900,27.9103,150.0000,65.1875,65.1943,4205.90,0.022045,27.012751
227.000,27.9307,150.0000,65.1875,65.1939,4204.81,0.022028,27.033164
227.100,27.9307,150.0000,65.1875,65.1936,4203.80,0.022012,27.033164
227.200,27.9307,150.0000,65.2500,65.1932,4202.85,0.021997,27.033164
227.300,27.9307,150.0000,65.2500,65.1929,4201.97,0.021983,27.033164
227.400,27.9307,150.0000,65.3125,65.1925,4201.15,0.021970,27.033164
227.500,27.9307,150.0000,65.1875,65.1922,4200.38,0.021958,27.033164
227.600,27.9307,150.0000,65.1875,65.1918,4199.66,0.021947,27.033164
227.700,27.9307,150.0000,65.2500,65.1915,4198.99,0.021936,27.033164
227.800,27.9307,150.0000,65.1875,65.1912,4198.37,0.021926,27.033164
227.900,27.9307,150.0000,65.1875,65.1908,4197.78,0.021917,27.033164
228.000,27.9512,150.0000,65.2500,65.1905,4197.44,0.021912,27.053577
228.100,27.9512,150.0000,65.3125,65.1902,4197.12,0.021907,27.053577
228.200,27.9512,150.0000,65.2500,65.1899,4196.83,0.021902,27.053577
228.300,27.9512,150.0000,65.2500,65.1896,4196.55,0.021898,27.053577
228.400,27.9512,150.0000,65.2500,65.1892,4196.29,0.021894,27.053577
228.500,27.9512,150.0000,65.2500,65.1889,4196.05,0.021890,27.053577
228.600,27.9512,150.0000,65.1875,65.1886,4195.83,0.021887,27.053577
228.700,27.9512,150.0000,65.3125,65.1883,4195.62,0.021883,27.053577
228.800,27.9512,150.0000,65.1250,65.1880,4195.42,0.021880,27.053577
228.900,27.9512,150.0000,65.2500,65.1877,4195.24,0.021877,27.053577
229.000,28.2776,150.0000,65.2500,65.1874,4198.33,0.021926,27.080793
229.100,28.2776,150.0000,65.1875,65.1870,4201.22,0.021971,27.080793
229.200,28.2776,150.0000,65.2500,65.1867,4203.91,0.022013,27.080793
229.300,28.2776,150.0000,65.1875,65.1863,4206.43,0.022053,27.080793
229.400,28.2776,150.0000,65.1875,65.1860,4208.77,0.022090,27.080793
229.500,28.2776,150.0000,65.1875,65.1856,4210.96,0.022124,27.080793
229.600,28.2776,150.0000,65.1875,65.1852,4213.01,0.022157,27.080793
229.700,28.2776,150.0000,65.1875,65.1848,4214.92,0.022187,27.080793
229.800,28.2776,150.0000,65.1875,65.1844,4216.70,0.022215,27.080793
229.900,28.2776,150.0000,65.1875,65.1839,4218.36,0.022241,27.080793
230.000,27.9988,150.0000,65.2500,65.1835,4217.13,0.022222,27.101206
230.100,27.9988,150.0000,65.1875,65.1831,4215.97,0.022203,27.101206
230.200,27.9988,150.0000,65.2500,65.1827,4214.89,0.022186,27.101206
230.300,27.9988,150.0000,65.2500,65.1823,4213.89,0.022171,27.101206
230.400,27.9988,150.0000,65.3125,65.1820,4212.95,0.022156,27.101206
230.500,27.9988,150.0000,65.1250,65.1816,4212.08,0.022142,27.101206
230.600,27.9988,150.0000,65.2500,65.1812,4211.26,0.022129,27.101206
230.700,27.9988,150.0000,65.1875,65.1808,4210.50,0.022117,27.101206
230.800,27.9988,150.0000,65.2500,65.1805,4209.78,0.022106,27.101206
230.900,27.9988,150.0000,65.2500,65.1801,4209.12,0.022095,27.101206
231.000,28.3252,150.0000,65.2500,65.1797,4211.76,0.022137,27.128423
231.100,28.3252,150.0000,65.1875,65.1793,4214.23,0.022176,27.128423
231.200,28.3252,150.0000,65.1875,65.1789,4216.54,0.022212,27.128423
231.300,28.3252,150.0000,65.2500,65.1785,4218.68,0.022246,27.128423
231.400,28.3252,150.0000,65.2500,65.1781,4220.69,0.022278,27.128423
231.500,28.3252,150.0000,65.1250,65.1777,4222.56,0.022308,27.128423
231.600,28.3252,150.0000,65.1875,65.1772,4224.31,0.022335,27.128423
231.700,28.3252,150.0000,65.1875,65.1768,4225.94,0.022361,27.128423
231.800,28.3252,150.0000,65.2500,65.1764,4227.47,0.022385,27.128423
231.900,28.3252,150.0000,65.1875,65.1759,4228.89,0.022408,27.128423
232.000,28.0464,150.0000,65.2500,65.1754,4227.42,0.022385,27.148836
232.100,28.0464,150.0000,65.1875,65.1750,4226.06,0.022363,27.148836
232.200,28.0464,150.0000,65.2500,65.1746,4224.79,0.022343,27.148836
232.300,28.0464,150.0000,65.1875,65.1742,4223.60,0.022324,27.148836
232.400,28.0464,150.0000,65.2500,65.1737,4222.49,0.022307,27.148836
232.500,28.0464,150.0000,65.2500,65.1733,4221.46,0.022290,27.148836
232.600,28.0464,150.0000,65.1250,65.1729,4220.49,0.022275,27.148836
232.700,28.0464,150.0000,65.1250,65.1725,4219.59,0.022261,27.148836
232.800,28.0464,150.0000,65.2500,65.1721,4218.75,0.022247,27.148836
232.900,28.0464,150.0000,65.2500,65.1717,4217.96,0.022235,27.148836
233.000,28.3728,150.0000,65.1250,65.1713,4220.49,0.022275,27.176053
233.100,28.3728,150.0000,65.2500,65.1709,4222.85,0.022312,27.176053
233.200,28.3728,150.0000,65.2500,65.1705,4225.06,0.022347,27.176053
233.300,28.3728,150.0000,65.2500,65.1701,4227.12,0.022380,27.176053
233.400,28.3728,150.0000,65.1250,65.1696,4229.04,0.022410,27.176053
233.500,28.3728,150.0000,65.1875,65.1692,4230.83,0.022439,27.176053
233.600,28.3728,150.0000,65.1875,65.1687,4232.50,0.022466,27.176053
233.700,28.3728,150.0000,65.1875,65.1682,4234.06,0.022490,27.176053
233.800,28.3728,150.0000,65.1250,65.1678,4235.52,0.022514,27.176053
233.900,28.3728,150.0000,65.2500,65.1673,4236.88,0.022535,27.176053
234.000,28.4000,150.0000,65.1250,65.1668,4238.42,0.022560,27.203269
234.100,28.4000,150.0000,65.3125,65.1663,4239.86,0.022583,27.203269
234.200,28.4000,150.0000,65.2500,65.1658,4241.21,0.022604,27.203269
234.300,28.4000,150.0000,65.2500,65.1653,4242.46,0.022625,27.203269
234.400,28.4000,150.0000,65.1250,65.1648,4243.63,0.022643,27.203269
234.500,28.4000,150.0000,65.1875,65.1643,4244.72,0.022661,27.203269
234.600,28.4000,150.0000,65.1875,65.1637,4245.74,0.022677,27.203269
234.700,28.4000,150.0000,65.1875,65.1632,4246.69,0.022692,27.203269
234.800,28.4000,150.0000,65.2500,65.1627,4247.58,0.022707,27.203269
234.900,28.4000,150.0000,65.2500,65.1622,4248.41,0.022720,27.203269
235.000,28.4273,150.0000,65.1875,65.1616,4249.45,0.022737,27.230486
235.100,28.4273,150.0000,65.1875,65.1611,4250.43,0.022752,27.230486
235.200,28.4273,150.0000,65.1875,65.1606,4251.34,0.022767,27.230486
235.300,28.4273,150.0000,65.1875,65.1600,4252.19,0.022781,27.230486
235.400,28.4273,150.0000,65.1875,65.1595,4252.98,0.022793,27.230486
235.500,28.4273,150.0000,65.1875,65.1589,4253.72,0.022805,27.230486
235.600,28.4273,150.0000,65.1875,65.1584,4254.41,0.022816,27.230486
235.700,28.4273,150.0000,65.1875,65.1578,4255.06,0.022827,27.230486
235.800,28.4273,150.0000,65.2500,65.1572,4255.66,0.022836,27.230486
235.900,28.4273,150.0000,65.1250,65.1567,4256.22,0.022845,27.230486
236.000,27.8425,150.0000,65.2500,65.1562,4250.90,0.022760,27.244095
236.100,27.8425,150.0000,65.1875,65.1557,4245.93,0.022680,27.244095
236.200,27.8425,150.0000,65.1875,65.1552,4241.29,0.022606,27.244095
236.300,27.8425,150.0000,65.1875,65.1547,4236.97,0.022537,27.244095
236.400,27.8425,150.0000,65.1250,65.1543,4232.93,0.022472,27.244095
236.500,27.8425,150.0000,65.3125,65.1539,4229.16,0.022412,27.244095
236.600,27.8425,150.0000,65.1250,65.1535,4225.64,0.022356,27.244095
236.700,27.8425,150.0000,65.1875,65.1531,4222.35,0.022304,27.244095
236.800,27.8425,150.0000,65.1875,65.1528,4219.29,0.022256,27.244095
236.900,27.8425,150.0000,65.1875,65.1524,4216.43,0.022211,27.244095
237.000,28.1621,150.0000,65.1875,65.1521,4216.95,0.022219,27.264507
237.100,28.1621,150.0000,65.1875,65.1518,4217.44,0.022227,27.264507
237.200,28.1621,150.0000,65.0625,65.1514,4217.90,0.022234,27.264507
237.300,28.1621,150.0000,65.1250,65.1511,4218.33,0.022241,27.264507
237.400,28.1621,150.0000,65.0000,65.1507,4218.73,0.022247,27.264507
237.500,28.1621,150.0000,65.1875,65.1504,4219.10,0.022253,27.264507
237.600,28.1621,150.0000,65.1250,65.1500,4219.45,0.022258,27.264507
237.700,28.1621,150.0000,65.1250,65.1497,4219.77,0.022263,27.264507
237.800,28.1621,150.0000,65.1875,65.1493,4220.08,0.022268,27.264507
237.900,28.1621,150.0000,65.1250,65.1490,4220.36,0.022273,27.264507
238.000,27.8765,150.0000,65.1875,65.1486,4217.77,0.022232,27.278116
238.100,27.8765,150.0000,65.1875,65.1483,4215.35,0.022194,27.278116
238.200,27.8765,150.0000,65.1250,65.1480,4213.09,0.022158,27.278116
238.300,27.8765,150.0000,65.1250,65.1477,4210.98,0.022125,27.278116
238.400,27.8765,150.0000,65.1250,65.1474,4209.01,0.022094,27.278116
238.500,27.8765,150.0000,65.1250,65.1471,4207.18,0.022065,27.278116
238.600,27.8765,150.0000,65.1875,65.1469,4205.46,0.022038,27.278116
238.700,27.8765,150.0000,65.1875,65.1466,4203.87,0.022013,27.278116
238.800,27.8765,150.0000,65.1875,65.1463,4202.37,0.021989,27.278116
238.900,27.8765,150.0000,65.1875,65.1461,4200.98,0.021967,27.278116
239.000,28.1961,150.0000,65.1250,65.1458,4202.88,0.021997,27.298528
239.100,28.1961,150.0000,65.1875,65.1456,4204.64,0.022025,27.298528
239.200,28.1961,150.0000,65.1250,65.1453,4206.30,0.022051,27.298528
239.300,28.1961,150.0000,65.2500,65.1450,4207.84,0.022075,27.298528
239.400,28.1961,150.0000,65.1875,65.1448,4209.28,0.022098,27.298528
239.500,28.1961,150.0000,65.2500,65.1445,4210.62,0.022119,27.298528
239.600,28.1961,150.0000,65.1250,65.1442,4211.87,0.022139,27.298528
239.700,28.1961,150.0000,65.0625,65.1439,4213.04,0.022157,27.298528
239.800,28.1961,150.0000,65.1875,65.1436,4214.13,0.022174,27.298528
239.900,28.1961,150.0000,65.1875,65.1432,4215.15,0.022190,27.298528
240.000,28.2165,150.0000,65.1875,65.1429,4216.31,0.022209,27.318941
240.100,28.2165,150.0000,65.1250,65.1426,4217.39,0.022226,27.318941
240.200,28.2165,150.0000,65.1250,65.1423,4218.39,0.022242,27.318941
240.300,28.2165,150.0000,65.1875,65.1419,4219.33,0.022257,27.318941
240.400,28.2165,150.0000,65.1875,65.1416,4220.21,0.022270,27.318941
240.500,28.2165,150.0000,65.1250,65.1413,4221.03,0.022283,27.318941
240.600,28.2165,150.0000,65.1250,65.1409,4221.79,0.022295,27.318941
240.700,28.2165,150.0000,65.1250,65.1406,4222.50,0.022307,27.318941
240.800,28.2165,150.0000,65.1875,65.1402,4223.17,0.022317,27.318941
240.900,28.2165,150.0000,65.0625,65.1399,4223.79,0.022327,27.318941
241.000,27.6249,150.0000,65.1875,65.1396,4218.45,0.022243,27.325745
241.100,27.6249,150.0000,65.1875,65.1393,4213.47,0.022164,27.325745
241.200,27.6249,150.0000,65.1250,65.1390,4208.82,0.022091,27.325745
241.300,27.6249,150.0000,65.1250,65.1388,4204.48,0.022022,27.325745
241.400,27.6249,150.0000,65.1875,65.1385,4200.43,0.021959,27.325745
241.500,27.6249,150.0000,65.1875,65.1383,4196.65,0.021900,27.325745
241.600,27.6249,150.0000,65.0625,65.1382,4193.13,0.021844,27.325745
241.700,27.6249,150.0000,65.1875,65.1380,4189.83,0.021793,27.325745
241.800,27.6249,150.0000,65.1875,65.1378,4186.76,0.021745,27.325745
241.900,27.6249,150.0000,65.1250,65.1377,4183.89,0.021700,27.325745
242.000,27.9377,150.0000,65.1250,65.1376,4184.34,0.021707,27.339354
242.100,27.9377,150.0000,65.1875,65.1374,4184.77,0.021714,27.339354
242.200,27.9377,150.0000,65.2500,65.1373,4185.16,0.021720,27.339354
242.300,27.9377,150.0000,65.2500,65.1371,4185.53,0.021726,27.339354
242.400,27.9377,150.0000,65.1250,65.1370,4185.87,0.021731,27.339354
242.500,27.9377,150.0000,65.1250,65.1369,4186.19,0.021736,27.339354
242.600,27.9377,150.0000,65.1250,65.1367,4186.49,0.021741,27.339354
242.700,27.9377,150.0000,65.1875,65.1366,4186.76,0.021745,27.339354
242.800,27.9377,150.0000,65.1250,65.1364,4187.02,0.021749,27.339354
242.900,27.9377,150.0000,65.2500,65.1363,4187.27,0.021753,27.339354
243.000,28.5634,150.0000,65.1250,65.1361,4193.75,0.021854,27.366571
243.100,28.5634,150.0000,65.1250,65.1359,4199.80,0.021949,27.366571
243.200,28.5634,150.0000,65.1250,65.1356,4205.45,0.022038,27.366571
243.300,28.5634,150.0000,65.1875,65.1354,4210.72,0.022120,27.366571
243.400,28.5634,150.0000,65.1875,65.1351,4215.64,0.022198,27.366571
243.500,28.5634,150.0000,65.1875,65.1347,4220.23,0.022271,27.366571
243.600,28.5634,150.0000,65.1250,65.1344,4224.51,0.022339,27.366571
243.700,28.5634,150.0000,65.1250,65.1340,4228.51,0.022402,27.366571
243.800,28.5634,150.0000,65.1875,65.1337,4232.24,0.022461,27.366571
243.900,28.5634,150.0000,65.1250,65.1333,4235.73,0.022517,27.366571
244.000,27.9786,150.0000,65.0625,65.1329,4233.13,0.022476,27.380179
244.100,27.9786,150.0000,65.1875,65.1325,4230.71,0.022437,27.380179
244.200,27.9786,150.0000,65.1875,65.1321,4228.45,0.022401,27.380179
244.300,27.9786,150.0000,65.1875,65.1318,4226.34,0.022368,27.380179
244.400,27.9786,150.0000,65.1250,65.1315,4224.37,0.022336,27.380179
244.500,27.9786,150.0000,65.0625,65.1311,4222.53,0.022307,27.380179
244.600,27.9786,150.0000,65.1875,65.1308,4220.81,0.022280,27.380179
244.700,27.9786,150.0000,65.0625,65.1305,4219.21,0.022255,27.380179
244.800,27.9786,150.0000,65.1875,65.1302,4217.71,0.022231,27.380179
244.900,27.9786,150.0000,65.0625,65.1299,4216.32,0.022209,27.380179
245.000,27.6862,150.0000,65.2500,65.1297,4212.09,0.022142,27.386983
245.100,27.6862,150.0000,65.1250,65.1294,4208.15,0.022080,27.386983
245.200,27.6862,150.0000,65.1875,65.1292,4204.47,0.022022,27.386983
245.300,27.6862,150.0000,65.1875,65.1290,4201.03,0.021968,27.386983
245.400,27.6862,150.0000,65.1250,65.1288,4197.82,0.021918,27.386983
245.500,27.6862,150.0000,65.0625,65.1286,4194.83,0.021871,27.386983
245.600,27.6862,150.0000,65.1250,65.1285,4192.04,0.021827,27.386983
245.700,27.6862,150.0000,65.1250,65.1283,4189.43,0.021787,27.386983
245.800,27.6862,150.0000,65.1875,65.1282,4187.00,0.021749,27.386983
245.900,27.6862,150.0000,65.1250,65.1281,4184.73,0.021713,27.386983
246.000,27.9990,150.0000,65.3125,65.1280,4185.73,0.021729,27.400592
246.100,27.9990,150.0000,65.1250,65.1278,4186.67,0.021744,27.400592
246.200,27.9990,150.0000,65.1875,65.1277,4187.55,0.021757,27.400592
246.300,27.9990,150.0000,65.1875,65.1276,4188.37,0.021770,27.400592
246.400,27.9990,150.0000,65.1875,65.1274,4189.14,0.021782,27.400592
246.500,27.9990,150.0000,65.1250,65.1273,4189.85,0.021793,27.400592
246.600,27.9990,150.0000,65.1250,65.1272,4190.52,0.021804,27.400592
246.700,27.9990,150.0000,65.1875,65.1270,4191.14,0.021813,27.400592
246.800,27.9990,150.0000,65.1250,65.1269,4191.72,0.021822,27.400592
246.900,27.9990,150.0000,65.1875,65.1267,4192.26,0.021831,27.400592
247.000,28.3186,150.0000,65.1250,65.1265,4195.96,0.021889,27.421004
247.100,28.3186,150.0000,65.1250,65.1263,4199.42,0.021943,27.421004
247.200,28.3186,150.0000,65.1875,65.1261,4202.64,0.021993,27.421004
247.300,28.3186,150.0000,65.1250,65.1259,4205.65,0.022041,27.421004
247.400,28.3186,150.0000,65.1250,65.1257,4208.46,0.022085,27.421004
247.500,28.3186,150.0000,65.1875,65.1254,4211.08,0.022126,27.421004
247.600,28.3186,150.0000,65.0625,65.1252,4213.53,0.022165,27.421004
247.700,28.3186,150.0000,65.1875,65.1249,4215.81,0.022201,27.421004
247.800,28.3186,150.0000,65.1250,65.1246,4217.95,0.022235,27.421004
247.900,28.3186,150.0000,65.1250,65.1243,4219.94,0.022266,27.421004
248.000,28.0330,150.0000,65.1250,65.1240,4218.94,0.022250,27.434613
248.100,28.0330,150.0000,65.1875,65.1237,4218.00,0.022236,27.434613
248.200,28.0330,150.0000,65.1250,65.1235,4217.13,0.022222,27.434613
248.300,28.0330,150.0000,65.1250,65.1232,4216.32,0.022209,27.434613
248.400,28.0330,150.0000,65.0625,65.1229,4215.56,0.022197,27.434613
248.500,28.0330,150.0000,65.1250,65.1226,4214.86,0.022186,27.434613
248.600,28.0330,150.0000,65.1250,65.1224,4214.20,0.022175,27.434613
248.700,28.0330,150.0000,65.1250,65.1221,4213.58,0.022166,27.434613
248.800,28.0330,150.0000,65.1875,65.1219,4213.00,0.022157,27.434613
248.900,28.0330,150.0000,65.1250,65.1216,4212.47,0.022148,27.434613
249.000,28.0466,150.0000,65.1250,65.1214,4212.10,0.022142,27.448221
249.100,28.0466,150.0000,65.1250,65.1211,4211.76,0.022137,27.448221
249.200,28.0466,150.0000,65.1875,65.1209,4211.44,0.022132,27.448221
249.300,28.0466,150.0000,65.0625,65.1207,4211.15,0.022127,27.448221
249.400,28.0466,150.0000,65.1875,65.1204,4210.87,0.022123,27.448221
249.500,28.0466,150.0000,65.1250,65.1202,4210.61,0.022119,27.448221
249.600,28.0466,150.0000,65.1250,65.1199,4210.37,0.022115,27.448221
249.700,28.0466,150.0000,65.1250,65.1197,4210.14,0.022111,27.448221
249.800,28.0466,150.0000,65.1250,65.1195,4209.93,0.022108,27.448221
249.900,28.0466,150.0000,65.1250,65.1192,4209.74,0.022105,27.448221
250.000,28.0602,150.0000,65.1250,65.1190,4209.69,0.022104,27.461830
250.100,28.0602,150.0000,65.1875,65.1188,4209.65,0.022104,27.461830
250.200,28.0602,150.0000,65.1250,65.1186,4209.61,0.022103,27.461830
250.300,28.0602,150.0000,65.1875,65.1183,4209.57,0.022102,27.461830
250.400,28.0602,150.0000,65.1250,65.1181,4209.53,0.022102,27.461830
250.500,28.0602,150.0000,65.0625,65.1179,4209.50,0.022101,27.461830
250.600,28.0602,150.0000,65.1250,65.1177,4209.47,0.022101,27.461830
250.700,28.0602,150.0000,65.0625,65.1174,4209.44,0.022100,27.461830
250.800,28.0602,150.0000,65.2500,65.1172,4209.41,0.022100,27.461830
250.900,28.0602,150.0000,65.1875,65.1170,4209.39,0.022100,27.461830
251.000,28.3798,150.0000,65.1250,65.1168,4212.56,0.022150,27.482242
251.100,28.3798,150.0000,65.1875,65.1165,4215.52,0.022196,27.482242
251.200,28.3798,150.0000,65.1875,65.1162,4218.28,0.022240,27.482242
251.300,28.3798,150.0000,65.0625,65.1159,4220.86,0.022281,27.482242
251.400,28.3798,150.0000,65.1250,65.1157,4223.27,0.022319,27.482242
251.500,28.3798,150.0000,65.0625,65.1154,4225.52,0.022355,27.482242
251.600,28.3798,150.0000,65.1250,65.1150,4227.61,0.022388,27.482242
251.700,28.3798,150.0000,65.1875,65.1147,4229.57,0.022419,27.482242
251.800,28.3798,150.0000,65.2500,65.1144,4231.40,0.022448,27.482242
251.900,28.3798,150.0000,65.1250,65.1140,4233.10,0.022475,27.482242
252.000,28.0942,150.0000,65.1250,65.1137,4231.84,0.022455,27.495851
252.100,28.0942,150.0000,65.1250,65.1134,4230.66,0.022436,27.495851
252.200,28.0942,150.0000,65.1875,65.1131,4229.56,0.022419,27.495851
252.300,28.0942,150.0000,65.0625,65.1127,4228.53,0.022402,27.495851
252.400,28.0942,150.0000,65.1250,65.1124,4227.57,0.022387,27.495851
252.500,28.0942,150.0000,65.1250,65.1121,4226.67,0.022373,27.495851
252.600,28.0942,150.0000,65.1250,65.1118,4225.84,0.022360,27.495851
252.700,28.0942,150.0000,65.1250,65.1115,4225.06,0.022347,27.495851
252.800,28.0942,150.0000,65.1250,65.1112,4224.33,0.022336,27.495851
252.900,28.0942,150.0000,65.1250,65.1110,4223.65,0.022325,27.495851
253.000,28.1078,150.0000,65.1250,65.1107,4223.15,0.022317,27.509459
253.100,28.1078,150.0000,65.1250,65.1104,4222.69,0.022310,27.509459
253.200,28.1078,150.0000,65.1875,65.1101,4222.25,0.022303,27.509459
253.300,28.1078,150.0000,65.0625,65.1099,4221.85,0.022296,27.509459
253.400,28.1078,150.0000,65.0625,65.1096,4221.47,0.022290,27.509459
253.500,28.1078,150.0000,65.1250,65.1093,4221.12,0.022285,27.509459
253.600,28.1078,150.0000,65.1250,65.1091,4220.79,0.022280,27.509459
253.700,28.1078,150.0000,65.0625,65.1088,4220.48,0.022275,27.509459
253.800,28.1078,150.0000,65.1250,65.1085,4220.19,0.022270,27.509459
253.900,28.1078,150.0000,65.1250,65.1083,4219.93,0.022266,27.509459
254.000,28.1215,150.0000,65.0625,65.1080,4219.81,0.022264,27.523068
254.100,28.1215,150.0000,65.1875,65.1078,4219.71,0.022262,27.523068
254.200,28.1215,150.0000,65.0625,65.1075,4219.61,0.022261,27.523068
254.300,28.1215,150.0000,65.0625,65.1072,4219.51,0.022259,27.523068
254.400,28.1215,150.0000,65.1250,65.1070,4219.43,0.022258,27.523068
254.500,28.1215,150.0000,65.1875,65.1067,4219.35,0.022257,27.523068
254.600,28.1215,150.0000,65.1875,65.1065,4219.27,0.022256,27.523068
254.700,28.1215,150.0000,65.1875,65.1062,4219.20,0.022254,27.523068
254.800,28.1215,150.0000,65.0625,65.1060,4219.14,0.022253,27.523068
254.900,28.1215,150.0000,65.1875,65.1057,4219.08,0.022252,27.523068
255.000,28.4411,150.0000,65.1250,65.1055,4222.21,0.022302,27.543480
255.100,28.4411,150.0000,65.1250,65.1052,4225.14,0.022349,27.543480
255.200,28.4411,150.0000,65.1250,65.1049,4227.88,0.022392,27.543480
255.300,28.4411,150.0000,65.1250,65.1046,4230.43,0.022433,27.543480
255.400,28.4411,150.0000,65.1250,65.1043,4232.81,0.022471,27.543480
255.500,28.4411,150.0000,65.1875,65.1039,4235.04,0.022506,27.543480
255.600,28.4411,150.0000,65.1250,65.1036,4237.11,0.022539,27.543480
255.700,28.4411,150.0000,65.1250,65.1033,4239.05,0.022570,27.543480
255.800,28.4411,150.0000,65.1875,65.1029,4240.85,0.022599,27.543480
255.900,28.4411,150.0000,65.1875,65.1025,4242.54,0.022626,27.543480
256.000,28.4615,150.0000,65.0625,65.1022,4244.32,0.022654,27.563893
256.100,28.4615,150.0000,65.0625,65.1018,4245.98,0.022681,27.563893
256.200,28.4615,150.0000,65.1875,65.1014,4247.53,0.022706,27.563893
256.300,28.4615,150.0000,65.1250,65.1010,4248.98,0.022729,27.563893
256.400,28.4615,150.0000,65.1250,65.1006,4250.33,0.022751,27.563893
256.500,28.4615,150.0000,65.1250,65.1002,4251.59,0.022771,27.563893
256.600,28.4615,150.0000,65.1250,65.0998,4252.76,0.022790,27.563893
256.700,28.4615,150.0000,65.0625,65.0993,4253.86,0.022807,27.563893
256.800,28.4615,150.0000,65.0625,65.0989,4254.88,0.022824,27.563893
256.900,28.4615,150.0000,65.1250,65.0985,4255.84,0.022839,27.563893
257.000,28.1759,150.0000,65.0625,65.0981,4253.88,0.022808,27.577501
257.100,28.1759,150.0000,65.1875,65.0977,4252.04,0.022778,27.577501
257.200,28.1759,150.0000,65.1250,65.0973,4250.33,0.022751,27.577501
257.300,28.1759,150.0000,65.1250,65.0969,4248.74,0.022725,27.577501
257.400,28.1759,150.0000,65.1250,65.0965,4247.25,0.022701,27.577501
257.500,28.1759,150.0000,65.1250,65.0962,4245.85,0.022679,27.577501
257.600,28.1759,150.0000,65.0625,65.0958,4244.56,0.022658,27.577501
257.700,28.1759,150.0000,65.1875,65.0954,4243.34,0.022639,27.577501
257.800,28.1759,150.0000,65.1875,65.0951,4242.21,0.022621,27.577501
257.900,28.1759,150.0000,65.1250,65.0947,4241.16,0.022604,27.577501
258.000,28.1895,150.0000,65.0625,65.0944,4240.31,0.022590,27.591110
258.100,28.1895,150.0000,65.1875,65.0941,4239.52,0.022577,27.591110
258.200,28.1895,150.0000,65.1250,65.0938,4238.78,0.022566,27.591110
258.300,28.1895,150.0000,65.0625,65.0934,4238.09,0.022555,27.591110
258.400,28.1895,150.0000,65.1875,65.0931,4237.44,0.022544,27.591110
258.500,28.1895,150.0000,65.1875,65.0928,4236.84,0.022535,27.591110
258.600,28.1895,150.0000,65.0625,65.0925,4236.28,0.022526,27.591110
258.700,28.1895,150.0000,65.0625,65.0922,4235.76,0.022517,27.591110
258.800,28.1895,150.0000,65.0625,65.0919,4235.27,0.022510,27.591110
258.900,28.1895,150.0000,65.1250,65.0916,4234.81,0.022502,27.591110
259.000,28.2031,150.0000,65.0625,65.0913,4234.52,0.022498,27.604718
259.100,28.2031,150.0000,65.0625,65.0910,4234.25,0.022493,27.604718
259.200,28.2031,150.0000,65.1250,65.0907,4234.00,0.022489,27.604718
259.300,28.2031,150.0000,65.1875,65.0904,4233.76,0.022486,27.604718
259.400,28.2031,150.0000,65.0625,65.0901,4233.54,0.022482,27.604718
259.500,28.2031,150.0000,65.0625,65.0898,4233.34,0.022479,27.604718
259.600,28.2031,150.0000,65.1250,65.0895,4233.15,0.022476,27.604718
259.700,28.2031,150.0000,65.1875,65.0892,4232.97,0.022473,27.604718
259.800,28.2031,150.0000,65.0625,65.0890,4232.80,0.022470,27.604718
259.900,28.2031,150.0000,65.0625,65.0887,4232.65,0.022468,27.604718
260.000,27.9107,150.0000,65.1875,65.0884,4229.58,0.022419,27.611523
260.100,27.9107,150.0000,65.0625,65.0882,4226.71,0.022374,27.611523
260.200,27.9107,150.0000,65.1250,65.0879,4224.04,0.022331,27.611523
260.300,27.9107,150.0000,65.1875,65.0877,4221.54,0.022292,27.611523
260.400,27.9107,150.0000,65.0625,65.0875,4219.21,0.022255,27.611523
260.500,27.9107,150.0000,65.0000,65.0873,4217.04,0.022220,27.611523
260.600,27.9107,150.0000,65.1250,65.0871,4215.01,0.022188,27.611523
260.700,27.9107,150.0000,65.1250,65.0869,4213.12,0.022158,27.611523
260.800,27.9107,150.0000,65.1250,65.0868,4211.35,0.022130,27.611523
260.900,27.9107,150.0000,65.0625,65.0866,4209.70,0.022104,27.611523
261.000,27.9175,150.0000,65.1250,65.0865,4208.23,0.022081,27.618327
261.100,27.9175,150.0000,65.1250,65.0863,4206.86,0.022060,27.618327
261.200,27.9175,150.0000,65.0000,65.0862,4205.57,0.022040,27.618327
261.300,27.9175,150.0000,65.0625,65.0861,4204.38,0.022021,27.618327
261.400,27.9175,150.0000,65.0625,65.0859,4203.26,0.022003,27.618327
261.500,27.9175,150.0000,65.0625,65.0858,4202.22,0.021987,27.618327
261.600,27.9175,150.0000,65.0625,65.0857,4201.25,0.021972,27.618327
261.700,27.9175,150.0000,65.0625,65.0856,4200.34,0.021957,27.618327
261.800,27.9175,150.0000,65.0625,65.0855,4199.49,0.021944,27.618327
261.900,27.9175,150.0000,65.0625,65.0854,4198.70,0.021932,27.618327
262.000,27.9243,150.0000,65.0000,65.0853,4198.03,0.021921,27.625131
262.100,27.9243,150.0000,65.0625,65.0852,4197.40,0.021911,27.625131
262.200,27.9243,150.0000,65.1875,65.0851,4196.82,0.021902,27.625131
262.300,27.9243,150.0000,65.1250,65.0851,4196.28,0.021894,27.625131
262.400,27.9243,150.0000,65.0625,65.0850,4195.77,0.021886,27.625131
262.500,27.9243,150.0000,65.0625,65.0849,4195.29,0.021878,27.625131
262.600,27.9243,150.0000,65.0625,65.0848,4194.85,0.021871,27.625131
262.700,27.9243,150.0000,65.0000,65.0848,4194.44,0.021865,27.625131
262.800,27.9243,150.0000,65.1250,65.0847,4194.05,0.021859,27.625131
262.900,27.9243,150.0000,65.0625,65.0846,4193.69,0.021853,27.625131
263.000,27.9311,150.0000,65.1250,65.0846,4193.42,0.021849,27.631935
263.100,27.9311,150.0000,65.0625,65.0845,4193.17,0.021845,27.631935
263.200,27.9311,150.0000,65.1250,65.0844,4192.94,0.021841,27.631935
263.300,27.9311,150.0000,65.1250,65.0844,4192.72,0.021838,27.631935
263.400,27.9311,150.0000,65.1250,65.0843,4192.52,0.021835,27.631935
263.500,27.9311,150.0000,65.0625,65.0842,4192.33,0.021832,27.631935
263.600,27.9311,150.0000,65.2500,65.0842,4192.15,0.021829,27.631935
263.700,27.9311,150.0000,65.1250,65.0841,4191.99,0.021827,27.631935
263.800,27.9311,150.0000,65.1250,65.0841,4191.83,0.021824,27.631935
263.900,27.9311,150.0000,65.1250,65.0840,4191.69,0.021822,27.631935
264.000,28.2439,150.0000,65.1250,65.0839,4194.68,0.021869,27.645544
264.100,28.2439,150.0000,65.1250,65.0839,4197.47,0.021912,27.645544
264.200,28.2439,150.0000,65.1250,65.0838,4200.08,0.021953,27.645544
264.300,28.2439,150.0000,65.1250,65.0837,4202.52,0.021991,27.645544
264.400,28.2439,150.0000,65.1250,65.0835,4204.79,0.022027,27.645544
264.500,28.2439,150.0000,65.1250,65.0834,4206.91,0.022060,27.645544
264.600,28.2439,150.0000,65.0000,65.0832,4208.89,0.022092,27.645544
264.700,28.2439,150.0000,65.0625,65.0831,4210.73,0.022121,27.645544
264.800,28.2439,150.0000,65.1250,65.0829,4212.46,0.022148,27.645544
264.900,28.2439,150.0000,65.0625,65.0828,4214.07,0.022173,27.645544
265.000,27.9515,150.0000,65.1875,65.0826,4212.64,0.022151,27.652348
265.100,27.9515,150.0000,65.1875,65.0824,4211.32,0.022130,27.652348
265.200,27.9515,150.0000,65.0625,65.0823,4210.08,0.022110,27.652348
265.300,27.9515,150.0000,65.1875,65.0821,4208.92,0.022092,27.652348
265.400,27.9515,150.0000,65.0625,65.0820,4207.84,0.022075,27.652348
265.500,27.9515,150.0000,65.1250,65.0819,4206.83,0.022059,27.652348
265.600,27.9515,150.0000,65.0000,65.0818,4205.89,0.022045,27.652348
265.700,27.9515,150.0000,65.0625,65.0816,4205.02,0.022031,27.652348
265.800,27.9515,150.0000,65.0000,65.0815,4204.20,0.022018,27.652348
265.900,27.9515,150.0000,65.0625,65.0814,4203.43,0.022006,27.652348
266.000,27.9583,150.0000,65.1250,65.0813,4202.79,0.021996,27.659152
266.100,27.9583,150.0000,65.0625,65.0812,4202.19,0.021986,27.659152
266.200,27.9583,150.0000,65.0625,65.0811,4201.62,0.021977,27.659152
266.300,27.9583,150.0000,65.1250,65.0810,4201.10,0.021969,27.659152
266.400,27.9583,150.0000,65.0625,65.0809,4200.61,0.021962,27.659152
266.500,27.9583,150.0000,65.0625,65.0808,4200.15,0.021954,27.659152
266.600,27.9583,150.0000,65.1250,65.0807,4199.72,0.021948,27.659152
266.700,27.9583,150.0000,65.0625,65.0806,4199.33,0.021941,27.659152
266.800,27.9583,150.0000,65.1250,65.0805,4198.96,0.021936,27.659152
266.900,27.9583,150.0000,65.0000,65.0804,4198.61,0.021930,27.659152
267.000,27.6592,150.0000,65.0625,65.0804,4195.29,0.021878,27.659152
267.100,27.6592,150.0000,65.1250,65.0803,4192.20,0.021830,27.659152
267.200,27.6592,150.0000,65.0625,65.0803,4189.31,0.021785,27.659152
267.300,27.6592,150.0000,65.1875,65.0803,4186.61,0.021743,27.659152
267.400,27.6592,150.0000,65.0625,65.0803,4184.10,0.021704,27.659152
267.500,27.6592,150.0000,65.0625,65.0803,4181.75,0.021667,27.659152
267.600,27.6592,150.0000,65.0000,65.0803,4179.56,0.021633,27.659152
267.700,27.6592,150.0000,65.1875,65.0803,4177.51,0.021601,27.659152
267.800,27.6592,150.0000,65.0625,65.0804,4175.60,0.021572,27.659152
267.900,27.6592,150.0000,65.0625,65.0804,4173.82,0.021544,27.659152
268.000,27.9652,150.0000,65.0625,65.0804,4175.22,0.021566,27.665956
268.100,27.9652,150.0000,65.1250,65.0805,4176.52,0.021586,27.665956
268.200,27.9652,150.0000,65.1250,65.0805,4177.74,0.021605,27.665956
268.300,27.9652,150.0000,65.1250,65.0805,4178.87,0.021622,27.665956
268.400,27.9652,150.0000,65.0000,65.0805,4179.93,0.021639,27.665956
268.500,27.9652,150.0000,65.1250,65.0805,4180.92,0.021654,27.665956
268.600,27.9652,150.0000,65.1250,65.0805,4181.85,0.021669,27.665956
268.700,27.9652,150.0000,65.0625,65.0805,4182.71,0.021682,27.665956
268.800,27.9652,150.0000,65.1250,65.0805,4183.51,0.021694,27.665956
268.900,27.9652,150.0000,65.0625,65.0805,4184.26,0.021706,27.665956
269.000,27.9720,150.0000,65.1250,65.0805,4185.03,0.021718,27.672761
269.100,27.9720,150.0000,65.1250,65.0805,4185.75,0.021729,27.672761
269.200,27.9720,150.0000,65.1250,65.0805,4186.42,0.021740,27.672761
269.300,27.9720,150.0000,65.0625,65.0805,4187.04,0.021749,27.672761
269.400,27.9720,150.0000,65.1250,65.0804,4187.63,0.021759,27.672761
269.500,27.9720,150.0000,65.0625,65.0804,4188.17,0.021767,27.672761
269.600,27.9720,150.0000,65.1875,65.0804,4188.68,0.021775,27.672761
269.700,27.9720,150.0000,65.1875,65.0803,4189.15,0.021782,27.672761
269.800,27.9720,150.0000,65.0625,65.0803,4189.60,0.021789,27.672761
269.900,27.9720,150.0000,65.0625,65.0803,4190.01,0.021796,27.672761
270.000,27.9788,150.0000,65.1250,65.0802,4190.46,0.021803,27.679565
270.100,27.9788,150.0000,65.0625,65.0802,4190.89,0.021809,27.679565
270.200,27.9788,150.0000,65.0625,65.0801,4191.28,0.021816,27.679565
270.300,27.9788,150.0000,65.1250,65.0801,4191.65,0.021821,27.679565
270.400,27.9788,150.0000,65.1250,65.0800,4191.99,0.021827,27.679565
270.500,27.9788,150.0000,65.0625,65.0800,4192.32,0.021832,27.679565
270.600,27.9788,150.0000,65.1250,65.0799,4192.62,0.021836,27.679565
270.700,27.9788,150.0000,65.1250,65.0799,4192.90,0.021841,27.679565
270.800,27.9788,150.0000,65.1250,65.0798,4193.16,0.021845,27.679565
270.900,27.9788,150.0000,65.1250,65.0798,4193.40,0.021849,27.679565
271.000,28.2916,150.0000,65.0625,65.0797,4196.76,0.021901,27.693173
271.100,28.2916,150.0000,65.1250,65.0796,4199.89,0.021950,27.693173
271.200,28.2916,150.0000,65.0625,65.0795,4202.81,0.021996,27.693173
271.300,28.2916,150.0000,65.1250,65.0794,4205.54,0.022039,27.693173
271.400,28.2916,150.0000,65.1250,65.0793,4208.09,0.022079,27.693173
271.500,28.2916,150.0000,65.0625,65.0791,4210.46,0.022116,27.693173
271.600,28.2916,150.0000,65.0000,65.0790,4212.68,0.022151,27.693173
271.700,28.2916,150.0000,65.0000,65.0788,4214.75,0.022184,27.693173
271.800,28.2916,150.0000,65.1250,65.0786,4216.68,0.022215,27.693173
271.900,28.2916,150.0000,65.1250,65.0784,4218.49,0.022243,27.693173
272.000,28.3052,150.0000,65.0625,65.0782,4220.31,0.022272,27.706782
272.100,28.3052,150.0000,65.0625,65.0780,4222.00,0.022299,27.706782
272.200,28.3052,150.0000,65.1250,65.0778,4223.59,0.022324,27.706782
272.300,28.3052,150.0000,65.1250,65.0776,4225.07,0.022347,27.706782
272.400,28.3052,150.0000,65.1250,65.0774,4226.45,0.022369,27.706782
272.500,28.3052,150.0000,65.1250,65.0771,4227.74,0.022390,27.706782
272.600,28.3052,150.0000,65.0625,65.0769,4228.94,0.022409,27.706782
272.700,28.3052,150.0000,65.0000,65.0767,4230.06,0.022427,27.706782
272.800,28.3052,150.0000,65.0000,65.0764,4231.11,0.022443,27.706782
272.900,28.3052,150.0000,65.1250,65.0762,4232.09,0.022459,27.706782
273.000,28.3188,150.0000,65.1250,65.0759,4233.14,0.022476,27.720390
273.100,28.3188,150.0000,65.0000,65.0757,4234.11,0.022491,27.720390
273.200,28.3188,150.0000,65.0625,65.0754,4235.03,0.022506,27.720390
273.300,28.3188,150.0000,65.0625,65.0751,4235.88,0.022519,27.720390
273.400,28.3188,150.0000,65.0625,65.0748,4236.68,0.022532,27.720390
273.500,28.3188,150.0000,65.1250,65.0746,4237.42,0.022544,27.720390
273.600,28.3188,150.0000,65.1875,65.0743,4238.11,0.022555,27.720390
273.700,28.3188,150.0000,65.0625,65.0740,4238.76,0.022565,27.720390
273.800,28.3188,150.0000,65.0625,65.0737,4239.36,0.022575,27.720390
273.900,28.3188,150.0000,65.1250,65.0734,4239.93,0.022584,27.720390
274.000,28.3324,150.0000,65.1250,65.0731,4240.59,0.022595,27.733998
274.100,28.3324,150.0000,65.1250,65.0729,4241.21,0.022604,27.733998
274.200,28.3324,150.0000,65.0625,65.0726,4241.78,0.022614,27.733998
274.300,28.3324,150.0000,65.0625,65.0723,4242.32,0.022622,27.733998
274.400,28.3324,150.0000,65.1250,65.0720,4242.82,0.022630,27.733998
274.500,28.3324,150.0000,65.0000,65.0717,4243.29,0.022638,27.733998
274.600,28.3324,150.0000,65.1250,65.0714,4243.73,0.022645,27.733998
274.700,28.3324,150.0000,65.1250,65.0711,4244.14,0.022651,27.733998
274.800,28.3324,150.0000,65.0625,65.0707,4244.52,0.022658,27.733998
274.900,28.3324,150.0000,65.0000,65.0704,4244.88,0.022663,27.733998
275.000,27.7340,150.0000,65.0000,65.0702,4239.22,0.022573,27.733998
275.100,27.7340,150.0000,65.1250,65.0699,4233.95,0.022489,27.733998
275.200,27.7340,150.0000,65.0625,65.0697,4229.03,0.022410,27.733998
275.300,27.7340,150.0000,65.1250,65.0695,4224.43,0.022337,27.733998
275.400,27.7340,150.0000,65.0000,65.0693,4220.14,0.022269,27.733998
275.500,27.7340,150.0000,65.0000,65.0692,4216.14,0.022206,27.733998
275.600,27.7340,150.0000,65.0625,65.0690,4212.40,0.022147,27.733998
275.700,27.7340,150.0000,65.0625,65.0689,4208.92,0.022092,27.733998
275.800,27.7340,150.0000,65.0625,65.0688,4205.66,0.022041,27.733998
275.900,27.7340,150.0000,65.1250,65.0688,4202.62,0.021993,27.733998
276.000,28.3460,150.0000,65.0000,65.0687,4205.91,0.022045,27.747607
276.100,28.3460,150.0000,65.1250,65.0685,4208.98,0.022093,27.747607
276.200,28.3460,150.0000,65.0625,65.0684,4211.84,0.022138,27.747607
276.300,28.3460,150.0000,65.0000,65.0683,4214.51,0.022180,27.747607
276.400,28.3460,150.0000,65.0000,65.0681,4217.00,0.022220,27.747607
276.500,28.3460,150.0000,65.0000,65.0680,4219.33,0.022256,27.747607
276.600,28.3460,150.0000,65.0000,65.0678,4221.50,0.022291,27.747607
276.700,28.3460,150.0000,65.1250,65.0676,4223.53,0.022323,27.747607
276.800,28.3460,150.0000,65.1250,65.0674,4225.42,0.022353,27.747607
276.900,28.3460,150.0000,65.1250,65.0672,4227.18,0.022381,27.747607
277.000,28.3596,150.0000,65.1250,65.0670,4228.97,0.022409,27.761215
277.100,28.3596,150.0000,65.0000,65.0667,4230.63,0.022436,27.761215
277.200,28.3596,150.0000,65.0625,65.0665,4232.19,0.022461,27.761215
277.300,28.3596,150.0000,65.0625,65.0663,4233.64,0.022484,27.761215
277.400,28.3596,150.0000,65.1250,65.0660,4234.99,0.022505,27.761215
277.500,28.3596,150.0000,65.0000,65.0658,4236.25,0.022525,27.761215
277.600,28.3596,150.0000,65.1250,65.0655,4237.43,0.022544,27.761215
277.700,28.3596,150.0000,65.1250,65.0653,4238.53,0.022562,27.761215
277.800,28.3596,150.0000,65.1250,65.0650,4239.56,0.022578,27.761215
277.900,28.3596,150.0000,65.1250,65.0647,4240.52,0.022593,27.761215
278.000,28.3732,150.0000,65.0625,65.0645,4241.55,0.022610,27.774824
278.100,28.3732,150.0000,65.1250,65.0642,4242.51,0.022625,27.774824
278.200,28.3732,150.0000,65.1875,65.0639,4243.41,0.022640,27.774824
278.300,28.3732,150.0000,65.0625,65.0636,4244.25,0.022653,27.774824
278.400,28.3732,150.0000,65.0625,65.0633,4245.03,0.022666,27.774824
278.500,28.3732,150.0000,65.0625,65.0630,4245.76,0.022677,27.774824
278.600,28.3732,150.0000,65.1250,65.0627,4246.44,0.022688,27.774824
278.700,28.3732,150.0000,65.1250,65.0624,4247.08,0.022698,27.774824
278.800,28.3732,150.0000,65.0000,65.0621,4247.67,0.022708,27.774824
278.900,28.3732,150.0000,65.0000,65.0618,4248.23,0.022717,27.774824
279.000,27.7748,150.0000,65.1250,65.0615,4242.76,0.022629,27.774824
279.100,27.7748,150.0000,65.1250,65.0613,4237.66,0.022548,27.774824
279.200,27.7748,150.0000,65.0625,65.0611,4232.89,0.022472,27.774824
279.300,27.7748,150.0000,65.0625,65.0609,4228.45,0.022401,27.774824
279.400,27.7748,150.0000,65.0000,65.0607,4224.30,0.022335,27.774824
279.500,27.7748,150.0000,65.1250,65.0605,4220.43,0.022274,27.774824
279.600,27.7748,150.0000,65.0000,65.0604,4216.82,0.022217,27.774824
279.700,27.7748,150.0000,65.0625,65.0603,4213.44,0.022163,27.774824
279.800,27.7748,150.0000,65.0000,65.0602,4210.29,0.022114,27.774824
279.900,27.7748,150.0000,65.0625,65.0601,4207.36,0.022068,27.774824
280.000,28.0808,150.0000,65.1250,65.0600,4207.67,0.022073,27.781628
280.100,28.0808,150.0000,65.1250,65.0599,4207.97,0.022077,27.781628
280.200,28.0808,150.0000,65.0000,65.0598,4208.25,0.022082,27.781628
280.300,28.0808,150.0000,65.1875,65.0597,4208.51,0.022086,27.781628
280.400,28.0808,150.0000,65.0625,65.0596,4208.75,0.022089,27.781628
280.500,28.0808,150.0000,65.0625,65.0596,4208.97,0.022093,27.781628
280.600,28.0808,150.0000,64.9375,65.0595,4209.18,0.022096,27.781628
280.700,28.0808,150.0000,65.0625,65.0594,4209.38,0.022099,27.781628
280.800,28.0808,150.0000,65.0625,65.0593,4209.56,0.022102,27.781628
280.900,28.0808,150.0000,65.1250,65.0592,4209.73,0.022105,27.781628
281.000,28.3936,150.0000,65.0625,65.0591,4213.02,0.022157,27.795236
281.100,28.3936,150.0000,65.1250,65.0589,4216.09,0.022205,27.795236
281.200,28.3936,150.0000,65.0625,65.0588,4218.95,0.022251,27.795236
281.300,28.3936,150.0000,65.1250,65.0586,4221.62,0.022293,27.795236
281.400,28.3936,150.0000,65.1250,65.0585,4224.12,0.022332,27.795236
281.500,28.3936,150.0000,65.0625,65.0583,4226.45,0.022369,27.795236
281.600,28.3936,150.0000,65.0000,65.0581,4228.62,0.022404,27.795236
281.700,28.3936,150.0000,65.0625,65.0579,4230.65,0.022436,27.795236
281.800,28.3936,150.0000,65.0000,65.0577,4232.54,0.022466,27.795236
281.900,28.3936,150.0000,65.0000,65.0574,4234.31,0.022494,27.795236
282.000,27.7952,150.0000,65.0625,65.0572,4229.97,0.022425,27.795236
282.100,27.7952,150.0000,65.0625,65.0571,4225.93,0.022361,27.795236
282.200,27.7952,150.0000,65.1250,65.0569,4222.15,0.022301,27.795236
282.300,27.7952,150.0000,65.0625,65.0568,4218.63,0.022245,27.795236
282.400,27.7952,150.0000,65.0000,65.0567,4215.34,0.022193,27.795236
282.500,27.7952,150.0000,65.0000,65.0566,4212.27,0.022145,27.795236
282.600,27.7952,150.0000,65.0000,65.0565,4209.40,0.022100,27.795236
282.700,27.7952,150.0000,65.1250,65.0564,4206.73,0.022058,27.795236
282.800,27.7952,150.0000,65.0625,65.0563,4204.23,0.022018,27.795236
282.900,27.7952,150.0000,65.0625,65.0563,4201.90,0.021982,27.795236
283.000,28.1012,150.0000,65.0625,65.0562,4202.79,0.021996,27.802041
283.100,28.1012,150.0000,65.0625,65.0562,4203.61,0.022009,27.802041
283.200,28.1012,150.0000,65.1250,65.0561,4204.39,0.022021,27.802041
283.300,28.1012,150.0000,65.1250,65.0560,4205.11,0.022032,27.802041
283.400,28.1012,150.0000,65.1250,65.0560,4205.78,0.022043,27.802041
283.500,28.1012,150.0000,65.0625,65.0559,4206.40,0.022053,27.802041
283.600,28.1012,150.0000,65.1250,65.0558,4206.99,0.022062,27.802041
283.700,28.1012,150.0000,65.0000,65.0558,4207.54,0.022070,27.802041
283.800,28.1012,150.0000,65.0000,65.0557,4208.05,0.022078,27.802041
283.900,28.1012,150.0000,65.0625,65.0556,4208.52,0.022086,27.802041
284.000,28.1080,150.0000,65.0000,65.0555,4209.03,0.022094,27.808845
284.100,28.1080,150.0000,65.0000,65.0554,4209.51,0.022101,27.808845
284.200,28.1080,150.0000,65.0625,65.0553,4209.96,0.022109,27.808845
284.300,28.1080,150.0000,65.0625,65.0552,4210.38,0.022115,27.808845
284.400,28.1080,150.0000,65.1250,65.0552,4210.76,0.022121,27.808845
284.500,28.1080,150.0000,65.0000,65.0551,4211.13,0.022127,27.808845
284.600,28.1080,150.0000,65.0625,65.0550,4211.47,0.022132,27.808845
284.700,28.1080,150.0000,65.0625,65.0549,4211.78,0.022137,27.808845
284.800,28.1080,150.0000,65.1875,65.0548,4212.08,0.022142,27.808845
284.900,28.1080,150.0000,65.1250,65.0547,4212.35,0.022146,27.808845
285.000,28.4208,150.0000,65.0625,65.0546,4215.74,0.022200,27.822453
285.100,28.4208,150.0000,64.9375,65.0544,4218.90,0.022250,27.822453
285.200,28.4208,150.0000,65.0625,65.0543,4221.84,0.022296,27.822453
285.300,28.4208,150.0000,65.0625,65.0541,4224.60,0.022340,27.822453
285.400,28.4208,150.0000,65.0625,65.0539,4227.17,0.022381,27.822453
285.500,28.4208,150.0000,65.1250,65.0537,4229.56,0.022419,27.822453
285.600,28.4208,150.0000,65.1250,65.0535,4231.80,0.022454,27.822453
285.700,28.4208,150.0000,65.0625,65.0533,4233.89,0.022488,27.822453
285.800,28.4208,150.0000,65.0000,65.0531,4235.84,0.022519,27.822453
285.900,28.4208,150.0000,65.0625,65.0529,4237.66,0.022548,27.822453
286.000,28.1285,150.0000,65.1250,65.0527,4236.43,0.022528,27.829258
286.100,28.1285,150.0000,65.0625,65.0524,4235.29,0.022510,27.829258
286.200,28.1285,150.0000,65.0625,65.0522,4234.22,0.022493,27.829258
286.300,28.1285,150.0000,65.0000,65.0520,4233.22,0.022477,27.829258
286.400,28.1285,150.0000,65.0000,65.0518,4232.29,0.022462,27.829258
286.500,28.1285,150.0000,65.0625,65.0516,4231.42,0.022448,27.829258
286.600,28.1285,150.0000,65.1250,65.0514,4230.61,0.022436,27.829258
286.700,28.1285,150.0000,65.0000,65.0513,4229.86,0.022423,27.829258
286.800,28.1285,150.0000,65.1250,65.0511,4229.15,0.022412,27.829258
286.900,28.1285,150.0000,65.1250,65.0509,4228.49,0.022402,27.829258
287.000,28.4413,150.0000,65.1250,65.0507,4231.01,0.022442,27.842866
287.100,28.4413,150.0000,65.0000,65.0505,4233.35,0.022479,27.842866
287.200,28.4413,150.0000,65.1875,65.0503,4235.54,0.022514,27.842866
287.300,28.4413,150.0000,65.0625,65.0501,4237.58,0.022547,27.842866
287.400,28.4413,150.0000,65.0625,65.0499,4239.49,0.022577,27.842866
287.500,28.4413,150.0000,65.1250,65.0496,4241.27,0.022605,27.842866
287.600,28.4413,150.0000,65.0000,65.0494,4242.93,0.022632,27.842866
287.700,28.4413,150.0000,65.0000,65.0491,4244.48,0.022657,27.842866
287.800,28.4413,150.0000,65.1875,65.0488,4245.93,0.022680,27.842866
287.900,28.4413,150.0000,65.1250,65.0486,4247.28,0.022702,27.842866
288.000,28.4549,150.0000,65.0625,65.0483,4248.68,0.022724,27.856474
288.100,28.4549,150.0000,65.0625,65.0480,4249.98,0.022745,27.856474
288.200,28.4549,150.0000,65.0000,65.0477,4251.20,0.022765,27.856474
288.300,28.4549,150.0000,65.1250,65.0474,4252.33,0.022783,27.856474
288.400,28.4549,150.0000,65.0625,65.0471,4253.39,0.022800,27.856474
288.500,28.4549,150.0000,65.0000,65.0468,4254.38,0.022816,27.856474
288.600,28.4549,150.0000,65.0625,65.0465,4255.30,0.022831,27.856474
288.700,28.4549,150.0000,65.0625,65.0462,4256.17,0.022845,27.856474
288.800,28.4549,150.0000,65.1250,65.0459,4256.97,0.022857,27.856474
288.900,28.4549,150.0000,65.0625,65.0456,4257.72,0.022870,27.856474
289.000,28.1625,150.0000,65.0000,65.0453,4255.50,0.022834,27.863279
289.100,28.1625,150.0000,65.1250,65.0450,4253.42,0.022800,27.863279
289.200,28.1625,150.0000,65.0000,65.0447,4251.49,0.022769,27.863279
289.300,28.1625,150.0000,64.9375,65.0444,4249.68,0.022740,27.863279
289.400,28.1625,150.0000,65.1250,65.0441,4247.99,0.022713,27.863279
289.500,28.1625,150.0000,65.0000,65.0439,4246.42,0.022688,27.863279
289.600,28.1625,150.0000,65.1250,65.0436,4244.95,0.022664,27.863279
289.700,28.1625,150.0000,65.0625,65.0434,4243.57,0.022642,27.863279
289.800,28.1625,150.0000,65.1250,65.0432,4242.29,0.022622,27.863279
289.900,28.1625,150.0000,65.0625,65.0429,4241.10,0.022603,27.863279
290.000,28.1693,150.0000,65.1250,65.0427,4240.05,0.022586,27.870083
290.100,28.1693,150.0000,65.0625,65.0425,4239.08,0.022570,27.870083
290.200,28.1693,150.0000,65.0625,65.0423,4238.16,0.022556,27.870083
290.300,28.1693,150.0000,65.0000,65.0421,4237.31,0.022542,27.870083
290.400,28.1693,150.0000,65.0625,65.0419,4236.52,0.022530,27.870083
290.500,28.1693,150.0000,65.0625,65.0417,4235.78,0.022518,27.870083
290.600,28.1693,150.0000,65.0625,65.0415,4235.08,0.022507,27.870083
290.700,28.1693,150.0000,65.0000,65.0413,4234.44,0.022496,27.870083
290.800,28.1693,150.0000,65.0000,65.0411,4233.83,0.022487,27.870083
290.900,28.1693,150.0000,65.0625,65.0410,4233.27,0.022478,27.870083
291.000,28.1761,150.0000,65.0625,65.0408,4232.81,0.022471,27.876887
291.100,28.1761,150.0000,65.0000,65.0406,4232.39,0.022464,27.876887
291.200,28.1761,150.0000,65.0625,65.0404,4231.99,0.022457,27.876887
291.300,28.1761,150.0000,64.9375,65.0403,4231.62,0.022451,27.876887
291.400,28.1761,150.0000,65.0625,65.0401,4231.27,0.022446,27.876887
291.500,28.1761,150.0000,65.0625,65.0399,4230.95,0.022441,27.876887
291.600,28.1761,150.0000,65.0000,65.0398,4230.64,0.022436,27.876887
291.700,28.1761,150.0000,65.0000,65.0396,4230.36,0.022432,27.876887
291.800,28.1761,150.0000,65.1250,65.0395,4230.10,0.022427,27.876887
291.900,28.1761,150.0000,65.0625,65.0393,4229.85,0.022423,27.876887
292.000,28.1829,150.0000,65.1250,65.0391,4229.69,0.022421,27.883691
292.100,28.1829,150.0000,65.0000,65.0390,4229.54,0.022418,27.883691
292.200,28.1829,150.0000,65.0625,65.0388,4229.40,0.022416,27.883691
292.300,28.1829,150.0000,65.0000,65.0387,4229.27,0.022414,27.883691
292.400,28.1829,150.0000,65.0000,65.0385,4229.15,0.022412,27.883691
292.500,28.1829,150.0000,65.1250,65.0384,4229.03,0.022410,27.883691
292.600,28.1829,150.0000,65.0625,65.0382,4228.93,0.022409,27.883691
292.700,28.1829,150.0000,65.1875,65.0381,4228.83,0.022407,27.883691
292.800,28.1829,150.0000,65.0625,65.0379,4228.73,0.022406,27.883691
292.900,28.1829,150.0000,65.0625,65.0378,4228.65,0.022404,27.883691
293.000,28.1897,150.0000,65.0000,65.0376,4228.63,0.022404,27.890496
293.100,28.1897,150.0000,65.1250,65.0375,4228.62,0.022404,27.890496
293.200,28.1897,150.0000,65.0625,65.0373,4228.61,0.022404,27.890496
293.300,28.1897,150.0000,65.0625,65.0372,4228.60,0.022404,27.890496
293.400,28.1897,150.0000,65.1250,65.0370,4228.59,0.022403,27.890496
293.500,28.1897,150.0000,65.0625,65.0369,4228.58,0.022403,27.890496
293.600,28.1897,150.0000,65.0000,65.0368,4228.57,0.022403,27.890496
293.700,28.1897,150.0000,65.1250,65.0366,4228.56,0.022403,27.890496
293.800,28.1897,150.0000,65.0000,65.0365,4228.56,0.022403,27.890496
293.900,28.1897,150.0000,65.0625,65.0363,4228.55,0.022403,27.890496
294.000,28.1965,150.0000,65.0000,65.0362,4228.61,0.022404,27.897300
294.100,28.1965,150.0000,65.1250,65.0360,4228.67,0.022405,27.897300
294.200,28.1965,150.0000,65.1250,65.0359,4228.72,0.022405,27.897300
294.300,28.1965,150.0000,65.0000,65.0357,4228.77,0.022406,27.897300
294.400,28.1965,150.0000,64.9375,65.0356,4228.82,0.022407,27.897300
294.500,28.1965,150.0000,65.0625,65.0355,4228.86,0.022408,27.897300
294.600,28.1965,150.0000,65.0625,65.0353,4228.90,0.022408,27.897300
294.700,28.1965,150.0000,65.0625,65.0352,4228.94,0.022409,27.897300
294.800,28.1965,150.0000,65.1250,65.0350,4228.98,0.022410,27.897300
294.900,28.1965,150.0000,65.0625,65.0349,4229.01,0.022410,27.897300
295.000,28.2033,150.0000,65.0625,65.0347,4229.11,0.022412,27.904104
295.100,28.2033,150.0000,65.0000,65.0346,4229.20,0.022413,27.904104
295.200,28.2033,150.0000,65.0625,65.0344,4229.29,0.022414,27.904104
295.300,28.2033,150.0000,65.0000,65.0343,4229.37,0.022416,27.904104
295.400,28.2033,150.0000,65.0000,65.0342,4229.44,0.022417,27.904104
295.500,28.2033,150.0000,65.0000,65.0340,4229.51,0.022418,27.904104
295.600,28.2033,150.0000,65.0000,65.0339,4229.58,0.022419,27.904104
295.700,28.2033,150.0000,65.0625,65.0337,4229.64,0.022420,27.904104
295.800,28.2033,150.0000,64.9375,65.0336,4229.70,0.022421,27.904104
295.900,28.2033,150.0000,65.0000,65.0334,4229.75,0.022422,27.904104
296.000,27.9041,150.0000,65.0000,65.0333,4226.81,0.022375,27.904104
296.100,27.9041,150.0000,65.0000,65.0332,4224.06,0.022331,27.904104
296.200,27.9041,150.0000,65.0625,65.0331,4221.50,0.022291,27.904104
296.300,27.9041,150.0000,65.0625,65.0330,4219.11,0.022253,27.904104
296.400,27.9041,150.0000,64.9375,65.0329,4216.87,0.022218,27.904104
296.500,27.9041,150.0000,65.0000,65.0329,4214.79,0.022185,27.904104
296.600,27.9041,150.0000,65.0000,65.0328,4212.85,0.022154,27.904104
296.700,27.9041,150.0000,65.1875,65.0328,4211.03,0.022125,27.904104
296.800,27.9041,150.0000,65.0625,65.0327,4209.34,0.022099,27.904104
296.900,27.9041,150.0000,65.1250,65.0327,4207.75,0.022074,27.904104
297.000,28.5161,150.0000,65.0000,65.0327,4212.40,0.022147,27.917712
297.100,28.5161,150.0000,65.1250,65.0326,4216.73,0.022215,27.917712
297.200,28.5161,150.0000,65.0625,65.0325,4220.78,0.022279,27.917712
297.300,28.5161,150.0000,65.0625,65.0324,4224.55,0.022339,27.917712
297.400,28.5161,150.0000,65.0625,65.0322,4228.08,0.022395,27.917712
297.500,28.5161,150.0000,65.0625,65.0321,4231.37,0.022448,27.917712
297.600,28.5161,150.0000,65.0625,65.0319,4234.44,0.022496,27.917712
297.700,28.5161,150.0000,65.0000,65.0317,4237.30,0.022542,27.917712
297.800,28.5161,150.0000,65.1250,65.0315,4239.98,0.022585,27.917712
297.900,28.5161,150.0000,65.0625,65.0313,4242.47,0.022625,27.917712
298.000,28.2237,150.0000,65.0625,65.0311,4241.88,0.022615,27.924517
298.100,28.2237,150.0000,65.0000,65.0309,4241.32,0.022606,27.924517
298.200,28.2237,150.0000,65.0625,65.0307,4240.81,0.022598,27.924517
298.300,28.2237,150.0000,65.0000,65.0305,4240.32,0.022590,27.924517
298.400,28.2237,150.0000,65.0625,65.0304,4239.87,0.022583,27.924517
298.500,28.2237,150.0000,64.9375,65.0302,4239.45,0.022576,27.924517
298.600,28.2237,150.0000,65.0000,65.0300,4239.06,0.022570,27.924517
298.700,28.2237,150.0000,65.0625,65.0298,4238.69,0.022564,27.924517
298.800,28.2237,150.0000,65.0625,65.0296,4238.35,0.022559,27.924517
298.900,28.2237,150.0000,65.0625,65.0294,4238.03,0.022554,27.924517
299.000,28.2305,150.0000,65.0000,65.0293,4237.80,0.022550,27.931321
299.100,28.2305,150.0000,65.0625,65.0291,4237.58,0.022547,27.931321
299.200,28.2305,150.0000,65.0625,65.0289,4237.38,0.022543,27.931321
299.300,28.2305,150.0000,65.0625,65.0287,4237.20,0.022540,27.931321
299.400,28.2305,150.0000,65.0000,65.0286,4237.02,0.022538,27.931321
299.500,28.2305,150.0000,65.0625,65.0284,4236.86,0.022535,27.931321
299.600,28.2305,150.0000,64.9375,65.0282,4236.71,0.022533,27.931321
299.700,28.2305,150.0000,65.0000,65.0281,4236.56,0.022530,27.931321
299.800,28.2305,150.0000,65.1250,65.0279,4236.43,0.022528,27.931321
299.900,28.2305,150.0000,65.0000,65.0277,4236.31,0.022526,27.931321
300.000,27.9313,300.0000,65.1250,65.1164,4233.20,0.022477,27.931321
300.100,27.9313,300.0000,65.0625,65.2049,4230.30,0.022431,27.931321
300.200,27.9313,300.0000,65.1250,65.2932,4227.59,0.022388,27.931321
300.300,27.9313,300.0000,65.0000,65.3813,4225.07,0.022347,27.931321
300.400,27.9313,300.0000,65.0000,65.4693,4222.71,0.022310,27.931321
300.500,27.9313,300.0000,65.1250,65.5571,4220.51,0.022275,27.931321
300.600,27.9313,300.0000,65.0625,65.6447,4218.46,0.022243,27.931321
300.700,27.9313,300.0000,65.0000,65.7322,4216.54,0.022212,27.931321
300.800,27.9313,300.0000,65.1250,65.8195,4214.75,0.022184,27.931321
300.900,27.9313,300.0000,65.0000,65.9066,4213.08,0.022158,27.931321
301.000,27.9313,300.0000,65.0625,65.9935,4211.52,0.022133,27.931321
301.100,27.9313,300.0000,65.0000,66.0803,4210.07,0.022110,27.931321
301.200,27.9313,300.0000,65.0000,66.1668,4208.71,0.022089,27.931321
301.300,27.9313,300.0000,65.0625,66.2532,4207.44,0.022069,27.931321
301.400,27.9313,300.0000,65.0000,66.3394,4206.26,0.022050,27.931321
301.500,27.9313,300.0000,65.0625,66.4255,4205.15,0.022033,27.931321
301.600,27.9313,300.0000,65.0000,66.5113,4204.12,0.022017,27.931321
301.700,27.9313,300.0000,65.0000,66.5970,4203.16,0.022002,27.931321
301.800,27.9313,300.0000,65.1250,66.6825,4202.26,0.021988,27.931321
301.900,27.9313,300.0000,65.0625,66.7678,4201.43,0.021974,27.931321
302.000,28.2373,300.0000,65.0625,66.8529,4203.70,0.022010,27.938125
302.100,28.2373,300.0000,64.9375,66.9378,4205.83,0.022044,27.938125
302.200,28.2373,300.0000,65.0000,67.0224,4207.81,0.022075,27.938125
302.300,28.2373,300.0000,65.0000,67.1069,4209.67,0.022104,27.938125
302.400,28.2373,300.0000,65.0000,67.1912,4211.40,0.022131,27.938125
302.500,28.2373,300.0000,65.1250,67.2752,4213.01,0.022157,27.938125
302.600,28.2373,300.0000,65.1250,67.3591,4214.52,0.022180,27.938125
302.700,28.2373,300.0000,65.1250,67.4427,4215.92,0.022203,27.938125
302.800,28.2373,300.0000,65.0000,67.5262,4217.23,0.022223,27.938125
302.900,28.2373,300.0000,65.0625,67.6094,4218.46,0.022243,27.938125
303.000,28.2441,300.0000,65.0625,67.6925,4219.67,0.022262,27.944929
303.100,28.2441,300.0000,64.9375,67.7754,4220.80,0.022280,27.944929
303.200,28.2441,300.0000,65.1250,67.8580,4221.85,0.022296,27.944929
303.300,28.2441,300.0000,65.0000,67.9405,4222.84,0.022312,27.944929
303.400,28.2441,300.0000,65.0625,68.0228,4223.76,0.022327,27.944929
303.500,28.2441,300.0000,65.1250,68.1049,4224.61,0.022340,27.944929
303.600,28.2441,300.0000,65.1250,68.1868,4225.41,0.022353,27.944929
303.700,28.2441,300.0000,65.0625,68.2685,4226.16,0.022365,27.944929
303.800,28.2441,300.0000,65.1875,68.3500,4226.86,0.022376,27.944929
303.900,28.2441,300.0000,65.1875,68.4313,4227.51,0.022386,27.944929
304.000,28.8629,300.0000,65.1875,68.5124,4234.30,0.022494,27.965342
304.100,28.8629,300.0000,65.1875,68.5932,4240.65,0.022596,27.965342
304.200,28.8629,300.0000,65.2500,68.6738,4246.57,0.022690,27.965342
304.300,28.8629,300.0000,65.3750,68.7541,4252.09,0.022779,27.965342
304.400,28.8629,300.0000,65.3750,68.8343,4257.25,0.022862,27.965342
304.500,28.8629,300.0000,65.3750,68.9142,4262.06,0.022940,27.965342
304.600,28.8629,300.0000,65.2500,68.9938,4266.55,0.023012,27.965342
304.700,28.8629,300.0000,65.5000,69.0733,4270.74,0.023080,27.965342
304.800,28.8629,300.0000,65.4375,69.1525,4274.66,0.023144,27.965342
304.900,28.8629,300.0000,65.5625,69.2315,4278.31,0.023203,27.965342
305.000,30.7193,300.0000,65.5625,69.3101,4300.28,0.023562,28.026580
305.100,30.7193,300.0000,65.6875,69.3883,4320.79,0.023901,28.026580
305.200,30.7193,300.0000,65.6875,69.4662,4339.93,0.024220,28.026580
305.300,30.7193,300.0000,65.7500,69.5436,4357.80,0.024520,28.026580
305.400,30.7193,300.0000,65.7500,69.6208,4374.47,0.024803,28.026580
305.500,30.7193,300.0000,65.8125,69.6976,4390.03,0.025069,28.026580
305.600,30.7193,300.0000,65.7500,69.7740,4404.56,0.025318,28.026580
305.700,30.7193,300.0000,65.8750,69.8502,4418.11,0.025553,28.026580
305.800,30.7193,300.0000,65.9375,69.9261,4430.76,0.025773,28.026580
305.900,30.7193,300.0000,66.0000,70.0016,4442.57,0.025979,28.026580
306.000,32.9226,300.0000,66.0625,70.0767,4475.63,0.026564,28.135447
306.100,32.9226,300.0000,66.1250,70.1513,4506.48,0.027117,28.135447
306.200,32.9226,300.0000,66.1875,70.2254,4535.27,0.027640,28.135447
306.300,32.9226,300.0000,66.1875,70.2990,4562.15,0.028134,28.135447
306.400,32.9226,300.0000,66.3125,70.3723,4587.23,0.028601,28.135447
306.500,32.9226,300.0000,66.4375,70.4451,4610.64,0.029041,28.135447
306.600,32.9226,300.0000,66.3750,70.5176,4632.49,0.029456,28.135447
306.700,32.9226,300.0000,66.5000,70.5896,4652.88,0.029846,28.135447
306.800,32.9226,300.0000,66.5625,70.6614,4671.92,0.030214,28.135447
306.900,32.9226,300.0000,66.6250,70.7327,4689.68,0.030560,28.135447
307.000,36.0914,300.0000,66.6250,70.8035,4737.95,0.031514,28.312357
307.100,36.0914,300.0000,66.8125,70.8735,4783.00,0.032421,28.312357
307.200,36.0914,300.0000,66.7500,70.9431,4825.05,0.033284,28.312357
307.300,36.0914,300.0000,66.8750,71.0120,4864.29,0.034102,28.312357
307.400,36.0914,300.0000,66.9375,71.0804,4900.92,0.034879,28.312357
307.500,36.0914,300.0000,66.9375,71.1484,4935.11,0.035614,28.312357
307.600,36.0914,300.0000,67.1875,71.2158,4967.01,0.036309,28.312357
307.700,36.0914,300.0000,67.1250,71.2828,4996.79,0.036966,28.312357
307.800,36.0914,300.0000,67.2500,71.3494,5024.59,0.037586,28.312357
307.900,36.0914,300.0000,67.2500,71.4155,5050.53,0.038171,28.312357
308.000,39.3283,300.0000,67.3125,71.4809,5107.11,0.039469,28.557309
308.100,39.3283,300.0000,67.4375,71.5457,5159.92,0.040706,28.557309
308.200,39.3283,300.0000,67.5000,71.6098,5209.21,0.041883,28.557309
308.300,39.3283,300.0000,67.6250,71.6733,5255.21,0.043003,28.557309
308.400,39.3283,300.0000,67.5625,71.7362,5298.15,0.044065,28.557309
308.500,39.3283,300.0000,67.6250,71.7986,5338.22,0.045073,28.557309
308.600,39.3283,300.0000,67.6875,71.8605,5375.62,0.046027,28.557309
308.700,39.3283,300.0000,67.8125,71.9218,5410.53,0.046930,28.557309
308.800,39.3283,300.0000,68.0000,71.9828,5443.11,0.047782,28.557309
308.900,39.3283,300.0000,68.0000,72.0432,5473.52,0.048588,28.557309
309.000,43.2453,300.0000,68.0000,72.1029,5541.07,0.050409,28.883912
309.100,43.2453,300.0000,68.0625,72.1618,5604.12,0.052149,28.883912
309.200,43.2453,300.0000,68.1250,72.2200,5662.97,0.053809,28.883912
309.300,43.2453,300.0000,68.2500,72.2775,5717.89,0.055390,28.883912
309.400,43.2453,300.0000,68.3125,72.3344,5769.15,0.056893,28.883912
309.500,43.2453,300.0000,68.3750,72.3907,5816.99,0.058321,28.883912
309.600,43.2453,300.0000,68.5625,72.4464,5861.64,0.059674,28.883912
309.700,43.2453,300.0000,68.5000,72.5016,5903.32,0.060956,28.883912
309.800,43.2453,300.0000,68.6875,72.5562,5942.22,0.062169,28.883912
309.900,43.2453,300.0000,68.6250,72.6104,5978.52,0.063315,28.883912
310.000,46.6319,300.0000,68.7500,72.6638,6046.27,0.065492,29.278556
310.100,46.6319,300.0000,68.7500,72.7165,6109.51,0.067569,29.278556
310.200,46.6319,300.0000,68.8750,72.7685,6168.53,0.069546,29.278556
310.300,46.6319,300.0000,69.0000,72.8198,6223.61,0.071426,29.278556
310.400,46.6319,300.0000,69.0625,72.8705,6275.02,0.073210,29.278556
310.500,46.6319,300.0000,69.1250,72.9207,6323.01,0.074903,29.278556
310.600,46.6319,300.0000,69.1875,72.9702,6367.79,0.076505,29.278556
310.700,46.6319,300.0000,69.1875,73.0193,6409.59,0.078022,29.278556
310.800,46.6319,300.0000,69.3125,73.0679,6448.60,0.079455,29.278556
310.900,46.6319,300.0000,69.3750,73.1160,6485.01,0.080809,29.278556
311.000,50.6985,300.0000,69.5000,73.1633,6559.67,0.083632,29.754852
311.100,50.6985,300.0000,69.4375,73.2098,6629.34,0.086325,29.754852
311.200,50.6985,300.0000,69.5625,73.2556,6694.37,0.088890,29.754852
311.300,50.6985,300.0000,69.6250,73.3007,6755.06,0.091330,29.754852
311.400,50.6985,300.0000,69.7500,73.3452,6811.71,0.093647,29.754852
311.500,50.6985,300.0000,69.8750,73.3890,6864.58,0.095845,29.754852
311.600,50.6985,300.0000,69.8750,73.4323,6913.93,0.097927,29.754852
311.700,50.6985,300.0000,70.0000,73.4751,6959.98,0.099897,29.754852
311.800,50.6985,300.0000,69.9375,73.5173,7002.97,0.101759,29.754852
311.900,50.6985,300.0000,70.1250,73.5591,7043.09,0.103518,29.754852
312.000,54.8468,300.0000,70.1250,73.6000,7122.02,0.107037,30.312798
312.100,54.8468,300.0000,70.1250,73.6401,7195.69,0.110393,30.312798
312.200,54.8468,300.0000,70.1875,73.6795,7264.44,0.113588,30.312798
312.300,54.8468,300.0000,70.3750,73.7182,7328.61,0.116625,30.312798
312.400,54.8468,300.0000,70.3750,73.7563,7388.51,0.119508,30.312798
312.500,54.8468,300.0000,70.4375,73.7937,7444.41,0.122241,30.312798
312.600,54.8468,300.0000,70.4375,73.8306,7496.58,0.124829,30.312798
312.700,54.8468,300.0000,70.6250,73.8669,7545.28,0.127278,30.312798
312.800,54.8468,300.0000,70.6875,73.9027,7590.73,0.129591,30.312798
312.900,54.8468,300.0000,70.6875,73.9381,7633.15,0.131776,30.312798
313.000,58.1587,300.0000,70.7500,73.9727,7705.86,0.135578,30.931982
313.100,58.1587,300.0000,70.9375,74.0065,7773.72,0.139192,30.931982
313.200,58.1587,300.0000,71.0000,74.0398,7837.06,0.142622,30.931982
313.300,58.1587,300.0000,71.0625,74.0723,7896.18,0.145874,30.931982
313.400,58.1587,300.0000,71.0000,74.1043,7951.35,0.148953,30.931982
313.500,58.1587,300.0000,71.0000,74.1358,8002.85,0.151866,30.931982
313.600,58.1587,300.0000,71.2500,74.1667,8050.91,0.154619,30.931982
313.700,58.1587,300.0000,71.1875,74.1972,8095.77,0.157218,30.931982
313.800,58.1587,300.0000,71.3125,74.2272,8137.64,0.159670,30.931982
313.900,58.1587,300.0000,71.3750,74.2568,8176.72,0.161981,30.931982
314.000,62.1439,300.0000,71.3750,74.2856,8253.05,0.166559,31.626012
314.100,62.1439,300.0000,71.5625,74.3136,8324.28,0.170910,31.626012
314.200,62.1439,300.0000,71.4375,74.3411,8390.77,0.175038,31.626012
314.300,62.1439,300.0000,71.6875,74.3678,8452.82,0.178950,31.626012
314.400,62.1439,300.0000,71.5625,74.3940,8510.74,0.182654,31.626012
314.500,62.1439,300.0000,71.7500,74.4197,8564.80,0.186156,31.626012
314.600,62.1439,300.0000,71.8125,74.4448,8615.25,0.189465,31.626012
314.700,62.1439,300.0000,71.8750,74.4694,8662.34,0.192589,31.626012
314.800,62.1439,300.0000,71.8750,74.4936,8706.29,0.195535,31.626012
314.900,62.1439,300.0000,71.9375,74.5173,8747.31,0.198312,31.626012
315.000,65.5919,300.0000,72.0000,74.5404,8820.07,0.203303,32.381280
315.100,65.5919,300.0000,72.1250,74.5627,8887.99,0.208035,32.381280
315.200,65.5919,300.0000,72.0625,74.5845,8951.38,0.212518,32.381280
315.300,65.5919,300.0000,72.2500,74.6056,9010.54,0.216760,32.381280
315.400,65.5919,300.0000,72.2500,74.6262,9065.75,0.220769,32.381280
315.500,65.5919,300.0000,72.2500,74.6463,9117.29,0.224555,32.381280
315.600,65.5919,300.0000,72.3750,74.6659,9165.39,0.228128,32.381280
315.700,65.5919,300.0000,72.3750,74.6851,9210.28,0.231497,32.381280
315.800,65.5919,300.0000,72.5000,74.7038,9252.18,0.234671,32.381280
315.900,65.5919,300.0000,72.4375,74.7222,9291.29,0.237659,32.381280
316.000,68.7952,300.0000,72.5625,74.7399,9359.82,0.242957,33.190982
316.100,68.7952,300.0000,72.6250,74.7570,9423.79,0.247972,33.190982
316.200,68.7952,300.0000,72.6250,74.7735,9483.49,0.252715,33.190982
316.300,68.7952,300.0000,72.6250,74.7895,9539.21,0.257195,33.190982
316.400,68.7952,300.0000,72.6875,74.8049,9591.21,0.261425,33.190982
316.500,68.7952,300.0000,72.7500,74.8199,9639.75,0.265414,33.190982
316.600,68.7952,300.0000,72.7500,74.8345,9685.05,0.269173,33.190982
316.700,68.7952,300.0000,72.8750,74.8487,9727.33,0.272714,33.190982
316.800,68.7952,300.0000,72.8125,74.8624,9766.80,0.276047,33.190982
316.900,68.7952,300.0000,73.0000,74.8759,9803.63,0.279182,33.190982
317.000,72.3589,300.0000,73.0000,74.8886,9873.64,0.285206,34.061923
317.100,72.3589,300.0000,73.1250,74.9008,9938.99,0.290906,34.061923
317.200,72.3589,300.0000,73.0625,74.9124,9999.98,0.296294,34.061923
317.300,72.3589,300.0000,73.1250,74.9234,10056.90,0.301383,34.061923
317.400,72.3589,300.0000,73.3125,74.9340,10110.03,0.306185,34.061923
317.500,72.3589,300.0000,73.2500,74.9441,10159.62,0.310712,34.061923
317.600,72.3589,300.0000,73.2500,74.9537,10205.90,0.314978,34.061923
317.700,72.3589,300.0000,73.3125,74.9630,10249.09,0.318994,34.061923
317.800,72.3589,300.0000,73.3750,74.9719,10289.41,0.322773,34.061923
317.900,72.3589,300.0000,73.3750,74.9804,10327.04,0.326328,34.061923
318.000,75.0658,300.0000,73.3750,74.9884,10389.23,0.332258,34.973688
318.100,75.0658,300.0000,73.4375,74.9958,10447.27,0.337858,34.973688
318.200,75.0658,300.0000,73.5625,75.0028,10501.44,0.343142,34.973688
318.300,75.0658,300.0000,73.5625,75.0093,10552.01,0.348122,34.973688
318.400,75.0658,300.0000,73.6250,75.0153,10599.20,0.352814,34.973688
318.500,75.0658,300.0000,73.6250,75.0210,10643.24,0.357230,34.973688
318.600,75.0658,300.0000,73.5625,75.0263,10684.35,0.361386,34.973688
318.700,75.0658,300.0000,73.6250,75.0312,10722.72,0.365293,34.973688
318.800,75.0658,300.0000,73.7500,75.0359,10758.53,0.368965,34.973688
318.900,75.0658,300.0000,73.6250,75.0402,10791.95,0.372414,34.973688
319.000,77.2016,300.0000,73.7500,75.0440,10844.51,0.377881,35.912670
319.100,77.2016,300.0000,73.8125,75.0474,10893.56,0.383032,35.912670
319.200,77.2016,300.0000,73.8750,75.0504,10939.33,0.387881,35.912670
319.300,77.2016,300.0000,73.8125,75.0531,10982.06,0.392444,35.912670
319.400,77.2016,300.0000,73.8750,75.0553,11021.94,0.396735,35.912670
319.500,77.2016,300.0000,74.0000,75.0573,11059.16,0.400768,35.912670
319.600,77.2016,300.0000,73.9375,75.0589,11093.90,0.404556,35.912670
319.700,77.2016,300.0000,73.9375,75.0603,11126.32,0.408114,35.912670
319.800,77.2016,300.0000,74.0625,75.0614,11156.58,0.411453,35.912670
319.900,77.2016,300.0000,74.0000,75.0622,11184.83,0.414585,35.912670
320.000,79.9766,300.0000,74.0625,75.0626,11238.94,0.420632,36.892478
320.100,79.9766,300.0000,74.1250,75.0625,11289.44,0.426328,36.892478
320.200,79.9766,300.0000,74.0625,75.0620,11336.58,0.431690,36.892478
320.300,79.9766,300.0000,74.1250,75.0612,11380.57,0.436735,36.892478
320.400,79.9766,300.0000,74.1875,75.0600,11421.63,0.441480,36.892478
320.500,79.9766,300.0000,74.1875,75.0584,11459.96,0.445939,36.892478
320.600,79.9766,300.0000,74.1875,75.0566,11495.72,0.450127,36.892478
320.700,79.9766,300.0000,74.2500,75.0544,11529.11,0.454060,36.892478
320.800,79.9766,300.0000,74.2500,75.0521,11560.27,0.457752,36.892478
320.900,79.9766,300.0000,74.3125,75.0494,11589.35,0.461215,36.892478
321.000,82.4864,300.0000,74.3125,75.0463,11641.59,0.467480,37.906307
321.100,82.4864,300.0000,74.3750,75.0429,11690.35,0.473378,37.906307
321.200,82.4864,300.0000,74.3125,75.0390,11735.85,0.478928,37.906307
321.300,82.4864,300.0000,74.3750,75.0347,11778.33,0.484147,37.906307
321.400,82.4864,300.0000,74.4375,75.0302,11817.97,0.489052,37.906307
321.500,82.4864,300.0000,74.5000,75.0253,11854.97,0.493659,37.906307
321.600,82.4864,300.0000,74.3750,75.0202,11889.50,0.497986,37.906307
321.700,82.4864,300.0000,74.4375,75.0147,11921.73,0.502047,37.906307
321.800,82.4864,300.0000,74.4375,75.0091,11951.81,0.505857,37.906307
321.900,82.4864,300.0000,74.4375,75.0032,11979.89,0.509430,37.906307
322.000,84.1122,300.0000,74.4375,74.9970,12022.35,0.514866,38.933744
322.100,84.1122,300.0000,74.5625,74.9904,12061.98,0.519975,38.933744
322.200,84.1122,300.0000,74.4375,74.9835,12098.97,0.524773,38.933744
322.300,84.1122,300.0000,74.5625,74.9764,12133.50,0.529279,38.933744
322.400,84.1122,300.0000,74.5625,74.9690,12165.72,0.533506,38.933744
322.500,84.1122,300.0000,74.6250,74.9613,12195.79,0.537473,38.933744
322.600,84.1122,300.0000,74.5625,74.9535,12223.86,0.541192,38.933744
322.700,84.1122,300.0000,74.6250,74.9454,12250.06,0.544679,38.933744
322.800,84.1122,300.0000,74.6250,74.9371,12274.51,0.547948,38.933744
322.900,84.1122,300.0000,74.6875,74.9287,12297.33,0.551010,38.933744
323.000,86.3636,300.0000,74.8125,74.9199,12341.15,0.556920,39.988398
323.100,86.3636,300.0000,74.6875,74.9108,12382.04,0.562475,39.988398
323.200,86.3636,300.0000,74.6875,74.9013,12420.21,0.567692,39.988398
323.300,86.3636,300.0000,74.6875,74.8916,12455.83,0.572591,39.988398
323.400,86.3636,300.0000,74.6250,74.8817,12489.08,0.577188,39.988398
323.500,86.3636,300.0000,74.7500,74.8715,12520.11,0.581501,39.988398
323.600,86.3636,300.0000,74.8125,74.8610,12549.07,0.585546,39.988398
323.700,86.3636,300.0000,74.6875,74.8504,12576.10,0.589338,39.988398
323.800,86.3636,300.0000,74.7500,74.8396,12601.33,0.592892,39.988398
323.900,86.3636,300.0000,74.8125,74.8286,12624.88,0.596222,39.988398
324.000,88.0303,300.0000,74.7500,74.8173,12663.53,0.601714,41.056660
324.100,88.0303,300.0000,74.8750,74.8057,12699.59,0.606870,41.056660
324.200,88.0303,300.0000,74.8125,74.7938,12733.26,0.611709,41.056660
324.300,88.0303,300.0000,74.8125,74.7817,12764.68,0.616248,41.056660
324.400,88.0303,300.0000,74.8750,74.7694,12794.00,0.620505,41.056660
324.500,88.0303,300.0000,74.7500,74.7569,12821.37,0.624496,41.056660
324.600,88.0303,300.0000,74.8125,74.7442,12846.91,0.628236,41.056660
324.700,88.0303,300.0000,74.7500,74.7314,12870.76,0.631740,41.056660
324.800,88.0303,300.0000,74.8750,74.7183,12893.01,0.635023,41.056660
324.900,88.0303,300.0000,74.8125,74.7052,12913.78,0.638096,41.056660
325.000,89.0986,300.0000,74.8750,74.6918,12943.85,0.642564,42.124923
325.100,89.0986,300.0000,74.8750,74.6782,12971.91,0.646752,42.124923
325.200,89.0986,300.0000,74.8125,74.6644,12998.10,0.650678,42.124923
325.300,89.0986,300.0000,74.8750,74.6504,13022.55,0.654356,42.124923
325.400,89.0986,300.0000,74.8125,74.6363,13045.36,0.657801,42.124923
325.500,89.0986,300.0000,74.8750,74.6220,13066.66,0.661028,42.124923
325.600,89.0986,300.0000,74.8125,74.6076,13086.53,0.664049,42.124923
325.700,89.0986,300.0000,74.8750,74.5930,13105.08,0.666876,42.124923
325.800,89.0986,300.0000,74.8125,74.5784,13122.39,0.669523,42.124923
325.900,89.0986,300.0000,74.8750,74.5636,13138.55,0.672000,42.124923
326.000,90.4728,300.0000,74.8750,74.5487,13167.38,0.676432,43.199989
326.100,90.4728,300.0000,74.8125,74.5335,13194.28,0.680587,43.199989
326.200,90.4728,300.0000,74.8750,74.5182,13219.39,0.684480,43.199989
326.300,90.4728,300.0000,74.8125,74.5027,13242.83,0.688127,43.199989
326.400,90.4728,300.0000,74.9375,74.4871,13264.70,0.691542,43.199989
326.500,90.4728,300.0000,74.8750,74.4713,13285.11,0.694740,43.199989
326.600,90.4728,300.0000,74.8750,74.4554,13304.17,0.697733,43.199989
326.700,90.4728,300.0000,74.8750,74.4394,13321.95,0.700535,43.199989
326.800,90.4728,300.0000,74.8750,74.4232,13338.55,0.703157,43.199989
326.900,90.4728,300.0000,74.8750,74.4070,13354.04,0.705609,43.199989
327.000,91.5479,300.0000,74.8750,74.3906,13379.25,0.709613,44.275056
327.100,91.5479,300.0000,75.0000,74.3741,13402.78,0.713364,44.275056
327.200,91.5479,300.0000,74.9375,74.3574,13424.74,0.716876,44.275056
327.300,91.5479,300.0000,74.8750,74.3406,13445.24,0.720164,44.275056
327.400,91.5479,300.0000,74.8750,74.3236,13464.37,0.723243,44.275056
327.500,91.5479,300.0000,74.8750,74.3065,13482.22,0.726124,44.275056
327.600,91.5479,300.0000,74.8125,74.2894,13498.88,0.728819,44.275056
327.700,91.5479,300.0000,74.8125,74.2721,13514.44,0.731341,44.275056
327.800,91.5479,300.0000,74.7500,74.2548,13528.95,0.733701,44.275056
327.900,91.5479,300.0000,74.8750,74.2374,13542.50,0.735907,44.275056
328.000,92.6230,300.0000,74.9375,74.2198,13565.90,0.739728,45.350123
328.100,92.6230,300.0000,74.8125,74.2021,13587.74,0.743306,45.350123
328.200,92.6230,300.0000,74.7500,74.1842,13608.12,0.746655,45.350123
328.300,92.6230,300.0000,74.8125,74.1663,13627.14,0.749791,45.350123
328.400,92.6230,300.0000,74.8125,74.1482,13644.89,0.752725,45.350123
328.500,92.6230,300.0000,74.8125,74.1300,13661.46,0.755471,45.350123
328.600,92.6230,300.0000,74.8750,74.1118,13676.93,0.758039,45.350123
328.700,92.6230,300.0000,74.8750,74.0934,13691.36,0.760442,45.350123
328.800,92.6230,300.0000,74.7500,74.0750,13704.83,0.762689,45.350123
328.900,92.6230,300.0000,74.8125,74.0565,13717.41,0.764790,45.350123
329.000,93.3920,300.0000,74.8125,74.0379,13736.83,0.768044,46.418385
329.100,93.3920,300.0000,74.8125,74.0192,13754.97,0.771089,46.418385
329.200,93.3920,300.0000,74.7500,74.0004,13771.89,0.773939,46.418385
329.300,93.3920,300.0000,74.6875,73.9815,13787.68,0.776605,46.418385
329.400,93.3920,300.0000,74.8125,73.9626,13802.42,0.779098,46.418385
329.500,93.3920,300.0000,74.7500,73.9435,13816.18,0.781431,46.418385
329.600,93.3920,300.0000,74.8125,73.9244,13829.02,0.783611,46.418385
329.700,93.3920,300.0000,74.7500,73.9052,13841.01,0.785651,46.418385
329.800,93.3920,300.0000,74.7500,73.8860,13852.20,0.787557,46.418385
329.900,93.3920,300.0000,74.6250,73.8668,13862.64,0.789339,46.418385
330.000,93.5423,300.0000,74.6875,73.8475,13873.88,0.791262,47.466235
330.100,93.5423,300.0000,74.6875,73.8281,13884.38,0.793059,47.466235
330.200,93.5423,300.0000,74.6250,73.8087,13894.18,0.794739,47.466235
330.300,93.5423,300.0000,74.6875,73.7893,13903.32,0.796310,47.466235
330.400,93.5423,300.0000,74.5625,73.7698,13911.86,0.797777,47.466235
330.500,93.5423,300.0000,74.5625,73.7503,13919.82,0.799148,47.466235
330.600,93.5423,300.0000,74.6250,73.7308,13927.26,0.800429,47.466235
330.700,93.5423,300.0000,74.6875,73.7113,13934.20,0.801626,47.466235
330.800,93.5423,300.0000,74.6875,73.6918,13940.67,0.802745,47.466235
330.900,93.5423,300.0000,74.6250,73.6723,13946.72,0.803789,47.466235
331.000,94.5901,300.0000,74.5000,73.6527,13962.84,0.806580,48.514085
331.100,94.5901,300.0000,74.5625,73.6330,13977.88,0.809190,48.514085
331.200,94.5901,300.0000,74.6250,73.6132,13991.93,0.811631,48.514085
331.300,94.5901,300.0000,74.6250,73.5934,14005.03,0.813914,48.514085
331.400,94.5901,300.0000,74.4375,73.5735,14017.26,0.816049,48.514085
331.500,94.5901,300.0000,74.4375,73.5535,14028.68,0.818044,48.514085
331.600,94.5901,300.0000,74.3750,73.5335,14039.34,0.819910,48.514085
331.700,94.5901,300.0000,74.4375,73.5135,14049.28,0.821653,48.514085
331.800,94.5901,300.0000,74.4375,73.4934,14058.57,0.823283,48.514085
331.900,94.5901,300.0000,74.4375,73.4734,14067.23,0.824806,48.514085
332.000,94.7200,300.0000,74.3750,73.4532,14076.61,0.826458,49.541522
332.100,94.7200,300.0000,74.4375,73.4331,14085.37,0.828002,49.541522
332.200,94.7200,300.0000,74.4375,73.4129,14093.55,0.829444,49.541522
332.300,94.7200,300.0000,74.4375,73.3927,14101.18,0.830792,49.541522
332.400,94.7200,300.0000,74.3125,73.3725,14108.30,0.832051,49.541522
332.500,94.7200,300.0000,74.4375,73.3523,14114.95,0.833228,49.541522
332.600,94.7200,300.0000,74.2500,73.3321,14121.15,0.834327,49.541522
332.700,94.7200,300.0000,74.2500,73.3119,14126.94,0.835354,49.541522
332.800,94.7200,300.0000,74.3750,73.2916,14132.34,0.836313,49.541522
332.900,94.7200,300.0000,74.3125,73.2714,14137.39,0.837209,49.541522
333.000,95.1354,300.0000,74.2500,73.2512,14146.25,0.838784,50.555351
333.100,95.1354,300.0000,74.3125,73.2309,14154.52,0.840256,50.555351
333.200,95.1354,300.0000,74.3125,73.2106,14162.24,0.841632,50.555351
333.300,95.1354,300.0000,74.3125,73.1903,14169.44,0.842917,50.555351
333.400,95.1354,300.0000,74.3125,73.1700,14176.17,0.844117,50.555351
333.500,95.1354,300.0000,74.3125,73.1497,14182.45,0.845239,50.555351
333.600,95.1354,300.0000,74.1875,73.1294,14188.30,0.846287,50.555351
333.700,95.1354,300.0000,74.0625,73.1090,14193.77,0.847266,50.555351
333.800,95.1354,300.0000,74.2500,73.0887,14198.87,0.848180,50.555351
333.900,95.1354,300.0000,74.1250,73.0684,14203.64,0.849034,50.555351
334.000,95.2313,300.0000,74.0625,73.0481,14209.04,0.850003,51.548767
334.100,95.2313,300.0000,74.0625,73.0278,14214.08,0.850908,51.548767
334.200,95.2313,300.0000,74.2500,73.0075,14218.79,0.851754,51.548767
334.300,95.2313,300.0000,74.0625,72.9872,14223.18,0.852544,51.548767
334.400,95.2313,300.0000,74.0000,72.9669,14227.28,0.853281,51.548767
334.500,95.2313,300.0000,74.0625,72.9466,14231.11,0.853970,51.548767
334.600,95.2313,300.0000,74.0625,72.9263,14234.68,0.854613,51.548767
334.700,95.2313,300.0000,73.9375,72.9061,14238.02,0.855214,51.548767
334.800,95.2313,300.0000,74.0000,72.8859,14241.13,0.855775,51.548767
334.900,95.2313,300.0000,74.0000,72.8657,14244.03,0.856298,51.548767
335.000,95.6127,300.0000,73.8750,72.8455,14250.56,0.857475,52.528574
335.100,95.6127,300.0000,73.8750,72.8253,14256.65,0.858575,52.528574
335.200,95.6127,300.0000,73.9375,72.8051,14262.33,0.859602,52.528574
335.300,95.6127,300.0000,73.9375,72.7848,14267.63,0.860562,52.528574
335.400,95.6127,300.0000,73.8750,72.7646,14272.59,0.861458,52.528574
335.500,95.6127,300.0000,73.8750,72.7444,14277.21,0.862295,52.528574
335.600,95.6127,300.0000,73.8750,72.7242,14281.52,0.863077,52.528574
335.700,95.6127,300.0000,73.8750,72.7040,14285.54,0.863807,52.528574
335.800,95.6127,300.0000,73.8750,72.6839,14289.30,0.864489,52.528574
335.900,95.6127,300.0000,73.8125,72.6637,14292.81,0.865125,52.528574
336.000,95.6745,300.0000,73.8125,72.6436,14296.70,0.865832,53.487969
336.100,95.6745,300.0000,73.6250,72.6235,14300.33,0.866492,53.487969
336.200,95.6745,300.0000,73.7500,72.6033,14303.72,0.867108,53.487969
336.300,95.6745,300.0000,73.8125,72.5833,14306.88,0.867684,53.487969
336.400,95.6745,300.0000,73.6250,72.5632,14309.84,0.868221,53.487969
336.500,95.6745,300.0000,73.6875,72.5431,14312.59,0.868723,53.487969
336.600,95.6745,300.0000,73.6875,72.5231,14315.16,0.869191,53.487969
336.700,95.6745,300.0000,73.6875,72.5031,14317.56,0.869628,53.487969
336.800,95.6745,300.0000,73.5625,72.4831,14319.81,0.870037,53.487969
336.900,95.6745,300.0000,73.6250,72.4632,14321.90,0.870418,53.487969
337.000,95.7159,300.0000,73.6875,72.4433,14324.26,0.870849,54.426951
337.100,95.7159,300.0000,73.6250,72.4234,14326.47,0.871252,54.426951
337.200,95.7159,300.0000,73.5000,72.4035,14328.53,0.871628,54.426951
337.300,95.7159,300.0000,73.6250,72.3837,14330.45,0.871979,54.426951
337.400,95.7159,300.0000,73.5000,72.3639,14332.25,0.872307,54.426951
337.500,95.7159,300.0000,73.5000,72.3441,14333.93,0.872613,54.426951
337.600,95.7159,300.0000,73.5000,72.3243,14335.49,0.872898,54.426951
337.700,95.7159,300.0000,73.4375,72.3046,14336.95,0.873165,54.426951
337.800,95.7159,300.0000,73.4375,72.2849,14338.31,0.873414,54.426951
337.900,95.7159,300.0000,73.3750,72.2653,14339.58,0.873646,54.426951
338.000,95.4309,300.0000,73.3125,72.2457,14337.92,0.873342,55.338717
338.100,95.4309,300.0000,73.3125,72.2261,14336.37,0.873059,55.338717
338.200,95.4309,300.0000,73.4375,72.2066,14334.92,0.872794,55.338717
338.300,95.4309,300.0000,73.3125,72.1872,14333.56,0.872547,55.338717
338.400,95.4309,300.0000,73.3750,72.1678,14332.30,0.872317,55.338717
338.500,95.4309,300.0000,73.3125,72.1485,14331.12,0.872101,55.338717
338.600,95.4309,300.0000,73.3125,72.1292,14330.02,0.871901,55.338717
338.700,95.4309,300.0000,73.3125,72.1100,14329.00,0.871713,55.338717
338.800,95.4309,300.0000,73.2500,72.0909,14328.04,0.871539,55.338717
338.900,95.4309,300.0000,73.3125,72.0717,14327.15,0.871375,55.338717
339.000,96.0366,300.0000,73.3125,72.0526,14332.37,0.872329,56.243678
339.100,96.0366,300.0000,73.1250,72.0335,14337.24,0.873219,56.243678
339.200,96.0366,300.0000,73.1875,72.0144,14341.79,0.874051,56.243678
339.300,96.0366,300.0000,73.0625,71.9953,14346.04,0.874828,56.243678
339.400,96.0366,300.0000,73.1250,71.9762,14350.00,0.875553,56.243678
339.500,96.0366,300.0000,73.1875,71.9571,14353.70,0.876230,56.243678
339.600,96.0366,300.0000,73.0625,71.9380,14357.16,0.876863,56.243678
339.700,96.0366,300.0000,73.0625,71.9190,14360.38,0.877453,56.243678
339.800,96.0366,300.0000,73.0625,71.9000,14363.39,0.878005,56.243678
339.900,96.0366,300.0000,73.0000,71.8809,14366.19,0.878520,56.243678
340.000,95.4116,300.0000,73.0625,71.8620,14362.56,0.877854,57.114618
340.100,95.4116,300.0000,73.0625,71.8431,14359.18,0.877233,57.114618
340.200,95.4116,300.0000,73.0000,71.8243,14356.01,0.876653,57.114618
340.300,95.4116,300.0000,73.0625,71.8056,14353.06,0.876112,57.114618
340.400,95.4116,300.0000,73.0000,71.7869,14350.31,0.875608,57.114618
340.500,95.4116,300.0000,72.8750,71.7683,14347.74,0.875138,57.114618
340.600,95.4116,300.0000,72.9375,71.7497,14345.34,0.874698,57.114618
340.700,95.4116,300.0000,72.9375,71.7312,14343.10,0.874289,57.114618
340.800,95.4116,300.0000,72.8125,71.7128,14341.01,0.873907,57.114618
340.900,95.4116,300.0000,72.8125,71.6944,14339.05,0.873550,57.114618
341.000,95.3645,300.0000,72.6875,71.6761,14336.76,0.873131,57.965146
341.100,95.3645,300.0000,72.7500,71.6578,14334.62,0.872741,57.965146
341.200,95.3645,300.0000,72.8125,71.6396,14332.63,0.872376,57.965146
341.300,95.3645,300.0000,72.7500,71.6215,14330.76,0.872036,57.965146
341.400,95.3645,300.0000,72.6250,71.6034,14329.03,0.871718,57.965146
341.500,95.3645,300.0000,72.6875,71.5854,14327.40,0.871422,57.965146
341.600,95.3645,300.0000,72.6875,71.5674,14325.89,0.871146,57.965146
341.700,95.3645,300.0000,72.6250,71.5495,14324.47,0.870888,57.965146
341.800,95.3645,300.0000,72.6250,71.5316,14323.15,0.870647,57.965146
341.900,95.3645,300.0000,72.6250,71.5137,14321.92,0.870423,57.965146
342.000,95.2971,300.0000,72.6875,71.4960,14320.10,0.870090,58.795260
342.100,95.2971,300.0000,72.5625,71.4782,14318.40,0.869780,58.795260
342.200,95.2971,300.0000,72.6250,71.4606,14316.81,0.869490,58.795260
342.300,95.2971,300.0000,72.6250,71.4429,14315.32,0.869220,58.795260
342.400,95.2971,300.0000,72.5000,71.4254,14313.94,0.868968,58.795260
342.500,95.2971,300.0000,72.5000,71.4079,14312.65,0.868733,58.795260
342.600,95.2971,300.0000,72.4375,71.3904,14311.44,0.868513,58.795260
342.700,95.2971,300.0000,72.4375,71.3730,14310.32,0.868308,58.795260
342.800,95.2971,300.0000,72.3750,71.3556,14309.27,0.868117,58.795260
342.900,95.2971,300.0000,72.5000,71.3383,14308.29,0.867939,58.795260
343.000,95.5152,300.0000,72.4375,71.3210,14309.55,0.868169,59.611767
343.100,95.5152,300.0000,72.3750,71.3037,14310.73,0.868384,59.611767
343.200,95.5152,300.0000,72.3125,71.2864,14311.84,0.868585,59.611767
343.300,95.5152,300.0000,72.3750,71.2692,14312.87,0.868772,59.611767
343.400,95.5152,300.0000,72.3750,71.2520,14313.83,0.868947,59.611767
343.500,95.5152,300.0000,72.3750,71.2349,14314.72,0.869111,59.611767
343.600,95.5152,300.0000,72.3125,71.2178,14315.56,0.869263,59.611767
343.700,95.5152,300.0000,72.3125,71.2007,14316.34,0.869405,59.611767
343.800,95.5152,300.0000,72.2500,71.1836,14317.07,0.869538,59.611767
343.900,95.5152,300.0000,72.2500,71.1666,14317.75,0.869662,59.611767
344.000,95.1077,300.0000,72.3125,71.1496,14314.31,0.869036,60.401056
344.100,95.1077,300.0000,72.1875,71.1327,14311.10,0.868451,60.401056
344.200,95.1077,300.0000,72.1875,71.1159,14308.10,0.867906,60.401056
344.300,95.1077,300.0000,72.2500,71.0991,14305.31,0.867397,60.401056
344.400,95.1077,300.0000,72.0625,71.0824,14302.70,0.866922,60.401056
344.500,95.1077,300.0000,72.1250,71.0658,14300.26,0.866479,60.401056
344.600,95.1077,300.0000,72.1250,71.0492,14297.99,0.866066,60.401056
344.700,95.1077,300.0000,72.1250,71.0326,14295.86,0.865680,60.401056
344.800,95.1077,300.0000,72.1250,71.0161,14293.88,0.865321,60.401056
344.900,95.1077,300.0000,72.0000,70.9997,14292.04,0.864985,60.401056
345.000,94.6730,300.0000,72.1250,70.9833,14285.96,0.863883,61.163129
345.100,94.6730,300.0000,72.0000,70.9671,14280.30,0.862855,61.163129
345.200,94.6730,300.0000,72.0000,70.9509,14275.01,0.861896,61.163129
345.300,94.6730,300.0000,72.0000,70.9348,14270.07,0.861002,61.163129
345.400,94.6730,300.0000,72.0000,70.9187,14265.46,0.860169,61.163129
345.500,94.6730,300.0000,72.0000,70.9027,14261.16,0.859391,61.163129
345.600,94.6730,300.0000,71.8750,70.8868,14257.15,0.858665,61.163129
345.700,94.6730,300.0000,72.0000,70.8710,14253.40,0.857989,61.163129
345.800,94.6730,300.0000,71.8750,70.8552,14249.90,0.857357,61.163129
345.900,94.6730,300.0000,71.8125,70.8395,14246.64,0.856768,61.163129
346.000,94.5171,300.0000,71.8750,70.8239,14242.03,0.855938,61.904789
346.100,94.5171,300.0000,71.7500,70.8083,14237.73,0.855163,61.904789
346.200,94.5171,300.0000,71.8125,70.7928,14233.72,0.854440,61.904789
346.300,94.5171,300.0000,71.6875,70.7774,14229.98,0.853766,61.904789
346.400,94.5171,300.0000,71.7500,70.7620,14226.48,0.853137,61.904789
346.500,94.5171,300.0000,71.8125,70.7467,14223.22,0.852551,61.904789
346.600,94.5171,300.0000,71.7500,70.7315,14220.18,0.852003,61.904789
346.700,94.5171,300.0000,71.7500,70.7163,14217.34,0.851493,61.904789
346.800,94.5171,300.0000,71.6250,70.7012,14214.69,0.851016,61.904789
346.900,94.5171,300.0000,71.6875,70.6861,14212.21,0.850572,61.904789
347.000,94.6467,300.0000,71.6250,70.6710,14211.20,0.850390,62.632840
347.100,94.6467,300.0000,71.6250,70.6560,14210.25,0.850220,62.632840
347.200,94.6467,300.0000,71.6250,70.6411,14209.37,0.850062,62.632840
347.300,94.6467,300.0000,71.5625,70.6262,14208.54,0.849914,62.632840
347.400,94.6467,300.0000,71.6250,70.6113,14207.77,0.849776,62.632840
347.500,94.6467,300.0000,71.5000,70.5964,14207.06,0.849647,62.632840
347.600,94.6467,300.0000,71.5625,70.5816,14206.39,0.849527,62.632840
347.700,94.6467,300.0000,71.5625,70.5669,14205.76,0.849415,62.632840
347.800,94.6467,300.0000,71.5000,70.5522,14205.18,0.849310,62.632840
347.900,94.6467,300.0000,71.5000,70.5375,14204.63,0.849212,62.632840
348.000,94.4568,300.0000,71.5000,70.5228,14202.23,0.848781,63.340479
348.100,94.4568,300.0000,71.5000,70.5083,14199.98,0.848378,63.340479
348.200,94.4568,300.0000,71.3750,70.4937,14197.88,0.848002,63.340479
348.300,94.4568,300.0000,71.4375,70.4792,14195.92,0.847651,63.340479
348.400,94.4568,300.0000,71.3125,70.4648,14194.10,0.847324,63.340479
348.500,94.4568,300.0000,71.4375,70.4504,14192.39,0.847019,63.340479
348.600,94.4568,300.0000,71.3750,70.4361,14190.80,0.846734,63.340479
348.700,94.4568,300.0000,71.3750,70.4218,14189.31,0.846468,63.340479
348.800,94.4568,300.0000,71.5000,70.4075,14187.93,0.846220,63.340479
348.900,94.4568,300.0000,71.4375,70.3933,14186.63,0.845988,63.340479
349.000,94.8584,300.0000,71.3125,70.3791,14189.44,0.846491,64.041314
349.100,94.8584,300.0000,71.1875,70.3649,14192.06,0.846960,64.041314
349.200,94.8584,300.0000,71.2500,70.3507,14194.51,0.847398,64.041314
349.300,94.8584,300.0000,71.3125,70.3365,14196.79,0.847807,64.041314
349.400,94.8584,300.0000,71.1875,70.3223,14198.92,0.848189,64.041314
349.500,94.8584,300.0000,71.1875,70.3082,14200.91,0.848545,64.041314
349.600,94.8584,300.0000,71.3125,70.2941,14202.77,0.848878,64.041314
349.700,94.8584,300.0000,71.1250,70.2800,14204.50,0.849189,64.041314
349.800,94.8584,300.0000,71.1875,70.2659,14206.12,0.849479,64.041314
349.900,94.8584,300.0000,71.0625,70.2518,14207.63,0.849750,64.041314
350.000,93.7233,300.0000,71.1250,70.2378,14197.69,0.847967,64.701323
350.100,93.7233,300.0000,71.1250,70.2240,14188.41,0.846305,64.701323
350.200,93.7233,300.0000,71.1875,70.2102,14179.75,0.844756,64.701323
350.300,93.7233,300.0000,71.1250,70.1966,14171.66,0.843313,64.701323
350.400,93.7233,300.0000,71.0625,70.1830,14164.12,0.841966,64.701323
350.500,93.7233,300.0000,71.1250,70.1695,14157.07,0.840711,64.701323
350.600,93.7233,300.0000,71.0625,70.1561,14150.50,0.839541,64.701323
350.700,93.7233,300.0000,71.0625,70.1428,14144.37,0.838449,64.701323
350.800,93.7233,300.0000,71.0625,70.1296,14138.64,0.837432,64.701323
350.900,93.7233,300.0000,70.9375,70.1164,14133.30,0.836483,64.701323
351.000,93.7713,300.0000,71.0000,70.1033,14128.79,0.835682,65.347724
351.100,93.7713,300.0000,70.9375,70.0903,14124.58,0.834936,65.347724
351.200,93.7713,300.0000,70.9375,70.0774,14120.66,0.834240,65.347724
351.300,93.7713,300.0000,70.9375,70.0644,14116.99,0.833591,65.347724
351.400,93.7713,300.0000,70.9375,70.0516,14113.57,0.832985,65.347724
351.500,93.7713,300.0000,70.9375,70.0388,14110.38,0.832420,65.347724
351.600,93.7713,300.0000,70.8125,70.0261,14107.40,0.831893,65.347724
351.700,93.7713,300.0000,70.8125,70.0134,14104.62,0.831401,65.347724
351.800,93.7713,300.0000,70.8750,70.0007,14102.03,0.830942,65.347724
351.900,93.7713,300.0000,70.8125,69.9881,14099.60,0.830514,65.347724
352.000,93.8057,300.0000,70.8750,69.9756,14097.69,0.830175,65.980516
352.100,93.8057,300.0000,70.8750,69.9631,14095.90,0.829859,65.980516
352.200,93.8057,300.0000,70.7500,69.9506,14094.23,0.829564,65.980516
352.300,93.8057,300.0000,70.8125,69.9382,14092.67,0.829289,65.980516
352.400,93.8057,300.0000,70.7500,69.9258,14091.21,0.829032,65.980516
352.500,93.8057,300.0000,70.7500,69.9135,14089.86,0.828793,65.980516
352.600,93.8057,300.0000,70.7500,69.9011,14088.59,0.828569,65.980516
352.700,93.8057,300.0000,70.6250,69.8889,14087.41,0.828361,65.980516
352.800,93.8057,300.0000,70.5625,69.8766,14086.30,0.828166,65.980516
352.900,93.8057,300.0000,70.6875,69.8644,14085.27,0.827984,65.980516
353.000,93.8265,300.0000,70.6875,69.8523,14084.52,0.827851,66.599700
353.100,93.8265,300.0000,70.6875,69.8401,14083.82,0.827727,66.599700
353.200,93.8265,300.0000,70.6875,69.8280,14083.16,0.827611,66.599700
353.300,93.8265,300.0000,70.6250,69.8160,14082.55,0.827503,66.599700
353.400,93.8265,300.0000,70.6250,69.8039,14081.97,0.827403,66.599700
353.500,93.8265,300.0000,70.5625,69.7919,14081.44,0.827309,66.599700
353.600,93.8265,300.0000,70.6250,69.7800,14080.94,0.827221,66.599700
353.700,93.8265,300.0000,70.6250,69.7680,14080.48,0.827139,66.599700
353.800,93.8265,300.0000,70.4375,69.7561,14080.04,0.827062,66.599700
353.900,93.8265,300.0000,70.5625,69.7442,14079.64,0.826991,66.599700
354.000,93.8336,300.0000,70.6250,69.7324,14079.33,0.826937,67.205276
354.100,93.8336,300.0000,70.4375,69.7205,14079.05,0.826887,67.205276
354.200,93.8336,300.0000,70.5000,69.7087,14078.78,0.826840,67.205276
354.300,93.8336,300.0000,70.3750,69.6970,14078.53,0.826796,67.205276
354.400,93.8336,300.0000,70.4375,69.6852,14078.30,0.826755,67.205276
354.500,93.8336,300.0000,70.5000,69.6735,14078.08,0.826717,67.205276
354.600,93.8336,300.0000,70.3750,69.6618,14077.88,0.826681,67.205276
354.700,93.8336,300.0000,70.5000,69.6502,14077.69,0.826648,67.205276
354.800,93.8336,300.0000,70.3125,69.6385,14077.51,0.826617,67.205276
354.900,93.8336,300.0000,70.3750,69.6269,14077.35,0.826588,67.205276
355.000,93.5212,300.0000,70.3750,69.6154,14074.07,0.826010,67.790438
355.100,93.5212,300.0000,70.4375,69.6039,14071.01,0.825472,67.790438
355.200,93.5212,300.0000,70.3750,69.5924,14068.16,0.824970,67.790438
355.300,93.5212,300.0000,70.3125,69.5810,14065.49,0.824501,67.790438
355.400,93.5212,300.0000,70.3750,69.5697,14063.01,0.824063,67.790438
355.500,93.5212,300.0000,70.3125,69.5584,14060.68,0.823655,67.790438
355.600,93.5212,300.0000,70.2500,69.5471,14058.52,0.823275,67.790438
355.700,93.5212,300.0000,70.3125,69.5359,14056.49,0.822919,67.790438
355.800,93.5212,300.0000,70.3125,69.5247,14054.61,0.822588,67.790438
355.900,93.5212,300.0000,70.3125,69.5135,14052.85,0.822279,67.790438
356.000,93.8004,300.0000,70.3125,69.5024,14053.99,0.822480,68.368797
356.100,93.8004,300.0000,70.2500,69.4913,14055.06,0.822668,68.368797
356.200,93.8004,300.0000,70.1875,69.4802,14056.06,0.822844,68.368797
356.300,93.8004,300.0000,70.1875,69.4691,14057.00,0.823008,68.368797
356.400,93.8004,300.0000,70.1875,69.4580,14057.87,0.823161,68.368797
356.500,93.8004,300.0000,70.1875,69.4470,14058.68,0.823303,68.368797
356.600,93.8004,300.0000,70.1875,69.4359,14059.44,0.823437,68.368797
356.700,93.8004,300.0000,70.1875,69.4249,14060.15,0.823561,68.368797
356.800,93.8004,300.0000,70.1250,69.4139,14060.81,0.823677,68.368797
356.900,93.8004,300.0000,70.0625,69.4030,14061.42,0.823785,68.368797
357.000,93.1547,300.0000,70.1250,69.3921,14055.54,0.822752,68.919939
357.100,93.1547,300.0000,70.0625,69.3812,14050.05,0.821789,68.919939
357.200,93.1547,300.0000,70.0625,69.3705,14044.93,0.820890,68.919939
357.300,93.1547,300.0000,70.1875,69.3598,14040.15,0.820052,68.919939
357.400,93.1547,300.0000,70.0625,69.3491,14035.69,0.819270,68.919939
357.500,93.1547,300.0000,70.0625,69.3386,14031.52,0.818541,68.919939
357.600,93.1547,300.0000,70.1250,69.3280,14027.64,0.817861,68.919939
357.700,93.1547,300.0000,70.0625,69.3176,14024.01,0.817227,68.919939
357.800,93.1547,300.0000,70.0625,69.3071,14020.62,0.816635,68.919939
357.900,93.1547,300.0000,69.9375,69.2968,14017.46,0.816083,68.919939
358.000,93.0939,300.0000,70.0000,69.2865,14013.90,0.815461,69.457472
358.100,93.0939,300.0000,70.0000,69.2762,14010.58,0.814882,69.457472
358.200,93.0939,300.0000,69.9375,69.2660,14007.48,0.814341,69.457472
358.300,93.0939,300.0000,69.8750,69.2558,14004.59,0.813837,69.457472
358.400,93.0939,300.0000,69.9375,69.2457,14001.89,0.813366,69.457472
358.500,93.0939,300.0000,69.9375,69.2356,13999.37,0.812927,69.457472
358.600,93.0939,300.0000,69.8750,69.2255,13997.01,0.812517,69.457472
358.700,93.0939,300.0000,69.8750,69.2155,13994.82,0.812135,69.457472
358.800,93.0939,300.0000,69.8750,69.2056,13992.77,0.811778,69.457472
358.900,93.0939,300.0000,69.8750,69.1956,13990.86,0.811445,69.457472
359.000,93.3254,300.0000,69.8125,69.1857,13991.39,0.811538,69.988201
359.100,93.3254,300.0000,69.8125,69.1758,13991.88,0.811624,69.988201
359.200,93.3254,300.0000,69.8125,69.1660,13992.35,0.811704,69.988201
359.300,93.3254,300.0000,69.8125,69.1561,13992.78,0.811779,69.988201
359.400,93.3254,300.0000,69.8750,69.1463,13993.18,0.811849,69.988201
359.500,93.3254,300.0000,69.8750,69.1365,13993.55,0.811915,69.988201
359.600,93.3254,300.0000,69.8750,69.1267,13993.90,0.811976,69.988201
359.700,93.3254,300.0000,69.7500,69.1169,13994.23,0.812033,69.988201
359.800,93.3254,300.0000,69.6875,69.1071,13994.54,0.812086,69.988201
359.900,93.3254,300.0000,69.7500,69.0974,13994.82,0.812135,69.988201
360.000,93.2442,300.0000,69.6875,69.0877,13994.28,0.812040,70.505322
360.100,93.2442,300.0000,69.7500,69.0780,13993.77,0.811951,70.505322
360.200,93.2442,300.0000,69.6875,69.0683,13993.29,0.811868,70.505322
360.300,93.2442,300.0000,69.6875,69.0587,13992.85,0.811791,70.505322
360.400,93.2442,300.0000,69.6250,69.0491,13992.43,0.811719,70.505322
360.500,93.2442,300.0000,69.6250,69.0395,13992.04,0.811652,70.505322
360.600,93.2442,300.0000,69.6250,69.0299,13991.68,0.811589,70.505322
360.700,93.2442,300.0000,69.6875,69.0204,13991.34,0.811530,70.505322
360.800,93.2442,300.0000,69.6250,69.0109,13991.03,0.811475,70.505322
360.900,93.2442,300.0000,69.6250,69.0014,13990.74,0.811424,70.505322
361.000,93.1493,300.0000,69.6250,68.9919,13989.51,0.811211,71.008834
361.100,93.1493,300.0000,69.5625,68.9825,13988.37,0.811013,71.008834
361.200,93.1493,300.0000,69.6250,68.9731,13987.31,0.810827,71.008834
361.300,93.1493,300.0000,69.5625,68.9637,13986.31,0.810655,71.008834
361.400,93.1493,300.0000,69.6875,68.9544,13985.38,0.810493,71.008834
361.500,93.1493,300.0000,69.5625,68.9451,13984.52,0.810343,71.008834
361.600,93.1493,300.0000,69.5000,68.9358,13983.71,0.810202,71.008834
361.700,93.1493,300.0000,69.5000,68.9265,13982.95,0.810071,71.008834
361.800,93.1493,300.0000,69.5625,68.9173,13982.25,0.809949,71.008834
361.900,93.1493,300.0000,69.5625,68.9081,13981.59,0.809834,71.008834
362.000,93.3468,300.0000,69.5000,68.8989,13982.95,0.810071,71.505542
362.100,93.3468,300.0000,69.5000,68.8897,13984.23,0.810292,71.505542
362.200,93.3468,300.0000,69.5000,68.8805,13985.41,0.810498,71.505542
362.300,93.3468,300.0000,69.5000,68.8714,13986.52,0.810691,71.505542
362.400,93.3468,300.0000,69.4375,68.8622,13987.55,0.810870,71.505542
362.500,93.3468,300.0000,69.4375,68.8531,13988.52,0.811038,71.505542
362.600,93.3468,300.0000,69.4375,68.8439,13989.42,0.811195,71.505542
362.700,93.3468,300.0000,69.5000,68.8348,13990.26,0.811341,71.505542
362.800,93.3468,300.0000,69.4375,68.8257,13991.04,0.811477,71.505542
362.900,93.3468,300.0000,69.4375,68.8166,13991.77,0.811605,71.505542
363.000,93.2315,300.0000,69.3750,68.8076,13991.30,0.811523,71.988642
363.100,93.2315,300.0000,69.4375,68.7985,13990.86,0.811446,71.988642
363.200,93.2315,300.0000,69.3750,68.7895,13990.45,0.811375,71.988642
363.300,93.2315,300.0000,69.4375,68.7805,13990.07,0.811309,71.988642
363.400,93.2315,300.0000,69.3125,68.7715,13989.72,0.811247,71.988642
363.500,93.2315,300.0000,69.3750,68.7626,13989.38,0.811189,71.988642
363.600,93.2315,300.0000,69.3750,68.7537,13989.07,0.811135,71.988642
363.700,93.2315,300.0000,69.3750,68.7448,13988.78,0.811084,71.988642
363.800,93.2315,300.0000,69.3125,68.7359,13988.51,0.811037,71.988642
363.900,93.2315,300.0000,69.3125,68.7270,13988.26,0.810993,71.988642
364.000,93.1026,300.0000,69.3125,68.7182,13986.74,0.810728,72.458133
364.100,93.1026,300.0000,69.3125,68.7094,13985.31,0.810481,72.458133
364.200,93.1026,300.0000,69.3750,68.7006,13983.98,0.810250,72.458133
364.300,93.1026,300.0000,69.2500,68.6919,13982.74,0.810034,72.458133
364.400,93.1026,300.0000,69.2500,68.6832,13981.59,0.809833,72.458133
364.500,93.1026,300.0000,69.3750,68.6745,13980.51,0.809646,72.458133
364.600,93.1026,300.0000,69.3125,68.6659,13979.50,0.809471,72.458133
364.700,93.1026,300.0000,69.2500,68.6572,13978.56,0.809307,72.458133
364.800,93.1026,300.0000,69.3125,68.6486,13977.68,0.809155,72.458133
364.900,93.1026,300.0000,69.1250,68.6401,13976.86,0.809012,72.458133
365.000,92.6541,300.0000,69.1250,68.6316,13971.61,0.808101,72.907211
365.100,92.6541,300.0000,69.1875,68.6231,13966.71,0.807251,72.907211
365.200,92.6541,300.0000,69.1875,68.6147,13962.14,0.806459,72.907211
365.300,92.6541,300.0000,69.1875,68.6064,13957.87,0.805719,72.907211
365.400,92.6541,300.0000,69.1875,68.5981,13953.89,0.805029,72.907211
365.500,92.6541,300.0000,69.1250,68.5899,13950.17,0.804386,72.907211
365.600,92.6541,300.0000,69.1875,68.5817,13946.70,0.803786,72.907211
365.700,92.6541,300.0000,69.1250,68.5735,13943.46,0.803226,72.907211
365.800,92.6541,300.0000,69.1250,68.5654,13940.44,0.802704,72.907211
365.900,92.6541,300.0000,69.0625,68.5574,13937.61,0.802216,72.907211
366.000,92.7972,300.0000,69.0000,68.5493,13936.41,0.802009,73.349486
366.100,92.7972,300.0000,69.0000,68.5413,13935.29,0.801815,73.349486
366.200,92.7972,300.0000,69.0000,68.5333,13934.24,0.801634,73.349486
366.300,92.7972,300.0000,69.0625,68.5254,13933.26,0.801466,73.349486
366.400,92.7972,300.0000,69.0000,68.5175,13932.35,0.801308,73.349486
366.500,92.7972,300.0000,69.0625,68.5096,13931.50,0.801161,73.349486
366.600,92.7972,300.0000,69.0625,68.5017,13930.70,0.801024,73.349486
366.700,92.7972,300.0000,69.0625,68.4938,13929.96,0.800896,73.349486
366.800,92.7972,300.0000,69.0000,68.4860,13929.27,0.800777,73.349486
366.900,92.7972,300.0000,69.0000,68.4782,13928.62,0.800665,73.349486
367.000,92.9334,300.0000,69.0000,68.4704,13929.38,0.800796,73.784956
367.100,92.9334,300.0000,69.0000,68.4626,13930.09,0.800918,73.784956
367.200,92.9334,300.0000,68.9375,68.4548,13930.75,0.801032,73.784956
367.300,92.9334,300.0000,69.0625,68.4471,13931.37,0.801139,73.784956
367.400,92.9334,300.0000,68.9375,68.4393,13931.95,0.801238,73.784956
367.500,92.9334,300.0000,68.9375,68.4316,13932.49,0.801331,73.784956
367.600,92.9334,300.0000,68.9375,68.4238,13932.99,0.801418,73.784956
367.700,92.9334,300.0000,68.9375,68.4161,13933.46,0.801499,73.784956
367.800,92.9334,300.0000,68.9375,68.4084,13933.89,0.801574,73.784956
367.900,92.9334,300.0000,68.8750,68.4007,13934.30,0.801645,73.784956
368.000,92.7569,300.0000,68.9375,68.3931,13932.92,0.801406,74.206817
368.100,92.7569,300.0000,68.8125,68.3855,13931.63,0.801183,74.206817
368.200,92.7569,300.0000,68.8750,68.3779,13930.42,0.800975,74.206817
368.300,92.7569,300.0000,68.9375,68.3703,13929.29,0.800781,74.206817
368.400,92.7569,300.0000,68.8125,68.3627,13928.24,0.800599,74.206817
368.500,92.7569,300.0000,68.8750,68.3552,13927.26,0.800430,74.206817
368.600,92.7569,300.0000,68.9375,68.3477,13926.35,0.800273,74.206817
368.700,92.7569,300.0000,68.8125,68.3402,13925.49,0.800125,74.206817
368.800,92.7569,300.0000,68.8750,68.3328,13924.70,0.799988,74.206817
368.900,92.7569,300.0000,68.8125,68.3254,13923.95,0.799860,74.206817
369.000,92.8728,300.0000,68.8125,68.3179,13924.42,0.799940,74.621875
369.100,92.8728,300.0000,68.8125,68.3105,13924.85,0.800015,74.621875
369.200,92.8728,300.0000,68.7500,68.3031,13925.26,0.800084,74.621875
369.300,92.8728,300.0000,68.7500,68.2958,13925.63,0.800149,74.621875
369.400,92.8728,300.0000,68.8125,68.2884,13925.98,0.800210,74.621875
369.500,92.8728,300.0000,68.7500,68.2810,13926.31,0.800267,74.621875
369.600,92.8728,300.0000,68.6875,68.2737,13926.62,0.800320,74.621875
369.700,92.8728,300.0000,68.6875,68.2664,13926.91,0.800369,74.621875
369.800,92.8728,300.0000,68.7500,68.2591,13927.17,0.800415,74.621875
369.900,92.8728,300.0000,68.7500,68.2518,13927.42,0.800458,74.621875
370.000,92.9818,300.0000,68.6875,68.2445,13928.75,0.800686,75.030128
370.100,92.9818,300.0000,68.6875,68.2372,13929.98,0.800899,75.030128
370.200,92.9818,300.0000,68.6875,68.2299,13931.14,0.801098,75.030128
370.300,92.9818,300.0000,68.7500,68.2227,13932.21,0.801284,75.030128
370.400,92.9818,300.0000,68.6250,68.2154,13933.22,0.801457,75.030128
370.500,92.9818,300.0000,68.6250,68.2081,13934.15,0.801619,75.030128
370.600,92.9818,300.0000,68.6875,68.2009,13935.03,0.801770,75.030128
370.700,92.9818,300.0000,68.6875,68.1937,13935.84,0.801911,75.030128
370.800,92.9818,300.0000,68.6250,68.1864,13936.61,0.802042,75.030128
370.900,92.9818,300.0000,68.6250,68.1792,13937.32,0.802165,75.030128
371.000,92.7781,300.0000,68.6250,68.1720,13935.94,0.801928,75.424773
371.100,92.7781,300.0000,68.6875,68.1649,13934.66,0.801707,75.424773
371.200,92.7781,300.0000,68.6250,68.1577,13933.47,0.801500,75.424773
371.300,92.7781,300.0000,68.6875,68.1506,13932.35,0.801308,75.424773
371.400,92.7781,300.0000,68.6875,68.1435,13931.31,0.801128,75.424773
371.500,92.7781,300.0000,68.6875,68.1365,13930.33,0.800960,75.424773
371.600,92.7781,300.0000,68.5000,68.1294,13929.43,0.800803,75.424773
371.700,92.7781,300.0000,68.6250,68.1224,13928.58,0.800657,75.424773
371.800,92.7781,300.0000,68.5000,68.1154,13927.79,0.800521,75.424773
371.900,92.7781,300.0000,68.6250,68.1084,13927.05,0.800393,75.424773
372.000,93.1727,300.0000,68.5625,68.1015,13930.31,0.800955,75.819417
372.100,93.1727,300.0000,68.5625,68.0945,13933.35,0.801480,75.819417
372.200,93.1727,300.0000,68.5625,68.0875,13936.18,0.801969,75.819417
372.300,93.1727,300.0000,68.5000,68.0805,13938.83,0.802427,75.819417
372.400,93.1727,300.0000,68.5625,68.0734,13941.30,0.802854,75.819417
372.500,93.1727,300.0000,68.4375,68.0664,13943.61,0.803252,75.819417
372.600,93.1727,300.0000,68.3750,68.0594,13945.76,0.803625,75.819417
372.700,93.1727,300.0000,68.4375,68.0524,13947.77,0.803972,75.819417
372.800,93.1727,300.0000,68.5000,68.0454,13949.65,0.804296,75.819417
372.900,93.1727,300.0000,68.4375,68.0383,13951.40,0.804599,75.819417
373.000,92.6494,300.0000,68.5000,68.0314,13947.80,0.803977,76.193649
373.100,92.6494,300.0000,68.5000,68.0244,13944.44,0.803396,76.193649
373.200,92.6494,300.0000,68.5000,68.0175,13941.31,0.802854,76.193649
373.300,92.6494,300.0000,68.4375,68.0107,13938.38,0.802349,76.193649
373.400,92.6494,300.0000,68.3125,68.0039,13935.65,0.801877,76.193649
373.500,92.6494,300.0000,68.5000,67.9971,13933.10,0.801437,76.193649
373.600,92.6494,300.0000,68.4375,67.9904,13930.72,0.801026,76.193649
373.700,92.6494,300.0000,68.4375,67.9837,13928.50,0.800643,76.193649
373.800,92.6494,300.0000,68.4375,67.9770,13926.43,0.800286,76.193649
373.900,92.6494,300.0000,68.4375,67.9703,13924.49,0.799953,76.193649
374.000,93.0236,300.0000,68.3750,67.9637,13926.43,0.800286,76.567882
374.100,93.0236,300.0000,68.4375,67.9571,13928.24,0.800598,76.567882
374.200,93.0236,300.0000,68.4375,67.9504,13929.92,0.800889,76.567882
374.300,93.0236,300.0000,68.4375,67.9438,13931.50,0.801161,76.567882
374.400,93.0236,300.0000,68.4375,67.9371,13932.97,0.801414,76.567882
374.500,93.0236,300.0000,68.3750,67.9305,13934.34,0.801651,76.567882
374.600,93.0236,300.0000,68.2500,67.9239,13935.62,0.801872,76.567882
374.700,93.0236,300.0000,68.3125,67.9172,13936.81,0.802078,76.567882
374.800,93.0236,300.0000,68.3125,67.9106,13937.93,0.802271,76.567882
374.900,93.0236,300.0000,68.3750,67.9040,13938.97,0.802450,76.567882
375.000,93.0918,300.0000,68.2500,67.8974,13940.62,0.802736,76.935309
375.100,93.0918,300.0000,68.2500,67.8908,13942.17,0.803003,76.935309
375.200,93.0918,300.0000,68.3750,67.8841,13943.61,0.803252,76.935309
375.300,93.0918,300.0000,68.3125,67.8775,13944.95,0.803484,76.935309
375.400,93.0918,300.0000,68.2500,67.8709,13946.21,0.803701,76.935309
375.500,93.0918,300.0000,68.2500,67.8643,13947.38,0.803904,76.935309
375.600,93.0918,300.0000,68.2500,67.8577,13948.47,0.804093,76.935309
375.700,93.0918,300.0000,68.2500,67.8512,13949.49,0.804269,76.935309
375.800,93.0918,300.0000,68.3125,67.8446,13950.44,0.804434,76.935309
375.900,93.0918,300.0000,68.3125,67.8380,13951.33,0.804588,76.935309
376.000,93.1533,300.0000,68.3125,67.8314,13952.78,0.804838,77.295933
376.100,93.1533,300.0000,68.2500,67.8249,13954.12,0.805071,77.295933
376.200,93.1533,300.0000,68.1875,67.8183,13955.38,0.805288,77.295933
376.300,93.1533,300.0000,68.1875,67.8117,13956.56,0.805492,77.295933
376.400,93.1533,300.0000,68.2500,67.8052,13957.65,0.805681,77.295933
376.500,93.1533,300.0000,68.1250,67.7986,13958.67,0.805859,77.295933
376.600,93.1533,300.0000,68.2500,67.7921,13959.63,0.806024,77.295933
376.700,93.1533,300.0000,68.1875,67.7856,13960.52,0.806178,77.295933
376.800,93.1533,300.0000,68.1875,67.7791,13961.35,0.806322,77.295933
376.900,93.1533,300.0000,68.1250,67.7725,13962.13,0.806457,77.295933
377.000,92.5959,300.0000,68.0625,67.7661,13957.28,0.805617,77.636144
377.100,92.5959,300.0000,68.1875,67.7597,13952.75,0.804833,77.636144
377.200,92.5959,300.0000,68.1250,67.7533,13948.53,0.804102,77.636144
377.300,92.5959,300.0000,68.0625,67.7470,13944.58,0.803421,77.636144
377.400,92.5959,300.0000,68.1875,67.7407,13940.90,0.802785,77.636144
377.500,92.5959,300.0000,68.1250,67.7345,13937.47,0.802191,77.636144
377.600,92.5959,300.0000,68.1875,67.7283,13934.26,0.801638,77.636144
377.700,92.5959,300.0000,68.1250,67.7222,13931.27,0.801122,77.636144
377.800,92.5959,300.0000,68.1875,67.7160,13928.48,0.800640,77.636144
377.900,92.5959,300.0000,68.0625,67.7100,13925.87,0.800191,77.636144
378.000,92.6301,300.0000,68.0625,67.7039,13923.78,0.799831,77.969551
378.100,92.6301,300.0000,68.0625,67.6979,13921.83,0.799494,77.969551
378.200,92.6301,300.0000,68.1250,67.6919,13920.01,0.799181,77.969551
378.300,92.6301,300.0000,68.1250,67.6860,13918.31,0.798888,77.969551
378.400,92.6301,300.0000,68.1250,67.6800,13916.73,0.798615,77.969551
378.500,92.6301,300.0000,68.0625,67.6741,13915.24,0.798360,77.969551
378.600,92.6301,300.0000,68.0625,67.6682,13913.86,0.798122,77.969551
378.700,92.6301,300.0000,68.1875,67.6624,13912.57,0.797900,77.969551
378.800,92.6301,300.0000,68.0625,67.6565,13911.37,0.797693,77.969551
378.900,92.6301,300.0000,68.0625,67.6507,13910.25,0.797500,77.969551
379.000,92.9635,300.0000,68.0000,67.6449,13912.53,0.797893,78.302957
379.100,92.9635,300.0000,68.1250,67.6391,13914.66,0.798260,78.302957
379.200,92.9635,300.0000,68.0625,67.6333,13916.66,0.798603,78.302957
379.300,92.9635,300.0000,68.0625,67.6274,13918.51,0.798923,78.302957
379.400,92.9635,300.0000,67.9375,67.6216,13920.25,0.799221,78.302957
379.500,92.9635,300.0000,68.0625,67.6158,13921.87,0.799500,78.302957
379.600,92.9635,300.0000,67.9375,67.6099,13923.38,0.799761,78.302957
379.700,92.9635,300.0000,68.0000,67.6041,13924.79,0.800004,78.302957
379.800,92.9635,300.0000,68.0000,67.5983,13926.10,0.800230,78.302957
379.900,92.9635,300.0000,67.8750,67.5924,13927.33,0.800442,78.302957
380.000,92.3789,300.0000,68.0000,67.5867,13922.63,0.799632,78.615952
380.100,92.3789,300.0000,67.9375,67.5809,13918.25,0.798877,78.615952
380.200,92.3789,300.0000,67.9375,67.5753,13914.15,0.798172,78.615952
380.300,92.3789,300.0000,67.9375,67.5696,13910.33,0.797515,78.615952
380.400,92.3789,300.0000,67.9375,67.5640,13906.77,0.796901,78.615952
380.500,92.3789,300.0000,67.9375,67.5585,13903.44,0.796329,78.615952
380.600,92.3789,300.0000,67.8750,67.5530,13900.33,0.795796,78.615952
380.700,92.3789,300.0000,67.8750,67.5475,13897.43,0.795298,78.615952
380.800,92.3789,300.0000,67.9375,67.5421,13894.72,0.794833,78.615952
380.900,92.3789,300.0000,67.9375,67.5366,13892.20,0.794400,78.615952
381.000,92.9979,300.0000,67.8750,67.5312,13896.03,0.795058,78.935750
381.100,92.9979,300.0000,67.9375,67.5258,13899.61,0.795672,78.935750
381.200,92.9979,300.0000,67.8750,67.5203,13902.95,0.796245,78.935750
381.300,92.9979,300.0000,67.9375,67.5148,13906.06,0.796781,78.935750
381.400,92.9979,300.0000,67.8125,67.5093,13908.97,0.797281,78.935750
381.500,92.9979,300.0000,67.8750,67.5038,13911.69,0.797748,78.935750
381.600,92.9979,300.0000,67.8750,67.4983,13914.22,0.798184,78.935750
381.700,92.9979,300.0000,67.8750,67.4928,13916.58,0.798591,78.935750
381.800,92.9979,300.0000,67.9375,67.4873,13918.79,0.798971,78.935750
381.900,92.9979,300.0000,67.8750,67.4818,13920.85,0.799325,78.935750
382.000,93.0117,300.0000,67.8750,67.4762,13922.91,0.799680,79.248744
382.100,93.0117,300.0000,67.8125,67.4707,13924.83,0.800012,79.248744
382.200,93.0117,300.0000,67.7500,67.4652,13926.63,0.800321,79.248744
382.300,93.0117,300.0000,67.8125,67.4596,13928.30,0.800610,79.248744
382.400,93.0117,300.0000,67.8125,67.4541,13929.87,0.800880,79.248744
382.500,93.0117,300.0000,67.8125,67.4486,13931.33,0.801131,79.248744
382.600,93.0117,300.0000,67.8750,67.4430,13932.69,0.801366,79.248744
382.700,93.0117,300.0000,67.8125,67.4375,13933.96,0.801586,79.248744
382.800,93.0117,300.0000,67.8125,67.4319,13935.15,0.801791,79.248744
382.900,93.0117,300.0000,67.7500,67.4264,13936.25,0.801982,79.248744
383.000,92.7127,300.0000,67.7500,67.4209,13934.30,0.801644,79.548130
383.100,92.7127,300.0000,67.7500,67.4154,13932.47,0.801329,79.548130
383.200,92.7127,300.0000,67.7500,67.4100,13930.77,0.801035,79.548130
383.300,92.7127,300.0000,67.6875,67.4046,13929.18,0.800760,79.548130
383.400,92.7127,300.0000,67.7500,67.3992,13927.69,0.800504,79.548130
383.500,92.7127,300.0000,67.7500,67.3938,13926.31,0.800266,79.548130
383.600,92.7127,300.0000,67.7500,67.3884,13925.01,0.800043,79.548130
383.700,92.7127,300.0000,67.7500,67.3831,13923.81,0.799835,79.548130
383.800,92.7127,300.0000,67.8125,67.3778,13922.68,0.799640,79.548130
383.900,92.7127,300.0000,67.8125,67.3725,13921.63,0.799459,79.548130
384.000,93.3181,300.0000,67.7500,67.3672,13926.70,0.800333,79.854320
384.100,93.3181,300.0000,67.6875,67.3618,13931.44,0.801150,79.854320
384.200,93.3181,300.0000,67.7500,67.3565,13935.85,0.801912,79.854320
384.300,93.3181,300.0000,67.6250,67.3511,13939.98,0.802625,79.854320
384.400,93.3181,300.0000,67.6875,67.3457,13943.83,0.803290,79.854320
384.500,93.3181,300.0000,67.7500,67.3402,13947.42,0.803911,79.854320
384.600,93.3181,300.0000,67.7500,67.3348,13950.77,0.804491,79.854320
384.700,93.3181,300.0000,67.6875,67.3293,13953.90,0.805032,79.854320
384.800,93.3181,300.0000,67.6875,67.3239,13956.82,0.805538,79.854320
384.900,93.3181,300.0000,67.6875,67.3184,13959.55,0.806010,79.854320
385.000,93.0123,300.0000,67.6250,67.3129,13959.04,0.805921,80.146901
385.100,93.0123,300.0000,67.6875,67.3075,13958.56,0.805838,80.146901
385.200,93.0123,300.0000,67.5625,67.3020,13958.11,0.805760,80.146901
385.300,93.0123,300.0000,67.6875,67.2966,13957.69,0.805688,80.146901
385.400,93.0123,300.0000,67.5625,67.2912,13957.30,0.805621,80.146901
385.500,93.0123,300.0000,67.6250,67.2858,13956.94,0.805558,80.146901
385.600,93.0123,300.0000,67.6875,67.2804,13956.60,0.805499,80.146901
385.700,93.0123,300.0000,67.5625,67.2751,13956.28,0.805444,80.146901
385.800,93.0123,300.0000,67.6250,67.2697,13955.98,0.805393,80.146901
385.900,93.0123,300.0000,67.6250,67.2644,13955.71,0.805345,80.146901
386.000,92.9989,300.0000,67.6250,67.2591,13955.32,0.805277,80.432678
386.100,92.9989,300.0000,67.5625,67.2538,13954.95,0.805214,80.432678
386.200,92.9989,300.0000,67.5625,67.2485,13954.61,0.805155,80.432678
386.300,92.9989,300.0000,67.5625,67.2432,13954.29,0.805100,80.432678
386.400,92.9989,300.0000,67.6250,67.2380,13953.99,0.805048,80.432678
386.500,92.9989,300.0000,67.4375,67.2327,13953.72,0.805000,80.432678
386.600,92.9989,300.0000,67.5625,67.2275,13953.46,0.804955,80.432678
386.700,92.9989,300.0000,67.6250,67.2223,13953.22,0.804913,80.432678
386.800,92.9989,300.0000,67.5000,67.2171,13952.99,0.804874,80.432678
386.900,92.9989,300.0000,67.6250,67.2119,13952.78,0.804838,80.432678
387.000,93.2847,300.0000,67.5625,67.2067,13955.44,0.805298,80.718455
387.100,93.2847,300.0000,67.5000,67.2015,13957.92,0.805729,80.718455
387.200,93.2847,300.0000,67.5625,67.1962,13960.24,0.806130,80.718455
387.300,93.2847,300.0000,67.5625,67.1910,13962.41,0.806505,80.718455
387.400,93.2847,300.0000,67.5625,67.1858,13964.43,0.806855,80.718455
387.500,93.2847,300.0000,67.6250,67.1806,13966.31,0.807182,80.718455
387.600,93.2847,300.0000,67.5000,67.1753,13968.07,0.807487,80.718455
387.700,93.2847,300.0000,67.5625,67.1701,13969.71,0.807772,80.718455
387.800,93.2847,300.0000,67.5625,67.1648,13971.24,0.808037,80.718455
387.900,93.2847,300.0000,67.4375,67.1596,13972.67,0.808286,80.718455
388.000,92.6524,300.0000,67.5000,67.1544,13967.69,0.807420,80.983820
388.100,92.6524,300.0000,67.5000,67.1493,13963.03,0.806613,80.983820
388.200,92.6524,300.0000,67.3750,67.1442,13958.69,0.805861,80.983820
388.300,92.6524,300.0000,67.4375,67.1391,13954.63,0.805159,80.983820
388.400,92.6524,300.0000,67.5000,67.1341,13950.85,0.804504,80.983820
388.500,92.6524,300.0000,67.4375,67.1292,13947.32,0.803893,80.983820
388.600,92.6524,300.0000,67.4375,67.1243,13944.02,0.803323,80.983820
388.700,92.6524,300.0000,67.4375,67.1194,13940.94,0.802791,80.983820
388.800,92.6524,300.0000,67.4375,67.1145,13938.07,0.802295,80.983820
388.900,92.6524,300.0000,67.5000,67.1097,13935.39,0.801832,80.983820
389.000,93.2238,300.0000,67.3750,67.1049,13938.60,0.802387,81.255989
389.100,93.2238,300.0000,67.3750,67.1000,13941.60,0.802905,81.255989
389.200,93.2238,300.0000,67.3125,67.0952,13944.40,0.803388,81.255989
389.300,93.2238,300.0000,67.3750,67.0903,13947.01,0.803840,81.255989
389.400,93.2238,300.0000,67.3750,67.0854,13949.45,0.804261,81.255989
389.500,93.2238,300.0000,67.4375,67.0805,13951.72,0.804655,81.255989
389.600,93.2238,300.0000,67.4375,67.0756,13953.84,0.805022,81.255989
389.700,93.2238,300.0000,67.5000,67.0707,13955.83,0.805365,81.255989
389.800,93.2238,300.0000,67.3125,67.0658,13957.68,0.805685,81.255989
389.900,93.2238,300.0000,67.3750,67.0609,13959.40,0.805984,81.255989
390.000,92.8840,300.0000,67.3750,67.0560,13957.61,0.805675,81.514549
390.100,92.8840,300.0000,67.3125,67.0512,13955.95,0.805386,81.514549
390.200,92.8840,300.0000,67.4375,67.0463,13954.39,0.805117,81.514549
390.300,92.8840,300.0000,67.3125,67.0415,13952.94,0.804865,81.514549
390.400,92.8840,300.0000,67.4375,67.0367,13951.58,0.804630,81.514549
390.500,92.8840,300.0000,67.3125,67.0320,13950.32,0.804411,81.514549
390.600,92.8840,300.0000,67.3125,67.0272,13949.13,0.804207,81.514549
390.700,92.8840,300.0000,67.3125,67.0225,13948.03,0.804016,81.514549
390.800,92.8840,300.0000,67.3750,67.0178,13947.00,0.803839,81.514549
390.900,92.8840,300.0000,67.2500,67.0131,13946.04,0.803672,81.514549
391.000,92.5305,300.0000,67.3125,67.0084,13941.61,0.802907,81.759501
391.100,92.5305,300.0000,67.3750,67.0038,13937.48,0.802192,81.759501
391.200,92.5305,300.0000,67.3750,66.9993,13933.62,0.801526,81.759501
391.300,92.5305,300.0000,67.2500,66.9948,13930.01,0.800905,81.759501
391.400,92.5305,300.0000,67.3125,66.9903,13926.65,0.800325,81.759501
391.500,92.5305,300.0000,67.3125,66.9858,13923.51,0.799784,81.759501
391.600,92.5305,300.0000,67.1875,66.9814,13920.58,0.799279,81.759501
391.700,92.5305,300.0000,67.2500,66.9771,13917.85,0.798809,81.759501
391.800,92.5305,300.0000,67.2500,66.9727,13915.30,0.798369,81.759501
391.900,92.5305,300.0000,67.3125,66.9684,13912.92,0.797959,81.759501
392.000,93.0815,300.0000,67.3125,66.9641,13916.20,0.798525,82.011257
392.100,93.0815,300.0000,67.2500,66.9597,13919.27,0.799053,82.011257
392.200,93.0815,300.0000,67.1875,66.9553,13922.14,0.799547,82.011257
392.300,93.0815,300.0000,67.2500,66.9510,13924.81,0.800007,82.011257
392.400,93.0815,300.0000,67.1250,66.9466,13927.30,0.800437,82.011257
392.500,93.0815,300.0000,67.2500,66.9422,13929.63,0.800839,82.011257
392.600,93.0815,300.0000,67.3125,66.9378,13931.80,0.801213,82.011257
392.700,93.0815,300.0000,67.2500,66.9334,13933.83,0.801563,82.011257
392.800,93.0815,300.0000,67.1875,66.9290,13935.72,0.801890,82.011257
392.900,93.0815,300.0000,67.1875,66.9245,13937.49,0.802195,82.011257
393.000,92.7212,300.0000,67.2500,66.9201,13935.54,0.801858,82.249405
393.100,92.7212,300.0000,67.2500,66.9158,13933.71,0.801543,82.249405
393.200,92.7212,300.0000,67.1250,66.9114,13932.01,0.801249,82.249405
393.300,92.7212,300.0000,67.1875,66.9071,13930.42,0.800975,82.249405
393.400,92.7212,300.0000,67.1875,66.9028,13928.94,0.800720,82.249405
393.500,92.7212,300.0000,67.2500,66.8985,13927.56,0.800481,82.249405
393.600,92.7212,300.0000,67.2500,66.8942,13926.27,0.800258,82.249405
393.700,92.7212,300.0000,67.1875,66.8900,13925.06,0.800051,82.249405
393.800,92.7212,300.0000,67.1875,66.8858,13923.93,0.799857,82.249405
393.900,92.7212,300.0000,67.1250,66.8816,13922.88,0.799676,82.249405
394.000,92.6534,300.0000,67.1250,66.8774,13921.23,0.799390,82.480748
394.100,92.6534,300.0000,67.0625,66.8732,13919.68,0.799123,82.480748
394.200,92.6534,300.0000,67.1875,66.8691,13918.23,0.798875,82.480748
394.300,92.6534,300.0000,67.2500,66.8650,13916.89,0.798642,82.480748
394.400,92.6534,300.0000,67.0625,66.8609,13915.63,0.798426,82.480748
394.500,92.6534,300.0000,67.1875,66.8568,13914.45,0.798224,82.480748
394.600,92.6534,300.0000,67.1250,66.8527,13913.36,0.798035,82.480748
394.700,92.6534,300.0000,67.0000,66.8487,13912.33,0.797859,82.480748
394.800,92.6534,300.0000,67.0625,66.8446,13911.38,0.797695,82.480748
394.900,92.6534,300.0000,67.1250,66.8406,13910.49,0.797541,82.480748
395.000,92.8847,300.0000,67.0625,66.8366,13911.97,0.797796,82.712092
395.100,92.8847,300.0000,67.1875,66.8326,13913.35,0.798034,82.712092
395.200,92.8847,300.0000,67.0000,66.8286,13914.64,0.798256,82.712092
395.300,92.8847,300.0000,67.0625,66.8246,13915.85,0.798463,82.712092
395.400,92.8847,300.0000,67.1250,66.8205,13916.97,0.798657,82.712092
395.500,92.8847,300.0000,67.0625,66.8165,13918.02,0.798838,82.712092
395.600,92.8847,300.0000,67.1250,66.8125,13919.00,0.799006,82.712092
395.700,92.8847,300.0000,67.0000,66.8085,13919.91,0.799164,82.712092
395.800,92.8847,300.0000,67.1250,66.8045,13920.77,0.799311,82.712092
395.900,92.8847,300.0000,67.0625,66.8005,13921.56,0.799448,82.712092
396.000,92.8101,300.0000,67.0625,66.7964,13921.56,0.799447,82.936631
396.100,92.8101,300.0000,67.1250,66.7925,13921.56,0.799447,82.936631
396.200,92.8101,300.0000,67.0625,66.7885,13921.55,0.799446,82.936631
396.300,92.8101,300.0000,66.9375,66.7845,13921.55,0.799446,82.936631
396.400,92.8101,300.0000,67.1875,66.7805,13921.55,0.799445,82.936631
396.500,92.8101,300.0000,66.9375,66.7766,13921.54,0.799445,82.936631
396.600,92.8101,300.0000,67.0000,66.7726,13921.54,0.799444,82.936631
396.700,92.8101,300.0000,67.0625,66.7687,13921.54,0.799444,82.936631
396.800,92.8101,300.0000,67.0625,66.7647,13921.54,0.799444,82.936631
396.900,92.8101,300.0000,67.0000,66.7608,13921.54,0.799443,82.936631
397.000,92.7286,300.0000,67.0625,66.7569,13920.72,0.799303,83.154366
397.100,92.7286,300.0000,67.0000,66.7530,13919.96,0.799172,83.154366
397.200,92.7286,300.0000,67.0000,66.7491,13919.25,0.799049,83.154366
397.300,92.7286,300.0000,67.0625,66.7452,13918.58,0.798935,83.154366
397.400,92.7286,300.0000,66.9375,66.7414,13917.96,0.798828,83.154366
397.500,92.7286,300.0000,67.0000,66.7376,13917.39,0.798729,83.154366
397.600,92.7286,300.0000,67.0625,66.7337,13916.85,0.798636,83.154366
397.700,92.7286,300.0000,66.8750,66.7299,13916.34,0.798549,83.154366
397.800,92.7286,300.0000,67.0000,66.7261,13915.87,0.798468,83.154366
397.900,92.7286,300.0000,66.9375,66.7223,13915.43,0.798393,83.154366
398.000,92.6403,300.0000,67.0625,66.7186,13914.14,0.798170,83.365297
398.100,92.6403,300.0000,67.0000,66.7148,13912.94,0.797963,83.365297
398.200,92.6403,300.0000,67.0000,66.7111,13911.81,0.797769,83.365297
398.300,92.6403,300.0000,66.8750,66.7074,13910.76,0.797588,83.365297
398.400,92.6403,300.0000,67.0000,66.7036,13909.78,0.797420,83.365297
398.500,92.6403,300.0000,67.0000,66.7000,13908.86,0.797262,83.365297
398.600,92.6403,300.0000,66.9375,66.6963,13908.01,0.797115,83.365297
398.700,92.6403,300.0000,66.9375,66.6926,13907.21,0.796978,83.365297
398.800,92.6403,300.0000,66.8750,66.6890,13906.47,0.796850,83.365297
398.900,92.6403,300.0000,66.8750,66.6854,13905.77,0.796731,83.365297
399.000,92.5453,300.0000,66.9375,66.6818,13904.18,0.796456,83.569423
399.100,92.5453,300.0000,66.8750,66.6782,13902.68,0.796200,83.569423
399.200,92.5453,300.0000,66.8750,66.6746,13901.29,0.795961,83.569423
399.300,92.5453,300.0000,66.8750,66.6711,13899.99,0.795737,83.569423
399.400,92.5453,300.0000,66.8750,66.6675,13898.78,0.795529,83.569423
399.500,92.5453,300.0000,66.9375,66.6640,13897.64,0.795335,83.569423
399.600,92.5453,300.0000,66.9375,66.6605,13896.59,0.795153,83.569423
399.700,92.5453,300.0000,66.9375,66.6571,13895.60,0.794984,83.569423
399.800,92.5453,300.0000,66.8125,66.6536,13894.68,0.794826,83.569423
399.900,92.5453,300.0000,66.9375,66.6501,13893.82,0.794678,83.569423
400.000,93.0554,300.0000,66.9375,66.6467,13898.12,0.795416,83.780354
400.100,93.0554,300.0000,66.8750,66.6432,13902.13,0.796105,83.780354
400.200,93.0554,300.0000,66.8125,66.6396,13905.88,0.796749,83.780354
400.300,93.0554,300.0000,66.8750,66.6361,13909.37,0.797350,83.780354
400.400,93.0554,300.0000,66.8750,66.6325,13912.64,0.797911,83.780354
400.500,93.0554,300.0000,66.8750,66.6289,13915.68,0.798435,83.780354
400.600,93.0554,300.0000,66.8125,66.6253,13918.52,0.798924,83.780354
400.700,93.0554,300.0000,66.8125,66.6217,13921.18,0.799381,83.780354
400.800,93.0554,300.0000,66.8750,66.6181,13923.65,0.799808,83.780354
400.900,93.0554,300.0000,66.8750,66.6145,13925.96,0.800206,83.780354
401.000,92.9603,300.0000,66.8125,66.6108,13927.17,0.800414,83.984481
401.100,92.9603,300.0000,66.8750,66.6072,13928.29,0.800608,83.984481
401.200,92.9603,300.0000,66.8750,66.6036,13929.34,0.800789,83.984481
401.300,92.9603,300.0000,66.7500,66.5999,13930.32,0.800958,83.984481
401.400,92.9603,300.0000,66.8750,66.5963,13931.24,0.801116,83.984481
401.500,92.9603,300.0000,66.7500,66.5926,13932.09,0.801263,83.984481
401.600,92.9603,300.0000,66.8125,66.5890,13932.89,0.801401,83.984481
401.700,92.9603,300.0000,66.8125,66.5854,13933.63,0.801529,83.984481
401.800,92.9603,300.0000,66.7500,66.5817,13934.33,0.801649,83.984481
401.900,92.9603,300.0000,66.8125,66.5781,13934.98,0.801761,83.984481
402.000,92.8585,300.0000,66.7500,66.5745,13934.56,0.801690,84.181803
402.100,92.8585,300.0000,66.6875,66.5709,13934.18,0.801623,84.181803
402.200,92.8585,300.0000,66.8125,66.5673,13933.82,0.801561,84.181803
402.300,92.8585,300.0000,66.6875,66.5637,13933.48,0.801503,84.181803
402.400,92.8585,300.0000,66.7500,66.5601,13933.17,0.801449,84.181803
402.500,92.8585,300.0000,66.8125,66.5565,13932.87,0.801398,84.181803
402.600,92.8585,300.0000,66.7500,66.5530,13932.60,0.801351,84.181803
402.700,92.8585,300.0000,66.7500,66.5494,13932.34,0.801307,84.181803
402.800,92.8585,300.0000,66.8125,66.5459,13932.11,0.801266,84.181803
402.900,92.8585,300.0000,66.6875,66.5424,13931.88,0.801227,84.181803
403.000,92.4438,300.0000,66.7500,66.5389,13927.53,0.800476,84.365517
403.100,92.4438,300.0000,66.7500,66.5355,13923.46,0.799776,84.365517
403.200,92.4438,300.0000,66.6875,66.5321,13919.67,0.799122,84.365517
403.300,92.4438,300.0000,66.7500,66.5287,13916.13,0.798513,84.365517
403.400,92.4438,300.0000,66.7500,66.5254,13912.83,0.797944,84.365517
403.500,92.4438,300.0000,66.6875,66.5221,13909.74,0.797413,84.365517
403.600,92.4438,300.0000,66.7500,66.5188,13906.86,0.796919,84.365517
403.700,92.4438,300.0000,66.6875,66.5156,13904.18,0.796457,84.365517
403.800,92.4438,300.0000,66.6875,66.5124,13901.67,0.796026,84.365517
403.900,92.4438,300.0000,66.8125,66.5092,13899.33,0.795624,84.365517
404.000,93.2395,300.0000,66.7500,66.5060,13905.10,0.796616,84.562839
404.100,93.2395,300.0000,66.6875,66.5027,13910.49,0.797542,84.562839
404.200,93.2395,300.0000,66.7500,66.4994,13915.52,0.798407,84.562839
404.300,93.2395,300.0000,66.6875,66.4961,13920.21,0.799216,84.562839
404.400,93.2395,300.0000,66.7500,66.4927,13924.59,0.799970,84.562839
404.500,93.2395,300.0000,66.7500,66.4894,13928.68,0.800675,84.562839
404.600,93.2395,300.0000,66.7500,66.4859,13932.50,0.801334,84.562839
404.700,93.2395,300.0000,66.7500,66.4825,13936.06,0.801948,84.562839
404.800,93.2395,300.0000,66.6250,66.4791,13939.39,0.802522,84.562839
404.900,93.2395,300.0000,66.6875,66.4756,13942.49,0.803058,84.562839
405.000,92.8248,300.0000,66.7500,66.4722,13941.24,0.802842,84.746553
405.100,92.8248,300.0000,66.7500,66.4687,13940.07,0.802640,84.746553
405.200,92.8248,300.0000,66.6875,66.4653,13938.98,0.802452,84.746553
405.300,92.8248,300.0000,66.6250,66.4619,13937.96,0.802277,84.746553
405.400,92.8248,300.0000,66.6875,66.4585,13937.01,0.802113,84.746553
405.500,92.8248,300.0000,66.6875,66.4552,13936.13,0.801960,84.746553
405.600,92.8248,300.0000,66.7500,66.4518,13935.30,0.801817,84.746553
405.700,92.8248,300.0000,66.7500,66.4485,13934.53,0.801684,84.746553
405.800,92.8248,300.0000,66.5625,66.4452,13933.81,0.801559,84.746553
405.900,92.8248,300.0000,66.6875,66.4418,13933.14,0.801443,84.746553
406.000,93.0085,300.0000,66.6875,66.4385,13934.35,0.801652,84.930267
406.100,93.0085,300.0000,66.6875,66.4352,13935.47,0.801847,84.930267
406.200,93.0085,300.0000,66.6250,66.4319,13936.53,0.802029,84.930267
406.300,93.0085,300.0000,66.5625,66.4286,13937.51,0.802199,84.930267
406.400,93.0085,300.0000,66.6250,66.4253,13938.43,0.802357,84.930267
406.500,93.0085,300.0000,66.6875,66.4219,13939.29,0.802505,84.930267
406.600,93.0085,300.0000,66.5625,66.4186,13940.09,0.802643,84.930267
406.700,93.0085,300.0000,66.6250,66.4153,13940.83,0.802772,84.930267
406.800,93.0085,300.0000,66.6250,66.4120,13941.53,0.802893,84.930267
406.900,93.0085,300.0000,66.6250,66.4087,13942.18,0.803005,84.930267
407.000,92.8863,300.0000,66.6875,66.4054,13941.56,0.802898,85.107177
407.100,92.8863,300.0000,66.5625,66.4021,13940.99,0.802799,85.107177
407.200,92.8863,300.0000,66.6250,66.3988,13940.45,0.802706,85.107177
407.300,92.8863,300.0000,66.6250,66.3955,13939.95,0.802620,85.107177
407.400,92.8863,300.0000,66.6250,66.3923,13939.48,0.802539,85.107177
407.500,92.8863,300.0000,66.6250,66.3890,13939.05,0.802464,85.107177
407.600,92.8863,300.0000,66.5625,66.3858,13938.64,0.802393,85.107177
407.700,92.8863,300.0000,66.6250,66.3826,13938.26,0.802328,85.107177
407.800,92.8863,300.0000,66.5000,66.3794,13937.90,0.802266,85.107177
407.900,92.8863,300.0000,66.5625,66.3762,13937.57,0.802209,85.107177
408.000,92.7572,300.0000,66.5625,66.3730,13935.97,0.801933,85.277282
408.100,92.7572,300.0000,66.5625,66.3698,13934.48,0.801675,85.277282
408.200,92.7572,300.0000,66.5625,66.3667,13933.09,0.801435,85.277282
408.300,92.7572,300.0000,66.5000,66.3636,13931.79,0.801210,85.277282
408.400,92.7572,300.0000,66.6250,66.3605,13930.57,0.801001,85.277282
408.500,92.7572,300.0000,66.5625,66.3574,13929.44,0.800805,85.277282
408.600,92.7572,300.0000,66.6250,66.3543,13928.38,0.800623,85.277282
408.700,92.7572,300.0000,66.4375,66.3512,13927.39,0.800453,85.277282
408.800,92.7572,300.0000,66.5625,66.3482,13926.47,0.800294,85.277282
408.900,92.7572,300.0000,66.6250,66.3451,13925.61,0.800146,85.277282
409.000,93.2333,300.0000,66.5000,66.3421,13929.57,0.800828,85.454192
409.100,93.2333,300.0000,66.5000,66.3390,13933.27,0.801466,85.454192
409.200,93.2333,300.0000,66.5000,66.3359,13936.71,0.802061,85.454192
409.300,93.2333,300.0000,66.6250,66.3328,13939.93,0.802617,85.454192
409.400,93.2333,300.0000,66.5000,66.3296,13942.94,0.803136,85.454192
409.500,93.2333,300.0000,66.5625,66.3265,13945.74,0.803620,85.454192
409.600,93.2333,300.0000,66.4375,66.3233,13948.36,0.804073,85.454192
409.700,93.2333,300.0000,66.6250,66.3201,13950.80,0.804495,85.454192
409.800,93.2333,300.0000,66.5625,66.3169,13953.08,0.804890,85.454192
409.900,93.2333,300.0000,66.5625,66.3137,13955.21,0.805258,85.454192
410.000,93.1042,300.0000,66.5625,66.3105,13955.90,0.805378,85.624298
410.100,93.1042,300.0000,66.5000,66.3073,13956.55,0.805490,85.624298
410.200,93.1042,300.0000,66.5000,66.3041,13957.15,0.805595,85.624298
410.300,93.1042,300.0000,66.4375,66.3009,13957.72,0.805693,85.624298
410.400,93.1042,300.0000,66.5000,66.2977,13958.25,0.805784,85.624298
410.500,93.1042,300.0000,66.5000,66.2945,13958.74,0.805869,85.624298
410.600,93.1042,300.0000,66.5000,66.2913,13959.20,0.805949,85.624298
410.700,93.1042,300.0000,66.5625,66.2881,13959.63,0.806023,85.624298
410.800,93.1042,300.0000,66.5625,66.2849,13960.03,0.806092,85.624298
410.900,93.1042,300.0000,66.5000,66.2817,13960.40,0.806157,85.624298
411.000,92.9683,300.0000,66.4375,66.2786,13959.39,0.805982,85.787599
411.100,92.9683,300.0000,66.4375,66.2754,13958.45,0.805819,85.787599
411.200,92.9683,300.0000,66.3750,66.2723,13957.57,0.805666,85.787599
411.300,92.9683,300.0000,66.4375,66.2691,13956.74,0.805524,85.787599
411.400,92.9683,300.0000,66.4375,66.2660,13955.98,0.805391,85.787599
411.500,92.9683,300.0000,66.3750,66.2629,13955.26,0.805267,85.787599
411.600,92.9683,300.0000,66.5000,66.2598,13954.59,0.805152,85.787599
411.700,92.9683,300.0000,66.5000,66.2568,13953.97,0.805044,85.787599
411.800,92.9683,300.0000,66.4375,66.2537,13953.39,0.804943,85.787599
411.900,92.9683,300.0000,66.5000,66.2507,13952.85,0.804849,85.787599
412.000,93.1316,300.0000,66.4375,66.2476,13953.97,0.805044,85.950900
412.100,93.1316,300.0000,66.4375,66.2446,13955.02,0.805226,85.950900
412.200,93.1316,300.0000,66.4375,66.2415,13956.00,0.805396,85.950900
412.300,93.1316,300.0000,66.4375,66.2384,13956.92,0.805554,85.950900
412.400,93.1316,300.0000,66.3750,66.2354,13957.77,0.805702,85.950900
412.500,93.1316,300.0000,66.3750,66.2323,13958.57,0.805841,85.950900
412.600,93.1316,300.0000,66.4375,66.2293,13959.32,0.805969,85.950900
412.700,93.1316,300.0000,66.4375,66.2262,13960.01,0.806090,85.950900
412.800,93.1316,300.0000,66.3750,66.2232,13960.66,0.806202,85.950900
412.900,93.1316,300.0000,66.3750,66.2201,13961.26,0.806307,85.950900
413.000,92.6829,300.0000,66.4375,66.2171,13957.34,0.805628,86.100593
413.100,92.6829,300.0000,66.3125,66.2141,13953.68,0.804994,86.100593
413.200,92.6829,300.0000,66.4375,66.2112,13950.26,0.804403,86.100593
413.300,92.6829,300.0000,66.3750,66.2083,13947.08,0.803851,86.100593
413.400,92.6829,300.0000,66.4375,66.2054,13944.10,0.803337,86.100593
413.500,92.6829,300.0000,66.3750,66.2026,13941.32,0.802857,86.100593
413.600,92.6829,300.0000,66.3750,66.1997,13938.73,0.802409,86.100593
413.700,92.6829,300.0000,66.3750,66.1969,13936.31,0.801991,86.100593
413.800,92.6829,300.0000,66.4375,66.1942,13934.05,0.801601,86.100593
413.900,92.6829,300.0000,66.3125,66.1914,13931.94,0.801238,86.100593
414.000,92.5266,300.0000,66.3750,66.1887,13928.41,0.800629,86.243482
414.100,92.5266,300.0000,66.4375,66.1860,13925.12,0.800061,86.243482
414.200,92.5266,300.0000,66.3750,66.1834,13922.04,0.799531,86.243482
414.300,92.5266,300.0000,66.5000,66.1808,13919.17,0.799036,86.243482
414.400,92.5266,300.0000,66.3750,66.1782,13916.49,0.798575,86.243482
414.500,92.5266,300.0000,66.3750,66.1756,13913.99,0.798145,86.243482
414.600,92.5266,300.0000,66.3750,66.1731,13911.66,0.797743,86.243482
414.700,92.5266,300.0000,66.3750,66.1706,13909.48,0.797368,86.243482
414.800,92.5266,300.0000,66.3750,66.1681,13907.45,0.797019,86.243482
414.900,92.5266,300.0000,66.3125,66.1656,13905.55,0.796693,86.243482
415.000,92.6695,300.0000,66.3750,66.1632,13905.21,0.796634,86.386370
415.100,92.6695,300.0000,66.3750,66.1607,13904.89,0.796579,86.386370
415.200,92.6695,300.0000,66.3750,66.1583,13904.59,0.796528,86.386370
415.300,92.6695,300.0000,66.3125,66.1559,13904.31,0.796480,86.386370
415.400,92.6695,300.0000,66.3125,66.1534,13904.05,0.796435,86.386370
415.500,92.6695,300.0000,66.3125,66.1510,13903.81,0.796394,86.386370
415.600,92.6695,300.0000,66.3125,66.1486,13903.59,0.796355,86.386370
415.700,92.6695,300.0000,66.3125,66.1462,13903.37,0.796319,86.386370
415.800,92.6695,300.0000,66.3125,66.1438,13903.18,0.796285,86.386370
415.900,92.6695,300.0000,66.3125,66.1414,13902.99,0.796253,86.386370
416.000,92.8124,300.0000,66.3125,66.1390,13904.25,0.796469,86.529259
416.100,92.8124,300.0000,66.3125,66.1366,13905.42,0.796671,86.529259
416.200,92.8124,300.0000,66.3125,66.1342,13906.52,0.796859,86.529259
416.300,92.8124,300.0000,66.3750,66.1318,13907.54,0.797035,86.529259
416.400,92.8124,300.0000,66.3750,66.1294,13908.50,0.797199,86.529259
416.500,92.8124,300.0000,66.2500,66.1270,13909.39,0.797352,86.529259
416.600,92.8124,300.0000,66.3125,66.1245,13910.22,0.797495,86.529259
416.700,92.8124,300.0000,66.2500,66.1221,13910.99,0.797628,86.529259
416.800,92.8124,300.0000,66.3125,66.1197,13911.72,0.797753,86.529259
416.900,92.8124,300.0000,66.2500,66.1173,13912.39,0.797869,86.529259
417.000,92.6492,300.0000,66.3125,66.1149,13911.39,0.797697,86.665343
417.100,92.6492,300.0000,66.3125,66.1125,13910.46,0.797537,86.665343
417.200,92.6492,300.0000,66.3125,66.1101,13909.59,0.797387,86.665343
417.300,92.6492,300.0000,66.3750,66.1078,13908.77,0.797247,86.665343
417.400,92.6492,300.0000,66.3125,66.1054,13908.02,0.797116,86.665343
417.500,92.6492,300.0000,66.1875,66.1031,13907.31,0.796994,86.665343
417.600,92.6492,300.0000,66.2500,66.1007,13906.65,0.796881,86.665343
417.700,92.6492,300.0000,66.2500,66.0984,13906.03,0.796775,86.665343
417.800,92.6492,300.0000,66.3125,66.0961,13905.45,0.796676,86.665343
417.900,92.6492,300.0000,66.2500,66.0938,13904.91,0.796583,86.665343
418.000,92.7853,300.0000,66.1875,66.0915,13905.77,0.796731,86.801428
418.100,92.7853,300.0000,66.2500,66.0892,13906.57,0.796869,86.801428
418.200,92.7853,300.0000,66.3125,66.0869,13907.32,0.796997,86.801428
418.300,92.7853,300.0000,66.2500,66.0846,13908.02,0.797117,86.801428
418.400,92.7853,300.0000,66.1875,66.0823,13908.67,0.797230,86.801428
418.500,92.7853,300.0000,66.2500,66.0800,13909.28,0.797334,86.801428
418.600,92.7853,300.0000,66.1250,66.0777,13909.85,0.797432,86.801428
418.700,92.7853,300.0000,66.2500,66.0753,13910.38,0.797523,86.801428
418.800,92.7853,300.0000,66.1875,66.0730,13910.87,0.797608,86.801428
418.900,92.7853,300.0000,66.2500,66.0707,13911.34,0.797687,86.801428
419.000,92.9214,300.0000,66.1875,66.0684,13913.13,0.797996,86.937512
419.100,92.9214,300.0000,66.2500,66.0661,13914.80,0.798283,86.937512
419.200,92.9214,300.0000,66.2500,66.0638,13916.36,0.798552,86.937512
419.300,92.9214,300.0000,66.1250,66.0614,13917.82,0.798803,86.937512
419.400,92.9214,300.0000,66.1875,66.0591,13919.18,0.799037,86.937512
419.500,92.9214,300.0000,66.3125,66.0567,13920.45,0.799256,86.937512
419.600,92.9214,300.0000,66.1250,66.0544,13921.63,0.799460,86.937512
419.700,92.9214,300.0000,66.2500,66.0520,13922.74,0.799650,86.937512
419.800,92.9214,300.0000,66.1875,66.0497,13923.77,0.799828,86.937512
419.900,92.9214,300.0000,66.1875,66.0473,13924.73,0.799994,86.937512
420.000,92.7515,300.0000,66.1875,66.0450,13923.93,0.799856,87.066792
420.100,92.7515,300.0000,66.2500,66.0426,13923.18,0.799727,87.066792
420.200,92.7515,300.0000,66.1250,66.0403,13922.49,0.799607,87.066792
420.300,92.7515,300.0000,66.1875,66.0380,13921.84,0.799495,87.066792
420.400,92.7515,300.0000,66.1875,66.0357,13921.23,0.799390,87.066792
420.500,92.7515,300.0000,66.0625,66.0334,13920.66,0.799293,87.066792
420.600,92.7515,300.0000,66.1875,66.0311,13920.13,0.799202,87.066792
420.700,92.7515,300.0000,66.1875,66.0288,13919.64,0.799116,87.066792
420.800,92.7515,300.0000,66.1250,66.0265,13919.18,0.799037,87.066792
420.900,92.7515,300.0000,66.1250,66.0243,13918.75,0.798963,87.066792
421.000,92.5748,300.0000,66.1250,66.0220,13916.58,0.798590,87.189268
421.100,92.5748,300.0000,66.1250,66.0198,13914.55,0.798241,87.189268
421.200,92.5748,300.0000,66.1250,66.0176,13912.67,0.797916,87.189268
421.300,92.5748,300.0000,66.1875,66.0154,13910.90,0.797613,87.189268
421.400,92.5748,300.0000,66.1250,66.0133,13909.26,0.797330,87.189268
421.500,92.5748,300.0000,66.1875,66.0111,13907.72,0.797066,87.189268
421.600,92.5748,300.0000,66.0625,66.0090,13906.29,0.796819,87.189268
421.700,92.5748,300.0000,66.1250,66.0069,13904.95,0.796589,87.189268
421.800,92.5748,300.0000,66.1250,66.0048,13903.70,0.796375,87.189268
421.900,92.5748,300.0000,66.1875,66.0027,13902.53,0.796174,87.189268
422.000,93.0033,300.0000,66.1250,66.0006,13905.73,0.796724,87.318548
422.100,93.0033,300.0000,66.1875,65.9985,13908.72,0.797237,87.318548
422.200,93.0033,300.0000,66.0000,65.9964,13911.50,0.797716,87.318548
422.300,93.0033,300.0000,66.1250,65.9942,13914.10,0.798163,87.318548
422.400,93.0033,300.0000,66.0625,65.9920,13916.53,0.798580,87.318548
422.500,93.0033,300.0000,66.1875,65.9898,13918.79,0.798970,87.318548
422.600,93.0033,300.0000,66.0625,65.9876,13920.90,0.799334,87.318548
422.700,93.0033,300.0000,66.1875,65.9854,13922.88,0.799674,87.318548
422.800,93.0033,300.0000,66.1250,65.9832,13924.72,0.799991,87.318548
422.900,93.0033,300.0000,66.1250,65.9810,13926.43,0.800287,87.318548
423.000,92.8265,300.0000,66.0625,65.9788,13926.27,0.800259,87.441024
423.100,92.8265,300.0000,66.1250,65.9765,13926.12,0.800233,87.441024
423.200,92.8265,300.0000,66.1250,65.9743,13925.98,0.800208,87.441024
423.300,92.8265,300.0000,66.1250,65.9721,13925.84,0.800185,87.441024
423.400,92.8265,300.0000,66.1250,65.9699,13925.72,0.800164,87.441024
423.500,92.8265,300.0000,66.1250,65.9677,13925.60,0.800144,87.441024
423.600,92.8265,300.0000,66.1250,65.9656,13925.49,0.800125,87.441024
423.700,92.8265,300.0000,66.0625,65.9634,13925.39,0.800108,87.441024
423.800,92.8265,300.0000,66.1875,65.9612,13925.30,0.800092,87.441024
423.900,92.8265,300.0000,66.1250,65.9590,13925.21,0.800077,87.441024
424.000,92.9490,300.0000,66.1250,65.9568,13926.35,0.800274,87.563500
424.100,92.9490,300.0000,66.1250,65.9547,13927.42,0.800458,87.563500
424.200,92.9490,300.0000,66.0625,65.9525,13928.42,0.800629,87.563500
424.300,92.9490,300.0000,66.0625,65.9503,13929.35,0.800789,87.563500
424.400,92.9490,300.0000,66.0625,65.9481,13930.21,0.800939,87.563500
424.500,92.9490,300.0000,66.1250,65.9459,13931.02,0.801079,87.563500
424.600,92.9490,300.0000,66.0625,65.9437,13931.78,0.801209,87.563500
424.700,92.9490,300.0000,66.1250,65.9415,13932.48,0.801331,87.563500
424.800,92.9490,300.0000,66.0625,65.9393,13933.14,0.801444,87.563500
424.900,92.9490,300.0000,66.0625,65.9372,13933.75,0.801550,87.563500
425.000,92.7655,300.0000,66.0625,65.9350,13932.49,0.801332,87.679172
425.100,92.7655,300.0000,66.0625,65.9328,13931.31,0.801129,87.679172
425.200,92.7655,300.0000,66.0000,65.9307,13930.21,0.800939,87.679172
425.300,92.7655,300.0000,66.0000,65.9285,13929.19,0.800762,87.679172
425.400,92.7655,300.0000,66.0625,65.9264,13928.23,0.800597,87.679172
425.500,92.7655,300.0000,66.0625,65.9243,13927.34,0.800443,87.679172
425.600,92.7655,300.0000,66.0625,65.9222,13926.50,0.800299,87.679172
425.700,92.7655,300.0000,66.1250,65.9201,13925.72,0.800165,87.679172
425.800,92.7655,300.0000,65.9375,65.9180,13925.00,0.800040,87.679172
425.900,92.7655,300.0000,66.0625,65.9160,13924.32,0.799923,87.679172
426.000,92.8812,300.0000,66.0625,65.9139,13924.84,0.800013,87.794844
426.100,92.8812,300.0000,66.0000,65.9118,13925.33,0.800097,87.794844
426.200,92.8812,300.0000,66.0625,65.9098,13925.79,0.800176,87.794844
426.300,92.8812,300.0000,66.0625,65.9077,13926.21,0.800249,87.794844
426.400,92.8812,300.0000,66.0625,65.9056,13926.61,0.800318,87.794844
426.500,92.8812,300.0000,66.0625,65.9036,13926.98,0.800382,87.794844
426.600,92.8812,300.0000,66.0625,65.9015,13927.33,0.800442,87.794844
426.700,92.8812,300.0000,66.0625,65.8995,13927.65,0.800497,87.794844
426.800,92.8812,300.0000,66.0000,65.8974,13927.95,0.800549,87.794844
426.900,92.8812,300.0000,66.0000,65.8953,13928.23,0.800598,87.794844
427.000,92.6908,300.0000,66.0625,65.8933,13926.59,0.800315,87.903711
427.100,92.6908,300.0000,66.0625,65.8913,13925.06,0.800051,87.903711
427.200,92.6908,300.0000,66.0000,65.8893,13923.63,0.799805,87.903711
427.300,92.6908,300.0000,66.0000,65.8873,13922.30,0.799575,87.903711
427.400,92.6908,300.0000,66.1250,65.8853,13921.05,0.799360,87.903711
427.500,92.6908,300.0000,65.9375,65.8834,13919.89,0.799160,87.903711
427.600,92.6908,300.0000,66.0625,65.8814,13918.81,0.798973,87.903711
427.700,92.6908,300.0000,66.0000,65.8795,13917.80,0.798799,87.903711
427.800,92.6908,300.0000,66.0000,65.8776,13916.85,0.798636,87.903711
427.900,92.6908,300.0000,66.0000,65.8757,13915.97,0.798485,87.903711
428.000,92.7997,300.0000,66.0625,65.8738,13916.23,0.798530,88.012579
428.100,92.7997,300.0000,66.0000,65.8719,13916.48,0.798573,88.012579
428.200,92.7997,300.0000,65.9375,65.8700,13916.71,0.798613,88.012579
428.300,92.7997,300.0000,66.0000,65.8681,13916.93,0.798650,88.012579
428.400,92.7997,300.0000,65.9375,65.8662,13917.13,0.798685,88.012579
428.500,92.7997,300.0000,66.0000,65.8643,13917.32,0.798717,88.012579
428.600,92.7997,300.0000,66.0625,65.8624,13917.50,0.798748,88.012579
428.700,92.7997,300.0000,66.0000,65.8605,13917.66,0.798776,88.012579
428.800,92.7997,300.0000,65.9375,65.8586,13917.81,0.798802,88.012579
428.900,92.7997,300.0000,66.0000,65.8567,13917.96,0.798827,88.012579
429.000,92.9086,300.0000,65.9375,65.8548,13919.18,0.799037,88.121446
429.100,92.9086,300.0000,66.0625,65.8529,13920.32,0.799234,88.121446
429.200,92.9086,300.0000,66.0000,65.8510,13921.38,0.799417,88.121446
429.300,92.9086,300.0000,65.9375,65.8491,13922.38,0.799588,88.121446
429.400,92.9086,300.0000,66.0000,65.8472,13923.30,0.799748,88.121446
429.500,92.9086,300.0000,66.0000,65.8453,13924.17,0.799897,88.121446
429.600,92.9086,300.0000,65.9375,65.8434,13924.98,0.800036,88.121446
429.700,92.9086,300.0000,66.0625,65.8415,13925.73,0.800166,88.121446
429.800,92.9086,300.0000,66.0000,65.8396,13926.43,0.800287,88.121446
429.900,92.9086,300.0000,65.9375,65.8377,13927.09,0.800401,88.121446
430.000,92.7114,300.0000,66.0000,65.8358,13925.73,0.800167,88.223509
430.100,92.7114,300.0000,65.9375,65.8339,13924.46,0.799948,88.223509
430.200,92.7114,300.0000,66.0625,65.8320,13923.28,0.799744,88.223509
430.300,92.7114,300.0000,65.9375,65.8301,13922.18,0.799554,88.223509
430.400,92.7114,300.0000,65.8750,65.8283,13921.15,0.799376,88.223509
430.500,92.7114,300.0000,66.0625,65.8265,13920.18,0.799210,88.223509
430.600,92.7114,300.0000,65.8750,65.8246,13919.29,0.799056,88.223509
430.700,92.7114,300.0000,65.8750,65.8228,13918.45,0.798912,88.223509
430.800,92.7114,300.0000,66.0000,65.8210,13917.67,0.798777,88.223509
430.900,92.7114,300.0000,65.8125,65.8192,13916.94,0.798651,88.223509
431.000,92.2015,300.0000,65.8750,65.8175,13911.16,0.797656,88.311964
431.100,92.2015,300.0000,65.9375,65.8158,13905.76,0.796729,88.311964
431.200,92.2015,300.0000,66.0000,65.8142,13900.72,0.795863,88.311964
431.300,92.2015,300.0000,65.8750,65.8126,13896.02,0.795056,88.311964
431.400,92.2015,300.0000,65.9375,65.8110,13891.64,0.794304,88.311964
431.500,92.2015,300.0000,66.0000,65.8095,13887.54,0.793602,88.311964
431.600,92.2015,300.0000,65.8125,65.8080,13883.72,0.792947,88.311964
431.700,92.2015,300.0000,66.0000,65.8065,13880.16,0.792336,88.311964
431.800,92.2015,300.0000,65.8750,65.8051,13876.83,0.791766,88.311964
431.900,92.2015,300.0000,65.8750,65.8037,13873.72,0.791234,88.311964
432.000,92.5960,300.0000,65.8750,65.8023,13874.77,0.791413,88.407223
432.100,92.5960,300.0000,65.9375,65.8009,13875.74,0.791580,88.407223
432.200,92.5960,300.0000,65.8750,65.7995,13876.65,0.791736,88.407223
432.300,92.5960,300.0000,65.9375,65.7981,13877.50,0.791881,88.407223
432.400,92.5960,300.0000,65.8750,65.7967,13878.29,0.792017,88.407223
432.500,92.5960,300.0000,65.9375,65.7952,13879.03,0.792143,88.407223
432.600,92.5960,300.0000,65.8750,65.7938,13879.72,0.792262,88.407223
432.700,92.5960,300.0000,65.9375,65.7924,13880.37,0.792372,88.407223
432.800,92.5960,300.0000,65.8750,65.7910,13880.97,0.792475,88.407223
432.900,92.5960,300.0000,65.9375,65.7895,13881.53,0.792571,88.407223
433.000,92.9972,300.0000,65.8750,65.7881,13886.07,0.793349,88.509287
433.100,92.9972,300.0000,65.8750,65.7866,13890.30,0.794075,88.509287
433.200,92.9972,300.0000,65.9375,65.7850,13894.25,0.794753,88.509287
433.300,92.9972,300.0000,65.8750,65.7835,13897.94,0.795386,88.509287
433.400,92.9972,300.0000,65.8750,65.7819,13901.39,0.795977,88.509287
433.500,92.9972,300.0000,65.8125,65.7803,13904.60,0.796529,88.509287
433.600,92.9972,300.0000,65.9375,65.7787,13907.60,0.797045,88.509287
433.700,92.9972,300.0000,65.8750,65.7771,13910.40,0.797526,88.509287
433.800,92.9972,300.0000,66.0000,65.7754,13913.01,0.797975,88.509287
433.900,92.9972,300.0000,65.8750,65.7737,13915.45,0.798395,88.509287
434.000,92.7933,300.0000,65.8125,65.7720,13915.68,0.798436,88.604546
434.100,92.7933,300.0000,65.8750,65.7704,13915.90,0.798473,88.604546
434.200,92.7933,300.0000,65.8750,65.7687,13916.11,0.798509,88.604546
434.300,92.7933,300.0000,65.8750,65.7670,13916.30,0.798542,88.604546
434.400,92.7933,300.0000,65.8125,65.7654,13916.48,0.798573,88.604546
434.500,92.7933,300.0000,65.8750,65.7637,13916.65,0.798602,88.604546
434.600,92.7933,300.0000,65.8750,65.7620,13916.80,0.798629,88.604546
434.700,92.7933,300.0000,65.8750,65.7604,13916.95,0.798654,88.604546
434.800,92.7933,300.0000,65.9375,65.7587,13917.09,0.798677,88.604546
434.900,92.7933,300.0000,65.8125,65.7571,13917.21,0.798699,88.604546
435.000,92.5825,300.0000,65.8125,65.7554,13915.22,0.798357,88.693001
435.100,92.5825,300.0000,65.8125,65.7538,13913.37,0.798037,88.693001
435.200,92.5825,300.0000,65.8750,65.7522,13911.64,0.797739,88.693001
435.300,92.5825,300.0000,65.8750,65.7506,13910.02,0.797461,88.693001
435.400,92.5825,300.0000,66.0000,65.7491,13908.51,0.797201,88.693001
435.500,92.5825,300.0000,65.8750,65.7475,13907.10,0.796959,88.693001
435.600,92.5825,300.0000,65.8125,65.7460,13905.79,0.796733,88.693001
435.700,92.5825,300.0000,65.8125,65.7445,13904.56,0.796522,88.693001
435.800,92.5825,300.0000,65.7500,65.7430,13903.41,0.796325,88.693001
435.900,92.5825,300.0000,65.8750,65.7415,13902.35,0.796142,88.693001
436.000,92.9770,300.0000,65.8750,65.7399,13905.29,0.796648,88.788260
436.100,92.9770,300.0000,65.8125,65.7384,13908.04,0.797121,88.788260
436.200,92.9770,300.0000,65.7500,65.7369,13910.61,0.797562,88.788260
436.300,92.9770,300.0000,65.8750,65.7353,13913.01,0.797975,88.788260
436.400,92.9770,300.0000,65.8125,65.7337,13915.24,0.798359,88.788260
436.500,92.9770,300.0000,65.8125,65.7321,13917.33,0.798719,88.788260
436.600,92.9770,300.0000,65.8125,65.7305,13919.28,0.799054,88.788260
436.700,92.9770,300.0000,65.8125,65.7289,13921.10,0.799367,88.788260
436.800,92.9770,300.0000,65.7500,65.7272,13922.79,0.799660,88.788260
436.900,92.9770,300.0000,65.8125,65.7256,13924.38,0.799933,88.788260
437.000,92.7663,300.0000,65.8125,65.7240,13923.75,0.799824,88.876715
437.100,92.7663,300.0000,65.8125,65.7223,13923.16,0.799723,88.876715
437.200,92.7663,300.0000,65.8750,65.7207,13922.61,0.799629,88.876715
437.300,92.7663,300.0000,65.7500,65.7191,13922.10,0.799540,88.876715
437.400,92.7663,300.0000,65.8125,65.7175,13921.62,0.799458,88.876715
437.500,92.7663,300.0000,65.7500,65.7159,13921.18,0.799381,88.876715
437.600,92.7663,300.0000,65.7500,65.7143,13920.76,0.799310,88.876715
437.700,92.7663,300.0000,65.8125,65.7127,13920.37,0.799243,88.876715
437.800,92.7663,300.0000,65.8125,65.7112,13920.01,0.799180,88.876715
437.900,92.7663,300.0000,65.7500,65.7096,13919.67,0.799122,88.876715
438.000,92.5487,300.0000,65.8125,65.7080,13917.18,0.798693,88.958365
438.100,92.5487,300.0000,65.9375,65.7065,13914.86,0.798293,88.958365
438.200,92.5487,300.0000,65.7500,65.7050,13912.69,0.797920,88.958365
438.300,92.5487,300.0000,65.8750,65.7035,13910.66,0.797571,88.958365
438.400,92.5487,300.0000,65.8125,65.7021,13908.77,0.797246,88.958365
438.500,92.5487,300.0000,65.8125,65.7006,13907.01,0.796943,88.958365
438.600,92.5487,300.0000,65.8750,65.6992,13905.36,0.796660,88.958365
438.700,92.5487,300.0000,65.8750,65.6978,13903.82,0.796396,88.958365
438.800,92.5487,300.0000,65.6875,65.6964,13902.39,0.796149,88.958365
438.900,92.5487,300.0000,65.8125,65.6950,13901.05,0.795919,88.958365
439.000,92.9364,300.0000,65.8125,65.6936,13903.68,0.796370,89.046820
439.100,92.9364,300.0000,65.8750,65.6922,13906.13,0.796792,89.046820
439.200,92.9364,300.0000,65.7500,65.6908,13908.42,0.797185,89.046820
439.300,92.9364,300.0000,65.8125,65.6893,13910.55,0.797553,89.046820
439.400,92.9364,300.0000,65.7500,65.6879,13912.55,0.797896,89.046820
439.500,92.9364,300.0000,65.7500,65.6864,13914.41,0.798216,89.046820
439.600,92.9364,300.0000,65.8750,65.6849,13916.14,0.798515,89.046820
439.700,92.9364,300.0000,65.7500,65.6834,13917.76,0.798794,89.046820
439.800,92.9364,300.0000,65.7500,65.6819,13919.28,0.799054,89.046820
439.900,92.9364,300.0000,65.6875,65.6804,13920.69,0.799297,89.046820
440.000,92.4128,300.0000,65.6875,65.6789,13916.77,0.798623,89.121666
440.100,92.4128,300.0000,65.8125,65.6775,13913.11,0.797993,89.121666
440.200,92.4128,300.0000,65.6875,65.6761,13909.70,0.797406,89.121666
440.300,92.4128,300.0000,65.8125,65.6747,13906.52,0.796858,89.121666
440.400,92.4128,300.0000,65.6250,65.6733,13903.54,0.796348,89.121666
440.500,92.4128,300.0000,65.7500,65.6720,13900.77,0.795871,89.121666
440.600,92.4128,300.0000,65.7500,65.6707,13898.18,0.795426,89.121666
440.700,92.4128,300.0000,65.6250,65.6694,13895.76,0.795011,89.121666
440.800,92.4128,300.0000,65.8125,65.6681,13893.51,0.794624,89.121666
440.900,92.4128,300.0000,65.8125,65.6669,13891.40,0.794263,89.121666
441.000,93.0997,300.0000,65.8750,65.6656,13896.30,0.795104,89.210121
441.100,93.0997,300.0000,65.6875,65.6643,13900.88,0.795890,89.210121
441.200,93.0997,300.0000,65.8750,65.6630,13905.15,0.796624,89.210121
441.300,93.0997,300.0000,65.7500,65.6616,13909.14,0.797309,89.210121
441.400,93.0997,300.0000,65.8125,65.6602,13912.86,0.797949,89.210121
441.500,93.0997,300.0000,65.7500,65.6588,13916.33,0.798547,89.210121
441.600,93.0997,300.0000,65.8125,65.6573,13919.57,0.799105,89.210121
441.700,93.0997,300.0000,65.6875,65.6558,13922.60,0.799626,89.210121
441.800,93.0997,300.0000,65.8125,65.6544,13925.42,0.800113,89.210121
441.900,93.0997,300.0000,65.8125,65.6528,13928.06,0.800567,89.210121
442.000,93.1881,300.0000,65.6875,65.6513,13931.40,0.801144,89.298576
442.100,93.1881,300.0000,65.8125,65.6497,13934.52,0.801682,89.298576
442.200,93.1881,300.0000,65.6875,65.6482,13937.43,0.802185,89.298576
442.300,93.1881,300.0000,65.7500,65.6466,13940.15,0.802655,89.298576
442.400,93.1881,300.0000,65.6875,65.6449,13942.69,0.803093,89.298576
442.500,93.1881,300.0000,65.8125,65.6433,13945.06,0.803503,89.298576
442.600,93.1881,300.0000,65.7500,65.6417,13947.27,0.803885,89.298576
442.700,93.1881,300.0000,65.6875,65.6400,13949.33,0.804242,89.298576
442.800,93.1881,300.0000,65.7500,65.6383,13951.26,0.804575,89.298576
442.900,93.1881,300.0000,65.7500,65.6367,13953.06,0.804886,89.298576
443.000,92.9706,300.0000,65.6875,65.6350,13952.56,0.804799,89.380227
443.100,92.9706,300.0000,65.6875,65.6333,13952.09,0.804719,89.380227
443.200,92.9706,300.0000,65.8750,65.6316,13951.66,0.804644,89.380227
443.300,92.9706,300.0000,65.6250,65.6300,13951.25,0.804574,89.380227
443.400,92.9706,300.0000,65.6875,65.6283,13950.88,0.804509,89.380227
443.500,92.9706,300.0000,65.7500,65.6267,13950.52,0.804448,89.380227
443.600,92.9706,300.0000,65.8125,65.6251,13950.19,0.804391,89.380227
443.700,92.9706,300.0000,65.7500,65.6234,13949.89,0.804337,89.380227
443.800,92.9706,300.0000,65.6875,65.6218,13949.60,0.804288,89.380227
443.900,92.9706,300.0000,65.7500,65.6202,13949.33,0.804242,89.380227
444.000,93.0522,300.0000,65.6875,65.6186,13949.90,0.804340,89.461877
444.100,93.0522,300.0000,65.5625,65.6170,13950.43,0.804431,89.461877
444.200,93.0522,300.0000,65.7500,65.6153,13950.92,0.804516,89.461877
444.300,93.0522,300.0000,65.6875,65.6137,13951.38,0.804596,89.461877
444.400,93.0522,300.0000,65.6875,65.6121,13951.81,0.804671,89.461877
444.500,93.0522,300.0000,65.6875,65.6105,13952.21,0.804740,89.461877
444.600,93.0522,300.0000,65.6875,65.6089,13952.59,0.804805,89.461877
444.700,93.0522,300.0000,65.6875,65.6072,13952.94,0.804865,89.461877
444.800,93.0522,300.0000,65.6875,65.6056,13953.26,0.804922,89.461877
444.900,93.0522,300.0000,65.6875,65.6040,13953.57,0.804975,89.461877
445.000,92.8279,300.0000,65.6250,65.6024,13951.61,0.804635,89.536724
445.100,92.8279,300.0000,65.7500,65.6008,13949.78,0.804319,89.536724
445.200,92.8279,300.0000,65.6250,65.5993,13948.07,0.804024,89.536724
445.300,92.8279,300.0000,65.6250,65.5977,13946.48,0.803749,89.536724
445.400,92.8279,300.0000,65.6875,65.5962,13944.99,0.803491,89.536724
445.500,92.8279,300.0000,65.6250,65.5947,13943.61,0.803252,89.536724
445.600,92.8279,300.0000,65.6875,65.5932,13942.31,0.803028,89.536724
445.700,92.8279,300.0000,65.6875,65.5917,13941.10,0.802819,89.536724
445.800,92.8279,300.0000,65.7500,65.5902,13939.98,0.802624,89.536724
445.900,92.8279,300.0000,65.6875,65.5888,13938.92,0.802442,89.536724
446.000,92.9027,300.0000,65.6875,65.5873,13938.69,0.802402,89.611570
446.100,92.9027,300.0000,65.6250,65.5859,13938.47,0.802364,89.611570
446.200,92.9027,300.0000,65.8125,65.5844,13938.27,0.802329,89.611570
446.300,92.9027,300.0000,65.7500,65.5830,13938.07,0.802296,89.611570
446.400,92.9027,300.0000,65.6875,65.5816,13937.90,0.802265,89.611570
446.500,92.9027,300.0000,65.6250,65.5801,13937.73,0.802237,89.611570
446.600,92.9027,300.0000,65.6875,65.5787,13937.58,0.802210,89.611570
446.700,92.9027,300.0000,65.6250,65.5773,13937.43,0.802185,89.611570
446.800,92.9027,300.0000,65.6250,65.5759,13937.30,0.802162,89.611570
446.900,92.9027,300.0000,65.6875,65.5745,13937.17,0.802140,89.611570
447.000,92.9776,300.0000,65.6250,65.5730,13937.80,0.802249,89.686417
447.100,92.9776,300.0000,65.6875,65.5716,13938.39,0.802350,89.686417
447.200,92.9776,300.0000,65.6250,65.5702,13938.94,0.802445,89.686417
447.300,92.9776,300.0000,65.6875,65.5688,13939.45,0.802534,89.686417
447.400,92.9776,300.0000,65.6875,65.5674,13939.93,0.802617,89.686417
447.500,92.9776,300.0000,65.6250,65.5659,13940.38,0.802694,89.686417
447.600,92.9776,300.0000,65.6875,65.5645,13940.80,0.802766,89.686417
447.700,92.9776,300.0000,65.6250,65.5631,13941.18,0.802833,89.686417
447.800,92.9776,300.0000,65.5625,65.5617,13941.55,0.802896,89.686417
447.900,92.9776,300.0000,65.6250,65.5603,13941.89,0.802954,89.686417
448.000,92.7464,300.0000,65.6875,65.5588,13939.89,0.802610,89.754459
448.100,92.7464,300.0000,65.6875,65.5575,13938.03,0.802288,89.754459
448.200,92.7464,300.0000,65.6250,65.5561,13936.29,0.801988,89.754459
448.300,92.7464,300.0000,65.6250,65.5548,13934.67,0.801708,89.754459
448.400,92.7464,300.0000,65.5625,65.5534,13933.16,0.801447,89.754459
448.500,92.7464,300.0000,65.6875,65.5521,13931.74,0.801203,89.754459
448.600,92.7464,300.0000,65.6250,65.5508,13930.42,0.800976,89.754459
448.700,92.7464,300.0000,65.6250,65.5495,13929.19,0.800763,89.754459
448.800,92.7464,300.0000,65.6875,65.5482,13928.04,0.800565,89.754459
448.900,92.7464,300.0000,65.6875,65.5470,13926.97,0.800380,89.754459
449.000,93.1205,300.0000,65.6875,65.5457,13929.71,0.800853,89.829305
449.100,93.1205,300.0000,65.6875,65.5444,13932.27,0.801294,89.829305
449.200,93.1205,300.0000,65.6875,65.5430,13934.66,0.801706,89.829305
449.300,93.1205,300.0000,65.6250,65.5417,13936.88,0.802090,89.829305
449.400,93.1205,300.0000,65.5000,65.5403,13938.96,0.802449,89.829305
449.500,93.1205,300.0000,65.6250,65.5390,13940.90,0.802784,89.829305
449.600,93.1205,300.0000,65.6250,65.5376,13942.71,0.803097,89.829305
449.700,93.1205,300.0000,65.5000,65.5362,13944.40,0.803389,89.829305
449.800,93.1205,300.0000,65.6250,65.5348,13945.98,0.803662,89.829305
449.900,93.1205,300.0000,65.5625,65.5334,13947.45,0.803917,89.829305
450.000,92.5833,300.0000,65.5625,65.5320,13943.46,0.803226,89.890543
450.100,92.5833,300.0000,65.6250,65.5307,13939.73,0.802581,89.890543
450.200,92.5833,300.0000,65.6250,65.5294,13936.24,0.801980,89.890543
450.300,92.5833,300.0000,65.5625,65.5281,13932.99,0.801419,89.890543
450.400,92.5833,300.0000,65.5000,65.5269,13929.96,0.800896,89.890543
450.500,92.5833,300.0000,65.6250,65.5257,13927.13,0.800407,89.890543
450.600,92.5833,300.0000,65.5000,65.5245,13924.49,0.799952,89.890543
450.700,92.5833,300.0000,65.6875,65.5233,13922.02,0.799527,89.890543
450.800,92.5833,300.0000,65.5625,65.5221,13919.72,0.799130,89.890543
450.900,92.5833,300.0000,65.6250,65.5210,13917.57,0.798760,89.890543
451.000,92.9505,300.0000,65.6250,65.5199,13919.24,0.799048,89.958585
451.100,92.9505,300.0000,65.6250,65.5187,13920.79,0.799316,89.958585
451.200,92.9505,300.0000,65.6875,65.5175,13922.25,0.799566,89.958585
451.300,92.9505,300.0000,65.6250,65.5164,13923.60,0.799799,89.958585
451.400,92.9505,300.0000,65.6250,65.5152,13924.87,0.800017,89.958585
451.500,92.9505,300.0000,65.6250,65.5140,13926.05,0.800221,89.958585
451.600,92.9505,300.0000,65.6250,65.5128,13927.15,0.800411,89.958585
451.700,92.9505,300.0000,65.6250,65.5116,13928.18,0.800588,89.958585
451.800,92.9505,300.0000,65.6250,65.5104,13929.14,0.800754,89.958585
451.900,92.9505,300.0000,65.5000,65.5092,13930.04,0.800908,89.958585
452.000,92.4066,300.0000,65.6250,65.5080,13925.43,0.800115,90.013019
452.100,92.4066,300.0000,65.5625,65.5069,13921.14,0.799374,90.013019
452.200,92.4066,300.0000,65.5625,65.5058,13917.13,0.798684,90.013019
452.300,92.4066,300.0000,65.5625,65.5047,13913.38,0.798040,90.013019
452.400,92.4066,300.0000,65.5625,65.5037,13909.89,0.797439,90.013019
452.500,92.4066,300.0000,65.5000,65.5027,13906.63,0.796878,90.013019
452.600,92.4066,300.0000,65.5625,65.5017,13903.59,0.796355,90.013019
452.700,92.4066,300.0000,65.5625,65.5008,13900.75,0.795867,90.013019
452.800,92.4066,300.0000,65.5625,65.4999,13898.10,0.795412,90.013019
452.900,92.4066,300.0000,65.6875,65.4990,13895.62,0.794987,90.013019
453.000,93.3790,300.0000,65.6875,65.4980,13903.04,0.796261,90.087866
453.100,93.3790,300.0000,65.5625,65.4970,13909.96,0.797451,90.087866
453.200,93.3790,300.0000,65.6250,65.4959,13916.42,0.798562,90.087866
453.300,93.3790,300.0000,65.5625,65.4948,13922.45,0.799600,90.087866
453.400,93.3790,300.0000,65.5000,65.4937,13928.07,0.800570,90.087866
453.500,93.3790,300.0000,65.5000,65.4925,13933.33,0.801476,90.087866
453.600,93.3790,300.0000,65.4375,65.4912,13938.23,0.802322,90.087866
453.700,93.3790,300.0000,65.4375,65.4900,13942.80,0.803113,90.087866
453.800,93.3790,300.0000,65.5000,65.4886,13947.07,0.803851,90.087866
453.900,93.3790,300.0000,65.6250,65.4873,13951.06,0.804540,90.087866
454.000,93.1479,300.0000,65.5625,65.4860,13952.47,0.804784,90.155908
454.100,93.1479,300.0000,65.5000,65.4846,13953.78,0.805011,90.155908
454.200,93.1479,300.0000,65.5000,65.4833,13955.01,0.805223,90.155908
454.300,93.1479,300.0000,65.5625,65.4819,13956.15,0.805422,90.155908
454.400,93.1479,300.0000,65.6250,65.4805,13957.22,0.805607,90.155908
454.500,93.1479,300.0000,65.6250,65.4791,13958.22,0.805779,90.155908
454.600,93.1479,300.0000,65.5625,65.4778,13959.15,0.805940,90.155908
454.700,93.1479,300.0000,65.5000,65.4764,13960.02,0.806091,90.155908
454.800,93.1479,300.0000,65.5625,65.4750,13960.83,0.806231,90.155908
454.900,93.1479,300.0000,65.6250,65.4736,13961.58,0.806363,90.155908
455.000,93.2159,300.0000,65.3750,65.4722,13962.97,0.806603,90.223950
455.100,93.2159,300.0000,65.5000,65.4708,13964.27,0.806827,90.223950
455.200,93.2159,300.0000,65.4375,65.4694,13965.47,0.807037,90.223950
455.300,93.2159,300.0000,65.5000,65.4680,13966.60,0.807232,90.223950
455.400,93.2159,300.0000,65.5000,65.4665,13967.65,0.807414,90.223950
455.500,93.2159,300.0000,65.5000,65.4651,13968.64,0.807585,90.223950
455.600,93.2159,300.0000,65.5625,65.4637,13969.55,0.807744,90.223950
455.700,93.2159,300.0000,65.5625,65.4622,13970.41,0.807892,90.223950
455.800,93.2159,300.0000,65.5000,65.4608,13971.21,0.808031,90.223950
455.900,93.2159,300.0000,65.5000,65.4593,13971.95,0.808160,90.223950
456.000,92.6719,300.0000,65.5625,65.4579,13967.21,0.807337,90.278384
456.100,92.6719,300.0000,65.5000,65.4566,13962.78,0.806570,90.278384
456.200,92.6719,300.0000,65.5000,65.4552,13958.65,0.805854,90.278384
456.300,92.6719,300.0000,65.5625,65.4539,13954.79,0.805186,90.278384
456.400,92.6719,300.0000,65.5000,65.4527,13951.19,0.804563,90.278384
456.500,92.6719,300.0000,65.5625,65.4515,13947.83,0.803982,90.278384
456.600,92.6719,300.0000,65.5625,65.4503,13944.69,0.803440,90.278384
456.700,92.6719,300.0000,65.4375,65.4491,13941.77,0.802934,90.278384
456.800,92.6719,300.0000,65.5000,65.4479,13939.04,0.802462,90.278384
456.900,92.6719,300.0000,65.5000,65.4468,13936.49,0.802022,90.278384
457.000,92.7264,300.0000,65.5000,65.4457,13934.65,0.801705,90.332817
457.100,92.7264,300.0000,65.5625,65.4446,13932.94,0.801409,90.332817
457.200,92.7264,300.0000,65.5000,65.4435,13931.34,0.801133,90.332817
457.300,92.7264,300.0000,65.5625,65.4425,13929.85,0.800876,90.332817
457.400,92.7264,300.0000,65.5625,65.4414,13928.45,0.800636,90.332817
457.500,92.7264,300.0000,65.5625,65.4404,13927.15,0.800412,90.332817
457.600,92.7264,300.0000,65.5625,65.4394,13925.94,0.800203,90.332817
457.700,92.7264,300.0000,65.5625,65.4384,13924.81,0.800007,90.332817
457.800,92.7264,300.0000,65.5000,65.4374,13923.75,0.799825,90.332817
457.900,92.7264,300.0000,65.4375,65.4364,13922.77,0.799655,90.332817
458.000,92.4748,300.0000,65.5625,65.4354,13919.33,0.799063,90.380447
458.100,92.4748,300.0000,65.6250,65.4345,13916.12,0.798511,90.380447
458.200,92.4748,300.0000,65.5625,65.4336,13913.13,0.797996,90.380447
458.300,92.4748,300.0000,65.3750,65.4327,13910.34,0.797515,90.380447
458.400,92.4748,300.0000,65.5000,65.4319,13907.73,0.797067,90.380447
458.500,92.4748,300.0000,65.5000,65.4311,13905.29,0.796649,90.380447
458.600,92.4748,300.0000,65.5000,65.4303,13903.02,0.796258,90.380447
458.700,92.4748,300.0000,65.4375,65.4295,13900.90,0.795894,90.380447
458.800,92.4748,300.0000,65.4375,65.4287,13898.92,0.795554,90.380447
458.900,92.4748,300.0000,65.3750,65.4279,13897.08,0.795237,90.380447
459.000,92.2164,300.0000,65.5000,65.4272,13892.77,0.794498,90.421272
459.100,92.2164,300.0000,65.4375,65.4265,13888.75,0.793808,90.421272
459.200,92.2164,300.0000,65.5000,65.4259,13885.00,0.793165,90.421272
459.300,92.2164,300.0000,65.5000,65.4253,13881.50,0.792565,90.421272
459.400,92.2164,300.0000,65.4375,65.4247,13878.23,0.792005,90.421272
459.500,92.2164,300.0000,65.5625,65.4241,13875.18,0.791483,90.421272
459.600,92.2164,300.0000,65.4375,65.4236,13872.33,0.790996,90.421272
459.700,92.2164,300.0000,65.4375,65.4231,13869.67,0.790542,90.421272
459.800,92.2164,300.0000,65.5625,65.4226,13867.19,0.790118,90.421272
459.900,92.2164,300.0000,65.4375,65.4221,13864.88,0.789722,90.421272
460.000,92.5633,300.0000,65.5000,65.4216,13866.18,0.789945,90.468902
460.100,92.5633,300.0000,65.4375,65.4211,13867.40,0.790154,90.468902
460.200,92.5633,300.0000,65.5000,65.4206,13868.54,0.790349,90.468902
460.300,92.5633,300.0000,65.5000,65.4201,13869.61,0.790530,90.468902
460.400,92.5633,300.0000,65.4375,65.4196,13870.60,0.790700,90.468902
460.500,92.5633,300.0000,65.4375,65.4191,13871.52,0.790859,90.468902
460.600,92.5633,300.0000,65.4375,65.4186,13872.39,0.791006,90.468902
460.700,92.5633,300.0000,65.3750,65.4180,13873.20,0.791144,90.468902
460.800,92.5633,300.0000,65.5625,65.4175,13873.95,0.791273,90.468902
460.900,92.5633,300.0000,65.5000,65.4169,13874.65,0.791393,90.468902
461.000,92.9169,300.0000,65.5000,65.4164,13878.84,0.792111,90.523336
461.100,92.9169,300.0000,65.4375,65.4158,13882.76,0.792781,90.523336
461.200,92.9169,300.0000,65.5625,65.4151,13886.41,0.793407,90.523336
461.300,92.9169,300.0000,65.5000,65.4145,13889.82,0.793991,90.523336
461.400,92.9169,300.0000,65.5625,65.4138,13893.00,0.794537,90.523336
461.500,92.9169,300.0000,65.4375,65.4131,13895.97,0.795047,90.523336
461.600,92.9169,300.0000,65.4375,65.4123,13898.74,0.795522,90.523336
461.700,92.9169,300.0000,65.3750,65.4116,13901.32,0.795966,90.523336
461.800,92.9169,300.0000,65.5000,65.4108,13903.74,0.796381,90.523336
461.900,92.9169,300.0000,65.4375,65.4100,13905.99,0.796768,90.523336
462.000,92.6653,300.0000,65.4375,65.4092,13905.58,0.796697,90.570965
462.100,92.6653,300.0000,65.5625,65.4085,13905.19,0.796631,90.570965
462.200,92.6653,300.0000,65.5625,65.4077,13904.83,0.796569,90.570965
462.300,92.6653,300.0000,65.4375,65.4069,13904.50,0.796512,90.570965
462.400,92.6653,300.0000,65.3750,65.4062,13904.19,0.796458,90.570965
462.500,92.6653,300.0000,65.5000,65.4054,13903.89,0.796408,90.570965
462.600,92.6653,300.0000,65.5000,65.4046,13903.62,0.796361,90.570965
462.700,92.6653,300.0000,65.4375,65.4039,13903.37,0.796317,90.570965
462.800,92.6653,300.0000,65.4375,65.4031,13903.13,0.796276,90.570965
462.900,92.6653,300.0000,65.5625,65.4024,13902.91,0.796238,90.570965
463.000,93.3250,300.0000,65.4375,65.4016,13909.29,0.797336,90.632203
463.100,93.3250,300.0000,65.3750,65.4007,13915.26,0.798362,90.632203
463.200,93.3250,300.0000,65.4375,65.3999,13920.82,0.799321,90.632203
463.300,93.3250,300.0000,65.4375,65.3989,13926.02,0.800216,90.632203
463.400,93.3250,300.0000,65.4375,65.3980,13930.87,0.801052,90.632203
463.500,93.3250,300.0000,65.3750,65.3970,13935.39,0.801833,90.632203
463.600,93.3250,300.0000,65.4375,65.3959,13939.62,0.802562,90.632203
463.700,93.3250,300.0000,65.5625,65.3949,13943.56,0.803243,90.632203
463.800,93.3250,300.0000,65.4375,65.3938,13947.24,0.803879,90.632203
463.900,93.3250,300.0000,65.3750,65.3926,13950.67,0.804473,90.632203
464.000,92.4682,300.0000,65.4375,65.3916,13945.31,0.803546,90.673028
464.100,92.4682,300.0000,65.3125,65.3905,13940.30,0.802681,90.673028
464.200,92.4682,300.0000,65.5000,65.3895,13935.63,0.801874,90.673028
464.300,92.4682,300.0000,65.5000,65.3886,13931.27,0.801122,90.673028
464.400,92.4682,300.0000,65.4375,65.3877,13927.20,0.800420,90.673028
464.500,92.4682,300.0000,65.4375,65.3868,13923.40,0.799765,90.673028
464.600,92.4682,300.0000,65.4375,65.3860,13919.86,0.799154,90.673028
464.700,92.4682,300.0000,65.4375,65.3851,13916.55,0.798585,90.673028
464.800,92.4682,300.0000,65.4375,65.3843,13913.46,0.798053,90.673028
464.900,92.4682,300.0000,65.5000,65.3836,13910.58,0.797557,90.673028
465.000,93.1210,300.0000,65.4375,65.3828,13914.42,0.798218,90.727462
465.100,93.1210,300.0000,65.3750,65.3819,13918.00,0.798834,90.727462
465.200,93.1210,300.0000,65.4375,65.3811,13921.34,0.799410,90.727462
465.300,93.1210,300.0000,65.5000,65.3802,13924.46,0.799948,90.727462
465.400,93.1210,300.0000,65.4375,65.3793,13927.38,0.800450,90.727462
465.500,93.1210,300.0000,65.5000,65.3784,13930.10,0.800919,90.727462
465.600,93.1210,300.0000,65.4375,65.3775,13932.63,0.801357,90.727462
465.700,93.1210,300.0000,65.4375,65.3765,13935.00,0.801765,90.727462
465.800,93.1210,300.0000,65.5625,65.3755,13937.21,0.802147,90.727462
465.900,93.1210,300.0000,65.4375,65.3746,13939.27,0.802503,90.727462
466.000,92.8695,300.0000,65.4375,65.3736,13938.68,0.802401,90.775092
466.100,92.8695,300.0000,65.5000,65.3726,13938.13,0.802306,90.775092
466.200,92.8695,300.0000,65.5000,65.3716,13937.62,0.802217,90.775092
466.300,92.8695,300.0000,65.4375,65.3707,13937.14,0.802134,90.775092
466.400,92.8695,300.0000,65.4375,65.3697,13936.69,0.802057,90.775092
466.500,92.8695,300.0000,65.4375,65.3688,13936.27,0.801985,90.775092
466.600,92.8695,300.0000,65.3125,65.3678,13935.88,0.801917,90.775092
466.700,92.8695,300.0000,65.5000,65.3669,13935.52,0.801854,90.775092
466.800,92.8695,300.0000,65.4375,65.3660,13935.18,0.801796,90.775092
466.900,92.8695,300.0000,65.5000,65.3650,13934.86,0.801741,90.775092
467.000,93.2231,300.0000,65.3750,65.3641,13938.10,0.802300,90.829526
467.100,93.2231,300.0000,65.3750,65.3631,13941.12,0.802823,90.829526
467.200,93.2231,300.0000,65.3125,65.3621,13943.95,0.803310,90.829526
467.300,93.2231,300.0000,65.3750,65.3611,13946.58,0.803766,90.829526
467.400,93.2231,300.0000,65.3125,65.3601,13949.04,0.804191,90.829526
467.500,93.2231,300.0000,65.3750,65.3590,13951.34,0.804588,90.829526
467.600,93.2231,300.0000,65.4375,65.3579,13953.48,0.804959,90.829526
467.700,93.2231,300.0000,65.4375,65.3569,13955.48,0.805305,90.829526
467.800,93.2231,300.0000,65.3750,65.3558,13957.34,0.805628,90.829526
467.900,93.2231,300.0000,65.4375,65.3547,13959.08,0.805929,90.829526
468.000,92.9715,300.0000,65.5000,65.3536,13958.19,0.805775,90.877155
468.100,92.9715,300.0000,65.3750,65.3525,13957.36,0.805631,90.877155
468.200,92.9715,300.0000,65.3125,65.3514,13956.59,0.805497,90.877155
468.300,92.9715,300.0000,65.3750,65.3503,13955.86,0.805372,90.877155
468.400,92.9715,300.0000,65.3750,65.3493,13955.19,0.805255,90.877155
468.500,92.9715,300.0000,65.3750,65.3482,13954.56,0.805145,90.877155
468.600,92.9715,300.0000,65.3125,65.3472,13953.97,0.805044,90.877155
468.700,92.9715,300.0000,65.3750,65.3461,13953.42,0.804948,90.877155
468.800,92.9715,300.0000,65.3125,65.3451,13952.91,0.804860,90.877155
468.900,92.9715,300.0000,65.3125,65.3441,13952.43,0.804777,90.877155
469.000,92.4072,300.0000,65.4375,65.3431,13946.34,0.803724,90.911176
469.100,92.4072,300.0000,65.4375,65.3422,13940.65,0.802741,90.911176
469.200,92.4072,300.0000,65.4375,65.3413,13935.35,0.801825,90.911176
469.300,92.4072,300.0000,65.3750,65.3404,13930.40,0.800971,90.911176
469.400,92.4072,300.0000,65.3750,65.3397,13925.77,0.800174,90.911176
469.500,92.4072,300.0000,65.3750,65.3389,13921.46,0.799430,90.911176
469.600,92.4072,300.0000,65.3750,65.3382,13917.43,0.798737,90.911176
469.700,92.4072,300.0000,65.3125,65.3375,13913.68,0.798090,90.911176
469.800,92.4072,300.0000,65.3125,65.3368,13910.17,0.797487,90.911176
469.900,92.4072,300.0000,65.3125,65.3362,13906.90,0.796924,90.911176
470.000,92.4412,300.0000,65.3125,65.3356,13904.18,0.796457,90.945197
470.100,92.4412,300.0000,65.4375,65.3350,13901.65,0.796022,90.945197
470.200,92.4412,300.0000,65.4375,65.3344,13899.28,0.795616,90.945197
470.300,92.4412,300.0000,65.3125,65.3339,13897.08,0.795237,90.945197
470.400,92.4412,300.0000,65.3125,65.3334,13895.02,0.794883,90.945197
470.500,92.4412,300.0000,65.4375,65.3329,13893.09,0.794553,90.945197
470.600,92.4412,300.0000,65.3750,65.3324,13891.30,0.794246,90.945197
470.700,92.4412,300.0000,65.4375,65.3319,13889.62,0.793958,90.945197
470.800,92.4412,300.0000,65.3750,65.3314,13888.06,0.793690,90.945197
470.900,92.4412,300.0000,65.4375,65.3310,13886.60,0.793440,90.945197
471.000,93.0872,300.0000,65.4375,65.3305,13891.70,0.794314,90.992827
471.100,93.0872,300.0000,65.3750,65.3299,13896.46,0.795131,90.992827
471.200,93.0872,300.0000,65.3750,65.3294,13900.90,0.795894,90.992827
471.300,93.0872,300.0000,65.4375,65.3288,13905.05,0.796606,90.992827
471.400,93.0872,300.0000,65.3750,65.3282,13908.91,0.797271,90.992827
471.500,93.0872,300.0000,65.3750,65.3275,13912.53,0.797892,90.992827
471.600,93.0872,300.0000,65.3750,65.3268,13915.90,0.798472,90.992827
471.700,93.0872,300.0000,65.3125,65.3261,13919.04,0.799014,90.992827
471.800,93.0872,300.0000,65.4375,65.3254,13921.98,0.799519,90.992827
471.900,93.0872,300.0000,65.3125,65.3246,13924.72,0.799992,90.992827
472.000,92.5228,300.0000,65.3750,65.3239,13921.63,0.799460,91.026848
472.100,92.5228,300.0000,65.3750,65.3232,13918.75,0.798964,91.026848
472.200,92.5228,300.0000,65.4375,65.3225,13916.06,0.798501,91.026848
472.300,92.5228,300.0000,65.3750,65.3219,13913.55,0.798069,91.026848
472.400,92.5228,300.0000,65.4375,65.3212,13911.21,0.797666,91.026848
472.500,92.5228,300.0000,65.4375,65.3206,13909.03,0.797290,91.026848
472.600,92.5228,300.0000,65.3125,65.3200,13906.98,0.796939,91.026848
472.700,92.5228,300.0000,65.3750,65.3194,13905.08,0.796612,91.026848
472.800,92.5228,300.0000,65.3750,65.3189,13903.30,0.796306,91.026848
472.900,92.5228,300.0000,65.3750,65.3183,13901.65,0.796022,91.026848
473.000,92.8628,300.0000,65.3750,65.3178,13903.50,0.796340,91.067673
473.100,92.8628,300.0000,65.3750,65.3172,13905.23,0.796637,91.067673
473.200,92.8628,300.0000,65.3125,65.3166,13906.84,0.796914,91.067673
473.300,92.8628,300.0000,65.3750,65.3160,13908.34,0.797173,91.067673
473.400,92.8628,300.0000,65.3750,65.3154,13909.75,0.797415,91.067673
473.500,92.8628,300.0000,65.3125,65.3148,13911.06,0.797640,91.067673
473.600,92.8628,300.0000,65.3750,65.3141,13912.29,0.797851,91.067673
473.700,92.8628,300.0000,65.4375,65.3135,13913.43,0.798048,91.067673
473.800,92.8628,300.0000,65.3750,65.3129,13914.50,0.798231,91.067673
473.900,92.8628,300.0000,65.3125,65.3122,13915.49,0.798402,91.067673
474.000,92.5977,300.0000,65.3750,65.3116,13913.77,0.798106,91.101694
474.100,92.5977,300.0000,65.3125,65.3110,13912.16,0.797829,91.101694
474.200,92.5977,300.0000,65.3125,65.3104,13910.66,0.797571,91.101694
474.300,92.5977,300.0000,65.3125,65.3098,13909.26,0.797330,91.101694
474.400,92.5977,300.0000,65.4375,65.3092,13907.95,0.797105,91.101694
474.500,92.5977,300.0000,65.3750,65.3086,13906.73,0.796896,91.101694
474.600,92.5977,300.0000,65.3750,65.3081,13905.59,0.796700,91.101694
474.700,92.5977,300.0000,65.3750,65.3075,13904.53,0.796517,91.101694
474.800,92.5977,300.0000,65.3750,65.3070,13903.54,0.796347,91.101694
474.900,92.5977,300.0000,65.3125,65.3065,13902.61,0.796188,91.101694
475.000,92.6317,300.0000,65.3125,65.3059,13902.09,0.796098,91.135715
475.100,92.6317,300.0000,65.3750,65.3054,13901.60,0.796014,91.135715
475.200,92.6317,300.0000,65.3750,65.3049,13901.14,0.795935,91.135715
475.300,92.6317,300.0000,65.3125,65.3044,13900.72,0.795862,91.135715
475.400,92.6317,300.0000,65.3125,65.3039,13900.32,0.795794,91.135715
475.500,92.6317,300.0000,65.3750,65.3034,13899.95,0.795730,91.135715
475.600,92.6317,300.0000,65.3125,65.3029,13899.60,0.795671,91.135715
475.700,92.6317,300.0000,65.3750,65.3024,13899.28,0.795615,91.135715
475.800,92.6317,300.0000,65.4375,65.3019,13898.98,0.795563,91.135715
475.900,92.6317,300.0000,65.3750,65.3014,13898.70,0.795515,91.135715
476.000,92.9717,300.0000,65.3125,65.3009,13901.83,0.796054,91.176541
476.100,92.9717,300.0000,65.3750,65.3004,13904.76,0.796557,91.176541
476.200,92.9717,300.0000,65.3750,65.2998,13907.49,0.797027,91.176541
476.300,92.9717,300.0000,65.2500,65.2992,13910.05,0.797465,91.176541
476.400,92.9717,300.0000,65.3125,65.2987,13912.43,0.797875,91.176541
476.500,92.9717,300.0000,65.3750,65.2980,13914.65,0.798257,91.176541
476.600,92.9717,300.0000,65.2500,65.2974,13916.72,0.798614,91.176541
476.700,92.9717,300.0000,65.3750,65.2968,13918.66,0.798948,91.176541
476.800,92.9717,300.0000,65.3125,65.2961,13920.46,0.799259,91.176541
476.900,92.9717,300.0000,65.3125,65.2955,13922.15,0.799549,91.176541
477.000,92.7065,300.0000,65.3125,65.2948,13921.07,0.799363,91.210562
477.100,92.7065,300.0000,65.4375,65.2941,13920.07,0.799190,91.210562
477.200,92.7065,300.0000,65.2500,65.2935,13919.13,0.799028,91.210562
477.300,92.7065,300.0000,65.3125,65.2929,13918.25,0.798878,91.210562
477.400,92.7065,300.0000,65.3125,65.2923,13917.43,0.798737,91.210562
477.500,92.7065,300.0000,65.3125,65.2916,13916.67,0.798605,91.210562
477.600,92.7065,300.0000,65.3125,65.2910,13915.96,0.798483,91.210562
477.700,92.7065,300.0000,65.3125,65.2904,13915.29,0.798368,91.210562
477.800,92.7065,300.0000,65.3125,65.2898,13914.67,0.798261,91.210562
477.900,92.7065,300.0000,65.2500,65.2893,13914.09,0.798162,91.210562
478.000,92.4346,300.0000,65.3750,65.2887,13910.83,0.797601,91.237779
478.100,92.4346,300.0000,65.3750,65.2882,13907.79,0.797077,91.237779
478.200,92.4346,300.0000,65.4375,65.2877,13904.95,0.796589,91.237779
478.300,92.4346,300.0000,65.3750,65.2872,13902.30,0.796133,91.237779
478.400,92.4346,300.0000,65.3750,65.2867,13899.82,0.795708,91.237779
478.500,92.4346,300.0000,65.3750,65.2863,13897.51,0.795312,91.237779
478.600,92.4346,300.0000,65.3125,65.2859,13895.36,0.794942,91.237779
478.700,92.4346,300.0000,65.3125,65.2854,13893.35,0.794597,91.237779
478.800,92.4346,300.0000,65.3125,65.2851,13891.47,0.794275,91.237779
478.900,92.4346,300.0000,65.3125,65.2847,13889.72,0.793974,91.237779
479.000,92.7678,300.0000,65.3125,65.2843,13891.41,0.794265,91.271800
479.100,92.7678,300.0000,65.3125,65.2839,13893.00,0.794537,91.271800
479.200,92.7678,300.0000,65.3125,65.2835,13894.47,0.794790,91.271800
479.300,92.7678,300.0000,65.3125,65.2831,13895.85,0.795027,91.271800
479.400,92.7678,300.0000,65.3125,65.2826,13897.14,0.795248,91.271800
479.500,92.7678,300.0000,65.2500,65.2822,13898.34,0.795454,91.271800
479.600,92.7678,300.0000,65.3125,65.2818,13899.46,0.795647,91.271800
479.700,92.7678,300.0000,65.3750,65.2813,13900.51,0.795827,91.271800
479.800,92.7678,300.0000,65.2500,65.2808,13901.49,0.795995,91.271800
479.900,92.7678,300.0000,65.3125,65.2804,13902.40,0.796151,91.271800
480.000,92.8018,300.0000,65.1875,65.2799,13903.59,0.796356,91.305821
480.100,92.8018,300.0000,65.3125,65.2794,13904.70,0.796547,91.305821
480.200,92.8018,300.0000,65.2500,65.2789,13905.74,0.796725,91.305821
480.300,92.8018,300.0000,65.1875,65.2784,13906.71,0.796892,91.305821
480.400,92.8018,300.0000,65.3125,65.2779,13907.61,0.797047,91.305821
480.500,92.8018,300.0000,65.2500,65.2774,13908.46,0.797192,91.305821
480.600,92.8018,300.0000,65.3125,65.2769,13909.24,0.797328,91.305821
480.700,92.8018,300.0000,65.3125,65.2763,13909.98,0.797454,91.305821
480.800,92.8018,300.0000,65.2500,65.2758,13910.67,0.797572,91.305821
480.900,92.8018,300.0000,65.3125,65.2753,13911.31,0.797682,91.305821
481.000,92.8358,300.0000,65.2500,65.2747,13912.24,0.797844,91.339842
481.100,92.8358,300.0000,65.3125,65.2742,13913.12,0.797994,91.339842
481.200,92.8358,300.0000,65.2500,65.2736,13913.94,0.798135,91.339842
481.300,92.8358,300.0000,65.2500,65.2731,13914.70,0.798266,91.339842
481.400,92.8358,300.0000,65.3750,65.2725,13915.41,0.798388,91.339842
481.500,92.8358,300.0000,65.3125,65.2720,13916.07,0.798503,91.339842
481.600,92.8358,300.0000,65.3750,65.2714,13916.69,0.798610,91.339842
481.700,92.8358,300.0000,65.3125,65.2708,13917.27,0.798709,91.339842
481.800,92.8358,300.0000,65.2500,65.2703,13917.81,0.798802,91.339842
481.900,92.8358,300.0000,65.1250,65.2697,13918.32,0.798889,91.339842
482.000,91.9518,300.0000,65.1875,65.2692,13909.95,0.797449,91.353450
482.100,91.9518,300.0000,65.3125,65.2687,13902.14,0.796106,91.353450
482.200,91.9518,300.0000,65.3750,65.2683,13894.85,0.794854,91.353450
482.300,91.9518,300.0000,65.2500,65.2680,13888.04,0.793687,91.353450
482.400,91.9518,300.0000,65.3125,65.2678,13881.69,0.792598,91.353450
482.500,91.9518,300.0000,65.2500,65.2675,13875.76,0.791584,91.353450
482.600,91.9518,300.0000,65.3125,65.2674,13870.23,0.790637,91.353450
482.700,91.9518,300.0000,65.2500,65.2672,13865.07,0.789754,91.353450
482.800,91.9518,300.0000,65.2500,65.2671,13860.25,0.788931,91.353450
482.900,91.9518,300.0000,65.3750,65.2671,13855.75,0.788163,91.353450
483.000,93.1894,300.0000,65.2500,65.2670,13863.93,0.789560,91.394276
483.100,93.1894,300.0000,65.3750,65.2668,13871.56,0.790864,91.394276
483.200,93.1894,300.0000,65.3750,65.2666,13878.68,0.792084,91.394276
483.300,93.1894,300.0000,65.3125,65.2663,13885.33,0.793223,91.394276
483.400,93.1894,300.0000,65.3750,65.2659,13891.54,0.794287,91.394276
483.500,93.1894,300.0000,65.3125,65.2655,13897.33,0.795280,91.394276
483.600,93.1894,300.0000,65.3125,65.2651,13902.74,0.796209,91.394276
483.700,93.1894,300.0000,65.2500,65.2646,13907.78,0.797076,91.394276
483.800,93.1894,300.0000,65.3750,65.2641,13912.49,0.797886,91.394276
483.900,93.1894,300.0000,65.2500,65.2635,13916.89,0.798642,91.394276
484.000,92.6183,300.0000,65.3125,65.2630,13915.28,0.798365,91.421493
484.100,92.6183,300.0000,65.2500,65.2625,13913.77,0.798107,91.421493
484.200,92.6183,300.0000,65.4375,65.2620,13912.37,0.797865,91.421493
484.300,92.6183,300.0000,65.1875,65.2615,13911.06,0.797640,91.421493
484.400,92.6183,300.0000,65.2500,65.2610,13909.84,0.797430,91.421493
484.500,92.6183,300.0000,65.2500,65.2605,13908.70,0.797234,91.421493
484.600,92.6183,300.0000,65.3125,65.2600,13907.64,0.797051,91.421493
484.700,92.6183,300.0000,65.3750,65.2596,13906.64,0.796881,91.421493
484.800,92.6183,300.0000,65.1875,65.2591,13905.72,0.796721,91.421493
484.900,92.6183,300.0000,65.2500,65.2587,13904.85,0.796573,91.421493
485.000,92.6455,300.0000,65.3125,65.2582,13904.32,0.796481,91.448709
485.100,92.6455,300.0000,65.3750,65.2578,13903.82,0.796395,91.448709
485.200,92.6455,300.0000,65.2500,65.2574,13903.35,0.796315,91.448709
485.300,92.6455,300.0000,65.3125,65.2570,13902.92,0.796240,91.448709
485.400,92.6455,300.0000,65.3125,65.2565,13902.51,0.796170,91.448709
485.500,92.6455,300.0000,65.3125,65.2561,13902.13,0.796105,91.448709
485.600,92.6455,300.0000,65.1875,65.2557,13901.78,0.796044,91.448709
485.700,92.6455,300.0000,65.1875,65.2553,13901.45,0.795987,91.448709
485.800,92.6455,300.0000,65.2500,65.2549,13901.14,0.795934,91.448709
485.900,92.6455,300.0000,65.3125,65.2545,13900.85,0.795885,91.448709
486.000,92.9787,300.0000,65.3125,65.2541,13903.91,0.796411,91.482731
486.100,92.9787,300.0000,65.1875,65.2536,13906.77,0.796903,91.482731
486.200,92.9787,300.0000,65.2500,65.2532,13909.44,0.797362,91.482731
486.300,92.9787,300.0000,65.2500,65.2527,13911.93,0.797790,91.482731
486.400,92.9787,300.0000,65.3125,65.2522,13914.26,0.798190,91.482731
486.500,92.9787,300.0000,65.3125,65.2517,13916.43,0.798564,91.482731
486.600,92.9787,300.0000,65.1875,65.2511,13918.45,0.798912,91.482731
486.700,92.9787,300.0000,65.2500,65.2506,13920.34,0.799238,91.482731
486.800,92.9787,300.0000,65.2500,65.2500,13922.11,0.799542,91.482731
486.900,92.9787,300.0000,65.1875,65.2494,13923.75,0.799826,91.482731
487.000,92.4007,300.0000,65.1875,65.2489,13919.51,0.799095,91.503143
487.100,92.4007,300.0000,65.2500,65.2484,13915.55,0.798413,91.503143
487.200,92.4007,300.0000,65.2500,65.2479,13911.85,0.797777,91.503143
487.300,92.4007,300.0000,65.3125,65.2475,13908.41,0.797183,91.503143
487.400,92.4007,300.0000,65.2500,65.2470,13905.19,0.796630,91.503143
487.500,92.4007,300.0000,65.2500,65.2466,13902.18,0.796113,91.503143
487.600,92.4007,300.0000,65.2500,65.2463,13899.38,0.795632,91.503143
487.700,92.4007,300.0000,65.3125,65.2459,13896.76,0.795182,91.503143
487.800,92.4007,300.0000,65.3750,65.2456,13894.31,0.794763,91.503143
487.900,92.4007,300.0000,65.3125,65.2453,13892.03,0.794372,91.503143
488.000,93.0331,300.0000,65.2500,65.2450,13896.23,0.795092,91.537164
488.100,93.0331,300.0000,65.3125,65.2446,13900.15,0.795764,91.537164
488.200,93.0331,300.0000,65.2500,65.2442,13903.80,0.796392,91.537164
488.300,93.0331,300.0000,65.2500,65.2438,13907.21,0.796978,91.537164
488.400,93.0331,300.0000,65.3750,65.2433,13910.40,0.797526,91.537164
488.500,93.0331,300.0000,65.3125,65.2428,13913.37,0.798037,91.537164
488.600,93.0331,300.0000,65.3125,65.2423,13916.14,0.798514,91.537164
488.700,93.0331,300.0000,65.3125,65.2418,13918.73,0.798960,91.537164
488.800,93.0331,300.0000,65.1875,65.2413,13921.15,0.799376,91.537164
488.900,93.0331,300.0000,65.2500,65.2407,13923.40,0.799765,91.537164
489.000,92.7612,300.0000,65.1875,65.2402,13922.79,0.799659,91.564381
489.100,92.7612,300.0000,65.1875,65.2396,13922.21,0.799560,91.564381
489.200,92.7612,300.0000,65.3125,65.2391,13921.68,0.799467,91.564381
489.300,92.7612,300.0000,65.1250,65.2386,13921.18,0.799381,91.564381
489.400,92.7612,300.0000,65.3125,65.2380,13920.71,0.799301,91.564381
489.500,92.7612,300.0000,65.1875,65.2375,13920.27,0.799226,91.564381
489.600,92.7612,300.0000,65.1875,65.2370,13919.87,0.799156,91.564381
489.700,92.7612,300.0000,65.2500,65.2365,13919.49,0.799090,91.564381
489.800,92.7612,300.0000,65.2500,65.2360,13919.13,0.799029,91.564381
489.900,92.7612,300.0000,65.2500,65.2355,13918.80,0.798973,91.564381
490.000,92.7884,300.0000,65.2500,65.2350,13918.77,0.798966,91.591598
490.100,92.7884,300.0000,65.2500,65.2345,13918.73,0.798960,91.591598
490.200,92.7884,300.0000,65.1875,65.2340,13918.70,0.798955,91.591598
490.300,92.7884,300.0000,65.1875,65.2335,13918.67,0.798950,91.591598
490.400,92.7884,300.0000,65.3125,65.2330,13918.64,0.798945,91.591598
490.500,92.7884,300.0000,65.2500,65.2325,13918.62,0.798941,91.591598
490.600,92.7884,300.0000,65.2500,65.2320,13918.59,0.798937,91.591598
490.700,92.7884,300.0000,65.3125,65.2315,13918.57,0.798933,91.591598
490.800,92.7884,300.0000,65.3125,65.2310,13918.55,0.798929,91.591598
490.900,92.7884,300.0000,65.2500,65.2305,13918.53,0.798926,91.591598
491.000,92.8156,300.0000,65.2500,65.2300,13918.78,0.798969,91.618815
491.100,92.8156,300.0000,65.1875,65.2295,13919.02,0.799010,91.618815
491.200,92.8156,300.0000,65.2500,65.2290,13919.24,0.799048,91.618815
491.300,92.8156,300.0000,65.3750,65.2285,13919.45,0.799084,91.618815
491.400,92.8156,300.0000,65.1875,65.2280,13919.64,0.799117,91.618815
491.500,92.8156,300.0000,65.2500,65.2275,13919.82,0.799148,91.618815
491.600,92.8156,300.0000,65.2500,65.2270,13919.99,0.799177,91.618815
491.700,92.8156,300.0000,65.2500,65.2265,13920.15,0.799204,91.618815
491.800,92.8156,300.0000,65.2500,65.2260,13920.29,0.799229,91.618815
491.900,92.8156,300.0000,65.2500,65.2255,13920.43,0.799253,91.618815
492.000,92.8428,300.0000,65.2500,65.2250,13920.83,0.799321,91.646032
492.100,92.8428,300.0000,65.2500,65.2245,13921.20,0.799386,91.646032
492.200,92.8428,300.0000,65.1875,65.2240,13921.55,0.799446,91.646032
492.300,92.8428,300.0000,65.2500,65.2235,13921.87,0.799502,91.646032
492.400,92.8428,300.0000,65.3125,65.2230,13922.18,0.799554,91.646032
492.500,92.8428,300.0000,65.1875,65.2225,13922.46,0.799603,91.646032
492.600,92.8428,300.0000,65.3125,65.2220,13922.72,0.799648,91.646032
492.700,92.8428,300.0000,65.2500,65.2215,13922.97,0.799691,91.646032
492.800,92.8428,300.0000,65.2500,65.2210,13923.20,0.799730,91.646032
492.900,92.8428,300.0000,65.3125,65.2205,13923.42,0.799767,91.646032
493.000,93.1760,300.0000,65.2500,65.2199,13926.95,0.800376,91.680053
493.100,93.1760,300.0000,65.2500,65.2194,13930.25,0.800945,91.680053
493.200,93.1760,300.0000,65.1250,65.2188,13933.32,0.801476,91.680053
493.300,93.1760,300.0000,65.2500,65.2181,13936.19,0.801971,91.680053
493.400,93.1760,300.0000,65.1875,65.2175,13938.88,0.802434,91.680053
493.500,93.1760,300.0000,65.1875,65.2169,13941.38,0.802866,91.680053
493.600,93.1760,300.0000,65.1875,65.2162,13943.71,0.803270,91.680053
493.700,93.1760,300.0000,65.1875,65.2155,13945.89,0.803647,91.680053
493.800,93.1760,300.0000,65.3125,65.2148,13947.93,0.803998,91.680053
493.900,93.1760,300.0000,65.3125,65.2141,13949.82,0.804327,91.680053
494.000,93.2100,300.0000,65.2500,65.2134,13951.94,0.804692,91.714074
494.100,93.2100,300.0000,65.2500,65.2126,13953.91,0.805033,91.714074
494.200,93.2100,300.0000,65.2500,65.2119,13955.75,0.805352,91.714074
494.300,93.2100,300.0000,65.1875,65.2111,13957.47,0.805649,91.714074
494.400,93.2100,300.0000,65.2500,65.2103,13959.07,0.805927,91.714074
494.500,93.2100,300.0000,65.1875,65.2095,13960.56,0.806186,91.714074
494.600,93.2100,300.0000,65.3750,65.2087,13961.96,0.806428,91.714074
494.700,93.2100,300.0000,65.2500,65.2079,13963.26,0.806654,91.714074
494.800,93.2100,300.0000,65.3125,65.2071,13964.48,0.806864,91.714074
494.900,93.2100,300.0000,65.1875,65.2062,13965.61,0.807061,91.714074
495.000,92.6321,300.0000,65.2500,65.2054,13960.89,0.806243,91.734487
495.100,92.6321,300.0000,65.3125,65.2047,13956.49,0.805480,91.734487
495.200,92.6321,300.0000,65.1250,65.2040,13952.38,0.804768,91.734487
495.300,92.6321,300.0000,65.3125,65.2033,13948.54,0.804104,91.734487
495.400,92.6321,300.0000,65.2500,65.2026,13944.96,0.803485,91.734487
495.500,92.6321,300.0000,65.3750,65.2020,13941.61,0.802907,91.734487
495.600,92.6321,300.0000,65.2500,65.2014,13938.49,0.802368,91.734487
495.700,92.6321,300.0000,65.3125,65.2009,13935.58,0.801866,91.734487
495.800,92.6321,300.0000,65.3125,65.2003,13932.86,0.801396,91.734487
495.900,92.6321,300.0000,65.1875,65.1998,13930.33,0.800959,91.734487
496.000,92.6525,300.0000,65.2500,65.1993,13928.16,0.800586,91.754899
496.100,92.6525,300.0000,65.1875,65.1988,13926.14,0.800237,91.754899
496.200,92.6525,300.0000,65.1875,65.1983,13924.26,0.799913,91.754899
496.300,92.6525,300.0000,65.1875,65.1979,13922.50,0.799609,91.754899
496.400,92.6525,300.0000,65.1875,65.1974,13920.86,0.799327,91.754899
496.500,92.6525,300.0000,65.1875,65.1970,13919.33,0.799063,91.754899
496.600,92.6525,300.0000,65.1875,65.1966,13917.90,0.798816,91.754899
496.700,92.6525,300.0000,65.1250,65.1962,13916.56,0.798587,91.754899
496.800,92.6525,300.0000,65.2500,65.1958,13915.31,0.798372,91.754899
496.900,92.6525,300.0000,65.3125,65.1954,13914.15,0.798172,91.754899
497.000,93.2849,300.0000,65.3125,65.1950,13919.39,0.799074,91.788920
497.100,93.2849,300.0000,65.3125,65.1946,13924.28,0.799916,91.788920
497.200,93.2849,300.0000,65.1875,65.1941,13928.84,0.800703,91.788920
497.300,93.2849,300.0000,65.1250,65.1935,13933.10,0.801438,91.788920
497.400,93.2849,300.0000,65.1875,65.1930,13937.08,0.802124,91.788920
497.500,93.2849,300.0000,65.1875,65.1924,13940.79,0.802765,91.788920
497.600,93.2849,300.0000,65.2500,65.1918,13944.25,0.803363,91.788920
497.700,93.2849,300.0000,65.2500,65.1911,13947.48,0.803922,91.788920
497.800,93.2849,300.0000,65.1250,65.1904,13950.50,0.804444,91.788920
497.900,93.2849,300.0000,65.3125,65.1897,13953.32,0.804931,91.788920
498.000,93.3189,300.0000,65.2500,65.1890,13956.28,0.805445,91.822942
498.100,93.3189,300.0000,65.1875,65.1883,13959.05,0.805924,91.822942
498.200,93.3189,300.0000,65.1875,65.1875,13961.64,0.806372,91.822942
498.300,93.3189,300.0000,65.1875,65.1868,13964.05,0.806790,91.822942
498.400,93.3189,300.0000,65.2500,65.1860,13966.31,0.807181,91.822942
498.500,93.3189,300.0000,65.1250,65.1852,13968.41,0.807545,91.822942
498.600,93.3189,300.0000,65.2500,65.1844,13970.37,0.807886,91.822942
498.700,93.3189,300.0000,65.1875,65.1835,13972.20,0.808203,91.822942
498.800,93.3189,300.0000,65.2500,65.1827,13973.91,0.808500,91.822942
498.900,93.3189,300.0000,65.1875,65.1818,13975.51,0.808777,91.822942
499.000,92.7409,300.0000,65.2500,65.1810,13971.21,0.808032,91.843354
499.100,92.7409,300.0000,65.1250,65.1802,13967.21,0.807338,91.843354
499.200,92.7409,300.0000,65.1875,65.1795,13963.47,0.806690,91.843354
499.300,92.7409,300.0000,65.1250,65.1787,13959.98,0.806085,91.843354
499.400,92.7409,300.0000,65.1875,65.1780,13956.73,0.805521,91.843354
499.500,92.7409,300.0000,65.2500,65.1774,13953.69,0.804995,91.843354
499.600,92.7409,300.0000,65.2500,65.1767,13950.85,0.804504,91.843354
499.700,92.7409,300.0000,65.1875,65.1761,13948.20,0.804046,91.843354
499.800,92.7409,300.0000,65.1875,65.1755,13945.73,0.803619,91.843354
499.900,92.7409,300.0000,65.2500,65.1749,13943.43,0.803221,91.843354
500.000,93.0674,300.0000,65.1875,65.1744,13944.54,0.803413,91.870571
500.100,93.0674,300.0000,65.2500,65.1738,13945.58,0.803592,91.870571
500.200,93.0674,300.0000,65.2500,65.1732,13946.54,0.803759,91.870571
500.300,93.0674,300.0000,65.1875,65.1726,13947.45,0.803916,91.870571
500.400,93.0674,300.0000,65.1875,65.1720,13948.29,0.804062,91.870571
500.500,93.0674,300.0000,65.1875,65.1713,13949.08,0.804198,91.870571
500.600,93.0674,300.0000,65.1875,65.1707,13949.81,0.804325,91.870571
500.700,93.0674,300.0000,65.2500,65.1701,13950.50,0.804444,91.870571
500.800,93.0674,300.0000,65.1875,65.1695,13951.14,0.804554,91.870571
500.900,93.0674,300.0000,65.1875,65.1688,13951.74,0.804658,91.870571
501.000,92.7886,300.0000,65.1250,65.1682,13949.51,0.804272,91.890984
501.100,92.7886,300.0000,65.1875,65.1676,13947.43,0.803912,91.890984
501.200,92.7886,300.0000,65.2500,65.1671,13945.48,0.803576,91.890984
501.300,92.7886,300.0000,65.2500,65.1665,13943.67,0.803263,91.890984
501.400,92.7886,300.0000,65.2500,65.1660,13941.98,0.802970,91.890984
501.500,92.7886,300.0000,65.2500,65.1654,13940.40,0.802697,91.890984
501.600,92.7886,300.0000,65.2500,65.1649,13938.92,0.802443,91.890984
501.700,92.7886,300.0000,65.2500,65.1644,13937.55,0.802205,91.890984
501.800,92.7886,300.0000,65.1875,65.1639,13936.26,0.801983,91.890984
501.900,92.7886,300.0000,65.1875,65.1634,13935.07,0.801776,91.890984
502.000,92.8090,300.0000,65.1875,65.1630,13934.15,0.801619,91.911396
502.100,92.8090,300.0000,65.1875,65.1625,13933.30,0.801471,91.911396
502.200,92.8090,300.0000,65.1875,65.1620,13932.50,0.801334,91.911396
502.300,92.8090,300.0000,65.1875,65.1616,13931.76,0.801205,91.911396
502.400,92.8090,300.0000,65.1875,65.1611,13931.06,0.801086,91.911396
502.500,92.8090,300.0000,65.1875,65.1607,13930.42,0.800974,91.911396
502.600,92.8090,300.0000,65.1875,65.1603,13929.81,0.800870,91.911396
502.700,92.8090,300.0000,65.2500,65.1599,13929.25,0.800772,91.911396
502.800,92.8090,300.0000,65.2500,65.1594,13928.72,0.800682,91.911396
502.900,92.8090,300.0000,65.1875,65.1590,13928.23,0.800597,91.911396
503.000,92.8294,300.0000,65.1875,65.1586,13927.97,0.800553,91.931809
503.100,92.8294,300.0000,65.3125,65.1582,13927.74,0.800512,91.931809
503.200,92.8294,300.0000,65.1875,65.1578,13927.51,0.800474,91.931809
503.300,92.8294,300.0000,65.1875,65.1574,13927.31,0.800438,91.931809
503.400,92.8294,300.0000,65.1875,65.1570,13927.11,0.800405,91.931809
503.500,92.8294,300.0000,65.2500,65.1566,13926.93,0.800374,91.931809
503.600,92.8294,300.0000,65.1875,65.1562,13926.77,0.800345,91.931809
503.700,92.8294,300.0000,65.1250,65.1558,13926.61,0.800318,91.931809
503.800,92.8294,300.0000,65.1875,65.1554,13926.46,0.800292,91.931809
503.900,92.8294,300.0000,65.1875,65.1550,13926.33,0.800269,91.931809
504.000,92.8498,300.0000,65.1250,65.1546,13926.40,0.800282,91.952222
504.100,92.8498,300.0000,65.2500,65.1543,13926.47,0.800294,91.952222
504.200,92.8498,300.0000,65.1875,65.1539,13926.54,0.800306,91.952222
504.300,92.8498,300.0000,65.1875,65.1535,13926.60,0.800316,91.952222
504.400,92.8498,300.0000,65.1875,65.1531,13926.66,0.800326,91.952222
504.500,92.8498,300.0000,65.3125,65.1527,13926.71,0.800336,91.952222
504.600,92.8498,300.0000,65.1875,65.1523,13926.76,0.800344,91.952222
504.700,92.8498,300.0000,65.1250,65.1519,13926.81,0.800352,91.952222
504.800,92.8498,300.0000,65.2500,65.1515,13926.86,0.800360,91.952222
504.900,92.8498,300.0000,65.1250,65.1512,13926.90,0.800367,91.952222
505.000,92.5642,300.0000,65.2500,65.1508,13924.08,0.799881,91.965830
505.100,92.5642,300.0000,65.1250,65.1505,13921.45,0.799428,91.965830
505.200,92.5642,300.0000,65.2500,65.1501,13918.99,0.799006,91.965830
505.300,92.5642,300.0000,65.1875,65.1498,13916.70,0.798611,91.965830
505.400,92.5642,300.0000,65.1250,65.1496,13914.57,0.798243,91.965830
505.500,92.5642,300.0000,65.1875,65.1493,13912.57,0.797900,91.965830
505.600,92.5642,300.0000,65.1250,65.1491,13910.71,0.797579,91.965830
505.700,92.5642,300.0000,65.1250,65.1488,13908.97,0.797280,91.965830
505.800,92.5642,300.0000,65.1875,65.1486,13907.35,0.797001,91.965830
505.900,92.5642,300.0000,65.0625,65.1484,13905.83,0.796741,91.965830
506.000,92.2718,300.0000,65.1875,65.1482,13901.50,0.795996,91.972634
506.100,92.2718,300.0000,65.1875,65.1481,13897.45,0.795301,91.972634
506.200,92.2718,300.0000,65.1250,65.1480,13893.67,0.794652,91.972634
506.300,92.2718,300.0000,65.1875,65.1479,13890.14,0.794047,91.972634
506.400,92.2718,300.0000,65.1250,65.1479,13886.85,0.793483,91.972634
506.500,92.2718,300.0000,65.1875,65.1479,13883.78,0.792957,91.972634
506.600,92.2718,300.0000,65.2500,65.1479,13880.91,0.792465,91.972634
506.700,92.2718,300.0000,65.2500,65.1479,13878.24,0.792007,91.972634
506.800,92.2718,300.0000,65.2500,65.1479,13875.74,0.791580,91.972634
506.900,92.2718,300.0000,65.1875,65.1480,13873.41,0.791181,91.972634
507.000,92.8906,300.0000,65.1250,65.1480,13877.42,0.791867,91.993047
507.100,92.8906,300.0000,65.1250,65.1480,13881.17,0.792509,91.993047
507.200,92.8906,300.0000,65.1875,65.1480,13884.66,0.793108,91.993047
507.300,92.8906,300.0000,65.1875,65.1480,13887.92,0.793667,91.993047
507.400,92.8906,300.0000,65.1875,65.1479,13890.97,0.794189,91.993047
507.500,92.8906,300.0000,65.1250,65.1478,13893.81,0.794676,91.993047
507.600,92.8906,300.0000,65.1875,65.1477,13896.46,0.795132,91.993047
507.700,92.8906,300.0000,65.1250,65.1475,13898.94,0.795557,91.993047
507.800,92.8906,300.0000,65.1250,65.1473,13901.25,0.795953,91.993047
507.900,92.8906,300.0000,65.2500,65.1472,13903.40,0.796324,91.993047
508.000,93.2170,300.0000,65.1875,65.1469,13908.68,0.797231,92.020264
508.100,93.2170,300.0000,65.1875,65.1467,13913.61,0.798078,92.020264
508.200,93.2170,300.0000,65.1875,65.1464,13918.20,0.798869,92.020264
508.300,93.2170,300.0000,65.2500,65.1460,13922.49,0.799608,92.020264
508.400,93.2170,300.0000,65.1250,65.1457,13926.50,0.800298,92.020264
508.500,93.2170,300.0000,65.1875,65.1453,13930.23,0.800943,92.020264
508.600,93.2170,300.0000,65.2500,65.1448,13933.72,0.801545,92.020264
508.700,93.2170,300.0000,65.0625,65.1444,13936.98,0.802107,92.020264
508.800,93.2170,300.0000,65.2500,65.1439,13940.02,0.802631,92.020264
508.900,93.2170,300.0000,65.1875,65.1434,13942.85,0.803121,92.020264
509.000,92.9383,300.0000,65.1875,65.1429,13942.71,0.803097,92.040677
509.100,92.9383,300.0000,65.2500,65.1424,13942.58,0.803074,92.040677
509.200,92.9383,300.0000,65.1875,65.1419,13942.46,0.803053,92.040677
509.300,92.9383,300.0000,65.2500,65.1414,13942.34,0.803033,92.040677
509.400,92.9383,300.0000,65.1875,65.1409,13942.24,0.803015,92.040677
509.500,92.9383,300.0000,65.1250,65.1404,13942.14,0.802998,92.040677
509.600,92.9383,300.0000,65.1875,65.1400,13942.04,0.802981,92.040677
509.700,92.9383,300.0000,65.0625,65.1395,13941.96,0.802966,92.040677
509.800,92.9383,300.0000,65.2500,65.1390,13941.88,0.802952,92.040677
509.900,92.9383,300.0000,65.2500,65.1385,13941.80,0.802939,92.040677
510.000,93.2647,300.0000,65.1875,65.1380,13944.99,0.803491,92.067893
510.100,93.2647,300.0000,65.2500,65.1375,13947.97,0.804007,92.067893
510.200,93.2647,300.0000,65.2500,65.1369,13950.76,0.804488,92.067893
510.300,93.2647,300.0000,65.1875,65.1363,13953.35,0.804937,92.067893
510.400,93.2647,300.0000,65.1875,65.1358,13955.78,0.805356,92.067893
510.500,93.2647,300.0000,65.1875,65.1351,13958.04,0.805748,92.067893
510.600,93.2647,300.0000,65.1875,65.1345,13960.15,0.806114,92.067893
510.700,93.2647,300.0000,65.2500,65.1339,13962.12,0.806455,92.067893
510.800,93.2647,300.0000,65.1875,65.1332,13963.96,0.806774,92.067893
510.900,93.2647,300.0000,65.1250,65.1326,13965.67,0.807071,92.067893
511.000,92.6799,300.0000,65.0625,65.1319,13961.43,0.806335,92.081502
511.100,92.6799,300.0000,65.1875,65.1313,13957.46,0.805649,92.081502
511.200,92.6799,300.0000,65.1250,65.1308,13953.77,0.805009,92.081502
511.300,92.6799,300.0000,65.1250,65.1302,13950.31,0.804411,92.081502
511.400,92.6799,300.0000,65.1875,65.1297,13947.09,0.803854,92.081502
511.500,92.6799,300.0000,65.1250,65.1293,13944.08,0.803334,92.081502
511.600,92.6799,300.0000,65.1875,65.1288,13941.28,0.802849,92.081502
511.700,92.6799,300.0000,65.1250,65.1284,13938.66,0.802397,92.081502
511.800,92.6799,300.0000,65.1250,65.1280,13936.21,0.801974,92.081502
511.900,92.6799,300.0000,65.1875,65.1276,13933.93,0.801581,92.081502
512.000,92.9995,300.0000,65.1875,65.1272,13935.00,0.801765,92.101915
512.100,92.9995,300.0000,65.1250,65.1268,13935.99,0.801936,92.101915
512.200,92.9995,300.0000,65.1250,65.1263,13936.92,0.802097,92.101915
512.300,92.9995,300.0000,65.1250,65.1259,13937.79,0.802246,92.101915
512.400,92.9995,300.0000,65.1250,65.1255,13938.60,0.802386,92.101915
512.500,92.9995,300.0000,65.1250,65.1251,13939.35,0.802517,92.101915
512.600,92.9995,300.0000,65.1875,65.1246,13940.06,0.802638,92.101915
512.700,92.9995,300.0000,65.1875,65.1242,13940.72,0.802752,92.101915
512.800,92.9995,300.0000,65.1250,65.1238,13941.33,0.802858,92.101915
512.900,92.9995,300.0000,65.0625,65.1233,13941.90,0.802957,92.101915
513.000,92.4079,300.0000,65.1875,65.1229,13936.52,0.802028,92.108719
513.100,92.4079,300.0000,65.1250,65.1225,13931.50,0.801161,92.108719
513.200,92.4079,300.0000,65.1875,65.1222,13926.81,0.800353,92.108719
513.300,92.4079,300.0000,65.0625,65.1219,13922.44,0.799598,92.108719
513.400,92.4079,300.0000,65.1250,65.1217,13918.35,0.798895,92.108719
513.500,92.4079,300.0000,65.1250,65.1215,13914.54,0.798239,92.108719
513.600,92.4079,300.0000,65.0625,65.1213,13910.99,0.797627,92.108719
513.700,92.4079,300.0000,65.1250,65.1211,13907.67,0.797056,92.108719
513.800,92.4079,300.0000,65.1250,65.1210,13904.57,0.796524,92.108719
513.900,92.4079,300.0000,65.1250,65.1209,13901.67,0.796027,92.108719
514.000,92.7207,300.0000,65.1250,65.1208,13902.10,0.796100,92.122327
514.100,92.7207,300.0000,65.1250,65.1207,13902.50,0.796169,92.122327
514.200,92.7207,300.0000,65.1250,65.1205,13902.88,0.796233,92.122327
514.300,92.7207,300.0000,65.1875,65.1204,13903.23,0.796293,92.122327
514.400,92.7207,300.0000,65.1875,65.1203,13903.55,0.796349,92.122327
514.500,92.7207,300.0000,65.1250,65.1202,13903.86,0.796401,92.122327
514.600,92.7207,300.0000,65.1875,65.1200,13904.14,0.796450,92.122327
514.700,92.7207,300.0000,65.1875,65.1199,13904.40,0.796495,92.122327
514.800,92.7207,300.0000,65.1250,65.1198,13904.65,0.796538,92.122327
514.900,92.7207,300.0000,65.1250,65.1197,13904.88,0.796578,92.122327
515.000,92.7343,300.0000,65.0000,65.1195,13905.23,0.796638,92.135936
515.100,92.7343,300.0000,65.1875,65.1194,13905.56,0.796694,92.135936
515.200,92.7343,300.0000,65.1875,65.1192,13905.87,0.796747,92.135936
515.300,92.7343,300.0000,65.1875,65.1191,13906.15,0.796796,92.135936
515.400,92.7343,300.0000,65.1875,65.1190,13906.42,0.796842,92.135936
515.500,92.7343,300.0000,65.0625,65.1188,13906.67,0.796884,92.135936
515.600,92.7343,300.0000,65.0625,65.1187,13906.90,0.796924,92.135936
515.700,92.7343,300.0000,65.0625,65.1185,13907.12,0.796962,92.135936
515.800,92.7343,300.0000,65.0625,65.1184,13907.32,0.796996,92.135936
515.900,92.7343,300.0000,65.1250,65.1182,13907.51,0.797029,92.135936
516.000,92.7479,300.0000,65.1250,65.1181,13907.82,0.797083,92.149544
516.100,92.7479,300.0000,65.1250,65.1179,13908.11,0.797133,92.149544
516.200,92.7479,300.0000,65.1875,65.1178,13908.38,0.797179,92.149544
516.300,92.7479,300.0000,65.1250,65.1176,13908.64,0.797223,92.149544
516.400,92.7479,300.0000,65.1875,65.1174,13908.87,0.797264,92.149544
516.500,92.7479,300.0000,65.1250,65.1173,13909.09,0.797302,92.149544
516.600,92.7479,300.0000,65.1250,65.1171,13909.30,0.797337,92.149544
516.700,92.7479,300.0000,65.1250,65.1169,13909.49,0.797370,92.149544
516.800,92.7479,300.0000,65.1875,65.1168,13909.67,0.797401,92.149544
516.900,92.7479,300.0000,65.0625,65.1166,13909.84,0.797430,92.149544
517.000,92.4555,300.0000,65.1875,65.1165,13907.07,0.796954,92.156348
517.100,92.4555,300.0000,65.0625,65.1164,13904.49,0.796510,92.156348
517.200,92.4555,300.0000,65.1875,65.1162,13902.08,0.796096,92.156348
517.300,92.4555,300.0000,65.1250,65.1162,13899.83,0.795710,92.156348
517.400,92.4555,300.0000,65.1875,65.1161,13897.73,0.795349,92.156348
517.500,92.4555,300.0000,65.1250,65.1161,13895.77,0.795013,92.156348
517.600,92.4555,300.0000,65.1875,65.1160,13893.94,0.794699,92.156348
517.700,92.4555,300.0000,65.1875,65.1160,13892.23,0.794406,92.156348
517.800,92.4555,300.0000,65.0625,65.1160,13890.64,0.794133,92.156348
517.900,92.4555,300.0000,65.0625,65.1160,13889.15,0.793878,92.156348
518.000,92.4623,300.0000,65.0625,65.1160,13887.83,0.793651,92.163153
518.100,92.4623,300.0000,65.1250,65.1161,13886.60,0.793440,92.163153
518.200,92.4623,300.0000,65.1875,65.1161,13885.45,0.793243,92.163153
518.300,92.4623,300.0000,65.1875,65.1161,13884.38,0.793059,92.163153
518.400,92.4623,300.0000,65.1875,65.1162,13883.38,0.792887,92.163153
518.500,92.4623,300.0000,65.1250,65.1163,13882.44,0.792727,92.163153
518.600,92.4623,300.0000,65.1875,65.1163,13881.57,0.792578,92.163153
518.700,92.4623,300.0000,65.0625,65.1164,13880.75,0.792438,92.163153
518.800,92.4623,300.0000,65.1250,65.1165,13879.99,0.792308,92.163153
518.900,92.4623,300.0000,65.0625,65.1166,13879.28,0.792187,92.163153
519.000,92.4692,300.0000,65.1875,65.1167,13878.69,0.792085,92.169957
519.100,92.4692,300.0000,65.1875,65.1168,13878.14,0.791990,92.169957
519.200,92.4692,300.0000,65.1875,65.1169,13877.62,0.791901,92.169957
519.300,92.4692,300.0000,65.1250,65.1170,13877.14,0.791819,92.169957
519.400,92.4692,300.0000,65.1250,65.1171,13876.68,0.791741,92.169957
519.500,92.4692,300.0000,65.1250,65.1172,13876.26,0.791669,92.169957
519.600,92.4692,300.0000,65.1250,65.1173,13875.87,0.791602,92.169957
519.700,92.4692,300.0000,65.1875,65.1174,13875.50,0.791539,92.169957
519.800,92.4692,300.0000,65.1250,65.1175,13875.16,0.791481,92.169957
519.900,92.4692,300.0000,65.1250,65.1177,13874.84,0.791426,92.169957
520.000,92.7820,300.0000,65.1250,65.1178,13877.67,0.791911,92.183565
520.100,92.7820,300.0000,65.1250,65.1178,13880.31,0.792363,92.183565
520.200,92.7820,300.0000,65.1250,65.1179,13882.78,0.792785,92.183565
520.300,92.7820,300.0000,65.0625,65.1179,13885.08,0.793179,92.183565
520.400,92.7820,300.0000,65.0625,65.1179,13887.23,0.793547,92.183565
520.500,92.7820,300.0000,65.1875,65.1179,13889.23,0.793891,92.183565
520.600,92.7820,300.0000,65.1250,65.1179,13891.10,0.794212,92.183565
520.700,92.7820,300.0000,65.1250,65.1179,13892.85,0.794511,92.183565
520.800,92.7820,300.0000,65.0625,65.1179,13894.48,0.794791,92.183565
520.900,92.7820,300.0000,65.0625,65.1178,13896.00,0.795052,92.183565
521.000,92.4896,300.0000,65.1250,65.1178,13894.50,0.794794,92.190369
521.100,92.4896,300.0000,65.1250,65.1177,13893.09,0.794553,92.190369
521.200,92.4896,300.0000,65.1250,65.1177,13891.78,0.794328,92.190369
521.300,92.4896,300.0000,65.1250,65.1177,13890.56,0.794118,92.190369
521.400,92.4896,300.0000,65.1250,65.1177,13889.42,0.793923,92.190369
521.500,92.4896,300.0000,65.1875,65.1177,13888.35,0.793740,92.190369
521.600,92.4896,300.0000,65.0625,65.1177,13887.36,0.793570,92.190369
521.700,92.4896,300.0000,65.0625,65.1178,13886.43,0.793410,92.190369
521.800,92.4896,300.0000,65.0625,65.1178,13885.56,0.793262,92.190369
521.900,92.4896,300.0000,65.1875,65.1178,13884.75,0.793123,92.190369
522.000,93.1084,300.0000,65.1250,65.1178,13890.19,0.794055,92.210782
522.100,93.1084,300.0000,65.1250,65.1178,13895.26,0.794925,92.210782
522.200,93.1084,300.0000,65.1250,65.1177,13899.99,0.795737,92.210782
522.300,93.1084,300.0000,65.1250,65.1176,13904.41,0.796496,92.210782
522.400,93.1084,300.0000,65.1875,65.1174,13908.53,0.797205,92.210782
522.500,93.1084,300.0000,65.1250,65.1172,13912.38,0.797867,92.210782
522.600,93.1084,300.0000,65.0625,65.1170,13915.97,0.798485,92.210782
522.700,93.1084,300.0000,65.1250,65.1168,13919.32,0.799062,92.210782
522.800,93.1084,300.0000,65.0625,65.1165,13922.45,0.799601,92.210782
522.900,93.1084,300.0000,65.0000,65.1162,13925.37,0.800105,92.210782
523.000,92.2108,300.0000,65.2500,65.1160,13919.12,0.799028,92.210782
523.100,92.2108,300.0000,65.1250,65.1158,13913.29,0.798023,92.210782
523.200,92.2108,300.0000,65.0625,65.1156,13907.84,0.797087,92.210782
523.300,92.2108,300.0000,65.1250,65.1155,13902.76,0.796213,92.210782
523.400,92.2108,300.0000,65.1250,65.1154,13898.02,0.795399,92.210782
523.500,92.2108,300.0000,65.1250,65.1154,13893.59,0.794639,92.210782
523.600,92.2108,300.0000,65.1250,65.1154,13889.46,0.793930,92.210782
523.700,92.2108,300.0000,65.1250,65.1155,13885.60,0.793269,92.210782
523.800,92.2108,300.0000,65.0625,65.1155,13882.01,0.792653,92.210782
523.900,92.2108,300.0000,65.1250,65.1156,13878.65,0.792077,92.210782
524.000,92.8228,300.0000,65.1250,65.1157,13881.63,0.792588,92.224390
524.100,92.8228,300.0000,65.0625,65.1157,13884.42,0.793066,92.224390
524.200,92.8228,300.0000,65.1250,65.1158,13887.02,0.793511,92.224390
524.300,92.8228,300.0000,65.1250,65.1158,13889.44,0.793927,92.224390
524.400,92.8228,300.0000,65.1250,65.1158,13891.71,0.794316,92.224390
524.500,92.8228,300.0000,65.1875,65.1157,13893.82,0.794678,92.224390
524.600,92.8228,300.0000,65.1875,65.1157,13895.80,0.795017,92.224390
524.700,92.8228,300.0000,65.0625,65.1156,13897.64,0.795333,92.224390
524.800,92.8228,300.0000,65.1250,65.1155,13899.36,0.795628,92.224390
524.900,92.8228,300.0000,65.0625,65.1154,13900.96,0.795904,92.224390
525.000,92.5304,300.0000,65.1875,65.1154,13899.53,0.795659,92.231195
525.100,92.5304,300.0000,65.0625,65.1153,13898.20,0.795430,92.231195
525.200,92.5304,300.0000,65.1250,65.1152,13896.96,0.795217,92.231195
525.300,92.5304,300.0000,65.1250,65.1152,13895.80,0.795018,92.231195
525.400,92.5304,300.0000,65.1875,65.1152,13894.72,0.794832,92.231195
525.500,92.5304,300.0000,65.1875,65.1151,13893.71,0.794658,92.231195
525.600,92.5304,300.0000,65.0625,65.1151,13892.76,0.794497,92.231195
525.700,92.5304,300.0000,65.1875,65.1151,13891.88,0.794346,92.231195
525.800,92.5304,300.0000,65.1250,65.1151,13891.06,0.794205,92.231195
525.900,92.5304,300.0000,65.1875,65.1151,13890.29,0.794073,92.231195
526.000,93.1492,300.0000,65.1250,65.1150,13895.77,0.795012,92.251607
526.100,93.1492,300.0000,65.1250,65.1150,13900.87,0.795889,92.251607
526.200,93.1492,300.0000,65.1250,65.1148,13905.64,0.796708,92.251607
526.300,93.1492,300.0000,65.1875,65.1147,13910.09,0.797473,92.251607
526.400,93.1492,300.0000,65.0625,65.1145,13914.24,0.798187,92.251607
526.500,93.1492,300.0000,65.1250,65.1142,13918.12,0.798855,92.251607
526.600,93.1492,300.0000,65.1875,65.1140,13921.74,0.799478,92.251607
526.700,93.1492,300.0000,65.1250,65.1137,13925.11,0.800059,92.251607
526.800,93.1492,300.0000,65.0625,65.1134,13928.26,0.800603,92.251607
526.900,93.1492,300.0000,65.0625,65.1130,13931.20,0.801110,92.251607
527.000,92.5576,300.0000,65.1250,65.1127,13928.03,0.800563,92.258412
527.100,92.5576,300.0000,65.1250,65.1124,13925.07,0.800053,92.258412
527.200,92.5576,300.0000,65.1875,65.1122,13922.31,0.799577,92.258412
527.300,92.5576,300.0000,65.1875,65.1119,13919.73,0.799133,92.258412
527.400,92.5576,300.0000,65.1250,65.1117,13917.33,0.798718,92.258412
527.500,92.5576,300.0000,65.1875,65.1115,13915.08,0.798332,92.258412
527.600,92.5576,300.0000,65.0625,65.1113,13912.99,0.797971,92.258412
527.700,92.5576,300.0000,65.0625,65.1112,13911.03,0.797635,92.258412
527.800,92.5576,300.0000,65.0625,65.1110,13909.20,0.797321,92.258412
527.900,92.5576,300.0000,65.1250,65.1109,13907.50,0.797028,92.258412
528.000,92.8704,300.0000,65.0625,65.1108,13909.04,0.797292,92.272020
528.100,92.8704,300.0000,65.1250,65.1106,13910.47,0.797539,92.272020
528.200,92.8704,300.0000,65.1875,65.1104,13911.81,0.797769,92.272020
528.300,92.8704,300.0000,65.1250,65.1102,13913.06,0.797984,92.272020
528.400,92.8704,300.0000,65.1250,65.1101,13914.23,0.798185,92.272020
528.500,92.8704,300.0000,65.1250,65.1099,13915.32,0.798372,92.272020
528.600,92.8704,300.0000,65.1250,65.1097,13916.33,0.798547,92.272020
528.700,92.8704,300.0000,65.0625,65.1094,13917.28,0.798711,92.272020
528.800,92.8704,300.0000,65.1875,65.1092,13918.17,0.798863,92.272020
528.900,92.8704,300.0000,65.1250,65.1090,13918.99,0.799005,92.272020
529.000,92.8840,300.0000,65.0625,65.1088,13919.90,0.799162,92.285628
529.100,92.8840,300.0000,65.1250,65.1085,13920.75,0.799307,92.285628
529.200,92.8840,300.0000,65.1875,65.1083,13921.54,0.799444,92.285628
529.300,92.8840,300.0000,65.0625,65.1080,13922.28,0.799571,92.285628
529.400,92.8840,300.0000,65.1875,65.1078,13922.96,0.799689,92.285628
529.500,92.8840,300.0000,65.1250,65.1075,13923.61,0.799800,92.285628
529.600,92.8840,300.0000,65.0625,65.1072,13924.21,0.799903,92.285628
529.700,92.8840,300.0000,65.1250,65.1070,13924.77,0.800000,92.285628
529.800,92.8840,300.0000,65.0625,65.1067,13925.29,0.800090,92.285628
529.900,92.8840,300.0000,65.0625,65.1064,13925.78,0.800174,92.285628
530.000,92.5916,300.0000,65.0625,65.1062,13923.31,0.799749,92.292433
530.100,92.5916,300.0000,65.0625,65.1059,13921.00,0.799352,92.292433
530.200,92.5916,300.0000,65.1250,65.1057,13918.85,0.798981,92.292433
530.300,92.5916,300.0000,65.0000,65.1055,13916.85,0.798636,92.292433
530.400,92.5916,300.0000,65.0625,65.1053,13914.97,0.798313,92.292433
530.500,92.5916,300.0000,65.0625,65.1052,13913.22,0.798012,92.292433
530.600,92.5916,300.0000,65.1875,65.1050,13911.59,0.797731,92.292433
530.700,92.5916,300.0000,65.1250,65.1049,13910.07,0.797469,92.292433
530.800,92.5916,300.0000,65.1250,65.1047,13908.65,0.797225,92.292433
530.900,92.5916,300.0000,65.1250,65.1046,13907.32,0.796997,92.292433
531.000,92.9044,300.0000,65.0625,65.1045,13909.21,0.797322,92.306041
531.100,92.9044,300.0000,65.1250,65.1043,13910.97,0.797625,92.306041
531.200,92.9044,300.0000,65.1875,65.1042,13912.62,0.797908,92.306041
531.300,92.9044,300.0000,65.1250,65.1040,13914.16,0.798173,92.306041
531.400,92.9044,300.0000,65.1250,65.1038,13915.59,0.798419,92.306041
531.500,92.9044,300.0000,65.0625,65.1036,13916.93,0.798650,92.306041
531.600,92.9044,300.0000,65.1250,65.1034,13918.18,0.798865,92.306041
531.700,92.9044,300.0000,65.1250,65.1032,13919.34,0.799066,92.306041
531.800,92.9044,300.0000,65.0625,65.1030,13920.43,0.799253,92.306041
531.900,92.9044,300.0000,65.1250,65.1027,13921.45,0.799428,92.306041
532.000,92.9180,300.0000,65.0625,65.1025,13922.53,0.799615,92.319650
532.100,92.9180,300.0000,65.0625,65.1023,13923.54,0.799789,92.319650
532.200,92.9180,300.0000,65.0625,65.1020,13924.49,0.799952,92.319650
532.300,92.9180,300.0000,65.1250,65.1017,13925.37,0.800104,92.319650
532.400,92.9180,300.0000,65.1250,65.1015,13926.19,0.800245,92.319650
532.500,92.9180,300.0000,65.0625,65.1012,13926.96,0.800378,92.319650
532.600,92.9180,300.0000,65.1250,65.1009,13927.67,0.800501,92.319650
532.700,92.9180,300.0000,65.1875,65.1006,13928.34,0.800617,92.319650
532.800,92.9180,300.0000,65.1875,65.1003,13928.97,0.800724,92.319650
532.900,92.9180,300.0000,65.1250,65.1000,13929.55,0.800825,92.319650
533.000,92.9316,300.0000,65.0625,65.0997,13930.23,0.800942,92.333258
533.100,92.9316,300.0000,65.0000,65.0994,13930.86,0.801051,92.333258
533.200,92.9316,300.0000,65.1250,65.0991,13931.46,0.801154,92.333258
533.300,92.9316,300.0000,65.1250,65.0988,13932.01,0.801249,92.333258
533.400,92.9316,300.0000,65.0000,65.0985,13932.53,0.801338,92.333258
533.500,92.9316,300.0000,65.0000,65.0982,13933.01,0.801421,92.333258
533.600,92.9316,300.0000,65.0000,65.0979,13933.46,0.801499,92.333258
533.700,92.9316,300.0000,65.1250,65.0975,13933.88,0.801571,92.333258
533.800,92.9316,300.0000,65.0625,65.0972,13934.27,0.801639,92.333258
533.900,92.9316,300.0000,65.1250,65.0969,13934.63,0.801702,92.333258
534.000,92.9453,300.0000,65.1250,65.0966,13935.11,0.801784,92.346866
534.100,92.9453,300.0000,65.1875,65.0962,13935.55,0.801861,92.346866
534.200,92.9453,300.0000,65.1250,65.0959,13935.97,0.801933,92.346866
534.300,92.9453,300.0000,65.1250,65.0955,13936.36,0.802000,92.346866
534.400,92.9453,300.0000,65.0625,65.0952,13936.72,0.802062,92.346866
534.500,92.9453,300.0000,65.1250,65.0949,13937.06,0.802120,92.346866
534.600,92.9453,300.0000,65.1250,65.0945,13937.37,0.802175,92.346866
534.700,92.9453,300.0000,65.1250,65.0942,13937.67,0.802226,92.346866
534.800,92.9453,300.0000,65.1250,65.0938,13937.94,0.802273,92.346866
534.900,92.9453,300.0000,65.1250,65.0935,13938.20,0.802317,92.346866
535.000,92.9589,300.0000,65.1250,65.0931,13938.57,0.802382,92.360475
535.100,92.9589,300.0000,65.1250,65.0928,13938.92,0.802443,92.360475
535.200,92.9589,300.0000,65.1875,65.0924,13939.25,0.802499,92.360475
535.300,92.9589,300.0000,65.0625,65.0920,13939.56,0.802552,92.360475
535.400,92.9589,300.0000,65.1250,65.0917,13939.84,0.802601,92.360475
535.500,92.9589,300.0000,65.0625,65.0913,13940.11,0.802647,92.360475
535.600,92.9589,300.0000,65.1250,65.0909,13940.36,0.802690,92.360475
535.700,92.9589,300.0000,65.1250,65.0906,13940.59,0.802730,92.360475
535.800,92.9589,300.0000,65.1250,65.0902,13940.80,0.802767,92.360475
535.900,92.9589,300.0000,65.1250,65.0899,13941.01,0.802802,92.360475
536.000,92.9725,300.0000,65.0625,65.0895,13941.33,0.802858,92.374083
536.100,92.9725,300.0000,65.0625,65.0891,13941.63,0.802910,92.374083
536.200,92.9725,300.0000,65.1250,65.0887,13941.91,0.802959,92.374083
536.300,92.9725,300.0000,65.1250,65.0884,13942.18,0.803005,92.374083
536.400,92.9725,300.0000,65.0625,65.0880,13942.42,0.803047,92.374083
536.500,92.9725,300.0000,65.0625,65.0876,13942.65,0.803087,92.374083
536.600,92.9725,300.0000,65.1250,65.0872,13942.87,0.803124,92.374083
536.700,92.9725,300.0000,65.1250,65.0869,13943.07,0.803159,92.374083
536.800,92.9725,300.0000,65.1250,65.0865,13943.26,0.803191,92.374083
536.900,92.9725,300.0000,65.0625,65.0861,13943.43,0.803221,92.374083
537.000,92.6801,300.0000,65.0625,65.0858,13940.67,0.802744,92.380888
537.100,92.6801,300.0000,65.0625,65.0854,13938.09,0.802299,92.380888
537.200,92.6801,300.0000,65.1875,65.0851,13935.69,0.801884,92.380888
537.300,92.6801,300.0000,65.0000,65.0848,13933.44,0.801496,92.380888
537.400,92.6801,300.0000,65.1250,65.0845,13931.35,0.801135,92.380888
537.500,92.6801,300.0000,65.0625,65.0843,13929.39,0.800797,92.380888
537.600,92.6801,300.0000,65.0625,65.0841,13927.57,0.800483,92.380888
537.700,92.6801,300.0000,65.0625,65.0838,13925.86,0.800189,92.380888
537.800,92.6801,300.0000,65.1250,65.0836,13924.27,0.799915,92.380888
537.900,92.6801,300.0000,65.0625,65.0834,13922.79,0.799659,92.380888
538.000,92.6869,300.0000,65.1250,65.0832,13921.47,0.799432,92.387692
538.100,92.6869,300.0000,65.0625,65.0830,13920.24,0.799220,92.387692
538.200,92.6869,300.0000,65.0625,65.0829,13919.09,0.799023,92.387692
538.300,92.6869,300.0000,65.0000,65.0827,13918.02,0.798838,92.387692
538.400,92.6869,300.0000,65.0000,65.0826,13917.02,0.798666,92.387692
538.500,92.6869,300.0000,65.1250,65.0824,13916.09,0.798506,92.387692
538.600,92.6869,300.0000,65.1250,65.0823,13915.22,0.798356,92.387692
538.700,92.6869,300.0000,65.0000,65.0822,13914.41,0.798216,92.387692
538.800,92.6869,300.0000,65.0625,65.0820,13913.65,0.798086,92.387692
538.900,92.6869,300.0000,65.0625,65.0819,13912.94,0.797964,92.387692
539.000,92.6937,300.0000,65.1250,65.0818,13912.35,0.797862,92.394496
539.100,92.6937,300.0000,65.1250,65.0817,13911.80,0.797767,92.394496
539.200,92.6937,300.0000,65.0625,65.0816,13911.28,0.797678,92.394496
539.300,92.6937,300.0000,65.1250,65.0815,13910.80,0.797595,92.394496
539.400,92.6937,300.0000,65.1250,65.0814,13910.35,0.797518,92.394496
539.500,92.6937,300.0000,65.1250,65.0813,13909.93,0.797445,92.394496
539.600,92.6937,300.0000,65.1250,65.0812,13909.54,0.797378,92.394496
539.700,92.6937,300.0000,65.1250,65.0812,13909.17,0.797315,92.394496
539.800,92.6937,300.0000,65.1250,65.0811,13908.83,0.797257,92.394496
539.900,92.6937,300.0000,65.0625,65.0810,13908.51,0.797202,92.394496
540.000,92.7005,300.0000,65.1250,65.0809,13908.28,0.797162,92.401300
540.100,92.7005,300.0000,65.1250,65.0809,13908.07,0.797126,92.401300
540.200,92.7005,300.0000,65.1250,65.0808,13907.87,0.797091,92.401300
540.300,92.7005,300.0000,65.1250,65.0807,13907.68,0.797059,92.401300
540.400,92.7005,300.0000,65.0625,65.0807,13907.51,0.797029,92.401300
540.500,92.7005,300.0000,65.1250,65.0806,13907.35,0.797001,92.401300
540.600,92.7005,300.0000,65.0625,65.0805,13907.20,0.796975,92.401300
540.700,92.7005,300.0000,65.0000,65.0805,13907.05,0.796951,92.401300
540.800,92.7005,300.0000,65.0625,65.0804,13906.92,0.796928,92.401300
540.900,92.7005,300.0000,65.1250,65.0803,13906.80,0.796907,92.401300
541.000,93.0133,300.0000,65.0625,65.0803,13909.81,0.797425,92.414909
541.100,93.0133,300.0000,65.1875,65.0801,13912.62,0.797909,92.414909
541.200,93.0133,300.0000,65.1250,65.0800,13915.25,0.798361,92.414909
541.300,93.0133,300.0000,65.0625,65.0799,13917.70,0.798782,92.414909
541.400,93.0133,300.0000,65.0625,65.0797,13919.98,0.799176,92.414909
541.500,93.0133,300.0000,65.0625,65.0795,13922.12,0.799544,92.414909
541.600,93.0133,300.0000,65.0000,65.0793,13924.11,0.799887,92.414909
541.700,93.0133,300.0000,65.0625,65.0791,13925.97,0.800207,92.414909
541.800,93.0133,300.0000,65.0000,65.0789,13927.70,0.800507,92.414909
541.900,93.0133,300.0000,65.0625,65.0786,13929.32,0.800786,92.414909
542.000,92.7209,300.0000,65.1875,65.0784,13927.91,0.800542,92.421713
542.100,92.7209,300.0000,65.0625,65.0782,13926.59,0.800315,92.421713
542.200,92.7209,300.0000,65.0625,65.0780,13925.36,0.800103,92.421713
542.300,92.7209,300.0000,65.1250,65.0778,13924.21,0.799905,92.421713
542.400,92.7209,300.0000,65.1250,65.0776,13923.14,0.799720,92.421713
542.500,92.7209,300.0000,65.0625,65.0774,13922.14,0.799548,92.421713
542.600,92.7209,300.0000,65.0000,65.0772,13921.21,0.799387,92.421713
542.700,92.7209,300.0000,65.1875,65.0770,13920.34,0.799237,92.421713
542.800,92.7209,300.0000,65.0625,65.0769,13919.52,0.799097,92.421713
542.900,92.7209,300.0000,65.0625,65.0767,13918.76,0.798966,92.421713
543.000,92.7277,300.0000,65.1250,65.0766,13918.12,0.798856,92.428517
543.100,92.7277,300.0000,65.0625,65.0764,13917.53,0.798753,92.428517
543.200,92.7277,300.0000,65.0625,65.0763,13916.97,0.798657,92.428517
543.300,92.7277,300.0000,65.0000,65.0762,13916.45,0.798567,92.428517
543.400,92.7277,300.0000,65.1875,65.0761,13915.96,0.798483,92.428517
543.500,92.7277,300.0000,65.0000,65.0759,13915.51,0.798405,92.428517
543.600,92.7277,300.0000,65.1250,65.0758,13915.08,0.798332,92.428517
543.700,92.7277,300.0000,65.0625,65.0757,13914.69,0.798264,92.428517
543.800,92.7277,300.0000,65.1875,65.0756,13914.32,0.798201,92.428517
543.900,92.7277,300.0000,65.0625,65.0755,13913.98,0.798142,92.428517
544.000,92.7345,300.0000,65.0000,65.0754,13913.72,0.798098,92.435321
544.100,92.7345,300.0000,65.0625,65.0753,13913.49,0.798057,92.435321
544.200,92.7345,300.0000,65.0625,65.0752,13913.27,0.798019,92.435321
544.300,92.7345,300.0000,65.1250,65.0751,13913.06,0.797984,92.435321
544.400,92.7345,300.0000,65.0625,65.0750,13912.87,0.797951,92.435321
544.500,92.7345,300.0000,65.0625,65.0749,13912.69,0.797920,92.435321
544.600,92.7345,300.0000,65.0625,65.0748,13912.52,0.797891,92.435321
544.700,92.7345,300.0000,65.0625,65.0747,13912.36,0.797864,92.435321
544.800,92.7345,300.0000,65.0625,65.0746,13912.22,0.797839,92.435321
544.900,92.7345,300.0000,65.0625,65.0745,13912.08,0.797816,92.435321
545.000,92.7413,300.0000,65.0000,65.0744,13912.02,0.797806,92.442126
545.100,92.7413,300.0000,65.0000,65.0743,13911.97,0.797796,92.442126
545.200,92.7413,300.0000,65.0625,65.0742,13911.92,0.797787,92.442126
545.300,92.7413,300.0000,65.0625,65.0741,13911.87,0.797779,92.442126
545.400,92.7413,300.0000,65.0625,65.0740,13911.82,0.797771,92.442126
545.500,92.7413,300.0000,65.0625,65.0740,13911.78,0.797764,92.442126
545.600,92.7413,300.0000,65.1250,65.0739,13911.74,0.797758,92.442126
545.700,92.7413,300.0000,65.1250,65.0738,13911.71,0.797751,92.442126
545.800,92.7413,300.0000,65.1250,65.0737,13911.67,0.797745,92.442126
545.900,92.7413,300.0000,65.1875,65.0736,13911.64,0.797740,92.442126
546.000,93.3601,300.0000,65.1250,65.0735,13917.80,0.798800,92.462538
546.100,93.3601,300.0000,65.1250,65.0733,13923.55,0.799790,92.462538
546.200,93.3601,300.0000,65.0625,65.0731,13928.91,0.800715,92.462538
546.300,93.3601,300.0000,65.0625,65.0728,13933.92,0.801579,92.462538
546.400,93.3601,300.0000,65.1250,65.0725,13938.59,0.802385,92.462538
546.500,93.3601,300.0000,65.0000,65.0721,13942.95,0.803139,92.462538
546.600,93.3601,300.0000,65.1250,65.0718,13947.03,0.803843,92.462538
546.700,93.3601,300.0000,65.0625,65.0714,13950.83,0.804500,92.462538
546.800,93.3601,300.0000,65.1250,65.0709,13954.37,0.805113,92.462538
546.900,93.3601,300.0000,65.1250,65.0705,13957.68,0.805686,92.462538
547.000,93.0745,300.0000,65.1250,65.0700,13957.91,0.805727,92.476147
547.100,93.0745,300.0000,65.1250,65.0695,13958.13,0.805765,92.476147
547.200,93.0745,300.0000,65.0625,65.0691,13958.34,0.805800,92.476147
547.300,93.0745,300.0000,65.1250,65.0686,13958.53,0.805833,92.476147
547.400,93.0745,300.0000,65.0625,65.0681,13958.70,0.805863,92.476147
547.500,93.0745,300.0000,65.0000,65.0677,13958.87,0.805892,92.476147
547.600,93.0745,300.0000,65.0625,65.0672,13959.02,0.805919,92.476147
547.700,93.0745,300.0000,65.1250,65.0667,13959.17,0.805944,92.476147
547.800,93.0745,300.0000,65.0625,65.0663,13959.30,0.805967,92.476147
547.900,93.0745,300.0000,65.1875,65.0658,13959.43,0.805988,92.476147
548.000,93.3941,300.0000,65.0625,65.0653,13962.74,0.806562,92.496559
548.100,93.3941,300.0000,65.0625,65.0648,13965.83,0.807098,92.496559
548.200,93.3941,300.0000,65.1875,65.0643,13968.72,0.807599,92.496559
548.300,93.3941,300.0000,65.1250,65.0637,13971.41,0.808066,92.496559
548.400,93.3941,300.0000,65.1250,65.0631,13973.92,0.808503,92.496559
548.500,93.3941,300.0000,65.0625,65.0625,13976.27,0.808910,92.496559
548.600,93.3941,300.0000,65.0625,65.0619,13978.46,0.809290,92.496559
548.700,93.3941,300.0000,65.1875,65.0613,13980.51,0.809645,92.496559
548.800,93.3941,300.0000,65.0000,65.0606,13982.41,0.809977,92.496559
548.900,93.3941,300.0000,65.0000,65.0600,13984.19,0.810286,92.496559
549.000,92.4966,300.0000,65.0000,65.0594,13976.88,0.809016,92.496559
549.100,92.4966,300.0000,65.0625,65.0588,13970.05,0.807831,92.496559
549.200,92.4966,300.0000,65.0625,65.0584,13963.68,0.806726,92.496559
549.300,92.4966,300.0000,65.0625,65.0579,13957.74,0.805696,92.496559
549.400,92.4966,300.0000,65.0625,65.0575,13952.19,0.804735,92.496559
549.500,92.4966,300.0000,65.0625,65.0572,13947.01,0.803839,92.496559
549.600,92.4966,300.0000,65.1875,65.0569,13942.17,0.803003,92.496559
549.700,92.4966,300.0000,65.1250,65.0566,13937.66,0.802224,92.496559
549.800,92.4966,300.0000,65.0625,65.0564,13933.45,0.801497,92.496559
549.900,92.4966,300.0000,65.1250,65.0562,13929.52,0.800819,92.496559
550.000,93.1086,300.0000,65.0625,65.0560,13931.97,0.801242,92.510168
550.100,93.1086,300.0000,65.0625,65.0557,13934.25,0.801636,92.510168
550.200,93.1086,300.0000,65.0625,65.0555,13936.39,0.802005,92.510168
550.300,93.1086,300.0000,65.1250,65.0552,13938.38,0.802349,92.510168
550.400,93.1086,300.0000,65.1250,65.0549,13940.24,0.802670,92.510168
550.500,93.1086,300.0000,65.1250,65.0546,13941.98,0.802970,92.510168
550.600,93.1086,300.0000,65.0625,65.0543,13943.60,0.803250,92.510168
550.700,93.1086,300.0000,65.0625,65.0540,13945.11,0.803512,92.510168
550.800,93.1086,300.0000,65.1250,65.0537,13946.52,0.803756,92.510168
550.900,93.1086,300.0000,65.0625,65.0533,13947.84,0.803983,92.510168
551.000,92.8162,300.0000,65.0000,65.0530,13946.15,0.803691,92.516972
551.100,92.8162,300.0000,65.1250,65.0527,13944.56,0.803417,92.516972
551.200,92.8162,300.0000,65.1250,65.0524,13943.09,0.803162,92.516972
551.300,92.8162,300.0000,65.0625,65.0521,13941.71,0.802924,92.516972
551.400,92.8162,300.0000,65.0000,65.0518,13940.43,0.802702,92.516972
551.500,92.8162,300.0000,65.0625,65.0516,13939.23,0.802495,92.516972
551.600,92.8162,300.0000,65.0625,65.0513,13938.11,0.802301,92.516972
551.700,92.8162,300.0000,65.0625,65.0511,13937.06,0.802121,92.516972
551.800,92.8162,300.0000,65.0625,65.0508,13936.08,0.801952,92.516972
551.900,92.8162,300.0000,65.0000,65.0506,13935.17,0.801795,92.516972
552.000,92.5170,300.0000,65.0625,65.0504,13931.33,0.801132,92.516972
552.100,92.5170,300.0000,65.0625,65.0502,13927.75,0.800514,92.516972
552.200,92.5170,300.0000,65.0000,65.0501,13924.40,0.799937,92.516972
552.300,92.5170,300.0000,65.1250,65.0500,13921.28,0.799399,92.516972
552.400,92.5170,300.0000,65.0625,65.0499,13918.36,0.798896,92.516972
552.500,92.5170,300.0000,65.1250,65.0498,13915.64,0.798428,92.516972
552.600,92.5170,300.0000,65.0625,65.0498,13913.10,0.797991,92.516972
552.700,92.5170,300.0000,65.0625,65.0498,13910.73,0.797583,92.516972
552.800,92.5170,300.0000,65.0625,65.0498,13908.52,0.797203,92.516972
552.900,92.5170,300.0000,65.0000,65.0498,13906.45,0.796848,92.516972
553.000,92.5170,300.0000,65.0625,65.0498,13904.53,0.796516,92.516972
553.100,92.5170,300.0000,65.0000,65.0498,13902.73,0.796207,92.516972
553.200,92.5170,300.0000,65.0625,65.0499,13901.05,0.795919,92.516972
553.300,92.5170,300.0000,65.0000,65.0500,13899.48,0.795650,92.516972
553.400,92.5170,300.0000,65.0625,65.0500,13898.02,0.795399,92.516972
553.500,92.5170,300.0000,65.1250,65.0501,13896.65,0.795164,92.516972
553.600,92.5170,300.0000,65.0625,65.0502,13895.38,0.794946,92.516972
553.700,92.5170,300.0000,65.0625,65.0503,13894.19,0.794742,92.516972
553.800,92.5170,300.0000,65.0625,65.0505,13893.08,0.794551,92.516972
553.900,92.5170,300.0000,65.0625,65.0506,13892.05,0.794374,92.516972
554.000,92.8230,300.0000,65.1250,65.0507,13894.14,0.794733,92.523776
554.100,92.8230,300.0000,65.0625,65.0508,13896.09,0.795068,92.523776
554.200,92.8230,300.0000,65.0000,65.0509,13897.92,0.795381,92.523776
554.300,92.8230,300.0000,65.0625,65.0509,13899.62,0.795673,92.523776
554.400,92.8230,300.0000,65.0625,65.0510,13901.21,0.795946,92.523776
554.500,92.8230,300.0000,65.1250,65.0510,13902.69,0.796201,92.523776
554.600,92.8230,300.0000,65.0000,65.0511,13904.07,0.796439,92.523776
554.700,92.8230,300.0000,65.0625,65.0511,13905.36,0.796661,92.523776
554.800,92.8230,300.0000,65.0625,65.0511,13906.57,0.796868,92.523776
554.900,92.8230,300.0000,65.0000,65.0511,13907.70,0.797061,92.523776
555.000,92.5238,300.0000,65.0625,65.0511,13905.75,0.796727,92.523776
555.100,92.5238,300.0000,65.0000,65.0511,13903.94,0.796416,92.523776
555.200,92.5238,300.0000,65.0625,65.0512,13902.25,0.796125,92.523776
555.300,92.5238,300.0000,65.0625,65.0512,13900.67,0.795854,92.523776
555.400,92.5238,300.0000,65.0625,65.0513,13899.20,0.795601,92.523776
555.500,92.5238,300.0000,65.0625,65.0514,13897.82,0.795365,92.523776
555.600,92.5238,300.0000,64.9375,65.0514,13896.54,0.795144,92.523776
555.700,92.5238,300.0000,65.0625,65.0515,13895.34,0.794939,92.523776
555.800,92.5238,300.0000,65.1250,65.0517,13894.22,0.794747,92.523776
555.900,92.5238,300.0000,65.1250,65.0518,13893.18,0.794568,92.523776
556.000,93.1358,300.0000,65.1250,65.0518,13898.32,0.795451,92.537385
556.100,93.1358,300.0000,65.1250,65.0519,13903.13,0.796276,92.537385
556.200,93.1358,300.0000,65.0625,65.0519,13907.61,0.797046,92.537385
556.300,93.1358,300.0000,64.9375,65.0518,13911.79,0.797766,92.537385
556.400,93.1358,300.0000,65.0625,65.0518,13915.70,0.798438,92.537385
556.500,93.1358,300.0000,65.1250,65.0517,13919.34,0.799065,92.537385
556.600,93.1358,300.0000,65.1875,65.0515,13922.74,0.799651,92.537385
556.700,93.1358,300.0000,65.0625,65.0514,13925.92,0.800199,92.537385
556.800,93.1358,300.0000,64.9375,65.0512,13928.88,0.800710,92.537385
556.900,93.1358,300.0000,65.1250,65.0510,13931.65,0.801187,92.537385
557.000,93.1494,300.0000,65.0625,65.0508,13934.36,0.801655,92.550993
557.100,93.1494,300.0000,65.0000,65.0505,13936.90,0.802093,92.550993
557.200,93.1494,300.0000,65.0000,65.0503,13939.27,0.802502,92.550993
557.300,93.1494,300.0000,65.0625,65.0500,13941.48,0.802884,92.550993
557.400,93.1494,300.0000,65.0625,65.0497,13943.54,0.803240,92.550993
557.500,93.1494,300.0000,65.0625,65.0494,13945.46,0.803573,92.550993
557.600,93.1494,300.0000,65.0625,65.0490,13947.26,0.803883,92.550993
557.700,93.1494,300.0000,65.0625,65.0487,13948.94,0.804173,92.550993
557.800,93.1494,300.0000,65.0625,65.0484,13950.50,0.804444,92.550993
557.900,93.1494,300.0000,65.0625,65.0480,13951.96,0.804696,92.550993
558.000,92.8570,300.0000,65.0625,65.0476,13950.40,0.804426,92.557797
558.100,92.8570,300.0000,65.1250,65.0473,13948.94,0.804174,92.557797
558.200,92.8570,300.0000,65.1875,65.0470,13947.58,0.803939,92.557797
558.300,92.8570,300.0000,65.1250,65.0467,13946.32,0.803720,92.557797
558.400,92.8570,300.0000,64.9375,65.0464,13945.13,0.803515,92.557797
558.500,92.8570,300.0000,65.0000,65.0461,13944.03,0.803324,92.557797
558.600,92.8570,300.0000,65.1250,65.0458,13942.99,0.803146,92.557797
558.700,92.8570,300.0000,65.0625,65.0455,13942.03,0.802979,92.557797
558.800,92.8570,300.0000,65.1250,65.0452,13941.13,0.802824,92.557797
558.900,92.8570,300.0000,65.0625,65.0450,13940.29,0.802679,92.557797
559.000,92.8638,300.0000,65.0625,65.0447,13939.58,0.802556,92.564601
559.100,92.8638,300.0000,65.1250,65.0445,13938.91,0.802440,92.564601
559.200,92.8638,300.0000,65.0625,65.0442,13938.29,0.802333,92.564601
559.300,92.8638,300.0000,65.1250,65.0440,13937.71,0.802232,92.564601
559.400,92.8638,300.0000,65.0625,65.0438,13937.16,0.802139,92.564601
559.500,92.8638,300.0000,65.0625,65.0435,13936.66,0.802051,92.564601
559.600,92.8638,300.0000,65.0625,65.0433,13936.19,0.801970,92.564601
559.700,92.8638,300.0000,65.1250,65.0431,13935.74,0.801894,92.564601
559.800,92.8638,300.0000,65.0625,65.0429,13935.33,0.801823,92.564601
559.900,92.8638,300.0000,65.0625,65.0427,13934.95,0.801756,92.564601
560.000,92.8706,300.0000,65.1250,65.0425,13934.66,0.801706,92.571406
560.100,92.8706,300.0000,65.0625,65.0423,13934.39,0.801659,92.571406
560.200,92.8706,300.0000,65.1250,65.0421,13934.13,0.801616,92.571406
560.300,92.8706,300.0000,65.1875,65.0419,13933.90,0.801575,92.571406
560.400,92.8706,300.0000,65.1250,65.0417,13933.68,0.801537,92.571406
560.500,92.8706,300.0000,65.0625,65.0415,13933.47,0.801501,92.571406
560.600,92.8706,300.0000,65.0000,65.0413,13933.28,0.801468,92.571406
560.700,92.8706,300.0000,65.0625,65.0411,13933.10,0.801437,92.571406
560.800,92.8706,300.0000,65.0625,65.0409,13932.93,0.801408,92.571406
560.900,92.8706,300.0000,65.0625,65.0407,13932.78,0.801381,92.571406
561.000,92.8774,300.0000,65.0000,65.0405,13932.70,0.801368,92.578210
561.100,92.8774,300.0000,65.0625,65.0403,13932.63,0.801355,92.578210
561.200,92.8774,300.0000,65.0000,65.0401,13932.56,0.801344,92.578210
561.300,92.8774,300.0000,65.0000,65.0400,13932.50,0.801333,92.578210
561.400,92.8774,300.0000,65.0625,65.0398,13932.44,0.801323,92.578210
561.500,92.8774,300.0000,65.1250,65.0396,13932.38,0.801313,92.578210
561.600,92.8774,300.0000,65.0000,65.0394,13932.33,0.801304,92.578210
561.700,92.8774,300.0000,65.0000,65.0392,13932.28,0.801296,92.578210
561.800,92.8774,300.0000,65.0625,65.0390,13932.24,0.801288,92.578210
561.900,92.8774,300.0000,65.1250,65.0389,13932.20,0.801281,92.578210
562.000,93.1902,300.0000,65.0625,65.0387,13935.28,0.801814,92.591818
562.100,93.1902,300.0000,65.0625,65.0384,13938.17,0.802312,92.591818
562.200,93.1902,300.0000,65.0625,65.0382,13940.86,0.802777,92.591818
562.300,93.1902,300.0000,65.1250,65.0379,13943.37,0.803211,92.591818
562.400,93.1902,300.0000,64.9375,65.0376,13945.71,0.803616,92.591818
562.500,93.1902,300.0000,65.0000,65.0373,13947.90,0.803994,92.591818
562.600,93.1902,300.0000,65.1250,65.0370,13949.94,0.804347,92.591818
562.700,93.1902,300.0000,65.0000,65.0367,13951.85,0.804677,92.591818
562.800,93.1902,300.0000,65.0000,65.0363,13953.63,0.804985,92.591818
562.900,93.1902,300.0000,65.0625,65.0359,13955.29,0.805272,92.591818
563.000,92.8978,300.0000,64.9375,65.0356,13953.91,0.805034,92.598623
563.100,92.8978,300.0000,65.0000,65.0352,13952.63,0.804812,92.598623
563.200,92.8978,300.0000,65.0625,65.0349,13951.43,0.804605,92.598623
563.300,92.8978,300.0000,65.0000,65.0346,13950.32,0.804412,92.598623
563.400,92.8978,300.0000,65.0000,65.0343,13949.27,0.804231,92.598623
563.500,92.8978,300.0000,65.0000,65.0340,13948.30,0.804063,92.598623
563.600,92.8978,300.0000,65.0000,65.0337,13947.39,0.803906,92.598623
563.700,92.8978,300.0000,65.1250,65.0334,13946.54,0.803759,92.598623
563.800,92.8978,300.0000,65.0625,65.0331,13945.75,0.803623,92.598623
563.900,92.8978,300.0000,65.0625,65.0329,13945.01,0.803495,92.598623
564.000,92.9046,300.0000,64.9375,65.0326,13944.39,0.803387,92.605427
564.100,92.9046,300.0000,65.0000,65.0323,13943.81,0.803287,92.605427
564.200,92.9046,300.0000,65.0625,65.0321,13943.27,0.803194,92.605427
564.300,92.9046,300.0000,65.0625,65.0318,13942.77,0.803106,92.605427
564.400,92.9046,300.0000,65.0625,65.0316,13942.29,0.803025,92.605427
564.500,92.9046,300.0000,65.0000,65.0313,13941.85,0.802949,92.605427
564.600,92.9046,300.0000,65.1250,65.0311,13941.44,0.802878,92.605427
564.700,92.9046,300.0000,65.1250,65.0309,13941.06,0.802812,92.605427
564.800,92.9046,300.0000,65.0000,65.0306,13940.70,0.802750,92.605427
564.900,92.9046,300.0000,65.0625,65.0304,13940.37,0.802692,92.605427
565.000,92.9114,300.0000,65.0625,65.0302,13940.12,0.802650,92.612231
565.100,92.9114,300.0000,65.1250,65.0299,13939.90,0.802611,92.612231
565.200,92.9114,300.0000,65.1250,65.0297,13939.69,0.802574,92.612231
565.300,92.9114,300.0000,65.0000,65.0295,13939.49,0.802540,92.612231
565.400,92.9114,300.0000,65.1250,65.0293,13939.30,0.802508,92.612231
565.500,92.9114,300.0000,65.1250,65.0291,13939.13,0.802478,92.612231
565.600,92.9114,300.0000,64.9375,65.0289,13938.97,0.802450,92.612231
565.700,92.9114,300.0000,65.0000,65.0286,13938.82,0.802424,92.612231
565.800,92.9114,300.0000,65.1250,65.0284,13938.68,0.802400,92.612231
565.900,92.9114,300.0000,65.1250,65.0282,13938.55,0.802378,92.612231
566.000,93.2242,300.0000,65.0625,65.0280,13941.55,0.802897,92.625839
566.100,93.2242,300.0000,65.0000,65.0277,13944.36,0.803382,92.625839
566.200,93.2242,300.0000,64.9375,65.0275,13946.98,0.803834,92.625839
566.300,93.2242,300.0000,65.0000,65.0272,13949.42,0.804257,92.625839
566.400,93.2242,300.0000,64.9375,65.0268,13951.70,0.804651,92.625839
566.500,93.2242,300.0000,65.0625,65.0265,13953.83,0.805020,92.625839
566.600,93.2242,300.0000,64.9375,65.0262,13955.82,0.805364,92.625839
566.700,93.2242,300.0000,65.0000,65.0258,13957.67,0.805685,92.625839
566.800,93.2242,300.0000,65.0625,65.0254,13959.40,0.805985,92.625839
566.900,93.2242,300.0000,65.0625,65.0250,13961.02,0.806264,92.625839
567.000,92.9318,300.0000,65.0625,65.0247,13959.60,0.806019,92.632644
567.100,92.9318,300.0000,64.9375,65.0243,13958.28,0.805790,92.632644
567.200,92.9318,300.0000,65.0000,65.0239,13957.05,0.805577,92.632644
567.300,92.9318,300.0000,64.9375,65.0236,13955.90,0.805377,92.632644
567.400,92.9318,300.0000,65.0000,65.0233,13954.82,0.805191,92.632644
567.500,92.9318,300.0000,65.1250,65.0230,13953.82,0.805018,92.632644
567.600,92.9318,300.0000,65.0625,65.0226,13952.88,0.804856,92.632644
567.700,92.9318,300.0000,65.0625,65.0223,13952.01,0.804704,92.632644
567.800,92.9318,300.0000,65.0625,65.0220,13951.19,0.804563,92.632644
567.900,92.9318,300.0000,64.9375,65.0217,13950.43,0.804432,92.632644
568.000,92.3266,300.0000,65.0000,65.0215,13943.67,0.803262,92.625839
568.100,92.3266,300.0000,65.1250,65.0213,13937.36,0.802172,92.625839
568.200,92.3266,300.0000,65.0625,65.0212,13931.47,0.801155,92.625839
568.300,92.3266,300.0000,65.0625,65.0211,13925.97,0.800207,92.625839
568.400,92.3266,300.0000,64.9375,65.0210,13920.84,0.799323,92.625839
568.500,92.3266,300.0000,65.0000,65.0210,13916.05,0.798498,92.625839
568.600,92.3266,300.0000,65.1250,65.0211,13911.58,0.797729,92.625839
568.700,92.3266,300.0000,65.0000,65.0211,13907.41,0.797012,92.625839
568.800,92.3266,300.0000,64.9375,65.0212,13903.51,0.796342,92.625839
568.900,92.3266,300.0000,65.0000,65.0214,13899.88,0.795718,92.625839
569.000,92.6258,300.0000,65.0000,65.0215,13899.48,0.795649,92.625839
569.100,92.6258,300.0000,65.0000,65.0216,13899.10,0.795585,92.625839
569.200,92.6258,300.0000,65.0625,65.0218,13898.76,0.795525,92.625839
569.300,92.6258,300.0000,65.0000,65.0219,13898.43,0.795469,92.625839
569.400,92.6258,300.0000,64.9375,65.0221,13898.13,0.795417,92.625839
569.500,92.6258,300.0000,65.1250,65.0222,13897.84,0.795369,92.625839
569.600,92.6258,300.0000,65.0625,65.0223,13897.58,0.795323,92.625839
569.700,92.6258,300.0000,65.0625,65.0225,13897.33,0.795281,92.625839
569.800,92.6258,300.0000,65.0000,65.0226,13897.10,0.795241,92.625839
569.900,92.6258,300.0000,65.0625,65.0228,13896.89,0.795204,92.625839
570.000,92.9318,300.0000,65.0625,65.0229,13899.75,0.795695,92.632644
570.100,92.9318,300.0000,64.9375,65.0230,13902.41,0.796154,92.632644
570.200,92.9318,300.0000,65.0625,65.0231,13904.91,0.796582,92.632644
570.300,92.9318,300.0000,65.0000,65.0232,13907.23,0.796981,92.632644
570.400,92.9318,300.0000,65.0000,65.0232,13909.40,0.797354,92.632644
570.500,92.9318,300.0000,65.0000,65.0232,13911.42,0.797703,92.632644
570.600,92.9318,300.0000,65.0625,65.0232,13913.31,0.798028,92.632644
570.700,92.9318,300.0000,65.0000,65.0232,13915.08,0.798331,92.632644
570.800,92.9318,300.0000,65.0625,65.0232,13916.73,0.798615,92.632644
570.900,92.9318,300.0000,65.0625,65.0232,13918.26,0.798879,92.632644
571.000,92.9386,300.0000,65.0000,65.0232,13919.76,0.799138,92.639448
571.100,92.9386,300.0000,64.9375,65.0231,13921.17,0.799380,92.639448
571.200,92.9386,300.0000,65.0625,65.0230,13922.48,0.799605,92.639448
571.300,92.9386,300.0000,65.0625,65.0230,13923.70,0.799816,92.639448
571.400,92.9386,300.0000,65.0625,65.0229,13924.84,0.800012,92.639448
571.500,92.9386,300.0000,65.0000,65.0228,13925.90,0.800195,92.639448
571.600,92.9386,300.0000,65.0000,65.0227,13926.89,0.800367,92.639448
571.700,92.9386,300.0000,65.0625,65.0226,13927.82,0.800526,92.639448
571.800,92.9386,300.0000,64.9375,65.0225,13928.69,0.800676,92.639448
571.900,92.9386,300.0000,65.0625,65.0224,13929.49,0.800815,92.639448
572.000,92.9454,300.0000,65.0000,65.0222,13930.31,0.800957,92.646252
572.100,92.9454,300.0000,65.0000,65.0221,13931.08,0.801089,92.646252
572.200,92.9454,300.0000,65.0000,65.0220,13931.80,0.801212,92.646252
572.300,92.9454,300.0000,65.0625,65.0218,13932.47,0.801328,92.646252
572.400,92.9454,300.0000,65.0625,65.0217,13933.09,0.801435,92.646252
572.500,92.9454,300.0000,65.0625,65.0215,13933.67,0.801536,92.646252
572.600,92.9454,300.0000,65.0625,65.0214,13934.21,0.801629,92.646252
572.700,92.9454,300.0000,65.1250,65.0212,13934.72,0.801717,92.646252
572.800,92.9454,300.0000,65.0000,65.0210,13935.19,0.801798,92.646252
572.900,92.9454,300.0000,65.0625,65.0209,13935.64,0.801875,92.646252
573.000,92.9523,300.0000,65.0625,65.0207,13936.12,0.801958,92.653056
573.100,92.9523,300.0000,65.0625,65.0205,13936.56,0.802035,92.653056
573.200,92.9523,300.0000,65.0625,65.0203,13936.98,0.802107,92.653056
573.300,92.9523,300.0000,65.0000,65.0202,13937.37,0.802175,92.653056
573.400,92.9523,300.0000,65.0000,65.0200,13937.74,0.802238,92.653056
573.500,92.9523,300.0000,65.0625,65.0198,13938.08,0.802296,92.653056
573.600,92.9523,300.0000,65.0625,65.0196,13938.39,0.802351,92.653056
573.700,92.9523,300.0000,65.0000,65.0194,13938.69,0.802402,92.653056
573.800,92.9523,300.0000,65.0625,65.0192,13938.97,0.802450,92.653056
573.900,92.9523,300.0000,65.0000,65.0190,13939.22,0.802495,92.653056
574.000,92.6531,300.0000,65.0000,65.0189,13936.47,0.802019,92.653056
574.100,92.6531,300.0000,65.0625,65.0187,13933.91,0.801576,92.653056
574.200,92.6531,300.0000,65.0000,65.0186,13931.51,0.801163,92.653056
574.300,92.6531,300.0000,65.0625,65.0185,13929.27,0.800777,92.653056
574.400,92.6531,300.0000,65.0625,65.0184,13927.19,0.800417,92.653056
574.500,92.6531,300.0000,65.0000,65.0183,13925.24,0.800081,92.653056
574.600,92.6531,300.0000,65.0000,65.0182,13923.42,0.799768,92.653056
574.700,92.6531,300.0000,65.0625,65.0182,13921.72,0.799475,92.653056
574.800,92.6531,300.0000,65.0000,65.0182,13920.14,0.799202,92.653056
574.900,92.6531,300.0000,65.1250,65.0181,13918.66,0.798948,92.653056
575.000,93.2651,300.0000,64.9375,65.0181,13923.40,0.799764,92.666665
575.100,93.2651,300.0000,65.0000,65.0180,13927.82,0.800527,92.666665
575.200,93.2651,300.0000,65.0625,65.0179,13931.95,0.801239,92.666665
575.300,93.2651,300.0000,65.0625,65.0177,13935.81,0.801904,92.666665
575.400,93.2651,300.0000,65.1250,65.0175,13939.40,0.802525,92.666665
575.500,93.2651,300.0000,65.0000,65.0173,13942.76,0.803105,92.666665
575.600,93.2651,300.0000,65.0625,65.0170,13945.89,0.803647,92.666665
575.700,93.2651,300.0000,65.0000,65.0168,13948.82,0.804152,92.666665
575.800,93.2651,300.0000,64.8750,65.0165,13951.55,0.804624,92.666665
575.900,93.2651,300.0000,65.1250,65.0162,13954.09,0.805065,92.666665
576.000,93.2787,300.0000,65.1250,65.0158,13956.61,0.805500,92.680273
576.100,93.2787,300.0000,65.0000,65.0155,13958.95,0.805907,92.680273
576.200,93.2787,300.0000,65.0625,65.0151,13961.14,0.806286,92.680273
576.300,93.2787,300.0000,65.0625,65.0147,13963.19,0.806640,92.680273
576.400,93.2787,300.0000,65.0000,65.0143,13965.09,0.806971,92.680273
576.500,93.2787,300.0000,65.0000,65.0139,13966.87,0.807280,92.680273
576.600,93.2787,300.0000,65.0000,65.0135,13968.54,0.807568,92.680273
576.700,93.2787,300.0000,65.0000,65.0131,13970.09,0.807837,92.680273
576.800,93.2787,300.0000,65.0625,65.0126,13971.53,0.808088,92.680273
576.900,93.2787,300.0000,65.1250,65.0122,13972.89,0.808322,92.680273
577.000,93.2923,300.0000,64.9375,65.0117,13974.28,0.808565,92.693882
577.100,93.2923,300.0000,65.0000,65.0112,13975.59,0.808791,92.693882
577.200,93.2923,300.0000,65.0000,65.0107,13976.80,0.809002,92.693882
577.300,93.2923,300.0000,65.0000,65.0102,13977.94,0.809200,92.693882
577.400,93.2923,300.0000,65.0000,65.0097,13979.00,0.809384,92.693882
577.500,93.2923,300.0000,65.0000,65.0092,13979.99,0.809556,92.693882
577.600,93.2923,300.0000,65.0000,65.0087,13980.91,0.809716,92.693882
577.700,93.2923,300.0000,65.0625,65.0082,13981.77,0.809866,92.693882
577.800,93.2923,300.0000,65.0625,65.0076,13982.58,0.810006,92.693882
577.900,93.2923,300.0000,65.0000,65.0071,13983.33,0.810136,92.693882
578.000,92.6939,300.0000,65.0625,65.0066,13978.05,0.809218,92.693882
578.100,92.6939,300.0000,65.0625,65.0062,13973.12,0.808362,92.693882
578.200,92.6939,300.0000,65.0000,65.0058,13968.51,0.807564,92.693882
578.300,92.6939,300.0000,65.0000,65.0054,13964.22,0.806819,92.693882
578.400,92.6939,300.0000,65.0625,65.0051,13960.21,0.806124,92.693882
578.500,92.6939,300.0000,65.0000,65.0048,13956.47,0.805476,92.693882
578.600,92.6939,300.0000,65.0625,65.0045,13952.97,0.804872,92.693882
578.700,92.6939,300.0000,65.1250,65.0042,13949.72,0.804308,92.693882
578.800,92.6939,300.0000,65.0625,65.0040,13946.67,0.803782,92.693882
578.900,92.6939,300.0000,65.0000,65.0038,13943.83,0.803291,92.693882
579.000,92.6939,300.0000,65.0625,65.0036,13941.18,0.802833,92.693882
579.100,92.6939,300.0000,65.0000,65.0035,13938.71,0.802406,92.693882
579.200,92.6939,300.0000,65.0625,65.0033,13936.40,0.802007,92.693882
579.300,92.6939,300.0000,65.0625,65.0032,13934.25,0.801635,92.693882
579.400,92.6939,300.0000,64.9375,65.0031,13932.24,0.801288,92.693882
579.500,92.6939,300.0000,64.9375,65.0030,13930.36,0.800964,92.693882
579.600,92.6939,300.0000,65.0000,65.0030,13928.61,0.800662,92.693882
579.700,92.6939,300.0000,65.0625,65.0029,13926.97,0.800380,92.693882
579.800,92.6939,300.0000,65.0625,65.0029,13925.45,0.800117,92.693882
579.900,92.6939,300.0000,64.9375,65.0028,13924.02,0.799872,92.693882
580.000,92.3879,300.0000,65.1250,65.0028,13919.63,0.799115,92.687077
580.100,92.3879,300.0000,65.0000,65.0029,13915.54,0.798410,92.687077
580.200,92.3879,300.0000,65.0625,65.0030,13911.71,0.797752,92.687077
580.300,92.3879,300.0000,64.9375,65.0031,13908.14,0.797138,92.687077
580.400,92.3879,300.0000,65.0000,65.0032,13904.81,0.796566,92.687077
580.500,92.3879,300.0000,65.0625,65.0033,13901.70,0.796032,92.687077
580.600,92.3879,300.0000,65.0000,65.0035,13898.80,0.795533,92.687077
580.700,92.3879,300.0000,65.0000,65.0037,13896.09,0.795068,92.687077
580.800,92.3879,300.0000,65.0625,65.0039,13893.57,0.794635,92.687077
580.900,92.3879,300.0000,64.9375,65.0042,13891.21,0.794230,92.687077
581.000,92.3811,300.0000,65.0625,65.0044,13888.94,0.793841,92.680273
581.100,92.3811,300.0000,65.0625,65.0047,13886.82,0.793478,92.680273
581.200,92.3811,300.0000,64.9375,65.0050,13884.84,0.793139,92.680273
581.300,92.3811,300.0000,65.0000,65.0053,13883.00,0.792822,92.680273
581.400,92.3811,300.0000,65.0625,65.0056,13881.28,0.792527,92.680273
581.500,92.3811,300.0000,65.0000,65.0059,13879.67,0.792252,92.680273
581.600,92.3811,300.0000,65.0000,65.0063,13878.17,0.791995,92.680273
581.700,92.3811,300.0000,65.0625,65.0066,13876.77,0.791755,92.680273
581.800,92.3811,300.0000,65.0000,65.0070,13875.46,0.791532,92.680273
581.900,92.3811,300.0000,65.0625,65.0074,13874.24,0.791323,92.680273
582.000,92.9863,300.0000,65.0000,65.0077,13879.15,0.792164,92.687077
582.100,92.9863,300.0000,65.0000,65.0080,13883.74,0.792950,92.687077
582.200,92.9863,300.0000,65.0625,65.0083,13888.02,0.793683,92.687077
582.300,92.9863,300.0000,64.9375,65.0085,13892.01,0.794368,92.687077
582.400,92.9863,300.0000,65.0000,65.0087,13895.74,0.795008,92.687077
582.500,92.9863,300.0000,65.0625,65.0088,13899.22,0.795605,92.687077
582.600,92.9863,300.0000,64.9375,65.0090,13902.47,0.796163,92.687077
582.700,92.9863,300.0000,65.0000,65.0091,13905.50,0.796684,92.687077
582.800,92.9863,300.0000,64.9375,65.0092,13908.33,0.797171,92.687077
582.900,92.9863,300.0000,65.0000,65.0092,13910.97,0.797625,92.687077
583.000,92.6871,300.0000,65.0625,65.0093,13910.44,0.797534,92.687077
583.100,92.6871,300.0000,65.0000,65.0094,13909.95,0.797449,92.687077
583.200,92.6871,300.0000,65.0000,65.0094,13909.49,0.797370,92.687077
583.300,92.6871,300.0000,65.0625,65.0095,13909.06,0.797297,92.687077
583.400,92.6871,300.0000,65.1250,65.0096,13908.66,0.797228,92.687077
583.500,92.6871,300.0000,64.9375,65.0097,13908.29,0.797164,92.687077
583.600,92.6871,300.0000,64.9375,65.0098,13907.94,0.797104,92.687077
583.700,92.6871,300.0000,64.9375,65.0099,13907.62,0.797048,92.687077
583.800,92.6871,300.0000,64.9375,65.0100,13907.31,0.796996,92.687077
583.900,92.6871,300.0000,65.0625,65.0101,13907.03,0.796947,92.687077
584.000,92.9931,300.0000,65.0000,65.0101,13909.82,0.797427,92.693882
584.100,92.9931,300.0000,65.0000,65.0102,13912.43,0.797876,92.693882
584.200,92.9931,300.0000,65.0000,65.0102,13914.87,0.798295,92.693882
584.300,92.9931,300.0000,65.0000,65.0102,13917.14,0.798687,92.693882
584.400,92.9931,300.0000,65.0625,65.0102,13919.26,0.799052,92.693882
584.500,92.9931,300.0000,65.0000,65.0102,13921.24,0.799393,92.693882
584.600,92.9931,300.0000,64.9375,65.0101,13923.09,0.799711,92.693882
584.700,92.9931,300.0000,65.0000,65.0101,13924.82,0.800008,92.693882
584.800,92.9931,300.0000,65.0625,65.0100,13926.43,0.800286,92.693882
584.900,92.9931,300.0000,64.9375,65.0099,13927.93,0.800545,92.693882
585.000,92.3879,300.0000,65.0000,65.0099,13923.28,0.799744,92.687077
585.100,92.3879,300.0000,64.8750,65.0099,13918.94,0.798996,92.687077
585.200,92.3879,300.0000,65.0625,65.0099,13914.89,0.798299,92.687077
585.300,92.3879,300.0000,65.0625,65.0100,13911.11,0.797648,92.687077
585.400,92.3879,300.0000,65.0625,65.0101,13907.58,0.797041,92.687077
585.500,92.3879,300.0000,65.0625,65.0102,13904.29,0.796475,92.687077
585.600,92.3879,300.0000,65.0625,65.0103,13901.21,0.795947,92.687077
585.700,92.3879,300.0000,64.9375,65.0105,13898.34,0.795455,92.687077
585.800,92.3879,300.0000,64.8750,65.0107,13895.67,0.794995,92.687077
585.900,92.3879,300.0000,65.0000,65.0109,13893.17,0.794566,92.687077
586.000,92.6871,300.0000,65.0625,65.0111,13893.83,0.794679,92.687077
586.100,92.6871,300.0000,65.0000,65.0113,13894.44,0.794785,92.687077
586.200,92.6871,300.0000,65.0625,65.0115,13895.02,0.794884,92.687077
586.300,92.6871,300.0000,64.9375,65.0117,13895.55,0.794976,92.687077
586.400,92.6871,300.0000,65.1250,65.0118,13896.05,0.795061,92.687077
586.500,92.6871,300.0000,64.9375,65.0120,13896.52,0.795142,92.687077
586.600,92.6871,300.0000,65.0625,65.0122,13896.96,0.795217,92.687077
586.700,92.6871,300.0000,65.0625,65.0124,13897.36,0.795286,92.687077
586.800,92.6871,300.0000,64.8750,65.0125,13897.74,0.795352,92.687077
586.900,92.6871,300.0000,65.0625,65.0127,13898.10,0.795412,92.687077
587.000,92.9931,300.0000,65.1250,65.0128,13901.49,0.795995,92.693882
587.100,92.9931,300.0000,64.9375,65.0129,13904.65,0.796539,92.693882
587.200,92.9931,300.0000,65.0000,65.0130,13907.61,0.797046,92.693882
587.300,92.9931,300.0000,65.0000,65.0131,13910.36,0.797520,92.693882
587.400,92.9931,300.0000,65.0000,65.0131,13912.94,0.797963,92.693882
587.500,92.9931,300.0000,64.9375,65.0131,13915.34,0.798376,92.693882
587.600,92.9931,300.0000,65.0625,65.0131,13917.58,0.798762,92.693882
587.700,92.9931,300.0000,65.0625,65.0131,13919.67,0.799122,92.693882
587.800,92.9931,300.0000,65.1250,65.0131,13921.63,0.799459,92.693882
587.900,92.9931,300.0000,65.0000,65.0130,13923.45,0.799773,92.693882
588.000,92.6939,300.0000,65.0000,65.0130,13922.16,0.799550,92.693882
588.100,92.6939,300.0000,65.0625,65.0130,13920.95,0.799343,92.693882
588.200,92.6939,300.0000,65.0000,65.0129,13919.83,0.799149,92.693882
588.300,92.6939,300.0000,65.0000,65.0129,13918.78,0.798968,92.693882
588.400,92.6939,300.0000,65.0625,65.0129,13917.80,0.798800,92.693882
588.500,92.6939,300.0000,65.0000,65.0129,13916.88,0.798642,92.693882
588.600,92.6939,300.0000,65.0000,65.0130,13916.03,0.798495,92.693882
588.700,92.6939,300.0000,65.0625,65.0130,13915.23,0.798358,92.693882
588.800,92.6939,300.0000,65.0000,65.0130,13914.49,0.798230,92.693882
588.900,92.6939,300.0000,65.0625,65.0130,13913.80,0.798111,92.693882
589.000,92.9999,300.0000,65.0000,65.0130,13916.21,0.798526,92.700686
589.100,92.9999,300.0000,65.0000,65.0130,13918.46,0.798914,92.700686
589.200,92.9999,300.0000,65.0625,65.0130,13920.56,0.799276,92.700686
589.300,92.9999,300.0000,64.9375,65.0130,13922.52,0.799613,92.700686
589.400,92.9999,300.0000,65.0000,65.0129,13924.35,0.799929,92.700686
589.500,92.9999,300.0000,64.9375,65.0128,13926.06,0.800223,92.700686
589.600,92.9999,300.0000,64.9375,65.0128,13927.66,0.800498,92.700686
589.700,92.9999,300.0000,64.9375,65.0127,13929.15,0.800755,92.700686
589.800,92.9999,300.0000,65.1875,65.0126,13930.53,0.800995,92.700686
589.900,92.9999,300.0000,65.0000,65.0124,13931.83,0.801218,92.700686
590.000,92.7007,300.0000,65.0000,65.0123,13930.05,0.800911,92.700686
590.100,92.7007,300.0000,65.0000,65.0122,13928.39,0.800624,92.700686
590.200,92.7007,300.0000,65.0000,65.0122,13926.83,0.800356,92.700686
590.300,92.7007,300.0000,65.0625,65.0121,13925.39,0.800107,92.700686
590.400,92.7007,300.0000,65.0000,65.0121,13924.03,0.799874,92.700686
590.500,92.7007,300.0000,65.0000,65.0120,13922.77,0.799656,92.700686
590.600,92.7007,300.0000,65.0000,65.0120,13921.59,0.799453,92.700686
590.700,92.7007,300.0000,65.0000,65.0120,13920.49,0.799264,92.700686
590.800,92.7007,300.0000,65.0625,65.0119,13919.47,0.799087,92.700686
590.900,92.7007,300.0000,65.0000,65.0119,13918.51,0.798922,92.700686
591.000,92.7007,300.0000,65.0000,65.0119,13917.62,0.798768,92.700686
591.100,92.7007,300.0000,65.0000,65.0120,13916.78,0.798625,92.700686
591.200,92.7007,300.0000,65.0000,65.0120,13916.00,0.798491,92.700686
591.300,92.7007,300.0000,65.0625,65.0120,13915.28,0.798365,92.700686
591.400,92.7007,300.0000,65.1250,65.0120,13914.60,0.798249,92.700686
591.500,92.7007,300.0000,64.9375,65.0120,13913.97,0.798140,92.700686
591.600,92.7007,300.0000,65.1250,65.0121,13913.37,0.798038,92.700686
591.700,92.7007,300.0000,65.0625,65.0121,13912.82,0.797943,92.700686
591.800,92.7007,300.0000,65.0000,65.0122,13912.31,0.797855,92.700686
591.900,92.7007,300.0000,65.0000,65.0122,13911.83,0.797772,92.700686
592.000,92.7007,300.0000,65.0625,65.0123,13911.38,0.797695,92.700686
592.100,92.7007,300.0000,64.9375,65.0123,13910.96,0.797623,92.700686
592.200,92.7007,300.0000,65.0000,65.0124,13910.57,0.797556,92.700686
592.300,92.7007,300.0000,65.0000,65.0125,13910.21,0.797493,92.700686
592.400,92.7007,300.0000,65.0625,65.0125,13909.87,0.797435,92.700686
592.500,92.7007,300.0000,65.0625,65.0126,13909.55,0.797380,92.700686
592.600,92.7007,300.0000,65.0000,65.0127,13909.25,0.797329,92.700686
592.700,92.7007,300.0000,65.0625,65.0127,13908.98,0.797281,92.700686
592.800,92.7007,300.0000,65.0625,65.0128,13908.72,0.797237,92.700686
592.900,92.7007,300.0000,64.9375,65.0129,13908.48,0.797196,92.700686
593.000,92.3947,300.0000,65.0000,65.0130,13905.19,0.796631,92.693882
593.100,92.3947,300.0000,65.0000,65.0131,13902.13,0.796104,92.693882
593.200,92.3947,300.0000,64.9375,65.0133,13899.26,0.795613,92.693882
593.300,92.3947,300.0000,65.0000,65.0134,13896.59,0.795154,92.693882
593.400,92.3947,300.0000,65.0625,65.0136,13894.10,0.794726,92.693882
593.500,92.3947,300.0000,64.9375,65.0138,13891.77,0.794327,92.693882
593.600,92.3947,300.0000,65.0000,65.0141,13889.60,0.793955,92.693882
593.700,92.3947,300.0000,65.0625,65.0143,13887.58,0.793607,92.693882
593.800,92.3947,300.0000,65.0625,65.0146,13885.68,0.793283,92.693882
593.900,92.3947,300.0000,64.9375,65.0149,13883.92,0.792980,92.693882
594.000,92.3879,300.0000,65.0625,65.0151,13882.20,0.792686,92.687077
594.100,92.3879,300.0000,65.0000,65.0154,13880.60,0.792412,92.687077
594.200,92.3879,300.0000,65.0000,65.0158,13879.11,0.792156,92.687077
594.300,92.3879,300.0000,65.0000,65.0161,13877.71,0.791917,92.687077
594.400,92.3879,300.0000,65.0000,65.0164,13876.41,0.791694,92.687077
594.500,92.3879,300.0000,65.0625,65.0168,13875.20,0.791487,92.687077
594.600,92.3879,300.0000,65.0625,65.0171,13874.06,0.791292,92.687077
594.700,92.3879,300.0000,65.0625,65.0175,13873.00,0.791111,92.687077
594.800,92.3879,300.0000,64.9375,65.0178,13872.01,0.790942,92.687077
594.900,92.3879,300.0000,65.0000,65.0182,13871.09,0.790785,92.687077
595.000,92.6871,300.0000,65.0000,65.0186,13873.22,0.791149,92.687077
595.100,92.6871,300.0000,65.0000,65.0189,13875.21,0.791490,92.687077
595.200,92.6871,300.0000,65.1250,65.0192,13877.07,0.791807,92.687077
595.300,92.6871,300.0000,65.0625,65.0195,13878.80,0.792104,92.687077
595.400,92.6871,300.0000,65.1250,65.0198,13880.42,0.792381,92.687077
595.500,92.6871,300.0000,65.1250,65.0201,13881.93,0.792639,92.687077
595.600,92.6871,300.0000,65.0000,65.0204,13883.34,0.792881,92.687077
595.700,92.6871,300.0000,65.0000,65.0206,13884.65,0.793106,92.687077
595.800,92.6871,300.0000,65.0000,65.0209,13885.88,0.793316,92.687077
595.900,92.6871,300.0000,65.0000,65.0211,13887.03,0.793513,92.687077
596.000,92.6871,300.0000,65.0625,65.0214,13888.09,0.793696,92.687077
596.100,92.6871,300.0000,65.0000,65.0216,13889.09,0.793867,92.687077
596.200,92.6871,300.0000,65.0000,65.0218,13890.02,0.794027,92.687077
596.300,92.6871,300.0000,65.0625,65.0220,13890.89,0.794176,92.687077
596.400,92.6871,300.0000,65.0625,65.0222,13891.70,0.794315,92.687077
596.500,92.6871,300.0000,65.0625,65.0224,13892.46,0.794445,92.687077
596.600,92.6871,300.0000,65.0000,65.0225,13893.17,0.794566,92.687077
596.700,92.6871,300.0000,64.9375,65.0227,13893.83,0.794679,92.687077
596.800,92.6871,300.0000,65.1250,65.0229,13894.44,0.794785,92.687077
596.900,92.6871,300.0000,64.9375,65.0231,13895.02,0.794884,92.687077
597.000,92.3811,300.0000,64.9375,65.0232,13892.49,0.794451,92.680273
597.100,92.3811,300.0000,64.9375,65.0234,13890.14,0.794047,92.680273
597.200,92.3811,300.0000,64.9375,65.0237,13887.94,0.793670,92.680273
597.300,92.3811,300.0000,65.0000,65.0239,13885.89,0.793318,92.680273
597.400,92.3811,300.0000,65.0625,65.0242,13883.97,0.792990,92.680273
597.500,92.3811,300.0000,65.0000,65.0244,13882.19,0.792683,92.680273
597.600,92.3811,300.0000,65.0000,65.0247,13880.52,0.792398,92.680273
597.700,92.3811,300.0000,65.0000,65.0250,13878.96,0.792131,92.680273
597.800,92.3811,300.0000,65.0000,65.0253,13877.51,0.791882,92.680273
597.900,92.3811,300.0000,65.0000,65.0256,13876.15,0.791650,92.680273
598.000,92.6803,300.0000,64.9375,65.0259,13877.88,0.791946,92.680273
598.100,92.6803,300.0000,65.0625,65.0262,13879.49,0.792221,92.680273
598.200,92.6803,300.0000,65.0000,65.0265,13880.99,0.792479,92.680273
598.300,92.6803,300.0000,65.0000,65.0268,13882.39,0.792719,92.680273
598.400,92.6803,300.0000,64.9375,65.0270,13883.70,0.792944,92.680273
598.500,92.6803,300.0000,65.1250,65.0272,13884.93,0.793153,92.680273
598.600,92.6803,300.0000,65.0625,65.0275,13886.07,0.793349,92.680273
598.700,92.6803,300.0000,65.0625,65.0277,13887.13,0.793531,92.680273
598.800,92.6803,300.0000,65.0625,65.0279,13888.13,0.793702,92.680273
598.900,92.6803,300.0000,65.0000,65.0281,13889.05,0.793861,92.680273
599.000,92.6803,300.0000,65.0000,65.0283,13889.92,0.794009,92.680273
599.100,92.6803,300.0000,65.0000,65.0285,13890.73,0.794148,92.680273
599.200,92.6803,300.0000,65.0625,65.0287,13891.48,0.794277,92.680273
599.300,92.6803,300.0000,65.0625,65.0289,13892.19,0.794398,92.680273
599.400,92.6803,300.0000,65.0000,65.0290,13892.84,0.794510,92.680273
599.500,92.6803,300.0000,65.1250,65.0292,13893.46,0.794616,92.680273
599.600,92.6803,300.0000,65.1250,65.0294,13894.03,0.794714,92.680273
599.700,92.6803,300.0000,65.0625,65.0295,13894.56,0.794806,92.680273
599.800,92.6803,300.0000,65.0000,65.0297,13895.06,0.794891,92.680273
599.900,92.6803,300.0000,65.0625,65.0298,13895.53,0.794971,92.680273
600.000,92.9863,300.0000,65.0000,65.0299,13899.02,0.795571,92.687077
600.100,92.9863,300.0000,64.8750,65.0300,13902.28,0.796131,92.687077
600.200,92.9863,300.0000,65.0625,65.0301,13905.33,0.796654,92.687077
600.300,92.9863,300.0000,65.0000,65.0301,13908.17,0.797142,92.687077
600.400,92.9863,300.0000,64.9375,65.0301,13910.82,0.797598,92.687077
600.500,92.9863,300.0000,65.0000,65.0301,13913.29,0.798024,92.687077
600.600,92.9863,300.0000,64.9375,65.0301,13915.60,0.798422,92.687077
600.700,92.9863,300.0000,65.0625,65.0301,13917.76,0.798793,92.687077
600.800,92.9863,300.0000,65.0000,65.0300,13919.77,0.799139,92.687077
600.900,92.9863,300.0000,65.0000,65.0299,13921.65,0.799463,92.687077
601.000,92.6871,300.0000,64.9375,65.0299,13920.41,0.799249,92.687077
601.100,92.6871,300.0000,65.0000,65.0298,13919.25,0.799050,92.687077
601.200,92.6871,300.0000,65.0000,65.0298,13918.17,0.798864,92.687077
601.300,92.6871,300.0000,65.0000,65.0297,13917.17,0.798691,92.687077
601.400,92.6871,300.0000,64.9375,65.0297,13916.23,0.798529,92.687077
601.500,92.6871,300.0000,65.0000,65.0297,13915.35,0.798378,92.687077
601.600,92.6871,300.0000,65.0000,65.0297,13914.53,0.798237,92.687077
601.700,92.6871,300.0000,65.0000,65.0297,13913.76,0.798105,92.687077
601.800,92.6871,300.0000,65.0000,65.0297,13913.05,0.797983,92.687077
601.900,92.6871,300.0000,65.1250,65.0297,13912.39,0.797868,92.687077
602.000,93.2991,300.0000,65.0625,65.0297,13917.88,0.798814,92.700686
602.100,93.2991,300.0000,65.0000,65.0296,13923.02,0.799698,92.700686
602.200,93.2991,300.0000,64.9375,65.0294,13927.81,0.800524,92.700686
602.300,93.2991,300.0000,65.0000,65.0293,13932.28,0.801295,92.700686
602.400,93.2991,300.0000,65.0625,65.0291,13936.45,0.802015,92.700686
602.500,93.2991,300.0000,65.0625,65.0289,13940.34,0.802688,92.700686
602.600,93.2991,300.0000,64.9375,65.0286,13943.98,0.803316,92.700686
602.700,93.2991,300.0000,65.0000,65.0283,13947.37,0.803902,92.700686
602.800,93.2991,300.0000,64.9375,65.0280,13950.54,0.804450,92.700686
602.900,93.2991,300.0000,65.0000,65.0277,13953.49,0.804961,92.700686
603.000,92.7007,300.0000,64.9375,65.0274,13950.26,0.804403,92.700686
603.100,92.7007,300.0000,65.1250,65.0271,13947.25,0.803882,92.700686
603.200,92.7007,300.0000,65.0625,65.0269,13944.44,0.803396,92.700686
603.300,92.7007,300.0000,65.1250,65.0266,13941.82,0.802943,92.700686
603.400,92.7007,300.0000,65.0000,65.0264,13939.37,0.802520,92.700686
603.500,92.7007,300.0000,65.0000,65.0262,13937.09,0.802126,92.700686
603.600,92.7007,300.0000,64.9375,65.0260,13934.96,0.801758,92.700686
603.700,92.7007,300.0000,65.0625,65.0259,13932.97,0.801414,92.700686
603.800,92.7007,300.0000,65.0000,65.0257,13931.11,0.801094,92.700686
603.900,92.7007,300.0000,64.9375,65.0256,13929.37,0.800795,92.700686
604.000,92.3947,300.0000,65.0625,65.0255,13924.70,0.799988,92.693882
604.100,92.3947,300.0000,65.0000,65.0255,13920.33,0.799236,92.693882
604.200,92.3947,300.0000,65.0625,65.0255,13916.26,0.798534,92.693882
604.300,92.3947,300.0000,64.9375,65.0255,13912.45,0.797879,92.693882
604.400,92.3947,300.0000,65.0000,65.0255,13908.90,0.797269,92.693882
604.500,92.3947,300.0000,65.0625,65.0256,13905.59,0.796699,92.693882
604.600,92.3947,300.0000,65.0000,65.0257,13902.50,0.796168,92.693882
604.700,92.3947,300.0000,65.0000,65.0258,13899.61,0.795672,92.693882
604.800,92.3947,300.0000,64.9375,65.0260,13896.92,0.795209,92.693882
604.900,92.3947,300.0000,65.0000,65.0261,13894.40,0.794778,92.693882
605.000,92.6939,300.0000,65.0625,65.0263,13895.05,0.794889,92.693882
605.100,92.6939,300.0000,65.0625,65.0264,13895.65,0.794992,92.693882
605.200,92.6939,300.0000,65.0625,65.0266,13896.21,0.795089,92.693882
605.300,92.6939,300.0000,65.0625,65.0267,13896.74,0.795179,92.693882
605.400,92.6939,300.0000,65.1250,65.0269,13897.23,0.795263,92.693882
605.500,92.6939,300.0000,65.0625,65.0270,13897.68,0.795341,92.693882
605.600,92.6939,300.0000,65.0625,65.0271,13898.11,0.795414,92.693882
605.700,92.6939,300.0000,65.0000,65.0273,13898.51,0.795483,92.693882
605.800,92.6939,300.0000,65.0625,65.0274,13898.88,0.795547,92.693882
605.900,92.6939,300.0000,65.0000,65.0275,13899.23,0.795606,92.693882
606.000,92.6939,300.0000,65.0625,65.0276,13899.55,0.795662,92.693882
606.100,92.6939,300.0000,65.0625,65.0277,13899.85,0.795714,92.693882
606.200,92.6939,300.0000,65.0625,65.0278,13900.13,0.795762,92.693882
606.300,92.6939,300.0000,64.9375,65.0279,13900.40,0.795807,92.693882
606.400,92.6939,300.0000,65.0625,65.0281,13900.64,0.795849,92.693882
606.500,92.6939,300.0000,65.0625,65.0282,13900.87,0.795889,92.693882
606.600,92.6939,300.0000,65.1250,65.0283,13901.09,0.795926,92.693882
606.700,92.6939,300.0000,64.9375,65.0284,13901.29,0.795960,92.693882
606.800,92.6939,300.0000,64.9375,65.0285,13901.47,0.795992,92.693882
606.900,92.6939,300.0000,65.0000,65.0286,13901.65,0.796022,92.693882
607.000,92.6939,300.0000,65.0625,65.0287,13901.81,0.796050,92.693882
607.100,92.6939,300.0000,65.0625,65.0288,13901.96,0.796076,92.693882
607.200,92.6939,300.0000,65.0000,65.0288,13902.10,0.796100,92.693882
607.300,92.6939,300.0000,65.0000,65.0289,13902.23,0.796123,92.693882
607.400,92.6939,300.0000,65.0000,65.0290,13902.36,0.796144,92.693882
607.500,92.6939,300.0000,64.9375,65.0291,13902.47,0.796164,92.693882
607.600,92.6939,300.0000,65.0000,65.0292,13902.58,0.796182,92.693882
607.700,92.6939,300.0000,65.0000,65.0293,13902.68,0.796199,92.693882
607.800,92.6939,300.0000,65.0625,65.0294,13902.77,0.796215,92.693882
607.900,92.6939,300.0000,65.0000,65.0295,13902.86,0.796230,92.693882
608.000,92.6939,300.0000,65.0625,65.0296,13902.94,0.796244,92.693882
608.100,92.6939,300.0000,65.0625,65.0296,13903.02,0.796257,92.693882
608.200,92.6939,300.0000,65.0000,65.0297,13903.09,0.796270,92.693882
608.300,92.6939,300.0000,65.0625,65.0298,13903.16,0.796281,92.693882
608.400,92.6939,300.0000,65.0000,65.0299,13903.22,0.796292,92.693882
608.500,92.6939,300.0000,65.0000,65.0300,13903.27,0.796301,92.693882
608.600,92.6939,300.0000,64.9375,65.0300,13903.33,0.796311,92.693882
608.700,92.6939,300.0000,65.0625,65.0301,13903.38,0.796319,92.693882
608.800,92.6939,300.0000,65.0000,65.0302,13903.43,0.796327,92.693882
608.900,92.6939,300.0000,65.0625,65.0303,13903.47,0.796335,92.693882
609.000,92.9999,300.0000,65.1250,65.0303,13906.57,0.796868,92.700686
609.100,92.9999,300.0000,65.1250,65.0304,13909.46,0.797366,92.700686
609.200,92.9999,300.0000,65.0625,65.0304,13912.17,0.797830,92.700686
609.300,92.9999,300.0000,65.0000,65.0304,13914.69,0.798264,92.700686
609.400,92.9999,300.0000,65.1250,65.0303,13917.04,0.798669,92.700686
609.500,92.9999,300.0000,65.0625,65.0303,13919.24,0.799047,92.700686
609.600,92.9999,300.0000,65.0000,65.0302,13921.29,0.799400,92.700686
609.700,92.9999,300.0000,65.0625,65.0301,13923.20,0.799730,92.700686
609.800,92.9999,300.0000,65.0000,65.0300,13924.98,0.800038,92.700686
609.900,92.9999,300.0000,65.0625,65.0299,13926.65,0.800325,92.700686
610.000,93.0067,300.0000,65.0000,65.0298,13928.27,0.800605,92.707490
610.100,93.0067,300.0000,65.0625,65.0296,13929.79,0.800866,92.707490
610.200,93.0067,300.0000,65.0625,65.0295,13931.20,0.801110,92.707490
610.300,93.0067,300.0000,65.0625,65.0293,13932.52,0.801338,92.707490
610.400,93.0067,300.0000,65.0625,65.0292,13933.76,0.801550,92.707490
610.500,93.0067,300.0000,65.0000,65.0290,13934.91,0.801749,92.707490
610.600,93.0067,300.0000,65.0000,65.0288,13935.98,0.801934,92.707490
610.700,93.0067,300.0000,65.0625,65.0286,13936.98,0.802107,92.707490
610.800,93.0067,300.0000,64.9375,65.0284,13937.92,0.802268,92.707490
610.900,93.0067,300.0000,65.0625,65.0282,13938.79,0.802419,92.707490
611.000,93.0135,300.0000,64.9375,65.0280,13939.67,0.802571,92.714294
611.100,93.0135,300.0000,65.0625,65.0277,13940.49,0.802714,92.714294
611.200,93.0135,300.0000,65.0000,65.0275,13941.26,0.802846,92.714294
611.300,93.0135,300.0000,65.0000,65.0273,13941.98,0.802970,92.714294
611.400,93.0135,300.0000,65.0000,65.0270,13942.65,0.803086,92.714294
611.500,93.0135,300.0000,65.0625,65.0268,13943.27,0.803194,92.714294
611.600,93.0135,300.0000,65.0000,65.0265,13943.86,0.803295,92.714294
611.700,93.0135,300.0000,65.0625,65.0263,13944.40,0.803389,92.714294
611.800,93.0135,300.0000,65.0625,65.0260,13944.91,0.803477,92.714294
611.900,93.0135,300.0000,65.1250,65.0258,13945.38,0.803559,92.714294
612.000,93.3263,300.0000,65.0625,65.0255,13948.95,0.804176,92.727903
612.100,93.3263,300.0000,65.0000,65.0252,13952.29,0.804753,92.727903
612.200,93.3263,300.0000,65.0000,65.0248,13955.40,0.805291,92.727903
612.300,93.3263,300.0000,65.0625,65.0245,13958.30,0.805794,92.727903
612.400,93.3263,300.0000,64.9375,65.0241,13961.01,0.806263,92.727903
612.500,93.3263,300.0000,65.0000,65.0237,13963.54,0.806701,92.727903
612.600,93.3263,300.0000,65.0000,65.0232,13965.90,0.807110,92.727903
612.700,93.3263,300.0000,65.0625,65.0228,13968.10,0.807492,92.727903
612.800,93.3263,300.0000,65.0625,65.0223,13970.16,0.807849,92.727903
612.900,93.3263,300.0000,65.0625,65.0219,13972.08,0.808182,92.727903
613.000,93.0339,300.0000,65.0625,65.0214,13970.94,0.807985,92.734707
613.100,93.0339,300.0000,65.1250,65.0210,13969.89,0.807802,92.734707
613.200,93.0339,300.0000,64.9375,65.0205,13968.90,0.807631,92.734707
613.300,93.0339,300.0000,65.0000,65.0201,13967.98,0.807471,92.734707
613.400,93.0339,300.0000,65.0625,65.0196,13967.12,0.807322,92.734707
613.500,93.0339,300.0000,65.0000,65.0192,13966.32,0.807183,92.734707
613.600,93.0339,300.0000,64.9375,65.0188,13965.57,0.807053,92.734707
613.700,93.0339,300.0000,65.1250,65.0184,13964.87,0.806932,92.734707
613.800,93.0339,300.0000,65.0625,65.0180,13964.22,0.806819,92.734707
613.900,93.0339,300.0000,65.0000,65.0176,13963.61,0.806713,92.734707
614.000,92.7347,300.0000,65.0625,65.0173,13960.05,0.806096,92.734707
614.100,92.7347,300.0000,64.9375,65.0169,13956.73,0.805521,92.734707
614.200,92.7347,300.0000,65.0625,65.0166,13953.62,0.804984,92.734707
614.300,92.7347,300.0000,65.0625,65.0163,13950.73,0.804483,92.734707
614.400,92.7347,300.0000,65.0625,65.0161,13948.03,0.804016,92.734707
614.500,92.7347,300.0000,65.0625,65.0158,13945.51,0.803580,92.734707
614.600,92.7347,300.0000,65.0625,65.0156,13943.15,0.803173,92.734707
614.700,92.7347,300.0000,65.0000,65.0154,13940.96,0.802794,92.734707
614.800,92.7347,300.0000,65.0625,65.0152,13938.91,0.802440,92.734707
614.900,92.7347,300.0000,65.0625,65.0151,13936.99,0.802109,92.734707
615.000,93.0407,300.0000,65.0000,65.0149,13938.27,0.802329,92.741511
615.100,93.0407,300.0000,65.0000,65.0147,13939.46,0.802535,92.741511
615.200,93.0407,300.0000,65.0000,65.0145,13940.57,0.802726,92.741511
615.300,93.0407,300.0000,65.0625,65.0143,13941.60,0.802905,92.741511
615.400,93.0407,300.0000,65.0000,65.0141,13942.57,0.803072,92.741511
615.500,93.0407,300.0000,65.1250,65.0139,13943.47,0.803228,92.741511
615.600,93.0407,300.0000,65.0000,65.0136,13944.31,0.803374,92.741511
615.700,93.0407,300.0000,65.0000,65.0134,13945.10,0.803510,92.741511
615.800,93.0407,300.0000,64.9375,65.0132,13945.83,0.803637,92.741511
615.900,93.0407,300.0000,65.0625,65.0129,13946.52,0.803755,92.741511
616.000,93.0475,300.0000,65.0625,65.0127,13947.23,0.803877,92.748315
616.100,93.0475,300.0000,65.0000,65.0124,13947.89,0.803991,92.748315
616.200,93.0475,300.0000,64.9375,65.0122,13948.50,0.804098,92.748315
616.300,93.0475,300.0000,65.0000,65.0119,13949.08,0.804197,92.748315
616.400,93.0475,300.0000,64.8750,65.0117,13949.61,0.804290,92.748315
616.500,93.0475,300.0000,65.0000,65.0114,13950.11,0.804377,92.748315
616.600,93.0475,300.0000,65.1250,65.0111,13950.58,0.804458,92.748315
616.700,93.0475,300.0000,65.0625,65.0109,13951.02,0.804533,92.748315
616.800,93.0475,300.0000,65.0000,65.0106,13951.43,0.804604,92.748315
616.900,93.0475,300.0000,65.0625,65.0103,13951.81,0.804669,92.748315
617.000,93.0543,300.0000,65.0625,65.0100,13952.23,0.804743,92.755120
617.100,93.0543,300.0000,65.0000,65.0097,13952.62,0.804811,92.755120
617.200,93.0543,300.0000,65.0625,65.0094,13952.99,0.804875,92.755120
617.300,93.0543,300.0000,65.0000,65.0092,13953.34,0.804934,92.755120
617.400,93.0543,300.0000,65.0000,65.0089,13953.66,0.804990,92.755120
617.500,93.0543,300.0000,65.0625,65.0086,13953.96,0.805041,92.755120
617.600,93.0543,300.0000,65.0625,65.0083,13954.23,0.805090,92.755120
617.700,93.0543,300.0000,65.0625,65.0080,13954.50,0.805135,92.755120
617.800,93.0543,300.0000,65.0625,65.0077,13954.74,0.805177,92.755120
617.900,93.0543,300.0000,65.0625,65.0074,13954.97,0.805216,92.755120
618.000,93.0611,300.0000,65.0000,65.0071,13955.25,0.805265,92.761924
618.100,93.0611,300.0000,65.0000,65.0068,13955.51,0.805310,92.761924
618.200,93.0611,300.0000,64.9375,65.0065,13955.75,0.805352,92.761924
618.300,93.0611,300.0000,65.0000,65.0062,13955.98,0.805392,92.761924
618.400,93.0611,300.0000,65.0000,65.0059,13956.19,0.805429,92.761924
618.500,93.0611,300.0000,65.0000,65.0056,13956.39,0.805463,92.761924
618.600,93.0611,300.0000,65.0625,65.0053,13956.58,0.805495,92.761924
618.700,93.0611,300.0000,65.1250,65.0049,13956.75,0.805525,92.761924
618.800,93.0611,300.0000,64.9375,65.0046,13956.91,0.805553,92.761924
618.900,93.0611,300.0000,65.0000,65.0043,13957.06,0.805579,92.761924
619.000,92.7619,300.0000,65.0000,65.0040,13954.21,0.805085,92.761924
619.100,92.7619,300.0000,65.1250,65.0038,13951.55,0.804625,92.761924
619.200,92.7619,300.0000,65.0000,65.0035,13949.06,0.804195,92.761924
619.300,92.7619,300.0000,65.0000,65.0033,13946.75,0.803794,92.761924
619.400,92.7619,300.0000,65.0625,65.0031,13944.58,0.803420,92.761924
619.500,92.7619,300.0000,65.0625,65.0029,13942.56,0.803071,92.761924
619.600,92.7619,300.0000,65.0000,65.0028,13940.68,0.802745,92.761924
619.700,92.7619,300.0000,65.0000,65.0026,13938.92,0.802442,92.761924
619.800,92.7619,300.0000,64.9375,65.0025,13937.28,0.802158,92.761924
619.900,92.7619,300.0000,65.0625,65.0023,13935.74,0.801893,92.761924
620.000,93.0679,300.0000,65.0625,65.0022,13937.37,0.802175,92.768728
620.100,93.0679,300.0000,65.0000,65.0020,13938.89,0.802437,92.768728
620.200,93.0679,300.0000,65.0000,65.0019,13940.31,0.802683,92.768728
620.300,93.0679,300.0000,64.9375,65.0017,13941.64,0.802912,92.768728
620.400,93.0679,300.0000,65.0625,65.0015,13942.88,0.803125,92.768728
620.500,93.0679,300.0000,64.9375,65.0013,13944.03,0.803325,92.768728
620.600,93.0679,300.0000,65.0625,65.0011,13945.11,0.803511,92.768728
620.700,93.0679,300.0000,65.0625,65.0009,13946.11,0.803685,92.768728
620.800,93.0679,300.0000,65.0000,65.0007,13947.05,0.803847,92.768728
620.900,93.0679,300.0000,65.0000,65.0005,13947.93,0.803998,92.768728
621.000,92.7687,300.0000,65.0000,65.0003,13945.75,0.803622,92.768728
621.100,92.7687,300.0000,64.9375,65.0001,13943.72,0.803272,92.768728
621.200,92.7687,300.0000,65.0000,64.9999,13941.83,0.802944,92.768728
621.300,92.7687,300.0000,64.9375,64.9997,13940.06,0.802639,92.768728
621.400,92.7687,300.0000,65.0625,64.9996,13938.41,0.802354,92.768728
621.500,92.7687,300.0000,65.0000,64.9995,13936.87,0.802088,92.768728
621.600,92.7687,300.0000,65.1250,64.9994,13935.43,0.801840,92.768728
621.700,92.7687,300.0000,65.1250,64.9992,13934.09,0.801608,92.768728
621.800,92.7687,300.0000,65.0625,64.9992,13932.84,0.801392,92.768728
621.900,92.7687,300.0000,65.0625,64.9991,13931.67,0.801191,92.768728
622.000,93.0747,300.0000,65.0000,64.9990,13933.64,0.801530,92.775532
622.100,93.0747,300.0000,65.0625,64.9988,13935.48,0.801848,92.775532
622.200,93.0747,300.0000,65.0625,64.9987,13937.19,0.802144,92.775532
622.300,93.0747,300.0000,65.0000,64.9986,13938.79,0.802420,92.775532
622.400,93.0747,300.0000,65.0000,64.9984,13940.29,0.802678,92.775532
622.500,93.0747,300.0000,65.0000,64.9982,13941.68,0.802919,92.775532
622.600,93.0747,300.0000,65.0625,64.9981,13942.98,0.803144,92.775532
622.700,93.0747,300.0000,64.9375,64.9979,13944.20,0.803354,92.775532
622.800,93.0747,300.0000,65.0625,64.9977,13945.33,0.803550,92.775532
622.900,93.0747,300.0000,65.0000,64.9975,13946.39,0.803733,92.775532
623.000,92.7755,300.0000,64.9375,64.9973,13944.39,0.803387,92.775532
623.100,92.7755,300.0000,64.9375,64.9971,13942.52,0.803063,92.775532
623.200,92.7755,300.0000,64.9375,64.9970,13940.77,0.802762,92.775532
623.300,92.7755,300.0000,65.0625,64.9968,13939.14,0.802480,92.775532
623.400,92.7755,300.0000,65.0625,64.9967,13937.62,0.802218,92.775532
623.500,92.7755,300.0000,64.9375,64.9966,13936.20,0.801973,92.775532
623.600,92.7755,300.0000,65.0000,64.9965,13934.88,0.801744,92.775532
623.700,92.7755,300.0000,64.9375,64.9964,13933.64,0.801530,92.775532
623.800,92.7755,300.0000,65.0000,64.9963,13932.49,0.801331,92.775532
623.900,92.7755,300.0000,65.0000,64.9962,13931.41,0.801145,92.775532
624.000,92.7755,300.0000,65.0625,64.9961,13930.40,0.800972,92.775532
624.100,92.7755,300.0000,65.0000,64.9961,13929.47,0.800810,92.775532
624.200,92.7755,300.0000,65.0000,64.9960,13928.59,0.800659,92.775532
624.300,92.7755,300.0000,65.0000,64.9960,13927.77,0.800518,92.775532
624.400,92.7755,300.0000,65.0625,64.9959,13927.01,0.800387,92.775532
624.500,92.7755,300.0000,64.9375,64.9959,13926.30,0.800264,92.775532
624.600,92.7755,300.0000,64.9375,64.9959,13925.63,0.800149,92.775532
624.700,92.7755,300.0000,65.0625,64.9958,13925.01,0.800043,92.775532
624.800,92.7755,300.0000,65.0625,64.9958,13924.43,0.799943,92.775532
624.900,92.7755,300.0000,65.0625,64.9958,13923.89,0.799850,92.775532
625.000,93.0815,300.0000,65.0000,64.9958,13926.45,0.800290,92.782336
625.100,93.0815,300.0000,64.9375,64.9957,13928.84,0.800701,92.782336
625.200,93.0815,300.0000,64.9375,64.9956,13931.06,0.801085,92.782336
625.300,93.0815,300.0000,65.0000,64.9955,13933.14,0.801444,92.782336
625.400,93.0815,300.0000,65.0625,64.9954,13935.08,0.801779,92.782336
625.500,93.0815,300.0000,65.0625,64.9953,13936.89,0.802091,92.782336
625.600,93.0815,300.0000,64.9375,64.9952,13938.58,0.802383,92.782336
625.700,93.0815,300.0000,65.0625,64.9950,13940.15,0.802655,92.782336
625.800,93.0815,300.0000,65.0625,64.9949,13941.63,0.802909,92.782336
625.900,93.0815,300.0000,65.1250,64.9947,13943.00,0.803147,92.782336
626.000,93.3943,300.0000,65.0625,64.9945,13947.41,0.803909,92.795945
626.100,93.3943,300.0000,65.0625,64.9943,13951.53,0.804621,92.795945
626.200,93.3943,300.0000,65.0000,64.9940,13955.37,0.805286,92.795945
626.300,93.3943,300.0000,65.0625,64.9937,13958.95,0.805907,92.795945
626.400,93.3943,300.0000,64.9375,64.9934,13962.30,0.806486,92.795945
626.500,93.3943,300.0000,65.0000,64.9930,13965.42,0.807028,92.795945
626.600,93.3943,300.0000,65.0625,64.9926,13968.34,0.807533,92.795945
626.700,93.3943,300.0000,65.0000,64.9922,13971.06,0.808005,92.795945
626.800,93.3943,300.0000,65.0625,64.9918,13973.60,0.808446,92.795945
626.900,93.3943,300.0000,65.0625,64.9914,13975.97,0.808857,92.795945
627.000,93.1019,300.0000,64.9375,64.9909,13975.26,0.808734,92.802749
627.100,93.1019,300.0000,65.0000,64.9905,13974.59,0.808618,92.802749
627.200,93.1019,300.0000,65.0000,64.9901,13973.97,0.808511,92.802749
627.300,93.1019,300.0000,65.1250,64.9897,13973.39,0.808410,92.802749
627.400,93.1019,300.0000,65.0625,64.9893,13972.85,0.808317,92.802749
627.500,93.1019,300.0000,65.0625,64.9889,13972.35,0.808229,92.802749
627.600,93.1019,300.0000,65.0000,64.9885,13971.88,0.808148,92.802749
627.700,93.1019,300.0000,65.0000,64.9881,13971.44,0.808071,92.802749
627.800,93.1019,300.0000,65.0000,64.9877,13971.03,0.808000,92.802749
627.900,93.1019,300.0000,65.0000,64.9873,13970.65,0.807934,92.802749
628.000,92.8027,300.0000,65.0000,64.9870,13967.30,0.807353,92.802749
628.100,92.8027,300.0000,65.0625,64.9866,13964.17,0.806811,92.802749
628.200,92.8027,300.0000,65.0625,64.9863,13961.26,0.806306,92.802749
628.300,92.8027,300.0000,65.0625,64.9860,13958.53,0.805834,92.802749
628.400,92.8027,300.0000,65.0000,64.9858,13955.99,0.805394,92.802749
628.500,92.8027,300.0000,65.0625,64.9855,13953.62,0.804983,92.802749
628.600,92.8027,300.0000,65.0000,64.9853,13951.41,0.804600,92.802749
628.700,92.8027,300.0000,64.9375,64.9851,13949.34,0.804243,92.802749
628.800,92.8027,300.0000,64.9375,64.9849,13947.41,0.803909,92.802749
628.900,92.8027,300.0000,65.0000,64.9848,13945.61,0.803598,92.802749
629.000,92.8027,300.0000,64.9375,64.9846,13943.93,0.803308,92.802749
629.100,92.8027,300.0000,65.0000,64.9845,13942.36,0.803037,92.802749
629.200,92.8027,300.0000,64.9375,64.9843,13940.90,0.802784,92.802749
629.300,92.8027,300.0000,64.9375,64.9842,13939.53,0.802548,92.802749
629.400,92.8027,300.0000,64.9375,64.9841,13938.26,0.802328,92.802749
629.500,92.8027,300.0000,65.0000,64.9840,13937.07,0.802122,92.802749
629.600,92.8027,300.0000,65.0625,64.9839,13935.96,0.801931,92.802749
629.700,92.8027,300.0000,65.0000,64.9838,13934.92,0.801752,92.802749
629.800,92.8027,300.0000,65.1250,64.9838,13933.96,0.801585,92.802749
629.900,92.8027,300.0000,65.0000,64.9837,13933.05,0.801429,92.802749
630.000,92.8027,300.0000,65.0000,64.9837,13932.21,0.801284,92.802749
630.100,92.8027,300.0000,65.0000,64.9836,13931.42,0.801148,92.802749
630.200,92.8027,300.0000,65.0000,64.9836,13930.69,0.801021,92.802749
630.300,92.8027,300.0000,65.1250,64.9835,13930.00,0.800903,92.802749
630.400,92.8027,300.0000,65.0000,64.9835,13929.36,0.800793,92.802749
630.500,92.8027,300.0000,65.0000,64.9835,13928.77,0.800690,92.802749
630.600,92.8027,300.0000,64.9375,64.9834,13928.21,0.800594,92.802749
630.700,92.8027,300.0000,64.9375,64.9834,13927.69,0.800504,92.802749
630.800,92.8027,300.0000,64.9375,64.9834,13927.21,0.800420,92.802749
630.900,92.8027,300.0000,65.0000,64.9834,13926.75,0.800342,92.802749
631.000,92.8027,300.0000,64.8125,64.9834,13926.33,0.800270,92.802749
631.100,92.8027,300.0000,65.0625,64.9834,13925.94,0.800201,92.802749
631.200,92.8027,300.0000,65.0000,64.9834,13925.57,0.800138,92.802749
631.300,92.8027,300.0000,65.0000,64.9834,13925.22,0.800079,92.802749
631.400,92.8027,300.0000,65.0000,64.9834,13924.90,0.800024,92.802749
631.500,92.8027,300.0000,64.9375,64.9834,13924.60,0.799972,92.802749
631.600,92.8027,300.0000,65.0625,64.9834,13924.32,0.799924,92.802749
631.700,92.8027,300.0000,65.0000,64.9834,13924.06,0.799879,92.802749
631.800,92.8027,300.0000,64.9375,64.9834,13923.82,0.799837,92.802749
631.900,92.8027,300.0000,64.8750,64.9835,13923.59,0.799798,92.802749
632.000,92.1908,300.0000,65.0625,64.9835,13917.26,0.798707,92.789141
632.100,92.1908,300.0000,64.9375,64.9836,13911.35,0.797690,92.789141
632.200,92.1908,300.0000,65.0000,64.9838,13905.83,0.796741,92.789141
632.300,92.1908,300.0000,65.1875,64.9840,13900.69,0.795857,92.789141
632.400,92.1908,300.0000,65.1250,64.9842,13895.88,0.795032,92.789141
632.500,92.1908,300.0000,65.0625,64.9845,13891.40,0.794262,92.789141
632.600,92.1908,300.0000,65.0000,64.9848,13887.21,0.793545,92.789141
632.700,92.1908,300.0000,65.0000,64.9852,13883.30,0.792875,92.789141
632.800,92.1908,300.0000,65.0000,64.9856,13879.66,0.792251,92.789141
632.900,92.1908,300.0000,65.0000,64.9860,13876.26,0.791668,92.789141
633.000,92.7891,300.0000,64.9375,64.9864,13879.06,0.792149,92.789141
633.100,92.7891,300.0000,64.9375,64.9867,13881.68,0.792597,92.789141
633.200,92.7891,300.0000,65.0000,64.9870,13884.13,0.793016,92.789141
633.300,92.7891,300.0000,64.9375,64.9874,13886.41,0.793408,92.789141
633.400,92.7891,300.0000,64.9375,64.9877,13888.54,0.793773,92.789141
633.500,92.7891,300.0000,65.0000,64.9879,13890.53,0.794114,92.789141
633.600,92.7891,300.0000,65.0000,64.9882,13892.39,0.794432,92.789141
633.700,92.7891,300.0000,65.0000,64.9885,13894.12,0.794730,92.789141
633.800,92.7891,300.0000,65.0000,64.9887,13895.74,0.795007,92.789141
633.900,92.7891,300.0000,65.0000,64.9889,13897.25,0.795266,92.789141
634.000,92.7891,300.0000,64.9375,64.9891,13898.65,0.795508,92.789141
634.100,92.7891,300.0000,64.9375,64.9893,13899.97,0.795734,92.789141
634.200,92.7891,300.0000,65.0000,64.9895,13901.20,0.795944,92.789141
634.300,92.7891,300.0000,65.0000,64.9897,13902.34,0.796141,92.789141
634.400,92.7891,300.0000,65.0000,64.9899,13903.41,0.796325,92.789141
634.500,92.7891,300.0000,64.9375,64.9900,13904.41,0.796496,92.789141
634.600,92.7891,300.0000,65.0000,64.9902,13905.34,0.796656,92.789141
634.700,92.7891,300.0000,64.9375,64.9903,13906.21,0.796805,92.789141
634.800,92.7891,300.0000,64.9375,64.9905,13907.02,0.796945,92.789141
634.900,92.7891,300.0000,64.9375,64.9906,13907.77,0.797075,92.789141
635.000,92.4831,300.0000,65.0000,64.9907,13905.42,0.796670,92.782336
635.100,92.4831,300.0000,65.0000,64.9909,13903.22,0.796293,92.782336
635.200,92.4831,300.0000,64.9375,64.9911,13901.17,0.795941,92.782336
635.300,92.4831,300.0000,65.0000,64.9913,13899.26,0.795612,92.782336
635.400,92.4831,300.0000,64.9375,64.9915,13897.47,0.795305,92.782336
635.500,92.4831,300.0000,64.9375,64.9917,13895.81,0.795019,92.782336
635.600,92.4831,300.0000,64.8750,64.9920,13894.25,0.794752,92.782336
635.700,92.4831,300.0000,64.9375,64.9922,13892.80,0.794503,92.782336
635.800,92.4831,300.0000,64.9375,64.9925,13891.44,0.794271,92.782336
635.900,92.4831,300.0000,64.9375,64.9928,13890.18,0.794054,92.782336
636.000,92.4763,300.0000,65.0000,64.9930,13888.93,0.793839,92.775532
636.100,92.4763,300.0000,65.0625,64.9933,13887.77,0.793640,92.775532
636.200,92.4763,300.0000,65.0000,64.9936,13886.68,0.793453,92.775532
636.300,92.4763,300.0000,65.0625,64.9939,13885.66,0.793279,92.775532
636.400,92.4763,300.0000,64.9375,64.9943,13884.72,0.793117,92.775532
636.500,92.4763,300.0000,64.9375,64.9946,13883.83,0.792965,92.775532
636.600,92.4763,300.0000,65.0000,64.9949,13883.01,0.792824,92.775532
636.700,92.4763,300.0000,65.0000,64.9952,13882.24,0.792692,92.775532
636.800,92.4763,300.0000,65.0625,64.9956,13881.52,0.792569,92.775532
636.900,92.4763,300.0000,64.9375,64.9959,13880.85,0.792454,92.775532
637.000,92.4695,300.0000,64.9375,64.9963,13880.15,0.792335,92.768728
637.100,92.4695,300.0000,64.9375,64.9966,13879.50,0.792224,92.768728
637.200,92.4695,300.0000,65.0625,64.9970,13878.90,0.792120,92.768728
637.300,92.4695,300.0000,64.9375,64.9973,13878.33,0.792024,92.768728
637.400,92.4695,300.0000,65.0000,64.9977,13877.81,0.791933,92.768728
637.500,92.4695,300.0000,65.0000,64.9981,13877.31,0.791849,92.768728
637.600,92.4695,300.0000,65.0000,64.9984,13876.86,0.791771,92.768728
637.700,92.4695,300.0000,64.8750,64.9988,13876.43,0.791697,92.768728
637.800,92.4695,300.0000,65.0000,64.9992,13876.03,0.791629,92.768728
637.900,92.4695,300.0000,64.9375,64.9996,13875.65,0.791565,92.768728
638.000,92.4627,300.0000,64.9375,65.0000,13875.24,0.791494,92.761924
638.100,92.4627,300.0000,64.9375,65.0003,13874.85,0.791427,92.761924
638.200,92.4627,300.0000,65.0000,65.0007,13874.49,0.791365,92.761924
638.300,92.4627,300.0000,65.0000,65.0011,13874.15,0.791307,92.761924
638.400,92.4627,300.0000,65.0000,65.0015,13873.83,0.791253,92.761924
638.500,92.4627,300.0000,64.9375,65.0019,13873.54,0.791203,92.761924
638.600,92.4627,300.0000,64.9375,65.0023,13873.26,0.791156,92.761924
638.700,92.4627,300.0000,64.9375,65.0027,13873.01,0.791112,92.761924
638.800,92.4627,300.0000,65.0000,65.0031,13872.77,0.791071,92.761924
638.900,92.4627,300.0000,64.8750,65.0035,13872.54,0.791033,92.761924
639.000,92.1499,300.0000,64.9375,65.0039,13869.21,0.790462,92.748315
639.100,92.1499,300.0000,65.1250,65.0043,13866.09,0.789929,92.748315
639.200,92.1499,300.0000,65.0000,65.0048,13863.18,0.789433,92.748315
639.300,92.1499,300.0000,65.0000,65.0053,13860.47,0.788969,92.748315
639.400,92.1499,300.0000,65.1250,65.0058,13857.94,0.788537,92.748315
639.500,92.1499,300.0000,64.9375,65.0064,13855.58,0.788134,92.748315
639.600,92.1499,300.0000,65.0000,65.0069,13853.37,0.787757,92.748315
639.700,92.1499,300.0000,65.0000,65.0075,13851.31,0.787406,92.748315
639.800,92.1499,300.0000,64.9375,65.0080,13849.39,0.787079,92.748315
639.900,92.1499,300.0000,65.0000,65.0086,13847.60,0.786773,92.748315
640.000,92.7483,300.0000,65.0000,65.0092,13851.91,0.787508,92.748315
640.100,92.7483,300.0000,65.0000,65.0097,13855.93,0.788194,92.748315
640.200,92.7483,300.0000,65.0000,65.0102,13859.68,0.788835,92.748315
640.300,92.7483,300.0000,64.8750,65.0107,13863.19,0.789433,92.748315
640.400,92.7483,300.0000,65.0000,65.0111,13866.46,0.789992,92.748315
640.500,92.7483,300.0000,65.0625,65.0115,13869.51,0.790514,92.748315
640.600,92.7483,300.0000,65.0000,65.0119,13872.36,0.791001,92.748315
640.700,92.7483,300.0000,65.0000,65.0122,13875.02,0.791456,92.748315
640.800,92.7483,300.0000,65.0000,65.0126,13877.50,0.791881,92.748315
640.900,92.7483,300.0000,65.0000,65.0129,13879.82,0.792278,92.748315
641.000,92.7483,300.0000,64.8125,65.0132,13881.98,0.792648,92.748315
641.100,92.7483,300.0000,64.9375,65.0134,13884.00,0.792994,92.748315
641.200,92.7483,300.0000,65.0000,65.0137,13885.88,0.793317,92.748315
641.300,92.7483,300.0000,65.0625,65.0140,13887.64,0.793618,92.748315
641.400,92.7483,300.0000,65.0000,65.0142,13889.28,0.793899,92.748315
641.500,92.7483,300.0000,64.9375,65.0144,13890.81,0.794162,92.748315
641.600,92.7483,300.0000,65.1250,65.0146,13892.24,0.794407,92.748315
641.700,92.7483,300.0000,64.9375,65.0148,13893.57,0.794636,92.748315
641.800,92.7483,300.0000,64.9375,65.0150,13894.82,0.794849,92.748315
641.900,92.7483,300.0000,65.0000,65.0152,13895.98,0.795049,92.748315
642.000,92.7483,300.0000,64.9375,65.0153,13897.06,0.795235,92.748315
642.100,92.7483,300.0000,65.0625,65.0155,13898.08,0.795409,92.748315
642.200,92.7483,300.0000,65.0000,65.0156,13899.02,0.795571,92.748315
642.300,92.7483,300.0000,65.0625,65.0158,13899.90,0.795722,92.748315
642.400,92.7483,300.0000,64.9375,65.0159,13900.73,0.795864,92.748315
642.500,92.7483,300.0000,65.0625,65.0160,13901.49,0.795996,92.748315
642.600,92.7483,300.0000,65.0000,65.0162,13902.21,0.796119,92.748315
642.700,92.7483,300.0000,65.0625,65.0163,13902.88,0.796234,92.748315
642.800,92.7483,300.0000,65.0625,65.0164,13903.50,0.796341,92.748315
642.900,92.7483,300.0000,65.0000,65.0165,13904.09,0.796441,92.748315
643.000,92.7483,300.0000,65.0000,65.0166,13904.63,0.796535,92.748315
643.100,92.7483,300.0000,64.8750,65.0167,13905.14,0.796622,92.748315
643.200,92.7483,300.0000,65.0625,65.0168,13905.61,0.796703,92.748315
643.300,92.7483,300.0000,65.0000,65.0169,13906.06,0.796779,92.748315
643.400,92.7483,300.0000,65.1250,65.0169,13906.47,0.796850,92.748315
643.500,92.7483,300.0000,65.0000,65.0170,13906.85,0.796917,92.748315
643.600,92.7483,300.0000,65.0000,65.0171,13907.21,0.796978,92.748315
643.700,92.7483,300.0000,64.8750,65.0172,13907.55,0.797036,92.748315
643.800,92.7483,300.0000,64.9375,65.0172,13907.86,0.797090,92.748315
643.900,92.7483,300.0000,65.0000,65.0173,13908.15,0.797140,92.748315
644.000,92.7483,300.0000,64.9375,65.0174,13908.43,0.797187,92.748315
644.100,92.7483,300.0000,65.0000,65.0174,13908.68,0.797231,92.748315
644.200,92.7483,300.0000,65.0000,65.0175,13908.92,0.797272,92.748315
644.300,92.7483,300.0000,64.8750,65.0176,13909.14,0.797310,92.748315
644.400,92.7483,300.0000,65.0000,65.0176,13909.35,0.797346,92.748315
644.500,92.7483,300.0000,65.0625,65.0177,13909.54,0.797379,92.748315
644.600,92.7483,300.0000,64.9375,65.0177,13909.72,0.797410,92.748315
644.700,92.7483,300.0000,65.0625,65.0178,13909.89,0.797439,92.748315
644.800,92.7483,300.0000,64.9375,65.0178,13910.05,0.797466,92.748315
644.900,92.7483,300.0000,65.0625,65.0179,13910.19,0.797491,92.748315
645.000,93.0543,300.0000,65.0000,65.0179,13913.39,0.798041,92.755120
645.100,93.0543,300.0000,64.9375,65.0179,13916.37,0.798555,92.755120
645.200,93.0543,300.0000,65.0000,65.0179,13919.16,0.799034,92.755120
645.300,93.0543,300.0000,65.0000,65.0178,13921.76,0.799482,92.755120
645.400,93.0543,300.0000,65.0000,65.0178,13924.18,0.799900,92.755120
645.500,93.0543,300.0000,65.0625,65.0177,13926.45,0.800290,92.755120
645.600,93.0543,300.0000,65.0000,65.0176,13928.56,0.800654,92.755120
645.700,93.0543,300.0000,65.0625,65.0175,13930.53,0.800995,92.755120
645.800,93.0543,300.0000,65.0625,65.0173,13932.38,0.801312,92.755120
645.900,93.0543,300.0000,65.0625,65.0172,13934.09,0.801609,92.755120
646.000,93.0611,300.0000,65.0000,65.0170,13935.77,0.801897,92.761924
646.100,93.0611,300.0000,65.0000,65.0169,13937.33,0.802167,92.761924
646.200,93.0611,300.0000,65.0000,65.0167,13938.78,0.802418,92.761924
646.300,93.0611,300.0000,65.0000,65.0165,13940.14,0.802653,92.761924
646.400,93.0611,300.0000,65.0000,65.0163,13941.41,0.802872,92.761924
646.500,93.0611,300.0000,65.0000,65.0161,13942.59,0.803076,92.761924
646.600,93.0611,300.0000,65.0000,65.0158,13943.70,0.803267,92.761924
646.700,93.0611,300.0000,65.0000,65.0156,13944.73,0.803446,92.761924
646.800,93.0611,300.0000,65.0625,65.0154,13945.69,0.803612,92.761924
646.900,93.0611,300.0000,65.0000,65.0151,13946.59,0.803767,92.761924
647.000,92.7619,300.0000,65.1250,65.0149,13944.44,0.803395,92.761924
647.100,92.7619,300.0000,65.0625,65.0147,13942.43,0.803048,92.761924
647.200,92.7619,300.0000,65.0000,65.0145,13940.55,0.802724,92.761924
647.300,92.7619,300.0000,64.9375,65.0143,13938.80,0.802421,92.761924
647.400,92.7619,300.0000,65.0000,65.0141,13937.17,0.802139,92.761924
647.500,92.7619,300.0000,64.9375,65.0140,13935.64,0.801876,92.761924
647.600,92.7619,300.0000,65.0000,65.0138,13934.22,0.801630,92.761924
647.700,92.7619,300.0000,65.0000,65.0137,13932.89,0.801401,92.761924
647.800,92.7619,300.0000,65.0625,65.0136,13931.65,0.801187,92.761924
647.900,92.7619,300.0000,65.0625,65.0135,13930.49,0.800987,92.761924
648.000,93.0679,300.0000,65.0625,65.0134,13932.47,0.801329,92.768728
648.100,93.0679,300.0000,65.0000,65.0132,13934.32,0.801648,92.768728
648.200,93.0679,300.0000,65.0000,65.0131,13936.04,0.801945,92.768728
648.300,93.0679,300.0000,65.0625,65.0129,13937.65,0.802223,92.768728
648.400,93.0679,300.0000,65.0625,65.0127,13939.16,0.802483,92.768728
648.500,93.0679,300.0000,65.0000,65.0125,13940.56,0.802725,92.768728
648.600,93.0679,300.0000,65.0625,65.0123,13941.87,0.802951,92.768728
648.700,93.0679,300.0000,64.9375,65.0121,13943.09,0.803162,92.768728
648.800,93.0679,300.0000,65.0000,65.0119,13944.23,0.803359,92.768728
648.900,93.0679,300.0000,65.0000,65.0117,13945.29,0.803543,92.768728
649.000,92.7687,300.0000,65.0625,65.0115,13943.29,0.803197,92.768728
649.100,92.7687,300.0000,65.0000,65.0113,13941.43,0.802875,92.768728
649.200,92.7687,300.0000,65.0625,65.0111,13939.69,0.802574,92.768728
649.300,92.7687,300.0000,65.0625,65.0109,13938.06,0.802294,92.768728
649.400,92.7687,300.0000,65.0625,65.0108,13936.54,0.802032,92.768728
649.500,92.7687,300.0000,65.0625,65.0106,13935.13,0.801787,92.768728
649.600,92.7687,300.0000,65.0000,65.0105,13933.81,0.801559,92.768728
649.700,92.7687,300.0000,65.0000,65.0104,13932.57,0.801346,92.768728
649.800,92.7687,300.0000,65.0000,65.0103,13931.42,0.801148,92.768728
649.900,92.7687,300.0000,65.0000,65.0102,13930.35,0.800963,92.768728
650.000,92.7687,300.0000,65.1250,65.0101,13929.35,0.800790,92.768728
650.100,92.7687,300.0000,65.0625,65.0100,13928.41,0.800628,92.768728
650.200,92.7687,300.0000,65.0000,65.0099,13927.54,0.800478,92.768728
650.300,92.7687,300.0000,64.9375,65.0099,13926.72,0.800337,92.768728
650.400,92.7687,300.0000,65.0000,65.0098,13925.96,0.800206,92.768728
650.500,92.7687,300.0000,64.9375,65.0097,13925.25,0.800083,92.768728
650.600,92.7687,300.0000,65.0625,65.0097,13924.59,0.799969,92.768728
650.700,92.7687,300.0000,65.0625,65.0096,13923.97,0.799863,92.768728
650.800,92.7687,300.0000,65.0625,65.0096,13923.39,0.799763,92.768728
650.900,92.7687,300.0000,65.0625,65.0096,13922.85,0.799670,92.768728
651.000,93.0747,300.0000,65.0000,65.0095,13925.41,0.800111,92.775532
651.100,93.0747,300.0000,65.0000,65.0094,13927.80,0.800522,92.775532
651.200,93.0747,300.0000,65.0625,65.0093,13930.02,0.800907,92.775532
651.300,93.0747,300.0000,65.0625,65.0092,13932.10,0.801265,92.775532
651.400,93.0747,300.0000,64.8750,65.0091,13934.04,0.801600,92.775532
651.500,93.0747,300.0000,65.0625,65.0089,13935.85,0.801913,92.775532
651.600,93.0747,300.0000,65.0000,65.0088,13937.55,0.802204,92.775532
651.700,93.0747,300.0000,65.0625,65.0086,13939.12,0.802477,92.775532
651.800,93.0747,300.0000,65.0625,65.0084,13940.60,0.802731,92.775532
651.900,93.0747,300.0000,65.0625,65.0082,13941.97,0.802969,92.775532
652.000,93.0815,300.0000,65.0000,65.0080,13943.32,0.803202,92.782336
652.100,93.0815,300.0000,65.0625,65.0078,13944.58,0.803420,92.782336
652.200,93.0815,300.0000,65.0000,65.0076,13945.76,0.803623,92.782336
652.300,93.0815,300.0000,65.0000,65.0074,13946.86,0.803813,92.782336
652.400,93.0815,300.0000,64.9375,65.0071,13947.88,0.803990,92.782336
652.500,93.0815,300.0000,65.0000,65.0069,13948.84,0.804156,92.782336
652.600,93.0815,300.0000,64.9375,65.0066,13949.73,0.804310,92.782336
652.700,93.0815,300.0000,65.0000,65.0064,13950.56,0.804454,92.782336
652.800,93.0815,300.0000,65.0000,65.0061,13951.34,0.804589,92.782336
652.900,93.0815,300.0000,65.0625,65.0058,13952.07,0.804715,92.782336
653.000,93.0883,300.0000,65.0000,65.0056,13952.81,0.804844,92.789141
653.100,93.0883,300.0000,64.9375,65.0053,13953.51,0.804964,92.789141
653.200,93.0883,300.0000,65.0000,65.0050,13954.16,0.805076,92.789141
653.300,93.0883,300.0000,64.9375,65.0047,13954.76,0.805181,92.789141
653.400,93.0883,300.0000,65.0625,65.0044,13955.33,0.805279,92.789141
653.500,93.0883,300.0000,65.0000,65.0041,13955.86,0.805371,92.789141
653.600,93.0883,300.0000,65.0000,65.0038,13956.35,0.805456,92.789141
653.700,93.0883,300.0000,65.0625,65.0035,13956.81,0.805536,92.789141
653.800,93.0883,300.0000,65.0000,65.0032,13957.24,0.805610,92.789141
653.900,93.0883,300.0000,65.0625,65.0029,13957.64,0.805679,92.789141
654.000,93.0951,300.0000,65.0000,65.0026,13958.08,0.805756,92.795945
654.100,93.0951,300.0000,64.9375,65.0023,13958.50,0.805827,92.795945
654.200,93.0951,300.0000,64.9375,65.0019,13958.88,0.805894,92.795945
654.300,93.0951,300.0000,65.0625,65.0016,13959.24,0.805956,92.795945
654.400,93.0951,300.0000,64.9375,65.0013,13959.58,0.806014,92.795945
654.500,93.0951,300.0000,65.0000,65.0010,13959.89,0.806069,92.795945
654.600,93.0951,300.0000,65.0000,65.0006,13960.18,0.806119,92.795945
654.700,93.0951,300.0000,64.9375,65.0003,13960.45,0.806167,92.795945
654.800,93.0951,300.0000,64.9375,65.0000,13960.71,0.806211,92.795945
654.900,93.0951,300.0000,65.0000,64.9996,13960.95,0.806252,92.795945
655.000,92.7959,300.0000,65.0000,64.9993,13958.17,0.805772,92.795945
655.100,92.7959,300.0000,65.0000,64.9991,13955.59,0.805324,92.795945
655.200,92.7959,300.0000,65.0000,64.9988,13953.18,0.804907,92.795945
655.300,92.7959,300.0000,65.0625,64.9985,13950.92,0.804517,92.795945
655.400,92.7959,300.0000,65.1250,64.9983,13948.82,0.804153,92.795945
655.500,92.7959,300.0000,64.9375,64.9981,13946.86,0.803814,92.795945
655.600,92.7959,300.0000,65.0000,64.9979,13945.03,0.803497,92.795945
655.700,92.7959,300.0000,65.0000,64.9977,13943.32,0.803202,92.795945
655.800,92.7959,300.0000,65.0000,64.9976,13941.72,0.802926,92.795945
655.900,92.7959,300.0000,65.0000,64.9974,13940.24,0.802669,92.795945
656.000,92.7959,300.0000,65.0625,64.9973,13938.85,0.802429,92.795945
656.100,92.7959,300.0000,65.0000,64.9971,13937.55,0.802205,92.795945
656.200,92.7959,300.0000,65.0000,64.9970,13936.34,0.801996,92.795945
656.300,92.7959,300.0000,64.9375,64.9969,13935.21,0.801801,92.795945
656.400,92.7959,300.0000,65.0625,64.9968,13934.15,0.801619,92.795945
656.500,92.7959,300.0000,65.0625,64.9967,13933.17,0.801449,92.795945
656.600,92.7959,300.0000,64.8750,64.9966,13932.25,0.801291,92.795945
656.700,92.7959,300.0000,65.1250,64.9965,13931.39,0.801143,92.795945
656.800,92.7959,300.0000,64.9375,64.9965,13930.59,0.801005,92.795945
656.900,92.7959,300.0000,65.0000,64.9964,13929.85,0.800876,92.795945
657.000,92.7959,300.0000,65.0000,64.9963,13929.15,0.800756,92.795945
657.100,92.7959,300.0000,65.0625,64.9963,13928.50,0.800644,92.795945
657.200,92.7959,300.0000,64.8750,64.9962,13927.89,0.800539,92.795945
657.300,92.7959,300.0000,65.0625,64.9962,13927.33,0.800441,92.795945
657.400,92.7959,300.0000,65.0625,64.9962,13926.80,0.800350,92.795945
657.500,92.7959,300.0000,65.0000,64.9961,13926.30,0.800265,92.795945
657.600,92.7959,300.0000,65.0000,64.9961,13925.84,0.800185,92.795945
657.700,92.7959,300.0000,65.0000,64.9961,13925.41,0.800111,92.795945
657.800,92.7959,300.0000,65.0000,64.9960,13925.01,0.800042,92.795945
657.900,92.7959,300.0000,64.9375,64.9960,13924.64,0.799978,92.795945
658.000,92.4899,300.0000,65.0625,64.9960,13921.23,0.799390,92.789141
658.100,92.4899,300.0000,65.0000,64.9961,13918.04,0.798842,92.789141
658.200,92.4899,300.0000,65.0000,64.9961,13915.07,0.798331,92.789141
658.300,92.4899,300.0000,65.0625,64.9962,13912.30,0.797854,92.789141
658.400,92.4899,300.0000,65.0000,64.9963,13909.71,0.797409,92.789141
658.500,92.4899,300.0000,64.9375,64.9964,13907.30,0.796993,92.789141
658.600,92.4899,300.0000,64.9375,64.9966,13905.05,0.796606,92.789141
658.700,92.4899,300.0000,64.9375,64.9967,13902.94,0.796244,92.789141
658.800,92.4899,300.0000,65.0000,64.9969,13900.98,0.795907,92.789141
658.900,92.4899,300.0000,64.9375,64.9971,13899.15,0.795592,92.789141
659.000,92.4831,300.0000,65.0000,64.9973,13897.37,0.795287,92.782336
659.100,92.4831,300.0000,65.0000,64.9975,13895.71,0.795002,92.782336
659.200,92.4831,300.0000,65.0625,64.9977,13894.16,0.794736,92.782336
659.300,92.4831,300.0000,65.0000,64.9980,13892.71,0.794488,92.782336
659.400,92.4831,300.0000,65.0000,64.9982,13891.36,0.794257,92.782336
659.500,92.4831,300.0000,65.1250,64.9985,13890.10,0.794041,92.782336
659.600,92.4831,300.0000,65.0625,64.9988,13888.93,0.793839,92.782336
659.700,92.4831,300.0000,64.9375,64.9990,13887.83,0.793651,92.782336
659.800,92.4831,300.0000,65.0000,64.9993,13886.81,0.793475,92.782336
659.900,92.4831,300.0000,65.1250,64.9996,13885.85,0.793312,92.782336
660.000,93.3943,300.0000,65.0625,64.9998,13894.07,0.794721,92.795945
660.100,93.3943,300.0000,64.9375,65.0000,13901.74,0.796038,92.795945
660.200,93.3943,300.0000,65.0625,65.0001,13908.90,0.797269,92.795945
660.300,93.3943,300.0000,65.0625,65.0001,13915.59,0.798419,92.795945
660.400,93.3943,300.0000,65.0000,65.0001,13921.82,0.799493,92.795945
660.500,93.3943,300.0000,65.0000,65.0001,13927.65,0.800496,92.795945
660.600,93.3943,300.0000,65.0625,65.0000,13933.08,0.801434,92.795945
660.700,93.3943,300.0000,65.0000,64.9998,13938.15,0.802309,92.795945
660.800,93.3943,300.0000,65.0000,64.9997,13942.88,0.803127,92.795945
660.900,93.3943,300.0000,65.0000,64.9994,13947.30,0.803890,92.795945
661.000,92.7959,300.0000,65.0000,64.9992,13945.44,0.803569,92.795945
661.100,92.7959,300.0000,65.1250,64.9991,13943.70,0.803269,92.795945
661.200,92.7959,300.0000,65.0000,64.9989,13942.08,0.802988,92.795945
661.300,92.7959,300.0000,65.0000,64.9987,13940.57,0.802727,92.795945
661.400,92.7959,300.0000,64.9375,64.9986,13939.16,0.802483,92.795945
661.500,92.7959,300.0000,64.9375,64.9984,13937.84,0.802256,92.795945
661.600,92.7959,300.0000,64.9375,64.9983,13936.61,0.802043,92.795945
661.700,92.7959,300.0000,64.9375,64.9982,13935.46,0.801845,92.795945
661.800,92.7959,300.0000,65.0000,64.9981,13934.39,0.801660,92.795945
661.900,92.7959,300.0000,65.0000,64.9980,13933.39,0.801488,92.795945
662.000,92.7959,300.0000,65.0000,64.9979,13932.46,0.801327,92.795945
662.100,92.7959,300.0000,65.0625,64.9978,13931.59,0.801176,92.795945
662.200,92.7959,300.0000,65.0000,64.9977,13930.77,0.801036,92.795945
662.300,92.7959,300.0000,65.0000,64.9977,13930.02,0.800905,92.795945
662.400,92.7959,300.0000,65.0000,64.9976,13929.31,0.800783,92.795945
662.500,92.7959,300.0000,65.0000,64.9976,13928.65,0.800669,92.795945
662.600,92.7959,300.0000,64.9375,64.9975,13928.03,0.800563,92.795945
662.700,92.7959,300.0000,65.0000,64.9975,13927.45,0.800463,92.795945
662.800,92.7959,300.0000,65.0625,64.9974,13926.92,0.800371,92.795945
662.900,92.7959,300.0000,65.0625,64.9974,13926.41,0.800284,92.795945
663.000,93.1019,300.0000,65.0000,64.9973,13929.01,0.800731,92.802749
663.100,93.1019,300.0000,65.0625,64.9972,13931.43,0.801148,92.802749
663.200,93.1019,300.0000,65.0000,64.9971,13933.68,0.801538,92.802749
663.300,93.1019,300.0000,64.8750,64.9970,13935.79,0.801902,92.802749
663.400,93.1019,300.0000,65.0625,64.9969,13937.76,0.802241,92.802749
663.500,93.1019,300.0000,65.0625,64.9967,13939.59,0.802558,92.802749
663.600,93.1019,300.0000,65.0000,64.9966,13941.31,0.802854,92.802749
663.700,93.1019,300.0000,64.8750,64.9964,13942.90,0.803130,92.802749
663.800,93.1019,300.0000,65.0625,64.9962,13944.40,0.803388,92.802749
663.900,93.1019,300.0000,65.0000,64.9960,13945.79,0.803629,92.802749
664.000,92.8027,300.0000,65.0000,64.9958,13944.10,0.803337,92.802749
664.100,92.8027,300.0000,65.0000,64.9957,13942.52,0.803064,92.802749
664.200,92.8027,300.0000,64.8750,64.9955,13941.05,0.802809,92.802749
664.300,92.8027,300.0000,65.0000,64.9954,13939.67,0.802571,92.802749
664.400,92.8027,300.0000,65.0625,64.9952,13938.39,0.802350,92.802749
664.500,92.8027,300.0000,65.0000,64.9951,13937.19,0.802143,92.802749
664.600,92.8027,300.0000,64.9375,64.9950,13936.07,0.801950,92.802749
664.700,92.8027,300.0000,65.0000,64.9949,13935.03,0.801770,92.802749
664.800,92.8027,300.0000,64.9375,64.9948,13934.05,0.801601,92.802749
664.900,92.8027,300.0000,65.0000,64.9947,13933.14,0.801444,92.802749
665.000,92.8027,300.0000,64.8750,64.9946,13932.29,0.801298,92.802749
665.100,92.8027,300.0000,64.9375,64.9945,13931.50,0.801161,92.802749
665.200,92.8027,300.0000,65.0000,64.9945,13930.76,0.801034,92.802749
665.300,92.8027,300.0000,65.0000,64.9944,13930.07,0.800915,92.802749
665.400,92.8027,300.0000,65.0000,64.9944,13929.43,0.800804,92.802749
665.500,92.8027,300.0000,65.0000,64.9943,13928.83,0.800700,92.802749
665.600,92.8027,300.0000,65.0000,64.9943,13928.27,0.800603,92.802749
665.700,92.8027,300.0000,64.9375,64.9942,13927.74,0.800513,92.802749
665.800,92.8027,300.0000,64.9375,64.9942,13927.25,0.800429,92.802749
665.900,92.8027,300.0000,65.0000,64.9941,13926.80,0.800350,92.802749
666.000,92.8027,300.0000,64.9375,64.9941,13926.37,0.800277,92.802749
666.100,92.8027,300.0000,65.0000,64.9941,13925.97,0.800208,92.802749
666.200,92.8027,300.0000,65.0625,64.9941,13925.60,0.800144,92.802749
666.300,92.8027,300.0000,65.0625,64.9940,13925.26,0.800085,92.802749
666.400,92.8027,300.0000,65.0625,64.9940,13924.93,0.800029,92.802749
666.500,92.8027,300.0000,65.0625,64.9940,13924.63,0.799977,92.802749
666.600,92.8027,300.0000,65.0000,64.9940,13924.35,0.799929,92.802749
666.700,92.8027,300.0000,65.0000,64.9940,13924.09,0.799883,92.802749
666.800,92.8027,300.0000,65.0000,64.9940,13923.84,0.799841,92.802749
666.900,92.8027,300.0000,65.0000,64.9940,13923.62,0.799802,92.802749
667.000,92.8027,300.0000,65.0625,64.9940,13923.40,0.799765,92.802749
667.100,92.8027,300.0000,65.0000,64.9939,13923.20,0.799730,92.802749
667.200,92.8027,300.0000,65.0000,64.9939,13923.02,0.799698,92.802749
667.300,92.8027,300.0000,65.0000,64.9939,13922.84,0.799669,92.802749
667.400,92.8027,300.0000,64.9375,64.9939,13922.68,0.799641,92.802749
667.500,92.8027,300.0000,65.0000,64.9939,13922.53,0.799615,92.802749
667.600,92.8027,300.0000,64.8750,64.9939,13922.39,0.799590,92.802749
667.700,92.8027,300.0000,64.8750,64.9940,13922.26,0.799568,92.802749
667.800,92.8027,300.0000,65.0000,64.9940,13922.13,0.799546,92.802749
667.900,92.8027,300.0000,65.0000,64.9940,13922.02,0.799527,92.802749
668.000,92.8027,300.0000,65.0000,64.9940,13921.91,0.799508,92.802749
668.100,92.8027,300.0000,65.0625,64.9940,13921.81,0.799491,92.802749
668.200,92.8027,300.0000,65.0625,64.9940,13921.72,0.799475,92.802749
668.300,92.8027,300.0000,64.9375,64.9940,13921.63,0.799460,92.802749
668.400,92.8027,300.0000,64.8750,64.9940,13921.55,0.799446,92.802749
668.500,92.8027,300.0000,65.0000,64.9940,13921.47,0.799433,92.802749
668.600,92.8027,300.0000,65.0625,64.9940,13921.40,0.799421,92.802749
668.700,92.8027,300.0000,65.0625,64.9940,13921.34,0.799409,92.802749
668.800,92.8027,300.0000,65.0000,64.9940,13921.28,0.799399,92.802749
668.900,92.8027,300.0000,65.0000,64.9941,13921.22,0.799389,92.802749
669.000,92.8027,300.0000,65.0000,64.9941,13921.16,0.799379,92.802749
669.100,92.8027,300.0000,65.0000,64.9941,13921.11,0.799371,92.802749
669.200,92.8027,300.0000,65.0000,64.9941,13921.07,0.799363,92.802749
669.300,92.8027,300.0000,64.9375,64.9941,13921.02,0.799355,92.802749
669.400,92.8027,300.0000,65.0625,64.9941,13920.98,0.799348,92.802749
669.500,92.8027,300.0000,65.0000,64.9941,13920.95,0.799342,92.802749
669.600,92.8027,300.0000,64.9375,64.9941,13920.91,0.799335,92.802749
669.700,92.8027,300.0000,65.0000,64.9942,13920.88,0.799330,92.802749
669.800,92.8027,300.0000,64.9375,64.9942,13920.85,0.799324,92.802749
669.900,92.8027,300.0000,65.0625,64.9942,13920.82,0.799319,92.802749
670.000,93.1087,300.0000,64.9375,64.9942,13923.85,0.799842,92.809553
670.100,93.1087,300.0000,64.8750,64.9941,13926.68,0.800330,92.809553
670.200,93.1087,300.0000,64.9375,64.9941,13929.32,0.800786,92.809553
670.300,93.1087,300.0000,65.0000,64.9940,13931.79,0.801211,92.809553
670.400,93.1087,300.0000,65.0000,64.9939,13934.09,0.801608,92.809553
670.500,93.1087,300.0000,65.0000,64.9938,13936.24,0.801979,92.809553
670.600,93.1087,300.0000,65.1250,64.9937,13938.24,0.802325,92.809553
670.700,93.1087,300.0000,65.0000,64.9935,13940.11,0.802648,92.809553
670.800,93.1087,300.0000,65.0000,64.9934,13941.86,0.802950,92.809553
670.900,93.1087,300.0000,65.0000,64.9932,13943.49,0.803232,92.809553
671.000,92.8096,300.0000,65.0625,64.9930,13942.02,0.802978,92.809553
671.100,92.8096,300.0000,65.0625,64.9929,13940.65,0.802740,92.809553
671.200,92.8096,300.0000,64.9375,64.9928,13939.37,0.802519,92.809553
671.300,92.8096,300.0000,65.0000,64.9926,13938.17,0.802313,92.809553
671.400,92.8096,300.0000,64.9375,64.9925,13937.06,0.802120,92.809553
671.500,92.8096,300.0000,64.9375,64.9924,13936.01,0.801940,92.809553
671.600,92.8096,300.0000,65.0000,64.9923,13935.04,0.801772,92.809553
671.700,92.8096,300.0000,65.0000,64.9922,13934.13,0.801616,92.809553
671.800,92.8096,300.0000,65.0000,64.9921,13933.29,0.801470,92.809553
671.900,92.8096,300.0000,64.9375,64.9921,13932.50,0.801333,92.809553
672.000,92.5036,300.0000,64.9375,64.9920,13928.70,0.800678,92.802749
672.100,92.5036,300.0000,65.0000,64.9920,13925.16,0.800067,92.802749
672.200,92.5036,300.0000,64.9375,64.9920,13921.85,0.799497,92.802749
672.300,92.5036,300.0000,65.0000,64.9920,13918.76,0.798965,92.802749
672.400,92.5036,300.0000,64.9375,64.9921,13915.88,0.798469,92.802749
672.500,92.5036,300.0000,64.9375,64.9922,13913.19,0.798006,92.802749
672.600,92.5036,300.0000,65.0625,64.9923,13910.68,0.797574,92.802749
672.700,92.5036,300.0000,64.8750,64.9924,13908.33,0.797171,92.802749
672.800,92.5036,300.0000,64.9375,64.9925,13906.15,0.796795,92.802749
672.900,92.5036,300.0000,64.9375,64.9927,13904.11,0.796445,92.802749
673.000,92.4967,300.0000,65.0000,64.9929,13902.13,0.796106,92.795945
673.100,92.4967,300.0000,64.9375,64.9931,13900.29,0.795789,92.795945
673.200,92.4967,300.0000,65.0000,64.9933,13898.57,0.795494,92.795945
673.300,92.4967,300.0000,65.0625,64.9935,13896.97,0.795219,92.795945
673.400,92.4967,300.0000,65.0000,64.9937,13895.47,0.794962,92.795945
673.500,92.4967,300.0000,65.0000,64.9939,13894.08,0.794722,92.795945
673.600,92.4967,300.0000,64.9375,64.9942,13892.77,0.794498,92.795945
673.700,92.4967,300.0000,65.0625,64.9945,13891.55,0.794289,92.795945
673.800,92.4967,300.0000,65.0625,64.9947,13890.42,0.794094,92.795945
673.900,92.4967,300.0000,65.0625,64.9950,13889.36,0.793913,92.795945
674.000,93.1019,300.0000,65.0625,64.9952,13894.42,0.794781,92.802749
674.100,93.1019,300.0000,65.0625,64.9954,13899.14,0.795592,92.802749
674.200,93.1019,300.0000,65.0625,64.9956,13903.55,0.796350,92.802749
674.300,93.1019,300.0000,65.0625,64.9957,13907.67,0.797057,92.802749
674.400,93.1019,300.0000,64.9375,64.9958,13911.51,0.797718,92.802749
674.500,93.1019,300.0000,65.0625,64.9958,13915.10,0.798335,92.802749
674.600,93.1019,300.0000,65.0000,64.9959,13918.44,0.798911,92.802749
674.700,93.1019,300.0000,65.0000,64.9959,13921.57,0.799449,92.802749
674.800,93.1019,300.0000,65.0625,64.9959,13924.48,0.799951,92.802749
674.900,93.1019,300.0000,65.0000,64.9958,13927.20,0.800420,92.802749
675.000,92.8027,300.0000,65.0625,64.9958,13926.75,0.800342,92.802749
675.100,92.8027,300.0000,65.0625,64.9957,13926.33,0.800269,92.802749
675.200,92.8027,300.0000,65.0000,64.9957,13925.93,0.800201,92.802749
675.300,92.8027,300.0000,65.0000,64.9957,13925.56,0.800138,92.802749
675.400,92.8027,300.0000,65.0000,64.9957,13925.22,0.800078,92.802749
675.500,92.8027,300.0000,65.0000,64.9956,13924.90,0.800023,92.802749
675.600,92.8027,300.0000,65.1250,64.9956,13924.60,0.799972,92.802749
675.700,92.8027,300.0000,65.0000,64.9956,13924.32,0.799923,92.802749
675.800,92.8027,300.0000,64.8750,64.9956,13924.06,0.799878,92.802749
675.900,92.8027,300.0000,64.9375,64.9956,13923.82,0.799837,92.802749
676.000,92.4967,300.0000,65.0000,64.9956,13920.53,0.799270,92.795945
676.100,92.4967,300.0000,65.0625,64.9956,13917.46,0.798742,92.795945
676.200,92.4967,300.0000,65.0000,64.9957,13914.60,0.798249,92.795945
676.300,92.4967,300.0000,65.0625,64.9958,13911.93,0.797789,92.795945
676.400,92.4967,300.0000,65.0000,64.9959,13909.43,0.797360,92.795945
676.500,92.4967,300.0000,64.9375,64.9960,13907.11,0.796960,92.795945
676.600,92.4967,300.0000,64.8750,64.9961,13904.93,0.796586,92.795945
676.700,92.4967,300.0000,65.0000,64.9963,13902.90,0.796238,92.795945
676.800,92.4967,300.0000,64.9375,64.9965,13901.01,0.795913,92.795945
676.900,92.4967,300.0000,64.9375,64.9967,13899.24,0.795609,92.795945
677.000,92.4899,300.0000,65.0000,64.9969,13897.53,0.795314,92.789141
677.100,92.4899,300.0000,64.9375,64.9971,13895.93,0.795039,92.789141
677.200,92.4899,300.0000,64.9375,64.9973,13894.43,0.794783,92.789141
677.300,92.4899,300.0000,65.0625,64.9976,13893.03,0.794543,92.789141
677.400,92.4899,300.0000,65.0000,64.9978,13891.73,0.794320,92.789141
677.500,92.4899,300.0000,65.0000,64.9981,13890.52,0.794111,92.789141
677.600,92.4899,300.0000,64.9375,64.9983,13889.38,0.793917,92.789141
677.700,92.4899,300.0000,65.0000,64.9986,13888.32,0.793735,92.789141
677.800,92.4899,300.0000,65.0000,64.9989,13887.33,0.793565,92.789141
677.900,92.4899,300.0000,65.0000,64.9992,13886.41,0.793407,92.789141
678.000,92.7891,300.0000,65.0000,64.9994,13888.54,0.793773,92.789141
678.100,92.7891,300.0000,65.0000,64.9997,13890.53,0.794114,92.789141
678.200,92.7891,300.0000,65.0625,64.9999,13892.39,0.794432,92.789141
678.300,92.7891,300.0000,64.9375,65.0002,13894.12,0.794729,92.789141
678.400,92.7891,300.0000,65.0000,65.0004,13895.73,0.795007,92.789141
678.500,92.7891,300.0000,65.0625,65.0006,13897.24,0.795266,92.789141
678.600,92.7891,300.0000,65.0000,65.0008,13898.65,0.795508,92.789141
678.700,92.7891,300.0000,65.0000,65.0009,13899.97,0.795733,92.789141
678.800,92.7891,300.0000,65.0000,65.0011,13901.19,0.795944,92.789141
678.900,92.7891,300.0000,64.9375,65.0012,13902.34,0.796141,92.789141
679.000,92.4831,300.0000,65.0000,65.0014,13900.35,0.795799,92.782336
679.100,92.4831,300.0000,65.0625,65.0016,13898.49,0.795480,92.782336
679.200,92.4831,300.0000,64.8750,65.0018,13896.75,0.795182,92.782336
679.300,92.4831,300.0000,64.9375,65.0020,13895.14,0.794904,92.782336
679.400,92.4831,300.0000,65.0625,65.0022,13893.62,0.794645,92.782336
679.500,92.4831,300.0000,65.0000,65.0025,13892.21,0.794403,92.782336
679.600,92.4831,300.0000,65.0625,65.0027,13890.90,0.794177,92.782336
679.700,92.4831,300.0000,65.0625,65.0030,13889.67,0.793966,92.782336
679.800,92.4831,300.0000,65.0000,65.0032,13888.52,0.793770,92.782336
679.900,92.4831,300.0000,65.0000,65.0035,13887.45,0.793586,92.782336
680.000,92.7823,300.0000,65.0000,65.0038,13889.45,0.793928,92.782336
680.100,92.7823,300.0000,65.0000,65.0040,13891.31,0.794247,92.782336
680.200,92.7823,300.0000,65.0000,65.0042,13893.04,0.794545,92.782336
680.300,92.7823,300.0000,65.0625,65.0044,13894.66,0.794823,92.782336
680.400,92.7823,300.0000,64.9375,65.0046,13896.18,0.795082,92.782336
680.500,92.7823,300.0000,64.9375,65.0048,13897.59,0.795325,92.782336
680.600,92.7823,300.0000,64.9375,65.0050,13898.91,0.795551,92.782336
680.700,92.7823,300.0000,65.0625,65.0051,13900.13,0.795762,92.782336
680.800,92.7823,300.0000,64.9375,65.0053,13901.28,0.795959,92.782336
680.900,92.7823,300.0000,65.0625,65.0054,13902.35,0.796143,92.782336
681.000,93.0883,300.0000,65.0000,65.0055,13906.41,0.796841,92.789141
681.100,93.0883,300.0000,65.0000,65.0056,13910.20,0.797492,92.789141
681.200,93.0883,300.0000,64.8750,65.0057,13913.74,0.798101,92.789141
681.300,93.0883,300.0000,65.0625,65.0057,13917.04,0.798669,92.789141
681.400,93.0883,300.0000,65.0000,65.0057,13920.12,0.799200,92.789141
681.500,93.0883,300.0000,65.0000,65.0057,13923.00,0.799695,92.789141
681.600,93.0883,300.0000,65.0000,65.0056,13925.68,0.800157,92.789141
681.700,93.0883,300.0000,65.0625,65.0055,13928.18,0.800589,92.789141
681.800,93.0883,300.0000,65.0625,65.0054,13930.52,0.800992,92.789141
681.900,93.0883,300.0000,65.0000,65.0053,13932.70,0.801369,92.789141
682.000,92.7891,300.0000,64.9375,65.0052,13931.75,0.801204,92.789141
682.100,92.7891,300.0000,65.0000,65.0051,13930.86,0.801050,92.789141
682.200,92.7891,300.0000,64.9375,65.0051,13930.02,0.800907,92.789141
682.300,92.7891,300.0000,65.0000,65.0050,13929.25,0.800773,92.789141
682.400,92.7891,300.0000,65.0625,65.0049,13928.52,0.800647,92.789141
682.500,92.7891,300.0000,64.9375,65.0048,13927.85,0.800531,92.789141
682.600,92.7891,300.0000,64.9375,65.0048,13927.21,0.800422,92.789141
682.700,92.7891,300.0000,65.0000,65.0047,13926.62,0.800320,92.789141
682.800,92.7891,300.0000,65.0000,65.0047,13926.07,0.800225,92.789141
682.900,92.7891,300.0000,65.0625,65.0046,13925.56,0.800137,92.789141
683.000,93.0951,300.0000,65.0625,65.0045,13928.14,0.800582,92.795945
683.100,93.0951,300.0000,65.0000,65.0045,13930.55,0.800997,92.795945
683.200,93.0951,300.0000,65.0000,65.0044,13932.80,0.801385,92.795945
683.300,93.0951,300.0000,65.0000,65.0042,13934.90,0.801747,92.795945
683.400,93.0951,300.0000,64.9375,65.0041,13936.85,0.802085,92.795945
683.500,93.0951,300.0000,65.0000,65.0039,13938.68,0.802401,92.795945
683.600,93.0951,300.0000,65.0625,65.0038,13940.39,0.802695,92.795945
683.700,93.0951,300.0000,64.9375,65.0036,13941.98,0.802971,92.795945
683.800,93.0951,300.0000,64.9375,65.0034,13943.47,0.803227,92.795945
683.900,93.0951,300.0000,64.9375,65.0032,13944.85,0.803467,92.795945
684.000,92.4899,300.0000,65.0000,65.0030,13940.10,0.802645,92.789141
684.100,92.4899,300.0000,65.0000,65.0029,13935.66,0.801878,92.789141
684.200,92.4899,300.0000,65.0000,65.0028,13931.51,0.801163,92.789141
684.300,92.4899,300.0000,65.0000,65.0027,13927.64,0.800496,92.789141
684.400,92.4899,300.0000,65.0000,65.0027,13924.03,0.799874,92.789141
684.500,92.4899,300.0000,65.0625,65.0027,13920.66,0.799293,92.789141
684.600,92.4899,300.0000,64.9375,65.0027,13917.52,0.798752,92.789141
684.700,92.4899,300.0000,65.0000,65.0028,13914.58,0.798246,92.789141
684.800,92.4899,300.0000,65.0000,65.0028,13911.84,0.797775,92.789141
684.900,92.4899,300.0000,65.0000,65.0029,13909.29,0.797335,92.789141
685.000,92.7891,300.0000,65.0000,65.0030,13909.89,0.797439,92.789141
685.100,92.7891,300.0000,65.0625,65.0031,13910.46,0.797536,92.789141
685.200,92.7891,300.0000,65.0625,65.0032,13910.99,0.797627,92.789141
685.300,92.7891,300.0000,65.0625,65.0032,13911.48,0.797712,92.789141
685.400,92.7891,300.0000,64.8750,65.0033,13911.94,0.797791,92.789141
685.500,92.7891,300.0000,65.1250,65.0034,13912.37,0.797865,92.789141
685.600,92.7891,300.0000,65.0000,65.0034,13912.77,0.797934,92.789141
685.700,92.7891,300.0000,65.0625,65.0035,13913.14,0.797998,92.789141
685.800,92.7891,300.0000,65.0000,65.0036,13913.49,0.798058,92.789141
685.900,92.7891,300.0000,65.0000,65.0036,13913.81,0.798114,92.789141
686.000,92.7891,300.0000,65.0000,65.0037,13914.12,0.798166,92.789141
686.100,92.7891,300.0000,65.0000,65.0037,13914.40,0.798215,92.789141
686.200,92.7891,300.0000,65.0000,65.0037,13914.67,0.798260,92.789141
686.300,92.7891,300.0000,65.1250,65.0038,13914.91,0.798303,92.789141
686.400,92.7891,300.0000,65.0000,65.0038,13915.14,0.798343,92.789141
686.500,92.7891,300.0000,65.0000,65.0039,13915.36,0.798380,92.789141
686.600,92.7891,300.0000,65.0000,65.0039,13915.56,0.798414,92.789141
686.700,92.7891,300.0000,64.9375,65.0039,13915.75,0.798447,92.789141
686.800,92.7891,300.0000,65.0000,65.0040,13915.92,0.798477,92.789141
686.900,92.7891,300.0000,65.0000,65.0040,13916.09,0.798505,92.789141
687.000,92.7891,300.0000,65.0000,65.0040,13916.24,0.798531,92.789141
687.100,92.7891,300.0000,65.0000,65.0041,13916.38,0.798555,92.789141
687.200,92.7891,300.0000,65.0000,65.0041,13916.51,0.798578,92.789141
687.300,92.7891,300.0000,65.0625,65.0041,13916.64,0.798600,92.789141
687.400,92.7891,300.0000,65.0625,65.0041,13916.75,0.798620,92.789141
687.500,92.7891,300.0000,65.0000,65.0042,13916.86,0.798638,92.789141
687.600,92.7891,300.0000,65.0000,65.0042,13916.96,0.798655,92.789141
687.700,92.7891,300.0000,65.0000,65.0042,13917.06,0.798672,92.789141
687.800,92.7891,300.0000,65.0000,65.0042,13917.14,0.798687,92.789141
687.900,92.7891,300.0000,65.0625,65.0043,13917.22,0.798701,92.789141
688.000,93.0951,300.0000,65.0625,65.0043,13920.36,0.799241,92.795945
688.100,93.0951,300.0000,65.0625,65.0042,13923.29,0.799745,92.795945
688.200,93.0951,300.0000,65.0000,65.0042,13926.02,0.800216,92.795945
688.300,93.0951,300.0000,64.9375,65.0041,13928.57,0.800656,92.795945
688.400,93.0951,300.0000,65.0000,65.0040,13930.95,0.801066,92.795945
688.500,93.0951,300.0000,65.0000,65.0039,13933.17,0.801450,92.795945
688.600,93.0951,300.0000,65.0000,65.0038,13935.25,0.801807,92.795945
688.700,93.0951,300.0000,64.9375,65.0036,13937.18,0.802141,92.795945
688.800,93.0951,300.0000,64.9375,65.0035,13938.99,0.802453,92.795945
688.900,93.0951,300.0000,65.0000,65.0033,13940.67,0.802745,92.795945
689.000,92.7959,300.0000,65.0000,65.0032,13939.25,0.802499,92.795945
689.100,92.7959,300.0000,64.9375,65.0030,13937.93,0.802271,92.795945
689.200,92.7959,300.0000,65.0000,65.0029,13936.69,0.802057,92.795945
689.300,92.7959,300.0000,65.0625,65.0027,13935.54,0.801858,92.795945
689.400,92.7959,300.0000,65.0625,65.0026,13934.46,0.801672,92.795945
689.500,92.7959,300.0000,64.9375,65.0025,13933.46,0.801499,92.795945
689.600,92.7959,300.0000,65.1250,65.0024,13932.52,0.801337,92.795945
689.700,92.7959,300.0000,64.9375,65.0023,13931.65,0.801186,92.795945
689.800,92.7959,300.0000,64.9375,65.0022,13930.83,0.801045,92.795945
689.900,92.7959,300.0000,65.0000,65.0022,13930.07,0.800914,92.795945
690.000,92.7959,300.0000,65.0000,65.0021,13929.35,0.800791,92.795945
690.100,92.7959,300.0000,65.0000,65.0020,13928.69,0.800676,92.795945
690.200,92.7959,300.0000,65.0000,65.0020,13928.07,0.800570,92.795945
690.300,92.7959,300.0000,65.0625,65.0019,13927.49,0.800470,92.795945
690.400,92.7959,300.0000,65.0625,65.0018,13926.95,0.800377,92.795945
690.500,92.7959,300.0000,65.0000,65.0018,13926.45,0.800290,92.795945
690.600,92.7959,300.0000,65.0000,65.0017,13925.98,0.800209,92.795945
690.700,92.7959,300.0000,64.9375,65.0017,13925.54,0.800133,92.795945
690.800,92.7959,300.0000,65.0625,65.0017,13925.13,0.800062,92.795945
690.900,92.7959,300.0000,65.0000,65.0016,13924.75,0.799996,92.795945
691.000,92.7959,300.0000,64.9375,65.0016,13924.39,0.799935,92.795945
691.100,92.7959,300.0000,64.9375,65.0016,13924.06,0.799878,92.795945
691.200,92.7959,300.0000,65.0000,65.0015,13923.75,0.799824,92.795945
691.300,92.7959,300.0000,65.0000,65.0015,13923.45,0.799774,92.795945
691.400,92.7959,300.0000,64.9375,65.0015,13923.18,0.799727,92.795945
691.500,92.7959,300.0000,65.0625,65.0015,13922.93,0.799684,92.795945
691.600,92.7959,300.0000,64.9375,65.0015,13922.70,0.799643,92.795945
691.700,92.7959,300.0000,65.0000,65.0015,13922.47,0.799605,92.795945
691.800,92.7959,300.0000,65.0000,65.0014,13922.27,0.799570,92.795945
691.900,92.7959,300.0000,65.0000,65.0014,13922.08,0.799537,92.795945
692.000,92.7959,300.0000,65.0000,65.0014,13921.90,0.799506,92.795945
692.100,92.7959,300.0000,65.0625,65.0014,13921.73,0.799477,92.795945
692.200,92.7959,300.0000,65.0625,65.0014,13921.58,0.799450,92.795945
692.300,92.7959,300.0000,65.0000,65.0014,13921.43,0.799425,92.795945
692.400,92.7959,300.0000,65.0000,65.0014,13921.29,0.799402,92.795945
692.500,92.7959,300.0000,64.9375,65.0014,13921.17,0.799380,92.795945
692.600,92.7959,300.0000,65.0000,65.0014,13921.05,0.799359,92.795945
692.700,92.7959,300.0000,65.1250,65.0014,13920.94,0.799340,92.795945
692.800,92.7959,300.0000,65.0625,65.0014,13920.84,0.799323,92.795945
692.900,92.7959,300.0000,64.9375,65.0014,13920.74,0.799306,92.795945
693.000,92.4899,300.0000,65.0625,65.0014,13917.59,0.798764,92.789141
693.100,92.4899,300.0000,65.0625,65.0015,13914.65,0.798258,92.789141
693.200,92.4899,300.0000,65.0000,65.0015,13911.91,0.797785,92.789141
693.300,92.4899,300.0000,64.9375,65.0016,13909.34,0.797345,92.789141
693.400,92.4899,300.0000,65.0625,65.0017,13906.95,0.796934,92.789141
693.500,92.4899,300.0000,65.0625,65.0019,13904.72,0.796550,92.789141
693.600,92.4899,300.0000,65.0000,65.0020,13902.64,0.796193,92.789141
693.700,92.4899,300.0000,65.0625,65.0022,13900.70,0.795859,92.789141
693.800,92.4899,300.0000,65.0625,65.0024,13898.88,0.795547,92.789141
693.900,92.4899,300.0000,64.9375,65.0025,13897.19,0.795257,92.789141
694.000,92.4831,300.0000,65.0625,65.0028,13895.54,0.794974,92.782336
694.100,92.4831,300.0000,65.0625,65.0030,13894.01,0.794710,92.782336
694.200,92.4831,300.0000,65.0000,65.0032,13892.57,0.794464,92.782336
694.300,92.4831,300.0000,65.1250,65.0034,13891.23,0.794234,92.782336
694.400,92.4831,300.0000,65.0000,65.0037,13889.98,0.794019,92.782336
694.500,92.4831,300.0000,64.9375,65.0040,13888.81,0.793819,92.782336
694.600,92.4831,300.0000,65.0000,65.0042,13887.72,0.793632,92.782336
694.700,92.4831,300.0000,64.9375,65.0045,13886.71,0.793458,92.782336
694.800,92.4831,300.0000,65.0000,65.0048,13885.76,0.793295,92.782336
694.900,92.4831,300.0000,65.0625,65.0051,13884.87,0.793144,92.782336
695.000,93.0883,300.0000,65.0000,65.0053,13890.10,0.794039,92.789141
695.100,93.0883,300.0000,65.0625,65.0055,13894.97,0.794876,92.789141
695.200,93.0883,300.0000,65.0000,65.0057,13899.53,0.795657,92.789141
695.300,93.0883,300.0000,64.9375,65.0058,13903.77,0.796387,92.789141
695.400,93.0883,300.0000,64.9375,65.0059,13907.74,0.797069,92.789141
695.500,93.0883,300.0000,65.0000,65.0060,13911.44,0.797705,92.789141
695.600,93.0883,300.0000,65.0625,65.0060,13914.89,0.798300,92.789141
695.700,93.0883,300.0000,65.0000,65.0060,13918.12,0.798855,92.789141
695.800,93.0883,300.0000,64.9375,65.0060,13921.13,0.799373,92.789141
695.900,93.0883,300.0000,65.1250,65.0060,13923.93,0.799857,92.789141
696.000,93.4011,300.0000,65.0000,65.0059,13929.68,0.800848,92.802749
696.100,93.4011,300.0000,65.0625,65.0058,13935.05,0.801774,92.802749
696.200,93.4011,300.0000,64.8750,65.0056,13940.06,0.802638,92.802749
696.300,93.4011,300.0000,65.0000,65.0054,13944.73,0.803446,92.802749
696.400,93.4011,300.0000,64.8750,65.0051,13949.09,0.804200,92.802749
696.500,93.4011,300.0000,65.0625,65.0049,13953.17,0.804905,92.802749
696.600,93.4011,300.0000,65.0000,65.0046,13956.97,0.805563,92.802749
696.700,93.4011,300.0000,64.9375,65.0042,13960.51,0.806177,92.802749
696.800,93.4011,300.0000,64.9375,65.0038,13963.82,0.806751,92.802749
696.900,93.4011,300.0000,64.9375,65.0035,13966.91,0.807286,92.802749
697.000,92.4967,300.0000,65.0000,65.0031,13960.75,0.806219,92.795945
697.100,92.4967,300.0000,65.0625,65.0028,13955.00,0.805223,92.795945
697.200,92.4967,300.0000,65.0625,65.0026,13949.64,0.804294,92.795945
697.300,92.4967,300.0000,65.0000,65.0024,13944.63,0.803428,92.795945
697.400,92.4967,300.0000,65.0000,65.0022,13939.96,0.802621,92.795945
697.500,92.4967,300.0000,65.0625,65.0021,13935.59,0.801867,92.795945
697.600,92.4967,300.0000,65.0000,65.0020,13931.52,0.801165,92.795945
697.700,92.4967,300.0000,64.9375,65.0019,13927.72,0.800509,92.795945
697.800,92.4967,300.0000,65.1250,65.0019,13924.17,0.799898,92.795945
697.900,92.4967,300.0000,65.0000,65.0019,13920.86,0.799327,92.795945
698.000,92.7959,300.0000,65.0000,65.0019,13920.76,0.799310,92.795945
698.100,92.7959,300.0000,65.0000,65.0019,13920.67,0.799295,92.795945
698.200,92.7959,300.0000,65.0000,65.0019,13920.59,0.799280,92.795945
698.300,92.7959,300.0000,65.0000,65.0019,13920.51,0.799266,92.795945
698.400,92.7959,300.0000,65.0000,65.0019,13920.43,0.799253,92.795945
698.500,92.7959,300.0000,65.0000,65.0019,13920.36,0.799241,92.795945
698.600,92.7959,300.0000,65.0000,65.0019,13920.30,0.799230,92.795945
698.700,92.7959,300.0000,65.0000,65.0019,13920.24,0.799220,92.795945
698.800,92.7959,300.0000,65.0625,65.0019,13920.18,0.799210,92.795945
698.900,92.7959,300.0000,64.9375,65.0019,13920.13,0.799201,92.795945
699.000,92.4899,300.0000,65.1250,65.0020,13917.02,0.798666,92.789141
699.100,92.4899,300.0000,65.0625,65.0020,13914.12,0.798166,92.789141
699.200,92.4899,300.0000,65.0000,65.0021,13911.41,0.797700,92.789141
699.300,92.4899,300.0000,65.0625,65.0022,13908.88,0.797265,92.789141
699.400,92.4899,300.0000,65.1250,65.0023,13906.52,0.796860,92.789141
699.500,92.4899,300.0000,64.9375,65.0024,13904.32,0.796481,92.789141
699.600,92.4899,300.0000,65.0000,65.0026,13902.27,0.796128,92.789141
699.700,92.4899,300.0000,65.0625,65.0027,13900.35,0.795799,92.789141
699.800,92.4899,300.0000,65.0000,65.0029,13898.56,0.795491,92.789141
699.900,92.4899,300.0000,64.9375,65.0031,13896.89,0.795204,92.789141
700.000,92.4831,300.0000,65.0625,65.0033,13895.26,0.794925,92.782336
700.100,92.4831,300.0000,65.0625,65.0035,13893.74,0.794664,92.782336
700.200,92.4831,300.0000,65.0000,65.0038,13892.32,0.794421,92.782336
700.300,92.4831,300.0000,65.0000,65.0040,13891.00,0.794194,92.782336
700.400,92.4831,300.0000,65.0000,65.0043,13889.76,0.793982,92.782336
700.500,92.4831,300.0000,65.0000,65.0045,13888.61,0.793784,92.782336
700.600,92.4831,300.0000,65.0000,65.0048,13887.53,0.793600,92.782336
700.700,92.4831,300.0000,65.0625,65.0051,13886.53,0.793428,92.782336
700.800,92.4831,300.0000,64.9375,65.0054,13885.59,0.793267,92.782336
700.900,92.4831,300.0000,65.0000,65.0056,13884.72,0.793117,92.782336
701.000,92.7823,300.0000,65.0000,65.0059,13886.89,0.793490,92.782336
701.100,92.7823,300.0000,65.0000,65.0062,13888.92,0.793838,92.782336
701.200,92.7823,300.0000,64.9375,65.0064,13890.82,0.794163,92.782336
701.300,92.7823,300.0000,65.0625,65.0066,13892.59,0.794467,92.782336
701.400,92.7823,300.0000,65.0625,65.0068,13894.24,0.794750,92.782336
701.500,92.7823,300.0000,65.1875,65.0070,13895.78,0.795014,92.782336
701.600,92.7823,300.0000,65.0625,65.0072,13897.22,0.795261,92.782336
701.700,92.7823,300.0000,65.0000,65.0074,13898.56,0.795492,92.782336
701.800,92.7823,300.0000,65.0000,65.0075,13899.81,0.795707,92.782336
701.900,92.7823,300.0000,65.0000,65.0077,13900.98,0.795908,92.782336
702.000,92.7823,300.0000,64.8750,65.0078,13902.07,0.796095,92.782336
702.100,92.7823,300.0000,65.0625,65.0080,13903.09,0.796270,92.782336
702.200,92.7823,300.0000,65.0000,65.0081,13904.04,0.796433,92.782336
702.300,92.7823,300.0000,65.0625,65.0082,13904.93,0.796586,92.782336
702.400,92.7823,300.0000,65.0625,65.0083,13905.76,0.796728,92.782336
702.500,92.7823,300.0000,65.0000,65.0084,13906.53,0.796861,92.782336
702.600,92.7823,300.0000,65.0000,65.0085,13907.25,0.796985,92.782336
702.700,92.7823,300.0000,65.0625,65.0086,13907.92,0.797101,92.782336
702.800,92.7823,300.0000,64.9375,65.0087,13908.55,0.797209,92.782336
702.900,92.7823,300.0000,65.0000,65.0088,13909.14,0.797310,92.782336
703.000,92.7823,300.0000,64.9375,65.0088,13909.69,0.797404,92.782336
703.100,92.7823,300.0000,65.0625,65.0089,13910.20,0.797492,92.782336
703.200,92.7823,300.0000,64.9375,65.0090,13910.67,0.797574,92.782336
703.300,92.7823,300.0000,64.9375,65.0090,13911.12,0.797650,92.782336
703.400,92.7823,300.0000,65.0000,65.0091,13911.54,0.797722,92.782336
703.500,92.7823,300.0000,64.9375,65.0092,13911.92,0.797788,92.782336
703.600,92.7823,300.0000,65.0625,65.0092,13912.28,0.797851,92.782336
703.700,92.7823,300.0000,65.0000,65.0093,13912.62,0.797909,92.782336
703.800,92.7823,300.0000,65.0000,65.0093,13912.94,0.797963,92.782336
703.900,92.7823,300.0000,64.8750,65.0093,13913.23,0.798014,92.782336
704.000,92.1703,300.0000,65.0625,65.0094,13907.39,0.797008,92.768728
704.100,92.1703,300.0000,65.0625,65.0096,13901.93,0.796071,92.768728
704.200,92.1703,300.0000,65.0000,65.0098,13896.84,0.795196,92.768728
704.300,92.1703,300.0000,64.9375,65.0100,13892.09,0.794381,92.768728
704.400,92.1703,300.0000,65.0000,65.0102,13887.65,0.793620,92.768728
704.500,92.1703,300.0000,65.0000,65.0105,13883.51,0.792910,92.768728
704.600,92.1703,300.0000,65.0000,65.0108,13879.65,0.792249,92.768728
704.700,92.1703,300.0000,65.0000,65.0112,13876.04,0.791631,92.768728
704.800,92.1703,300.0000,64.9375,65.0116,13872.67,0.791055,92.768728
704.900,92.1703,300.0000,65.0000,65.0120,13869.53,0.790518,92.768728
705.000,92.7687,300.0000,65.0000,65.0123,13872.58,0.791040,92.768728
705.100,92.7687,300.0000,65.0625,65.0127,13875.43,0.791527,92.768728
705.200,92.7687,300.0000,65.0000,65.0130,13878.09,0.791982,92.768728
705.300,92.7687,300.0000,65.0000,65.0133,13880.57,0.792407,92.768728
705.400,92.7687,300.0000,65.0000,65.0136,13882.89,0.792804,92.768728
705.500,92.7687,300.0000,65.0000,65.0139,13885.05,0.793174,92.768728
705.600,92.7687,300.0000,64.9375,65.0141,13887.07,0.793520,92.768728
705.700,92.7687,300.0000,65.0625,65.0144,13888.95,0.793843,92.768728
705.800,92.7687,300.0000,64.9375,65.0146,13890.71,0.794144,92.768728
705.900,92.7687,300.0000,65.0000,65.0148,13892.35,0.794425,92.768728
706.000,92.7687,300.0000,64.9375,65.0150,13893.88,0.794688,92.768728
706.100,92.7687,300.0000,65.0625,65.0152,13895.31,0.794933,92.768728
706.200,92.7687,300.0000,65.0625,65.0153,13896.64,0.795162,92.768728
706.300,92.7687,300.0000,65.0625,65.0155,13897.88,0.795376,92.768728
706.400,92.7687,300.0000,65.0625,65.0156,13899.05,0.795575,92.768728
706.500,92.7687,300.0000,65.0000,65.0158,13900.13,0.795761,92.768728
706.600,92.7687,300.0000,65.0000,65.0159,13901.14,0.795935,92.768728
706.700,92.7687,300.0000,65.0000,65.0160,13902.09,0.796097,92.768728
706.800,92.7687,300.0000,65.0000,65.0161,13902.97,0.796249,92.768728
706.900,92.7687,300.0000,65.0000,65.0163,13903.79,0.796390,92.768728
707.000,92.7687,300.0000,65.0625,65.0164,13904.56,0.796522,92.768728
707.100,92.7687,300.0000,65.0625,65.0165,13905.28,0.796645,92.768728
707.200,92.7687,300.0000,65.0625,65.0165,13905.94,0.796760,92.768728
707.300,92.7687,300.0000,65.0000,65.0166,13906.57,0.796868,92.768728
707.400,92.7687,300.0000,65.0000,65.0167,13907.15,0.796968,92.768728
707.500,92.7687,300.0000,65.0625,65.0168,13907.70,0.797061,92.768728
707.600,92.7687,300.0000,64.9375,65.0168,13908.20,0.797149,92.768728
707.700,92.7687,300.0000,65.0000,65.0169,13908.68,0.797230,92.768728
707.800,92.7687,300.0000,65.0000,65.0170,13909.12,0.797306,92.768728
707.900,92.7687,300.0000,64.9375,65.0170,13909.53,0.797377,92.768728
708.000,92.4627,300.0000,65.0000,65.0171,13906.86,0.796917,92.761924
708.100,92.4627,300.0000,65.1250,65.0172,13904.36,0.796488,92.761924
708.200,92.4627,300.0000,65.0000,65.0173,13902.03,0.796088,92.761924
708.300,92.4627,300.0000,65.0000,65.0175,13899.86,0.795714,92.761924
708.400,92.4627,300.0000,65.0000,65.0176,13897.83,0.795366,92.761924
708.500,92.4627,300.0000,65.0625,65.0178,13895.93,0.795040,92.761924
708.600,92.4627,300.0000,65.0000,65.0180,13894.16,0.794737,92.761924
708.700,92.4627,300.0000,65.0000,65.0182,13892.51,0.794454,92.761924
708.800,92.4627,300.0000,65.0000,65.0184,13890.97,0.794190,92.761924
708.900,92.4627,300.0000,65.0000,65.0186,13889.54,0.793943,92.761924
709.000,92.7619,300.0000,65.0000,65.0188,13891.19,0.794226,92.761924
709.100,92.7619,300.0000,65.0000,65.0190,13892.73,0.794490,92.761924
709.200,92.7619,300.0000,64.9375,65.0192,13894.16,0.794737,92.761924
709.300,92.7619,300.0000,65.0000,65.0193,13895.50,0.794967,92.761924
709.400,92.7619,300.0000,65.0000,65.0195,13896.76,0.795182,92.761924
709.500,92.7619,300.0000,65.0000,65.0197,13897.93,0.795383,92.761924
709.600,92.7619,300.0000,65.0000,65.0198,13899.02,0.795570,92.761924
709.700,92.7619,300.0000,65.0000,65.0199,13900.03,0.795745,92.761924
709.800,92.7619,300.0000,65.0625,65.0200,13900.99,0.795908,92.761924
709.900,92.7619,300.0000,65.0000,65.0202,13901.87,0.796060,92.761924
710.000,92.7619,300.0000,64.9375,65.0203,13902.70,0.796203,92.761924
710.100,92.7619,300.0000,65.0000,65.0204,13903.47,0.796335,92.761924
710.200,92.7619,300.0000,65.0000,65.0205,13904.19,0.796459,92.761924
710.300,92.7619,300.0000,65.0625,65.0206,13904.87,0.796575,92.761924
710.400,92.7619,300.0000,65.0000,65.0206,13905.49,0.796683,92.761924
710.500,92.7619,300.0000,65.0000,65.0207,13906.08,0.796784,92.761924
710.600,92.7619,300.0000,65.0625,65.0208,13906.63,0.796878,92.761924
710.700,92.7619,300.0000,65.0000,65.0209,13907.14,0.796966,92.761924
710.800,92.7619,300.0000,64.9375,65.0209,13907.62,0.797048,92.761924
710.900,92.7619,300.0000,64.8750,65.0210,13908.06,0.797124,92.761924
711.000,92.1499,300.0000,65.0000,65.0211,13902.36,0.796144,92.748315
711.100,92.1499,300.0000,64.9375,65.0212,13897.03,0.795229,92.748315
711.200,92.1499,300.0000,65.0000,65.0214,13892.06,0.794376,92.748315
711.300,92.1499,300.0000,64.9375,65.0217,13887.42,0.793581,92.748315
711.400,92.1499,300.0000,65.0000,65.0219,13883.09,0.792839,92.748315
711.500,92.1499,300.0000,65.0000,65.0222,13879.05,0.792147,92.748315
711.600,92.1499,300.0000,64.9375,65.0226,13875.28,0.791502,92.748315
711.700,92.1499,300.0000,65.0000,65.0229,13871.76,0.790899,92.748315
711.800,92.1499,300.0000,65.0000,65.0233,13868.48,0.790338,92.748315
711.900,92.1499,300.0000,64.9375,65.0237,13865.41,0.789814,92.748315
712.000,92.4423,300.0000,65.0000,65.0241,13865.47,0.789824,92.741511
712.100,92.4423,300.0000,65.0625,65.0245,13865.53,0.789834,92.741511
712.200,92.4423,300.0000,65.0000,65.0249,13865.59,0.789843,92.741511
712.300,92.4423,300.0000,65.0000,65.0253,13865.64,0.789852,92.741511
712.400,92.4423,300.0000,65.0625,65.0258,13865.69,0.789860,92.741511
712.500,92.4423,300.0000,65.0625,65.0262,13865.73,0.789868,92.741511
712.600,92.4423,300.0000,65.1250,65.0266,13865.77,0.789875,92.741511
712.700,92.4423,300.0000,65.0000,65.0270,13865.81,0.789881,92.741511
712.800,92.4423,300.0000,65.0625,65.0274,13865.84,0.789887,92.741511
712.900,92.4423,300.0000,65.0000,65.0278,13865.88,0.789893,92.741511
713.000,92.7415,300.0000,64.9375,65.0281,13868.90,0.790410,92.741511
713.100,92.7415,300.0000,65.0000,65.0285,13871.72,0.790893,92.741511
713.200,92.7415,300.0000,65.0625,65.0288,13874.36,0.791343,92.741511
713.300,92.7415,300.0000,64.9375,65.0291,13876.81,0.791764,92.741511
713.400,92.7415,300.0000,65.0625,65.0294,13879.11,0.792156,92.741511
713.500,92.7415,300.0000,65.0625,65.0296,13881.25,0.792523,92.741511
713.600,92.7415,300.0000,64.9375,65.0299,13883.25,0.792866,92.741511
713.700,92.7415,300.0000,65.0625,65.0301,13885.11,0.793185,92.741511
713.800,92.7415,300.0000,65.0000,65.0303,13886.85,0.793483,92.741511
713.900,92.7415,300.0000,65.0625,65.0305,13888.48,0.793762,92.741511
714.000,93.0475,300.0000,65.0625,65.0307,13893.06,0.794547,92.748315
714.100,93.0475,300.0000,64.9375,65.0308,13897.33,0.795280,92.748315
714.200,93.0475,300.0000,65.0625,65.0309,13901.31,0.795965,92.748315
714.300,93.0475,300.0000,65.1250,65.0310,13905.03,0.796604,92.748315
714.400,93.0475,300.0000,65.0625,65.0310,13908.51,0.797201,92.748315
714.500,93.0475,300.0000,65.0000,65.0310,13911.75,0.797758,92.748315
714.600,93.0475,300.0000,65.0000,65.0310,13914.77,0.798279,92.748315
714.700,93.0475,300.0000,65.0000,65.0310,13917.60,0.798765,92.748315
714.800,93.0475,300.0000,65.0625,65.0309,13920.23,0.799219,92.748315
714.900,93.0475,300.0000,65.0625,65.0308,13922.69,0.799643,92.748315
715.000,93.0543,300.0000,64.9375,65.0307,13925.06,0.800050,92.755120
715.100,93.0543,300.0000,65.0625,65.0306,13927.26,0.800430,92.755120
715.200,93.0543,300.0000,65.0625,65.0305,13929.32,0.800785,92.755120
715.300,93.0543,300.0000,65.0000,65.0303,13931.24,0.801117,92.755120
715.400,93.0543,300.0000,64.9375,65.0302,13933.04,0.801426,92.755120
715.500,93.0543,300.0000,65.0000,65.0300,13934.71,0.801715,92.755120
715.600,93.0543,300.0000,65.0625,65.0298,13936.27,0.801985,92.755120
715.700,93.0543,300.0000,65.0625,65.0296,13937.73,0.802237,92.755120
715.800,93.0543,300.0000,65.0000,65.0294,13939.09,0.802472,92.755120
715.900,93.0543,300.0000,65.0000,65.0291,13940.36,0.802691,92.755120
716.000,92.7551,300.0000,65.0000,65.0289,13938.56,0.802379,92.755120
716.100,92.7551,300.0000,65.0625,65.0287,13936.87,0.802088,92.755120
716.200,92.7551,300.0000,65.0000,65.0286,13935.30,0.801816,92.755120
716.300,92.7551,300.0000,64.9375,65.0284,13933.83,0.801563,92.755120
716.400,92.7551,300.0000,65.0000,65.0282,13932.46,0.801326,92.755120
716.500,92.7551,300.0000,65.0625,65.0281,13931.18,0.801106,92.755120
716.600,92.7551,300.0000,64.9375,65.0279,13929.98,0.800900,92.755120
716.700,92.7551,300.0000,65.0000,65.0278,13928.87,0.800707,92.755120
716.800,92.7551,300.0000,65.0000,65.0277,13927.83,0.800528,92.755120
716.900,92.7551,300.0000,65.0625,65.0276,13926.86,0.800361,92.755120
717.000,93.0611,300.0000,65.0000,65.0275,13929.01,0.800732,92.761924
717.100,93.0611,300.0000,65.0000,65.0273,13931.02,0.801079,92.761924
717.200,93.0611,300.0000,65.0000,65.0272,13932.90,0.801403,92.761924
717.300,93.0611,300.0000,65.0000,65.0270,13934.65,0.801705,92.761924
717.400,93.0611,300.0000,65.0000,65.0268,13936.29,0.801987,92.761924
717.500,93.0611,300.0000,65.0625,65.0266,13937.81,0.802250,92.761924
717.600,93.0611,300.0000,64.9375,65.0264,13939.23,0.802496,92.761924
717.700,93.0611,300.0000,65.0000,65.0262,13940.56,0.802726,92.761924
717.800,93.0611,300.0000,65.0625,65.0259,13941.80,0.802940,92.761924
717.900,93.0611,300.0000,65.0625,65.0257,13942.96,0.803140,92.761924
718.000,93.0679,300.0000,65.0000,65.0254,13944.11,0.803339,92.768728
718.100,93.0679,300.0000,65.1875,65.0252,13945.18,0.803524,92.768728
718.200,93.0679,300.0000,65.0625,65.0249,13946.18,0.803697,92.768728
718.300,93.0679,300.0000,65.0000,65.0247,13947.12,0.803858,92.768728
718.400,93.0679,300.0000,65.0625,65.0244,13947.99,0.804009,92.768728
718.500,93.0679,300.0000,65.0625,65.0241,13948.80,0.804150,92.768728
718.600,93.0679,300.0000,65.0625,65.0238,13949.56,0.804281,92.768728
718.700,93.0679,300.0000,65.0000,65.0235,13950.27,0.804403,92.768728
718.800,93.0679,300.0000,64.9375,65.0232,13950.93,0.804518,92.768728
718.900,93.0679,300.0000,64.9375,65.0229,13951.55,0.804625,92.768728
719.000,92.4627,300.0000,65.0000,65.0226,13946.07,0.803678,92.761924
719.100,92.4627,300.0000,65.0000,65.0224,13940.96,0.802794,92.761924
719.200,92.4627,300.0000,65.0000,65.0222,13936.19,0.801971,92.761924
719.300,92.4627,300.0000,65.0625,65.0221,13931.74,0.801202,92.761924
719.400,92.4627,300.0000,65.0000,65.0220,13927.58,0.800486,92.761924
719.500,92.4627,300.0000,65.1250,65.0219,13923.70,0.799817,92.761924
719.600,92.4627,300.0000,65.0625,65.0219,13920.09,0.799193,92.761924
719.700,92.4627,300.0000,65.0625,65.0219,13916.71,0.798612,92.761924
719.800,92.4627,300.0000,65.0625,65.0219,13913.55,0.798069,92.761924
719.900,92.4627,300.0000,65.0000,65.0219,13910.61,0.797563,92.761924
720.000,92.7619,300.0000,65.0625,65.0220,13910.86,0.797605,92.761924
720.100,92.7619,300.0000,65.0000,65.0220,13911.08,0.797644,92.761924
720.200,92.7619,300.0000,65.1250,65.0220,13911.30,0.797681,92.761924
720.300,92.7619,300.0000,65.0625,65.0221,13911.50,0.797715,92.761924
720.400,92.7619,300.0000,65.0000,65.0221,13911.68,0.797747,92.761924
720.500,92.7619,300.0000,65.0625,65.0221,13911.86,0.797777,92.761924
720.600,92.7619,300.0000,65.0625,65.0221,13912.02,0.797805,92.761924
720.700,92.7619,300.0000,65.0000,65.0222,13912.17,0.797831,92.761924
720.800,92.7619,300.0000,65.0000,65.0222,13912.31,0.797855,92.761924
720.900,92.7619,300.0000,65.0000,65.0222,13912.44,0.797878,92.761924
721.000,92.7619,300.0000,65.0000,65.0222,13912.57,0.797899,92.761924
721.100,92.7619,300.0000,65.0625,65.0223,13912.68,0.797919,92.761924
721.200,92.7619,300.0000,65.0000,65.0223,13912.79,0.797937,92.761924
721.300,92.7619,300.0000,65.0625,65.0223,13912.89,0.797955,92.761924
721.400,92.7619,300.0000,65.0000,65.0223,13912.98,0.797971,92.761924
721.500,92.7619,300.0000,65.0000,65.0223,13913.07,0.797986,92.761924
721.600,92.7619,300.0000,65.0625,65.0223,13913.15,0.798000,92.761924
721.700,92.7619,300.0000,65.0000,65.0224,13913.23,0.798013,92.761924
721.800,92.7619,300.0000,65.0625,65.0224,13913.30,0.798025,92.761924
721.900,92.7619,300.0000,65.0000,65.0224,13913.36,0.798036,92.761924
722.000,92.7619,300.0000,65.0000,65.0224,13913.42,0.798047,92.761924
722.100,92.7619,300.0000,65.0000,65.0224,13913.48,0.798057,92.761924
722.200,92.7619,300.0000,65.1875,65.0224,13913.54,0.798066,92.761924
722.300,92.7619,300.0000,65.0625,65.0224,13913.59,0.798075,92.761924
722.400,92.7619,300.0000,65.0000,65.0225,13913.63,0.798083,92.761924
722.500,92.7619,300.0000,64.8750,65.0225,13913.68,0.798090,92.761924
722.600,92.7619,300.0000,65.1250,65.0225,13913.72,0.798097,92.761924
722.700,92.7619,300.0000,65.0625,65.0225,13913.76,0.798104,92.761924
722.800,92.7619,300.0000,65.0000,65.0225,13913.79,0.798110,92.761924
722.900,92.7619,300.0000,64.9375,65.0225,13913.82,0.798116,92.761924
723.000,92.4559,300.0000,65.0625,65.0225,13910.80,0.797594,92.755120
723.100,92.4559,300.0000,65.0000,65.0226,13907.97,0.797108,92.755120
723.200,92.4559,300.0000,64.9375,65.0227,13905.33,0.796655,92.755120
723.300,92.4559,300.0000,65.0000,65.0228,13902.87,0.796231,92.755120
723.400,92.4559,300.0000,65.0000,65.0229,13900.57,0.795837,92.755120
723.500,92.4559,300.0000,65.0000,65.0230,13898.42,0.795468,92.755120
723.600,92.4559,300.0000,65.0625,65.0232,13896.42,0.795124,92.755120
723.700,92.4559,300.0000,64.9375,65.0234,13894.55,0.794804,92.755120
723.800,92.4559,300.0000,65.0000,65.0235,13892.81,0.794504,92.755120
723.900,92.4559,300.0000,65.1250,65.0237,13891.18,0.794225,92.755120
724.000,93.3671,300.0000,65.0000,65.0239,13898.77,0.795528,92.768728
724.100,93.3671,300.0000,65.0625,65.0239,13905.86,0.796746,92.768728
724.200,93.3671,300.0000,64.9375,65.0240,13912.47,0.797883,92.768728
724.300,93.3671,300.0000,65.0000,65.0239,13918.65,0.798945,92.768728
724.400,93.3671,300.0000,64.9375,65.0238,13924.41,0.799938,92.768728
724.500,93.3671,300.0000,65.0000,65.0237,13929.78,0.800865,92.768728
724.600,93.3671,300.0000,65.0000,65.0235,13934.80,0.801731,92.768728
724.700,93.3671,300.0000,65.0000,65.0233,13939.49,0.802540,92.768728
724.800,93.3671,300.0000,64.9375,65.0231,13943.86,0.803295,92.768728
724.900,93.3671,300.0000,64.9375,65.0228,13947.94,0.804001,92.768728
725.000,92.4627,300.0000,65.0000,65.0226,13942.70,0.803096,92.761924
725.100,92.4627,300.0000,65.0625,65.0224,13937.82,0.802252,92.761924
725.200,92.4627,300.0000,64.9375,65.0223,13933.26,0.801464,92.761924
725.300,92.4627,300.0000,64.9375,65.0221,13929.00,0.800730,92.761924
725.400,92.4627,300.0000,65.0625,65.0221,13925.03,0.800045,92.761924
725.500,92.4627,300.0000,65.0000,65.0220,13921.32,0.799406,92.761924
725.600,92.4627,300.0000,64.9375,65.0220,13917.86,0.798810,92.761924
725.700,92.4627,300.0000,64.9375,65.0220,13914.63,0.798254,92.761924
725.800,92.4627,300.0000,65.0625,65.0220,13911.62,0.797735,92.761924
725.900,92.4627,300.0000,64.9375,65.0221,13908.80,0.797251,92.761924
726.000,92.4559,300.0000,65.0000,65.0221,13906.11,0.796788,92.755120
726.100,92.4559,300.0000,65.0000,65.0222,13903.59,0.796356,92.755120
726.200,92.4559,300.0000,65.0000,65.0224,13901.25,0.795953,92.755120
726.300,92.4559,300.0000,65.0000,65.0225,13899.06,0.795577,92.755120
726.400,92.4559,300.0000,65.0000,65.0226,13897.01,0.795226,92.755120
726.500,92.4559,300.0000,65.0000,65.0228,13895.10,0.794898,92.755120
726.600,92.4559,300.0000,65.0000,65.0230,13893.32,0.794593,92.755120
726.700,92.4559,300.0000,65.0625,65.0232,13891.66,0.794307,92.755120
726.800,92.4559,300.0000,65.0000,65.0234,13890.11,0.794041,92.755120
726.900,92.4559,300.0000,65.0000,65.0236,13888.66,0.793793,92.755120
727.000,92.7551,300.0000,65.0000,65.0238,13890.30,0.794074,92.755120
727.100,92.7551,300.0000,65.0000,65.0240,13891.83,0.794337,92.755120
727.200,92.7551,300.0000,65.0000,65.0242,13893.26,0.794582,92.755120
727.300,92.7551,300.0000,65.0625,65.0243,13894.59,0.794811,92.755120
727.400,92.7551,300.0000,65.0625,65.0245,13895.84,0.795025,92.755120
727.500,92.7551,300.0000,65.0625,65.0246,13897.00,0.795224,92.755120
727.600,92.7551,300.0000,65.0000,65.0248,13898.09,0.795410,92.755120
727.700,92.7551,300.0000,64.9375,65.0249,13899.10,0.795584,92.755120
727.800,92.7551,300.0000,64.9375,65.0250,13900.04,0.795746,92.755120
727.900,92.7551,300.0000,65.0000,65.0251,13900.92,0.795898,92.755120
728.000,92.7551,300.0000,65.0625,65.0252,13901.75,0.796039,92.755120
728.100,92.7551,300.0000,65.0000,65.0253,13902.52,0.796171,92.755120
728.200,92.7551,300.0000,65.0000,65.0254,13903.23,0.796294,92.755120
728.300,92.7551,300.0000,65.0000,65.0255,13903.90,0.796409,92.755120
728.400,92.7551,300.0000,64.8750,65.0256,13904.53,0.796516,92.755120
728.500,92.7551,300.0000,65.0000,65.0257,13905.11,0.796617,92.755120
728.600,92.7551,300.0000,65.0000,65.0257,13905.65,0.796710,92.755120
728.700,92.7551,300.0000,65.0625,65.0258,13906.16,0.796797,92.755120
728.800,92.7551,300.0000,65.0000,65.0259,13906.63,0.796879,92.755120
728.900,92.7551,300.0000,65.0625,65.0259,13907.08,0.796955,92.755120
729.000,93.0611,300.0000,65.0000,65.0259,13910.55,0.797552,92.761924
729.100,93.0611,300.0000,65.0625,65.0260,13913.79,0.798110,92.761924
729.200,93.0611,300.0000,64.9375,65.0259,13916.82,0.798630,92.761924
729.300,93.0611,300.0000,65.0000,65.0259,13919.64,0.799117,92.761924
729.400,93.0611,300.0000,65.0000,65.0258,13922.27,0.799571,92.761924
729.500,93.0611,300.0000,65.0625,65.0257,13924.73,0.799994,92.761924
729.600,93.0611,300.0000,65.0000,65.0256,13927.03,0.800390,92.761924
729.700,93.0611,300.0000,65.0000,65.0255,13929.17,0.800760,92.761924
729.800,93.0611,300.0000,65.0625,65.0254,13931.17,0.801104,92.761924
729.900,93.0611,300.0000,65.1250,65.0252,13933.04,0.801426,92.761924
730.000,93.3739,300.0000,65.0000,65.0250,13937.91,0.802267,92.775532
730.100,93.3739,300.0000,65.1250,65.0248,13942.45,0.803052,92.775532
730.200,93.3739,300.0000,65.0000,65.0245,13946.70,0.803786,92.775532
730.300,93.3739,300.0000,65.0000,65.0242,13950.66,0.804470,92.775532
730.400,93.3739,300.0000,65.0625,65.0239,13954.35,0.805110,92.775532
730.500,93.3739,300.0000,65.0000,65.0235,13957.80,0.805707,92.775532
730.600,93.3739,300.0000,64.9375,65.0231,13961.02,0.806265,92.775532
730.700,93.3739,300.0000,64.9375,65.0227,13964.02,0.806785,92.775532
730.800,93.3739,300.0000,64.9375,65.0223,13966.83,0.807271,92.775532
730.900,93.3739,300.0000,65.1250,65.0218,13969.45,0.807725,92.775532
731.000,93.3875,300.0000,65.0625,65.0214,13972.02,0.808173,92.789141
731.100,93.3875,300.0000,65.0000,65.0209,13974.43,0.808591,92.789141
731.200,93.3875,300.0000,65.0000,65.0204,13976.68,0.808981,92.789141
731.300,93.3875,300.0000,65.1250,65.0198,13978.77,0.809345,92.789141
731.400,93.3875,300.0000,65.0000,65.0193,13980.73,0.809685,92.789141
731.500,93.3875,300.0000,65.0000,65.0188,13982.56,0.810002,92.789141
731.600,93.3875,300.0000,65.0000,65.0182,13984.26,0.810298,92.789141
731.700,93.3875,300.0000,65.0625,65.0176,13985.85,0.810575,92.789141
731.800,93.3875,300.0000,65.0000,65.0170,13987.34,0.810833,92.789141
731.900,93.3875,300.0000,65.0000,65.0164,13988.73,0.811074,92.789141
732.000,92.7891,300.0000,65.0625,65.0159,13984.03,0.810259,92.789141
732.100,92.7891,300.0000,65.0000,65.0153,13979.66,0.809498,92.789141
732.200,92.7891,300.0000,64.9375,65.0149,13975.57,0.808788,92.789141
732.300,92.7891,300.0000,65.0625,65.0144,13971.76,0.808127,92.789141
732.400,92.7891,300.0000,65.0625,65.0140,13968.20,0.807509,92.789141
732.500,92.7891,300.0000,65.0625,65.0136,13964.88,0.806933,92.789141
732.600,92.7891,300.0000,65.0000,65.0132,13961.78,0.806396,92.789141
732.700,92.7891,300.0000,65.0625,65.0129,13958.88,0.805895,92.789141
732.800,92.7891,300.0000,65.0625,65.0125,13956.18,0.805427,92.789141
732.900,92.7891,300.0000,65.1250,65.0122,13953.66,0.804991,92.789141
733.000,93.4011,300.0000,65.0625,65.0119,13957.43,0.805643,92.802749
733.100,93.4011,300.0000,65.0000,65.0116,13960.94,0.806252,92.802749
733.200,93.4011,300.0000,65.0625,65.0112,13964.23,0.806820,92.802749
733.300,93.4011,300.0000,65.0625,65.0108,13967.29,0.807351,92.802749
733.400,93.4011,300.0000,65.1250,65.0103,13970.15,0.807847,92.802749
733.500,93.4011,300.0000,64.9375,65.0099,13972.82,0.808310,92.802749
733.600,93.4011,300.0000,65.0000,65.0094,13975.31,0.808743,92.802749
733.700,93.4011,300.0000,64.9375,65.0089,13977.63,0.809146,92.802749
733.800,93.4011,300.0000,65.0000,65.0084,13979.80,0.809523,92.802749
733.900,93.4011,300.0000,64.9375,65.0079,13981.83,0.809875,92.802749
734.000,92.4967,300.0000,65.1250,65.0074,13974.67,0.808632,92.795945
734.100,92.4967,300.0000,65.0625,65.0070,13967.99,0.807474,92.795945
734.200,92.4967,300.0000,65.0625,65.0067,13961.76,0.806393,92.795945
734.300,92.4967,300.0000,65.0000,65.0064,13955.95,0.805386,92.795945
734.400,92.4967,300.0000,65.0000,65.0061,13950.52,0.804446,92.795945
734.500,92.4967,300.0000,65.0625,65.0059,13945.45,0.803570,92.795945
734.600,92.4967,300.0000,65.1250,65.0057,13940.72,0.802753,92.795945
734.700,92.4967,300.0000,65.0625,65.0056,13936.31,0.801991,92.795945
734.800,92.4967,300.0000,65.0000,65.0055,13932.19,0.801280,92.795945
734.900,92.4967,300.0000,65.0000,65.0054,13928.34,0.800616,92.795945
735.000,92.7959,300.0000,65.0000,65.0053,13927.75,0.800513,92.795945
735.100,92.7959,300.0000,65.0625,65.0053,13927.19,0.800417,92.795945
735.200,92.7959,300.0000,65.0000,65.0052,13926.67,0.800328,92.795945
735.300,92.7959,300.0000,65.0000,65.0052,13926.18,0.800244,92.795945
735.400,92.7959,300.0000,65.0000,65.0051,13925.73,0.800166,92.795945
735.500,92.7959,300.0000,65.0000,65.0051,13925.31,0.800093,92.795945
735.600,92.7959,300.0000,65.0625,65.0050,13924.91,0.800025,92.795945
735.700,92.7959,300.0000,65.0000,65.0050,13924.55,0.799962,92.795945
735.800,92.7959,300.0000,65.0625,65.0049,13924.20,0.799903,92.795945
735.900,92.7959,300.0000,65.0000,65.0049,13923.88,0.799847,92.795945
736.000,92.7959,300.0000,65.0000,65.0049,13923.58,0.799796,92.795945
736.100,92.7959,300.0000,65.0000,65.0048,13923.30,0.799748,92.795945
736.200,92.7959,300.0000,65.0000,65.0048,13923.04,0.799703,92.795945
736.300,92.7959,300.0000,65.0000,65.0048,13922.80,0.799661,92.795945
736.400,92.7959,300.0000,65.1250,65.0048,13922.57,0.799622,92.795945
736.500,92.7959,300.0000,65.0000,65.0047,13922.36,0.799585,92.795945
736.600,92.7959,300.0000,65.0625,65.0047,13922.16,0.799551,92.795945
736.700,92.7959,300.0000,65.0000,65.0047,13921.98,0.799519,92.795945
736.800,92.7959,300.0000,65.0000,65.0047,13921.80,0.799490,92.795945
736.900,92.7959,300.0000,65.0000,65.0047,13921.64,0.799462,92.795945
737.000,92.7959,300.0000,65.0000,65.0047,13921.49,0.799436,92.795945
737.100,92.7959,300.0000,65.0000,65.0046,13921.35,0.799412,92.795945
737.200,92.7959,300.0000,64.9375,65.0046,13921.22,0.799389,92.795945
737.300,92.7959,300.0000,65.0625,65.0046,13921.10,0.799368,92.795945
737.400,92.7959,300.0000,65.0000,65.0046,13920.99,0.799349,92.795945
737.500,92.7959,300.0000,65.0625,65.0046,13920.88,0.799330,92.795945
737.600,92.7959,300.0000,64.9375,65.0046,13920.78,0.799313,92.795945
737.700,92.7959,300.0000,65.0000,65.0046,13920.69,0.799297,92.795945
737.800,92.7959,300.0000,65.0625,65.0046,13920.60,0.799282,92.795945
737.900,92.7959,300.0000,65.0625,65.0046,13920.52,0.799269,92.795945
738.000,93.1019,300.0000,65.0000,65.0045,13923.51,0.799783,92.802749
738.100,93.1019,300.0000,65.0000,65.0045,13926.29,0.800263,92.802749
738.200,93.1019,300.0000,65.0000,65.0044,13928.89,0.800711,92.802749
738.300,93.1019,300.0000,65.0000,65.0043,13931.32,0.801130,92.802749
738.400,93.1019,300.0000,65.0625,65.0042,13933.58,0.801521,92.802749
738.500,93.1019,300.0000,65.0625,65.0041,13935.70,0.801885,92.802749
738.600,93.1019,300.0000,65.0000,65.0039,13937.67,0.802226,92.802749
738.700,93.1019,300.0000,65.0000,65.0038,13939.51,0.802544,92.802749
738.800,93.1019,300.0000,65.0000,65.0036,13941.23,0.802841,92.802749
738.900,93.1019,300.0000,65.0000,65.0034,13942.83,0.803118,92.802749
739.000,92.8027,300.0000,65.0000,65.0032,13941.34,0.802860,92.802749
739.100,92.8027,300.0000,65.0000,65.0031,13939.94,0.802619,92.802749
739.200,92.8027,300.0000,64.9375,65.0029,13938.64,0.802394,92.802749
739.300,92.8027,300.0000,64.9375,65.0028,13937.43,0.802184,92.802749
739.400,92.8027,300.0000,65.0000,65.0026,13936.29,0.801988,92.802749
739.500,92.8027,300.0000,64.9375,65.0025,13935.23,0.801805,92.802749
739.600,92.8027,300.0000,65.0625,65.0024,13934.25,0.801635,92.802749
739.700,92.8027,300.0000,64.8750,65.0023,13933.32,0.801476,92.802749
739.800,92.8027,300.0000,64.9375,65.0022,13932.46,0.801327,92.802749
739.900,92.8027,300.0000,65.0000,65.0021,13931.66,0.801189,92.802749
740.000,92.8027,300.0000,65.0625,65.0020,13930.91,0.801059,92.802749
740.100,92.8027,300.0000,65.1250,65.0019,13930.21,0.800939,92.802749
740.200,92.8027,300.0000,65.0000,65.0019,13929.56,0.800826,92.802749
740.300,92.8027,300.0000,64.9375,65.0018,13928.95,0.800721,92.802749
740.400,92.8027,300.0000,65.0000,65.0017,13928.38,0.800623,92.802749
740.500,92.8027,300.0000,65.0625,65.0017,13927.85,0.800531,92.802749
740.600,92.8027,300.0000,65.0000,65.0016,13927.35,0.800446,92.802749
740.700,92.8027,300.0000,65.0000,65.0015,13926.89,0.800366,92.802749
740.800,92.8027,300.0000,65.0000,65.0015,13926.46,0.800291,92.802749
740.900,92.8027,300.0000,64.9375,65.0015,13926.05,0.800222,92.802749
741.000,92.4967,300.0000,65.0000,65.0014,13922.62,0.799630,92.795945
741.100,92.4967,300.0000,65.0000,65.0014,13919.41,0.799077,92.795945
741.200,92.4967,300.0000,65.0625,65.0015,13916.42,0.798562,92.795945
741.300,92.4967,300.0000,64.9375,65.0015,13913.62,0.798081,92.795945
741.400,92.4967,300.0000,65.0000,65.0016,13911.02,0.797632,92.795945
741.500,92.4967,300.0000,65.0625,65.0017,13908.58,0.797214,92.795945
741.600,92.4967,300.0000,65.0000,65.0018,13906.31,0.796823,92.795945
741.700,92.4967,300.0000,64.9375,65.0020,13904.19,0.796459,92.795945
741.800,92.4967,300.0000,65.0000,65.0021,13902.21,0.796119,92.795945
741.900,92.4967,300.0000,65.0000,65.0023,13900.37,0.795802,92.795945
742.000,92.7959,300.0000,65.0000,65.0025,13901.63,0.796020,92.795945
742.100,92.7959,300.0000,65.0000,65.0026,13902.82,0.796223,92.795945
742.200,92.7959,300.0000,65.0625,65.0027,13903.92,0.796413,92.795945
742.300,92.7959,300.0000,65.0000,65.0029,13904.95,0.796590,92.795945
742.400,92.7959,300.0000,65.1250,65.0030,13905.92,0.796756,92.795945
742.500,92.7959,300.0000,65.0625,65.0031,13906.82,0.796910,92.795945
742.600,92.7959,300.0000,65.0000,65.0032,13907.65,0.797054,92.795945
742.700,92.7959,300.0000,65.0000,65.0033,13908.44,0.797189,92.795945
742.800,92.7959,300.0000,65.0000,65.0034,13909.17,0.797314,92.795945
742.900,92.7959,300.0000,65.0625,65.0035,13909.85,0.797432,92.795945
743.000,93.1019,300.0000,65.0000,65.0035,13913.54,0.798067,92.802749
743.100,93.1019,300.0000,65.0000,65.0035,13916.99,0.798661,92.802749
743.200,93.1019,300.0000,65.0000,65.0035,13920.21,0.799216,92.802749
743.300,93.1019,300.0000,65.0000,65.0035,13923.22,0.799733,92.802749
743.400,93.1019,300.0000,65.0625,65.0035,13926.02,0.800217,92.802749
743.500,93.1019,300.0000,65.0000,65.0034,13928.64,0.800668,92.802749
743.600,93.1019,300.0000,65.0000,65.0033,13931.09,0.801090,92.802749
743.700,93.1019,300.0000,65.0000,65.0032,13933.37,0.801483,92.802749
743.800,93.1019,300.0000,64.9375,65.0031,13935.49,0.801850,92.802749
743.900,93.1019,300.0000,65.0000,65.0029,13937.48,0.802193,92.802749
744.000,92.8027,300.0000,65.0625,65.0028,13936.34,0.801997,92.802749
744.100,92.8027,300.0000,65.0625,65.0027,13935.28,0.801814,92.802749
744.200,92.8027,300.0000,65.0000,65.0026,13934.29,0.801642,92.802749
744.300,92.8027,300.0000,65.0000,65.0024,13933.36,0.801483,92.802749
744.400,92.8027,300.0000,64.9375,65.0023,13932.50,0.801334,92.802749
744.500,92.8027,300.0000,65.0000,65.0023,13931.69,0.801195,92.802749
744.600,92.8027,300.0000,65.0625,65.0022,13930.94,0.801065,92.802749
744.700,92.8027,300.0000,65.0000,65.0021,13930.24,0.800944,92.802749
744.800,92.8027,300.0000,65.0000,65.0020,13929.59,0.800831,92.802749
744.900,92.8027,300.0000,65.0625,65.0019,13928.97,0.800725,92.802749
745.000,93.1087,300.0000,65.0000,65.0019,13931.46,0.801155,92.809553
745.100,93.1087,300.0000,65.0000,65.0017,13933.79,0.801556,92.809553
745.200,93.1087,300.0000,65.0000,65.0016,13935.95,0.801930,92.809553
745.300,93.1087,300.0000,65.0000,65.0015,13937.98,0.802279,92.809553
745.400,93.1087,300.0000,65.0625,65.0013,13939.87,0.802606,92.809553
745.500,93.1087,300.0000,64.9375,65.0011,13941.63,0.802910,92.809553
745.600,93.1087,300.0000,64.9375,65.0009,13943.28,0.803194,92.809553
745.700,93.1087,300.0000,65.0000,65.0007,13944.81,0.803460,92.809553
745.800,93.1087,300.0000,64.9375,65.0005,13946.25,0.803708,92.809553
745.900,93.1087,300.0000,64.9375,65.0003,13947.58,0.803939,92.809553
746.000,92.5036,300.0000,65.0000,65.0001,13942.78,0.803109,92.802749
746.100,92.5036,300.0000,65.0000,65.0000,13938.30,0.802334,92.802749
746.200,92.5036,300.0000,65.0625,64.9999,13934.11,0.801612,92.802749
746.300,92.5036,300.0000,65.0625,64.9998,13930.21,0.800938,92.802749
746.400,92.5036,300.0000,65.0000,64.9998,13926.56,0.800310,92.802749
746.500,92.5036,300.0000,64.8750,64.9997,13923.16,0.799723,92.802749
746.600,92.5036,300.0000,65.0000,64.9998,13919.99,0.799176,92.802749
746.700,92.5036,300.0000,65.1250,64.9998,13917.02,0.798666,92.802749
746.800,92.5036,300.0000,64.9375,64.9998,13914.26,0.798190,92.802749
746.900,92.5036,300.0000,65.0625,64.9999,13911.67,0.797746,92.802749
747.000,93.1087,300.0000,65.0625,65.0000,13915.32,0.798372,92.809553
747.100,93.1087,300.0000,65.0000,65.0000,13918.72,0.798958,92.809553
747.200,93.1087,300.0000,65.0000,65.0000,13921.89,0.799504,92.809553
747.300,93.1087,300.0000,64.9375,65.0000,13924.85,0.800015,92.809553
747.400,93.1087,300.0000,65.0000,64.9999,13927.62,0.800491,92.809553
747.500,93.1087,300.0000,65.0000,64.9998,13930.19,0.800936,92.809553
747.600,93.1087,300.0000,65.0625,64.9997,13932.60,0.801351,92.809553
747.700,93.1087,300.0000,64.9375,64.9996,13934.85,0.801739,92.809553
747.800,93.1087,300.0000,65.0000,64.9995,13936.95,0.802101,92.809553
747.900,93.1087,300.0000,65.0000,64.9993,13938.91,0.802439,92.809553
748.000,92.8096,300.0000,64.9375,64.9992,13937.74,0.802238,92.809553
748.100,92.8096,300.0000,64.9375,64.9991,13936.65,0.802050,92.809553
748.200,92.8096,300.0000,65.0625,64.9989,13935.64,0.801875,92.809553
748.300,92.8096,300.0000,65.0625,64.9988,13934.69,0.801712,92.809553
748.400,92.8096,300.0000,65.0000,64.9987,13933.81,0.801559,92.809553
748.500,92.8096,300.0000,65.0625,64.9986,13932.98,0.801417,92.809553
748.600,92.8096,300.0000,65.0000,64.9985,13932.21,0.801284,92.809553
748.700,92.8096,300.0000,65.0000,64.9985,13931.49,0.801160,92.809553
748.800,92.8096,300.0000,65.0000,64.9984,13930.82,0.801044,92.809553
748.900,92.8096,300.0000,65.0625,64.9983,13930.20,0.800936,92.809553
749.000,93.1156,300.0000,64.9375,64.9982,13932.67,0.801363,92.816358
749.100,93.1156,300.0000,65.0625,64.9981,13934.98,0.801762,92.816358
749.200,93.1156,300.0000,65.0625,64.9980,13937.14,0.802135,92.816358
749.300,93.1156,300.0000,65.0000,64.9978,13939.15,0.802482,92.816358
749.400,93.1156,300.0000,65.0625,64.9977,13941.03,0.802807,92.816358
749.500,93.1156,300.0000,65.0000,64.9975,13942.79,0.803110,92.816358
749.600,93.1156,300.0000,65.0000,64.9973,13944.42,0.803392,92.816358
749.700,93.1156,300.0000,65.0000,64.9971,13945.95,0.803656,92.816358
749.800,93.1156,300.0000,65.0000,64.9969,13947.37,0.803903,92.816358
749.900,93.1156,300.0000,65.0000,64.9967,13948.71,0.804133,92.816358
750.000,92.8164,300.0000,65.0000,64.9965,13946.96,0.803830,92.816358
750.100,92.8164,300.0000,65.0625,64.9963,13945.32,0.803548,92.816358
750.200,92.8164,300.0000,64.9375,64.9961,13943.80,0.803285,92.816358
750.300,92.8164,300.0000,65.0000,64.9959,13942.37,0.803039,92.816358
750.400,92.8164,300.0000,65.0000,64.9958,13941.05,0.802809,92.816358
750.500,92.8164,300.0000,65.0625,64.9956,13939.81,0.802595,92.816358
750.600,92.8164,300.0000,65.0625,64.9955,13938.65,0.802395,92.816358
750.700,92.8164,300.0000,65.0000,64.9954,13937.57,0.802209,92.816358
750.800,92.8164,300.0000,65.0000,64.9952,13936.56,0.802035,92.816358
750.900,92.8164,300.0000,65.0000,64.9951,13935.62,0.801872,92.816358
751.000,92.8164,300.0000,65.0625,64.9950,13934.74,0.801721,92.816358
751.100,92.8164,300.0000,64.9375,64.9949,13933.92,0.801579,92.816358
751.200,92.8164,300.0000,64.8125,64.9948,13933.16,0.801447,92.816358
751.300,92.8164,300.0000,65.0625,64.9948,13932.45,0.801324,92.816358
751.400,92.8164,300.0000,65.0000,64.9947,13931.78,0.801209,92.816358
751.500,92.8164,300.0000,64.9375,64.9946,13931.16,0.801102,92.816358
751.600,92.8164,300.0000,65.0000,64.9945,13930.58,0.801002,92.816358
751.700,92.8164,300.0000,64.8750,64.9945,13930.04,0.800909,92.816358
751.800,92.8164,300.0000,65.0625,64.9944,13929.53,0.800821,92.816358
751.900,92.8164,300.0000,65.0625,64.9944,13929.06,0.800740,92.816358
752.000,93.1224,300.0000,65.0625,64.9943,13931.68,0.801192,92.823162
752.100,93.1224,300.0000,65.0000,64.9942,13934.12,0.801614,92.823162
752.200,93.1224,300.0000,64.9375,64.9941,13936.41,0.802008,92.823162
752.300,93.1224,300.0000,65.0000,64.9939,13938.54,0.802375,92.823162
752.400,93.1224,300.0000,65.0000,64.9938,13940.52,0.802719,92.823162
752.500,93.1224,300.0000,64.9375,64.9936,13942.38,0.803039,92.823162
752.600,93.1224,300.0000,64.9375,64.9935,13944.11,0.803339,92.823162
752.700,93.1224,300.0000,65.0625,64.9933,13945.73,0.803618,92.823162
752.800,93.1224,300.0000,65.0625,64.9931,13947.23,0.803879,92.823162
752.900,93.1224,300.0000,65.0625,64.9928,13948.64,0.804122,92.823162
753.000,93.1292,300.0000,65.0625,64.9926,13950.02,0.804361,92.829966
753.100,93.1292,300.0000,64.9375,64.9924,13951.31,0.804584,92.829966
753.200,93.1292,300.0000,65.0000,64.9921,13952.52,0.804793,92.829966
753.300,93.1292,300.0000,64.9375,64.9919,13953.64,0.804987,92.829966
753.400,93.1292,300.0000,65.1250,64.9916,13954.69,0.805169,92.829966
753.500,93.1292,300.0000,65.0000,64.9914,13955.67,0.805338,92.829966
753.600,93.1292,300.0000,65.0625,64.9911,13956.58,0.805496,92.829966
753.700,93.1292,300.0000,65.0625,64.9908,13957.44,0.805644,92.829966
753.800,93.1292,300.0000,64.9375,64.9905,13958.23,0.805782,92.829966
753.900,93.1292,300.0000,64.9375,64.9902,13958.98,0.805911,92.829966
754.000,92.5240,300.0000,64.9375,64.9900,13953.62,0.804983,92.823162
754.100,92.5240,300.0000,65.0625,64.9898,13948.62,0.804117,92.823162
754.200,92.5240,300.0000,65.0000,64.9896,13943.95,0.803310,92.823162
754.300,92.5240,300.0000,64.8750,64.9895,13939.59,0.802558,92.823162
754.400,92.5240,300.0000,64.9375,64.9894,13935.52,0.801856,92.823162
754.500,92.5240,300.0000,65.0625,64.9893,13931.73,0.801201,92.823162
754.600,92.5240,300.0000,64.9375,64.9893,13928.19,0.800590,92.823162
754.700,92.5240,300.0000,65.0000,64.9893,13924.88,0.800020,92.823162
754.800,92.5240,300.0000,65.0000,64.9893,13921.79,0.799488,92.823162
754.900,92.5240,300.0000,65.0625,64.9893,13918.91,0.798992,92.823162
755.000,93.1292,300.0000,65.0000,64.9893,13922.28,0.799571,92.829966
755.100,93.1292,300.0000,65.0000,64.9893,13925.42,0.800112,92.829966
755.200,93.1292,300.0000,65.0000,64.9893,13928.35,0.800618,92.829966
755.300,93.1292,300.0000,64.8750,64.9892,13931.08,0.801089,92.829966
755.400,93.1292,300.0000,64.8750,64.9891,13933.64,0.801530,92.829966
755.500,93.1292,300.0000,65.0000,64.9890,13936.02,0.801941,92.829966
755.600,93.1292,300.0000,64.9375,64.9889,13938.24,0.802325,92.829966
755.700,93.1292,300.0000,65.0000,64.9888,13940.32,0.802683,92.829966
755.800,93.1292,300.0000,65.0625,64.9886,13942.26,0.803018,92.829966
755.900,93.1292,300.0000,64.9375,64.9885,13944.06,0.803330,92.829966
756.000,92.5240,300.0000,65.0000,64.9883,13939.70,0.802576,92.823162
756.100,92.5240,300.0000,64.9375,64.9883,13935.62,0.801873,92.823162
756.200,92.5240,300.0000,65.0000,64.9882,13931.82,0.801217,92.823162
756.300,92.5240,300.0000,64.9375,64.9882,13928.27,0.800605,92.823162
756.400,92.5240,300.0000,65.0000,64.9881,13924.96,0.800034,92.823162
756.500,92.5240,300.0000,64.9375,64.9882,13921.87,0.799501,92.823162
756.600,92.5240,300.0000,64.9375,64.9882,13918.99,0.799004,92.823162
756.700,92.5240,300.0000,65.0625,64.9883,13916.29,0.798541,92.823162
756.800,92.5240,300.0000,65.0625,64.9884,13913.78,0.798108,92.823162
756.900,92.5240,300.0000,65.0000,64.9885,13911.43,0.797704,92.823162
757.000,92.8232,300.0000,65.0000,64.9886,13912.24,0.797842,92.823162
757.100,92.8232,300.0000,64.8750,64.9887,13912.99,0.797971,92.823162
757.200,92.8232,300.0000,65.0000,64.9887,13913.69,0.798092,92.823162
757.300,92.8232,300.0000,65.0000,64.9888,13914.34,0.798204,92.823162
757.400,92.8232,300.0000,64.8750,64.9889,13914.95,0.798309,92.823162
757.500,92.8232,300.0000,65.0000,64.9890,13915.52,0.798407,92.823162
757.600,92.8232,300.0000,65.0000,64.9890,13916.05,0.798498,92.823162
757.700,92.8232,300.0000,65.0000,64.9891,13916.54,0.798583,92.823162
757.800,92.8232,300.0000,65.0625,64.9892,13917.00,0.798663,92.823162
757.900,92.8232,300.0000,64.9375,64.9892,13917.44,0.798737,92.823162
758.000,92.5172,300.0000,64.9375,64.9893,13914.78,0.798280,92.816358
758.100,92.5172,300.0000,65.0000,64.9894,13912.30,0.797853,92.816358
758.200,92.5172,300.0000,65.0625,64.9895,13909.98,0.797455,92.816358
758.300,92.5172,300.0000,64.9375,64.9896,13907.82,0.797083,92.816358
758.400,92.5172,300.0000,64.9375,64.9898,13905.81,0.796736,92.816358
758.500,92.5172,300.0000,65.0625,64.9899,13903.92,0.796413,92.816358
758.600,92.5172,300.0000,65.0625,64.9901,13902.17,0.796111,92.816358
758.700,92.5172,300.0000,65.0625,64.9903,13900.53,0.795830,92.816358
758.800,92.5172,300.0000,64.9375,64.9905,13899.00,0.795567,92.816358
758.900,92.5172,300.0000,65.0000,64.9907,13897.57,0.795322,92.816358
759.000,92.8164,300.0000,65.0000,64.9909,13899.23,0.795606,92.816358
759.100,92.8164,300.0000,64.8750,64.9911,13900.78,0.795872,92.816358
759.200,92.8164,300.0000,65.0625,64.9913,13902.22,0.796121,92.816358
759.300,92.8164,300.0000,65.0625,64.9915,13903.57,0.796352,92.816358
759.400,92.8164,300.0000,64.9375,64.9916,13904.83,0.796569,92.816358
759.500,92.8164,300.0000,65.0000,64.9918,13906.00,0.796771,92.816358
759.600,92.8164,300.0000,64.9375,64.9919,13907.10,0.796959,92.816358
759.700,92.8164,300.0000,65.0000,64.9920,13908.12,0.797135,92.816358
759.800,92.8164,300.0000,64.8750,64.9921,13909.08,0.797299,92.816358
759.900,92.8164,300.0000,64.9375,64.9922,13909.97,0.797453,92.816358
760.000,92.5104,300.0000,64.9375,64.9924,13907.74,0.797070,92.809553
760.100,92.5104,300.0000,65.0625,64.9925,13905.66,0.796712,92.809553
760.200,92.5104,300.0000,65.0625,64.9927,13903.72,0.796379,92.809553
760.300,92.5104,300.0000,65.0000,64.9929,13901.91,0.796067,92.809553
760.400,92.5104,300.0000,65.0625,64.9930,13900.22,0.795777,92.809553
760.500,92.5104,300.0000,65.0000,64.9932,13898.64,0.795506,92.809553
760.600,92.5104,300.0000,65.0000,64.9935,13897.17,0.795253,92.809553
760.700,92.5104,300.0000,64.9375,64.9937,13895.80,0.795017,92.809553
760.800,92.5104,300.0000,65.0000,64.9939,13894.51,0.794797,92.809553
760.900,92.5104,300.0000,65.0000,64.9942,13893.32,0.794592,92.809553
761.000,92.8096,300.0000,65.0000,64.9944,13895.19,0.794913,92.809553
761.100,92.8096,300.0000,65.0000,64.9946,13896.94,0.795214,92.809553
761.200,92.8096,300.0000,64.9375,64.9948,13898.57,0.795494,92.809553
761.300,92.8096,300.0000,65.0000,64.9950,13900.10,0.795756,92.809553
761.400,92.8096,300.0000,64.9375,64.9952,13901.52,0.796000,92.809553
761.500,92.8096,300.0000,65.0000,64.9953,13902.85,0.796228,92.809553
761.600,92.8096,300.0000,64.9375,64.9955,13904.09,0.796441,92.809553
761.700,92.8096,300.0000,65.0000,64.9956,13905.24,0.796640,92.809553
761.800,92.8096,300.0000,65.0625,64.9957,13906.32,0.796825,92.809553
761.900,92.8096,300.0000,65.0000,64.9959,13907.33,0.796998,92.809553
762.000,92.8096,300.0000,64.9375,64.9960,13908.27,0.797160,92.809553
762.100,92.8096,300.0000,64.9375,64.9961,13909.15,0.797311,92.809553
762.200,92.8096,300.0000,65.0000,64.9962,13909.97,0.797452,92.809553
762.300,92.8096,300.0000,65.0000,64.9963,13910.73,0.797583,92.809553
762.400,92.8096,300.0000,65.0625,64.9964,13911.44,0.797706,92.809553
762.500,92.8096,300.0000,65.0000,64.9965,13912.11,0.797821,92.809553
762.600,92.8096,300.0000,65.0000,64.9965,13912.73,0.797928,92.809553
762.700,92.8096,300.0000,65.0000,64.9966,13913.31,0.798027,92.809553
762.800,92.8096,300.0000,65.0625,64.9967,13913.85,0.798120,92.809553
762.900,92.8096,300.0000,64.8750,64.9967,13914.36,0.798207,92.809553
763.000,92.1976,300.0000,65.0000,64.9968,13908.71,0.797236,92.795945
763.100,92.1976,300.0000,64.9375,64.9970,13903.44,0.796330,92.795945
763.200,92.1976,300.0000,64.9375,64.9972,13898.52,0.795484,92.795945
763.300,92.1976,300.0000,64.9375,64.9974,13893.93,0.794696,92.795945
763.400,92.1976,300.0000,64.9375,64.9977,13889.64,0.793961,92.795945
763.500,92.1976,300.0000,65.0000,64.9980,13885.64,0.793275,92.795945
763.600,92.1976,300.0000,65.0000,64.9983,13881.91,0.792635,92.795945
763.700,92.1976,300.0000,64.9375,64.9987,13878.42,0.792039,92.795945
763.800,92.1976,300.0000,64.9375,64.9991,13875.17,0.791482,92.795945
763.900,92.1976,300.0000,65.0000,64.9995,13872.13,0.790963,92.795945
764.000,92.7959,300.0000,65.0625,64.9998,13875.28,0.791502,92.795945
764.100,92.7959,300.0000,65.0625,65.0002,13878.22,0.792005,92.795945
764.200,92.7959,300.0000,64.9375,65.0005,13880.97,0.792475,92.795945
764.300,92.7959,300.0000,64.9375,65.0008,13883.53,0.792914,92.795945
764.400,92.7959,300.0000,64.9375,65.0011,13885.92,0.793323,92.795945
764.500,92.7959,300.0000,64.9375,65.0014,13888.15,0.793706,92.795945
764.600,92.7959,300.0000,65.0625,65.0017,13890.23,0.794063,92.795945
764.700,92.7959,300.0000,64.9375,65.0019,13892.18,0.794396,92.795945
764.800,92.7959,300.0000,65.0000,65.0021,13893.99,0.794708,92.795945
764.900,92.7959,300.0000,64.9375,65.0023,13895.69,0.794998,92.795945
765.000,92.4899,300.0000,65.0625,65.0025,13894.21,0.794744,92.789141
765.100,92.4899,300.0000,65.0000,65.0028,13892.83,0.794507,92.789141
765.200,92.4899,300.0000,65.0625,65.0030,13891.54,0.794286,92.789141
765.300,92.4899,300.0000,65.0000,65.0033,13890.33,0.794080,92.789141
765.400,92.4899,300.0000,65.0000,65.0035,13889.21,0.793887,92.789141
765.500,92.4899,300.0000,65.0000,65.0038,13888.16,0.793708,92.789141
765.600,92.4899,300.0000,64.9375,65.0040,13887.18,0.793540,92.789141
765.700,92.4899,300.0000,65.0000,65.0043,13886.27,0.793384,92.789141
765.800,92.4899,300.0000,65.0000,65.0046,13885.42,0.793238,92.789141
765.900,92.4899,300.0000,65.0625,65.0049,13884.62,0.793101,92.789141
766.000,93.0951,300.0000,64.9375,65.0052,13889.93,0.794012,92.795945
766.100,93.0951,300.0000,65.1250,65.0054,13894.89,0.794862,92.795945
766.200,93.0951,300.0000,65.0000,65.0055,13899.52,0.795656,92.795945
766.300,93.0951,300.0000,65.0000,65.0057,13903.83,0.796397,92.795945
766.400,93.0951,300.0000,65.0625,65.0058,13907.86,0.797090,92.795945
766.500,93.0951,300.0000,64.9375,65.0058,13911.62,0.797737,92.795945
766.600,93.0951,300.0000,65.0000,65.0059,13915.13,0.798341,92.795945
766.700,93.0951,300.0000,65.0000,65.0059,13918.41,0.798905,92.795945
766.800,93.0951,300.0000,64.9375,65.0058,13921.47,0.799431,92.795945
766.900,93.0951,300.0000,64.9375,65.0058,13924.32,0.799923,92.795945
767.000,92.4899,300.0000,65.0000,65.0058,13920.93,0.799339,92.789141
767.100,92.4899,300.0000,64.9375,65.0058,13917.77,0.798794,92.789141
767.200,92.4899,300.0000,65.0000,65.0058,13914.82,0.798286,92.789141
767.300,92.4899,300.0000,65.0000,65.0059,13912.06,0.797812,92.789141
767.400,92.4899,300.0000,65.0000,65.0060,13909.49,0.797370,92.789141
767.500,92.4899,300.0000,65.0000,65.0061,13907.09,0.796957,92.789141
767.600,92.4899,300.0000,64.9375,65.0062,13904.85,0.796572,92.789141
767.700,92.4899,300.0000,65.0625,65.0064,13902.76,0.796213,92.789141
767.800,92.4899,300.0000,64.9375,65.0065,13900.81,0.795878,92.789141
767.900,92.4899,300.0000,65.0625,65.0067,13898.99,0.795565,92.789141
768.000,93.0951,300.0000,64.9375,65.0068,13903.34,0.796313,92.795945
768.100,93.0951,300.0000,65.0000,65.0069,13907.40,0.797011,92.795945
768.200,93.0951,300.0000,65.0000,65.0070,13911.19,0.797663,92.795945
768.300,93.0951,300.0000,65.0625,65.0070,13914.73,0.798272,92.795945
768.400,93.0951,300.0000,65.0625,65.0070,13918.03,0.798840,92.795945
768.500,93.0951,300.0000,65.1250,65.0070,13921.12,0.799371,92.795945
768.600,93.0951,300.0000,64.9375,65.0070,13923.99,0.799867,92.795945
768.700,93.0951,300.0000,65.0000,65.0069,13926.68,0.800330,92.795945
768.800,93.0951,300.0000,64.9375,65.0068,13929.18,0.800762,92.795945
768.900,93.0951,300.0000,65.0000,65.0067,13931.52,0.801165,92.795945
769.000,92.7959,300.0000,65.0000,65.0066,13930.72,0.801026,92.795945
769.100,92.7959,300.0000,64.9375,65.0065,13929.96,0.800896,92.795945
769.200,92.7959,300.0000,65.0625,65.0064,13929.26,0.800774,92.795945
769.300,92.7959,300.0000,65.0000,65.0064,13928.60,0.800661,92.795945
769.400,92.7959,300.0000,65.1250,65.0063,13927.98,0.800555,92.795945
769.500,92.7959,300.0000,64.9375,65.0062,13927.41,0.800456,92.795945
769.600,92.7959,300.0000,65.0000,65.0062,13926.88,0.800364,92.795945
769.700,92.7959,300.0000,65.0000,65.0061,13926.38,0.800278,92.795945
769.800,92.7959,300.0000,65.0625,65.0061,13925.91,0.800197,92.795945
769.900,92.7959,300.0000,65.0000,65.0060,13925.48,0.800123,92.795945
770.000,92.7959,300.0000,65.0000,65.0060,13925.07,0.800053,92.795945
770.100,92.7959,300.0000,64.9375,65.0059,13924.69,0.799987,92.795945
770.200,92.7959,300.0000,65.0000,65.0059,13924.34,0.799926,92.795945
770.300,92.7959,300.0000,65.0625,65.0058,13924.01,0.799870,92.795945
770.400,92.7959,300.0000,64.8750,65.0058,13923.70,0.799817,92.795945
770.500,92.7959,300.0000,65.0000,65.0058,13923.41,0.799767,92.795945
770.600,92.7959,300.0000,65.0625,65.0057,13923.15,0.799721,92.795945
770.700,92.7959,300.0000,65.0000,65.0057,13922.90,0.799678,92.795945
770.800,92.7959,300.0000,64.9375,65.0057,13922.66,0.799637,92.795945
770.900,92.7959,300.0000,65.0000,65.0057,13922.44,0.799600,92.795945
771.000,92.7959,300.0000,65.0625,65.0056,13922.24,0.799565,92.795945
771.100,92.7959,300.0000,65.0625,65.0056,13922.05,0.799532,92.795945
771.200,92.7959,300.0000,65.0000,65.0056,13921.87,0.799502,92.795945
771.300,92.7959,300.0000,65.0625,65.0056,13921.71,0.799473,92.795945
771.400,92.7959,300.0000,65.0000,65.0056,13921.55,0.799446,92.795945
771.500,92.7959,300.0000,65.0000,65.0055,13921.41,0.799422,92.795945
771.600,92.7959,300.0000,65.0000,65.0055,13921.28,0.799398,92.795945
771.700,92.7959,300.0000,64.9375,65.0055,13921.15,0.799377,92.795945
771.800,92.7959,300.0000,65.0000,65.0055,13921.03,0.799357,92.795945
771.900,92.7959,300.0000,65.0000,65.0055,13920.92,0.799338,92.795945
772.000,92.7959,300.0000,65.0000,65.0055,13920.82,0.799320,92.795945
772.100,92.7959,300.0000,65.0000,65.0055,13920.73,0.799304,92.795945
772.200,92.7959,300.0000,65.0000,65.0055,13920.64,0.799288,92.795945
772.300,92.7959,300.0000,65.0000,65.0055,13920.55,0.799274,92.795945
772.400,92.7959,300.0000,65.1250,65.0055,13920.48,0.799261,92.795945
772.500,92.7959,300.0000,65.0625,65.0054,13920.40,0.799248,92.795945
772.600,92.7959,300.0000,65.0000,65.0054,13920.34,0.799237,92.795945
772.700,92.7959,300.0000,65.0000,65.0054,13920.27,0.799226,92.795945
772.800,92.7959,300.0000,65.0000,65.0054,13920.21,0.799216,92.795945
772.900,92.7959,300.0000,65.0000,65.0054,13920.16,0.799206,92.795945
773.000,92.7959,300.0000,65.0625,65.0054,13920.11,0.799197,92.795945
773.100,92.7959,300.0000,64.9375,65.0054,13920.06,0.799189,92.795945
773.200,92.7959,300.0000,65.0000,65.0054,13920.02,0.799182,92.795945
773.300,92.7959,300.0000,65.0000,65.0054,13919.97,0.799174,92.795945
773.400,92.7959,300.0000,65.0625,65.0054,13919.94,0.799168,92.795945
773.500,92.7959,300.0000,65.0625,65.0054,13919.90,0.799161,92.795945
773.600,92.7959,300.0000,65.0000,65.0054,13919.87,0.799156,92.795945
773.700,92.7959,300.0000,65.0625,65.0054,13919.83,0.799150,92.795945
773.800,92.7959,300.0000,65.0000,65.0054,13919.80,0.799145,92.795945
773.900,92.7959,300.0000,64.9375,65.0054,13919.78,0.799140,92.795945
774.000,92.4899,300.0000,65.0000,65.0054,13916.69,0.798609,92.789141
774.100,92.4899,300.0000,65.0000,65.0055,13913.81,0.798113,92.789141
774.200,92.4899,300.0000,65.0000,65.0055,13911.12,0.797651,92.789141
774.300,92.4899,300.0000,64.9375,65.0056,13908.61,0.797219,92.789141
774.400,92.4899,300.0000,65.0625,65.0057,13906.27,0.796817,92.789141
774.500,92.4899,300.0000,65.0000,65.0059,13904.09,0.796441,92.789141
774.600,92.4899,300.0000,64.8750,65.0060,13902.05,0.796091,92.789141
774.700,92.4899,300.0000,65.0625,65.0062,13900.14,0.795764,92.789141
774.800,92.4899,300.0000,65.0000,65.0063,13898.37,0.795459,92.789141
774.900,92.4899,300.0000,65.0000,65.0065,13896.71,0.795174,92.789141
775.000,92.7891,300.0000,65.0000,65.0067,13898.15,0.795422,92.789141
775.100,92.7891,300.0000,65.0000,65.0069,13899.50,0.795653,92.789141
775.200,92.7891,300.0000,65.0625,65.0070,13900.76,0.795869,92.789141
775.300,92.7891,300.0000,65.0000,65.0072,13901.93,0.796071,92.789141
775.400,92.7891,300.0000,65.0625,65.0073,13903.03,0.796259,92.789141
775.500,92.7891,300.0000,65.1875,65.0074,13904.05,0.796435,92.789141
775.600,92.7891,300.0000,64.9375,65.0075,13905.01,0.796599,92.789141
775.700,92.7891,300.0000,64.9375,65.0077,13905.90,0.796752,92.789141
775.800,92.7891,300.0000,65.1250,65.0078,13906.73,0.796895,92.789141
775.900,92.7891,300.0000,64.9375,65.0079,13907.51,0.797029,92.789141
776.000,92.4831,300.0000,65.0000,65.0080,13905.17,0.796627,92.782336
776.100,92.4831,300.0000,65.0000,65.0081,13902.99,0.796253,92.782336
776.200,92.4831,300.0000,65.0625,65.0082,13900.96,0.795903,92.782336
776.300,92.4831,300.0000,65.0000,65.0084,13899.06,0.795577,92.782336
776.400,92.4831,300.0000,65.0000,65.0086,13897.28,0.795273,92.782336
776.500,92.4831,300.0000,64.8750,65.0088,13895.63,0.794989,92.782336
776.600,92.4831,300.0000,65.0625,65.0090,13894.09,0.794724,92.782336
776.700,92.4831,300.0000,65.0000,65.0092,13892.64,0.794476,92.782336
776.800,92.4831,300.0000,64.9375,65.0094,13891.30,0.794246,92.782336
776.900,92.4831,300.0000,65.0000,65.0097,13890.04,0.794030,92.782336
777.000,92.7823,300.0000,64.9375,65.0099,13891.87,0.794343,92.782336
777.100,92.7823,300.0000,65.0625,65.0101,13893.56,0.794634,92.782336
777.200,92.7823,300.0000,65.0000,65.0103,13895.15,0.794906,92.782336
777.300,92.7823,300.0000,65.0000,65.0105,13896.63,0.795160,92.782336
777.400,92.7823,300.0000,64.9375,65.0106,13898.01,0.795397,92.782336
777.500,92.7823,300.0000,65.0625,65.0108,13899.30,0.795619,92.782336
777.600,92.7823,300.0000,65.0625,65.0109,13900.50,0.795825,92.782336
777.700,92.7823,300.0000,65.0000,65.0111,13901.63,0.796018,92.782336
777.800,92.7823,300.0000,64.9375,65.0112,13902.68,0.796198,92.782336
777.900,92.7823,300.0000,65.0000,65.0113,13903.65,0.796367,92.782336
778.000,92.7823,300.0000,65.0000,65.0114,13904.57,0.796524,92.782336
778.100,92.7823,300.0000,65.1250,65.0115,13905.42,0.796670,92.782336
778.200,92.7823,300.0000,64.9375,65.0116,13906.21,0.796807,92.782336
778.300,92.7823,300.0000,65.0000,65.0117,13906.96,0.796934,92.782336
778.400,92.7823,300.0000,65.0625,65.0118,13907.65,0.797053,92.782336
778.500,92.7823,300.0000,64.9375,65.0119,13908.30,0.797165,92.782336
778.600,92.7823,300.0000,65.0625,65.0120,13908.90,0.797268,92.782336
778.700,92.7823,300.0000,65.0625,65.0120,13909.46,0.797365,92.782336
778.800,92.7823,300.0000,65.0625,65.0121,13909.99,0.797456,92.782336
778.900,92.7823,300.0000,65.0000,65.0122,13910.48,0.797540,92.782336
779.000,92.7823,300.0000,65.0000,65.0122,13910.94,0.797619,92.782336
779.100,92.7823,300.0000,65.1250,65.0123,13911.37,0.797692,92.782336
779.200,92.7823,300.0000,64.9375,65.0123,13911.76,0.797761,92.782336
779.300,92.7823,300.0000,65.0625,65.0124,13912.14,0.797825,92.782336
779.400,92.7823,300.0000,64.9375,65.0124,13912.48,0.797885,92.782336
779.500,92.7823,300.0000,65.0000,65.0124,13912.81,0.797941,92.782336
779.600,92.7823,300.0000,64.9375,65.0125,13913.11,0.797993,92.782336
779.700,92.7823,300.0000,64.9375,65.0125,13913.39,0.798042,92.782336
779.800,92.7823,300.0000,65.1250,65.0126,13913.66,0.798087,92.782336
779.900,92.7823,300.0000,65.0625,65.0126,13913.90,0.798129,92.782336
780.000,93.0883,300.0000,64.9375,65.0126,13917.19,0.798696,92.789141
780.100,93.0883,300.0000,64.9375,65.0126,13920.26,0.799224,92.789141
780.200,93.0883,300.0000,64.9375,65.0125,13923.13,0.799718,92.789141
780.300,93.0883,300.0000,65.0625,65.0125,13925.80,0.800179,92.789141
780.400,93.0883,300.0000,65.0000,65.0124,13928.30,0.800609,92.789141
780.500,93.0883,300.0000,64.9375,65.0123,13930.63,0.801011,92.789141
780.600,93.0883,300.0000,65.0000,65.0121,13932.81,0.801386,92.789141
780.700,93.0883,300.0000,65.0000,65.0120,13934.84,0.801737,92.789141
780.800,93.0883,300.0000,64.9375,65.0118,13936.73,0.802064,92.789141
780.900,93.0883,300.0000,65.0000,65.0117,13938.50,0.802369,92.789141
781.000,92.7891,300.0000,65.0625,65.0115,13937.16,0.802137,92.789141
781.100,92.7891,300.0000,65.0000,65.0114,13935.90,0.801921,92.789141
781.200,92.7891,300.0000,64.9375,65.0112,13934.73,0.801719,92.789141
781.300,92.7891,300.0000,64.9375,65.0111,13933.64,0.801531,92.789141
781.400,92.7891,300.0000,64.9375,65.0110,13932.63,0.801355,92.789141
781.500,92.7891,300.0000,65.0000,65.0109,13931.68,0.801191,92.789141
781.600,92.7891,300.0000,64.9375,65.0107,13930.79,0.801038,92.789141
781.700,92.7891,300.0000,65.0625,65.0107,13929.96,0.800896,92.789141
781.800,92.7891,300.0000,64.9375,65.0106,13929.19,0.800762,92.789141
781.900,92.7891,300.0000,65.0000,65.0105,13928.47,0.800638,92.789141
782.000,92.7891,300.0000,65.0000,65.0104,13927.79,0.800522,92.789141
782.100,92.7891,300.0000,65.0000,65.0103,13927.17,0.800414,92.789141
782.200,92.7891,300.0000,65.0625,65.0103,13926.58,0.800312,92.789141
782.300,92.7891,300.0000,65.0625,65.0102,13926.03,0.800218,92.789141
782.400,92.7891,300.0000,65.0000,65.0101,13925.52,0.800130,92.789141
782.500,92.7891,300.0000,65.0625,65.0101,13925.04,0.800048,92.789141
782.600,92.7891,300.0000,65.0000,65.0100,13924.60,0.799971,92.789141
782.700,92.7891,300.0000,64.9375,65.0100,13924.18,0.799900,92.789141
782.800,92.7891,300.0000,65.0625,65.0099,13923.80,0.799833,92.789141
782.900,92.7891,300.0000,64.9375,65.0099,13923.44,0.799771,92.789141
783.000,92.4831,300.0000,65.0000,65.0099,13920.04,0.799185,92.782336
783.100,92.4831,300.0000,65.0000,65.0099,13916.87,0.798639,92.782336
783.200,92.4831,300.0000,64.9375,65.0099,13913.91,0.798130,92.782336
783.300,92.4831,300.0000,65.0625,65.0100,13911.14,0.797654,92.782336
783.400,92.4831,300.0000,64.9375,65.0101,13908.57,0.797211,92.782336
783.500,92.4831,300.0000,65.0000,65.0102,13906.16,0.796797,92.782336
783.600,92.4831,300.0000,65.0000,65.0103,13903.91,0.796411,92.782336
783.700,92.4831,300.0000,65.0000,65.0104,13901.82,0.796051,92.782336
783.800,92.4831,300.0000,65.0000,65.0106,13899.86,0.795715,92.782336
783.900,92.4831,300.0000,65.0000,65.0107,13898.04,0.795402,92.782336
784.000,92.7823,300.0000,65.0000,65.0109,13899.32,0.795623,92.782336
784.100,92.7823,300.0000,65.0625,65.0110,13900.52,0.795829,92.782336
784.200,92.7823,300.0000,65.0625,65.0112,13901.65,0.796022,92.782336
784.300,92.7823,300.0000,65.0000,65.0113,13902.69,0.796202,92.782336
784.400,92.7823,300.0000,65.0625,65.0114,13903.67,0.796370,92.782336
784.500,92.7823,300.0000,65.0000,65.0115,13904.58,0.796526,92.782336
784.600,92.7823,300.0000,65.1250,65.0116,13905.43,0.796673,92.782336
784.700,92.7823,300.0000,65.0625,65.0117,13906.23,0.796809,92.782336
784.800,92.7823,300.0000,65.0000,65.0118,13906.97,0.796937,92.782336
784.900,92.7823,300.0000,65.0000,65.0119,13907.66,0.797056,92.782336
785.000,92.7823,300.0000,65.0000,65.0120,13908.31,0.797167,92.782336
785.100,92.7823,300.0000,65.0625,65.0121,13908.91,0.797270,92.782336
785.200,92.7823,300.0000,65.0000,65.0121,13909.47,0.797367,92.782336
785.300,92.7823,300.0000,65.0625,65.0122,13910.00,0.797457,92.782336
785.400,92.7823,300.0000,65.0625,65.0123,13910.49,0.797542,92.782336
785.500,92.7823,300.0000,65.0000,65.0123,13910.95,0.797620,92.782336
785.600,92.7823,300.0000,65.0000,65.0124,13911.37,0.797694,92.782336
785.700,92.7823,300.0000,65.0625,65.0124,13911.77,0.797762,92.782336
785.800,92.7823,300.0000,65.0000,65.0125,13912.14,0.797826,92.782336
785.900,92.7823,300.0000,65.0625,65.0125,13912.49,0.797886,92.782336
786.000,93.0883,300.0000,65.0625,65.0125,13915.87,0.798468,92.789141
786.100,93.0883,300.0000,65.0000,65.0125,13919.03,0.799012,92.789141
786.200,93.0883,300.0000,65.0625,65.0125,13921.98,0.799520,92.789141
786.300,93.0883,300.0000,65.0625,65.0124,13924.73,0.799994,92.789141
786.400,93.0883,300.0000,65.0625,65.0123,13927.30,0.800437,92.789141
786.500,93.0883,300.0000,65.0000,65.0122,13929.70,0.800850,92.789141
786.600,93.0883,300.0000,65.1250,65.0121,13931.93,0.801236,92.789141
786.700,93.0883,300.0000,65.0000,65.0120,13934.02,0.801596,92.789141
786.800,93.0883,300.0000,65.0625,65.0118,13935.97,0.801933,92.789141
786.900,93.0883,300.0000,65.0000,65.0117,13937.79,0.802247,92.789141
787.000,92.7891,300.0000,65.0000,65.0115,13936.49,0.802023,92.789141
787.100,92.7891,300.0000,65.0625,65.0114,13935.29,0.801814,92.789141
787.200,92.7891,300.0000,64.9375,65.0112,13934.16,0.801620,92.789141
787.300,92.7891,300.0000,65.0625,65.0111,13933.11,0.801438,92.789141
787.400,92.7891,300.0000,65.0000,65.0110,13932.12,0.801269,92.789141
787.500,92.7891,300.0000,65.0625,65.0109,13931.21,0.801111,92.789141
787.600,92.7891,300.0000,65.0000,65.0108,13930.35,0.800963,92.789141
787.700,92.7891,300.0000,64.9375,65.0107,13929.55,0.800825,92.789141
787.800,92.7891,300.0000,65.0625,65.0106,13928.81,0.800697,92.789141
787.900,92.7891,300.0000,65.0625,65.0105,13928.11,0.800577,92.789141
788.000,93.0951,300.0000,65.0625,65.0104,13930.52,0.800992,92.795945
788.100,93.0951,300.0000,65.0625,65.0103,13932.77,0.801381,92.795945
788.200,93.0951,300.0000,65.0000,65.0102,13934.87,0.801743,92.795945
788.300,93.0951,300.0000,65.0625,65.0100,13936.83,0.802081,92.795945
788.400,93.0951,300.0000,65.0000,65.0098,13938.66,0.802397,92.795945
788.500,93.0951,300.0000,65.0625,65.0097,13940.37,0.802692,92.795945
788.600,93.0951,300.0000,65.0625,65.0095,13941.96,0.802967,92.795945
788.700,93.0951,300.0000,65.0000,65.0093,13943.45,0.803224,92.795945
788.800,93.0951,300.0000,65.0000,65.0090,13944.84,0.803464,92.795945
788.900,93.0951,300.0000,65.0000,65.0088,13946.13,0.803688,92.795945
789.000,92.7959,300.0000,64.9375,65.0086,13944.35,0.803380,92.795945
789.100,92.7959,300.0000,65.0625,65.0084,13942.69,0.803093,92.795945
789.200,92.7959,300.0000,65.0000,65.0082,13941.13,0.802824,92.795945
789.300,92.7959,300.0000,65.0625,65.0080,13939.68,0.802574,92.795945
789.400,92.7959,300.0000,65.0625,65.0079,13938.33,0.802340,92.795945
789.500,92.7959,300.0000,64.8750,65.0077,13937.07,0.802122,92.795945
789.600,92.7959,300.0000,65.0625,65.0076,13935.89,0.801919,92.795945
789.700,92.7959,300.0000,65.1250,65.0075,13934.79,0.801729,92.795945
789.800,92.7959,300.0000,65.0625,65.0073,13933.76,0.801552,92.795945
789.900,92.7959,300.0000,65.0625,65.0072,13932.81,0.801386,92.795945
790.000,93.1019,300.0000,65.0000,65.0071,13934.97,0.801760,92.802749
790.100,93.1019,300.0000,65.1250,65.0069,13936.99,0.802109,92.802749
790.200,93.1019,300.0000,64.9375,65.0068,13938.88,0.802435,92.802749
790.300,93.1019,300.0000,65.0000,65.0066,13940.64,0.802739,92.802749
790.400,93.1019,300.0000,65.0000,65.0064,13942.28,0.803023,92.802749
790.500,93.1019,300.0000,64.9375,65.0062,13943.82,0.803288,92.802749
790.600,93.1019,300.0000,65.0000,65.0060,13945.25,0.803535,92.802749
790.700,93.1019,300.0000,65.0625,65.0058,13946.59,0.803766,92.802749
790.800,93.1019,300.0000,65.0000,65.0055,13947.83,0.803982,92.802749
790.900,93.1019,300.0000,65.0000,65.0053,13949.00,0.804183,92.802749
791.000,92.8027,300.0000,65.0625,65.0051,13947.09,0.803854,92.802749
791.100,92.8027,300.0000,65.0625,65.0048,13945.31,0.803546,92.802749
791.200,92.8027,300.0000,65.0000,65.0046,13943.65,0.803259,92.802749
791.300,92.8027,300.0000,64.9375,65.0045,13942.10,0.802992,92.802749
791.400,92.8027,300.0000,65.1250,65.0043,13940.66,0.802742,92.802749
791.500,92.8027,300.0000,65.0000,65.0041,13939.31,0.802509,92.802749
791.600,92.8027,300.0000,64.9375,65.0040,13938.05,0.802291,92.802749
791.700,92.8027,300.0000,65.0625,65.0038,13936.87,0.802088,92.802749
791.800,92.8027,300.0000,65.0000,65.0037,13935.77,0.801899,92.802749
791.900,92.8027,300.0000,65.0000,65.0036,13934.75,0.801722,92.802749
792.000,92.8027,300.0000,65.0625,65.0035,13933.79,0.801557,92.802749
792.100,92.8027,300.0000,64.8750,65.0034,13932.90,0.801403,92.802749
792.200,92.8027,300.0000,64.8750,65.0033,13932.07,0.801259,92.802749
792.300,92.8027,300.0000,65.0000,65.0032,13931.29,0.801125,92.802749
792.400,92.8027,300.0000,65.0000,65.0031,13930.57,0.801000,92.802749
792.500,92.8027,300.0000,64.9375,65.0030,13929.89,0.800883,92.802749
792.600,92.8027,300.0000,64.9375,65.0029,13929.26,0.800774,92.802749
792.700,92.8027,300.0000,64.9375,65.0029,13928.67,0.800673,92.802749
792.800,92.8027,300.0000,65.0000,65.0028,13928.12,0.800578,92.802749
792.900,92.8027,300.0000,65.0000,65.0027,13927.60,0.800489,92.802749
793.000,92.8027,300.0000,65.0000,65.0027,13927.12,0.800407,92.802749
793.100,92.8027,300.0000,64.9375,65.0026,13926.68,0.800329,92.802749
793.200,92.8027,300.0000,65.0000,65.0026,13926.26,0.800257,92.802749
793.300,92.8027,300.0000,65.0000,65.0025,13925.87,0.800190,92.802749
793.400,92.8027,300.0000,65.0000,65.0025,13925.51,0.800127,92.802749
793.500,92.8027,300.0000,65.0625,65.0024,13925.17,0.800069,92.802749
793.600,92.8027,300.0000,65.0000,65.0024,13924.85,0.800014,92.802749
793.700,92.8027,300.0000,65.0000,65.0024,13924.55,0.799963,92.802749
793.800,92.8027,300.0000,64.9375,65.0023,13924.28,0.799916,92.802749
793.900,92.8027,300.0000,65.0625,65.0023,13924.02,0.799871,92.802749
794.000,93.1087,300.0000,65.0625,65.0023,13926.84,0.800357,92.809553
794.100,93.1087,300.0000,65.1250,65.0022,13929.47,0.800811,92.809553
794.200,93.1087,300.0000,65.0625,65.0021,13931.93,0.801235,92.809553
794.300,93.1087,300.0000,65.0000,65.0020,13934.22,0.801630,92.809553
794.400,93.1087,300.0000,64.9375,65.0018,13936.36,0.802000,92.809553
794.500,93.1087,300.0000,65.1250,65.0017,13938.36,0.802344,92.809553
794.600,93.1087,300.0000,64.9375,65.0015,13940.22,0.802666,92.809553
794.700,93.1087,300.0000,65.0000,65.0014,13941.96,0.802967,92.809553
794.800,93.1087,300.0000,65.0000,65.0012,13943.58,0.803247,92.809553
794.900,93.1087,300.0000,65.0000,65.0010,13945.10,0.803509,92.809553
795.000,92.8096,300.0000,65.0000,65.0008,13943.52,0.803237,92.809553
795.100,92.8096,300.0000,64.9375,65.0006,13942.05,0.802982,92.809553
795.200,92.8096,300.0000,65.0000,65.0004,13940.67,0.802745,92.809553
795.300,92.8096,300.0000,65.0000,65.0003,13939.39,0.802523,92.809553
795.400,92.8096,300.0000,64.9375,65.0001,13938.19,0.802316,92.809553
795.500,92.8096,300.0000,64.9375,65.0000,13937.08,0.802124,92.809553
795.600,92.8096,300.0000,65.0000,64.9999,13936.03,0.801943,92.809553
795.700,92.8096,300.0000,65.0625,64.9998,13935.06,0.801775,92.809553
795.800,92.8096,300.0000,65.0000,64.9997,13934.15,0.801619,92.809553
795.900,92.8096,300.0000,65.0000,64.9996,13933.30,0.801472,92.809553
796.000,92.8096,300.0000,64.9375,64.9995,13932.51,0.801336,92.809553
796.100,92.8096,300.0000,64.9375,64.9994,13931.77,0.801208,92.809553
796.200,92.8096,300.0000,64.9375,64.9993,13931.08,0.801089,92.809553
796.300,92.8096,300.0000,65.0000,64.9992,13930.44,0.800978,92.809553
796.400,92.8096,300.0000,65.1250,64.9991,13929.84,0.800875,92.809553
796.500,92.8096,300.0000,64.8750,64.9991,13929.28,0.800778,92.809553
796.600,92.8096,300.0000,65.0000,64.9990,13928.76,0.800688,92.809553
796.700,92.8096,300.0000,65.0000,64.9990,13928.27,0.800604,92.809553
796.800,92.8096,300.0000,64.9375,64.9989,13927.81,0.800525,92.809553
796.900,92.8096,300.0000,65.0625,64.9989,13927.39,0.800452,92.809553
797.000,93.1156,300.0000,65.0000,64.9988,13930.05,0.800911,92.816358
797.100,93.1156,300.0000,65.0625,64.9987,13932.54,0.801340,92.816358
797.200,93.1156,300.0000,64.9375,64.9986,13934.86,0.801740,92.816358
797.300,93.1156,300.0000,65.0000,64.9984,13937.02,0.802114,92.816358
797.400,93.1156,300.0000,64.9375,64.9983,13939.04,0.802463,92.816358
797.500,93.1156,300.0000,65.0000,64.9981,13940.93,0.802789,92.816358
797.600,93.1156,300.0000,65.0000,64.9980,13942.69,0.803093,92.816358
797.700,93.1156,300.0000,65.0000,64.9978,13944.33,0.803377,92.816358
797.800,93.1156,300.0000,65.0625,64.9976,13945.86,0.803642,92.816358
797.900,93.1156,300.0000,64.9375,64.9974,13947.30,0.803889,92.816358
798.000,92.5104,300.0000,65.0625,64.9972,13942.58,0.803074,92.809553
798.100,92.5104,300.0000,65.0625,64.9971,13938.18,0.802314,92.809553
798.200,92.5104,300.0000,65.0625,64.9970,13934.07,0.801605,92.809553
798.300,92.5104,300.0000,64.9375,64.9969,13930.24,0.800943,92.809553
798.400,92.5104,300.0000,65.0000,64.9968,13926.66,0.800326,92.809553
798.500,92.5104,300.0000,65.0000,64.9968,13923.32,0.799750,92.809553
798.600,92.5104,300.0000,65.0000,64.9968,13920.20,0.799213,92.809553
798.700,92.5104,300.0000,65.0000,64.9969,13917.29,0.798712,92.809553
798.800,92.5104,300.0000,65.0000,64.9969,13914.57,0.798244,92.809553
798.900,92.5104,300.0000,64.9375,64.9970,13912.04,0.797808,92.809553
799.000,92.5036,300.0000,64.9375,64.9971,13909.61,0.797390,92.802749
799.100,92.5036,300.0000,65.0000,64.9972,13907.33,0.796999,92.802749
799.200,92.5036,300.0000,65.0000,64.9974,13905.21,0.796635,92.802749
799.300,92.5036,300.0000,65.0000,64.9975,13903.23,0.796295,92.802749
799.400,92.5036,300.0000,65.0000,64.9977,13901.39,0.795977,92.802749
799.500,92.5036,300.0000,65.0625,64.9979,13899.66,0.795681,92.802749
799.600,92.5036,300.0000,65.0000,64.9981,13898.06,0.795405,92.802749
799.700,92.5036,300.0000,65.0000,64.9983,13896.55,0.795147,92.802749
799.800,92.5036,300.0000,65.1250,64.9985,13895.15,0.794907,92.802749
799.900,92.5036,300.0000,65.1250,64.9987,13893.84,0.794682,92.802749
800.000,93.4147,300.0000,64.9375,64.9989,13901.74,0.796037,92.816358
800.100,93.4147,300.0000,65.0625,64.9990,13909.10,0.797303,92.816358
800.200,93.4147,300.0000,65.0000,64.9990,13915.98,0.798486,92.816358
800.300,93.4147,300.0000,65.0000,64.9990,13922.39,0.799591,92.816358
800.400,93.4147,300.0000,65.0625,64.9990,13928.38,0.800623,92.816358
800.500,93.4147,300.0000,64.9375,64.9989,13933.97,0.801587,92.816358
800.600,93.4147,300.0000,65.0000,64.9987,13939.18,0.802488,92.816358
800.700,93.4147,300.0000,65.0000,64.9985,13944.05,0.803329,92.816358
800.800,93.4147,300.0000,64.9375,64.9983,13948.60,0.804114,92.816358
800.900,93.4147,300.0000,65.0000,64.9981,13952.84,0.804848,92.816358
801.000,92.8164,300.0000,65.0625,64.9978,13950.81,0.804497,92.816358
801.100,92.8164,300.0000,65.0625,64.9976,13948.92,0.804170,92.816358
801.200,92.8164,300.0000,64.9375,64.9974,13947.16,0.803865,92.816358
801.300,92.8164,300.0000,65.0625,64.9972,13945.51,0.803581,92.816358
801.400,92.8164,300.0000,64.9375,64.9970,13943.97,0.803315,92.816358
801.500,92.8164,300.0000,64.9375,64.9968,13942.54,0.803067,92.816358
801.600,92.8164,300.0000,64.9375,64.9967,13941.20,0.802836,92.816358
801.700,92.8164,300.0000,64.9375,64.9965,13939.95,0.802620,92.816358
801.800,92.8164,300.0000,64.9375,64.9964,13938.78,0.802418,92.816358
801.900,92.8164,300.0000,65.0000,64.9962,13937.69,0.802230,92.816358
802.000,92.8164,300.0000,65.0000,64.9961,13936.68,0.802055,92.816358
802.100,92.8164,300.0000,65.0625,64.9960,13935.73,0.801891,92.816358
802.200,92.8164,300.0000,64.9375,64.9959,13934.85,0.801738,92.816358
802.300,92.8164,300.0000,65.0000,64.9958,13934.02,0.801596,92.816358
802.400,92.8164,300.0000,64.9375,64.9957,13933.25,0.801463,92.816358
802.500,92.8164,300.0000,65.0000,64.9956,13932.53,0.801339,92.816358
802.600,92.8164,300.0000,65.0000,64.9955,13931.86,0.801223,92.816358
802.700,92.8164,300.0000,64.9375,64.9955,13931.23,0.801115,92.816358
802.800,92.8164,300.0000,65.0625,64.9954,13930.64,0.801014,92.816358
802.900,92.8164,300.0000,65.0625,64.9953,13930.10,0.800919,92.816358
803.000,93.1224,300.0000,64.9375,64.9952,13932.65,0.801359,92.823162
803.100,93.1224,300.0000,64.8750,64.9951,13935.03,0.801770,92.823162
803.200,93.1224,300.0000,65.0000,64.9950,13937.25,0.802154,92.823162
803.300,93.1224,300.0000,65.0625,64.9949,13939.32,0.802512,92.823162
803.400,93.1224,300.0000,65.0625,64.9947,13941.26,0.802846,92.823162
803.500,93.1224,300.0000,65.0000,64.9945,13943.07,0.803158,92.823162
803.600,93.1224,300.0000,65.0000,64.9944,13944.75,0.803450,92.823162
803.700,93.1224,300.0000,65.0625,64.9942,13946.33,0.803722,92.823162
803.800,93.1224,300.0000,65.1250,64.9940,13947.79,0.803975,92.823162
803.900,93.1224,300.0000,64.8750,64.9937,13949.16,0.804212,92.823162
804.000,92.2112,300.0000,65.0000,64.9936,13941.33,0.802859,92.809553
804.100,92.2112,300.0000,65.0000,64.9935,13934.02,0.801596,92.809553
804.200,92.2112,300.0000,65.0625,64.9935,13927.20,0.800419,92.809553
804.300,92.2112,300.0000,65.0000,64.9935,13920.83,0.799322,92.809553
804.400,92.2112,300.0000,65.0000,64.9935,13914.89,0.798298,92.809553
804.500,92.2112,300.0000,65.0625,64.9936,13909.34,0.797344,92.809553
804.600,92.2112,300.0000,65.0000,64.9938,13904.16,0.796454,92.809553
804.700,92.2112,300.0000,65.0625,64.9940,13899.33,0.795624,92.809553
804.800,92.2112,300.0000,64.8750,64.9942,13894.82,0.794849,92.809553
804.900,92.2112,300.0000,65.0625,64.9945,13890.61,0.794127,92.809553
805.000,93.1156,300.0000,64.9375,64.9947,13895.72,0.795005,92.816358
805.100,93.1156,300.0000,65.0000,64.9949,13900.50,0.795824,92.816358
805.200,93.1156,300.0000,65.0625,64.9950,13904.95,0.796590,92.816358
805.300,93.1156,300.0000,64.9375,64.9952,13909.11,0.797305,92.816358
805.400,93.1156,300.0000,65.1250,64.9952,13912.99,0.797973,92.816358
805.500,93.1156,300.0000,64.9375,64.9953,13916.62,0.798596,92.816358
805.600,93.1156,300.0000,65.0625,64.9953,13920.00,0.799178,92.816358
805.700,93.1156,300.0000,65.0625,64.9953,13923.15,0.799722,92.816358
805.800,93.1156,300.0000,65.0000,64.9953,13926.10,0.800230,92.816358
805.900,93.1156,300.0000,64.9375,64.9952,13928.85,0.800704,92.816358
806.000,92.5104,300.0000,64.9375,64.9952,13925.36,0.800102,92.809553
806.100,92.5104,300.0000,65.0625,64.9952,13922.11,0.799542,92.809553
806.200,92.5104,300.0000,64.9375,64.9952,13919.07,0.799019,92.809553
806.300,92.5104,300.0000,64.9375,64.9953,13916.24,0.798531,92.809553
806.400,92.5104,300.0000,65.0625,64.9953,13913.59,0.798075,92.809553
806.500,92.5104,300.0000,65.0000,64.9954,13911.12,0.797650,92.809553
806.600,92.5104,300.0000,65.0000,64.9955,13908.82,0.797254,92.809553
806.700,92.5104,300.0000,65.0000,64.9957,13906.67,0.796884,92.809553
806.800,92.5104,300.0000,65.0000,64.9958,13904.66,0.796539,92.809553
806.900,92.5104,300.0000,65.0000,64.9960,13902.78,0.796217,92.809553
807.000,92.8096,300.0000,65.0000,64.9961,13904.03,0.796431,92.809553
807.100,92.8096,300.0000,64.8750,64.9963,13905.19,0.796630,92.809553
807.200,92.8096,300.0000,65.0000,64.9964,13906.27,0.796816,92.809553
807.300,92.8096,300.0000,64.9375,64.9965,13907.28,0.796990,92.809553
807.400,92.8096,300.0000,65.0000,64.9966,13908.23,0.797152,92.809553
807.500,92.8096,300.0000,65.0000,64.9967,13909.11,0.797304,92.809553
807.600,92.8096,300.0000,65.0000,64.9968,13909.93,0.797445,92.809553
807.700,92.8096,300.0000,65.0000,64.9969,13910.69,0.797577,92.809553
807.800,92.8096,300.0000,64.9375,64.9970,13911.41,0.797700,92.809553
807.900,92.8096,300.0000,65.0000,64.9971,13912.08,0.797815,92.809553
808.000,92.8096,300.0000,64.9375,64.9972,13912.70,0.797923,92.809553
808.100,92.8096,300.0000,65.0000,64.9972,13913.28,0.798023,92.809553
808.200,92.8096,300.0000,65.0625,64.9973,13913.83,0.798116,92.809553
808.300,92.8096,300.0000,65.0625,64.9974,13914.33,0.798203,92.809553
808.400,92.8096,300.0000,65.0625,64.9974,13914.81,0.798285,92.809553
808.500,92.8096,300.0000,65.0000,64.9975,13915.25,0.798361,92.809553
808.600,92.8096,300.0000,65.0625,64.9975,13915.66,0.798432,92.809553
808.700,92.8096,300.0000,64.9375,64.9976,13916.05,0.798498,92.809553
808.800,92.8096,300.0000,65.1250,64.9976,13916.41,0.798560,92.809553
808.900,92.8096,300.0000,65.0625,64.9977,13916.74,0.798618,92.809553
809.000,93.1156,300.0000,65.0000,64.9977,13920.11,0.799198,92.816358
809.100,93.1156,300.0000,65.0000,64.9977,13923.26,0.799741,92.816358
809.200,93.1156,300.0000,64.9375,64.9976,13926.20,0.800247,92.816358
809.300,93.1156,300.0000,65.0000,64.9976,13928.94,0.800720,92.816358
809.400,93.1156,300.0000,65.0625,64.9975,13931.50,0.801161,92.816358
809.500,93.1156,300.0000,65.0625,64.9974,13933.89,0.801574,92.816358
809.600,93.1156,300.0000,65.0000,64.9973,13936.12,0.801958,92.816358
809.700,93.1156,300.0000,65.0625,64.9971,13938.20,0.802318,92.816358
809.800,93.1156,300.0000,65.0000,64.9970,13940.14,0.802653,92.816358
809.900,93.1156,300.0000,64.9375,64.9968,13941.96,0.802966,92.816358
810.000,92.5104,300.0000,64.9375,64.9967,13937.60,0.802213,92.809553
810.100,92.5104,300.0000,65.0000,64.9966,13933.53,0.801511,92.809553
810.200,92.5104,300.0000,65.0625,64.9965,13929.73,0.800855,92.809553
810.300,92.5104,300.0000,65.0000,64.9965,13926.18,0.800244,92.809553
810.400,92.5104,300.0000,65.0000,64.9965,13922.87,0.799674,92.809553
810.500,92.5104,300.0000,65.0000,64.9965,13919.79,0.799142,92.809553
810.600,92.5104,300.0000,65.0625,64.9965,13916.90,0.798646,92.809553
810.700,92.5104,300.0000,65.0000,64.9966,13914.21,0.798183,92.809553
810.800,92.5104,300.0000,64.9375,64.9967,13911.70,0.797751,92.809553
810.900,92.5104,300.0000,65.1250,64.9968,13909.36,0.797348,92.809553
811.000,93.4216,300.0000,65.0000,64.9968,13916.28,0.798539,92.823162
811.100,93.4216,300.0000,65.0000,64.9968,13922.75,0.799652,92.823162
811.200,93.4216,300.0000,65.0000,64.9968,13928.78,0.800692,92.823162
811.300,93.4216,300.0000,64.9375,64.9967,13934.41,0.801663,92.823162
811.400,93.4216,300.0000,64.9375,64.9965,13939.67,0.802571,92.823162
811.500,93.4216,300.0000,64.9375,64.9963,13944.57,0.803418,92.823162
811.600,93.4216,300.0000,65.0000,64.9961,13949.15,0.804210,92.823162
811.700,93.4216,300.0000,65.0000,64.9958,13953.42,0.804949,92.823162
811.800,93.4216,300.0000,65.0625,64.9956,13957.41,0.805639,92.823162
811.900,93.4216,300.0000,65.0000,64.9952,13961.13,0.806284,92.823162
812.000,92.8232,300.0000,65.0625,64.9949,13958.62,0.805849,92.823162
812.100,92.8232,300.0000,65.0000,64.9946,13956.28,0.805443,92.823162
812.200,92.8232,300.0000,65.0000,64.9944,13954.09,0.805065,92.823162
812.300,92.8232,300.0000,65.0625,64.9941,13952.05,0.804711,92.823162
812.400,92.8232,300.0000,65.0625,64.9939,13950.14,0.804382,92.823162
812.500,92.8232,300.0000,65.0000,64.9937,13948.37,0.804074,92.823162
812.600,92.8232,300.0000,64.9375,64.9935,13946.71,0.803787,92.823162
812.700,92.8232,300.0000,65.0625,64.9933,13945.16,0.803520,92.823162
812.800,92.8232,300.0000,65.0000,64.9931,13943.71,0.803270,92.823162
812.900,92.8232,300.0000,64.9375,64.9930,13942.36,0.803037,92.823162
813.000,92.5172,300.0000,64.9375,64.9929,13938.04,0.802290,92.816358
813.100,92.5172,300.0000,65.0000,64.9928,13934.01,0.801595,92.816358
813.200,92.5172,300.0000,65.0000,64.9927,13930.25,0.800945,92.816358
813.300,92.5172,300.0000,64.9375,64.9927,13926.74,0.800340,92.816358
813.400,92.5172,300.0000,65.0000,64.9927,13923.46,0.799775,92.816358
813.500,92.5172,300.0000,65.0000,64.9927,13920.40,0.799248,92.816358
813.600,92.5172,300.0000,64.9375,64.9927,13917.55,0.798756,92.816358
813.700,92.5172,300.0000,65.0625,64.9928,13914.88,0.798297,92.816358
813.800,92.5172,300.0000,65.0000,64.9929,13912.39,0.797869,92.816358
813.900,92.5172,300.0000,65.0625,64.9930,13910.07,0.797470,92.816358
814.000,93.1224,300.0000,64.9375,64.9931,13913.96,0.798139,92.823162
814.100,93.1224,300.0000,65.0625,64.9931,13917.58,0.798763,92.823162
814.200,93.1224,300.0000,65.0000,64.9931,13920.97,0.799346,92.823162
814.300,93.1224,300.0000,64.9375,64.9931,13924.13,0.799890,92.823162
814.400,93.1224,300.0000,65.0000,64.9931,13927.08,0.800398,92.823162
814.500,93.1224,300.0000,64.9375,64.9930,13929.83,0.800873,92.823162
814.600,93.1224,300.0000,65.0000,64.9929,13932.40,0.801316,92.823162
814.700,93.1224,300.0000,64.9375,64.9928,13934.79,0.801729,92.823162
814.800,93.1224,300.0000,64.9375,64.9927,13937.03,0.802116,92.823162
814.900,93.1224,300.0000,64.9375,64.9926,13939.12,0.802476,92.823162
815.000,92.5172,300.0000,64.9375,64.9925,13935.02,0.801768,92.816358
815.100,92.5172,300.0000,65.0000,64.9924,13931.19,0.801107,92.816358
815.200,92.5172,300.0000,65.0000,64.9924,13927.61,0.800491,92.816358
815.300,92.5172,300.0000,65.0625,64.9924,13924.28,0.799916,92.816358
815.400,92.5172,300.0000,65.0000,64.9924,13921.16,0.799379,92.816358
815.500,92.5172,300.0000,65.0000,64.9924,13918.26,0.798879,92.816358
815.600,92.5172,300.0000,65.0000,64.9925,13915.55,0.798412,92.816358
815.700,92.5172,300.0000,64.8750,64.9926,13913.01,0.797976,92.816358
815.800,92.5172,300.0000,65.0000,64.9927,13910.65,0.797570,92.816358
815.900,92.5172,300.0000,64.9375,64.9928,13908.45,0.797190,92.816358
816.000,92.5104,300.0000,64.9375,64.9929,13906.32,0.796825,92.809553
816.100,92.5104,300.0000,65.0000,64.9931,13904.34,0.796484,92.809553
816.200,92.5104,300.0000,64.9375,64.9933,13902.48,0.796166,92.809553
816.300,92.5104,300.0000,65.0000,64.9935,13900.75,0.795869,92.809553
816.400,92.5104,300.0000,65.0000,64.9936,13899.14,0.795591,92.809553
816.500,92.5104,300.0000,64.8750,64.9939,13897.64,0.795333,92.809553
816.600,92.5104,300.0000,65.0000,64.9941,13896.23,0.795092,92.809553
816.700,92.5104,300.0000,65.0625,64.9943,13894.92,0.794867,92.809553
816.800,92.5104,300.0000,65.0000,64.9945,13893.69,0.794656,92.809553
816.900,92.5104,300.0000,64.9375,64.9948,13892.55,0.794460,92.809553
817.000,92.5036,300.0000,64.9375,64.9951,13891.42,0.794266,92.802749
817.100,92.5036,300.0000,65.0625,64.9953,13890.36,0.794084,92.802749
817.200,92.5036,300.0000,65.0000,64.9956,13889.37,0.793915,92.802749
817.300,92.5036,300.0000,65.1250,64.9959,13888.45,0.793756,92.802749
817.400,92.5036,300.0000,65.0000,64.9962,13887.59,0.793609,92.802749
817.500,92.5036,300.0000,65.0625,64.9965,13886.78,0.793471,92.802749
817.600,92.5036,300.0000,65.0000,64.9967,13886.03,0.793343,92.802749
817.700,92.5036,300.0000,64.8750,64.9971,13885.33,0.793223,92.802749
817.800,92.5036,300.0000,64.8750,64.9974,13884.68,0.793111,92.802749
817.900,92.5036,300.0000,64.9375,64.9977,13884.07,0.793006,92.802749
818.000,92.4967,300.0000,64.9375,64.9980,13883.43,0.792897,92.795945
818.100,92.4967,300.0000,65.0625,64.9983,13882.84,0.792795,92.795945
818.200,92.4967,300.0000,65.0000,64.9986,13882.28,0.792700,92.795945
818.300,92.4967,300.0000,64.9375,64.9990,13881.76,0.792611,92.795945
818.400,92.4967,300.0000,64.9375,64.9993,13881.28,0.792528,92.795945
818.500,92.4967,300.0000,65.0625,64.9996,13880.83,0.792451,92.795945
818.600,92.4967,300.0000,65.0625,65.0000,13880.41,0.792379,92.795945
818.700,92.4967,300.0000,65.0000,65.0003,13880.02,0.792312,92.795945
818.800,92.4967,300.0000,64.9375,65.0007,13879.65,0.792249,92.795945
818.900,92.4967,300.0000,65.0000,65.0010,13879.31,0.792190,92.795945
819.000,92.7959,300.0000,65.0625,65.0013,13881.98,0.792648,92.795945
819.100,92.7959,300.0000,64.9375,65.0016,13884.47,0.793075,92.795945
819.200,92.7959,300.0000,65.0625,65.0019,13886.80,0.793474,92.795945
819.300,92.7959,300.0000,65.0000,65.0022,13888.97,0.793847,92.795945
819.400,92.7959,300.0000,65.0625,65.0024,13891.00,0.794195,92.795945
819.500,92.7959,300.0000,65.0000,65.0026,13892.89,0.794519,92.795945
819.600,92.7959,300.0000,65.0000,65.0029,13894.66,0.794822,92.795945
819.700,92.7959,300.0000,65.0000,65.0031,13896.31,0.795105,92.795945
819.800,92.7959,300.0000,65.0000,65.0032,13897.85,0.795369,92.795945
819.900,92.7959,300.0000,65.0000,65.0034,13899.28,0.795616,92.795945
820.000,92.7959,300.0000,65.0000,65.0036,13900.62,0.795846,92.795945
820.100,92.7959,300.0000,64.9375,65.0037,13901.88,0.796061,92.795945
820.200,92.7959,300.0000,64.9375,65.0039,13903.04,0.796262,92.795945
820.300,92.7959,300.0000,65.0000,65.0040,13904.13,0.796449,92.795945
820.400,92.7959,300.0000,64.9375,65.0041,13905.15,0.796624,92.795945
820.500,92.7959,300.0000,65.0000,65.0042,13906.10,0.796787,92.795945
820.600,92.7959,300.0000,65.0625,65.0043,13906.99,0.796939,92.795945
820.700,92.7959,300.0000,64.9375,65.0044,13907.81,0.797082,92.795945
820.800,92.7959,300.0000,65.0000,65.0045,13908.59,0.797214,92.795945
820.900,92.7959,300.0000,64.9375,65.0046,13909.31,0.797338,92.795945
821.000,92.4899,300.0000,65.0000,65.0047,13906.92,0.796928,92.789141
821.100,92.4899,300.0000,65.1250,65.0049,13904.69,0.796545,92.789141
821.200,92.4899,300.0000,65.0000,65.0050,13902.61,0.796187,92.789141
821.300,92.4899,300.0000,64.9375,65.0052,13900.67,0.795854,92.789141
821.400,92.4899,300.0000,65.0000,65.0053,13898.86,0.795543,92.789141
821.500,92.4899,300.0000,65.0625,65.0055,13897.17,0.795252,92.789141
821.600,92.4899,300.0000,65.0000,65.0057,13895.59,0.794981,92.789141
821.700,92.4899,300.0000,65.0625,65.0059,13894.11,0.794729,92.789141
821.800,92.4899,300.0000,65.0000,65.0061,13892.74,0.794493,92.789141
821.900,92.4899,300.0000,65.1250,65.0064,13891.46,0.794273,92.789141
822.000,93.4011,300.0000,65.0000,65.0065,13899.37,0.795631,92.802749
822.100,93.4011,300.0000,65.0000,65.0066,13906.76,0.796900,92.802749
822.200,93.4011,300.0000,64.9375,65.0067,13913.65,0.798086,92.802749
822.300,93.4011,300.0000,65.0000,65.0067,13920.09,0.799194,92.802749
822.400,93.4011,300.0000,64.9375,65.0066,13926.09,0.800228,92.802749
822.500,93.4011,300.0000,64.8750,65.0065,13931.70,0.801195,92.802749
822.600,93.4011,300.0000,65.0625,65.0064,13936.93,0.802098,92.802749
822.700,93.4011,300.0000,65.0000,65.0062,13941.81,0.802941,92.802749
822.800,93.4011,300.0000,65.0000,65.0060,13946.37,0.803729,92.802749
822.900,93.4011,300.0000,65.1250,65.0057,13950.62,0.804465,92.802749
823.000,93.4147,300.0000,65.0000,65.0054,13954.73,0.805175,92.816358
823.100,93.4147,300.0000,65.0625,65.0051,13958.56,0.805839,92.816358
823.200,93.4147,300.0000,64.8750,65.0047,13962.14,0.806458,92.816358
823.300,93.4147,300.0000,64.9375,65.0044,13965.48,0.807037,92.816358
823.400,93.4147,300.0000,65.0000,65.0040,13968.59,0.807577,92.816358
823.500,93.4147,300.0000,65.0000,65.0035,13971.50,0.808082,92.816358
823.600,93.4147,300.0000,65.0000,65.0031,13974.21,0.808553,92.816358
823.700,93.4147,300.0000,64.9375,65.0026,13976.75,0.808993,92.816358
823.800,93.4147,300.0000,65.0000,65.0021,13979.11,0.809403,92.816358
823.900,93.4147,300.0000,65.0625,65.0016,13981.32,0.809787,92.816358
824.000,93.1224,300.0000,65.0000,65.0011,13980.45,0.809636,92.823162
824.100,93.1224,300.0000,65.0625,65.0006,13979.65,0.809496,92.823162
824.200,93.1224,300.0000,64.8750,65.0002,13978.89,0.809365,92.823162
824.300,93.1224,300.0000,65.0625,64.9997,13978.19,0.809243,92.823162
824.400,93.1224,300.0000,65.0625,64.9992,13977.54,0.809130,92.823162
824.500,93.1224,300.0000,65.0000,64.9988,13976.92,0.809023,92.823162
824.600,93.1224,300.0000,65.0625,64.9983,13976.35,0.808924,92.823162
824.700,93.1224,300.0000,65.0000,64.9978,13975.82,0.808831,92.823162
824.800,93.1224,300.0000,64.9375,64.9974,13975.32,0.808745,92.823162
824.900,93.1224,300.0000,65.0000,64.9970,13974.86,0.808664,92.823162
825.000,92.8232,300.0000,64.9375,64.9965,13971.43,0.808070,92.823162
825.100,92.8232,300.0000,64.9375,64.9962,13968.23,0.807515,92.823162
825.200,92.8232,300.0000,65.0000,64.9958,13965.25,0.806998,92.823162
825.300,92.8232,300.0000,64.9375,64.9955,13962.47,0.806515,92.823162
825.400,92.8232,300.0000,65.0000,64.9952,13959.87,0.806065,92.823162
825.500,92.8232,300.0000,64.9375,64.9949,13957.44,0.805645,92.823162
825.600,92.8232,300.0000,64.9375,64.9946,13955.18,0.805253,92.823162
825.700,92.8232,300.0000,65.0625,64.9943,13953.06,0.804887,92.823162
825.800,92.8232,300.0000,65.0000,64.9941,13951.09,0.804545,92.823162
825.900,92.8232,300.0000,65.0000,64.9939,13949.25,0.804227,92.823162
826.000,92.8232,300.0000,65.0000,64.9937,13947.53,0.803930,92.823162
826.100,92.8232,300.0000,65.0000,64.9935,13945.93,0.803653,92.823162
826.200,92.8232,300.0000,65.0625,64.9933,13944.43,0.803394,92.823162
826.300,92.8232,300.0000,64.8750,64.9931,13943.03,0.803152,92.823162
826.400,92.8232,300.0000,64.9375,64.9930,13941.73,0.802927,92.823162
826.500,92.8232,300.0000,65.0000,64.9928,13940.51,0.802717,92.823162
826.600,92.8232,300.0000,64.9375,64.9927,13939.38,0.802521,92.823162
826.700,92.8232,300.0000,65.0000,64.9926,13938.32,0.802338,92.823162
826.800,92.8232,300.0000,65.0625,64.9925,13937.33,0.802167,92.823162
826.900,92.8232,300.0000,64.9375,64.9923,13936.40,0.802007,92.823162
827.000,92.5172,300.0000,65.0000,64.9923,13932.48,0.801330,92.816358
827.100,92.5172,300.0000,65.0000,64.9922,13928.82,0.800699,92.816358
827.200,92.5172,300.0000,65.0625,64.9922,13925.40,0.800110,92.816358
827.300,92.5172,300.0000,64.9375,64.9922,13922.22,0.799560,92.816358
827.400,92.5172,300.0000,65.0625,64.9922,13919.24,0.799048,92.816358
827.500,92.5172,300.0000,64.9375,64.9923,13916.46,0.798569,92.816358
827.600,92.5172,300.0000,65.0000,64.9924,13913.87,0.798123,92.816358
827.700,92.5172,300.0000,65.0000,64.9925,13911.45,0.797707,92.816358
827.800,92.5172,300.0000,65.0625,64.9926,13909.19,0.797319,92.816358
827.900,92.5172,300.0000,65.0000,64.9927,13907.08,0.796956,92.816358
828.000,92.8164,300.0000,65.0625,64.9928,13908.11,0.797132,92.816358
828.100,92.8164,300.0000,64.9375,64.9930,13909.06,0.797297,92.816358
828.200,92.8164,300.0000,65.0000,64.9931,13909.96,0.797450,92.816358
828.300,92.8164,300.0000,65.1250,64.9932,13910.79,0.797594,92.816358
828.400,92.8164,300.0000,65.0000,64.9933,13911.57,0.797727,92.816358
828.500,92.8164,300.0000,65.0000,64.9933,13912.29,0.797852,92.816358
828.600,92.8164,300.0000,64.9375,64.9934,13912.97,0.797969,92.816358
828.700,92.8164,300.0000,65.0000,64.9935,13913.60,0.798077,92.816358
828.800,92.8164,300.0000,65.0000,64.9936,13914.19,0.798179,92.816358
828.900,92.8164,300.0000,65.0625,64.9936,13914.74,0.798274,92.816358
829.000,93.1224,300.0000,64.9375,64.9937,13918.32,0.798889,92.823162
829.100,93.1224,300.0000,65.0000,64.9937,13921.65,0.799464,92.823162
829.200,93.1224,300.0000,65.1250,64.9937,13924.77,0.800000,92.823162
829.300,93.1224,300.0000,64.9375,64.9936,13927.67,0.800501,92.823162
829.400,93.1224,300.0000,65.0000,64.9936,13930.38,0.800969,92.823162
829.500,93.1224,300.0000,65.0000,64.9935,13932.92,0.801405,92.823162
829.600,93.1224,300.0000,65.0000,64.9934,13935.28,0.801813,92.823162
829.700,93.1224,300.0000,65.0000,64.9933,13937.48,0.802194,92.823162
829.800,93.1224,300.0000,64.9375,64.9931,13939.54,0.802549,92.823162
829.900,93.1224,300.0000,65.0000,64.9930,13941.46,0.802881,92.823162
830.000,92.8232,300.0000,65.0000,64.9928,13940.26,0.802674,92.823162
830.100,92.8232,300.0000,64.9375,64.9927,13939.14,0.802481,92.823162
830.200,92.8232,300.0000,64.9375,64.9926,13938.10,0.802300,92.823162
830.300,92.8232,300.0000,65.0000,64.9924,13937.12,0.802132,92.823162
830.400,92.8232,300.0000,64.9375,64.9923,13936.21,0.801975,92.823162
830.500,92.8232,300.0000,65.0625,64.9922,13935.36,0.801828,92.823162
830.600,92.8232,300.0000,64.9375,64.9921,13934.57,0.801691,92.823162
830.700,92.8232,300.0000,64.9375,64.9920,13933.83,0.801564,92.823162
830.800,92.8232,300.0000,65.0625,64.9920,13933.14,0.801444,92.823162
830.900,92.8232,300.0000,64.9375,64.9919,13932.50,0.801333,92.823162
831.000,92.5172,300.0000,64.9375,64.9918,13928.84,0.800702,92.816358
831.100,92.5172,300.0000,64.9375,64.9918,13925.42,0.800112,92.816358
831.200,92.5172,300.0000,65.0000,64.9918,13922.23,0.799563,92.816358
831.300,92.5172,300.0000,65.0000,64.9919,13919.25,0.799050,92.816358
831.400,92.5172,300.0000,65.0000,64.9919,13916.47,0.798571,92.816358
831.500,92.5172,300.0000,65.0000,64.9920,13913.88,0.798125,92.816358
831.600,92.5172,300.0000,65.0625,64.9921,13911.46,0.797709,92.816358
831.700,92.5172,300.0000,65.1250,64.9922,13909.20,0.797320,92.816358
831.800,92.5172,300.0000,65.0000,64.9923,13907.09,0.796958,92.816358
831.900,92.5172,300.0000,65.0000,64.9925,13905.12,0.796619,92.816358
832.000,92.8164,300.0000,64.9375,64.9926,13906.28,0.796818,92.816358
832.100,92.8164,300.0000,65.0000,64.9928,13907.36,0.797003,92.816358
832.200,92.8164,300.0000,65.0000,64.9929,13908.36,0.797176,92.816358
832.300,92.8164,300.0000,65.0625,64.9930,13909.30,0.797338,92.816358
832.400,92.8164,300.0000,64.9375,64.9931,13910.18,0.797489,92.816358
832.500,92.8164,300.0000,65.0000,64.9932,13911.00,0.797629,92.816358
832.600,92.8164,300.0000,65.1250,64.9933,13911.76,0.797761,92.816358
832.700,92.8164,300.0000,65.0625,64.9934,13912.47,0.797883,92.816358
832.800,92.8164,300.0000,65.0000,64.9935,13913.14,0.797998,92.816358
832.900,92.8164,300.0000,65.0000,64.9935,13913.76,0.798105,92.816358
833.000,92.8164,300.0000,65.0000,64.9936,13914.34,0.798204,92.816358
833.100,92.8164,300.0000,65.0625,64.9937,13914.88,0.798297,92.816358
833.200,92.8164,300.0000,65.0625,64.9937,13915.39,0.798384,92.816358
833.300,92.8164,300.0000,65.0625,64.9938,13915.86,0.798465,92.816358
833.400,92.8164,300.0000,64.9375,64.9938,13916.30,0.798541,92.816358
833.500,92.8164,300.0000,65.0000,64.9939,13916.71,0.798612,92.816358
833.600,92.8164,300.0000,64.9375,64.9939,13917.09,0.798678,92.816358
833.700,92.8164,300.0000,64.9375,64.9940,13917.45,0.798739,92.816358
833.800,92.8164,300.0000,65.0000,64.9940,13917.78,0.798797,92.816358
833.900,92.8164,300.0000,64.8750,64.9941,13918.09,0.798850,92.816358
834.000,92.2044,300.0000,65.0000,64.9941,13912.26,0.797847,92.802749
834.100,92.2044,300.0000,64.9375,64.9943,13906.82,0.796911,92.802749
834.200,92.2044,300.0000,65.0000,64.9944,13901.75,0.796039,92.802749
834.300,92.2044,300.0000,65.0625,64.9947,13897.01,0.795225,92.802749
834.400,92.2044,300.0000,65.0000,64.9949,13892.58,0.794466,92.802749
834.500,92.2044,300.0000,65.1250,64.9952,13888.45,0.793758,92.802749
834.600,92.2044,300.0000,65.0625,64.9955,13884.60,0.793097,92.802749
834.700,92.2044,300.0000,64.8750,64.9958,13881.00,0.792481,92.802749
834.800,92.2044,300.0000,64.9375,64.9962,13877.65,0.791906,92.802749
834.900,92.2044,300.0000,65.0000,64.9966,13874.51,0.791370,92.802749
835.000,92.8027,300.0000,64.9375,64.9970,13877.57,0.791894,92.802749
835.100,92.8027,300.0000,65.0000,64.9973,13880.43,0.792383,92.802749
835.200,92.8027,300.0000,65.0625,64.9976,13883.10,0.792839,92.802749
835.300,92.8027,300.0000,65.0000,64.9979,13885.58,0.793266,92.802749
835.400,92.8027,300.0000,65.0625,64.9982,13887.91,0.793664,92.802749
835.500,92.8027,300.0000,64.9375,64.9985,13890.07,0.794035,92.802749
835.600,92.8027,300.0000,65.0000,64.9987,13892.10,0.794382,92.802749
835.700,92.8027,300.0000,65.0000,64.9989,13893.98,0.794706,92.802749
835.800,92.8027,300.0000,65.0000,64.9992,13895.74,0.795008,92.802749
835.900,92.8027,300.0000,65.0000,64.9994,13897.39,0.795291,92.802749
836.000,92.8027,300.0000,65.0000,64.9995,13898.92,0.795554,92.802749
836.100,92.8027,300.0000,65.0000,64.9997,13900.36,0.795800,92.802749
836.200,92.8027,300.0000,65.0000,64.9999,13901.69,0.796030,92.802749
836.300,92.8027,300.0000,65.1250,65.0000,13902.94,0.796244,92.802749
836.400,92.8027,300.0000,64.9375,65.0002,13904.11,0.796444,92.802749
836.500,92.8027,300.0000,65.0000,65.0003,13905.19,0.796631,92.802749
836.600,92.8027,300.0000,65.0000,65.0004,13906.21,0.796806,92.802749
836.700,92.8027,300.0000,64.8750,65.0005,13907.16,0.796968,92.802749
836.800,92.8027,300.0000,65.0000,65.0006,13908.04,0.797120,92.802749
836.900,92.8027,300.0000,64.9375,65.0007,13908.86,0.797262,92.802749
837.000,92.4967,300.0000,64.8750,65.0009,13906.57,0.796868,92.795945
837.100,92.4967,300.0000,65.0000,65.0010,13904.44,0.796501,92.795945
837.200,92.4967,300.0000,65.0000,65.0012,13902.44,0.796158,92.795945
837.300,92.4967,300.0000,65.0000,65.0013,13900.58,0.795838,92.795945
837.400,92.4967,300.0000,65.0000,65.0015,13898.84,0.795540,92.795945
837.500,92.4967,300.0000,65.0000,65.0017,13897.22,0.795262,92.795945
837.600,92.4967,300.0000,64.9375,65.0019,13895.71,0.795002,92.795945
837.700,92.4967,300.0000,65.0000,65.0021,13894.29,0.794759,92.795945
837.800,92.4967,300.0000,65.0000,65.0023,13892.97,0.794533,92.795945
837.900,92.4967,300.0000,65.0000,65.0026,13891.74,0.794322,92.795945
838.000,92.7959,300.0000,65.0000,65.0028,13893.59,0.794638,92.795945
838.100,92.7959,300.0000,65.0000,65.0030,13895.31,0.794933,92.795945
838.200,92.7959,300.0000,65.0000,65.0032,13896.91,0.795209,92.795945
838.300,92.7959,300.0000,64.8750,65.0034,13898.41,0.795466,92.795945
838.400,92.7959,300.0000,65.0000,65.0036,13899.81,0.795706,92.795945
838.500,92.7959,300.0000,64.9375,65.0037,13901.12,0.795931,92.795945
838.600,92.7959,300.0000,65.0000,65.0039,13902.33,0.796140,92.795945
838.700,92.7959,300.0000,64.8750,65.0040,13903.47,0.796335,92.795945
838.800,92.7959,300.0000,65.0000,65.0041,13904.53,0.796518,92.795945
838.900,92.7959,300.0000,65.0000,65.0042,13905.52,0.796688,92.795945
839.000,92.7959,300.0000,65.0000,65.0044,13906.45,0.796847,92.795945
839.100,92.7959,300.0000,65.0000,65.0045,13907.31,0.796995,92.795945
839.200,92.7959,300.0000,64.9375,65.0046,13908.12,0.797134,92.795945
839.300,92.7959,300.0000,65.0000,65.0046,13908.87,0.797263,92.795945
839.400,92.7959,300.0000,65.0000,65.0047,13909.57,0.797384,92.795945
839.500,92.7959,300.0000,65.0625,65.0048,13910.22,0.797496,92.795945
839.600,92.7959,300.0000,65.0000,65.0049,13910.84,0.797601,92.795945
839.700,92.7959,300.0000,65.0625,65.0050,13911.41,0.797699,92.795945
839.800,92.7959,300.0000,64.9375,65.0050,13911.94,0.797791,92.795945
839.900,92.7959,300.0000,65.0000,65.0051,13912.44,0.797876,92.795945
840.000,92.7959,300.0000,65.0000,65.0051,13912.90,0.797956,92.795945
840.100,92.7959,300.0000,65.0000,65.0052,13913.33,0.798031,92.795945
840.200,92.7959,300.0000,65.0625,65.0052,13913.74,0.798100,92.795945
840.300,92.7959,300.0000,64.9375,65.0053,13914.11,0.798165,92.795945
840.400,92.7959,300.0000,65.0625,65.0053,13914.46,0.798226,92.795945
840.500,92.7959,300.0000,65.0625,65.0054,13914.79,0.798282,92.795945
840.600,92.7959,300.0000,64.9375,65.0054,13915.10,0.798335,92.795945
840.700,92.7959,300.0000,64.9375,65.0054,13915.39,0.798384,92.795945
840.800,92.7959,300.0000,65.0625,65.0055,13915.65,0.798430,92.795945
840.900,92.7959,300.0000,65.0000,65.0055,13915.90,0.798473,92.795945
841.000,92.7959,300.0000,65.0000,65.0055,13916.13,0.798513,92.795945
841.100,92.7959,300.0000,65.0000,65.0056,13916.35,0.798551,92.795945
841.200,92.7959,300.0000,65.0625,65.0056,13916.55,0.798585,92.795945
841.300,92.7959,300.0000,65.0000,65.0056,13916.74,0.798618,92.795945
841.400,92.7959,300.0000,64.9375,65.0056,13916.92,0.798648,92.795945
841.500,92.7959,300.0000,65.0000,65.0056,13917.09,0.798677,92.795945
841.600,92.7959,300.0000,65.0000,65.0057,13917.24,0.798703,92.795945
841.700,92.7959,300.0000,65.0000,65.0057,13917.38,0.798728,92.795945
841.800,92.7959,300.0000,64.9375,65.0057,13917.52,0.798751,92.795945
841.900,92.7959,300.0000,65.0000,65.0057,13917.64,0.798773,92.795945
842.000,92.7959,300.0000,64.9375,65.0057,13917.76,0.798793,92.795945
842.100,92.7959,300.0000,65.0000,65.0057,13917.87,0.798811,92.795945
842.200,92.7959,300.0000,65.0000,65.0058,13917.97,0.798829,92.795945
842.300,92.7959,300.0000,65.0000,65.0058,13918.06,0.798845,92.795945
842.400,92.7959,300.0000,65.0625,65.0058,13918.15,0.798861,92.795945
842.500,92.7959,300.0000,64.9375,65.0058,13918.23,0.798875,92.795945
842.600,92.7959,300.0000,65.0000,65.0058,13918.31,0.798888,92.795945
842.700,92.7959,300.0000,64.8750,65.0058,13918.38,0.798900,92.795945
842.800,92.7959,300.0000,65.0000,65.0058,13918.45,0.798912,92.795945
842.900,92.7959,300.0000,65.0000,65.0058,13918.51,0.798923,92.795945
843.000,92.7959,300.0000,64.9375,65.0058,13918.57,0.798933,92.795945
843.100,92.7959,300.0000,65.0000,65.0058,13918.63,0.798942,92.795945
843.200,92.7959,300.0000,65.0625,65.0058,13918.68,0.798951,92.795945
843.300,92.7959,300.0000,65.0000,65.0059,13918.73,0.798959,92.795945
843.400,92.7959,300.0000,65.0000,65.0059,13918.77,0.798967,92.795945
843.500,92.7959,300.0000,64.9375,65.0059,13918.81,0.798974,92.795945
843.600,92.7959,300.0000,65.0625,65.0059,13918.85,0.798981,92.795945
843.700,92.7959,300.0000,65.0000,65.0059,13918.89,0.798987,92.795945
843.800,92.7959,300.0000,65.0000,65.0059,13918.92,0.798993,92.795945
843.900,92.7959,300.0000,64.9375,65.0059,13918.95,0.798998,92.795945
844.000,92.4899,300.0000,65.0000,65.0059,13915.92,0.798476,92.789141
844.100,92.4899,300.0000,65.0000,65.0060,13913.09,0.797990,92.789141
844.200,92.4899,300.0000,65.0000,65.0060,13910.45,0.797535,92.789141
844.300,92.4899,300.0000,64.9375,65.0061,13907.99,0.797112,92.789141
844.400,92.4899,300.0000,65.0000,65.0063,13905.69,0.796716,92.789141
844.500,92.4899,300.0000,65.0000,65.0064,13903.54,0.796347,92.789141
844.600,92.4899,300.0000,65.0625,65.0065,13901.54,0.796003,92.789141
844.700,92.4899,300.0000,64.9375,65.0067,13899.67,0.795682,92.789141
844.800,92.4899,300.0000,65.1250,65.0069,13897.92,0.795382,92.789141
844.900,92.4899,300.0000,64.8750,65.0071,13896.29,0.795103,92.789141
845.000,92.1771,300.0000,65.0000,65.0073,13891.65,0.794305,92.775532
845.100,92.1771,300.0000,65.0000,65.0076,13887.31,0.793561,92.775532
845.200,92.1771,300.0000,64.9375,65.0078,13883.26,0.792867,92.775532
845.300,92.1771,300.0000,64.9375,65.0082,13879.48,0.792220,92.775532
845.400,92.1771,300.0000,65.0000,65.0085,13875.95,0.791616,92.775532
845.500,92.1771,300.0000,65.0000,65.0089,13872.66,0.791053,92.775532
845.600,92.1771,300.0000,64.9375,65.0093,13869.59,0.790527,92.775532
845.700,92.1771,300.0000,65.0000,65.0098,13866.72,0.790037,92.775532
845.800,92.1771,300.0000,65.0000,65.0102,13864.04,0.789580,92.775532
845.900,92.1771,300.0000,64.9375,65.0107,13861.55,0.789153,92.775532
846.000,92.4695,300.0000,65.0000,65.0111,13862.14,0.789254,92.768728
846.100,92.4695,300.0000,64.9375,65.0116,13862.69,0.789349,92.768728
846.200,92.4695,300.0000,65.0000,65.0121,13863.21,0.789437,92.768728
846.300,92.4695,300.0000,65.0625,65.0125,13863.69,0.789519,92.768728
846.400,92.4695,300.0000,65.0625,65.0129,13864.14,0.789596,92.768728
846.500,92.4695,300.0000,65.0000,65.0134,13864.56,0.789667,92.768728
846.600,92.4695,300.0000,64.9375,65.0138,13864.95,0.789734,92.768728
846.700,92.4695,300.0000,64.8750,65.0143,13865.31,0.789797,92.768728
846.800,92.4695,300.0000,65.0000,65.0147,13865.66,0.789855,92.768728
846.900,92.4695,300.0000,65.0000,65.0151,13865.97,0.789909,92.768728
847.000,92.7687,300.0000,65.0000,65.0155,13869.26,0.790472,92.768728
847.100,92.7687,300.0000,65.0000,65.0159,13872.33,0.790997,92.768728
847.200,92.7687,300.0000,65.0000,65.0162,13875.20,0.791487,92.768728
847.300,92.7687,300.0000,65.0000,65.0165,13877.87,0.791945,92.768728
847.400,92.7687,300.0000,65.0625,65.0168,13880.37,0.792372,92.768728
847.500,92.7687,300.0000,65.0625,65.0171,13882.70,0.792771,92.768728
847.600,92.7687,300.0000,65.0000,65.0174,13884.87,0.793143,92.768728
847.700,92.7687,300.0000,65.0000,65.0176,13886.90,0.793491,92.768728
847.800,92.7687,300.0000,65.0000,65.0179,13888.79,0.793816,92.768728
847.900,92.7687,300.0000,64.9375,65.0181,13890.56,0.794119,92.768728
848.000,92.4627,300.0000,65.0000,65.0183,13889.15,0.793877,92.761924
848.100,92.4627,300.0000,65.0625,65.0185,13887.84,0.793652,92.761924
848.200,92.4627,300.0000,65.0625,65.0188,13886.61,0.793441,92.761924
848.300,92.4627,300.0000,64.9375,65.0190,13885.46,0.793245,92.761924
848.400,92.4627,300.0000,65.0625,65.0193,13884.39,0.793061,92.761924
848.500,92.4627,300.0000,65.0000,65.0196,13883.39,0.792890,92.761924
848.600,92.4627,300.0000,65.0000,65.0198,13882.46,0.792730,92.761924
848.700,92.4627,300.0000,64.9375,65.0201,13881.59,0.792581,92.761924
848.800,92.4627,300.0000,65.0625,65.0204,13880.78,0.792442,92.761924
848.900,92.4627,300.0000,65.0625,65.0207,13880.02,0.792312,92.761924
849.000,93.0679,300.0000,64.9375,65.0210,13885.36,0.793228,92.768728
849.100,93.0679,300.0000,65.0625,65.0212,13890.35,0.794083,92.768728
849.200,93.0679,300.0000,65.0625,65.0213,13895.01,0.794882,92.768728
849.300,93.0679,300.0000,64.9375,65.0215,13899.35,0.795628,92.768728
849.400,93.0679,300.0000,65.0000,65.0216,13903.41,0.796325,92.768728
849.500,93.0679,300.0000,64.9375,65.0216,13907.19,0.796975,92.768728
849.600,93.0679,300.0000,65.0625,65.0217,13910.73,0.797583,92.768728
849.700,93.0679,300.0000,65.0625,65.0217,13914.02,0.798150,92.768728
849.800,93.0679,300.0000,64.9375,65.0217,13917.10,0.798680,92.768728
849.900,93.0679,300.0000,65.0625,65.0216,13919.97,0.799174,92.768728
850.000,93.0747,300.0000,65.0000,65.0216,13922.72,0.799648,92.775532
850.100,93.0747,300.0000,65.0000,65.0215,13925.29,0.800090,92.775532
850.200,93.0747,300.0000,64.9375,65.0214,13927.68,0.800503,92.775532
850.300,93.0747,300.0000,65.0000,65.0213,13929.92,0.800888,92.775532
850.400,93.0747,300.0000,65.0000,65.0211,13932.01,0.801248,92.775532
850.500,93.0747,300.0000,65.0000,65.0210,13933.95,0.801584,92.775532
850.600,93.0747,300.0000,65.0000,65.0208,13935.77,0.801898,92.775532
850.700,93.0747,300.0000,65.0625,65.0206,13937.47,0.802191,92.775532
850.800,93.0747,300.0000,65.0625,65.0204,13939.05,0.802464,92.775532
850.900,93.0747,300.0000,65.0000,65.0202,13940.53,0.802719,92.775532
851.000,92.7755,300.0000,65.0625,65.0200,13938.91,0.802441,92.775532
851.100,92.7755,300.0000,65.0000,65.0198,13937.41,0.802181,92.775532
851.200,92.7755,300.0000,64.9375,65.0197,13936.00,0.801938,92.775532
851.300,92.7755,300.0000,65.0625,65.0195,13934.69,0.801712,92.775532
851.400,92.7755,300.0000,65.0000,65.0194,13933.47,0.801500,92.775532
851.500,92.7755,300.0000,65.0000,65.0192,13932.32,0.801303,92.775532
851.600,92.7755,300.0000,65.0000,65.0191,13931.26,0.801119,92.775532
851.700,92.7755,300.0000,64.9375,65.0190,13930.26,0.800948,92.775532
851.800,92.7755,300.0000,65.0625,65.0189,13929.33,0.800787,92.775532
851.900,92.7755,300.0000,65.0625,65.0188,13928.47,0.800638,92.775532
852.000,93.0815,300.0000,64.9375,65.0186,13930.72,0.801026,92.782336
852.100,93.0815,300.0000,65.0000,65.0185,13932.82,0.801389,92.782336
852.200,93.0815,300.0000,65.0000,65.0184,13934.78,0.801727,92.782336
852.300,93.0815,300.0000,64.9375,65.0182,13936.61,0.802043,92.782336
852.400,93.0815,300.0000,65.0000,65.0180,13938.32,0.802338,92.782336
852.500,93.0815,300.0000,65.0625,65.0178,13939.91,0.802613,92.782336
852.600,93.0815,300.0000,64.9375,65.0176,13941.40,0.802870,92.782336
852.700,93.0815,300.0000,65.0000,65.0174,13942.79,0.803110,92.782336
852.800,93.0815,300.0000,65.0000,65.0171,13944.08,0.803334,92.782336
852.900,93.0815,300.0000,65.0000,65.0169,13945.29,0.803543,92.782336
853.000,92.7823,300.0000,65.0000,65.0167,13943.43,0.803221,92.782336
853.100,92.7823,300.0000,64.9375,65.0165,13941.69,0.802921,92.782336
853.200,92.7823,300.0000,65.0000,65.0163,13940.07,0.802640,92.782336
853.300,92.7823,300.0000,65.0000,65.0161,13938.55,0.802379,92.782336
853.400,92.7823,300.0000,65.0000,65.0159,13937.14,0.802135,92.782336
853.500,92.7823,300.0000,65.0000,65.0158,13935.82,0.801907,92.782336
853.600,92.7823,300.0000,65.0000,65.0156,13934.59,0.801694,92.782336
853.700,92.7823,300.0000,65.0000,65.0155,13933.44,0.801496,92.782336
853.800,92.7823,300.0000,64.9375,65.0154,13932.37,0.801311,92.782336
853.900,92.7823,300.0000,65.0000,65.0152,13931.37,0.801138,92.782336
854.000,92.7823,300.0000,65.0625,65.0151,13930.43,0.800977,92.782336
854.100,92.7823,300.0000,65.0000,65.0150,13929.56,0.800827,92.782336
854.200,92.7823,300.0000,65.0000,65.0149,13928.75,0.800686,92.782336
854.300,92.7823,300.0000,65.0000,65.0148,13927.99,0.800555,92.782336
854.400,92.7823,300.0000,65.1250,65.0147,13927.28,0.800433,92.782336
854.500,92.7823,300.0000,65.0000,65.0147,13926.62,0.800319,92.782336
854.600,92.7823,300.0000,65.0000,65.0146,13926.00,0.800212,92.782336
854.700,92.7823,300.0000,65.0000,65.0145,13925.42,0.800113,92.782336
854.800,92.7823,300.0000,65.0000,65.0145,13924.88,0.800020,92.782336
854.900,92.7823,300.0000,65.0000,65.0144,13924.38,0.799934,92.782336
855.000,92.7823,300.0000,65.0625,65.0143,13923.91,0.799853,92.782336
855.100,92.7823,300.0000,65.0000,65.0143,13923.48,0.799777,92.782336
855.200,92.7823,300.0000,65.0000,65.0142,13923.07,0.799707,92.782336
855.300,92.7823,300.0000,65.1250,65.0142,13922.69,0.799641,92.782336
855.400,92.7823,300.0000,65.0625,65.0142,13922.33,0.799580,92.782336
855.500,92.7823,300.0000,65.0000,65.0141,13922.00,0.799523,92.782336
855.600,92.7823,300.0000,65.0000,65.0141,13921.69,0.799470,92.782336
855.700,92.7823,300.0000,65.0625,65.0140,13921.40,0.799420,92.782336
855.800,92.7823,300.0000,65.0000,65.0140,13921.13,0.799373,92.782336
855.900,92.7823,300.0000,65.0000,65.0140,13920.88,0.799330,92.782336
856.000,92.7823,300.0000,65.0000,65.0140,13920.64,0.799289,92.782336
856.100,92.7823,300.0000,65.0000,65.0139,13920.42,0.799252,92.782336
856.200,92.7823,300.0000,65.1250,65.0139,13920.22,0.799216,92.782336
856.300,92.7823,300.0000,64.9375,65.0139,13920.03,0.799183,92.782336
856.400,92.7823,300.0000,65.0625,65.0139,13919.85,0.799153,92.782336
856.500,92.7823,300.0000,65.1250,65.0138,13919.68,0.799124,92.782336
856.600,92.7823,300.0000,65.0625,65.0138,13919.53,0.799097,92.782336
856.700,92.7823,300.0000,65.0000,65.0138,13919.38,0.799072,92.782336
856.800,92.7823,300.0000,65.0000,65.0138,13919.25,0.799049,92.782336
856.900,92.7823,300.0000,65.0625,65.0138,13919.12,0.799027,92.782336
857.000,93.0883,300.0000,65.0625,65.0137,13922.06,0.799534,92.789141
857.100,93.0883,300.0000,65.0000,65.0137,13924.81,0.800007,92.789141
857.200,93.0883,300.0000,65.0625,65.0136,13927.37,0.800449,92.789141
857.300,93.0883,300.0000,65.0000,65.0135,13929.76,0.800861,92.789141
857.400,93.0883,300.0000,65.0625,65.0134,13931.99,0.801246,92.789141
857.500,93.0883,300.0000,65.0625,65.0132,13934.08,0.801606,92.789141
857.600,93.0883,300.0000,65.0000,65.0131,13936.02,0.801942,92.789141
857.700,93.0883,300.0000,64.9375,65.0129,13937.84,0.802255,92.789141
857.800,93.0883,300.0000,65.0625,65.0127,13939.53,0.802548,92.789141
857.900,93.0883,300.0000,64.9375,65.0125,13941.11,0.802821,92.789141
858.000,92.4831,300.0000,65.0625,65.0124,13936.54,0.802031,92.782336
858.100,92.4831,300.0000,65.0000,65.0123,13932.27,0.801293,92.782336
858.200,92.4831,300.0000,65.0000,65.0122,13928.28,0.800606,92.782336
858.300,92.4831,300.0000,64.9375,65.0121,13924.56,0.799964,92.782336
858.400,92.4831,300.0000,64.9375,65.0121,13921.09,0.799366,92.782336
858.500,92.4831,300.0000,65.1250,65.0121,13917.85,0.798808,92.782336
858.600,92.4831,300.0000,65.0625,65.0121,13914.82,0.798287,92.782336
858.700,92.4831,300.0000,65.0000,65.0122,13912.00,0.797801,92.782336
858.800,92.4831,300.0000,65.1250,65.0122,13909.36,0.797348,92.782336
858.900,92.4831,300.0000,65.0000,65.0123,13906.90,0.796925,92.782336
859.000,92.7823,300.0000,64.9375,65.0124,13907.60,0.797045,92.782336
859.100,92.7823,300.0000,65.0000,65.0125,13908.25,0.797157,92.782336
859.200,92.7823,300.0000,65.0000,65.0126,13908.86,0.797261,92.782336
859.300,92.7823,300.0000,65.0000,65.0126,13909.42,0.797358,92.782336
859.400,92.7823,300.0000,65.0625,65.0127,13909.95,0.797449,92.782336
859.500,92.7823,300.0000,65.0000,65.0127,13910.44,0.797534,92.782336
859.600,92.7823,300.0000,64.8750,65.0128,13910.90,0.797613,92.782336
859.700,92.7823,300.0000,65.0000,65.0129,13911.33,0.797687,92.782336
859.800,92.7823,300.0000,65.0000,65.0129,13911.74,0.797756,92.782336
859.900,92.7823,300.0000,65.0625,65.0129,13912.11,0.797821,92.782336
860.000,93.0883,300.0000,65.0625,65.0130,13915.52,0.798407,92.789141
860.100,93.0883,300.0000,65.0000,65.0130,13918.70,0.798955,92.789141
860.200,93.0883,300.0000,65.0000,65.0129,13921.67,0.799467,92.789141
860.300,93.0883,300.0000,65.0000,65.0129,13924.44,0.799944,92.789141
860.400,93.0883,300.0000,65.0000,65.0128,13927.03,0.800390,92.789141
860.500,93.0883,300.0000,65.0000,65.0127,13929.45,0.800807,92.789141
860.600,93.0883,300.0000,65.1250,65.0126,13931.70,0.801195,92.789141
860.700,93.0883,300.0000,65.0625,65.0124,13933.80,0.801558,92.789141
860.800,93.0883,300.0000,65.0000,65.0123,13935.77,0.801897,92.789141
860.900,93.0883,300.0000,65.1250,65.0121,13937.60,0.802214,92.789141
861.000,93.4011,300.0000,65.0625,65.0119,13942.44,0.803049,92.802749
861.100,93.4011,300.0000,65.0625,65.0117,13946.95,0.803830,92.802749
861.200,93.4011,300.0000,65.0000,65.0114,13951.17,0.804559,92.802749
861.300,93.4011,300.0000,65.0000,65.0111,13955.10,0.805240,92.802749
861.400,93.4011,300.0000,65.0000,65.0108,13958.77,0.805875,92.802749
861.500,93.4011,300.0000,65.0000,65.0104,13962.20,0.806469,92.802749
861.600,93.4011,300.0000,65.0625,65.0100,13965.40,0.807023,92.802749
861.700,93.4011,300.0000,64.9375,65.0096,13968.38,0.807541,92.802749
861.800,93.4011,300.0000,65.0000,65.0091,13971.17,0.808024,92.802749
861.900,93.4011,300.0000,65.0000,65.0087,13973.77,0.808475,92.802749
862.000,92.8027,300.0000,65.0625,65.0083,13970.21,0.807858,92.802749
862.100,92.8027,300.0000,64.8750,65.0079,13966.89,0.807282,92.802749
862.200,92.8027,300.0000,65.0625,65.0075,13963.79,0.806745,92.802749
862.300,92.8027,300.0000,65.0000,65.0071,13960.90,0.806244,92.802749
862.400,92.8027,300.0000,65.0625,65.0068,13958.20,0.805776,92.802749
862.500,92.8027,300.0000,65.0000,65.0065,13955.68,0.805340,92.802749
862.600,92.8027,300.0000,65.0000,65.0062,13953.33,0.804933,92.802749
862.700,92.8027,300.0000,65.0000,65.0060,13951.14,0.804553,92.802749
862.800,92.8027,300.0000,65.0625,65.0057,13949.09,0.804199,92.802749
862.900,92.8027,300.0000,65.0625,65.0055,13947.18,0.803869,92.802749
863.000,93.1087,300.0000,65.0625,65.0053,13948.45,0.804089,92.809553
863.100,93.1087,300.0000,65.1250,65.0050,13949.64,0.804295,92.809553
863.200,93.1087,300.0000,65.0625,65.0047,13950.75,0.804487,92.809553
863.300,93.1087,300.0000,64.9375,65.0045,13951.79,0.804667,92.809553
863.400,93.1087,300.0000,65.0000,65.0042,13952.76,0.804834,92.809553
863.500,93.1087,300.0000,65.0000,65.0039,13953.66,0.804991,92.809553
863.600,93.1087,300.0000,65.0000,65.0036,13954.51,0.805137,92.809553
863.700,93.1087,300.0000,64.8750,65.0033,13955.29,0.805273,92.809553
863.800,93.1087,300.0000,65.0625,65.0031,13956.03,0.805400,92.809553
863.900,93.1087,300.0000,65.0625,65.0027,13956.71,0.805519,92.809553
864.000,93.1156,300.0000,65.0625,65.0024,13957.42,0.805641,92.816358
864.100,93.1156,300.0000,65.0000,65.0021,13958.08,0.805756,92.816358
864.200,93.1156,300.0000,65.0000,65.0018,13958.70,0.805863,92.816358
864.300,93.1156,300.0000,65.0625,65.0015,13959.27,0.805962,92.816358
864.400,93.1156,300.0000,65.0625,65.0012,13959.81,0.806055,92.816358
864.500,93.1156,300.0000,65.0000,65.0008,13960.31,0.806142,92.816358
864.600,93.1156,300.0000,65.0625,65.0005,13960.78,0.806223,92.816358
864.700,93.1156,300.0000,65.0000,65.0002,13961.22,0.806299,92.816358
864.800,93.1156,300.0000,64.9375,64.9998,13961.63,0.806370,92.816358
864.900,93.1156,300.0000,64.9375,64.9995,13962.01,0.806436,92.816358
865.000,92.5104,300.0000,65.0000,64.9992,13956.31,0.805449,92.809553
865.100,92.5104,300.0000,65.0000,64.9990,13950.99,0.804529,92.809553
865.200,92.5104,300.0000,64.9375,64.9987,13946.03,0.803670,92.809553
865.300,92.5104,300.0000,65.0625,64.9986,13941.40,0.802870,92.809553
865.400,92.5104,300.0000,65.0000,64.9985,13937.07,0.802123,92.809553
865.500,92.5104,300.0000,65.0000,64.9984,13933.04,0.801427,92.809553
865.600,92.5104,300.0000,64.9375,64.9983,13929.27,0.800777,92.809553
865.700,92.5104,300.0000,65.0000,64.9983,13925.76,0.800171,92.809553
865.800,92.5104,300.0000,65.0000,64.9982,13922.48,0.799606,92.809553
865.900,92.5104,300.0000,65.0000,64.9983,13919.42,0.799078,92.809553
866.000,92.8096,300.0000,65.0000,64.9983,13919.55,0.799102,92.809553
866.100,92.8096,300.0000,64.8750,64.9983,13919.68,0.799123,92.809553
866.200,92.8096,300.0000,64.9375,64.9983,13919.79,0.799143,92.809553
866.300,92.8096,300.0000,65.0625,64.9983,13919.90,0.799162,92.809553
866.400,92.8096,300.0000,64.9375,64.9983,13920.01,0.799180,92.809553
866.500,92.8096,300.0000,65.0625,64.9983,13920.10,0.799196,92.809553
866.600,92.8096,300.0000,64.9375,64.9984,13920.19,0.799211,92.809553
866.700,92.8096,300.0000,65.0625,64.9984,13920.27,0.799226,92.809553
866.800,92.8096,300.0000,65.0000,64.9984,13920.35,0.799239,92.809553
866.900,92.8096,300.0000,65.0000,64.9984,13920.42,0.799251,92.809553
867.000,92.8096,300.0000,65.0625,64.9984,13920.49,0.799263,92.809553
867.100,92.8096,300.0000,65.0000,64.9984,13920.55,0.799274,92.809553
867.200,92.8096,300.0000,65.0625,64.9984,13920.61,0.799284,92.809553
867.300,92.8096,300.0000,64.9375,64.9984,13920.67,0.799293,92.809553
867.400,92.8096,300.0000,65.0625,64.9984,13920.72,0.799302,92.809553
867.500,92.8096,300.0000,65.0000,64.9984,13920.76,0.799310,92.809553
867.600,92.8096,300.0000,65.0000,64.9984,13920.81,0.799318,92.809553
867.700,92.8096,300.0000,65.0000,64.9984,13920.85,0.799325,92.809553
867.800,92.8096,300.0000,65.0625,64.9984,13920.89,0.799332,92.809553
867.900,92.8096,300.0000,65.0625,64.9984,13920.93,0.799338,92.809553
868.000,93.1156,300.0000,65.0000,64.9984,13924.02,0.799871,92.816358
868.100,93.1156,300.0000,65.0000,64.9984,13926.91,0.800369,92.816358
868.200,93.1156,300.0000,65.0625,64.9983,13929.60,0.800834,92.816358
868.300,93.1156,300.0000,65.0625,64.9982,13932.12,0.801268,92.816358
868.400,93.1156,300.0000,65.0000,64.9981,13934.47,0.801673,92.816358
868.500,93.1156,300.0000,65.0000,64.9980,13936.66,0.802051,92.816358
868.600,93.1156,300.0000,65.0000,64.9978,13938.70,0.802404,92.816358
868.700,93.1156,300.0000,65.0625,64.9977,13940.61,0.802734,92.816358
868.800,93.1156,300.0000,65.1250,64.9975,13942.39,0.803042,92.816358
868.900,93.1156,300.0000,65.0000,64.9973,13944.05,0.803329,92.816358
869.000,92.8164,300.0000,65.0000,64.9972,13942.61,0.803080,92.816358
869.100,92.8164,300.0000,65.0000,64.9970,13941.27,0.802848,92.816358
869.200,92.8164,300.0000,65.0000,64.9968,13940.02,0.802631,92.816358
869.300,92.8164,300.0000,65.0625,64.9967,13938.85,0.802429,92.816358
869.400,92.8164,300.0000,65.0000,64.9966,13937.75,0.802240,92.816358
869.500,92.8164,300.0000,65.0625,64.9965,13936.73,0.802064,92.816358
869.600,92.8164,300.0000,65.0625,64.9963,13935.78,0.801900,92.816358
869.700,92.8164,300.0000,64.9375,64.9962,13934.89,0.801746,92.816358
869.800,92.8164,300.0000,65.0000,64.9961,13934.06,0.801603,92.816358
869.900,92.8164,300.0000,65.0000,64.9960,13933.29,0.801470,92.816358
870.000,92.8164,300.0000,65.0000,64.9960,13932.57,0.801345,92.816358
870.100,92.8164,300.0000,65.0000,64.9959,13931.89,0.801229,92.816358
870.200,92.8164,300.0000,65.1250,64.9958,13931.26,0.801120,92.816358
870.300,92.8164,300.0000,65.0000,64.9957,13930.68,0.801019,92.816358
870.400,92.8164,300.0000,64.9375,64.9957,13930.13,0.800924,92.816358
870.500,92.8164,300.0000,65.0000,64.9956,13929.62,0.800836,92.816358
870.600,92.8164,300.0000,65.0000,64.9955,13929.14,0.800754,92.816358
870.700,92.8164,300.0000,65.0000,64.9955,13928.69,0.800677,92.816358
870.800,92.8164,300.0000,65.0000,64.9954,13928.28,0.800605,92.816358
870.900,92.8164,300.0000,64.9375,64.9954,13927.89,0.800538,92.816358
871.000,92.5104,300.0000,65.0000,64.9954,13924.47,0.799948,92.809553
871.100,92.5104,300.0000,65.0000,64.9954,13921.27,0.799398,92.809553
871.200,92.5104,300.0000,64.9375,64.9954,13918.29,0.798884,92.809553
871.300,92.5104,300.0000,64.8750,64.9955,13915.51,0.798405,92.809553
871.400,92.5104,300.0000,65.0000,64.9955,13912.91,0.797958,92.809553
871.500,92.5104,300.0000,64.9375,64.9956,13910.49,0.797541,92.809553
871.600,92.5104,300.0000,65.0000,64.9958,13908.23,0.797152,92.809553
871.700,92.5104,300.0000,65.0000,64.9959,13906.11,0.796789,92.809553
871.800,92.5104,300.0000,64.9375,64.9960,13904.14,0.796451,92.809553
871.900,92.5104,300.0000,65.0625,64.9962,13902.30,0.796135,92.809553
872.000,93.1156,300.0000,64.9375,64.9963,13906.64,0.796880,92.816358
872.100,93.1156,300.0000,65.0625,64.9964,13910.69,0.797576,92.816358
872.200,93.1156,300.0000,65.0000,64.9965,13914.46,0.798225,92.816358
872.300,93.1156,300.0000,65.0000,64.9965,13917.99,0.798832,92.816358
872.400,93.1156,300.0000,65.0625,64.9965,13921.28,0.799399,92.816358
872.500,93.1156,300.0000,65.0000,64.9965,13924.35,0.799928,92.816358
872.600,93.1156,300.0000,65.0625,64.9965,13927.21,0.800422,92.816358
872.700,93.1156,300.0000,64.9375,64.9964,13929.89,0.800883,92.816358
872.800,93.1156,300.0000,65.0625,64.9963,13932.38,0.801314,92.816358
872.900,93.1156,300.0000,64.9375,64.9962,13934.71,0.801716,92.816358
873.000,92.5104,300.0000,65.0000,64.9961,13930.84,0.801047,92.809553
873.100,92.5104,300.0000,65.0000,64.9961,13927.22,0.800423,92.809553
873.200,92.5104,300.0000,64.9375,64.9961,13923.84,0.799840,92.809553
873.300,92.5104,300.0000,65.0000,64.9961,13920.69,0.799297,92.809553
873.400,92.5104,300.0000,65.0000,64.9961,13917.75,0.798790,92.809553
873.500,92.5104,300.0000,65.0000,64.9962,13915.00,0.798318,92.809553
873.600,92.5104,300.0000,64.9375,64.9963,13912.44,0.797877,92.809553
873.700,92.5104,300.0000,65.0000,64.9964,13910.04,0.797465,92.809553
873.800,92.5104,300.0000,64.9375,64.9965,13907.81,0.797081,92.809553
873.900,92.5104,300.0000,65.1250,64.9966,13905.73,0.796723,92.809553
874.000,93.4216,300.0000,64.9375,64.9967,13912.89,0.797956,92.823162
874.100,93.4216,300.0000,65.0000,64.9967,13919.58,0.799107,92.823162
874.200,93.4216,300.0000,65.0625,64.9967,13925.83,0.800183,92.823162
874.300,93.4216,300.0000,64.9375,64.9966,13931.65,0.801188,92.823162
874.400,93.4216,300.0000,65.0000,64.9965,13937.09,0.802126,92.823162
874.500,93.4216,300.0000,65.0000,64.9963,13942.17,0.803003,92.823162
874.600,93.4216,300.0000,64.9375,64.9961,13946.91,0.803822,92.823162
874.700,93.4216,300.0000,64.9375,64.9959,13951.33,0.804587,92.823162
874.800,93.4216,300.0000,65.0000,64.9956,13955.45,0.805301,92.823162
874.900,93.4216,300.0000,64.8750,64.9953,13959.31,0.805968,92.823162
875.000,92.2112,300.0000,65.0625,64.9950,13950.80,0.804495,92.809553
875.100,92.2112,300.0000,65.0625,64.9949,13942.86,0.803122,92.809553
875.200,92.2112,300.0000,65.0625,64.9948,13935.44,0.801842,92.809553
875.300,92.2112,300.0000,65.0625,64.9947,13928.53,0.800648,92.809553
875.400,92.2112,300.0000,65.0000,64.9947,13922.07,0.799535,92.809553
875.500,92.2112,300.0000,64.9375,64.9948,13916.04,0.798497,92.809553
875.600,92.2112,300.0000,65.0000,64.9949,13910.42,0.797530,92.809553
875.700,92.2112,300.0000,65.0000,64.9950,13905.17,0.796627,92.809553
875.800,92.2112,300.0000,65.0000,64.9952,13900.27,0.795785,92.809553
875.900,92.2112,300.0000,65.0625,64.9954,13895.70,0.795000,92.809553
876.000,93.1156,300.0000,65.0000,64.9956,13900.47,0.795820,92.816358
876.100,93.1156,300.0000,65.0000,64.9957,13904.93,0.796586,92.816358
876.200,93.1156,300.0000,65.0000,64.9958,13909.09,0.797301,92.816358
876.300,93.1156,300.0000,64.9375,64.9959,13912.97,0.797969,92.816358
876.400,93.1156,300.0000,64.9375,64.9960,13916.60,0.798593,92.816358
876.500,93.1156,300.0000,65.0000,64.9960,13919.98,0.799175,92.816358
876.600,93.1156,300.0000,65.0000,64.9960,13923.14,0.799719,92.816358
876.700,93.1156,300.0000,65.0000,64.9959,13926.08,0.800227,92.816358
876.800,93.1156,300.0000,64.9375,64.9959,13928.83,0.800701,92.816358
876.900,93.1156,300.0000,64.8750,64.9958,13931.40,0.801144,92.816358
877.000,92.2044,300.0000,65.1250,64.9958,13924.68,0.799986,92.802749
877.100,92.2044,300.0000,65.0000,64.9958,13918.41,0.798906,92.802749
877.200,92.2044,300.0000,65.0000,64.9959,13912.56,0.797899,92.802749
877.300,92.2044,300.0000,64.9375,64.9960,13907.10,0.796959,92.802749
877.400,92.2044,300.0000,65.0625,64.9962,13902.01,0.796084,92.802749
877.500,92.2044,300.0000,65.0000,64.9964,13897.25,0.795267,92.802749
877.600,92.2044,300.0000,65.0000,64.9966,13892.81,0.794505,92.802749
877.700,92.2044,300.0000,65.0625,64.9969,13888.67,0.793794,92.802749
877.800,92.2044,300.0000,65.0625,64.9972,13884.80,0.793131,92.802749
877.900,92.2044,300.0000,64.9375,64.9976,13881.19,0.792513,92.802749
878.000,92.4967,300.0000,65.0625,64.9979,13880.74,0.792436,92.795945
878.100,92.4967,300.0000,64.9375,64.9982,13880.33,0.792365,92.795945
878.200,92.4967,300.0000,65.0000,64.9986,13879.94,0.792299,92.795945
878.300,92.4967,300.0000,65.0000,64.9989,13879.58,0.792237,92.795945
878.400,92.4967,300.0000,64.9375,64.9993,13879.24,0.792179,92.795945
878.500,92.4967,300.0000,65.0000,64.9996,13878.93,0.792125,92.795945
878.600,92.4967,300.0000,64.9375,65.0000,13878.63,0.792075,92.795945
878.700,92.4967,300.0000,64.9375,65.0003,13878.36,0.792028,92.795945
878.800,92.4967,300.0000,65.1250,65.0007,13878.10,0.791984,92.795945
878.900,92.4967,300.0000,65.0625,65.0011,13877.86,0.791943,92.795945
879.000,93.1019,300.0000,64.9375,65.0014,13883.69,0.792941,92.802749
879.100,93.1019,300.0000,64.9375,65.0016,13889.13,0.793874,92.802749
879.200,93.1019,300.0000,64.9375,65.0018,13894.21,0.794745,92.802749
879.300,93.1019,300.0000,65.0000,65.0020,13898.95,0.795558,92.802749
879.400,93.1019,300.0000,64.9375,65.0022,13903.37,0.796318,92.802749
879.500,93.1019,300.0000,65.0625,65.0023,13907.50,0.797027,92.802749
879.600,93.1019,300.0000,65.0625,65.0024,13911.35,0.797690,92.802749
879.700,93.1019,300.0000,65.0000,65.0024,13914.95,0.798309,92.802749
879.800,93.1019,300.0000,65.0625,65.0024,13918.30,0.798887,92.802749
879.900,93.1019,300.0000,64.9375,65.0024,13921.44,0.799426,92.802749
880.000,92.4967,300.0000,65.0000,65.0024,13918.31,0.798887,92.795945
880.100,92.4967,300.0000,64.9375,65.0025,13915.39,0.798385,92.795945
880.200,92.4967,300.0000,65.0000,65.0025,13912.66,0.797916,92.795945
880.300,92.4967,300.0000,65.0000,65.0026,13910.12,0.797478,92.795945
880.400,92.4967,300.0000,65.0000,65.0027,13907.75,0.797070,92.795945
880.500,92.4967,300.0000,65.0625,65.0028,13905.53,0.796689,92.795945
880.600,92.4967,300.0000,65.0625,65.0030,13903.46,0.796334,92.795945
880.700,92.4967,300.0000,64.9375,65.0031,13901.53,0.796002,92.795945
880.800,92.4967,300.0000,65.0625,65.0033,13899.73,0.795693,92.795945
880.900,92.4967,300.0000,64.9375,65.0035,13898.05,0.795404,92.795945
881.000,92.4899,300.0000,65.0000,65.0037,13896.41,0.795123,92.789141
881.100,92.4899,300.0000,65.0000,65.0039,13894.88,0.794861,92.789141
881.200,92.4899,300.0000,65.0625,65.0041,13893.46,0.794616,92.789141
881.300,92.4899,300.0000,64.9375,65.0043,13892.13,0.794388,92.789141
881.400,92.4899,300.0000,65.0000,65.0046,13890.88,0.794175,92.789141
881.500,92.4899,300.0000,64.9375,65.0048,13889.73,0.793976,92.789141
881.600,92.4899,300.0000,65.0000,65.0051,13888.64,0.793790,92.789141
881.700,92.4899,300.0000,65.0000,65.0054,13887.63,0.793617,92.789141
881.800,92.4899,300.0000,64.9375,65.0056,13886.69,0.793455,92.789141
881.900,92.4899,300.0000,64.9375,65.0059,13885.81,0.793304,92.789141
882.000,92.4831,300.0000,65.0625,65.0062,13884.92,0.793152,92.782336
882.100,92.4831,300.0000,65.0625,65.0065,13884.09,0.793010,92.782336
882.200,92.4831,300.0000,65.0000,65.0068,13883.32,0.792877,92.782336
882.300,92.4831,300.0000,65.0625,65.0071,13882.59,0.792753,92.782336
882.400,92.4831,300.0000,65.0000,65.0074,13881.92,0.792638,92.782336
882.500,92.4831,300.0000,65.0000,65.0077,13881.29,0.792530,92.782336
882.600,92.4831,300.0000,65.0000,65.0080,13880.70,0.792429,92.782336
882.700,92.4831,300.0000,65.0000,65.0084,13880.15,0.792335,92.782336
882.800,92.4831,300.0000,64.9375,65.0087,13879.64,0.792247,92.782336
882.900,92.4831,300.0000,65.0000,65.0090,13879.16,0.792166,92.782336
883.000,92.7823,300.0000,65.0000,65.0093,13881.71,0.792602,92.782336
883.100,92.7823,300.0000,65.0625,65.0096,13884.08,0.793009,92.782336
883.200,92.7823,300.0000,65.0625,65.0099,13886.30,0.793389,92.782336
883.300,92.7823,300.0000,65.0000,65.0101,13888.37,0.793744,92.782336
883.400,92.7823,300.0000,65.0000,65.0104,13890.30,0.794075,92.782336
883.500,92.7823,300.0000,65.0625,65.0106,13892.11,0.794384,92.782336
883.600,92.7823,300.0000,65.0000,65.0108,13893.79,0.794673,92.782336
883.700,92.7823,300.0000,65.0625,65.0110,13895.36,0.794942,92.782336
883.800,92.7823,300.0000,65.0000,65.0111,13896.83,0.795194,92.782336
883.900,92.7823,300.0000,65.0625,65.0113,13898.19,0.795429,92.782336
884.000,93.0883,300.0000,65.0625,65.0114,13902.53,0.796174,92.789141
884.100,93.0883,300.0000,64.9375,65.0115,13906.58,0.796870,92.789141
884.200,93.0883,300.0000,64.9375,65.0116,13910.36,0.797519,92.789141
884.300,93.0883,300.0000,64.8750,65.0116,13913.88,0.798126,92.789141
884.400,93.0883,300.0000,65.0625,65.0116,13917.18,0.798692,92.789141
884.500,93.0883,300.0000,65.0000,65.0116,13920.25,0.799221,92.789141
884.600,93.0883,300.0000,64.9375,65.0116,13923.11,0.799715,92.789141
884.700,93.0883,300.0000,64.9375,65.0115,13925.79,0.800176,92.789141
884.800,93.0883,300.0000,65.1250,65.0114,13928.29,0.800607,92.789141
884.900,93.0883,300.0000,65.0000,65.0113,13930.62,0.801009,92.789141
885.000,92.7891,300.0000,65.0000,65.0112,13929.80,0.800868,92.789141
885.100,92.7891,300.0000,65.0625,65.0111,13929.04,0.800737,92.789141
885.200,92.7891,300.0000,64.9375,65.0110,13928.33,0.800614,92.789141
885.300,92.7891,300.0000,65.0000,65.0110,13927.66,0.800500,92.789141
885.400,92.7891,300.0000,65.0000,65.0109,13927.04,0.800393,92.789141
885.500,92.7891,300.0000,64.9375,65.0108,13926.47,0.800293,92.789141
885.600,92.7891,300.0000,65.0000,65.0107,13925.93,0.800200,92.789141
885.700,92.7891,300.0000,64.9375,65.0107,13925.42,0.800113,92.789141
885.800,92.7891,300.0000,64.9375,65.0106,13924.95,0.800032,92.789141
885.900,92.7891,300.0000,65.0625,65.0106,13924.51,0.799957,92.789141
886.000,93.0951,300.0000,65.0625,65.0105,13927.16,0.800413,92.795945
886.100,93.0951,300.0000,65.0625,65.0104,13929.64,0.800840,92.795945
886.200,93.0951,300.0000,65.0625,65.0103,13931.95,0.801238,92.795945
886.300,93.0951,300.0000,64.9375,65.0102,13934.10,0.801610,92.795945
886.400,93.0951,300.0000,65.0000,65.0100,13936.11,0.801957,92.795945
886.500,93.0951,300.0000,65.0625,65.0099,13937.99,0.802281,92.795945
886.600,93.0951,300.0000,64.9375,65.0097,13939.74,0.802584,92.795945
886.700,93.0951,300.0000,65.0000,65.0095,13941.38,0.802866,92.795945
886.800,93.0951,300.0000,65.0000,65.0093,13942.90,0.803130,92.795945
886.900,93.0951,300.0000,65.0000,65.0091,13944.33,0.803376,92.795945
887.000,92.7959,300.0000,65.0625,65.0089,13942.67,0.803089,92.795945
887.100,92.7959,300.0000,65.0625,65.0087,13941.11,0.802821,92.795945
887.200,92.7959,300.0000,65.0625,65.0085,13939.67,0.802571,92.795945
887.300,92.7959,300.0000,65.1250,65.0083,13938.31,0.802337,92.795945
887.400,92.7959,300.0000,65.0000,65.0082,13937.05,0.802120,92.795945
887.500,92.7959,300.0000,65.0000,65.0081,13935.88,0.801916,92.795945
887.600,92.7959,300.0000,65.0625,65.0079,13934.78,0.801727,92.795945
887.700,92.7959,300.0000,65.0000,65.0078,13933.75,0.801550,92.795945
887.800,92.7959,300.0000,65.1250,65.0077,13932.79,0.801384,92.795945
887.900,92.7959,300.0000,65.0000,65.0076,13931.90,0.801230,92.795945
888.000,92.7959,300.0000,65.0000,65.0075,13931.07,0.801086,92.795945
888.100,92.7959,300.0000,65.0000,65.0074,13930.29,0.800952,92.795945
888.200,92.7959,300.0000,64.9375,65.0073,13929.56,0.800827,92.795945
888.300,92.7959,300.0000,65.0625,65.0072,13928.88,0.800710,92.795945
888.400,92.7959,300.0000,65.0000,65.0071,13928.25,0.800601,92.795945
888.500,92.7959,300.0000,65.0625,65.0071,13927.66,0.800499,92.795945
888.600,92.7959,300.0000,65.0625,65.0070,13927.11,0.800404,92.795945
888.700,92.7959,300.0000,65.0000,65.0069,13926.59,0.800315,92.795945
888.800,92.7959,300.0000,64.9375,65.0069,13926.11,0.800232,92.795945
888.900,92.7959,300.0000,65.0000,65.0068,13925.67,0.800155,92.795945
889.000,92.7959,300.0000,65.0625,65.0068,13925.25,0.800083,92.795945
889.100,92.7959,300.0000,65.0625,65.0067,13924.86,0.800016,92.795945
889.200,92.7959,300.0000,65.0000,65.0067,13924.49,0.799953,92.795945
889.300,92.7959,300.0000,65.0000,65.0066,13924.15,0.799894,92.795945
889.400,92.7959,300.0000,65.1250,65.0066,13923.84,0.799840,92.795945
889.500,92.7959,300.0000,64.9375,65.0066,13923.54,0.799789,92.795945
889.600,92.7959,300.0000,65.0625,65.0065,13923.26,0.799741,92.795945
889.700,92.7959,300.0000,65.0625,65.0065,13923.00,0.799696,92.795945
889.800,92.7959,300.0000,65.0000,65.0065,13922.76,0.799655,92.795945
889.900,92.7959,300.0000,65.0000,65.0065,13922.54,0.799616,92.795945
890.000,92.7959,300.0000,65.0000,65.0064,13922.33,0.799580,92.795945
890.100,92.7959,300.0000,65.0625,65.0064,13922.13,0.799546,92.795945
890.200,92.7959,300.0000,64.9375,65.0064,13921.95,0.799515,92.795945
890.300,92.7959,300.0000,65.0000,65.0064,13921.78,0.799485,92.795945
890.400,92.7959,300.0000,65.0000,65.0063,13921.62,0.799458,92.795945
890.500,92.7959,300.0000,65.0000,65.0063,13921.47,0.799432,92.795945
890.600,92.7959,300.0000,65.0625,65.0063,13921.33,0.799408,92.795945
890.700,92.7959,300.0000,65.0000,65.0063,13921.20,0.799386,92.795945
890.800,92.7959,300.0000,64.9375,65.0063,13921.08,0.799365,92.795945
890.900,92.7959,300.0000,65.0625,65.0063,13920.97,0.799346,92.795945
891.000,93.1019,300.0000,65.1250,65.0062,13923.93,0.799855,92.802749
891.100,93.1019,300.0000,65.0625,65.0062,13926.68,0.800330,92.802749
891.200,93.1019,300.0000,65.0625,65.0061,13929.26,0.800774,92.802749
891.300,93.1019,300.0000,65.0625,65.0060,13931.66,0.801189,92.802749
891.400,93.1019,300.0000,65.0000,65.0059,13933.90,0.801575,92.802749
891.500,93.1019,300.0000,65.0625,65.0057,13935.99,0.801937,92.802749
891.600,93.1019,300.0000,64.9375,65.0056,13937.95,0.802274,92.802749
891.700,93.1019,300.0000,64.9375,65.0054,13939.77,0.802589,92.802749
891.800,93.1019,300.0000,64.9375,65.0052,13941.47,0.802883,92.802749
891.900,93.1019,300.0000,65.0000,65.0050,13943.06,0.803157,92.802749
892.000,92.8027,300.0000,65.0000,65.0049,13941.55,0.802896,92.802749
892.100,92.8027,300.0000,65.0625,65.0047,13940.14,0.802653,92.802749
892.200,92.8027,300.0000,65.0000,65.0045,13938.83,0.802426,92.802749
892.300,92.8027,300.0000,64.9375,65.0044,13937.60,0.802214,92.802749
892.400,92.8027,300.0000,65.0000,65.0042,13936.45,0.802016,92.802749
892.500,92.8027,300.0000,65.0625,65.0041,13935.38,0.801831,92.802749
892.600,92.8027,300.0000,64.9375,65.0040,13934.38,0.801659,92.802749
892.700,92.8027,300.0000,64.9375,65.0039,13933.45,0.801498,92.802749
892.800,92.8027,300.0000,64.8750,65.0038,13932.58,0.801348,92.802749
892.900,92.8027,300.0000,65.0625,65.0037,13931.77,0.801208,92.802749
893.000,93.1087,300.0000,65.0000,65.0036,13934.08,0.801605,92.809553
893.100,93.1087,300.0000,65.0000,65.0034,13936.22,0.801976,92.809553
893.200,93.1087,300.0000,65.0000,65.0033,13938.23,0.802323,92.809553
893.300,93.1087,300.0000,64.9375,65.0031,13940.10,0.802646,92.809553
893.400,93.1087,300.0000,65.0625,65.0029,13941.85,0.802948,92.809553
893.500,93.1087,300.0000,65.0000,65.0027,13943.48,0.803230,92.809553
893.600,93.1087,300.0000,65.0000,65.0025,13945.00,0.803493,92.809553
893.700,93.1087,300.0000,65.0000,65.0023,13946.42,0.803738,92.809553
893.800,93.1087,300.0000,65.0000,65.0021,13947.75,0.803968,92.809553
893.900,93.1087,300.0000,65.0625,65.0019,13948.99,0.804182,92.809553
894.000,93.1156,300.0000,65.0000,65.0016,13950.21,0.804393,92.816358
894.100,93.1156,300.0000,64.9375,65.0014,13951.35,0.804591,92.816358
894.200,93.1156,300.0000,65.0000,65.0011,13952.42,0.804775,92.816358
894.300,93.1156,300.0000,65.1250,65.0008,13953.41,0.804947,92.816358
894.400,93.1156,300.0000,65.0000,65.0005,13954.34,0.805108,92.816358
894.500,93.1156,300.0000,65.0000,65.0003,13955.21,0.805258,92.816358
894.600,93.1156,300.0000,65.0625,65.0000,13956.01,0.805398,92.816358
894.700,93.1156,300.0000,65.0000,64.9997,13956.77,0.805528,92.816358
894.800,93.1156,300.0000,64.9375,64.9994,13957.47,0.805650,92.816358
894.900,93.1156,300.0000,65.0625,64.9991,13958.13,0.805764,92.816358
895.000,93.1224,300.0000,65.0000,64.9987,13958.81,0.805882,92.823162
895.100,93.1224,300.0000,64.9375,64.9984,13959.45,0.805992,92.823162
895.200,93.1224,300.0000,65.0000,64.9981,13960.04,0.806095,92.823162
895.300,93.1224,300.0000,65.0000,64.9978,13960.60,0.806191,92.823162
895.400,93.1224,300.0000,65.0625,64.9975,13961.11,0.806281,92.823162
895.500,93.1224,300.0000,65.0625,64.9971,13961.60,0.806364,92.823162
895.600,93.1224,300.0000,64.8750,64.9968,13962.05,0.806443,92.823162
895.700,93.1224,300.0000,65.0625,64.9965,13962.47,0.806515,92.823162
895.800,93.1224,300.0000,64.9375,64.9961,13962.86,0.806583,92.823162
895.900,93.1224,300.0000,65.0625,64.9958,13963.23,0.806647,92.823162
896.000,93.1292,300.0000,65.0000,64.9954,13963.64,0.806718,92.829966
896.100,93.1292,300.0000,65.0625,64.9951,13964.02,0.806784,92.829966
896.200,93.1292,300.0000,65.1250,64.9947,13964.38,0.806846,92.829966
896.300,93.1292,300.0000,65.0000,64.9944,13964.71,0.806904,92.829966
896.400,93.1292,300.0000,65.0000,64.9940,13965.02,0.806958,92.829966
896.500,93.1292,300.0000,65.0000,64.9937,13965.31,0.807008,92.829966
896.600,93.1292,300.0000,65.0000,64.9933,13965.58,0.807055,92.829966
896.700,93.1292,300.0000,65.0000,64.9930,13965.83,0.807099,92.829966
896.800,93.1292,300.0000,64.9375,64.9926,13966.07,0.807140,92.829966
896.900,93.1292,300.0000,65.0625,64.9923,13966.29,0.807178,92.829966
897.000,93.1360,300.0000,64.9375,64.9919,13966.56,0.807226,92.836770
897.100,93.1360,300.0000,65.0625,64.9915,13966.82,0.807270,92.836770
897.200,93.1360,300.0000,65.0625,64.9912,13967.06,0.807311,92.836770
897.300,93.1360,300.0000,64.9375,64.9908,13967.28,0.807350,92.836770
897.400,93.1360,300.0000,64.9375,64.9904,13967.49,0.807386,92.836770
897.500,93.1360,300.0000,65.0625,64.9901,13967.68,0.807419,92.836770
897.600,93.1360,300.0000,64.9375,64.9897,13967.86,0.807451,92.836770
897.700,93.1360,300.0000,65.0000,64.9893,13968.03,0.807480,92.836770
897.800,93.1360,300.0000,65.0625,64.9890,13968.19,0.807507,92.836770
897.900,93.1360,300.0000,64.9375,64.9886,13968.34,0.807533,92.836770
898.000,92.5308,300.0000,65.0000,64.9883,13962.42,0.806508,92.829966
898.100,92.5308,300.0000,64.9375,64.9880,13956.90,0.805551,92.829966
898.200,92.5308,300.0000,65.1250,64.9878,13951.75,0.804659,92.829966
898.300,92.5308,300.0000,65.0000,64.9876,13946.94,0.803828,92.829966
898.400,92.5308,300.0000,65.0000,64.9874,13942.45,0.803052,92.829966
898.500,92.5308,300.0000,65.0625,64.9873,13938.26,0.802328,92.829966
898.600,92.5308,300.0000,65.0000,64.9872,13934.35,0.801653,92.829966
898.700,92.5308,300.0000,65.0625,64.9872,13930.70,0.801024,92.829966
898.800,92.5308,300.0000,65.0000,64.9872,13927.30,0.800436,92.829966
898.900,92.5308,300.0000,65.1250,64.9872,13924.12,0.799888,92.829966
899.000,93.4420,300.0000,65.0000,64.9871,13930.26,0.800948,92.843574
899.100,93.4420,300.0000,65.0000,64.9870,13936.00,0.801938,92.843574
899.200,93.4420,300.0000,65.0000,64.9869,13941.35,0.802862,92.843574
899.300,93.4420,300.0000,64.9375,64.9867,13946.35,0.803726,92.843574
899.400,93.4420,300.0000,65.1250,64.9865,13951.01,0.804532,92.843574
899.500,93.4420,300.0000,65.0625,64.9862,13955.36,0.805285,92.843574
899.600,93.4420,300.0000,64.9375,64.9859,13959.43,0.805989,92.843574
899.700,93.4420,300.0000,65.0625,64.9856,13963.22,0.806645,92.843574
899.800,93.4420,300.0000,65.0625,64.9853,13966.76,0.807259,92.843574
899.900,93.4420,300.0000,64.9375,64.9849,13970.06,0.807832,92.843574
900.000,92.5376,300.0000,65.0625,64.9846,13964.10,0.806798,92.836770
900.100,92.5376,300.0000,65.0000,64.9843,13958.53,0.805834,92.836770
900.200,92.5376,300.0000,65.0000,64.9841,13953.34,0.804935,92.836770
900.300,92.5376,300.0000,65.0000,64.9839,13948.49,0.804096,92.836770
900.400,92.5376,300.0000,65.0625,64.9837,13943.97,0.803314,92.836770
900.500,92.5376,300.0000,65.0000,64.9836,13939.75,0.802585,92.836770
900.600,92.5376,300.0000,65.0000,64.9835,13935.81,0.801904,92.836770
900.700,92.5376,300.0000,65.0625,64.9835,13932.13,0.801269,92.836770
900.800,92.5376,300.0000,65.0000,64.9834,13928.70,0.800677,92.836770
900.900,92.5376,300.0000,65.0625,64.9834,13925.49,0.800125,92.836770
901.000,93.1428,300.0000,64.9375,64.9834,13928.55,0.800653,92.843574
901.100,93.1428,300.0000,64.9375,64.9834,13931.41,0.801146,92.843574
901.200,93.1428,300.0000,65.0000,64.9833,13934.08,0.801606,92.843574
901.300,93.1428,300.0000,65.0000,64.9832,13936.57,0.802036,92.843574
901.400,93.1428,300.0000,65.0625,64.9831,13938.89,0.802437,92.843574
901.500,93.1428,300.0000,65.0000,64.9830,13941.06,0.802811,92.843574
901.600,93.1428,300.0000,65.0625,64.9828,13943.08,0.803161,92.843574
901.700,93.1428,300.0000,64.9375,64.9827,13944.97,0.803487,92.843574
901.800,93.1428,300.0000,64.9375,64.9825,13946.73,0.803792,92.843574
901.900,93.1428,300.0000,65.0000,64.9823,13948.38,0.804077,92.843574
902.000,92.8436,300.0000,64.8125,64.9821,13946.92,0.803825,92.843574
902.100,92.8436,300.0000,64.8750,64.9820,13945.56,0.803590,92.843574
902.200,92.8436,300.0000,64.9375,64.9818,13944.30,0.803371,92.843574
902.300,92.8436,300.0000,65.0625,64.9817,13943.11,0.803166,92.843574
902.400,92.8436,300.0000,64.9375,64.9815,13942.01,0.802975,92.843574
902.500,92.8436,300.0000,65.0000,64.9814,13940.98,0.802797,92.843574
902.600,92.8436,300.0000,64.9375,64.9813,13940.01,0.802631,92.843574
902.700,92.8436,300.0000,64.8750,64.9812,13939.11,0.802475,92.843574
902.800,92.8436,300.0000,65.0000,64.9811,13938.28,0.802331,92.843574
902.900,92.8436,300.0000,65.0625,64.9810,13937.49,0.802195,92.843574
903.000,93.1496,300.0000,64.9375,64.9809,13939.82,0.802598,92.850379
903.100,93.1496,300.0000,65.0000,64.9807,13942.00,0.802973,92.850379
903.200,93.1496,300.0000,64.9375,64.9806,13944.03,0.803324,92.850379
903.300,93.1496,300.0000,65.0000,64.9804,13945.92,0.803651,92.850379
903.400,93.1496,300.0000,65.0000,64.9802,13947.69,0.803957,92.850379
903.500,93.1496,300.0000,65.0000,64.9801,13949.34,0.804242,92.850379
903.600,93.1496,300.0000,64.9375,64.9799,13950.88,0.804509,92.850379
903.700,93.1496,300.0000,65.0000,64.9796,13952.31,0.804757,92.850379
903.800,93.1496,300.0000,65.0000,64.9794,13953.66,0.804990,92.850379
903.900,93.1496,300.0000,65.0625,64.9792,13954.91,0.805206,92.850379
904.000,93.1564,300.0000,65.0000,64.9789,13956.14,0.805420,92.857183
904.100,93.1564,300.0000,64.9375,64.9787,13957.30,0.805620,92.857183
904.200,93.1564,300.0000,64.8750,64.9784,13958.38,0.805807,92.857183
904.300,93.1564,300.0000,65.0000,64.9781,13959.38,0.805981,92.857183
904.400,93.1564,300.0000,65.0625,64.9779,13960.32,0.806143,92.857183
904.500,93.1564,300.0000,65.0625,64.9776,13961.20,0.806295,92.857183
904.600,93.1564,300.0000,65.0000,64.9773,13962.01,0.806437,92.857183
904.700,93.1564,300.0000,65.0000,64.9770,13962.78,0.806569,92.857183
904.800,93.1564,300.0000,65.0000,64.9767,13963.49,0.806692,92.857183
904.900,93.1564,300.0000,65.0000,64.9764,13964.15,0.806808,92.857183
905.000,92.8572,300.0000,65.0625,64.9761,13961.78,0.806397,92.857183
905.100,92.8572,300.0000,65.0625,64.9758,13959.57,0.806013,92.857183
905.200,92.8572,300.0000,64.9375,64.9756,13957.50,0.805655,92.857183
905.300,92.8572,300.0000,64.9375,64.9754,13955.57,0.805321,92.857183
905.400,92.8572,300.0000,65.0000,64.9751,13953.77,0.805010,92.857183
905.500,92.8572,300.0000,65.0000,64.9749,13952.09,0.804719,92.857183
905.600,92.8572,300.0000,65.0000,64.9747,13950.53,0.804448,92.857183
905.700,92.8572,300.0000,65.0000,64.9746,13949.06,0.804195,92.857183
905.800,92.8572,300.0000,64.9375,64.9744,13947.70,0.803959,92.857183
905.900,92.8572,300.0000,64.9375,64.9743,13946.42,0.803738,92.857183
906.000,92.5512,300.0000,65.0000,64.9741,13942.17,0.803004,92.850379
906.100,92.5512,300.0000,65.0000,64.9741,13938.21,0.802319,92.850379
906.200,92.5512,300.0000,65.1250,64.9740,13934.50,0.801680,92.850379
906.300,92.5512,300.0000,65.0000,64.9740,13931.05,0.801083,92.850379
906.400,92.5512,300.0000,65.0000,64.9740,13927.82,0.800527,92.850379
906.500,92.5512,300.0000,65.0000,64.9740,13924.81,0.800008,92.850379
906.600,92.5512,300.0000,65.0625,64.9740,13922.01,0.799524,92.850379
906.700,92.5512,300.0000,65.0000,64.9741,13919.38,0.799073,92.850379
906.800,92.5512,300.0000,65.0000,64.9742,13916.94,0.798651,92.850379
906.900,92.5512,300.0000,65.0000,64.9743,13914.65,0.798258,92.850379
907.000,92.8504,300.0000,65.0000,64.9744,13915.51,0.798406,92.850379
907.100,92.8504,300.0000,65.0000,64.9745,13916.32,0.798544,92.850379
907.200,92.8504,300.0000,65.0000,64.9746,13917.07,0.798673,92.850379
907.300,92.8504,300.0000,65.0625,64.9747,13917.76,0.798794,92.850379
907.400,92.8504,300.0000,65.0000,64.9748,13918.42,0.798906,92.850379
907.500,92.8504,300.0000,65.0625,64.9748,13919.03,0.799011,92.850379
907.600,92.8504,300.0000,65.0000,64.9749,13919.60,0.799109,92.850379
907.700,92.8504,300.0000,64.9375,64.9750,13920.13,0.799200,92.850379
907.800,92.8504,300.0000,65.0625,64.9750,13920.62,0.799286,92.850379
907.900,92.8504,300.0000,64.9375,64.9751,13921.08,0.799365,92.850379
908.000,92.5444,300.0000,64.9375,64.9752,13918.46,0.798913,92.843574
908.100,92.5444,300.0000,65.0625,64.9753,13916.00,0.798490,92.843574
908.200,92.5444,300.0000,65.0625,64.9754,13913.71,0.798096,92.843574
908.300,92.5444,300.0000,64.9375,64.9755,13911.58,0.797729,92.843574
908.400,92.5444,300.0000,65.0000,64.9757,13909.58,0.797386,92.843574
908.500,92.5444,300.0000,65.0625,64.9758,13907.72,0.797065,92.843574
908.600,92.5444,300.0000,64.9375,64.9760,13905.98,0.796767,92.843574
908.700,92.5444,300.0000,65.0000,64.9762,13904.36,0.796488,92.843574
908.800,92.5444,300.0000,65.0000,64.9764,13902.85,0.796228,92.843574
908.900,92.5444,300.0000,65.0000,64.9766,13901.43,0.795985,92.843574
909.000,92.8436,300.0000,65.0625,64.9768,13903.11,0.796273,92.843574
909.100,92.8436,300.0000,64.9375,64.9770,13904.67,0.796541,92.843574
909.200,92.8436,300.0000,65.0000,64.9772,13906.13,0.796792,92.843574
909.300,92.8436,300.0000,65.0000,64.9773,13907.49,0.797026,92.843574
909.400,92.8436,300.0000,64.9375,64.9775,13908.76,0.797244,92.843574
909.500,92.8436,300.0000,65.0625,64.9776,13909.94,0.797448,92.843574
909.600,92.8436,300.0000,65.0000,64.9778,13911.05,0.797638,92.843574
909.700,92.8436,300.0000,64.9375,64.9779,13912.08,0.797816,92.843574
909.800,92.8436,300.0000,65.0000,64.9780,13913.05,0.797981,92.843574
909.900,92.8436,300.0000,65.0000,64.9781,13913.94,0.798136,92.843574
910.000,92.8436,300.0000,64.9375,64.9782,13914.78,0.798281,92.843574
910.100,92.8436,300.0000,64.9375,64.9783,13915.57,0.798416,92.843574
910.200,92.8436,300.0000,65.0625,64.9784,13916.30,0.798541,92.843574
910.300,92.8436,300.0000,65.0625,64.9785,13916.98,0.798659,92.843574
910.400,92.8436,300.0000,65.0625,64.9786,13917.62,0.798769,92.843574
910.500,92.8436,300.0000,64.9375,64.9786,13918.21,0.798871,92.843574
910.600,92.8436,300.0000,64.9375,64.9787,13918.77,0.798967,92.843574
910.700,92.8436,300.0000,64.9375,64.9788,13919.29,0.799056,92.843574
910.800,92.8436,300.0000,65.0000,64.9788,13919.77,0.799139,92.843574
910.900,92.8436,300.0000,65.0000,64.9789,13920.22,0.799217,92.843574
911.000,92.8436,300.0000,64.9375,64.9789,13920.64,0.799289,92.843574
911.100,92.8436,300.0000,65.0000,64.9790,13921.03,0.799357,92.843574
911.200,92.8436,300.0000,65.0000,64.9790,13921.40,0.799420,92.843574
911.300,92.8436,300.0000,65.0000,64.9790,13921.74,0.799479,92.843574
911.400,92.8436,300.0000,65.0000,64.9791,13922.06,0.799534,92.843574
911.500,92.8436,300.0000,64.9375,64.9791,13922.36,0.799585,92.843574
911.600,92.8436,300.0000,65.0625,64.9792,13922.64,0.799633,92.843574
911.700,92.8436,300.0000,65.0000,64.9792,13922.90,0.799678,92.843574
911.800,92.8436,300.0000,64.9375,64.9792,13923.14,0.799720,92.843574
911.900,92.8436,300.0000,65.0000,64.9792,13923.37,0.799759,92.843574
912.000,92.8436,300.0000,65.0625,64.9793,13923.58,0.799795,92.843574
912.100,92.8436,300.0000,65.0000,64.9793,13923.78,0.799829,92.843574
912.200,92.8436,300.0000,64.9375,64.9793,13923.96,0.799861,92.843574
912.300,92.8436,300.0000,64.9375,64.9793,13924.13,0.799891,92.843574
912.400,92.8436,300.0000,65.0000,64.9794,13924.29,0.799918,92.843574
912.500,92.8436,300.0000,65.0000,64.9794,13924.44,0.799944,92.843574
912.600,92.8436,300.0000,65.0000,64.9794,13924.58,0.799968,92.843574
912.700,92.8436,300.0000,64.9375,64.9794,13924.71,0.799991,92.843574
912.800,92.8436,300.0000,65.0625,64.9794,13924.83,0.800012,92.843574
912.900,92.8436,300.0000,64.8750,64.9794,13924.95,0.800031,92.843574
913.000,92.2316,300.0000,64.9375,64.9795,13918.93,0.798995,92.829966
913.100,92.2316,300.0000,65.0000,64.9796,13913.32,0.798029,92.829966
913.200,92.2316,300.0000,65.0625,64.9798,13908.08,0.797128,92.829966
913.300,92.2316,300.0000,65.0000,64.9799,13903.19,0.796287,92.829966
913.400,92.2316,300.0000,65.0625,64.9802,13898.63,0.795503,92.829966
913.500,92.2316,300.0000,64.9375,64.9804,13894.37,0.794772,92.829966
913.600,92.2316,300.0000,65.0000,64.9807,13890.39,0.794090,92.829966
913.700,92.2316,300.0000,65.0000,64.9811,13886.68,0.793454,92.829966
913.800,92.2316,300.0000,65.0625,64.9814,13883.22,0.792860,92.829966
913.900,92.2316,300.0000,64.9375,64.9818,13879.99,0.792307,92.829966
914.000,92.5240,300.0000,65.0000,64.9822,13879.89,0.792291,92.823162
914.100,92.5240,300.0000,64.8750,64.9826,13879.81,0.792276,92.823162
914.200,92.5240,300.0000,64.8750,64.9830,13879.73,0.792262,92.823162
914.300,92.5240,300.0000,65.0000,64.9833,13879.65,0.792249,92.823162
914.400,92.5240,300.0000,65.0000,64.9837,13879.58,0.792237,92.823162
914.500,92.5240,300.0000,65.0000,64.9841,13879.52,0.792226,92.823162
914.600,92.5240,300.0000,65.0000,64.9845,13879.45,0.792216,92.823162
914.700,92.5240,300.0000,65.0000,64.9849,13879.40,0.792206,92.823162
914.800,92.5240,300.0000,65.0000,64.9852,13879.34,0.792197,92.823162
914.900,92.5240,300.0000,65.0000,64.9856,13879.29,0.792188,92.823162
915.000,92.8232,300.0000,65.0000,64.9860,13882.24,0.792692,92.823162
915.100,92.8232,300.0000,64.9375,64.9863,13884.99,0.793164,92.823162
915.200,92.8232,300.0000,64.9375,64.9866,13887.55,0.793603,92.823162
915.300,92.8232,300.0000,65.0000,64.9869,13889.95,0.794014,92.823162
915.400,92.8232,300.0000,64.8750,64.9872,13892.18,0.794397,92.823162
915.500,92.8232,300.0000,64.9375,64.9874,13894.27,0.794755,92.823162
915.600,92.8232,300.0000,64.9375,64.9877,13896.22,0.795089,92.823162
915.700,92.8232,300.0000,65.0000,64.9879,13898.03,0.795401,92.823162
915.800,92.8232,300.0000,64.9375,64.9881,13899.73,0.795693,92.823162
915.900,92.8232,300.0000,65.0000,64.9883,13901.31,0.795964,92.823162
916.000,92.8232,300.0000,64.9375,64.9884,13902.79,0.796218,92.823162
916.100,92.8232,300.0000,65.0000,64.9886,13904.17,0.796455,92.823162
916.200,92.8232,300.0000,64.9375,64.9888,13905.46,0.796676,92.823162
916.300,92.8232,300.0000,64.9375,64.9889,13906.66,0.796883,92.823162
916.400,92.8232,300.0000,65.0000,64.9890,13907.78,0.797076,92.823162
916.500,92.8232,300.0000,65.0000,64.9892,13908.82,0.797256,92.823162
916.600,92.8232,300.0000,64.9375,64.9893,13909.80,0.797423,92.823162
916.700,92.8232,300.0000,64.8125,64.9894,13910.71,0.797580,92.823162
916.800,92.8232,300.0000,64.9375,64.9895,13911.56,0.797727,92.823162
916.900,92.8232,300.0000,65.0000,64.9896,13912.36,0.797863,92.823162
917.000,92.8232,300.0000,65.0000,64.9897,13913.10,0.797991,92.823162
917.100,92.8232,300.0000,65.0625,64.9898,13913.79,0.798110,92.823162
917.200,92.8232,300.0000,64.9375,64.9898,13914.44,0.798221,92.823162
917.300,92.8232,300.0000,65.0000,64.9899,13915.04,0.798325,92.823162
917.400,92.8232,300.0000,64.9375,64.9900,13915.60,0.798421,92.823162
917.500,92.8232,300.0000,64.8750,64.9900,13916.13,0.798512,92.823162
917.600,92.8232,300.0000,65.0000,64.9901,13916.62,0.798596,92.823162
917.700,92.8232,300.0000,65.0625,64.9902,13917.07,0.798675,92.823162
917.800,92.8232,300.0000,64.9375,64.9902,13917.50,0.798748,92.823162
917.900,92.8232,300.0000,65.0000,64.9903,13917.90,0.798817,92.823162
918.000,92.8232,300.0000,64.9375,64.9903,13918.27,0.798881,92.823162
918.100,92.8232,300.0000,65.0000,64.9903,13918.62,0.798941,92.823162
918.200,92.8232,300.0000,64.9375,64.9904,13918.94,0.798996,92.823162
918.300,92.8232,300.0000,64.9375,64.9904,13919.24,0.799048,92.823162
918.400,92.8232,300.0000,65.0000,64.9905,13919.52,0.799097,92.823162
918.500,92.8232,300.0000,65.0000,64.9905,13919.79,0.799142,92.823162
918.600,92.8232,300.0000,65.0625,64.9905,13920.03,0.799185,92.823162
918.700,92.8232,300.0000,64.8750,64.9905,13920.26,0.799224,92.823162
918.800,92.8232,300.0000,65.0000,64.9906,13920.48,0.799261,92.823162
918.900,92.8232,300.0000,65.0625,64.9906,13920.68,0.799295,92.823162
919.000,93.1292,300.0000,64.9375,64.9906,13923.92,0.799855,92.829966
919.100,93.1292,300.0000,65.0000,64.9906,13926.95,0.800377,92.829966
919.200,93.1292,300.0000,64.9375,64.9905,13929.78,0.800865,92.829966
919.300,93.1292,300.0000,65.0000,64.9904,13932.42,0.801320,92.829966
919.400,93.1292,300.0000,65.0000,64.9903,13934.88,0.801745,92.829966
919.500,93.1292,300.0000,64.9375,64.9902,13937.18,0.802142,92.829966
919.600,93.1292,300.0000,65.0625,64.9901,13939.33,0.802513,92.829966
919.700,93.1292,300.0000,65.0625,64.9900,13941.33,0.802859,92.829966
919.800,93.1292,300.0000,65.0000,64.9898,13943.20,0.803182,92.829966
919.900,93.1292,300.0000,65.0000,64.9896,13944.95,0.803483,92.829966
920.000,92.8300,300.0000,65.0000,64.9895,13943.58,0.803248,92.829966
920.100,92.8300,300.0000,65.0625,64.9893,13942.31,0.803028,92.829966
920.200,92.8300,300.0000,64.9375,64.9892,13941.12,0.802822,92.829966
920.300,92.8300,300.0000,65.0000,64.9890,13940.01,0.802631,92.829966
920.400,92.8300,300.0000,65.0000,64.9889,13938.98,0.802452,92.829966
920.500,92.8300,300.0000,65.0625,64.9888,13938.01,0.802286,92.829966
920.600,92.8300,300.0000,65.0000,64.9887,13937.11,0.802130,92.829966
920.700,92.8300,300.0000,64.8750,64.9886,13936.27,0.801985,92.829966
920.800,92.8300,300.0000,64.9375,64.9885,13935.49,0.801849,92.829966
920.900,92.8300,300.0000,65.0000,64.9884,13934.75,0.801723,92.829966
921.000,92.8300,300.0000,65.0000,64.9883,13934.07,0.801605,92.829966
921.100,92.8300,300.0000,65.0625,64.9882,13933.43,0.801494,92.829966
921.200,92.8300,300.0000,64.9375,64.9882,13932.84,0.801392,92.829966
921.300,92.8300,300.0000,65.0625,64.9881,13932.28,0.801296,92.829966
921.400,92.8300,300.0000,65.0000,64.9880,13931.76,0.801206,92.829966
921.500,92.8300,300.0000,64.9375,64.9880,13931.28,0.801123,92.829966
921.600,92.8300,300.0000,64.9375,64.9879,13930.82,0.801045,92.829966
921.700,92.8300,300.0000,64.9375,64.9879,13930.40,0.800972,92.829966
921.800,92.8300,300.0000,65.0625,64.9878,13930.01,0.800904,92.829966
921.900,92.8300,300.0000,65.0000,64.9878,13929.64,0.800840,92.829966
922.000,92.8300,300.0000,65.0000,64.9877,13929.30,0.800781,92.829966
922.100,92.8300,300.0000,64.9375,64.9877,13928.98,0.800726,92.829966
922.200,92.8300,300.0000,65.0000,64.9877,13928.68,0.800675,92.829966
922.300,92.8300,300.0000,65.0000,64.9876,13928.40,0.800626,92.829966
922.400,92.8300,300.0000,64.9375,64.9876,13928.14,0.800582,92.829966
922.500,92.8300,300.0000,65.0000,64.9876,13927.90,0.800540,92.829966
922.600,92.8300,300.0000,65.0625,64.9875,13927.67,0.800501,92.829966
922.700,92.8300,300.0000,64.9375,64.9875,13927.46,0.800464,92.829966
922.800,92.8300,300.0000,65.0000,64.9875,13927.26,0.800430,92.829966
922.900,92.8300,300.0000,65.0000,64.9875,13927.08,0.800398,92.829966
923.000,92.8300,300.0000,65.0000,64.9874,13926.90,0.800368,92.829966
923.100,92.8300,300.0000,65.0000,64.9874,13926.74,0.800341,92.829966
923.200,92.8300,300.0000,64.9375,64.9874,13926.59,0.800315,92.829966
923.300,92.8300,300.0000,65.0625,64.9874,13926.45,0.800291,92.829966
923.400,92.8300,300.0000,64.9375,64.9874,13926.32,0.800268,92.829966
923.500,92.8300,300.0000,64.8750,64.9874,13926.20,0.800247,92.829966
923.600,92.8300,300.0000,65.0625,64.9873,13926.09,0.800228,92.829966
923.700,92.8300,300.0000,65.0000,64.9873,13925.98,0.800209,92.829966
923.800,92.8300,300.0000,64.9375,64.9873,13925.88,0.800192,92.829966
923.900,92.8300,300.0000,65.0000,64.9873,13925.79,0.800176,92.829966
924.000,92.8300,300.0000,65.0000,64.9873,13925.70,0.800161,92.829966
924.100,92.8300,300.0000,65.1250,64.9873,13925.62,0.800148,92.829966
924.200,92.8300,300.0000,65.0000,64.9873,13925.55,0.800135,92.829966
924.300,92.8300,300.0000,64.9375,64.9873,13925.48,0.800123,92.829966
924.400,92.8300,300.0000,65.0000,64.9873,13925.41,0.800111,92.829966
924.500,92.8300,300.0000,65.0000,64.9873,13925.35,0.800101,92.829966
924.600,92.8300,300.0000,65.1250,64.9872,13925.29,0.800091,92.829966
924.700,92.8300,300.0000,64.9375,64.9872,13925.24,0.800082,92.829966
924.800,92.8300,300.0000,65.0000,64.9872,13925.19,0.800073,92.829966
924.900,92.8300,300.0000,65.0000,64.9872,13925.14,0.800065,92.829966
925.000,92.8300,300.0000,65.0000,64.9872,13925.10,0.800058,92.829966
925.100,92.8300,300.0000,64.9375,64.9872,13925.06,0.800051,92.829966
925.200,92.8300,300.0000,64.9375,64.9872,13925.02,0.800044,92.829966
925.300,92.8300,300.0000,64.9375,64.9872,13924.99,0.800038,92.829966
925.400,92.8300,300.0000,65.0625,64.9872,13924.95,0.800032,92.829966
925.500,92.8300,300.0000,64.9375,64.9872,13924.92,0.800027,92.829966
925.600,92.8300,300.0000,64.9375,64.9872,13924.90,0.800022,92.829966
925.700,92.8300,300.0000,64.8750,64.9872,13924.87,0.800018,92.829966
925.800,92.8300,300.0000,64.9375,64.9872,13924.84,0.800013,92.829966
925.900,92.8300,300.0000,65.0625,64.9872,13924.82,0.800009,92.829966
926.000,93.1360,300.0000,65.0625,64.9872,13927.86,0.800533,92.836770
926.100,93.1360,300.0000,65.0000,64.9871,13930.69,0.801022,92.836770
926.200,93.1360,300.0000,65.0625,64.9870,13933.34,0.801479,92.836770
926.300,93.1360,300.0000,65.0000,64.9869,13935.81,0.801905,92.836770
926.400,93.1360,300.0000,65.0000,64.9868,13938.12,0.802303,92.836770
926.500,93.1360,300.0000,65.0000,64.9867,13940.27,0.802675,92.836770
926.600,93.1360,300.0000,65.0000,64.9865,13942.28,0.803022,92.836770
926.700,93.1360,300.0000,65.0625,64.9864,13944.15,0.803346,92.836770
926.800,93.1360,300.0000,65.0000,64.9862,13945.90,0.803648,92.836770
926.900,93.1360,300.0000,65.0000,64.9860,13947.53,0.803931,92.836770
927.000,92.8368,300.0000,65.0625,64.9858,13946.07,0.803677,92.836770
927.100,92.8368,300.0000,64.9375,64.9857,13944.70,0.803440,92.836770
927.200,92.8368,300.0000,65.0000,64.9855,13943.42,0.803219,92.836770
927.300,92.8368,300.0000,65.1250,64.9854,13942.22,0.803013,92.836770
927.400,92.8368,300.0000,65.0000,64.9852,13941.11,0.802820,92.836770
927.500,92.8368,300.0000,64.9375,64.9851,13940.07,0.802641,92.836770
927.600,92.8368,300.0000,65.0000,64.9850,13939.10,0.802473,92.836770
927.700,92.8368,300.0000,65.0625,64.9849,13938.19,0.802317,92.836770
927.800,92.8368,300.0000,65.0000,64.9848,13937.35,0.802171,92.836770
927.900,92.8368,300.0000,64.9375,64.9847,13936.56,0.802034,92.836770
928.000,92.5308,300.0000,64.9375,64.9846,13932.76,0.801379,92.829966
928.100,92.5308,300.0000,65.0000,64.9846,13929.22,0.800768,92.829966
928.200,92.5308,300.0000,64.9375,64.9846,13925.91,0.800198,92.829966
928.300,92.5308,300.0000,65.0625,64.9846,13922.83,0.799666,92.829966
928.400,92.5308,300.0000,64.9375,64.9847,13919.95,0.799170,92.829966
928.500,92.5308,300.0000,65.0000,64.9847,13917.26,0.798707,92.829966
928.600,92.5308,300.0000,65.0625,64.9848,13914.75,0.798275,92.829966
928.700,92.5308,300.0000,65.0625,64.9849,13912.41,0.797872,92.829966
928.800,92.5308,300.0000,65.0000,64.9850,13910.22,0.797495,92.829966
928.900,92.5308,300.0000,65.0000,64.9852,13908.18,0.797145,92.829966
929.000,92.8300,300.0000,65.0000,64.9853,13909.27,0.797332,92.829966
929.100,92.8300,300.0000,65.0000,64.9854,13910.28,0.797506,92.829966
929.200,92.8300,300.0000,65.0000,64.9855,13911.23,0.797669,92.829966
929.300,92.8300,300.0000,64.9375,64.9857,13912.11,0.797821,92.829966
929.400,92.8300,300.0000,64.8750,64.9858,13912.94,0.797963,92.829966
929.500,92.8300,300.0000,65.0000,64.9858,13913.71,0.798096,92.829966
929.600,92.8300,300.0000,64.9375,64.9859,13914.43,0.798220,92.829966
929.700,92.8300,300.0000,65.0000,64.9860,13915.10,0.798335,92.829966
929.800,92.8300,300.0000,64.9375,64.9861,13915.73,0.798443,92.829966
929.900,92.8300,300.0000,64.9375,64.9862,13916.31,0.798544,92.829966
930.000,92.5240,300.0000,65.0625,64.9862,13913.80,0.798111,92.823162
930.100,92.5240,300.0000,65.0000,64.9864,13911.45,0.797707,92.823162
930.200,92.5240,300.0000,65.0000,64.9865,13909.26,0.797330,92.823162
930.300,92.5240,300.0000,65.0000,64.9866,13907.22,0.796979,92.823162
930.400,92.5240,300.0000,65.0000,64.9868,13905.31,0.796651,92.823162
930.500,92.5240,300.0000,65.0625,64.9870,13903.53,0.796345,92.823162
930.600,92.5240,300.0000,64.8125,64.9872,13901.86,0.796059,92.823162
930.700,92.5240,300.0000,64.9375,64.9874,13900.31,0.795793,92.823162
930.800,92.5240,300.0000,64.8750,64.9876,13898.87,0.795544,92.823162
930.900,92.5240,300.0000,65.0000,64.9878,13897.51,0.795312,92.823162
931.000,92.8232,300.0000,65.0000,64.9880,13899.24,0.795609,92.823162
931.100,92.8232,300.0000,65.0625,64.9882,13900.86,0.795887,92.823162
931.200,92.8232,300.0000,64.9375,64.9884,13902.37,0.796146,92.823162
931.300,92.8232,300.0000,65.0000,64.9885,13903.77,0.796387,92.823162
931.400,92.8232,300.0000,65.0625,64.9887,13905.09,0.796613,92.823162
931.500,92.8232,300.0000,65.0000,64.9888,13906.31,0.796824,92.823162
931.600,92.8232,300.0000,64.8750,64.9890,13907.46,0.797020,92.823162
931.700,92.8232,300.0000,65.0625,64.9891,13908.53,0.797204,92.823162
931.800,92.8232,300.0000,65.0000,64.9892,13909.52,0.797375,92.823162
931.900,92.8232,300.0000,64.8750,64.9893,13910.45,0.797535,92.823162
932.000,92.2112,300.0000,65.0625,64.9895,13905.20,0.796632,92.809553
932.100,92.2112,300.0000,65.0000,64.9897,13900.30,0.795790,92.809553
932.200,92.2112,300.0000,65.0000,64.9899,13895.72,0.795005,92.809553
932.300,92.2112,300.0000,65.0625,64.9902,13891.45,0.794272,92.809553
932.400,92.2112,300.0000,65.0625,64.9905,13887.47,0.793589,92.809553
932.500,92.2112,300.0000,65.0625,64.9908,13883.75,0.792951,92.809553
932.600,92.2112,300.0000,65.1250,64.9912,13880.28,0.792357,92.809553
932.700,92.2112,300.0000,64.9375,64.9916,13877.04,0.791802,92.809553
932.800,92.2112,300.0000,64.9375,64.9920,13874.01,0.791284,92.809553
932.900,92.2112,300.0000,64.9375,64.9924,13871.19,0.790801,92.809553
933.000,92.5036,300.0000,65.0625,64.9928,13871.48,0.790851,92.802749
933.100,92.5036,300.0000,65.0625,64.9933,13871.75,0.790897,92.802749
933.200,92.5036,300.0000,65.0625,64.9937,13872.00,0.790940,92.802749
933.300,92.5036,300.0000,65.0000,64.9941,13872.24,0.790981,92.802749
933.400,92.5036,300.0000,65.0000,64.9945,13872.46,0.791018,92.802749
933.500,92.5036,300.0000,65.0000,64.9949,13872.66,0.791053,92.802749
933.600,92.5036,300.0000,65.0000,64.9953,13872.85,0.791086,92.802749
933.700,92.5036,300.0000,64.9375,64.9958,13873.03,0.791116,92.802749
933.800,92.5036,300.0000,65.0625,64.9962,13873.20,0.791145,92.802749
933.900,92.5036,300.0000,64.9375,64.9966,13873.35,0.791172,92.802749
934.000,92.4967,300.0000,65.0000,64.9970,13873.43,0.791185,92.795945
934.100,92.4967,300.0000,65.0000,64.9974,13873.50,0.791197,92.795945
934.200,92.4967,300.0000,65.0000,64.9978,13873.57,0.791209,92.795945
934.300,92.4967,300.0000,64.9375,64.9982,13873.63,0.791219,92.795945
934.400,92.4967,300.0000,65.0000,64.9986,13873.69,0.791229,92.795945
934.500,92.4967,300.0000,65.0000,64.9990,13873.75,0.791239,92.795945
934.600,92.4967,300.0000,65.0000,64.9994,13873.80,0.791247,92.795945
934.700,92.4967,300.0000,65.0625,64.9998,13873.85,0.791256,92.795945
934.800,92.4967,300.0000,65.0000,65.0001,13873.89,0.791263,92.795945
934.900,92.4967,300.0000,65.0000,65.0005,13873.93,0.791270,92.795945
935.000,92.7959,300.0000,65.0000,65.0009,13876.96,0.791789,92.795945
935.100,92.7959,300.0000,65.0000,65.0012,13879.79,0.792273,92.795945
935.200,92.7959,300.0000,65.0625,65.0016,13882.43,0.792725,92.795945
935.300,92.7959,300.0000,64.9375,65.0019,13884.90,0.793148,92.795945
935.400,92.7959,300.0000,65.0000,65.0021,13887.19,0.793542,92.795945
935.500,92.7959,300.0000,65.0000,65.0024,13889.34,0.793910,92.795945
935.600,92.7959,300.0000,65.0625,65.0026,13891.34,0.794253,92.795945
935.700,92.7959,300.0000,65.0000,65.0029,13893.21,0.794574,92.795945
935.800,92.7959,300.0000,65.0625,65.0031,13894.96,0.794874,92.795945
935.900,92.7959,300.0000,65.0625,65.0033,13896.59,0.795153,92.795945
936.000,93.1019,300.0000,65.0000,65.0034,13901.17,0.795940,92.802749
936.100,93.1019,300.0000,65.0000,65.0035,13905.44,0.796674,92.802749
936.200,93.1019,300.0000,64.9375,65.0036,13909.43,0.797360,92.802749
936.300,93.1019,300.0000,65.0000,65.0037,13913.16,0.798001,92.802749
936.400,93.1019,300.0000,64.9375,65.0037,13916.63,0.798599,92.802749
936.500,93.1019,300.0000,65.0625,65.0037,13919.88,0.799158,92.802749
936.600,93.1019,300.0000,65.0000,65.0037,13922.90,0.799679,92.802749
936.700,93.1019,300.0000,65.0625,65.0036,13925.73,0.800166,92.802749
936.800,93.1019,300.0000,65.0000,65.0036,13928.37,0.800621,92.802749
936.900,93.1019,300.0000,65.0000,65.0035,13930.83,0.801045,92.802749
937.000,92.8027,300.0000,65.0625,65.0034,13930.13,0.800926,92.802749
937.100,92.8027,300.0000,65.0000,65.0033,13929.49,0.800814,92.802749
937.200,92.8027,300.0000,65.0000,65.0033,13928.88,0.800709,92.802749
937.300,92.8027,300.0000,65.0000,65.0032,13928.32,0.800612,92.802749
937.400,92.8027,300.0000,64.9375,65.0031,13927.79,0.800521,92.802749
937.500,92.8027,300.0000,65.0000,65.0031,13927.30,0.800436,92.802749
937.600,92.8027,300.0000,65.0000,65.0030,13926.84,0.800357,92.802749
937.700,92.8027,300.0000,64.9375,65.0030,13926.41,0.800283,92.802749
937.800,92.8027,300.0000,65.0000,65.0029,13926.01,0.800214,92.802749
937.900,92.8027,300.0000,64.9375,65.0029,13925.64,0.800150,92.802749
938.000,92.4967,300.0000,64.9375,65.0029,13922.23,0.799563,92.795945
938.100,92.4967,300.0000,65.0000,65.0029,13919.05,0.799015,92.795945
938.200,92.4967,300.0000,64.9375,65.0029,13916.08,0.798504,92.795945
938.300,92.4967,300.0000,65.0625,65.0030,13913.31,0.798027,92.795945
938.400,92.4967,300.0000,64.9375,65.0030,13910.72,0.797582,92.795945
938.500,92.4967,300.0000,65.0625,65.0031,13908.31,0.797167,92.795945
938.600,92.4967,300.0000,64.9375,65.0032,13906.05,0.796779,92.795945
938.700,92.4967,300.0000,65.0000,65.0034,13903.95,0.796418,92.795945
938.800,92.4967,300.0000,65.0000,65.0035,13901.99,0.796081,92.795945
938.900,92.4967,300.0000,65.0000,65.0037,13900.16,0.795766,92.795945
939.000,92.7959,300.0000,65.0000,65.0039,13901.44,0.795986,92.795945
939.100,92.7959,300.0000,65.0000,65.0040,13902.64,0.796192,92.795945
939.200,92.7959,300.0000,64.9375,65.0041,13903.75,0.796384,92.795945
939.300,92.7959,300.0000,65.0625,65.0043,13904.80,0.796563,92.795945
939.400,92.7959,300.0000,64.9375,65.0044,13905.77,0.796730,92.795945
939.500,92.7959,300.0000,65.0000,65.0045,13906.68,0.796886,92.795945
939.600,92.7959,300.0000,65.0000,65.0046,13907.52,0.797032,92.795945
939.700,92.7959,300.0000,65.0000,65.0047,13908.32,0.797168,92.795945
939.800,92.7959,300.0000,65.0625,65.0048,13909.05,0.797295,92.795945
939.900,92.7959,300.0000,65.0000,65.0049,13909.74,0.797414,92.795945
940.000,92.7959,300.0000,65.0000,65.0049,13910.39,0.797524,92.795945
940.100,92.7959,300.0000,64.9375,65.0050,13910.99,0.797627,92.795945
940.200,92.7959,300.0000,65.0625,65.0051,13911.55,0.797724,92.795945
940.300,92.7959,300.0000,64.9375,65.0051,13912.07,0.797814,92.795945
940.400,92.7959,300.0000,65.0625,65.0052,13912.56,0.797898,92.795945
940.500,92.7959,300.0000,64.8750,65.0053,13913.01,0.797976,92.795945
940.600,92.7959,300.0000,64.9375,65.0053,13913.44,0.798049,92.795945
940.700,92.7959,300.0000,64.9375,65.0053,13913.84,0.798118,92.795945
940.800,92.7959,300.0000,65.0000,65.0054,13914.21,0.798181,92.795945
940.900,92.7959,300.0000,64.9375,65.0054,13914.55,0.798241,92.795945
941.000,92.4899,300.0000,65.0000,65.0055,13911.81,0.797770,92.789141
941.100,92.4899,300.0000,65.0000,65.0056,13909.26,0.797330,92.789141
941.200,92.4899,300.0000,64.9375,65.0057,13906.88,0.796920,92.789141
941.300,92.4899,300.0000,65.0000,65.0058,13904.65,0.796538,92.789141
941.400,92.4899,300.0000,65.0000,65.0060,13902.57,0.796181,92.789141
941.500,92.4899,300.0000,65.0625,65.0061,13900.63,0.795848,92.789141
941.600,92.4899,300.0000,64.9375,65.0063,13898.82,0.795537,92.789141
941.700,92.4899,300.0000,65.0000,65.0065,13897.14,0.795247,92.789141
941.800,92.4899,300.0000,65.0000,65.0067,13895.56,0.794977,92.789141
941.900,92.4899,300.0000,65.0000,65.0069,13894.09,0.794724,92.789141
942.000,92.7891,300.0000,65.0000,65.0071,13895.71,0.795002,92.789141
942.100,92.7891,300.0000,65.0000,65.0072,13897.22,0.795261,92.789141
942.200,92.7891,300.0000,65.0625,65.0074,13898.63,0.795503,92.789141
942.300,92.7891,300.0000,65.0625,65.0076,13899.94,0.795729,92.789141
942.400,92.7891,300.0000,65.0625,65.0077,13901.17,0.795940,92.789141
942.500,92.7891,300.0000,65.0625,65.0079,13902.32,0.796137,92.789141
942.600,92.7891,300.0000,64.9375,65.0080,13903.39,0.796321,92.789141
942.700,92.7891,300.0000,65.0000,65.0081,13904.39,0.796493,92.789141
942.800,92.7891,300.0000,64.9375,65.0082,13905.32,0.796653,92.789141
942.900,92.7891,300.0000,64.9375,65.0083,13906.19,0.796803,92.789141
943.000,92.4831,300.0000,65.0000,65.0085,13903.94,0.796416,92.782336
943.100,92.4831,300.0000,65.0625,65.0086,13901.84,0.796056,92.782336
943.200,92.4831,300.0000,64.9375,65.0088,13899.89,0.795719,92.782336
943.300,92.4831,300.0000,65.0625,65.0089,13898.06,0.795406,92.782336
943.400,92.4831,300.0000,64.9375,65.0091,13896.35,0.795113,92.782336
943.500,92.4831,300.0000,65.0000,65.0093,13894.76,0.794839,92.782336
943.600,92.4831,300.0000,65.0000,65.0095,13893.27,0.794584,92.782336
943.700,92.4831,300.0000,65.1250,65.0097,13891.89,0.794347,92.782336
943.800,92.4831,300.0000,65.0000,65.0100,13890.59,0.794125,92.782336
943.900,92.4831,300.0000,65.0000,65.0102,13889.39,0.793917,92.782336
944.000,92.7823,300.0000,65.0000,65.0104,13891.25,0.794237,92.782336
944.100,92.7823,300.0000,65.0000,65.0106,13892.99,0.794536,92.782336
944.200,92.7823,300.0000,65.0000,65.0108,13894.61,0.794814,92.782336
944.300,92.7823,300.0000,65.0625,65.0110,13896.13,0.795074,92.782336
944.400,92.7823,300.0000,64.9375,65.0112,13897.54,0.795317,92.782336
944.500,92.7823,300.0000,64.8750,65.0114,13898.86,0.795544,92.782336
944.600,92.7823,300.0000,64.9375,65.0115,13900.10,0.795756,92.782336
944.700,92.7823,300.0000,65.0000,65.0116,13901.25,0.795953,92.782336
944.800,92.7823,300.0000,65.0000,65.0118,13902.32,0.796138,92.782336
944.900,92.7823,300.0000,65.0625,65.0119,13903.32,0.796310,92.782336
945.000,93.0883,300.0000,64.9375,65.0120,13907.32,0.796996,92.789141
945.100,93.0883,300.0000,65.0000,65.0120,13911.05,0.797638,92.789141
945.200,93.0883,300.0000,65.0000,65.0121,13914.53,0.798236,92.789141
945.300,93.0883,300.0000,65.0000,65.0121,13917.78,0.798796,92.789141
945.400,93.0883,300.0000,65.0000,65.0120,13920.81,0.799318,92.789141
945.500,93.0883,300.0000,65.0000,65.0120,13923.64,0.799805,92.789141
945.600,93.0883,300.0000,65.0000,65.0119,13926.28,0.800260,92.789141
945.700,93.0883,300.0000,65.0000,65.0118,13928.74,0.800685,92.789141
945.800,93.0883,300.0000,65.0000,65.0117,13931.04,0.801082,92.789141
945.900,93.0883,300.0000,65.0000,65.0116,13933.19,0.801453,92.789141
946.000,92.7891,300.0000,65.0000,65.0115,13932.20,0.801282,92.789141
946.100,92.7891,300.0000,65.0625,65.0114,13931.28,0.801123,92.789141
946.200,92.7891,300.0000,65.0625,65.0113,13930.42,0.800975,92.789141
946.300,92.7891,300.0000,65.0625,65.0112,13929.62,0.800836,92.789141
946.400,92.7891,300.0000,65.0625,65.0111,13928.87,0.800707,92.789141
946.500,92.7891,300.0000,65.0625,65.0110,13928.17,0.800586,92.789141
946.600,92.7891,300.0000,65.0000,65.0109,13927.51,0.800474,92.789141
946.700,92.7891,300.0000,65.0000,65.0108,13926.90,0.800369,92.789141
946.800,92.7891,300.0000,64.9375,65.0108,13926.34,0.800270,92.789141
946.900,92.7891,300.0000,65.0000,65.0107,13925.80,0.800179,92.789141
947.000,92.7891,300.0000,64.9375,65.0106,13925.31,0.800093,92.789141
947.100,92.7891,300.0000,64.9375,65.0106,13924.85,0.800014,92.789141
947.200,92.7891,300.0000,65.0000,65.0105,13924.41,0.799939,92.789141
947.300,92.7891,300.0000,64.9375,65.0105,13924.01,0.799870,92.789141
947.400,92.7891,300.0000,65.0625,65.0104,13923.64,0.799805,92.789141
947.500,92.7891,300.0000,65.0000,65.0104,13923.28,0.799745,92.789141
947.600,92.7891,300.0000,65.0000,65.0104,13922.96,0.799688,92.789141
947.700,92.7891,300.0000,64.8750,65.0103,13922.65,0.799636,92.789141
947.800,92.7891,300.0000,65.0000,65.0103,13922.37,0.799586,92.789141
947.900,92.7891,300.0000,65.0000,65.0103,13922.10,0.799540,92.789141
948.000,92.7891,300.0000,65.0625,65.0102,13921.85,0.799498,92.789141
948.100,92.7891,300.0000,65.0625,65.0102,13921.62,0.799458,92.789141
948.200,92.7891,300.0000,65.0000,65.0102,13921.40,0.799420,92.789141
948.300,92.7891,300.0000,65.0000,65.0102,13921.20,0.799386,92.789141
948.400,92.7891,300.0000,64.9375,65.0101,13921.01,0.799353,92.789141
948.500,92.7891,300.0000,65.0625,65.0101,13920.84,0.799323,92.789141
948.600,92.7891,300.0000,65.0000,65.0101,13920.67,0.799294,92.789141
948.700,92.7891,300.0000,65.0625,65.0101,13920.52,0.799268,92.789141
948.800,92.7891,300.0000,65.0000,65.0101,13920.38,0.799243,92.789141
948.900,92.7891,300.0000,65.0000,65.0100,13920.24,0.799220,92.789141
949.000,92.7891,300.0000,65.0000,65.0100,13920.12,0.799199,92.789141
949.100,92.7891,300.0000,65.0000,65.0100,13920.00,0.799179,92.789141
949.200,92.7891,300.0000,65.0000,65.0100,13919.89,0.799160,92.789141
949.300,92.7891,300.0000,65.0625,65.0100,13919.79,0.799143,92.789141
949.400,92.7891,300.0000,65.0000,65.0100,13919.70,0.799126,92.789141
949.500,92.7891,300.0000,65.0625,65.0100,13919.61,0.799111,92.789141
949.600,92.7891,300.0000,65.1250,65.0100,13919.53,0.799097,92.789141
949.700,92.7891,300.0000,64.9375,65.0100,13919.45,0.799084,92.789141
949.800,92.7891,300.0000,65.0625,65.0099,13919.38,0.799071,92.789141
949.900,92.7891,300.0000,64.9375,65.0099,13919.31,0.799060,92.789141
950.000,92.4831,300.0000,65.1875,65.0100,13916.19,0.798522,92.782336
950.100,92.4831,300.0000,64.9375,65.0100,13913.27,0.798021,92.782336
950.200,92.4831,300.0000,65.0000,65.0101,13910.55,0.797553,92.782336
950.300,92.4831,300.0000,64.9375,65.0101,13908.01,0.797116,92.782336
950.400,92.4831,300.0000,64.9375,65.0103,13905.64,0.796709,92.782336
950.500,92.4831,300.0000,65.0625,65.0104,13903.43,0.796329,92.782336
950.600,92.4831,300.0000,65.0000,65.0105,13901.37,0.795974,92.782336
950.700,92.4831,300.0000,65.0625,65.0107,13899.44,0.795643,92.782336
950.800,92.4831,300.0000,65.0000,65.0108,13897.64,0.795334,92.782336
950.900,92.4831,300.0000,64.9375,65.0110,13895.97,0.795046,92.782336
951.000,92.4763,300.0000,65.0000,65.0112,13894.33,0.794766,92.775532
951.100,92.4763,300.0000,65.0000,65.0114,13892.81,0.794504,92.775532
951.200,92.4763,300.0000,64.9375,65.0117,13891.38,0.794260,92.775532
951.300,92.4763,300.0000,64.9375,65.0119,13890.05,0.794032,92.775532
951.400,92.4763,300.0000,64.9375,65.0121,13888.81,0.793819,92.775532
951.500,92.4763,300.0000,65.0000,65.0124,13887.66,0.793621,92.775532
951.600,92.4763,300.0000,65.0000,65.0126,13886.58,0.793436,92.775532
951.700,92.4763,300.0000,64.9375,65.0129,13885.57,0.793263,92.775532
951.800,92.4763,300.0000,65.0625,65.0132,13884.63,0.793102,92.775532
951.900,92.4763,300.0000,65.0000,65.0135,13883.75,0.792951,92.775532
952.000,92.7755,300.0000,65.0625,65.0137,13885.92,0.793323,92.775532
952.100,92.7755,300.0000,65.0000,65.0140,13887.95,0.793671,92.775532
952.200,92.7755,300.0000,65.0000,65.0142,13889.84,0.793995,92.775532
952.300,92.7755,300.0000,64.9375,65.0144,13891.61,0.794298,92.775532
952.400,92.7755,300.0000,65.0000,65.0146,13893.25,0.794581,92.775532
952.500,92.7755,300.0000,65.0000,65.0148,13894.79,0.794845,92.775532
952.600,92.7755,300.0000,65.0625,65.0150,13896.23,0.795091,92.775532
952.700,92.7755,300.0000,65.0000,65.0151,13897.57,0.795321,92.775532
952.800,92.7755,300.0000,65.0000,65.0153,13898.82,0.795536,92.775532
952.900,92.7755,300.0000,65.0000,65.0154,13899.99,0.795737,92.775532
953.000,92.7755,300.0000,65.0625,65.0155,13901.08,0.795924,92.775532
953.100,92.7755,300.0000,65.0000,65.0157,13902.09,0.796098,92.775532
953.200,92.7755,300.0000,65.0000,65.0158,13903.04,0.796261,92.775532
953.300,92.7755,300.0000,64.9375,65.0159,13903.93,0.796414,92.775532
953.400,92.7755,300.0000,65.0625,65.0160,13904.75,0.796556,92.775532
953.500,92.7755,300.0000,65.0000,65.0161,13905.53,0.796688,92.775532
953.600,92.7755,300.0000,65.0000,65.0162,13906.25,0.796812,92.775532
953.700,92.7755,300.0000,65.0000,65.0162,13906.92,0.796928,92.775532
953.800,92.7755,300.0000,65.0000,65.0163,13907.55,0.797036,92.775532
953.900,92.7755,300.0000,65.0625,65.0164,13908.13,0.797136,92.775532
954.000,93.0815,300.0000,65.0000,65.0164,13911.74,0.797757,92.782336
954.100,93.0815,300.0000,64.9375,65.0164,13915.10,0.798336,92.782336
954.200,93.0815,300.0000,65.0625,65.0164,13918.25,0.798877,92.782336
954.300,93.0815,300.0000,65.0000,65.0164,13921.18,0.799382,92.782336
954.400,93.0815,300.0000,65.0000,65.0163,13923.92,0.799853,92.782336
954.500,93.0815,300.0000,65.0625,65.0163,13926.47,0.800294,92.782336
954.600,93.0815,300.0000,65.0625,65.0162,13928.85,0.800705,92.782336
954.700,93.0815,300.0000,64.8750,65.0160,13931.08,0.801088,92.782336
954.800,93.0815,300.0000,65.0625,65.0159,13933.16,0.801447,92.782336
954.900,93.0815,300.0000,65.0000,65.0157,13935.09,0.801781,92.782336
955.000,92.7823,300.0000,65.0000,65.0156,13933.91,0.801577,92.782336
955.100,92.7823,300.0000,65.0000,65.0155,13932.81,0.801387,92.782336
955.200,92.7823,300.0000,65.0625,65.0153,13931.78,0.801209,92.782336
955.300,92.7823,300.0000,64.9375,65.0152,13930.81,0.801043,92.782336
955.400,92.7823,300.0000,65.0000,65.0151,13929.92,0.800888,92.782336
955.500,92.7823,300.0000,65.0000,65.0150,13929.08,0.800744,92.782336
955.600,92.7823,300.0000,65.0000,65.0149,13928.30,0.800609,92.782336
955.700,92.7823,300.0000,64.9375,65.0148,13927.57,0.800483,92.782336
955.800,92.7823,300.0000,64.9375,65.0148,13926.89,0.800365,92.782336
955.900,92.7823,300.0000,65.0625,65.0147,13926.25,0.800256,92.782336
956.000,93.0883,300.0000,65.0625,65.0146,13928.72,0.800681,92.789141
956.100,93.0883,300.0000,65.0000,65.0145,13931.02,0.801078,92.789141
956.200,93.0883,300.0000,65.0000,65.0143,13933.17,0.801449,92.789141
956.300,93.0883,300.0000,65.0000,65.0142,13935.17,0.801795,92.789141
956.400,93.0883,300.0000,65.0000,65.0140,13937.05,0.802118,92.789141
956.500,93.0883,300.0000,65.0000,65.0139,13938.79,0.802420,92.789141
956.600,93.0883,300.0000,65.0625,65.0137,13940.42,0.802702,92.789141
956.700,93.0883,300.0000,65.0625,65.0135,13941.94,0.802964,92.789141
956.800,93.0883,300.0000,65.0000,65.0132,13943.37,0.803210,92.789141
956.900,93.0883,300.0000,65.0000,65.0130,13944.69,0.803439,92.789141
957.000,92.7891,300.0000,65.0625,65.0128,13942.94,0.803136,92.789141
957.100,92.7891,300.0000,65.0000,65.0126,13941.30,0.802853,92.789141
957.200,92.7891,300.0000,65.0000,65.0124,13939.77,0.802589,92.789141
957.300,92.7891,300.0000,65.0000,65.0123,13938.34,0.802342,92.789141
957.400,92.7891,300.0000,65.0000,65.0121,13937.01,0.802112,92.789141
957.500,92.7891,300.0000,65.0000,65.0119,13935.77,0.801898,92.789141
957.600,92.7891,300.0000,65.0000,65.0118,13934.61,0.801698,92.789141
957.700,92.7891,300.0000,65.0000,65.0117,13933.53,0.801511,92.789141
957.800,92.7891,300.0000,65.0625,65.0116,13932.52,0.801336,92.789141
957.900,92.7891,300.0000,65.0625,65.0114,13931.57,0.801174,92.789141
958.000,93.0951,300.0000,65.0625,65.0113,13933.75,0.801550,92.795945
958.100,93.0951,300.0000,65.1250,65.0112,13935.79,0.801901,92.795945
958.200,93.0951,300.0000,65.0000,65.0110,13937.69,0.802229,92.795945
958.300,93.0951,300.0000,65.0625,65.0108,13939.46,0.802535,92.795945
958.400,93.0951,300.0000,65.0000,65.0106,13941.11,0.802821,92.795945
958.500,93.0951,300.0000,65.0000,65.0104,13942.66,0.803087,92.795945
958.600,93.0951,300.0000,65.1250,65.0102,13944.10,0.803336,92.795945
958.700,93.0951,300.0000,65.0000,65.0100,13945.44,0.803569,92.795945
958.800,93.0951,300.0000,65.0000,65.0098,13946.70,0.803786,92.795945
958.900,93.0951,300.0000,65.0000,65.0095,13947.87,0.803989,92.795945
959.000,92.7959,300.0000,65.0000,65.0093,13945.97,0.803660,92.795945
959.100,92.7959,300.0000,65.0000,65.0091,13944.20,0.803354,92.795945
959.200,92.7959,300.0000,65.0000,65.0089,13942.55,0.803068,92.795945
959.300,92.7959,300.0000,65.0625,65.0087,13941.00,0.802801,92.795945
959.400,92.7959,300.0000,65.0000,65.0085,13939.56,0.802553,92.795945
959.500,92.7959,300.0000,64.9375,65.0083,13938.22,0.802320,92.795945
959.600,92.7959,300.0000,65.0000,65.0082,13936.96,0.802104,92.795945
959.700,92.7959,300.0000,65.0625,65.0081,13935.79,0.801901,92.795945
959.800,92.7959,300.0000,65.0625,65.0079,13934.70,0.801713,92.795945
959.900,92.7959,300.0000,64.9375,65.0078,13933.68,0.801537,92.795945
960.000,92.4899,300.0000,65.0000,65.0077,13929.66,0.800844,92.789141
960.100,92.4899,300.0000,65.0625,65.0077,13925.92,0.800199,92.789141
960.200,92.4899,300.0000,64.9375,65.0076,13922.42,0.799596,92.789141
960.300,92.4899,300.0000,65.0000,65.0076,13919.16,0.799034,92.789141
960.400,92.4899,300.0000,65.0625,65.0077,13916.12,0.798510,92.789141
960.500,92.4899,300.0000,65.0000,65.0077,13913.28,0.798021,92.789141
960.600,92.4899,300.0000,65.0000,65.0078,13910.62,0.797565,92.789141
960.700,92.4899,300.0000,65.0625,65.0079,13908.15,0.797139,92.789141
960.800,92.4899,300.0000,65.1250,65.0080,13905.84,0.796742,92.789141
960.900,92.4899,300.0000,65.0625,65.0081,13903.68,0.796371,92.789141
961.000,93.0951,300.0000,65.0000,65.0082,13907.72,0.797066,92.795945
961.100,93.0951,300.0000,65.0625,65.0082,13911.49,0.797714,92.795945
961.200,93.0951,300.0000,65.0625,65.0083,13915.01,0.798319,92.795945
961.300,93.0951,300.0000,65.0000,65.0083,13918.29,0.798885,92.795945
961.400,93.0951,300.0000,65.0625,65.0083,13921.36,0.799413,92.795945
961.500,93.0951,300.0000,65.0000,65.0082,13924.22,0.799906,92.795945
961.600,93.0951,300.0000,65.0000,65.0081,13926.89,0.800366,92.795945
961.700,93.0951,300.0000,64.9375,65.0081,13929.38,0.800796,92.795945
961.800,93.0951,300.0000,64.9375,65.0080,13931.71,0.801197,92.795945
961.900,93.0951,300.0000,65.0000,65.0078,13933.88,0.801572,92.795945
962.000,92.7959,300.0000,64.9375,65.0077,13932.91,0.801405,92.795945
962.100,92.7959,300.0000,65.1250,65.0076,13932.01,0.801249,92.795945
962.200,92.7959,300.0000,65.0625,65.0075,13931.17,0.801104,92.795945
962.300,92.7959,300.0000,65.0000,65.0074,13930.38,0.800969,92.795945
962.400,92.7959,300.0000,65.0625,65.0073,13929.65,0.800842,92.795945
962.500,92.7959,300.0000,64.9375,65.0072,13928.97,0.800724,92.795945
962.600,92.7959,300.0000,65.0000,65.0072,13928.33,0.800614,92.795945
962.700,92.7959,300.0000,65.0000,65.0071,13927.73,0.800512,92.795945
962.800,92.7959,300.0000,65.0000,65.0070,13927.18,0.800416,92.795945
962.900,92.7959,300.0000,65.0625,65.0070,13926.66,0.800326,92.795945
963.000,93.1019,300.0000,65.0625,65.0069,13929.23,0.800770,92.802749
963.100,93.1019,300.0000,65.0625,65.0068,13931.64,0.801185,92.802749
963.200,93.1019,300.0000,65.0000,65.0067,13933.88,0.801572,92.802749
963.300,93.1019,300.0000,65.0000,65.0065,13935.98,0.801933,92.802749
963.400,93.1019,300.0000,65.0000,65.0064,13937.93,0.802271,92.802749
963.500,93.1019,300.0000,64.9375,65.0062,13939.75,0.802586,92.802749
963.600,93.1019,300.0000,65.0000,65.0060,13941.46,0.802880,92.802749
963.700,93.1019,300.0000,65.0000,65.0058,13943.05,0.803155,92.802749
963.800,93.1019,300.0000,65.0000,65.0056,13944.53,0.803411,92.802749
963.900,93.1019,300.0000,65.0625,65.0054,13945.91,0.803650,92.802749
964.000,93.1087,300.0000,65.0000,65.0052,13947.27,0.803885,92.809553
964.100,93.1087,300.0000,65.0625,65.0049,13948.54,0.804105,92.809553
964.200,93.1087,300.0000,65.0000,65.0047,13949.73,0.804310,92.809553
964.300,93.1087,300.0000,64.9375,65.0044,13950.83,0.804501,92.809553
964.400,93.1087,300.0000,65.0000,65.0041,13951.86,0.804680,92.809553
964.500,93.1087,300.0000,65.0625,65.0039,13952.83,0.804846,92.809553
964.600,93.1087,300.0000,65.0625,65.0036,13953.73,0.805002,92.809553
964.700,93.1087,300.0000,65.0000,65.0033,13954.57,0.805147,92.809553
964.800,93.1087,300.0000,65.0000,65.0030,13955.35,0.805283,92.809553
964.900,93.1087,300.0000,65.0625,65.0027,13956.08,0.805409,92.809553
965.000,93.1156,300.0000,65.0000,65.0024,13956.83,0.805539,92.816358
965.100,93.1156,300.0000,64.9375,65.0021,13957.53,0.805660,92.816358
965.200,93.1156,300.0000,65.0625,65.0018,13958.18,0.805773,92.816358
965.300,93.1156,300.0000,64.9375,65.0015,13958.79,0.805879,92.816358
965.400,93.1156,300.0000,64.9375,65.0012,13959.36,0.805978,92.816358
965.500,93.1156,300.0000,65.0000,65.0008,13959.89,0.806070,92.816358
965.600,93.1156,300.0000,64.9375,65.0005,13960.39,0.806156,92.816358
965.700,93.1156,300.0000,65.0000,65.0002,13960.85,0.806236,92.816358
965.800,93.1156,300.0000,65.0000,64.9998,13961.28,0.806311,92.816358
965.900,93.1156,300.0000,64.9375,64.9995,13961.69,0.806381,92.816358
966.000,92.5104,300.0000,65.0000,64.9992,13956.01,0.805397,92.809553
966.100,92.5104,300.0000,65.0000,64.9990,13950.72,0.804481,92.809553
966.200,92.5104,300.0000,65.0625,64.9988,13945.77,0.803626,92.809553
966.300,92.5104,300.0000,64.9375,64.9986,13941.16,0.802828,92.809553
966.400,92.5104,300.0000,65.0000,64.9985,13936.85,0.802084,92.809553
966.500,92.5104,300.0000,65.0000,64.9984,13932.83,0.801391,92.809553
966.600,92.5104,300.0000,65.0000,64.9983,13929.08,0.800743,92.809553
966.700,92.5104,300.0000,65.0000,64.9983,13925.58,0.800140,92.809553
966.800,92.5104,300.0000,65.0000,64.9983,13922.31,0.799576,92.809553
966.900,92.5104,300.0000,64.9375,64.9983,13919.26,0.799051,92.809553
967.000,92.5036,300.0000,65.1250,64.9983,13916.34,0.798549,92.802749
967.100,92.5036,300.0000,64.9375,64.9984,13913.62,0.798081,92.802749
967.200,92.5036,300.0000,65.0625,64.9985,13911.08,0.797644,92.802749
967.300,92.5036,300.0000,65.0000,64.9986,13908.71,0.797236,92.802749
967.400,92.5036,300.0000,65.0000,64.9987,13906.50,0.796856,92.802749
967.500,92.5036,300.0000,64.9375,64.9989,13904.44,0.796501,92.802749
967.600,92.5036,300.0000,64.9375,64.9990,13902.51,0.796170,92.802749
967.700,92.5036,300.0000,65.1250,64.9992,13900.71,0.795861,92.802749
967.800,92.5036,300.0000,64.9375,64.9994,13899.03,0.795573,92.802749
967.900,92.5036,300.0000,65.0000,64.9996,13897.47,0.795304,92.802749
968.000,92.8027,300.0000,65.0000,64.9997,13899.00,0.795567,92.802749
968.100,92.8027,300.0000,65.0000,64.9999,13900.42,0.795812,92.802749
968.200,92.8027,300.0000,64.9375,65.0001,13901.76,0.796041,92.802749
968.300,92.8027,300.0000,65.0000,65.0002,13903.00,0.796254,92.802749
968.400,92.8027,300.0000,65.0625,65.0004,13904.16,0.796454,92.802749
968.500,92.8027,300.0000,65.0625,65.0005,13905.24,0.796640,92.802749
968.600,92.8027,300.0000,65.0625,65.0006,13906.26,0.796814,92.802749
968.700,92.8027,300.0000,65.0000,65.0007,13907.20,0.796976,92.802749
968.800,92.8027,300.0000,64.9375,65.0008,13908.08,0.797127,92.802749
968.900,92.8027,300.0000,65.0000,65.0009,13908.90,0.797269,92.802749
969.000,92.8027,300.0000,65.0625,65.0010,13909.67,0.797401,92.802749
969.100,92.8027,300.0000,65.0625,65.0011,13910.39,0.797524,92.802749
969.200,92.8027,300.0000,65.0625,65.0012,13911.05,0.797639,92.802749
969.300,92.8027,300.0000,65.0000,65.0013,13911.68,0.797746,92.802749
969.400,92.8027,300.0000,65.0000,65.0013,13912.26,0.797846,92.802749
969.500,92.8027,300.0000,65.0000,65.0014,13912.80,0.797940,92.802749
969.600,92.8027,300.0000,65.0625,65.0015,13913.31,0.798027,92.802749
969.700,92.8027,300.0000,65.0000,65.0015,13913.78,0.798109,92.802749
969.800,92.8027,300.0000,65.0625,65.0016,13914.23,0.798185,92.802749
969.900,92.8027,300.0000,65.1250,65.0016,13914.64,0.798256,92.802749
970.000,93.4147,300.0000,65.0000,65.0016,13921.14,0.799376,92.816358
970.100,93.4147,300.0000,65.0000,65.0016,13927.21,0.800422,92.816358
970.200,93.4147,300.0000,65.0000,65.0015,13932.88,0.801399,92.816358
970.300,93.4147,300.0000,65.0000,65.0013,13938.17,0.802312,92.816358
970.400,93.4147,300.0000,65.0000,65.0011,13943.11,0.803165,92.816358
970.500,93.4147,300.0000,64.9375,65.0009,13947.71,0.803962,92.816358
970.600,93.4147,300.0000,65.0000,65.0007,13952.01,0.804705,92.816358
970.700,93.4147,300.0000,65.0000,65.0004,13956.03,0.805400,92.816358
970.800,93.4147,300.0000,64.8750,65.0000,13959.77,0.806049,92.816358
970.900,93.4147,300.0000,65.0625,64.9997,13963.27,0.806654,92.816358
971.000,93.1224,300.0000,64.9375,64.9993,13963.61,0.806713,92.823162
971.100,93.1224,300.0000,64.9375,64.9990,13963.92,0.806768,92.823162
971.200,93.1224,300.0000,64.9375,64.9986,13964.22,0.806819,92.823162
971.300,93.1224,300.0000,65.0625,64.9983,13964.49,0.806867,92.823162
971.400,93.1224,300.0000,65.0000,64.9979,13964.75,0.806911,92.823162
971.500,93.1224,300.0000,65.0625,64.9975,13964.99,0.806953,92.823162
971.600,93.1224,300.0000,65.0000,64.9972,13965.22,0.806992,92.823162
971.700,93.1224,300.0000,65.0625,64.9968,13965.43,0.807028,92.823162
971.800,93.1224,300.0000,65.0000,64.9965,13965.62,0.807062,92.823162
971.900,93.1224,300.0000,65.0625,64.9961,13965.80,0.807094,92.823162
972.000,93.1292,300.0000,65.0000,64.9957,13966.04,0.807135,92.829966
972.100,93.1292,300.0000,64.9375,64.9954,13966.26,0.807173,92.829966
972.200,93.1292,300.0000,65.0000,64.9950,13966.47,0.807209,92.829966
972.300,93.1292,300.0000,65.0000,64.9946,13966.66,0.807243,92.829966
972.400,93.1292,300.0000,64.9375,64.9943,13966.84,0.807274,92.829966
972.500,93.1292,300.0000,65.0000,64.9939,13967.01,0.807304,92.829966
972.600,93.1292,300.0000,65.0000,64.9935,13967.17,0.807331,92.829966
972.700,93.1292,300.0000,64.9375,64.9932,13967.32,0.807356,92.829966
972.800,93.1292,300.0000,65.0000,64.9928,13967.45,0.807380,92.829966
972.900,93.1292,300.0000,65.0000,64.9924,13967.58,0.807402,92.829966
973.000,92.8300,300.0000,65.0000,64.9921,13964.71,0.806904,92.829966
973.100,92.8300,300.0000,65.0000,64.9917,13962.03,0.806440,92.829966
973.200,92.8300,300.0000,65.0000,64.9914,13959.53,0.806006,92.829966
973.300,92.8300,300.0000,65.0000,64.9912,13957.19,0.805602,92.829966
973.400,92.8300,300.0000,65.0000,64.9909,13955.01,0.805224,92.829966
973.500,92.8300,300.0000,65.0000,64.9907,13952.98,0.804872,92.829966
973.600,92.8300,300.0000,65.0625,64.9904,13951.08,0.804544,92.829966
973.700,92.8300,300.0000,65.0625,64.9902,13949.31,0.804237,92.829966
973.800,92.8300,300.0000,64.9375,64.9900,13947.65,0.803951,92.829966
973.900,92.8300,300.0000,64.9375,64.9898,13946.11,0.803684,92.829966
974.000,92.5240,300.0000,65.0000,64.9897,13941.61,0.802906,92.823162
974.100,92.5240,300.0000,64.8750,64.9896,13937.41,0.802181,92.823162
974.200,92.5240,300.0000,64.9375,64.9895,13933.49,0.801504,92.823162
974.300,92.5240,300.0000,65.0625,64.9894,13929.83,0.800872,92.823162
974.400,92.5240,300.0000,65.0000,64.9894,13926.41,0.800283,92.823162
974.500,92.5240,300.0000,64.9375,64.9894,13923.22,0.799734,92.823162
974.600,92.5240,300.0000,65.0000,64.9895,13920.25,0.799221,92.823162
974.700,92.5240,300.0000,65.0000,64.9895,13917.47,0.798743,92.823162
974.800,92.5240,300.0000,65.0000,64.9896,13914.88,0.798297,92.823162
974.900,92.5240,300.0000,65.0000,64.9897,13912.46,0.797881,92.823162
975.000,92.8232,300.0000,65.0625,64.9898,13913.19,0.798007,92.823162
975.100,92.8232,300.0000,65.0625,64.9898,13913.88,0.798125,92.823162
975.200,92.8232,300.0000,64.9375,64.9899,13914.52,0.798235,92.823162
975.300,92.8232,300.0000,65.0000,64.9900,13915.12,0.798338,92.823162
975.400,92.8232,300.0000,65.0000,64.9901,13915.67,0.798434,92.823162
975.500,92.8232,300.0000,64.9375,64.9901,13916.19,0.798523,92.823162
975.600,92.8232,300.0000,65.0000,64.9902,13916.68,0.798607,92.823162
975.700,92.8232,300.0000,65.0000,64.9902,13917.13,0.798685,92.823162
975.800,92.8232,300.0000,65.0625,64.9903,13917.55,0.798758,92.823162
975.900,92.8232,300.0000,64.9375,64.9903,13917.95,0.798826,92.823162
976.000,92.5172,300.0000,65.0000,64.9904,13915.26,0.798362,92.816358
976.100,92.5172,300.0000,65.0000,64.9905,13912.75,0.797930,92.816358
976.200,92.5172,300.0000,65.0000,64.9906,13910.40,0.797527,92.816358
976.300,92.5172,300.0000,64.8750,64.9907,13908.21,0.797150,92.816358
976.400,92.5172,300.0000,64.9375,64.9909,13906.17,0.796799,92.816358
976.500,92.5172,300.0000,65.0000,64.9910,13904.26,0.796471,92.816358
976.600,92.5172,300.0000,65.0625,64.9912,13902.48,0.796166,92.816358
976.700,92.5172,300.0000,65.0000,64.9914,13900.82,0.795880,92.816358
976.800,92.5172,300.0000,64.9375,64.9916,13899.27,0.795614,92.816358
976.900,92.5172,300.0000,64.9375,64.9918,13897.83,0.795366,92.816358
977.000,92.5104,300.0000,64.9375,64.9920,13896.41,0.795122,92.809553
977.100,92.5104,300.0000,65.0000,64.9923,13895.09,0.794895,92.809553
977.200,92.5104,300.0000,65.0625,64.9925,13893.85,0.794683,92.809553
977.300,92.5104,300.0000,65.0000,64.9928,13892.70,0.794485,92.809553
977.400,92.5104,300.0000,64.8750,64.9930,13891.62,0.794301,92.809553
977.500,92.5104,300.0000,65.0000,64.9933,13890.62,0.794128,92.809553
977.600,92.5104,300.0000,64.9375,64.9936,13889.68,0.793968,92.809553
977.700,92.5104,300.0000,64.9375,64.9938,13888.80,0.793818,92.809553
977.800,92.5104,300.0000,65.0000,64.9941,13887.99,0.793678,92.809553
977.900,92.5104,300.0000,65.0625,64.9944,13887.22,0.793547,92.809553
978.000,93.1156,300.0000,64.9375,64.9947,13892.57,0.794463,92.816358
978.100,93.1156,300.0000,65.0625,64.9949,13897.55,0.795318,92.816358
978.200,93.1156,300.0000,65.0625,64.9950,13902.20,0.796117,92.816358
978.300,93.1156,300.0000,65.0625,64.9952,13906.54,0.796863,92.816358
978.400,93.1156,300.0000,65.0000,64.9953,13910.60,0.797560,92.816358
978.500,93.1156,300.0000,64.8750,64.9953,13914.38,0.798211,92.816358
978.600,93.1156,300.0000,64.9375,64.9954,13917.91,0.798819,92.816358
978.700,93.1156,300.0000,65.0000,64.9954,13921.20,0.799386,92.816358
978.800,93.1156,300.0000,65.0625,64.9954,13924.28,0.799916,92.816358
978.900,93.1156,300.0000,65.0000,64.9953,13927.15,0.800411,92.816358
979.000,92.8164,300.0000,65.0000,64.9953,13926.84,0.800357,92.816358
979.100,92.8164,300.0000,65.0000,64.9953,13926.54,0.800306,92.816358
979.200,92.8164,300.0000,65.0000,64.9952,13926.27,0.800259,92.816358
979.300,92.8164,300.0000,65.0000,64.9952,13926.02,0.800216,92.816358
979.400,92.8164,300.0000,65.0625,64.9952,13925.78,0.800175,92.816358
979.500,92.8164,300.0000,65.0000,64.9951,13925.56,0.800136,92.816358
979.600,92.8164,300.0000,65.0000,64.9951,13925.35,0.800101,92.816358
979.700,92.8164,300.0000,64.9375,64.9951,13925.16,0.800067,92.816358
979.800,92.8164,300.0000,65.0625,64.9951,13924.98,0.800036,92.816358
979.900,92.8164,300.0000,65.0000,64.9950,13924.81,0.800007,92.816358
980.000,92.8164,300.0000,65.0625,64.9950,13924.65,0.799980,92.816358
980.100,92.8164,300.0000,65.0000,64.9950,13924.51,0.799955,92.816358
980.200,92.8164,300.0000,64.8750,64.9950,13924.37,0.799931,92.816358
980.300,92.8164,300.0000,64.9375,64.9950,13924.24,0.799909,92.816358
980.400,92.8164,300.0000,65.0625,64.9950,13924.12,0.799889,92.816358
980.500,92.8164,300.0000,65.0625,64.9950,13924.01,0.799870,92.816358
980.600,92.8164,300.0000,64.9375,64.9949,13923.91,0.799852,92.816358
980.700,92.8164,300.0000,64.9375,64.9949,13923.81,0.799835,92.816358
980.800,92.8164,300.0000,65.0000,64.9949,13923.72,0.799820,92.816358
980.900,92.8164,300.0000,65.0000,64.9949,13923.64,0.799805,92.816358
981.000,92.8164,300.0000,65.1250,64.9949,13923.56,0.799791,92.816358
981.100,92.8164,300.0000,64.8750,64.9949,13923.48,0.799779,92.816358
981.200,92.8164,300.0000,65.1250,64.9949,13923.41,0.799767,92.816358
981.300,92.8164,300.0000,64.9375,64.9949,13923.35,0.799756,92.816358
981.400,92.8164,300.0000,65.0625,64.9949,13923.29,0.799746,92.816358
981.500,92.8164,300.0000,65.0625,64.9949,13923.23,0.799736,92.816358
981.600,92.8164,300.0000,64.8750,64.9949,13923.18,0.799727,92.816358
981.700,92.8164,300.0000,65.0000,64.9948,13923.13,0.799719,92.816358
981.800,92.8164,300.0000,64.9375,64.9948,13923.09,0.799711,92.816358
981.900,92.8164,300.0000,65.0000,64.9948,13923.05,0.799704,92.816358
982.000,92.8164,300.0000,64.9375,64.9948,13923.01,0.799697,92.816358
982.100,92.8164,300.0000,65.0000,64.9948,13922.97,0.799690,92.816358
982.200,92.8164,300.0000,65.0000,64.9948,13922.94,0.799684,92.816358
982.300,92.8164,300.0000,65.1250,64.9948,13922.90,0.799679,92.816358
982.400,92.8164,300.0000,64.9375,64.9948,13922.87,0.799674,92.816358
982.500,92.8164,300.0000,65.0000,64.9948,13922.85,0.799669,92.816358
982.600,92.8164,300.0000,65.0000,64.9948,13922.82,0.799664,92.816358
982.700,92.8164,300.0000,65.0000,64.9948,13922.79,0.799660,92.816358
982.800,92.8164,300.0000,65.0000,64.9948,13922.77,0.799656,92.816358
982.900,92.8164,300.0000,64.9375,64.9948,13922.75,0.799653,92.816358
983.000,92.5104,300.0000,65.0000,64.9948,13919.67,0.799122,92.809553
983.100,92.5104,300.0000,64.9375,64.9949,13916.80,0.798627,92.809553
983.200,92.5104,300.0000,64.9375,64.9949,13914.11,0.798165,92.809553
983.300,92.5104,300.0000,65.0625,64.9950,13911.61,0.797735,92.809553
983.400,92.5104,300.0000,64.9375,64.9951,13909.27,0.797333,92.809553
983.500,92.5104,300.0000,65.0000,64.9953,13907.09,0.796957,92.809553
983.600,92.5104,300.0000,65.0000,64.9954,13905.06,0.796608,92.809553
983.700,92.5104,300.0000,65.0000,64.9956,13903.16,0.796281,92.809553
983.800,92.5104,300.0000,65.0000,64.9957,13901.38,0.795976,92.809553
983.900,92.5104,300.0000,64.9375,64.9959,13899.73,0.795692,92.809553
984.000,92.5036,300.0000,65.0000,64.9961,13898.11,0.795415,92.802749
984.100,92.5036,300.0000,65.0000,64.9963,13896.61,0.795157,92.802749
984.200,92.5036,300.0000,65.0000,64.9966,13895.20,0.794915,92.802749
984.300,92.5036,300.0000,65.0625,64.9968,13893.89,0.794690,92.802749
984.400,92.5036,300.0000,65.0625,64.9970,13892.67,0.794480,92.802749
984.500,92.5036,300.0000,65.0000,64.9973,13891.53,0.794284,92.802749
984.600,92.5036,300.0000,65.0625,64.9975,13890.46,0.794102,92.802749
984.700,92.5036,300.0000,65.0000,64.9978,13889.46,0.793931,92.802749
984.800,92.5036,300.0000,65.0000,64.9981,13888.54,0.793772,92.802749
984.900,92.5036,300.0000,65.0000,64.9984,13887.67,0.793623,92.802749
985.000,92.8027,300.0000,65.0000,64.9986,13889.85,0.793997,92.802749
985.100,92.8027,300.0000,65.0625,64.9989,13891.89,0.794347,92.802749
985.200,92.8027,300.0000,64.9375,64.9991,13893.79,0.794673,92.802749
985.300,92.8027,300.0000,65.0000,64.9993,13895.57,0.794978,92.802749
985.400,92.8027,300.0000,65.0000,64.9995,13897.22,0.795262,92.802749
985.500,92.8027,300.0000,64.9375,64.9997,13898.77,0.795527,92.802749
985.600,92.8027,300.0000,65.0000,64.9999,13900.21,0.795775,92.802749
985.700,92.8027,300.0000,65.0000,65.0000,13901.56,0.796007,92.802749
985.800,92.8027,300.0000,65.0000,65.0002,13902.81,0.796222,92.802749
985.900,92.8027,300.0000,64.9375,65.0003,13903.99,0.796424,92.802749
986.000,92.4967,300.0000,65.0000,65.0005,13902.02,0.796086,92.795945
986.100,92.4967,300.0000,65.0000,65.0007,13900.19,0.795771,92.795945
986.200,92.4967,300.0000,65.0000,65.0008,13898.48,0.795477,92.795945
986.300,92.4967,300.0000,65.0000,65.0010,13896.88,0.795203,92.795945
986.400,92.4967,300.0000,64.9375,65.0013,13895.39,0.794947,92.795945
986.500,92.4967,300.0000,64.9375,65.0015,13894.00,0.794708,92.795945
986.600,92.4967,300.0000,65.0000,65.0017,13892.70,0.794485,92.795945
986.700,92.4967,300.0000,65.0625,65.0019,13891.49,0.794278,92.795945
986.800,92.4967,300.0000,65.0625,65.0022,13890.35,0.794083,92.795945
986.900,92.4967,300.0000,65.0625,65.0025,13889.30,0.793902,92.795945
987.000,93.1019,300.0000,65.0000,65.0027,13894.36,0.794771,92.802749
987.100,93.1019,300.0000,64.9375,65.0029,13899.09,0.795583,92.802749
987.200,93.1019,300.0000,64.9375,65.0030,13903.51,0.796341,92.802749
987.300,93.1019,300.0000,65.0000,65.0031,13907.62,0.797049,92.802749
987.400,93.1019,300.0000,65.0000,65.0032,13911.47,0.797710,92.802749
987.500,93.1019,300.0000,65.0000,65.0032,13915.06,0.798328,92.802749
987.600,93.1019,300.0000,64.9375,65.0032,13918.41,0.798904,92.802749
987.700,93.1019,300.0000,65.0625,65.0032,13921.53,0.799443,92.802749
987.800,93.1019,300.0000,65.0000,65.0032,13924.45,0.799945,92.802749
987.900,93.1019,300.0000,64.9375,65.0031,13927.17,0.800415,92.802749
988.000,92.4967,300.0000,65.0000,65.0031,13923.66,0.799810,92.795945
988.100,92.4967,300.0000,64.8750,65.0031,13920.38,0.799245,92.795945
988.200,92.4967,300.0000,65.0000,65.0031,13917.33,0.798718,92.795945
988.300,92.4967,300.0000,64.9375,65.0032,13914.47,0.798227,92.795945
988.400,92.4967,300.0000,64.9375,65.0032,13911.81,0.797769,92.795945
988.500,92.4967,300.0000,64.9375,65.0033,13909.32,0.797341,92.795945
988.600,92.4967,300.0000,65.0625,65.0034,13907.00,0.796942,92.795945
988.700,92.4967,300.0000,65.0000,65.0036,13904.84,0.796570,92.795945
988.800,92.4967,300.0000,64.9375,65.0037,13902.81,0.796222,92.795945
988.900,92.4967,300.0000,65.0000,65.0039,13900.93,0.795898,92.795945
989.000,92.7959,300.0000,65.0625,65.0040,13902.16,0.796110,92.795945
989.100,92.7959,300.0000,64.9375,65.0041,13903.31,0.796307,92.795945
989.200,92.7959,300.0000,64.9375,65.0043,13904.38,0.796491,92.795945
989.300,92.7959,300.0000,65.0000,65.0044,13905.38,0.796663,92.795945
989.400,92.7959,300.0000,65.0000,65.0045,13906.31,0.796824,92.795945
989.500,92.7959,300.0000,65.0000,65.0046,13907.19,0.796974,92.795945
989.600,92.7959,300.0000,65.0000,65.0047,13908.00,0.797114,92.795945
989.700,92.7959,300.0000,65.0000,65.0048,13908.76,0.797244,92.795945
989.800,92.7959,300.0000,64.9375,65.0049,13909.47,0.797366,92.795945
989.900,92.7959,300.0000,65.0000,65.0050,13910.13,0.797480,92.795945
990.000,92.7959,300.0000,64.9375,65.0050,13910.75,0.797586,92.795945
990.100,92.7959,300.0000,65.0000,65.0051,13911.32,0.797685,92.795945
990.200,92.7959,300.0000,65.0000,65.0052,13911.86,0.797778,92.795945
990.300,92.7959,300.0000,65.0000,65.0052,13912.36,0.797864,92.795945
990.400,92.7959,300.0000,64.9375,65.0053,13912.83,0.797945,92.795945
990.500,92.7959,300.0000,65.0625,65.0053,13913.27,0.798020,92.795945
990.600,92.7959,300.0000,64.9375,65.0054,13913.68,0.798090,92.795945
990.700,92.7959,300.0000,65.0000,65.0054,13914.06,0.798156,92.795945
990.800,92.7959,300.0000,65.0000,65.0055,13914.41,0.798217,92.795945
990.900,92.7959,300.0000,64.9375,65.0055,13914.75,0.798274,92.795945
991.000,92.4899,300.0000,64.9375,65.0056,13912.00,0.797801,92.789141
991.100,92.4899,300.0000,65.0625,65.0057,13909.43,0.797359,92.789141
991.200,92.4899,300.0000,65.0000,65.0058,13907.03,0.796947,92.789141
991.300,92.4899,300.0000,64.9375,65.0059,13904.80,0.796563,92.789141
991.400,92.4899,300.0000,65.0000,65.0060,13902.71,0.796204,92.789141
991.500,92.4899,300.0000,65.0625,65.0062,13900.76,0.795870,92.789141
991.600,92.4899,300.0000,65.0000,65.0064,13898.94,0.795558,92.789141
991.700,92.4899,300.0000,65.0000,65.0065,13897.25,0.795266,92.789141
991.800,92.4899,300.0000,65.0625,65.0067,13895.66,0.794994,92.789141
991.900,92.4899,300.0000,65.0000,65.0069,13894.19,0.794741,92.789141
992.000,92.7891,300.0000,65.0000,65.0071,13895.80,0.795017,92.789141
992.100,92.7891,300.0000,65.0625,65.0073,13897.30,0.795276,92.789141
992.200,92.7891,300.0000,65.0000,65.0075,13898.71,0.795517,92.789141
992.300,92.7891,300.0000,64.9375,65.0076,13900.02,0.795742,92.789141
992.400,92.7891,300.0000,65.1250,65.0078,13901.24,0.795952,92.789141
992.500,92.7891,300.0000,65.0000,65.0079,13902.38,0.796148,92.789141
992.600,92.7891,300.0000,65.0625,65.0081,13903.45,0.796332,92.789141
992.700,92.7891,300.0000,65.0000,65.0082,13904.44,0.796502,92.789141
992.800,92.7891,300.0000,64.9375,65.0083,13905.37,0.796662,92.789141
992.900,92.7891,300.0000,65.0000,65.0084,13906.24,0.796811,92.789141
993.000,92.7891,300.0000,64.9375,65.0085,13907.05,0.796950,92.789141
993.100,92.7891,300.0000,65.0000,65.0086,13907.80,0.797080,92.789141
993.200,92.7891,300.0000,64.9375,65.0087,13908.51,0.797201,92.789141
993.300,92.7891,300.0000,65.0000,65.0088,13909.17,0.797314,92.789141
993.400,92.7891,300.0000,65.0000,65.0088,13909.78,0.797420,92.789141
993.500,92.7891,300.0000,65.0625,65.0089,13910.35,0.797518,92.789141
993.600,92.7891,300.0000,65.0625,65.0090,13910.89,0.797610,92.789141
993.700,92.7891,300.0000,65.0625,65.0090,13911.39,0.797696,92.789141
993.800,92.7891,300.0000,65.0625,65.0091,13911.85,0.797776,92.789141
993.900,92.7891,300.0000,64.8750,65.0091,13912.29,0.797851,92.789141
994.000,92.1771,300.0000,65.0000,65.0092,13906.57,0.796868,92.775532
994.100,92.1771,300.0000,65.0625,65.0094,13901.24,0.795952,92.775532
994.200,92.1771,300.0000,65.0000,65.0096,13896.26,0.795097,92.775532
994.300,92.1771,300.0000,65.0625,65.0098,13891.61,0.794300,92.775532
994.400,92.1771,300.0000,65.0000,65.0100,13887.28,0.793556,92.775532
994.500,92.1771,300.0000,65.0625,65.0103,13883.23,0.792862,92.775532
994.600,92.1771,300.0000,65.1250,65.0107,13879.45,0.792216,92.775532
994.700,92.1771,300.0000,65.0000,65.0110,13875.93,0.791612,92.775532
994.800,92.1771,300.0000,65.0000,65.0114,13872.64,0.791049,92.775532
994.900,92.1771,300.0000,65.0000,65.0118,13869.57,0.790524,92.775532
995.000,92.7755,300.0000,65.0625,65.0122,13872.68,0.791057,92.775532
995.100,92.7755,300.0000,65.0000,65.0125,13875.59,0.791555,92.775532
995.200,92.7755,300.0000,65.0625,65.0128,13878.31,0.792020,92.775532
995.300,92.7755,300.0000,65.0625,65.0131,13880.84,0.792454,92.775532
995.400,92.7755,300.0000,65.0000,65.0134,13883.21,0.792859,92.775532
995.500,92.7755,300.0000,65.0000,65.0137,13885.42,0.793237,92.775532
995.600,92.7755,300.0000,64.8750,65.0139,13887.48,0.793590,92.775532
995.700,92.7755,300.0000,65.0000,65.0142,13889.40,0.793920,92.775532
995.800,92.7755,300.0000,64.9375,65.0144,13891.20,0.794228,92.775532
995.900,92.7755,300.0000,65.0000,65.0146,13892.87,0.794516,92.775532
996.000,92.7755,300.0000,64.9375,65.0148,13894.44,0.794784,92.775532
996.100,92.7755,300.0000,65.0625,65.0150,13895.90,0.795034,92.775532
996.200,92.7755,300.0000,64.9375,65.0151,13897.26,0.795268,92.775532
996.300,92.7755,300.0000,65.0000,65.0153,13898.53,0.795487,92.775532
996.400,92.7755,300.0000,64.9375,65.0154,13899.72,0.795690,92.775532
996.500,92.7755,300.0000,64.9375,65.0155,13900.82,0.795881,92.775532
996.600,92.7755,300.0000,65.0000,65.0157,13901.86,0.796058,92.775532
996.700,92.7755,300.0000,64.9375,65.0158,13902.82,0.796224,92.775532
996.800,92.7755,300.0000,65.0000,65.0159,13903.72,0.796379,92.775532
996.900,92.7755,300.0000,64.9375,65.0160,13904.56,0.796523,92.775532
997.000,92.4695,300.0000,65.0625,65.0161,13902.29,0.796132,92.768728
997.100,92.4695,300.0000,64.9375,65.0163,13900.16,0.795767,92.768728
997.200,92.4695,300.0000,64.9375,65.0164,13898.18,0.795427,92.768728
997.300,92.4695,300.0000,65.0000,65.0166,13896.33,0.795109,92.768728
997.400,92.4695,300.0000,65.0000,65.0168,13894.60,0.794813,92.768728
997.500,92.4695,300.0000,65.0000,65.0170,13892.99,0.794536,92.768728
997.600,92.4695,300.0000,64.9375,65.0172,13891.49,0.794278,92.768728
997.700,92.4695,300.0000,65.0000,65.0174,13890.09,0.794037,92.768728
997.800,92.4695,300.0000,64.9375,65.0176,13888.77,0.793813,92.768728
997.900,92.4695,300.0000,65.0625,65.0179,13887.55,0.793603,92.768728
998.000,93.0747,300.0000,65.0000,65.0180,13892.46,0.794445,92.775532
998.100,93.0747,300.0000,65.0000,65.0182,13897.05,0.795232,92.775532
998.200,93.0747,300.0000,65.0000,65.0183,13901.32,0.795966,92.775532
998.300,93.0747,300.0000,65.0000,65.0184,13905.32,0.796652,92.775532
998.400,93.0747,300.0000,65.0625,65.0185,13909.04,0.797293,92.775532
998.500,93.0747,300.0000,65.0625,65.0185,13912.52,0.797891,92.775532
998.600,93.0747,300.0000,65.0000,65.0185,13915.77,0.798450,92.775532
998.700,93.0747,300.0000,65.0625,65.0185,13918.80,0.798971,92.775532
998.800,93.0747,300.0000,65.0000,65.0184,13921.62,0.799458,92.775532
998.900,93.0747,300.0000,65.0625,65.0184,13924.26,0.799913,92.775532
999.000,93.0815,300.0000,65.0625,65.0183,13926.79,0.800349,92.782336
999.100,93.0815,300.0000,65.0625,65.0182,13929.16,0.800757,92.782336
999.200,93.0815,300.0000,65.0000,65.0181,13931.36,0.801137,92.782336
999.300,93.0815,300.0000,65.0000,65.0179,13933.42,0.801492,92.782336
999.400,93.0815,300.0000,65.0625,65.0178,13935.34,0.801824,92.782336
999.500,93.0815,300.0000,65.0000,65.0176,13937.13,0.802133,92.782336
999.600,93.0815,300.0000,65.0625,65.0174,13938.80,0.802422,92.782336
999.700,93.0815,300.0000,65.0625,65.0172,13940.37,0.802692,92.782336
999.800,93.0815,300.0000,65.0625,65.0170,13941.82,0.802944,92.782336
999.900,93.0815,300.0000,65.0625,65.0168,13943.18,0.803179,92.782336
1000.000,93.0883,300.0000,64.9375,65.0165,13944.52,0.803410,92.789141
1000.100,93.0883,300.0000,65.0000,65.0163,13945.77,0.803626,92.789141
1000.200,93.0883,300.0000,64.9375,65.0160,13946.94,0.803827,92.789141
1000.300,93.0883,300.0000,65.0625,65.0158,13948.02,0.804015,92.789141
1000.400,93.0883,300.0000,64.9375,65.0155,13949.04,0.804191,92.789141
1000.500,93.0883,300.0000,65.0625,65.0152,13949.99,0.804355,92.789141
1000.600,93.0883,300.0000,65.0000,65.0150,13950.87,0.804508,92.789141
1000.700,93.0883,300.0000,65.0000,65.0147,13951.70,0.804650,92.789141
1000.800,93.0883,300.0000,64.9375,65.0144,13952.47,0.804784,92.789141
1000.900,93.0883,300.0000,65.0000,65.0141,13953.19,0.804908,92.789141
1001.000,92.7891,300.0000,65.0625,65.0138,13950.86,0.804506,92.789141
1001.100,92.7891,300.0000,64.8750,65.0135,13948.70,0.804132,92.789141
1001.200,92.7891,300.0000,64.9375,65.0133,13946.68,0.803782,92.789141
1001.300,92.7891,300.0000,65.0000,65.0131,13944.79,0.803456,92.789141
1001.400,92.7891,300.0000,65.0000,65.0129,13943.03,0.803152,92.789141
1001.500,92.7891,300.0000,65.0000,65.0127,13941.38,0.802868,92.789141
1001.600,92.7891,300.0000,65.0000,65.0125,13939.85,0.802603,92.789141
1001.700,92.7891,300.0000,65.0625,65.0123,13938.42,0.802355,92.789141
1001.800,92.7891,300.0000,65.0000,65.0121,13937.08,0.802124,92.789141
1001.900,92.7891,300.0000,65.0625,65.0120,13935.83,0.801909,92.789141
1002.000,93.0951,300.0000,65.0000,65.0118,13937.73,0.802236,92.795945
1002.100,93.0951,300.0000,65.0625,65.0116,13939.50,0.802542,92.795945
1002.200,93.0951,300.0000,65.0000,65.0115,13941.15,0.802827,92.795945
1002.300,93.0951,300.0000,65.1250,65.0112,13942.69,0.803094,92.795945
1002.400,93.0951,300.0000,65.0625,65.0110,13944.13,0.803342,92.795945
1002.500,93.0951,300.0000,64.9375,65.0108,13945.47,0.803574,92.795945
1002.600,93.0951,300.0000,65.0000,65.0106,13946.73,0.803791,92.795945
1002.700,93.0951,300.0000,65.0000,65.0103,13947.90,0.803993,92.795945
1002.800,93.0951,300.0000,65.0000,65.0101,13948.99,0.804182,92.795945
1002.900,93.0951,300.0000,65.0000,65.0098,13950.01,0.804358,92.795945
1003.000,92.7959,300.0000,65.0000,65.0096,13947.97,0.804005,92.795945
1003.100,92.7959,300.0000,65.0000,65.0093,13946.06,0.803676,92.795945
1003.200,92.7959,300.0000,65.0625,65.0091,13944.28,0.803368,92.795945
1003.300,92.7959,300.0000,65.0625,65.0089,13942.62,0.803082,92.795945
1003.400,92.7959,300.0000,65.0000,65.0087,13941.07,0.802814,92.795945
1003.500,92.7959,300.0000,65.0000,65.0086,13939.63,0.802564,92.795945
1003.600,92.7959,300.0000,65.0625,65.0084,13938.28,0.802331,92.795945
1003.700,92.7959,300.0000,64.9375,65.0082,13937.02,0.802114,92.795945
1003.800,92.7959,300.0000,65.0000,65.0081,13935.85,0.801911,92.795945
1003.900,92.7959,300.0000,65.0000,65.0080,13934.75,0.801722,92.795945
1004.000,92.7959,300.0000,64.9375,65.0078,13933.72,0.801545,92.795945
1004.100,92.7959,300.0000,65.0000,65.0077,13932.77,0.801380,92.795945
1004.200,92.7959,300.0000,65.0000,65.0076,13931.88,0.801226,92.795945
1004.300,92.7959,300.0000,65.0625,65.0075,13931.05,0.801083,92.795945
1004.400,92.7959,300.0000,65.0000,65.0074,13930.27,0.800949,92.795945
1004.500,92.7959,300.0000,65.0000,65.0073,13929.54,0.800824,92.795945
1004.600,92.7959,300.0000,65.0000,65.0073,13928.87,0.800707,92.795945
1004.700,92.7959,300.0000,65.0625,65.0072,13928.23,0.800598,92.795945
1004.800,92.7959,300.0000,65.0625,65.0071,13927.65,0.800496,92.795945
1004.900,92.7959,300.0000,65.0000,65.0070,13927.09,0.800401,92.795945
1005.000,92.7959,300.0000,65.0625,65.0070,13926.58,0.800313,92.795945
1005.100,92.7959,300.0000,64.9375,65.0069,13926.10,0.800230,92.795945
1005.200,92.7959,300.0000,65.0000,65.0069,13925.65,0.800153,92.795945
1005.300,92.7959,300.0000,65.1250,65.0068,13925.24,0.800081,92.795945
1005.400,92.7959,300.0000,65.0000,65.0068,13924.85,0.800014,92.795945
1005.500,92.7959,300.0000,65.0000,65.0067,13924.48,0.799951,92.795945
1005.600,92.7959,300.0000,65.1250,65.0067,13924.14,0.799893,92.795945
1005.700,92.7959,300.0000,65.0000,65.0067,13923.83,0.799838,92.795945
1005.800,92.7959,300.0000,65.0000,65.0066,13923.53,0.799787,92.795945
1005.900,92.7959,300.0000,65.0625,65.0066,13923.26,0.799740,92.795945
1006.000,93.1019,300.0000,65.1250,65.0065,13926.06,0.800223,92.802749
1006.100,93.1019,300.0000,65.0000,65.0065,13928.67,0.800674,92.802749
1006.200,93.1019,300.0000,65.0625,65.0064,13931.11,0.801095,92.802749
1006.300,93.1019,300.0000,65.0000,65.0062,13933.39,0.801488,92.802749
1006.400,93.1019,300.0000,65.0625,65.0061,13935.52,0.801855,92.802749
1006.500,93.1019,300.0000,65.1250,65.0060,13937.50,0.802197,92.802749
1006.600,93.1019,300.0000,65.0000,65.0058,13939.36,0.802517,92.802749
1006.700,93.1019,300.0000,64.9375,65.0056,13941.09,0.802816,92.802749
1006.800,93.1019,300.0000,65.0000,65.0054,13942.70,0.803095,92.802749
1006.900,93.1019,300.0000,64.9375,65.0052,13944.21,0.803355,92.802749
1007.000,92.4967,300.0000,64.8750,65.0050,13939.56,0.802552,92.795945
1007.100,92.4967,300.0000,65.0625,65.0049,13935.22,0.801804,92.795945
1007.200,92.4967,300.0000,65.0000,65.0048,13931.18,0.801105,92.795945
1007.300,92.4967,300.0000,65.0625,65.0048,13927.40,0.800454,92.795945
1007.400,92.4967,300.0000,65.0000,65.0047,13923.87,0.799846,92.795945
1007.500,92.4967,300.0000,65.0625,65.0047,13920.58,0.799279,92.795945
1007.600,92.4967,300.0000,64.9375,65.0047,13917.51,0.798750,92.795945
1007.700,92.4967,300.0000,65.0000,65.0048,13914.64,0.798257,92.795945
1007.800,92.4967,300.0000,65.0000,65.0048,13911.97,0.797796,92.795945
1007.900,92.4967,300.0000,64.9375,65.0049,13909.47,0.797367,92.795945
1008.000,92.4899,300.0000,65.0000,65.0050,13907.07,0.796954,92.789141
1008.100,92.4899,300.0000,64.9375,65.0052,13904.83,0.796569,92.789141
1008.200,92.4899,300.0000,65.0625,65.0053,13902.74,0.796210,92.789141
1008.300,92.4899,300.0000,65.0625,65.0055,13900.79,0.795875,92.789141
1008.400,92.4899,300.0000,65.0625,65.0056,13898.97,0.795563,92.789141
1008.500,92.4899,300.0000,65.0000,65.0058,13897.28,0.795271,92.789141
1008.600,92.4899,300.0000,65.0000,65.0060,13895.69,0.794999,92.789141
1008.700,92.4899,300.0000,65.0000,65.0062,13894.21,0.794745,92.789141
1008.800,92.4899,300.0000,65.0625,65.0064,13892.83,0.794508,92.789141
1008.900,92.4899,300.0000,65.0625,65.0067,13891.54,0.794287,92.789141
1009.000,93.0951,300.0000,64.9375,65.0069,13896.39,0.795119,92.795945
1009.100,93.0951,300.0000,65.0000,65.0070,13900.91,0.795896,92.795945
1009.200,93.0951,300.0000,65.0625,65.0071,13905.14,0.796622,92.795945
1009.300,93.0951,300.0000,65.0000,65.0072,13909.08,0.797299,92.795945
1009.400,93.0951,300.0000,65.0625,65.0073,13912.76,0.797932,92.795945
1009.500,93.0951,300.0000,64.9375,65.0073,13916.19,0.798523,92.795945
1009.600,93.0951,300.0000,65.0000,65.0073,13919.40,0.799075,92.795945
1009.700,93.0951,300.0000,65.0625,65.0073,13922.39,0.799590,92.795945
1009.800,93.0951,300.0000,65.0625,65.0072,13925.18,0.800072,92.795945
1009.900,93.0951,300.0000,65.0625,65.0071,13927.79,0.800521,92.795945
1010.000,93.1019,300.0000,64.9375,65.0070,13930.29,0.800952,92.802749
1010.100,93.1019,300.0000,65.0625,65.0069,13932.62,0.801355,92.802749
1010.200,93.1019,300.0000,65.0000,65.0068,13934.80,0.801731,92.802749
1010.300,93.1019,300.0000,65.0625,65.0067,13936.83,0.802081,92.802749
1010.400,93.1019,300.0000,64.9375,65.0065,13938.73,0.802409,92.802749
1010.500,93.1019,300.0000,65.0000,65.0063,13940.50,0.802715,92.802749
1010.600,93.1019,300.0000,65.0000,65.0061,13942.15,0.803000,92.802749
1010.700,93.1019,300.0000,65.0000,65.0059,13943.70,0.803267,92.802749
1010.800,93.1019,300.0000,65.0000,65.0057,13945.14,0.803516,92.802749
1010.900,93.1019,300.0000,64.9375,65.0055,13946.48,0.803748,92.802749
1011.000,92.4967,300.0000,65.0625,65.0053,13941.68,0.802919,92.795945
1011.100,92.4967,300.0000,65.0000,65.0052,13937.20,0.802146,92.795945
1011.200,92.4967,300.0000,65.0000,65.0050,13933.02,0.801424,92.795945
1011.300,92.4967,300.0000,65.0625,65.0050,13929.12,0.800751,92.795945
1011.400,92.4967,300.0000,65.0000,65.0049,13925.48,0.800123,92.795945
1011.500,92.4967,300.0000,65.0000,65.0049,13922.08,0.799538,92.795945
1011.600,92.4967,300.0000,65.0000,65.0049,13918.91,0.798992,92.795945
1011.700,92.4967,300.0000,65.0000,65.0049,13915.95,0.798482,92.795945
1011.800,92.4967,300.0000,65.0625,65.0050,13913.19,0.798006,92.795945
1011.900,92.4967,300.0000,65.0625,65.0051,13910.61,0.797563,92.795945
1012.000,93.1019,300.0000,65.0000,65.0051,13914.26,0.798190,92.802749
1012.100,93.1019,300.0000,65.0625,65.0051,13917.66,0.798776,92.802749
1012.200,93.1019,300.0000,65.0000,65.0051,13920.84,0.799323,92.802749
1012.300,93.1019,300.0000,65.0625,65.0051,13923.80,0.799833,92.802749
1012.400,93.1019,300.0000,65.0625,65.0050,13926.56,0.800310,92.802749
1012.500,93.1019,300.0000,65.0625,65.0050,13929.15,0.800755,92.802749
1012.600,93.1019,300.0000,65.0625,65.0049,13931.56,0.801171,92.802749
1012.700,93.1019,300.0000,65.0000,65.0047,13933.81,0.801559,92.802749
1012.800,93.1019,300.0000,64.9375,65.0046,13935.90,0.801921,92.802749
1012.900,93.1019,300.0000,65.0000,65.0045,13937.86,0.802259,92.802749
1013.000,92.8027,300.0000,65.0000,65.0043,13936.70,0.802059,92.802749
1013.100,92.8027,300.0000,64.9375,65.0042,13935.61,0.801871,92.802749
1013.200,92.8027,300.0000,65.0000,65.0041,13934.60,0.801696,92.802749
1013.300,92.8027,300.0000,64.9375,65.0039,13933.66,0.801533,92.802749
1013.400,92.8027,300.0000,65.0625,65.0038,13932.77,0.801381,92.802749
1013.500,92.8027,300.0000,65.0000,65.0037,13931.95,0.801238,92.802749
1013.600,92.8027,300.0000,65.0000,65.0036,13931.18,0.801106,92.802749
1013.700,92.8027,300.0000,65.0625,65.0036,13930.46,0.800982,92.802749
1013.800,92.8027,300.0000,65.0000,65.0035,13929.79,0.800866,92.802749
1013.900,92.8027,300.0000,65.0625,65.0034,13929.17,0.800759,92.802749
1014.000,93.1087,300.0000,65.0000,65.0033,13931.64,0.801186,92.809553
1014.100,93.1087,300.0000,65.0625,65.0032,13933.95,0.801585,92.809553
1014.200,93.1087,300.0000,65.0000,65.0031,13936.11,0.801957,92.809553
1014.300,93.1087,300.0000,65.0000,65.0029,13938.12,0.802305,92.809553
1014.400,93.1087,300.0000,65.0000,65.0028,13940.00,0.802629,92.809553
1014.500,93.1087,300.0000,65.0000,65.0026,13941.76,0.802932,92.809553
1014.600,93.1087,300.0000,65.0000,65.0024,13943.39,0.803215,92.809553
1014.700,93.1087,300.0000,65.0000,65.0022,13944.92,0.803479,92.809553
1014.800,93.1087,300.0000,65.0000,65.0020,13946.35,0.803726,92.809553
1014.900,93.1087,300.0000,65.0625,65.0017,13947.68,0.803956,92.809553
1015.000,93.1156,300.0000,65.0625,65.0015,13948.99,0.804182,92.816358
1015.100,93.1156,300.0000,65.0625,65.0013,13950.21,0.804394,92.816358
1015.200,93.1156,300.0000,65.0625,65.0010,13951.35,0.804591,92.816358
1015.300,93.1156,300.0000,65.0625,65.0007,13952.42,0.804776,92.816358
1015.400,93.1156,300.0000,64.9375,65.0005,13953.41,0.804948,92.816358
1015.500,93.1156,300.0000,65.0625,65.0002,13954.34,0.805108,92.816358
1015.600,93.1156,300.0000,65.0625,64.9999,13955.21,0.805258,92.816358
1015.700,93.1156,300.0000,65.0625,64.9996,13956.02,0.805398,92.816358
1015.800,93.1156,300.0000,65.0625,64.9993,13956.77,0.805529,92.816358
1015.900,93.1156,300.0000,65.0000,64.9990,13957.47,0.805651,92.816358
1016.000,92.8164,300.0000,65.0000,64.9987,13955.14,0.805246,92.816358
1016.100,92.8164,300.0000,65.0000,64.9985,13952.96,0.804869,92.816358
1016.200,92.8164,300.0000,65.0000,64.9982,13950.93,0.804517,92.816358
1016.300,92.8164,300.0000,64.8750,64.9980,13949.03,0.804189,92.816358
1016.400,92.8164,300.0000,65.0000,64.9978,13947.26,0.803883,92.816358
1016.500,92.8164,300.0000,65.0625,64.9976,13945.60,0.803597,92.816358
1016.600,92.8164,300.0000,65.0000,64.9974,13944.06,0.803330,92.816358
1016.700,92.8164,300.0000,65.0000,64.9972,13942.62,0.803081,92.816358
1016.800,92.8164,300.0000,64.9375,64.9971,13941.28,0.802849,92.816358
1016.900,92.8164,300.0000,64.8750,64.9969,13940.02,0.802632,92.816358
1017.000,92.2044,300.0000,65.0000,64.9968,13932.73,0.801373,92.802749
1017.100,92.2044,300.0000,65.0625,64.9968,13925.92,0.800200,92.802749
1017.200,92.2044,300.0000,65.0625,64.9968,13919.57,0.799105,92.802749
1017.300,92.2044,300.0000,65.0625,64.9969,13913.65,0.798085,92.802749
1017.400,92.2044,300.0000,65.0625,64.9970,13908.11,0.797133,92.802749
1017.500,92.2044,300.0000,64.9375,64.9972,13902.95,0.796245,92.802749
1017.600,92.2044,300.0000,65.0625,64.9974,13898.13,0.795418,92.802749
1017.700,92.2044,300.0000,64.8750,64.9976,13893.63,0.794646,92.802749
1017.800,92.2044,300.0000,65.0625,64.9979,13889.43,0.793925,92.802749
1017.900,92.2044,300.0000,65.0000,64.9982,13885.51,0.793254,92.802749
1018.000,92.8027,300.0000,64.9375,64.9984,13887.84,0.793652,92.802749
1018.100,92.8027,300.0000,65.1250,64.9987,13890.01,0.794025,92.802749
1018.200,92.8027,300.0000,65.0625,64.9989,13892.04,0.794372,92.802749
1018.300,92.8027,300.0000,64.9375,64.9992,13893.93,0.794697,92.802749
1018.400,92.8027,300.0000,65.0625,64.9994,13895.70,0.795000,92.802749
1018.500,92.8027,300.0000,65.0000,64.9996,13897.34,0.795283,92.802749
1018.600,92.8027,300.0000,64.9375,64.9998,13898.88,0.795547,92.802749
1018.700,92.8027,300.0000,64.8750,64.9999,13900.32,0.795793,92.802749
1018.800,92.8027,300.0000,64.9375,65.0001,13901.66,0.796023,92.802749
1018.900,92.8027,300.0000,65.0000,65.0002,13902.91,0.796238,92.802749
1019.000,92.8027,300.0000,65.0000,65.0004,13904.07,0.796439,92.802749
1019.100,92.8027,300.0000,65.0625,65.0005,13905.16,0.796626,92.802749
1019.200,92.8027,300.0000,65.0000,65.0006,13906.18,0.796801,92.802749
1019.300,92.8027,300.0000,65.0000,65.0008,13907.13,0.796964,92.802749
1019.400,92.8027,300.0000,64.8750,65.0009,13908.01,0.797116,92.802749
1019.500,92.8027,300.0000,65.1250,65.0010,13908.84,0.797258,92.802749
1019.600,92.8027,300.0000,64.9375,65.0011,13909.61,0.797391,92.802749
1019.700,92.8027,300.0000,64.9375,65.0011,13910.33,0.797515,92.802749
1019.800,92.8027,300.0000,65.0000,65.0012,13911.00,0.797630,92.802749
1019.900,92.8027,300.0000,65.0000,65.0013,13911.63,0.797738,92.802749
1020.000,92.8027,300.0000,65.0000,65.0014,13912.22,0.797839,92.802749
1020.100,92.8027,300.0000,64.9375,65.0014,13912.76,0.797933,92.802749
1020.200,92.8027,300.0000,65.0000,65.0015,13913.27,0.798021,92.802749
1020.300,92.8027,300.0000,65.0625,65.0015,13913.75,0.798103,92.802749
1020.400,92.8027,300.0000,65.0625,65.0016,13914.19,0.798179,92.802749
1020.500,92.8027,300.0000,65.0000,65.0017,13914.61,0.798250,92.802749
1020.600,92.8027,300.0000,65.0625,65.0017,13914.99,0.798317,92.802749
1020.700,92.8027,300.0000,65.0000,65.0017,13915.36,0.798379,92.802749
1020.800,92.8027,300.0000,65.0000,65.0018,13915.69,0.798437,92.802749
1020.900,92.8027,300.0000,64.9375,65.0018,13916.01,0.798491,92.802749
1021.000,92.4967,300.0000,64.9375,65.0019,13913.24,0.798015,92.795945
1021.100,92.4967,300.0000,65.0625,65.0020,13910.66,0.797571,92.795945
1021.200,92.4967,300.0000,65.0000,65.0021,13908.25,0.797157,92.795945
1021.300,92.4967,300.0000,65.0000,65.0022,13906.00,0.796770,92.795945
1021.400,92.4967,300.0000,64.8750,65.0023,13903.90,0.796409,92.795945
1021.500,92.4967,300.0000,64.9375,65.0025,13901.94,0.796073,92.795945
1021.600,92.4967,300.0000,65.0000,65.0026,13900.11,0.795758,92.795945
1021.700,92.4967,300.0000,65.0625,65.0028,13898.41,0.795465,92.795945
1021.800,92.4967,300.0000,65.0000,65.0030,13896.81,0.795192,92.795945
1021.900,92.4967,300.0000,64.9375,65.0032,13895.33,0.794937,92.795945
1022.000,92.4899,300.0000,65.0000,65.0034,13893.87,0.794687,92.789141
1022.100,92.4899,300.0000,64.8750,65.0037,13892.51,0.794454,92.789141
1022.200,92.4899,300.0000,65.0000,65.0039,13891.24,0.794236,92.789141
1022.300,92.4899,300.0000,64.9375,65.0042,13890.06,0.794033,92.789141
1022.400,92.4899,300.0000,65.0000,65.0044,13888.96,0.793844,92.789141
1022.500,92.4899,300.0000,65.0000,65.0047,13887.93,0.793667,92.789141
1022.600,92.4899,300.0000,65.0000,65.0050,13886.96,0.793502,92.789141
1022.700,92.4899,300.0000,64.9375,65.0052,13886.07,0.793348,92.789141
1022.800,92.4899,300.0000,64.9375,65.0055,13885.23,0.793204,92.789141
1022.900,92.4899,300.0000,65.0000,65.0058,13884.44,0.793070,92.789141
1023.000,92.7891,300.0000,65.0625,65.0061,13886.71,0.793458,92.789141
1023.100,92.7891,300.0000,65.0000,65.0063,13888.82,0.793820,92.789141
1023.200,92.7891,300.0000,65.0625,65.0066,13890.79,0.794158,92.789141
1023.300,92.7891,300.0000,65.0000,65.0068,13892.63,0.794473,92.789141
1023.400,92.7891,300.0000,64.9375,65.0070,13894.34,0.794768,92.789141
1023.500,92.7891,300.0000,65.0000,65.0072,13895.94,0.795043,92.789141
1023.600,92.7891,300.0000,65.0000,65.0074,13897.44,0.795299,92.789141
1023.700,92.7891,300.0000,64.9375,65.0075,13898.84,0.795539,92.789141
1023.800,92.7891,300.0000,65.0000,65.0077,13900.14,0.795763,92.789141
1023.900,92.7891,300.0000,65.0625,65.0078,13901.35,0.795971,92.789141
1024.000,93.0951,300.0000,65.0625,65.0080,13905.55,0.796692,92.795945
1024.100,93.0951,300.0000,65.0000,65.0080,13909.46,0.797365,92.795945
1024.200,93.0951,300.0000,65.0000,65.0081,13913.12,0.797994,92.795945
1024.300,93.0951,300.0000,65.0000,65.0081,13916.53,0.798581,92.795945
1024.400,93.0951,300.0000,65.0625,65.0081,13919.71,0.799129,92.795945
1024.500,93.0951,300.0000,65.0625,65.0081,13922.68,0.799641,92.795945
1024.600,93.0951,300.0000,65.0625,65.0080,13925.45,0.800118,92.795945
1024.700,93.0951,300.0000,65.0000,65.0079,13928.04,0.800565,92.795945
1024.800,93.0951,300.0000,65.0000,65.0078,13930.46,0.800981,92.795945
1024.900,93.0951,300.0000,65.0625,65.0077,13932.71,0.801370,92.795945
1025.000,93.1019,300.0000,65.0000,65.0076,13934.88,0.801745,92.802749
1025.100,93.1019,300.0000,65.0000,65.0074,13936.91,0.802095,92.802749
1025.200,93.1019,300.0000,65.0000,65.0073,13938.80,0.802422,92.802749
1025.300,93.1019,300.0000,64.9375,65.0071,13940.57,0.802727,92.802749
1025.400,93.1019,300.0000,65.0000,65.0069,13942.22,0.803011,92.802749
1025.500,93.1019,300.0000,65.0625,65.0067,13943.75,0.803277,92.802749
1025.600,93.1019,300.0000,65.0625,65.0065,13945.19,0.803525,92.802749
1025.700,93.1019,300.0000,65.0000,65.0063,13946.53,0.803757,92.802749
1025.800,93.1019,300.0000,65.0000,65.0060,13947.78,0.803973,92.802749
1025.900,93.1019,300.0000,65.0625,65.0058,13948.95,0.804175,92.802749
1026.000,93.1087,300.0000,65.0625,65.0055,13950.11,0.804375,92.809553
1026.100,93.1087,300.0000,64.9375,65.0053,13951.19,0.804562,92.809553
1026.200,93.1087,300.0000,64.9375,65.0050,13952.19,0.804737,92.809553
1026.300,93.1087,300.0000,64.9375,65.0047,13953.14,0.804900,92.809553
1026.400,93.1087,300.0000,65.1250,65.0044,13954.01,0.805052,92.809553
1026.500,93.1087,300.0000,65.0000,65.0041,13954.83,0.805194,92.809553
1026.600,93.1087,300.0000,65.0625,65.0038,13955.60,0.805326,92.809553
1026.700,93.1087,300.0000,65.0000,65.0035,13956.31,0.805450,92.809553
1026.800,93.1087,300.0000,65.0625,65.0032,13956.98,0.805565,92.809553
1026.900,93.1087,300.0000,65.0000,65.0029,13957.60,0.805673,92.809553
1027.000,92.8096,300.0000,65.0625,65.0026,13955.19,0.805255,92.809553
1027.100,92.8096,300.0000,65.0000,65.0024,13952.94,0.804866,92.809553
1027.200,92.8096,300.0000,65.0625,65.0021,13950.84,0.804502,92.809553
1027.300,92.8096,300.0000,64.9375,65.0019,13948.88,0.804163,92.809553
1027.400,92.8096,300.0000,65.0625,65.0017,13947.05,0.803847,92.809553
1027.500,92.8096,300.0000,65.0625,65.0015,13945.34,0.803552,92.809553
1027.600,92.8096,300.0000,65.0000,65.0013,13943.75,0.803276,92.809553
1027.700,92.8096,300.0000,65.0625,65.0011,13942.26,0.803019,92.809553
1027.800,92.8096,300.0000,65.0000,65.0009,13940.87,0.802779,92.809553
1027.900,92.8096,300.0000,65.0625,65.0008,13939.58,0.802555,92.809553
1028.000,93.1156,300.0000,65.0000,65.0006,13941.43,0.802875,92.816358
1028.100,93.1156,300.0000,65.0625,65.0004,13943.15,0.803173,92.816358
1028.200,93.1156,300.0000,65.0000,65.0002,13944.77,0.803452,92.816358
1028.300,93.1156,300.0000,65.0000,65.0000,13946.27,0.803712,92.816358
1028.400,93.1156,300.0000,64.9375,64.9998,13947.67,0.803955,92.816358
1028.500,93.1156,300.0000,64.9375,64.9995,13948.98,0.804181,92.816358
1028.600,93.1156,300.0000,65.0625,64.9993,13950.21,0.804393,92.816358
1028.700,93.1156,300.0000,65.0000,64.9991,13951.35,0.804590,92.816358
1028.800,93.1156,300.0000,65.0000,64.9988,13952.42,0.804775,92.816358
1028.900,93.1156,300.0000,65.0000,64.9985,13953.41,0.804947,92.816358
1029.000,92.8164,300.0000,65.1250,64.9983,13951.35,0.804590,92.816358
1029.100,92.8164,300.0000,65.0000,64.9981,13949.42,0.804257,92.816358
1029.200,92.8164,300.0000,65.1250,64.9978,13947.62,0.803946,92.816358
1029.300,92.8164,300.0000,65.1250,64.9976,13945.94,0.803656,92.816358
1029.400,92.8164,300.0000,65.0000,64.9974,13944.38,0.803385,92.816358
1029.500,92.8164,300.0000,65.1250,64.9973,13942.92,0.803132,92.816358
1029.600,92.8164,300.0000,65.0625,64.9971,13941.55,0.802897,92.816358
1029.700,92.8164,300.0000,65.0625,64.9970,13940.28,0.802677,92.816358
1029.800,92.8164,300.0000,65.0625,64.9968,13939.09,0.802471,92.816358
1029.900,92.8164,300.0000,65.0000,64.9967,13937.98,0.802280,92.816358
1030.000,92.8164,300.0000,65.0000,64.9966,13936.95,0.802101,92.816358
1030.100,92.8164,300.0000,64.9375,64.9964,13935.98,0.801934,92.816358
1030.200,92.8164,300.0000,65.0000,64.9963,13935.08,0.801779,92.816358
1030.300,92.8164,300.0000,64.9375,64.9962,13934.24,0.801633,92.816358
1030.400,92.8164,300.0000,65.1250,64.9961,13933.45,0.801498,92.816358
1030.500,92.8164,300.0000,64.9375,64.9960,13932.72,0.801371,92.816358
1030.600,92.8164,300.0000,65.1250,64.9960,13932.03,0.801253,92.816358
1030.700,92.8164,300.0000,65.0625,64.9959,13931.40,0.801143,92.816358
1030.800,92.8164,300.0000,64.9375,64.9958,13930.80,0.801040,92.816358
1030.900,92.8164,300.0000,65.0000,64.9957,13930.24,0.800944,92.816358
1031.000,92.8164,300.0000,65.1250,64.9957,13929.72,0.800855,92.816358
1031.100,92.8164,300.0000,65.0625,64.9956,13929.24,0.800771,92.816358
1031.200,92.8164,300.0000,65.0000,64.9956,13928.79,0.800693,92.816358
1031.300,92.8164,300.0000,65.0000,64.9955,13928.36,0.800620,92.816358
1031.400,92.8164,300.0000,65.0000,64.9955,13927.97,0.800552,92.816358
1031.500,92.8164,300.0000,65.0000,64.9954,13927.60,0.800489,92.816358
1031.600,92.8164,300.0000,64.9375,64.9954,13927.26,0.800430,92.816358
1031.700,92.8164,300.0000,65.0625,64.9953,13926.94,0.800374,92.816358
1031.800,92.8164,300.0000,65.0625,64.9953,13926.64,0.800323,92.816358
1031.900,92.8164,300.0000,65.0625,64.9953,13926.36,0.800275,92.816358
1032.000,93.1224,300.0000,65.0000,64.9952,13929.16,0.800758,92.823162
1032.100,93.1224,300.0000,65.0000,64.9951,13931.77,0.801208,92.823162
1032.200,93.1224,300.0000,65.0000,64.9950,13934.21,0.801629,92.823162
1032.300,93.1224,300.0000,65.0625,64.9949,13936.49,0.802022,92.823162
1032.400,93.1224,300.0000,65.0000,64.9948,13938.61,0.802389,92.823162
1032.500,93.1224,300.0000,65.0000,64.9946,13940.60,0.802731,92.823162
1032.600,93.1224,300.0000,65.0625,64.9945,13942.45,0.803051,92.823162
1032.700,93.1224,300.0000,64.9375,64.9943,13944.17,0.803349,92.823162
1032.800,93.1224,300.0000,65.0000,64.9941,13945.78,0.803628,92.823162
1032.900,93.1224,300.0000,65.0000,64.9939,13947.29,0.803888,92.823162
1033.000,92.8232,300.0000,65.0000,64.9937,13945.70,0.803614,92.823162
1033.100,92.8232,300.0000,65.0000,64.9935,13944.22,0.803358,92.823162
1033.200,92.8232,300.0000,64.9375,64.9934,13942.84,0.803119,92.823162
1033.300,92.8232,300.0000,65.0000,64.9932,13941.55,0.802896,92.823162
1033.400,92.8232,300.0000,65.1250,64.9931,13940.34,0.802687,92.823162
1033.500,92.8232,300.0000,65.0000,64.9929,13939.22,0.802493,92.823162
1033.600,92.8232,300.0000,65.0625,64.9928,13938.17,0.802312,92.823162
1033.700,92.8232,300.0000,64.9375,64.9927,13937.19,0.802143,92.823162
1033.800,92.8232,300.0000,65.0625,64.9926,13936.27,0.801985,92.823162
1033.900,92.8232,300.0000,64.9375,64.9925,13935.42,0.801838,92.823162
1034.000,92.5172,300.0000,65.0000,64.9924,13931.56,0.801172,92.816358
1034.100,92.5172,300.0000,64.9375,64.9924,13927.96,0.800551,92.816358
1034.200,92.5172,300.0000,65.0000,64.9923,13924.61,0.799972,92.816358
1034.300,92.5172,300.0000,65.0625,64.9924,13921.47,0.799432,92.816358
1034.400,92.5172,300.0000,64.9375,64.9924,13918.54,0.798928,92.816358
1034.500,92.5172,300.0000,65.0000,64.9925,13915.81,0.798458,92.816358
1034.600,92.5172,300.0000,64.9375,64.9925,13913.26,0.798019,92.816358
1034.700,92.5172,300.0000,65.0000,64.9926,13910.88,0.797610,92.816358
1034.800,92.5172,300.0000,64.9375,64.9928,13908.66,0.797228,92.816358
1034.900,92.5172,300.0000,65.0000,64.9929,13906.59,0.796871,92.816358
1035.000,92.8164,300.0000,65.0625,64.9930,13907.65,0.797053,92.816358
1035.100,92.8164,300.0000,65.0625,64.9931,13908.64,0.797223,92.816358
1035.200,92.8164,300.0000,65.0000,64.9932,13909.56,0.797381,92.816358
1035.300,92.8164,300.0000,64.9375,64.9933,13910.42,0.797529,92.816358
1035.400,92.8164,300.0000,65.0000,64.9934,13911.22,0.797667,92.816358
1035.500,92.8164,300.0000,64.9375,64.9935,13911.97,0.797796,92.816358
1035.600,92.8164,300.0000,65.0000,64.9936,13912.67,0.797916,92.816358
1035.700,92.8164,300.0000,65.0000,64.9937,13913.32,0.798029,92.816358
1035.800,92.8164,300.0000,65.0000,64.9938,13913.93,0.798133,92.816358
1035.900,92.8164,300.0000,65.0625,64.9938,13914.50,0.798231,92.816358
1036.000,93.1224,300.0000,65.0000,64.9939,13918.09,0.798849,92.823162
1036.100,93.1224,300.0000,65.0000,64.9939,13921.44,0.799426,92.823162
1036.200,93.1224,300.0000,64.9375,64.9939,13924.57,0.799965,92.823162
1036.300,93.1224,300.0000,65.0625,64.9938,13927.48,0.800469,92.823162
1036.400,93.1224,300.0000,65.0000,64.9938,13930.21,0.800939,92.823162
1036.500,93.1224,300.0000,65.0000,64.9937,13932.75,0.801377,92.823162
1036.600,93.1224,300.0000,65.0000,64.9936,13935.13,0.801787,92.823162
1036.700,93.1224,300.0000,65.0000,64.9935,13937.34,0.802169,92.823162
1036.800,93.1224,300.0000,65.0625,64.9933,13939.41,0.802526,92.823162
1036.900,93.1224,300.0000,64.9375,64.9932,13941.34,0.802860,92.823162
1037.000,92.5172,300.0000,65.0000,64.9931,13937.09,0.802125,92.816358
1037.100,92.5172,300.0000,64.9375,64.9930,13933.12,0.801441,92.816358
1037.200,92.5172,300.0000,65.0625,64.9929,13929.42,0.800802,92.816358
1037.300,92.5172,300.0000,64.9375,64.9929,13925.96,0.800206,92.816358
1037.400,92.5172,300.0000,65.0000,64.9929,13922.73,0.799650,92.816358
1037.500,92.5172,300.0000,65.0000,64.9929,13919.72,0.799131,92.816358
1037.600,92.5172,300.0000,64.9375,64.9930,13916.91,0.798647,92.816358
1037.700,92.5172,300.0000,64.9375,64.9930,13914.29,0.798196,92.816358
1037.800,92.5172,300.0000,65.0000,64.9931,13911.84,0.797775,92.816358
1037.900,92.5172,300.0000,65.0000,64.9932,13909.56,0.797382,92.816358
1038.000,92.8164,300.0000,65.0000,64.9933,13910.42,0.797530,92.816358
1038.100,92.8164,300.0000,65.0000,64.9934,13911.22,0.797668,92.816358
1038.200,92.8164,300.0000,65.0625,64.9935,13911.97,0.797796,92.816358
1038.300,92.8164,300.0000,65.0000,64.9936,13912.67,0.797917,92.816358
1038.400,92.8164,300.0000,64.9375,64.9937,13913.32,0.798029,92.816358
1038.500,92.8164,300.0000,65.0625,64.9938,13913.93,0.798134,92.816358
1038.600,92.8164,300.0000,65.0000,64.9938,13914.50,0.798232,92.816358
1038.700,92.8164,300.0000,65.0625,64.9939,13915.03,0.798323,92.816358
1038.800,92.8164,300.0000,64.9375,64.9940,13915.52,0.798408,92.816358
1038.900,92.8164,300.0000,65.0000,64.9940,13915.99,0.798488,92.816358
1039.000,92.8164,300.0000,65.0625,64.9941,13916.42,0.798562,92.816358
1039.100,92.8164,300.0000,65.0000,64.9941,13916.82,0.798631,92.816358
1039.200,92.8164,300.0000,65.0000,64.9942,13917.19,0.798696,92.816358
1039.300,92.8164,300.0000,65.0000,64.9942,13917.55,0.798756,92.816358
1039.400,92.8164,300.0000,65.0625,64.9942,13917.87,0.798812,92.816358
1039.500,92.8164,300.0000,65.0625,64.9943,13918.18,0.798865,92.816358
1039.600,92.8164,300.0000,65.0000,64.9943,13918.46,0.798914,92.816358
1039.700,92.8164,300.0000,64.9375,64.9943,13918.73,0.798960,92.816358
1039.800,92.8164,300.0000,65.0625,64.9944,13918.98,0.799003,92.816358
1039.900,92.8164,300.0000,65.0000,64.9944,13919.21,0.799043,92.816358
1040.000,92.8164,300.0000,65.0000,64.9944,13919.43,0.799080,92.816358
1040.100,92.8164,300.0000,64.9375,64.9944,13919.63,0.799115,92.816358
1040.200,92.8164,300.0000,64.9375,64.9945,13919.82,0.799147,92.816358
1040.300,92.8164,300.0000,65.0000,64.9945,13919.99,0.799177,92.816358
1040.400,92.8164,300.0000,64.9375,64.9945,13920.16,0.799206,92.816358
1040.500,92.8164,300.0000,64.9375,64.9945,13920.31,0.799232,92.816358
1040.600,92.8164,300.0000,65.0625,64.9945,13920.45,0.799257,92.816358
1040.700,92.8164,300.0000,65.0000,64.9946,13920.59,0.799280,92.816358
1040.800,92.8164,300.0000,65.0000,64.9946,13920.71,0.799301,92.816358
1040.900,92.8164,300.0000,65.0000,64.9946,13920.83,0.799321,92.816358
1041.000,92.8164,300.0000,64.9375,64.9946,13920.93,0.799340,92.816358
1041.100,92.8164,300.0000,65.0625,64.9946,13921.04,0.799357,92.816358
1041.200,92.8164,300.0000,65.0000,64.9946,13921.13,0.799373,92.816358
1041.300,92.8164,300.0000,65.0625,64.9946,13921.22,0.799389,92.816358
1041.400,92.8164,300.0000,65.0000,64.9946,13921.30,0.799403,92.816358
1041.500,92.8164,300.0000,65.0000,64.9947,13921.38,0.799416,92.816358
1041.600,92.8164,300.0000,65.0000,64.9947,13921.45,0.799428,92.816358
1041.700,92.8164,300.0000,65.0000,64.9947,13921.52,0.799440,92.816358
1041.800,92.8164,300.0000,65.0000,64.9947,13921.58,0.799451,92.816358
1041.900,92.8164,300.0000,64.8125,64.9947,13921.64,0.799461,92.816358
1042.000,91.8984,300.0000,64.9375,64.9948,13912.51,0.797890,92.795945
1042.100,91.8984,300.0000,65.0000,64.9949,13903.99,0.796425,92.795945
1042.200,91.8984,300.0000,65.0000,64.9951,13896.05,0.795060,92.795945
1042.300,91.8984,300.0000,65.0000,64.9954,13888.63,0.793787,92.795945
1042.400,91.8984,300.0000,64.9375,64.9958,13881.70,0.792600,92.795945
1042.500,91.8984,300.0000,64.9375,64.9961,13875.24,0.791494,92.795945
1042.600,91.8984,300.0000,64.9375,64.9966,13869.21,0.790462,92.795945
1042.700,91.8984,300.0000,64.9375,64.9971,13863.58,0.789500,92.795945
1042.800,91.8984,300.0000,65.0000,64.9976,13858.32,0.788602,92.795945
1042.900,91.8984,300.0000,65.0000,64.9982,13853.42,0.787765,92.795945
1043.000,92.7959,300.0000,65.0000,64.9987,13857.81,0.788516,92.795945
1043.100,92.7959,300.0000,65.0000,64.9992,13861.92,0.789217,92.795945
1043.200,92.7959,300.0000,65.0625,64.9996,13865.75,0.789871,92.795945
1043.300,92.7959,300.0000,65.0000,65.0001,13869.33,0.790483,92.795945
1043.400,92.7959,300.0000,65.0000,65.0005,13872.66,0.791054,92.795945
1043.500,92.7959,300.0000,65.0625,65.0009,13875.78,0.791587,92.795945
1043.600,92.7959,300.0000,65.0625,65.0012,13878.69,0.792084,92.795945
1043.700,92.7959,300.0000,65.0625,65.0015,13881.40,0.792549,92.795945
1043.800,92.7959,300.0000,65.0625,65.0018,13883.93,0.792983,92.795945
1043.900,92.7959,300.0000,65.0000,65.0021,13886.30,0.793388,92.795945
1044.000,92.7959,300.0000,65.0625,65.0024,13888.50,0.793766,92.795945
1044.100,92.7959,300.0000,64.9375,65.0026,13890.56,0.794119,92.795945
1044.200,92.7959,300.0000,65.0000,65.0029,13892.49,0.794449,92.795945
1044.300,92.7959,300.0000,65.1250,65.0031,13894.28,0.794757,92.795945
1044.400,92.7959,300.0000,65.0000,65.0033,13895.95,0.795044,92.795945
1044.500,92.7959,300.0000,65.0625,65.0035,13897.52,0.795312,92.795945
1044.600,92.7959,300.0000,65.0000,65.0036,13898.97,0.795563,92.795945
1044.700,92.7959,300.0000,65.0625,65.0038,13900.34,0.795797,92.795945
1044.800,92.7959,300.0000,64.9375,65.0040,13901.61,0.796015,92.795945
1044.900,92.7959,300.0000,65.0625,65.0041,13902.79,0.796218,92.795945
1045.000,93.1019,300.0000,65.0000,65.0042,13906.96,0.796935,92.802749
1045.100,93.1019,300.0000,64.9375,65.0043,13910.85,0.797603,92.802749
1045.200,93.1019,300.0000,64.9375,65.0043,13914.48,0.798228,92.802749
1045.300,93.1019,300.0000,64.9375,65.0043,13917.86,0.798811,92.802749
1045.400,93.1019,300.0000,65.0625,65.0043,13921.03,0.799355,92.802749
1045.500,93.1019,300.0000,65.0625,65.0043,13923.98,0.799864,92.802749
1045.600,93.1019,300.0000,65.0000,65.0042,13926.73,0.800339,92.802749
1045.700,93.1019,300.0000,65.0000,65.0042,13929.30,0.800782,92.802749
1045.800,93.1019,300.0000,65.0625,65.0041,13931.70,0.801196,92.802749
1045.900,93.1019,300.0000,65.0000,65.0040,13933.94,0.801582,92.802749
1046.000,92.8027,300.0000,65.0000,65.0038,13933.04,0.801427,92.802749
1046.100,92.8027,300.0000,65.0625,65.0037,13932.20,0.801281,92.802749
1046.200,92.8027,300.0000,65.0000,65.0037,13931.41,0.801146,92.802749
1046.300,92.8027,300.0000,64.9375,65.0036,13930.68,0.801019,92.802749
1046.400,92.8027,300.0000,64.8750,65.0035,13929.99,0.800901,92.802749
1046.500,92.8027,300.0000,65.0000,65.0034,13929.36,0.800791,92.802749
1046.600,92.8027,300.0000,65.0000,65.0033,13928.76,0.800688,92.802749
1046.700,92.8027,300.0000,65.0000,65.0033,13928.20,0.800592,92.802749
1046.800,92.8027,300.0000,65.0000,65.0032,13927.68,0.800503,92.802749
1046.900,92.8027,300.0000,65.0000,65.0031,13927.20,0.800419,92.802749
1047.000,92.8027,300.0000,65.0000,65.0031,13926.75,0.800341,92.802749
1047.100,92.8027,300.0000,65.0000,65.0030,13926.32,0.800268,92.802749
1047.200,92.8027,300.0000,65.0625,65.0030,13925.93,0.800200,92.802749
1047.300,92.8027,300.0000,65.0000,65.0029,13925.56,0.800137,92.802749
1047.400,92.8027,300.0000,65.0000,65.0029,13925.22,0.800078,92.802749
1047.500,92.8027,300.0000,65.0000,65.0029,13924.90,0.800023,92.802749
1047.600,92.8027,300.0000,65.0000,65.0028,13924.60,0.799971,92.802749
1047.700,92.8027,300.0000,65.0625,65.0028,13924.32,0.799923,92.802749
1047.800,92.8027,300.0000,64.8750,65.0028,13924.06,0.799878,92.802749
1047.900,92.8027,300.0000,65.0000,65.0027,13923.82,0.799836,92.802749
1048.000,92.8027,300.0000,65.0625,65.0027,13923.59,0.799797,92.802749
1048.100,92.8027,300.0000,65.0000,65.0027,13923.38,0.799761,92.802749
1048.200,92.8027,300.0000,65.0000,65.0027,13923.18,0.799727,92.802749
1048.300,92.8027,300.0000,65.0000,65.0026,13923.00,0.799695,92.802749
1048.400,92.8027,300.0000,65.0625,65.0026,13922.82,0.799665,92.802749
1048.500,92.8027,300.0000,64.9375,65.0026,13922.66,0.799637,92.802749
1048.600,92.8027,300.0000,65.0625,65.0026,13922.51,0.799612,92.802749
1048.700,92.8027,300.0000,65.0000,65.0026,13922.37,0.799587,92.802749
1048.800,92.8027,300.0000,65.0625,65.0026,13922.24,0.799565,92.802749
1048.900,92.8027,300.0000,64.9375,65.0025,13922.12,0.799544,92.802749
1049.000,92.4967,300.0000,65.0000,65.0025,13918.95,0.798997,92.795945
1049.100,92.4967,300.0000,64.9375,65.0026,13915.98,0.798487,92.795945
1049.200,92.4967,300.0000,65.0000,65.0026,13913.22,0.798011,92.795945
1049.300,92.4967,300.0000,65.0625,65.0027,13910.64,0.797567,92.795945
1049.400,92.4967,300.0000,65.0625,65.0028,13908.23,0.797153,92.795945
1049.500,92.4967,300.0000,65.0625,65.0029,13905.98,0.796767,92.795945
1049.600,92.4967,300.0000,65.0000,65.0031,13903.88,0.796406,92.795945
1049.700,92.4967,300.0000,65.0000,65.0032,13901.93,0.796070,92.795945
1049.800,92.4967,300.0000,64.9375,65.0034,13900.10,0.795756,92.795945
1049.900,92.4967,300.0000,65.0000,65.0036,13898.39,0.795463,92.795945
1050.000,92.7959,300.0000,64.9375,65.0037,13899.79,0.795703,92.795945
1050.100,92.7959,300.0000,65.0000,65.0039,13901.10,0.795928,92.795945
1050.200,92.7959,300.0000,65.0000,65.0040,13902.32,0.796137,92.795945
1050.300,92.7959,300.0000,65.0000,65.0042,13903.46,0.796333,92.795945
1050.400,92.7959,300.0000,65.0000,65.0043,13904.52,0.796515,92.795945
1050.500,92.7959,300.0000,65.0000,65.0044,13905.51,0.796686,92.795945
1050.600,92.7959,300.0000,65.1250,65.0045,13906.44,0.796845,92.795945
1050.700,92.7959,300.0000,65.0000,65.0046,13907.30,0.796993,92.795945
1050.800,92.7959,300.0000,64.9375,65.0047,13908.11,0.797132,92.795945
1050.900,92.7959,300.0000,65.0000,65.0048,13908.86,0.797261,92.795945
1051.000,92.7959,300.0000,65.0000,65.0049,13909.56,0.797382,92.795945
1051.100,92.7959,300.0000,64.9375,65.0050,13910.22,0.797495,92.795945
1051.200,92.7959,300.0000,65.0000,65.0051,13910.83,0.797600,92.795945
1051.300,92.7959,300.0000,64.9375,65.0051,13911.40,0.797698,92.795945
1051.400,92.7959,300.0000,65.0625,65.0052,13911.93,0.797790,92.795945
1051.500,92.7959,300.0000,64.9375,65.0053,13912.43,0.797875,92.795945
1051.600,92.7959,300.0000,65.0000,65.0053,13912.89,0.797955,92.795945
1051.700,92.7959,300.0000,65.0625,65.0054,13913.33,0.798030,92.795945
1051.800,92.7959,300.0000,65.0000,65.0054,13913.73,0.798099,92.795945
1051.900,92.7959,300.0000,65.0000,65.0055,13914.11,0.798164,92.795945
1052.000,92.7959,300.0000,65.0000,65.0055,13914.46,0.798225,92.795945
1052.100,92.7959,300.0000,64.9375,65.0056,13914.79,0.798282,92.795945
1052.200,92.7959,300.0000,65.0000,65.0056,13915.10,0.798334,92.795945
1052.300,92.7959,300.0000,65.0000,65.0056,13915.38,0.798384,92.795945
1052.400,92.7959,300.0000,64.9375,65.0057,13915.65,0.798430,92.795945
1052.500,92.7959,300.0000,65.0625,65.0057,13915.90,0.798473,92.795945
1052.600,92.7959,300.0000,65.0625,65.0057,13916.13,0.798513,92.795945
1052.700,92.7959,300.0000,65.0625,65.0057,13916.35,0.798550,92.795945
1052.800,92.7959,300.0000,65.0000,65.0058,13916.55,0.798585,92.795945
1052.900,92.7959,300.0000,65.1250,65.0058,13916.74,0.798618,92.795945
1053.000,93.4079,300.0000,65.0000,65.0058,13923.04,0.799702,92.809553
1053.100,93.4079,300.0000,65.0000,65.0057,13928.91,0.800715,92.809553
1053.200,93.4079,300.0000,64.9375,65.0056,13934.40,0.801662,92.809553
1053.300,93.4079,300.0000,65.0625,65.0054,13939.52,0.802545,92.809553
1053.400,93.4079,300.0000,65.0000,65.0052,13944.30,0.803371,92.809553
1053.500,93.4079,300.0000,65.0625,65.0049,13948.76,0.804142,92.809553
1053.600,93.4079,300.0000,65.0000,65.0047,13952.92,0.804862,92.809553
1053.700,93.4079,300.0000,65.0000,65.0044,13956.80,0.805535,92.809553
1053.800,93.4079,300.0000,64.9375,65.0040,13960.43,0.806163,92.809553
1053.900,93.4079,300.0000,65.0000,65.0037,13963.81,0.806749,92.809553
1054.000,92.8096,300.0000,65.0000,65.0033,13960.99,0.806259,92.809553
1054.100,92.8096,300.0000,65.0000,65.0030,13958.35,0.805803,92.809553
1054.200,92.8096,300.0000,65.0000,65.0027,13955.89,0.805376,92.809553
1054.300,92.8096,300.0000,64.9375,65.0024,13953.59,0.804979,92.809553
1054.400,92.8096,300.0000,65.0625,65.0022,13951.45,0.804608,92.809553
1054.500,92.8096,300.0000,65.0000,65.0019,13949.45,0.804262,92.809553
1054.600,92.8096,300.0000,65.0625,65.0017,13947.58,0.803939,92.809553
1054.700,92.8096,300.0000,64.9375,65.0015,13945.84,0.803637,92.809553
1054.800,92.8096,300.0000,65.0000,65.0013,13944.21,0.803356,92.809553
1054.900,92.8096,300.0000,64.9375,65.0011,13942.69,0.803094,92.809553
1055.000,92.5036,300.0000,65.0625,65.0010,13938.21,0.802320,92.802749
1055.100,92.5036,300.0000,65.0000,65.0009,13934.04,0.801599,92.802749
1055.200,92.5036,300.0000,65.0000,65.0008,13930.14,0.800926,92.802749
1055.300,92.5036,300.0000,65.0625,65.0007,13926.50,0.800298,92.802749
1055.400,92.5036,300.0000,65.0000,65.0007,13923.10,0.799712,92.802749
1055.500,92.5036,300.0000,64.9375,65.0007,13919.93,0.799166,92.802749
1055.600,92.5036,300.0000,65.0000,65.0008,13916.97,0.798657,92.802749
1055.700,92.5036,300.0000,65.0000,65.0008,13914.21,0.798181,92.802749
1055.800,92.5036,300.0000,65.1250,65.0009,13911.63,0.797737,92.802749
1055.900,92.5036,300.0000,65.0000,65.0010,13909.22,0.797324,92.802749
1056.000,92.8027,300.0000,65.0000,65.0011,13909.97,0.797452,92.802749
1056.100,92.8027,300.0000,65.0000,65.0012,13910.66,0.797572,92.802749
1056.200,92.8027,300.0000,65.0000,65.0012,13911.31,0.797683,92.802749
1056.300,92.8027,300.0000,65.0000,65.0013,13911.92,0.797788,92.802749
1056.400,92.8027,300.0000,65.0000,65.0014,13912.49,0.797885,92.802749
1056.500,92.8027,300.0000,65.0625,65.0014,13913.01,0.797976,92.802749
1056.600,92.8027,300.0000,65.0625,65.0015,13913.51,0.798061,92.802749
1056.700,92.8027,300.0000,64.9375,65.0016,13913.97,0.798140,92.802749
1056.800,92.8027,300.0000,65.0000,65.0016,13914.40,0.798214,92.802749
1056.900,92.8027,300.0000,65.0625,65.0017,13914.80,0.798283,92.802749
1057.000,93.1087,300.0000,65.0000,65.0017,13918.23,0.798874,92.809553
1057.100,93.1087,300.0000,64.9375,65.0017,13921.44,0.799426,92.809553
1057.200,93.1087,300.0000,65.0625,65.0016,13924.43,0.799942,92.809553
1057.300,93.1087,300.0000,64.9375,65.0016,13927.22,0.800423,92.809553
1057.400,93.1087,300.0000,65.1250,65.0015,13929.83,0.800873,92.809553
1057.500,93.1087,300.0000,64.9375,65.0014,13932.26,0.801292,92.809553
1057.600,93.1087,300.0000,65.0000,65.0013,13934.53,0.801684,92.809553
1057.700,93.1087,300.0000,64.9375,65.0012,13936.65,0.802050,92.809553
1057.800,93.1087,300.0000,64.9375,65.0010,13938.63,0.802391,92.809553
1057.900,93.1087,300.0000,64.9375,65.0009,13940.47,0.802710,92.809553
1058.000,92.5036,300.0000,65.0625,65.0007,13936.14,0.801962,92.802749
1058.100,92.5036,300.0000,64.9375,65.0006,13932.10,0.801265,92.802749
1058.200,92.5036,300.0000,65.0000,65.0006,13928.33,0.800615,92.802749
1058.300,92.5036,300.0000,65.0000,65.0005,13924.81,0.800008,92.802749
1058.400,92.5036,300.0000,65.0000,65.0005,13921.53,0.799442,92.802749
1058.500,92.5036,300.0000,64.9375,65.0006,13918.46,0.798914,92.802749
1058.600,92.5036,300.0000,65.0000,65.0006,13915.60,0.798421,92.802749
1058.700,92.5036,300.0000,65.0000,65.0007,13912.93,0.797961,92.802749
1058.800,92.5036,300.0000,65.0000,65.0007,13910.43,0.797532,92.802749
1058.900,92.5036,300.0000,65.0625,65.0009,13908.11,0.797132,92.802749
1059.000,93.1087,300.0000,65.0625,65.0009,13911.99,0.797800,92.809553
1059.100,93.1087,300.0000,64.9375,65.0010,13915.61,0.798423,92.809553
1059.200,93.1087,300.0000,65.0000,65.0010,13918.99,0.799005,92.809553
1059.300,93.1087,300.0000,64.9375,65.0010,13922.14,0.799548,92.809553
1059.400,93.1087,300.0000,65.0000,65.0009,13925.09,0.800056,92.809553
1059.500,93.1087,300.0000,65.0000,65.0009,13927.84,0.800529,92.809553
1059.600,93.1087,300.0000,65.0000,65.0008,13930.40,0.800972,92.809553
1059.700,93.1087,300.0000,64.9375,65.0007,13932.80,0.801385,92.809553
1059.800,93.1087,300.0000,65.0000,65.0006,13935.03,0.801770,92.809553
1059.900,93.1087,300.0000,65.0625,65.0004,13937.12,0.802130,92.809553
1060.000,93.1156,300.0000,65.0625,65.0003,13939.13,0.802478,92.816358
1060.100,93.1156,300.0000,65.0625,65.0001,13941.01,0.802803,92.816358
1060.200,93.1156,300.0000,64.9375,64.9999,13942.77,0.803106,92.816358
1060.300,93.1156,300.0000,65.0625,64.9998,13944.40,0.803389,92.816358
1060.400,93.1156,300.0000,65.0625,64.9995,13945.93,0.803654,92.816358
1060.500,93.1156,300.0000,65.0625,64.9993,13947.36,0.803900,92.816358
1060.600,93.1156,300.0000,64.9375,64.9991,13948.69,0.804130,92.816358
1060.700,93.1156,300.0000,65.0000,64.9989,13949.93,0.804345,92.816358
1060.800,93.1156,300.0000,64.9375,64.9986,13951.09,0.804546,92.816358
1060.900,93.1156,300.0000,65.0000,64.9984,13952.18,0.804733,92.816358
1061.000,92.8164,300.0000,65.0625,64.9981,13950.19,0.804391,92.816358
1061.100,92.8164,300.0000,65.0000,64.9979,13948.34,0.804071,92.816358
1061.200,92.8164,300.0000,65.0000,64.9977,13946.62,0.803772,92.816358
1061.300,92.8164,300.0000,64.9375,64.9975,13945.01,0.803494,92.816358
1061.400,92.8164,300.0000,65.0000,64.9973,13943.50,0.803234,92.816358
1061.500,92.8164,300.0000,65.0000,64.9972,13942.10,0.802991,92.816358
1061.600,92.8164,300.0000,64.9375,64.9970,13940.79,0.802765,92.816358
1061.700,92.8164,300.0000,65.0000,64.9968,13939.57,0.802554,92.816358
1061.800,92.8164,300.0000,65.0625,64.9967,13938.43,0.802357,92.816358
1061.900,92.8164,300.0000,65.0000,64.9966,13937.36,0.802173,92.816358
1062.000,92.8164,300.0000,65.0000,64.9965,13936.37,0.802001,92.816358
1062.100,92.8164,300.0000,65.0000,64.9964,13935.44,0.801841,92.816358
1062.200,92.8164,300.0000,65.0625,64.9962,13934.58,0.801692,92.816358
1062.300,92.8164,300.0000,65.0000,64.9961,13933.77,0.801552,92.816358
1062.400,92.8164,300.0000,65.0625,64.9961,13933.01,0.801422,92.816358
1062.500,92.8164,300.0000,65.0625,64.9960,13932.31,0.801301,92.816358
1062.600,92.8164,300.0000,65.0000,64.9959,13931.65,0.801187,92.816358
1062.700,92.8164,300.0000,65.0625,64.9958,13931.04,0.801082,92.816358
1062.800,92.8164,300.0000,65.0000,64.9958,13930.47,0.800983,92.816358
1062.900,92.8164,300.0000,65.0625,64.9957,13929.93,0.800891,92.816358
1063.000,93.1224,300.0000,65.0000,64.9956,13932.49,0.801333,92.823162
1063.100,93.1224,300.0000,65.0000,64.9955,13934.88,0.801745,92.823162
1063.200,93.1224,300.0000,65.0000,64.9954,13937.12,0.802130,92.823162
1063.300,93.1224,300.0000,65.0000,64.9952,13939.20,0.802490,92.823162
1063.400,93.1224,300.0000,65.0625,64.9951,13941.14,0.802826,92.823162
1063.500,93.1224,300.0000,65.0625,64.9949,13942.96,0.803139,92.823162
1063.600,93.1224,300.0000,65.0625,64.9947,13944.65,0.803432,92.823162
1063.700,93.1224,300.0000,64.9375,64.9945,13946.23,0.803705,92.823162
1063.800,93.1224,300.0000,64.9375,64.9943,13947.70,0.803960,92.823162
1063.900,93.1224,300.0000,65.0625,64.9941,13949.08,0.804198,92.823162
1064.000,93.1292,300.0000,65.0000,64.9939,13950.43,0.804432,92.829966
1064.100,93.1292,300.0000,65.0625,64.9936,13951.70,0.804650,92.829966
1064.200,93.1292,300.0000,65.0000,64.9934,13952.88,0.804854,92.829966
1064.300,93.1292,300.0000,65.0000,64.9931,13953.97,0.805045,92.829966
1064.400,93.1292,300.0000,64.9375,64.9928,13955.00,0.805222,92.829966
1064.500,93.1292,300.0000,65.0000,64.9926,13955.96,0.805388,92.829966
1064.600,93.1292,300.0000,65.0000,64.9923,13956.85,0.805543,92.829966
1064.700,93.1292,300.0000,65.0000,64.9920,13957.69,0.805688,92.829966
1064.800,93.1292,300.0000,65.0000,64.9917,13958.47,0.805823,92.829966
1064.900,93.1292,300.0000,65.0000,64.9914,13959.19,0.805949,92.829966
1065.000,92.8300,300.0000,65.0000,64.9911,13956.88,0.805548,92.829966
1065.100,92.8300,300.0000,64.9375,64.9909,13954.72,0.805174,92.829966
1065.200,92.8300,300.0000,65.0000,64.9906,13952.71,0.804825,92.829966
1065.300,92.8300,300.0000,64.9375,64.9904,13950.83,0.804500,92.829966
1065.400,92.8300,300.0000,65.0000,64.9902,13949.07,0.804196,92.829966
1065.500,92.8300,300.0000,65.0000,64.9900,13947.43,0.803913,92.829966
1065.600,92.8300,300.0000,65.0000,64.9898,13945.90,0.803649,92.829966
1065.700,92.8300,300.0000,64.8750,64.9896,13944.48,0.803402,92.829966
1065.800,92.8300,300.0000,65.1250,64.9895,13943.14,0.803172,92.829966
1065.900,92.8300,300.0000,64.9375,64.9893,13941.90,0.802957,92.829966
1066.000,92.5240,300.0000,64.9375,64.9892,13937.68,0.802228,92.823162
1066.100,92.5240,300.0000,65.0000,64.9891,13933.74,0.801548,92.823162
1066.200,92.5240,300.0000,65.0625,64.9891,13930.06,0.800914,92.823162
1066.300,92.5240,300.0000,64.9375,64.9891,13926.63,0.800322,92.823162
1066.400,92.5240,300.0000,64.9375,64.9891,13923.43,0.799770,92.823162
1066.500,92.5240,300.0000,64.9375,64.9891,13920.44,0.799255,92.823162
1066.600,92.5240,300.0000,65.1250,64.9891,13917.65,0.798774,92.823162
1066.700,92.5240,300.0000,65.0000,64.9892,13915.05,0.798326,92.823162
1066.800,92.5240,300.0000,65.0625,64.9893,13912.62,0.797908,92.823162
1066.900,92.5240,300.0000,65.0000,64.9894,13910.35,0.797518,92.823162
1067.000,92.8232,300.0000,65.0000,64.9895,13911.22,0.797668,92.823162
1067.100,92.8232,300.0000,64.9375,64.9896,13912.04,0.797809,92.823162
1067.200,92.8232,300.0000,65.0000,64.9897,13912.80,0.797940,92.823162
1067.300,92.8232,300.0000,65.0000,64.9898,13913.52,0.798062,92.823162
1067.400,92.8232,300.0000,64.9375,64.9899,13914.18,0.798177,92.823162
1067.500,92.8232,300.0000,64.9375,64.9900,13914.80,0.798283,92.823162
1067.600,92.8232,300.0000,64.9375,64.9900,13915.38,0.798383,92.823162
1067.700,92.8232,300.0000,65.0000,64.9901,13915.92,0.798476,92.823162
1067.800,92.8232,300.0000,65.0000,64.9902,13916.42,0.798562,92.823162
1067.900,92.8232,300.0000,65.0000,64.9902,13916.89,0.798643,92.823162
1068.000,92.8232,300.0000,65.0625,64.9903,13917.33,0.798719,92.823162
1068.100,92.8232,300.0000,65.0000,64.9903,13917.74,0.798789,92.823162
1068.200,92.8232,300.0000,64.9375,64.9904,13918.12,0.798855,92.823162
1068.300,92.8232,300.0000,65.0000,64.9904,13918.48,0.798917,92.823162
1068.400,92.8232,300.0000,64.9375,64.9904,13918.81,0.798974,92.823162
1068.500,92.8232,300.0000,65.0625,64.9905,13919.12,0.799028,92.823162
1068.600,92.8232,300.0000,64.9375,64.9905,13919.41,0.799078,92.823162
1068.700,92.8232,300.0000,65.0000,64.9905,13919.68,0.799124,92.823162
1068.800,92.8232,300.0000,65.0625,64.9906,13919.94,0.799168,92.823162
1068.900,92.8232,300.0000,65.0000,64.9906,13920.17,0.799208,92.823162
1069.000,92.8232,300.0000,65.0625,64.9906,13920.39,0.799246,92.823162
1069.100,92.8232,300.0000,64.9375,64.9907,13920.60,0.799282,92.823162
1069.200,92.8232,300.0000,65.0000,64.9907,13920.79,0.799315,92.823162
1069.300,92.8232,300.0000,65.1250,64.9907,13920.97,0.799346,92.823162
1069.400,92.8232,300.0000,64.9375,64.9907,13921.14,0.799374,92.823162
1069.500,92.8232,300.0000,65.0000,64.9907,13921.29,0.799401,92.823162
1069.600,92.8232,300.0000,65.0000,64.9908,13921.44,0.799426,92.823162
1069.700,92.8232,300.0000,65.0000,64.9908,13921.57,0.799450,92.823162
1069.800,92.8232,300.0000,65.0625,64.9908,13921.70,0.799472,92.823162
1069.900,92.8232,300.0000,64.9375,64.9908,13921.82,0.799492,92.823162
1070.000,92.5172,300.0000,65.0000,64.9908,13918.87,0.798984,92.816358
1070.100,92.5172,300.0000,65.0000,64.9909,13916.12,0.798510,92.816358
1070.200,92.5172,300.0000,65.0000,64.9910,13913.55,0.798068,92.816358
1070.300,92.5172,300.0000,64.9375,64.9911,13911.15,0.797655,92.816358
1070.400,92.5172,300.0000,65.0000,64.9912,13908.91,0.797270,92.816358
1070.500,92.5172,300.0000,65.0625,64.9913,13906.82,0.796911,92.816358
1070.600,92.5172,300.0000,64.9375,64.9915,13904.87,0.796576,92.816358
1070.700,92.5172,300.0000,65.0000,64.9917,13903.05,0.796263,92.816358
1070.800,92.5172,300.0000,65.0000,64.9918,13901.35,0.795971,92.816358
1070.900,92.5172,300.0000,64.9375,64.9920,13899.77,0.795699,92.816358
1071.000,92.5104,300.0000,65.0625,64.9922,13898.22,0.795433,92.809553
1071.100,92.5104,300.0000,65.0625,64.9925,13896.78,0.795185,92.809553
1071.200,92.5104,300.0000,65.1250,64.9927,13895.43,0.794954,92.809553
1071.300,92.5104,300.0000,65.0625,64.9929,13894.17,0.794738,92.809553
1071.400,92.5104,300.0000,65.0625,64.9932,13892.99,0.794536,92.809553
1071.500,92.5104,300.0000,64.9375,64.9934,13891.90,0.794348,92.809553
1071.600,92.5104,300.0000,65.1250,64.9937,13890.88,0.794173,92.809553
1071.700,92.5104,300.0000,64.9375,64.9940,13889.92,0.794009,92.809553
1071.800,92.5104,300.0000,65.0625,64.9943,13889.03,0.793856,92.809553
1071.900,92.5104,300.0000,64.9375,64.9945,13888.20,0.793714,92.809553
1072.000,92.5036,300.0000,65.0000,64.9948,13887.35,0.793569,92.802749
1072.100,92.5036,300.0000,65.0625,64.9951,13886.57,0.793434,92.802749
1072.200,92.5036,300.0000,65.0000,64.9954,13885.83,0.793308,92.802749
1072.300,92.5036,300.0000,65.0625,64.9957,13885.14,0.793190,92.802749
1072.400,92.5036,300.0000,64.9375,64.9961,13884.50,0.793080,92.802749
1072.500,92.5036,300.0000,65.0000,64.9964,13883.90,0.792978,92.802749
1072.600,92.5036,300.0000,65.0000,64.9967,13883.35,0.792882,92.802749
1072.700,92.5036,300.0000,65.0000,64.9970,13882.83,0.792793,92.802749
1072.800,92.5036,300.0000,65.0000,64.9973,13882.34,0.792710,92.802749
1072.900,92.5036,300.0000,65.0000,64.9977,13881.89,0.792632,92.802749
1073.000,92.8027,300.0000,65.0000,64.9980,13884.45,0.793072,92.802749
1073.100,92.8027,300.0000,65.0000,64.9983,13886.85,0.793483,92.802749
1073.200,92.8027,300.0000,65.0625,64.9985,13889.09,0.793867,92.802749
1073.300,92.8027,300.0000,64.9375,64.9988,13891.18,0.794225,92.802749
1073.400,92.8027,300.0000,65.1250,64.9990,13893.13,0.794559,92.802749
1073.500,92.8027,300.0000,65.0000,64.9992,13894.95,0.794871,92.802749
1073.600,92.8027,300.0000,65.0000,64.9995,13896.64,0.795163,92.802749
1073.700,92.8027,300.0000,65.0000,64.9996,13898.23,0.795435,92.802749
1073.800,92.8027,300.0000,65.0000,64.9998,13899.71,0.795689,92.802749
1073.900,92.8027,300.0000,65.0000,65.0000,13901.09,0.795926,92.802749
1074.000,92.8027,300.0000,65.0000,65.0001,13902.38,0.796147,92.802749
1074.100,92.8027,300.0000,64.8750,65.0003,13903.58,0.796354,92.802749
1074.200,92.8027,300.0000,64.9375,65.0004,13904.70,0.796546,92.802749
1074.300,92.8027,300.0000,65.0000,65.0005,13905.75,0.796726,92.802749
1074.400,92.8027,300.0000,65.0000,65.0007,13906.73,0.796895,92.802749
1074.500,92.8027,300.0000,65.0625,65.0008,13907.64,0.797051,92.802749
1074.600,92.8027,300.0000,65.0000,65.0009,13908.49,0.797198,92.802749
1074.700,92.8027,300.0000,64.9375,65.0010,13909.28,0.797335,92.802749
1074.800,92.8027,300.0000,65.0000,65.0011,13910.03,0.797462,92.802749
1074.900,92.8027,300.0000,65.0625,65.0011,13910.72,0.797581,92.802749
1075.000,93.1087,300.0000,65.0000,65.0012,13914.42,0.798219,92.809553
1075.100,93.1087,300.0000,65.0000,65.0012,13917.88,0.798814,92.809553
1075.200,93.1087,300.0000,64.9375,65.0012,13921.11,0.799370,92.809553
1075.300,93.1087,300.0000,65.0625,65.0012,13924.13,0.799890,92.809553
1075.400,93.1087,300.0000,64.9375,65.0011,13926.94,0.800374,92.809553
1075.500,93.1087,300.0000,65.0625,65.0011,13929.56,0.800827,92.809553
1075.600,93.1087,300.0000,65.0000,65.0010,13932.01,0.801250,92.809553
1075.700,93.1087,300.0000,65.0000,65.0009,13934.30,0.801644,92.809553
1075.800,93.1087,300.0000,64.9375,65.0007,13936.43,0.802013,92.809553
1075.900,93.1087,300.0000,65.1250,65.0006,13938.43,0.802357,92.809553
1076.000,93.4216,300.0000,64.9375,65.0004,13943.41,0.803218,92.823162
1076.100,93.4216,300.0000,65.1250,65.0002,13948.07,0.804023,92.823162
1076.200,93.4216,300.0000,64.9375,64.9999,13952.41,0.804774,92.823162
1076.300,93.4216,300.0000,64.8750,64.9996,13956.47,0.805476,92.823162
1076.400,93.4216,300.0000,65.0000,64.9993,13960.25,0.806132,92.823162
1076.500,93.4216,300.0000,65.0000,64.9989,13963.78,0.806744,92.823162
1076.600,93.4216,300.0000,64.9375,64.9986,13967.08,0.807315,92.823162
1076.700,93.4216,300.0000,65.0000,64.9982,13970.16,0.807849,92.823162
1076.800,93.4216,300.0000,65.0625,64.9977,13973.03,0.808347,92.823162
1076.900,93.4216,300.0000,65.0000,64.9973,13975.71,0.808812,92.823162
1077.000,92.8232,300.0000,64.9375,64.9969,13972.23,0.808208,92.823162
1077.100,92.8232,300.0000,65.0000,64.9965,13968.98,0.807644,92.823162
1077.200,92.8232,300.0000,65.0000,64.9961,13965.94,0.807118,92.823162
1077.300,92.8232,300.0000,65.0000,64.9958,13963.11,0.806627,92.823162
1077.400,92.8232,300.0000,64.9375,64.9954,13960.47,0.806169,92.823162
1077.500,92.8232,300.0000,65.0000,64.9952,13958.00,0.805742,92.823162
1077.600,92.8232,300.0000,65.0625,64.9949,13955.70,0.805344,92.823162
1077.700,92.8232,300.0000,65.0000,64.9946,13953.55,0.804972,92.823162
1077.800,92.8232,300.0000,65.0000,64.9944,13951.55,0.804625,92.823162
1077.900,92.8232,300.0000,65.0000,64.9941,13949.68,0.804301,92.823162
1078.000,92.8232,300.0000,65.0625,64.9939,13947.93,0.803999,92.823162
1078.100,92.8232,300.0000,65.0000,64.9937,13946.30,0.803717,92.823162
1078.200,92.8232,300.0000,65.1250,64.9936,13944.78,0.803454,92.823162
1078.300,92.8232,300.0000,64.8750,64.9934,13943.36,0.803208,92.823162
1078.400,92.8232,300.0000,64.9375,64.9932,13942.03,0.802979,92.823162
1078.500,92.8232,300.0000,64.9375,64.9931,13940.79,0.802766,92.823162
1078.600,92.8232,300.0000,65.1250,64.9929,13939.64,0.802566,92.823162
1078.700,92.8232,300.0000,64.9375,64.9928,13938.56,0.802380,92.823162
1078.800,92.8232,300.0000,64.9375,64.9927,13937.56,0.802206,92.823162
1078.900,92.8232,300.0000,65.0625,64.9926,13936.62,0.802044,92.823162
1079.000,93.1292,300.0000,64.9375,64.9924,13938.80,0.802421,92.829966
1079.100,93.1292,300.0000,65.0000,64.9923,13940.84,0.802773,92.829966
1079.200,93.1292,300.0000,64.9375,64.9921,13942.74,0.803102,92.829966
1079.300,93.1292,300.0000,65.0625,64.9920,13944.52,0.803409,92.829966
1079.400,93.1292,300.0000,65.0625,64.9918,13946.17,0.803695,92.829966
1079.500,93.1292,300.0000,64.9375,64.9916,13947.72,0.803963,92.829966
1079.600,93.1292,300.0000,65.0000,64.9913,13949.16,0.804212,92.829966
1079.700,93.1292,300.0000,65.0000,64.9911,13950.51,0.804446,92.829966
1079.800,93.1292,300.0000,65.0000,64.9909,13951.77,0.804663,92.829966
1079.900,93.1292,300.0000,65.0000,64.9906,13952.94,0.804866,92.829966
1080.000,92.8300,300.0000,65.0625,64.9904,13951.05,0.804538,92.829966
1080.100,92.8300,300.0000,64.9375,64.9902,13949.28,0.804232,92.829966
1080.200,92.8300,300.0000,65.0625,64.9900,13947.62,0.803946,92.829966
1080.300,92.8300,300.0000,64.9375,64.9898,13946.08,0.803679,92.829966
1080.400,92.8300,300.0000,65.0625,64.9896,13944.64,0.803431,92.829966
1080.500,92.8300,300.0000,64.8750,64.9895,13943.30,0.803199,92.829966
1080.600,92.8300,300.0000,64.9375,64.9893,13942.05,0.802982,92.829966
1080.700,92.8300,300.0000,64.9375,64.9892,13940.88,0.802780,92.829966
1080.800,92.8300,300.0000,64.9375,64.9891,13939.78,0.802591,92.829966
1080.900,92.8300,300.0000,65.0625,64.9889,13938.76,0.802415,92.829966
1081.000,93.1360,300.0000,64.9375,64.9888,13940.87,0.802779,92.836770
1081.100,93.1360,300.0000,65.0000,64.9886,13942.84,0.803119,92.836770
1081.200,93.1360,300.0000,65.0000,64.9885,13944.68,0.803437,92.836770
1081.300,93.1360,300.0000,64.9375,64.9883,13946.39,0.803733,92.836770
1081.400,93.1360,300.0000,64.9375,64.9881,13947.99,0.804010,92.836770
1081.500,93.1360,300.0000,65.0625,64.9879,13949.49,0.804268,92.836770
1081.600,93.1360,300.0000,64.8750,64.9877,13950.88,0.804509,92.836770
1081.700,93.1360,300.0000,65.0625,64.9874,13952.18,0.804734,92.836770
1081.800,93.1360,300.0000,64.9375,64.9872,13953.40,0.804944,92.836770
1081.900,93.1360,300.0000,65.0625,64.9869,13954.53,0.805141,92.836770
1082.000,93.1428,300.0000,64.9375,64.9867,13955.65,0.805336,92.843574
1082.100,93.1428,300.0000,65.0625,64.9864,13956.71,0.805517,92.843574
1082.200,93.1428,300.0000,65.0625,64.9861,13957.69,0.805687,92.843574
1082.300,93.1428,300.0000,64.9375,64.9859,13958.60,0.805846,92.843574
1082.400,93.1428,300.0000,65.0000,64.9856,13959.46,0.805994,92.843574
1082.500,93.1428,300.0000,65.0000,64.9853,13960.25,0.806132,92.843574
1082.600,93.1428,300.0000,65.0625,64.9850,13961.00,0.806261,92.843574
1082.700,93.1428,300.0000,65.0625,64.9847,13961.69,0.806381,92.843574
1082.800,93.1428,300.0000,65.1250,64.9844,13962.34,0.806493,92.843574
1082.900,93.1428,300.0000,65.0625,64.9841,13962.94,0.806598,92.843574
1083.000,93.1496,300.0000,64.9375,64.9837,13963.58,0.806708,92.850379
1083.100,93.1496,300.0000,65.0000,64.9834,13964.17,0.806810,92.850379
1083.200,93.1496,300.0000,65.0000,64.9831,13964.72,0.806906,92.850379
1083.300,93.1496,300.0000,65.0000,64.9828,13965.23,0.806995,92.850379
1083.400,93.1496,300.0000,65.0000,64.9824,13965.71,0.807078,92.850379
1083.500,93.1496,300.0000,64.9375,64.9821,13966.16,0.807156,92.850379
1083.600,93.1496,300.0000,65.0625,64.9818,13966.58,0.807228,92.850379
1083.700,93.1496,300.0000,65.0000,64.9814,13966.97,0.807296,92.850379
1083.800,93.1496,300.0000,65.0000,64.9811,13967.34,0.807359,92.850379
1083.900,93.1496,300.0000,64.9375,64.9807,13967.68,0.807418,92.850379
1084.000,92.5444,300.0000,65.0000,64.9804,13961.94,0.806424,92.843574
1084.100,92.5444,300.0000,64.9375,64.9802,13956.59,0.805497,92.843574
1084.200,92.5444,300.0000,65.0000,64.9800,13951.59,0.804633,92.843574
1084.300,92.5444,300.0000,65.0625,64.9798,13946.93,0.803826,92.843574
1084.400,92.5444,300.0000,65.0000,64.9797,13942.58,0.803074,92.843574
1084.500,92.5444,300.0000,65.0000,64.9796,13938.52,0.802372,92.843574
1084.600,92.5444,300.0000,64.9375,64.9795,13934.73,0.801718,92.843574
1084.700,92.5444,300.0000,64.9375,64.9795,13931.19,0.801107,92.843574
1084.800,92.5444,300.0000,64.9375,64.9794,13927.89,0.800538,92.843574
1084.900,92.5444,300.0000,65.0000,64.9795,13924.80,0.800007,92.843574
1085.000,92.8436,300.0000,65.0625,64.9795,13924.92,0.800026,92.843574
1085.100,92.8436,300.0000,64.9375,64.9795,13925.03,0.800045,92.843574
1085.200,92.8436,300.0000,65.0625,64.9795,13925.13,0.800062,92.843574
1085.300,92.8436,300.0000,64.9375,64.9795,13925.22,0.800079,92.843574
1085.400,92.8436,300.0000,64.9375,64.9795,13925.31,0.800094,92.843574
1085.500,92.8436,300.0000,65.0000,64.9795,13925.39,0.800108,92.843574
1085.600,92.8436,300.0000,65.0625,64.9795,13925.47,0.800121,92.843574
1085.700,92.8436,300.0000,65.0000,64.9795,13925.54,0.800133,92.843574
1085.800,92.8436,300.0000,65.0625,64.9795,13925.61,0.800145,92.843574
1085.900,92.8436,300.0000,65.0000,64.9796,13925.67,0.800155,92.843574
1086.000,92.8436,300.0000,65.0000,64.9796,13925.73,0.800165,92.843574
1086.100,92.8436,300.0000,65.0625,64.9796,13925.78,0.800175,92.843574
1086.200,92.8436,300.0000,65.0625,64.9796,13925.83,0.800183,92.843574
1086.300,92.8436,300.0000,64.9375,64.9796,13925.88,0.800191,92.843574
1086.400,92.8436,300.0000,64.9375,64.9796,13925.92,0.800199,92.843574
1086.500,92.8436,300.0000,65.0625,64.9796,13925.96,0.800206,92.843574
1086.600,92.8436,300.0000,64.9375,64.9796,13926.00,0.800213,92.843574
1086.700,92.8436,300.0000,65.0000,64.9796,13926.04,0.800219,92.843574
1086.800,92.8436,300.0000,64.9375,64.9796,13926.07,0.800225,92.843574
1086.900,92.8436,300.0000,65.0000,64.9796,13926.10,0.800230,92.843574
1087.000,92.8436,300.0000,65.0000,64.9796,13926.13,0.800235,92.843574
1087.100,92.8436,300.0000,64.8750,64.9796,13926.16,0.800240,92.843574
1087.200,92.8436,300.0000,64.8750,64.9796,13926.18,0.800244,92.843574
1087.300,92.8436,300.0000,65.1250,64.9796,13926.21,0.800248,92.843574
1087.400,92.8436,300.0000,64.9375,64.9796,13926.23,0.800252,92.843574
1087.500,92.8436,300.0000,65.0625,64.9796,13926.25,0.800255,92.843574
1087.600,92.8436,300.0000,65.0000,64.9796,13926.27,0.800259,92.843574
1087.700,92.8436,300.0000,64.9375,64.9796,13926.29,0.800262,92.843574
1087.800,92.8436,300.0000,64.9375,64.9796,13926.30,0.800265,92.843574
1087.900,92.8436,300.0000,64.9375,64.9796,13926.32,0.800267,92.843574
1088.000,92.5376,300.0000,65.0000,64.9797,13923.27,0.799742,92.836770
1088.100,92.5376,300.0000,65.0625,64.9797,13920.43,0.799253,92.836770
1088.200,92.5376,300.0000,65.0000,64.9798,13917.78,0.798796,92.836770
1088.300,92.5376,300.0000,64.9375,64.9799,13915.30,0.798370,92.836770
1088.400,92.5376,300.0000,65.0000,64.9800,13912.99,0.797972,92.836770
1088.500,92.5376,300.0000,64.9375,64.9801,13910.83,0.797601,92.836770
1088.600,92.5376,300.0000,65.0625,64.9803,13908.82,0.797255,92.836770
1088.700,92.5376,300.0000,65.0000,64.9804,13906.94,0.796932,92.836770
1088.800,92.5376,300.0000,64.9375,64.9806,13905.19,0.796630,92.836770
1088.900,92.5376,300.0000,64.9375,64.9808,13903.55,0.796349,92.836770
1089.000,92.5308,300.0000,64.9375,64.9810,13901.95,0.796075,92.829966
1089.100,92.5308,300.0000,65.0000,64.9812,13900.47,0.795819,92.829966
1089.200,92.5308,300.0000,65.0625,64.9814,13899.08,0.795580,92.829966
1089.300,92.5308,300.0000,65.0000,64.9817,13897.78,0.795357,92.829966
1089.400,92.5308,300.0000,64.9375,64.9819,13896.57,0.795150,92.829966
1089.500,92.5308,300.0000,64.9375,64.9821,13895.44,0.794956,92.829966
1089.600,92.5308,300.0000,64.9375,64.9824,13894.38,0.794775,92.829966
1089.700,92.5308,300.0000,65.0000,64.9827,13893.40,0.794606,92.829966
1089.800,92.5308,300.0000,65.0625,64.9830,13892.48,0.794448,92.829966
1089.900,92.5308,300.0000,64.9375,64.9832,13891.62,0.794301,92.829966
1090.000,92.5240,300.0000,64.8125,64.9835,13890.75,0.794152,92.823162
1090.100,92.5240,300.0000,64.9375,64.9838,13889.94,0.794013,92.823162
1090.200,92.5240,300.0000,65.0625,64.9841,13889.19,0.793883,92.823162
1090.300,92.5240,300.0000,64.9375,64.9844,13888.48,0.793762,92.823162
1090.400,92.5240,300.0000,65.0000,64.9847,13887.82,0.793649,92.823162
1090.500,92.5240,300.0000,64.9375,64.9850,13887.21,0.793544,92.823162
1090.600,92.5240,300.0000,65.0000,64.9854,13886.63,0.793445,92.823162
1090.700,92.5240,300.0000,65.0000,64.9857,13886.10,0.793353,92.823162
1090.800,92.5240,300.0000,64.9375,64.9860,13885.60,0.793268,92.823162
1090.900,92.5240,300.0000,65.0000,64.9863,13885.13,0.793188,92.823162
1091.000,92.8232,300.0000,64.9375,64.9867,13887.69,0.793626,92.823162
1091.100,92.8232,300.0000,65.0000,64.9869,13890.07,0.794035,92.823162
1091.200,92.8232,300.0000,64.9375,64.9872,13892.30,0.794417,92.823162
1091.300,92.8232,300.0000,65.0000,64.9875,13894.38,0.794774,92.823162
1091.400,92.8232,300.0000,64.9375,64.9877,13896.32,0.795107,92.823162
1091.500,92.8232,300.0000,65.0000,64.9879,13898.13,0.795417,92.823162
1091.600,92.8232,300.0000,64.9375,64.9881,13899.82,0.795708,92.823162
1091.700,92.8232,300.0000,64.9375,64.9883,13901.39,0.795978,92.823162
1091.800,92.8232,300.0000,64.9375,64.9885,13902.87,0.796231,92.823162
1091.900,92.8232,300.0000,64.8750,64.9886,13904.24,0.796467,92.823162
1092.000,92.2112,300.0000,64.8750,64.9888,13899.40,0.795636,92.809553
1092.100,92.2112,300.0000,65.0000,64.9891,13894.89,0.794861,92.809553
1092.200,92.2112,300.0000,65.0000,64.9894,13890.67,0.794138,92.809553
1092.300,92.2112,300.0000,64.9375,64.9897,13886.74,0.793464,92.809553
1092.400,92.2112,300.0000,65.0625,64.9900,13883.07,0.792835,92.809553
1092.500,92.2112,300.0000,65.0625,64.9904,13879.64,0.792248,92.809553
1092.600,92.2112,300.0000,65.0000,64.9908,13876.44,0.791700,92.809553
1092.700,92.2112,300.0000,64.9375,64.9912,13873.46,0.791190,92.809553
1092.800,92.2112,300.0000,65.0000,64.9916,13870.67,0.790713,92.809553
1092.900,92.2112,300.0000,65.0000,64.9921,13868.07,0.790269,92.809553
1093.000,92.8096,300.0000,64.9375,64.9925,13871.63,0.790877,92.809553
1093.100,92.8096,300.0000,65.0000,64.9929,13874.95,0.791445,92.809553
1093.200,92.8096,300.0000,64.9375,64.9933,13878.05,0.791975,92.809553
1093.300,92.8096,300.0000,64.9375,64.9936,13880.94,0.792470,92.809553
1093.400,92.8096,300.0000,65.0625,64.9940,13883.64,0.792933,92.809553
1093.500,92.8096,300.0000,65.0625,64.9943,13886.16,0.793365,92.809553
1093.600,92.8096,300.0000,65.0000,64.9945,13888.51,0.793768,92.809553
1093.700,92.8096,300.0000,64.9375,64.9948,13890.71,0.794144,92.809553
1093.800,92.8096,300.0000,64.9375,64.9950,13892.76,0.794495,92.809553
1093.900,92.8096,300.0000,64.9375,64.9953,13894.67,0.794824,92.809553
1094.000,92.5036,300.0000,65.0000,64.9955,13893.39,0.794605,92.802749
1094.100,92.5036,300.0000,64.9375,64.9958,13892.20,0.794400,92.802749
1094.200,92.5036,300.0000,65.0625,64.9960,13891.09,0.794210,92.802749
1094.300,92.5036,300.0000,65.0000,64.9963,13890.05,0.794032,92.802749
1094.400,92.5036,300.0000,65.0625,64.9966,13889.09,0.793866,92.802749
1094.500,92.5036,300.0000,64.9375,64.9968,13888.18,0.793711,92.802749
1094.600,92.5036,300.0000,65.0000,64.9971,13887.34,0.793566,92.802749
1094.700,92.5036,300.0000,65.0000,64.9974,13886.55,0.793431,92.802749
1094.800,92.5036,300.0000,65.0000,64.9977,13885.82,0.793306,92.802749
1094.900,92.5036,300.0000,65.0625,64.9980,13885.13,0.793188,92.802749
1095.000,93.1087,300.0000,64.9375,64.9983,13890.54,0.794116,92.809553
1095.100,93.1087,300.0000,65.0000,64.9985,13895.59,0.794983,92.809553
1095.200,93.1087,300.0000,64.9375,64.9987,13900.31,0.795792,92.809553
1095.300,93.1087,300.0000,64.9375,64.9988,13904.71,0.796548,92.809553
1095.400,93.1087,300.0000,65.0000,64.9989,13908.82,0.797254,92.809553
1095.500,93.1087,300.0000,65.0625,64.9990,13912.65,0.797913,92.809553
1095.600,93.1087,300.0000,65.0000,64.9990,13916.23,0.798529,92.809553
1095.700,93.1087,300.0000,65.0000,64.9990,13919.57,0.799104,92.809553
1095.800,93.1087,300.0000,64.9375,64.9990,13922.68,0.799641,92.809553
1095.900,93.1087,300.0000,64.9375,64.9990,13925.59,0.800142,92.809553
1096.000,92.5036,300.0000,64.8750,64.9990,13922.25,0.799567,92.802749
1096.100,92.5036,300.0000,64.9375,64.9990,13919.14,0.799030,92.802749
1096.200,92.5036,300.0000,64.9375,64.9991,13916.23,0.798530,92.802749
1096.300,92.5036,300.0000,64.9375,64.9991,13913.52,0.798063,92.802749
1096.400,92.5036,300.0000,65.0000,64.9992,13910.99,0.797627,92.802749
1096.500,92.5036,300.0000,64.9375,64.9993,13908.62,0.797221,92.802749
1096.600,92.5036,300.0000,65.0000,64.9994,13906.42,0.796842,92.802749
1096.700,92.5036,300.0000,65.0000,64.9996,13904.36,0.796488,92.802749
1096.800,92.5036,300.0000,65.0625,64.9997,13902.44,0.796157,92.802749
1096.900,92.5036,300.0000,65.0000,64.9999,13900.64,0.795849,92.802749
1097.000,92.8027,300.0000,65.0625,65.0001,13901.96,0.796076,92.802749
1097.100,92.8027,300.0000,64.9375,65.0002,13903.19,0.796287,92.802749
1097.200,92.8027,300.0000,64.9375,65.0003,13904.34,0.796484,92.802749
1097.300,92.8027,300.0000,65.0000,65.0005,13905.41,0.796669,92.802749
1097.400,92.8027,300.0000,65.0000,65.0006,13906.41,0.796840,92.802749
1097.500,92.8027,300.0000,65.0000,65.0007,13907.34,0.797001,92.802749
1097.600,92.8027,300.0000,64.9375,65.0008,13908.22,0.797151,92.802749
1097.700,92.8027,300.0000,65.0625,65.0009,13909.03,0.797291,92.802749
1097.800,92.8027,300.0000,65.0000,65.0010,13909.79,0.797421,92.802749
1097.900,92.8027,300.0000,64.9375,65.0011,13910.50,0.797543,92.802749
1098.000,92.4967,300.0000,65.0000,65.0012,13908.10,0.797130,92.795945
1098.100,92.4967,300.0000,65.0000,65.0013,13905.86,0.796745,92.795945
1098.200,92.4967,300.0000,65.0000,65.0014,13903.77,0.796386,92.795945
1098.300,92.4967,300.0000,65.0000,65.0016,13901.82,0.796051,92.795945
1098.400,92.4967,300.0000,65.0625,65.0018,13900.00,0.795739,92.795945
1098.500,92.4967,300.0000,65.0625,65.0020,13898.30,0.795447,92.795945
1098.600,92.4967,300.0000,65.0000,65.0022,13896.71,0.795175,92.795945
1098.700,92.4967,300.0000,65.0625,65.0024,13895.23,0.794920,92.795945
1098.800,92.4967,300.0000,65.0000,65.0026,13893.85,0.794683,92.795945
1098.900,92.4967,300.0000,65.0000,65.0028,13892.56,0.794462,92.795945
1099.000,92.7959,300.0000,65.0000,65.0030,13894.35,0.794769,92.795945
1099.100,92.7959,300.0000,65.0000,65.0032,13896.02,0.795056,92.795945
1099.200,92.7959,300.0000,65.0625,65.0034,13897.58,0.795323,92.795945
1099.300,92.7959,300.0000,65.0000,65.0036,13899.03,0.795573,92.795945
1099.400,92.7959,300.0000,65.1875,65.0038,13900.39,0.795806,92.795945
1099.500,92.7959,300.0000,65.0625,65.0039,13901.66,0.796023,92.795945
1099.600,92.7959,300.0000,64.9375,65.0041,13902.84,0.796227,92.795945
1099.700,92.7959,300.0000,65.0625,65.0042,13903.94,0.796416,92.795945
1099.800,92.7959,300.0000,65.0625,65.0043,13904.97,0.796593,92.795945
1099.900,92.7959,300.0000,65.0000,65.0044,13905.93,0.796758,92.795945
1100.000,92.7959,300.0000,65.0000,65.0045,13906.83,0.796913,92.795945
1100.100,92.7959,300.0000,65.0000,65.0046,13907.67,0.797057,92.795945
1100.200,92.7959,300.0000,65.0625,65.0047,13908.45,0.797191,92.795945
1100.300,92.7959,300.0000,65.0625,65.0048,13909.18,0.797316,92.795945
1100.400,92.7959,300.0000,65.0625,65.0049,13909.86,0.797434,92.795945
1100.500,92.7959,300.0000,65.0000,65.0050,13910.50,0.797543,92.795945
1100.600,92.7959,300.0000,65.0000,65.0051,13911.09,0.797645,92.795945
1100.700,92.7959,300.0000,65.0000,65.0051,13911.64,0.797740,92.795945
1100.800,92.7959,300.0000,65.0000,65.0052,13912.16,0.797829,92.795945
1100.900,92.7959,300.0000,65.0000,65.0052,13912.64,0.797912,92.795945
1101.000,92.7959,300.0000,64.9375,65.0053,13913.09,0.797989,92.795945
1101.100,92.7959,300.0000,64.8750,65.0053,13913.51,0.798062,92.795945
1101.200,92.7959,300.0000,65.0625,65.0054,13913.90,0.798129,92.795945
1101.300,92.7959,300.0000,64.9375,65.0054,13914.27,0.798192,92.795945
1101.400,92.7959,300.0000,64.9375,65.0055,13914.61,0.798251,92.795945
1101.500,92.7959,300.0000,65.0625,65.0055,13914.93,0.798306,92.795945
1101.600,92.7959,300.0000,65.0000,65.0056,13915.23,0.798357,92.795945
1101.700,92.7959,300.0000,65.0000,65.0056,13915.50,0.798405,92.795945
1101.800,92.7959,300.0000,65.0625,65.0056,13915.76,0.798449,92.795945
1101.900,92.7959,300.0000,65.0625,65.0056,13916.01,0.798491,92.795945
1102.000,93.1019,300.0000,65.1250,65.0056,13919.29,0.799057,92.802749
1102.100,93.1019,300.0000,65.1250,65.0056,13922.36,0.799585,92.802749
1102.200,93.1019,300.0000,65.0000,65.0056,13925.22,0.800078,92.802749
1102.300,93.1019,300.0000,65.0625,65.0055,13927.89,0.800539,92.802749
1102.400,93.1019,300.0000,64.9375,65.0054,13930.38,0.800969,92.802749
1102.500,93.1019,300.0000,65.0000,65.0053,13932.71,0.801370,92.802749
1102.600,93.1019,300.0000,65.0000,65.0052,13934.88,0.801745,92.802749
1102.700,93.1019,300.0000,65.0000,65.0050,13936.91,0.802095,92.802749
1102.800,93.1019,300.0000,65.0000,65.0049,13938.80,0.802422,92.802749
1102.900,93.1019,300.0000,64.8750,65.0047,13940.57,0.802727,92.802749
1103.000,92.1908,300.0000,65.0000,65.0046,13933.11,0.801438,92.789141
1103.100,92.1908,300.0000,64.9375,65.0045,13926.14,0.800237,92.789141
1103.200,92.1908,300.0000,64.9375,65.0045,13919.64,0.799116,92.789141
1103.300,92.1908,300.0000,64.9375,65.0046,13913.57,0.798072,92.789141
1103.400,92.1908,300.0000,65.0000,65.0047,13907.91,0.797097,92.789141
1103.500,92.1908,300.0000,65.0000,65.0048,13902.62,0.796189,92.789141
1103.600,92.1908,300.0000,65.0000,65.0050,13897.69,0.795342,92.789141
1103.700,92.1908,300.0000,64.9375,65.0052,13893.08,0.794551,92.789141
1103.800,92.1908,300.0000,65.0000,65.0055,13888.78,0.793814,92.789141
1103.900,92.1908,300.0000,65.0625,65.0058,13884.77,0.793126,92.789141
1104.000,93.0951,300.0000,64.9375,65.0060,13890.07,0.794035,92.795945
1104.100,93.0951,300.0000,65.0000,65.0062,13895.02,0.794884,92.795945
1104.200,93.0951,300.0000,65.0000,65.0064,13899.63,0.795676,92.795945
1104.300,93.0951,300.0000,65.0000,65.0065,13903.94,0.796416,92.795945
1104.400,93.0951,300.0000,65.0000,65.0066,13907.97,0.797108,92.795945
1104.500,93.0951,300.0000,65.0625,65.0067,13911.72,0.797753,92.795945
1104.600,93.0951,300.0000,65.0625,65.0067,13915.22,0.798356,92.795945
1104.700,93.0951,300.0000,65.0000,65.0067,13918.49,0.798919,92.795945
1104.800,93.0951,300.0000,65.0625,65.0067,13921.54,0.799445,92.795945
1104.900,93.0951,300.0000,65.1250,65.0067,13924.39,0.799936,92.795945
1105.000,93.4079,300.0000,65.0000,65.0066,13930.18,0.800933,92.809553
1105.100,93.4079,300.0000,65.1250,65.0064,13935.58,0.801865,92.809553
1105.200,93.4079,300.0000,65.0625,65.0063,13940.62,0.802736,92.809553
1105.300,93.4079,300.0000,65.0000,65.0060,13945.33,0.803549,92.809553
1105.400,93.4079,300.0000,64.9375,65.0058,13949.72,0.804308,92.809553
1105.500,93.4079,300.0000,64.9375,65.0055,13953.82,0.805017,92.809553
1105.600,93.4079,300.0000,65.0000,65.0052,13957.64,0.805679,92.809553
1105.700,93.4079,300.0000,65.0000,65.0048,13961.21,0.806298,92.809553
1105.800,93.4079,300.0000,65.0000,65.0045,13964.54,0.806875,92.809553
1105.900,93.4079,300.0000,65.0625,65.0041,13967.65,0.807414,92.809553
1106.000,93.1156,300.0000,65.0625,65.0037,13967.63,0.807411,92.816358
1106.100,93.1156,300.0000,64.9375,65.0033,13967.61,0.807407,92.816358
1106.200,93.1156,300.0000,65.0000,65.0029,13967.59,0.807404,92.816358
1106.300,93.1156,300.0000,65.0000,65.0025,13967.58,0.807401,92.816358
1106.400,93.1156,300.0000,65.0000,65.0021,13967.56,0.807398,92.816358
1106.500,93.1156,300.0000,64.9375,65.0017,13967.54,0.807396,92.816358
1106.600,93.1156,300.0000,65.0000,65.0013,13967.53,0.807393,92.816358
1106.700,93.1156,300.0000,65.0625,65.0009,13967.52,0.807391,92.816358
1106.800,93.1156,300.0000,64.9375,65.0006,13967.50,0.807389,92.816358
1106.900,93.1156,300.0000,64.9375,65.0002,13967.49,0.807387,92.816358
1107.000,92.5104,300.0000,65.0000,64.9998,13961.43,0.806336,92.809553
1107.100,92.5104,300.0000,65.0625,64.9995,13955.77,0.805356,92.809553
1107.200,92.5104,300.0000,65.0000,64.9993,13950.49,0.804442,92.809553
1107.300,92.5104,300.0000,65.0625,64.9991,13945.56,0.803590,92.809553
1107.400,92.5104,300.0000,65.0625,64.9989,13940.96,0.802794,92.809553
1107.500,92.5104,300.0000,65.0625,64.9988,13936.67,0.802053,92.809553
1107.600,92.5104,300.0000,65.0000,64.9987,13932.66,0.801361,92.809553
1107.700,92.5104,300.0000,65.0625,64.9986,13928.92,0.800716,92.809553
1107.800,92.5104,300.0000,65.0000,64.9986,13925.43,0.800114,92.809553
1107.900,92.5104,300.0000,64.8750,64.9986,13922.17,0.799553,92.809553
1108.000,92.1976,300.0000,65.0000,64.9987,13916.00,0.798490,92.795945
1108.100,92.1976,300.0000,65.0625,64.9987,13910.24,0.797499,92.795945
1108.200,92.1976,300.0000,64.9375,64.9989,13904.87,0.796575,92.795945
1108.300,92.1976,300.0000,65.0000,64.9991,13899.85,0.795714,92.795945
1108.400,92.1976,300.0000,65.0000,64.9993,13895.17,0.794910,92.795945
1108.500,92.1976,300.0000,65.0625,64.9995,13890.80,0.794160,92.795945
1108.600,92.1976,300.0000,65.0000,64.9998,13886.72,0.793461,92.795945
1108.700,92.1976,300.0000,65.0000,65.0001,13882.92,0.792809,92.795945
1108.800,92.1976,300.0000,65.0000,65.0005,13879.37,0.792201,92.795945
1108.900,92.1976,300.0000,65.0625,65.0009,13876.05,0.791633,92.795945
1109.000,93.1019,300.0000,65.0000,65.0012,13882.00,0.792652,92.802749
1109.100,93.1019,300.0000,64.9375,65.0015,13887.55,0.793603,92.802749
1109.200,93.1019,300.0000,65.0000,65.0017,13892.74,0.794492,92.802749
1109.300,93.1019,300.0000,64.9375,65.0019,13897.57,0.795322,92.802749
1109.400,93.1019,300.0000,65.0000,65.0020,13902.09,0.796097,92.802749
1109.500,93.1019,300.0000,65.0000,65.0021,13906.30,0.796822,92.802749
1109.600,93.1019,300.0000,65.0000,65.0022,13910.23,0.797498,92.802749
1109.700,93.1019,300.0000,65.0625,65.0023,13913.90,0.798129,92.802749
1109.800,93.1019,300.0000,65.0000,65.0023,13917.33,0.798719,92.802749
1109.900,93.1019,300.0000,65.0000,65.0023,13920.53,0.799270,92.802749
1110.000,92.8027,300.0000,65.0000,65.0023,13920.52,0.799268,92.802749
1110.100,92.8027,300.0000,65.0000,65.0023,13920.51,0.799267,92.802749
1110.200,92.8027,300.0000,64.9375,65.0023,13920.51,0.799266,92.802749
1110.300,92.8027,300.0000,64.8750,65.0023,13920.50,0.799265,92.802749
1110.400,92.8027,300.0000,65.0000,65.0023,13920.49,0.799264,92.802749
1110.500,92.8027,300.0000,65.0000,65.0023,13920.49,0.799263,92.802749
1110.600,92.8027,300.0000,65.0625,65.0023,13920.48,0.799262,92.802749
1110.700,92.8027,300.0000,65.0625,65.0023,13920.48,0.799261,92.802749
1110.800,92.8027,300.0000,65.0000,65.0023,13920.47,0.799260,92.802749
1110.900,92.8027,300.0000,65.0000,65.0023,13920.47,0.799260,92.802749
1111.000,92.8027,300.0000,65.0625,65.0023,13920.47,0.799259,92.802749
1111.100,92.8027,300.0000,64.9375,65.0023,13920.46,0.799258,92.802749
1111.200,92.8027,300.0000,64.9375,65.0023,13920.46,0.799258,92.802749
1111.300,92.8027,300.0000,65.0000,65.0023,13920.46,0.799257,92.802749
1111.400,92.8027,300.0000,64.9375,65.0023,13920.45,0.799257,92.802749
1111.500,92.8027,300.0000,64.9375,65.0023,13920.45,0.799256,92.802749
1111.600,92.8027,300.0000,65.1250,65.0023,13920.45,0.799256,92.802749
1111.700,92.8027,300.0000,65.0000,65.0023,13920.45,0.799256,92.802749
1111.800,92.8027,300.0000,65.0000,65.0023,13920.44,0.799255,92.802749
1111.900,92.8027,300.0000,65.0000,65.0023,13920.44,0.799255,92.802749
1112.000,92.8027,300.0000,64.8750,65.0023,13920.44,0.799254,92.802749
1112.100,92.8027,300.0000,65.0625,65.0023,13920.44,0.799254,92.802749
1112.200,92.8027,300.0000,64.9375,65.0023,13920.44,0.799254,92.802749
1112.300,92.8027,300.0000,65.0000,65.0023,13920.43,0.799254,92.802749
1112.400,92.8027,300.0000,65.0625,65.0023,13920.43,0.799253,92.802749
1112.500,92.8027,300.0000,65.0000,65.0023,13920.43,0.799253,92.802749
1112.600,92.8027,300.0000,65.0000,65.0023,13920.43,0.799253,92.802749
1112.700,92.8027,300.0000,65.0000,65.0023,13920.43,0.799253,92.802749
1112.800,92.8027,300.0000,65.0625,65.0023,13920.43,0.799252,92.802749
1112.900,92.8027,300.0000,64.9375,65.0023,13920.43,0.799252,92.802749
1113.000,92.4967,300.0000,65.0625,65.0023,13917.37,0.798725,92.795945
1113.100,92.4967,300.0000,65.0000,65.0024,13914.51,0.798233,92.795945
1113.200,92.4967,300.0000,64.9375,65.0024,13911.84,0.797775,92.795945
1113.300,92.4967,300.0000,65.0000,65.0025,13909.35,0.797347,92.795945
1113.400,92.4967,300.0000,65.0625,65.0026,13907.03,0.796947,92.795945
1113.500,92.4967,300.0000,64.9375,65.0028,13904.86,0.796574,92.795945
1113.600,92.4967,300.0000,65.0625,65.0029,13902.84,0.796227,92.795945
1113.700,92.4967,300.0000,65.0000,65.0031,13900.95,0.795902,92.795945
1113.800,92.4967,300.0000,65.0000,65.0033,13899.19,0.795600,92.795945
1113.900,92.4967,300.0000,65.0000,65.0034,13897.54,0.795317,92.795945
1114.000,92.7959,300.0000,65.0000,65.0036,13899.00,0.795567,92.795945
1114.100,92.7959,300.0000,64.9375,65.0038,13900.36,0.795801,92.795945
1114.200,92.7959,300.0000,65.0000,65.0039,13901.63,0.796019,92.795945
1114.300,92.7959,300.0000,64.9375,65.0041,13902.81,0.796222,92.795945
1114.400,92.7959,300.0000,64.9375,65.0042,13903.92,0.796412,92.795945
1114.500,92.7959,300.0000,65.0625,65.0043,13904.95,0.796589,92.795945
1114.600,92.7959,300.0000,64.8750,65.0044,13905.91,0.796755,92.795945
1114.700,92.7959,300.0000,65.0000,65.0046,13906.81,0.796909,92.795945
1114.800,92.7959,300.0000,65.0000,65.0047,13907.65,0.797053,92.795945
1114.900,92.7959,300.0000,64.9375,65.0048,13908.43,0.797188,92.795945
1115.000,92.4899,300.0000,65.0000,65.0049,13906.10,0.796788,92.789141
1115.100,92.4899,300.0000,64.9375,65.0050,13903.93,0.796414,92.789141
1115.200,92.4899,300.0000,65.0000,65.0051,13901.90,0.796065,92.789141
1115.300,92.4899,300.0000,64.9375,65.0053,13900.01,0.795740,92.789141
1115.400,92.4899,300.0000,65.0000,65.0055,13898.24,0.795436,92.789141
1115.500,92.4899,300.0000,65.0000,65.0057,13896.59,0.795153,92.789141
1115.600,92.4899,300.0000,65.0000,65.0059,13895.05,0.794889,92.789141
1115.700,92.4899,300.0000,65.0000,65.0061,13893.61,0.794642,92.789141
1115.800,92.4899,300.0000,64.9375,65.0063,13892.27,0.794412,92.789141
1115.900,92.4899,300.0000,65.0000,65.0066,13891.02,0.794197,92.789141
1116.000,92.7891,300.0000,65.0625,65.0068,13892.84,0.794510,92.789141
1116.100,92.7891,300.0000,65.0625,65.0070,13894.54,0.794802,92.789141
1116.200,92.7891,300.0000,65.0000,65.0072,13896.13,0.795075,92.789141
1116.300,92.7891,300.0000,64.9375,65.0073,13897.61,0.795329,92.789141
1116.400,92.7891,300.0000,65.0000,65.0075,13899.00,0.795567,92.789141
1116.500,92.7891,300.0000,65.0625,65.0077,13900.29,0.795789,92.789141
1116.600,92.7891,300.0000,65.0000,65.0078,13901.50,0.795996,92.789141
1116.700,92.7891,300.0000,65.0000,65.0080,13902.62,0.796189,92.789141
1116.800,92.7891,300.0000,65.0000,65.0081,13903.67,0.796370,92.789141
1116.900,92.7891,300.0000,65.0000,65.0082,13904.65,0.796538,92.789141
1117.000,92.7891,300.0000,65.0625,65.0083,13905.57,0.796695,92.789141
1117.100,92.7891,300.0000,65.0625,65.0084,13906.42,0.796842,92.789141
1117.200,92.7891,300.0000,65.0625,65.0085,13907.22,0.796979,92.789141
1117.300,92.7891,300.0000,65.0000,65.0086,13907.96,0.797107,92.789141
1117.400,92.7891,300.0000,65.0000,65.0087,13908.65,0.797226,92.789141
1117.500,92.7891,300.0000,65.0000,65.0088,13909.30,0.797337,92.789141
1117.600,92.7891,300.0000,65.0000,65.0088,13909.91,0.797441,92.789141
1117.700,92.7891,300.0000,64.9375,65.0089,13910.47,0.797539,92.789141
1117.800,92.7891,300.0000,64.9375,65.0090,13911.00,0.797629,92.789141
1117.900,92.7891,300.0000,65.0000,65.0090,13911.49,0.797714,92.789141
1118.000,92.7891,300.0000,65.0000,65.0091,13911.95,0.797793,92.789141
1118.100,92.7891,300.0000,65.0000,65.0091,13912.38,0.797866,92.789141
1118.200,92.7891,300.0000,64.8750,65.0092,13912.78,0.797935,92.789141
1118.300,92.7891,300.0000,65.0000,65.0092,13913.15,0.797999,92.789141
1118.400,92.7891,300.0000,64.9375,65.0093,13913.50,0.798059,92.789141
1118.500,92.7891,300.0000,65.0000,65.0093,13913.82,0.798115,92.789141
1118.600,92.7891,300.0000,65.0000,65.0093,13914.12,0.798167,92.789141
1118.700,92.7891,300.0000,65.0000,65.0094,13914.41,0.798216,92.789141
1118.800,92.7891,300.0000,65.0000,65.0094,13914.67,0.798261,92.789141
1118.900,92.7891,300.0000,65.0000,65.0094,13914.92,0.798304,92.789141
1119.000,92.7891,300.0000,65.0000,65.0095,13915.15,0.798344,92.789141
1119.100,92.7891,300.0000,65.0000,65.0095,13915.36,0.798380,92.789141
1119.200,92.7891,300.0000,65.0000,65.0095,13915.56,0.798415,92.789141
1119.300,92.7891,300.0000,65.0000,65.0095,13915.75,0.798447,92.789141
1119.400,92.7891,300.0000,65.0625,65.0096,13915.93,0.798477,92.789141
1119.500,92.7891,300.0000,64.9375,65.0096,13916.09,0.798505,92.789141
1119.600,92.7891,300.0000,65.0000,65.0096,13916.24,0.798532,92.789141
1119.700,92.7891,300.0000,64.9375,65.0096,13916.38,0.798556,92.789141
1119.800,92.7891,300.0000,65.0000,65.0096,13916.52,0.798579,92.789141
1119.900,92.7891,300.0000,65.0000,65.0096,13916.64,0.798600,92.789141
1120.000,92.7891,300.0000,65.0000,65.0097,13916.75,0.798620,92.789141
1120.100,92.7891,300.0000,65.0625,65.0097,13916.86,0.798639,92.789141
1120.200,92.7891,300.0000,65.1250,65.0097,13916.96,0.798656,92.789141
1120.300,92.7891,300.0000,65.0000,65.0097,13917.06,0.798672,92.789141
1120.400,92.7891,300.0000,65.0625,65.0097,13917.14,0.798687,92.789141
1120.500,92.7891,300.0000,65.0000,65.0097,13917.23,0.798701,92.789141
1120.600,92.7891,300.0000,65.1250,65.0097,13917.30,0.798714,92.789141
1120.700,92.7891,300.0000,65.0000,65.0097,13917.37,0.798727,92.789141
1120.800,92.7891,300.0000,65.0000,65.0097,13917.44,0.798738,92.789141
1120.900,92.7891,300.0000,65.0000,65.0098,13917.50,0.798749,92.789141
1121.000,92.7891,300.0000,65.0000,65.0098,13917.56,0.798759,92.789141
1121.100,92.7891,300.0000,65.0625,65.0098,13917.61,0.798768,92.789141
1121.200,92.7891,300.0000,64.9375,65.0098,13917.66,0.798777,92.789141
1121.300,92.7891,300.0000,65.0625,65.0098,13917.71,0.798785,92.789141
1121.400,92.7891,300.0000,65.0625,65.0098,13917.76,0.798792,92.789141
1121.500,92.7891,300.0000,64.9375,65.0098,13917.80,0.798799,92.789141
1121.600,92.7891,300.0000,65.0000,65.0098,13917.84,0.798806,92.789141
1121.700,92.7891,300.0000,64.9375,65.0098,13917.87,0.798812,92.789141
1121.800,92.7891,300.0000,65.1250,65.0098,13917.90,0.798818,92.789141
1121.900,92.7891,300.0000,65.0625,65.0098,13917.94,0.798823,92.789141
1122.000,93.0951,300.0000,65.0000,65.0098,13921.02,0.799355,92.795945
1122.100,93.0951,300.0000,65.0625,65.0097,13923.91,0.799852,92.795945
1122.200,93.0951,300.0000,65.0000,65.0097,13926.60,0.800316,92.795945
1122.300,93.0951,300.0000,65.0625,65.0096,13929.11,0.800749,92.795945
1122.400,93.0951,300.0000,65.0000,65.0095,13931.45,0.801153,92.795945
1122.500,93.0951,300.0000,65.1250,65.0093,13933.64,0.801531,92.795945
1122.600,93.0951,300.0000,65.0000,65.0092,13935.68,0.801883,92.795945
1122.700,93.0951,300.0000,64.9375,65.0090,13937.59,0.802212,92.795945
1122.800,93.0951,300.0000,64.9375,65.0089,13939.37,0.802519,92.795945
1122.900,93.0951,300.0000,65.0625,65.0087,13941.03,0.802806,92.795945
1123.000,93.1019,300.0000,65.0000,65.0085,13942.65,0.803086,92.802749
1123.100,93.1019,300.0000,65.0625,65.0083,13944.16,0.803346,92.802749
1123.200,93.1019,300.0000,65.0000,65.0081,13945.56,0.803590,92.802749
1123.300,93.1019,300.0000,65.0625,65.0078,13946.88,0.803817,92.802749
1123.400,93.1019,300.0000,65.0625,65.0076,13948.11,0.804030,92.802749
1123.500,93.1019,300.0000,64.9375,65.0073,13949.25,0.804228,92.802749
1123.600,93.1019,300.0000,65.0625,65.0071,13950.32,0.804413,92.802749
1123.700,93.1019,300.0000,65.0000,65.0068,13951.32,0.804585,92.802749
1123.800,93.1019,300.0000,65.0625,65.0065,13952.25,0.804747,92.802749
1123.900,93.1019,300.0000,65.0000,65.0063,13953.12,0.804897,92.802749
1124.000,92.8027,300.0000,65.0625,65.0060,13950.94,0.804520,92.802749
1124.100,92.8027,300.0000,64.9375,65.0057,13948.91,0.804168,92.802749
1124.200,92.8027,300.0000,65.0000,65.0055,13947.01,0.803839,92.802749
1124.300,92.8027,300.0000,65.0000,65.0053,13945.23,0.803533,92.802749
1124.400,92.8027,300.0000,65.0625,65.0051,13943.58,0.803247,92.802749
1124.500,92.8027,300.0000,65.0000,65.0049,13942.03,0.802980,92.802749
1124.600,92.8027,300.0000,65.1250,65.0047,13940.59,0.802731,92.802749
1124.700,92.8027,300.0000,65.0000,65.0046,13939.25,0.802498,92.802749
1124.800,92.8027,300.0000,65.0625,65.0044,13937.99,0.802282,92.802749
1124.900,92.8027,300.0000,65.0625,65.0043,13936.82,0.802079,92.802749
1125.000,93.1087,300.0000,65.0000,65.0041,13938.79,0.802419,92.809553
1125.100,93.1087,300.0000,65.0000,65.0040,13940.62,0.802736,92.809553
1125.200,93.1087,300.0000,65.0625,65.0038,13942.33,0.803032,92.809553
1125.300,93.1087,300.0000,65.0625,65.0036,13943.93,0.803308,92.809553
1125.400,93.1087,300.0000,65.0625,65.0034,13945.42,0.803566,92.809553
1125.500,93.1087,300.0000,65.0000,65.0031,13946.82,0.803806,92.809553
1125.600,93.1087,300.0000,65.0000,65.0029,13948.12,0.804031,92.809553
1125.700,93.1087,300.0000,65.0625,65.0027,13949.33,0.804241,92.809553
1125.800,93.1087,300.0000,65.1250,65.0024,13950.46,0.804437,92.809553
1125.900,93.1087,300.0000,64.9375,65.0022,13951.52,0.804620,92.809553
1126.000,92.5036,300.0000,65.0625,65.0020,13946.45,0.803744,92.802749
1126.100,92.5036,300.0000,64.9375,65.0018,13941.72,0.802926,92.802749
1126.200,92.5036,300.0000,65.0000,65.0016,13937.31,0.802164,92.802749
1126.300,92.5036,300.0000,65.1250,65.0015,13933.19,0.801453,92.802749
1126.400,92.5036,300.0000,65.0000,65.0015,13929.35,0.800790,92.802749
1126.500,92.5036,300.0000,65.0625,65.0014,13925.76,0.800172,92.802749
1126.600,92.5036,300.0000,65.0625,65.0014,13922.41,0.799594,92.802749
1126.700,92.5036,300.0000,65.0000,65.0014,13919.29,0.799056,92.802749
1126.800,92.5036,300.0000,65.0000,65.0014,13916.37,0.798554,92.802749
1126.900,92.5036,300.0000,65.0000,65.0015,13913.65,0.798085,92.802749
1127.000,92.8027,300.0000,65.1250,65.0016,13914.10,0.798163,92.802749
1127.100,92.8027,300.0000,65.0625,65.0016,13914.52,0.798235,92.802749
1127.200,92.8027,300.0000,65.0000,65.0017,13914.91,0.798303,92.802749
1127.300,92.8027,300.0000,65.0625,65.0017,13915.28,0.798366,92.802749
1127.400,92.8027,300.0000,65.1250,65.0017,13915.62,0.798425,92.802749
1127.500,92.8027,300.0000,65.0625,65.0018,13915.94,0.798480,92.802749
1127.600,92.8027,300.0000,65.0625,65.0018,13916.24,0.798531,92.802749
1127.700,92.8027,300.0000,65.0625,65.0019,13916.52,0.798579,92.802749
1127.800,92.8027,300.0000,65.0625,65.0019,13916.78,0.798624,92.802749
1127.900,92.8027,300.0000,64.9375,65.0019,13917.02,0.798665,92.802749
1128.000,92.4967,300.0000,65.0625,65.0020,13914.19,0.798178,92.795945
1128.100,92.4967,300.0000,65.0625,65.0020,13911.54,0.797723,92.795945
1128.200,92.4967,300.0000,65.0000,65.0021,13909.07,0.797298,92.795945
1128.300,92.4967,300.0000,65.0000,65.0022,13906.77,0.796902,92.795945
1128.400,92.4967,300.0000,65.0000,65.0024,13904.62,0.796532,92.795945
1128.500,92.4967,300.0000,65.0000,65.0025,13902.61,0.796187,92.795945
1128.600,92.4967,300.0000,65.0625,65.0027,13900.74,0.795866,92.795945
1128.700,92.4967,300.0000,65.0000,65.0029,13898.99,0.795565,92.795945
1128.800,92.4967,300.0000,64.8750,65.0031,13897.36,0.795285,92.795945
1128.900,92.4967,300.0000,65.0000,65.0033,13895.83,0.795024,92.795945
1129.000,92.7959,300.0000,65.0000,65.0034,13897.40,0.795293,92.795945
1129.100,92.7959,300.0000,64.9375,65.0036,13898.87,0.795545,92.795945
1129.200,92.7959,300.0000,65.0000,65.0038,13900.24,0.795780,92.795945
1129.300,92.7959,300.0000,65.0000,65.0039,13901.52,0.795999,92.795945
1129.400,92.7959,300.0000,65.0625,65.0041,13902.71,0.796204,92.795945
1129.500,92.7959,300.0000,65.0000,65.0042,13903.82,0.796395,92.795945
1129.600,92.7959,300.0000,64.9375,65.0043,13904.86,0.796574,92.795945
1129.700,92.7959,300.0000,65.0000,65.0045,13905.83,0.796740,92.795945
1129.800,92.7959,300.0000,65.0000,65.0046,13906.73,0.796896,92.795945
1129.900,92.7959,300.0000,65.0625,65.0047,13907.58,0.797041,92.795945
1130.000,93.1019,300.0000,64.9375,65.0047,13911.42,0.797702,92.802749
1130.100,93.1019,300.0000,65.0000,65.0048,13915.01,0.798320,92.802749
1130.200,93.1019,300.0000,65.0000,65.0048,13918.37,0.798897,92.802749
1130.300,93.1019,300.0000,65.0000,65.0048,13921.49,0.799436,92.802749
1130.400,93.1019,300.0000,65.0625,65.0047,13924.41,0.799939,92.802749
1130.500,93.1019,300.0000,65.0000,65.0047,13927.14,0.800409,92.802749
1130.600,93.1019,300.0000,65.0000,65.0046,13929.68,0.800848,92.802749
1130.700,93.1019,300.0000,65.0625,65.0045,13932.06,0.801257,92.802749
1130.800,93.1019,300.0000,65.0000,65.0044,13934.27,0.801640,92.802749
1130.900,93.1019,300.0000,65.0000,65.0042,13936.34,0.801996,92.802749
1131.000,92.8027,300.0000,65.0000,65.0041,13935.28,0.801813,92.802749
1131.100,92.8027,300.0000,65.0000,65.0040,13934.29,0.801642,92.802749
1131.200,92.8027,300.0000,64.9375,65.0039,13933.36,0.801482,92.802749
1131.300,92.8027,300.0000,64.9375,65.0038,13932.50,0.801333,92.802749
1131.400,92.8027,300.0000,65.0000,65.0037,13931.69,0.801194,92.802749
1131.500,92.8027,300.0000,65.1250,65.0036,13930.94,0.801065,92.802749
1131.600,92.8027,300.0000,65.0000,65.0035,13930.24,0.800944,92.802749
1131.700,92.8027,300.0000,64.9375,65.0034,13929.58,0.800831,92.802749
1131.800,92.8027,300.0000,64.9375,65.0034,13928.97,0.800725,92.802749
1131.900,92.8027,300.0000,65.0000,65.0033,13928.40,0.800627,92.802749
1132.000,92.8027,300.0000,65.0625,65.0032,13927.87,0.800535,92.802749
1132.100,92.8027,300.0000,65.0000,65.0032,13927.37,0.800449,92.802749
1132.200,92.8027,300.0000,65.0000,65.0031,13926.91,0.800369,92.802749
1132.300,92.8027,300.0000,65.0000,65.0031,13926.48,0.800295,92.802749
1132.400,92.8027,300.0000,65.0000,65.0030,13926.07,0.800225,92.802749
1132.500,92.8027,300.0000,65.0000,65.0030,13925.69,0.800160,92.802749
1132.600,92.8027,300.0000,65.0000,65.0029,13925.34,0.800099,92.802749
1132.700,92.8027,300.0000,64.9375,65.0029,13925.01,0.800042,92.802749
1132.800,92.8027,300.0000,65.0000,65.0028,13924.71,0.799990,92.802749
1132.900,92.8027,300.0000,65.0000,65.0028,13924.42,0.799940,92.802749
1133.000,92.8027,300.0000,65.0000,65.0028,13924.15,0.799894,92.802749
1133.100,92.8027,300.0000,65.0000,65.0027,13923.90,0.799851,92.802749
1133.200,92.8027,300.0000,65.0625,65.0027,13923.67,0.799811,92.802749
1133.300,92.8027,300.0000,65.0625,65.0027,13923.45,0.799774,92.802749
1133.400,92.8027,300.0000,65.0000,65.0027,13923.25,0.799739,92.802749
1133.500,92.8027,300.0000,65.0000,65.0026,13923.06,0.799706,92.802749
1133.600,92.8027,300.0000,64.9375,65.0026,13922.88,0.799676,92.802749
1133.700,92.8027,300.0000,64.9375,65.0026,13922.72,0.799647,92.802749
1133.800,92.8027,300.0000,65.0000,65.0026,13922.57,0.799621,92.802749
1133.900,92.8027,300.0000,65.0000,65.0026,13922.42,0.799596,92.802749
1134.000,92.8027,300.0000,65.0000,65.0026,13922.29,0.799573,92.802749
1134.100,92.8027,300.0000,65.0625,65.0025,13922.16,0.799551,92.802749
1134.200,92.8027,300.0000,64.9375,65.0025,13922.05,0.799531,92.802749
1134.300,92.8027,300.0000,65.0000,65.0025,13921.94,0.799513,92.802749
1134.400,92.8027,300.0000,65.0000,65.0025,13921.84,0.799495,92.802749
1134.500,92.8027,300.0000,65.0000,65.0025,13921.74,0.799479,92.802749
1134.600,92.8027,300.0000,65.0625,65.0025,13921.65,0.799463,92.802749
1134.700,92.8027,300.0000,64.9375,65.0025,13921.57,0.799449,92.802749
1134.800,92.8027,300.0000,65.0000,65.0025,13921.49,0.799436,92.802749
1134.900,92.8027,300.0000,64.9375,65.0024,13921.42,0.799423,92.802749
1135.000,92.4967,300.0000,65.0625,65.0025,13918.29,0.798885,92.795945
1135.100,92.4967,300.0000,65.0000,65.0025,13915.37,0.798382,92.795945
1135.200,92.4967,300.0000,65.0000,65.0026,13912.65,0.797914,92.795945
1135.300,92.4967,300.0000,64.9375,65.0027,13910.11,0.797476,92.795945
1135.400,92.4967,300.0000,65.0000,65.0028,13907.74,0.797068,92.795945
1135.500,92.4967,300.0000,64.9375,65.0029,13905.52,0.796687,92.795945
1135.600,92.4967,300.0000,65.0000,65.0030,13903.45,0.796332,92.795945
1135.700,92.4967,300.0000,65.0000,65.0032,13901.52,0.796001,92.795945
1135.800,92.4967,300.0000,64.9375,65.0033,13899.72,0.795691,92.795945
1135.900,92.4967,300.0000,65.0000,65.0035,13898.04,0.795403,92.795945
1136.000,92.7959,300.0000,65.0000,65.0037,13899.47,0.795647,92.795945
1136.100,92.7959,300.0000,65.0625,65.0039,13900.79,0.795875,92.795945
1136.200,92.7959,300.0000,65.0625,65.0040,13902.03,0.796088,92.795945
1136.300,92.7959,300.0000,65.0625,65.0041,13903.19,0.796287,92.795945
1136.400,92.7959,300.0000,65.0000,65.0043,13904.27,0.796473,92.795945
1136.500,92.7959,300.0000,65.0000,65.0044,13905.28,0.796646,92.795945
1136.600,92.7959,300.0000,65.0000,65.0045,13906.22,0.796808,92.795945
1136.700,92.7959,300.0000,65.0000,65.0046,13907.10,0.796959,92.795945
1136.800,92.7959,300.0000,65.0000,65.0047,13907.92,0.797100,92.795945
1136.900,92.7959,300.0000,65.1250,65.0048,13908.68,0.797231,92.795945
1137.000,93.4079,300.0000,65.0000,65.0048,13915.52,0.798407,92.809553
1137.100,93.4079,300.0000,64.9375,65.0048,13921.89,0.799505,92.809553
1137.200,93.4079,300.0000,65.0000,65.0048,13927.85,0.800531,92.809553
1137.300,93.4079,300.0000,65.0000,65.0046,13933.40,0.801490,92.809553
1137.400,93.4079,300.0000,64.9375,65.0045,13938.59,0.802385,92.809553
1137.500,93.4079,300.0000,65.0625,65.0043,13943.43,0.803221,92.809553
1137.600,93.4079,300.0000,65.0000,65.0041,13947.95,0.804002,92.809553
1137.700,93.4079,300.0000,65.0000,65.0038,13952.16,0.804731,92.809553
1137.800,93.4079,300.0000,65.0000,65.0035,13956.10,0.805412,92.809553
1137.900,93.4079,300.0000,64.9375,65.0032,13959.77,0.806049,92.809553
1138.000,92.5036,300.0000,65.0625,65.0029,13954.16,0.805076,92.802749
1138.100,92.5036,300.0000,65.0000,65.0026,13948.91,0.804169,92.802749
1138.200,92.5036,300.0000,65.0625,65.0024,13944.02,0.803323,92.802749
1138.300,92.5036,300.0000,65.0000,65.0023,13939.46,0.802535,92.802749
1138.400,92.5036,300.0000,64.9375,65.0022,13935.19,0.801799,92.802749
1138.500,92.5036,300.0000,65.0000,65.0021,13931.22,0.801112,92.802749
1138.600,92.5036,300.0000,64.9375,65.0020,13927.51,0.800472,92.802749
1138.700,92.5036,300.0000,65.0625,65.0020,13924.04,0.799875,92.802749
1138.800,92.5036,300.0000,65.0000,65.0020,13920.81,0.799318,92.802749
1138.900,92.5036,300.0000,65.0000,65.0020,13917.79,0.798798,92.802749
1139.000,92.8027,300.0000,64.9375,65.0020,13917.96,0.798828,92.802749
1139.100,92.8027,300.0000,65.0000,65.0021,13918.13,0.798856,92.802749
1139.200,92.8027,300.0000,65.0000,65.0021,13918.28,0.798882,92.802749
1139.300,92.8027,300.0000,65.0000,65.0021,13918.42,0.798907,92.802749
1139.400,92.8027,300.0000,65.0625,65.0021,13918.55,0.798930,92.802749
1139.500,92.8027,300.0000,65.0000,65.0021,13918.68,0.798951,92.802749
1139.600,92.8027,300.0000,64.9375,65.0021,13918.79,0.798971,92.802749
1139.700,92.8027,300.0000,64.9375,65.0021,13918.90,0.798990,92.802749
1139.800,92.8027,300.0000,65.0625,65.0022,13919.00,0.799007,92.802749
1139.900,92.8027,300.0000,64.9375,65.0022,13919.10,0.799023,92.802749
1140.000,92.4967,300.0000,65.0000,65.0022,13916.12,0.798511,92.795945
1140.100,92.4967,300.0000,64.9375,65.0023,13913.35,0.798034,92.795945
1140.200,92.4967,300.0000,65.0625,65.0023,13910.76,0.797588,92.795945
1140.300,92.4967,300.0000,65.0000,65.0024,13908.34,0.797173,92.795945
1140.400,92.4967,300.0000,65.0000,65.0026,13906.09,0.796785,92.795945
1140.500,92.4967,300.0000,65.0625,65.0027,13903.98,0.796423,92.795945
1140.600,92.4967,300.0000,64.8750,65.0029,13902.02,0.796086,92.795945
1140.700,92.4967,300.0000,65.0000,65.0030,13900.19,0.795771,92.795945
1140.800,92.4967,300.0000,65.0000,65.0032,13898.47,0.795477,92.795945
1140.900,92.4967,300.0000,65.0625,65.0034,13896.88,0.795203,92.795945
1141.000,93.1019,300.0000,65.0000,65.0035,13901.44,0.795986,92.802749
1141.100,93.1019,300.0000,64.9375,65.0037,13905.69,0.796717,92.802749
1141.200,93.1019,300.0000,65.0000,65.0038,13909.67,0.797400,92.802749
1141.300,93.1019,300.0000,65.0625,65.0038,13913.38,0.798038,92.802749
1141.400,93.1019,300.0000,65.0000,65.0038,13916.84,0.798634,92.802749
1141.500,93.1019,300.0000,65.0000,65.0038,13920.07,0.799190,92.802749
1141.600,93.1019,300.0000,65.0625,65.0038,13923.08,0.799710,92.802749
1141.700,93.1019,300.0000,64.9375,65.0038,13925.90,0.800195,92.802749
1141.800,93.1019,300.0000,65.0000,65.0037,13928.52,0.800648,92.802749
1141.900,93.1019,300.0000,64.9375,65.0036,13930.97,0.801070,92.802749
1142.000,92.4967,300.0000,64.8750,65.0035,13927.21,0.800421,92.795945
1142.100,92.4967,300.0000,64.8750,65.0035,13923.70,0.799816,92.795945
1142.200,92.4967,300.0000,64.9375,65.0035,13920.42,0.799251,92.795945
1142.300,92.4967,300.0000,65.0000,65.0035,13917.36,0.798724,92.795945
1142.400,92.4967,300.0000,65.0000,65.0036,13914.50,0.798232,92.795945
1142.500,92.4967,300.0000,65.1250,65.0036,13911.83,0.797773,92.795945
1142.600,92.4967,300.0000,65.0000,65.0037,13909.35,0.797345,92.795945
1142.700,92.4967,300.0000,65.0000,65.0038,13907.02,0.796946,92.795945
1142.800,92.4967,300.0000,65.0000,65.0040,13904.86,0.796573,92.795945
1142.900,92.4967,300.0000,65.0000,65.0041,13902.83,0.796226,92.795945
1143.000,92.7959,300.0000,65.0625,65.0042,13903.94,0.796415,92.795945
1143.100,92.7959,300.0000,65.0000,65.0044,13904.97,0.796593,92.795945
1143.200,92.7959,300.0000,64.9375,65.0045,13905.93,0.796758,92.795945
1143.300,92.7959,300.0000,65.0000,65.0046,13906.83,0.796912,92.795945
1143.400,92.7959,300.0000,65.0625,65.0047,13907.66,0.797056,92.795945
1143.500,92.7959,300.0000,65.0000,65.0048,13908.45,0.797190,92.795945
1143.600,92.7959,300.0000,64.9375,65.0049,13909.18,0.797316,92.795945
1143.700,92.7959,300.0000,65.0000,65.0050,13909.86,0.797433,92.795945
1143.800,92.7959,300.0000,65.0625,65.0050,13910.49,0.797542,92.795945
1143.900,92.7959,300.0000,65.1250,65.0051,13911.09,0.797644,92.795945
1144.000,93.4079,300.0000,65.0000,65.0051,13917.76,0.798793,92.809553
1144.100,93.4079,300.0000,65.0000,65.0051,13923.99,0.799866,92.809553
1144.200,93.4079,300.0000,64.9375,65.0050,13929.80,0.800868,92.809553
1144.300,93.4079,300.0000,64.9375,65.0049,13935.23,0.801804,92.809553
1144.400,93.4079,300.0000,65.0000,65.0047,13940.29,0.802679,92.809553
1144.500,93.4079,300.0000,64.9375,65.0045,13945.02,0.803496,92.809553
1144.600,93.4079,300.0000,64.8750,65.0042,13949.43,0.804258,92.809553
1144.700,93.4079,300.0000,65.0000,65.0040,13953.55,0.804971,92.809553
1144.800,93.4079,300.0000,65.0000,65.0037,13957.39,0.805636,92.809553
1144.900,93.4079,300.0000,65.0000,65.0033,13960.98,0.806257,92.809553
1145.000,92.8096,300.0000,65.0625,65.0030,13958.34,0.805801,92.809553
1145.100,92.8096,300.0000,65.0000,65.0027,13955.88,0.805375,92.809553
1145.200,92.8096,300.0000,65.0000,65.0024,13953.58,0.804977,92.809553
1145.300,92.8096,300.0000,65.0000,65.0022,13951.44,0.804606,92.809553
1145.400,92.8096,300.0000,64.9375,65.0019,13949.44,0.804260,92.809553
1145.500,92.8096,300.0000,64.9375,65.0017,13947.57,0.803937,92.809553
1145.600,92.8096,300.0000,64.9375,65.0015,13945.83,0.803636,92.809553
1145.700,92.8096,300.0000,65.0000,65.0013,13944.20,0.803355,92.809553
1145.800,92.8096,300.0000,65.0000,65.0011,13942.69,0.803092,92.809553
1145.900,92.8096,300.0000,65.0000,65.0009,13941.27,0.802848,92.809553
1146.000,92.8096,300.0000,65.0625,65.0008,13939.95,0.802619,92.809553
1146.100,92.8096,300.0000,65.0625,65.0006,13938.71,0.802406,92.809553
1146.200,92.8096,300.0000,65.0000,65.0005,13937.56,0.802207,92.809553
1146.300,92.8096,300.0000,64.8750,65.0004,13936.49,0.802021,92.809553
1146.400,92.8096,300.0000,65.0000,65.0002,13935.48,0.801848,92.809553
1146.500,92.8096,300.0000,64.9375,65.0001,13934.55,0.801687,92.809553
1146.600,92.8096,300.0000,65.0625,65.0000,13933.67,0.801536,92.809553
1146.700,92.8096,300.0000,65.0000,64.9999,13932.86,0.801395,92.809553
1146.800,92.8096,300.0000,65.0625,64.9998,13932.09,0.801264,92.809553
1146.900,92.8096,300.0000,64.9375,64.9998,13931.38,0.801141,92.809553
1147.000,92.5036,300.0000,65.0000,64.9997,13927.66,0.800499,92.802749
1147.100,92.5036,300.0000,65.0000,64.9997,13924.18,0.799900,92.802749
1147.200,92.5036,300.0000,65.0625,64.9997,13920.94,0.799341,92.802749
1147.300,92.5036,300.0000,65.0625,64.9997,13917.91,0.798820,92.802749
1147.400,92.5036,300.0000,64.9375,64.9998,13915.09,0.798333,92.802749
1147.500,92.5036,300.0000,65.0625,64.9998,13912.45,0.797879,92.802749
1147.600,92.5036,300.0000,65.0625,64.9999,13909.99,0.797456,92.802749
1147.700,92.5036,300.0000,65.0625,65.0000,13907.69,0.797061,92.802749
1147.800,92.5036,300.0000,65.0625,65.0002,13905.55,0.796692,92.802749
1147.900,92.5036,300.0000,65.0000,65.0003,13903.55,0.796348,92.802749
1148.000,92.8027,300.0000,65.0625,65.0004,13904.67,0.796542,92.802749
1148.100,92.8027,300.0000,64.9375,65.0006,13905.72,0.796722,92.802749
1148.200,92.8027,300.0000,65.0000,65.0007,13906.70,0.796890,92.802749
1148.300,92.8027,300.0000,64.9375,65.0008,13907.62,0.797048,92.802749
1148.400,92.8027,300.0000,65.0000,65.0009,13908.47,0.797194,92.802749
1148.500,92.8027,300.0000,64.9375,65.0010,13909.26,0.797331,92.802749
1148.600,92.8027,300.0000,65.0000,65.0011,13910.01,0.797459,92.802749
1148.700,92.8027,300.0000,65.0625,65.0012,13910.70,0.797578,92.802749
1148.800,92.8027,300.0000,65.0000,65.0012,13911.35,0.797690,92.802749
1148.900,92.8027,300.0000,65.0625,65.0013,13911.95,0.797794,92.802749
1149.000,93.1087,300.0000,65.0000,65.0014,13915.58,0.798417,92.809553
1149.100,93.1087,300.0000,65.0625,65.0014,13918.96,0.799000,92.809553
1149.200,93.1087,300.0000,65.0000,65.0014,13922.12,0.799543,92.809553
1149.300,93.1087,300.0000,65.0625,65.0013,13925.06,0.800051,92.809553
1149.400,93.1087,300.0000,64.9375,65.0013,13927.81,0.800525,92.809553
1149.500,93.1087,300.0000,64.9375,65.0012,13930.38,0.800968,92.809553
1149.600,93.1087,300.0000,64.9375,65.0011,13932.77,0.801381,92.809553
1149.700,93.1087,300.0000,65.0000,65.0010,13935.01,0.801767,92.809553
1149.800,93.1087,300.0000,65.0625,65.0008,13937.10,0.802127,92.809553
1149.900,93.1087,300.0000,65.0000,65.0007,13939.05,0.802463,92.809553
1150.000,92.8096,300.0000,65.0000,65.0005,13937.87,0.802261,92.809553
1150.100,92.8096,300.0000,65.0000,65.0004,13936.78,0.802072,92.809553
1150.200,92.8096,300.0000,65.1875,65.0003,13935.75,0.801895,92.809553
1150.300,92.8096,300.0000,65.0000,65.0002,13934.80,0.801730,92.809553
1150.400,92.8096,300.0000,64.9375,65.0001,13933.91,0.801576,92.809553
1150.500,92.8096,300.0000,65.0625,65.0000,13933.08,0.801433,92.809553
1150.600,92.8096,300.0000,65.0625,64.9999,13932.30,0.801299,92.809553
1150.700,92.8096,300.0000,65.0000,64.9998,13931.57,0.801174,92.809553
1150.800,92.8096,300.0000,64.8750,64.9997,13930.90,0.801057,92.809553
1150.900,92.8096,300.0000,64.9375,64.9996,13930.27,0.800948,92.809553
1151.000,92.5036,300.0000,65.0000,64.9996,13926.62,0.800319,92.802749
1151.100,92.5036,300.0000,65.0000,64.9996,13923.21,0.799732,92.802749
1151.200,92.5036,300.0000,64.9375,64.9996,13920.03,0.799185,92.802749
1151.300,92.5036,300.0000,65.0625,64.9996,13917.07,0.798674,92.802749
1151.400,92.5036,300.0000,65.0000,64.9997,13914.30,0.798197,92.802749
1151.500,92.5036,300.0000,65.0000,64.9997,13911.71,0.797752,92.802749
1151.600,92.5036,300.0000,65.0625,64.9998,13909.30,0.797338,92.802749
1151.700,92.5036,300.0000,64.9375,65.0000,13907.05,0.796950,92.802749
1151.800,92.5036,300.0000,64.9375,65.0001,13904.95,0.796589,92.802749
1151.900,92.5036,300.0000,65.0625,65.0002,13902.99,0.796252,92.802749
1152.000,93.1087,300.0000,65.0625,65.0003,13907.21,0.796978,92.809553
1152.100,93.1087,300.0000,64.9375,65.0004,13911.15,0.797655,92.809553
1152.200,93.1087,300.0000,64.8750,65.0005,13914.83,0.798288,92.809553
1152.300,93.1087,300.0000,64.9375,65.0005,13918.26,0.798879,92.809553
1152.400,93.1087,300.0000,65.0625,65.0005,13921.46,0.799431,92.809553
1152.500,93.1087,300.0000,65.0000,65.0005,13924.45,0.799946,92.809553
1152.600,93.1087,300.0000,65.0000,65.0004,13927.24,0.800427,92.809553
1152.700,93.1087,300.0000,64.9375,65.0003,13929.85,0.800876,92.809553
1152.800,93.1087,300.0000,65.0000,65.0002,13932.28,0.801296,92.809553
1152.900,93.1087,300.0000,65.0000,65.0001,13934.55,0.801687,92.809553
1153.000,92.8096,300.0000,65.0625,65.0000,13933.67,0.801536,92.809553
1153.100,92.8096,300.0000,65.0625,64.9999,13932.86,0.801395,92.809553
1153.200,92.8096,300.0000,65.0000,64.9998,13932.10,0.801264,92.809553
1153.300,92.8096,300.0000,65.0625,64.9998,13931.39,0.801141,92.809553
1153.400,92.8096,300.0000,65.0625,64.9997,13930.72,0.801027,92.809553
1153.500,92.8096,300.0000,65.0625,64.9996,13930.10,0.800920,92.809553
1153.600,92.8096,300.0000,65.0000,64.9995,13929.52,0.800820,92.809553
1153.700,92.8096,300.0000,64.9375,64.9995,13928.99,0.800727,92.809553
1153.800,92.8096,300.0000,65.0625,64.9994,13928.48,0.800641,92.809553
1153.900,92.8096,300.0000,65.0000,64.9993,13928.01,0.800559,92.809553
1154.000,92.8096,300.0000,64.9375,64.9993,13927.57,0.800484,92.809553
1154.100,92.8096,300.0000,65.0625,64.9992,13927.16,0.800413,92.809553
1154.200,92.8096,300.0000,64.9375,64.9992,13926.78,0.800347,92.809553
1154.300,92.8096,300.0000,65.0000,64.9992,13926.43,0.800286,92.809553
1154.400,92.8096,300.0000,64.9375,64.9991,13926.09,0.800229,92.809553
1154.500,92.8096,300.0000,65.0625,64.9991,13925.78,0.800175,92.809553
1154.600,92.8096,300.0000,65.0000,64.9990,13925.49,0.800125,92.809553
1154.700,92.8096,300.0000,65.0000,64.9990,13925.22,0.800078,92.809553
1154.800,92.8096,300.0000,65.0000,64.9990,13924.97,0.800035,92.809553
1154.900,92.8096,300.0000,65.0625,64.9990,13924.73,0.799994,92.809553
1155.000,93.1156,300.0000,65.0000,64.9989,13927.57,0.800484,92.816358
1155.100,93.1156,300.0000,65.0000,64.9988,13930.22,0.800941,92.816358
1155.200,93.1156,300.0000,64.9375,64.9987,13932.70,0.801368,92.816358
1155.300,93.1156,300.0000,65.0000,64.9986,13935.01,0.801766,92.816358
1155.400,93.1156,300.0000,65.0625,64.9985,13937.16,0.802138,92.816358
1155.500,93.1156,300.0000,65.0000,64.9983,13939.17,0.802486,92.816358
1155.600,93.1156,300.0000,65.0000,64.9982,13941.05,0.802810,92.816358
1155.700,93.1156,300.0000,65.0000,64.9980,13942.80,0.803113,92.816358
1155.800,93.1156,300.0000,65.0625,64.9978,13944.44,0.803395,92.816358
1155.900,93.1156,300.0000,65.1250,64.9976,13945.96,0.803659,92.816358
1156.000,93.4284,300.0000,65.0625,64.9974,13950.52,0.804446,92.829966
1156.100,93.4284,300.0000,64.9375,64.9971,13954.77,0.805182,92.829966
1156.200,93.4284,300.0000,65.0000,64.9968,13958.73,0.805868,92.829966
1156.300,93.4284,300.0000,64.9375,64.9965,13962.43,0.806510,92.829966
1156.400,93.4284,300.0000,65.0000,64.9961,13965.89,0.807108,92.829966
1156.500,93.4284,300.0000,65.0000,64.9957,13969.11,0.807668,92.829966
1156.600,93.4284,300.0000,64.9375,64.9953,13972.12,0.808190,92.829966
1156.700,93.4284,300.0000,64.9375,64.9948,13974.93,0.808677,92.829966
1156.800,93.4284,300.0000,64.9375,64.9944,13977.55,0.809132,92.829966
1156.900,93.4284,300.0000,65.0625,64.9939,13980.00,0.809557,92.829966
1157.000,93.1360,300.0000,64.9375,64.9934,13979.36,0.809446,92.836770
1157.100,93.1360,300.0000,64.8750,64.9930,13978.76,0.809342,92.836770
1157.200,93.1360,300.0000,64.9375,64.9925,13978.20,0.809245,92.836770
1157.300,93.1360,300.0000,64.9375,64.9921,13977.68,0.809155,92.836770
1157.400,93.1360,300.0000,65.0000,64.9916,13977.20,0.809071,92.836770
1157.500,93.1360,300.0000,65.0000,64.9912,13976.74,0.808992,92.836770
1157.600,93.1360,300.0000,65.0625,64.9907,13976.32,0.808918,92.836770
1157.700,93.1360,300.0000,64.8750,64.9903,13975.93,0.808850,92.836770
1157.800,93.1360,300.0000,64.9375,64.9899,13975.56,0.808786,92.836770
1157.900,93.1360,300.0000,65.0000,64.9894,13975.21,0.808726,92.836770
1158.000,92.8368,300.0000,65.0000,64.9890,13971.90,0.808151,92.836770
1158.100,92.8368,300.0000,65.0000,64.9887,13968.81,0.807615,92.836770
1158.200,92.8368,300.0000,65.0000,64.9883,13965.92,0.807114,92.836770
1158.300,92.8368,300.0000,65.0000,64.9880,13963.23,0.806647,92.836770
1158.400,92.8368,300.0000,65.0000,64.9877,13960.71,0.806212,92.836770
1158.500,92.8368,300.0000,65.0000,64.9874,13958.37,0.805805,92.836770
1158.600,92.8368,300.0000,64.9375,64.9872,13956.18,0.805426,92.836770
1158.700,92.8368,300.0000,65.0625,64.9869,13954.13,0.805072,92.836770
1158.800,92.8368,300.0000,65.0625,64.9867,13952.22,0.804742,92.836770
1158.900,92.8368,300.0000,64.9375,64.9865,13950.44,0.804434,92.836770
1159.000,92.5308,300.0000,64.9375,64.9863,13945.72,0.803617,92.829966
1159.100,92.5308,300.0000,65.0000,64.9862,13941.32,0.802856,92.829966
1159.200,92.5308,300.0000,64.9375,64.9860,13937.20,0.802145,92.829966
1159.300,92.5308,300.0000,65.0625,64.9860,13933.36,0.801483,92.829966
1159.400,92.5308,300.0000,65.0625,64.9859,13929.78,0.800864,92.829966
1159.500,92.5308,300.0000,65.0625,64.9859,13926.44,0.800288,92.829966
1159.600,92.5308,300.0000,64.9375,64.9859,13923.31,0.799750,92.829966
1159.700,92.5308,300.0000,65.0000,64.9860,13920.40,0.799248,92.829966
1159.800,92.5308,300.0000,65.0000,64.9860,13917.68,0.798780,92.829966
1159.900,92.5308,300.0000,64.8750,64.9861,13915.14,0.798343,92.829966
1160.000,92.2180,300.0000,65.0625,64.9862,13909.65,0.797397,92.816358
1160.100,92.2180,300.0000,65.0625,64.9864,13904.52,0.796515,92.816358
1160.200,92.2180,300.0000,65.0000,64.9866,13899.73,0.795692,92.816358
1160.300,92.2180,300.0000,65.0000,64.9869,13895.26,0.794925,92.816358
1160.400,92.2180,300.0000,65.0625,64.9871,13891.09,0.794210,92.816358
1160.500,92.2180,300.0000,65.0000,64.9874,13887.20,0.793542,92.816358
1160.600,92.2180,300.0000,64.9375,64.9878,13883.56,0.792919,92.816358
1160.700,92.2180,300.0000,65.0000,64.9881,13880.17,0.792338,92.816358
1160.800,92.2180,300.0000,65.0625,64.9885,13877.01,0.791797,92.816358
1160.900,92.2180,300.0000,65.0625,64.9890,13874.05,0.791291,92.816358
1161.000,93.1224,300.0000,65.0000,64.9893,13880.34,0.792367,92.823162
1161.100,93.1224,300.0000,65.0625,64.9896,13886.21,0.793372,92.823162
1161.200,93.1224,300.0000,65.0000,64.9899,13891.68,0.794311,92.823162
1161.300,93.1224,300.0000,65.0000,64.9901,13896.79,0.795189,92.823162
1161.400,93.1224,300.0000,65.0000,64.9903,13901.57,0.796008,92.823162
1161.500,93.1224,300.0000,64.9375,64.9904,13906.02,0.796773,92.823162
1161.600,93.1224,300.0000,65.0000,64.9906,13910.17,0.797487,92.823162
1161.700,93.1224,300.0000,65.0000,64.9906,13914.05,0.798155,92.823162
1161.800,93.1224,300.0000,65.0000,64.9907,13917.67,0.798778,92.823162
1161.900,93.1224,300.0000,65.0000,64.9907,13921.05,0.799360,92.823162
1162.000,92.8232,300.0000,65.0625,64.9907,13921.21,0.799388,92.823162
1162.100,92.8232,300.0000,65.0625,64.9907,13921.36,0.799414,92.823162
1162.200,92.8232,300.0000,65.0000,64.9908,13921.50,0.799438,92.823162
1162.300,92.8232,300.0000,65.0000,64.9908,13921.64,0.799460,92.823162
1162.400,92.8232,300.0000,65.0000,64.9908,13921.76,0.799482,92.823162
1162.500,92.8232,300.0000,65.1250,64.9908,13921.87,0.799501,92.823162
1162.600,92.8232,300.0000,64.9375,64.9908,13921.98,0.799520,92.823162
1162.700,92.8232,300.0000,65.0000,64.9908,13922.08,0.799537,92.823162
1162.800,92.8232,300.0000,65.0000,64.9908,13922.17,0.799553,92.823162
1162.900,92.8232,300.0000,65.0000,64.9909,13922.26,0.799568,92.823162
1163.000,92.8232,300.0000,64.9375,64.9909,13922.34,0.799582,92.823162
1163.100,92.8232,300.0000,65.0000,64.9909,13922.42,0.799595,92.823162
1163.200,92.8232,300.0000,64.9375,64.9909,13922.49,0.799607,92.823162
1163.300,92.8232,300.0000,65.0000,64.9909,13922.55,0.799618,92.823162
1163.400,92.8232,300.0000,65.0000,64.9909,13922.61,0.799629,92.823162
1163.500,92.8232,300.0000,64.9375,64.9909,13922.67,0.799639,92.823162
1163.600,92.8232,300.0000,64.9375,64.9909,13922.72,0.799648,92.823162
1163.700,92.8232,300.0000,65.0000,64.9909,13922.77,0.799657,92.823162
1163.800,92.8232,300.0000,65.0625,64.9909,13922.82,0.799665,92.823162
1163.900,92.8232,300.0000,65.0000,64.9909,13922.86,0.799672,92.823162
1164.000,92.8232,300.0000,65.0000,64.9909,13922.91,0.799679,92.823162
1164.100,92.8232,300.0000,65.0000,64.9909,13922.94,0.799686,92.823162
1164.200,92.8232,300.0000,64.8750,64.9909,13922.98,0.799692,92.823162
1164.300,92.8232,300.0000,65.0625,64.9909,13923.01,0.799698,92.823162
1164.400,92.8232,300.0000,64.9375,64.9909,13923.04,0.799703,92.823162
1164.500,92.8232,300.0000,65.0625,64.9909,13923.07,0.799708,92.823162
1164.600,92.8232,300.0000,65.0625,64.9909,13923.10,0.799712,92.823162
1164.700,92.8232,300.0000,65.0625,64.9910,13923.12,0.799717,92.823162
1164.800,92.8232,300.0000,65.0000,64.9910,13923.15,0.799721,92.823162
1164.900,92.8232,300.0000,65.0625,64.9910,13923.17,0.799725,92.823162
1165.000,93.1292,300.0000,65.1250,64.9909,13926.25,0.800256,92.829966
1165.100,93.1292,300.0000,65.0000,64.9909,13929.12,0.800751,92.829966
1165.200,93.1292,300.0000,64.9375,64.9908,13931.81,0.801214,92.829966
1165.300,93.1292,300.0000,64.9375,64.9907,13934.31,0.801646,92.829966
1165.400,93.1292,300.0000,64.9375,64.9906,13936.65,0.802050,92.829966
1165.500,93.1292,300.0000,65.0000,64.9905,13938.83,0.802427,92.829966
1165.600,93.1292,300.0000,65.0625,64.9903,13940.87,0.802778,92.829966
1165.700,93.1292,300.0000,65.0000,64.9902,13942.77,0.803107,92.829966
1165.800,93.1292,300.0000,65.0000,64.9900,13944.54,0.803413,92.829966
1165.900,93.1292,300.0000,65.0000,64.9898,13946.20,0.803699,92.829966
1166.000,92.8300,300.0000,64.8750,64.9897,13944.75,0.803449,92.829966
1166.100,92.8300,300.0000,64.9375,64.9895,13943.40,0.803216,92.829966
1166.200,92.8300,300.0000,65.0000,64.9893,13942.14,0.802998,92.829966
1166.300,92.8300,300.0000,65.0000,64.9892,13940.96,0.802795,92.829966
1166.400,92.8300,300.0000,65.0000,64.9891,13939.87,0.802605,92.829966
1166.500,92.8300,300.0000,65.0000,64.9889,13938.84,0.802428,92.829966
1166.600,92.8300,300.0000,65.0000,64.9888,13937.88,0.802263,92.829966
1166.700,92.8300,300.0000,65.0000,64.9887,13936.99,0.802109,92.829966
1166.800,92.8300,300.0000,64.9375,64.9886,13936.16,0.801965,92.829966
1166.900,92.8300,300.0000,65.0625,64.9885,13935.38,0.801831,92.829966
1167.000,93.1360,300.0000,65.0625,64.9884,13937.72,0.802234,92.836770
1167.100,93.1360,300.0000,65.0000,64.9883,13939.89,0.802610,92.836770
1167.200,93.1360,300.0000,64.9375,64.9881,13941.93,0.802961,92.836770
1167.300,93.1360,300.0000,64.9375,64.9880,13943.82,0.803289,92.836770
1167.400,93.1360,300.0000,65.0000,64.9878,13945.60,0.803595,92.836770
1167.500,93.1360,300.0000,65.0625,64.9876,13947.25,0.803881,92.836770
1167.600,93.1360,300.0000,65.0625,64.9874,13948.79,0.804148,92.836770
1167.700,93.1360,300.0000,65.0000,64.9872,13950.23,0.804397,92.836770
1167.800,93.1360,300.0000,65.0000,64.9870,13951.58,0.804630,92.836770
1167.900,93.1360,300.0000,65.0000,64.9867,13952.83,0.804847,92.836770
1168.000,92.8368,300.0000,64.9375,64.9865,13951.01,0.804532,92.836770
1168.100,92.8368,300.0000,65.0000,64.9863,13949.31,0.804238,92.836770
1168.200,92.8368,300.0000,65.0625,64.9861,13947.72,0.803963,92.836770
1168.300,92.8368,300.0000,65.0000,64.9859,13946.24,0.803707,92.836770
1168.400,92.8368,300.0000,65.0625,64.9858,13944.86,0.803469,92.836770
1168.500,92.8368,300.0000,65.0000,64.9856,13943.57,0.803246,92.836770
1168.600,92.8368,300.0000,65.0000,64.9855,13942.37,0.803038,92.836770
1168.700,92.8368,300.0000,65.0625,64.9853,13941.24,0.802843,92.836770
1168.800,92.8368,300.0000,64.8750,64.9852,13940.20,0.802662,92.836770
1168.900,92.8368,300.0000,64.8750,64.9851,13939.22,0.802493,92.836770
1169.000,92.2248,300.0000,64.9375,64.9850,13932.18,0.801279,92.823162
1169.100,92.2248,300.0000,64.9375,64.9850,13925.62,0.800147,92.823162
1169.200,92.2248,300.0000,65.0000,64.9851,13919.49,0.799091,92.823162
1169.300,92.2248,300.0000,65.0625,64.9852,13913.77,0.798107,92.823162
1169.400,92.2248,300.0000,65.0000,64.9853,13908.44,0.797189,92.823162
1169.500,92.2248,300.0000,65.0000,64.9855,13903.46,0.796333,92.823162
1169.600,92.2248,300.0000,65.0625,64.9857,13898.81,0.795534,92.823162
1169.700,92.2248,300.0000,64.9375,64.9859,13894.47,0.794789,92.823162
1169.800,92.2248,300.0000,65.0000,64.9862,13890.42,0.794094,92.823162
1169.900,92.2248,300.0000,64.8750,64.9866,13886.64,0.793446,92.823162
1170.000,92.2112,300.0000,64.9375,64.9869,13882.97,0.792818,92.809553
1170.100,92.2112,300.0000,65.0000,64.9873,13879.55,0.792232,92.809553
1170.200,92.2112,300.0000,65.0000,64.9877,13876.36,0.791686,92.809553
1170.300,92.2112,300.0000,65.0000,64.9881,13873.38,0.791176,92.809553
1170.400,92.2112,300.0000,65.0000,64.9885,13870.60,0.790701,92.809553
1170.500,92.2112,300.0000,65.0625,64.9890,13868.01,0.790257,92.809553
1170.600,92.2112,300.0000,65.0000,64.9895,13865.58,0.789843,92.809553
1170.700,92.2112,300.0000,64.9375,64.9900,13863.32,0.789457,92.809553
1170.800,92.2112,300.0000,65.0000,64.9905,13861.21,0.789096,92.809553
1170.900,92.2112,300.0000,65.0625,64.9910,13859.24,0.788760,92.809553
1171.000,93.1156,300.0000,65.0000,64.9915,13866.45,0.789991,92.816358
1171.100,93.1156,300.0000,65.0000,64.9919,13873.18,0.791141,92.816358
1171.200,93.1156,300.0000,64.9375,64.9923,13879.45,0.792215,92.816358
1171.300,93.1156,300.0000,65.0625,64.9926,13885.31,0.793219,92.816358
1171.400,93.1156,300.0000,65.0000,64.9929,13890.78,0.794156,92.816358
1171.500,93.1156,300.0000,65.0000,64.9931,13895.88,0.795032,92.816358
1171.600,93.1156,300.0000,65.0625,64.9933,13900.65,0.795850,92.816358
1171.700,93.1156,300.0000,65.0000,64.9934,13905.09,0.796614,92.816358
1171.800,93.1156,300.0000,65.0000,64.9935,13909.24,0.797327,92.816358
1171.900,93.1156,300.0000,65.0000,64.9936,13913.11,0.797993,92.816358
1172.000,92.8164,300.0000,65.0000,64.9937,13913.74,0.798101,92.816358
1172.100,92.8164,300.0000,65.0000,64.9938,13914.32,0.798201,92.816358
1172.200,92.8164,300.0000,64.9375,64.9938,13914.86,0.798294,92.816358
1172.300,92.8164,300.0000,65.0000,64.9939,13915.37,0.798381,92.816358
1172.400,92.8164,300.0000,65.0625,64.9940,13915.84,0.798462,92.816358
1172.500,92.8164,300.0000,65.0000,64.9940,13916.28,0.798538,92.816358
1172.600,92.8164,300.0000,64.8750,64.9941,13916.69,0.798609,92.816358
1172.700,92.8164,300.0000,65.0000,64.9941,13917.08,0.798675,92.816358
1172.800,92.8164,300.0000,64.9375,64.9941,13917.43,0.798737,92.816358
1172.900,92.8164,300.0000,65.0625,64.9942,13917.77,0.798795,92.816358
1173.000,93.1224,300.0000,65.0000,64.9942,13921.14,0.799375,92.823162
1173.100,93.1224,300.0000,64.9375,64.9942,13924.29,0.799918,92.823162
1173.200,93.1224,300.0000,64.9375,64.9941,13927.23,0.800424,92.823162
1173.300,93.1224,300.0000,64.9375,64.9941,13929.97,0.800897,92.823162
1173.400,93.1224,300.0000,65.0625,64.9940,13932.53,0.801338,92.823162
1173.500,93.1224,300.0000,65.0625,64.9939,13934.92,0.801751,92.823162
1173.600,93.1224,300.0000,65.0000,64.9938,13937.14,0.802135,92.823162
1173.700,93.1224,300.0000,65.0625,64.9936,13939.23,0.802495,92.823162
1173.800,93.1224,300.0000,65.0625,64.9935,13941.17,0.802830,92.823162
1173.900,93.1224,300.0000,65.0000,64.9933,13942.98,0.803143,92.823162
1174.000,92.8232,300.0000,65.0625,64.9932,13941.68,0.802919,92.823162
1174.100,92.8232,300.0000,65.0000,64.9930,13940.47,0.802709,92.823162
1174.200,92.8232,300.0000,64.9375,64.9929,13939.33,0.802513,92.823162
1174.300,92.8232,300.0000,65.0625,64.9928,13938.28,0.802331,92.823162
1174.400,92.8232,300.0000,64.9375,64.9926,13937.29,0.802160,92.823162
1174.500,92.8232,300.0000,64.9375,64.9925,13936.37,0.802001,92.823162
1174.600,92.8232,300.0000,64.9375,64.9924,13935.51,0.801853,92.823162
1174.700,92.8232,300.0000,64.9375,64.9923,13934.71,0.801714,92.823162
1174.800,92.8232,300.0000,65.0000,64.9922,13933.96,0.801585,92.823162
1174.900,92.8232,300.0000,65.0625,64.9922,13933.26,0.801465,92.823162
1175.000,93.1292,300.0000,65.0625,64.9920,13935.67,0.801880,92.829966
1175.100,93.1292,300.0000,64.8750,64.9919,13937.91,0.802268,92.829966
1175.200,93.1292,300.0000,65.0000,64.9918,13940.01,0.802630,92.829966
1175.300,93.1292,300.0000,64.9375,64.9916,13941.97,0.802968,92.829966
1175.400,93.1292,300.0000,65.0000,64.9915,13943.80,0.803284,92.829966
1175.500,93.1292,300.0000,64.9375,64.9913,13945.50,0.803579,92.829966
1175.600,93.1292,300.0000,64.9375,64.9911,13947.09,0.803854,92.829966
1175.700,93.1292,300.0000,64.9375,64.9909,13948.58,0.804111,92.829966
1175.800,93.1292,300.0000,64.9375,64.9907,13949.96,0.804351,92.829966
1175.900,93.1292,300.0000,65.0000,64.9904,13951.26,0.804575,92.829966
1176.000,92.8300,300.0000,65.0000,64.9902,13949.47,0.804266,92.829966
1176.100,92.8300,300.0000,64.9375,64.9900,13947.81,0.803978,92.829966
1176.200,92.8300,300.0000,64.9375,64.9898,13946.25,0.803709,92.829966
1176.300,92.8300,300.0000,64.9375,64.9896,13944.80,0.803458,92.829966
1176.400,92.8300,300.0000,65.0000,64.9895,13943.45,0.803224,92.829966
1176.500,92.8300,300.0000,65.0625,64.9893,13942.19,0.803006,92.829966
1176.600,92.8300,300.0000,64.9375,64.9892,13941.01,0.802802,92.829966
1176.700,92.8300,300.0000,65.0625,64.9891,13939.91,0.802612,92.829966
1176.800,92.8300,300.0000,65.0000,64.9889,13938.88,0.802435,92.829966
1176.900,92.8300,300.0000,64.9375,64.9888,13937.92,0.802269,92.829966
1177.000,92.5240,300.0000,65.0625,64.9887,13933.96,0.801586,92.823162
1177.100,92.5240,300.0000,65.0000,64.9887,13930.27,0.800950,92.823162
1177.200,92.5240,300.0000,64.9375,64.9887,13926.83,0.800355,92.823162
1177.300,92.5240,300.0000,65.0000,64.9887,13923.61,0.799801,92.823162
1177.400,92.5240,300.0000,65.0625,64.9887,13920.61,0.799284,92.823162
1177.500,92.5240,300.0000,64.9375,64.9887,13917.81,0.798802,92.823162
1177.600,92.5240,300.0000,65.0000,64.9888,13915.20,0.798352,92.823162
1177.700,92.5240,300.0000,65.0625,64.9889,13912.76,0.797932,92.823162
1177.800,92.5240,300.0000,65.0625,64.9890,13910.48,0.797540,92.823162
1177.900,92.5240,300.0000,65.0000,64.9892,13908.35,0.797174,92.823162
1178.000,92.8232,300.0000,64.9375,64.9893,13909.36,0.797348,92.823162
1178.100,92.8232,300.0000,65.0000,64.9894,13910.30,0.797510,92.823162
1178.200,92.8232,300.0000,65.0000,64.9895,13911.18,0.797661,92.823162
1178.300,92.8232,300.0000,64.9375,64.9896,13912.00,0.797802,92.823162
1178.400,92.8232,300.0000,65.0000,64.9897,13912.76,0.797933,92.823162
1178.500,92.8232,300.0000,65.0625,64.9898,13913.48,0.798056,92.823162
1178.600,92.8232,300.0000,64.9375,64.9898,13914.15,0.798171,92.823162
1178.700,92.8232,300.0000,65.0625,64.9899,13914.77,0.798278,92.823162
1178.800,92.8232,300.0000,64.9375,64.9900,13915.35,0.798378,92.823162
1178.900,92.8232,300.0000,65.0625,64.9901,13915.89,0.798471,92.823162
1179.000,93.1292,300.0000,64.9375,64.9901,13919.45,0.799085,92.829966
1179.100,93.1292,300.0000,64.9375,64.9901,13922.78,0.799658,92.829966
1179.200,93.1292,300.0000,65.0000,64.9901,13925.89,0.800193,92.829966
1179.300,93.1292,300.0000,65.1250,64.9900,13928.79,0.800693,92.829966
1179.400,93.1292,300.0000,65.0000,64.9900,13931.49,0.801160,92.829966
1179.500,93.1292,300.0000,64.9375,64.9899,13934.02,0.801596,92.829966
1179.600,93.1292,300.0000,65.0625,64.9898,13936.38,0.802003,92.829966
1179.700,93.1292,300.0000,65.0625,64.9897,13938.58,0.802382,92.829966
1179.800,93.1292,300.0000,65.0000,64.9895,13940.63,0.802737,92.829966
1179.900,93.1292,300.0000,65.0625,64.9894,13942.55,0.803068,92.829966
1180.000,93.1360,300.0000,65.0000,64.9892,13944.40,0.803389,92.836770
1180.100,93.1360,300.0000,64.9375,64.9890,13946.13,0.803689,92.836770
1180.200,93.1360,300.0000,65.0000,64.9888,13947.75,0.803968,92.836770
1180.300,93.1360,300.0000,64.9375,64.9886,13949.26,0.804229,92.836770
1180.400,93.1360,300.0000,65.0000,64.9884,13950.67,0.804473,92.836770
1180.500,93.1360,300.0000,65.0000,64.9882,13951.99,0.804701,92.836770
1180.600,93.1360,300.0000,64.8750,64.9879,13953.21,0.804913,92.836770
1180.700,93.1360,300.0000,64.9375,64.9877,13954.36,0.805111,92.836770
1180.800,93.1360,300.0000,65.0000,64.9874,13955.43,0.805296,92.836770
1180.900,93.1360,300.0000,65.0000,64.9871,13956.43,0.805469,92.836770
1181.000,92.8368,300.0000,64.9375,64.9869,13954.36,0.805112,92.836770
1181.100,92.8368,300.0000,65.0000,64.9867,13952.44,0.804779,92.836770
1181.200,92.8368,300.0000,65.0000,64.9864,13950.65,0.804469,92.836770
1181.300,92.8368,300.0000,65.0000,64.9862,13948.97,0.804179,92.836770
1181.400,92.8368,300.0000,64.9375,64.9861,13947.41,0.803909,92.836770
1181.500,92.8368,300.0000,64.9375,64.9859,13945.95,0.803656,92.836770
1181.600,92.8368,300.0000,65.0000,64.9857,13944.59,0.803421,92.836770
1181.700,92.8368,300.0000,64.8750,64.9856,13943.31,0.803201,92.836770
1181.800,92.8368,300.0000,64.8750,64.9854,13942.13,0.802996,92.836770
1181.900,92.8368,300.0000,65.0000,64.9853,13941.02,0.802805,92.836770
1182.000,92.8368,300.0000,65.0000,64.9852,13939.99,0.802626,92.836770
1182.100,92.8368,300.0000,65.0625,64.9850,13939.02,0.802459,92.836770
1182.200,92.8368,300.0000,64.9375,64.9849,13938.12,0.802304,92.836770
1182.300,92.8368,300.0000,65.0000,64.9848,13937.28,0.802159,92.836770
1182.400,92.8368,300.0000,65.0000,64.9847,13936.50,0.802023,92.836770
1182.500,92.8368,300.0000,64.9375,64.9847,13935.76,0.801897,92.836770
1182.600,92.8368,300.0000,65.0000,64.9846,13935.08,0.801779,92.836770
1182.700,92.8368,300.0000,65.0000,64.9845,13934.44,0.801669,92.836770
1182.800,92.8368,300.0000,65.0625,64.9844,13933.85,0.801566,92.836770
1182.900,92.8368,300.0000,65.0000,64.9844,13933.29,0.801470,92.836770
1183.000,92.8368,300.0000,64.9375,64.9843,13932.77,0.801381,92.836770
1183.100,92.8368,300.0000,64.9375,64.9842,13932.29,0.801297,92.836770
1183.200,92.8368,300.0000,65.0000,64.9842,13931.84,0.801220,92.836770
1183.300,92.8368,300.0000,64.9375,64.9841,13931.42,0.801147,92.836770
1183.400,92.8368,300.0000,64.9375,64.9841,13931.02,0.801079,92.836770
1183.500,92.8368,300.0000,65.0000,64.9840,13930.66,0.801016,92.836770
1183.600,92.8368,300.0000,64.9375,64.9840,13930.31,0.800956,92.836770
1183.700,92.8368,300.0000,65.0000,64.9840,13929.99,0.800901,92.836770
1183.800,92.8368,300.0000,64.9375,64.9839,13929.70,0.800850,92.836770
1183.900,92.8368,300.0000,64.9375,64.9839,13929.42,0.800802,92.836770
1184.000,92.5308,300.0000,65.0000,64.9839,13926.10,0.800229,92.829966
1184.100,92.5308,300.0000,65.0625,64.9839,13923.00,0.799695,92.829966
1184.200,92.5308,300.0000,64.9375,64.9839,13920.11,0.799197,92.829966
1184.300,92.5308,300.0000,64.8750,64.9840,13917.41,0.798732,92.829966
1184.400,92.5308,300.0000,65.0625,64.9841,13914.89,0.798298,92.829966
1184.500,92.5308,300.0000,65.0000,64.9842,13912.54,0.797894,92.829966
1184.600,92.5308,300.0000,65.0000,64.9843,13910.34,0.797516,92.829966
1184.700,92.5308,300.0000,65.0000,64.9845,13908.29,0.797164,92.829966
1184.800,92.5308,300.0000,64.8750,64.9846,13906.38,0.796835,92.829966
1184.900,92.5308,300.0000,64.9375,64.9848,13904.60,0.796529,92.829966
1185.000,92.5240,300.0000,64.9375,64.9850,13902.86,0.796231,92.823162
1185.100,92.5240,300.0000,64.9375,64.9852,13901.25,0.795953,92.823162
1185.200,92.5240,300.0000,65.0625,64.9854,13899.74,0.795693,92.823162
1185.300,92.5240,300.0000,65.0625,64.9856,13898.33,0.795451,92.823162
1185.400,92.5240,300.0000,64.9375,64.9858,13897.01,0.795226,92.823162
1185.500,92.5240,300.0000,64.9375,64.9861,13895.78,0.795015,92.823162
1185.600,92.5240,300.0000,64.9375,64.9863,13894.64,0.794818,92.823162
1185.700,92.5240,300.0000,64.9375,64.9866,13893.57,0.794635,92.823162
1185.800,92.5240,300.0000,65.0625,64.9869,13892.57,0.794463,92.823162
1185.900,92.5240,300.0000,64.9375,64.9871,13891.64,0.794304,92.823162
1186.000,92.5172,300.0000,65.0000,64.9874,13890.70,0.794143,92.816358
1186.100,92.5172,300.0000,65.0000,64.9877,13889.83,0.793993,92.816358
1186.200,92.5172,300.0000,64.9375,64.9880,13889.01,0.793853,92.816358
1186.300,92.5172,300.0000,65.0000,64.9883,13888.25,0.793722,92.816358
1186.400,92.5172,300.0000,65.0000,64.9886,13887.53,0.793600,92.816358
1186.500,92.5172,300.0000,65.0625,64.9889,13886.87,0.793486,92.816358
1186.600,92.5172,300.0000,64.9375,64.9892,13886.25,0.793380,92.816358
1186.700,92.5172,300.0000,65.0000,64.9895,13885.67,0.793281,92.816358
1186.800,92.5172,300.0000,64.8750,64.9898,13885.13,0.793188,92.816358
1186.900,92.5172,300.0000,64.9375,64.9902,13884.63,0.793102,92.816358
1187.000,92.5104,300.0000,64.9375,64.9905,13884.09,0.793010,92.809553
1187.100,92.5104,300.0000,65.0000,64.9908,13883.59,0.792924,92.809553
1187.200,92.5104,300.0000,65.0000,64.9912,13883.12,0.792843,92.809553
1187.300,92.5104,300.0000,64.9375,64.9915,13882.68,0.792768,92.809553
1187.400,92.5104,300.0000,65.0000,64.9918,13882.27,0.792698,92.809553
1187.500,92.5104,300.0000,64.9375,64.9922,13881.89,0.792633,92.809553
1187.600,92.5104,300.0000,64.8750,64.9925,13881.54,0.792572,92.809553
1187.700,92.5104,300.0000,65.0625,64.9929,13881.20,0.792515,92.809553
1187.800,92.5104,300.0000,64.9375,64.9932,13880.89,0.792462,92.809553
1187.900,92.5104,300.0000,64.9375,64.9936,13880.60,0.792413,92.809553
1188.000,92.5036,300.0000,64.9375,64.9939,13880.27,0.792355,92.802749
1188.100,92.5036,300.0000,65.0000,64.9943,13879.95,0.792301,92.802749
1188.200,92.5036,300.0000,64.8750,64.9946,13879.66,0.792250,92.802749
1188.300,92.5036,300.0000,64.9375,64.9950,13879.38,0.792203,92.802749
1188.400,92.5036,300.0000,65.0000,64.9954,13879.12,0.792159,92.802749
1188.500,92.5036,300.0000,65.0000,64.9957,13878.89,0.792118,92.802749
1188.600,92.5036,300.0000,65.0625,64.9961,13878.66,0.792080,92.802749
1188.700,92.5036,300.0000,65.0000,64.9964,13878.45,0.792044,92.802749
1188.800,92.5036,300.0000,65.0000,64.9968,13878.26,0.792011,92.802749
1188.900,92.5036,300.0000,65.0625,64.9972,13878.08,0.791980,92.802749
1189.000,93.1087,300.0000,65.0000,64.9975,13883.96,0.792987,92.809553
1189.100,93.1087,300.0000,65.0000,64.9978,13889.45,0.793928,92.809553
1189.200,93.1087,300.0000,64.9375,64.9980,13894.57,0.794807,92.809553
1189.300,93.1087,300.0000,65.0000,64.9982,13899.36,0.795628,92.809553
1189.400,93.1087,300.0000,65.0000,64.9983,13903.82,0.796395,92.809553
1189.500,93.1087,300.0000,65.0625,64.9984,13907.99,0.797111,92.809553
1189.600,93.1087,300.0000,65.0000,64.9985,13911.87,0.797780,92.809553
1189.700,93.1087,300.0000,65.0000,64.9986,13915.50,0.798405,92.809553
1189.800,93.1087,300.0000,64.9375,64.9986,13918.89,0.798988,92.809553
1189.900,93.1087,300.0000,65.1250,64.9986,13922.05,0.799532,92.809553
1190.000,93.4216,300.0000,64.9375,64.9985,13928.13,0.800580,92.823162
1190.100,93.4216,300.0000,65.0625,64.9984,13933.80,0.801559,92.823162
1190.200,93.4216,300.0000,64.9375,64.9983,13939.10,0.802473,92.823162
1190.300,93.4216,300.0000,65.0000,64.9981,13944.04,0.803327,92.823162
1190.400,93.4216,300.0000,65.0000,64.9979,13948.65,0.804124,92.823162
1190.500,93.4216,300.0000,65.0000,64.9976,13952.96,0.804869,92.823162
1190.600,93.4216,300.0000,64.8750,64.9973,13956.98,0.805565,92.823162
1190.700,93.4216,300.0000,65.0625,64.9970,13960.73,0.806214,92.823162
1190.800,93.4216,300.0000,64.9375,64.9966,13964.23,0.806821,92.823162
1190.900,93.4216,300.0000,65.0625,64.9962,13967.50,0.807387,92.823162
1191.000,93.1292,300.0000,65.0625,64.9959,13967.62,0.807409,92.829966
1191.100,93.1292,300.0000,65.0000,64.9955,13967.74,0.807429,92.829966
1191.200,93.1292,300.0000,65.0000,64.9951,13967.85,0.807448,92.829966
1191.300,93.1292,300.0000,65.0000,64.9947,13967.95,0.807466,92.829966
1191.400,93.1292,300.0000,65.0000,64.9944,13968.04,0.807482,92.829966
1191.500,93.1292,300.0000,64.9375,64.9940,13968.13,0.807498,92.829966
1191.600,93.1292,300.0000,65.1250,64.9936,13968.22,0.807512,92.829966
1191.700,93.1292,300.0000,65.0000,64.9932,13968.29,0.807525,92.829966
1191.800,93.1292,300.0000,65.0000,64.9928,13968.36,0.807538,92.829966
1191.900,93.1292,300.0000,64.8750,64.9925,13968.43,0.807550,92.829966
1192.000,92.2180,300.0000,64.9375,64.9922,13959.38,0.805981,92.816358
1192.100,92.2180,300.0000,65.0000,64.9919,13950.94,0.804519,92.816358
1192.200,92.2180,300.0000,65.0625,64.9918,13943.05,0.803156,92.816358
1192.300,92.2180,300.0000,65.0000,64.9917,13935.70,0.801885,92.816358
1192.400,92.2180,300.0000,64.9375,64.9916,13928.83,0.800701,92.816358
1192.500,92.2180,300.0000,65.0000,64.9916,13922.42,0.799596,92.816358
1192.600,92.2180,300.0000,65.0000,64.9917,13916.44,0.798566,92.816358
1192.700,92.2180,300.0000,65.0000,64.9918,13910.86,0.797605,92.816358
1192.800,92.2180,300.0000,64.8750,64.9919,13905.65,0.796709,92.816358
1192.900,92.2180,300.0000,64.9375,64.9921,13900.78,0.795873,92.816358
1193.000,92.5104,300.0000,65.1250,64.9923,13899.17,0.795596,92.809553
1193.100,92.5104,300.0000,65.0000,64.9925,13897.66,0.795337,92.809553
1193.200,92.5104,300.0000,65.0000,64.9928,13896.25,0.795096,92.809553
1193.300,92.5104,300.0000,65.0000,64.9930,13894.94,0.794870,92.809553
1193.400,92.5104,300.0000,64.9375,64.9932,13893.71,0.794660,92.809553
1193.500,92.5104,300.0000,65.0000,64.9935,13892.57,0.794464,92.809553
1193.600,92.5104,300.0000,65.0000,64.9937,13891.50,0.794280,92.809553
1193.700,92.5104,300.0000,65.0000,64.9940,13890.51,0.794109,92.809553
1193.800,92.5104,300.0000,65.0000,64.9943,13889.58,0.793950,92.809553
1193.900,92.5104,300.0000,65.0625,64.9946,13888.71,0.793801,92.809553
1194.000,93.1156,300.0000,65.0625,64.9948,13893.95,0.794700,92.816358
1194.100,93.1156,300.0000,64.8750,64.9950,13898.84,0.795540,92.816358
1194.200,93.1156,300.0000,65.0000,64.9952,13903.41,0.796324,92.816358
1194.300,93.1156,300.0000,65.0000,64.9953,13907.67,0.797057,92.816358
1194.400,93.1156,300.0000,64.9375,64.9954,13911.65,0.797741,92.816358
1194.500,93.1156,300.0000,65.0000,64.9954,13915.36,0.798380,92.816358
1194.600,93.1156,300.0000,65.0625,64.9954,13918.82,0.798976,92.816358
1194.700,93.1156,300.0000,65.0625,64.9954,13922.06,0.799533,92.816358
1194.800,93.1156,300.0000,64.8750,64.9954,13925.08,0.800053,92.816358
1194.900,93.1156,300.0000,65.0000,64.9954,13927.89,0.800539,92.816358
1195.000,92.8164,300.0000,65.0625,64.9953,13927.53,0.800477,92.816358
1195.100,92.8164,300.0000,65.0000,64.9953,13927.19,0.800418,92.816358
1195.200,92.8164,300.0000,65.0000,64.9953,13926.88,0.800364,92.816358
1195.300,92.8164,300.0000,64.9375,64.9952,13926.58,0.800313,92.816358
1195.400,92.8164,300.0000,65.0625,64.9952,13926.31,0.800265,92.816358
1195.500,92.8164,300.0000,64.9375,64.9952,13926.05,0.800221,92.816358
1195.600,92.8164,300.0000,65.0000,64.9951,13925.81,0.800180,92.816358
1195.700,92.8164,300.0000,64.9375,64.9951,13925.59,0.800141,92.816358
1195.800,92.8164,300.0000,65.0625,64.9951,13925.38,0.800105,92.816358
1195.900,92.8164,300.0000,65.0625,64.9951,13925.18,0.800072,92.816358
1196.000,93.1224,300.0000,65.0000,64.9950,13928.06,0.800568,92.823162
1196.100,93.1224,300.0000,65.0000,64.9949,13930.75,0.801031,92.823162
1196.200,93.1224,300.0000,65.0000,64.9948,13933.25,0.801464,92.823162
1196.300,93.1224,300.0000,64.9375,64.9947,13935.59,0.801868,92.823162
1196.400,93.1224,300.0000,65.0000,64.9946,13937.78,0.802245,92.823162
1196.500,93.1224,300.0000,65.0000,64.9945,13939.82,0.802597,92.823162
1196.600,93.1224,300.0000,65.0000,64.9943,13941.72,0.802925,92.823162
1196.700,93.1224,300.0000,64.9375,64.9941,13943.49,0.803232,92.823162
1196.800,93.1224,300.0000,64.9375,64.9939,13945.15,0.803519,92.823162
1196.900,93.1224,300.0000,65.0000,64.9937,13946.70,0.803786,92.823162
1197.000,92.8232,300.0000,65.0625,64.9936,13945.15,0.803518,92.823162
1197.100,92.8232,300.0000,65.0000,64.9934,13943.70,0.803269,92.823162
1197.200,92.8232,300.0000,65.0000,64.9932,13942.36,0.803036,92.823162
1197.300,92.8232,300.0000,64.8750,64.9931,13941.10,0.802818,92.823162
1197.400,92.8232,300.0000,65.0625,64.9929,13939.92,0.802615,92.823162
1197.500,92.8232,300.0000,64.9375,64.9928,13938.83,0.802426,92.823162
1197.600,92.8232,300.0000,65.0000,64.9927,13937.80,0.802249,92.823162
1197.700,92.8232,300.0000,65.0000,64.9926,13936.85,0.802084,92.823162
1197.800,92.8232,300.0000,65.0625,64.9925,13935.96,0.801930,92.823162
1197.900,92.8232,300.0000,65.1250,64.9924,13935.12,0.801786,92.823162
1198.000,93.4352,300.0000,64.9375,64.9922,13940.47,0.802709,92.836770
1198.100,93.4352,300.0000,64.9375,64.9920,13945.45,0.803571,92.836770
1198.200,93.4352,300.0000,65.0625,64.9918,13950.11,0.804376,92.836770
1198.300,93.4352,300.0000,65.0000,64.9915,13954.45,0.805128,92.836770
1198.400,93.4352,300.0000,64.9375,64.9912,13958.51,0.805830,92.836770
1198.500,93.4352,300.0000,65.0000,64.9909,13962.29,0.806485,92.836770
1198.600,93.4352,300.0000,65.0625,64.9906,13965.82,0.807097,92.836770
1198.700,93.4352,300.0000,65.0000,64.9902,13969.12,0.807669,92.836770
1198.800,93.4352,300.0000,65.1250,64.9898,13972.20,0.808203,92.836770
1198.900,93.4352,300.0000,64.8750,64.9894,13975.07,0.808701,92.836770
1199.000,92.2248,300.0000,65.0000,64.9890,13965.65,0.807067,92.823162
1199.100,92.2248,300.0000,65.0625,64.9887,13956.85,0.805543,92.823162
1199.200,92.2248,300.0000,65.0000,64.9885,13948.64,0.804122,92.823162
1199.300,92.2248,300.0000,64.9375,64.9884,13940.98,0.802798,92.823162
1199.400,92.2248,300.0000,65.0625,64.9883,13933.83,0.801563,92.823162
1199.500,92.2248,300.0000,64.9375,64.9883,13927.15,0.800412,92.823162
1199.600,92.2248,300.0000,65.0000,64.9883,13920.93,0.799338,92.823162
1199.700,92.2248,300.0000,65.0000,64.9884,13915.11,0.798337,92.823162
1199.800,92.2248,300.0000,65.0625,64.9885,13909.69,0.797403,92.823162
1199.900,92.2248,300.0000,65.0000,64.9887,13904.62,0.796533,92.823162
