t_s,pwm,power_w,t_sense_c,t_die_c,rpm,fan_power_rel,integral
0.000,0.0000,150.0000,25.0000,25.1167,0.00,0.000000,0.000000
0.100,0.0000,150.0000,25.0625,25.2331,0.00,0.000000,0.000000
0.200,0.0000,150.0000,24.9375,25.3492,0.00,0.000000,0.000000
0.300,0.0000,150.0000,25.0000,25.4651,0.00,0.000000,0.000000
0.400,0.0000,150.0000,25.0625,25.5807,0.00,0.000000,0.000000
0.500,0.0000,150.0000,24.9375,25.6961,0.00,0.000000,0.000000
0.600,0.0000,150.0000,25.0000,25.8112,0.00,0.000000,0.000000
0.700,0.0000,150.0000,25.0625,25.9261,0.00,0.000000,0.000000
0.800,0.0000,150.0000,25.0625,26.0407,0.00,0.000000,0.000000
0.900,0.0000,150.0000,24.9375,26.1551,0.00,0.000000,0.000000
1.000,0.0000,150.0000,25.0625,26.2692,0.00,0.000000,0.000000
1.100,0.0000,150.0000,25.0000,26.3830,0.00,0.000000,0.000000
1.200,0.0000,150.0000,24.9375,26.4966,0.00,0.000000,0.000000
1.300,0.0000,150.0000,25.0625,26.6099,0.00,0.000000,0.000000
1.400,0.0000,150.0000,25.0625,26.7230,0.00,0.000000,0.000000
1.500,0.0000,150.0000,25.0000,26.8359,0.00,0.000000,0.000000
1.600,0.0000,150.0000,25.0000,26.9485,0.00,0.000000,0.000000
1.700,0.0000,150.0000,25.0625,27.0608,0.00,0.000000,0.000000
1.800,0.0000,150.0000,24.9375,27.1729,0.00,0.000000,0.000000
1.900,0.0000,150.0000,25.0000,27.2847,0.00,0.000000,0.000000
2.000,0.0000,150.0000,25.0000,27.3963,0.00,0.000000,0.000000
2.100,0.0000,150.0000,25.0000,27.5077,0.00,0.000000,0.000000
2.200,0.0000,150.0000,25.0000,27.6187,0.00,0.000000,0.000000
2.300,0.0000,150.0000,25.0000,27.7296,0.00,0.000000,0.000000
2.400,0.0000,150.0000,24.9375,27.8402,0.00,0.000000,0.000000
2.500,0.0000,150.0000,24.9375,27.9506,0.00,0.000000,0.000000
2.600,0.0000,150.0000,25.0000,28.0607,0.00,0.000000,0.000000
2.700,0.0000,150.0000,24.9375,28.1705,0.00,0.000000,0.000000
2.800,0.0000,150.0000,24.9375,28.2801,0.00,0.000000,0.000000
2.900,0.0000,150.0000,24.9375,28.3895,0.00,0.000000,0.000000
3.000,0.0000,150.0000,24.9375,28.4987,0.00,0.000000,0.000000
3.100,0.0000,150.0000,25.0625,28.6076,0.00,0.000000,0.000000
3.200,0.0000,150.0000,25.0625,28.7162,0.00,0.000000,0.000000
3.300,0.0000,150.0000,25.0000,28.8246,0.00,0.000000,0.000000
3.400,0.0000,150.0000,25.0625,28.9328,0.00,0.000000,0.000000
3.500,0.0000,150.0000,25.0000,29.0407,0.00,0.000000,0.000000
3.600,0.0000,150.0000,25.0625,29.1484,0.00,0.000000,0.000000
3.700,0.0000,150.0000,25.1250,29.2558,0.00,0.000000,0.000000
3.800,0.0000,150.0000,25.1250,29.3631,0.00,0.000000,0.000000
3.900,0.0000,150.0000,25.1875,29.4700,0.00,0.000000,0.000000
4.000,0.0000,150.0000,25.2500,29.5768,0.00,0.000000,0.000000
4.100,0.0000,150.0000,25.2500,29.6833,0.00,0.000000,0.000000
4.200,0.0000,150.0000,25.3125,29.7895,0.00,0.000000,0.000000
4.300,0.0000,150.0000,25.3750,29.8955,0.00,0.000000,0.000000
4.400,0.0000,150.0000,25.4375,30.0013,0.00,0.000000,0.000000
4.500,0.0000,150.0000,25.5000,30.1069,0.00,0.000000,0.000000
4.600,0.0000,150.0000,25.5625,30.2122,0.00,0.000000,0.000000
4.700,0.0000,150.0000,25.5625,30.3173,0.00,0.000000,0.000000
4.800,0.0000,150.0000,25.6250,30.4221,0.00,0.000000,0.000000
4.900,0.0000,150.0000,25.6250,30.5267,0.00,0.000000,0.000000
5.000,0.0000,150.0000,25.7500,30.6311,0.00,0.000000,0.000000
5.100,0.0000,150.0000,25.8125,30.7353,0.00,0.000000,0.000000
5.200,0.0000,150.0000,25.8125,30.8392,0.00,0.000000,0.000000
5.300,0.0000,150.0000,25.9375,30.9429,0.00,0.000000,0.000000
5.400,0.0000,150.0000,26.0000,31.0464,0.00,0.000000,0.000000
5.500,0.0000,150.0000,26.0000,31.1496,0.00,0.000000,0.000000
5.600,0.0000,150.0000,26.1250,31.2526,0.00,0.000000,0.000000
5.700,0.0000,150.0000,26.1875,31.3554,0.00,0.000000,0.000000
5.800,0.0000,150.0000,26.2500,31.4579,0.00,0.000000,0.000000
5.900,0.0000,150.0000,26.3125,31.5602,0.00,0.000000,0.000000
6.000,0.0000,150.0000,26.3125,31.6623,0.00,0.000000,0.000000
6.100,0.0000,150.0000,26.4375,31.7642,0.00,0.000000,0.000000
6.200,0.0000,150.0000,26.5625,31.8658,0.00,0.000000,0.000000
6.300,0.0000,150.0000,26.6250,31.9672,0.00,0.000000,0.000000
6.400,0.0000,150.0000,26.7500,32.0684,0.00,0.000000,0.000000
6.500,0.0000,150.0000,26.8125,32.1694,0.00,0.000000,0.000000
6.600,0.0000,150.0000,26.8750,32.2701,0.00,0.000000,0.000000
6.700,0.0000,150.0000,26.9375,32.3706,0.00,0.000000,0.000000
6.800,0.0000,150.0000,27.0000,32.4709,0.00,0.000000,0.000000
6.900,0.0000,150.0000,27.0000,32.5710,0.00,0.000000,0.000000
7.000,0.0000,150.0000,27.1875,32.6708,0.00,0.000000,0.000000
7.100,0.0000,150.0000,27.2500,32.7704,0.00,0.000000,0.000000
7.200,0.0000,150.0000,27.2500,32.8698,0.00,0.000000,0.000000
7.300,0.0000,150.0000,27.4375,32.9690,0.00,0.000000,0.000000
7.400,0.0000,150.0000,27.5000,33.0680,0.00,0.000000,0.000000
7.500,0.0000,150.0000,27.6250,33.1667,0.00,0.000000,0.000000
7.600,0.0000,150.0000,27.6875,33.2652,0.00,0.000000,0.000000
7.700,0.0000,150.0000,27.8750,33.3635,0.00,0.000000,0.000000
7.800,0.0000,150.0000,27.8750,33.4616,0.00,0.000000,0.000000
7.900,0.0000,150.0000,27.9375,33.5595,0.00,0.000000,0.000000
8.000,0.0000,150.0000,28.0000,33.6571,0.00,0.000000,0.000000
8.100,0.0000,150.0000,28.0625,33.7545,0.00,0.000000,0.000000
8.200,0.0000,150.0000,28.2500,33.8517,0.00,0.000000,0.000000
8.300,0.0000,150.0000,28.3750,33.9487,0.00,0.000000,0.000000
8.400,0.0000,150.0000,28.3750,34.0455,0.00,0.000000,0.000000
8.500,0.0000,150.0000,28.5000,34.1421,0.00,0.000000,0.000000
8.600,0.0000,150.0000,28.6250,34.2384,0.00,0.000000,0.000000
8.700,0.0000,150.0000,28.6250,34.3346,0.00,0.000000,0.000000
8.800,0.0000,150.0000,28.8750,34.4305,0.00,0.000000,0.000000
8.900,0.0000,150.0000,28.8750,34.5262,0.00,0.000000,0.000000
9.000,0.0000,150.0000,28.9375,34.6217,0.00,0.000000,0.000000
9.100,0.0000,150.0000,29.1250,34.7170,0.00,0.000000,0.000000
9.200,0.0000,150.0000,29.1250,34.8121,0.00,0.000000,0.000000
9.300,0.0000,150.0000,29.2500,34.9069,0.00,0.000000,0.000000
9.400,0.0000,150.0000,29.4375,35.0016,0.00,0.000000,0.000000
9.500,0.0000,150.0000,29.3750,35.0960,0.00,0.000000,0.000000
9.600,0.0000,150.0000,29.5625,35.1902,0.00,0.000000,0.000000
9.700,0.0000,150.0000,29.6250,35.2843,0.00,0.000000,0.000000
9.800,0.0000,150.0000,29.6875,35.3781,0.00,0.000000,0.000000
9.900,0.0000,150.0000,29.8125,35.4717,0.00,0.000000,0.000000
10.000,0.0000,150.0000,29.9375,35.5651,0.00,0.000000,0.000000
10.100,0.0000,150.0000,30.0000,35.6583,0.00,0.000000,0.000000
10.200,0.0000,150.0000,30.0000,35.7512,0.00,0.000000,0.000000
10.300,0.0000,150.0000,30.3125,35.8440,0.00,0.000000,0.000000
10.400,0.0000,150.0000,30.3125,35.9366,0.00,0.000000,0.000000
10.500,0.0000,150.0000,30.3750,36.0290,0.00,0.000000,0.000000
10.600,0.0000,150.0000,30.5000,36.1211,0.00,0.000000,0.000000
10.700,0.0000,150.0000,30.5625,36.2131,0.00,0.000000,0.000000
10.800,0.0000,150.0000,30.7500,36.3048,0.00,0.000000,0.000000
10.900,0.0000,150.0000,30.7500,36.3964,0.00,0.000000,0.000000
11.000,0.0000,150.0000,30.8125,36.4877,0.00,0.000000,0.000000
11.100,0.0000,150.0000,30.9375,36.5788,0.00,0.000000,0.000000
11.200,0.0000,150.0000,31.0625,36.6698,0.00,0.000000,0.000000
11.300,0.0000,150.0000,31.1250,36.7605,0.00,0.000000,0.000000
11.400,0.0000,150.0000,31.2500,36.8510,0.00,0.000000,0.000000
11.500,0.0000,150.0000,31.3750,36.9414,0.00,0.000000,0.000000
11.600,0.0000,150.0000,31.5000,37.0315,0.00,0.000000,0.000000
11.700,0.0000,150.0000,31.5000,37.1214,0.00,0.000000,0.000000
11.800,0.0000,150.0000,31.6250,37.2112,0.00,0.000000,0.000000
11.900,0.0000,150.0000,31.6250,37.3007,0.00,0.000000,0.000000
12.000,0.0000,150.0000,31.8125,37.3900,0.00,0.000000,0.000000
12.100,0.0000,150.0000,32.0000,37.4792,0.00,0.000000,0.000000
12.200,0.0000,150.0000,32.0625,37.5681,0.00,0.000000,0.000000
12.300,0.0000,150.0000,32.0625,37.6568,0.00,0.000000,0.000000
12.400,0.0000,150.0000,32.2500,37.7454,0.00,0.000000,0.000000
12.500,0.0000,150.0000,32.3750,37.8337,0.00,0.000000,0.000000
12.600,0.0000,150.0000,32.3750,37.9219,0.00,0.000000,0.000000
12.700,0.0000,150.0000,32.3750,38.0098,0.00,0.000000,0.000000
12.800,0.0000,150.0000,32.6250,38.0976,0.00,0.000000,0.000000
12.900,0.0000,150.0000,32.6875,38.1851,0.00,0.000000,0.000000
13.000,0.0000,150.0000,32.7500,38.2725,0.00,0.000000,0.000000
13.100,0.0000,150.0000,32.8750,38.3597,0.00,0.000000,0.000000
13.200,0.0000,150.0000,32.9375,38.4466,0.00,0.000000,0.000000
13.300,0.0000,150.0000,33.0000,38.5334,0.00,0.000000,0.000000
13.400,0.0000,150.0000,33.1250,38.6200,0.00,0.000000,0.000000
13.500,0.0000,150.0000,33.1875,38.7064,0.00,0.000000,0.000000
13.600,0.0000,150.0000,33.3750,38.7926,0.00,0.000000,0.000000
13.700,0.0000,150.0000,33.3750,38.8786,0.00,0.000000,0.000000
13.800,0.0000,150.0000,33.5625,38.9645,0.00,0.000000,0.000000
13.900,0.0000,150.0000,33.6250,39.0501,0.00,0.000000,0.000000
14.000,0.0000,150.0000,33.6875,39.1356,0.00,0.000000,0.000000
14.100,0.0000,150.0000,33.7500,39.2208,0.00,0.000000,0.000000
14.200,0.0000,150.0000,33.9375,39.3059,0.00,0.000000,0.000000
14.300,0.0000,150.0000,34.0000,39.3907,0.00,0.000000,0.000000
14.400,0.0000,150.0000,34.1250,39.4754,0.00,0.000000,0.000000
14.500,0.0000,150.0000,34.1250,39.5599,0.00,0.000000,0.000000
14.600,0.0000,150.0000,34.3750,39.6442,0.00,0.000000,0.000000
14.700,0.0000,150.0000,34.3750,39.7284,0.00,0.000000,0.000000
14.800,0.0000,150.0000,34.5000,39.8123,0.00,0.000000,0.000000
14.900,0.0000,150.0000,34.5625,39.8961,0.00,0.000000,0.000000
15.000,0.0000,150.0000,34.7500,39.9796,0.00,0.000000,0.000000
15.100,0.0000,150.0000,34.8125,40.0630,0.00,0.000000,0.000000
15.200,0.0000,150.0000,34.8125,40.1462,0.00,0.000000,0.000000
15.300,0.0000,150.0000,35.0000,40.2292,0.00,0.000000,0.000000
15.400,0.0000,150.0000,35.0625,40.3120,0.00,0.000000,0.000000
15.500,0.0000,150.0000,35.1250,40.3947,0.00,0.000000,0.000000
15.600,0.0000,150.0000,35.1875,40.4771,0.00,0.000000,0.000000
15.700,0.0000,150.0000,35.3125,40.5594,0.00,0.000000,0.000000
15.800,0.0000,150.0000,35.3750,40.6415,0.00,0.000000,0.000000
15.900,0.0000,150.0000,35.5000,40.7234,0.00,0.000000,0.000000
16.000,0.0000,150.0000,35.6875,40.8051,0.00,0.000000,0.000000
16.100,0.0000,150.0000,35.6875,40.8867,0.00,0.000000,0.000000
16.200,0.0000,150.0000,35.7500,40.9680,0.00,0.000000,0.000000
16.300,0.0000,150.0000,35.9375,41.0492,0.00,0.000000,0.000000
16.400,0.0000,150.0000,36.0000,41.1302,0.00,0.000000,0.000000
16.500,0.0000,150.0000,36.0000,41.2110,0.00,0.000000,0.000000
16.600,0.0000,150.0000,36.1875,41.2917,0.00,0.000000,0.000000
16.700,0.0000,150.0000,36.3125,41.3721,0.00,0.000000,0.000000
16.800,0.0000,150.0000,36.3125,41.4524,0.00,0.000000,0.000000
16.900,0.0000,150.0000,36.4375,41.5325,0.00,0.000000,0.000000
17.000,0.0000,150.0000,36.5000,41.6125,0.00,0.000000,0.000000
17.100,0.0000,150.0000,36.5625,41.6922,0.00,0.000000,0.000000
17.200,0.0000,150.0000,36.6250,41.7718,0.00,0.000000,0.000000
17.300,0.0000,150.0000,36.7500,41.8512,0.00,0.000000,0.000000
17.400,0.0000,150.0000,36.8750,41.9304,0.00,0.000000,0.000000
17.500,0.0000,150.0000,37.0000,42.0094,0.00,0.000000,0.000000
17.600,0.0000,150.0000,37.0000,42.0883,0.00,0.000000,0.000000
17.700,0.0000,150.0000,37.1250,42.1670,0.00,0.000000,0.000000
17.800,0.0000,150.0000,37.1875,42.2455,0.00,0.000000,0.000000
17.900,0.0000,150.0000,37.3750,42.3239,0.00,0.000000,0.000000
18.000,0.0000,150.0000,37.3750,42.4020,0.00,0.000000,0.000000
18.100,0.0000,150.0000,37.5000,42.4800,0.00,0.000000,0.000000
18.200,0.0000,150.0000,37.6250,42.5578,0.00,0.000000,0.000000
18.300,0.0000,150.0000,37.8125,42.6355,0.00,0.000000,0.000000
18.400,0.0000,150.0000,37.8125,42.7130,0.00,0.000000,0.000000
18.500,0.0000,150.0000,37.7500,42.7903,0.00,0.000000,0.000000
18.600,0.0000,150.0000,38.0000,42.8674,0.00,0.000000,0.000000
18.700,0.0000,150.0000,38.0000,42.9444,0.00,0.000000,0.000000
18.800,0.0000,150.0000,38.0625,43.0212,0.00,0.000000,0.000000
18.900,0.0000,150.0000,38.1250,43.0978,0.00,0.000000,0.000000
19.000,0.0000,150.0000,38.3125,43.1742,0.00,0.000000,0.000000
19.100,0.0000,150.0000,38.3750,43.2505,0.00,0.000000,0.000000
19.200,0.0000,150.0000,38.5000,43.3266,0.00,0.000000,0.000000
19.300,0.0000,150.0000,38.6250,43.4026,0.00,0.000000,0.000000
19.400,0.0000,150.0000,38.6875,43.4783,0.00,0.000000,0.000000
19.500,0.0000,150.0000,38.7500,43.5539,0.00,0.000000,0.000000
19.600,0.0000,150.0000,38.8125,43.6294,0.00,0.000000,0.000000
19.700,0.0000,150.0000,38.8125,43.7046,0.00,0.000000,0.000000
19.800,0.0000,150.0000,39.0000,43.7797,0.00,0.000000,0.000000
19.900,0.0000,150.0000,39.0625,43.8547,0.00,0.000000,0.000000
20.000,0.0000,150.0000,39.2500,43.9294,0.00,0.000000,0.000000
20.100,0.0000,150.0000,39.2500,44.0040,0.00,0.000000,0.000000
20.200,0.0000,150.0000,39.3125,44.0785,0.00,0.000000,0.000000
20.300,0.0000,150.0000,39.3750,44.1527,0.00,0.000000,0.000000
20.400,0.0000,150.0000,39.5000,44.2269,0.00,0.000000,0.000000
20.500,0.0000,150.0000,39.5625,44.3008,0.00,0.000000,0.000000
20.600,0.0000,150.0000,39.6875,44.3746,0.00,0.000000,0.000000
20.700,0.0000,150.0000,39.7500,44.4482,0.00,0.000000,0.000000
20.800,0.0000,150.0000,39.7500,44.5216,0.00,0.000000,0.000000
20.900,0.0000,150.0000,39.8750,44.5949,0.00,0.000000,0.000000
21.000,0.0000,150.0000,40.0000,44.6680,0.00,0.000000,0.000000
21.100,0.0000,150.0000,40.1250,44.7410,0.00,0.000000,0.000000
21.200,0.0000,150.0000,40.1875,44.8138,0.00,0.000000,0.000000
21.300,0.0000,150.0000,40.1875,44.8864,0.00,0.000000,0.000000
21.400,0.0000,150.0000,40.3750,44.9589,0.00,0.000000,0.000000
21.500,0.0000,150.0000,40.3125,45.0312,0.00,0.000000,0.000000
21.600,0.0000,150.0000,40.4375,45.1034,0.00,0.000000,0.000000
21.700,0.0000,150.0000,40.5000,45.1754,0.00,0.000000,0.000000
21.800,0.0000,150.0000,40.6250,45.2472,0.00,0.000000,0.000000
21.900,0.0000,150.0000,40.7500,45.3189,0.00,0.000000,0.000000
22.000,0.0000,150.0000,40.6875,45.3904,0.00,0.000000,0.000000
22.100,0.0000,150.0000,40.9375,45.4617,0.00,0.000000,0.000000
22.200,0.0000,150.0000,40.8750,45.5329,0.00,0.000000,0.000000
22.300,0.0000,150.0000,41.0625,45.6040,0.00,0.000000,0.000000
22.400,0.0000,150.0000,41.1250,45.6749,0.00,0.000000,0.000000
22.500,0.0000,150.0000,41.1875,45.7456,0.00,0.000000,0.000000
22.600,0.0000,150.0000,41.2500,45.8161,0.00,0.000000,0.000000
22.700,0.0000,150.0000,41.4375,45.8865,0.00,0.000000,0.000000
22.800,0.0000,150.0000,41.4375,45.9568,0.00,0.000000,0.000000
22.900,0.0000,150.0000,41.5625,46.0269,0.00,0.000000,0.000000
23.000,0.0000,150.0000,41.6250,46.0968,0.00,0.000000,0.000000
23.100,0.0000,150.0000,41.6875,46.1666,0.00,0.000000,0.000000
23.200,0.0000,150.0000,41.8125,46.2363,0.00,0.000000,0.000000
23.300,0.0000,150.0000,41.9375,46.3057,0.00,0.000000,0.000000
23.400,0.0000,150.0000,41.8125,46.3750,0.00,0.000000,0.000000
23.500,0.0000,150.0000,42.0000,46.4442,0.00,0.000000,0.000000
23.600,0.0000,150.0000,42.1250,46.5132,0.00,0.000000,0.000000
23.700,0.0000,150.0000,42.1875,46.5821,0.00,0.000000,0.000000
23.800,0.0000,150.0000,42.2500,46.6508,0.00,0.000000,0.000000
23.900,0.0000,150.0000,42.4375,46.7193,0.00,0.000000,0.000000
24.000,0.0000,150.0000,42.3750,46.7877,0.00,0.000000,0.000000
24.100,0.0000,150.0000,42.5000,46.8560,0.00,0.000000,0.000000
24.200,0.0000,150.0000,42.5000,46.9241,0.00,0.000000,0.000000
24.300,0.0000,150.0000,42.6875,46.9920,0.00,0.000000,0.000000
24.400,0.0000,150.0000,42.7500,47.0598,0.00,0.000000,0.000000
24.500,0.0000,150.0000,42.8750,47.1275,0.00,0.000000,0.000000
24.600,0.0000,150.0000,42.8125,47.1950,0.00,0.000000,0.000000
24.700,0.0000,150.0000,42.9375,47.2623,0.00,0.000000,0.000000
24.800,0.0000,150.0000,43.0000,47.3295,0.00,0.000000,0.000000
24.900,0.0000,150.0000,43.0625,47.3966,0.00,0.000000,0.000000
25.000,0.0000,150.0000,43.1875,47.4635,0.00,0.000000,0.000000
25.100,0.0000,150.0000,43.2500,47.5302,0.00,0.000000,0.000000
25.200,0.0000,150.0000,43.4375,47.5968,0.00,0.000000,0.000000
25.300,0.0000,150.0000,43.4375,47.6633,0.00,0.000000,0.000000
25.400,0.0000,150.0000,43.4375,47.7296,0.00,0.000000,0.000000
25.500,0.0000,150.0000,43.5625,47.7957,0.00,0.000000,0.000000
25.600,0.0000,150.0000,43.6875,47.8617,0.00,0.000000,0.000000
25.700,0.0000,150.0000,43.7500,47.9276,0.00,0.000000,0.000000
25.800,0.0000,150.0000,43.7500,47.9933,0.00,0.000000,0.000000
25.900,0.0000,150.0000,43.8750,48.0589,0.00,0.000000,0.000000
26.000,0.0000,150.0000,43.9375,48.1243,0.00,0.000000,0.000000
26.100,0.0000,150.0000,44.0000,48.1896,0.00,0.000000,0.000000
26.200,0.0000,150.0000,43.9375,48.2547,0.00,0.000000,0.000000
26.300,0.0000,150.0000,44.1875,48.3197,0.00,0.000000,0.000000
26.400,0.0000,150.0000,44.1250,48.3845,0.00,0.000000,0.000000
26.500,0.0000,150.0000,44.3125,48.4493,0.00,0.000000,0.000000
26.600,0.0000,150.0000,44.3125,48.5138,0.00,0.000000,0.000000
26.700,0.0000,150.0000,44.4375,48.5782,0.00,0.000000,0.000000
26.800,0.0000,150.0000,44.5625,48.6425,0.00,0.000000,0.000000
26.900,0.0000,150.0000,44.5625,48.7066,0.00,0.000000,0.000000
27.000,0.0000,150.0000,44.6875,48.7706,0.00,0.000000,0.000000
27.100,0.0000,150.0000,44.8125,48.8344,0.00,0.000000,0.000000
27.200,0.0000,150.0000,44.8750,48.8981,0.00,0.000000,0.000000
27.300,0.0000,150.0000,44.8750,48.9617,0.00,0.000000,0.000000
27.400,0.0000,150.0000,44.9375,49.0251,0.00,0.000000,0.000000
27.500,0.0000,150.0000,45.0625,49.0884,0.00,0.000000,0.000000
27.600,0.0000,150.0000,45.0000,49.1515,0.00,0.000000,0.000000
27.700,0.0000,150.0000,45.1250,49.2145,0.00,0.000000,0.000000
27.800,0.0000,150.0000,45.2500,49.2774,0.00,0.000000,0.000000
27.900,0.0000,150.0000,45.3125,49.3401,0.00,0.000000,0.000000
28.000,0.0000,150.0000,45.4375,49.4027,0.00,0.000000,0.000000
28.100,0.0000,150.0000,45.4375,49.4651,0.00,0.000000,0.000000
28.200,0.0000,150.0000,45.5000,49.5274,0.00,0.000000,0.000000
28.300,0.0000,150.0000,45.6250,49.5896,0.00,0.000000,0.000000
28.400,0.0000,150.0000,45.7500,49.6516,0.00,0.000000,0.000000
28.500,0.0000,150.0000,45.7500,49.7135,0.00,0.000000,0.000000
28.600,0.0000,150.0000,45.8125,49.7752,0.00,0.000000,0.000000
28.700,0.0000,150.0000,45.9375,49.8369,0.00,0.000000,0.000000
28.800,0.0000,150.0000,45.8750,49.8983,0.00,0.000000,0.000000
28.900,0.0000,150.0000,46.0000,49.9597,0.00,0.000000,0.000000
29.000,0.0000,150.0000,46.1250,50.0209,0.00,0.000000,0.000000
29.100,0.0000,150.0000,46.1250,50.0819,0.00,0.000000,0.000000
29.200,0.0000,150.0000,46.3125,50.1429,0.00,0.000000,0.000000
29.300,0.0000,150.0000,46.3125,50.2037,0.00,0.000000,0.000000
29.400,0.0000,150.0000,46.3750,50.2643,0.00,0.000000,0.000000
29.500,0.0000,150.0000,46.5000,50.3248,0.00,0.000000,0.000000
29.600,0.0000,150.0000,46.5625,50.3852,0.00,0.000000,0.000000
29.700,0.0000,150.0000,46.6250,50.4455,0.00,0.000000,0.000000
29.800,0.0000,150.0000,46.6875,50.5056,0.00,0.000000,0.000000
29.900,0.0000,150.0000,46.6875,50.5656,0.00,0.000000,0.000000
30.000,0.0000,150.0000,46.9375,50.6254,0.00,0.000000,0.000000
30.100,0.0000,150.0000,46.8750,50.6852,0.00,0.000000,0.000000
30.200,0.0000,150.0000,46.8750,50.7448,0.00,0.000000,0.000000
30.300,0.0000,150.0000,47.0000,50.8042,0.00,0.000000,0.000000
30.400,0.0000,150.0000,47.1250,50.8635,0.00,0.000000,0.000000
30.500,0.0000,150.0000,47.2500,50.9227,0.00,0.000000,0.000000
30.600,0.0000,150.0000,47.1875,50.9818,0.00,0.000000,0.000000
30.700,0.0000,150.0000,47.1875,51.0407,0.00,0.000000,0.000000
30.800,0.0000,150.0000,47.3125,51.0995,0.00,0.000000,0.000000
30.900,0.0000,150.0000,47.3750,51.1582,0.00,0.000000,0.000000
31.000,0.0000,150.0000,47.5000,51.2167,0.00,0.000000,0.000000
31.100,0.0000,150.0000,47.5625,51.2751,0.00,0.000000,0.000000
31.200,0.0000,150.0000,47.6250,51.3334,0.00,0.000000,0.000000
31.300,0.0000,150.0000,47.6875,51.3916,0.00,0.000000,0.000000
31.400,0.0000,150.0000,47.7500,51.4496,0.00,0.000000,0.000000
31.500,0.0000,150.0000,47.7500,51.5075,0.00,0.000000,0.000000
31.600,0.0000,150.0000,47.8750,51.5652,0.00,0.000000,0.000000
31.700,0.0000,150.0000,47.8750,51.6229,0.00,0.000000,0.000000
31.800,0.0000,150.0000,47.9375,51.6804,0.00,0.000000,0.000000
31.900,0.0000,150.0000,48.0000,51.7377,0.00,0.000000,0.000000
32.000,0.0000,150.0000,48.0625,51.7950,0.00,0.000000,0.000000
32.100,0.0000,150.0000,48.1875,51.8521,0.00,0.000000,0.000000
32.200,0.0000,150.0000,48.2500,51.9091,0.00,0.000000,0.000000
32.300,0.0000,150.0000,48.3750,51.9660,0.00,0.000000,0.000000
32.400,0.0000,150.0000,48.4375,52.0227,0.00,0.000000,0.000000
32.500,0.0000,150.0000,48.4375,52.0793,0.00,0.000000,0.000000
32.600,0.0000,150.0000,48.5000,52.1358,0.00,0.000000,0.000000
32.700,0.0000,150.0000,48.6250,52.1922,0.00,0.000000,0.000000
32.800,0.0000,150.0000,48.6250,52.2484,0.00,0.000000,0.000000
32.900,0.0000,150.0000,48.6875,52.3045,0.00,0.000000,0.000000
33.000,0.0000,150.0000,48.7500,52.3605,0.00,0.000000,0.000000
33.100,0.0000,150.0000,48.8750,52.4164,0.00,0.000000,0.000000
33.200,0.0000,150.0000,48.9375,52.4721,0.00,0.000000,0.000000
33.300,0.0000,150.0000,48.9375,52.5278,0.00,0.000000,0.000000
33.400,0.0000,150.0000,49.0625,52.5832,0.00,0.000000,0.000000
33.500,0.0000,150.0000,49.1250,52.6386,0.00,0.000000,0.000000
33.600,0.0000,150.0000,49.1250,52.6939,0.00,0.000000,0.000000
33.700,0.0000,150.0000,49.2500,52.7490,0.00,0.000000,0.000000
33.800,0.0000,150.0000,49.3125,52.8040,0.00,0.000000,0.000000
33.900,0.0000,150.0000,49.3125,52.8589,0.00,0.000000,0.000000
34.000,0.0000,150.0000,49.5000,52.9136,0.00,0.000000,0.000000
34.100,0.0000,150.0000,49.5000,52.9683,0.00,0.000000,0.000000
34.200,0.0000,150.0000,49.5625,53.0228,0.00,0.000000,0.000000
34.300,0.0000,150.0000,49.5625,53.0772,0.00,0.000000,0.000000
34.400,0.0000,150.0000,49.5625,53.1314,0.00,0.000000,0.000000
34.500,0.0000,150.0000,49.6875,53.1856,0.00,0.000000,0.000000
34.600,0.0000,150.0000,49.8125,53.2396,0.00,0.000000,0.000000
34.700,0.0000,150.0000,49.8750,53.2935,0.00,0.000000,0.000000
34.800,0.0000,150.0000,49.8750,53.3473,0.00,0.000000,0.000000
34.900,0.0000,150.0000,50.0000,53.4010,0.00,0.000000,0.000000
35.000,0.0000,150.0000,50.0000,53.4546,0.00,0.000000,0.000000
35.100,0.0000,150.0000,50.1250,53.5080,0.00,0.000000,0.000000
35.200,0.0000,150.0000,50.1875,53.5613,0.00,0.000000,0.000000
35.300,0.0000,150.0000,50.1250,53.6145,0.00,0.000000,0.000000
35.400,0.0000,150.0000,50.3750,53.6676,0.00,0.000000,0.000000
35.500,0.0000,150.0000,50.3125,53.7206,0.00,0.000000,0.000000
35.600,0.0000,150.0000,50.3750,53.7734,0.00,0.000000,0.000000
35.700,0.0000,150.0000,50.4375,53.8261,0.00,0.000000,0.000000
35.800,0.0000,150.0000,50.5625,53.8787,0.00,0.000000,0.000000
35.900,0.0000,150.0000,50.6250,53.9312,0.00,0.000000,0.000000
36.000,0.0000,150.0000,50.5625,53.9836,0.00,0.000000,0.000000
36.100,0.0000,150.0000,50.6250,54.0359,0.00,0.000000,0.000000
36.200,0.0000,150.0000,50.6250,54.0880,0.00,0.000000,0.000000
36.300,0.0000,150.0000,50.8125,54.1400,0.00,0.000000,0.000000
36.400,0.0000,150.0000,51.0000,54.1919,0.00,0.000000,0.000000
36.500,0.0000,150.0000,50.8750,54.2437,0.00,0.000000,0.000000
36.600,0.0000,150.0000,50.9375,54.2954,0.00,0.000000,0.000000
36.700,0.0000,150.0000,51.0000,54.3470,0.00,0.000000,0.000000
36.800,0.0000,150.0000,51.1250,54.3984,0.00,0.000000,0.000000
36.900,0.0000,150.0000,51.1250,54.4498,0.00,0.000000,0.000000
37.000,0.0000,150.0000,51.1875,54.5010,0.00,0.000000,0.000000
37.100,0.0000,150.0000,51.3125,54.5521,0.00,0.000000,0.000000
37.200,0.0000,150.0000,51.3125,54.6031,0.00,0.000000,0.000000
37.300,0.0000,150.0000,51.3750,54.6540,0.00,0.000000,0.000000
37.400,0.0000,150.0000,51.4375,54.7047,0.00,0.000000,0.000000
37.500,0.0000,150.0000,51.4375,54.7554,0.00,0.000000,0.000000
37.600,0.0000,150.0000,51.6250,54.8059,0.00,0.000000,0.000000
37.700,0.0000,150.0000,51.6875,54.8564,0.00,0.000000,0.000000
37.800,0.0000,150.0000,51.6875,54.9067,0.00,0.000000,0.000000
37.900,0.0000,150.0000,51.7500,54.9569,0.00,0.000000,0.000000
38.000,0.0000,150.0000,51.6875,55.0070,0.00,0.000000,0.000000
38.100,0.0000,150.0000,51.8750,55.0570,0.00,0.000000,0.000000
38.200,0.0000,150.0000,51.8125,55.1069,0.00,0.000000,0.000000
38.300,0.0000,150.0000,51.9375,55.1566,0.00,0.000000,0.000000
38.400,0.0000,150.0000,52.0000,55.2063,0.00,0.000000,0.000000
38.500,0.0000,150.0000,52.1250,55.2558,0.00,0.000000,0.000000
38.600,0.0000,150.0000,52.1875,55.3052,0.00,0.000000,0.000000
38.700,0.0000,150.0000,52.2500,55.3546,0.00,0.000000,0.000000
38.800,0.0000,150.0000,52.3125,55.4038,0.00,0.000000,0.000000
38.900,0.0000,150.0000,52.3125,55.4529,0.00,0.000000,0.000000
39.000,0.0000,150.0000,52.4375,55.5019,0.00,0.000000,0.000000
39.100,0.0000,150.0000,52.4375,55.5508,0.00,0.000000,0.000000
39.200,0.0000,150.0000,52.5000,55.5995,0.00,0.000000,0.000000
39.300,0.0000,150.0000,52.5625,55.6482,0.00,0.000000,0.000000
39.400,0.0000,150.0000,52.6250,55.6968,0.00,0.000000,0.000000
39.500,0.0000,150.0000,52.6875,55.7452,0.00,0.000000,0.000000
39.600,0.0000,150.0000,52.7500,55.7936,0.00,0.000000,0.000000
39.700,0.0000,150.0000,52.7500,55.8418,0.00,0.000000,0.000000
39.800,0.0000,150.0000,52.7500,55.8899,0.00,0.000000,0.000000
39.900,0.0000,150.0000,52.8125,55.9379,0.00,0.000000,0.000000
40.000,0.0000,150.0000,52.8750,55.9859,0.00,0.000000,0.000000
40.100,0.0000,150.0000,53.0625,56.0337,0.00,0.000000,0.000000
40.200,0.0000,150.0000,53.0625,56.0814,0.00,0.000000,0.000000
40.300,0.0000,150.0000,53.0625,56.1290,0.00,0.000000,0.000000
40.400,0.0000,150.0000,53.0625,56.1765,0.00,0.000000,0.000000
40.500,0.0000,150.0000,53.1875,56.2238,0.00,0.000000,0.000000
40.600,0.0000,150.0000,53.1875,56.2711,0.00,0.000000,0.000000
40.700,0.0000,150.0000,53.3750,56.3183,0.00,0.000000,0.000000
40.800,0.0000,150.0000,53.3750,56.3654,0.00,0.000000,0.000000
40.900,0.0000,150.0000,53.5625,56.4123,0.00,0.000000,0.000000
41.000,0.0000,150.0000,53.3750,56.4592,0.00,0.000000,0.000000
41.100,0.0000,150.0000,53.4375,56.5060,0.00,0.000000,0.000000
41.200,0.0000,150.0000,53.6250,56.5526,0.00,0.000000,0.000000
41.300,0.0000,150.0000,53.6250,56.5992,0.00,0.000000,0.000000
41.400,0.0000,150.0000,53.6250,56.6456,0.00,0.000000,0.000000
41.500,0.0000,150.0000,53.6875,56.6919,0.00,0.000000,0.000000
41.600,0.0000,150.0000,53.8750,56.7382,0.00,0.000000,0.000000
41.700,0.0000,150.0000,53.8125,56.7843,0.00,0.000000,0.000000
41.800,0.0000,150.0000,53.8750,56.8304,0.00,0.000000,0.000000
41.900,0.0000,150.0000,53.9375,56.8763,0.00,0.000000,0.000000
42.000,0.0000,150.0000,54.0000,56.9221,0.00,0.000000,0.000000
42.100,0.0000,150.0000,54.0625,56.9679,0.00,0.000000,0.000000
42.200,0.0000,150.0000,54.0625,57.0135,0.00,0.000000,0.000000
42.300,0.0000,150.0000,54.3125,57.0590,0.00,0.000000,0.000000
42.400,0.0000,150.0000,54.2500,57.1044,0.00,0.000000,0.000000
42.500,0.0000,150.0000,54.3125,57.1498,0.00,0.000000,0.000000
42.600,0.0000,150.0000,54.3125,57.1950,0.00,0.000000,0.000000
42.700,0.0000,150.0000,54.3750,57.2401,0.00,0.000000,0.000000
42.800,0.0000,150.0000,54.3750,57.2851,0.00,0.000000,0.000000
42.900,0.0000,150.0000,54.3750,57.3300,0.00,0.000000,0.000000
43.000,0.0000,150.0000,54.5625,57.3749,0.00,0.000000,0.000000
43.100,0.0000,150.0000,54.5625,57.4196,0.00,0.000000,0.000000
43.200,0.0000,150.0000,54.5625,57.4642,0.00,0.000000,0.000000
43.300,0.0000,150.0000,54.6250,57.5087,0.00,0.000000,0.000000
43.400,0.0000,150.0000,54.6875,57.5532,0.00,0.000000,0.000000
43.500,0.0000,150.0000,54.7500,57.5975,0.00,0.000000,0.000000
43.600,0.0000,150.0000,54.8125,57.6417,0.00,0.000000,0.000000
43.700,0.0000,150.0000,54.8750,57.6858,0.00,0.000000,0.000000
43.800,0.0000,150.0000,55.0000,57.7299,0.00,0.000000,0.000000
43.900,0.0000,150.0000,54.9375,57.7738,0.00,0.000000,0.000000
44.000,0.0000,150.0000,55.0625,57.8176,0.00,0.000000,0.000000
44.100,0.0000,150.0000,55.0625,57.8614,0.00,0.000000,0.000000
44.200,0.0000,150.0000,55.0625,57.9050,0.00,0.000000,0.000000
44.300,0.0000,150.0000,55.1875,57.9486,0.00,0.000000,0.000000
44.400,0.0000,150.0000,55.2500,57.9920,0.00,0.000000,0.000000
44.500,0.0000,150.0000,55.2500,58.0354,0.00,0.000000,0.000000
44.600,0.0000,150.0000,55.3125,58.0786,0.00,0.000000,0.000000
44.700,0.0000,150.0000,55.3125,58.1218,0.00,0.000000,0.000000
44.800,0.0000,150.0000,55.3750,58.1648,0.00,0.000000,0.000000
44.900,0.0000,150.0000,55.4375,58.2078,0.00,0.000000,0.000000
45.000,0.0000,150.0000,55.5000,58.2507,0.00,0.000000,0.000000
45.100,0.0000,150.0000,55.5625,58.2935,0.00,0.000000,0.000000
45.200,0.0000,150.0000,55.5625,58.3361,0.00,0.000000,0.000000
45.300,0.0000,150.0000,55.6250,58.3787,0.00,0.000000,0.000000
45.400,0.0000,150.0000,55.7500,58.4212,0.00,0.000000,0.000000
45.500,0.0000,150.0000,55.6875,58.4636,0.00,0.000000,0.000000
45.600,0.0000,150.0000,55.8750,58.5059,0.00,0.000000,0.000000
45.700,0.0000,150.0000,55.8125,58.5481,0.00,0.000000,0.000000
45.800,0.0000,150.0000,55.9375,58.5902,0.00,0.000000,0.000000
45.900,0.0000,150.0000,55.8750,58.6323,0.00,0.000000,0.000000
46.000,0.0000,150.0000,55.9375,58.6742,0.00,0.000000,0.000000
46.100,0.0000,150.0000,56.0625,58.7160,0.00,0.000000,0.000000
46.200,0.0000,150.0000,56.1250,58.7578,0.00,0.000000,0.000000
46.300,0.0000,150.0000,56.1875,58.7994,0.00,0.000000,0.000000
46.400,0.0000,150.0000,56.1250,58.8410,0.00,0.000000,0.000000
46.500,0.0000,150.0000,56.1875,58.8824,0.00,0.000000,0.000000
46.600,0.0000,150.0000,56.2500,58.9238,0.00,0.000000,0.000000
46.700,0.0000,150.0000,56.3750,58.9651,0.00,0.000000,0.000000
46.800,0.0000,150.0000,56.3125,59.0063,0.00,0.000000,0.000000
46.900,0.0000,150.0000,56.3750,59.0474,0.00,0.000000,0.000000
47.000,0.0000,150.0000,56.5000,59.0884,0.00,0.000000,0.000000
47.100,0.0000,150.0000,56.5625,59.1293,0.00,0.000000,0.000000
47.200,0.0000,150.0000,56.6875,59.1701,0.00,0.000000,0.000000
47.300,0.0000,150.0000,56.6250,59.2109,0.00,0.000000,0.000000
47.400,0.0000,150.0000,56.7500,59.2515,0.00,0.000000,0.000000
47.500,0.0000,150.0000,56.7500,59.2920,0.00,0.000000,0.000000
47.600,0.0000,150.0000,56.7500,59.3325,0.00,0.000000,0.000000
47.700,0.0000,150.0000,56.7500,59.3729,0.00,0.000000,0.000000
47.800,0.0000,150.0000,56.8125,59.4132,0.00,0.000000,0.000000
47.900,0.0000,150.0000,56.8750,59.4534,0.00,0.000000,0.000000
48.000,0.0000,150.0000,57.0000,59.4935,0.00,0.000000,0.000000
48.100,0.0000,150.0000,56.9375,59.5335,0.00,0.000000,0.000000
48.200,0.0000,150.0000,57.0000,59.5734,0.00,0.000000,0.000000
48.300,0.0000,150.0000,57.1250,59.6132,0.00,0.000000,0.000000
48.400,0.0000,150.0000,57.2500,59.6530,0.00,0.000000,0.000000
48.500,0.0000,150.0000,57.1250,59.6926,0.00,0.000000,0.000000
48.600,0.0000,150.0000,57.1875,59.7322,0.00,0.000000,0.000000
48.700,0.0000,150.0000,57.2500,59.7717,0.00,0.000000,0.000000
48.800,0.0000,150.0000,57.3750,59.8111,0.00,0.000000,0.000000
48.900,0.0000,150.0000,57.3750,59.8504,0.00,0.000000,0.000000
49.000,0.0000,150.0000,57.3750,59.8896,0.00,0.000000,0.000000
49.100,0.0000,150.0000,57.4375,59.9288,0.00,0.000000,0.000000
49.200,0.0000,150.0000,57.3750,59.9678,0.00,0.000000,0.000000
49.300,0.0000,150.0000,57.5000,60.0068,0.00,0.000000,0.000000
49.400,0.0000,150.0000,57.5000,60.0456,0.00,0.000000,0.000000
49.500,0.0000,150.0000,57.5625,60.0844,0.00,0.000000,0.000000
49.600,0.0000,150.0000,57.6875,60.1231,0.00,0.000000,0.000000
49.700,0.0000,150.0000,57.6875,60.1617,0.00,0.000000,0.000000
49.800,0.0000,150.0000,57.7500,60.2003,0.00,0.000000,0.000000
49.900,0.0000,150.0000,57.7500,60.2387,0.00,0.000000,0.000000
50.000,0.0000,150.0000,57.8750,60.2771,0.00,0.000000,0.000000
50.100,0.0000,150.0000,57.8125,60.3154,0.00,0.000000,0.000000
50.200,0.0000,150.0000,57.8750,60.3535,0.00,0.000000,0.000000
50.300,0.0000,150.0000,57.9375,60.3916,0.00,0.000000,0.000000
50.400,0.0000,150.0000,58.0625,60.4297,0.00,0.000000,0.000000
50.500,0.0000,150.0000,58.0625,60.4676,0.00,0.000000,0.000000
50.600,0.0000,150.0000,58.0625,60.5054,0.00,0.000000,0.000000
50.700,0.0000,150.0000,58.0625,60.5432,0.00,0.000000,0.000000
50.800,0.0000,150.0000,58.1250,60.5809,0.00,0.000000,0.000000
50.900,0.0000,150.0000,58.3125,60.6185,0.00,0.000000,0.000000
51.000,0.0000,150.0000,58.2500,60.6560,0.00,0.000000,0.000000
51.100,0.0000,150.0000,58.3750,60.6934,0.00,0.000000,0.000000
51.200,0.0000,150.0000,58.3750,60.7308,0.00,0.000000,0.000000
51.300,0.0000,150.0000,58.4375,60.7681,0.00,0.000000,0.000000
51.400,0.0000,150.0000,58.4375,60.8052,0.00,0.000000,0.000000
51.500,0.0000,150.0000,58.5625,60.8423,0.00,0.000000,0.000000
51.600,0.0000,150.0000,58.5000,60.8794,0.00,0.000000,0.000000
51.700,0.0000,150.0000,58.5000,60.9163,0.00,0.000000,0.000000
51.800,0.0000,150.0000,58.5000,60.9531,0.00,0.000000,0.000000
51.900,0.0000,150.0000,58.6250,60.9899,0.00,0.000000,0.000000
52.000,0.0000,150.0000,58.6875,61.0266,0.00,0.000000,0.000000
52.100,0.0000,150.0000,58.6875,61.0632,0.00,0.000000,0.000000
52.200,0.0000,150.0000,58.8125,61.0997,0.00,0.000000,0.000000
52.300,0.0000,150.0000,58.8750,61.1362,0.00,0.000000,0.000000
52.400,0.0000,150.0000,58.8125,61.1725,0.00,0.000000,0.000000
52.500,0.0000,150.0000,58.8750,61.2088,0.00,0.000000,0.000000
52.600,0.0000,150.0000,58.9375,61.2450,0.00,0.000000,0.000000
52.700,0.0000,150.0000,58.9375,61.2811,0.00,0.000000,0.000000
52.800,0.0000,150.0000,59.0000,61.3172,0.00,0.000000,0.000000
52.900,0.0000,150.0000,59.0625,61.3532,0.00,0.000000,0.000000
53.000,0.0000,150.0000,59.2500,61.3890,0.00,0.000000,0.000000
53.100,0.0000,150.0000,59.1875,61.4248,0.00,0.000000,0.000000
53.200,0.0000,150.0000,59.1875,61.4606,0.00,0.000000,0.000000
53.300,0.0000,150.0000,59.1875,61.4962,0.00,0.000000,0.000000
53.400,0.0000,150.0000,59.1875,61.5318,0.00,0.000000,0.000000
53.500,0.0000,150.0000,59.3125,61.5673,0.00,0.000000,0.000000
53.600,0.0000,150.0000,59.3750,61.6027,0.00,0.000000,0.000000
53.700,0.0000,150.0000,59.4375,61.6380,0.00,0.000000,0.000000
53.800,0.0000,150.0000,59.4375,61.6732,0.00,0.000000,0.000000
53.900,0.0000,150.0000,59.5000,61.7084,0.00,0.000000,0.000000
54.000,0.0000,150.0000,59.4375,61.7435,0.00,0.000000,0.000000
54.100,0.0000,150.0000,59.5000,61.7785,0.00,0.000000,0.000000
54.200,0.0000,150.0000,59.5625,61.8134,0.00,0.000000,0.000000
54.300,0.0000,150.0000,59.6875,61.8483,0.00,0.000000,0.000000
54.400,0.0000,150.0000,59.6250,61.8831,0.00,0.000000,0.000000
54.500,0.0000,150.0000,59.6875,61.9178,0.00,0.000000,0.000000
54.600,0.0000,150.0000,59.7500,61.9524,0.00,0.000000,0.000000
54.700,0.0000,150.0000,59.7500,61.9870,0.00,0.000000,0.000000
54.800,0.0000,150.0000,59.8125,62.0214,0.00,0.000000,0.000000
54.900,0.0000,150.0000,59.8750,62.0558,0.00,0.000000,0.000000
55.000,0.0000,150.0000,59.8750,62.0902,0.00,0.000000,0.000000
55.100,0.0000,150.0000,59.8750,62.1244,0.00,0.000000,0.000000
55.200,0.0000,150.0000,59.9375,62.1586,0.00,0.000000,0.000000
55.300,0.0000,150.0000,60.0000,62.1927,0.00,0.000000,0.000000
55.400,0.0000,150.0000,60.0625,62.2267,0.00,0.000000,0.000000
55.500,0.0000,150.0000,60.0625,62.2606,0.00,0.000000,0.000000
55.600,0.0000,150.0000,60.1250,62.2945,0.00,0.000000,0.000000
55.700,0.0000,150.0000,60.1875,62.3283,0.00,0.000000,0.000000
55.800,0.0000,150.0000,60.1875,62.3620,0.00,0.000000,0.000000
55.900,0.0000,150.0000,60.3125,62.3956,0.00,0.000000,0.000000
56.000,0.0000,150.0000,60.2500,62.4292,0.00,0.000000,0.000000
56.100,0.0000,150.0000,60.3125,62.4627,0.00,0.000000,0.000000
56.200,0.0000,150.0000,60.3750,62.4961,0.00,0.000000,0.000000
56.300,0.0000,150.0000,60.3750,62.5294,0.00,0.000000,0.000000
56.400,0.0000,150.0000,60.4375,62.5627,0.00,0.000000,0.000000
56.500,0.0000,150.0000,60.4375,62.5959,0.00,0.000000,0.000000
56.600,0.0000,150.0000,60.4375,62.6290,0.00,0.000000,0.000000
56.700,0.0000,150.0000,60.5625,62.6621,0.00,0.000000,0.000000
56.800,0.0000,150.0000,60.5625,62.6950,0.00,0.000000,0.000000
56.900,0.0000,150.0000,60.6875,62.7279,0.00,0.000000,0.000000
57.000,0.0000,150.0000,60.6875,62.7608,0.00,0.000000,0.000000
57.100,0.0000,150.0000,60.6875,62.7935,0.00,0.000000,0.000000
57.200,0.0000,150.0000,60.8125,62.8262,0.00,0.000000,0.000000
57.300,0.0000,150.0000,60.7500,62.8588,0.00,0.000000,0.000000
57.400,0.0000,150.0000,60.7500,62.8914,0.00,0.000000,0.000000
57.500,0.0000,150.0000,60.8750,62.9238,0.00,0.000000,0.000000
57.600,0.0000,150.0000,60.8125,62.9562,0.00,0.000000,0.000000
57.700,0.0000,150.0000,60.9375,62.9885,0.00,0.000000,0.000000
57.800,0.0000,150.0000,61.0000,63.0208,0.00,0.000000,0.000000
57.900,0.0000,150.0000,61.0625,63.0530,0.00,0.000000,0.000000
58.000,0.0000,150.0000,61.0625,63.0851,0.00,0.000000,0.000000
58.100,0.0000,150.0000,61.1250,63.1171,0.00,0.000000,0.000000
58.200,0.0000,150.0000,61.0625,63.1491,0.00,0.000000,0.000000
58.300,0.0000,150.0000,61.1875,63.1809,0.00,0.000000,0.000000
58.400,0.0000,150.0000,61.1875,63.2128,0.00,0.000000,0.000000
58.500,0.0000,150.0000,61.1875,63.2445,0.00,0.000000,0.000000
58.600,0.0000,150.0000,61.2500,63.2762,0.00,0.000000,0.000000
58.700,0.0000,150.0000,61.3125,63.3078,0.00,0.000000,0.000000
58.800,0.0000,150.0000,61.3750,63.3393,0.00,0.000000,0.000000
58.900,0.0000,150.0000,61.3750,63.3708,0.00,0.000000,0.000000
59.000,0.0000,150.0000,61.3750,63.4022,0.00,0.000000,0.000000
59.100,0.0000,150.0000,61.3750,63.4335,0.00,0.000000,0.000000
59.200,0.0000,150.0000,61.4375,63.4648,0.00,0.000000,0.000000
59.300,0.0000,150.0000,61.4375,63.4960,0.00,0.000000,0.000000
59.400,0.0000,150.0000,61.4375,63.5271,0.00,0.000000,0.000000
59.500,0.0000,150.0000,61.5625,63.5582,0.00,0.000000,0.000000
59.600,0.0000,150.0000,61.6875,63.5891,0.00,0.000000,0.000000
59.700,0.0000,150.0000,61.6250,63.6200,0.00,0.000000,0.000000
59.800,0.0000,150.0000,61.6875,63.6509,0.00,0.000000,0.000000
59.900,0.0000,150.0000,61.7500,63.6817,0.00,0.000000,0.000000
60.000,0.0000,150.0000,61.7500,63.7124,0.00,0.000000,0.000000
60.100,0.0000,150.0000,61.8125,63.7430,0.00,0.000000,0.000000
60.200,0.0000,150.0000,61.8750,63.7736,0.00,0.000000,0.000000
60.300,0.0000,150.0000,61.8750,63.8041,0.00,0.000000,0.000000
60.400,0.0000,150.0000,61.8125,63.8345,0.00,0.000000,0.000000
60.500,0.0000,150.0000,61.8750,63.8649,0.00,0.000000,0.000000
60.600,0.0000,150.0000,61.9375,63.8952,0.00,0.000000,0.000000
60.700,0.0000,150.0000,62.0000,63.9254,0.00,0.000000,0.000000
60.800,0.0000,150.0000,62.0000,63.9556,0.00,0.000000,0.000000
60.900,0.0000,150.0000,62.0625,63.9857,0.00,0.000000,0.000000
61.000,0.0000,150.0000,62.1250,64.0157,0.00,0.000000,0.000000
61.100,0.0000,150.0000,62.0625,64.0457,0.00,0.000000,0.000000
61.200,0.0000,150.0000,62.1250,64.0756,0.00,0.000000,0.000000
61.300,0.0000,150.0000,62.1875,64.1054,0.00,0.000000,0.000000
61.400,0.0000,150.0000,62.1875,64.1352,0.00,0.000000,0.000000
61.500,0.0000,150.0000,62.2500,64.1649,0.00,0.000000,0.000000
61.600,0.0000,150.0000,62.2500,64.1945,0.00,0.000000,0.000000
61.700,0.0000,150.0000,62.3125,64.2241,0.00,0.000000,0.000000
61.800,0.0000,150.0000,62.3750,64.2536,0.00,0.000000,0.000000
61.900,0.0000,150.0000,62.4375,64.2830,0.00,0.000000,0.000000
62.000,0.0000,150.0000,62.4375,64.3124,0.00,0.000000,0.000000
62.100,0.0000,150.0000,62.5000,64.3417,0.00,0.000000,0.000000
62.200,0.0000,150.0000,62.5000,64.3709,0.00,0.000000,0.000000
62.300,0.0000,150.0000,62.5000,64.4001,0.00,0.000000,0.000000
62.400,0.0000,150.0000,62.6250,64.4292,0.00,0.000000,0.000000
62.500,0.0000,150.0000,62.6250,64.4583,0.00,0.000000,0.000000
62.600,0.0000,150.0000,62.6875,64.4873,0.00,0.000000,0.000000
62.700,0.0000,150.0000,62.6250,64.5162,0.00,0.000000,0.000000
62.800,0.0000,150.0000,62.7500,64.5450,0.00,0.000000,0.000000
62.900,0.0000,150.0000,62.6875,64.5738,0.00,0.000000,0.000000
63.000,0.0000,150.0000,62.6875,64.6025,0.00,0.000000,0.000000
63.100,0.0000,150.0000,62.8125,64.6312,0.00,0.000000,0.000000
63.200,0.0000,150.0000,62.8125,64.6598,0.00,0.000000,0.000000
63.300,0.0000,150.0000,62.7500,64.6883,0.00,0.000000,0.000000
63.400,0.0000,150.0000,62.9375,64.7168,0.00,0.000000,0.000000
63.500,0.0000,150.0000,62.8125,64.7452,0.00,0.000000,0.000000
63.600,0.0000,150.0000,62.9375,64.7736,0.00,0.000000,0.000000
63.700,0.0000,150.0000,63.0000,64.8018,0.00,0.000000,0.000000
63.800,0.0000,150.0000,63.0625,64.8300,0.00,0.000000,0.000000
63.900,0.0000,150.0000,63.1250,64.8582,0.00,0.000000,0.000000
64.000,0.0000,150.0000,63.1250,64.8863,0.00,0.000000,0.000000
64.100,0.0000,150.0000,63.1875,64.9143,0.00,0.000000,0.000000
64.200,0.0000,150.0000,63.1875,64.9423,0.00,0.000000,0.000000
64.300,0.0000,150.0000,63.1250,64.9702,0.00,0.000000,0.000000
64.400,0.0000,150.0000,63.1250,64.9980,0.00,0.000000,0.000000
64.500,0.0000,150.0000,63.2500,65.0258,0.00,0.000000,0.000000
64.600,0.0000,150.0000,63.2500,65.0535,0.00,0.000000,0.000000
64.700,0.0000,150.0000,63.1875,65.0812,0.00,0.000000,0.000000
64.800,0.0000,150.0000,63.3125,65.1088,0.00,0.000000,0.000000
64.900,0.0000,150.0000,63.3750,65.1363,0.00,0.000000,0.000000
65.000,0.0000,150.0000,63.4375,65.1638,0.00,0.000000,0.000000
65.100,0.0000,150.0000,63.5000,65.1912,0.00,0.000000,0.000000
65.200,0.0000,150.0000,63.4375,65.2186,0.00,0.000000,0.000000
65.300,0.0000,150.0000,63.5000,65.2459,0.00,0.000000,0.000000
65.400,0.0000,150.0000,63.5625,65.2731,0.00,0.000000,0.000000
65.500,0.0000,150.0000,63.5625,65.3003,0.00,0.000000,0.000000
65.600,0.0000,150.0000,63.5000,65.3274,0.00,0.000000,0.000000
65.700,0.0000,150.0000,63.5625,65.3544,0.00,0.000000,0.000000
65.800,0.0000,150.0000,63.6250,65.3814,0.00,0.000000,0.000000
65.900,0.0000,150.0000,63.7500,65.4084,0.00,0.000000,0.000000
66.000,0.0000,150.0000,63.6875,65.4352,0.00,0.000000,0.000000
66.100,0.0000,150.0000,63.8125,65.4620,0.00,0.000000,0.000000
66.200,0.0000,150.0000,63.7500,65.4888,0.00,0.000000,0.000000
66.300,0.0000,150.0000,63.8750,65.5155,0.00,0.000000,0.000000
66.400,0.0000,150.0000,63.8750,65.5421,0.00,0.000000,0.000000
66.500,0.0000,150.0000,63.8750,65.5687,0.00,0.000000,0.000000
66.600,0.0000,150.0000,63.8750,65.5952,0.00,0.000000,0.000000
66.700,0.0000,150.0000,64.0000,65.6217,0.00,0.000000,0.000000
66.800,0.0000,150.0000,64.0000,65.6481,0.00,0.000000,0.000000
66.900,0.0000,150.0000,63.9375,65.6744,0.00,0.000000,0.000000
67.000,0.0000,150.0000,64.0625,65.7007,0.00,0.000000,0.000000
67.100,0.0000,150.0000,64.0625,65.7269,0.00,0.000000,0.000000
67.200,0.0000,150.0000,64.0625,65.7531,0.00,0.000000,0.000000
67.300,0.0000,150.0000,64.0625,65.7792,0.00,0.000000,0.000000
67.400,0.0000,150.0000,64.0625,65.8052,0.00,0.000000,0.000000
67.500,0.0000,150.0000,64.1875,65.8312,0.00,0.000000,0.000000
67.600,0.0000,150.0000,64.1875,65.8571,0.00,0.000000,0.000000
67.700,0.0000,150.0000,64.1875,65.8830,0.00,0.000000,0.000000
67.800,0.0000,150.0000,64.2500,65.9088,0.00,0.000000,0.000000
67.900,0.0000,150.0000,64.2500,65.9346,0.00,0.000000,0.000000
68.000,0.0000,150.0000,64.4375,65.9603,0.00,0.000000,0.000000
68.100,0.0000,150.0000,64.3125,65.9859,0.00,0.000000,0.000000
68.200,0.0000,150.0000,64.3125,66.0115,0.00,0.000000,0.000000
68.300,0.0000,150.0000,64.5000,66.0370,0.00,0.000000,0.000000
68.400,0.0000,150.0000,64.4375,66.0625,0.00,0.000000,0.000000
68.500,0.0000,150.0000,64.5000,66.0879,0.00,0.000000,0.000000
68.600,0.0000,150.0000,64.5000,66.1133,0.00,0.000000,0.000000
68.700,0.0000,150.0000,64.5000,66.1386,0.00,0.000000,0.000000
68.800,0.0000,150.0000,64.5625,66.1638,0.00,0.000000,0.000000
68.900,0.0000,150.0000,64.5625,66.1890,0.00,0.000000,0.000000
69.000,0.0000,150.0000,64.6875,66.2142,0.00,0.000000,0.000000
69.100,0.0000,150.0000,64.6875,66.2392,0.00,0.000000,0.000000
69.200,0.0000,150.0000,64.7500,66.2643,0.00,0.000000,0.000000
69.300,0.0000,150.0000,64.6250,66.2892,0.00,0.000000,0.000000
69.400,0.0000,150.0000,64.7500,66.3141,0.00,0.000000,0.000000
69.500,0.0000,150.0000,64.7500,66.3390,0.00,0.000000,0.000000
69.600,0.0000,150.0000,64.8125,66.3638,0.00,0.000000,0.000000
69.700,0.0000,150.0000,64.8750,66.3886,0.00,0.000000,0.000000
69.800,0.0000,150.0000,64.8125,66.4132,0.00,0.000000,0.000000
69.900,0.0000,150.0000,64.8750,66.4379,0.00,0.000000,0.000000
70.000,0.0000,150.0000,64.8125,66.4625,0.00,0.000000,0.000000
70.100,0.0000,150.0000,64.9375,66.4870,0.00,0.000000,0.000000
70.200,0.0000,150.0000,64.8750,66.5115,0.00,0.000000,0.000000
70.300,0.0000,150.0000,64.9375,66.5359,0.00,0.000000,0.000000
70.400,0.0000,150.0000,64.8750,66.5602,0.00,0.000000,0.000000
70.500,0.0000,150.0000,65.0000,66.5846,0.00,0.000000,0.000000
70.600,0.0000,150.0000,65.0625,66.6088,0.00,0.000000,0.000000
70.700,0.0000,150.0000,65.0000,66.6330,0.00,0.000000,0.000000
70.800,0.0000,150.0000,65.0000,66.6572,0.00,0.000000,0.000000
70.900,0.0000,150.0000,65.1250,66.6813,0.00,0.000000,0.000000
71.000,0.1877,150.0000,65.1875,66.7053,0.00,0.000000,0.004175
71.100,0.1877,150.0000,65.1875,66.7293,0.00,0.000000,0.004175
71.200,0.1877,150.0000,65.1250,66.7532,0.00,0.000000,0.004175
71.300,0.1877,150.0000,65.3125,66.7771,0.00,0.000000,0.004175
71.400,0.1877,150.0000,65.2500,66.8009,0.00,0.000000,0.004175
71.500,0.1877,150.0000,65.4375,66.8247,0.00,0.000000,0.004175
71.600,0.1877,150.0000,65.2500,66.8484,0.00,0.000000,0.004175
71.700,0.1877,150.0000,65.4375,66.8721,0.00,0.000000,0.004175
71.800,0.1877,150.0000,65.4375,66.8957,0.00,0.000000,0.004175
71.900,0.1877,150.0000,65.5000,66.9193,0.00,0.000000,0.004175
72.000,0.7551,150.0000,65.4375,66.9428,0.00,0.000000,0.020873
72.100,0.7551,150.0000,65.5000,66.9663,0.00,0.000000,0.020873
72.200,0.7551,150.0000,65.5625,66.9897,0.00,0.000000,0.020873
72.300,0.7551,150.0000,65.5625,67.0130,0.00,0.000000,0.020873
72.400,0.7551,150.0000,65.5000,67.0363,0.00,0.000000,0.020873
72.500,0.7551,150.0000,65.5625,67.0596,0.00,0.000000,0.020873
72.600,0.7551,150.0000,65.5625,67.0828,0.00,0.000000,0.020873
72.700,0.7551,150.0000,65.6250,67.1059,0.00,0.000000,0.020873
72.800,0.7551,150.0000,65.6875,67.1290,0.00,0.000000,0.020873
72.900,0.7551,150.0000,65.6250,67.1521,0.00,0.000000,0.020873
73.000,0.9596,150.0000,65.6875,67.1751,0.00,0.000000,0.041746
73.100,0.9596,150.0000,65.7500,67.1980,0.00,0.000000,0.041746
73.200,0.9596,150.0000,65.8750,67.2209,0.00,0.000000,0.041746
73.300,0.9596,150.0000,65.8125,67.2438,0.00,0.000000,0.041746
73.400,0.9596,150.0000,65.8125,67.2665,0.00,0.000000,0.041746
73.500,0.9596,150.0000,65.8750,67.2893,0.00,0.000000,0.041746
73.600,0.9596,150.0000,65.8750,67.3120,0.00,0.000000,0.041746
73.700,0.9596,150.0000,65.8750,67.3346,0.00,0.000000,0.041746
73.800,0.9596,150.0000,65.8750,67.3572,0.00,0.000000,0.041746
73.900,0.9596,150.0000,65.9375,67.3797,0.00,0.000000,0.041746
74.000,1.4498,150.0000,66.0000,67.4022,0.00,0.000000,0.073056
74.100,1.4498,150.0000,65.9375,67.4247,0.00,0.000000,0.073056
74.200,1.4498,150.0000,66.0000,67.4471,0.00,0.000000,0.073056
74.300,1.4498,150.0000,66.0000,67.4694,0.00,0.000000,0.073056
74.400,1.4498,150.0000,66.0000,67.4917,0.00,0.000000,0.073056
74.500,1.4498,150.0000,66.1250,67.5139,0.00,0.000000,0.073056
74.600,1.4498,150.0000,66.1250,67.5361,0.00,0.000000,0.073056
74.700,1.4498,150.0000,66.1250,67.5583,0.00,0.000000,0.073056
74.800,1.4498,150.0000,66.1875,67.5804,0.00,0.000000,0.073056
74.900,1.4498,150.0000,66.1875,67.6024,0.00,0.000000,0.073056
75.000,1.8566,150.0000,66.2500,67.6244,0.00,0.000000,0.112714
75.100,1.8566,150.0000,66.2500,67.6463,0.00,0.000000,0.112714
75.200,1.8566,150.0000,66.2500,67.6682,0.00,0.000000,0.112714
75.300,1.8566,150.0000,66.2500,67.6901,0.00,0.000000,0.112714
75.400,1.8566,150.0000,66.3125,67.7119,0.00,0.000000,0.112714
75.500,1.8566,150.0000,66.3750,67.7336,0.00,0.000000,0.112714
75.600,1.8566,150.0000,66.3750,67.7553,0.00,0.000000,0.112714
75.700,1.8566,150.0000,66.3125,67.7770,0.00,0.000000,0.112714
75.800,1.8566,150.0000,66.3750,67.7986,0.00,0.000000,0.112714
75.900,1.8566,150.0000,66.3750,67.8202,0.00,0.000000,0.112714
76.000,2.1779,150.0000,66.3750,67.8417,0.00,0.000000,0.158635
76.100,2.1779,150.0000,66.4375,67.8631,0.00,0.000000,0.158635
76.200,2.1779,150.0000,66.5625,67.8846,0.00,0.000000,0.158635
76.300,2.1779,150.0000,66.5000,67.9059,0.00,0.000000,0.158635
76.400,2.1779,150.0000,66.6250,67.9272,0.00,0.000000,0.158635
76.500,2.1779,150.0000,66.6250,67.9485,0.00,0.000000,0.158635
76.600,2.1779,150.0000,66.6250,67.9697,0.00,0.000000,0.158635
76.700,2.1779,150.0000,66.6250,67.9909,0.00,0.000000,0.158635
76.800,2.1779,150.0000,66.6250,68.0120,0.00,0.000000,0.158635
76.900,2.1779,150.0000,66.7500,68.0331,0.00,0.000000,0.158635
77.000,2.7870,150.0000,66.6250,68.0542,0.00,0.000000,0.217079
77.100,2.7870,150.0000,66.7500,68.0752,0.00,0.000000,0.217079
77.200,2.7870,150.0000,66.7500,68.0961,0.00,0.000000,0.217079
77.300,2.7870,150.0000,66.8125,68.1170,0.00,0.000000,0.217079
77.400,2.7870,150.0000,66.8125,68.1379,0.00,0.000000,0.217079
77.500,2.7870,150.0000,66.8125,68.1587,0.00,0.000000,0.217079
77.600,2.7870,150.0000,66.9375,68.1794,0.00,0.000000,0.217079
77.700,2.7870,150.0000,66.8125,68.2001,0.00,0.000000,0.217079
77.800,2.7870,150.0000,66.9375,68.2208,0.00,0.000000,0.217079
77.900,2.7870,150.0000,66.8750,68.2414,0.00,0.000000,0.217079
78.000,3.0332,150.0000,67.0000,68.2620,0.00,0.000000,0.279698
78.100,3.0332,150.0000,66.9375,68.2825,0.00,0.000000,0.279698
78.200,3.0332,150.0000,66.9375,68.3030,0.00,0.000000,0.279698
78.300,3.0332,150.0000,66.9375,68.3234,0.00,0.000000,0.279698
78.400,3.0332,150.0000,67.0000,68.3438,0.00,0.000000,0.279698
78.500,3.0332,150.0000,67.1250,68.3642,0.00,0.000000,0.279698
78.600,3.0332,150.0000,67.0625,68.3845,0.00,0.000000,0.279698
78.700,3.0332,150.0000,67.0625,68.4047,0.00,0.000000,0.279698
78.800,3.0332,150.0000,67.1250,68.4250,0.00,0.000000,0.279698
78.900,3.0332,150.0000,67.1250,68.4451,0.00,0.000000,0.279698
79.000,3.4713,150.0000,67.2500,68.4652,0.00,0.000000,0.350666
79.100,3.4713,150.0000,67.2500,68.4853,0.00,0.000000,0.350666
79.200,3.4713,150.0000,67.3125,68.5053,0.00,0.000000,0.350666
79.300,3.4713,150.0000,67.2500,68.5253,0.00,0.000000,0.350666
79.400,3.4713,150.0000,67.2500,68.5453,0.00,0.000000,0.350666
79.500,3.4713,150.0000,67.3750,68.5652,0.00,0.000000,0.350666
79.600,3.4713,150.0000,67.2500,68.5850,0.00,0.000000,0.350666
79.700,3.4713,150.0000,67.3750,68.6048,0.00,0.000000,0.350666
79.800,3.4713,150.0000,67.4375,68.6246,0.00,0.000000,0.350666
79.900,3.4713,150.0000,67.4375,68.6443,0.00,0.000000,0.350666
80.000,4.0116,150.0000,67.2500,68.6640,0.00,0.000000,0.432071
80.100,4.0116,150.0000,67.4375,68.6837,0.00,0.000000,0.432071
80.200,4.0116,150.0000,67.4375,68.7032,0.00,0.000000,0.432071
80.300,4.0116,150.0000,67.3750,68.7228,0.00,0.000000,0.432071
80.400,4.0116,150.0000,67.5625,68.7423,0.00,0.000000,0.432071
80.500,4.0116,150.0000,67.5000,68.7618,0.00,0.000000,0.432071
80.600,4.0116,150.0000,67.5000,68.7812,0.00,0.000000,0.432071
80.700,4.0116,150.0000,67.5625,68.8006,0.00,0.000000,0.432071
80.800,4.0116,150.0000,67.5625,68.8199,0.00,0.000000,0.432071
80.900,4.0116,150.0000,67.5625,68.8392,0.00,0.000000,0.432071
81.000,4.2807,150.0000,67.6250,68.8584,0.00,0.000000,0.517650
81.100,4.2807,150.0000,67.6250,68.8776,0.00,0.000000,0.517650
81.200,4.2807,150.0000,67.6875,68.8968,0.00,0.000000,0.517650
81.300,4.2807,150.0000,67.6875,68.9159,0.00,0.000000,0.517650
81.400,4.2807,150.0000,67.6875,68.9350,0.00,0.000000,0.517650
81.500,4.2807,150.0000,67.6875,68.9540,0.00,0.000000,0.517650
81.600,4.2807,150.0000,67.7500,68.9730,0.00,0.000000,0.517650
81.700,4.2807,150.0000,67.7500,68.9920,0.00,0.000000,0.517650
81.800,4.2807,150.0000,67.7500,69.0109,0.00,0.000000,0.517650
81.900,4.2807,150.0000,67.8750,69.0297,0.00,0.000000,0.517650
82.000,4.8357,150.0000,67.7500,69.0485,0.00,0.000000,0.613666
82.100,4.8357,150.0000,67.8125,69.0673,0.00,0.000000,0.613666
82.200,4.8357,150.0000,67.8750,69.0861,0.00,0.000000,0.613666
82.300,4.8357,150.0000,67.8125,69.1048,0.00,0.000000,0.613666
82.400,4.8357,150.0000,68.0000,69.1234,0.00,0.000000,0.613666
82.500,4.8357,150.0000,68.0000,69.1420,0.00,0.000000,0.613666
82.600,4.8357,150.0000,68.0000,69.1606,0.00,0.000000,0.613666
82.700,4.8357,150.0000,68.0625,69.1791,0.00,0.000000,0.613666
82.800,4.8357,150.0000,68.0625,69.1976,0.00,0.000000,0.613666
82.900,4.8357,150.0000,68.0625,69.2161,0.00,0.000000,0.613666
83.000,5.2133,150.0000,68.1250,69.2345,0.00,0.000000,0.715944
83.100,5.2133,150.0000,68.1250,69.2529,0.00,0.000000,0.715944
83.200,5.2133,150.0000,68.1250,69.2712,0.00,0.000000,0.715944
83.300,5.2133,150.0000,68.0625,69.2895,0.00,0.000000,0.715944
83.400,5.2133,150.0000,68.0625,69.3077,0.00,0.000000,0.715944
83.500,5.2133,150.0000,68.0625,69.3259,0.00,0.000000,0.715944
83.600,5.2133,150.0000,68.1875,69.3441,0.00,0.000000,0.715944
83.700,5.2133,150.0000,68.1875,69.3622,0.00,0.000000,0.715944
83.800,5.2133,150.0000,68.2500,69.3803,0.00,0.000000,0.715944
83.900,5.2133,150.0000,68.1875,69.3983,0.00,0.000000,0.715944
84.000,5.5033,150.0000,68.3750,69.4163,0.00,0.000000,0.822396
84.100,5.5033,150.0000,68.2500,69.4343,0.00,0.000000,0.822396
84.200,5.5033,150.0000,68.2500,69.4522,0.00,0.000000,0.822396
84.300,5.5033,150.0000,68.2500,69.4701,0.00,0.000000,0.822396
84.400,5.5033,150.0000,68.3750,69.4880,0.00,0.000000,0.822396
84.500,5.5033,150.0000,68.4375,69.5058,0.00,0.000000,0.822396
84.600,5.5033,150.0000,68.4375,69.5235,0.00,0.000000,0.822396
84.700,5.5033,150.0000,68.5000,69.5413,0.00,0.000000,0.822396
84.800,5.5033,150.0000,68.4375,69.5589,0.00,0.000000,0.822396
84.900,5.5033,150.0000,68.5000,69.5766,0.00,0.000000,0.822396
85.000,6.0791,150.0000,68.5000,69.5942,0.00,0.000000,0.939285
85.100,6.0791,150.0000,68.5000,69.6118,0.00,0.000000,0.939285
85.200,6.0791,150.0000,68.5000,69.6293,0.00,0.000000,0.939285
85.300,6.0791,150.0000,68.5000,69.6468,0.00,0.000000,0.939285
85.400,6.0791,150.0000,68.6250,69.6642,0.00,0.000000,0.939285
85.500,6.0791,150.0000,68.6250,69.6816,0.00,0.000000,0.939285
85.600,6.0791,150.0000,68.6250,69.6990,0.00,0.000000,0.939285
85.700,6.0791,150.0000,68.5625,69.7164,0.00,0.000000,0.939285
85.800,6.0791,150.0000,68.6250,69.7337,0.00,0.000000,0.939285
85.900,6.0791,150.0000,68.6875,69.7509,0.00,0.000000,0.939285
86.000,6.4776,150.0000,68.7500,69.7681,0.00,0.000000,1.062436
86.100,6.4776,150.0000,68.7500,69.7853,0.00,0.000000,1.062436
86.200,6.4776,150.0000,68.7500,69.8025,0.00,0.000000,1.062436
86.300,6.4776,150.0000,68.6250,69.8196,0.00,0.000000,1.062436
86.400,6.4776,150.0000,68.8125,69.8366,0.00,0.000000,1.062436
86.500,6.4776,150.0000,68.8125,69.8537,0.00,0.000000,1.062436
86.600,6.4776,150.0000,68.6875,69.8707,0.00,0.000000,1.062436
86.700,6.4776,150.0000,68.8750,69.8876,0.00,0.000000,1.062436
86.800,6.4776,150.0000,68.7500,69.9045,0.00,0.000000,1.062436
86.900,6.4776,150.0000,68.8750,69.9214,0.00,0.000000,1.062436
87.000,6.8824,150.0000,68.8750,69.9382,0.00,0.000000,1.191848
87.100,6.8824,150.0000,68.9375,69.9550,0.00,0.000000,1.191848
87.200,6.8824,150.0000,68.8750,69.9718,0.00,0.000000,1.191848
87.300,6.8824,150.0000,68.8750,69.9885,0.00,0.000000,1.191848
87.400,6.8824,150.0000,68.8750,70.0052,0.00,0.000000,1.191848
87.500,6.8824,150.0000,68.8750,70.0219,0.00,0.000000,1.191848
87.600,6.8824,150.0000,68.9375,70.0385,0.00,0.000000,1.191848
87.700,6.8824,150.0000,68.9375,70.0551,0.00,0.000000,1.191848
87.800,6.8824,150.0000,69.0000,70.0716,0.00,0.000000,1.191848
87.900,6.8824,150.0000,69.0625,70.0881,0.00,0.000000,1.191848
88.000,7.2934,150.0000,69.0625,70.1046,0.00,0.000000,1.327523
88.100,7.2934,150.0000,69.0000,70.1210,0.00,0.000000,1.327523
88.200,7.2934,150.0000,69.0625,70.1374,0.00,0.000000,1.327523
88.300,7.2934,150.0000,69.1875,70.1538,0.00,0.000000,1.327523
88.400,7.2934,150.0000,69.1875,70.1701,0.00,0.000000,1.327523
88.500,7.2934,150.0000,69.1875,70.1864,0.00,0.000000,1.327523
88.600,7.2934,150.0000,69.1250,70.2027,0.00,0.000000,1.327523
88.700,7.2934,150.0000,69.3125,70.2189,0.00,0.000000,1.327523
88.800,7.2934,150.0000,69.1250,70.2351,0.00,0.000000,1.327523
88.900,7.2934,150.0000,69.2500,70.2512,0.00,0.000000,1.327523
89.000,7.7107,150.0000,69.2500,70.2673,0.00,0.000000,1.469459
89.100,7.7107,150.0000,69.2500,70.2834,0.00,0.000000,1.469459
89.200,7.7107,150.0000,69.2500,70.2994,0.00,0.000000,1.469459
89.300,7.7107,150.0000,69.3750,70.3154,0.00,0.000000,1.469459
89.400,7.7107,150.0000,69.3750,70.3314,0.00,0.000000,1.469459
89.500,7.7107,150.0000,69.3125,70.3473,0.00,0.000000,1.469459
89.600,7.7107,150.0000,69.4375,70.3632,0.00,0.000000,1.469459
89.700,7.7107,150.0000,69.2500,70.3791,0.00,0.000000,1.469459
89.800,7.7107,150.0000,69.3125,70.3949,0.00,0.000000,1.469459
89.900,7.7107,150.0000,69.3750,70.4107,0.00,0.000000,1.469459
90.000,8.0404,150.0000,69.3750,70.4264,0.00,0.000000,1.615570
90.100,8.0404,150.0000,69.4375,70.4422,0.00,0.000000,1.615570
90.200,8.0404,150.0000,69.5000,70.4578,0.00,0.000000,1.615570
90.300,8.0404,150.0000,69.5000,70.4735,0.00,0.000000,1.615570
90.400,8.0404,150.0000,69.5625,70.4891,0.00,0.000000,1.615570
90.500,8.0404,150.0000,69.5000,70.5047,0.00,0.000000,1.615570
90.600,8.0404,150.0000,69.5000,70.5202,0.00,0.000000,1.615570
90.700,8.0404,150.0000,69.5625,70.5357,0.00,0.000000,1.615570
90.800,8.0404,150.0000,69.6250,70.5512,0.00,0.000000,1.615570
90.900,8.0404,150.0000,69.5625,70.5667,0.00,0.000000,1.615570
91.000,8.4681,150.0000,69.6875,70.5821,0.00,0.000000,1.767943
91.100,8.4681,150.0000,69.5625,70.5974,0.00,0.000000,1.767943
91.200,8.4681,150.0000,69.6875,70.6128,0.00,0.000000,1.767943
91.300,8.4681,150.0000,69.6250,70.6281,0.00,0.000000,1.767943
91.400,8.4681,150.0000,69.6875,70.6434,0.00,0.000000,1.767943
91.500,8.4681,150.0000,69.6875,70.6586,0.00,0.000000,1.767943
91.600,8.4681,150.0000,69.7500,70.6738,0.00,0.000000,1.767943
91.700,8.4681,150.0000,69.7500,70.6890,0.00,0.000000,1.767943
91.800,8.4681,150.0000,69.7500,70.7041,0.00,0.000000,1.767943
91.900,8.4681,150.0000,69.6875,70.7192,0.00,0.000000,1.767943
92.000,8.8082,150.0000,69.8125,70.7343,0.00,0.000000,1.924491
92.100,8.8082,150.0000,69.7500,70.7493,0.00,0.000000,1.924491
92.200,8.8082,150.0000,69.7500,70.7643,0.00,0.000000,1.924491
92.300,8.8082,150.0000,69.7500,70.7793,0.00,0.000000,1.924491
92.400,8.8082,150.0000,69.7500,70.7942,0.00,0.000000,1.924491
92.500,8.8082,150.0000,69.8750,70.8091,0.00,0.000000,1.924491
92.600,8.8082,150.0000,69.8750,70.8240,0.00,0.000000,1.924491
92.700,8.8082,150.0000,70.0000,70.8388,0.00,0.000000,1.924491
92.800,8.8082,150.0000,69.8750,70.8536,0.00,0.000000,1.924491
92.900,8.8082,150.0000,69.9375,70.8684,0.00,0.000000,1.924491
93.000,9.3402,150.0000,70.0000,70.8831,0.00,0.000000,2.089387
93.100,9.3402,150.0000,69.9375,70.8978,0.00,0.000000,2.089387
93.200,9.3402,150.0000,70.0000,70.9125,0.00,0.000000,2.089387
93.300,9.3402,150.0000,70.0000,70.9271,0.00,0.000000,2.089387
93.400,9.3402,150.0000,70.0000,70.9418,0.00,0.000000,2.089387
93.500,9.3402,150.0000,70.0000,70.9563,0.00,0.000000,2.089387
93.600,9.3402,150.0000,70.0000,70.9709,0.00,0.000000,2.089387
93.700,9.3402,150.0000,70.1250,70.9854,0.00,0.000000,2.089387
93.800,9.3402,150.0000,70.0000,70.9999,0.00,0.000000,2.089387
93.900,9.3402,150.0000,70.1250,71.0143,0.00,0.000000,2.089387
94.000,9.7867,150.0000,70.1250,71.0287,0.00,0.000000,2.260546
94.100,9.7867,150.0000,70.2500,71.0431,0.00,0.000000,2.260546
94.200,9.7867,150.0000,70.1250,71.0574,0.00,0.000000,2.260546
94.300,9.7867,150.0000,70.0625,71.0718,0.00,0.000000,2.260546
94.400,9.7867,150.0000,70.1875,71.0860,0.00,0.000000,2.260546
94.500,9.7867,150.0000,70.1875,71.1003,0.00,0.000000,2.260546
94.600,9.7867,150.0000,70.2500,71.1145,0.00,0.000000,2.260546
94.700,9.7867,150.0000,70.2500,71.1287,0.00,0.000000,2.260546
94.800,9.7867,150.0000,70.2500,71.1429,0.00,0.000000,2.260546
94.900,9.7867,150.0000,70.1875,71.1570,0.00,0.000000,2.260546
95.000,10.0518,150.0000,70.3750,71.1711,0.00,0.000000,2.433792
95.100,10.0518,150.0000,70.2500,71.1852,0.00,0.000000,2.433792
95.200,10.0518,150.0000,70.3125,71.1992,0.00,0.000000,2.433792
95.300,10.0518,150.0000,70.3125,71.2132,0.00,0.000000,2.433792
95.400,10.0518,150.0000,70.2500,71.2272,0.00,0.000000,2.433792
95.500,10.0518,150.0000,70.3750,71.2411,0.00,0.000000,2.433792
95.600,10.0518,150.0000,70.3750,71.2550,0.00,0.000000,2.433792
95.700,10.0518,150.0000,70.3750,71.2689,0.00,0.000000,2.433792
95.800,10.0518,150.0000,70.3750,71.2827,0.00,0.000000,2.433792
95.900,10.0518,150.0000,70.4375,71.2965,0.00,0.000000,2.433792
96.000,10.6005,150.0000,70.4375,71.3103,0.00,0.000000,2.615387
96.100,10.6005,150.0000,70.5000,71.3241,0.00,0.000000,2.615387
96.200,10.6005,150.0000,70.5625,71.3378,0.00,0.000000,2.615387
96.300,10.6005,150.0000,70.5625,71.3515,0.00,0.000000,2.615387
96.400,10.6005,150.0000,70.4375,71.3652,0.00,0.000000,2.615387
96.500,10.6005,150.0000,70.4375,71.3788,0.00,0.000000,2.615387
96.600,10.6005,150.0000,70.5000,71.3924,0.00,0.000000,2.615387
96.700,10.6005,150.0000,70.4375,71.4060,0.00,0.000000,2.615387
96.800,10.6005,150.0000,70.5625,71.4195,0.00,0.000000,2.615387
96.900,10.6005,150.0000,70.5000,71.4330,0.00,0.000000,2.615387
97.000,10.8760,150.0000,70.5625,71.4465,0.00,0.000000,2.799069
97.100,10.8760,150.0000,70.6875,71.4600,0.00,0.000000,2.799069
97.200,10.8760,150.0000,70.5625,71.4734,0.00,0.000000,2.799069
97.300,10.8760,150.0000,70.5625,71.4868,0.00,0.000000,2.799069
97.400,10.8760,150.0000,70.6250,71.5001,0.00,0.000000,2.799069
97.500,10.8760,150.0000,70.6875,71.5135,0.00,0.000000,2.799069
97.600,10.8760,150.0000,70.7500,71.5268,0.00,0.000000,2.799069
97.700,10.8760,150.0000,70.6250,71.5401,0.00,0.000000,2.799069
97.800,10.8760,150.0000,70.8125,71.5533,0.00,0.000000,2.799069
97.900,10.8760,150.0000,70.7500,71.5665,0.00,0.000000,2.799069
98.000,11.4351,150.0000,70.6875,71.5797,0.00,0.000000,2.991101
98.100,11.4351,150.0000,70.8125,71.5929,0.00,0.000000,2.991101
98.200,11.4351,150.0000,70.7500,71.6060,0.00,0.000000,2.991101
98.300,11.4351,150.0000,70.8125,71.6191,0.00,0.000000,2.991101
98.400,11.4351,150.0000,70.8125,71.6321,0.00,0.000000,2.991101
98.500,11.4351,150.0000,70.8125,71.6452,0.00,0.000000,2.991101
98.600,11.4351,150.0000,70.9375,71.6582,0.00,0.000000,2.991101
98.700,11.4351,150.0000,70.8125,71.6712,0.00,0.000000,2.991101
98.800,11.4351,150.0000,70.8750,71.6841,0.00,0.000000,2.991101
98.900,11.4351,150.0000,70.8125,71.6971,0.00,0.000000,2.991101
99.000,11.7210,150.0000,70.9375,71.7100,0.00,0.000000,3.185220
99.100,11.7210,150.0000,70.8750,71.7228,0.00,0.000000,3.185220
99.200,11.7210,150.0000,70.8750,71.7357,0.00,0.000000,3.185220
99.300,11.7210,150.0000,71.0000,71.7485,0.00,0.000000,3.185220
99.400,11.7210,150.0000,70.8750,71.7612,0.00,0.000000,3.185220
99.500,11.7210,150.0000,71.0000,71.7740,0.00,0.000000,3.185220
99.600,11.7210,150.0000,71.0000,71.7867,0.00,0.000000,3.185220
99.700,11.7210,150.0000,70.9375,71.7994,0.00,0.000000,3.185220
99.800,11.7210,150.0000,71.0000,71.8121,0.00,0.000000,3.185220
99.900,11.7210,150.0000,71.0625,71.8247,0.00,0.000000,3.185220
100.000,12.2906,150.0000,71.0000,71.8357,122.91,0.000001,3.387688
100.100,12.2906,150.0000,71.0625,71.8455,237.62,0.000004,3.387688
100.200,12.2906,150.0000,71.0000,71.8543,344.68,0.000012,3.387688
100.300,12.2906,150.0000,71.0000,71.8623,444.61,0.000026,3.387688
100.400,12.2906,150.0000,71.1250,71.8695,537.88,0.000046,3.387688
100.500,12.2906,150.0000,71.0625,71.8759,624.92,0.000072,3.387688
100.600,12.2906,150.0000,71.0625,71.8818,706.17,0.000104,3.387688
100.700,12.2906,150.0000,71.1250,71.8871,782.00,0.000142,3.387688
100.800,12.2906,150.0000,71.1250,71.8918,852.77,0.000184,3.387688
100.900,12.2906,150.0000,71.1250,71.8960,918.82,0.000230,3.387688
101.000,12.5870,150.0000,71.1875,71.8998,983.44,0.000282,3.592243
101.100,12.5870,150.0000,71.1875,71.9032,1043.75,0.000337,3.592243
101.200,12.5870,150.0000,71.2500,71.9061,1100.03,0.000394,3.592243
101.300,12.5870,150.0000,71.3125,71.9087,1152.57,0.000454,3.592243
101.400,12.5870,150.0000,71.2500,71.9110,1201.60,0.000514,3.592243
101.500,12.5870,150.0000,71.1875,71.9129,1247.36,0.000575,3.592243
101.600,12.5870,150.0000,71.3125,71.9146,1290.07,0.000636,3.592243
101.700,12.5870,150.0000,71.3125,71.9159,1329.94,0.000697,3.592243
101.800,12.5870,150.0000,71.3125,71.9171,1367.15,0.000757,3.592243
101.900,12.5870,150.0000,71.3750,71.9180,1401.87,0.000816,3.592243
102.000,13.1670,150.0000,71.2500,71.9186,1440.08,0.000885,3.805148
102.100,13.1670,150.0000,71.3750,71.9190,1475.75,0.000952,3.805148
102.200,13.1670,150.0000,71.3125,71.9192,1509.03,0.001018,3.805148
102.300,13.1670,150.0000,71.4375,71.9192,1540.10,0.001082,3.805148
102.400,13.1670,150.0000,71.3750,71.9190,1569.10,0.001145,3.805148
102.500,13.1670,150.0000,71.4375,71.9186,1596.16,0.001205,3.805148
102.600,13.1670,150.0000,71.3750,71.9181,1621.42,0.001263,3.805148
102.700,13.1670,150.0000,71.5000,71.9174,1645.00,0.001319,3.805148
102.800,13.1670,150.0000,71.3750,71.9166,1667.00,0.001373,3.805148
102.900,13.1670,150.0000,71.4375,71.9157,1687.54,0.001424,3.805148
103.000,13.4738,150.0000,71.4375,71.9146,1709.77,0.001481,4.020140
103.100,13.4738,150.0000,71.5000,71.9134,1730.52,0.001536,4.020140
103.200,13.4738,150.0000,71.3750,71.9120,1749.89,0.001588,4.020140
103.300,13.4738,150.0000,71.5000,71.9106,1767.97,0.001637,4.020140
103.400,13.4738,150.0000,71.5000,71.9091,1784.84,0.001685,4.020140
103.500,13.4738,150.0000,71.5625,71.9074,1800.59,0.001730,4.020140
103.600,13.4738,150.0000,71.5000,71.9057,1815.29,0.001772,4.020140
103.700,13.4738,150.0000,71.5625,71.9039,1829.01,0.001813,4.020140
103.800,13.4738,150.0000,71.5625,71.9020,1841.81,0.001851,4.020140
103.900,13.4738,150.0000,71.4375,71.9001,1853.76,0.001888,4.020140
104.000,13.6888,150.0000,71.5625,71.8980,1867.07,0.001928,4.235132
104.100,13.6888,150.0000,71.5625,71.8959,1879.48,0.001967,4.235132
104.200,13.6888,150.0000,71.5625,71.8937,1891.07,0.002004,4.235132
104.300,13.6888,150.0000,71.6250,71.8915,1901.89,0.002038,4.235132
104.400,13.6888,150.0000,71.6875,71.8892,1911.98,0.002071,4.235132
104.500,13.6888,150.0000,71.7500,71.8869,1921.40,0.002102,4.235132
104.600,13.6888,150.0000,71.5625,71.8845,1930.20,0.002131,4.235132
104.700,13.6888,150.0000,71.6875,71.8820,1938.41,0.002158,4.235132
104.800,13.6888,150.0000,71.6250,71.8796,1946.07,0.002184,4.235132
104.900,13.6888,150.0000,71.6250,71.8770,1953.22,0.002208,4.235132
105.000,14.1854,150.0000,71.6250,71.8745,1964.86,0.002248,4.456386
105.100,14.1854,150.0000,71.6250,71.8718,1975.72,0.002285,4.456386
105.200,14.1854,150.0000,71.6250,71.8691,1985.86,0.002320,4.456386
105.300,14.1854,150.0000,71.6250,71.8664,1995.32,0.002354,4.456386
105.400,14.1854,150.0000,71.7500,71.8636,2004.15,0.002385,4.456386
105.500,14.1854,150.0000,71.6875,71.8607,2012.40,0.002415,4.456386
105.600,14.1854,150.0000,71.7500,71.8578,2020.09,0.002443,4.456386
105.700,14.1854,150.0000,71.6875,71.8549,2027.27,0.002469,4.456386
105.800,14.1854,150.0000,71.6875,71.8519,2033.97,0.002493,4.456386
105.900,14.1854,150.0000,71.6875,71.8490,2040.23,0.002516,4.456386
106.000,14.5005,150.0000,71.6875,71.8459,2049.22,0.002550,4.679727
106.100,14.5005,150.0000,71.8125,71.8428,2057.61,0.002581,4.679727
106.200,14.5005,150.0000,71.7500,71.8397,2065.44,0.002611,4.679727
106.300,14.5005,150.0000,71.8125,71.8366,2072.75,0.002639,4.679727
106.400,14.5005,150.0000,71.7500,71.8334,2079.57,0.002665,4.679727
106.500,14.5005,150.0000,71.8125,71.8301,2085.94,0.002689,4.679727
106.600,14.5005,150.0000,71.8750,71.8269,2091.88,0.002712,4.679727
106.700,14.5005,150.0000,71.8125,71.8236,2097.43,0.002734,4.679727
106.800,14.5005,150.0000,71.8125,71.8203,2102.60,0.002754,4.679727
106.900,14.5005,150.0000,71.8125,71.8170,2107.43,0.002773,4.679727
107.000,14.9116,150.0000,71.6875,71.8136,2116.05,0.002807,4.907243
107.100,14.9116,150.0000,71.8125,71.8102,2124.10,0.002840,4.907243
107.200,14.9116,150.0000,71.8125,71.8067,2131.61,0.002870,4.907243
107.300,14.9116,150.0000,71.8125,71.8032,2138.62,0.002898,4.907243
107.400,14.9116,150.0000,71.8125,71.7997,2145.16,0.002925,4.907243
107.500,14.9116,150.0000,71.8125,71.7962,2151.26,0.002950,4.907243
107.600,14.9116,150.0000,71.8750,71.7926,2156.96,0.002973,4.907243
107.700,14.9116,150.0000,71.8125,71.7890,2162.28,0.002995,4.907243
107.800,14.9116,150.0000,71.8750,71.7854,2167.24,0.003016,4.907243
107.900,14.9116,150.0000,71.8125,71.7817,2171.88,0.003036,4.907243
108.000,15.1391,150.0000,71.7500,71.7781,2178.47,0.003063,5.134758
108.100,15.1391,150.0000,71.8750,71.7744,2184.63,0.003089,5.134758
108.200,15.1391,150.0000,71.9375,71.7706,2190.38,0.003114,5.134758
108.300,15.1391,150.0000,71.8125,71.7669,2195.75,0.003137,5.134758
108.400,15.1391,150.0000,71.8750,71.7631,2200.76,0.003158,5.134758
108.500,15.1391,150.0000,71.8125,71.7593,2205.43,0.003178,5.134758
108.600,15.1391,150.0000,71.8750,71.7555,2209.79,0.003197,5.134758
108.700,15.1391,150.0000,71.7500,71.7517,2213.86,0.003215,5.134758
108.800,15.1391,150.0000,71.8125,71.7479,2217.66,0.003232,5.134758
108.900,15.1391,150.0000,71.8750,71.7440,2221.21,0.003247,5.134758
109.000,15.4605,150.0000,71.8125,71.7401,2227.73,0.003276,5.364361
109.100,15.4605,150.0000,71.7500,71.7362,2233.82,0.003303,5.364361
109.200,15.4605,150.0000,71.8750,71.7323,2239.51,0.003328,5.364361
109.300,15.4605,150.0000,71.7500,71.7283,2244.81,0.003352,5.364361
109.400,15.4605,150.0000,71.8750,71.7243,2249.76,0.003374,5.364361
109.500,15.4605,150.0000,71.8125,71.7203,2254.38,0.003395,5.364361
109.600,15.4605,150.0000,71.8125,71.7163,2258.69,0.003414,5.364361
109.700,15.4605,150.0000,71.8125,71.7123,2262.72,0.003433,5.364361
109.800,15.4605,150.0000,71.8125,71.7083,2266.48,0.003450,5.364361
109.900,15.4605,150.0000,71.7500,71.7042,2269.98,0.003466,5.364361
110.000,15.5023,150.0000,71.7500,71.7001,2273.67,0.003483,5.589790
110.100,15.5023,150.0000,71.8125,71.6961,2277.12,0.003499,5.589790
110.200,15.5023,150.0000,71.8750,71.6920,2280.33,0.003513,5.589790
110.300,15.5023,150.0000,71.7500,71.6879,2283.33,0.003527,5.589790
110.400,15.5023,150.0000,71.8125,71.6838,2286.14,0.003540,5.589790
110.500,15.5023,150.0000,71.8750,71.6796,2288.75,0.003552,5.589790
110.600,15.5023,150.0000,71.8750,71.6755,2291.19,0.003564,5.589790
110.700,15.5023,150.0000,71.8125,71.6714,2293.47,0.003574,5.589790
110.800,15.5023,150.0000,71.8125,71.6673,2295.59,0.003584,5.589790
110.900,15.5023,150.0000,71.7500,71.6632,2297.58,0.003594,5.589790
111.000,15.7278,150.0000,71.8125,71.6590,2301.68,0.003613,5.815218
111.100,15.7278,150.0000,71.8125,71.6549,2305.51,0.003631,5.815218
111.200,15.7278,150.0000,71.7500,71.6507,2309.09,0.003648,5.815218
111.300,15.7278,150.0000,71.8125,71.6465,2312.43,0.003664,5.815218
111.400,15.7278,150.0000,71.8125,71.6423,2315.54,0.003679,5.815218
111.500,15.7278,150.0000,71.8125,71.6381,2318.45,0.003693,5.815218
111.600,15.7278,150.0000,71.8750,71.6339,2321.17,0.003705,5.815218
111.700,15.7278,150.0000,71.6875,71.6297,2323.70,0.003718,5.815218
111.800,15.7278,150.0000,71.7500,71.6255,2326.06,0.003729,5.815218
111.900,15.7278,150.0000,71.8125,71.6213,2328.27,0.003740,5.815218
112.000,16.0471,150.0000,71.7500,71.6170,2333.52,0.003765,6.042734
112.100,16.0471,150.0000,71.8750,71.6128,2338.43,0.003789,6.042734
112.200,16.0471,150.0000,71.7500,71.6085,2343.00,0.003811,6.042734
112.300,16.0471,150.0000,71.8125,71.6042,2347.27,0.003832,6.042734
112.400,16.0471,150.0000,71.8125,71.5999,2351.26,0.003851,6.042734
112.500,16.0471,150.0000,71.7500,71.5956,2354.98,0.003870,6.042734
112.600,16.0471,150.0000,71.7500,71.5912,2358.45,0.003887,6.042734
112.700,16.0471,150.0000,71.8125,71.5869,2361.69,0.003903,6.042734
112.800,16.0471,150.0000,71.8125,71.5826,2364.71,0.003918,6.042734
112.900,16.0471,150.0000,71.6250,71.5782,2367.54,0.003932,6.042734
113.000,15.9930,150.0000,71.7500,71.5738,2369.63,0.003942,6.263988
113.100,15.9930,150.0000,71.7500,71.5695,2371.59,0.003952,6.263988
113.200,15.9930,150.0000,71.8125,71.5651,2373.41,0.003961,6.263988
113.300,15.9930,150.0000,71.8125,71.5608,2375.11,0.003970,6.263988
113.400,15.9930,150.0000,71.8125,71.5564,2376.70,0.003978,6.263988
113.500,15.9930,150.0000,71.8750,71.5520,2378.18,0.003985,6.263988
113.600,15.9930,150.0000,71.8125,71.5477,2379.57,0.003992,6.263988
113.700,15.9930,150.0000,71.6875,71.5433,2380.86,0.003999,6.263988
113.800,15.9930,150.0000,71.8125,71.5390,2382.06,0.004005,6.263988
113.900,15.9930,150.0000,71.6875,71.5346,2383.19,0.004011,6.263988
114.000,16.3081,150.0000,71.6875,71.5302,2387.39,0.004032,6.487329
114.100,16.3081,150.0000,71.8750,71.5259,2391.31,0.004052,6.487329
114.200,16.3081,150.0000,71.7500,71.5215,2394.97,0.004070,6.487329
114.300,16.3081,150.0000,71.7500,71.5171,2398.39,0.004088,6.487329
114.400,16.3081,150.0000,71.6250,71.5127,2401.58,0.004104,6.487329
114.500,16.3081,150.0000,71.7500,71.5082,2404.55,0.004119,6.487329
114.600,16.3081,150.0000,71.7500,71.5038,2407.33,0.004134,6.487329
114.700,16.3081,150.0000,71.6250,71.4994,2409.92,0.004147,6.487329
114.800,16.3081,150.0000,71.6875,71.4950,2412.34,0.004160,6.487329
114.900,16.3081,150.0000,71.6875,71.4905,2414.60,0.004171,6.487329
115.000,16.5314,150.0000,71.7500,71.4861,2418.94,0.004194,6.710670
115.100,16.5314,150.0000,71.6875,71.4816,2422.99,0.004215,6.710670
115.200,16.5314,150.0000,71.6250,71.4771,2426.77,0.004235,6.710670
115.300,16.5314,150.0000,71.6875,71.4726,2430.30,0.004253,6.710670
115.400,16.5314,150.0000,71.7500,71.4681,2433.60,0.004270,6.710670
115.500,16.5314,150.0000,71.6875,71.4636,2436.67,0.004287,6.710670
115.600,16.5314,150.0000,71.7500,71.4591,2439.54,0.004302,6.710670
115.700,16.5314,150.0000,71.7500,71.4546,2442.22,0.004316,6.710670
115.800,16.5314,150.0000,71.7500,71.4500,2444.72,0.004329,6.710670
115.900,16.5314,150.0000,71.6250,71.4455,2447.05,0.004342,6.710670
116.000,16.6609,150.0000,71.6250,71.4410,2450.52,0.004360,6.931924
116.100,16.6609,150.0000,71.6875,71.4364,2453.76,0.004377,6.931924
116.200,16.6609,150.0000,71.7500,71.4319,2456.79,0.004394,6.931924
116.300,16.6609,150.0000,71.6250,71.4273,2459.61,0.004409,6.931924
116.400,16.6609,150.0000,71.6875,71.4227,2462.25,0.004423,6.931924
116.500,16.6609,150.0000,71.5625,71.4182,2464.71,0.004436,6.931924
116.600,16.6609,150.0000,71.6875,71.4136,2467.00,0.004449,6.931924
116.700,16.6609,150.0000,71.6875,71.4090,2469.14,0.004460,6.931924
116.800,16.6609,150.0000,71.6875,71.4044,2471.14,0.004471,6.931924
116.900,16.6609,150.0000,71.5625,71.3999,2473.01,0.004481,6.931924
117.000,16.7883,150.0000,71.6875,71.3953,2476.02,0.004498,7.151090
117.100,16.7883,150.0000,71.5625,71.3907,2478.84,0.004513,7.151090
117.200,16.7883,150.0000,71.6250,71.3861,2481.47,0.004527,7.151090
117.300,16.7883,150.0000,71.6250,71.3815,2483.92,0.004541,7.151090
117.400,16.7883,150.0000,71.6250,71.3769,2486.21,0.004553,7.151090
117.500,16.7883,150.0000,71.6250,71.3722,2488.34,0.004565,7.151090
117.600,16.7883,150.0000,71.7500,71.3676,2490.34,0.004576,7.151090
117.700,16.7883,150.0000,71.5000,71.3630,2492.20,0.004586,7.151090
117.800,16.7883,150.0000,71.5000,71.3584,2493.93,0.004596,7.151090
117.900,16.7883,150.0000,71.6875,71.3538,2495.55,0.004605,7.151090
118.000,17.1952,150.0000,71.6250,71.3492,2501.13,0.004636,7.374431
118.100,17.1952,150.0000,71.6250,71.3445,2506.34,0.004665,7.374431
118.200,17.1952,150.0000,71.6250,71.3398,2511.21,0.004692,7.374431
118.300,17.1952,150.0000,71.5625,71.3352,2515.74,0.004718,7.374431
118.400,17.1952,150.0000,71.5625,71.3305,2519.98,0.004742,7.374431
118.500,17.1952,150.0000,71.5625,71.3257,2523.93,0.004764,7.374431
118.600,17.1952,150.0000,71.6250,71.3210,2527.62,0.004785,7.374431
118.700,17.1952,150.0000,71.5000,71.3163,2531.07,0.004804,7.374431
118.800,17.1952,150.0000,71.6250,71.3115,2534.28,0.004823,7.374431
118.900,17.1952,150.0000,71.5000,71.3068,2537.28,0.004840,7.374431
119.000,17.1369,150.0000,71.5000,71.3020,2539.50,0.004853,7.591510
119.100,17.1369,150.0000,71.5625,71.2973,2541.57,0.004864,7.591510
119.200,17.1369,150.0000,71.5625,71.2925,2543.50,0.004876,7.591510
119.300,17.1369,150.0000,71.5000,71.2878,2545.30,0.004886,7.591510
119.400,17.1369,150.0000,71.5000,71.2830,2546.98,0.004896,7.591510
119.500,17.1369,150.0000,71.5625,71.2783,2548.55,0.004905,7.591510
119.600,17.1369,150.0000,71.5625,71.2735,2550.02,0.004913,7.591510
119.700,17.1369,150.0000,71.3750,71.2688,2551.39,0.004921,7.591510
119.800,17.1369,150.0000,71.5625,71.2640,2552.66,0.004928,7.591510
119.900,17.1369,150.0000,71.5625,71.2593,2553.86,0.004935,7.591510
120.000,17.4479,150.0000,71.5625,71.2545,2558.08,0.004960,7.810677
120.100,17.4479,150.0000,71.5625,71.2498,2562.02,0.004983,7.810677
120.200,17.4479,150.0000,71.4375,71.2450,2565.69,0.005004,7.810677
120.300,17.4479,150.0000,71.6250,71.2402,2569.13,0.005024,7.810677
120.400,17.4479,150.0000,71.4375,71.2354,2572.33,0.005043,7.810677
120.500,17.4479,150.0000,71.5000,71.2306,2575.32,0.005061,7.810677
120.600,17.4479,150.0000,71.5000,71.2258,2578.11,0.005077,7.810677
120.700,17.4479,150.0000,71.4375,71.2210,2580.72,0.005093,7.810677
120.800,17.4479,150.0000,71.3750,71.2162,2583.15,0.005107,7.810677
120.900,17.4479,150.0000,71.4375,71.2113,2585.42,0.005121,7.810677
121.000,17.4793,150.0000,71.4375,71.2065,2587.85,0.005135,8.025669
121.100,17.4793,150.0000,71.3750,71.2017,2590.12,0.005149,8.025669
121.200,17.4793,150.0000,71.5625,71.1969,2592.24,0.005161,8.025669
121.300,17.4793,150.0000,71.5000,71.1920,2594.21,0.005173,8.025669
121.400,17.4793,150.0000,71.4375,71.1872,2596.06,0.005184,8.025669
121.500,17.4793,150.0000,71.4375,71.1824,2597.78,0.005194,8.025669
121.600,17.4793,150.0000,71.5000,71.1776,2599.39,0.005204,8.025669
121.700,17.4793,150.0000,71.4375,71.1727,2600.89,0.005213,8.025669
121.800,17.4793,150.0000,71.5000,71.1679,2602.29,0.005221,8.025669
121.900,17.4793,150.0000,71.3750,71.1631,2603.60,0.005229,8.025669
122.000,17.6004,150.0000,71.3125,71.1583,2606.03,0.005244,8.238574
122.100,17.6004,150.0000,71.5000,71.1535,2608.30,0.005258,8.238574
122.200,17.6004,150.0000,71.3750,71.1486,2610.41,0.005271,8.238574
122.300,17.6004,150.0000,71.5000,71.1438,2612.39,0.005283,8.238574
122.400,17.6004,150.0000,71.2500,71.1390,2614.24,0.005294,8.238574
122.500,17.6004,150.0000,71.3750,71.1342,2615.96,0.005304,8.238574
122.600,17.6004,150.0000,71.4375,71.1293,2617.56,0.005314,8.238574
122.700,17.6004,150.0000,71.3750,71.1245,2619.06,0.005323,8.238574
122.800,17.6004,150.0000,71.3125,71.1197,2620.46,0.005332,8.238574
122.900,17.6004,150.0000,71.4375,71.1149,2621.77,0.005340,8.238574
123.000,17.9072,150.0000,71.3750,71.1100,2626.06,0.005366,8.453565
123.100,17.9072,150.0000,71.3125,71.1052,2630.06,0.005390,8.453565
123.200,17.9072,150.0000,71.3750,71.1004,2633.79,0.005413,8.453565
123.300,17.9072,150.0000,71.4375,71.0955,2637.28,0.005435,8.453565
123.400,17.9072,150.0000,71.3750,71.0906,2640.53,0.005455,8.453565
123.500,17.9072,150.0000,71.4375,71.0857,2643.57,0.005474,8.453565
123.600,17.9072,150.0000,71.3750,71.0809,2646.40,0.005492,8.453565
123.700,17.9072,150.0000,71.2500,71.0760,2649.05,0.005508,8.453565
123.800,17.9072,150.0000,71.3125,71.0711,2651.52,0.005523,8.453565
123.900,17.9072,150.0000,71.3750,71.0662,2653.82,0.005538,8.453565
124.000,18.0283,150.0000,71.3750,71.0613,2657.18,0.005559,8.666470
124.100,18.0283,150.0000,71.3125,71.0564,2660.32,0.005579,8.666470
124.200,18.0283,150.0000,71.3125,71.0515,2663.25,0.005597,8.666470
124.300,18.0283,150.0000,71.3125,71.0466,2665.98,0.005614,8.666470
124.400,18.0283,150.0000,71.3750,71.0416,2668.53,0.005630,8.666470
124.500,18.0283,150.0000,71.3125,71.0367,2670.91,0.005646,8.666470
124.600,18.0283,150.0000,71.3750,71.0318,2673.14,0.005660,8.666470
124.700,18.0283,150.0000,71.3750,71.0268,2675.21,0.005673,8.666470
124.800,18.0283,150.0000,71.3750,71.0219,2677.15,0.005685,8.666470
124.900,18.0283,150.0000,71.3750,71.0170,2678.95,0.005697,8.666470
125.000,18.2412,150.0000,71.3750,71.0120,2682.77,0.005721,8.879375
125.100,18.2412,150.0000,71.2500,71.0071,2686.33,0.005744,8.879375
125.200,18.2412,150.0000,71.2500,71.0021,2689.65,0.005765,8.879375
125.300,18.2412,150.0000,71.3125,70.9972,2692.75,0.005785,8.879375
125.400,18.2412,150.0000,71.1875,70.9922,2695.65,0.005804,8.879375
125.500,18.2412,150.0000,71.2500,70.9872,2698.35,0.005821,8.879375
125.600,18.2412,150.0000,71.1875,70.9823,2700.87,0.005838,8.879375
125.700,18.2412,150.0000,71.3125,70.9773,2703.23,0.005853,8.879375
125.800,18.2412,150.0000,71.2500,70.9723,2705.42,0.005867,8.879375
125.900,18.2412,150.0000,71.3125,70.9673,2707.48,0.005881,8.879375
126.000,18.3603,150.0000,71.2500,70.9623,2710.58,0.005901,9.090192
126.100,18.3603,150.0000,71.2500,70.9573,2713.48,0.005920,9.090192
126.200,18.3603,150.0000,71.2500,70.9523,2716.18,0.005937,9.090192
126.300,18.3603,150.0000,71.2500,70.9473,2718.70,0.005954,9.090192
126.400,18.3603,150.0000,71.3125,70.9423,2721.06,0.005970,9.090192
126.500,18.3603,150.0000,71.1875,70.9373,2723.26,0.005984,9.090192
126.600,18.3603,150.0000,71.2500,70.9323,2725.31,0.005998,9.090192
126.700,18.3603,150.0000,71.2500,70.9273,2727.23,0.006010,9.090192
126.800,18.3603,150.0000,71.0625,70.9223,2729.01,0.006022,9.090192
126.900,18.3603,150.0000,71.1250,70.9173,2730.68,0.006033,9.090192
127.000,18.2895,150.0000,71.1875,70.9123,2731.53,0.006039,9.294747
127.100,18.2895,150.0000,71.1875,70.9073,2732.32,0.006044,9.294747
127.200,18.2895,150.0000,71.1250,70.9023,2733.06,0.006049,9.294747
127.300,18.2895,150.0000,71.1250,70.8973,2733.75,0.006053,9.294747
127.400,18.2895,150.0000,71.1250,70.8924,2734.40,0.006058,9.294747
127.500,18.2895,150.0000,71.1875,70.8874,2735.00,0.006062,9.294747
127.600,18.2895,150.0000,71.1250,70.8824,2735.56,0.006065,9.294747
127.700,18.2895,150.0000,71.1875,70.8775,2736.08,0.006069,9.294747
127.800,18.2895,150.0000,71.1875,70.8725,2736.57,0.006072,9.294747
127.900,18.2895,150.0000,71.1875,70.8676,2737.03,0.006075,9.294747
128.000,18.5879,150.0000,71.1875,70.8627,2740.44,0.006098,9.501390
128.100,18.5879,150.0000,71.0625,70.8577,2743.62,0.006119,9.501390
128.200,18.5879,150.0000,71.1250,70.8528,2746.59,0.006139,9.501390
128.300,18.5879,150.0000,71.1250,70.8478,2749.37,0.006158,9.501390
128.400,18.5879,150.0000,71.0625,70.8429,2751.95,0.006175,9.501390
128.500,18.5879,150.0000,71.1250,70.8379,2754.37,0.006191,9.501390
128.600,18.5879,150.0000,71.1250,70.8329,2756.62,0.006207,9.501390
128.700,18.5879,150.0000,71.0000,70.8280,2758.73,0.006221,9.501390
128.800,18.5879,150.0000,71.0625,70.8230,2760.69,0.006234,9.501390
128.900,18.5879,150.0000,71.1875,70.8180,2762.52,0.006247,9.501390
129.000,18.7945,150.0000,71.0625,70.8130,2766.30,0.006272,9.708033
129.100,18.7945,150.0000,70.9375,70.8081,2769.83,0.006296,9.708033
129.200,18.7945,150.0000,71.0625,70.8031,2773.12,0.006319,9.708033
129.300,18.7945,150.0000,71.0625,70.7981,2776.19,0.006340,9.708033
129.400,18.7945,150.0000,71.1875,70.7931,2779.05,0.006359,9.708033
129.500,18.7945,150.0000,71.1250,70.7880,2781.73,0.006378,9.708033
129.600,18.7945,150.0000,71.0625,70.7830,2784.22,0.006395,9.708033
129.700,18.7945,150.0000,71.0625,70.7780,2786.56,0.006411,9.708033
129.800,18.7945,150.0000,71.0625,70.7730,2788.73,0.006426,9.708033
129.900,18.7945,150.0000,71.0000,70.7680,2790.76,0.006440,9.708033
130.000,18.7196,150.0000,70.9375,70.7630,2791.90,0.006448,9.908414
130.100,18.7196,150.0000,70.9375,70.7580,2792.97,0.006455,9.908414
130.200,18.7196,150.0000,71.0000,70.7530,2793.97,0.006462,9.908414
130.300,18.7196,150.0000,71.0000,70.7480,2794.90,0.006469,9.908414
130.400,18.7196,150.0000,71.0000,70.7430,2795.77,0.006475,9.908414
130.500,18.7196,150.0000,70.9375,70.7380,2796.58,0.006481,9.908414
130.600,18.7196,150.0000,71.1250,70.7330,2797.34,0.006486,9.908414
130.700,18.7196,150.0000,71.0000,70.7280,2798.04,0.006491,9.908414
130.800,18.7196,150.0000,71.0625,70.7231,2798.70,0.006495,9.908414
130.900,18.7196,150.0000,71.0000,70.7181,2799.32,0.006500,9.908414
131.000,18.9199,150.0000,71.0000,70.7132,2801.90,0.006518,10.108794
131.100,18.9199,150.0000,71.0000,70.7082,2804.30,0.006534,10.108794
131.200,18.9199,150.0000,71.0000,70.7032,2806.55,0.006550,10.108794
131.300,18.9199,150.0000,71.0625,70.6983,2808.65,0.006565,10.108794
131.400,18.9199,150.0000,70.9375,70.6933,2810.60,0.006578,10.108794
131.500,18.9199,150.0000,70.9375,70.6883,2812.43,0.006591,10.108794
131.600,18.9199,150.0000,70.9375,70.6834,2814.13,0.006603,10.108794
131.700,18.9199,150.0000,71.0000,70.6784,2815.72,0.006614,10.108794
131.800,18.9199,150.0000,71.0000,70.6734,2817.21,0.006625,10.108794
131.900,18.9199,150.0000,70.8750,70.6685,2818.59,0.006635,10.108794
132.000,18.9326,150.0000,70.9375,70.6635,2820.01,0.006645,10.305001
132.100,18.9326,150.0000,70.8750,70.6586,2821.34,0.006654,10.305001
132.200,18.9326,150.0000,70.9375,70.6536,2822.57,0.006663,10.305001
132.300,18.9326,150.0000,70.8750,70.6487,2823.73,0.006671,10.305001
132.400,18.9326,150.0000,70.9375,70.6438,2824.81,0.006679,10.305001
132.500,18.9326,150.0000,70.9375,70.6388,2825.81,0.006686,10.305001
132.600,18.9326,150.0000,71.0000,70.6339,2826.75,0.006692,10.305001
132.700,18.9326,150.0000,70.9375,70.6290,2827.63,0.006699,10.305001
132.800,18.9326,150.0000,70.9375,70.6241,2828.44,0.006705,10.305001
132.900,18.9326,150.0000,71.0000,70.6192,2829.21,0.006710,10.305001
133.000,19.3165,150.0000,70.9375,70.6142,2833.76,0.006742,10.505381
133.100,19.3165,150.0000,70.8750,70.6093,2838.01,0.006773,10.505381
133.200,19.3165,150.0000,70.8750,70.6044,2841.97,0.006801,10.505381
133.300,19.3165,150.0000,70.8125,70.5994,2845.67,0.006828,10.505381
133.400,19.3165,150.0000,70.9375,70.5944,2849.12,0.006853,10.505381
133.500,19.3165,150.0000,70.9375,70.5895,2852.35,0.006876,10.505381
133.600,19.3165,150.0000,70.8750,70.5845,2855.36,0.006898,10.505381
133.700,19.3165,150.0000,70.8750,70.5795,2858.17,0.006918,10.505381
133.800,19.3165,150.0000,70.8750,70.5745,2860.79,0.006937,10.505381
133.900,19.3165,150.0000,70.9375,70.5695,2863.23,0.006955,10.505381
134.000,19.4230,150.0000,70.8750,70.5645,2866.58,0.006979,10.703675
134.100,19.4230,150.0000,70.8750,70.5595,2869.71,0.007002,10.703675
134.200,19.4230,150.0000,70.8750,70.5545,2872.62,0.007024,10.703675
134.300,19.4230,150.0000,70.7500,70.5495,2875.34,0.007044,10.703675
134.400,19.4230,150.0000,70.8750,70.5445,2877.89,0.007062,10.703675
134.500,19.4230,150.0000,70.7500,70.5395,2880.26,0.007080,10.703675
134.600,19.4230,150.0000,70.9375,70.5344,2882.47,0.007096,10.703675
134.700,19.4230,150.0000,70.8750,70.5294,2884.54,0.007111,10.703675
134.800,19.4230,150.0000,70.8750,70.5244,2886.46,0.007126,10.703675
134.900,19.4230,150.0000,70.8125,70.5194,2888.26,0.007139,10.703675
135.000,19.4336,150.0000,70.7500,70.5143,2890.05,0.007152,10.897794
135.100,19.4336,150.0000,70.8125,70.5093,2891.71,0.007165,10.897794
135.200,19.4336,150.0000,70.8750,70.5043,2893.27,0.007176,10.897794
135.300,19.4336,150.0000,70.8125,70.4993,2894.72,0.007187,10.897794
135.400,19.4336,150.0000,70.8125,70.4943,2896.07,0.007197,10.897794
135.500,19.4336,150.0000,70.8125,70.4893,2897.34,0.007206,10.897794
135.600,19.4336,150.0000,70.8125,70.4843,2898.52,0.007215,10.897794
135.700,19.4336,150.0000,70.7500,70.4793,2899.62,0.007224,10.897794
135.800,19.4336,150.0000,70.6875,70.4743,2900.65,0.007231,10.897794
135.900,19.4336,150.0000,70.7500,70.4693,2901.61,0.007238,10.897794
136.000,19.5338,150.0000,70.8125,70.4643,2903.51,0.007253,11.089825
136.100,19.5338,150.0000,70.7500,70.4593,2905.28,0.007266,11.089825
136.200,19.5338,150.0000,70.8125,70.4543,2906.93,0.007278,11.089825
136.300,19.5338,150.0000,70.6875,70.4494,2908.47,0.007290,11.089825
136.400,19.5338,150.0000,70.8125,70.4444,2909.91,0.007301,11.089825
136.500,19.5338,150.0000,70.7500,70.4394,2911.26,0.007311,11.089825
136.600,19.5338,150.0000,70.7500,70.4344,2912.51,0.007320,11.089825
136.700,19.5338,150.0000,70.7500,70.4295,2913.68,0.007329,11.089825
136.800,19.5338,150.0000,70.8125,70.4245,2914.78,0.007337,11.089825
136.900,19.5338,150.0000,70.7500,70.4196,2915.80,0.007345,11.089825
137.000,19.7259,150.0000,70.6250,70.4146,2918.67,0.007367,11.281857
137.100,19.7259,150.0000,70.7500,70.4096,2921.35,0.007387,11.281857
137.200,19.7259,150.0000,70.6875,70.4047,2923.85,0.007406,11.281857
137.300,19.7259,150.0000,70.7500,70.3997,2926.19,0.007424,11.281857
137.400,19.7259,150.0000,70.6875,70.3947,2928.37,0.007441,11.281857
137.500,19.7259,150.0000,70.7500,70.3897,2930.40,0.007456,11.281857
137.600,19.7259,150.0000,70.6250,70.3848,2932.30,0.007471,11.281857
137.700,19.7259,150.0000,70.6250,70.3798,2934.07,0.007484,11.281857
137.800,19.7259,150.0000,70.7500,70.3748,2935.73,0.007497,11.281857
137.900,19.7259,150.0000,70.6250,70.3699,2937.27,0.007509,11.281857
138.000,19.7302,150.0000,70.6250,70.3649,2938.75,0.007520,11.469714
138.100,19.7302,150.0000,70.6875,70.3599,2940.14,0.007531,11.469714
138.200,19.7302,150.0000,70.6875,70.3550,2941.43,0.007541,11.469714
138.300,19.7302,150.0000,70.6250,70.3500,2942.64,0.007550,11.469714
138.400,19.7302,150.0000,70.5625,70.3451,2943.76,0.007558,11.469714
138.500,19.7302,150.0000,70.6875,70.3401,2944.81,0.007567,11.469714
138.600,19.7302,150.0000,70.5625,70.3352,2945.79,0.007574,11.469714
138.700,19.7302,150.0000,70.6250,70.3303,2946.71,0.007581,11.469714
138.800,19.7302,150.0000,70.6250,70.3253,2947.56,0.007588,11.469714
138.900,19.7302,150.0000,70.6875,70.3204,2948.36,0.007594,11.469714
139.000,20.0119,150.0000,70.5625,70.3155,2951.92,0.007622,11.659658
139.100,20.0119,150.0000,70.5625,70.3105,2955.25,0.007647,11.659658
139.200,20.0119,150.0000,70.6250,70.3056,2958.35,0.007671,11.659658
139.300,20.0119,150.0000,70.6250,70.3007,2961.24,0.007694,11.659658
139.400,20.0119,150.0000,70.6250,70.2957,2963.95,0.007715,11.659658
139.500,20.0119,150.0000,70.5625,70.2907,2966.47,0.007735,11.659658
139.600,20.0119,150.0000,70.5625,70.2858,2968.82,0.007753,11.659658
139.700,20.0119,150.0000,70.5625,70.2808,2971.02,0.007770,11.659658
139.800,20.0119,150.0000,70.6250,70.2759,2973.07,0.007787,11.659658
139.900,20.0119,150.0000,70.5625,70.2709,2974.99,0.007802,11.659658
140.000,20.0141,150.0000,70.5625,70.2659,2976.79,0.007816,11.845428
140.100,20.0141,150.0000,70.6250,70.2610,2978.48,0.007829,11.845428
140.200,20.0141,150.0000,70.5625,70.2560,2980.06,0.007842,11.845428
140.300,20.0141,150.0000,70.5625,70.2511,2981.53,0.007853,11.845428
140.400,20.0141,150.0000,70.5000,70.2461,2982.90,0.007864,11.845428
140.500,20.0141,150.0000,70.5000,70.2412,2984.18,0.007874,11.845428
140.600,20.0141,150.0000,70.5000,70.2362,2985.38,0.007884,11.845428
140.700,20.0141,150.0000,70.5625,70.2313,2986.49,0.007892,11.845428
140.800,20.0141,150.0000,70.5000,70.2264,2987.53,0.007901,11.845428
140.900,20.0141,150.0000,70.5000,70.2214,2988.51,0.007908,11.845428
141.000,20.1060,150.0000,70.4375,70.2165,2990.33,0.007923,12.029110
141.100,20.1060,150.0000,70.4375,70.2116,2992.04,0.007936,12.029110
141.200,20.1060,150.0000,70.4375,70.2067,2993.63,0.007949,12.029110
141.300,20.1060,150.0000,70.3750,70.2017,2995.11,0.007961,12.029110
141.400,20.1060,150.0000,70.5000,70.1968,2996.50,0.007972,12.029110
141.500,20.1060,150.0000,70.5000,70.1919,2997.79,0.007982,12.029110
141.600,20.1060,150.0000,70.5000,70.1870,2999.00,0.007992,12.029110
141.700,20.1060,150.0000,70.5000,70.1821,3000.13,0.008001,12.029110
141.800,20.1060,150.0000,70.4375,70.1772,3001.18,0.008009,12.029110
141.900,20.1060,150.0000,70.5000,70.1723,3002.16,0.008017,12.029110
142.000,20.2897,150.0000,70.4375,70.1674,3004.91,0.008039,12.212793
142.100,20.2897,150.0000,70.4375,70.1625,3007.48,0.008060,12.212793
142.200,20.2897,150.0000,70.4375,70.1576,3009.88,0.008079,12.212793
142.300,20.2897,150.0000,70.4375,70.1527,3012.12,0.008097,12.212793
142.400,20.2897,150.0000,70.5000,70.1478,3014.21,0.008114,12.212793
142.500,20.2897,150.0000,70.4375,70.1429,3016.16,0.008130,12.212793
142.600,20.2897,150.0000,70.3125,70.1380,3017.98,0.008145,12.212793
142.700,20.2897,150.0000,70.4375,70.1330,3019.67,0.008158,12.212793
142.800,20.2897,150.0000,70.3750,70.1281,3021.26,0.008171,12.212793
142.900,20.2897,150.0000,70.4375,70.1232,3022.74,0.008183,12.212793
143.000,20.3795,150.0000,70.3750,70.1183,3025.02,0.008202,12.394388
143.100,20.3795,150.0000,70.4375,70.1134,3027.14,0.008219,12.394388
143.200,20.3795,150.0000,70.4375,70.1085,3029.13,0.008235,12.394388
143.300,20.3795,150.0000,70.3750,70.1036,3030.98,0.008250,12.394388
143.400,20.3795,150.0000,70.3750,70.0987,3032.71,0.008265,12.394388
143.500,20.3795,150.0000,70.3750,70.0938,3034.33,0.008278,12.394388
143.600,20.3795,150.0000,70.5000,70.0889,3035.83,0.008290,12.394388
143.700,20.3795,150.0000,70.3125,70.0840,3037.24,0.008302,12.394388
143.800,20.3795,150.0000,70.3750,70.0791,3038.55,0.008312,12.394388
143.900,20.3795,150.0000,70.3750,70.0742,3039.78,0.008322,12.394388
144.000,20.4672,150.0000,70.4375,70.0693,3041.80,0.008339,12.573896
144.100,20.4672,150.0000,70.3125,70.0645,3043.68,0.008355,12.573896
144.200,20.4672,150.0000,70.3125,70.0596,3045.44,0.008369,12.573896
144.300,20.4672,150.0000,70.2500,70.0547,3047.08,0.008383,12.573896
144.400,20.4672,150.0000,70.3125,70.0498,3048.62,0.008395,12.573896
144.500,20.4672,150.0000,70.3125,70.0449,3050.05,0.008407,12.573896
144.600,20.4672,150.0000,70.3750,70.0400,3051.38,0.008418,12.573896
144.700,20.4672,150.0000,70.3125,70.0352,3052.63,0.008428,12.573896
144.800,20.4672,150.0000,70.3750,70.0303,3053.79,0.008438,12.573896
144.900,20.4672,150.0000,70.3125,70.0254,3054.88,0.008447,12.573896
145.000,20.5529,150.0000,70.2500,70.0206,3056.75,0.008463,12.751316
145.100,20.5529,150.0000,70.3125,70.0157,3058.50,0.008477,12.751316
145.200,20.5529,150.0000,70.3750,70.0108,3060.12,0.008491,12.751316
145.300,20.5529,150.0000,70.3125,70.0060,3061.64,0.008503,12.751316
145.400,20.5529,150.0000,70.2500,70.0011,3063.06,0.008515,12.751316
145.500,20.5529,150.0000,70.2500,69.9963,3064.39,0.008526,12.751316
145.600,20.5529,150.0000,70.3125,69.9914,3065.62,0.008537,12.751316
145.700,20.5529,150.0000,70.3750,69.9866,3066.78,0.008546,12.751316
145.800,20.5529,150.0000,70.3125,69.9817,3067.85,0.008555,12.751316
145.900,20.5529,150.0000,70.3750,69.9769,3068.86,0.008564,12.751316
146.000,20.8241,150.0000,70.2500,69.9720,3072.51,0.008594,12.930824
146.100,20.8241,150.0000,70.1875,69.9672,3075.92,0.008623,12.930824
146.200,20.8241,150.0000,70.3750,69.9623,3079.10,0.008650,12.930824
146.300,20.8241,150.0000,70.1875,69.9575,3082.07,0.008675,12.930824
146.400,20.8241,150.0000,70.2500,69.9526,3084.84,0.008698,12.930824
146.500,20.8241,150.0000,70.3125,69.9477,3087.42,0.008720,12.930824
146.600,20.8241,150.0000,70.1875,69.9428,3089.83,0.008740,12.930824
146.700,20.8241,150.0000,70.1250,69.9380,3092.09,0.008760,12.930824
146.800,20.8241,150.0000,70.1875,69.9331,3094.19,0.008777,12.930824
146.900,20.8241,150.0000,70.1875,69.9282,3096.15,0.008794,12.930824
147.000,20.7220,150.0000,70.1875,69.9233,3096.96,0.008801,13.104070
147.100,20.7220,150.0000,70.1250,69.9184,3097.72,0.008807,13.104070
147.200,20.7220,150.0000,70.1250,69.9136,3098.42,0.008814,13.104070
147.300,20.7220,150.0000,70.1250,69.9087,3099.08,0.008819,13.104070
147.400,20.7220,150.0000,70.2500,69.9039,3099.70,0.008824,13.104070
147.500,20.7220,150.0000,70.2500,69.8990,3100.27,0.008829,13.104070
147.600,20.7220,150.0000,70.2500,69.8942,3100.81,0.008834,13.104070
147.700,20.7220,150.0000,70.1875,69.8894,3101.31,0.008838,13.104070
147.800,20.7220,150.0000,70.1250,69.8846,3101.77,0.008842,13.104070
147.900,20.7220,150.0000,70.1875,69.8798,3102.21,0.008846,13.104070
148.000,20.8953,150.0000,70.1250,69.8750,3104.35,0.008864,13.277316
148.100,20.8953,150.0000,70.1250,69.8702,3106.34,0.008881,13.277316
148.200,20.8953,150.0000,70.1875,69.8653,3108.21,0.008897,13.277316
148.300,20.8953,150.0000,70.1250,69.8605,3109.95,0.008912,13.277316
148.400,20.8953,150.0000,70.1250,69.8557,3111.57,0.008926,13.277316
148.500,20.8953,150.0000,70.1250,69.8509,3113.08,0.008939,13.277316
148.600,20.8953,150.0000,70.0625,69.8461,3114.50,0.008951,13.277316
148.700,20.8953,150.0000,70.0625,69.8413,3115.82,0.008963,13.277316
148.800,20.8953,150.0000,70.0625,69.8365,3117.05,0.008973,13.277316
148.900,20.8953,150.0000,70.1250,69.8317,3118.20,0.008983,13.277316
149.000,20.9747,150.0000,70.0000,69.8269,3120.07,0.008999,13.448475
149.100,20.9747,150.0000,70.1250,69.8222,3121.81,0.009015,13.448475
149.200,20.9747,150.0000,70.0625,69.8174,3123.43,0.009029,13.448475
149.300,20.9747,150.0000,70.0625,69.8126,3124.95,0.009042,13.448475
149.400,20.9747,150.0000,70.1250,69.8078,3126.37,0.009054,13.448475
149.500,20.9747,150.0000,70.1250,69.8030,3127.69,0.009066,13.448475
149.600,20.9747,150.0000,70.0625,69.7982,3128.92,0.009076,13.448475
149.700,20.9747,150.0000,70.1250,69.7935,3130.08,0.009086,13.448475
149.800,20.9747,150.0000,70.0625,69.7887,3131.15,0.009096,13.448475
149.900,20.9747,150.0000,70.0625,69.7839,3132.15,0.009104,13.448475
150.000,21.0519,150.0000,70.0625,69.7792,3133.86,0.009119,13.617546
150.100,21.0519,150.0000,70.0625,69.7744,3135.46,0.009133,13.617546
150.200,21.0519,150.0000,70.0625,69.7697,3136.95,0.009146,13.617546
150.300,21.0519,150.0000,70.0000,69.7649,3138.34,0.009159,13.617546
150.400,21.0519,150.0000,69.9375,69.7602,3139.63,0.009170,13.617546
150.500,21.0519,150.0000,70.1250,69.7554,3140.84,0.009180,13.617546
150.600,21.0519,150.0000,70.0625,69.7507,3141.97,0.009190,13.617546
150.700,21.0519,150.0000,70.0000,69.7459,3143.03,0.009200,13.617546
150.800,21.0519,150.0000,70.0000,69.7412,3144.01,0.009208,13.617546
150.900,21.0519,150.0000,70.0625,69.7365,3144.93,0.009216,13.617546
151.000,21.2210,150.0000,70.0000,69.7317,3147.48,0.009239,13.786617
151.100,21.2210,150.0000,70.0625,69.7270,3149.86,0.009260,13.786617
151.200,21.2210,150.0000,69.9375,69.7223,3152.08,0.009279,13.786617
151.300,21.2210,150.0000,70.1250,69.7175,3154.15,0.009298,13.786617
151.400,21.2210,150.0000,70.0625,69.7128,3156.08,0.009315,13.786617
151.500,21.2210,150.0000,69.8750,69.7081,3157.89,0.009331,13.786617
151.600,21.2210,150.0000,70.0000,69.7033,3159.57,0.009346,13.786617
151.700,21.2210,150.0000,69.9375,69.6986,3161.14,0.009360,13.786617
151.800,21.2210,150.0000,69.9375,69.6939,3162.61,0.009373,13.786617
151.900,21.2210,150.0000,70.0000,69.6891,3163.98,0.009385,13.786617
152.000,21.2962,150.0000,69.9375,69.6844,3166.01,0.009403,13.953601
152.100,21.2962,150.0000,69.8750,69.6797,3167.91,0.009420,13.953601
152.200,21.2962,150.0000,69.8750,69.6749,3169.67,0.009436,13.953601
152.300,21.2962,150.0000,70.0000,69.6702,3171.32,0.009450,13.953601
152.400,21.2962,150.0000,70.0000,69.6655,3172.87,0.009464,13.953601
152.500,21.2962,150.0000,70.0000,69.6608,3174.30,0.009477,13.953601
152.600,21.2962,150.0000,69.8750,69.6560,3175.65,0.009489,13.953601
152.700,21.2962,150.0000,69.9375,69.6513,3176.90,0.009500,13.953601
152.800,21.2962,150.0000,69.9375,69.6466,3178.07,0.009511,13.953601
152.900,21.2962,150.0000,69.9375,69.6419,3179.16,0.009521,13.953601
153.000,21.3693,150.0000,69.8750,69.6372,3180.91,0.009536,14.118498
153.100,21.3693,150.0000,69.9375,69.6325,3182.54,0.009551,14.118498
153.200,21.3693,150.0000,69.9375,69.6278,3184.06,0.009565,14.118498
153.300,21.3693,150.0000,69.9375,69.6231,3185.49,0.009578,14.118498
153.400,21.3693,150.0000,69.9375,69.6184,3186.81,0.009590,14.118498
153.500,21.3693,150.0000,70.0000,69.6137,3188.05,0.009601,14.118498
153.600,21.3693,150.0000,69.9375,69.6090,3189.21,0.009611,14.118498
153.700,21.3693,150.0000,69.8125,69.6043,3190.29,0.009621,14.118498
153.800,21.3693,150.0000,69.7500,69.5996,3191.30,0.009630,14.118498
153.900,21.3693,150.0000,69.9375,69.5950,3192.24,0.009639,14.118498
154.000,21.5342,150.0000,69.8750,69.5903,3194.76,0.009661,14.283395
154.100,21.5342,150.0000,69.8750,69.5856,3197.12,0.009683,14.283395
154.200,21.5342,150.0000,69.8750,69.5809,3199.32,0.009703,14.283395
154.300,21.5342,150.0000,69.8750,69.5762,3201.38,0.009722,14.283395
154.400,21.5342,150.0000,69.8125,69.5715,3203.29,0.009739,14.283395
154.500,21.5342,150.0000,69.8750,69.5668,3205.08,0.009755,14.283395
154.600,21.5342,150.0000,69.8750,69.5622,3206.75,0.009771,14.283395
154.700,21.5342,150.0000,69.8750,69.5575,3208.31,0.009785,14.283395
154.800,21.5342,150.0000,69.7500,69.5528,3209.77,0.009798,14.283395
154.900,21.5342,150.0000,69.8750,69.5481,3211.12,0.009811,14.283395
155.000,21.6053,150.0000,69.8125,69.5434,3213.10,0.009829,14.446204
155.100,21.6053,150.0000,69.8125,69.5388,3214.95,0.009846,14.446204
155.200,21.6053,150.0000,69.7500,69.5341,3216.67,0.009862,14.446204
155.300,21.6053,150.0000,69.8125,69.5294,3218.28,0.009876,14.446204
155.400,21.6053,150.0000,69.8125,69.5247,3219.78,0.009890,14.446204
155.500,21.6053,150.0000,69.8125,69.5201,3221.18,0.009903,14.446204
155.600,21.6053,150.0000,69.8125,69.5154,3222.49,0.009915,14.446204
155.700,21.6053,150.0000,69.7500,69.5107,3223.71,0.009926,14.446204
155.800,21.6053,150.0000,69.7500,69.5061,3224.85,0.009937,14.446204
155.900,21.6053,150.0000,69.7500,69.5014,3225.91,0.009947,14.446204
156.000,21.5803,150.0000,69.7500,69.4968,3226.65,0.009954,14.604839
156.100,21.5803,150.0000,69.8750,69.4921,3227.34,0.009960,14.604839
156.200,21.5803,150.0000,69.8750,69.4875,3227.99,0.009966,14.604839
156.300,21.5803,150.0000,69.7500,69.4828,3228.60,0.009972,14.604839
156.400,21.5803,150.0000,69.6875,69.4782,3229.16,0.009977,14.604839
156.500,21.5803,150.0000,69.7500,69.4736,3229.69,0.009982,14.604839
156.600,21.5803,150.0000,69.7500,69.4690,3230.18,0.009986,14.604839
156.700,21.5803,150.0000,69.6875,69.4644,3230.63,0.009991,14.604839
156.800,21.5803,150.0000,69.8125,69.4598,3231.06,0.009995,14.604839
156.900,21.5803,150.0000,69.5625,69.4552,3231.46,0.009998,14.604839
157.000,21.4574,150.0000,69.7500,69.4506,3230.60,0.009990,14.757212
157.100,21.4574,150.0000,69.6250,69.4461,3229.80,0.009983,14.757212
157.200,21.4574,150.0000,69.6875,69.4415,3229.06,0.009976,14.757212
157.300,21.4574,150.0000,69.6875,69.4370,3228.36,0.009969,14.757212
157.400,21.4574,150.0000,69.7500,69.4325,3227.71,0.009963,14.757212
157.500,21.4574,150.0000,69.7500,69.4280,3227.10,0.009958,14.757212
157.600,21.4574,150.0000,69.6875,69.4235,3226.54,0.009953,14.757212
157.700,21.4574,150.0000,69.7500,69.4190,3226.01,0.009948,14.757212
157.800,21.4574,150.0000,69.6875,69.4146,3225.51,0.009943,14.757212
157.900,21.4574,150.0000,69.6250,69.4101,3225.05,0.009939,14.757212
158.000,21.7036,150.0000,69.6250,69.4057,3227.09,0.009958,14.911672
158.100,21.7036,150.0000,69.6875,69.4012,3228.98,0.009975,14.911672
158.200,21.7036,150.0000,69.6250,69.3968,3230.75,0.009992,14.911672
158.300,21.7036,150.0000,69.6250,69.3923,3232.41,0.010007,14.911672
158.400,21.7036,150.0000,69.6875,69.3879,3233.95,0.010021,14.911672
158.500,21.7036,150.0000,69.6250,69.3834,3235.39,0.010035,14.911672
158.600,21.7036,150.0000,69.7500,69.3790,3236.73,0.010047,14.911672
158.700,21.7036,150.0000,69.6250,69.3746,3237.98,0.010059,14.911672
158.800,21.7036,150.0000,69.6250,69.3701,3239.15,0.010070,14.911672
158.900,21.7036,150.0000,69.6250,69.3657,3240.25,0.010080,14.911672
159.000,21.8581,150.0000,69.5625,69.3612,3242.81,0.010104,15.066132
159.100,21.8581,150.0000,69.6875,69.3568,3245.20,0.010126,15.066132
159.200,21.8581,150.0000,69.6250,69.3524,3247.44,0.010147,15.066132
159.300,21.8581,150.0000,69.5625,69.3479,3249.52,0.010167,15.066132
159.400,21.8581,150.0000,69.6250,69.3435,3251.47,0.010185,15.066132
159.500,21.8581,150.0000,69.6250,69.3390,3253.28,0.010202,15.066132
159.600,21.8581,150.0000,69.6875,69.3346,3254.98,0.010218,15.066132
159.700,21.8581,150.0000,69.6250,69.3301,3256.56,0.010233,15.066132
159.800,21.8581,150.0000,69.5625,69.3257,3258.04,0.010247,15.066132
159.900,21.8581,150.0000,69.5625,69.3212,3259.42,0.010260,15.066132
160.000,21.9186,150.0000,69.6875,69.3168,3261.31,0.010278,15.218505
160.100,21.9186,150.0000,69.5625,69.3124,3263.07,0.010295,15.218505
160.200,21.9186,150.0000,69.6250,69.3079,3264.72,0.010310,15.218505
160.300,21.9186,150.0000,69.5625,69.3035,3266.26,0.010325,15.218505
160.400,21.9186,150.0000,69.5625,69.2990,3267.70,0.010338,15.218505
160.500,21.9186,150.0000,69.5000,69.2946,3269.04,0.010351,15.218505
160.600,21.9186,150.0000,69.6250,69.2902,3270.29,0.010363,15.218505
160.700,21.9186,150.0000,69.5000,69.2857,3271.45,0.010374,15.218505
160.800,21.9186,150.0000,69.5000,69.2813,3272.54,0.010384,15.218505
160.900,21.9186,150.0000,69.6250,69.2769,3273.56,0.010394,15.218505
161.000,22.1649,150.0000,69.5000,69.2725,3276.97,0.010427,15.372965
161.100,22.1649,150.0000,69.5625,69.2680,3280.16,0.010457,15.372965
161.200,22.1649,150.0000,69.5625,69.2636,3283.13,0.010486,15.372965
161.300,22.1649,150.0000,69.5625,69.2591,3285.90,0.010512,15.372965
161.400,22.1649,150.0000,69.5000,69.2547,3288.49,0.010537,15.372965
161.500,22.1649,150.0000,69.5625,69.2502,3290.91,0.010560,15.372965
161.600,22.1649,150.0000,69.5000,69.2457,3293.16,0.010582,15.372965
161.700,22.1649,150.0000,69.5625,69.2413,3295.27,0.010602,15.372965
161.800,22.1649,150.0000,69.5000,69.2368,3297.23,0.010621,15.372965
161.900,22.1649,150.0000,69.5000,69.2324,3299.06,0.010639,15.372965
162.000,22.1316,150.0000,69.4375,69.2279,3300.44,0.010652,15.523251
162.100,22.1316,150.0000,69.3750,69.2234,3301.73,0.010665,15.523251
162.200,22.1316,150.0000,69.4375,69.2190,3302.93,0.010676,15.523251
162.300,22.1316,150.0000,69.4375,69.2145,3304.05,0.010687,15.523251
162.400,22.1316,150.0000,69.5000,69.2101,3305.10,0.010697,15.523251
162.500,22.1316,150.0000,69.5000,69.2056,3306.07,0.010707,15.523251
162.600,22.1316,150.0000,69.5000,69.2012,3306.98,0.010716,15.523251
162.700,22.1316,150.0000,69.3750,69.1968,3307.84,0.010724,15.523251
162.800,22.1316,150.0000,69.4375,69.1923,3308.63,0.010732,15.523251
162.900,22.1316,150.0000,69.4375,69.1879,3309.37,0.010739,15.523251
163.000,22.1880,150.0000,69.5000,69.1835,3310.63,0.010751,15.671449
163.100,22.1880,150.0000,69.4375,69.1791,3311.80,0.010763,15.671449
163.200,22.1880,150.0000,69.5000,69.1747,3312.89,0.010773,15.671449
163.300,22.1880,150.0000,69.4375,69.1703,3313.91,0.010783,15.671449
163.400,22.1880,150.0000,69.4375,69.1658,3314.86,0.010793,15.671449
163.500,22.1880,150.0000,69.4375,69.1615,3315.75,0.010801,15.671449
163.600,22.1880,150.0000,69.3750,69.1571,3316.58,0.010809,15.671449
163.700,22.1880,150.0000,69.3750,69.1527,3317.36,0.010817,15.671449
163.800,22.1880,150.0000,69.4375,69.1483,3318.08,0.010824,15.671449
163.900,22.1880,150.0000,69.3750,69.1439,3318.76,0.010831,15.671449
164.000,22.2424,150.0000,69.4375,69.1395,3319.93,0.010842,15.817560
164.100,22.2424,150.0000,69.2500,69.1352,3321.02,0.010853,15.817560
164.200,22.2424,150.0000,69.3750,69.1308,3322.05,0.010863,15.817560
164.300,22.2424,150.0000,69.4375,69.1264,3323.00,0.010872,15.817560
164.400,22.2424,150.0000,69.3125,69.1221,3323.89,0.010881,15.817560
164.500,22.2424,150.0000,69.4375,69.1177,3324.72,0.010889,15.817560
164.600,22.2424,150.0000,69.3750,69.1134,3325.50,0.010897,15.817560
164.700,22.2424,150.0000,69.3750,69.1090,3326.22,0.010904,15.817560
164.800,22.2424,150.0000,69.2500,69.1047,3326.90,0.010910,15.817560
164.900,22.2424,150.0000,69.3750,69.1004,3327.53,0.010917,15.817560
165.000,22.3885,150.0000,69.4375,69.0961,3329.58,0.010937,15.963671
165.100,22.3885,150.0000,69.3750,69.0917,3331.49,0.010956,15.963671
165.200,22.3885,150.0000,69.3125,69.0874,3333.27,0.010973,15.963671
165.300,22.3885,150.0000,69.3125,69.0831,3334.94,0.010990,15.963671
165.400,22.3885,150.0000,69.2500,69.0787,3336.50,0.011005,15.963671
165.500,22.3885,150.0000,69.3750,69.0744,3337.95,0.011020,15.963671
165.600,22.3885,150.0000,69.3750,69.0701,3339.30,0.011033,15.963671
165.700,22.3885,150.0000,69.3125,69.0658,3340.57,0.011046,15.963671
165.800,22.3885,150.0000,69.4375,69.0614,3341.75,0.011057,15.963671
165.900,22.3885,150.0000,69.3125,69.0571,3342.85,0.011068,15.963671
166.000,22.4407,150.0000,69.2500,69.0528,3344.40,0.011084,16.107695
166.100,22.4407,150.0000,69.3125,69.0485,3345.85,0.011098,16.107695
166.200,22.4407,150.0000,69.3125,69.0442,3347.20,0.011111,16.107695
166.300,22.4407,150.0000,69.3125,69.0399,3348.46,0.011124,16.107695
166.400,22.4407,150.0000,69.2500,69.0356,3349.63,0.011136,16.107695
166.500,22.4407,150.0000,69.3125,69.0313,3350.73,0.011147,16.107695
166.600,22.4407,150.0000,69.3750,69.0270,3351.76,0.011157,16.107695
166.700,22.4407,150.0000,69.1875,69.0227,3352.71,0.011166,16.107695
166.800,22.4407,150.0000,69.3125,69.0184,3353.61,0.011175,16.107695
166.900,22.4407,150.0000,69.3125,69.0141,3354.44,0.011184,16.107695
167.000,22.5847,150.0000,69.3125,69.0098,3356.66,0.011206,16.251719
167.100,22.5847,150.0000,69.2500,69.0055,3358.73,0.011227,16.251719
167.200,22.5847,150.0000,69.3125,69.0012,3360.66,0.011246,16.251719
167.300,22.5847,150.0000,69.2500,68.9969,3362.46,0.011264,16.251719
167.400,22.5847,150.0000,69.3125,68.9926,3364.15,0.011281,16.251719
167.500,22.5847,150.0000,69.2500,68.9884,3365.72,0.011297,16.251719
167.600,22.5847,150.0000,69.1875,68.9841,3367.18,0.011312,16.251719
167.700,22.5847,150.0000,69.2500,68.9798,3368.55,0.011325,16.251719
167.800,22.5847,150.0000,69.3125,68.9755,3369.83,0.011338,16.251719
167.900,22.5847,150.0000,69.1875,68.9712,3371.02,0.011350,16.251719
168.000,22.5410,150.0000,69.1875,68.9669,3371.70,0.011357,16.391568
168.100,22.5410,150.0000,69.3125,68.9627,3372.33,0.011364,16.391568
168.200,22.5410,150.0000,69.1250,68.9584,3372.91,0.011370,16.391568
168.300,22.5410,150.0000,69.2500,68.9542,3373.46,0.011375,16.391568
168.400,22.5410,150.0000,69.1875,68.9499,3373.98,0.011380,16.391568
168.500,22.5410,150.0000,69.2500,68.9457,3374.45,0.011385,16.391568
168.600,22.5410,150.0000,69.1875,68.9414,3374.90,0.011390,16.391568
168.700,22.5410,150.0000,69.1875,68.9372,3375.32,0.011394,16.391568
168.800,22.5410,150.0000,69.2500,68.9330,3375.71,0.011398,16.391568
168.900,22.5410,150.0000,69.1875,68.9288,3376.07,0.011401,16.391568
169.000,22.6809,150.0000,69.1875,68.9245,3377.81,0.011419,16.531417
169.100,22.6809,150.0000,69.2500,68.9203,3379.43,0.011436,16.531417
169.200,22.6809,150.0000,69.1250,68.9161,3380.94,0.011451,16.531417
169.300,22.6809,150.0000,69.0625,68.9119,3382.35,0.011465,16.531417
169.400,22.6809,150.0000,69.1875,68.9077,3383.67,0.011479,16.531417
169.500,22.6809,150.0000,69.1875,68.9035,3384.90,0.011491,16.531417
169.600,22.6809,150.0000,69.1250,68.8993,3386.05,0.011503,16.531417
169.700,22.6809,150.0000,69.1875,68.8951,3387.12,0.011514,16.531417
169.800,22.6809,150.0000,69.0625,68.8909,3388.12,0.011524,16.531417
169.900,22.6809,150.0000,69.1875,68.8867,3389.06,0.011534,16.531417
170.000,22.8207,150.0000,69.1875,68.8825,3391.33,0.011557,16.671266
170.100,22.8207,150.0000,69.0625,68.8783,3393.45,0.011578,16.671266
170.200,22.8207,150.0000,69.0625,68.8741,3395.42,0.011599,16.671266
170.300,22.8207,150.0000,69.1250,68.8699,3397.27,0.011618,16.671266
170.400,22.8207,150.0000,69.0625,68.8657,3398.99,0.011635,16.671266
170.500,22.8207,150.0000,69.1875,68.8615,3400.60,0.011652,16.671266
170.600,22.8207,150.0000,69.0625,68.8573,3402.10,0.011667,16.671266
170.700,22.8207,150.0000,69.0625,68.8531,3403.50,0.011682,16.671266
170.800,22.8207,150.0000,69.1250,68.8489,3404.81,0.011695,16.671266
170.900,22.8207,150.0000,69.0625,68.8447,3406.03,0.011708,16.671266
171.000,22.7728,150.0000,69.0000,68.8405,3406.69,0.011714,16.806940
171.100,22.7728,150.0000,69.0000,68.8364,3407.30,0.011721,16.806940
171.200,22.7728,150.0000,69.0625,68.8322,3407.88,0.011727,16.806940
171.300,22.7728,150.0000,69.0000,68.8280,3408.41,0.011732,16.806940
171.400,22.7728,150.0000,69.1875,68.8238,3408.91,0.011737,16.806940
171.500,22.7728,150.0000,69.1250,68.8197,3409.38,0.011742,16.806940
171.600,22.7728,150.0000,69.0625,68.8155,3409.82,0.011747,16.806940
171.700,22.7728,150.0000,69.0625,68.8114,3410.22,0.011751,16.806940
171.800,22.7728,150.0000,69.1250,68.8073,3410.60,0.011755,16.806940
171.900,22.7728,150.0000,69.1250,68.8031,3410.96,0.011759,16.806940
172.000,23.0024,150.0000,69.0625,68.7990,3413.59,0.011786,16.944702
172.100,23.0024,150.0000,69.0000,68.7949,3416.04,0.011811,16.944702
172.200,23.0024,150.0000,69.0000,68.7907,3418.32,0.011835,16.944702
172.300,23.0024,150.0000,69.0625,68.7866,3420.46,0.011857,16.944702
172.400,23.0024,150.0000,68.9375,68.7824,3422.45,0.011878,16.944702
172.500,23.0024,150.0000,69.0625,68.7783,3424.31,0.011897,16.944702
172.600,23.0024,150.0000,69.0625,68.7742,3426.05,0.011915,16.944702
172.700,23.0024,150.0000,69.0625,68.7700,3427.67,0.011932,16.944702
172.800,23.0024,150.0000,69.0000,68.7659,3429.18,0.011948,16.944702
172.900,23.0024,150.0000,69.0625,68.7617,3430.59,0.011963,16.944702
173.000,23.0463,150.0000,69.0000,68.7576,3432.35,0.011981,17.080377
173.100,23.0463,150.0000,68.9375,68.7534,3433.99,0.011998,17.080377
173.200,23.0463,150.0000,68.9375,68.7493,3435.52,0.012014,17.080377
173.300,23.0463,150.0000,69.0000,68.7452,3436.95,0.012029,17.080377
173.400,23.0463,150.0000,69.0000,68.7410,3438.28,0.012043,17.080377
173.500,23.0463,150.0000,69.0000,68.7369,3439.52,0.012056,17.080377
173.600,23.0463,150.0000,68.9375,68.7327,3440.68,0.012069,17.080377
173.700,23.0463,150.0000,68.8750,68.7286,3441.77,0.012080,17.080377
173.800,23.0463,150.0000,68.8750,68.7245,3442.78,0.012091,17.080377
173.900,23.0463,150.0000,69.0000,68.7204,3443.72,0.012101,17.080377
174.000,23.0881,150.0000,68.9375,68.7162,3445.02,0.012114,17.213964
174.100,23.0881,150.0000,69.0000,68.7121,3446.23,0.012127,17.213964
174.200,23.0881,150.0000,69.0000,68.7080,3447.37,0.012139,17.213964
174.300,23.0881,150.0000,69.0000,68.7039,3448.42,0.012150,17.213964
174.400,23.0881,150.0000,68.9375,68.6998,3449.41,0.012161,17.213964
174.500,23.0881,150.0000,69.0000,68.6957,3450.33,0.012170,17.213964
174.600,23.0881,150.0000,69.0000,68.6916,3451.19,0.012180,17.213964
174.700,23.0881,150.0000,69.0000,68.6875,3451.99,0.012188,17.213964
174.800,23.0881,150.0000,68.9375,68.6834,3452.74,0.012196,17.213964
174.900,23.0881,150.0000,68.9375,68.6793,3453.43,0.012203,17.213964
175.000,23.1278,150.0000,68.8750,68.6752,3454.48,0.012214,17.345464
175.100,23.1278,150.0000,68.9375,68.6712,3455.46,0.012225,17.345464
175.200,23.1278,150.0000,68.9375,68.6671,3456.38,0.012235,17.345464
175.300,23.1278,150.0000,68.8750,68.6630,3457.23,0.012244,17.345464
175.400,23.1278,150.0000,68.9375,68.6589,3458.02,0.012252,17.345464
175.500,23.1278,150.0000,68.9375,68.6549,3458.77,0.012260,17.345464
175.600,23.1278,150.0000,68.8750,68.6508,3459.46,0.012267,17.345464
175.700,23.1278,150.0000,68.8125,68.6468,3460.11,0.012274,17.345464
175.800,23.1278,150.0000,68.8125,68.6427,3460.71,0.012281,17.345464
175.900,23.1278,150.0000,68.9375,68.6387,3461.28,0.012287,17.345464
176.000,23.2593,150.0000,68.8750,68.6347,3463.12,0.012306,17.476964
176.100,23.2593,150.0000,68.8125,68.6306,3464.83,0.012325,17.476964
176.200,23.2593,150.0000,68.9375,68.6266,3466.44,0.012342,17.476964
176.300,23.2593,150.0000,68.8750,68.6225,3467.94,0.012358,17.476964
176.400,23.2593,150.0000,68.8750,68.6185,3469.33,0.012373,17.476964
176.500,23.2593,150.0000,68.9375,68.6145,3470.64,0.012387,17.476964
176.600,23.2593,150.0000,68.8750,68.6104,3471.85,0.012400,17.476964
176.700,23.2593,150.0000,68.8750,68.6064,3472.99,0.012412,17.476964
176.800,23.2593,150.0000,68.7500,68.6024,3474.05,0.012423,17.476964
176.900,23.2593,150.0000,68.8750,68.5984,3475.04,0.012434,17.476964
177.000,23.2969,150.0000,68.8750,68.5943,3476.34,0.012448,17.606376
177.100,23.2969,150.0000,68.8125,68.5903,3477.55,0.012461,17.606376
177.200,23.2969,150.0000,68.8125,68.5863,3478.68,0.012473,17.606376
177.300,23.2969,150.0000,68.8125,68.5823,3479.74,0.012484,17.606376
177.400,23.2969,150.0000,68.7500,68.5783,3480.73,0.012495,17.606376
177.500,23.2969,150.0000,68.7500,68.5743,3481.65,0.012505,17.606376
177.600,23.2969,150.0000,68.8125,68.5703,3482.51,0.012514,17.606376
177.700,23.2969,150.0000,68.6250,68.5663,3483.31,0.012523,17.606376
177.800,23.2969,150.0000,68.8750,68.5623,3484.06,0.012531,17.606376
177.900,23.2969,150.0000,68.7500,68.5583,3484.76,0.012538,17.606376
178.000,23.2386,150.0000,68.7500,68.5543,3484.82,0.012539,17.731614
178.100,23.2386,150.0000,68.6250,68.5503,3484.89,0.012540,17.731614
178.200,23.2386,150.0000,68.8750,68.5464,3484.95,0.012541,17.731614
178.300,23.2386,150.0000,68.8125,68.5424,3485.00,0.012541,17.731614
178.400,23.2386,150.0000,68.8125,68.5385,3485.06,0.012542,17.731614
178.500,23.2386,150.0000,68.8125,68.5345,3485.11,0.012542,17.731614
178.600,23.2386,150.0000,68.6875,68.5306,3485.15,0.012543,17.731614
178.700,23.2386,150.0000,68.6875,68.5267,3485.19,0.012543,17.731614
178.800,23.2386,150.0000,68.8125,68.5228,3485.23,0.012544,17.731614
178.900,23.2386,150.0000,68.6875,68.5189,3485.27,0.012544,17.731614
179.000,23.2699,150.0000,68.6875,68.5150,3485.62,0.012548,17.854765
179.100,23.2699,150.0000,68.6875,68.5111,3485.94,0.012551,17.854765
179.200,23.2699,150.0000,68.7500,68.5072,3486.25,0.012555,17.854765
179.300,23.2699,150.0000,68.7500,68.5033,3486.53,0.012558,17.854765
179.400,23.2699,150.0000,68.8125,68.4995,3486.79,0.012560,17.854765
179.500,23.2699,150.0000,68.7500,68.4956,3487.04,0.012563,17.854765
179.600,23.2699,150.0000,68.8125,68.4918,3487.27,0.012566,17.854765
179.700,23.2699,150.0000,68.6250,68.4879,3487.49,0.012568,17.854765
179.800,23.2699,150.0000,68.7500,68.4841,3487.69,0.012570,17.854765
179.900,23.2699,150.0000,68.7500,68.4802,3487.87,0.012572,17.854765
180.000,23.4870,150.0000,68.7500,68.4764,3490.22,0.012597,17.980003
180.100,23.4870,150.0000,68.6250,68.4726,3492.41,0.012621,17.980003
180.200,23.4870,150.0000,68.6875,68.4687,3494.45,0.012643,17.980003
180.300,23.4870,150.0000,68.7500,68.4649,3496.36,0.012664,17.980003
180.400,23.4870,150.0000,68.6875,68.4610,3498.13,0.012683,17.980003
180.500,23.4870,150.0000,68.6875,68.4572,3499.80,0.012701,17.980003
180.600,23.4870,150.0000,68.6875,68.4534,3501.35,0.012718,17.980003
180.700,23.4870,150.0000,68.6875,68.4495,3502.79,0.012734,17.980003
180.800,23.4870,150.0000,68.6250,68.4457,3504.14,0.012749,17.980003
180.900,23.4870,150.0000,68.6875,68.4418,3505.40,0.012763,17.980003
181.000,23.5183,150.0000,68.6250,68.4380,3506.89,0.012779,18.103154
181.100,23.5183,150.0000,68.6875,68.4341,3508.28,0.012794,18.103154
181.200,23.5183,150.0000,68.6875,68.4303,3509.58,0.012808,18.103154
181.300,23.5183,150.0000,68.6250,68.4265,3510.79,0.012822,18.103154
181.400,23.5183,150.0000,68.6250,68.4226,3511.92,0.012834,18.103154
181.500,23.5183,150.0000,68.7500,68.4188,3512.98,0.012846,18.103154
181.600,23.5183,150.0000,68.6875,68.4150,3513.96,0.012856,18.103154
181.700,23.5183,150.0000,68.8125,68.4112,3514.88,0.012866,18.103154
181.800,23.5183,150.0000,68.6250,68.4073,3515.74,0.012876,18.103154
181.900,23.5183,150.0000,68.6875,68.4035,3516.54,0.012885,18.103154
182.000,23.6415,150.0000,68.6250,68.3997,3518.52,0.012906,18.226304
182.100,23.6415,150.0000,68.7500,68.3959,3520.37,0.012927,18.226304
182.200,23.6415,150.0000,68.6875,68.3921,3522.09,0.012946,18.226304
182.300,23.6415,150.0000,68.6250,68.3882,3523.70,0.012964,18.226304
182.400,23.6415,150.0000,68.5625,68.3844,3525.20,0.012980,18.226304
182.500,23.6415,150.0000,68.5625,68.3806,3526.60,0.012996,18.226304
182.600,23.6415,150.0000,68.6250,68.3768,3527.91,0.013010,18.226304
182.700,23.6415,150.0000,68.6250,68.3729,3529.13,0.013024,18.226304
182.800,23.6415,150.0000,68.6875,68.3691,3530.27,0.013036,18.226304
182.900,23.6415,150.0000,68.5625,68.3653,3531.33,0.013048,18.226304
183.000,23.5769,150.0000,68.6250,68.3615,3531.68,0.013052,18.345281
183.100,23.5769,150.0000,68.5625,68.3577,3532.00,0.013055,18.345281
183.200,23.5769,150.0000,68.5625,68.3539,3532.31,0.013059,18.345281
183.300,23.5769,150.0000,68.5625,68.3501,3532.59,0.013062,18.345281
183.400,23.5769,150.0000,68.5000,68.3464,3532.85,0.013065,18.345281
183.500,23.5769,150.0000,68.6250,68.3426,3533.10,0.013068,18.345281
183.600,23.5769,150.0000,68.5000,68.3388,3533.33,0.013070,18.345281
183.700,23.5769,150.0000,68.5625,68.3351,3533.54,0.013072,18.345281
183.800,23.5769,150.0000,68.5625,68.3313,3533.74,0.013075,18.345281
183.900,23.5769,150.0000,68.5000,68.3276,3533.93,0.013077,18.345281
184.000,23.6020,150.0000,68.4375,68.3238,3534.35,0.013081,18.462169
184.100,23.6020,150.0000,68.7500,68.3201,3534.75,0.013086,18.462169
184.200,23.6020,150.0000,68.5625,68.3164,3535.12,0.013090,18.462169
184.300,23.6020,150.0000,68.5000,68.3127,3535.46,0.013094,18.462169
184.400,23.6020,150.0000,68.5625,68.3089,3535.79,0.013097,18.462169
184.500,23.6020,150.0000,68.5625,68.3052,3536.09,0.013101,18.462169
184.600,23.6020,150.0000,68.5625,68.3015,3536.37,0.013104,18.462169
184.700,23.6020,150.0000,68.5625,68.2979,3536.63,0.013107,18.462169
184.800,23.6020,150.0000,68.5000,68.2942,3536.87,0.013109,18.462169
184.900,23.6020,150.0000,68.5000,68.2905,3537.10,0.013112,18.462169
185.000,23.7189,150.0000,68.5625,68.2868,3538.49,0.013127,18.579058
185.100,23.7189,150.0000,68.5000,68.2831,3539.77,0.013142,18.579058
185.200,23.7189,150.0000,68.5000,68.2795,3540.98,0.013155,18.579058
185.300,23.7189,150.0000,68.4375,68.2758,3542.10,0.013168,18.579058
185.400,23.7189,150.0000,68.5625,68.2721,3543.15,0.013179,18.579058
185.500,23.7189,150.0000,68.5000,68.2685,3544.13,0.013190,18.579058
185.600,23.7189,150.0000,68.4375,68.2648,3545.04,0.013201,18.579058
185.700,23.7189,150.0000,68.4375,68.2611,3545.90,0.013210,18.579058
185.800,23.7189,150.0000,68.4375,68.2575,3546.69,0.013219,18.579058
185.900,23.7189,150.0000,68.4375,68.2538,3547.44,0.013227,18.579058
186.000,23.7419,150.0000,68.3125,68.2502,3548.36,0.013238,18.693860
186.100,23.7419,150.0000,68.5625,68.2465,3549.22,0.013247,18.693860
186.200,23.7419,150.0000,68.5000,68.2429,3550.02,0.013256,18.693860
186.300,23.7419,150.0000,68.5000,68.2392,3550.78,0.013265,18.693860
186.400,23.7419,150.0000,68.5000,68.2356,3551.48,0.013273,18.693860
186.500,23.7419,150.0000,68.5000,68.2320,3552.13,0.013280,18.693860
186.600,23.7419,150.0000,68.4375,68.2284,3552.74,0.013287,18.693860
186.700,23.7419,150.0000,68.4375,68.2247,3553.31,0.013293,18.693860
186.800,23.7419,150.0000,68.5000,68.2211,3553.84,0.013299,18.693860
186.900,23.7419,150.0000,68.4375,68.2175,3554.34,0.013305,18.693860
187.000,23.8567,150.0000,68.3750,68.2139,3555.95,0.013323,18.808661
187.100,23.8567,150.0000,68.4375,68.2103,3557.45,0.013340,18.808661
187.200,23.8567,150.0000,68.3750,68.2067,3558.86,0.013355,18.808661
187.300,23.8567,150.0000,68.4375,68.2031,3560.17,0.013370,18.808661
187.400,23.8567,150.0000,68.3750,68.1995,3561.39,0.013384,18.808661
187.500,23.8567,150.0000,68.4375,68.1959,3562.53,0.013397,18.808661
187.600,23.8567,150.0000,68.3750,68.1922,3563.60,0.013409,18.808661
187.700,23.8567,150.0000,68.3750,68.1886,3564.59,0.013420,18.808661
187.800,23.8567,150.0000,68.4375,68.1851,3565.52,0.013431,18.808661
187.900,23.8567,150.0000,68.5000,68.1815,3566.38,0.013440,18.808661
188.000,24.0654,150.0000,68.3750,68.1779,3569.28,0.013473,18.925550
188.100,24.0654,150.0000,68.3125,68.1742,3571.98,0.013504,18.925550
188.200,24.0654,150.0000,68.4375,68.1706,3574.50,0.013532,18.925550
188.300,24.0654,150.0000,68.3750,68.1670,3576.86,0.013559,18.925550
188.400,24.0654,150.0000,68.3125,68.1634,3579.05,0.013584,18.925550
188.500,24.0654,150.0000,68.4375,68.1598,3581.10,0.013607,18.925550
188.600,24.0654,150.0000,68.3125,68.1561,3583.02,0.013629,18.925550
188.700,24.0654,150.0000,68.3125,68.1525,3584.80,0.013650,18.925550
188.800,24.0654,150.0000,68.3750,68.1489,3586.47,0.013669,18.925550
188.900,24.0654,150.0000,68.3125,68.1452,3588.03,0.013687,18.925550
189.000,23.9007,150.0000,68.3750,68.1416,3587.83,0.013684,19.036177
189.100,23.9007,150.0000,68.2500,68.1380,3587.65,0.013682,19.036177
189.200,23.9007,150.0000,68.3125,68.1344,3587.48,0.013680,19.036177
189.300,23.9007,150.0000,68.3750,68.1308,3587.32,0.013678,19.036177
189.400,23.9007,150.0000,68.3750,68.1272,3587.17,0.013677,19.036177
189.500,23.9007,150.0000,68.3125,68.1236,3587.03,0.013675,19.036177
189.600,23.9007,150.0000,68.1875,68.1201,3586.90,0.013674,19.036177
189.700,23.9007,150.0000,68.3125,68.1165,3586.78,0.013672,19.036177
189.800,23.9007,150.0000,68.3125,68.1129,3586.67,0.013671,19.036177
189.900,23.9007,150.0000,68.3125,68.1094,3586.57,0.013670,19.036177
190.000,24.0113,150.0000,68.3750,68.1059,3587.58,0.013681,19.146804
190.100,24.0113,150.0000,68.1875,68.1023,3588.52,0.013692,19.146804
190.200,24.0113,150.0000,68.3125,68.0988,3589.40,0.013702,19.146804
190.300,24.0113,150.0000,68.2500,68.0952,3590.22,0.013712,19.146804
190.400,24.0113,150.0000,68.4375,68.0917,3590.98,0.013720,19.146804
190.500,24.0113,150.0000,68.3125,68.0882,3591.69,0.013729,19.146804
190.600,24.0113,150.0000,68.3750,68.0847,3592.36,0.013736,19.146804
190.700,24.0113,150.0000,68.3125,68.0811,3592.98,0.013743,19.146804
190.800,24.0113,150.0000,68.2500,68.0776,3593.56,0.013750,19.146804
190.900,24.0113,150.0000,68.3125,68.0741,3594.11,0.013756,19.146804
191.000,24.1219,150.0000,68.1875,68.0706,3595.72,0.013775,19.257431
191.100,24.1219,150.0000,68.3125,68.0671,3597.22,0.013792,19.257431
191.200,24.1219,150.0000,68.2500,68.0636,3598.63,0.013808,19.257431
191.300,24.1219,150.0000,68.4375,68.0601,3599.94,0.013823,19.257431
191.400,24.1219,150.0000,68.3750,68.0566,3601.16,0.013837,19.257431
191.500,24.1219,150.0000,68.0625,68.0531,3602.30,0.013851,19.257431
191.600,24.1219,150.0000,68.2500,68.0496,3603.37,0.013863,19.257431
191.700,24.1219,150.0000,68.3125,68.0461,3604.36,0.013874,19.257431
191.800,24.1219,150.0000,68.2500,68.0426,3605.29,0.013885,19.257431
191.900,24.1219,150.0000,68.1875,68.0391,3606.16,0.013895,19.257431
192.000,24.0448,150.0000,68.1875,68.0356,3606.20,0.013895,19.363883
192.100,24.0448,150.0000,68.3125,68.0321,3606.23,0.013896,19.363883
192.200,24.0448,150.0000,68.1875,68.0286,3606.26,0.013896,19.363883
192.300,24.0448,150.0000,68.1875,68.0252,3606.29,0.013897,19.363883
192.400,24.0448,150.0000,68.3125,68.0217,3606.32,0.013897,19.363883
192.500,24.0448,150.0000,68.2500,68.0183,3606.35,0.013897,19.363883
192.600,24.0448,150.0000,68.1875,68.0148,3606.37,0.013898,19.363883
192.700,24.0448,150.0000,68.3125,68.0114,3606.40,0.013898,19.363883
192.800,24.0448,150.0000,68.2500,68.0080,3606.42,0.013898,19.363883
192.900,24.0448,150.0000,68.1250,68.0046,3606.44,0.013898,19.363883
193.000,24.0574,150.0000,68.1875,68.0011,3606.58,0.013900,19.468248
193.100,24.0574,150.0000,68.1875,67.9977,3606.72,0.013902,19.468248
193.200,24.0574,150.0000,68.1875,67.9943,3606.84,0.013903,19.468248
193.300,24.0574,150.0000,68.1875,67.9909,3606.96,0.013904,19.468248
193.400,24.0574,150.0000,68.2500,67.9876,3607.07,0.013906,19.468248
193.500,24.0574,150.0000,68.2500,67.9842,3607.17,0.013907,19.468248
193.600,24.0574,150.0000,68.1875,67.9808,3607.27,0.013908,19.468248
193.700,24.0574,150.0000,68.1875,67.9774,3607.36,0.013909,19.468248
193.800,24.0574,150.0000,68.1875,67.9741,3607.44,0.013910,19.468248
193.900,24.0574,150.0000,68.1250,67.9707,3607.52,0.013911,19.468248
194.000,24.1618,150.0000,68.1250,67.9674,3608.64,0.013924,19.572613
194.100,24.1618,150.0000,68.1250,67.9640,3609.68,0.013936,19.572613
194.200,24.1618,150.0000,68.1250,67.9607,3610.65,0.013947,19.572613
194.300,24.1618,150.0000,68.2500,67.9574,3611.56,0.013958,19.572613
194.400,24.1618,150.0000,68.2500,67.9540,3612.40,0.013967,19.572613
194.500,24.1618,150.0000,68.0000,67.9507,3613.20,0.013977,19.572613
194.600,24.1618,150.0000,68.1875,67.9473,3613.93,0.013985,19.572613
194.700,24.1618,150.0000,68.1250,67.9440,3614.62,0.013993,19.572613
194.800,24.1618,150.0000,68.1250,67.9407,3615.26,0.014001,19.572613
194.900,24.1618,150.0000,68.1875,67.9374,3615.86,0.014008,19.572613
195.000,24.3600,150.0000,68.0625,67.9340,3618.41,0.014037,19.679065
195.100,24.3600,150.0000,68.1250,67.9307,3620.78,0.014065,19.679065
195.200,24.3600,150.0000,68.1250,67.9274,3622.99,0.014091,19.679065
195.300,24.3600,150.0000,68.1250,67.9240,3625.06,0.014115,19.679065
195.400,24.3600,150.0000,68.1875,67.9207,3626.99,0.014137,19.679065
195.500,24.3600,150.0000,68.0625,67.9173,3628.79,0.014158,19.679065
195.600,24.3600,150.0000,68.1250,67.9140,3630.47,0.014178,19.679065
195.700,24.3600,150.0000,68.1875,67.9106,3632.04,0.014196,19.679065
195.800,24.3600,150.0000,68.1250,67.9073,3633.50,0.014214,19.679065
195.900,24.3600,150.0000,68.1250,67.9039,3634.87,0.014230,19.679065
196.000,24.3726,150.0000,68.1250,67.9006,3636.27,0.014246,19.783430
196.100,24.3726,150.0000,68.1250,67.8972,3637.58,0.014261,19.783430
196.200,24.3726,150.0000,68.0625,67.8939,3638.80,0.014276,19.783430
196.300,24.3726,150.0000,68.0625,67.8905,3639.94,0.014289,19.783430
196.400,24.3726,150.0000,68.1875,67.8872,3641.00,0.014302,19.783430
196.500,24.3726,150.0000,68.1250,67.8838,3641.99,0.014313,19.783430
196.600,24.3726,150.0000,68.1250,67.8805,3642.92,0.014324,19.783430
196.700,24.3726,150.0000,68.0000,67.8772,3643.78,0.014335,19.783430
196.800,24.3726,150.0000,68.0625,67.8738,3644.59,0.014344,19.783430
196.900,24.3726,150.0000,68.0625,67.8705,3645.34,0.014353,19.783430
197.000,24.3831,150.0000,68.0625,67.8672,3646.15,0.014363,19.885708
197.100,24.3831,150.0000,68.0625,67.8638,3646.91,0.014371,19.885708
197.200,24.3831,150.0000,68.0000,67.8605,3647.61,0.014380,19.885708
197.300,24.3831,150.0000,67.9375,67.8572,3648.27,0.014388,19.885708
197.400,24.3831,150.0000,68.0625,67.8539,3648.88,0.014395,19.885708
197.500,24.3831,150.0000,68.0625,67.8506,3649.45,0.014402,19.885708
197.600,24.3831,150.0000,68.0625,67.8473,3649.98,0.014408,19.885708
197.700,24.3831,150.0000,68.0625,67.8440,3650.48,0.014414,19.885708
197.800,24.3831,150.0000,68.0625,67.8407,3650.95,0.014419,19.885708
197.900,24.3831,150.0000,68.0625,67.8374,3651.38,0.014424,19.885708
198.000,24.4853,150.0000,68.1250,67.8341,3652.81,0.014441,19.987986
198.100,24.4853,150.0000,68.1250,67.8308,3654.14,0.014457,19.987986
198.200,24.4853,150.0000,68.1875,67.8275,3655.39,0.014472,19.987986
198.300,24.4853,150.0000,68.0000,67.8242,3656.55,0.014486,19.987986
198.400,24.4853,150.0000,68.0000,67.8209,3657.63,0.014499,19.987986
198.500,24.4853,150.0000,67.9375,67.8176,3658.64,0.014511,19.987986
198.600,24.4853,150.0000,68.0625,67.8143,3659.59,0.014522,19.987986
198.700,24.4853,150.0000,67.9375,67.8111,3660.47,0.014532,19.987986
198.800,24.4853,150.0000,67.9375,67.8078,3661.29,0.014542,19.987986
198.900,24.4853,150.0000,67.9375,67.8045,3662.06,0.014551,19.987986
199.000,24.3999,150.0000,67.9375,67.8012,3661.92,0.014550,20.086089
199.100,24.3999,150.0000,68.0625,67.7980,3661.79,0.014548,20.086089
199.200,24.3999,150.0000,68.0000,67.7947,3661.67,0.014547,20.086089
199.300,24.3999,150.0000,67.9375,67.7915,3661.56,0.014545,20.086089
199.400,24.3999,150.0000,68.0000,67.7882,3661.45,0.014544,20.086089
199.500,24.3999,150.0000,68.0000,67.7850,3661.35,0.014543,20.086089
199.600,24.3999,150.0000,68.0000,67.7818,3661.26,0.014542,20.086089
199.700,24.3999,150.0000,68.0000,67.7786,3661.18,0.014541,20.086089
199.800,24.3999,150.0000,67.9375,67.7754,3661.10,0.014540,20.086089
199.900,24.3999,150.0000,68.0000,67.7722,3661.02,0.014539,20.086089
200.000,24.5919,150.0000,68.0000,67.7690,3662.87,0.014561,20.186279
200.100,24.5919,150.0000,68.0000,67.7658,3664.60,0.014582,20.186279
200.200,24.5919,150.0000,67.9375,67.7626,3666.21,0.014601,20.186279
200.300,24.5919,150.0000,68.0000,67.7594,3667.72,0.014619,20.186279
200.400,24.5919,150.0000,68.0000,67.7561,3669.12,0.014636,20.186279
200.500,24.5919,150.0000,67.9375,67.7529,3670.43,0.014651,20.186279
200.600,24.5919,150.0000,68.0000,67.7497,3671.65,0.014666,20.186279
200.700,24.5919,150.0000,67.9375,67.7465,3672.80,0.014680,20.186279
200.800,24.5919,150.0000,67.9375,67.7433,3673.86,0.014692,20.186279
200.900,24.5919,150.0000,67.8125,67.7401,3674.86,0.014704,20.186279
201.000,24.4104,150.0000,67.8750,67.7369,3673.97,0.014694,20.280208
201.100,24.4104,150.0000,67.9375,67.7337,3673.14,0.014684,20.280208
201.200,24.4104,150.0000,67.8750,67.7306,3672.37,0.014675,20.280208
201.300,24.4104,150.0000,67.8750,67.7274,3671.65,0.014666,20.280208
201.400,24.4104,150.0000,67.8125,67.7243,3670.98,0.014658,20.280208
201.500,24.4104,150.0000,67.9375,67.7211,3670.35,0.014650,20.280208
201.600,24.4104,150.0000,67.8750,67.7180,3669.76,0.014643,20.280208
201.700,24.4104,150.0000,67.9375,67.7149,3669.22,0.014637,20.280208
201.800,24.4104,150.0000,67.9375,67.7118,3668.71,0.014631,20.280208
201.900,24.4104,150.0000,67.9375,67.7087,3668.23,0.014625,20.280208
202.000,24.6921,150.0000,67.9375,67.7056,3670.60,0.014653,20.378311
202.100,24.6921,150.0000,67.8750,67.7025,3672.82,0.014680,20.378311
202.200,24.6921,150.0000,67.9375,67.6994,3674.88,0.014705,20.378311
202.300,24.6921,150.0000,67.9375,67.6963,3676.81,0.014728,20.378311
202.400,24.6921,150.0000,67.8750,67.6931,3678.61,0.014750,20.378311
202.500,24.6921,150.0000,67.8750,67.6900,3680.29,0.014770,20.378311
202.600,24.6921,150.0000,67.8750,67.6869,3681.86,0.014789,20.378311
202.700,24.6921,150.0000,67.9375,67.6838,3683.33,0.014806,20.378311
202.800,24.6921,150.0000,67.9375,67.6806,3684.69,0.014823,20.378311
202.900,24.6921,150.0000,67.8750,67.6775,3685.97,0.014838,20.378311
203.000,24.6963,150.0000,67.9375,67.6744,3687.20,0.014853,20.474327
203.100,24.6963,150.0000,67.8125,67.6713,3688.35,0.014867,20.474327
203.200,24.6963,150.0000,67.8750,67.6682,3689.42,0.014880,20.474327
203.300,24.6963,150.0000,67.8125,67.6650,3690.42,0.014892,20.474327
203.400,24.6963,150.0000,67.8750,67.6619,3691.36,0.014903,20.474327
203.500,24.6963,150.0000,67.8125,67.6588,3692.23,0.014914,20.474327
203.600,24.6963,150.0000,67.8750,67.6557,3693.05,0.014924,20.474327
203.700,24.6963,150.0000,67.8750,67.6526,3693.81,0.014933,20.474327
203.800,24.6963,150.0000,67.8750,67.6495,3694.52,0.014942,20.474327
203.900,24.6963,150.0000,67.8750,67.6464,3695.18,0.014950,20.474327
204.000,24.7923,150.0000,67.8125,67.6433,3696.76,0.014969,20.570343
204.100,24.7923,150.0000,67.8125,67.6402,3698.23,0.014987,20.570343
204.200,24.7923,150.0000,67.8125,67.6370,3699.60,0.015003,20.570343
204.300,24.7923,150.0000,67.8125,67.6339,3700.89,0.015019,20.570343
204.400,24.7923,150.0000,67.7500,67.6308,3702.09,0.015034,20.570343
204.500,24.7923,150.0000,67.8750,67.6277,3703.20,0.015047,20.570343
204.600,24.7923,150.0000,67.8750,67.6246,3704.25,0.015060,20.570343
204.700,24.7923,150.0000,67.7500,67.6215,3705.22,0.015072,20.570343
204.800,24.7923,150.0000,67.7500,67.6184,3706.13,0.015083,20.570343
204.900,24.7923,150.0000,67.7500,67.6153,3706.98,0.015093,20.570343
205.000,24.7006,150.0000,67.8125,67.6122,3706.85,0.015092,20.662184
205.100,24.7006,150.0000,67.8125,67.6091,3706.73,0.015090,20.662184
205.200,24.7006,150.0000,67.8125,67.6061,3706.63,0.015089,20.662184
205.300,24.7006,150.0000,67.8750,67.6030,3706.52,0.015088,20.662184
205.400,24.7006,150.0000,67.7500,67.5999,3706.43,0.015087,20.662184
205.500,24.7006,150.0000,67.7500,67.5969,3706.34,0.015086,20.662184
205.600,24.7006,150.0000,67.7500,67.5938,3706.26,0.015085,20.662184
205.700,24.7006,150.0000,67.8125,67.5908,3706.18,0.015084,20.662184
205.800,24.7006,150.0000,67.8125,67.5878,3706.11,0.015083,20.662184
205.900,24.7006,150.0000,67.7500,67.5847,3706.04,0.015082,20.662184
206.000,24.7925,150.0000,67.7500,67.5817,3706.89,0.015092,20.754025
206.100,24.7925,150.0000,67.7500,67.5787,3707.69,0.015102,20.754025
206.200,24.7925,150.0000,67.7500,67.5757,3708.44,0.015111,20.754025
206.300,24.7925,150.0000,67.7500,67.5727,3709.13,0.015120,20.754025
206.400,24.7925,150.0000,67.8125,67.5696,3709.78,0.015128,20.754025
206.500,24.7925,150.0000,67.7500,67.5666,3710.39,0.015135,20.754025
206.600,24.7925,150.0000,67.7500,67.5636,3710.95,0.015142,20.754025
206.700,24.7925,150.0000,67.8125,67.5606,3711.48,0.015148,20.754025
206.800,24.7925,150.0000,67.6875,67.5576,3711.97,0.015154,20.754025
206.900,24.7925,150.0000,67.7500,67.5546,3712.43,0.015160,20.754025
207.000,24.8843,150.0000,67.6875,67.5516,3713.78,0.015177,20.845866
207.100,24.8843,150.0000,67.7500,67.5486,3715.04,0.015192,20.845866
207.200,24.8843,150.0000,67.6875,67.5457,3716.21,0.015206,20.845866
207.300,24.8843,150.0000,67.8125,67.5427,3717.31,0.015220,20.845866
207.400,24.8843,150.0000,67.6875,67.5397,3718.33,0.015232,20.845866
207.500,24.8843,150.0000,67.8125,67.5367,3719.29,0.015244,20.845866
207.600,24.8843,150.0000,67.6875,67.5337,3720.18,0.015255,20.845866
207.700,24.8843,150.0000,67.6875,67.5307,3721.01,0.015265,20.845866
207.800,24.8843,150.0000,67.8125,67.5277,3721.78,0.015275,20.845866
207.900,24.8843,150.0000,67.7500,67.5247,3722.51,0.015284,20.845866
208.000,24.9761,150.0000,67.6250,67.5217,3724.10,0.015304,20.937707
208.100,24.9761,150.0000,67.7500,67.5188,3725.59,0.015322,20.937707
208.200,24.9761,150.0000,67.6875,67.5158,3726.98,0.015339,20.937707
208.300,24.9761,150.0000,67.6250,67.5128,3728.27,0.015355,20.937707
208.400,24.9761,150.0000,67.6250,67.5098,3729.48,0.015370,20.937707
208.500,24.9761,150.0000,67.7500,67.5068,3730.61,0.015384,20.937707
208.600,24.9761,150.0000,67.7500,67.5038,3731.67,0.015397,20.937707
208.700,24.9761,150.0000,67.6250,67.5009,3732.65,0.015409,20.937707
208.800,24.9761,150.0000,67.7500,67.4979,3733.57,0.015421,20.937707
208.900,24.9761,150.0000,67.6875,67.4949,3734.43,0.015431,20.937707
209.000,24.9741,150.0000,67.6875,67.4919,3735.21,0.015441,21.027461
209.100,24.9741,150.0000,67.6250,67.4889,3735.93,0.015450,21.027461
209.200,24.9741,150.0000,67.6875,67.4860,3736.61,0.015458,21.027461
209.300,24.9741,150.0000,67.6875,67.4830,3737.25,0.015466,21.027461
209.400,24.9741,150.0000,67.7500,67.4800,3737.84,0.015473,21.027461
209.500,24.9741,150.0000,67.5625,67.4771,3738.39,0.015480,21.027461
209.600,24.9741,150.0000,67.6250,67.4741,3738.90,0.015487,21.027461
209.700,24.9741,150.0000,67.6875,67.4712,3739.39,0.015493,21.027461
209.800,24.9741,150.0000,67.6875,67.4682,3739.83,0.015498,21.027461
209.900,24.9741,150.0000,67.6250,67.4653,3740.25,0.015503,21.027461
210.000,24.9700,150.0000,67.6250,67.4623,3740.60,0.015508,21.115128
210.100,24.9700,150.0000,67.6875,67.4594,3740.93,0.015512,21.115128
210.200,24.9700,150.0000,67.6250,67.4565,3741.23,0.015516,21.115128
210.300,24.9700,150.0000,67.6250,67.4535,3741.52,0.015519,21.115128
210.400,24.9700,150.0000,67.6250,67.4506,3741.78,0.015523,21.115128
210.500,24.9700,150.0000,67.6250,67.4477,3742.03,0.015526,21.115128
210.600,24.9700,150.0000,67.6250,67.4448,3742.26,0.015528,21.115128
210.700,24.9700,150.0000,67.6250,67.4419,3742.48,0.015531,21.115128
210.800,24.9700,150.0000,67.6250,67.4390,3742.68,0.015534,21.115128
210.900,24.9700,150.0000,67.6250,67.4361,3742.87,0.015536,21.115128
211.000,25.0577,150.0000,67.6875,67.4332,3743.92,0.015549,21.202794
211.100,25.0577,150.0000,67.5000,67.4303,3744.90,0.015561,21.202794
211.200,25.0577,150.0000,67.6875,67.4274,3745.82,0.015573,21.202794
211.300,25.0577,150.0000,67.5625,67.4245,3746.67,0.015583,21.202794
211.400,25.0577,150.0000,67.5000,67.4216,3747.47,0.015593,21.202794
211.500,25.0577,150.0000,67.5625,67.4188,3748.22,0.015603,21.202794
211.600,25.0577,150.0000,67.5625,67.4159,3748.91,0.015611,21.202794
211.700,25.0577,150.0000,67.5625,67.4130,3749.56,0.015620,21.202794
211.800,25.0577,150.0000,67.6250,67.4101,3750.17,0.015627,21.202794
211.900,25.0577,150.0000,67.6250,67.4072,3750.73,0.015634,21.202794
212.000,25.1453,150.0000,67.5625,67.4044,3752.14,0.015652,21.290461
212.100,25.1453,150.0000,67.5625,67.4015,3753.45,0.015668,21.290461
212.200,25.1453,150.0000,67.5625,67.3986,3754.67,0.015683,21.290461
212.300,25.1453,150.0000,67.6250,67.3957,3755.81,0.015698,21.290461
212.400,25.1453,150.0000,67.6250,67.3929,3756.88,0.015711,21.290461
212.500,25.1453,150.0000,67.5000,67.3900,3757.87,0.015724,21.290461
212.600,25.1453,150.0000,67.5000,67.3871,3758.80,0.015735,21.290461
212.700,25.1453,150.0000,67.6250,67.3843,3759.67,0.015746,21.290461
212.800,25.1453,150.0000,67.5625,67.3814,3760.48,0.015756,21.290461
212.900,25.1453,150.0000,67.5000,67.3785,3761.23,0.015766,21.290461
213.000,25.0453,150.0000,67.5625,67.3757,3760.94,0.015762,21.373953
213.100,25.0453,150.0000,67.5625,67.3728,3760.66,0.015759,21.373953
213.200,25.0453,150.0000,67.5000,67.3700,3760.40,0.015755,21.373953
213.300,25.0453,150.0000,67.5000,67.3671,3760.16,0.015752,21.373953
213.400,25.0453,150.0000,67.5000,67.3643,3759.94,0.015750,21.373953
213.500,25.0453,150.0000,67.5625,67.3615,3759.73,0.015747,21.373953
213.600,25.0453,150.0000,67.5000,67.3587,3759.53,0.015744,21.373953
213.700,25.0453,150.0000,67.5000,67.3559,3759.35,0.015742,21.373953
213.800,25.0453,150.0000,67.5000,67.3531,3759.18,0.015740,21.373953
213.900,25.0453,150.0000,67.5625,67.3503,3759.02,0.015738,21.373953
214.000,25.2226,150.0000,67.5000,67.3475,3760.64,0.015758,21.459532
214.100,25.2226,150.0000,67.5625,67.3447,3762.16,0.015777,21.459532
214.200,25.2226,150.0000,67.5000,67.3419,3763.58,0.015795,21.459532
214.300,25.2226,150.0000,67.4375,67.3391,3764.90,0.015812,21.459532
214.400,25.2226,150.0000,67.5000,67.3363,3766.13,0.015827,21.459532
214.500,25.2226,150.0000,67.5625,67.3335,3767.28,0.015842,21.459532
214.600,25.2226,150.0000,67.4375,67.3307,3768.36,0.015856,21.459532
214.700,25.2226,150.0000,67.5000,67.3279,3769.36,0.015868,21.459532
214.800,25.2226,150.0000,67.4375,67.3251,3770.29,0.015880,21.459532
214.900,25.2226,150.0000,67.4375,67.3223,3771.17,0.015891,21.459532
215.000,25.1205,150.0000,67.5000,67.3195,3770.96,0.015888,21.540937
215.100,25.1205,150.0000,67.5000,67.3168,3770.77,0.015886,21.540937
215.200,25.1205,150.0000,67.5625,67.3140,3770.59,0.015884,21.540937
215.300,25.1205,150.0000,67.5000,67.3112,3770.42,0.015882,21.540937
215.400,25.1205,150.0000,67.4375,67.3085,3770.26,0.015880,21.540937
215.500,25.1205,150.0000,67.4375,67.3057,3770.12,0.015878,21.540937
215.600,25.1205,150.0000,67.5625,67.3030,3769.98,0.015876,21.540937
215.700,25.1205,150.0000,67.4375,67.3002,3769.85,0.015874,21.540937
215.800,25.1205,150.0000,67.4375,67.2975,3769.73,0.015873,21.540937
215.900,25.1205,150.0000,67.5625,67.2948,3769.62,0.015872,21.540937
216.000,25.3896,150.0000,67.5000,67.2921,3772.21,0.015904,21.626516
216.100,25.3896,150.0000,67.3750,67.2893,3774.63,0.015935,21.626516
216.200,25.3896,150.0000,67.5625,67.2866,3776.88,0.015963,21.626516
216.300,25.3896,150.0000,67.5000,67.2838,3778.98,0.015990,21.626516
216.400,25.3896,150.0000,67.4375,67.2811,3780.95,0.016015,21.626516
216.500,25.3896,150.0000,67.5000,67.2783,3782.78,0.016038,21.626516
216.600,25.3896,150.0000,67.3750,67.2755,3784.49,0.016060,21.626516
216.700,25.3896,150.0000,67.4375,67.2728,3786.09,0.016080,21.626516
216.800,25.3896,150.0000,67.5000,67.2700,3787.58,0.016099,21.626516
216.900,25.3896,150.0000,67.4375,67.2672,3788.97,0.016117,21.626516
217.000,25.2874,150.0000,67.3750,67.2645,3789.25,0.016121,21.707921
217.100,25.2874,150.0000,67.3750,67.2617,3789.50,0.016124,21.707921
217.200,25.2874,150.0000,67.3750,67.2590,3789.75,0.016127,21.707921
217.300,25.2874,150.0000,67.4375,67.2562,3789.97,0.016130,21.707921
217.400,25.2874,150.0000,67.3750,67.2535,3790.18,0.016133,21.707921
217.500,25.2874,150.0000,67.4375,67.2507,3790.38,0.016135,21.707921
217.600,25.2874,150.0000,67.3750,67.2480,3790.56,0.016137,21.707921
217.700,25.2874,150.0000,67.3750,67.2453,3790.73,0.016140,21.707921
217.800,25.2874,150.0000,67.5000,67.2426,3790.89,0.016142,21.707921
217.900,25.2874,150.0000,67.3125,67.2398,3791.04,0.016144,21.707921
218.000,25.1811,150.0000,67.3750,67.2371,3790.11,0.016132,21.785151
218.100,25.1811,150.0000,67.3750,67.2344,3789.25,0.016121,21.785151
218.200,25.1811,150.0000,67.4375,67.2318,3788.44,0.016110,21.785151
218.300,25.1811,150.0000,67.3750,67.2291,3787.69,0.016101,21.785151
218.400,25.1811,150.0000,67.3750,67.2264,3786.99,0.016092,21.785151
218.500,25.1811,150.0000,67.3750,67.2238,3786.34,0.016084,21.785151
218.600,25.1811,150.0000,67.4375,67.2211,3785.72,0.016076,21.785151
218.700,25.1811,150.0000,67.3750,67.2185,3785.15,0.016069,21.785151
218.800,25.1811,150.0000,67.3750,67.2158,3784.62,0.016062,21.785151
218.900,25.1811,150.0000,67.4375,67.2132,3784.12,0.016055,21.785151
219.000,25.4461,150.0000,67.4375,67.2106,3786.31,0.016083,21.866556
219.100,25.4461,150.0000,67.4375,67.2080,3788.35,0.016109,21.866556
219.200,25.4461,150.0000,67.4375,67.2053,3790.25,0.016134,21.866556
219.300,25.4461,150.0000,67.3750,67.2027,3792.03,0.016156,21.866556
219.400,25.4461,150.0000,67.3125,67.2000,3793.69,0.016178,21.866556
219.500,25.4461,150.0000,67.3750,67.1974,3795.24,0.016197,21.866556
219.600,25.4461,150.0000,67.3125,67.1947,3796.68,0.016216,21.866556
219.700,25.4461,150.0000,67.3125,67.1921,3798.03,0.016233,21.866556
219.800,25.4461,150.0000,67.3750,67.1894,3799.29,0.016249,21.866556
219.900,25.4461,150.0000,67.4375,67.1868,3800.47,0.016264,21.866556
220.000,25.5275,150.0000,67.3125,67.1841,3802.38,0.016289,21.947961
220.100,25.5275,150.0000,67.3125,67.1815,3804.16,0.016312,21.947961
220.200,25.5275,150.0000,67.3750,67.1788,3805.82,0.016333,21.947961
220.300,25.5275,150.0000,67.3750,67.1762,3807.38,0.016353,21.947961
220.400,25.5275,150.0000,67.3750,67.1735,3808.83,0.016372,21.947961
220.500,25.5275,150.0000,67.3750,67.1708,3810.18,0.016389,21.947961
220.600,25.5275,150.0000,67.3125,67.1682,3811.44,0.016406,21.947961
220.700,25.5275,150.0000,67.3750,67.1655,3812.62,0.016421,21.947961
220.800,25.5275,150.0000,67.3125,67.1628,3813.72,0.016435,21.947961
220.900,25.5275,150.0000,67.3750,67.1602,3814.75,0.016448,21.947961
221.000,25.5150,150.0000,67.3750,67.1575,3815.58,0.016459,22.027278
221.100,25.5150,150.0000,67.3750,67.1548,3816.36,0.016469,22.027278
221.200,25.5150,150.0000,67.3125,67.1522,3817.09,0.016479,22.027278
221.300,25.5150,150.0000,67.3750,67.1495,3817.76,0.016487,22.027278
221.400,25.5150,150.0000,67.3125,67.1468,3818.40,0.016496,22.027278
221.500,25.5150,150.0000,67.3125,67.1442,3818.99,0.016503,22.027278
221.600,25.5150,150.0000,67.2500,67.1415,3819.54,0.016510,22.027278
221.700,25.5150,150.0000,67.3750,67.1389,3820.05,0.016517,22.027278
221.800,25.5150,150.0000,67.2500,67.1362,3820.53,0.016523,22.027278
221.900,25.5150,150.0000,67.3125,67.1336,3820.98,0.016529,22.027278
222.000,25.5005,150.0000,67.2500,67.1310,3821.25,0.016533,22.104508
222.100,25.5005,150.0000,67.2500,67.1283,3821.51,0.016536,22.104508
222.200,25.5005,150.0000,67.2500,67.1257,3821.75,0.016539,22.104508
222.300,25.5005,150.0000,67.3125,67.1231,3821.97,0.016542,22.104508
222.400,25.5005,150.0000,67.3125,67.1205,3822.17,0.016545,22.104508
222.500,25.5005,150.0000,67.1875,67.1178,3822.37,0.016547,22.104508
222.600,25.5005,150.0000,67.3125,67.1152,3822.55,0.016549,22.104508
222.700,25.5005,150.0000,67.2500,67.1126,3822.72,0.016552,22.104508
222.800,25.5005,150.0000,67.1875,67.1100,3822.87,0.016554,22.104508
222.900,25.5005,150.0000,67.3125,67.1074,3823.02,0.016556,22.104508
223.000,25.5777,150.0000,67.2500,67.1048,3823.93,0.016567,22.181738
223.100,25.5777,150.0000,67.3125,67.1022,3824.78,0.016578,22.181738
223.200,25.5777,150.0000,67.1875,67.0997,3825.57,0.016589,22.181738
223.300,25.5777,150.0000,67.1875,67.0971,3826.31,0.016598,22.181738
223.400,25.5777,150.0000,67.3125,67.0945,3827.00,0.016607,22.181738
223.500,25.5777,150.0000,67.2500,67.0919,3827.64,0.016616,22.181738
223.600,25.5777,150.0000,67.2500,67.0893,3828.24,0.016624,22.181738
223.700,25.5777,150.0000,67.1250,67.0867,3828.80,0.016631,22.181738
223.800,25.5777,150.0000,67.2500,67.0842,3829.33,0.016638,22.181738
223.900,25.5777,150.0000,67.2500,67.0816,3829.82,0.016644,22.181738
224.000,25.5611,150.0000,67.3125,67.0790,3830.10,0.016648,22.256881
224.100,25.5611,150.0000,67.1875,67.0764,3830.37,0.016651,22.256881
224.200,25.5611,150.0000,67.1875,67.0739,3830.63,0.016655,22.256881
224.300,25.5611,150.0000,67.1875,67.0713,3830.86,0.016658,22.256881
224.400,25.5611,150.0000,67.2500,67.0688,3831.08,0.016661,22.256881
224.500,25.5611,150.0000,67.2500,67.0662,3831.29,0.016663,22.256881
224.600,25.5611,150.0000,67.1875,67.0637,3831.48,0.016666,22.256881
224.700,25.5611,150.0000,67.1250,67.0611,3831.66,0.016668,22.256881
224.800,25.5611,150.0000,67.1875,67.0586,3831.82,0.016670,22.256881
224.900,25.5611,150.0000,67.1250,67.0561,3831.98,0.016672,22.256881
225.000,25.4485,150.0000,67.1875,67.0536,3831.00,0.016660,22.327849
225.100,25.4485,150.0000,67.1875,67.0511,3830.08,0.016648,22.327849
225.200,25.4485,150.0000,67.0625,67.0486,3829.23,0.016636,22.327849
225.300,25.4485,150.0000,67.3125,67.0461,3828.43,0.016626,22.327849
225.400,25.4485,150.0000,67.1875,67.0436,3827.69,0.016616,22.327849
225.500,25.4485,150.0000,67.3125,67.0411,3826.99,0.016607,22.327849
225.600,25.4485,150.0000,67.1875,67.0387,3826.35,0.016599,22.327849
225.700,25.4485,150.0000,67.1875,67.0362,3825.74,0.016591,22.327849
225.800,25.4485,150.0000,67.1250,67.0338,3825.18,0.016584,22.327849
225.900,25.4485,150.0000,67.1250,67.0313,3824.65,0.016577,22.327849
226.000,25.5194,150.0000,67.1250,67.0289,3824.87,0.016580,22.398817
226.100,25.5194,150.0000,67.1250,67.0265,3825.07,0.016582,22.398817
226.200,25.5194,150.0000,67.1875,67.0241,3825.26,0.016585,22.398817
226.300,25.5194,150.0000,67.1250,67.0216,3825.44,0.016587,22.398817
226.400,25.5194,150.0000,67.1250,67.0192,3825.60,0.016589,22.398817
226.500,25.5194,150.0000,67.1875,67.0168,3825.76,0.016591,22.398817
226.600,25.5194,150.0000,67.1875,67.0144,3825.90,0.016593,22.398817
226.700,25.5194,150.0000,67.1250,67.0120,3826.03,0.016595,22.398817
226.800,25.5194,150.0000,67.1875,67.0096,3826.16,0.016596,22.398817
226.900,25.5194,150.0000,67.1250,67.0072,3826.28,0.016598,22.398817
227.000,25.5904,150.0000,67.1250,67.0049,3827.10,0.016609,22.469786
227.100,25.5904,150.0000,67.1250,67.0025,3827.86,0.016619,22.469786
227.200,25.5904,150.0000,67.1875,67.0001,3828.57,0.016628,22.469786
227.300,25.5904,150.0000,67.1875,66.9977,3829.24,0.016637,22.469786
227.400,25.5904,150.0000,67.2500,66.9953,3829.86,0.016645,22.469786
227.500,25.5904,150.0000,67.1250,66.9929,3830.44,0.016652,22.469786
227.600,25.5904,150.0000,67.0625,66.9906,3830.98,0.016659,22.469786
227.700,25.5904,150.0000,67.1250,66.9882,3831.49,0.016666,22.469786
227.800,25.5904,150.0000,67.1250,66.9858,3831.96,0.016672,22.469786
227.900,25.5904,150.0000,67.0625,66.9834,3832.40,0.016678,22.469786
228.000,25.5675,150.0000,67.1875,66.9811,3832.58,0.016680,22.538667
228.100,25.5675,150.0000,67.2500,66.9787,3832.75,0.016682,22.538667
228.200,25.5675,150.0000,67.1250,66.9764,3832.91,0.016684,22.538667
228.300,25.5675,150.0000,67.1250,66.9740,3833.06,0.016686,22.538667
228.400,25.5675,150.0000,67.1250,66.9717,3833.19,0.016688,22.538667
228.500,25.5675,150.0000,67.1250,66.9693,3833.32,0.016690,22.538667
228.600,25.5675,150.0000,67.0625,66.9670,3833.44,0.016691,22.538667
228.700,25.5675,150.0000,67.1875,66.9646,3833.55,0.016693,22.538667
228.800,25.5675,150.0000,67.0000,66.9623,3833.66,0.016694,22.538667
228.900,25.5675,150.0000,67.1250,66.9600,3833.76,0.016696,22.538667
229.000,25.7302,150.0000,67.1250,66.9577,3835.48,0.016718,22.609635
229.100,25.7302,150.0000,67.0625,66.9553,3837.08,0.016739,22.609635
229.200,25.7302,150.0000,67.1250,66.9530,3838.58,0.016759,22.609635
229.300,25.7302,150.0000,67.0625,66.9507,3839.97,0.016777,22.609635
229.400,25.7302,150.0000,67.0625,66.9483,3841.28,0.016794,22.609635
229.500,25.7302,150.0000,67.0625,66.9460,3842.50,0.016810,22.609635
229.600,25.7302,150.0000,67.0625,66.9436,3843.63,0.016825,22.609635
229.700,25.7302,150.0000,67.0625,66.9413,3844.69,0.016839,22.609635
229.800,25.7302,150.0000,67.0625,66.9390,3845.68,0.016852,22.609635
229.900,25.7302,150.0000,67.0625,66.9366,3846.61,0.016864,22.609635
230.000,25.7073,150.0000,67.1250,66.9343,3847.24,0.016872,22.678516
230.100,25.7073,150.0000,67.0625,66.9319,3847.83,0.016880,22.678516
230.200,25.7073,150.0000,67.1250,66.9296,3848.38,0.016887,22.678516
230.300,25.7073,150.0000,67.1250,66.9273,3848.90,0.016894,22.678516
230.400,25.7073,150.0000,67.1875,66.9249,3849.38,0.016900,22.678516
230.500,25.7073,150.0000,67.0000,66.9226,3849.82,0.016906,22.678516
230.600,25.7073,150.0000,67.1250,66.9203,3850.24,0.016912,22.678516
230.700,25.7073,150.0000,67.0625,66.9180,3850.63,0.016917,22.678516
230.800,25.7073,150.0000,67.0625,66.9156,3851.00,0.016922,22.678516
230.900,25.7073,150.0000,67.1250,66.9133,3851.34,0.016926,22.678516
231.000,25.8701,150.0000,67.1250,66.9110,3853.28,0.016952,22.749484
231.100,25.8701,150.0000,67.0625,66.9087,3855.10,0.016976,22.749484
231.200,25.8701,150.0000,67.0000,66.9064,3856.79,0.016998,22.749484
231.300,25.8701,150.0000,67.0625,66.9040,3858.37,0.017019,22.749484
231.400,25.8701,150.0000,67.1250,66.9017,3859.85,0.017039,22.749484
231.500,25.8701,150.0000,67.0000,66.8993,3861.23,0.017057,22.749484
231.600,25.8701,150.0000,67.0000,66.8970,3862.51,0.017074,22.749484
231.700,25.8701,150.0000,67.0000,66.8947,3863.71,0.017090,22.749484
231.800,25.8701,150.0000,67.0625,66.8923,3864.83,0.017105,22.749484
231.900,25.8701,150.0000,67.0000,66.8900,3865.88,0.017119,22.749484
232.000,25.7533,150.0000,67.0625,66.8877,3865.69,0.017116,22.816277
232.100,25.7533,150.0000,67.0000,66.8853,3865.51,0.017114,22.816277
232.200,25.7533,150.0000,67.0625,66.8830,3865.34,0.017112,22.816277
232.300,25.7533,150.0000,67.0625,66.8807,3865.18,0.017109,22.816277
232.400,25.7533,150.0000,67.0625,66.8784,3865.04,0.017108,22.816277
232.500,25.7533,150.0000,67.0625,66.8761,3864.90,0.017106,22.816277
232.600,25.7533,150.0000,66.9375,66.8738,3864.78,0.017104,22.816277
232.700,25.7533,150.0000,66.9375,66.8715,3864.66,0.017102,22.816277
232.800,25.7533,150.0000,67.0625,66.8692,3864.55,0.017101,22.816277
232.900,25.7533,150.0000,67.0625,66.8669,3864.44,0.017100,22.816277
233.000,25.9140,150.0000,66.9375,66.8646,3865.95,0.017120,22.885158
233.100,25.9140,150.0000,67.0625,66.8623,3867.36,0.017138,22.885158
233.200,25.9140,150.0000,67.0625,66.8600,3868.68,0.017156,22.885158
233.300,25.9140,150.0000,67.0625,66.8578,3869.91,0.017172,22.885158
233.400,25.9140,150.0000,66.9375,66.8555,3871.05,0.017188,22.885158
233.500,25.9140,150.0000,67.0000,66.8532,3872.12,0.017202,22.885158
233.600,25.9140,150.0000,66.9375,66.8509,3873.12,0.017215,22.885158
233.700,25.9140,150.0000,67.0000,66.8486,3874.05,0.017228,22.885158
233.800,25.9140,150.0000,66.8750,66.8463,3874.92,0.017239,22.885158
233.900,25.9140,150.0000,67.0625,66.8440,3875.73,0.017250,22.885158
234.000,25.9829,150.0000,66.9375,66.8417,3877.18,0.017269,22.954039
234.100,25.9829,150.0000,67.0625,66.8394,3878.53,0.017287,22.954039
234.200,25.9829,150.0000,67.0625,66.8371,3879.79,0.017304,22.954039
234.300,25.9829,150.0000,67.0000,66.8348,3880.97,0.017320,22.954039
234.400,25.9829,150.0000,66.9375,66.8325,3882.06,0.017335,22.954039
234.500,25.9829,150.0000,67.0000,66.8302,3883.09,0.017348,22.954039
234.600,25.9829,150.0000,67.0000,66.8279,3884.05,0.017361,22.954039
234.700,25.9829,150.0000,66.9375,66.8256,3884.94,0.017373,22.954039
234.800,25.9829,150.0000,67.0000,66.8233,3885.77,0.017384,22.954039
234.900,25.9829,150.0000,67.0000,66.8210,3886.55,0.017395,22.954039
235.000,25.9579,150.0000,67.0000,66.8187,3887.02,0.017401,23.020833
235.100,25.9579,150.0000,66.9375,66.8164,3887.47,0.017407,23.020833
235.200,25.9579,150.0000,67.0000,66.8141,3887.88,0.017413,23.020833
235.300,25.9579,150.0000,66.9375,66.8118,3888.27,0.017418,23.020833
235.400,25.9579,150.0000,66.9375,66.8096,3888.63,0.017423,23.020833
235.500,25.9579,150.0000,66.9375,66.8073,3888.97,0.017427,23.020833
235.600,25.9579,150.0000,66.9375,66.8050,3889.28,0.017431,23.020833
235.700,25.9579,150.0000,66.9375,66.8027,3889.57,0.017435,23.020833
235.800,25.9579,150.0000,67.0000,66.8005,3889.85,0.017439,23.020833
235.900,25.9579,150.0000,66.8750,66.7982,3890.10,0.017443,23.020833
236.000,25.8369,150.0000,67.0000,66.7959,3889.13,0.017429,23.083452
236.100,25.8369,150.0000,66.9375,66.7937,3888.23,0.017417,23.083452
236.200,25.8369,150.0000,66.9375,66.7914,3887.38,0.017406,23.083452
236.300,25.8369,150.0000,66.9375,66.7892,3886.59,0.017395,23.083452
236.400,25.8369,150.0000,66.8750,66.7870,3885.85,0.017385,23.083452
236.500,25.8369,150.0000,67.0000,66.7848,3885.17,0.017376,23.083452
236.600,25.8369,150.0000,66.8750,66.7826,3884.53,0.017368,23.083452
236.700,25.8369,150.0000,66.9375,66.7804,3883.93,0.017360,23.083452
236.800,25.8369,150.0000,66.9375,66.7782,3883.37,0.017352,23.083452
236.900,25.8369,150.0000,66.9375,66.7760,3882.85,0.017345,23.083452
237.000,25.9934,150.0000,66.8750,66.7738,3883.92,0.017360,23.148158
237.100,25.9934,150.0000,66.9375,66.7717,3884.93,0.017373,23.148158
237.200,25.9934,150.0000,66.8125,66.7695,3885.87,0.017386,23.148158
237.300,25.9934,150.0000,66.8750,66.7673,3886.74,0.017397,23.148158
237.400,25.9934,150.0000,66.7500,66.7651,3887.56,0.017408,23.148158
237.500,25.9934,150.0000,66.9375,66.7629,3888.33,0.017419,23.148158
237.600,25.9934,150.0000,66.8750,66.7608,3889.04,0.017428,23.148158
237.700,25.9934,150.0000,66.8750,66.7586,3889.70,0.017437,23.148158
237.800,25.9934,150.0000,66.8750,66.7564,3890.32,0.017446,23.148158
237.900,25.9934,150.0000,66.8750,66.7542,3890.90,0.017453,23.148158
238.000,25.9643,150.0000,66.8750,66.7521,3891.15,0.017457,23.210777
238.100,25.9643,150.0000,66.9375,66.7499,3891.38,0.017460,23.210777
238.200,25.9643,150.0000,66.8125,66.7477,3891.60,0.017463,23.210777
238.300,25.9643,150.0000,66.8125,66.7456,3891.80,0.017465,23.210777
238.400,25.9643,150.0000,66.8750,66.7434,3891.99,0.017468,23.210777
238.500,25.9643,150.0000,66.8750,66.7413,3892.17,0.017470,23.210777
238.600,25.9643,150.0000,66.8750,66.7391,3892.33,0.017473,23.210777
238.700,25.9643,150.0000,66.8750,66.7370,3892.49,0.017475,23.210777
238.800,25.9643,150.0000,66.8750,66.7349,3892.63,0.017477,23.210777
238.900,25.9643,150.0000,66.8750,66.7327,3892.77,0.017478,23.210777
239.000,26.0269,150.0000,66.8125,66.7306,3893.52,0.017488,23.273396
239.100,26.0269,150.0000,66.8750,66.7284,3894.22,0.017498,23.273396
239.200,26.0269,150.0000,66.8125,66.7263,3894.87,0.017507,23.273396
239.300,26.0269,150.0000,66.9375,66.7242,3895.48,0.017515,23.273396
239.400,26.0269,150.0000,66.8750,66.7221,3896.05,0.017523,23.273396
239.500,26.0269,150.0000,66.9375,66.7199,3896.58,0.017530,23.273396
239.600,26.0269,150.0000,66.8125,66.7178,3897.08,0.017537,23.273396
239.700,26.0269,150.0000,66.7500,66.7157,3897.54,0.017543,23.273396
239.800,26.0269,150.0000,66.8750,66.7136,3897.98,0.017549,23.273396
239.900,26.0269,150.0000,66.8750,66.7114,3898.38,0.017554,23.273396
240.000,26.0895,150.0000,66.8750,66.7093,3899.38,0.017568,23.336015
240.100,26.0895,150.0000,66.8125,66.7072,3900.32,0.017580,23.336015
240.200,26.0895,150.0000,66.8125,66.7051,3901.19,0.017592,23.336015
240.300,26.0895,150.0000,66.8750,66.7030,3902.01,0.017603,23.336015
240.400,26.0895,150.0000,66.8750,66.7008,3902.77,0.017613,23.336015
240.500,26.0895,150.0000,66.8125,66.6987,3903.48,0.017623,23.336015
240.600,26.0895,150.0000,66.8125,66.6966,3904.14,0.017632,23.336015
240.700,26.0895,150.0000,66.8125,66.6945,3904.76,0.017640,23.336015
240.800,26.0895,150.0000,66.8750,66.6924,3905.34,0.017648,23.336015
240.900,26.0895,150.0000,66.7500,66.6903,3905.88,0.017656,23.336015
241.000,25.9644,150.0000,66.8125,66.6882,3905.13,0.017645,23.394460
241.100,25.9644,150.0000,66.8750,66.6861,3904.43,0.017636,23.394460
241.200,25.9644,150.0000,66.8125,66.6840,3903.78,0.017627,23.394460
241.300,25.9644,150.0000,66.8125,66.6819,3903.17,0.017619,23.394460
241.400,25.9644,150.0000,66.8125,66.6798,3902.60,0.017611,23.394460
241.500,25.9644,150.0000,66.8125,66.6778,3902.07,0.017604,23.394460
241.600,25.9644,150.0000,66.7500,66.6757,3901.58,0.017597,23.394460
241.700,25.9644,150.0000,66.8125,66.6737,3901.12,0.017591,23.394460
241.800,25.9644,150.0000,66.8125,66.6716,3900.69,0.017585,23.394460
241.900,25.9644,150.0000,66.7500,66.6696,3900.29,0.017580,23.394460
242.000,26.0228,150.0000,66.8125,66.6676,3900.49,0.017583,23.452904
242.100,26.0228,150.0000,66.8125,66.6655,3900.69,0.017585,23.452904
242.200,26.0228,150.0000,66.8750,66.6635,3900.87,0.017588,23.452904
242.300,26.0228,150.0000,66.8750,66.6615,3901.04,0.017590,23.452904
242.400,26.0228,150.0000,66.7500,66.6595,3901.20,0.017592,23.452904
242.500,26.0228,150.0000,66.8125,66.6575,3901.35,0.017594,23.452904
242.600,26.0228,150.0000,66.7500,66.6555,3901.49,0.017596,23.452904
242.700,26.0228,150.0000,66.8125,66.6534,3901.62,0.017598,23.452904
242.800,26.0228,150.0000,66.7500,66.6514,3901.74,0.017599,23.452904
242.900,26.0228,150.0000,66.8750,66.6494,3901.85,0.017601,23.452904
243.000,26.2690,150.0000,66.6875,66.6474,3904.42,0.017636,23.515523
243.100,26.2690,150.0000,66.6875,66.6454,3906.81,0.017668,23.515523
243.200,26.2690,150.0000,66.7500,66.6434,3909.05,0.017699,23.515523
243.300,26.2690,150.0000,66.8125,66.6414,3911.13,0.017727,23.515523
243.400,26.2690,150.0000,66.8125,66.6393,3913.08,0.017753,23.515523
243.500,26.2690,150.0000,66.8125,66.6373,3914.90,0.017778,23.515523
243.600,26.2690,150.0000,66.6875,66.6352,3916.60,0.017801,23.515523
243.700,26.2690,150.0000,66.7500,66.6332,3918.18,0.017823,23.515523
243.800,26.2690,150.0000,66.7500,66.6311,3919.66,0.017843,23.515523
243.900,26.2690,150.0000,66.6875,66.6291,3921.04,0.017862,23.515523
244.000,26.0500,150.0000,66.6875,66.6270,3920.14,0.017850,23.571880
244.100,26.0500,150.0000,66.8125,66.6250,3919.29,0.017838,23.571880
244.200,26.0500,150.0000,66.8125,66.6230,3918.51,0.017827,23.571880
244.300,26.0500,150.0000,66.7500,66.6209,3917.77,0.017817,23.571880
244.400,26.0500,150.0000,66.6875,66.6189,3917.09,0.017808,23.571880
244.500,26.0500,150.0000,66.6875,66.6169,3916.45,0.017799,23.571880
244.600,26.0500,150.0000,66.7500,66.6149,3915.85,0.017791,23.571880
244.700,26.0500,150.0000,66.6875,66.6129,3915.30,0.017784,23.571880
244.800,26.0500,150.0000,66.7500,66.6110,3914.78,0.017777,23.571880
244.900,26.0500,150.0000,66.6875,66.6090,3914.29,0.017770,23.571880
245.000,26.1064,150.0000,66.8750,66.6070,3914.40,0.017771,23.628237
245.100,26.1064,150.0000,66.6875,66.6050,3914.51,0.017773,23.628237
245.200,26.1064,150.0000,66.7500,66.6031,3914.60,0.017774,23.628237
245.300,26.1064,150.0000,66.7500,66.6011,3914.69,0.017775,23.628237
245.400,26.1064,150.0000,66.6875,66.5992,3914.78,0.017777,23.628237
245.500,26.1064,150.0000,66.6250,66.5972,3914.86,0.017778,23.628237
245.600,26.1064,150.0000,66.6875,66.5953,3914.93,0.017779,23.628237
245.700,26.1064,150.0000,66.7500,66.5933,3915.00,0.017780,23.628237
245.800,26.1064,150.0000,66.7500,66.5914,3915.06,0.017780,23.628237
245.900,26.1064,150.0000,66.6875,66.5894,3915.12,0.017781,23.628237
246.000,26.1627,150.0000,66.8750,66.5875,3915.74,0.017790,23.684594
246.100,26.1627,150.0000,66.6875,66.5856,3916.32,0.017798,23.684594
246.200,26.1627,150.0000,66.7500,66.5836,3916.86,0.017805,23.684594
246.300,26.1627,150.0000,66.7500,66.5817,3917.36,0.017812,23.684594
246.400,26.1627,150.0000,66.7500,66.5798,3917.83,0.017818,23.684594
246.500,26.1627,150.0000,66.6875,66.5779,3918.27,0.017824,23.684594
246.600,26.1627,150.0000,66.6875,66.5759,3918.68,0.017830,23.684594
246.700,26.1627,150.0000,66.6875,66.5740,3919.06,0.017835,23.684594
246.800,26.1627,150.0000,66.6875,66.5721,3919.42,0.017840,23.684594
246.900,26.1627,150.0000,66.7500,66.5702,3919.75,0.017844,23.684594
247.000,26.3130,150.0000,66.6875,66.5682,3921.56,0.017869,23.743039
247.100,26.3130,150.0000,66.6875,66.5663,3923.26,0.017892,23.743039
247.200,26.3130,150.0000,66.7500,66.5644,3924.83,0.017914,23.743039
247.300,26.3130,150.0000,66.6250,66.5624,3926.31,0.017934,23.743039
247.400,26.3130,150.0000,66.6875,66.5605,3927.68,0.017953,23.743039
247.500,26.3130,150.0000,66.7500,66.5586,3928.97,0.017971,23.743039
247.600,26.3130,150.0000,66.6250,66.5566,3930.17,0.017987,23.743039
247.700,26.3130,150.0000,66.6875,66.5547,3931.28,0.018002,23.743039
247.800,26.3130,150.0000,66.6875,66.5527,3932.33,0.018017,23.743039
247.900,26.3130,150.0000,66.6875,66.5508,3933.30,0.018030,23.743039
248.000,26.2775,150.0000,66.6875,66.5488,3933.86,0.018038,23.799396
248.100,26.2775,150.0000,66.6875,66.5469,3934.38,0.018045,23.799396
248.200,26.2775,150.0000,66.6250,66.5450,3934.86,0.018052,23.799396
248.300,26.2775,150.0000,66.6250,66.5430,3935.31,0.018058,23.799396
248.400,26.2775,150.0000,66.6250,66.5411,3935.73,0.018064,23.799396
248.500,26.2775,150.0000,66.6875,66.5391,3936.13,0.018069,23.799396
248.600,26.2775,150.0000,66.6875,66.5372,3936.49,0.018074,23.799396
248.700,26.2775,150.0000,66.6250,66.5353,3936.83,0.018079,23.799396
248.800,26.2775,150.0000,66.6875,66.5333,3937.15,0.018083,23.799396
248.900,26.2775,150.0000,66.6250,66.5314,3937.45,0.018087,23.799396
249.000,26.2400,150.0000,66.6875,66.5295,3937.36,0.018086,23.853666
249.100,26.2400,150.0000,66.6250,66.5276,3937.27,0.018085,23.853666
249.200,26.2400,150.0000,66.6875,66.5257,3937.18,0.018084,23.853666
249.300,26.2400,150.0000,66.5625,66.5238,3937.10,0.018082,23.853666
249.400,26.2400,150.0000,66.6875,66.5219,3937.03,0.018081,23.853666
249.500,26.2400,150.0000,66.6250,66.5200,3936.96,0.018080,23.853666
249.600,26.2400,150.0000,66.6250,66.5181,3936.90,0.018080,23.853666
249.700,26.2400,150.0000,66.6250,66.5162,3936.84,0.018079,23.853666
249.800,26.2400,150.0000,66.6250,66.5143,3936.78,0.018078,23.853666
249.900,26.2400,150.0000,66.6250,66.5124,3936.73,0.018077,23.853666
250.000,26.2943,150.0000,66.6250,66.5105,3937.22,0.018084,23.907935
250.100,26.2943,150.0000,66.6875,66.5086,3937.69,0.018090,23.907935
250.200,26.2943,150.0000,66.6250,66.5068,3938.12,0.018096,23.907935
250.300,26.2943,150.0000,66.6875,66.5049,3938.52,0.018102,23.907935
250.400,26.2943,150.0000,66.6250,66.5030,3938.89,0.018107,23.907935
250.500,26.2943,150.0000,66.5625,66.5012,3939.24,0.018112,23.907935
250.600,26.2943,150.0000,66.5625,66.4993,3939.57,0.018116,23.907935
250.700,26.2943,150.0000,66.5625,66.4974,3939.87,0.018121,23.907935
250.800,26.2943,150.0000,66.7500,66.4956,3940.16,0.018125,23.907935
250.900,26.2943,150.0000,66.6875,66.4937,3940.42,0.018128,23.907935
251.000,26.4424,150.0000,66.6250,66.4918,3942.15,0.018152,23.964292
251.100,26.4424,150.0000,66.6875,66.4900,3943.77,0.018174,23.964292
251.200,26.4424,150.0000,66.6250,66.4881,3945.27,0.018195,23.964292
251.300,26.4424,150.0000,66.5625,66.4862,3946.68,0.018215,23.964292
251.400,26.4424,150.0000,66.6250,66.4844,3947.99,0.018233,23.964292
251.500,26.4424,150.0000,66.5625,66.4825,3949.22,0.018250,23.964292
251.600,26.4424,150.0000,66.6250,66.4806,3950.36,0.018266,23.964292
251.700,26.4424,150.0000,66.6250,66.4787,3951.43,0.018281,23.964292
251.800,26.4424,150.0000,66.6875,66.4768,3952.42,0.018294,23.964292
251.900,26.4424,150.0000,66.5625,66.4749,3953.35,0.018307,23.964292
252.000,26.3110,150.0000,66.5625,66.4731,3952.91,0.018301,24.016475
252.100,26.3110,150.0000,66.6250,66.4712,3952.49,0.018295,24.016475
252.200,26.3110,150.0000,66.6250,66.4693,3952.10,0.018290,24.016475
252.300,26.3110,150.0000,66.5625,66.4675,3951.74,0.018285,24.016475
252.400,26.3110,150.0000,66.6250,66.4656,3951.40,0.018280,24.016475
252.500,26.3110,150.0000,66.5625,66.4637,3951.08,0.018276,24.016475
252.600,26.3110,150.0000,66.5625,66.4619,3950.79,0.018272,24.016475
252.700,26.3110,150.0000,66.5625,66.4601,3950.51,0.018268,24.016475
252.800,26.3110,150.0000,66.5625,66.4582,3950.26,0.018264,24.016475
252.900,26.3110,150.0000,66.6250,66.4564,3950.02,0.018261,24.016475
253.000,26.4571,150.0000,66.5625,66.4546,3951.25,0.018278,24.070745
253.100,26.4571,150.0000,66.5625,66.4527,3952.41,0.018294,24.070745
253.200,26.4571,150.0000,66.6250,66.4509,3953.48,0.018309,24.070745
253.300,26.4571,150.0000,66.5000,66.4491,3954.49,0.018323,24.070745
253.400,26.4571,150.0000,66.5000,66.4472,3955.43,0.018336,24.070745
253.500,26.4571,150.0000,66.5625,66.4454,3956.30,0.018348,24.070745
253.600,26.4571,150.0000,66.5625,66.4436,3957.12,0.018360,24.070745
253.700,26.4571,150.0000,66.5000,66.4417,3957.88,0.018370,24.070745
253.800,26.4571,150.0000,66.5625,66.4399,3958.60,0.018380,24.070745
253.900,26.4571,150.0000,66.5000,66.4381,3959.26,0.018389,24.070745
254.000,26.3236,150.0000,66.4375,66.4362,3958.55,0.018379,24.120840
254.100,26.3236,150.0000,66.6250,66.4344,3957.88,0.018370,24.120840
254.200,26.3236,150.0000,66.5000,66.4326,3957.26,0.018362,24.120840
254.300,26.3236,150.0000,66.5000,66.4308,3956.68,0.018353,24.120840
254.400,26.3236,150.0000,66.5625,66.4290,3956.13,0.018346,24.120840
254.500,26.3236,150.0000,66.6250,66.4272,3955.63,0.018339,24.120840
254.600,26.3236,150.0000,66.5625,66.4254,3955.16,0.018332,24.120840
254.700,26.3236,150.0000,66.5625,66.4236,3954.71,0.018326,24.120840
254.800,26.3236,150.0000,66.5000,66.4219,3954.30,0.018320,24.120840
254.900,26.3236,150.0000,66.6250,66.4201,3953.92,0.018315,24.120840
255.000,26.5615,150.0000,66.5625,66.4183,3955.94,0.018343,24.175110
255.100,26.5615,150.0000,66.5625,66.4166,3957.82,0.018369,24.175110
255.200,26.5615,150.0000,66.5000,66.4148,3959.58,0.018394,24.175110
255.300,26.5615,150.0000,66.5000,66.4130,3961.23,0.018417,24.175110
255.400,26.5615,150.0000,66.5000,66.4112,3962.76,0.018438,24.175110
255.500,26.5615,150.0000,66.5625,66.4094,3964.19,0.018458,24.175110
255.600,26.5615,150.0000,66.5000,66.4076,3965.53,0.018477,24.175110
255.700,26.5615,150.0000,66.5000,66.4058,3966.77,0.018494,24.175110
255.800,26.5615,150.0000,66.5625,66.4040,3967.93,0.018511,24.175110
255.900,26.5615,150.0000,66.5625,66.4022,3969.02,0.018526,24.175110
256.000,26.5219,150.0000,66.5000,66.4004,3969.64,0.018534,24.227292
256.100,26.5219,150.0000,66.5000,66.3986,3970.21,0.018542,24.227292
256.200,26.5219,150.0000,66.5625,66.3967,3970.75,0.018550,24.227292
256.300,26.5219,150.0000,66.5625,66.3949,3971.25,0.018557,24.227292
256.400,26.5219,150.0000,66.5000,66.3931,3971.72,0.018564,24.227292
256.500,26.5219,150.0000,66.5000,66.3913,3972.16,0.018570,24.227292
256.600,26.5219,150.0000,66.5625,66.3895,3972.57,0.018575,24.227292
256.700,26.5219,150.0000,66.4375,66.3877,3972.95,0.018581,24.227292
256.800,26.5219,150.0000,66.4375,66.3860,3973.30,0.018586,24.227292
256.900,26.5219,150.0000,66.5000,66.3842,3973.63,0.018590,24.227292
257.000,26.4802,150.0000,66.4375,66.3824,3973.53,0.018589,24.277387
257.100,26.4802,150.0000,66.5625,66.3806,3973.43,0.018588,24.277387
257.200,26.4802,150.0000,66.5000,66.3788,3973.33,0.018586,24.277387
257.300,26.4802,150.0000,66.5000,66.3770,3973.25,0.018585,24.277387
257.400,26.4802,150.0000,66.4375,66.3753,3973.17,0.018584,24.277387
257.500,26.4802,150.0000,66.4375,66.3735,3973.09,0.018583,24.277387
257.600,26.4802,150.0000,66.4375,66.3717,3973.02,0.018582,24.277387
257.700,26.4802,150.0000,66.5000,66.3700,3972.95,0.018581,24.277387
257.800,26.4802,150.0000,66.5625,66.3682,3972.89,0.018580,24.277387
257.900,26.4802,150.0000,66.5000,66.3665,3972.83,0.018579,24.277387
258.000,26.5303,150.0000,66.4375,66.3647,3973.28,0.018585,24.327483
258.100,26.5303,150.0000,66.5625,66.3630,3973.70,0.018591,24.327483
258.200,26.5303,150.0000,66.5000,66.3612,3974.09,0.018597,24.327483
258.300,26.5303,150.0000,66.4375,66.3595,3974.45,0.018602,24.327483
258.400,26.5303,150.0000,66.5625,66.3578,3974.79,0.018607,24.327483
258.500,26.5303,150.0000,66.5625,66.3560,3975.11,0.018611,24.327483
258.600,26.5303,150.0000,66.3750,66.3543,3975.40,0.018615,24.327483
258.700,26.5303,150.0000,66.4375,66.3526,3975.68,0.018619,24.327483
258.800,26.5303,150.0000,66.4375,66.3508,3975.94,0.018623,24.327483
258.900,26.5303,150.0000,66.5000,66.3491,3976.18,0.018626,24.327483
259.000,26.5804,150.0000,66.4375,66.3474,3976.90,0.018636,24.377578
259.100,26.5804,150.0000,66.4375,66.3456,3977.58,0.018646,24.377578
259.200,26.5804,150.0000,66.5000,66.3439,3978.21,0.018655,24.377578
259.300,26.5804,150.0000,66.5000,66.3422,3978.80,0.018663,24.377578
259.400,26.5804,150.0000,66.3750,66.3405,3979.35,0.018671,24.377578
259.500,26.5804,150.0000,66.4375,66.3387,3979.86,0.018678,24.377578
259.600,26.5804,150.0000,66.4375,66.3370,3980.34,0.018685,24.377578
259.700,26.5804,150.0000,66.5000,66.3353,3980.79,0.018691,24.377578
259.800,26.5804,150.0000,66.3750,66.3336,3981.21,0.018697,24.377578
259.900,26.5804,150.0000,66.3750,66.3319,3981.60,0.018702,24.377578
260.000,26.4427,150.0000,66.5000,66.3302,3980.59,0.018688,24.423499
260.100,26.4427,150.0000,66.3750,66.3285,3979.64,0.018675,24.423499
260.200,26.4427,150.0000,66.4375,66.3268,3978.76,0.018662,24.423499
260.300,26.4427,150.0000,66.5000,66.3251,3977.93,0.018651,24.423499
260.400,26.4427,150.0000,66.3750,66.3234,3977.17,0.018640,24.423499
260.500,26.4427,150.0000,66.3750,66.3217,3976.45,0.018630,24.423499
260.600,26.4427,150.0000,66.4375,66.3201,3975.78,0.018621,24.423499
260.700,26.4427,150.0000,66.4375,66.3184,3975.15,0.018612,24.423499
260.800,26.4427,150.0000,66.4375,66.3168,3974.57,0.018604,24.423499
260.900,26.4427,150.0000,66.3750,66.3151,3974.03,0.018596,24.423499
261.000,26.4886,150.0000,66.4375,66.3135,3973.98,0.018595,24.469419
261.100,26.4886,150.0000,66.4375,66.3119,3973.93,0.018595,24.469419
261.200,26.4886,150.0000,66.3125,66.3102,3973.89,0.018594,24.469419
261.300,26.4886,150.0000,66.3750,66.3086,3973.85,0.018593,24.469419
261.400,26.4886,150.0000,66.3750,66.3070,3973.81,0.018593,24.469419
261.500,26.4886,150.0000,66.3750,66.3054,3973.78,0.018592,24.469419
261.600,26.4886,150.0000,66.3750,66.3038,3973.75,0.018592,24.469419
261.700,26.4886,150.0000,66.3750,66.3021,3973.72,0.018592,24.469419
261.800,26.4886,150.0000,66.3750,66.3005,3973.69,0.018591,24.469419
261.900,26.4886,150.0000,66.3750,66.2989,3973.66,0.018591,24.469419
262.000,26.5346,150.0000,66.3125,66.2973,3974.10,0.018597,24.515340
262.100,26.5346,150.0000,66.3750,66.2957,3974.50,0.018603,24.515340
262.200,26.5346,150.0000,66.4375,66.2941,3974.88,0.018608,24.515340
262.300,26.5346,150.0000,66.3750,66.2925,3975.24,0.018613,24.515340
262.400,26.5346,150.0000,66.3750,66.2909,3975.57,0.018618,24.515340
262.500,26.5346,150.0000,66.3750,66.2893,3975.87,0.018622,24.515340
262.600,26.5346,150.0000,66.3125,66.2878,3976.16,0.018626,24.515340
262.700,26.5346,150.0000,66.3125,66.2862,3976.43,0.018630,24.515340
262.800,26.5346,150.0000,66.4375,66.2846,3976.68,0.018633,24.515340
262.900,26.5346,150.0000,66.3750,66.2830,3976.91,0.018637,24.515340
263.000,26.5805,150.0000,66.3750,66.2814,3977.59,0.018646,24.561260
263.100,26.5805,150.0000,66.3125,66.2798,3978.22,0.018655,24.561260
263.200,26.5805,150.0000,66.4375,66.2782,3978.81,0.018663,24.561260
263.300,26.5805,150.0000,66.3750,66.2767,3979.36,0.018671,24.561260
263.400,26.5805,150.0000,66.3750,66.2751,3979.88,0.018678,24.561260
263.500,26.5805,150.0000,66.3125,66.2735,3980.36,0.018685,24.561260
263.600,26.5805,150.0000,66.5000,66.2719,3980.80,0.018691,24.561260
263.700,26.5805,150.0000,66.3750,66.2703,3981.22,0.018697,24.561260
263.800,26.5805,150.0000,66.3750,66.2688,3981.61,0.018703,24.561260
263.900,26.5805,150.0000,66.3750,66.2672,3981.98,0.018708,24.561260
264.000,26.6264,150.0000,66.4375,66.2656,3982.78,0.018719,24.607181
264.100,26.6264,150.0000,66.3750,66.2640,3983.52,0.018730,24.607181
264.200,26.6264,150.0000,66.3750,66.2625,3984.22,0.018739,24.607181
264.300,26.6264,150.0000,66.4375,66.2609,3984.87,0.018749,24.607181
264.400,26.6264,150.0000,66.4375,66.2593,3985.47,0.018757,24.607181
264.500,26.6264,150.0000,66.4375,66.2577,3986.04,0.018765,24.607181
264.600,26.6264,150.0000,66.2500,66.2561,3986.57,0.018773,24.607181
264.700,26.6264,150.0000,66.3750,66.2546,3987.06,0.018780,24.607181
264.800,26.6264,150.0000,66.3750,66.2530,3987.52,0.018786,24.607181
264.900,26.6264,150.0000,66.3125,66.2514,3987.95,0.018792,24.607181
265.000,26.5785,150.0000,66.4375,66.2499,3987.87,0.018791,24.651014
265.100,26.5785,150.0000,66.4375,66.2483,3987.80,0.018790,24.651014
265.200,26.5785,150.0000,66.3125,66.2467,3987.73,0.018789,24.651014
265.300,26.5785,150.0000,66.4375,66.2452,3987.66,0.018788,24.651014
265.400,26.5785,150.0000,66.3125,66.2436,3987.60,0.018787,24.651014
265.500,26.5785,150.0000,66.3750,66.2421,3987.55,0.018786,24.651014
265.600,26.5785,150.0000,66.2500,66.2405,3987.50,0.018786,24.651014
265.700,26.5785,150.0000,66.3125,66.2390,3987.45,0.018785,24.651014
265.800,26.5785,150.0000,66.2500,66.2374,3987.40,0.018784,24.651014
265.900,26.5785,150.0000,66.3125,66.2359,3987.36,0.018784,24.651014
266.000,26.6223,150.0000,66.3750,66.2344,3987.76,0.018789,24.694848
266.100,26.6223,150.0000,66.3125,66.2328,3988.13,0.018795,24.694848
266.200,26.6223,150.0000,66.3125,66.2313,3988.48,0.018800,24.694848
266.300,26.6223,150.0000,66.3750,66.2298,3988.80,0.018804,24.694848
266.400,26.6223,150.0000,66.2500,66.2282,3989.11,0.018808,24.694848
266.500,26.6223,150.0000,66.3125,66.2267,3989.39,0.018812,24.694848
266.600,26.6223,150.0000,66.3750,66.2252,3989.65,0.018816,24.694848
266.700,26.6223,150.0000,66.3125,66.2237,3989.90,0.018820,24.694848
266.800,26.6223,150.0000,66.3125,66.2222,3990.13,0.018823,24.694848
266.900,26.6223,150.0000,66.2500,66.2206,3990.34,0.018826,24.694848
267.000,26.5722,150.0000,66.3125,66.2191,3990.04,0.018822,24.736594
267.100,26.5722,150.0000,66.3125,66.2176,3989.76,0.018818,24.736594
267.200,26.5722,150.0000,66.3125,66.2161,3989.50,0.018814,24.736594
267.300,26.5722,150.0000,66.4375,66.2146,3989.26,0.018811,24.736594
267.400,26.5722,150.0000,66.3125,66.2131,3989.03,0.018807,24.736594
267.500,26.5722,150.0000,66.3125,66.2116,3988.81,0.018804,24.736594
267.600,26.5722,150.0000,66.2500,66.2101,3988.62,0.018802,24.736594
267.700,26.5722,150.0000,66.4375,66.2087,3988.43,0.018799,24.736594
267.800,26.5722,150.0000,66.2500,66.2072,3988.26,0.018796,24.736594
267.900,26.5722,150.0000,66.2500,66.2057,3988.10,0.018794,24.736594
268.000,26.6140,150.0000,66.2500,66.2042,3988.36,0.018798,24.778340
268.100,26.6140,150.0000,66.3750,66.2028,3988.61,0.018801,24.778340
268.200,26.6140,150.0000,66.3125,66.2013,3988.85,0.018805,24.778340
268.300,26.6140,150.0000,66.3125,66.1999,3989.06,0.018808,24.778340
268.400,26.6140,150.0000,66.2500,66.1984,3989.26,0.018811,24.778340
268.500,26.6140,150.0000,66.3125,66.1969,3989.45,0.018813,24.778340
268.600,26.6140,150.0000,66.3750,66.1955,3989.63,0.018816,24.778340
268.700,26.6140,150.0000,66.2500,66.1940,3989.79,0.018818,24.778340
268.800,26.6140,150.0000,66.3125,66.1926,3989.95,0.018820,24.778340
268.900,26.6140,150.0000,66.2500,66.1911,3990.09,0.018822,24.778340
269.000,26.6557,150.0000,66.3125,66.1897,3990.64,0.018830,24.820086
269.100,26.6557,150.0000,66.3125,66.1882,3991.16,0.018837,24.820086
269.200,26.6557,150.0000,66.3125,66.1868,3991.64,0.018844,24.820086
269.300,26.6557,150.0000,66.3125,66.1853,3992.09,0.018851,24.820086
269.400,26.6557,150.0000,66.3125,66.1839,3992.50,0.018857,24.820086
269.500,26.6557,150.0000,66.2500,66.1824,3992.89,0.018862,24.820086
269.600,26.6557,150.0000,66.3750,66.1810,3993.26,0.018867,24.820086
269.700,26.6557,150.0000,66.3750,66.1795,3993.60,0.018872,24.820086
269.800,26.6557,150.0000,66.2500,66.1781,3993.92,0.018877,24.820086
269.900,26.6557,150.0000,66.2500,66.1767,3994.21,0.018881,24.820086
270.000,26.6975,150.0000,66.3125,66.1752,3994.91,0.018891,24.861832
270.100,26.6975,150.0000,66.2500,66.1738,3995.55,0.018900,24.861832
270.200,26.6975,150.0000,66.2500,66.1723,3996.16,0.018908,24.861832
270.300,26.6975,150.0000,66.3125,66.1709,3996.72,0.018916,24.861832
270.400,26.6975,150.0000,66.3125,66.1695,3997.25,0.018924,24.861832
270.500,26.6975,150.0000,66.2500,66.1680,3997.74,0.018931,24.861832
270.600,26.6975,150.0000,66.2500,66.1666,3998.20,0.018937,24.861832
270.700,26.6975,150.0000,66.3125,66.1651,3998.63,0.018943,24.861832
270.800,26.6975,150.0000,66.3125,66.1637,3999.03,0.018949,24.861832
270.900,26.6975,150.0000,66.3125,66.1623,3999.40,0.018954,24.861832
271.000,26.8331,150.0000,66.1875,66.1608,4001.11,0.018979,24.905665
271.100,26.8331,150.0000,66.2500,66.1594,4002.70,0.019001,24.905665
271.200,26.8331,150.0000,66.2500,66.1579,4004.18,0.019022,24.905665
271.300,26.8331,150.0000,66.2500,66.1565,4005.57,0.019042,24.905665
271.400,26.8331,150.0000,66.3125,66.1550,4006.86,0.019061,24.905665
271.500,26.8331,150.0000,66.1875,66.1535,4008.07,0.019078,24.905665
271.600,26.8331,150.0000,66.1250,66.1521,4009.19,0.019094,24.905665
271.700,26.8331,150.0000,66.1875,66.1506,4010.24,0.019109,24.905665
271.800,26.8331,150.0000,66.2500,66.1491,4011.23,0.019123,24.905665
271.900,26.8331,150.0000,66.3125,66.1477,4012.14,0.019136,24.905665
272.000,26.8769,150.0000,66.2500,66.1462,4013.44,0.019155,24.949498
272.100,26.8769,150.0000,66.2500,66.1447,4014.64,0.019172,24.949498
272.200,26.8769,150.0000,66.2500,66.1432,4015.77,0.019188,24.949498
272.300,26.8769,150.0000,66.2500,66.1418,4016.82,0.019203,24.949498
272.400,26.8769,150.0000,66.2500,66.1403,4017.80,0.019217,24.949498
272.500,26.8769,150.0000,66.2500,66.1388,4018.72,0.019230,24.949498
272.600,26.8769,150.0000,66.1875,66.1373,4019.57,0.019243,24.949498
272.700,26.8769,150.0000,66.1250,66.1358,4020.37,0.019254,24.949498
272.800,26.8769,150.0000,66.1875,66.1343,4021.11,0.019265,24.949498
272.900,26.8769,150.0000,66.2500,66.1328,4021.81,0.019275,24.949498
273.000,26.8269,150.0000,66.3125,66.1313,4021.96,0.019277,24.991244
273.100,26.8269,150.0000,66.1250,66.1299,4022.10,0.019279,24.991244
273.200,26.8269,150.0000,66.1875,66.1284,4022.23,0.019281,24.991244
273.300,26.8269,150.0000,66.1875,66.1269,4022.35,0.019283,24.991244
273.400,26.8269,150.0000,66.1875,66.1254,4022.46,0.019284,24.991244
273.500,26.8269,150.0000,66.2500,66.1239,4022.56,0.019286,24.991244
273.600,26.8269,150.0000,66.3125,66.1225,4022.66,0.019287,24.991244
273.700,26.8269,150.0000,66.1875,66.1210,4022.75,0.019288,24.991244
273.800,26.8269,150.0000,66.1875,66.1195,4022.84,0.019290,24.991244
273.900,26.8269,150.0000,66.2500,66.1181,4022.92,0.019291,24.991244
274.000,26.8686,150.0000,66.1875,66.1166,4023.41,0.019298,25.032990
274.100,26.8686,150.0000,66.2500,66.1152,4023.87,0.019304,25.032990
274.200,26.8686,150.0000,66.1875,66.1137,4024.30,0.019311,25.032990
274.300,26.8686,150.0000,66.1250,66.1122,4024.70,0.019316,25.032990
274.400,26.8686,150.0000,66.2500,66.1108,4025.07,0.019322,25.032990
274.500,26.8686,150.0000,66.1250,66.1093,4025.42,0.019327,25.032990
274.600,26.8686,150.0000,66.1875,66.1079,4025.74,0.019331,25.032990
274.700,26.8686,150.0000,66.2500,66.1064,4026.05,0.019336,25.032990
274.800,26.8686,150.0000,66.1875,66.1050,4026.33,0.019340,25.032990
274.900,26.8686,150.0000,66.0625,66.1035,4026.60,0.019344,25.032990
275.000,26.6288,150.0000,66.1250,66.1021,4024.44,0.019313,25.068474
275.100,26.6288,150.0000,66.2500,66.1007,4022.44,0.019284,25.068474
275.200,26.6288,150.0000,66.1875,66.0992,4020.56,0.019257,25.068474
275.300,26.6288,150.0000,66.2500,66.0978,4018.81,0.019232,25.068474
275.400,26.6288,150.0000,66.1250,66.0965,4017.18,0.019208,25.068474
275.500,26.6288,150.0000,66.1250,66.0951,4015.65,0.019186,25.068474
275.600,26.6288,150.0000,66.1875,66.0937,4014.23,0.019166,25.068474
275.700,26.6288,150.0000,66.1875,66.0924,4012.90,0.019147,25.068474
275.800,26.6288,150.0000,66.1875,66.0910,4011.67,0.019129,25.068474
275.900,26.6288,150.0000,66.2500,66.0897,4010.51,0.019113,25.068474
276.000,26.9459,150.0000,66.1250,66.0884,4012.60,0.019143,25.110220
276.100,26.9459,150.0000,66.1875,66.0870,4014.55,0.019171,25.110220
276.200,26.9459,150.0000,66.1875,66.0857,4016.37,0.019197,25.110220
276.300,26.9459,150.0000,66.1250,66.0843,4018.07,0.019221,25.110220
276.400,26.9459,150.0000,66.1250,66.0829,4019.66,0.019244,25.110220
276.500,26.9459,150.0000,66.1250,66.0816,4021.14,0.019265,25.110220
276.600,26.9459,150.0000,66.1250,66.0802,4022.53,0.019285,25.110220
276.700,26.9459,150.0000,66.1875,66.0788,4023.82,0.019304,25.110220
276.800,26.9459,150.0000,66.1875,66.0774,4025.02,0.019321,25.110220
276.900,26.9459,150.0000,66.1875,66.0760,4026.14,0.019337,25.110220
277.000,26.8938,150.0000,66.2500,66.0746,4026.67,0.019345,25.149879
277.100,26.8938,150.0000,66.1250,66.0733,4027.16,0.019352,25.149879
277.200,26.8938,150.0000,66.1250,66.0719,4027.62,0.019359,25.149879
277.300,26.8938,150.0000,66.1250,66.0705,4028.05,0.019365,25.149879
277.400,26.8938,150.0000,66.2500,66.0691,4028.45,0.019371,25.149879
277.500,26.8938,150.0000,66.0625,66.0677,4028.83,0.019376,25.149879
277.600,26.8938,150.0000,66.1875,66.0663,4029.18,0.019381,25.149879
277.700,26.8938,150.0000,66.1875,66.0650,4029.50,0.019386,25.149879
277.800,26.8938,150.0000,66.2500,66.0636,4029.81,0.019390,25.149879
277.900,26.8938,150.0000,66.1875,66.0622,4030.09,0.019394,25.149879
278.000,26.9334,150.0000,66.1250,66.0608,4030.75,0.019404,25.189538
278.100,26.9334,150.0000,66.1875,66.0595,4031.37,0.019413,25.189538
278.200,26.9334,150.0000,66.2500,66.0581,4031.95,0.019421,25.189538
278.300,26.9334,150.0000,66.1250,66.0567,4032.48,0.019429,25.189538
278.400,26.9334,150.0000,66.1250,66.0553,4032.99,0.019436,25.189538
278.500,26.9334,150.0000,66.1250,66.0539,4033.45,0.019443,25.189538
278.600,26.9334,150.0000,66.1875,66.0526,4033.89,0.019449,25.189538
278.700,26.9334,150.0000,66.1875,66.0512,4034.30,0.019455,25.189538
278.800,26.9334,150.0000,66.0625,66.0498,4034.68,0.019460,25.189538
278.900,26.9334,150.0000,66.0625,66.0485,4035.04,0.019466,25.189538
279.000,26.7853,150.0000,66.1875,66.0471,4033.89,0.019449,25.225022
279.100,26.7853,150.0000,66.1875,66.0457,4032.81,0.019433,25.225022
279.200,26.7853,150.0000,66.1250,66.0444,4031.81,0.019419,25.225022
279.300,26.7853,150.0000,66.1250,66.0431,4030.88,0.019406,25.225022
279.400,26.7853,150.0000,66.0000,66.0417,4030.01,0.019393,25.225022
279.500,26.7853,150.0000,66.1875,66.0404,4029.19,0.019381,25.225022
279.600,26.7853,150.0000,66.0625,66.0391,4028.43,0.019370,25.225022
279.700,26.7853,150.0000,66.1250,66.0378,4027.72,0.019360,25.225022
279.800,26.7853,150.0000,66.0625,66.0365,4027.06,0.019350,25.225022
279.900,26.7853,150.0000,66.0625,66.0352,4026.45,0.019342,25.225022
280.000,26.8208,150.0000,66.1250,66.0339,4026.22,0.019338,25.260506
280.100,26.8208,150.0000,66.1875,66.0326,4026.02,0.019335,25.260506
280.200,26.8208,150.0000,66.0625,66.0313,4025.82,0.019333,25.260506
280.300,26.8208,150.0000,66.2500,66.0300,4025.64,0.019330,25.260506
280.400,26.8208,150.0000,66.0625,66.0287,4025.48,0.019328,25.260506
280.500,26.8208,150.0000,66.0625,66.0275,4025.32,0.019325,25.260506
280.600,26.8208,150.0000,66.0000,66.0262,4025.17,0.019323,25.260506
280.700,26.8208,150.0000,66.1250,66.0249,4025.04,0.019321,25.260506
280.800,26.8208,150.0000,66.1250,66.0237,4024.91,0.019319,25.260506
280.900,26.8208,150.0000,66.1250,66.0224,4024.79,0.019318,25.260506
281.000,26.9502,150.0000,66.1250,66.0212,4025.97,0.019335,25.298077
281.100,26.9502,150.0000,66.1250,66.0199,4027.07,0.019351,25.298077
281.200,26.9502,150.0000,66.0625,66.0186,4028.10,0.019365,25.298077
281.300,26.9502,150.0000,66.1250,66.0173,4029.07,0.019379,25.298077
281.400,26.9502,150.0000,66.1250,66.0161,4029.96,0.019392,25.298077
281.500,26.9502,150.0000,66.0625,66.0148,4030.80,0.019404,25.298077
281.600,26.9502,150.0000,66.0000,66.0135,4031.58,0.019416,25.298077
281.700,26.9502,150.0000,66.1250,66.0122,4032.31,0.019426,25.298077
281.800,26.9502,150.0000,66.0000,66.0110,4032.99,0.019436,25.298077
281.900,26.9502,150.0000,66.0625,66.0097,4033.63,0.019445,25.298077
282.000,26.8939,150.0000,66.0625,66.0084,4033.66,0.019446,25.333561
282.100,26.8939,150.0000,66.1250,66.0071,4033.69,0.019446,25.333561
282.200,26.8939,150.0000,66.1250,66.0059,4033.71,0.019446,25.333561
282.300,26.8939,150.0000,66.0625,66.0046,4033.74,0.019447,25.333561
282.400,26.8939,150.0000,66.0000,66.0033,4033.76,0.019447,25.333561
282.500,26.8939,150.0000,66.0000,66.0021,4033.78,0.019447,25.333561
282.600,26.8939,150.0000,66.0000,66.0008,4033.80,0.019448,25.333561
282.700,26.8939,150.0000,66.1250,65.9996,4033.82,0.019448,25.333561
282.800,26.8939,150.0000,66.0625,65.9983,4033.84,0.019448,25.333561
282.900,26.8939,150.0000,66.0625,65.9971,4033.85,0.019449,25.333561
283.000,26.9294,150.0000,66.0625,65.9958,4034.22,0.019454,25.369045
283.100,26.9294,150.0000,66.0625,65.9946,4034.57,0.019459,25.369045
283.200,26.9294,150.0000,66.1250,65.9933,4034.89,0.019464,25.369045
283.300,26.9294,150.0000,66.1250,65.9921,4035.19,0.019468,25.369045
283.400,26.9294,150.0000,66.1250,65.9908,4035.47,0.019472,25.369045
283.500,26.9294,150.0000,66.0625,65.9896,4035.73,0.019476,25.369045
283.600,26.9294,150.0000,66.1250,65.9883,4035.98,0.019479,25.369045
283.700,26.9294,150.0000,66.0000,65.9871,4036.21,0.019483,25.369045
283.800,26.9294,150.0000,66.0000,65.9858,4036.42,0.019486,25.369045
283.900,26.9294,150.0000,66.0625,65.9846,4036.62,0.019489,25.369045
284.000,26.9648,150.0000,66.0000,65.9834,4037.16,0.019496,25.404530
284.100,26.9648,150.0000,66.0000,65.9821,4037.66,0.019504,25.404530
284.200,26.9648,150.0000,66.0625,65.9809,4038.13,0.019511,25.404530
284.300,26.9648,150.0000,66.0625,65.9796,4038.57,0.019517,25.404530
284.400,26.9648,150.0000,66.1250,65.9784,4038.98,0.019523,25.404530
284.500,26.9648,150.0000,65.9375,65.9772,4039.37,0.019528,25.404530
284.600,26.9648,150.0000,66.0625,65.9759,4039.72,0.019534,25.404530
284.700,26.9648,150.0000,66.0000,65.9747,4040.06,0.019538,25.404530
284.800,26.9648,150.0000,66.1250,65.9735,4040.37,0.019543,25.404530
284.900,26.9648,150.0000,66.1250,65.9722,4040.66,0.019547,25.404530
285.000,27.0942,150.0000,66.0625,65.9710,4042.22,0.019570,25.442101
285.100,27.0942,150.0000,65.9375,65.9698,4043.68,0.019591,25.442101
285.200,27.0942,150.0000,66.0625,65.9685,4045.05,0.019611,25.442101
285.300,27.0942,150.0000,66.0625,65.9673,4046.32,0.019629,25.442101
285.400,27.0942,150.0000,66.0625,65.9660,4047.51,0.019647,25.442101
285.500,27.0942,150.0000,66.1250,65.9647,4048.61,0.019663,25.442101
285.600,27.0942,150.0000,66.0625,65.9635,4049.65,0.019678,25.442101
285.700,27.0942,150.0000,66.0000,65.9622,4050.61,0.019692,25.442101
285.800,27.0942,150.0000,66.0000,65.9610,4051.52,0.019705,25.442101
285.900,27.0942,150.0000,66.0000,65.9597,4052.36,0.019717,25.442101
286.000,26.9440,150.0000,66.0625,65.9584,4051.64,0.019707,25.475498
286.100,26.9440,150.0000,66.0625,65.9572,4050.97,0.019697,25.475498
286.200,26.9440,150.0000,66.0000,65.9559,4050.35,0.019688,25.475498
286.300,26.9440,150.0000,66.0000,65.9547,4049.76,0.019680,25.475498
286.400,26.9440,150.0000,66.0000,65.9534,4049.22,0.019672,25.475498
286.500,26.9440,150.0000,66.0000,65.9522,4048.71,0.019664,25.475498
286.600,26.9440,150.0000,66.1250,65.9510,4048.24,0.019657,25.475498
286.700,26.9440,150.0000,66.0000,65.9498,4047.80,0.019651,25.475498
286.800,26.9440,150.0000,66.0625,65.9486,4047.38,0.019645,25.475498
286.900,26.9440,150.0000,66.0625,65.9473,4047.00,0.019639,25.475498
287.000,27.0713,150.0000,66.0625,65.9461,4047.91,0.019653,25.510982
287.100,27.0713,150.0000,65.9375,65.9449,4048.76,0.019665,25.510982
287.200,27.0713,150.0000,66.1250,65.9437,4049.56,0.019677,25.510982
287.300,27.0713,150.0000,66.0000,65.9425,4050.30,0.019687,25.510982
287.400,27.0713,150.0000,66.0000,65.9413,4050.99,0.019697,25.510982
287.500,27.0713,150.0000,66.0625,65.9400,4051.64,0.019707,25.510982
287.600,27.0713,150.0000,65.9375,65.9388,4052.24,0.019716,25.510982
287.700,27.0713,150.0000,65.9375,65.9376,4052.81,0.019724,25.510982
287.800,27.0713,150.0000,66.1250,65.9364,4053.33,0.019732,25.510982
287.900,27.0713,150.0000,66.0625,65.9352,4053.82,0.019739,25.510982
288.000,27.1068,150.0000,66.0000,65.9339,4054.64,0.019751,25.546466
288.100,27.1068,150.0000,66.0000,65.9327,4055.39,0.019762,25.546466
288.200,27.1068,150.0000,65.9375,65.9315,4056.10,0.019772,25.546466
288.300,27.1068,150.0000,66.0625,65.9303,4056.76,0.019782,25.546466
288.400,27.1068,150.0000,66.0000,65.9290,4057.38,0.019791,25.546466
288.500,27.1068,150.0000,65.9375,65.9278,4057.96,0.019799,25.546466
288.600,27.1068,150.0000,66.0000,65.9266,4058.49,0.019807,25.546466
288.700,27.1068,150.0000,66.0000,65.9254,4058.99,0.019814,25.546466
288.800,27.1068,150.0000,66.0625,65.9241,4059.46,0.019821,25.546466
288.900,27.1068,150.0000,66.0000,65.9229,4059.90,0.019828,25.546466
289.000,27.0484,150.0000,65.9375,65.9217,4059.72,0.019825,25.579863
289.100,27.0484,150.0000,66.0625,65.9205,4059.56,0.019823,25.579863
289.200,27.0484,150.0000,65.9375,65.9193,4059.41,0.019820,25.579863
289.300,27.0484,150.0000,65.8750,65.9181,4059.26,0.019818,25.579863
289.400,27.0484,150.0000,66.0625,65.9168,4059.13,0.019816,25.579863
289.500,27.0484,150.0000,65.9375,65.9156,4059.00,0.019815,25.579863
289.600,27.0484,150.0000,66.0625,65.9144,4058.89,0.019813,25.579863
289.700,27.0484,150.0000,66.0000,65.9132,4058.78,0.019811,25.579863
289.800,27.0484,150.0000,66.0625,65.9121,4058.68,0.019810,25.579863
289.900,27.0484,150.0000,66.0000,65.9109,4058.58,0.019808,25.579863
290.000,27.0818,150.0000,66.0000,65.9097,4058.83,0.019812,25.613260
290.100,27.0818,150.0000,66.0000,65.9085,4059.06,0.019815,25.613260
290.200,27.0818,150.0000,66.0000,65.9073,4059.27,0.019818,25.613260
290.300,27.0818,150.0000,65.9375,65.9061,4059.47,0.019821,25.613260
290.400,27.0818,150.0000,66.0000,65.9049,4059.66,0.019824,25.613260
290.500,27.0818,150.0000,66.0000,65.9037,4059.83,0.019827,25.613260
290.600,27.0818,150.0000,66.0000,65.9026,4059.99,0.019829,25.613260
290.700,27.0818,150.0000,65.8750,65.9014,4060.15,0.019831,25.613260
290.800,27.0818,150.0000,65.9375,65.9002,4060.29,0.019833,25.613260
290.900,27.0818,150.0000,66.0000,65.8990,4060.42,0.019835,25.613260
291.000,27.1152,150.0000,65.9375,65.8979,4060.88,0.019842,25.646656
291.100,27.1152,150.0000,65.9375,65.8967,4061.30,0.019848,25.646656
291.200,27.1152,150.0000,66.0000,65.8955,4061.70,0.019854,25.646656
291.300,27.1152,150.0000,65.8750,65.8943,4062.07,0.019860,25.646656
291.400,27.1152,150.0000,65.9375,65.8932,4062.42,0.019865,25.646656
291.500,27.1152,150.0000,66.0000,65.8920,4062.74,0.019869,25.646656
291.600,27.1152,150.0000,65.9375,65.8908,4063.05,0.019874,25.646656
291.700,27.1152,150.0000,65.9375,65.8897,4063.33,0.019878,25.646656
291.800,27.1152,150.0000,66.0000,65.8885,4063.59,0.019882,25.646656
291.900,27.1152,150.0000,65.9375,65.8873,4063.84,0.019885,25.646656
292.000,27.0547,150.0000,66.0625,65.8862,4063.46,0.019880,25.677966
292.100,27.0547,150.0000,65.8750,65.8850,4063.11,0.019875,25.677966
292.200,27.0547,150.0000,65.9375,65.8838,4062.78,0.019870,25.677966
292.300,27.0547,150.0000,65.8750,65.8827,4062.48,0.019866,25.677966
292.400,27.0547,150.0000,65.9375,65.8816,4062.19,0.019861,25.677966
292.500,27.0547,150.0000,66.0000,65.8804,4061.93,0.019857,25.677966
292.600,27.0547,150.0000,65.9375,65.8793,4061.68,0.019854,25.677966
292.700,27.0547,150.0000,66.0625,65.8781,4061.45,0.019850,25.677966
292.800,27.0547,150.0000,65.9375,65.8770,4061.23,0.019847,25.677966
292.900,27.0547,150.0000,65.9375,65.8759,4061.03,0.019844,25.677966
293.000,27.0860,150.0000,65.8750,65.8748,4061.16,0.019846,25.709275
293.100,27.0860,150.0000,66.0000,65.8736,4061.27,0.019848,25.709275
293.200,27.0860,150.0000,66.0000,65.8725,4061.38,0.019849,25.709275
293.300,27.0860,150.0000,65.9375,65.8714,4061.48,0.019851,25.709275
293.400,27.0860,150.0000,66.0000,65.8703,4061.58,0.019852,25.709275
293.500,27.0860,150.0000,65.9375,65.8692,4061.67,0.019854,25.709275
293.600,27.0860,150.0000,65.9375,65.8681,4061.75,0.019855,25.709275
293.700,27.0860,150.0000,66.0000,65.8669,4061.82,0.019856,25.709275
293.800,27.0860,150.0000,65.8750,65.8658,4061.90,0.019857,25.709275
293.900,27.0860,150.0000,65.9375,65.8647,4061.96,0.019858,25.709275
294.000,27.1173,150.0000,65.8750,65.8636,4062.34,0.019863,25.740585
294.100,27.1173,150.0000,66.0000,65.8625,4062.69,0.019869,25.740585
294.200,27.1173,150.0000,66.0000,65.8614,4063.02,0.019873,25.740585
294.300,27.1173,150.0000,65.8750,65.8603,4063.32,0.019878,25.740585
294.400,27.1173,150.0000,65.8750,65.8592,4063.61,0.019882,25.740585
294.500,27.1173,150.0000,65.9375,65.8581,4063.87,0.019886,25.740585
294.600,27.1173,150.0000,66.0000,65.8570,4064.12,0.019890,25.740585
294.700,27.1173,150.0000,65.9375,65.8559,4064.35,0.019893,25.740585
294.800,27.1173,150.0000,66.0000,65.8548,4064.57,0.019896,25.740585
294.900,27.1173,150.0000,66.0000,65.8537,4064.77,0.019899,25.740585
295.000,27.2425,150.0000,65.9375,65.8526,4066.21,0.019920,25.773982
295.100,27.2425,150.0000,65.8750,65.8515,4067.56,0.019940,25.773982
295.200,27.2425,150.0000,65.9375,65.8504,4068.81,0.019959,25.773982
295.300,27.2425,150.0000,65.8750,65.8493,4069.98,0.019976,25.773982
295.400,27.2425,150.0000,65.8750,65.8482,4071.08,0.019992,25.773982
295.500,27.2425,150.0000,65.8750,65.8470,4072.10,0.020007,25.773982
295.600,27.2425,150.0000,65.8750,65.8459,4073.05,0.020021,25.773982
295.700,27.2425,150.0000,65.9375,65.8448,4073.94,0.020034,25.773982
295.800,27.2425,150.0000,65.8125,65.8437,4074.77,0.020046,25.773982
295.900,27.2425,150.0000,65.8750,65.8425,4075.54,0.020058,25.773982
296.000,27.0882,150.0000,65.8750,65.8414,4074.72,0.020046,25.803204
296.100,27.0882,150.0000,65.8750,65.8403,4073.95,0.020034,25.803204
296.200,27.0882,150.0000,65.8750,65.8392,4073.24,0.020024,25.803204
296.300,27.0882,150.0000,65.8750,65.8381,4072.57,0.020014,25.803204
296.400,27.0882,150.0000,65.8125,65.8370,4071.95,0.020005,25.803204
296.500,27.0882,150.0000,65.8750,65.8359,4071.36,0.019996,25.803204
296.600,27.0882,150.0000,65.8125,65.8348,4070.82,0.019988,25.803204
296.700,27.0882,150.0000,66.0000,65.8337,4070.32,0.019981,25.803204
296.800,27.0882,150.0000,65.9375,65.8326,4069.84,0.019974,25.803204
296.900,27.0882,150.0000,66.0000,65.8316,4069.40,0.019967,25.803204
297.000,27.3051,150.0000,65.8750,65.8305,4071.16,0.019993,25.836601
297.100,27.3051,150.0000,65.9375,65.8294,4072.80,0.020017,25.836601
297.200,27.3051,150.0000,65.8750,65.8283,4074.33,0.020040,25.836601
297.300,27.3051,150.0000,65.8750,65.8272,4075.76,0.020061,25.836601
297.400,27.3051,150.0000,65.9375,65.8261,4077.09,0.020081,25.836601
297.500,27.3051,150.0000,65.9375,65.8250,4078.34,0.020099,25.836601
297.600,27.3051,150.0000,65.8750,65.8239,4079.50,0.020116,25.836601
297.700,27.3051,150.0000,65.8125,65.8228,4080.59,0.020132,25.836601
297.800,27.3051,150.0000,66.0000,65.8217,4081.60,0.020147,25.836601
297.900,27.3051,150.0000,65.9375,65.8206,4082.54,0.020161,25.836601
298.000,27.2447,150.0000,65.8750,65.8194,4082.82,0.020165,25.867910
298.100,27.2447,150.0000,65.8125,65.8183,4083.08,0.020169,25.867910
298.200,27.2447,150.0000,65.8750,65.8172,4083.32,0.020173,25.867910
298.300,27.2447,150.0000,65.8125,65.8161,4083.54,0.020176,25.867910
298.400,27.2447,150.0000,65.8750,65.8150,4083.75,0.020179,25.867910
298.500,27.2447,150.0000,65.7500,65.8139,4083.95,0.020182,25.867910
298.600,27.2447,150.0000,65.8125,65.8128,4084.13,0.020185,25.867910
298.700,27.2447,150.0000,65.8750,65.8117,4084.31,0.020187,25.867910
298.800,27.2447,150.0000,65.8750,65.8106,4084.46,0.020190,25.867910
298.900,27.2447,150.0000,65.9375,65.8095,4084.61,0.020192,25.867910
299.000,27.2760,150.0000,65.8125,65.8083,4085.07,0.020199,25.899220
299.100,27.2760,150.0000,65.8750,65.8072,4085.49,0.020205,25.899220
299.200,27.2760,150.0000,65.8750,65.8061,4085.88,0.020211,25.899220
299.300,27.2760,150.0000,65.8750,65.8050,4086.25,0.020216,25.899220
299.400,27.2760,150.0000,65.8125,65.8039,4086.59,0.020221,25.899220
299.500,27.2760,150.0000,65.8750,65.8028,4086.91,0.020226,25.899220
299.600,27.2760,150.0000,65.8125,65.8017,4087.21,0.020231,25.899220
299.700,27.2760,150.0000,65.8750,65.8006,4087.49,0.020235,25.899220
299.800,27.2760,150.0000,65.9375,65.7995,4087.75,0.020239,25.899220
299.900,27.2760,150.0000,65.8750,65.7984,4087.99,0.020242,25.899220
300.000,27.2134,300.0000,65.9375,65.8869,4087.59,0.020236,25.928442
300.100,27.2134,300.0000,65.8750,65.9752,4087.22,0.020231,25.928442
300.200,27.2134,300.0000,65.9375,66.0633,4086.87,0.020226,25.928442
300.300,27.2134,300.0000,65.8125,66.1512,4086.55,0.020221,25.928442
300.400,27.2134,300.0000,65.8125,66.2389,4086.25,0.020216,25.928442
300.500,27.2134,300.0000,65.9375,66.3264,4085.96,0.020212,25.928442
300.600,27.2134,300.0000,65.9375,66.4137,4085.70,0.020208,25.928442
300.700,27.2134,300.0000,65.8750,66.5009,4085.46,0.020204,25.928442
300.800,27.2134,300.0000,66.0000,66.5878,4085.23,0.020201,25.928442
300.900,27.2134,300.0000,65.8125,66.6746,4085.01,0.020198,25.928442
301.000,27.1488,300.0000,65.8750,66.7611,4084.16,0.020185,25.955577
301.100,27.1488,300.0000,65.8125,66.8475,4083.37,0.020174,25.955577
301.200,27.1488,300.0000,65.8125,66.9337,4082.64,0.020163,25.955577
301.300,27.1488,300.0000,65.8750,67.0197,4081.95,0.020152,25.955577
301.400,27.1488,300.0000,65.8125,67.1056,4081.31,0.020143,25.955577
301.500,27.1488,300.0000,65.8750,67.1912,4080.71,0.020134,25.955577
301.600,27.1488,300.0000,65.8125,67.2767,4080.15,0.020126,25.955577
301.700,27.1488,300.0000,65.8125,67.3620,4079.62,0.020118,25.955577
301.800,27.1488,300.0000,65.9375,67.4470,4079.14,0.020111,25.955577
301.900,27.1488,300.0000,65.8750,67.5320,4078.68,0.020104,25.955577
302.000,27.2698,300.0000,65.8750,67.6167,4079.47,0.020116,25.984799
302.100,27.2698,300.0000,65.7500,67.7012,4080.20,0.020127,25.984799
302.200,27.2698,300.0000,65.8125,67.7855,4080.89,0.020137,25.984799
302.300,27.2698,300.0000,65.8125,67.8696,4081.52,0.020146,25.984799
302.400,27.2698,300.0000,65.8125,67.9536,4082.12,0.020155,25.984799
302.500,27.2698,300.0000,65.9375,68.0373,4082.68,0.020163,25.984799
302.600,27.2698,300.0000,65.9375,68.1209,4083.20,0.020171,25.984799
302.700,27.2698,300.0000,65.9375,68.2042,4083.68,0.020178,25.984799
302.800,27.2698,300.0000,65.8125,68.2874,4084.13,0.020185,25.984799
302.900,27.2698,300.0000,65.8125,68.3704,4084.55,0.020191,25.984799
303.000,27.2051,300.0000,65.8750,68.4532,4084.30,0.020187,26.011934
303.100,27.2051,300.0000,65.7500,68.5358,4084.07,0.020184,26.011934
303.200,27.2051,300.0000,65.9375,68.6182,4083.85,0.020181,26.011934
303.300,27.2051,300.0000,65.8125,68.7005,4083.64,0.020178,26.011934
303.400,27.2051,300.0000,65.8750,68.7825,4083.45,0.020175,26.011934
303.500,27.2051,300.0000,65.8750,68.8644,4083.27,0.020172,26.011934
303.600,27.2051,300.0000,65.9375,68.9461,4083.10,0.020170,26.011934
303.700,27.2051,300.0000,65.8750,69.0277,4082.95,0.020167,26.011934
303.800,27.2051,300.0000,65.9375,69.1090,4082.80,0.020165,26.011934
303.900,27.2051,300.0000,66.0000,69.1902,4082.67,0.020163,26.011934
304.000,27.5139,300.0000,66.0000,69.2712,4085.63,0.020207,26.045331
304.100,27.5139,300.0000,65.9375,69.3519,4088.39,0.020248,26.045331
304.200,27.5139,300.0000,66.0625,69.4325,4090.97,0.020286,26.045331
304.300,27.5139,300.0000,66.1250,69.5128,4093.38,0.020322,26.045331
304.400,27.5139,300.0000,66.1250,69.5929,4095.62,0.020356,26.045331
304.500,27.5139,300.0000,66.1875,69.6729,4097.72,0.020387,26.045331
304.600,27.5139,300.0000,66.0000,69.7526,4099.68,0.020416,26.045331
304.700,27.5139,300.0000,66.2500,69.8322,4101.50,0.020444,26.045331
304.800,27.5139,300.0000,66.2500,69.9115,4103.21,0.020469,26.045331
304.900,27.5139,300.0000,66.3125,69.9907,4104.80,0.020493,26.045331
305.000,28.0166,300.0000,66.3750,70.0696,4111.31,0.020591,26.089164
305.100,28.0166,300.0000,66.4375,70.1482,4117.39,0.020682,26.089164
305.200,28.0166,300.0000,66.4375,70.2267,4123.07,0.020768,26.089164
305.300,28.0166,300.0000,66.5000,70.3049,4128.36,0.020848,26.089164
305.400,28.0166,300.0000,66.5000,70.3829,4133.30,0.020923,26.089164
305.500,28.0166,300.0000,66.6250,70.4606,4137.91,0.020993,26.089164
305.600,28.0166,300.0000,66.5625,70.5382,4142.22,0.021058,26.089164
305.700,28.0166,300.0000,66.6250,70.6155,4146.24,0.021120,26.089164
305.800,28.0166,300.0000,66.7500,70.6926,4149.99,0.021177,26.089164
305.900,28.0166,300.0000,66.8125,70.7695,4153.49,0.021231,26.089164
306.000,28.8114,300.0000,66.8125,70.8461,4164.70,0.021403,26.149696
306.100,28.8114,300.0000,66.8750,70.9224,4175.17,0.021565,26.149696
306.200,28.8114,300.0000,67.0000,70.9985,4184.94,0.021717,26.149696
306.300,28.8114,300.0000,66.9375,71.0743,4194.06,0.021859,26.149696
306.400,28.8114,300.0000,67.1250,71.1498,4202.57,0.021992,26.149696
306.500,28.8114,300.0000,67.1875,71.2251,4210.51,0.022117,26.149696
306.600,28.8114,300.0000,67.1250,71.3002,4217.92,0.022234,26.149696
306.700,28.8114,300.0000,67.2500,71.3750,4224.84,0.022344,26.149696
306.800,28.8114,300.0000,67.3125,71.4495,4231.30,0.022446,26.149696
306.900,28.8114,300.0000,67.4375,71.5239,4237.33,0.022543,26.149696
307.000,29.8106,300.0000,67.4375,71.5979,4252.95,0.022793,26.231100
307.100,29.8106,300.0000,67.5625,71.6716,4267.52,0.023028,26.231100
307.200,29.8106,300.0000,67.5625,71.7450,4281.13,0.023249,26.231100
307.300,29.8106,300.0000,67.6875,71.8180,4293.82,0.023456,26.231100
307.400,29.8106,300.0000,67.6875,71.8908,4305.68,0.023651,26.231100
307.500,29.8106,300.0000,67.6875,71.9634,4316.74,0.023834,26.231100
307.600,29.8106,300.0000,67.9375,72.0356,4327.06,0.024005,26.231100
307.700,29.8106,300.0000,67.8750,72.1076,4336.70,0.024166,26.231100
307.800,29.8106,300.0000,68.0000,72.1793,4345.69,0.024317,26.231100
307.900,29.8106,300.0000,68.0000,72.2508,4354.08,0.024458,26.231100
308.000,30.7369,300.0000,68.0625,72.3220,4371.18,0.024747,26.331291
308.100,30.7369,300.0000,68.1875,72.3928,4387.14,0.025019,26.331291
308.200,30.7369,300.0000,68.2500,72.4633,4402.03,0.025275,26.331291
308.300,30.7369,300.0000,68.3750,72.5335,4415.93,0.025515,26.331291
308.400,30.7369,300.0000,68.3125,72.6035,4428.90,0.025740,26.331291
308.500,30.7369,300.0000,68.3750,72.6731,4441.01,0.025952,26.331291
308.600,30.7369,300.0000,68.5000,72.7425,4452.31,0.026151,26.331291
308.700,30.7369,300.0000,68.5625,72.8116,4462.86,0.026337,26.331291
308.800,30.7369,300.0000,68.7500,72.8804,4472.70,0.026512,26.331291
308.900,30.7369,300.0000,68.8125,72.9490,4481.89,0.026675,26.331291
309.000,32.0574,300.0000,68.8125,73.0172,4503.67,0.027066,26.458616
309.100,32.0574,300.0000,68.8125,73.0851,4524.00,0.027434,26.458616
309.200,32.0574,300.0000,68.8750,73.1526,4542.98,0.027781,26.458616
309.300,32.0574,300.0000,69.0000,73.2198,4560.68,0.028107,26.458616
309.400,32.0574,300.0000,69.0625,73.2866,4577.21,0.028414,26.458616
309.500,32.0574,300.0000,69.1250,73.3532,4592.64,0.028702,26.458616
309.600,32.0574,300.0000,69.3125,73.4194,4607.04,0.028973,26.458616
309.700,32.0574,300.0000,69.2500,73.4854,4620.47,0.029227,26.458616
309.800,32.0574,300.0000,69.4375,73.5510,4633.02,0.029466,26.458616
309.900,32.0574,300.0000,69.4375,73.6165,4644.72,0.029690,26.458616
310.000,33.1234,300.0000,69.5000,73.6815,4666.31,0.030106,26.606814
310.100,33.1234,300.0000,69.5625,73.7462,4686.45,0.030497,26.606814
310.200,33.1234,300.0000,69.6250,73.8106,4705.26,0.030866,26.606814
310.300,33.1234,300.0000,69.8125,73.8746,4722.81,0.031212,26.606814
310.400,33.1234,300.0000,69.8125,73.9383,4739.19,0.031538,26.606814
310.500,33.1234,300.0000,69.8750,74.0017,4754.48,0.031844,26.606814
310.600,33.1234,300.0000,69.9375,74.0649,4768.75,0.032132,26.606814
310.700,33.1234,300.0000,70.0000,74.1277,4782.06,0.032402,26.606814
310.800,33.1234,300.0000,70.1250,74.1903,4794.49,0.032655,26.606814
310.900,33.1234,300.0000,70.1875,74.2527,4806.09,0.032893,26.606814
311.000,34.3980,300.0000,70.2500,74.3146,4829.67,0.033379,26.780060
311.100,34.3980,300.0000,70.2500,74.3762,4851.67,0.033838,26.780060
311.200,34.3980,300.0000,70.3750,74.4375,4872.21,0.034269,26.780060
311.300,34.3980,300.0000,70.4375,74.4984,4891.37,0.034675,26.780060
311.400,34.3980,300.0000,70.5625,74.5590,4909.26,0.035057,26.780060
311.500,34.3980,300.0000,70.6875,74.6192,4925.96,0.035416,26.780060
311.600,34.3980,300.0000,70.6875,74.6792,4941.54,0.035753,26.780060
311.700,34.3980,300.0000,70.8125,74.7390,4956.08,0.036070,26.780060
311.800,34.3980,300.0000,70.7500,74.7984,4969.66,0.036367,26.780060
311.900,34.3980,300.0000,70.9375,74.8576,4982.33,0.036646,26.780060
312.000,35.6977,300.0000,70.9375,74.9164,5007.15,0.037196,26.978354
312.100,35.6977,300.0000,70.9375,74.9748,5030.32,0.037715,26.978354
312.200,35.6977,300.0000,71.0625,75.0329,5051.94,0.038203,26.978354
312.300,35.6977,300.0000,71.1875,75.0906,5072.12,0.038663,26.978354
312.400,35.6977,300.0000,71.1875,75.1480,5090.96,0.039095,26.978354
312.500,35.6977,300.0000,71.2500,75.2052,5108.54,0.039502,26.978354
312.600,35.6977,300.0000,71.2500,75.2620,5124.95,0.039884,26.978354
312.700,35.6977,300.0000,71.4375,75.3185,5140.26,0.040242,26.978354
312.800,35.6977,300.0000,71.5000,75.3748,5154.55,0.040579,26.978354
312.900,35.6977,300.0000,71.5625,75.4308,5167.89,0.040895,26.978354
313.000,36.8347,300.0000,71.6250,75.4865,5191.71,0.041463,27.197520
313.100,36.8347,300.0000,71.8125,75.5418,5213.95,0.041998,27.197520
313.200,36.8347,300.0000,71.8125,75.5967,5234.70,0.042501,27.197520
313.300,36.8347,300.0000,71.9375,75.6514,5254.06,0.042975,27.197520
313.400,36.8347,300.0000,71.8750,75.7057,5272.14,0.043420,27.197520
313.500,36.8347,300.0000,71.8750,75.7598,5289.01,0.043838,27.197520
313.600,36.8347,300.0000,72.1250,75.8136,5304.76,0.044231,27.197520
313.700,36.8347,300.0000,72.0625,75.8671,5319.45,0.044599,27.197520
313.800,36.8347,300.0000,72.1875,75.9203,5333.17,0.044945,27.197520
313.900,36.8347,300.0000,72.2500,75.9733,5345.97,0.045270,27.197520
314.000,38.0864,300.0000,72.3125,76.0260,5370.44,0.045894,27.439647
314.100,38.0864,300.0000,72.5000,76.0783,5393.28,0.046482,27.439647
314.200,38.0864,300.0000,72.3750,76.1302,5414.59,0.047035,27.439647
314.300,38.0864,300.0000,72.6250,76.1819,5434.48,0.047555,27.439647
314.400,38.0864,300.0000,72.5625,76.2332,5453.05,0.048044,27.439647
314.500,38.0864,300.0000,72.6875,76.2843,5470.37,0.048504,27.439647
314.600,38.0864,300.0000,72.8125,76.3351,5486.55,0.048935,27.439647
314.700,38.0864,300.0000,72.8750,76.3856,5501.64,0.049340,27.439647
314.800,38.0864,300.0000,72.8750,76.4359,5515.73,0.049720,27.439647
314.900,38.0864,300.0000,72.9375,76.4859,5528.88,0.050077,27.439647
315.000,39.3611,300.0000,73.0625,76.5356,5553.90,0.050760,27.704734
315.100,39.3611,300.0000,73.1250,76.5849,5577.25,0.051403,27.704734
315.200,39.3611,300.0000,73.1250,76.6339,5599.04,0.052008,27.704734
315.300,39.3611,300.0000,73.3125,76.6826,5619.39,0.052577,27.704734
315.400,39.3611,300.0000,73.3125,76.7310,5638.37,0.053111,27.704734
315.500,39.3611,300.0000,73.3125,76.7791,5656.09,0.053614,27.704734
315.600,39.3611,300.0000,73.4375,76.8269,5672.63,0.054085,27.704734
315.700,39.3611,300.0000,73.5000,76.8745,5688.07,0.054528,27.704734
315.800,39.3611,300.0000,73.6250,76.9218,5702.47,0.054943,27.704734
315.900,39.3611,300.0000,73.5625,76.9689,5715.92,0.055333,27.704734
316.000,40.5649,300.0000,73.6875,77.0156,5740.51,0.056050,27.990694
316.100,40.5649,300.0000,73.7500,77.0620,5763.46,0.056725,27.990694
316.200,40.5649,300.0000,73.7500,77.1081,5784.88,0.057360,27.990694
316.300,40.5649,300.0000,73.7500,77.1539,5804.87,0.057957,27.990694
316.400,40.5649,300.0000,73.8750,77.1994,5823.53,0.058517,27.990694
316.500,40.5649,300.0000,73.9375,77.2447,5840.94,0.059044,27.990694
316.600,40.5649,300.0000,74.0000,77.2896,5857.19,0.059538,27.990694
316.700,40.5649,300.0000,74.0625,77.3344,5872.36,0.060002,27.990694
316.800,40.5649,300.0000,74.0625,77.3788,5886.52,0.060437,27.990694
316.900,40.5649,300.0000,74.2500,77.4231,5899.74,0.060845,27.990694
317.000,41.8835,300.0000,74.2500,77.4670,5925.25,0.061638,28.299615
317.100,41.8835,300.0000,74.3750,77.5106,5949.07,0.062384,28.299615
317.200,41.8835,300.0000,74.3750,77.5538,5971.30,0.063086,28.299615
317.300,41.8835,300.0000,74.5000,77.5968,5992.05,0.063746,28.299615
317.400,41.8835,300.0000,74.6250,77.6394,6011.41,0.064366,28.299615
317.500,41.8835,300.0000,74.5625,77.6818,6029.49,0.064948,28.299615
317.600,41.8835,300.0000,74.6250,77.7240,6046.36,0.065495,28.299615
317.700,41.8835,300.0000,74.6875,77.7659,6062.10,0.066008,28.299615
317.800,41.8835,300.0000,74.8125,77.8075,6076.80,0.066489,28.299615
317.900,41.8835,300.0000,74.8125,77.8490,6090.51,0.066940,28.299615
318.000,43.0372,300.0000,74.8125,77.8901,6114.85,0.067746,28.627321
318.100,43.0372,300.0000,74.9375,77.9308,6137.56,0.068504,28.627321
318.200,43.0372,300.0000,75.0625,77.9713,6158.77,0.069216,28.627321
318.300,43.0372,300.0000,75.0625,78.0115,6178.55,0.069885,28.627321
318.400,43.0372,300.0000,75.1250,78.0515,6197.02,0.070514,28.627321
318.500,43.0372,300.0000,75.1875,78.0911,6214.26,0.071104,28.627321
318.600,43.0372,300.0000,75.1250,78.1306,6230.35,0.071658,28.627321
318.700,43.0372,300.0000,75.2500,78.1698,6245.36,0.072177,28.627321
318.800,43.0372,300.0000,75.3750,78.2087,6259.38,0.072664,28.627321
318.900,43.0372,300.0000,75.3125,78.2475,6272.46,0.073121,28.627321
319.000,44.1159,300.0000,75.4375,78.2859,6295.45,0.073928,28.971725
319.100,44.1159,300.0000,75.5000,78.3241,6316.91,0.074686,28.971725
319.200,44.1159,300.0000,75.5625,78.3620,6336.95,0.075399,28.971725
319.300,44.1159,300.0000,75.5625,78.3996,6355.64,0.076068,28.971725
319.400,44.1159,300.0000,75.6250,78.4369,6373.09,0.076697,28.971725
319.500,44.1159,300.0000,75.7500,78.4740,6389.38,0.077286,28.971725
319.600,44.1159,300.0000,75.6875,78.5109,6404.58,0.077839,28.971725
319.700,44.1159,300.0000,75.7500,78.5476,6418.76,0.078357,28.971725
319.800,44.1159,300.0000,75.8750,78.5841,6432.01,0.078843,28.971725
319.900,44.1159,300.0000,75.8750,78.6203,6444.36,0.079299,28.971725
320.000,45.3051,300.0000,75.9375,78.6563,6467.79,0.080167,29.334916
320.100,45.3051,300.0000,76.0625,78.6919,6489.66,0.080983,29.334916
320.200,45.3051,300.0000,75.9375,78.7273,6510.06,0.081749,29.334916
320.300,45.3051,300.0000,76.0625,78.7624,6529.11,0.082469,29.334916
320.400,45.3051,300.0000,76.1875,78.7973,6546.89,0.083144,29.334916
320.500,45.3051,300.0000,76.1875,78.8319,6563.48,0.083778,29.334916
320.600,45.3051,300.0000,76.1875,78.8663,6578.97,0.084372,29.334916
320.700,45.3051,300.0000,76.3125,78.9005,6593.42,0.084929,29.334916
320.800,45.3051,300.0000,76.3750,78.9345,6606.91,0.085452,29.334916
320.900,45.3051,300.0000,76.4375,78.9683,6619.50,0.085941,29.334916
321.000,46.5131,300.0000,76.5000,79.0017,6643.33,0.086873,29.716892
321.100,46.5131,300.0000,76.5625,79.0349,6665.57,0.087748,29.716892
321.200,46.5131,300.0000,76.5000,79.0679,6686.33,0.088571,29.716892
321.300,46.5131,300.0000,76.6250,79.1005,6705.71,0.089343,29.716892
321.400,46.5131,300.0000,76.6875,79.1329,6723.79,0.090068,29.716892
321.500,46.5131,300.0000,76.7500,79.1651,6740.67,0.090748,29.716892
321.600,46.5131,300.0000,76.6875,79.1971,6756.42,0.091385,29.716892
321.700,46.5131,300.0000,76.7500,79.2288,6771.13,0.091983,29.716892
321.800,46.5131,300.0000,76.8125,79.2604,6784.85,0.092544,29.716892
321.900,46.5131,300.0000,76.8125,79.2917,6797.66,0.093069,29.716892
322.000,47.4583,300.0000,76.8125,79.3228,6819.06,0.093951,30.111391
322.100,47.4583,300.0000,77.0000,79.3536,6839.04,0.094779,30.111391
322.200,47.4583,300.0000,76.9375,79.3842,6857.69,0.095556,30.111391
322.300,47.4583,300.0000,77.0625,79.4145,6875.09,0.096286,30.111391
322.400,47.4583,300.0000,77.0625,79.4446,6891.34,0.096970,30.111391
322.500,47.4583,300.0000,77.1875,79.4745,6906.50,0.097611,30.111391
322.600,47.4583,300.0000,77.1250,79.5042,6920.65,0.098212,30.111391
322.700,47.4583,300.0000,77.2500,79.5337,6933.86,0.098776,30.111391
322.800,47.4583,300.0000,77.3125,79.5630,6946.18,0.099304,30.111391
322.900,47.4583,300.0000,77.3750,79.5922,6957.69,0.099798,30.111391
323.000,48.6977,300.0000,77.5000,79.6210,6980.82,0.100796,30.524677
323.100,48.6977,300.0000,77.4375,79.6496,7002.41,0.101734,30.524677
323.200,48.6977,300.0000,77.4375,79.6780,7022.56,0.102615,30.524677
323.300,48.6977,300.0000,77.5000,79.7061,7041.36,0.103442,30.524677
323.400,48.6977,300.0000,77.5000,79.7339,7058.91,0.104217,30.524677
323.500,48.6977,300.0000,77.6250,79.7616,7075.30,0.104945,30.524677
323.600,48.6977,300.0000,77.6875,79.7890,7090.59,0.105626,30.524677
323.700,48.6977,300.0000,77.6250,79.8163,7104.86,0.106266,30.524677
323.800,48.6977,300.0000,77.6875,79.8433,7118.18,0.106864,30.524677
323.900,48.6977,300.0000,77.8125,79.8702,7130.61,0.107425,30.524677
324.000,49.7680,300.0000,77.8125,79.8968,7152.92,0.108436,30.952573
324.100,49.7680,300.0000,77.9375,79.9232,7173.73,0.109386,30.952573
324.200,49.7680,300.0000,77.9375,79.9493,7193.17,0.110277,30.952573
324.300,49.7680,300.0000,77.9375,79.9752,7211.30,0.111114,30.952573
324.400,49.7680,300.0000,78.0000,80.0008,7228.23,0.111898,30.952573
324.500,49.7680,300.0000,77.9375,80.0263,7244.03,0.112633,30.952573
324.600,49.7680,300.0000,78.0000,80.0515,7258.77,0.113322,30.952573
324.700,49.7680,300.0000,78.0000,80.0766,7272.53,0.113968,30.952573
324.800,49.7680,300.0000,78.1250,80.1015,7285.38,0.114573,30.952573
324.900,49.7680,300.0000,78.1250,80.1262,7297.37,0.115140,30.952573
325.000,50.6653,300.0000,78.2500,80.1507,7317.53,0.116097,31.390906
325.100,50.6653,300.0000,78.2500,80.1750,7336.35,0.116995,31.390906
325.200,50.6653,300.0000,78.2500,80.1990,7353.91,0.117837,31.390906
325.300,50.6653,300.0000,78.3125,80.2228,7370.30,0.118627,31.390906
325.400,50.6653,300.0000,78.3125,80.2464,7385.60,0.119367,31.390906
325.500,50.6653,300.0000,78.3750,80.2699,7399.88,0.120061,31.390906
325.600,50.6653,300.0000,78.3750,80.2931,7413.21,0.120710,31.390906
325.700,50.6653,300.0000,78.4375,80.3162,7425.65,0.121319,31.390906
325.800,50.6653,300.0000,78.4375,80.3392,7437.26,0.121889,31.390906
325.900,50.6653,300.0000,78.5625,80.3619,7448.09,0.122423,31.390906
326.000,51.7607,300.0000,78.5625,80.3845,7469.16,0.123464,31.843850
326.100,51.7607,300.0000,78.5625,80.4068,7488.82,0.124442,31.843850
326.200,51.7607,300.0000,78.6875,80.4288,7507.18,0.125359,31.843850
326.300,51.7607,300.0000,78.6250,80.4507,7524.30,0.126219,31.843850
326.400,51.7607,300.0000,78.7500,80.4724,7540.29,0.127025,31.843850
326.500,51.7607,300.0000,78.6875,80.4938,7555.21,0.127781,31.843850
326.600,51.7607,300.0000,78.8125,80.5151,7569.14,0.128489,31.843850
326.700,51.7607,300.0000,78.8125,80.5363,7582.14,0.129152,31.843850
326.800,51.7607,300.0000,78.8750,80.5572,7594.27,0.129773,31.843850
326.900,51.7607,300.0000,78.8750,80.5780,7605.59,0.130354,31.843850
327.000,52.6830,300.0000,78.9375,80.5986,7625.38,0.131374,32.307231
327.100,52.6830,300.0000,79.0625,80.6190,7643.85,0.132331,32.307231
327.200,52.6830,300.0000,79.0625,80.6392,7661.09,0.133229,32.307231
327.300,52.6830,300.0000,79.0625,80.6591,7677.18,0.134070,32.307231
327.400,52.6830,300.0000,79.0625,80.6789,7692.20,0.134858,32.307231
327.500,52.6830,300.0000,79.0625,80.6985,7706.22,0.135597,32.307231
327.600,52.6830,300.0000,79.0625,80.7179,7719.30,0.136289,32.307231
327.700,52.6830,300.0000,79.1250,80.7372,7731.51,0.136936,32.307231
327.800,52.6830,300.0000,79.1250,80.7564,7742.91,0.137543,32.307231
327.900,52.6830,300.0000,79.2500,80.7753,7753.54,0.138110,32.307231
328.000,53.7096,300.0000,79.3750,80.7941,7773.74,0.139192,32.783135
328.100,53.7096,300.0000,79.2500,80.8126,7792.58,0.140207,32.783135
328.200,53.7096,300.0000,79.2500,80.8310,7810.17,0.141159,32.783135
328.300,53.7096,300.0000,79.3125,80.8491,7826.59,0.142051,32.783135
328.400,53.7096,300.0000,79.3750,80.8671,7841.91,0.142887,32.783135
328.500,53.7096,300.0000,79.3750,80.8849,7856.22,0.143670,32.783135
328.600,53.7096,300.0000,79.5000,80.9025,7869.56,0.144404,32.783135
328.700,53.7096,300.0000,79.5000,80.9200,7882.02,0.145091,32.783135
328.800,53.7096,300.0000,79.5000,80.9373,7893.65,0.145734,32.783135
328.900,53.7096,300.0000,79.5625,80.9545,7904.50,0.146336,32.783135
329.000,54.6549,300.0000,79.5625,80.9714,7924.08,0.147426,33.269476
329.100,54.6549,300.0000,79.6250,80.9882,7942.36,0.148448,33.269476
329.200,54.6549,300.0000,79.6250,81.0047,7959.42,0.149407,33.269476
329.300,54.6549,300.0000,79.5625,81.0211,7975.34,0.150305,33.269476
329.400,54.6549,300.0000,79.6875,81.0373,7990.20,0.151147,33.269476
329.500,54.6549,300.0000,79.6875,81.0533,8004.07,0.151935,33.269476
329.600,54.6549,300.0000,79.8125,81.0692,8017.01,0.152674,33.269476
329.700,54.6549,300.0000,79.8125,81.0850,8029.09,0.153365,33.269476
329.800,54.6549,300.0000,79.8125,81.1005,8040.37,0.154012,33.269476
329.900,54.6549,300.0000,79.7500,81.1160,8050.89,0.154617,33.269476
330.000,55.4228,300.0000,79.8125,81.1313,8068.39,0.155628,33.762079
330.100,55.4228,300.0000,79.8125,81.1464,8084.73,0.156575,33.762079
330.200,55.4228,300.0000,79.8750,81.1613,8099.98,0.157463,33.762079
330.300,55.4228,300.0000,79.9375,81.1760,8114.21,0.158294,33.762079
330.400,55.4228,300.0000,79.8750,81.1906,8127.49,0.159072,33.762079
330.500,55.4228,300.0000,79.8750,81.2050,8139.88,0.159801,33.762079
330.600,55.4228,300.0000,79.9375,81.2193,8151.45,0.160484,33.762079
330.700,55.4228,300.0000,80.0625,81.2335,8162.25,0.161122,33.762079
330.800,55.4228,300.0000,80.0625,81.2475,8172.33,0.161720,33.762079
330.900,55.4228,300.0000,80.0625,81.2614,8181.73,0.162279,33.762079
331.000,56.3848,300.0000,80.0000,81.2752,8200.13,0.163376,34.265118
331.100,56.3848,300.0000,80.0625,81.2887,8217.30,0.164405,34.265118
331.200,56.3848,300.0000,80.1875,81.3021,8233.33,0.165369,34.265118
331.300,56.3848,300.0000,80.1875,81.3153,8248.29,0.166272,34.265118
331.400,56.3848,300.0000,80.0625,81.3283,8262.25,0.167117,34.265118
331.500,56.3848,300.0000,80.1250,81.3412,8275.28,0.167909,34.265118
331.600,56.3848,300.0000,80.1250,81.3539,8287.45,0.168651,34.265118
331.700,56.3848,300.0000,80.2500,81.3665,8298.80,0.169345,34.265118
331.800,56.3848,300.0000,80.2500,81.3790,8309.39,0.169994,34.265118
331.900,56.3848,300.0000,80.3125,81.3914,8319.28,0.170602,34.265118
332.000,57.2633,300.0000,80.2500,81.4035,8337.29,0.171712,34.776507
332.100,57.2633,300.0000,80.3125,81.4155,8354.11,0.172753,34.776507
332.200,57.2633,300.0000,80.3750,81.4273,8369.80,0.173729,34.776507
332.300,57.2633,300.0000,80.4375,81.4390,8384.45,0.174642,34.776507
332.400,57.2633,300.0000,80.3750,81.4505,8398.12,0.175498,34.776507
332.500,57.2633,300.0000,80.5000,81.4619,8410.87,0.176299,34.776507
332.600,57.2633,300.0000,80.3750,81.4731,8422.78,0.177049,34.776507
332.700,57.2633,300.0000,80.4375,81.4842,8433.90,0.177751,34.776507
332.800,57.2633,300.0000,80.5000,81.4952,8444.27,0.178407,34.776507
332.900,57.2633,300.0000,80.5000,81.5061,8453.95,0.179022,34.776507
333.000,58.0563,300.0000,80.5000,81.5167,8470.92,0.180102,35.294157
333.100,58.0563,300.0000,80.5625,81.5273,8486.75,0.181113,35.294157
333.200,58.0563,300.0000,80.6250,81.5376,8501.53,0.182061,35.294157
333.300,58.0563,300.0000,80.6250,81.5478,8515.33,0.182949,35.294157
333.400,58.0563,300.0000,80.6875,81.5579,8528.20,0.183780,35.294157
333.500,58.0563,300.0000,80.6875,81.5678,8540.22,0.184558,35.294157
333.600,58.0563,300.0000,80.6250,81.5777,8551.43,0.185286,35.294157
333.700,58.0563,300.0000,80.5625,81.5874,8561.90,0.185967,35.294157
333.800,58.0563,300.0000,80.7500,81.5969,8571.67,0.186605,35.294157
333.900,58.0563,300.0000,80.6875,81.6064,8580.79,0.187201,35.294157
334.000,58.8555,300.0000,80.6875,81.6157,8597.29,0.188283,35.818070
334.100,58.8555,300.0000,80.6875,81.6249,8612.69,0.189297,35.818070
334.200,58.8555,300.0000,80.8750,81.6339,8627.07,0.190246,35.818070
334.300,58.8555,300.0000,80.8125,81.6427,8640.49,0.191135,35.818070
334.400,58.8555,300.0000,80.6875,81.6515,8653.01,0.191967,35.818070
334.500,58.8555,300.0000,80.8125,81.6600,8664.70,0.192746,35.818070
334.600,58.8555,300.0000,80.8750,81.6685,8675.61,0.193475,35.818070
334.700,58.8555,300.0000,80.8125,81.6769,8685.79,0.194157,35.818070
334.800,58.8555,300.0000,80.8750,81.6851,8695.29,0.194795,35.818070
334.900,58.8555,300.0000,80.9375,81.6933,8704.16,0.195392,35.818070
335.000,59.7549,300.0000,80.8125,81.7013,8721.43,0.196557,36.350331
335.100,59.7549,300.0000,80.8750,81.7091,8737.55,0.197649,36.350331
335.200,59.7549,300.0000,80.9375,81.7168,8752.60,0.198672,36.350331
335.300,59.7549,300.0000,81.0000,81.7243,8766.64,0.199630,36.350331
335.400,59.7549,300.0000,80.9375,81.7317,8779.75,0.200527,36.350331
335.500,59.7549,300.0000,81.0000,81.7389,8791.98,0.201366,36.350331
335.600,59.7549,300.0000,81.0000,81.7461,8803.40,0.202152,36.350331
335.700,59.7549,300.0000,81.0625,81.7531,8814.05,0.202887,36.350331
335.800,59.7549,300.0000,81.0625,81.7600,8824.00,0.203574,36.350331
335.900,59.7549,300.0000,81.0625,81.7668,8833.28,0.204217,36.350331
336.000,60.4749,300.0000,81.0625,81.7735,8849.15,0.205320,36.886767
336.100,60.4749,300.0000,80.9375,81.7800,8863.95,0.206352,36.886767
336.200,60.4749,300.0000,81.1250,81.7863,8877.77,0.207319,36.886767
336.300,60.4749,300.0000,81.1875,81.7926,8890.67,0.208223,36.886767
336.400,60.4749,300.0000,81.0625,81.7987,8902.71,0.209070,36.886767
336.500,60.4749,300.0000,81.1250,81.8047,8913.94,0.209863,36.886767
336.600,60.4749,300.0000,81.1250,81.8106,8924.43,0.210605,36.886767
336.700,60.4749,300.0000,81.1875,81.8164,8934.22,0.211298,36.886767
336.800,60.4749,300.0000,81.1250,81.8221,8943.35,0.211947,36.886767
336.900,60.4749,300.0000,81.1875,81.8277,8951.88,0.212554,36.886767
337.000,61.1991,300.0000,81.3125,81.8331,8967.08,0.213638,37.427378
337.100,61.1991,300.0000,81.3125,81.8384,8981.26,0.214654,37.427378
337.200,61.1991,300.0000,81.1875,81.8436,8994.50,0.215604,37.427378
337.300,61.1991,300.0000,81.3750,81.8487,9006.86,0.216494,37.427378
337.400,61.1991,300.0000,81.2500,81.8536,9018.39,0.217327,37.427378
337.500,61.1991,300.0000,81.3125,81.8584,9029.16,0.218106,37.427378
337.600,61.1991,300.0000,81.3125,81.8632,9039.21,0.218835,37.427378
337.700,61.1991,300.0000,81.3125,81.8678,9048.58,0.219517,37.427378
337.800,61.1991,300.0000,81.3750,81.8723,9057.34,0.220155,37.427378
337.900,61.1991,300.0000,81.2500,81.8768,9065.50,0.220751,37.427378
338.000,61.8336,300.0000,81.2500,81.8811,9079.47,0.221773,37.970076
338.100,61.8336,300.0000,81.2500,81.8853,9092.51,0.222730,37.970076
338.200,61.8336,300.0000,81.4375,81.8894,9104.68,0.223625,37.970076
338.300,61.8336,300.0000,81.3750,81.8934,9116.04,0.224463,37.970076
338.400,61.8336,300.0000,81.4375,81.8972,9126.64,0.225247,37.970076
338.500,61.8336,300.0000,81.4375,81.9010,9136.53,0.225980,37.970076
338.600,61.8336,300.0000,81.4375,81.9047,9145.76,0.226666,37.970076
338.700,61.8336,300.0000,81.4375,81.9083,9154.38,0.227307,37.970076
338.800,61.8336,300.0000,81.4375,81.9118,9162.43,0.227907,37.970076
338.900,61.8336,300.0000,81.5000,81.9152,9169.93,0.228468,37.970076
339.000,62.7518,300.0000,81.5625,81.9185,9186.12,0.229680,38.521123
339.100,62.7518,300.0000,81.3750,81.9216,9201.23,0.230815,38.521123
339.200,62.7518,300.0000,81.5000,81.9246,9215.33,0.231878,38.521123
339.300,62.7518,300.0000,81.4375,81.9275,9228.50,0.232873,38.521123
339.400,62.7518,300.0000,81.5000,81.9302,9240.78,0.233804,38.521123
339.500,62.7518,300.0000,81.6250,81.9329,9252.25,0.234676,38.521123
339.600,62.7518,300.0000,81.5000,81.9354,9262.95,0.235491,38.521123
339.700,62.7518,300.0000,81.5625,81.9379,9272.94,0.236253,38.521123
339.800,62.7518,300.0000,81.5000,81.9402,9282.26,0.236967,38.521123
339.900,62.7518,300.0000,81.5000,81.9425,9290.96,0.237634,38.521123
340.000,63.3028,300.0000,81.6250,81.9447,9304.59,0.238681,39.072171
340.100,63.3028,300.0000,81.6875,81.9467,9317.31,0.239661,39.072171
340.200,63.3028,300.0000,81.6250,81.9486,9329.19,0.240579,39.072171
340.300,63.3028,300.0000,81.6875,81.9504,9340.27,0.241437,39.072171
340.400,63.3028,300.0000,81.6250,81.9521,9350.61,0.242240,39.072171
340.500,63.3028,300.0000,81.5625,81.9538,9360.27,0.242991,39.072171
340.600,63.3028,300.0000,81.6250,81.9553,9369.28,0.243694,39.072171
340.700,63.3028,300.0000,81.6250,81.9568,9377.69,0.244351,39.072171
340.800,63.3028,300.0000,81.5625,81.9582,9385.54,0.244965,39.072171
340.900,63.3028,300.0000,81.6250,81.9595,9392.86,0.245539,39.072171
341.000,64.0416,300.0000,81.5625,81.9607,9407.09,0.246656,39.627392
341.100,64.0416,300.0000,81.6250,81.9617,9420.36,0.247702,39.627392
341.200,64.0416,300.0000,81.6875,81.9627,9432.76,0.248681,39.627392
341.300,64.0416,300.0000,81.6875,81.9635,9444.32,0.249596,39.627392
341.400,64.0416,300.0000,81.5625,81.9643,9455.12,0.250453,39.627392
341.500,64.0416,300.0000,81.6250,81.9650,9465.19,0.251255,39.627392
341.600,64.0416,300.0000,81.6875,81.9655,9474.59,0.252004,39.627392
341.700,64.0416,300.0000,81.6250,81.9660,9483.37,0.252705,39.627392
341.800,64.0416,300.0000,81.6875,81.9664,9491.56,0.253361,39.627392
341.900,64.0416,300.0000,81.6875,81.9668,9499.21,0.253973,39.627392
342.000,64.6907,300.0000,81.7500,81.9670,9512.83,0.255068,40.184702
342.100,64.6907,300.0000,81.6875,81.9671,9525.55,0.256092,40.184702
342.200,64.6907,300.0000,81.7500,81.9671,9537.42,0.257051,40.184702
342.300,64.6907,300.0000,81.7500,81.9670,9548.50,0.257948,40.184702
342.400,64.6907,300.0000,81.6875,81.9668,9558.84,0.258787,40.184702
342.500,64.6907,300.0000,81.7500,81.9666,9568.49,0.259571,40.184702
342.600,64.6907,300.0000,81.7500,81.9662,9577.50,0.260305,40.184702
342.700,64.6907,300.0000,81.6875,81.9658,9585.91,0.260991,40.184702
342.800,64.6907,300.0000,81.6875,81.9653,9593.75,0.261633,40.184702
342.900,64.6907,300.0000,81.8125,81.9647,9601.08,0.262232,40.184702
343.000,65.4357,300.0000,81.7500,81.9640,9615.36,0.263404,40.746185
343.100,65.4357,300.0000,81.7500,81.9632,9628.70,0.264502,40.746185
343.200,65.4357,300.0000,81.7500,81.9623,9641.14,0.265529,40.746185
343.300,65.4357,300.0000,81.8125,81.9613,9652.75,0.266489,40.746185
343.400,65.4357,300.0000,81.8750,81.9602,9663.60,0.267388,40.746185
343.500,65.4357,300.0000,81.8125,81.9590,9673.71,0.268229,40.746185
343.600,65.4357,300.0000,81.8125,81.9577,9683.16,0.269015,40.746185
343.700,65.4357,300.0000,81.8750,81.9564,9691.97,0.269751,40.746185
343.800,65.4357,300.0000,81.8125,81.9549,9700.20,0.270438,40.746185
343.900,65.4357,300.0000,81.8125,81.9534,9707.87,0.271081,40.746185
344.000,65.9972,300.0000,81.8750,81.9518,9720.65,0.272153,41.307669
344.100,65.9972,300.0000,81.8125,81.9501,9732.58,0.273156,41.307669
344.200,65.9972,300.0000,81.8125,81.9483,9743.72,0.274094,41.307669
344.300,65.9972,300.0000,81.9375,81.9464,9754.11,0.274972,41.307669
344.400,65.9972,300.0000,81.8125,81.9445,9763.81,0.275793,41.307669
344.500,65.9972,300.0000,81.8125,81.9424,9772.86,0.276561,41.307669
344.600,65.9972,300.0000,81.8750,81.9403,9781.31,0.277279,41.307669
344.700,65.9972,300.0000,81.8750,81.9381,9789.19,0.277950,41.307669
344.800,65.9972,300.0000,81.9375,81.9359,9796.55,0.278577,41.307669
344.900,65.9972,300.0000,81.8125,81.9336,9803.42,0.279164,41.307669
345.000,66.5587,300.0000,81.9375,81.9312,9815.45,0.280192,41.869153
345.100,66.5587,300.0000,81.8125,81.9287,9826.67,0.281155,41.869153
345.200,66.5587,300.0000,81.8750,81.9261,9837.15,0.282055,41.869153
345.300,66.5587,300.0000,81.8750,81.9234,9846.92,0.282897,41.869153
345.400,66.5587,300.0000,81.9375,81.9207,9856.05,0.283684,41.869153
345.500,66.5587,300.0000,81.9375,81.9179,9864.57,0.284420,41.869153
345.600,66.5587,300.0000,81.8750,81.9150,9872.52,0.285108,41.869153
345.700,66.5587,300.0000,82.0000,81.9121,9879.94,0.285751,41.869153
345.800,66.5587,300.0000,81.8750,81.9091,9886.86,0.286353,41.869153
345.900,66.5587,300.0000,81.8750,81.9060,9893.32,0.286915,41.869153
346.000,67.2141,300.0000,81.9375,81.9029,9905.91,0.288011,42.432724
346.100,67.2141,300.0000,81.8125,81.8996,9917.66,0.289037,42.432724
346.200,67.2141,300.0000,81.8750,81.8963,9928.62,0.289997,42.432724
346.300,67.2141,300.0000,81.8125,81.8929,9938.85,0.290894,42.432724
346.400,67.2141,300.0000,81.8750,81.8894,9948.40,0.291733,42.432724
346.500,67.2141,300.0000,81.9375,81.8858,9957.32,0.292518,42.432724
346.600,67.2141,300.0000,81.9375,81.8822,9965.64,0.293252,42.432724
346.700,67.2141,300.0000,81.9375,81.8785,9973.40,0.293938,42.432724
346.800,67.2141,300.0000,81.8125,81.8748,9980.65,0.294579,42.432724
346.900,67.2141,300.0000,81.9375,81.8710,9987.41,0.295179,42.432724
347.000,67.8715,300.0000,81.8750,81.8670,10000.30,0.296323,42.998382
347.100,67.8715,300.0000,81.9375,81.8630,10012.33,0.297394,42.998382
347.200,67.8715,300.0000,81.9375,81.8589,10023.55,0.298395,42.998382
347.300,67.8715,300.0000,81.8750,81.8548,10034.03,0.299332,42.998382
347.400,67.8715,300.0000,81.9375,81.8505,10043.81,0.300208,42.998382
347.500,67.8715,300.0000,81.8125,81.8462,10052.94,0.301027,42.998382
347.600,67.8715,300.0000,81.9375,81.8418,10061.46,0.301793,42.998382
347.700,67.8715,300.0000,81.9375,81.8373,10069.41,0.302509,42.998382
347.800,67.8715,300.0000,81.9375,81.8328,10076.83,0.303178,42.998382
347.900,67.8715,300.0000,81.8750,81.8283,10083.76,0.303804,42.998382
348.000,68.3433,300.0000,81.9375,81.8236,10094.94,0.304816,43.561953
348.100,68.3433,300.0000,81.9375,81.8189,10105.38,0.305762,43.561953
348.200,68.3433,300.0000,81.8125,81.8141,10115.12,0.306647,43.561953
348.300,68.3433,300.0000,81.9375,81.8092,10124.21,0.307475,43.561953
348.400,68.3433,300.0000,81.8125,81.8043,10132.70,0.308249,43.561953
348.500,68.3433,300.0000,82.0000,81.7993,10140.62,0.308972,43.561953
348.600,68.3433,300.0000,81.9375,81.7942,10148.01,0.309648,43.561953
348.700,68.3433,300.0000,81.9375,81.7891,10154.91,0.310280,43.561953
348.800,68.3433,300.0000,82.0625,81.7839,10161.35,0.310871,43.561953
348.900,68.3433,300.0000,82.0000,81.7788,10167.36,0.311423,43.561953
349.000,69.0946,300.0000,81.8750,81.7735,10180.48,0.312630,44.129699
349.100,69.0946,300.0000,81.8125,81.7681,10192.73,0.313760,44.129699
349.200,69.0946,300.0000,81.8750,81.7626,10204.16,0.314817,44.129699
349.300,69.0946,300.0000,81.9375,81.7570,10214.83,0.315805,44.129699
349.400,69.0946,300.0000,81.8125,81.7514,10224.78,0.316730,44.129699
349.500,69.0946,300.0000,81.8750,81.7457,10234.08,0.317594,44.129699
349.600,69.0946,300.0000,82.0000,81.7399,10242.75,0.318402,44.129699
349.700,69.0946,300.0000,81.8125,81.7341,10250.85,0.319158,44.129699
349.800,69.0946,300.0000,81.9375,81.7282,10258.40,0.319864,44.129699
349.900,69.0946,300.0000,81.8125,81.7222,10265.46,0.320524,44.129699
350.000,69.3807,300.0000,81.8750,81.7162,10274.90,0.321410,44.691183
350.100,69.3807,300.0000,81.8750,81.7102,10283.71,0.322238,44.691183
350.200,69.3807,300.0000,81.9375,81.7040,10291.94,0.323012,44.691183
350.300,69.3807,300.0000,81.8750,81.6979,10299.62,0.323735,44.691183
350.400,69.3807,300.0000,81.9375,81.6916,10306.78,0.324411,44.691183
350.500,69.3807,300.0000,81.9375,81.6854,10313.47,0.325043,44.691183
350.600,69.3807,300.0000,81.8750,81.6790,10319.72,0.325634,44.691183
350.700,69.3807,300.0000,81.9375,81.6727,10325.54,0.326186,44.691183
350.800,69.3807,300.0000,81.9375,81.6663,10330.98,0.326701,44.691183
350.900,69.3807,300.0000,81.8125,81.6599,10336.06,0.327183,44.691183
351.000,69.9422,300.0000,81.9375,81.6534,10346.41,0.328167,45.252666
351.100,69.9422,300.0000,81.8750,81.6468,10356.07,0.329087,45.252666
351.200,69.9422,300.0000,81.8750,81.6402,10365.09,0.329948,45.252666
351.300,69.9422,300.0000,81.8750,81.6335,10373.50,0.330752,45.252666
351.400,69.9422,300.0000,81.9375,81.6267,10381.36,0.331504,45.252666
351.500,69.9422,300.0000,81.9375,81.6199,10388.69,0.332207,45.252666
351.600,69.9422,300.0000,81.8125,81.6131,10395.53,0.332864,45.252666
351.700,69.9422,300.0000,81.8125,81.6062,10401.92,0.333478,45.252666
351.800,69.9422,300.0000,81.8750,81.5993,10407.88,0.334051,45.252666
351.900,69.9422,300.0000,81.8125,81.5924,10413.44,0.334587,45.252666
352.000,70.5037,300.0000,81.8750,81.5853,10424.25,0.335630,45.814150
352.100,70.5037,300.0000,81.9375,81.5782,10434.34,0.336605,45.814150
352.200,70.5037,300.0000,81.8125,81.5710,10443.75,0.337517,45.814150
352.300,70.5037,300.0000,81.8750,81.5638,10452.54,0.338370,45.814150
352.400,70.5037,300.0000,81.8125,81.5565,10460.74,0.339167,45.814150
352.500,70.5037,300.0000,81.8750,81.5492,10468.40,0.339912,45.814150
352.600,70.5037,300.0000,81.8750,81.5418,10475.54,0.340609,45.814150
352.700,70.5037,300.0000,81.7500,81.5344,10482.21,0.341259,45.814150
352.800,70.5037,300.0000,81.7500,81.5269,10488.43,0.341867,45.814150
352.900,70.5037,300.0000,81.8125,81.5194,10494.24,0.342436,45.814150
353.000,71.0652,300.0000,81.8125,81.5118,10505.28,0.343517,46.375634
353.100,71.0652,300.0000,81.8750,81.5042,10515.58,0.344529,46.375634
353.200,71.0652,300.0000,81.8125,81.4964,10525.19,0.345474,46.375634
353.300,71.0652,300.0000,81.8125,81.4887,10534.16,0.346359,46.375634
353.400,71.0652,300.0000,81.8125,81.4808,10542.54,0.347185,46.375634
353.500,71.0652,300.0000,81.8125,81.4729,10550.35,0.347958,46.375634
353.600,71.0652,300.0000,81.8750,81.4650,10557.65,0.348681,46.375634
353.700,71.0652,300.0000,81.8125,81.4570,10564.46,0.349356,46.375634
353.800,71.0652,300.0000,81.6875,81.4490,10570.81,0.349986,46.375634
353.900,71.0652,300.0000,81.8125,81.4409,10576.74,0.350576,46.375634
354.000,71.6267,300.0000,81.8750,81.4328,10587.89,0.351686,46.937117
354.100,71.6267,300.0000,81.6875,81.4246,10598.30,0.352724,46.937117
354.200,71.6267,300.0000,81.8125,81.4163,10608.01,0.353695,46.937117
354.300,71.6267,300.0000,81.6875,81.4080,10617.08,0.354602,46.937117
354.400,71.6267,300.0000,81.7500,81.3996,10625.54,0.355451,46.937117
354.500,71.6267,300.0000,81.8125,81.3912,10633.44,0.356244,46.937117
354.600,71.6267,300.0000,81.6875,81.3827,10640.81,0.356985,46.937117
354.700,71.6267,300.0000,81.8125,81.3742,10647.69,0.357678,46.937117
354.800,71.6267,300.0000,81.6250,81.3656,10654.11,0.358326,46.937117
354.900,71.6267,300.0000,81.7500,81.3570,10660.10,0.358931,46.937117
355.000,72.0943,300.0000,81.7500,81.3483,10670.37,0.359969,47.496514
355.100,72.0943,300.0000,81.8125,81.3396,10679.96,0.360940,47.496514
355.200,72.0943,300.0000,81.7500,81.3308,10688.90,0.361848,47.496514
355.300,72.0943,300.0000,81.6875,81.3220,10697.25,0.362696,47.496514
355.400,72.0943,300.0000,81.7500,81.3131,10705.04,0.363489,47.496514
355.500,72.0943,300.0000,81.6875,81.3041,10712.32,0.364231,47.496514
355.600,72.0943,300.0000,81.6250,81.2952,10719.11,0.364924,47.496514
355.700,72.0943,300.0000,81.6875,81.2861,10725.44,0.365571,47.496514
355.800,72.0943,300.0000,81.7500,81.2771,10731.36,0.366176,47.496514
355.900,72.0943,300.0000,81.7500,81.2680,10736.88,0.366741,47.496514
356.000,72.6537,300.0000,81.7500,81.2589,10747.62,0.367844,48.055910
356.100,72.6537,300.0000,81.6875,81.2497,10757.65,0.368874,48.055910
356.200,72.6537,300.0000,81.6250,81.2404,10767.01,0.369838,48.055910
356.300,72.6537,300.0000,81.6250,81.2311,10775.75,0.370739,48.055910
356.400,72.6537,300.0000,81.6875,81.2217,10783.90,0.371581,48.055910
356.500,72.6537,300.0000,81.6875,81.2123,10791.51,0.372368,48.055910
356.600,72.6537,300.0000,81.6250,81.2028,10798.61,0.373104,48.055910
356.700,72.6537,300.0000,81.6875,81.1933,10805.24,0.373792,48.055910
356.800,72.6537,300.0000,81.6250,81.1837,10811.43,0.374434,48.055910
356.900,72.6537,300.0000,81.5625,81.1742,10817.20,0.375035,48.055910
357.000,72.9315,300.0000,81.6875,81.1646,10825.37,0.375885,48.609045
357.100,72.9315,300.0000,81.6250,81.1549,10833.00,0.376679,48.609045
357.200,72.9315,300.0000,81.5625,81.1452,10840.11,0.377422,48.609045
357.300,72.9315,300.0000,81.6875,81.1355,10846.75,0.378116,48.609045
357.400,72.9315,300.0000,81.6250,81.1257,10852.95,0.378765,48.609045
357.500,72.9315,300.0000,81.5625,81.1159,10858.73,0.379371,48.609045
357.600,72.9315,300.0000,81.6875,81.1061,10864.13,0.379937,48.609045
357.700,72.9315,300.0000,81.6250,81.0962,10869.17,0.380466,48.609045
357.800,72.9315,300.0000,81.6250,81.0863,10873.88,0.380960,48.609045
357.900,72.9315,300.0000,81.5000,81.0765,10878.27,0.381422,48.609045
358.000,73.3907,300.0000,81.5625,81.0665,10886.96,0.382336,49.160092
358.100,73.3907,300.0000,81.5625,81.0565,10895.07,0.383191,49.160092
358.200,73.3907,300.0000,81.5625,81.0465,10902.64,0.383991,49.160092
358.300,73.3907,300.0000,81.4375,81.0364,10909.70,0.384738,49.160092
358.400,73.3907,300.0000,81.5000,81.0263,10916.29,0.385436,49.160092
358.500,73.3907,300.0000,81.5625,81.0162,10922.45,0.386088,49.160092
358.600,73.3907,300.0000,81.5000,81.0060,10928.19,0.386697,49.160092
358.700,73.3907,300.0000,81.5000,80.9959,10933.55,0.387267,49.160092
358.800,73.3907,300.0000,81.5000,80.9857,10938.56,0.387799,49.160092
358.900,73.3907,300.0000,81.5000,80.9754,10943.23,0.388296,49.160092
359.000,73.9418,300.0000,81.4375,80.9651,10953.10,0.389347,49.711139
359.100,73.9418,300.0000,81.4375,80.9548,10962.31,0.390330,49.711139
359.200,73.9418,300.0000,81.4375,80.9444,10970.91,0.391249,49.711139
359.300,73.9418,300.0000,81.4375,80.9339,10978.93,0.392109,49.711139
359.400,73.9418,300.0000,81.5625,80.9235,10986.42,0.392912,49.711139
359.500,73.9418,300.0000,81.5000,80.9129,10993.41,0.393662,49.711139
359.600,73.9418,300.0000,81.5000,80.9024,10999.93,0.394363,49.711139
359.700,73.9418,300.0000,81.4375,80.8918,11006.02,0.395018,49.711139
359.800,73.9418,300.0000,81.3750,80.8812,11011.71,0.395631,49.711139
359.900,73.9418,300.0000,81.3750,80.8705,11017.01,0.396203,49.711139
360.000,74.3051,300.0000,81.3750,80.8599,11025.59,0.397129,50.258012
360.100,74.3051,300.0000,81.4375,80.8491,11033.60,0.397996,50.258012
360.200,74.3051,300.0000,81.3750,80.8384,11041.08,0.398805,50.258012
360.300,74.3051,300.0000,81.3750,80.8275,11048.06,0.399562,50.258012
360.400,74.3051,300.0000,81.3125,80.8167,11054.57,0.400269,50.258012
360.500,74.3051,300.0000,81.3125,80.8058,11060.65,0.400930,50.258012
360.600,74.3051,300.0000,81.3125,80.7949,11066.33,0.401547,50.258012
360.700,74.3051,300.0000,81.3750,80.7840,11071.62,0.402124,50.258012
360.800,74.3051,300.0000,81.3125,80.7731,11076.57,0.402663,50.258012
360.900,74.3051,300.0000,81.3125,80.7621,11081.18,0.403166,50.258012
361.000,74.7581,300.0000,81.3125,80.7511,11090.02,0.404131,50.802797
361.100,74.7581,300.0000,81.2500,80.7401,11098.26,0.405034,50.802797
361.200,74.7581,300.0000,81.3125,80.7290,11105.96,0.405877,50.802797
361.300,74.7581,300.0000,81.3125,80.7178,11113.14,0.406665,50.802797
361.400,74.7581,300.0000,81.3750,80.7067,11119.85,0.407402,50.802797
361.500,74.7581,300.0000,81.2500,80.6955,11126.10,0.408090,50.802797
361.600,74.7581,300.0000,81.2500,80.6843,11131.95,0.408733,50.802797
361.700,74.7581,300.0000,81.2500,80.6730,11137.40,0.409334,50.802797
361.800,74.7581,300.0000,81.2500,80.6617,11142.48,0.409895,50.802797
361.900,74.7581,300.0000,81.2500,80.6505,11147.23,0.410419,50.802797
362.000,75.2090,300.0000,81.1875,80.6391,11156.17,0.411407,51.345495
362.100,75.2090,300.0000,81.2500,80.6278,11164.52,0.412331,51.345495
362.200,75.2090,300.0000,81.1875,80.6163,11172.31,0.413195,51.345495
362.300,75.2090,300.0000,81.1875,80.6049,11179.58,0.414002,51.345495
362.400,75.2090,300.0000,81.1875,80.5934,11186.36,0.414756,51.345495
362.500,75.2090,300.0000,81.1875,80.5819,11192.70,0.415461,51.345495
362.600,75.2090,300.0000,81.1875,80.5703,11198.61,0.416120,51.345495
362.700,75.2090,300.0000,81.2500,80.5587,11204.12,0.416735,51.345495
362.800,75.2090,300.0000,81.1875,80.5472,11209.27,0.417310,51.345495
362.900,75.2090,300.0000,81.1875,80.5356,11214.08,0.417846,51.345495
363.000,75.6578,300.0000,81.1250,80.5239,11223.05,0.418850,51.886106
363.100,75.6578,300.0000,81.1875,80.5122,11231.42,0.419789,51.886106
363.200,75.6578,300.0000,81.1250,80.5004,11239.24,0.420666,51.886106
363.300,75.6578,300.0000,81.1875,80.4887,11246.54,0.421486,51.886106
363.400,75.6578,300.0000,81.0625,80.4769,11253.35,0.422252,51.886106
363.500,75.6578,300.0000,81.1250,80.4650,11259.70,0.422967,51.886106
363.600,75.6578,300.0000,81.1250,80.4531,11265.63,0.423636,51.886106
363.700,75.6578,300.0000,81.1250,80.4413,11271.17,0.424261,51.886106
363.800,75.6578,300.0000,81.0625,80.4293,11276.34,0.424845,51.886106
363.900,75.6578,300.0000,81.0625,80.4174,11281.16,0.425390,51.886106
364.000,76.0107,300.0000,81.0625,80.4055,11289.19,0.426299,52.422542
364.100,76.0107,300.0000,81.0625,80.3934,11296.68,0.427149,52.422542
364.200,76.0107,300.0000,81.1250,80.3814,11303.68,0.427943,52.422542
364.300,76.0107,300.0000,81.0000,80.3693,11310.21,0.428685,52.422542
364.400,76.0107,300.0000,81.0000,80.3572,11316.30,0.429378,52.422542
364.500,76.0107,300.0000,81.1250,80.3451,11321.99,0.430026,52.422542
364.600,76.0107,300.0000,81.0625,80.3330,11327.30,0.430631,52.422542
364.700,76.0107,300.0000,80.9375,80.3208,11332.25,0.431196,52.422542
364.800,76.0107,300.0000,81.0625,80.3087,11336.87,0.431724,52.422542
364.900,76.0107,300.0000,80.8750,80.2965,11341.19,0.432217,52.422542
365.000,76.2655,300.0000,80.8750,80.2843,11347.77,0.432969,52.952716
365.100,76.2655,300.0000,80.9375,80.2721,11353.90,0.433672,52.952716
365.200,76.2655,300.0000,80.9375,80.2598,11359.63,0.434329,52.952716
365.300,76.2655,300.0000,80.9375,80.2475,11364.98,0.434943,52.952716
365.400,76.2655,300.0000,80.9375,80.2353,11369.97,0.435516,52.952716
365.500,76.2655,300.0000,80.8750,80.2230,11374.63,0.436051,52.952716
365.600,76.2655,300.0000,80.9375,80.2106,11378.97,0.436551,52.952716
365.700,76.2655,300.0000,80.8750,80.1983,11383.03,0.437019,52.952716
365.800,76.2655,300.0000,80.8750,80.1860,11386.82,0.437455,52.952716
365.900,76.2655,300.0000,80.8125,80.1737,11390.35,0.437862,52.952716
366.000,76.7018,300.0000,80.7500,80.1613,11398.01,0.438746,53.480803
366.100,76.7018,300.0000,80.7500,80.1489,11405.16,0.439573,53.480803
366.200,76.7018,300.0000,80.7500,80.1365,11411.84,0.440345,53.480803
366.300,76.7018,300.0000,80.8125,80.1240,11418.07,0.441066,53.480803
366.400,76.7018,300.0000,80.7500,80.1115,11423.88,0.441740,53.480803
366.500,76.7018,300.0000,80.7500,80.0990,11429.31,0.442370,53.480803
366.600,76.7018,300.0000,80.8125,80.0865,11434.37,0.442959,53.480803
366.700,76.7018,300.0000,80.8125,80.0740,11439.10,0.443508,53.480803
366.800,76.7018,300.0000,80.7500,80.0615,11443.51,0.444022,53.480803
366.900,76.7018,300.0000,80.6875,80.0489,11447.63,0.444501,53.480803
367.000,77.0422,300.0000,80.7500,80.0363,11454.87,0.445346,54.004716
367.100,77.0422,300.0000,80.6875,80.0237,11461.64,0.446135,54.004716
367.200,77.0422,300.0000,80.6250,80.0111,11467.95,0.446873,54.004716
367.300,77.0422,300.0000,80.8125,79.9984,11473.84,0.447562,54.004716
367.400,77.0422,300.0000,80.6250,79.9858,11479.34,0.448206,54.004716
367.500,77.0422,300.0000,80.6250,79.9731,11484.47,0.448807,54.004716
367.600,77.0422,300.0000,80.6250,79.9604,11489.26,0.449369,54.004716
367.700,77.0422,300.0000,80.6875,79.9476,11493.74,0.449894,54.004716
367.800,77.0422,300.0000,80.6250,79.9349,11497.91,0.450384,54.004716
367.900,77.0422,300.0000,80.5625,79.9222,11501.80,0.450842,54.004716
368.000,77.3784,300.0000,80.6250,79.9094,11508.80,0.451665,54.524453
368.100,77.3784,300.0000,80.5625,79.8966,11515.33,0.452434,54.524453
368.200,77.3784,300.0000,80.5625,79.8838,11521.43,0.453153,54.524453
368.300,77.3784,300.0000,80.6250,79.8710,11527.11,0.453825,54.524453
368.400,77.3784,300.0000,80.5000,79.8581,11532.42,0.454452,54.524453
368.500,77.3784,300.0000,80.6250,79.8453,11537.38,0.455038,54.524453
368.600,77.3784,300.0000,80.6250,79.8324,11542.00,0.455585,54.524453
368.700,77.3784,300.0000,80.5000,79.8195,11546.32,0.456097,54.524453
368.800,77.3784,300.0000,80.5625,79.8066,11550.35,0.456574,54.524453
368.900,77.3784,300.0000,80.5000,79.7937,11554.11,0.457020,54.524453
369.000,77.8042,300.0000,80.5000,79.7808,11561.88,0.457943,55.042104
369.100,77.8042,300.0000,80.5000,79.7678,11569.13,0.458805,55.042104
369.200,77.8042,300.0000,80.4375,79.7548,11575.90,0.459611,55.042104
369.300,77.8042,300.0000,80.3750,79.7418,11582.21,0.460363,55.042104
369.400,77.8042,300.0000,80.5000,79.7287,11588.11,0.461067,55.042104
369.500,77.8042,300.0000,80.3750,79.7157,11593.61,0.461724,55.042104
369.600,77.8042,300.0000,80.3125,79.7026,11598.74,0.462337,55.042104
369.700,77.8042,300.0000,80.3750,79.6895,11603.54,0.462911,55.042104
369.800,77.8042,300.0000,80.4375,79.6764,11608.01,0.463446,55.042104
369.900,77.8042,300.0000,80.3750,79.6633,11612.18,0.463947,55.042104
370.000,78.1341,300.0000,80.3125,79.6501,11619.38,0.464810,55.555580
370.100,78.1341,300.0000,80.3750,79.6370,11626.10,0.465616,55.555580
370.200,78.1341,300.0000,80.3125,79.6238,11632.36,0.466370,55.555580
370.300,78.1341,300.0000,80.4375,79.6106,11638.21,0.467074,55.555580
370.400,78.1341,300.0000,80.3125,79.5973,11643.68,0.467731,55.555580
370.500,78.1341,300.0000,80.2500,79.5841,11648.77,0.468346,55.555580
370.600,78.1341,300.0000,80.3125,79.5708,11653.53,0.468920,55.555580
370.700,78.1341,300.0000,80.3125,79.5576,11657.97,0.469456,55.555580
370.800,78.1341,300.0000,80.2500,79.5443,11662.11,0.469957,55.555580
370.900,78.1341,300.0000,80.2500,79.5310,11665.98,0.470424,55.555580
371.000,78.4599,300.0000,80.2500,79.5177,11672.85,0.471255,56.064881
371.100,78.4599,300.0000,80.3125,79.5044,11679.25,0.472032,56.064881
371.200,78.4599,300.0000,80.2500,79.4910,11685.24,0.472758,56.064881
371.300,78.4599,300.0000,80.3125,79.4776,11690.82,0.473436,56.064881
371.400,78.4599,300.0000,80.3125,79.4643,11696.03,0.474069,56.064881
371.500,78.4599,300.0000,80.3125,79.4509,11700.89,0.474661,56.064881
371.600,78.4599,300.0000,80.1250,79.4374,11705.43,0.475213,56.064881
371.700,78.4599,300.0000,80.2500,79.4240,11709.67,0.475730,56.064881
371.800,78.4599,300.0000,80.1250,79.4106,11713.62,0.476212,56.064881
371.900,78.4599,300.0000,80.1875,79.3972,11717.31,0.476662,56.064881
372.000,78.8753,300.0000,80.1250,79.3837,11724.91,0.477590,56.572095
372.100,78.8753,300.0000,80.1250,79.3702,11732.00,0.478457,56.572095
372.200,78.8753,300.0000,80.1250,79.3567,11738.62,0.479267,56.572095
372.300,78.8753,300.0000,80.1250,79.3432,11744.80,0.480024,56.572095
372.400,78.8753,300.0000,80.1250,79.3296,11750.57,0.480732,56.572095
372.500,78.8753,300.0000,80.0000,79.3161,11755.95,0.481393,56.572095
372.600,78.8753,300.0000,79.9375,79.3025,11760.97,0.482010,56.572095
372.700,78.8753,300.0000,80.0000,79.2889,11765.66,0.482587,56.572095
372.800,78.8753,300.0000,80.0625,79.2753,11770.04,0.483125,56.572095
372.900,78.8753,300.0000,80.0000,79.2617,11774.12,0.483628,56.572095
373.000,79.1009,300.0000,80.0000,79.2480,11780.19,0.484376,57.073047
373.100,79.1009,300.0000,80.0625,79.2344,11785.85,0.485075,57.073047
373.200,79.1009,300.0000,80.0625,79.2207,11791.14,0.485728,57.073047
373.300,79.1009,300.0000,80.0000,79.2070,11796.07,0.486338,57.073047
373.400,79.1009,300.0000,79.8750,79.1934,11800.68,0.486908,57.073047
373.500,79.1009,300.0000,80.0000,79.1797,11804.97,0.487440,57.073047
373.600,79.1009,300.0000,79.9375,79.1660,11808.98,0.487937,57.073047
373.700,79.1009,300.0000,79.9375,79.1523,11812.73,0.488401,57.073047
373.800,79.1009,300.0000,79.9375,79.1386,11816.22,0.488835,57.073047
373.900,79.1009,300.0000,79.9375,79.1249,11819.48,0.489240,57.073047
374.000,79.5080,300.0000,79.8750,79.1112,11826.60,0.490124,57.571911
374.100,79.5080,300.0000,79.9375,79.0974,11833.24,0.490950,57.571911
374.200,79.5080,300.0000,79.9375,79.0836,11839.43,0.491721,57.571911
374.300,79.5080,300.0000,79.8750,79.0699,11845.22,0.492442,57.571911
374.400,79.5080,300.0000,79.8750,79.0560,11850.62,0.493116,57.571911
374.500,79.5080,300.0000,79.8750,79.0422,11855.66,0.493745,57.571911
374.600,79.5080,300.0000,79.7500,79.0284,11860.36,0.494333,57.571911
374.700,79.5080,300.0000,79.7500,79.0146,11864.75,0.494882,57.571911
374.800,79.5080,300.0000,79.7500,79.0007,11868.84,0.495395,57.571911
374.900,79.5080,300.0000,79.8125,78.9869,11872.67,0.495874,57.571911
375.000,79.8191,300.0000,79.6875,78.9730,11879.35,0.496711,58.066602
375.100,79.8191,300.0000,79.6875,78.9591,11885.58,0.497494,58.066602
375.200,79.8191,300.0000,79.8125,78.9452,11891.40,0.498225,58.066602
375.300,79.8191,300.0000,79.7500,78.9313,11896.83,0.498908,58.066602
375.400,79.8191,300.0000,79.6250,78.9173,11901.90,0.499546,58.066602
375.500,79.8191,300.0000,79.6875,78.9034,11906.63,0.500142,58.066602
375.600,79.8191,300.0000,79.6250,78.8894,11911.05,0.500698,58.066602
375.700,79.8191,300.0000,79.6875,78.8755,11915.17,0.501218,58.066602
375.800,79.8191,300.0000,79.6875,78.8615,11919.02,0.501704,58.066602
375.900,79.8191,300.0000,79.6875,78.8475,11922.61,0.502157,58.066602
376.000,80.1261,300.0000,79.7500,78.8336,11929.03,0.502969,58.557117
376.100,80.1261,300.0000,79.6250,78.8195,11935.02,0.503727,58.557117
376.200,80.1261,300.0000,79.5625,78.8055,11940.61,0.504436,58.557117
376.300,80.1261,300.0000,79.5625,78.7915,11945.83,0.505098,58.557117
376.400,80.1261,300.0000,79.5625,78.7774,11950.70,0.505716,58.557117
376.500,80.1261,300.0000,79.4375,78.7634,11955.25,0.506293,58.557117
376.600,80.1261,300.0000,79.6250,78.7493,11959.49,0.506833,58.557117
376.700,80.1261,300.0000,79.5000,78.7353,11963.46,0.507337,58.557117
376.800,80.1261,300.0000,79.5000,78.7212,11967.15,0.507807,58.557117
376.900,80.1261,300.0000,79.4375,78.7071,11970.60,0.508246,58.557117
377.000,80.2411,300.0000,79.3750,78.6931,11974.97,0.508803,59.039283
377.100,80.2411,300.0000,79.5000,78.6790,11979.05,0.509323,59.039283
377.200,80.2411,300.0000,79.4375,78.6649,11982.86,0.509809,59.039283
377.300,80.2411,300.0000,79.3750,78.6509,11986.41,0.510263,59.039283
377.400,80.2411,300.0000,79.5000,78.6368,11989.73,0.510687,59.039283
377.500,80.2411,300.0000,79.3750,78.6227,11992.83,0.511082,59.039283
377.600,80.2411,300.0000,79.5000,78.6087,11995.72,0.511452,59.039283
377.700,80.2411,300.0000,79.3750,78.5946,11998.41,0.511797,59.039283
377.800,80.2411,300.0000,79.4375,78.5806,12000.93,0.512119,59.039283
377.900,80.2411,300.0000,79.3125,78.5666,12003.28,0.512420,59.039283
378.000,80.5355,300.0000,79.3125,78.5525,12008.42,0.513078,59.517275
378.100,80.5355,300.0000,79.3125,78.5385,12013.21,0.513693,59.517275
378.200,80.5355,300.0000,79.3750,78.5244,12017.68,0.514267,59.517275
378.300,80.5355,300.0000,79.3750,78.5104,12021.86,0.514803,59.517275
378.400,80.5355,300.0000,79.3750,78.4963,12025.76,0.515304,59.517275
378.500,80.5355,300.0000,79.2500,78.4822,12029.40,0.515772,59.517275
378.600,80.5355,300.0000,79.3125,78.4682,12032.79,0.516209,59.517275
378.700,80.5355,300.0000,79.3750,78.4541,12035.96,0.516617,59.517275
378.800,80.5355,300.0000,79.2500,78.4401,12038.92,0.516998,59.517275
378.900,80.5355,300.0000,79.3125,78.4260,12041.68,0.517354,59.517275
379.000,81.0135,300.0000,79.1875,78.4119,12049.04,0.518302,59.995267
379.100,81.0135,300.0000,79.3125,78.3978,12055.90,0.519189,59.995267
379.200,81.0135,300.0000,79.2500,78.3837,12062.31,0.520017,59.995267
379.300,81.0135,300.0000,79.2500,78.3696,12068.29,0.520791,59.995267
379.400,81.0135,300.0000,79.1250,78.3554,12073.87,0.521514,59.995267
379.500,81.0135,300.0000,79.1875,78.3412,12079.08,0.522190,59.995267
379.600,81.0135,300.0000,79.0625,78.3270,12083.95,0.522821,59.995267
379.700,81.0135,300.0000,79.1250,78.3128,12088.49,0.523410,59.995267
379.800,81.0135,300.0000,79.1250,78.2986,12092.72,0.523960,59.995267
379.900,81.0135,300.0000,79.0625,78.2844,12096.68,0.524474,59.995267
380.000,81.1160,300.0000,79.1250,78.2702,12101.39,0.525088,60.464909
380.100,81.1160,300.0000,79.0625,78.2560,12105.79,0.525661,60.464909
380.200,81.1160,300.0000,79.0000,78.2418,12109.90,0.526196,60.464909
380.300,81.1160,300.0000,79.0625,78.2276,12113.73,0.526696,60.464909
380.400,81.1160,300.0000,79.0625,78.2134,12117.31,0.527163,60.464909
380.500,81.1160,300.0000,79.0625,78.1992,12120.65,0.527599,60.464909
380.600,81.1160,300.0000,79.0000,78.1849,12123.77,0.528006,60.464909
380.700,81.1160,300.0000,79.0000,78.1707,12126.68,0.528386,60.464909
380.800,81.1160,300.0000,79.0000,78.1566,12129.39,0.528741,60.464909
380.900,81.1160,300.0000,79.0000,78.1424,12131.93,0.529073,60.464909
381.000,81.4918,300.0000,78.9375,78.1282,12138.05,0.529874,60.932465
381.100,81.4918,300.0000,79.0000,78.1139,12143.76,0.530623,60.932465
381.200,81.4918,300.0000,78.8750,78.0997,12149.10,0.531323,60.932465
381.300,81.4918,300.0000,78.9375,78.0855,12154.08,0.531976,60.932465
381.400,81.4918,300.0000,78.8125,78.0712,12158.72,0.532586,60.932465
381.500,81.4918,300.0000,78.8750,78.0569,12163.06,0.533156,60.932465
381.600,81.4918,300.0000,78.8750,78.0427,12167.11,0.533689,60.932465
381.700,81.4918,300.0000,78.8750,78.0284,12170.88,0.534186,60.932465
381.800,81.4918,300.0000,78.9375,78.0142,12174.41,0.534650,60.932465
381.900,81.4918,300.0000,78.8750,77.9999,12177.70,0.535084,60.932465
382.000,81.7716,300.0000,78.8750,77.9856,12183.57,0.535858,61.395845
382.100,81.7716,300.0000,78.7500,77.9713,12189.05,0.536581,61.395845
382.200,81.7716,300.0000,78.7500,77.9570,12194.16,0.537257,61.395845
382.300,81.7716,300.0000,78.7500,77.9427,12198.93,0.537888,61.395845
382.400,81.7716,300.0000,78.7500,77.9284,12203.39,0.538477,61.395845
382.500,81.7716,300.0000,78.7500,77.9141,12207.54,0.539028,61.395845
382.600,81.7716,300.0000,78.8125,77.8997,12211.42,0.539542,61.395845
382.700,81.7716,300.0000,78.7500,77.8854,12215.05,0.540022,61.395845
382.800,81.7716,300.0000,78.7500,77.8711,12218.43,0.540470,61.395845
382.900,81.7716,300.0000,78.6250,77.8568,12221.58,0.540889,61.395845
383.000,81.8595,300.0000,78.6875,77.8425,12225.40,0.541397,61.850877
383.100,81.8595,300.0000,78.6250,77.8282,12228.97,0.541871,61.850877
383.200,81.8595,300.0000,78.6875,77.8139,12232.30,0.542314,61.850877
383.300,81.8595,300.0000,78.5625,77.7995,12235.41,0.542727,61.850877
383.400,81.8595,300.0000,78.6250,77.7852,12238.31,0.543114,61.850877
383.500,81.8595,300.0000,78.6250,77.7710,12241.02,0.543474,61.850877
383.600,81.8595,300.0000,78.6250,77.7567,12243.55,0.543811,61.850877
383.700,81.8595,300.0000,78.6250,77.7424,12245.90,0.544125,61.850877
383.800,81.8595,300.0000,78.6250,77.7282,12248.11,0.544419,61.850877
383.900,81.8595,300.0000,78.6250,77.7139,12250.16,0.544693,61.850877
384.000,82.3145,300.0000,78.5625,77.6997,12256.63,0.545556,62.305908
384.100,82.3145,300.0000,78.5000,77.6854,12262.67,0.546363,62.305908
384.200,82.3145,300.0000,78.5625,77.6711,12268.30,0.547116,62.305908
384.300,82.3145,300.0000,78.4375,77.6568,12273.56,0.547820,62.305908
384.400,82.3145,300.0000,78.5000,77.6424,12278.47,0.548477,62.305908
384.500,82.3145,300.0000,78.5625,77.6281,12283.05,0.549092,62.305908
384.600,82.3145,300.0000,78.5000,77.6138,12287.32,0.549665,62.305908
384.700,82.3145,300.0000,78.5000,77.5994,12291.31,0.550201,62.305908
384.800,82.3145,300.0000,78.5000,77.5851,12295.04,0.550701,62.305908
384.900,82.3145,300.0000,78.4375,77.5708,12298.52,0.551168,62.305908
385.000,82.4880,300.0000,78.3750,77.5564,12303.49,0.551838,62.754678
385.100,82.4880,300.0000,78.4375,77.5421,12308.14,0.552464,62.754678
385.200,82.4880,300.0000,78.3125,77.5277,12312.48,0.553048,62.754678
385.300,82.4880,300.0000,78.3750,77.5134,12316.53,0.553593,62.754678
385.400,82.4880,300.0000,78.2500,77.4990,12320.30,0.554103,62.754678
385.500,82.4880,300.0000,78.3125,77.4846,12323.83,0.554579,62.754678
385.600,82.4880,300.0000,78.3750,77.4703,12327.12,0.555023,62.754678
385.700,82.4880,300.0000,78.3125,77.4559,12330.19,0.555438,62.754678
385.800,82.4880,300.0000,78.3125,77.4416,12333.06,0.555826,62.754678
385.900,82.4880,300.0000,78.3125,77.4273,12335.74,0.556188,62.754678
386.000,82.7490,300.0000,78.2500,77.4129,12340.84,0.556879,63.199273
386.100,82.7490,300.0000,78.2500,77.3986,12345.61,0.557524,63.199273
386.200,82.7490,300.0000,78.1875,77.3842,12350.06,0.558127,63.199273
386.300,82.7490,300.0000,78.1875,77.3698,12354.21,0.558691,63.199273
386.400,82.7490,300.0000,78.2500,77.3555,12358.09,0.559217,63.199273
386.500,82.7490,300.0000,78.0625,77.3411,12361.71,0.559708,63.199273
386.600,82.7490,300.0000,78.1875,77.3268,12365.08,0.560167,63.199273
386.700,82.7490,300.0000,78.2500,77.3124,12368.23,0.560595,63.199273
386.800,82.7490,300.0000,78.1250,77.2981,12371.17,0.560995,63.199273
386.900,82.7490,300.0000,78.1875,77.2837,12373.92,0.561369,63.199273
387.000,83.0059,300.0000,78.1250,77.2694,12379.05,0.562067,63.639693
387.100,83.0059,300.0000,78.1250,77.2550,12383.84,0.562720,63.639693
387.200,83.0059,300.0000,78.1250,77.2407,12388.31,0.563329,63.639693
387.300,83.0059,300.0000,78.1250,77.2263,12392.48,0.563898,63.639693
387.400,83.0059,300.0000,78.1250,77.2119,12396.37,0.564430,63.639693
387.500,83.0059,300.0000,78.1250,77.1976,12400.01,0.564926,63.639693
387.600,83.0059,300.0000,78.0000,77.1832,12403.40,0.565390,63.639693
387.700,83.0059,300.0000,78.0625,77.1688,12406.56,0.565823,63.639693
387.800,83.0059,300.0000,78.0625,77.1545,12409.52,0.566227,63.639693
387.900,83.0059,300.0000,77.9375,77.1401,12412.27,0.566605,63.639693
388.000,83.0708,300.0000,78.0000,77.1258,12415.50,0.567046,64.071764
388.100,83.0708,300.0000,78.0000,77.1115,12418.51,0.567459,64.071764
388.200,83.0708,300.0000,77.8750,77.0971,12421.31,0.567844,64.071764
388.300,83.0708,300.0000,77.8750,77.0828,12423.93,0.568203,64.071764
388.400,83.0708,300.0000,78.0000,77.0685,12426.38,0.568539,64.071764
388.500,83.0708,300.0000,77.8750,77.0542,12428.66,0.568852,64.071764
388.600,83.0708,300.0000,77.8750,77.0399,12430.79,0.569145,64.071764
388.700,83.0708,300.0000,77.8750,77.0257,12432.78,0.569418,64.071764
388.800,83.0708,300.0000,77.8750,77.0114,12434.64,0.569673,64.071764
388.900,83.0708,300.0000,77.8750,76.9972,12436.37,0.569911,64.071764
389.000,83.4090,300.0000,77.8125,76.9830,12441.37,0.570598,64.501748
389.100,83.4090,300.0000,77.7500,76.9687,12446.03,0.571241,64.501748
389.200,83.4090,300.0000,77.6875,76.9545,12450.39,0.571840,64.501748
389.300,83.4090,300.0000,77.7500,76.9402,12454.45,0.572401,64.501748
389.400,83.4090,300.0000,77.7500,76.9259,12458.24,0.572924,64.501748
389.500,83.4090,300.0000,77.8125,76.9117,12461.79,0.573412,64.501748
389.600,83.4090,300.0000,77.7500,76.8974,12465.09,0.573869,64.501748
389.700,83.4090,300.0000,77.8125,76.8832,12468.17,0.574295,64.501748
389.800,83.4090,300.0000,77.6250,76.8689,12471.05,0.574692,64.501748
389.900,83.4090,300.0000,77.6875,76.8547,12473.74,0.575064,64.501748
390.000,83.5574,300.0000,77.6875,76.8405,12477.73,0.575616,64.925470
390.100,83.5574,300.0000,77.6250,76.8262,12481.45,0.576132,64.925470
390.200,83.5574,300.0000,77.7500,76.8120,12484.93,0.576613,64.925470
390.300,83.5574,300.0000,77.6250,76.7978,12488.18,0.577063,64.925470
390.400,83.5574,300.0000,77.7500,76.7836,12491.20,0.577483,64.925470
390.500,83.5574,300.0000,77.5625,76.7694,12494.03,0.577875,64.925470
390.600,83.5574,300.0000,77.5625,76.7551,12496.67,0.578241,64.925470
390.700,83.5574,300.0000,77.5625,76.7410,12499.13,0.578583,64.925470
390.800,83.5574,300.0000,77.5625,76.7268,12501.43,0.578902,64.925470
390.900,83.5574,300.0000,77.4375,76.7126,12503.58,0.579200,64.925470
391.000,83.6056,300.0000,77.5000,76.6984,12506.06,0.579546,65.340842
391.100,83.6056,300.0000,77.6250,76.6843,12508.38,0.579868,65.340842
391.200,83.6056,300.0000,77.6250,76.6702,12510.54,0.580169,65.340842
391.300,83.6056,300.0000,77.4375,76.6560,12512.56,0.580450,65.340842
391.400,83.6056,300.0000,77.5000,76.6419,12514.45,0.580713,65.340842
391.500,83.6056,300.0000,77.5000,76.6279,12516.21,0.580958,65.340842
391.600,83.6056,300.0000,77.3750,76.6138,12517.85,0.581186,65.340842
391.700,83.6056,300.0000,77.3750,76.5997,12519.38,0.581400,65.340842
391.800,83.6056,300.0000,77.3750,76.5857,12520.81,0.581599,65.340842
391.900,83.6056,300.0000,77.5000,76.5717,12522.15,0.581785,65.340842
392.000,84.1149,300.0000,77.4375,76.5577,12528.49,0.582669,65.758302
392.100,84.1149,300.0000,77.3750,76.5436,12534.40,0.583495,65.758302
392.200,84.1149,300.0000,77.3125,76.5295,12539.92,0.584267,65.758302
392.300,84.1149,300.0000,77.3750,76.5155,12545.08,0.584987,65.758302
392.400,84.1149,300.0000,77.2500,76.5014,12549.89,0.585660,65.758302
392.500,84.1149,300.0000,77.3750,76.4873,12554.38,0.586289,65.758302
392.600,84.1149,300.0000,77.3750,76.4732,12558.57,0.586876,65.758302
392.700,84.1149,300.0000,77.3125,76.4591,12562.48,0.587425,65.758302
392.800,84.1149,300.0000,77.3125,76.4450,12566.13,0.587937,65.758302
392.900,84.1149,300.0000,77.2500,76.4309,12569.54,0.588415,65.758302
393.000,84.1568,300.0000,77.3125,76.4168,12573.13,0.588921,66.167413
393.100,84.1568,300.0000,77.2500,76.4027,12576.49,0.589393,66.167413
393.200,84.1568,300.0000,77.1875,76.3886,12579.63,0.589834,66.167413
393.300,84.1568,300.0000,77.1875,76.3745,12582.56,0.590246,66.167413
393.400,84.1568,300.0000,77.1875,76.3604,12585.29,0.590630,66.167413
393.500,84.1568,300.0000,77.2500,76.3463,12587.84,0.590989,66.167413
393.600,84.1568,300.0000,77.2500,76.3323,12590.22,0.591324,66.167413
393.700,84.1568,300.0000,77.1250,76.3182,12592.44,0.591637,66.167413
393.800,84.1568,300.0000,77.1250,76.3042,12594.51,0.591929,66.167413
393.900,84.1568,300.0000,77.1250,76.2902,12596.44,0.592202,66.167413
394.000,84.3782,300.0000,77.0625,76.2762,12600.46,0.592769,66.572349
394.100,84.3782,300.0000,77.0625,76.2621,12604.21,0.593299,66.572349
394.200,84.3782,300.0000,77.1250,76.2481,12607.71,0.593793,66.572349
394.300,84.3782,300.0000,77.1250,76.2341,12610.98,0.594255,66.572349
394.400,84.3782,300.0000,77.0000,76.2201,12614.03,0.594686,66.572349
394.500,84.3782,300.0000,77.1250,76.2061,12616.88,0.595089,66.572349
394.600,84.3782,300.0000,77.0000,76.1921,12619.54,0.595465,66.572349
394.700,84.3782,300.0000,76.8750,76.1781,12622.02,0.595816,66.572349
394.800,84.3782,300.0000,76.9375,76.1641,12624.33,0.596144,66.572349
394.900,84.3782,300.0000,77.0000,76.1502,12626.49,0.596450,66.572349
395.000,84.5954,300.0000,76.8750,76.1362,12630.68,0.597044,66.973111
395.100,84.5954,300.0000,77.0625,76.1223,12634.59,0.597598,66.973111
395.200,84.5954,300.0000,76.8750,76.1083,12638.23,0.598116,66.973111
395.300,84.5954,300.0000,76.8750,76.0943,12641.64,0.598600,66.973111
395.400,84.5954,300.0000,76.9375,76.0804,12644.82,0.599051,66.973111
395.500,84.5954,300.0000,76.8750,76.0664,12647.78,0.599473,66.973111
395.600,84.5954,300.0000,76.9375,76.0525,12650.55,0.599867,66.973111
395.700,84.5954,300.0000,76.8125,76.0385,12653.14,0.600234,66.973111
395.800,84.5954,300.0000,76.8750,76.0246,12655.55,0.600578,66.973111
395.900,84.5954,300.0000,76.8125,76.0107,12657.80,0.600898,66.973111
396.000,84.7146,300.0000,76.8750,75.9968,12661.09,0.601367,67.367611
396.100,84.7146,300.0000,76.9375,75.9829,12664.16,0.601805,67.367611
396.200,84.7146,300.0000,76.8125,75.9690,12667.03,0.602214,67.367611
396.300,84.7146,300.0000,76.6875,75.9551,12669.71,0.602596,67.367611
396.400,84.7146,300.0000,76.8750,75.9412,12672.21,0.602952,67.367611
396.500,84.7146,300.0000,76.6875,75.9273,12674.54,0.603285,67.367611
396.600,84.7146,300.0000,76.6875,75.9135,12676.71,0.603596,67.367611
396.700,84.7146,300.0000,76.7500,75.8996,12678.75,0.603886,67.367611
396.800,84.7146,300.0000,76.7500,75.8858,12680.64,0.604157,67.367611
396.900,84.7146,300.0000,76.6875,75.8720,12682.41,0.604410,67.367611
397.000,84.9213,300.0000,76.7500,75.8582,12686.13,0.604942,67.757936
397.100,84.9213,300.0000,76.6875,75.8443,12689.60,0.605439,67.757936
397.200,84.9213,300.0000,76.6875,75.8305,12692.84,0.605903,67.757936
397.300,84.9213,300.0000,76.6875,75.8167,12695.86,0.606336,67.757936
397.400,84.9213,300.0000,76.6250,75.8029,12698.69,0.606740,67.757936
397.500,84.9213,300.0000,76.6250,75.7891,12701.32,0.607118,67.757936
397.600,84.9213,300.0000,76.6875,75.7754,12703.78,0.607470,67.757936
397.700,84.9213,300.0000,76.5000,75.7616,12706.07,0.607800,67.757936
397.800,84.9213,300.0000,76.6250,75.7478,12708.22,0.608107,67.757936
397.900,84.9213,300.0000,76.5625,75.7341,12710.21,0.608394,67.757936
398.000,85.1239,300.0000,76.6250,75.7204,12714.11,0.608953,68.144086
398.100,85.1239,300.0000,76.5625,75.7066,12717.74,0.609475,68.144086
398.200,85.1239,300.0000,76.5625,75.6929,12721.13,0.609962,68.144086
398.300,85.1239,300.0000,76.4375,75.6791,12724.29,0.610418,68.144086
398.400,85.1239,300.0000,76.5000,75.6654,12727.24,0.610843,68.144086
398.500,85.1239,300.0000,76.5000,75.6517,12730.00,0.611240,68.144086
398.600,85.1239,300.0000,76.4375,75.6379,12732.57,0.611610,68.144086
398.700,85.1239,300.0000,76.4375,75.6242,12734.97,0.611956,68.144086
398.800,85.1239,300.0000,76.3750,75.6105,12737.21,0.612279,68.144086
398.900,85.1239,300.0000,76.3750,75.5969,12739.31,0.612581,68.144086
399.000,85.2284,300.0000,76.4375,75.5832,12742.30,0.613013,68.523975
399.100,85.2284,300.0000,76.3750,75.5695,12745.10,0.613417,68.523975
399.200,85.2284,300.0000,76.3125,75.5558,12747.71,0.613794,68.523975
399.300,85.2284,300.0000,76.3125,75.5422,12750.15,0.614146,68.523975
399.400,85.2284,300.0000,76.3750,75.5285,12752.42,0.614475,68.523975
399.500,85.2284,300.0000,76.3750,75.5149,12754.55,0.614782,68.523975
399.600,85.2284,300.0000,76.3750,75.5013,12756.53,0.615069,68.523975
399.700,85.2284,300.0000,76.3125,75.4877,12758.38,0.615336,68.523975
399.800,85.2284,300.0000,76.1875,75.4741,12760.10,0.615586,68.523975
399.900,85.2284,300.0000,76.3125,75.4605,12761.71,0.615819,68.523975
400.000,85.5145,300.0000,76.3125,75.4470,12766.08,0.616451,68.901776
400.100,85.5145,300.0000,76.2500,75.4334,12770.15,0.617041,68.901776
400.200,85.5145,300.0000,76.1875,75.4198,12773.95,0.617592,68.901776
400.300,85.5145,300.0000,76.2500,75.4062,12777.50,0.618107,68.901776
400.400,85.5145,300.0000,76.1875,75.3926,12780.81,0.618588,68.901776
400.500,85.5145,300.0000,76.2500,75.3791,12783.90,0.619037,68.901776
400.600,85.5145,300.0000,76.1250,75.3655,12786.78,0.619456,68.901776
400.700,85.5145,300.0000,76.1250,75.3519,12789.48,0.619847,68.901776
400.800,85.5145,300.0000,76.1875,75.3384,12791.99,0.620213,68.901776
400.900,85.5145,300.0000,76.1250,75.3248,12794.34,0.620554,68.901776
401.000,85.6106,300.0000,76.1250,75.3113,12797.49,0.621012,69.273316
401.100,85.6106,300.0000,76.1875,75.2978,12800.43,0.621441,69.273316
401.200,85.6106,300.0000,76.1250,75.2842,12803.17,0.621840,69.273316
401.300,85.6106,300.0000,76.0000,75.2707,12805.73,0.622214,69.273316
401.400,85.6106,300.0000,76.1250,75.2572,12808.12,0.622562,69.273316
401.500,85.6106,300.0000,76.0000,75.2437,12810.36,0.622888,69.273316
401.600,85.6106,300.0000,76.0625,75.2302,12812.44,0.623192,69.273316
401.700,85.6106,300.0000,76.0000,75.2168,12814.38,0.623475,69.273316
401.800,85.6106,300.0000,75.9375,75.2033,12816.20,0.623740,69.273316
401.900,85.6106,300.0000,76.0625,75.1899,12817.89,0.623987,69.273316
402.000,85.8883,300.0000,75.9375,75.1764,12822.25,0.624624,69.642768
402.100,85.8883,300.0000,75.8750,75.1629,12826.31,0.625218,69.642768
402.200,85.8883,300.0000,75.9375,75.1495,12830.11,0.625774,69.642768
402.300,85.8883,300.0000,75.8750,75.1360,12833.65,0.626292,69.642768
402.400,85.8883,300.0000,75.9375,75.1226,12836.96,0.626776,69.642768
402.500,85.8883,300.0000,76.0000,75.1091,12840.04,0.627228,69.642768
402.600,85.8883,300.0000,75.9375,75.0957,12842.92,0.627651,69.642768
402.700,85.8883,300.0000,75.8750,75.0823,12845.61,0.628045,69.642768
402.800,85.8883,300.0000,75.9375,75.0688,12848.12,0.628413,69.642768
402.900,85.8883,300.0000,75.8125,75.0554,12850.46,0.628757,69.642768
403.000,85.8823,300.0000,75.8750,75.0420,12852.59,0.629069,70.003871
403.100,85.8823,300.0000,75.8750,75.0286,12854.57,0.629360,70.003871
403.200,85.8823,300.0000,75.8125,75.0152,12856.42,0.629632,70.003871
403.300,85.8823,300.0000,75.8125,75.0019,12858.15,0.629886,70.003871
403.400,85.8823,300.0000,75.7500,74.9885,12859.76,0.630123,70.003871
403.500,85.8823,300.0000,75.7500,74.9752,12861.27,0.630344,70.003871
403.600,85.8823,300.0000,75.7500,74.9619,12862.67,0.630551,70.003871
403.700,85.8823,300.0000,75.6875,74.9486,12863.99,0.630744,70.003871
403.800,85.8823,300.0000,75.6875,74.9353,12865.21,0.630924,70.003871
403.900,85.8823,300.0000,75.8125,74.9220,12866.35,0.631092,70.003871
404.000,86.2434,300.0000,75.7500,74.9088,12871.03,0.631780,70.364974
404.100,86.2434,300.0000,75.6250,74.8955,12875.39,0.632423,70.364974
404.200,86.2434,300.0000,75.6875,74.8822,12879.47,0.633024,70.364974
404.300,86.2434,300.0000,75.6250,74.8690,12883.27,0.633585,70.364974
404.400,86.2434,300.0000,75.6875,74.8557,12886.82,0.634108,70.364974
404.500,86.2434,300.0000,75.6875,74.8424,12890.13,0.634598,70.364974
404.600,86.2434,300.0000,75.6250,74.8291,12893.22,0.635054,70.364974
404.700,86.2434,300.0000,75.6875,74.8158,12896.11,0.635481,70.364974
404.800,86.2434,300.0000,75.5625,74.8026,12898.80,0.635879,70.364974
404.900,86.2434,300.0000,75.5625,74.7893,12901.32,0.636251,70.364974
405.000,86.2290,300.0000,75.6250,74.7761,12903.52,0.636577,70.717727
405.100,86.2290,300.0000,75.6250,74.7629,12905.58,0.636881,70.717727
405.200,86.2290,300.0000,75.5625,74.7496,12907.49,0.637165,70.717727
405.300,86.2290,300.0000,75.5000,74.7364,12909.28,0.637430,70.717727
405.400,86.2290,300.0000,75.5625,74.7232,12910.96,0.637678,70.717727
405.500,86.2290,300.0000,75.5000,74.7101,12912.52,0.637909,70.717727
405.600,86.2290,300.0000,75.5625,74.6969,12913.97,0.638125,70.717727
405.700,86.2290,300.0000,75.5625,74.6838,12915.33,0.638326,70.717727
405.800,86.2290,300.0000,75.3750,74.6707,12916.60,0.638514,70.717727
405.900,86.2290,300.0000,75.5000,74.6576,12917.78,0.638690,70.717727
406.000,86.4879,300.0000,75.5000,74.6444,12921.47,0.639238,71.068394
406.100,86.4879,300.0000,75.5000,74.6313,12924.92,0.639750,71.068394
406.200,86.4879,300.0000,75.3750,74.6182,12928.14,0.640228,71.068394
406.300,86.4879,300.0000,75.3125,74.6051,12931.14,0.640674,71.068394
406.400,86.4879,300.0000,75.3750,74.5921,12933.95,0.641090,71.068394
406.500,86.4879,300.0000,75.4375,74.5790,12936.56,0.641480,71.068394
406.600,86.4879,300.0000,75.3125,74.5659,12939.00,0.641843,71.068394
406.700,86.4879,300.0000,75.3750,74.5528,12941.28,0.642182,71.068394
406.800,86.4879,300.0000,75.3750,74.5398,12943.41,0.642499,71.068394
406.900,86.4879,300.0000,75.3125,74.5267,12945.39,0.642794,71.068394
407.000,86.5570,300.0000,75.3750,74.5137,12947.94,0.643173,71.412798
407.100,86.5570,300.0000,75.2500,74.5007,12950.31,0.643527,71.412798
407.200,86.5570,300.0000,75.2500,74.4877,12952.53,0.643857,71.412798
407.300,86.5570,300.0000,75.2500,74.4747,12954.59,0.644166,71.412798
407.400,86.5570,300.0000,75.3125,74.4617,12956.52,0.644454,71.412798
407.500,86.5570,300.0000,75.2500,74.4487,12958.33,0.644723,71.412798
407.600,86.5570,300.0000,75.1875,74.4357,12960.01,0.644974,71.412798
407.700,86.5570,300.0000,75.2500,74.4228,12961.58,0.645208,71.412798
407.800,86.5570,300.0000,75.1250,74.4098,12963.04,0.645427,71.412798
407.900,86.5570,300.0000,75.1875,74.3969,12964.41,0.645631,71.412798
408.000,86.7136,300.0000,75.1250,74.3840,12967.25,0.646055,71.753028
408.100,86.7136,300.0000,75.1875,74.3711,12969.90,0.646452,71.753028
408.200,86.7136,300.0000,75.1250,74.3582,12972.38,0.646822,71.753028
408.300,86.7136,300.0000,75.0625,74.3453,12974.69,0.647168,71.753028
408.400,86.7136,300.0000,75.1875,74.3325,12976.85,0.647491,71.753028
408.500,86.7136,300.0000,75.1250,74.3196,12978.86,0.647792,71.753028
408.600,86.7136,300.0000,75.1250,74.3067,12980.74,0.648074,71.753028
408.700,86.7136,300.0000,74.9375,74.2939,12982.49,0.648336,71.753028
408.800,86.7136,300.0000,75.0625,74.2811,12984.13,0.648582,71.753028
408.900,86.7136,300.0000,75.1250,74.2683,12985.66,0.648811,71.753028
409.000,86.9600,300.0000,75.0000,74.2555,12989.55,0.649394,72.091171
409.100,86.9600,300.0000,75.0000,74.2427,12993.18,0.649938,72.091171
409.200,86.9600,300.0000,75.0000,74.2298,12996.56,0.650447,72.091171
409.300,86.9600,300.0000,75.0625,74.2170,12999.73,0.650922,72.091171
409.400,86.9600,300.0000,75.0000,74.2042,13002.68,0.651365,72.091171
409.500,86.9600,300.0000,75.0625,74.1914,13005.43,0.651779,72.091171
409.600,86.9600,300.0000,74.8750,74.1786,13008.00,0.652166,72.091171
409.700,86.9600,300.0000,75.0000,74.1658,13010.40,0.652527,72.091171
409.800,86.9600,300.0000,74.9375,74.1531,13012.64,0.652864,72.091171
409.900,86.9600,300.0000,74.9375,74.1403,13014.73,0.653179,72.091171
410.000,87.0165,300.0000,74.9375,74.1275,13017.25,0.653558,72.423052
410.100,87.0165,300.0000,74.8750,74.1148,13019.60,0.653911,72.423052
410.200,87.0165,300.0000,74.8750,74.1020,13021.79,0.654242,72.423052
410.300,87.0165,300.0000,74.7500,74.0893,13023.83,0.654550,72.423052
410.400,87.0165,300.0000,74.8750,74.0766,13025.74,0.654838,72.423052
410.500,87.0165,300.0000,74.8125,74.0639,13027.53,0.655107,72.423052
410.600,87.0165,300.0000,74.8125,74.0512,13029.19,0.655358,72.423052
410.700,87.0165,300.0000,74.8750,74.0385,13030.74,0.655592,72.423052
410.800,87.0165,300.0000,74.8750,74.0259,13032.19,0.655811,72.423052
410.900,87.0165,300.0000,74.8125,74.0132,13033.54,0.656015,72.423052
411.000,87.1607,300.0000,74.6875,74.0006,13036.25,0.656423,72.750758
411.100,87.1607,300.0000,74.7500,73.9880,13038.77,0.656805,72.750758
411.200,87.1607,300.0000,74.6875,73.9753,13041.13,0.657161,72.750758
411.300,87.1607,300.0000,74.7500,73.9627,13043.32,0.657493,72.750758
411.400,87.1607,300.0000,74.6875,73.9501,13045.38,0.657803,72.750758
411.500,87.1607,300.0000,74.6250,73.9375,13047.29,0.658093,72.750758
411.600,87.1607,300.0000,74.7500,73.9250,13049.08,0.658363,72.750758
411.700,87.1607,300.0000,74.6875,73.9124,13050.75,0.658616,72.750758
411.800,87.1607,300.0000,74.6250,73.8998,13052.30,0.658852,72.750758
411.900,87.1607,300.0000,74.7500,73.8873,13053.76,0.659072,72.750758
412.000,87.3945,300.0000,74.6250,73.8748,13057.45,0.659631,73.076377
412.100,87.3945,300.0000,74.6250,73.8622,13060.90,0.660154,73.076377
412.200,87.3945,300.0000,74.6250,73.8497,13064.12,0.660642,73.076377
412.300,87.3945,300.0000,74.5625,73.8372,13067.12,0.661098,73.076377
412.400,87.3945,300.0000,74.5625,73.8246,13069.92,0.661524,73.076377
412.500,87.3945,300.0000,74.5625,73.8121,13072.54,0.661921,73.076377
412.600,87.3945,300.0000,74.5625,73.7996,13074.98,0.662292,73.076377
412.700,87.3945,300.0000,74.5625,73.7871,13077.26,0.662639,73.076377
412.800,87.3945,300.0000,74.5000,73.7746,13079.39,0.662962,73.076377
412.900,87.3945,300.0000,74.5000,73.7621,13081.37,0.663264,73.076377
413.000,87.3446,300.0000,74.5625,73.7496,13082.73,0.663470,73.393646
413.100,87.3446,300.0000,74.3750,73.7372,13083.99,0.663662,73.393646
413.200,87.3446,300.0000,74.5000,73.7248,13085.17,0.663842,73.393646
413.300,87.3446,300.0000,74.5000,73.7123,13086.28,0.664010,73.393646
413.400,87.3446,300.0000,74.5000,73.6999,13087.30,0.664166,73.393646
413.500,87.3446,300.0000,74.4375,73.6876,13088.26,0.664312,73.393646
413.600,87.3446,300.0000,74.3750,73.6752,13089.16,0.664449,73.393646
413.700,87.3446,300.0000,74.3750,73.6629,13089.99,0.664576,73.393646
413.800,87.3446,300.0000,74.4375,73.6506,13090.77,0.664695,73.393646
413.900,87.3446,300.0000,74.3125,73.6383,13091.50,0.664806,73.393646
414.000,87.3803,300.0000,74.3750,73.6260,13092.54,0.664963,73.704654
414.100,87.3803,300.0000,74.4375,73.6137,13093.50,0.665111,73.704654
414.200,87.3803,300.0000,74.3125,73.6015,13094.41,0.665248,73.704654
414.300,87.3803,300.0000,74.4375,73.5893,13095.25,0.665377,73.704654
414.400,87.3803,300.0000,74.3750,73.5771,13096.04,0.665497,73.704654
414.500,87.3803,300.0000,74.3125,73.5649,13096.77,0.665608,73.704654
414.600,87.3803,300.0000,74.3125,73.5527,13097.45,0.665713,73.704654
414.700,87.3803,300.0000,74.3125,73.5406,13098.09,0.665810,73.704654
414.800,87.3803,300.0000,74.2500,73.5285,13098.69,0.665901,73.704654
414.900,87.3803,300.0000,74.2500,73.5164,13099.25,0.665986,73.704654
415.000,87.5974,300.0000,74.2500,73.5043,13101.94,0.666397,74.013574
415.100,87.5974,300.0000,74.3125,73.4922,13104.45,0.666780,74.013574
415.200,87.5974,300.0000,74.2500,73.4802,13106.79,0.667138,74.013574
415.300,87.5974,300.0000,74.1875,73.4681,13108.98,0.667472,74.013574
415.400,87.5974,300.0000,74.1875,73.4560,13111.02,0.667784,74.013574
415.500,87.5974,300.0000,74.1875,73.4440,13112.93,0.668075,74.013574
415.600,87.5974,300.0000,74.1875,73.4320,13114.71,0.668347,74.013574
415.700,87.5974,300.0000,74.1250,73.4200,13116.37,0.668601,74.013574
415.800,87.5974,300.0000,74.1250,73.4079,13117.92,0.668838,74.013574
415.900,87.5974,300.0000,74.1250,73.3960,13119.37,0.669059,74.013574
416.000,87.7186,300.0000,74.1250,73.3840,13121.93,0.669451,74.318320
416.100,87.7186,300.0000,74.1250,73.3720,13124.32,0.669817,74.318320
416.200,87.7186,300.0000,74.1250,73.3600,13126.55,0.670159,74.318320
416.300,87.7186,300.0000,74.1875,73.3481,13128.63,0.670478,74.318320
416.400,87.7186,300.0000,74.1875,73.3361,13130.58,0.670776,74.318320
416.500,87.7186,300.0000,74.0625,73.3242,13132.39,0.671054,74.318320
416.600,87.7186,300.0000,74.0625,73.3122,13134.08,0.671314,74.318320
416.700,87.7186,300.0000,74.0000,73.3003,13135.66,0.671556,74.318320
416.800,87.7186,300.0000,74.0625,73.2884,13137.14,0.671782,74.318320
416.900,87.7186,300.0000,74.0000,73.2765,13138.52,0.671994,74.318320
417.000,87.8356,300.0000,74.0000,73.2647,13140.97,0.672370,74.618891
417.100,87.8356,300.0000,74.0625,73.2528,13143.26,0.672722,74.618891
417.200,87.8356,300.0000,74.0000,73.2409,13145.40,0.673051,74.618891
417.300,87.8356,300.0000,74.0625,73.2291,13147.40,0.673357,74.618891
417.400,87.8356,300.0000,74.0000,73.2172,13149.26,0.673644,74.618891
417.500,87.8356,300.0000,73.8750,73.2054,13151.00,0.673911,74.618891
417.600,87.8356,300.0000,73.9375,73.1936,13152.62,0.674160,74.618891
417.700,87.8356,300.0000,73.8750,73.1818,13154.14,0.674393,74.618891
417.800,87.8356,300.0000,73.9375,73.1700,13155.55,0.674611,74.618891
417.900,87.8356,300.0000,73.8750,73.1582,13156.87,0.674814,74.618891
418.000,87.9484,300.0000,73.8125,73.1464,13159.23,0.675177,74.915288
418.100,87.9484,300.0000,73.8750,73.1347,13161.43,0.675516,74.915288
418.200,87.9484,300.0000,73.9375,73.1229,13163.49,0.675833,74.915288
418.300,87.9484,300.0000,73.8125,73.1112,13165.41,0.676128,74.915288
418.400,87.9484,300.0000,73.7500,73.0994,13167.20,0.676404,74.915288
418.500,87.9484,300.0000,73.8125,73.0877,13168.87,0.676662,74.915288
418.600,87.9484,300.0000,73.6875,73.0760,13170.43,0.676902,74.915288
418.700,87.9484,300.0000,73.8125,73.0643,13171.88,0.677127,74.915288
418.800,87.9484,300.0000,73.7500,73.0526,13173.24,0.677336,74.915288
418.900,87.9484,300.0000,73.7500,73.0410,13174.51,0.677532,74.915288
419.000,88.0571,300.0000,73.7500,73.0293,13176.78,0.677882,75.207510
419.100,88.0571,300.0000,73.7500,73.0177,13178.90,0.678209,75.207510
419.200,88.0571,300.0000,73.7500,73.0060,13180.88,0.678515,75.207510
419.300,88.0571,300.0000,73.6250,72.9944,13182.72,0.678800,75.207510
419.400,88.0571,300.0000,73.6875,72.9828,13184.45,0.679066,75.207510
419.500,88.0571,300.0000,73.8125,72.9712,13186.05,0.679314,75.207510
419.600,88.0571,300.0000,73.6250,72.9596,13187.55,0.679546,75.207510
419.700,88.0571,300.0000,73.6875,72.9480,13188.96,0.679763,75.207510
419.800,88.0571,300.0000,73.6250,72.9364,13190.26,0.679965,75.207510
419.900,88.0571,300.0000,73.6250,72.9249,13191.48,0.680154,75.207510
420.000,88.1616,300.0000,73.6250,72.9133,13193.67,0.680491,75.495557
420.100,88.1616,300.0000,73.6875,72.9018,13195.70,0.680807,75.495557
420.200,88.1616,300.0000,73.5625,72.8903,13197.61,0.681101,75.495557
420.300,88.1616,300.0000,73.5625,72.8788,13199.38,0.681376,75.495557
420.400,88.1616,300.0000,73.5625,72.8673,13201.04,0.681633,75.495557
420.500,88.1616,300.0000,73.4375,72.8558,13202.59,0.681872,75.495557
420.600,88.1616,300.0000,73.5625,72.8443,13204.03,0.682096,75.495557
420.700,88.1616,300.0000,73.5625,72.8329,13205.38,0.682305,75.495557
420.800,88.1616,300.0000,73.4375,72.8214,13206.63,0.682500,75.495557
420.900,88.1616,300.0000,73.4375,72.8100,13207.81,0.682682,75.495557
421.000,88.1680,300.0000,73.5000,72.7986,13208.97,0.682862,75.777343
421.100,88.1680,300.0000,73.5000,72.7872,13210.05,0.683030,75.777343
421.200,88.1680,300.0000,73.4375,72.7758,13211.06,0.683186,75.777343
421.300,88.1680,300.0000,73.5000,72.7644,13212.00,0.683333,75.777343
421.400,88.1680,300.0000,73.4375,72.7531,13212.88,0.683469,75.777343
421.500,88.1680,300.0000,73.5000,72.7418,13213.70,0.683597,75.777343
421.600,88.1680,300.0000,73.3750,72.7304,13214.47,0.683716,75.777343
421.700,88.1680,300.0000,73.3750,72.7192,13215.19,0.683827,75.777343
421.800,88.1680,300.0000,73.3750,72.7079,13215.85,0.683930,75.777343
421.900,88.1680,300.0000,73.4375,72.6966,13216.48,0.684027,75.777343
422.000,88.4498,300.0000,73.3750,72.6854,13219.88,0.684555,76.059128
422.100,88.4498,300.0000,73.3750,72.6741,13223.05,0.685048,76.059128
422.200,88.4498,300.0000,73.2500,72.6629,13226.01,0.685508,76.059128
422.300,88.4498,300.0000,73.3750,72.6516,13228.77,0.685938,76.059128
422.400,88.4498,300.0000,73.2500,72.6404,13231.35,0.686340,76.059128
422.500,88.4498,300.0000,73.3750,72.6291,13233.76,0.686714,76.059128
422.600,88.4498,300.0000,73.2500,72.6179,13236.01,0.687064,76.059128
422.700,88.4498,300.0000,73.3125,72.6067,13238.11,0.687391,76.059128
422.800,88.4498,300.0000,73.3125,72.5954,13240.06,0.687696,76.059128
422.900,88.4498,300.0000,73.2500,72.5842,13241.89,0.687981,76.059128
423.000,88.4500,300.0000,73.2500,72.5730,13243.60,0.688247,76.334652
423.100,88.4500,300.0000,73.2500,72.5618,13245.19,0.688495,76.334652
423.200,88.4500,300.0000,73.2500,72.5506,13246.68,0.688727,76.334652
423.300,88.4500,300.0000,73.2500,72.5395,13248.07,0.688944,76.334652
423.400,88.4500,300.0000,73.1875,72.5283,13249.36,0.689146,76.334652
423.500,88.4500,300.0000,73.2500,72.5172,13250.57,0.689334,76.334652
423.600,88.4500,300.0000,73.1875,72.5061,13251.70,0.689511,76.334652
423.700,88.4500,300.0000,73.1250,72.4950,13252.75,0.689675,76.334652
423.800,88.4500,300.0000,73.2500,72.4839,13253.74,0.689828,76.334652
423.900,88.4500,300.0000,73.1875,72.4728,13254.65,0.689972,76.334652
424.000,88.6316,300.0000,73.1875,72.4617,13257.33,0.690389,76.608088
424.100,88.6316,300.0000,73.1250,72.4507,13259.82,0.690779,76.608088
424.200,88.6316,300.0000,73.0625,72.4396,13262.15,0.691143,76.608088
424.300,88.6316,300.0000,73.1250,72.4285,13264.32,0.691483,76.608088
424.400,88.6316,300.0000,73.0625,72.4175,13266.35,0.691800,76.608088
424.500,88.6316,300.0000,73.1250,72.4065,13268.24,0.692096,76.608088
424.600,88.6316,300.0000,73.0625,72.3954,13270.01,0.692373,76.608088
424.700,88.6316,300.0000,73.0625,72.3844,13271.66,0.692631,76.608088
424.800,88.6316,300.0000,73.0000,72.3734,13273.20,0.692872,76.608088
424.900,88.6316,300.0000,73.0000,72.3624,13274.63,0.693097,76.608088
425.000,88.6235,300.0000,73.0000,72.3514,13275.89,0.693294,76.875263
425.100,88.6235,300.0000,73.0000,72.3405,13277.07,0.693478,76.875263
425.200,88.6235,300.0000,72.9375,72.3295,13278.16,0.693650,76.875263
425.300,88.6235,300.0000,72.9375,72.3186,13279.19,0.693810,76.875263
425.400,88.6235,300.0000,73.0000,72.3077,13280.14,0.693960,76.875263
425.500,88.6235,300.0000,72.9375,72.2968,13281.04,0.694100,76.875263
425.600,88.6235,300.0000,72.9375,72.2859,13281.87,0.694230,76.875263
425.700,88.6235,300.0000,73.0000,72.2750,13282.64,0.694352,76.875263
425.800,88.6235,300.0000,72.8750,72.2642,13283.37,0.694466,76.875263
425.900,88.6235,300.0000,72.9375,72.2533,13284.05,0.694572,76.875263
426.000,88.7968,300.0000,72.8750,72.2425,13286.41,0.694943,77.140350
426.100,88.7968,300.0000,72.8750,72.2317,13288.62,0.695289,77.140350
426.200,88.7968,300.0000,72.8750,72.2209,13290.68,0.695613,77.140350
426.300,88.7968,300.0000,72.8750,72.2101,13292.60,0.695915,77.140350
426.400,88.7968,300.0000,72.9375,72.1993,13294.39,0.696197,77.140350
426.500,88.7968,300.0000,72.8750,72.1885,13296.07,0.696460,77.140350
426.600,88.7968,300.0000,72.8750,72.1777,13297.63,0.696705,77.140350
426.700,88.7968,300.0000,72.8750,72.1669,13299.09,0.696935,77.140350
426.800,88.7968,300.0000,72.8125,72.1562,13300.45,0.697149,77.140350
426.900,88.7968,300.0000,72.7500,72.1454,13301.72,0.697349,77.140350
427.000,88.7802,300.0000,72.8125,72.1347,13302.74,0.697509,77.399175
427.100,88.7802,300.0000,72.8125,72.1240,13303.70,0.697659,77.399175
427.200,88.7802,300.0000,72.7500,72.1133,13304.59,0.697799,77.399175
427.300,88.7802,300.0000,72.7500,72.1027,13305.42,0.697930,77.399175
427.400,88.7802,300.0000,72.8750,72.0920,13306.19,0.698051,77.399175
427.500,88.7802,300.0000,72.6875,72.0814,13306.91,0.698165,77.399175
427.600,88.7802,300.0000,72.7500,72.0707,13307.59,0.698271,77.399175
427.700,88.7802,300.0000,72.6875,72.0601,13308.22,0.698371,77.399175
427.800,88.7802,300.0000,72.6875,72.0495,13308.81,0.698463,77.399175
427.900,88.7802,300.0000,72.6875,72.0390,13309.35,0.698550,77.399175
428.000,88.9452,300.0000,72.7500,72.0284,13311.52,0.698890,77.655913
428.100,88.9452,300.0000,72.6875,72.0179,13313.53,0.699208,77.655913
428.200,88.9452,300.0000,72.5625,72.0073,13315.42,0.699504,77.655913
428.300,88.9452,300.0000,72.6250,71.9968,13317.17,0.699782,77.655913
428.400,88.9452,300.0000,72.5625,71.9863,13318.81,0.700040,77.655913
428.500,88.9452,300.0000,72.6250,71.9757,13320.35,0.700282,77.655913
428.600,88.9452,300.0000,72.6875,71.9652,13321.77,0.700507,77.655913
428.700,88.9452,300.0000,72.6250,71.9547,13323.11,0.700717,77.655913
428.800,88.9452,300.0000,72.5625,71.9443,13324.35,0.700914,77.655913
428.900,88.9452,300.0000,72.6250,71.9338,13325.51,0.701097,77.655913
429.000,89.1081,300.0000,72.5000,71.9233,13328.23,0.701525,77.910564
429.100,89.1081,300.0000,72.6250,71.9129,13330.76,0.701925,77.910564
429.200,89.1081,300.0000,72.5625,71.9024,13333.12,0.702299,77.910564
429.300,89.1081,300.0000,72.5000,71.8919,13335.33,0.702647,77.910564
429.400,89.1081,300.0000,72.5625,71.8815,13337.39,0.702973,77.910564
429.500,89.1081,300.0000,72.5000,71.8711,13339.31,0.703277,77.910564
429.600,89.1081,300.0000,72.5000,71.8606,13341.10,0.703560,77.910564
429.700,89.1081,300.0000,72.5625,71.8502,13342.78,0.703825,77.910564
429.800,89.1081,300.0000,72.5625,71.8398,13344.34,0.704072,77.910564
429.900,89.1081,300.0000,72.4375,71.8294,13345.80,0.704303,77.910564
430.000,89.0811,300.0000,72.5000,71.8190,13346.89,0.704476,78.158952
430.100,89.0811,300.0000,72.4375,71.8086,13347.91,0.704637,78.158952
430.200,89.0811,300.0000,72.5000,71.7982,13348.86,0.704788,78.158952
430.300,89.0811,300.0000,72.4375,71.7879,13349.74,0.704928,78.158952
430.400,89.0811,300.0000,72.3125,71.7776,13350.57,0.705060,78.158952
430.500,89.0811,300.0000,72.5000,71.7673,13351.34,0.705182,78.158952
430.600,89.0811,300.0000,72.3750,71.7570,13352.07,0.705296,78.158952
430.700,89.0811,300.0000,72.3125,71.7467,13352.74,0.705403,78.158952
430.800,89.0811,300.0000,72.4375,71.7364,13353.37,0.705503,78.158952
430.900,89.0811,300.0000,72.2500,71.7262,13353.95,0.705596,78.158952
431.000,89.0479,300.0000,72.3125,71.7160,13354.17,0.705630,78.401079
431.100,89.0479,300.0000,72.3125,71.7058,13354.37,0.705662,78.401079
431.200,89.0479,300.0000,72.3750,71.6956,13354.56,0.705691,78.401079
431.300,89.0479,300.0000,72.2500,71.6854,13354.73,0.705719,78.401079
431.400,89.0479,300.0000,72.3125,71.6753,13354.90,0.705745,78.401079
431.500,89.0479,300.0000,72.3750,71.6652,13355.05,0.705769,78.401079
431.600,89.0479,300.0000,72.1250,71.6551,13355.19,0.705792,78.401079
431.700,89.0479,300.0000,72.3750,71.6450,13355.32,0.705813,78.401079
431.800,89.0479,300.0000,72.1875,71.6349,13355.45,0.705832,78.401079
431.900,89.0479,300.0000,72.1875,71.6249,13355.56,0.705851,78.401079
432.000,89.1961,300.0000,72.1875,71.6149,13357.15,0.706103,78.641119
432.100,89.1961,300.0000,72.2500,71.6049,13358.64,0.706338,78.641119
432.200,89.1961,300.0000,72.1875,71.5949,13360.02,0.706558,78.641119
432.300,89.1961,300.0000,72.2500,71.5849,13361.32,0.706763,78.641119
432.400,89.1961,300.0000,72.1875,71.5749,13362.52,0.706955,78.641119
432.500,89.1961,300.0000,72.1875,71.5649,13363.65,0.707134,78.641119
432.600,89.1961,300.0000,72.1875,71.5550,13364.70,0.707301,78.641119
432.700,89.1961,300.0000,72.1875,71.5451,13365.68,0.707456,78.641119
432.800,89.1961,300.0000,72.1250,71.5351,13366.60,0.707602,78.641119
432.900,89.1961,300.0000,72.1875,71.5252,13367.45,0.707738,78.641119
433.000,89.4362,300.0000,72.1250,71.5153,13370.65,0.708246,78.881158
433.100,89.4362,300.0000,72.1250,71.5054,13373.64,0.708720,78.881158
433.200,89.4362,300.0000,72.1250,71.4955,13376.42,0.709163,78.881158
433.300,89.4362,300.0000,72.0625,71.4856,13379.02,0.709577,78.881158
433.400,89.4362,300.0000,72.1250,71.4756,13381.45,0.709963,78.881158
433.500,89.4362,300.0000,72.0000,71.4657,13383.71,0.710324,78.881158
433.600,89.4362,300.0000,72.1250,71.4558,13385.83,0.710660,78.881158
433.700,89.4362,300.0000,72.0625,71.4459,13387.80,0.710975,78.881158
433.800,89.4362,300.0000,72.1250,71.4360,13389.64,0.711268,78.881158
433.900,89.4362,300.0000,72.0625,71.4261,13391.36,0.711542,78.881158
434.000,89.4885,300.0000,72.0000,71.4162,13393.49,0.711881,79.117023
434.100,89.4885,300.0000,72.0625,71.4064,13395.48,0.712198,79.117023
434.200,89.4885,300.0000,72.0000,71.3965,13397.33,0.712493,79.117023
434.300,89.4885,300.0000,72.0000,71.3866,13399.06,0.712769,79.117023
434.400,89.4885,300.0000,71.9375,71.3768,13400.67,0.713027,79.117023
434.500,89.4885,300.0000,72.0000,71.3669,13402.18,0.713267,79.117023
434.600,89.4885,300.0000,71.9375,71.3571,13403.58,0.713492,79.117023
434.700,89.4885,300.0000,72.0000,71.3473,13404.90,0.713702,79.117023
434.800,89.4885,300.0000,72.0000,71.3374,13406.12,0.713897,79.117023
434.900,89.4885,300.0000,71.8750,71.3276,13407.27,0.714080,79.117023
435.000,89.4427,300.0000,71.8750,71.3179,13407.88,0.714177,79.346626
435.100,89.4427,300.0000,71.8750,71.3081,13408.44,0.714268,79.346626
435.200,89.4427,300.0000,71.8750,71.2983,13408.98,0.714353,79.346626
435.300,89.4427,300.0000,71.8750,71.2886,13409.47,0.714432,79.346626
435.400,89.4427,300.0000,72.0000,71.2789,13409.93,0.714506,79.346626
435.500,89.4427,300.0000,71.8750,71.2692,13410.36,0.714575,79.346626
435.600,89.4427,300.0000,71.8125,71.2595,13410.77,0.714640,79.346626
435.700,89.4427,300.0000,71.8125,71.2498,13411.14,0.714700,79.346626
435.800,89.4427,300.0000,71.7500,71.2402,13411.50,0.714756,79.346626
435.900,89.4427,300.0000,71.8125,71.2306,13411.82,0.714808,79.346626
436.000,89.5785,300.0000,71.8750,71.2210,13413.49,0.715074,79.574142
436.100,89.5785,300.0000,71.8125,71.2114,13415.04,0.715323,79.574142
436.200,89.5785,300.0000,71.7500,71.2018,13416.49,0.715554,79.574142
436.300,89.5785,300.0000,71.8125,71.1922,13417.84,0.715771,79.574142
436.400,89.5785,300.0000,71.7500,71.1826,13419.10,0.715973,79.574142
436.500,89.5785,300.0000,71.7500,71.1730,13420.28,0.716161,79.574142
436.600,89.5785,300.0000,71.6875,71.1635,13421.38,0.716337,79.574142
436.700,89.5785,300.0000,71.7500,71.1539,13422.40,0.716502,79.574142
436.800,89.5785,300.0000,71.6250,71.1444,13423.36,0.716655,79.574142
436.900,89.5785,300.0000,71.7500,71.1349,13424.26,0.716798,79.574142
437.000,89.7121,300.0000,71.6875,71.1254,13426.43,0.717146,79.799570
437.100,89.7121,300.0000,71.6875,71.1159,13428.45,0.717471,79.799570
437.200,89.7121,300.0000,71.7500,71.1064,13430.34,0.717774,79.799570
437.300,89.7121,300.0000,71.6250,71.0969,13432.11,0.718057,79.799570
437.400,89.7121,300.0000,71.6250,71.0874,13433.76,0.718321,79.799570
437.500,89.7121,300.0000,71.6250,71.0779,13435.29,0.718568,79.799570
437.600,89.7121,300.0000,71.6250,71.0684,13436.73,0.718798,79.799570
437.700,89.7121,300.0000,71.6250,71.0590,13438.07,0.719013,79.799570
437.800,89.7121,300.0000,71.6250,71.0495,13439.32,0.719213,79.799570
437.900,89.7121,300.0000,71.5625,71.0401,13440.48,0.719401,79.799570
438.000,89.6559,300.0000,71.6250,71.0306,13441.01,0.719485,80.018737
438.100,89.6559,300.0000,71.6875,71.0212,13441.50,0.719564,80.018737
438.200,89.6559,300.0000,71.5625,71.0118,13441.96,0.719638,80.018737
438.300,89.6559,300.0000,71.6250,71.0025,13442.39,0.719707,80.018737
438.400,89.6559,300.0000,71.5625,70.9931,13442.79,0.719771,80.018737
438.500,89.6559,300.0000,71.5625,70.9838,13443.16,0.719831,80.018737
438.600,89.6559,300.0000,71.6250,70.9745,13443.51,0.719887,80.018737
438.700,89.6559,300.0000,71.6250,70.9652,13443.84,0.719939,80.018737
438.800,89.6559,300.0000,71.4375,70.9559,13444.14,0.719988,80.018737
438.900,89.6559,300.0000,71.5625,70.9466,13444.42,0.720034,80.018737
439.000,89.8751,300.0000,71.5000,70.9373,13446.88,0.720428,80.237903
439.100,89.8751,300.0000,71.5625,70.9281,13449.17,0.720797,80.237903
439.200,89.8751,300.0000,71.4375,70.9188,13451.31,0.721141,80.237903
439.300,89.8751,300.0000,71.5000,70.9096,13453.31,0.721462,80.237903
439.400,89.8751,300.0000,71.4375,70.9003,13455.17,0.721762,80.237903
439.500,89.8751,300.0000,71.4375,70.8911,13456.91,0.722042,80.237903
439.600,89.8751,300.0000,71.5625,70.8818,13458.53,0.722303,80.237903
439.700,89.8751,300.0000,71.4375,70.8726,13460.05,0.722547,80.237903
439.800,89.8751,300.0000,71.4375,70.8634,13461.46,0.722775,80.237903
439.900,89.8751,300.0000,71.3125,70.8542,13462.78,0.722988,80.237903
440.000,89.7188,300.0000,71.3125,70.8450,13462.45,0.722934,80.448721
440.100,89.7188,300.0000,71.4375,70.8358,13462.14,0.722885,80.448721
440.200,89.7188,300.0000,71.3125,70.8267,13461.86,0.722838,80.448721
440.300,89.7188,300.0000,71.4375,70.8175,13461.59,0.722795,80.448721
440.400,89.7188,300.0000,71.2500,70.8084,13461.34,0.722754,80.448721
440.500,89.7188,300.0000,71.3125,70.7994,13461.10,0.722716,80.448721
440.600,89.7188,300.0000,71.3750,70.7903,13460.88,0.722681,80.448721
440.700,89.7188,300.0000,71.2500,70.7813,13460.68,0.722648,80.448721
440.800,89.7188,300.0000,71.3750,70.7723,13460.49,0.722618,80.448721
440.900,89.7188,300.0000,71.3750,70.7633,13460.31,0.722589,80.448721
441.000,90.0235,300.0000,71.4375,70.7543,13463.19,0.723053,80.661625
441.100,90.0235,300.0000,71.2500,70.7453,13465.88,0.723486,80.661625
441.200,90.0235,300.0000,71.4375,70.7363,13468.39,0.723891,80.661625
441.300,90.0235,300.0000,71.2500,70.7273,13470.73,0.724268,80.661625
441.400,90.0235,300.0000,71.3125,70.7183,13472.92,0.724621,80.661625
441.500,90.0235,300.0000,71.2500,70.7093,13474.96,0.724950,80.661625
441.600,90.0235,300.0000,71.3125,70.7003,13476.86,0.725258,80.661625
441.700,90.0235,300.0000,71.1875,70.6913,13478.64,0.725545,80.661625
441.800,90.0235,300.0000,71.2500,70.6823,13480.30,0.725813,80.661625
441.900,90.0235,300.0000,71.3125,70.6734,13481.84,0.726063,80.661625
442.000,90.1425,300.0000,71.1875,70.6644,13484.48,0.726489,80.872442
442.100,90.1425,300.0000,71.2500,70.6554,13486.94,0.726886,80.872442
442.200,90.1425,300.0000,71.1875,70.6465,13489.24,0.727258,80.872442
442.300,90.1425,300.0000,71.1875,70.6375,13491.38,0.727604,80.872442
442.400,90.1425,300.0000,71.1250,70.6285,13493.38,0.727928,80.872442
442.500,90.1425,300.0000,71.2500,70.6196,13495.24,0.728230,80.872442
442.600,90.1425,300.0000,71.1875,70.6106,13496.99,0.728512,80.872442
442.700,90.1425,300.0000,71.1250,70.6016,13498.61,0.728775,80.872442
442.800,90.1425,300.0000,71.1250,70.5927,13500.13,0.729021,80.872442
442.900,90.1425,300.0000,71.1875,70.5838,13501.55,0.729251,80.872442
443.000,90.1656,300.0000,71.0625,70.5748,13503.10,0.729502,81.079085
443.100,90.1656,300.0000,71.0625,70.5659,13504.55,0.729737,81.079085
443.200,90.1656,300.0000,71.2500,70.5570,13505.90,0.729956,81.079085
443.300,90.1656,300.0000,71.0000,70.5481,13507.16,0.730161,81.079085
443.400,90.1656,300.0000,71.0625,70.5392,13508.34,0.730352,81.079085
443.500,90.1656,300.0000,71.1250,70.5303,13509.44,0.730531,81.079085
443.600,90.1656,300.0000,71.1875,70.5215,13510.47,0.730697,81.079085
443.700,90.1656,300.0000,71.0625,70.5126,13511.43,0.730852,81.079085
443.800,90.1656,300.0000,71.0000,70.5037,13512.32,0.730998,81.079085
443.900,90.1656,300.0000,71.1250,70.4949,13513.15,0.731133,81.079085
444.000,90.2784,300.0000,71.0000,70.4861,13515.06,0.731443,81.283641
444.100,90.2784,300.0000,70.8750,70.4773,13516.84,0.731731,81.283641
444.200,90.2784,300.0000,71.0625,70.4684,13518.50,0.732001,81.283641
444.300,90.2784,300.0000,70.9375,70.4596,13520.05,0.732253,81.283641
444.400,90.2784,300.0000,70.9375,70.4508,13521.50,0.732488,81.283641
444.500,90.2784,300.0000,71.0000,70.4420,13522.85,0.732708,81.283641
444.600,90.2784,300.0000,70.9375,70.4332,13524.11,0.732913,81.283641
444.700,90.2784,300.0000,70.9375,70.4244,13525.28,0.733104,81.283641
444.800,90.2784,300.0000,70.9375,70.4157,13526.38,0.733282,81.283641
444.900,90.2784,300.0000,70.9375,70.4069,13527.41,0.733449,81.283641
445.000,90.2013,300.0000,70.8750,70.3982,13527.59,0.733479,81.481934
445.100,90.2013,300.0000,70.9375,70.3895,13527.77,0.733507,81.481934
445.200,90.2013,300.0000,70.8125,70.3808,13527.93,0.733534,81.481934
445.300,90.2013,300.0000,70.8750,70.3721,13528.08,0.733558,81.481934
445.400,90.2013,300.0000,70.8750,70.3634,13528.22,0.733581,81.481934
445.500,90.2013,300.0000,70.8125,70.3548,13528.35,0.733603,81.481934
445.600,90.2013,300.0000,70.8750,70.3461,13528.47,0.733623,81.481934
445.700,90.2013,300.0000,70.8750,70.3375,13528.59,0.733641,81.481934
445.800,90.2013,300.0000,70.9375,70.3289,13528.70,0.733659,81.481934
445.900,90.2013,300.0000,70.8750,70.3203,13528.80,0.733675,81.481934
446.000,90.3057,300.0000,70.8750,70.3118,13529.93,0.733860,81.678140
446.100,90.3057,300.0000,70.7500,70.3032,13531.00,0.734033,81.678140
446.200,90.3057,300.0000,70.9375,70.2947,13531.99,0.734194,81.678140
446.300,90.3057,300.0000,70.8750,70.2861,13532.91,0.734345,81.678140
446.400,90.3057,300.0000,70.8750,70.2776,13533.77,0.734485,81.678140
446.500,90.3057,300.0000,70.7500,70.2691,13534.58,0.734616,81.678140
446.600,90.3057,300.0000,70.8125,70.2606,13535.33,0.734739,81.678140
446.700,90.3057,300.0000,70.7500,70.2521,13536.03,0.734853,81.678140
446.800,90.3057,300.0000,70.6875,70.2436,13536.69,0.734960,81.678140
446.900,90.3057,300.0000,70.8125,70.2352,13537.30,0.735059,81.678140
447.000,90.4081,300.0000,70.6875,70.2267,13538.89,0.735319,81.872259
447.100,90.4081,300.0000,70.7500,70.2183,13540.38,0.735561,81.872259
447.200,90.4081,300.0000,70.6875,70.2098,13541.77,0.735788,81.872259
447.300,90.4081,300.0000,70.7500,70.2014,13543.07,0.735999,81.872259
447.400,90.4081,300.0000,70.6875,70.1930,13544.28,0.736196,81.872259
447.500,90.4081,300.0000,70.6875,70.1846,13545.40,0.736380,81.872259
447.600,90.4081,300.0000,70.6875,70.1762,13546.46,0.736552,81.872259
447.700,90.4081,300.0000,70.6250,70.1678,13547.44,0.736712,81.872259
447.800,90.4081,300.0000,70.5625,70.1594,13548.36,0.736862,81.872259
447.900,90.4081,300.0000,70.6875,70.1510,13549.22,0.737002,81.872259
448.000,90.4144,300.0000,70.6875,70.1427,13550.08,0.737143,82.062204
448.100,90.4144,300.0000,70.7500,70.1343,13550.88,0.737274,82.062204
448.200,90.4144,300.0000,70.6250,70.1260,13551.64,0.737397,82.062204
448.300,90.4144,300.0000,70.6250,70.1177,13552.34,0.737512,82.062204
448.400,90.4144,300.0000,70.5625,70.1094,13552.99,0.737619,82.062204
448.500,90.4144,300.0000,70.6875,70.1011,13553.61,0.737719,82.062204
448.600,90.4144,300.0000,70.6250,70.0928,13554.18,0.737812,82.062204
448.700,90.4144,300.0000,70.5625,70.0845,13554.71,0.737899,82.062204
448.800,90.4144,300.0000,70.6250,70.0763,13555.21,0.737980,82.062204
448.900,90.4144,300.0000,70.6250,70.0680,13555.67,0.738056,82.062204
449.000,90.5105,300.0000,70.6250,70.0598,13557.06,0.738283,82.250061
449.100,90.5105,300.0000,70.6250,70.0516,13558.36,0.738496,82.250061
449.200,90.5105,300.0000,70.6250,70.0433,13559.58,0.738694,82.250061
449.300,90.5105,300.0000,70.5625,70.0351,13560.71,0.738880,82.250061
449.400,90.5105,300.0000,70.3750,70.0269,13561.77,0.739052,82.250061
449.500,90.5105,300.0000,70.5000,70.0187,13562.76,0.739214,82.250061
449.600,90.5105,300.0000,70.5000,70.0106,13563.68,0.739365,82.250061
449.700,90.5105,300.0000,70.4375,70.0024,13564.54,0.739505,82.250061
449.800,90.5105,300.0000,70.5000,69.9942,13565.34,0.739636,82.250061
449.900,90.5105,300.0000,70.4375,69.9861,13566.09,0.739759,82.250061
450.000,90.4168,300.0000,70.4375,69.9780,13565.85,0.739720,82.431656
450.100,90.4168,300.0000,70.5000,69.9699,13565.63,0.739684,82.431656
450.200,90.4168,300.0000,70.4375,69.9618,13565.42,0.739650,82.431656
450.300,90.4168,300.0000,70.4375,69.9537,13565.23,0.739618,82.431656
450.400,90.4168,300.0000,70.3125,69.9457,13565.05,0.739588,82.431656
450.500,90.4168,300.0000,70.5000,69.9376,13564.88,0.739561,82.431656
450.600,90.4168,300.0000,70.3125,69.9296,13564.72,0.739535,82.431656
450.700,90.4168,300.0000,70.5000,69.9216,13564.57,0.739511,82.431656
450.800,90.4168,300.0000,70.3750,69.9137,13564.44,0.739488,82.431656
450.900,90.4168,300.0000,70.3750,69.9057,13564.31,0.739467,82.431656
451.000,90.5045,300.0000,70.3750,69.8978,13565.06,0.739591,82.611163
451.100,90.5045,300.0000,70.3750,69.8899,13565.77,0.739707,82.611163
451.200,90.5045,300.0000,70.4375,69.8819,13566.43,0.739815,82.611163
451.300,90.5045,300.0000,70.3750,69.8740,13567.05,0.739916,82.611163
451.400,90.5045,300.0000,70.3750,69.8662,13567.62,0.740010,82.611163
451.500,90.5045,300.0000,70.3750,69.8583,13568.16,0.740098,82.611163
451.600,90.5045,300.0000,70.3750,69.8504,13568.66,0.740180,82.611163
451.700,90.5045,300.0000,70.3750,69.8426,13569.13,0.740256,82.611163
451.800,90.5045,300.0000,70.3750,69.8347,13569.56,0.740328,82.611163
451.900,90.5045,300.0000,70.2500,69.8269,13569.97,0.740394,82.611163
452.000,90.4962,300.0000,70.3125,69.8191,13570.27,0.740443,82.786497
452.100,90.4962,300.0000,70.2500,69.8113,13570.55,0.740488,82.786497
452.200,90.4962,300.0000,70.2500,69.8035,13570.81,0.740531,82.786497
452.300,90.4962,300.0000,70.2500,69.7958,13571.05,0.740571,82.786497
452.400,90.4962,300.0000,70.2500,69.7880,13571.27,0.740607,82.786497
452.500,90.4962,300.0000,70.1875,69.7803,13571.49,0.740642,82.786497
452.600,90.4962,300.0000,70.2500,69.7726,13571.68,0.740674,82.786497
452.700,90.4962,300.0000,70.2500,69.7649,13571.87,0.740704,82.786497
452.800,90.4962,300.0000,70.2500,69.7572,13572.04,0.740732,82.786497
452.900,90.4962,300.0000,70.3125,69.7495,13572.20,0.740759,82.786497
453.000,90.7655,300.0000,70.3125,69.7418,13575.04,0.741224,82.963917
453.100,90.7655,300.0000,70.2500,69.7342,13577.69,0.741658,82.963917
453.200,90.7655,300.0000,70.2500,69.7265,13580.17,0.742064,82.963917
453.300,90.7655,300.0000,70.2500,69.7188,13582.48,0.742443,82.963917
453.400,90.7655,300.0000,70.1250,69.7111,13584.63,0.742796,82.963917
453.500,90.7655,300.0000,70.1250,69.7034,13586.64,0.743127,82.963917
453.600,90.7655,300.0000,70.0625,69.6957,13588.52,0.743435,82.963917
453.700,90.7655,300.0000,70.0625,69.6881,13590.28,0.743723,82.963917
453.800,90.7655,300.0000,70.1250,69.6804,13591.91,0.743991,82.963917
453.900,90.7655,300.0000,70.1875,69.6727,13593.44,0.744242,82.963917
454.000,90.7551,300.0000,70.1875,69.6650,13594.76,0.744459,83.137163
454.100,90.7551,300.0000,70.0625,69.6574,13595.99,0.744662,83.137163
454.200,90.7551,300.0000,70.0625,69.6497,13597.15,0.744851,83.137163
454.300,90.7551,300.0000,70.1250,69.6421,13598.22,0.745028,83.137163
454.400,90.7551,300.0000,70.1875,69.6344,13599.22,0.745193,83.137163
454.500,90.7551,300.0000,70.1250,69.6268,13600.16,0.745347,83.137163
454.600,90.7551,300.0000,70.1250,69.6192,13601.03,0.745490,83.137163
454.700,90.7551,300.0000,70.0000,69.6116,13601.85,0.745625,83.137163
454.800,90.7551,300.0000,70.1250,69.6040,13602.61,0.745750,83.137163
454.900,90.7551,300.0000,70.1250,69.5964,13603.32,0.745867,83.137163
455.000,90.8345,300.0000,69.9375,69.5888,13604.78,0.746106,83.308322
455.100,90.8345,300.0000,70.0625,69.5812,13606.14,0.746330,83.308322
455.200,90.8345,300.0000,69.9375,69.5736,13607.41,0.746539,83.308322
455.300,90.8345,300.0000,70.0000,69.5661,13608.59,0.746734,83.308322
455.400,90.8345,300.0000,70.0000,69.5585,13609.70,0.746916,83.308322
455.500,90.8345,300.0000,70.0000,69.5510,13610.73,0.747086,83.308322
455.600,90.8345,300.0000,70.0000,69.5434,13611.69,0.747244,83.308322
455.700,90.8345,300.0000,70.0000,69.5359,13612.59,0.747392,83.308322
455.800,90.8345,300.0000,69.9375,69.5284,13613.43,0.747531,83.308322
455.900,90.8345,300.0000,69.9375,69.5209,13614.21,0.747660,83.308322
456.000,90.7241,300.0000,70.0000,69.5134,13613.84,0.747598,83.473218
456.100,90.7241,300.0000,69.9375,69.5059,13613.49,0.747541,83.473218
456.200,90.7241,300.0000,69.9375,69.4985,13613.17,0.747487,83.473218
456.300,90.7241,300.0000,70.0000,69.4910,13612.86,0.747437,83.473218
456.400,90.7241,300.0000,69.8750,69.4836,13612.58,0.747390,83.473218
456.500,90.7241,300.0000,70.0000,69.4762,13612.31,0.747347,83.473218
456.600,90.7241,300.0000,69.9375,69.4688,13612.07,0.747306,83.473218
456.700,90.7241,300.0000,69.8750,69.4615,13611.84,0.747268,83.473218
456.800,90.7241,300.0000,69.9375,69.4541,13611.62,0.747233,83.473218
456.900,90.7241,300.0000,69.8750,69.4468,13611.42,0.747199,83.473218
457.000,90.7951,300.0000,69.8750,69.4395,13611.94,0.747286,83.636028
457.100,90.7951,300.0000,69.9375,69.4322,13612.43,0.747366,83.636028
457.200,90.7951,300.0000,69.8750,69.4249,13612.89,0.747441,83.636028
457.300,90.7951,300.0000,69.9375,69.4177,13613.31,0.747511,83.636028
457.400,90.7951,300.0000,69.8750,69.4104,13613.71,0.747576,83.636028
457.500,90.7951,300.0000,69.9375,69.4032,13614.08,0.747637,83.636028
457.600,90.7951,300.0000,69.8750,69.3959,13614.42,0.747694,83.636028
457.700,90.7951,300.0000,69.8750,69.3887,13614.75,0.747747,83.636028
457.800,90.7951,300.0000,69.8125,69.3815,13615.05,0.747797,83.636028
457.900,90.7951,300.0000,69.7500,69.3743,13615.33,0.747843,83.636028
458.000,90.7702,300.0000,69.8750,69.3671,13615.34,0.747845,83.794663
458.100,90.7702,300.0000,69.9375,69.3600,13615.35,0.747847,83.794663
458.200,90.7702,300.0000,69.8125,69.3528,13615.37,0.747849,83.794663
458.300,90.7702,300.0000,69.6875,69.3457,13615.38,0.747851,83.794663
458.400,90.7702,300.0000,69.8125,69.3386,13615.39,0.747853,83.794663
458.500,90.7702,300.0000,69.8125,69.3315,13615.39,0.747854,83.794663
458.600,90.7702,300.0000,69.8125,69.3244,13615.40,0.747856,83.794663
458.700,90.7702,300.0000,69.6875,69.3173,13615.41,0.747857,83.794663
458.800,90.7702,300.0000,69.6875,69.3103,13615.42,0.747858,83.794663
458.900,90.7702,300.0000,69.6250,69.3032,13615.43,0.747859,83.794663
459.000,90.7410,300.0000,69.7500,69.2962,13615.14,0.747812,83.949123
459.100,90.7410,300.0000,69.6875,69.2892,13614.88,0.747769,83.949123
459.200,90.7410,300.0000,69.7500,69.2822,13614.63,0.747728,83.949123
459.300,90.7410,300.0000,69.6875,69.2753,13614.40,0.747690,83.949123
459.400,90.7410,300.0000,69.6875,69.2683,13614.18,0.747654,83.949123
459.500,90.7410,300.0000,69.7500,69.2614,13613.98,0.747621,83.949123
459.600,90.7410,300.0000,69.6250,69.2545,13613.79,0.747590,83.949123
459.700,90.7410,300.0000,69.6250,69.2476,13613.61,0.747561,83.949123
459.800,90.7410,300.0000,69.7500,69.2407,13613.45,0.747534,83.949123
459.900,90.7410,300.0000,69.6250,69.2338,13613.30,0.747509,83.949123
460.000,90.8955,300.0000,69.6875,69.2270,13614.70,0.747740,84.103583
460.100,90.8955,300.0000,69.5625,69.2201,13616.01,0.747955,84.103583
460.200,90.8955,300.0000,69.6875,69.2133,13617.23,0.748157,84.103583
460.300,90.8955,300.0000,69.6875,69.2064,13618.37,0.748344,84.103583
460.400,90.8955,300.0000,69.5625,69.1996,13619.43,0.748520,84.103583
460.500,90.8955,300.0000,69.5625,69.1928,13620.43,0.748684,84.103583
460.600,90.8955,300.0000,69.6250,69.1859,13621.35,0.748836,84.103583
460.700,90.8955,300.0000,69.5000,69.1791,13622.22,0.748979,84.103583
460.800,90.8955,300.0000,69.6875,69.1723,13623.02,0.749112,84.103583
460.900,90.8955,300.0000,69.6250,69.1655,13623.78,0.749236,84.103583
461.000,91.0500,300.0000,69.5625,69.1587,13626.03,0.749607,84.258043
461.100,91.0500,300.0000,69.5625,69.1519,13628.12,0.749954,84.258043
461.200,91.0500,300.0000,69.6875,69.1451,13630.08,0.750277,84.258043
461.300,91.0500,300.0000,69.6250,69.1383,13631.91,0.750579,84.258043
461.400,91.0500,300.0000,69.6250,69.1315,13633.62,0.750861,84.258043
461.500,91.0500,300.0000,69.5000,69.1247,13635.21,0.751124,84.258043
461.600,91.0500,300.0000,69.5625,69.1179,13636.69,0.751369,84.258043
461.700,91.0500,300.0000,69.4375,69.1111,13638.08,0.751599,84.258043
461.800,91.0500,300.0000,69.5625,69.1043,13639.37,0.751813,84.258043
461.900,91.0500,300.0000,69.5000,69.0975,13640.58,0.752012,84.258043
462.000,91.0167,300.0000,69.5000,69.0907,13641.38,0.752144,84.408329
462.100,91.0167,300.0000,69.5625,69.0839,13642.12,0.752266,84.408329
462.200,91.0167,300.0000,69.5625,69.0772,13642.81,0.752381,84.408329
462.300,91.0167,300.0000,69.5000,69.0704,13643.46,0.752488,84.408329
462.400,91.0167,300.0000,69.4375,69.0637,13644.06,0.752588,84.408329
462.500,91.0167,300.0000,69.5625,69.0570,13644.62,0.752681,84.408329
462.600,91.0167,300.0000,69.5000,69.0502,13645.15,0.752768,84.408329
462.700,91.0167,300.0000,69.4375,69.0435,13645.64,0.752849,84.408329
462.800,91.0167,300.0000,69.4375,69.0368,13646.10,0.752925,84.408329
462.900,91.0167,300.0000,69.5000,69.0301,13646.52,0.752995,84.408329
463.000,91.1670,300.0000,69.4375,69.0235,13648.43,0.753310,84.558614
463.100,91.1670,300.0000,69.3750,69.0168,13650.20,0.753604,84.558614
463.200,91.1670,300.0000,69.3750,69.0101,13651.86,0.753878,84.558614
463.300,91.1670,300.0000,69.4375,69.0034,13653.40,0.754135,84.558614
463.400,91.1670,300.0000,69.3750,68.9967,13654.85,0.754374,84.558614
463.500,91.1670,300.0000,69.3125,68.9900,13656.19,0.754597,84.558614
463.600,91.1670,300.0000,69.3750,68.9834,13657.45,0.754805,84.558614
463.700,91.1670,300.0000,69.5000,68.9767,13658.62,0.755000,84.558614
463.800,91.1670,300.0000,69.3750,68.9700,13659.72,0.755181,84.558614
463.900,91.1670,300.0000,69.3125,68.9634,13660.74,0.755351,84.558614
464.000,91.0356,300.0000,69.3750,68.9567,13660.38,0.755291,84.702638
464.100,91.0356,300.0000,69.2500,68.9501,13660.04,0.755236,84.702638
464.200,91.0356,300.0000,69.3750,68.9435,13659.73,0.755184,84.702638
464.300,91.0356,300.0000,69.3750,68.9369,13659.44,0.755135,84.702638
464.400,91.0356,300.0000,69.3125,68.9303,13659.17,0.755090,84.702638
464.500,91.0356,300.0000,69.3125,68.9238,13658.91,0.755048,84.702638
464.600,91.0356,300.0000,69.3750,68.9172,13658.67,0.755008,84.702638
464.700,91.0356,300.0000,69.3125,68.9107,13658.45,0.754972,84.702638
464.800,91.0356,300.0000,69.3125,68.9042,13658.24,0.754937,84.702638
464.900,91.0356,300.0000,69.3750,68.8977,13658.05,0.754905,84.702638
465.000,91.2735,300.0000,69.3125,68.8912,13660.25,0.755270,84.848749
465.100,91.2735,300.0000,69.1875,68.8847,13662.30,0.755610,84.848749
465.200,91.2735,300.0000,69.3125,68.8782,13664.22,0.755928,84.848749
465.300,91.2735,300.0000,69.3125,68.8718,13666.01,0.756225,84.848749
465.400,91.2735,300.0000,69.2500,68.8653,13667.67,0.756502,84.848749
465.500,91.2735,300.0000,69.3125,68.8588,13669.23,0.756761,84.848749
465.600,91.2735,300.0000,69.2500,68.8523,13670.68,0.757002,84.848749
465.700,91.2735,300.0000,69.2500,68.8458,13672.04,0.757227,84.848749
465.800,91.2735,300.0000,69.3750,68.8393,13673.31,0.757438,84.848749
465.900,91.2735,300.0000,69.2500,68.8328,13674.49,0.757634,84.848749
466.000,91.2319,300.0000,69.2500,68.8263,13675.17,0.757748,84.990686
466.100,91.2319,300.0000,69.3125,68.8199,13675.82,0.757855,84.990686
466.200,91.2319,300.0000,69.3125,68.8134,13676.41,0.757954,84.990686
466.300,91.2319,300.0000,69.1875,68.8070,13676.97,0.758047,84.990686
466.400,91.2319,300.0000,69.2500,68.8005,13677.49,0.758134,84.990686
466.500,91.2319,300.0000,69.1875,68.7941,13677.98,0.758214,84.990686
466.600,91.2319,300.0000,69.1250,68.7877,13678.43,0.758290,84.990686
466.700,91.2319,300.0000,69.2500,68.7813,13678.86,0.758360,84.990686
466.800,91.2319,300.0000,69.1875,68.7749,13679.25,0.758426,84.990686
466.900,91.2319,300.0000,69.1875,68.7685,13679.62,0.758487,84.990686
467.000,91.2800,300.0000,69.1250,68.7621,13680.45,0.758625,85.130535
467.100,91.2800,300.0000,69.1250,68.7558,13681.22,0.758753,85.130535
467.200,91.2800,300.0000,69.0000,68.7494,13681.93,0.758872,85.130535
467.300,91.2800,300.0000,69.1250,68.7431,13682.61,0.758984,85.130535
467.400,91.2800,300.0000,69.0625,68.7367,13683.23,0.759088,85.130535
467.500,91.2800,300.0000,69.1250,68.7304,13683.82,0.759186,85.130535
467.600,91.2800,300.0000,69.1250,68.7241,13684.36,0.759276,85.130535
467.700,91.2800,300.0000,69.1250,68.7178,13684.87,0.759361,85.130535
467.800,91.2800,300.0000,69.0625,68.7115,13685.35,0.759440,85.130535
467.900,91.2800,300.0000,69.1250,68.7052,13685.79,0.759514,85.130535
468.000,91.3260,300.0000,69.1875,68.6989,13686.66,0.759659,85.268297
468.100,91.3260,300.0000,69.0625,68.6926,13687.48,0.759795,85.268297
468.200,91.3260,300.0000,69.0000,68.6863,13688.24,0.759922,85.268297
468.300,91.3260,300.0000,69.0000,68.6801,13688.95,0.760040,85.268297
468.400,91.3260,300.0000,69.0000,68.6738,13689.61,0.760151,85.268297
468.500,91.3260,300.0000,69.0000,68.6676,13690.23,0.760254,85.268297
468.600,91.3260,300.0000,68.9375,68.6613,13690.81,0.760350,85.268297
468.700,91.3260,300.0000,69.0000,68.6551,13691.35,0.760440,85.268297
468.800,91.3260,300.0000,68.9375,68.6489,13691.85,0.760524,85.268297
468.900,91.3260,300.0000,68.9375,68.6427,13692.32,0.760602,85.268297
469.000,91.1821,300.0000,69.0625,68.6365,13691.32,0.760435,85.399796
469.100,91.1821,300.0000,69.0625,68.6303,13690.39,0.760280,85.399796
469.200,91.1821,300.0000,69.0625,68.6242,13689.52,0.760134,85.399796
469.300,91.1821,300.0000,69.0000,68.6181,13688.70,0.759999,85.399796
469.400,91.1821,300.0000,69.0000,68.6120,13687.94,0.759873,85.399796
469.500,91.1821,300.0000,69.0000,68.6059,13687.23,0.759755,85.399796
469.600,91.1821,300.0000,69.0000,68.5998,13686.57,0.759645,85.399796
469.700,91.1821,300.0000,68.9375,68.5938,13685.96,0.759542,85.399796
469.800,91.1821,300.0000,68.9375,68.5878,13685.38,0.759446,85.399796
469.900,91.1821,300.0000,68.8750,68.5818,13684.84,0.759356,85.399796
470.000,91.2197,300.0000,68.8750,68.5758,13684.72,0.759335,85.529209
470.100,91.2197,300.0000,69.0000,68.5698,13684.60,0.759316,85.529209
470.200,91.2197,300.0000,69.0000,68.5638,13684.49,0.759298,85.529209
470.300,91.2197,300.0000,68.8750,68.5579,13684.39,0.759281,85.529209
470.400,91.2197,300.0000,68.8750,68.5519,13684.29,0.759265,85.529209
470.500,91.2197,300.0000,68.9375,68.5460,13684.20,0.759250,85.529209
470.600,91.2197,300.0000,68.8750,68.5401,13684.12,0.759236,85.529209
470.700,91.2197,300.0000,68.9375,68.5342,13684.04,0.759224,85.529209
470.800,91.2197,300.0000,68.8750,68.5283,13683.97,0.759212,85.529209
470.900,91.2197,300.0000,68.9375,68.5224,13683.90,0.759200,85.529209
471.000,91.4430,300.0000,68.9375,68.5166,13686.07,0.759562,85.660709
471.100,91.4430,300.0000,68.8750,68.5107,13688.10,0.759899,85.660709
471.200,91.4430,300.0000,68.8750,68.5048,13689.99,0.760214,85.660709
471.300,91.4430,300.0000,68.8750,68.4989,13691.75,0.760508,85.660709
471.400,91.4430,300.0000,68.8750,68.4930,13693.40,0.760782,85.660709
471.500,91.4430,300.0000,68.8125,68.4872,13694.94,0.761038,85.660709
471.600,91.4430,300.0000,68.8750,68.4813,13696.37,0.761277,85.660709
471.700,91.4430,300.0000,68.7500,68.4754,13697.71,0.761501,85.660709
471.800,91.4430,300.0000,68.9375,68.4695,13698.96,0.761709,85.660709
471.900,91.4430,300.0000,68.8125,68.4637,13700.13,0.761904,85.660709
472.000,91.3868,300.0000,68.8125,68.4578,13700.65,0.761991,85.788034
472.100,91.3868,300.0000,68.8125,68.4519,13701.14,0.762073,85.788034
472.200,91.3868,300.0000,68.8750,68.4461,13701.60,0.762150,85.788034
472.300,91.3868,300.0000,68.8125,68.4402,13702.03,0.762221,85.788034
472.400,91.3868,300.0000,68.8125,68.4344,13702.43,0.762288,85.788034
472.500,91.3868,300.0000,68.8750,68.4286,13702.80,0.762350,85.788034
472.600,91.3868,300.0000,68.6875,68.4228,13703.15,0.762408,85.788034
472.700,91.3868,300.0000,68.7500,68.4170,13703.47,0.762462,85.788034
472.800,91.3868,300.0000,68.7500,68.4112,13703.78,0.762513,85.788034
472.900,91.3868,300.0000,68.8125,68.4054,13704.06,0.762560,85.788034
473.000,91.5141,300.0000,68.8125,68.3997,13705.60,0.762816,85.915360
473.100,91.5141,300.0000,68.7500,68.3939,13707.03,0.763056,85.915360
473.200,91.5141,300.0000,68.6875,68.3881,13708.37,0.763280,85.915360
473.300,91.5141,300.0000,68.7500,68.3823,13709.62,0.763488,85.915360
473.400,91.5141,300.0000,68.7500,68.3766,13710.79,0.763683,85.915360
473.500,91.5141,300.0000,68.6875,68.3708,13711.87,0.763865,85.915360
473.600,91.5141,300.0000,68.7500,68.3650,13712.89,0.764035,85.915360
473.700,91.5141,300.0000,68.7500,68.3593,13713.84,0.764194,85.915360
473.800,91.5141,300.0000,68.6875,68.3535,13714.72,0.764342,85.915360
473.900,91.5141,300.0000,68.6875,68.3478,13715.55,0.764480,85.915360
474.000,91.4537,300.0000,68.7500,68.3421,13715.72,0.764508,86.038510
474.100,91.4537,300.0000,68.6875,68.3363,13715.87,0.764534,86.038510
474.200,91.4537,300.0000,68.6250,68.3306,13716.02,0.764558,86.038510
474.300,91.4537,300.0000,68.6250,68.3249,13716.15,0.764581,86.038510
474.400,91.4537,300.0000,68.7500,68.3192,13716.28,0.764602,86.038510
474.500,91.4537,300.0000,68.7500,68.3136,13716.40,0.764622,86.038510
474.600,91.4537,300.0000,68.6875,68.3079,13716.51,0.764640,86.038510
474.700,91.4537,300.0000,68.6875,68.3023,13716.61,0.764657,86.038510
474.800,91.4537,300.0000,68.6250,68.2966,13716.71,0.764673,86.038510
474.900,91.4537,300.0000,68.6250,68.2910,13716.80,0.764688,86.038510
475.000,91.4830,300.0000,68.6250,68.2854,13717.17,0.764751,86.159574
475.100,91.4830,300.0000,68.6875,68.2798,13717.53,0.764810,86.159574
475.200,91.4830,300.0000,68.6875,68.2742,13717.85,0.764865,86.159574
475.300,91.4830,300.0000,68.6250,68.2686,13718.16,0.764916,86.159574
475.400,91.4830,300.0000,68.6250,68.2630,13718.45,0.764964,86.159574
475.500,91.4830,300.0000,68.6250,68.2574,13718.71,0.765009,86.159574
475.600,91.4830,300.0000,68.5625,68.2519,13718.96,0.765050,86.159574
475.700,91.4830,300.0000,68.6250,68.2463,13719.19,0.765089,86.159574
475.800,91.4830,300.0000,68.6875,68.2408,13719.41,0.765125,86.159574
475.900,91.4830,300.0000,68.6250,68.2352,13719.61,0.765159,86.159574
476.000,91.6040,300.0000,68.5625,68.2297,13721.01,0.765393,86.280637
476.100,91.6040,300.0000,68.6250,68.2242,13722.32,0.765612,86.280637
476.200,91.6040,300.0000,68.5625,68.2187,13723.54,0.765816,86.280637
476.300,91.6040,300.0000,68.5000,68.2132,13724.68,0.766007,86.280637
476.400,91.6040,300.0000,68.5000,68.2076,13725.74,0.766184,86.280637
476.500,91.6040,300.0000,68.6250,68.2021,13726.73,0.766350,86.280637
476.600,91.6040,300.0000,68.4375,68.1966,13727.65,0.766505,86.280637
476.700,91.6040,300.0000,68.5625,68.1911,13728.52,0.766650,86.280637
476.800,91.6040,300.0000,68.5625,68.1856,13729.32,0.766785,86.280637
476.900,91.6040,300.0000,68.5000,68.1801,13730.08,0.766911,86.280637
477.000,91.5374,300.0000,68.5000,68.1746,13730.11,0.766917,86.397526
477.100,91.5374,300.0000,68.6250,68.1692,13730.14,0.766922,86.397526
477.200,91.5374,300.0000,68.4375,68.1637,13730.17,0.766928,86.397526
477.300,91.5374,300.0000,68.5000,68.1583,13730.20,0.766932,86.397526
477.400,91.5374,300.0000,68.5000,68.1528,13730.23,0.766937,86.397526
477.500,91.5374,300.0000,68.5000,68.1474,13730.25,0.766941,86.397526
477.600,91.5374,300.0000,68.5000,68.1420,13730.28,0.766945,86.397526
477.700,91.5374,300.0000,68.4375,68.1366,13730.30,0.766949,86.397526
477.800,91.5374,300.0000,68.4375,68.1312,13730.32,0.766952,86.397526
477.900,91.5374,300.0000,68.3750,68.1259,13730.34,0.766955,86.397526
478.000,91.4665,300.0000,68.5000,68.1205,13729.65,0.766839,86.510240
478.100,91.4665,300.0000,68.5000,68.1152,13729.00,0.766731,86.510240
478.200,91.4665,300.0000,68.5625,68.1098,13728.40,0.766631,86.510240
478.300,91.4665,300.0000,68.5000,68.1045,13727.84,0.766536,86.510240
478.400,91.4665,300.0000,68.5000,68.0992,13727.32,0.766449,86.510240
478.500,91.4665,300.0000,68.5000,68.0940,13726.83,0.766367,86.510240
478.600,91.4665,300.0000,68.4375,68.0887,13726.37,0.766290,86.510240
478.700,91.4665,300.0000,68.4375,68.0835,13725.94,0.766219,86.510240
478.800,91.4665,300.0000,68.4375,68.0782,13725.55,0.766152,86.510240
478.900,91.4665,300.0000,68.3750,68.0730,13725.17,0.766090,86.510240
479.000,91.5792,300.0000,68.3750,68.0678,13725.95,0.766221,86.622954
479.100,91.5792,300.0000,68.3750,68.0626,13726.68,0.766343,86.622954
479.200,91.5792,300.0000,68.4375,68.0574,13727.36,0.766457,86.622954
479.300,91.5792,300.0000,68.3750,68.0522,13728.00,0.766563,86.622954
479.400,91.5792,300.0000,68.3750,68.0471,13728.59,0.766662,86.622954
479.500,91.5792,300.0000,68.3125,68.0419,13729.14,0.766755,86.622954
479.600,91.5792,300.0000,68.3750,68.0367,13729.66,0.766841,86.622954
479.700,91.5792,300.0000,68.3750,68.0316,13730.14,0.766922,86.622954
479.800,91.5792,300.0000,68.3125,68.0264,13730.59,0.766997,86.622954
479.900,91.5792,300.0000,68.3125,68.0213,13731.01,0.767068,86.622954
480.000,91.5981,300.0000,68.2500,68.0161,13731.59,0.767165,86.733581
480.100,91.5981,300.0000,68.3125,68.0110,13732.13,0.767256,86.733581
480.200,91.5981,300.0000,68.3125,68.0059,13732.64,0.767340,86.733581
480.300,91.5981,300.0000,68.1875,68.0007,13733.11,0.767419,86.733581
480.400,91.5981,300.0000,68.3125,67.9956,13733.55,0.767493,86.733581
480.500,91.5981,300.0000,68.2500,67.9905,13733.96,0.767562,86.733581
480.600,91.5981,300.0000,68.3125,67.9854,13734.34,0.767626,86.733581
480.700,91.5981,300.0000,68.3125,67.9803,13734.70,0.767686,86.733581
480.800,91.5981,300.0000,68.2500,67.9753,13735.03,0.767742,86.733581
480.900,91.5981,300.0000,68.3125,67.9702,13735.35,0.767795,86.733581
481.000,91.7087,300.0000,68.2500,67.9651,13736.74,0.768029,86.844208
481.100,91.7087,300.0000,68.2500,67.9601,13738.05,0.768248,86.844208
481.200,91.7087,300.0000,68.1875,67.9550,13739.26,0.768452,86.844208
481.300,91.7087,300.0000,68.2500,67.9499,13740.40,0.768642,86.844208
481.400,91.7087,300.0000,68.3125,67.9449,13741.46,0.768820,86.844208
481.500,91.7087,300.0000,68.3125,67.9398,13742.45,0.768987,86.844208
481.600,91.7087,300.0000,68.3750,67.9348,13743.37,0.769142,86.844208
481.700,91.7087,300.0000,68.2500,67.9297,13744.24,0.769286,86.844208
481.800,91.7087,300.0000,68.1875,67.9247,13745.04,0.769421,86.844208
481.900,91.7087,300.0000,68.0625,67.9196,13745.79,0.769548,86.844208
482.000,91.4438,300.0000,68.1250,67.9146,13743.84,0.769220,86.946486
482.100,91.4438,300.0000,68.2500,67.9096,13742.03,0.768915,86.946486
482.200,91.4438,300.0000,68.2500,67.9046,13740.33,0.768631,86.946486
482.300,91.4438,300.0000,68.1875,67.8997,13738.75,0.768365,86.946486
482.400,91.4438,300.0000,68.2500,67.8948,13737.27,0.768117,86.946486
482.500,91.4438,300.0000,68.1875,67.8899,13735.89,0.767886,86.946486
482.600,91.4438,300.0000,68.2500,67.8850,13734.60,0.767670,86.946486
482.700,91.4438,300.0000,68.1875,67.8802,13733.40,0.767468,86.946486
482.800,91.4438,300.0000,68.1875,67.8753,13732.28,0.767280,86.946486
482.900,91.4438,300.0000,68.2500,67.8705,13731.23,0.767105,86.946486
483.000,91.8277,300.0000,68.1250,67.8657,13734.09,0.767584,87.055025
483.100,91.8277,300.0000,68.2500,67.8609,13736.76,0.768032,87.055025
483.200,91.8277,300.0000,68.2500,67.8560,13739.26,0.768451,87.055025
483.300,91.8277,300.0000,68.1875,67.8512,13741.58,0.768841,87.055025
483.400,91.8277,300.0000,68.2500,67.8463,13743.76,0.769206,87.055025
483.500,91.8277,300.0000,68.1875,67.8414,13745.78,0.769546,87.055025
483.600,91.8277,300.0000,68.1875,67.8366,13747.67,0.769864,87.055025
483.700,91.8277,300.0000,68.1250,67.8317,13749.44,0.770160,87.055025
483.800,91.8277,300.0000,68.1875,67.8268,13751.09,0.770437,87.055025
483.900,91.8277,300.0000,68.0625,67.8219,13752.63,0.770696,87.055025
484.000,91.6547,300.0000,68.1250,67.8171,13752.33,0.770646,87.157303
484.100,91.6547,300.0000,68.0625,67.8122,13752.06,0.770600,87.157303
484.200,91.6547,300.0000,68.2500,67.8074,13751.80,0.770557,87.157303
484.300,91.6547,300.0000,68.0000,67.8025,13751.56,0.770517,87.157303
484.400,91.6547,300.0000,68.0625,67.7977,13751.33,0.770479,87.157303
484.500,91.6547,300.0000,68.0625,67.7929,13751.13,0.770444,87.157303
484.600,91.6547,300.0000,68.1250,67.7881,13750.93,0.770411,87.157303
484.700,91.6547,300.0000,68.1875,67.7833,13750.75,0.770380,87.157303
484.800,91.6547,300.0000,68.0000,67.7786,13750.58,0.770352,87.157303
484.900,91.6547,300.0000,68.0625,67.7738,13750.42,0.770325,87.157303
485.000,91.7569,300.0000,68.0625,67.7690,13751.29,0.770472,87.259581
485.100,91.7569,300.0000,68.1250,67.7643,13752.11,0.770609,87.259581
485.200,91.7569,300.0000,68.0000,67.7596,13752.87,0.770737,87.259581
485.300,91.7569,300.0000,68.0625,67.7548,13753.58,0.770857,87.259581
485.400,91.7569,300.0000,68.0625,67.7501,13754.25,0.770969,87.259581
485.500,91.7569,300.0000,68.0625,67.7453,13754.87,0.771073,87.259581
485.600,91.7569,300.0000,67.9375,67.7406,13755.45,0.771170,87.259581
485.700,91.7569,300.0000,67.9375,67.7359,13755.98,0.771261,87.259581
485.800,91.7569,300.0000,68.0000,67.7312,13756.49,0.771346,87.259581
485.900,91.7569,300.0000,68.0625,67.7265,13756.96,0.771425,87.259581
486.000,91.8592,300.0000,68.0625,67.7218,13758.42,0.771671,87.361859
486.100,91.8592,300.0000,67.9375,67.7171,13759.78,0.771900,87.361859
486.200,91.8592,300.0000,67.9375,67.7124,13761.06,0.772114,87.361859
486.300,91.8592,300.0000,68.0000,67.7077,13762.25,0.772314,87.361859
486.400,91.8592,300.0000,68.0000,67.7029,13763.35,0.772501,87.361859
486.500,91.8592,300.0000,68.0625,67.6982,13764.39,0.772676,87.361859
486.600,91.8592,300.0000,67.9375,67.6935,13765.36,0.772838,87.361859
486.700,91.8592,300.0000,67.9375,67.6888,13766.26,0.772990,87.361859
486.800,91.8592,300.0000,67.9375,67.6841,13767.10,0.773132,87.361859
486.900,91.8592,300.0000,67.8750,67.6795,13767.89,0.773264,87.361859
487.000,91.6799,300.0000,67.8750,67.6748,13766.82,0.773086,87.457874
487.100,91.6799,300.0000,67.9375,67.6701,13765.84,0.772919,87.457874
487.200,91.6799,300.0000,67.9375,67.6655,13764.91,0.772763,87.457874
487.300,91.6799,300.0000,68.0000,67.6609,13764.05,0.772618,87.457874
487.400,91.6799,300.0000,67.9375,67.6563,13763.25,0.772483,87.457874
487.500,91.6799,300.0000,67.9375,67.6517,13762.49,0.772356,87.457874
487.600,91.6799,300.0000,67.9375,67.6471,13761.79,0.772238,87.457874
487.700,91.6799,300.0000,67.9375,67.6426,13761.14,0.772128,87.457874
487.800,91.6799,300.0000,68.0000,67.6380,13760.53,0.772025,87.457874
487.900,91.6799,300.0000,67.9375,67.6335,13759.96,0.771930,87.457874
488.000,91.8698,300.0000,67.8750,67.6290,13761.33,0.772160,87.555977
488.100,91.8698,300.0000,67.9375,67.6244,13762.60,0.772374,87.555977
488.200,91.8698,300.0000,67.8750,67.6199,13763.79,0.772575,87.555977
488.300,91.8698,300.0000,67.8750,67.6154,13764.90,0.772762,87.555977
488.400,91.8698,300.0000,68.0000,67.6109,13765.94,0.772937,87.555977
488.500,91.8698,300.0000,67.9375,67.6064,13766.91,0.773100,87.555977
488.600,91.8698,300.0000,67.9375,67.6018,13767.81,0.773252,87.555977
488.700,91.8698,300.0000,67.9375,67.5973,13768.66,0.773394,87.555977
488.800,91.8698,300.0000,67.8125,67.5928,13769.44,0.773527,87.555977
488.900,91.8698,300.0000,67.8750,67.5883,13770.18,0.773651,87.555977
489.000,91.8740,300.0000,67.8125,67.5838,13770.91,0.773774,87.651993
489.100,91.8740,300.0000,67.8125,67.5793,13771.59,0.773888,87.651993
489.200,91.8740,300.0000,67.8750,67.5748,13772.22,0.773995,87.651993
489.300,91.8740,300.0000,67.6875,67.5703,13772.81,0.774095,87.651993
489.400,91.8740,300.0000,67.9375,67.5658,13773.37,0.774188,87.651993
489.500,91.8740,300.0000,67.8125,67.5613,13773.88,0.774275,87.651993
489.600,91.8740,300.0000,67.7500,67.5569,13774.36,0.774356,87.651993
489.700,91.8740,300.0000,67.8125,67.5524,13774.81,0.774432,87.651993
489.800,91.8740,300.0000,67.8125,67.5479,13775.23,0.774503,87.651993
489.900,91.8740,300.0000,67.8125,67.5435,13775.62,0.774569,87.651993
490.000,91.8761,300.0000,67.8125,67.5390,13776.01,0.774634,87.745922
490.100,91.8761,300.0000,67.8125,67.5346,13776.37,0.774695,87.745922
490.200,91.8761,300.0000,67.7500,67.5302,13776.71,0.774752,87.745922
490.300,91.8761,300.0000,67.7500,67.5257,13777.02,0.774805,87.745922
490.400,91.8761,300.0000,67.8125,67.5213,13777.31,0.774854,87.745922
490.500,91.8761,300.0000,67.8125,67.5169,13777.59,0.774900,87.745922
490.600,91.8761,300.0000,67.8125,67.5125,13777.84,0.774943,87.745922
490.700,91.8761,300.0000,67.8125,67.5081,13778.08,0.774984,87.745922
490.800,91.8761,300.0000,67.8125,67.5037,13778.30,0.775021,87.745922
490.900,91.8761,300.0000,67.7500,67.4993,13778.51,0.775056,87.745922
491.000,91.8762,300.0000,67.7500,67.4950,13778.71,0.775089,87.837763
491.100,91.8762,300.0000,67.6875,67.4906,13778.89,0.775120,87.837763
491.200,91.8762,300.0000,67.7500,67.4863,13779.06,0.775148,87.837763
491.300,91.8762,300.0000,67.8750,67.4819,13779.22,0.775175,87.837763
491.400,91.8762,300.0000,67.6875,67.4776,13779.36,0.775200,87.837763
491.500,91.8762,300.0000,67.7500,67.4732,13779.50,0.775223,87.837763
491.600,91.8762,300.0000,67.7500,67.4689,13779.63,0.775245,87.837763
491.700,91.8762,300.0000,67.7500,67.4646,13779.75,0.775265,87.837763
491.800,91.8762,300.0000,67.6875,67.4603,13779.86,0.775284,87.837763
491.900,91.8762,300.0000,67.7500,67.4560,13779.97,0.775302,87.837763
492.000,91.9680,300.0000,67.7500,67.4517,13780.98,0.775473,87.929604
492.100,91.9680,300.0000,67.6875,67.4474,13781.93,0.775633,87.929604
492.200,91.9680,300.0000,67.6875,67.4431,13782.82,0.775783,87.929604
492.300,91.9680,300.0000,67.6875,67.4388,13783.64,0.775922,87.929604
492.400,91.9680,300.0000,67.7500,67.4346,13784.41,0.776052,87.929604
492.500,91.9680,300.0000,67.6250,67.4303,13785.13,0.776174,87.929604
492.600,91.9680,300.0000,67.7500,67.4260,13785.80,0.776287,87.929604
492.700,91.9680,300.0000,67.6875,67.4217,13786.43,0.776393,87.929604
492.800,91.9680,300.0000,67.6875,67.4175,13787.02,0.776492,87.929604
492.900,91.9680,300.0000,67.7500,67.4132,13787.56,0.776584,87.929604
493.000,92.0599,300.0000,67.6875,67.4089,13788.99,0.776826,88.021445
493.100,92.0599,300.0000,67.6250,67.4047,13790.32,0.777051,88.021445
493.200,92.0599,300.0000,67.5625,67.4004,13791.57,0.777261,88.021445
493.300,92.0599,300.0000,67.6875,67.3961,13792.73,0.777458,88.021445
493.400,92.0599,300.0000,67.5625,67.3919,13793.81,0.777641,88.021445
493.500,92.0599,300.0000,67.5625,67.3876,13794.82,0.777812,88.021445
493.600,92.0599,300.0000,67.6250,67.3833,13795.77,0.777972,88.021445
493.700,92.0599,300.0000,67.5625,67.3791,13796.65,0.778121,88.021445
493.800,92.0599,300.0000,67.6875,67.3748,13797.47,0.778260,88.021445
493.900,92.0599,300.0000,67.6875,67.3706,13798.24,0.778390,88.021445
494.000,92.0579,300.0000,67.6250,67.3663,13798.93,0.778508,88.111199
494.100,92.0579,300.0000,67.6875,67.3621,13799.58,0.778618,88.111199
494.200,92.0579,300.0000,67.6250,67.3578,13800.19,0.778720,88.111199
494.300,92.0579,300.0000,67.5000,67.3536,13800.76,0.778816,88.111199
494.400,92.0579,300.0000,67.6250,67.3493,13801.28,0.778905,88.111199
494.500,92.0579,300.0000,67.5625,67.3451,13801.78,0.778989,88.111199
494.600,92.0579,300.0000,67.6875,67.3409,13802.24,0.779067,88.111199
494.700,92.0579,300.0000,67.6250,67.3367,13802.67,0.779140,88.111199
494.800,92.0579,300.0000,67.6875,67.3324,13803.07,0.779207,88.111199
494.900,92.0579,300.0000,67.5000,67.3282,13803.44,0.779271,88.111199
495.000,91.8660,300.0000,67.6250,67.3241,13801.87,0.779005,88.194691
495.100,91.8660,300.0000,67.6250,67.3199,13800.41,0.778757,88.194691
495.200,91.8660,300.0000,67.5000,67.3158,13799.04,0.778526,88.194691
495.300,91.8660,300.0000,67.6250,67.3116,13797.76,0.778310,88.194691
495.400,91.8660,300.0000,67.5625,67.3075,13796.57,0.778108,88.194691
495.500,91.8660,300.0000,67.6875,67.3034,13795.46,0.777920,88.194691
495.600,91.8660,300.0000,67.5625,67.2994,13794.42,0.777745,88.194691
495.700,91.8660,300.0000,67.6250,67.2953,13793.46,0.777581,88.194691
495.800,91.8660,300.0000,67.6250,67.2913,13792.55,0.777428,88.194691
495.900,91.8660,300.0000,67.5000,67.2873,13791.71,0.777285,88.194691
496.000,91.9495,300.0000,67.5625,67.2833,13791.76,0.777293,88.278183
496.100,91.9495,300.0000,67.5000,67.2793,13791.80,0.777301,88.278183
496.200,91.9495,300.0000,67.4375,67.2753,13791.84,0.777308,88.278183
496.300,91.9495,300.0000,67.5000,67.2713,13791.88,0.777314,88.278183
496.400,91.9495,300.0000,67.5000,67.2673,13791.92,0.777321,88.278183
496.500,91.9495,300.0000,67.4375,67.2634,13791.95,0.777326,88.278183
496.600,91.9495,300.0000,67.4375,67.2594,13791.98,0.777332,88.278183
496.700,91.9495,300.0000,67.3750,67.2554,13792.01,0.777337,88.278183
496.800,91.9495,300.0000,67.5000,67.2515,13792.04,0.777341,88.278183
496.900,91.9495,300.0000,67.5625,67.2476,13792.07,0.777346,88.278183
497.000,92.1269,300.0000,67.5625,67.2436,13793.86,0.777650,88.363763
497.100,92.1269,300.0000,67.5625,67.2397,13795.54,0.777933,88.363763
497.200,92.1269,300.0000,67.4375,67.2357,13797.11,0.778198,88.363763
497.300,92.1269,300.0000,67.3750,67.2318,13798.57,0.778446,88.363763
497.400,92.1269,300.0000,67.4375,67.2278,13799.93,0.778676,88.363763
497.500,92.1269,300.0000,67.4375,67.2239,13801.20,0.778892,88.363763
497.600,92.1269,300.0000,67.5000,67.2199,13802.39,0.779093,88.363763
497.700,92.1269,300.0000,67.5000,67.2160,13803.50,0.779281,88.363763
497.800,92.1269,300.0000,67.3125,67.2120,13804.54,0.779456,88.363763
497.900,92.1269,300.0000,67.5000,67.2081,13805.50,0.779620,88.363763
498.000,92.1186,300.0000,67.5000,67.2041,13806.32,0.779759,88.447255
498.100,92.1186,300.0000,67.4375,67.2002,13807.09,0.779888,88.447255
498.200,92.1186,300.0000,67.3750,67.1962,13807.80,0.780009,88.447255
498.300,92.1186,300.0000,67.3750,67.1923,13808.47,0.780122,88.447255
498.400,92.1186,300.0000,67.4375,67.1883,13809.09,0.780227,88.447255
498.500,92.1186,300.0000,67.3125,67.1844,13809.67,0.780325,88.447255
498.600,92.1186,300.0000,67.4375,67.1804,13810.21,0.780417,88.447255
498.700,92.1186,300.0000,67.3750,67.1765,13810.71,0.780503,88.447255
498.800,92.1186,300.0000,67.4375,67.1726,13811.18,0.780583,88.447255
498.900,92.1186,300.0000,67.4375,67.1687,13811.62,0.780657,88.447255
499.000,92.1082,300.0000,67.4375,67.1648,13811.93,0.780709,88.528659
499.100,92.1082,300.0000,67.3125,67.1609,13812.22,0.780758,88.528659
499.200,92.1082,300.0000,67.3750,67.1570,13812.48,0.780803,88.528659
499.300,92.1082,300.0000,67.3125,67.1531,13812.73,0.780846,88.528659
499.400,92.1082,300.0000,67.3750,67.1492,13812.97,0.780885,88.528659
499.500,92.1082,300.0000,67.4375,67.1453,13813.18,0.780922,88.528659
499.600,92.1082,300.0000,67.3750,67.1414,13813.39,0.780956,88.528659
499.700,92.1082,300.0000,67.3750,67.1376,13813.58,0.780989,88.528659
499.800,92.1082,300.0000,67.3750,67.1337,13813.75,0.781019,88.528659
499.900,92.1082,300.0000,67.4375,67.1298,13813.92,0.781047,88.528659
500.000,92.1896,300.0000,67.3750,67.1260,13814.89,0.781211,88.610064
500.100,92.1896,300.0000,67.3750,67.1221,13815.79,0.781364,88.610064
500.200,92.1896,300.0000,67.3750,67.1183,13816.63,0.781507,88.610064
500.300,92.1896,300.0000,67.3750,67.1144,13817.42,0.781641,88.610064
500.400,92.1896,300.0000,67.3125,67.1106,13818.16,0.781765,88.610064
500.500,92.1896,300.0000,67.3750,67.1068,13818.84,0.781882,88.610064
500.600,92.1896,300.0000,67.3125,67.1029,13819.48,0.781990,88.610064
500.700,92.1896,300.0000,67.3750,67.0991,13820.08,0.782092,88.610064
500.800,92.1896,300.0000,67.3125,67.0953,13820.64,0.782186,88.610064
500.900,92.1896,300.0000,67.3125,67.0914,13821.16,0.782275,88.610064
501.000,92.0833,300.0000,67.2500,67.0876,13820.58,0.782177,88.687294
501.100,92.0833,300.0000,67.3125,67.0838,13820.04,0.782085,88.687294
501.200,92.0833,300.0000,67.3750,67.0800,13819.53,0.782000,88.687294
501.300,92.0833,300.0000,67.3750,67.0763,13819.07,0.781920,88.687294
501.400,92.0833,300.0000,67.3125,67.0725,13818.63,0.781845,88.687294
501.500,92.0833,300.0000,67.3750,67.0687,13818.22,0.781776,88.687294
501.600,92.0833,300.0000,67.3125,67.0650,13817.84,0.781711,88.687294
501.700,92.0833,300.0000,67.3750,67.0613,13817.48,0.781651,88.687294
501.800,92.0833,300.0000,67.3125,67.0576,13817.15,0.781594,88.687294
501.900,92.0833,300.0000,67.3125,67.0539,13816.84,0.781541,88.687294
502.000,92.1605,300.0000,67.2500,67.0501,13817.32,0.781623,88.764524
502.100,92.1605,300.0000,67.2500,67.0464,13817.77,0.781700,88.764524
502.200,92.1605,300.0000,67.3125,67.0428,13818.19,0.781771,88.764524
502.300,92.1605,300.0000,67.2500,67.0391,13818.58,0.781838,88.764524
502.400,92.1605,300.0000,67.2500,67.0354,13818.95,0.781900,88.764524
502.500,92.1605,300.0000,67.2500,67.0317,13819.29,0.781958,88.764524
502.600,92.1605,300.0000,67.2500,67.0280,13819.61,0.782012,88.764524
502.700,92.1605,300.0000,67.3125,67.0244,13819.91,0.782062,88.764524
502.800,92.1605,300.0000,67.3125,67.0207,13820.18,0.782110,88.764524
502.900,92.1605,300.0000,67.2500,67.0171,13820.44,0.782154,88.764524
503.000,92.1438,300.0000,67.2500,67.0134,13820.52,0.782167,88.839667
503.100,92.1438,300.0000,67.3750,67.0098,13820.59,0.782178,88.839667
503.200,92.1438,300.0000,67.1875,67.0061,13820.65,0.782190,88.839667
503.300,92.1438,300.0000,67.2500,67.0025,13820.72,0.782200,88.839667
503.400,92.1438,300.0000,67.1875,66.9989,13820.77,0.782210,88.839667
503.500,92.1438,300.0000,67.2500,66.9953,13820.83,0.782219,88.839667
503.600,92.1438,300.0000,67.2500,66.9917,13820.88,0.782227,88.839667
503.700,92.1438,300.0000,67.1875,66.9881,13820.92,0.782235,88.839667
503.800,92.1438,300.0000,67.1875,66.9845,13820.97,0.782243,88.839667
503.900,92.1438,300.0000,67.1875,66.9809,13821.01,0.782250,88.839667
504.000,92.1251,300.0000,67.1875,66.9773,13820.86,0.782224,88.912722
504.100,92.1251,300.0000,67.3125,66.9738,13820.72,0.782201,88.912722
504.200,92.1251,300.0000,67.1875,66.9702,13820.59,0.782179,88.912722
504.300,92.1251,300.0000,67.2500,66.9667,13820.47,0.782158,88.912722
504.400,92.1251,300.0000,67.1875,66.9632,13820.35,0.782139,88.912722
504.500,92.1251,300.0000,67.3125,66.9596,13820.25,0.782121,88.912722
504.600,92.1251,300.0000,67.1875,66.9561,13820.15,0.782104,88.912722
504.700,92.1251,300.0000,67.1250,66.9526,13820.06,0.782088,88.912722
504.800,92.1251,300.0000,67.2500,66.9491,13819.97,0.782074,88.912722
504.900,92.1251,300.0000,67.1250,66.9456,13819.89,0.782060,88.912722
505.000,92.1043,300.0000,67.2500,66.9421,13819.61,0.782012,88.983691
505.100,92.1043,300.0000,67.1250,66.9387,13819.34,0.781967,88.983691
505.200,92.1043,300.0000,67.1875,66.9352,13819.10,0.781925,88.983691
505.300,92.1043,300.0000,67.1250,66.9318,13818.87,0.781886,88.983691
505.400,92.1043,300.0000,67.1250,66.9283,13818.65,0.781850,88.983691
505.500,92.1043,300.0000,67.1875,66.9249,13818.45,0.781816,88.983691
505.600,92.1043,300.0000,67.0625,66.9215,13818.27,0.781784,88.983691
505.700,92.1043,300.0000,67.1250,66.9180,13818.09,0.781754,88.983691
505.800,92.1043,300.0000,67.1875,66.9146,13817.93,0.781727,88.983691
505.900,92.1043,300.0000,67.0625,66.9112,13817.78,0.781701,88.983691
506.000,92.0814,300.0000,67.1250,66.9079,13817.40,0.781638,89.052572
506.100,92.0814,300.0000,67.1250,66.9045,13817.06,0.781579,89.052572
506.200,92.0814,300.0000,67.0625,66.9011,13816.73,0.781524,89.052572
506.300,92.0814,300.0000,67.1250,66.8978,13816.43,0.781473,89.052572
506.400,92.0814,300.0000,67.0625,66.8944,13816.15,0.781425,89.052572
506.500,92.0814,300.0000,67.1250,66.8911,13815.89,0.781381,89.052572
506.600,92.0814,300.0000,67.1875,66.8877,13815.64,0.781339,89.052572
506.700,92.0814,300.0000,67.1250,66.8844,13815.41,0.781300,89.052572
506.800,92.0814,300.0000,67.1250,66.8811,13815.20,0.781264,89.052572
506.900,92.0814,300.0000,67.1250,66.8778,13815.00,0.781230,89.052572
507.000,92.2442,300.0000,67.0625,66.8745,13816.44,0.781475,89.123540
507.100,92.2442,300.0000,67.0625,66.8712,13817.79,0.781703,89.123540
507.200,92.2442,300.0000,67.1250,66.8679,13819.04,0.781916,89.123540
507.300,92.2442,300.0000,67.1250,66.8646,13820.22,0.782115,89.123540
507.400,92.2442,300.0000,67.0625,66.8613,13821.31,0.782301,89.123540
507.500,92.2442,300.0000,67.0000,66.8580,13822.33,0.782474,89.123540
507.600,92.2442,300.0000,67.0625,66.8546,13823.28,0.782636,89.123540
507.700,92.2442,300.0000,67.0000,66.8513,13824.17,0.782787,89.123540
507.800,92.2442,300.0000,67.0000,66.8480,13825.00,0.782928,89.123540
507.900,92.2442,300.0000,67.1250,66.8447,13825.78,0.783060,89.123540
508.000,92.3151,300.0000,67.0625,66.8414,13827.21,0.783303,89.194508
508.100,92.3151,300.0000,67.0625,66.8380,13828.55,0.783531,89.194508
508.200,92.3151,300.0000,67.0625,66.8347,13829.80,0.783743,89.194508
508.300,92.3151,300.0000,67.1250,66.8314,13830.96,0.783941,89.194508
508.400,92.3151,300.0000,67.0000,66.8281,13832.05,0.784126,89.194508
508.500,92.3151,300.0000,67.0625,66.8247,13833.06,0.784298,89.194508
508.600,92.3151,300.0000,67.1250,66.8214,13834.01,0.784459,89.194508
508.700,92.3151,300.0000,66.9375,66.8181,13834.89,0.784610,89.194508
508.800,92.3151,300.0000,67.0625,66.8147,13835.72,0.784750,89.194508
508.900,92.3151,300.0000,67.0000,66.8114,13836.49,0.784881,89.194508
509.000,92.1983,300.0000,67.0625,66.8081,13836.04,0.784805,89.261302
509.100,92.1983,300.0000,67.0625,66.8048,13835.62,0.784733,89.261302
509.200,92.1983,300.0000,67.0625,66.8015,13835.23,0.784667,89.261302
509.300,92.1983,300.0000,67.0625,66.7982,13834.86,0.784605,89.261302
509.400,92.1983,300.0000,67.0625,66.7949,13834.52,0.784547,89.261302
509.500,92.1983,300.0000,67.0000,66.7916,13834.21,0.784493,89.261302
509.600,92.1983,300.0000,67.0625,66.7884,13833.91,0.784442,89.261302
509.700,92.1983,300.0000,66.8750,66.7851,13833.63,0.784395,89.261302
509.800,92.1983,300.0000,67.0625,66.7819,13833.37,0.784351,89.261302
509.900,92.1983,300.0000,67.0625,66.7787,13833.13,0.784310,89.261302
510.000,92.3590,300.0000,67.0000,66.7754,13834.51,0.784545,89.330183
510.100,92.3590,300.0000,67.0625,66.7722,13835.80,0.784764,89.330183
510.200,92.3590,300.0000,67.0625,66.7690,13837.01,0.784969,89.330183
510.300,92.3590,300.0000,67.0000,66.7657,13838.13,0.785160,89.330183
510.400,92.3590,300.0000,67.0000,66.7625,13839.18,0.785339,89.330183
510.500,92.3590,300.0000,67.0000,66.7592,13840.15,0.785505,89.330183
510.600,92.3590,300.0000,67.0000,66.7560,13841.07,0.785661,89.330183
510.700,92.3590,300.0000,67.0625,66.7527,13841.92,0.785806,89.330183
510.800,92.3590,300.0000,66.9375,66.7495,13842.72,0.785941,89.330183
510.900,92.3590,300.0000,66.9375,66.7462,13843.46,0.786068,89.330183
511.000,92.2402,300.0000,66.8750,66.7430,13842.96,0.785983,89.394889
511.100,92.2402,300.0000,66.9375,66.7398,13842.50,0.785905,89.394889
511.200,92.2402,300.0000,66.9375,66.7366,13842.07,0.785831,89.394889
511.300,92.2402,300.0000,66.8750,66.7334,13841.67,0.785762,89.394889
511.400,92.2402,300.0000,67.0000,66.7302,13841.29,0.785698,89.394889
511.500,92.2402,300.0000,66.8750,66.7270,13840.94,0.785639,89.394889
511.600,92.2402,300.0000,66.9375,66.7238,13840.61,0.785583,89.394889
511.700,92.2402,300.0000,66.8750,66.7207,13840.30,0.785531,89.394889
511.800,92.2402,300.0000,66.8750,66.7175,13840.02,0.785482,89.394889
511.900,92.2402,300.0000,66.9375,66.7144,13839.75,0.785437,89.394889
512.000,92.3049,300.0000,66.9375,66.7113,13840.15,0.785505,89.459595
512.100,92.3049,300.0000,66.8750,66.7081,13840.52,0.785568,89.459595
512.200,92.3049,300.0000,66.8750,66.7050,13840.87,0.785627,89.459595
512.300,92.3049,300.0000,66.8750,66.7019,13841.19,0.785682,89.459595
512.400,92.3049,300.0000,66.8750,66.6987,13841.50,0.785734,89.459595
512.500,92.3049,300.0000,66.8750,66.6956,13841.78,0.785782,89.459595
512.600,92.3049,300.0000,66.9375,66.6925,13842.04,0.785827,89.459595
512.700,92.3049,300.0000,66.8750,66.6894,13842.29,0.785868,89.459595
512.800,92.3049,300.0000,66.8750,66.6863,13842.52,0.785907,89.459595
512.900,92.3049,300.0000,66.8125,66.6832,13842.73,0.785944,89.459595
513.000,92.1818,300.0000,66.9375,66.6801,13841.70,0.785768,89.520127
513.100,92.1818,300.0000,66.8750,66.6771,13840.74,0.785605,89.520127
513.200,92.1818,300.0000,66.8750,66.6740,13839.84,0.785452,89.520127
513.300,92.1818,300.0000,66.7500,66.6710,13839.00,0.785309,89.520127
513.400,92.1818,300.0000,66.8125,66.6679,13838.22,0.785176,89.520127
513.500,92.1818,300.0000,66.8750,66.6649,13837.49,0.785052,89.520127
513.600,92.1818,300.0000,66.8125,66.6619,13836.81,0.784936,89.520127
513.700,92.1818,300.0000,66.8750,66.6589,13836.17,0.784828,89.520127
513.800,92.1818,300.0000,66.8125,66.6560,13835.58,0.784727,89.520127
513.900,92.1818,300.0000,66.8125,66.6530,13835.03,0.784633,89.520127
514.000,92.2424,300.0000,66.8125,66.6500,13835.12,0.784648,89.580659
514.100,92.2424,300.0000,66.8125,66.6471,13835.20,0.784662,89.580659
514.200,92.2424,300.0000,66.8125,66.6441,13835.28,0.784675,89.580659
514.300,92.2424,300.0000,66.8750,66.6412,13835.35,0.784687,89.580659
514.400,92.2424,300.0000,66.8750,66.6383,13835.41,0.784698,89.580659
514.500,92.2424,300.0000,66.8125,66.6353,13835.48,0.784709,89.580659
514.600,92.2424,300.0000,66.8750,66.6324,13835.54,0.784719,89.580659
514.700,92.2424,300.0000,66.8750,66.6295,13835.59,0.784728,89.580659
514.800,92.2424,300.0000,66.8125,66.6266,13835.64,0.784737,89.580659
514.900,92.2424,300.0000,66.8125,66.6237,13835.69,0.784745,89.580659
515.000,92.3029,300.0000,66.6875,66.6208,13836.34,0.784856,89.641190
515.100,92.3029,300.0000,66.8750,66.6179,13836.94,0.784959,89.641190
515.200,92.3029,300.0000,66.8750,66.6150,13837.51,0.785055,89.641190
515.300,92.3029,300.0000,66.8125,66.6121,13838.04,0.785145,89.641190
515.400,92.3029,300.0000,66.8750,66.6092,13838.53,0.785229,89.641190
515.500,92.3029,300.0000,66.6875,66.6063,13838.99,0.785307,89.641190
515.600,92.3029,300.0000,66.7500,66.6034,13839.42,0.785380,89.641190
515.700,92.3029,300.0000,66.7500,66.6005,13839.82,0.785449,89.641190
515.800,92.3029,300.0000,66.6875,66.5976,13840.20,0.785512,89.641190
515.900,92.3029,300.0000,66.7500,66.5947,13840.55,0.785572,89.641190
516.000,92.2696,300.0000,66.7500,66.5918,13840.54,0.785570,89.699635
516.100,92.2696,300.0000,66.8125,66.5890,13840.53,0.785569,89.699635
516.200,92.2696,300.0000,66.8125,66.5861,13840.52,0.785568,89.699635
516.300,92.2696,300.0000,66.7500,66.5833,13840.52,0.785567,89.699635
516.400,92.2696,300.0000,66.8125,66.5804,13840.51,0.785566,89.699635
516.500,92.2696,300.0000,66.7500,66.5776,13840.51,0.785565,89.699635
516.600,92.2696,300.0000,66.7500,66.5747,13840.50,0.785564,89.699635
516.700,92.2696,300.0000,66.7500,66.5719,13840.50,0.785564,89.699635
516.800,92.2696,300.0000,66.8125,66.5691,13840.49,0.785563,89.699635
516.900,92.2696,300.0000,66.6875,66.5663,13840.49,0.785562,89.699635
517.000,92.2341,300.0000,66.8125,66.5634,13840.13,0.785501,89.755992
517.100,92.2341,300.0000,66.6250,66.5606,13839.80,0.785444,89.755992
517.200,92.2341,300.0000,66.8125,66.5579,13839.49,0.785391,89.755992
517.300,92.2341,300.0000,66.6875,66.5551,13839.19,0.785342,89.755992
517.400,92.2341,300.0000,66.7500,66.5523,13838.92,0.785295,89.755992
517.500,92.2341,300.0000,66.7500,66.5495,13838.67,0.785252,89.755992
517.600,92.2341,300.0000,66.8125,66.5468,13838.43,0.785212,89.755992
517.700,92.2341,300.0000,66.8125,66.5440,13838.21,0.785174,89.755992
517.800,92.2341,300.0000,66.6875,66.5413,13838.01,0.785139,89.755992
517.900,92.2341,300.0000,66.6875,66.5386,13837.81,0.785106,89.755992
518.000,92.2905,300.0000,66.6250,66.5358,13838.20,0.785172,89.812349
518.100,92.2905,300.0000,66.6875,66.5331,13838.56,0.785233,89.812349
518.200,92.2905,300.0000,66.7500,66.5304,13838.89,0.785290,89.812349
518.300,92.2905,300.0000,66.7500,66.5277,13839.20,0.785343,89.812349
518.400,92.2905,300.0000,66.7500,66.5249,13839.49,0.785393,89.812349
518.500,92.2905,300.0000,66.6875,66.5222,13839.77,0.785439,89.812349
518.600,92.2905,300.0000,66.7500,66.5195,13840.02,0.785482,89.812349
518.700,92.2905,300.0000,66.6250,66.5168,13840.26,0.785522,89.812349
518.800,92.2905,300.0000,66.6875,66.5141,13840.48,0.785560,89.812349
518.900,92.2905,300.0000,66.6250,66.5114,13840.68,0.785595,89.812349
519.000,92.2530,300.0000,66.7500,66.5087,13840.50,0.785564,89.866619
519.100,92.2530,300.0000,66.6875,66.5060,13840.33,0.785535,89.866619
519.200,92.2530,300.0000,66.7500,66.5034,13840.17,0.785508,89.866619
519.300,92.2530,300.0000,66.6875,66.5007,13840.02,0.785483,89.866619
519.400,92.2530,300.0000,66.6875,66.4980,13839.88,0.785459,89.866619
519.500,92.2530,300.0000,66.6875,66.4954,13839.76,0.785437,89.866619
519.600,92.2530,300.0000,66.6875,66.4927,13839.63,0.785417,89.866619
519.700,92.2530,300.0000,66.7500,66.4901,13839.52,0.785397,89.866619
519.800,92.2530,300.0000,66.6250,66.4875,13839.42,0.785380,89.866619
519.900,92.2530,300.0000,66.6875,66.4848,13839.32,0.785363,89.866619
520.000,92.4011,300.0000,66.6875,66.4822,13840.71,0.785600,89.922976
520.100,92.4011,300.0000,66.6250,66.4796,13842.01,0.785820,89.922976
520.200,92.4011,300.0000,66.6250,66.4769,13843.22,0.786027,89.922976
520.300,92.4011,300.0000,66.5625,66.4743,13844.35,0.786219,89.922976
520.400,92.4011,300.0000,66.5625,66.4716,13845.40,0.786399,89.922976
520.500,92.4011,300.0000,66.6875,66.4690,13846.39,0.786567,89.922976
520.600,92.4011,300.0000,66.6250,66.4663,13847.30,0.786723,89.922976
520.700,92.4011,300.0000,66.6250,66.4637,13848.16,0.786869,89.922976
520.800,92.4011,300.0000,66.5625,66.4610,13848.96,0.787006,89.922976
520.900,92.4011,300.0000,66.5625,66.4584,13849.71,0.787133,89.922976
521.000,92.2697,300.0000,66.6250,66.4557,13849.09,0.787028,89.975158
521.100,92.2697,300.0000,66.6250,66.4531,13848.52,0.786930,89.975158
521.200,92.2697,300.0000,66.6250,66.4505,13847.98,0.786838,89.975158
521.300,92.2697,300.0000,66.6250,66.4478,13847.48,0.786753,89.975158
521.400,92.2697,300.0000,66.5625,66.4452,13847.01,0.786673,89.975158
521.500,92.2697,300.0000,66.6875,66.4427,13846.57,0.786599,89.975158
521.600,92.2697,300.0000,66.5625,66.4401,13846.17,0.786529,89.975158
521.700,92.2697,300.0000,66.5000,66.4375,13845.79,0.786464,89.975158
521.800,92.2697,300.0000,66.5000,66.4349,13845.43,0.786404,89.975158
521.900,92.2697,300.0000,66.6875,66.4324,13845.10,0.786347,89.975158
522.000,92.5096,300.0000,66.5625,66.4298,13847.19,0.786703,90.031515
522.100,92.5096,300.0000,66.6250,66.4272,13849.14,0.787036,90.031515
522.200,92.5096,300.0000,66.5625,66.4246,13850.96,0.787346,90.031515
522.300,92.5096,300.0000,66.6250,66.4220,13852.66,0.787636,90.031515
522.400,92.5096,300.0000,66.6250,66.4194,13854.25,0.787907,90.031515
522.500,92.5096,300.0000,66.5625,66.4168,13855.73,0.788159,90.031515
522.600,92.5096,300.0000,66.5000,66.4142,13857.11,0.788395,90.031515
522.700,92.5096,300.0000,66.5625,66.4116,13858.40,0.788615,90.031515
522.800,92.5096,300.0000,66.5000,66.4089,13859.60,0.788821,90.031515
522.900,92.5096,300.0000,66.4375,66.4063,13860.72,0.789012,90.031515
523.000,92.1905,300.0000,66.6875,66.4037,13858.58,0.788647,90.079523
523.100,92.1905,300.0000,66.5625,66.4011,13856.58,0.788305,90.079523
523.200,92.1905,300.0000,66.5000,66.3986,13854.71,0.787987,90.079523
523.300,92.1905,300.0000,66.5625,66.3960,13852.97,0.787689,90.079523
523.400,92.1905,300.0000,66.5625,66.3935,13851.34,0.787412,90.079523
523.500,92.1905,300.0000,66.5000,66.3910,13849.83,0.787153,90.079523
523.600,92.1905,300.0000,66.5625,66.3885,13848.41,0.786912,90.079523
523.700,92.1905,300.0000,66.5625,66.3860,13847.09,0.786686,90.079523
523.800,92.1905,300.0000,66.5000,66.3836,13845.85,0.786476,90.079523
523.900,92.1905,300.0000,66.5000,66.3811,13844.70,0.786280,90.079523
524.000,92.3324,300.0000,66.5625,66.3787,13845.05,0.786338,90.129618
524.100,92.3324,300.0000,66.5000,66.3763,13845.37,0.786393,90.129618
524.200,92.3324,300.0000,66.5625,66.3738,13845.67,0.786444,90.129618
524.300,92.3324,300.0000,66.5625,66.3714,13845.95,0.786492,90.129618
524.400,92.3324,300.0000,66.5000,66.3690,13846.21,0.786536,90.129618
524.500,92.3324,300.0000,66.5625,66.3666,13846.45,0.786578,90.129618
524.600,92.3324,300.0000,66.5625,66.3641,13846.68,0.786616,90.129618
524.700,92.3324,300.0000,66.5000,66.3617,13846.89,0.786653,90.129618
524.800,92.3324,300.0000,66.5625,66.3593,13847.09,0.786686,90.129618
524.900,92.3324,300.0000,66.4375,66.3569,13847.27,0.786718,90.129618
525.000,92.2886,300.0000,66.5625,66.3545,13847.01,0.786673,90.177626
525.100,92.2886,300.0000,66.4375,66.3521,13846.76,0.786630,90.177626
525.200,92.2886,300.0000,66.5000,66.3497,13846.53,0.786591,90.177626
525.300,92.2886,300.0000,66.5000,66.3473,13846.31,0.786554,90.177626
525.400,92.2886,300.0000,66.5625,66.3450,13846.11,0.786520,90.177626
525.500,92.2886,300.0000,66.5625,66.3426,13845.92,0.786488,90.177626
525.600,92.2886,300.0000,66.4375,66.3402,13845.75,0.786458,90.177626
525.700,92.2886,300.0000,66.5625,66.3379,13845.59,0.786430,90.177626
525.800,92.2886,300.0000,66.5000,66.3355,13845.43,0.786404,90.177626
525.900,92.2886,300.0000,66.5625,66.3332,13845.29,0.786380,90.177626
526.000,92.5244,300.0000,66.5000,66.3309,13847.51,0.786759,90.229809
526.100,92.5244,300.0000,66.5000,66.3285,13849.59,0.787113,90.229809
526.200,92.5244,300.0000,66.4375,66.3261,13851.53,0.787443,90.229809
526.300,92.5244,300.0000,66.5625,66.3237,13853.34,0.787752,90.229809
526.400,92.5244,300.0000,66.4375,66.3213,13855.03,0.788040,90.229809
526.500,92.5244,300.0000,66.4375,66.3189,13856.60,0.788309,90.229809
526.600,92.5244,300.0000,66.5000,66.3165,13858.07,0.788560,90.229809
526.700,92.5244,300.0000,66.4375,66.3141,13859.44,0.788794,90.229809
526.800,92.5244,300.0000,66.4375,66.3117,13860.72,0.789013,90.229809
526.900,92.5244,300.0000,66.4375,66.3093,13861.92,0.789217,90.229809
527.000,92.3888,300.0000,66.4375,66.3069,13861.68,0.789176,90.277817
527.100,92.3888,300.0000,66.4375,66.3044,13861.46,0.789138,90.277817
527.200,92.3888,300.0000,66.5000,66.3020,13861.25,0.789102,90.277817
527.300,92.3888,300.0000,66.5000,66.2997,13861.05,0.789069,90.277817
527.400,92.3888,300.0000,66.4375,66.2973,13860.87,0.789038,90.277817
527.500,92.3888,300.0000,66.5000,66.2949,13860.70,0.789009,90.277817
527.600,92.3888,300.0000,66.3750,66.2925,13860.54,0.788982,90.277817
527.700,92.3888,300.0000,66.3750,66.2901,13860.39,0.788956,90.277817
527.800,92.3888,300.0000,66.3750,66.2878,13860.26,0.788933,90.277817
527.900,92.3888,300.0000,66.4375,66.2854,13860.13,0.788911,90.277817
528.000,92.4368,300.0000,66.3750,66.2831,13860.49,0.788972,90.325825
528.100,92.4368,300.0000,66.4375,66.2807,13860.82,0.789030,90.325825
528.200,92.4368,300.0000,66.5000,66.2784,13861.14,0.789083,90.325825
528.300,92.4368,300.0000,66.4375,66.2760,13861.43,0.789133,90.325825
528.400,92.4368,300.0000,66.4375,66.2737,13861.70,0.789180,90.325825
528.500,92.4368,300.0000,66.4375,66.2713,13861.96,0.789223,90.325825
528.600,92.4368,300.0000,66.4375,66.2690,13862.19,0.789264,90.325825
528.700,92.4368,300.0000,66.3750,66.2667,13862.42,0.789302,90.325825
528.800,92.4368,300.0000,66.5000,66.2643,13862.62,0.789337,90.325825
528.900,92.4368,300.0000,66.3750,66.2620,13862.82,0.789370,90.325825
529.000,92.3910,300.0000,66.3750,66.2597,13862.54,0.789323,90.371745
529.100,92.3910,300.0000,66.3750,66.2574,13862.28,0.789278,90.371745
529.200,92.3910,300.0000,66.4375,66.2551,13862.04,0.789237,90.371745
529.300,92.3910,300.0000,66.3750,66.2528,13861.81,0.789198,90.371745
529.400,92.3910,300.0000,66.4375,66.2505,13861.60,0.789162,90.371745
529.500,92.3910,300.0000,66.3750,66.2482,13861.40,0.789129,90.371745
529.600,92.3910,300.0000,66.3125,66.2459,13861.22,0.789097,90.371745
529.700,92.3910,300.0000,66.3750,66.2437,13861.05,0.789068,90.371745
529.800,92.3910,300.0000,66.3125,66.2414,13860.89,0.789041,90.371745
529.900,92.3910,300.0000,66.3125,66.2391,13860.74,0.789015,90.371745
530.000,92.3430,300.0000,66.3125,66.2369,13860.12,0.788909,90.415579
530.100,92.3430,300.0000,66.3125,66.2347,13859.54,0.788811,90.415579
530.200,92.3430,300.0000,66.3750,66.2324,13859.00,0.788719,90.415579
530.300,92.3430,300.0000,66.3125,66.2302,13858.50,0.788633,90.415579
530.400,92.3430,300.0000,66.3125,66.2280,13858.03,0.788552,90.415579
530.500,92.3430,300.0000,66.3125,66.2258,13857.59,0.788478,90.415579
530.600,92.3430,300.0000,66.4375,66.2236,13857.18,0.788408,90.415579
530.700,92.3430,300.0000,66.3750,66.2214,13856.80,0.788343,90.415579
530.800,92.3430,300.0000,66.3750,66.2192,13856.44,0.788282,90.415579
530.900,92.3430,300.0000,66.3750,66.2171,13856.11,0.788225,90.415579
531.000,92.4807,300.0000,66.3125,66.2149,13857.18,0.788407,90.461499
531.100,92.4807,300.0000,66.3750,66.2127,13858.17,0.788577,90.461499
531.200,92.4807,300.0000,66.3750,66.2105,13859.10,0.788736,90.461499
531.300,92.4807,300.0000,66.3125,66.2083,13859.97,0.788884,90.461499
531.400,92.4807,300.0000,66.3125,66.2062,13860.78,0.789022,90.461499
531.500,92.4807,300.0000,66.3125,66.2040,13861.53,0.789151,90.461499
531.600,92.4807,300.0000,66.3750,66.2018,13862.24,0.789271,90.461499
531.700,92.4807,300.0000,66.3750,66.1996,13862.90,0.789384,90.461499
531.800,92.4807,300.0000,66.3125,66.1974,13863.51,0.789489,90.461499
531.900,92.4807,300.0000,66.3750,66.1952,13864.08,0.789586,90.461499
532.000,92.5266,300.0000,66.3125,66.1930,13865.08,0.789756,90.507420
532.100,92.5266,300.0000,66.3125,66.1908,13866.01,0.789915,90.507420
532.200,92.5266,300.0000,66.3125,66.1886,13866.87,0.790063,90.507420
532.300,92.5266,300.0000,66.3125,66.1864,13867.68,0.790201,90.507420
532.400,92.5266,300.0000,66.3125,66.1842,13868.43,0.790330,90.507420
532.500,92.5266,300.0000,66.3125,66.1820,13869.14,0.790450,90.507420
532.600,92.5266,300.0000,66.3125,66.1798,13869.80,0.790563,90.507420
532.700,92.5266,300.0000,66.3750,66.1776,13870.41,0.790668,90.507420
532.800,92.5266,300.0000,66.3750,66.1754,13870.98,0.790766,90.507420
532.900,92.5266,300.0000,66.3125,66.1732,13871.52,0.790857,90.507420
533.000,92.4787,300.0000,66.2500,66.1710,13871.53,0.790860,90.551253
533.100,92.4787,300.0000,66.1875,66.1689,13871.55,0.790863,90.551253
533.200,92.4787,300.0000,66.3125,66.1667,13871.57,0.790866,90.551253
533.300,92.4787,300.0000,66.3125,66.1645,13871.59,0.790869,90.551253
533.400,92.4787,300.0000,66.1875,66.1623,13871.60,0.790871,90.551253
533.500,92.4787,300.0000,66.1875,66.1601,13871.61,0.790874,90.551253
533.600,92.4787,300.0000,66.1875,66.1580,13871.63,0.790876,90.551253
533.700,92.4787,300.0000,66.3125,66.1558,13871.64,0.790878,90.551253
533.800,92.4787,300.0000,66.2500,66.1536,13871.65,0.790880,90.551253
533.900,92.4787,300.0000,66.3125,66.1515,13871.66,0.790882,90.551253
534.000,92.5225,300.0000,66.3125,66.1493,13872.11,0.790958,90.595086
534.100,92.5225,300.0000,66.3750,66.1472,13872.53,0.791030,90.595086
534.200,92.5225,300.0000,66.3125,66.1450,13872.92,0.791096,90.595086
534.300,92.5225,300.0000,66.2500,66.1429,13873.28,0.791159,90.595086
534.400,92.5225,300.0000,66.2500,66.1407,13873.62,0.791217,90.595086
534.500,92.5225,300.0000,66.2500,66.1386,13873.94,0.791271,90.595086
534.600,92.5225,300.0000,66.3125,66.1365,13874.23,0.791322,90.595086
534.700,92.5225,300.0000,66.3125,66.1343,13874.51,0.791369,90.595086
534.800,92.5225,300.0000,66.2500,66.1322,13874.77,0.791413,90.595086
534.900,92.5225,300.0000,66.3125,66.1300,13875.01,0.791455,90.595086
535.000,92.5664,300.0000,66.2500,66.1279,13875.67,0.791568,90.638920
535.100,92.5664,300.0000,66.3125,66.1258,13876.29,0.791674,90.638920
535.200,92.5664,300.0000,66.3750,66.1236,13876.87,0.791773,90.638920
535.300,92.5664,300.0000,66.2500,66.1215,13877.41,0.791865,90.638920
535.400,92.5664,300.0000,66.2500,66.1194,13877.91,0.791951,90.638920
535.500,92.5664,300.0000,66.1875,66.1172,13878.38,0.792032,90.638920
535.600,92.5664,300.0000,66.2500,66.1151,13878.82,0.792107,90.638920
535.700,92.5664,300.0000,66.2500,66.1130,13879.23,0.792177,90.638920
535.800,92.5664,300.0000,66.2500,66.1108,13879.61,0.792242,90.638920
535.900,92.5664,300.0000,66.2500,66.1087,13879.96,0.792303,90.638920
536.000,92.5163,300.0000,66.1875,66.1066,13879.80,0.792274,90.680666
536.100,92.5163,300.0000,66.1875,66.1045,13879.64,0.792247,90.680666
536.200,92.5163,300.0000,66.2500,66.1024,13879.49,0.792222,90.680666
536.300,92.5163,300.0000,66.2500,66.1003,13879.36,0.792199,90.680666
536.400,92.5163,300.0000,66.1875,66.0982,13879.23,0.792177,90.680666
536.500,92.5163,300.0000,66.1875,66.0961,13879.11,0.792157,90.680666
536.600,92.5163,300.0000,66.2500,66.0940,13879.00,0.792138,90.680666
536.700,92.5163,300.0000,66.2500,66.0919,13878.90,0.792120,90.680666
536.800,92.5163,300.0000,66.2500,66.0898,13878.80,0.792104,90.680666
536.900,92.5163,300.0000,66.1875,66.0878,13878.71,0.792088,90.680666
537.000,92.4642,300.0000,66.1875,66.0857,13878.11,0.791985,90.720324
537.100,92.4642,300.0000,66.1875,66.0837,13877.54,0.791888,90.720324
537.200,92.4642,300.0000,66.3125,66.0816,13877.01,0.791798,90.720324
537.300,92.4642,300.0000,66.1250,66.0796,13876.52,0.791713,90.720324
537.400,92.4642,300.0000,66.1875,66.0776,13876.06,0.791635,90.720324
537.500,92.4642,300.0000,66.1250,66.0755,13875.63,0.791561,90.720324
537.600,92.4642,300.0000,66.1875,66.0735,13875.23,0.791493,90.720324
537.700,92.4642,300.0000,66.1875,66.0715,13874.86,0.791429,90.720324
537.800,92.4642,300.0000,66.2500,66.0695,13874.51,0.791369,90.720324
537.900,92.4642,300.0000,66.1875,66.0675,13874.18,0.791314,90.720324
538.000,92.5039,300.0000,66.1875,66.0656,13874.28,0.791330,90.759983
538.100,92.5039,300.0000,66.1875,66.0636,13874.36,0.791344,90.759983
538.200,92.5039,300.0000,66.1250,66.0616,13874.45,0.791358,90.759983
538.300,92.5039,300.0000,66.1250,66.0596,13874.52,0.791371,90.759983
538.400,92.5039,300.0000,66.1250,66.0577,13874.59,0.791383,90.759983
538.500,92.5039,300.0000,66.1875,66.0557,13874.66,0.791394,90.759983
538.600,92.5039,300.0000,66.1875,66.0537,13874.72,0.791405,90.759983
538.700,92.5039,300.0000,66.1250,66.0518,13874.78,0.791415,90.759983
538.800,92.5039,300.0000,66.1250,66.0498,13874.83,0.791424,90.759983
538.900,92.5039,300.0000,66.1250,66.0479,13874.88,0.791432,90.759983
539.000,92.4496,300.0000,66.1875,66.0459,13874.38,0.791348,90.797554
539.100,92.4496,300.0000,66.1875,66.0440,13873.92,0.791269,90.797554
539.200,92.4496,300.0000,66.1250,66.0421,13873.49,0.791195,90.797554
539.300,92.4496,300.0000,66.1875,66.0402,13873.09,0.791126,90.797554
539.400,92.4496,300.0000,66.1875,66.0382,13872.71,0.791061,90.797554
539.500,92.4496,300.0000,66.1875,66.0363,13872.36,0.791001,90.797554
539.600,92.4496,300.0000,66.1875,66.0344,13872.03,0.790945,90.797554
539.700,92.4496,300.0000,66.1875,66.0326,13871.73,0.790893,90.797554
539.800,92.4496,300.0000,66.1250,66.0307,13871.44,0.790844,90.797554
539.900,92.4496,300.0000,66.1250,66.0288,13871.17,0.790799,90.797554
540.000,92.4872,300.0000,66.1875,66.0269,13871.30,0.790820,90.835126
540.100,92.4872,300.0000,66.1875,66.0251,13871.42,0.790841,90.835126
540.200,92.4872,300.0000,66.1875,66.0232,13871.53,0.790860,90.835126
540.300,92.4872,300.0000,66.1250,66.0213,13871.63,0.790877,90.835126
540.400,92.4872,300.0000,66.1250,66.0195,13871.73,0.790894,90.835126
540.500,92.4872,300.0000,66.1250,66.0176,13871.82,0.790909,90.835126
540.600,92.4872,300.0000,66.1250,66.0158,13871.91,0.790924,90.835126
540.700,92.4872,300.0000,66.0625,66.0139,13871.98,0.790937,90.835126
540.800,92.4872,300.0000,66.0625,66.0121,13872.06,0.790950,90.835126
540.900,92.4872,300.0000,66.1875,66.0102,13872.13,0.790961,90.835126
541.000,92.6187,300.0000,66.1250,66.0084,13873.50,0.791197,90.874785
541.100,92.6187,300.0000,66.1875,66.0065,13874.79,0.791417,90.874785
541.200,92.6187,300.0000,66.1250,66.0046,13875.99,0.791623,90.874785
541.300,92.6187,300.0000,66.1250,66.0028,13877.11,0.791814,90.874785
541.400,92.6187,300.0000,66.1250,66.0009,13878.16,0.791993,90.874785
541.500,92.6187,300.0000,66.0625,65.9990,13879.13,0.792161,90.874785
541.600,92.6187,300.0000,66.0625,65.9971,13880.04,0.792317,90.874785
541.700,92.6187,300.0000,66.1250,65.9953,13880.89,0.792462,90.874785
541.800,92.6187,300.0000,66.0000,65.9934,13881.69,0.792598,90.874785
541.900,92.6187,300.0000,66.0625,65.9915,13882.43,0.792725,90.874785
542.000,92.4706,300.0000,66.1875,65.9896,13881.64,0.792590,90.910269
542.100,92.4706,300.0000,66.1250,65.9878,13880.90,0.792464,90.910269
542.200,92.4706,300.0000,66.0625,65.9859,13880.21,0.792346,90.910269
542.300,92.4706,300.0000,66.1250,65.9840,13879.57,0.792236,90.910269
542.400,92.4706,300.0000,66.1250,65.9822,13878.97,0.792133,90.910269
542.500,92.4706,300.0000,66.0625,65.9804,13878.41,0.792038,90.910269
542.600,92.4706,300.0000,66.0000,65.9786,13877.89,0.791948,90.910269
542.700,92.4706,300.0000,66.1875,65.9767,13877.41,0.791865,90.910269
542.800,92.4706,300.0000,66.0625,65.9749,13876.95,0.791787,90.910269
542.900,92.4706,300.0000,66.0625,65.9731,13876.53,0.791714,90.910269
543.000,92.5061,300.0000,66.1250,65.9714,13876.49,0.791707,90.945753
543.100,92.5061,300.0000,66.0625,65.9696,13876.45,0.791701,90.945753
543.200,92.5061,300.0000,66.0625,65.9678,13876.41,0.791695,90.945753
543.300,92.5061,300.0000,66.0000,65.9660,13876.38,0.791689,90.945753
543.400,92.5061,300.0000,66.1875,65.9642,13876.35,0.791684,90.945753
543.500,92.5061,300.0000,66.0000,65.9625,13876.32,0.791679,90.945753
543.600,92.5061,300.0000,66.1250,65.9607,13876.29,0.791674,90.945753
543.700,92.5061,300.0000,66.0625,65.9589,13876.26,0.791670,90.945753
543.800,92.5061,300.0000,66.1875,65.9572,13876.24,0.791665,90.945753
543.900,92.5061,300.0000,66.0625,65.9554,13876.22,0.791662,90.945753
544.000,92.5415,300.0000,66.0000,65.9537,13876.55,0.791719,90.981237
544.100,92.5415,300.0000,66.0625,65.9519,13876.86,0.791772,90.981237
544.200,92.5415,300.0000,66.0625,65.9502,13877.16,0.791822,90.981237
544.300,92.5415,300.0000,66.1250,65.9484,13877.43,0.791869,90.981237
544.400,92.5415,300.0000,66.0000,65.9467,13877.68,0.791912,90.981237
544.500,92.5415,300.0000,66.0000,65.9449,13877.92,0.791953,90.981237
544.600,92.5415,300.0000,66.0000,65.9432,13878.14,0.791990,90.981237
544.700,92.5415,300.0000,66.0625,65.9414,13878.35,0.792026,90.981237
544.800,92.5415,300.0000,66.0000,65.9397,13878.54,0.792059,90.981237
544.900,92.5415,300.0000,66.0625,65.9380,13878.72,0.792089,90.981237
545.000,92.5770,300.0000,66.0000,65.9362,13879.24,0.792179,91.016721
545.100,92.5770,300.0000,66.0000,65.9345,13879.73,0.792262,91.016721
545.200,92.5770,300.0000,66.0000,65.9327,13880.18,0.792340,91.016721
545.300,92.5770,300.0000,66.0000,65.9310,13880.61,0.792413,91.016721
545.400,92.5770,300.0000,66.0000,65.9293,13881.00,0.792481,91.016721
545.500,92.5770,300.0000,66.0000,65.9275,13881.37,0.792544,91.016721
545.600,92.5770,300.0000,66.0625,65.9258,13881.72,0.792603,91.016721
545.700,92.5770,300.0000,66.0625,65.9241,13882.04,0.792659,91.016721
545.800,92.5770,300.0000,66.0625,65.9223,13882.34,0.792710,91.016721
545.900,92.5770,300.0000,66.1250,65.9206,13882.62,0.792758,91.016721
546.000,92.7064,300.0000,66.1250,65.9189,13884.18,0.793025,91.054292
546.100,92.7064,300.0000,66.0625,65.9171,13885.63,0.793274,91.054292
546.200,92.7064,300.0000,66.0000,65.9154,13886.99,0.793506,91.054292
546.300,92.7064,300.0000,66.0000,65.9136,13888.25,0.793723,91.054292
546.400,92.7064,300.0000,66.0625,65.9118,13889.43,0.793925,91.054292
546.500,92.7064,300.0000,65.9375,65.9101,13890.53,0.794114,91.054292
546.600,92.7064,300.0000,66.0625,65.9083,13891.56,0.794291,91.054292
546.700,92.7064,300.0000,66.0000,65.9065,13892.52,0.794455,91.054292
546.800,92.7064,300.0000,66.0625,65.9047,13893.42,0.794609,91.054292
546.900,92.7064,300.0000,66.0000,65.9029,13894.25,0.794752,91.054292
547.000,92.5562,300.0000,66.0625,65.9011,13893.53,0.794629,91.087689
547.100,92.5562,300.0000,66.0625,65.8994,13892.86,0.794513,91.087689
547.200,92.5562,300.0000,66.0000,65.8976,13892.23,0.794405,91.087689
547.300,92.5562,300.0000,66.0000,65.8959,13891.64,0.794305,91.087689
547.400,92.5562,300.0000,66.0000,65.8941,13891.10,0.794211,91.087689
547.500,92.5562,300.0000,65.9375,65.8924,13890.58,0.794123,91.087689
547.600,92.5562,300.0000,66.0000,65.8907,13890.11,0.794041,91.087689
547.700,92.5562,300.0000,66.0000,65.8889,13889.66,0.793965,91.087689
547.800,92.5562,300.0000,66.0000,65.8872,13889.25,0.793894,91.087689
547.900,92.5562,300.0000,66.1250,65.8855,13888.86,0.793827,91.087689
548.000,92.7774,300.0000,65.9375,65.8838,13890.71,0.794144,91.125261
548.100,92.7774,300.0000,65.9375,65.8821,13892.44,0.794441,91.125261
548.200,92.7774,300.0000,66.0625,65.8803,13894.05,0.794717,91.125261
548.300,92.7774,300.0000,66.0000,65.8786,13895.55,0.794975,91.125261
548.400,92.7774,300.0000,66.0000,65.8769,13896.95,0.795216,91.125261
548.500,92.7774,300.0000,66.0000,65.8751,13898.26,0.795441,91.125261
548.600,92.7774,300.0000,66.0000,65.8733,13899.49,0.795651,91.125261
548.700,92.7774,300.0000,66.0625,65.8716,13900.63,0.795847,91.125261
548.800,92.7774,300.0000,65.9375,65.8698,13901.69,0.796030,91.125261
548.900,92.7774,300.0000,65.8750,65.8680,13902.69,0.796200,91.125261
549.000,92.4394,300.0000,65.9375,65.8662,13900.24,0.795779,91.154483
549.100,92.4394,300.0000,65.9375,65.8645,13897.95,0.795386,91.154483
549.200,92.4394,300.0000,65.9375,65.8628,13895.81,0.795020,91.154483
549.300,92.4394,300.0000,65.9375,65.8611,13893.82,0.794678,91.154483
549.400,92.4394,300.0000,65.9375,65.8594,13891.96,0.794359,91.154483
549.500,92.4394,300.0000,65.9375,65.8578,13890.22,0.794061,91.154483
549.600,92.4394,300.0000,66.0625,65.8561,13888.60,0.793783,91.154483
549.700,92.4394,300.0000,66.0000,65.8545,13887.09,0.793524,91.154483
549.800,92.4394,300.0000,65.9375,65.8529,13885.68,0.793282,91.154483
549.900,92.4394,300.0000,66.0000,65.8513,13884.36,0.793056,91.154483
550.000,92.6564,300.0000,65.9375,65.8497,13885.30,0.793217,91.187880
550.100,92.6564,300.0000,65.9375,65.8481,13886.18,0.793367,91.187880
550.200,92.6564,300.0000,65.9375,65.8465,13887.00,0.793508,91.187880
550.300,92.6564,300.0000,66.0000,65.8449,13887.76,0.793639,91.187880
550.400,92.6564,300.0000,66.0000,65.8433,13888.47,0.793761,91.187880
550.500,92.6564,300.0000,66.0000,65.8417,13889.14,0.793875,91.187880
550.600,92.6564,300.0000,65.9375,65.8401,13889.76,0.793982,91.187880
550.700,92.6564,300.0000,65.9375,65.8385,13890.34,0.794081,91.187880
550.800,92.6564,300.0000,66.0000,65.8369,13890.88,0.794174,91.187880
550.900,92.6564,300.0000,65.9375,65.8353,13891.39,0.794261,91.187880
551.000,92.5959,300.0000,65.8750,65.8336,13891.25,0.794238,91.219189
551.100,92.5959,300.0000,66.0000,65.8320,13891.13,0.794217,91.219189
551.200,92.5959,300.0000,66.0000,65.8304,13891.01,0.794197,91.219189
551.300,92.5959,300.0000,65.9375,65.8288,13890.91,0.794178,91.219189
551.400,92.5959,300.0000,65.8125,65.8273,13890.80,0.794161,91.219189
551.500,92.5959,300.0000,65.9375,65.8257,13890.71,0.794145,91.219189
551.600,92.5959,300.0000,65.9375,65.8241,13890.62,0.794130,91.219189
551.700,92.5959,300.0000,65.8750,65.8225,13890.54,0.794115,91.219189
551.800,92.5959,300.0000,65.8750,65.8209,13890.46,0.794102,91.219189
551.900,92.5959,300.0000,65.8750,65.8194,13890.39,0.794090,91.219189
552.000,92.5334,300.0000,65.9375,65.8178,13889.70,0.793971,91.248411
552.100,92.5334,300.0000,65.9375,65.8163,13889.05,0.793860,91.248411
552.200,92.5334,300.0000,65.8750,65.8147,13888.45,0.793757,91.248411
552.300,92.5334,300.0000,65.9375,65.8132,13887.89,0.793660,91.248411
552.400,92.5334,300.0000,65.9375,65.8116,13887.36,0.793570,91.248411
552.500,92.5334,300.0000,65.9375,65.8101,13886.87,0.793486,91.248411
552.600,92.5334,300.0000,65.9375,65.8086,13886.41,0.793408,91.248411
552.700,92.5334,300.0000,65.8750,65.8071,13885.99,0.793335,91.248411
552.800,92.5334,300.0000,65.8750,65.8056,13885.59,0.793266,91.248411
552.900,92.5334,300.0000,65.8750,65.8041,13885.22,0.793203,91.248411
553.000,92.5626,300.0000,65.8750,65.8026,13885.16,0.793193,91.277634
553.100,92.5626,300.0000,65.8750,65.8011,13885.11,0.793184,91.277634
553.200,92.5626,300.0000,65.8750,65.7997,13885.06,0.793176,91.277634
553.300,92.5626,300.0000,65.8750,65.7982,13885.02,0.793168,91.277634
553.400,92.5626,300.0000,65.9375,65.7967,13884.97,0.793161,91.277634
553.500,92.5626,300.0000,65.9375,65.7952,13884.94,0.793155,91.277634
553.600,92.5626,300.0000,65.8750,65.7938,13884.90,0.793148,91.277634
553.700,92.5626,300.0000,65.8750,65.7923,13884.86,0.793142,91.277634
553.800,92.5626,300.0000,65.9375,65.7908,13884.83,0.793137,91.277634
553.900,92.5626,300.0000,65.8750,65.7894,13884.80,0.793132,91.277634
554.000,92.5918,300.0000,65.9375,65.7879,13885.07,0.793177,91.306856
554.100,92.5918,300.0000,65.8750,65.7865,13885.31,0.793220,91.306856
554.200,92.5918,300.0000,65.8125,65.7850,13885.55,0.793259,91.306856
554.300,92.5918,300.0000,65.8750,65.7836,13885.76,0.793296,91.306856
554.400,92.5918,300.0000,65.8750,65.7821,13885.96,0.793330,91.306856
554.500,92.5918,300.0000,65.9375,65.7807,13886.15,0.793362,91.306856
554.600,92.5918,300.0000,65.8125,65.7792,13886.32,0.793392,91.306856
554.700,92.5918,300.0000,65.8750,65.7778,13886.49,0.793420,91.306856
554.800,92.5918,300.0000,65.8750,65.7763,13886.64,0.793447,91.306856
554.900,92.5918,300.0000,65.8125,65.7749,13886.78,0.793471,91.306856
555.000,92.5272,300.0000,65.8750,65.7735,13886.27,0.793383,91.333991
555.100,92.5272,300.0000,65.8125,65.7720,13885.79,0.793301,91.333991
555.200,92.5272,300.0000,65.8750,65.7706,13885.34,0.793224,91.333991
555.300,92.5272,300.0000,65.8750,65.7692,13884.92,0.793152,91.333991
555.400,92.5272,300.0000,65.8750,65.7678,13884.53,0.793086,91.333991
555.500,92.5272,300.0000,65.8125,65.7664,13884.17,0.793023,91.333991
555.600,92.5272,300.0000,65.7500,65.7650,13883.83,0.792965,91.333991
555.700,92.5272,300.0000,65.8750,65.7636,13883.51,0.792911,91.333991
555.800,92.5272,300.0000,65.8750,65.7622,13883.22,0.792860,91.333991
555.900,92.5272,300.0000,65.8750,65.7609,13882.94,0.792813,91.333991
556.000,92.6482,300.0000,65.9375,65.7595,13883.89,0.792976,91.363213
556.100,92.6482,300.0000,65.8750,65.7581,13884.78,0.793128,91.363213
556.200,92.6482,300.0000,65.8750,65.7567,13885.61,0.793270,91.363213
556.300,92.6482,300.0000,65.7500,65.7553,13886.39,0.793403,91.363213
556.400,92.6482,300.0000,65.8125,65.7539,13887.11,0.793527,91.363213
556.500,92.6482,300.0000,65.8750,65.7525,13887.78,0.793643,91.363213
556.600,92.6482,300.0000,65.9375,65.7511,13888.41,0.793751,91.363213
556.700,92.6482,300.0000,65.8750,65.7497,13889.00,0.793851,91.363213
556.800,92.6482,300.0000,65.7500,65.7483,13889.55,0.793945,91.363213
556.900,92.6482,300.0000,65.8750,65.7469,13890.06,0.794033,91.363213
557.000,92.6774,300.0000,65.8125,65.7455,13890.83,0.794165,91.392435
557.100,92.6774,300.0000,65.7500,65.7441,13891.55,0.794288,91.392435
557.200,92.6774,300.0000,65.7500,65.7427,13892.22,0.794403,91.392435
557.300,92.6774,300.0000,65.8750,65.7412,13892.85,0.794511,91.392435
557.400,92.6774,300.0000,65.8125,65.7398,13893.43,0.794611,91.392435
557.500,92.6774,300.0000,65.8125,65.7384,13893.97,0.794705,91.392435
557.600,92.6774,300.0000,65.8125,65.7370,13894.48,0.794792,91.392435
557.700,92.6774,300.0000,65.8750,65.7356,13894.96,0.794873,91.392435
557.800,92.6774,300.0000,65.8750,65.7341,13895.40,0.794950,91.392435
557.900,92.6774,300.0000,65.8125,65.7327,13895.82,0.795021,91.392435
558.000,92.6127,300.0000,65.8750,65.7313,13895.56,0.794976,91.419570
558.100,92.6127,300.0000,65.8750,65.7299,13895.31,0.794934,91.419570
558.200,92.6127,300.0000,65.9375,65.7285,13895.09,0.794895,91.419570
558.300,92.6127,300.0000,65.8750,65.7271,13894.87,0.794859,91.419570
558.400,92.6127,300.0000,65.6875,65.7257,13894.68,0.794825,91.419570
558.500,92.6127,300.0000,65.7500,65.7243,13894.49,0.794793,91.419570
558.600,92.6127,300.0000,65.8750,65.7229,13894.32,0.794764,91.419570
558.700,92.6127,300.0000,65.8750,65.7215,13894.16,0.794736,91.419570
558.800,92.6127,300.0000,65.8750,65.7201,13894.01,0.794711,91.419570
558.900,92.6127,300.0000,65.8125,65.7188,13893.87,0.794687,91.419570
559.000,92.6399,300.0000,65.8125,65.7174,13894.01,0.794711,91.446705
559.100,92.6399,300.0000,65.8750,65.7160,13894.14,0.794733,91.446705
559.200,92.6399,300.0000,65.8125,65.7147,13894.27,0.794754,91.446705
559.300,92.6399,300.0000,65.8750,65.7133,13894.38,0.794774,91.446705
559.400,92.6399,300.0000,65.8125,65.7119,13894.49,0.794792,91.446705
559.500,92.6399,300.0000,65.8125,65.7106,13894.59,0.794810,91.446705
559.600,92.6399,300.0000,65.8125,65.7092,13894.68,0.794825,91.446705
559.700,92.6399,300.0000,65.8750,65.7078,13894.77,0.794840,91.446705
559.800,92.6399,300.0000,65.8125,65.7065,13894.85,0.794854,91.446705
559.900,92.6399,300.0000,65.8125,65.7051,13894.92,0.794867,91.446705
560.000,92.6670,300.0000,65.8750,65.7038,13895.26,0.794926,91.473840
560.100,92.6670,300.0000,65.8125,65.7024,13895.58,0.794981,91.473840
560.200,92.6670,300.0000,65.8750,65.7011,13895.88,0.795032,91.473840
560.300,92.6670,300.0000,65.8750,65.6997,13896.16,0.795080,91.473840
560.400,92.6670,300.0000,65.8750,65.6984,13896.42,0.795124,91.473840
560.500,92.6670,300.0000,65.8125,65.6970,13896.66,0.795166,91.473840
560.600,92.6670,300.0000,65.7500,65.6957,13896.89,0.795205,91.473840
560.700,92.6670,300.0000,65.8125,65.6943,13897.10,0.795241,91.473840
560.800,92.6670,300.0000,65.7500,65.6930,13897.30,0.795275,91.473840
560.900,92.6670,300.0000,65.7500,65.6916,13897.48,0.795306,91.473840
561.000,92.6003,300.0000,65.6875,65.6903,13896.98,0.795221,91.498887
561.100,92.6003,300.0000,65.8125,65.6890,13896.52,0.795142,91.498887
561.200,92.6003,300.0000,65.7500,65.6877,13896.09,0.795067,91.498887
561.300,92.6003,300.0000,65.7500,65.6863,13895.69,0.794998,91.498887
561.400,92.6003,300.0000,65.7500,65.6850,13895.31,0.794934,91.498887
561.500,92.6003,300.0000,65.8750,65.6837,13894.96,0.794873,91.498887
561.600,92.6003,300.0000,65.6875,65.6824,13894.63,0.794817,91.498887
561.700,92.6003,300.0000,65.6875,65.6811,13894.32,0.794765,91.498887
561.800,92.6003,300.0000,65.7500,65.6798,13894.04,0.794716,91.498887
561.900,92.6003,300.0000,65.8125,65.6786,13893.77,0.794670,91.498887
562.000,92.7192,300.0000,65.8125,65.6773,13894.71,0.794831,91.526022
562.100,92.7192,300.0000,65.7500,65.6760,13895.59,0.794982,91.526022
562.200,92.7192,300.0000,65.7500,65.6747,13896.41,0.795123,91.526022
562.300,92.7192,300.0000,65.8125,65.6734,13897.17,0.795254,91.526022
562.400,92.7192,300.0000,65.6875,65.6721,13897.89,0.795376,91.526022
562.500,92.7192,300.0000,65.6875,65.6708,13898.55,0.795491,91.526022
562.600,92.7192,300.0000,65.8125,65.6694,13899.18,0.795597,91.526022
562.700,92.7192,300.0000,65.6875,65.6681,13899.76,0.795697,91.526022
562.800,92.7192,300.0000,65.6875,65.6668,13900.30,0.795790,91.526022
562.900,92.7192,300.0000,65.7500,65.6655,13900.80,0.795877,91.526022
563.000,92.6525,300.0000,65.6250,65.6642,13900.61,0.795843,91.551070
563.100,92.6525,300.0000,65.6875,65.6629,13900.43,0.795812,91.551070
563.200,92.6525,300.0000,65.7500,65.6616,13900.25,0.795783,91.551070
563.300,92.6525,300.0000,65.6875,65.6603,13900.10,0.795755,91.551070
563.400,92.6525,300.0000,65.6875,65.6590,13899.95,0.795730,91.551070
563.500,92.6525,300.0000,65.6875,65.6577,13899.81,0.795706,91.551070
563.600,92.6525,300.0000,65.6875,65.6564,13899.68,0.795684,91.551070
563.700,92.6525,300.0000,65.8125,65.6552,13899.56,0.795663,91.551070
563.800,92.6525,300.0000,65.7500,65.6539,13899.45,0.795644,91.551070
563.900,92.6525,300.0000,65.7500,65.6526,13899.34,0.795626,91.551070
564.000,92.6775,300.0000,65.6250,65.6513,13899.49,0.795652,91.576117
564.100,92.6775,300.0000,65.6875,65.6501,13899.64,0.795676,91.576117
564.200,92.6775,300.0000,65.7500,65.6488,13899.77,0.795699,91.576117
564.300,92.6775,300.0000,65.7500,65.6475,13899.89,0.795720,91.576117
564.400,92.6775,300.0000,65.7500,65.6463,13900.01,0.795740,91.576117
564.500,92.6775,300.0000,65.6250,65.6450,13900.12,0.795759,91.576117
564.600,92.6775,300.0000,65.7500,65.6437,13900.22,0.795776,91.576117
564.700,92.6775,300.0000,65.8125,65.6425,13900.31,0.795792,91.576117
564.800,92.6775,300.0000,65.6875,65.6412,13900.40,0.795807,91.576117
564.900,92.6775,300.0000,65.7500,65.6400,13900.48,0.795821,91.576117
565.000,92.7026,300.0000,65.7500,65.6387,13900.81,0.795878,91.601165
565.100,92.7026,300.0000,65.7500,65.6375,13901.11,0.795930,91.601165
565.200,92.7026,300.0000,65.8125,65.6362,13901.40,0.795979,91.601165
565.300,92.7026,300.0000,65.6250,65.6350,13901.66,0.796025,91.601165
565.400,92.7026,300.0000,65.8125,65.6337,13901.91,0.796067,91.601165
565.500,92.7026,300.0000,65.7500,65.6325,13902.14,0.796107,91.601165
565.600,92.7026,300.0000,65.6250,65.6312,13902.36,0.796144,91.601165
565.700,92.7026,300.0000,65.6875,65.6300,13902.56,0.796179,91.601165
565.800,92.7026,300.0000,65.8125,65.6287,13902.75,0.796211,91.601165
565.900,92.7026,300.0000,65.7500,65.6275,13902.92,0.796241,91.601165
566.000,92.7276,300.0000,65.7500,65.6262,13903.34,0.796312,91.626213
566.100,92.7276,300.0000,65.6875,65.6250,13903.73,0.796379,91.626213
566.200,92.7276,300.0000,65.6250,65.6237,13904.09,0.796441,91.626213
566.300,92.7276,300.0000,65.6875,65.6225,13904.42,0.796499,91.626213
566.400,92.7276,300.0000,65.5625,65.6212,13904.74,0.796553,91.626213
566.500,92.7276,300.0000,65.7500,65.6200,13905.03,0.796603,91.626213
566.600,92.7276,300.0000,65.6250,65.6187,13905.31,0.796650,91.626213
566.700,92.7276,300.0000,65.6250,65.6175,13905.56,0.796694,91.626213
566.800,92.7276,300.0000,65.6875,65.6162,13905.80,0.796735,91.626213
566.900,92.7276,300.0000,65.6875,65.6150,13906.02,0.796774,91.626213
567.000,92.6588,300.0000,65.6875,65.6138,13905.54,0.796691,91.649173
567.100,92.6588,300.0000,65.5625,65.6125,13905.09,0.796614,91.649173
567.200,92.6588,300.0000,65.6875,65.6113,13904.68,0.796542,91.649173
567.300,92.6588,300.0000,65.6250,65.6101,13904.28,0.796475,91.649173
567.400,92.6588,300.0000,65.6250,65.6089,13903.92,0.796412,91.649173
567.500,92.6588,300.0000,65.7500,65.6077,13903.58,0.796354,91.649173
567.600,92.6588,300.0000,65.6875,65.6065,13903.26,0.796299,91.649173
567.700,92.6588,300.0000,65.6875,65.6053,13902.97,0.796249,91.649173
567.800,92.6588,300.0000,65.6875,65.6041,13902.69,0.796201,91.649173
567.900,92.6588,300.0000,65.5625,65.6029,13902.43,0.796157,91.649173
568.000,92.4940,300.0000,65.6250,65.6017,13900.54,0.795832,91.667959
568.100,92.4940,300.0000,65.7500,65.6006,13898.78,0.795529,91.667959
568.200,92.4940,300.0000,65.6875,65.5994,13897.13,0.795247,91.667959
568.300,92.4940,300.0000,65.6875,65.5983,13895.60,0.794983,91.667959
568.400,92.4940,300.0000,65.5625,65.5972,13894.17,0.794737,91.667959
568.500,92.4940,300.0000,65.6250,65.5961,13892.83,0.794508,91.667959
568.600,92.4940,300.0000,65.7500,65.5950,13891.58,0.794294,91.667959
568.700,92.4940,300.0000,65.6250,65.5939,13890.41,0.794094,91.667959
568.800,92.4940,300.0000,65.5625,65.5929,13889.33,0.793907,91.667959
568.900,92.4940,300.0000,65.6250,65.5918,13888.31,0.793733,91.667959
569.000,92.6067,300.0000,65.6250,65.5908,13888.49,0.793764,91.688832
569.100,92.6067,300.0000,65.6250,65.5898,13888.66,0.793793,91.688832
569.200,92.6067,300.0000,65.6875,65.5887,13888.81,0.793819,91.688832
569.300,92.6067,300.0000,65.6250,65.5877,13888.96,0.793844,91.688832
569.400,92.6067,300.0000,65.5625,65.5866,13889.10,0.793868,91.688832
569.500,92.6067,300.0000,65.7500,65.5856,13889.22,0.793889,91.688832
569.600,92.6067,300.0000,65.6875,65.5846,13889.34,0.793910,91.688832
569.700,92.6067,300.0000,65.6875,65.5835,13889.45,0.793929,91.688832
569.800,92.6067,300.0000,65.6250,65.5825,13889.55,0.793946,91.688832
569.900,92.6067,300.0000,65.6875,65.5814,13889.65,0.793963,91.688832
570.000,92.7214,300.0000,65.6875,65.5804,13890.89,0.794175,91.711792
570.100,92.7214,300.0000,65.5625,65.5794,13892.04,0.794373,91.711792
570.200,92.7214,300.0000,65.6875,65.5783,13893.12,0.794558,91.711792
570.300,92.7214,300.0000,65.6250,65.5772,13894.13,0.794731,91.711792
570.400,92.7214,300.0000,65.6250,65.5762,13895.07,0.794892,91.711792
570.500,92.7214,300.0000,65.6250,65.5751,13895.94,0.795042,91.711792
570.600,92.7214,300.0000,65.6875,65.5740,13896.76,0.795183,91.711792
570.700,92.7214,300.0000,65.5625,65.5729,13897.52,0.795314,91.711792
570.800,92.7214,300.0000,65.6875,65.5719,13898.24,0.795436,91.711792
570.900,92.7214,300.0000,65.6250,65.5708,13898.90,0.795550,91.711792
571.000,92.6505,300.0000,65.6250,65.5697,13898.81,0.795535,91.732665
571.100,92.6505,300.0000,65.5625,65.5686,13898.73,0.795521,91.732665
571.200,92.6505,300.0000,65.6250,65.5675,13898.65,0.795508,91.732665
571.300,92.6505,300.0000,65.6875,65.5665,13898.58,0.795495,91.732665
571.400,92.6505,300.0000,65.6250,65.5654,13898.51,0.795484,91.732665
571.500,92.6505,300.0000,65.5625,65.5643,13898.45,0.795473,91.732665
571.600,92.6505,300.0000,65.6250,65.5632,13898.39,0.795463,91.732665
571.700,92.6505,300.0000,65.6250,65.5622,13898.34,0.795454,91.732665
571.800,92.6505,300.0000,65.5625,65.5611,13898.29,0.795445,91.732665
571.900,92.6505,300.0000,65.6875,65.5601,13898.24,0.795437,91.732665
572.000,92.7652,300.0000,65.6250,65.5590,13899.34,0.795626,91.755625
572.100,92.7652,300.0000,65.6250,65.5579,13900.37,0.795803,91.755625
572.200,92.7652,300.0000,65.5625,65.5569,13901.33,0.795968,91.755625
572.300,92.7652,300.0000,65.6250,65.5558,13902.23,0.796122,91.755625
572.400,92.7652,300.0000,65.6250,65.5547,13903.07,0.796266,91.755625
572.500,92.7652,300.0000,65.6250,65.5536,13903.85,0.796400,91.755625
572.600,92.7652,300.0000,65.6250,65.5525,13904.58,0.796525,91.755625
572.700,92.7652,300.0000,65.7500,65.5514,13905.26,0.796642,91.755625
572.800,92.7652,300.0000,65.5625,65.5503,13905.89,0.796751,91.755625
572.900,92.7652,300.0000,65.6875,65.5492,13906.49,0.796853,91.755625
573.000,92.7882,300.0000,65.6250,65.5481,13907.27,0.796988,91.778586
573.100,92.7882,300.0000,65.6250,65.5470,13908.00,0.797114,91.778586
573.200,92.7882,300.0000,65.6250,65.5459,13908.68,0.797231,91.778586
573.300,92.7882,300.0000,65.5625,65.5448,13909.32,0.797340,91.778586
573.400,92.7882,300.0000,65.5625,65.5436,13909.91,0.797442,91.778586
573.500,92.7882,300.0000,65.6250,65.5425,13910.47,0.797538,91.778586
573.600,92.7882,300.0000,65.6250,65.5414,13910.98,0.797627,91.778586
573.700,92.7882,300.0000,65.5625,65.5403,13911.47,0.797710,91.778586
573.800,92.7882,300.0000,65.6250,65.5392,13911.92,0.797788,91.778586
573.900,92.7882,300.0000,65.6250,65.5380,13912.34,0.797860,91.778586
574.000,92.7173,300.0000,65.5625,65.5369,13912.02,0.797805,91.799459
574.100,92.7173,300.0000,65.6250,65.5358,13911.73,0.797755,91.799459
574.200,92.7173,300.0000,65.5625,65.5347,13911.45,0.797707,91.799459
574.300,92.7173,300.0000,65.6875,65.5336,13911.19,0.797663,91.799459
574.400,92.7173,300.0000,65.6250,65.5325,13910.95,0.797622,91.799459
574.500,92.7173,300.0000,65.5625,65.5314,13910.73,0.797583,91.799459
574.600,92.7173,300.0000,65.5625,65.5303,13910.52,0.797547,91.799459
574.700,92.7173,300.0000,65.6250,65.5292,13910.33,0.797514,91.799459
574.800,92.7173,300.0000,65.5625,65.5281,13910.14,0.797482,91.799459
574.900,92.7173,300.0000,65.6875,65.5270,13909.97,0.797453,91.799459
575.000,92.8320,300.0000,65.5000,65.5259,13910.96,0.797623,91.822419
575.100,92.8320,300.0000,65.6250,65.5248,13911.88,0.797782,91.822419
575.200,92.8320,300.0000,65.6250,65.5237,13912.75,0.797930,91.822419
575.300,92.8320,300.0000,65.6250,65.5226,13913.55,0.798068,91.822419
575.400,92.8320,300.0000,65.6875,65.5215,13914.30,0.798197,91.822419
575.500,92.8320,300.0000,65.5625,65.5204,13915.00,0.798318,91.822419
575.600,92.8320,300.0000,65.6250,65.5193,13915.65,0.798430,91.822419
575.700,92.8320,300.0000,65.5625,65.5182,13916.26,0.798535,91.822419
575.800,92.8320,300.0000,65.4375,65.5171,13916.83,0.798634,91.822419
575.900,92.8320,300.0000,65.6875,65.5160,13917.36,0.798725,91.822419
576.000,92.8550,300.0000,65.6875,65.5148,13918.09,0.798850,91.845379
576.100,92.8550,300.0000,65.5625,65.5137,13918.77,0.798967,91.845379
576.200,92.8550,300.0000,65.6250,65.5126,13919.40,0.799075,91.845379
576.300,92.8550,300.0000,65.6250,65.5115,13919.99,0.799177,91.845379
576.400,92.8550,300.0000,65.5625,65.5103,13920.54,0.799272,91.845379
576.500,92.8550,300.0000,65.5625,65.5092,13921.05,0.799360,91.845379
576.600,92.8550,300.0000,65.5625,65.5081,13921.53,0.799443,91.845379
576.700,92.8550,300.0000,65.5625,65.5069,13921.98,0.799520,91.845379
576.800,92.8550,300.0000,65.6250,65.5058,13922.40,0.799592,91.845379
576.900,92.8550,300.0000,65.6875,65.5046,13922.79,0.799659,91.845379
577.000,92.8779,300.0000,65.5000,65.5035,13923.38,0.799762,91.868339
577.100,92.8779,300.0000,65.5000,65.5024,13923.94,0.799857,91.868339
577.200,92.8779,300.0000,65.5625,65.5012,13924.45,0.799946,91.868339
577.300,92.8779,300.0000,65.5625,65.5001,13924.94,0.800029,91.868339
577.400,92.8779,300.0000,65.5625,65.4989,13925.39,0.800107,91.868339
577.500,92.8779,300.0000,65.5000,65.4978,13925.81,0.800179,91.868339
577.600,92.8779,300.0000,65.5000,65.4966,13926.20,0.800247,91.868339
577.700,92.8779,300.0000,65.6250,65.4955,13926.57,0.800310,91.868339
577.800,92.8779,300.0000,65.6250,65.4943,13926.91,0.800369,91.868339
577.900,92.8779,300.0000,65.5000,65.4932,13927.23,0.800424,91.868339
578.000,92.6193,300.0000,65.5625,65.4920,13924.94,0.800030,91.885038
578.100,92.6193,300.0000,65.6250,65.4909,13922.80,0.799661,91.885038
578.200,92.6193,300.0000,65.5625,65.4898,13920.81,0.799318,91.885038
578.300,92.6193,300.0000,65.5625,65.4888,13918.95,0.798997,91.885038
578.400,92.6193,300.0000,65.5625,65.4877,13917.21,0.798698,91.885038
578.500,92.6193,300.0000,65.5000,65.4867,13915.59,0.798419,91.885038
578.600,92.6193,300.0000,65.6250,65.4857,13914.08,0.798159,91.885038
578.700,92.6193,300.0000,65.6250,65.4847,13912.66,0.797916,91.885038
578.800,92.6193,300.0000,65.5625,65.4837,13911.35,0.797689,91.885038
578.900,92.6193,300.0000,65.5000,65.4827,13910.12,0.797478,91.885038
579.000,92.6360,300.0000,65.5625,65.4817,13909.13,0.797309,91.901736
579.100,92.6360,300.0000,65.5625,65.4807,13908.22,0.797151,91.901736
579.200,92.6360,300.0000,65.6250,65.4798,13907.36,0.797004,91.901736
579.300,92.6360,300.0000,65.5625,65.4788,13906.57,0.796867,91.901736
579.400,92.6360,300.0000,65.5000,65.4779,13905.82,0.796739,91.901736
579.500,92.6360,300.0000,65.4375,65.4770,13905.13,0.796620,91.901736
579.600,92.6360,300.0000,65.5000,65.4760,13904.48,0.796508,91.901736
579.700,92.6360,300.0000,65.5625,65.4751,13903.87,0.796404,91.901736
579.800,92.6360,300.0000,65.5625,65.4742,13903.31,0.796307,91.901736
579.900,92.6360,300.0000,65.5000,65.4733,13902.78,0.796217,91.901736
580.000,92.6527,300.0000,65.6250,65.4724,13902.46,0.796161,91.918435
580.100,92.6527,300.0000,65.5625,65.4715,13902.15,0.796109,91.918435
580.200,92.6527,300.0000,65.5625,65.4706,13901.87,0.796060,91.918435
580.300,92.6527,300.0000,65.4375,65.4698,13901.61,0.796015,91.918435
580.400,92.6527,300.0000,65.5000,65.4689,13901.36,0.795972,91.918435
580.500,92.6527,300.0000,65.6250,65.4680,13901.13,0.795933,91.918435
580.600,92.6527,300.0000,65.5000,65.4671,13900.91,0.795896,91.918435
580.700,92.6527,300.0000,65.5625,65.4663,13900.71,0.795861,91.918435
580.800,92.6527,300.0000,65.5625,65.4654,13900.53,0.795829,91.918435
580.900,92.6527,300.0000,65.5000,65.4645,13900.35,0.795799,91.918435
581.000,92.6694,300.0000,65.5625,65.4637,13900.35,0.795800,91.935133
581.100,92.6694,300.0000,65.6250,65.4628,13900.36,0.795801,91.935133
581.200,92.6694,300.0000,65.4375,65.4619,13900.36,0.795801,91.935133
581.300,92.6694,300.0000,65.5000,65.4611,13900.36,0.795802,91.935133
581.400,92.6694,300.0000,65.5625,65.4602,13900.37,0.795802,91.935133
581.500,92.6694,300.0000,65.5625,65.4594,13900.37,0.795803,91.935133
581.600,92.6694,300.0000,65.5000,65.4585,13900.37,0.795803,91.935133
581.700,92.6694,300.0000,65.5625,65.4577,13900.38,0.795803,91.935133
581.800,92.6694,300.0000,65.5000,65.4568,13900.38,0.795804,91.935133
581.900,92.6694,300.0000,65.5625,65.4560,13900.38,0.795804,91.935133
582.000,92.7800,300.0000,65.5000,65.4552,13901.49,0.795994,91.953919
582.100,92.7800,300.0000,65.5000,65.4543,13902.52,0.796172,91.953919
582.200,92.7800,300.0000,65.5625,65.4534,13903.49,0.796338,91.953919
582.300,92.7800,300.0000,65.4375,65.4526,13904.39,0.796493,91.953919
582.400,92.7800,300.0000,65.5000,65.4517,13905.23,0.796637,91.953919
582.500,92.7800,300.0000,65.5625,65.4508,13906.01,0.796772,91.953919
582.600,92.7800,300.0000,65.4375,65.4499,13906.74,0.796898,91.953919
582.700,92.7800,300.0000,65.4375,65.4490,13907.43,0.797015,91.953919
582.800,92.7800,300.0000,65.4375,65.4481,13908.07,0.797125,91.953919
582.900,92.7800,300.0000,65.4375,65.4473,13908.66,0.797227,91.953919
583.000,92.6110,300.0000,65.5625,65.4464,13907.53,0.797032,91.968530
583.100,92.6110,300.0000,65.5000,65.4455,13906.47,0.796850,91.968530
583.200,92.6110,300.0000,65.5000,65.4446,13905.48,0.796681,91.968530
583.300,92.6110,300.0000,65.5625,65.4438,13904.56,0.796522,91.968530
583.400,92.6110,300.0000,65.6250,65.4429,13903.70,0.796374,91.968530
583.500,92.6110,300.0000,65.4375,65.4421,13902.89,0.796236,91.968530
583.600,92.6110,300.0000,65.4375,65.4413,13902.15,0.796107,91.968530
583.700,92.6110,300.0000,65.4375,65.4405,13901.45,0.795987,91.968530
583.800,92.6110,300.0000,65.4375,65.4397,13900.79,0.795875,91.968530
583.900,92.6110,300.0000,65.5000,65.4389,13900.18,0.795770,91.968530
584.000,92.7195,300.0000,65.5000,65.4380,13900.70,0.795859,91.985228
584.100,92.7195,300.0000,65.5000,65.4372,13901.18,0.795942,91.985228
584.200,92.7195,300.0000,65.5000,65.4364,13901.63,0.796019,91.985228
584.300,92.7195,300.0000,65.5000,65.4356,13902.05,0.796091,91.985228
584.400,92.7195,300.0000,65.5000,65.4348,13902.44,0.796158,91.985228
584.500,92.7195,300.0000,65.5000,65.4340,13902.81,0.796221,91.985228
584.600,92.7195,300.0000,65.4375,65.4332,13903.15,0.796280,91.985228
584.700,92.7195,300.0000,65.4375,65.4324,13903.47,0.796334,91.985228
584.800,92.7195,300.0000,65.5000,65.4315,13903.76,0.796386,91.985228
584.900,92.7195,300.0000,65.4375,65.4307,13904.04,0.796433,91.985228
585.000,92.6423,300.0000,65.5000,65.4299,13903.53,0.796345,91.999839
585.100,92.6423,300.0000,65.3750,65.4291,13903.05,0.796263,91.999839
585.200,92.6423,300.0000,65.5625,65.4283,13902.60,0.796186,91.999839
585.300,92.6423,300.0000,65.5000,65.4275,13902.19,0.796114,91.999839
585.400,92.6423,300.0000,65.5000,65.4267,13901.80,0.796048,91.999839
585.500,92.6423,300.0000,65.5000,65.4259,13901.43,0.795985,91.999839
585.600,92.6423,300.0000,65.5000,65.4252,13901.09,0.795927,91.999839
585.700,92.6423,300.0000,65.4375,65.4244,13900.78,0.795873,91.999839
585.800,92.6423,300.0000,65.3750,65.4236,13900.48,0.795822,91.999839
585.900,92.6423,300.0000,65.4375,65.4228,13900.21,0.795774,91.999839
586.000,92.6569,300.0000,65.5000,65.4221,13900.10,0.795755,92.014450
586.100,92.6569,300.0000,65.5000,65.4213,13899.99,0.795738,92.014450
586.200,92.6569,300.0000,65.5000,65.4205,13899.90,0.795721,92.014450
586.300,92.6569,300.0000,65.4375,65.4198,13899.80,0.795705,92.014450
586.400,92.6569,300.0000,65.5625,65.4190,13899.72,0.795691,92.014450
586.500,92.6569,300.0000,65.4375,65.4183,13899.64,0.795677,92.014450
586.600,92.6569,300.0000,65.5625,65.4175,13899.57,0.795665,92.014450
586.700,92.6569,300.0000,65.5000,65.4168,13899.50,0.795653,92.014450
586.800,92.6569,300.0000,65.3750,65.4160,13899.44,0.795642,92.014450
586.900,92.6569,300.0000,65.5000,65.4153,13899.38,0.795632,92.014450
587.000,92.7654,300.0000,65.5625,65.4145,13900.40,0.795808,92.031149
587.100,92.7654,300.0000,65.3750,65.4138,13901.37,0.795973,92.031149
587.200,92.7654,300.0000,65.4375,65.4130,13902.26,0.796127,92.031149
587.300,92.7654,300.0000,65.4375,65.4122,13903.10,0.796271,92.031149
587.400,92.7654,300.0000,65.4375,65.4115,13903.88,0.796405,92.031149
587.500,92.7654,300.0000,65.4375,65.4107,13904.61,0.796531,92.031149
587.600,92.7654,300.0000,65.5000,65.4099,13905.29,0.796648,92.031149
587.700,92.7654,300.0000,65.5000,65.4091,13905.92,0.796757,92.031149
587.800,92.7654,300.0000,65.5625,65.4083,13906.52,0.796859,92.031149
587.900,92.7654,300.0000,65.4375,65.4075,13907.07,0.796954,92.031149
588.000,92.6882,300.0000,65.4375,65.4068,13906.81,0.796910,92.045760
588.100,92.6882,300.0000,65.5000,65.4060,13906.57,0.796869,92.045760
588.200,92.6882,300.0000,65.4375,65.4052,13906.35,0.796830,92.045760
588.300,92.6882,300.0000,65.4375,65.4044,13906.14,0.796795,92.045760
588.400,92.6882,300.0000,65.5000,65.4036,13905.95,0.796761,92.045760
588.500,92.6882,300.0000,65.4375,65.4029,13905.77,0.796730,92.045760
588.600,92.6882,300.0000,65.4375,65.4021,13905.60,0.796701,92.045760
588.700,92.6882,300.0000,65.5000,65.4013,13905.44,0.796674,92.045760
588.800,92.6882,300.0000,65.4375,65.4006,13905.30,0.796649,92.045760
588.900,92.6882,300.0000,65.5000,65.3998,13905.16,0.796625,92.045760
589.000,92.7967,300.0000,65.4375,65.3991,13906.12,0.796790,92.062458
589.100,92.7967,300.0000,65.4375,65.3983,13907.01,0.796943,92.062458
589.200,92.7967,300.0000,65.5000,65.3975,13907.84,0.797086,92.062458
589.300,92.7967,300.0000,65.3750,65.3967,13908.62,0.797220,92.062458
589.400,92.7967,300.0000,65.4375,65.3959,13909.35,0.797345,92.062458
589.500,92.7967,300.0000,65.3750,65.3952,13910.02,0.797462,92.062458
589.600,92.7967,300.0000,65.3750,65.3944,13910.65,0.797570,92.062458
589.700,92.7967,300.0000,65.3750,65.3936,13911.25,0.797672,92.062458
589.800,92.7967,300.0000,65.5625,65.3928,13911.80,0.797767,92.062458
589.900,92.7967,300.0000,65.4375,65.3920,13912.31,0.797855,92.062458
590.000,92.7195,300.0000,65.4375,65.3912,13912.02,0.797805,92.077069
590.100,92.7195,300.0000,65.4375,65.3904,13911.75,0.797758,92.077069
590.200,92.7195,300.0000,65.4375,65.3896,13911.49,0.797714,92.077069
590.300,92.7195,300.0000,65.5000,65.3888,13911.25,0.797673,92.077069
590.400,92.7195,300.0000,65.3750,65.3880,13911.03,0.797635,92.077069
590.500,92.7195,300.0000,65.4375,65.3873,13910.83,0.797600,92.077069
590.600,92.7195,300.0000,65.4375,65.3865,13910.63,0.797567,92.077069
590.700,92.7195,300.0000,65.4375,65.3857,13910.45,0.797536,92.077069
590.800,92.7195,300.0000,65.4375,65.3849,13910.29,0.797507,92.077069
590.900,92.7195,300.0000,65.4375,65.3842,13910.13,0.797480,92.077069
591.000,92.7342,300.0000,65.4375,65.3834,13910.13,0.797480,92.091681
591.100,92.7342,300.0000,65.3750,65.3826,13910.13,0.797480,92.091681
591.200,92.7342,300.0000,65.3750,65.3819,13910.13,0.797480,92.091681
591.300,92.7342,300.0000,65.4375,65.3811,13910.13,0.797480,92.091681
591.400,92.7342,300.0000,65.5000,65.3804,13910.13,0.797479,92.091681
591.500,92.7342,300.0000,65.3750,65.3796,13910.13,0.797479,92.091681
591.600,92.7342,300.0000,65.5625,65.3789,13910.13,0.797479,92.091681
591.700,92.7342,300.0000,65.5000,65.3781,13910.13,0.797479,92.091681
591.800,92.7342,300.0000,65.4375,65.3774,13910.13,0.797479,92.091681
591.900,92.7342,300.0000,65.4375,65.3766,13910.13,0.797479,92.091681
592.000,92.7488,300.0000,65.4375,65.3759,13910.27,0.797504,92.106292
592.100,92.7488,300.0000,65.3125,65.3751,13910.41,0.797528,92.106292
592.200,92.7488,300.0000,65.4375,65.3744,13910.54,0.797550,92.106292
592.300,92.7488,300.0000,65.4375,65.3736,13910.65,0.797570,92.106292
592.400,92.7488,300.0000,65.5000,65.3729,13910.76,0.797589,92.106292
592.500,92.7488,300.0000,65.5000,65.3721,13910.87,0.797607,92.106292
592.600,92.7488,300.0000,65.3750,65.3714,13910.96,0.797624,92.106292
592.700,92.7488,300.0000,65.5000,65.3707,13911.05,0.797639,92.106292
592.800,92.7488,300.0000,65.5000,65.3699,13911.14,0.797654,92.106292
592.900,92.7488,300.0000,65.3750,65.3692,13911.22,0.797667,92.106292
593.000,92.6695,300.0000,65.4375,65.3684,13910.50,0.797543,92.118815
593.100,92.6695,300.0000,65.4375,65.3677,13909.83,0.797428,92.118815
593.200,92.6695,300.0000,65.3125,65.3670,13909.20,0.797320,92.118815
593.300,92.6695,300.0000,65.3750,65.3663,13908.62,0.797219,92.118815
593.400,92.6695,300.0000,65.5000,65.3656,13908.07,0.797126,92.118815
593.500,92.6695,300.0000,65.3125,65.3649,13907.56,0.797038,92.118815
593.600,92.6695,300.0000,65.3750,65.3642,13907.08,0.796956,92.118815
593.700,92.6695,300.0000,65.5000,65.3635,13906.64,0.796880,92.118815
593.800,92.6695,300.0000,65.4375,65.3628,13906.23,0.796809,92.118815
593.900,92.6695,300.0000,65.3750,65.3621,13905.84,0.796742,92.118815
594.000,92.6820,300.0000,65.4375,65.3615,13905.60,0.796702,92.131339
594.100,92.6820,300.0000,65.3750,65.3608,13905.38,0.796664,92.131339
594.200,92.6820,300.0000,65.4375,65.3601,13905.18,0.796629,92.131339
594.300,92.6820,300.0000,65.3750,65.3594,13904.99,0.796596,92.131339
594.400,92.6820,300.0000,65.4375,65.3588,13904.81,0.796565,92.131339
594.500,92.6820,300.0000,65.4375,65.3581,13904.64,0.796536,92.131339
594.600,92.6820,300.0000,65.5000,65.3575,13904.49,0.796510,92.131339
594.700,92.6820,300.0000,65.4375,65.3568,13904.34,0.796485,92.131339
594.800,92.6820,300.0000,65.3125,65.3561,13904.20,0.796461,92.131339
594.900,92.6820,300.0000,65.3750,65.3555,13904.08,0.796440,92.131339
595.000,92.6946,300.0000,65.3750,65.3548,13904.09,0.796441,92.143863
595.100,92.6946,300.0000,65.4375,65.3542,13904.09,0.796442,92.143863
595.200,92.6946,300.0000,65.5000,65.3536,13904.10,0.796443,92.143863
595.300,92.6946,300.0000,65.4375,65.3529,13904.10,0.796444,92.143863
595.400,92.6946,300.0000,65.5000,65.3523,13904.11,0.796445,92.143863
595.500,92.6946,300.0000,65.5000,65.3516,13904.11,0.796446,92.143863
595.600,92.6946,300.0000,65.3750,65.3510,13904.12,0.796447,92.143863
595.700,92.6946,300.0000,65.3750,65.3503,13904.12,0.796447,92.143863
595.800,92.6946,300.0000,65.3750,65.3497,13904.13,0.796448,92.143863
595.900,92.6946,300.0000,65.4375,65.3491,13904.13,0.796449,92.143863
596.000,92.8010,300.0000,65.4375,65.3484,13905.20,0.796632,92.158474
596.100,92.8010,300.0000,65.3750,65.3478,13906.19,0.796803,92.158474
596.200,92.8010,300.0000,65.3750,65.3471,13907.12,0.796963,92.158474
596.300,92.8010,300.0000,65.4375,65.3465,13907.99,0.797112,92.158474
596.400,92.8010,300.0000,65.4375,65.3458,13908.80,0.797252,92.158474
596.500,92.8010,300.0000,65.4375,65.3451,13909.56,0.797382,92.158474
596.600,92.8010,300.0000,65.3750,65.3444,13910.26,0.797503,92.158474
596.700,92.8010,300.0000,65.3125,65.3438,13910.92,0.797616,92.158474
596.800,92.8010,300.0000,65.5000,65.3431,13911.54,0.797722,92.158474
596.900,92.8010,300.0000,65.3125,65.3424,13912.11,0.797821,92.158474
597.000,92.6278,300.0000,65.3125,65.3417,13910.92,0.797615,92.168911
597.100,92.6278,300.0000,65.3125,65.3410,13909.80,0.797423,92.168911
597.200,92.6278,300.0000,65.3125,65.3404,13908.76,0.797244,92.168911
597.300,92.6278,300.0000,65.3750,65.3397,13907.79,0.797077,92.168911
597.400,92.6278,300.0000,65.4375,65.3391,13906.88,0.796921,92.168911
597.500,92.6278,300.0000,65.3750,65.3385,13906.03,0.796775,92.168911
597.600,92.6278,300.0000,65.3750,65.3378,13905.24,0.796639,92.168911
597.700,92.6278,300.0000,65.3750,65.3372,13904.50,0.796512,92.168911
597.800,92.6278,300.0000,65.3750,65.3366,13903.81,0.796394,92.168911
597.900,92.6278,300.0000,65.3750,65.3360,13903.17,0.796284,92.168911
598.000,92.7321,300.0000,65.3125,65.3354,13903.61,0.796360,92.181434
598.100,92.7321,300.0000,65.4375,65.3348,13904.03,0.796431,92.181434
598.200,92.7321,300.0000,65.3750,65.3342,13904.41,0.796497,92.181434
598.300,92.7321,300.0000,65.3750,65.3336,13904.77,0.796559,92.181434
598.400,92.7321,300.0000,65.3125,65.3330,13905.11,0.796617,92.181434
598.500,92.7321,300.0000,65.4375,65.3324,13905.42,0.796671,92.181434
598.600,92.7321,300.0000,65.3750,65.3318,13905.72,0.796721,92.181434
598.700,92.7321,300.0000,65.3750,65.3312,13905.99,0.796768,92.181434
598.800,92.7321,300.0000,65.4375,65.3305,13906.25,0.796812,92.181434
598.900,92.7321,300.0000,65.3125,65.3299,13906.48,0.796853,92.181434
599.000,92.6508,300.0000,65.3750,65.3293,13905.89,0.796752,92.191871
599.100,92.6508,300.0000,65.3750,65.3287,13905.34,0.796657,92.191871
599.200,92.6508,300.0000,65.4375,65.3281,13904.83,0.796568,92.191871
599.300,92.6508,300.0000,65.4375,65.3275,13904.35,0.796486,92.191871
599.400,92.6508,300.0000,65.3750,65.3270,13903.90,0.796409,92.191871
599.500,92.6508,300.0000,65.4375,65.3264,13903.48,0.796337,92.191871
599.600,92.6508,300.0000,65.4375,65.3258,13903.09,0.796269,92.191871
599.700,92.6508,300.0000,65.4375,65.3252,13902.72,0.796207,92.191871
599.800,92.6508,300.0000,65.3750,65.3247,13902.38,0.796148,92.191871
599.900,92.6508,300.0000,65.3750,65.3241,13902.07,0.796094,92.191871
600.000,92.7551,300.0000,65.3125,65.3235,13902.81,0.796222,92.204395
600.100,92.7551,300.0000,65.2500,65.3230,13903.51,0.796342,92.204395
600.200,92.7551,300.0000,65.4375,65.3224,13904.16,0.796453,92.204395
600.300,92.7551,300.0000,65.3125,65.3218,13904.77,0.796558,92.204395
600.400,92.7551,300.0000,65.2500,65.3212,13905.33,0.796655,92.204395
600.500,92.7551,300.0000,65.3125,65.3206,13905.86,0.796746,92.204395
600.600,92.7551,300.0000,65.3125,65.3200,13906.35,0.796831,92.204395
600.700,92.7551,300.0000,65.3750,65.3194,13906.82,0.796910,92.204395
600.800,92.7551,300.0000,65.3125,65.3188,13907.25,0.796984,92.204395
600.900,92.7551,300.0000,65.3125,65.3182,13907.65,0.797053,92.204395
601.000,92.6737,300.0000,65.3125,65.3177,13907.21,0.796977,92.214831
601.100,92.6737,300.0000,65.3125,65.3171,13906.80,0.796907,92.214831
601.200,92.6737,300.0000,65.3125,65.3165,13906.42,0.796841,92.214831
601.300,92.6737,300.0000,65.3125,65.3159,13906.06,0.796780,92.214831
601.400,92.6737,300.0000,65.2500,65.3153,13905.73,0.796723,92.214831
601.500,92.6737,300.0000,65.3750,65.3148,13905.41,0.796669,92.214831
601.600,92.6737,300.0000,65.3125,65.3142,13905.12,0.796619,92.214831
601.700,92.6737,300.0000,65.3125,65.3136,13904.85,0.796573,92.214831
601.800,92.6737,300.0000,65.3125,65.3131,13904.60,0.796529,92.214831
601.900,92.6737,300.0000,65.4375,65.3125,13904.36,0.796489,92.214831
602.000,92.8719,300.0000,65.3750,65.3119,13906.13,0.796792,92.229442
602.100,92.8719,300.0000,65.3125,65.3114,13907.77,0.797074,92.229442
602.200,92.8719,300.0000,65.2500,65.3108,13909.30,0.797338,92.229442
602.300,92.8719,300.0000,65.3750,65.3102,13910.74,0.797584,92.229442
602.400,92.8719,300.0000,65.3750,65.3095,13912.07,0.797814,92.229442
602.500,92.8719,300.0000,65.3750,65.3089,13913.32,0.798029,92.229442
602.600,92.8719,300.0000,65.2500,65.3083,13914.49,0.798229,92.229442
602.700,92.8719,300.0000,65.3125,65.3076,13915.57,0.798416,92.229442
602.800,92.8719,300.0000,65.2500,65.3070,13916.59,0.798591,92.229442
602.900,92.8719,300.0000,65.3125,65.3063,13917.53,0.798754,92.229442
603.000,92.6988,300.0000,65.2500,65.3057,13916.69,0.798608,92.239879
603.100,92.6988,300.0000,65.4375,65.3051,13915.90,0.798472,92.239879
603.200,92.6988,300.0000,65.3750,65.3044,13915.16,0.798345,92.239879
603.300,92.6988,300.0000,65.4375,65.3038,13914.47,0.798226,92.239879
603.400,92.6988,300.0000,65.3125,65.3032,13913.82,0.798116,92.239879
603.500,92.6988,300.0000,65.3125,65.3026,13913.22,0.798012,92.239879
603.600,92.6988,300.0000,65.2500,65.3020,13912.66,0.797916,92.239879
603.700,92.6988,300.0000,65.3750,65.3014,13912.14,0.797826,92.239879
603.800,92.6988,300.0000,65.3125,65.3008,13911.65,0.797742,92.239879
603.900,92.6988,300.0000,65.2500,65.3002,13911.20,0.797663,92.239879
604.000,92.6154,300.0000,65.3750,65.2996,13909.94,0.797447,92.248228
604.100,92.6154,300.0000,65.3125,65.2991,13908.76,0.797245,92.248228
604.200,92.6154,300.0000,65.3750,65.2985,13907.66,0.797056,92.248228
604.300,92.6154,300.0000,65.2500,65.2980,13906.64,0.796880,92.248228
604.400,92.6154,300.0000,65.3125,65.2974,13905.68,0.796716,92.248228
604.500,92.6154,300.0000,65.3750,65.2969,13904.79,0.796562,92.248228
604.600,92.6154,300.0000,65.3125,65.2964,13903.96,0.796419,92.248228
604.700,92.6154,300.0000,65.3125,65.2959,13903.18,0.796286,92.248228
604.800,92.6154,300.0000,65.2500,65.2954,13902.46,0.796161,92.248228
604.900,92.6154,300.0000,65.3125,65.2949,13901.78,0.796045,92.248228
605.000,92.7176,300.0000,65.3750,65.2944,13902.17,0.796112,92.258665
605.100,92.7176,300.0000,65.3750,65.2939,13902.54,0.796175,92.258665
605.200,92.7176,300.0000,65.3125,65.2934,13902.88,0.796233,92.258665
605.300,92.7176,300.0000,65.3125,65.2929,13903.19,0.796287,92.258665
605.400,92.7176,300.0000,65.4375,65.2924,13903.49,0.796338,92.258665
605.500,92.7176,300.0000,65.3750,65.2919,13903.77,0.796386,92.258665
605.600,92.7176,300.0000,65.3125,65.2914,13904.02,0.796430,92.258665
605.700,92.7176,300.0000,65.3125,65.2908,13904.26,0.796472,92.258665
605.800,92.7176,300.0000,65.3750,65.2903,13904.49,0.796510,92.258665
605.900,92.7176,300.0000,65.3125,65.2898,13904.70,0.796546,92.258665
606.000,92.7280,300.0000,65.3125,65.2893,13905.00,0.796598,92.269101
606.100,92.7280,300.0000,65.3125,65.2888,13905.28,0.796646,92.269101
606.200,92.7280,300.0000,65.3750,65.2883,13905.54,0.796691,92.269101
606.300,92.7280,300.0000,65.2500,65.2878,13905.79,0.796733,92.269101
606.400,92.7280,300.0000,65.3125,65.2873,13906.01,0.796772,92.269101
606.500,92.7280,300.0000,65.3125,65.2868,13906.23,0.796809,92.269101
606.600,92.7280,300.0000,65.3750,65.2862,13906.42,0.796843,92.269101
606.700,92.7280,300.0000,65.2500,65.2857,13906.61,0.796875,92.269101
606.800,92.7280,300.0000,65.2500,65.2852,13906.78,0.796904,92.269101
606.900,92.7280,300.0000,65.3125,65.2847,13906.94,0.796932,92.269101
607.000,92.7385,300.0000,65.3125,65.2842,13907.20,0.796976,92.279538
607.100,92.7385,300.0000,65.3125,65.2836,13907.44,0.797017,92.279538
607.200,92.7385,300.0000,65.3125,65.2831,13907.66,0.797055,92.279538
607.300,92.7385,300.0000,65.3125,65.2826,13907.87,0.797091,92.279538
607.400,92.7385,300.0000,65.2500,65.2821,13908.06,0.797124,92.279538
607.500,92.7385,300.0000,65.1875,65.2816,13908.24,0.797155,92.279538
607.600,92.7385,300.0000,65.3125,65.2810,13908.41,0.797184,92.279538
607.700,92.7385,300.0000,65.3125,65.2805,13908.57,0.797211,92.279538
607.800,92.7385,300.0000,65.3125,65.2800,13908.71,0.797236,92.279538
607.900,92.7385,300.0000,65.2500,65.2795,13908.85,0.797260,92.279538
608.000,92.6550,300.0000,65.3750,65.2790,13908.14,0.797138,92.287887
608.100,92.6550,300.0000,65.3125,65.2785,13907.48,0.797025,92.287887
608.200,92.6550,300.0000,65.3125,65.2780,13906.87,0.796919,92.287887
608.300,92.6550,300.0000,65.3750,65.2775,13906.29,0.796820,92.287887
608.400,92.6550,300.0000,65.3125,65.2770,13905.76,0.796728,92.287887
608.500,92.6550,300.0000,65.3125,65.2765,13905.26,0.796642,92.287887
608.600,92.6550,300.0000,65.1875,65.2760,13904.79,0.796562,92.287887
608.700,92.6550,300.0000,65.3750,65.2755,13904.35,0.796487,92.287887
608.800,92.6550,300.0000,65.3125,65.2751,13903.95,0.796417,92.287887
608.900,92.6550,300.0000,65.3125,65.2746,13903.57,0.796352,92.287887
609.000,92.7572,300.0000,65.4375,65.2741,13904.24,0.796467,92.298323
609.100,92.7572,300.0000,65.3750,65.2737,13904.86,0.796574,92.298323
609.200,92.7572,300.0000,65.3125,65.2732,13905.44,0.796674,92.298323
609.300,92.7572,300.0000,65.3125,65.2727,13905.98,0.796767,92.298323
609.400,92.7572,300.0000,65.3750,65.2722,13906.49,0.796854,92.298323
609.500,92.7572,300.0000,65.3750,65.2717,13906.96,0.796936,92.298323
609.600,92.7572,300.0000,65.3125,65.2712,13907.41,0.797011,92.298323
609.700,92.7572,300.0000,65.3125,65.2707,13907.82,0.797082,92.298323
609.800,92.7572,300.0000,65.3125,65.2702,13908.20,0.797148,92.298323
609.900,92.7572,300.0000,65.3125,65.2697,13908.56,0.797210,92.298323
610.000,92.7677,300.0000,65.2500,65.2692,13909.00,0.797286,92.308760
610.100,92.7677,300.0000,65.3750,65.2687,13909.41,0.797356,92.308760
610.200,92.7677,300.0000,65.3125,65.2682,13909.79,0.797422,92.308760
610.300,92.7677,300.0000,65.3750,65.2677,13910.15,0.797483,92.308760
610.400,92.7677,300.0000,65.3125,65.2672,13910.48,0.797541,92.308760
610.500,92.7677,300.0000,65.2500,65.2667,13910.79,0.797594,92.308760
610.600,92.7677,300.0000,65.2500,65.2662,13911.09,0.797644,92.308760
610.700,92.7677,300.0000,65.3125,65.2657,13911.36,0.797691,92.308760
610.800,92.7677,300.0000,65.2500,65.2652,13911.61,0.797734,92.308760
610.900,92.7677,300.0000,65.3750,65.2647,13911.85,0.797775,92.308760
611.000,92.8720,300.0000,65.1875,65.2642,13913.11,0.797992,92.321284
611.100,92.8720,300.0000,65.3125,65.2636,13914.29,0.798195,92.321284
611.200,92.8720,300.0000,65.2500,65.2631,13915.39,0.798385,92.321284
611.300,92.8720,300.0000,65.3125,65.2625,13916.42,0.798562,92.321284
611.400,92.8720,300.0000,65.2500,65.2620,13917.37,0.798727,92.321284
611.500,92.8720,300.0000,65.3125,65.2614,13918.27,0.798881,92.321284
611.600,92.8720,300.0000,65.2500,65.2609,13919.10,0.799025,92.321284
611.700,92.8720,300.0000,65.3125,65.2603,13919.88,0.799159,92.321284
611.800,92.8720,300.0000,65.3125,65.2597,13920.61,0.799284,92.321284
611.900,92.8720,300.0000,65.3750,65.2591,13921.29,0.799401,92.321284
612.000,92.8845,300.0000,65.3125,65.2585,13922.05,0.799532,92.333807
612.100,92.8845,300.0000,65.2500,65.2580,13922.76,0.799654,92.333807
612.200,92.8845,300.0000,65.2500,65.2574,13923.42,0.799768,92.333807
612.300,92.8845,300.0000,65.3125,65.2568,13924.04,0.799874,92.333807
612.400,92.8845,300.0000,65.2500,65.2562,13924.61,0.799973,92.333807
612.500,92.8845,300.0000,65.2500,65.2556,13925.15,0.800066,92.333807
612.600,92.8845,300.0000,65.2500,65.2550,13925.65,0.800153,92.333807
612.700,92.8845,300.0000,65.3125,65.2544,13926.12,0.800233,92.333807
612.800,92.8845,300.0000,65.3125,65.2537,13926.56,0.800309,92.333807
612.900,92.8845,300.0000,65.3125,65.2531,13926.96,0.800379,92.333807
613.000,92.8032,300.0000,65.3125,65.2525,13926.53,0.800304,92.344244
613.100,92.8032,300.0000,65.3750,65.2519,13926.13,0.800235,92.344244
613.200,92.8032,300.0000,65.1875,65.2513,13925.75,0.800170,92.344244
613.300,92.8032,300.0000,65.2500,65.2507,13925.40,0.800109,92.344244
613.400,92.8032,300.0000,65.3125,65.2501,13925.07,0.800052,92.344244
613.500,92.8032,300.0000,65.2500,65.2495,13924.76,0.800000,92.344244
613.600,92.8032,300.0000,65.1875,65.2490,13924.48,0.799950,92.344244
613.700,92.8032,300.0000,65.3750,65.2484,13924.21,0.799904,92.344244
613.800,92.8032,300.0000,65.3125,65.2478,13923.96,0.799861,92.344244
613.900,92.8032,300.0000,65.2500,65.2472,13923.73,0.799821,92.344244
614.000,92.7197,300.0000,65.3125,65.2467,13922.68,0.799640,92.352593
614.100,92.7197,300.0000,65.1875,65.2461,13921.70,0.799471,92.352593
614.200,92.7197,300.0000,65.3125,65.2456,13920.78,0.799313,92.352593
614.300,92.7197,300.0000,65.3125,65.2450,13919.93,0.799166,92.352593
614.400,92.7197,300.0000,65.3125,65.2445,13919.13,0.799029,92.352593
614.500,92.7197,300.0000,65.3125,65.2440,13918.38,0.798900,92.352593
614.600,92.7197,300.0000,65.3125,65.2435,13917.69,0.798781,92.352593
614.700,92.7197,300.0000,65.2500,65.2430,13917.04,0.798669,92.352593
614.800,92.7197,300.0000,65.3125,65.2425,13916.43,0.798565,92.352593
614.900,92.7197,300.0000,65.3125,65.2420,13915.87,0.798468,92.352593
615.000,92.8219,300.0000,65.2500,65.2415,13916.36,0.798553,92.363030
615.100,92.8219,300.0000,65.2500,65.2410,13916.83,0.798632,92.363030
615.200,92.8219,300.0000,65.2500,65.2405,13917.26,0.798706,92.363030
615.300,92.8219,300.0000,65.3125,65.2400,13917.66,0.798776,92.363030
615.400,92.8219,300.0000,65.2500,65.2394,13918.03,0.798840,92.363030
615.500,92.8219,300.0000,65.3750,65.2389,13918.39,0.798901,92.363030
615.600,92.8219,300.0000,65.2500,65.2384,13918.71,0.798957,92.363030
615.700,92.8219,300.0000,65.2500,65.2379,13919.02,0.799010,92.363030
615.800,92.8219,300.0000,65.1875,65.2374,13919.30,0.799059,92.363030
615.900,92.8219,300.0000,65.3125,65.2369,13919.57,0.799104,92.363030
616.000,92.8324,300.0000,65.3125,65.2364,13919.92,0.799165,92.373466
616.100,92.8324,300.0000,65.2500,65.2358,13920.25,0.799222,92.373466
616.200,92.8324,300.0000,65.1875,65.2353,13920.56,0.799275,92.373466
616.300,92.8324,300.0000,65.2500,65.2348,13920.84,0.799324,92.373466
616.400,92.8324,300.0000,65.1250,65.2343,13921.11,0.799370,92.373466
616.500,92.8324,300.0000,65.2500,65.2338,13921.36,0.799413,92.373466
616.600,92.8324,300.0000,65.3750,65.2332,13921.59,0.799453,92.373466
616.700,92.8324,300.0000,65.2500,65.2327,13921.81,0.799491,92.373466
616.800,92.8324,300.0000,65.2500,65.2322,13922.01,0.799526,92.373466
616.900,92.8324,300.0000,65.3125,65.2317,13922.20,0.799558,92.373466
617.000,92.8428,300.0000,65.3125,65.2311,13922.49,0.799607,92.383903
617.100,92.8428,300.0000,65.2500,65.2306,13922.75,0.799652,92.383903
617.200,92.8428,300.0000,65.2500,65.2301,13922.99,0.799694,92.383903
617.300,92.8428,300.0000,65.2500,65.2295,13923.22,0.799734,92.383903
617.400,92.8428,300.0000,65.2500,65.2290,13923.43,0.799771,92.383903
617.500,92.8428,300.0000,65.3125,65.2285,13923.63,0.799805,92.383903
617.600,92.8428,300.0000,65.2500,65.2280,13923.82,0.799837,92.383903
617.700,92.8428,300.0000,65.2500,65.2274,13923.99,0.799867,92.383903
617.800,92.8428,300.0000,65.2500,65.2269,13924.16,0.799895,92.383903
617.900,92.8428,300.0000,65.3125,65.2264,13924.31,0.799921,92.383903
618.000,92.8533,300.0000,65.2500,65.2258,13924.55,0.799963,92.394339
618.100,92.8533,300.0000,65.2500,65.2253,13924.78,0.800003,92.394339
618.200,92.8533,300.0000,65.1875,65.2248,13924.99,0.800039,92.394339
618.300,92.8533,300.0000,65.2500,65.2242,13925.19,0.800074,92.394339
618.400,92.8533,300.0000,65.1875,65.2237,13925.38,0.800106,92.394339
618.500,92.8533,300.0000,65.2500,65.2232,13925.55,0.800136,92.394339
618.600,92.8533,300.0000,65.2500,65.2226,13925.72,0.800164,92.394339
618.700,92.8533,300.0000,65.3750,65.2221,13925.87,0.800190,92.394339
618.800,92.8533,300.0000,65.1875,65.2216,13926.01,0.800214,92.394339
618.900,92.8533,300.0000,65.2500,65.2210,13926.14,0.800237,92.394339
619.000,92.7698,300.0000,65.2500,65.2205,13925.43,0.800114,92.402688
619.100,92.7698,300.0000,65.3750,65.2200,13924.77,0.800000,92.402688
619.200,92.7698,300.0000,65.1875,65.2195,13924.15,0.799893,92.402688
619.300,92.7698,300.0000,65.2500,65.2189,13923.57,0.799794,92.402688
619.400,92.7698,300.0000,65.3125,65.2184,13923.03,0.799701,92.402688
619.500,92.7698,300.0000,65.2500,65.2179,13922.53,0.799614,92.402688
619.600,92.7698,300.0000,65.2500,65.2175,13922.05,0.799533,92.402688
619.700,92.7698,300.0000,65.1875,65.2170,13921.62,0.799457,92.402688
619.800,92.7698,300.0000,65.1875,65.2165,13921.21,0.799387,92.402688
619.900,92.7698,300.0000,65.3125,65.2160,13920.82,0.799321,92.402688
620.000,92.8720,300.0000,65.3125,65.2155,13921.49,0.799435,92.413125
620.100,92.8720,300.0000,65.1875,65.2150,13922.11,0.799542,92.413125
620.200,92.8720,300.0000,65.2500,65.2145,13922.69,0.799642,92.413125
620.300,92.8720,300.0000,65.1875,65.2140,13923.23,0.799735,92.413125
620.400,92.8720,300.0000,65.2500,65.2135,13923.74,0.799822,92.413125
620.500,92.8720,300.0000,65.1875,65.2130,13924.21,0.799904,92.413125
620.600,92.8720,300.0000,65.2500,65.2125,13924.65,0.799980,92.413125
620.700,92.8720,300.0000,65.2500,65.2120,13925.06,0.800050,92.413125
620.800,92.8720,300.0000,65.2500,65.2115,13925.44,0.800116,92.413125
620.900,92.8720,300.0000,65.2500,65.2110,13925.80,0.800178,92.413125
621.000,92.7886,300.0000,65.1875,65.2105,13925.30,0.800092,92.421474
621.100,92.7886,300.0000,65.1875,65.2100,13924.83,0.800011,92.421474
621.200,92.7886,300.0000,65.2500,65.2095,13924.40,0.799936,92.421474
621.300,92.7886,300.0000,65.1250,65.2090,13923.99,0.799866,92.421474
621.400,92.7886,300.0000,65.3125,65.2085,13923.61,0.799800,92.421474
621.500,92.7886,300.0000,65.1875,65.2081,13923.25,0.799739,92.421474
621.600,92.7886,300.0000,65.3125,65.2076,13922.92,0.799682,92.421474
621.700,92.7886,300.0000,65.3750,65.2071,13922.61,0.799629,92.421474
621.800,92.7886,300.0000,65.2500,65.2066,13922.33,0.799579,92.421474
621.900,92.7886,300.0000,65.3125,65.2062,13922.06,0.799533,92.421474
622.000,92.8908,300.0000,65.1875,65.2057,13922.83,0.799666,92.431910
622.100,92.8908,300.0000,65.3125,65.2052,13923.55,0.799790,92.431910
622.200,92.8908,300.0000,65.2500,65.2047,13924.22,0.799906,92.431910
622.300,92.8908,300.0000,65.2500,65.2043,13924.85,0.800014,92.431910
622.400,92.8908,300.0000,65.2500,65.2038,13925.43,0.800115,92.431910
622.500,92.8908,300.0000,65.1875,65.2033,13925.98,0.800209,92.431910
622.600,92.8908,300.0000,65.2500,65.2028,13926.49,0.800297,92.431910
622.700,92.8908,300.0000,65.1250,65.2023,13926.96,0.800379,92.431910
622.800,92.8908,300.0000,65.2500,65.2018,13927.41,0.800455,92.431910
622.900,92.8908,300.0000,65.2500,65.2013,13927.82,0.800527,92.431910
623.000,92.8074,300.0000,65.1875,65.2008,13927.37,0.800450,92.440260
623.100,92.8074,300.0000,65.1875,65.2003,13926.96,0.800378,92.440260
623.200,92.8074,300.0000,65.1875,65.1998,13926.57,0.800310,92.440260
623.300,92.8074,300.0000,65.2500,65.1993,13926.20,0.800248,92.440260
623.400,92.8074,300.0000,65.2500,65.1988,13925.86,0.800189,92.440260
623.500,92.8074,300.0000,65.1875,65.1983,13925.55,0.800134,92.440260
623.600,92.8074,300.0000,65.2500,65.1979,13925.25,0.800083,92.440260
623.700,92.8074,300.0000,65.1875,65.1974,13924.97,0.800036,92.440260
623.800,92.8074,300.0000,65.1875,65.1969,13924.72,0.799991,92.440260
623.900,92.8074,300.0000,65.1875,65.1964,13924.48,0.799950,92.440260
624.000,92.7219,300.0000,65.3125,65.1960,13923.40,0.799764,92.446522
624.100,92.7219,300.0000,65.1875,65.1955,13922.39,0.799590,92.446522
624.200,92.7219,300.0000,65.2500,65.1951,13921.45,0.799428,92.446522
624.300,92.7219,300.0000,65.2500,65.1947,13920.57,0.799277,92.446522
624.400,92.7219,300.0000,65.2500,65.1943,13919.75,0.799136,92.446522
624.500,92.7219,300.0000,65.1875,65.1938,13918.99,0.799004,92.446522
624.600,92.7219,300.0000,65.1250,65.1934,13918.27,0.798881,92.446522
624.700,92.7219,300.0000,65.2500,65.1930,13917.61,0.798767,92.446522
624.800,92.7219,300.0000,65.3125,65.1926,13916.98,0.798660,92.446522
624.900,92.7219,300.0000,65.2500,65.1922,13916.40,0.798560,92.446522
625.000,92.8220,300.0000,65.2500,65.1919,13916.86,0.798639,92.454871
625.100,92.8220,300.0000,65.1250,65.1915,13917.29,0.798713,92.454871
625.200,92.8220,300.0000,65.1875,65.1911,13917.69,0.798782,92.454871
625.300,92.8220,300.0000,65.1875,65.1907,13918.07,0.798846,92.454871
625.400,92.8220,300.0000,65.2500,65.1903,13918.42,0.798906,92.454871
625.500,92.8220,300.0000,65.3125,65.1899,13918.74,0.798962,92.454871
625.600,92.8220,300.0000,65.1875,65.1894,13919.05,0.799014,92.454871
625.700,92.8220,300.0000,65.2500,65.1890,13919.33,0.799063,92.454871
625.800,92.8220,300.0000,65.2500,65.1886,13919.59,0.799109,92.454871
625.900,92.8220,300.0000,65.3125,65.1882,13919.84,0.799151,92.454871
626.000,92.9242,300.0000,65.2500,65.1878,13921.09,0.799367,92.465307
626.100,92.9242,300.0000,65.3125,65.1874,13922.26,0.799569,92.465307
626.200,92.9242,300.0000,65.1875,65.1869,13923.35,0.799757,92.465307
626.300,92.9242,300.0000,65.2500,65.1865,13924.37,0.799932,92.465307
626.400,92.9242,300.0000,65.1875,65.1860,13925.32,0.800096,92.465307
626.500,92.9242,300.0000,65.2500,65.1856,13926.21,0.800249,92.465307
626.600,92.9242,300.0000,65.3125,65.1851,13927.04,0.800392,92.465307
626.700,92.9242,300.0000,65.1875,65.1847,13927.81,0.800525,92.465307
626.800,92.9242,300.0000,65.3125,65.1842,13928.53,0.800649,92.465307
626.900,92.9242,300.0000,65.2500,65.1837,13929.21,0.800766,92.465307
627.000,92.8408,300.0000,65.1250,65.1832,13929.00,0.800730,92.473656
627.100,92.8408,300.0000,65.1875,65.1828,13928.81,0.800697,92.473656
627.200,92.8408,300.0000,65.1875,65.1823,13928.63,0.800666,92.473656
627.300,92.8408,300.0000,65.3125,65.1818,13928.46,0.800637,92.473656
627.400,92.8408,300.0000,65.2500,65.1814,13928.31,0.800610,92.473656
627.500,92.8408,300.0000,65.2500,65.1809,13928.16,0.800585,92.473656
627.600,92.8408,300.0000,65.1875,65.1804,13928.02,0.800562,92.473656
627.700,92.8408,300.0000,65.2500,65.1800,13927.90,0.800540,92.473656
627.800,92.8408,300.0000,65.1875,65.1795,13927.78,0.800519,92.473656
627.900,92.8408,300.0000,65.2500,65.1791,13927.67,0.800500,92.473656
628.000,92.8491,300.0000,65.1875,65.1786,13927.65,0.800497,92.482006
628.100,92.8491,300.0000,65.2500,65.1782,13927.63,0.800494,92.482006
628.200,92.8491,300.0000,65.2500,65.1777,13927.61,0.800491,92.482006
628.300,92.8491,300.0000,65.2500,65.1773,13927.60,0.800488,92.482006
628.400,92.8491,300.0000,65.2500,65.1768,13927.58,0.800485,92.482006
628.500,92.8491,300.0000,65.2500,65.1764,13927.57,0.800483,92.482006
628.600,92.8491,300.0000,65.2500,65.1759,13927.55,0.800480,92.482006
628.700,92.8491,300.0000,65.1250,65.1755,13927.54,0.800478,92.482006
628.800,92.8491,300.0000,65.1250,65.1750,13927.53,0.800476,92.482006
628.900,92.8491,300.0000,65.1875,65.1746,13927.52,0.800475,92.482006
629.000,92.7636,300.0000,65.1875,65.1742,13926.65,0.800325,92.488268
629.100,92.7636,300.0000,65.1875,65.1737,13925.85,0.800186,92.488268
629.200,92.7636,300.0000,65.1250,65.1733,13925.09,0.800056,92.488268
629.300,92.7636,300.0000,65.1250,65.1729,13924.39,0.799935,92.488268
629.400,92.7636,300.0000,65.1250,65.1725,13923.73,0.799822,92.488268
629.500,92.7636,300.0000,65.1875,65.1721,13923.12,0.799716,92.488268
629.600,92.7636,300.0000,65.2500,65.1717,13922.55,0.799618,92.488268
629.700,92.7636,300.0000,65.1875,65.1713,13922.01,0.799526,92.488268
629.800,92.7636,300.0000,65.3125,65.1709,13921.52,0.799440,92.488268
629.900,92.7636,300.0000,65.1875,65.1705,13921.05,0.799360,92.488268
630.000,92.7699,300.0000,65.1875,65.1702,13920.68,0.799296,92.494529
630.100,92.7699,300.0000,65.1875,65.1698,13920.33,0.799236,92.494529
630.200,92.7699,300.0000,65.2500,65.1694,13920.01,0.799181,92.494529
630.300,92.7699,300.0000,65.3125,65.1691,13919.71,0.799129,92.494529
630.400,92.7699,300.0000,65.2500,65.1687,13919.43,0.799080,92.494529
630.500,92.7699,300.0000,65.1875,65.1683,13919.16,0.799035,92.494529
630.600,92.7699,300.0000,65.1250,65.1680,13918.92,0.798992,92.494529
630.700,92.7699,300.0000,65.1875,65.1676,13918.69,0.798953,92.494529
630.800,92.7699,300.0000,65.1250,65.1673,13918.48,0.798916,92.494529
630.900,92.7699,300.0000,65.1875,65.1669,13918.28,0.798882,92.494529
631.000,92.7761,300.0000,65.0000,65.1666,13918.15,0.798861,92.500791
631.100,92.7761,300.0000,65.2500,65.1662,13918.04,0.798841,92.500791
631.200,92.7761,300.0000,65.2500,65.1659,13917.93,0.798822,92.500791
631.300,92.7761,300.0000,65.1875,65.1656,13917.83,0.798805,92.500791
631.400,92.7761,300.0000,65.1875,65.1652,13917.73,0.798789,92.500791
631.500,92.7761,300.0000,65.1875,65.1649,13917.65,0.798774,92.500791
631.600,92.7761,300.0000,65.2500,65.1645,13917.57,0.798759,92.500791
631.700,92.7761,300.0000,65.1875,65.1642,13917.49,0.798746,92.500791
631.800,92.7761,300.0000,65.1250,65.1639,13917.42,0.798734,92.500791
631.900,92.7761,300.0000,65.1250,65.1635,13917.35,0.798723,92.500791
632.000,92.6885,300.0000,65.3125,65.1632,13916.41,0.798561,92.504966
632.100,92.6885,300.0000,65.1250,65.1629,13915.54,0.798410,92.504966
632.200,92.6885,300.0000,65.1875,65.1626,13914.72,0.798270,92.504966
632.300,92.6885,300.0000,65.3750,65.1623,13913.96,0.798139,92.504966
632.400,92.6885,300.0000,65.3125,65.1620,13913.25,0.798016,92.504966
632.500,92.6885,300.0000,65.2500,65.1617,13912.58,0.797902,92.504966
632.600,92.6885,300.0000,65.1875,65.1614,13911.96,0.797795,92.504966
632.700,92.6885,300.0000,65.1875,65.1611,13911.38,0.797695,92.504966
632.800,92.6885,300.0000,65.1875,65.1609,13910.84,0.797603,92.504966
632.900,92.6885,300.0000,65.1875,65.1606,13910.34,0.797516,92.504966
633.000,92.7866,300.0000,65.1250,65.1603,13910.85,0.797603,92.511228
633.100,92.7866,300.0000,65.1250,65.1600,13911.32,0.797685,92.511228
633.200,92.7866,300.0000,65.1875,65.1598,13911.77,0.797762,92.511228
633.300,92.7866,300.0000,65.1250,65.1595,13912.18,0.797833,92.511228
633.400,92.7866,300.0000,65.1250,65.1592,13912.57,0.797900,92.511228
633.500,92.7866,300.0000,65.1875,65.1589,13912.93,0.797962,92.511228
633.600,92.7866,300.0000,65.1875,65.1586,13913.27,0.798020,92.511228
633.700,92.7866,300.0000,65.1875,65.1583,13913.58,0.798074,92.511228
633.800,92.7866,300.0000,65.1875,65.1580,13913.88,0.798124,92.511228
633.900,92.7866,300.0000,65.1875,65.1577,13914.15,0.798172,92.511228
634.000,92.7928,300.0000,65.1875,65.1574,13914.47,0.798226,92.517490
634.100,92.7928,300.0000,65.1250,65.1572,13914.77,0.798278,92.517490
634.200,92.7928,300.0000,65.1875,65.1569,13915.04,0.798325,92.517490
634.300,92.7928,300.0000,65.1875,65.1566,13915.30,0.798370,92.517490
634.400,92.7928,300.0000,65.1875,65.1562,13915.54,0.798411,92.517490
634.500,92.7928,300.0000,65.1875,65.1559,13915.77,0.798450,92.517490
634.600,92.7928,300.0000,65.1875,65.1556,13915.98,0.798486,92.517490
634.700,92.7928,300.0000,65.1250,65.1553,13916.18,0.798520,92.517490
634.800,92.7928,300.0000,65.1250,65.1550,13916.36,0.798552,92.517490
634.900,92.7928,300.0000,65.1250,65.1547,13916.53,0.798581,92.517490
635.000,92.7052,300.0000,65.1875,65.1544,13915.81,0.798458,92.521664
635.100,92.7052,300.0000,65.1875,65.1541,13915.15,0.798343,92.521664
635.200,92.7052,300.0000,65.1250,65.1538,13914.52,0.798235,92.521664
635.300,92.7052,300.0000,65.1875,65.1536,13913.94,0.798135,92.521664
635.400,92.7052,300.0000,65.1250,65.1533,13913.40,0.798042,92.521664
635.500,92.7052,300.0000,65.1250,65.1530,13912.89,0.797954,92.521664
635.600,92.7052,300.0000,65.0625,65.1527,13912.41,0.797873,92.521664
635.700,92.7052,300.0000,65.1250,65.1525,13911.97,0.797797,92.521664
635.800,92.7052,300.0000,65.1250,65.1522,13911.56,0.797726,92.521664
635.900,92.7052,300.0000,65.1250,65.1520,13911.17,0.797660,92.521664
636.000,92.7094,300.0000,65.1875,65.1517,13910.86,0.797605,92.525839
636.100,92.7094,300.0000,65.2500,65.1515,13910.56,0.797554,92.525839
636.200,92.7094,300.0000,65.1875,65.1512,13910.28,0.797506,92.525839
636.300,92.7094,300.0000,65.2500,65.1510,13910.03,0.797462,92.525839
636.400,92.7094,300.0000,65.1250,65.1507,13909.78,0.797421,92.525839
636.500,92.7094,300.0000,65.1250,65.1505,13909.56,0.797382,92.525839
636.600,92.7094,300.0000,65.1250,65.1502,13909.35,0.797346,92.525839
636.700,92.7094,300.0000,65.1875,65.1500,13909.15,0.797312,92.525839
636.800,92.7094,300.0000,65.2500,65.1498,13908.97,0.797281,92.525839
636.900,92.7094,300.0000,65.1250,65.1495,13908.80,0.797251,92.525839
637.000,92.7136,300.0000,65.1250,65.1493,13908.68,0.797231,92.530014
637.100,92.7136,300.0000,65.1250,65.1491,13908.57,0.797212,92.530014
637.200,92.7136,300.0000,65.2500,65.1489,13908.47,0.797195,92.530014
637.300,92.7136,300.0000,65.1250,65.1486,13908.38,0.797178,92.530014
637.400,92.7136,300.0000,65.1875,65.1484,13908.29,0.797163,92.530014
637.500,92.7136,300.0000,65.1875,65.1482,13908.20,0.797149,92.530014
637.600,92.7136,300.0000,65.1875,65.1480,13908.12,0.797135,92.530014
637.700,92.7136,300.0000,65.0625,65.1477,13908.05,0.797123,92.530014
637.800,92.7136,300.0000,65.1875,65.1475,13907.98,0.797111,92.530014
637.900,92.7136,300.0000,65.1250,65.1473,13907.92,0.797100,92.530014
638.000,92.7178,300.0000,65.1250,65.1471,13907.90,0.797097,92.534188
638.100,92.7178,300.0000,65.1250,65.1469,13907.89,0.797094,92.534188
638.200,92.7178,300.0000,65.1875,65.1466,13907.87,0.797092,92.534188
638.300,92.7178,300.0000,65.1875,65.1464,13907.86,0.797089,92.534188
638.400,92.7178,300.0000,65.1875,65.1462,13907.85,0.797087,92.534188
638.500,92.7178,300.0000,65.1250,65.1460,13907.83,0.797085,92.534188
638.600,92.7178,300.0000,65.0625,65.1458,13907.82,0.797083,92.534188
638.700,92.7178,300.0000,65.1250,65.1456,13907.81,0.797081,92.534188
638.800,92.7178,300.0000,65.1875,65.1454,13907.80,0.797080,92.534188
638.900,92.7178,300.0000,65.0625,65.1451,13907.79,0.797078,92.534188
639.000,92.6281,300.0000,65.1250,65.1449,13906.89,0.796922,92.536275
639.100,92.6281,300.0000,65.2500,65.1447,13906.04,0.796777,92.536275
639.200,92.6281,300.0000,65.1875,65.1446,13905.25,0.796641,92.536275
639.300,92.6281,300.0000,65.1250,65.1444,13904.52,0.796515,92.536275
639.400,92.6281,300.0000,65.3125,65.1442,13903.83,0.796397,92.536275
639.500,92.6281,300.0000,65.1250,65.1440,13903.19,0.796287,92.536275
639.600,92.6281,300.0000,65.1875,65.1439,13902.59,0.796184,92.536275
639.700,92.6281,300.0000,65.1875,65.1437,13902.03,0.796088,92.536275
639.800,92.6281,300.0000,65.1250,65.1435,13901.51,0.795998,92.536275
639.900,92.6281,300.0000,65.1875,65.1434,13901.02,0.795915,92.536275
640.000,92.8179,300.0000,65.1875,65.1432,13902.47,0.796163,92.542537
640.100,92.8179,300.0000,65.1875,65.1430,13903.81,0.796394,92.542537
640.200,92.8179,300.0000,65.1875,65.1429,13905.07,0.796610,92.542537
640.300,92.8179,300.0000,65.0625,65.1427,13906.25,0.796812,92.542537
640.400,92.8179,300.0000,65.1250,65.1425,13907.34,0.797001,92.542537
640.500,92.8179,300.0000,65.2500,65.1422,13908.36,0.797176,92.542537
640.600,92.8179,300.0000,65.1875,65.1420,13909.32,0.797341,92.542537
640.700,92.8179,300.0000,65.1875,65.1418,13910.21,0.797494,92.542537
640.800,92.8179,300.0000,65.1875,65.1416,13911.04,0.797637,92.542537
640.900,92.8179,300.0000,65.1875,65.1413,13911.82,0.797770,92.542537
641.000,92.8241,300.0000,65.0000,65.1411,13912.60,0.797906,92.548799
641.100,92.8241,300.0000,65.1250,65.1408,13913.34,0.798032,92.548799
641.200,92.8241,300.0000,65.1875,65.1406,13914.02,0.798150,92.548799
641.300,92.8241,300.0000,65.2500,65.1403,13914.66,0.798260,92.548799
641.400,92.8241,300.0000,65.1250,65.1401,13915.26,0.798363,92.548799
641.500,92.8241,300.0000,65.1250,65.1398,13915.82,0.798459,92.548799
641.600,92.8241,300.0000,65.2500,65.1395,13916.34,0.798548,92.548799
641.700,92.8241,300.0000,65.1250,65.1392,13916.82,0.798632,92.548799
641.800,92.8241,300.0000,65.1250,65.1390,13917.28,0.798710,92.548799
641.900,92.8241,300.0000,65.1250,65.1387,13917.70,0.798783,92.548799
642.000,92.7365,300.0000,65.1250,65.1384,13917.22,0.798700,92.552974
642.100,92.7365,300.0000,65.2500,65.1381,13916.77,0.798623,92.552974
642.200,92.7365,300.0000,65.1250,65.1379,13916.35,0.798550,92.552974
642.300,92.7365,300.0000,65.2500,65.1376,13915.96,0.798483,92.552974
642.400,92.7365,300.0000,65.1250,65.1373,13915.59,0.798420,92.552974
642.500,92.7365,300.0000,65.2500,65.1371,13915.25,0.798362,92.552974
642.600,92.7365,300.0000,65.1250,65.1368,13914.94,0.798307,92.552974
642.700,92.7365,300.0000,65.1875,65.1366,13914.64,0.798256,92.552974
642.800,92.7365,300.0000,65.1875,65.1363,13914.36,0.798208,92.552974
642.900,92.7365,300.0000,65.1875,65.1361,13914.10,0.798163,92.552974
643.000,92.8346,300.0000,65.1875,65.1358,13914.84,0.798291,92.559236
643.100,92.8346,300.0000,65.0000,65.1356,13915.53,0.798409,92.559236
643.200,92.8346,300.0000,65.1875,65.1353,13916.18,0.798520,92.559236
643.300,92.8346,300.0000,65.1875,65.1351,13916.78,0.798624,92.559236
643.400,92.8346,300.0000,65.2500,65.1348,13917.34,0.798720,92.559236
643.500,92.8346,300.0000,65.1250,65.1345,13917.86,0.798810,92.559236
643.600,92.8346,300.0000,65.1250,65.1342,13918.35,0.798894,92.559236
643.700,92.8346,300.0000,65.0625,65.1340,13918.80,0.798973,92.559236
643.800,92.8346,300.0000,65.0625,65.1337,13919.23,0.799046,92.559236
643.900,92.8346,300.0000,65.1250,65.1334,13919.63,0.799115,92.559236
644.000,92.7470,300.0000,65.1250,65.1331,13919.12,0.799028,92.563410
644.100,92.7470,300.0000,65.1250,65.1328,13918.65,0.798946,92.563410
644.200,92.7470,300.0000,65.1250,65.1326,13918.21,0.798870,92.563410
644.300,92.7470,300.0000,65.0000,65.1323,13917.80,0.798800,92.563410
644.400,92.7470,300.0000,65.1250,65.1320,13917.42,0.798734,92.563410
644.500,92.7470,300.0000,65.1875,65.1318,13917.06,0.798672,92.563410
644.600,92.7470,300.0000,65.1250,65.1315,13916.72,0.798615,92.563410
644.700,92.7470,300.0000,65.1875,65.1313,13916.41,0.798561,92.563410
644.800,92.7470,300.0000,65.0625,65.1310,13916.12,0.798511,92.563410
644.900,92.7470,300.0000,65.1875,65.1308,13915.85,0.798464,92.563410
645.000,92.8450,300.0000,65.1250,65.1305,13916.58,0.798589,92.569672
645.100,92.8450,300.0000,65.0625,65.1302,13917.25,0.798706,92.569672
645.200,92.8450,300.0000,65.1875,65.1300,13917.89,0.798815,92.569672
645.300,92.8450,300.0000,65.1250,65.1297,13918.48,0.798917,92.569672
645.400,92.8450,300.0000,65.1875,65.1294,13919.03,0.799012,92.569672
645.500,92.8450,300.0000,65.1875,65.1292,13919.55,0.799100,92.569672
645.600,92.8450,300.0000,65.1250,65.1289,13920.03,0.799183,92.569672
645.700,92.8450,300.0000,65.1875,65.1286,13920.47,0.799260,92.569672
645.800,92.8450,300.0000,65.1875,65.1283,13920.89,0.799333,92.569672
645.900,92.8450,300.0000,65.1875,65.1280,13921.28,0.799400,92.569672
646.000,92.8513,300.0000,65.1250,65.1277,13921.71,0.799473,92.575934
646.100,92.8513,300.0000,65.1250,65.1275,13922.11,0.799542,92.575934
646.200,92.8513,300.0000,65.1250,65.1272,13922.48,0.799606,92.575934
646.300,92.8513,300.0000,65.1875,65.1269,13922.83,0.799666,92.575934
646.400,92.8513,300.0000,65.1250,65.1266,13923.15,0.799722,92.575934
646.500,92.8513,300.0000,65.1250,65.1263,13923.46,0.799774,92.575934
646.600,92.8513,300.0000,65.1250,65.1260,13923.74,0.799823,92.575934
646.700,92.8513,300.0000,65.1250,65.1257,13924.00,0.799868,92.575934
646.800,92.8513,300.0000,65.1875,65.1253,13924.25,0.799911,92.575934
646.900,92.8513,300.0000,65.1250,65.1250,13924.48,0.799950,92.575934
647.000,92.7637,300.0000,65.2500,65.1247,13923.82,0.799836,92.580109
647.100,92.7637,300.0000,65.1875,65.1244,13923.20,0.799730,92.580109
647.200,92.7637,300.0000,65.1250,65.1242,13922.62,0.799630,92.580109
647.300,92.7637,300.0000,65.0625,65.1239,13922.08,0.799538,92.580109
647.400,92.7637,300.0000,65.1250,65.1236,13921.58,0.799451,92.580109
647.500,92.7637,300.0000,65.0625,65.1233,13921.11,0.799370,92.580109
647.600,92.7637,300.0000,65.1250,65.1230,13920.68,0.799295,92.580109
647.700,92.7637,300.0000,65.1250,65.1228,13920.27,0.799225,92.580109
647.800,92.7637,300.0000,65.1875,65.1225,13919.89,0.799159,92.580109
647.900,92.7637,300.0000,65.1875,65.1223,13919.53,0.799098,92.580109
648.000,92.8617,300.0000,65.1875,65.1220,13920.18,0.799210,92.586371
648.100,92.8617,300.0000,65.1250,65.1217,13920.78,0.799314,92.586371
648.200,92.8617,300.0000,65.1250,65.1214,13921.35,0.799411,92.586371
648.300,92.8617,300.0000,65.1875,65.1212,13921.88,0.799502,92.586371
648.400,92.8617,300.0000,65.1875,65.1209,13922.37,0.799587,92.586371
648.500,92.8617,300.0000,65.1250,65.1206,13922.83,0.799666,92.586371
648.600,92.8617,300.0000,65.1875,65.1203,13923.26,0.799740,92.586371
648.700,92.8617,300.0000,65.0625,65.1200,13923.66,0.799809,92.586371
648.800,92.8617,300.0000,65.1250,65.1197,13924.03,0.799873,92.586371
648.900,92.8617,300.0000,65.1250,65.1194,13924.38,0.799933,92.586371
649.000,92.7741,300.0000,65.1875,65.1192,13923.83,0.799838,92.590545
649.100,92.7741,300.0000,65.1250,65.1189,13923.31,0.799750,92.590545
649.200,92.7741,300.0000,65.1875,65.1186,13922.83,0.799667,92.590545
649.300,92.7741,300.0000,65.1875,65.1183,13922.39,0.799590,92.590545
649.400,92.7741,300.0000,65.1875,65.1180,13921.97,0.799518,92.590545
649.500,92.7741,300.0000,65.1875,65.1178,13921.58,0.799451,92.590545
649.600,92.7741,300.0000,65.1250,65.1175,13921.21,0.799388,92.590545
649.700,92.7741,300.0000,65.1250,65.1173,13920.87,0.799329,92.590545
649.800,92.7741,300.0000,65.1250,65.1170,13920.56,0.799275,92.590545
649.900,92.7741,300.0000,65.1250,65.1167,13920.26,0.799224,92.590545
650.000,92.7783,300.0000,65.2500,65.1165,13920.03,0.799183,92.594720
650.100,92.7783,300.0000,65.1875,65.1162,13919.81,0.799146,92.594720
650.200,92.7783,300.0000,65.0625,65.1160,13919.60,0.799110,92.594720
650.300,92.7783,300.0000,65.0625,65.1158,13919.41,0.799078,92.594720
650.400,92.7783,300.0000,65.1250,65.1155,13919.23,0.799047,92.594720
650.500,92.7783,300.0000,65.0625,65.1153,13919.07,0.799018,92.594720
650.600,92.7783,300.0000,65.1875,65.1150,13918.91,0.798992,92.594720
650.700,92.7783,300.0000,65.1250,65.1148,13918.77,0.798967,92.594720
650.800,92.7783,300.0000,65.1875,65.1146,13918.63,0.798943,92.594720
650.900,92.7783,300.0000,65.1875,65.1143,13918.51,0.798922,92.594720
651.000,92.8763,300.0000,65.1250,65.1141,13919.37,0.799070,92.600982
651.100,92.8763,300.0000,65.1250,65.1138,13920.18,0.799209,92.600982
651.200,92.8763,300.0000,65.1250,65.1136,13920.93,0.799338,92.600982
651.300,92.8763,300.0000,65.1875,65.1133,13921.63,0.799459,92.600982
651.400,92.8763,300.0000,65.0000,65.1131,13922.28,0.799572,92.600982
651.500,92.8763,300.0000,65.1875,65.1128,13922.89,0.799677,92.600982
651.600,92.8763,300.0000,65.1250,65.1125,13923.46,0.799776,92.600982
651.700,92.8763,300.0000,65.1875,65.1123,13924.00,0.799867,92.600982
651.800,92.8763,300.0000,65.1875,65.1120,13924.49,0.799953,92.600982
651.900,92.8763,300.0000,65.1875,65.1117,13924.96,0.800033,92.600982
652.000,92.8826,300.0000,65.1250,65.1114,13925.45,0.800118,92.607244
652.100,92.8826,300.0000,65.1875,65.1111,13925.92,0.800198,92.607244
652.200,92.8826,300.0000,65.1250,65.1108,13926.35,0.800272,92.607244
652.300,92.8826,300.0000,65.1250,65.1105,13926.75,0.800342,92.607244
652.400,92.8826,300.0000,65.0625,65.1102,13927.13,0.800407,92.607244
652.500,92.8826,300.0000,65.1250,65.1099,13927.48,0.800467,92.607244
652.600,92.8826,300.0000,65.0625,65.1096,13927.80,0.800524,92.607244
652.700,92.8826,300.0000,65.1250,65.1093,13928.11,0.800576,92.607244
652.800,92.8826,300.0000,65.1250,65.1090,13928.39,0.800626,92.607244
652.900,92.8826,300.0000,65.1250,65.1087,13928.66,0.800671,92.607244
653.000,92.7950,300.0000,65.1250,65.1084,13928.03,0.800563,92.611418
653.100,92.7950,300.0000,65.0625,65.1081,13927.45,0.800462,92.611418
653.200,92.7950,300.0000,65.0625,65.1079,13926.90,0.800368,92.611418
653.300,92.7950,300.0000,65.0625,65.1076,13926.39,0.800280,92.611418
653.400,92.7950,300.0000,65.1875,65.1073,13925.91,0.800198,92.611418
653.500,92.7950,300.0000,65.1250,65.1070,13925.47,0.800121,92.611418
653.600,92.7950,300.0000,65.1250,65.1067,13925.06,0.800050,92.611418
653.700,92.7950,300.0000,65.1875,65.1065,13924.67,0.799983,92.611418
653.800,92.7950,300.0000,65.1250,65.1062,13924.31,0.799921,92.611418
653.900,92.7950,300.0000,65.1875,65.1060,13923.97,0.799863,92.611418
654.000,92.8930,300.0000,65.1250,65.1057,13924.64,0.799977,92.617680
654.100,92.8930,300.0000,65.0000,65.1054,13925.26,0.800084,92.617680
654.200,92.8930,300.0000,65.0625,65.1051,13925.84,0.800184,92.617680
654.300,92.8930,300.0000,65.1875,65.1049,13926.38,0.800278,92.617680
654.400,92.8930,300.0000,65.0625,65.1046,13926.88,0.800365,92.617680
654.500,92.8930,300.0000,65.1250,65.1043,13927.35,0.800446,92.617680
654.600,92.8930,300.0000,65.0625,65.1040,13927.79,0.800522,92.617680
654.700,92.8930,300.0000,65.0625,65.1037,13928.20,0.800593,92.617680
654.800,92.8930,300.0000,65.0625,65.1034,13928.59,0.800659,92.617680
654.900,92.8930,300.0000,65.1250,65.1031,13928.95,0.800721,92.617680
655.000,92.8054,300.0000,65.1250,65.1028,13928.40,0.800627,92.621855
655.100,92.8054,300.0000,65.1250,65.1026,13927.90,0.800540,92.621855
655.200,92.8054,300.0000,65.1250,65.1023,13927.43,0.800458,92.621855
655.300,92.8054,300.0000,65.1250,65.1020,13926.98,0.800382,92.621855
655.400,92.8054,300.0000,65.2500,65.1017,13926.57,0.800311,92.621855
655.500,92.8054,300.0000,65.0625,65.1015,13926.19,0.800245,92.621855
655.600,92.8054,300.0000,65.1250,65.1012,13925.83,0.800183,92.621855
655.700,92.8054,300.0000,65.1250,65.1009,13925.50,0.800126,92.621855
655.800,92.8054,300.0000,65.1250,65.1007,13925.18,0.800072,92.621855
655.900,92.8054,300.0000,65.0625,65.1004,13924.89,0.800022,92.621855
656.000,92.7157,300.0000,65.1250,65.1002,13923.72,0.799820,92.623942
656.100,92.7157,300.0000,65.0625,65.0999,13922.63,0.799632,92.623942
656.200,92.7157,300.0000,65.1250,65.0997,13921.61,0.799457,92.623942
656.300,92.7157,300.0000,65.0625,65.0995,13920.66,0.799293,92.623942
656.400,92.7157,300.0000,65.1250,65.0993,13919.78,0.799140,92.623942
656.500,92.7157,300.0000,65.1250,65.0991,13918.95,0.798998,92.623942
656.600,92.7157,300.0000,65.0000,65.0989,13918.18,0.798865,92.623942
656.700,92.7157,300.0000,65.2500,65.0987,13917.46,0.798741,92.623942
656.800,92.7157,300.0000,65.0625,65.0985,13916.78,0.798625,92.623942
656.900,92.7157,300.0000,65.1250,65.0983,13916.15,0.798516,92.623942
657.000,92.8117,300.0000,65.0625,65.0981,13916.53,0.798581,92.628117
657.100,92.8117,300.0000,65.1875,65.0980,13916.88,0.798641,92.628117
657.200,92.8117,300.0000,64.9375,65.0978,13917.20,0.798697,92.628117
657.300,92.8117,300.0000,65.1250,65.0976,13917.50,0.798749,92.628117
657.400,92.8117,300.0000,65.1875,65.0974,13917.79,0.798798,92.628117
657.500,92.8117,300.0000,65.1250,65.0972,13918.05,0.798843,92.628117
657.600,92.8117,300.0000,65.0625,65.0970,13918.30,0.798886,92.628117
657.700,92.8117,300.0000,65.1250,65.0968,13918.53,0.798925,92.628117
657.800,92.8117,300.0000,65.1250,65.0966,13918.74,0.798962,92.628117
657.900,92.8117,300.0000,65.0625,65.0964,13918.94,0.798997,92.628117
658.000,92.7220,300.0000,65.1875,65.0962,13918.23,0.798875,92.630204
658.100,92.7220,300.0000,65.0625,65.0960,13917.57,0.798761,92.630204
658.200,92.7220,300.0000,65.0625,65.0959,13916.95,0.798654,92.630204
658.300,92.7220,300.0000,65.1250,65.0957,13916.38,0.798555,92.630204
658.400,92.7220,300.0000,65.1250,65.0955,13915.84,0.798462,92.630204
658.500,92.7220,300.0000,65.0625,65.0954,13915.34,0.798376,92.630204
658.600,92.7220,300.0000,65.0625,65.0952,13914.87,0.798295,92.630204
658.700,92.7220,300.0000,65.0625,65.0950,13914.43,0.798219,92.630204
658.800,92.7220,300.0000,65.0625,65.0949,13914.02,0.798149,92.630204
658.900,92.7220,300.0000,65.0625,65.0947,13913.64,0.798084,92.630204
659.000,92.7241,300.0000,65.1250,65.0946,13913.30,0.798026,92.632291
659.100,92.7241,300.0000,65.0625,65.0944,13912.99,0.797972,92.632291
659.200,92.7241,300.0000,65.1875,65.0943,13912.70,0.797922,92.632291
659.300,92.7241,300.0000,65.1250,65.0942,13912.43,0.797875,92.632291
659.400,92.7241,300.0000,65.1250,65.0940,13912.17,0.797831,92.632291
659.500,92.7241,300.0000,65.1875,65.0939,13911.93,0.797790,92.632291
659.600,92.7241,300.0000,65.1250,65.0938,13911.71,0.797752,92.632291
659.700,92.7241,300.0000,65.0625,65.0936,13911.51,0.797717,92.632291
659.800,92.7241,300.0000,65.1250,65.0935,13911.31,0.797683,92.632291
659.900,92.7241,300.0000,65.2500,65.0934,13911.13,0.797652,92.632291
660.000,93.0078,300.0000,65.1875,65.0932,13913.80,0.798112,92.640640
660.100,93.0078,300.0000,65.0000,65.0931,13916.29,0.798540,92.640640
660.200,93.0078,300.0000,65.1250,65.0929,13918.62,0.798941,92.640640
660.300,93.0078,300.0000,65.1875,65.0927,13920.79,0.799314,92.640640
660.400,93.0078,300.0000,65.0625,65.0925,13922.81,0.799663,92.640640
660.500,93.0078,300.0000,65.0625,65.0922,13924.70,0.799989,92.640640
660.600,93.0078,300.0000,65.1250,65.0920,13926.47,0.800293,92.640640
660.700,93.0078,300.0000,65.1250,65.0917,13928.11,0.800577,92.640640
660.800,93.0078,300.0000,65.0625,65.0914,13929.65,0.800842,92.640640
660.900,93.0078,300.0000,65.1250,65.0911,13931.08,0.801089,92.640640
661.000,92.8284,300.0000,65.0625,65.0909,13930.63,0.801011,92.644815
661.100,92.8284,300.0000,65.1875,65.0906,13930.20,0.800938,92.644815
661.200,92.8284,300.0000,65.0625,65.0903,13929.81,0.800869,92.644815
661.300,92.8284,300.0000,65.1250,65.0900,13929.44,0.800805,92.644815
661.400,92.8284,300.0000,65.0625,65.0898,13929.09,0.800746,92.644815
661.500,92.8284,300.0000,65.0625,65.0895,13928.77,0.800690,92.644815
661.600,92.8284,300.0000,65.0000,65.0893,13928.47,0.800638,92.644815
661.700,92.8284,300.0000,65.0625,65.0890,13928.19,0.800590,92.644815
661.800,92.8284,300.0000,65.0625,65.0887,13927.93,0.800545,92.644815
661.900,92.8284,300.0000,65.0625,65.0885,13927.68,0.800503,92.644815
662.000,92.7387,300.0000,65.0625,65.0882,13926.56,0.800309,92.646902
662.100,92.7387,300.0000,65.1250,65.0880,13925.51,0.800128,92.646902
662.200,92.7387,300.0000,65.0625,65.0878,13924.53,0.799959,92.646902
662.300,92.7387,300.0000,65.1250,65.0876,13923.61,0.799801,92.646902
662.400,92.7387,300.0000,65.1250,65.0874,13922.76,0.799654,92.646902
662.500,92.7387,300.0000,65.0625,65.0872,13921.96,0.799516,92.646902
662.600,92.7387,300.0000,65.0625,65.0870,13921.22,0.799388,92.646902
662.700,92.7387,300.0000,65.1250,65.0868,13920.52,0.799269,92.646902
662.800,92.7387,300.0000,65.1250,65.0866,13919.87,0.799157,92.646902
662.900,92.7387,300.0000,65.1250,65.0864,13919.27,0.799053,92.646902
663.000,92.8346,300.0000,65.1250,65.0862,13919.66,0.799121,92.651077
663.100,92.8346,300.0000,65.1250,65.0861,13920.03,0.799185,92.651077
663.200,92.8346,300.0000,65.0625,65.0859,13920.38,0.799244,92.651077
663.300,92.8346,300.0000,65.0000,65.0857,13920.70,0.799299,92.651077
663.400,92.8346,300.0000,65.1875,65.0855,13921.00,0.799351,92.651077
663.500,92.8346,300.0000,65.1250,65.0853,13921.28,0.799399,92.651077
663.600,92.8346,300.0000,65.1250,65.0851,13921.54,0.799444,92.651077
663.700,92.8346,300.0000,65.0000,65.0849,13921.78,0.799486,92.651077
663.800,92.8346,300.0000,65.1250,65.0847,13922.01,0.799525,92.651077
663.900,92.8346,300.0000,65.1250,65.0845,13922.22,0.799562,92.651077
664.000,92.8388,300.0000,65.1250,65.0843,13922.46,0.799603,92.655252
664.100,92.8388,300.0000,65.1250,65.0841,13922.69,0.799642,92.655252
664.200,92.8388,300.0000,65.0000,65.0839,13922.90,0.799678,92.655252
664.300,92.8388,300.0000,65.1250,65.0837,13923.09,0.799711,92.655252
664.400,92.8388,300.0000,65.1875,65.0835,13923.27,0.799743,92.655252
664.500,92.8388,300.0000,65.1250,65.0833,13923.44,0.799772,92.655252
664.600,92.8388,300.0000,65.0625,65.0831,13923.60,0.799799,92.655252
664.700,92.8388,300.0000,65.0625,65.0829,13923.75,0.799825,92.655252
664.800,92.8388,300.0000,65.0000,65.0827,13923.89,0.799849,92.655252
664.900,92.8388,300.0000,65.1250,65.0825,13924.02,0.799871,92.655252
665.000,92.8430,300.0000,65.0000,65.0823,13924.18,0.799899,92.659426
665.100,92.8430,300.0000,65.0625,65.0820,13924.33,0.799925,92.659426
665.200,92.8430,300.0000,65.0625,65.0818,13924.47,0.799949,92.659426
665.300,92.8430,300.0000,65.0625,65.0816,13924.60,0.799972,92.659426
665.400,92.8430,300.0000,65.1250,65.0814,13924.73,0.799993,92.659426
665.500,92.8430,300.0000,65.1250,65.0812,13924.84,0.800013,92.659426
665.600,92.8430,300.0000,65.0625,65.0810,13924.95,0.800031,92.659426
665.700,92.8430,300.0000,65.0625,65.0808,13925.05,0.800049,92.659426
665.800,92.8430,300.0000,65.0000,65.0806,13925.14,0.800065,92.659426
665.900,92.8430,300.0000,65.0625,65.0803,13925.23,0.800080,92.659426
666.000,92.7533,300.0000,65.0625,65.0801,13924.41,0.799939,92.661513
666.100,92.7533,300.0000,65.0625,65.0799,13923.65,0.799808,92.661513
666.200,92.7533,300.0000,65.1250,65.0797,13922.94,0.799686,92.661513
666.300,92.7533,300.0000,65.1250,65.0796,13922.28,0.799571,92.661513
666.400,92.7533,300.0000,65.1250,65.0794,13921.66,0.799465,92.661513
666.500,92.7533,300.0000,65.1875,65.0792,13921.08,0.799365,92.661513
666.600,92.7533,300.0000,65.0625,65.0790,13920.54,0.799272,92.661513
666.700,92.7533,300.0000,65.0625,65.0789,13920.04,0.799186,92.661513
666.800,92.7533,300.0000,65.0625,65.0787,13919.57,0.799105,92.661513
666.900,92.7533,300.0000,65.0625,65.0785,13919.13,0.799029,92.661513
667.000,92.7554,300.0000,65.1875,65.0784,13918.74,0.798962,92.663601
667.100,92.7554,300.0000,65.1250,65.0782,13918.38,0.798900,92.663601
667.200,92.7554,300.0000,65.0625,65.0781,13918.04,0.798842,92.663601
667.300,92.7554,300.0000,65.0625,65.0779,13917.73,0.798787,92.663601
667.400,92.7554,300.0000,65.0000,65.0778,13917.43,0.798737,92.663601
667.500,92.7554,300.0000,65.0625,65.0777,13917.16,0.798689,92.663601
667.600,92.7554,300.0000,64.9375,65.0775,13916.90,0.798645,92.663601
667.700,92.7554,300.0000,65.0000,65.0774,13916.66,0.798604,92.663601
667.800,92.7554,300.0000,65.0625,65.0772,13916.44,0.798565,92.663601
667.900,92.7554,300.0000,65.0625,65.0771,13916.23,0.798529,92.663601
668.000,92.7575,300.0000,65.1250,65.0770,13916.05,0.798499,92.665688
668.100,92.7575,300.0000,65.1875,65.0769,13915.89,0.798472,92.665688
668.200,92.7575,300.0000,65.1250,65.0767,13915.74,0.798445,92.665688
668.300,92.7575,300.0000,65.0625,65.0766,13915.60,0.798421,92.665688
668.400,92.7575,300.0000,64.9375,65.0765,13915.47,0.798398,92.665688
668.500,92.7575,300.0000,65.0625,65.0764,13915.34,0.798377,92.665688
668.600,92.7575,300.0000,65.1875,65.0762,13915.23,0.798357,92.665688
668.700,92.7575,300.0000,65.1250,65.0761,13915.12,0.798339,92.665688
668.800,92.7575,300.0000,65.1250,65.0760,13915.02,0.798322,92.665688
668.900,92.7575,300.0000,65.0625,65.0759,13914.93,0.798306,92.665688
669.000,92.7596,300.0000,65.0625,65.0758,13914.86,0.798294,92.667775
669.100,92.7596,300.0000,65.0625,65.0756,13914.80,0.798284,92.667775
669.200,92.7596,300.0000,65.0625,65.0755,13914.74,0.798274,92.667775
669.300,92.7596,300.0000,65.0000,65.0754,13914.69,0.798264,92.667775
669.400,92.7596,300.0000,65.1250,65.0753,13914.64,0.798256,92.667775
669.500,92.7596,300.0000,65.0625,65.0752,13914.59,0.798248,92.667775
669.600,92.7596,300.0000,65.0000,65.0751,13914.55,0.798240,92.667775
669.700,92.7596,300.0000,65.0625,65.0750,13914.51,0.798233,92.667775
669.800,92.7596,300.0000,65.0625,65.0748,13914.47,0.798226,92.667775
669.900,92.7596,300.0000,65.1875,65.0747,13914.43,0.798220,92.667775
670.000,92.9494,300.0000,65.0000,65.0746,13916.30,0.798541,92.674037
670.100,92.9494,300.0000,64.9375,65.0745,13918.04,0.798841,92.674037
670.200,92.9494,300.0000,65.0000,65.0743,13919.66,0.799121,92.674037
670.300,92.9494,300.0000,65.0625,65.0741,13921.18,0.799382,92.674037
670.400,92.9494,300.0000,65.0625,65.0740,13922.59,0.799626,92.674037
670.500,92.9494,300.0000,65.1250,65.0738,13923.92,0.799853,92.674037
670.600,92.9494,300.0000,65.2500,65.0736,13925.15,0.800066,92.674037
670.700,92.9494,300.0000,65.0625,65.0734,13926.30,0.800264,92.674037
670.800,92.9494,300.0000,65.0625,65.0732,13927.37,0.800449,92.674037
670.900,92.9494,300.0000,65.1250,65.0729,13928.38,0.800622,92.674037
671.000,92.8618,300.0000,65.1250,65.0727,13928.43,0.800632,92.678212
671.100,92.8618,300.0000,65.1250,65.0725,13928.49,0.800642,92.678212
671.200,92.8618,300.0000,65.0625,65.0723,13928.54,0.800651,92.678212
671.300,92.8618,300.0000,65.0625,65.0720,13928.59,0.800659,92.678212
671.400,92.8618,300.0000,65.0625,65.0718,13928.64,0.800667,92.678212
671.500,92.8618,300.0000,65.0625,65.0716,13928.68,0.800674,92.678212
671.600,92.8618,300.0000,65.0625,65.0714,13928.72,0.800681,92.678212
671.700,92.8618,300.0000,65.0625,65.0711,13928.75,0.800687,92.678212
671.800,92.8618,300.0000,65.0625,65.0709,13928.79,0.800693,92.678212
671.900,92.8618,300.0000,65.0625,65.0707,13928.82,0.800699,92.678212
672.000,92.7721,300.0000,65.0625,65.0705,13927.95,0.800549,92.680299
672.100,92.7721,300.0000,65.1250,65.0703,13927.14,0.800410,92.680299
672.200,92.7721,300.0000,65.0625,65.0701,13926.39,0.800279,92.680299
672.300,92.7721,300.0000,65.0625,65.0699,13925.68,0.800158,92.680299
672.400,92.7721,300.0000,65.0000,65.0697,13925.02,0.800044,92.680299
672.500,92.7721,300.0000,65.0000,65.0695,13924.41,0.799939,92.680299
672.600,92.7721,300.0000,65.1250,65.0693,13923.84,0.799840,92.680299
672.700,92.7721,300.0000,64.9375,65.0692,13923.30,0.799748,92.680299
672.800,92.7721,300.0000,65.0625,65.0690,13922.80,0.799662,92.680299
672.900,92.7721,300.0000,65.0000,65.0688,13922.34,0.799581,92.680299
673.000,92.6803,300.0000,65.0625,65.0687,13920.98,0.799348,92.680299
673.100,92.6803,300.0000,65.0000,65.0685,13919.72,0.799131,92.680299
673.200,92.6803,300.0000,65.0625,65.0684,13918.54,0.798928,92.680299
673.300,92.6803,300.0000,65.1250,65.0683,13917.44,0.798738,92.680299
673.400,92.6803,300.0000,65.0625,65.0682,13916.42,0.798562,92.680299
673.500,92.6803,300.0000,65.0625,65.0681,13915.46,0.798397,92.680299
673.600,92.6803,300.0000,65.0000,65.0680,13914.56,0.798243,92.680299
673.700,92.6803,300.0000,65.1250,65.0679,13913.73,0.798099,92.680299
673.800,92.6803,300.0000,65.1250,65.0678,13912.95,0.797965,92.680299
673.900,92.6803,300.0000,65.1875,65.0677,13912.22,0.797840,92.680299
674.000,92.9619,300.0000,65.1250,65.0676,13914.36,0.798208,92.686561
674.100,92.9619,300.0000,65.1250,65.0675,13916.36,0.798551,92.686561
674.200,92.9619,300.0000,65.1250,65.0674,13918.22,0.798872,92.686561
674.300,92.9619,300.0000,65.1250,65.0672,13919.96,0.799171,92.686561
674.400,92.9619,300.0000,65.0000,65.0671,13921.58,0.799451,92.686561
674.500,92.9619,300.0000,65.1250,65.0669,13923.09,0.799711,92.686561
674.600,92.9619,300.0000,65.0625,65.0667,13924.50,0.799955,92.686561
674.700,92.9619,300.0000,65.1250,65.0666,13925.82,0.800182,92.686561
674.800,92.9619,300.0000,65.1875,65.0664,13927.05,0.800394,92.686561
674.900,92.9619,300.0000,65.0625,65.0662,13928.20,0.800592,92.686561
675.000,92.7804,300.0000,65.1875,65.0660,13927.46,0.800464,92.688648
675.100,92.7804,300.0000,65.1250,65.0658,13926.77,0.800345,92.688648
675.200,92.7804,300.0000,65.0625,65.0656,13926.12,0.800233,92.688648
675.300,92.7804,300.0000,65.0625,65.0654,13925.52,0.800129,92.688648
675.400,92.7804,300.0000,65.0625,65.0652,13924.95,0.800032,92.688648
675.500,92.7804,300.0000,65.1250,65.0650,13924.43,0.799942,92.688648
675.600,92.7804,300.0000,65.1875,65.0649,13923.94,0.799857,92.688648
675.700,92.7804,300.0000,65.0625,65.0647,13923.48,0.799778,92.688648
675.800,92.7804,300.0000,65.0000,65.0645,13923.05,0.799704,92.688648
675.900,92.7804,300.0000,65.0625,65.0644,13922.65,0.799636,92.688648
676.000,92.7825,300.0000,65.0625,65.0642,13922.30,0.799575,92.690736
676.100,92.7825,300.0000,65.1250,65.0641,13921.97,0.799518,92.690736
676.200,92.7825,300.0000,65.0625,65.0639,13921.67,0.799466,92.690736
676.300,92.7825,300.0000,65.1250,65.0638,13921.38,0.799416,92.690736
676.400,92.7825,300.0000,65.0625,65.0636,13921.11,0.799370,92.690736
676.500,92.7825,300.0000,65.0000,65.0635,13920.86,0.799328,92.690736
676.600,92.7825,300.0000,64.9375,65.0634,13920.63,0.799288,92.690736
676.700,92.7825,300.0000,65.0625,65.0632,13920.41,0.799250,92.690736
676.800,92.7825,300.0000,65.0000,65.0631,13920.21,0.799215,92.690736
676.900,92.7825,300.0000,65.0625,65.0630,13920.02,0.799183,92.690736
677.000,92.7846,300.0000,65.1250,65.0628,13919.87,0.799156,92.692823
677.100,92.7846,300.0000,65.0625,65.0627,13919.72,0.799131,92.692823
677.200,92.7846,300.0000,65.0000,65.0626,13919.59,0.799108,92.692823
677.300,92.7846,300.0000,65.1250,65.0625,13919.46,0.799086,92.692823
677.400,92.7846,300.0000,65.0625,65.0623,13919.34,0.799066,92.692823
677.500,92.7846,300.0000,65.1250,65.0622,13919.23,0.799047,92.692823
677.600,92.7846,300.0000,65.0000,65.0621,13919.13,0.799029,92.692823
677.700,92.7846,300.0000,65.0625,65.0620,13919.03,0.799012,92.692823
677.800,92.7846,300.0000,65.0625,65.0618,13918.94,0.798997,92.692823
677.900,92.7846,300.0000,65.0625,65.0617,13918.86,0.798983,92.692823
678.000,92.7867,300.0000,65.0625,65.0616,13918.80,0.798973,92.694910
678.100,92.7867,300.0000,65.0625,65.0615,13918.75,0.798964,92.694910
678.200,92.7867,300.0000,65.1875,65.0614,13918.70,0.798955,92.694910
678.300,92.7867,300.0000,65.0625,65.0613,13918.65,0.798947,92.694910
678.400,92.7867,300.0000,65.0625,65.0611,13918.61,0.798940,92.694910
678.500,92.7867,300.0000,65.1875,65.0610,13918.57,0.798933,92.694910
678.600,92.7867,300.0000,65.1250,65.0609,13918.53,0.798926,92.694910
678.700,92.7867,300.0000,65.0625,65.0608,13918.50,0.798920,92.694910
678.800,92.7867,300.0000,65.0625,65.0607,13918.46,0.798914,92.694910
678.900,92.7867,300.0000,65.0000,65.0606,13918.43,0.798909,92.694910
679.000,92.6949,300.0000,65.0625,65.0605,13917.49,0.798746,92.694910
679.100,92.6949,300.0000,65.1250,65.0604,13916.60,0.798594,92.694910
679.200,92.6949,300.0000,64.9375,65.0603,13915.78,0.798452,92.694910
679.300,92.6949,300.0000,65.0000,65.0602,13915.01,0.798320,92.694910
679.400,92.6949,300.0000,65.1250,65.0601,13914.29,0.798196,92.694910
679.500,92.6949,300.0000,65.0625,65.0600,13913.62,0.798081,92.694910
679.600,92.6949,300.0000,65.1250,65.0600,13913.00,0.797973,92.694910
679.700,92.6949,300.0000,65.1250,65.0599,13912.41,0.797872,92.694910
679.800,92.6949,300.0000,65.0625,65.0599,13911.87,0.797779,92.694910
679.900,92.6949,300.0000,65.0625,65.0598,13911.36,0.797691,92.694910
680.000,92.7888,300.0000,65.1250,65.0597,13911.82,0.797771,92.696998
680.100,92.7888,300.0000,65.0625,65.0597,13912.25,0.797846,92.696998
680.200,92.7888,300.0000,65.0625,65.0596,13912.66,0.797915,92.696998
680.300,92.7888,300.0000,65.1250,65.0596,13913.04,0.797980,92.696998
680.400,92.7888,300.0000,65.0625,65.0595,13913.39,0.798041,92.696998
680.500,92.7888,300.0000,65.0000,65.0594,13913.72,0.798097,92.696998
680.600,92.7888,300.0000,65.0000,65.0593,13914.02,0.798150,92.696998
680.700,92.7888,300.0000,65.1250,65.0593,13914.31,0.798199,92.696998
680.800,92.7888,300.0000,65.0000,65.0592,13914.58,0.798245,92.696998
680.900,92.7888,300.0000,65.1250,65.0591,13914.83,0.798288,92.696998
681.000,92.8847,300.0000,65.0625,65.0590,13916.02,0.798493,92.701172
681.100,92.8847,300.0000,65.0625,65.0589,13917.13,0.798685,92.701172
681.200,92.8847,300.0000,65.0000,65.0588,13918.17,0.798864,92.701172
681.300,92.8847,300.0000,65.1250,65.0587,13919.14,0.799031,92.701172
681.400,92.8847,300.0000,65.0625,65.0586,13920.04,0.799186,92.701172
681.500,92.8847,300.0000,65.0625,65.0584,13920.89,0.799332,92.701172
681.600,92.8847,300.0000,65.0625,65.0583,13921.68,0.799468,92.701172
681.700,92.8847,300.0000,65.1250,65.0582,13922.41,0.799594,92.701172
681.800,92.8847,300.0000,65.1250,65.0580,13923.10,0.799713,92.701172
681.900,92.8847,300.0000,65.0625,65.0579,13923.74,0.799823,92.701172
682.000,92.7950,300.0000,65.0000,65.0577,13923.44,0.799772,92.703259
682.100,92.7950,300.0000,65.0625,65.0576,13923.16,0.799723,92.703259
682.200,92.7950,300.0000,65.0000,65.0574,13922.90,0.799679,92.703259
682.300,92.7950,300.0000,65.0625,65.0573,13922.66,0.799637,92.703259
682.400,92.7950,300.0000,65.1250,65.0572,13922.43,0.799598,92.703259
682.500,92.7950,300.0000,65.0625,65.0570,13922.22,0.799561,92.703259
682.600,92.7950,300.0000,65.0625,65.0569,13922.02,0.799527,92.703259
682.700,92.7950,300.0000,65.0625,65.0568,13921.84,0.799495,92.703259
682.800,92.7950,300.0000,65.0625,65.0566,13921.67,0.799466,92.703259
682.900,92.7950,300.0000,65.1250,65.0565,13921.51,0.799438,92.703259
683.000,92.8910,300.0000,65.1250,65.0564,13922.31,0.799578,92.707434
683.100,92.8910,300.0000,65.0625,65.0562,13923.07,0.799708,92.707434
683.200,92.8910,300.0000,65.0625,65.0561,13923.78,0.799829,92.707434
683.300,92.8910,300.0000,65.0625,65.0559,13924.43,0.799943,92.707434
683.400,92.8910,300.0000,65.0000,65.0558,13925.05,0.800049,92.707434
683.500,92.8910,300.0000,65.0625,65.0556,13925.62,0.800147,92.707434
683.600,92.8910,300.0000,65.1250,65.0554,13926.16,0.800240,92.707434
683.700,92.8910,300.0000,65.0000,65.0553,13926.66,0.800326,92.707434
683.800,92.8910,300.0000,65.0000,65.0551,13927.12,0.800406,92.707434
683.900,92.8910,300.0000,65.0000,65.0549,13927.56,0.800481,92.707434
684.000,92.7074,300.0000,65.0625,65.0547,13926.13,0.800235,92.707434
684.100,92.7074,300.0000,65.0625,65.0546,13924.79,0.800005,92.707434
684.200,92.7074,300.0000,65.0625,65.0544,13923.55,0.799790,92.707434
684.300,92.7074,300.0000,65.0625,65.0543,13922.39,0.799590,92.707434
684.400,92.7074,300.0000,65.0625,65.0542,13921.30,0.799403,92.707434
684.500,92.7074,300.0000,65.0625,65.0541,13920.29,0.799229,92.707434
684.600,92.7074,300.0000,65.0000,65.0540,13919.34,0.799066,92.707434
684.700,92.7074,300.0000,65.0625,65.0539,13918.46,0.798914,92.707434
684.800,92.7074,300.0000,65.0625,65.0538,13917.64,0.798772,92.707434
684.900,92.7074,300.0000,65.0625,65.0537,13916.87,0.798640,92.707434
685.000,92.8013,300.0000,65.0625,65.0536,13917.09,0.798678,92.709521
685.100,92.8013,300.0000,65.1250,65.0535,13917.30,0.798714,92.709521
685.200,92.8013,300.0000,65.1250,65.0534,13917.49,0.798747,92.709521
685.300,92.8013,300.0000,65.1250,65.0533,13917.67,0.798778,92.709521
685.400,92.8013,300.0000,64.9375,65.0532,13917.84,0.798807,92.709521
685.500,92.8013,300.0000,65.1875,65.0532,13918.00,0.798834,92.709521
685.600,92.8013,300.0000,65.0625,65.0531,13918.14,0.798859,92.709521
685.700,92.8013,300.0000,65.1250,65.0530,13918.28,0.798883,92.709521
685.800,92.8013,300.0000,65.0625,65.0529,13918.41,0.798905,92.709521
685.900,92.8013,300.0000,65.0625,65.0528,13918.53,0.798925,92.709521
686.000,92.8034,300.0000,65.0625,65.0527,13918.66,0.798948,92.711609
686.100,92.8034,300.0000,65.0625,65.0526,13918.78,0.798969,92.711609
686.200,92.8034,300.0000,65.0625,65.0525,13918.90,0.798989,92.711609
686.300,92.8034,300.0000,65.1875,65.0524,13919.01,0.799008,92.711609
686.400,92.8034,300.0000,65.0625,65.0523,13919.11,0.799025,92.711609
686.500,92.8034,300.0000,65.0625,65.0522,13919.20,0.799041,92.711609
686.600,92.8034,300.0000,65.0625,65.0521,13919.29,0.799056,92.711609
686.700,92.8034,300.0000,65.0000,65.0520,13919.37,0.799070,92.711609
686.800,92.8034,300.0000,65.0625,65.0519,13919.44,0.799083,92.711609
686.900,92.8034,300.0000,65.0625,65.0518,13919.52,0.799095,92.711609
687.000,92.8055,300.0000,65.0625,65.0517,13919.60,0.799110,92.713696
687.100,92.8055,300.0000,65.0625,65.0516,13919.68,0.799124,92.713696
687.200,92.8055,300.0000,65.0625,65.0515,13919.76,0.799137,92.713696
687.300,92.8055,300.0000,65.1250,65.0514,13919.83,0.799150,92.713696
687.400,92.8055,300.0000,65.1250,65.0513,13919.90,0.799161,92.713696
687.500,92.8055,300.0000,65.0625,65.0511,13919.96,0.799172,92.713696
687.600,92.8055,300.0000,65.0625,65.0510,13920.02,0.799181,92.713696
687.700,92.8055,300.0000,65.0625,65.0509,13920.07,0.799191,92.713696
687.800,92.8055,300.0000,65.0625,65.0508,13920.12,0.799199,92.713696
687.900,92.8055,300.0000,65.1250,65.0507,13920.17,0.799207,92.713696
688.000,92.9014,300.0000,65.1250,65.0506,13921.17,0.799380,92.717871
688.100,92.9014,300.0000,65.0625,65.0505,13922.11,0.799542,92.717871
688.200,92.9014,300.0000,65.0625,65.0504,13922.98,0.799692,92.717871
688.300,92.9014,300.0000,65.0000,65.0502,13923.80,0.799833,92.717871
688.400,92.9014,300.0000,65.0625,65.0501,13924.56,0.799964,92.717871
688.500,92.9014,300.0000,65.0625,65.0499,13925.27,0.800086,92.717871
688.600,92.9014,300.0000,65.0000,65.0498,13925.93,0.800201,92.717871
688.700,92.9014,300.0000,65.0000,65.0496,13926.55,0.800307,92.717871
688.800,92.9014,300.0000,65.0000,65.0495,13927.13,0.800407,92.717871
688.900,92.9014,300.0000,65.0625,65.0493,13927.67,0.800500,92.717871
689.000,92.8117,300.0000,65.0625,65.0491,13927.27,0.800432,92.719958
689.100,92.8117,300.0000,65.0000,65.0490,13926.91,0.800369,92.719958
689.200,92.8117,300.0000,65.0625,65.0488,13926.56,0.800310,92.719958
689.300,92.8117,300.0000,65.1250,65.0487,13926.24,0.800254,92.719958
689.400,92.8117,300.0000,65.1250,65.0485,13925.94,0.800203,92.719958
689.500,92.8117,300.0000,65.0000,65.0484,13925.66,0.800155,92.719958
689.600,92.8117,300.0000,65.1250,65.0482,13925.40,0.800110,92.719958
689.700,92.8117,300.0000,65.0000,65.0481,13925.16,0.800068,92.719958
689.800,92.8117,300.0000,65.0000,65.0480,13924.93,0.800029,92.719958
689.900,92.8117,300.0000,65.0625,65.0478,13924.72,0.799993,92.719958
690.000,92.8138,300.0000,65.0625,65.0477,13924.55,0.799962,92.722045
690.100,92.8138,300.0000,65.0000,65.0476,13924.38,0.799934,92.722045
690.200,92.8138,300.0000,65.0625,65.0474,13924.23,0.799907,92.722045
690.300,92.8138,300.0000,65.1250,65.0473,13924.08,0.799882,92.722045
690.400,92.8138,300.0000,65.1250,65.0472,13923.95,0.799859,92.722045
690.500,92.8138,300.0000,65.0625,65.0470,13923.83,0.799838,92.722045
690.600,92.8138,300.0000,65.0625,65.0469,13923.71,0.799818,92.722045
690.700,92.8138,300.0000,65.0000,65.0468,13923.60,0.799799,92.722045
690.800,92.8138,300.0000,65.0625,65.0467,13923.50,0.799781,92.722045
690.900,92.8138,300.0000,65.0625,65.0465,13923.40,0.799765,92.722045
691.000,92.8159,300.0000,65.0000,65.0464,13923.34,0.799753,92.724132
691.100,92.8159,300.0000,65.0000,65.0463,13923.27,0.799742,92.724132
691.200,92.8159,300.0000,65.0625,65.0462,13923.21,0.799732,92.724132
691.300,92.8159,300.0000,65.0000,65.0460,13923.16,0.799723,92.724132
691.400,92.8159,300.0000,65.0000,65.0459,13923.11,0.799714,92.724132
691.500,92.8159,300.0000,65.1250,65.0458,13923.06,0.799706,92.724132
691.600,92.8159,300.0000,65.0000,65.0457,13923.01,0.799698,92.724132
691.700,92.8159,300.0000,65.0000,65.0456,13922.97,0.799691,92.724132
691.800,92.8159,300.0000,65.0625,65.0455,13922.93,0.799684,92.724132
691.900,92.8159,300.0000,65.0625,65.0453,13922.90,0.799678,92.724132
692.000,92.8180,300.0000,65.0625,65.0452,13922.88,0.799676,92.726220
692.100,92.8180,300.0000,65.1250,65.0451,13922.87,0.799673,92.726220
692.200,92.8180,300.0000,65.0625,65.0450,13922.86,0.799671,92.726220
692.300,92.8180,300.0000,65.0000,65.0449,13922.85,0.799670,92.726220
692.400,92.8180,300.0000,65.0625,65.0448,13922.84,0.799668,92.726220
692.500,92.8180,300.0000,65.0000,65.0446,13922.83,0.799666,92.726220
692.600,92.8180,300.0000,65.0625,65.0445,13922.82,0.799665,92.726220
692.700,92.8180,300.0000,65.1250,65.0444,13922.81,0.799663,92.726220
692.800,92.8180,300.0000,65.1250,65.0443,13922.81,0.799662,92.726220
692.900,92.8180,300.0000,65.0000,65.0442,13922.80,0.799661,92.726220
693.000,92.7262,300.0000,65.1250,65.0441,13921.87,0.799502,92.726220
693.100,92.7262,300.0000,65.0625,65.0440,13921.01,0.799353,92.726220
693.200,92.7262,300.0000,65.0625,65.0439,13920.21,0.799214,92.726220
693.300,92.7262,300.0000,65.0000,65.0438,13919.45,0.799085,92.726220
693.400,92.7262,300.0000,65.1250,65.0437,13918.75,0.798964,92.726220
693.500,92.7262,300.0000,65.0625,65.0437,13918.10,0.798851,92.726220
693.600,92.7262,300.0000,65.0625,65.0436,13917.49,0.798746,92.726220
693.700,92.7262,300.0000,65.0625,65.0435,13916.92,0.798648,92.726220
693.800,92.7262,300.0000,65.1250,65.0435,13916.39,0.798556,92.726220
693.900,92.7262,300.0000,65.0000,65.0434,13915.89,0.798471,92.726220
694.000,92.7262,300.0000,65.0625,65.0434,13915.42,0.798391,92.726220
694.100,92.7262,300.0000,65.0625,65.0433,13914.99,0.798316,92.726220
694.200,92.7262,300.0000,65.0625,65.0433,13914.59,0.798247,92.726220
694.300,92.7262,300.0000,65.1250,65.0432,13914.21,0.798182,92.726220
694.400,92.7262,300.0000,65.0625,65.0432,13913.86,0.798122,92.726220
694.500,92.7262,300.0000,64.9375,65.0432,13913.53,0.798065,92.726220
694.600,92.7262,300.0000,65.0000,65.0431,13913.22,0.798012,92.726220
694.700,92.7262,300.0000,64.9375,65.0431,13912.94,0.797963,92.726220
694.800,92.7262,300.0000,65.0625,65.0431,13912.67,0.797917,92.726220
694.900,92.7262,300.0000,65.0625,65.0431,13912.42,0.797874,92.726220
695.000,92.8201,300.0000,65.0000,65.0430,13913.13,0.797996,92.728307
695.100,92.8201,300.0000,65.1250,65.0430,13913.79,0.798109,92.728307
695.200,92.8201,300.0000,65.0625,65.0430,13914.40,0.798215,92.728307
695.300,92.8201,300.0000,65.0000,65.0429,13914.98,0.798314,92.728307
695.400,92.8201,300.0000,65.0000,65.0429,13915.51,0.798406,92.728307
695.500,92.8201,300.0000,65.0625,65.0428,13916.01,0.798492,92.728307
695.600,92.8201,300.0000,65.1250,65.0428,13916.48,0.798572,92.728307
695.700,92.8201,300.0000,65.0000,65.0427,13916.91,0.798647,92.728307
695.800,92.8201,300.0000,65.0000,65.0426,13917.32,0.798717,92.728307
695.900,92.8201,300.0000,65.1875,65.0426,13917.70,0.798783,92.728307
696.000,93.0099,300.0000,65.0000,65.0425,13919.95,0.799171,92.734569
696.100,93.0099,300.0000,65.0625,65.0424,13922.06,0.799533,92.734569
696.200,93.0099,300.0000,64.9375,65.0423,13924.02,0.799871,92.734569
696.300,93.0099,300.0000,65.0625,65.0421,13925.85,0.800187,92.734569
696.400,93.0099,300.0000,64.9375,65.0420,13927.56,0.800481,92.734569
696.500,93.0099,300.0000,65.1250,65.0418,13929.15,0.800756,92.734569
696.600,93.0099,300.0000,65.0000,65.0416,13930.64,0.801013,92.734569
696.700,93.0099,300.0000,65.0000,65.0415,13932.03,0.801253,92.734569
696.800,93.0099,300.0000,64.9375,65.0413,13933.33,0.801477,92.734569
696.900,93.0099,300.0000,65.0000,65.0411,13934.54,0.801686,92.734569
697.000,92.7346,300.0000,65.0625,65.0409,13932.92,0.801405,92.734569
697.100,92.7346,300.0000,65.1250,65.0407,13931.40,0.801144,92.734569
697.200,92.7346,300.0000,65.1250,65.0405,13929.99,0.800900,92.734569
697.300,92.7346,300.0000,65.0625,65.0404,13928.67,0.800672,92.734569
697.400,92.7346,300.0000,65.0625,65.0402,13927.43,0.800460,92.734569
697.500,92.7346,300.0000,65.0625,65.0401,13926.28,0.800262,92.734569
697.600,92.7346,300.0000,65.0000,65.0400,13925.21,0.800077,92.734569
697.700,92.7346,300.0000,65.0000,65.0399,13924.21,0.799904,92.734569
697.800,92.7346,300.0000,65.1875,65.0397,13923.27,0.799743,92.734569
697.900,92.7346,300.0000,65.0625,65.0397,13922.40,0.799592,92.734569
698.000,92.8284,300.0000,65.0625,65.0395,13922.53,0.799614,92.736656
698.100,92.8284,300.0000,65.0625,65.0394,13922.64,0.799634,92.736656
698.200,92.8284,300.0000,65.0625,65.0393,13922.75,0.799653,92.736656
698.300,92.8284,300.0000,65.0625,65.0392,13922.85,0.799670,92.736656
698.400,92.8284,300.0000,65.0625,65.0391,13922.95,0.799686,92.736656
698.500,92.8284,300.0000,65.0625,65.0390,13923.03,0.799701,92.736656
698.600,92.8284,300.0000,65.0625,65.0389,13923.12,0.799716,92.736656
698.700,92.8284,300.0000,65.0625,65.0388,13923.19,0.799729,92.736656
698.800,92.8284,300.0000,65.0625,65.0387,13923.26,0.799741,92.736656
698.900,92.8284,300.0000,65.0000,65.0386,13923.33,0.799753,92.736656
699.000,92.7367,300.0000,65.1875,65.0385,13922.48,0.799605,92.736656
699.100,92.7367,300.0000,65.1250,65.0384,13921.68,0.799468,92.736656
699.200,92.7367,300.0000,65.0625,65.0383,13920.93,0.799339,92.736656
699.300,92.7367,300.0000,65.1250,65.0383,13920.24,0.799219,92.736656
699.400,92.7367,300.0000,65.1250,65.0382,13919.59,0.799108,92.736656
699.500,92.7367,300.0000,65.0000,65.0381,13918.98,0.799003,92.736656
699.600,92.7367,300.0000,65.0625,65.0381,13918.42,0.798906,92.736656
699.700,92.7367,300.0000,65.0625,65.0380,13917.89,0.798815,92.736656
699.800,92.7367,300.0000,65.0625,65.0380,13917.40,0.798730,92.736656
699.900,92.7367,300.0000,65.0000,65.0379,13916.94,0.798651,92.736656
700.000,92.7367,300.0000,65.0625,65.0379,13916.51,0.798577,92.736656
700.100,92.7367,300.0000,65.0625,65.0378,13916.11,0.798508,92.736656
700.200,92.7367,300.0000,65.0000,65.0378,13915.73,0.798444,92.736656
700.300,92.7367,300.0000,65.0625,65.0377,13915.38,0.798384,92.736656
700.400,92.7367,300.0000,65.0625,65.0377,13915.06,0.798328,92.736656
700.500,92.7367,300.0000,65.0625,65.0377,13914.75,0.798275,92.736656
700.600,92.7367,300.0000,65.0000,65.0376,13914.47,0.798227,92.736656
700.700,92.7367,300.0000,65.1250,65.0376,13914.20,0.798181,92.736656
700.800,92.7367,300.0000,65.0000,65.0376,13913.96,0.798139,92.736656
700.900,92.7367,300.0000,65.0625,65.0376,13913.73,0.798099,92.736656
701.000,92.8305,300.0000,65.0625,65.0375,13914.45,0.798223,92.738744
701.100,92.8305,300.0000,65.0625,65.0375,13915.13,0.798340,92.738744
701.200,92.8305,300.0000,65.0000,65.0375,13915.76,0.798448,92.738744
701.300,92.8305,300.0000,65.1250,65.0374,13916.34,0.798549,92.738744
701.400,92.8305,300.0000,65.0625,65.0374,13916.89,0.798644,92.738744
701.500,92.8305,300.0000,65.1875,65.0373,13917.41,0.798732,92.738744
701.600,92.8305,300.0000,65.0625,65.0373,13917.88,0.798814,92.738744
701.700,92.8305,300.0000,65.0625,65.0372,13918.33,0.798891,92.738744
701.800,92.8305,300.0000,65.0000,65.0371,13918.75,0.798963,92.738744
701.900,92.8305,300.0000,65.0000,65.0371,13919.14,0.799030,92.738744
702.000,92.7387,300.0000,64.9375,65.0370,13918.58,0.798934,92.738744
702.100,92.7387,300.0000,65.1250,65.0369,13918.06,0.798845,92.738744
702.200,92.7387,300.0000,65.0625,65.0369,13917.58,0.798762,92.738744
702.300,92.7387,300.0000,65.1250,65.0368,13917.13,0.798684,92.738744
702.400,92.7387,300.0000,65.1250,65.0368,13916.71,0.798612,92.738744
702.500,92.7387,300.0000,65.0625,65.0368,13916.31,0.798544,92.738744
702.600,92.7387,300.0000,65.0000,65.0367,13915.95,0.798481,92.738744
702.700,92.7387,300.0000,65.1250,65.0367,13915.60,0.798422,92.738744
702.800,92.7387,300.0000,65.0000,65.0366,13915.29,0.798367,92.738744
702.900,92.7387,300.0000,65.0625,65.0366,13914.99,0.798316,92.738744
703.000,92.8326,300.0000,65.0000,65.0366,13915.65,0.798429,92.740831
703.100,92.8326,300.0000,65.0625,65.0365,13916.26,0.798535,92.740831
703.200,92.8326,300.0000,65.0000,65.0365,13916.84,0.798634,92.740831
703.300,92.8326,300.0000,65.0000,65.0364,13917.38,0.798727,92.740831
703.400,92.8326,300.0000,65.0625,65.0364,13917.88,0.798813,92.740831
703.500,92.8326,300.0000,65.0000,65.0363,13918.34,0.798894,92.740831
703.600,92.8326,300.0000,65.1250,65.0363,13918.78,0.798969,92.740831
703.700,92.8326,300.0000,65.0625,65.0362,13919.19,0.799039,92.740831
703.800,92.8326,300.0000,65.0000,65.0361,13919.57,0.799104,92.740831
703.900,92.8326,300.0000,64.8750,65.0361,13919.92,0.799166,92.740831
704.000,92.5531,300.0000,65.0625,65.0360,13917.46,0.798741,92.736656
704.100,92.5531,300.0000,65.0625,65.0360,13915.16,0.798345,92.736656
704.200,92.5531,300.0000,65.0000,65.0360,13913.01,0.797976,92.736656
704.300,92.5531,300.0000,64.9375,65.0360,13911.01,0.797631,92.736656
704.400,92.5531,300.0000,65.0625,65.0360,13909.14,0.797310,92.736656
704.500,92.5531,300.0000,65.0625,65.0360,13907.40,0.797010,92.736656
704.600,92.5531,300.0000,65.0625,65.0361,13905.77,0.796730,92.736656
704.700,92.5531,300.0000,65.0625,65.0361,13904.25,0.796468,92.736656
704.800,92.5531,300.0000,65.0000,65.0362,13902.83,0.796225,92.736656
704.900,92.5531,300.0000,65.0625,65.0363,13901.50,0.795997,92.736656
705.000,92.8305,300.0000,65.0000,65.0363,13903.04,0.796261,92.738744
705.100,92.8305,300.0000,65.0625,65.0364,13904.48,0.796508,92.738744
705.200,92.8305,300.0000,65.0625,65.0365,13905.82,0.796738,92.738744
705.300,92.8305,300.0000,65.0000,65.0365,13907.07,0.796953,92.738744
705.400,92.8305,300.0000,65.0000,65.0365,13908.24,0.797154,92.738744
705.500,92.8305,300.0000,65.0625,65.0365,13909.33,0.797342,92.738744
705.600,92.8305,300.0000,65.0000,65.0365,13910.34,0.797516,92.738744
705.700,92.8305,300.0000,65.0625,65.0365,13911.29,0.797680,92.738744
705.800,92.8305,300.0000,64.9375,65.0365,13912.18,0.797832,92.738744
705.900,92.8305,300.0000,65.0000,65.0365,13913.00,0.797974,92.738744
706.000,92.7387,300.0000,64.9375,65.0365,13912.86,0.797949,92.738744
706.100,92.7387,300.0000,65.0625,65.0365,13912.72,0.797926,92.738744
706.200,92.7387,300.0000,65.0625,65.0365,13912.59,0.797904,92.738744
706.300,92.7387,300.0000,65.0625,65.0365,13912.48,0.797883,92.738744
706.400,92.7387,300.0000,65.0625,65.0365,13912.36,0.797864,92.738744
706.500,92.7387,300.0000,65.0000,65.0364,13912.26,0.797847,92.738744
706.600,92.7387,300.0000,65.0625,65.0364,13912.16,0.797830,92.738744
706.700,92.7387,300.0000,65.0000,65.0364,13912.07,0.797814,92.738744
706.800,92.7387,300.0000,65.0000,65.0364,13911.99,0.797800,92.738744
706.900,92.7387,300.0000,65.0625,65.0364,13911.91,0.797786,92.738744
707.000,92.8326,300.0000,65.1250,65.0364,13912.78,0.797935,92.740831
707.100,92.8326,300.0000,65.0625,65.0364,13913.58,0.798074,92.740831
707.200,92.8326,300.0000,65.0625,65.0364,13914.34,0.798204,92.740831
707.300,92.8326,300.0000,65.0625,65.0363,13915.04,0.798325,92.740831
707.400,92.8326,300.0000,65.0625,65.0363,13915.70,0.798438,92.740831
707.500,92.8326,300.0000,65.0625,65.0363,13916.31,0.798544,92.740831
707.600,92.8326,300.0000,65.0000,65.0362,13916.88,0.798642,92.740831
707.700,92.8326,300.0000,65.0625,65.0362,13917.42,0.798734,92.740831
707.800,92.8326,300.0000,65.0625,65.0361,13917.92,0.798820,92.740831
707.900,92.8326,300.0000,65.0000,65.0360,13918.38,0.798900,92.740831
708.000,92.7408,300.0000,65.0000,65.0360,13917.90,0.798817,92.740831
708.100,92.7408,300.0000,65.1250,65.0359,13917.45,0.798739,92.740831
708.200,92.7408,300.0000,65.0000,65.0359,13917.02,0.798666,92.740831
708.300,92.7408,300.0000,65.0625,65.0359,13916.63,0.798599,92.740831
708.400,92.7408,300.0000,65.0000,65.0358,13916.26,0.798535,92.740831
708.500,92.7408,300.0000,65.0625,65.0358,13915.92,0.798476,92.740831
708.600,92.7408,300.0000,65.0625,65.0357,13915.60,0.798421,92.740831
708.700,92.7408,300.0000,65.0000,65.0357,13915.30,0.798370,92.740831
708.800,92.7408,300.0000,65.0000,65.0357,13915.02,0.798322,92.740831
708.900,92.7408,300.0000,65.0625,65.0357,13914.76,0.798277,92.740831
709.000,92.8347,300.0000,65.0625,65.0356,13915.46,0.798397,92.742918
709.100,92.8347,300.0000,65.0625,65.0356,13916.11,0.798509,92.742918
709.200,92.8347,300.0000,65.0000,65.0355,13916.72,0.798613,92.742918
709.300,92.8347,300.0000,65.0625,65.0355,13917.28,0.798711,92.742918
709.400,92.8347,300.0000,65.0000,65.0354,13917.81,0.798802,92.742918
709.500,92.8347,300.0000,65.0625,65.0354,13918.30,0.798887,92.742918
709.600,92.8347,300.0000,65.0000,65.0353,13918.76,0.798966,92.742918
709.700,92.8347,300.0000,65.0625,65.0353,13919.19,0.799040,92.742918
709.800,92.8347,300.0000,65.0625,65.0352,13919.59,0.799109,92.742918
709.900,92.8347,300.0000,65.0000,65.0351,13919.97,0.799173,92.742918
710.000,92.7429,300.0000,64.9375,65.0351,13919.40,0.799075,92.742918
710.100,92.7429,300.0000,65.0000,65.0350,13918.87,0.798984,92.742918
710.200,92.7429,300.0000,65.0000,65.0349,13918.37,0.798899,92.742918
710.300,92.7429,300.0000,65.0625,65.0349,13917.91,0.798819,92.742918
710.400,92.7429,300.0000,65.0000,65.0348,13917.48,0.798745,92.742918
710.500,92.7429,300.0000,65.0000,65.0348,13917.08,0.798675,92.742918
710.600,92.7429,300.0000,65.1250,65.0348,13916.70,0.798611,92.742918
710.700,92.7429,300.0000,65.0625,65.0347,13916.35,0.798550,92.742918
710.800,92.7429,300.0000,65.0000,65.0347,13916.02,0.798494,92.742918
710.900,92.7429,300.0000,64.9375,65.0347,13915.72,0.798441,92.742918
711.000,92.6490,300.0000,65.0000,65.0346,13914.49,0.798231,92.740831
711.100,92.6490,300.0000,65.0000,65.0346,13913.35,0.798034,92.740831
711.200,92.6490,300.0000,65.0000,65.0346,13912.28,0.797851,92.740831
711.300,92.6490,300.0000,65.0000,65.0346,13911.29,0.797679,92.740831
711.400,92.6490,300.0000,65.0000,65.0346,13910.36,0.797520,92.740831
711.500,92.6490,300.0000,65.0625,65.0346,13909.49,0.797370,92.740831
711.600,92.6490,300.0000,65.0000,65.0347,13908.68,0.797231,92.740831
711.700,92.6490,300.0000,65.0625,65.0347,13907.93,0.797101,92.740831
711.800,92.6490,300.0000,65.0000,65.0347,13907.22,0.796980,92.740831
711.900,92.6490,300.0000,65.0000,65.0348,13906.57,0.796867,92.740831
712.000,92.7408,300.0000,65.0625,65.0348,13906.87,0.796919,92.740831
712.100,92.7408,300.0000,65.0625,65.0349,13907.15,0.796968,92.740831
712.200,92.7408,300.0000,65.0000,65.0349,13907.42,0.797014,92.740831
712.300,92.7408,300.0000,65.0625,65.0349,13907.67,0.797056,92.740831
712.400,92.7408,300.0000,65.0625,65.0350,13907.90,0.797096,92.740831
712.500,92.7408,300.0000,65.0625,65.0350,13908.11,0.797133,92.740831
712.600,92.7408,300.0000,65.1250,65.0350,13908.31,0.797167,92.740831
712.700,92.7408,300.0000,65.0000,65.0350,13908.50,0.797200,92.740831
712.800,92.7408,300.0000,65.0625,65.0351,13908.67,0.797230,92.740831
712.900,92.7408,300.0000,65.0625,65.0351,13908.84,0.797258,92.740831
713.000,92.8347,300.0000,65.0000,65.0351,13909.93,0.797445,92.742918
713.100,92.8347,300.0000,65.0625,65.0351,13910.95,0.797621,92.742918
713.200,92.8347,300.0000,65.1250,65.0351,13911.90,0.797784,92.742918
713.300,92.8347,300.0000,64.9375,65.0351,13912.79,0.797937,92.742918
713.400,92.8347,300.0000,65.0625,65.0351,13913.61,0.798079,92.742918
713.500,92.8347,300.0000,65.0625,65.0351,13914.39,0.798212,92.742918
713.600,92.8347,300.0000,65.0000,65.0350,13915.11,0.798336,92.742918
713.700,92.8347,300.0000,65.0625,65.0350,13915.78,0.798452,92.742918
713.800,92.8347,300.0000,65.0000,65.0350,13916.41,0.798560,92.742918
713.900,92.8347,300.0000,65.0625,65.0349,13917.00,0.798661,92.742918
714.000,92.8368,300.0000,65.0625,65.0349,13917.56,0.798759,92.745005
714.100,92.8368,300.0000,65.0000,65.0348,13918.09,0.798850,92.745005
714.200,92.8368,300.0000,65.0625,65.0348,13918.59,0.798936,92.745005
714.300,92.8368,300.0000,65.1250,65.0347,13919.05,0.799015,92.745005
714.400,92.8368,300.0000,65.0625,65.0346,13919.48,0.799090,92.745005
714.500,92.8368,300.0000,65.0000,65.0346,13919.88,0.799159,92.745005
714.600,92.8368,300.0000,65.0000,65.0345,13920.26,0.799224,92.745005
714.700,92.8368,300.0000,65.0000,65.0344,13920.61,0.799284,92.745005
714.800,92.8368,300.0000,65.0625,65.0343,13920.94,0.799340,92.745005
714.900,92.8368,300.0000,65.0625,65.0343,13921.24,0.799393,92.745005
715.000,92.8389,300.0000,64.9375,65.0342,13921.55,0.799446,92.747093
715.100,92.8389,300.0000,65.1250,65.0341,13921.83,0.799495,92.747093
715.200,92.8389,300.0000,65.0625,65.0340,13922.10,0.799541,92.747093
715.300,92.8389,300.0000,65.0000,65.0339,13922.35,0.799584,92.747093
715.400,92.8389,300.0000,64.9375,65.0338,13922.58,0.799623,92.747093
715.500,92.8389,300.0000,65.0000,65.0338,13922.80,0.799661,92.747093
715.600,92.8389,300.0000,65.0625,65.0337,13923.00,0.799696,92.747093
715.700,92.8389,300.0000,65.0625,65.0336,13923.19,0.799728,92.747093
715.800,92.8389,300.0000,65.0000,65.0335,13923.37,0.799759,92.747093
715.900,92.8389,300.0000,65.0000,65.0334,13923.53,0.799787,92.747093
716.000,92.7471,300.0000,65.0000,65.0333,13922.77,0.799655,92.747093
716.100,92.7471,300.0000,65.0625,65.0332,13922.05,0.799532,92.747093
716.200,92.7471,300.0000,65.0000,65.0331,13921.39,0.799418,92.747093
716.300,92.7471,300.0000,64.9375,65.0331,13920.76,0.799310,92.747093
716.400,92.7471,300.0000,65.0000,65.0330,13920.18,0.799211,92.747093
716.500,92.7471,300.0000,65.0625,65.0329,13919.64,0.799117,92.747093
716.600,92.7471,300.0000,65.0000,65.0329,13919.14,0.799030,92.747093
716.700,92.7471,300.0000,65.0000,65.0328,13918.67,0.798949,92.747093
716.800,92.7471,300.0000,65.0625,65.0328,13918.23,0.798873,92.747093
716.900,92.7471,300.0000,65.0625,65.0327,13917.82,0.798803,92.747093
717.000,92.8410,300.0000,65.0000,65.0327,13918.37,0.798898,92.749180
717.100,92.8410,300.0000,65.0000,65.0326,13918.89,0.798987,92.749180
717.200,92.8410,300.0000,65.0000,65.0326,13919.37,0.799071,92.749180
717.300,92.8410,300.0000,65.0000,65.0325,13919.82,0.799148,92.749180
717.400,92.8410,300.0000,65.0000,65.0324,13920.25,0.799221,92.749180
717.500,92.8410,300.0000,65.0625,65.0324,13920.64,0.799289,92.749180
717.600,92.8410,300.0000,65.0000,65.0323,13921.01,0.799352,92.749180
717.700,92.8410,300.0000,65.0625,65.0322,13921.35,0.799411,92.749180
717.800,92.8410,300.0000,65.0625,65.0321,13921.67,0.799466,92.749180
717.900,92.8410,300.0000,65.0625,65.0321,13921.97,0.799517,92.749180
718.000,92.8431,300.0000,65.0000,65.0320,13922.27,0.799569,92.751267
718.100,92.8431,300.0000,65.1875,65.0319,13922.55,0.799617,92.751267
718.200,92.8431,300.0000,65.0625,65.0318,13922.81,0.799662,92.751267
718.300,92.8431,300.0000,65.0000,65.0317,13923.05,0.799704,92.751267
718.400,92.8431,300.0000,65.0625,65.0316,13923.28,0.799743,92.751267
718.500,92.8431,300.0000,65.0625,65.0316,13923.49,0.799780,92.751267
718.600,92.8431,300.0000,65.0625,65.0315,13923.69,0.799814,92.751267
718.700,92.8431,300.0000,65.0000,65.0314,13923.87,0.799846,92.751267
718.800,92.8431,300.0000,64.9375,65.0313,13924.04,0.799875,92.751267
718.900,92.8431,300.0000,64.9375,65.0312,13924.20,0.799903,92.751267
719.000,92.6574,300.0000,65.0000,65.0311,13922.50,0.799609,92.749180
719.100,92.6574,300.0000,65.0000,65.0310,13920.91,0.799335,92.749180
719.200,92.6574,300.0000,65.0000,65.0310,13919.42,0.799079,92.749180
719.300,92.6574,300.0000,65.1250,65.0309,13918.03,0.798840,92.749180
719.400,92.6574,300.0000,65.0000,65.0309,13916.74,0.798617,92.749180
719.500,92.6574,300.0000,65.1250,65.0309,13915.53,0.798409,92.749180
719.600,92.6574,300.0000,65.0625,65.0309,13914.40,0.798215,92.749180
719.700,92.6574,300.0000,65.0625,65.0309,13913.35,0.798034,92.749180
719.800,92.6574,300.0000,65.0625,65.0309,13912.37,0.797865,92.749180
719.900,92.6574,300.0000,65.0625,65.0309,13911.45,0.797707,92.749180
720.000,92.8431,300.0000,65.0625,65.0309,13912.45,0.797879,92.751267
720.100,92.8431,300.0000,65.0000,65.0309,13913.38,0.798040,92.751267
720.200,92.8431,300.0000,65.1250,65.0309,13914.25,0.798190,92.751267
720.300,92.8431,300.0000,65.0625,65.0308,13915.07,0.798330,92.751267
720.400,92.8431,300.0000,65.0625,65.0308,13915.83,0.798460,92.751267
720.500,92.8431,300.0000,65.0625,65.0308,13916.54,0.798582,92.751267
720.600,92.8431,300.0000,65.0625,65.0307,13917.20,0.798696,92.751267
720.700,92.8431,300.0000,65.0000,65.0307,13917.81,0.798802,92.751267
720.800,92.8431,300.0000,65.0000,65.0307,13918.39,0.798902,92.751267
720.900,92.8431,300.0000,65.0000,65.0306,13918.93,0.798994,92.751267
721.000,92.7513,300.0000,65.0000,65.0306,13918.51,0.798923,92.751267
721.100,92.7513,300.0000,65.0625,65.0305,13918.12,0.798856,92.751267
721.200,92.7513,300.0000,65.0000,65.0305,13917.76,0.798793,92.751267
721.300,92.7513,300.0000,65.0625,65.0304,13917.42,0.798735,92.751267
721.400,92.7513,300.0000,65.0000,65.0304,13917.11,0.798681,92.751267
721.500,92.7513,300.0000,65.0000,65.0304,13916.81,0.798630,92.751267
721.600,92.7513,300.0000,65.1250,65.0303,13916.54,0.798583,92.751267
721.700,92.7513,300.0000,65.0000,65.0303,13916.28,0.798539,92.751267
721.800,92.7513,300.0000,65.0625,65.0303,13916.04,0.798497,92.751267
721.900,92.7513,300.0000,65.0000,65.0303,13915.82,0.798459,92.751267
722.000,92.7513,300.0000,65.0000,65.0302,13915.61,0.798423,92.751267
722.100,92.7513,300.0000,65.0000,65.0302,13915.42,0.798390,92.751267
722.200,92.7513,300.0000,65.1875,65.0302,13915.23,0.798358,92.751267
722.300,92.7513,300.0000,65.0625,65.0302,13915.06,0.798329,92.751267
722.400,92.7513,300.0000,65.0000,65.0302,13914.91,0.798302,92.751267
722.500,92.7513,300.0000,64.8750,65.0301,13914.76,0.798276,92.751267
722.600,92.7513,300.0000,65.1250,65.0301,13914.62,0.798253,92.751267
722.700,92.7513,300.0000,65.0625,65.0301,13914.49,0.798230,92.751267
722.800,92.7513,300.0000,65.0000,65.0301,13914.37,0.798210,92.751267
722.900,92.7513,300.0000,64.9375,65.0301,13914.26,0.798190,92.751267
723.000,92.6574,300.0000,65.0625,65.0301,13913.22,0.798011,92.749180
723.100,92.6574,300.0000,65.0000,65.0301,13912.24,0.797843,92.749180
723.200,92.6574,300.0000,65.0000,65.0301,13911.33,0.797687,92.749180
723.300,92.6574,300.0000,65.0625,65.0301,13910.49,0.797541,92.749180
723.400,92.6574,300.0000,65.0000,65.0302,13909.69,0.797405,92.749180
723.500,92.6574,300.0000,65.0625,65.0302,13908.95,0.797278,92.749180
723.600,92.6574,300.0000,65.0625,65.0302,13908.27,0.797159,92.749180
723.700,92.6574,300.0000,64.9375,65.0303,13907.62,0.797049,92.749180
723.800,92.6574,300.0000,65.0000,65.0303,13907.02,0.796945,92.749180
723.900,92.6574,300.0000,65.1250,65.0304,13906.46,0.796849,92.749180
724.000,92.9369,300.0000,65.0625,65.0304,13908.73,0.797240,92.753355
724.100,92.9369,300.0000,65.1250,65.0304,13910.85,0.797604,92.753355
724.200,92.9369,300.0000,65.0000,65.0304,13912.83,0.797945,92.753355
724.300,92.9369,300.0000,65.0625,65.0304,13914.68,0.798263,92.753355
724.400,92.9369,300.0000,64.9375,65.0304,13916.40,0.798559,92.753355
724.500,92.9369,300.0000,65.0000,65.0303,13918.01,0.798836,92.753355
724.600,92.9369,300.0000,65.0000,65.0303,13919.51,0.799095,92.753355
724.700,92.9369,300.0000,65.0000,65.0302,13920.91,0.799336,92.753355
724.800,92.9369,300.0000,64.9375,65.0302,13922.22,0.799562,92.753355
724.900,92.9369,300.0000,64.9375,65.0301,13923.44,0.799772,92.753355
725.000,92.6595,300.0000,65.0000,65.0300,13921.81,0.799490,92.751267
725.100,92.6595,300.0000,65.0625,65.0299,13920.28,0.799228,92.751267
725.200,92.6595,300.0000,65.0000,65.0299,13918.86,0.798982,92.751267
725.300,92.6595,300.0000,64.9375,65.0298,13917.53,0.798753,92.751267
725.400,92.6595,300.0000,65.0625,65.0298,13916.29,0.798540,92.751267
725.500,92.6595,300.0000,65.0000,65.0298,13915.13,0.798341,92.751267
725.600,92.6595,300.0000,64.9375,65.0298,13914.05,0.798155,92.751267
725.700,92.6595,300.0000,64.9375,65.0298,13913.04,0.797981,92.751267
725.800,92.6595,300.0000,65.0625,65.0298,13912.10,0.797819,92.751267
725.900,92.6595,300.0000,64.9375,65.0298,13911.22,0.797668,92.751267
726.000,92.6574,300.0000,65.0000,65.0298,13910.38,0.797523,92.749180
726.100,92.6574,300.0000,65.0000,65.0299,13909.60,0.797388,92.749180
726.200,92.6574,300.0000,65.0625,65.0299,13908.86,0.797262,92.749180
726.300,92.6574,300.0000,65.0000,65.0299,13908.18,0.797145,92.749180
726.400,92.6574,300.0000,65.0000,65.0300,13907.54,0.797035,92.749180
726.500,92.6574,300.0000,65.0000,65.0300,13906.95,0.796933,92.749180
726.600,92.6574,300.0000,65.0625,65.0301,13906.39,0.796837,92.749180
726.700,92.6574,300.0000,65.0625,65.0302,13905.87,0.796748,92.749180
726.800,92.6574,300.0000,65.0000,65.0302,13905.39,0.796665,92.749180
726.900,92.6574,300.0000,65.0625,65.0303,13904.94,0.796587,92.749180
727.000,92.8431,300.0000,65.0625,65.0303,13906.37,0.796834,92.751267
727.100,92.8431,300.0000,65.0000,65.0304,13907.71,0.797064,92.751267
727.200,92.8431,300.0000,65.0625,65.0304,13908.96,0.797279,92.751267
727.300,92.8431,300.0000,65.0625,65.0304,13910.13,0.797479,92.751267
727.400,92.8431,300.0000,65.0625,65.0304,13911.22,0.797667,92.751267
727.500,92.8431,300.0000,65.0625,65.0305,13912.23,0.797841,92.751267
727.600,92.8431,300.0000,65.0000,65.0305,13913.18,0.798005,92.751267
727.700,92.8431,300.0000,64.9375,65.0304,13914.07,0.798157,92.751267
727.800,92.8431,300.0000,64.9375,65.0304,13914.89,0.798299,92.751267
727.900,92.8431,300.0000,65.0000,65.0304,13915.66,0.798432,92.751267
728.000,92.7513,300.0000,65.1250,65.0304,13915.46,0.798398,92.751267
728.100,92.7513,300.0000,65.0000,65.0304,13915.28,0.798366,92.751267
728.200,92.7513,300.0000,65.0000,65.0303,13915.11,0.798336,92.751267
728.300,92.7513,300.0000,65.0000,65.0303,13914.95,0.798309,92.751267
728.400,92.7513,300.0000,64.8750,65.0303,13914.80,0.798283,92.751267
728.500,92.7513,300.0000,65.0000,65.0303,13914.65,0.798258,92.751267
728.600,92.7513,300.0000,65.0000,65.0303,13914.52,0.798236,92.751267
728.700,92.7513,300.0000,65.0625,65.0303,13914.40,0.798215,92.751267
728.800,92.7513,300.0000,65.0000,65.0303,13914.29,0.798195,92.751267
728.900,92.7513,300.0000,65.0625,65.0302,13914.18,0.798177,92.751267
729.000,92.8451,300.0000,65.0000,65.0302,13915.02,0.798321,92.753355
729.100,92.8451,300.0000,65.0625,65.0302,13915.80,0.798456,92.753355
729.200,92.8451,300.0000,65.0000,65.0302,13916.53,0.798582,92.753355
729.300,92.8451,300.0000,65.0625,65.0301,13917.22,0.798700,92.753355
729.400,92.8451,300.0000,65.0000,65.0301,13917.85,0.798809,92.753355
729.500,92.8451,300.0000,65.0625,65.0301,13918.45,0.798912,92.753355
729.600,92.8451,300.0000,65.0000,65.0300,13919.00,0.799007,92.753355
729.700,92.8451,300.0000,65.0000,65.0300,13919.52,0.799096,92.753355
729.800,92.8451,300.0000,65.1250,65.0299,13920.00,0.799180,92.753355
729.900,92.8451,300.0000,65.1250,65.0298,13920.46,0.799257,92.753355
730.000,92.9411,300.0000,65.0000,65.0298,13921.84,0.799495,92.757529
730.100,92.9411,300.0000,65.1250,65.0297,13923.12,0.799717,92.757529
730.200,92.9411,300.0000,65.0000,65.0296,13924.33,0.799924,92.757529
730.300,92.9411,300.0000,65.0000,65.0295,13925.45,0.800118,92.757529
730.400,92.9411,300.0000,65.0625,65.0294,13926.50,0.800298,92.757529
730.500,92.9411,300.0000,65.0000,65.0293,13927.48,0.800467,92.757529
730.600,92.9411,300.0000,64.9375,65.0291,13928.39,0.800624,92.757529
730.700,92.9411,300.0000,64.9375,65.0290,13929.24,0.800771,92.757529
730.800,92.9411,300.0000,64.9375,65.0289,13930.03,0.800908,92.757529
730.900,92.9411,300.0000,65.1250,65.0287,13930.78,0.801036,92.757529
731.000,92.9453,300.0000,65.0625,65.0286,13931.51,0.801163,92.761704
731.100,92.9453,300.0000,65.0000,65.0284,13932.20,0.801281,92.761704
731.200,92.9453,300.0000,65.0000,65.0282,13932.84,0.801392,92.761704
731.300,92.9453,300.0000,65.1250,65.0281,13933.43,0.801495,92.761704
731.400,92.9453,300.0000,65.0000,65.0279,13933.99,0.801591,92.761704
731.500,92.9453,300.0000,65.0000,65.0277,13934.51,0.801680,92.761704
731.600,92.9453,300.0000,65.0000,65.0276,13935.00,0.801764,92.761704
731.700,92.9453,300.0000,65.0625,65.0274,13935.45,0.801842,92.761704
731.800,92.9453,300.0000,65.0000,65.0272,13935.87,0.801915,92.761704
731.900,92.9453,300.0000,65.0000,65.0270,13936.27,0.801984,92.761704
732.000,92.7617,300.0000,65.0625,65.0268,13934.80,0.801730,92.761704
732.100,92.7617,300.0000,65.0000,65.0267,13933.43,0.801494,92.761704
732.200,92.7617,300.0000,64.9375,65.0265,13932.15,0.801273,92.761704
732.300,92.7617,300.0000,65.0625,65.0264,13930.96,0.801068,92.761704
732.400,92.7617,300.0000,65.0625,65.0262,13929.84,0.800875,92.761704
732.500,92.7617,300.0000,65.0625,65.0261,13928.80,0.800696,92.761704
732.600,92.7617,300.0000,65.0000,65.0260,13927.83,0.800529,92.761704
732.700,92.7617,300.0000,65.0625,65.0259,13926.93,0.800373,92.761704
732.800,92.7617,300.0000,65.0625,65.0258,13926.08,0.800227,92.761704
732.900,92.7617,300.0000,65.1250,65.0257,13925.30,0.800091,92.761704
733.000,92.9494,300.0000,65.0625,65.0256,13926.44,0.800288,92.765878
733.100,92.9494,300.0000,65.0000,65.0255,13927.50,0.800472,92.765878
733.200,92.9494,300.0000,65.0625,65.0254,13928.50,0.800643,92.765878
733.300,92.9494,300.0000,65.1250,65.0252,13929.42,0.800803,92.765878
733.400,92.9494,300.0000,65.1250,65.0251,13930.29,0.800953,92.765878
733.500,92.9494,300.0000,65.0000,65.0250,13931.10,0.801092,92.765878
733.600,92.9494,300.0000,65.0000,65.0248,13931.85,0.801222,92.765878
733.700,92.9494,300.0000,64.9375,65.0247,13932.56,0.801344,92.765878
733.800,92.9494,300.0000,65.0000,65.0245,13933.22,0.801457,92.765878
733.900,92.9494,300.0000,64.9375,65.0244,13933.83,0.801563,92.765878
734.000,92.6720,300.0000,65.1250,65.0242,13931.63,0.801183,92.763791
734.100,92.6720,300.0000,65.0625,65.0241,13929.57,0.800829,92.763791
734.200,92.6720,300.0000,65.0625,65.0240,13927.65,0.800498,92.763791
734.300,92.6720,300.0000,65.0000,65.0239,13925.86,0.800189,92.763791
734.400,92.6720,300.0000,65.0000,65.0238,13924.19,0.799901,92.763791
734.500,92.6720,300.0000,65.0625,65.0237,13922.63,0.799632,92.763791
734.600,92.6720,300.0000,65.1250,65.0237,13921.18,0.799382,92.763791
734.700,92.6720,300.0000,65.0625,65.0237,13919.82,0.799148,92.763791
734.800,92.6720,300.0000,65.0000,65.0236,13918.55,0.798929,92.763791
734.900,92.6720,300.0000,65.0625,65.0236,13917.37,0.798726,92.763791
735.000,92.8577,300.0000,65.0000,65.0236,13918.12,0.798855,92.765878
735.100,92.8577,300.0000,65.0625,65.0235,13918.82,0.798976,92.765878
735.200,92.8577,300.0000,65.0000,65.0235,13919.48,0.799089,92.765878
735.300,92.8577,300.0000,65.0000,65.0235,13920.09,0.799194,92.765878
735.400,92.8577,300.0000,65.0000,65.0234,13920.66,0.799292,92.765878
735.500,92.8577,300.0000,65.0000,65.0233,13921.19,0.799384,92.765878
735.600,92.8577,300.0000,65.0625,65.0233,13921.69,0.799470,92.765878
735.700,92.8577,300.0000,65.0000,65.0232,13922.15,0.799550,92.765878
735.800,92.8577,300.0000,65.0625,65.0232,13922.59,0.799624,92.765878
735.900,92.8577,300.0000,65.0000,65.0231,13922.99,0.799694,92.765878
736.000,92.7659,300.0000,65.0000,65.0230,13922.45,0.799601,92.765878
736.100,92.7659,300.0000,65.0000,65.0230,13921.95,0.799514,92.765878
736.200,92.7659,300.0000,65.0000,65.0229,13921.47,0.799433,92.765878
736.300,92.7659,300.0000,65.0625,65.0229,13921.03,0.799357,92.765878
736.400,92.7659,300.0000,65.1250,65.0228,13920.62,0.799286,92.765878
736.500,92.7659,300.0000,65.0000,65.0228,13920.24,0.799220,92.765878
736.600,92.7659,300.0000,65.0625,65.0227,13919.88,0.799159,92.765878
736.700,92.7659,300.0000,65.0625,65.0227,13919.55,0.799101,92.765878
736.800,92.7659,300.0000,65.0000,65.0227,13919.24,0.799048,92.765878
736.900,92.7659,300.0000,65.0000,65.0226,13918.95,0.798998,92.765878
737.000,92.7659,300.0000,65.0000,65.0226,13918.68,0.798951,92.765878
737.100,92.7659,300.0000,65.0625,65.0226,13918.42,0.798908,92.765878
737.200,92.7659,300.0000,64.9375,65.0225,13918.19,0.798867,92.765878
737.300,92.7659,300.0000,65.1250,65.0225,13917.97,0.798829,92.765878
737.400,92.7659,300.0000,65.0000,65.0225,13917.76,0.798793,92.765878
737.500,92.7659,300.0000,65.0625,65.0225,13917.57,0.798760,92.765878
737.600,92.7659,300.0000,64.9375,65.0225,13917.39,0.798730,92.765878
737.700,92.7659,300.0000,65.0000,65.0224,13917.22,0.798701,92.765878
737.800,92.7659,300.0000,65.1250,65.0224,13917.07,0.798674,92.765878
737.900,92.7659,300.0000,65.0625,65.0224,13916.92,0.798649,92.765878
738.000,92.8597,300.0000,65.0000,65.0224,13917.72,0.798787,92.767966
738.100,92.8597,300.0000,65.0000,65.0224,13918.47,0.798916,92.767966
738.200,92.8597,300.0000,65.0000,65.0223,13919.17,0.799036,92.767966
738.300,92.8597,300.0000,65.0625,65.0223,13919.83,0.799149,92.767966
738.400,92.8597,300.0000,65.1250,65.0222,13920.43,0.799254,92.767966
738.500,92.8597,300.0000,65.0625,65.0222,13921.00,0.799352,92.767966
738.600,92.8597,300.0000,65.0625,65.0221,13921.53,0.799443,92.767966
738.700,92.8597,300.0000,65.0000,65.0221,13922.03,0.799528,92.767966
738.800,92.8597,300.0000,65.0625,65.0220,13922.49,0.799608,92.767966
738.900,92.8597,300.0000,65.0625,65.0220,13922.92,0.799682,92.767966
739.000,92.8618,300.0000,65.0625,65.0219,13923.35,0.799755,92.770053
739.100,92.8618,300.0000,65.0000,65.0218,13923.74,0.799823,92.770053
739.200,92.8618,300.0000,64.9375,65.0217,13924.11,0.799887,92.770053
739.300,92.8618,300.0000,64.9375,65.0217,13924.45,0.799946,92.770053
739.400,92.8618,300.0000,65.0000,65.0216,13924.78,0.800002,92.770053
739.500,92.8618,300.0000,65.0000,65.0215,13925.08,0.800053,92.770053
739.600,92.8618,300.0000,65.0625,65.0214,13925.36,0.800102,92.770053
739.700,92.8618,300.0000,64.9375,65.0213,13925.62,0.800147,92.770053
739.800,92.8618,300.0000,64.9375,65.0212,13925.86,0.800189,92.770053
739.900,92.8618,300.0000,65.0000,65.0212,13926.09,0.800228,92.770053
740.000,92.7701,300.0000,65.0625,65.0211,13925.38,0.800106,92.770053
740.100,92.7701,300.0000,65.1250,65.0210,13924.73,0.799993,92.770053
740.200,92.7701,300.0000,65.0000,65.0209,13924.11,0.799887,92.770053
740.300,92.7701,300.0000,64.9375,65.0209,13923.54,0.799788,92.770053
740.400,92.7701,300.0000,65.0000,65.0208,13923.00,0.799696,92.770053
740.500,92.7701,300.0000,65.0625,65.0207,13922.50,0.799610,92.770053
740.600,92.7701,300.0000,65.0000,65.0207,13922.04,0.799529,92.770053
740.700,92.7701,300.0000,65.0000,65.0206,13921.60,0.799454,92.770053
740.800,92.7701,300.0000,65.0000,65.0206,13921.19,0.799385,92.770053
740.900,92.7701,300.0000,65.0000,65.0205,13920.82,0.799319,92.770053
741.000,92.7701,300.0000,65.0000,65.0205,13920.46,0.799258,92.770053
741.100,92.7701,300.0000,65.0000,65.0205,13920.13,0.799201,92.770053
741.200,92.7701,300.0000,65.0625,65.0204,13919.82,0.799148,92.770053
741.300,92.7701,300.0000,64.9375,65.0204,13919.54,0.799099,92.770053
741.400,92.7701,300.0000,65.0000,65.0204,13919.27,0.799053,92.770053
741.500,92.7701,300.0000,65.0625,65.0203,13919.02,0.799009,92.770053
741.600,92.7701,300.0000,65.0625,65.0203,13918.78,0.798969,92.770053
741.700,92.7701,300.0000,64.9375,65.0203,13918.56,0.798931,92.770053
741.800,92.7701,300.0000,65.0000,65.0203,13918.36,0.798896,92.770053
741.900,92.7701,300.0000,65.0000,65.0202,13918.17,0.798864,92.770053
742.000,92.7701,300.0000,65.0000,65.0202,13917.99,0.798833,92.770053
742.100,92.7701,300.0000,65.0000,65.0202,13917.83,0.798805,92.770053
742.200,92.7701,300.0000,65.0625,65.0202,13917.67,0.798778,92.770053
742.300,92.7701,300.0000,65.0000,65.0202,13917.53,0.798753,92.770053
742.400,92.7701,300.0000,65.1250,65.0202,13917.39,0.798730,92.770053
742.500,92.7701,300.0000,65.0625,65.0201,13917.27,0.798708,92.770053
742.600,92.7701,300.0000,65.0625,65.0201,13917.15,0.798688,92.770053
742.700,92.7701,300.0000,65.0000,65.0201,13917.04,0.798669,92.770053
742.800,92.7701,300.0000,65.0625,65.0201,13916.94,0.798652,92.770053
742.900,92.7701,300.0000,65.1250,65.0201,13916.84,0.798635,92.770053
743.000,92.9578,300.0000,65.0625,65.0201,13918.63,0.798943,92.774228
743.100,92.9578,300.0000,65.0000,65.0200,13920.30,0.799231,92.774228
743.200,92.9578,300.0000,65.0000,65.0200,13921.86,0.799499,92.774228
743.300,92.9578,300.0000,65.0625,65.0199,13923.31,0.799749,92.774228
743.400,92.9578,300.0000,65.0625,65.0198,13924.67,0.799983,92.774228
743.500,92.9578,300.0000,65.0000,65.0198,13925.94,0.800202,92.774228
743.600,92.9578,300.0000,65.0625,65.0197,13927.12,0.800405,92.774228
743.700,92.9578,300.0000,65.0000,65.0196,13928.22,0.800596,92.774228
743.800,92.9578,300.0000,64.9375,65.0194,13929.25,0.800773,92.774228
743.900,92.9578,300.0000,65.0625,65.0193,13930.21,0.800939,92.774228
744.000,92.8681,300.0000,65.0625,65.0192,13930.21,0.800939,92.776315
744.100,92.8681,300.0000,65.0625,65.0191,13930.21,0.800939,92.776315
744.200,92.8681,300.0000,65.0000,65.0190,13930.21,0.800939,92.776315
744.300,92.8681,300.0000,65.0625,65.0189,13930.21,0.800939,92.776315
744.400,92.8681,300.0000,65.0000,65.0187,13930.21,0.800939,92.776315
744.500,92.8681,300.0000,65.0000,65.0186,13930.21,0.800939,92.776315
744.600,92.8681,300.0000,65.0625,65.0185,13930.21,0.800939,92.776315
744.700,92.8681,300.0000,65.0000,65.0184,13930.21,0.800939,92.776315
744.800,92.8681,300.0000,65.0000,65.0183,13930.21,0.800939,92.776315
744.900,92.8681,300.0000,65.0625,65.0181,13930.21,0.800939,92.776315
745.000,92.8702,300.0000,65.0000,65.0180,13930.23,0.800943,92.778402
745.100,92.8702,300.0000,65.0625,65.0179,13930.25,0.800946,92.778402
745.200,92.8702,300.0000,65.0000,65.0178,13930.27,0.800949,92.778402
745.300,92.8702,300.0000,65.0625,65.0177,13930.29,0.800952,92.778402
745.400,92.8702,300.0000,65.0625,65.0176,13930.31,0.800955,92.778402
745.500,92.8702,300.0000,64.9375,65.0175,13930.32,0.800958,92.778402
745.600,92.8702,300.0000,65.0000,65.0173,13930.33,0.800960,92.778402
745.700,92.8702,300.0000,65.0000,65.0172,13930.35,0.800962,92.778402
745.800,92.8702,300.0000,64.9375,65.0171,13930.36,0.800964,92.778402
745.900,92.8702,300.0000,64.9375,65.0170,13930.37,0.800966,92.778402
746.000,92.6845,300.0000,65.0000,65.0169,13928.52,0.800648,92.776315
746.100,92.6845,300.0000,65.0625,65.0168,13926.80,0.800351,92.776315
746.200,92.6845,300.0000,65.0625,65.0167,13925.19,0.800074,92.776315
746.300,92.6845,300.0000,65.1250,65.0167,13923.69,0.799815,92.776315
746.400,92.6845,300.0000,65.0000,65.0166,13922.29,0.799573,92.776315
746.500,92.6845,300.0000,64.9375,65.0166,13920.98,0.799348,92.776315
746.600,92.6845,300.0000,65.0000,65.0166,13919.76,0.799138,92.776315
746.700,92.6845,300.0000,65.1250,65.0165,13918.62,0.798942,92.776315
746.800,92.6845,300.0000,65.0000,65.0165,13917.56,0.798759,92.776315
746.900,92.6845,300.0000,65.0625,65.0165,13916.57,0.798588,92.776315
747.000,92.8702,300.0000,65.1250,65.0165,13917.50,0.798748,92.778402
747.100,92.8702,300.0000,65.0625,65.0165,13918.37,0.798898,92.778402
747.200,92.8702,300.0000,65.0625,65.0165,13919.18,0.799037,92.778402
747.300,92.8702,300.0000,65.0000,65.0165,13919.94,0.799168,92.778402
747.400,92.8702,300.0000,65.0000,65.0164,13920.64,0.799289,92.778402
747.500,92.8702,300.0000,65.0000,65.0164,13921.30,0.799403,92.778402
747.600,92.8702,300.0000,65.0625,65.0164,13921.92,0.799509,92.778402
747.700,92.8702,300.0000,64.9375,65.0163,13922.49,0.799608,92.778402
747.800,92.8702,300.0000,65.0625,65.0162,13923.03,0.799700,92.778402
747.900,92.8702,300.0000,65.0625,65.0162,13923.53,0.799786,92.778402
748.000,92.8723,300.0000,65.0000,65.0161,13924.01,0.799870,92.780490
748.100,92.8723,300.0000,65.0000,65.0161,13924.47,0.799949,92.780490
748.200,92.8723,300.0000,65.0625,65.0160,13924.89,0.800022,92.780490
748.300,92.8723,300.0000,65.0625,65.0159,13925.29,0.800090,92.780490
748.400,92.8723,300.0000,65.0625,65.0159,13925.66,0.800154,92.780490
748.500,92.8723,300.0000,65.0625,65.0158,13926.01,0.800214,92.780490
748.600,92.8723,300.0000,65.0000,65.0157,13926.33,0.800269,92.780490
748.700,92.8723,300.0000,65.0000,65.0156,13926.63,0.800321,92.780490
748.800,92.8723,300.0000,65.0000,65.0155,13926.91,0.800369,92.780490
748.900,92.8723,300.0000,65.1250,65.0154,13927.17,0.800415,92.780490
749.000,92.9682,300.0000,64.9375,65.0154,13928.38,0.800622,92.784664
749.100,92.9682,300.0000,65.0625,65.0153,13929.50,0.800816,92.784664
749.200,92.9682,300.0000,65.1250,65.0151,13930.55,0.800997,92.784664
749.300,92.9682,300.0000,65.0000,65.0150,13931.53,0.801166,92.784664
749.400,92.9682,300.0000,65.0625,65.0149,13932.44,0.801324,92.784664
749.500,92.9682,300.0000,65.0000,65.0148,13933.29,0.801471,92.784664
749.600,92.9682,300.0000,65.0000,65.0146,13934.09,0.801608,92.784664
749.700,92.9682,300.0000,65.0000,65.0145,13934.83,0.801736,92.784664
749.800,92.9682,300.0000,65.0000,65.0143,13935.53,0.801856,92.784664
749.900,92.9682,300.0000,65.0625,65.0142,13936.17,0.801968,92.784664
750.000,92.8785,300.0000,65.0000,65.0140,13935.88,0.801917,92.786751
750.100,92.8785,300.0000,65.0625,65.0138,13935.61,0.801870,92.786751
750.200,92.8785,300.0000,64.9375,65.0137,13935.35,0.801826,92.786751
750.300,92.8785,300.0000,65.0625,65.0136,13935.11,0.801785,92.786751
750.400,92.8785,300.0000,65.0000,65.0134,13934.89,0.801746,92.786751
750.500,92.8785,300.0000,65.0625,65.0133,13934.68,0.801711,92.786751
750.600,92.8785,300.0000,65.1250,65.0131,13934.49,0.801677,92.786751
750.700,92.8785,300.0000,65.0000,65.0130,13934.31,0.801646,92.786751
750.800,92.8785,300.0000,65.0000,65.0128,13934.14,0.801617,92.786751
750.900,92.8785,300.0000,65.0000,65.0127,13933.98,0.801590,92.786751
751.000,92.7868,300.0000,65.0625,65.0126,13932.92,0.801406,92.786751
751.100,92.7868,300.0000,65.0000,65.0125,13931.93,0.801235,92.786751
751.200,92.7868,300.0000,64.8125,65.0124,13931.00,0.801075,92.786751
751.300,92.7868,300.0000,65.0625,65.0123,13930.13,0.800925,92.786751
751.400,92.7868,300.0000,65.0625,65.0122,13929.32,0.800786,92.786751
751.500,92.7868,300.0000,65.0000,65.0121,13928.57,0.800656,92.786751
751.600,92.7868,300.0000,65.0000,65.0120,13927.87,0.800534,92.786751
751.700,92.7868,300.0000,64.9375,65.0119,13927.21,0.800421,92.786751
751.800,92.7868,300.0000,65.0625,65.0118,13926.60,0.800315,92.786751
751.900,92.7868,300.0000,65.0625,65.0118,13926.02,0.800217,92.786751
752.000,92.8806,300.0000,65.0625,65.0117,13926.43,0.800287,92.788839
752.100,92.8806,300.0000,65.0625,65.0116,13926.81,0.800352,92.788839
752.200,92.8806,300.0000,64.9375,65.0115,13927.16,0.800412,92.788839
752.300,92.8806,300.0000,65.0625,65.0115,13927.49,0.800469,92.788839
752.400,92.8806,300.0000,65.0000,65.0114,13927.79,0.800522,92.788839
752.500,92.8806,300.0000,64.9375,65.0113,13928.08,0.800571,92.788839
752.600,92.8806,300.0000,65.0000,65.0112,13928.35,0.800618,92.788839
752.700,92.8806,300.0000,65.1250,65.0111,13928.60,0.800661,92.788839
752.800,92.8806,300.0000,65.0625,65.0110,13928.83,0.800701,92.788839
752.900,92.8806,300.0000,65.0625,65.0109,13929.05,0.800738,92.788839
753.000,92.8827,300.0000,65.0625,65.0109,13929.27,0.800777,92.790926
753.100,92.8827,300.0000,64.9375,65.0108,13929.48,0.800813,92.790926
753.200,92.8827,300.0000,65.0000,65.0107,13929.68,0.800847,92.790926
753.300,92.8827,300.0000,64.9375,65.0106,13929.86,0.800878,92.790926
753.400,92.8827,300.0000,65.1250,65.0105,13930.03,0.800907,92.790926
753.500,92.8827,300.0000,65.0000,65.0104,13930.19,0.800935,92.790926
753.600,92.8827,300.0000,65.0625,65.0103,13930.33,0.800960,92.790926
753.700,92.8827,300.0000,65.0625,65.0102,13930.47,0.800984,92.790926
753.800,92.8827,300.0000,64.9375,65.0101,13930.60,0.801006,92.790926
753.900,92.8827,300.0000,64.9375,65.0100,13930.72,0.801027,92.790926
754.000,92.6971,300.0000,64.9375,65.0099,13928.98,0.800726,92.788839
754.100,92.6971,300.0000,65.0625,65.0098,13927.35,0.800445,92.788839
754.200,92.6971,300.0000,65.0625,65.0097,13925.83,0.800183,92.788839
754.300,92.6971,300.0000,64.9375,65.0097,13924.41,0.799939,92.788839
754.400,92.6971,300.0000,64.9375,65.0096,13923.09,0.799711,92.788839
754.500,92.6971,300.0000,65.0625,65.0096,13921.85,0.799498,92.788839
754.600,92.6971,300.0000,64.9375,65.0096,13920.70,0.799299,92.788839
754.700,92.6971,300.0000,65.0000,65.0096,13919.62,0.799114,92.788839
754.800,92.6971,300.0000,65.0000,65.0096,13918.62,0.798941,92.788839
754.900,92.6971,300.0000,65.1250,65.0096,13917.68,0.798780,92.788839
755.000,92.9766,300.0000,65.0000,65.0096,13919.60,0.799110,92.793013
755.100,92.9766,300.0000,65.0000,65.0096,13921.40,0.799419,92.793013
755.200,92.9766,300.0000,65.0000,65.0095,13923.07,0.799707,92.793013
755.300,92.9766,300.0000,64.9375,65.0095,13924.63,0.799976,92.793013
755.400,92.9766,300.0000,64.9375,65.0094,13926.09,0.800227,92.793013
755.500,92.9766,300.0000,65.0000,65.0093,13927.45,0.800462,92.793013
755.600,92.9766,300.0000,64.9375,65.0093,13928.72,0.800681,92.793013
755.700,92.9766,300.0000,65.0000,65.0092,13929.90,0.800885,92.793013
755.800,92.9766,300.0000,65.0625,65.0091,13931.01,0.801076,92.793013
755.900,92.9766,300.0000,64.9375,65.0089,13932.04,0.801254,92.793013
756.000,92.6991,300.0000,65.0625,65.0088,13930.23,0.800942,92.790926
756.100,92.6991,300.0000,64.9375,65.0088,13928.54,0.800650,92.790926
756.200,92.6991,300.0000,65.0625,65.0087,13926.96,0.800378,92.790926
756.300,92.6991,300.0000,65.0000,65.0086,13925.49,0.800124,92.790926
756.400,92.6991,300.0000,65.0000,65.0086,13924.11,0.799887,92.790926
756.500,92.6991,300.0000,65.0000,65.0086,13922.83,0.799666,92.790926
756.600,92.6991,300.0000,64.9375,65.0085,13921.63,0.799460,92.790926
756.700,92.6991,300.0000,65.0625,65.0085,13920.51,0.799267,92.790926
756.800,92.6991,300.0000,65.0625,65.0085,13919.47,0.799088,92.790926
756.900,92.6991,300.0000,65.0000,65.0085,13918.50,0.798920,92.790926
757.000,92.7909,300.0000,65.0000,65.0085,13918.51,0.798922,92.790926
757.100,92.7909,300.0000,64.8750,65.0085,13918.52,0.798923,92.790926
757.200,92.7909,300.0000,65.0625,65.0085,13918.52,0.798925,92.790926
757.300,92.7909,300.0000,65.0000,65.0085,13918.53,0.798926,92.790926
757.400,92.7909,300.0000,64.9375,65.0085,13918.54,0.798927,92.790926
757.500,92.7909,300.0000,65.0000,65.0085,13918.55,0.798928,92.790926
757.600,92.7909,300.0000,65.0000,65.0085,13918.55,0.798929,92.790926
757.700,92.7909,300.0000,65.0625,65.0085,13918.56,0.798930,92.790926
757.800,92.7909,300.0000,65.0625,65.0085,13918.56,0.798931,92.790926
757.900,92.7909,300.0000,64.9375,65.0085,13918.57,0.798932,92.790926
758.000,92.6971,300.0000,64.9375,65.0085,13917.63,0.798771,92.788839
758.100,92.6971,300.0000,65.0625,65.0086,13916.76,0.798621,92.788839
758.200,92.6971,300.0000,65.1250,65.0086,13915.95,0.798481,92.788839
758.300,92.6971,300.0000,65.0000,65.0086,13915.19,0.798351,92.788839
758.400,92.6971,300.0000,65.0000,65.0087,13914.48,0.798229,92.788839
758.500,92.6971,300.0000,65.0625,65.0087,13913.82,0.798115,92.788839
758.600,92.6971,300.0000,65.0625,65.0087,13913.20,0.798008,92.788839
758.700,92.6971,300.0000,65.1250,65.0088,13912.63,0.797909,92.788839
758.800,92.6971,300.0000,65.0000,65.0088,13912.09,0.797817,92.788839
758.900,92.6971,300.0000,65.0000,65.0089,13911.59,0.797730,92.788839
759.000,92.7888,300.0000,65.0625,65.0090,13912.04,0.797808,92.788839
759.100,92.7888,300.0000,64.9375,65.0090,13912.45,0.797880,92.788839
759.200,92.7888,300.0000,65.0625,65.0091,13912.85,0.797947,92.788839
759.300,92.7888,300.0000,65.0625,65.0091,13913.21,0.798010,92.788839
759.400,92.7888,300.0000,64.9375,65.0091,13913.55,0.798069,92.788839
759.500,92.7888,300.0000,65.0000,65.0092,13913.87,0.798124,92.788839
759.600,92.7888,300.0000,64.9375,65.0092,13914.17,0.798175,92.788839
759.700,92.7888,300.0000,65.0000,65.0093,13914.44,0.798222,92.788839
759.800,92.7888,300.0000,64.9375,65.0093,13914.70,0.798267,92.788839
759.900,92.7888,300.0000,65.0000,65.0093,13914.95,0.798308,92.788839
760.000,92.7888,300.0000,64.9375,65.0093,13915.17,0.798347,92.788839
760.100,92.7888,300.0000,65.0625,65.0094,13915.38,0.798383,92.788839
760.200,92.7888,300.0000,65.1250,65.0094,13915.58,0.798417,92.788839
760.300,92.7888,300.0000,65.0000,65.0094,13915.76,0.798449,92.788839
760.400,92.7888,300.0000,65.0625,65.0094,13915.93,0.798478,92.788839
760.500,92.7888,300.0000,65.0000,65.0095,13916.09,0.798506,92.788839
760.600,92.7888,300.0000,65.0000,65.0095,13916.24,0.798531,92.788839
760.700,92.7888,300.0000,64.9375,65.0095,13916.38,0.798555,92.788839
760.800,92.7888,300.0000,65.0000,65.0095,13916.51,0.798578,92.788839
760.900,92.7888,300.0000,65.0000,65.0095,13916.63,0.798598,92.788839
761.000,92.7888,300.0000,65.0000,65.0095,13916.74,0.798618,92.788839
761.100,92.7888,300.0000,65.0000,65.0096,13916.85,0.798636,92.788839
761.200,92.7888,300.0000,65.0000,65.0096,13916.95,0.798653,92.788839
761.300,92.7888,300.0000,65.0625,65.0096,13917.04,0.798669,92.788839
761.400,92.7888,300.0000,64.9375,65.0096,13917.12,0.798684,92.788839
761.500,92.7888,300.0000,65.0000,65.0096,13917.20,0.798697,92.788839
761.600,92.7888,300.0000,65.0000,65.0096,13917.28,0.798710,92.788839
761.700,92.7888,300.0000,65.0000,65.0096,13917.35,0.798722,92.788839
761.800,92.7888,300.0000,65.0625,65.0096,13917.41,0.798734,92.788839
761.900,92.7888,300.0000,65.0625,65.0096,13917.48,0.798744,92.788839
762.000,92.8827,300.0000,64.9375,65.0096,13918.47,0.798915,92.790926
762.100,92.8827,300.0000,64.9375,65.0096,13919.40,0.799075,92.790926
762.200,92.8827,300.0000,65.0625,65.0096,13920.27,0.799225,92.790926
762.300,92.8827,300.0000,65.0000,65.0096,13921.08,0.799364,92.790926
762.400,92.8827,300.0000,65.0625,65.0096,13921.83,0.799494,92.790926
762.500,92.8827,300.0000,65.0625,65.0095,13922.54,0.799616,92.790926
762.600,92.8827,300.0000,65.0625,65.0095,13923.19,0.799729,92.790926
762.700,92.8827,300.0000,65.0000,65.0094,13923.81,0.799835,92.790926
762.800,92.8827,300.0000,65.0625,65.0094,13924.38,0.799934,92.790926
762.900,92.8827,300.0000,64.8750,65.0093,13924.92,0.800026,92.790926
763.000,92.6032,300.0000,65.0000,65.0093,13922.62,0.799630,92.786751
763.100,92.6032,300.0000,65.0000,65.0093,13920.48,0.799261,92.786751
763.200,92.6032,300.0000,64.9375,65.0093,13918.48,0.798917,92.786751
763.300,92.6032,300.0000,64.9375,65.0093,13916.61,0.798595,92.786751
763.400,92.6032,300.0000,65.0000,65.0093,13914.87,0.798295,92.786751
763.500,92.6032,300.0000,65.0000,65.0094,13913.24,0.798016,92.786751
763.600,92.6032,300.0000,65.0000,65.0094,13911.73,0.797754,92.786751
763.700,92.6032,300.0000,64.9375,65.0095,13910.31,0.797511,92.786751
763.800,92.6032,300.0000,64.9375,65.0096,13908.99,0.797283,92.786751
763.900,92.6032,300.0000,65.0625,65.0097,13907.75,0.797071,92.786751
764.000,92.8806,300.0000,65.0625,65.0098,13909.38,0.797350,92.788839
764.100,92.8806,300.0000,65.0625,65.0098,13910.89,0.797611,92.788839
764.200,92.8806,300.0000,65.0000,65.0099,13912.30,0.797854,92.788839
764.300,92.8806,300.0000,65.0000,65.0099,13913.62,0.798081,92.788839
764.400,92.8806,300.0000,64.9375,65.0099,13914.85,0.798293,92.788839
764.500,92.8806,300.0000,65.0000,65.0100,13916.00,0.798491,92.788839
764.600,92.8806,300.0000,65.1250,65.0100,13917.08,0.798675,92.788839
764.700,92.8806,300.0000,64.9375,65.0100,13918.08,0.798848,92.788839
764.800,92.8806,300.0000,65.0000,65.0100,13919.01,0.799009,92.788839
764.900,92.8806,300.0000,64.9375,65.0100,13919.88,0.799159,92.788839
765.000,92.6950,300.0000,65.0625,65.0099,13918.84,0.798979,92.786751
765.100,92.6950,300.0000,65.0000,65.0100,13917.87,0.798812,92.786751
765.200,92.6950,300.0000,65.0625,65.0100,13916.96,0.798655,92.786751
765.300,92.6950,300.0000,65.0000,65.0100,13916.11,0.798509,92.786751
765.400,92.6950,300.0000,65.0625,65.0100,13915.32,0.798373,92.786751
765.500,92.6950,300.0000,65.0000,65.0100,13914.58,0.798246,92.786751
765.600,92.6950,300.0000,64.9375,65.0101,13913.89,0.798127,92.786751
765.700,92.6950,300.0000,65.0000,65.0101,13913.25,0.798017,92.786751
765.800,92.6950,300.0000,65.0625,65.0102,13912.65,0.797913,92.786751
765.900,92.6950,300.0000,65.0625,65.0102,13912.09,0.797817,92.786751
766.000,92.8806,300.0000,64.9375,65.0103,13913.42,0.798047,92.788839
766.100,92.8806,300.0000,65.1250,65.0103,13914.67,0.798261,92.788839
766.200,92.8806,300.0000,65.0000,65.0103,13915.83,0.798461,92.788839
766.300,92.8806,300.0000,65.0000,65.0103,13916.91,0.798647,92.788839
766.400,92.8806,300.0000,65.0625,65.0103,13917.93,0.798822,92.788839
766.500,92.8806,300.0000,65.0000,65.0103,13918.87,0.798984,92.788839
766.600,92.8806,300.0000,65.0625,65.0103,13919.75,0.799136,92.788839
766.700,92.8806,300.0000,65.0000,65.0103,13920.57,0.799278,92.788839
766.800,92.8806,300.0000,64.9375,65.0103,13921.34,0.799410,92.788839
766.900,92.8806,300.0000,64.9375,65.0102,13922.06,0.799533,92.788839
767.000,92.6950,300.0000,65.0625,65.0102,13920.87,0.799329,92.786751
767.100,92.6950,300.0000,64.9375,65.0102,13919.76,0.799138,92.786751
767.200,92.6950,300.0000,65.0000,65.0102,13918.73,0.798960,92.786751
767.300,92.6950,300.0000,65.0000,65.0102,13917.76,0.798794,92.786751
767.400,92.6950,300.0000,65.0000,65.0102,13916.86,0.798638,92.786751
767.500,92.6950,300.0000,65.0000,65.0102,13916.02,0.798494,92.786751
767.600,92.6950,300.0000,64.9375,65.0103,13915.24,0.798358,92.786751
767.700,92.6950,300.0000,65.0625,65.0103,13914.50,0.798232,92.786751
767.800,92.6950,300.0000,64.9375,65.0103,13913.82,0.798115,92.786751
767.900,92.6950,300.0000,65.0625,65.0104,13913.18,0.798005,92.786751
768.000,92.8806,300.0000,65.0000,65.0104,13914.44,0.798222,92.788839
768.100,92.8806,300.0000,65.0000,65.0104,13915.62,0.798424,92.788839
768.200,92.8806,300.0000,65.0000,65.0104,13916.72,0.798613,92.788839
768.300,92.8806,300.0000,65.0625,65.0104,13917.74,0.798790,92.788839
768.400,92.8806,300.0000,65.0625,65.0104,13918.70,0.798955,92.788839
768.500,92.8806,300.0000,65.1250,65.0104,13919.59,0.799108,92.788839
768.600,92.8806,300.0000,64.9375,65.0104,13920.43,0.799252,92.788839
768.700,92.8806,300.0000,65.0000,65.0104,13921.20,0.799386,92.788839
768.800,92.8806,300.0000,64.9375,65.0103,13921.93,0.799511,92.788839
768.900,92.8806,300.0000,65.0000,65.0103,13922.61,0.799628,92.788839
769.000,92.7888,300.0000,65.0000,65.0103,13922.32,0.799579,92.788839
769.100,92.7888,300.0000,64.9375,65.0102,13922.05,0.799533,92.788839
769.200,92.7888,300.0000,65.0625,65.0102,13921.81,0.799490,92.788839
769.300,92.7888,300.0000,65.0625,65.0102,13921.57,0.799450,92.788839
769.400,92.7888,300.0000,65.1250,65.0102,13921.36,0.799413,92.788839
769.500,92.7888,300.0000,64.9375,65.0101,13921.16,0.799378,92.788839
769.600,92.7888,300.0000,65.0000,65.0101,13920.97,0.799345,92.788839
769.700,92.7888,300.0000,65.0000,65.0101,13920.79,0.799315,92.788839
769.800,92.7888,300.0000,65.0625,65.0101,13920.63,0.799287,92.788839
769.900,92.7888,300.0000,65.0000,65.0101,13920.47,0.799260,92.788839
770.000,92.7888,300.0000,65.0000,65.0100,13920.33,0.799236,92.788839
770.100,92.7888,300.0000,64.9375,65.0100,13920.20,0.799213,92.788839
770.200,92.7888,300.0000,65.0000,65.0100,13920.07,0.799191,92.788839
770.300,92.7888,300.0000,65.0625,65.0100,13919.96,0.799171,92.788839
770.400,92.7888,300.0000,64.8750,65.0100,13919.85,0.799152,92.788839
770.500,92.7888,300.0000,65.0000,65.0100,13919.75,0.799135,92.788839
770.600,92.7888,300.0000,65.0625,65.0100,13919.65,0.799119,92.788839
770.700,92.7888,300.0000,65.0000,65.0100,13919.56,0.799103,92.788839
770.800,92.7888,300.0000,65.0000,65.0099,13919.48,0.799089,92.788839
770.900,92.7888,300.0000,65.0000,65.0099,13919.40,0.799076,92.788839
771.000,92.7888,300.0000,65.0625,65.0099,13919.33,0.799064,92.788839
771.100,92.7888,300.0000,65.0625,65.0099,13919.26,0.799052,92.788839
771.200,92.7888,300.0000,65.0000,65.0099,13919.20,0.799041,92.788839
771.300,92.7888,300.0000,65.0625,65.0099,13919.14,0.799031,92.788839
771.400,92.7888,300.0000,65.0000,65.0099,13919.09,0.799022,92.788839
771.500,92.7888,300.0000,65.0000,65.0099,13919.04,0.799013,92.788839
771.600,92.7888,300.0000,65.0000,65.0099,13918.99,0.799005,92.788839
771.700,92.7888,300.0000,64.9375,65.0099,13918.95,0.798997,92.788839
771.800,92.7888,300.0000,65.0000,65.0099,13918.90,0.798990,92.788839
771.900,92.7888,300.0000,65.0000,65.0099,13918.87,0.798983,92.788839
772.000,92.7888,300.0000,65.0000,65.0099,13918.83,0.798977,92.788839
772.100,92.7888,300.0000,65.0000,65.0099,13918.80,0.798971,92.788839
772.200,92.7888,300.0000,65.0000,65.0099,13918.77,0.798966,92.788839
772.300,92.7888,300.0000,65.0000,65.0099,13918.74,0.798961,92.788839
772.400,92.7888,300.0000,65.1250,65.0099,13918.71,0.798956,92.788839
772.500,92.7888,300.0000,65.0625,65.0099,13918.68,0.798952,92.788839
772.600,92.7888,300.0000,65.0000,65.0099,13918.66,0.798948,92.788839
772.700,92.7888,300.0000,65.0000,65.0099,13918.64,0.798944,92.788839
772.800,92.7888,300.0000,65.0625,65.0099,13918.62,0.798940,92.788839
772.900,92.7888,300.0000,65.0000,65.0099,13918.60,0.798937,92.788839
773.000,92.7888,300.0000,65.0625,65.0099,13918.58,0.798934,92.788839
773.100,92.7888,300.0000,64.9375,65.0099,13918.56,0.798931,92.788839
773.200,92.7888,300.0000,65.0000,65.0099,13918.55,0.798928,92.788839
773.300,92.7888,300.0000,65.0000,65.0099,13918.53,0.798926,92.788839
773.400,92.7888,300.0000,65.0625,65.0099,13918.52,0.798923,92.788839
773.500,92.7888,300.0000,65.0625,65.0099,13918.50,0.798921,92.788839
773.600,92.7888,300.0000,65.0000,65.0098,13918.49,0.798919,92.788839
773.700,92.7888,300.0000,65.0625,65.0098,13918.48,0.798917,92.788839
773.800,92.7888,300.0000,65.0000,65.0098,13918.47,0.798916,92.788839
773.900,92.7888,300.0000,64.9375,65.0098,13918.46,0.798914,92.788839
774.000,92.6950,300.0000,65.0000,65.0099,13917.51,0.798751,92.786751
774.100,92.6950,300.0000,65.0000,65.0099,13916.63,0.798598,92.786751
774.200,92.6950,300.0000,65.0000,65.0099,13915.80,0.798456,92.786751
774.300,92.6950,300.0000,65.0000,65.0099,13915.03,0.798324,92.786751
774.400,92.6950,300.0000,65.0625,65.0100,13914.31,0.798200,92.786751
774.500,92.6950,300.0000,65.0000,65.0100,13913.64,0.798084,92.786751
774.600,92.6950,300.0000,64.9375,65.0100,13913.02,0.797977,92.786751
774.700,92.6950,300.0000,65.0625,65.0101,13912.43,0.797876,92.786751
774.800,92.6950,300.0000,65.0000,65.0101,13911.89,0.797782,92.786751
774.900,92.6950,300.0000,65.0000,65.0102,13911.38,0.797694,92.786751
775.000,92.7868,300.0000,65.0000,65.0103,13911.82,0.797770,92.786751
775.100,92.7868,300.0000,65.0000,65.0103,13912.23,0.797842,92.786751
775.200,92.7868,300.0000,65.0625,65.0103,13912.62,0.797908,92.786751
775.300,92.7868,300.0000,65.0625,65.0104,13912.98,0.797970,92.786751
775.400,92.7868,300.0000,65.0625,65.0104,13913.31,0.798027,92.786751
775.500,92.7868,300.0000,65.1875,65.0105,13913.63,0.798081,92.786751
775.600,92.7868,300.0000,64.9375,65.0105,13913.92,0.798132,92.786751
775.700,92.7868,300.0000,64.9375,65.0105,13914.19,0.798179,92.786751
775.800,92.7868,300.0000,65.1250,65.0106,13914.45,0.798223,92.786751
775.900,92.7868,300.0000,64.9375,65.0106,13914.68,0.798263,92.786751
776.000,92.6929,300.0000,65.0000,65.0106,13913.97,0.798140,92.784664
776.100,92.6929,300.0000,65.0000,65.0107,13913.30,0.798025,92.784664
776.200,92.6929,300.0000,65.0625,65.0107,13912.67,0.797918,92.784664
776.300,92.6929,300.0000,65.0000,65.0108,13912.09,0.797817,92.784664
776.400,92.6929,300.0000,65.0000,65.0108,13911.55,0.797724,92.784664
776.500,92.6929,300.0000,64.8750,65.0109,13911.04,0.797636,92.784664
776.600,92.6929,300.0000,65.0625,65.0109,13910.57,0.797555,92.784664
776.700,92.6929,300.0000,65.0000,65.0110,13910.12,0.797479,92.784664
776.800,92.6929,300.0000,64.9375,65.0111,13909.71,0.797408,92.784664
776.900,92.6929,300.0000,65.0000,65.0112,13909.33,0.797342,92.784664
777.000,92.7847,300.0000,64.9375,65.0112,13909.88,0.797438,92.784664
777.100,92.7847,300.0000,65.0625,65.0113,13910.40,0.797527,92.784664
777.200,92.7847,300.0000,65.0000,65.0113,13910.89,0.797611,92.784664
777.300,92.7847,300.0000,65.0000,65.0114,13911.34,0.797689,92.784664
777.400,92.7847,300.0000,64.9375,65.0115,13911.77,0.797762,92.784664
777.500,92.7847,300.0000,65.0625,65.0115,13912.16,0.797830,92.784664
777.600,92.7847,300.0000,65.0625,65.0115,13912.53,0.797893,92.784664
777.700,92.7847,300.0000,65.0000,65.0116,13912.88,0.797953,92.784664
777.800,92.7847,300.0000,64.9375,65.0116,13913.20,0.798008,92.784664
777.900,92.7847,300.0000,65.0000,65.0117,13913.50,0.798060,92.784664
778.000,92.7847,300.0000,65.0625,65.0117,13913.78,0.798108,92.784664
778.100,92.7847,300.0000,65.1250,65.0117,13914.04,0.798153,92.784664
778.200,92.7847,300.0000,64.9375,65.0118,13914.28,0.798195,92.784664
778.300,92.7847,300.0000,65.0000,65.0118,13914.51,0.798234,92.784664
778.400,92.7847,300.0000,65.0625,65.0118,13914.72,0.798270,92.784664
778.500,92.7847,300.0000,64.9375,65.0118,13914.92,0.798305,92.784664
778.600,92.7847,300.0000,65.0625,65.0119,13915.11,0.798336,92.784664
778.700,92.7847,300.0000,65.0625,65.0119,13915.28,0.798366,92.784664
778.800,92.7847,300.0000,65.0625,65.0119,13915.44,0.798394,92.784664
778.900,92.7847,300.0000,65.0625,65.0119,13915.59,0.798420,92.784664
779.000,92.8785,300.0000,65.0000,65.0119,13916.67,0.798606,92.786751
779.100,92.8785,300.0000,65.1250,65.0119,13917.68,0.798779,92.786751
779.200,92.8785,300.0000,64.9375,65.0119,13918.62,0.798941,92.786751
779.300,92.8785,300.0000,65.0625,65.0119,13919.50,0.799092,92.786751
779.400,92.8785,300.0000,64.9375,65.0119,13920.32,0.799233,92.786751
779.500,92.8785,300.0000,65.0000,65.0119,13921.08,0.799365,92.786751
779.600,92.8785,300.0000,65.0000,65.0118,13921.79,0.799488,92.786751
779.700,92.8785,300.0000,65.0000,65.0118,13922.46,0.799602,92.786751
779.800,92.8785,300.0000,65.1250,65.0118,13923.08,0.799709,92.786751
779.900,92.8785,300.0000,65.0625,65.0117,13923.66,0.799809,92.786751
780.000,92.8806,300.0000,64.9375,65.0117,13924.22,0.799906,92.788839
780.100,92.8806,300.0000,64.9375,65.0116,13924.75,0.799997,92.788839
780.200,92.8806,300.0000,64.9375,65.0115,13925.24,0.800081,92.788839
780.300,92.8806,300.0000,65.0625,65.0115,13925.69,0.800160,92.788839
780.400,92.8806,300.0000,65.0000,65.0114,13926.12,0.800233,92.788839
780.500,92.8806,300.0000,64.9375,65.0113,13926.52,0.800302,92.788839
780.600,92.8806,300.0000,65.0000,65.0113,13926.89,0.800366,92.788839
780.700,92.8806,300.0000,65.0000,65.0112,13927.24,0.800426,92.788839
780.800,92.8806,300.0000,64.9375,65.0111,13927.56,0.800482,92.788839
780.900,92.8806,300.0000,65.0000,65.0110,13927.86,0.800534,92.788839
781.000,92.7888,300.0000,65.0625,65.0109,13927.23,0.800424,92.788839
781.100,92.7888,300.0000,65.0000,65.0109,13926.63,0.800322,92.788839
781.200,92.7888,300.0000,64.9375,65.0108,13926.08,0.800226,92.788839
781.300,92.7888,300.0000,64.9375,65.0107,13925.56,0.800137,92.788839
781.400,92.7888,300.0000,64.9375,65.0107,13925.08,0.800054,92.788839
781.500,92.7888,300.0000,65.0000,65.0106,13924.63,0.799977,92.788839
781.600,92.7888,300.0000,64.9375,65.0106,13924.21,0.799904,92.788839
781.700,92.7888,300.0000,65.0625,65.0105,13923.82,0.799836,92.788839
781.800,92.7888,300.0000,64.9375,65.0105,13923.45,0.799773,92.788839
781.900,92.7888,300.0000,65.0000,65.0105,13923.11,0.799715,92.788839
782.000,92.7888,300.0000,65.0000,65.0104,13922.79,0.799660,92.788839
782.100,92.7888,300.0000,65.0000,65.0104,13922.49,0.799608,92.788839
782.200,92.7888,300.0000,65.0625,65.0104,13922.22,0.799560,92.788839
782.300,92.7888,300.0000,65.0625,65.0103,13921.96,0.799516,92.788839
782.400,92.7888,300.0000,65.0000,65.0103,13921.71,0.799474,92.788839
782.500,92.7888,300.0000,65.0625,65.0103,13921.49,0.799435,92.788839
782.600,92.7888,300.0000,65.0000,65.0102,13921.28,0.799399,92.788839
782.700,92.7888,300.0000,64.9375,65.0102,13921.08,0.799365,92.788839
782.800,92.7888,300.0000,65.0625,65.0102,13920.90,0.799333,92.788839
782.900,92.7888,300.0000,64.9375,65.0102,13920.73,0.799304,92.788839
783.000,92.6950,300.0000,65.0000,65.0102,13919.63,0.799114,92.786751
783.100,92.6950,300.0000,65.0000,65.0102,13918.60,0.798938,92.786751
783.200,92.6950,300.0000,64.9375,65.0102,13917.64,0.798773,92.786751
783.300,92.6950,300.0000,65.0625,65.0102,13916.75,0.798619,92.786751
783.400,92.6950,300.0000,64.9375,65.0102,13915.92,0.798476,92.786751
783.500,92.6950,300.0000,65.0000,65.0102,13915.14,0.798342,92.786751
783.600,92.6950,300.0000,65.0000,65.0103,13914.41,0.798217,92.786751
783.700,92.6950,300.0000,65.0000,65.0103,13913.74,0.798100,92.786751
783.800,92.6950,300.0000,65.0000,65.0103,13913.10,0.797991,92.786751
783.900,92.6950,300.0000,65.0000,65.0104,13912.51,0.797890,92.786751
784.000,92.7868,300.0000,65.0000,65.0104,13912.88,0.797953,92.786751
784.100,92.7868,300.0000,65.0625,65.0105,13913.22,0.798012,92.786751
784.200,92.7868,300.0000,65.0625,65.0105,13913.54,0.798067,92.786751
784.300,92.7868,300.0000,65.0000,65.0106,13913.84,0.798118,92.786751
784.400,92.7868,300.0000,65.0625,65.0106,13914.12,0.798166,92.786751
784.500,92.7868,300.0000,65.0000,65.0106,13914.38,0.798211,92.786751
784.600,92.7868,300.0000,65.1250,65.0106,13914.62,0.798252,92.786751
784.700,92.7868,300.0000,65.0625,65.0107,13914.85,0.798291,92.786751
784.800,92.7868,300.0000,65.0000,65.0107,13915.06,0.798328,92.786751
784.900,92.7868,300.0000,65.0000,65.0107,13915.25,0.798362,92.786751
785.000,92.7868,300.0000,65.0000,65.0107,13915.44,0.798393,92.786751
785.100,92.7868,300.0000,65.0625,65.0108,13915.61,0.798423,92.786751
785.200,92.7868,300.0000,65.0000,65.0108,13915.77,0.798450,92.786751
785.300,92.7868,300.0000,65.0625,65.0108,13915.92,0.798476,92.786751
785.400,92.7868,300.0000,65.0625,65.0108,13916.06,0.798500,92.786751
785.500,92.7868,300.0000,65.0000,65.0108,13916.19,0.798523,92.786751
785.600,92.7868,300.0000,65.0000,65.0109,13916.31,0.798543,92.786751
785.700,92.7868,300.0000,65.0625,65.0109,13916.42,0.798563,92.786751
785.800,92.7868,300.0000,65.0000,65.0109,13916.53,0.798581,92.786751
785.900,92.7868,300.0000,65.0625,65.0109,13916.63,0.798598,92.786751
786.000,92.8806,300.0000,65.0625,65.0109,13917.66,0.798776,92.788839
786.100,92.8806,300.0000,65.0000,65.0109,13918.62,0.798941,92.788839
786.200,92.8806,300.0000,65.0625,65.0109,13919.52,0.799096,92.788839
786.300,92.8806,300.0000,65.0625,65.0109,13920.36,0.799240,92.788839
786.400,92.8806,300.0000,65.0625,65.0108,13921.14,0.799375,92.788839
786.500,92.8806,300.0000,65.0000,65.0108,13921.87,0.799501,92.788839
786.600,92.8806,300.0000,65.1250,65.0108,13922.55,0.799618,92.788839
786.700,92.8806,300.0000,65.0000,65.0107,13923.19,0.799728,92.788839
786.800,92.8806,300.0000,65.0625,65.0107,13923.78,0.799830,92.788839
786.900,92.8806,300.0000,65.0000,65.0106,13924.34,0.799926,92.788839
787.000,92.7888,300.0000,65.0000,65.0106,13923.94,0.799857,92.788839
787.100,92.7888,300.0000,65.0625,65.0105,13923.56,0.799792,92.788839
787.200,92.7888,300.0000,64.9375,65.0105,13923.21,0.799732,92.788839
787.300,92.7888,300.0000,65.0625,65.0105,13922.89,0.799676,92.788839
787.400,92.7888,300.0000,65.0000,65.0104,13922.58,0.799624,92.788839
787.500,92.7888,300.0000,65.0625,65.0104,13922.30,0.799575,92.788839
787.600,92.7888,300.0000,65.0000,65.0104,13922.03,0.799529,92.788839
787.700,92.7888,300.0000,64.9375,65.0103,13921.79,0.799487,92.788839
787.800,92.7888,300.0000,65.0625,65.0103,13921.56,0.799447,92.788839
787.900,92.7888,300.0000,65.0625,65.0103,13921.34,0.799410,92.788839
788.000,92.8827,300.0000,65.0625,65.0102,13922.08,0.799537,92.790926
788.100,92.8827,300.0000,65.0625,65.0102,13922.77,0.799655,92.790926
788.200,92.8827,300.0000,65.0000,65.0102,13923.41,0.799766,92.790926
788.300,92.8827,300.0000,65.0625,65.0101,13924.01,0.799869,92.790926
788.400,92.8827,300.0000,65.0000,65.0101,13924.57,0.799966,92.790926
788.500,92.8827,300.0000,65.0625,65.0100,13925.09,0.800056,92.790926
788.600,92.8827,300.0000,65.0625,65.0100,13925.58,0.800140,92.790926
788.700,92.8827,300.0000,65.0000,65.0099,13926.03,0.800219,92.790926
788.800,92.8827,300.0000,65.0000,65.0098,13926.46,0.800292,92.790926
788.900,92.8827,300.0000,65.0000,65.0097,13926.86,0.800360,92.790926
789.000,92.7909,300.0000,64.9375,65.0097,13926.31,0.800266,92.790926
789.100,92.7909,300.0000,65.0625,65.0096,13925.80,0.800178,92.790926
789.200,92.7909,300.0000,65.0000,65.0096,13925.32,0.800095,92.790926
789.300,92.7909,300.0000,65.0625,65.0095,13924.87,0.800019,92.790926
789.400,92.7909,300.0000,65.0625,65.0095,13924.46,0.799947,92.790926
789.500,92.7909,300.0000,64.8750,65.0094,13924.07,0.799880,92.790926
789.600,92.7909,300.0000,65.0625,65.0094,13923.71,0.799818,92.790926
789.700,92.7909,300.0000,65.1250,65.0093,13923.37,0.799759,92.790926
789.800,92.7909,300.0000,65.0625,65.0093,13923.05,0.799705,92.790926
789.900,92.7909,300.0000,65.0625,65.0093,13922.76,0.799654,92.790926
790.000,92.8848,300.0000,65.0000,65.0092,13923.42,0.799769,92.793013
790.100,92.8848,300.0000,65.1250,65.0092,13924.04,0.799875,92.793013
790.200,92.8848,300.0000,64.9375,65.0091,13924.62,0.799975,92.793013
790.300,92.8848,300.0000,65.0000,65.0091,13925.16,0.800068,92.793013
790.400,92.8848,300.0000,65.0000,65.0090,13925.67,0.800155,92.793013
790.500,92.8848,300.0000,64.9375,65.0090,13926.14,0.800236,92.793013
790.600,92.8848,300.0000,65.0000,65.0089,13926.58,0.800312,92.793013
790.700,92.8848,300.0000,65.0625,65.0088,13926.98,0.800382,92.793013
790.800,92.8848,300.0000,65.0000,65.0087,13927.37,0.800448,92.793013
790.900,92.8848,300.0000,65.0000,65.0087,13927.72,0.800510,92.793013
791.000,92.7930,300.0000,65.0625,65.0086,13927.14,0.800409,92.793013
791.100,92.7930,300.0000,65.0625,65.0085,13926.59,0.800315,92.793013
791.200,92.7930,300.0000,65.0000,65.0085,13926.08,0.800227,92.793013
791.300,92.7930,300.0000,64.9375,65.0084,13925.61,0.800145,92.793013
791.400,92.7930,300.0000,65.1250,65.0084,13925.16,0.800069,92.793013
791.500,92.7930,300.0000,65.0000,65.0083,13924.75,0.799997,92.793013
791.600,92.7930,300.0000,64.9375,65.0083,13924.36,0.799931,92.793013
791.700,92.7930,300.0000,65.0625,65.0082,13924.00,0.799868,92.793013
791.800,92.7930,300.0000,65.0000,65.0082,13923.67,0.799810,92.793013
791.900,92.7930,300.0000,65.0000,65.0081,13923.35,0.799756,92.793013
792.000,92.7930,300.0000,65.0625,65.0081,13923.06,0.799706,92.793013
792.100,92.7930,300.0000,64.8750,65.0081,13922.78,0.799659,92.793013
792.200,92.7930,300.0000,64.8750,65.0080,13922.53,0.799614,92.793013
792.300,92.7930,300.0000,65.0000,65.0080,13922.29,0.799573,92.793013
792.400,92.7930,300.0000,65.0000,65.0080,13922.07,0.799535,92.793013
792.500,92.7930,300.0000,64.9375,65.0080,13921.86,0.799499,92.793013
792.600,92.7930,300.0000,64.9375,65.0079,13921.67,0.799466,92.793013
792.700,92.7930,300.0000,64.9375,65.0079,13921.49,0.799435,92.793013
792.800,92.7930,300.0000,65.0000,65.0079,13921.32,0.799406,92.793013
792.900,92.7930,300.0000,65.0000,65.0079,13921.16,0.799378,92.793013
793.000,92.7930,300.0000,65.0000,65.0079,13921.01,0.799353,92.793013
793.100,92.7930,300.0000,64.9375,65.0079,13920.87,0.799329,92.793013
793.200,92.7930,300.0000,65.0000,65.0078,13920.75,0.799307,92.793013
793.300,92.7930,300.0000,65.0000,65.0078,13920.63,0.799287,92.793013
793.400,92.7930,300.0000,65.0000,65.0078,13920.52,0.799267,92.793013
793.500,92.7930,300.0000,65.0625,65.0078,13920.41,0.799250,92.793013
793.600,92.7930,300.0000,65.0000,65.0078,13920.31,0.799233,92.793013
793.700,92.7930,300.0000,65.0000,65.0078,13920.22,0.799217,92.793013
793.800,92.7930,300.0000,64.9375,65.0078,13920.14,0.799203,92.793013
793.900,92.7930,300.0000,65.0625,65.0078,13920.06,0.799189,92.793013
794.000,92.8869,300.0000,65.0625,65.0077,13920.92,0.799338,92.795101
794.100,92.8869,300.0000,65.1250,65.0077,13921.73,0.799477,92.795101
794.200,92.8869,300.0000,65.0625,65.0077,13922.48,0.799607,92.795101
794.300,92.8869,300.0000,65.0000,65.0077,13923.19,0.799728,92.795101
794.400,92.8869,300.0000,64.9375,65.0076,13923.84,0.799841,92.795101
794.500,92.8869,300.0000,65.1250,65.0076,13924.46,0.799947,92.795101
794.600,92.8869,300.0000,64.9375,65.0075,13925.03,0.800045,92.795101
794.700,92.8869,300.0000,65.0000,65.0075,13925.56,0.800137,92.795101
794.800,92.8869,300.0000,65.0000,65.0074,13926.06,0.800223,92.795101
794.900,92.8869,300.0000,65.0000,65.0073,13926.52,0.800303,92.795101
795.000,92.7951,300.0000,65.0000,65.0073,13926.04,0.800220,92.795101
795.100,92.7951,300.0000,64.9375,65.0072,13925.59,0.800142,92.795101
795.200,92.7951,300.0000,65.0000,65.0072,13925.17,0.800069,92.795101
795.300,92.7951,300.0000,65.0625,65.0071,13924.77,0.800001,92.795101
795.400,92.7951,300.0000,64.9375,65.0071,13924.41,0.799938,92.795101
795.500,92.7951,300.0000,64.9375,65.0071,13924.06,0.799879,92.795101
795.600,92.7951,300.0000,65.0000,65.0070,13923.74,0.799824,92.795101
795.700,92.7951,300.0000,65.0625,65.0070,13923.45,0.799772,92.795101
795.800,92.7951,300.0000,65.0000,65.0069,13923.17,0.799724,92.795101
795.900,92.7951,300.0000,65.0000,65.0069,13922.91,0.799679,92.795101
796.000,92.7951,300.0000,64.9375,65.0069,13922.66,0.799638,92.795101
796.100,92.7951,300.0000,64.9375,65.0069,13922.44,0.799599,92.795101
796.200,92.7951,300.0000,64.9375,65.0068,13922.23,0.799562,92.795101
796.300,92.7951,300.0000,65.0000,65.0068,13922.03,0.799528,92.795101
796.400,92.7951,300.0000,65.1250,65.0068,13921.84,0.799496,92.795101
796.500,92.7951,300.0000,64.8750,65.0068,13921.67,0.799467,92.795101
796.600,92.7951,300.0000,65.0000,65.0067,13921.51,0.799439,92.795101
796.700,92.7951,300.0000,65.0000,65.0067,13921.36,0.799413,92.795101
796.800,92.7951,300.0000,64.9375,65.0067,13921.22,0.799389,92.795101
796.900,92.7951,300.0000,65.0625,65.0067,13921.09,0.799367,92.795101
797.000,92.8890,300.0000,65.0625,65.0067,13921.91,0.799508,92.797188
797.100,92.8890,300.0000,65.0625,65.0066,13922.67,0.799639,92.797188
797.200,92.8890,300.0000,64.9375,65.0066,13923.38,0.799762,92.797188
797.300,92.8890,300.0000,65.0000,65.0066,13924.05,0.799876,92.797188
797.400,92.8890,300.0000,64.9375,65.0065,13924.67,0.799983,92.797188
797.500,92.8890,300.0000,65.0000,65.0065,13925.25,0.800083,92.797188
797.600,92.8890,300.0000,65.0000,65.0064,13925.79,0.800176,92.797188
797.700,92.8890,300.0000,65.0000,65.0064,13926.29,0.800263,92.797188
797.800,92.8890,300.0000,65.0625,65.0063,13926.76,0.800344,92.797188
797.900,92.8890,300.0000,64.9375,65.0062,13927.20,0.800419,92.797188
798.000,92.7033,300.0000,65.0625,65.0062,13925.75,0.800170,92.795101
798.100,92.7033,300.0000,65.0625,65.0061,13924.40,0.799937,92.795101
798.200,92.7033,300.0000,65.0625,65.0061,13923.14,0.799720,92.795101
798.300,92.7033,300.0000,64.9375,65.0061,13921.97,0.799517,92.795101
798.400,92.7033,300.0000,65.0000,65.0061,13920.87,0.799328,92.795101
798.500,92.7033,300.0000,65.0000,65.0061,13919.84,0.799152,92.795101
798.600,92.7033,300.0000,65.0000,65.0061,13918.89,0.798987,92.795101
798.700,92.7033,300.0000,65.0000,65.0061,13917.99,0.798833,92.795101
798.800,92.7033,300.0000,65.0000,65.0061,13917.16,0.798690,92.795101
798.900,92.7033,300.0000,64.9375,65.0061,13916.38,0.798556,92.795101
799.000,92.7012,300.0000,64.9375,65.0062,13915.64,0.798427,92.793013
799.100,92.7012,300.0000,65.0000,65.0062,13914.94,0.798308,92.793013
799.200,92.7012,300.0000,65.0000,65.0062,13914.29,0.798196,92.793013
799.300,92.7012,300.0000,65.0000,65.0063,13913.68,0.798091,92.793013
799.400,92.7012,300.0000,65.0625,65.0063,13913.12,0.797994,92.793013
799.500,92.7012,300.0000,65.0625,65.0064,13912.59,0.797903,92.793013
799.600,92.7012,300.0000,65.0000,65.0065,13912.09,0.797818,92.793013
799.700,92.7012,300.0000,65.0000,65.0065,13911.63,0.797739,92.793013
799.800,92.7012,300.0000,65.1250,65.0066,13911.20,0.797665,92.793013
799.900,92.7012,300.0000,65.1250,65.0067,13910.80,0.797596,92.793013
800.000,92.9808,300.0000,64.9375,65.0067,13913.22,0.798012,92.797188
800.100,92.9808,300.0000,65.0625,65.0067,13915.48,0.798401,92.797188
800.200,92.9808,300.0000,65.0000,65.0068,13917.59,0.798764,92.797188
800.300,92.9808,300.0000,65.0000,65.0068,13919.56,0.799103,92.797188
800.400,92.9808,300.0000,65.0625,65.0067,13921.40,0.799419,92.797188
800.500,92.9808,300.0000,65.0000,65.0067,13923.11,0.799715,92.797188
800.600,92.9808,300.0000,65.0000,65.0067,13924.71,0.799990,92.797188
800.700,92.9808,300.0000,65.0000,65.0066,13926.20,0.800248,92.797188
800.800,92.9808,300.0000,64.9375,65.0065,13927.60,0.800488,92.797188
800.900,92.9808,300.0000,65.0000,65.0065,13928.90,0.800712,92.797188
801.000,92.7972,300.0000,65.0625,65.0064,13928.28,0.800605,92.797188
801.100,92.7972,300.0000,65.0625,65.0063,13927.70,0.800505,92.797188
801.200,92.7972,300.0000,64.9375,65.0062,13927.16,0.800412,92.797188
801.300,92.7972,300.0000,65.0625,65.0062,13926.65,0.800325,92.797188
801.400,92.7972,300.0000,65.0000,65.0061,13926.18,0.800244,92.797188
801.500,92.7972,300.0000,65.0000,65.0061,13925.74,0.800168,92.797188
801.600,92.7972,300.0000,64.9375,65.0060,13925.33,0.800097,92.797188
801.700,92.7972,300.0000,64.9375,65.0060,13924.95,0.800031,92.797188
801.800,92.7972,300.0000,64.9375,65.0059,13924.59,0.799969,92.797188
801.900,92.7972,300.0000,65.0625,65.0059,13924.25,0.799912,92.797188
802.000,92.8911,300.0000,65.0000,65.0059,13924.88,0.800020,92.799275
802.100,92.8911,300.0000,65.0625,65.0058,13925.47,0.800121,92.799275
802.200,92.8911,300.0000,65.0000,65.0057,13926.01,0.800215,92.799275
802.300,92.8911,300.0000,65.0000,65.0057,13926.52,0.800303,92.799275
802.400,92.8911,300.0000,64.9375,65.0056,13927.00,0.800385,92.799275
802.500,92.8911,300.0000,65.0000,65.0056,13927.44,0.800461,92.799275
802.600,92.8911,300.0000,65.0000,65.0055,13927.86,0.800533,92.799275
802.700,92.8911,300.0000,64.9375,65.0054,13928.24,0.800599,92.799275
802.800,92.8911,300.0000,65.0625,65.0053,13928.60,0.800662,92.799275
802.900,92.8911,300.0000,65.0625,65.0053,13928.94,0.800720,92.799275
803.000,92.8931,300.0000,64.9375,65.0052,13929.28,0.800778,92.801363
803.100,92.8931,300.0000,64.9375,65.0051,13929.59,0.800832,92.801363
803.200,92.8931,300.0000,65.0000,65.0050,13929.88,0.800882,92.801363
803.300,92.8931,300.0000,65.0625,65.0049,13930.15,0.800929,92.801363
803.400,92.8931,300.0000,65.0625,65.0048,13930.41,0.800973,92.801363
803.500,92.8931,300.0000,65.0000,65.0048,13930.65,0.801014,92.801363
803.600,92.8931,300.0000,65.0000,65.0047,13930.87,0.801052,92.801363
803.700,92.8931,300.0000,65.0625,65.0046,13931.07,0.801088,92.801363
803.800,92.8931,300.0000,65.1250,65.0045,13931.27,0.801121,92.801363
803.900,92.8931,300.0000,64.8750,65.0044,13931.45,0.801152,92.801363
804.000,92.6136,300.0000,65.0000,65.0043,13928.82,0.800699,92.797188
804.100,92.6136,300.0000,65.0000,65.0043,13926.37,0.800276,92.797188
804.200,92.6136,300.0000,65.0625,65.0042,13924.08,0.799882,92.797188
804.300,92.6136,300.0000,65.0000,65.0042,13921.95,0.799514,92.797188
804.400,92.6136,300.0000,65.0625,65.0042,13919.95,0.799170,92.797188
804.500,92.6136,300.0000,65.0625,65.0042,13918.09,0.798850,92.797188
804.600,92.6136,300.0000,65.0000,65.0042,13916.35,0.798551,92.797188
804.700,92.6136,300.0000,65.0625,65.0043,13914.73,0.798272,92.797188
804.800,92.6136,300.0000,64.8750,65.0043,13913.22,0.798012,92.797188
804.900,92.6136,300.0000,65.0625,65.0044,13911.81,0.797769,92.797188
805.000,92.8911,300.0000,64.9375,65.0045,13913.27,0.798019,92.799275
805.100,92.8911,300.0000,65.0000,65.0045,13914.63,0.798253,92.799275
805.200,92.8911,300.0000,65.0625,65.0045,13915.89,0.798472,92.799275
805.300,92.8911,300.0000,65.0000,65.0046,13917.08,0.798676,92.799275
805.400,92.8911,300.0000,65.1250,65.0046,13918.18,0.798866,92.799275
805.500,92.8911,300.0000,64.9375,65.0046,13919.22,0.799044,92.799275
805.600,92.8911,300.0000,65.0625,65.0046,13920.18,0.799209,92.799275
805.700,92.8911,300.0000,65.0625,65.0046,13921.08,0.799364,92.799275
805.800,92.8911,300.0000,65.0000,65.0045,13921.92,0.799509,92.799275
805.900,92.8911,300.0000,64.9375,65.0045,13922.70,0.799644,92.799275
806.000,92.7054,300.0000,64.9375,65.0045,13921.57,0.799450,92.797188
806.100,92.7054,300.0000,65.0625,65.0045,13920.52,0.799269,92.797188
806.200,92.7054,300.0000,64.9375,65.0045,13919.54,0.799100,92.797188
806.300,92.7054,300.0000,64.9375,65.0045,13918.63,0.798942,92.797188
806.400,92.7054,300.0000,65.0625,65.0045,13917.77,0.798795,92.797188
806.500,92.7054,300.0000,65.0000,65.0046,13916.97,0.798658,92.797188
806.600,92.7054,300.0000,65.0000,65.0046,13916.23,0.798530,92.797188
806.700,92.7054,300.0000,65.0000,65.0046,13915.54,0.798410,92.797188
806.800,92.7054,300.0000,65.0000,65.0047,13914.89,0.798298,92.797188
806.900,92.7054,300.0000,65.0000,65.0047,13914.28,0.798194,92.797188
807.000,92.7972,300.0000,65.0000,65.0048,13914.64,0.798255,92.797188
807.100,92.7972,300.0000,64.8750,65.0048,13914.96,0.798312,92.797188
807.200,92.7972,300.0000,65.0000,65.0048,13915.27,0.798365,92.797188
807.300,92.7972,300.0000,65.0000,65.0049,13915.56,0.798414,92.797188
807.400,92.7972,300.0000,65.0000,65.0049,13915.83,0.798460,92.797188
807.500,92.7972,300.0000,65.0000,65.0049,13916.08,0.798503,92.797188
807.600,92.7972,300.0000,65.0000,65.0050,13916.31,0.798543,92.797188
807.700,92.7972,300.0000,65.0000,65.0050,13916.53,0.798581,92.797188
807.800,92.7972,300.0000,64.9375,65.0050,13916.73,0.798616,92.797188
807.900,92.7972,300.0000,65.0000,65.0050,13916.92,0.798649,92.797188
808.000,92.7972,300.0000,64.9375,65.0051,13917.10,0.798679,92.797188
808.100,92.7972,300.0000,65.0000,65.0051,13917.26,0.798708,92.797188
808.200,92.7972,300.0000,65.0625,65.0051,13917.42,0.798734,92.797188
808.300,92.7972,300.0000,65.0625,65.0051,13917.56,0.798759,92.797188
808.400,92.7972,300.0000,65.0625,65.0051,13917.70,0.798782,92.797188
808.500,92.7972,300.0000,65.0000,65.0051,13917.82,0.798804,92.797188
808.600,92.7972,300.0000,65.0625,65.0052,13917.94,0.798824,92.797188
808.700,92.7972,300.0000,64.9375,65.0052,13918.05,0.798843,92.797188
808.800,92.7972,300.0000,65.1250,65.0052,13918.15,0.798860,92.797188
808.900,92.7972,300.0000,65.0625,65.0052,13918.25,0.798877,92.797188
809.000,92.8911,300.0000,65.0000,65.0052,13919.27,0.799054,92.799275
809.100,92.8911,300.0000,65.0625,65.0052,13920.23,0.799219,92.799275
809.200,92.8911,300.0000,64.9375,65.0052,13921.13,0.799373,92.799275
809.300,92.8911,300.0000,65.0000,65.0052,13921.96,0.799517,92.799275
809.400,92.8911,300.0000,65.0625,65.0051,13922.74,0.799651,92.799275
809.500,92.8911,300.0000,65.0625,65.0051,13923.47,0.799777,92.799275
809.600,92.8911,300.0000,65.0000,65.0051,13924.15,0.799894,92.799275
809.700,92.8911,300.0000,65.0625,65.0050,13924.78,0.800003,92.799275
809.800,92.8911,300.0000,65.0000,65.0050,13925.38,0.800105,92.799275
809.900,92.8911,300.0000,64.9375,65.0049,13925.93,0.800200,92.799275
810.000,92.7054,300.0000,64.9375,65.0049,13924.59,0.799969,92.797188
810.100,92.7054,300.0000,65.0000,65.0049,13923.33,0.799753,92.797188
810.200,92.7054,300.0000,65.0625,65.0048,13922.17,0.799552,92.797188
810.300,92.7054,300.0000,65.0000,65.0048,13921.08,0.799364,92.797188
810.400,92.7054,300.0000,65.0000,65.0048,13920.06,0.799189,92.797188
810.500,92.7054,300.0000,65.0000,65.0048,13919.11,0.799025,92.797188
810.600,92.7054,300.0000,65.0625,65.0048,13918.22,0.798873,92.797188
810.700,92.7054,300.0000,65.0000,65.0049,13917.39,0.798730,92.797188
810.800,92.7054,300.0000,64.9375,65.0049,13916.62,0.798597,92.797188
810.900,92.7054,300.0000,65.1250,65.0049,13915.90,0.798473,92.797188
811.000,92.9849,300.0000,65.0000,65.0049,13918.02,0.798838,92.801363
811.100,92.9849,300.0000,65.0625,65.0049,13920.01,0.799180,92.801363
811.200,92.9849,300.0000,65.0000,65.0049,13921.85,0.799498,92.801363
811.300,92.9849,300.0000,64.9375,65.0049,13923.58,0.799795,92.801363
811.400,92.9849,300.0000,64.9375,65.0048,13925.19,0.800073,92.801363
811.500,92.9849,300.0000,65.0000,65.0048,13926.69,0.800332,92.801363
811.600,92.9849,300.0000,65.0000,65.0047,13928.10,0.800574,92.801363
811.700,92.9849,300.0000,65.0000,65.0046,13929.41,0.800800,92.801363
811.800,92.9849,300.0000,65.1250,65.0045,13930.63,0.801011,92.801363
811.900,92.9849,300.0000,65.0000,65.0044,13931.77,0.801208,92.801363
812.000,92.8014,300.0000,65.0625,65.0043,13931.00,0.801075,92.801363
812.100,92.8014,300.0000,65.0000,65.0043,13930.28,0.800950,92.801363
812.200,92.8014,300.0000,65.0000,65.0042,13929.61,0.800835,92.801363
812.300,92.8014,300.0000,65.0625,65.0041,13928.98,0.800726,92.801363
812.400,92.8014,300.0000,65.0625,65.0040,13928.39,0.800626,92.801363
812.500,92.8014,300.0000,65.0000,65.0040,13927.85,0.800531,92.801363
812.600,92.8014,300.0000,65.0000,65.0039,13927.34,0.800444,92.801363
812.700,92.8014,300.0000,65.0625,65.0038,13926.86,0.800362,92.801363
812.800,92.8014,300.0000,65.0000,65.0038,13926.42,0.800285,92.801363
812.900,92.8014,300.0000,64.9375,65.0037,13926.01,0.800214,92.801363
813.000,92.7075,300.0000,64.9375,65.0037,13924.68,0.799985,92.799275
813.100,92.7075,300.0000,65.0000,65.0037,13923.44,0.799772,92.799275
813.200,92.7075,300.0000,65.0000,65.0037,13922.29,0.799573,92.799275
813.300,92.7075,300.0000,64.9375,65.0036,13921.21,0.799387,92.799275
813.400,92.7075,300.0000,65.0000,65.0036,13920.20,0.799214,92.799275
813.500,92.7075,300.0000,65.0000,65.0037,13919.27,0.799052,92.799275
813.600,92.7075,300.0000,64.9375,65.0037,13918.39,0.798901,92.799275
813.700,92.7075,300.0000,65.0625,65.0037,13917.57,0.798761,92.799275
813.800,92.7075,300.0000,65.0000,65.0037,13916.81,0.798629,92.799275
813.900,92.7075,300.0000,65.0625,65.0037,13916.10,0.798507,92.799275
814.000,92.8931,300.0000,64.9375,65.0038,13917.29,0.798712,92.801363
814.100,92.8931,300.0000,65.1250,65.0038,13918.40,0.798903,92.801363
814.200,92.8931,300.0000,65.0000,65.0038,13919.44,0.799082,92.801363
814.300,92.8931,300.0000,64.9375,65.0038,13920.41,0.799249,92.801363
814.400,92.8931,300.0000,65.0000,65.0038,13921.31,0.799405,92.801363
814.500,92.8931,300.0000,64.9375,65.0038,13922.16,0.799550,92.801363
814.600,92.8931,300.0000,65.0000,65.0037,13922.94,0.799686,92.801363
814.700,92.8931,300.0000,64.9375,65.0037,13923.68,0.799813,92.801363
814.800,92.8931,300.0000,64.9375,65.0037,13924.36,0.799931,92.801363
814.900,92.8931,300.0000,64.9375,65.0036,13925.01,0.800041,92.801363
815.000,92.7075,300.0000,64.9375,65.0036,13923.75,0.799824,92.799275
815.100,92.7075,300.0000,65.0000,65.0036,13922.57,0.799622,92.799275
815.200,92.7075,300.0000,65.0000,65.0036,13921.48,0.799433,92.799275
815.300,92.7075,300.0000,65.0625,65.0036,13920.45,0.799257,92.799275
815.400,92.7075,300.0000,65.0000,65.0036,13919.50,0.799092,92.799275
815.500,92.7075,300.0000,65.0000,65.0036,13918.61,0.798939,92.799275
815.600,92.7075,300.0000,65.0000,65.0036,13917.77,0.798795,92.799275
815.700,92.7075,300.0000,64.8750,65.0036,13917.00,0.798662,92.799275
815.800,92.7075,300.0000,65.0000,65.0037,13916.27,0.798537,92.799275
815.900,92.7075,300.0000,64.9375,65.0037,13915.60,0.798420,92.799275
816.000,92.7054,300.0000,65.0000,65.0037,13914.94,0.798308,92.797188
816.100,92.7054,300.0000,65.0625,65.0038,13914.33,0.798203,92.797188
816.200,92.7054,300.0000,64.9375,65.0038,13913.77,0.798105,92.797188
816.300,92.7054,300.0000,65.0000,65.0039,13913.24,0.798014,92.797188
816.400,92.7054,300.0000,65.0000,65.0039,13912.74,0.797929,92.797188
816.500,92.7054,300.0000,64.8750,65.0040,13912.28,0.797850,92.797188
816.600,92.7054,300.0000,65.0000,65.0041,13911.85,0.797775,92.797188
816.700,92.7054,300.0000,65.0625,65.0042,13911.44,0.797706,92.797188
816.800,92.7054,300.0000,65.0000,65.0042,13911.07,0.797642,92.797188
816.900,92.7054,300.0000,64.9375,65.0043,13910.72,0.797581,92.797188
817.000,92.7033,300.0000,64.9375,65.0044,13910.37,0.797521,92.795101
817.100,92.7033,300.0000,65.0625,65.0045,13910.05,0.797465,92.795101
817.200,92.7033,300.0000,65.0625,65.0045,13909.74,0.797413,92.795101
817.300,92.7033,300.0000,65.1250,65.0046,13909.46,0.797365,92.795101
817.400,92.7033,300.0000,65.0000,65.0047,13909.20,0.797319,92.795101
817.500,92.7033,300.0000,65.0625,65.0048,13908.95,0.797277,92.795101
817.600,92.7033,300.0000,65.0000,65.0049,13908.72,0.797237,92.795101
817.700,92.7033,300.0000,64.8750,65.0050,13908.50,0.797200,92.795101
817.800,92.7033,300.0000,64.9375,65.0051,13908.30,0.797166,92.795101
817.900,92.7033,300.0000,64.9375,65.0052,13908.12,0.797134,92.795101
818.000,92.7012,300.0000,64.9375,65.0053,13907.92,0.797100,92.793013
818.100,92.7012,300.0000,65.0625,65.0054,13907.74,0.797069,92.793013
818.200,92.7012,300.0000,65.0000,65.0055,13907.57,0.797039,92.793013
818.300,92.7012,300.0000,64.9375,65.0056,13907.41,0.797012,92.793013
818.400,92.7012,300.0000,64.9375,65.0057,13907.26,0.796987,92.793013
818.500,92.7012,300.0000,65.0625,65.0058,13907.12,0.796963,92.793013
818.600,92.7012,300.0000,65.1250,65.0059,13906.99,0.796941,92.793013
818.700,92.7012,300.0000,65.0000,65.0060,13906.87,0.796920,92.793013
818.800,92.7012,300.0000,65.0000,65.0061,13906.76,0.796901,92.793013
818.900,92.7012,300.0000,65.0625,65.0062,13906.66,0.796883,92.793013
819.000,92.8869,300.0000,65.0625,65.0063,13908.41,0.797185,92.795101
819.100,92.8869,300.0000,64.9375,65.0064,13910.06,0.797467,92.795101
819.200,92.8869,300.0000,65.0625,65.0064,13911.59,0.797731,92.795101
819.300,92.8869,300.0000,65.0000,65.0065,13913.02,0.797977,92.795101
819.400,92.8869,300.0000,65.0625,65.0065,13914.35,0.798206,92.795101
819.500,92.8869,300.0000,65.0000,65.0066,13915.60,0.798421,92.795101
819.600,92.8869,300.0000,65.0000,65.0066,13916.76,0.798621,92.795101
819.700,92.8869,300.0000,65.0000,65.0066,13917.84,0.798807,92.795101
819.800,92.8869,300.0000,65.0000,65.0066,13918.86,0.798982,92.795101
819.900,92.8869,300.0000,65.0000,65.0066,13919.80,0.799145,92.795101
820.000,92.7951,300.0000,65.0625,65.0066,13919.77,0.799138,92.795101
820.100,92.7951,300.0000,64.9375,65.0066,13919.73,0.799133,92.795101
820.200,92.7951,300.0000,64.9375,65.0066,13919.70,0.799127,92.795101
820.300,92.7951,300.0000,65.0000,65.0066,13919.67,0.799122,92.795101
820.400,92.7951,300.0000,65.0000,65.0066,13919.64,0.799118,92.795101
820.500,92.7951,300.0000,65.0000,65.0066,13919.62,0.799113,92.795101
820.600,92.7951,300.0000,65.0625,65.0066,13919.60,0.799109,92.795101
820.700,92.7951,300.0000,64.9375,65.0066,13919.57,0.799105,92.795101
820.800,92.7951,300.0000,65.0000,65.0066,13919.55,0.799102,92.795101
820.900,92.7951,300.0000,64.9375,65.0066,13919.53,0.799099,92.795101
821.000,92.7012,300.0000,65.0000,65.0066,13918.58,0.798934,92.793013
821.100,92.7012,300.0000,65.1250,65.0066,13917.68,0.798780,92.793013
821.200,92.7012,300.0000,65.0000,65.0066,13916.85,0.798637,92.793013
821.300,92.7012,300.0000,64.9375,65.0066,13916.07,0.798503,92.793013
821.400,92.7012,300.0000,65.0000,65.0067,13915.35,0.798378,92.793013
821.500,92.7012,300.0000,65.0625,65.0067,13914.67,0.798261,92.793013
821.600,92.7012,300.0000,65.0000,65.0067,13914.04,0.798152,92.793013
821.700,92.7012,300.0000,65.0625,65.0068,13913.45,0.798051,92.793013
821.800,92.7012,300.0000,65.0000,65.0068,13912.90,0.797956,92.793013
821.900,92.7012,300.0000,65.1250,65.0069,13912.38,0.797867,92.793013
822.000,92.9808,300.0000,65.0000,65.0069,13914.70,0.798266,92.797188
822.100,92.9808,300.0000,65.0000,65.0070,13916.86,0.798638,92.797188
822.200,92.9808,300.0000,64.9375,65.0070,13918.88,0.798985,92.797188
822.300,92.9808,300.0000,65.0625,65.0069,13920.76,0.799309,92.797188
822.400,92.9808,300.0000,64.9375,65.0069,13922.52,0.799612,92.797188
822.500,92.9808,300.0000,64.8750,65.0069,13924.16,0.799895,92.797188
822.600,92.9808,300.0000,65.0625,65.0068,13925.69,0.800158,92.797188
822.700,92.9808,300.0000,65.0000,65.0068,13927.11,0.800405,92.797188
822.800,92.9808,300.0000,65.0000,65.0067,13928.45,0.800635,92.797188
822.900,92.9808,300.0000,65.1250,65.0066,13929.69,0.800849,92.797188
823.000,92.9849,300.0000,65.0000,65.0065,13930.89,0.801057,92.801363
823.100,92.9849,300.0000,65.1250,65.0064,13932.02,0.801250,92.801363
823.200,92.9849,300.0000,64.8750,65.0063,13933.07,0.801431,92.801363
823.300,92.9849,300.0000,64.9375,65.0062,13934.04,0.801600,92.801363
823.400,92.9849,300.0000,65.0000,65.0060,13934.96,0.801758,92.801363
823.500,92.9849,300.0000,65.0000,65.0059,13935.81,0.801905,92.801363
823.600,92.9849,300.0000,65.0000,65.0057,13936.60,0.802042,92.801363
823.700,92.9849,300.0000,65.0000,65.0056,13937.35,0.802170,92.801363
823.800,92.9849,300.0000,65.0000,65.0054,13938.04,0.802290,92.801363
823.900,92.9849,300.0000,65.0625,65.0053,13938.69,0.802402,92.801363
824.000,92.8952,300.0000,65.0000,65.0051,13938.39,0.802351,92.803450
824.100,92.8952,300.0000,65.0625,65.0050,13938.12,0.802304,92.803450
824.200,92.8952,300.0000,64.8750,65.0048,13937.86,0.802259,92.803450
824.300,92.8952,300.0000,65.0625,65.0047,13937.62,0.802218,92.803450
824.400,92.8952,300.0000,65.0625,65.0045,13937.40,0.802180,92.803450
824.500,92.8952,300.0000,65.0000,65.0044,13937.19,0.802144,92.803450
824.600,92.8952,300.0000,65.0625,65.0042,13937.00,0.802110,92.803450
824.700,92.8952,300.0000,65.0000,65.0041,13936.82,0.802079,92.803450
824.800,92.8952,300.0000,64.9375,65.0040,13936.65,0.802050,92.803450
824.900,92.8952,300.0000,65.0000,65.0038,13936.49,0.802023,92.803450
825.000,92.8034,300.0000,64.9375,65.0037,13935.43,0.801839,92.803450
825.100,92.8034,300.0000,64.9375,65.0036,13934.43,0.801667,92.803450
825.200,92.8034,300.0000,65.0000,65.0035,13933.51,0.801507,92.803450
825.300,92.8034,300.0000,64.9375,65.0034,13932.64,0.801358,92.803450
825.400,92.8034,300.0000,65.0000,65.0033,13931.83,0.801218,92.803450
825.500,92.8034,300.0000,64.9375,65.0032,13931.08,0.801088,92.803450
825.600,92.8034,300.0000,65.0000,65.0031,13930.37,0.800967,92.803450
825.700,92.8034,300.0000,65.0625,65.0030,13929.72,0.800853,92.803450
825.800,92.8034,300.0000,65.0000,65.0029,13929.10,0.800748,92.803450
825.900,92.8034,300.0000,65.0000,65.0029,13928.53,0.800649,92.803450
826.000,92.8034,300.0000,65.0000,65.0028,13928.00,0.800557,92.803450
826.100,92.8034,300.0000,65.0000,65.0028,13927.50,0.800471,92.803450
826.200,92.8034,300.0000,65.0625,65.0027,13927.03,0.800391,92.803450
826.300,92.8034,300.0000,64.8750,65.0026,13926.60,0.800316,92.803450
826.400,92.8034,300.0000,64.9375,65.0026,13926.19,0.800246,92.803450
826.500,92.8034,300.0000,65.0000,65.0025,13925.81,0.800181,92.803450
826.600,92.8034,300.0000,64.9375,65.0025,13925.46,0.800120,92.803450
826.700,92.8034,300.0000,65.0000,65.0025,13925.13,0.800063,92.803450
826.800,92.8034,300.0000,65.0625,65.0024,13924.82,0.800010,92.803450
826.900,92.8034,300.0000,64.9375,65.0024,13924.54,0.799960,92.803450
827.000,92.7096,300.0000,65.0000,65.0024,13923.33,0.799753,92.801363
827.100,92.7096,300.0000,65.0000,65.0024,13922.20,0.799558,92.801363
827.200,92.7096,300.0000,65.0625,65.0023,13921.15,0.799377,92.801363
827.300,92.7096,300.0000,64.9375,65.0024,13920.17,0.799208,92.801363
827.400,92.7096,300.0000,65.0625,65.0024,13919.26,0.799051,92.801363
827.500,92.7096,300.0000,64.9375,65.0024,13918.40,0.798903,92.801363
827.600,92.7096,300.0000,65.0000,65.0024,13917.60,0.798766,92.801363
827.700,92.7096,300.0000,65.0000,65.0024,13916.86,0.798638,92.801363
827.800,92.7096,300.0000,65.0625,65.0025,13916.16,0.798518,92.801363
827.900,92.7096,300.0000,65.0000,65.0025,13915.52,0.798407,92.801363
828.000,92.8014,300.0000,65.0625,65.0025,13915.83,0.798461,92.801363
828.100,92.8014,300.0000,64.9375,65.0026,13916.12,0.798511,92.801363
828.200,92.8014,300.0000,65.0000,65.0026,13916.39,0.798558,92.801363
828.300,92.8014,300.0000,65.1250,65.0026,13916.65,0.798601,92.801363
828.400,92.8014,300.0000,65.0000,65.0027,13916.88,0.798642,92.801363
828.500,92.8014,300.0000,65.0000,65.0027,13917.11,0.798680,92.801363
828.600,92.8014,300.0000,64.9375,65.0027,13917.31,0.798716,92.801363
828.700,92.8014,300.0000,65.0000,65.0027,13917.50,0.798749,92.801363
828.800,92.8014,300.0000,65.0000,65.0028,13917.68,0.798780,92.801363
828.900,92.8014,300.0000,65.0625,65.0028,13917.85,0.798809,92.801363
829.000,92.8952,300.0000,64.9375,65.0028,13918.95,0.798998,92.803450
829.100,92.8952,300.0000,65.0625,65.0028,13919.97,0.799174,92.803450
829.200,92.8952,300.0000,65.1250,65.0028,13920.92,0.799338,92.803450
829.300,92.8952,300.0000,64.9375,65.0028,13921.82,0.799492,92.803450
829.400,92.8952,300.0000,65.0000,65.0028,13922.65,0.799635,92.803450
829.500,92.8952,300.0000,65.0000,65.0027,13923.42,0.799768,92.803450
829.600,92.8952,300.0000,65.0000,65.0027,13924.15,0.799893,92.803450
829.700,92.8952,300.0000,65.0000,65.0027,13924.82,0.800010,92.803450
829.800,92.8952,300.0000,64.9375,65.0026,13925.45,0.800118,92.803450
829.900,92.8952,300.0000,65.0000,65.0026,13926.04,0.800220,92.803450
830.000,92.8034,300.0000,65.0625,65.0025,13925.67,0.800156,92.803450
830.100,92.8034,300.0000,64.9375,65.0025,13925.33,0.800097,92.803450
830.200,92.8034,300.0000,64.9375,65.0025,13925.01,0.800042,92.803450
830.300,92.8034,300.0000,65.0000,65.0024,13924.71,0.799990,92.803450
830.400,92.8034,300.0000,65.0000,65.0024,13924.43,0.799942,92.803450
830.500,92.8034,300.0000,65.0625,65.0024,13924.17,0.799897,92.803450
830.600,92.8034,300.0000,64.9375,65.0023,13923.93,0.799855,92.803450
830.700,92.8034,300.0000,64.9375,65.0023,13923.70,0.799816,92.803450
830.800,92.8034,300.0000,65.0625,65.0023,13923.49,0.799779,92.803450
830.900,92.8034,300.0000,64.9375,65.0022,13923.29,0.799745,92.803450
831.000,92.7096,300.0000,64.9375,65.0022,13922.17,0.799552,92.801363
831.100,92.7096,300.0000,64.9375,65.0022,13921.12,0.799371,92.801363
831.200,92.7096,300.0000,65.0000,65.0022,13920.14,0.799203,92.801363
831.300,92.7096,300.0000,65.0000,65.0022,13919.22,0.799045,92.801363
831.400,92.7096,300.0000,65.0625,65.0023,13918.37,0.798898,92.801363
831.500,92.7096,300.0000,65.0000,65.0023,13917.58,0.798761,92.801363
831.600,92.7096,300.0000,65.0625,65.0023,13916.83,0.798634,92.801363
831.700,92.7096,300.0000,65.1250,65.0023,13916.14,0.798514,92.801363
831.800,92.7096,300.0000,65.0625,65.0024,13915.49,0.798403,92.801363
831.900,92.7096,300.0000,65.0000,65.0024,13914.89,0.798299,92.801363
832.000,92.8014,300.0000,65.0000,65.0025,13915.24,0.798360,92.801363
832.100,92.8014,300.0000,65.0000,65.0025,13915.58,0.798417,92.801363
832.200,92.8014,300.0000,65.0000,65.0026,13915.88,0.798470,92.801363
832.300,92.8014,300.0000,65.1250,65.0026,13916.17,0.798520,92.801363
832.400,92.8014,300.0000,64.9375,65.0026,13916.44,0.798566,92.801363
832.500,92.8014,300.0000,65.0000,65.0027,13916.69,0.798609,92.801363
832.600,92.8014,300.0000,65.1250,65.0027,13916.93,0.798649,92.801363
832.700,92.8014,300.0000,65.0625,65.0027,13917.14,0.798687,92.801363
832.800,92.8014,300.0000,65.0000,65.0027,13917.35,0.798722,92.801363
832.900,92.8014,300.0000,65.0000,65.0028,13917.54,0.798755,92.801363
833.000,92.8014,300.0000,65.0625,65.0028,13917.72,0.798785,92.801363
833.100,92.8014,300.0000,65.0625,65.0028,13917.88,0.798814,92.801363
833.200,92.8014,300.0000,65.0625,65.0028,13918.04,0.798841,92.801363
833.300,92.8014,300.0000,65.0625,65.0028,13918.18,0.798866,92.801363
833.400,92.8014,300.0000,64.9375,65.0028,13918.32,0.798889,92.801363
833.500,92.8014,300.0000,65.0000,65.0029,13918.44,0.798910,92.801363
833.600,92.8014,300.0000,64.9375,65.0029,13918.56,0.798931,92.801363
833.700,92.8014,300.0000,65.0000,65.0029,13918.67,0.798950,92.801363
833.800,92.8014,300.0000,65.0000,65.0029,13918.77,0.798967,92.801363
833.900,92.8014,300.0000,64.8750,65.0029,13918.87,0.798984,92.801363
834.000,92.6136,300.0000,65.0000,65.0029,13917.08,0.798676,92.797188
834.100,92.6136,300.0000,64.9375,65.0030,13915.41,0.798388,92.797188
834.200,92.6136,300.0000,65.0000,65.0030,13913.85,0.798120,92.797188
834.300,92.6136,300.0000,65.0625,65.0031,13912.40,0.797870,92.797188
834.400,92.6136,300.0000,65.0000,65.0032,13911.04,0.797637,92.797188
834.500,92.6136,300.0000,65.1250,65.0033,13909.77,0.797419,92.797188
834.600,92.6136,300.0000,65.0625,65.0034,13908.59,0.797216,92.797188
834.700,92.6136,300.0000,64.9375,65.0035,13907.49,0.797026,92.797188
834.800,92.6136,300.0000,65.0000,65.0036,13906.46,0.796849,92.797188
834.900,92.6136,300.0000,65.0000,65.0037,13905.50,0.796684,92.797188
835.000,92.7972,300.0000,64.9375,65.0038,13906.44,0.796845,92.797188
835.100,92.7972,300.0000,65.0000,65.0039,13907.31,0.796996,92.797188
835.200,92.7972,300.0000,65.0625,65.0040,13908.13,0.797136,92.797188
835.300,92.7972,300.0000,65.0000,65.0041,13908.89,0.797267,92.797188
835.400,92.7972,300.0000,65.0625,65.0042,13909.61,0.797390,92.797188
835.500,92.7972,300.0000,64.9375,65.0043,13910.27,0.797504,92.797188
835.600,92.7972,300.0000,65.0000,65.0043,13910.89,0.797611,92.797188
835.700,92.7972,300.0000,65.0000,65.0044,13911.47,0.797711,92.797188
835.800,92.7972,300.0000,65.0000,65.0045,13912.01,0.797804,92.797188
835.900,92.7972,300.0000,65.0000,65.0045,13912.52,0.797890,92.797188
836.000,92.7972,300.0000,65.0625,65.0046,13912.99,0.797971,92.797188
836.100,92.7972,300.0000,65.0625,65.0047,13913.43,0.798047,92.797188
836.200,92.7972,300.0000,65.0000,65.0047,13913.84,0.798118,92.797188
836.300,92.7972,300.0000,65.1250,65.0047,13914.22,0.798183,92.797188
836.400,92.7972,300.0000,65.0000,65.0048,13914.58,0.798245,92.797188
836.500,92.7972,300.0000,65.0000,65.0048,13914.91,0.798302,92.797188
836.600,92.7972,300.0000,65.0000,65.0049,13915.22,0.798356,92.797188
836.700,92.7972,300.0000,64.8750,65.0049,13915.51,0.798406,92.797188
836.800,92.7972,300.0000,65.0000,65.0049,13915.78,0.798453,92.797188
836.900,92.7972,300.0000,65.0000,65.0050,13916.04,0.798496,92.797188
837.000,92.7972,300.0000,64.8750,65.0050,13916.27,0.798537,92.797188
837.100,92.7972,300.0000,65.0000,65.0050,13916.49,0.798575,92.797188
837.200,92.7972,300.0000,65.0000,65.0050,13916.70,0.798610,92.797188
837.300,92.7972,300.0000,65.0000,65.0051,13916.89,0.798643,92.797188
837.400,92.7972,300.0000,65.0000,65.0051,13917.07,0.798674,92.797188
837.500,92.7972,300.0000,65.0000,65.0051,13917.24,0.798703,92.797188
837.600,92.7972,300.0000,64.9375,65.0051,13917.39,0.798730,92.797188
837.700,92.7972,300.0000,65.0000,65.0051,13917.54,0.798755,92.797188
837.800,92.7972,300.0000,65.0000,65.0052,13917.67,0.798778,92.797188
837.900,92.7972,300.0000,65.0000,65.0052,13917.80,0.798800,92.797188
838.000,92.7972,300.0000,65.0000,65.0052,13917.92,0.798820,92.797188
838.100,92.7972,300.0000,65.0625,65.0052,13918.03,0.798840,92.797188
838.200,92.7972,300.0000,65.0000,65.0052,13918.13,0.798857,92.797188
838.300,92.7972,300.0000,64.8750,65.0052,13918.23,0.798874,92.797188
838.400,92.7972,300.0000,65.0000,65.0052,13918.32,0.798889,92.797188
838.500,92.7972,300.0000,64.9375,65.0053,13918.40,0.798904,92.797188
838.600,92.7972,300.0000,65.0000,65.0053,13918.48,0.798917,92.797188
838.700,92.7972,300.0000,64.8750,65.0053,13918.55,0.798930,92.797188
838.800,92.7972,300.0000,65.0000,65.0053,13918.62,0.798942,92.797188
838.900,92.7972,300.0000,65.0000,65.0053,13918.69,0.798953,92.797188
839.000,92.7972,300.0000,65.0000,65.0053,13918.75,0.798963,92.797188
839.100,92.7972,300.0000,65.0000,65.0053,13918.80,0.798972,92.797188
839.200,92.7972,300.0000,64.9375,65.0053,13918.85,0.798981,92.797188
839.300,92.7972,300.0000,65.0000,65.0053,13918.90,0.798990,92.797188
839.400,92.7972,300.0000,65.0625,65.0053,13918.95,0.798997,92.797188
839.500,92.7972,300.0000,65.0625,65.0053,13918.99,0.799005,92.797188
839.600,92.7972,300.0000,65.0000,65.0053,13919.03,0.799011,92.797188
839.700,92.7972,300.0000,65.0625,65.0053,13919.06,0.799018,92.797188
839.800,92.7972,300.0000,64.9375,65.0053,13919.10,0.799024,92.797188
839.900,92.7972,300.0000,65.0000,65.0053,13919.13,0.799029,92.797188
840.000,92.7972,300.0000,65.0000,65.0053,13919.16,0.799034,92.797188
840.100,92.7972,300.0000,65.0000,65.0053,13919.19,0.799039,92.797188
840.200,92.7972,300.0000,65.0625,65.0054,13919.21,0.799043,92.797188
840.300,92.7972,300.0000,64.9375,65.0054,13919.24,0.799048,92.797188
840.400,92.7972,300.0000,65.0625,65.0054,13919.26,0.799052,92.797188
840.500,92.7972,300.0000,65.1250,65.0054,13919.28,0.799055,92.797188
840.600,92.7972,300.0000,64.9375,65.0054,13919.30,0.799059,92.797188
840.700,92.7972,300.0000,65.0000,65.0054,13919.32,0.799062,92.797188
840.800,92.7972,300.0000,65.0625,65.0054,13919.34,0.799065,92.797188
840.900,92.7972,300.0000,65.0000,65.0054,13919.35,0.799067,92.797188
841.000,92.7972,300.0000,65.0000,65.0054,13919.37,0.799070,92.797188
841.100,92.7972,300.0000,65.0000,65.0054,13919.38,0.799072,92.797188
841.200,92.7972,300.0000,65.0625,65.0054,13919.40,0.799075,92.797188
841.300,92.7972,300.0000,65.0000,65.0054,13919.41,0.799077,92.797188
841.400,92.7972,300.0000,64.9375,65.0054,13919.42,0.799079,92.797188
841.500,92.7972,300.0000,65.0000,65.0054,13919.43,0.799081,92.797188
841.600,92.7972,300.0000,65.0625,65.0054,13919.44,0.799082,92.797188
841.700,92.7972,300.0000,65.0625,65.0054,13919.45,0.799084,92.797188
841.800,92.7972,300.0000,64.9375,65.0054,13919.46,0.799085,92.797188
841.900,92.7972,300.0000,65.0000,65.0054,13919.47,0.799087,92.797188
842.000,92.7972,300.0000,64.9375,65.0054,13919.47,0.799088,92.797188
842.100,92.7972,300.0000,65.0625,65.0054,13919.48,0.799089,92.797188
842.200,92.7972,300.0000,65.0000,65.0054,13919.49,0.799090,92.797188
842.300,92.7972,300.0000,65.0000,65.0054,13919.49,0.799091,92.797188
842.400,92.7972,300.0000,65.0625,65.0054,13919.50,0.799092,92.797188
842.500,92.7972,300.0000,65.0000,65.0054,13919.50,0.799093,92.797188
842.600,92.7972,300.0000,65.0000,65.0054,13919.51,0.799094,92.797188
842.700,92.7972,300.0000,64.8750,65.0054,13919.51,0.799095,92.797188
842.800,92.7972,300.0000,65.0000,65.0054,13919.52,0.799096,92.797188
842.900,92.7972,300.0000,65.0000,65.0054,13919.52,0.799096,92.797188
843.000,92.7972,300.0000,65.0000,65.0054,13919.53,0.799097,92.797188
843.100,92.7972,300.0000,65.0000,65.0054,13919.53,0.799098,92.797188
843.200,92.7972,300.0000,65.0625,65.0054,13919.53,0.799098,92.797188
843.300,92.7972,300.0000,65.0000,65.0054,13919.54,0.799099,92.797188
843.400,92.7972,300.0000,65.0000,65.0054,13919.54,0.799099,92.797188
843.500,92.7972,300.0000,64.9375,65.0054,13919.54,0.799100,92.797188
843.600,92.7972,300.0000,65.0625,65.0054,13919.54,0.799100,92.797188
843.700,92.7972,300.0000,65.0000,65.0054,13919.55,0.799101,92.797188
843.800,92.7972,300.0000,65.0000,65.0054,13919.55,0.799101,92.797188
843.900,92.7972,300.0000,64.9375,65.0054,13919.55,0.799101,92.797188
844.000,92.7033,300.0000,65.0000,65.0054,13918.61,0.798940,92.795101
844.100,92.7033,300.0000,65.0000,65.0054,13917.74,0.798789,92.795101
844.200,92.7033,300.0000,65.0000,65.0054,13916.92,0.798649,92.795101
844.300,92.7033,300.0000,64.9375,65.0055,13916.16,0.798518,92.795101
844.400,92.7033,300.0000,65.0000,65.0055,13915.45,0.798395,92.795101
844.500,92.7033,300.0000,65.0000,65.0055,13914.79,0.798281,92.795101
844.600,92.7033,300.0000,65.0625,65.0056,13914.17,0.798175,92.795101
844.700,92.7033,300.0000,64.9375,65.0056,13913.59,0.798075,92.795101
844.800,92.7033,300.0000,65.1250,65.0057,13913.05,0.797982,92.795101
844.900,92.7033,300.0000,64.8750,65.0057,13912.55,0.797896,92.795101
845.000,92.6074,300.0000,65.0000,65.0058,13911.12,0.797650,92.790926
845.100,92.6074,300.0000,65.0000,65.0059,13909.78,0.797420,92.790926
845.200,92.6074,300.0000,64.9375,65.0060,13908.54,0.797206,92.790926
845.300,92.6074,300.0000,64.9375,65.0061,13907.38,0.797006,92.790926
845.400,92.6074,300.0000,65.0000,65.0062,13906.29,0.796820,92.790926
845.500,92.6074,300.0000,65.0000,65.0063,13905.28,0.796646,92.790926
845.600,92.6074,300.0000,64.9375,65.0064,13904.33,0.796483,92.790926
845.700,92.6074,300.0000,65.0000,65.0066,13903.45,0.796332,92.790926
845.800,92.6074,300.0000,65.0000,65.0067,13902.63,0.796190,92.790926
845.900,92.6074,300.0000,64.9375,65.0069,13901.86,0.796058,92.790926
846.000,92.6971,300.0000,65.0000,65.0070,13902.04,0.796089,92.788839
846.100,92.6971,300.0000,64.9375,65.0071,13902.21,0.796118,92.788839
846.200,92.6971,300.0000,65.0000,65.0073,13902.36,0.796145,92.788839
846.300,92.6971,300.0000,65.0625,65.0074,13902.51,0.796170,92.788839
846.400,92.6971,300.0000,65.0625,65.0076,13902.65,0.796194,92.788839
846.500,92.6971,300.0000,65.0000,65.0077,13902.77,0.796216,92.788839
846.600,92.6971,300.0000,64.9375,65.0078,13902.89,0.796236,92.788839
846.700,92.6971,300.0000,64.8750,65.0080,13903.00,0.796255,92.788839
846.800,92.6971,300.0000,65.0000,65.0081,13903.11,0.796273,92.788839
846.900,92.6971,300.0000,65.0000,65.0082,13903.20,0.796289,92.788839
847.000,92.7888,300.0000,65.0000,65.0083,13904.21,0.796463,92.788839
847.100,92.7888,300.0000,65.0000,65.0084,13905.15,0.796624,92.788839
847.200,92.7888,300.0000,65.0000,65.0086,13906.03,0.796775,92.788839
847.300,92.7888,300.0000,65.0000,65.0087,13906.85,0.796916,92.788839
847.400,92.7888,300.0000,65.0625,65.0087,13907.62,0.797048,92.788839
847.500,92.7888,300.0000,65.0625,65.0088,13908.33,0.797170,92.788839
847.600,92.7888,300.0000,65.0000,65.0089,13909.00,0.797285,92.788839
847.700,92.7888,300.0000,65.0000,65.0090,13909.62,0.797392,92.788839
847.800,92.7888,300.0000,65.0000,65.0091,13910.20,0.797492,92.788839
847.900,92.7888,300.0000,64.9375,65.0091,13910.74,0.797585,92.788839
848.000,92.6950,300.0000,65.0000,65.0092,13910.31,0.797511,92.786751
848.100,92.6950,300.0000,65.0625,65.0093,13909.90,0.797441,92.786751
848.200,92.6950,300.0000,65.0625,65.0093,13909.53,0.797376,92.786751
848.300,92.6950,300.0000,64.9375,65.0094,13909.17,0.797316,92.786751
848.400,92.6950,300.0000,65.0625,65.0095,13908.85,0.797259,92.786751
848.500,92.6950,300.0000,65.0000,65.0096,13908.54,0.797206,92.786751
848.600,92.6950,300.0000,65.0000,65.0097,13908.25,0.797157,92.786751
848.700,92.6950,300.0000,64.9375,65.0097,13907.99,0.797111,92.786751
848.800,92.6950,300.0000,65.0625,65.0098,13907.74,0.797068,92.786751
848.900,92.6950,300.0000,65.0625,65.0099,13907.50,0.797028,92.786751
849.000,92.8806,300.0000,64.9375,65.0100,13909.14,0.797310,92.788839
849.100,92.8806,300.0000,65.0625,65.0101,13910.67,0.797573,92.788839
849.200,92.8806,300.0000,65.0625,65.0101,13912.10,0.797819,92.788839
849.300,92.8806,300.0000,64.9375,65.0102,13913.43,0.798048,92.788839
849.400,92.8806,300.0000,65.0000,65.0102,13914.68,0.798262,92.788839
849.500,92.8806,300.0000,64.9375,65.0102,13915.84,0.798462,92.788839
849.600,92.8806,300.0000,65.0625,65.0102,13916.92,0.798649,92.788839
849.700,92.8806,300.0000,65.0625,65.0102,13917.93,0.798823,92.788839
849.800,92.8806,300.0000,64.9375,65.0102,13918.88,0.798985,92.788839
849.900,92.8806,300.0000,65.0625,65.0102,13919.76,0.799137,92.788839
850.000,92.8827,300.0000,65.0000,65.0102,13920.60,0.799282,92.790926
850.100,92.8827,300.0000,65.0000,65.0102,13921.39,0.799418,92.790926
850.200,92.8827,300.0000,64.9375,65.0101,13922.12,0.799545,92.790926
850.300,92.8827,300.0000,65.0000,65.0101,13922.81,0.799663,92.790926
850.400,92.8827,300.0000,65.0000,65.0101,13923.45,0.799773,92.790926
850.500,92.8827,300.0000,65.0000,65.0100,13924.05,0.799876,92.790926
850.600,92.8827,300.0000,65.0000,65.0100,13924.60,0.799972,92.790926
850.700,92.8827,300.0000,65.0625,65.0099,13925.12,0.800062,92.790926
850.800,92.8827,300.0000,65.0000,65.0098,13925.61,0.800145,92.790926
850.900,92.8827,300.0000,65.0000,65.0098,13926.06,0.800223,92.790926
851.000,92.7909,300.0000,65.0625,65.0097,13925.57,0.800138,92.790926
851.100,92.7909,300.0000,65.0000,65.0097,13925.11,0.800058,92.790926
851.200,92.7909,300.0000,64.9375,65.0096,13924.67,0.799984,92.790926
851.300,92.7909,300.0000,65.0625,65.0096,13924.27,0.799915,92.790926
851.400,92.7909,300.0000,65.0000,65.0095,13923.90,0.799850,92.790926
851.500,92.7909,300.0000,65.0000,65.0095,13923.55,0.799790,92.790926
851.600,92.7909,300.0000,65.0000,65.0094,13923.22,0.799733,92.790926
851.700,92.7909,300.0000,64.9375,65.0094,13922.91,0.799681,92.790926
851.800,92.7909,300.0000,65.0625,65.0094,13922.63,0.799632,92.790926
851.900,92.7909,300.0000,65.0625,65.0093,13922.36,0.799586,92.790926
852.000,92.8848,300.0000,64.9375,65.0093,13923.05,0.799705,92.793013
852.100,92.8848,300.0000,65.0000,65.0093,13923.70,0.799816,92.793013
852.200,92.8848,300.0000,65.0000,65.0092,13924.30,0.799919,92.793013
852.300,92.8848,300.0000,64.9375,65.0092,13924.86,0.800016,92.793013
852.400,92.8848,300.0000,65.0000,65.0091,13925.38,0.800106,92.793013
852.500,92.8848,300.0000,65.0000,65.0090,13925.87,0.800191,92.793013
852.600,92.8848,300.0000,64.9375,65.0090,13926.33,0.800269,92.793013
852.700,92.8848,300.0000,65.0000,65.0089,13926.76,0.800343,92.793013
852.800,92.8848,300.0000,65.0000,65.0088,13927.15,0.800411,92.793013
852.900,92.8848,300.0000,65.0000,65.0088,13927.52,0.800475,92.793013
853.000,92.7930,300.0000,65.0000,65.0087,13926.95,0.800377,92.793013
853.100,92.7930,300.0000,64.9375,65.0086,13926.42,0.800285,92.793013
853.200,92.7930,300.0000,65.0000,65.0086,13925.92,0.800199,92.793013
853.300,92.7930,300.0000,65.0000,65.0085,13925.46,0.800119,92.793013
853.400,92.7930,300.0000,65.0000,65.0085,13925.02,0.800044,92.793013
853.500,92.7930,300.0000,64.9375,65.0084,13924.62,0.799974,92.793013
853.600,92.7930,300.0000,65.0000,65.0084,13924.24,0.799909,92.793013
853.700,92.7930,300.0000,65.0000,65.0083,13923.89,0.799849,92.793013
853.800,92.7930,300.0000,64.9375,65.0083,13923.56,0.799792,92.793013
853.900,92.7930,300.0000,65.0000,65.0082,13923.25,0.799739,92.793013
854.000,92.7930,300.0000,65.0000,65.0082,13922.97,0.799690,92.793013
854.100,92.7930,300.0000,65.0000,65.0082,13922.70,0.799643,92.793013
854.200,92.7930,300.0000,65.0000,65.0082,13922.45,0.799600,92.793013
854.300,92.7930,300.0000,65.0000,65.0081,13922.21,0.799560,92.793013
854.400,92.7930,300.0000,65.1250,65.0081,13922.00,0.799523,92.793013
854.500,92.7930,300.0000,65.0000,65.0081,13921.79,0.799488,92.793013
854.600,92.7930,300.0000,65.0000,65.0081,13921.60,0.799455,92.793013
854.700,92.7930,300.0000,65.0000,65.0080,13921.43,0.799425,92.793013
854.800,92.7930,300.0000,65.0000,65.0080,13921.26,0.799396,92.793013
854.900,92.7930,300.0000,65.0000,65.0080,13921.11,0.799370,92.793013
855.000,92.7930,300.0000,65.0625,65.0080,13920.97,0.799345,92.793013
855.100,92.7930,300.0000,65.0000,65.0080,13920.83,0.799322,92.793013
855.200,92.7930,300.0000,65.0000,65.0079,13920.71,0.799300,92.793013
855.300,92.7930,300.0000,65.1250,65.0079,13920.59,0.799280,92.793013
855.400,92.7930,300.0000,65.0625,65.0079,13920.48,0.799261,92.793013
855.500,92.7930,300.0000,65.0000,65.0079,13920.38,0.799244,92.793013
855.600,92.7930,300.0000,65.0000,65.0079,13920.28,0.799227,92.793013
855.700,92.7930,300.0000,65.0625,65.0079,13920.19,0.799212,92.793013
855.800,92.7930,300.0000,64.9375,65.0079,13920.11,0.799198,92.793013
855.900,92.7930,300.0000,65.0000,65.0079,13920.03,0.799185,92.793013
856.000,92.7930,300.0000,64.9375,65.0079,13919.96,0.799172,92.793013
856.100,92.7930,300.0000,65.0000,65.0078,13919.89,0.799161,92.793013
856.200,92.7930,300.0000,65.1250,65.0078,13919.83,0.799150,92.793013
856.300,92.7930,300.0000,64.9375,65.0078,13919.77,0.799140,92.793013
856.400,92.7930,300.0000,65.0625,65.0078,13919.72,0.799130,92.793013
856.500,92.7930,300.0000,65.1250,65.0078,13919.67,0.799121,92.793013
856.600,92.7930,300.0000,65.0625,65.0078,13919.62,0.799113,92.793013
856.700,92.7930,300.0000,65.0000,65.0078,13919.58,0.799106,92.793013
856.800,92.7930,300.0000,65.0000,65.0078,13919.53,0.799098,92.793013
856.900,92.7930,300.0000,65.0625,65.0078,13919.49,0.799092,92.793013
857.000,92.8869,300.0000,65.0000,65.0078,13920.40,0.799247,92.795101
857.100,92.8869,300.0000,65.0000,65.0078,13921.24,0.799392,92.795101
857.200,92.8869,300.0000,65.0625,65.0077,13922.03,0.799528,92.795101
857.300,92.8869,300.0000,65.0000,65.0077,13922.76,0.799654,92.795101
857.400,92.8869,300.0000,65.0625,65.0077,13923.44,0.799772,92.795101
857.500,92.8869,300.0000,65.0625,65.0076,13924.08,0.799882,92.795101
857.600,92.8869,300.0000,65.0000,65.0076,13924.68,0.799985,92.795101
857.700,92.8869,300.0000,64.9375,65.0075,13925.24,0.800081,92.795101
857.800,92.8869,300.0000,65.0625,65.0075,13925.76,0.800171,92.795101
857.900,92.8869,300.0000,64.9375,65.0074,13926.24,0.800254,92.795101
858.000,92.7012,300.0000,65.0000,65.0074,13924.84,0.800012,92.793013
858.100,92.7012,300.0000,64.9375,65.0073,13923.53,0.799787,92.793013
858.200,92.7012,300.0000,65.0000,65.0073,13922.30,0.799576,92.793013
858.300,92.7012,300.0000,64.9375,65.0073,13921.16,0.799379,92.793013
858.400,92.7012,300.0000,64.9375,65.0073,13920.10,0.799196,92.793013
858.500,92.7012,300.0000,65.1250,65.0073,13919.10,0.799024,92.793013
858.600,92.7012,300.0000,65.0625,65.0073,13918.18,0.798865,92.793013
858.700,92.7012,300.0000,65.0000,65.0073,13917.31,0.798716,92.793013
858.800,92.7012,300.0000,65.0625,65.0073,13916.50,0.798576,92.793013
858.900,92.7012,300.0000,65.0000,65.0074,13915.75,0.798446,92.793013
859.000,92.7930,300.0000,64.9375,65.0074,13915.96,0.798483,92.793013
859.100,92.7930,300.0000,65.0000,65.0074,13916.16,0.798518,92.793013
859.200,92.7930,300.0000,65.0000,65.0074,13916.35,0.798550,92.793013
859.300,92.7930,300.0000,64.9375,65.0074,13916.52,0.798580,92.793013
859.400,92.7930,300.0000,65.0625,65.0075,13916.68,0.798607,92.793013
859.500,92.7930,300.0000,65.0000,65.0075,13916.83,0.798633,92.793013
859.600,92.7930,300.0000,64.8750,65.0075,13916.97,0.798658,92.793013
859.700,92.7930,300.0000,65.0000,65.0075,13917.11,0.798680,92.793013
859.800,92.7930,300.0000,64.9375,65.0075,13917.23,0.798702,92.793013
859.900,92.7930,300.0000,65.0625,65.0075,13917.34,0.798721,92.793013
860.000,92.8869,300.0000,65.0625,65.0075,13918.39,0.798902,92.795101
860.100,92.8869,300.0000,64.9375,65.0075,13919.37,0.799070,92.795101
860.200,92.8869,300.0000,65.0000,65.0075,13920.28,0.799227,92.795101
860.300,92.8869,300.0000,65.0000,65.0075,13921.13,0.799373,92.795101
860.400,92.8869,300.0000,65.0000,65.0075,13921.92,0.799510,92.795101
860.500,92.8869,300.0000,65.0000,65.0075,13922.66,0.799637,92.795101
860.600,92.8869,300.0000,65.1250,65.0074,13923.35,0.799756,92.795101
860.700,92.8869,300.0000,65.0625,65.0074,13924.00,0.799868,92.795101
860.800,92.8869,300.0000,65.0000,65.0073,13924.60,0.799971,92.795101
860.900,92.8869,300.0000,65.1250,65.0073,13925.16,0.800068,92.795101
861.000,92.9828,300.0000,65.0625,65.0072,13926.65,0.800324,92.799275
861.100,92.9828,300.0000,65.0625,65.0072,13928.03,0.800563,92.799275
861.200,92.9828,300.0000,65.0000,65.0071,13929.33,0.800786,92.799275
861.300,92.9828,300.0000,65.0000,65.0070,13930.53,0.800994,92.799275
861.400,92.9828,300.0000,64.9375,65.0069,13931.66,0.801188,92.799275
861.500,92.9828,300.0000,65.0000,65.0068,13932.71,0.801370,92.799275
861.600,92.9828,300.0000,65.0625,65.0066,13933.69,0.801539,92.799275
861.700,92.9828,300.0000,64.9375,65.0065,13934.61,0.801697,92.799275
861.800,92.9828,300.0000,65.0000,65.0064,13935.46,0.801845,92.799275
861.900,92.9828,300.0000,65.0000,65.0062,13936.26,0.801982,92.799275
862.000,92.7993,300.0000,65.0625,65.0061,13935.17,0.801794,92.799275
862.100,92.7993,300.0000,64.8750,65.0060,13934.15,0.801618,92.799275
862.200,92.7993,300.0000,65.0625,65.0059,13933.20,0.801454,92.799275
862.300,92.7993,300.0000,65.0000,65.0058,13932.31,0.801301,92.799275
862.400,92.7993,300.0000,65.0625,65.0057,13931.48,0.801158,92.799275
862.500,92.7993,300.0000,65.0000,65.0056,13930.71,0.801025,92.799275
862.600,92.7993,300.0000,65.0000,65.0055,13929.99,0.800901,92.799275
862.700,92.7993,300.0000,65.0000,65.0054,13929.32,0.800784,92.799275
862.800,92.7993,300.0000,65.0625,65.0053,13928.69,0.800676,92.799275
862.900,92.7993,300.0000,65.0625,65.0053,13928.10,0.800575,92.799275
863.000,92.8931,300.0000,65.0625,65.0052,13928.49,0.800642,92.801363
863.100,92.8931,300.0000,65.1250,65.0051,13928.86,0.800705,92.801363
863.200,92.8931,300.0000,65.0625,65.0050,13929.20,0.800764,92.801363
863.300,92.8931,300.0000,64.9375,65.0049,13929.52,0.800819,92.801363
863.400,92.8931,300.0000,65.0000,65.0049,13929.81,0.800870,92.801363
863.500,92.8931,300.0000,65.0000,65.0048,13930.09,0.800918,92.801363
863.600,92.8931,300.0000,65.0000,65.0047,13930.35,0.800963,92.801363
863.700,92.8931,300.0000,64.8750,65.0046,13930.59,0.801004,92.801363
863.800,92.8931,300.0000,65.0625,65.0045,13930.82,0.801043,92.801363
863.900,92.8931,300.0000,65.0625,65.0044,13931.03,0.801080,92.801363
864.000,92.8952,300.0000,65.0625,65.0043,13931.24,0.801117,92.803450
864.100,92.8952,300.0000,65.0000,65.0042,13931.45,0.801152,92.803450
864.200,92.8952,300.0000,65.0000,65.0041,13931.64,0.801185,92.803450
864.300,92.8952,300.0000,65.0000,65.0040,13931.81,0.801215,92.803450
864.400,92.8952,300.0000,65.0625,65.0039,13931.98,0.801244,92.803450
864.500,92.8952,300.0000,64.9375,65.0038,13932.13,0.801270,92.803450
864.600,92.8952,300.0000,65.0625,65.0037,13932.27,0.801295,92.803450
864.700,92.8952,300.0000,65.0000,65.0036,13932.41,0.801318,92.803450
864.800,92.8952,300.0000,64.9375,65.0035,13932.53,0.801340,92.803450
864.900,92.8952,300.0000,64.9375,65.0034,13932.65,0.801360,92.803450
865.000,92.7096,300.0000,65.0000,65.0033,13930.90,0.801058,92.801363
865.100,92.7096,300.0000,65.0000,65.0033,13929.27,0.800777,92.801363
865.200,92.7096,300.0000,64.9375,65.0032,13927.75,0.800514,92.801363
865.300,92.7096,300.0000,65.0625,65.0031,13926.33,0.800269,92.801363
865.400,92.7096,300.0000,65.0000,65.0031,13925.00,0.800041,92.801363
865.500,92.7096,300.0000,64.9375,65.0031,13923.77,0.799827,92.801363
865.600,92.7096,300.0000,64.9375,65.0030,13922.61,0.799628,92.801363
865.700,92.7096,300.0000,65.0000,65.0030,13921.53,0.799443,92.801363
865.800,92.7096,300.0000,65.0000,65.0030,13920.53,0.799269,92.801363
865.900,92.7096,300.0000,65.0000,65.0030,13919.59,0.799107,92.801363
866.000,92.8014,300.0000,65.0000,65.0030,13919.63,0.799115,92.801363
866.100,92.8014,300.0000,64.8750,65.0030,13919.67,0.799121,92.801363
866.200,92.8014,300.0000,64.9375,65.0031,13919.70,0.799127,92.801363
866.300,92.8014,300.0000,65.0625,65.0031,13919.74,0.799133,92.801363
866.400,92.8014,300.0000,64.9375,65.0031,13919.77,0.799139,92.801363
866.500,92.8014,300.0000,65.0625,65.0031,13919.80,0.799144,92.801363
866.600,92.8014,300.0000,64.9375,65.0031,13919.82,0.799148,92.801363
866.700,92.8014,300.0000,65.0625,65.0031,13919.85,0.799153,92.801363
866.800,92.8014,300.0000,65.0000,65.0031,13919.87,0.799157,92.801363
866.900,92.8014,300.0000,65.0000,65.0031,13919.89,0.799161,92.801363
867.000,92.8014,300.0000,65.0625,65.0031,13919.91,0.799164,92.801363
867.100,92.8014,300.0000,65.0000,65.0031,13919.93,0.799167,92.801363
867.200,92.8014,300.0000,65.0625,65.0031,13919.95,0.799171,92.801363
867.300,92.8014,300.0000,64.9375,65.0031,13919.97,0.799173,92.801363
867.400,92.8014,300.0000,65.0625,65.0031,13919.98,0.799176,92.801363
867.500,92.8014,300.0000,65.0000,65.0031,13920.00,0.799179,92.801363
867.600,92.8014,300.0000,65.0000,65.0031,13920.01,0.799181,92.801363
867.700,92.8014,300.0000,65.0000,65.0031,13920.03,0.799183,92.801363
867.800,92.8014,300.0000,65.0625,65.0031,13920.04,0.799185,92.801363
867.900,92.8014,300.0000,65.0625,65.0031,13920.05,0.799187,92.801363
868.000,92.8952,300.0000,65.0000,65.0031,13921.00,0.799351,92.803450
868.100,92.8952,300.0000,65.0000,65.0031,13921.88,0.799503,92.803450
868.200,92.8952,300.0000,65.0625,65.0031,13922.71,0.799646,92.803450
868.300,92.8952,300.0000,65.0625,65.0030,13923.48,0.799779,92.803450
868.400,92.8952,300.0000,65.0000,65.0030,13924.20,0.799903,92.803450
868.500,92.8952,300.0000,65.0000,65.0030,13924.87,0.800019,92.803450
868.600,92.8952,300.0000,65.0000,65.0029,13925.50,0.800127,92.803450
868.700,92.8952,300.0000,65.0625,65.0029,13926.09,0.800228,92.803450
868.800,92.8952,300.0000,65.1250,65.0028,13926.63,0.800322,92.803450
868.900,92.8952,300.0000,65.0000,65.0028,13927.14,0.800410,92.803450
869.000,92.8034,300.0000,65.0000,65.0027,13926.70,0.800334,92.803450
869.100,92.8034,300.0000,65.0000,65.0027,13926.29,0.800263,92.803450
869.200,92.8034,300.0000,65.0000,65.0026,13925.91,0.800196,92.803450
869.300,92.8034,300.0000,65.0625,65.0026,13925.55,0.800134,92.803450
869.400,92.8034,300.0000,65.0000,65.0025,13925.21,0.800077,92.803450
869.500,92.8034,300.0000,65.0625,65.0025,13924.90,0.800023,92.803450
869.600,92.8034,300.0000,65.0625,65.0024,13924.61,0.799972,92.803450
869.700,92.8034,300.0000,64.9375,65.0024,13924.33,0.799925,92.803450
869.800,92.8034,300.0000,65.0000,65.0024,13924.08,0.799881,92.803450
869.900,92.8034,300.0000,65.0000,65.0024,13923.84,0.799841,92.803450
870.000,92.8034,300.0000,65.0000,65.0023,13923.62,0.799802,92.803450
870.100,92.8034,300.0000,65.0000,65.0023,13923.41,0.799767,92.803450
870.200,92.8034,300.0000,65.1250,65.0023,13923.22,0.799733,92.803450
870.300,92.8034,300.0000,65.0000,65.0023,13923.04,0.799702,92.803450
870.400,92.8034,300.0000,64.9375,65.0022,13922.87,0.799673,92.803450
870.500,92.8034,300.0000,65.0000,65.0022,13922.71,0.799646,92.803450
870.600,92.8034,300.0000,65.0000,65.0022,13922.57,0.799621,92.803450
870.700,92.8034,300.0000,65.0000,65.0022,13922.43,0.799598,92.803450
870.800,92.8034,300.0000,65.0000,65.0022,13922.30,0.799576,92.803450
870.900,92.8034,300.0000,64.9375,65.0022,13922.18,0.799555,92.803450
871.000,92.7096,300.0000,65.0000,65.0022,13921.13,0.799374,92.801363
871.100,92.7096,300.0000,65.0000,65.0022,13920.16,0.799205,92.801363
871.200,92.7096,300.0000,64.9375,65.0022,13919.24,0.799048,92.801363
871.300,92.7096,300.0000,64.8750,65.0022,13918.39,0.798901,92.801363
871.400,92.7096,300.0000,65.0000,65.0022,13917.59,0.798764,92.801363
871.500,92.7096,300.0000,64.9375,65.0022,13916.85,0.798636,92.801363
871.600,92.7096,300.0000,65.0000,65.0023,13916.15,0.798516,92.801363
871.700,92.7096,300.0000,65.0000,65.0023,13915.51,0.798405,92.801363
871.800,92.7096,300.0000,64.9375,65.0024,13914.90,0.798301,92.801363
871.900,92.7096,300.0000,65.0625,65.0024,13914.34,0.798204,92.801363
872.000,92.8952,300.0000,65.0000,65.0024,13915.67,0.798433,92.803450
872.100,92.8952,300.0000,65.0625,65.0025,13916.91,0.798646,92.803450
872.200,92.8952,300.0000,65.0000,65.0025,13918.07,0.798846,92.803450
872.300,92.8952,300.0000,65.0000,65.0025,13919.15,0.799032,92.803450
872.400,92.8952,300.0000,65.0625,65.0025,13920.16,0.799206,92.803450
872.500,92.8952,300.0000,65.0625,65.0025,13921.10,0.799368,92.803450
872.600,92.8952,300.0000,65.0625,65.0025,13921.98,0.799519,92.803450
872.700,92.8952,300.0000,64.9375,65.0025,13922.80,0.799661,92.803450
872.800,92.8952,300.0000,65.0625,65.0024,13923.56,0.799793,92.803450
872.900,92.8952,300.0000,64.9375,65.0024,13924.28,0.799916,92.803450
873.000,92.7096,300.0000,65.0000,65.0024,13923.09,0.799711,92.801363
873.100,92.7096,300.0000,65.0000,65.0024,13921.98,0.799520,92.801363
873.200,92.7096,300.0000,65.0000,65.0024,13920.94,0.799341,92.801363
873.300,92.7096,300.0000,65.0000,65.0024,13919.98,0.799175,92.801363
873.400,92.7096,300.0000,65.0000,65.0024,13919.07,0.799019,92.801363
873.500,92.7096,300.0000,65.0625,65.0024,13918.23,0.798874,92.801363
873.600,92.7096,300.0000,65.0000,65.0024,13917.44,0.798739,92.801363
873.700,92.7096,300.0000,65.0000,65.0025,13916.71,0.798612,92.801363
873.800,92.7096,300.0000,64.9375,65.0025,13916.03,0.798494,92.801363
873.900,92.7096,300.0000,65.1250,65.0025,13915.39,0.798384,92.801363
874.000,92.9891,300.0000,64.9375,65.0026,13917.59,0.798763,92.805537
874.100,92.9891,300.0000,65.0000,65.0026,13919.64,0.799116,92.805537
874.200,92.9891,300.0000,65.0625,65.0026,13921.55,0.799446,92.805537
874.300,92.9891,300.0000,64.9375,65.0025,13923.34,0.799754,92.805537
874.400,92.9891,300.0000,65.0000,65.0025,13925.01,0.800042,92.805537
874.500,92.9891,300.0000,65.0000,65.0024,13926.57,0.800310,92.805537
874.600,92.9891,300.0000,64.9375,65.0024,13928.02,0.800561,92.805537
874.700,92.9891,300.0000,64.9375,65.0023,13929.38,0.800795,92.805537
874.800,92.9891,300.0000,65.0000,65.0022,13930.64,0.801013,92.805537
874.900,92.9891,300.0000,64.9375,65.0021,13931.82,0.801217,92.805537
875.000,92.7117,300.0000,65.1250,65.0020,13930.15,0.800928,92.803450
875.100,92.7117,300.0000,65.0625,65.0020,13928.59,0.800659,92.803450
875.200,92.7117,300.0000,65.0625,65.0019,13927.14,0.800408,92.803450
875.300,92.7117,300.0000,65.0625,65.0019,13925.78,0.800174,92.803450
875.400,92.7117,300.0000,65.0000,65.0018,13924.51,0.799955,92.803450
875.500,92.7117,300.0000,64.9375,65.0018,13923.32,0.799751,92.803450
875.600,92.7117,300.0000,65.0000,65.0018,13922.22,0.799561,92.803450
875.700,92.7117,300.0000,65.0000,65.0018,13921.19,0.799383,92.803450
875.800,92.7117,300.0000,65.0000,65.0018,13920.23,0.799218,92.803450
875.900,92.7117,300.0000,65.0625,65.0018,13919.33,0.799063,92.803450
876.000,92.8973,300.0000,65.0000,65.0018,13920.34,0.799238,92.805537
876.100,92.8973,300.0000,65.0000,65.0018,13921.30,0.799402,92.805537
876.200,92.8973,300.0000,65.0625,65.0018,13922.18,0.799555,92.805537
876.300,92.8973,300.0000,64.9375,65.0018,13923.01,0.799697,92.805537
876.400,92.8973,300.0000,64.9375,65.0017,13923.78,0.799830,92.805537
876.500,92.8973,300.0000,65.0000,65.0017,13924.50,0.799955,92.805537
876.600,92.8973,300.0000,65.0000,65.0017,13925.18,0.800071,92.805537
876.700,92.8973,300.0000,65.0000,65.0016,13925.80,0.800179,92.805537
876.800,92.8973,300.0000,64.9375,65.0016,13926.39,0.800280,92.805537
876.900,92.8973,300.0000,64.8750,65.0015,13926.94,0.800374,92.805537
877.000,92.6178,300.0000,65.1250,65.0015,13924.65,0.799980,92.801363
877.100,92.6178,300.0000,65.0000,65.0015,13922.52,0.799613,92.801363
877.200,92.6178,300.0000,65.0000,65.0015,13920.53,0.799270,92.801363
877.300,92.6178,300.0000,64.9375,65.0015,13918.67,0.798950,92.801363
877.400,92.6178,300.0000,65.0625,65.0015,13916.94,0.798652,92.801363
877.500,92.6178,300.0000,65.0000,65.0016,13915.32,0.798373,92.801363
877.600,92.6178,300.0000,65.0000,65.0016,13913.81,0.798113,92.801363
877.700,92.6178,300.0000,65.0625,65.0017,13912.40,0.797871,92.801363
877.800,92.6178,300.0000,65.0625,65.0018,13911.09,0.797645,92.801363
877.900,92.6178,300.0000,64.9375,65.0019,13909.86,0.797433,92.801363
878.000,92.7075,300.0000,65.0625,65.0020,13909.61,0.797391,92.799275
878.100,92.7075,300.0000,64.9375,65.0020,13909.38,0.797351,92.799275
878.200,92.7075,300.0000,65.0000,65.0021,13909.16,0.797313,92.799275
878.300,92.7075,300.0000,65.0000,65.0022,13908.96,0.797278,92.799275
878.400,92.7075,300.0000,64.9375,65.0023,13908.77,0.797246,92.799275
878.500,92.7075,300.0000,65.0000,65.0024,13908.59,0.797216,92.799275
878.600,92.7075,300.0000,65.0000,65.0025,13908.43,0.797187,92.799275
878.700,92.7075,300.0000,64.9375,65.0026,13908.27,0.797161,92.799275
878.800,92.7075,300.0000,65.1250,65.0027,13908.13,0.797136,92.799275
878.900,92.7075,300.0000,65.0625,65.0028,13908.00,0.797113,92.799275
879.000,92.8931,300.0000,64.9375,65.0029,13909.73,0.797411,92.801363
879.100,92.8931,300.0000,65.0000,65.0030,13911.35,0.797689,92.801363
879.200,92.8931,300.0000,64.9375,65.0031,13912.85,0.797949,92.801363
879.300,92.8931,300.0000,65.0000,65.0031,13914.26,0.798191,92.801363
879.400,92.8931,300.0000,64.9375,65.0031,13915.58,0.798417,92.801363
879.500,92.8931,300.0000,65.0625,65.0032,13916.80,0.798628,92.801363
879.600,92.8931,300.0000,65.0625,65.0032,13917.95,0.798825,92.801363
879.700,92.8931,300.0000,65.0000,65.0032,13919.01,0.799009,92.801363
879.800,92.8931,300.0000,65.0625,65.0032,13920.01,0.799181,92.801363
879.900,92.8931,300.0000,64.9375,65.0032,13920.94,0.799341,92.801363
880.000,92.7075,300.0000,65.0000,65.0032,13919.95,0.799171,92.799275
880.100,92.7075,300.0000,65.0000,65.0032,13919.03,0.799012,92.799275
880.200,92.7075,300.0000,65.0000,65.0032,13918.17,0.798864,92.799275
880.300,92.7075,300.0000,65.0000,65.0033,13917.37,0.798726,92.799275
880.400,92.7075,300.0000,65.0000,65.0033,13916.62,0.798597,92.799275
880.500,92.7075,300.0000,65.0625,65.0033,13915.92,0.798476,92.799275
880.600,92.7075,300.0000,65.0625,65.0034,13915.27,0.798364,92.799275
880.700,92.7075,300.0000,65.0000,65.0034,13914.66,0.798259,92.799275
880.800,92.7075,300.0000,65.0625,65.0035,13914.09,0.798161,92.799275
880.900,92.7075,300.0000,64.9375,65.0035,13913.56,0.798070,92.799275
881.000,92.7054,300.0000,65.0000,65.0036,13913.04,0.797981,92.797188
881.100,92.7054,300.0000,65.0000,65.0036,13912.56,0.797898,92.797188
881.200,92.7054,300.0000,65.1250,65.0037,13912.11,0.797820,92.797188
881.300,92.7054,300.0000,64.9375,65.0038,13911.69,0.797748,92.797188
881.400,92.7054,300.0000,65.0000,65.0038,13911.30,0.797681,92.797188
881.500,92.7054,300.0000,64.9375,65.0039,13910.93,0.797618,92.797188
881.600,92.7054,300.0000,65.0000,65.0040,13910.59,0.797559,92.797188
881.700,92.7054,300.0000,65.0000,65.0041,13910.27,0.797504,92.797188
881.800,92.7054,300.0000,64.9375,65.0042,13909.97,0.797453,92.797188
881.900,92.7054,300.0000,64.9375,65.0042,13909.70,0.797405,92.797188
882.000,92.7033,300.0000,65.0625,65.0043,13909.42,0.797357,92.795101
882.100,92.7033,300.0000,65.0625,65.0044,13909.16,0.797312,92.795101
882.200,92.7033,300.0000,65.0000,65.0045,13908.91,0.797270,92.795101
882.300,92.7033,300.0000,65.0625,65.0046,13908.68,0.797231,92.795101
882.400,92.7033,300.0000,65.0000,65.0047,13908.47,0.797195,92.795101
882.500,92.7033,300.0000,65.0000,65.0048,13908.27,0.797161,92.795101
882.600,92.7033,300.0000,65.0000,65.0049,13908.09,0.797129,92.795101
882.700,92.7033,300.0000,65.0000,65.0050,13907.92,0.797099,92.795101
882.800,92.7033,300.0000,64.9375,65.0051,13907.75,0.797071,92.795101
882.900,92.7033,300.0000,65.0000,65.0052,13907.60,0.797046,92.795101
883.000,92.7951,300.0000,65.0000,65.0053,13908.38,0.797179,92.795101
883.100,92.7951,300.0000,65.0625,65.0054,13909.11,0.797304,92.795101
883.200,92.7951,300.0000,65.0625,65.0054,13909.78,0.797420,92.795101
883.300,92.7951,300.0000,65.0000,65.0055,13910.42,0.797529,92.795101
883.400,92.7951,300.0000,65.0625,65.0056,13911.01,0.797631,92.795101
883.500,92.7951,300.0000,65.0625,65.0057,13911.56,0.797725,92.795101
883.600,92.7951,300.0000,65.0000,65.0057,13912.07,0.797814,92.795101
883.700,92.7951,300.0000,65.0625,65.0058,13912.55,0.797896,92.795101
883.800,92.7951,300.0000,65.0000,65.0058,13913.00,0.797973,92.795101
883.900,92.7951,300.0000,65.0625,65.0059,13913.42,0.798045,92.795101
884.000,92.8890,300.0000,65.0625,65.0059,13914.74,0.798274,92.797188
884.100,92.8890,300.0000,64.9375,65.0059,13915.98,0.798487,92.797188
884.200,92.8890,300.0000,65.0000,65.0060,13917.14,0.798687,92.797188
884.300,92.8890,300.0000,64.8750,65.0060,13918.22,0.798873,92.797188
884.400,92.8890,300.0000,65.0625,65.0060,13919.23,0.799046,92.797188
884.500,92.8890,300.0000,65.0000,65.0060,13920.17,0.799208,92.797188
884.600,92.8890,300.0000,64.9375,65.0060,13921.05,0.799360,92.797188
884.700,92.8890,300.0000,64.9375,65.0059,13921.87,0.799501,92.797188
884.800,92.8890,300.0000,65.1250,65.0059,13922.63,0.799633,92.797188
884.900,92.8890,300.0000,65.0000,65.0059,13923.35,0.799756,92.797188
885.000,92.7972,300.0000,65.0000,65.0059,13923.10,0.799712,92.797188
885.100,92.7972,300.0000,65.0625,65.0058,13922.86,0.799672,92.797188
885.200,92.7972,300.0000,64.9375,65.0058,13922.64,0.799634,92.797188
885.300,92.7972,300.0000,65.0000,65.0058,13922.44,0.799599,92.797188
885.400,92.7972,300.0000,65.0000,65.0057,13922.25,0.799566,92.797188
885.500,92.7972,300.0000,64.9375,65.0057,13922.07,0.799535,92.797188
885.600,92.7972,300.0000,65.0000,65.0057,13921.90,0.799507,92.797188
885.700,92.7972,300.0000,64.9375,65.0057,13921.75,0.799480,92.797188
885.800,92.7972,300.0000,64.9375,65.0057,13921.60,0.799455,92.797188
885.900,92.7972,300.0000,65.0625,65.0057,13921.47,0.799432,92.797188
886.000,92.8911,300.0000,65.0625,65.0056,13922.28,0.799572,92.799275
886.100,92.8911,300.0000,65.0625,65.0056,13923.04,0.799703,92.799275
886.200,92.8911,300.0000,65.0625,65.0056,13923.75,0.799825,92.799275
886.300,92.8911,300.0000,64.9375,65.0055,13924.41,0.799938,92.799275
886.400,92.8911,300.0000,65.0000,65.0055,13925.03,0.800045,92.799275
886.500,92.8911,300.0000,65.0625,65.0054,13925.60,0.800144,92.799275
886.600,92.8911,300.0000,64.9375,65.0054,13926.14,0.800236,92.799275
886.700,92.8911,300.0000,65.0000,65.0053,13926.64,0.800323,92.799275
886.800,92.8911,300.0000,65.0000,65.0053,13927.11,0.800404,92.799275
886.900,92.8911,300.0000,65.0000,65.0052,13927.54,0.800479,92.799275
887.000,92.7993,300.0000,65.0625,65.0051,13927.03,0.800391,92.799275
887.100,92.7993,300.0000,65.0625,65.0051,13926.56,0.800309,92.799275
887.200,92.7993,300.0000,65.0625,65.0050,13926.11,0.800232,92.799275
887.300,92.7993,300.0000,65.1250,65.0050,13925.70,0.800161,92.799275
887.400,92.7993,300.0000,65.0000,65.0049,13925.31,0.800094,92.799275
887.500,92.7993,300.0000,65.0000,65.0049,13924.95,0.800032,92.799275
887.600,92.7993,300.0000,65.0625,65.0048,13924.61,0.799974,92.799275
887.700,92.7993,300.0000,65.0000,65.0048,13924.30,0.799919,92.799275
887.800,92.7993,300.0000,65.1250,65.0048,13924.00,0.799869,92.799275
887.900,92.7993,300.0000,65.0000,65.0047,13923.73,0.799821,92.799275
888.000,92.7993,300.0000,65.0000,65.0047,13923.47,0.799777,92.799275
888.100,92.7993,300.0000,65.0000,65.0047,13923.24,0.799736,92.799275
888.200,92.7993,300.0000,64.9375,65.0046,13923.01,0.799698,92.799275
888.300,92.7993,300.0000,65.0625,65.0046,13922.80,0.799662,92.799275
888.400,92.7993,300.0000,65.0000,65.0046,13922.61,0.799628,92.799275
888.500,92.7993,300.0000,65.0625,65.0046,13922.43,0.799597,92.799275
888.600,92.7993,300.0000,65.0625,65.0046,13922.26,0.799568,92.799275
888.700,92.7993,300.0000,65.0000,65.0045,13922.10,0.799541,92.799275
888.800,92.7993,300.0000,64.9375,65.0045,13921.95,0.799515,92.799275
888.900,92.7993,300.0000,65.0000,65.0045,13921.82,0.799492,92.799275
889.000,92.7993,300.0000,65.0625,65.0045,13921.69,0.799470,92.799275
889.100,92.7993,300.0000,65.0625,65.0045,13921.57,0.799449,92.799275
889.200,92.7993,300.0000,65.0000,65.0045,13921.46,0.799430,92.799275
889.300,92.7993,300.0000,65.0000,65.0044,13921.35,0.799412,92.799275
889.400,92.7993,300.0000,65.1250,65.0044,13921.26,0.799395,92.799275
889.500,92.7993,300.0000,64.9375,65.0044,13921.16,0.799379,92.799275
889.600,92.7993,300.0000,65.0625,65.0044,13921.08,0.799365,92.799275
889.700,92.7993,300.0000,65.0625,65.0044,13921.00,0.799351,92.799275
889.800,92.7993,300.0000,65.0000,65.0044,13920.93,0.799338,92.799275
889.900,92.7993,300.0000,65.0000,65.0044,13920.86,0.799326,92.799275
890.000,92.7993,300.0000,65.0000,65.0044,13920.79,0.799315,92.799275
890.100,92.7993,300.0000,65.0625,65.0044,13920.73,0.799305,92.799275
890.200,92.7993,300.0000,64.9375,65.0044,13920.68,0.799295,92.799275
890.300,92.7993,300.0000,64.9375,65.0044,13920.62,0.799286,92.799275
890.400,92.7993,300.0000,65.0000,65.0044,13920.58,0.799278,92.799275
890.500,92.7993,300.0000,65.0000,65.0043,13920.53,0.799270,92.799275
890.600,92.7993,300.0000,65.0625,65.0043,13920.49,0.799263,92.799275
890.700,92.7993,300.0000,65.0000,65.0043,13920.45,0.799256,92.799275
890.800,92.7993,300.0000,64.9375,65.0043,13920.41,0.799249,92.799275
890.900,92.7993,300.0000,65.0625,65.0043,13920.38,0.799243,92.799275
891.000,92.8931,300.0000,65.0625,65.0043,13921.28,0.799400,92.801363
891.100,92.8931,300.0000,65.0000,65.0043,13922.13,0.799545,92.801363
891.200,92.8931,300.0000,65.0625,65.0043,13922.92,0.799681,92.801363
891.300,92.8931,300.0000,65.0625,65.0042,13923.65,0.799808,92.801363
891.400,92.8931,300.0000,65.0000,65.0042,13924.34,0.799927,92.801363
891.500,92.8931,300.0000,65.0625,65.0042,13924.98,0.800038,92.801363
891.600,92.8931,300.0000,64.9375,65.0041,13925.58,0.800141,92.801363
891.700,92.8931,300.0000,64.9375,65.0041,13926.14,0.800237,92.801363
891.800,92.8931,300.0000,64.9375,65.0040,13926.66,0.800327,92.801363
891.900,92.8931,300.0000,65.0000,65.0040,13927.15,0.800411,92.801363
892.000,92.8014,300.0000,65.0000,65.0039,13926.69,0.800331,92.801363
892.100,92.8014,300.0000,65.0625,65.0038,13926.26,0.800257,92.801363
892.200,92.8014,300.0000,65.0000,65.0038,13925.85,0.800187,92.801363
892.300,92.8014,300.0000,64.9375,65.0037,13925.48,0.800122,92.801363
892.400,92.8014,300.0000,65.0000,65.0037,13925.12,0.800062,92.801363
892.500,92.8014,300.0000,65.0625,65.0037,13924.80,0.800005,92.801363
892.600,92.8014,300.0000,64.9375,65.0036,13924.49,0.799952,92.801363
892.700,92.8014,300.0000,64.9375,65.0036,13924.20,0.799903,92.801363
892.800,92.8014,300.0000,64.8750,65.0036,13923.94,0.799857,92.801363
892.900,92.8014,300.0000,65.0625,65.0035,13923.69,0.799814,92.801363
893.000,92.8952,300.0000,65.0000,65.0035,13924.40,0.799936,92.803450
893.100,92.8952,300.0000,65.0000,65.0035,13925.05,0.800050,92.803450
893.200,92.8952,300.0000,65.0000,65.0034,13925.67,0.800156,92.803450
893.300,92.8952,300.0000,64.9375,65.0034,13926.24,0.800255,92.803450
893.400,92.8952,300.0000,65.0625,65.0033,13926.78,0.800347,92.803450
893.500,92.8952,300.0000,65.0000,65.0032,13927.28,0.800433,92.803450
893.600,92.8952,300.0000,65.0000,65.0032,13927.75,0.800514,92.803450
893.700,92.8952,300.0000,65.0000,65.0031,13928.18,0.800589,92.803450
893.800,92.8952,300.0000,65.0000,65.0030,13928.59,0.800659,92.803450
893.900,92.8952,300.0000,65.0000,65.0030,13928.97,0.800725,92.803450
894.000,92.8034,300.0000,65.0000,65.0029,13928.41,0.800628,92.803450
894.100,92.8034,300.0000,64.9375,65.0028,13927.88,0.800537,92.803450
894.200,92.8034,300.0000,65.0000,65.0028,13927.39,0.800452,92.803450
894.300,92.8034,300.0000,65.1250,65.0027,13926.93,0.800373,92.803450
894.400,92.8034,300.0000,65.0000,65.0027,13926.50,0.800299,92.803450
894.500,92.8034,300.0000,65.0000,65.0026,13926.10,0.800231,92.803450
894.600,92.8034,300.0000,65.0625,65.0026,13925.73,0.800166,92.803450
894.700,92.8034,300.0000,65.0000,65.0025,13925.38,0.800107,92.803450
894.800,92.8034,300.0000,64.9375,65.0025,13925.06,0.800051,92.803450
894.900,92.8034,300.0000,65.0625,65.0025,13924.76,0.799998,92.803450
895.000,92.8973,300.0000,65.0000,65.0024,13925.41,0.800112,92.805537
895.100,92.8973,300.0000,64.9375,65.0024,13926.03,0.800217,92.805537
895.200,92.8973,300.0000,65.0000,65.0023,13926.60,0.800316,92.805537
895.300,92.8973,300.0000,65.0000,65.0023,13927.13,0.800408,92.805537
895.400,92.8973,300.0000,65.0625,65.0022,13927.63,0.800493,92.805537
895.500,92.8973,300.0000,65.0625,65.0021,13928.09,0.800573,92.805537
895.600,92.8973,300.0000,64.8750,65.0021,13928.53,0.800648,92.805537
895.700,92.8973,300.0000,65.0625,65.0020,13928.93,0.800718,92.805537
895.800,92.8973,300.0000,64.9375,65.0019,13929.31,0.800783,92.805537
895.900,92.8973,300.0000,65.0625,65.0019,13929.66,0.800844,92.805537
896.000,92.8994,300.0000,65.0000,65.0018,13930.01,0.800904,92.807624
896.100,92.8994,300.0000,65.0625,65.0017,13930.34,0.800961,92.807624
896.200,92.8994,300.0000,65.1250,65.0016,13930.64,0.801013,92.807624
896.300,92.8994,300.0000,65.0000,65.0015,13930.93,0.801062,92.807624
896.400,92.8994,300.0000,65.0000,65.0014,13931.19,0.801108,92.807624
896.500,92.8994,300.0000,65.0000,65.0014,13931.44,0.801151,92.807624
896.600,92.8994,300.0000,65.0000,65.0013,13931.67,0.801191,92.807624
896.700,92.8994,300.0000,65.0000,65.0012,13931.89,0.801228,92.807624
896.800,92.8994,300.0000,64.9375,65.0011,13932.09,0.801263,92.807624
896.900,92.8994,300.0000,65.0625,65.0010,13932.28,0.801295,92.807624
897.000,92.9015,300.0000,64.9375,65.0009,13932.47,0.801329,92.809712
897.100,92.9015,300.0000,65.0625,65.0008,13932.66,0.801361,92.809712
897.200,92.9015,300.0000,65.0625,65.0007,13932.83,0.801390,92.809712
897.300,92.9015,300.0000,64.9375,65.0006,13932.99,0.801418,92.809712
897.400,92.9015,300.0000,64.9375,65.0005,13933.14,0.801444,92.809712
897.500,92.9015,300.0000,65.0625,65.0004,13933.28,0.801468,92.809712
897.600,92.9015,300.0000,64.9375,65.0003,13933.41,0.801490,92.809712
897.700,92.9015,300.0000,65.0000,65.0002,13933.53,0.801511,92.809712
897.800,92.9015,300.0000,65.0625,65.0001,13933.64,0.801530,92.809712
897.900,92.9015,300.0000,64.9375,65.0000,13933.75,0.801549,92.809712
898.000,92.7158,300.0000,65.0000,64.9999,13931.99,0.801245,92.807624
898.100,92.7158,300.0000,64.9375,64.9998,13930.35,0.800962,92.807624
898.200,92.7158,300.0000,65.1250,64.9997,13928.82,0.800698,92.807624
898.300,92.7158,300.0000,65.0000,64.9997,13927.39,0.800452,92.807624
898.400,92.7158,300.0000,65.0000,64.9996,13926.05,0.800222,92.807624
898.500,92.7158,300.0000,65.0625,64.9996,13924.81,0.800007,92.807624
898.600,92.7158,300.0000,65.0000,64.9996,13923.65,0.799807,92.807624
898.700,92.7158,300.0000,65.0625,64.9996,13922.56,0.799620,92.807624
898.800,92.7158,300.0000,65.0000,64.9996,13921.55,0.799446,92.807624
898.900,92.7158,300.0000,65.1250,64.9996,13920.60,0.799283,92.807624
899.000,92.9954,300.0000,65.0000,64.9996,13922.52,0.799612,92.811799
899.100,92.9954,300.0000,65.0000,64.9995,13924.30,0.799920,92.811799
899.200,92.9954,300.0000,65.0000,64.9995,13925.97,0.800207,92.811799
899.300,92.9954,300.0000,64.9375,64.9994,13927.53,0.800476,92.811799
899.400,92.9954,300.0000,65.1250,64.9994,13928.98,0.800726,92.811799
899.500,92.9954,300.0000,65.0625,64.9993,13930.33,0.800960,92.811799
899.600,92.9954,300.0000,64.9375,64.9992,13931.60,0.801178,92.811799
899.700,92.9954,300.0000,65.0625,64.9991,13932.78,0.801382,92.811799
899.800,92.9954,300.0000,65.0625,64.9990,13933.88,0.801572,92.811799
899.900,92.9954,300.0000,64.9375,64.9989,13934.91,0.801749,92.811799
900.000,92.7179,300.0000,65.0625,64.9988,13933.09,0.801436,92.809712
900.100,92.7179,300.0000,65.0000,64.9987,13931.40,0.801144,92.809712
900.200,92.7179,300.0000,65.0000,64.9987,13929.82,0.800871,92.809712
900.300,92.7179,300.0000,65.0000,64.9986,13928.34,0.800617,92.809712
900.400,92.7179,300.0000,65.0625,64.9986,13926.97,0.800379,92.809712
900.500,92.7179,300.0000,65.0000,64.9985,13925.68,0.800158,92.809712
900.600,92.7179,300.0000,65.0000,64.9985,13924.48,0.799951,92.809712
900.700,92.7179,300.0000,65.0625,64.9985,13923.36,0.799758,92.809712
900.800,92.7179,300.0000,65.0000,64.9985,13922.32,0.799578,92.809712
900.900,92.7179,300.0000,65.0625,64.9985,13921.34,0.799410,92.809712
901.000,92.9036,300.0000,64.9375,64.9985,13922.29,0.799573,92.811799
901.100,92.9036,300.0000,64.9375,64.9984,13923.17,0.799725,92.811799
901.200,92.9036,300.0000,65.0000,64.9984,13924.00,0.799867,92.811799
901.300,92.9036,300.0000,65.0000,64.9984,13924.77,0.800000,92.811799
901.400,92.9036,300.0000,65.0625,64.9984,13925.48,0.800124,92.811799
901.500,92.9036,300.0000,65.0625,64.9983,13926.15,0.800239,92.811799
901.600,92.9036,300.0000,65.0625,64.9983,13926.78,0.800347,92.811799
901.700,92.9036,300.0000,65.0000,64.9982,13927.36,0.800448,92.811799
901.800,92.9036,300.0000,64.9375,64.9982,13927.91,0.800542,92.811799
901.900,92.9036,300.0000,65.0000,64.9981,13928.42,0.800629,92.811799
902.000,92.8118,300.0000,64.8125,64.9981,13927.97,0.800553,92.811799
902.100,92.8118,300.0000,64.9375,64.9980,13927.56,0.800482,92.811799
902.200,92.8118,300.0000,65.0000,64.9980,13927.17,0.800415,92.811799
902.300,92.8118,300.0000,65.0625,64.9979,13926.81,0.800353,92.811799
902.400,92.8118,300.0000,64.9375,64.9979,13926.48,0.800295,92.811799
902.500,92.8118,300.0000,65.0000,64.9979,13926.16,0.800241,92.811799
902.600,92.8118,300.0000,64.9375,64.9978,13925.87,0.800190,92.811799
902.700,92.8118,300.0000,64.8750,64.9978,13925.60,0.800143,92.811799
902.800,92.8118,300.0000,65.0000,64.9978,13925.34,0.800099,92.811799
902.900,92.8118,300.0000,65.0625,64.9977,13925.10,0.800058,92.811799
903.000,92.9057,300.0000,64.9375,64.9977,13925.82,0.800182,92.813886
903.100,92.9057,300.0000,65.0000,64.9976,13926.49,0.800297,92.813886
903.200,92.9057,300.0000,64.9375,64.9976,13927.11,0.800405,92.813886
903.300,92.9057,300.0000,65.0000,64.9976,13927.70,0.800505,92.813886
903.400,92.9057,300.0000,65.0000,64.9975,13928.24,0.800599,92.813886
903.500,92.9057,300.0000,65.0000,64.9974,13928.75,0.800686,92.813886
903.600,92.9057,300.0000,64.9375,64.9974,13929.22,0.800768,92.813886
903.700,92.9057,300.0000,65.0000,64.9973,13929.66,0.800844,92.813886
903.800,92.9057,300.0000,65.0000,64.9972,13930.07,0.800915,92.813886
903.900,92.9057,300.0000,65.0625,64.9972,13930.46,0.800982,92.813886
904.000,92.9078,300.0000,65.0625,64.9971,13930.84,0.801047,92.815974
904.100,92.9078,300.0000,64.9375,64.9970,13931.20,0.801109,92.815974
904.200,92.9078,300.0000,64.8750,64.9969,13931.53,0.801166,92.815974
904.300,92.9078,300.0000,65.0000,64.9969,13931.84,0.801219,92.815974
904.400,92.9078,300.0000,65.0625,64.9968,13932.12,0.801269,92.815974
904.500,92.9078,300.0000,65.0625,64.9967,13932.39,0.801315,92.815974
904.600,92.9078,300.0000,65.0625,64.9966,13932.64,0.801359,92.815974
904.700,92.9078,300.0000,65.0000,64.9965,13932.88,0.801399,92.815974
904.800,92.9078,300.0000,65.0000,64.9964,13933.10,0.801437,92.815974
904.900,92.9078,300.0000,65.0000,64.9963,13933.30,0.801472,92.815974
905.000,92.8160,300.0000,65.1250,64.9962,13932.58,0.801347,92.815974
905.100,92.8160,300.0000,65.0625,64.9961,13931.90,0.801230,92.815974
905.200,92.8160,300.0000,65.0000,64.9961,13931.26,0.801120,92.815974
905.300,92.8160,300.0000,64.9375,64.9960,13930.67,0.801018,92.815974
905.400,92.8160,300.0000,65.0000,64.9959,13930.12,0.800923,92.815974
905.500,92.8160,300.0000,65.0000,64.9959,13929.61,0.800834,92.815974
905.600,92.8160,300.0000,65.0625,64.9958,13929.12,0.800751,92.815974
905.700,92.8160,300.0000,65.0000,64.9958,13928.68,0.800674,92.815974
905.800,92.8160,300.0000,64.9375,64.9957,13928.26,0.800602,92.815974
905.900,92.8160,300.0000,65.0000,64.9957,13927.87,0.800534,92.815974
906.000,92.8160,300.0000,65.0000,64.9956,13927.50,0.800472,92.815974
906.100,92.8160,300.0000,65.0000,64.9956,13927.16,0.800413,92.815974
906.200,92.8160,300.0000,65.1250,64.9955,13926.84,0.800358,92.815974
906.300,92.8160,300.0000,65.0000,64.9955,13926.55,0.800307,92.815974
906.400,92.8160,300.0000,65.0000,64.9955,13926.27,0.800259,92.815974
906.500,92.8160,300.0000,65.0000,64.9954,13926.01,0.800215,92.815974
906.600,92.8160,300.0000,65.0625,64.9954,13925.77,0.800173,92.815974
906.700,92.8160,300.0000,65.0000,64.9954,13925.55,0.800134,92.815974
906.800,92.8160,300.0000,65.0000,64.9954,13925.34,0.800098,92.815974
906.900,92.8160,300.0000,65.0000,64.9953,13925.14,0.800064,92.815974
907.000,92.8160,300.0000,65.0000,64.9953,13924.96,0.800033,92.815974
907.100,92.8160,300.0000,65.0000,64.9953,13924.79,0.800003,92.815974
907.200,92.8160,300.0000,65.0000,64.9953,13924.63,0.799976,92.815974
907.300,92.8160,300.0000,65.0625,64.9953,13924.48,0.799950,92.815974
907.400,92.8160,300.0000,65.0000,64.9952,13924.34,0.799926,92.815974
907.500,92.8160,300.0000,65.0625,64.9952,13924.21,0.799904,92.815974
907.600,92.8160,300.0000,65.0000,64.9952,13924.09,0.799883,92.815974
907.700,92.8160,300.0000,65.0000,64.9952,13923.98,0.799864,92.815974
907.800,92.8160,300.0000,65.0625,64.9952,13923.87,0.799846,92.815974
907.900,92.8160,300.0000,65.0000,64.9952,13923.77,0.799829,92.815974
908.000,92.8160,300.0000,64.9375,64.9952,13923.68,0.799813,92.815974
908.100,92.8160,300.0000,65.0625,64.9951,13923.60,0.799798,92.815974
908.200,92.8160,300.0000,65.0625,64.9951,13923.52,0.799784,92.815974
908.300,92.8160,300.0000,64.9375,64.9951,13923.44,0.799771,92.815974
908.400,92.8160,300.0000,65.0000,64.9951,13923.37,0.799759,92.815974
908.500,92.8160,300.0000,65.0625,64.9951,13923.31,0.799748,92.815974
908.600,92.8160,300.0000,65.0000,64.9951,13923.25,0.799738,92.815974
908.700,92.8160,300.0000,65.0000,64.9951,13923.19,0.799728,92.815974
908.800,92.8160,300.0000,65.0000,64.9951,13923.14,0.799719,92.815974
908.900,92.8160,300.0000,65.0000,64.9951,13923.09,0.799710,92.815974
909.000,92.8160,300.0000,65.0625,64.9951,13923.04,0.799703,92.815974
909.100,92.8160,300.0000,65.0000,64.9951,13923.00,0.799695,92.815974
909.200,92.8160,300.0000,65.0625,64.9951,13922.96,0.799688,92.815974
909.300,92.8160,300.0000,65.0625,64.9951,13922.92,0.799682,92.815974
909.400,92.8160,300.0000,64.9375,64.9951,13922.89,0.799676,92.815974
909.500,92.8160,300.0000,65.0625,64.9951,13922.85,0.799670,92.815974
909.600,92.8160,300.0000,65.0000,64.9951,13922.82,0.799665,92.815974
909.700,92.8160,300.0000,65.0000,64.9950,13922.79,0.799660,92.815974
909.800,92.8160,300.0000,65.0000,64.9950,13922.77,0.799655,92.815974
909.900,92.8160,300.0000,65.0625,64.9950,13922.74,0.799651,92.815974
910.000,92.9098,300.0000,65.0000,64.9950,13923.66,0.799809,92.818061
910.100,92.9098,300.0000,65.0000,64.9950,13924.51,0.799956,92.818061
910.200,92.9098,300.0000,65.0625,64.9950,13925.31,0.800094,92.818061
910.300,92.9098,300.0000,65.0625,64.9950,13926.05,0.800222,92.818061
910.400,92.9098,300.0000,65.0625,64.9949,13926.75,0.800342,92.818061
910.500,92.9098,300.0000,64.9375,64.9949,13927.40,0.800454,92.818061
910.600,92.9098,300.0000,64.9375,64.9948,13928.00,0.800558,92.818061
910.700,92.9098,300.0000,64.9375,64.9948,13928.57,0.800655,92.818061
910.800,92.9098,300.0000,65.0000,64.9947,13929.10,0.800746,92.818061
910.900,92.9098,300.0000,65.0000,64.9947,13929.59,0.800831,92.818061
911.000,92.8181,300.0000,64.9375,64.9946,13929.13,0.800752,92.818061
911.100,92.8181,300.0000,65.0000,64.9946,13928.70,0.800678,92.818061
911.200,92.8181,300.0000,65.0000,64.9945,13928.30,0.800609,92.818061
911.300,92.8181,300.0000,65.0000,64.9945,13927.93,0.800545,92.818061
911.400,92.8181,300.0000,65.0625,64.9944,13927.58,0.800485,92.818061
911.500,92.8181,300.0000,64.9375,64.9944,13927.26,0.800429,92.818061
911.600,92.8181,300.0000,65.0625,64.9943,13926.95,0.800377,92.818061
911.700,92.8181,300.0000,65.0000,64.9943,13926.67,0.800328,92.818061
911.800,92.8181,300.0000,65.0000,64.9943,13926.41,0.800283,92.818061
911.900,92.8181,300.0000,65.0625,64.9943,13926.16,0.800240,92.818061
912.000,92.9119,300.0000,65.0625,64.9942,13926.87,0.800362,92.820148
912.100,92.9119,300.0000,65.0000,64.9942,13927.53,0.800476,92.820148
912.200,92.9119,300.0000,64.9375,64.9941,13928.15,0.800583,92.820148
912.300,92.9119,300.0000,64.9375,64.9941,13928.72,0.800682,92.820148
912.400,92.9119,300.0000,65.0000,64.9940,13929.26,0.800775,92.820148
912.500,92.9119,300.0000,65.0000,64.9940,13929.76,0.800861,92.820148
912.600,92.9119,300.0000,65.0000,64.9939,13930.23,0.800942,92.820148
912.700,92.9119,300.0000,64.9375,64.9938,13930.67,0.801018,92.820148
912.800,92.9119,300.0000,65.0625,64.9938,13931.08,0.801088,92.820148
912.900,92.9119,300.0000,64.9375,64.9937,13931.46,0.801154,92.820148
913.000,92.7263,300.0000,65.0000,64.9936,13929.96,0.800895,92.818061
913.100,92.7263,300.0000,65.0625,64.9936,13928.56,0.800653,92.818061
913.200,92.7263,300.0000,65.0625,64.9935,13927.25,0.800428,92.818061
913.300,92.7263,300.0000,65.0000,64.9935,13926.03,0.800217,92.818061
913.400,92.7263,300.0000,65.1250,64.9935,13924.89,0.800021,92.818061
913.500,92.7263,300.0000,64.9375,64.9935,13923.83,0.799838,92.818061
913.600,92.7263,300.0000,65.0000,64.9935,13922.83,0.799667,92.818061
913.700,92.7263,300.0000,65.0000,64.9935,13921.91,0.799507,92.818061
913.800,92.7263,300.0000,65.0625,64.9935,13921.04,0.799358,92.818061
913.900,92.7263,300.0000,64.9375,64.9935,13920.24,0.799219,92.818061
914.000,92.7242,300.0000,65.0000,64.9936,13919.46,0.799086,92.815974
914.100,92.7242,300.0000,64.9375,64.9936,13918.74,0.798962,92.815974
914.200,92.7242,300.0000,64.8750,64.9936,13918.07,0.798846,92.815974
914.300,92.7242,300.0000,65.0000,64.9937,13917.44,0.798737,92.815974
914.400,92.7242,300.0000,65.0000,64.9937,13916.85,0.798636,92.815974
914.500,92.7242,300.0000,65.0625,64.9938,13916.30,0.798542,92.815974
914.600,92.7242,300.0000,65.0000,64.9938,13915.79,0.798454,92.815974
914.700,92.7242,300.0000,65.0000,64.9939,13915.31,0.798372,92.815974
914.800,92.7242,300.0000,65.0000,64.9940,13914.87,0.798295,92.815974
914.900,92.7242,300.0000,65.0000,64.9940,13914.45,0.798223,92.815974
915.000,92.8160,300.0000,65.0000,64.9941,13914.98,0.798315,92.815974
915.100,92.8160,300.0000,65.0000,64.9942,13915.47,0.798400,92.815974
915.200,92.8160,300.0000,65.0000,64.9942,13915.94,0.798479,92.815974
915.300,92.8160,300.0000,65.0000,64.9943,13916.37,0.798553,92.815974
915.400,92.8160,300.0000,64.9375,64.9943,13916.77,0.798622,92.815974
915.500,92.8160,300.0000,64.9375,64.9944,13917.14,0.798687,92.815974
915.600,92.8160,300.0000,64.9375,64.9944,13917.49,0.798747,92.815974
915.700,92.8160,300.0000,65.0625,64.9944,13917.82,0.798804,92.815974
915.800,92.8160,300.0000,64.9375,64.9945,13918.13,0.798856,92.815974
915.900,92.8160,300.0000,65.0000,64.9945,13918.41,0.798905,92.815974
916.000,92.8160,300.0000,65.0000,64.9945,13918.68,0.798951,92.815974
916.100,92.8160,300.0000,65.0000,64.9946,13918.92,0.798994,92.815974
916.200,92.8160,300.0000,64.9375,64.9946,13919.16,0.799033,92.815974
916.300,92.8160,300.0000,65.0000,64.9946,13919.37,0.799071,92.815974
916.400,92.8160,300.0000,65.0625,64.9946,13919.57,0.799105,92.815974
916.500,92.8160,300.0000,65.0000,64.9947,13919.76,0.799138,92.815974
916.600,92.8160,300.0000,64.9375,64.9947,13919.94,0.799168,92.815974
916.700,92.8160,300.0000,64.8750,64.9947,13920.10,0.799196,92.815974
916.800,92.8160,300.0000,65.0000,64.9947,13920.25,0.799223,92.815974
916.900,92.8160,300.0000,65.0000,64.9947,13920.40,0.799247,92.815974
917.000,92.8160,300.0000,65.0625,64.9948,13920.53,0.799270,92.815974
917.100,92.8160,300.0000,65.0625,64.9948,13920.65,0.799292,92.815974
917.200,92.8160,300.0000,64.9375,64.9948,13920.77,0.799312,92.815974
917.300,92.8160,300.0000,65.0000,64.9948,13920.88,0.799330,92.815974
917.400,92.8160,300.0000,64.9375,64.9948,13920.98,0.799348,92.815974
917.500,92.8160,300.0000,64.9375,64.9948,13921.07,0.799364,92.815974
917.600,92.8160,300.0000,65.0000,64.9948,13921.16,0.799379,92.815974
917.700,92.8160,300.0000,65.0625,64.9948,13921.24,0.799393,92.815974
917.800,92.8160,300.0000,65.0000,64.9949,13921.32,0.799406,92.815974
917.900,92.8160,300.0000,65.0000,64.9949,13921.39,0.799419,92.815974
918.000,92.8160,300.0000,64.9375,64.9949,13921.46,0.799430,92.815974
918.100,92.8160,300.0000,65.0000,64.9949,13921.52,0.799441,92.815974
918.200,92.8160,300.0000,65.0000,64.9949,13921.58,0.799451,92.815974
918.300,92.8160,300.0000,64.9375,64.9949,13921.64,0.799460,92.815974
918.400,92.8160,300.0000,65.0000,64.9949,13921.69,0.799469,92.815974
918.500,92.8160,300.0000,65.0000,64.9949,13921.73,0.799477,92.815974
918.600,92.8160,300.0000,65.0625,64.9949,13921.78,0.799485,92.815974
918.700,92.8160,300.0000,64.8750,64.9949,13921.82,0.799492,92.815974
918.800,92.8160,300.0000,65.0000,64.9949,13921.86,0.799499,92.815974
918.900,92.8160,300.0000,65.0625,64.9949,13921.89,0.799505,92.815974
919.000,92.9098,300.0000,64.9375,64.9949,13922.87,0.799672,92.818061
919.100,92.9098,300.0000,65.0000,64.9949,13923.77,0.799829,92.818061
919.200,92.9098,300.0000,64.9375,64.9949,13924.62,0.799975,92.818061
919.300,92.9098,300.0000,65.0000,64.9949,13925.41,0.800111,92.818061
919.400,92.9098,300.0000,65.0000,64.9948,13926.15,0.800238,92.818061
919.500,92.9098,300.0000,64.9375,64.9948,13926.84,0.800357,92.818061
919.600,92.9098,300.0000,65.0625,64.9948,13927.48,0.800468,92.818061
919.700,92.9098,300.0000,65.0625,64.9947,13928.08,0.800571,92.818061
919.800,92.9098,300.0000,65.0000,64.9947,13928.64,0.800668,92.818061
919.900,92.9098,300.0000,65.0000,64.9946,13929.16,0.800758,92.818061
920.000,92.8181,300.0000,65.0000,64.9945,13928.73,0.800684,92.818061
920.100,92.8181,300.0000,65.0625,64.9945,13928.33,0.800614,92.818061
920.200,92.8181,300.0000,64.9375,64.9945,13927.95,0.800550,92.818061
920.300,92.8181,300.0000,65.0000,64.9944,13927.61,0.800489,92.818061
920.400,92.8181,300.0000,65.0000,64.9944,13927.28,0.800433,92.818061
920.500,92.8181,300.0000,65.0625,64.9943,13926.97,0.800381,92.818061
920.600,92.8181,300.0000,65.0625,64.9943,13926.69,0.800332,92.818061
920.700,92.8181,300.0000,64.9375,64.9943,13926.42,0.800286,92.818061
920.800,92.8181,300.0000,64.9375,64.9942,13926.18,0.800243,92.818061
920.900,92.8181,300.0000,65.0000,64.9942,13925.95,0.800203,92.818061
921.000,92.8181,300.0000,65.0000,64.9942,13925.73,0.800166,92.818061
921.100,92.8181,300.0000,65.0625,64.9942,13925.53,0.800131,92.818061
921.200,92.8181,300.0000,65.0000,64.9941,13925.34,0.800099,92.818061
921.300,92.8181,300.0000,65.0625,64.9941,13925.17,0.800069,92.818061
921.400,92.8181,300.0000,65.0000,64.9941,13925.00,0.800040,92.818061
921.500,92.8181,300.0000,64.9375,64.9941,13924.85,0.800014,92.818061
921.600,92.8181,300.0000,64.9375,64.9941,13924.71,0.799990,92.818061
921.700,92.8181,300.0000,64.9375,64.9940,13924.57,0.799967,92.818061
921.800,92.8181,300.0000,65.0625,64.9940,13924.45,0.799945,92.818061
921.900,92.8181,300.0000,65.0000,64.9940,13924.33,0.799925,92.818061
922.000,92.8181,300.0000,65.0000,64.9940,13924.22,0.799907,92.818061
922.100,92.8181,300.0000,64.9375,64.9940,13924.12,0.799889,92.818061
922.200,92.8181,300.0000,65.0000,64.9940,13924.03,0.799873,92.818061
922.300,92.8181,300.0000,65.0000,64.9940,13923.94,0.799858,92.818061
922.400,92.8181,300.0000,64.9375,64.9940,13923.86,0.799844,92.818061
922.500,92.8181,300.0000,65.0000,64.9940,13923.78,0.799830,92.818061
922.600,92.8181,300.0000,65.0625,64.9939,13923.71,0.799818,92.818061
922.700,92.8181,300.0000,64.9375,64.9939,13923.64,0.799807,92.818061
922.800,92.8181,300.0000,65.0000,64.9939,13923.58,0.799796,92.818061
922.900,92.8181,300.0000,65.0000,64.9939,13923.52,0.799786,92.818061
923.000,92.8181,300.0000,65.0000,64.9939,13923.47,0.799776,92.818061
923.100,92.8181,300.0000,65.0000,64.9939,13923.42,0.799768,92.818061
923.200,92.8181,300.0000,64.9375,64.9939,13923.37,0.799760,92.818061
923.300,92.8181,300.0000,65.0625,64.9939,13923.33,0.799752,92.818061
923.400,92.8181,300.0000,65.0000,64.9939,13923.29,0.799745,92.818061
923.500,92.8181,300.0000,64.8750,64.9939,13923.25,0.799738,92.818061
923.600,92.8181,300.0000,65.0625,64.9939,13923.21,0.799732,92.818061
923.700,92.8181,300.0000,65.0000,64.9939,13923.18,0.799726,92.818061
923.800,92.8181,300.0000,65.0000,64.9939,13923.15,0.799721,92.818061
923.900,92.8181,300.0000,65.0000,64.9939,13923.12,0.799716,92.818061
924.000,92.8181,300.0000,65.0625,64.9939,13923.09,0.799711,92.818061
924.100,92.8181,300.0000,65.1250,64.9939,13923.06,0.799707,92.818061
924.200,92.8181,300.0000,65.0000,64.9939,13923.04,0.799703,92.818061
924.300,92.8181,300.0000,65.0000,64.9939,13923.02,0.799699,92.818061
924.400,92.8181,300.0000,65.0000,64.9939,13923.00,0.799695,92.818061
924.500,92.8181,300.0000,65.0000,64.9939,13922.98,0.799692,92.818061
924.600,92.8181,300.0000,65.1250,64.9938,13922.96,0.799689,92.818061
924.700,92.8181,300.0000,64.9375,64.9938,13922.94,0.799686,92.818061
924.800,92.8181,300.0000,65.0000,64.9938,13922.93,0.799683,92.818061
924.900,92.8181,300.0000,65.0000,64.9938,13922.91,0.799681,92.818061
925.000,92.8181,300.0000,65.0000,64.9938,13922.90,0.799678,92.818061
925.100,92.8181,300.0000,64.9375,64.9938,13922.89,0.799676,92.818061
925.200,92.8181,300.0000,64.9375,64.9938,13922.88,0.799674,92.818061
925.300,92.8181,300.0000,64.9375,64.9938,13922.86,0.799672,92.818061
925.400,92.8181,300.0000,65.0625,64.9938,13922.85,0.799670,92.818061
925.500,92.8181,300.0000,64.9375,64.9938,13922.84,0.799669,92.818061
925.600,92.8181,300.0000,64.9375,64.9938,13922.84,0.799667,92.818061
925.700,92.8181,300.0000,64.8750,64.9938,13922.83,0.799666,92.818061
925.800,92.8181,300.0000,64.9375,64.9938,13922.82,0.799664,92.818061
925.900,92.8181,300.0000,65.0625,64.9938,13922.81,0.799663,92.818061
926.000,92.9119,300.0000,65.0625,64.9938,13923.74,0.799824,92.820148
926.100,92.9119,300.0000,65.0000,64.9938,13924.61,0.799974,92.820148
926.200,92.9119,300.0000,65.0625,64.9938,13925.43,0.800114,92.820148
926.300,92.9119,300.0000,65.0000,64.9938,13926.18,0.800244,92.820148
926.400,92.9119,300.0000,65.0000,64.9937,13926.89,0.800366,92.820148
926.500,92.9119,300.0000,65.0000,64.9937,13927.55,0.800480,92.820148
926.600,92.9119,300.0000,65.0000,64.9936,13928.17,0.800586,92.820148
926.700,92.9119,300.0000,65.0625,64.9936,13928.74,0.800685,92.820148
926.800,92.9119,300.0000,65.0625,64.9935,13929.28,0.800778,92.820148
926.900,92.9119,300.0000,65.0000,64.9935,13929.78,0.800864,92.820148
927.000,92.8201,300.0000,65.0625,64.9934,13929.33,0.800786,92.820148
927.100,92.8201,300.0000,64.9375,64.9934,13928.91,0.800714,92.820148
927.200,92.8201,300.0000,65.0000,64.9933,13928.52,0.800646,92.820148
927.300,92.8201,300.0000,65.1250,64.9933,13928.15,0.800583,92.820148
927.400,92.8201,300.0000,65.0000,64.9932,13927.81,0.800524,92.820148
927.500,92.8201,300.0000,64.9375,64.9932,13927.49,0.800469,92.820148
927.600,92.8201,300.0000,65.0000,64.9932,13927.19,0.800418,92.820148
927.700,92.8201,300.0000,65.1250,64.9931,13926.91,0.800370,92.820148
927.800,92.8201,300.0000,65.0000,64.9931,13926.65,0.800325,92.820148
927.900,92.8201,300.0000,64.9375,64.9931,13926.41,0.800283,92.820148
928.000,92.7263,300.0000,64.9375,64.9930,13925.25,0.800083,92.818061
928.100,92.7263,300.0000,65.0000,64.9930,13924.16,0.799895,92.818061
928.200,92.7263,300.0000,64.9375,64.9930,13923.15,0.799721,92.818061
928.300,92.7263,300.0000,65.0625,64.9930,13922.20,0.799557,92.818061
928.400,92.7263,300.0000,64.9375,64.9931,13921.31,0.799405,92.818061
928.500,92.7263,300.0000,65.0000,64.9931,13920.49,0.799263,92.818061
928.600,92.7263,300.0000,65.0625,64.9931,13919.72,0.799130,92.818061
928.700,92.7263,300.0000,65.0625,64.9931,13919.00,0.799007,92.818061
928.800,92.7263,300.0000,65.0000,64.9932,13918.33,0.798891,92.818061
928.900,92.7263,300.0000,65.0000,64.9932,13917.70,0.798783,92.818061
929.000,92.8181,300.0000,65.0000,64.9933,13918.04,0.798841,92.818061
929.100,92.8181,300.0000,65.0625,64.9933,13918.35,0.798895,92.818061
929.200,92.8181,300.0000,65.0000,64.9933,13918.64,0.798945,92.818061
929.300,92.8181,300.0000,64.9375,64.9934,13918.91,0.798991,92.818061
929.400,92.8181,300.0000,64.9375,64.9934,13919.16,0.799035,92.818061
929.500,92.8181,300.0000,65.0000,64.9934,13919.40,0.799076,92.818061
929.600,92.8181,300.0000,64.9375,64.9934,13919.62,0.799114,92.818061
929.700,92.8181,300.0000,65.0000,64.9935,13919.83,0.799149,92.818061
929.800,92.8181,300.0000,64.9375,64.9935,13920.02,0.799182,92.818061
929.900,92.8181,300.0000,64.9375,64.9935,13920.20,0.799213,92.818061
930.000,92.7242,300.0000,65.0625,64.9935,13919.43,0.799080,92.815974
930.100,92.7242,300.0000,65.0000,64.9936,13918.71,0.798956,92.815974
930.200,92.7242,300.0000,65.0000,64.9936,13918.04,0.798840,92.815974
930.300,92.7242,300.0000,65.0000,64.9937,13917.41,0.798732,92.815974
930.400,92.7242,300.0000,65.0000,64.9937,13916.82,0.798632,92.815974
930.500,92.7242,300.0000,65.0625,64.9938,13916.28,0.798538,92.815974
930.600,92.7242,300.0000,64.8750,64.9938,13915.77,0.798450,92.815974
930.700,92.7242,300.0000,64.9375,64.9939,13915.29,0.798368,92.815974
930.800,92.7242,300.0000,64.9375,64.9939,13914.85,0.798292,92.815974
930.900,92.7242,300.0000,65.0000,64.9940,13914.43,0.798220,92.815974
931.000,92.8160,300.0000,65.0000,64.9941,13914.96,0.798312,92.815974
931.100,92.8160,300.0000,65.0625,64.9941,13915.46,0.798397,92.815974
931.200,92.8160,300.0000,64.9375,64.9942,13915.92,0.798476,92.815974
931.300,92.8160,300.0000,65.0000,64.9942,13916.35,0.798551,92.815974
931.400,92.8160,300.0000,65.0625,64.9943,13916.76,0.798620,92.815974
931.500,92.8160,300.0000,65.0000,64.9943,13917.13,0.798685,92.815974
931.600,92.8160,300.0000,64.8750,64.9944,13917.48,0.798745,92.815974
931.700,92.8160,300.0000,65.0625,64.9944,13917.81,0.798802,92.815974
931.800,92.8160,300.0000,65.0625,64.9945,13918.12,0.798854,92.815974
931.900,92.8160,300.0000,64.8750,64.9945,13918.40,0.798903,92.815974
932.000,92.6282,300.0000,65.0625,64.9945,13916.79,0.798626,92.811799
932.100,92.6282,300.0000,65.0000,64.9946,13915.29,0.798367,92.811799
932.200,92.6282,300.0000,65.0000,64.9947,13913.88,0.798126,92.811799
932.300,92.6282,300.0000,65.0625,64.9947,13912.57,0.797900,92.811799
932.400,92.6282,300.0000,65.0625,64.9948,13911.35,0.797690,92.811799
932.500,92.6282,300.0000,65.0625,64.9949,13910.21,0.797494,92.811799
932.600,92.6282,300.0000,65.1250,64.9950,13909.14,0.797311,92.811799
932.700,92.6282,300.0000,64.9375,64.9952,13908.15,0.797140,92.811799
932.800,92.6282,300.0000,65.0000,64.9953,13907.22,0.796980,92.811799
932.900,92.6282,300.0000,65.0000,64.9954,13906.36,0.796831,92.811799
933.000,92.8118,300.0000,65.0625,64.9955,13907.38,0.797008,92.811799
933.100,92.8118,300.0000,65.0625,64.9957,13908.34,0.797173,92.811799
933.200,92.8118,300.0000,65.0625,64.9958,13909.24,0.797327,92.811799
933.300,92.8118,300.0000,65.0000,64.9959,13910.07,0.797470,92.811799
933.400,92.8118,300.0000,65.0000,64.9960,13910.85,0.797604,92.811799
933.500,92.8118,300.0000,65.0000,64.9961,13911.58,0.797730,92.811799
933.600,92.8118,300.0000,65.0000,64.9961,13912.26,0.797847,92.811799
933.700,92.8118,300.0000,64.9375,64.9962,13912.89,0.797956,92.811799
933.800,92.8118,300.0000,65.1250,64.9963,13913.49,0.798057,92.811799
933.900,92.8118,300.0000,64.9375,64.9963,13914.04,0.798152,92.811799
934.000,92.7179,300.0000,65.0000,64.9964,13913.62,0.798080,92.809712
934.100,92.7179,300.0000,65.0000,64.9965,13913.22,0.798012,92.809712
934.200,92.7179,300.0000,65.0000,64.9966,13912.85,0.797948,92.809712
934.300,92.7179,300.0000,64.9375,64.9966,13912.51,0.797889,92.809712
934.400,92.7179,300.0000,65.0000,64.9967,13912.19,0.797834,92.809712
934.500,92.7179,300.0000,65.0000,64.9968,13911.89,0.797782,92.809712
934.600,92.7179,300.0000,65.0000,64.9969,13911.61,0.797734,92.809712
934.700,92.7179,300.0000,65.0625,64.9970,13911.35,0.797689,92.809712
934.800,92.7179,300.0000,65.0000,64.9971,13911.10,0.797647,92.809712
934.900,92.7179,300.0000,65.0000,64.9972,13910.87,0.797608,92.809712
935.000,92.8097,300.0000,65.0000,64.9972,13911.58,0.797729,92.809712
935.100,92.8097,300.0000,65.0000,64.9973,13912.24,0.797843,92.809712
935.200,92.8097,300.0000,65.0625,64.9974,13912.85,0.797948,92.809712
935.300,92.8097,300.0000,64.9375,64.9975,13913.43,0.798047,92.809712
935.400,92.8097,300.0000,65.0000,64.9975,13913.96,0.798139,92.809712
935.500,92.8097,300.0000,65.0000,64.9976,13914.46,0.798225,92.809712
935.600,92.8097,300.0000,65.0625,64.9976,13914.93,0.798305,92.809712
935.700,92.8097,300.0000,65.0000,64.9977,13915.36,0.798380,92.809712
935.800,92.8097,300.0000,65.0625,64.9978,13915.77,0.798450,92.809712
935.900,92.8097,300.0000,65.0625,64.9978,13916.15,0.798516,92.809712
936.000,92.9036,300.0000,65.0000,64.9978,13917.44,0.798738,92.811799
936.100,92.9036,300.0000,65.0000,64.9979,13918.65,0.798946,92.811799
936.200,92.9036,300.0000,64.9375,64.9979,13919.77,0.799140,92.811799
936.300,92.9036,300.0000,65.0625,64.9979,13920.82,0.799321,92.811799
936.400,92.9036,300.0000,64.9375,64.9979,13921.81,0.799490,92.811799
936.500,92.9036,300.0000,65.0625,64.9979,13922.72,0.799647,92.811799
936.600,92.9036,300.0000,65.0000,64.9979,13923.58,0.799795,92.811799
936.700,92.9036,300.0000,65.0625,64.9978,13924.37,0.799932,92.811799
936.800,92.9036,300.0000,65.0000,64.9978,13925.12,0.800060,92.811799
936.900,92.9036,300.0000,65.0000,64.9978,13925.81,0.800180,92.811799
937.000,92.8118,300.0000,65.0625,64.9977,13925.54,0.800134,92.811799
937.100,92.8118,300.0000,65.0000,64.9977,13925.29,0.800090,92.811799
937.200,92.8118,300.0000,65.0000,64.9977,13925.06,0.800050,92.811799
937.300,92.8118,300.0000,65.0000,64.9976,13924.84,0.800012,92.811799
937.400,92.8118,300.0000,64.9375,64.9976,13924.63,0.799977,92.811799
937.500,92.8118,300.0000,65.0000,64.9976,13924.44,0.799944,92.811799
937.600,92.8118,300.0000,65.0000,64.9976,13924.26,0.799913,92.811799
937.700,92.8118,300.0000,64.9375,64.9976,13924.10,0.799885,92.811799
937.800,92.8118,300.0000,65.0000,64.9975,13923.94,0.799858,92.811799
937.900,92.8118,300.0000,64.9375,64.9975,13923.80,0.799833,92.811799
938.000,92.7179,300.0000,64.9375,64.9975,13922.72,0.799648,92.809712
938.100,92.7179,300.0000,65.0000,64.9975,13921.72,0.799475,92.809712
938.200,92.7179,300.0000,64.9375,64.9975,13920.79,0.799314,92.809712
938.300,92.7179,300.0000,65.0625,64.9975,13919.91,0.799164,92.809712
938.400,92.7179,300.0000,64.9375,64.9976,13919.10,0.799023,92.809712
938.500,92.7179,300.0000,65.0625,64.9976,13918.34,0.798892,92.809712
938.600,92.7179,300.0000,64.9375,64.9976,13917.63,0.798770,92.809712
938.700,92.7179,300.0000,65.0000,64.9977,13916.96,0.798656,92.809712
938.800,92.7179,300.0000,65.0000,64.9977,13916.35,0.798550,92.809712
938.900,92.7179,300.0000,65.0000,64.9978,13915.77,0.798450,92.809712
939.000,92.8097,300.0000,65.0000,64.9978,13916.15,0.798516,92.809712
939.100,92.8097,300.0000,65.0000,64.9978,13916.50,0.798576,92.809712
939.200,92.8097,300.0000,64.9375,64.9979,13916.83,0.798633,92.809712
939.300,92.8097,300.0000,65.0625,64.9979,13917.14,0.798686,92.809712
939.400,92.8097,300.0000,64.9375,64.9979,13917.43,0.798736,92.809712
939.500,92.8097,300.0000,65.0000,64.9980,13917.70,0.798782,92.809712
939.600,92.8097,300.0000,65.0000,64.9980,13917.95,0.798825,92.809712
939.700,92.8097,300.0000,65.0000,64.9980,13918.18,0.798866,92.809712
939.800,92.8097,300.0000,65.0625,64.9981,13918.40,0.798903,92.809712
939.900,92.8097,300.0000,65.0000,64.9981,13918.60,0.798938,92.809712
940.000,92.8097,300.0000,65.0000,64.9981,13918.79,0.798971,92.809712
940.100,92.8097,300.0000,64.9375,64.9981,13918.97,0.799002,92.809712
940.200,92.8097,300.0000,65.0625,64.9982,13919.14,0.799030,92.809712
940.300,92.8097,300.0000,64.9375,64.9982,13919.29,0.799057,92.809712
940.400,92.8097,300.0000,65.0625,64.9982,13919.44,0.799082,92.809712
940.500,92.8097,300.0000,64.8750,64.9982,13919.57,0.799105,92.809712
940.600,92.8097,300.0000,64.9375,64.9982,13919.70,0.799127,92.809712
940.700,92.8097,300.0000,64.9375,64.9982,13919.81,0.799147,92.809712
940.800,92.8097,300.0000,65.0000,64.9982,13919.92,0.799166,92.809712
940.900,92.8097,300.0000,64.9375,64.9983,13920.03,0.799183,92.809712
941.000,92.7158,300.0000,65.0000,64.9983,13919.18,0.799038,92.807624
941.100,92.7158,300.0000,65.0000,64.9983,13918.40,0.798902,92.807624
941.200,92.7158,300.0000,64.9375,64.9983,13917.66,0.798776,92.807624
941.300,92.7158,300.0000,65.0000,64.9984,13916.98,0.798658,92.807624
941.400,92.7158,300.0000,65.0000,64.9984,13916.34,0.798548,92.807624
941.500,92.7158,300.0000,65.0000,64.9985,13915.74,0.798445,92.807624
941.600,92.7158,300.0000,64.9375,64.9985,13915.18,0.798349,92.807624
941.700,92.7158,300.0000,65.0000,64.9986,13914.66,0.798259,92.807624
941.800,92.7158,300.0000,65.0000,64.9986,13914.17,0.798176,92.807624
941.900,92.7158,300.0000,65.0000,64.9987,13913.72,0.798098,92.807624
942.000,92.8076,300.0000,65.0000,64.9988,13914.22,0.798183,92.807624
942.100,92.8076,300.0000,65.0000,64.9988,13914.68,0.798262,92.807624
942.200,92.8076,300.0000,65.0625,64.9989,13915.11,0.798337,92.807624
942.300,92.8076,300.0000,65.0625,64.9989,13915.51,0.798406,92.807624
942.400,92.8076,300.0000,65.0625,64.9990,13915.89,0.798471,92.807624
942.500,92.8076,300.0000,65.0625,64.9990,13916.24,0.798531,92.807624
942.600,92.8076,300.0000,64.9375,64.9990,13916.56,0.798587,92.807624
942.700,92.8076,300.0000,65.0000,64.9991,13916.87,0.798640,92.807624
942.800,92.8076,300.0000,64.9375,64.9991,13917.15,0.798689,92.807624
942.900,92.8076,300.0000,64.9375,64.9991,13917.42,0.798735,92.807624
943.000,92.7138,300.0000,65.0000,64.9992,13916.73,0.798616,92.805537
943.100,92.7138,300.0000,65.0000,64.9992,13916.09,0.798505,92.805537
943.200,92.7138,300.0000,64.9375,64.9993,13915.48,0.798401,92.805537
943.300,92.7138,300.0000,65.0625,64.9993,13914.92,0.798305,92.805537
943.400,92.7138,300.0000,64.9375,64.9994,13914.40,0.798214,92.805537
943.500,92.7138,300.0000,65.0000,64.9994,13913.91,0.798130,92.805537
943.600,92.7138,300.0000,64.9375,64.9995,13913.45,0.798052,92.805537
943.700,92.7138,300.0000,65.1250,64.9996,13913.03,0.797978,92.805537
943.800,92.7138,300.0000,65.0000,64.9996,13912.63,0.797910,92.805537
943.900,92.7138,300.0000,65.0000,64.9997,13912.26,0.797846,92.805537
944.000,92.8055,300.0000,65.0000,64.9998,13912.83,0.797944,92.805537
944.100,92.8055,300.0000,64.9375,64.9999,13913.36,0.798036,92.805537
944.200,92.8055,300.0000,65.0000,64.9999,13913.86,0.798122,92.805537
944.300,92.8055,300.0000,65.0625,65.0000,13914.33,0.798202,92.805537
944.400,92.8055,300.0000,64.9375,65.0000,13914.76,0.798276,92.805537
944.500,92.8055,300.0000,64.8750,65.0001,13915.16,0.798346,92.805537
944.600,92.8055,300.0000,64.9375,65.0001,13915.54,0.798411,92.805537
944.700,92.8055,300.0000,65.0000,65.0002,13915.89,0.798472,92.805537
944.800,92.8055,300.0000,65.0000,65.0002,13916.22,0.798528,92.805537
944.900,92.8055,300.0000,65.0625,65.0002,13916.53,0.798581,92.805537
945.000,92.8994,300.0000,64.9375,65.0003,13917.76,0.798792,92.807624
945.100,92.8994,300.0000,65.0000,65.0003,13918.90,0.798989,92.807624
945.200,92.8994,300.0000,65.0000,65.0003,13919.97,0.799173,92.807624
945.300,92.8994,300.0000,65.0000,65.0003,13920.96,0.799345,92.807624
945.400,92.8994,300.0000,65.0000,65.0003,13921.89,0.799505,92.807624
945.500,92.8994,300.0000,65.0000,65.0003,13922.76,0.799654,92.807624
945.600,92.8994,300.0000,65.0000,65.0002,13923.57,0.799794,92.807624
945.700,92.8994,300.0000,65.0000,65.0002,13924.33,0.799924,92.807624
945.800,92.8994,300.0000,65.0000,65.0002,13925.03,0.800046,92.807624
945.900,92.8994,300.0000,65.0000,65.0001,13925.69,0.800159,92.807624
946.000,92.8076,300.0000,65.0000,65.0001,13925.39,0.800107,92.807624
946.100,92.8076,300.0000,65.0625,65.0001,13925.11,0.800058,92.807624
946.200,92.8076,300.0000,65.0625,65.0000,13924.84,0.800013,92.807624
946.300,92.8076,300.0000,65.0625,65.0000,13924.59,0.799970,92.807624
946.400,92.8076,300.0000,65.0625,65.0000,13924.36,0.799931,92.807624
946.500,92.8076,300.0000,65.0000,65.0000,13924.15,0.799894,92.807624
946.600,92.8076,300.0000,65.0000,64.9999,13923.95,0.799859,92.807624
946.700,92.8076,300.0000,65.0000,64.9999,13923.76,0.799827,92.807624
946.800,92.8076,300.0000,64.9375,64.9999,13923.59,0.799797,92.807624
946.900,92.8076,300.0000,65.0000,64.9999,13923.42,0.799769,92.807624
947.000,92.8076,300.0000,64.9375,64.9998,13923.27,0.799743,92.807624
947.100,92.8076,300.0000,64.9375,64.9998,13923.13,0.799718,92.807624
947.200,92.8076,300.0000,65.0000,64.9998,13923.00,0.799695,92.807624
947.300,92.8076,300.0000,64.9375,64.9998,13922.87,0.799674,92.807624
947.400,92.8076,300.0000,65.0000,64.9998,13922.76,0.799654,92.807624
947.500,92.8076,300.0000,65.0000,64.9998,13922.65,0.799636,92.807624
947.600,92.8076,300.0000,65.0000,64.9998,13922.55,0.799618,92.807624
947.700,92.8076,300.0000,64.8750,64.9998,13922.46,0.799602,92.807624
947.800,92.8076,300.0000,65.0000,64.9997,13922.37,0.799587,92.807624
947.900,92.8076,300.0000,64.9375,64.9997,13922.29,0.799573,92.807624
948.000,92.7138,300.0000,65.0625,64.9997,13921.27,0.799398,92.805537
948.100,92.7138,300.0000,65.0000,64.9997,13920.33,0.799235,92.805537
948.200,92.7138,300.0000,65.0000,64.9997,13919.44,0.799083,92.805537
948.300,92.7138,300.0000,65.0000,64.9998,13918.62,0.798940,92.805537
948.400,92.7138,300.0000,64.9375,64.9998,13917.85,0.798808,92.805537
948.500,92.7138,300.0000,65.0000,64.9998,13917.13,0.798684,92.805537
948.600,92.7138,300.0000,65.0000,64.9999,13916.46,0.798569,92.805537
948.700,92.7138,300.0000,65.0625,64.9999,13915.83,0.798461,92.805537
948.800,92.7138,300.0000,65.0000,65.0000,13915.25,0.798360,92.805537
948.900,92.7138,300.0000,65.0000,65.0000,13914.70,0.798266,92.805537
949.000,92.8055,300.0000,65.0000,65.0001,13915.11,0.798337,92.805537
949.100,92.8055,300.0000,64.9375,65.0001,13915.49,0.798402,92.805537
949.200,92.8055,300.0000,65.0000,65.0002,13915.85,0.798464,92.805537
949.300,92.8055,300.0000,65.0625,65.0002,13916.18,0.798521,92.805537
949.400,92.8055,300.0000,65.0000,65.0002,13916.49,0.798574,92.805537
949.500,92.8055,300.0000,65.0625,65.0003,13916.78,0.798624,92.805537
949.600,92.8055,300.0000,65.0625,65.0003,13917.05,0.798670,92.805537
949.700,92.8055,300.0000,64.9375,65.0003,13917.30,0.798714,92.805537
949.800,92.8055,300.0000,65.0000,65.0004,13917.54,0.798754,92.805537
949.900,92.8055,300.0000,64.9375,65.0004,13917.76,0.798792,92.805537
950.000,92.7117,300.0000,65.1250,65.0004,13917.02,0.798666,92.803450
950.100,92.7117,300.0000,64.9375,65.0005,13916.34,0.798548,92.803450
950.200,92.7117,300.0000,65.0000,65.0005,13915.70,0.798438,92.803450
950.300,92.7117,300.0000,64.9375,65.0005,13915.10,0.798335,92.803450
950.400,92.7117,300.0000,64.9375,65.0006,13914.54,0.798239,92.803450
950.500,92.7117,300.0000,65.0000,65.0007,13914.02,0.798150,92.803450
950.600,92.7117,300.0000,65.0000,65.0007,13913.54,0.798067,92.803450
950.700,92.7117,300.0000,65.0625,65.0008,13913.09,0.797989,92.803450
950.800,92.7117,300.0000,65.0000,65.0008,13912.66,0.797916,92.803450
950.900,92.7117,300.0000,64.9375,65.0009,13912.27,0.797848,92.803450
951.000,92.7096,300.0000,65.0000,65.0010,13911.88,0.797781,92.801363
951.100,92.7096,300.0000,64.9375,65.0011,13911.52,0.797719,92.801363
951.200,92.7096,300.0000,64.9375,65.0011,13911.18,0.797661,92.801363
951.300,92.7096,300.0000,64.9375,65.0012,13910.86,0.797606,92.801363
951.400,92.7096,300.0000,64.9375,65.0013,13910.57,0.797555,92.801363
951.500,92.7096,300.0000,65.0000,65.0014,13910.29,0.797508,92.801363
951.600,92.7096,300.0000,65.0000,65.0015,13910.04,0.797464,92.801363
951.700,92.7096,300.0000,64.9375,65.0016,13909.80,0.797423,92.801363
951.800,92.7096,300.0000,65.0625,65.0017,13909.57,0.797384,92.801363
951.900,92.7096,300.0000,65.0000,65.0018,13909.36,0.797348,92.801363
952.000,92.8014,300.0000,65.0625,65.0018,13910.09,0.797472,92.801363
952.100,92.8014,300.0000,65.0000,65.0019,13910.76,0.797588,92.801363
952.200,92.8014,300.0000,65.0000,65.0020,13911.39,0.797697,92.801363
952.300,92.8014,300.0000,64.9375,65.0021,13911.98,0.797798,92.801363
952.400,92.8014,300.0000,65.0000,65.0021,13912.53,0.797892,92.801363
952.500,92.8014,300.0000,65.0000,65.0022,13913.04,0.797980,92.801363
952.600,92.8014,300.0000,65.0625,65.0023,13913.52,0.798062,92.801363
952.700,92.8014,300.0000,65.0000,65.0023,13913.96,0.798139,92.801363
952.800,92.8014,300.0000,65.0000,65.0024,13914.38,0.798211,92.801363
952.900,92.8014,300.0000,65.0000,65.0024,13914.77,0.798278,92.801363
953.000,92.8014,300.0000,65.0625,65.0025,13915.13,0.798340,92.801363
953.100,92.8014,300.0000,65.0000,65.0025,13915.47,0.798398,92.801363
953.200,92.8014,300.0000,65.0000,65.0025,13915.78,0.798453,92.801363
953.300,92.8014,300.0000,64.9375,65.0026,13916.08,0.798503,92.801363
953.400,92.8014,300.0000,65.0625,65.0026,13916.35,0.798551,92.801363
953.500,92.8014,300.0000,65.0000,65.0026,13916.61,0.798595,92.801363
953.600,92.8014,300.0000,65.0000,65.0027,13916.85,0.798636,92.801363
953.700,92.8014,300.0000,65.0000,65.0027,13917.07,0.798675,92.801363
953.800,92.8014,300.0000,65.0000,65.0027,13917.28,0.798711,92.801363
953.900,92.8014,300.0000,65.0625,65.0027,13917.48,0.798744,92.801363
954.000,92.8952,300.0000,65.0000,65.0028,13918.60,0.798937,92.803450
954.100,92.8952,300.0000,64.9375,65.0028,13919.64,0.799117,92.803450
954.200,92.8952,300.0000,65.0000,65.0028,13920.62,0.799285,92.803450
954.300,92.8952,300.0000,65.0000,65.0027,13921.53,0.799442,92.803450
954.400,92.8952,300.0000,65.0000,65.0027,13922.38,0.799589,92.803450
954.500,92.8952,300.0000,65.0625,65.0027,13923.17,0.799726,92.803450
954.600,92.8952,300.0000,65.0000,65.0027,13923.91,0.799853,92.803450
954.700,92.8952,300.0000,64.8750,65.0026,13924.61,0.799972,92.803450
954.800,92.8952,300.0000,65.0625,65.0026,13925.25,0.800084,92.803450
954.900,92.8952,300.0000,65.0000,65.0026,13925.85,0.800187,92.803450
955.000,92.8034,300.0000,65.0000,65.0025,13925.50,0.800126,92.803450
955.100,92.8034,300.0000,65.0000,65.0025,13925.17,0.800069,92.803450
955.200,92.8034,300.0000,65.0625,65.0024,13924.86,0.800015,92.803450
955.300,92.8034,300.0000,64.9375,65.0024,13924.57,0.799966,92.803450
955.400,92.8034,300.0000,65.0000,65.0024,13924.30,0.799919,92.803450
955.500,92.8034,300.0000,65.0000,65.0023,13924.04,0.799876,92.803450
955.600,92.8034,300.0000,65.0000,65.0023,13923.81,0.799835,92.803450
955.700,92.8034,300.0000,64.9375,65.0023,13923.59,0.799797,92.803450
955.800,92.8034,300.0000,64.9375,65.0023,13923.39,0.799762,92.803450
955.900,92.8034,300.0000,65.0625,65.0022,13923.19,0.799729,92.803450
956.000,92.8973,300.0000,65.0625,65.0022,13923.95,0.799860,92.805537
956.100,92.8973,300.0000,65.0000,65.0022,13924.66,0.799982,92.805537
956.200,92.8973,300.0000,65.0000,65.0021,13925.33,0.800096,92.805537
956.300,92.8973,300.0000,65.0000,65.0021,13925.94,0.800203,92.805537
956.400,92.8973,300.0000,65.0000,65.0020,13926.52,0.800302,92.805537
956.500,92.8973,300.0000,65.0000,65.0020,13927.06,0.800395,92.805537
956.600,92.8973,300.0000,65.0625,65.0019,13927.56,0.800482,92.805537
956.700,92.8973,300.0000,65.0625,65.0019,13928.03,0.800563,92.805537
956.800,92.8973,300.0000,65.0000,65.0018,13928.47,0.800638,92.805537
956.900,92.8973,300.0000,65.0000,65.0017,13928.88,0.800709,92.805537
957.000,92.8055,300.0000,65.0625,65.0017,13928.34,0.800616,92.805537
957.100,92.8055,300.0000,65.0000,65.0016,13927.84,0.800530,92.805537
957.200,92.8055,300.0000,65.0000,65.0015,13927.37,0.800449,92.805537
957.300,92.8055,300.0000,65.0000,65.0015,13926.94,0.800374,92.805537
957.400,92.8055,300.0000,65.0000,65.0014,13926.53,0.800304,92.805537
957.500,92.8055,300.0000,65.0000,65.0014,13926.15,0.800238,92.805537
957.600,92.8055,300.0000,65.0000,65.0014,13925.80,0.800177,92.805537
957.700,92.8055,300.0000,65.0000,65.0013,13925.46,0.800120,92.805537
957.800,92.8055,300.0000,65.0000,65.0013,13925.16,0.800067,92.805537
957.900,92.8055,300.0000,65.0625,65.0012,13924.87,0.800017,92.805537
958.000,92.8994,300.0000,65.0625,65.0012,13925.54,0.800133,92.807624
958.100,92.8994,300.0000,65.1250,65.0012,13926.16,0.800240,92.807624
958.200,92.8994,300.0000,65.0000,65.0011,13926.74,0.800341,92.807624
958.300,92.8994,300.0000,65.0625,65.0011,13927.29,0.800435,92.807624
958.400,92.8994,300.0000,65.0000,65.0010,13927.80,0.800523,92.807624
958.500,92.8994,300.0000,65.0000,65.0009,13928.27,0.800604,92.807624
958.600,92.8994,300.0000,65.0625,65.0009,13928.71,0.800681,92.807624
958.700,92.8994,300.0000,65.0000,65.0008,13929.13,0.800752,92.807624
958.800,92.8994,300.0000,65.0000,65.0007,13929.51,0.800818,92.807624
958.900,92.8994,300.0000,65.0000,65.0006,13929.87,0.800880,92.807624
959.000,92.8076,300.0000,65.0000,65.0006,13929.29,0.800780,92.807624
959.100,92.8076,300.0000,65.0000,65.0005,13928.75,0.800686,92.807624
959.200,92.8076,300.0000,65.0000,65.0005,13928.24,0.800599,92.807624
959.300,92.8076,300.0000,65.0000,65.0004,13927.77,0.800517,92.807624
959.400,92.8076,300.0000,65.0000,65.0003,13927.33,0.800441,92.807624
959.500,92.8076,300.0000,64.9375,65.0003,13926.91,0.800370,92.807624
959.600,92.8076,300.0000,65.0000,65.0002,13926.53,0.800304,92.807624
959.700,92.8076,300.0000,65.0000,65.0002,13926.17,0.800242,92.807624
959.800,92.8076,300.0000,65.0625,65.0002,13925.84,0.800184,92.807624
959.900,92.8076,300.0000,64.9375,65.0001,13925.52,0.800130,92.807624
960.000,92.7138,300.0000,65.0000,65.0001,13924.29,0.799918,92.805537
960.100,92.7138,300.0000,65.0000,65.0001,13923.14,0.799720,92.805537
960.200,92.7138,300.0000,64.9375,65.0001,13922.07,0.799536,92.805537
960.300,92.7138,300.0000,64.9375,65.0001,13921.07,0.799363,92.805537
960.400,92.7138,300.0000,65.0000,65.0001,13920.14,0.799202,92.805537
960.500,92.7138,300.0000,65.0000,65.0001,13919.27,0.799052,92.805537
960.600,92.7138,300.0000,65.0000,65.0001,13918.45,0.798912,92.805537
960.700,92.7138,300.0000,65.0625,65.0001,13917.69,0.798781,92.805537
960.800,92.7138,300.0000,65.1250,65.0002,13916.98,0.798659,92.805537
960.900,92.7138,300.0000,65.0625,65.0002,13916.32,0.798546,92.805537
961.000,92.8994,300.0000,65.0000,65.0002,13917.56,0.798759,92.807624
961.100,92.8994,300.0000,65.0625,65.0003,13918.72,0.798958,92.807624
961.200,92.8994,300.0000,65.0625,65.0003,13919.80,0.799144,92.807624
961.300,92.8994,300.0000,65.0000,65.0003,13920.81,0.799317,92.807624
961.400,92.8994,300.0000,65.0625,65.0003,13921.75,0.799479,92.807624
961.500,92.8994,300.0000,65.0000,65.0003,13922.62,0.799631,92.807624
961.600,92.8994,300.0000,65.0000,65.0002,13923.44,0.799772,92.807624
961.700,92.8994,300.0000,64.9375,65.0002,13924.21,0.799904,92.807624
961.800,92.8994,300.0000,64.9375,65.0002,13924.92,0.800027,92.807624
961.900,92.8994,300.0000,65.0000,65.0001,13925.59,0.800141,92.807624
962.000,92.8076,300.0000,64.9375,65.0001,13925.29,0.800090,92.807624
962.100,92.8076,300.0000,65.1250,65.0001,13925.01,0.800043,92.807624
962.200,92.8076,300.0000,65.0625,65.0000,13924.76,0.799998,92.807624
962.300,92.8076,300.0000,65.0000,65.0000,13924.52,0.799957,92.807624
962.400,92.8076,300.0000,65.0625,65.0000,13924.29,0.799918,92.807624
962.500,92.8076,300.0000,64.9375,65.0000,13924.08,0.799882,92.807624
962.600,92.8076,300.0000,65.0000,64.9999,13923.88,0.799848,92.807624
962.700,92.8076,300.0000,65.0000,64.9999,13923.70,0.799817,92.807624
962.800,92.8076,300.0000,64.9375,64.9999,13923.53,0.799787,92.807624
962.900,92.8076,300.0000,65.0000,64.9999,13923.37,0.799760,92.807624
963.000,92.8076,300.0000,65.0625,64.9999,13923.22,0.799734,92.807624
963.100,92.8076,300.0000,65.0000,64.9998,13923.09,0.799710,92.807624
963.200,92.8076,300.0000,65.0000,64.9998,13922.96,0.799688,92.807624
963.300,92.8076,300.0000,65.0000,64.9998,13922.83,0.799667,92.807624
963.400,92.8076,300.0000,65.0000,64.9998,13922.72,0.799648,92.807624
963.500,92.8076,300.0000,64.9375,64.9998,13922.62,0.799630,92.807624
963.600,92.8076,300.0000,65.0000,64.9998,13922.52,0.799613,92.807624
963.700,92.8076,300.0000,65.0000,64.9998,13922.43,0.799597,92.807624
963.800,92.8076,300.0000,65.0000,64.9997,13922.34,0.799582,92.807624
963.900,92.8076,300.0000,65.0625,64.9997,13922.26,0.799568,92.807624
964.000,92.9015,300.0000,65.0000,64.9997,13923.13,0.799717,92.809712
964.100,92.9015,300.0000,65.0625,64.9997,13923.93,0.799856,92.809712
964.200,92.9015,300.0000,65.0000,64.9997,13924.69,0.799986,92.809712
964.300,92.9015,300.0000,64.9375,64.9996,13925.39,0.800107,92.809712
964.400,92.9015,300.0000,64.9375,64.9996,13926.04,0.800220,92.809712
964.500,92.9015,300.0000,65.0625,64.9995,13926.66,0.800326,92.809712
964.600,92.9015,300.0000,65.0625,64.9995,13927.23,0.800424,92.809712
964.700,92.9015,300.0000,65.0000,64.9994,13927.76,0.800516,92.809712
964.800,92.9015,300.0000,65.0000,64.9994,13928.26,0.800602,92.809712
964.900,92.9015,300.0000,65.0625,64.9993,13928.72,0.800682,92.809712
965.000,92.9036,300.0000,65.0000,64.9993,13929.18,0.800760,92.811799
965.100,92.9036,300.0000,64.9375,64.9992,13929.60,0.800833,92.811799
965.200,92.9036,300.0000,65.0625,64.9991,13930.00,0.800902,92.811799
965.300,92.9036,300.0000,64.9375,64.9990,13930.37,0.800965,92.811799
965.400,92.9036,300.0000,64.9375,64.9990,13930.71,0.801025,92.811799
965.500,92.9036,300.0000,65.0000,64.9989,13931.03,0.801080,92.811799
965.600,92.9036,300.0000,64.9375,64.9988,13931.33,0.801132,92.811799
965.700,92.9036,300.0000,65.0000,64.9987,13931.61,0.801181,92.811799
965.800,92.9036,300.0000,65.0000,64.9986,13931.87,0.801226,92.811799
965.900,92.9036,300.0000,64.9375,64.9985,13932.12,0.801268,92.811799
966.000,92.7179,300.0000,65.0000,64.9985,13930.49,0.800987,92.809712
966.100,92.7179,300.0000,64.9375,64.9984,13928.97,0.800725,92.809712
966.200,92.7179,300.0000,65.0000,64.9983,13927.55,0.800480,92.809712
966.300,92.7179,300.0000,64.9375,64.9983,13926.23,0.800252,92.809712
966.400,92.7179,300.0000,65.0000,64.9983,13924.99,0.800039,92.809712
966.500,92.7179,300.0000,64.9375,64.9983,13923.84,0.799840,92.809712
966.600,92.7179,300.0000,65.0000,64.9982,13922.76,0.799654,92.809712
966.700,92.7179,300.0000,65.0000,64.9982,13921.76,0.799481,92.809712
966.800,92.7179,300.0000,65.0000,64.9982,13920.82,0.799320,92.809712
966.900,92.7179,300.0000,64.9375,64.9983,13919.94,0.799169,92.809712
967.000,92.7158,300.0000,65.1250,64.9983,13919.11,0.799025,92.807624
967.100,92.7158,300.0000,64.9375,64.9983,13918.32,0.798890,92.807624
967.200,92.7158,300.0000,65.0625,64.9983,13917.59,0.798764,92.807624
967.300,92.7158,300.0000,65.0000,64.9984,13916.91,0.798647,92.807624
967.400,92.7158,300.0000,65.0000,64.9984,13916.28,0.798538,92.807624
967.500,92.7158,300.0000,64.9375,64.9985,13915.68,0.798436,92.807624
967.600,92.7158,300.0000,64.9375,64.9985,13915.13,0.798340,92.807624
967.700,92.7158,300.0000,65.1250,64.9986,13914.61,0.798251,92.807624
967.800,92.7158,300.0000,64.9375,64.9986,13914.13,0.798168,92.807624
967.900,92.7158,300.0000,65.0000,64.9987,13913.68,0.798091,92.807624
968.000,92.8076,300.0000,65.0000,64.9988,13914.18,0.798176,92.807624
968.100,92.8076,300.0000,65.0000,64.9988,13914.64,0.798256,92.807624
968.200,92.8076,300.0000,64.9375,64.9989,13915.08,0.798331,92.807624
968.300,92.8076,300.0000,65.0000,64.9989,13915.48,0.798401,92.807624
968.400,92.8076,300.0000,65.0625,64.9990,13915.86,0.798465,92.807624
968.500,92.8076,300.0000,65.0625,64.9990,13916.21,0.798526,92.807624
968.600,92.8076,300.0000,65.0000,64.9990,13916.54,0.798583,92.807624
968.700,92.8076,300.0000,65.0000,64.9991,13916.85,0.798636,92.807624
968.800,92.8076,300.0000,64.9375,64.9991,13917.13,0.798685,92.807624
968.900,92.8076,300.0000,65.0000,64.9991,13917.40,0.798731,92.807624
969.000,92.8076,300.0000,65.0625,64.9992,13917.65,0.798774,92.807624
969.100,92.8076,300.0000,65.0625,64.9992,13917.88,0.798814,92.807624
969.200,92.8076,300.0000,65.0625,64.9992,13918.10,0.798852,92.807624
969.300,92.8076,300.0000,65.0000,64.9993,13918.30,0.798886,92.807624
969.400,92.8076,300.0000,65.0000,64.9993,13918.49,0.798919,92.807624
969.500,92.8076,300.0000,65.0000,64.9993,13918.67,0.798950,92.807624
969.600,92.8076,300.0000,65.0625,64.9993,13918.83,0.798978,92.807624
969.700,92.8076,300.0000,65.0000,64.9993,13918.99,0.799004,92.807624
969.800,92.8076,300.0000,65.0625,64.9994,13919.13,0.799029,92.807624
969.900,92.8076,300.0000,65.1250,64.9994,13919.27,0.799052,92.807624
970.000,92.9954,300.0000,65.0000,64.9994,13921.27,0.799397,92.811799
970.100,92.9954,300.0000,65.0000,64.9994,13923.14,0.799719,92.811799
970.200,92.9954,300.0000,65.0000,64.9993,13924.88,0.800020,92.811799
970.300,92.9954,300.0000,65.0000,64.9993,13926.51,0.800301,92.811799
970.400,92.9954,300.0000,65.0000,64.9992,13928.03,0.800563,92.811799
970.500,92.9954,300.0000,64.9375,64.9992,13929.45,0.800807,92.811799
970.600,92.9954,300.0000,65.0000,64.9991,13930.77,0.801035,92.811799
970.700,92.9954,300.0000,65.0000,64.9990,13932.01,0.801249,92.811799
970.800,92.9954,300.0000,64.8750,64.9989,13933.16,0.801448,92.811799
970.900,92.9954,300.0000,65.0625,64.9988,13934.24,0.801633,92.811799
971.000,92.9057,300.0000,64.9375,64.9987,13934.34,0.801652,92.813886
971.100,92.9057,300.0000,64.9375,64.9986,13934.44,0.801669,92.813886
971.200,92.9057,300.0000,64.9375,64.9985,13934.54,0.801685,92.813886
971.300,92.9057,300.0000,65.0625,64.9984,13934.63,0.801701,92.813886
971.400,92.9057,300.0000,65.0000,64.9982,13934.71,0.801715,92.813886
971.500,92.9057,300.0000,65.0625,64.9981,13934.78,0.801728,92.813886
971.600,92.9057,300.0000,65.0000,64.9980,13934.85,0.801740,92.813886
971.700,92.9057,300.0000,65.0625,64.9979,13934.92,0.801751,92.813886
971.800,92.9057,300.0000,65.0000,64.9978,13934.98,0.801762,92.813886
971.900,92.9057,300.0000,65.0625,64.9977,13935.04,0.801772,92.813886
972.000,92.9078,300.0000,65.0000,64.9976,13935.12,0.801785,92.815974
972.100,92.9078,300.0000,64.9375,64.9975,13935.19,0.801797,92.815974
972.200,92.9078,300.0000,65.0000,64.9974,13935.25,0.801808,92.815974
972.300,92.9078,300.0000,65.0000,64.9972,13935.31,0.801819,92.815974
972.400,92.9078,300.0000,64.9375,64.9971,13935.37,0.801829,92.815974
972.500,92.9078,300.0000,65.0000,64.9970,13935.42,0.801838,92.815974
972.600,92.9078,300.0000,65.0000,64.9969,13935.47,0.801846,92.815974
972.700,92.9078,300.0000,64.9375,64.9968,13935.52,0.801854,92.815974
972.800,92.9078,300.0000,65.0000,64.9967,13935.56,0.801862,92.815974
972.900,92.9078,300.0000,65.0000,64.9966,13935.60,0.801869,92.815974
973.000,92.8160,300.0000,65.0000,64.9965,13934.72,0.801717,92.815974
973.100,92.8160,300.0000,65.0000,64.9964,13933.90,0.801575,92.815974
973.200,92.8160,300.0000,65.0000,64.9963,13933.13,0.801443,92.815974
973.300,92.8160,300.0000,65.0000,64.9962,13932.42,0.801319,92.815974
973.400,92.8160,300.0000,65.0000,64.9961,13931.75,0.801204,92.815974
973.500,92.8160,300.0000,65.0000,64.9960,13931.12,0.801096,92.815974
973.600,92.8160,300.0000,65.0625,64.9960,13930.54,0.800996,92.815974
973.700,92.8160,300.0000,65.0000,64.9959,13930.00,0.800902,92.815974
973.800,92.8160,300.0000,64.9375,64.9958,13929.49,0.800815,92.815974
973.900,92.8160,300.0000,64.9375,64.9958,13929.02,0.800733,92.815974
974.000,92.7221,300.0000,65.0000,64.9957,13927.64,0.800495,92.813886
974.100,92.7221,300.0000,64.8750,64.9957,13926.35,0.800273,92.813886
974.200,92.7221,300.0000,64.9375,64.9957,13925.15,0.800066,92.813886
974.300,92.7221,300.0000,65.0625,64.9956,13924.03,0.799872,92.813886
974.400,92.7221,300.0000,65.0000,64.9956,13922.98,0.799692,92.813886
974.500,92.7221,300.0000,64.9375,64.9956,13922.00,0.799524,92.813886
974.600,92.7221,300.0000,65.0000,64.9957,13921.09,0.799366,92.813886
974.700,92.7221,300.0000,65.0000,64.9957,13920.24,0.799220,92.813886
974.800,92.7221,300.0000,65.0000,64.9957,13919.44,0.799083,92.813886
974.900,92.7221,300.0000,65.0000,64.9957,13918.70,0.798955,92.813886
975.000,92.8139,300.0000,65.0625,64.9957,13918.93,0.798994,92.813886
975.100,92.8139,300.0000,65.0625,64.9958,13919.14,0.799030,92.813886
975.200,92.8139,300.0000,64.9375,64.9958,13919.33,0.799064,92.813886
975.300,92.8139,300.0000,65.0000,64.9958,13919.52,0.799095,92.813886
975.400,92.8139,300.0000,65.0000,64.9958,13919.69,0.799125,92.813886
975.500,92.8139,300.0000,64.9375,64.9959,13919.85,0.799152,92.813886
975.600,92.8139,300.0000,65.0000,64.9959,13920.00,0.799178,92.813886
975.700,92.8139,300.0000,65.0000,64.9959,13920.14,0.799202,92.813886
975.800,92.8139,300.0000,65.0625,64.9959,13920.27,0.799224,92.813886
975.900,92.8139,300.0000,64.9375,64.9959,13920.39,0.799245,92.813886
976.000,92.7200,300.0000,65.0000,64.9959,13919.56,0.799103,92.811799
976.100,92.7200,300.0000,65.0000,64.9960,13918.79,0.798970,92.811799
976.200,92.7200,300.0000,65.0000,64.9960,13918.07,0.798847,92.811799
976.300,92.7200,300.0000,64.8750,64.9960,13917.40,0.798731,92.811799
976.400,92.7200,300.0000,64.9375,64.9961,13916.77,0.798623,92.811799
976.500,92.7200,300.0000,65.0000,64.9961,13916.19,0.798522,92.811799
976.600,92.7200,300.0000,65.0625,64.9962,13915.64,0.798429,92.811799
976.700,92.7200,300.0000,65.0000,64.9962,13915.13,0.798341,92.811799
976.800,92.7200,300.0000,64.9375,64.9963,13914.66,0.798259,92.811799
976.900,92.7200,300.0000,64.9375,64.9964,13914.21,0.798183,92.811799
977.000,92.7179,300.0000,64.9375,64.9964,13913.78,0.798108,92.809712
977.100,92.7179,300.0000,65.0000,64.9965,13913.37,0.798038,92.809712
977.200,92.7179,300.0000,65.0625,64.9966,13912.99,0.797973,92.809712
977.300,92.7179,300.0000,65.0000,64.9967,13912.64,0.797912,92.809712
977.400,92.7179,300.0000,64.8750,64.9967,13912.31,0.797855,92.809712
977.500,92.7179,300.0000,65.0000,64.9968,13912.00,0.797802,92.809712
977.600,92.7179,300.0000,64.9375,64.9969,13911.72,0.797753,92.809712
977.700,92.7179,300.0000,64.9375,64.9970,13911.45,0.797706,92.809712
977.800,92.7179,300.0000,65.0000,64.9971,13911.20,0.797663,92.809712
977.900,92.7179,300.0000,65.0625,64.9972,13910.96,0.797623,92.809712
978.000,92.9036,300.0000,64.9375,64.9973,13912.60,0.797905,92.811799
978.100,92.9036,300.0000,65.0625,64.9973,13914.13,0.798168,92.811799
978.200,92.9036,300.0000,65.0625,64.9974,13915.56,0.798414,92.811799
978.300,92.9036,300.0000,65.0625,64.9974,13916.89,0.798643,92.811799
978.400,92.9036,300.0000,65.0000,64.9974,13918.13,0.798857,92.811799
978.500,92.9036,300.0000,64.8750,64.9975,13919.29,0.799057,92.811799
978.600,92.9036,300.0000,64.9375,64.9975,13920.38,0.799243,92.811799
978.700,92.9036,300.0000,65.0000,64.9975,13921.39,0.799418,92.811799
978.800,92.9036,300.0000,65.0625,64.9975,13922.33,0.799580,92.811799
978.900,92.9036,300.0000,65.0000,64.9975,13923.21,0.799732,92.811799
979.000,92.8118,300.0000,65.0000,64.9974,13923.11,0.799715,92.811799
979.100,92.8118,300.0000,65.0000,64.9974,13923.02,0.799700,92.811799
979.200,92.8118,300.0000,65.0000,64.9974,13922.94,0.799685,92.811799
979.300,92.8118,300.0000,65.0000,64.9974,13922.86,0.799672,92.811799
979.400,92.8118,300.0000,65.0625,64.9974,13922.79,0.799659,92.811799
979.500,92.8118,300.0000,65.0000,64.9974,13922.72,0.799648,92.811799
979.600,92.8118,300.0000,65.0625,64.9974,13922.66,0.799637,92.811799
979.700,92.8118,300.0000,64.9375,64.9974,13922.60,0.799627,92.811799
979.800,92.8118,300.0000,65.0625,64.9974,13922.54,0.799617,92.811799
979.900,92.8118,300.0000,65.0000,64.9974,13922.49,0.799608,92.811799
980.000,92.8118,300.0000,65.0625,64.9974,13922.44,0.799600,92.811799
980.100,92.8118,300.0000,65.0000,64.9974,13922.40,0.799592,92.811799
980.200,92.8118,300.0000,64.8750,64.9974,13922.36,0.799585,92.811799
980.300,92.8118,300.0000,64.9375,64.9973,13922.32,0.799578,92.811799
980.400,92.8118,300.0000,65.0625,64.9973,13922.28,0.799572,92.811799
980.500,92.8118,300.0000,65.0625,64.9973,13922.25,0.799566,92.811799
980.600,92.8118,300.0000,64.9375,64.9973,13922.22,0.799560,92.811799
980.700,92.8118,300.0000,64.9375,64.9973,13922.19,0.799555,92.811799
980.800,92.8118,300.0000,65.0000,64.9973,13922.16,0.799551,92.811799
980.900,92.8118,300.0000,65.0000,64.9973,13922.13,0.799546,92.811799
981.000,92.8118,300.0000,65.1875,64.9973,13922.11,0.799542,92.811799
981.100,92.8118,300.0000,64.8750,64.9973,13922.09,0.799538,92.811799
981.200,92.8118,300.0000,65.1250,64.9973,13922.06,0.799534,92.811799
981.300,92.8118,300.0000,64.9375,64.9973,13922.04,0.799531,92.811799
981.400,92.8118,300.0000,65.0625,64.9973,13922.03,0.799528,92.811799
981.500,92.8118,300.0000,65.0625,64.9973,13922.01,0.799525,92.811799
981.600,92.8118,300.0000,64.8750,64.9973,13921.99,0.799522,92.811799
981.700,92.8118,300.0000,65.0000,64.9973,13921.98,0.799520,92.811799
981.800,92.8118,300.0000,64.9375,64.9973,13921.96,0.799517,92.811799
981.900,92.8118,300.0000,65.0000,64.9973,13921.95,0.799515,92.811799
982.000,92.8118,300.0000,64.9375,64.9973,13921.94,0.799513,92.811799
982.100,92.8118,300.0000,65.0000,64.9973,13921.93,0.799511,92.811799
982.200,92.8118,300.0000,65.0000,64.9973,13921.92,0.799509,92.811799
982.300,92.8118,300.0000,65.1250,64.9973,13921.91,0.799507,92.811799
982.400,92.8118,300.0000,64.9375,64.9973,13921.90,0.799506,92.811799
982.500,92.8118,300.0000,65.0000,64.9973,13921.89,0.799504,92.811799
982.600,92.8118,300.0000,65.0000,64.9973,13921.88,0.799503,92.811799
982.700,92.8118,300.0000,65.0000,64.9973,13921.87,0.799502,92.811799
982.800,92.8118,300.0000,65.0000,64.9973,13921.87,0.799500,92.811799
982.900,92.8118,300.0000,64.9375,64.9973,13921.86,0.799499,92.811799
983.000,92.7179,300.0000,65.0000,64.9973,13920.92,0.799337,92.809712
983.100,92.7179,300.0000,64.9375,64.9973,13920.03,0.799185,92.809712
983.200,92.7179,300.0000,64.9375,64.9973,13919.21,0.799043,92.809712
983.300,92.7179,300.0000,65.0625,64.9974,13918.44,0.798911,92.809712
983.400,92.7179,300.0000,64.9375,64.9974,13917.73,0.798787,92.809712
983.500,92.7179,300.0000,65.0000,64.9974,13917.06,0.798672,92.809712
983.600,92.7179,300.0000,65.0000,64.9975,13916.43,0.798564,92.809712
983.700,92.7179,300.0000,65.0000,64.9975,13915.85,0.798464,92.809712
983.800,92.7179,300.0000,65.0000,64.9976,13915.31,0.798371,92.809712
983.900,92.7179,300.0000,64.9375,64.9976,13914.80,0.798283,92.809712
984.000,92.7158,300.0000,65.0000,64.9977,13914.30,0.798198,92.807624
984.100,92.7158,300.0000,65.0000,64.9978,13913.84,0.798118,92.807624
984.200,92.7158,300.0000,65.0000,64.9978,13913.41,0.798044,92.807624
984.300,92.7158,300.0000,65.0625,64.9979,13913.01,0.797975,92.807624
984.400,92.7158,300.0000,65.0625,64.9980,13912.63,0.797911,92.807624
984.500,92.7158,300.0000,65.0000,64.9981,13912.28,0.797850,92.807624
984.600,92.7158,300.0000,65.0625,64.9981,13911.96,0.797794,92.807624
984.700,92.7158,300.0000,65.0000,64.9982,13911.65,0.797741,92.807624
984.800,92.7158,300.0000,65.0000,64.9983,13911.37,0.797692,92.807624
984.900,92.7158,300.0000,65.0000,64.9984,13911.10,0.797647,92.807624
985.000,92.8076,300.0000,65.0000,64.9985,13911.77,0.797762,92.807624
985.100,92.8076,300.0000,65.0625,64.9985,13912.39,0.797869,92.807624
985.200,92.8076,300.0000,64.9375,64.9986,13912.98,0.797970,92.807624
985.300,92.8076,300.0000,65.0000,64.9987,13913.52,0.798063,92.807624
985.400,92.8076,300.0000,65.0000,64.9987,13914.03,0.798151,92.807624
985.500,92.8076,300.0000,64.9375,64.9988,13914.50,0.798232,92.807624
985.600,92.8076,300.0000,65.0000,64.9988,13914.95,0.798309,92.807624
985.700,92.8076,300.0000,65.0000,64.9989,13915.36,0.798380,92.807624
985.800,92.8076,300.0000,65.0000,64.9989,13915.75,0.798446,92.807624
985.900,92.8076,300.0000,64.9375,64.9990,13916.11,0.798508,92.807624
986.000,92.7138,300.0000,65.0000,64.9990,13915.50,0.798404,92.805537
986.100,92.7138,300.0000,65.0000,64.9991,13914.94,0.798308,92.805537
986.200,92.7138,300.0000,65.0000,64.9991,13914.41,0.798217,92.805537
986.300,92.7138,300.0000,65.0000,64.9992,13913.92,0.798133,92.805537
986.400,92.7138,300.0000,64.9375,64.9993,13913.47,0.798054,92.805537
986.500,92.7138,300.0000,64.9375,64.9993,13913.04,0.797981,92.805537
986.600,92.7138,300.0000,65.0000,64.9994,13912.64,0.797912,92.805537
986.700,92.7138,300.0000,65.0625,64.9995,13912.27,0.797848,92.805537
986.800,92.7138,300.0000,65.0625,64.9996,13911.92,0.797788,92.805537
986.900,92.7138,300.0000,65.0625,64.9996,13911.60,0.797733,92.805537
987.000,92.8994,300.0000,65.0000,64.9997,13913.15,0.798000,92.807624
987.100,92.8994,300.0000,64.9375,64.9998,13914.60,0.798250,92.807624
987.200,92.8994,300.0000,64.9375,64.9998,13915.96,0.798483,92.807624
987.300,92.8994,300.0000,65.0000,64.9998,13917.22,0.798700,92.807624
987.400,92.8994,300.0000,65.0000,64.9999,13918.40,0.798903,92.807624
987.500,92.8994,300.0000,65.0000,64.9999,13919.50,0.799093,92.807624
987.600,92.8994,300.0000,64.9375,64.9999,13920.53,0.799270,92.807624
987.700,92.8994,300.0000,65.0625,64.9999,13921.49,0.799435,92.807624
987.800,92.8994,300.0000,65.0000,64.9999,13922.38,0.799589,92.807624
987.900,92.8994,300.0000,64.9375,64.9998,13923.22,0.799733,92.807624
988.000,92.7138,300.0000,65.0000,64.9998,13922.14,0.799547,92.805537
988.100,92.7138,300.0000,64.8750,64.9998,13921.14,0.799374,92.805537
988.200,92.7138,300.0000,65.0000,64.9998,13920.20,0.799213,92.805537
988.300,92.7138,300.0000,64.9375,64.9999,13919.32,0.799062,92.805537
988.400,92.7138,300.0000,64.9375,64.9999,13918.50,0.798921,92.805537
988.500,92.7138,300.0000,64.9375,64.9999,13917.74,0.798790,92.805537
988.600,92.7138,300.0000,65.0625,64.9999,13917.03,0.798667,92.805537
988.700,92.7138,300.0000,65.0000,65.0000,13916.37,0.798553,92.805537
988.800,92.7138,300.0000,64.9375,65.0000,13915.75,0.798446,92.805537
988.900,92.7138,300.0000,65.0000,65.0001,13915.17,0.798346,92.805537
989.000,92.8055,300.0000,65.0625,65.0001,13915.54,0.798411,92.805537
989.100,92.8055,300.0000,64.9375,65.0002,13915.90,0.798472,92.805537
989.200,92.8055,300.0000,64.9375,65.0002,13916.23,0.798529,92.805537
989.300,92.8055,300.0000,65.0000,65.0002,13916.53,0.798582,92.805537
989.400,92.8055,300.0000,65.0000,65.0003,13916.82,0.798631,92.805537
989.500,92.8055,300.0000,65.0000,65.0003,13917.09,0.798677,92.805537
989.600,92.8055,300.0000,65.0000,65.0003,13917.34,0.798720,92.805537
989.700,92.8055,300.0000,65.0000,65.0004,13917.57,0.798760,92.805537
989.800,92.8055,300.0000,64.9375,65.0004,13917.79,0.798798,92.805537
989.900,92.8055,300.0000,65.0000,65.0004,13917.99,0.798832,92.805537
990.000,92.8055,300.0000,64.9375,65.0004,13918.18,0.798865,92.805537
990.100,92.8055,300.0000,65.0000,65.0005,13918.36,0.798896,92.805537
990.200,92.8055,300.0000,65.0000,65.0005,13918.52,0.798924,92.805537
990.300,92.8055,300.0000,65.0000,65.0005,13918.67,0.798950,92.805537
990.400,92.8055,300.0000,64.9375,65.0005,13918.82,0.798975,92.805537
990.500,92.8055,300.0000,65.0625,65.0005,13918.95,0.798998,92.805537
990.600,92.8055,300.0000,64.9375,65.0005,13919.08,0.799020,92.805537
990.700,92.8055,300.0000,65.0000,65.0006,13919.19,0.799040,92.805537
990.800,92.8055,300.0000,65.0000,65.0006,13919.30,0.799059,92.805537
990.900,92.8055,300.0000,64.9375,65.0006,13919.41,0.799076,92.805537
991.000,92.7117,300.0000,64.9375,65.0006,13918.56,0.798931,92.803450
991.100,92.7117,300.0000,65.0625,65.0006,13917.77,0.798795,92.803450
991.200,92.7117,300.0000,65.0000,65.0007,13917.04,0.798669,92.803450
991.300,92.7117,300.0000,64.9375,65.0007,13916.35,0.798551,92.803450
991.400,92.7117,300.0000,65.0000,65.0007,13915.71,0.798441,92.803450
991.500,92.7117,300.0000,65.0625,65.0008,13915.12,0.798338,92.803450
991.600,92.7117,300.0000,65.0000,65.0008,13914.56,0.798242,92.803450
991.700,92.7117,300.0000,65.0000,65.0009,13914.04,0.798152,92.803450
991.800,92.7117,300.0000,65.0625,65.0010,13913.55,0.798069,92.803450
991.900,92.7117,300.0000,65.0000,65.0010,13913.10,0.797991,92.803450
992.000,92.8034,300.0000,65.0000,65.0011,13913.59,0.798076,92.803450
992.100,92.8034,300.0000,65.0625,65.0011,13914.05,0.798155,92.803450
992.200,92.8034,300.0000,65.0000,65.0012,13914.49,0.798229,92.803450
992.300,92.8034,300.0000,64.9375,65.0012,13914.89,0.798298,92.803450
992.400,92.8034,300.0000,65.1250,65.0013,13915.26,0.798363,92.803450
992.500,92.8034,300.0000,65.0000,65.0013,13915.61,0.798423,92.803450
992.600,92.8034,300.0000,65.0625,65.0014,13915.94,0.798480,92.803450
992.700,92.8034,300.0000,65.0000,65.0014,13916.25,0.798532,92.803450
992.800,92.8034,300.0000,64.9375,65.0014,13916.53,0.798581,92.803450
992.900,92.8034,300.0000,65.0000,65.0015,13916.80,0.798627,92.803450
993.000,92.8034,300.0000,64.9375,65.0015,13917.04,0.798670,92.803450
993.100,92.8034,300.0000,65.0000,65.0015,13917.28,0.798710,92.803450
993.200,92.8034,300.0000,64.9375,65.0015,13917.49,0.798747,92.803450
993.300,92.8034,300.0000,65.0000,65.0016,13917.69,0.798782,92.803450
993.400,92.8034,300.0000,65.0000,65.0016,13917.88,0.798814,92.803450
993.500,92.8034,300.0000,65.0625,65.0016,13918.06,0.798844,92.803450
993.600,92.8034,300.0000,65.0625,65.0016,13918.22,0.798872,92.803450
993.700,92.8034,300.0000,65.0625,65.0017,13918.37,0.798899,92.803450
993.800,92.8034,300.0000,65.0625,65.0017,13918.52,0.798923,92.803450
993.900,92.8034,300.0000,64.8750,65.0017,13918.65,0.798946,92.803450
994.000,92.6157,300.0000,65.0000,65.0017,13916.90,0.798645,92.799275
994.100,92.6157,300.0000,65.0625,65.0018,13915.26,0.798363,92.799275
994.200,92.6157,300.0000,65.0000,65.0018,13913.73,0.798100,92.799275
994.300,92.6157,300.0000,65.0625,65.0019,13912.31,0.797855,92.799275
994.400,92.6157,300.0000,65.0000,65.0020,13910.98,0.797626,92.799275
994.500,92.6157,300.0000,65.0625,65.0021,13909.74,0.797413,92.799275
994.600,92.6157,300.0000,65.1250,65.0022,13908.58,0.797213,92.799275
994.700,92.6157,300.0000,65.0000,65.0023,13907.50,0.797027,92.799275
994.800,92.6157,300.0000,65.0000,65.0024,13906.49,0.796854,92.799275
994.900,92.6157,300.0000,65.0000,65.0025,13905.55,0.796692,92.799275
995.000,92.7993,300.0000,65.0625,65.0026,13906.50,0.796856,92.799275
995.100,92.7993,300.0000,65.0000,65.0027,13907.39,0.797010,92.799275
995.200,92.7993,300.0000,65.0625,65.0028,13908.23,0.797153,92.799275
995.300,92.7993,300.0000,65.0625,65.0029,13909.01,0.797287,92.799275
995.400,92.7993,300.0000,65.0000,65.0030,13909.73,0.797411,92.799275
995.500,92.7993,300.0000,65.0000,65.0031,13910.41,0.797528,92.799275
995.600,92.7993,300.0000,64.8750,65.0032,13911.04,0.797637,92.799275
995.700,92.7993,300.0000,65.0000,65.0032,13911.63,0.797738,92.799275
995.800,92.7993,300.0000,64.9375,65.0033,13912.18,0.797833,92.799275
995.900,92.7993,300.0000,64.9375,65.0034,13912.70,0.797921,92.799275
996.000,92.7054,300.0000,64.9375,65.0034,13912.24,0.797842,92.797188
996.100,92.7054,300.0000,65.0625,65.0035,13911.81,0.797769,92.797188
996.200,92.7054,300.0000,64.9375,65.0036,13911.41,0.797700,92.797188
996.300,92.7054,300.0000,65.0000,65.0036,13911.04,0.797636,92.797188
996.400,92.7054,300.0000,64.9375,65.0037,13910.69,0.797576,92.797188
996.500,92.7054,300.0000,64.9375,65.0038,13910.36,0.797520,92.797188
996.600,92.7054,300.0000,65.0000,65.0039,13910.06,0.797468,92.797188
996.700,92.7054,300.0000,64.9375,65.0040,13909.78,0.797419,92.797188
996.800,92.7054,300.0000,65.0000,65.0041,13909.51,0.797374,92.797188
996.900,92.7054,300.0000,64.9375,65.0041,13909.26,0.797331,92.797188
997.000,92.7033,300.0000,65.0625,65.0042,13909.01,0.797288,92.795101
997.100,92.7033,300.0000,64.9375,65.0043,13908.78,0.797248,92.795101
997.200,92.7033,300.0000,64.9375,65.0044,13908.56,0.797210,92.795101
997.300,92.7033,300.0000,65.0000,65.0045,13908.36,0.797175,92.795101
997.400,92.7033,300.0000,65.0000,65.0046,13908.17,0.797142,92.795101
997.500,92.7033,300.0000,64.9375,65.0047,13907.99,0.797112,92.795101
997.600,92.7033,300.0000,64.9375,65.0048,13907.82,0.797083,92.795101
997.700,92.7033,300.0000,65.0000,65.0049,13907.67,0.797056,92.795101
997.800,92.7033,300.0000,64.9375,65.0050,13907.52,0.797032,92.795101
997.900,92.7033,300.0000,65.0625,65.0051,13907.39,0.797008,92.795101
998.000,92.8890,300.0000,65.0000,65.0052,13909.12,0.797306,92.797188
998.100,92.8890,300.0000,65.0000,65.0053,13910.73,0.797584,92.797188
998.200,92.8890,300.0000,65.0000,65.0053,13912.24,0.797843,92.797188
998.300,92.8890,300.0000,65.0000,65.0054,13913.65,0.798085,92.797188
998.400,92.8890,300.0000,65.0625,65.0054,13914.96,0.798311,92.797188
998.500,92.8890,300.0000,65.0625,65.0055,13916.19,0.798522,92.797188
998.600,92.8890,300.0000,65.0000,65.0055,13917.33,0.798719,92.797188
998.700,92.8890,300.0000,65.0625,65.0055,13918.40,0.798903,92.797188
998.800,92.8890,300.0000,65.0000,65.0055,13919.39,0.799074,92.797188
998.900,92.8890,300.0000,65.0625,65.0055,13920.32,0.799235,92.797188
999.000,92.8911,300.0000,65.0000,65.0055,13921.21,0.799388,92.799275
999.100,92.8911,300.0000,65.0000,65.0054,13922.04,0.799531,92.799275
999.200,92.8911,300.0000,65.0000,65.0054,13922.82,0.799664,92.799275
999.300,92.8911,300.0000,65.0000,65.0054,13923.54,0.799789,92.799275
999.400,92.8911,300.0000,65.0625,65.0053,13924.21,0.799905,92.799275
999.500,92.8911,300.0000,65.0000,65.0053,13924.84,0.800013,92.799275
999.600,92.8911,300.0000,65.0625,65.0053,13925.43,0.800115,92.799275
999.700,92.8911,300.0000,65.0625,65.0052,13925.98,0.800209,92.799275
999.800,92.8911,300.0000,65.0625,65.0051,13926.49,0.800297,92.799275
999.900,92.8911,300.0000,65.0000,65.0051,13926.97,0.800380,92.799275
1000.000,92.7993,300.0000,64.9375,65.0050,13926.50,0.800299,92.799275
1000.100,92.7993,300.0000,65.0000,65.0050,13926.06,0.800223,92.799275
1000.200,92.7993,300.0000,64.9375,65.0049,13925.65,0.800152,92.799275
1000.300,92.7993,300.0000,65.0000,65.0049,13925.26,0.800086,92.799275
1000.400,92.7993,300.0000,64.9375,65.0048,13924.90,0.800024,92.799275
1000.500,92.7993,300.0000,65.0625,65.0048,13924.57,0.799966,92.799275
1000.600,92.7993,300.0000,65.0000,65.0048,13924.26,0.799912,92.799275
1000.700,92.7993,300.0000,65.0000,65.0047,13923.97,0.799862,92.799275
1000.800,92.7993,300.0000,64.8750,65.0047,13923.70,0.799815,92.799275
1000.900,92.7993,300.0000,64.9375,65.0047,13923.44,0.799772,92.799275
1001.000,92.7054,300.0000,65.0625,65.0046,13922.27,0.799569,92.797188
1001.100,92.7054,300.0000,64.8750,65.0046,13921.17,0.799380,92.797188
1001.200,92.7054,300.0000,64.9375,65.0046,13920.15,0.799204,92.797188
1001.300,92.7054,300.0000,65.0000,65.0046,13919.19,0.799039,92.797188
1001.400,92.7054,300.0000,65.0000,65.0046,13918.30,0.798886,92.797188
1001.500,92.7054,300.0000,65.0000,65.0047,13917.47,0.798742,92.797188
1001.600,92.7054,300.0000,65.0000,65.0047,13916.69,0.798609,92.797188
1001.700,92.7054,300.0000,65.0000,65.0047,13915.96,0.798484,92.797188
1001.800,92.7054,300.0000,65.0000,65.0048,13915.29,0.798367,92.797188
1001.900,92.7054,300.0000,65.0625,65.0048,13914.65,0.798258,92.797188
1002.000,92.8911,300.0000,65.0000,65.0048,13915.92,0.798477,92.799275
1002.100,92.8911,300.0000,65.0625,65.0049,13917.10,0.798680,92.799275
1002.200,92.8911,300.0000,65.0000,65.0049,13918.21,0.798870,92.799275
1002.300,92.8911,300.0000,65.0625,65.0049,13919.24,0.799048,92.799275
1002.400,92.8911,300.0000,65.0000,65.0049,13920.20,0.799213,92.799275
1002.500,92.8911,300.0000,64.9375,65.0049,13921.10,0.799368,92.799275
1002.600,92.8911,300.0000,65.0000,65.0048,13921.93,0.799512,92.799275
1002.700,92.8911,300.0000,65.0000,65.0048,13922.72,0.799647,92.799275
1002.800,92.8911,300.0000,65.0000,65.0048,13923.45,0.799772,92.799275
1002.900,92.8911,300.0000,65.0000,65.0047,13924.13,0.799890,92.799275
1003.000,92.7993,300.0000,65.0000,65.0047,13923.84,0.799841,92.799275
1003.100,92.7993,300.0000,65.0000,65.0047,13923.58,0.799796,92.799275
1003.200,92.7993,300.0000,65.0000,65.0046,13923.33,0.799753,92.799275
1003.300,92.7993,300.0000,65.0625,65.0046,13923.10,0.799714,92.799275
1003.400,92.7993,300.0000,65.0000,65.0046,13922.89,0.799677,92.799275
1003.500,92.7993,300.0000,65.0000,65.0046,13922.69,0.799642,92.799275
1003.600,92.7993,300.0000,65.0625,65.0045,13922.50,0.799610,92.799275
1003.700,92.7993,300.0000,64.9375,65.0045,13922.33,0.799580,92.799275
1003.800,92.7993,300.0000,65.0000,65.0045,13922.17,0.799552,92.799275
1003.900,92.7993,300.0000,65.0000,65.0045,13922.02,0.799526,92.799275
1004.000,92.7993,300.0000,64.9375,65.0045,13921.87,0.799502,92.799275
1004.100,92.7993,300.0000,65.0000,65.0045,13921.74,0.799479,92.799275
1004.200,92.7993,300.0000,65.0000,65.0044,13921.62,0.799458,92.799275
1004.300,92.7993,300.0000,65.0625,65.0044,13921.50,0.799438,92.799275
1004.400,92.7993,300.0000,65.0000,65.0044,13921.40,0.799419,92.799275
1004.500,92.7993,300.0000,65.0000,65.0044,13921.30,0.799402,92.799275
1004.600,92.7993,300.0000,65.0000,65.0044,13921.20,0.799386,92.799275
1004.700,92.7993,300.0000,65.0625,65.0044,13921.11,0.799371,92.799275
1004.800,92.7993,300.0000,65.0625,65.0044,13921.03,0.799357,92.799275
1004.900,92.7993,300.0000,65.0000,65.0044,13920.96,0.799344,92.799275
1005.000,92.7993,300.0000,65.0625,65.0044,13920.89,0.799331,92.799275
1005.100,92.7993,300.0000,64.9375,65.0043,13920.82,0.799320,92.799275
1005.200,92.7993,300.0000,65.0000,65.0043,13920.76,0.799309,92.799275
1005.300,92.7993,300.0000,65.1250,65.0043,13920.70,0.799299,92.799275
1005.400,92.7993,300.0000,65.0000,65.0043,13920.65,0.799290,92.799275
1005.500,92.7993,300.0000,65.0000,65.0043,13920.60,0.799281,92.799275
1005.600,92.7993,300.0000,65.0625,65.0043,13920.55,0.799273,92.799275
1005.700,92.7993,300.0000,64.9375,65.0043,13920.50,0.799266,92.799275
1005.800,92.7993,300.0000,65.0000,65.0043,13920.46,0.799259,92.799275
1005.900,92.7993,300.0000,65.0625,65.0043,13920.43,0.799252,92.799275
1006.000,92.8931,300.0000,65.0625,65.0043,13921.33,0.799408,92.801363
1006.100,92.8931,300.0000,65.0000,65.0043,13922.17,0.799553,92.801363
1006.200,92.8931,300.0000,65.0625,65.0042,13922.96,0.799688,92.801363
1006.300,92.8931,300.0000,64.9375,65.0042,13923.69,0.799815,92.801363
1006.400,92.8931,300.0000,65.0625,65.0042,13924.38,0.799933,92.801363
1006.500,92.8931,300.0000,65.0625,65.0041,13925.02,0.800043,92.801363
1006.600,92.8931,300.0000,65.0000,65.0041,13925.61,0.800146,92.801363
1006.700,92.8931,300.0000,64.9375,65.0040,13926.17,0.800242,92.801363
1006.800,92.8931,300.0000,65.0000,65.0040,13926.69,0.800332,92.801363
1006.900,92.8931,300.0000,64.9375,65.0039,13927.18,0.800416,92.801363
1007.000,92.7075,300.0000,64.8750,65.0039,13925.77,0.800174,92.799275
1007.100,92.7075,300.0000,65.0625,65.0038,13924.46,0.799948,92.799275
1007.200,92.7075,300.0000,65.0000,65.0038,13923.24,0.799737,92.799275
1007.300,92.7075,300.0000,65.0625,65.0038,13922.10,0.799540,92.799275
1007.400,92.7075,300.0000,65.0000,65.0038,13921.03,0.799357,92.799275
1007.500,92.7075,300.0000,65.0000,65.0038,13920.04,0.799186,92.799275
1007.600,92.7075,300.0000,64.9375,65.0038,13919.11,0.799026,92.799275
1007.700,92.7075,300.0000,65.0000,65.0038,13918.25,0.798877,92.799275
1007.800,92.7075,300.0000,65.0000,65.0038,13917.44,0.798738,92.799275
1007.900,92.7075,300.0000,64.9375,65.0039,13916.68,0.798608,92.799275
1008.000,92.7054,300.0000,65.0000,65.0039,13915.96,0.798483,92.797188
1008.100,92.7054,300.0000,64.9375,65.0039,13915.28,0.798367,92.797188
1008.200,92.7054,300.0000,65.0625,65.0040,13914.65,0.798258,92.797188
1008.300,92.7054,300.0000,65.0625,65.0040,13914.06,0.798156,92.797188
1008.400,92.7054,300.0000,65.0625,65.0041,13913.51,0.798062,92.797188
1008.500,92.7054,300.0000,65.0000,65.0041,13913.00,0.797973,92.797188
1008.600,92.7054,300.0000,65.0000,65.0042,13912.52,0.797891,92.797188
1008.700,92.7054,300.0000,64.9375,65.0043,13912.07,0.797814,92.797188
1008.800,92.7054,300.0000,65.0625,65.0043,13911.65,0.797742,92.797188
1008.900,92.7054,300.0000,65.0000,65.0044,13911.27,0.797675,92.797188
1009.000,92.7972,300.0000,64.9375,65.0045,13911.82,0.797771,92.797188
1009.100,92.7972,300.0000,65.0000,65.0045,13912.34,0.797860,92.797188
1009.200,92.7972,300.0000,65.0000,65.0046,13912.82,0.797943,92.797188
1009.300,92.7972,300.0000,65.0000,65.0046,13913.27,0.798020,92.797188
1009.400,92.7972,300.0000,65.0625,65.0047,13913.69,0.798093,92.797188
1009.500,92.7972,300.0000,64.9375,65.0047,13914.08,0.798160,92.797188
1009.600,92.7972,300.0000,65.0000,65.0048,13914.45,0.798223,92.797188
1009.700,92.7972,300.0000,65.0625,65.0048,13914.79,0.798282,92.797188
1009.800,92.7972,300.0000,65.0625,65.0049,13915.11,0.798337,92.797188
1009.900,92.7972,300.0000,65.0625,65.0049,13915.41,0.798388,92.797188
1010.000,92.8911,300.0000,64.9375,65.0049,13916.62,0.798598,92.799275
1010.100,92.8911,300.0000,65.0000,65.0049,13917.76,0.798793,92.799275
1010.200,92.8911,300.0000,65.0000,65.0049,13918.82,0.798976,92.799275
1010.300,92.8911,300.0000,65.0000,65.0049,13919.81,0.799146,92.799275
1010.400,92.8911,300.0000,64.9375,65.0049,13920.73,0.799305,92.799275
1010.500,92.8911,300.0000,65.0000,65.0049,13921.59,0.799453,92.799275
1010.600,92.8911,300.0000,65.0000,65.0049,13922.40,0.799592,92.799275
1010.700,92.8911,300.0000,65.0000,65.0049,13923.15,0.799721,92.799275
1010.800,92.8911,300.0000,65.0000,65.0048,13923.85,0.799842,92.799275
1010.900,92.8911,300.0000,64.9375,65.0048,13924.50,0.799955,92.799275
1011.000,92.7054,300.0000,65.0625,65.0048,13923.26,0.799740,92.797188
1011.100,92.7054,300.0000,65.0000,65.0047,13922.09,0.799540,92.797188
1011.200,92.7054,300.0000,65.0000,65.0047,13921.01,0.799353,92.797188
1011.300,92.7054,300.0000,65.0000,65.0047,13920.00,0.799178,92.797188
1011.400,92.7054,300.0000,65.0000,65.0047,13919.05,0.799015,92.797188
1011.500,92.7054,300.0000,65.0000,65.0048,13918.17,0.798863,92.797188
1011.600,92.7054,300.0000,65.0000,65.0048,13917.34,0.798721,92.797188
1011.700,92.7054,300.0000,65.0000,65.0048,13916.57,0.798589,92.797188
1011.800,92.7054,300.0000,65.0625,65.0048,13915.86,0.798465,92.797188
1011.900,92.7054,300.0000,65.0625,65.0049,13915.19,0.798350,92.797188
1012.000,92.8911,300.0000,65.0000,65.0049,13916.42,0.798562,92.799275
1012.100,92.8911,300.0000,65.0625,65.0049,13917.57,0.798760,92.799275
1012.200,92.8911,300.0000,65.0000,65.0049,13918.64,0.798945,92.799275
1012.300,92.8911,300.0000,65.0625,65.0049,13919.64,0.799117,92.799275
1012.400,92.8911,300.0000,65.0000,65.0049,13920.58,0.799278,92.799275
1012.500,92.8911,300.0000,65.0625,65.0049,13921.45,0.799428,92.799275
1012.600,92.8911,300.0000,65.0625,65.0049,13922.26,0.799569,92.799275
1012.700,92.8911,300.0000,65.0000,65.0049,13923.02,0.799699,92.799275
1012.800,92.8911,300.0000,64.9375,65.0048,13923.73,0.799822,92.799275
1012.900,92.8911,300.0000,65.0000,65.0048,13924.39,0.799936,92.799275
1013.000,92.7993,300.0000,65.0000,65.0047,13924.09,0.799884,92.799275
1013.100,92.7993,300.0000,64.9375,65.0047,13923.81,0.799836,92.799275
1013.200,92.7993,300.0000,65.0000,65.0047,13923.55,0.799791,92.799275
1013.300,92.7993,300.0000,64.9375,65.0047,13923.31,0.799749,92.799275
1013.400,92.7993,300.0000,65.0625,65.0046,13923.08,0.799709,92.799275
1013.500,92.7993,300.0000,65.0000,65.0046,13922.87,0.799673,92.799275
1013.600,92.7993,300.0000,65.0000,65.0046,13922.67,0.799639,92.799275
1013.700,92.7993,300.0000,65.0625,65.0046,13922.48,0.799607,92.799275
1013.800,92.7993,300.0000,65.0000,65.0045,13922.31,0.799577,92.799275
1013.900,92.7993,300.0000,65.0625,65.0045,13922.15,0.799549,92.799275
1014.000,92.8931,300.0000,65.0000,65.0045,13922.94,0.799685,92.801363
1014.100,92.8931,300.0000,65.0625,65.0045,13923.67,0.799812,92.801363
1014.200,92.8931,300.0000,65.0000,65.0044,13924.36,0.799930,92.801363
1014.300,92.8931,300.0000,65.0000,65.0044,13925.00,0.800040,92.801363
1014.400,92.8931,300.0000,65.0000,65.0043,13925.60,0.800143,92.801363
1014.500,92.8931,300.0000,64.9375,65.0043,13926.16,0.800240,92.801363
1014.600,92.8931,300.0000,65.0000,65.0042,13926.68,0.800329,92.801363
1014.700,92.8931,300.0000,65.0000,65.0042,13927.16,0.800413,92.801363
1014.800,92.8931,300.0000,65.0000,65.0041,13927.62,0.800492,92.801363
1014.900,92.8931,300.0000,65.0625,65.0040,13928.04,0.800565,92.801363
1015.000,92.8952,300.0000,65.0625,65.0040,13928.46,0.800636,92.803450
1015.100,92.8952,300.0000,65.0625,65.0039,13928.85,0.800703,92.803450
1015.200,92.8952,300.0000,65.0625,65.0038,13929.21,0.800766,92.803450
1015.300,92.8952,300.0000,65.0625,65.0037,13929.55,0.800824,92.803450
1015.400,92.8952,300.0000,64.9375,65.0037,13929.86,0.800879,92.803450
1015.500,92.8952,300.0000,65.0625,65.0036,13930.16,0.800930,92.803450
1015.600,92.8952,300.0000,65.0625,65.0035,13930.43,0.800977,92.803450
1015.700,92.8952,300.0000,65.0625,65.0034,13930.69,0.801021,92.803450
1015.800,92.8952,300.0000,65.0625,65.0033,13930.93,0.801063,92.803450
1015.900,92.8952,300.0000,65.0000,65.0032,13931.15,0.801101,92.803450
1016.000,92.8034,300.0000,65.0000,65.0031,13930.44,0.800979,92.803450
1016.100,92.8034,300.0000,65.0000,65.0030,13929.78,0.800865,92.803450
1016.200,92.8034,300.0000,65.0000,65.0030,13929.16,0.800758,92.803450
1016.300,92.8034,300.0000,64.8750,65.0029,13928.59,0.800659,92.803450
1016.400,92.8034,300.0000,65.0000,65.0028,13928.05,0.800566,92.803450
1016.500,92.8034,300.0000,65.0625,65.0028,13927.55,0.800480,92.803450
1016.600,92.8034,300.0000,65.0000,65.0027,13927.08,0.800399,92.803450
1016.700,92.8034,300.0000,65.0000,65.0027,13926.64,0.800323,92.803450
1016.800,92.8034,300.0000,64.9375,65.0026,13926.23,0.800253,92.803450
1016.900,92.8034,300.0000,64.8750,65.0026,13925.85,0.800187,92.803450
1017.000,92.6157,300.0000,65.0000,65.0025,13923.62,0.799802,92.799275
1017.100,92.6157,300.0000,65.0625,65.0025,13921.54,0.799443,92.799275
1017.200,92.6157,300.0000,65.0625,65.0025,13919.59,0.799108,92.799275
1017.300,92.6157,300.0000,65.0625,65.0026,13917.77,0.798795,92.799275
1017.400,92.6157,300.0000,65.0625,65.0026,13916.08,0.798504,92.799275
1017.500,92.6157,300.0000,64.9375,65.0026,13914.50,0.798232,92.799275
1017.600,92.6157,300.0000,65.0625,65.0027,13913.02,0.797978,92.799275
1017.700,92.6157,300.0000,64.8750,65.0028,13911.64,0.797740,92.799275
1017.800,92.6157,300.0000,65.0625,65.0029,13910.36,0.797519,92.799275
1017.900,92.6157,300.0000,65.0000,65.0030,13909.16,0.797313,92.799275
1018.000,92.7993,300.0000,64.9375,65.0030,13909.87,0.797436,92.799275
1018.100,92.7993,300.0000,65.1250,65.0031,13910.54,0.797551,92.799275
1018.200,92.7993,300.0000,65.0625,65.0032,13911.17,0.797658,92.799275
1018.300,92.7993,300.0000,64.9375,65.0033,13911.75,0.797758,92.799275
1018.400,92.7993,300.0000,65.0625,65.0033,13912.29,0.797852,92.799275
1018.500,92.7993,300.0000,65.0000,65.0034,13912.80,0.797939,92.799275
1018.600,92.7993,300.0000,64.9375,65.0035,13913.27,0.798020,92.799275
1018.700,92.7993,300.0000,64.8750,65.0035,13913.71,0.798096,92.799275
1018.800,92.7993,300.0000,64.9375,65.0036,13914.12,0.798167,92.799275
1018.900,92.7993,300.0000,65.0000,65.0036,13914.51,0.798233,92.799275
1019.000,92.7993,300.0000,65.0000,65.0036,13914.87,0.798295,92.799275
1019.100,92.7993,300.0000,65.0625,65.0037,13915.20,0.798353,92.799275
1019.200,92.7993,300.0000,65.0000,65.0037,13915.51,0.798406,92.799275
1019.300,92.7993,300.0000,65.0000,65.0038,13915.81,0.798457,92.799275
1019.400,92.7993,300.0000,64.8750,65.0038,13916.08,0.798503,92.799275
1019.500,92.7993,300.0000,65.1250,65.0038,13916.33,0.798547,92.799275
1019.600,92.7993,300.0000,65.0000,65.0038,13916.57,0.798588,92.799275
1019.700,92.7993,300.0000,64.9375,65.0039,13916.79,0.798626,92.799275
1019.800,92.7993,300.0000,65.0000,65.0039,13917.00,0.798662,92.799275
1019.900,92.7993,300.0000,65.0000,65.0039,13917.19,0.798695,92.799275
1020.000,92.7993,300.0000,65.0000,65.0039,13917.37,0.798726,92.799275
1020.100,92.7993,300.0000,64.9375,65.0040,13917.54,0.798755,92.799275
1020.200,92.7993,300.0000,65.0000,65.0040,13917.70,0.798782,92.799275
1020.300,92.7993,300.0000,65.0625,65.0040,13917.84,0.798807,92.799275
1020.400,92.7993,300.0000,65.0625,65.0040,13917.98,0.798831,92.799275
1020.500,92.7993,300.0000,65.0000,65.0040,13918.11,0.798853,92.799275
1020.600,92.7993,300.0000,65.0625,65.0040,13918.23,0.798873,92.799275
1020.700,92.7993,300.0000,65.0000,65.0041,13918.34,0.798892,92.799275
1020.800,92.7993,300.0000,65.0000,65.0041,13918.44,0.798910,92.799275
1020.900,92.7993,300.0000,64.9375,65.0041,13918.54,0.798927,92.799275
1021.000,92.7054,300.0000,64.9375,65.0041,13917.69,0.798781,92.797188
1021.100,92.7054,300.0000,65.0625,65.0041,13916.90,0.798644,92.797188
1021.200,92.7054,300.0000,65.0000,65.0042,13916.16,0.798517,92.797188
1021.300,92.7054,300.0000,65.0000,65.0042,13915.47,0.798398,92.797188
1021.400,92.7054,300.0000,64.8750,65.0042,13914.82,0.798288,92.797188
1021.500,92.7054,300.0000,64.9375,65.0043,13914.22,0.798184,92.797188
1021.600,92.7054,300.0000,65.0000,65.0043,13913.66,0.798088,92.797188
1021.700,92.7054,300.0000,65.0625,65.0044,13913.14,0.797998,92.797188
1021.800,92.7054,300.0000,65.0000,65.0045,13912.65,0.797914,92.797188
1021.900,92.7054,300.0000,64.9375,65.0045,13912.19,0.797835,92.797188
1022.000,92.7033,300.0000,65.0000,65.0046,13911.75,0.797758,92.795101
1022.100,92.7033,300.0000,64.8750,65.0047,13911.33,0.797687,92.795101
1022.200,92.7033,300.0000,65.0000,65.0047,13910.94,0.797620,92.795101
1022.300,92.7033,300.0000,64.9375,65.0048,13910.58,0.797557,92.795101
1022.400,92.7033,300.0000,65.0000,65.0049,13910.24,0.797499,92.795101
1022.500,92.7033,300.0000,65.0000,65.0050,13909.92,0.797445,92.795101
1022.600,92.7033,300.0000,65.0000,65.0051,13909.63,0.797394,92.795101
1022.700,92.7033,300.0000,64.9375,65.0051,13909.35,0.797346,92.795101
1022.800,92.7033,300.0000,64.9375,65.0052,13909.10,0.797302,92.795101
1022.900,92.7033,300.0000,65.0000,65.0053,13908.86,0.797261,92.795101
1023.000,92.7951,300.0000,65.0625,65.0054,13909.55,0.797380,92.795101
1023.100,92.7951,300.0000,65.0000,65.0055,13910.20,0.797492,92.795101
1023.200,92.7951,300.0000,65.0625,65.0055,13910.80,0.797596,92.795101
1023.300,92.7951,300.0000,65.0000,65.0056,13911.37,0.797693,92.795101
1023.400,92.7951,300.0000,64.9375,65.0057,13911.89,0.797783,92.795101
1023.500,92.7951,300.0000,65.0000,65.0057,13912.38,0.797868,92.795101
1023.600,92.7951,300.0000,65.0000,65.0058,13912.84,0.797947,92.795101
1023.700,92.7951,300.0000,64.9375,65.0058,13913.27,0.798020,92.795101
1023.800,92.7951,300.0000,65.0000,65.0059,13913.67,0.798089,92.795101
1023.900,92.7951,300.0000,65.0625,65.0059,13914.04,0.798153,92.795101
1024.000,92.8890,300.0000,65.0625,65.0060,13915.33,0.798375,92.797188
1024.100,92.8890,300.0000,65.0000,65.0060,13916.53,0.798582,92.797188
1024.200,92.8890,300.0000,65.0000,65.0060,13917.65,0.798775,92.797188
1024.300,92.8890,300.0000,65.0000,65.0060,13918.70,0.798955,92.797188
1024.400,92.8890,300.0000,65.0625,65.0060,13919.68,0.799123,92.797188
1024.500,92.8890,300.0000,65.0625,65.0060,13920.59,0.799280,92.797188
1024.600,92.8890,300.0000,65.0625,65.0060,13921.44,0.799426,92.797188
1024.700,92.8890,300.0000,65.0000,65.0060,13922.23,0.799563,92.797188
1024.800,92.8890,300.0000,65.0000,65.0059,13922.97,0.799691,92.797188
1024.900,92.8890,300.0000,65.0625,65.0059,13923.66,0.799810,92.797188
1025.000,92.8911,300.0000,65.0000,65.0059,13924.33,0.799925,92.799275
1025.100,92.8911,300.0000,65.0000,65.0058,13924.95,0.800032,92.799275
1025.200,92.8911,300.0000,65.0000,65.0058,13925.53,0.800132,92.799275
1025.300,92.8911,300.0000,64.9375,65.0057,13926.07,0.800225,92.799275
1025.400,92.8911,300.0000,65.0000,65.0057,13926.58,0.800313,92.799275
1025.500,92.8911,300.0000,65.0625,65.0056,13927.05,0.800394,92.799275
1025.600,92.8911,300.0000,65.0625,65.0055,13927.49,0.800470,92.799275
1025.700,92.8911,300.0000,65.0000,65.0055,13927.90,0.800541,92.799275
1025.800,92.8911,300.0000,65.0000,65.0054,13928.29,0.800607,92.799275
1025.900,92.8911,300.0000,65.0625,65.0053,13928.65,0.800669,92.799275
1026.000,92.8931,300.0000,65.0625,65.0052,13929.00,0.800730,92.801363
1026.100,92.8931,300.0000,64.9375,65.0051,13929.33,0.800787,92.801363
1026.200,92.8931,300.0000,64.9375,65.0051,13929.64,0.800840,92.801363
1026.300,92.8931,300.0000,65.0000,65.0050,13929.93,0.800890,92.801363
1026.400,92.8931,300.0000,65.1250,65.0049,13930.20,0.800937,92.801363
1026.500,92.8931,300.0000,65.0000,65.0048,13930.45,0.800980,92.801363
1026.600,92.8931,300.0000,65.0625,65.0047,13930.69,0.801021,92.801363
1026.700,92.8931,300.0000,65.0000,65.0046,13930.90,0.801058,92.801363
1026.800,92.8931,300.0000,65.0625,65.0045,13931.11,0.801094,92.801363
1026.900,92.8931,300.0000,65.0000,65.0044,13931.30,0.801127,92.801363
1027.000,92.8014,300.0000,65.0625,65.0043,13930.56,0.800999,92.801363
1027.100,92.8014,300.0000,65.0000,65.0043,13929.87,0.800880,92.801363
1027.200,92.8014,300.0000,65.0625,65.0042,13929.23,0.800769,92.801363
1027.300,92.8014,300.0000,64.9375,65.0041,13928.62,0.800665,92.801363
1027.400,92.8014,300.0000,65.0625,65.0040,13928.06,0.800568,92.801363
1027.500,92.8014,300.0000,65.0625,65.0040,13927.54,0.800478,92.801363
1027.600,92.8014,300.0000,65.0000,65.0039,13927.05,0.800394,92.801363
1027.700,92.8014,300.0000,65.0625,65.0039,13926.59,0.800315,92.801363
1027.800,92.8014,300.0000,65.0000,65.0038,13926.17,0.800242,92.801363
1027.900,92.8014,300.0000,65.0625,65.0038,13925.77,0.800173,92.801363
1028.000,92.8952,300.0000,65.0000,65.0037,13926.34,0.800271,92.803450
1028.100,92.8952,300.0000,65.0625,65.0037,13926.87,0.800362,92.803450
1028.200,92.8952,300.0000,65.0000,65.0036,13927.36,0.800447,92.803450
1028.300,92.8952,300.0000,65.0000,65.0035,13927.82,0.800527,92.803450
1028.400,92.8952,300.0000,64.9375,65.0035,13928.25,0.800601,92.803450
1028.500,92.8952,300.0000,64.9375,65.0034,13928.66,0.800671,92.803450
1028.600,92.8952,300.0000,65.0625,65.0033,13929.03,0.800735,92.803450
1028.700,92.8952,300.0000,65.0000,65.0032,13929.38,0.800796,92.803450
1028.800,92.8952,300.0000,65.0000,65.0032,13929.71,0.800852,92.803450
1028.900,92.8952,300.0000,65.0000,65.0031,13930.01,0.800905,92.803450
1029.000,92.8034,300.0000,65.1250,65.0030,13929.38,0.800796,92.803450
1029.100,92.8034,300.0000,65.0000,65.0029,13928.79,0.800694,92.803450
1029.200,92.8034,300.0000,65.1250,65.0029,13928.24,0.800599,92.803450
1029.300,92.8034,300.0000,65.1250,65.0028,13927.72,0.800510,92.803450
1029.400,92.8034,300.0000,65.0000,65.0028,13927.24,0.800427,92.803450
1029.500,92.8034,300.0000,65.1250,65.0027,13926.79,0.800350,92.803450
1029.600,92.8034,300.0000,65.0625,65.0026,13926.38,0.800277,92.803450
1029.700,92.8034,300.0000,65.0625,65.0026,13925.99,0.800210,92.803450
1029.800,92.8034,300.0000,65.0625,65.0026,13925.62,0.800147,92.803450
1029.900,92.8034,300.0000,65.0000,65.0025,13925.28,0.800089,92.803450
1030.000,92.8034,300.0000,65.0000,65.0025,13924.96,0.800034,92.803450
1030.100,92.8034,300.0000,64.9375,65.0024,13924.67,0.799983,92.803450
1030.200,92.8034,300.0000,65.0000,65.0024,13924.39,0.799935,92.803450
1030.300,92.8034,300.0000,64.9375,65.0024,13924.13,0.799891,92.803450
1030.400,92.8034,300.0000,65.1250,65.0023,13923.89,0.799849,92.803450
1030.500,92.8034,300.0000,64.9375,65.0023,13923.67,0.799810,92.803450
1030.600,92.8034,300.0000,65.1250,65.0023,13923.46,0.799774,92.803450
1030.700,92.8034,300.0000,65.0625,65.0023,13923.26,0.799740,92.803450
1030.800,92.8034,300.0000,64.9375,65.0022,13923.08,0.799709,92.803450
1030.900,92.8034,300.0000,65.0000,65.0022,13922.91,0.799680,92.803450
1031.000,92.8034,300.0000,65.1250,65.0022,13922.75,0.799652,92.803450
1031.100,92.8034,300.0000,65.0625,65.0022,13922.60,0.799626,92.803450
1031.200,92.8034,300.0000,65.0000,65.0022,13922.46,0.799603,92.803450
1031.300,92.8034,300.0000,65.0000,65.0022,13922.33,0.799580,92.803450
1031.400,92.8034,300.0000,65.0000,65.0021,13922.21,0.799559,92.803450
1031.500,92.8034,300.0000,65.0000,65.0021,13922.10,0.799540,92.803450
1031.600,92.8034,300.0000,64.9375,65.0021,13921.99,0.799522,92.803450
1031.700,92.8034,300.0000,65.0625,65.0021,13921.89,0.799505,92.803450
1031.800,92.8034,300.0000,65.0625,65.0021,13921.80,0.799489,92.803450
1031.900,92.8034,300.0000,65.0625,65.0021,13921.72,0.799474,92.803450
1032.000,92.8973,300.0000,65.0000,65.0021,13922.57,0.799622,92.805537
1032.100,92.8973,300.0000,65.0000,65.0020,13923.38,0.799760,92.805537
1032.200,92.8973,300.0000,65.0000,65.0020,13924.12,0.799889,92.805537
1032.300,92.8973,300.0000,65.0625,65.0020,13924.82,0.800010,92.805537
1032.400,92.8973,300.0000,65.0000,65.0019,13925.47,0.800122,92.805537
1032.500,92.8973,300.0000,65.0000,65.0019,13926.08,0.800227,92.805537
1032.600,92.8973,300.0000,65.0625,65.0018,13926.65,0.800325,92.805537
1032.700,92.8973,300.0000,65.0000,65.0018,13927.18,0.800416,92.805537
1032.800,92.8973,300.0000,65.0000,65.0017,13927.67,0.800501,92.805537
1032.900,92.8973,300.0000,65.0000,65.0017,13928.14,0.800581,92.805537
1033.000,92.8055,300.0000,65.0000,65.0016,13927.65,0.800497,92.805537
1033.100,92.8055,300.0000,65.0000,65.0016,13927.19,0.800419,92.805537
1033.200,92.8055,300.0000,64.9375,65.0015,13926.77,0.800345,92.805537
1033.300,92.8055,300.0000,65.0000,65.0015,13926.37,0.800277,92.805537
1033.400,92.8055,300.0000,65.1250,65.0014,13926.00,0.800213,92.805537
1033.500,92.8055,300.0000,65.0000,65.0014,13925.66,0.800154,92.805537
1033.600,92.8055,300.0000,65.0625,65.0013,13925.34,0.800098,92.805537
1033.700,92.8055,300.0000,64.9375,65.0013,13925.04,0.800047,92.805537
1033.800,92.8055,300.0000,65.0625,65.0013,13924.76,0.799998,92.805537
1033.900,92.8055,300.0000,65.0000,65.0012,13924.50,0.799953,92.805537
1034.000,92.8055,300.0000,65.0000,65.0012,13924.25,0.799911,92.805537
1034.100,92.8055,300.0000,64.9375,65.0012,13924.02,0.799872,92.805537
1034.200,92.8055,300.0000,65.0000,65.0011,13923.81,0.799835,92.805537
1034.300,92.8055,300.0000,65.0625,65.0011,13923.61,0.799801,92.805537
1034.400,92.8055,300.0000,64.9375,65.0011,13923.43,0.799769,92.805537
1034.500,92.8055,300.0000,65.0000,65.0011,13923.25,0.799739,92.805537
1034.600,92.8055,300.0000,64.9375,65.0011,13923.09,0.799711,92.805537
1034.700,92.8055,300.0000,65.0000,65.0010,13922.94,0.799685,92.805537
1034.800,92.8055,300.0000,64.9375,65.0010,13922.80,0.799661,92.805537
1034.900,92.8055,300.0000,65.0000,65.0010,13922.67,0.799639,92.805537
1035.000,92.8055,300.0000,65.0625,65.0010,13922.55,0.799617,92.805537
1035.100,92.8055,300.0000,65.0625,65.0010,13922.43,0.799598,92.805537
1035.200,92.8055,300.0000,65.0000,65.0010,13922.33,0.799579,92.805537
1035.300,92.8055,300.0000,64.9375,65.0010,13922.23,0.799562,92.805537
1035.400,92.8055,300.0000,65.0000,65.0009,13922.13,0.799546,92.805537
1035.500,92.8055,300.0000,64.9375,65.0009,13922.05,0.799531,92.805537
1035.600,92.8055,300.0000,65.0000,65.0009,13921.96,0.799517,92.805537
1035.700,92.8055,300.0000,65.0000,65.0009,13921.89,0.799504,92.805537
1035.800,92.8055,300.0000,65.0000,65.0009,13921.82,0.799492,92.805537
1035.900,92.8055,300.0000,65.0625,65.0009,13921.75,0.799481,92.805537
1036.000,92.8994,300.0000,65.0000,65.0009,13922.63,0.799632,92.807624
1036.100,92.8994,300.0000,65.0000,65.0009,13923.45,0.799773,92.807624
1036.200,92.8994,300.0000,64.9375,65.0008,13924.21,0.799905,92.807624
1036.300,92.8994,300.0000,65.0625,65.0008,13924.93,0.800027,92.807624
1036.400,92.8994,300.0000,65.0000,65.0008,13925.59,0.800142,92.807624
1036.500,92.8994,300.0000,65.0000,65.0007,13926.21,0.800249,92.807624
1036.600,92.8994,300.0000,65.0000,65.0007,13926.79,0.800349,92.807624
1036.700,92.8994,300.0000,65.0000,65.0006,13927.33,0.800443,92.807624
1036.800,92.8994,300.0000,65.0625,65.0006,13927.84,0.800530,92.807624
1036.900,92.8994,300.0000,64.9375,65.0005,13928.31,0.800611,92.807624
1037.000,92.7138,300.0000,65.0000,65.0004,13926.89,0.800367,92.805537
1037.100,92.7138,300.0000,65.0000,65.0004,13925.57,0.800139,92.805537
1037.200,92.7138,300.0000,65.0625,65.0004,13924.34,0.799926,92.805537
1037.300,92.7138,300.0000,64.9375,65.0004,13923.19,0.799728,92.805537
1037.400,92.7138,300.0000,65.0000,65.0003,13922.11,0.799543,92.805537
1037.500,92.7138,300.0000,65.0000,65.0003,13921.11,0.799370,92.805537
1037.600,92.7138,300.0000,64.9375,65.0003,13920.17,0.799208,92.805537
1037.700,92.7138,300.0000,64.9375,65.0004,13919.30,0.799058,92.805537
1037.800,92.7138,300.0000,65.0000,65.0004,13918.48,0.798917,92.805537
1037.900,92.7138,300.0000,65.0000,65.0004,13917.72,0.798786,92.805537
1038.000,92.8055,300.0000,65.0000,65.0004,13917.93,0.798822,92.805537
1038.100,92.8055,300.0000,65.0000,65.0005,13918.12,0.798855,92.805537
1038.200,92.8055,300.0000,65.0625,65.0005,13918.30,0.798886,92.805537
1038.300,92.8055,300.0000,65.0000,65.0005,13918.47,0.798915,92.805537
1038.400,92.8055,300.0000,64.9375,65.0005,13918.63,0.798943,92.805537
1038.500,92.8055,300.0000,65.1250,65.0005,13918.78,0.798968,92.805537
1038.600,92.8055,300.0000,65.0000,65.0006,13918.91,0.798991,92.805537
1038.700,92.8055,300.0000,65.0625,65.0006,13919.04,0.799013,92.805537
1038.800,92.8055,300.0000,65.0000,65.0006,13919.16,0.799034,92.805537
1038.900,92.8055,300.0000,65.0000,65.0006,13919.27,0.799053,92.805537
1039.000,92.8055,300.0000,65.0625,65.0006,13919.37,0.799071,92.805537
1039.100,92.8055,300.0000,65.0000,65.0006,13919.47,0.799088,92.805537
1039.200,92.8055,300.0000,65.0625,65.0006,13919.56,0.799103,92.805537
1039.300,92.8055,300.0000,65.0000,65.0006,13919.65,0.799118,92.805537
1039.400,92.8055,300.0000,65.0625,65.0007,13919.73,0.799132,92.805537
1039.500,92.8055,300.0000,65.0625,65.0007,13919.80,0.799144,92.805537
1039.600,92.8055,300.0000,65.0625,65.0007,13919.87,0.799156,92.805537
1039.700,92.8055,300.0000,65.0000,65.0007,13919.93,0.799167,92.805537
1039.800,92.8055,300.0000,65.0625,65.0007,13919.99,0.799177,92.805537
1039.900,92.8055,300.0000,65.0000,65.0007,13920.05,0.799187,92.805537
1040.000,92.8055,300.0000,65.0000,65.0007,13920.10,0.799196,92.805537
1040.100,92.8055,300.0000,64.9375,65.0007,13920.15,0.799204,92.805537
1040.200,92.8055,300.0000,64.9375,65.0007,13920.19,0.799212,92.805537
1040.300,92.8055,300.0000,65.0000,65.0007,13920.24,0.799220,92.805537
1040.400,92.8055,300.0000,64.9375,65.0007,13920.28,0.799226,92.805537
1040.500,92.8055,300.0000,64.9375,65.0007,13920.31,0.799233,92.805537
1040.600,92.8055,300.0000,65.0625,65.0007,13920.35,0.799239,92.805537
1040.700,92.8055,300.0000,65.0000,65.0007,13920.38,0.799244,92.805537
1040.800,92.8055,300.0000,65.0000,65.0007,13920.41,0.799249,92.805537
1040.900,92.8055,300.0000,65.0000,65.0007,13920.44,0.799254,92.805537
1041.000,92.8055,300.0000,64.9375,65.0007,13920.46,0.799259,92.805537
1041.100,92.8055,300.0000,65.0625,65.0007,13920.49,0.799263,92.805537
1041.200,92.8055,300.0000,65.0000,65.0007,13920.51,0.799267,92.805537
1041.300,92.8055,300.0000,65.0625,65.0007,13920.53,0.799271,92.805537
1041.400,92.8055,300.0000,65.0000,65.0007,13920.55,0.799274,92.805537
1041.500,92.8055,300.0000,65.0000,65.0008,13920.57,0.799277,92.805537
1041.600,92.8055,300.0000,65.0000,65.0008,13920.59,0.799280,92.805537
1041.700,92.8055,300.0000,65.0000,65.0008,13920.60,0.799283,92.805537
1041.800,92.8055,300.0000,65.0000,65.0008,13920.62,0.799285,92.805537
1041.900,92.8055,300.0000,64.8125,65.0008,13920.63,0.799288,92.805537
1042.000,92.5239,300.0000,64.9375,65.0008,13917.83,0.798805,92.799275
1042.100,92.5239,300.0000,65.0000,65.0008,13915.21,0.798355,92.799275
1042.200,92.5239,300.0000,65.0000,65.0009,13912.77,0.797935,92.799275
1042.300,92.5239,300.0000,65.0000,65.0010,13910.49,0.797543,92.799275
1042.400,92.5239,300.0000,64.9375,65.0011,13908.37,0.797177,92.799275
1042.500,92.5239,300.0000,64.9375,65.0012,13906.38,0.796835,92.799275
1042.600,92.5239,300.0000,64.9375,65.0013,13904.53,0.796517,92.799275
1042.700,92.5239,300.0000,64.9375,65.0015,13902.80,0.796220,92.799275
1042.800,92.5239,300.0000,65.0000,65.0016,13901.19,0.795943,92.799275
1042.900,92.5239,300.0000,65.0000,65.0018,13899.68,0.795684,92.799275
1043.000,92.7993,300.0000,65.0625,65.0020,13901.03,0.795915,92.799275
1043.100,92.7993,300.0000,65.0000,65.0021,13902.28,0.796131,92.799275
1043.200,92.7993,300.0000,65.0625,65.0023,13903.46,0.796333,92.799275
1043.300,92.7993,300.0000,65.0000,65.0024,13904.55,0.796521,92.799275
1043.400,92.7993,300.0000,65.0000,65.0025,13905.58,0.796697,92.799275
1043.500,92.7993,300.0000,65.0625,65.0026,13906.53,0.796861,92.799275
1043.600,92.7993,300.0000,65.0625,65.0028,13907.42,0.797014,92.799275
1043.700,92.7993,300.0000,65.1250,65.0029,13908.25,0.797157,92.799275
1043.800,92.7993,300.0000,65.0625,65.0029,13909.03,0.797291,92.799275
1043.900,92.7993,300.0000,65.0000,65.0030,13909.75,0.797415,92.799275
1044.000,92.7993,300.0000,65.1250,65.0031,13910.43,0.797531,92.799275
1044.100,92.7993,300.0000,64.9375,65.0032,13911.06,0.797640,92.799275
1044.200,92.7993,300.0000,65.0625,65.0033,13911.65,0.797741,92.799275
1044.300,92.7993,300.0000,65.1250,65.0033,13912.20,0.797836,92.799275
1044.400,92.7993,300.0000,65.0000,65.0034,13912.71,0.797924,92.799275
1044.500,92.7993,300.0000,65.0625,65.0034,13913.19,0.798006,92.799275
1044.600,92.7993,300.0000,65.0000,65.0035,13913.64,0.798083,92.799275
1044.700,92.7993,300.0000,65.0625,65.0036,13914.05,0.798155,92.799275
1044.800,92.7993,300.0000,64.9375,65.0036,13914.44,0.798222,92.799275
1044.900,92.7993,300.0000,65.0625,65.0036,13914.81,0.798284,92.799275
1045.000,92.8931,300.0000,65.0000,65.0037,13916.08,0.798504,92.801363
1045.100,92.8931,300.0000,65.0000,65.0037,13917.28,0.798710,92.801363
1045.200,92.8931,300.0000,64.9375,65.0037,13918.39,0.798901,92.801363
1045.300,92.8931,300.0000,64.9375,65.0037,13919.43,0.799080,92.801363
1045.400,92.8931,300.0000,65.0625,65.0037,13920.40,0.799247,92.801363
1045.500,92.8931,300.0000,65.0625,65.0037,13921.30,0.799403,92.801363
1045.600,92.8931,300.0000,65.0000,65.0037,13922.15,0.799549,92.801363
1045.700,92.8931,300.0000,65.0625,65.0037,13922.94,0.799684,92.801363
1045.800,92.8931,300.0000,65.0625,65.0036,13923.67,0.799811,92.801363
1045.900,92.8931,300.0000,65.0000,65.0036,13924.36,0.799930,92.801363
1046.000,92.8014,300.0000,65.0000,65.0036,13924.08,0.799882,92.801363
1046.100,92.8014,300.0000,65.0625,65.0035,13923.82,0.799837,92.801363
1046.200,92.8014,300.0000,65.0000,65.0035,13923.58,0.799796,92.801363
1046.300,92.8014,300.0000,64.9375,65.0035,13923.36,0.799757,92.801363
1046.400,92.8014,300.0000,64.8750,65.0035,13923.15,0.799721,92.801363
1046.500,92.8014,300.0000,65.0000,65.0034,13922.95,0.799687,92.801363
1046.600,92.8014,300.0000,65.0000,65.0034,13922.77,0.799655,92.801363
1046.700,92.8014,300.0000,65.0000,65.0034,13922.60,0.799626,92.801363
1046.800,92.8014,300.0000,65.0000,65.0034,13922.44,0.799599,92.801363
1046.900,92.8014,300.0000,65.0000,65.0033,13922.29,0.799573,92.801363
1047.000,92.8014,300.0000,65.0000,65.0033,13922.15,0.799549,92.801363
1047.100,92.8014,300.0000,65.0625,65.0033,13922.02,0.799527,92.801363
1047.200,92.8014,300.0000,65.0625,65.0033,13921.90,0.799506,92.801363
1047.300,92.8014,300.0000,65.0000,65.0033,13921.79,0.799486,92.801363
1047.400,92.8014,300.0000,65.0000,65.0033,13921.68,0.799468,92.801363
1047.500,92.8014,300.0000,65.0000,65.0033,13921.58,0.799451,92.801363
1047.600,92.8014,300.0000,65.0625,65.0033,13921.49,0.799435,92.801363
1047.700,92.8014,300.0000,65.0625,65.0032,13921.40,0.799421,92.801363
1047.800,92.8014,300.0000,64.9375,65.0032,13921.32,0.799407,92.801363
1047.900,92.8014,300.0000,65.0000,65.0032,13921.25,0.799394,92.801363
1048.000,92.8014,300.0000,65.0625,65.0032,13921.18,0.799382,92.801363
1048.100,92.8014,300.0000,65.0000,65.0032,13921.11,0.799371,92.801363
1048.200,92.8014,300.0000,65.0000,65.0032,13921.05,0.799360,92.801363
1048.300,92.8014,300.0000,65.0000,65.0032,13921.00,0.799351,92.801363
1048.400,92.8014,300.0000,65.0625,65.0032,13920.94,0.799341,92.801363
1048.500,92.8014,300.0000,64.9375,65.0032,13920.90,0.799333,92.801363
1048.600,92.8014,300.0000,65.0625,65.0032,13920.85,0.799325,92.801363
1048.700,92.8014,300.0000,65.0000,65.0032,13920.81,0.799318,92.801363
1048.800,92.8014,300.0000,65.0625,65.0032,13920.77,0.799311,92.801363
1048.900,92.8014,300.0000,64.9375,65.0032,13920.73,0.799304,92.801363
1049.000,92.7075,300.0000,65.0000,65.0032,13919.75,0.799137,92.799275
1049.100,92.7075,300.0000,64.9375,65.0032,13918.85,0.798980,92.799275
1049.200,92.7075,300.0000,65.0000,65.0032,13918.00,0.798834,92.799275
1049.300,92.7075,300.0000,65.0625,65.0032,13917.21,0.798698,92.799275
1049.400,92.7075,300.0000,65.0625,65.0033,13916.47,0.798570,92.799275
1049.500,92.7075,300.0000,65.0625,65.0033,13915.78,0.798452,92.799275
1049.600,92.7075,300.0000,65.0000,65.0033,13915.13,0.798341,92.799275
1049.700,92.7075,300.0000,65.0000,65.0034,13914.53,0.798238,92.799275
1049.800,92.7075,300.0000,64.9375,65.0034,13913.97,0.798141,92.799275
1049.900,92.7075,300.0000,65.0000,65.0035,13913.45,0.798051,92.799275
1050.000,92.7993,300.0000,64.9375,65.0035,13913.88,0.798125,92.799275
1050.100,92.7993,300.0000,65.0000,65.0036,13914.28,0.798194,92.799275
1050.200,92.7993,300.0000,65.0000,65.0036,13914.65,0.798258,92.799275
1050.300,92.7993,300.0000,65.0000,65.0037,13915.00,0.798318,92.799275
1050.400,92.7993,300.0000,65.0000,65.0037,13915.33,0.798375,92.799275
1050.500,92.7993,300.0000,65.0000,65.0037,13915.63,0.798427,92.799275
1050.600,92.7993,300.0000,65.1250,65.0038,13915.92,0.798476,92.799275
1050.700,92.7993,300.0000,65.0000,65.0038,13916.18,0.798521,92.799275
1050.800,92.7993,300.0000,64.9375,65.0038,13916.43,0.798564,92.799275
1050.900,92.7993,300.0000,65.0000,65.0039,13916.66,0.798604,92.799275
1051.000,92.7993,300.0000,65.0000,65.0039,13916.88,0.798641,92.799275
1051.100,92.7993,300.0000,64.9375,65.0039,13917.08,0.798675,92.799275
1051.200,92.7993,300.0000,65.0000,65.0039,13917.26,0.798708,92.799275
1051.300,92.7993,300.0000,64.9375,65.0040,13917.44,0.798738,92.799275
1051.400,92.7993,300.0000,65.0625,65.0040,13917.60,0.798766,92.799275
1051.500,92.7993,300.0000,64.9375,65.0040,13917.76,0.798792,92.799275
1051.600,92.7993,300.0000,65.0000,65.0040,13917.90,0.798817,92.799275
1051.700,92.7993,300.0000,65.0625,65.0040,13918.03,0.798840,92.799275
1051.800,92.7993,300.0000,65.0000,65.0040,13918.15,0.798861,92.799275
1051.900,92.7993,300.0000,65.0000,65.0041,13918.27,0.798881,92.799275
1052.000,92.7993,300.0000,65.0000,65.0041,13918.38,0.798900,92.799275
1052.100,92.7993,300.0000,64.9375,65.0041,13918.48,0.798917,92.799275
1052.200,92.7993,300.0000,65.0000,65.0041,13918.57,0.798933,92.799275
1052.300,92.7993,300.0000,65.0000,65.0041,13918.66,0.798948,92.799275
1052.400,92.7993,300.0000,64.9375,65.0041,13918.74,0.798962,92.799275
1052.500,92.7993,300.0000,65.0625,65.0041,13918.82,0.798976,92.799275
1052.600,92.7993,300.0000,65.0625,65.0041,13918.89,0.798988,92.799275
1052.700,92.7993,300.0000,65.0625,65.0041,13918.96,0.798999,92.799275
1052.800,92.7993,300.0000,65.0000,65.0042,13919.02,0.799010,92.799275
1052.900,92.7993,300.0000,65.1250,65.0042,13919.08,0.799020,92.799275
1053.000,92.9870,300.0000,65.0000,65.0042,13921.01,0.799353,92.803450
1053.100,92.9870,300.0000,65.0000,65.0041,13922.81,0.799663,92.803450
1053.200,92.9870,300.0000,65.0000,65.0041,13924.50,0.799953,92.803450
1053.300,92.9870,300.0000,65.0625,65.0040,13926.07,0.800224,92.803450
1053.400,92.9870,300.0000,65.0000,65.0040,13927.53,0.800477,92.803450
1053.500,92.9870,300.0000,65.0625,65.0039,13928.90,0.800713,92.803450
1053.600,92.9870,300.0000,65.0000,65.0038,13930.18,0.800933,92.803450
1053.700,92.9870,300.0000,65.0000,65.0037,13931.37,0.801138,92.803450
1053.800,92.9870,300.0000,64.9375,65.0036,13932.48,0.801330,92.803450
1053.900,92.9870,300.0000,65.0000,65.0035,13933.52,0.801509,92.803450
1054.000,92.8034,300.0000,65.0000,65.0034,13932.65,0.801360,92.803450
1054.100,92.8034,300.0000,65.0000,65.0033,13931.84,0.801220,92.803450
1054.200,92.8034,300.0000,65.0000,65.0032,13931.09,0.801090,92.803450
1054.300,92.8034,300.0000,64.9375,65.0031,13930.38,0.800968,92.803450
1054.400,92.8034,300.0000,65.0625,65.0031,13929.73,0.800855,92.803450
1054.500,92.8034,300.0000,65.0000,65.0030,13929.11,0.800749,92.803450
1054.600,92.8034,300.0000,65.0625,65.0029,13928.54,0.800650,92.803450
1054.700,92.8034,300.0000,64.9375,65.0028,13928.00,0.800558,92.803450
1054.800,92.8034,300.0000,65.0000,65.0028,13927.50,0.800472,92.803450
1054.900,92.8034,300.0000,64.9375,65.0027,13927.04,0.800392,92.803450
1055.000,92.7096,300.0000,65.0625,65.0027,13925.67,0.800155,92.801363
1055.100,92.7096,300.0000,65.0000,65.0027,13924.38,0.799934,92.801363
1055.200,92.7096,300.0000,65.0000,65.0026,13923.19,0.799728,92.801363
1055.300,92.7096,300.0000,65.0625,65.0026,13922.07,0.799535,92.801363
1055.400,92.7096,300.0000,65.0000,65.0026,13921.03,0.799356,92.801363
1055.500,92.7096,300.0000,64.9375,65.0026,13920.06,0.799188,92.801363
1055.600,92.7096,300.0000,65.0000,65.0026,13919.15,0.799032,92.801363
1055.700,92.7096,300.0000,65.0000,65.0026,13918.30,0.798886,92.801363
1055.800,92.7096,300.0000,65.1250,65.0027,13917.51,0.798750,92.801363
1055.900,92.7096,300.0000,65.0000,65.0027,13916.77,0.798623,92.801363
1056.000,92.8014,300.0000,65.0000,65.0027,13917.00,0.798662,92.801363
1056.100,92.8014,300.0000,65.0000,65.0027,13917.21,0.798699,92.801363
1056.200,92.8014,300.0000,65.0000,65.0028,13917.41,0.798733,92.801363
1056.300,92.8014,300.0000,65.0000,65.0028,13917.60,0.798765,92.801363
1056.400,92.8014,300.0000,65.0000,65.0028,13917.77,0.798795,92.801363
1056.500,92.8014,300.0000,65.0625,65.0028,13917.93,0.798823,92.801363
1056.600,92.8014,300.0000,65.0625,65.0028,13918.09,0.798849,92.801363
1056.700,92.8014,300.0000,64.9375,65.0029,13918.23,0.798873,92.801363
1056.800,92.8014,300.0000,65.0000,65.0029,13918.36,0.798896,92.801363
1056.900,92.8014,300.0000,65.0625,65.0029,13918.48,0.798917,92.801363
1057.000,92.8952,300.0000,65.0000,65.0029,13919.54,0.799099,92.803450
1057.100,92.8952,300.0000,64.9375,65.0029,13920.52,0.799268,92.803450
1057.200,92.8952,300.0000,65.0625,65.0029,13921.44,0.799426,92.803450
1057.300,92.8952,300.0000,64.9375,65.0029,13922.29,0.799574,92.803450
1057.400,92.8952,300.0000,65.1250,65.0028,13923.09,0.799712,92.803450
1057.500,92.8952,300.0000,64.9375,65.0028,13923.84,0.799840,92.803450
1057.600,92.8952,300.0000,65.0000,65.0028,13924.54,0.799960,92.803450
1057.700,92.8952,300.0000,64.9375,65.0027,13925.19,0.800072,92.803450
1057.800,92.8952,300.0000,64.9375,65.0027,13925.79,0.800177,92.803450
1057.900,92.8952,300.0000,64.9375,65.0026,13926.36,0.800274,92.803450
1058.000,92.7096,300.0000,65.0625,65.0026,13925.03,0.800045,92.801363
1058.100,92.7096,300.0000,64.9375,65.0026,13923.79,0.799832,92.801363
1058.200,92.7096,300.0000,65.0000,65.0026,13922.63,0.799632,92.801363
1058.300,92.7096,300.0000,65.0000,65.0026,13921.55,0.799446,92.801363
1058.400,92.7096,300.0000,65.0000,65.0025,13920.55,0.799273,92.801363
1058.500,92.7096,300.0000,64.9375,65.0026,13919.61,0.799111,92.801363
1058.600,92.7096,300.0000,65.0000,65.0026,13918.73,0.798960,92.801363
1058.700,92.7096,300.0000,65.0000,65.0026,13917.91,0.798819,92.801363
1058.800,92.7096,300.0000,65.0000,65.0026,13917.14,0.798687,92.801363
1058.900,92.7096,300.0000,65.0625,65.0026,13916.43,0.798564,92.801363
1059.000,92.8952,300.0000,65.0625,65.0027,13917.62,0.798769,92.803450
1059.100,92.8952,300.0000,64.9375,65.0027,13918.73,0.798960,92.803450
1059.200,92.8952,300.0000,65.0000,65.0027,13919.77,0.799139,92.803450
1059.300,92.8952,300.0000,64.9375,65.0027,13920.74,0.799305,92.803450
1059.400,92.8952,300.0000,65.0000,65.0027,13921.64,0.799461,92.803450
1059.500,92.8952,300.0000,65.0000,65.0027,13922.48,0.799606,92.803450
1059.600,92.8952,300.0000,65.0000,65.0026,13923.27,0.799742,92.803450
1059.700,92.8952,300.0000,64.9375,65.0026,13924.00,0.799868,92.803450
1059.800,92.8952,300.0000,65.0000,65.0026,13924.69,0.799987,92.803450
1059.900,92.8952,300.0000,65.0625,65.0025,13925.33,0.800097,92.803450
1060.000,92.8973,300.0000,65.0625,65.0025,13925.95,0.800203,92.805537
1060.100,92.8973,300.0000,65.0625,65.0024,13926.52,0.800303,92.805537
1060.200,92.8973,300.0000,64.9375,65.0024,13927.06,0.800396,92.805537
1060.300,92.8973,300.0000,65.0625,65.0023,13927.56,0.800482,92.805537
1060.400,92.8973,300.0000,65.0625,65.0022,13928.03,0.800563,92.805537
1060.500,92.8973,300.0000,65.0625,65.0022,13928.47,0.800639,92.805537
1060.600,92.8973,300.0000,64.9375,65.0021,13928.88,0.800709,92.805537
1060.700,92.8973,300.0000,65.0000,65.0020,13929.26,0.800775,92.805537
1060.800,92.8973,300.0000,64.9375,65.0020,13929.62,0.800836,92.805537
1060.900,92.8973,300.0000,65.0000,65.0019,13929.95,0.800893,92.805537
1061.000,92.8055,300.0000,65.0625,65.0018,13929.34,0.800789,92.805537
1061.100,92.8055,300.0000,65.0000,65.0017,13928.77,0.800691,92.805537
1061.200,92.8055,300.0000,65.0000,65.0017,13928.24,0.800599,92.805537
1061.300,92.8055,300.0000,64.9375,65.0016,13927.75,0.800514,92.805537
1061.400,92.8055,300.0000,65.0000,65.0016,13927.29,0.800435,92.805537
1061.500,92.8055,300.0000,65.0000,65.0015,13926.86,0.800360,92.805537
1061.600,92.8055,300.0000,64.9375,65.0015,13926.46,0.800291,92.805537
1061.700,92.8055,300.0000,65.0000,65.0014,13926.08,0.800227,92.805537
1061.800,92.8055,300.0000,65.0625,65.0014,13925.73,0.800166,92.805537
1061.900,92.8055,300.0000,65.0000,65.0013,13925.40,0.800110,92.805537
1062.000,92.8055,300.0000,65.0000,65.0013,13925.10,0.800057,92.805537
1062.100,92.8055,300.0000,65.0000,65.0013,13924.81,0.800008,92.805537
1062.200,92.8055,300.0000,65.0625,65.0012,13924.55,0.799963,92.805537
1062.300,92.8055,300.0000,65.0000,65.0012,13924.30,0.799920,92.805537
1062.400,92.8055,300.0000,65.0625,65.0012,13924.07,0.799880,92.805537
1062.500,92.8055,300.0000,65.0625,65.0012,13923.85,0.799843,92.805537
1062.600,92.8055,300.0000,65.0000,65.0011,13923.65,0.799808,92.805537
1062.700,92.8055,300.0000,65.0625,65.0011,13923.46,0.799776,92.805537
1062.800,92.8055,300.0000,65.0000,65.0011,13923.29,0.799745,92.805537
1062.900,92.8055,300.0000,65.0625,65.0011,13923.12,0.799717,92.805537
1063.000,92.8994,300.0000,65.0000,65.0010,13923.91,0.799852,92.807624
1063.100,92.8994,300.0000,65.0000,65.0010,13924.64,0.799979,92.807624
1063.200,92.8994,300.0000,65.0000,65.0010,13925.33,0.800097,92.807624
1063.300,92.8994,300.0000,65.0000,65.0009,13925.97,0.800207,92.807624
1063.400,92.8994,300.0000,65.0625,65.0009,13926.56,0.800310,92.807624
1063.500,92.8994,300.0000,65.0625,65.0008,13927.12,0.800406,92.807624
1063.600,92.8994,300.0000,65.0625,65.0008,13927.64,0.800495,92.807624
1063.700,92.8994,300.0000,64.9375,65.0007,13928.12,0.800579,92.807624
1063.800,92.8994,300.0000,64.9375,65.0006,13928.58,0.800657,92.807624
1063.900,92.8994,300.0000,65.0625,65.0006,13929.00,0.800730,92.807624
1064.000,92.9015,300.0000,65.0000,65.0005,13929.41,0.800801,92.809712
1064.100,92.9015,300.0000,65.0625,65.0004,13929.80,0.800868,92.809712
1064.200,92.9015,300.0000,65.0000,65.0004,13930.16,0.800930,92.809712
1064.300,92.9015,300.0000,65.0000,65.0003,13930.50,0.800989,92.809712
1064.400,92.9015,300.0000,64.9375,65.0002,13930.82,0.801043,92.809712
1064.500,92.9015,300.0000,65.0000,65.0001,13931.11,0.801094,92.809712
1064.600,92.9015,300.0000,65.0000,65.0000,13931.38,0.801141,92.809712
1064.700,92.9015,300.0000,65.0000,64.9999,13931.64,0.801185,92.809712
1064.800,92.9015,300.0000,65.0000,64.9998,13931.88,0.801226,92.809712
1064.900,92.9015,300.0000,65.0000,64.9998,13932.10,0.801265,92.809712
1065.000,92.8097,300.0000,65.0000,64.9997,13931.39,0.801142,92.809712
1065.100,92.8097,300.0000,64.9375,64.9996,13930.73,0.801028,92.809712
1065.200,92.8097,300.0000,65.0000,64.9995,13930.11,0.800922,92.809712
1065.300,92.8097,300.0000,64.9375,64.9994,13929.53,0.800822,92.809712
1065.400,92.8097,300.0000,65.0000,64.9994,13929.00,0.800729,92.809712
1065.500,92.8097,300.0000,65.0000,64.9993,13928.49,0.800642,92.809712
1065.600,92.8097,300.0000,65.0000,64.9993,13928.02,0.800562,92.809712
1065.700,92.8097,300.0000,64.9375,64.9992,13927.59,0.800486,92.809712
1065.800,92.8097,300.0000,65.1250,64.9992,13927.18,0.800416,92.809712
1065.900,92.8097,300.0000,64.9375,64.9991,13926.80,0.800350,92.809712
1066.000,92.7158,300.0000,64.9375,64.9991,13925.50,0.800127,92.807624
1066.100,92.7158,300.0000,65.0000,64.9991,13924.29,0.799918,92.807624
1066.200,92.7158,300.0000,65.0625,64.9990,13923.17,0.799724,92.807624
1066.300,92.7158,300.0000,64.9375,64.9990,13922.11,0.799543,92.807624
1066.400,92.7158,300.0000,64.9375,64.9990,13921.13,0.799373,92.807624
1066.500,92.7158,300.0000,65.0000,64.9990,13920.21,0.799216,92.807624
1066.600,92.7158,300.0000,65.1250,64.9991,13919.36,0.799068,92.807624
1066.700,92.7158,300.0000,65.0000,64.9991,13918.56,0.798931,92.807624
1066.800,92.7158,300.0000,65.0625,64.9991,13917.81,0.798802,92.807624
1066.900,92.7158,300.0000,65.0000,64.9991,13917.12,0.798682,92.807624
1067.000,92.8076,300.0000,65.0000,64.9992,13917.39,0.798729,92.807624
1067.100,92.8076,300.0000,64.9375,64.9992,13917.64,0.798772,92.807624
1067.200,92.8076,300.0000,65.0000,64.9992,13917.87,0.798812,92.807624
1067.300,92.8076,300.0000,65.0000,64.9993,13918.09,0.798850,92.807624
1067.400,92.8076,300.0000,64.9375,64.9993,13918.29,0.798885,92.807624
1067.500,92.8076,300.0000,64.9375,64.9993,13918.48,0.798917,92.807624
1067.600,92.8076,300.0000,64.9375,64.9993,13918.66,0.798948,92.807624
1067.700,92.8076,300.0000,65.0000,64.9993,13918.83,0.798976,92.807624
1067.800,92.8076,300.0000,65.0000,64.9994,13918.98,0.799003,92.807624
1067.900,92.8076,300.0000,65.0625,64.9994,13919.12,0.799028,92.807624
1068.000,92.9015,300.0000,65.0625,64.9994,13920.20,0.799213,92.809712
1068.100,92.9015,300.0000,65.0000,64.9994,13921.20,0.799385,92.809712
1068.200,92.9015,300.0000,65.0000,64.9994,13922.13,0.799546,92.809712
1068.300,92.9015,300.0000,65.0000,64.9994,13923.01,0.799697,92.809712
1068.400,92.9015,300.0000,64.9375,64.9993,13923.82,0.799837,92.809712
1068.500,92.9015,300.0000,65.0625,64.9993,13924.58,0.799968,92.809712
1068.600,92.9015,300.0000,64.9375,64.9993,13925.29,0.800090,92.809712
1068.700,92.9015,300.0000,65.0000,64.9992,13925.95,0.800205,92.809712
1068.800,92.9015,300.0000,65.0625,64.9992,13926.57,0.800311,92.809712
1068.900,92.9015,300.0000,65.0000,64.9992,13927.15,0.800411,92.809712
1069.000,92.8097,300.0000,65.0625,64.9991,13926.77,0.800345,92.809712
1069.100,92.8097,300.0000,65.0000,64.9991,13926.41,0.800284,92.809712
1069.200,92.8097,300.0000,65.0000,64.9990,13926.08,0.800227,92.809712
1069.300,92.8097,300.0000,65.1250,64.9990,13925.78,0.800174,92.809712
1069.400,92.8097,300.0000,64.9375,64.9990,13925.49,0.800124,92.809712
1069.500,92.8097,300.0000,65.0000,64.9989,13925.22,0.800078,92.809712
1069.600,92.8097,300.0000,65.0000,64.9989,13924.97,0.800035,92.809712
1069.700,92.8097,300.0000,65.0000,64.9989,13924.73,0.799994,92.809712
1069.800,92.8097,300.0000,65.0625,64.9988,13924.52,0.799957,92.809712
1069.900,92.8097,300.0000,64.9375,64.9988,13924.31,0.799922,92.809712
1070.000,92.7158,300.0000,65.0625,64.9988,13923.18,0.799727,92.807624
1070.100,92.7158,300.0000,65.0000,64.9988,13922.13,0.799545,92.807624
1070.200,92.7158,300.0000,65.0625,64.9988,13921.15,0.799376,92.807624
1070.300,92.7158,300.0000,65.0000,64.9988,13920.23,0.799218,92.807624
1070.400,92.7158,300.0000,65.0000,64.9988,13919.37,0.799070,92.807624
1070.500,92.7158,300.0000,65.0625,64.9988,13918.57,0.798933,92.807624
1070.600,92.7158,300.0000,64.9375,64.9989,13917.82,0.798804,92.807624
1070.700,92.7158,300.0000,65.0000,64.9989,13917.13,0.798684,92.807624
1070.800,92.7158,300.0000,65.0000,64.9989,13916.48,0.798572,92.807624
1070.900,92.7158,300.0000,64.9375,64.9990,13915.87,0.798468,92.807624
1071.000,92.7138,300.0000,65.1250,64.9990,13915.28,0.798367,92.805537
1071.100,92.7138,300.0000,65.0625,64.9991,13914.74,0.798272,92.805537
1071.200,92.7138,300.0000,65.1250,64.9992,13914.22,0.798184,92.805537
1071.300,92.7138,300.0000,65.0625,64.9992,13913.75,0.798102,92.805537
1071.400,92.7138,300.0000,65.0625,64.9993,13913.30,0.798026,92.805537
1071.500,92.7138,300.0000,64.9375,64.9994,13912.89,0.797954,92.805537
1071.600,92.7138,300.0000,65.1250,64.9994,13912.50,0.797887,92.805537
1071.700,92.7138,300.0000,64.9375,64.9995,13912.14,0.797825,92.805537
1071.800,92.7138,300.0000,65.0625,64.9996,13911.80,0.797767,92.805537
1071.900,92.7138,300.0000,64.9375,64.9997,13911.48,0.797712,92.805537
1072.000,92.7117,300.0000,65.0000,64.9997,13911.17,0.797658,92.803450
1072.100,92.7117,300.0000,65.0625,64.9998,13910.87,0.797608,92.803450
1072.200,92.7117,300.0000,65.0000,64.9999,13910.60,0.797560,92.803450
1072.300,92.7117,300.0000,65.1250,65.0000,13910.34,0.797516,92.803450
1072.400,92.7117,300.0000,64.9375,65.0001,13910.10,0.797475,92.803450
1072.500,92.7117,300.0000,65.0000,65.0002,13909.88,0.797437,92.803450
1072.600,92.7117,300.0000,65.0000,65.0003,13909.67,0.797401,92.803450
1072.700,92.7117,300.0000,65.0000,65.0004,13909.47,0.797367,92.803450
1072.800,92.7117,300.0000,65.0000,65.0005,13909.29,0.797336,92.803450
1072.900,92.7117,300.0000,65.0000,65.0006,13909.12,0.797307,92.803450
1073.000,92.8034,300.0000,65.0000,65.0007,13909.88,0.797437,92.803450
1073.100,92.8034,300.0000,65.0000,65.0007,13910.59,0.797559,92.803450
1073.200,92.8034,300.0000,65.0625,65.0008,13911.25,0.797673,92.803450
1073.300,92.8034,300.0000,65.0000,65.0009,13911.87,0.797779,92.803450
1073.400,92.8034,300.0000,65.1250,65.0010,13912.45,0.797879,92.803450
1073.500,92.8034,300.0000,65.0000,65.0010,13912.99,0.797971,92.803450
1073.600,92.8034,300.0000,65.0000,65.0011,13913.49,0.798058,92.803450
1073.700,92.8034,300.0000,65.0000,65.0011,13913.96,0.798138,92.803450
1073.800,92.8034,300.0000,65.0000,65.0012,13914.39,0.798214,92.803450
1073.900,92.8034,300.0000,65.0000,65.0013,13914.80,0.798284,92.803450
1074.000,92.8034,300.0000,65.0000,65.0013,13915.18,0.798349,92.803450
1074.100,92.8034,300.0000,64.8750,65.0013,13915.54,0.798411,92.803450
1074.200,92.8034,300.0000,64.9375,65.0014,13915.87,0.798468,92.803450
1074.300,92.8034,300.0000,65.0000,65.0014,13916.18,0.798521,92.803450
1074.400,92.8034,300.0000,65.0000,65.0015,13916.47,0.798571,92.803450
1074.500,92.8034,300.0000,65.0625,65.0015,13916.74,0.798617,92.803450
1074.600,92.8034,300.0000,65.0000,65.0015,13916.99,0.798661,92.803450
1074.700,92.8034,300.0000,65.0000,65.0015,13917.23,0.798701,92.803450
1074.800,92.8034,300.0000,65.0000,65.0016,13917.45,0.798739,92.803450
1074.900,92.8034,300.0000,65.0625,65.0016,13917.65,0.798774,92.803450
1075.000,92.8973,300.0000,65.0000,65.0016,13918.78,0.798969,92.805537
1075.100,92.8973,300.0000,65.0000,65.0016,13919.83,0.799150,92.805537
1075.200,92.8973,300.0000,64.9375,65.0016,13920.82,0.799320,92.805537
1075.300,92.8973,300.0000,65.0625,65.0016,13921.74,0.799478,92.805537
1075.400,92.8973,300.0000,64.9375,65.0016,13922.60,0.799626,92.805537
1075.500,92.8973,300.0000,65.0625,65.0016,13923.40,0.799764,92.805537
1075.600,92.8973,300.0000,65.0000,65.0015,13924.14,0.799892,92.805537
1075.700,92.8973,300.0000,65.0000,65.0015,13924.84,0.800013,92.805537
1075.800,92.8973,300.0000,64.9375,65.0015,13925.49,0.800125,92.805537
1075.900,92.8973,300.0000,65.1250,65.0014,13926.10,0.800229,92.805537
1076.000,92.9933,300.0000,64.9375,65.0014,13927.62,0.800492,92.809712
1076.100,92.9933,300.0000,65.1250,65.0013,13929.05,0.800738,92.809712
1076.200,92.9933,300.0000,64.9375,65.0012,13930.38,0.800967,92.809712
1076.300,92.9933,300.0000,64.8750,65.0011,13931.62,0.801182,92.809712
1076.400,92.9933,300.0000,65.0000,65.0010,13932.78,0.801381,92.809712
1076.500,92.9933,300.0000,65.0000,65.0009,13933.86,0.801568,92.809712
1076.600,92.9933,300.0000,64.9375,65.0008,13934.87,0.801742,92.809712
1076.700,92.9933,300.0000,65.0000,65.0007,13935.81,0.801905,92.809712
1076.800,92.9933,300.0000,65.0625,65.0005,13936.69,0.802056,92.809712
1076.900,92.9933,300.0000,65.0000,65.0004,13937.51,0.802198,92.809712
1077.000,92.8097,300.0000,65.0000,65.0003,13936.44,0.802013,92.809712
1077.100,92.8097,300.0000,65.0625,65.0001,13935.44,0.801841,92.809712
1077.200,92.8097,300.0000,65.0000,65.0000,13934.51,0.801680,92.809712
1077.300,92.8097,300.0000,65.0000,64.9999,13933.64,0.801530,92.809712
1077.400,92.8097,300.0000,64.9375,64.9998,13932.82,0.801390,92.809712
1077.500,92.8097,300.0000,65.0625,64.9997,13932.07,0.801259,92.809712
1077.600,92.8097,300.0000,65.0625,64.9997,13931.36,0.801137,92.809712
1077.700,92.8097,300.0000,65.0000,64.9996,13930.70,0.801023,92.809712
1077.800,92.8097,300.0000,65.0000,64.9995,13930.08,0.800917,92.809712
1077.900,92.8097,300.0000,65.0000,64.9994,13929.51,0.800817,92.809712
1078.000,92.8097,300.0000,65.0625,64.9994,13928.97,0.800725,92.809712
1078.100,92.8097,300.0000,65.0000,64.9993,13928.47,0.800639,92.809712
1078.200,92.8097,300.0000,65.1250,64.9993,13928.00,0.800558,92.809712
1078.300,92.8097,300.0000,64.8750,64.9992,13927.57,0.800483,92.809712
1078.400,92.8097,300.0000,64.9375,64.9992,13927.16,0.800412,92.809712
1078.500,92.8097,300.0000,64.9375,64.9991,13926.78,0.800347,92.809712
1078.600,92.8097,300.0000,65.1250,64.9991,13926.42,0.800286,92.809712
1078.700,92.8097,300.0000,64.9375,64.9990,13926.09,0.800229,92.809712
1078.800,92.8097,300.0000,64.9375,64.9990,13925.78,0.800175,92.809712
1078.900,92.8097,300.0000,65.0625,64.9990,13925.50,0.800126,92.809712
1079.000,92.9036,300.0000,64.9375,64.9989,13926.16,0.800241,92.811799
1079.100,92.9036,300.0000,65.0000,64.9989,13926.79,0.800349,92.811799
1079.200,92.9036,300.0000,64.9375,64.9988,13927.37,0.800449,92.811799
1079.300,92.9036,300.0000,65.0625,64.9988,13927.92,0.800543,92.811799
1079.400,92.9036,300.0000,65.0625,64.9987,13928.43,0.800631,92.811799
1079.500,92.9036,300.0000,65.0000,64.9986,13928.90,0.800713,92.811799
1079.600,92.9036,300.0000,65.0000,64.9986,13929.34,0.800789,92.811799
1079.700,92.9036,300.0000,65.0000,64.9985,13929.75,0.800860,92.811799
1079.800,92.9036,300.0000,65.0000,64.9984,13930.14,0.800927,92.811799
1079.900,92.9036,300.0000,65.0000,64.9984,13930.50,0.800989,92.811799
1080.000,92.8118,300.0000,65.0625,64.9983,13929.92,0.800888,92.811799
1080.100,92.8118,300.0000,64.9375,64.9982,13929.37,0.800795,92.811799
1080.200,92.8118,300.0000,65.0625,64.9982,13928.87,0.800707,92.811799
1080.300,92.8118,300.0000,64.9375,64.9981,13928.39,0.800625,92.811799
1080.400,92.8118,300.0000,65.0625,64.9981,13927.95,0.800549,92.811799
1080.500,92.8118,300.0000,64.8750,64.9980,13927.54,0.800478,92.811799
1080.600,92.8118,300.0000,64.9375,64.9980,13927.16,0.800412,92.811799
1080.700,92.8118,300.0000,64.9375,64.9979,13926.80,0.800350,92.811799
1080.800,92.8118,300.0000,64.9375,64.9979,13926.46,0.800292,92.811799
1080.900,92.8118,300.0000,65.0625,64.9978,13926.15,0.800238,92.811799
1081.000,92.9057,300.0000,64.9375,64.9978,13926.80,0.800350,92.813886
1081.100,92.9057,300.0000,65.0000,64.9977,13927.40,0.800454,92.813886
1081.200,92.9057,300.0000,65.0000,64.9977,13927.96,0.800551,92.813886
1081.300,92.9057,300.0000,64.9375,64.9976,13928.49,0.800642,92.813886
1081.400,92.9057,300.0000,64.9375,64.9976,13928.98,0.800726,92.813886
1081.500,92.9057,300.0000,65.0625,64.9975,13929.44,0.800805,92.813886
1081.600,92.9057,300.0000,64.8750,64.9974,13929.87,0.800879,92.813886
1081.700,92.9057,300.0000,65.0625,64.9974,13930.26,0.800948,92.813886
1081.800,92.9057,300.0000,64.9375,64.9973,13930.64,0.801012,92.813886
1081.900,92.9057,300.0000,65.0625,64.9972,13930.98,0.801072,92.813886
1082.000,92.9078,300.0000,64.9375,64.9971,13931.33,0.801132,92.815974
1082.100,92.9078,300.0000,65.0625,64.9971,13931.65,0.801187,92.815974
1082.200,92.9078,300.0000,65.0625,64.9970,13931.95,0.801239,92.815974
1082.300,92.9078,300.0000,64.9375,64.9969,13932.23,0.801288,92.815974
1082.400,92.9078,300.0000,65.0000,64.9968,13932.50,0.801333,92.815974
1082.500,92.9078,300.0000,65.0000,64.9967,13932.74,0.801375,92.815974
1082.600,92.9078,300.0000,65.0625,64.9966,13932.97,0.801414,92.815974
1082.700,92.9078,300.0000,65.0625,64.9965,13933.18,0.801451,92.815974
1082.800,92.9078,300.0000,65.1250,64.9964,13933.38,0.801485,92.815974
1082.900,92.9078,300.0000,65.0625,64.9963,13933.57,0.801517,92.815974
1083.000,92.9098,300.0000,64.9375,64.9962,13933.76,0.801551,92.818061
1083.100,92.9098,300.0000,65.0000,64.9961,13933.94,0.801582,92.818061
1083.200,92.9098,300.0000,65.0000,64.9960,13934.11,0.801611,92.818061
1083.300,92.9098,300.0000,65.0000,64.9959,13934.27,0.801639,92.818061
1083.400,92.9098,300.0000,65.0000,64.9958,13934.41,0.801664,92.818061
1083.500,92.9098,300.0000,64.9375,64.9957,13934.55,0.801688,92.818061
1083.600,92.9098,300.0000,65.0625,64.9956,13934.68,0.801710,92.818061
1083.700,92.9098,300.0000,65.0000,64.9955,13934.80,0.801731,92.818061
1083.800,92.9098,300.0000,65.0000,64.9954,13934.91,0.801750,92.818061
1083.900,92.9098,300.0000,65.0000,64.9953,13935.02,0.801768,92.818061
1084.000,92.8181,300.0000,65.0000,64.9952,13934.20,0.801626,92.818061
1084.100,92.8181,300.0000,64.9375,64.9951,13933.43,0.801494,92.818061
1084.200,92.8181,300.0000,65.0625,64.9950,13932.72,0.801371,92.818061
1084.300,92.8181,300.0000,65.0625,64.9950,13932.05,0.801256,92.818061
1084.400,92.8181,300.0000,65.0000,64.9949,13931.43,0.801148,92.818061
1084.500,92.8181,300.0000,65.0000,64.9948,13930.84,0.801048,92.818061
1084.600,92.8181,300.0000,65.0000,64.9947,13930.30,0.800954,92.818061
1084.700,92.8181,300.0000,64.9375,64.9947,13929.80,0.800867,92.818061
1084.800,92.8181,300.0000,65.0000,64.9946,13929.32,0.800786,92.818061
1084.900,92.8181,300.0000,65.0000,64.9946,13928.88,0.800710,92.818061
1085.000,92.8181,300.0000,65.0625,64.9945,13928.47,0.800639,92.818061
1085.100,92.8181,300.0000,64.9375,64.9945,13928.09,0.800572,92.818061
1085.200,92.8181,300.0000,65.0625,64.9944,13927.73,0.800511,92.818061
1085.300,92.8181,300.0000,64.9375,64.9944,13927.39,0.800453,92.818061
1085.400,92.8181,300.0000,64.9375,64.9944,13927.08,0.800399,92.818061
1085.500,92.8181,300.0000,65.0000,64.9943,13926.79,0.800349,92.818061
1085.600,92.8181,300.0000,65.1250,64.9943,13926.52,0.800302,92.818061
1085.700,92.8181,300.0000,65.0000,64.9943,13926.26,0.800258,92.818061
1085.800,92.8181,300.0000,65.0625,64.9942,13926.03,0.800217,92.818061
1085.900,92.8181,300.0000,65.0000,64.9942,13925.81,0.800179,92.818061
1086.000,92.8181,300.0000,65.0000,64.9942,13925.60,0.800144,92.818061
1086.100,92.8181,300.0000,65.0625,64.9942,13925.41,0.800110,92.818061
1086.200,92.8181,300.0000,65.0625,64.9941,13925.23,0.800079,92.818061
1086.300,92.8181,300.0000,64.9375,64.9941,13925.06,0.800050,92.818061
1086.400,92.8181,300.0000,64.9375,64.9941,13924.90,0.800023,92.818061
1086.500,92.8181,300.0000,65.0625,64.9941,13924.76,0.799998,92.818061
1086.600,92.8181,300.0000,65.0000,64.9941,13924.62,0.799975,92.818061
1086.700,92.8181,300.0000,65.0000,64.9940,13924.49,0.799953,92.818061
1086.800,92.8181,300.0000,64.9375,64.9940,13924.37,0.799932,92.818061
1086.900,92.8181,300.0000,65.0000,64.9940,13924.26,0.799913,92.818061
1087.000,92.8181,300.0000,65.0000,64.9940,13924.16,0.799895,92.818061
1087.100,92.8181,300.0000,64.9375,64.9940,13924.06,0.799879,92.818061
1087.200,92.8181,300.0000,64.8750,64.9940,13923.97,0.799863,92.818061
1087.300,92.8181,300.0000,65.1250,64.9940,13923.89,0.799849,92.818061
1087.400,92.8181,300.0000,64.9375,64.9940,13923.81,0.799835,92.818061
1087.500,92.8181,300.0000,65.0625,64.9940,13923.74,0.799822,92.818061
1087.600,92.8181,300.0000,65.0625,64.9939,13923.67,0.799811,92.818061
1087.700,92.8181,300.0000,64.9375,64.9939,13923.60,0.799800,92.818061
1087.800,92.8181,300.0000,64.9375,64.9939,13923.54,0.799789,92.818061
1087.900,92.8181,300.0000,64.9375,64.9939,13923.49,0.799780,92.818061
1088.000,92.7242,300.0000,65.0000,64.9939,13922.50,0.799609,92.815974
1088.100,92.7242,300.0000,65.0625,64.9939,13921.57,0.799450,92.815974
1088.200,92.7242,300.0000,65.0000,64.9939,13920.71,0.799301,92.815974
1088.300,92.7242,300.0000,65.0000,64.9940,13919.90,0.799162,92.815974
1088.400,92.7242,300.0000,65.0000,64.9940,13919.15,0.799033,92.815974
1088.500,92.7242,300.0000,64.9375,64.9940,13918.45,0.798912,92.815974
1088.600,92.7242,300.0000,65.0625,64.9941,13917.80,0.798799,92.815974
1088.700,92.7242,300.0000,65.0000,64.9941,13917.19,0.798694,92.815974
1088.800,92.7242,300.0000,64.9375,64.9942,13916.61,0.798596,92.815974
1088.900,92.7242,300.0000,64.9375,64.9942,13916.08,0.798504,92.815974
1089.000,92.7221,300.0000,64.9375,64.9943,13915.56,0.798415,92.813886
1089.100,92.7221,300.0000,65.0000,64.9943,13915.08,0.798332,92.813886
1089.200,92.7221,300.0000,65.0625,64.9944,13914.63,0.798254,92.813886
1089.300,92.7221,300.0000,65.0000,64.9945,13914.21,0.798182,92.813886
1089.400,92.7221,300.0000,65.0000,64.9946,13913.82,0.798114,92.813886
1089.500,92.7221,300.0000,64.9375,64.9946,13913.45,0.798051,92.813886
1089.600,92.7221,300.0000,64.9375,64.9947,13913.11,0.797992,92.813886
1089.700,92.7221,300.0000,65.0000,64.9948,13912.79,0.797937,92.813886
1089.800,92.7221,300.0000,65.0625,64.9949,13912.49,0.797886,92.813886
1089.900,92.7221,300.0000,65.0000,64.9950,13912.21,0.797838,92.813886
1090.000,92.8139,300.0000,64.8750,64.9950,13912.87,0.797951,92.813886
1090.100,92.8139,300.0000,64.9375,64.9951,13913.48,0.798057,92.813886
1090.200,92.8139,300.0000,65.0625,64.9952,13914.06,0.798156,92.813886
1090.300,92.8139,300.0000,65.0000,64.9952,13914.59,0.798248,92.813886
1090.400,92.8139,300.0000,65.0000,64.9953,13915.09,0.798334,92.813886
1090.500,92.8139,300.0000,64.9375,64.9954,13915.56,0.798414,92.813886
1090.600,92.8139,300.0000,65.0000,64.9954,13915.99,0.798489,92.813886
1090.700,92.8139,300.0000,65.0625,64.9955,13916.40,0.798559,92.813886
1090.800,92.8139,300.0000,64.9375,64.9955,13916.78,0.798624,92.813886
1090.900,92.8139,300.0000,65.0000,64.9955,13917.13,0.798685,92.813886
1091.000,92.8139,300.0000,64.9375,64.9956,13917.46,0.798742,92.813886
1091.100,92.8139,300.0000,65.0000,64.9956,13917.77,0.798795,92.813886
1091.200,92.8139,300.0000,64.9375,64.9957,13918.06,0.798844,92.813886
1091.300,92.8139,300.0000,65.0000,64.9957,13918.33,0.798890,92.813886
1091.400,92.8139,300.0000,64.9375,64.9957,13918.58,0.798934,92.813886
1091.500,92.8139,300.0000,65.0625,64.9957,13918.81,0.798974,92.813886
1091.600,92.8139,300.0000,65.0000,64.9958,13919.03,0.799011,92.813886
1091.700,92.8139,300.0000,64.9375,64.9958,13919.23,0.799046,92.813886
1091.800,92.8139,300.0000,64.9375,64.9958,13919.42,0.799079,92.813886
1091.900,92.8139,300.0000,64.8750,64.9958,13919.60,0.799110,92.813886
1092.000,92.6261,300.0000,64.9375,64.9959,13917.89,0.798815,92.809712
1092.100,92.6261,300.0000,65.0000,64.9959,13916.29,0.798540,92.809712
1092.200,92.6261,300.0000,65.0000,64.9960,13914.80,0.798283,92.809712
1092.300,92.6261,300.0000,64.9375,64.9961,13913.41,0.798044,92.809712
1092.400,92.6261,300.0000,65.0625,64.9961,13912.11,0.797820,92.809712
1092.500,92.6261,300.0000,65.0625,64.9962,13910.90,0.797612,92.809712
1092.600,92.6261,300.0000,65.0000,64.9963,13909.76,0.797417,92.809712
1092.700,92.6261,300.0000,64.9375,64.9964,13908.71,0.797235,92.809712
1092.800,92.6261,300.0000,65.0000,64.9966,13907.72,0.797066,92.809712
1092.900,92.6261,300.0000,65.0000,64.9967,13906.80,0.796908,92.809712
1093.000,92.8097,300.0000,64.9375,64.9968,13907.78,0.797076,92.809712
1093.100,92.8097,300.0000,65.0000,64.9969,13908.69,0.797232,92.809712
1093.200,92.8097,300.0000,64.9375,64.9970,13909.54,0.797379,92.809712
1093.300,92.8097,300.0000,64.9375,64.9971,13910.34,0.797515,92.809712
1093.400,92.8097,300.0000,65.0625,64.9972,13911.08,0.797643,92.809712
1093.500,92.8097,300.0000,65.0625,64.9973,13911.77,0.797762,92.809712
1093.600,92.8097,300.0000,65.0000,64.9974,13912.42,0.797873,92.809712
1093.700,92.8097,300.0000,65.0000,64.9974,13913.02,0.797977,92.809712
1093.800,92.8097,300.0000,64.9375,64.9975,13913.58,0.798074,92.809712
1093.900,92.8097,300.0000,64.9375,64.9976,13914.11,0.798164,92.809712
1094.000,92.7158,300.0000,65.0000,64.9976,13913.66,0.798087,92.807624
1094.100,92.7158,300.0000,64.9375,64.9977,13913.24,0.798015,92.807624
1094.200,92.7158,300.0000,65.0625,64.9978,13912.85,0.797947,92.807624
1094.300,92.7158,300.0000,65.0000,64.9979,13912.48,0.797885,92.807624
1094.400,92.7158,300.0000,65.1250,64.9979,13912.14,0.797826,92.807624
1094.500,92.7158,300.0000,64.9375,64.9980,13911.82,0.797771,92.807624
1094.600,92.7158,300.0000,65.0000,64.9981,13911.53,0.797720,92.807624
1094.700,92.7158,300.0000,65.0000,64.9982,13911.25,0.797673,92.807624
1094.800,92.7158,300.0000,65.0625,64.9983,13910.99,0.797628,92.807624
1094.900,92.7158,300.0000,65.0625,64.9984,13910.75,0.797587,92.807624
1095.000,92.9015,300.0000,64.9375,64.9984,13912.38,0.797868,92.809712
1095.100,92.9015,300.0000,65.0000,64.9985,13913.91,0.798130,92.809712
1095.200,92.9015,300.0000,64.9375,64.9985,13915.33,0.798374,92.809712
1095.300,92.9015,300.0000,64.9375,64.9986,13916.65,0.798603,92.809712
1095.400,92.9015,300.0000,65.0000,64.9986,13917.89,0.798816,92.809712
1095.500,92.9015,300.0000,65.0625,64.9986,13919.05,0.799015,92.809712
1095.600,92.9015,300.0000,65.0000,64.9986,13920.13,0.799200,92.809712
1095.700,92.9015,300.0000,65.0625,64.9986,13921.13,0.799374,92.809712
1095.800,92.9015,300.0000,64.9375,64.9986,13922.07,0.799536,92.809712
1095.900,92.9015,300.0000,64.9375,64.9986,13922.95,0.799687,92.809712
1096.000,92.7158,300.0000,64.8750,64.9986,13921.91,0.799508,92.807624
1096.100,92.7158,300.0000,64.9375,64.9986,13920.94,0.799341,92.807624
1096.200,92.7158,300.0000,64.9375,64.9986,13920.04,0.799185,92.807624
1096.300,92.7158,300.0000,65.0000,64.9987,13919.19,0.799040,92.807624
1096.400,92.7158,300.0000,65.0000,64.9987,13918.41,0.798904,92.807624
1096.500,92.7158,300.0000,64.9375,64.9987,13917.67,0.798778,92.807624
1096.600,92.7158,300.0000,65.0000,64.9987,13916.98,0.798659,92.807624
1096.700,92.7158,300.0000,65.0000,64.9988,13916.34,0.798549,92.807624
1096.800,92.7158,300.0000,65.0625,64.9988,13915.75,0.798446,92.807624
1096.900,92.7158,300.0000,65.0000,64.9989,13915.19,0.798350,92.807624
1097.000,92.8076,300.0000,65.0625,64.9989,13915.58,0.798418,92.807624
1097.100,92.8076,300.0000,64.9375,64.9990,13915.96,0.798482,92.807624
1097.200,92.8076,300.0000,64.9375,64.9990,13916.30,0.798542,92.807624
1097.300,92.8076,300.0000,65.0000,64.9991,13916.62,0.798597,92.807624
1097.400,92.8076,300.0000,65.0000,64.9991,13916.93,0.798649,92.807624
1097.500,92.8076,300.0000,65.0000,64.9991,13917.21,0.798698,92.807624
1097.600,92.8076,300.0000,64.9375,64.9992,13917.47,0.798743,92.807624
1097.700,92.8076,300.0000,65.0625,64.9992,13917.71,0.798785,92.807624
1097.800,92.8076,300.0000,65.0000,64.9992,13917.94,0.798824,92.807624
1097.900,92.8076,300.0000,64.9375,64.9992,13918.16,0.798861,92.807624
1098.000,92.7138,300.0000,65.0000,64.9993,13917.42,0.798734,92.805537
1098.100,92.7138,300.0000,65.0000,64.9993,13916.73,0.798615,92.805537
1098.200,92.7138,300.0000,65.0000,64.9994,13916.08,0.798504,92.805537
1098.300,92.7138,300.0000,65.0000,64.9994,13915.48,0.798401,92.805537
1098.400,92.7138,300.0000,65.0625,64.9995,13914.92,0.798304,92.805537
1098.500,92.7138,300.0000,65.0625,64.9995,13914.40,0.798214,92.805537
1098.600,92.7138,300.0000,65.0000,64.9996,13913.91,0.798130,92.805537
1098.700,92.7138,300.0000,65.0625,64.9996,13913.45,0.798051,92.805537
1098.800,92.7138,300.0000,65.0000,64.9997,13913.02,0.797978,92.805537
1098.900,92.7138,300.0000,65.0000,64.9998,13912.63,0.797910,92.805537
1099.000,92.8055,300.0000,65.0000,64.9998,13913.17,0.798004,92.805537
1099.100,92.8055,300.0000,65.0000,64.9999,13913.68,0.798092,92.805537
1099.200,92.8055,300.0000,65.0625,65.0000,13914.16,0.798174,92.805537
1099.300,92.8055,300.0000,65.0000,65.0000,13914.61,0.798250,92.805537
1099.400,92.8055,300.0000,65.1875,65.0001,13915.02,0.798321,92.805537
1099.500,92.8055,300.0000,65.0625,65.0001,13915.41,0.798388,92.805537
1099.600,92.8055,300.0000,64.9375,65.0002,13915.77,0.798450,92.805537
1099.700,92.8055,300.0000,65.0625,65.0002,13916.11,0.798508,92.805537
1099.800,92.8055,300.0000,65.0625,65.0002,13916.42,0.798563,92.805537
1099.900,92.8055,300.0000,65.0000,65.0003,13916.72,0.798613,92.805537
1100.000,92.8055,300.0000,65.0000,65.0003,13916.99,0.798660,92.805537
1100.100,92.8055,300.0000,65.0000,65.0003,13917.25,0.798705,92.805537
1100.200,92.8055,300.0000,65.0625,65.0004,13917.49,0.798746,92.805537
1100.300,92.8055,300.0000,65.0625,65.0004,13917.71,0.798784,92.805537
1100.400,92.8055,300.0000,65.0625,65.0004,13917.92,0.798820,92.805537
1100.500,92.8055,300.0000,65.0000,65.0004,13918.11,0.798853,92.805537
1100.600,92.8055,300.0000,65.0000,65.0005,13918.29,0.798885,92.805537
1100.700,92.8055,300.0000,65.0000,65.0005,13918.46,0.798914,92.805537
1100.800,92.8055,300.0000,65.0000,65.0005,13918.62,0.798941,92.805537
1100.900,92.8055,300.0000,65.0000,65.0005,13918.77,0.798966,92.805537
1101.000,92.8055,300.0000,64.9375,65.0005,13918.90,0.798990,92.805537
1101.100,92.8055,300.0000,64.8750,65.0005,13919.03,0.799012,92.805537
1101.200,92.8055,300.0000,65.0625,65.0006,13919.15,0.799033,92.805537
1101.300,92.8055,300.0000,64.9375,65.0006,13919.26,0.799052,92.805537
1101.400,92.8055,300.0000,64.9375,65.0006,13919.37,0.799070,92.805537
1101.500,92.8055,300.0000,65.0625,65.0006,13919.47,0.799087,92.805537
1101.600,92.8055,300.0000,65.0000,65.0006,13919.56,0.799102,92.805537
1101.700,92.8055,300.0000,65.0000,65.0006,13919.64,0.799117,92.805537
1101.800,92.8055,300.0000,65.0625,65.0006,13919.72,0.799131,92.805537
1101.900,92.8055,300.0000,65.0625,65.0006,13919.80,0.799143,92.805537
1102.000,92.8994,300.0000,65.1250,65.0006,13920.80,0.799317,92.807624
1102.100,92.8994,300.0000,65.1250,65.0006,13921.74,0.799479,92.807624
1102.200,92.8994,300.0000,65.0000,65.0006,13922.62,0.799630,92.807624
1102.300,92.8994,300.0000,65.0625,65.0006,13923.44,0.799772,92.807624
1102.400,92.8994,300.0000,64.9375,65.0006,13924.21,0.799903,92.807624
1102.500,92.8994,300.0000,65.0000,65.0005,13924.92,0.800026,92.807624
1102.600,92.8994,300.0000,65.0000,65.0005,13925.59,0.800141,92.807624
1102.700,92.8994,300.0000,65.0000,65.0005,13926.21,0.800248,92.807624
1102.800,92.8994,300.0000,65.0000,65.0004,13926.79,0.800348,92.807624
1102.900,92.8994,300.0000,64.8750,65.0003,13927.33,0.800442,92.807624
1103.000,92.6199,300.0000,64.9375,65.0003,13925.04,0.800047,92.803450
1103.100,92.6199,300.0000,64.9375,65.0003,13922.90,0.799679,92.803450
1103.200,92.6199,300.0000,64.9375,65.0003,13920.91,0.799335,92.803450
1103.300,92.6199,300.0000,64.8750,65.0003,13919.05,0.799014,92.803450
1103.400,92.6199,300.0000,65.0000,65.0003,13917.31,0.798715,92.803450
1103.500,92.6199,300.0000,65.0000,65.0004,13915.69,0.798436,92.803450
1103.600,92.6199,300.0000,65.0000,65.0004,13914.17,0.798176,92.803450
1103.700,92.6199,300.0000,64.9375,65.0005,13912.76,0.797932,92.803450
1103.800,92.6199,300.0000,65.0000,65.0006,13911.44,0.797706,92.803450
1103.900,92.6199,300.0000,65.0625,65.0007,13910.21,0.797494,92.803450
1104.000,92.8973,300.0000,64.9375,65.0008,13911.84,0.797774,92.805537
1104.100,92.8973,300.0000,65.0000,65.0008,13913.35,0.798035,92.805537
1104.200,92.8973,300.0000,65.0000,65.0009,13914.77,0.798278,92.805537
1104.300,92.8973,300.0000,65.0000,65.0009,13916.09,0.798506,92.805537
1104.400,92.8973,300.0000,65.0000,65.0009,13917.33,0.798718,92.805537
1104.500,92.8973,300.0000,65.0000,65.0010,13918.48,0.798917,92.805537
1104.600,92.8973,300.0000,65.0625,65.0010,13919.55,0.799102,92.805537
1104.700,92.8973,300.0000,65.0000,65.0010,13920.56,0.799274,92.805537
1104.800,92.8973,300.0000,65.0625,65.0010,13921.49,0.799436,92.805537
1104.900,92.8973,300.0000,65.1250,65.0009,13922.37,0.799586,92.805537
1105.000,92.9933,300.0000,65.0000,65.0009,13924.14,0.799892,92.809712
1105.100,92.9933,300.0000,65.1250,65.0009,13925.80,0.800178,92.809712
1105.200,92.9933,300.0000,65.0625,65.0008,13927.34,0.800444,92.809712
1105.300,92.9933,300.0000,65.0000,65.0008,13928.79,0.800693,92.809712
1105.400,92.9933,300.0000,64.9375,65.0007,13930.13,0.800925,92.809712
1105.500,92.9933,300.0000,64.9375,65.0006,13931.39,0.801142,92.809712
1105.600,92.9933,300.0000,65.0000,65.0005,13932.56,0.801345,92.809712
1105.700,92.9933,300.0000,65.0000,65.0004,13933.66,0.801534,92.809712
1105.800,92.9933,300.0000,65.0000,65.0003,13934.68,0.801710,92.809712
1105.900,92.9933,300.0000,65.0625,65.0002,13935.64,0.801875,92.809712
1106.000,92.9036,300.0000,65.0625,65.0000,13935.63,0.801874,92.811799
1106.100,92.9036,300.0000,64.9375,64.9999,13935.62,0.801873,92.811799
1106.200,92.9036,300.0000,65.0000,64.9998,13935.62,0.801872,92.811799
1106.300,92.9036,300.0000,65.0000,64.9997,13935.61,0.801871,92.811799
1106.400,92.9036,300.0000,65.0000,64.9995,13935.61,0.801870,92.811799
1106.500,92.9036,300.0000,64.9375,64.9994,13935.60,0.801869,92.811799
1106.600,92.9036,300.0000,65.0000,64.9993,13935.60,0.801868,92.811799
1106.700,92.9036,300.0000,65.0625,64.9992,13935.59,0.801868,92.811799
1106.800,92.9036,300.0000,64.9375,64.9991,13935.59,0.801867,92.811799
1106.900,92.9036,300.0000,64.9375,64.9990,13935.59,0.801866,92.811799
1107.000,92.7179,300.0000,65.0000,64.9989,13933.73,0.801545,92.809712
1107.100,92.7179,300.0000,65.0000,64.9988,13931.99,0.801246,92.809712
1107.200,92.7179,300.0000,65.0000,64.9987,13930.37,0.800966,92.809712
1107.300,92.7179,300.0000,65.0625,64.9986,13928.86,0.800706,92.809712
1107.400,92.7179,300.0000,65.0625,64.9986,13927.45,0.800462,92.809712
1107.500,92.7179,300.0000,65.0625,64.9985,13926.13,0.800235,92.809712
1107.600,92.7179,300.0000,64.9375,64.9985,13924.90,0.800023,92.809712
1107.700,92.7179,300.0000,65.0625,64.9985,13923.75,0.799825,92.809712
1107.800,92.7179,300.0000,65.0000,64.9985,13922.68,0.799641,92.809712
1107.900,92.7179,300.0000,64.8750,64.9985,13921.68,0.799469,92.809712
1108.000,92.6220,300.0000,65.0000,64.9985,13919.79,0.799143,92.805537
1108.100,92.6220,300.0000,65.0625,64.9985,13918.02,0.798838,92.805537
1108.200,92.6220,300.0000,64.9375,64.9986,13916.38,0.798555,92.805537
1108.300,92.6220,300.0000,65.0000,64.9986,13914.84,0.798290,92.805537
1108.400,92.6220,300.0000,65.0000,64.9987,13913.40,0.798043,92.805537
1108.500,92.6220,300.0000,65.0625,64.9988,13912.06,0.797812,92.805537
1108.600,92.6220,300.0000,65.0000,64.9988,13910.81,0.797597,92.805537
1108.700,92.6220,300.0000,65.0000,64.9989,13909.64,0.797396,92.805537
1108.800,92.6220,300.0000,65.0000,64.9990,13908.55,0.797209,92.805537
1108.900,92.6220,300.0000,65.0625,64.9992,13907.54,0.797034,92.805537
1109.000,92.8994,300.0000,65.0000,64.9993,13909.36,0.797348,92.807624
1109.100,92.8994,300.0000,64.9375,64.9993,13911.06,0.797641,92.807624
1109.200,92.8994,300.0000,65.0000,64.9994,13912.65,0.797914,92.807624
1109.300,92.8994,300.0000,64.9375,64.9995,13914.14,0.798169,92.807624
1109.400,92.8994,300.0000,65.0000,64.9995,13915.52,0.798408,92.807624
1109.500,92.8994,300.0000,65.0000,64.9996,13916.81,0.798630,92.807624
1109.600,92.8994,300.0000,65.0000,64.9996,13918.02,0.798838,92.807624
1109.700,92.8994,300.0000,65.0625,64.9996,13919.15,0.799032,92.807624
1109.800,92.8994,300.0000,65.0000,64.9996,13920.20,0.799213,92.807624
1109.900,92.8994,300.0000,65.0000,64.9996,13921.18,0.799382,92.807624
1110.000,92.8076,300.0000,65.0000,64.9996,13921.18,0.799381,92.807624
1110.100,92.8076,300.0000,65.0000,64.9996,13921.17,0.799381,92.807624
1110.200,92.8076,300.0000,64.9375,64.9996,13921.17,0.799381,92.807624
1110.300,92.8076,300.0000,64.8750,64.9996,13921.17,0.799380,92.807624
1110.400,92.8076,300.0000,65.0000,64.9996,13921.17,0.799380,92.807624
1110.500,92.8076,300.0000,64.9375,64.9996,13921.17,0.799380,92.807624
1110.600,92.8076,300.0000,65.0625,64.9996,13921.17,0.799380,92.807624
1110.700,92.8076,300.0000,65.0625,64.9996,13921.16,0.799379,92.807624
1110.800,92.8076,300.0000,65.0000,64.9996,13921.16,0.799379,92.807624
1110.900,92.8076,300.0000,65.0000,64.9996,13921.16,0.799379,92.807624
1111.000,92.8076,300.0000,65.0625,64.9996,13921.16,0.799379,92.807624
1111.100,92.8076,300.0000,64.9375,64.9996,13921.16,0.799378,92.807624
1111.200,92.8076,300.0000,64.9375,64.9996,13921.16,0.799378,92.807624
1111.300,92.8076,300.0000,64.9375,64.9996,13921.16,0.799378,92.807624
1111.400,92.8076,300.0000,64.9375,64.9996,13921.16,0.799378,92.807624
1111.500,92.8076,300.0000,64.9375,64.9996,13921.16,0.799378,92.807624
1111.600,92.8076,300.0000,65.1250,64.9996,13921.15,0.799378,92.807624
1111.700,92.8076,300.0000,65.0000,64.9996,13921.15,0.799378,92.807624
1111.800,92.8076,300.0000,65.0000,64.9996,13921.15,0.799377,92.807624
1111.900,92.8076,300.0000,65.0000,64.9996,13921.15,0.799377,92.807624
1112.000,92.8076,300.0000,64.8750,64.9996,13921.15,0.799377,92.807624
1112.100,92.8076,300.0000,65.0625,64.9996,13921.15,0.799377,92.807624
1112.200,92.8076,300.0000,64.9375,64.9996,13921.15,0.799377,92.807624
1112.300,92.8076,300.0000,65.0000,64.9996,13921.15,0.799377,92.807624
1112.400,92.8076,300.0000,65.0625,64.9996,13921.15,0.799377,92.807624
1112.500,92.8076,300.0000,65.0000,64.9996,13921.15,0.799377,92.807624
1112.600,92.8076,300.0000,64.9375,64.9996,13921.15,0.799377,92.807624
1112.700,92.8076,300.0000,65.0000,64.9996,13921.15,0.799377,92.807624
1112.800,92.8076,300.0000,65.0625,64.9996,13921.15,0.799377,92.807624
1112.900,92.8076,300.0000,64.9375,64.9996,13921.15,0.799377,92.807624
1113.000,92.7138,300.0000,65.0625,64.9996,13920.21,0.799215,92.805537
1113.100,92.7138,300.0000,65.0000,64.9996,13919.33,0.799064,92.805537
1113.200,92.7138,300.0000,64.9375,64.9997,13918.51,0.798923,92.805537
1113.300,92.7138,300.0000,65.0000,64.9997,13917.75,0.798792,92.805537
1113.400,92.7138,300.0000,65.0625,64.9997,13917.04,0.798669,92.805537
1113.500,92.7138,300.0000,64.9375,64.9998,13916.37,0.798554,92.805537
1113.600,92.7138,300.0000,65.0625,64.9998,13915.75,0.798447,92.805537
1113.700,92.7138,300.0000,65.0000,64.9998,13915.17,0.798348,92.805537
1113.800,92.7138,300.0000,65.0000,64.9999,13914.63,0.798255,92.805537
1113.900,92.7138,300.0000,65.0000,65.0000,13914.13,0.798168,92.805537
1114.000,92.8055,300.0000,65.0000,65.0000,13914.58,0.798245,92.805537
1114.100,92.8055,300.0000,64.9375,65.0001,13914.99,0.798317,92.805537
1114.200,92.8055,300.0000,65.0000,65.0001,13915.38,0.798384,92.805537
1114.300,92.8055,300.0000,64.9375,65.0002,13915.74,0.798446,92.805537
1114.400,92.8055,300.0000,64.9375,65.0002,13916.08,0.798504,92.805537
1114.500,92.8055,300.0000,65.0625,65.0002,13916.40,0.798559,92.805537
1114.600,92.8055,300.0000,64.8750,65.0003,13916.70,0.798610,92.805537
1114.700,92.8055,300.0000,65.0000,65.0003,13916.97,0.798657,92.805537
1114.800,92.8055,300.0000,65.0000,65.0003,13917.23,0.798701,92.805537
1114.900,92.8055,300.0000,64.9375,65.0004,13917.47,0.798743,92.805537
1115.000,92.7117,300.0000,65.0000,65.0004,13916.75,0.798620,92.803450
1115.100,92.7117,300.0000,64.9375,65.0004,13916.09,0.798505,92.803450
1115.200,92.7117,300.0000,65.0000,65.0005,13915.46,0.798398,92.803450
1115.300,92.7117,300.0000,64.9375,65.0005,13914.88,0.798298,92.803450
1115.400,92.7117,300.0000,65.0000,65.0006,13914.34,0.798205,92.803450
1115.500,92.7117,300.0000,65.0000,65.0006,13913.84,0.798117,92.803450
1115.600,92.7117,300.0000,65.0000,65.0007,13913.36,0.798036,92.803450
1115.700,92.7117,300.0000,65.0000,65.0008,13912.92,0.797960,92.803450
1115.800,92.7117,300.0000,64.9375,65.0008,13912.51,0.797890,92.803450
1115.900,92.7117,300.0000,65.0000,65.0009,13912.13,0.797823,92.803450
1116.000,92.8034,300.0000,65.0625,65.0010,13912.69,0.797920,92.803450
1116.100,92.8034,300.0000,65.0625,65.0010,13913.21,0.798010,92.803450
1116.200,92.8034,300.0000,65.0000,65.0011,13913.70,0.798093,92.803450
1116.300,92.8034,300.0000,64.9375,65.0012,13914.15,0.798172,92.803450
1116.400,92.8034,300.0000,65.0000,65.0012,13914.57,0.798245,92.803450
1116.500,92.8034,300.0000,65.0625,65.0013,13914.97,0.798313,92.803450
1116.600,92.8034,300.0000,65.0000,65.0013,13915.34,0.798377,92.803450
1116.700,92.8034,300.0000,65.0000,65.0013,13915.69,0.798436,92.803450
1116.800,92.8034,300.0000,65.0000,65.0014,13916.01,0.798491,92.803450
1116.900,92.8034,300.0000,65.0000,65.0014,13916.31,0.798543,92.803450
1117.000,92.8034,300.0000,65.0625,65.0014,13916.59,0.798591,92.803450
1117.100,92.8034,300.0000,65.0625,65.0015,13916.85,0.798637,92.803450
1117.200,92.8034,300.0000,65.0625,65.0015,13917.10,0.798679,92.803450
1117.300,92.8034,300.0000,65.0000,65.0015,13917.32,0.798718,92.803450
1117.400,92.8034,300.0000,65.0000,65.0016,13917.54,0.798755,92.803450
1117.500,92.8034,300.0000,65.0000,65.0016,13917.74,0.798789,92.803450
1117.600,92.8034,300.0000,65.0000,65.0016,13917.92,0.798821,92.803450
1117.700,92.8034,300.0000,64.9375,65.0016,13918.09,0.798850,92.803450
1117.800,92.8034,300.0000,64.9375,65.0016,13918.26,0.798878,92.803450
1117.900,92.8034,300.0000,65.0000,65.0017,13918.41,0.798904,92.803450
1118.000,92.8034,300.0000,65.0000,65.0017,13918.55,0.798929,92.803450
1118.100,92.8034,300.0000,65.0000,65.0017,13918.68,0.798951,92.803450
1118.200,92.8034,300.0000,64.8750,65.0017,13918.80,0.798972,92.803450
1118.300,92.8034,300.0000,65.0000,65.0017,13918.92,0.798992,92.803450
1118.400,92.8034,300.0000,64.9375,65.0017,13919.02,0.799010,92.803450
1118.500,92.8034,300.0000,65.0000,65.0018,13919.12,0.799028,92.803450
1118.600,92.8034,300.0000,64.9375,65.0018,13919.21,0.799044,92.803450
1118.700,92.8034,300.0000,65.0000,65.0018,13919.30,0.799058,92.803450
1118.800,92.8034,300.0000,65.0000,65.0018,13919.38,0.799072,92.803450
1118.900,92.8034,300.0000,65.0000,65.0018,13919.46,0.799085,92.803450
1119.000,92.8034,300.0000,65.0000,65.0018,13919.53,0.799098,92.803450
1119.100,92.8034,300.0000,65.0000,65.0018,13919.59,0.799109,92.803450
1119.200,92.8034,300.0000,65.0000,65.0018,13919.66,0.799120,92.803450
1119.300,92.8034,300.0000,65.0000,65.0018,13919.71,0.799129,92.803450
1119.400,92.8034,300.0000,65.0625,65.0018,13919.77,0.799139,92.803450
1119.500,92.8034,300.0000,64.9375,65.0018,13919.82,0.799147,92.803450
1119.600,92.8034,300.0000,65.0000,65.0018,13919.86,0.799155,92.803450
1119.700,92.8034,300.0000,64.9375,65.0018,13919.91,0.799163,92.803450
1119.800,92.8034,300.0000,65.0000,65.0019,13919.95,0.799170,92.803450
1119.900,92.8034,300.0000,65.0000,65.0019,13919.99,0.799176,92.803450
1120.000,92.8034,300.0000,65.0000,65.0019,13920.02,0.799182,92.803450
1120.100,92.8034,300.0000,65.0625,65.0019,13920.05,0.799188,92.803450
1120.200,92.8034,300.0000,65.1250,65.0019,13920.09,0.799193,92.803450
1120.300,92.8034,300.0000,65.0000,65.0019,13920.11,0.799198,92.803450
1120.400,92.8034,300.0000,65.0625,65.0019,13920.14,0.799203,92.803450
1120.500,92.8034,300.0000,65.0000,65.0019,13920.17,0.799207,92.803450
1120.600,92.8034,300.0000,65.1250,65.0019,13920.19,0.799211,92.803450
1120.700,92.8034,300.0000,65.0000,65.0019,13920.21,0.799215,92.803450
1120.800,92.8034,300.0000,65.0000,65.0019,13920.23,0.799219,92.803450
1120.900,92.8034,300.0000,65.0000,65.0019,13920.25,0.799222,92.803450
1121.000,92.8034,300.0000,65.0000,65.0019,13920.27,0.799225,92.803450
1121.100,92.8034,300.0000,65.0000,65.0019,13920.29,0.799228,92.803450
1121.200,92.8034,300.0000,64.9375,65.0019,13920.30,0.799231,92.803450
1121.300,92.8034,300.0000,65.0625,65.0019,13920.32,0.799233,92.803450
1121.400,92.8034,300.0000,65.0625,65.0019,13920.33,0.799235,92.803450
1121.500,92.8034,300.0000,64.9375,65.0019,13920.34,0.799238,92.803450
1121.600,92.8034,300.0000,65.0000,65.0019,13920.35,0.799240,92.803450
1121.700,92.8034,300.0000,64.9375,65.0019,13920.36,0.799241,92.803450
1121.800,92.8034,300.0000,65.1250,65.0019,13920.37,0.799243,92.803450
1121.900,92.8034,300.0000,65.0625,65.0019,13920.38,0.799245,92.803450
1122.000,92.8973,300.0000,65.0000,65.0019,13921.33,0.799408,92.805537
1122.100,92.8973,300.0000,65.0625,65.0019,13922.22,0.799560,92.805537
1122.200,92.8973,300.0000,65.0000,65.0019,13923.04,0.799703,92.805537
1122.300,92.8973,300.0000,65.0625,65.0018,13923.81,0.799835,92.805537
1122.400,92.8973,300.0000,65.0000,65.0018,13924.53,0.799959,92.805537
1122.500,92.8973,300.0000,65.1250,65.0018,13925.20,0.800075,92.805537
1122.600,92.8973,300.0000,65.0000,65.0017,13925.83,0.800183,92.805537
1122.700,92.8973,300.0000,64.9375,65.0017,13926.41,0.800284,92.805537
1122.800,92.8973,300.0000,64.9375,65.0016,13926.96,0.800378,92.805537
1122.900,92.8973,300.0000,65.0625,65.0016,13927.47,0.800466,92.805537
1123.000,92.8994,300.0000,65.0000,65.0015,13927.96,0.800551,92.807624
1123.100,92.8994,300.0000,65.0625,65.0014,13928.43,0.800631,92.807624
1123.200,92.8994,300.0000,65.0000,65.0014,13928.86,0.800706,92.807624
1123.300,92.8994,300.0000,65.0625,65.0013,13929.26,0.800775,92.807624
1123.400,92.8994,300.0000,65.0625,65.0012,13929.64,0.800840,92.807624
1123.500,92.8994,300.0000,64.9375,65.0011,13929.99,0.800901,92.807624
1123.600,92.8994,300.0000,65.0625,65.0011,13930.32,0.800957,92.807624
1123.700,92.8994,300.0000,65.0000,65.0010,13930.63,0.801010,92.807624
1123.800,92.8994,300.0000,65.0625,65.0009,13930.91,0.801059,92.807624
1123.900,92.8994,300.0000,65.0000,65.0008,13931.18,0.801105,92.807624
1124.000,92.8076,300.0000,65.0625,65.0007,13930.51,0.800990,92.807624
1124.100,92.8076,300.0000,64.9375,65.0007,13929.88,0.800882,92.807624
1124.200,92.8076,300.0000,65.0000,65.0006,13929.30,0.800782,92.807624
1124.300,92.8076,300.0000,64.9375,65.0005,13928.76,0.800688,92.807624
1124.400,92.8076,300.0000,65.0625,65.0005,13928.25,0.800601,92.807624
1124.500,92.8076,300.0000,65.0000,65.0004,13927.78,0.800519,92.807624
1124.600,92.8076,300.0000,65.1250,65.0004,13927.33,0.800443,92.807624
1124.700,92.8076,300.0000,65.0000,65.0003,13926.92,0.800371,92.807624
1124.800,92.8076,300.0000,65.0625,65.0003,13926.54,0.800305,92.807624
1124.900,92.8076,300.0000,65.0625,65.0002,13926.18,0.800243,92.807624
1125.000,92.9015,300.0000,65.0000,65.0002,13926.78,0.800347,92.809712
1125.100,92.9015,300.0000,65.0000,65.0001,13927.34,0.800444,92.809712
1125.200,92.9015,300.0000,65.0000,65.0001,13927.87,0.800535,92.809712
1125.300,92.9015,300.0000,65.0625,65.0000,13928.36,0.800619,92.809712
1125.400,92.9015,300.0000,65.0625,64.9999,13928.82,0.800698,92.809712
1125.500,92.9015,300.0000,65.0000,64.9999,13929.24,0.800772,92.809712
1125.600,92.9015,300.0000,65.0000,64.9998,13929.64,0.800841,92.809712
1125.700,92.9015,300.0000,65.0000,64.9997,13930.01,0.800905,92.809712
1125.800,92.9015,300.0000,65.1250,64.9996,13930.36,0.800965,92.809712
1125.900,92.9015,300.0000,64.9375,64.9996,13930.69,0.801021,92.809712
1126.000,92.7158,300.0000,65.0000,64.9995,13929.13,0.800753,92.807624
1126.100,92.7158,300.0000,64.9375,64.9994,13927.68,0.800503,92.807624
1126.200,92.7158,300.0000,65.0000,64.9994,13926.33,0.800269,92.807624
1126.300,92.7158,300.0000,65.1250,64.9994,13925.06,0.800051,92.807624
1126.400,92.7158,300.0000,64.9375,64.9993,13923.89,0.799848,92.807624
1126.500,92.7158,300.0000,65.0000,64.9993,13922.78,0.799658,92.807624
1126.600,92.7158,300.0000,65.0625,64.9993,13921.76,0.799481,92.807624
1126.700,92.7158,300.0000,65.0000,64.9993,13920.80,0.799316,92.807624
1126.800,92.7158,300.0000,64.9375,64.9993,13919.90,0.799162,92.807624
1126.900,92.7158,300.0000,65.0000,64.9994,13919.07,0.799018,92.807624
1127.000,92.8076,300.0000,65.1250,64.9994,13919.21,0.799042,92.807624
1127.100,92.8076,300.0000,65.0000,64.9994,13919.34,0.799064,92.807624
1127.200,92.8076,300.0000,65.0000,64.9994,13919.46,0.799085,92.807624
1127.300,92.8076,300.0000,65.0625,64.9994,13919.57,0.799105,92.807624
1127.400,92.8076,300.0000,65.0625,64.9994,13919.67,0.799123,92.807624
1127.500,92.8076,300.0000,65.0625,64.9994,13919.77,0.799139,92.807624
1127.600,92.8076,300.0000,65.0625,64.9995,13919.86,0.799155,92.807624
1127.700,92.8076,300.0000,65.0625,64.9995,13919.95,0.799170,92.807624
1127.800,92.8076,300.0000,65.0625,64.9995,13920.03,0.799184,92.807624
1127.900,92.8076,300.0000,64.9375,64.9995,13920.10,0.799196,92.807624
1128.000,92.7138,300.0000,65.0625,64.9995,13919.23,0.799047,92.805537
1128.100,92.7138,300.0000,65.0000,64.9995,13918.42,0.798907,92.805537
1128.200,92.7138,300.0000,65.0000,64.9996,13917.66,0.798777,92.805537
1128.300,92.7138,300.0000,65.0000,64.9996,13916.96,0.798655,92.805537
1128.400,92.7138,300.0000,65.0000,64.9996,13916.30,0.798541,92.805537
1128.500,92.7138,300.0000,65.0000,64.9997,13915.68,0.798435,92.805537
1128.600,92.7138,300.0000,65.0625,64.9997,13915.11,0.798336,92.805537
1128.700,92.7138,300.0000,64.9375,64.9998,13914.57,0.798244,92.805537
1128.800,92.7138,300.0000,64.8750,64.9998,13914.07,0.798158,92.805537
1128.900,92.7138,300.0000,65.0000,64.9999,13913.60,0.798078,92.805537
1129.000,92.8055,300.0000,65.0000,65.0000,13914.09,0.798161,92.805537
1129.100,92.8055,300.0000,64.9375,65.0000,13914.54,0.798238,92.805537
1129.200,92.8055,300.0000,65.0000,65.0001,13914.96,0.798310,92.805537
1129.300,92.8055,300.0000,65.0000,65.0001,13915.35,0.798378,92.805537
1129.400,92.8055,300.0000,65.0000,65.0001,13915.71,0.798440,92.805537
1129.500,92.8055,300.0000,65.0000,65.0002,13916.05,0.798499,92.805537
1129.600,92.8055,300.0000,64.9375,65.0002,13916.37,0.798554,92.805537
1129.700,92.8055,300.0000,65.0000,65.0003,13916.67,0.798605,92.805537
1129.800,92.8055,300.0000,65.0000,65.0003,13916.95,0.798653,92.805537
1129.900,92.8055,300.0000,65.0625,65.0003,13917.21,0.798698,92.805537
1130.000,92.8994,300.0000,64.9375,65.0004,13918.39,0.798901,92.807624
1130.100,92.8994,300.0000,65.0000,65.0004,13919.49,0.799091,92.807624
1130.200,92.8994,300.0000,65.0000,65.0004,13920.52,0.799268,92.807624
1130.300,92.8994,300.0000,65.0000,65.0004,13921.48,0.799433,92.807624
1130.400,92.8994,300.0000,65.0625,65.0003,13922.37,0.799587,92.807624
1130.500,92.8994,300.0000,65.0000,65.0003,13923.21,0.799731,92.807624
1130.600,92.8994,300.0000,65.0000,65.0003,13923.99,0.799866,92.807624
1130.700,92.8994,300.0000,65.0625,65.0003,13924.72,0.799991,92.807624
1130.800,92.8994,300.0000,65.0000,65.0002,13925.40,0.800108,92.807624
1130.900,92.8994,300.0000,65.0000,65.0002,13926.03,0.800218,92.807624
1131.000,92.8076,300.0000,65.0000,65.0002,13925.70,0.800162,92.807624
1131.100,92.8076,300.0000,65.0000,65.0001,13925.40,0.800109,92.807624
1131.200,92.8076,300.0000,64.9375,65.0001,13925.12,0.800060,92.807624
1131.300,92.8076,300.0000,64.8750,65.0001,13924.85,0.800015,92.807624
1131.400,92.8076,300.0000,65.0000,65.0000,13924.60,0.799972,92.807624
1131.500,92.8076,300.0000,65.1250,65.0000,13924.37,0.799932,92.807624
1131.600,92.8076,300.0000,65.0000,65.0000,13924.16,0.799895,92.807624
1131.700,92.8076,300.0000,64.9375,64.9999,13923.96,0.799861,92.807624
1131.800,92.8076,300.0000,64.9375,64.9999,13923.77,0.799828,92.807624
1131.900,92.8076,300.0000,65.0000,64.9999,13923.59,0.799798,92.807624
1132.000,92.8076,300.0000,65.0625,64.9999,13923.43,0.799770,92.807624
1132.100,92.8076,300.0000,65.0000,64.9999,13923.28,0.799744,92.807624
1132.200,92.8076,300.0000,65.0000,64.9998,13923.14,0.799719,92.807624
1132.300,92.8076,300.0000,65.0000,64.9998,13923.00,0.799696,92.807624
1132.400,92.8076,300.0000,65.0000,64.9998,13922.88,0.799675,92.807624
1132.500,92.8076,300.0000,65.0000,64.9998,13922.76,0.799655,92.807624
1132.600,92.8076,300.0000,65.0000,64.9998,13922.66,0.799636,92.807624
1132.700,92.8076,300.0000,64.9375,64.9998,13922.56,0.799619,92.807624
1132.800,92.8076,300.0000,65.0000,64.9998,13922.46,0.799603,92.807624
1132.900,92.8076,300.0000,65.0000,64.9998,13922.37,0.799588,92.807624
1133.000,92.8076,300.0000,65.0000,64.9997,13922.29,0.799573,92.807624
1133.100,92.8076,300.0000,65.0000,64.9997,13922.21,0.799560,92.807624
1133.200,92.8076,300.0000,65.0625,64.9997,13922.14,0.799548,92.807624
1133.300,92.8076,300.0000,65.0625,64.9997,13922.08,0.799536,92.807624
1133.400,92.8076,300.0000,65.0000,64.9997,13922.01,0.799526,92.807624
1133.500,92.8076,300.0000,65.0000,64.9997,13921.96,0.799516,92.807624
1133.600,92.8076,300.0000,64.9375,64.9997,13921.90,0.799506,92.807624
1133.700,92.8076,300.0000,64.9375,64.9997,13921.85,0.799498,92.807624
1133.800,92.8076,300.0000,65.0000,64.9997,13921.80,0.799490,92.807624
1133.900,92.8076,300.0000,65.0000,64.9997,13921.76,0.799482,92.807624
1134.000,92.8076,300.0000,65.0000,64.9997,13921.72,0.799475,92.807624
1134.100,92.8076,300.0000,65.0625,64.9997,13921.68,0.799468,92.807624
1134.200,92.8076,300.0000,64.9375,64.9997,13921.65,0.799462,92.807624
1134.300,92.8076,300.0000,65.0000,64.9997,13921.61,0.799456,92.807624
1134.400,92.8076,300.0000,65.0000,64.9997,13921.58,0.799451,92.807624
1134.500,92.8076,300.0000,65.0000,64.9997,13921.55,0.799446,92.807624
1134.600,92.8076,300.0000,65.0000,64.9997,13921.52,0.799441,92.807624
1134.700,92.8076,300.0000,64.9375,64.9997,13921.50,0.799437,92.807624
1134.800,92.8076,300.0000,65.0000,64.9996,13921.48,0.799433,92.807624
1134.900,92.8076,300.0000,64.9375,64.9996,13921.45,0.799429,92.807624
1135.000,92.7138,300.0000,65.0000,64.9997,13920.49,0.799264,92.805537
1135.100,92.7138,300.0000,65.0000,64.9997,13919.60,0.799110,92.805537
1135.200,92.7138,300.0000,65.0000,64.9997,13918.76,0.798966,92.805537
1135.300,92.7138,300.0000,64.9375,64.9997,13917.98,0.798831,92.805537
1135.400,92.7138,300.0000,65.0000,64.9997,13917.25,0.798706,92.805537
1135.500,92.7138,300.0000,64.9375,64.9998,13916.58,0.798589,92.805537
1135.600,92.7138,300.0000,65.0000,64.9998,13915.94,0.798480,92.805537
1135.700,92.7138,300.0000,65.0000,64.9999,13915.35,0.798378,92.805537
1135.800,92.7138,300.0000,64.9375,64.9999,13914.80,0.798283,92.805537
1135.900,92.7138,300.0000,65.0000,65.0000,13914.28,0.798194,92.805537
1136.000,92.8055,300.0000,65.0000,65.0000,13914.72,0.798269,92.805537
1136.100,92.8055,300.0000,65.0625,65.0001,13915.13,0.798339,92.805537
1136.200,92.8055,300.0000,65.0625,65.0001,13915.51,0.798405,92.805537
1136.300,92.8055,300.0000,65.0625,65.0002,13915.86,0.798466,92.805537
1136.400,92.8055,300.0000,65.0000,65.0002,13916.19,0.798523,92.805537
1136.500,92.8055,300.0000,65.0000,65.0002,13916.50,0.798576,92.805537
1136.600,92.8055,300.0000,65.0000,65.0003,13916.79,0.798626,92.805537
1136.700,92.8055,300.0000,65.0000,65.0003,13917.06,0.798672,92.805537
1136.800,92.8055,300.0000,65.0000,65.0003,13917.31,0.798716,92.805537
1136.900,92.8055,300.0000,65.0625,65.0004,13917.55,0.798756,92.805537
1137.000,92.8994,300.0000,65.0000,65.0004,13918.70,0.798955,92.807624
1137.100,92.8994,300.0000,64.9375,65.0004,13919.78,0.799141,92.807624
1137.200,92.8994,300.0000,65.0000,65.0004,13920.79,0.799315,92.807624
1137.300,92.8994,300.0000,65.0000,65.0004,13921.73,0.799477,92.807624
1137.400,92.8994,300.0000,64.9375,65.0004,13922.61,0.799629,92.807624
1137.500,92.8994,300.0000,65.0625,65.0004,13923.43,0.799770,92.807624
1137.600,92.8994,300.0000,65.0000,65.0003,13924.20,0.799902,92.807624
1137.700,92.8994,300.0000,65.0000,65.0003,13924.91,0.800025,92.807624
1137.800,92.8994,300.0000,65.0000,65.0003,13925.58,0.800140,92.807624
1137.900,92.8994,300.0000,64.9375,65.0002,13926.20,0.800247,92.807624
1138.000,92.7138,300.0000,65.0000,65.0002,13924.92,0.800027,92.805537
1138.100,92.7138,300.0000,65.0000,65.0002,13923.73,0.799822,92.805537
1138.200,92.7138,300.0000,65.0625,65.0001,13922.62,0.799630,92.805537
1138.300,92.7138,300.0000,65.0000,65.0001,13921.59,0.799452,92.805537
1138.400,92.7138,300.0000,64.9375,65.0001,13920.62,0.799285,92.805537
1138.500,92.7138,300.0000,65.0000,65.0002,13919.71,0.799129,92.805537
1138.600,92.7138,300.0000,64.9375,65.0002,13918.87,0.798984,92.805537
1138.700,92.7138,300.0000,65.0625,65.0002,13918.08,0.798849,92.805537
1138.800,92.7138,300.0000,65.0000,65.0002,13917.35,0.798722,92.805537
1138.900,92.7138,300.0000,65.0000,65.0003,13916.66,0.798604,92.805537
1139.000,92.8055,300.0000,64.9375,65.0003,13916.94,0.798652,92.805537
1139.100,92.8055,300.0000,65.0000,65.0003,13917.20,0.798697,92.805537
1139.200,92.8055,300.0000,65.0000,65.0004,13917.44,0.798738,92.805537
1139.300,92.8055,300.0000,65.0000,65.0004,13917.67,0.798777,92.805537
1139.400,92.8055,300.0000,65.0000,65.0004,13917.88,0.798813,92.805537
1139.500,92.8055,300.0000,65.0000,65.0004,13918.08,0.798847,92.805537
1139.600,92.8055,300.0000,64.9375,65.0005,13918.26,0.798879,92.805537
1139.700,92.8055,300.0000,64.9375,65.0005,13918.43,0.798908,92.805537
1139.800,92.8055,300.0000,65.0625,65.0005,13918.59,0.798936,92.805537
1139.900,92.8055,300.0000,64.9375,65.0005,13918.74,0.798962,92.805537
1140.000,92.7117,300.0000,65.0000,65.0005,13917.94,0.798824,92.803450
1140.100,92.7117,300.0000,64.9375,65.0006,13917.19,0.798696,92.803450
1140.200,92.7117,300.0000,65.0625,65.0006,13916.50,0.798576,92.803450
1140.300,92.7117,300.0000,65.0000,65.0006,13915.85,0.798464,92.803450
1140.400,92.7117,300.0000,65.0000,65.0007,13915.24,0.798359,92.803450
1140.500,92.7117,300.0000,65.0625,65.0007,13914.68,0.798262,92.803450
1140.600,92.7117,300.0000,64.8750,65.0008,13914.15,0.798171,92.803450
1140.700,92.7117,300.0000,65.0000,65.0009,13913.65,0.798086,92.803450
1140.800,92.7117,300.0000,65.0000,65.0009,13913.19,0.798007,92.803450
1140.900,92.7117,300.0000,65.0000,65.0010,13912.76,0.797933,92.803450
1141.000,92.8034,300.0000,65.0000,65.0011,13913.28,0.798022,92.803450
1141.100,92.8034,300.0000,64.9375,65.0011,13913.76,0.798105,92.803450
1141.200,92.8034,300.0000,65.0000,65.0012,13914.21,0.798183,92.803450
1141.300,92.8034,300.0000,65.0625,65.0012,13914.63,0.798255,92.803450
1141.400,92.8034,300.0000,65.0000,65.0013,13915.03,0.798322,92.803450
1141.500,92.8034,300.0000,65.0000,65.0013,13915.39,0.798385,92.803450
1141.600,92.8034,300.0000,65.0625,65.0013,13915.73,0.798444,92.803450
1141.700,92.8034,300.0000,64.9375,65.0014,13916.05,0.798499,92.803450
1141.800,92.8034,300.0000,65.0000,65.0014,13916.35,0.798550,92.803450
1141.900,92.8034,300.0000,64.9375,65.0015,13916.63,0.798598,92.803450
1142.000,92.7096,300.0000,64.8750,65.0015,13915.95,0.798481,92.801363
1142.100,92.7096,300.0000,64.8750,65.0015,13915.31,0.798372,92.801363
1142.200,92.7096,300.0000,64.9375,65.0016,13914.72,0.798270,92.801363
1142.300,92.7096,300.0000,65.0000,65.0016,13914.17,0.798175,92.801363
1142.400,92.7096,300.0000,65.0000,65.0017,13913.65,0.798086,92.801363
1142.500,92.7096,300.0000,65.1250,65.0018,13913.17,0.798004,92.801363
1142.600,92.7096,300.0000,65.0000,65.0018,13912.72,0.797926,92.801363
1142.700,92.7096,300.0000,65.0000,65.0019,13912.31,0.797854,92.801363
1142.800,92.7096,300.0000,65.0000,65.0020,13911.91,0.797787,92.801363
1142.900,92.7096,300.0000,65.0000,65.0020,13911.55,0.797724,92.801363
1143.000,92.8014,300.0000,65.0625,65.0021,13912.13,0.797823,92.801363
1143.100,92.8014,300.0000,65.0000,65.0022,13912.66,0.797916,92.801363
1143.200,92.8014,300.0000,64.9375,65.0022,13913.17,0.798002,92.801363
1143.300,92.8014,300.0000,65.0000,65.0023,13913.64,0.798083,92.801363
1143.400,92.8014,300.0000,65.0000,65.0023,13914.07,0.798159,92.801363
1143.500,92.8014,300.0000,65.0000,65.0024,13914.48,0.798229,92.801363
1143.600,92.8014,300.0000,64.9375,65.0024,13914.86,0.798295,92.801363
1143.700,92.8014,300.0000,65.0000,65.0025,13915.22,0.798356,92.801363
1143.800,92.8014,300.0000,65.0625,65.0025,13915.55,0.798413,92.801363
1143.900,92.8014,300.0000,65.1250,65.0026,13915.86,0.798466,92.801363
1144.000,92.9891,300.0000,65.0000,65.0026,13918.03,0.798839,92.805537
1144.100,92.9891,300.0000,65.0000,65.0026,13920.05,0.799188,92.805537
1144.200,92.9891,300.0000,64.9375,65.0026,13921.94,0.799513,92.805537
1144.300,92.9891,300.0000,64.9375,65.0025,13923.70,0.799816,92.805537
1144.400,92.9891,300.0000,65.0000,65.0025,13925.35,0.800100,92.805537
1144.500,92.9891,300.0000,64.9375,65.0024,13926.88,0.800364,92.805537
1144.600,92.9891,300.0000,64.8750,65.0024,13928.31,0.800611,92.805537
1144.700,92.9891,300.0000,65.0000,65.0023,13929.65,0.800842,92.805537
1144.800,92.9891,300.0000,65.0000,65.0022,13930.90,0.801057,92.805537
1144.900,92.9891,300.0000,65.0000,65.0021,13932.06,0.801258,92.805537
1145.000,92.8055,300.0000,65.0625,65.0020,13931.31,0.801129,92.805537
1145.100,92.8055,300.0000,65.0000,65.0019,13930.61,0.801008,92.805537
1145.200,92.8055,300.0000,65.0000,65.0019,13929.96,0.800896,92.805537
1145.300,92.8055,300.0000,65.0000,65.0018,13929.35,0.800791,92.805537
1145.400,92.8055,300.0000,64.9375,65.0017,13928.78,0.800693,92.805537
1145.500,92.8055,300.0000,64.9375,65.0017,13928.25,0.800601,92.805537
1145.600,92.8055,300.0000,64.9375,65.0016,13927.76,0.800516,92.805537
1145.700,92.8055,300.0000,65.0000,65.0015,13927.30,0.800436,92.805537
1145.800,92.8055,300.0000,65.0000,65.0015,13926.87,0.800362,92.805537
1145.900,92.8055,300.0000,65.0000,65.0014,13926.46,0.800293,92.805537
1146.000,92.8055,300.0000,65.0625,65.0014,13926.09,0.800228,92.805537
1146.100,92.8055,300.0000,65.0625,65.0014,13925.74,0.800167,92.805537
1146.200,92.8055,300.0000,65.0000,65.0013,13925.41,0.800111,92.805537
1146.300,92.8055,300.0000,64.8750,65.0013,13925.11,0.800058,92.805537
1146.400,92.8055,300.0000,65.0000,65.0012,13924.82,0.800009,92.805537
1146.500,92.8055,300.0000,64.9375,65.0012,13924.55,0.799963,92.805537
1146.600,92.8055,300.0000,65.0625,65.0012,13924.31,0.799921,92.805537
1146.700,92.8055,300.0000,65.0000,65.0012,13924.07,0.799881,92.805537
1146.800,92.8055,300.0000,65.0625,65.0011,13923.86,0.799843,92.805537
1146.900,92.8055,300.0000,64.8750,65.0011,13923.66,0.799809,92.805537
1147.000,92.6178,300.0000,65.0000,65.0011,13921.59,0.799453,92.801363
1147.100,92.6178,300.0000,65.0000,65.0011,13919.66,0.799121,92.801363
1147.200,92.6178,300.0000,65.0625,65.0011,13917.86,0.798811,92.801363
1147.300,92.6178,300.0000,65.0625,65.0012,13916.18,0.798522,92.801363
1147.400,92.6178,300.0000,64.9375,65.0012,13914.62,0.798252,92.801363
1147.500,92.6178,300.0000,65.0625,65.0013,13913.15,0.798000,92.801363
1147.600,92.6178,300.0000,65.0625,65.0014,13911.79,0.797765,92.801363
1147.700,92.6178,300.0000,65.0625,65.0014,13910.51,0.797546,92.801363
1147.800,92.6178,300.0000,65.0625,65.0015,13909.32,0.797341,92.801363
1147.900,92.6178,300.0000,65.0000,65.0016,13908.21,0.797150,92.801363
1148.000,92.8014,300.0000,65.0625,65.0017,13909.01,0.797288,92.801363
1148.100,92.8014,300.0000,64.9375,65.0018,13909.76,0.797416,92.801363
1148.200,92.8014,300.0000,65.0000,65.0019,13910.45,0.797536,92.801363
1148.300,92.8014,300.0000,64.9375,65.0020,13911.10,0.797648,92.801363
1148.400,92.8014,300.0000,65.0000,65.0021,13911.71,0.797752,92.801363
1148.500,92.8014,300.0000,64.9375,65.0021,13912.28,0.797849,92.801363
1148.600,92.8014,300.0000,65.0000,65.0022,13912.81,0.797940,92.801363
1148.700,92.8014,300.0000,65.0625,65.0023,13913.30,0.798025,92.801363
1148.800,92.8014,300.0000,65.0000,65.0023,13913.76,0.798104,92.801363
1148.900,92.8014,300.0000,65.0625,65.0024,13914.19,0.798178,92.801363
1149.000,92.8952,300.0000,65.0000,65.0024,13915.53,0.798409,92.803450
1149.100,92.8952,300.0000,65.0625,65.0024,13916.78,0.798624,92.803450
1149.200,92.8952,300.0000,65.0000,65.0024,13917.95,0.798825,92.803450
1149.300,92.8952,300.0000,65.0625,65.0025,13919.04,0.799013,92.803450
1149.400,92.8952,300.0000,64.9375,65.0025,13920.05,0.799188,92.803450
1149.500,92.8952,300.0000,64.9375,65.0025,13921.00,0.799351,92.803450
1149.600,92.8952,300.0000,64.9375,65.0024,13921.89,0.799504,92.803450
1149.700,92.8952,300.0000,65.0000,65.0024,13922.71,0.799646,92.803450
1149.800,92.8952,300.0000,65.0625,65.0024,13923.48,0.799779,92.803450
1149.900,92.8952,300.0000,65.0000,65.0024,13924.20,0.799903,92.803450
1150.000,92.8034,300.0000,65.0000,65.0023,13923.96,0.799861,92.803450
1150.100,92.8034,300.0000,65.0000,65.0023,13923.73,0.799821,92.803450
1150.200,92.8034,300.0000,65.1875,65.0023,13923.52,0.799784,92.803450
1150.300,92.8034,300.0000,65.0000,65.0023,13923.32,0.799750,92.803450
1150.400,92.8034,300.0000,64.9375,65.0022,13923.13,0.799718,92.803450
1150.500,92.8034,300.0000,65.0625,65.0022,13922.95,0.799688,92.803450
1150.600,92.8034,300.0000,65.0625,65.0022,13922.79,0.799660,92.803450
1150.700,92.8034,300.0000,65.0000,65.0022,13922.64,0.799634,92.803450
1150.800,92.8034,300.0000,64.8750,65.0022,13922.50,0.799609,92.803450
1150.900,92.8034,300.0000,64.9375,65.0021,13922.37,0.799587,92.803450
1151.000,92.7096,300.0000,65.0000,65.0021,13921.31,0.799404,92.801363
1151.100,92.7096,300.0000,65.0000,65.0021,13920.31,0.799233,92.801363
1151.200,92.7096,300.0000,64.9375,65.0022,13919.39,0.799073,92.801363
1151.300,92.7096,300.0000,65.0625,65.0022,13918.53,0.798925,92.801363
1151.400,92.7096,300.0000,65.0000,65.0022,13917.72,0.798786,92.801363
1151.500,92.7096,300.0000,65.0000,65.0022,13916.97,0.798657,92.801363
1151.600,92.7096,300.0000,65.0625,65.0023,13916.27,0.798536,92.801363
1151.700,92.7096,300.0000,64.9375,65.0023,13915.61,0.798423,92.801363
1151.800,92.7096,300.0000,64.9375,65.0023,13915.00,0.798318,92.801363
1151.900,92.7096,300.0000,65.0625,65.0024,13914.43,0.798219,92.801363
1152.000,92.8952,300.0000,65.0625,65.0024,13915.75,0.798447,92.803450
1152.100,92.8952,300.0000,64.9375,65.0025,13916.99,0.798660,92.803450
1152.200,92.8952,300.0000,64.8750,65.0025,13918.14,0.798858,92.803450
1152.300,92.8952,300.0000,64.9375,65.0025,13919.22,0.799044,92.803450
1152.400,92.8952,300.0000,65.0625,65.0025,13920.22,0.799217,92.803450
1152.500,92.8952,300.0000,65.0000,65.0025,13921.16,0.799378,92.803450
1152.600,92.8952,300.0000,65.0000,65.0025,13922.03,0.799529,92.803450
1152.700,92.8952,300.0000,64.9375,65.0024,13922.85,0.799670,92.803450
1152.800,92.8952,300.0000,65.0000,65.0024,13923.61,0.799801,92.803450
1152.900,92.8952,300.0000,65.0000,65.0024,13924.32,0.799924,92.803450
1153.000,92.8034,300.0000,65.0625,65.0024,13924.07,0.799880,92.803450
1153.100,92.8034,300.0000,65.0625,65.0023,13923.83,0.799839,92.803450
1153.200,92.8034,300.0000,65.0000,65.0023,13923.61,0.799801,92.803450
1153.300,92.8034,300.0000,65.0625,65.0023,13923.41,0.799766,92.803450
1153.400,92.8034,300.0000,65.0625,65.0023,13923.21,0.799732,92.803450
1153.500,92.8034,300.0000,65.0625,65.0022,13923.03,0.799701,92.803450
1153.600,92.8034,300.0000,65.0000,65.0022,13922.87,0.799673,92.803450
1153.700,92.8034,300.0000,64.9375,65.0022,13922.71,0.799646,92.803450
1153.800,92.8034,300.0000,65.0625,65.0022,13922.56,0.799620,92.803450
1153.900,92.8034,300.0000,65.0000,65.0022,13922.43,0.799597,92.803450
1154.000,92.8034,300.0000,64.9375,65.0021,13922.30,0.799575,92.803450
1154.100,92.8034,300.0000,65.0625,65.0021,13922.18,0.799554,92.803450
1154.200,92.8034,300.0000,64.9375,65.0021,13922.07,0.799535,92.803450
1154.300,92.8034,300.0000,65.0000,65.0021,13921.97,0.799518,92.803450
1154.400,92.8034,300.0000,64.9375,65.0021,13921.87,0.799501,92.803450
1154.500,92.8034,300.0000,65.0625,65.0021,13921.78,0.799485,92.803450
1154.600,92.8034,300.0000,65.0000,65.0021,13921.70,0.799471,92.803450
1154.700,92.8034,300.0000,65.0000,65.0021,13921.62,0.799457,92.803450
1154.800,92.8034,300.0000,65.0000,65.0021,13921.54,0.799445,92.803450
1154.900,92.8034,300.0000,65.0625,65.0020,13921.48,0.799433,92.803450
1155.000,92.8973,300.0000,65.0000,65.0020,13922.35,0.799584,92.805537
1155.100,92.8973,300.0000,65.0000,65.0020,13923.17,0.799724,92.805537
1155.200,92.8973,300.0000,64.9375,65.0020,13923.93,0.799856,92.805537
1155.300,92.8973,300.0000,65.0000,65.0019,13924.64,0.799978,92.805537
1155.400,92.8973,300.0000,65.0625,65.0019,13925.30,0.800093,92.805537
1155.500,92.8973,300.0000,65.0000,65.0019,13925.92,0.800199,92.805537
1155.600,92.8973,300.0000,65.0000,65.0018,13926.50,0.800299,92.805537
1155.700,92.8973,300.0000,65.0000,65.0018,13927.04,0.800392,92.805537
1155.800,92.8973,300.0000,65.0625,65.0017,13927.55,0.800479,92.805537
1155.900,92.8973,300.0000,65.1250,65.0016,13928.02,0.800560,92.805537
1156.000,92.9933,300.0000,65.0625,65.0016,13929.41,0.800801,92.809712
1156.100,92.9933,300.0000,64.9375,65.0015,13930.72,0.801026,92.809712
1156.200,92.9933,300.0000,65.0000,65.0014,13931.94,0.801237,92.809712
1156.300,92.9933,300.0000,64.9375,65.0013,13933.07,0.801433,92.809712
1156.400,92.9933,300.0000,65.0000,65.0012,13934.14,0.801616,92.809712
1156.500,92.9933,300.0000,65.0000,65.0011,13935.13,0.801787,92.809712
1156.600,92.9933,300.0000,65.0000,65.0009,13936.05,0.801946,92.809712
1156.700,92.9933,300.0000,64.9375,65.0008,13936.91,0.802095,92.809712
1156.800,92.9933,300.0000,64.9375,65.0006,13937.72,0.802234,92.809712
1156.900,92.9933,300.0000,65.0625,65.0005,13938.47,0.802364,92.809712
1157.000,92.9036,300.0000,65.0000,65.0004,13938.27,0.802330,92.811799
1157.100,92.9036,300.0000,64.8750,65.0002,13938.09,0.802299,92.811799
1157.200,92.9036,300.0000,64.9375,65.0001,13937.92,0.802269,92.811799
1157.300,92.9036,300.0000,64.9375,64.9999,13937.76,0.802242,92.811799
1157.400,92.9036,300.0000,65.0000,64.9998,13937.61,0.802216,92.811799
1157.500,92.9036,300.0000,65.0000,64.9997,13937.48,0.802192,92.811799
1157.600,92.9036,300.0000,65.0625,64.9995,13937.35,0.802170,92.811799
1157.700,92.9036,300.0000,64.8750,64.9994,13937.23,0.802149,92.811799
1157.800,92.9036,300.0000,64.9375,64.9993,13937.11,0.802130,92.811799
1157.900,92.9036,300.0000,65.0000,64.9991,13937.01,0.802112,92.811799
1158.000,92.8118,300.0000,65.0000,64.9990,13935.99,0.801936,92.811799
1158.100,92.8118,300.0000,65.0000,64.9989,13935.04,0.801773,92.811799
1158.200,92.8118,300.0000,65.0000,64.9988,13934.16,0.801620,92.811799
1158.300,92.8118,300.0000,65.0000,64.9987,13933.33,0.801477,92.811799
1158.400,92.8118,300.0000,65.0000,64.9986,13932.56,0.801344,92.811799
1158.500,92.8118,300.0000,65.0000,64.9985,13931.84,0.801220,92.811799
1158.600,92.8118,300.0000,64.9375,64.9984,13931.17,0.801104,92.811799
1158.700,92.8118,300.0000,65.0625,64.9984,13930.54,0.800996,92.811799
1158.800,92.8118,300.0000,65.0625,64.9983,13929.96,0.800895,92.811799
1158.900,92.8118,300.0000,64.9375,64.9982,13929.41,0.800801,92.811799
1159.000,92.7179,300.0000,64.9375,64.9982,13927.97,0.800551,92.809712
1159.100,92.7179,300.0000,65.0000,64.9981,13926.61,0.800318,92.809712
1159.200,92.7179,300.0000,64.9375,64.9981,13925.35,0.800101,92.809712
1159.300,92.7179,300.0000,65.0625,64.9981,13924.17,0.799898,92.809712
1159.400,92.7179,300.0000,65.0625,64.9981,13923.08,0.799709,92.809712
1159.500,92.7179,300.0000,65.0625,64.9981,13922.05,0.799532,92.809712
1159.600,92.7179,300.0000,64.9375,64.9981,13921.09,0.799367,92.809712
1159.700,92.7179,300.0000,65.0000,64.9981,13920.20,0.799213,92.809712
1159.800,92.7179,300.0000,65.0000,64.9981,13919.36,0.799069,92.809712
1159.900,92.7179,300.0000,64.8750,64.9981,13918.59,0.798935,92.809712
1160.000,92.6220,300.0000,65.0625,64.9981,13916.90,0.798645,92.805537
1160.100,92.6220,300.0000,65.0625,64.9982,13915.33,0.798374,92.805537
1160.200,92.6220,300.0000,65.0000,64.9983,13913.86,0.798121,92.805537
1160.300,92.6220,300.0000,65.0000,64.9983,13912.49,0.797885,92.805537
1160.400,92.6220,300.0000,65.0625,64.9984,13911.21,0.797665,92.805537
1160.500,92.6220,300.0000,65.0625,64.9985,13910.01,0.797460,92.805537
1160.600,92.6220,300.0000,64.9375,64.9986,13908.90,0.797268,92.805537
1160.700,92.6220,300.0000,65.0000,64.9987,13907.86,0.797089,92.805537
1160.800,92.6220,300.0000,65.0625,64.9989,13906.89,0.796923,92.805537
1160.900,92.6220,300.0000,65.0625,64.9990,13905.98,0.796767,92.805537
1161.000,92.8994,300.0000,65.0000,64.9991,13907.91,0.797098,92.807624
1161.100,92.8994,300.0000,65.0625,64.9992,13909.71,0.797408,92.807624
1161.200,92.8994,300.0000,65.0000,64.9993,13911.39,0.797697,92.807624
1161.300,92.8994,300.0000,65.0000,64.9993,13912.96,0.797967,92.807624
1161.400,92.8994,300.0000,65.0000,64.9994,13914.42,0.798218,92.807624
1161.500,92.8994,300.0000,65.0000,64.9994,13915.79,0.798454,92.807624
1161.600,92.8994,300.0000,65.0000,64.9995,13917.06,0.798673,92.807624
1161.700,92.8994,300.0000,65.0000,64.9995,13918.25,0.798878,92.807624
1161.800,92.8994,300.0000,65.0000,64.9995,13919.36,0.799069,92.807624
1161.900,92.8994,300.0000,65.0000,64.9995,13920.40,0.799248,92.807624
1162.000,92.8076,300.0000,65.0625,64.9995,13920.45,0.799256,92.807624
1162.100,92.8076,300.0000,65.0625,64.9995,13920.50,0.799264,92.807624
1162.200,92.8076,300.0000,65.0625,64.9995,13920.54,0.799272,92.807624
1162.300,92.8076,300.0000,65.0000,64.9995,13920.58,0.799279,92.807624
1162.400,92.8076,300.0000,65.0000,64.9995,13920.62,0.799285,92.807624
1162.500,92.8076,300.0000,65.1250,64.9996,13920.65,0.799291,92.807624
1162.600,92.8076,300.0000,64.9375,64.9996,13920.68,0.799297,92.807624
1162.700,92.8076,300.0000,65.0000,64.9996,13920.72,0.799302,92.807624
1162.800,92.8076,300.0000,65.0000,64.9996,13920.74,0.799307,92.807624
1162.900,92.8076,300.0000,65.0000,64.9996,13920.77,0.799311,92.807624
1163.000,92.8076,300.0000,64.9375,64.9996,13920.80,0.799316,92.807624
1163.100,92.8076,300.0000,65.0625,64.9996,13920.82,0.799320,92.807624
1163.200,92.8076,300.0000,64.9375,64.9996,13920.84,0.799323,92.807624
1163.300,92.8076,300.0000,65.0000,64.9996,13920.86,0.799327,92.807624
1163.400,92.8076,300.0000,65.0000,64.9996,13920.88,0.799330,92.807624
1163.500,92.8076,300.0000,64.9375,64.9996,13920.90,0.799333,92.807624
1163.600,92.8076,300.0000,64.9375,64.9996,13920.91,0.799336,92.807624
1163.700,92.8076,300.0000,65.0625,64.9996,13920.93,0.799339,92.807624
1163.800,92.8076,300.0000,65.0625,64.9996,13920.94,0.799341,92.807624
1163.900,92.8076,300.0000,65.0000,64.9996,13920.96,0.799344,92.807624
1164.000,92.8076,300.0000,65.0000,64.9996,13920.97,0.799346,92.807624
1164.100,92.8076,300.0000,65.0000,64.9996,13920.98,0.799348,92.807624
1164.200,92.8076,300.0000,64.8750,64.9996,13920.99,0.799350,92.807624
1164.300,92.8076,300.0000,65.0625,64.9996,13921.00,0.799351,92.807624
1164.400,92.8076,300.0000,65.0000,64.9996,13921.01,0.799353,92.807624
1164.500,92.8076,300.0000,65.0625,64.9996,13921.02,0.799354,92.807624
1164.600,92.8076,300.0000,65.1250,64.9996,13921.03,0.799356,92.807624
1164.700,92.8076,300.0000,65.0625,64.9996,13921.04,0.799357,92.807624
1164.800,92.8076,300.0000,65.0000,64.9996,13921.04,0.799358,92.807624
1164.900,92.8076,300.0000,65.0625,64.9996,13921.05,0.799360,92.807624
1165.000,92.9015,300.0000,65.1250,64.9996,13921.99,0.799522,92.809712
1165.100,92.9015,300.0000,65.0000,64.9996,13922.88,0.799674,92.809712
1165.200,92.9015,300.0000,64.9375,64.9996,13923.70,0.799816,92.809712
1165.300,92.9015,300.0000,64.9375,64.9995,13924.47,0.799949,92.809712
1165.400,92.9015,300.0000,64.9375,64.9995,13925.19,0.800072,92.809712
1165.500,92.9015,300.0000,65.0000,64.9995,13925.85,0.800188,92.809712
1165.600,92.9015,300.0000,65.0625,64.9994,13926.48,0.800295,92.809712
1165.700,92.9015,300.0000,65.0000,64.9994,13927.06,0.800396,92.809712
1165.800,92.9015,300.0000,65.0000,64.9993,13927.61,0.800490,92.809712
1165.900,92.9015,300.0000,65.0000,64.9993,13928.11,0.800577,92.809712
1166.000,92.8097,300.0000,64.8750,64.9992,13927.67,0.800501,92.809712
1166.100,92.8097,300.0000,64.9375,64.9992,13927.26,0.800429,92.809712
1166.200,92.8097,300.0000,65.0000,64.9991,13926.87,0.800363,92.809712
1166.300,92.8097,300.0000,65.0000,64.9991,13926.51,0.800300,92.809712
1166.400,92.8097,300.0000,65.0000,64.9990,13926.17,0.800242,92.809712
1166.500,92.8097,300.0000,65.0625,64.9990,13925.86,0.800188,92.809712
1166.600,92.8097,300.0000,65.0000,64.9989,13925.56,0.800137,92.809712
1166.700,92.8097,300.0000,65.0000,64.9989,13925.29,0.800090,92.809712
1166.800,92.8097,300.0000,65.0000,64.9989,13925.03,0.800046,92.809712
1166.900,92.8097,300.0000,65.1250,64.9989,13924.80,0.800005,92.809712
1167.000,92.9975,300.0000,65.0625,64.9988,13926.45,0.800290,92.813886
1167.100,92.9975,300.0000,65.0000,64.9988,13928.00,0.800557,92.813886
1167.200,92.9975,300.0000,65.0000,64.9987,13929.44,0.800805,92.813886
1167.300,92.9975,300.0000,64.9375,64.9986,13930.78,0.801037,92.813886
1167.400,92.9975,300.0000,65.0000,64.9985,13932.04,0.801254,92.813886
1167.500,92.9975,300.0000,65.0625,64.9984,13933.21,0.801456,92.813886
1167.600,92.9975,300.0000,65.0625,64.9983,13934.30,0.801645,92.813886
1167.700,92.9975,300.0000,65.0000,64.9982,13935.32,0.801821,92.813886
1167.800,92.9975,300.0000,65.0000,64.9981,13936.28,0.801986,92.813886
1167.900,92.9975,300.0000,65.0000,64.9980,13937.17,0.802139,92.813886
1168.000,92.8139,300.0000,64.9375,64.9978,13936.16,0.801966,92.813886
1168.100,92.8139,300.0000,65.0000,64.9977,13935.22,0.801804,92.813886
1168.200,92.8139,300.0000,65.0625,64.9976,13934.35,0.801652,92.813886
1168.300,92.8139,300.0000,65.0000,64.9975,13933.53,0.801511,92.813886
1168.400,92.8139,300.0000,65.0625,64.9974,13932.77,0.801380,92.813886
1168.500,92.8139,300.0000,65.0000,64.9973,13932.05,0.801257,92.813886
1168.600,92.8139,300.0000,65.0000,64.9973,13931.39,0.801142,92.813886
1168.700,92.8139,300.0000,65.0625,64.9972,13930.77,0.801035,92.813886
1168.800,92.8139,300.0000,64.8750,64.9971,13930.19,0.800935,92.813886
1168.900,92.8139,300.0000,64.9375,64.9970,13929.65,0.800842,92.813886
1169.000,92.7200,300.0000,64.9375,64.9970,13928.21,0.800593,92.811799
1169.100,92.7200,300.0000,64.9375,64.9970,13926.86,0.800361,92.811799
1169.200,92.7200,300.0000,65.0000,64.9969,13925.60,0.800144,92.811799
1169.300,92.7200,300.0000,65.0625,64.9969,13924.43,0.799942,92.811799
1169.400,92.7200,300.0000,65.0000,64.9969,13923.33,0.799753,92.811799
1169.500,92.7200,300.0000,65.0000,64.9969,13922.31,0.799577,92.811799
1169.600,92.7200,300.0000,65.0625,64.9969,13921.36,0.799413,92.811799
1169.700,92.7200,300.0000,64.9375,64.9969,13920.47,0.799259,92.811799
1169.800,92.7200,300.0000,65.0625,64.9969,13919.64,0.799116,92.811799
1169.900,92.7200,300.0000,64.8750,64.9969,13918.86,0.798983,92.811799
1170.000,92.6241,300.0000,64.9375,64.9970,13917.18,0.798693,92.807624
1170.100,92.6241,300.0000,65.0000,64.9970,13915.61,0.798422,92.807624
1170.200,92.6241,300.0000,65.0000,64.9971,13914.14,0.798170,92.807624
1170.300,92.6241,300.0000,65.0000,64.9972,13912.77,0.797934,92.807624
1170.400,92.6241,300.0000,65.0000,64.9973,13911.49,0.797714,92.807624
1170.500,92.6241,300.0000,65.0625,64.9974,13910.30,0.797509,92.807624
1170.600,92.6241,300.0000,65.0000,64.9975,13909.19,0.797318,92.807624
1170.700,92.6241,300.0000,65.0000,64.9976,13908.15,0.797139,92.807624
1170.800,92.6241,300.0000,65.0000,64.9977,13907.18,0.796973,92.807624
1170.900,92.6241,300.0000,65.1250,64.9978,13906.28,0.796817,92.807624
1171.000,92.9954,300.0000,65.0625,64.9979,13909.14,0.797310,92.811799
1171.100,92.9954,300.0000,65.0625,64.9980,13911.82,0.797771,92.811799
1171.200,92.9954,300.0000,65.0000,64.9981,13914.32,0.798201,92.811799
1171.300,92.9954,300.0000,65.0625,64.9981,13916.65,0.798602,92.811799
1171.400,92.9954,300.0000,65.0000,64.9981,13918.83,0.798977,92.811799
1171.500,92.9954,300.0000,65.0000,64.9981,13920.86,0.799327,92.811799
1171.600,92.9954,300.0000,65.0625,64.9981,13922.76,0.799654,92.811799
1171.700,92.9954,300.0000,65.0000,64.9981,13924.53,0.799959,92.811799
1171.800,92.9954,300.0000,65.0000,64.9981,13926.18,0.800243,92.811799
1171.900,92.9954,300.0000,65.0000,64.9980,13927.72,0.800509,92.811799
1172.000,92.8118,300.0000,65.0625,64.9980,13927.32,0.800441,92.811799
1172.100,92.8118,300.0000,65.0000,64.9979,13926.95,0.800377,92.811799
1172.200,92.8118,300.0000,64.9375,64.9979,13926.61,0.800317,92.811799
1172.300,92.8118,300.0000,65.0000,64.9978,13926.29,0.800262,92.811799
1172.400,92.8118,300.0000,65.0625,64.9978,13925.98,0.800210,92.811799
1172.500,92.8118,300.0000,65.0000,64.9978,13925.70,0.800162,92.811799
1172.600,92.8118,300.0000,64.8750,64.9977,13925.44,0.800116,92.811799
1172.700,92.8118,300.0000,65.0000,64.9977,13925.20,0.800074,92.811799
1172.800,92.8118,300.0000,65.0000,64.9977,13924.97,0.800035,92.811799
1172.900,92.8118,300.0000,65.0625,64.9977,13924.75,0.799998,92.811799
1173.000,92.9057,300.0000,65.0625,64.9976,13925.49,0.800125,92.813886
1173.100,92.9057,300.0000,64.9375,64.9976,13926.18,0.800245,92.813886
1173.200,92.9057,300.0000,65.0000,64.9975,13926.83,0.800356,92.813886
1173.300,92.9057,300.0000,64.9375,64.9975,13927.43,0.800459,92.813886
1173.400,92.9057,300.0000,65.0625,64.9974,13927.99,0.800556,92.813886
1173.500,92.9057,300.0000,65.0625,64.9974,13928.52,0.800646,92.813886
1173.600,92.9057,300.0000,65.0000,64.9973,13929.00,0.800731,92.813886
1173.700,92.9057,300.0000,65.0625,64.9973,13929.46,0.800809,92.813886
1173.800,92.9057,300.0000,65.0625,64.9972,13929.89,0.800883,92.813886
1173.900,92.9057,300.0000,65.0000,64.9971,13930.28,0.800951,92.813886
1174.000,92.8139,300.0000,65.0625,64.9971,13929.74,0.800857,92.813886
1174.100,92.8139,300.0000,65.0000,64.9970,13929.23,0.800769,92.813886
1174.200,92.8139,300.0000,64.9375,64.9969,13928.75,0.800687,92.813886
1174.300,92.8139,300.0000,65.0625,64.9969,13928.31,0.800610,92.813886
1174.400,92.8139,300.0000,64.9375,64.9968,13927.89,0.800539,92.813886
1174.500,92.8139,300.0000,64.9375,64.9968,13927.50,0.800472,92.813886
1174.600,92.8139,300.0000,64.9375,64.9967,13927.14,0.800410,92.813886
1174.700,92.8139,300.0000,64.9375,64.9967,13926.81,0.800352,92.813886
1174.800,92.8139,300.0000,65.0000,64.9967,13926.49,0.800297,92.813886
1174.900,92.8139,300.0000,65.0625,64.9966,13926.20,0.800247,92.813886
1175.000,92.9078,300.0000,65.0625,64.9966,13926.86,0.800361,92.815974
1175.100,92.9078,300.0000,64.8750,64.9965,13927.48,0.800468,92.815974
1175.200,92.9078,300.0000,65.0000,64.9965,13928.06,0.800568,92.815974
1175.300,92.9078,300.0000,65.0000,64.9964,13928.60,0.800661,92.815974
1175.400,92.9078,300.0000,65.0000,64.9964,13929.10,0.800748,92.815974
1175.500,92.9078,300.0000,64.9375,64.9963,13929.58,0.800829,92.815974
1175.600,92.9078,300.0000,64.9375,64.9962,13930.01,0.800905,92.815974
1175.700,92.9078,300.0000,64.9375,64.9962,13930.42,0.800976,92.815974
1175.800,92.9078,300.0000,64.9375,64.9961,13930.81,0.801042,92.815974
1175.900,92.9078,300.0000,65.0000,64.9960,13931.16,0.801103,92.815974
1176.000,92.8160,300.0000,65.0000,64.9960,13930.58,0.801002,92.815974
1176.100,92.8160,300.0000,64.9375,64.9959,13930.03,0.800908,92.815974
1176.200,92.8160,300.0000,64.9375,64.9958,13929.52,0.800820,92.815974
1176.300,92.8160,300.0000,64.9375,64.9958,13929.05,0.800738,92.815974
1176.400,92.8160,300.0000,65.0000,64.9957,13928.61,0.800662,92.815974
1176.500,92.8160,300.0000,65.1250,64.9957,13928.19,0.800591,92.815974
1176.600,92.8160,300.0000,64.9375,64.9956,13927.81,0.800524,92.815974
1176.700,92.8160,300.0000,65.0625,64.9956,13927.45,0.800462,92.815974
1176.800,92.8160,300.0000,65.0000,64.9955,13927.11,0.800404,92.815974
1176.900,92.8160,300.0000,64.9375,64.9955,13926.79,0.800350,92.815974
1177.000,92.7221,300.0000,65.0625,64.9955,13925.56,0.800137,92.813886
1177.100,92.7221,300.0000,65.0000,64.9955,13924.41,0.799939,92.813886
1177.200,92.7221,300.0000,64.9375,64.9955,13923.34,0.799754,92.813886
1177.300,92.7221,300.0000,65.0000,64.9954,13922.34,0.799581,92.813886
1177.400,92.7221,300.0000,65.0625,64.9955,13921.40,0.799420,92.813886
1177.500,92.7221,300.0000,64.9375,64.9955,13920.53,0.799270,92.813886
1177.600,92.7221,300.0000,65.0000,64.9955,13919.72,0.799130,92.813886
1177.700,92.7221,300.0000,65.0625,64.9955,13918.96,0.798999,92.813886
1177.800,92.7221,300.0000,65.0625,64.9956,13918.25,0.798877,92.813886
1177.900,92.7221,300.0000,65.0000,64.9956,13917.58,0.798763,92.813886
1178.000,92.8139,300.0000,64.9375,64.9956,13917.88,0.798814,92.813886
1178.100,92.8139,300.0000,65.0000,64.9957,13918.16,0.798863,92.813886
1178.200,92.8139,300.0000,65.0000,64.9957,13918.43,0.798908,92.813886
1178.300,92.8139,300.0000,64.9375,64.9957,13918.67,0.798950,92.813886
1178.400,92.8139,300.0000,65.0000,64.9957,13918.90,0.798989,92.813886
1178.500,92.8139,300.0000,65.0625,64.9958,13919.11,0.799025,92.813886
1178.600,92.8139,300.0000,64.9375,64.9958,13919.31,0.799060,92.813886
1178.700,92.8139,300.0000,65.0625,64.9958,13919.49,0.799091,92.813886
1178.800,92.8139,300.0000,64.9375,64.9958,13919.67,0.799121,92.813886
1178.900,92.8139,300.0000,65.0625,64.9959,13919.83,0.799149,92.813886
1179.000,92.9078,300.0000,64.9375,64.9959,13920.92,0.799336,92.815974
1179.100,92.9078,300.0000,64.9375,64.9959,13921.93,0.799512,92.815974
1179.200,92.9078,300.0000,65.0000,64.9959,13922.88,0.799675,92.815974
1179.300,92.9078,300.0000,65.1250,64.9959,13923.77,0.799828,92.815974
1179.400,92.9078,300.0000,65.0000,64.9958,13924.59,0.799970,92.815974
1179.500,92.9078,300.0000,64.9375,64.9958,13925.36,0.800103,92.815974
1179.600,92.9078,300.0000,65.0625,64.9958,13926.08,0.800227,92.815974
1179.700,92.9078,300.0000,65.0625,64.9957,13926.76,0.800343,92.815974
1179.800,92.9078,300.0000,65.0000,64.9957,13927.38,0.800451,92.815974
1179.900,92.9078,300.0000,65.0625,64.9956,13927.97,0.800552,92.815974
1180.000,92.9098,300.0000,65.0000,64.9956,13928.54,0.800650,92.818061
1180.100,92.9098,300.0000,64.9375,64.9955,13929.07,0.800741,92.818061
1180.200,92.9098,300.0000,65.0000,64.9955,13929.56,0.800826,92.818061
1180.300,92.9098,300.0000,64.9375,64.9954,13930.02,0.800906,92.818061
1180.400,92.9098,300.0000,65.0000,64.9953,13930.45,0.800980,92.818061
1180.500,92.9098,300.0000,65.0000,64.9953,13930.85,0.801049,92.818061
1180.600,92.9098,300.0000,64.9375,64.9952,13931.23,0.801114,92.818061
1180.700,92.9098,300.0000,65.0000,64.9951,13931.58,0.801174,92.818061
1180.800,92.9098,300.0000,65.0000,64.9950,13931.90,0.801231,92.818061
1180.900,92.9098,300.0000,65.0000,64.9950,13932.21,0.801283,92.818061
1181.000,92.8181,300.0000,64.9375,64.9949,13931.58,0.801174,92.818061
1181.100,92.8181,300.0000,65.0000,64.9948,13930.98,0.801072,92.818061
1181.200,92.8181,300.0000,65.0000,64.9947,13930.43,0.800977,92.818061
1181.300,92.8181,300.0000,65.0000,64.9947,13929.92,0.800888,92.818061
1181.400,92.8181,300.0000,64.9375,64.9946,13929.44,0.800805,92.818061
1181.500,92.8181,300.0000,65.0000,64.9946,13928.99,0.800728,92.818061
1181.600,92.8181,300.0000,65.0000,64.9945,13928.57,0.800656,92.818061
1181.700,92.8181,300.0000,64.8750,64.9945,13928.18,0.800588,92.818061
1181.800,92.8181,300.0000,64.8750,64.9944,13927.81,0.800525,92.818061
1181.900,92.8181,300.0000,65.0000,64.9944,13927.47,0.800467,92.818061
1182.000,92.8181,300.0000,65.0000,64.9943,13927.16,0.800412,92.818061
1182.100,92.8181,300.0000,65.0625,64.9943,13926.86,0.800361,92.818061
1182.200,92.8181,300.0000,64.9375,64.9943,13926.58,0.800313,92.818061
1182.300,92.8181,300.0000,65.0000,64.9942,13926.33,0.800269,92.818061
1182.400,92.8181,300.0000,65.0000,64.9942,13926.08,0.800227,92.818061
1182.500,92.8181,300.0000,64.9375,64.9942,13925.86,0.800188,92.818061
1182.600,92.8181,300.0000,65.0625,64.9942,13925.65,0.800152,92.818061
1182.700,92.8181,300.0000,65.0000,64.9941,13925.45,0.800118,92.818061
1182.800,92.8181,300.0000,65.0625,64.9941,13925.27,0.800087,92.818061
1182.900,92.8181,300.0000,65.0000,64.9941,13925.10,0.800057,92.818061
1183.000,92.8181,300.0000,64.9375,64.9941,13924.94,0.800030,92.818061
1183.100,92.8181,300.0000,64.9375,64.9941,13924.79,0.800004,92.818061
1183.200,92.8181,300.0000,65.0000,64.9940,13924.65,0.799980,92.818061
1183.300,92.8181,300.0000,64.9375,64.9940,13924.52,0.799958,92.818061
1183.400,92.8181,300.0000,64.9375,64.9940,13924.40,0.799937,92.818061
1183.500,92.8181,300.0000,65.0000,64.9940,13924.29,0.799918,92.818061
1183.600,92.8181,300.0000,64.9375,64.9940,13924.18,0.799900,92.818061
1183.700,92.8181,300.0000,65.0000,64.9940,13924.09,0.799883,92.818061
1183.800,92.8181,300.0000,64.9375,64.9940,13923.99,0.799867,92.818061
1183.900,92.8181,300.0000,64.9375,64.9940,13923.91,0.799852,92.818061
1184.000,92.7242,300.0000,65.0625,64.9940,13922.89,0.799677,92.815974
1184.100,92.7242,300.0000,65.0625,64.9940,13921.94,0.799513,92.815974
1184.200,92.7242,300.0000,64.9375,64.9940,13921.05,0.799360,92.815974
1184.300,92.7242,300.0000,64.8750,64.9940,13920.22,0.799217,92.815974
1184.400,92.7242,300.0000,65.0625,64.9940,13919.45,0.799084,92.815974
1184.500,92.7242,300.0000,65.0000,64.9941,13918.73,0.798960,92.815974
1184.600,92.7242,300.0000,65.0000,64.9941,13918.06,0.798844,92.815974
1184.700,92.7242,300.0000,65.0000,64.9941,13917.43,0.798736,92.815974
1184.800,92.7242,300.0000,64.8750,64.9942,13916.84,0.798635,92.815974
1184.900,92.7242,300.0000,64.9375,64.9942,13916.29,0.798540,92.815974
1185.000,92.7221,300.0000,64.9375,64.9943,13915.76,0.798449,92.813886
1185.100,92.7221,300.0000,65.0000,64.9944,13915.26,0.798363,92.813886
1185.200,92.7221,300.0000,65.0625,64.9944,13914.80,0.798284,92.813886
1185.300,92.7221,300.0000,65.0625,64.9945,13914.37,0.798209,92.813886
1185.400,92.7221,300.0000,64.9375,64.9946,13913.97,0.798140,92.813886
1185.500,92.7221,300.0000,64.9375,64.9946,13913.59,0.798075,92.813886
1185.600,92.7221,300.0000,65.0000,64.9947,13913.24,0.798015,92.813886
1185.700,92.7221,300.0000,64.9375,64.9948,13912.91,0.797958,92.813886
1185.800,92.7221,300.0000,65.0625,64.9949,13912.60,0.797905,92.813886
1185.900,92.7221,300.0000,64.9375,64.9949,13912.32,0.797856,92.813886
1186.000,92.7200,300.0000,65.0000,64.9950,13912.03,0.797807,92.811799
1186.100,92.7200,300.0000,65.0000,64.9951,13911.76,0.797761,92.811799
1186.200,92.7200,300.0000,64.9375,64.9952,13911.51,0.797717,92.811799
1186.300,92.7200,300.0000,65.0000,64.9953,13911.28,0.797677,92.811799
1186.400,92.7200,300.0000,65.0000,64.9954,13911.06,0.797640,92.811799
1186.500,92.7200,300.0000,65.0625,64.9955,13910.85,0.797605,92.811799
1186.600,92.7200,300.0000,64.9375,64.9956,13910.66,0.797572,92.811799
1186.700,92.7200,300.0000,65.0000,64.9957,13910.49,0.797541,92.811799
1186.800,92.7200,300.0000,64.8750,64.9958,13910.32,0.797513,92.811799
1186.900,92.7200,300.0000,64.9375,64.9959,13910.17,0.797486,92.811799
1187.000,92.7179,300.0000,64.9375,64.9960,13910.00,0.797458,92.809712
1187.100,92.7179,300.0000,65.0000,64.9961,13909.85,0.797431,92.809712
1187.200,92.7179,300.0000,65.0625,64.9962,13909.70,0.797407,92.809712
1187.300,92.7179,300.0000,64.9375,64.9963,13909.57,0.797384,92.809712
1187.400,92.7179,300.0000,65.0000,64.9964,13909.44,0.797362,92.809712
1187.500,92.7179,300.0000,64.9375,64.9965,13909.33,0.797342,92.809712
1187.600,92.7179,300.0000,64.9375,64.9966,13909.22,0.797323,92.809712
1187.700,92.7179,300.0000,65.1250,64.9967,13909.12,0.797306,92.809712
1187.800,92.7179,300.0000,64.9375,64.9968,13909.02,0.797289,92.809712
1187.900,92.7179,300.0000,64.9375,64.9969,13908.93,0.797274,92.809712
1188.000,92.7158,300.0000,64.9375,64.9970,13908.83,0.797256,92.807624
1188.100,92.7158,300.0000,65.0000,64.9971,13908.73,0.797239,92.807624
1188.200,92.7158,300.0000,64.8750,64.9973,13908.64,0.797224,92.807624
1188.300,92.7158,300.0000,64.9375,64.9974,13908.56,0.797209,92.807624
1188.400,92.7158,300.0000,65.0000,64.9975,13908.48,0.797196,92.807624
1188.500,92.7158,300.0000,65.0000,64.9976,13908.40,0.797183,92.807624
1188.600,92.7158,300.0000,65.0625,64.9977,13908.34,0.797171,92.807624
1188.700,92.7158,300.0000,65.0000,64.9978,13908.27,0.797160,92.807624
1188.800,92.7158,300.0000,65.0000,64.9979,13908.21,0.797150,92.807624
1188.900,92.7158,300.0000,65.0625,64.9980,13908.16,0.797141,92.807624
1189.000,92.9015,300.0000,65.0000,64.9981,13909.96,0.797451,92.809712
1189.100,92.9015,300.0000,65.0000,64.9982,13911.65,0.797741,92.809712
1189.200,92.9015,300.0000,64.9375,64.9983,13913.22,0.798011,92.809712
1189.300,92.9015,300.0000,65.0625,64.9983,13914.68,0.798264,92.809712
1189.400,92.9015,300.0000,65.0000,64.9984,13916.05,0.798499,92.809712
1189.500,92.9015,300.0000,65.0625,64.9984,13917.33,0.798719,92.809712
1189.600,92.9015,300.0000,65.0000,64.9984,13918.52,0.798925,92.809712
1189.700,92.9015,300.0000,65.0000,64.9985,13919.64,0.799116,92.809712
1189.800,92.9015,300.0000,64.9375,64.9985,13920.68,0.799295,92.809712
1189.900,92.9015,300.0000,65.1250,64.9985,13921.65,0.799462,92.809712
1190.000,92.9975,300.0000,64.9375,64.9984,13923.51,0.799784,92.813886
1190.100,92.9975,300.0000,65.0625,64.9984,13925.25,0.800084,92.813886
1190.200,92.9975,300.0000,64.9375,64.9984,13926.88,0.800364,92.813886
1190.300,92.9975,300.0000,65.0000,64.9983,13928.39,0.800625,92.813886
1190.400,92.9975,300.0000,65.0000,64.9982,13929.81,0.800869,92.813886
1190.500,92.9975,300.0000,65.0000,64.9982,13931.13,0.801097,92.813886
1190.600,92.9975,300.0000,64.8750,64.9981,13932.36,0.801310,92.813886
1190.700,92.9975,300.0000,65.0625,64.9980,13933.51,0.801508,92.813886
1190.800,92.9975,300.0000,65.0000,64.9979,13934.59,0.801693,92.813886
1190.900,92.9975,300.0000,65.0625,64.9977,13935.59,0.801866,92.813886
1191.000,92.9078,300.0000,65.0625,64.9976,13935.63,0.801873,92.815974
1191.100,92.9078,300.0000,65.0000,64.9975,13935.66,0.801879,92.815974
1191.200,92.9078,300.0000,65.0000,64.9974,13935.69,0.801885,92.815974
1191.300,92.9078,300.0000,65.0000,64.9973,13935.73,0.801890,92.815974
1191.400,92.9078,300.0000,65.0000,64.9972,13935.76,0.801895,92.815974
1191.500,92.9078,300.0000,64.9375,64.9970,13935.78,0.801900,92.815974
1191.600,92.9078,300.0000,65.1250,64.9969,13935.81,0.801905,92.815974
1191.700,92.9078,300.0000,65.0000,64.9968,13935.83,0.801909,92.815974
1191.800,92.9078,300.0000,65.0000,64.9967,13935.85,0.801912,92.815974
1191.900,92.9078,300.0000,64.8750,64.9966,13935.87,0.801916,92.815974
1192.000,92.6282,300.0000,65.0000,64.9965,13933.10,0.801437,92.811799
1192.100,92.6282,300.0000,65.0000,64.9964,13930.51,0.800990,92.811799
1192.200,92.6282,300.0000,65.0625,64.9964,13928.09,0.800573,92.811799
1192.300,92.6282,300.0000,65.0000,64.9963,13925.83,0.800184,92.811799
1192.400,92.6282,300.0000,64.9375,64.9963,13923.73,0.799821,92.811799
1192.500,92.6282,300.0000,65.0000,64.9963,13921.76,0.799482,92.811799
1192.600,92.6282,300.0000,65.0000,64.9963,13919.92,0.799166,92.811799
1192.700,92.6282,300.0000,65.0000,64.9964,13918.21,0.798871,92.811799
1192.800,92.6282,300.0000,64.9375,64.9964,13916.61,0.798596,92.811799
1192.900,92.6282,300.0000,65.0000,64.9965,13915.12,0.798339,92.811799
1193.000,92.8118,300.0000,65.1250,64.9965,13915.57,0.798415,92.811799
1193.100,92.8118,300.0000,65.0000,64.9966,13915.98,0.798486,92.811799
1193.200,92.8118,300.0000,65.0000,64.9966,13916.36,0.798553,92.811799
1193.300,92.8118,300.0000,65.0000,64.9967,13916.73,0.798615,92.811799
1193.400,92.8118,300.0000,64.9375,64.9967,13917.06,0.798673,92.811799
1193.500,92.8118,300.0000,65.0000,64.9967,13917.38,0.798727,92.811799
1193.600,92.8118,300.0000,65.0000,64.9968,13917.67,0.798777,92.811799
1193.700,92.8118,300.0000,65.0000,64.9968,13917.94,0.798824,92.811799
1193.800,92.8118,300.0000,65.0000,64.9968,13918.20,0.798868,92.811799
1193.900,92.8118,300.0000,65.0625,64.9969,13918.44,0.798909,92.811799
1194.000,92.9057,300.0000,65.0625,64.9969,13919.60,0.799109,92.813886
1194.100,92.9057,300.0000,64.8750,64.9969,13920.68,0.799296,92.813886
1194.200,92.9057,300.0000,65.0000,64.9969,13921.69,0.799470,92.813886
1194.300,92.9057,300.0000,65.0000,64.9969,13922.64,0.799633,92.813886
1194.400,92.9057,300.0000,64.9375,64.9969,13923.52,0.799785,92.813886
1194.500,92.9057,300.0000,65.0000,64.9969,13924.34,0.799926,92.813886
1194.600,92.9057,300.0000,65.0625,64.9968,13925.11,0.800058,92.813886
1194.700,92.9057,300.0000,65.0625,64.9968,13925.82,0.800182,92.813886
1194.800,92.9057,300.0000,64.8750,64.9968,13926.49,0.800297,92.813886
1194.900,92.9057,300.0000,65.0000,64.9967,13927.11,0.800405,92.813886
1195.000,92.8139,300.0000,65.0625,64.9967,13926.78,0.800347,92.813886
1195.100,92.8139,300.0000,65.0000,64.9966,13926.47,0.800293,92.813886
1195.200,92.8139,300.0000,65.0000,64.9966,13926.17,0.800243,92.813886
1195.300,92.8139,300.0000,64.9375,64.9966,13925.90,0.800196,92.813886
1195.400,92.8139,300.0000,65.0625,64.9965,13925.65,0.800152,92.813886
1195.500,92.8139,300.0000,64.9375,64.9965,13925.41,0.800111,92.813886
1195.600,92.8139,300.0000,65.0000,64.9965,13925.19,0.800073,92.813886
1195.700,92.8139,300.0000,64.9375,64.9965,13924.98,0.800037,92.813886
1195.800,92.8139,300.0000,65.0625,64.9964,13924.79,0.800004,92.813886
1195.900,92.8139,300.0000,65.0625,64.9964,13924.61,0.799972,92.813886
1196.000,92.9078,300.0000,65.0000,64.9964,13925.38,0.800105,92.815974
1196.100,92.9078,300.0000,65.0000,64.9964,13926.10,0.800229,92.815974
1196.200,92.9078,300.0000,65.0625,64.9963,13926.77,0.800345,92.815974
1196.300,92.9078,300.0000,64.9375,64.9963,13927.39,0.800453,92.815974
1196.400,92.9078,300.0000,65.0000,64.9962,13927.98,0.800554,92.815974
1196.500,92.9078,300.0000,65.0000,64.9962,13928.52,0.800648,92.815974
1196.600,92.9078,300.0000,65.0000,64.9961,13929.03,0.800736,92.815974
1196.700,92.9078,300.0000,64.9375,64.9961,13929.51,0.800818,92.815974
1196.800,92.9078,300.0000,64.9375,64.9960,13929.95,0.800894,92.815974
1196.900,92.9078,300.0000,65.0000,64.9959,13930.37,0.800966,92.815974
1197.000,92.8160,300.0000,65.0625,64.9959,13929.84,0.800874,92.815974
1197.100,92.8160,300.0000,65.0000,64.9958,13929.34,0.800788,92.815974
1197.200,92.8160,300.0000,65.0000,64.9957,13928.88,0.800709,92.815974
1197.300,92.8160,300.0000,64.8750,64.9957,13928.44,0.800634,92.815974
1197.400,92.8160,300.0000,65.0625,64.9956,13928.04,0.800565,92.815974
1197.500,92.8160,300.0000,64.9375,64.9956,13927.66,0.800500,92.815974
1197.600,92.8160,300.0000,65.0000,64.9956,13927.31,0.800439,92.815974
1197.700,92.8160,300.0000,65.0000,64.9955,13926.99,0.800383,92.815974
1197.800,92.8160,300.0000,65.0625,64.9955,13926.68,0.800330,92.815974
1197.900,92.8160,300.0000,65.1250,64.9954,13926.39,0.800281,92.815974
1198.000,93.0037,300.0000,64.9375,64.9954,13928.01,0.800558,92.820148
1198.100,93.0037,300.0000,64.9375,64.9953,13929.51,0.800818,92.820148
1198.200,93.0037,300.0000,65.0625,64.9953,13930.91,0.801060,92.820148
1198.300,93.0037,300.0000,65.0000,64.9952,13932.22,0.801286,92.820148
1198.400,93.0037,300.0000,65.0000,64.9951,13933.44,0.801497,92.820148
1198.500,93.0037,300.0000,65.0000,64.9950,13934.58,0.801693,92.820148
1198.600,93.0037,300.0000,65.0625,64.9949,13935.65,0.801877,92.820148
1198.700,93.0037,300.0000,65.0000,64.9948,13936.64,0.802049,92.820148
1198.800,93.0037,300.0000,65.1250,64.9946,13937.57,0.802209,92.820148
1198.900,93.0037,300.0000,64.8750,64.9945,13938.44,0.802358,92.820148
1199.000,92.6324,300.0000,65.0625,64.9944,13935.53,0.801857,92.815974
1199.100,92.6324,300.0000,65.0625,64.9943,13932.82,0.801389,92.815974
1199.200,92.6324,300.0000,65.0000,64.9942,13930.29,0.800952,92.815974
1199.300,92.6324,300.0000,64.9375,64.9942,13927.93,0.800545,92.815974
1199.400,92.6324,300.0000,65.0625,64.9942,13925.72,0.800165,92.815974
1199.500,92.6324,300.0000,64.9375,64.9942,13923.67,0.799810,92.815974
1199.600,92.6324,300.0000,65.0000,64.9942,13921.75,0.799479,92.815974
1199.700,92.6324,300.0000,65.0000,64.9942,13919.95,0.799171,92.815974
1199.800,92.6324,300.0000,65.0625,64.9942,13918.28,0.798883,92.815974
1199.900,92.6324,300.0000,65.0000,64.9943,13916.72,0.798614,92.815974
