t_s,pwm,power_w,t_sense_c,t_die_c,rpm,fan_power_rel,integral
0.000,0.0000,150.0000,25.0000,25.1167,0.00,0.000000,0.000000
0.100,0.0000,150.0000,25.0625,25.2331,0.00,0.000000,0.000000
0.200,0.0000,150.0000,24.9375,25.3492,0.00,0.000000,0.000000
0.300,0.0000,150.0000,25.0000,25.4651,0.00,0.000000,0.000000
0.400,0.0000,150.0000,25.0625,25.5807,0.00,0.000000,0.000000
0.500,0.0000,150.0000,24.9375,25.6961,0.00,0.000000,0.000000
0.600,0.0000,150.0000,25.0000,25.8112,0.00,0.000000,0.000000
0.700,0.0000,150.0000,25.0625,25.9261,0.00,0.000000,0.000000
0.800,0.0000,150.0000,25.0625,26.0407,0.00,0.000000,0.000000
0.900,0.0000,150.0000,24.9375,26.1551,0.00,0.000000,0.000000
1.000,0.0000,150.0000,25.0625,26.2692,0.00,0.000000,0.000000
1.100,0.0000,150.0000,25.0000,26.3830,0.00,0.000000,0.000000
1.200,0.0000,150.0000,24.9375,26.4966,0.00,0.000000,0.000000
1.300,0.0000,150.0000,25.0625,26.6099,0.00,0.000000,0.000000
1.400,0.0000,150.0000,25.0625,26.7230,0.00,0.000000,0.000000
1.500,0.0000,150.0000,25.0000,26.8359,0.00,0.000000,0.000000
1.600,0.0000,150.0000,25.0000,26.9485,0.00,0.000000,0.000000
1.700,0.0000,150.0000,25.0625,27.0608,0.00,0.000000,0.000000
1.800,0.0000,150.0000,24.9375,27.1729,0.00,0.000000,0.000000
1.900,0.0000,150.0000,25.0000,27.2847,0.00,0.000000,0.000000
2.000,0.0000,150.0000,25.0000,27.3963,0.00,0.000000,0.000000
2.100,0.0000,150.0000,25.0000,27.5077,0.00,0.000000,0.000000
2.200,0.0000,150.0000,25.0000,27.6187,0.00,0.000000,0.000000
2.300,0.0000,150.0000,25.0000,27.7296,0.00,0.000000,0.000000
2.400,0.0000,150.0000,24.9375,27.8402,0.00,0.000000,0.000000
2.500,0.0000,150.0000,24.9375,27.9506,0.00,0.000000,0.000000
2.600,0.0000,150.0000,25.0000,28.0607,0.00,0.000000,0.000000
2.700,0.0000,150.0000,24.9375,28.1705,0.00,0.000000,0.000000
2.800,0.0000,150.0000,24.9375,28.2801,0.00,0.000000,0.000000
2.900,0.0000,150.0000,24.9375,28.3895,0.00,0.000000,0.000000
3.000,0.0000,150.0000,24.9375,28.4987,0.00,0.000000,0.000000
3.100,0.0000,150.0000,25.0625,28.6076,0.00,0.000000,0.000000
3.200,0.0000,150.0000,25.0625,28.7162,0.00,0.000000,0.000000
3.300,0.0000,150.0000,25.0000,28.8246,0.00,0.000000,0.000000
3.400,0.0000,150.0000,25.0625,28.9328,0.00,0.000000,0.000000
3.500,0.0000,150.0000,25.0000,29.0407,0.00,0.000000,0.000000
3.600,0.0000,150.0000,25.0625,29.1484,0.00,0.000000,0.000000
3.700,0.0000,150.0000,25.1250,29.2558,0.00,0.000000,0.000000
3.800,0.0000,150.0000,25.1250,29.3631,0.00,0.000000,0.000000
3.900,0.0000,150.0000,25.1875,29.4700,0.00,0.000000,0.000000
4.000,0.0000,150.0000,25.2500,29.5768,0.00,0.000000,0.000000
4.100,0.0000,150.0000,25.2500,29.6833,0.00,0.000000,0.000000
4.200,0.0000,150.0000,25.3125,29.7895,0.00,0.000000,0.000000
4.300,0.0000,150.0000,25.3750,29.8955,0.00,0.000000,0.000000
4.400,0.0000,150.0000,25.4375,30.0013,0.00,0.000000,0.000000
4.500,0.0000,150.0000,25.5000,30.1069,0.00,0.000000,0.000000
4.600,0.0000,150.0000,25.5625,30.2122,0.00,0.000000,0.000000
4.700,0.0000,150.0000,25.5625,30.3173,0.00,0.000000,0.000000
4.800,0.0000,150.0000,25.6250,30.4221,0.00,0.000000,0.000000
4.900,0.0000,150.0000,25.6250,30.5267,0.00,0.000000,0.000000
5.000,0.0000,150.0000,25.7500,30.6311,0.00,0.000000,0.000000
5.100,0.0000,150.0000,25.8125,30.7353,0.00,0.000000,0.000000
5.200,0.0000,150.0000,25.8125,30.8392,0.00,0.000000,0.000000
5.300,0.0000,150.0000,25.9375,30.9429,0.00,0.000000,0.000000
5.400,0.0000,150.0000,26.0000,31.0464,0.00,0.000000,0.000000
5.500,0.0000,150.0000,26.0000,31.1496,0.00,0.000000,0.000000
5.600,0.0000,150.0000,26.1250,31.2526,0.00,0.000000,0.000000
5.700,0.0000,150.0000,26.1875,31.3554,0.00,0.000000,0.000000
5.800,0.0000,150.0000,26.2500,31.4579,0.00,0.000000,0.000000
5.900,0.0000,150.0000,26.3125,31.5602,0.00,0.000000,0.000000
6.000,0.0000,150.0000,26.3125,31.6623,0.00,0.000000,0.000000
6.100,0.0000,150.0000,26.4375,31.7642,0.00,0.000000,0.000000
6.200,0.0000,150.0000,26.5625,31.8658,0.00,0.000000,0.000000
6.300,0.0000,150.0000,26.6250,31.9672,0.00,0.000000,0.000000
6.400,0.0000,150.0000,26.7500,32.0684,0.00,0.000000,0.000000
6.500,0.0000,150.0000,26.8125,32.1694,0.00,0.000000,0.000000
6.600,0.0000,150.0000,26.8750,32.2701,0.00,0.000000,0.000000
6.700,0.0000,150.0000,26.9375,32.3706,0.00,0.000000,0.000000
6.800,0.0000,150.0000,27.0000,32.4709,0.00,0.000000,0.000000
6.900,0.0000,150.0000,27.0000,32.5710,0.00,0.000000,0.000000
7.000,0.0000,150.0000,27.1875,32.6708,0.00,0.000000,0.000000
7.100,0.0000,150.0000,27.2500,32.7704,0.00,0.000000,0.000000
7.200,0.0000,150.0000,27.2500,32.8698,0.00,0.000000,0.000000
7.300,0.0000,150.0000,27.4375,32.9690,0.00,0.000000,0.000000
7.400,0.0000,150.0000,27.5000,33.0680,0.00,0.000000,0.000000
7.500,0.0000,150.0000,27.6250,33.1667,0.00,0.000000,0.000000
7.600,0.0000,150.0000,27.6875,33.2652,0.00,0.000000,0.000000
7.700,0.0000,150.0000,27.8750,33.3635,0.00,0.000000,0.000000
7.800,0.0000,150.0000,27.8750,33.4616,0.00,0.000000,0.000000
7.900,0.0000,150.0000,27.9375,33.5595,0.00,0.000000,0.000000
8.000,0.0000,150.0000,28.0000,33.6571,0.00,0.000000,0.000000
8.100,0.0000,150.0000,28.0625,33.7545,0.00,0.000000,0.000000
8.200,0.0000,150.0000,28.2500,33.8517,0.00,0.000000,0.000000
8.300,0.0000,150.0000,28.3750,33.9487,0.00,0.000000,0.000000
8.400,0.0000,150.0000,28.3750,34.0455,0.00,0.000000,0.000000
8.500,0.0000,150.0000,28.5000,34.1421,0.00,0.000000,0.000000
8.600,0.0000,150.0000,28.6250,34.2384,0.00,0.000000,0.000000
8.700,0.0000,150.0000,28.6250,34.3346,0.00,0.000000,0.000000
8.800,0.0000,150.0000,28.8750,34.4305,0.00,0.000000,0.000000
8.900,0.0000,150.0000,28.8750,34.5262,0.00,0.000000,0.000000
9.000,0.0000,150.0000,28.9375,34.6217,0.00,0.000000,0.000000
9.100,0.0000,150.0000,29.1250,34.7170,0.00,0.000000,0.000000
9.200,0.0000,150.0000,29.1250,34.8121,0.00,0.000000,0.000000
9.300,0.0000,150.0000,29.2500,34.9069,0.00,0.000000,0.000000
9.400,0.0000,150.0000,29.4375,35.0016,0.00,0.000000,0.000000
9.500,0.0000,150.0000,29.3750,35.0960,0.00,0.000000,0.000000
9.600,0.0000,150.0000,29.5625,35.1902,0.00,0.000000,0.000000
9.700,0.0000,150.0000,29.6250,35.2843,0.00,0.000000,0.000000
9.800,0.0000,150.0000,29.6875,35.3781,0.00,0.000000,0.000000
9.900,0.0000,150.0000,29.8125,35.4717,0.00,0.000000,0.000000
10.000,0.0000,150.0000,29.9375,35.5651,0.00,0.000000,0.000000
10.100,0.0000,150.0000,30.0000,35.6583,0.00,0.000000,0.000000
10.200,0.0000,150.0000,30.0000,35.7512,0.00,0.000000,0.000000
10.300,0.0000,150.0000,30.3125,35.8440,0.00,0.000000,0.000000
10.400,0.0000,150.0000,30.3125,35.9366,0.00,0.000000,0.000000
10.500,0.0000,150.0000,30.3750,36.0290,0.00,0.000000,0.000000
10.600,0.0000,150.0000,30.5000,36.1211,0.00,0.000000,0.000000
10.700,0.0000,150.0000,30.5625,36.2131,0.00,0.000000,0.000000
10.800,0.0000,150.0000,30.7500,36.3048,0.00,0.000000,0.000000
10.900,0.0000,150.0000,30.7500,36.3964,0.00,0.000000,0.000000
11.000,0.0000,150.0000,30.8125,36.4877,0.00,0.000000,0.000000
11.100,0.0000,150.0000,30.9375,36.5788,0.00,0.000000,0.000000
11.200,0.0000,150.0000,31.0625,36.6698,0.00,0.000000,0.000000
11.300,0.0000,150.0000,31.1250,36.7605,0.00,0.000000,0.000000
11.400,0.0000,150.0000,31.2500,36.8510,0.00,0.000000,0.000000
11.500,0.0000,150.0000,31.3750,36.9414,0.00,0.000000,0.000000
11.600,0.0000,150.0000,31.5000,37.0315,0.00,0.000000,0.000000
11.700,0.0000,150.0000,31.5000,37.1214,0.00,0.000000,0.000000
11.800,0.0000,150.0000,31.6250,37.2112,0.00,0.000000,0.000000
11.900,0.0000,150.0000,31.6250,37.3007,0.00,0.000000,0.000000
12.000,0.0000,150.0000,31.8125,37.3900,0.00,0.000000,0.000000
12.100,0.0000,150.0000,32.0000,37.4792,0.00,0.000000,0.000000
12.200,0.0000,150.0000,32.0625,37.5681,0.00,0.000000,0.000000
12.300,0.0000,150.0000,32.0625,37.6568,0.00,0.000000,0.000000
12.400,0.0000,150.0000,32.2500,37.7454,0.00,0.000000,0.000000
12.500,0.0000,150.0000,32.3750,37.8337,0.00,0.000000,0.000000
12.600,0.0000,150.0000,32.3750,37.9219,0.00,0.000000,0.000000
12.700,0.0000,150.0000,32.3750,38.0098,0.00,0.000000,0.000000
12.800,0.0000,150.0000,32.6250,38.0976,0.00,0.000000,0.000000
12.900,0.0000,150.0000,32.6875,38.1851,0.00,0.000000,0.000000
13.000,0.0000,150.0000,32.7500,38.2725,0.00,0.000000,0.000000
13.100,0.0000,150.0000,32.8750,38.3597,0.00,0.000000,0.000000
13.200,0.0000,150.0000,32.9375,38.4466,0.00,0.000000,0.000000
13.300,0.0000,150.0000,33.0000,38.5334,0.00,0.000000,0.000000
13.400,0.0000,150.0000,33.1250,38.6200,0.00,0.000000,0.000000
13.500,0.0000,150.0000,33.1875,38.7064,0.00,0.000000,0.000000
13.600,0.0000,150.0000,33.3750,38.7926,0.00,0.000000,0.000000
13.700,0.0000,150.0000,33.3750,38.8786,0.00,0.000000,0.000000
13.800,0.0000,150.0000,33.5625,38.9645,0.00,0.000000,0.000000
13.900,0.0000,150.0000,33.6250,39.0501,0.00,0.000000,0.000000
14.000,0.0000,150.0000,33.6875,39.1356,0.00,0.000000,0.000000
14.100,0.0000,150.0000,33.7500,39.2208,0.00,0.000000,0.000000
14.200,0.0000,150.0000,33.9375,39.3059,0.00,0.000000,0.000000
14.300,0.0000,150.0000,34.0000,39.3907,0.00,0.000000,0.000000
14.400,0.0000,150.0000,34.1250,39.4754,0.00,0.000000,0.000000
14.500,0.0000,150.0000,34.1250,39.5599,0.00,0.000000,0.000000
14.600,0.0000,150.0000,34.3750,39.6442,0.00,0.000000,0.000000
14.700,0.0000,150.0000,34.3750,39.7284,0.00,0.000000,0.000000
14.800,0.0000,150.0000,34.5000,39.8123,0.00,0.000000,0.000000
14.900,0.0000,150.0000,34.5625,39.8961,0.00,0.000000,0.000000
15.000,0.0000,150.0000,34.7500,39.9796,0.00,0.000000,0.000000
15.100,0.0000,150.0000,34.8125,40.0630,0.00,0.000000,0.000000
15.200,0.0000,150.0000,34.8125,40.1462,0.00,0.000000,0.000000
15.300,0.0000,150.0000,35.0000,40.2292,0.00,0.000000,0.000000
15.400,0.0000,150.0000,35.0625,40.3120,0.00,0.000000,0.000000
15.500,0.0000,150.0000,35.1250,40.3947,0.00,0.000000,0.000000
15.600,0.0000,150.0000,35.1875,40.4771,0.00,0.000000,0.000000
15.700,0.0000,150.0000,35.3125,40.5594,0.00,0.000000,0.000000
15.800,0.0000,150.0000,35.3750,40.6415,0.00,0.000000,0.000000
15.900,0.0000,150.0000,35.5000,40.7234,0.00,0.000000,0.000000
16.000,0.0000,150.0000,35.6875,40.8051,0.00,0.000000,0.000000
16.100,0.0000,150.0000,35.6875,40.8867,0.00,0.000000,0.000000
16.200,0.0000,150.0000,35.7500,40.9680,0.00,0.000000,0.000000
16.300,0.0000,150.0000,35.9375,41.0492,0.00,0.000000,0.000000
16.400,0.0000,150.0000,36.0000,41.1302,0.00,0.000000,0.000000
16.500,0.0000,150.0000,36.0000,41.2110,0.00,0.000000,0.000000
16.600,0.0000,150.0000,36.1875,41.2917,0.00,0.000000,0.000000
16.700,0.0000,150.0000,36.3125,41.3721,0.00,0.000000,0.000000
16.800,0.0000,150.0000,36.3125,41.4524,0.00,0.000000,0.000000
16.900,0.0000,150.0000,36.4375,41.5325,0.00,0.000000,0.000000
17.000,0.0000,150.0000,36.5000,41.6125,0.00,0.000000,0.000000
17.100,0.0000,150.0000,36.5625,41.6922,0.00,0.000000,0.000000
17.200,0.0000,150.0000,36.6250,41.7718,0.00,0.000000,0.000000
17.300,0.0000,150.0000,36.7500,41.8512,0.00,0.000000,0.000000
17.400,0.0000,150.0000,36.8750,41.9304,0.00,0.000000,0.000000
17.500,0.0000,150.0000,37.0000,42.0094,0.00,0.000000,0.000000
17.600,0.0000,150.0000,37.0000,42.0883,0.00,0.000000,0.000000
17.700,0.0000,150.0000,37.1250,42.1670,0.00,0.000000,0.000000
17.800,0.0000,150.0000,37.1875,42.2455,0.00,0.000000,0.000000
17.900,0.0000,150.0000,37.3750,42.3239,0.00,0.000000,0.000000
18.000,0.0000,150.0000,37.3750,42.4020,0.00,0.000000,0.000000
18.100,0.0000,150.0000,37.5000,42.4800,0.00,0.000000,0.000000
18.200,0.0000,150.0000,37.6250,42.5578,0.00,0.000000,0.000000
18.300,0.0000,150.0000,37.8125,42.6355,0.00,0.000000,0.000000
18.400,0.0000,150.0000,37.8125,42.7130,0.00,0.000000,0.000000
18.500,0.0000,150.0000,37.7500,42.7903,0.00,0.000000,0.000000
18.600,0.0000,150.0000,38.0000,42.8674,0.00,0.000000,0.000000
18.700,0.0000,150.0000,38.0000,42.9444,0.00,0.000000,0.000000
18.800,0.0000,150.0000,38.0625,43.0212,0.00,0.000000,0.000000
18.900,0.0000,150.0000,38.1250,43.0978,0.00,0.000000,0.000000
19.000,0.0000,150.0000,38.3125,43.1742,0.00,0.000000,0.000000
19.100,0.0000,150.0000,38.3750,43.2505,0.00,0.000000,0.000000
19.200,0.0000,150.0000,38.5000,43.3266,0.00,0.000000,0.000000
19.300,0.0000,150.0000,38.6250,43.4026,0.00,0.000000,0.000000
19.400,0.0000,150.0000,38.6875,43.4783,0.00,0.000000,0.000000
19.500,0.0000,150.0000,38.7500,43.5539,0.00,0.000000,0.000000
19.600,0.0000,150.0000,38.8125,43.6294,0.00,0.000000,0.000000
19.700,0.0000,150.0000,38.8125,43.7046,0.00,0.000000,0.000000
19.800,0.0000,150.0000,39.0000,43.7797,0.00,0.000000,0.000000
19.900,0.0000,150.0000,39.0625,43.8547,0.00,0.000000,0.000000
20.000,0.0000,150.0000,39.2500,43.9294,0.00,0.000000,0.000000
20.100,0.0000,150.0000,39.2500,44.0040,0.00,0.000000,0.000000
20.200,0.0000,150.0000,39.3125,44.0785,0.00,0.000000,0.000000
20.300,0.0000,150.0000,39.3750,44.1527,0.00,0.000000,0.000000
20.400,0.0000,150.0000,39.5000,44.2269,0.00,0.000000,0.000000
20.500,0.0000,150.0000,39.5625,44.3008,0.00,0.000000,0.000000
20.600,0.0000,150.0000,39.6875,44.3746,0.00,0.000000,0.000000
20.700,0.0000,150.0000,39.7500,44.4482,0.00,0.000000,0.000000
20.800,0.0000,150.0000,39.7500,44.5216,0.00,0.000000,0.000000
20.900,0.0000,150.0000,39.8750,44.5949,0.00,0.000000,0.000000
21.000,0.0000,150.0000,40.0000,44.6680,0.00,0.000000,0.000000
21.100,0.0000,150.0000,40.1250,44.7410,0.00,0.000000,0.000000
21.200,0.0000,150.0000,40.1875,44.8138,0.00,0.000000,0.000000
21.300,0.0000,150.0000,40.1875,44.8864,0.00,0.000000,0.000000
21.400,0.0000,150.0000,40.3750,44.9589,0.00,0.000000,0.000000
21.500,0.0000,150.0000,40.3125,45.0312,0.00,0.000000,0.000000
21.600,0.0000,150.0000,40.4375,45.1034,0.00,0.000000,0.000000
21.700,0.0000,150.0000,40.5000,45.1754,0.00,0.000000,0.000000
21.800,0.0000,150.0000,40.6250,45.2472,0.00,0.000000,0.000000
21.900,0.0000,150.0000,40.7500,45.3189,0.00,0.000000,0.000000
22.000,0.0000,150.0000,40.6875,45.3904,0.00,0.000000,0.000000
22.100,0.0000,150.0000,40.9375,45.4617,0.00,0.000000,0.000000
22.200,0.0000,150.0000,40.8750,45.5329,0.00,0.000000,0.000000
22.300,0.0000,150.0000,41.0625,45.6040,0.00,0.000000,0.000000
22.400,0.0000,150.0000,41.1250,45.6749,0.00,0.000000,0.000000
22.500,0.0000,150.0000,41.1875,45.7456,0.00,0.000000,0.000000
22.600,0.0000,150.0000,41.2500,45.8161,0.00,0.000000,0.000000
22.700,0.0000,150.0000,41.4375,45.8865,0.00,0.000000,0.000000
22.800,0.0000,150.0000,41.4375,45.9568,0.00,0.000000,0.000000
22.900,0.0000,150.0000,41.5625,46.0269,0.00,0.000000,0.000000
23.000,0.0000,150.0000,41.6250,46.0968,0.00,0.000000,0.000000
23.100,0.0000,150.0000,41.6875,46.1666,0.00,0.000000,0.000000
23.200,0.0000,150.0000,41.8125,46.2363,0.00,0.000000,0.000000
23.300,0.0000,150.0000,41.9375,46.3057,0.00,0.000000,0.000000
23.400,0.0000,150.0000,41.8125,46.3750,0.00,0.000000,0.000000
23.500,0.0000,150.0000,42.0000,46.4442,0.00,0.000000,0.000000
23.600,0.0000,150.0000,42.1250,46.5132,0.00,0.000000,0.000000
23.700,0.0000,150.0000,42.1875,46.5821,0.00,0.000000,0.000000
23.800,0.0000,150.0000,42.2500,46.6508,0.00,0.000000,0.000000
23.900,0.0000,150.0000,42.4375,46.7193,0.00,0.000000,0.000000
24.000,0.0000,150.0000,42.3750,46.7877,0.00,0.000000,0.000000
24.100,0.0000,150.0000,42.5000,46.8560,0.00,0.000000,0.000000
24.200,0.0000,150.0000,42.5000,46.9241,0.00,0.000000,0.000000
24.300,0.0000,150.0000,42.6875,46.9920,0.00,0.000000,0.000000
24.400,0.0000,150.0000,42.7500,47.0598,0.00,0.000000,0.000000
24.500,0.0000,150.0000,42.8750,47.1275,0.00,0.000000,0.000000
24.600,0.0000,150.0000,42.8125,47.1950,0.00,0.000000,0.000000
24.700,0.0000,150.0000,42.9375,47.2623,0.00,0.000000,0.000000
24.800,0.0000,150.0000,43.0000,47.3295,0.00,0.000000,0.000000
24.900,0.0000,150.0000,43.0625,47.3966,0.00,0.000000,0.000000
25.000,0.0000,150.0000,43.1875,47.4635,0.00,0.000000,0.000000
25.100,0.0000,150.0000,43.2500,47.5302,0.00,0.000000,0.000000
25.200,0.0000,150.0000,43.4375,47.5968,0.00,0.000000,0.000000
25.300,0.0000,150.0000,43.4375,47.6633,0.00,0.000000,0.000000
25.400,0.0000,150.0000,43.4375,47.7296,0.00,0.000000,0.000000
25.500,0.0000,150.0000,43.5625,47.7957,0.00,0.000000,0.000000
25.600,0.0000,150.0000,43.6875,47.8617,0.00,0.000000,0.000000
25.700,0.0000,150.0000,43.7500,47.9276,0.00,0.000000,0.000000
25.800,0.0000,150.0000,43.7500,47.9933,0.00,0.000000,0.000000
25.900,0.0000,150.0000,43.8750,48.0589,0.00,0.000000,0.000000
26.000,0.0000,150.0000,43.9375,48.1243,0.00,0.000000,0.000000
26.100,0.0000,150.0000,44.0000,48.1896,0.00,0.000000,0.000000
26.200,0.0000,150.0000,43.9375,48.2547,0.00,0.000000,0.000000
26.300,0.0000,150.0000,44.1875,48.3197,0.00,0.000000,0.000000
26.400,0.0000,150.0000,44.1250,48.3845,0.00,0.000000,0.000000
26.500,0.0000,150.0000,44.3125,48.4493,0.00,0.000000,0.000000
26.600,0.0000,150.0000,44.3125,48.5138,0.00,0.000000,0.000000
26.700,0.0000,150.0000,44.4375,48.5782,0.00,0.000000,0.000000
26.800,0.0000,150.0000,44.5625,48.6425,0.00,0.000000,0.000000
26.900,0.0000,150.0000,44.5625,48.7066,0.00,0.000000,0.000000
27.000,0.0000,150.0000,44.6875,48.7706,0.00,0.000000,0.000000
27.100,0.0000,150.0000,44.8125,48.8344,0.00,0.000000,0.000000
27.200,0.0000,150.0000,44.8750,48.8981,0.00,0.000000,0.000000
27.300,0.0000,150.0000,44.8750,48.9617,0.00,0.000000,0.000000
27.400,0.0000,150.0000,44.9375,49.0251,0.00,0.000000,0.000000
27.500,0.0000,150.0000,45.0625,49.0884,0.00,0.000000,0.000000
27.600,0.0000,150.0000,45.0000,49.1515,0.00,0.000000,0.000000
27.700,0.0000,150.0000,45.1250,49.2145,0.00,0.000000,0.000000
27.800,0.0000,150.0000,45.2500,49.2774,0.00,0.000000,0.000000
27.900,0.0000,150.0000,45.3125,49.3401,0.00,0.000000,0.000000
28.000,0.0000,150.0000,45.4375,49.4027,0.00,0.000000,0.000000
28.100,0.0000,150.0000,45.4375,49.4651,0.00,0.000000,0.000000
28.200,0.0000,150.0000,45.5000,49.5274,0.00,0.000000,0.000000
28.300,0.0000,150.0000,45.6250,49.5896,0.00,0.000000,0.000000
28.400,0.0000,150.0000,45.7500,49.6516,0.00,0.000000,0.000000
28.500,0.0000,150.0000,45.7500,49.7135,0.00,0.000000,0.000000
28.600,0.0000,150.0000,45.8125,49.7752,0.00,0.000000,0.000000
28.700,0.0000,150.0000,45.9375,49.8369,0.00,0.000000,0.000000
28.800,0.0000,150.0000,45.8750,49.8983,0.00,0.000000,0.000000
28.900,0.0000,150.0000,46.0000,49.9597,0.00,0.000000,0.000000
29.000,0.0000,150.0000,46.1250,50.0209,0.00,0.000000,0.000000
29.100,0.0000,150.0000,46.1250,50.0819,0.00,0.000000,0.000000
29.200,0.0000,150.0000,46.3125,50.1429,0.00,0.000000,0.000000
29.300,0.0000,150.0000,46.3125,50.2037,0.00,0.000000,0.000000
29.400,0.0000,150.0000,46.3750,50.2643,0.00,0.000000,0.000000
29.500,0.0000,150.0000,46.5000,50.3248,0.00,0.000000,0.000000
29.600,0.0000,150.0000,46.5625,50.3852,0.00,0.000000,0.000000
29.700,0.0000,150.0000,46.6250,50.4455,0.00,0.000000,0.000000
29.800,0.0000,150.0000,46.6875,50.5056,0.00,0.000000,0.000000
29.900,0.0000,150.0000,46.6875,50.5656,0.00,0.000000,0.000000
30.000,0.0000,150.0000,46.9375,50.6254,0.00,0.000000,0.000000
30.100,0.0000,150.0000,46.8750,50.6852,0.00,0.000000,0.000000
30.200,0.0000,150.0000,46.8750,50.7448,0.00,0.000000,0.000000
30.300,0.0000,150.0000,47.0000,50.8042,0.00,0.000000,0.000000
30.400,0.0000,150.0000,47.1250,50.8635,0.00,0.000000,0.000000
30.500,0.0000,150.0000,47.2500,50.9227,0.00,0.000000,0.000000
30.600,0.0000,150.0000,47.1875,50.9818,0.00,0.000000,0.000000
30.700,0.0000,150.0000,47.1875,51.0407,0.00,0.000000,0.000000
30.800,0.0000,150.0000,47.3125,51.0995,0.00,0.000000,0.000000
30.900,0.0000,150.0000,47.3750,51.1582,0.00,0.000000,0.000000
31.000,0.0000,150.0000,47.5000,51.2167,0.00,0.000000,0.000000
31.100,0.0000,150.0000,47.5625,51.2751,0.00,0.000000,0.000000
31.200,0.0000,150.0000,47.6250,51.3334,0.00,0.000000,0.000000
31.300,0.0000,150.0000,47.6875,51.3916,0.00,0.000000,0.000000
31.400,0.0000,150.0000,47.7500,51.4496,0.00,0.000000,0.000000
31.500,0.0000,150.0000,47.7500,51.5075,0.00,0.000000,0.000000
31.600,0.0000,150.0000,47.8750,51.5652,0.00,0.000000,0.000000
31.700,0.0000,150.0000,47.8750,51.6229,0.00,0.000000,0.000000
31.800,0.0000,150.0000,47.9375,51.6804,0.00,0.000000,0.000000
31.900,0.0000,150.0000,48.0000,51.7377,0.00,0.000000,0.000000
32.000,0.0000,150.0000,48.0625,51.7950,0.00,0.000000,0.000000
32.100,0.0000,150.0000,48.1875,51.8521,0.00,0.000000,0.000000
32.200,0.0000,150.0000,48.2500,51.9091,0.00,0.000000,0.000000
32.300,0.0000,150.0000,48.3750,51.9660,0.00,0.000000,0.000000
32.400,0.0000,150.0000,48.4375,52.0227,0.00,0.000000,0.000000
32.500,0.0000,150.0000,48.4375,52.0793,0.00,0.000000,0.000000
32.600,0.0000,150.0000,48.5000,52.1358,0.00,0.000000,0.000000
32.700,0.0000,150.0000,48.6250,52.1922,0.00,0.000000,0.000000
32.800,0.0000,150.0000,48.6250,52.2484,0.00,0.000000,0.000000
32.900,0.0000,150.0000,48.6875,52.3045,0.00,0.000000,0.000000
33.000,0.0000,150.0000,48.7500,52.3605,0.00,0.000000,0.000000
33.100,0.0000,150.0000,48.8750,52.4164,0.00,0.000000,0.000000
33.200,0.0000,150.0000,48.9375,52.4721,0.00,0.000000,0.000000
33.300,0.0000,150.0000,48.9375,52.5278,0.00,0.000000,0.000000
33.400,0.0000,150.0000,49.0625,52.5832,0.00,0.000000,0.000000
33.500,0.0000,150.0000,49.1250,52.6386,0.00,0.000000,0.000000
33.600,0.0000,150.0000,49.1250,52.6939,0.00,0.000000,0.000000
33.700,0.0000,150.0000,49.2500,52.7490,0.00,0.000000,0.000000
33.800,0.0000,150.0000,49.3125,52.8040,0.00,0.000000,0.000000
33.900,0.0000,150.0000,49.3125,52.8589,0.00,0.000000,0.000000
34.000,0.0000,150.0000,49.5000,52.9136,0.00,0.000000,0.000000
34.100,0.0000,150.0000,49.5000,52.9683,0.00,0.000000,0.000000
34.200,0.0000,150.0000,49.5625,53.0228,0.00,0.000000,0.000000
34.300,0.0000,150.0000,49.5625,53.0772,0.00,0.000000,0.000000
34.400,0.0000,150.0000,49.5625,53.1314,0.00,0.000000,0.000000
34.500,0.0000,150.0000,49.6875,53.1856,0.00,0.000000,0.000000
34.600,0.0000,150.0000,49.8125,53.2396,0.00,0.000000,0.000000
34.700,0.0000,150.0000,49.8750,53.2935,0.00,0.000000,0.000000
34.800,0.0000,150.0000,49.8750,53.3473,0.00,0.000000,0.000000
34.900,0.0000,150.0000,50.0000,53.4010,0.00,0.000000,0.000000
35.000,0.0000,150.0000,50.0000,53.4546,0.00,0.000000,0.000000
35.100,0.0000,150.0000,50.1250,53.5080,0.00,0.000000,0.000000
35.200,0.0000,150.0000,50.1875,53.5613,0.00,0.000000,0.000000
35.300,0.0000,150.0000,50.1250,53.6145,0.00,0.000000,0.000000
35.400,0.0000,150.0000,50.3750,53.6676,0.00,0.000000,0.000000
35.500,0.0000,150.0000,50.3125,53.7206,0.00,0.000000,0.000000
35.600,0.0000,150.0000,50.3750,53.7734,0.00,0.000000,0.000000
35.700,0.0000,150.0000,50.4375,53.8261,0.00,0.000000,0.000000
35.800,0.0000,150.0000,50.5625,53.8787,0.00,0.000000,0.000000
35.900,0.0000,150.0000,50.6250,53.9312,0.00,0.000000,0.000000
36.000,0.0000,150.0000,50.5625,53.9836,0.00,0.000000,0.000000
36.100,0.0000,150.0000,50.6250,54.0359,0.00,0.000000,0.000000
36.200,0.0000,150.0000,50.6250,54.0880,0.00,0.000000,0.000000
36.300,0.0000,150.0000,50.8125,54.1400,0.00,0.000000,0.000000
36.400,0.0000,150.0000,51.0000,54.1919,0.00,0.000000,0.000000
36.500,0.0000,150.0000,50.8750,54.2437,0.00,0.000000,0.000000
36.600,0.0000,150.0000,50.9375,54.2954,0.00,0.000000,0.000000
36.700,0.0000,150.0000,51.0000,54.3470,0.00,0.000000,0.000000
36.800,0.0000,150.0000,51.1250,54.3984,0.00,0.000000,0.000000
36.900,0.0000,150.0000,51.1250,54.4498,0.00,0.000000,0.000000
37.000,0.0000,150.0000,51.1875,54.5010,0.00,0.000000,0.000000
37.100,0.0000,150.0000,51.3125,54.5521,0.00,0.000000,0.000000
37.200,0.0000,150.0000,51.3125,54.6031,0.00,0.000000,0.000000
37.300,0.0000,150.0000,51.3750,54.6540,0.00,0.000000,0.000000
37.400,0.0000,150.0000,51.4375,54.7047,0.00,0.000000,0.000000
37.500,0.0000,150.0000,51.4375,54.7554,0.00,0.000000,0.000000
37.600,0.0000,150.0000,51.6250,54.8059,0.00,0.000000,0.000000
37.700,0.0000,150.0000,51.6875,54.8564,0.00,0.000000,0.000000
37.800,0.0000,150.0000,51.6875,54.9067,0.00,0.000000,0.000000
37.900,0.0000,150.0000,51.7500,54.9569,0.00,0.000000,0.000000
38.000,0.0000,150.0000,51.6875,55.0070,0.00,0.000000,0.000000
38.100,0.0000,150.0000,51.8750,55.0570,0.00,0.000000,0.000000
38.200,0.0000,150.0000,51.8125,55.1069,0.00,0.000000,0.000000
38.300,0.0000,150.0000,51.9375,55.1566,0.00,0.000000,0.000000
38.400,0.0000,150.0000,52.0000,55.2063,0.00,0.000000,0.000000
38.500,0.0000,150.0000,52.1250,55.2558,0.00,0.000000,0.000000
38.600,0.0000,150.0000,52.1875,55.3052,0.00,0.000000,0.000000
38.700,0.0000,150.0000,52.2500,55.3546,0.00,0.000000,0.000000
38.800,0.0000,150.0000,52.3125,55.4038,0.00,0.000000,0.000000
38.900,0.0000,150.0000,52.3125,55.4529,0.00,0.000000,0.000000
39.000,0.0000,150.0000,52.4375,55.5019,0.00,0.000000,0.000000
39.100,0.0000,150.0000,52.4375,55.5508,0.00,0.000000,0.000000
39.200,0.0000,150.0000,52.5000,55.5995,0.00,0.000000,0.000000
39.300,0.0000,150.0000,52.5625,55.6482,0.00,0.000000,0.000000
39.400,0.0000,150.0000,52.6250,55.6968,0.00,0.000000,0.000000
39.500,0.0000,150.0000,52.6875,55.7452,0.00,0.000000,0.000000
39.600,0.0000,150.0000,52.7500,55.7936,0.00,0.000000,0.000000
39.700,0.0000,150.0000,52.7500,55.8418,0.00,0.000000,0.000000
39.800,0.0000,150.0000,52.7500,55.8899,0.00,0.000000,0.000000
39.900,0.0000,150.0000,52.8125,55.9379,0.00,0.000000,0.000000
40.000,0.0000,150.0000,52.8750,55.9859,0.00,0.000000,0.000000
40.100,0.0000,150.0000,53.0625,56.0337,0.00,0.000000,0.000000
40.200,0.0000,150.0000,53.0625,56.0814,0.00,0.000000,0.000000
40.300,0.0000,150.0000,53.0625,56.1290,0.00,0.000000,0.000000
40.400,0.0000,150.0000,53.0625,56.1765,0.00,0.000000,0.000000
40.500,0.0000,150.0000,53.1875,56.2238,0.00,0.000000,0.000000
40.600,0.0000,150.0000,53.1875,56.2711,0.00,0.000000,0.000000
40.700,0.0000,150.0000,53.3750,56.3183,0.00,0.000000,0.000000
40.800,0.0000,150.0000,53.3750,56.3654,0.00,0.000000,0.000000
40.900,0.0000,150.0000,53.5625,56.4123,0.00,0.000000,0.000000
41.000,0.0000,150.0000,53.3750,56.4592,0.00,0.000000,0.000000
41.100,0.0000,150.0000,53.4375,56.5060,0.00,0.000000,0.000000
41.200,0.0000,150.0000,53.6250,56.5526,0.00,0.000000,0.000000
41.300,0.0000,150.0000,53.6250,56.5992,0.00,0.000000,0.000000
41.400,0.0000,150.0000,53.6250,56.6456,0.00,0.000000,0.000000
41.500,0.0000,150.0000,53.6875,56.6919,0.00,0.000000,0.000000
41.600,0.0000,150.0000,53.8750,56.7382,0.00,0.000000,0.000000
41.700,0.0000,150.0000,53.8125,56.7843,0.00,0.000000,0.000000
41.800,0.0000,150.0000,53.8750,56.8304,0.00,0.000000,0.000000
41.900,0.0000,150.0000,53.9375,56.8763,0.00,0.000000,0.000000
42.000,0.0000,150.0000,54.0000,56.9221,0.00,0.000000,0.000000
42.100,0.0000,150.0000,54.0625,56.9679,0.00,0.000000,0.000000
42.200,0.0000,150.0000,54.0625,57.0135,0.00,0.000000,0.000000
42.300,0.0000,150.0000,54.3125,57.0590,0.00,0.000000,0.000000
42.400,0.0000,150.0000,54.2500,57.1044,0.00,0.000000,0.000000
42.500,0.0000,150.0000,54.3125,57.1498,0.00,0.000000,0.000000
42.600,0.0000,150.0000,54.3125,57.1950,0.00,0.000000,0.000000
42.700,0.0000,150.0000,54.3750,57.2401,0.00,0.000000,0.000000
42.800,0.0000,150.0000,54.3750,57.2851,0.00,0.000000,0.000000
42.900,0.0000,150.0000,54.3750,57.3300,0.00,0.000000,0.000000
43.000,0.0000,150.0000,54.5625,57.3749,0.00,0.000000,0.000000
43.100,0.0000,150.0000,54.5625,57.4196,0.00,0.000000,0.000000
43.200,0.0000,150.0000,54.5625,57.4642,0.00,0.000000,0.000000
43.300,0.0000,150.0000,54.6250,57.5087,0.00,0.000000,0.000000
43.400,0.0000,150.0000,54.6875,57.5532,0.00,0.000000,0.000000
43.500,0.0000,150.0000,54.7500,57.5975,0.00,0.000000,0.000000
43.600,0.0000,150.0000,54.8125,57.6417,0.00,0.000000,0.000000
43.700,0.0000,150.0000,54.8750,57.6858,0.00,0.000000,0.000000
43.800,0.0000,150.0000,55.0000,57.7299,0.00,0.000000,0.000000
43.900,0.0000,150.0000,54.9375,57.7738,0.00,0.000000,0.000000
44.000,0.0000,150.0000,55.0625,57.8176,0.00,0.000000,0.000000
44.100,0.0000,150.0000,55.0625,57.8614,0.00,0.000000,0.000000
44.200,0.0000,150.0000,55.0625,57.9050,0.00,0.000000,0.000000
44.300,0.0000,150.0000,55.1875,57.9486,0.00,0.000000,0.000000
44.400,0.0000,150.0000,55.2500,57.9920,0.00,0.000000,0.000000
44.500,0.0000,150.0000,55.2500,58.0354,0.00,0.000000,0.000000
44.600,0.0000,150.0000,55.3125,58.0786,0.00,0.000000,0.000000
44.700,0.0000,150.0000,55.3125,58.1218,0.00,0.000000,0.000000
44.800,0.0000,150.0000,55.3750,58.1648,0.00,0.000000,0.000000
44.900,0.0000,150.0000,55.4375,58.2078,0.00,0.000000,0.000000
45.000,0.0000,150.0000,55.5000,58.2507,0.00,0.000000,0.000000
45.100,0.0000,150.0000,55.5625,58.2935,0.00,0.000000,0.000000
45.200,0.0000,150.0000,55.5625,58.3361,0.00,0.000000,0.000000
45.300,0.0000,150.0000,55.6250,58.3787,0.00,0.000000,0.000000
45.400,0.0000,150.0000,55.7500,58.4212,0.00,0.000000,0.000000
45.500,0.0000,150.0000,55.6875,58.4636,0.00,0.000000,0.000000
45.600,0.0000,150.0000,55.8750,58.5059,0.00,0.000000,0.000000
45.700,0.0000,150.0000,55.8125,58.5481,0.00,0.000000,0.000000
45.800,0.0000,150.0000,55.9375,58.5902,0.00,0.000000,0.000000
45.900,0.0000,150.0000,55.8750,58.6323,0.00,0.000000,0.000000
46.000,0.0000,150.0000,55.9375,58.6742,0.00,0.000000,0.000000
46.100,0.0000,150.0000,56.0625,58.7160,0.00,0.000000,0.000000
46.200,0.0000,150.0000,56.1250,58.7578,0.00,0.000000,0.000000
46.300,0.0000,150.0000,56.1875,58.7994,0.00,0.000000,0.000000
46.400,0.0000,150.0000,56.1250,58.8410,0.00,0.000000,0.000000
46.500,0.0000,150.0000,56.1875,58.8824,0.00,0.000000,0.000000
46.600,0.0000,150.0000,56.2500,58.9238,0.00,0.000000,0.000000
46.700,0.0000,150.0000,56.3750,58.9651,0.00,0.000000,0.000000
46.800,0.0000,150.0000,56.3125,59.0063,0.00,0.000000,0.000000
46.900,0.0000,150.0000,56.3750,59.0474,0.00,0.000000,0.000000
47.000,0.0000,150.0000,56.5000,59.0884,0.00,0.000000,0.000000
47.100,0.0000,150.0000,56.5625,59.1293,0.00,0.000000,0.000000
47.200,0.0000,150.0000,56.6875,59.1701,0.00,0.000000,0.000000
47.300,0.0000,150.0000,56.6250,59.2109,0.00,0.000000,0.000000
47.400,0.0000,150.0000,56.7500,59.2515,0.00,0.000000,0.000000
47.500,0.0000,150.0000,56.7500,59.2920,0.00,0.000000,0.000000
47.600,0.0000,150.0000,56.7500,59.3325,0.00,0.000000,0.000000
47.700,0.0000,150.0000,56.7500,59.3729,0.00,0.000000,0.000000
47.800,0.0000,150.0000,56.8125,59.4132,0.00,0.000000,0.000000
47.900,0.0000,150.0000,56.8750,59.4534,0.00,0.000000,0.000000
48.000,0.0000,150.0000,57.0000,59.4935,0.00,0.000000,0.000000
48.100,0.0000,150.0000,56.9375,59.5335,0.00,0.000000,0.000000
48.200,0.0000,150.0000,57.0000,59.5734,0.00,0.000000,0.000000
48.300,0.0000,150.0000,57.1250,59.6132,0.00,0.000000,0.000000
48.400,0.0000,150.0000,57.2500,59.6530,0.00,0.000000,0.000000
48.500,0.0000,150.0000,57.1250,59.6926,0.00,0.000000,0.000000
48.600,0.0000,150.0000,57.1875,59.7322,0.00,0.000000,0.000000
48.700,0.0000,150.0000,57.2500,59.7717,0.00,0.000000,0.000000
48.800,0.0000,150.0000,57.3750,59.8111,0.00,0.000000,0.000000
48.900,0.0000,150.0000,57.3750,59.8504,0.00,0.000000,0.000000
49.000,0.0000,150.0000,57.3750,59.8896,0.00,0.000000,0.000000
49.100,0.0000,150.0000,57.4375,59.9288,0.00,0.000000,0.000000
49.200,0.0000,150.0000,57.3750,59.9678,0.00,0.000000,0.000000
49.300,0.0000,150.0000,57.5000,60.0068,0.00,0.000000,0.000000
49.400,0.0000,150.0000,57.5000,60.0456,0.00,0.000000,0.000000
49.500,0.0000,150.0000,57.5625,60.0844,0.00,0.000000,0.000000
49.600,0.0000,150.0000,57.6875,60.1231,0.00,0.000000,0.000000
49.700,0.0000,150.0000,57.6875,60.1617,0.00,0.000000,0.000000
49.800,0.0000,150.0000,57.7500,60.2003,0.00,0.000000,0.000000
49.900,0.0000,150.0000,57.7500,60.2387,0.00,0.000000,0.000000
50.000,0.0000,150.0000,57.8750,60.2771,0.00,0.000000,0.000000
50.100,0.0000,150.0000,57.8125,60.3154,0.00,0.000000,0.000000
50.200,0.0000,150.0000,57.8750,60.3535,0.00,0.000000,0.000000
50.300,0.0000,150.0000,57.9375,60.3916,0.00,0.000000,0.000000
50.400,0.0000,150.0000,58.0625,60.4297,0.00,0.000000,0.000000
50.500,0.0000,150.0000,58.0625,60.4676,0.00,0.000000,0.000000
50.600,0.0000,150.0000,58.0625,60.5054,0.00,0.000000,0.000000
50.700,0.0000,150.0000,58.0625,60.5432,0.00,0.000000,0.000000
50.800,0.0000,150.0000,58.1250,60.5809,0.00,0.000000,0.000000
50.900,0.0000,150.0000,58.3125,60.6185,0.00,0.000000,0.000000
51.000,0.0000,150.0000,58.2500,60.6560,0.00,0.000000,0.000000
51.100,0.0000,150.0000,58.3750,60.6934,0.00,0.000000,0.000000
51.200,0.0000,150.0000,58.3750,60.7308,0.00,0.000000,0.000000
51.300,0.0000,150.0000,58.4375,60.7681,0.00,0.000000,0.000000
51.400,0.0000,150.0000,58.4375,60.8052,0.00,0.000000,0.000000
51.500,0.0000,150.0000,58.5625,60.8423,0.00,0.000000,0.000000
51.600,0.0000,150.0000,58.5000,60.8794,0.00,0.000000,0.000000
51.700,0.0000,150.0000,58.5000,60.9163,0.00,0.000000,0.000000
51.800,0.0000,150.0000,58.5000,60.9531,0.00,0.000000,0.000000
51.900,0.0000,150.0000,58.6250,60.9899,0.00,0.000000,0.000000
52.000,0.0000,150.0000,58.6875,61.0266,0.00,0.000000,0.000000
52.100,0.0000,150.0000,58.6875,61.0632,0.00,0.000000,0.000000
52.200,0.0000,150.0000,58.8125,61.0997,0.00,0.000000,0.000000
52.300,0.0000,150.0000,58.8750,61.1362,0.00,0.000000,0.000000
52.400,0.0000,150.0000,58.8125,61.1725,0.00,0.000000,0.000000
52.500,0.0000,150.0000,58.8750,61.2088,0.00,0.000000,0.000000
52.600,0.0000,150.0000,58.9375,61.2450,0.00,0.000000,0.000000
52.700,0.0000,150.0000,58.9375,61.2811,0.00,0.000000,0.000000
52.800,0.0000,150.0000,59.0000,61.3172,0.00,0.000000,0.000000
52.900,0.0000,150.0000,59.0625,61.3532,0.00,0.000000,0.000000
53.000,0.0000,150.0000,59.2500,61.3890,0.00,0.000000,0.000000
53.100,0.0000,150.0000,59.1875,61.4248,0.00,0.000000,0.000000
53.200,0.0000,150.0000,59.1875,61.4606,0.00,0.000000,0.000000
53.300,0.0000,150.0000,59.1875,61.4962,0.00,0.000000,0.000000
53.400,0.0000,150.0000,59.1875,61.5318,0.00,0.000000,0.000000
53.500,0.0000,150.0000,59.3125,61.5673,0.00,0.000000,0.000000
53.600,0.0000,150.0000,59.3750,61.6027,0.00,0.000000,0.000000
53.700,0.0000,150.0000,59.4375,61.6380,0.00,0.000000,0.000000
53.800,0.0000,150.0000,59.4375,61.6732,0.00,0.000000,0.000000
53.900,0.0000,150.0000,59.5000,61.7084,0.00,0.000000,0.000000
54.000,0.0000,150.0000,59.4375,61.7435,0.00,0.000000,0.000000
54.100,0.0000,150.0000,59.5000,61.7785,0.00,0.000000,0.000000
54.200,0.0000,150.0000,59.5625,61.8134,0.00,0.000000,0.000000
54.300,0.0000,150.0000,59.6875,61.8483,0.00,0.000000,0.000000
54.400,0.0000,150.0000,59.6250,61.8831,0.00,0.000000,0.000000
54.500,0.0000,150.0000,59.6875,61.9178,0.00,0.000000,0.000000
54.600,0.0000,150.0000,59.7500,61.9524,0.00,0.000000,0.000000
54.700,0.0000,150.0000,59.7500,61.9870,0.00,0.000000,0.000000
54.800,0.0000,150.0000,59.8125,62.0214,0.00,0.000000,0.000000
54.900,0.0000,150.0000,59.8750,62.0558,0.00,0.000000,0.000000
55.000,0.0000,150.0000,59.8750,62.0902,0.00,0.000000,0.000000
55.100,0.0000,150.0000,59.8750,62.1244,0.00,0.000000,0.000000
55.200,0.0000,150.0000,59.9375,62.1586,0.00,0.000000,0.000000
55.300,0.0000,150.0000,60.0000,62.1927,0.00,0.000000,0.000000
55.400,0.0000,150.0000,60.0625,62.2267,0.00,0.000000,0.000000
55.500,0.0000,150.0000,60.0625,62.2606,0.00,0.000000,0.000000
55.600,0.0000,150.0000,60.1250,62.2945,0.00,0.000000,0.000000
55.700,0.0000,150.0000,60.1875,62.3283,0.00,0.000000,0.000000
55.800,0.0000,150.0000,60.1875,62.3620,0.00,0.000000,0.000000
55.900,0.0000,150.0000,60.3125,62.3956,0.00,0.000000,0.000000
56.000,0.0000,150.0000,60.2500,62.4292,0.00,0.000000,0.000000
56.100,0.0000,150.0000,60.3125,62.4627,0.00,0.000000,0.000000
56.200,0.0000,150.0000,60.3750,62.4961,0.00,0.000000,0.000000
56.300,0.0000,150.0000,60.3750,62.5294,0.00,0.000000,0.000000
56.400,0.0000,150.0000,60.4375,62.5627,0.00,0.000000,0.000000
56.500,0.0000,150.0000,60.4375,62.5959,0.00,0.000000,0.000000
56.600,0.0000,150.0000,60.4375,62.6290,0.00,0.000000,0.000000
56.700,0.0000,150.0000,60.5625,62.6621,0.00,0.000000,0.000000
56.800,0.0000,150.0000,60.5625,62.6950,0.00,0.000000,0.000000
56.900,0.0000,150.0000,60.6875,62.7279,0.00,0.000000,0.000000
57.000,0.0000,150.0000,60.6875,62.7608,0.00,0.000000,0.000000
57.100,0.0000,150.0000,60.6875,62.7935,0.00,0.000000,0.000000
57.200,0.0000,150.0000,60.8125,62.8262,0.00,0.000000,0.000000
57.300,0.0000,150.0000,60.7500,62.8588,0.00,0.000000,0.000000
57.400,0.0000,150.0000,60.7500,62.8914,0.00,0.000000,0.000000
57.500,0.0000,150.0000,60.8750,62.9238,0.00,0.000000,0.000000
57.600,0.0000,150.0000,60.8125,62.9562,0.00,0.000000,0.000000
57.700,0.0000,150.0000,60.9375,62.9885,0.00,0.000000,0.000000
57.800,0.0000,150.0000,61.0000,63.0208,0.00,0.000000,0.000000
57.900,0.0000,150.0000,61.0625,63.0530,0.00,0.000000,0.000000
58.000,0.0000,150.0000,61.0625,63.0851,0.00,0.000000,0.000000
58.100,0.0000,150.0000,61.1250,63.1171,0.00,0.000000,0.000000
58.200,0.0000,150.0000,61.0625,63.1491,0.00,0.000000,0.000000
58.300,0.0000,150.0000,61.1875,63.1809,0.00,0.000000,0.000000
58.400,0.0000,150.0000,61.1875,63.2128,0.00,0.000000,0.000000
58.500,0.0000,150.0000,61.1875,63.2445,0.00,0.000000,0.000000
58.600,0.0000,150.0000,61.2500,63.2762,0.00,0.000000,0.000000
58.700,0.0000,150.0000,61.3125,63.3078,0.00,0.000000,0.000000
58.800,0.0000,150.0000,61.3750,63.3393,0.00,0.000000,0.000000
58.900,0.0000,150.0000,61.3750,63.3708,0.00,0.000000,0.000000
59.000,0.0000,150.0000,61.3750,63.4022,0.00,0.000000,0.000000
59.100,0.0000,150.0000,61.3750,63.4335,0.00,0.000000,0.000000
59.200,0.0000,150.0000,61.4375,63.4648,0.00,0.000000,0.000000
59.300,0.0000,150.0000,61.4375,63.4960,0.00,0.000000,0.000000
59.400,0.0000,150.0000,61.4375,63.5271,0.00,0.000000,0.000000
59.500,0.0000,150.0000,61.5625,63.5582,0.00,0.000000,0.000000
59.600,0.0000,150.0000,61.6875,63.5891,0.00,0.000000,0.000000
59.700,0.0000,150.0000,61.6250,63.6200,0.00,0.000000,0.000000
59.800,0.0000,150.0000,61.6875,63.6509,0.00,0.000000,0.000000
59.900,0.0000,150.0000,61.7500,63.6817,0.00,0.000000,0.000000
60.000,0.0000,150.0000,61.7500,63.7124,0.00,0.000000,0.000000
60.100,0.0000,150.0000,61.8125,63.7430,0.00,0.000000,0.000000
60.200,0.0000,150.0000,61.8750,63.7736,0.00,0.000000,0.000000
60.300,0.0000,150.0000,61.8750,63.8041,0.00,0.000000,0.000000
60.400,0.0000,150.0000,61.8125,63.8345,0.00,0.000000,0.000000
60.500,0.0000,150.0000,61.8750,63.8649,0.00,0.000000,0.000000
60.600,0.0000,150.0000,61.9375,63.8952,0.00,0.000000,0.000000
60.700,0.0000,150.0000,62.0000,63.9254,0.00,0.000000,0.000000
60.800,0.0000,150.0000,62.0000,63.9556,0.00,0.000000,0.000000
60.900,0.0000,150.0000,62.0625,63.9857,0.00,0.000000,0.000000
61.000,0.0000,150.0000,62.1250,64.0157,0.00,0.000000,0.000000
61.100,0.0000,150.0000,62.0625,64.0457,0.00,0.000000,0.000000
61.200,0.0000,150.0000,62.1250,64.0756,0.00,0.000000,0.000000
61.300,0.0000,150.0000,62.1875,64.1054,0.00,0.000000,0.000000
61.400,0.0000,150.0000,62.1875,64.1352,0.00,0.000000,0.000000
61.500,0.0000,150.0000,62.2500,64.1649,0.00,0.000000,0.000000
61.600,0.0000,150.0000,62.2500,64.1945,0.00,0.000000,0.000000
61.700,0.0000,150.0000,62.3125,64.2241,0.00,0.000000,0.000000
61.800,0.0000,150.0000,62.3750,64.2536,0.00,0.000000,0.000000
61.900,0.0000,150.0000,62.4375,64.2830,0.00,0.000000,0.000000
62.000,0.0000,150.0000,62.4375,64.3124,0.00,0.000000,0.000000
62.100,0.0000,150.0000,62.5000,64.3417,0.00,0.000000,0.000000
62.200,0.0000,150.0000,62.5000,64.3709,0.00,0.000000,0.000000
62.300,0.0000,150.0000,62.5000,64.4001,0.00,0.000000,0.000000
62.400,0.0000,150.0000,62.6250,64.4292,0.00,0.000000,0.000000
62.500,0.0000,150.0000,62.6250,64.4583,0.00,0.000000,0.000000
62.600,0.0000,150.0000,62.6875,64.4873,0.00,0.000000,0.000000
62.700,0.0000,150.0000,62.6250,64.5162,0.00,0.000000,0.000000
62.800,0.0000,150.0000,62.7500,64.5450,0.00,0.000000,0.000000
62.900,0.0000,150.0000,62.6875,64.5738,0.00,0.000000,0.000000
63.000,0.0000,150.0000,62.6875,64.6025,0.00,0.000000,0.000000
63.100,0.0000,150.0000,62.8125,64.6312,0.00,0.000000,0.000000
63.200,0.0000,150.0000,62.8125,64.6598,0.00,0.000000,0.000000
63.300,0.0000,150.0000,62.7500,64.6883,0.00,0.000000,0.000000
63.400,0.0000,150.0000,62.9375,64.7168,0.00,0.000000,0.000000
63.500,0.0000,150.0000,62.8125,64.7452,0.00,0.000000,0.000000
63.600,0.0000,150.0000,62.9375,64.7736,0.00,0.000000,0.000000
63.700,0.0000,150.0000,63.0000,64.8018,0.00,0.000000,0.000000
63.800,0.0000,150.0000,63.0625,64.8300,0.00,0.000000,0.000000
63.900,0.0000,150.0000,63.1250,64.8582,0.00,0.000000,0.000000
64.000,0.0000,150.0000,63.1250,64.8863,0.00,0.000000,0.000000
64.100,0.0000,150.0000,63.1875,64.9143,0.00,0.000000,0.000000
64.200,0.0000,150.0000,63.1875,64.9423,0.00,0.000000,0.000000
64.300,0.0000,150.0000,63.1250,64.9702,0.00,0.000000,0.000000
64.400,0.0000,150.0000,63.1250,64.9980,0.00,0.000000,0.000000
64.500,0.0000,150.0000,63.2500,65.0258,0.00,0.000000,0.000000
64.600,0.0000,150.0000,63.2500,65.0535,0.00,0.000000,0.000000
64.700,0.0000,150.0000,63.1875,65.0812,0.00,0.000000,0.000000
64.800,0.0000,150.0000,63.3125,65.1088,0.00,0.000000,0.000000
64.900,0.0000,150.0000,63.3750,65.1363,0.00,0.000000,0.000000
65.000,0.0000,150.0000,63.4375,65.1638,0.00,0.000000,0.000000
65.100,0.0000,150.0000,63.5000,65.1912,0.00,0.000000,0.000000
65.200,0.0000,150.0000,63.4375,65.2186,0.00,0.000000,0.000000
65.300,0.0000,150.0000,63.5000,65.2459,0.00,0.000000,0.000000
65.400,0.0000,150.0000,63.5625,65.2731,0.00,0.000000,0.000000
65.500,0.0000,150.0000,63.5625,65.3003,0.00,0.000000,0.000000
65.600,0.0000,150.0000,63.5000,65.3274,0.00,0.000000,0.000000
65.700,0.0000,150.0000,63.5625,65.3544,0.00,0.000000,0.000000
65.800,0.0000,150.0000,63.6250,65.3814,0.00,0.000000,0.000000
65.900,0.0000,150.0000,63.7500,65.4084,0.00,0.000000,0.000000
66.000,0.0000,150.0000,63.6875,65.4352,0.00,0.000000,0.000000
66.100,0.0000,150.0000,63.8125,65.4620,0.00,0.000000,0.000000
66.200,0.0000,150.0000,63.7500,65.4888,0.00,0.000000,0.000000
66.300,0.0000,150.0000,63.8750,65.5155,0.00,0.000000,0.000000
66.400,0.0000,150.0000,63.8750,65.5421,0.00,0.000000,0.000000
66.500,0.0000,150.0000,63.8750,65.5687,0.00,0.000000,0.000000
66.600,0.0000,150.0000,63.8750,65.5952,0.00,0.000000,0.000000
66.700,0.0000,150.0000,64.0000,65.6217,0.00,0.000000,0.000000
66.800,0.0000,150.0000,64.0000,65.6481,0.00,0.000000,0.000000
66.900,0.0000,150.0000,63.9375,65.6744,0.00,0.000000,0.000000
67.000,0.0000,150.0000,64.0625,65.7007,0.00,0.000000,0.000000
67.100,0.0000,150.0000,64.0625,65.7269,0.00,0.000000,0.000000
67.200,0.0000,150.0000,64.0625,65.7531,0.00,0.000000,0.000000
67.300,0.0000,150.0000,64.0625,65.7792,0.00,0.000000,0.000000
67.400,0.0000,150.0000,64.0625,65.8052,0.00,0.000000,0.000000
67.500,0.0000,150.0000,64.1875,65.8312,0.00,0.000000,0.000000
67.600,0.0000,150.0000,64.1875,65.8571,0.00,0.000000,0.000000
67.700,0.0000,150.0000,64.1875,65.8830,0.00,0.000000,0.000000
67.800,0.0000,150.0000,64.2500,65.9088,0.00,0.000000,0.000000
67.900,0.0000,150.0000,64.2500,65.9346,0.00,0.000000,0.000000
68.000,0.0000,150.0000,64.4375,65.9603,0.00,0.000000,0.000000
68.100,0.0000,150.0000,64.3125,65.9859,0.00,0.000000,0.000000
68.200,0.0000,150.0000,64.3125,66.0115,0.00,0.000000,0.000000
68.300,0.0000,150.0000,64.5000,66.0370,0.00,0.000000,0.000000
68.400,0.0000,150.0000,64.4375,66.0625,0.00,0.000000,0.000000
68.500,0.0000,150.0000,64.5000,66.0879,0.00,0.000000,0.000000
68.600,0.0000,150.0000,64.5000,66.1133,0.00,0.000000,0.000000
68.700,0.0000,150.0000,64.5000,66.1386,0.00,0.000000,0.000000
68.800,0.0000,150.0000,64.5625,66.1638,0.00,0.000000,0.000000
68.900,0.0000,150.0000,64.5625,66.1890,0.00,0.000000,0.000000
69.000,0.0000,150.0000,64.6875,66.2142,0.00,0.000000,0.000000
69.100,0.0000,150.0000,64.6875,66.2392,0.00,0.000000,0.000000
69.200,0.0000,150.0000,64.7500,66.2643,0.00,0.000000,0.000000
69.300,0.0000,150.0000,64.6250,66.2892,0.00,0.000000,0.000000
69.400,0.0000,150.0000,64.7500,66.3141,0.00,0.000000,0.000000
69.500,0.0000,150.0000,64.7500,66.3390,0.00,0.000000,0.000000
69.600,0.0000,150.0000,64.8125,66.3638,0.00,0.000000,0.000000
69.700,0.0000,150.0000,64.8750,66.3886,0.00,0.000000,0.000000
69.800,0.0000,150.0000,64.8125,66.4132,0.00,0.000000,0.000000
69.900,0.0000,150.0000,64.8750,66.4379,0.00,0.000000,0.000000
70.000,0.0000,150.0000,64.8125,66.4625,0.00,0.000000,0.000000
70.100,0.0000,150.0000,64.9375,66.4870,0.00,0.000000,0.000000
70.200,0.0000,150.0000,64.8750,66.5115,0.00,0.000000,0.000000
70.300,0.0000,150.0000,64.9375,66.5359,0.00,0.000000,0.000000
70.400,0.0000,150.0000,64.8750,66.5602,0.00,0.000000,0.000000
70.500,0.0000,150.0000,65.0000,66.5846,0.00,0.000000,0.000000
70.600,0.0000,150.0000,65.0625,66.6088,0.00,0.000000,0.000000
70.700,0.0000,150.0000,65.0000,66.6330,0.00,0.000000,0.000000
70.800,0.0000,150.0000,65.0000,66.6572,0.00,0.000000,0.000000
70.900,0.0000,150.0000,65.1250,66.6813,0.00,0.000000,0.000000
71.000,0.3491,150.0000,65.1875,66.7053,0.00,0.000000,0.007762
71.100,0.3491,150.0000,65.1875,66.7293,0.00,0.000000,0.007762
71.200,0.3491,150.0000,65.1250,66.7532,0.00,0.000000,0.007762
71.300,0.3491,150.0000,65.3125,66.7771,0.00,0.000000,0.007762
71.400,0.3491,150.0000,65.2500,66.8009,0.00,0.000000,0.007762
71.500,0.3491,150.0000,65.4375,66.8247,0.00,0.000000,0.007762
71.600,0.3491,150.0000,65.2500,66.8484,0.00,0.000000,0.007762
71.700,0.3491,150.0000,65.4375,66.8721,0.00,0.000000,0.007762
71.800,0.3491,150.0000,65.4375,66.8957,0.00,0.000000,0.007762
71.900,0.3491,150.0000,65.5000,66.9193,0.00,0.000000,0.007762
72.000,1.4040,150.0000,65.4375,66.9428,0.00,0.000000,0.038809
72.100,1.4040,150.0000,65.5000,66.9663,0.00,0.000000,0.038809
72.200,1.4040,150.0000,65.5625,66.9897,0.00,0.000000,0.038809
72.300,1.4040,150.0000,65.5625,67.0130,0.00,0.000000,0.038809
72.400,1.4040,150.0000,65.5000,67.0363,0.00,0.000000,0.038809
72.500,1.4040,150.0000,65.5625,67.0596,0.00,0.000000,0.038809
72.600,1.4040,150.0000,65.5625,67.0828,0.00,0.000000,0.038809
72.700,1.4040,150.0000,65.6250,67.1059,0.00,0.000000,0.038809
72.800,1.4040,150.0000,65.6875,67.1290,0.00,0.000000,0.038809
72.900,1.4040,150.0000,65.6250,67.1521,0.00,0.000000,0.038809
73.000,1.7841,150.0000,65.6875,67.1751,0.00,0.000000,0.077617
73.100,1.7841,150.0000,65.7500,67.1980,0.00,0.000000,0.077617
73.200,1.7841,150.0000,65.8750,67.2209,0.00,0.000000,0.077617
73.300,1.7841,150.0000,65.8125,67.2438,0.00,0.000000,0.077617
73.400,1.7841,150.0000,65.8125,67.2665,0.00,0.000000,0.077617
73.500,1.7841,150.0000,65.8750,67.2893,0.00,0.000000,0.077617
73.600,1.7841,150.0000,65.8750,67.3120,0.00,0.000000,0.077617
73.700,1.7841,150.0000,65.8750,67.3346,0.00,0.000000,0.077617
73.800,1.7841,150.0000,65.8750,67.3572,0.00,0.000000,0.077617
73.900,1.7841,150.0000,65.9375,67.3797,0.00,0.000000,0.077617
74.000,2.6956,150.0000,66.0000,67.4022,0.00,0.000000,0.135830
74.100,2.6956,150.0000,65.9375,67.4247,0.00,0.000000,0.135830
74.200,2.6956,150.0000,66.0000,67.4471,0.00,0.000000,0.135830
74.300,2.6956,150.0000,66.0000,67.4694,0.00,0.000000,0.135830
74.400,2.6956,150.0000,66.0000,67.4917,0.00,0.000000,0.135830
74.500,2.6956,150.0000,66.1250,67.5139,0.00,0.000000,0.135830
74.600,2.6956,150.0000,66.1250,67.5361,0.00,0.000000,0.135830
74.700,2.6956,150.0000,66.1250,67.5583,0.00,0.000000,0.135830
74.800,2.6956,150.0000,66.1875,67.5804,0.00,0.000000,0.135830
74.900,2.6956,150.0000,66.1875,67.6024,0.00,0.000000,0.135830
75.000,3.4519,150.0000,66.2500,67.6244,0.00,0.000000,0.209567
75.100,3.4519,150.0000,66.2500,67.6463,0.00,0.000000,0.209567
75.200,3.4519,150.0000,66.2500,67.6682,0.00,0.000000,0.209567
75.300,3.4519,150.0000,66.2500,67.6901,0.00,0.000000,0.209567
75.400,3.4519,150.0000,66.3125,67.7119,0.00,0.000000,0.209567
75.500,3.4519,150.0000,66.3750,67.7336,0.00,0.000000,0.209567
75.600,3.4519,150.0000,66.3750,67.7553,0.00,0.000000,0.209567
75.700,3.4519,150.0000,66.3125,67.7770,0.00,0.000000,0.209567
75.800,3.4519,150.0000,66.3750,67.7986,0.00,0.000000,0.209567
75.900,3.4519,150.0000,66.3750,67.8202,0.00,0.000000,0.209567
76.000,4.0492,150.0000,66.3750,67.8417,0.00,0.000000,0.294946
76.100,4.0492,150.0000,66.4375,67.8631,0.00,0.000000,0.294946
76.200,4.0492,150.0000,66.5625,67.8846,0.00,0.000000,0.294946
76.300,4.0492,150.0000,66.5000,67.9059,0.00,0.000000,0.294946
76.400,4.0492,150.0000,66.6250,67.9272,0.00,0.000000,0.294946
76.500,4.0492,150.0000,66.6250,67.9485,0.00,0.000000,0.294946
76.600,4.0492,150.0000,66.6250,67.9697,0.00,0.000000,0.294946
76.700,4.0492,150.0000,66.6250,67.9909,0.00,0.000000,0.294946
76.800,4.0492,150.0000,66.6250,68.0120,0.00,0.000000,0.294946
76.900,4.0492,150.0000,66.7500,68.0331,0.00,0.000000,0.294946
77.000,5.1818,150.0000,66.6250,68.0542,0.00,0.000000,0.403610
77.100,5.1818,150.0000,66.7500,68.0752,0.00,0.000000,0.403610
77.200,5.1818,150.0000,66.7500,68.0961,0.00,0.000000,0.403610
77.300,5.1818,150.0000,66.8125,68.1170,0.00,0.000000,0.403610
77.400,5.1818,150.0000,66.8125,68.1379,0.00,0.000000,0.403610
77.500,5.1818,150.0000,66.8125,68.1587,0.00,0.000000,0.403610
77.600,5.1818,150.0000,66.9375,68.1794,0.00,0.000000,0.403610
77.700,5.1818,150.0000,66.8125,68.2001,0.00,0.000000,0.403610
77.800,5.1818,150.0000,66.9375,68.2208,0.00,0.000000,0.403610
77.900,5.1818,150.0000,66.8750,68.2414,0.00,0.000000,0.403610
78.000,5.6395,150.0000,67.0000,68.2620,0.00,0.000000,0.520036
78.100,5.6395,150.0000,66.9375,68.2825,0.00,0.000000,0.520036
78.200,5.6395,150.0000,66.9375,68.3030,0.00,0.000000,0.520036
78.300,5.6395,150.0000,66.9375,68.3234,0.00,0.000000,0.520036
78.400,5.6395,150.0000,67.0000,68.3438,0.00,0.000000,0.520036
78.500,5.6395,150.0000,67.1250,68.3642,0.00,0.000000,0.520036
78.600,5.6395,150.0000,67.0625,68.3845,0.00,0.000000,0.520036
78.700,5.6395,150.0000,67.0625,68.4047,0.00,0.000000,0.520036
78.800,5.6395,150.0000,67.1250,68.4250,0.00,0.000000,0.520036
78.900,5.6395,150.0000,67.1250,68.4451,0.00,0.000000,0.520036
79.000,6.4541,150.0000,67.2500,68.4652,0.00,0.000000,0.651986
79.100,6.4541,150.0000,67.2500,68.4853,0.00,0.000000,0.651986
79.200,6.4541,150.0000,67.3125,68.5053,0.00,0.000000,0.651986
79.300,6.4541,150.0000,67.2500,68.5253,0.00,0.000000,0.651986
79.400,6.4541,150.0000,67.2500,68.5453,0.00,0.000000,0.651986
79.500,6.4541,150.0000,67.3750,68.5652,0.00,0.000000,0.651986
79.600,6.4541,150.0000,67.2500,68.5850,0.00,0.000000,0.651986
79.700,6.4541,150.0000,67.3750,68.6048,0.00,0.000000,0.651986
79.800,6.4541,150.0000,67.4375,68.6246,0.00,0.000000,0.651986
79.900,6.4541,150.0000,67.4375,68.6443,0.00,0.000000,0.651986
80.000,7.4587,150.0000,67.2500,68.6640,0.00,0.000000,0.803340
80.100,7.4587,150.0000,67.4375,68.6837,0.00,0.000000,0.803340
80.200,7.4587,150.0000,67.4375,68.7032,0.00,0.000000,0.803340
80.300,7.4587,150.0000,67.3750,68.7228,0.00,0.000000,0.803340
80.400,7.4587,150.0000,67.5625,68.7423,0.00,0.000000,0.803340
80.500,7.4587,150.0000,67.5000,68.7618,0.00,0.000000,0.803340
80.600,7.4587,150.0000,67.5000,68.7812,0.00,0.000000,0.803340
80.700,7.4587,150.0000,67.5625,68.8006,0.00,0.000000,0.803340
80.800,7.4587,150.0000,67.5625,68.8199,0.00,0.000000,0.803340
80.900,7.4587,150.0000,67.5625,68.8392,0.00,0.000000,0.803340
81.000,7.9591,150.0000,67.6250,68.8584,0.00,0.000000,0.962455
81.100,7.9591,150.0000,67.6250,68.8776,0.00,0.000000,0.962455
81.200,7.9591,150.0000,67.6875,68.8968,0.00,0.000000,0.962455
81.300,7.9591,150.0000,67.6875,68.9159,0.00,0.000000,0.962455
81.400,7.9591,150.0000,67.6875,68.9350,0.00,0.000000,0.962455
81.500,7.9591,150.0000,67.6875,68.9540,0.00,0.000000,0.962455
81.600,7.9591,150.0000,67.7500,68.9730,0.00,0.000000,0.962455
81.700,7.9591,150.0000,67.7500,68.9920,0.00,0.000000,0.962455
81.800,7.9591,150.0000,67.7500,69.0109,0.00,0.000000,0.962455
81.900,7.9591,150.0000,67.8750,69.0297,0.00,0.000000,0.962455
82.000,8.9909,150.0000,67.7500,69.0485,0.00,0.000000,1.140975
82.100,8.9909,150.0000,67.8125,69.0673,0.00,0.000000,1.140975
82.200,8.9909,150.0000,67.8750,69.0861,0.00,0.000000,1.140975
82.300,8.9909,150.0000,67.8125,69.1048,0.00,0.000000,1.140975
82.400,8.9909,150.0000,68.0000,69.1234,0.00,0.000000,1.140975
82.500,8.9909,150.0000,68.0000,69.1420,0.00,0.000000,1.140975
82.600,8.9909,150.0000,68.0000,69.1606,0.00,0.000000,1.140975
82.700,8.9909,150.0000,68.0625,69.1791,0.00,0.000000,1.140975
82.800,8.9909,150.0000,68.0625,69.1976,0.00,0.000000,1.140975
82.900,8.9909,150.0000,68.0625,69.2161,0.00,0.000000,1.140975
83.000,9.6930,150.0000,68.1250,69.2345,0.00,0.000000,1.331138
83.100,9.6930,150.0000,68.1250,69.2529,0.00,0.000000,1.331138
83.200,9.6930,150.0000,68.1250,69.2712,0.00,0.000000,1.331138
83.300,9.6930,150.0000,68.0625,69.2895,0.00,0.000000,1.331138
83.400,9.6930,150.0000,68.0625,69.3077,0.00,0.000000,1.331138
83.500,9.6930,150.0000,68.0625,69.3259,0.00,0.000000,1.331138
83.600,9.6930,150.0000,68.1875,69.3441,0.00,0.000000,1.331138
83.700,9.6930,150.0000,68.1875,69.3622,0.00,0.000000,1.331138
83.800,9.6930,150.0000,68.2500,69.3803,0.00,0.000000,1.331138
83.900,9.6930,150.0000,68.1875,69.3983,0.00,0.000000,1.331138
84.000,10.2322,150.0000,68.3750,69.4163,0.00,0.000000,1.529062
84.100,10.2322,150.0000,68.2500,69.4343,0.00,0.000000,1.529062
84.200,10.2322,150.0000,68.2500,69.4522,0.00,0.000000,1.529062
84.300,10.2322,150.0000,68.2500,69.4701,0.00,0.000000,1.529062
84.400,10.2322,150.0000,68.3750,69.4880,0.00,0.000000,1.529062
84.500,10.2322,150.0000,68.4375,69.5058,0.00,0.000000,1.529062
84.600,10.2322,150.0000,68.4375,69.5235,0.00,0.000000,1.529062
84.700,10.2322,150.0000,68.5000,69.5413,0.00,0.000000,1.529062
84.800,10.2322,150.0000,68.4375,69.5589,0.00,0.000000,1.529062
84.900,10.2322,150.0000,68.5000,69.5766,0.00,0.000000,1.529062
85.000,11.3028,150.0000,68.5000,69.5942,0.00,0.000000,1.746390
85.100,11.3028,150.0000,68.5000,69.6118,0.00,0.000000,1.746390
85.200,11.3028,150.0000,68.5000,69.6293,0.00,0.000000,1.746390
85.300,11.3028,150.0000,68.5000,69.6468,0.00,0.000000,1.746390
85.400,11.3028,150.0000,68.6250,69.6642,0.00,0.000000,1.746390
85.500,11.3028,150.0000,68.6250,69.6816,0.00,0.000000,1.746390
85.600,11.3028,150.0000,68.6250,69.6990,0.00,0.000000,1.746390
85.700,11.3028,150.0000,68.5625,69.7164,0.00,0.000000,1.746390
85.800,11.3028,150.0000,68.6250,69.7337,0.00,0.000000,1.746390
85.900,11.3028,150.0000,68.6875,69.7509,0.00,0.000000,1.746390
86.000,12.0437,150.0000,68.7500,69.7665,120.44,0.000001,1.975362
86.100,12.0437,150.0000,68.7500,69.7810,232.84,0.000004,1.975362
86.200,12.0437,150.0000,68.7500,69.7944,337.76,0.000011,1.975362
86.300,12.0437,150.0000,68.6250,69.8070,435.68,0.000025,1.975362
86.400,12.0437,150.0000,68.8125,69.8189,527.07,0.000043,1.975362
86.500,12.0437,150.0000,68.8125,69.8300,612.37,0.000068,1.975362
86.600,12.0437,150.0000,68.6875,69.8405,691.98,0.000098,1.975362
86.700,12.0437,150.0000,68.8750,69.8504,766.29,0.000133,1.975362
86.800,12.0437,150.0000,68.7500,69.8598,835.64,0.000173,1.975362
86.900,12.0437,150.0000,68.8750,69.8687,900.36,0.000216,1.975362
87.000,12.7962,150.0000,68.8750,69.8771,968.30,0.000269,2.215975
87.100,12.7962,150.0000,68.9375,69.8850,1031.71,0.000325,2.215975
87.200,12.7962,150.0000,68.8750,69.8925,1090.89,0.000385,2.215975
87.300,12.7962,150.0000,68.8750,69.8997,1146.13,0.000446,2.215975
87.400,12.7962,150.0000,68.8750,69.9064,1197.68,0.000509,2.215975
87.500,12.7962,150.0000,68.8750,69.9128,1245.80,0.000573,2.215975
87.600,12.7962,150.0000,68.9375,69.9189,1290.71,0.000637,2.215975
87.700,12.7962,150.0000,68.9375,69.9247,1332.62,0.000701,2.215975
87.800,12.7962,150.0000,69.0000,69.9302,1371.75,0.000765,2.215975
87.900,12.7962,150.0000,69.0625,69.9355,1408.26,0.000828,2.215975
88.000,13.5604,150.0000,69.0625,69.9405,1449.98,0.000903,2.468232
88.100,13.5604,150.0000,69.0000,69.9452,1488.92,0.000978,2.468232
88.200,13.5604,150.0000,69.0625,69.9496,1525.26,0.001051,2.468232
88.300,13.5604,150.0000,69.1875,69.9539,1559.18,0.001123,2.468232
88.400,13.5604,150.0000,69.1875,69.9579,1590.84,0.001193,2.468232
88.500,13.5604,150.0000,69.1875,69.9618,1620.39,0.001261,2.468232
88.600,13.5604,150.0000,69.1250,69.9654,1647.97,0.001326,2.468232
88.700,13.5604,150.0000,69.3125,69.9689,1673.71,0.001389,2.468232
88.800,13.5604,150.0000,69.1250,69.9722,1697.73,0.001450,2.468232
88.900,13.5604,150.0000,69.2500,69.9754,1720.15,0.001508,2.468232
89.000,14.3363,150.0000,69.2500,69.9784,1748.84,0.001585,2.732131
89.100,14.3363,150.0000,69.2500,69.9812,1775.61,0.001659,2.732131
89.200,14.3363,150.0000,69.2500,69.9838,1800.60,0.001730,2.732131
89.300,14.3363,150.0000,69.3750,69.9863,1823.93,0.001798,2.732131
89.400,14.3363,150.0000,69.3750,69.9887,1845.69,0.001863,2.732131
89.500,14.3363,150.0000,69.3125,69.9909,1866.01,0.001925,2.732131
89.600,14.3363,150.0000,69.4375,69.9930,1884.97,0.001984,2.732131
89.700,14.3363,150.0000,69.2500,69.9950,1902.67,0.002041,2.732131
89.800,14.3363,150.0000,69.3125,69.9969,1919.19,0.002094,2.732131
89.900,14.3363,150.0000,69.3750,69.9986,1934.61,0.002145,2.732131
90.000,14.9493,150.0000,69.3125,70.0003,1955.12,0.002214,3.003791
90.100,14.9493,150.0000,69.4375,70.0018,1974.28,0.002280,3.003791
90.200,14.9493,150.0000,69.4375,70.0032,1992.15,0.002343,3.003791
90.300,14.9493,150.0000,69.5000,70.0045,2008.83,0.002402,3.003791
90.400,14.9493,150.0000,69.5625,70.0057,2024.40,0.002458,3.003791
90.500,14.9493,150.0000,69.5000,70.0069,2038.94,0.002512,3.003791
90.600,14.9493,150.0000,69.5000,70.0079,2052.50,0.002562,3.003791
90.700,14.9493,150.0000,69.5625,70.0089,2065.16,0.002610,3.003791
90.800,14.9493,150.0000,69.5625,70.0097,2076.97,0.002655,3.003791
90.900,14.9493,150.0000,69.5000,70.0106,2088.00,0.002697,3.003791
91.000,15.5700,150.0000,69.6250,70.0113,2104.50,0.002762,3.283214
91.100,15.5700,150.0000,69.5000,70.0119,2119.90,0.002823,3.283214
91.200,15.5700,150.0000,69.6875,70.0124,2134.27,0.002881,3.283214
91.300,15.5700,150.0000,69.5625,70.0129,2147.69,0.002935,3.283214
91.400,15.5700,150.0000,69.6250,70.0132,2160.21,0.002987,3.283214
91.500,15.5700,150.0000,69.5625,70.0135,2171.89,0.003036,3.283214
91.600,15.5700,150.0000,69.6875,70.0138,2182.80,0.003082,3.283214
91.700,15.5700,150.0000,69.6250,70.0139,2192.98,0.003125,3.283214
91.800,15.5700,150.0000,69.6875,70.0140,2202.48,0.003166,3.283214
91.900,15.5700,150.0000,69.6250,70.0141,2211.35,0.003204,3.283214
92.000,16.1985,150.0000,69.6875,70.0141,2225.91,0.003268,3.570398
92.100,16.1985,150.0000,69.6250,70.0140,2239.50,0.003328,3.570398
92.200,16.1985,150.0000,69.6250,70.0138,2252.19,0.003385,3.570398
92.300,16.1985,150.0000,69.6250,70.0135,2264.03,0.003439,3.570398
92.400,16.1985,150.0000,69.6250,70.0132,2275.07,0.003489,3.570398
92.500,16.1985,150.0000,69.7500,70.0128,2285.39,0.003537,3.570398
92.600,16.1985,150.0000,69.6875,70.0124,2295.01,0.003582,3.570398
92.700,16.1985,150.0000,69.8750,70.0119,2304.00,0.003624,3.570398
92.800,16.1985,150.0000,69.6875,70.0114,2312.38,0.003664,3.570398
92.900,16.1985,150.0000,69.7500,70.0108,2320.21,0.003701,3.570398
93.000,16.8347,150.0000,69.8125,70.0101,2333.87,0.003767,3.865344
93.100,16.8347,150.0000,69.8125,70.0094,2346.63,0.003829,3.865344
93.200,16.8347,150.0000,69.7500,70.0086,2358.53,0.003887,3.865344
93.300,16.8347,150.0000,69.8125,70.0077,2369.65,0.003943,3.865344
93.400,16.8347,150.0000,69.7500,70.0068,2380.02,0.003995,3.865344
93.500,16.8347,150.0000,69.8125,70.0058,2389.70,0.004043,3.865344
93.600,16.8347,150.0000,69.7500,70.0048,2398.73,0.004090,3.865344
93.700,16.8347,150.0000,69.8750,70.0037,2407.16,0.004133,3.865344
93.800,16.8347,150.0000,69.7500,70.0025,2415.03,0.004173,3.865344
93.900,16.8347,150.0000,69.8750,70.0014,2422.38,0.004212,3.865344
94.000,17.4787,150.0000,69.8750,70.0001,2435.67,0.004281,4.168052
94.100,17.4787,150.0000,69.9375,69.9988,2448.08,0.004347,4.168052
94.200,17.4787,150.0000,69.8750,69.9974,2459.66,0.004409,4.168052
94.300,17.4787,150.0000,69.8125,69.9960,2470.47,0.004468,4.168052
94.400,17.4787,150.0000,69.8750,69.9945,2480.56,0.004522,4.168052
94.500,17.4787,150.0000,69.8750,69.9930,2489.98,0.004574,4.168052
94.600,17.4787,150.0000,69.9375,69.9914,2498.77,0.004623,4.168052
94.700,17.4787,150.0000,69.8750,69.9897,2506.97,0.004668,4.168052
94.800,17.4787,150.0000,69.9375,69.9880,2514.62,0.004711,4.168052
94.900,17.4787,150.0000,69.8125,69.9863,2521.77,0.004752,4.168052
95.000,17.6069,150.0000,70.0000,69.9846,2529.72,0.004797,4.466878
95.100,17.6069,150.0000,69.8125,69.9828,2537.14,0.004839,4.466878
95.200,17.6069,150.0000,69.8750,69.9809,2544.07,0.004879,4.466878
95.300,17.6069,150.0000,69.8750,69.9791,2550.53,0.004916,4.466878
95.400,17.6069,150.0000,69.8125,69.9772,2556.57,0.004951,4.466878
95.500,17.6069,150.0000,69.9375,69.9752,2562.20,0.004984,4.466878
95.600,17.6069,150.0000,69.9375,69.9733,2567.45,0.005015,4.466878
95.700,17.6069,150.0000,69.9375,69.9713,2572.36,0.005043,4.466878
95.800,17.6069,150.0000,69.9375,69.9693,2576.94,0.005070,4.466878
95.900,17.6069,150.0000,69.9375,69.9673,2581.21,0.005096,4.466878
96.000,18.2548,150.0000,69.8750,69.9652,2591.68,0.005158,4.773467
96.100,18.2548,150.0000,69.9375,69.9631,2601.45,0.005216,4.773467
96.200,18.2548,150.0000,70.0000,69.9609,2610.56,0.005271,4.773467
96.300,18.2548,150.0000,70.0000,69.9586,2619.07,0.005323,4.773467
96.400,18.2548,150.0000,69.9375,69.9564,2627.02,0.005372,4.773467
96.500,18.2548,150.0000,69.8750,69.9541,2634.43,0.005417,4.773467
96.600,18.2548,150.0000,69.9375,69.9517,2641.35,0.005460,4.773467
96.700,18.2548,150.0000,69.8125,69.9494,2647.81,0.005500,4.773467
96.800,18.2548,150.0000,69.9375,69.9470,2653.83,0.005538,4.773467
96.900,18.2548,150.0000,69.8750,69.9445,2659.46,0.005573,4.773467
97.000,18.3868,150.0000,69.8750,69.9421,2666.03,0.005615,5.076175
97.100,18.3868,150.0000,70.0000,69.9396,2672.16,0.005653,5.076175
97.200,18.3868,150.0000,69.9375,69.9371,2677.89,0.005690,5.076175
97.300,18.3868,150.0000,69.9375,69.9345,2683.23,0.005724,5.076175
97.400,18.3868,150.0000,69.9375,69.9320,2688.22,0.005756,5.076175
97.500,18.3868,150.0000,70.0000,69.9294,2692.87,0.005786,5.076175
97.600,18.3868,150.0000,70.0625,69.9268,2697.21,0.005814,5.076175
97.700,18.3868,150.0000,69.8750,69.9242,2701.27,0.005840,5.076175
97.800,18.3868,150.0000,70.0625,69.9215,2705.05,0.005865,5.076175
97.900,18.3868,150.0000,70.0000,69.9189,2708.58,0.005888,5.076175
98.000,19.0386,150.0000,69.8750,69.9162,2718.40,0.005952,5.386644
98.100,19.0386,150.0000,70.0000,69.9134,2727.56,0.006012,5.386644
98.200,19.0386,150.0000,69.9375,69.9106,2736.11,0.006069,5.386644
98.300,19.0386,150.0000,70.0000,69.9078,2744.09,0.006122,5.386644
98.400,19.0386,150.0000,70.0000,69.9049,2751.53,0.006172,5.386644
98.500,19.0386,150.0000,69.9375,69.9020,2758.48,0.006219,5.386644
98.600,19.0386,150.0000,70.0625,69.8991,2764.97,0.006263,5.386644
98.700,19.0386,150.0000,69.9375,69.8961,2771.02,0.006304,5.386644
98.800,19.0386,150.0000,70.0000,69.8931,2776.68,0.006343,5.386644
98.900,19.0386,150.0000,69.9375,69.8901,2781.95,0.006379,5.386644
99.000,19.1745,150.0000,70.0625,69.8871,2788.23,0.006423,5.693233
99.100,19.1745,150.0000,69.9375,69.8840,2794.10,0.006463,5.693233
99.200,19.1745,150.0000,69.9375,69.8809,2799.57,0.006501,5.693233
99.300,19.1745,150.0000,70.0625,69.8778,2804.68,0.006537,5.693233
99.400,19.1745,150.0000,69.8750,69.8746,2809.44,0.006570,5.693233
99.500,19.1745,150.0000,70.0000,69.8715,2813.89,0.006602,5.693233
99.600,19.1745,150.0000,70.0000,69.8683,2818.04,0.006631,5.693233
99.700,19.1745,150.0000,69.9375,69.8651,2821.92,0.006658,5.693233
99.800,19.1745,150.0000,69.9375,69.8619,2825.54,0.006684,5.693233
99.900,19.1745,150.0000,70.0000,69.8587,2828.91,0.006708,5.693233
100.000,19.6557,150.0000,69.9375,69.8555,2836.88,0.006765,6.003702
100.100,19.6557,150.0000,69.9375,69.8522,2844.31,0.006818,6.003702
100.200,19.6557,150.0000,69.8750,69.8489,2851.24,0.006868,6.003702
100.300,19.6557,150.0000,69.8750,69.8455,2857.72,0.006915,6.003702
100.400,19.6557,150.0000,70.0000,69.8422,2863.76,0.006959,6.003702
100.500,19.6557,150.0000,69.9375,69.8388,2869.40,0.007000,6.003702
100.600,19.6557,150.0000,69.8750,69.8353,2874.66,0.007039,6.003702
100.700,19.6557,150.0000,69.9375,69.8319,2879.57,0.007075,6.003702
100.800,19.6557,150.0000,69.9375,69.8284,2884.16,0.007109,6.003702
100.900,19.6557,150.0000,69.9375,69.8250,2888.44,0.007140,6.003702
101.000,19.7916,150.0000,70.0000,69.8215,2893.79,0.007180,6.310290
101.100,19.7916,150.0000,69.9375,69.8179,2898.79,0.007217,6.310290
101.200,19.7916,150.0000,70.0000,69.8144,2903.45,0.007252,6.310290
101.300,19.7916,150.0000,70.0000,69.8108,2907.80,0.007285,6.310290
101.400,19.7916,150.0000,70.0000,69.8073,2911.87,0.007315,6.310290
101.500,19.7916,150.0000,69.8750,69.8037,2915.66,0.007344,6.310290
101.600,19.7916,150.0000,70.0000,69.8001,2919.20,0.007371,6.310290
101.700,19.7916,150.0000,70.0000,69.7965,2922.50,0.007396,6.310290
101.800,19.7916,150.0000,69.9375,69.7929,2925.58,0.007419,6.310290
101.900,19.7916,150.0000,70.0000,69.7892,2928.46,0.007441,6.310290
102.000,20.2727,150.0000,69.8750,69.7856,2935.96,0.007499,6.620760
102.100,20.2727,150.0000,69.9375,69.7819,2942.95,0.007552,6.620760
102.200,20.2727,150.0000,69.9375,69.7782,2949.48,0.007603,6.620760
102.300,20.2727,150.0000,70.0000,69.7744,2955.58,0.007650,6.620760
102.400,20.2727,150.0000,69.9375,69.7707,2961.27,0.007694,6.620760
102.500,20.2727,150.0000,70.0000,69.7669,2966.58,0.007736,6.620760
102.600,20.2727,150.0000,69.8750,69.7631,2971.53,0.007774,6.620760
102.700,20.2727,150.0000,70.0000,69.7592,2976.16,0.007811,6.620760
102.800,20.2727,150.0000,69.8750,69.7554,2980.47,0.007845,6.620760
102.900,20.2727,150.0000,69.9375,69.7515,2984.50,0.007877,6.620760
103.000,20.4087,150.0000,69.9375,69.7477,2989.62,0.007917,6.927348
103.100,20.4087,150.0000,70.0000,69.7438,2994.40,0.007955,6.927348
103.200,20.4087,150.0000,69.8125,69.7398,2998.86,0.007991,6.927348
103.300,20.4087,150.0000,69.8750,69.7359,3003.02,0.008024,6.927348
103.400,20.4087,150.0000,69.9375,69.7320,3006.91,0.008055,6.927348
103.500,20.4087,150.0000,70.0000,69.7280,3010.53,0.008085,6.927348
103.600,20.4087,150.0000,69.8750,69.7241,3013.92,0.008112,6.927348
103.700,20.4087,150.0000,69.9375,69.7201,3017.08,0.008137,6.927348
103.800,20.4087,150.0000,69.9375,69.7161,3020.03,0.008161,6.927348
103.900,20.4087,150.0000,69.8125,69.7121,3022.78,0.008184,6.927348
104.000,20.3662,150.0000,69.8750,69.7081,3024.92,0.008201,7.226175
104.100,20.3662,150.0000,69.8750,69.7041,3026.92,0.008217,7.226175
104.200,20.3662,150.0000,69.8750,69.7001,3028.79,0.008233,7.226175
104.300,20.3662,150.0000,69.9375,69.6961,3030.53,0.008247,7.226175
104.400,20.3662,150.0000,69.9375,69.6922,3032.16,0.008260,7.226175
104.500,20.3662,150.0000,70.0000,69.6882,3033.68,0.008272,7.226175
104.600,20.3662,150.0000,69.8125,69.6842,3035.09,0.008284,7.226175
104.700,20.3662,150.0000,69.9375,69.6802,3036.41,0.008295,7.226175
104.800,20.3662,150.0000,69.8125,69.6762,3037.65,0.008305,7.226175
104.900,20.3662,150.0000,69.8750,69.6722,3038.80,0.008314,7.226175
105.000,20.8395,150.0000,69.8750,69.6682,3044.61,0.008362,7.528883
105.100,20.8395,150.0000,69.8125,69.6641,3050.03,0.008407,7.528883
105.200,20.8395,150.0000,69.8125,69.6601,3055.09,0.008449,7.528883
105.300,20.8395,150.0000,69.8125,69.6560,3059.81,0.008488,7.528883
105.400,20.8395,150.0000,69.9375,69.6519,3064.22,0.008525,7.528883
105.500,20.8395,150.0000,69.8125,69.6478,3068.34,0.008559,7.528883
105.600,20.8395,150.0000,69.9375,69.6437,3072.18,0.008591,7.528883
105.700,20.8395,150.0000,69.8125,69.6396,3075.76,0.008622,7.528883
105.800,20.8395,150.0000,69.8125,69.6355,3079.10,0.008650,7.528883
105.900,20.8395,150.0000,69.8125,69.6313,3082.23,0.008676,7.528883
106.000,20.9677,150.0000,69.8125,69.6272,3086.42,0.008711,7.827710
106.100,20.9677,150.0000,69.8750,69.6230,3090.34,0.008745,7.827710
106.200,20.9677,150.0000,69.8750,69.6188,3093.99,0.008776,7.827710
106.300,20.9677,150.0000,69.8750,69.6146,3097.40,0.008805,7.827710
106.400,20.9677,150.0000,69.8125,69.6104,3100.59,0.008832,7.827710
106.500,20.9677,150.0000,69.8750,69.6062,3103.56,0.008857,7.827710
106.600,20.9677,150.0000,69.9375,69.6020,3106.33,0.008881,7.827710
106.700,20.9677,150.0000,69.8750,69.5978,3108.92,0.008903,7.827710
106.800,20.9677,150.0000,69.8750,69.5936,3111.34,0.008924,7.827710
106.900,20.9677,150.0000,69.8125,69.5894,3113.59,0.008944,7.827710
107.000,21.2665,150.0000,69.6875,69.5851,3118.68,0.008988,8.126536
107.100,21.2665,150.0000,69.8750,69.5808,3123.44,0.009029,8.126536
107.200,21.2665,150.0000,69.8750,69.5766,3127.87,0.009067,8.126536
107.300,21.2665,150.0000,69.8125,69.5723,3132.01,0.009103,8.126536
107.400,21.2665,150.0000,69.7500,69.5680,3135.88,0.009137,8.126536
107.500,21.2665,150.0000,69.8125,69.5637,3139.49,0.009169,8.126536
107.600,21.2665,150.0000,69.8125,69.5593,3142.85,0.009198,8.126536
107.700,21.2665,150.0000,69.8125,69.5550,3145.99,0.009226,8.126536
107.800,21.2665,150.0000,69.8125,69.5507,3148.93,0.009252,8.126536
107.900,21.2665,150.0000,69.8125,69.5463,3151.66,0.009276,8.126536
108.000,21.5654,150.0000,69.7500,69.5420,3157.21,0.009325,8.425363
108.100,21.5654,150.0000,69.8125,69.5376,3162.38,0.009371,8.425363
108.200,21.5654,150.0000,69.8750,69.5332,3167.21,0.009414,8.425363
108.300,21.5654,150.0000,69.7500,69.5288,3171.71,0.009454,8.425363
108.400,21.5654,150.0000,69.8125,69.5243,3175.92,0.009492,8.425363
108.500,21.5654,150.0000,69.6875,69.5199,3179.85,0.009527,8.425363
108.600,21.5654,150.0000,69.8125,69.5155,3183.51,0.009560,8.425363
108.700,21.5654,150.0000,69.6250,69.5110,3186.93,0.009591,8.425363
108.800,21.5654,150.0000,69.6875,69.5065,3190.12,0.009619,8.425363
108.900,21.5654,150.0000,69.7500,69.5021,3193.10,0.009646,8.425363
109.000,21.6897,150.0000,69.7500,69.4976,3197.12,0.009683,8.720309
109.100,21.6897,150.0000,69.6875,69.4931,3200.88,0.009717,8.720309
109.200,21.6897,150.0000,69.7500,69.4886,3204.38,0.009749,8.720309
109.300,21.6897,150.0000,69.6250,69.4840,3207.66,0.009779,8.720309
109.400,21.6897,150.0000,69.8125,69.4795,3210.71,0.009807,8.720309
109.500,21.6897,150.0000,69.6875,69.4750,3213.56,0.009833,8.720309
109.600,21.6897,150.0000,69.6875,69.4705,3216.22,0.009857,8.720309
109.700,21.6897,150.0000,69.6875,69.4659,3218.70,0.009880,8.720309
109.800,21.6897,150.0000,69.6875,69.4614,3221.02,0.009902,8.720309
109.900,21.6897,150.0000,69.6250,69.4568,3223.18,0.009922,8.720309
110.000,21.6356,150.0000,69.6250,69.4523,3224.66,0.009935,9.007493
110.100,21.6356,150.0000,69.6875,69.4478,3226.03,0.009948,9.007493
110.200,21.6356,150.0000,69.7500,69.4432,3227.32,0.009960,9.007493
110.300,21.6356,150.0000,69.6250,69.4387,3228.52,0.009971,9.007493
110.400,21.6356,150.0000,69.6875,69.4342,3229.64,0.009981,9.007493
110.500,21.6356,150.0000,69.7500,69.4296,3230.69,0.009991,9.007493
110.600,21.6356,150.0000,69.6875,69.4251,3231.66,0.010000,9.007493
110.700,21.6356,150.0000,69.6875,69.4206,3232.58,0.010009,9.007493
110.800,21.6356,150.0000,69.6875,69.4161,3233.43,0.010016,9.007493
110.900,21.6356,150.0000,69.6250,69.4116,3234.22,0.010024,9.007493
111.000,21.9227,150.0000,69.6250,69.4071,3237.83,0.010057,9.294678
111.100,21.9227,150.0000,69.6250,69.4026,3241.20,0.010089,9.294678
111.200,21.9227,150.0000,69.5625,69.3980,3244.35,0.010118,9.294678
111.300,21.9227,150.0000,69.6250,69.3935,3247.29,0.010146,9.294678
111.400,21.9227,150.0000,69.6875,69.3890,3250.03,0.010172,9.294678
111.500,21.9227,150.0000,69.6875,69.3844,3252.59,0.010196,9.294678
111.600,21.9227,150.0000,69.6875,69.3799,3254.98,0.010218,9.294678
111.700,21.9227,150.0000,69.5625,69.3753,3257.21,0.010239,9.294678
111.800,21.9227,150.0000,69.5625,69.3708,3259.29,0.010259,9.294678
111.900,21.9227,150.0000,69.6250,69.3662,3261.23,0.010277,9.294678
112.000,22.2099,150.0000,69.5625,69.3616,3265.91,0.010321,9.581862
112.100,22.2099,150.0000,69.6875,69.3571,3270.28,0.010363,9.581862
112.200,22.2099,150.0000,69.5625,69.3525,3274.36,0.010402,9.581862
112.300,22.2099,150.0000,69.6250,69.3479,3278.17,0.010438,9.581862
112.400,22.2099,150.0000,69.6250,69.3432,3281.73,0.010472,9.581862
112.500,22.2099,150.0000,69.5625,69.3386,3285.04,0.010504,9.581862
112.600,22.2099,150.0000,69.5625,69.3340,3288.14,0.010534,9.581862
112.700,22.2099,150.0000,69.6250,69.3294,3291.03,0.010561,9.581862
112.800,22.2099,150.0000,69.6250,69.3247,3293.73,0.010587,9.581862
112.900,22.2099,150.0000,69.4375,69.3201,3296.25,0.010612,9.581862
113.000,21.9735,150.0000,69.5625,69.3154,3296.23,0.010612,9.857403
113.100,21.9735,150.0000,69.5625,69.3108,3296.22,0.010611,9.857403
113.200,21.9735,150.0000,69.6250,69.3062,3296.20,0.010611,9.857403
113.300,21.9735,150.0000,69.6250,69.3016,3296.19,0.010611,9.857403
113.400,21.9735,150.0000,69.6250,69.2970,3296.18,0.010611,9.857403
113.500,21.9735,150.0000,69.6875,69.2924,3296.17,0.010611,9.857403
113.600,21.9735,150.0000,69.5625,69.2879,3296.16,0.010611,9.857403
113.700,21.9735,150.0000,69.5000,69.2833,3296.15,0.010611,9.857403
113.800,21.9735,150.0000,69.5625,69.2787,3296.14,0.010611,9.857403
113.900,21.9735,150.0000,69.5000,69.2742,3296.14,0.010611,9.857403
114.000,22.4236,150.0000,69.5000,69.2696,3300.63,0.010654,10.136826
114.100,22.4236,150.0000,69.6875,69.2651,3304.82,0.010695,10.136826
114.200,22.4236,150.0000,69.5000,69.2605,3308.74,0.010733,10.136826
114.300,22.4236,150.0000,69.5625,69.2559,3312.39,0.010768,10.136826
114.400,22.4236,150.0000,69.4375,69.2513,3315.80,0.010802,10.136826
114.500,22.4236,150.0000,69.5000,69.2467,3318.98,0.010833,10.136826
114.600,22.4236,150.0000,69.5000,69.2421,3321.95,0.010862,10.136826
114.700,22.4236,150.0000,69.3750,69.2375,3324.73,0.010889,10.136826
114.800,22.4236,150.0000,69.5000,69.2328,3327.31,0.010915,10.136826
114.900,22.4236,150.0000,69.5000,69.2282,3329.73,0.010938,10.136826
115.000,22.7030,150.0000,69.5000,69.2236,3334.78,0.010988,10.416248
115.100,22.7030,150.0000,69.4375,69.2189,3339.49,0.011035,10.416248
115.200,22.7030,150.0000,69.4375,69.2142,3343.89,0.011078,10.416248
115.300,22.7030,150.0000,69.4375,69.2096,3347.99,0.011119,10.416248
115.400,22.7030,150.0000,69.5000,69.2049,3351.82,0.011158,10.416248
115.500,22.7030,150.0000,69.5000,69.2002,3355.40,0.011193,10.416248
115.600,22.7030,150.0000,69.5000,69.1954,3358.73,0.011227,10.416248
115.700,22.7030,150.0000,69.5000,69.1907,3361.85,0.011258,10.416248
115.800,22.7030,150.0000,69.5000,69.1860,3364.76,0.011287,10.416248
115.900,22.7030,150.0000,69.3750,69.1813,3367.47,0.011315,10.416248
116.000,22.6334,150.0000,69.3750,69.1765,3369.30,0.011333,10.687909
116.100,22.6334,150.0000,69.4375,69.1718,3371.02,0.011350,10.687909
116.200,22.6334,150.0000,69.5000,69.1671,3372.62,0.011367,10.687909
116.300,22.6334,150.0000,69.3750,69.1624,3374.11,0.011382,10.687909
116.400,22.6334,150.0000,69.4375,69.1576,3375.50,0.011396,10.687909
116.500,22.6334,150.0000,69.3750,69.1529,3376.80,0.011409,10.687909
116.600,22.6334,150.0000,69.4375,69.1482,3378.02,0.011421,10.687909
116.700,22.6334,150.0000,69.4375,69.1435,3379.15,0.011433,10.687909
116.800,22.6334,150.0000,69.4375,69.1388,3380.21,0.011443,10.687909
116.900,22.6334,150.0000,69.3125,69.1341,3381.19,0.011453,10.687909
117.000,22.7305,150.0000,69.4375,69.1294,3383.09,0.011473,10.955689
117.100,22.7305,150.0000,69.3125,69.1247,3384.85,0.011491,10.955689
117.200,22.7305,150.0000,69.3750,69.1200,3386.50,0.011507,10.955689
117.300,22.7305,150.0000,69.3750,69.1153,3388.04,0.011523,10.955689
117.400,22.7305,150.0000,69.3750,69.1106,3389.47,0.011538,10.955689
117.500,22.7305,150.0000,69.4375,69.1059,3390.81,0.011551,10.955689
117.600,22.7305,150.0000,69.5000,69.1012,3392.06,0.011564,10.955689
117.700,22.7305,150.0000,69.3125,69.0966,3393.23,0.011576,10.955689
117.800,22.7305,150.0000,69.2500,69.0919,3394.32,0.011587,10.955689
117.900,22.7305,150.0000,69.4375,69.0872,3395.34,0.011598,10.955689
118.000,23.3473,150.0000,69.3750,69.0825,3402.46,0.011671,11.231230
118.100,23.3473,150.0000,69.3750,69.0778,3409.10,0.011739,11.231230
118.200,23.3473,150.0000,69.3750,69.0730,3415.30,0.011804,11.231230
118.300,23.3473,150.0000,69.3125,69.0682,3421.09,0.011864,11.231230
118.400,23.3473,150.0000,69.3125,69.0635,3426.49,0.011920,11.231230
118.500,23.3473,150.0000,69.3125,69.0586,3431.53,0.011973,11.231230
118.600,23.3473,150.0000,69.3750,69.0538,3436.23,0.012022,11.231230
118.700,23.3473,150.0000,69.2500,69.0490,3440.62,0.012068,11.231230
118.800,23.3473,150.0000,69.3750,69.0441,3444.72,0.012111,11.231230
118.900,23.3473,150.0000,69.2500,69.0393,3448.55,0.012152,11.231230
119.000,23.0993,150.0000,69.2500,69.0344,3449.64,0.012163,11.495129
119.100,23.0993,150.0000,69.2500,69.0296,3450.65,0.012174,11.495129
119.200,23.0993,150.0000,69.3125,69.0247,3451.60,0.012184,11.495129
119.300,23.0993,150.0000,69.2500,69.0199,3452.49,0.012193,11.495129
119.400,23.0993,150.0000,69.2500,69.0151,3453.32,0.012202,11.495129
119.500,23.0993,150.0000,69.3125,69.0102,3454.09,0.012210,11.495129
119.600,23.0993,150.0000,69.3125,69.0054,3454.81,0.012218,11.495129
119.700,23.0993,150.0000,69.1250,69.0006,3455.48,0.012225,11.495129
119.800,23.0993,150.0000,69.3125,68.9958,3456.11,0.012232,11.495129
119.900,23.0993,150.0000,69.2500,68.9910,3456.69,0.012238,11.495129
120.000,23.3632,150.0000,69.3125,68.9862,3459.88,0.012272,11.759028
120.100,23.3632,150.0000,69.3125,68.9814,3462.85,0.012303,11.759028
120.200,23.3632,150.0000,69.1875,68.9766,3465.63,0.012333,11.759028
120.300,23.3632,150.0000,69.3125,68.9718,3468.22,0.012361,11.759028
120.400,23.3632,150.0000,69.1875,68.9669,3470.64,0.012387,11.759028
120.500,23.3632,150.0000,69.2500,68.9621,3472.89,0.012411,11.759028
120.600,23.3632,150.0000,69.2500,68.9573,3475.00,0.012433,11.759028
120.700,23.3632,150.0000,69.1875,68.9525,3476.96,0.012455,11.759028
120.800,23.3632,150.0000,69.1250,68.9476,3478.80,0.012474,11.759028
120.900,23.3632,150.0000,69.1875,68.9428,3480.51,0.012493,11.759028
121.000,23.4526,150.0000,69.1875,68.9380,3483.00,0.012520,12.019047
121.100,23.4526,150.0000,69.1250,68.9332,3485.33,0.012545,12.019047
121.200,23.4526,150.0000,69.3125,68.9283,3487.50,0.012568,12.019047
121.300,23.4526,150.0000,69.2500,68.9235,3489.52,0.012590,12.019047
121.400,23.4526,150.0000,69.1875,68.9187,3491.41,0.012610,12.019047
121.500,23.4526,150.0000,69.1875,68.9139,3493.18,0.012630,12.019047
121.600,23.4526,150.0000,69.2500,68.9090,3494.83,0.012647,12.019047
121.700,23.4526,150.0000,69.1875,68.9042,3496.36,0.012664,12.019047
121.800,23.4526,150.0000,69.1875,68.8994,3497.80,0.012680,12.019047
121.900,23.4526,150.0000,69.1250,68.8946,3499.14,0.012694,12.019047
122.000,23.5381,150.0000,69.0625,68.8898,3501.24,0.012717,12.275184
122.100,23.5381,150.0000,69.2500,68.8850,3503.21,0.012739,12.275184
122.200,23.5381,150.0000,69.0625,68.8801,3505.04,0.012759,12.275184
122.300,23.5381,150.0000,69.2500,68.8753,3506.75,0.012777,12.275184
122.400,23.5381,150.0000,69.0000,68.8705,3508.35,0.012795,12.275184
122.500,23.5381,150.0000,69.1250,68.8657,3509.84,0.012811,12.275184
122.600,23.5381,150.0000,69.1875,68.8609,3511.23,0.012826,12.275184
122.700,23.5381,150.0000,69.0625,68.8561,3512.53,0.012841,12.275184
122.800,23.5381,150.0000,69.0625,68.8513,3513.74,0.012854,12.275184
122.900,23.5381,150.0000,69.1875,68.8465,3514.87,0.012866,12.275184
123.000,23.9687,150.0000,69.0625,68.8417,3520.23,0.012925,12.535202
123.100,23.9687,150.0000,69.0625,68.8369,3525.24,0.012981,12.535202
123.200,23.9687,150.0000,69.1250,68.8320,3529.91,0.013032,12.535202
123.300,23.9687,150.0000,69.1875,68.8272,3534.27,0.013081,12.535202
123.400,23.9687,150.0000,69.1250,68.8223,3538.34,0.013126,12.535202
123.500,23.9687,150.0000,69.1875,68.8174,3542.14,0.013168,12.535202
123.600,23.9687,150.0000,69.1250,68.8125,3545.68,0.013208,12.535202
123.700,23.9687,150.0000,69.0000,68.8076,3548.99,0.013245,12.535202
123.800,23.9687,150.0000,69.0625,68.8027,3552.08,0.013279,12.535202
123.900,23.9687,150.0000,69.1250,68.7978,3554.96,0.013312,12.535202
124.000,24.0542,150.0000,69.0625,68.7929,3558.50,0.013351,12.791339
124.100,24.0542,150.0000,69.0625,68.7880,3561.81,0.013389,12.791339
124.200,24.0542,150.0000,69.0625,68.7831,3564.90,0.013424,12.791339
124.300,24.0542,150.0000,69.0625,68.7781,3567.78,0.013456,12.791339
124.400,24.0542,150.0000,69.1250,68.7732,3570.47,0.013487,12.791339
124.500,24.0542,150.0000,69.0625,68.7683,3572.98,0.013515,12.791339
124.600,24.0542,150.0000,69.1250,68.7633,3575.33,0.013542,12.791339
124.700,24.0542,150.0000,69.0625,68.7584,3577.51,0.013567,12.791339
124.800,24.0542,150.0000,69.0625,68.7534,3579.55,0.013590,12.791339
124.900,24.0542,150.0000,69.1250,68.7485,3581.46,0.013612,12.791339
125.000,24.3103,150.0000,69.0625,68.7435,3585.80,0.013661,13.047476
125.100,24.3103,150.0000,68.9375,68.7386,3589.85,0.013707,13.047476
125.200,24.3103,150.0000,69.0000,68.7336,3593.63,0.013751,13.047476
125.300,24.3103,150.0000,69.0625,68.7286,3597.16,0.013791,13.047476
125.400,24.3103,150.0000,68.9375,68.7236,3600.45,0.013829,13.047476
125.500,24.3103,150.0000,69.0000,68.7186,3603.52,0.013865,13.047476
125.600,24.3103,150.0000,68.9375,68.7136,3606.39,0.013898,13.047476
125.700,24.3103,150.0000,69.0625,68.7086,3609.07,0.013929,13.047476
125.800,24.3103,150.0000,69.0000,68.7036,3611.57,0.013958,13.047476
125.900,24.3103,150.0000,69.0000,68.6986,3613.90,0.013985,13.047476
126.000,24.2174,150.0000,69.0000,68.6936,3615.15,0.013999,13.295852
126.100,24.2174,150.0000,69.0000,68.6886,3616.31,0.014013,13.295852
126.200,24.2174,150.0000,69.0000,68.6836,3617.40,0.014025,13.295852
126.300,24.2174,150.0000,69.0000,68.6787,3618.41,0.014037,13.295852
126.400,24.2174,150.0000,69.0000,68.6737,3619.36,0.014048,13.295852
126.500,24.2174,150.0000,68.9375,68.6687,3620.24,0.014059,13.295852
126.600,24.2174,150.0000,68.9375,68.6637,3621.07,0.014068,13.295852
126.700,24.2174,150.0000,69.0000,68.6588,3621.84,0.014077,13.295852
126.800,24.2174,150.0000,68.8125,68.6538,3622.56,0.014085,13.295852
126.900,24.2174,150.0000,68.8750,68.6489,3623.23,0.014093,13.295852
127.000,24.1167,150.0000,68.9375,68.6439,3622.85,0.014089,13.536466
127.100,24.1167,150.0000,68.8750,68.6390,3622.49,0.014085,13.536466
127.200,24.1167,150.0000,68.8750,68.6341,3622.16,0.014081,13.536466
127.300,24.1167,150.0000,68.8125,68.6292,3621.85,0.014077,13.536466
127.400,24.1167,150.0000,68.8750,68.6243,3621.56,0.014074,13.536466
127.500,24.1167,150.0000,68.9375,68.6195,3621.29,0.014071,13.536466
127.600,24.1167,150.0000,68.8750,68.6146,3621.04,0.014068,13.536466
127.700,24.1167,150.0000,68.8750,68.6098,3620.80,0.014065,13.536466
127.800,24.1167,150.0000,68.9375,68.6049,3620.58,0.014062,13.536466
127.900,24.1167,150.0000,68.9375,68.6001,3620.38,0.014060,13.536466
128.000,24.5319,150.0000,68.8750,68.5953,3624.34,0.014106,13.780960
128.100,24.5319,150.0000,68.8125,68.5904,3628.03,0.014149,13.780960
128.200,24.5319,150.0000,68.8125,68.5856,3631.48,0.014190,13.780960
128.300,24.5319,150.0000,68.8750,68.5807,3634.70,0.014228,13.780960
128.400,24.5319,150.0000,68.8125,68.5759,3637.71,0.014263,13.780960
128.500,24.5319,150.0000,68.8750,68.5710,3640.51,0.014296,13.780960
128.600,24.5319,150.0000,68.8750,68.5661,3643.13,0.014327,13.780960
128.700,24.5319,150.0000,68.7500,68.5612,3645.58,0.014356,13.780960
128.800,24.5319,150.0000,68.7500,68.5564,3647.86,0.014383,13.780960
128.900,24.5319,150.0000,68.8750,68.5515,3649.98,0.014408,13.780960
129.000,24.6018,150.0000,68.8125,68.5466,3652.67,0.014440,14.021574
129.100,24.6018,150.0000,68.6875,68.5417,3655.18,0.014469,14.021574
129.200,24.6018,150.0000,68.8125,68.5369,3657.52,0.014497,14.021574
129.300,24.6018,150.0000,68.8125,68.5320,3659.70,0.014523,14.021574
129.400,24.6018,150.0000,68.8750,68.5271,3661.74,0.014548,14.021574
129.500,24.6018,150.0000,68.8750,68.5222,3663.64,0.014570,14.021574
129.600,24.6018,150.0000,68.8125,68.5173,3665.42,0.014591,14.021574
129.700,24.6018,150.0000,68.8125,68.5124,3667.07,0.014611,14.021574
129.800,24.6018,150.0000,68.8125,68.5076,3668.62,0.014630,14.021574
129.900,24.6018,150.0000,68.7500,68.5027,3670.07,0.014647,14.021574
130.000,24.4934,150.0000,68.6875,68.4978,3670.33,0.014650,14.254426
130.100,24.4934,150.0000,68.6875,68.4930,3670.57,0.014653,14.254426
130.200,24.4934,150.0000,68.7500,68.4881,3670.80,0.014656,14.254426
130.300,24.4934,150.0000,68.6875,68.4833,3671.02,0.014658,14.254426
130.400,24.4934,150.0000,68.7500,68.4785,3671.22,0.014661,14.254426
130.500,24.4934,150.0000,68.6875,68.4736,3671.40,0.014663,14.254426
130.600,24.4934,150.0000,68.8750,68.4688,3671.58,0.014665,14.254426
130.700,24.4934,150.0000,68.6875,68.4640,3671.74,0.014667,14.254426
130.800,24.4934,150.0000,68.7500,68.4592,3671.89,0.014669,14.254426
130.900,24.4934,150.0000,68.7500,68.4545,3672.03,0.014671,14.254426
131.000,24.7262,150.0000,68.6875,68.4497,3674.49,0.014700,14.487278
131.100,24.7262,150.0000,68.6875,68.4449,3676.79,0.014728,14.487278
131.200,24.7262,150.0000,68.6875,68.4401,3678.93,0.014753,14.487278
131.300,24.7262,150.0000,68.7500,68.4353,3680.93,0.014777,14.487278
131.400,24.7262,150.0000,68.6875,68.4305,3682.80,0.014800,14.487278
131.500,24.7262,150.0000,68.6875,68.4258,3684.54,0.014821,14.487278
131.600,24.7262,150.0000,68.6875,68.4210,3686.17,0.014841,14.487278
131.700,24.7262,150.0000,68.6875,68.4162,3687.69,0.014859,14.487278
131.800,24.7262,150.0000,68.7500,68.4114,3689.10,0.014876,14.487278
131.900,24.7262,150.0000,68.6250,68.4067,3690.42,0.014892,14.487278
132.000,24.6100,150.0000,68.6875,68.4019,3690.50,0.014893,14.712369
132.100,24.6100,150.0000,68.6250,68.3971,3690.56,0.014894,14.712369
132.200,24.6100,150.0000,68.6875,68.3924,3690.63,0.014895,14.712369
132.300,24.6100,150.0000,68.6250,68.3877,3690.69,0.014895,14.712369
132.400,24.6100,150.0000,68.6875,68.3830,3690.74,0.014896,14.712369
132.500,24.6100,150.0000,68.6875,68.3782,3690.79,0.014897,14.712369
132.600,24.6100,150.0000,68.6875,68.3735,3690.84,0.014897,14.712369
132.700,24.6100,150.0000,68.6875,68.3689,3690.88,0.014898,14.712369
132.800,24.6100,150.0000,68.6875,68.3642,3690.92,0.014898,14.712369
132.900,24.6100,150.0000,68.6875,68.3595,3690.96,0.014899,14.712369
133.000,25.0097,150.0000,68.6250,68.3548,3695.00,0.014947,14.941340
133.100,25.0097,150.0000,68.6250,68.3501,3698.76,0.014993,14.941340
133.200,25.0097,150.0000,68.5625,68.3454,3702.27,0.015036,14.941340
133.300,25.0097,150.0000,68.5625,68.3407,3705.55,0.015076,14.941340
133.400,25.0097,150.0000,68.6875,68.3360,3708.61,0.015113,14.941340
133.500,25.0097,150.0000,68.6875,68.3313,3711.47,0.015148,14.941340
133.600,25.0097,150.0000,68.6250,68.3266,3714.13,0.015181,14.941340
133.700,25.0097,150.0000,68.6250,68.3218,3716.62,0.015211,14.941340
133.800,25.0097,150.0000,68.5625,68.3171,3718.94,0.015240,14.941340
133.900,25.0097,150.0000,68.6875,68.3124,3721.11,0.015267,14.941340
134.000,25.2386,150.0000,68.5625,68.3077,3725.42,0.015320,15.170311
134.100,25.2386,150.0000,68.6250,68.3029,3729.45,0.015369,15.170311
134.200,25.2386,150.0000,68.5625,68.2981,3733.20,0.015416,15.170311
134.300,25.2386,150.0000,68.5000,68.2934,3736.71,0.015459,15.170311
134.400,25.2386,150.0000,68.5625,68.2886,3739.98,0.015500,15.170311
134.500,25.2386,150.0000,68.5000,68.2838,3743.04,0.015538,15.170311
134.600,25.2386,150.0000,68.6875,68.2790,3745.89,0.015574,15.170311
134.700,25.2386,150.0000,68.6250,68.2742,3748.55,0.015607,15.170311
134.800,25.2386,150.0000,68.6250,68.2694,3751.03,0.015638,15.170311
134.900,25.2386,150.0000,68.5000,68.2646,3753.35,0.015667,15.170311
135.000,24.9440,150.0000,68.4375,68.2599,3752.56,0.015657,15.387639
135.100,24.9440,150.0000,68.5000,68.2551,3751.83,0.015648,15.387639
135.200,24.9440,150.0000,68.6250,68.2503,3751.15,0.015639,15.387639
135.300,24.9440,150.0000,68.5000,68.2456,3750.51,0.015631,15.387639
135.400,24.9440,150.0000,68.5000,68.2409,3749.92,0.015624,15.387639
135.500,24.9440,150.0000,68.5000,68.2362,3749.37,0.015617,15.387639
135.600,24.9440,150.0000,68.5625,68.2315,3748.85,0.015611,15.387639
135.700,24.9440,150.0000,68.5000,68.2268,3748.37,0.015605,15.387639
135.800,24.9440,150.0000,68.4375,68.2221,3747.91,0.015599,15.387639
135.900,24.9440,150.0000,68.5000,68.2174,3747.49,0.015594,15.387639
136.000,25.1613,150.0000,68.5625,68.2128,3749.27,0.015616,15.604968
136.100,25.1613,150.0000,68.5000,68.2081,3750.94,0.015637,15.604968
136.200,25.1613,150.0000,68.5625,68.2035,3752.49,0.015656,15.604968
136.300,25.1613,150.0000,68.4375,68.1988,3753.93,0.015674,15.604968
136.400,25.1613,150.0000,68.5000,68.1942,3755.29,0.015691,15.604968
136.500,25.1613,150.0000,68.5000,68.1895,3756.55,0.015707,15.604968
136.600,25.1613,150.0000,68.4375,68.1849,3757.72,0.015722,15.604968
136.700,25.1613,150.0000,68.4375,68.1802,3758.82,0.015736,15.604968
136.800,25.1613,150.0000,68.5000,68.1756,3759.85,0.015748,15.604968
136.900,25.1613,150.0000,68.5000,68.1710,3760.80,0.015760,15.604968
137.000,25.3787,150.0000,68.3750,68.1664,3763.87,0.015799,15.822297
137.100,25.3787,150.0000,68.5000,68.1617,3766.73,0.015835,15.822297
137.200,25.3787,150.0000,68.4375,68.1571,3769.40,0.015869,15.822297
137.300,25.3787,150.0000,68.4375,68.1524,3771.90,0.015900,15.822297
137.400,25.3787,150.0000,68.4375,68.1478,3774.22,0.015930,15.822297
137.500,25.3787,150.0000,68.4375,68.1431,3776.40,0.015957,15.822297
137.600,25.3787,150.0000,68.3750,68.1385,3778.42,0.015983,15.822297
137.700,25.3787,150.0000,68.3750,68.1338,3780.31,0.016007,15.822297
137.800,25.3787,150.0000,68.5000,68.1292,3782.08,0.016029,15.822297
137.900,25.3787,150.0000,68.3750,68.1245,3783.73,0.016050,15.822297
138.000,25.2469,150.0000,68.3750,68.1199,3783.95,0.016053,16.031863
138.100,25.2469,150.0000,68.4375,68.1153,3784.16,0.016056,16.031863
138.200,25.2469,150.0000,68.3750,68.1106,3784.35,0.016058,16.031863
138.300,25.2469,150.0000,68.3750,68.1060,3784.53,0.016061,16.031863
138.400,25.2469,150.0000,68.2500,68.1014,3784.69,0.016063,16.031863
138.500,25.2469,150.0000,68.4375,68.0968,3784.85,0.016065,16.031863
138.600,25.2469,150.0000,68.3125,68.0922,3785.00,0.016067,16.031863
138.700,25.2469,150.0000,68.3750,68.0877,3785.13,0.016068,16.031863
138.800,25.2469,150.0000,68.3750,68.0831,3785.26,0.016070,16.031863
138.900,25.2469,150.0000,68.4375,68.0786,3785.38,0.016071,16.031863
139.000,25.6310,150.0000,68.3125,68.0740,3789.33,0.016122,16.245311
139.100,25.6310,150.0000,68.3125,68.0694,3793.02,0.016169,16.245311
139.200,25.6310,150.0000,68.3750,68.0648,3796.46,0.016213,16.245311
139.300,25.6310,150.0000,68.3750,68.0602,3799.67,0.016254,16.245311
139.400,25.6310,150.0000,68.3125,68.0556,3802.67,0.016293,16.245311
139.500,25.6310,150.0000,68.3125,68.0510,3805.47,0.016329,16.245311
139.600,25.6310,150.0000,68.3125,68.0464,3808.08,0.016362,16.245311
139.700,25.6310,150.0000,68.3125,68.0418,3810.52,0.016394,16.245311
139.800,25.6310,150.0000,68.3750,68.0372,3812.80,0.016423,16.245311
139.900,25.6310,150.0000,68.3125,68.0326,3814.92,0.016451,16.245311
140.000,25.4954,150.0000,68.3125,68.0280,3815.55,0.016459,16.450997
140.100,25.4954,150.0000,68.3750,68.0234,3816.13,0.016466,16.450997
140.200,25.4954,150.0000,68.3125,68.0188,3816.68,0.016473,16.450997
140.300,25.4954,150.0000,68.3125,68.0142,3817.19,0.016480,16.450997
140.400,25.4954,150.0000,68.2500,68.0096,3817.66,0.016486,16.450997
140.500,25.4954,150.0000,68.2500,68.0051,3818.10,0.016492,16.450997
140.600,25.4954,150.0000,68.2500,68.0005,3818.52,0.016497,16.450997
140.700,25.4954,150.0000,68.3125,67.9960,3818.91,0.016502,16.450997
140.800,25.4954,150.0000,68.2500,67.9914,3819.27,0.016507,16.450997
140.900,25.4954,150.0000,68.2500,67.9869,3819.60,0.016511,16.450997
141.000,25.5266,150.0000,68.1875,67.9824,3820.23,0.016519,16.652802
141.100,25.5266,150.0000,68.1875,67.9778,3820.81,0.016527,16.652802
141.200,25.5266,150.0000,68.1875,67.9733,3821.36,0.016534,16.652802
141.300,25.5266,150.0000,68.1250,67.9688,3821.87,0.016541,16.652802
141.400,25.5266,150.0000,68.2500,67.9643,3822.34,0.016547,16.652802
141.500,25.5266,150.0000,68.2500,67.9598,3822.78,0.016553,16.652802
141.600,25.5266,150.0000,68.2500,67.9553,3823.20,0.016558,16.652802
141.700,25.5266,150.0000,68.2500,67.9509,3823.58,0.016563,16.652802
141.800,25.5266,150.0000,68.1875,67.9464,3823.94,0.016568,16.652802
141.900,25.5266,150.0000,68.2500,67.9419,3824.28,0.016572,16.652802
142.000,25.7284,150.0000,68.1875,67.9375,3826.61,0.016602,16.854607
142.100,25.7284,150.0000,68.1875,67.9330,3828.79,0.016631,16.854607
142.200,25.7284,150.0000,68.1875,67.9285,3830.82,0.016657,16.854607
142.300,25.7284,150.0000,68.1875,67.9241,3832.71,0.016682,16.854607
142.400,25.7284,150.0000,68.2500,67.9196,3834.48,0.016705,16.854607
142.500,25.7284,150.0000,68.1875,67.9151,3836.14,0.016727,16.854607
142.600,25.7284,150.0000,68.0625,67.9107,3837.68,0.016747,16.854607
142.700,25.7284,150.0000,68.1875,67.9062,3839.12,0.016766,16.854607
142.800,25.7284,150.0000,68.1250,67.9018,3840.46,0.016783,16.854607
142.900,25.7284,150.0000,68.1875,67.8973,3841.71,0.016800,16.854607
143.000,25.7557,150.0000,68.1250,67.8929,3843.15,0.016819,17.052532
143.100,25.7557,150.0000,68.1875,67.8884,3844.50,0.016836,17.052532
143.200,25.7557,150.0000,68.1875,67.8840,3845.76,0.016853,17.052532
143.300,25.7557,150.0000,68.1250,67.8795,3846.93,0.016868,17.052532
143.400,25.7557,150.0000,68.1250,67.8751,3848.02,0.016883,17.052532
143.500,25.7557,150.0000,68.1250,67.8706,3849.05,0.016896,17.052532
143.600,25.7557,150.0000,68.2500,67.8662,3850.00,0.016909,17.052532
143.700,25.7557,150.0000,68.1250,67.8618,3850.89,0.016920,17.052532
143.800,25.7557,150.0000,68.1250,67.8574,3851.72,0.016931,17.052532
143.900,25.7557,150.0000,68.1250,67.8530,3852.50,0.016942,17.052532
144.000,25.7791,150.0000,68.1875,67.8485,3853.45,0.016954,17.246575
144.100,25.7791,150.0000,68.0625,67.8441,3854.35,0.016966,17.246575
144.200,25.7791,150.0000,68.0625,67.8397,3855.18,0.016977,17.246575
144.300,25.7791,150.0000,68.0000,67.8353,3855.96,0.016987,17.246575
144.400,25.7791,150.0000,68.0625,67.8310,3856.69,0.016997,17.246575
144.500,25.7791,150.0000,68.0625,67.8266,3857.36,0.017006,17.246575
144.600,25.7791,150.0000,68.1250,67.8222,3858.00,0.017014,17.246575
144.700,25.7791,150.0000,68.0625,67.8178,3858.59,0.017022,17.246575
144.800,25.7791,150.0000,68.1250,67.8135,3859.14,0.017029,17.246575
144.900,25.7791,150.0000,68.0625,67.8091,3859.65,0.017036,17.246575
145.000,25.7986,150.0000,68.0625,67.8048,3860.33,0.017045,17.436737
145.100,25.7986,150.0000,68.0625,67.8004,3860.96,0.017053,17.436737
145.200,25.7986,150.0000,68.1875,67.7961,3861.55,0.017061,17.436737
145.300,25.7986,150.0000,68.0625,67.7918,3862.10,0.017069,17.436737
145.400,25.7986,150.0000,68.0625,67.7874,3862.61,0.017075,17.436737
145.500,25.7986,150.0000,68.0000,67.7831,3863.09,0.017082,17.436737
145.600,25.7986,150.0000,68.0625,67.7788,3863.53,0.017088,17.436737
145.700,25.7986,150.0000,68.1250,67.7745,3863.95,0.017093,17.436737
145.800,25.7986,150.0000,68.1250,67.7702,3864.34,0.017098,17.436737
145.900,25.7986,150.0000,68.1250,67.7659,3864.70,0.017103,17.436737
146.000,26.1633,150.0000,68.0000,67.7616,3868.69,0.017156,17.630781
146.100,26.1633,150.0000,67.9375,67.7573,3872.41,0.017206,17.630781
146.200,26.1633,150.0000,68.1250,67.7530,3875.88,0.017252,17.630781
146.300,26.1633,150.0000,67.9375,67.7487,3879.12,0.017295,17.630781
146.400,26.1633,150.0000,68.0000,67.7444,3882.15,0.017336,17.630781
146.500,26.1633,150.0000,68.0625,67.7400,3884.97,0.017374,17.630781
146.600,26.1633,150.0000,67.9375,67.7357,3887.60,0.017409,17.630781
146.700,26.1633,150.0000,67.9375,67.7313,3890.06,0.017442,17.630781
146.800,26.1633,150.0000,67.9375,67.7270,3892.36,0.017473,17.630781
146.900,26.1633,150.0000,68.0000,67.7226,3894.50,0.017502,17.630781
147.000,26.0082,150.0000,67.9375,67.7183,3894.95,0.017508,17.817062
147.100,26.0082,150.0000,67.8750,67.7140,3895.37,0.017513,17.817062
147.200,26.0082,150.0000,67.9375,67.7096,3895.76,0.017519,17.817062
147.300,26.0082,150.0000,67.8750,67.7053,3896.12,0.017524,17.817062
147.400,26.0082,150.0000,68.0000,67.7010,3896.46,0.017528,17.817062
147.500,26.0082,150.0000,68.0000,67.6967,3896.78,0.017533,17.817062
147.600,26.0082,150.0000,68.0000,67.6924,3897.08,0.017537,17.817062
147.700,26.0082,150.0000,67.9375,67.6881,3897.36,0.017540,17.817062
147.800,26.0082,150.0000,67.9375,67.6838,3897.62,0.017544,17.817062
147.900,26.0082,150.0000,67.9375,67.6796,3897.86,0.017547,17.817062
148.000,26.0200,150.0000,67.8750,67.6753,3898.20,0.017552,17.999463
148.100,26.0200,150.0000,67.9375,67.6710,3898.52,0.017556,17.999463
148.200,26.0200,150.0000,67.9375,67.6668,3898.82,0.017560,17.999463
148.300,26.0200,150.0000,67.9375,67.6626,3899.10,0.017564,17.999463
148.400,26.0200,150.0000,67.8750,67.6583,3899.36,0.017567,17.999463
148.500,26.0200,150.0000,67.9375,67.6541,3899.60,0.017571,17.999463
148.600,26.0200,150.0000,67.8750,67.6499,3899.83,0.017574,17.999463
148.700,26.0200,150.0000,67.8125,67.6457,3900.04,0.017577,17.999463
148.800,26.0200,150.0000,67.8750,67.6415,3900.24,0.017579,17.999463
148.900,26.0200,150.0000,67.9375,67.6373,3900.42,0.017582,17.999463
149.000,26.2024,150.0000,67.8125,67.6331,3902.42,0.017609,18.181864
149.100,26.2024,150.0000,67.9375,67.6289,3904.28,0.017634,18.181864
149.200,26.2024,150.0000,67.8125,67.6247,3906.02,0.017657,18.181864
149.300,26.2024,150.0000,67.8125,67.6205,3907.64,0.017679,18.181864
149.400,26.2024,150.0000,67.8750,67.6163,3909.15,0.017700,18.181864
149.500,26.2024,150.0000,67.8750,67.6121,3910.57,0.017719,18.181864
149.600,26.2024,150.0000,67.8125,67.6079,3911.89,0.017737,18.181864
149.700,26.2024,150.0000,67.9375,67.6038,3913.12,0.017754,18.181864
149.800,26.2024,150.0000,67.8125,67.5996,3914.27,0.017770,18.181864
149.900,26.2024,150.0000,67.8750,67.5954,3915.34,0.017784,18.181864
150.000,26.2103,150.0000,67.8125,67.5912,3916.42,0.017799,18.360384
150.100,26.2103,150.0000,67.8125,67.5871,3917.43,0.017813,18.360384
150.200,26.2103,150.0000,67.8125,67.5829,3918.37,0.017826,18.360384
150.300,26.2103,150.0000,67.8125,67.5787,3919.25,0.017838,18.360384
150.400,26.2103,150.0000,67.7500,67.5746,3920.07,0.017849,18.360384
150.500,26.2103,150.0000,67.8750,67.5704,3920.83,0.017859,18.360384
150.600,26.2103,150.0000,67.8125,67.5663,3921.55,0.017869,18.360384
150.700,26.2103,150.0000,67.7500,67.5621,3922.21,0.017878,18.360384
150.800,26.2103,150.0000,67.8125,67.5580,3922.83,0.017887,18.360384
150.900,26.2103,150.0000,67.8125,67.5539,3923.41,0.017894,18.360384
151.000,26.2143,150.0000,67.7500,67.5497,3924.00,0.017902,18.535023
151.100,26.2143,150.0000,67.8750,67.5456,3924.54,0.017910,18.535023
151.200,26.2143,150.0000,67.6875,67.5415,3925.04,0.017917,18.535023
151.300,26.2143,150.0000,67.9375,67.5374,3925.52,0.017923,18.535023
151.400,26.2143,150.0000,67.8125,67.5333,3925.96,0.017929,18.535023
151.500,26.2143,150.0000,67.6875,67.5292,3926.37,0.017935,18.535023
151.600,26.2143,150.0000,67.8125,67.5251,3926.76,0.017940,18.535023
151.700,26.2143,150.0000,67.7500,67.5211,3927.11,0.017945,18.535023
151.800,26.2143,150.0000,67.6875,67.5170,3927.45,0.017950,18.535023
151.900,26.2143,150.0000,67.7500,67.5129,3927.76,0.017954,18.535023
152.000,26.2144,150.0000,67.7500,67.5089,3928.05,0.017958,18.705781
152.100,26.2144,150.0000,67.6875,67.5048,3928.33,0.017962,18.705781
152.200,26.2144,150.0000,67.6250,67.5008,3928.58,0.017965,18.705781
152.300,26.2144,150.0000,67.7500,67.4968,3928.82,0.017969,18.705781
152.400,26.2144,150.0000,67.7500,67.4928,3929.04,0.017972,18.705781
152.500,26.2144,150.0000,67.7500,67.4887,3929.25,0.017974,18.705781
152.600,26.2144,150.0000,67.6875,67.4847,3929.44,0.017977,18.705781
152.700,26.2144,150.0000,67.6875,67.4807,3929.62,0.017980,18.705781
152.800,26.2144,150.0000,67.7500,67.4767,3929.79,0.017982,18.705781
152.900,26.2144,150.0000,67.7500,67.4728,3929.95,0.017984,18.705781
153.000,26.3851,150.0000,67.6875,67.4688,3931.81,0.018010,18.876539
153.100,26.3851,150.0000,67.7500,67.4648,3933.54,0.018033,18.876539
153.200,26.3851,150.0000,67.7500,67.4608,3935.15,0.018056,18.876539
153.300,26.3851,150.0000,67.7500,67.4568,3936.66,0.018076,18.876539
153.400,26.3851,150.0000,67.7500,67.4528,3938.07,0.018096,18.876539
153.500,26.3851,150.0000,67.8125,67.4489,3939.38,0.018114,18.876539
153.600,26.3851,150.0000,67.6875,67.4449,3940.61,0.018131,18.876539
153.700,26.3851,150.0000,67.6250,67.4409,3941.75,0.018147,18.876539
153.800,26.3851,150.0000,67.5625,67.4369,3942.82,0.018161,18.876539
153.900,26.3851,150.0000,67.7500,67.4330,3943.81,0.018175,18.876539
154.000,26.5559,150.0000,67.6875,67.4290,3946.45,0.018212,19.047297
154.100,26.5559,150.0000,67.6875,67.4250,3948.91,0.018246,19.047297
154.200,26.5559,150.0000,67.6250,67.4210,3951.21,0.018278,19.047297
154.300,26.5559,150.0000,67.6875,67.4170,3953.36,0.018307,19.047297
154.400,26.5559,150.0000,67.5625,67.4131,3955.36,0.018335,19.047297
154.500,26.5559,150.0000,67.6875,67.4091,3957.23,0.018361,19.047297
154.600,26.5559,150.0000,67.6875,67.4051,3958.97,0.018385,19.047297
154.700,26.5559,150.0000,67.6875,67.4011,3960.60,0.018408,19.047297
154.800,26.5559,150.0000,67.5625,67.3971,3962.12,0.018429,19.047297
154.900,26.5559,150.0000,67.6875,67.3931,3963.53,0.018449,19.047297
155.000,26.5521,150.0000,67.6250,67.3891,3964.82,0.018467,19.214175
155.100,26.5521,150.0000,67.6250,67.3852,3966.02,0.018484,19.214175
155.200,26.5521,150.0000,67.5625,67.3812,3967.14,0.018499,19.214175
155.300,26.5521,150.0000,67.6250,67.3772,3968.18,0.018514,19.214175
155.400,26.5521,150.0000,67.6250,67.3732,3969.16,0.018528,19.214175
155.500,26.5521,150.0000,67.6250,67.3693,3970.07,0.018540,19.214175
155.600,26.5521,150.0000,67.6250,67.3653,3970.92,0.018552,19.214175
155.700,26.5521,150.0000,67.5625,67.3614,3971.71,0.018563,19.214175
155.800,26.5521,150.0000,67.5625,67.3574,3972.45,0.018574,19.214175
155.900,26.5521,150.0000,67.5625,67.3534,3973.14,0.018584,19.214175
156.000,26.3699,150.0000,67.5625,67.3495,3971.97,0.018567,19.373290
156.100,26.3699,150.0000,67.6875,67.3456,3970.87,0.018552,19.373290
156.200,26.3699,150.0000,67.6875,67.3417,3969.84,0.018537,19.373290
156.300,26.3699,150.0000,67.5625,67.3378,3968.89,0.018524,19.373290
156.400,26.3699,150.0000,67.5000,67.3339,3967.99,0.018511,19.373290
156.500,26.3699,150.0000,67.5625,67.3301,3967.16,0.018500,19.373290
156.600,26.3699,150.0000,67.5625,67.3262,3966.38,0.018489,19.373290
156.700,26.3699,150.0000,67.5000,67.3224,3965.65,0.018479,19.373290
156.800,26.3699,150.0000,67.6250,67.3185,3964.98,0.018469,19.373290
156.900,26.3699,150.0000,67.3750,67.3147,3964.34,0.018460,19.373290
157.000,26.0054,150.0000,67.5625,67.3109,3960.11,0.018401,19.520763
157.100,26.0054,150.0000,67.5000,67.3072,3956.16,0.018346,19.520763
157.200,26.0054,150.0000,67.5000,67.3035,3952.47,0.018295,19.520763
157.300,26.0054,150.0000,67.5000,67.2998,3949.02,0.018247,19.520763
157.400,26.0054,150.0000,67.5625,67.2961,3945.81,0.018203,19.520763
157.500,26.0054,150.0000,67.5625,67.2924,3942.81,0.018161,19.520763
157.600,26.0054,150.0000,67.5000,67.2888,3940.01,0.018123,19.520763
157.700,26.0054,150.0000,67.5625,67.2852,3937.40,0.018086,19.520763
157.800,26.0054,150.0000,67.5000,67.2816,3934.96,0.018053,19.520763
157.900,26.0054,150.0000,67.5000,67.2781,3932.68,0.018022,19.520763
158.000,26.5020,150.0000,67.4375,67.2745,3935.52,0.018061,19.675998
158.100,26.5020,150.0000,67.5000,67.2709,3938.18,0.018097,19.675998
158.200,26.5020,150.0000,67.4375,67.2673,3940.65,0.018131,19.675998
158.300,26.5020,150.0000,67.4375,67.2637,3942.96,0.018163,19.675998
158.400,26.5020,150.0000,67.5000,67.2601,3945.12,0.018193,19.675998
158.500,26.5020,150.0000,67.4375,67.2566,3947.13,0.018221,19.675998
158.600,26.5020,150.0000,67.5625,67.2530,3949.01,0.018247,19.675998
158.700,26.5020,150.0000,67.4375,67.2494,3950.76,0.018271,19.675998
158.800,26.5020,150.0000,67.4375,67.2458,3952.39,0.018294,19.675998
158.900,26.5020,150.0000,67.5000,67.2422,3953.92,0.018315,19.675998
159.000,26.6572,150.0000,67.3750,67.2386,3956.90,0.018357,19.831233
159.100,26.6572,150.0000,67.5000,67.2349,3959.68,0.018395,19.831233
159.200,26.6572,150.0000,67.4375,67.2313,3962.27,0.018431,19.831233
159.300,26.6572,150.0000,67.4375,67.2277,3964.69,0.018465,19.831233
159.400,26.6572,150.0000,67.4375,67.2241,3966.95,0.018497,19.831233
159.500,26.6572,150.0000,67.4375,67.2205,3969.06,0.018526,19.831233
159.600,26.6572,150.0000,67.5625,67.2168,3971.03,0.018554,19.831233
159.700,26.6572,150.0000,67.4375,67.2132,3972.86,0.018580,19.831233
159.800,26.6572,150.0000,67.4375,67.2095,3974.58,0.018604,19.831233
159.900,26.6572,150.0000,67.3750,67.2059,3976.18,0.018626,19.831233
160.000,26.4634,150.0000,67.5000,67.2023,3975.73,0.018620,19.978706
160.100,26.4634,150.0000,67.4375,67.1987,3975.32,0.018614,19.978706
160.200,26.4634,150.0000,67.4375,67.1951,3974.93,0.018609,19.978706
160.300,26.4634,150.0000,67.4375,67.1915,3974.57,0.018604,19.978706
160.400,26.4634,150.0000,67.3750,67.1879,3974.23,0.018599,19.978706
160.500,26.4634,150.0000,67.3125,67.1843,3973.92,0.018594,19.978706
160.600,26.4634,150.0000,67.4375,67.1807,3973.62,0.018590,19.978706
160.700,26.4634,150.0000,67.3750,67.1772,3973.35,0.018586,19.978706
160.800,26.4634,150.0000,67.3750,67.1736,3973.09,0.018583,19.978706
160.900,26.4634,150.0000,67.5000,67.1701,3972.85,0.018580,19.978706
161.000,26.9599,150.0000,67.3750,67.1665,3977.60,0.018646,20.133940
161.100,26.9599,150.0000,67.3750,67.1630,3982.02,0.018708,20.133940
161.200,26.9599,150.0000,67.4375,67.1594,3986.15,0.018767,20.133940
161.300,26.9599,150.0000,67.4375,67.1558,3990.01,0.018821,20.133940
161.400,26.9599,150.0000,67.3750,67.1522,3993.61,0.018872,20.133940
161.500,26.9599,150.0000,67.3750,67.1486,3996.97,0.018920,20.133940
161.600,26.9599,150.0000,67.3750,67.1449,4000.10,0.018964,20.133940
161.700,26.9599,150.0000,67.3750,67.1413,4003.03,0.019006,20.133940
161.800,26.9599,150.0000,67.3750,67.1377,4005.76,0.019045,20.133940
161.900,26.9599,150.0000,67.3750,67.1340,4008.31,0.019081,20.133940
162.000,26.7661,150.0000,67.3125,67.1304,4008.75,0.019088,20.281413
162.100,26.7661,150.0000,67.1875,67.1267,4009.16,0.019094,20.281413
162.200,26.7661,150.0000,67.3125,67.1231,4009.54,0.019099,20.281413
162.300,26.7661,150.0000,67.3125,67.1195,4009.90,0.019104,20.281413
162.400,26.7661,150.0000,67.3750,67.1159,4010.23,0.019109,20.281413
162.500,26.7661,150.0000,67.3750,67.1122,4010.55,0.019113,20.281413
162.600,26.7661,150.0000,67.3750,67.1086,4010.84,0.019118,20.281413
162.700,26.7661,150.0000,67.2500,67.1050,4011.11,0.019121,20.281413
162.800,26.7661,150.0000,67.3125,67.1015,4011.36,0.019125,20.281413
162.900,26.7661,150.0000,67.3125,67.0979,4011.60,0.019128,20.281413
163.000,26.7390,150.0000,67.3750,67.0943,4011.55,0.019128,20.425005
163.100,26.7390,150.0000,67.3125,67.0907,4011.50,0.019127,20.425005
163.200,26.7390,150.0000,67.3750,67.0872,4011.46,0.019126,20.425005
163.300,26.7390,150.0000,67.3125,67.0836,4011.42,0.019126,20.425005
163.400,26.7390,150.0000,67.3125,67.0801,4011.38,0.019125,20.425005
163.500,26.7390,150.0000,67.3125,67.0765,4011.35,0.019125,20.425005
163.600,26.7390,150.0000,67.2500,67.0730,4011.31,0.019124,20.425005
163.700,26.7390,150.0000,67.2500,67.0695,4011.28,0.019124,20.425005
163.800,26.7390,150.0000,67.3125,67.0660,4011.26,0.019123,20.425005
163.900,26.7390,150.0000,67.2500,67.0625,4011.23,0.019123,20.425005
164.000,26.7081,150.0000,67.3125,67.0590,4010.89,0.019118,20.564717
164.100,26.7081,150.0000,67.1250,67.0555,4010.58,0.019114,20.564717
164.200,26.7081,150.0000,67.2500,67.0520,4010.29,0.019110,20.564717
164.300,26.7081,150.0000,67.2500,67.0486,4010.02,0.019106,20.564717
164.400,26.7081,150.0000,67.1875,67.0451,4009.77,0.019102,20.564717
164.500,26.7081,150.0000,67.3125,67.0416,4009.53,0.019099,20.564717
164.600,26.7081,150.0000,67.2500,67.0382,4009.31,0.019096,20.564717
164.700,26.7081,150.0000,67.2500,67.0348,4009.10,0.019093,20.564717
164.800,26.7081,150.0000,67.1250,67.0314,4008.91,0.019090,20.564717
164.900,26.7081,150.0000,67.2500,67.0279,4008.73,0.019087,20.564717
165.000,26.8478,150.0000,67.3125,67.0245,4009.96,0.019105,20.704428
165.100,26.8478,150.0000,67.2500,67.0211,4011.11,0.019121,20.704428
165.200,26.8478,150.0000,67.1875,67.0177,4012.18,0.019137,20.704428
165.300,26.8478,150.0000,67.1875,67.0143,4013.18,0.019151,20.704428
165.400,26.8478,150.0000,67.1250,67.0109,4014.11,0.019164,20.704428
165.500,26.8478,150.0000,67.2500,67.0075,4014.98,0.019177,20.704428
165.600,26.8478,150.0000,67.2500,67.0041,4015.79,0.019188,20.704428
165.700,26.8478,150.0000,67.1875,67.0007,4016.55,0.019199,20.704428
165.800,26.8478,150.0000,67.3125,66.9973,4017.26,0.019210,20.704428
165.900,26.8478,150.0000,67.1875,66.9939,4017.92,0.019219,20.704428
166.000,26.8130,150.0000,67.1250,66.9905,4018.19,0.019223,20.840258
166.100,26.8130,150.0000,67.1875,66.9872,4018.44,0.019226,20.840258
166.200,26.8130,150.0000,67.1875,66.9838,4018.67,0.019230,20.840258
166.300,26.8130,150.0000,67.1875,66.9804,4018.89,0.019233,20.840258
166.400,26.8130,150.0000,67.1250,66.9771,4019.10,0.019236,20.840258
166.500,26.8130,150.0000,67.1875,66.9737,4019.29,0.019239,20.840258
166.600,26.8130,150.0000,67.2500,66.9704,4019.46,0.019241,20.840258
166.700,26.8130,150.0000,67.0625,66.9671,4019.63,0.019244,20.840258
166.800,26.8130,150.0000,67.1875,66.9637,4019.78,0.019246,20.840258
166.900,26.8130,150.0000,67.1875,66.9604,4019.93,0.019248,20.840258
167.000,26.9488,150.0000,67.1875,66.9571,4021.42,0.019269,20.976089
167.100,26.9488,150.0000,67.1875,66.9538,4022.81,0.019289,20.976089
167.200,26.9488,150.0000,67.1875,66.9504,4024.12,0.019308,20.976089
167.300,26.9488,150.0000,67.1875,66.9471,4025.33,0.019325,20.976089
167.400,26.9488,150.0000,67.2500,66.9438,4026.46,0.019342,20.976089
167.500,26.9488,150.0000,67.1250,66.9405,4027.52,0.019357,20.976089
167.600,26.9488,150.0000,67.1250,66.9372,4028.51,0.019371,20.976089
167.700,26.9488,150.0000,67.1250,66.9338,4029.43,0.019385,20.976089
167.800,26.9488,150.0000,67.1875,66.9305,4030.29,0.019397,20.976089
167.900,26.9488,150.0000,67.1250,66.9272,4031.09,0.019409,20.976089
168.000,26.9101,150.0000,67.1250,66.9239,4031.45,0.019414,21.108038
168.100,26.9101,150.0000,67.1875,66.9206,4031.79,0.019419,21.108038
168.200,26.9101,150.0000,67.0000,66.9173,4032.10,0.019423,21.108038
168.300,26.9101,150.0000,67.1875,66.9140,4032.40,0.019427,21.108038
168.400,26.9101,150.0000,67.1250,66.9108,4032.67,0.019431,21.108038
168.500,26.9101,150.0000,67.1875,66.9075,4032.93,0.019435,21.108038
168.600,26.9101,150.0000,67.1250,66.9042,4033.17,0.019439,21.108038
168.700,26.9101,150.0000,67.0625,66.9010,4033.39,0.019442,21.108038
168.800,26.9101,150.0000,67.1250,66.8977,4033.60,0.019445,21.108038
168.900,26.9101,150.0000,67.0625,66.8945,4033.80,0.019448,21.108038
169.000,26.8675,150.0000,67.1250,66.8912,4033.55,0.019444,21.236107
169.100,26.8675,150.0000,67.1250,66.8880,4033.32,0.019441,21.236107
169.200,26.8675,150.0000,67.0625,66.8848,4033.11,0.019438,21.236107
169.300,26.8675,150.0000,67.0000,66.8815,4032.91,0.019435,21.236107
169.400,26.8675,150.0000,67.0625,66.8783,4032.73,0.019432,21.236107
169.500,26.8675,150.0000,67.1250,66.8751,4032.55,0.019430,21.236107
169.600,26.8675,150.0000,67.0000,66.8719,4032.39,0.019427,21.236107
169.700,26.8675,150.0000,67.1250,66.8688,4032.24,0.019425,21.236107
169.800,26.8675,150.0000,67.0000,66.8656,4032.10,0.019423,21.236107
169.900,26.8675,150.0000,67.0625,66.8624,4031.97,0.019421,21.236107
170.000,26.9956,150.0000,67.1250,66.8592,4033.13,0.019438,21.364175
170.100,26.9956,150.0000,67.0000,66.8561,4034.21,0.019454,21.364175
170.200,26.9956,150.0000,66.9375,66.8529,4035.22,0.019468,21.364175
170.300,26.9956,150.0000,67.0625,66.8497,4036.16,0.019482,21.364175
170.400,26.9956,150.0000,67.0000,66.8466,4037.04,0.019495,21.364175
170.500,26.9956,150.0000,67.1250,66.8434,4037.86,0.019506,21.364175
170.600,26.9956,150.0000,67.0000,66.8403,4038.62,0.019518,21.364175
170.700,26.9956,150.0000,67.0000,66.8371,4039.34,0.019528,21.364175
170.800,26.9956,150.0000,67.0625,66.8340,4040.00,0.019538,21.364175
170.900,26.9956,150.0000,67.0000,66.8308,4040.63,0.019547,21.364175
171.000,26.9491,150.0000,66.9375,66.8277,4040.74,0.019548,21.488363
171.100,26.9491,150.0000,66.9375,66.8246,4040.85,0.019550,21.488363
171.200,26.9491,150.0000,66.9375,66.8214,4040.95,0.019551,21.488363
171.300,26.9491,150.0000,66.9375,66.8183,4041.05,0.019553,21.488363
171.400,26.9491,150.0000,67.1250,66.8152,4041.14,0.019554,21.488363
171.500,26.9491,150.0000,67.0000,66.8121,4041.22,0.019555,21.488363
171.600,26.9491,150.0000,67.0000,66.8090,4041.30,0.019556,21.488363
171.700,26.9491,150.0000,67.0000,66.8059,4041.37,0.019557,21.488363
171.800,26.9491,150.0000,67.0625,66.8028,4041.43,0.019558,21.488363
171.900,26.9491,150.0000,67.0625,66.7997,4041.50,0.019559,21.488363
172.000,27.2479,150.0000,67.0000,66.7966,4044.54,0.019604,21.616432
172.100,27.2479,150.0000,66.9375,66.7936,4047.38,0.019645,21.616432
172.200,27.2479,150.0000,66.9375,66.7904,4050.04,0.019684,21.616432
172.300,27.2479,150.0000,67.0000,66.7873,4052.51,0.019720,21.616432
172.400,27.2479,150.0000,66.8750,66.7842,4054.83,0.019753,21.616432
172.500,27.2479,150.0000,67.0000,66.7811,4056.98,0.019785,21.616432
172.600,27.2479,150.0000,67.0000,66.7780,4059.00,0.019814,21.616432
172.700,27.2479,150.0000,67.0000,66.7748,4060.87,0.019842,21.616432
172.800,27.2479,150.0000,66.9375,66.7717,4062.63,0.019868,21.616432
172.900,27.2479,150.0000,67.0000,66.7686,4064.26,0.019892,21.616432
173.000,27.2014,150.0000,66.9375,66.7655,4065.33,0.019907,21.740619
173.100,27.2014,150.0000,66.8750,66.7623,4066.32,0.019922,21.740619
173.200,27.2014,150.0000,66.8750,66.7592,4067.25,0.019936,21.740619
173.300,27.2014,150.0000,66.9375,66.7561,4068.11,0.019948,21.740619
173.400,27.2014,150.0000,66.9375,66.7530,4068.92,0.019960,21.740619
173.500,27.2014,150.0000,67.0000,66.7498,4069.67,0.019971,21.740619
173.600,27.2014,150.0000,66.8750,66.7467,4070.37,0.019982,21.740619
173.700,27.2014,150.0000,66.8125,66.7436,4071.03,0.019991,21.740619
173.800,27.2014,150.0000,66.8750,66.7405,4071.64,0.020000,21.740619
173.900,27.2014,150.0000,67.0000,66.7374,4072.21,0.020009,21.740619
174.000,27.3256,150.0000,66.8750,66.7343,4073.99,0.020035,21.864807
174.100,27.3256,150.0000,66.9375,66.7312,4075.64,0.020059,21.864807
174.200,27.3256,150.0000,67.0000,66.7281,4077.19,0.020082,21.864807
174.300,27.3256,150.0000,67.0000,66.7250,4078.63,0.020103,21.864807
174.400,27.3256,150.0000,66.9375,66.7218,4079.98,0.020123,21.864807
174.500,27.3256,150.0000,66.9375,66.7187,4081.24,0.020142,21.864807
174.600,27.3256,150.0000,67.0000,66.7156,4082.41,0.020159,21.864807
174.700,27.3256,150.0000,66.9375,66.7125,4083.51,0.020176,21.864807
174.800,27.3256,150.0000,66.9375,66.7094,4084.53,0.020191,21.864807
174.900,27.3256,150.0000,66.8750,66.7063,4085.48,0.020205,21.864807
175.000,27.1007,150.0000,66.8125,66.7032,4084.12,0.020185,21.981233
175.100,27.1007,150.0000,66.8750,66.7001,4082.86,0.020166,21.981233
175.200,27.1007,150.0000,66.9375,66.6971,4081.67,0.020148,21.981233
175.300,27.1007,150.0000,66.8125,66.6940,4080.57,0.020132,21.981233
175.400,27.1007,150.0000,66.8750,66.6910,4079.54,0.020117,21.981233
175.500,27.1007,150.0000,66.8750,66.6879,4078.58,0.020103,21.981233
175.600,27.1007,150.0000,66.8750,66.6849,4077.68,0.020089,21.981233
175.700,27.1007,150.0000,66.8125,66.6819,4076.84,0.020077,21.981233
175.800,27.1007,150.0000,66.8125,66.6789,4076.06,0.020065,21.981233
175.900,27.1007,150.0000,66.8750,66.6759,4075.33,0.020055,21.981233
176.000,27.2171,150.0000,66.8125,66.6730,4075.81,0.020062,22.097659
176.100,27.2171,150.0000,66.8125,66.6700,4076.26,0.020068,22.097659
176.200,27.2171,150.0000,66.9375,66.6670,4076.68,0.020075,22.097659
176.300,27.2171,150.0000,66.8750,66.6640,4077.07,0.020080,22.097659
176.400,27.2171,150.0000,66.8750,66.6611,4077.44,0.020086,22.097659
176.500,27.2171,150.0000,66.8750,66.6581,4077.78,0.020091,22.097659
176.600,27.2171,150.0000,66.8125,66.6552,4078.10,0.020096,22.097659
176.700,27.2171,150.0000,66.8750,66.6522,4078.40,0.020100,22.097659
176.800,27.2171,150.0000,66.7500,66.6493,4078.68,0.020104,22.097659
176.900,27.2171,150.0000,66.8125,66.6463,4078.94,0.020108,22.097659
177.000,27.1590,150.0000,66.8750,66.6434,4078.60,0.020103,22.210204
177.100,27.1590,150.0000,66.8125,66.6405,4078.28,0.020098,22.210204
177.200,27.1590,150.0000,66.8125,66.6376,4077.99,0.020094,22.210204
177.300,27.1590,150.0000,66.8125,66.6347,4077.71,0.020090,22.210204
177.400,27.1590,150.0000,66.7500,66.6318,4077.46,0.020086,22.210204
177.500,27.1590,150.0000,66.7500,66.6289,4077.22,0.020082,22.210204
177.600,27.1590,150.0000,66.8125,66.6260,4076.99,0.020079,22.210204
177.700,27.1590,150.0000,66.6250,66.6231,4076.78,0.020076,22.210204
177.800,27.1590,150.0000,66.8750,66.6203,4076.59,0.020073,22.210204
177.900,27.1590,150.0000,66.7500,66.6174,4076.41,0.020071,22.210204
178.000,27.0971,150.0000,66.7500,66.6146,4075.62,0.020059,22.318869
178.100,27.0971,150.0000,66.6250,66.6117,4074.88,0.020048,22.318869
178.200,27.0971,150.0000,66.8750,66.6089,4074.19,0.020038,22.318869
178.300,27.0971,150.0000,66.8125,66.6061,4073.55,0.020028,22.318869
178.400,27.0971,150.0000,66.8125,66.6033,4072.95,0.020019,22.318869
178.500,27.0971,150.0000,66.8125,66.6005,4072.39,0.020011,22.318869
178.600,27.0971,150.0000,66.6875,66.5977,4071.87,0.020004,22.318869
178.700,27.0971,150.0000,66.7500,66.5949,4071.38,0.019996,22.318869
178.800,27.0971,150.0000,66.8125,66.5921,4070.93,0.019990,22.318869
178.900,27.0971,150.0000,66.7500,66.5893,4070.50,0.019983,22.318869
179.000,27.2057,150.0000,66.6875,66.5866,4071.19,0.019994,22.427533
179.100,27.2057,150.0000,66.6875,66.5838,4071.84,0.020003,22.427533
179.200,27.2057,150.0000,66.7500,66.5811,4072.44,0.020012,22.427533
179.300,27.2057,150.0000,66.7500,66.5783,4073.00,0.020020,22.427533
179.400,27.2057,150.0000,66.8125,66.5756,4073.52,0.020028,22.427533
179.500,27.2057,150.0000,66.8125,66.5728,4074.01,0.020035,22.427533
179.600,27.2057,150.0000,66.8125,66.5701,4074.47,0.020042,22.427533
179.700,27.2057,150.0000,66.6250,66.5673,4074.89,0.020048,22.427533
179.800,27.2057,150.0000,66.7500,66.5646,4075.29,0.020054,22.427533
179.900,27.2057,150.0000,66.8125,66.5619,4075.66,0.020060,22.427533
180.000,27.4889,150.0000,66.7500,66.5591,4078.84,0.020107,22.540078
180.100,27.4889,150.0000,66.6875,66.5564,4081.81,0.020150,22.540078
180.200,27.4889,150.0000,66.6875,66.5536,4084.58,0.020191,22.540078
180.300,27.4889,150.0000,66.7500,66.5508,4087.16,0.020230,22.540078
180.400,27.4889,150.0000,66.7500,66.5481,4089.57,0.020266,22.540078
180.500,27.4889,150.0000,66.6875,66.5453,4091.82,0.020299,22.540078
180.600,27.4889,150.0000,66.6875,66.5425,4093.92,0.020330,22.540078
180.700,27.4889,150.0000,66.7500,66.5397,4095.88,0.020360,22.540078
180.800,27.4889,150.0000,66.6875,66.5369,4097.71,0.020387,22.540078
180.900,27.4889,150.0000,66.7500,66.5341,4099.42,0.020412,22.540078
181.000,27.4269,150.0000,66.6875,66.5313,4100.40,0.020427,22.648742
181.100,27.4269,150.0000,66.7500,66.5285,4101.31,0.020441,22.648742
181.200,27.4269,150.0000,66.7500,66.5257,4102.16,0.020453,22.648742
181.300,27.4269,150.0000,66.6875,66.5229,4102.95,0.020465,22.648742
181.400,27.4269,150.0000,66.6875,66.5202,4103.69,0.020476,22.648742
181.500,27.4269,150.0000,66.8125,66.5174,4104.38,0.020487,22.648742
181.600,27.4269,150.0000,66.6875,66.5146,4105.02,0.020496,22.648742
181.700,27.4269,150.0000,66.8125,66.5118,4105.62,0.020505,22.648742
181.800,27.4269,150.0000,66.6875,66.5090,4106.18,0.020514,22.648742
181.900,27.4269,150.0000,66.6875,66.5063,4106.71,0.020521,22.648742
182.000,27.3611,150.0000,66.6250,66.5035,4106.54,0.020519,22.753526
182.100,27.3611,150.0000,66.7500,66.5007,4106.38,0.020517,22.753526
182.200,27.3611,150.0000,66.6875,66.4980,4106.23,0.020514,22.753526
182.300,27.3611,150.0000,66.6250,66.4952,4106.09,0.020512,22.753526
182.400,27.3611,150.0000,66.6250,66.4925,4105.96,0.020510,22.753526
182.500,27.3611,150.0000,66.6250,66.4898,4105.84,0.020508,22.753526
182.600,27.3611,150.0000,66.6875,66.4870,4105.73,0.020507,22.753526
182.700,27.3611,150.0000,66.6250,66.4843,4105.63,0.020505,22.753526
182.800,27.3611,150.0000,66.7500,66.4816,4105.53,0.020504,22.753526
182.900,27.3611,150.0000,66.6250,66.4789,4105.44,0.020502,22.753526
183.000,27.2913,150.0000,66.6875,66.4762,4104.65,0.020491,22.854428
183.100,27.2913,150.0000,66.6250,66.4735,4103.92,0.020480,22.854428
183.200,27.2913,150.0000,66.6250,66.4708,4103.24,0.020470,22.854428
183.300,27.2913,150.0000,66.6250,66.4682,4102.61,0.020460,22.854428
183.400,27.2913,150.0000,66.5000,66.4655,4102.01,0.020451,22.854428
183.500,27.2913,150.0000,66.6250,66.4629,4101.46,0.020443,22.854428
183.600,27.2913,150.0000,66.5625,66.4602,4100.94,0.020435,22.854428
183.700,27.2913,150.0000,66.6250,66.4576,4100.46,0.020428,22.854428
183.800,27.2913,150.0000,66.6250,66.4550,4100.01,0.020421,22.854428
183.900,27.2913,150.0000,66.5625,66.4524,4099.59,0.020415,22.854428
184.000,27.2177,150.0000,66.5000,66.4498,4098.46,0.020398,22.951450
184.100,27.2177,150.0000,66.8125,66.4472,4097.40,0.020382,22.951450
184.200,27.2177,150.0000,66.6250,66.4446,4096.42,0.020368,22.951450
184.300,27.2177,150.0000,66.5625,66.4420,4095.50,0.020354,22.951450
184.400,27.2177,150.0000,66.6250,66.4395,4094.65,0.020341,22.951450
184.500,27.2177,150.0000,66.6250,66.4369,4093.85,0.020329,22.951450
184.600,27.2177,150.0000,66.6250,66.4344,4093.10,0.020318,22.951450
184.700,27.2177,150.0000,66.6250,66.4318,4092.40,0.020308,22.951450
184.800,27.2177,150.0000,66.5625,66.4293,4091.75,0.020298,22.951450
184.900,27.2177,150.0000,66.5625,66.4268,4091.15,0.020289,22.951450
185.000,27.3147,150.0000,66.6250,66.4243,4091.55,0.020295,23.048472
185.100,27.3147,150.0000,66.5625,66.4218,4091.93,0.020301,23.048472
185.200,27.3147,150.0000,66.5625,66.4193,4092.28,0.020306,23.048472
185.300,27.3147,150.0000,66.5625,66.4168,4092.61,0.020311,23.048472
185.400,27.3147,150.0000,66.6250,66.4143,4092.91,0.020315,23.048472
185.500,27.3147,150.0000,66.5625,66.4118,4093.20,0.020320,23.048472
185.600,27.3147,150.0000,66.5000,66.4093,4093.47,0.020324,23.048472
185.700,27.3147,150.0000,66.5625,66.4068,4093.72,0.020327,23.048472
185.800,27.3147,150.0000,66.5000,66.4043,4093.95,0.020331,23.048472
185.900,27.3147,150.0000,66.5000,66.4019,4094.17,0.020334,23.048472
186.000,27.2372,150.0000,66.4375,66.3994,4093.59,0.020325,23.141613
186.100,27.2372,150.0000,66.6250,66.3970,4093.06,0.020318,23.141613
186.200,27.2372,150.0000,66.5625,66.3945,4092.56,0.020310,23.141613
186.300,27.2372,150.0000,66.5625,66.3921,4092.10,0.020303,23.141613
186.400,27.2372,150.0000,66.5625,66.3896,4091.66,0.020297,23.141613
186.500,27.2372,150.0000,66.5625,66.3872,4091.26,0.020291,23.141613
186.600,27.2372,150.0000,66.5000,66.3848,4090.88,0.020285,23.141613
186.700,27.2372,150.0000,66.5000,66.3824,4090.52,0.020280,23.141613
186.800,27.2372,150.0000,66.5625,66.3800,4090.20,0.020275,23.141613
186.900,27.2372,150.0000,66.5625,66.3776,4089.89,0.020270,23.141613
187.000,27.5049,150.0000,66.5000,66.3752,4092.28,0.020306,23.238634
187.100,27.5049,150.0000,66.5625,66.3728,4094.51,0.020339,23.238634
187.200,27.5049,150.0000,66.5000,66.3703,4096.59,0.020370,23.238634
187.300,27.5049,150.0000,66.5625,66.3679,4098.53,0.020399,23.238634
187.400,27.5049,150.0000,66.5000,66.3655,4100.34,0.020426,23.238634
187.500,27.5049,150.0000,66.5625,66.3631,4102.04,0.020451,23.238634
187.600,27.5049,150.0000,66.5000,66.3606,4103.62,0.020475,23.238634
187.700,27.5049,150.0000,66.5000,66.3582,4105.09,0.020497,23.238634
187.800,27.5049,150.0000,66.5625,66.3558,4106.47,0.020518,23.238634
187.900,27.5049,150.0000,66.5625,66.3533,4107.75,0.020537,23.238634
188.000,27.6019,150.0000,66.5000,66.3509,4109.92,0.020570,23.335656
188.100,27.6019,150.0000,66.4375,66.3484,4111.94,0.020600,23.335656
188.200,27.6019,150.0000,66.5000,66.3460,4113.83,0.020628,23.335656
188.300,27.6019,150.0000,66.5000,66.3435,4115.60,0.020655,23.335656
188.400,27.6019,150.0000,66.4375,66.3411,4117.24,0.020680,23.335656
188.500,27.6019,150.0000,66.5000,66.3386,4118.78,0.020703,23.335656
188.600,27.6019,150.0000,66.4375,66.3361,4120.21,0.020725,23.335656
188.700,27.6019,150.0000,66.4375,66.3337,4121.55,0.020745,23.335656
188.800,27.6019,150.0000,66.5000,66.3312,4122.80,0.020764,23.335656
188.900,27.6019,150.0000,66.4375,66.3287,4123.97,0.020781,23.335656
189.000,27.3499,150.0000,66.5000,66.3263,4122.53,0.020760,23.424916
189.100,27.3499,150.0000,66.3750,66.3238,4121.20,0.020739,23.424916
189.200,27.3499,150.0000,66.4375,66.3214,4119.95,0.020721,23.424916
189.300,27.3499,150.0000,66.5000,66.3190,4118.78,0.020703,23.424916
189.400,27.3499,150.0000,66.5000,66.3166,4117.70,0.020687,23.424916
189.500,27.3499,150.0000,66.4375,66.3142,4116.68,0.020671,23.424916
189.600,27.3499,150.0000,66.3125,66.3118,4115.73,0.020657,23.424916
189.700,27.3499,150.0000,66.4375,66.3094,4114.85,0.020644,23.424916
189.800,27.3499,150.0000,66.4375,66.3070,4114.03,0.020631,23.424916
189.900,27.3499,150.0000,66.4375,66.3047,4113.26,0.020620,23.424916
190.000,27.4391,150.0000,66.5000,66.3023,4113.43,0.020622,23.514176
190.100,27.4391,150.0000,66.3125,66.3000,4113.59,0.020625,23.514176
190.200,27.4391,150.0000,66.4375,66.2976,4113.74,0.020627,23.514176
190.300,27.4391,150.0000,66.3750,66.2953,4113.89,0.020629,23.514176
190.400,27.4391,150.0000,66.5625,66.2929,4114.02,0.020631,23.514176
190.500,27.4391,150.0000,66.4375,66.2906,4114.14,0.020633,23.514176
190.600,27.4391,150.0000,66.5000,66.2883,4114.26,0.020635,23.514176
190.700,27.4391,150.0000,66.4375,66.2860,4114.36,0.020636,23.514176
190.800,27.4391,150.0000,66.4375,66.2836,4114.46,0.020638,23.514176
190.900,27.4391,150.0000,66.4375,66.2813,4114.56,0.020639,23.514176
191.000,27.5284,150.0000,66.3125,66.2790,4115.54,0.020654,23.603436
191.100,27.5284,150.0000,66.4375,66.2767,4116.45,0.020668,23.603436
191.200,27.5284,150.0000,66.3750,66.2744,4117.31,0.020681,23.603436
191.300,27.5284,150.0000,66.5625,66.2721,4118.10,0.020693,23.603436
191.400,27.5284,150.0000,66.5000,66.2698,4118.85,0.020704,23.603436
191.500,27.5284,150.0000,66.2500,66.2675,4119.54,0.020714,23.603436
191.600,27.5284,150.0000,66.3750,66.2651,4120.19,0.020724,23.603436
191.700,27.5284,150.0000,66.5000,66.2628,4120.79,0.020733,23.603436
191.800,27.5284,150.0000,66.4375,66.2605,4121.36,0.020742,23.603436
191.900,27.5284,150.0000,66.3125,66.2582,4121.88,0.020750,23.603436
192.000,27.2686,150.0000,66.3750,66.2559,4119.78,0.020718,23.684934
192.100,27.2686,150.0000,66.4375,66.2537,4117.81,0.020688,23.684934
192.200,27.2686,150.0000,66.3750,66.2514,4115.98,0.020661,23.684934
192.300,27.2686,150.0000,66.3750,66.2492,4114.26,0.020635,23.684934
192.400,27.2686,150.0000,66.4375,66.2470,4112.66,0.020611,23.684934
192.500,27.2686,150.0000,66.4375,66.2447,4111.17,0.020588,23.684934
192.600,27.2686,150.0000,66.3750,66.2425,4109.78,0.020568,23.684934
192.700,27.2686,150.0000,66.4375,66.2403,4108.48,0.020548,23.684934
192.800,27.2686,150.0000,66.3750,66.2382,4107.27,0.020530,23.684934
192.900,27.2686,150.0000,66.2500,66.2360,4106.14,0.020513,23.684934
193.000,27.1755,150.0000,66.3750,66.2338,4104.15,0.020483,23.762551
193.100,27.1755,150.0000,66.3750,66.2317,4102.29,0.020455,23.762551
193.200,27.1755,150.0000,66.3125,66.2296,4100.56,0.020429,23.762551
193.300,27.1755,150.0000,66.3750,66.2275,4098.95,0.020405,23.762551
193.400,27.1755,150.0000,66.3750,66.2254,4097.44,0.020383,23.762551
193.500,27.1755,150.0000,66.3750,66.2233,4096.03,0.020362,23.762551
193.600,27.1755,150.0000,66.3125,66.2212,4094.72,0.020342,23.762551
193.700,27.1755,150.0000,66.3750,66.2192,4093.49,0.020324,23.762551
193.800,27.1755,150.0000,66.3750,66.2171,4092.35,0.020307,23.762551
193.900,27.1755,150.0000,66.3125,66.2151,4091.28,0.020291,23.762551
194.000,27.4277,150.0000,66.3125,66.2130,4092.81,0.020314,23.844050
194.100,27.4277,150.0000,66.3125,66.2110,4094.23,0.020335,23.844050
194.200,27.4277,150.0000,66.2500,66.2089,4095.56,0.020355,23.844050
194.300,27.4277,150.0000,66.3750,66.2069,4096.80,0.020373,23.844050
194.400,27.4277,150.0000,66.3750,66.2048,4097.95,0.020390,23.844050
194.500,27.4277,150.0000,66.1875,66.2027,4099.03,0.020407,23.844050
194.600,27.4277,150.0000,66.3750,66.2007,4100.04,0.020422,23.844050
194.700,27.4277,150.0000,66.3125,66.1986,4100.98,0.020436,23.844050
194.800,27.4277,150.0000,66.3125,66.1966,4101.86,0.020449,23.844050
194.900,27.4277,150.0000,66.3125,66.1945,4102.68,0.020461,23.844050
195.000,27.5092,150.0000,66.2500,66.1925,4104.26,0.020485,23.925548
195.100,27.5092,150.0000,66.3125,66.1904,4105.73,0.020507,23.925548
195.200,27.5092,150.0000,66.3125,66.1883,4107.11,0.020527,23.925548
195.300,27.5092,150.0000,66.3125,66.1863,4108.40,0.020547,23.925548
195.400,27.5092,150.0000,66.3750,66.1842,4109.59,0.020565,23.925548
195.500,27.5092,150.0000,66.2500,66.1821,4110.71,0.020582,23.925548
195.600,27.5092,150.0000,66.3125,66.1800,4111.76,0.020597,23.925548
195.700,27.5092,150.0000,66.3750,66.1780,4112.73,0.020612,23.925548
195.800,27.5092,150.0000,66.3750,66.1759,4113.64,0.020626,23.925548
195.900,27.5092,150.0000,66.3125,66.1738,4114.49,0.020638,23.925548
196.000,27.5907,150.0000,66.3125,66.1717,4116.10,0.020663,24.007046
196.100,27.5907,150.0000,66.3125,66.1697,4117.60,0.020685,24.007046
196.200,27.5907,150.0000,66.2500,66.1676,4119.00,0.020706,24.007046
196.300,27.5907,150.0000,66.2500,66.1655,4120.31,0.020726,24.007046
196.400,27.5907,150.0000,66.3750,66.1634,4121.53,0.020744,24.007046
196.500,27.5907,150.0000,66.3750,66.1613,4122.66,0.020762,24.007046
196.600,27.5907,150.0000,66.3125,66.1592,4123.73,0.020778,24.007046
196.700,27.5907,150.0000,66.1875,66.1571,4124.72,0.020793,24.007046
196.800,27.5907,150.0000,66.2500,66.1550,4125.64,0.020807,24.007046
196.900,27.5907,150.0000,66.3125,66.1529,4126.51,0.020820,24.007046
197.000,27.6722,150.0000,66.2500,66.1508,4128.13,0.020844,24.088544
197.100,27.6722,150.0000,66.2500,66.1487,4129.64,0.020867,24.088544
197.200,27.6722,150.0000,66.1875,66.1466,4131.05,0.020889,24.088544
197.300,27.6722,150.0000,66.1875,66.1445,4132.37,0.020909,24.088544
197.400,27.6722,150.0000,66.3125,66.1424,4133.60,0.020927,24.088544
197.500,27.6722,150.0000,66.2500,66.1403,4134.75,0.020945,24.088544
197.600,27.6722,150.0000,66.3125,66.1382,4135.82,0.020961,24.088544
197.700,27.6722,150.0000,66.3125,66.1361,4136.82,0.020976,24.088544
197.800,27.6722,150.0000,66.3125,66.1340,4137.76,0.020990,24.088544
197.900,27.6722,150.0000,66.3125,66.1319,4138.63,0.021004,24.088544
198.000,27.7537,150.0000,66.3750,66.1298,4140.26,0.021028,24.170043
198.100,27.7537,150.0000,66.3125,66.1277,4141.78,0.021052,24.170043
198.200,27.7537,150.0000,66.4375,66.1255,4143.19,0.021073,24.170043
198.300,27.7537,150.0000,66.2500,66.1234,4144.52,0.021093,24.170043
198.400,27.7537,150.0000,66.1875,66.1213,4145.75,0.021112,24.170043
198.500,27.7537,150.0000,66.1875,66.1192,4146.91,0.021130,24.170043
198.600,27.7537,150.0000,66.3125,66.1171,4147.98,0.021146,24.170043
198.700,27.7537,150.0000,66.1875,66.1149,4148.99,0.021162,24.170043
198.800,27.7537,150.0000,66.1250,66.1128,4149.93,0.021176,24.170043
198.900,27.7537,150.0000,66.1875,66.1107,4150.80,0.021190,24.170043
199.000,27.4861,150.0000,66.1875,66.1086,4148.94,0.021161,24.243779
199.100,27.4861,150.0000,66.3125,66.1065,4147.21,0.021135,24.243779
199.200,27.4861,150.0000,66.2500,66.1044,4145.59,0.021110,24.243779
199.300,27.4861,150.0000,66.1875,66.1023,4144.08,0.021087,24.243779
199.400,27.4861,150.0000,66.2500,66.1003,4142.67,0.021065,24.243779
199.500,27.4861,150.0000,66.2500,66.0982,4141.35,0.021045,24.243779
199.600,27.4861,150.0000,66.2500,66.0962,4140.12,0.021026,24.243779
199.700,27.4861,150.0000,66.2500,66.0941,4138.97,0.021009,24.243779
199.800,27.4861,150.0000,66.1875,66.0921,4137.90,0.020993,24.243779
199.900,27.4861,150.0000,66.2500,66.0901,4136.90,0.020977,24.243779
200.000,27.7344,150.0000,66.2500,66.0881,4138.45,0.021001,24.321396
200.100,27.7344,150.0000,66.2500,66.0861,4139.90,0.021023,24.321396
200.200,27.7344,150.0000,66.1875,66.0841,4141.25,0.021044,24.321396
200.300,27.7344,150.0000,66.2500,66.0821,4142.51,0.021063,24.321396
200.400,27.7344,150.0000,66.2500,66.0800,4143.69,0.021081,24.321396
200.500,27.7344,150.0000,66.1875,66.0780,4144.79,0.021098,24.321396
200.600,27.7344,150.0000,66.2500,66.0760,4145.81,0.021113,24.321396
200.700,27.7344,150.0000,66.1875,66.0740,4146.77,0.021128,24.321396
200.800,27.7344,150.0000,66.1875,66.0720,4147.66,0.021142,24.321396
200.900,27.7344,150.0000,66.1250,66.0699,4148.49,0.021154,24.321396
201.000,27.4629,150.0000,66.1250,66.0679,4146.56,0.021125,24.391252
201.100,27.4629,150.0000,66.2500,66.0659,4144.75,0.021097,24.391252
201.200,27.4629,150.0000,66.1875,66.0639,4143.06,0.021071,24.391252
201.300,27.4629,150.0000,66.1250,66.0620,4141.49,0.021047,24.391252
201.400,27.4629,150.0000,66.0625,66.0600,4140.02,0.021025,24.391252
201.500,27.4629,150.0000,66.1875,66.0581,4138.65,0.021004,24.391252
201.600,27.4629,150.0000,66.1875,66.0561,4137.37,0.020984,24.391252
201.700,27.4629,150.0000,66.1875,66.0542,4136.17,0.020966,24.391252
201.800,27.4629,150.0000,66.2500,66.0523,4135.06,0.020949,24.391252
201.900,27.4629,150.0000,66.1875,66.0504,4134.01,0.020934,24.391252
202.000,27.7073,150.0000,66.1875,66.0485,4135.49,0.020956,24.464988
202.100,27.7073,150.0000,66.1250,66.0466,4136.86,0.020977,24.464988
202.200,27.7073,150.0000,66.1875,66.0447,4138.14,0.020996,24.464988
202.300,27.7073,150.0000,66.2500,66.0428,4139.34,0.021015,24.464988
202.400,27.7073,150.0000,66.1875,66.0408,4140.46,0.021032,24.464988
202.500,27.7073,150.0000,66.1875,66.0389,4141.50,0.021047,24.464988
202.600,27.7073,150.0000,66.1250,66.0370,4142.47,0.021062,24.464988
202.700,27.7073,150.0000,66.1875,66.0351,4143.38,0.021076,24.464988
202.800,27.7073,150.0000,66.2500,66.0332,4144.23,0.021089,24.464988
202.900,27.7073,150.0000,66.1875,66.0313,4145.02,0.021101,24.464988
203.000,27.7811,150.0000,66.1875,66.0293,4146.50,0.021124,24.538725
203.100,27.7811,150.0000,66.1250,66.0274,4147.87,0.021145,24.538725
203.200,27.7811,150.0000,66.1875,66.0255,4149.16,0.021164,24.538725
203.300,27.7811,150.0000,66.1250,66.0236,4150.36,0.021183,24.538725
203.400,27.7811,150.0000,66.1250,66.0216,4151.48,0.021200,24.538725
203.500,27.7811,150.0000,66.0625,66.0197,4152.53,0.021216,24.538725
203.600,27.7811,150.0000,66.1250,66.0178,4153.50,0.021231,24.538725
203.700,27.7811,150.0000,66.1250,66.0158,4154.41,0.021245,24.538725
203.800,27.7811,150.0000,66.1250,66.0139,4155.26,0.021258,24.538725
203.900,27.7811,150.0000,66.1250,66.0120,4156.05,0.021270,24.538725
204.000,27.6803,150.0000,66.1250,66.0100,4155.79,0.021266,24.608581
204.100,27.6803,150.0000,66.1250,66.0081,4155.54,0.021262,24.608581
204.200,27.6803,150.0000,66.1250,66.0062,4155.30,0.021259,24.608581
204.300,27.6803,150.0000,66.1250,66.0043,4155.09,0.021255,24.608581
204.400,27.6803,150.0000,66.0625,66.0024,4154.88,0.021252,24.608581
204.500,27.6803,150.0000,66.1250,66.0005,4154.69,0.021249,24.608581
204.600,27.6803,150.0000,66.1250,65.9986,4154.52,0.021247,24.608581
204.700,27.6803,150.0000,66.0625,65.9967,4154.35,0.021244,24.608581
204.800,27.6803,150.0000,66.0625,65.9948,4154.20,0.021242,24.608581
204.900,27.6803,150.0000,66.0625,65.9929,4154.05,0.021239,24.608581
205.000,27.5756,150.0000,66.0625,65.9910,4152.87,0.021221,24.674555
205.100,27.5756,150.0000,66.1250,65.9892,4151.77,0.021204,24.674555
205.200,27.5756,150.0000,66.1250,65.9873,4150.74,0.021189,24.674555
205.300,27.5756,150.0000,66.1875,65.9855,4149.78,0.021174,24.674555
205.400,27.5756,150.0000,66.0625,65.9837,4148.89,0.021160,24.674555
205.500,27.5756,150.0000,66.0625,65.9818,4148.05,0.021147,24.674555
205.600,27.5756,150.0000,66.0625,65.9800,4147.27,0.021136,24.674555
205.700,27.5756,150.0000,66.1250,65.9782,4146.54,0.021124,24.674555
205.800,27.5756,150.0000,66.1250,65.9764,4145.86,0.021114,24.674555
205.900,27.5756,150.0000,66.0625,65.9746,4145.23,0.021104,24.674555
206.000,27.6416,150.0000,66.0625,65.9728,4145.29,0.021105,24.740530
206.100,27.6416,150.0000,66.0625,65.9710,4145.36,0.021106,24.740530
206.200,27.6416,150.0000,66.0625,65.9693,4145.41,0.021107,24.740530
206.300,27.6416,150.0000,66.0625,65.9675,4145.47,0.021108,24.740530
206.400,27.6416,150.0000,66.1250,65.9657,4145.52,0.021109,24.740530
206.500,27.6416,150.0000,66.0625,65.9639,4145.57,0.021110,24.740530
206.600,27.6416,150.0000,66.0625,65.9622,4145.61,0.021110,24.740530
206.700,27.6416,150.0000,66.1250,65.9604,4145.65,0.021111,24.740530
206.800,27.6416,150.0000,66.0000,65.9586,4145.69,0.021111,24.740530
206.900,27.6416,150.0000,66.0625,65.9569,4145.73,0.021112,24.740530
207.000,27.7075,150.0000,66.0000,65.9551,4146.42,0.021123,24.806505
207.100,27.7075,150.0000,66.0625,65.9534,4147.07,0.021132,24.806505
207.200,27.7075,150.0000,66.0000,65.9516,4147.67,0.021142,24.806505
207.300,27.7075,150.0000,66.1250,65.9499,4148.24,0.021150,24.806505
207.400,27.7075,150.0000,66.0625,65.9481,4148.76,0.021158,24.806505
207.500,27.7075,150.0000,66.1250,65.9464,4149.26,0.021166,24.806505
207.600,27.7075,150.0000,66.0000,65.9446,4149.71,0.021173,24.806505
207.700,27.7075,150.0000,66.0625,65.9429,4150.14,0.021179,24.806505
207.800,27.7075,150.0000,66.1250,65.9411,4150.54,0.021186,24.806505
207.900,27.7075,150.0000,66.0625,65.9394,4150.91,0.021191,24.806505
208.000,27.7735,150.0000,66.0000,65.9376,4151.92,0.021207,24.872480
208.100,27.7735,150.0000,66.0625,65.9359,4152.86,0.021221,24.872480
208.200,27.7735,150.0000,66.0625,65.9341,4153.74,0.021235,24.872480
208.300,27.7735,150.0000,66.0000,65.9324,4154.56,0.021247,24.872480
208.400,27.7735,150.0000,66.0000,65.9306,4155.32,0.021259,24.872480
208.500,27.7735,150.0000,66.0625,65.9289,4156.04,0.021270,24.872480
208.600,27.7735,150.0000,66.0625,65.9271,4156.70,0.021280,24.872480
208.700,27.7735,150.0000,65.9375,65.9254,4157.32,0.021290,24.872480
208.800,27.7735,150.0000,66.1250,65.9236,4157.91,0.021299,24.872480
208.900,27.7735,150.0000,66.0000,65.9219,4158.45,0.021307,24.872480
209.000,27.6650,150.0000,66.0625,65.9201,4157.87,0.021298,24.934573
209.100,27.6650,150.0000,66.0000,65.9184,4157.33,0.021290,24.934573
209.200,27.6650,150.0000,66.0625,65.9167,4156.82,0.021282,24.934573
209.300,27.6650,150.0000,66.0625,65.9150,4156.35,0.021275,24.934573
209.400,27.6650,150.0000,66.0625,65.9133,4155.91,0.021268,24.934573
209.500,27.6650,150.0000,65.9375,65.9116,4155.50,0.021262,24.934573
209.600,27.6650,150.0000,66.0000,65.9098,4155.11,0.021256,24.934573
209.700,27.6650,150.0000,66.0625,65.9082,4154.76,0.021250,24.934573
209.800,27.6650,150.0000,66.0000,65.9065,4154.42,0.021245,24.934573
209.900,27.6650,150.0000,66.0000,65.9048,4154.11,0.021240,24.934573
210.000,27.7271,150.0000,66.0000,65.9031,4154.44,0.021245,24.996667
210.100,27.7271,150.0000,66.0000,65.9014,4154.75,0.021250,24.996667
210.200,27.7271,150.0000,66.0000,65.8997,4155.04,0.021254,24.996667
210.300,27.7271,150.0000,66.0000,65.8981,4155.30,0.021259,24.996667
210.400,27.7271,150.0000,66.0000,65.8964,4155.55,0.021262,24.996667
210.500,27.7271,150.0000,66.0000,65.8947,4155.79,0.021266,24.996667
210.600,27.7271,150.0000,66.0000,65.8930,4156.01,0.021269,24.996667
210.700,27.7271,150.0000,66.0000,65.8914,4156.21,0.021272,24.996667
210.800,27.7271,150.0000,66.0000,65.8897,4156.40,0.021275,24.996667
210.900,27.7271,150.0000,66.0000,65.8881,4156.58,0.021278,24.996667
211.000,27.7892,150.0000,66.0625,65.8864,4157.36,0.021290,25.058761
211.100,27.7892,150.0000,65.8750,65.8847,4158.10,0.021301,25.058761
211.200,27.7892,150.0000,66.1250,65.8831,4158.78,0.021312,25.058761
211.300,27.7892,150.0000,65.9375,65.8814,4159.42,0.021322,25.058761
211.400,27.7892,150.0000,65.9375,65.8797,4160.02,0.021331,25.058761
211.500,27.7892,150.0000,65.9375,65.8781,4160.58,0.021340,25.058761
211.600,27.7892,150.0000,66.0000,65.8764,4161.09,0.021348,25.058761
211.700,27.7892,150.0000,65.9375,65.8748,4161.58,0.021355,25.058761
211.800,27.7892,150.0000,66.0625,65.8731,4162.03,0.021362,25.058761
211.900,27.7892,150.0000,66.0000,65.8715,4162.46,0.021369,25.058761
212.000,27.8512,150.0000,65.9375,65.8698,4163.47,0.021384,25.120855
212.100,27.8512,150.0000,65.9375,65.8681,4164.42,0.021399,25.120855
212.200,27.8512,150.0000,66.0000,65.8665,4165.30,0.021412,25.120855
212.300,27.8512,150.0000,66.0625,65.8648,4166.13,0.021425,25.120855
212.400,27.8512,150.0000,66.0000,65.8632,4166.90,0.021437,25.120855
212.500,27.8512,150.0000,65.9375,65.8615,4167.62,0.021448,25.120855
212.600,27.8512,150.0000,65.8750,65.8598,4168.29,0.021459,25.120855
212.700,27.8512,150.0000,66.0000,65.8582,4168.92,0.021468,25.120855
212.800,27.8512,150.0000,65.9375,65.8565,4169.50,0.021477,25.120855
212.900,27.8512,150.0000,65.8750,65.8549,4170.05,0.021486,25.120855
213.000,27.5643,150.0000,65.9375,65.8532,4167.69,0.021449,25.175187
213.100,27.5643,150.0000,65.9375,65.8516,4165.48,0.021415,25.175187
213.200,27.5643,150.0000,65.9375,65.8500,4163.43,0.021384,25.175187
213.300,27.5643,150.0000,65.9375,65.8484,4161.51,0.021354,25.175187
213.400,27.5643,150.0000,65.8750,65.8468,4159.72,0.021326,25.175187
213.500,27.5643,150.0000,66.0000,65.8452,4158.05,0.021301,25.175187
213.600,27.5643,150.0000,65.9375,65.8437,4156.49,0.021277,25.175187
213.700,27.5643,150.0000,65.9375,65.8421,4155.03,0.021254,25.175187
213.800,27.5643,150.0000,65.9375,65.8406,4153.67,0.021234,25.175187
213.900,27.5643,150.0000,66.0000,65.8391,4152.40,0.021214,25.175187
214.000,27.9677,150.0000,65.9375,65.8375,4155.25,0.021258,25.237281
214.100,27.9677,150.0000,65.9375,65.8360,4157.91,0.021299,25.237281
214.200,27.9677,150.0000,65.8750,65.8344,4160.39,0.021337,25.237281
214.300,27.9677,150.0000,65.8750,65.8328,4162.71,0.021372,25.237281
214.400,27.9677,150.0000,65.9375,65.8313,4164.87,0.021406,25.237281
214.500,27.9677,150.0000,66.0000,65.8297,4166.89,0.021437,25.237281
214.600,27.9677,150.0000,65.8750,65.8281,4168.78,0.021466,25.237281
214.700,27.9677,150.0000,65.9375,65.8265,4170.53,0.021493,25.237281
214.800,27.9677,150.0000,65.8750,65.8249,4172.18,0.021519,25.237281
214.900,27.9677,150.0000,65.8750,65.8233,4173.71,0.021542,25.237281
215.000,27.6807,150.0000,65.9375,65.8217,4172.27,0.021520,25.291613
215.100,27.6807,150.0000,65.9375,65.8201,4170.92,0.021499,25.291613
215.200,27.6807,150.0000,66.0000,65.8185,4169.67,0.021480,25.291613
215.300,27.6807,150.0000,65.8750,65.8169,4168.50,0.021462,25.291613
215.400,27.6807,150.0000,65.8750,65.8154,4167.41,0.021445,25.291613
215.500,27.6807,150.0000,65.8750,65.8138,4166.39,0.021429,25.291613
215.600,27.6807,150.0000,66.0000,65.8123,4165.43,0.021414,25.291613
215.700,27.6807,150.0000,65.8750,65.8108,4164.54,0.021401,25.291613
215.800,27.6807,150.0000,65.8750,65.8092,4163.72,0.021388,25.291613
215.900,27.6807,150.0000,66.0000,65.8077,4162.94,0.021376,25.291613
216.000,28.0841,150.0000,65.9375,65.8062,4166.25,0.021427,25.353707
216.100,28.0841,150.0000,65.8125,65.8047,4169.34,0.021475,25.353707
216.200,28.0841,150.0000,66.0000,65.8031,4172.23,0.021519,25.353707
216.300,28.0841,150.0000,65.9375,65.8015,4174.92,0.021561,25.353707
216.400,28.0841,150.0000,65.8750,65.8000,4177.43,0.021600,25.353707
216.500,28.0841,150.0000,65.9375,65.7984,4179.78,0.021636,25.353707
216.600,28.0841,150.0000,65.8750,65.7968,4181.97,0.021670,25.353707
216.700,28.0841,150.0000,65.9375,65.7952,4184.01,0.021702,25.353707
216.800,28.0841,150.0000,65.9375,65.7936,4185.92,0.021732,25.353707
216.900,28.0841,150.0000,65.9375,65.7920,4187.70,0.021760,25.353707
217.000,27.9717,150.0000,65.8750,65.7904,4188.23,0.021768,25.411920
217.100,27.9717,150.0000,65.8750,65.7888,4188.74,0.021776,25.411920
217.200,27.9717,150.0000,65.8125,65.7871,4189.20,0.021783,25.411920
217.300,27.9717,150.0000,65.9375,65.7855,4189.64,0.021790,25.411920
217.400,27.9717,150.0000,65.8125,65.7839,4190.05,0.021796,25.411920
217.500,27.9717,150.0000,65.8750,65.7823,4190.43,0.021802,25.411920
217.600,27.9717,150.0000,65.8750,65.7807,4190.78,0.021808,25.411920
217.700,27.9717,150.0000,65.8750,65.7791,4191.11,0.021813,25.411920
217.800,27.9717,150.0000,66.0000,65.7775,4191.42,0.021818,25.411920
217.900,27.9717,150.0000,65.7500,65.7759,4191.71,0.021822,25.411920
218.000,27.5063,150.0000,65.8750,65.7744,4187.33,0.021754,25.458490
218.100,27.5063,150.0000,65.8750,65.7728,4183.23,0.021690,25.458490
218.200,27.5063,150.0000,65.8750,65.7713,4179.41,0.021631,25.458490
218.300,27.5063,150.0000,65.8125,65.7698,4175.85,0.021575,25.458490
218.400,27.5063,150.0000,65.8125,65.7683,4172.52,0.021524,25.458490
218.500,27.5063,150.0000,65.8750,65.7669,4169.42,0.021476,25.458490
218.600,27.5063,150.0000,65.8750,65.7654,4166.52,0.021431,25.458490
218.700,27.5063,150.0000,65.8750,65.7640,4163.81,0.021389,25.458490
218.800,27.5063,150.0000,65.8125,65.7626,4161.29,0.021351,25.458490
218.900,27.5063,150.0000,65.9375,65.7612,4158.93,0.021314,25.458490
219.000,28.0764,150.0000,65.9375,65.7598,4162.44,0.021368,25.516704
219.100,28.0764,150.0000,65.9375,65.7584,4165.70,0.021419,25.516704
219.200,28.0764,150.0000,65.9375,65.7569,4168.75,0.021466,25.516704
219.300,28.0764,150.0000,65.8750,65.7555,4171.60,0.021510,25.516704
219.400,28.0764,150.0000,65.8125,65.7540,4174.26,0.021551,25.516704
219.500,28.0764,150.0000,65.8750,65.7526,4176.74,0.021589,25.516704
219.600,28.0764,150.0000,65.8125,65.7511,4179.06,0.021625,25.516704
219.700,28.0764,150.0000,65.8125,65.7496,4181.22,0.021659,25.516704
219.800,28.0764,150.0000,65.8750,65.7481,4183.23,0.021690,25.516704
219.900,28.0764,150.0000,65.9375,65.7466,4185.12,0.021719,25.516704
220.000,28.1347,150.0000,65.8125,65.7451,4187.45,0.021756,25.574917
220.100,28.1347,150.0000,65.8125,65.7436,4189.64,0.021790,25.574917
220.200,28.1347,150.0000,65.8750,65.7421,4191.67,0.021822,25.574917
220.300,28.1347,150.0000,65.8750,65.7406,4193.58,0.021851,25.574917
220.400,28.1347,150.0000,65.8750,65.7390,4195.35,0.021879,25.574917
220.500,28.1347,150.0000,65.8750,65.7375,4197.01,0.021905,25.574917
220.600,28.1347,150.0000,65.8125,65.7359,4198.55,0.021929,25.574917
220.700,28.1347,150.0000,65.8750,65.7344,4200.00,0.021952,25.574917
220.800,28.1347,150.0000,65.8125,65.7328,4201.34,0.021973,25.574917
220.900,28.1347,150.0000,65.8750,65.7313,4202.60,0.021993,25.574917
221.000,28.0183,150.0000,65.8750,65.7297,4202.61,0.021993,25.629249
221.100,28.0183,150.0000,65.8750,65.7282,4202.62,0.021993,25.629249
221.200,28.0183,150.0000,65.8125,65.7266,4202.63,0.021993,25.629249
221.300,28.0183,150.0000,65.8750,65.7251,4202.64,0.021993,25.629249
221.400,28.0183,150.0000,65.8750,65.7236,4202.64,0.021993,25.629249
221.500,28.0183,150.0000,65.8125,65.7220,4202.65,0.021994,25.629249
221.600,28.0183,150.0000,65.8125,65.7205,4202.66,0.021994,25.629249
221.700,28.0183,150.0000,65.8750,65.7190,4202.66,0.021994,25.629249
221.800,28.0183,150.0000,65.7500,65.7174,4202.67,0.021994,25.629249
221.900,28.0183,150.0000,65.8125,65.7159,4202.68,0.021994,25.629249
222.000,27.8981,150.0000,65.8125,65.7144,4201.48,0.021975,25.679700
222.100,27.8981,150.0000,65.8125,65.7129,4200.36,0.021958,25.679700
222.200,27.8981,150.0000,65.7500,65.7114,4199.32,0.021941,25.679700
222.300,27.8981,150.0000,65.8125,65.7099,4198.35,0.021926,25.679700
222.400,27.8981,150.0000,65.8750,65.7084,4197.44,0.021912,25.679700
222.500,27.8981,150.0000,65.7500,65.7070,4196.59,0.021899,25.679700
222.600,27.8981,150.0000,65.8125,65.7055,4195.80,0.021886,25.679700
222.700,27.8981,150.0000,65.7500,65.7041,4195.06,0.021875,25.679700
222.800,27.8981,150.0000,65.7500,65.7026,4194.37,0.021864,25.679700
222.900,27.8981,150.0000,65.8125,65.7012,4193.73,0.021854,25.679700
223.000,27.9486,150.0000,65.7500,65.6997,4193.63,0.021852,25.730151
223.100,27.9486,150.0000,65.8125,65.6983,4193.54,0.021851,25.730151
223.200,27.9486,150.0000,65.7500,65.6969,4193.46,0.021850,25.730151
223.300,27.9486,150.0000,65.6875,65.6954,4193.38,0.021848,25.730151
223.400,27.9486,150.0000,65.8750,65.6940,4193.31,0.021847,25.730151
223.500,27.9486,150.0000,65.7500,65.6926,4193.24,0.021846,25.730151
223.600,27.9486,150.0000,65.7500,65.6912,4193.18,0.021845,25.730151
223.700,27.9486,150.0000,65.6875,65.6898,4193.12,0.021844,25.730151
223.800,27.9486,150.0000,65.7500,65.6884,4193.06,0.021843,25.730151
223.900,27.9486,150.0000,65.8125,65.6870,4193.01,0.021843,25.730151
224.000,27.9990,150.0000,65.8125,65.6856,4193.47,0.021850,25.780602
224.100,27.9990,150.0000,65.7500,65.6841,4193.89,0.021856,25.780602
224.200,27.9990,150.0000,65.7500,65.6827,4194.29,0.021863,25.780602
224.300,27.9990,150.0000,65.7500,65.6813,4194.66,0.021868,25.780602
224.400,27.9990,150.0000,65.8125,65.6799,4195.01,0.021874,25.780602
224.500,27.9990,150.0000,65.8125,65.6785,4195.33,0.021879,25.780602
224.600,27.9990,150.0000,65.7500,65.6771,4195.63,0.021884,25.780602
224.700,27.9990,150.0000,65.6875,65.6758,4195.91,0.021888,25.780602
224.800,27.9990,150.0000,65.7500,65.6744,4196.18,0.021892,25.780602
224.900,27.9990,150.0000,65.6875,65.6730,4196.42,0.021896,25.780602
225.000,27.7004,150.0000,65.7500,65.6716,4193.67,0.021853,25.823292
225.100,27.7004,150.0000,65.6875,65.6702,4191.09,0.021813,25.823292
225.200,27.7004,150.0000,65.6250,65.6689,4188.69,0.021775,25.823292
225.300,27.7004,150.0000,65.8125,65.6676,4186.45,0.021740,25.823292
225.400,27.7004,150.0000,65.7500,65.6662,4184.36,0.021708,25.823292
225.500,27.7004,150.0000,65.8125,65.6649,4182.40,0.021677,25.823292
225.600,27.7004,150.0000,65.7500,65.6637,4180.58,0.021649,25.823292
225.700,27.7004,150.0000,65.7500,65.6624,4178.88,0.021623,25.823292
225.800,27.7004,150.0000,65.6875,65.6611,4177.29,0.021598,25.823292
225.900,27.7004,150.0000,65.6875,65.6599,4175.81,0.021575,25.823292
226.000,27.7431,150.0000,65.6875,65.6586,4174.85,0.021560,25.865982
226.100,27.7431,150.0000,65.6875,65.6574,4173.96,0.021546,25.865982
226.200,27.7431,150.0000,65.7500,65.6561,4173.13,0.021533,25.865982
226.300,27.7431,150.0000,65.6875,65.6549,4172.35,0.021521,25.865982
226.400,27.7431,150.0000,65.6875,65.6537,4171.63,0.021510,25.865982
226.500,27.7431,150.0000,65.7500,65.6525,4170.95,0.021500,25.865982
226.600,27.7431,150.0000,65.7500,65.6513,4170.32,0.021490,25.865982
226.700,27.7431,150.0000,65.6875,65.6501,4169.73,0.021481,25.865982
226.800,27.7431,150.0000,65.7500,65.6489,4169.18,0.021472,25.865982
226.900,27.7431,150.0000,65.6875,65.6477,4168.66,0.021464,25.865982
227.000,27.7858,150.0000,65.6875,65.6465,4168.61,0.021463,25.908671
227.100,27.7858,150.0000,65.6875,65.6453,4168.56,0.021463,25.908671
227.200,27.7858,150.0000,65.7500,65.6441,4168.52,0.021462,25.908671
227.300,27.7858,150.0000,65.7500,65.6430,4168.47,0.021461,25.908671
227.400,27.7858,150.0000,65.8125,65.6418,4168.43,0.021461,25.908671
227.500,27.7858,150.0000,65.6875,65.6406,4168.39,0.021460,25.908671
227.600,27.7858,150.0000,65.6875,65.6395,4168.36,0.021460,25.908671
227.700,27.7858,150.0000,65.7500,65.6383,4168.33,0.021459,25.908671
227.800,27.7858,150.0000,65.6875,65.6371,4168.30,0.021459,25.908671
227.900,27.7858,150.0000,65.6875,65.6360,4168.27,0.021458,25.908671
228.000,27.8285,150.0000,65.7500,65.6348,4168.67,0.021464,25.951361
228.100,27.8285,150.0000,65.8125,65.6336,4169.04,0.021470,25.951361
228.200,27.8285,150.0000,65.7500,65.6325,4169.39,0.021476,25.951361
228.300,27.8285,150.0000,65.7500,65.6313,4169.72,0.021481,25.951361
228.400,27.8285,150.0000,65.6875,65.6302,4170.02,0.021485,25.951361
228.500,27.8285,150.0000,65.6875,65.6290,4170.31,0.021490,25.951361
228.600,27.8285,150.0000,65.6250,65.6279,4170.57,0.021494,25.951361
228.700,27.8285,150.0000,65.7500,65.6267,4170.82,0.021498,25.951361
228.800,27.8285,150.0000,65.6250,65.6255,4171.05,0.021501,25.951361
228.900,27.8285,150.0000,65.6875,65.6244,4171.26,0.021504,25.951361
229.000,27.8712,150.0000,65.7500,65.6232,4171.89,0.021514,25.994050
229.100,27.8712,150.0000,65.6875,65.6221,4172.48,0.021523,25.994050
229.200,27.8712,150.0000,65.6875,65.6209,4173.02,0.021532,25.994050
229.300,27.8712,150.0000,65.6250,65.6198,4173.53,0.021540,25.994050
229.400,27.8712,150.0000,65.6875,65.6186,4174.01,0.021547,25.994050
229.500,27.8712,150.0000,65.6875,65.6175,4174.45,0.021554,25.994050
229.600,27.8712,150.0000,65.6875,65.6163,4174.87,0.021560,25.994050
229.700,27.8712,150.0000,65.6875,65.6152,4175.26,0.021566,25.994050
229.800,27.8712,150.0000,65.6250,65.6140,4175.62,0.021572,25.994050
229.900,27.8712,150.0000,65.6875,65.6129,4175.96,0.021577,25.994050
230.000,27.9139,150.0000,65.7500,65.6117,4176.70,0.021589,26.036740
230.100,27.9139,150.0000,65.6875,65.6106,4177.39,0.021599,26.036740
230.200,27.9139,150.0000,65.7500,65.6094,4178.04,0.021609,26.036740
230.300,27.9139,150.0000,65.7500,65.6083,4178.64,0.021619,26.036740
230.400,27.9139,150.0000,65.8125,65.6071,4179.20,0.021628,26.036740
230.500,27.9139,150.0000,65.6250,65.6059,4179.73,0.021636,26.036740
230.600,27.9139,150.0000,65.7500,65.6048,4180.22,0.021643,26.036740
230.700,27.9139,150.0000,65.6875,65.6036,4180.68,0.021650,26.036740
230.800,27.9139,150.0000,65.6875,65.6025,4181.10,0.021657,26.036740
230.900,27.9139,150.0000,65.7500,65.6013,4181.50,0.021663,26.036740
231.000,28.1311,150.0000,65.7500,65.6002,4184.05,0.021703,26.083310
231.100,28.1311,150.0000,65.6875,65.5990,4186.42,0.021740,26.083310
231.200,28.1311,150.0000,65.6250,65.5978,4188.64,0.021774,26.083310
231.300,28.1311,150.0000,65.6875,65.5966,4190.71,0.021807,26.083310
231.400,28.1311,150.0000,65.7500,65.5954,4192.64,0.021837,26.083310
231.500,28.1311,150.0000,65.6250,65.5942,4194.44,0.021865,26.083310
231.600,28.1311,150.0000,65.6250,65.5930,4196.12,0.021891,26.083310
231.700,28.1311,150.0000,65.6250,65.5918,4197.69,0.021916,26.083310
231.800,28.1311,150.0000,65.7500,65.5906,4199.15,0.021939,26.083310
231.900,28.1311,150.0000,65.6250,65.5893,4200.52,0.021960,26.083310
232.000,27.8286,150.0000,65.6875,65.5881,4198.77,0.021933,26.122119
232.100,27.8286,150.0000,65.6250,65.5869,4197.14,0.021907,26.122119
232.200,27.8286,150.0000,65.6875,65.5857,4195.62,0.021883,26.122119
232.300,27.8286,150.0000,65.6875,65.5845,4194.20,0.021861,26.122119
232.400,27.8286,150.0000,65.6875,65.5834,4192.87,0.021840,26.122119
232.500,27.8286,150.0000,65.7500,65.5822,4191.63,0.021821,26.122119
232.600,27.8286,150.0000,65.5625,65.5810,4190.47,0.021803,26.122119
232.700,27.8286,150.0000,65.6250,65.5799,4189.40,0.021786,26.122119
232.800,27.8286,150.0000,65.6875,65.5787,4188.39,0.021770,26.122119
232.900,27.8286,150.0000,65.6875,65.5776,4187.45,0.021756,26.122119
233.000,28.0420,150.0000,65.6250,65.5765,4188.71,0.021775,26.164808
233.100,28.0420,150.0000,65.6875,65.5753,4189.88,0.021794,26.164808
233.200,28.0420,150.0000,65.6875,65.5742,4190.97,0.021811,26.164808
233.300,28.0420,150.0000,65.6875,65.5730,4191.99,0.021827,26.164808
233.400,28.0420,150.0000,65.6250,65.5719,4192.95,0.021842,26.164808
233.500,28.0420,150.0000,65.6250,65.5707,4193.84,0.021856,26.164808
233.600,28.0420,150.0000,65.6250,65.5696,4194.67,0.021868,26.164808
233.700,28.0420,150.0000,65.6875,65.5684,4195.44,0.021881,26.164808
233.800,28.0420,150.0000,65.5625,65.5673,4196.17,0.021892,26.164808
233.900,28.0420,150.0000,65.6875,65.5661,4196.84,0.021903,26.164808
234.000,28.0846,150.0000,65.5625,65.5650,4197.90,0.021919,26.207498
234.100,28.0846,150.0000,65.7500,65.5638,4198.88,0.021935,26.207498
234.200,28.0846,150.0000,65.6875,65.5626,4199.81,0.021949,26.207498
234.300,28.0846,150.0000,65.6875,65.5615,4200.66,0.021962,26.207498
234.400,28.0846,150.0000,65.5625,65.5603,4201.47,0.021975,26.207498
234.500,28.0846,150.0000,65.6250,65.5591,4202.22,0.021987,26.207498
234.600,28.0846,150.0000,65.6250,65.5580,4202.91,0.021998,26.207498
234.700,28.0846,150.0000,65.6250,65.5568,4203.57,0.022008,26.207498
234.800,28.0846,150.0000,65.6875,65.5556,4204.17,0.022018,26.207498
234.900,28.0846,150.0000,65.6875,65.5544,4204.74,0.022026,26.207498
235.000,28.1273,150.0000,65.6250,65.5533,4205.70,0.022041,26.250187
235.100,28.1273,150.0000,65.6250,65.5521,4206.59,0.022056,26.250187
235.200,28.1273,150.0000,65.6250,65.5509,4207.43,0.022069,26.250187
235.300,28.1273,150.0000,65.6250,65.5497,4208.21,0.022081,26.250187
235.400,28.1273,150.0000,65.6250,65.5486,4208.93,0.022092,26.250187
235.500,28.1273,150.0000,65.6250,65.5474,4209.61,0.022103,26.250187
235.600,28.1273,150.0000,65.6250,65.5462,4210.24,0.022113,26.250187
235.700,28.1273,150.0000,65.6250,65.5450,4210.83,0.022122,26.250187
235.800,28.1273,150.0000,65.6250,65.5438,4211.38,0.022131,26.250187
235.900,28.1273,150.0000,65.5625,65.5426,4211.90,0.022139,26.250187
236.000,27.8210,150.0000,65.6875,65.5415,4209.31,0.022098,26.285115
236.100,27.8210,150.0000,65.6250,65.5403,4206.90,0.022060,26.285115
236.200,27.8210,150.0000,65.6250,65.5392,4204.65,0.022025,26.285115
236.300,27.8210,150.0000,65.6250,65.5380,4202.55,0.021992,26.285115
236.400,27.8210,150.0000,65.5625,65.5369,4200.59,0.021961,26.285115
236.500,27.8210,150.0000,65.6875,65.5358,4198.76,0.021933,26.285115
236.600,27.8210,150.0000,65.5000,65.5348,4197.05,0.021906,26.285115
236.700,27.8210,150.0000,65.6250,65.5337,4195.46,0.021881,26.285115
236.800,27.8210,150.0000,65.6250,65.5326,4193.97,0.021858,26.285115
236.900,27.8210,150.0000,65.6250,65.5315,4192.58,0.021836,26.285115
237.000,28.0304,150.0000,65.5625,65.5305,4193.38,0.021848,26.323924
237.100,28.0304,150.0000,65.6250,65.5294,4194.13,0.021860,26.323924
237.200,28.0304,150.0000,65.5000,65.5284,4194.82,0.021871,26.323924
237.300,28.0304,150.0000,65.5625,65.5273,4195.47,0.021881,26.323924
237.400,28.0304,150.0000,65.4375,65.5262,4196.08,0.021891,26.323924
237.500,28.0304,150.0000,65.6250,65.5252,4196.64,0.021899,26.323924
237.600,28.0304,150.0000,65.5625,65.5241,4197.17,0.021908,26.323924
237.700,28.0304,150.0000,65.5625,65.5230,4197.66,0.021915,26.323924
237.800,28.0304,150.0000,65.5625,65.5220,4198.12,0.021923,26.323924
237.900,28.0304,150.0000,65.5625,65.5209,4198.55,0.021929,26.323924
238.000,27.8947,150.0000,65.6250,65.5199,4197.60,0.021914,26.358852
238.100,27.8947,150.0000,65.6250,65.5188,4196.70,0.021900,26.358852
238.200,27.8947,150.0000,65.5625,65.5178,4195.87,0.021887,26.358852
238.300,27.8947,150.0000,65.5000,65.5167,4195.09,0.021875,26.358852
238.400,27.8947,150.0000,65.5625,65.5157,4194.37,0.021864,26.358852
238.500,27.8947,150.0000,65.5625,65.5147,4193.69,0.021853,26.358852
238.600,27.8947,150.0000,65.6250,65.5136,4193.06,0.021843,26.358852
238.700,27.8947,150.0000,65.5625,65.5126,4192.47,0.021834,26.358852
238.800,27.8947,150.0000,65.5625,65.5116,4191.92,0.021825,26.358852
238.900,27.8947,150.0000,65.5625,65.5106,4191.40,0.021817,26.358852
239.000,27.9296,150.0000,65.5625,65.5096,4191.27,0.021815,26.393780
239.100,27.9296,150.0000,65.6250,65.5086,4191.15,0.021814,26.393780
239.200,27.9296,150.0000,65.5625,65.5076,4191.04,0.021812,26.393780
239.300,27.9296,150.0000,65.6875,65.5066,4190.93,0.021810,26.393780
239.400,27.9296,150.0000,65.5625,65.5056,4190.83,0.021809,26.393780
239.500,27.9296,150.0000,65.6250,65.5047,4190.74,0.021807,26.393780
239.600,27.9296,150.0000,65.5000,65.5037,4190.65,0.021806,26.393780
239.700,27.9296,150.0000,65.5000,65.5027,4190.57,0.021804,26.393780
239.800,27.9296,150.0000,65.6250,65.5017,4190.50,0.021803,26.393780
239.900,27.9296,150.0000,65.5625,65.5007,4190.43,0.021802,26.393780
240.000,27.9646,150.0000,65.6250,65.4998,4190.71,0.021807,26.428707
240.100,27.9646,150.0000,65.5000,65.4988,4190.97,0.021811,26.428707
240.200,27.9646,150.0000,65.5625,65.4978,4191.22,0.021815,26.428707
240.300,27.9646,150.0000,65.5625,65.4968,4191.45,0.021818,26.428707
240.400,27.9646,150.0000,65.5625,65.4959,4191.67,0.021822,26.428707
240.500,27.9646,150.0000,65.5000,65.4949,4191.87,0.021825,26.428707
240.600,27.9646,150.0000,65.5000,65.4939,4192.06,0.021828,26.428707
240.700,27.9646,150.0000,65.5625,65.4929,4192.23,0.021830,26.428707
240.800,27.9646,150.0000,65.6250,65.4920,4192.40,0.021833,26.428707
240.900,27.9646,150.0000,65.4375,65.4910,4192.55,0.021835,26.428707
241.000,27.6504,150.0000,65.5625,65.4901,4189.55,0.021789,26.455873
241.100,27.6504,150.0000,65.5625,65.4891,4186.75,0.021745,26.455873
241.200,27.6504,150.0000,65.5000,65.4882,4184.14,0.021704,26.455873
241.300,27.6504,150.0000,65.5625,65.4873,4181.70,0.021666,26.455873
241.400,27.6504,150.0000,65.5625,65.4864,4179.42,0.021631,26.455873
241.500,27.6504,150.0000,65.5625,65.4855,4177.30,0.021598,26.455873
241.600,27.6504,150.0000,65.5000,65.4847,4175.32,0.021567,26.455873
241.700,27.6504,150.0000,65.5625,65.4838,4173.47,0.021539,26.455873
241.800,27.6504,150.0000,65.5625,65.4830,4171.74,0.021512,26.455873
241.900,27.6504,150.0000,65.5000,65.4822,4170.13,0.021487,26.455873
242.000,27.8521,150.0000,65.5625,65.4813,4170.64,0.021495,26.486920
242.100,27.8521,150.0000,65.5625,65.4805,4171.12,0.021502,26.486920
242.200,27.8521,150.0000,65.6250,65.4797,4171.57,0.021509,26.486920
242.300,27.8521,150.0000,65.6250,65.4788,4171.98,0.021516,26.486920
242.400,27.8521,150.0000,65.5000,65.4780,4172.37,0.021522,26.486920
242.500,27.8521,150.0000,65.5625,65.4772,4172.73,0.021527,26.486920
242.600,27.8521,150.0000,65.5000,65.4764,4173.07,0.021532,26.486920
242.700,27.8521,150.0000,65.5625,65.4755,4173.39,0.021537,26.486920
242.800,27.8521,150.0000,65.5000,65.4747,4173.68,0.021542,26.486920
242.900,27.8521,150.0000,65.6250,65.4739,4173.96,0.021546,26.486920
243.000,28.2322,150.0000,65.5000,65.4730,4178.02,0.021609,26.525729
243.100,28.2322,150.0000,65.5000,65.4721,4181.81,0.021668,26.525729
243.200,28.2322,150.0000,65.5000,65.4713,4185.34,0.021723,26.525729
243.300,28.2322,150.0000,65.5625,65.4704,4188.64,0.021774,26.525729
243.400,28.2322,150.0000,65.5625,65.4694,4191.72,0.021822,26.525729
243.500,28.2322,150.0000,65.5625,65.4685,4194.59,0.021867,26.525729
243.600,28.2322,150.0000,65.5000,65.4676,4197.28,0.021909,26.525729
243.700,28.2322,150.0000,65.5000,65.4666,4199.78,0.021949,26.525729
243.800,28.2322,150.0000,65.5625,65.4657,4202.12,0.021985,26.525729
243.900,28.2322,150.0000,65.5000,65.4647,4204.30,0.022019,26.525729
244.000,27.9220,150.0000,65.4375,65.4637,4203.23,0.022003,26.556776
244.100,27.9220,150.0000,65.5625,65.4628,4202.24,0.021987,26.556776
244.200,27.9220,150.0000,65.5625,65.4618,4201.31,0.021972,26.556776
244.300,27.9220,150.0000,65.5000,65.4609,4200.44,0.021959,26.556776
244.400,27.9220,150.0000,65.5000,65.4600,4199.63,0.021946,26.556776
244.500,27.9220,150.0000,65.4375,65.4590,4198.87,0.021934,26.556776
244.600,27.9220,150.0000,65.5625,65.4581,4198.17,0.021923,26.556776
244.700,27.9220,150.0000,65.4375,65.4572,4197.51,0.021913,26.556776
244.800,27.9220,150.0000,65.5625,65.4563,4196.90,0.021903,26.556776
244.900,27.9220,150.0000,65.4375,65.4554,4196.32,0.021894,26.556776
245.000,27.7785,150.0000,65.6250,65.4545,4194.35,0.021864,26.583942
245.100,27.7785,150.0000,65.5000,65.4536,4192.51,0.021835,26.583942
245.200,27.7785,150.0000,65.5625,65.4527,4190.80,0.021808,26.583942
245.300,27.7785,150.0000,65.5625,65.4519,4189.20,0.021783,26.583942
245.400,27.7785,150.0000,65.4375,65.4510,4187.70,0.021760,26.583942
245.500,27.7785,150.0000,65.4375,65.4502,4186.31,0.021738,26.583942
245.600,27.7785,150.0000,65.5000,65.4493,4185.00,0.021718,26.583942
245.700,27.7785,150.0000,65.5000,65.4485,4183.79,0.021699,26.583942
245.800,27.7785,150.0000,65.5000,65.4477,4182.65,0.021681,26.583942
245.900,27.7785,150.0000,65.5000,65.4469,4181.60,0.021665,26.583942
246.000,27.9802,150.0000,65.6250,65.4461,4182.62,0.021681,26.614989
246.100,27.9802,150.0000,65.5000,65.4452,4183.58,0.021696,26.614989
246.200,27.9802,150.0000,65.5625,65.4444,4184.48,0.021710,26.614989
246.300,27.9802,150.0000,65.5000,65.4436,4185.32,0.021723,26.614989
246.400,27.9802,150.0000,65.5000,65.4428,4186.10,0.021735,26.614989
246.500,27.9802,150.0000,65.5000,65.4419,4186.83,0.021746,26.614989
246.600,27.9802,150.0000,65.4375,65.4411,4187.51,0.021757,26.614989
246.700,27.9802,150.0000,65.5000,65.4403,4188.14,0.021767,26.614989
246.800,27.9802,150.0000,65.5000,65.4394,4188.73,0.021776,26.614989
246.900,27.9802,150.0000,65.5625,65.4386,4189.29,0.021784,26.614989
247.000,28.1858,150.0000,65.5000,65.4378,4191.86,0.021825,26.649917
247.100,28.1858,150.0000,65.4375,65.4369,4194.26,0.021862,26.649917
247.200,28.1858,150.0000,65.5625,65.4360,4196.50,0.021897,26.649917
247.300,28.1858,150.0000,65.4375,65.4352,4198.59,0.021930,26.649917
247.400,28.1858,150.0000,65.5000,65.4343,4200.54,0.021961,26.649917
247.500,28.1858,150.0000,65.5625,65.4334,4202.36,0.021989,26.649917
247.600,28.1858,150.0000,65.4375,65.4325,4204.06,0.022016,26.649917
247.700,28.1858,150.0000,65.5000,65.4316,4205.65,0.022041,26.649917
247.800,28.1858,150.0000,65.5000,65.4307,4207.13,0.022064,26.649917
247.900,28.1858,150.0000,65.5000,65.4298,4208.51,0.022086,26.649917
248.000,28.0462,150.0000,65.5000,65.4289,4208.41,0.022084,26.680964
248.100,28.0462,150.0000,65.5000,65.4280,4208.31,0.022083,26.680964
248.200,28.0462,150.0000,65.4375,65.4270,4208.22,0.022081,26.680964
248.300,28.0462,150.0000,65.4375,65.4261,4208.13,0.022080,26.680964
248.400,28.0462,150.0000,65.4375,65.4252,4208.05,0.022078,26.680964
248.500,28.0462,150.0000,65.5000,65.4243,4207.97,0.022077,26.680964
248.600,28.0462,150.0000,65.5000,65.4234,4207.90,0.022076,26.680964
248.700,28.0462,150.0000,65.4375,65.4225,4207.84,0.022075,26.680964
248.800,28.0462,150.0000,65.5625,65.4217,4207.78,0.022074,26.680964
248.900,28.0462,150.0000,65.4375,65.4208,4207.72,0.022073,26.680964
249.000,27.9027,150.0000,65.5000,65.4199,4206.23,0.022050,26.708130
249.100,27.9027,150.0000,65.4375,65.4190,4204.84,0.022028,26.708130
249.200,27.9027,150.0000,65.5625,65.4181,4203.55,0.022008,26.708130
249.300,27.9027,150.0000,65.4375,65.4173,4202.34,0.021989,26.708130
249.400,27.9027,150.0000,65.5625,65.4164,4201.21,0.021971,26.708130
249.500,27.9027,150.0000,65.4375,65.4156,4200.16,0.021954,26.708130
249.600,27.9027,150.0000,65.5000,65.4148,4199.17,0.021939,26.708130
249.700,27.9027,150.0000,65.5000,65.4140,4198.25,0.021925,26.708130
249.800,27.9027,150.0000,65.4375,65.4131,4197.40,0.021911,26.708130
249.900,27.9027,150.0000,65.4375,65.4123,4196.60,0.021899,26.708130
250.000,27.9298,150.0000,65.5000,65.4115,4196.12,0.021891,26.735296
250.100,27.9298,150.0000,65.5000,65.4107,4195.68,0.021884,26.735296
250.200,27.9298,150.0000,65.4375,65.4099,4195.27,0.021878,26.735296
250.300,27.9298,150.0000,65.5000,65.4091,4194.88,0.021872,26.735296
250.400,27.9298,150.0000,65.5000,65.4083,4194.52,0.021866,26.735296
250.500,27.9298,150.0000,65.4375,65.4075,4194.18,0.021861,26.735296
250.600,27.9298,150.0000,65.4375,65.4067,4193.87,0.021856,26.735296
250.700,27.9298,150.0000,65.3750,65.4060,4193.58,0.021851,26.735296
250.800,27.9298,150.0000,65.5625,65.4052,4193.30,0.021847,26.735296
250.900,27.9298,150.0000,65.5625,65.4044,4193.05,0.021843,26.735296
251.000,28.3061,150.0000,65.5000,65.4036,4196.57,0.021898,26.770224
251.100,28.3061,150.0000,65.5000,65.4028,4199.86,0.021950,26.770224
251.200,28.3061,150.0000,65.5000,65.4020,4202.93,0.021998,26.770224
251.300,28.3061,150.0000,65.4375,65.4011,4205.80,0.022043,26.770224
251.400,28.3061,150.0000,65.5000,65.4003,4208.47,0.022085,26.770224
251.500,28.3061,150.0000,65.4375,65.3994,4210.97,0.022124,26.770224
251.600,28.3061,150.0000,65.4375,65.3986,4213.30,0.022161,26.770224
251.700,28.3061,150.0000,65.5000,65.3977,4215.47,0.022195,26.770224
251.800,28.3061,150.0000,65.5625,65.3968,4217.50,0.022228,26.770224
251.900,28.3061,150.0000,65.4375,65.3959,4219.39,0.022258,26.770224
252.000,27.9919,150.0000,65.4375,65.3950,4218.02,0.022236,26.797390
252.100,27.9919,150.0000,65.5000,65.3941,4216.74,0.022216,26.797390
252.200,27.9919,150.0000,65.5000,65.3933,4215.54,0.022197,26.797390
252.300,27.9919,150.0000,65.4375,65.3924,4214.43,0.022179,26.797390
252.400,27.9919,150.0000,65.4375,65.3915,4213.38,0.022163,26.797390
252.500,27.9919,150.0000,65.4375,65.3907,4212.41,0.022147,26.797390
252.600,27.9919,150.0000,65.4375,65.3898,4211.50,0.022133,26.797390
252.700,27.9919,150.0000,65.4375,65.3890,4210.65,0.022119,26.797390
252.800,27.9919,150.0000,65.4375,65.3882,4209.86,0.022107,26.797390
252.900,27.9919,150.0000,65.4375,65.3874,4209.13,0.022095,26.797390
253.000,28.0191,150.0000,65.4375,65.3865,4208.71,0.022089,26.824556
253.100,28.0191,150.0000,65.4375,65.3857,4208.32,0.022083,26.824556
253.200,28.0191,150.0000,65.5000,65.3849,4207.96,0.022077,26.824556
253.300,28.0191,150.0000,65.3750,65.3841,4207.62,0.022072,26.824556
253.400,28.0191,150.0000,65.3750,65.3833,4207.30,0.022067,26.824556
253.500,28.0191,150.0000,65.4375,65.3825,4207.00,0.022062,26.824556
253.600,28.0191,150.0000,65.4375,65.3817,4206.73,0.022058,26.824556
253.700,28.0191,150.0000,65.3750,65.3809,4206.47,0.022054,26.824556
253.800,28.0191,150.0000,65.4375,65.3801,4206.23,0.022050,26.824556
253.900,28.0191,150.0000,65.4375,65.3793,4206.01,0.022046,26.824556
254.000,28.0463,150.0000,65.3125,65.3785,4206.07,0.022047,26.851722
254.100,28.0463,150.0000,65.5000,65.3777,4206.13,0.022048,26.851722
254.200,28.0463,150.0000,65.3750,65.3770,4206.18,0.022049,26.851722
254.300,28.0463,150.0000,65.3750,65.3762,4206.23,0.022050,26.851722
254.400,28.0463,150.0000,65.4375,65.3754,4206.28,0.022051,26.851722
254.500,28.0463,150.0000,65.5000,65.3746,4206.32,0.022051,26.851722
254.600,28.0463,150.0000,65.4375,65.3738,4206.36,0.022052,26.851722
254.700,28.0463,150.0000,65.4375,65.3731,4206.40,0.022053,26.851722
254.800,28.0463,150.0000,65.3750,65.3723,4206.44,0.022053,26.851722
254.900,28.0463,150.0000,65.5000,65.3715,4206.47,0.022054,26.851722
255.000,28.2480,150.0000,65.4375,65.3707,4208.52,0.022086,26.882769
255.100,28.2480,150.0000,65.4375,65.3699,4210.43,0.022116,26.882769
255.200,28.2480,150.0000,65.4375,65.3691,4212.22,0.022144,26.882769
255.300,28.2480,150.0000,65.3750,65.3683,4213.88,0.022170,26.882769
255.400,28.2480,150.0000,65.4375,65.3675,4215.44,0.022195,26.882769
255.500,28.2480,150.0000,65.5000,65.3667,4216.89,0.022218,26.882769
255.600,28.2480,150.0000,65.4375,65.3659,4218.24,0.022239,26.882769
255.700,28.2480,150.0000,65.4375,65.3650,4219.50,0.022259,26.882769
255.800,28.2480,150.0000,65.4375,65.3642,4220.68,0.022278,26.882769
255.900,28.2480,150.0000,65.4375,65.3634,4221.78,0.022295,26.882769
256.000,28.1045,150.0000,65.3750,65.3625,4221.38,0.022289,26.909935
256.100,28.1045,150.0000,65.3750,65.3617,4221.00,0.022283,26.909935
256.200,28.1045,150.0000,65.4375,65.3609,4220.64,0.022277,26.909935
256.300,28.1045,150.0000,65.4375,65.3601,4220.31,0.022272,26.909935
256.400,28.1045,150.0000,65.4375,65.3592,4220.00,0.022267,26.909935
256.500,28.1045,150.0000,65.3750,65.3584,4219.71,0.022263,26.909935
256.600,28.1045,150.0000,65.4375,65.3576,4219.44,0.022258,26.909935
256.700,28.1045,150.0000,65.3750,65.3568,4219.19,0.022254,26.909935
256.800,28.1045,150.0000,65.3125,65.3560,4218.96,0.022251,26.909935
256.900,28.1045,150.0000,65.3750,65.3552,4218.74,0.022247,26.909935
257.000,27.9571,150.0000,65.3750,65.3544,4217.06,0.022221,26.933220
257.100,27.9571,150.0000,65.5000,65.3536,4215.49,0.022196,26.933220
257.200,27.9571,150.0000,65.4375,65.3529,4214.03,0.022173,26.933220
257.300,27.9571,150.0000,65.4375,65.3521,4212.67,0.022151,26.933220
257.400,27.9571,150.0000,65.3750,65.3513,4211.39,0.022131,26.933220
257.500,27.9571,150.0000,65.3750,65.3506,4210.21,0.022112,26.933220
257.600,27.9571,150.0000,65.3750,65.3498,4209.10,0.022095,26.933220
257.700,27.9571,150.0000,65.4375,65.3491,4208.06,0.022079,26.933220
257.800,27.9571,150.0000,65.4375,65.3484,4207.10,0.022063,26.933220
257.900,27.9571,150.0000,65.4375,65.3477,4206.19,0.022049,26.933220
258.000,28.1549,150.0000,65.3750,65.3469,4207.33,0.022067,26.960386
258.100,28.1549,150.0000,65.5000,65.3462,4208.39,0.022084,26.960386
258.200,28.1549,150.0000,65.3750,65.3455,4209.38,0.022099,26.960386
258.300,28.1549,150.0000,65.3750,65.3448,4210.30,0.022114,26.960386
258.400,28.1549,150.0000,65.5000,65.3440,4211.17,0.022128,26.960386
258.500,28.1549,150.0000,65.4375,65.3433,4211.97,0.022140,26.960386
258.600,28.1549,150.0000,65.3125,65.3425,4212.72,0.022152,26.960386
258.700,28.1549,150.0000,65.3750,65.3418,4213.42,0.022163,26.960386
258.800,28.1549,150.0000,65.3750,65.3410,4214.08,0.022173,26.960386
258.900,28.1549,150.0000,65.3750,65.3403,4214.69,0.022183,26.960386
259.000,28.0076,150.0000,65.3750,65.3395,4213.79,0.022169,26.983671
259.100,28.0076,150.0000,65.3750,65.3388,4212.94,0.022156,26.983671
259.200,28.0076,150.0000,65.3750,65.3381,4212.16,0.022143,26.983671
259.300,28.0076,150.0000,65.4375,65.3374,4211.42,0.022132,26.983671
259.400,28.0076,150.0000,65.3125,65.3366,4210.73,0.022121,26.983671
259.500,28.0076,150.0000,65.3750,65.3359,4210.09,0.022111,26.983671
259.600,28.0076,150.0000,65.3750,65.3352,4209.50,0.022101,26.983671
259.700,28.0076,150.0000,65.4375,65.3345,4208.94,0.022092,26.983671
259.800,28.0076,150.0000,65.3125,65.3338,4208.42,0.022084,26.983671
259.900,28.0076,150.0000,65.3125,65.3331,4207.93,0.022077,26.983671
260.000,27.8563,150.0000,65.5000,65.3324,4205.97,0.022046,27.003076
260.100,27.8563,150.0000,65.3125,65.3318,4204.13,0.022017,27.003076
260.200,27.8563,150.0000,65.3750,65.3311,4202.42,0.021990,27.003076
260.300,27.8563,150.0000,65.5000,65.3304,4200.82,0.021965,27.003076
260.400,27.8563,150.0000,65.3750,65.3298,4199.33,0.021942,27.003076
260.500,27.8563,150.0000,65.3125,65.3292,4197.94,0.021920,27.003076
260.600,27.8563,150.0000,65.3750,65.3285,4196.64,0.021899,27.003076
260.700,27.8563,150.0000,65.4375,65.3279,4195.43,0.021880,27.003076
260.800,27.8563,150.0000,65.3750,65.3273,4194.30,0.021863,27.003076
260.900,27.8563,150.0000,65.3750,65.3267,4193.24,0.021846,27.003076
261.000,28.0503,150.0000,65.4375,65.3261,4194.19,0.021861,27.026361
261.100,28.0503,150.0000,65.3750,65.3255,4195.08,0.021875,27.026361
261.200,28.0503,150.0000,65.2500,65.3249,4195.91,0.021888,27.026361
261.300,28.0503,150.0000,65.3125,65.3242,4196.69,0.021900,27.026361
261.400,28.0503,150.0000,65.3125,65.3236,4197.41,0.021911,27.026361
261.500,28.0503,150.0000,65.3125,65.3230,4198.09,0.021922,27.026361
261.600,28.0503,150.0000,65.3750,65.3224,4198.72,0.021932,27.026361
261.700,28.0503,150.0000,65.3750,65.3218,4199.30,0.021941,27.026361
261.800,28.0503,150.0000,65.3750,65.3211,4199.85,0.021950,27.026361
261.900,28.0503,150.0000,65.3750,65.3205,4200.37,0.021958,27.026361
262.000,28.0735,150.0000,65.2500,65.3199,4201.08,0.021969,27.049646
262.100,28.0735,150.0000,65.3750,65.3192,4201.74,0.021979,27.049646
262.200,28.0735,150.0000,65.4375,65.3186,4202.36,0.021989,27.049646
262.300,28.0735,150.0000,65.3750,65.3180,4202.94,0.021998,27.049646
262.400,28.0735,150.0000,65.3125,65.3173,4203.48,0.022007,27.049646
262.500,28.0735,150.0000,65.3750,65.3167,4203.98,0.022014,27.049646
262.600,28.0735,150.0000,65.3125,65.3161,4204.45,0.022022,27.049646
262.700,28.0735,150.0000,65.3125,65.3154,4204.89,0.022029,27.049646
262.800,28.0735,150.0000,65.4375,65.3148,4205.30,0.022035,27.049646
262.900,28.0735,150.0000,65.3125,65.3141,4205.68,0.022041,27.049646
263.000,27.9223,150.0000,65.3750,65.3135,4204.53,0.022023,27.069050
263.100,27.9223,150.0000,65.3125,65.3129,4203.45,0.022006,27.069050
263.200,27.9223,150.0000,65.3750,65.3122,4202.44,0.021990,27.069050
263.300,27.9223,150.0000,65.3750,65.3116,4201.50,0.021976,27.069050
263.400,27.9223,150.0000,65.3750,65.3110,4200.62,0.021962,27.069050
263.500,27.9223,150.0000,65.3125,65.3104,4199.80,0.021949,27.069050
263.600,27.9223,150.0000,65.5000,65.3098,4199.04,0.021937,27.069050
263.700,27.9223,150.0000,65.3750,65.3092,4198.33,0.021926,27.069050
263.800,27.9223,150.0000,65.3750,65.3086,4197.66,0.021915,27.069050
263.900,27.9223,150.0000,65.3750,65.3081,4197.04,0.021906,27.069050
264.000,28.1162,150.0000,65.3750,65.3075,4198.40,0.021927,27.092336
264.100,28.1162,150.0000,65.3750,65.3069,4199.67,0.021947,27.092336
264.200,28.1162,150.0000,65.3750,65.3063,4200.85,0.021965,27.092336
264.300,28.1162,150.0000,65.3750,65.3057,4201.96,0.021983,27.092336
264.400,28.1162,150.0000,65.3750,65.3051,4202.99,0.021999,27.092336
264.500,28.1162,150.0000,65.3750,65.3044,4203.95,0.022014,27.092336
264.600,28.1162,150.0000,65.2500,65.3038,4204.85,0.022028,27.092336
264.700,28.1162,150.0000,65.3125,65.3032,4205.69,0.022041,27.092336
264.800,28.1162,150.0000,65.3750,65.3026,4206.47,0.022054,27.092336
264.900,28.1162,150.0000,65.3125,65.3020,4207.21,0.022065,27.092336
265.000,27.9650,150.0000,65.4375,65.3014,4206.37,0.022052,27.111740
265.100,27.9650,150.0000,65.4375,65.3007,4205.60,0.022040,27.111740
265.200,27.9650,150.0000,65.3125,65.3001,4204.88,0.022029,27.111740
265.300,27.9650,150.0000,65.4375,65.2995,4204.20,0.022018,27.111740
265.400,27.9650,150.0000,65.3125,65.2989,4203.57,0.022008,27.111740
265.500,27.9650,150.0000,65.3750,65.2983,4202.98,0.021999,27.111740
265.600,27.9650,150.0000,65.2500,65.2978,4202.43,0.021990,27.111740
265.700,27.9650,150.0000,65.3125,65.2972,4201.92,0.021982,27.111740
265.800,27.9650,150.0000,65.2500,65.2966,4201.44,0.021975,27.111740
265.900,27.9650,150.0000,65.3125,65.2960,4201.00,0.021968,27.111740
266.000,27.9844,150.0000,65.3750,65.2954,4200.77,0.021964,27.131144
266.100,27.9844,150.0000,65.3125,65.2949,4200.57,0.021961,27.131144
266.200,27.9844,150.0000,65.3125,65.2943,4200.37,0.021958,27.131144
266.300,27.9844,150.0000,65.3750,65.2937,4200.19,0.021955,27.131144
266.400,27.9844,150.0000,65.2500,65.2932,4200.02,0.021952,27.131144
266.500,27.9844,150.0000,65.3125,65.2926,4199.87,0.021950,27.131144
266.600,27.9844,150.0000,65.3750,65.2920,4199.72,0.021948,27.131144
266.700,27.9844,150.0000,65.3125,65.2915,4199.58,0.021945,27.131144
266.800,27.9844,150.0000,65.3125,65.2909,4199.45,0.021943,27.131144
266.900,27.9844,150.0000,65.2500,65.2904,4199.33,0.021942,27.131144
267.000,27.8293,150.0000,65.3125,65.2898,4197.67,0.021915,27.146668
267.100,27.8293,150.0000,65.3750,65.2893,4196.12,0.021891,27.146668
267.200,27.8293,150.0000,65.3125,65.2888,4194.67,0.021869,27.146668
267.300,27.8293,150.0000,65.4375,65.2882,4193.32,0.021847,27.146668
267.400,27.8293,150.0000,65.3125,65.2877,4192.06,0.021828,27.146668
267.500,27.8293,150.0000,65.3125,65.2872,4190.88,0.021809,27.146668
267.600,27.8293,150.0000,65.2500,65.2867,4189.78,0.021792,27.146668
267.700,27.8293,150.0000,65.4375,65.2862,4188.75,0.021776,27.146668
267.800,27.8293,150.0000,65.3125,65.2857,4187.80,0.021761,27.146668
267.900,27.8293,150.0000,65.2500,65.2853,4186.90,0.021747,27.146668
268.000,27.8448,150.0000,65.3125,65.2848,4186.22,0.021737,27.162191
268.100,27.8448,150.0000,65.3750,65.2843,4185.59,0.021727,27.162191
268.200,27.8448,150.0000,65.3750,65.2839,4185.00,0.021718,27.162191
268.300,27.8448,150.0000,65.3750,65.2834,4184.45,0.021709,27.162191
268.400,27.8448,150.0000,65.2500,65.2829,4183.93,0.021701,27.162191
268.500,27.8448,150.0000,65.3750,65.2825,4183.45,0.021694,27.162191
268.600,27.8448,150.0000,65.3750,65.2820,4183.00,0.021687,27.162191
268.700,27.8448,150.0000,65.2500,65.2816,4182.58,0.021680,27.162191
268.800,27.8448,150.0000,65.3750,65.2811,4182.19,0.021674,27.162191
268.900,27.8448,150.0000,65.3125,65.2807,4181.83,0.021668,27.162191
269.000,28.0348,150.0000,65.3750,65.2803,4183.39,0.021693,27.181596
269.100,28.0348,150.0000,65.3125,65.2798,4184.84,0.021715,27.181596
269.200,28.0348,150.0000,65.3125,65.2793,4186.20,0.021736,27.181596
269.300,28.0348,150.0000,65.3125,65.2789,4187.47,0.021756,27.181596
269.400,28.0348,150.0000,65.3750,65.2784,4188.65,0.021775,27.181596
269.500,28.0348,150.0000,65.2500,65.2779,4189.76,0.021792,27.181596
269.600,28.0348,150.0000,65.3750,65.2774,4190.79,0.021808,27.181596
269.700,28.0348,150.0000,65.3750,65.2769,4191.75,0.021823,27.181596
269.800,28.0348,150.0000,65.2500,65.2765,4192.65,0.021837,27.181596
269.900,28.0348,150.0000,65.2500,65.2760,4193.49,0.021850,27.181596
270.000,27.8797,150.0000,65.3750,65.2755,4192.72,0.021838,27.197119
270.100,27.8797,150.0000,65.2500,65.2750,4192.00,0.021827,27.197119
270.200,27.8797,150.0000,65.3125,65.2745,4191.33,0.021816,27.197119
270.300,27.8797,150.0000,65.3125,65.2740,4190.71,0.021807,27.197119
270.400,27.8797,150.0000,65.3750,65.2736,4190.12,0.021798,27.197119
270.500,27.8797,150.0000,65.3125,65.2731,4189.58,0.021789,27.197119
270.600,27.8797,150.0000,65.3125,65.2726,4189.07,0.021781,27.197119
270.700,27.8797,150.0000,65.3125,65.2722,4188.60,0.021774,27.197119
270.800,27.8797,150.0000,65.3125,65.2717,4188.15,0.021767,27.197119
270.900,27.8797,150.0000,65.3750,65.2713,4187.74,0.021760,27.197119
271.000,28.2443,150.0000,65.2500,65.2708,4191.00,0.021811,27.220404
271.100,28.2443,150.0000,65.3125,65.2703,4194.04,0.021859,27.220404
271.200,28.2443,150.0000,65.3125,65.2698,4196.88,0.021903,27.220404
271.300,28.2443,150.0000,65.3125,65.2693,4199.54,0.021945,27.220404
271.400,28.2443,150.0000,65.3750,65.2688,4202.01,0.021984,27.220404
271.500,28.2443,150.0000,65.2500,65.2683,4204.32,0.022020,27.220404
271.600,28.2443,150.0000,65.1875,65.2677,4206.47,0.022054,27.220404
271.700,28.2443,150.0000,65.2500,65.2672,4208.49,0.022085,27.220404
271.800,28.2443,150.0000,65.3125,65.2666,4210.36,0.022115,27.220404
271.900,28.2443,150.0000,65.3750,65.2660,4212.11,0.022143,27.220404
272.000,28.2676,150.0000,65.3125,65.2655,4213.98,0.022172,27.243690
272.100,28.2676,150.0000,65.3125,65.2649,4215.73,0.022200,27.243690
272.200,28.2676,150.0000,65.3125,65.2643,4217.35,0.022225,27.243690
272.300,28.2676,150.0000,65.3125,65.2637,4218.87,0.022249,27.243690
272.400,28.2676,150.0000,65.3125,65.2631,4220.29,0.022272,27.243690
272.500,28.2676,150.0000,65.3125,65.2625,4221.61,0.022293,27.243690
272.600,28.2676,150.0000,65.2500,65.2618,4222.85,0.022312,27.243690
272.700,28.2676,150.0000,65.1875,65.2612,4224.00,0.022330,27.243690
272.800,28.2676,150.0000,65.2500,65.2606,4225.08,0.022348,27.243690
272.900,28.2676,150.0000,65.3125,65.2600,4226.08,0.022363,27.243690
273.000,28.1163,150.0000,65.3750,65.2593,4225.51,0.022354,27.263094
273.100,28.1163,150.0000,65.1875,65.2587,4224.97,0.022346,27.263094
273.200,28.1163,150.0000,65.2500,65.2581,4224.47,0.022338,27.263094
273.300,28.1163,150.0000,65.2500,65.2575,4224.00,0.022330,27.263094
273.400,28.1163,150.0000,65.2500,65.2569,4223.56,0.022324,27.263094
273.500,28.1163,150.0000,65.3125,65.2563,4223.16,0.022317,27.263094
273.600,28.1163,150.0000,65.3750,65.2557,4222.78,0.022311,27.263094
273.700,28.1163,150.0000,65.2500,65.2551,4222.42,0.022305,27.263094
273.800,28.1163,150.0000,65.2500,65.2545,4222.09,0.022300,27.263094
273.900,28.1163,150.0000,65.3125,65.2539,4221.78,0.022295,27.263094
274.000,28.1357,150.0000,65.3125,65.2533,4221.69,0.022294,27.282498
274.100,28.1357,150.0000,65.3125,65.2527,4221.60,0.022292,27.282498
274.200,28.1357,150.0000,65.2500,65.2521,4221.51,0.022291,27.282498
274.300,28.1357,150.0000,65.2500,65.2515,4221.44,0.022290,27.282498
274.400,28.1357,150.0000,65.3750,65.2510,4221.37,0.022289,27.282498
274.500,28.1357,150.0000,65.2500,65.2504,4221.30,0.022288,27.282498
274.600,28.1357,150.0000,65.3125,65.2498,4221.24,0.022287,27.282498
274.700,28.1357,150.0000,65.3125,65.2492,4221.18,0.022286,27.282498
274.800,28.1357,150.0000,65.3125,65.2486,4221.12,0.022285,27.282498
274.900,28.1357,150.0000,65.1875,65.2481,4221.07,0.022284,27.282498
275.000,27.8061,150.0000,65.2500,65.2475,4217.73,0.022231,27.294141
275.100,27.8061,150.0000,65.3125,65.2470,4214.61,0.022182,27.294141
275.200,27.8061,150.0000,65.2500,65.2464,4211.70,0.022136,27.294141
275.300,27.8061,150.0000,65.3125,65.2459,4208.98,0.022093,27.294141
275.400,27.8061,150.0000,65.1875,65.2454,4206.44,0.022053,27.294141
275.500,27.8061,150.0000,65.1875,65.2450,4204.07,0.022016,27.294141
275.600,27.8061,150.0000,65.2500,65.2445,4201.86,0.021981,27.294141
275.700,27.8061,150.0000,65.3125,65.2440,4199.80,0.021949,27.294141
275.800,27.8061,150.0000,65.2500,65.2436,4197.87,0.021919,27.294141
275.900,27.8061,150.0000,65.3125,65.2432,4196.07,0.021891,27.294141
276.000,28.1668,150.0000,65.2500,65.2427,4198.00,0.021921,27.313545
276.100,28.1668,150.0000,65.3125,65.2423,4199.80,0.021949,27.313545
276.200,28.1668,150.0000,65.2500,65.2418,4201.49,0.021975,27.313545
276.300,28.1668,150.0000,65.2500,65.2413,4203.05,0.022000,27.313545
276.400,28.1668,150.0000,65.2500,65.2409,4204.52,0.022023,27.313545
276.500,28.1668,150.0000,65.1875,65.2404,4205.89,0.022044,27.313545
276.600,28.1668,150.0000,65.1875,65.2399,4207.16,0.022064,27.313545
276.700,28.1668,150.0000,65.3125,65.2394,4208.35,0.022083,27.313545
276.800,28.1668,150.0000,65.3125,65.2389,4209.46,0.022101,27.313545
276.900,28.1668,150.0000,65.3125,65.2384,4210.50,0.022117,27.313545
277.000,28.1862,150.0000,65.3125,65.2379,4211.66,0.022135,27.332949
277.100,28.1862,150.0000,65.1875,65.2374,4212.75,0.022152,27.332949
277.200,28.1862,150.0000,65.2500,65.2369,4213.76,0.022168,27.332949
277.300,28.1862,150.0000,65.2500,65.2364,4214.70,0.022183,27.332949
277.400,28.1862,150.0000,65.3125,65.2358,4215.59,0.022197,27.332949
277.500,28.1862,150.0000,65.1875,65.2353,4216.41,0.022210,27.332949
277.600,28.1862,150.0000,65.3125,65.2348,4217.18,0.022222,27.332949
277.700,28.1862,150.0000,65.3125,65.2343,4217.89,0.022234,27.332949
277.800,28.1862,150.0000,65.3125,65.2337,4218.56,0.022244,27.332949
277.900,28.1862,150.0000,65.3125,65.2332,4219.19,0.022254,27.332949
278.000,28.2056,150.0000,65.2500,65.2327,4219.96,0.022267,27.352354
278.100,28.2056,150.0000,65.3125,65.2321,4220.69,0.022278,27.352354
278.200,28.2056,150.0000,65.3750,65.2316,4221.37,0.022289,27.352354
278.300,28.2056,150.0000,65.2500,65.2310,4222.00,0.022299,27.352354
278.400,28.2056,150.0000,65.2500,65.2305,4222.59,0.022308,27.352354
278.500,28.2056,150.0000,65.2500,65.2300,4223.14,0.022317,27.352354
278.600,28.2056,150.0000,65.3125,65.2294,4223.65,0.022325,27.352354
278.700,28.2056,150.0000,65.3125,65.2289,4224.13,0.022333,27.352354
278.800,28.2056,150.0000,65.1875,65.2283,4224.58,0.022340,27.352354
278.900,28.2056,150.0000,65.1875,65.2278,4224.99,0.022346,27.352354
279.000,27.8759,150.0000,65.3125,65.2272,4222.09,0.022300,27.363996
279.100,27.8759,150.0000,65.3125,65.2267,4219.37,0.022257,27.363996
279.200,27.8759,150.0000,65.2500,65.2262,4216.84,0.022217,27.363996
279.300,27.8759,150.0000,65.2500,65.2257,4214.48,0.022180,27.363996
279.400,27.8759,150.0000,65.1875,65.2252,4212.27,0.022145,27.363996
279.500,27.8759,150.0000,65.3125,65.2248,4210.21,0.022113,27.363996
279.600,27.8759,150.0000,65.1875,65.2243,4208.29,0.022082,27.363996
279.700,27.8759,150.0000,65.2500,65.2239,4206.50,0.022054,27.363996
279.800,27.8759,150.0000,65.1875,65.2234,4204.83,0.022028,27.363996
279.900,27.8759,150.0000,65.2500,65.2230,4203.26,0.022003,27.363996
280.000,28.0621,150.0000,65.3125,65.2226,4203.67,0.022010,27.379520
280.100,28.0621,150.0000,65.3125,65.2221,4204.04,0.022015,27.379520
280.200,28.0621,150.0000,65.1875,65.2217,4204.40,0.022021,27.379520
280.300,28.0621,150.0000,65.3750,65.2213,4204.72,0.022026,27.379520
280.400,28.0621,150.0000,65.2500,65.2208,4205.03,0.022031,27.379520
280.500,28.0621,150.0000,65.2500,65.2204,4205.32,0.022035,27.379520
280.600,28.0621,150.0000,65.1250,65.2200,4205.58,0.022040,27.379520
280.700,28.0621,150.0000,65.2500,65.2195,4205.83,0.022044,27.379520
280.800,28.0621,150.0000,65.2500,65.2191,4206.06,0.022047,27.379520
280.900,28.0621,150.0000,65.3125,65.2187,4206.28,0.022051,27.379520
281.000,28.2522,150.0000,65.2500,65.2182,4208.38,0.022084,27.398924
281.100,28.2522,150.0000,65.3125,65.2178,4210.35,0.022115,27.398924
281.200,28.2522,150.0000,65.2500,65.2173,4212.18,0.022144,27.398924
281.300,28.2522,150.0000,65.2500,65.2169,4213.89,0.022170,27.398924
281.400,28.2522,150.0000,65.2500,65.2164,4215.48,0.022196,27.398924
281.500,28.2522,150.0000,65.2500,65.2159,4216.97,0.022219,27.398924
281.600,28.2522,150.0000,65.1250,65.2154,4218.36,0.022241,27.398924
281.700,28.2522,150.0000,65.2500,65.2149,4219.66,0.022262,27.398924
281.800,28.2522,150.0000,65.1875,65.2144,4220.87,0.022281,27.398924
281.900,28.2522,150.0000,65.1875,65.2139,4222.00,0.022299,27.398924
282.000,27.9225,150.0000,65.2500,65.2134,4219.76,0.022263,27.410567
282.100,27.9225,150.0000,65.2500,65.2129,4217.67,0.022230,27.410567
282.200,27.9225,150.0000,65.3125,65.2125,4215.72,0.022199,27.410567
282.300,27.9225,150.0000,65.2500,65.2120,4213.89,0.022171,27.410567
282.400,27.9225,150.0000,65.1875,65.2116,4212.19,0.022144,27.410567
282.500,27.9225,150.0000,65.1875,65.2111,4210.60,0.022119,27.410567
282.600,27.9225,150.0000,65.1875,65.2107,4209.12,0.022095,27.410567
282.700,27.9225,150.0000,65.3125,65.2103,4207.74,0.022074,27.410567
282.800,27.9225,150.0000,65.1875,65.2099,4206.45,0.022053,27.410567
282.900,27.9225,150.0000,65.2500,65.2094,4205.24,0.022034,27.410567
283.000,28.1087,150.0000,65.1875,65.2090,4205.98,0.022046,27.426090
283.100,28.1087,150.0000,65.2500,65.2086,4206.67,0.022057,27.426090
283.200,28.1087,150.0000,65.2500,65.2082,4207.31,0.022067,27.426090
283.300,28.1087,150.0000,65.3125,65.2078,4207.91,0.022076,27.426090
283.400,28.1087,150.0000,65.2500,65.2074,4208.47,0.022085,27.426090
283.500,28.1087,150.0000,65.2500,65.2069,4208.99,0.022093,27.426090
283.600,28.1087,150.0000,65.3125,65.2065,4209.48,0.022101,27.426090
283.700,28.1087,150.0000,65.1875,65.2061,4209.94,0.022108,27.426090
283.800,28.1087,150.0000,65.1875,65.2057,4210.36,0.022115,27.426090
283.900,28.1087,150.0000,65.1875,65.2052,4210.76,0.022121,27.426090
284.000,27.9497,150.0000,65.1875,65.2048,4209.54,0.022102,27.437733
284.100,27.9497,150.0000,65.1875,65.2044,4208.40,0.022084,27.437733
284.200,27.9497,150.0000,65.2500,65.2040,4207.33,0.022067,27.437733
284.300,27.9497,150.0000,65.1875,65.2036,4206.34,0.022052,27.437733
284.400,27.9497,150.0000,65.3125,65.2032,4205.42,0.022037,27.437733
284.500,27.9497,150.0000,65.1250,65.2028,4204.55,0.022023,27.437733
284.600,27.9497,150.0000,65.2500,65.2024,4203.74,0.022011,27.437733
284.700,27.9497,150.0000,65.1875,65.2021,4202.99,0.021999,27.437733
284.800,27.9497,150.0000,65.3125,65.2017,4202.29,0.021988,27.437733
284.900,27.9497,150.0000,65.3125,65.2013,4201.63,0.021978,27.437733
285.000,28.3104,150.0000,65.2500,65.2009,4204.63,0.022025,27.457137
285.100,28.3104,150.0000,65.1250,65.2005,4207.42,0.022069,27.457137
285.200,28.3104,150.0000,65.2500,65.2001,4210.03,0.022110,27.457137
285.300,28.3104,150.0000,65.2500,65.1997,4212.47,0.022148,27.457137
285.400,28.3104,150.0000,65.1875,65.1993,4214.74,0.022184,27.457137
285.500,28.3104,150.0000,65.3125,65.1988,4216.86,0.022217,27.457137
285.600,28.3104,150.0000,65.2500,65.1984,4218.84,0.022249,27.457137
285.700,28.3104,150.0000,65.1875,65.1979,4220.69,0.022278,27.457137
285.800,28.3104,150.0000,65.1875,65.1974,4222.41,0.022305,27.457137
285.900,28.3104,150.0000,65.1875,65.1970,4224.02,0.022331,27.457137
286.000,27.9807,150.0000,65.2500,65.1965,4222.23,0.022302,27.468780
286.100,27.9807,150.0000,65.2500,65.1960,4220.55,0.022276,27.468780
286.200,27.9807,150.0000,65.1875,65.1956,4218.99,0.022251,27.468780
286.300,27.9807,150.0000,65.1875,65.1951,4217.53,0.022228,27.468780
286.400,27.9807,150.0000,65.1875,65.1947,4216.17,0.022207,27.468780
286.500,27.9807,150.0000,65.1875,65.1943,4214.90,0.022186,27.468780
286.600,27.9807,150.0000,65.3125,65.1939,4213.71,0.022168,27.468780
286.700,27.9807,150.0000,65.1875,65.1935,4212.61,0.022150,27.468780
286.800,27.9807,150.0000,65.2500,65.1931,4211.57,0.022134,27.468780
286.900,27.9807,150.0000,65.2500,65.1927,4210.61,0.022119,27.468780
287.000,28.1669,150.0000,65.2500,65.1923,4211.57,0.022134,27.484303
287.100,28.1669,150.0000,65.1875,65.1919,4212.47,0.022148,27.484303
287.200,28.1669,150.0000,65.3125,65.1914,4213.31,0.022161,27.484303
287.300,28.1669,150.0000,65.2500,65.1910,4214.09,0.022174,27.484303
287.400,28.1669,150.0000,65.2500,65.1906,4214.82,0.022185,27.484303
287.500,28.1669,150.0000,65.3125,65.1902,4215.50,0.022196,27.484303
287.600,28.1669,150.0000,65.1875,65.1898,4216.14,0.022206,27.484303
287.700,28.1669,150.0000,65.1875,65.1894,4216.73,0.022215,27.484303
287.800,28.1669,150.0000,65.3125,65.1889,4217.28,0.022224,27.484303
287.900,28.1669,150.0000,65.2500,65.1885,4217.80,0.022232,27.484303
288.000,28.1824,150.0000,65.1875,65.1881,4218.44,0.022242,27.499827
288.100,28.1824,150.0000,65.1875,65.1876,4219.03,0.022252,27.499827
288.200,28.1824,150.0000,65.1250,65.1872,4219.59,0.022261,27.499827
288.300,28.1824,150.0000,65.2500,65.1868,4220.11,0.022269,27.499827
288.400,28.1824,150.0000,65.1875,65.1863,4220.59,0.022276,27.499827
288.500,28.1824,150.0000,65.1250,65.1859,4221.04,0.022284,27.499827
288.600,28.1824,150.0000,65.1875,65.1855,4221.46,0.022290,27.499827
288.700,28.1824,150.0000,65.1875,65.1850,4221.86,0.022296,27.499827
288.800,28.1824,150.0000,65.2500,65.1846,4222.22,0.022302,27.499827
288.900,28.1824,150.0000,65.1875,65.1841,4222.57,0.022308,27.499827
289.000,28.0234,150.0000,65.1875,65.1837,4221.30,0.022288,27.511469
289.100,28.0234,150.0000,65.2500,65.1833,4220.11,0.022269,27.511469
289.200,28.0234,150.0000,65.1875,65.1829,4219.00,0.022251,27.511469
289.300,28.0234,150.0000,65.0625,65.1824,4217.97,0.022235,27.511469
289.400,28.0234,150.0000,65.3125,65.1820,4217.01,0.022220,27.511469
289.500,28.0234,150.0000,65.1250,65.1816,4216.11,0.022206,27.511469
289.600,28.0234,150.0000,65.2500,65.1812,4215.27,0.022192,27.511469
289.700,28.0234,150.0000,65.1875,65.1808,4214.48,0.022180,27.511469
289.800,28.0234,150.0000,65.2500,65.1805,4213.75,0.022168,27.511469
289.900,28.0234,150.0000,65.2500,65.1801,4213.07,0.022158,27.511469
290.000,28.2096,150.0000,65.2500,65.1797,4214.29,0.022177,27.526993
290.100,28.2096,150.0000,65.2500,65.1793,4215.44,0.022195,27.526993
290.200,28.2096,150.0000,65.1875,65.1789,4216.50,0.022212,27.526993
290.300,28.2096,150.0000,65.1875,65.1785,4217.50,0.022228,27.526993
290.400,28.2096,150.0000,65.1875,65.1781,4218.43,0.022242,27.526993
290.500,28.2096,150.0000,65.2500,65.1777,4219.30,0.022256,27.526993
290.600,28.2096,150.0000,65.2500,65.1773,4220.11,0.022269,27.526993
290.700,28.2096,150.0000,65.1250,65.1768,4220.86,0.022281,27.526993
290.800,28.2096,150.0000,65.1250,65.1764,4221.57,0.022292,27.526993
290.900,28.2096,150.0000,65.1875,65.1760,4222.22,0.022302,27.526993
291.000,28.0506,150.0000,65.1875,65.1756,4221.25,0.022287,27.538635
291.100,28.0506,150.0000,65.1875,65.1752,4220.34,0.022272,27.538635
291.200,28.0506,150.0000,65.2500,65.1748,4219.49,0.022259,27.538635
291.300,28.0506,150.0000,65.0625,65.1744,4218.69,0.022246,27.538635
291.400,28.0506,150.0000,65.1875,65.1740,4217.95,0.022235,27.538635
291.500,28.0506,150.0000,65.2500,65.1736,4217.26,0.022224,27.538635
291.600,28.0506,150.0000,65.1250,65.1732,4216.62,0.022214,27.538635
291.700,28.0506,150.0000,65.1875,65.1728,4216.02,0.022204,27.538635
291.800,28.0506,150.0000,65.2500,65.1724,4215.45,0.022195,27.538635
291.900,28.0506,150.0000,65.1875,65.1721,4214.93,0.022187,27.538635
292.000,28.0622,150.0000,65.2500,65.1717,4214.56,0.022181,27.550278
292.100,28.0622,150.0000,65.1250,65.1713,4214.21,0.022176,27.550278
292.200,28.0622,150.0000,65.1875,65.1710,4213.88,0.022170,27.550278
292.300,28.0622,150.0000,65.1250,65.1706,4213.58,0.022166,27.550278
292.400,28.0622,150.0000,65.1875,65.1702,4213.30,0.022161,27.550278
292.500,28.0622,150.0000,65.2500,65.1699,4213.03,0.022157,27.550278
292.600,28.0622,150.0000,65.1875,65.1695,4212.79,0.022153,27.550278
292.700,28.0622,150.0000,65.3125,65.1692,4212.56,0.022149,27.550278
292.800,28.0622,150.0000,65.1875,65.1688,4212.34,0.022146,27.550278
292.900,28.0622,150.0000,65.1875,65.1685,4212.14,0.022143,27.550278
293.000,28.0739,150.0000,65.1250,65.1681,4212.07,0.022142,27.561921
293.100,28.0739,150.0000,65.2500,65.1678,4212.00,0.022141,27.561921
293.200,28.0739,150.0000,65.2500,65.1674,4211.94,0.022140,27.561921
293.300,28.0739,150.0000,65.1875,65.1671,4211.89,0.022139,27.561921
293.400,28.0739,150.0000,65.2500,65.1667,4211.83,0.022138,27.561921
293.500,28.0739,150.0000,65.1875,65.1664,4211.78,0.022137,27.561921
293.600,28.0739,150.0000,65.1875,65.1660,4211.73,0.022137,27.561921
293.700,28.0739,150.0000,65.2500,65.1657,4211.69,0.022136,27.561921
293.800,28.0739,150.0000,65.1250,65.1653,4211.65,0.022135,27.561921
293.900,28.0739,150.0000,65.2500,65.1650,4211.61,0.022135,27.561921
294.000,28.2600,150.0000,65.1250,65.1646,4213.44,0.022163,27.577444
294.100,28.2600,150.0000,65.2500,65.1643,4215.14,0.022190,27.577444
294.200,28.2600,150.0000,65.2500,65.1639,4216.73,0.022215,27.577444
294.300,28.2600,150.0000,65.1250,65.1635,4218.22,0.022239,27.577444
294.400,28.2600,150.0000,65.1250,65.1632,4219.60,0.022261,27.577444
294.500,28.2600,150.0000,65.1875,65.1628,4220.90,0.022281,27.577444
294.600,28.2600,150.0000,65.2500,65.1624,4222.11,0.022300,27.577444
294.700,28.2600,150.0000,65.1875,65.1620,4223.23,0.022318,27.577444
294.800,28.2600,150.0000,65.2500,65.1616,4224.28,0.022335,27.577444
294.900,28.2600,150.0000,65.2500,65.1612,4225.27,0.022351,27.577444
295.000,28.2756,150.0000,65.1875,65.1608,4226.34,0.022368,27.592968
295.100,28.2756,150.0000,65.1250,65.1604,4227.34,0.022383,27.592968
295.200,28.2756,150.0000,65.1875,65.1599,4228.27,0.022398,27.592968
295.300,28.2756,150.0000,65.1250,65.1595,4229.14,0.022412,27.592968
295.400,28.2756,150.0000,65.1250,65.1591,4229.95,0.022425,27.592968
295.500,28.2756,150.0000,65.1250,65.1587,4230.71,0.022437,27.592968
295.600,28.2756,150.0000,65.1250,65.1582,4231.42,0.022448,27.592968
295.700,28.2756,150.0000,65.2500,65.1578,4232.08,0.022459,27.592968
295.800,28.2756,150.0000,65.1250,65.1574,4232.70,0.022469,27.592968
295.900,28.2756,150.0000,65.1875,65.1569,4233.27,0.022478,27.592968
296.000,28.1166,150.0000,65.1250,65.1565,4232.22,0.022461,27.604610
296.100,28.1166,150.0000,65.1250,65.1561,4231.24,0.022445,27.604610
296.200,28.1166,150.0000,65.1875,65.1557,4230.32,0.022431,27.604610
296.300,28.1166,150.0000,65.1875,65.1552,4229.47,0.022417,27.604610
296.400,28.1166,150.0000,65.1250,65.1548,4228.67,0.022405,27.604610
296.500,28.1166,150.0000,65.1250,65.1544,4227.92,0.022393,27.604610
296.600,28.1166,150.0000,65.1250,65.1540,4227.23,0.022382,27.604610
296.700,28.1166,150.0000,65.3125,65.1536,4226.58,0.022371,27.604610
296.800,28.1166,150.0000,65.1875,65.1532,4225.97,0.022362,27.604610
296.900,28.1166,150.0000,65.2500,65.1529,4225.40,0.022353,27.604610
297.000,28.3027,150.0000,65.1250,65.1525,4226.74,0.022374,27.620134
297.100,28.3027,150.0000,65.2500,65.1521,4227.98,0.022394,27.620134
297.200,28.3027,150.0000,65.1875,65.1517,4229.14,0.022412,27.620134
297.300,28.3027,150.0000,65.1875,65.1512,4230.23,0.022429,27.620134
297.400,28.3027,150.0000,65.2500,65.1508,4231.24,0.022446,27.620134
297.500,28.3027,150.0000,65.1875,65.1504,4232.19,0.022461,27.620134
297.600,28.3027,150.0000,65.1875,65.1500,4233.07,0.022475,27.620134
297.700,28.3027,150.0000,65.1250,65.1496,4233.89,0.022488,27.620134
297.800,28.3027,150.0000,65.2500,65.1491,4234.66,0.022500,27.620134
297.900,28.3027,150.0000,65.1875,65.1487,4235.37,0.022511,27.620134
298.000,28.1437,150.0000,65.1875,65.1483,4234.45,0.022497,27.631776
298.100,28.1437,150.0000,65.1250,65.1479,4233.59,0.022483,27.631776
298.200,28.1437,150.0000,65.1875,65.1475,4232.79,0.022470,27.631776
298.300,28.1437,150.0000,65.1250,65.1470,4232.04,0.022458,27.631776
298.400,28.1437,150.0000,65.1875,65.1466,4231.34,0.022447,27.631776
298.500,28.1437,150.0000,65.0625,65.1462,4230.69,0.022437,27.631776
298.600,28.1437,150.0000,65.1250,65.1458,4230.08,0.022427,27.631776
298.700,28.1437,150.0000,65.1875,65.1454,4229.51,0.022418,27.631776
298.800,28.1437,150.0000,65.1875,65.1451,4228.98,0.022410,27.631776
298.900,28.1437,150.0000,65.1875,65.1447,4228.49,0.022402,27.631776
299.000,28.1554,150.0000,65.1250,65.1443,4228.14,0.022396,27.643419
299.100,28.1554,150.0000,65.1875,65.1439,4227.82,0.022391,27.643419
299.200,28.1554,150.0000,65.1875,65.1435,4227.52,0.022386,27.643419
299.300,28.1554,150.0000,65.1875,65.1432,4227.24,0.022382,27.643419
299.400,28.1554,150.0000,65.1250,65.1428,4226.98,0.022378,27.643419
299.500,28.1554,150.0000,65.1875,65.1424,4226.73,0.022374,27.643419
299.600,28.1554,150.0000,65.0625,65.1420,4226.50,0.022370,27.643419
299.700,28.1554,150.0000,65.1875,65.1417,4226.29,0.022367,27.643419
299.800,28.1554,150.0000,65.2500,65.1413,4226.09,0.022364,27.643419
299.900,28.1554,150.0000,65.1250,65.1409,4225.91,0.022361,27.643419
300.000,27.9925,300.0000,65.2500,65.2294,4224.10,0.022332,27.651181
300.100,27.9925,300.0000,65.1875,65.3178,4222.42,0.022305,27.651181
300.200,27.9925,300.0000,65.2500,65.4059,4220.85,0.022281,27.651181
300.300,27.9925,300.0000,65.1250,65.4939,4219.39,0.022257,27.651181
300.400,27.9925,300.0000,65.1250,65.5816,4218.02,0.022236,27.651181
300.500,27.9925,300.0000,65.2500,65.6692,4216.74,0.022216,27.651181
300.600,27.9925,300.0000,65.1875,65.7566,4215.55,0.022197,27.651181
300.700,27.9925,300.0000,65.1250,65.8439,4214.44,0.022179,27.651181
300.800,27.9925,300.0000,65.2500,65.9309,4213.40,0.022163,27.651181
300.900,27.9925,300.0000,65.1250,66.0178,4212.43,0.022148,27.651181
301.000,28.0002,300.0000,65.1875,66.1045,4211.61,0.022134,27.658942
301.100,28.0002,300.0000,65.1250,66.1909,4210.83,0.022122,27.658942
301.200,28.0002,300.0000,65.1250,66.2773,4210.11,0.022111,27.658942
301.300,28.0002,300.0000,65.1875,66.3634,4209.44,0.022100,27.658942
301.400,28.0002,300.0000,65.1250,66.4493,4208.82,0.022091,27.658942
301.500,28.0002,300.0000,65.1875,66.5351,4208.23,0.022081,27.658942
301.600,28.0002,300.0000,65.1250,66.6207,4207.68,0.022073,27.658942
301.700,28.0002,300.0000,65.1250,66.7060,4207.17,0.022065,27.658942
301.800,28.0002,300.0000,65.2500,66.7912,4206.70,0.022057,27.658942
301.900,28.0002,300.0000,65.1875,66.8763,4206.25,0.022050,27.658942
302.000,28.1825,300.0000,65.1875,66.9611,4207.66,0.022072,27.670585
302.100,28.1825,300.0000,65.0625,67.0457,4208.98,0.022093,27.670585
302.200,28.1825,300.0000,65.1250,67.1301,4210.20,0.022112,27.670585
302.300,28.1825,300.0000,65.1250,67.2143,4211.35,0.022130,27.670585
302.400,28.1825,300.0000,65.1250,67.2983,4212.42,0.022147,27.670585
302.500,28.1825,300.0000,65.2500,67.3821,4213.42,0.022163,27.670585
302.600,28.1825,300.0000,65.2500,67.4657,4214.35,0.022178,27.670585
302.700,28.1825,300.0000,65.2500,67.5492,4215.22,0.022191,27.670585
302.800,28.1825,300.0000,65.1250,67.6324,4216.03,0.022204,27.670585
302.900,28.1825,300.0000,65.1875,67.7154,4216.78,0.022216,27.670585
303.000,28.1942,300.0000,65.1875,67.7983,4217.61,0.022229,27.682228
303.100,28.1942,300.0000,65.0625,67.8809,4218.37,0.022241,27.682228
303.200,28.1942,300.0000,65.2500,67.9634,4219.09,0.022253,27.682228
303.300,28.1942,300.0000,65.1250,68.0457,4219.76,0.022263,27.682228
303.400,28.1942,300.0000,65.1875,68.1277,4220.38,0.022273,27.682228
303.500,28.1942,300.0000,65.2500,68.2096,4220.97,0.022282,27.682228
303.600,28.1942,300.0000,65.2500,68.2913,4221.51,0.022291,27.682228
303.700,28.1942,300.0000,65.1875,68.3728,4222.02,0.022299,27.682228
303.800,28.1942,300.0000,65.2500,68.4542,4222.49,0.022307,27.682228
303.900,28.1942,300.0000,65.3125,68.5353,4222.93,0.022314,27.682228
304.000,28.5549,300.0000,65.3125,68.6162,4226.95,0.022377,27.701632
304.100,28.5549,300.0000,65.2500,68.6969,4230.71,0.022437,27.701632
304.200,28.5549,300.0000,65.3750,68.7774,4234.21,0.022493,27.701632
304.300,28.5549,300.0000,65.5000,68.8577,4237.48,0.022545,27.701632
304.400,28.5549,300.0000,65.5000,68.9378,4240.53,0.022594,27.701632
304.500,28.5549,300.0000,65.5000,69.0176,4243.37,0.022639,27.701632
304.600,28.5549,300.0000,65.3750,69.0973,4246.03,0.022682,27.701632
304.700,28.5549,300.0000,65.6250,69.1767,4248.51,0.022721,27.701632
304.800,28.5549,300.0000,65.5625,69.2560,4250.83,0.022759,27.701632
304.900,28.5549,300.0000,65.6250,69.3350,4252.99,0.022793,27.701632
305.000,29.4469,300.0000,65.6875,69.4138,4263.92,0.022970,27.740441
305.100,29.4469,300.0000,65.7500,69.4923,4274.13,0.023135,27.740441
305.200,29.4469,300.0000,65.8125,69.5705,4283.66,0.023290,27.740441
305.300,29.4469,300.0000,65.8125,69.6484,4292.55,0.023435,27.740441
305.400,29.4469,300.0000,65.8750,69.7261,4300.85,0.023572,27.740441
305.500,29.4469,300.0000,65.9375,69.8035,4308.60,0.023699,27.740441
305.600,29.4469,300.0000,65.8750,69.8806,4315.83,0.023819,27.740441
305.700,29.4469,300.0000,66.0000,69.9576,4322.57,0.023931,27.740441
305.800,29.4469,300.0000,66.0625,70.0343,4328.87,0.024035,27.740441
305.900,29.4469,300.0000,66.1250,70.1107,4334.75,0.024133,27.740441
306.000,30.8820,300.0000,66.1875,70.1868,4354.59,0.024466,27.810296
306.100,30.8820,300.0000,66.2500,70.2625,4373.10,0.024780,27.810296
306.200,30.8820,300.0000,66.3125,70.3379,4390.38,0.025075,27.810296
306.300,30.8820,300.0000,66.2500,70.4129,4406.51,0.025352,27.810296
306.400,30.8820,300.0000,66.4375,70.4876,4421.56,0.025613,27.810296
306.500,30.8820,300.0000,66.5000,70.5620,4435.61,0.025857,27.810296
306.600,30.8820,300.0000,66.5000,70.6361,4448.72,0.026087,27.810296
306.700,30.8820,300.0000,66.6250,70.7099,4460.96,0.026303,27.810296
306.800,30.8820,300.0000,66.6875,70.7834,4472.38,0.026506,27.810296
306.900,30.8820,300.0000,66.7500,70.8567,4483.04,0.026696,27.810296
307.000,32.6971,300.0000,66.7500,70.9295,4511.15,0.027201,27.918960
307.100,32.6971,300.0000,66.8750,71.0018,4537.37,0.027678,27.918960
307.200,32.6971,300.0000,66.8750,71.0738,4561.85,0.028129,27.918960
307.300,32.6971,300.0000,67.0000,71.1453,4584.70,0.028554,27.918960
307.400,32.6971,300.0000,67.0000,71.2165,4606.03,0.028954,27.918960
307.500,32.6971,300.0000,67.0000,71.2873,4625.93,0.029331,27.918960
307.600,32.6971,300.0000,67.3125,71.3577,4644.51,0.029686,27.918960
307.700,32.6971,300.0000,67.2500,71.4278,4661.84,0.030019,27.918960
307.800,32.6971,300.0000,67.3125,71.4976,4678.03,0.030333,27.918960
307.900,32.6971,300.0000,67.3750,71.5671,4693.13,0.030628,27.918960
308.000,34.5511,300.0000,67.3750,71.6361,4725.76,0.031271,28.066433
308.100,34.5511,300.0000,67.5625,71.7046,4756.22,0.031880,28.066433
308.200,34.5511,300.0000,67.6250,71.7727,4784.65,0.032455,28.066433
308.300,34.5511,300.0000,67.6875,71.8404,4811.19,0.032998,28.066433
308.400,34.5511,300.0000,67.6875,71.9076,4835.95,0.033510,28.066433
308.500,34.5511,300.0000,67.7500,71.9745,4859.07,0.033993,28.066433
308.600,34.5511,300.0000,67.8125,72.0410,4880.64,0.034447,28.066433
308.700,34.5511,300.0000,67.9375,72.1071,4900.78,0.034876,28.066433
308.800,34.5511,300.0000,68.1250,72.1729,4919.57,0.035278,28.066433
308.900,34.5511,300.0000,68.1250,72.2384,4937.11,0.035657,28.066433
309.000,36.7930,300.0000,68.1250,72.3033,4975.90,0.036504,28.260477
309.100,36.7930,300.0000,68.1875,72.3677,5012.10,0.037307,28.260477
309.200,36.7930,300.0000,68.2500,72.4317,5045.89,0.038066,28.260477
309.300,36.7930,300.0000,68.3750,72.4951,5077.43,0.038784,28.260477
309.400,36.7930,300.0000,68.3750,72.5582,5106.86,0.039463,28.260477
309.500,36.7930,300.0000,68.5000,72.6208,5134.33,0.040103,28.260477
309.600,36.7930,300.0000,68.6875,72.6830,5159.97,0.040707,28.260477
309.700,36.7930,300.0000,68.6250,72.7448,5183.91,0.041276,28.260477
309.800,36.7930,300.0000,68.7500,72.8063,5206.24,0.041812,28.260477
309.900,36.7930,300.0000,68.7500,72.8674,5227.09,0.042316,28.260477
310.000,38.7323,300.0000,68.8125,72.9280,5265.94,0.043267,28.493329
310.100,38.7323,300.0000,68.8750,72.9881,5302.20,0.044167,28.493329
310.200,38.7323,300.0000,68.9375,73.0477,5336.04,0.045018,28.493329
310.300,38.7323,300.0000,69.1250,73.1069,5367.63,0.045822,28.493329
310.400,38.7323,300.0000,69.1875,73.1657,5397.11,0.046581,28.493329
310.500,38.7323,300.0000,69.1875,73.2240,5424.63,0.047297,28.493329
310.600,38.7323,300.0000,69.3125,73.2819,5450.31,0.047972,28.493329
310.700,38.7323,300.0000,69.3125,73.3395,5474.28,0.048608,28.493329
310.800,38.7323,300.0000,69.4375,73.3968,5496.65,0.049206,28.493329
310.900,38.7323,300.0000,69.5000,73.4537,5517.53,0.049769,28.493329
311.000,41.0595,300.0000,69.6250,73.5100,5560.29,0.050935,28.772751
311.100,41.0595,300.0000,69.5625,73.5658,5600.20,0.052040,28.772751
311.200,41.0595,300.0000,69.6875,73.6211,5637.45,0.053085,28.772751
311.300,41.0595,300.0000,69.7500,73.6760,5672.21,0.054073,28.772751
311.400,41.0595,300.0000,69.8750,73.7304,5704.66,0.055007,28.772751
311.500,41.0595,300.0000,70.0000,73.7844,5734.94,0.055887,28.772751
311.600,41.0595,300.0000,70.0000,73.8380,5763.21,0.056718,28.772751
311.700,41.0595,300.0000,70.1250,73.8912,5789.59,0.057500,28.772751
311.800,41.0595,300.0000,70.1250,73.9440,5814.21,0.058237,28.772751
311.900,41.0595,300.0000,70.2500,73.9965,5837.19,0.058930,28.772751
312.000,43.4333,300.0000,70.2500,74.0485,5882.38,0.060309,29.098744
312.100,43.4333,300.0000,70.3125,74.0999,5924.55,0.061616,29.098744
312.200,43.4333,300.0000,70.3750,74.1508,5963.92,0.062852,29.098744
312.300,43.4333,300.0000,70.5000,74.2012,6000.66,0.064021,29.098744
312.400,43.4333,300.0000,70.5000,74.2512,6034.95,0.065125,29.098744
312.500,43.4333,300.0000,70.5625,74.3008,6066.95,0.066166,29.098744
312.600,43.4333,300.0000,70.5625,74.3499,6096.82,0.067148,29.098744
312.700,43.4333,300.0000,70.7500,74.3987,6124.70,0.068074,29.098744
312.800,43.4333,300.0000,70.8125,74.4471,6150.72,0.068945,29.098744
312.900,43.4333,300.0000,70.8750,74.4952,6175.00,0.069765,29.098744
313.000,45.5046,300.0000,70.9375,74.5427,6218.38,0.071246,29.463546
313.100,45.5046,300.0000,71.1250,74.5898,6258.87,0.072646,29.463546
313.200,45.5046,300.0000,71.1250,74.6363,6296.66,0.073970,29.463546
313.300,45.5046,300.0000,71.1875,74.6825,6331.93,0.075220,29.463546
313.400,45.5046,300.0000,71.1875,74.7282,6364.84,0.076399,29.463546
313.500,45.5046,300.0000,71.1875,74.7734,6395.57,0.077511,29.463546
313.600,45.5046,300.0000,71.4375,74.8184,6424.24,0.078558,29.463546
313.700,45.5046,300.0000,71.3750,74.8629,6451.00,0.079544,29.463546
313.800,45.5046,300.0000,71.5000,74.9071,6475.98,0.080472,29.463546
313.900,45.5046,300.0000,71.5625,74.9510,6499.30,0.081344,29.463546
314.000,47.7892,300.0000,71.6250,74.9944,6543.90,0.083030,29.871037
314.100,47.7892,300.0000,71.7500,75.0373,6585.54,0.084625,29.871037
314.200,47.7892,300.0000,71.6875,75.0797,6624.39,0.086132,29.871037
314.300,47.7892,300.0000,71.8750,75.1216,6660.66,0.087554,29.871037
314.400,47.7892,300.0000,71.8125,75.1632,6694.51,0.088896,29.871037
314.500,47.7892,300.0000,71.9375,75.2043,6726.10,0.090160,29.871037
314.600,47.7892,300.0000,72.0625,75.2451,6755.58,0.091351,29.871037
314.700,47.7892,300.0000,72.1250,75.2855,6783.10,0.092472,29.871037
314.800,47.7892,300.0000,72.1250,75.3256,6808.79,0.093527,29.871037
314.900,47.7892,300.0000,72.1875,75.3653,6832.76,0.094518,29.871037
315.000,49.9420,300.0000,72.3125,75.4046,6876.67,0.096352,30.317337
315.100,49.9420,300.0000,72.3750,75.4433,6917.64,0.098084,30.317337
315.200,49.9420,300.0000,72.3750,75.4817,6955.89,0.099720,30.317337
315.300,49.9420,300.0000,72.5000,75.5196,6991.58,0.101263,30.317337
315.400,49.9420,300.0000,72.5000,75.5570,7024.90,0.102718,30.317337
315.500,49.9420,300.0000,72.5625,75.5942,7055.99,0.104088,30.317337
315.600,49.9420,300.0000,72.6250,75.6309,7085.01,0.105377,30.317337
315.700,49.9420,300.0000,72.6875,75.6673,7112.10,0.106591,30.317337
315.800,49.9420,300.0000,72.8125,75.7034,7137.38,0.107731,30.317337
315.900,49.9420,300.0000,72.8125,75.7392,7160.97,0.108803,30.317337
316.000,52.1336,300.0000,72.8750,75.7745,7204.91,0.110818,30.802445
316.100,52.1336,300.0000,72.9375,75.8093,7245.92,0.112721,30.802445
316.200,52.1336,300.0000,72.9375,75.8437,7284.19,0.114517,30.802445
316.300,52.1336,300.0000,72.9375,75.8777,7319.92,0.116210,30.802445
316.400,52.1336,300.0000,73.0625,75.9113,7353.26,0.117806,30.802445
316.500,52.1336,300.0000,73.1250,75.9445,7384.38,0.119308,30.802445
316.600,52.1336,300.0000,73.1250,75.9774,7413.42,0.120721,30.802445
316.700,52.1336,300.0000,73.2500,76.0099,7440.53,0.122050,30.802445
316.800,52.1336,300.0000,73.1875,76.0422,7465.83,0.123299,30.802445
316.900,52.1336,300.0000,73.3750,76.0741,7489.45,0.124473,30.802445
317.000,54.1895,300.0000,73.4375,76.1056,7532.04,0.126609,31.322481
317.100,54.1895,300.0000,73.5625,76.1366,7571.80,0.128625,31.322481
317.200,54.1895,300.0000,73.5000,76.1672,7608.91,0.130525,31.322481
317.300,54.1895,300.0000,73.6250,76.1974,7643.55,0.132316,31.322481
317.400,54.1895,300.0000,73.7500,76.2273,7675.87,0.134001,31.322481
317.500,54.1895,300.0000,73.6875,76.2568,7706.04,0.135588,31.322481
317.600,54.1895,300.0000,73.6875,76.2859,7734.20,0.137080,31.322481
317.700,54.1895,300.0000,73.8125,76.3148,7760.48,0.138482,31.322481
317.800,54.1895,300.0000,73.9375,76.3434,7785.01,0.139799,31.322481
317.900,54.1895,300.0000,73.8750,76.3716,7807.91,0.141036,31.322481
318.000,56.1058,300.0000,73.8750,76.3995,7848.44,0.143244,31.873564
318.100,56.1058,300.0000,74.0000,76.4269,7886.27,0.145325,31.873564
318.200,56.1058,300.0000,74.1250,76.4540,7921.57,0.147286,31.873564
318.300,56.1058,300.0000,74.1250,76.4807,7954.53,0.149131,31.873564
318.400,56.1058,300.0000,74.1875,76.5070,7985.28,0.150868,31.873564
318.500,56.1058,300.0000,74.1875,76.5330,8013.99,0.152501,31.873564
318.600,56.1058,300.0000,74.1875,76.5587,8040.78,0.154035,31.873564
318.700,56.1058,300.0000,74.2500,76.5841,8065.79,0.155477,31.873564
318.800,56.1058,300.0000,74.3750,76.6093,8089.13,0.156831,31.873564
318.900,56.1058,300.0000,74.3125,76.6341,8110.91,0.158101,31.873564
319.000,57.8786,300.0000,74.4375,76.6586,8148.97,0.160337,32.451814
319.100,57.8786,300.0000,74.5000,76.6827,8184.49,0.162443,32.451814
319.200,57.8786,300.0000,74.5625,76.7065,8217.64,0.164425,32.451814
319.300,57.8786,300.0000,74.5000,76.7299,8248.58,0.166289,32.451814
319.400,57.8786,300.0000,74.6250,76.7529,8277.46,0.168042,32.451814
319.500,57.8786,300.0000,74.7500,76.7757,8304.42,0.169689,32.451814
319.600,57.8786,300.0000,74.6875,76.7982,8329.58,0.171236,32.451814
319.700,57.8786,300.0000,74.6875,76.8205,8353.06,0.172688,32.451814
319.800,57.8786,300.0000,74.8125,76.8424,8374.97,0.174051,32.451814
319.900,57.8786,300.0000,74.8125,76.8642,8395.43,0.175329,32.451814
320.000,59.8531,300.0000,74.8750,76.8855,8434.26,0.177774,33.061110
320.100,59.8531,300.0000,74.9375,76.9065,8470.51,0.180076,33.061110
320.200,59.8531,300.0000,74.8750,76.9271,8504.34,0.182242,33.061110
320.300,59.8531,300.0000,74.9375,76.9474,8535.92,0.184279,33.061110
320.400,59.8531,300.0000,75.0625,76.9673,8565.38,0.186195,33.061110
320.500,59.8531,300.0000,75.0625,76.9870,8592.89,0.187994,33.061110
320.600,59.8531,300.0000,75.0625,77.0063,8618.56,0.189684,33.061110
320.700,59.8531,300.0000,75.1250,77.0255,8642.52,0.191270,33.061110
320.800,59.8531,300.0000,75.1875,77.0443,8664.88,0.192759,33.061110
320.900,59.8531,300.0000,75.2500,77.0630,8685.76,0.194155,33.061110
321.000,61.6841,300.0000,75.3125,77.0812,8723.55,0.196701,33.697572
321.100,61.6841,300.0000,75.3125,77.0991,8758.82,0.199096,33.697572
321.200,61.6841,300.0000,75.3125,77.1167,8791.74,0.201349,33.697572
321.300,61.6841,300.0000,75.3750,77.1339,8822.46,0.203468,33.697572
321.400,61.6841,300.0000,75.4375,77.1508,8851.14,0.205458,33.697572
321.500,61.6841,300.0000,75.5000,77.1675,8877.90,0.207328,33.697572
321.600,61.6841,300.0000,75.4375,77.1839,8902.88,0.209083,33.697572
321.700,61.6841,300.0000,75.5000,77.2000,8926.20,0.210730,33.697572
321.800,61.6841,300.0000,75.5000,77.2159,8947.96,0.212275,33.697572
321.900,61.6841,300.0000,75.5625,77.2316,8968.27,0.213724,33.697572
322.000,63.1932,300.0000,75.5625,77.2470,9002.32,0.216167,34.353439
322.100,63.1932,300.0000,75.6875,77.2620,9034.10,0.218464,34.353439
322.200,63.1932,300.0000,75.6250,77.2767,9063.76,0.220623,34.353439
322.300,63.1932,300.0000,75.7500,77.2912,9091.44,0.222651,34.353439
322.400,63.1932,300.0000,75.7500,77.3053,9117.27,0.224554,34.353439
322.500,63.1932,300.0000,75.8125,77.3193,9141.39,0.226341,34.353439
322.600,63.1932,300.0000,75.7500,77.3329,9163.89,0.228016,34.353439
322.700,63.1932,300.0000,75.8750,77.3464,9184.90,0.229588,34.353439
322.800,63.1932,300.0000,75.8750,77.3597,9204.50,0.231061,34.353439
322.900,63.1932,300.0000,75.9375,77.3728,9222.80,0.232442,34.353439
323.000,64.8963,300.0000,76.0625,77.3855,9256.91,0.235031,35.032591
323.100,64.8963,300.0000,76.0000,77.3979,9288.75,0.237464,35.032591
323.200,64.8963,300.0000,76.0000,77.4100,9318.46,0.239750,35.032591
323.300,64.8963,300.0000,76.0625,77.4219,9346.19,0.241897,35.032591
323.400,64.8963,300.0000,76.0000,77.4335,9372.07,0.243912,35.032591
323.500,64.8963,300.0000,76.1250,77.4448,9396.23,0.245803,35.032591
323.600,64.8963,300.0000,76.1875,77.4559,9418.78,0.247577,35.032591
323.700,64.8963,300.0000,76.1250,77.4668,9439.82,0.249240,35.032591
323.800,64.8963,300.0000,76.1875,77.4775,9459.46,0.250799,35.032591
323.900,64.8963,300.0000,76.2500,77.4880,9477.80,0.252260,35.032591
324.000,66.4481,300.0000,76.2500,77.4982,9510.42,0.254874,35.731147
324.100,66.4481,300.0000,76.3750,77.5081,9540.88,0.257330,35.731147
324.200,66.4481,300.0000,76.3125,77.5178,9569.30,0.259637,35.731147
324.300,66.4481,300.0000,76.3750,77.5271,9595.83,0.261802,35.731147
324.400,66.4481,300.0000,76.4375,77.5363,9620.58,0.263834,35.731147
324.500,66.4481,300.0000,76.3125,77.5452,9643.69,0.265740,35.731147
324.600,66.4481,300.0000,76.4375,77.5539,9665.26,0.267527,35.731147
324.700,66.4481,300.0000,76.3750,77.5623,9685.39,0.269202,35.731147
324.800,66.4481,300.0000,76.5000,77.5707,9704.18,0.270771,35.731147
324.900,66.4481,300.0000,76.4375,77.5788,9721.71,0.272242,35.731147
325.000,67.6702,300.0000,76.5625,77.5866,9750.30,0.274650,36.441345
325.100,67.6702,300.0000,76.5625,77.5942,9776.98,0.276911,36.441345
325.200,67.6702,300.0000,76.5000,77.6016,9801.89,0.279033,36.441345
325.300,67.6702,300.0000,76.5625,77.6087,9825.13,0.281022,36.441345
325.400,67.6702,300.0000,76.5625,77.6157,9846.82,0.282888,36.441345
325.500,67.6702,300.0000,76.6250,77.6224,9867.07,0.284637,36.441345
325.600,67.6702,300.0000,76.6250,77.6289,9885.97,0.286275,36.441345
325.700,67.6702,300.0000,76.6875,77.6353,9903.60,0.287810,36.441345
325.800,67.6702,300.0000,76.6875,77.6415,9920.07,0.289248,36.441345
325.900,67.6702,300.0000,76.7500,77.6476,9935.43,0.290594,36.441345
326.000,69.2531,300.0000,76.7500,77.6534,9965.60,0.293249,37.170948
326.100,69.2531,300.0000,76.7500,77.6589,9993.76,0.295742,37.170948
326.200,69.2531,300.0000,76.8125,77.6642,10020.04,0.298081,37.170948
326.300,69.2531,300.0000,76.7500,77.6692,10044.56,0.300275,37.170948
326.400,69.2531,300.0000,76.8750,77.6741,10067.46,0.302333,37.170948
326.500,69.2531,300.0000,76.8125,77.6787,10088.82,0.304262,37.170948
326.600,69.2531,300.0000,76.8750,77.6832,10108.77,0.306070,37.170948
326.700,69.2531,300.0000,76.8750,77.6874,10127.38,0.307764,37.170948
326.800,69.2531,300.0000,76.9375,77.6916,10144.75,0.309350,37.170948
326.900,69.2531,300.0000,76.9375,77.6955,10160.97,0.310836,37.170948
327.000,70.5062,300.0000,76.9375,77.6992,10188.63,0.313382,37.912194
327.100,70.5062,300.0000,77.1250,77.7027,10214.45,0.315770,37.912194
327.200,70.5062,300.0000,77.0625,77.7059,10238.55,0.318011,37.912194
327.300,70.5062,300.0000,77.0625,77.7090,10261.04,0.320111,37.912194
327.400,70.5062,300.0000,77.0000,77.7118,10282.04,0.322080,37.912194
327.500,70.5062,300.0000,77.0625,77.7145,10301.63,0.323925,37.912194
327.600,70.5062,300.0000,77.0000,77.7170,10319.92,0.325653,37.912194
327.700,70.5062,300.0000,77.0625,77.7194,10336.98,0.327271,37.912194
327.800,70.5062,300.0000,77.0000,77.7216,10352.91,0.328787,37.912194
327.900,70.5062,300.0000,77.1250,77.7236,10367.78,0.330205,37.912194
328.000,71.7711,300.0000,77.2500,77.7255,10394.31,0.332746,38.665082
328.100,71.7711,300.0000,77.1250,77.7271,10419.06,0.335129,38.665082
328.200,71.7711,300.0000,77.1250,77.7285,10442.17,0.337364,38.665082
328.300,71.7711,300.0000,77.1875,77.7297,10463.74,0.339459,38.665082
328.400,71.7711,300.0000,77.1875,77.7307,10483.87,0.341421,38.665082
328.500,71.7711,300.0000,77.1875,77.7316,10502.65,0.343260,38.665082
328.600,71.7711,300.0000,77.3125,77.7323,10520.19,0.344982,38.665082
328.700,71.7711,300.0000,77.3125,77.7328,10536.55,0.346595,38.665082
328.800,71.7711,300.0000,77.2500,77.7332,10551.83,0.348104,38.665082
328.900,71.7711,300.0000,77.3125,77.7335,10566.08,0.349517,38.665082
329.000,73.0476,300.0000,77.3125,77.7336,10592.15,0.352110,39.429613
329.100,73.0476,300.0000,77.3125,77.7335,10616.48,0.354543,39.429613
329.200,73.0476,300.0000,77.3125,77.7331,10639.19,0.356823,39.429613
329.300,73.0476,300.0000,77.2500,77.7326,10660.39,0.358960,39.429613
329.400,73.0476,300.0000,77.3750,77.7319,10680.17,0.360962,39.429613
329.500,73.0476,300.0000,77.3125,77.7310,10698.64,0.362837,39.429613
329.600,73.0476,300.0000,77.4375,77.7300,10715.87,0.364593,39.429613
329.700,73.0476,300.0000,77.4375,77.7289,10731.95,0.366237,39.429613
329.800,73.0476,300.0000,77.4375,77.7276,10746.97,0.367776,39.429613
329.900,73.0476,300.0000,77.3125,77.7262,10760.98,0.369217,39.429613
330.000,73.8121,300.0000,77.3750,77.7246,10781.70,0.371354,40.194144
330.100,73.8121,300.0000,77.3750,77.7229,10801.04,0.373356,40.194144
330.200,73.8121,300.0000,77.3750,77.7210,10819.09,0.375231,40.194144
330.300,73.8121,300.0000,77.4375,77.7190,10835.94,0.376987,40.194144
330.400,73.8121,300.0000,77.3750,77.7168,10851.67,0.378630,40.194144
330.500,73.8121,300.0000,77.3750,77.7145,10866.34,0.380169,40.194144
330.600,73.8121,300.0000,77.4375,77.7121,10880.04,0.381608,40.194144
330.700,73.8121,300.0000,77.5000,77.7096,10892.83,0.382955,40.194144
330.800,73.8121,300.0000,77.5000,77.7070,10904.76,0.384215,40.194144
330.900,73.8121,300.0000,77.5000,77.7043,10915.90,0.385393,40.194144
331.000,75.1002,300.0000,77.4375,77.7014,10939.17,0.387864,40.970318
331.100,75.1002,300.0000,77.5000,77.6983,10960.90,0.390179,40.970318
331.200,75.1002,300.0000,77.5625,77.6951,10981.17,0.392349,40.970318
331.300,75.1002,300.0000,77.5625,77.6917,11000.10,0.394381,40.970318
331.400,75.1002,300.0000,77.4375,77.6881,11017.76,0.396283,40.970318
331.500,75.1002,300.0000,77.4375,77.6844,11034.24,0.398065,40.970318
331.600,75.1002,300.0000,77.4375,77.6806,11049.63,0.399732,40.970318
331.700,75.1002,300.0000,77.5000,77.6767,11063.99,0.401293,40.970318
331.800,75.1002,300.0000,77.5000,77.6726,11077.39,0.402753,40.970318
331.900,75.1002,300.0000,77.5625,77.6685,11089.90,0.404119,40.970318
332.000,76.0509,300.0000,77.5000,77.6642,11111.08,0.406439,41.750372
332.100,76.0509,300.0000,77.5625,77.6597,11130.85,0.408613,41.750372
332.200,76.0509,300.0000,77.6250,77.6551,11149.31,0.410648,41.750372
332.300,76.0509,300.0000,77.6250,77.6503,11166.53,0.412554,41.750372
332.400,76.0509,300.0000,77.5625,77.6454,11182.60,0.414338,41.750372
332.500,76.0509,300.0000,77.6250,77.6404,11197.60,0.416008,41.750372
332.600,76.0509,300.0000,77.5000,77.6353,11211.61,0.417571,41.750372
332.700,76.0509,300.0000,77.5000,77.6300,11224.68,0.419032,41.750372
332.800,76.0509,300.0000,77.6250,77.6247,11236.87,0.420400,41.750372
332.900,76.0509,300.0000,77.6250,77.6193,11248.26,0.421679,41.750372
333.000,77.0055,300.0000,77.5625,77.6138,11268.43,0.423952,42.534307
333.100,77.0055,300.0000,77.6250,77.6080,11287.26,0.426080,42.534307
333.200,77.0055,300.0000,77.6250,77.6022,11304.83,0.428073,42.534307
333.300,77.0055,300.0000,77.6875,77.5962,11321.23,0.429939,42.534307
333.400,77.0055,300.0000,77.6875,77.5901,11336.53,0.431685,42.534307
333.500,77.0055,300.0000,77.6875,77.5839,11350.82,0.433319,42.534307
333.600,77.0055,300.0000,77.6250,77.5775,11364.15,0.434848,42.534307
333.700,77.0055,300.0000,77.5625,77.5711,11376.60,0.436278,42.534307
333.800,77.0055,300.0000,77.6875,77.5646,11388.21,0.437616,42.534307
333.900,77.0055,300.0000,77.6250,77.5581,11399.05,0.438867,42.534307
334.000,77.7894,300.0000,77.6250,77.5513,11417.01,0.440944,43.318243
334.100,77.7894,300.0000,77.6250,77.5445,11433.77,0.442889,43.318243
334.200,77.7894,300.0000,77.7500,77.5375,11449.41,0.444709,43.318243
334.300,77.7894,300.0000,77.6250,77.5304,11464.02,0.446413,43.318243
334.400,77.7894,300.0000,77.5625,77.5233,11477.64,0.448006,43.318243
334.500,77.7894,300.0000,77.6250,77.5160,11490.36,0.449497,43.318243
334.600,77.7894,300.0000,77.6875,77.5086,11502.23,0.450892,43.318243
334.700,77.7894,300.0000,77.6250,77.5012,11513.31,0.452196,43.318243
334.800,77.7894,300.0000,77.6250,77.4937,11523.65,0.453416,43.318243
334.900,77.7894,300.0000,77.6875,77.4861,11533.30,0.454556,43.318243
335.000,78.7479,300.0000,77.5625,77.4784,11551.89,0.456758,44.106059
335.100,78.7479,300.0000,77.5625,77.4705,11569.25,0.458819,44.106059
335.200,78.7479,300.0000,77.6250,77.4626,11585.44,0.460749,44.106059
335.300,78.7479,300.0000,77.6875,77.4545,11600.56,0.462555,44.106059
335.400,78.7479,300.0000,77.6250,77.4463,11614.67,0.464244,44.106059
335.500,78.7479,300.0000,77.6250,77.4380,11627.83,0.465825,44.106059
335.600,78.7479,300.0000,77.6875,77.4296,11640.13,0.467304,44.106059
335.700,78.7479,300.0000,77.6875,77.4212,11651.60,0.468687,44.106059
335.800,78.7479,300.0000,77.6875,77.4126,11662.30,0.469980,44.106059
335.900,78.7479,300.0000,77.6250,77.4040,11672.29,0.471189,44.106059
336.000,79.3612,300.0000,77.6875,77.3953,11687.75,0.473063,44.889994
336.100,79.3612,300.0000,77.5000,77.3865,11702.18,0.474817,44.889994
336.200,79.3612,300.0000,77.6875,77.3776,11715.65,0.476459,44.889994
336.300,79.3612,300.0000,77.6875,77.3686,11728.22,0.477994,44.889994
336.400,79.3612,300.0000,77.5625,77.3595,11739.95,0.479429,44.889994
336.500,79.3612,300.0000,77.6250,77.3504,11750.90,0.480772,44.889994
336.600,79.3612,300.0000,77.6250,77.3412,11761.12,0.482027,44.889994
336.700,79.3612,300.0000,77.6875,77.3319,11770.65,0.483201,44.889994
336.800,79.3612,300.0000,77.5625,77.3225,11779.55,0.484298,44.889994
336.900,79.3612,300.0000,77.6250,77.3132,11787.86,0.485324,44.889994
337.000,80.1451,300.0000,77.6875,77.3037,11803.46,0.487252,45.673929
337.100,80.1451,300.0000,77.6875,77.2941,11818.01,0.489057,45.673929
337.200,80.1451,300.0000,77.5625,77.2844,11831.59,0.490745,45.673929
337.300,80.1451,300.0000,77.6875,77.2746,11844.27,0.492324,45.673929
337.400,80.1451,300.0000,77.5625,77.2647,11856.11,0.493802,45.673929
337.500,80.1451,300.0000,77.6250,77.2548,11867.15,0.495183,45.673929
337.600,80.1451,300.0000,77.6250,77.2448,11877.46,0.496474,45.673929
337.700,80.1451,300.0000,77.5625,77.2347,11887.08,0.497682,45.673929
337.800,80.1451,300.0000,77.6250,77.2246,11896.06,0.498810,45.673929
337.900,80.1451,300.0000,77.5625,77.2144,11904.44,0.499865,45.673929
338.000,80.7545,300.0000,77.5000,77.2041,11918.36,0.501620,46.453983
338.100,80.7545,300.0000,77.5000,77.1938,11931.34,0.503262,46.453983
338.200,80.7545,300.0000,77.6250,77.1834,11943.47,0.504798,46.453983
338.300,80.7545,300.0000,77.5625,77.1729,11954.78,0.506234,46.453983
338.400,80.7545,300.0000,77.6250,77.1623,11965.34,0.507576,46.453983
338.500,80.7545,300.0000,77.5625,77.1516,11975.20,0.508832,46.453983
338.600,80.7545,300.0000,77.5625,77.1409,11984.40,0.510005,46.453983
338.700,80.7545,300.0000,77.5625,77.1302,11992.98,0.511102,46.453983
338.800,80.7545,300.0000,77.5625,77.1194,12000.99,0.512127,46.453983
338.900,80.7545,300.0000,77.6250,77.1086,12008.47,0.513085,46.453983
339.000,81.7091,300.0000,77.6250,77.0977,12025.00,0.515207,47.237919
339.100,81.7091,300.0000,77.4375,77.0866,12040.42,0.517192,47.237919
339.200,81.7091,300.0000,77.5625,77.0755,12054.82,0.519049,47.237919
339.300,81.7091,300.0000,77.4375,77.0642,12068.26,0.520787,47.237919
339.400,81.7091,300.0000,77.5625,77.0529,12080.80,0.522412,47.237919
339.500,81.7091,300.0000,77.6250,77.0415,12092.50,0.523932,47.237919
339.600,81.7091,300.0000,77.5000,77.0300,12103.43,0.525353,47.237919
339.700,81.7091,300.0000,77.5000,77.0185,12113.62,0.526682,47.237919
339.800,81.7091,300.0000,77.5000,77.0069,12123.14,0.527924,47.237919
339.900,81.7091,300.0000,77.5000,76.9953,12132.02,0.529085,47.237919
340.000,82.1440,300.0000,77.5000,76.9836,12144.66,0.530741,48.014092
340.100,82.1440,300.0000,77.5625,76.9718,12156.46,0.532289,48.014092
340.200,82.1440,300.0000,77.5000,76.9600,12167.46,0.533736,48.014092
340.300,82.1440,300.0000,77.5625,76.9480,12177.74,0.535089,48.014092
340.400,82.1440,300.0000,77.5000,76.9361,12187.33,0.536355,48.014092
340.500,82.1440,300.0000,77.3750,76.9240,12196.28,0.537537,48.014092
340.600,82.1440,300.0000,77.4375,76.9120,12204.64,0.538643,48.014092
340.700,82.1440,300.0000,77.5000,76.8999,12212.43,0.539676,48.014092
340.800,82.1440,300.0000,77.3750,76.8877,12219.71,0.540641,48.014092
340.900,82.1440,300.0000,77.4375,76.8756,12226.50,0.541543,48.014092
341.000,82.7456,300.0000,77.3125,76.8633,12238.86,0.543187,48.786385
341.100,82.7456,300.0000,77.3750,76.8510,12250.39,0.544724,48.786385
341.200,82.7456,300.0000,77.4375,76.8386,12261.16,0.546161,48.786385
341.300,82.7456,300.0000,77.3750,76.8262,12271.20,0.547504,48.786385
341.400,82.7456,300.0000,77.3125,76.8137,12280.58,0.548760,48.786385
341.500,82.7456,300.0000,77.3125,76.8011,12289.33,0.549934,48.786385
341.600,82.7456,300.0000,77.3750,76.7885,12297.50,0.551032,48.786385
341.700,82.7456,300.0000,77.3125,76.7759,12305.12,0.552057,48.786385
341.800,82.7456,300.0000,77.3125,76.7633,12312.24,0.553015,48.786385
341.900,82.7456,300.0000,77.3125,76.7506,12318.88,0.553910,48.786385
342.000,83.1689,300.0000,77.3750,76.7379,12329.31,0.555319,49.550916
342.100,83.1689,300.0000,77.3125,76.7251,12339.04,0.556635,49.550916
342.200,83.1689,300.0000,77.3125,76.7122,12348.13,0.557866,49.550916
342.300,83.1689,300.0000,77.3750,76.6993,12356.61,0.559016,49.550916
342.400,83.1689,300.0000,77.2500,76.6864,12364.52,0.560091,49.550916
342.500,83.1689,300.0000,77.2500,76.6734,12371.91,0.561095,49.550916
342.600,83.1689,300.0000,77.2500,76.6604,12378.80,0.562034,49.550916
342.700,83.1689,300.0000,77.2500,76.6474,12385.24,0.562911,49.550916
342.800,83.1689,300.0000,77.1875,76.6344,12391.25,0.563730,49.550916
342.900,83.1689,300.0000,77.3125,76.6213,12396.85,0.564495,49.550916
343.000,83.9334,300.0000,77.2500,76.6082,12409.73,0.566256,50.315447
343.100,83.9334,300.0000,77.2500,76.5950,12421.75,0.567903,50.315447
343.200,83.9334,300.0000,77.1875,76.5817,12432.96,0.569443,50.315447
343.300,83.9334,300.0000,77.2500,76.5684,12443.43,0.570883,50.315447
343.400,83.9334,300.0000,77.2500,76.5550,12453.21,0.572229,50.315447
343.500,83.9334,300.0000,77.2500,76.5415,12462.33,0.573487,50.315447
343.600,83.9334,300.0000,77.1875,76.5281,12470.84,0.574663,50.315447
343.700,83.9334,300.0000,77.1875,76.5145,12478.78,0.575762,50.315447
343.800,83.9334,300.0000,77.1250,76.5010,12486.20,0.576789,50.315447
343.900,83.9334,300.0000,77.1875,76.4874,12493.12,0.577749,50.315447
344.000,84.3489,300.0000,77.1875,76.4738,12503.73,0.579222,51.072216
344.100,84.3489,300.0000,77.1250,76.4601,12513.64,0.580600,51.072216
344.200,84.3489,300.0000,77.1250,76.4464,12522.89,0.581888,51.072216
344.300,84.3489,300.0000,77.1875,76.4326,12531.52,0.583092,51.072216
344.400,84.3489,300.0000,77.0625,76.4188,12539.57,0.584217,51.072216
344.500,84.3489,300.0000,77.0625,76.4049,12547.09,0.585268,51.072216
344.600,84.3489,300.0000,77.1250,76.3910,12554.10,0.586251,51.072216
344.700,84.3489,300.0000,77.1250,76.3771,12560.65,0.587168,51.072216
344.800,84.3489,300.0000,77.1250,76.3632,12566.76,0.588026,51.072216
344.900,84.3489,300.0000,77.0000,76.3492,12572.47,0.588827,51.072216
345.000,84.5820,300.0000,77.1250,76.3353,12580.12,0.589904,51.817342
345.100,84.5820,300.0000,77.0000,76.3213,12587.27,0.590909,51.817342
345.200,84.5820,300.0000,77.0625,76.3072,12593.94,0.591849,51.817342
345.300,84.5820,300.0000,77.0000,76.2932,12600.16,0.592727,51.817342
345.400,84.5820,300.0000,77.0625,76.2791,12605.97,0.593547,51.817342
345.500,84.5820,300.0000,77.0000,76.2650,12611.40,0.594314,51.817342
345.600,84.5820,300.0000,76.9375,76.2509,12616.46,0.595029,51.817342
345.700,84.5820,300.0000,77.0625,76.2368,12621.18,0.595698,51.817342
345.800,84.5820,300.0000,76.9375,76.2227,12625.59,0.596322,51.817342
345.900,84.5820,300.0000,76.8750,76.2086,12629.70,0.596905,51.817342
346.000,84.9781,300.0000,77.0000,76.1944,12637.50,0.598012,52.554707
346.100,84.9781,300.0000,76.8750,76.1802,12644.78,0.599046,52.554707
346.200,84.9781,300.0000,76.8750,76.1660,12651.58,0.600013,52.554707
346.300,84.9781,300.0000,76.8125,76.1518,12657.92,0.600916,52.554707
346.400,84.9781,300.0000,76.8750,76.1375,12663.84,0.601759,52.554707
346.500,84.9781,300.0000,76.8750,76.1233,12669.37,0.602547,52.554707
346.600,84.9781,300.0000,76.8750,76.1090,12674.52,0.603283,52.554707
346.700,84.9781,300.0000,76.8750,76.0947,12679.34,0.603971,52.554707
346.800,84.9781,300.0000,76.7500,76.0804,12683.83,0.604613,52.554707
346.900,84.9781,300.0000,76.8125,76.0661,12688.02,0.605213,52.554707
347.000,85.5409,300.0000,76.7500,76.0518,12697.56,0.606579,53.288191
347.100,85.5409,300.0000,76.8125,76.0374,12706.47,0.607856,53.288191
347.200,85.5409,300.0000,76.8125,76.0230,12714.78,0.609050,53.288191
347.300,85.5409,300.0000,76.7500,76.0085,12722.54,0.610165,53.288191
347.400,85.5409,300.0000,76.7500,75.9940,12729.78,0.611207,53.288191
347.500,85.5409,300.0000,76.6250,75.9795,12736.53,0.612181,53.288191
347.600,85.5409,300.0000,76.7500,75.9650,12742.84,0.613091,53.288191
347.700,85.5409,300.0000,76.7500,75.9504,12748.73,0.613941,53.288191
347.800,85.5409,300.0000,76.7500,75.9359,12754.22,0.614735,53.288191
347.900,85.5409,300.0000,76.6875,75.9213,12759.35,0.615477,53.288191
348.000,85.9254,300.0000,76.7500,75.9067,12767.98,0.616727,54.013913
348.100,85.9254,300.0000,76.6875,75.8920,12776.04,0.617895,54.013913
348.200,85.9254,300.0000,76.5625,75.8774,12783.55,0.618986,54.013913
348.300,85.9254,300.0000,76.6875,75.8626,12790.57,0.620006,54.013913
348.400,85.9254,300.0000,76.5625,75.8479,12797.12,0.620959,54.013913
348.500,85.9254,300.0000,76.6875,75.8332,12803.23,0.621849,54.013913
348.600,85.9254,300.0000,76.6250,75.8184,12808.94,0.622681,54.013913
348.700,85.9254,300.0000,76.6250,75.8036,12814.26,0.623458,54.013913
348.800,85.9254,300.0000,76.6875,75.7888,12819.23,0.624183,54.013913
348.900,85.9254,300.0000,76.6875,75.7740,12823.87,0.624861,54.013913
349.000,86.6511,300.0000,76.5625,75.7592,12835.46,0.626556,54.739635
349.100,86.6511,300.0000,76.4375,75.7443,12846.27,0.628141,54.739635
349.200,86.6511,300.0000,76.5000,75.7293,12856.36,0.629623,54.739635
349.300,86.6511,300.0000,76.5625,75.7143,12865.78,0.631008,54.739635
349.400,86.6511,300.0000,76.4375,75.6992,12874.57,0.632303,54.739635
349.500,86.6511,300.0000,76.4375,75.6841,12882.78,0.633512,54.739635
349.600,86.6511,300.0000,76.5625,75.6690,12890.44,0.634643,54.739635
349.700,86.6511,300.0000,76.3750,75.6539,12897.59,0.635699,54.739635
349.800,86.6511,300.0000,76.4375,75.6387,12904.26,0.636686,54.739635
349.900,86.6511,300.0000,76.3750,75.6235,12910.49,0.637608,54.739635
350.000,86.5042,300.0000,76.4375,75.6083,12914.83,0.638252,55.445953
350.100,86.5042,300.0000,76.3750,75.5931,12918.88,0.638853,55.445953
350.200,86.5042,300.0000,76.4375,75.5779,12922.66,0.639414,55.445953
350.300,86.5042,300.0000,76.3750,75.5627,12926.20,0.639939,55.445953
350.400,86.5042,300.0000,76.3750,75.5475,12929.49,0.640428,55.445953
350.500,86.5042,300.0000,76.3750,75.5324,12932.57,0.640885,55.445953
350.600,86.5042,300.0000,76.3750,75.5172,12935.44,0.641312,55.445953
350.700,86.5042,300.0000,76.3750,75.5021,12938.12,0.641711,55.445953
350.800,86.5042,300.0000,76.3750,75.4869,12940.62,0.642083,55.445953
350.900,86.5042,300.0000,76.1875,75.4718,12942.95,0.642430,55.445953
351.000,86.6869,300.0000,76.3125,75.4567,12946.96,0.643027,56.140629
351.100,86.6869,300.0000,76.2500,75.4415,12950.69,0.643584,56.140629
351.200,86.6869,300.0000,76.2500,75.4264,12954.18,0.644105,56.140629
351.300,86.6869,300.0000,76.3125,75.4113,12957.44,0.644590,56.140629
351.400,86.6869,300.0000,76.3125,75.3962,12960.48,0.645044,56.140629
351.500,86.6869,300.0000,76.2500,75.3811,12963.32,0.645468,56.140629
351.600,86.6869,300.0000,76.1250,75.3660,12965.96,0.645863,56.140629
351.700,86.6869,300.0000,76.1875,75.3509,12968.44,0.646233,56.140629
351.800,86.6869,300.0000,76.2500,75.3359,12970.74,0.646578,56.140629
351.900,86.6869,300.0000,76.1250,75.3208,12972.90,0.646900,56.140629
352.000,87.2070,300.0000,76.1875,75.3058,12980.11,0.647979,56.831423
352.100,87.2070,300.0000,76.2500,75.2907,12986.84,0.648987,56.831423
352.200,87.2070,300.0000,76.1250,75.2756,12993.12,0.649930,56.831423
352.300,87.2070,300.0000,76.1875,75.2604,12998.98,0.650810,56.831423
352.400,87.2070,300.0000,76.0625,75.2453,13004.45,0.651632,56.831423
352.500,87.2070,300.0000,76.1250,75.2301,13009.56,0.652400,56.831423
352.600,87.2070,300.0000,76.0625,75.2150,13014.32,0.653117,56.831423
352.700,87.2070,300.0000,76.0000,75.1998,13018.77,0.653787,56.831423
352.800,87.2070,300.0000,75.9375,75.1847,13022.93,0.654413,56.831423
352.900,87.2070,300.0000,76.0625,75.1695,13026.80,0.654997,56.831423
353.000,87.7233,300.0000,76.0625,75.1543,13035.58,0.656323,57.518337
353.100,87.7233,300.0000,76.0625,75.1391,13043.77,0.657561,57.518337
353.200,87.7233,300.0000,76.0000,75.1238,13051.42,0.658718,57.518337
353.300,87.7233,300.0000,76.0000,75.1085,13058.56,0.659800,57.518337
353.400,87.7233,300.0000,75.9375,75.0932,13065.22,0.660810,57.518337
353.500,87.7233,300.0000,75.9375,75.0779,13071.44,0.661754,57.518337
353.600,87.7233,300.0000,76.0000,75.0625,13077.24,0.662636,57.518337
353.700,87.7233,300.0000,75.9375,75.0472,13082.66,0.663460,57.518337
353.800,87.7233,300.0000,75.8125,75.0318,13087.72,0.664229,57.518337
353.900,87.7233,300.0000,75.8750,75.0164,13092.44,0.664948,57.518337
354.000,87.8866,300.0000,75.9375,75.0010,13098.47,0.665868,58.193607
354.100,87.8866,300.0000,75.7500,74.9856,13104.11,0.666728,58.193607
354.200,87.8866,300.0000,75.8750,74.9702,13109.37,0.667531,58.193607
354.300,87.8866,300.0000,75.7500,74.9548,13114.27,0.668281,58.193607
354.400,87.8866,300.0000,75.7500,74.9394,13118.86,0.668982,58.193607
354.500,87.8866,300.0000,75.8750,74.9239,13123.13,0.669636,58.193607
354.600,87.8866,300.0000,75.7500,74.9085,13127.12,0.670247,58.193607
354.700,87.8866,300.0000,75.8750,74.8931,13130.85,0.670818,58.193607
354.800,87.8866,300.0000,75.6875,74.8777,13134.32,0.671351,58.193607
354.900,87.8866,300.0000,75.7500,74.8623,13137.57,0.671848,58.193607
355.000,88.2128,300.0000,75.7500,74.8468,13143.86,0.672814,58.861117
355.100,88.2128,300.0000,75.7500,74.8314,13149.73,0.673716,58.861117
355.200,88.2128,300.0000,75.7500,74.8159,13155.21,0.674558,58.861117
355.300,88.2128,300.0000,75.6250,74.8005,13160.32,0.675345,58.861117
355.400,88.2128,300.0000,75.6875,74.7850,13165.10,0.676081,58.861117
355.500,88.2128,300.0000,75.6250,74.7695,13169.55,0.676767,58.861117
355.600,88.2128,300.0000,75.5625,74.7541,13173.71,0.677408,58.861117
355.700,88.2128,300.0000,75.6250,74.7386,13177.59,0.678007,58.861117
355.800,88.2128,300.0000,75.6875,74.7231,13181.21,0.678567,58.861117
355.900,88.2128,300.0000,75.6250,74.7077,13184.59,0.679089,58.861117
356.000,88.5313,300.0000,75.6875,74.6922,13190.93,0.680069,59.520864
356.100,88.5313,300.0000,75.5625,74.6767,13196.85,0.680984,59.520864
356.200,88.5313,300.0000,75.5000,74.6612,13202.37,0.681840,59.520864
356.300,88.5313,300.0000,75.5625,74.6457,13207.53,0.682639,59.520864
356.400,88.5313,300.0000,75.5625,74.6301,13212.34,0.683385,59.520864
356.500,88.5313,300.0000,75.5625,74.6146,13216.83,0.684082,59.520864
356.600,88.5313,300.0000,75.5000,74.5991,13221.02,0.684733,59.520864
356.700,88.5313,300.0000,75.5000,74.5836,13224.93,0.685341,59.520864
356.800,88.5313,300.0000,75.4375,74.5681,13228.58,0.685908,59.520864
356.900,88.5313,300.0000,75.3750,74.5525,13231.99,0.686439,59.520864
357.000,88.4929,300.0000,75.5000,74.5370,13234.79,0.686874,60.165088
357.100,88.4929,300.0000,75.3750,74.5215,13237.40,0.687280,60.165088
357.200,88.4929,300.0000,75.3750,74.5061,13239.83,0.687660,60.165088
357.300,88.4929,300.0000,75.5000,74.4906,13242.11,0.688014,60.165088
357.400,88.4929,300.0000,75.3750,74.4752,13244.23,0.688345,60.165088
357.500,88.4929,300.0000,75.3750,74.4597,13246.21,0.688654,60.165088
357.600,88.4929,300.0000,75.4375,74.4443,13248.06,0.688942,60.165088
357.700,88.4929,300.0000,75.3750,74.4289,13249.78,0.689211,60.165088
357.800,88.4929,300.0000,75.3750,74.4136,13251.39,0.689463,60.165088
357.900,88.4929,300.0000,75.2500,74.3982,13252.90,0.689697,60.165088
358.000,88.7881,300.0000,75.2500,74.3829,13257.25,0.690377,60.801550
358.100,88.7881,300.0000,75.3125,74.3675,13261.31,0.691012,60.801550
358.200,88.7881,300.0000,75.2500,74.3522,13265.11,0.691606,60.801550
358.300,88.7881,300.0000,75.1875,74.3368,13268.65,0.692159,60.801550
358.400,88.7881,300.0000,75.1875,74.3215,13271.95,0.692677,60.801550
358.500,88.7881,300.0000,75.2500,74.3062,13275.04,0.693160,60.801550
358.600,88.7881,300.0000,75.1250,74.2909,13277.91,0.693611,60.801550
358.700,88.7881,300.0000,75.1875,74.2756,13280.60,0.694032,60.801550
358.800,88.7881,300.0000,75.1875,74.2603,13283.11,0.694425,60.801550
358.900,88.7881,300.0000,75.1250,74.2450,13285.45,0.694792,60.801550
359.000,89.0755,300.0000,75.0625,74.2297,13290.51,0.695586,61.430251
359.100,89.0755,300.0000,75.1250,74.2144,13295.23,0.696327,61.430251
359.200,89.0755,300.0000,75.0625,74.1991,13299.63,0.697020,61.430251
359.300,89.0755,300.0000,75.0625,74.1838,13303.75,0.697667,61.430251
359.400,89.0755,300.0000,75.1875,74.1685,13307.58,0.698271,61.430251
359.500,89.0755,300.0000,75.1250,74.1532,13311.17,0.698835,61.430251
359.600,89.0755,300.0000,75.1250,74.1380,13314.51,0.699362,61.430251
359.700,89.0755,300.0000,75.0000,74.1227,13317.63,0.699853,61.430251
359.800,89.0755,300.0000,74.9375,74.1074,13320.54,0.700313,61.430251
359.900,89.0755,300.0000,75.0000,74.0922,13323.26,0.700742,61.430251
360.000,89.3551,300.0000,74.9375,74.0769,13328.60,0.701584,62.051190
360.100,89.3551,300.0000,75.0000,74.0616,13333.57,0.702370,62.051190
360.200,89.3551,300.0000,74.9375,74.0463,13338.22,0.703104,62.051190
360.300,89.3551,300.0000,74.9375,74.0311,13342.56,0.703790,62.051190
360.400,89.3551,300.0000,74.8750,74.0158,13346.60,0.704431,62.051190
360.500,89.3551,300.0000,74.8125,74.0005,13350.38,0.705029,62.051190
360.600,89.3551,300.0000,74.8125,73.9852,13353.91,0.705588,62.051190
360.700,89.3551,300.0000,74.9375,73.9700,13357.20,0.706110,62.051190
360.800,89.3551,300.0000,74.8125,73.9547,13360.27,0.706597,62.051190
360.900,89.3551,300.0000,74.8125,73.9395,13363.14,0.707052,62.051190
361.000,89.4525,300.0000,74.8125,73.9242,13366.78,0.707631,62.660486
361.100,89.4525,300.0000,74.7500,73.9090,13370.19,0.708172,62.660486
361.200,89.4525,300.0000,74.8125,73.8937,13373.37,0.708677,62.660486
361.300,89.4525,300.0000,74.7500,73.8785,13376.34,0.709149,62.660486
361.400,89.4525,300.0000,74.8750,73.8633,13379.10,0.709590,62.660486
361.500,89.4525,300.0000,74.7500,73.8481,13381.69,0.710001,62.660486
361.600,89.4525,300.0000,74.6875,73.8329,13384.10,0.710385,62.660486
361.700,89.4525,300.0000,74.6875,73.8177,13386.35,0.710744,62.660486
361.800,89.4525,300.0000,74.7500,73.8026,13388.45,0.711078,62.660486
361.900,89.4525,300.0000,74.7500,73.7874,13390.41,0.711391,62.660486
362.000,89.8872,300.0000,74.6875,73.7723,13396.59,0.712376,63.265901
362.100,89.8872,300.0000,74.6875,73.7571,13402.36,0.713296,63.265901
362.200,89.8872,300.0000,74.6250,73.7419,13407.74,0.714156,63.265901
362.300,89.8872,300.0000,74.6250,73.7267,13412.76,0.714959,63.265901
362.400,89.8872,300.0000,74.5625,73.7115,13417.45,0.715709,63.265901
362.500,89.8872,300.0000,74.5625,73.6963,13421.83,0.716409,63.265901
362.600,89.8872,300.0000,74.5625,73.6811,13425.91,0.717063,63.265901
362.700,89.8872,300.0000,74.6250,73.6659,13429.72,0.717674,63.265901
362.800,89.8872,300.0000,74.6250,73.6507,13433.28,0.718245,63.265901
362.900,89.8872,300.0000,74.5625,73.6355,13436.60,0.718777,63.265901
363.000,89.9690,300.0000,74.5000,73.6204,13440.52,0.719406,63.859674
363.100,89.9690,300.0000,74.5625,73.6052,13444.17,0.719993,63.859674
363.200,89.9690,300.0000,74.5000,73.5900,13447.58,0.720542,63.859674
363.300,89.9690,300.0000,74.5625,73.5748,13450.77,0.721054,63.859674
363.400,89.9690,300.0000,74.4375,73.5597,13453.74,0.721532,63.859674
363.500,89.9690,300.0000,74.5000,73.5445,13456.52,0.721978,63.859674
363.600,89.9690,300.0000,74.5000,73.5294,13459.11,0.722395,63.859674
363.700,89.9690,300.0000,74.5000,73.5142,13461.52,0.722784,63.859674
363.800,89.9690,300.0000,74.3750,73.4991,13463.78,0.723148,63.859674
363.900,89.9690,300.0000,74.3750,73.4840,13465.88,0.723487,63.859674
364.000,90.0392,300.0000,74.4375,73.4690,13468.55,0.723917,64.441804
364.100,90.0392,300.0000,74.3750,73.4539,13471.04,0.724318,64.441804
364.200,90.0392,300.0000,74.4375,73.4388,13473.36,0.724693,64.441804
364.300,90.0392,300.0000,74.3125,73.4238,13475.53,0.725043,64.441804
364.400,90.0392,300.0000,74.3125,73.4088,13477.55,0.725370,64.441804
364.500,90.0392,300.0000,74.4375,73.3937,13479.44,0.725675,64.441804
364.600,90.0392,300.0000,74.3125,73.3788,13481.21,0.725960,64.441804
364.700,90.0392,300.0000,74.2500,73.3638,13482.85,0.726225,64.441804
364.800,90.0392,300.0000,74.3125,73.3488,13484.39,0.726474,64.441804
364.900,90.0392,300.0000,74.1875,73.3339,13485.82,0.726705,64.441804
365.000,90.0978,300.0000,74.1875,73.3190,13487.74,0.727016,65.012292
365.100,90.0978,300.0000,74.1875,73.3041,13489.54,0.727306,65.012292
365.200,90.0978,300.0000,74.1875,73.2892,13491.21,0.727577,65.012292
365.300,90.0978,300.0000,74.1875,73.2744,13492.78,0.727830,65.012292
365.400,90.0978,300.0000,74.1875,73.2595,13494.24,0.728067,65.012292
365.500,90.0978,300.0000,74.1250,73.2447,13495.60,0.728287,65.012292
365.600,90.0978,300.0000,74.1875,73.2299,13496.87,0.728493,65.012292
365.700,90.0978,300.0000,74.1250,73.2152,13498.06,0.728685,65.012292
365.800,90.0978,300.0000,74.1250,73.2004,13499.16,0.728864,65.012292
365.900,90.0978,300.0000,74.0000,73.1857,13500.20,0.729032,65.012292
366.000,90.1447,300.0000,74.0000,73.1710,13501.63,0.729264,65.571137
366.100,90.1447,300.0000,74.0000,73.1563,13502.97,0.729481,65.571137
366.200,90.1447,300.0000,73.9375,73.1417,13504.22,0.729683,65.571137
366.300,90.1447,300.0000,74.0000,73.1270,13505.38,0.729872,65.571137
366.400,90.1447,300.0000,73.9375,73.1124,13506.47,0.730049,65.571137
366.500,90.1447,300.0000,74.0000,73.0978,13507.49,0.730213,65.571137
366.600,90.1447,300.0000,74.0000,73.0833,13508.43,0.730367,65.571137
366.700,90.1447,300.0000,74.0000,73.0688,13509.32,0.730510,65.571137
366.800,90.1447,300.0000,73.9375,73.0542,13510.14,0.730644,65.571137
366.900,90.1447,300.0000,73.8750,73.0398,13510.91,0.730769,65.571137
367.000,90.3544,300.0000,73.9375,73.0253,13513.73,0.731227,66.122220
367.100,90.3544,300.0000,73.8750,73.0108,13516.36,0.731653,66.122220
367.200,90.3544,300.0000,73.8125,72.9964,13518.81,0.732052,66.122220
367.300,90.3544,300.0000,74.0000,72.9819,13521.10,0.732424,66.122220
367.400,90.3544,300.0000,73.8125,72.9675,13523.24,0.732772,66.122220
367.500,90.3544,300.0000,73.8125,72.9531,13525.24,0.733096,66.122220
367.600,90.3544,300.0000,73.8125,72.9387,13527.10,0.733399,66.122220
367.700,90.3544,300.0000,73.8125,72.9243,13528.84,0.733681,66.122220
367.800,90.3544,300.0000,73.8125,72.9100,13530.46,0.733945,66.122220
367.900,90.3544,300.0000,73.7500,72.8956,13531.97,0.734192,66.122220
368.000,90.5565,300.0000,73.8125,72.8813,13535.41,0.734751,66.665541
368.100,90.5565,300.0000,73.6875,72.8670,13538.61,0.735273,66.665541
368.200,90.5565,300.0000,73.6875,72.8526,13541.60,0.735760,66.665541
368.300,90.5565,300.0000,73.7500,72.8383,13544.39,0.736215,66.665541
368.400,90.5565,300.0000,73.6250,72.8240,13547.00,0.736640,66.665541
368.500,90.5565,300.0000,73.7500,72.8097,13549.43,0.737037,66.665541
368.600,90.5565,300.0000,73.7500,72.7954,13551.70,0.737407,66.665541
368.700,90.5565,300.0000,73.6250,72.7812,13553.82,0.737753,66.665541
368.800,90.5565,300.0000,73.6875,72.7669,13555.79,0.738076,66.665541
368.900,90.5565,300.0000,73.6250,72.7527,13557.64,0.738377,66.665541
369.000,90.7507,300.0000,73.6250,72.7384,13561.30,0.738976,67.201101
369.100,90.7507,300.0000,73.5625,72.7242,13564.72,0.739536,67.201101
369.200,90.7507,300.0000,73.5625,72.7100,13567.92,0.740058,67.201101
369.300,90.7507,300.0000,73.5000,72.6958,13570.90,0.740546,67.201101
369.400,90.7507,300.0000,73.6250,72.6816,13573.68,0.741001,67.201101
369.500,90.7507,300.0000,73.5000,72.6674,13576.27,0.741426,67.201101
369.600,90.7507,300.0000,73.4375,72.6532,13578.69,0.741823,67.201101
369.700,90.7507,300.0000,73.4375,72.6390,13580.96,0.742194,67.201101
369.800,90.7507,300.0000,73.5000,72.6248,13583.07,0.742540,67.201101
369.900,90.7507,300.0000,73.5000,72.6107,13585.04,0.742863,67.201101
370.000,90.9372,300.0000,73.3750,72.5965,13588.74,0.743470,67.728899
370.100,90.9372,300.0000,73.4375,72.5824,13592.20,0.744038,67.728899
370.200,90.9372,300.0000,73.3750,72.5682,13595.42,0.744568,67.728899
370.300,90.9372,300.0000,73.5000,72.5541,13598.43,0.745063,67.728899
370.400,90.9372,300.0000,73.3750,72.5400,13601.24,0.745525,67.728899
370.500,90.9372,300.0000,73.3125,72.5259,13603.87,0.745956,67.728899
370.600,90.9372,300.0000,73.3750,72.5118,13606.31,0.746359,67.728899
370.700,90.9372,300.0000,73.3750,72.4977,13608.60,0.746735,67.728899
370.800,90.9372,300.0000,73.3125,72.4836,13610.73,0.747086,67.728899
370.900,90.9372,300.0000,73.3125,72.4695,13612.72,0.747414,67.728899
371.000,90.9414,300.0000,73.3125,72.4555,13614.62,0.747727,68.245054
371.100,90.9414,300.0000,73.3125,72.4414,13616.39,0.748019,68.245054
371.200,90.9414,300.0000,73.2500,72.4274,13618.05,0.748292,68.245054
371.300,90.9414,300.0000,73.3125,72.4134,13619.59,0.748546,68.245054
371.400,90.9414,300.0000,73.3750,72.3994,13621.03,0.748784,68.245054
371.500,90.9414,300.0000,73.3750,72.3855,13622.38,0.749006,68.245054
371.600,90.9414,300.0000,73.1250,72.3716,13623.64,0.749213,68.245054
371.700,90.9414,300.0000,73.3125,72.3576,13624.81,0.749406,68.245054
371.800,90.9414,300.0000,73.1250,72.3437,13625.90,0.749587,68.245054
371.900,90.9414,300.0000,73.1875,72.3299,13626.92,0.749755,68.245054
372.000,91.1085,300.0000,73.1875,72.3160,13629.55,0.750188,68.753448
372.100,91.1085,300.0000,73.1250,72.3022,13631.99,0.750593,68.753448
372.200,91.1085,300.0000,73.1250,72.2883,13634.28,0.750971,68.753448
372.300,91.1085,300.0000,73.1250,72.2745,13636.41,0.751323,68.753448
372.400,91.1085,300.0000,73.1250,72.2607,13638.41,0.751652,68.753448
372.500,91.1085,300.0000,73.0625,72.2469,13640.26,0.751960,68.753448
372.600,91.1085,300.0000,73.0000,72.2331,13642.00,0.752246,68.753448
372.700,91.1085,300.0000,73.0000,72.2193,13643.62,0.752514,68.753448
372.800,91.1085,300.0000,73.0625,72.2056,13645.13,0.752764,68.753448
372.900,91.1085,300.0000,73.0000,72.1918,13646.54,0.752998,68.753448
373.000,91.0933,300.0000,73.0000,72.1781,13647.70,0.753190,69.250199
373.100,91.0933,300.0000,73.0625,72.1644,13648.79,0.753370,69.250199
373.200,91.0933,300.0000,73.0625,72.1508,13649.80,0.753538,69.250199
373.300,91.0933,300.0000,73.0000,72.1371,13650.75,0.753695,69.250199
373.400,91.0933,300.0000,72.8750,72.1235,13651.63,0.753841,69.250199
373.500,91.0933,300.0000,73.0000,72.1099,13652.46,0.753978,69.250199
373.600,91.0933,300.0000,72.9375,72.0963,13653.23,0.754106,69.250199
373.700,91.0933,300.0000,72.9375,72.0828,13653.94,0.754225,69.250199
373.800,91.0933,300.0000,72.8750,72.0693,13654.62,0.754336,69.250199
373.900,91.0933,300.0000,72.8750,72.0558,13655.24,0.754439,69.250199
374.000,91.2410,300.0000,72.8750,72.0423,13657.30,0.754781,69.739188
374.100,91.2410,300.0000,72.8750,72.0288,13659.23,0.755100,69.739188
374.200,91.2410,300.0000,72.8750,72.0154,13661.02,0.755398,69.739188
374.300,91.2410,300.0000,72.8750,72.0019,13662.70,0.755676,69.739188
374.400,91.2410,300.0000,72.8750,71.9885,13664.26,0.755935,69.739188
374.500,91.2410,300.0000,72.8125,71.9751,13665.72,0.756177,69.739188
374.600,91.2410,300.0000,72.6875,71.9617,13667.08,0.756404,69.739188
374.700,91.2410,300.0000,72.7500,71.9483,13668.35,0.756615,69.739188
374.800,91.2410,300.0000,72.7500,71.9350,13669.54,0.756812,69.739188
374.900,91.2410,300.0000,72.7500,71.9217,13670.65,0.756996,69.739188
375.000,91.3810,300.0000,72.6875,71.9083,13673.08,0.757400,70.220416
375.100,91.3810,300.0000,72.6875,71.8950,13675.35,0.757777,70.220416
375.200,91.3810,300.0000,72.7500,71.8817,13677.47,0.758130,70.220416
375.300,91.3810,300.0000,72.6875,71.8684,13679.45,0.758459,70.220416
375.400,91.3810,300.0000,72.6250,71.8552,13681.30,0.758766,70.220416
375.500,91.3810,300.0000,72.6250,71.8419,13683.02,0.759053,70.220416
375.600,91.3810,300.0000,72.5625,71.8287,13684.63,0.759320,70.220416
375.700,91.3810,300.0000,72.6250,71.8155,13686.13,0.759570,70.220416
375.800,91.3810,300.0000,72.6875,71.8023,13687.53,0.759804,70.220416
375.900,91.3810,300.0000,72.6875,71.7891,13688.84,0.760021,70.220416
376.000,91.6877,300.0000,72.6875,71.7759,13693.12,0.760736,70.697762
376.100,91.6877,300.0000,72.5625,71.7627,13697.13,0.761403,70.697762
376.200,91.6877,300.0000,72.5000,71.7495,13700.86,0.762026,70.697762
376.300,91.6877,300.0000,72.5000,71.7363,13704.35,0.762608,70.697762
376.400,91.6877,300.0000,72.5625,71.7231,13707.60,0.763151,70.697762
376.500,91.6877,300.0000,72.3750,71.7099,13710.64,0.763658,70.697762
376.600,91.6877,300.0000,72.5625,71.6967,13713.47,0.764132,70.697762
376.700,91.6877,300.0000,72.4375,71.6835,13716.12,0.764574,70.697762
376.800,91.6877,300.0000,72.5000,71.6704,13718.58,0.764987,70.697762
376.900,91.6877,300.0000,72.3750,71.6572,13720.89,0.765373,70.697762
377.000,91.2923,300.0000,72.3750,71.6441,13719.09,0.765071,71.155705
377.100,91.2923,300.0000,72.4375,71.6310,13717.40,0.764790,71.155705
377.200,91.2923,300.0000,72.3750,71.6180,13715.83,0.764527,71.155705
377.300,91.2923,300.0000,72.3125,71.6050,13714.37,0.764282,71.155705
377.400,91.2923,300.0000,72.4375,71.5921,13713.00,0.764053,71.155705
377.500,91.2923,300.0000,72.3125,71.5791,13711.72,0.763840,71.155705
377.600,91.2923,300.0000,72.4375,71.5663,13710.53,0.763641,71.155705
377.700,91.2923,300.0000,72.3125,71.5534,13709.42,0.763455,71.155705
377.800,91.2923,300.0000,72.3750,71.5406,13708.38,0.763282,71.155705
377.900,91.2923,300.0000,72.2500,71.5279,13707.41,0.763120,71.155705
378.000,91.4012,300.0000,72.3125,71.5152,13707.60,0.763151,71.605885
378.100,91.4012,300.0000,72.3125,71.5025,13707.77,0.763180,71.605885
378.200,91.4012,300.0000,72.3750,71.4898,13707.93,0.763206,71.605885
378.300,91.4012,300.0000,72.3125,71.4771,13708.08,0.763232,71.605885
378.400,91.4012,300.0000,72.3125,71.4645,13708.22,0.763255,71.605885
378.500,91.4012,300.0000,72.1875,71.4519,13708.35,0.763277,71.605885
378.600,91.4012,300.0000,72.2500,71.4393,13708.47,0.763297,71.605885
378.700,91.4012,300.0000,72.3125,71.4268,13708.59,0.763316,71.605885
378.800,91.4012,300.0000,72.1875,71.4143,13708.70,0.763334,71.605885
378.900,91.4012,300.0000,72.2500,71.4018,13708.79,0.763351,71.605885
379.000,91.8514,300.0000,72.1250,71.3893,13713.39,0.764118,72.056066
379.100,91.8514,300.0000,72.2500,71.3768,13717.68,0.764835,72.056066
379.200,91.8514,300.0000,72.1875,71.3643,13721.68,0.765505,72.056066
379.300,91.8514,300.0000,72.1875,71.3517,13725.41,0.766130,72.056066
379.400,91.8514,300.0000,72.0625,71.3392,13728.90,0.766714,72.056066
379.500,91.8514,300.0000,72.1250,71.3267,13732.16,0.767260,72.056066
379.600,91.8514,300.0000,72.0000,71.3142,13735.19,0.767769,72.056066
379.700,91.8514,300.0000,72.0625,71.3017,13738.03,0.768244,72.056066
379.800,91.8514,300.0000,72.0625,71.2892,13740.67,0.768688,72.056066
379.900,91.8514,300.0000,72.0000,71.2767,13743.14,0.769103,72.056066
380.000,91.6035,300.0000,72.0625,71.2642,13742.97,0.769073,72.490723
380.100,91.6035,300.0000,72.0000,71.2518,13742.80,0.769046,72.490723
380.200,91.6035,300.0000,72.0000,71.2394,13742.65,0.769020,72.490723
380.300,91.6035,300.0000,72.0000,71.2270,13742.51,0.768997,72.490723
380.400,91.6035,300.0000,72.0000,71.2146,13742.38,0.768974,72.490723
380.500,91.6035,300.0000,72.0000,71.2023,13742.25,0.768953,72.490723
380.600,91.6035,300.0000,71.9375,71.1900,13742.14,0.768934,72.490723
380.700,91.6035,300.0000,71.9375,71.1777,13742.03,0.768916,72.490723
380.800,91.6035,300.0000,71.9375,71.1655,13741.93,0.768899,72.490723
380.900,91.6035,300.0000,71.9375,71.1533,13741.84,0.768883,72.490723
381.000,91.8636,300.0000,71.8750,71.1411,13744.35,0.769305,72.921499
381.100,91.8636,300.0000,71.9375,71.1289,13746.69,0.769699,72.921499
381.200,91.8636,300.0000,71.8125,71.1167,13748.88,0.770067,72.921499
381.300,91.8636,300.0000,71.9375,71.1045,13750.93,0.770411,72.921499
381.400,91.8636,300.0000,71.7500,71.0924,13752.84,0.770731,72.921499
381.500,91.8636,300.0000,71.8125,71.0802,13754.62,0.771031,72.921499
381.600,91.8636,300.0000,71.8125,71.0681,13756.28,0.771310,72.921499
381.700,91.8636,300.0000,71.8125,71.0559,13757.83,0.771571,72.921499
381.800,91.8636,300.0000,71.8750,71.0438,13759.28,0.771814,72.921499
381.900,91.8636,300.0000,71.8125,71.0317,13760.63,0.772042,72.921499
382.000,91.9453,300.0000,71.8125,71.0196,13762.70,0.772392,73.344514
382.100,91.9453,300.0000,71.7500,71.0075,13764.64,0.772718,73.344514
382.200,91.9453,300.0000,71.6875,70.9955,13766.45,0.773023,73.344514
382.300,91.9453,300.0000,71.7500,70.9834,13768.14,0.773308,73.344514
382.400,91.9453,300.0000,71.6875,70.9714,13769.72,0.773574,73.344514
382.500,91.9453,300.0000,71.7500,70.9594,13771.19,0.773822,73.344514
382.600,91.9453,300.0000,71.7500,70.9474,13772.57,0.774053,73.344514
382.700,91.9453,300.0000,71.6875,70.9354,13773.85,0.774269,73.344514
382.800,91.9453,300.0000,71.6875,70.9234,13775.04,0.774471,73.344514
382.900,91.9453,300.0000,71.6250,70.9114,13776.16,0.774660,73.344514
383.000,91.8447,300.0000,71.6250,70.8995,13776.20,0.774666,73.755886
383.100,91.8447,300.0000,71.6250,70.8876,13776.23,0.774671,73.755886
383.200,91.8447,300.0000,71.6250,70.8757,13776.26,0.774677,73.755886
383.300,91.8447,300.0000,71.5000,70.8639,13776.29,0.774682,73.755886
383.400,91.8447,300.0000,71.5625,70.8520,13776.32,0.774687,73.755886
383.500,91.8447,300.0000,71.5625,70.8402,13776.35,0.774691,73.755886
383.600,91.8447,300.0000,71.6250,70.8284,13776.37,0.774695,73.755886
383.700,91.8447,300.0000,71.5625,70.8167,13776.39,0.774699,73.755886
383.800,91.8447,300.0000,71.6250,70.8050,13776.42,0.774702,73.755886
383.900,91.8447,300.0000,71.6250,70.7933,13776.43,0.774706,73.755886
384.000,92.2561,300.0000,71.5625,70.7816,13780.57,0.775403,74.167258
384.100,92.2561,300.0000,71.4375,70.7699,13784.42,0.776054,74.167258
384.200,92.2561,300.0000,71.5000,70.7581,13788.02,0.776662,74.167258
384.300,92.2561,300.0000,71.4375,70.7464,13791.38,0.777230,74.167258
384.400,92.2561,300.0000,71.4375,70.7347,13794.52,0.777760,74.167258
384.500,92.2561,300.0000,71.5000,70.7230,13797.44,0.778255,74.167258
384.600,92.2561,300.0000,71.5000,70.7113,13800.18,0.778718,74.167258
384.700,92.2561,300.0000,71.5000,70.6996,13802.73,0.779149,74.167258
384.800,92.2561,300.0000,71.4375,70.6879,13805.10,0.779552,74.167258
384.900,92.2561,300.0000,71.4375,70.6762,13807.33,0.779929,74.167258
385.000,92.1439,300.0000,71.3750,70.6645,13808.28,0.780090,74.566987
385.100,92.1439,300.0000,71.4375,70.6528,13809.16,0.780240,74.566987
385.200,92.1439,300.0000,71.3125,70.6412,13809.99,0.780380,74.566987
385.300,92.1439,300.0000,71.3750,70.6296,13810.76,0.780512,74.566987
385.400,92.1439,300.0000,71.2500,70.6180,13811.49,0.780634,74.566987
385.500,92.1439,300.0000,71.3125,70.6064,13812.16,0.780748,74.566987
385.600,92.1439,300.0000,71.3750,70.5948,13812.79,0.780855,74.566987
385.700,92.1439,300.0000,71.3125,70.5833,13813.37,0.780954,74.566987
385.800,92.1439,300.0000,71.3125,70.5718,13813.92,0.781047,74.566987
385.900,92.1439,300.0000,71.3125,70.5603,13814.43,0.781133,74.566987
386.000,92.1946,300.0000,71.3125,70.5488,13815.41,0.781300,74.958955
386.100,92.1946,300.0000,71.2500,70.5373,13816.33,0.781456,74.958955
386.200,92.1946,300.0000,71.1875,70.5259,13817.19,0.781601,74.958955
386.300,92.1946,300.0000,71.1875,70.5145,13817.99,0.781737,74.958955
386.400,92.1946,300.0000,71.2500,70.5031,13818.74,0.781864,74.958955
386.500,92.1946,300.0000,71.0625,70.4917,13819.43,0.781982,74.958955
386.600,92.1946,300.0000,71.2500,70.4803,13820.08,0.782092,74.958955
386.700,92.1946,300.0000,71.2500,70.4690,13820.69,0.782195,74.958955
386.800,92.1946,300.0000,71.1250,70.4576,13821.25,0.782292,74.958955
386.900,92.1946,300.0000,71.1875,70.4463,13821.78,0.782381,74.958955
387.000,92.2375,300.0000,71.1875,70.4351,13822.71,0.782538,75.343161
387.100,92.2375,300.0000,71.1250,70.4238,13823.57,0.782684,75.343161
387.200,92.2375,300.0000,71.1250,70.4125,13824.37,0.782821,75.343161
387.300,92.2375,300.0000,71.1250,70.4013,13825.12,0.782948,75.343161
387.400,92.2375,300.0000,71.1250,70.3901,13825.82,0.783067,75.343161
387.500,92.2375,300.0000,71.1875,70.3789,13826.47,0.783178,75.343161
387.600,92.2375,300.0000,71.0625,70.3677,13827.08,0.783282,75.343161
387.700,92.2375,300.0000,71.1250,70.3566,13827.65,0.783378,75.343161
387.800,92.2375,300.0000,71.0625,70.3454,13828.18,0.783469,75.343161
387.900,92.2375,300.0000,71.0000,70.3343,13828.68,0.783553,75.343161
388.000,92.0981,300.0000,71.0000,70.3233,13827.75,0.783395,75.715724
388.100,92.0981,300.0000,71.0625,70.3122,13826.88,0.783247,75.715724
388.200,92.0981,300.0000,70.9375,70.3012,13826.07,0.783109,75.715724
388.300,92.0981,300.0000,70.9375,70.2902,13825.31,0.782980,75.715724
388.400,92.0981,300.0000,71.0625,70.2793,13824.60,0.782860,75.715724
388.500,92.0981,300.0000,70.9375,70.2683,13823.94,0.782748,75.715724
388.600,92.0981,300.0000,70.9375,70.2574,13823.33,0.782644,75.715724
388.700,92.0981,300.0000,70.9375,70.2466,13822.75,0.782546,75.715724
388.800,92.0981,300.0000,70.9375,70.2357,13822.22,0.782455,75.715724
388.900,92.0981,300.0000,70.9375,70.2249,13821.72,0.782370,75.715724
389.000,92.2961,300.0000,70.8750,70.2141,13823.23,0.782627,76.084406
389.100,92.2961,300.0000,70.8125,70.2033,13824.64,0.782867,76.084406
389.200,92.2961,300.0000,70.7500,70.1926,13825.96,0.783091,76.084406
389.300,92.2961,300.0000,70.8125,70.1818,13827.19,0.783300,76.084406
389.400,92.2961,300.0000,70.8125,70.1711,13828.34,0.783495,76.084406
389.500,92.2961,300.0000,70.8750,70.1603,13829.41,0.783677,76.084406
389.600,92.2961,300.0000,70.8750,70.1496,13830.41,0.783848,76.084406
389.700,92.2961,300.0000,70.9375,70.1389,13831.35,0.784006,76.084406
389.800,92.2961,300.0000,70.7500,70.1282,13832.22,0.784154,76.084406
389.900,92.2961,300.0000,70.8125,70.1176,13833.03,0.784293,76.084406
390.000,92.3157,300.0000,70.8125,70.1069,13833.99,0.784455,76.445327
390.100,92.3157,300.0000,70.7500,70.0963,13834.88,0.784607,76.445327
390.200,92.3157,300.0000,70.8125,70.0857,13835.71,0.784749,76.445327
390.300,92.3157,300.0000,70.7500,70.0751,13836.49,0.784881,76.445327
390.400,92.3157,300.0000,70.8125,70.0645,13837.21,0.785004,76.445327
390.500,92.3157,300.0000,70.6875,70.0539,13837.89,0.785119,76.445327
390.600,92.3157,300.0000,70.6875,70.0434,13838.52,0.785227,76.445327
390.700,92.3157,300.0000,70.6875,70.0328,13839.11,0.785327,76.445327
390.800,92.3157,300.0000,70.6875,70.0223,13839.66,0.785421,76.445327
390.900,92.3157,300.0000,70.5625,70.0119,13840.17,0.785508,76.445327
391.000,91.9785,300.0000,70.6250,70.0014,13837.28,0.785016,76.790724
391.100,91.9785,300.0000,70.7500,69.9910,13834.58,0.784556,76.790724
391.200,91.9785,300.0000,70.7500,69.9807,13832.06,0.784128,76.790724
391.300,91.9785,300.0000,70.5625,69.9704,13829.71,0.783728,76.790724
391.400,91.9785,300.0000,70.6250,69.9601,13827.51,0.783355,76.790724
391.500,91.9785,300.0000,70.6250,69.9499,13825.46,0.783006,76.790724
391.600,91.9785,300.0000,70.5000,69.9397,13823.55,0.782682,76.790724
391.700,91.9785,300.0000,70.5625,69.9295,13821.77,0.782378,76.790724
391.800,91.9785,300.0000,70.5000,69.9194,13820.10,0.782096,76.790724
391.900,91.9785,300.0000,70.6250,69.9093,13818.55,0.781832,76.790724
392.000,92.4985,300.0000,70.5625,69.8992,13822.29,0.782468,77.140002
392.100,92.4985,300.0000,70.5625,69.8891,13825.79,0.783062,77.140002
392.200,92.4985,300.0000,70.4375,69.8790,13829.06,0.783617,77.140002
392.300,92.4985,300.0000,70.5000,69.8689,13832.10,0.784135,77.140002
392.400,92.4985,300.0000,70.3750,69.8588,13834.95,0.784619,77.140002
392.500,92.4985,300.0000,70.5000,69.8487,13837.60,0.785071,77.140002
392.600,92.4985,300.0000,70.5625,69.8386,13840.08,0.785493,77.140002
392.700,92.4985,300.0000,70.5000,69.8285,13842.39,0.785886,77.140002
392.800,92.4985,300.0000,70.4375,69.8184,13844.55,0.786254,77.140002
392.900,92.4985,300.0000,70.3750,69.8083,13846.57,0.786597,77.140002
393.000,92.1496,300.0000,70.5000,69.7983,13844.96,0.786323,77.473757
393.100,92.1496,300.0000,70.4375,69.7883,13843.46,0.786068,77.473757
393.200,92.1496,300.0000,70.3750,69.7783,13842.06,0.785829,77.473757
393.300,92.1496,300.0000,70.3750,69.7683,13840.75,0.785606,77.473757
393.400,92.1496,300.0000,70.3750,69.7584,13839.53,0.785399,77.473757
393.500,92.1496,300.0000,70.4375,69.7485,13838.39,0.785205,77.473757
393.600,92.1496,300.0000,70.4375,69.7387,13837.33,0.785024,77.473757
393.700,92.1496,300.0000,70.3750,69.7288,13836.33,0.784855,77.473757
393.800,92.1496,300.0000,70.3750,69.7190,13835.41,0.784697,77.473757
393.900,92.1496,300.0000,70.3125,69.7093,13834.54,0.784550,77.473757
394.000,92.3088,300.0000,70.2500,69.6995,13835.33,0.784684,77.803631
394.100,92.3088,300.0000,70.2500,69.6898,13836.06,0.784809,77.803631
394.200,92.3088,300.0000,70.3125,69.6801,13836.75,0.784925,77.803631
394.300,92.3088,300.0000,70.3750,69.6703,13837.38,0.785034,77.803631
394.400,92.3088,300.0000,70.2500,69.6607,13837.98,0.785135,77.803631
394.500,92.3088,300.0000,70.3125,69.6510,13838.54,0.785230,77.803631
394.600,92.3088,300.0000,70.2500,69.6413,13839.06,0.785318,77.803631
394.700,92.3088,300.0000,70.1250,69.6317,13839.54,0.785401,77.803631
394.800,92.3088,300.0000,70.1875,69.6221,13839.99,0.785478,77.803631
394.900,92.3088,300.0000,70.1875,69.6125,13840.42,0.785550,77.803631
395.000,92.2897,300.0000,70.1250,69.6029,13840.62,0.785584,78.125743
395.100,92.2897,300.0000,70.3125,69.5933,13840.81,0.785616,78.125743
395.200,92.2897,300.0000,70.1250,69.5838,13840.98,0.785646,78.125743
395.300,92.2897,300.0000,70.1250,69.5743,13841.15,0.785674,78.125743
395.400,92.2897,300.0000,70.1875,69.5648,13841.30,0.785700,78.125743
395.500,92.2897,300.0000,70.1250,69.5553,13841.44,0.785725,78.125743
395.600,92.2897,300.0000,70.1875,69.5458,13841.58,0.785747,78.125743
395.700,92.2897,300.0000,70.0625,69.5364,13841.70,0.785769,78.125743
395.800,92.2897,300.0000,70.1875,69.5270,13841.82,0.785788,78.125743
395.900,92.2897,300.0000,70.1250,69.5175,13841.93,0.785807,78.125743
396.000,92.4372,300.0000,70.1250,69.5082,13843.50,0.786076,78.443974
396.100,92.4372,300.0000,70.1875,69.4988,13844.98,0.786326,78.443974
396.200,92.4372,300.0000,70.1250,69.4894,13846.35,0.786561,78.443974
396.300,92.4372,300.0000,70.0000,69.4800,13847.63,0.786779,78.443974
396.400,92.4372,300.0000,70.1875,69.4707,13848.83,0.786983,78.443974
396.500,92.4372,300.0000,70.0000,69.4613,13849.95,0.787174,78.443974
396.600,92.4372,300.0000,70.0000,69.4520,13850.99,0.787351,78.443974
396.700,92.4372,300.0000,70.0625,69.4427,13851.96,0.787517,78.443974
396.800,92.4372,300.0000,70.0625,69.4334,13852.87,0.787672,78.443974
396.900,92.4372,300.0000,70.0000,69.4241,13853.72,0.787817,78.443974
397.000,92.4064,300.0000,70.0625,69.4148,13854.20,0.787899,78.754443
397.100,92.4064,300.0000,70.0000,69.4055,13854.65,0.787976,78.754443
397.200,92.4064,300.0000,70.0000,69.3963,13855.07,0.788048,78.754443
397.300,92.4064,300.0000,70.0625,69.3871,13855.46,0.788115,78.754443
397.400,92.4064,300.0000,69.9375,69.3779,13855.83,0.788177,78.754443
397.500,92.4064,300.0000,70.0000,69.3687,13856.17,0.788236,78.754443
397.600,92.4064,300.0000,70.0000,69.3595,13856.49,0.788290,78.754443
397.700,92.4064,300.0000,69.8125,69.3503,13856.79,0.788341,78.754443
397.800,92.4064,300.0000,70.0000,69.3412,13857.07,0.788388,78.754443
397.900,92.4064,300.0000,69.8750,69.3321,13857.33,0.788433,78.754443
398.000,92.3678,300.0000,70.0000,69.3230,13857.18,0.788408,79.057151
398.100,92.3678,300.0000,69.8750,69.3139,13857.05,0.788385,79.057151
398.200,92.3678,300.0000,69.8750,69.3049,13856.92,0.788364,79.057151
398.300,92.3678,300.0000,69.8125,69.2958,13856.81,0.788344,79.057151
398.400,92.3678,300.0000,69.8750,69.2868,13856.70,0.788325,79.057151
398.500,92.3678,300.0000,69.8750,69.2778,13856.60,0.788308,79.057151
398.600,92.3678,300.0000,69.8125,69.2689,13856.50,0.788292,79.057151
398.700,92.3678,300.0000,69.8125,69.2599,13856.41,0.788277,79.057151
398.800,92.3678,300.0000,69.7500,69.2510,13856.33,0.788263,79.057151
398.900,92.3678,300.0000,69.7500,69.2421,13856.25,0.788249,79.057151
399.000,92.3215,300.0000,69.8125,69.2332,13855.72,0.788158,79.352097
399.100,92.3215,300.0000,69.7500,69.2243,13855.22,0.788073,79.352097
399.200,92.3215,300.0000,69.7500,69.2155,13854.75,0.787993,79.352097
399.300,92.3215,300.0000,69.7500,69.2067,13854.32,0.787919,79.352097
399.400,92.3215,300.0000,69.7500,69.1979,13853.91,0.787849,79.352097
399.500,92.3215,300.0000,69.7500,69.1891,13853.53,0.787785,79.352097
399.600,92.3215,300.0000,69.7500,69.1804,13853.18,0.787724,79.352097
399.700,92.3215,300.0000,69.7500,69.1716,13852.85,0.787668,79.352097
399.800,92.3215,300.0000,69.6250,69.1629,13852.54,0.787615,79.352097
399.900,92.3215,300.0000,69.7500,69.1543,13852.25,0.787566,79.352097
400.000,92.6164,300.0000,69.7500,69.1456,13854.93,0.788024,79.647043
400.100,92.6164,300.0000,69.6875,69.1369,13857.43,0.788451,79.647043
400.200,92.6164,300.0000,69.6250,69.1282,13859.77,0.788849,79.647043
400.300,92.6164,300.0000,69.6875,69.1195,13861.95,0.789221,79.647043
400.400,92.6164,300.0000,69.6250,69.1109,13863.98,0.789569,79.647043
400.500,92.6164,300.0000,69.6875,69.1022,13865.88,0.789893,79.647043
400.600,92.6164,300.0000,69.6250,69.0935,13867.65,0.790196,79.647043
400.700,92.6164,300.0000,69.5625,69.0848,13869.31,0.790479,79.647043
400.800,92.6164,300.0000,69.6250,69.0762,13870.85,0.790743,79.647043
400.900,92.6164,300.0000,69.6250,69.0675,13872.29,0.790989,79.647043
401.000,92.5623,300.0000,69.6250,69.0589,13873.09,0.791127,79.934227
401.100,92.5623,300.0000,69.6250,69.0503,13873.84,0.791255,79.934227
401.200,92.5623,300.0000,69.6250,69.0416,13874.54,0.791375,79.934227
401.300,92.5623,300.0000,69.5000,69.0330,13875.20,0.791487,79.934227
401.400,92.5623,300.0000,69.6250,69.0245,13875.81,0.791591,79.934227
401.500,92.5623,300.0000,69.5000,69.0159,13876.38,0.791689,79.934227
401.600,92.5623,300.0000,69.5625,69.0073,13876.91,0.791780,79.934227
401.700,92.5623,300.0000,69.5625,68.9988,13877.40,0.791864,79.934227
401.800,92.5623,300.0000,69.4375,68.9902,13877.87,0.791944,79.934227
401.900,92.5623,300.0000,69.5625,68.9817,13878.30,0.792018,79.934227
402.000,92.6749,300.0000,69.4375,68.9732,13879.83,0.792279,80.217530
402.100,92.6749,300.0000,69.4375,68.9647,13881.25,0.792524,80.217530
402.200,92.6749,300.0000,69.5000,68.9562,13882.59,0.792752,80.217530
402.300,92.6749,300.0000,69.3750,68.9478,13883.83,0.792965,80.217530
402.400,92.6749,300.0000,69.4375,68.9393,13884.99,0.793164,80.217530
402.500,92.6749,300.0000,69.5000,68.9308,13886.07,0.793350,80.217530
402.600,92.6749,300.0000,69.4375,68.9224,13887.09,0.793523,80.217530
402.700,92.6749,300.0000,69.4375,68.9139,13888.03,0.793685,80.217530
402.800,92.6749,300.0000,69.5000,68.9055,13888.91,0.793836,80.217530
402.900,92.6749,300.0000,69.3750,68.8971,13889.73,0.793977,80.217530
403.000,92.4347,300.0000,69.4375,68.8887,13888.10,0.793696,80.489191
403.100,92.4347,300.0000,69.4375,68.8803,13886.57,0.793435,80.489191
403.200,92.4347,300.0000,69.3750,68.8720,13885.15,0.793191,80.489191
403.300,92.4347,300.0000,69.3750,68.8637,13883.82,0.792963,80.489191
403.400,92.4347,300.0000,69.3750,68.8554,13882.57,0.792750,80.489191
403.500,92.4347,300.0000,69.3750,68.8472,13881.42,0.792552,80.489191
403.600,92.4347,300.0000,69.3750,68.8390,13880.33,0.792366,80.489191
403.700,92.4347,300.0000,69.2500,68.8308,13879.33,0.792194,80.489191
403.800,92.4347,300.0000,69.3125,68.8227,13878.38,0.792032,80.489191
403.900,92.4347,300.0000,69.4375,68.8145,13877.51,0.791882,80.489191
404.000,92.8808,300.0000,69.3125,68.8064,13881.15,0.792505,80.764733
404.100,92.8808,300.0000,69.2500,68.7982,13884.55,0.793088,80.764733
404.200,92.8808,300.0000,69.3125,68.7901,13887.72,0.793631,80.764733
404.300,92.8808,300.0000,69.2500,68.7819,13890.68,0.794139,80.764733
404.400,92.8808,300.0000,69.3125,68.7737,13893.44,0.794613,80.764733
404.500,92.8808,300.0000,69.3125,68.7655,13896.02,0.795056,80.764733
404.600,92.8808,300.0000,69.3125,68.7574,13898.43,0.795469,80.764733
404.700,92.8808,300.0000,69.3125,68.7492,13900.67,0.795855,80.764733
404.800,92.8808,300.0000,69.1875,68.7410,13902.77,0.796215,80.764733
404.900,92.8808,300.0000,69.2500,68.7328,13904.73,0.796551,80.764733
405.000,92.6328,300.0000,69.3125,68.7247,13904.07,0.796439,81.028632
405.100,92.6328,300.0000,69.3125,68.7165,13903.46,0.796334,81.028632
405.200,92.6328,300.0000,69.2500,68.7084,13902.89,0.796236,81.028632
405.300,92.6328,300.0000,69.1250,68.7003,13902.36,0.796145,81.028632
405.400,92.6328,300.0000,69.2500,68.6923,13901.87,0.796060,81.028632
405.500,92.6328,300.0000,69.1875,68.6842,13901.40,0.795980,81.028632
405.600,92.6328,300.0000,69.2500,68.6762,13900.97,0.795906,81.028632
405.700,92.6328,300.0000,69.2500,68.6682,13900.57,0.795836,81.028632
405.800,92.6328,300.0000,69.1250,68.6602,13900.19,0.795772,81.028632
405.900,92.6328,300.0000,69.1875,68.6523,13899.84,0.795711,81.028632
406.000,92.7222,300.0000,69.1875,68.6443,13900.41,0.795809,81.288650
406.100,92.7222,300.0000,69.1875,68.6364,13900.93,0.795899,81.288650
406.200,92.7222,300.0000,69.1250,68.6285,13901.43,0.795984,81.288650
406.300,92.7222,300.0000,69.0625,68.6206,13901.89,0.796063,81.288650
406.400,92.7222,300.0000,69.0625,68.6127,13902.32,0.796137,81.288650
406.500,92.7222,300.0000,69.1250,68.6048,13902.72,0.796205,81.288650
406.600,92.7222,300.0000,69.0625,68.5969,13903.09,0.796270,81.288650
406.700,92.7222,300.0000,69.0625,68.5891,13903.44,0.796330,81.288650
406.800,92.7222,300.0000,69.1250,68.5813,13903.76,0.796386,81.288650
406.900,92.7222,300.0000,69.0625,68.5734,13904.07,0.796438,81.288650
407.000,92.6331,300.0000,69.1250,68.5657,13903.46,0.796334,81.540906
407.100,92.6331,300.0000,69.0000,68.5579,13902.90,0.796236,81.540906
407.200,92.6331,300.0000,69.0625,68.5501,13902.37,0.796146,81.540906
407.300,92.6331,300.0000,69.0000,68.5424,13901.87,0.796061,81.540906
407.400,92.6331,300.0000,69.0625,68.5347,13901.41,0.795982,81.540906
407.500,92.6331,300.0000,69.0000,68.5270,13900.98,0.795908,81.540906
407.600,92.6331,300.0000,69.0000,68.5193,13900.58,0.795839,81.540906
407.700,92.6331,300.0000,69.0625,68.5117,13900.21,0.795775,81.540906
407.800,92.6331,300.0000,68.9375,68.5041,13899.86,0.795715,81.540906
407.900,92.6331,300.0000,69.0000,68.4964,13899.53,0.795659,81.540906
408.000,92.7108,300.0000,68.9375,68.4889,13900.01,0.795740,81.789282
408.100,92.7108,300.0000,68.9375,68.4813,13900.45,0.795816,81.789282
408.200,92.7108,300.0000,68.9375,68.4737,13900.86,0.795887,81.789282
408.300,92.7108,300.0000,68.9375,68.4661,13901.24,0.795953,81.789282
408.400,92.7108,300.0000,69.0000,68.4586,13901.60,0.796014,81.789282
408.500,92.7108,300.0000,68.9375,68.4511,13901.94,0.796072,81.789282
408.600,92.7108,300.0000,68.9375,68.4436,13902.25,0.796126,81.789282
408.700,92.7108,300.0000,68.8125,68.4361,13902.54,0.796176,81.789282
408.800,92.7108,300.0000,68.9375,68.4286,13902.81,0.796222,81.789282
408.900,92.7108,300.0000,68.9375,68.4211,13903.07,0.796266,81.789282
409.000,92.7847,300.0000,68.8750,68.4137,13904.04,0.796434,82.033776
409.100,92.7847,300.0000,68.8750,68.4062,13904.96,0.796590,82.033776
409.200,92.7847,300.0000,68.8750,68.3988,13905.81,0.796736,82.033776
409.300,92.7847,300.0000,68.9375,68.3913,13906.60,0.796873,82.033776
409.400,92.7847,300.0000,68.8750,68.3839,13907.34,0.797000,82.033776
409.500,92.7847,300.0000,68.9375,68.3765,13908.03,0.797119,82.033776
409.600,92.7847,300.0000,68.7500,68.3691,13908.67,0.797230,82.033776
409.700,92.7847,300.0000,68.9375,68.3617,13909.28,0.797333,82.033776
409.800,92.7847,300.0000,68.8750,68.3543,13909.84,0.797430,82.033776
409.900,92.7847,300.0000,68.8750,68.3470,13910.36,0.797520,82.033776
410.000,92.8547,300.0000,68.8125,68.3396,13911.55,0.797725,82.274390
410.100,92.8547,300.0000,68.8125,68.3322,13912.66,0.797916,82.274390
410.200,92.8547,300.0000,68.8125,68.3249,13913.70,0.798094,82.274390
410.300,92.8547,300.0000,68.6875,68.3176,13914.66,0.798260,82.274390
410.400,92.8547,300.0000,68.8125,68.3102,13915.57,0.798415,82.274390
410.500,92.8547,300.0000,68.7500,68.3029,13916.41,0.798560,82.274390
410.600,92.8547,300.0000,68.7500,68.2956,13917.19,0.798696,82.274390
410.700,92.8547,300.0000,68.8125,68.2883,13917.93,0.798822,82.274390
410.800,92.8547,300.0000,68.8750,68.2810,13918.61,0.798940,82.274390
410.900,92.8547,300.0000,68.7500,68.2738,13919.25,0.799050,82.274390
411.000,92.7462,300.0000,68.6875,68.2665,13918.76,0.798966,82.507242
411.100,92.7462,300.0000,68.6875,68.2593,13918.31,0.798887,82.507242
411.200,92.7462,300.0000,68.6250,68.2520,13917.88,0.798814,82.507242
411.300,92.7462,300.0000,68.6875,68.2448,13917.49,0.798746,82.507242
411.400,92.7462,300.0000,68.6875,68.2377,13917.12,0.798682,82.507242
411.500,92.7462,300.0000,68.6250,68.2305,13916.77,0.798623,82.507242
411.600,92.7462,300.0000,68.6875,68.2234,13916.45,0.798567,82.507242
411.700,92.7462,300.0000,68.6875,68.2162,13916.15,0.798515,82.507242
411.800,92.7462,300.0000,68.6250,68.2091,13915.87,0.798467,82.507242
411.900,92.7462,300.0000,68.7500,68.2021,13915.60,0.798422,82.507242
412.000,92.9791,300.0000,68.6250,68.1950,13917.69,0.798781,82.740094
412.100,92.9791,300.0000,68.6250,68.1879,13919.63,0.799115,82.740094
412.200,92.9791,300.0000,68.6875,68.1808,13921.45,0.799428,82.740094
412.300,92.9791,300.0000,68.6250,68.1737,13923.14,0.799720,82.740094
412.400,92.9791,300.0000,68.5625,68.1666,13924.72,0.799992,82.740094
412.500,92.9791,300.0000,68.5625,68.1595,13926.20,0.800247,82.740094
412.600,92.9791,300.0000,68.6250,68.1525,13927.58,0.800484,82.740094
412.700,92.9791,300.0000,68.6250,68.1454,13928.86,0.800706,82.740094
412.800,92.9791,300.0000,68.5625,68.1383,13930.06,0.800913,82.740094
412.900,92.9791,300.0000,68.5625,68.1313,13931.18,0.801106,82.740094
413.000,92.6883,300.0000,68.6250,68.1242,13929.32,0.800785,82.961304
413.100,92.6883,300.0000,68.4375,68.1172,13927.58,0.800485,82.961304
413.200,92.6883,300.0000,68.5625,68.1103,13925.96,0.800206,82.961304
413.300,92.6883,300.0000,68.5625,68.1033,13924.44,0.799945,82.961304
413.400,92.6883,300.0000,68.5625,68.0964,13923.03,0.799701,82.961304
413.500,92.6883,300.0000,68.5625,68.0895,13921.71,0.799474,82.961304
413.600,92.6883,300.0000,68.5000,68.0827,13920.48,0.799262,82.961304
413.700,92.6883,300.0000,68.5000,68.0758,13919.33,0.799064,82.961304
413.800,92.6883,300.0000,68.5625,68.0690,13918.26,0.798879,82.961304
413.900,92.6883,300.0000,68.4375,68.0622,13917.26,0.798707,82.961304
414.000,92.5605,300.0000,68.5000,68.0555,13915.05,0.798326,83.174751
414.100,92.5605,300.0000,68.5625,68.0488,13912.98,0.797971,83.174751
414.200,92.5605,300.0000,68.4375,68.0421,13911.05,0.797639,83.174751
414.300,92.5605,300.0000,68.5625,68.0354,13909.26,0.797330,83.174751
414.400,92.5605,300.0000,68.5000,68.0288,13907.58,0.797041,83.174751
414.500,92.5605,300.0000,68.5000,68.0222,13906.01,0.796772,83.174751
414.600,92.5605,300.0000,68.4375,68.0156,13904.55,0.796520,83.174751
414.700,92.5605,300.0000,68.5000,68.0090,13903.18,0.796286,83.174751
414.800,92.5605,300.0000,68.4375,68.0025,13901.91,0.796067,83.174751
414.900,92.5605,300.0000,68.4375,67.9960,13900.72,0.795862,83.174751
415.000,92.7739,300.0000,68.4375,67.9895,13901.74,0.796038,83.388199
415.100,92.7739,300.0000,68.5000,67.9830,13902.70,0.796203,83.388199
415.200,92.7739,300.0000,68.4375,67.9765,13903.59,0.796356,83.388199
415.300,92.7739,300.0000,68.3750,67.9701,13904.43,0.796499,83.388199
415.400,92.7739,300.0000,68.3750,67.9636,13905.20,0.796633,83.388199
415.500,92.7739,300.0000,68.3750,67.9571,13905.93,0.796758,83.388199
415.600,92.7739,300.0000,68.3750,67.9507,13906.61,0.796874,83.388199
415.700,92.7739,300.0000,68.3750,67.9442,13907.24,0.796983,83.388199
415.800,92.7739,300.0000,68.3125,67.9378,13907.83,0.797084,83.388199
415.900,92.7739,300.0000,68.3750,67.9314,13908.38,0.797179,83.388199
416.000,92.8128,300.0000,68.3750,67.9250,13909.28,0.797334,83.597766
416.100,92.8128,300.0000,68.3750,67.9186,13910.12,0.797479,83.597766
416.200,92.8128,300.0000,68.3125,67.9121,13910.91,0.797614,83.597766
416.300,92.8128,300.0000,68.4375,67.9058,13911.65,0.797741,83.597766
416.400,92.8128,300.0000,68.4375,67.8994,13912.33,0.797859,83.597766
416.500,92.8128,300.0000,68.2500,67.8930,13912.97,0.797969,83.597766
416.600,92.8128,300.0000,68.3125,67.8866,13913.57,0.798071,83.597766
416.700,92.8128,300.0000,68.2500,67.8803,13914.13,0.798167,83.597766
416.800,92.8128,300.0000,68.3125,67.8739,13914.65,0.798257,83.597766
416.900,92.8128,300.0000,68.2500,67.8676,13915.13,0.798340,83.597766
417.000,92.6733,300.0000,68.3125,67.8613,13914.19,0.798178,83.799571
417.100,92.6733,300.0000,68.3125,67.8550,13913.31,0.798027,83.799571
417.200,92.6733,300.0000,68.3125,67.8487,13912.49,0.797886,83.799571
417.300,92.6733,300.0000,68.3125,67.8424,13911.72,0.797754,83.799571
417.400,92.6733,300.0000,68.3125,67.8362,13911.01,0.797631,83.799571
417.500,92.6733,300.0000,68.1875,67.8300,13910.34,0.797516,83.799571
417.600,92.6733,300.0000,68.2500,67.8238,13909.72,0.797409,83.799571
417.700,92.6733,300.0000,68.1875,67.8176,13909.14,0.797309,83.799571
417.800,92.6733,300.0000,68.2500,67.8115,13908.60,0.797216,83.799571
417.900,92.6733,300.0000,68.1875,67.8053,13908.09,0.797129,83.799571
418.000,92.7006,300.0000,68.1250,67.7992,13907.89,0.797095,83.997495
418.100,92.7006,300.0000,68.1875,67.7931,13907.70,0.797063,83.997495
418.200,92.7006,300.0000,68.2500,67.7870,13907.53,0.797033,83.997495
418.300,92.7006,300.0000,68.1875,67.7809,13907.37,0.797005,83.997495
418.400,92.7006,300.0000,68.0625,67.7749,13907.21,0.796979,83.997495
418.500,92.7006,300.0000,68.1875,67.7688,13907.07,0.796954,83.997495
418.600,92.7006,300.0000,68.0625,67.7628,13906.94,0.796932,83.997495
418.700,92.7006,300.0000,68.1875,67.7567,13906.82,0.796910,83.997495
418.800,92.7006,300.0000,68.1250,67.7507,13906.70,0.796891,83.997495
418.900,92.7006,300.0000,68.1250,67.7447,13906.60,0.796872,83.997495
419.000,92.7240,300.0000,68.1250,67.7388,13906.73,0.796895,84.191539
419.100,92.7240,300.0000,68.1250,67.7328,13906.85,0.796917,84.191539
419.200,92.7240,300.0000,68.1250,67.7268,13906.97,0.796937,84.191539
419.300,92.7240,300.0000,68.0625,67.7209,13907.08,0.796955,84.191539
419.400,92.7240,300.0000,68.0625,67.7150,13907.18,0.796973,84.191539
419.500,92.7240,300.0000,68.1875,67.7091,13907.28,0.796989,84.191539
419.600,92.7240,300.0000,68.0000,67.7031,13907.36,0.797004,84.191539
419.700,92.7240,300.0000,68.1250,67.6972,13907.45,0.797019,84.191539
419.800,92.7240,300.0000,68.0625,67.6914,13907.52,0.797032,84.191539
419.900,92.7240,300.0000,68.0625,67.6855,13907.60,0.797044,84.191539
420.000,92.7435,300.0000,68.0625,67.6796,13907.86,0.797089,84.381701
420.100,92.7435,300.0000,68.1250,67.6738,13908.10,0.797131,84.381701
420.200,92.7435,300.0000,68.0000,67.6680,13908.33,0.797171,84.381701
420.300,92.7435,300.0000,68.0000,67.6621,13908.54,0.797207,84.381701
420.400,92.7435,300.0000,68.0000,67.6563,13908.74,0.797241,84.381701
420.500,92.7435,300.0000,67.8750,67.6505,13908.93,0.797273,84.381701
420.600,92.7435,300.0000,68.0625,67.6447,13909.10,0.797303,84.381701
420.700,92.7435,300.0000,68.0000,67.6389,13909.26,0.797331,84.381701
420.800,92.7435,300.0000,67.9375,67.6332,13909.42,0.797357,84.381701
420.900,92.7435,300.0000,67.9375,67.6274,13909.56,0.797381,84.381701
421.000,92.5846,300.0000,67.9375,67.6217,13908.10,0.797131,84.564102
421.100,92.5846,300.0000,68.0000,67.6160,13906.74,0.796897,84.564102
421.200,92.5846,300.0000,67.9375,67.6103,13905.47,0.796679,84.564102
421.300,92.5846,300.0000,68.0000,67.6046,13904.28,0.796475,84.564102
421.400,92.5846,300.0000,67.9375,67.5990,13903.18,0.796285,84.564102
421.500,92.5846,300.0000,68.0000,67.5934,13902.15,0.796107,84.564102
421.600,92.5846,300.0000,67.8750,67.5878,13901.18,0.795942,84.564102
421.700,92.5846,300.0000,67.9375,67.5822,13900.28,0.795788,84.564102
421.800,92.5846,300.0000,67.8750,67.5766,13899.44,0.795643,84.564102
421.900,92.5846,300.0000,67.9375,67.5711,13898.66,0.795509,84.564102
422.000,92.7670,300.0000,67.9375,67.5656,13899.75,0.795697,84.746503
422.100,92.7670,300.0000,67.9375,67.5600,13900.77,0.795872,84.746503
422.200,92.7670,300.0000,67.8125,67.5545,13901.73,0.796035,84.746503
422.300,92.7670,300.0000,67.9375,67.5490,13902.61,0.796188,84.746503
422.400,92.7670,300.0000,67.8750,67.5435,13903.44,0.796330,84.746503
422.500,92.7670,300.0000,67.9375,67.5379,13904.22,0.796464,84.746503
422.600,92.7670,300.0000,67.8125,67.5324,13904.94,0.796588,84.746503
422.700,92.7670,300.0000,67.9375,67.5269,13905.61,0.796704,84.746503
422.800,92.7670,300.0000,67.8750,67.5215,13906.24,0.796812,84.746503
422.900,92.7670,300.0000,67.8750,67.5160,13906.83,0.796913,84.746503
423.000,92.7749,300.0000,67.8125,67.5105,13907.46,0.797020,84.925022
423.100,92.7749,300.0000,67.8750,67.5050,13908.04,0.797121,84.925022
423.200,92.7749,300.0000,67.8750,67.4996,13908.59,0.797215,84.925022
423.300,92.7749,300.0000,67.8750,67.4941,13909.10,0.797303,84.925022
423.400,92.7749,300.0000,67.8125,67.4887,13909.57,0.797384,84.925022
423.500,92.7749,300.0000,67.8750,67.4832,13910.02,0.797461,84.925022
423.600,92.7749,300.0000,67.8750,67.4778,13910.43,0.797532,84.925022
423.700,92.7749,300.0000,67.8125,67.4724,13910.82,0.797599,84.925022
423.800,92.7749,300.0000,67.8750,67.4669,13911.18,0.797661,84.925022
423.900,92.7749,300.0000,67.8125,67.4615,13911.52,0.797719,84.925022
424.000,92.7789,300.0000,67.8750,67.4562,13911.87,0.797780,85.099662
424.100,92.7789,300.0000,67.8125,67.4508,13912.20,0.797837,85.099662
424.200,92.7789,300.0000,67.7500,67.4454,13912.51,0.797890,85.099662
424.300,92.7789,300.0000,67.7500,67.4400,13912.80,0.797939,85.099662
424.400,92.7789,300.0000,67.7500,67.4347,13913.07,0.797986,85.099662
424.500,92.7789,300.0000,67.8125,67.4293,13913.32,0.798029,85.099662
424.600,92.7789,300.0000,67.7500,67.4240,13913.55,0.798069,85.099662
424.700,92.7789,300.0000,67.8125,67.4187,13913.77,0.798107,85.099662
424.800,92.7789,300.0000,67.7500,67.4133,13913.98,0.798142,85.099662
424.900,92.7789,300.0000,67.7500,67.4080,13914.17,0.798175,85.099662
425.000,92.7790,300.0000,67.6875,67.4027,13914.35,0.798205,85.270420
425.100,92.7790,300.0000,67.7500,67.3975,13914.51,0.798234,85.270420
425.200,92.7790,300.0000,67.6875,67.3922,13914.67,0.798261,85.270420
425.300,92.7790,300.0000,67.6875,67.3869,13914.81,0.798286,85.270420
425.400,92.7790,300.0000,67.7500,67.3817,13914.95,0.798309,85.270420
425.500,92.7790,300.0000,67.6875,67.3764,13915.08,0.798331,85.270420
425.600,92.7790,300.0000,67.6875,67.3712,13915.19,0.798351,85.270420
425.700,92.7790,300.0000,67.7500,67.3660,13915.30,0.798370,85.270420
425.800,92.7790,300.0000,67.6250,67.3608,13915.41,0.798388,85.270420
425.900,92.7790,300.0000,67.6875,67.3556,13915.50,0.798405,85.270420
426.000,92.7752,300.0000,67.6875,67.3504,13915.56,0.798414,85.437297
426.100,92.7752,300.0000,67.6250,67.3452,13915.60,0.798422,85.437297
426.200,92.7752,300.0000,67.6875,67.3400,13915.65,0.798430,85.437297
426.300,92.7752,300.0000,67.6875,67.3349,13915.69,0.798437,85.437297
426.400,92.7752,300.0000,67.6875,67.3297,13915.73,0.798444,85.437297
426.500,92.7752,300.0000,67.6875,67.3246,13915.77,0.798450,85.437297
426.600,92.7752,300.0000,67.6875,67.3195,13915.80,0.798456,85.437297
426.700,92.7752,300.0000,67.6875,67.3144,13915.83,0.798462,85.437297
426.800,92.7752,300.0000,67.6250,67.3093,13915.86,0.798467,85.437297
426.900,92.7752,300.0000,67.6250,67.3042,13915.89,0.798472,85.437297
427.000,92.7676,300.0000,67.6250,67.2991,13915.84,0.798463,85.600293
427.100,92.7676,300.0000,67.6875,67.2940,13915.80,0.798455,85.600293
427.200,92.7676,300.0000,67.5625,67.2890,13915.75,0.798447,85.600293
427.300,92.7676,300.0000,67.5625,67.2839,13915.71,0.798440,85.600293
427.400,92.7676,300.0000,67.7500,67.2789,13915.67,0.798434,85.600293
427.500,92.7676,300.0000,67.5625,67.2739,13915.64,0.798427,85.600293
427.600,92.7676,300.0000,67.6250,67.2689,13915.60,0.798422,85.600293
427.700,92.7676,300.0000,67.5625,67.2639,13915.57,0.798416,85.600293
427.800,92.7676,300.0000,67.5625,67.2589,13915.54,0.798411,85.600293
427.900,92.7676,300.0000,67.5625,67.2539,13915.52,0.798407,85.600293
428.000,92.7560,300.0000,67.6250,67.2490,13915.37,0.798382,85.759409
428.100,92.7560,300.0000,67.5625,67.2440,13915.24,0.798360,85.759409
428.200,92.7560,300.0000,67.5000,67.2391,13915.12,0.798339,85.759409
428.300,92.7560,300.0000,67.5625,67.2341,13915.01,0.798319,85.759409
428.400,92.7560,300.0000,67.5000,67.2292,13914.90,0.798301,85.759409
428.500,92.7560,300.0000,67.5625,67.2243,13914.80,0.798284,85.759409
428.600,92.7560,300.0000,67.5625,67.2194,13914.71,0.798268,85.759409
428.700,92.7560,300.0000,67.5625,67.2146,13914.62,0.798253,85.759409
428.800,92.7560,300.0000,67.5000,67.2097,13914.54,0.798239,85.759409
428.900,92.7560,300.0000,67.5625,67.2048,13914.46,0.798226,85.759409
429.000,92.9152,300.0000,67.4375,67.2000,13915.98,0.798487,85.918525
429.100,92.9152,300.0000,67.5625,67.1951,13917.40,0.798732,85.918525
429.200,92.9152,300.0000,67.5000,67.1903,13918.73,0.798960,85.918525
429.300,92.9152,300.0000,67.4375,67.1854,13919.96,0.799173,85.918525
429.400,92.9152,300.0000,67.5000,67.1805,13921.12,0.799371,85.918525
429.500,92.9152,300.0000,67.5000,67.1757,13922.20,0.799557,85.918525
429.600,92.9152,300.0000,67.4375,67.1708,13923.20,0.799730,85.918525
429.700,92.9152,300.0000,67.5625,67.1660,13924.14,0.799892,85.918525
429.800,92.9152,300.0000,67.5000,67.1611,13925.01,0.800043,85.918525
429.900,92.9152,300.0000,67.4375,67.1563,13925.83,0.800184,85.918525
430.000,92.7252,300.0000,67.5000,67.1515,13924.70,0.799988,86.069878
430.100,92.7252,300.0000,67.4375,67.1467,13923.63,0.799805,86.069878
430.200,92.7252,300.0000,67.5625,67.1419,13922.64,0.799634,86.069878
430.300,92.7252,300.0000,67.4375,67.1371,13921.72,0.799475,86.069878
430.400,92.7252,300.0000,67.3750,67.1324,13920.86,0.799326,86.069878
430.500,92.7252,300.0000,67.5000,67.1276,13920.05,0.799188,86.069878
430.600,92.7252,300.0000,67.3750,67.1229,13919.30,0.799058,86.069878
430.700,92.7252,300.0000,67.3750,67.1182,13918.60,0.798938,86.069878
430.800,92.7252,300.0000,67.5000,67.1135,13917.94,0.798825,86.069878
430.900,92.7252,300.0000,67.2500,67.1089,13917.33,0.798720,86.069878
431.000,92.3530,300.0000,67.3750,67.1043,13913.04,0.797981,86.209590
431.100,92.3530,300.0000,67.3750,67.0997,13909.04,0.797292,86.209590
431.200,92.3530,300.0000,67.4375,67.0951,13905.30,0.796649,86.209590
431.300,92.3530,300.0000,67.3125,67.0907,13901.81,0.796049,86.209590
431.400,92.3530,300.0000,67.4375,67.0862,13898.55,0.795490,86.209590
431.500,92.3530,300.0000,67.4375,67.0818,13895.51,0.794968,86.209590
431.600,92.3530,300.0000,67.2500,67.0774,13892.67,0.794481,86.209590
431.700,92.3530,300.0000,67.4375,67.0730,13890.02,0.794027,86.209590
431.800,92.3530,300.0000,67.3125,67.0687,13887.55,0.793603,86.209590
431.900,92.3530,300.0000,67.3125,67.0644,13885.24,0.793207,86.209590
432.000,92.6672,300.0000,67.3125,67.0601,13886.23,0.793377,86.353182
432.100,92.6672,300.0000,67.3750,67.0558,13887.16,0.793535,86.353182
432.200,92.6672,300.0000,67.3125,67.0515,13888.02,0.793683,86.353182
432.300,92.6672,300.0000,67.3750,67.0472,13888.82,0.793821,86.353182
432.400,92.6672,300.0000,67.3125,67.0429,13889.57,0.793950,86.353182
432.500,92.6672,300.0000,67.3750,67.0386,13890.27,0.794070,86.353182
432.600,92.6672,300.0000,67.3125,67.0344,13890.93,0.794182,86.353182
432.700,92.6672,300.0000,67.3125,67.0301,13891.54,0.794287,86.353182
432.800,92.6672,300.0000,67.3125,67.0258,13892.11,0.794384,86.353182
432.900,92.6672,300.0000,67.3125,67.0215,13892.64,0.794475,86.353182
433.000,92.8108,300.0000,67.2500,67.0173,13894.57,0.794807,86.496774
433.100,92.8108,300.0000,67.3125,67.0130,13896.37,0.795116,86.496774
433.200,92.8108,300.0000,67.3125,67.0087,13898.06,0.795405,86.496774
433.300,92.8108,300.0000,67.2500,67.0044,13899.63,0.795675,86.496774
433.400,92.8108,300.0000,67.3125,67.0001,13901.09,0.795927,86.496774
433.500,92.8108,300.0000,67.1875,66.9958,13902.46,0.796162,86.496774
433.600,92.8108,300.0000,67.3125,66.9916,13903.74,0.796381,86.496774
433.700,92.8108,300.0000,67.2500,66.9873,13904.93,0.796586,86.496774
433.800,92.8108,300.0000,67.3750,66.9830,13906.04,0.796778,86.496774
433.900,92.8108,300.0000,67.2500,66.9787,13907.08,0.796956,86.496774
434.000,92.7799,300.0000,67.1875,66.9744,13907.74,0.797069,86.636485
434.100,92.7799,300.0000,67.2500,66.9701,13908.36,0.797175,86.636485
434.200,92.7799,300.0000,67.2500,66.9658,13908.93,0.797274,86.636485
434.300,92.7799,300.0000,67.2500,66.9616,13909.47,0.797366,86.636485
434.400,92.7799,300.0000,67.1875,66.9573,13909.97,0.797453,86.636485
434.500,92.7799,300.0000,67.2500,66.9530,13910.44,0.797533,86.636485
434.600,92.7799,300.0000,67.1875,66.9488,13910.87,0.797608,86.636485
434.700,92.7799,300.0000,67.2500,66.9445,13911.28,0.797678,86.636485
434.800,92.7799,300.0000,67.2500,66.9403,13911.66,0.797743,86.636485
434.900,92.7799,300.0000,67.1250,66.9360,13912.02,0.797804,86.636485
435.000,92.5705,300.0000,67.1250,66.9318,13910.25,0.797501,86.768435
435.100,92.5705,300.0000,67.1875,66.9276,13908.61,0.797218,86.768435
435.200,92.5705,300.0000,67.1875,66.9235,13907.07,0.796954,86.768435
435.300,92.5705,300.0000,67.1875,66.9193,13905.64,0.796708,86.768435
435.400,92.5705,300.0000,67.3125,66.9152,13904.30,0.796478,86.768435
435.500,92.5705,300.0000,67.1875,66.9111,13903.05,0.796264,86.768435
435.600,92.5705,300.0000,67.1250,66.9070,13901.89,0.796063,86.768435
435.700,92.5705,300.0000,67.1250,66.9029,13900.80,0.795877,86.768435
435.800,92.5705,300.0000,67.1250,66.8989,13899.79,0.795702,86.768435
435.900,92.5705,300.0000,67.1875,66.8949,13898.84,0.795540,86.768435
436.000,92.8770,300.0000,67.1875,66.8908,13901.02,0.795914,86.904265
436.100,92.8770,300.0000,67.1250,66.8868,13903.06,0.796264,86.904265
436.200,92.8770,300.0000,67.0625,66.8827,13904.95,0.796590,86.904265
436.300,92.8770,300.0000,67.1875,66.8786,13906.73,0.796895,86.904265
436.400,92.8770,300.0000,67.1250,66.8746,13908.38,0.797179,86.904265
436.500,92.8770,300.0000,67.1250,66.8705,13909.93,0.797445,86.904265
436.600,92.8770,300.0000,67.0625,66.8664,13911.37,0.797693,86.904265
436.700,92.8770,300.0000,67.1250,66.8623,13912.71,0.797924,86.904265
436.800,92.8770,300.0000,67.0000,66.8583,13913.97,0.798141,86.904265
436.900,92.8770,300.0000,67.1250,66.8542,13915.14,0.798342,86.904265
437.000,92.8383,300.0000,67.0625,66.8501,13915.85,0.798464,87.036214
437.100,92.8383,300.0000,67.1250,66.8460,13916.51,0.798578,87.036214
437.200,92.8383,300.0000,67.1250,66.8420,13917.12,0.798684,87.036214
437.300,92.8383,300.0000,67.0625,66.8379,13917.70,0.798782,87.036214
437.400,92.8383,300.0000,67.0625,66.8338,13918.24,0.798875,87.036214
437.500,92.8383,300.0000,67.0625,66.8298,13918.74,0.798961,87.036214
437.600,92.8383,300.0000,67.0000,66.8257,13919.20,0.799041,87.036214
437.700,92.8383,300.0000,67.0625,66.8217,13919.64,0.799117,87.036214
437.800,92.8383,300.0000,67.0625,66.8176,13920.05,0.799187,87.036214
437.900,92.8383,300.0000,67.0625,66.8136,13920.43,0.799252,87.036214
438.000,92.7957,300.0000,67.0625,66.8096,13920.35,0.799240,87.164283
438.100,92.7957,300.0000,67.1875,66.8056,13920.29,0.799228,87.164283
438.200,92.7957,300.0000,67.0000,66.8016,13920.23,0.799218,87.164283
438.300,92.7957,300.0000,67.1250,66.7976,13920.17,0.799208,87.164283
438.400,92.7957,300.0000,67.0625,66.7936,13920.11,0.799198,87.164283
438.500,92.7957,300.0000,67.0625,66.7896,13920.06,0.799190,87.164283
438.600,92.7957,300.0000,67.1250,66.7856,13920.02,0.799182,87.164283
438.700,92.7957,300.0000,67.1250,66.7817,13919.97,0.799174,87.164283
438.800,92.7957,300.0000,66.9375,66.7777,13919.93,0.799167,87.164283
438.900,92.7957,300.0000,67.0625,66.7738,13919.89,0.799160,87.164283
439.000,92.9238,300.0000,67.0000,66.7698,13921.14,0.799375,87.292352
439.100,92.9238,300.0000,67.1250,66.7659,13922.30,0.799575,87.292352
439.200,92.9238,300.0000,66.9375,66.7619,13923.38,0.799762,87.292352
439.300,92.9238,300.0000,67.0625,66.7580,13924.40,0.799936,87.292352
439.400,92.9238,300.0000,66.9375,66.7541,13925.34,0.800099,87.292352
439.500,92.9238,300.0000,66.9375,66.7501,13926.22,0.800251,87.292352
439.600,92.9238,300.0000,67.0625,66.7462,13927.05,0.800393,87.292352
439.700,92.9238,300.0000,66.9375,66.7422,13927.81,0.800525,87.292352
439.800,92.9238,300.0000,66.9375,66.7383,13928.53,0.800649,87.292352
439.900,92.9238,300.0000,66.8750,66.7344,13929.20,0.800764,87.292352
440.000,92.5283,300.0000,66.8750,66.7305,13925.87,0.800190,87.408778
440.100,92.5283,300.0000,67.0000,66.7266,13922.76,0.799654,87.408778
440.200,92.5283,300.0000,66.8750,66.7228,13919.86,0.799155,87.408778
440.300,92.5283,300.0000,67.0000,66.7190,13917.15,0.798688,87.408778
440.400,92.5283,300.0000,66.8125,66.7152,13914.62,0.798253,87.408778
440.500,92.5283,300.0000,66.9375,66.7115,13912.27,0.797847,87.408778
440.600,92.5283,300.0000,66.9375,66.7078,13910.06,0.797469,87.408778
440.700,92.5283,300.0000,66.8125,66.7041,13908.01,0.797115,87.408778
440.800,92.5283,300.0000,66.9375,66.7004,13906.09,0.796785,87.408778
440.900,92.5283,300.0000,67.0000,66.6968,13904.30,0.796478,87.408778
441.000,92.9937,300.0000,67.0000,66.6931,13907.28,0.796991,87.532965
441.100,92.9937,300.0000,66.8750,66.6895,13910.07,0.797470,87.532965
441.200,92.9937,300.0000,67.0625,66.6858,13912.67,0.797917,87.532965
441.300,92.9937,300.0000,66.8750,66.6821,13915.10,0.798334,87.532965
441.400,92.9937,300.0000,67.0000,66.6784,13917.36,0.798724,87.532965
441.500,92.9937,300.0000,66.8750,66.6747,13919.47,0.799088,87.532965
441.600,92.9937,300.0000,67.0000,66.6709,13921.45,0.799428,87.532965
441.700,92.9937,300.0000,66.8750,66.6672,13923.29,0.799745,87.532965
441.800,92.9937,300.0000,66.9375,66.6635,13925.01,0.800041,87.532965
441.900,92.9937,300.0000,67.0000,66.6597,13926.61,0.800318,87.532965
442.000,93.1179,300.0000,66.8750,66.6560,13929.35,0.800790,87.657153
442.100,93.1179,300.0000,66.9375,66.6522,13931.90,0.801231,87.657153
442.200,93.1179,300.0000,66.8750,66.6484,13934.29,0.801643,87.657153
442.300,93.1179,300.0000,66.8750,66.6446,13936.52,0.802027,87.657153
442.400,93.1179,300.0000,66.8750,66.6408,13938.59,0.802386,87.657153
442.500,93.1179,300.0000,66.9375,66.6370,13940.53,0.802721,87.657153
442.600,93.1179,300.0000,66.8750,66.6332,13942.35,0.803034,87.657153
442.700,93.1179,300.0000,66.8125,66.6294,13944.03,0.803326,87.657153
442.800,93.1179,300.0000,66.8750,66.6256,13945.61,0.803598,87.657153
442.900,93.1179,300.0000,66.8750,66.6217,13947.08,0.803853,87.657153
443.000,92.8931,300.0000,66.8125,66.6179,13946.21,0.803701,87.773579
443.100,92.8931,300.0000,66.8125,66.6141,13945.39,0.803560,87.773579
443.200,92.8931,300.0000,67.0000,66.6103,13944.63,0.803428,87.773579
443.300,92.8931,300.0000,66.7500,66.6066,13943.92,0.803306,87.773579
443.400,92.8931,300.0000,66.8125,66.6028,13943.25,0.803191,87.773579
443.500,92.8931,300.0000,66.8750,66.5991,13942.64,0.803084,87.773579
443.600,92.8931,300.0000,66.9375,66.5953,13942.06,0.802984,87.773579
443.700,92.8931,300.0000,66.8125,66.5916,13941.52,0.802890,87.773579
443.800,92.8931,300.0000,66.7500,66.5879,13941.01,0.802803,87.773579
443.900,92.8931,300.0000,66.8750,66.5842,13940.54,0.802722,87.773579
444.000,93.0095,300.0000,66.8125,66.5805,13941.27,0.802848,87.890005
444.100,93.0095,300.0000,66.6875,66.5769,13941.95,0.802964,87.890005
444.200,93.0095,300.0000,66.8125,66.5732,13942.58,0.803074,87.890005
444.300,93.0095,300.0000,66.7500,66.5695,13943.17,0.803176,87.890005
444.400,93.0095,300.0000,66.7500,66.5658,13943.72,0.803271,87.890005
444.500,93.0095,300.0000,66.8125,66.5621,13944.23,0.803360,87.890005
444.600,93.0095,300.0000,66.7500,66.5585,13944.71,0.803442,87.890005
444.700,93.0095,300.0000,66.8125,66.5548,13945.16,0.803520,87.890005
444.800,93.0095,300.0000,66.7500,66.5512,13945.58,0.803592,87.890005
444.900,93.0095,300.0000,66.7500,66.5475,13945.97,0.803659,87.890005
445.000,92.7769,300.0000,66.6875,66.5439,13944.00,0.803320,87.998670
445.100,92.7769,300.0000,66.8125,66.5403,13942.17,0.803004,87.998670
445.200,92.7769,300.0000,66.6875,66.5367,13940.46,0.802708,87.998670
445.300,92.7769,300.0000,66.7500,66.5331,13938.87,0.802433,87.998670
445.400,92.7769,300.0000,66.7500,66.5296,13937.38,0.802175,87.998670
445.500,92.7769,300.0000,66.6875,66.5261,13935.99,0.801936,87.998670
445.600,92.7769,300.0000,66.7500,66.5225,13934.69,0.801712,87.998670
445.700,92.7769,300.0000,66.7500,66.5191,13933.48,0.801503,87.998670
445.800,92.7769,300.0000,66.8125,66.5156,13932.35,0.801308,87.998670
445.900,92.7769,300.0000,66.7500,66.5121,13931.29,0.801126,87.998670
446.000,92.8855,300.0000,66.7500,66.5087,13931.40,0.801143,88.107334
446.100,92.8855,300.0000,66.6250,66.5053,13931.49,0.801160,88.107334
446.200,92.8855,300.0000,66.8750,66.5018,13931.58,0.801175,88.107334
446.300,92.8855,300.0000,66.8125,66.4984,13931.66,0.801189,88.107334
446.400,92.8855,300.0000,66.7500,66.4950,13931.74,0.801203,88.107334
446.500,92.8855,300.0000,66.6875,66.4916,13931.81,0.801215,88.107334
446.600,92.8855,300.0000,66.7500,66.4882,13931.88,0.801227,88.107334
446.700,92.8855,300.0000,66.6250,66.4848,13931.94,0.801238,88.107334
446.800,92.8855,300.0000,66.6250,66.4814,13932.00,0.801248,88.107334
446.900,92.8855,300.0000,66.7500,66.4780,13932.06,0.801258,88.107334
447.000,92.9942,300.0000,66.6250,66.4746,13933.20,0.801454,88.215998
447.100,92.9942,300.0000,66.6875,66.4712,13934.26,0.801637,88.215998
447.200,92.9942,300.0000,66.6250,66.4678,13935.25,0.801808,88.215998
447.300,92.9942,300.0000,66.7500,66.4644,13936.18,0.801968,88.215998
447.400,92.9942,300.0000,66.6875,66.4611,13937.04,0.802117,88.215998
447.500,92.9942,300.0000,66.6875,66.4577,13937.84,0.802256,88.215998
447.600,92.9942,300.0000,66.6875,66.4543,13938.60,0.802386,88.215998
447.700,92.9942,300.0000,66.6250,66.4509,13939.30,0.802507,88.215998
447.800,92.9942,300.0000,66.5625,66.4475,13939.95,0.802621,88.215998
447.900,92.9942,300.0000,66.6875,66.4441,13940.57,0.802726,88.215998
448.000,92.9283,300.0000,66.6875,66.4408,13940.48,0.802711,88.320782
448.100,92.9283,300.0000,66.7500,66.4374,13940.40,0.802697,88.320782
448.200,92.9283,300.0000,66.6250,66.4341,13940.32,0.802684,88.320782
448.300,92.9283,300.0000,66.6250,66.4307,13940.25,0.802671,88.320782
448.400,92.9283,300.0000,66.5625,66.4274,13940.18,0.802660,88.320782
448.500,92.9283,300.0000,66.6875,66.4240,13940.12,0.802649,88.320782
448.600,92.9283,300.0000,66.6250,66.4207,13940.06,0.802639,88.320782
448.700,92.9283,300.0000,66.5625,66.4174,13940.01,0.802630,88.320782
448.800,92.9283,300.0000,66.6875,66.4141,13939.96,0.802621,88.320782
448.900,92.9283,300.0000,66.6250,66.4108,13939.91,0.802613,88.320782
449.000,92.8586,300.0000,66.6875,66.4075,13939.17,0.802485,88.421684
449.100,92.8586,300.0000,66.6875,66.4042,13938.48,0.802365,88.421684
449.200,92.8586,300.0000,66.6875,66.4010,13937.83,0.802254,88.421684
449.300,92.8586,300.0000,66.6250,66.3977,13937.23,0.802149,88.421684
449.400,92.8586,300.0000,66.4375,66.3945,13936.66,0.802052,88.421684
449.500,92.8586,300.0000,66.6250,66.3913,13936.14,0.801962,88.421684
449.600,92.8586,300.0000,66.5625,66.3881,13935.65,0.801877,88.421684
449.700,92.8586,300.0000,66.5000,66.3849,13935.19,0.801798,88.421684
449.800,92.8586,300.0000,66.5625,66.3817,13934.76,0.801724,88.421684
449.900,92.8586,300.0000,66.5000,66.3785,13934.37,0.801656,88.421684
450.000,92.6104,300.0000,66.5625,66.3753,13931.51,0.801163,88.514825
450.100,92.6104,300.0000,66.6250,66.3722,13928.85,0.800704,88.514825
450.200,92.6104,300.0000,66.5625,66.3691,13926.36,0.800275,88.514825
450.300,92.6104,300.0000,66.5625,66.3661,13924.04,0.799875,88.514825
450.400,92.6104,300.0000,66.4375,66.3630,13921.88,0.799502,88.514825
450.500,92.6104,300.0000,66.6250,66.3600,13919.86,0.799154,88.514825
450.600,92.6104,300.0000,66.4375,66.3570,13917.97,0.798829,88.514825
450.700,92.6104,300.0000,66.6250,66.3540,13916.21,0.798526,88.514825
450.800,92.6104,300.0000,66.5000,66.3511,13914.57,0.798243,88.514825
450.900,92.6104,300.0000,66.5625,66.3481,13913.03,0.797979,88.514825
451.000,92.8781,300.0000,66.5625,66.3452,13914.28,0.798194,88.611847
451.100,92.8781,300.0000,66.5625,66.3422,13915.44,0.798394,88.611847
451.200,92.8781,300.0000,66.6250,66.3393,13916.53,0.798580,88.611847
451.300,92.8781,300.0000,66.5625,66.3364,13917.54,0.798755,88.611847
451.400,92.8781,300.0000,66.5625,66.3334,13918.48,0.798917,88.611847
451.500,92.8781,300.0000,66.5625,66.3305,13919.36,0.799069,88.611847
451.600,92.8781,300.0000,66.5625,66.3275,13920.19,0.799211,88.611847
451.700,92.8781,300.0000,66.5625,66.3246,13920.96,0.799343,88.611847
451.800,92.8781,300.0000,66.5625,66.3216,13921.67,0.799467,88.611847
451.900,92.8781,300.0000,66.4375,66.3187,13922.34,0.799582,88.611847
452.000,92.6260,300.0000,66.5000,66.3157,13920.45,0.799256,88.701107
452.100,92.6260,300.0000,66.5000,66.3128,13918.68,0.798951,88.701107
452.200,92.6260,300.0000,66.5000,66.3099,13917.03,0.798667,88.701107
452.300,92.6260,300.0000,66.5000,66.3071,13915.48,0.798401,88.701107
452.400,92.6260,300.0000,66.5000,66.3042,13914.05,0.798154,88.701107
452.500,92.6260,300.0000,66.4375,66.3014,13912.70,0.797923,88.701107
452.600,92.6260,300.0000,66.5000,66.2986,13911.45,0.797707,88.701107
452.700,92.6260,300.0000,66.4375,66.2958,13910.28,0.797506,88.701107
452.800,92.6260,300.0000,66.5000,66.2930,13909.19,0.797318,88.701107
452.900,92.6260,300.0000,66.5625,66.2902,13908.17,0.797143,88.701107
453.000,93.0644,300.0000,66.5625,66.2875,13911.60,0.797733,88.798128
453.100,93.0644,300.0000,66.5000,66.2846,13914.81,0.798285,88.798128
453.200,93.0644,300.0000,66.5000,66.2818,13917.80,0.798799,88.798128
453.300,93.0644,300.0000,66.5000,66.2790,13920.59,0.799280,88.798128
453.400,93.0644,300.0000,66.4375,66.2761,13923.19,0.799729,88.798128
453.500,93.0644,300.0000,66.4375,66.2732,13925.62,0.800147,88.798128
453.600,93.0644,300.0000,66.3125,66.2704,13927.89,0.800539,88.798128
453.700,93.0644,300.0000,66.3125,66.2675,13930.01,0.800904,88.798128
453.800,93.0644,300.0000,66.3750,66.2646,13931.99,0.801245,88.798128
453.900,93.0644,300.0000,66.5000,66.2616,13933.83,0.801563,88.798128
454.000,92.9869,300.0000,66.5000,66.2587,13934.78,0.801726,88.891269
454.100,92.9869,300.0000,66.3750,66.2558,13935.66,0.801879,88.891269
454.200,92.9869,300.0000,66.3750,66.2529,13936.48,0.802021,88.891269
454.300,92.9869,300.0000,66.4375,66.2500,13937.25,0.802154,88.891269
454.400,92.9869,300.0000,66.5000,66.2470,13937.97,0.802278,88.891269
454.500,92.9869,300.0000,66.5000,66.2441,13938.64,0.802394,88.891269
454.600,92.9869,300.0000,66.4375,66.2412,13939.27,0.802502,88.891269
454.700,92.9869,300.0000,66.3750,66.2383,13939.85,0.802603,88.891269
454.800,92.9869,300.0000,66.4375,66.2354,13940.40,0.802697,88.891269
454.900,92.9869,300.0000,66.5000,66.2325,13940.91,0.802785,88.891269
455.000,93.0800,300.0000,66.2500,66.2296,13942.31,0.803028,88.984410
455.100,93.0800,300.0000,66.3750,66.2266,13943.62,0.803255,88.984410
455.200,93.0800,300.0000,66.3125,66.2237,13944.85,0.803466,88.984410
455.300,93.0800,300.0000,66.3750,66.2208,13945.99,0.803664,88.984410
455.400,93.0800,300.0000,66.3750,66.2179,13947.06,0.803849,88.984410
455.500,93.0800,300.0000,66.3750,66.2149,13948.06,0.804021,88.984410
455.600,93.0800,300.0000,66.3750,66.2120,13948.99,0.804182,88.984410
455.700,93.0800,300.0000,66.3750,66.2091,13949.85,0.804332,88.984410
455.800,93.0800,300.0000,66.3125,66.2061,13950.66,0.804472,88.984410
455.900,93.0800,300.0000,66.3125,66.2032,13951.42,0.804602,88.984410
456.000,92.6495,300.0000,66.3750,66.2003,13947.82,0.803980,89.065908
456.100,92.6495,300.0000,66.3125,66.1974,13944.46,0.803399,89.065908
456.200,92.6495,300.0000,66.3125,66.1946,13941.33,0.802857,89.065908
456.300,92.6495,300.0000,66.4375,66.1918,13938.40,0.802352,89.065908
456.400,92.6495,300.0000,66.3125,66.1890,13935.67,0.801880,89.065908
456.500,92.6495,300.0000,66.3750,66.1863,13933.12,0.801440,89.065908
456.600,92.6495,300.0000,66.3750,66.1836,13930.74,0.801030,89.065908
456.700,92.6495,300.0000,66.3125,66.1809,13928.52,0.800647,89.065908
456.800,92.6495,300.0000,66.3750,66.1782,13926.45,0.800290,89.065908
456.900,92.6495,300.0000,66.3750,66.1756,13924.51,0.799956,89.065908
457.000,92.9056,300.0000,66.3125,66.1729,13925.27,0.800086,89.151287
457.100,92.9056,300.0000,66.3750,66.1703,13925.97,0.800208,89.151287
457.200,92.9056,300.0000,66.3125,66.1676,13926.63,0.800321,89.151287
457.300,92.9056,300.0000,66.3750,66.1650,13927.24,0.800427,89.151287
457.400,92.9056,300.0000,66.3750,66.1623,13927.82,0.800526,89.151287
457.500,92.9056,300.0000,66.3750,66.1597,13928.35,0.800618,89.151287
457.600,92.9056,300.0000,66.3750,66.1571,13928.85,0.800704,89.151287
457.700,92.9056,300.0000,66.3750,66.1544,13929.32,0.800784,89.151287
457.800,92.9056,300.0000,66.3125,66.1518,13929.75,0.800859,89.151287
457.900,92.9056,300.0000,66.1875,66.1491,13930.16,0.800929,89.151287
458.000,92.4674,300.0000,66.3750,66.1465,13926.15,0.800239,89.225024
458.100,92.4674,300.0000,66.4375,66.1440,13922.42,0.799595,89.225024
458.200,92.4674,300.0000,66.3125,66.1415,13918.93,0.798994,89.225024
458.300,92.4674,300.0000,66.1875,66.1390,13915.67,0.798434,89.225024
458.400,92.4674,300.0000,66.3125,66.1365,13912.64,0.797911,89.225024
458.500,92.4674,300.0000,66.3125,66.1341,13909.80,0.797423,89.225024
458.600,92.4674,300.0000,66.3125,66.1317,13907.15,0.796968,89.225024
458.700,92.4674,300.0000,66.2500,66.1293,13904.68,0.796544,89.225024
458.800,92.4674,300.0000,66.2500,66.1269,13902.38,0.796148,89.225024
458.900,92.4674,300.0000,66.1875,66.1246,13900.23,0.795778,89.225024
459.000,92.5411,300.0000,66.3125,66.1223,13898.96,0.795560,89.298760
459.100,92.5411,300.0000,66.2500,66.1200,13897.77,0.795356,89.298760
459.200,92.5411,300.0000,66.3125,66.1177,13896.66,0.795166,89.298760
459.300,92.5411,300.0000,66.2500,66.1154,13895.63,0.794989,89.298760
459.400,92.5411,300.0000,66.2500,66.1132,13894.67,0.794823,89.298760
459.500,92.5411,300.0000,66.3125,66.1109,13893.77,0.794669,89.298760
459.600,92.5411,300.0000,66.1875,66.1087,13892.93,0.794525,89.298760
459.700,92.5411,300.0000,66.1875,66.1065,13892.14,0.794390,89.298760
459.800,92.5411,300.0000,66.3750,66.1043,13891.41,0.794265,89.298760
459.900,92.5411,300.0000,66.2500,66.1020,13890.73,0.794147,89.298760
460.000,92.7894,300.0000,66.2500,66.0998,13892.57,0.794464,89.376377
460.100,92.7894,300.0000,66.1875,66.0976,13894.29,0.794759,89.376377
460.200,92.7894,300.0000,66.3125,66.0954,13895.90,0.795035,89.376377
460.300,92.7894,300.0000,66.3125,66.0931,13897.40,0.795293,89.376377
460.400,92.7894,300.0000,66.1875,66.0909,13898.80,0.795533,89.376377
460.500,92.7894,300.0000,66.1875,66.0887,13900.11,0.795758,89.376377
460.600,92.7894,300.0000,66.2500,66.0864,13901.33,0.795967,89.376377
460.700,92.7894,300.0000,66.1250,66.0841,13902.47,0.796163,89.376377
460.800,92.7894,300.0000,66.3125,66.0819,13903.53,0.796345,89.376377
460.900,92.7894,300.0000,66.2500,66.0796,13904.52,0.796516,89.376377
461.000,92.8670,300.0000,66.2500,66.0773,13906.22,0.796808,89.453995
461.100,92.8670,300.0000,66.1875,66.0750,13907.81,0.797081,89.453995
461.200,92.8670,300.0000,66.3125,66.0728,13909.29,0.797336,89.453995
461.300,92.8670,300.0000,66.2500,66.0705,13910.68,0.797574,89.453995
461.400,92.8670,300.0000,66.3125,66.0682,13911.97,0.797796,89.453995
461.500,92.8670,300.0000,66.1875,66.0658,13913.17,0.798004,89.453995
461.600,92.8670,300.0000,66.1875,66.0635,13914.30,0.798197,89.453995
461.700,92.8670,300.0000,66.1250,66.0612,13915.35,0.798378,89.453995
461.800,92.8670,300.0000,66.2500,66.0589,13916.33,0.798547,89.453995
461.900,92.8670,300.0000,66.1875,66.0566,13917.24,0.798704,89.453995
462.000,92.7701,300.0000,66.1875,66.0543,13917.13,0.798684,89.527731
462.100,92.7701,300.0000,66.2500,66.0519,13917.02,0.798666,89.527731
462.200,92.7701,300.0000,66.2500,66.0496,13916.92,0.798648,89.527731
462.300,92.7701,300.0000,66.1875,66.0473,13916.83,0.798632,89.527731
462.400,92.7701,300.0000,66.1250,66.0451,13916.74,0.798617,89.527731
462.500,92.7701,300.0000,66.2500,66.0428,13916.66,0.798603,89.527731
462.600,92.7701,300.0000,66.2500,66.0405,13916.58,0.798590,89.527731
462.700,92.7701,300.0000,66.1875,66.0382,13916.51,0.798578,89.527731
462.800,92.7701,300.0000,66.1875,66.0359,13916.44,0.798566,89.527731
462.900,92.7701,300.0000,66.2500,66.0337,13916.38,0.798555,89.527731
463.000,93.0183,300.0000,66.1875,66.0314,13918.80,0.798973,89.605349
463.100,93.0183,300.0000,66.0625,66.0291,13921.07,0.799363,89.605349
463.200,93.0183,300.0000,66.1250,66.0268,13923.18,0.799727,89.605349
463.300,93.0183,300.0000,66.1875,66.0245,13925.15,0.800066,89.605349
463.400,93.0183,300.0000,66.1250,66.0222,13926.99,0.800384,89.605349
463.500,93.0183,300.0000,66.1250,66.0198,13928.71,0.800680,89.605349
463.600,93.0183,300.0000,66.1250,66.0175,13930.31,0.800956,89.605349
463.700,93.0183,300.0000,66.2500,66.0151,13931.81,0.801214,89.605349
463.800,93.0183,300.0000,66.1250,66.0128,13933.20,0.801455,89.605349
463.900,93.0183,300.0000,66.1250,66.0104,13934.51,0.801680,89.605349
464.000,92.7469,300.0000,66.1250,66.0081,13933.01,0.801421,89.675204
464.100,92.7469,300.0000,66.0625,66.0057,13931.61,0.801180,89.675204
464.200,92.7469,300.0000,66.1875,66.0034,13930.31,0.800955,89.675204
464.300,92.7469,300.0000,66.1875,66.0011,13929.09,0.800745,89.675204
464.400,92.7469,300.0000,66.1250,65.9989,13927.95,0.800549,89.675204
464.500,92.7469,300.0000,66.1250,65.9966,13926.89,0.800366,89.675204
464.600,92.7469,300.0000,66.1875,65.9943,13925.90,0.800195,89.675204
464.700,92.7469,300.0000,66.1875,65.9921,13924.97,0.800036,89.675204
464.800,92.7469,300.0000,66.1250,65.9899,13924.11,0.799887,89.675204
464.900,92.7469,300.0000,66.1875,65.9876,13923.31,0.799748,89.675204
465.000,92.9913,300.0000,66.1250,65.9854,13925.00,0.800040,89.748941
465.100,92.9913,300.0000,66.0625,65.9832,13926.58,0.800312,89.748941
465.200,92.9913,300.0000,66.1250,65.9809,13928.05,0.800567,89.748941
465.300,92.9913,300.0000,66.1875,65.9787,13929.43,0.800804,89.748941
465.400,92.9913,300.0000,66.1250,65.9764,13930.71,0.801025,89.748941
465.500,92.9913,300.0000,66.1875,65.9742,13931.91,0.801232,89.748941
465.600,92.9913,300.0000,66.1250,65.9719,13933.03,0.801425,89.748941
465.700,92.9913,300.0000,66.0625,65.9696,13934.07,0.801605,89.748941
465.800,92.9913,300.0000,66.2500,65.9674,13935.05,0.801774,89.748941
465.900,92.9913,300.0000,66.1250,65.9651,13935.96,0.801931,89.748941
466.000,92.8905,300.0000,66.1250,65.9628,13935.80,0.801903,89.818796
466.100,92.8905,300.0000,66.1875,65.9606,13935.65,0.801877,89.818796
466.200,92.8905,300.0000,66.1875,65.9583,13935.51,0.801854,89.818796
466.300,92.8905,300.0000,66.1250,65.9561,13935.38,0.801831,89.818796
466.400,92.8905,300.0000,66.1250,65.9538,13935.26,0.801810,89.818796
466.500,92.8905,300.0000,66.0625,65.9516,13935.15,0.801791,89.818796
466.600,92.8905,300.0000,66.0000,65.9493,13935.04,0.801773,89.818796
466.700,92.8905,300.0000,66.1875,65.9471,13934.95,0.801756,89.818796
466.800,92.8905,300.0000,66.0625,65.9449,13934.86,0.801740,89.818796
466.900,92.8905,300.0000,66.1250,65.9427,13934.77,0.801725,89.818796
467.000,92.9603,300.0000,66.0625,65.9405,13935.39,0.801832,89.888652
467.100,92.9603,300.0000,66.0625,65.9383,13935.97,0.801932,89.888652
467.200,92.9603,300.0000,65.9375,65.9360,13936.51,0.802025,89.888652
467.300,92.9603,300.0000,66.0625,65.9338,13937.01,0.802112,89.888652
467.400,92.9603,300.0000,66.0000,65.9316,13937.48,0.802193,89.888652
467.500,92.9603,300.0000,66.0625,65.9294,13937.92,0.802269,89.888652
467.600,92.9603,300.0000,66.1250,65.9272,13938.32,0.802339,89.888652
467.700,92.9603,300.0000,66.0625,65.9250,13938.71,0.802405,89.888652
467.800,92.9603,300.0000,66.0625,65.9228,13939.06,0.802467,89.888652
467.900,92.9603,300.0000,66.0625,65.9206,13939.40,0.802524,89.888652
468.000,92.8557,300.0000,66.1250,65.9184,13938.66,0.802397,89.954627
468.100,92.8557,300.0000,66.0000,65.9162,13937.97,0.802278,89.954627
468.200,92.8557,300.0000,66.0000,65.9140,13937.33,0.802167,89.954627
468.300,92.8557,300.0000,66.0000,65.9119,13936.73,0.802064,89.954627
468.400,92.8557,300.0000,66.0000,65.9097,13936.17,0.801968,89.954627
468.500,92.8557,300.0000,66.0000,65.9076,13935.65,0.801878,89.954627
468.600,92.8557,300.0000,65.9375,65.9055,13935.16,0.801794,89.954627
468.700,92.8557,300.0000,66.0000,65.9033,13934.71,0.801715,89.954627
468.800,92.8557,300.0000,65.9375,65.9012,13934.29,0.801642,89.954627
468.900,92.8557,300.0000,65.9375,65.8991,13933.89,0.801574,89.954627
469.000,92.5726,300.0000,66.0625,65.8970,13930.69,0.801021,90.012840
469.100,92.5726,300.0000,66.0625,65.8950,13927.70,0.800506,90.012840
469.200,92.5726,300.0000,66.0625,65.8930,13924.92,0.800026,90.012840
469.300,92.5726,300.0000,66.0000,65.8910,13922.31,0.799577,90.012840
469.400,92.5726,300.0000,66.0000,65.8890,13919.89,0.799159,90.012840
469.500,92.5726,300.0000,66.0000,65.8870,13917.62,0.798769,90.012840
469.600,92.5726,300.0000,66.0000,65.8851,13915.50,0.798405,90.012840
469.700,92.5726,300.0000,65.9375,65.8832,13913.53,0.798065,90.012840
469.800,92.5726,300.0000,65.9375,65.8813,13911.69,0.797748,90.012840
469.900,92.5726,300.0000,65.9375,65.8795,13909.97,0.797452,90.012840
470.000,92.6308,300.0000,65.9375,65.8776,13908.94,0.797276,90.071053
470.100,92.6308,300.0000,66.0625,65.8758,13907.99,0.797112,90.071053
470.200,92.6308,300.0000,66.0625,65.8739,13907.10,0.796958,90.071053
470.300,92.6308,300.0000,65.9375,65.8721,13906.27,0.796815,90.071053
470.400,92.6308,300.0000,65.9375,65.8703,13905.49,0.796682,90.071053
470.500,92.6308,300.0000,66.0000,65.8685,13904.76,0.796557,90.071053
470.600,92.6308,300.0000,65.9375,65.8667,13904.09,0.796441,90.071053
470.700,92.6308,300.0000,66.0000,65.8649,13903.46,0.796333,90.071053
470.800,92.6308,300.0000,65.9375,65.8632,13902.87,0.796232,90.071053
470.900,92.6308,300.0000,66.0000,65.8614,13902.32,0.796137,90.071053
471.000,92.8635,300.0000,66.0625,65.8596,13904.13,0.796449,90.133147
471.100,92.8635,300.0000,66.0000,65.8578,13905.83,0.796740,90.133147
471.200,92.8635,300.0000,66.0000,65.8561,13907.41,0.797011,90.133147
471.300,92.8635,300.0000,66.0000,65.8543,13908.88,0.797265,90.133147
471.400,92.8635,300.0000,66.0000,65.8524,13910.26,0.797502,90.133147
471.500,92.8635,300.0000,65.9375,65.8506,13911.54,0.797723,90.133147
471.600,92.8635,300.0000,66.0000,65.8488,13912.74,0.797929,90.133147
471.700,92.8635,300.0000,65.8750,65.8470,13913.86,0.798122,90.133147
471.800,92.8635,300.0000,66.0625,65.8451,13914.91,0.798302,90.133147
471.900,92.8635,300.0000,65.9375,65.8433,13915.88,0.798469,90.133147
472.000,92.7511,300.0000,66.0000,65.8415,13915.67,0.798433,90.191360
472.100,92.7511,300.0000,65.9375,65.8397,13915.47,0.798398,90.191360
472.200,92.7511,300.0000,66.0000,65.8378,13915.28,0.798366,90.191360
472.300,92.7511,300.0000,66.0000,65.8360,13915.10,0.798336,90.191360
472.400,92.7511,300.0000,66.0000,65.8342,13914.94,0.798308,90.191360
472.500,92.7511,300.0000,66.0000,65.8324,13914.79,0.798282,90.191360
472.600,92.7511,300.0000,65.8750,65.8306,13914.65,0.798257,90.191360
472.700,92.7511,300.0000,65.9375,65.8288,13914.52,0.798235,90.191360
472.800,92.7511,300.0000,65.9375,65.8270,13914.39,0.798213,90.191360
472.900,92.7511,300.0000,65.9375,65.8253,13914.28,0.798194,90.191360
473.000,92.8093,300.0000,65.9375,65.8235,13914.75,0.798275,90.249573
473.100,92.8093,300.0000,65.9375,65.8217,13915.20,0.798352,90.249573
473.200,92.8093,300.0000,65.8750,65.8199,13915.61,0.798423,90.249573
473.300,92.8093,300.0000,65.9375,65.8181,13915.99,0.798489,90.249573
473.400,92.8093,300.0000,65.9375,65.8164,13916.36,0.798551,90.249573
473.500,92.8093,300.0000,65.8750,65.8146,13916.69,0.798609,90.249573
473.600,92.8093,300.0000,65.9375,65.8128,13917.00,0.798663,90.249573
473.700,92.8093,300.0000,66.0000,65.8110,13917.30,0.798713,90.249573
473.800,92.8093,300.0000,65.9375,65.8093,13917.57,0.798760,90.249573
473.900,92.8093,300.0000,65.9375,65.8075,13917.83,0.798804,90.249573
474.000,92.8675,300.0000,65.9375,65.8057,13918.65,0.798946,90.307786
474.100,92.8675,300.0000,65.8750,65.8039,13919.41,0.799077,90.307786
474.200,92.8675,300.0000,65.8750,65.8022,13920.13,0.799201,90.307786
474.300,92.8675,300.0000,65.8750,65.8004,13920.79,0.799315,90.307786
474.400,92.8675,300.0000,66.0000,65.7986,13921.42,0.799423,90.307786
474.500,92.8675,300.0000,65.9375,65.7968,13922.00,0.799523,90.307786
474.600,92.8675,300.0000,65.9375,65.7950,13922.54,0.799616,90.307786
474.700,92.8675,300.0000,65.9375,65.7932,13923.04,0.799703,90.307786
474.800,92.8675,300.0000,65.8750,65.7915,13923.52,0.799785,90.307786
474.900,92.8675,300.0000,65.8750,65.7897,13923.96,0.799861,90.307786
475.000,92.7512,300.0000,65.8750,65.7879,13923.21,0.799731,90.362118
475.100,92.7512,300.0000,65.9375,65.7861,13922.50,0.799610,90.362118
475.200,92.7512,300.0000,65.9375,65.7844,13921.85,0.799497,90.362118
475.300,92.7512,300.0000,65.8750,65.7826,13921.24,0.799392,90.362118
475.400,92.7512,300.0000,65.8750,65.7809,13920.67,0.799294,90.362118
475.500,92.7512,300.0000,65.8750,65.7792,13920.14,0.799202,90.362118
475.600,92.7512,300.0000,65.8750,65.7775,13919.64,0.799117,90.362118
475.700,92.7512,300.0000,65.9375,65.7757,13919.17,0.799037,90.362118
475.800,92.7512,300.0000,65.9375,65.7740,13918.74,0.798962,90.362118
475.900,92.7512,300.0000,65.9375,65.7723,13918.34,0.798893,90.362118
476.000,92.9801,300.0000,65.8750,65.7706,13920.25,0.799222,90.420331
476.100,92.9801,300.0000,65.9375,65.7689,13922.03,0.799529,90.420331
476.200,92.9801,300.0000,65.8750,65.7672,13923.70,0.799816,90.420331
476.300,92.9801,300.0000,65.8125,65.7654,13925.25,0.800084,90.420331
476.400,92.9801,300.0000,65.8125,65.7637,13926.70,0.800334,90.420331
476.500,92.9801,300.0000,65.9375,65.7619,13928.06,0.800567,90.420331
476.600,92.9801,300.0000,65.8125,65.7602,13929.32,0.800785,90.420331
476.700,92.9801,300.0000,65.8750,65.7584,13930.50,0.800989,90.420331
476.800,92.9801,300.0000,65.8750,65.7566,13931.60,0.801179,90.420331
476.900,92.9801,300.0000,65.8125,65.7549,13932.63,0.801356,90.420331
477.000,92.6892,300.0000,65.8750,65.7531,13930.68,0.801019,90.470782
477.100,92.6892,300.0000,66.0000,65.7514,13928.86,0.800706,90.470782
477.200,92.6892,300.0000,65.8125,65.7496,13927.16,0.800413,90.470782
477.300,92.6892,300.0000,65.8750,65.7479,13925.58,0.800139,90.470782
477.400,92.6892,300.0000,65.8125,65.7462,13924.10,0.799884,90.470782
477.500,92.6892,300.0000,65.8750,65.7446,13922.72,0.799647,90.470782
477.600,92.6892,300.0000,65.8750,65.7429,13921.43,0.799424,90.470782
477.700,92.6892,300.0000,65.8125,65.7413,13920.22,0.799217,90.470782
477.800,92.6892,300.0000,65.8125,65.7396,13919.10,0.799024,90.470782
477.900,92.6892,300.0000,65.7500,65.7380,13918.05,0.798843,90.470782
478.000,92.5651,300.0000,65.9375,65.7364,13915.83,0.798462,90.517352
478.100,92.5651,300.0000,65.8750,65.7349,13913.76,0.798105,90.517352
478.200,92.5651,300.0000,65.9375,65.7333,13911.83,0.797773,90.517352
478.300,92.5651,300.0000,65.8750,65.7318,13910.03,0.797462,90.517352
478.400,92.5651,300.0000,65.8750,65.7302,13908.34,0.797173,90.517352
478.500,92.5651,300.0000,65.8750,65.7287,13906.77,0.796903,90.517352
478.600,92.5651,300.0000,65.8750,65.7272,13905.31,0.796650,90.517352
478.700,92.5651,300.0000,65.8750,65.7258,13903.94,0.796415,90.517352
478.800,92.5651,300.0000,65.8125,65.7243,13902.66,0.796196,90.517352
478.900,92.5651,300.0000,65.8125,65.7229,13901.47,0.795991,90.517352
479.000,92.7862,300.0000,65.8125,65.7214,13902.56,0.796179,90.567804
479.100,92.7862,300.0000,65.8125,65.7200,13903.59,0.796356,90.567804
479.200,92.7862,300.0000,65.8125,65.7185,13904.55,0.796520,90.567804
479.300,92.7862,300.0000,65.8125,65.7170,13905.44,0.796673,90.567804
479.400,92.7862,300.0000,65.8125,65.7156,13906.27,0.796817,90.567804
479.500,92.7862,300.0000,65.7500,65.7141,13907.05,0.796950,90.567804
479.600,92.7862,300.0000,65.8125,65.7126,13907.78,0.797075,90.567804
479.700,92.7862,300.0000,65.8125,65.7111,13908.45,0.797192,90.567804
479.800,92.7862,300.0000,65.7500,65.7096,13909.08,0.797300,90.567804
479.900,92.7862,300.0000,65.8125,65.7082,13909.68,0.797402,90.567804
480.000,92.8367,300.0000,65.6875,65.7067,13910.73,0.797583,90.618255
480.100,92.8367,300.0000,65.7500,65.7052,13911.72,0.797753,90.618255
480.200,92.8367,300.0000,65.7500,65.7037,13912.63,0.797911,90.618255
480.300,92.8367,300.0000,65.6875,65.7022,13913.49,0.798058,90.618255
480.400,92.8367,300.0000,65.8125,65.7007,13914.29,0.798196,90.618255
480.500,92.8367,300.0000,65.7500,65.6992,13915.04,0.798325,90.618255
480.600,92.8367,300.0000,65.8125,65.6977,13915.74,0.798445,90.618255
480.700,92.8367,300.0000,65.8125,65.6961,13916.39,0.798557,90.618255
480.800,92.8367,300.0000,65.7500,65.6946,13917.00,0.798662,90.618255
480.900,92.8367,300.0000,65.8125,65.6931,13917.56,0.798759,90.618255
481.000,92.8871,300.0000,65.7500,65.6916,13918.60,0.798937,90.668706
481.100,92.8871,300.0000,65.8125,65.6901,13919.56,0.799104,90.668706
481.200,92.8871,300.0000,65.7500,65.6885,13920.46,0.799259,90.668706
481.300,92.8871,300.0000,65.7500,65.6870,13921.30,0.799403,90.668706
481.400,92.8871,300.0000,65.8125,65.6855,13922.09,0.799539,90.668706
481.500,92.8871,300.0000,65.8125,65.6839,13922.82,0.799665,90.668706
481.600,92.8871,300.0000,65.8750,65.6824,13923.50,0.799783,90.668706
481.700,92.8871,300.0000,65.8125,65.6809,13924.14,0.799892,90.668706
481.800,92.8871,300.0000,65.7500,65.6793,13924.74,0.799995,90.668706
481.900,92.8871,300.0000,65.6250,65.6778,13925.29,0.800091,90.668706
482.000,92.4140,300.0000,65.6250,65.6763,13921.08,0.799365,90.707515
482.100,92.4140,300.0000,65.8125,65.6748,13917.15,0.798688,90.707515
482.200,92.4140,300.0000,65.8125,65.6734,13913.48,0.798056,90.707515
482.300,92.4140,300.0000,65.7500,65.6719,13910.05,0.797467,90.707515
482.400,92.4140,300.0000,65.7500,65.6706,13906.86,0.796917,90.707515
482.500,92.4140,300.0000,65.7500,65.6692,13903.87,0.796404,90.707515
482.600,92.4140,300.0000,65.8125,65.6679,13901.09,0.795926,90.707515
482.700,92.4140,300.0000,65.7500,65.6666,13898.49,0.795480,90.707515
482.800,92.4140,300.0000,65.7500,65.6653,13896.06,0.795063,90.707515
482.900,92.4140,300.0000,65.8750,65.6641,13893.80,0.794675,90.707515
483.000,93.1509,300.0000,65.7500,65.6628,13899.06,0.795577,90.761847
483.100,93.1509,300.0000,65.8125,65.6615,13903.96,0.796419,90.761847
483.200,93.1509,300.0000,65.8125,65.6601,13908.54,0.797207,90.761847
483.300,93.1509,300.0000,65.7500,65.6587,13912.81,0.797942,90.761847
483.400,93.1509,300.0000,65.8125,65.6573,13916.80,0.798628,90.761847
483.500,93.1509,300.0000,65.8125,65.6558,13920.52,0.799269,90.761847
483.600,93.1509,300.0000,65.8125,65.6543,13924.00,0.799868,90.761847
483.700,93.1509,300.0000,65.6875,65.6528,13927.24,0.800427,90.761847
483.800,93.1509,300.0000,65.8125,65.6513,13930.27,0.800949,90.761847
483.900,93.1509,300.0000,65.6875,65.6497,13933.09,0.801436,90.761847
484.000,92.6817,300.0000,65.7500,65.6482,13931.04,0.801081,90.804537
484.100,92.6817,300.0000,65.6875,65.6467,13929.12,0.800750,90.804537
484.200,92.6817,300.0000,65.8750,65.6452,13927.33,0.800441,90.804537
484.300,92.6817,300.0000,65.6875,65.6437,13925.66,0.800153,90.804537
484.400,92.6817,300.0000,65.6875,65.6423,13924.10,0.799884,90.804537
484.500,92.6817,300.0000,65.7500,65.6408,13922.64,0.799633,90.804537
484.600,92.6817,300.0000,65.7500,65.6394,13921.28,0.799399,90.804537
484.700,92.6817,300.0000,65.8125,65.6380,13920.01,0.799181,90.804537
484.800,92.6817,300.0000,65.6250,65.6366,13918.83,0.798977,90.804537
484.900,92.6817,300.0000,65.6875,65.6352,13917.72,0.798787,90.804537
485.000,92.7244,300.0000,65.7500,65.6338,13917.12,0.798682,90.847226
485.100,92.7244,300.0000,65.8125,65.6325,13916.55,0.798585,90.847226
485.200,92.7244,300.0000,65.6875,65.6311,13916.03,0.798495,90.847226
485.300,92.7244,300.0000,65.6875,65.6298,13915.54,0.798410,90.847226
485.400,92.7244,300.0000,65.7500,65.6284,13915.08,0.798331,90.847226
485.500,92.7244,300.0000,65.6875,65.6271,13914.65,0.798257,90.847226
485.600,92.7244,300.0000,65.6250,65.6257,13914.25,0.798189,90.847226
485.700,92.7244,300.0000,65.6250,65.6244,13913.88,0.798125,90.847226
485.800,92.7244,300.0000,65.6875,65.6231,13913.53,0.798065,90.847226
485.900,92.7244,300.0000,65.7500,65.6217,13913.20,0.798009,90.847226
486.000,92.9416,300.0000,65.7500,65.6204,13915.07,0.798330,90.893797
486.100,92.9416,300.0000,65.6250,65.6191,13916.82,0.798631,90.893797
486.200,92.9416,300.0000,65.6250,65.6177,13918.45,0.798911,90.893797
486.300,92.9416,300.0000,65.6875,65.6164,13919.96,0.799173,90.893797
486.400,92.9416,300.0000,65.6875,65.6150,13921.38,0.799417,90.893797
486.500,92.9416,300.0000,65.7500,65.6136,13922.71,0.799645,90.893797
486.600,92.9416,300.0000,65.6250,65.6122,13923.94,0.799858,90.893797
486.700,92.9416,300.0000,65.6250,65.6108,13925.10,0.800057,90.893797
486.800,92.9416,300.0000,65.6875,65.6094,13926.17,0.800242,90.893797
486.900,92.9416,300.0000,65.5625,65.6080,13927.18,0.800415,90.893797
487.000,92.4646,300.0000,65.6250,65.6066,13923.34,0.799755,90.928724
487.100,92.4646,300.0000,65.6875,65.6053,13919.77,0.799138,90.928724
487.200,92.4646,300.0000,65.6875,65.6040,13916.43,0.798564,90.928724
487.300,92.4646,300.0000,65.7500,65.6027,13913.31,0.798027,90.928724
487.400,92.4646,300.0000,65.6875,65.6015,13910.40,0.797527,90.928724
487.500,92.4646,300.0000,65.6875,65.6002,13907.69,0.797060,90.928724
487.600,92.4646,300.0000,65.6250,65.5990,13905.15,0.796625,90.928724
487.700,92.4646,300.0000,65.6875,65.5979,13902.79,0.796218,90.928724
487.800,92.4646,300.0000,65.7500,65.5967,13900.58,0.795839,90.928724
487.900,92.4646,300.0000,65.6875,65.5956,13898.52,0.795485,90.928724
488.000,92.8486,300.0000,65.6875,65.5944,13900.44,0.795815,90.971414
488.100,92.8486,300.0000,65.6875,65.5932,13902.23,0.796122,90.971414
488.200,92.8486,300.0000,65.6250,65.5921,13903.90,0.796409,90.971414
488.300,92.8486,300.0000,65.6875,65.5909,13905.46,0.796677,90.971414
488.400,92.8486,300.0000,65.7500,65.5897,13906.91,0.796927,90.971414
488.500,92.8486,300.0000,65.6875,65.5885,13908.27,0.797161,90.971414
488.600,92.8486,300.0000,65.6875,65.5873,13909.54,0.797378,90.971414
488.700,92.8486,300.0000,65.7500,65.5861,13910.72,0.797582,90.971414
488.800,92.8486,300.0000,65.5625,65.5848,13911.83,0.797772,90.971414
488.900,92.8486,300.0000,65.6875,65.5836,13912.86,0.797949,90.971414
489.000,92.8912,300.0000,65.6250,65.5824,13914.25,0.798188,91.014104
489.100,92.8912,300.0000,65.5625,65.5811,13915.54,0.798411,91.014104
489.200,92.8912,300.0000,65.6875,65.5798,13916.75,0.798619,91.014104
489.300,92.8912,300.0000,65.5000,65.5786,13917.88,0.798814,91.014104
489.400,92.8912,300.0000,65.7500,65.5773,13918.93,0.798995,91.014104
489.500,92.8912,300.0000,65.6250,65.5760,13919.92,0.799165,91.014104
489.600,92.8912,300.0000,65.5625,65.5748,13920.84,0.799323,91.014104
489.700,92.8912,300.0000,65.6250,65.5735,13921.69,0.799470,91.014104
489.800,92.8912,300.0000,65.6250,65.5722,13922.49,0.799608,91.014104
489.900,92.8912,300.0000,65.6250,65.5709,13923.24,0.799737,91.014104
490.000,92.7594,300.0000,65.6875,65.5696,13922.62,0.799630,91.052912
490.100,92.7594,300.0000,65.6250,65.5684,13922.04,0.799530,91.052912
490.200,92.7594,300.0000,65.6250,65.5671,13921.49,0.799436,91.052912
490.300,92.7594,300.0000,65.5625,65.5658,13920.99,0.799349,91.052912
490.400,92.7594,300.0000,65.6875,65.5646,13920.52,0.799268,91.052912
490.500,92.7594,300.0000,65.6875,65.5633,13920.08,0.799192,91.052912
490.600,92.7594,300.0000,65.6250,65.5621,13919.67,0.799121,91.052912
490.700,92.7594,300.0000,65.6875,65.5609,13919.28,0.799055,91.052912
490.800,92.7594,300.0000,65.6875,65.5596,13918.92,0.798993,91.052912
490.900,92.7594,300.0000,65.6250,65.5584,13918.59,0.798936,91.052912
491.000,92.7982,300.0000,65.6250,65.5572,13918.67,0.798949,91.091721
491.100,92.7982,300.0000,65.5625,65.5560,13918.74,0.798961,91.091721
491.200,92.7982,300.0000,65.6250,65.5547,13918.80,0.798973,91.091721
491.300,92.7982,300.0000,65.7500,65.5535,13918.87,0.798983,91.091721
491.400,92.7982,300.0000,65.5625,65.5523,13918.92,0.798993,91.091721
491.500,92.7982,300.0000,65.6250,65.5511,13918.98,0.799003,91.091721
491.600,92.7982,300.0000,65.6250,65.5499,13919.03,0.799011,91.091721
491.700,92.7982,300.0000,65.6250,65.5487,13919.07,0.799019,91.091721
491.800,92.7982,300.0000,65.6250,65.5475,13919.12,0.799027,91.091721
491.900,92.7982,300.0000,65.6250,65.5463,13919.16,0.799034,91.091721
492.000,92.8370,300.0000,65.6250,65.5451,13919.59,0.799107,91.130530
492.100,92.8370,300.0000,65.6250,65.5439,13919.98,0.799176,91.130530
492.200,92.8370,300.0000,65.5625,65.5427,13920.35,0.799240,91.130530
492.300,92.8370,300.0000,65.5625,65.5415,13920.70,0.799300,91.130530
492.400,92.8370,300.0000,65.6875,65.5403,13921.02,0.799355,91.130530
492.500,92.8370,300.0000,65.5625,65.5391,13921.33,0.799407,91.130530
492.600,92.8370,300.0000,65.6875,65.5379,13921.61,0.799456,91.130530
492.700,92.8370,300.0000,65.6250,65.5367,13921.87,0.799501,91.130530
492.800,92.8370,300.0000,65.6250,65.5355,13922.12,0.799543,91.130530
492.900,92.8370,300.0000,65.6875,65.5343,13922.35,0.799583,91.130530
493.000,93.0504,300.0000,65.6250,65.5330,13924.69,0.799987,91.173219
493.100,93.0504,300.0000,65.5625,65.5318,13926.88,0.800365,91.173219
493.200,93.0504,300.0000,65.5000,65.5306,13928.93,0.800718,91.173219
493.300,93.0504,300.0000,65.6250,65.5293,13930.84,0.801047,91.173219
493.400,93.0504,300.0000,65.5000,65.5280,13932.62,0.801354,91.173219
493.500,93.0504,300.0000,65.5625,65.5267,13934.28,0.801641,91.173219
493.600,93.0504,300.0000,65.5625,65.5255,13935.83,0.801909,91.173219
493.700,93.0504,300.0000,65.5000,65.5242,13937.28,0.802159,91.173219
493.800,93.0504,300.0000,65.6250,65.5228,13938.63,0.802392,91.173219
493.900,93.0504,300.0000,65.6250,65.5215,13939.89,0.802610,91.173219
494.000,92.9185,300.0000,65.5625,65.5202,13939.75,0.802586,91.212028
494.100,92.9185,300.0000,65.6250,65.5189,13939.62,0.802563,91.212028
494.200,92.9185,300.0000,65.6250,65.5176,13939.50,0.802542,91.212028
494.300,92.9185,300.0000,65.5000,65.5163,13939.38,0.802522,91.212028
494.400,92.9185,300.0000,65.6250,65.5150,13939.28,0.802503,91.212028
494.500,92.9185,300.0000,65.5625,65.5137,13939.18,0.802486,91.212028
494.600,92.9185,300.0000,65.6875,65.5124,13939.08,0.802470,91.212028
494.700,92.9185,300.0000,65.6250,65.5111,13939.00,0.802455,91.212028
494.800,92.9185,300.0000,65.6875,65.5098,13938.92,0.802441,91.212028
494.900,92.9185,300.0000,65.5000,65.5086,13938.84,0.802428,91.212028
495.000,92.6083,300.0000,65.6250,65.5073,13935.67,0.801880,91.243075
495.100,92.6083,300.0000,65.6250,65.5061,13932.70,0.801369,91.243075
495.200,92.6083,300.0000,65.5000,65.5049,13929.94,0.800892,91.243075
495.300,92.6083,300.0000,65.6875,65.5037,13927.36,0.800447,91.243075
495.400,92.6083,300.0000,65.5625,65.5026,13924.95,0.800032,91.243075
495.500,92.6083,300.0000,65.6875,65.5014,13922.70,0.799645,91.243075
495.600,92.6083,300.0000,65.5625,65.5003,13920.61,0.799283,91.243075
495.700,92.6083,300.0000,65.6250,65.4992,13918.65,0.798946,91.243075
495.800,92.6083,300.0000,65.6250,65.4981,13916.82,0.798632,91.243075
495.900,92.6083,300.0000,65.5625,65.4971,13915.12,0.798338,91.243075
496.000,92.8138,300.0000,65.6250,65.4960,13915.58,0.798418,91.278003
496.100,92.8138,300.0000,65.5625,65.4950,13916.01,0.798492,91.278003
496.200,92.8138,300.0000,65.5000,65.4939,13916.42,0.798562,91.278003
496.300,92.8138,300.0000,65.5000,65.4928,13916.80,0.798627,91.278003
496.400,92.8138,300.0000,65.5625,65.4918,13917.15,0.798688,91.278003
496.500,92.8138,300.0000,65.5000,65.4907,13917.48,0.798744,91.278003
496.600,92.8138,300.0000,65.5000,65.4897,13917.78,0.798797,91.278003
496.700,92.8138,300.0000,65.4375,65.4886,13918.07,0.798846,91.278003
496.800,92.8138,300.0000,65.5625,65.4875,13918.34,0.798892,91.278003
496.900,92.8138,300.0000,65.6250,65.4865,13918.59,0.798935,91.278003
497.000,93.0233,300.0000,65.6250,65.4854,13920.91,0.799336,91.316811
497.100,93.0233,300.0000,65.6250,65.4843,13923.09,0.799710,91.316811
497.200,93.0233,300.0000,65.5000,65.4832,13925.11,0.800060,91.316811
497.300,93.0233,300.0000,65.4375,65.4821,13927.00,0.800386,91.316811
497.400,93.0233,300.0000,65.5000,65.4809,13928.77,0.800690,91.316811
497.500,93.0233,300.0000,65.5000,65.4798,13930.42,0.800975,91.316811
497.600,93.0233,300.0000,65.5625,65.4786,13931.96,0.801240,91.316811
497.700,93.0233,300.0000,65.5625,65.4774,13933.39,0.801488,91.316811
497.800,93.0233,300.0000,65.4375,65.4763,13934.73,0.801719,91.316811
497.900,93.0233,300.0000,65.6250,65.4751,13935.98,0.801935,91.316811
498.000,93.0621,300.0000,65.6250,65.4739,13937.54,0.802204,91.355620
498.100,93.0621,300.0000,65.5000,65.4727,13938.99,0.802454,91.355620
498.200,93.0621,300.0000,65.5000,65.4715,13940.35,0.802688,91.355620
498.300,93.0621,300.0000,65.5000,65.4703,13941.61,0.802907,91.355620
498.400,93.0621,300.0000,65.5625,65.4690,13942.79,0.803111,91.355620
498.500,93.0621,300.0000,65.4375,65.4678,13943.89,0.803301,91.355620
498.600,93.0621,300.0000,65.5625,65.4666,13944.92,0.803479,91.355620
498.700,93.0621,300.0000,65.5000,65.4653,13945.88,0.803645,91.355620
498.800,93.0621,300.0000,65.5625,65.4641,13946.78,0.803800,91.355620
498.900,93.0621,300.0000,65.5625,65.4628,13947.61,0.803944,91.355620
499.000,92.9264,300.0000,65.5625,65.4616,13947.04,0.803844,91.390548
499.100,92.9264,300.0000,65.4375,65.4603,13946.50,0.803751,91.390548
499.200,92.9264,300.0000,65.5000,65.4591,13946.00,0.803664,91.390548
499.300,92.9264,300.0000,65.4375,65.4579,13945.53,0.803583,91.390548
499.400,92.9264,300.0000,65.5000,65.4567,13945.09,0.803508,91.390548
499.500,92.9264,300.0000,65.5625,65.4555,13944.68,0.803437,91.390548
499.600,92.9264,300.0000,65.5625,65.4543,13944.30,0.803371,91.390548
499.700,92.9264,300.0000,65.5000,65.4531,13943.94,0.803310,91.390548
499.800,92.9264,300.0000,65.5000,65.4519,13943.61,0.803252,91.390548
499.900,92.9264,300.0000,65.5625,65.4507,13943.30,0.803199,91.390548
500.000,92.9613,300.0000,65.5000,65.4495,13943.36,0.803209,91.425475
500.100,92.9613,300.0000,65.5625,65.4483,13943.42,0.803219,91.425475
500.200,92.9613,300.0000,65.5625,65.4471,13943.47,0.803228,91.425475
500.300,92.9613,300.0000,65.5000,65.4459,13943.52,0.803236,91.425475
500.400,92.9613,300.0000,65.5000,65.4448,13943.56,0.803244,91.425475
500.500,92.9613,300.0000,65.5000,65.4436,13943.60,0.803251,91.425475
500.600,92.9613,300.0000,65.5000,65.4424,13943.64,0.803258,91.425475
500.700,92.9613,300.0000,65.5625,65.4412,13943.68,0.803264,91.425475
500.800,92.9613,300.0000,65.5000,65.4401,13943.72,0.803270,91.425475
500.900,92.9613,300.0000,65.5000,65.4389,13943.75,0.803276,91.425475
501.000,92.8217,300.0000,65.4375,65.4378,13942.38,0.803040,91.456522
501.100,92.8217,300.0000,65.5000,65.4366,13941.11,0.802820,91.456522
501.200,92.8217,300.0000,65.5625,65.4355,13939.92,0.802614,91.456522
501.300,92.8217,300.0000,65.5625,65.4344,13938.81,0.802422,91.456522
501.400,92.8217,300.0000,65.5000,65.4333,13937.77,0.802243,91.456522
501.500,92.8217,300.0000,65.5625,65.4322,13936.80,0.802076,91.456522
501.600,92.8217,300.0000,65.5625,65.4311,13935.90,0.801920,91.456522
501.700,92.8217,300.0000,65.5625,65.4300,13935.06,0.801775,91.456522
501.800,92.8217,300.0000,65.5000,65.4290,13934.27,0.801639,91.456522
501.900,92.8217,300.0000,65.5000,65.4279,13933.54,0.801512,91.456522
502.000,92.8528,300.0000,65.5000,65.4268,13933.16,0.801448,91.487569
502.100,92.8528,300.0000,65.4375,65.4258,13932.81,0.801387,91.487569
502.200,92.8528,300.0000,65.5000,65.4248,13932.48,0.801331,91.487569
502.300,92.8528,300.0000,65.5000,65.4237,13932.18,0.801278,91.487569
502.400,92.8528,300.0000,65.5000,65.4227,13931.90,0.801229,91.487569
502.500,92.8528,300.0000,65.5000,65.4217,13931.63,0.801184,91.487569
502.600,92.8528,300.0000,65.4375,65.4206,13931.38,0.801141,91.487569
502.700,92.8528,300.0000,65.5000,65.4196,13931.15,0.801101,91.487569
502.800,92.8528,300.0000,65.5625,65.4186,13930.94,0.801064,91.487569
502.900,92.8528,300.0000,65.5000,65.4176,13930.73,0.801029,91.487569
503.000,92.8838,300.0000,65.5000,65.4166,13930.86,0.801050,91.518616
503.100,92.8838,300.0000,65.5625,65.4156,13930.97,0.801070,91.518616
503.200,92.8838,300.0000,65.4375,65.4146,13931.08,0.801088,91.518616
503.300,92.8838,300.0000,65.5000,65.4136,13931.18,0.801105,91.518616
503.400,92.8838,300.0000,65.4375,65.4126,13931.27,0.801122,91.518616
503.500,92.8838,300.0000,65.5000,65.4116,13931.36,0.801136,91.518616
503.600,92.8838,300.0000,65.5000,65.4106,13931.44,0.801150,91.518616
503.700,92.8838,300.0000,65.4375,65.4096,13931.51,0.801163,91.518616
503.800,92.8838,300.0000,65.5000,65.4086,13931.58,0.801176,91.518616
503.900,92.8838,300.0000,65.4375,65.4076,13931.65,0.801187,91.518616
504.000,92.7403,300.0000,65.4375,65.4066,13930.28,0.800950,91.545782
504.100,92.7403,300.0000,65.5625,65.4056,13928.99,0.800729,91.545782
504.200,92.7403,300.0000,65.5000,65.4047,13927.80,0.800523,91.545782
504.300,92.7403,300.0000,65.5000,65.4037,13926.68,0.800330,91.545782
504.400,92.7403,300.0000,65.4375,65.4028,13925.64,0.800151,91.545782
504.500,92.7403,300.0000,65.5625,65.4019,13924.67,0.799983,91.545782
504.600,92.7403,300.0000,65.4375,65.4009,13923.76,0.799826,91.545782
504.700,92.7403,300.0000,65.4375,65.4000,13922.91,0.799680,91.545782
504.800,92.7403,300.0000,65.5000,65.3991,13922.12,0.799544,91.545782
504.900,92.7403,300.0000,65.4375,65.3982,13921.38,0.799417,91.545782
505.000,92.7675,300.0000,65.5625,65.3974,13920.97,0.799345,91.572948
505.100,92.7675,300.0000,65.4375,65.3965,13920.58,0.799278,91.572948
505.200,92.7675,300.0000,65.5000,65.3956,13920.21,0.799215,91.572948
505.300,92.7675,300.0000,65.4375,65.3947,13919.87,0.799157,91.572948
505.400,92.7675,300.0000,65.4375,65.3939,13919.56,0.799102,91.572948
505.500,92.7675,300.0000,65.5000,65.3930,13919.26,0.799052,91.572948
505.600,92.7675,300.0000,65.3750,65.3922,13918.99,0.799004,91.572948
505.700,92.7675,300.0000,65.4375,65.3913,13918.73,0.798960,91.572948
505.800,92.7675,300.0000,65.5000,65.3905,13918.49,0.798918,91.572948
505.900,92.7675,300.0000,65.3750,65.3896,13918.26,0.798880,91.572948
506.000,92.6201,300.0000,65.4375,65.3888,13916.58,0.798590,91.596234
506.100,92.6201,300.0000,65.5000,65.3880,13915.01,0.798320,91.596234
506.200,92.6201,300.0000,65.4375,65.3872,13913.54,0.798067,91.596234
506.300,92.6201,300.0000,65.4375,65.3864,13912.18,0.797832,91.596234
506.400,92.6201,300.0000,65.4375,65.3856,13910.90,0.797612,91.596234
506.500,92.6201,300.0000,65.4375,65.3848,13909.71,0.797407,91.596234
506.600,92.6201,300.0000,65.5625,65.3841,13908.59,0.797216,91.596234
506.700,92.6201,300.0000,65.5000,65.3833,13907.56,0.797037,91.596234
506.800,92.6201,300.0000,65.5000,65.3826,13906.59,0.796871,91.596234
506.900,92.6201,300.0000,65.5000,65.3819,13905.68,0.796715,91.596234
507.000,92.9925,300.0000,65.4375,65.3811,13908.56,0.797210,91.627281
507.100,92.9925,300.0000,65.3750,65.3804,13911.25,0.797672,91.627281
507.200,92.9925,300.0000,65.4375,65.3796,13913.76,0.798104,91.627281
507.300,92.9925,300.0000,65.4375,65.3788,13916.10,0.798507,91.627281
507.400,92.9925,300.0000,65.4375,65.3780,13918.28,0.798883,91.627281
507.500,92.9925,300.0000,65.3750,65.3771,13920.32,0.799234,91.627281
507.600,92.9925,300.0000,65.4375,65.3763,13922.23,0.799562,91.627281
507.700,92.9925,300.0000,65.3750,65.3754,13924.00,0.799868,91.627281
507.800,92.9925,300.0000,65.3750,65.3746,13925.66,0.800154,91.627281
507.900,92.9925,300.0000,65.5000,65.3737,13927.21,0.800421,91.627281
508.000,93.0235,300.0000,65.4375,65.3728,13928.96,0.800723,91.658328
508.100,93.0235,300.0000,65.4375,65.3719,13930.60,0.801006,91.658328
508.200,93.0235,300.0000,65.5000,65.3710,13932.13,0.801270,91.658328
508.300,93.0235,300.0000,65.5000,65.3700,13933.56,0.801516,91.658328
508.400,93.0235,300.0000,65.3750,65.3691,13934.89,0.801746,91.658328
508.500,93.0235,300.0000,65.4375,65.3681,13936.13,0.801960,91.658328
508.600,93.0235,300.0000,65.5000,65.3672,13937.29,0.802160,91.658328
508.700,93.0235,300.0000,65.3125,65.3662,13938.37,0.802347,91.658328
508.800,93.0235,300.0000,65.5000,65.3653,13939.38,0.802522,91.658328
508.900,93.0235,300.0000,65.4375,65.3643,13940.33,0.802685,91.658328
509.000,92.8800,300.0000,65.4375,65.3633,13939.77,0.802589,91.685494
509.100,92.8800,300.0000,65.5000,65.3624,13939.25,0.802499,91.685494
509.200,92.8800,300.0000,65.4375,65.3614,13938.77,0.802416,91.685494
509.300,92.8800,300.0000,65.5000,65.3605,13938.32,0.802338,91.685494
509.400,92.8800,300.0000,65.4375,65.3595,13937.90,0.802265,91.685494
509.500,92.8800,300.0000,65.3750,65.3586,13937.51,0.802198,91.685494
509.600,92.8800,300.0000,65.4375,65.3577,13937.14,0.802134,91.685494
509.700,92.8800,300.0000,65.3125,65.3567,13936.80,0.802075,91.685494
509.800,92.8800,300.0000,65.5000,65.3558,13936.48,0.802020,91.685494
509.900,92.8800,300.0000,65.5000,65.3549,13936.18,0.801969,91.685494
510.000,93.0817,300.0000,65.4375,65.3540,13937.92,0.802269,91.716541
510.100,93.0817,300.0000,65.5000,65.3530,13939.54,0.802549,91.716541
510.200,93.0817,300.0000,65.5000,65.3521,13941.06,0.802811,91.716541
510.300,93.0817,300.0000,65.4375,65.3511,13942.47,0.803055,91.716541
510.400,93.0817,300.0000,65.4375,65.3501,13943.79,0.803283,91.716541
510.500,93.0817,300.0000,65.4375,65.3492,13945.02,0.803496,91.716541
510.600,93.0817,300.0000,65.4375,65.3482,13946.17,0.803695,91.716541
510.700,93.0817,300.0000,65.5000,65.3472,13947.24,0.803880,91.716541
510.800,93.0817,300.0000,65.4375,65.3462,13948.24,0.804053,91.716541
510.900,93.0817,300.0000,65.3750,65.3452,13949.18,0.804215,91.716541
511.000,92.7637,300.0000,65.3125,65.3442,13946.87,0.803816,91.739826
511.100,92.7637,300.0000,65.4375,65.3433,13944.72,0.803443,91.739826
511.200,92.7637,300.0000,65.3750,65.3423,13942.71,0.803096,91.739826
511.300,92.7637,300.0000,65.3750,65.3414,13940.83,0.802772,91.739826
511.400,92.7637,300.0000,65.4375,65.3405,13939.08,0.802469,91.739826
511.500,92.7637,300.0000,65.3125,65.3396,13937.44,0.802187,91.739826
511.600,92.7637,300.0000,65.4375,65.3387,13935.92,0.801923,91.739826
511.700,92.7637,300.0000,65.3750,65.3378,13934.49,0.801678,91.739826
511.800,92.7637,300.0000,65.3750,65.3370,13933.16,0.801448,91.739826
511.900,92.7637,300.0000,65.4375,65.3362,13931.92,0.801234,91.739826
512.000,92.9615,300.0000,65.3750,65.3353,13932.74,0.801376,91.766992
512.100,92.9615,300.0000,65.3750,65.3345,13933.51,0.801508,91.766992
512.200,92.9615,300.0000,65.3125,65.3336,13934.22,0.801631,91.766992
512.300,92.9615,300.0000,65.3125,65.3328,13934.89,0.801746,91.766992
512.400,92.9615,300.0000,65.3750,65.3319,13935.51,0.801854,91.766992
512.500,92.9615,300.0000,65.3750,65.3310,13936.10,0.801954,91.766992
512.600,92.9615,300.0000,65.4375,65.3302,13936.64,0.802048,91.766992
512.700,92.9615,300.0000,65.3750,65.3293,13937.14,0.802135,91.766992
512.800,92.9615,300.0000,65.3750,65.3284,13937.62,0.802217,91.766992
512.900,92.9615,300.0000,65.3125,65.3276,13938.06,0.802293,91.766992
513.000,92.6396,300.0000,65.4375,65.3267,13935.25,0.801808,91.786396
513.100,92.6396,300.0000,65.3750,65.3259,13932.63,0.801356,91.786396
513.200,92.6396,300.0000,65.4375,65.3251,13930.18,0.800934,91.786396
513.300,92.6396,300.0000,65.3125,65.3243,13927.90,0.800541,91.786396
513.400,92.6396,300.0000,65.3125,65.3235,13925.77,0.800173,91.786396
513.500,92.6396,300.0000,65.3750,65.3228,13923.78,0.799831,91.786396
513.600,92.6396,300.0000,65.3125,65.3221,13921.93,0.799511,91.786396
513.700,92.6396,300.0000,65.3750,65.3214,13920.20,0.799212,91.786396
513.800,92.6396,300.0000,65.3750,65.3207,13918.58,0.798934,91.786396
513.900,92.6396,300.0000,65.3125,65.3200,13917.07,0.798674,91.786396
514.000,92.6590,300.0000,65.3750,65.3193,13915.86,0.798465,91.805800
514.100,92.6590,300.0000,65.3750,65.3187,13914.72,0.798270,91.805800
514.200,92.6590,300.0000,65.3125,65.3180,13913.66,0.798088,91.805800
514.300,92.6590,300.0000,65.4375,65.3174,13912.68,0.797918,91.805800
514.400,92.6590,300.0000,65.4375,65.3168,13911.76,0.797760,91.805800
514.500,92.6590,300.0000,65.3750,65.3161,13910.90,0.797612,91.805800
514.600,92.6590,300.0000,65.3750,65.3155,13910.09,0.797474,91.805800
514.700,92.6590,300.0000,65.4375,65.3149,13909.34,0.797345,91.805800
514.800,92.6590,300.0000,65.3750,65.3143,13908.65,0.797225,91.805800
514.900,92.6590,300.0000,65.3750,65.3137,13907.99,0.797112,91.805800
515.000,92.8530,300.0000,65.2500,65.3131,13909.32,0.797341,91.829086
515.100,92.8530,300.0000,65.4375,65.3125,13910.56,0.797555,91.829086
515.200,92.8530,300.0000,65.4375,65.3119,13911.72,0.797754,91.829086
515.300,92.8530,300.0000,65.3750,65.3113,13912.81,0.797940,91.829086
515.400,92.8530,300.0000,65.4375,65.3107,13913.81,0.798114,91.829086
515.500,92.8530,300.0000,65.2500,65.3100,13914.76,0.798276,91.829086
515.600,92.8530,300.0000,65.3125,65.3094,13915.64,0.798427,91.829086
515.700,92.8530,300.0000,65.3125,65.3087,13916.46,0.798569,91.829086
515.800,92.8530,300.0000,65.2500,65.3081,13917.22,0.798701,91.829086
515.900,92.8530,300.0000,65.3750,65.3074,13917.94,0.798824,91.829086
516.000,92.8763,300.0000,65.3125,65.3067,13918.84,0.798979,91.852371
516.100,92.8763,300.0000,65.3750,65.3061,13919.68,0.799123,91.852371
516.200,92.8763,300.0000,65.4375,65.3054,13920.46,0.799258,91.852371
516.300,92.8763,300.0000,65.3750,65.3047,13921.19,0.799384,91.852371
516.400,92.8763,300.0000,65.3750,65.3040,13921.88,0.799502,91.852371
516.500,92.8763,300.0000,65.3125,65.3033,13922.51,0.799612,91.852371
516.600,92.8763,300.0000,65.3750,65.3027,13923.11,0.799715,91.852371
516.700,92.8763,300.0000,65.3750,65.3020,13923.67,0.799810,91.852371
516.800,92.8763,300.0000,65.4375,65.3013,13924.18,0.799900,91.852371
516.900,92.8763,300.0000,65.3125,65.3006,13924.67,0.799983,91.852371
517.000,92.7250,300.0000,65.4375,65.2999,13923.61,0.799800,91.871775
517.100,92.7250,300.0000,65.2500,65.2992,13922.62,0.799629,91.871775
517.200,92.7250,300.0000,65.3750,65.2985,13921.69,0.799470,91.871775
517.300,92.7250,300.0000,65.3125,65.2979,13920.83,0.799322,91.871775
517.400,92.7250,300.0000,65.3750,65.2972,13920.02,0.799183,91.871775
517.500,92.7250,300.0000,65.3125,65.2966,13919.27,0.799054,91.871775
517.600,92.7250,300.0000,65.3750,65.2959,13918.57,0.798933,91.871775
517.700,92.7250,300.0000,65.4375,65.2953,13917.92,0.798820,91.871775
517.800,92.7250,300.0000,65.3125,65.2947,13917.31,0.798715,91.871775
517.900,92.7250,300.0000,65.3125,65.2941,13916.74,0.798617,91.871775
518.000,92.7444,300.0000,65.2500,65.2934,13916.40,0.798558,91.891180
518.100,92.7444,300.0000,65.3125,65.2928,13916.08,0.798504,91.891180
518.200,92.7444,300.0000,65.3750,65.2922,13915.79,0.798453,91.891180
518.300,92.7444,300.0000,65.3750,65.2916,13915.51,0.798406,91.891180
518.400,92.7444,300.0000,65.3750,65.2910,13915.26,0.798362,91.891180
518.500,92.7444,300.0000,65.3125,65.2904,13915.02,0.798321,91.891180
518.600,92.7444,300.0000,65.3750,65.2898,13914.79,0.798282,91.891180
518.700,92.7444,300.0000,65.2500,65.2892,13914.58,0.798246,91.891180
518.800,92.7444,300.0000,65.3125,65.2886,13914.39,0.798213,91.891180
518.900,92.7444,300.0000,65.2500,65.2881,13914.21,0.798182,91.891180
519.000,92.5893,300.0000,65.4375,65.2875,13912.49,0.797885,91.906703
519.100,92.5893,300.0000,65.3750,65.2869,13910.88,0.797609,91.906703
519.200,92.5893,300.0000,65.3750,65.2864,13909.38,0.797351,91.906703
519.300,92.5893,300.0000,65.3750,65.2859,13907.98,0.797111,91.906703
519.400,92.5893,300.0000,65.3750,65.2854,13906.68,0.796886,91.906703
519.500,92.5893,300.0000,65.3750,65.2848,13905.46,0.796677,91.906703
519.600,92.5893,300.0000,65.3750,65.2844,13904.32,0.796481,91.906703
519.700,92.5893,300.0000,65.3750,65.2839,13903.26,0.796299,91.906703
519.800,92.5893,300.0000,65.3125,65.2834,13902.27,0.796129,91.906703
519.900,92.5893,300.0000,65.3750,65.2829,13901.34,0.795970,91.906703
520.000,92.9539,300.0000,65.3125,65.2824,13904.13,0.796448,91.929988
520.100,92.9539,300.0000,65.3125,65.2819,13906.72,0.796894,91.929988
520.200,92.9539,300.0000,65.3125,65.2814,13909.15,0.797311,91.929988
520.300,92.9539,300.0000,65.2500,65.2809,13911.41,0.797700,91.929988
520.400,92.9539,300.0000,65.2500,65.2803,13913.52,0.798063,91.929988
520.500,92.9539,300.0000,65.3750,65.2797,13915.49,0.798403,91.929988
520.600,92.9539,300.0000,65.3125,65.2791,13917.33,0.798719,91.929988
520.700,92.9539,300.0000,65.3125,65.2785,13919.05,0.799015,91.929988
520.800,92.9539,300.0000,65.2500,65.2779,13920.65,0.799291,91.929988
520.900,92.9539,300.0000,65.2500,65.2773,13922.15,0.799548,91.929988
521.000,92.6281,300.0000,65.3125,65.2767,13920.28,0.799228,91.945512
521.100,92.6281,300.0000,65.3125,65.2761,13918.55,0.798928,91.945512
521.200,92.6281,300.0000,65.3125,65.2755,13916.92,0.798649,91.945512
521.300,92.6281,300.0000,65.3125,65.2749,13915.41,0.798388,91.945512
521.400,92.6281,300.0000,65.3125,65.2744,13914.00,0.798145,91.945512
521.500,92.6281,300.0000,65.3750,65.2738,13912.68,0.797918,91.945512
521.600,92.6281,300.0000,65.2500,65.2733,13911.45,0.797707,91.945512
521.700,92.6281,300.0000,65.2500,65.2728,13910.30,0.797509,91.945512
521.800,92.6281,300.0000,65.2500,65.2723,13909.23,0.797325,91.945512
521.900,92.6281,300.0000,65.3750,65.2718,13908.23,0.797153,91.945512
522.000,92.9927,300.0000,65.3125,65.2713,13910.94,0.797619,91.968797
522.100,92.9927,300.0000,65.3125,65.2707,13913.47,0.798054,91.968797
522.200,92.9927,300.0000,65.3125,65.2702,13915.83,0.798461,91.968797
522.300,92.9927,300.0000,65.3125,65.2696,13918.04,0.798841,91.968797
522.400,92.9927,300.0000,65.3750,65.2690,13920.09,0.799195,91.968797
522.500,92.9927,300.0000,65.3125,65.2684,13922.01,0.799526,91.968797
522.600,92.9927,300.0000,65.2500,65.2678,13923.81,0.799835,91.968797
522.700,92.9927,300.0000,65.3125,65.2671,13925.48,0.800123,91.968797
522.800,92.9927,300.0000,65.2500,65.2665,13927.04,0.800392,91.968797
522.900,92.9927,300.0000,65.1875,65.2658,13928.50,0.800644,91.968797
523.000,92.4924,300.0000,65.4375,65.2652,13924.86,0.800016,91.980440
523.100,92.4924,300.0000,65.3125,65.2646,13921.46,0.799430,91.980440
523.200,92.4924,300.0000,65.2500,65.2641,13918.28,0.798883,91.980440
523.300,92.4924,300.0000,65.3125,65.2635,13915.32,0.798373,91.980440
523.400,92.4924,300.0000,65.3125,65.2630,13912.56,0.797898,91.980440
523.500,92.4924,300.0000,65.2500,65.2625,13909.98,0.797454,91.980440
523.600,92.4924,300.0000,65.3125,65.2620,13907.57,0.797040,91.980440
523.700,92.4924,300.0000,65.3125,65.2616,13905.32,0.796653,91.980440
523.800,92.4924,300.0000,65.2500,65.2612,13903.22,0.796293,91.980440
523.900,92.4924,300.0000,65.2500,65.2607,13901.27,0.795957,91.980440
524.000,92.6786,300.0000,65.3125,65.2603,13901.30,0.795962,91.995963
524.100,92.6786,300.0000,65.2500,65.2599,13901.33,0.795968,91.995963
524.200,92.6786,300.0000,65.3125,65.2595,13901.36,0.795973,91.995963
524.300,92.6786,300.0000,65.3125,65.2591,13901.39,0.795978,91.995963
524.400,92.6786,300.0000,65.3125,65.2587,13901.42,0.795982,91.995963
524.500,92.6786,300.0000,65.3125,65.2583,13901.44,0.795987,91.995963
524.600,92.6786,300.0000,65.3125,65.2578,13901.47,0.795991,91.995963
524.700,92.6786,300.0000,65.2500,65.2574,13901.49,0.795994,91.995963
524.800,92.6786,300.0000,65.3125,65.2570,13901.51,0.795998,91.995963
524.900,92.6786,300.0000,65.2500,65.2566,13901.52,0.796001,91.995963
525.000,92.6941,300.0000,65.3125,65.2562,13901.70,0.796030,92.011486
525.100,92.6941,300.0000,65.2500,65.2558,13901.86,0.796058,92.011486
525.200,92.6941,300.0000,65.3125,65.2554,13902.01,0.796084,92.011486
525.300,92.6941,300.0000,65.2500,65.2550,13902.15,0.796108,92.011486
525.400,92.6941,300.0000,65.3750,65.2546,13902.28,0.796131,92.011486
525.500,92.6941,300.0000,65.3750,65.2542,13902.40,0.796152,92.011486
525.600,92.6941,300.0000,65.2500,65.2537,13902.52,0.796171,92.011486
525.700,92.6941,300.0000,65.3125,65.2533,13902.62,0.796189,92.011486
525.800,92.6941,300.0000,65.3125,65.2529,13902.72,0.796207,92.011486
525.900,92.6941,300.0000,65.3750,65.2525,13902.81,0.796222,92.011486
526.000,93.0587,300.0000,65.3125,65.2521,13906.55,0.796864,92.034772
526.100,93.0587,300.0000,65.2500,65.2516,13910.03,0.797463,92.034772
526.200,93.0587,300.0000,65.2500,65.2511,13913.28,0.798022,92.034772
526.300,93.0587,300.0000,65.3750,65.2506,13916.32,0.798544,92.034772
526.400,93.0587,300.0000,65.2500,65.2500,13919.15,0.799032,92.034772
526.500,93.0587,300.0000,65.2500,65.2495,13921.79,0.799487,92.034772
526.600,93.0587,300.0000,65.3125,65.2489,13924.26,0.799913,92.034772
526.700,93.0587,300.0000,65.3125,65.2483,13926.56,0.800310,92.034772
526.800,93.0587,300.0000,65.2500,65.2477,13928.71,0.800680,92.034772
526.900,93.0587,300.0000,65.2500,65.2471,13930.72,0.801026,92.034772
527.000,92.7329,300.0000,65.2500,65.2464,13929.33,0.800787,92.050295
527.100,92.7329,300.0000,65.3125,65.2458,13928.04,0.800564,92.050295
527.200,92.7329,300.0000,65.3125,65.2452,13926.83,0.800356,92.050295
527.300,92.7329,300.0000,65.3125,65.2447,13925.70,0.800162,92.050295
527.400,92.7329,300.0000,65.2500,65.2441,13924.65,0.799981,92.050295
527.500,92.7329,300.0000,65.3750,65.2435,13923.67,0.799811,92.050295
527.600,92.7329,300.0000,65.2500,65.2430,13922.76,0.799654,92.050295
527.700,92.7329,300.0000,65.1875,65.2424,13921.90,0.799506,92.050295
527.800,92.7329,300.0000,65.2500,65.2419,13921.10,0.799369,92.050295
527.900,92.7329,300.0000,65.2500,65.2413,13920.36,0.799241,92.050295
528.000,92.7484,300.0000,65.2500,65.2408,13919.82,0.799148,92.065819
528.100,92.7484,300.0000,65.3125,65.2403,13919.32,0.799061,92.065819
528.200,92.7484,300.0000,65.3125,65.2398,13918.85,0.798980,92.065819
528.300,92.7484,300.0000,65.3125,65.2393,13918.41,0.798904,92.065819
528.400,92.7484,300.0000,65.3125,65.2388,13918.00,0.798834,92.065819
528.500,92.7484,300.0000,65.2500,65.2383,13917.61,0.798768,92.065819
528.600,92.7484,300.0000,65.2500,65.2378,13917.26,0.798707,92.065819
528.700,92.7484,300.0000,65.1875,65.2373,13916.92,0.798649,92.065819
528.800,92.7484,300.0000,65.3750,65.2368,13916.61,0.798596,92.065819
528.900,92.7484,300.0000,65.2500,65.2363,13916.32,0.798546,92.065819
529.000,92.7639,300.0000,65.2500,65.2358,13916.21,0.798526,92.081342
529.100,92.7639,300.0000,65.2500,65.2353,13916.10,0.798507,92.081342
529.200,92.7639,300.0000,65.3125,65.2348,13916.00,0.798490,92.081342
529.300,92.7639,300.0000,65.1875,65.2344,13915.91,0.798474,92.081342
529.400,92.7639,300.0000,65.3125,65.2339,13915.82,0.798459,92.081342
529.500,92.7639,300.0000,65.2500,65.2334,13915.74,0.798445,92.081342
529.600,92.7639,300.0000,65.1875,65.2329,13915.66,0.798431,92.081342
529.700,92.7639,300.0000,65.2500,65.2325,13915.59,0.798419,92.081342
529.800,92.7639,300.0000,65.1875,65.2320,13915.52,0.798408,92.081342
529.900,92.7639,300.0000,65.1875,65.2315,13915.46,0.798397,92.081342
530.000,92.6049,300.0000,65.1875,65.2311,13913.81,0.798113,92.092985
530.100,92.6049,300.0000,65.2500,65.2306,13912.27,0.797849,92.092985
530.200,92.6049,300.0000,65.2500,65.2302,13910.84,0.797602,92.092985
530.300,92.6049,300.0000,65.1875,65.2298,13909.50,0.797371,92.092985
530.400,92.6049,300.0000,65.2500,65.2294,13908.25,0.797156,92.092985
530.500,92.6049,300.0000,65.1875,65.2290,13907.08,0.796956,92.092985
530.600,92.6049,300.0000,65.3125,65.2286,13905.99,0.796768,92.092985
530.700,92.6049,300.0000,65.3125,65.2282,13904.97,0.796594,92.092985
530.800,92.6049,300.0000,65.2500,65.2279,13904.03,0.796431,92.092985
530.900,92.6049,300.0000,65.3125,65.2275,13903.14,0.796278,92.092985
531.000,92.9656,300.0000,65.1875,65.2271,13905.92,0.796756,92.112389
531.100,92.9656,300.0000,65.2500,65.2267,13908.52,0.797202,92.112389
531.200,92.9656,300.0000,65.3125,65.2263,13910.94,0.797619,92.112389
531.300,92.9656,300.0000,65.2500,65.2259,13913.20,0.798008,92.112389
531.400,92.9656,300.0000,65.2500,65.2254,13915.31,0.798371,92.112389
531.500,92.9656,300.0000,65.1875,65.2249,13917.28,0.798710,92.112389
531.600,92.9656,300.0000,65.3125,65.2245,13919.11,0.799026,92.112389
531.700,92.9656,300.0000,65.2500,65.2240,13920.83,0.799322,92.112389
531.800,92.9656,300.0000,65.1875,65.2235,13922.43,0.799598,92.112389
531.900,92.9656,300.0000,65.3125,65.2229,13923.93,0.799855,92.112389
532.000,92.9850,300.0000,65.2500,65.2224,13925.51,0.800129,92.131793
532.100,92.9850,300.0000,65.2500,65.2219,13927.00,0.800384,92.131793
532.200,92.9850,300.0000,65.1875,65.2213,13928.38,0.800623,92.131793
532.300,92.9850,300.0000,65.2500,65.2207,13929.67,0.800846,92.131793
532.400,92.9850,300.0000,65.2500,65.2202,13930.88,0.801054,92.131793
532.500,92.9850,300.0000,65.1875,65.2196,13932.00,0.801248,92.131793
532.600,92.9850,300.0000,65.2500,65.2190,13933.05,0.801429,92.131793
532.700,92.9850,300.0000,65.3125,65.2184,13934.03,0.801598,92.131793
532.800,92.9850,300.0000,65.3125,65.2178,13934.95,0.801756,92.131793
532.900,92.9850,300.0000,65.2500,65.2172,13935.80,0.801904,92.131793
533.000,92.8299,300.0000,65.1875,65.2166,13935.05,0.801773,92.147317
533.100,92.8299,300.0000,65.1875,65.2160,13934.34,0.801652,92.147317
533.200,92.8299,300.0000,65.3125,65.2154,13933.69,0.801538,92.147317
533.300,92.8299,300.0000,65.2500,65.2148,13933.07,0.801433,92.147317
533.400,92.8299,300.0000,65.1250,65.2143,13932.50,0.801334,92.147317
533.500,92.8299,300.0000,65.1250,65.2137,13931.97,0.801242,92.147317
533.600,92.8299,300.0000,65.1250,65.2131,13931.47,0.801156,92.147317
533.700,92.8299,300.0000,65.2500,65.2126,13931.00,0.801075,92.147317
533.800,92.8299,300.0000,65.1875,65.2120,13930.57,0.801000,92.147317
533.900,92.8299,300.0000,65.2500,65.2115,13930.16,0.800930,92.147317
534.000,92.8454,300.0000,65.2500,65.2109,13929.94,0.800892,92.162840
534.100,92.8454,300.0000,65.3125,65.2104,13929.73,0.800856,92.162840
534.200,92.8454,300.0000,65.3125,65.2099,13929.54,0.800823,92.162840
534.300,92.8454,300.0000,65.2500,65.2093,13929.36,0.800791,92.162840
534.400,92.8454,300.0000,65.1875,65.2088,13929.19,0.800762,92.162840
534.500,92.8454,300.0000,65.2500,65.2083,13929.03,0.800735,92.162840
534.600,92.8454,300.0000,65.2500,65.2077,13928.88,0.800709,92.162840
534.700,92.8454,300.0000,65.2500,65.2072,13928.74,0.800686,92.162840
534.800,92.8454,300.0000,65.2500,65.2067,13928.61,0.800663,92.162840
534.900,92.8454,300.0000,65.2500,65.2062,13928.49,0.800643,92.162840
535.000,92.8610,300.0000,65.2500,65.2056,13928.54,0.800650,92.178364
535.100,92.8610,300.0000,65.2500,65.2051,13928.58,0.800657,92.178364
535.200,92.8610,300.0000,65.3125,65.2046,13928.62,0.800664,92.178364
535.300,92.8610,300.0000,65.1875,65.2041,13928.65,0.800670,92.178364
535.400,92.8610,300.0000,65.2500,65.2036,13928.68,0.800675,92.178364
535.500,92.8610,300.0000,65.1875,65.2031,13928.71,0.800681,92.178364
535.600,92.8610,300.0000,65.2500,65.2025,13928.74,0.800686,92.178364
535.700,92.8610,300.0000,65.2500,65.2020,13928.77,0.800690,92.178364
535.800,92.8610,300.0000,65.2500,65.2015,13928.80,0.800695,92.178364
535.900,92.8610,300.0000,65.2500,65.2010,13928.82,0.800699,92.178364
536.000,92.8765,300.0000,65.1875,65.2005,13929.00,0.800729,92.193887
536.100,92.8765,300.0000,65.1875,65.2000,13929.16,0.800758,92.193887
536.200,92.8765,300.0000,65.2500,65.1995,13929.31,0.800784,92.193887
536.300,92.8765,300.0000,65.2500,65.1990,13929.46,0.800809,92.193887
536.400,92.8765,300.0000,65.1875,65.1984,13929.59,0.800832,92.193887
536.500,92.8765,300.0000,65.1875,65.1979,13929.72,0.800854,92.193887
536.600,92.8765,300.0000,65.2500,65.1974,13929.84,0.800874,92.193887
536.700,92.8765,300.0000,65.2500,65.1969,13929.94,0.800893,92.193887
536.800,92.8765,300.0000,65.2500,65.1964,13930.05,0.800910,92.193887
536.900,92.8765,300.0000,65.1875,65.1959,13930.14,0.800927,92.193887
537.000,92.7175,300.0000,65.1875,65.1954,13928.64,0.800668,92.205530
537.100,92.7175,300.0000,65.1875,65.1949,13927.24,0.800426,92.205530
537.200,92.7175,300.0000,65.3125,65.1944,13925.93,0.800201,92.205530
537.300,92.7175,300.0000,65.1250,65.1940,13924.71,0.799990,92.205530
537.400,92.7175,300.0000,65.1875,65.1935,13923.57,0.799794,92.205530
537.500,92.7175,300.0000,65.1875,65.1931,13922.51,0.799611,92.205530
537.600,92.7175,300.0000,65.1875,65.1926,13921.52,0.799440,92.205530
537.700,92.7175,300.0000,65.1875,65.1922,13920.59,0.799280,92.205530
537.800,92.7175,300.0000,65.2500,65.1918,13919.72,0.799131,92.205530
537.900,92.7175,300.0000,65.1875,65.1914,13918.92,0.798992,92.205530
538.000,92.7291,300.0000,65.1875,65.1910,13918.28,0.798883,92.217172
538.100,92.7291,300.0000,65.1875,65.1906,13917.69,0.798780,92.217172
538.200,92.7291,300.0000,65.1875,65.1902,13917.13,0.798685,92.217172
538.300,92.7291,300.0000,65.1250,65.1898,13916.61,0.798596,92.217172
538.400,92.7291,300.0000,65.1250,65.1894,13916.13,0.798513,92.217172
538.500,92.7291,300.0000,65.2500,65.1890,13915.68,0.798435,92.217172
538.600,92.7291,300.0000,65.2500,65.1887,13915.26,0.798363,92.217172
538.700,92.7291,300.0000,65.1250,65.1883,13914.87,0.798295,92.217172
538.800,92.7291,300.0000,65.1875,65.1879,13914.50,0.798232,92.217172
538.900,92.7291,300.0000,65.1875,65.1876,13914.16,0.798173,92.217172
539.000,92.7408,300.0000,65.2500,65.1872,13913.96,0.798138,92.228815
539.100,92.7408,300.0000,65.2500,65.1869,13913.77,0.798106,92.228815
539.200,92.7408,300.0000,65.1875,65.1865,13913.59,0.798075,92.228815
539.300,92.7408,300.0000,65.2500,65.1862,13913.42,0.798047,92.228815
539.400,92.7408,300.0000,65.2500,65.1858,13913.27,0.798020,92.228815
539.500,92.7408,300.0000,65.2500,65.1855,13913.13,0.797995,92.228815
539.600,92.7408,300.0000,65.1875,65.1851,13912.99,0.797972,92.228815
539.700,92.7408,300.0000,65.2500,65.1848,13912.87,0.797951,92.228815
539.800,92.7408,300.0000,65.1875,65.1844,13912.75,0.797931,92.228815
539.900,92.7408,300.0000,65.1875,65.1841,13912.64,0.797912,92.228815
540.000,92.7524,300.0000,65.2500,65.1838,13912.66,0.797915,92.240458
540.100,92.7524,300.0000,65.2500,65.1834,13912.67,0.797917,92.240458
540.200,92.7524,300.0000,65.2500,65.1831,13912.68,0.797919,92.240458
540.300,92.7524,300.0000,65.2500,65.1827,13912.69,0.797921,92.240458
540.400,92.7524,300.0000,65.1875,65.1824,13912.71,0.797923,92.240458
540.500,92.7524,300.0000,65.1875,65.1821,13912.72,0.797925,92.240458
540.600,92.7524,300.0000,65.1875,65.1817,13912.73,0.797926,92.240458
540.700,92.7524,300.0000,65.1250,65.1814,13912.73,0.797928,92.240458
540.800,92.7524,300.0000,65.1250,65.1811,13912.74,0.797929,92.240458
540.900,92.7524,300.0000,65.2500,65.1807,13912.75,0.797931,92.240458
541.000,92.9386,300.0000,65.1875,65.1804,13914.62,0.798252,92.255981
541.100,92.9386,300.0000,65.2500,65.1800,13916.36,0.798553,92.255981
541.200,92.9386,300.0000,65.2500,65.1796,13917.99,0.798833,92.255981
541.300,92.9386,300.0000,65.1875,65.1793,13919.51,0.799095,92.255981
541.400,92.9386,300.0000,65.1875,65.1789,13920.93,0.799339,92.255981
541.500,92.9386,300.0000,65.1250,65.1785,13922.25,0.799567,92.255981
541.600,92.9386,300.0000,65.1250,65.1780,13923.49,0.799780,92.255981
541.700,92.9386,300.0000,65.1875,65.1776,13924.64,0.799979,92.255981
541.800,92.9386,300.0000,65.1250,65.1772,13925.72,0.800164,92.255981
541.900,92.9386,300.0000,65.1875,65.1767,13926.72,0.800337,92.255981
542.000,92.7796,300.0000,65.2500,65.1763,13926.07,0.800225,92.267624
542.100,92.7796,300.0000,65.1875,65.1759,13925.46,0.800120,92.267624
542.200,92.7796,300.0000,65.1875,65.1754,13924.89,0.800022,92.267624
542.300,92.7796,300.0000,65.2500,65.1750,13924.36,0.799930,92.267624
542.400,92.7796,300.0000,65.2500,65.1746,13923.87,0.799845,92.267624
542.500,92.7796,300.0000,65.1875,65.1742,13923.41,0.799766,92.267624
542.600,92.7796,300.0000,65.1250,65.1738,13922.97,0.799691,92.267624
542.700,92.7796,300.0000,65.3125,65.1734,13922.57,0.799622,92.267624
542.800,92.7796,300.0000,65.1875,65.1730,13922.20,0.799557,92.267624
542.900,92.7796,300.0000,65.1875,65.1726,13921.85,0.799497,92.267624
543.000,92.7912,300.0000,65.2500,65.1722,13921.63,0.799460,92.279266
543.100,92.7912,300.0000,65.1875,65.1718,13921.44,0.799426,92.279266
543.200,92.7912,300.0000,65.1875,65.1715,13921.25,0.799395,92.279266
543.300,92.7912,300.0000,65.1250,65.1711,13921.08,0.799365,92.279266
543.400,92.7912,300.0000,65.2500,65.1707,13920.92,0.799338,92.279266
543.500,92.7912,300.0000,65.1250,65.1703,13920.77,0.799312,92.279266
543.600,92.7912,300.0000,65.2500,65.1700,13920.63,0.799288,92.279266
543.700,92.7912,300.0000,65.1875,65.1696,13920.50,0.799266,92.279266
543.800,92.7912,300.0000,65.2500,65.1692,13920.38,0.799245,92.279266
543.900,92.7912,300.0000,65.1875,65.1688,13920.27,0.799225,92.279266
544.000,92.8029,300.0000,65.1250,65.1685,13920.28,0.799227,92.290909
544.100,92.8029,300.0000,65.1875,65.1681,13920.29,0.799229,92.290909
544.200,92.8029,300.0000,65.1875,65.1677,13920.30,0.799230,92.290909
544.300,92.8029,300.0000,65.2500,65.1674,13920.31,0.799232,92.290909
544.400,92.8029,300.0000,65.1250,65.1670,13920.32,0.799233,92.290909
544.500,92.8029,300.0000,65.1250,65.1666,13920.32,0.799234,92.290909
544.600,92.8029,300.0000,65.1875,65.1663,13920.33,0.799236,92.290909
544.700,92.8029,300.0000,65.1875,65.1659,13920.34,0.799237,92.290909
544.800,92.8029,300.0000,65.1250,65.1655,13920.34,0.799238,92.290909
544.900,92.8029,300.0000,65.1875,65.1652,13920.35,0.799239,92.290909
545.000,92.8145,300.0000,65.1250,65.1648,13920.47,0.799260,92.302552
545.100,92.8145,300.0000,65.1250,65.1645,13920.58,0.799279,92.302552
545.200,92.8145,300.0000,65.1250,65.1641,13920.69,0.799298,92.302552
545.300,92.8145,300.0000,65.1875,65.1637,13920.79,0.799315,92.302552
545.400,92.8145,300.0000,65.1250,65.1634,13920.88,0.799331,92.302552
545.500,92.8145,300.0000,65.1250,65.1630,13920.97,0.799345,92.302552
545.600,92.8145,300.0000,65.1875,65.1626,13921.05,0.799359,92.302552
545.700,92.8145,300.0000,65.1875,65.1623,13921.12,0.799372,92.302552
545.800,92.8145,300.0000,65.2500,65.1619,13921.19,0.799384,92.302552
545.900,92.8145,300.0000,65.2500,65.1616,13921.26,0.799396,92.302552
546.000,93.0007,300.0000,65.2500,65.1612,13923.18,0.799727,92.318075
546.100,93.0007,300.0000,65.1875,65.1608,13924.98,0.800036,92.318075
546.200,93.0007,300.0000,65.1250,65.1604,13926.65,0.800325,92.318075
546.300,93.0007,300.0000,65.1875,65.1600,13928.21,0.800594,92.318075
546.400,93.0007,300.0000,65.1875,65.1595,13929.67,0.800846,92.318075
546.500,93.0007,300.0000,65.1250,65.1591,13931.04,0.801081,92.318075
546.600,93.0007,300.0000,65.2500,65.1587,13932.31,0.801300,92.318075
546.700,93.0007,300.0000,65.1875,65.1582,13933.49,0.801505,92.318075
546.800,93.0007,300.0000,65.1875,65.1577,13934.60,0.801696,92.318075
546.900,93.0007,300.0000,65.1875,65.1573,13935.63,0.801874,92.318075
547.000,92.8417,300.0000,65.2500,65.1568,13935.01,0.801766,92.329718
547.100,92.8417,300.0000,65.2500,65.1563,13934.42,0.801666,92.329718
547.200,92.8417,300.0000,65.1250,65.1559,13933.88,0.801572,92.329718
547.300,92.8417,300.0000,65.1875,65.1554,13933.37,0.801484,92.329718
547.400,92.8417,300.0000,65.1875,65.1550,13932.90,0.801402,92.329718
547.500,92.8417,300.0000,65.1250,65.1546,13932.45,0.801325,92.329718
547.600,92.8417,300.0000,65.1875,65.1541,13932.04,0.801254,92.329718
547.700,92.8417,300.0000,65.1875,65.1537,13931.65,0.801188,92.329718
547.800,92.8417,300.0000,65.1875,65.1533,13931.29,0.801125,92.329718
547.900,92.8417,300.0000,65.3125,65.1528,13930.96,0.801067,92.329718
548.000,93.2024,300.0000,65.1250,65.1524,13934.25,0.801636,92.349122
548.100,93.2024,300.0000,65.1250,65.1519,13937.32,0.802166,92.349122
548.200,93.2024,300.0000,65.2500,65.1514,13940.19,0.802662,92.349122
548.300,93.2024,300.0000,65.1875,65.1509,13942.87,0.803124,92.349122
548.400,93.2024,300.0000,65.1875,65.1504,13945.37,0.803556,92.349122
548.500,93.2024,300.0000,65.1875,65.1498,13947.70,0.803959,92.349122
548.600,93.2024,300.0000,65.1875,65.1492,13949.88,0.804336,92.349122
548.700,93.2024,300.0000,65.2500,65.1487,13951.91,0.804687,92.349122
548.800,93.2024,300.0000,65.1250,65.1480,13953.81,0.805016,92.349122
548.900,93.2024,300.0000,65.0625,65.1474,13955.58,0.805322,92.349122
549.000,92.5237,300.0000,65.1250,65.1469,13950.44,0.804433,92.353003
549.100,92.5237,300.0000,65.1250,65.1463,13945.65,0.803604,92.353003
549.200,92.5237,300.0000,65.1250,65.1458,13941.17,0.802831,92.353003
549.300,92.5237,300.0000,65.1250,65.1454,13937.00,0.802110,92.353003
549.400,92.5237,300.0000,65.1250,65.1450,13933.10,0.801438,92.353003
549.500,92.5237,300.0000,65.1250,65.1446,13929.47,0.800810,92.353003
549.600,92.5237,300.0000,65.3125,65.1442,13926.07,0.800225,92.353003
549.700,92.5237,300.0000,65.1875,65.1439,13922.90,0.799679,92.353003
549.800,92.5237,300.0000,65.1875,65.1436,13919.95,0.799169,92.353003
549.900,92.5237,300.0000,65.2500,65.1433,13917.19,0.798694,92.353003
550.000,93.0511,300.0000,65.1875,65.1430,13919.89,0.799159,92.368526
550.100,93.0511,300.0000,65.1875,65.1426,13922.40,0.799593,92.368526
550.200,93.0511,300.0000,65.1250,65.1423,13924.76,0.799998,92.368526
550.300,93.0511,300.0000,65.1875,65.1419,13926.95,0.800376,92.368526
550.400,93.0511,300.0000,65.2500,65.1415,13929.00,0.800729,92.368526
550.500,93.0511,300.0000,65.1875,65.1411,13930.91,0.801059,92.368526
550.600,93.0511,300.0000,65.1875,65.1407,13932.69,0.801367,92.368526
550.700,93.0511,300.0000,65.1875,65.1403,13934.36,0.801654,92.368526
550.800,93.0511,300.0000,65.1875,65.1399,13935.91,0.801922,92.368526
550.900,93.0511,300.0000,65.1875,65.1394,13937.36,0.802173,92.368526
551.000,92.8921,300.0000,65.1250,65.1390,13937.13,0.802132,92.380169
551.100,92.8921,300.0000,65.1875,65.1385,13936.91,0.802094,92.380169
551.200,92.8921,300.0000,65.2500,65.1381,13936.70,0.802058,92.380169
551.300,92.8921,300.0000,65.1250,65.1377,13936.51,0.802025,92.380169
551.400,92.8921,300.0000,65.0625,65.1372,13936.33,0.801994,92.380169
551.500,92.8921,300.0000,65.1875,65.1368,13936.16,0.801965,92.380169
551.600,92.8921,300.0000,65.1250,65.1364,13936.00,0.801938,92.380169
551.700,92.8921,300.0000,65.1250,65.1360,13935.86,0.801913,92.380169
551.800,92.8921,300.0000,65.1250,65.1355,13935.72,0.801890,92.380169
551.900,92.8921,300.0000,65.0625,65.1351,13935.60,0.801868,92.380169
552.000,92.5547,300.0000,65.1875,65.1347,13932.10,0.801265,92.384050
552.100,92.5547,300.0000,65.1250,65.1343,13928.84,0.800703,92.384050
552.200,92.5547,300.0000,65.1250,65.1340,13925.80,0.800178,92.384050
552.300,92.5547,300.0000,65.1875,65.1337,13922.96,0.799689,92.384050
552.400,92.5547,300.0000,65.1250,65.1334,13920.31,0.799232,92.384050
552.500,92.5547,300.0000,65.1875,65.1331,13917.84,0.798806,92.384050
552.600,92.5547,300.0000,65.1875,65.1329,13915.53,0.798409,92.384050
552.700,92.5547,300.0000,65.1250,65.1327,13913.37,0.798038,92.384050
552.800,92.5547,300.0000,65.1250,65.1324,13911.36,0.797692,92.384050
552.900,92.5547,300.0000,65.1250,65.1322,13909.48,0.797369,92.384050
553.000,92.7331,300.0000,65.1250,65.1320,13909.52,0.797375,92.391811
553.100,92.7331,300.0000,65.1250,65.1318,13909.55,0.797380,92.391811
553.200,92.7331,300.0000,65.1875,65.1316,13909.57,0.797384,92.391811
553.300,92.7331,300.0000,65.1250,65.1314,13909.60,0.797389,92.391811
553.400,92.7331,300.0000,65.1875,65.1313,13909.63,0.797393,92.391811
553.500,92.7331,300.0000,65.1875,65.1311,13909.65,0.797397,92.391811
553.600,92.7331,300.0000,65.1250,65.1309,13909.67,0.797401,92.391811
553.700,92.7331,300.0000,65.1875,65.1307,13909.69,0.797404,92.391811
553.800,92.7331,300.0000,65.1875,65.1305,13909.71,0.797407,92.391811
553.900,92.7331,300.0000,65.1250,65.1303,13909.72,0.797410,92.391811
554.000,92.7409,300.0000,65.2500,65.1301,13909.82,0.797426,92.399573
554.100,92.7409,300.0000,65.1250,65.1299,13909.91,0.797441,92.399573
554.200,92.7409,300.0000,65.0625,65.1297,13909.99,0.797456,92.399573
554.300,92.7409,300.0000,65.1250,65.1295,13910.06,0.797469,92.399573
554.400,92.7409,300.0000,65.1875,65.1293,13910.14,0.797481,92.399573
554.500,92.7409,300.0000,65.1875,65.1291,13910.20,0.797492,92.399573
554.600,92.7409,300.0000,65.1250,65.1289,13910.26,0.797503,92.399573
554.700,92.7409,300.0000,65.1875,65.1287,13910.32,0.797513,92.399573
554.800,92.7409,300.0000,65.1250,65.1285,13910.38,0.797522,92.399573
554.900,92.7409,300.0000,65.1250,65.1283,13910.43,0.797531,92.399573
555.000,92.7486,300.0000,65.1250,65.1281,13910.55,0.797552,92.407335
555.100,92.7486,300.0000,65.1250,65.1279,13910.67,0.797572,92.407335
555.200,92.7486,300.0000,65.1250,65.1277,13910.78,0.797591,92.407335
555.300,92.7486,300.0000,65.1250,65.1275,13910.88,0.797608,92.407335
555.400,92.7486,300.0000,65.1875,65.1273,13910.97,0.797625,92.407335
555.500,92.7486,300.0000,65.1250,65.1271,13911.06,0.797640,92.407335
555.600,92.7486,300.0000,65.0625,65.1269,13911.14,0.797654,92.407335
555.700,92.7486,300.0000,65.1250,65.1267,13911.22,0.797667,92.407335
555.800,92.7486,300.0000,65.1875,65.1265,13911.29,0.797680,92.407335
555.900,92.7486,300.0000,65.1875,65.1263,13911.36,0.797691,92.407335
556.000,92.9309,300.0000,65.1875,65.1261,13913.24,0.798015,92.418978
556.100,92.9309,300.0000,65.1875,65.1259,13915.00,0.798318,92.418978
556.200,92.9309,300.0000,65.1250,65.1256,13916.64,0.798601,92.418978
556.300,92.9309,300.0000,65.0625,65.1254,13918.18,0.798865,92.418978
556.400,92.9309,300.0000,65.1250,65.1251,13919.61,0.799111,92.418978
556.500,92.9309,300.0000,65.1875,65.1248,13920.94,0.799341,92.418978
556.600,92.9309,300.0000,65.2500,65.1245,13922.19,0.799556,92.418978
556.700,92.9309,300.0000,65.1875,65.1242,13923.35,0.799756,92.418978
556.800,92.9309,300.0000,65.0625,65.1239,13924.44,0.799944,92.418978
556.900,92.9309,300.0000,65.1875,65.1236,13925.45,0.800118,92.418978
557.000,92.9426,300.0000,65.1250,65.1233,13926.51,0.800301,92.430620
557.100,92.9426,300.0000,65.0625,65.1230,13927.51,0.800472,92.430620
557.200,92.9426,300.0000,65.0625,65.1226,13928.43,0.800632,92.430620
557.300,92.9426,300.0000,65.1875,65.1223,13929.29,0.800781,92.430620
557.400,92.9426,300.0000,65.1250,65.1219,13930.10,0.800920,92.430620
557.500,92.9426,300.0000,65.1250,65.1216,13930.85,0.801050,92.430620
557.600,92.9426,300.0000,65.1250,65.1212,13931.56,0.801171,92.430620
557.700,92.9426,300.0000,65.1875,65.1209,13932.21,0.801284,92.430620
557.800,92.9426,300.0000,65.1875,65.1205,13932.82,0.801389,92.430620
557.900,92.9426,300.0000,65.1250,65.1201,13933.39,0.801488,92.430620
558.000,92.7797,300.0000,65.1875,65.1198,13932.30,0.801299,92.438382
558.100,92.7797,300.0000,65.1875,65.1194,13931.27,0.801122,92.438382
558.200,92.7797,300.0000,65.2500,65.1191,13930.32,0.800957,92.438382
558.300,92.7797,300.0000,65.1875,65.1187,13929.43,0.800804,92.438382
558.400,92.7797,300.0000,65.0000,65.1184,13928.60,0.800660,92.438382
558.500,92.7797,300.0000,65.0625,65.1181,13927.82,0.800526,92.438382
558.600,92.7797,300.0000,65.1875,65.1178,13927.10,0.800402,92.438382
558.700,92.7797,300.0000,65.1875,65.1175,13926.42,0.800285,92.438382
558.800,92.7797,300.0000,65.1875,65.1172,13925.79,0.800176,92.438382
558.900,92.7797,300.0000,65.1250,65.1169,13925.20,0.800075,92.438382
559.000,92.7874,300.0000,65.1250,65.1166,13924.73,0.799993,92.446144
559.100,92.7874,300.0000,65.1875,65.1163,13924.29,0.799917,92.446144
559.200,92.7874,300.0000,65.1875,65.1160,13923.87,0.799846,92.446144
559.300,92.7874,300.0000,65.1875,65.1157,13923.49,0.799780,92.446144
559.400,92.7874,300.0000,65.1250,65.1155,13923.13,0.799718,92.446144
559.500,92.7874,300.0000,65.1875,65.1152,13922.80,0.799661,92.446144
559.600,92.7874,300.0000,65.1250,65.1149,13922.49,0.799607,92.446144
559.700,92.7874,300.0000,65.1875,65.1147,13922.19,0.799557,92.446144
559.800,92.7874,300.0000,65.1875,65.1144,13921.92,0.799510,92.446144
559.900,92.7874,300.0000,65.1250,65.1141,13921.67,0.799466,92.446144
560.000,92.7952,300.0000,65.1875,65.1139,13921.51,0.799439,92.453905
560.100,92.7952,300.0000,65.1250,65.1136,13921.36,0.799413,92.453905
560.200,92.7952,300.0000,65.1875,65.1134,13921.22,0.799389,92.453905
560.300,92.7952,300.0000,65.2500,65.1131,13921.09,0.799367,92.453905
560.400,92.7952,300.0000,65.1875,65.1129,13920.97,0.799346,92.453905
560.500,92.7952,300.0000,65.1250,65.1126,13920.86,0.799327,92.453905
560.600,92.7952,300.0000,65.0625,65.1124,13920.75,0.799309,92.453905
560.700,92.7952,300.0000,65.1250,65.1121,13920.66,0.799292,92.453905
560.800,92.7952,300.0000,65.1250,65.1119,13920.56,0.799276,92.453905
560.900,92.7952,300.0000,65.1250,65.1116,13920.48,0.799261,92.453905
561.000,92.8030,300.0000,65.0625,65.1114,13920.48,0.799261,92.461667
561.100,92.8030,300.0000,65.1250,65.1112,13920.47,0.799260,92.461667
561.200,92.8030,300.0000,65.0625,65.1109,13920.47,0.799260,92.461667
561.300,92.8030,300.0000,65.1250,65.1107,13920.47,0.799260,92.461667
561.400,92.8030,300.0000,65.1250,65.1104,13920.47,0.799260,92.461667
561.500,92.8030,300.0000,65.1875,65.1102,13920.47,0.799259,92.461667
561.600,92.8030,300.0000,65.0625,65.1100,13920.47,0.799259,92.461667
561.700,92.8030,300.0000,65.0625,65.1097,13920.46,0.799259,92.461667
561.800,92.8030,300.0000,65.1250,65.1095,13920.46,0.799259,92.461667
561.900,92.8030,300.0000,65.1875,65.1092,13920.46,0.799258,92.461667
562.000,92.9853,300.0000,65.1875,65.1090,13922.28,0.799572,92.473310
562.100,92.9853,300.0000,65.1250,65.1087,13923.98,0.799865,92.473310
562.200,92.9853,300.0000,65.1250,65.1084,13925.57,0.800139,92.473310
562.300,92.9853,300.0000,65.1875,65.1081,13927.05,0.800394,92.473310
562.400,92.9853,300.0000,65.0625,65.1078,13928.43,0.800632,92.473310
562.500,92.9853,300.0000,65.0625,65.1075,13929.72,0.800855,92.473310
562.600,92.9853,300.0000,65.1875,65.1072,13930.93,0.801063,92.473310
562.700,92.9853,300.0000,65.0625,65.1069,13932.05,0.801257,92.473310
562.800,92.9853,300.0000,65.0625,65.1065,13933.10,0.801438,92.473310
562.900,92.9853,300.0000,65.1250,65.1062,13934.08,0.801607,92.473310
563.000,92.8224,300.0000,65.0000,65.1059,13933.37,0.801483,92.481071
563.100,92.8224,300.0000,65.0625,65.1055,13932.70,0.801368,92.481071
563.200,92.8224,300.0000,65.1875,65.1052,13932.08,0.801260,92.481071
563.300,92.8224,300.0000,65.0625,65.1049,13931.49,0.801160,92.481071
563.400,92.8224,300.0000,65.0625,65.1046,13930.95,0.801067,92.481071
563.500,92.8224,300.0000,65.0625,65.1043,13930.45,0.800979,92.481071
563.600,92.8224,300.0000,65.0625,65.1039,13929.97,0.800898,92.481071
563.700,92.8224,300.0000,65.1875,65.1036,13929.53,0.800822,92.481071
563.800,92.8224,300.0000,65.1250,65.1033,13929.12,0.800751,92.481071
563.900,92.8224,300.0000,65.1250,65.1031,13928.74,0.800684,92.481071
564.000,92.8301,300.0000,65.0000,65.1028,13928.45,0.800636,92.488833
564.100,92.8301,300.0000,65.0625,65.1025,13928.19,0.800591,92.488833
564.200,92.8301,300.0000,65.1250,65.1022,13927.95,0.800548,92.488833
564.300,92.8301,300.0000,65.1250,65.1019,13927.72,0.800509,92.488833
564.400,92.8301,300.0000,65.1250,65.1016,13927.51,0.800472,92.488833
564.500,92.8301,300.0000,65.0625,65.1014,13927.31,0.800438,92.488833
564.600,92.8301,300.0000,65.1875,65.1011,13927.12,0.800406,92.488833
564.700,92.8301,300.0000,65.1875,65.1008,13926.95,0.800376,92.488833
564.800,92.8301,300.0000,65.0625,65.1005,13926.79,0.800348,92.488833
564.900,92.8301,300.0000,65.1250,65.1003,13926.63,0.800322,92.488833
565.000,92.8379,300.0000,65.1250,65.1000,13926.57,0.800311,92.496595
565.100,92.8379,300.0000,65.1875,65.0997,13926.51,0.800301,92.496595
565.200,92.8379,300.0000,65.1875,65.0995,13926.46,0.800291,92.496595
565.300,92.8379,300.0000,65.0625,65.0992,13926.41,0.800282,92.496595
565.400,92.8379,300.0000,65.1875,65.0989,13926.36,0.800274,92.496595
565.500,92.8379,300.0000,65.1875,65.0987,13926.31,0.800266,92.496595
565.600,92.8379,300.0000,65.0625,65.0984,13926.27,0.800259,92.496595
565.700,92.8379,300.0000,65.0625,65.0981,13926.23,0.800253,92.496595
565.800,92.8379,300.0000,65.1875,65.0979,13926.19,0.800246,92.496595
565.900,92.8379,300.0000,65.1875,65.0976,13926.16,0.800240,92.496595
566.000,93.0202,300.0000,65.1250,65.0973,13927.95,0.800549,92.508238
566.100,93.0202,300.0000,65.0625,65.0971,13929.62,0.800837,92.508238
566.200,93.0202,300.0000,65.0625,65.0968,13931.18,0.801107,92.508238
566.300,93.0202,300.0000,65.0625,65.0964,13932.64,0.801358,92.508238
566.400,93.0202,300.0000,65.0000,65.0961,13934.00,0.801592,92.508238
566.500,93.0202,300.0000,65.1250,65.0958,13935.27,0.801811,92.508238
566.600,93.0202,300.0000,65.0000,65.0955,13936.45,0.802016,92.508238
566.700,93.0202,300.0000,65.0625,65.0951,13937.56,0.802207,92.508238
566.800,93.0202,300.0000,65.1250,65.0947,13938.59,0.802385,92.508238
566.900,93.0202,300.0000,65.1250,65.0944,13939.55,0.802551,92.508238
567.000,92.8573,300.0000,65.1250,65.0940,13938.82,0.802425,92.515999
567.100,92.8573,300.0000,65.0000,65.0937,13938.14,0.802307,92.515999
567.200,92.8573,300.0000,65.1250,65.0933,13937.50,0.802197,92.515999
567.300,92.8573,300.0000,65.0000,65.0930,13936.91,0.802095,92.515999
567.400,92.8573,300.0000,65.0625,65.0927,13936.35,0.801999,92.515999
567.500,92.8573,300.0000,65.1875,65.0923,13935.84,0.801910,92.515999
567.600,92.8573,300.0000,65.1250,65.0920,13935.35,0.801826,92.515999
567.700,92.8573,300.0000,65.1250,65.0917,13934.90,0.801748,92.515999
567.800,92.8573,300.0000,65.1250,65.0914,13934.48,0.801676,92.515999
567.900,92.8573,300.0000,65.0000,65.0911,13934.09,0.801608,92.515999
568.000,92.5160,300.0000,65.0625,65.0908,13930.31,0.800956,92.515999
568.100,92.5160,300.0000,65.1875,65.0905,13926.78,0.800348,92.515999
568.200,92.5160,300.0000,65.1250,65.0903,13923.49,0.799780,92.515999
568.300,92.5160,300.0000,65.1250,65.0901,13920.42,0.799251,92.515999
568.400,92.5160,300.0000,65.0000,65.0899,13917.55,0.798757,92.515999
568.500,92.5160,300.0000,65.0625,65.0898,13914.87,0.798296,92.515999
568.600,92.5160,300.0000,65.1875,65.0897,13912.38,0.797866,92.515999
568.700,92.5160,300.0000,65.0625,65.0896,13910.04,0.797465,92.515999
568.800,92.5160,300.0000,65.0000,65.0895,13907.87,0.797091,92.515999
568.900,92.5160,300.0000,65.0625,65.0894,13905.84,0.796742,92.515999
569.000,92.6905,300.0000,65.0625,65.0893,13905.69,0.796716,92.519880
569.100,92.6905,300.0000,65.0625,65.0893,13905.55,0.796692,92.519880
569.200,92.6905,300.0000,65.1250,65.0892,13905.41,0.796669,92.519880
569.300,92.6905,300.0000,65.0625,65.0891,13905.29,0.796648,92.519880
569.400,92.6905,300.0000,65.0000,65.0890,13905.18,0.796629,92.519880
569.500,92.6905,300.0000,65.1875,65.0890,13905.07,0.796610,92.519880
569.600,92.6905,300.0000,65.1250,65.0889,13904.97,0.796593,92.519880
569.700,92.6905,300.0000,65.1250,65.0889,13904.88,0.796577,92.519880
569.800,92.6905,300.0000,65.1250,65.0888,13904.79,0.796562,92.519880
569.900,92.6905,300.0000,65.1250,65.0887,13904.71,0.796548,92.519880
570.000,92.8689,300.0000,65.1250,65.0887,13906.42,0.796842,92.527642
570.100,92.8689,300.0000,65.0000,65.0886,13908.02,0.797116,92.527642
570.200,92.8689,300.0000,65.1250,65.0885,13909.50,0.797372,92.527642
570.300,92.8689,300.0000,65.0625,65.0884,13910.89,0.797611,92.527642
570.400,92.8689,300.0000,65.0625,65.0882,13912.19,0.797834,92.527642
570.500,92.8689,300.0000,65.0625,65.0881,13913.40,0.798042,92.527642
570.600,92.8689,300.0000,65.1250,65.0880,13914.53,0.798237,92.527642
570.700,92.8689,300.0000,65.0625,65.0878,13915.58,0.798418,92.527642
570.800,92.8689,300.0000,65.1250,65.0876,13916.57,0.798588,92.527642
570.900,92.8689,300.0000,65.1250,65.0875,13917.49,0.798746,92.527642
571.000,92.8767,300.0000,65.0625,65.0873,13918.42,0.798907,92.535404
571.100,92.8767,300.0000,65.0000,65.0871,13919.29,0.799057,92.535404
571.200,92.8767,300.0000,65.1250,65.0869,13920.11,0.799197,92.535404
571.300,92.8767,300.0000,65.1250,65.0868,13920.87,0.799328,92.535404
571.400,92.8767,300.0000,65.1250,65.0866,13921.58,0.799450,92.535404
571.500,92.8767,300.0000,65.0625,65.0864,13922.24,0.799564,92.535404
571.600,92.8767,300.0000,65.0625,65.0861,13922.86,0.799671,92.535404
571.700,92.8767,300.0000,65.1250,65.0859,13923.43,0.799770,92.535404
571.800,92.8767,300.0000,65.0000,65.0857,13923.97,0.799863,92.535404
571.900,92.8767,300.0000,65.1250,65.0855,13924.47,0.799949,92.535404
572.000,92.8845,300.0000,65.0625,65.0853,13925.02,0.800044,92.543165
572.100,92.8845,300.0000,65.0625,65.0851,13925.53,0.800131,92.543165
572.200,92.8845,300.0000,65.0625,65.0848,13926.01,0.800214,92.543165
572.300,92.8845,300.0000,65.1250,65.0846,13926.45,0.800290,92.543165
572.400,92.8845,300.0000,65.1250,65.0844,13926.86,0.800362,92.543165
572.500,92.8845,300.0000,65.1250,65.0841,13927.25,0.800428,92.543165
572.600,92.8845,300.0000,65.1250,65.0839,13927.61,0.800491,92.543165
572.700,92.8845,300.0000,65.1875,65.0836,13927.95,0.800549,92.543165
572.800,92.8845,300.0000,65.0625,65.0834,13928.26,0.800603,92.543165
572.900,92.8845,300.0000,65.1875,65.0831,13928.56,0.800654,92.543165
573.000,93.0668,300.0000,65.1250,65.0829,13930.65,0.801015,92.554808
573.100,93.0668,300.0000,65.1250,65.0826,13932.61,0.801353,92.554808
573.200,93.0668,300.0000,65.1250,65.0823,13934.44,0.801668,92.554808
573.300,93.0668,300.0000,65.0625,65.0820,13936.14,0.801963,92.554808
573.400,93.0668,300.0000,65.0625,65.0817,13937.74,0.802237,92.554808
573.500,93.0668,300.0000,65.1250,65.0813,13939.22,0.802494,92.554808
573.600,93.0668,300.0000,65.1250,65.0810,13940.61,0.802733,92.554808
573.700,93.0668,300.0000,65.0625,65.0806,13941.90,0.802957,92.554808
573.800,93.0668,300.0000,65.1250,65.0803,13943.11,0.803165,92.554808
573.900,93.0668,300.0000,65.1250,65.0799,13944.23,0.803360,92.554808
574.000,92.9039,300.0000,65.0625,65.0795,13943.66,0.803260,92.562570
574.100,92.9039,300.0000,65.1250,65.0792,13943.12,0.803167,92.562570
574.200,92.9039,300.0000,65.0625,65.0788,13942.62,0.803081,92.562570
574.300,92.9039,300.0000,65.1875,65.0785,13942.15,0.802999,92.562570
574.400,92.9039,300.0000,65.1250,65.0781,13941.71,0.802924,92.562570
574.500,92.9039,300.0000,65.0625,65.0778,13941.30,0.802853,92.562570
574.600,92.9039,300.0000,65.0625,65.0774,13940.92,0.802787,92.562570
574.700,92.9039,300.0000,65.1250,65.0771,13940.56,0.802726,92.562570
574.800,92.9039,300.0000,65.0625,65.0768,13940.23,0.802668,92.562570
574.900,92.9039,300.0000,65.1875,65.0765,13939.92,0.802615,92.562570
575.000,93.0862,300.0000,65.0000,65.0761,13941.46,0.802880,92.574212
575.100,93.0862,300.0000,65.1250,65.0758,13942.89,0.803127,92.574212
575.200,93.0862,300.0000,65.1250,65.0754,13944.22,0.803358,92.574212
575.300,93.0862,300.0000,65.1250,65.0750,13945.47,0.803573,92.574212
575.400,93.0862,300.0000,65.1875,65.0747,13946.63,0.803775,92.574212
575.500,93.0862,300.0000,65.0625,65.0743,13947.72,0.803962,92.574212
575.600,93.0862,300.0000,65.1250,65.0739,13948.73,0.804138,92.574212
575.700,93.0862,300.0000,65.0625,65.0735,13949.68,0.804301,92.574212
575.800,93.0862,300.0000,64.9375,65.0731,13950.56,0.804454,92.574212
575.900,93.0862,300.0000,65.1875,65.0726,13951.39,0.804597,92.574212
576.000,93.0978,300.0000,65.1875,65.0722,13952.27,0.804750,92.585855
576.100,93.0978,300.0000,65.0625,65.0718,13953.10,0.804893,92.585855
576.200,93.0978,300.0000,65.1250,65.0714,13953.87,0.805027,92.585855
576.300,93.0978,300.0000,65.1250,65.0709,13954.59,0.805151,92.585855
576.400,93.0978,300.0000,65.0625,65.0705,13955.26,0.805268,92.585855
576.500,93.0978,300.0000,65.0625,65.0700,13955.89,0.805376,92.585855
576.600,93.0978,300.0000,65.0625,65.0696,13956.47,0.805477,92.585855
576.700,93.0978,300.0000,65.0625,65.0691,13957.02,0.805572,92.585855
576.800,93.0978,300.0000,65.1250,65.0687,13957.53,0.805660,92.585855
576.900,93.0978,300.0000,65.1875,65.0682,13958.01,0.805743,92.585855
577.000,93.1094,300.0000,65.0000,65.0678,13958.57,0.805840,92.597497
577.100,93.1094,300.0000,65.0625,65.0673,13959.09,0.805931,92.597497
577.200,93.1094,300.0000,65.0625,65.0668,13959.58,0.806015,92.597497
577.300,93.1094,300.0000,65.0625,65.0664,13960.03,0.806094,92.597497
577.400,93.1094,300.0000,65.0625,65.0659,13960.46,0.806168,92.597497
577.500,93.1094,300.0000,65.0625,65.0654,13960.86,0.806237,92.597497
577.600,93.1094,300.0000,65.0625,65.0649,13961.23,0.806301,92.597497
577.700,93.1094,300.0000,65.1250,65.0644,13961.57,0.806361,92.597497
577.800,93.1094,300.0000,65.1250,65.0640,13961.90,0.806417,92.597497
577.900,93.1094,300.0000,65.0625,65.0635,13962.20,0.806469,92.597497
578.000,92.7720,300.0000,65.1250,65.0630,13959.11,0.805933,92.601378
578.100,92.7720,300.0000,65.1250,65.0626,13956.22,0.805433,92.601378
578.200,92.7720,300.0000,65.0625,65.0622,13953.52,0.804967,92.601378
578.300,92.7720,300.0000,65.0625,65.0618,13951.01,0.804532,92.601378
578.400,92.7720,300.0000,65.1250,65.0614,13948.66,0.804126,92.601378
578.500,92.7720,300.0000,65.0625,65.0611,13946.47,0.803747,92.601378
578.600,92.7720,300.0000,65.1250,65.0607,13944.43,0.803393,92.601378
578.700,92.7720,300.0000,65.1875,65.0604,13942.52,0.803064,92.601378
578.800,92.7720,300.0000,65.1250,65.0601,13940.74,0.802756,92.601378
578.900,92.7720,300.0000,65.0625,65.0599,13939.08,0.802469,92.601378
579.000,92.7759,300.0000,65.1250,65.0596,13937.56,0.802208,92.605259
579.100,92.7759,300.0000,65.0625,65.0593,13936.15,0.801964,92.605259
579.200,92.7759,300.0000,65.1250,65.0591,13934.83,0.801736,92.605259
579.300,92.7759,300.0000,65.1250,65.0588,13933.60,0.801524,92.605259
579.400,92.7759,300.0000,65.0000,65.0586,13932.46,0.801326,92.605259
579.500,92.7759,300.0000,65.0000,65.0584,13931.38,0.801141,92.605259
579.600,92.7759,300.0000,65.0625,65.0582,13930.38,0.800969,92.605259
579.700,92.7759,300.0000,65.1250,65.0580,13929.45,0.800808,92.605259
579.800,92.7759,300.0000,65.1250,65.0578,13928.58,0.800658,92.605259
579.900,92.7759,300.0000,65.0000,65.0576,13927.77,0.800517,92.605259
580.000,92.6053,300.0000,65.1875,65.0575,13925.30,0.800092,92.605259
580.100,92.6053,300.0000,65.0625,65.0573,13923.00,0.799696,92.605259
580.200,92.6053,300.0000,65.1250,65.0572,13920.85,0.799326,92.605259
580.300,92.6053,300.0000,65.0000,65.0571,13918.85,0.798981,92.605259
580.400,92.6053,300.0000,65.0625,65.0570,13916.98,0.798659,92.605259
580.500,92.6053,300.0000,65.1250,65.0569,13915.23,0.798358,92.605259
580.600,92.6053,300.0000,65.0625,65.0568,13913.60,0.798078,92.605259
580.700,92.6053,300.0000,65.0625,65.0568,13912.08,0.797816,92.605259
580.800,92.6053,300.0000,65.1250,65.0567,13910.66,0.797572,92.605259
580.900,92.6053,300.0000,65.0000,65.0567,13909.34,0.797344,92.605259
581.000,92.6053,300.0000,65.1250,65.0567,13908.10,0.797131,92.605259
581.100,92.6053,300.0000,65.1250,65.0567,13906.95,0.796933,92.605259
581.200,92.6053,300.0000,65.0000,65.0567,13905.87,0.796748,92.605259
581.300,92.6053,300.0000,65.0625,65.0567,13904.86,0.796575,92.605259
581.400,92.6053,300.0000,65.1250,65.0567,13903.93,0.796413,92.605259
581.500,92.6053,300.0000,65.0625,65.0567,13903.05,0.796263,92.605259
581.600,92.6053,300.0000,65.0625,65.0568,13902.23,0.796123,92.605259
581.700,92.6053,300.0000,65.1250,65.0568,13901.47,0.795991,92.605259
581.800,92.6053,300.0000,65.0625,65.0568,13900.76,0.795869,92.605259
581.900,92.6053,300.0000,65.1250,65.0569,13900.09,0.795755,92.605259
582.000,92.9543,300.0000,65.0625,65.0569,13902.96,0.796248,92.613021
582.100,92.9543,300.0000,65.0625,65.0569,13905.64,0.796708,92.613021
582.200,92.9543,300.0000,65.0625,65.0569,13908.14,0.797138,92.613021
582.300,92.9543,300.0000,65.0000,65.0569,13910.48,0.797540,92.613021
582.400,92.9543,300.0000,65.0625,65.0568,13912.65,0.797914,92.613021
582.500,92.9543,300.0000,65.1250,65.0567,13914.69,0.798264,92.613021
582.600,92.9543,300.0000,65.0000,65.0566,13916.58,0.798591,92.613021
582.700,92.9543,300.0000,65.0000,65.0565,13918.36,0.798896,92.613021
582.800,92.9543,300.0000,65.0000,65.0564,13920.01,0.799180,92.613021
582.900,92.9543,300.0000,65.0000,65.0563,13921.55,0.799446,92.613021
583.000,92.6130,300.0000,65.1250,65.0562,13919.58,0.799106,92.613021
583.100,92.6130,300.0000,65.0625,65.0561,13917.74,0.798789,92.613021
583.200,92.6130,300.0000,65.0625,65.0560,13916.02,0.798493,92.613021
583.300,92.6130,300.0000,65.1250,65.0559,13914.41,0.798217,92.613021
583.400,92.6130,300.0000,65.1875,65.0559,13912.92,0.797959,92.613021
583.500,92.6130,300.0000,65.0000,65.0558,13911.52,0.797719,92.613021
583.600,92.6130,300.0000,65.0000,65.0558,13910.21,0.797494,92.613021
583.700,92.6130,300.0000,65.0000,65.0558,13909.00,0.797285,92.613021
583.800,92.6130,300.0000,65.0000,65.0558,13907.86,0.797090,92.613021
583.900,92.6130,300.0000,65.1250,65.0557,13906.80,0.796907,92.613021
584.000,92.9621,300.0000,65.0625,65.0557,13909.30,0.797337,92.620783
584.100,92.9621,300.0000,65.0625,65.0557,13911.63,0.797739,92.620783
584.200,92.9621,300.0000,65.0625,65.0556,13913.81,0.798114,92.620783
584.300,92.9621,300.0000,65.0625,65.0555,13915.85,0.798464,92.620783
584.400,92.9621,300.0000,65.0625,65.0554,13917.74,0.798790,92.620783
584.500,92.9621,300.0000,65.0625,65.0553,13919.52,0.799095,92.620783
584.600,92.9621,300.0000,65.0000,65.0552,13921.17,0.799380,92.620783
584.700,92.9621,300.0000,65.0625,65.0551,13922.71,0.799646,92.620783
584.800,92.9621,300.0000,65.1250,65.0549,13924.15,0.799894,92.620783
584.900,92.9621,300.0000,65.0000,65.0548,13925.50,0.800126,92.620783
585.000,92.6208,300.0000,65.0625,65.0546,13923.34,0.799754,92.620783
585.100,92.6208,300.0000,64.9375,65.0545,13921.32,0.799407,92.620783
585.200,92.6208,300.0000,65.1250,65.0544,13919.44,0.799083,92.620783
585.300,92.6208,300.0000,65.1250,65.0543,13917.69,0.798780,92.620783
585.400,92.6208,300.0000,65.1250,65.0542,13916.05,0.798498,92.620783
585.500,92.6208,300.0000,65.1250,65.0541,13914.52,0.798235,92.620783
585.600,92.6208,300.0000,65.1250,65.0541,13913.09,0.797990,92.620783
585.700,92.6208,300.0000,65.0000,65.0540,13911.76,0.797761,92.620783
585.800,92.6208,300.0000,64.9375,65.0540,13910.52,0.797547,92.620783
585.900,92.6208,300.0000,65.0625,65.0540,13909.36,0.797347,92.620783
586.000,92.7953,300.0000,65.1250,65.0540,13910.02,0.797461,92.624664
586.100,92.7953,300.0000,65.0625,65.0539,13910.64,0.797568,92.624664
586.200,92.7953,300.0000,65.1250,65.0539,13911.22,0.797667,92.624664
586.300,92.7953,300.0000,65.0000,65.0539,13911.76,0.797760,92.624664
586.400,92.7953,300.0000,65.1250,65.0538,13912.26,0.797846,92.624664
586.500,92.7953,300.0000,65.0000,65.0538,13912.73,0.797927,92.624664
586.600,92.7953,300.0000,65.1250,65.0537,13913.17,0.798002,92.624664
586.700,92.7953,300.0000,65.1250,65.0536,13913.57,0.798073,92.624664
586.800,92.7953,300.0000,64.9375,65.0536,13913.96,0.798138,92.624664
586.900,92.7953,300.0000,65.0625,65.0535,13914.31,0.798199,92.624664
587.000,92.7992,300.0000,65.1250,65.0535,13914.68,0.798263,92.628544
587.100,92.7992,300.0000,65.0000,65.0534,13915.03,0.798323,92.628544
587.200,92.7992,300.0000,65.0625,65.0533,13915.35,0.798379,92.628544
587.300,92.7992,300.0000,65.0625,65.0532,13915.65,0.798431,92.628544
587.400,92.7992,300.0000,65.0625,65.0532,13915.94,0.798479,92.628544
587.500,92.7992,300.0000,65.0000,65.0531,13916.20,0.798524,92.628544
587.600,92.7992,300.0000,65.1250,65.0530,13916.44,0.798566,92.628544
587.700,92.7992,300.0000,65.0625,65.0529,13916.67,0.798606,92.628544
587.800,92.7992,300.0000,65.1250,65.0528,13916.89,0.798643,92.628544
587.900,92.7992,300.0000,65.0625,65.0528,13917.09,0.798677,92.628544
588.000,92.8031,300.0000,65.0000,65.0527,13917.31,0.798716,92.632425
588.100,92.8031,300.0000,65.0625,65.0526,13917.52,0.798752,92.632425
588.200,92.8031,300.0000,65.0625,65.0525,13917.72,0.798786,92.632425
588.300,92.8031,300.0000,65.0625,65.0524,13917.90,0.798817,92.632425
588.400,92.8031,300.0000,65.0625,65.0523,13918.07,0.798847,92.632425
588.500,92.8031,300.0000,65.0625,65.0522,13918.23,0.798874,92.632425
588.600,92.8031,300.0000,65.0625,65.0521,13918.38,0.798900,92.632425
588.700,92.8031,300.0000,65.0625,65.0520,13918.52,0.798924,92.632425
588.800,92.8031,300.0000,65.0625,65.0519,13918.65,0.798946,92.632425
588.900,92.8031,300.0000,65.1250,65.0518,13918.77,0.798967,92.632425
589.000,92.9815,300.0000,65.0625,65.0517,13920.67,0.799293,92.640187
589.100,92.9815,300.0000,65.0625,65.0516,13922.44,0.799598,92.640187
589.200,92.9815,300.0000,65.1250,65.0515,13924.09,0.799883,92.640187
589.300,92.9815,300.0000,65.0000,65.0513,13925.63,0.800149,92.640187
589.400,92.9815,300.0000,65.0000,65.0511,13927.07,0.800397,92.640187
589.500,92.9815,300.0000,65.0000,65.0510,13928.41,0.800629,92.640187
589.600,92.9815,300.0000,65.0000,65.0508,13929.67,0.800845,92.640187
589.700,92.9815,300.0000,64.9375,65.0506,13930.84,0.801047,92.640187
589.800,92.9815,300.0000,65.1875,65.0504,13931.93,0.801235,92.640187
589.900,92.9815,300.0000,65.0625,65.0502,13932.95,0.801411,92.640187
590.000,92.8147,300.0000,65.0625,65.0500,13932.23,0.801288,92.644068
590.100,92.8147,300.0000,65.0625,65.0498,13931.57,0.801172,92.644068
590.200,92.8147,300.0000,65.0625,65.0496,13930.94,0.801065,92.644068
590.300,92.8147,300.0000,65.1250,65.0494,13930.36,0.800964,92.644068
590.400,92.8147,300.0000,65.0000,65.0492,13929.82,0.800871,92.644068
590.500,92.8147,300.0000,65.0625,65.0490,13929.31,0.800783,92.644068
590.600,92.8147,300.0000,65.0625,65.0489,13928.84,0.800701,92.644068
590.700,92.8147,300.0000,65.0625,65.0487,13928.39,0.800625,92.644068
590.800,92.8147,300.0000,65.0625,65.0485,13927.98,0.800554,92.644068
590.900,92.8147,300.0000,65.0625,65.0484,13927.60,0.800488,92.644068
591.000,92.8186,300.0000,65.0625,65.0482,13927.28,0.800433,92.647949
591.100,92.8186,300.0000,65.0000,65.0480,13926.98,0.800381,92.647949
591.200,92.8186,300.0000,65.0000,65.0479,13926.70,0.800333,92.647949
591.300,92.8186,300.0000,65.0625,65.0477,13926.44,0.800288,92.647949
591.400,92.8186,300.0000,65.1250,65.0476,13926.19,0.800246,92.647949
591.500,92.8186,300.0000,65.0000,65.0474,13925.97,0.800207,92.647949
591.600,92.8186,300.0000,65.1875,65.0473,13925.76,0.800170,92.647949
591.700,92.8186,300.0000,65.1250,65.0472,13925.56,0.800136,92.647949
591.800,92.8186,300.0000,65.0625,65.0470,13925.37,0.800105,92.647949
591.900,92.8186,300.0000,65.0625,65.0469,13925.20,0.800075,92.647949
592.000,92.8225,300.0000,65.1250,65.0467,13925.08,0.800054,92.651830
592.100,92.8225,300.0000,65.0000,65.0466,13924.96,0.800034,92.651830
592.200,92.8225,300.0000,65.0625,65.0465,13924.86,0.800016,92.651830
592.300,92.8225,300.0000,65.0625,65.0463,13924.76,0.799999,92.651830
592.400,92.8225,300.0000,65.1250,65.0462,13924.67,0.799983,92.651830
592.500,92.8225,300.0000,65.1250,65.0461,13924.58,0.799968,92.651830
592.600,92.8225,300.0000,65.0625,65.0459,13924.50,0.799954,92.651830
592.700,92.8225,300.0000,65.1250,65.0458,13924.42,0.799941,92.651830
592.800,92.8225,300.0000,65.1250,65.0457,13924.35,0.799929,92.651830
592.900,92.8225,300.0000,65.0000,65.0455,13924.29,0.799918,92.651830
593.000,92.6518,300.0000,65.0625,65.0454,13922.52,0.799613,92.651830
593.100,92.6518,300.0000,65.0625,65.0453,13920.87,0.799329,92.651830
593.200,92.6518,300.0000,65.0000,65.0452,13919.33,0.799064,92.651830
593.300,92.6518,300.0000,65.0000,65.0452,13917.89,0.798816,92.651830
593.400,92.6518,300.0000,65.1250,65.0451,13916.55,0.798585,92.651830
593.500,92.6518,300.0000,65.0000,65.0451,13915.30,0.798370,92.651830
593.600,92.6518,300.0000,65.0625,65.0450,13914.13,0.798169,92.651830
593.700,92.6518,300.0000,65.1250,65.0450,13913.04,0.797981,92.651830
593.800,92.6518,300.0000,65.0625,65.0450,13912.02,0.797806,92.651830
593.900,92.6518,300.0000,65.0000,65.0449,13911.07,0.797642,92.651830
594.000,92.6518,300.0000,65.0625,65.0449,13910.19,0.797490,92.651830
594.100,92.6518,300.0000,65.0000,65.0449,13909.36,0.797348,92.651830
594.200,92.6518,300.0000,65.0625,65.0449,13908.59,0.797215,92.651830
594.300,92.6518,300.0000,65.0000,65.0449,13907.87,0.797091,92.651830
594.400,92.6518,300.0000,65.0625,65.0450,13907.19,0.796975,92.651830
594.500,92.6518,300.0000,65.0625,65.0450,13906.57,0.796867,92.651830
594.600,92.6518,300.0000,65.1250,65.0450,13905.98,0.796766,92.651830
594.700,92.6518,300.0000,65.0625,65.0450,13905.43,0.796672,92.651830
594.800,92.6518,300.0000,65.0000,65.0451,13904.92,0.796585,92.651830
594.900,92.6518,300.0000,65.0625,65.0451,13904.45,0.796503,92.651830
595.000,92.8264,300.0000,65.0000,65.0451,13905.75,0.796726,92.655710
595.100,92.8264,300.0000,65.0625,65.0451,13906.96,0.796935,92.655710
595.200,92.8264,300.0000,65.1875,65.0451,13908.09,0.797130,92.655710
595.300,92.8264,300.0000,65.0625,65.0451,13909.15,0.797312,92.655710
595.400,92.8264,300.0000,65.1250,65.0451,13910.14,0.797481,92.655710
595.500,92.8264,300.0000,65.1250,65.0451,13911.06,0.797640,92.655710
595.600,92.8264,300.0000,65.0625,65.0451,13911.92,0.797788,92.655710
595.700,92.8264,300.0000,65.0625,65.0451,13912.72,0.797926,92.655710
595.800,92.8264,300.0000,65.0625,65.0450,13913.47,0.798054,92.655710
595.900,92.8264,300.0000,65.0625,65.0450,13914.17,0.798175,92.655710
596.000,92.8302,300.0000,65.1250,65.0449,13914.86,0.798294,92.659591
596.100,92.8302,300.0000,65.0625,65.0449,13915.50,0.798405,92.659591
596.200,92.8302,300.0000,65.0000,65.0448,13916.11,0.798508,92.659591
596.300,92.8302,300.0000,65.0625,65.0448,13916.67,0.798605,92.659591
596.400,92.8302,300.0000,65.1250,65.0447,13917.19,0.798695,92.659591
596.500,92.8302,300.0000,65.0625,65.0446,13917.68,0.798780,92.659591
596.600,92.8302,300.0000,65.0625,65.0445,13918.14,0.798858,92.659591
596.700,92.8302,300.0000,65.0000,65.0445,13918.57,0.798932,92.659591
596.800,92.8302,300.0000,65.1875,65.0444,13918.96,0.799000,92.659591
596.900,92.8302,300.0000,65.0000,65.0443,13919.34,0.799064,92.659591
597.000,92.6596,300.0000,65.0000,65.0442,13917.98,0.798830,92.659591
597.100,92.6596,300.0000,65.0000,65.0442,13916.71,0.798612,92.659591
597.200,92.6596,300.0000,65.0000,65.0441,13915.52,0.798408,92.659591
597.300,92.6596,300.0000,65.0000,65.0441,13914.42,0.798217,92.659591
597.400,92.6596,300.0000,65.0625,65.0440,13913.38,0.798040,92.659591
597.500,92.6596,300.0000,65.0000,65.0440,13912.42,0.797874,92.659591
597.600,92.6596,300.0000,65.0625,65.0440,13911.52,0.797720,92.659591
597.700,92.6596,300.0000,65.0625,65.0440,13910.68,0.797575,92.659591
597.800,92.6596,300.0000,65.0625,65.0440,13909.90,0.797441,92.659591
597.900,92.6596,300.0000,65.0625,65.0440,13909.17,0.797315,92.659591
598.000,92.8341,300.0000,65.0000,65.0440,13910.23,0.797498,92.663472
598.100,92.8341,300.0000,65.0625,65.0439,13911.23,0.797668,92.663472
598.200,92.8341,300.0000,65.0000,65.0439,13912.15,0.797828,92.663472
598.300,92.8341,300.0000,65.0000,65.0439,13913.02,0.797976,92.663472
598.400,92.8341,300.0000,65.0000,65.0439,13913.82,0.798115,92.663472
598.500,92.8341,300.0000,65.1250,65.0438,13914.58,0.798245,92.663472
598.600,92.8341,300.0000,65.0625,65.0438,13915.28,0.798366,92.663472
598.700,92.8341,300.0000,65.0625,65.0437,13915.93,0.798479,92.663472
598.800,92.8341,300.0000,65.1250,65.0436,13916.55,0.798584,92.663472
598.900,92.8341,300.0000,65.0000,65.0436,13917.12,0.798683,92.663472
599.000,92.6635,300.0000,65.0625,65.0435,13915.95,0.798481,92.663472
599.100,92.6635,300.0000,65.0625,65.0435,13914.85,0.798292,92.663472
599.200,92.6635,300.0000,65.1250,65.0434,13913.83,0.798116,92.663472
599.300,92.6635,300.0000,65.0625,65.0434,13912.87,0.797952,92.663472
599.400,92.6635,300.0000,65.0000,65.0434,13911.98,0.797799,92.663472
599.500,92.6635,300.0000,65.1250,65.0434,13911.15,0.797656,92.663472
599.600,92.6635,300.0000,65.1250,65.0434,13910.38,0.797523,92.663472
599.700,92.6635,300.0000,65.0625,65.0434,13909.65,0.797398,92.663472
599.800,92.6635,300.0000,65.0625,65.0434,13908.98,0.797282,92.663472
599.900,92.6635,300.0000,65.0625,65.0434,13908.35,0.797174,92.663472
600.000,92.8380,300.0000,65.0000,65.0434,13909.50,0.797372,92.667353
600.100,92.8380,300.0000,64.9375,65.0434,13910.58,0.797558,92.667353
600.200,92.8380,300.0000,65.1250,65.0434,13911.59,0.797732,92.667353
600.300,92.8380,300.0000,65.0000,65.0433,13912.53,0.797893,92.667353
600.400,92.8380,300.0000,64.9375,65.0433,13913.41,0.798044,92.667353
600.500,92.8380,300.0000,65.0000,65.0433,13914.23,0.798185,92.667353
600.600,92.8380,300.0000,65.0000,65.0432,13914.99,0.798317,92.667353
600.700,92.8380,300.0000,65.0625,65.0432,13915.71,0.798440,92.667353
600.800,92.8380,300.0000,65.0000,65.0431,13916.37,0.798554,92.667353
600.900,92.8380,300.0000,65.0000,65.0430,13917.00,0.798662,92.667353
601.000,92.6674,300.0000,65.0000,65.0430,13915.87,0.798468,92.667353
601.100,92.6674,300.0000,65.0000,65.0429,13914.82,0.798287,92.667353
601.200,92.6674,300.0000,65.0625,65.0429,13913.84,0.798118,92.667353
601.300,92.6674,300.0000,65.0000,65.0429,13912.92,0.797960,92.667353
601.400,92.6674,300.0000,64.9375,65.0429,13912.07,0.797813,92.667353
601.500,92.6674,300.0000,65.0625,65.0428,13911.27,0.797676,92.667353
601.600,92.6674,300.0000,65.0000,65.0428,13910.53,0.797548,92.667353
601.700,92.6674,300.0000,65.0000,65.0428,13909.83,0.797428,92.667353
601.800,92.6674,300.0000,65.0000,65.0428,13909.18,0.797317,92.667353
601.900,92.6674,300.0000,65.1250,65.0428,13908.58,0.797213,92.667353
602.000,93.0164,300.0000,65.0625,65.0428,13911.50,0.797716,92.675115
602.100,93.0164,300.0000,65.0000,65.0428,13914.23,0.798186,92.675115
602.200,93.0164,300.0000,64.9375,65.0427,13916.78,0.798625,92.675115
602.300,93.0164,300.0000,65.0625,65.0427,13919.16,0.799034,92.675115
602.400,93.0164,300.0000,65.0625,65.0426,13921.38,0.799417,92.675115
602.500,93.0164,300.0000,65.0625,65.0424,13923.45,0.799774,92.675115
602.600,93.0164,300.0000,64.9375,65.0423,13925.39,0.800107,92.675115
602.700,93.0164,300.0000,65.0000,65.0422,13927.19,0.800418,92.675115
602.800,93.0164,300.0000,65.0000,65.0420,13928.88,0.800709,92.675115
602.900,93.0164,300.0000,65.0625,65.0418,13930.45,0.800980,92.675115
603.000,92.8496,300.0000,64.9375,65.0417,13930.25,0.800945,92.678996
603.100,92.8496,300.0000,65.1250,65.0415,13930.06,0.800913,92.678996
603.200,92.8496,300.0000,65.0625,65.0413,13929.89,0.800883,92.678996
603.300,92.8496,300.0000,65.1250,65.0412,13929.72,0.800855,92.678996
603.400,92.8496,300.0000,65.0000,65.0410,13929.57,0.800829,92.678996
603.500,92.8496,300.0000,65.0625,65.0408,13929.43,0.800804,92.678996
603.600,92.8496,300.0000,65.0000,65.0407,13929.30,0.800781,92.678996
603.700,92.8496,300.0000,65.0625,65.0405,13929.18,0.800760,92.678996
603.800,92.8496,300.0000,65.0000,65.0404,13929.06,0.800740,92.678996
603.900,92.8496,300.0000,65.0000,65.0402,13928.95,0.800722,92.678996
604.000,92.6790,300.0000,65.0625,65.0401,13927.15,0.800410,92.678996
604.100,92.6790,300.0000,65.0000,65.0400,13925.46,0.800119,92.678996
604.200,92.6790,300.0000,65.0625,65.0398,13923.89,0.799848,92.678996
604.300,92.6790,300.0000,64.9375,65.0397,13922.42,0.799595,92.678996
604.400,92.6790,300.0000,65.0625,65.0396,13921.05,0.799359,92.678996
604.500,92.6790,300.0000,65.0625,65.0396,13919.77,0.799138,92.678996
604.600,92.6790,300.0000,65.0000,65.0395,13918.57,0.798933,92.678996
604.700,92.6790,300.0000,65.0000,65.0394,13917.46,0.798741,92.678996
604.800,92.6790,300.0000,64.9375,65.0394,13916.42,0.798562,92.678996
604.900,92.6790,300.0000,65.0000,65.0394,13915.44,0.798394,92.678996
605.000,92.6790,300.0000,65.0625,65.0393,13914.54,0.798238,92.678996
605.100,92.6790,300.0000,65.0625,65.0393,13913.69,0.798093,92.678996
605.200,92.6790,300.0000,65.0625,65.0393,13912.90,0.797957,92.678996
605.300,92.6790,300.0000,65.0625,65.0393,13912.17,0.797830,92.678996
605.400,92.6790,300.0000,65.1875,65.0393,13911.48,0.797712,92.678996
605.500,92.6790,300.0000,65.0625,65.0393,13910.84,0.797601,92.678996
605.600,92.6790,300.0000,65.0625,65.0393,13910.24,0.797498,92.678996
605.700,92.6790,300.0000,65.0000,65.0393,13909.68,0.797402,92.678996
605.800,92.6790,300.0000,65.0625,65.0393,13909.16,0.797312,92.678996
605.900,92.6790,300.0000,65.0000,65.0393,13908.67,0.797229,92.678996
606.000,92.6790,300.0000,65.0625,65.0393,13908.21,0.797151,92.678996
606.100,92.6790,300.0000,65.0625,65.0393,13907.79,0.797078,92.678996
606.200,92.6790,300.0000,65.0625,65.0394,13907.39,0.797009,92.678996
606.300,92.6790,300.0000,65.0000,65.0394,13907.02,0.796946,92.678996
606.400,92.6790,300.0000,65.0625,65.0394,13906.68,0.796887,92.678996
606.500,92.6790,300.0000,65.0625,65.0395,13906.36,0.796831,92.678996
606.600,92.6790,300.0000,65.1250,65.0395,13906.06,0.796780,92.678996
606.700,92.6790,300.0000,65.0000,65.0395,13905.78,0.796731,92.678996
606.800,92.6790,300.0000,64.9375,65.0396,13905.51,0.796686,92.678996
606.900,92.6790,300.0000,65.0000,65.0396,13905.27,0.796644,92.678996
607.000,92.6790,300.0000,65.0625,65.0397,13905.04,0.796605,92.678996
607.100,92.6790,300.0000,65.0625,65.0397,13904.83,0.796569,92.678996
607.200,92.6790,300.0000,65.0000,65.0397,13904.63,0.796534,92.678996
607.300,92.6790,300.0000,65.0000,65.0398,13904.45,0.796503,92.678996
607.400,92.6790,300.0000,65.0000,65.0399,13904.27,0.796473,92.678996
607.500,92.6790,300.0000,64.9375,65.0399,13904.11,0.796445,92.678996
607.600,92.6790,300.0000,65.0000,65.0400,13903.96,0.796419,92.678996
607.700,92.6790,300.0000,65.0000,65.0400,13903.82,0.796395,92.678996
607.800,92.6790,300.0000,65.0625,65.0401,13903.69,0.796372,92.678996
607.900,92.6790,300.0000,65.0000,65.0401,13903.57,0.796351,92.678996
608.000,92.6790,300.0000,65.0625,65.0402,13903.45,0.796332,92.678996
608.100,92.6790,300.0000,65.0625,65.0402,13903.34,0.796313,92.678996
608.200,92.6790,300.0000,65.0625,65.0403,13903.24,0.796296,92.678996
608.300,92.6790,300.0000,65.0625,65.0404,13903.15,0.796280,92.678996
608.400,92.6790,300.0000,65.0000,65.0404,13903.06,0.796265,92.678996
608.500,92.6790,300.0000,65.0625,65.0405,13902.98,0.796251,92.678996
608.600,92.6790,300.0000,64.9375,65.0405,13902.91,0.796238,92.678996
608.700,92.6790,300.0000,65.0625,65.0406,13902.84,0.796226,92.678996
608.800,92.6790,300.0000,65.0000,65.0407,13902.77,0.796215,92.678996
608.900,92.6790,300.0000,65.0625,65.0407,13902.71,0.796204,92.678996
609.000,92.8535,300.0000,65.1875,65.0408,13904.40,0.796495,92.682877
609.100,92.8535,300.0000,65.1250,65.0408,13905.97,0.796765,92.682877
609.200,92.8535,300.0000,65.0625,65.0408,13907.44,0.797018,92.682877
609.300,92.8535,300.0000,65.0000,65.0408,13908.82,0.797254,92.682877
609.400,92.8535,300.0000,65.1250,65.0408,13910.10,0.797474,92.682877
609.500,92.8535,300.0000,65.0625,65.0408,13911.29,0.797680,92.682877
609.600,92.8535,300.0000,65.0000,65.0408,13912.41,0.797872,92.682877
609.700,92.8535,300.0000,65.0625,65.0408,13913.45,0.798051,92.682877
609.800,92.8535,300.0000,65.0625,65.0407,13914.42,0.798218,92.682877
609.900,92.8535,300.0000,65.0625,65.0407,13915.33,0.798374,92.682877
610.000,92.8574,300.0000,65.0000,65.0406,13916.21,0.798527,92.686757
610.100,92.8574,300.0000,65.1250,65.0406,13917.04,0.798669,92.686757
610.200,92.8574,300.0000,65.0625,65.0405,13917.81,0.798802,92.686757
610.300,92.8574,300.0000,65.0625,65.0405,13918.53,0.798926,92.686757
610.400,92.8574,300.0000,65.0625,65.0404,13919.20,0.799042,92.686757
610.500,92.8574,300.0000,65.0000,65.0403,13919.83,0.799150,92.686757
610.600,92.8574,300.0000,65.0000,65.0402,13920.42,0.799250,92.686757
610.700,92.8574,300.0000,65.0625,65.0401,13920.96,0.799345,92.686757
610.800,92.8574,300.0000,65.0000,65.0400,13921.47,0.799432,92.686757
610.900,92.8574,300.0000,65.1250,65.0399,13921.95,0.799514,92.686757
611.000,93.0358,300.0000,64.9375,65.0398,13924.18,0.799898,92.694519
611.100,93.0358,300.0000,65.0625,65.0397,13926.26,0.800257,92.694519
611.200,93.0358,300.0000,65.0000,65.0395,13928.20,0.800592,92.694519
611.300,93.0358,300.0000,65.0000,65.0394,13930.01,0.800904,92.694519
611.400,93.0358,300.0000,65.0000,65.0392,13931.70,0.801196,92.694519
611.500,93.0358,300.0000,65.0625,65.0390,13933.28,0.801468,92.694519
611.600,93.0358,300.0000,65.0000,65.0388,13934.75,0.801722,92.694519
611.700,93.0358,300.0000,65.0625,65.0386,13936.13,0.801959,92.694519
611.800,93.0358,300.0000,65.0625,65.0384,13937.41,0.802181,92.694519
611.900,93.0358,300.0000,65.1250,65.0382,13938.61,0.802388,92.694519
612.000,93.0436,300.0000,65.0625,65.0379,13939.80,0.802594,92.702281
612.100,93.0436,300.0000,65.0000,65.0377,13940.92,0.802787,92.702281
612.200,93.0436,300.0000,65.0000,65.0374,13941.96,0.802967,92.702281
612.300,93.0436,300.0000,65.0625,65.0371,13942.93,0.803135,92.702281
612.400,93.0436,300.0000,65.0000,65.0369,13943.84,0.803292,92.702281
612.500,93.0436,300.0000,65.0000,65.0366,13944.68,0.803438,92.702281
612.600,93.0436,300.0000,65.0000,65.0363,13945.47,0.803574,92.702281
612.700,93.0436,300.0000,65.0625,65.0360,13946.21,0.803702,92.702281
612.800,93.0436,300.0000,65.0625,65.0357,13946.90,0.803821,92.702281
612.900,93.0436,300.0000,65.0625,65.0354,13947.54,0.803932,92.702281
613.000,92.8768,300.0000,65.0625,65.0351,13946.47,0.803747,92.706162
613.100,92.8768,300.0000,65.1250,65.0349,13945.48,0.803575,92.706162
613.200,92.8768,300.0000,64.9375,65.0346,13944.55,0.803414,92.706162
613.300,92.8768,300.0000,65.0625,65.0343,13943.68,0.803264,92.706162
613.400,92.8768,300.0000,65.1250,65.0341,13942.87,0.803124,92.706162
613.500,92.8768,300.0000,65.0000,65.0338,13942.11,0.802993,92.706162
613.600,92.8768,300.0000,65.0000,65.0336,13941.41,0.802871,92.706162
613.700,92.8768,300.0000,65.1250,65.0333,13940.75,0.802758,92.706162
613.800,92.8768,300.0000,65.1250,65.0331,13940.13,0.802651,92.706162
613.900,92.8768,300.0000,65.0000,65.0329,13939.56,0.802552,92.706162
614.000,92.7062,300.0000,65.0625,65.0327,13937.32,0.802165,92.706162
614.100,92.7062,300.0000,64.9375,65.0325,13935.22,0.801804,92.706162
614.200,92.7062,300.0000,65.0625,65.0323,13933.27,0.801466,92.706162
614.300,92.7062,300.0000,65.0625,65.0321,13931.45,0.801152,92.706162
614.400,92.7062,300.0000,65.0625,65.0320,13929.75,0.800858,92.706162
614.500,92.7062,300.0000,65.1250,65.0319,13928.16,0.800585,92.706162
614.600,92.7062,300.0000,65.0625,65.0317,13926.68,0.800329,92.706162
614.700,92.7062,300.0000,65.0625,65.0316,13925.29,0.800091,92.706162
614.800,92.7062,300.0000,65.0625,65.0315,13924.00,0.799868,92.706162
614.900,92.7062,300.0000,65.0625,65.0315,13922.80,0.799660,92.706162
615.000,92.8807,300.0000,65.0000,65.0314,13923.42,0.799767,92.710043
615.100,92.8807,300.0000,65.0000,65.0313,13924.00,0.799867,92.710043
615.200,92.8807,300.0000,65.0000,65.0312,13924.54,0.799960,92.710043
615.300,92.8807,300.0000,65.0625,65.0311,13925.04,0.800047,92.710043
615.400,92.8807,300.0000,65.0000,65.0310,13925.51,0.800128,92.710043
615.500,92.8807,300.0000,65.1250,65.0309,13925.95,0.800204,92.710043
615.600,92.8807,300.0000,65.0000,65.0307,13926.36,0.800275,92.710043
615.700,92.8807,300.0000,65.0000,65.0306,13926.74,0.800341,92.710043
615.800,92.8807,300.0000,65.0000,65.0305,13927.10,0.800402,92.710043
615.900,92.8807,300.0000,65.0625,65.0304,13927.43,0.800460,92.710043
616.000,92.8846,300.0000,65.0625,65.0303,13927.78,0.800520,92.713923
616.100,92.8846,300.0000,65.0000,65.0301,13928.11,0.800577,92.713923
616.200,92.8846,300.0000,64.9375,65.0300,13928.42,0.800629,92.713923
616.300,92.8846,300.0000,65.0000,65.0299,13928.70,0.800678,92.713923
616.400,92.8846,300.0000,64.9375,65.0297,13928.97,0.800724,92.713923
616.500,92.8846,300.0000,65.0000,65.0296,13929.21,0.800767,92.713923
616.600,92.8846,300.0000,65.1250,65.0295,13929.45,0.800807,92.713923
616.700,92.8846,300.0000,65.0625,65.0293,13929.66,0.800844,92.713923
616.800,92.8846,300.0000,65.0000,65.0292,13929.86,0.800879,92.713923
616.900,92.8846,300.0000,65.1250,65.0291,13930.05,0.800911,92.713923
617.000,93.0630,300.0000,65.0625,65.0289,13932.01,0.801249,92.721685
617.100,93.0630,300.0000,65.0000,65.0287,13933.84,0.801565,92.721685
617.200,93.0630,300.0000,65.0625,65.0286,13935.55,0.801860,92.721685
617.300,93.0630,300.0000,65.0000,65.0284,13937.14,0.802135,92.721685
617.400,93.0630,300.0000,65.0000,65.0281,13938.63,0.802392,92.721685
617.500,93.0630,300.0000,65.0625,65.0279,13940.02,0.802631,92.721685
617.600,93.0630,300.0000,65.0625,65.0277,13941.31,0.802855,92.721685
617.700,93.0630,300.0000,65.0625,65.0275,13942.52,0.803064,92.721685
617.800,93.0630,300.0000,65.0625,65.0272,13943.65,0.803259,92.721685
617.900,93.0630,300.0000,65.1250,65.0270,13944.70,0.803441,92.721685
618.000,93.0707,300.0000,65.0000,65.0267,13945.76,0.803624,92.729447
618.100,93.0707,300.0000,65.0625,65.0264,13946.75,0.803795,92.729447
618.200,93.0707,300.0000,65.0000,65.0261,13947.68,0.803955,92.729447
618.300,93.0707,300.0000,65.0000,65.0258,13948.54,0.804104,92.729447
618.400,93.0707,300.0000,65.0000,65.0256,13949.34,0.804244,92.729447
618.500,93.0707,300.0000,65.0625,65.0253,13950.10,0.804373,92.729447
618.600,93.0707,300.0000,65.0625,65.0250,13950.80,0.804495,92.729447
618.700,93.0707,300.0000,65.1250,65.0246,13951.45,0.804608,92.729447
618.800,93.0707,300.0000,64.9375,65.0243,13952.06,0.804714,92.729447
618.900,93.0707,300.0000,65.0000,65.0240,13952.63,0.804812,92.729447
619.000,92.7294,300.0000,65.0625,65.0237,13949.75,0.804314,92.729447
619.100,92.7294,300.0000,65.1250,65.0235,13947.06,0.803849,92.729447
619.200,92.7294,300.0000,65.0000,65.0232,13944.55,0.803415,92.729447
619.300,92.7294,300.0000,65.0000,65.0230,13942.21,0.803010,92.729447
619.400,92.7294,300.0000,65.0625,65.0228,13940.02,0.802632,92.729447
619.500,92.7294,300.0000,65.0625,65.0226,13937.98,0.802280,92.729447
619.600,92.7294,300.0000,65.0000,65.0224,13936.08,0.801951,92.729447
619.700,92.7294,300.0000,65.0000,65.0222,13934.30,0.801644,92.729447
619.800,92.7294,300.0000,65.0000,65.0221,13932.64,0.801358,92.729447
619.900,92.7294,300.0000,65.0625,65.0220,13931.09,0.801091,92.729447
620.000,92.9040,300.0000,65.1250,65.0218,13931.39,0.801143,92.733328
620.100,92.9040,300.0000,65.0000,65.0217,13931.67,0.801191,92.733328
620.200,92.9040,300.0000,65.0000,65.0216,13931.94,0.801236,92.733328
620.300,92.9040,300.0000,65.0000,65.0214,13932.18,0.801278,92.733328
620.400,92.9040,300.0000,65.0625,65.0213,13932.41,0.801318,92.733328
620.500,92.9040,300.0000,64.9375,65.0211,13932.62,0.801354,92.733328
620.600,92.9040,300.0000,65.0625,65.0210,13932.82,0.801389,92.733328
620.700,92.9040,300.0000,65.0625,65.0208,13933.00,0.801421,92.733328
620.800,92.9040,300.0000,65.0625,65.0207,13933.18,0.801450,92.733328
620.900,92.9040,300.0000,65.0625,65.0205,13933.34,0.801478,92.733328
621.000,92.9079,300.0000,65.0000,65.0204,13933.53,0.801511,92.737209
621.100,92.9079,300.0000,65.0000,65.0202,13933.70,0.801541,92.737209
621.200,92.9079,300.0000,65.0625,65.0201,13933.87,0.801570,92.737209
621.300,92.9079,300.0000,64.9375,65.0199,13934.02,0.801596,92.737209
621.400,92.9079,300.0000,65.0625,65.0198,13934.17,0.801621,92.737209
621.500,92.9079,300.0000,65.0000,65.0196,13934.30,0.801644,92.737209
621.600,92.9079,300.0000,65.1250,65.0195,13934.43,0.801666,92.737209
621.700,92.9079,300.0000,65.1875,65.0193,13934.54,0.801686,92.737209
621.800,92.9079,300.0000,65.0625,65.0192,13934.65,0.801705,92.737209
621.900,92.9079,300.0000,65.0625,65.0190,13934.75,0.801723,92.737209
622.000,92.9117,300.0000,65.0000,65.0189,13934.89,0.801746,92.741090
622.100,92.9117,300.0000,65.0625,65.0187,13935.01,0.801767,92.741090
622.200,92.9117,300.0000,65.0625,65.0185,13935.13,0.801787,92.741090
622.300,92.9117,300.0000,65.0000,65.0184,13935.24,0.801806,92.741090
622.400,92.9117,300.0000,65.0000,65.0182,13935.34,0.801824,92.741090
622.500,92.9117,300.0000,65.0000,65.0181,13935.43,0.801840,92.741090
622.600,92.9117,300.0000,65.0625,65.0179,13935.52,0.801855,92.741090
622.700,92.9117,300.0000,64.9375,65.0177,13935.61,0.801870,92.741090
622.800,92.9117,300.0000,65.0625,65.0176,13935.68,0.801883,92.741090
622.900,92.9117,300.0000,65.0000,65.0174,13935.75,0.801895,92.741090
623.000,92.7411,300.0000,65.0000,65.0173,13934.11,0.801612,92.741090
623.100,92.7411,300.0000,65.0000,65.0171,13932.58,0.801348,92.741090
623.200,92.7411,300.0000,65.0000,65.0170,13931.16,0.801102,92.741090
623.300,92.7411,300.0000,65.0625,65.0169,13929.82,0.800872,92.741090
623.400,92.7411,300.0000,65.0625,65.0168,13928.58,0.800657,92.741090
623.500,92.7411,300.0000,65.0000,65.0167,13927.42,0.800457,92.741090
623.600,92.7411,300.0000,65.0000,65.0166,13926.33,0.800270,92.741090
623.700,92.7411,300.0000,65.0000,65.0166,13925.32,0.800096,92.741090
623.800,92.7411,300.0000,65.0000,65.0165,13924.38,0.799933,92.741090
623.900,92.7411,300.0000,65.0000,65.0164,13923.50,0.799781,92.741090
624.000,92.7411,300.0000,65.0625,65.0164,13922.68,0.799640,92.741090
624.100,92.7411,300.0000,65.0000,65.0163,13921.91,0.799508,92.741090
624.200,92.7411,300.0000,65.0625,65.0163,13921.19,0.799384,92.741090
624.300,92.7411,300.0000,65.0625,65.0163,13920.52,0.799269,92.741090
624.400,92.7411,300.0000,65.0625,65.0162,13919.90,0.799161,92.741090
624.500,92.7411,300.0000,65.0000,65.0162,13919.32,0.799061,92.741090
624.600,92.7411,300.0000,64.9375,65.0162,13918.77,0.798968,92.741090
624.700,92.7411,300.0000,65.0625,65.0162,13918.27,0.798880,92.741090
624.800,92.7411,300.0000,65.0625,65.0162,13917.79,0.798799,92.741090
624.900,92.7411,300.0000,65.0625,65.0162,13917.35,0.798723,92.741090
625.000,92.9156,300.0000,65.0625,65.0162,13918.68,0.798952,92.744970
625.100,92.9156,300.0000,64.9375,65.0161,13919.93,0.799166,92.744970
625.200,92.9156,300.0000,65.0000,65.0161,13921.09,0.799366,92.744970
625.300,92.9156,300.0000,65.0000,65.0161,13922.17,0.799553,92.744970
625.400,92.9156,300.0000,65.0625,65.0160,13923.18,0.799727,92.744970
625.500,92.9156,300.0000,65.1250,65.0159,13924.13,0.799890,92.744970
625.600,92.9156,300.0000,65.0000,65.0159,13925.01,0.800042,92.744970
625.700,92.9156,300.0000,65.0625,65.0158,13925.83,0.800183,92.744970
625.800,92.9156,300.0000,65.0625,65.0157,13926.60,0.800316,92.744970
625.900,92.9156,300.0000,65.1250,65.0156,13927.31,0.800439,92.744970
626.000,93.0940,300.0000,65.0625,65.0155,13929.77,0.800862,92.752732
626.100,93.0940,300.0000,65.1250,65.0154,13932.06,0.801257,92.752732
626.200,93.0940,300.0000,65.0000,65.0153,13934.19,0.801626,92.752732
626.300,93.0940,300.0000,65.0625,65.0151,13936.19,0.801970,92.752732
626.400,93.0940,300.0000,65.0000,65.0149,13938.05,0.802291,92.752732
626.500,93.0940,300.0000,65.0000,65.0147,13939.79,0.802591,92.752732
626.600,93.0940,300.0000,65.0625,65.0145,13941.41,0.802871,92.752732
626.700,93.0940,300.0000,65.0000,65.0143,13942.92,0.803133,92.752732
626.800,93.0940,300.0000,65.1250,65.0141,13944.33,0.803377,92.752732
626.900,93.0940,300.0000,65.0625,65.0139,13945.65,0.803605,92.752732
627.000,92.9273,300.0000,64.9375,65.0136,13945.21,0.803529,92.756613
627.100,92.9273,300.0000,65.0000,65.0134,13944.80,0.803459,92.756613
627.200,92.9273,300.0000,65.0000,65.0132,13944.42,0.803393,92.756613
627.300,92.9273,300.0000,65.1250,65.0130,13944.07,0.803331,92.756613
627.400,92.9273,300.0000,65.0625,65.0127,13943.74,0.803274,92.756613
627.500,92.9273,300.0000,65.0625,65.0125,13943.43,0.803220,92.756613
627.600,92.9273,300.0000,65.0000,65.0123,13943.14,0.803170,92.756613
627.700,92.9273,300.0000,65.0625,65.0121,13942.87,0.803124,92.756613
627.800,92.9273,300.0000,65.0000,65.0119,13942.62,0.803080,92.756613
627.900,92.9273,300.0000,65.0625,65.0117,13942.38,0.803040,92.756613
628.000,92.9311,300.0000,65.0000,65.0115,13942.20,0.803008,92.760494
628.100,92.9311,300.0000,65.0625,65.0113,13942.03,0.802979,92.760494
628.200,92.9311,300.0000,65.0625,65.0111,13941.87,0.802952,92.760494
628.300,92.9311,300.0000,65.0625,65.0109,13941.73,0.802927,92.760494
628.400,92.9311,300.0000,65.0625,65.0107,13941.59,0.802903,92.760494
628.500,92.9311,300.0000,65.0625,65.0105,13941.46,0.802881,92.760494
628.600,92.9311,300.0000,65.0625,65.0103,13941.34,0.802860,92.760494
628.700,92.9311,300.0000,64.9375,65.0101,13941.23,0.802841,92.760494
628.800,92.9311,300.0000,64.9375,65.0099,13941.13,0.802823,92.760494
628.900,92.9311,300.0000,65.0000,65.0097,13941.03,0.802806,92.760494
629.000,92.7605,300.0000,65.0000,65.0096,13939.23,0.802496,92.760494
629.100,92.7605,300.0000,65.0000,65.0094,13937.56,0.802206,92.760494
629.200,92.7605,300.0000,65.0000,65.0093,13935.99,0.801936,92.760494
629.300,92.7605,300.0000,64.9375,65.0091,13934.53,0.801684,92.760494
629.400,92.7605,300.0000,65.0000,65.0090,13933.17,0.801449,92.760494
629.500,92.7605,300.0000,65.0000,65.0089,13931.89,0.801229,92.760494
629.600,92.7605,300.0000,65.1250,65.0088,13930.71,0.801024,92.760494
629.700,92.7605,300.0000,65.0000,65.0087,13929.60,0.800833,92.760494
629.800,92.7605,300.0000,65.1250,65.0086,13928.56,0.800654,92.760494
629.900,92.7605,300.0000,65.0000,65.0086,13927.60,0.800488,92.760494
630.000,92.7605,300.0000,65.0000,65.0085,13926.69,0.800332,92.760494
630.100,92.7605,300.0000,65.0000,65.0084,13925.85,0.800187,92.760494
630.200,92.7605,300.0000,65.0625,65.0084,13925.07,0.800052,92.760494
630.300,92.7605,300.0000,65.1250,65.0083,13924.33,0.799926,92.760494
630.400,92.7605,300.0000,65.0625,65.0083,13923.65,0.799808,92.760494
630.500,92.7605,300.0000,65.0000,65.0083,13923.01,0.799698,92.760494
630.600,92.7605,300.0000,64.9375,65.0082,13922.42,0.799595,92.760494
630.700,92.7605,300.0000,65.0000,65.0082,13921.86,0.799499,92.760494
630.800,92.7605,300.0000,64.9375,65.0082,13921.34,0.799410,92.760494
630.900,92.7605,300.0000,65.0625,65.0082,13920.86,0.799326,92.760494
631.000,92.9350,300.0000,64.8750,65.0081,13922.15,0.799549,92.764375
631.100,92.9350,300.0000,65.0625,65.0081,13923.36,0.799757,92.764375
631.200,92.9350,300.0000,65.0625,65.0081,13924.48,0.799951,92.764375
631.300,92.9350,300.0000,65.0625,65.0080,13925.53,0.800132,92.764375
631.400,92.9350,300.0000,65.0000,65.0079,13926.52,0.800302,92.764375
631.500,92.9350,300.0000,65.0000,65.0079,13927.43,0.800459,92.764375
631.600,92.9350,300.0000,65.0625,65.0078,13928.29,0.800607,92.764375
631.700,92.9350,300.0000,65.0000,65.0077,13929.08,0.800744,92.764375
631.800,92.9350,300.0000,65.0000,65.0076,13929.83,0.800873,92.764375
631.900,92.9350,300.0000,64.9375,65.0075,13930.52,0.800993,92.764375
632.000,92.5898,300.0000,65.1250,65.0075,13927.72,0.800509,92.760494
632.100,92.5898,300.0000,64.9375,65.0074,13925.10,0.800058,92.760494
632.200,92.5898,300.0000,65.0000,65.0074,13922.66,0.799637,92.760494
632.300,92.5898,300.0000,65.1875,65.0074,13920.38,0.799245,92.760494
632.400,92.5898,300.0000,65.1250,65.0074,13918.26,0.798878,92.760494
632.500,92.5898,300.0000,65.0625,65.0074,13916.27,0.798537,92.760494
632.600,92.5898,300.0000,65.0625,65.0074,13914.42,0.798218,92.760494
632.700,92.5898,300.0000,65.0000,65.0075,13912.69,0.797920,92.760494
632.800,92.5898,300.0000,65.0000,65.0075,13911.07,0.797642,92.760494
632.900,92.5898,300.0000,65.0000,65.0076,13909.57,0.797383,92.760494
633.000,92.7605,300.0000,65.0000,65.0077,13909.87,0.797435,92.760494
633.100,92.7605,300.0000,64.9375,65.0078,13910.15,0.797483,92.760494
633.200,92.7605,300.0000,65.0625,65.0078,13910.41,0.797528,92.760494
633.300,92.7605,300.0000,64.9375,65.0079,13910.65,0.797570,92.760494
633.400,92.7605,300.0000,65.0000,65.0080,13910.88,0.797609,92.760494
633.500,92.7605,300.0000,65.0000,65.0080,13911.10,0.797646,92.760494
633.600,92.7605,300.0000,65.0000,65.0081,13911.29,0.797680,92.760494
633.700,92.7605,300.0000,65.0625,65.0082,13911.48,0.797712,92.760494
633.800,92.7605,300.0000,65.0625,65.0082,13911.65,0.797742,92.760494
633.900,92.7605,300.0000,65.0000,65.0083,13911.81,0.797770,92.760494
634.000,92.7605,300.0000,65.0000,65.0083,13911.96,0.797796,92.760494
634.100,92.7605,300.0000,64.9375,65.0084,13912.11,0.797820,92.760494
634.200,92.7605,300.0000,65.0000,65.0085,13912.24,0.797842,92.760494
634.300,92.7605,300.0000,65.0000,65.0085,13912.36,0.797863,92.760494
634.400,92.7605,300.0000,65.0625,65.0086,13912.47,0.797883,92.760494
634.500,92.7605,300.0000,65.0000,65.0086,13912.58,0.797901,92.760494
634.600,92.7605,300.0000,65.0625,65.0087,13912.68,0.797919,92.760494
634.700,92.7605,300.0000,64.9375,65.0087,13912.77,0.797935,92.760494
634.800,92.7605,300.0000,65.0000,65.0088,13912.86,0.797949,92.760494
634.900,92.7605,300.0000,64.9375,65.0088,13912.94,0.797963,92.760494
635.000,92.5860,300.0000,65.0000,65.0089,13911.27,0.797676,92.756613
635.100,92.5860,300.0000,65.0625,65.0089,13909.71,0.797408,92.756613
635.200,92.5860,300.0000,65.0000,65.0090,13908.26,0.797158,92.756613
635.300,92.5860,300.0000,65.0000,65.0091,13906.90,0.796925,92.756613
635.400,92.5860,300.0000,65.0000,65.0092,13905.63,0.796707,92.756613
635.500,92.5860,300.0000,65.0000,65.0094,13904.45,0.796504,92.756613
635.600,92.5860,300.0000,64.9375,65.0095,13903.35,0.796314,92.756613
635.700,92.5860,300.0000,64.9375,65.0096,13902.32,0.796137,92.756613
635.800,92.5860,300.0000,65.0000,65.0098,13901.36,0.795972,92.756613
635.900,92.5860,300.0000,64.9375,65.0099,13900.46,0.795818,92.756613
636.000,92.5821,300.0000,65.0625,65.0101,13899.58,0.795667,92.752732
636.100,92.5821,300.0000,65.1250,65.0102,13898.76,0.795527,92.752732
636.200,92.5821,300.0000,65.0000,65.0104,13898.00,0.795396,92.752732
636.300,92.5821,300.0000,65.0625,65.0106,13897.29,0.795273,92.752732
636.400,92.5821,300.0000,65.0000,65.0107,13896.62,0.795159,92.752732
636.500,92.5821,300.0000,64.9375,65.0109,13896.00,0.795053,92.752732
636.600,92.5821,300.0000,65.0000,65.0111,13895.42,0.794953,92.752732
636.700,92.5821,300.0000,65.0625,65.0113,13894.88,0.794860,92.752732
636.800,92.5821,300.0000,65.1250,65.0115,13894.38,0.794774,92.752732
636.900,92.5821,300.0000,64.9375,65.0117,13893.91,0.794693,92.752732
637.000,92.5782,300.0000,64.9375,65.0119,13893.43,0.794611,92.748851
637.100,92.5782,300.0000,64.9375,65.0121,13892.98,0.794534,92.748851
637.200,92.5782,300.0000,65.0625,65.0123,13892.56,0.794463,92.748851
637.300,92.5782,300.0000,65.0000,65.0125,13892.18,0.794396,92.748851
637.400,92.5782,300.0000,65.0000,65.0128,13891.81,0.794334,92.748851
637.500,92.5782,300.0000,65.0000,65.0130,13891.47,0.794276,92.748851
637.600,92.5782,300.0000,65.0625,65.0132,13891.16,0.794221,92.748851
637.700,92.5782,300.0000,64.8750,65.0134,13890.86,0.794171,92.748851
637.800,92.5782,300.0000,65.0000,65.0136,13890.59,0.794123,92.748851
637.900,92.5782,300.0000,64.9375,65.0139,13890.33,0.794079,92.748851
638.000,92.5743,300.0000,65.0000,65.0141,13890.05,0.794032,92.744970
638.100,92.5743,300.0000,64.9375,65.0143,13889.79,0.793987,92.744970
638.200,92.5743,300.0000,65.0000,65.0145,13889.55,0.793945,92.744970
638.300,92.5743,300.0000,65.0625,65.0148,13889.32,0.793906,92.744970
638.400,92.5743,300.0000,65.0000,65.0150,13889.11,0.793870,92.744970
638.500,92.5743,300.0000,65.0000,65.0152,13888.91,0.793836,92.744970
638.600,92.5743,300.0000,64.9375,65.0155,13888.73,0.793805,92.744970
638.700,92.5743,300.0000,65.0000,65.0157,13888.56,0.793775,92.744970
638.800,92.5743,300.0000,65.0000,65.0159,13888.40,0.793748,92.744970
638.900,92.5743,300.0000,64.8750,65.0162,13888.25,0.793722,92.744970
639.000,92.3959,300.0000,64.9375,65.0164,13886.32,0.793392,92.737209
639.100,92.3959,300.0000,65.1250,65.0167,13884.53,0.793084,92.737209
639.200,92.3959,300.0000,65.0625,65.0170,13882.85,0.792797,92.737209
639.300,92.3959,300.0000,65.0000,65.0173,13881.29,0.792529,92.737209
639.400,92.3959,300.0000,65.1250,65.0176,13879.83,0.792279,92.737209
639.500,92.3959,300.0000,64.9375,65.0179,13878.46,0.792046,92.737209
639.600,92.3959,300.0000,65.0625,65.0182,13877.19,0.791828,92.737209
639.700,92.3959,300.0000,65.0000,65.0185,13876.00,0.791625,92.737209
639.800,92.3959,300.0000,65.0000,65.0189,13874.90,0.791435,92.737209
639.900,92.3959,300.0000,65.0625,65.0192,13873.86,0.791259,92.737209
640.000,92.9117,300.0000,65.0000,65.0196,13878.06,0.791976,92.741090
640.100,92.9117,300.0000,65.0625,65.0198,13881.97,0.792646,92.741090
640.200,92.9117,300.0000,65.0625,65.0201,13885.62,0.793272,92.741090
640.300,92.9117,300.0000,64.9375,65.0203,13889.03,0.793857,92.741090
640.400,92.9117,300.0000,65.0000,65.0205,13892.21,0.794402,92.741090
640.500,92.9117,300.0000,65.1250,65.0207,13895.18,0.794912,92.741090
640.600,92.9117,300.0000,65.0000,65.0208,13897.96,0.795388,92.741090
640.700,92.9117,300.0000,65.0000,65.0209,13900.54,0.795832,92.741090
640.800,92.9117,300.0000,65.0625,65.0210,13902.96,0.796247,92.741090
640.900,92.9117,300.0000,65.0625,65.0211,13905.21,0.796634,92.741090
641.000,92.9156,300.0000,64.8750,65.0212,13907.35,0.797002,92.744970
641.100,92.9156,300.0000,65.0000,65.0212,13909.35,0.797346,92.744970
641.200,92.9156,300.0000,65.0625,65.0213,13911.22,0.797667,92.744970
641.300,92.9156,300.0000,65.1250,65.0213,13912.96,0.797967,92.744970
641.400,92.9156,300.0000,65.0000,65.0213,13914.59,0.798246,92.744970
641.500,92.9156,300.0000,65.0000,65.0213,13916.10,0.798508,92.744970
641.600,92.9156,300.0000,65.1250,65.0213,13917.52,0.798751,92.744970
641.700,92.9156,300.0000,64.9375,65.0212,13918.84,0.798979,92.744970
641.800,92.9156,300.0000,64.9375,65.0212,13920.07,0.799191,92.744970
641.900,92.9156,300.0000,65.0000,65.0212,13921.22,0.799390,92.744970
642.000,92.7450,300.0000,64.9375,65.0211,13920.59,0.799281,92.744970
642.100,92.7450,300.0000,65.1250,65.0211,13920.00,0.799179,92.744970
642.200,92.7450,300.0000,65.0000,65.0210,13919.45,0.799084,92.744970
642.300,92.7450,300.0000,65.0625,65.0210,13918.94,0.798996,92.744970
642.400,92.7450,300.0000,65.0000,65.0210,13918.46,0.798913,92.744970
642.500,92.7450,300.0000,65.0625,65.0210,13918.01,0.798836,92.744970
642.600,92.7450,300.0000,65.0000,65.0210,13917.59,0.798764,92.744970
642.700,92.7450,300.0000,65.0625,65.0209,13917.20,0.798697,92.744970
642.800,92.7450,300.0000,65.0625,65.0209,13916.84,0.798635,92.744970
642.900,92.7450,300.0000,65.0000,65.0209,13916.50,0.798576,92.744970
643.000,92.7450,300.0000,65.0000,65.0209,13916.18,0.798522,92.744970
643.100,92.7450,300.0000,64.8750,65.0209,13915.89,0.798471,92.744970
643.200,92.7450,300.0000,65.0625,65.0209,13915.61,0.798423,92.744970
643.300,92.7450,300.0000,65.0000,65.0209,13915.35,0.798379,92.744970
643.400,92.7450,300.0000,65.1250,65.0209,13915.11,0.798337,92.744970
643.500,92.7450,300.0000,65.0000,65.0209,13914.89,0.798299,92.744970
643.600,92.7450,300.0000,65.0000,65.0209,13914.68,0.798263,92.744970
643.700,92.7450,300.0000,64.9375,65.0209,13914.48,0.798229,92.744970
643.800,92.7450,300.0000,64.9375,65.0209,13914.30,0.798198,92.744970
643.900,92.7450,300.0000,65.0000,65.0209,13914.13,0.798168,92.744970
644.000,92.7450,300.0000,65.0000,65.0210,13913.97,0.798141,92.744970
644.100,92.7450,300.0000,65.0000,65.0210,13913.82,0.798115,92.744970
644.200,92.7450,300.0000,65.0000,65.0210,13913.68,0.798092,92.744970
644.300,92.7450,300.0000,64.8750,65.0210,13913.56,0.798069,92.744970
644.400,92.7450,300.0000,65.0000,65.0210,13913.43,0.798049,92.744970
644.500,92.7450,300.0000,65.0625,65.0210,13913.32,0.798029,92.744970
644.600,92.7450,300.0000,65.0000,65.0211,13913.22,0.798011,92.744970
644.700,92.7450,300.0000,65.0625,65.0211,13913.12,0.797994,92.744970
644.800,92.7450,300.0000,64.9375,65.0211,13913.03,0.797978,92.744970
644.900,92.7450,300.0000,65.0625,65.0211,13912.94,0.797964,92.744970
645.000,92.9195,300.0000,65.0000,65.0211,13914.61,0.798250,92.748851
645.100,92.9195,300.0000,64.9375,65.0211,13916.16,0.798518,92.748851
645.200,92.9195,300.0000,65.0625,65.0211,13917.61,0.798768,92.748851
645.300,92.9195,300.0000,65.0000,65.0211,13918.97,0.799001,92.748851
645.400,92.9195,300.0000,65.0625,65.0210,13920.23,0.799219,92.748851
645.500,92.9195,300.0000,65.0625,65.0210,13921.41,0.799422,92.748851
645.600,92.9195,300.0000,65.0000,65.0209,13922.51,0.799611,92.748851
645.700,92.9195,300.0000,65.0625,65.0208,13923.54,0.799788,92.748851
645.800,92.9195,300.0000,65.0625,65.0208,13924.50,0.799954,92.748851
645.900,92.9195,300.0000,65.0625,65.0207,13925.39,0.800108,92.748851
646.000,92.9234,300.0000,65.0000,65.0206,13926.27,0.800259,92.752732
646.100,92.9234,300.0000,65.0000,65.0205,13927.08,0.800399,92.752732
646.200,92.9234,300.0000,65.0000,65.0204,13927.85,0.800531,92.752732
646.300,92.9234,300.0000,65.0625,65.0203,13928.56,0.800653,92.752732
646.400,92.9234,300.0000,65.0000,65.0202,13929.22,0.800768,92.752732
646.500,92.9234,300.0000,65.0000,65.0201,13929.84,0.800875,92.752732
646.600,92.9234,300.0000,65.0000,65.0199,13930.42,0.800974,92.752732
646.700,92.9234,300.0000,65.0625,65.0198,13930.96,0.801067,92.752732
646.800,92.9234,300.0000,65.0625,65.0197,13931.46,0.801154,92.752732
646.900,92.9234,300.0000,65.0000,65.0196,13931.93,0.801235,92.752732
647.000,92.7527,300.0000,65.1250,65.0194,13930.66,0.801016,92.752732
647.100,92.7527,300.0000,65.0625,65.0193,13929.48,0.800812,92.752732
647.200,92.7527,300.0000,65.0000,65.0192,13928.37,0.800622,92.752732
647.300,92.7527,300.0000,64.9375,65.0191,13927.34,0.800444,92.752732
647.400,92.7527,300.0000,65.0000,65.0190,13926.38,0.800278,92.752732
647.500,92.7527,300.0000,64.9375,65.0190,13925.48,0.800123,92.752732
647.600,92.7527,300.0000,65.0000,65.0189,13924.64,0.799979,92.752732
647.700,92.7527,300.0000,65.0000,65.0188,13923.86,0.799844,92.752732
647.800,92.7527,300.0000,65.0625,65.0188,13923.13,0.799718,92.752732
647.900,92.7527,300.0000,65.0625,65.0187,13922.45,0.799601,92.752732
648.000,92.9273,300.0000,65.0625,65.0186,13923.56,0.799792,92.756613
648.100,92.9273,300.0000,65.0000,65.0186,13924.59,0.799970,92.756613
648.200,92.9273,300.0000,65.0000,65.0185,13925.56,0.800137,92.756613
648.300,92.9273,300.0000,65.0625,65.0184,13926.46,0.800292,92.756613
648.400,92.9273,300.0000,65.0625,65.0183,13927.30,0.800438,92.756613
648.500,92.9273,300.0000,65.0000,65.0182,13928.09,0.800573,92.756613
648.600,92.9273,300.0000,65.0625,65.0181,13928.82,0.800699,92.756613
648.700,92.9273,300.0000,65.0000,65.0180,13929.51,0.800817,92.756613
648.800,92.9273,300.0000,65.0000,65.0179,13930.15,0.800928,92.756613
648.900,92.9273,300.0000,65.0000,65.0178,13930.74,0.801031,92.756613
649.000,92.7566,300.0000,65.0625,65.0176,13929.59,0.800832,92.756613
649.100,92.7566,300.0000,65.0000,65.0175,13928.52,0.800647,92.756613
649.200,92.7566,300.0000,65.0625,65.0175,13927.52,0.800474,92.756613
649.300,92.7566,300.0000,65.0625,65.0174,13926.58,0.800313,92.756613
649.400,92.7566,300.0000,65.0625,65.0173,13925.71,0.800163,92.756613
649.500,92.7566,300.0000,65.0625,65.0172,13924.90,0.800022,92.756613
649.600,92.7566,300.0000,65.0000,65.0172,13924.14,0.799891,92.756613
649.700,92.7566,300.0000,65.0000,65.0171,13923.43,0.799769,92.756613
649.800,92.7566,300.0000,65.0000,65.0170,13922.76,0.799655,92.756613
649.900,92.7566,300.0000,65.0000,65.0170,13922.15,0.799548,92.756613
650.000,92.7566,300.0000,65.1250,65.0170,13921.57,0.799449,92.756613
650.100,92.7566,300.0000,65.0625,65.0169,13921.03,0.799356,92.756613
650.200,92.7566,300.0000,65.0000,65.0169,13920.53,0.799270,92.756613
650.300,92.7566,300.0000,64.9375,65.0169,13920.06,0.799189,92.756613
650.400,92.7566,300.0000,65.0625,65.0168,13919.62,0.799113,92.756613
650.500,92.7566,300.0000,64.9375,65.0168,13919.21,0.799043,92.756613
650.600,92.7566,300.0000,65.0625,65.0168,13918.83,0.798977,92.756613
650.700,92.7566,300.0000,65.0625,65.0168,13918.47,0.798916,92.756613
650.800,92.7566,300.0000,65.0625,65.0168,13918.14,0.798859,92.756613
650.900,92.7566,300.0000,65.0625,65.0168,13917.83,0.798805,92.756613
651.000,92.9311,300.0000,65.0000,65.0167,13919.29,0.799056,92.760494
651.100,92.9311,300.0000,65.0000,65.0167,13920.65,0.799290,92.760494
651.200,92.9311,300.0000,65.0625,65.0166,13921.92,0.799509,92.760494
651.300,92.9311,300.0000,65.0625,65.0166,13923.10,0.799713,92.760494
651.400,92.9311,300.0000,64.9375,65.0165,13924.20,0.799903,92.760494
651.500,92.9311,300.0000,65.0625,65.0165,13925.24,0.800081,92.760494
651.600,92.9311,300.0000,65.0000,65.0164,13926.20,0.800247,92.760494
651.700,92.9311,300.0000,65.0625,65.0163,13927.10,0.800402,92.760494
651.800,92.9311,300.0000,65.1250,65.0162,13927.93,0.800546,92.760494
651.900,92.9311,300.0000,65.0625,65.0161,13928.72,0.800681,92.760494
652.000,92.9350,300.0000,65.0000,65.0160,13929.49,0.800814,92.764375
652.100,92.9350,300.0000,65.0625,65.0159,13930.20,0.800938,92.764375
652.200,92.9350,300.0000,65.0000,65.0158,13930.87,0.801053,92.764375
652.300,92.9350,300.0000,65.0000,65.0156,13931.50,0.801161,92.764375
652.400,92.9350,300.0000,64.9375,65.0155,13932.08,0.801262,92.764375
652.500,92.9350,300.0000,65.0000,65.0154,13932.63,0.801356,92.764375
652.600,92.9350,300.0000,64.9375,65.0153,13933.14,0.801443,92.764375
652.700,92.9350,300.0000,65.0000,65.0151,13933.61,0.801525,92.764375
652.800,92.9350,300.0000,65.0000,65.0150,13934.05,0.801602,92.764375
652.900,92.9350,300.0000,65.0625,65.0148,13934.47,0.801673,92.764375
653.000,92.9389,300.0000,65.0000,65.0147,13934.89,0.801746,92.768256
653.100,92.9389,300.0000,64.9375,65.0145,13935.29,0.801815,92.768256
653.200,92.9389,300.0000,65.0000,65.0144,13935.66,0.801879,92.768256
653.300,92.9389,300.0000,64.9375,65.0142,13936.00,0.801938,92.768256
653.400,92.9389,300.0000,65.0625,65.0141,13936.32,0.801994,92.768256
653.500,92.9389,300.0000,65.0000,65.0139,13936.63,0.802046,92.768256
653.600,92.9389,300.0000,65.0000,65.0137,13936.91,0.802094,92.768256
653.700,92.9389,300.0000,65.0625,65.0136,13937.17,0.802139,92.768256
653.800,92.9389,300.0000,65.0000,65.0134,13937.41,0.802182,92.768256
653.900,92.9389,300.0000,65.0625,65.0132,13937.64,0.802221,92.768256
654.000,92.9428,300.0000,65.0000,65.0131,13937.89,0.802265,92.772136
654.100,92.9428,300.0000,64.9375,65.0129,13938.13,0.802305,92.772136
654.200,92.9428,300.0000,64.9375,65.0127,13938.35,0.802343,92.772136
654.300,92.9428,300.0000,65.0625,65.0126,13938.55,0.802378,92.772136
654.400,92.9428,300.0000,64.9375,65.0124,13938.74,0.802411,92.772136
654.500,92.9428,300.0000,65.0000,65.0122,13938.92,0.802442,92.772136
654.600,92.9428,300.0000,65.0000,65.0120,13939.09,0.802471,92.772136
654.700,92.9428,300.0000,64.9375,65.0118,13939.24,0.802498,92.772136
654.800,92.9428,300.0000,64.9375,65.0117,13939.39,0.802523,92.772136
654.900,92.9428,300.0000,65.0000,65.0115,13939.52,0.802546,92.772136
655.000,92.7721,300.0000,65.0625,65.0113,13937.94,0.802273,92.772136
655.100,92.7721,300.0000,65.0000,65.0112,13936.47,0.802019,92.772136
655.200,92.7721,300.0000,65.0000,65.0110,13935.09,0.801781,92.772136
655.300,92.7721,300.0000,65.0625,65.0109,13933.81,0.801559,92.772136
655.400,92.7721,300.0000,65.1250,65.0108,13932.61,0.801352,92.772136
655.500,92.7721,300.0000,64.9375,65.0107,13931.49,0.801159,92.772136
655.600,92.7721,300.0000,65.0000,65.0106,13930.44,0.800979,92.772136
655.700,92.7721,300.0000,65.0000,65.0105,13929.47,0.800811,92.772136
655.800,92.7721,300.0000,65.0000,65.0104,13928.56,0.800654,92.772136
655.900,92.7721,300.0000,65.0000,65.0103,13927.71,0.800507,92.772136
656.000,92.7721,300.0000,65.0625,65.0102,13926.92,0.800371,92.772136
656.100,92.7721,300.0000,65.0000,65.0102,13926.18,0.800243,92.772136
656.200,92.7721,300.0000,65.0000,65.0101,13925.49,0.800124,92.772136
656.300,92.7721,300.0000,64.9375,65.0101,13924.84,0.800013,92.772136
656.400,92.7721,300.0000,65.0625,65.0100,13924.24,0.799909,92.772136
656.500,92.7721,300.0000,65.0625,65.0100,13923.68,0.799813,92.772136
656.600,92.7721,300.0000,64.9375,65.0099,13923.16,0.799722,92.772136
656.700,92.7721,300.0000,65.1875,65.0099,13922.67,0.799638,92.772136
656.800,92.7721,300.0000,64.9375,65.0099,13922.21,0.799560,92.772136
656.900,92.7721,300.0000,65.0000,65.0098,13921.78,0.799486,92.772136
657.000,92.7721,300.0000,65.0000,65.0098,13921.39,0.799418,92.772136
657.100,92.7721,300.0000,65.0625,65.0098,13921.02,0.799354,92.772136
657.200,92.7721,300.0000,64.8750,65.0098,13920.67,0.799294,92.772136
657.300,92.7721,300.0000,65.0625,65.0097,13920.35,0.799238,92.772136
657.400,92.7721,300.0000,65.0625,65.0097,13920.04,0.799186,92.772136
657.500,92.7721,300.0000,65.0000,65.0097,13919.76,0.799138,92.772136
657.600,92.7721,300.0000,65.0000,65.0097,13919.50,0.799093,92.772136
657.700,92.7721,300.0000,65.0625,65.0097,13919.25,0.799050,92.772136
657.800,92.7721,300.0000,65.0000,65.0097,13919.03,0.799011,92.772136
657.900,92.7721,300.0000,64.9375,65.0097,13918.81,0.798974,92.772136
658.000,92.5976,300.0000,65.0625,65.0097,13916.87,0.798639,92.768256
658.100,92.5976,300.0000,65.0000,65.0097,13915.05,0.798327,92.768256
658.200,92.5976,300.0000,65.0000,65.0098,13913.36,0.798035,92.768256
658.300,92.5976,300.0000,65.0625,65.0098,13911.78,0.797763,92.768256
658.400,92.5976,300.0000,65.0000,65.0099,13910.30,0.797509,92.768256
658.500,92.5976,300.0000,64.9375,65.0100,13908.92,0.797273,92.768256
658.600,92.5976,300.0000,64.9375,65.0101,13907.64,0.797052,92.768256
658.700,92.5976,300.0000,64.9375,65.0102,13906.44,0.796845,92.768256
658.800,92.5976,300.0000,65.0000,65.0103,13905.32,0.796653,92.768256
658.900,92.5976,300.0000,64.9375,65.0104,13904.27,0.796473,92.768256
659.000,92.5937,300.0000,65.0000,65.0105,13903.26,0.796299,92.764375
659.100,92.5937,300.0000,65.0000,65.0107,13902.31,0.796136,92.764375
659.200,92.5937,300.0000,65.1250,65.0108,13901.43,0.795984,92.764375
659.300,92.5937,300.0000,65.0000,65.0109,13900.60,0.795843,92.764375
659.400,92.5937,300.0000,65.0625,65.0111,13899.83,0.795711,92.764375
659.500,92.5937,300.0000,65.1250,65.0112,13899.12,0.795587,92.764375
659.600,92.5937,300.0000,65.0625,65.0114,13898.45,0.795472,92.764375
659.700,92.5937,300.0000,65.0000,65.0116,13897.82,0.795365,92.764375
659.800,92.5937,300.0000,65.0000,65.0117,13897.24,0.795264,92.764375
659.900,92.5937,300.0000,65.1250,65.0119,13896.69,0.795171,92.764375
660.000,93.1134,300.0000,65.0625,65.0121,13901.38,0.795976,92.772136
660.100,93.1134,300.0000,64.9375,65.0122,13905.75,0.796728,92.772136
660.200,93.1134,300.0000,65.0625,65.0122,13909.84,0.797430,92.772136
660.300,93.1134,300.0000,65.0625,65.0123,13913.65,0.798086,92.772136
660.400,93.1134,300.0000,65.0000,65.0123,13917.21,0.798698,92.772136
660.500,93.1134,300.0000,65.0000,65.0122,13920.53,0.799270,92.772136
660.600,93.1134,300.0000,65.0625,65.0122,13923.63,0.799804,92.772136
660.700,93.1134,300.0000,65.0000,65.0121,13926.52,0.800302,92.772136
660.800,93.1134,300.0000,65.0000,65.0120,13929.22,0.800768,92.772136
660.900,93.1134,300.0000,65.0625,65.0119,13931.74,0.801202,92.772136
661.000,92.9467,300.0000,65.0000,65.0118,13932.42,0.801320,92.776017
661.100,92.9467,300.0000,65.1250,65.0117,13933.06,0.801431,92.776017
661.200,92.9467,300.0000,65.0000,65.0115,13933.66,0.801533,92.776017
661.300,92.9467,300.0000,65.0625,65.0114,13934.21,0.801629,92.776017
661.400,92.9467,300.0000,65.0000,65.0113,13934.73,0.801719,92.776017
661.500,92.9467,300.0000,64.9375,65.0111,13935.22,0.801803,92.776017
661.600,92.9467,300.0000,64.9375,65.0110,13935.67,0.801881,92.776017
661.700,92.9467,300.0000,64.9375,65.0108,13936.09,0.801954,92.776017
661.800,92.9467,300.0000,65.0000,65.0107,13936.49,0.802022,92.776017
661.900,92.9467,300.0000,65.0000,65.0105,13936.85,0.802085,92.776017
662.000,92.7760,300.0000,65.0000,65.0104,13935.49,0.801850,92.776017
662.100,92.7760,300.0000,65.0625,65.0102,13934.22,0.801630,92.776017
662.200,92.7760,300.0000,65.0000,65.0101,13933.03,0.801425,92.776017
662.300,92.7760,300.0000,65.0000,65.0100,13931.92,0.801234,92.776017
662.400,92.7760,300.0000,65.0625,65.0099,13930.89,0.801055,92.776017
662.500,92.7760,300.0000,65.0000,65.0098,13929.92,0.800889,92.776017
662.600,92.7760,300.0000,65.0000,65.0097,13929.02,0.800733,92.776017
662.700,92.7760,300.0000,65.0000,65.0096,13928.18,0.800588,92.776017
662.800,92.7760,300.0000,65.0625,65.0096,13927.39,0.800453,92.776017
662.900,92.7760,300.0000,65.0625,65.0095,13926.66,0.800327,92.776017
663.000,92.9505,300.0000,65.0000,65.0094,13927.72,0.800510,92.779898
663.100,92.9505,300.0000,65.0625,65.0093,13928.71,0.800680,92.779898
663.200,92.9505,300.0000,65.0000,65.0092,13929.64,0.800840,92.779898
663.300,92.9505,300.0000,64.9375,65.0091,13930.50,0.800989,92.779898
663.400,92.9505,300.0000,65.0625,65.0090,13931.31,0.801128,92.779898
663.500,92.9505,300.0000,65.0625,65.0089,13932.06,0.801257,92.779898
663.600,92.9505,300.0000,65.0625,65.0088,13932.76,0.801378,92.779898
663.700,92.9505,300.0000,64.9375,65.0087,13933.41,0.801491,92.779898
663.800,92.9505,300.0000,65.0625,65.0086,13934.03,0.801597,92.779898
663.900,92.9505,300.0000,65.0000,65.0084,13934.60,0.801695,92.779898
664.000,92.7799,300.0000,65.0000,65.0083,13933.42,0.801493,92.779898
664.100,92.7799,300.0000,65.0000,65.0082,13932.33,0.801304,92.779898
664.200,92.7799,300.0000,64.8750,65.0081,13931.30,0.801127,92.779898
664.300,92.7799,300.0000,65.0000,65.0080,13930.35,0.800963,92.779898
664.400,92.7799,300.0000,65.0625,65.0079,13929.46,0.800809,92.779898
664.500,92.7799,300.0000,65.0000,65.0078,13928.63,0.800665,92.779898
664.600,92.7799,300.0000,64.9375,65.0078,13927.85,0.800532,92.779898
664.700,92.7799,300.0000,65.0000,65.0077,13927.13,0.800407,92.779898
664.800,92.7799,300.0000,64.9375,65.0076,13926.45,0.800290,92.779898
664.900,92.7799,300.0000,65.0625,65.0076,13925.82,0.800181,92.779898
665.000,92.9544,300.0000,64.8750,65.0075,13926.98,0.800381,92.783779
665.100,92.9544,300.0000,64.9375,65.0074,13928.05,0.800567,92.783779
665.200,92.9544,300.0000,65.0000,65.0073,13929.06,0.800741,92.783779
665.300,92.9544,300.0000,65.0000,65.0072,13930.00,0.800903,92.783779
665.400,92.9544,300.0000,65.0625,65.0072,13930.88,0.801054,92.783779
665.500,92.9544,300.0000,65.0625,65.0070,13931.70,0.801195,92.783779
665.600,92.9544,300.0000,65.0000,65.0069,13932.46,0.801327,92.783779
665.700,92.9544,300.0000,64.9375,65.0068,13933.18,0.801450,92.783779
665.800,92.9544,300.0000,64.9375,65.0067,13933.84,0.801565,92.783779
665.900,92.9544,300.0000,65.0000,65.0066,13934.46,0.801672,92.783779
666.000,92.7838,300.0000,64.9375,65.0065,13933.34,0.801478,92.783779
666.100,92.7838,300.0000,65.0000,65.0063,13932.29,0.801297,92.783779
666.200,92.7838,300.0000,65.0625,65.0062,13931.30,0.801127,92.783779
666.300,92.7838,300.0000,65.0625,65.0062,13930.39,0.800969,92.783779
666.400,92.7838,300.0000,65.0625,65.0061,13929.53,0.800822,92.783779
666.500,92.7838,300.0000,65.1250,65.0060,13928.74,0.800684,92.783779
666.600,92.7838,300.0000,65.0000,65.0059,13927.99,0.800556,92.783779
666.700,92.7838,300.0000,65.0000,65.0059,13927.30,0.800436,92.783779
666.800,92.7838,300.0000,65.0000,65.0058,13926.65,0.800324,92.783779
666.900,92.7838,300.0000,65.0000,65.0057,13926.04,0.800220,92.783779
667.000,92.7838,300.0000,65.0625,65.0057,13925.48,0.800123,92.783779
667.100,92.7838,300.0000,65.0625,65.0057,13924.95,0.800032,92.783779
667.200,92.7838,300.0000,65.0000,65.0056,13924.46,0.799947,92.783779
667.300,92.7838,300.0000,65.0000,65.0056,13924.00,0.799868,92.783779
667.400,92.7838,300.0000,64.9375,65.0055,13923.57,0.799794,92.783779
667.500,92.7838,300.0000,65.0000,65.0055,13923.17,0.799725,92.783779
667.600,92.7838,300.0000,64.8750,65.0055,13922.80,0.799660,92.783779
667.700,92.7838,300.0000,64.8750,65.0055,13922.45,0.799600,92.783779
667.800,92.7838,300.0000,65.0000,65.0054,13922.12,0.799544,92.783779
667.900,92.7838,300.0000,65.0000,65.0054,13921.82,0.799492,92.783779
668.000,92.7838,300.0000,65.0000,65.0054,13921.53,0.799443,92.783779
668.100,92.7838,300.0000,65.1250,65.0054,13921.27,0.799398,92.783779
668.200,92.7838,300.0000,65.0625,65.0054,13921.02,0.799355,92.783779
668.300,92.7838,300.0000,64.9375,65.0054,13920.79,0.799315,92.783779
668.400,92.7838,300.0000,64.8750,65.0054,13920.58,0.799278,92.783779
668.500,92.7838,300.0000,65.0000,65.0054,13920.38,0.799244,92.783779
668.600,92.7838,300.0000,65.1250,65.0053,13920.19,0.799211,92.783779
668.700,92.7838,300.0000,65.0625,65.0053,13920.01,0.799181,92.783779
668.800,92.7838,300.0000,65.0000,65.0053,13919.85,0.799153,92.783779
668.900,92.7838,300.0000,65.0000,65.0053,13919.70,0.799127,92.783779
669.000,92.7838,300.0000,65.0000,65.0053,13919.56,0.799102,92.783779
669.100,92.7838,300.0000,65.0000,65.0053,13919.42,0.799080,92.783779
669.200,92.7838,300.0000,65.0000,65.0053,13919.30,0.799058,92.783779
669.300,92.7838,300.0000,64.9375,65.0053,13919.19,0.799038,92.783779
669.400,92.7838,300.0000,65.0625,65.0054,13919.08,0.799020,92.783779
669.500,92.7838,300.0000,65.0000,65.0054,13918.98,0.799002,92.783779
669.600,92.7838,300.0000,64.9375,65.0054,13918.88,0.798986,92.783779
669.700,92.7838,300.0000,65.0000,65.0054,13918.79,0.798971,92.783779
669.800,92.7838,300.0000,65.0000,65.0054,13918.71,0.798957,92.783779
669.900,92.7838,300.0000,65.0625,65.0054,13918.64,0.798944,92.783779
670.000,92.9583,300.0000,64.9375,65.0054,13920.31,0.799232,92.787660
670.100,92.9583,300.0000,64.8750,65.0054,13921.87,0.799501,92.787660
670.200,92.9583,300.0000,64.9375,65.0053,13923.33,0.799753,92.787660
670.300,92.9583,300.0000,65.0000,65.0053,13924.69,0.799987,92.787660
670.400,92.9583,300.0000,65.0000,65.0052,13925.96,0.800206,92.787660
670.500,92.9583,300.0000,65.0000,65.0052,13927.15,0.800411,92.787660
670.600,92.9583,300.0000,65.1250,65.0051,13928.25,0.800601,92.787660
670.700,92.9583,300.0000,65.0000,65.0050,13929.29,0.800779,92.787660
670.800,92.9583,300.0000,65.0000,65.0049,13930.25,0.800946,92.787660
670.900,92.9583,300.0000,65.0000,65.0048,13931.15,0.801101,92.787660
671.000,92.7877,300.0000,65.0625,65.0048,13930.28,0.800951,92.787660
671.100,92.7877,300.0000,65.0625,65.0047,13929.48,0.800812,92.787660
671.200,92.7877,300.0000,64.9375,65.0046,13928.72,0.800682,92.787660
671.300,92.7877,300.0000,65.0000,65.0045,13928.02,0.800560,92.787660
671.400,92.7877,300.0000,64.9375,65.0045,13927.36,0.800447,92.787660
671.500,92.7877,300.0000,65.0000,65.0044,13926.74,0.800341,92.787660
671.600,92.7877,300.0000,65.0000,65.0044,13926.17,0.800242,92.787660
671.700,92.7877,300.0000,65.0000,65.0043,13925.64,0.800150,92.787660
671.800,92.7877,300.0000,65.0000,65.0043,13925.14,0.800064,92.787660
671.900,92.7877,300.0000,65.0000,65.0042,13924.67,0.799984,92.787660
672.000,92.7877,300.0000,65.0000,65.0042,13924.24,0.799909,92.787660
672.100,92.7877,300.0000,65.0625,65.0042,13923.83,0.799839,92.787660
672.200,92.7877,300.0000,65.0000,65.0041,13923.45,0.799773,92.787660
672.300,92.7877,300.0000,65.0000,65.0041,13923.10,0.799712,92.787660
672.400,92.7877,300.0000,64.9375,65.0041,13922.77,0.799656,92.787660
672.500,92.7877,300.0000,64.9375,65.0041,13922.46,0.799603,92.787660
672.600,92.7877,300.0000,65.0625,65.0040,13922.17,0.799553,92.787660
672.700,92.7877,300.0000,64.8750,65.0040,13921.90,0.799507,92.787660
672.800,92.7877,300.0000,65.0000,65.0040,13921.65,0.799464,92.787660
672.900,92.7877,300.0000,64.9375,65.0040,13921.42,0.799423,92.787660
673.000,92.6131,300.0000,65.0000,65.0040,13919.46,0.799085,92.783779
673.100,92.6131,300.0000,64.9375,65.0040,13917.62,0.798770,92.783779
673.200,92.6131,300.0000,65.0000,65.0041,13915.91,0.798475,92.783779
673.300,92.6131,300.0000,65.0625,65.0041,13914.32,0.798200,92.783779
673.400,92.6131,300.0000,65.0000,65.0042,13912.83,0.797944,92.783779
673.500,92.6131,300.0000,65.0000,65.0042,13911.44,0.797705,92.783779
673.600,92.6131,300.0000,64.9375,65.0043,13910.14,0.797482,92.783779
673.700,92.6131,300.0000,65.0625,65.0044,13908.93,0.797273,92.783779
673.800,92.6131,300.0000,65.0625,65.0045,13907.80,0.797079,92.783779
673.900,92.6131,300.0000,65.0625,65.0046,13906.74,0.796897,92.783779
674.000,92.9583,300.0000,65.0625,65.0047,13909.21,0.797322,92.787660
674.100,92.9583,300.0000,65.0625,65.0048,13911.51,0.797718,92.787660
674.200,92.9583,300.0000,65.0625,65.0048,13913.66,0.798087,92.787660
674.300,92.9583,300.0000,65.0625,65.0049,13915.67,0.798433,92.787660
674.400,92.9583,300.0000,64.9375,65.0049,13917.54,0.798755,92.787660
674.500,92.9583,300.0000,65.0625,65.0049,13919.29,0.799056,92.787660
674.600,92.9583,300.0000,65.0000,65.0049,13920.92,0.799337,92.787660
674.700,92.9583,300.0000,65.0625,65.0048,13922.44,0.799599,92.787660
674.800,92.9583,300.0000,65.1250,65.0048,13923.86,0.799844,92.787660
674.900,92.9583,300.0000,65.0000,65.0048,13925.18,0.800072,92.787660
675.000,92.7877,300.0000,65.0625,65.0047,13924.72,0.799991,92.787660
675.100,92.7877,300.0000,65.0625,65.0047,13924.28,0.799916,92.787660
675.200,92.7877,300.0000,65.0000,65.0047,13923.87,0.799845,92.787660
675.300,92.7877,300.0000,65.0000,65.0046,13923.49,0.799780,92.787660
675.400,92.7877,300.0000,65.0000,65.0046,13923.13,0.799718,92.787660
675.500,92.7877,300.0000,65.0625,65.0046,13922.80,0.799661,92.787660
675.600,92.7877,300.0000,65.1250,65.0045,13922.49,0.799608,92.787660
675.700,92.7877,300.0000,65.0000,65.0045,13922.20,0.799558,92.787660
675.800,92.7877,300.0000,64.9375,65.0045,13921.93,0.799511,92.787660
675.900,92.7877,300.0000,65.0000,65.0045,13921.68,0.799468,92.787660
676.000,92.7877,300.0000,65.0000,65.0045,13921.44,0.799427,92.787660
676.100,92.7877,300.0000,65.0625,65.0045,13921.22,0.799389,92.787660
676.200,92.7877,300.0000,65.0000,65.0045,13921.02,0.799354,92.787660
676.300,92.7877,300.0000,65.0625,65.0045,13920.83,0.799321,92.787660
676.400,92.7877,300.0000,65.0000,65.0044,13920.65,0.799290,92.787660
676.500,92.7877,300.0000,64.9375,65.0044,13920.48,0.799262,92.787660
676.600,92.7877,300.0000,64.8750,65.0044,13920.33,0.799235,92.787660
676.700,92.7877,300.0000,65.0000,65.0044,13920.18,0.799210,92.787660
676.800,92.7877,300.0000,64.9375,65.0044,13920.05,0.799187,92.787660
676.900,92.7877,300.0000,65.0000,65.0044,13919.92,0.799165,92.787660
677.000,92.7877,300.0000,65.0625,65.0044,13919.80,0.799145,92.787660
677.100,92.7877,300.0000,65.0000,65.0044,13919.69,0.799126,92.787660
677.200,92.7877,300.0000,64.9375,65.0044,13919.59,0.799108,92.787660
677.300,92.7877,300.0000,65.0625,65.0044,13919.49,0.799091,92.787660
677.400,92.7877,300.0000,65.0000,65.0044,13919.40,0.799076,92.787660
677.500,92.7877,300.0000,65.0000,65.0044,13919.32,0.799062,92.787660
677.600,92.7877,300.0000,64.9375,65.0044,13919.24,0.799048,92.787660
677.700,92.7877,300.0000,65.0000,65.0045,13919.17,0.799036,92.787660
677.800,92.7877,300.0000,65.0000,65.0045,13919.10,0.799024,92.787660
677.900,92.7877,300.0000,65.0000,65.0045,13919.04,0.799013,92.787660
678.000,92.7877,300.0000,65.0000,65.0045,13918.98,0.799003,92.787660
678.100,92.7877,300.0000,65.0000,65.0045,13918.92,0.798993,92.787660
678.200,92.7877,300.0000,65.1250,65.0045,13918.87,0.798984,92.787660
678.300,92.7877,300.0000,64.9375,65.0045,13918.82,0.798976,92.787660
678.400,92.7877,300.0000,65.0000,65.0045,13918.78,0.798968,92.787660
678.500,92.7877,300.0000,65.1250,65.0045,13918.74,0.798961,92.787660
678.600,92.7877,300.0000,65.0625,65.0045,13918.70,0.798954,92.787660
678.700,92.7877,300.0000,65.0000,65.0045,13918.66,0.798948,92.787660
678.800,92.7877,300.0000,65.0000,65.0045,13918.63,0.798942,92.787660
678.900,92.7877,300.0000,64.9375,65.0046,13918.59,0.798937,92.787660
679.000,92.6131,300.0000,65.0000,65.0046,13916.82,0.798631,92.783779
679.100,92.6131,300.0000,65.0625,65.0046,13915.16,0.798346,92.783779
679.200,92.6131,300.0000,64.8750,65.0047,13913.62,0.798080,92.783779
679.300,92.6131,300.0000,64.9375,65.0047,13912.17,0.797831,92.783779
679.400,92.6131,300.0000,65.0625,65.0048,13910.83,0.797600,92.783779
679.500,92.6131,300.0000,65.0000,65.0049,13909.57,0.797384,92.783779
679.600,92.6131,300.0000,65.0625,65.0050,13908.40,0.797182,92.783779
679.700,92.6131,300.0000,65.0625,65.0051,13907.30,0.796993,92.783779
679.800,92.6131,300.0000,65.0000,65.0052,13906.28,0.796818,92.783779
679.900,92.6131,300.0000,65.0000,65.0053,13905.32,0.796654,92.783779
680.000,92.7838,300.0000,65.0625,65.0054,13906.14,0.796794,92.783779
680.100,92.7838,300.0000,65.0000,65.0055,13906.90,0.796925,92.783779
680.200,92.7838,300.0000,65.0000,65.0056,13907.61,0.797047,92.783779
680.300,92.7838,300.0000,65.0625,65.0057,13908.28,0.797161,92.783779
680.400,92.7838,300.0000,65.0000,65.0058,13908.90,0.797268,92.783779
680.500,92.7838,300.0000,64.9375,65.0059,13909.47,0.797367,92.783779
680.600,92.7838,300.0000,64.9375,65.0060,13910.01,0.797460,92.783779
680.700,92.7838,300.0000,65.0625,65.0061,13910.52,0.797547,92.783779
680.800,92.7838,300.0000,64.9375,65.0061,13910.99,0.797627,92.783779
680.900,92.7838,300.0000,65.0625,65.0062,13911.43,0.797703,92.783779
681.000,92.9583,300.0000,65.0000,65.0062,13913.58,0.798074,92.787660
681.100,92.9583,300.0000,65.0000,65.0063,13915.59,0.798420,92.787660
681.200,92.9583,300.0000,64.9375,65.0063,13917.47,0.798743,92.787660
681.300,92.9583,300.0000,65.0625,65.0063,13919.22,0.799045,92.787660
681.400,92.9583,300.0000,65.0000,65.0063,13920.86,0.799326,92.787660
681.500,92.9583,300.0000,65.0000,65.0062,13922.38,0.799589,92.787660
681.600,92.9583,300.0000,65.0000,65.0062,13923.81,0.799834,92.787660
681.700,92.9583,300.0000,65.0625,65.0062,13925.14,0.800064,92.787660
681.800,92.9583,300.0000,65.0625,65.0061,13926.38,0.800277,92.787660
681.900,92.9583,300.0000,65.0000,65.0060,13927.53,0.800477,92.787660
682.000,92.7877,300.0000,64.9375,65.0060,13926.91,0.800369,92.787660
682.100,92.7877,300.0000,65.0000,65.0059,13926.32,0.800269,92.787660
682.200,92.7877,300.0000,64.9375,65.0059,13925.78,0.800175,92.787660
682.300,92.7877,300.0000,65.0000,65.0058,13925.27,0.800087,92.787660
682.400,92.7877,300.0000,65.0625,65.0058,13924.80,0.800005,92.787660
682.500,92.7877,300.0000,65.0000,65.0057,13924.35,0.799929,92.787660
682.600,92.7877,300.0000,65.0000,65.0057,13923.94,0.799857,92.787660
682.700,92.7877,300.0000,65.0000,65.0057,13923.55,0.799791,92.787660
682.800,92.7877,300.0000,65.0000,65.0056,13923.19,0.799729,92.787660
682.900,92.7877,300.0000,65.0625,65.0056,13922.86,0.799671,92.787660
683.000,92.9622,300.0000,65.0625,65.0056,13924.29,0.799918,92.791541
683.100,92.9622,300.0000,65.0000,65.0055,13925.62,0.800148,92.791541
683.200,92.9622,300.0000,65.0000,65.0055,13926.87,0.800363,92.791541
683.300,92.9622,300.0000,65.0000,65.0054,13928.03,0.800563,92.791541
683.400,92.9622,300.0000,64.9375,65.0053,13929.12,0.800751,92.791541
683.500,92.9622,300.0000,65.0000,65.0052,13930.14,0.800926,92.791541
683.600,92.9622,300.0000,65.0625,65.0051,13931.08,0.801089,92.791541
683.700,92.9622,300.0000,64.9375,65.0050,13931.96,0.801241,92.791541
683.800,92.9622,300.0000,64.9375,65.0049,13932.79,0.801383,92.791541
683.900,92.9622,300.0000,64.9375,65.0048,13933.56,0.801516,92.791541
684.000,92.6170,300.0000,65.0000,65.0047,13930.82,0.801045,92.787660
684.100,92.6170,300.0000,65.0000,65.0046,13928.27,0.800604,92.787660
684.200,92.6170,300.0000,65.0000,65.0046,13925.89,0.800194,92.787660
684.300,92.6170,300.0000,65.0000,65.0046,13923.67,0.799811,92.787660
684.400,92.6170,300.0000,65.0000,65.0045,13921.59,0.799453,92.787660
684.500,92.6170,300.0000,65.0625,65.0045,13919.66,0.799120,92.787660
684.600,92.6170,300.0000,64.9375,65.0046,13917.85,0.798809,92.787660
684.700,92.6170,300.0000,65.0000,65.0046,13916.16,0.798518,92.787660
684.800,92.6170,300.0000,65.0000,65.0046,13914.59,0.798247,92.787660
684.900,92.6170,300.0000,65.0000,65.0047,13913.12,0.797995,92.787660
685.000,92.7877,300.0000,65.0000,65.0047,13913.46,0.798052,92.787660
685.100,92.7877,300.0000,65.0625,65.0048,13913.77,0.798106,92.787660
685.200,92.7877,300.0000,65.0625,65.0048,13914.06,0.798156,92.787660
685.300,92.7877,300.0000,65.0625,65.0049,13914.33,0.798203,92.787660
685.400,92.7877,300.0000,64.8750,65.0049,13914.59,0.798247,92.787660
685.500,92.7877,300.0000,65.1250,65.0050,13914.83,0.798288,92.787660
685.600,92.7877,300.0000,65.0000,65.0050,13915.05,0.798326,92.787660
685.700,92.7877,300.0000,65.0625,65.0050,13915.25,0.798362,92.787660
685.800,92.7877,300.0000,65.0000,65.0051,13915.45,0.798395,92.787660
685.900,92.7877,300.0000,65.0000,65.0051,13915.63,0.798426,92.787660
686.000,92.7877,300.0000,65.0000,65.0051,13915.79,0.798455,92.787660
686.100,92.7877,300.0000,65.0000,65.0052,13915.95,0.798482,92.787660
686.200,92.7877,300.0000,65.0000,65.0052,13916.10,0.798507,92.787660
686.300,92.7877,300.0000,65.1250,65.0052,13916.24,0.798530,92.787660
686.400,92.7877,300.0000,65.0000,65.0053,13916.36,0.798552,92.787660
686.500,92.7877,300.0000,65.0000,65.0053,13916.48,0.798573,92.787660
686.600,92.7877,300.0000,65.0000,65.0053,13916.59,0.798592,92.787660
686.700,92.7877,300.0000,64.9375,65.0053,13916.70,0.798610,92.787660
686.800,92.7877,300.0000,65.0000,65.0054,13916.79,0.798627,92.787660
686.900,92.7877,300.0000,65.0000,65.0054,13916.88,0.798642,92.787660
687.000,92.7877,300.0000,65.0000,65.0054,13916.97,0.798657,92.787660
687.100,92.7877,300.0000,65.0000,65.0054,13917.05,0.798670,92.787660
687.200,92.7877,300.0000,65.0000,65.0054,13917.12,0.798683,92.787660
687.300,92.7877,300.0000,65.0625,65.0055,13917.19,0.798695,92.787660
687.400,92.7877,300.0000,65.0625,65.0055,13917.25,0.798706,92.787660
687.500,92.7877,300.0000,65.0000,65.0055,13917.31,0.798716,92.787660
687.600,92.7877,300.0000,65.0000,65.0055,13917.37,0.798726,92.787660
687.700,92.7877,300.0000,65.0625,65.0055,13917.42,0.798735,92.787660
687.800,92.7877,300.0000,65.0000,65.0056,13917.47,0.798743,92.787660
687.900,92.7877,300.0000,65.0625,65.0056,13917.51,0.798751,92.787660
688.000,92.9622,300.0000,65.0625,65.0056,13919.30,0.799059,92.791541
688.100,92.9622,300.0000,65.0625,65.0056,13920.97,0.799346,92.791541
688.200,92.9622,300.0000,65.0000,65.0055,13922.53,0.799614,92.791541
688.300,92.9622,300.0000,64.9375,65.0055,13923.98,0.799865,92.791541
688.400,92.9622,300.0000,65.0000,65.0054,13925.34,0.800098,92.791541
688.500,92.9622,300.0000,65.0000,65.0054,13926.60,0.800317,92.791541
688.600,92.9622,300.0000,65.0000,65.0053,13927.79,0.800520,92.791541
688.700,92.9622,300.0000,64.9375,65.0052,13928.89,0.800711,92.791541
688.800,92.9622,300.0000,64.9375,65.0052,13929.92,0.800888,92.791541
688.900,92.9622,300.0000,65.0000,65.0051,13930.88,0.801054,92.791541
689.000,92.7915,300.0000,65.0000,65.0050,13930.07,0.800914,92.791541
689.100,92.7915,300.0000,64.9375,65.0049,13929.31,0.800784,92.791541
689.200,92.7915,300.0000,65.0000,65.0048,13928.61,0.800662,92.791541
689.300,92.7915,300.0000,65.0625,65.0048,13927.95,0.800549,92.791541
689.400,92.7915,300.0000,65.0625,65.0047,13927.33,0.800443,92.791541
689.500,92.7915,300.0000,64.9375,65.0046,13926.76,0.800344,92.791541
689.600,92.7915,300.0000,65.1250,65.0046,13926.23,0.800251,92.791541
689.700,92.7915,300.0000,64.9375,65.0045,13925.73,0.800165,92.791541
689.800,92.7915,300.0000,64.9375,65.0045,13925.26,0.800085,92.791541
689.900,92.7915,300.0000,65.0000,65.0044,13924.82,0.800010,92.791541
690.000,92.7915,300.0000,65.0000,65.0044,13924.42,0.799940,92.791541
690.100,92.7915,300.0000,65.0000,65.0044,13924.04,0.799875,92.791541
690.200,92.7915,300.0000,65.0000,65.0043,13923.69,0.799814,92.791541
690.300,92.7915,300.0000,65.0625,65.0043,13923.35,0.799757,92.791541
690.400,92.7915,300.0000,65.0625,65.0043,13923.05,0.799704,92.791541
690.500,92.7915,300.0000,65.0000,65.0043,13922.76,0.799654,92.791541
690.600,92.7915,300.0000,65.0000,65.0042,13922.49,0.799608,92.791541
690.700,92.7915,300.0000,64.9375,65.0042,13922.24,0.799565,92.791541
690.800,92.7915,300.0000,65.0625,65.0042,13922.01,0.799524,92.791541
690.900,92.7915,300.0000,65.0000,65.0042,13921.79,0.799487,92.791541
691.000,92.7915,300.0000,64.9375,65.0042,13921.58,0.799452,92.791541
691.100,92.7915,300.0000,64.9375,65.0042,13921.39,0.799419,92.791541
691.200,92.7915,300.0000,65.0000,65.0042,13921.22,0.799388,92.791541
691.300,92.7915,300.0000,65.0000,65.0041,13921.05,0.799360,92.791541
691.400,92.7915,300.0000,64.9375,65.0041,13920.90,0.799333,92.791541
691.500,92.7915,300.0000,65.0625,65.0041,13920.75,0.799308,92.791541
691.600,92.7915,300.0000,64.9375,65.0041,13920.62,0.799285,92.791541
691.700,92.7915,300.0000,65.0000,65.0041,13920.49,0.799263,92.791541
691.800,92.7915,300.0000,65.0000,65.0041,13920.37,0.799243,92.791541
691.900,92.7915,300.0000,65.0000,65.0041,13920.26,0.799224,92.791541
692.000,92.7915,300.0000,65.0000,65.0041,13920.16,0.799207,92.791541
692.100,92.7915,300.0000,65.0625,65.0041,13920.07,0.799190,92.791541
692.200,92.7915,300.0000,65.0625,65.0041,13919.98,0.799175,92.791541
692.300,92.7915,300.0000,65.0000,65.0041,13919.89,0.799161,92.791541
692.400,92.7915,300.0000,65.0000,65.0041,13919.82,0.799147,92.791541
692.500,92.7915,300.0000,64.9375,65.0041,13919.74,0.799135,92.791541
692.600,92.7915,300.0000,65.0000,65.0041,13919.68,0.799123,92.791541
692.700,92.7915,300.0000,65.1250,65.0041,13919.61,0.799112,92.791541
692.800,92.7915,300.0000,65.0625,65.0041,13919.56,0.799102,92.791541
692.900,92.7915,300.0000,64.9375,65.0041,13919.50,0.799093,92.791541
693.000,92.6170,300.0000,65.0625,65.0041,13917.70,0.798783,92.787660
693.100,92.6170,300.0000,65.0625,65.0042,13916.03,0.798495,92.787660
693.200,92.6170,300.0000,65.0000,65.0042,13914.46,0.798225,92.787660
693.300,92.6170,300.0000,64.9375,65.0043,13913.00,0.797974,92.787660
693.400,92.6170,300.0000,65.0625,65.0043,13911.64,0.797739,92.787660
693.500,92.6170,300.0000,65.0625,65.0044,13910.37,0.797520,92.787660
693.600,92.6170,300.0000,65.0000,65.0045,13909.18,0.797316,92.787660
693.700,92.6170,300.0000,65.0625,65.0046,13908.07,0.797126,92.787660
693.800,92.6170,300.0000,65.0625,65.0047,13907.03,0.796948,92.787660
693.900,92.6170,300.0000,64.9375,65.0048,13906.07,0.796782,92.787660
694.000,92.6131,300.0000,65.0625,65.0050,13905.13,0.796620,92.783779
694.100,92.6131,300.0000,65.0625,65.0051,13904.25,0.796469,92.783779
694.200,92.6131,300.0000,65.0625,65.0052,13903.43,0.796329,92.783779
694.300,92.6131,300.0000,65.1250,65.0054,13902.67,0.796197,92.783779
694.400,92.6131,300.0000,65.0000,65.0055,13901.96,0.796075,92.783779
694.500,92.6131,300.0000,64.9375,65.0057,13901.29,0.795961,92.783779
694.600,92.6131,300.0000,65.0000,65.0058,13900.67,0.795854,92.783779
694.700,92.6131,300.0000,64.9375,65.0060,13900.09,0.795754,92.783779
694.800,92.6131,300.0000,65.0000,65.0061,13899.55,0.795661,92.783779
694.900,92.6131,300.0000,65.0625,65.0063,13899.04,0.795574,92.783779
695.000,92.9583,300.0000,65.0000,65.0065,13902.02,0.796086,92.787660
695.100,92.9583,300.0000,65.0625,65.0066,13904.80,0.796564,92.787660
695.200,92.9583,300.0000,65.0000,65.0067,13907.40,0.797011,92.787660
695.300,92.9583,300.0000,64.9375,65.0067,13909.82,0.797427,92.787660
695.400,92.9583,300.0000,64.9375,65.0068,13912.08,0.797816,92.787660
695.500,92.9583,300.0000,65.0000,65.0068,13914.20,0.798179,92.787660
695.600,92.9583,300.0000,65.0625,65.0069,13916.17,0.798519,92.787660
695.700,92.9583,300.0000,65.0000,65.0069,13918.00,0.798835,92.787660
695.800,92.9583,300.0000,64.9375,65.0069,13919.72,0.799131,92.787660
695.900,92.9583,300.0000,65.1250,65.0069,13921.32,0.799407,92.787660
696.000,93.1367,300.0000,65.0000,65.0068,13924.60,0.799972,92.795422
696.100,93.1367,300.0000,65.0625,65.0067,13927.66,0.800499,92.795422
696.200,93.1367,300.0000,64.8750,65.0067,13930.52,0.800992,92.795422
696.300,93.1367,300.0000,65.0000,65.0065,13933.18,0.801452,92.795422
696.400,93.1367,300.0000,64.8750,65.0064,13935.67,0.801881,92.795422
696.500,93.1367,300.0000,65.0625,65.0062,13937.99,0.802282,92.795422
696.600,93.1367,300.0000,65.0000,65.0061,13940.16,0.802656,92.795422
696.700,93.1367,300.0000,64.9375,65.0059,13942.19,0.803006,92.795422
696.800,93.1367,300.0000,64.9375,65.0057,13944.07,0.803332,92.795422
696.900,93.1367,300.0000,64.9375,65.0055,13945.84,0.803637,92.795422
697.000,92.6209,300.0000,65.0000,65.0053,13942.32,0.803030,92.791541
697.100,92.6209,300.0000,65.0625,65.0051,13939.04,0.802463,92.791541
697.200,92.6209,300.0000,65.0625,65.0050,13935.98,0.801935,92.791541
697.300,92.6209,300.0000,65.0000,65.0049,13933.13,0.801442,92.791541
697.400,92.6209,300.0000,65.0000,65.0048,13930.46,0.800982,92.791541
697.500,92.6209,300.0000,65.0625,65.0047,13927.97,0.800553,92.791541
697.600,92.6209,300.0000,65.0000,65.0047,13925.65,0.800152,92.791541
697.700,92.6209,300.0000,64.9375,65.0046,13923.48,0.799778,92.791541
697.800,92.6209,300.0000,65.1250,65.0046,13921.46,0.799430,92.791541
697.900,92.6209,300.0000,65.0000,65.0046,13919.57,0.799105,92.791541
698.000,92.7915,300.0000,65.0000,65.0046,13919.51,0.799095,92.791541
698.100,92.7915,300.0000,65.0000,65.0046,13919.46,0.799086,92.791541
698.200,92.7915,300.0000,65.0000,65.0046,13919.41,0.799078,92.791541
698.300,92.7915,300.0000,65.0000,65.0046,13919.37,0.799070,92.791541
698.400,92.7915,300.0000,65.0000,65.0046,13919.33,0.799063,92.791541
698.500,92.7915,300.0000,65.0000,65.0046,13919.29,0.799056,92.791541
698.600,92.7915,300.0000,65.0000,65.0046,13919.25,0.799049,92.791541
698.700,92.7915,300.0000,65.0000,65.0046,13919.21,0.799043,92.791541
698.800,92.7915,300.0000,65.0625,65.0047,13919.18,0.799038,92.791541
698.900,92.7915,300.0000,64.9375,65.0047,13919.15,0.799033,92.791541
699.000,92.6170,300.0000,65.1250,65.0047,13917.38,0.798727,92.787660
699.100,92.6170,300.0000,65.0625,65.0047,13915.72,0.798442,92.787660
699.200,92.6170,300.0000,65.0000,65.0048,13914.18,0.798176,92.787660
699.300,92.6170,300.0000,65.0625,65.0048,13912.74,0.797928,92.787660
699.400,92.6170,300.0000,65.1250,65.0049,13911.39,0.797697,92.787660
699.500,92.6170,300.0000,64.9375,65.0050,13910.14,0.797481,92.787660
699.600,92.6170,300.0000,65.0000,65.0051,13908.96,0.797279,92.787660
699.700,92.6170,300.0000,65.0625,65.0052,13907.87,0.797091,92.787660
699.800,92.6170,300.0000,65.0000,65.0053,13906.85,0.796916,92.787660
699.900,92.6170,300.0000,65.0000,65.0054,13905.89,0.796752,92.787660
700.000,92.7877,300.0000,65.0625,65.0055,13906.71,0.796892,92.787660
700.100,92.7877,300.0000,65.0625,65.0056,13907.47,0.797023,92.787660
700.200,92.7877,300.0000,65.0000,65.0057,13908.19,0.797146,92.787660
700.300,92.7877,300.0000,65.0000,65.0058,13908.85,0.797260,92.787660
700.400,92.7877,300.0000,65.0000,65.0058,13909.47,0.797366,92.787660
700.500,92.7877,300.0000,65.0000,65.0059,13910.05,0.797466,92.787660
700.600,92.7877,300.0000,65.0000,65.0060,13910.59,0.797559,92.787660
700.700,92.7877,300.0000,65.0625,65.0061,13911.09,0.797646,92.787660
700.800,92.7877,300.0000,64.9375,65.0061,13911.56,0.797726,92.787660
700.900,92.7877,300.0000,65.0000,65.0062,13912.00,0.797802,92.787660
701.000,92.7877,300.0000,65.0000,65.0063,13912.41,0.797873,92.787660
701.100,92.7877,300.0000,65.0000,65.0063,13912.79,0.797938,92.787660
701.200,92.7877,300.0000,64.9375,65.0064,13913.15,0.798000,92.787660
701.300,92.7877,300.0000,65.0625,65.0064,13913.48,0.798057,92.787660
701.400,92.7877,300.0000,65.0625,65.0065,13913.80,0.798111,92.787660
701.500,92.7877,300.0000,65.1875,65.0065,13914.09,0.798161,92.787660
701.600,92.7877,300.0000,65.0625,65.0065,13914.36,0.798207,92.787660
701.700,92.7877,300.0000,65.0000,65.0066,13914.61,0.798251,92.787660
701.800,92.7877,300.0000,65.0000,65.0066,13914.85,0.798291,92.787660
701.900,92.7877,300.0000,65.0000,65.0066,13915.07,0.798329,92.787660
702.000,92.7877,300.0000,64.8750,65.0067,13915.27,0.798365,92.787660
702.100,92.7877,300.0000,65.0625,65.0067,13915.46,0.798398,92.787660
702.200,92.7877,300.0000,65.0625,65.0067,13915.64,0.798428,92.787660
702.300,92.7877,300.0000,65.0625,65.0068,13915.81,0.798457,92.787660
702.400,92.7877,300.0000,65.0625,65.0068,13915.97,0.798484,92.787660
702.500,92.7877,300.0000,65.0000,65.0068,13916.11,0.798509,92.787660
702.600,92.7877,300.0000,65.0000,65.0068,13916.25,0.798532,92.787660
702.700,92.7877,300.0000,65.0625,65.0069,13916.37,0.798554,92.787660
702.800,92.7877,300.0000,64.9375,65.0069,13916.49,0.798575,92.787660
702.900,92.7877,300.0000,65.0000,65.0069,13916.60,0.798594,92.787660
703.000,92.7877,300.0000,64.9375,65.0069,13916.71,0.798611,92.787660
703.100,92.7877,300.0000,65.0625,65.0070,13916.80,0.798628,92.787660
703.200,92.7877,300.0000,64.9375,65.0070,13916.89,0.798643,92.787660
703.300,92.7877,300.0000,64.9375,65.0070,13916.98,0.798658,92.787660
703.400,92.7877,300.0000,65.0000,65.0070,13917.05,0.798671,92.787660
703.500,92.7877,300.0000,64.9375,65.0070,13917.13,0.798684,92.787660
703.600,92.7877,300.0000,65.0625,65.0070,13917.19,0.798696,92.787660
703.700,92.7877,300.0000,65.0000,65.0071,13917.26,0.798707,92.787660
703.800,92.7877,300.0000,65.0000,65.0071,13917.32,0.798717,92.787660
703.900,92.7877,300.0000,64.8750,65.0071,13917.37,0.798726,92.787660
704.000,92.4386,300.0000,65.0625,65.0071,13913.93,0.798134,92.779898
704.100,92.4386,300.0000,65.0625,65.0072,13910.72,0.797582,92.779898
704.200,92.4386,300.0000,65.0000,65.0073,13907.73,0.797067,92.779898
704.300,92.4386,300.0000,64.9375,65.0074,13904.93,0.796586,92.779898
704.400,92.4386,300.0000,65.0000,65.0076,13902.32,0.796138,92.779898
704.500,92.4386,300.0000,65.0000,65.0077,13899.89,0.795720,92.779898
704.600,92.4386,300.0000,65.0000,65.0079,13897.61,0.795329,92.779898
704.700,92.4386,300.0000,65.0000,65.0081,13895.49,0.794965,92.779898
704.800,92.4386,300.0000,64.9375,65.0083,13893.51,0.794625,92.779898
704.900,92.4386,300.0000,65.0000,65.0085,13891.66,0.794308,92.779898
705.000,92.7799,300.0000,65.0000,65.0087,13893.35,0.794598,92.779898
705.100,92.7799,300.0000,65.0625,65.0089,13894.93,0.794868,92.779898
705.200,92.7799,300.0000,65.0000,65.0091,13896.40,0.795121,92.779898
705.300,92.7799,300.0000,65.0000,65.0093,13897.77,0.795356,92.779898
705.400,92.7799,300.0000,65.0000,65.0094,13899.05,0.795576,92.779898
705.500,92.7799,300.0000,65.0000,65.0096,13900.25,0.795781,92.779898
705.600,92.7799,300.0000,64.9375,65.0097,13901.36,0.795973,92.779898
705.700,92.7799,300.0000,65.0625,65.0099,13902.40,0.796152,92.779898
705.800,92.7799,300.0000,64.9375,65.0100,13903.38,0.796319,92.779898
705.900,92.7799,300.0000,65.0000,65.0101,13904.28,0.796475,92.779898
706.000,92.7799,300.0000,64.9375,65.0102,13905.13,0.796620,92.779898
706.100,92.7799,300.0000,65.0625,65.0103,13905.92,0.796756,92.779898
706.200,92.7799,300.0000,65.0625,65.0104,13906.66,0.796883,92.779898
706.300,92.7799,300.0000,65.0625,65.0105,13907.35,0.797001,92.779898
706.400,92.7799,300.0000,65.0625,65.0106,13907.99,0.797112,92.779898
706.500,92.7799,300.0000,65.0000,65.0107,13908.59,0.797215,92.779898
706.600,92.7799,300.0000,65.0000,65.0108,13909.15,0.797311,92.779898
706.700,92.7799,300.0000,65.0000,65.0108,13909.67,0.797401,92.779898
706.800,92.7799,300.0000,65.0000,65.0109,13910.16,0.797485,92.779898
706.900,92.7799,300.0000,65.0000,65.0110,13910.61,0.797563,92.779898
707.000,92.7799,300.0000,65.0625,65.0110,13911.04,0.797636,92.779898
707.100,92.7799,300.0000,65.0625,65.0111,13911.43,0.797704,92.779898
707.200,92.7799,300.0000,65.0625,65.0111,13911.80,0.797768,92.779898
707.300,92.7799,300.0000,65.0000,65.0112,13912.15,0.797828,92.779898
707.400,92.7799,300.0000,65.0000,65.0112,13912.47,0.797883,92.779898
707.500,92.7799,300.0000,65.0625,65.0113,13912.77,0.797935,92.779898
707.600,92.7799,300.0000,64.9375,65.0113,13913.05,0.797983,92.779898
707.700,92.7799,300.0000,65.0000,65.0113,13913.32,0.798028,92.779898
707.800,92.7799,300.0000,65.0000,65.0114,13913.56,0.798070,92.779898
707.900,92.7799,300.0000,64.9375,65.0114,13913.79,0.798109,92.779898
708.000,92.6054,300.0000,65.0000,65.0115,13912.26,0.797846,92.776017
708.100,92.6054,300.0000,65.1250,65.0115,13910.83,0.797600,92.776017
708.200,92.6054,300.0000,65.0000,65.0116,13909.49,0.797370,92.776017
708.300,92.6054,300.0000,65.0000,65.0117,13908.25,0.797156,92.776017
708.400,92.6054,300.0000,65.0000,65.0118,13907.08,0.796956,92.776017
708.500,92.6054,300.0000,65.0625,65.0119,13906.00,0.796770,92.776017
708.600,92.6054,300.0000,65.0000,65.0120,13904.99,0.796595,92.776017
708.700,92.6054,300.0000,65.0000,65.0121,13904.04,0.796433,92.776017
708.800,92.6054,300.0000,64.9375,65.0122,13903.16,0.796281,92.776017
708.900,92.6054,300.0000,65.0000,65.0123,13902.33,0.796140,92.776017
709.000,92.7760,300.0000,65.0000,65.0124,13903.27,0.796301,92.776017
709.100,92.7760,300.0000,65.0000,65.0126,13904.15,0.796451,92.776017
709.200,92.7760,300.0000,64.9375,65.0127,13904.96,0.796592,92.776017
709.300,92.7760,300.0000,65.0000,65.0128,13905.73,0.796723,92.776017
709.400,92.7760,300.0000,65.0000,65.0129,13906.44,0.796845,92.776017
709.500,92.7760,300.0000,65.0000,65.0129,13907.10,0.796959,92.776017
709.600,92.7760,300.0000,65.0000,65.0130,13907.72,0.797066,92.776017
709.700,92.7760,300.0000,65.0000,65.0131,13908.30,0.797166,92.776017
709.800,92.7760,300.0000,65.0625,65.0132,13908.84,0.797258,92.776017
709.900,92.7760,300.0000,65.0000,65.0132,13909.35,0.797345,92.776017
710.000,92.7760,300.0000,64.9375,65.0133,13909.82,0.797426,92.776017
710.100,92.7760,300.0000,65.0000,65.0134,13910.26,0.797502,92.776017
710.200,92.7760,300.0000,65.0000,65.0134,13910.67,0.797572,92.776017
710.300,92.7760,300.0000,65.0625,65.0135,13911.05,0.797638,92.776017
710.400,92.7760,300.0000,65.0000,65.0135,13911.40,0.797699,92.776017
710.500,92.7760,300.0000,65.0000,65.0136,13911.74,0.797757,92.776017
710.600,92.7760,300.0000,65.0625,65.0136,13912.05,0.797810,92.776017
710.700,92.7760,300.0000,65.0000,65.0137,13912.34,0.797860,92.776017
710.800,92.7760,300.0000,64.9375,65.0137,13912.61,0.797907,92.776017
710.900,92.7760,300.0000,64.8750,65.0137,13912.86,0.797950,92.776017
711.000,92.4270,300.0000,65.0000,65.0138,13909.61,0.797390,92.768256
711.100,92.4270,300.0000,64.9375,65.0139,13906.57,0.796868,92.768256
711.200,92.4270,300.0000,65.0000,65.0140,13903.74,0.796381,92.768256
711.300,92.4270,300.0000,64.9375,65.0141,13901.09,0.795926,92.768256
711.400,92.4270,300.0000,65.0000,65.0143,13898.62,0.795502,92.768256
711.500,92.4270,300.0000,65.0000,65.0145,13896.31,0.795106,92.768256
711.600,92.4270,300.0000,64.9375,65.0147,13894.16,0.794737,92.768256
711.700,92.4270,300.0000,65.0000,65.0149,13892.16,0.794392,92.768256
711.800,92.4270,300.0000,65.0000,65.0151,13890.28,0.794071,92.768256
711.900,92.4270,300.0000,64.9375,65.0153,13888.53,0.793771,92.768256
712.000,92.5937,300.0000,65.0000,65.0156,13888.57,0.793777,92.764375
712.100,92.5937,300.0000,65.0625,65.0158,13888.60,0.793783,92.764375
712.200,92.5937,300.0000,65.0000,65.0160,13888.63,0.793788,92.764375
712.300,92.5937,300.0000,65.0000,65.0163,13888.66,0.793793,92.764375
712.400,92.5937,300.0000,65.0625,65.0165,13888.69,0.793797,92.764375
712.500,92.5937,300.0000,65.0625,65.0167,13888.71,0.793802,92.764375
712.600,92.5937,300.0000,65.1250,65.0170,13888.73,0.793806,92.764375
712.700,92.5937,300.0000,65.0000,65.0172,13888.76,0.793809,92.764375
712.800,92.5937,300.0000,65.0625,65.0174,13888.78,0.793813,92.764375
712.900,92.5937,300.0000,65.0000,65.0176,13888.79,0.793816,92.764375
713.000,92.7644,300.0000,64.9375,65.0179,13890.52,0.794112,92.764375
713.100,92.7644,300.0000,65.0000,65.0181,13892.13,0.794388,92.764375
713.200,92.7644,300.0000,65.0625,65.0182,13893.63,0.794645,92.764375
713.300,92.7644,300.0000,64.9375,65.0184,13895.03,0.794886,92.764375
713.400,92.7644,300.0000,65.0625,65.0186,13896.34,0.795111,92.764375
713.500,92.7644,300.0000,65.0625,65.0187,13897.56,0.795320,92.764375
713.600,92.7644,300.0000,64.9375,65.0189,13898.70,0.795516,92.764375
713.700,92.7644,300.0000,65.0625,65.0190,13899.76,0.795698,92.764375
713.800,92.7644,300.0000,65.0000,65.0191,13900.76,0.795869,92.764375
713.900,92.7644,300.0000,65.0625,65.0193,13901.68,0.796028,92.764375
714.000,92.9389,300.0000,65.0625,65.0194,13904.29,0.796477,92.768256
714.100,92.9389,300.0000,64.9375,65.0194,13906.73,0.796895,92.768256
714.200,92.9389,300.0000,65.0625,65.0195,13909.00,0.797286,92.768256
714.300,92.9389,300.0000,65.0625,65.0195,13911.13,0.797651,92.768256
714.400,92.9389,300.0000,65.0625,65.0196,13913.11,0.797992,92.768256
714.500,92.9389,300.0000,65.0000,65.0196,13914.96,0.798310,92.768256
714.600,92.9389,300.0000,65.0000,65.0196,13916.68,0.798607,92.768256
714.700,92.9389,300.0000,65.0000,65.0195,13918.29,0.798884,92.768256
714.800,92.9389,300.0000,65.0625,65.0195,13919.79,0.799143,92.768256
714.900,92.9389,300.0000,65.0625,65.0195,13921.20,0.799385,92.768256
715.000,92.9428,300.0000,64.9375,65.0194,13922.54,0.799617,92.772136
715.100,92.9428,300.0000,65.0625,65.0193,13923.80,0.799834,92.772136
715.200,92.9428,300.0000,65.0625,65.0193,13924.98,0.800036,92.772136
715.300,92.9428,300.0000,65.0000,65.0192,13926.07,0.800225,92.772136
715.400,92.9428,300.0000,64.9375,65.0191,13927.10,0.800402,92.772136
715.500,92.9428,300.0000,65.0000,65.0190,13928.05,0.800566,92.772136
715.600,92.9428,300.0000,65.0625,65.0189,13928.94,0.800720,92.772136
715.700,92.9428,300.0000,65.0625,65.0188,13929.77,0.800863,92.772136
715.800,92.9428,300.0000,65.0000,65.0186,13930.55,0.800997,92.772136
715.900,92.9428,300.0000,65.0000,65.0185,13931.27,0.801122,92.772136
716.000,92.7721,300.0000,65.0000,65.0184,13930.24,0.800945,92.772136
716.100,92.7721,300.0000,65.0625,65.0183,13929.28,0.800779,92.772136
716.200,92.7721,300.0000,65.0000,65.0182,13928.39,0.800624,92.772136
716.300,92.7721,300.0000,64.9375,65.0181,13927.55,0.800479,92.772136
716.400,92.7721,300.0000,65.0000,65.0180,13926.77,0.800345,92.772136
716.500,92.7721,300.0000,65.0000,65.0179,13926.04,0.800219,92.772136
716.600,92.7721,300.0000,64.9375,65.0178,13925.36,0.800101,92.772136
716.700,92.7721,300.0000,64.9375,65.0178,13924.72,0.799992,92.772136
716.800,92.7721,300.0000,65.0000,65.0177,13924.13,0.799890,92.772136
716.900,92.7721,300.0000,65.0625,65.0176,13923.57,0.799794,92.772136
717.000,92.9467,300.0000,65.0000,65.0176,13924.80,0.800006,92.776017
717.100,92.9467,300.0000,65.0000,65.0175,13925.95,0.800204,92.776017
717.200,92.9467,300.0000,65.0000,65.0174,13927.02,0.800388,92.776017
717.300,92.9467,300.0000,64.9375,65.0173,13928.02,0.800560,92.776017
717.400,92.9467,300.0000,65.0000,65.0172,13928.95,0.800721,92.776017
717.500,92.9467,300.0000,65.0625,65.0171,13929.82,0.800871,92.776017
717.600,92.9467,300.0000,64.9375,65.0170,13930.63,0.801011,92.776017
717.700,92.9467,300.0000,65.0000,65.0169,13931.39,0.801142,92.776017
717.800,92.9467,300.0000,65.0625,65.0167,13932.10,0.801264,92.776017
717.900,92.9467,300.0000,65.0625,65.0166,13932.76,0.801378,92.776017
718.000,92.9505,300.0000,65.0000,65.0164,13933.41,0.801491,92.779898
718.100,92.9505,300.0000,65.1250,65.0163,13934.02,0.801596,92.779898
718.200,92.9505,300.0000,65.0000,65.0162,13934.59,0.801695,92.779898
718.300,92.9505,300.0000,65.0000,65.0160,13935.13,0.801787,92.779898
718.400,92.9505,300.0000,65.0000,65.0158,13935.62,0.801873,92.779898
718.500,92.9505,300.0000,65.0000,65.0157,13936.09,0.801953,92.779898
718.600,92.9505,300.0000,65.0625,65.0155,13936.52,0.802028,92.779898
718.700,92.9505,300.0000,65.0000,65.0154,13936.92,0.802097,92.779898
718.800,92.9505,300.0000,64.9375,65.0152,13937.30,0.802162,92.779898
718.900,92.9505,300.0000,64.9375,65.0150,13937.65,0.802223,92.779898
719.000,92.6054,300.0000,65.0000,65.0149,13934.53,0.801684,92.776017
719.100,92.6054,300.0000,65.0000,65.0148,13931.62,0.801181,92.776017
719.200,92.6054,300.0000,65.0000,65.0147,13928.89,0.800712,92.776017
719.300,92.6054,300.0000,65.0625,65.0146,13926.36,0.800274,92.776017
719.400,92.6054,300.0000,65.0000,65.0145,13923.99,0.799865,92.776017
719.500,92.6054,300.0000,65.1250,65.0145,13921.77,0.799484,92.776017
719.600,92.6054,300.0000,65.0625,65.0145,13919.71,0.799129,92.776017
719.700,92.6054,300.0000,65.0625,65.0145,13917.78,0.798797,92.776017
719.800,92.6054,300.0000,65.0625,65.0145,13915.98,0.798487,92.776017
719.900,92.6054,300.0000,65.0000,65.0145,13914.30,0.798198,92.776017
720.000,92.7760,300.0000,65.0625,65.0145,13914.44,0.798222,92.776017
720.100,92.7760,300.0000,65.0000,65.0145,13914.58,0.798245,92.776017
720.200,92.7760,300.0000,65.0625,65.0146,13914.70,0.798266,92.776017
720.300,92.7760,300.0000,65.0625,65.0146,13914.81,0.798285,92.776017
720.400,92.7760,300.0000,65.0000,65.0146,13914.92,0.798304,92.776017
720.500,92.7760,300.0000,65.0625,65.0146,13915.02,0.798321,92.776017
720.600,92.7760,300.0000,65.0000,65.0146,13915.11,0.798337,92.776017
720.700,92.7760,300.0000,65.0000,65.0146,13915.19,0.798351,92.776017
720.800,92.7760,300.0000,65.0000,65.0147,13915.28,0.798365,92.776017
720.900,92.7760,300.0000,65.0000,65.0147,13915.35,0.798378,92.776017
721.000,92.7760,300.0000,65.0000,65.0147,13915.42,0.798390,92.776017
721.100,92.7760,300.0000,65.0625,65.0147,13915.49,0.798402,92.776017
721.200,92.7760,300.0000,65.0000,65.0147,13915.55,0.798412,92.776017
721.300,92.7760,300.0000,65.0000,65.0147,13915.60,0.798422,92.776017
721.400,92.7760,300.0000,65.0000,65.0147,13915.66,0.798431,92.776017
721.500,92.7760,300.0000,65.0000,65.0147,13915.71,0.798440,92.776017
721.600,92.7760,300.0000,65.0625,65.0148,13915.75,0.798448,92.776017
721.700,92.7760,300.0000,65.0000,65.0148,13915.80,0.798455,92.776017
721.800,92.7760,300.0000,65.0625,65.0148,13915.84,0.798462,92.776017
721.900,92.7760,300.0000,65.0000,65.0148,13915.87,0.798468,92.776017
722.000,92.7760,300.0000,65.0000,65.0148,13915.91,0.798475,92.776017
722.100,92.7760,300.0000,64.9375,65.0148,13915.94,0.798480,92.776017
722.200,92.7760,300.0000,65.1875,65.0148,13915.97,0.798485,92.776017
722.300,92.7760,300.0000,65.0625,65.0148,13916.00,0.798490,92.776017
722.400,92.7760,300.0000,65.0000,65.0148,13916.03,0.798495,92.776017
722.500,92.7760,300.0000,64.8750,65.0148,13916.05,0.798499,92.776017
722.600,92.7760,300.0000,65.0625,65.0149,13916.08,0.798503,92.776017
722.700,92.7760,300.0000,65.0000,65.0149,13916.10,0.798507,92.776017
722.800,92.7760,300.0000,65.0000,65.0149,13916.12,0.798510,92.776017
722.900,92.7760,300.0000,64.9375,65.0149,13916.14,0.798514,92.776017
723.000,92.6015,300.0000,65.0000,65.0149,13914.41,0.798216,92.772136
723.100,92.6015,300.0000,65.0000,65.0149,13912.80,0.797939,92.772136
723.200,92.6015,300.0000,64.9375,65.0150,13911.29,0.797680,92.772136
723.300,92.6015,300.0000,65.0000,65.0150,13909.89,0.797438,92.772136
723.400,92.6015,300.0000,65.0000,65.0151,13908.58,0.797213,92.772136
723.500,92.6015,300.0000,65.0000,65.0152,13907.35,0.797003,92.772136
723.600,92.6015,300.0000,65.0625,65.0153,13906.21,0.796806,92.772136
723.700,92.6015,300.0000,64.9375,65.0154,13905.15,0.796623,92.772136
723.800,92.6015,300.0000,65.0000,65.0155,13904.15,0.796452,92.772136
723.900,92.6015,300.0000,65.1250,65.0156,13903.22,0.796292,92.772136
724.000,93.1212,300.0000,65.0000,65.0157,13907.55,0.797037,92.779898
724.100,93.1212,300.0000,65.0625,65.0157,13911.59,0.797732,92.779898
724.200,93.1212,300.0000,64.9375,65.0157,13915.37,0.798381,92.779898
724.300,93.1212,300.0000,65.0000,65.0157,13918.89,0.798987,92.779898
724.400,93.1212,300.0000,64.9375,65.0157,13922.17,0.799553,92.779898
724.500,93.1212,300.0000,65.0000,65.0156,13925.24,0.800082,92.779898
724.600,93.1212,300.0000,64.9375,65.0155,13928.10,0.800575,92.779898
724.700,93.1212,300.0000,65.0000,65.0154,13930.78,0.801036,92.779898
724.800,93.1212,300.0000,64.9375,65.0153,13933.27,0.801466,92.779898
724.900,93.1212,300.0000,64.9375,65.0151,13935.60,0.801868,92.779898
725.000,92.6054,300.0000,65.0000,65.0150,13932.61,0.801353,92.776017
725.100,92.6054,300.0000,65.0625,65.0149,13929.82,0.800872,92.776017
725.200,92.6054,300.0000,64.9375,65.0148,13927.22,0.800423,92.776017
725.300,92.6054,300.0000,64.9375,65.0147,13924.79,0.800005,92.776017
725.400,92.6054,300.0000,65.0000,65.0147,13922.53,0.799614,92.776017
725.500,92.6054,300.0000,65.0000,65.0146,13920.41,0.799250,92.776017
725.600,92.6054,300.0000,64.9375,65.0146,13918.44,0.798910,92.776017
725.700,92.6054,300.0000,64.9375,65.0146,13916.60,0.798593,92.776017
725.800,92.6054,300.0000,65.0625,65.0147,13914.88,0.798297,92.776017
725.900,92.6054,300.0000,64.9375,65.0147,13913.27,0.798021,92.776017
726.000,92.6015,300.0000,65.0000,65.0147,13911.74,0.797756,92.772136
726.100,92.6015,300.0000,65.0000,65.0148,13910.30,0.797510,92.772136
726.200,92.6015,300.0000,65.0000,65.0149,13908.96,0.797279,92.772136
726.300,92.6015,300.0000,65.0000,65.0149,13907.71,0.797065,92.772136
726.400,92.6015,300.0000,65.0000,65.0150,13906.55,0.796864,92.772136
726.500,92.6015,300.0000,65.0000,65.0151,13905.46,0.796677,92.772136
726.600,92.6015,300.0000,65.0000,65.0152,13904.44,0.796502,92.772136
726.700,92.6015,300.0000,65.0625,65.0153,13903.50,0.796339,92.772136
726.800,92.6015,300.0000,65.0000,65.0154,13902.61,0.796187,92.772136
726.900,92.6015,300.0000,65.0000,65.0156,13901.79,0.796046,92.772136
727.000,92.7721,300.0000,65.0000,65.0157,13902.72,0.796206,92.772136
727.100,92.7721,300.0000,65.0000,65.0158,13903.59,0.796356,92.772136
727.200,92.7721,300.0000,65.0000,65.0159,13904.41,0.796496,92.772136
727.300,92.7721,300.0000,65.0625,65.0160,13905.17,0.796627,92.772136
727.400,92.7721,300.0000,65.0000,65.0161,13905.88,0.796749,92.772136
727.500,92.7721,300.0000,65.0625,65.0162,13906.54,0.796863,92.772136
727.600,92.7721,300.0000,65.0000,65.0163,13907.16,0.796969,92.772136
727.700,92.7721,300.0000,64.9375,65.0163,13907.74,0.797069,92.772136
727.800,92.7721,300.0000,64.9375,65.0164,13908.28,0.797161,92.772136
727.900,92.7721,300.0000,65.0000,65.0165,13908.78,0.797248,92.772136
728.000,92.7721,300.0000,65.0625,65.0165,13909.25,0.797329,92.772136
728.100,92.7721,300.0000,65.0000,65.0166,13909.69,0.797404,92.772136
728.200,92.7721,300.0000,65.0000,65.0166,13910.10,0.797474,92.772136
728.300,92.7721,300.0000,65.0000,65.0167,13910.48,0.797540,92.772136
728.400,92.7721,300.0000,64.8750,65.0167,13910.83,0.797601,92.772136
728.500,92.7721,300.0000,65.0000,65.0168,13911.17,0.797658,92.772136
728.600,92.7721,300.0000,65.0000,65.0168,13911.48,0.797712,92.772136
728.700,92.7721,300.0000,65.0625,65.0169,13911.77,0.797761,92.772136
728.800,92.7721,300.0000,65.0000,65.0169,13912.04,0.797808,92.772136
728.900,92.7721,300.0000,65.0625,65.0169,13912.29,0.797851,92.772136
729.000,92.9467,300.0000,65.0000,65.0170,13914.27,0.798192,92.776017
729.100,92.9467,300.0000,65.0625,65.0170,13916.12,0.798510,92.776017
729.200,92.9467,300.0000,64.9375,65.0169,13917.84,0.798807,92.776017
729.300,92.9467,300.0000,65.0000,65.0169,13919.45,0.799085,92.776017
729.400,92.9467,300.0000,65.0000,65.0169,13920.96,0.799344,92.776017
729.500,92.9467,300.0000,65.0625,65.0168,13922.36,0.799585,92.776017
729.600,92.9467,300.0000,65.0000,65.0168,13923.67,0.799811,92.776017
729.700,92.9467,300.0000,65.0000,65.0167,13924.89,0.800022,92.776017
729.800,92.9467,300.0000,65.0625,65.0166,13926.03,0.800218,92.776017
729.900,92.9467,300.0000,65.1250,65.0165,13927.10,0.800402,92.776017
730.000,93.1251,300.0000,65.0000,65.0164,13929.87,0.800881,92.783779
730.100,93.1251,300.0000,65.1250,65.0163,13932.47,0.801328,92.783779
730.200,93.1251,300.0000,65.0000,65.0161,13934.89,0.801745,92.783779
730.300,93.1251,300.0000,64.9375,65.0160,13937.14,0.802135,92.783779
730.400,93.1251,300.0000,65.0625,65.0158,13939.25,0.802499,92.783779
730.500,93.1251,300.0000,65.0000,65.0156,13941.22,0.802839,92.783779
730.600,93.1251,300.0000,64.9375,65.0154,13943.06,0.803156,92.783779
730.700,93.1251,300.0000,64.9375,65.0151,13944.77,0.803453,92.783779
730.800,93.1251,300.0000,64.9375,65.0149,13946.37,0.803729,92.783779
730.900,93.1251,300.0000,65.1250,65.0146,13947.86,0.803987,92.783779
731.000,93.1328,300.0000,65.0625,65.0144,13949.33,0.804242,92.791541
731.100,93.1328,300.0000,65.0000,65.0141,13950.71,0.804479,92.791541
731.200,93.1328,300.0000,65.0000,65.0138,13951.99,0.804701,92.791541
731.300,93.1328,300.0000,65.1250,65.0135,13953.18,0.804908,92.791541
731.400,93.1328,300.0000,65.0000,65.0132,13954.30,0.805101,92.791541
731.500,93.1328,300.0000,65.0000,65.0129,13955.34,0.805281,92.791541
731.600,93.1328,300.0000,65.0000,65.0126,13956.31,0.805450,92.791541
731.700,93.1328,300.0000,65.0625,65.0122,13957.22,0.805607,92.791541
731.800,93.1328,300.0000,65.0000,65.0119,13958.07,0.805753,92.791541
731.900,93.1328,300.0000,65.0000,65.0116,13958.86,0.805890,92.791541
732.000,92.7915,300.0000,65.0000,65.0112,13956.18,0.805427,92.791541
732.100,92.7915,300.0000,65.0000,65.0110,13953.69,0.804995,92.791541
732.200,92.7915,300.0000,64.9375,65.0107,13951.36,0.804592,92.791541
732.300,92.7915,300.0000,65.0625,65.0104,13949.18,0.804215,92.791541
732.400,92.7915,300.0000,65.0625,65.0102,13947.15,0.803864,92.791541
732.500,92.7915,300.0000,65.0625,65.0100,13945.26,0.803537,92.791541
732.600,92.7915,300.0000,65.0000,65.0097,13943.49,0.803231,92.791541
732.700,92.7915,300.0000,65.0625,65.0096,13941.84,0.802946,92.791541
732.800,92.7915,300.0000,65.0625,65.0094,13940.30,0.802680,92.791541
732.900,92.7915,300.0000,65.0625,65.0092,13938.86,0.802431,92.791541
733.000,92.9661,300.0000,65.0625,65.0090,13939.26,0.802501,92.795422
733.100,92.9661,300.0000,64.9375,65.0089,13939.64,0.802566,92.795422
733.200,92.9661,300.0000,65.0625,65.0087,13939.99,0.802627,92.795422
733.300,92.9661,300.0000,65.0625,65.0085,13940.32,0.802684,92.795422
733.400,92.9661,300.0000,65.1250,65.0083,13940.62,0.802736,92.795422
733.500,92.9661,300.0000,64.9375,65.0081,13940.91,0.802786,92.795422
733.600,92.9661,300.0000,65.0000,65.0079,13941.18,0.802832,92.795422
733.700,92.9661,300.0000,64.9375,65.0078,13941.43,0.802875,92.795422
733.800,92.9661,300.0000,65.0000,65.0076,13941.66,0.802915,92.795422
733.900,92.9661,300.0000,64.9375,65.0074,13941.88,0.802952,92.795422
734.000,92.6209,300.0000,65.1250,65.0072,13938.63,0.802391,92.791541
734.100,92.6209,300.0000,65.0625,65.0071,13935.59,0.801867,92.791541
734.200,92.6209,300.0000,65.0625,65.0070,13932.76,0.801379,92.791541
734.300,92.6209,300.0000,65.0000,65.0069,13930.12,0.800923,92.791541
734.400,92.6209,300.0000,65.0000,65.0068,13927.65,0.800498,92.791541
734.500,92.6209,300.0000,65.0625,65.0068,13925.35,0.800101,92.791541
734.600,92.6209,300.0000,65.1250,65.0067,13923.21,0.799731,92.791541
734.700,92.6209,300.0000,65.0625,65.0067,13921.20,0.799386,92.791541
734.800,92.6209,300.0000,65.0000,65.0067,13919.33,0.799063,92.791541
734.900,92.6209,300.0000,65.0000,65.0067,13917.58,0.798763,92.791541
735.000,92.7915,300.0000,65.0000,65.0067,13917.66,0.798776,92.791541
735.100,92.7915,300.0000,65.0625,65.0067,13917.73,0.798788,92.791541
735.200,92.7915,300.0000,65.0000,65.0068,13917.80,0.798799,92.791541
735.300,92.7915,300.0000,65.0000,65.0068,13917.86,0.798810,92.791541
735.400,92.7915,300.0000,65.0000,65.0068,13917.92,0.798820,92.791541
735.500,92.7915,300.0000,65.0000,65.0068,13917.97,0.798830,92.791541
735.600,92.7915,300.0000,65.0625,65.0068,13918.02,0.798838,92.791541
735.700,92.7915,300.0000,65.0000,65.0068,13918.07,0.798846,92.791541
735.800,92.7915,300.0000,65.0625,65.0068,13918.11,0.798854,92.791541
735.900,92.7915,300.0000,65.0000,65.0068,13918.16,0.798861,92.791541
736.000,92.7915,300.0000,65.0000,65.0068,13918.19,0.798868,92.791541
736.100,92.7915,300.0000,65.0000,65.0068,13918.23,0.798874,92.791541
736.200,92.7915,300.0000,65.0000,65.0069,13918.26,0.798880,92.791541
736.300,92.7915,300.0000,65.0000,65.0069,13918.29,0.798885,92.791541
736.400,92.7915,300.0000,65.1250,65.0069,13918.32,0.798890,92.791541
736.500,92.7915,300.0000,65.0000,65.0069,13918.35,0.798895,92.791541
736.600,92.7915,300.0000,65.0625,65.0069,13918.38,0.798899,92.791541
736.700,92.7915,300.0000,65.0000,65.0069,13918.40,0.798903,92.791541
736.800,92.7915,300.0000,65.0000,65.0069,13918.42,0.798907,92.791541
736.900,92.7915,300.0000,65.0000,65.0069,13918.44,0.798910,92.791541
737.000,92.7915,300.0000,65.0000,65.0069,13918.46,0.798914,92.791541
737.100,92.7915,300.0000,65.0000,65.0069,13918.48,0.798917,92.791541
737.200,92.7915,300.0000,64.9375,65.0069,13918.50,0.798920,92.791541
737.300,92.7915,300.0000,65.0625,65.0069,13918.51,0.798922,92.791541
737.400,92.7915,300.0000,65.0000,65.0069,13918.53,0.798925,92.791541
737.500,92.7915,300.0000,65.0625,65.0069,13918.54,0.798927,92.791541
737.600,92.7915,300.0000,64.9375,65.0069,13918.55,0.798930,92.791541
737.700,92.7915,300.0000,65.0000,65.0069,13918.56,0.798932,92.791541
737.800,92.7915,300.0000,65.0625,65.0070,13918.58,0.798933,92.791541
737.900,92.7915,300.0000,65.0625,65.0070,13918.59,0.798935,92.791541
738.000,92.9661,300.0000,65.0000,65.0069,13920.34,0.799238,92.795422
738.100,92.9661,300.0000,65.0000,65.0069,13921.98,0.799520,92.795422
738.200,92.9661,300.0000,65.0000,65.0069,13923.51,0.799783,92.795422
738.300,92.9661,300.0000,65.0000,65.0068,13924.93,0.800029,92.795422
738.400,92.9661,300.0000,65.0625,65.0068,13926.27,0.800259,92.795422
738.500,92.9661,300.0000,65.0625,65.0067,13927.51,0.800473,92.795422
738.600,92.9661,300.0000,65.0000,65.0066,13928.67,0.800673,92.795422
738.700,92.9661,300.0000,65.0000,65.0065,13929.75,0.800860,92.795422
738.800,92.9661,300.0000,65.0000,65.0065,13930.76,0.801034,92.795422
738.900,92.9661,300.0000,65.0000,65.0064,13931.71,0.801197,92.795422
739.000,92.7954,300.0000,65.0000,65.0063,13930.88,0.801054,92.795422
739.100,92.7954,300.0000,65.0000,65.0062,13930.11,0.800921,92.795422
739.200,92.7954,300.0000,64.9375,65.0061,13929.39,0.800797,92.795422
739.300,92.7954,300.0000,64.9375,65.0060,13928.72,0.800681,92.795422
739.400,92.7954,300.0000,65.0000,65.0059,13928.09,0.800573,92.795422
739.500,92.7954,300.0000,64.9375,65.0059,13927.51,0.800472,92.795422
739.600,92.7954,300.0000,65.0625,65.0058,13926.96,0.800378,92.795422
739.700,92.7954,300.0000,64.8750,65.0057,13926.45,0.800290,92.795422
739.800,92.7954,300.0000,64.9375,65.0057,13925.97,0.800208,92.795422
739.900,92.7954,300.0000,65.0000,65.0056,13925.53,0.800132,92.795422
740.000,92.7954,300.0000,65.0625,65.0056,13925.12,0.800060,92.795422
740.100,92.7954,300.0000,65.1250,65.0056,13924.73,0.799993,92.795422
740.200,92.7954,300.0000,65.0000,65.0055,13924.37,0.799931,92.795422
740.300,92.7954,300.0000,64.9375,65.0055,13924.03,0.799873,92.795422
740.400,92.7954,300.0000,65.0000,65.0054,13923.72,0.799819,92.795422
740.500,92.7954,300.0000,65.0625,65.0054,13923.42,0.799768,92.795422
740.600,92.7954,300.0000,65.0000,65.0054,13923.15,0.799721,92.795422
740.700,92.7954,300.0000,65.0000,65.0054,13922.89,0.799677,92.795422
740.800,92.7954,300.0000,65.0000,65.0053,13922.65,0.799636,92.795422
740.900,92.7954,300.0000,64.9375,65.0053,13922.43,0.799598,92.795422
741.000,92.6209,300.0000,65.0000,65.0053,13920.48,0.799261,92.791541
741.100,92.6209,300.0000,65.0000,65.0053,13918.66,0.798947,92.791541
741.200,92.6209,300.0000,65.0625,65.0053,13916.95,0.798654,92.791541
741.300,92.6209,300.0000,64.9375,65.0054,13915.37,0.798381,92.791541
741.400,92.6209,300.0000,65.0000,65.0054,13913.88,0.798126,92.791541
741.500,92.6209,300.0000,65.0625,65.0055,13912.50,0.797888,92.791541
741.600,92.6209,300.0000,65.0000,65.0055,13911.21,0.797666,92.791541
741.700,92.6209,300.0000,64.9375,65.0056,13910.00,0.797458,92.791541
741.800,92.6209,300.0000,65.0000,65.0057,13908.88,0.797265,92.791541
741.900,92.6209,300.0000,65.0000,65.0058,13907.83,0.797084,92.791541
742.000,92.7915,300.0000,65.0000,65.0059,13908.56,0.797209,92.791541
742.100,92.7915,300.0000,65.0000,65.0060,13909.23,0.797326,92.791541
742.200,92.7915,300.0000,65.0625,65.0061,13909.87,0.797435,92.791541
742.300,92.7915,300.0000,65.0000,65.0061,13910.46,0.797537,92.791541
742.400,92.7915,300.0000,65.1250,65.0062,13911.01,0.797631,92.791541
742.500,92.7915,300.0000,65.0625,65.0063,13911.53,0.797720,92.791541
742.600,92.7915,300.0000,65.0000,65.0063,13912.01,0.797803,92.791541
742.700,92.7915,300.0000,65.0000,65.0064,13912.45,0.797880,92.791541
742.800,92.7915,300.0000,65.0000,65.0064,13912.87,0.797952,92.791541
742.900,92.7915,300.0000,65.0625,65.0065,13913.26,0.798019,92.791541
743.000,92.9661,300.0000,65.0000,65.0065,13915.37,0.798382,92.795422
743.100,92.9661,300.0000,65.0000,65.0065,13917.34,0.798721,92.795422
743.200,92.9661,300.0000,65.0000,65.0065,13919.18,0.799038,92.795422
743.300,92.9661,300.0000,65.0000,65.0065,13920.90,0.799333,92.795422
743.400,92.9661,300.0000,65.0625,65.0065,13922.50,0.799609,92.795422
743.500,92.9661,300.0000,65.0000,65.0065,13923.99,0.799866,92.795422
743.600,92.9661,300.0000,65.0625,65.0064,13925.39,0.800107,92.795422
743.700,92.9661,300.0000,65.0000,65.0063,13926.69,0.800331,92.795422
743.800,92.9661,300.0000,64.9375,65.0063,13927.90,0.800541,92.795422
743.900,92.9661,300.0000,65.0625,65.0062,13929.04,0.800736,92.795422
744.000,92.9700,300.0000,65.0625,65.0061,13930.13,0.800925,92.799303
744.100,92.9700,300.0000,65.0625,65.0060,13931.16,0.801102,92.799303
744.200,92.9700,300.0000,65.0000,65.0059,13932.11,0.801267,92.799303
744.300,92.9700,300.0000,65.0000,65.0058,13933.00,0.801421,92.799303
744.400,92.9700,300.0000,64.9375,65.0057,13933.84,0.801564,92.799303
744.500,92.9700,300.0000,65.0000,65.0055,13934.61,0.801699,92.799303
744.600,92.9700,300.0000,65.0625,65.0054,13935.34,0.801824,92.799303
744.700,92.9700,300.0000,65.0000,65.0053,13936.02,0.801941,92.799303
744.800,92.9700,300.0000,65.0000,65.0051,13936.65,0.802050,92.799303
744.900,92.9700,300.0000,65.0625,65.0050,13937.24,0.802151,92.799303
745.000,92.9738,300.0000,65.0000,65.0048,13937.83,0.802253,92.803183
745.100,92.9738,300.0000,65.0000,65.0047,13938.38,0.802348,92.803183
745.200,92.9738,300.0000,65.0000,65.0045,13938.89,0.802437,92.803183
745.300,92.9738,300.0000,65.0000,65.0044,13939.37,0.802519,92.803183
745.400,92.9738,300.0000,65.0625,65.0042,13939.82,0.802597,92.803183
745.500,92.9738,300.0000,64.9375,65.0040,13940.23,0.802669,92.803183
745.600,92.9738,300.0000,64.9375,65.0039,13940.62,0.802736,92.803183
745.700,92.9738,300.0000,65.0000,65.0037,13940.99,0.802799,92.803183
745.800,92.9738,300.0000,64.9375,65.0035,13941.33,0.802857,92.803183
745.900,92.9738,300.0000,64.9375,65.0033,13941.64,0.802912,92.803183
746.000,92.6287,300.0000,65.0000,65.0032,13938.49,0.802367,92.799303
746.100,92.6287,300.0000,65.0000,65.0031,13935.54,0.801858,92.799303
746.200,92.6287,300.0000,65.0625,65.0029,13932.79,0.801384,92.799303
746.300,92.6287,300.0000,65.0625,65.0029,13930.22,0.800941,92.799303
746.400,92.6287,300.0000,65.0000,65.0028,13927.83,0.800528,92.799303
746.500,92.6287,300.0000,64.8750,65.0028,13925.59,0.800143,92.799303
746.600,92.6287,300.0000,65.0000,65.0027,13923.51,0.799783,92.799303
746.700,92.6287,300.0000,65.1250,65.0027,13921.56,0.799447,92.799303
746.800,92.6287,300.0000,64.9375,65.0027,13919.74,0.799134,92.799303
746.900,92.6287,300.0000,65.0625,65.0027,13918.05,0.798842,92.799303
747.000,92.9738,300.0000,65.0625,65.0027,13919.91,0.799164,92.803183
747.100,92.9738,300.0000,65.0000,65.0027,13921.66,0.799465,92.803183
747.200,92.9738,300.0000,65.0625,65.0027,13923.29,0.799745,92.803183
747.300,92.9738,300.0000,64.9375,65.0027,13924.81,0.800007,92.803183
747.400,92.9738,300.0000,65.0000,65.0026,13926.22,0.800251,92.803183
747.500,92.9738,300.0000,65.0000,65.0026,13927.55,0.800479,92.803183
747.600,92.9738,300.0000,65.0625,65.0025,13928.78,0.800692,92.803183
747.700,92.9738,300.0000,64.9375,65.0024,13929.94,0.800891,92.803183
747.800,92.9738,300.0000,65.0625,65.0023,13931.01,0.801077,92.803183
747.900,92.9738,300.0000,65.0000,65.0022,13932.02,0.801250,92.803183
748.000,92.8032,300.0000,64.9375,65.0021,13931.25,0.801117,92.803183
748.100,92.8032,300.0000,64.9375,65.0021,13930.53,0.800993,92.803183
748.200,92.8032,300.0000,65.0625,65.0020,13929.86,0.800878,92.803183
748.300,92.8032,300.0000,65.0625,65.0019,13929.23,0.800770,92.803183
748.400,92.8032,300.0000,65.0000,65.0018,13928.65,0.800669,92.803183
748.500,92.8032,300.0000,65.0625,65.0018,13928.10,0.800575,92.803183
748.600,92.8032,300.0000,65.0000,65.0017,13927.60,0.800488,92.803183
748.700,92.8032,300.0000,65.0000,65.0017,13927.12,0.800406,92.803183
748.800,92.8032,300.0000,65.0000,65.0016,13926.68,0.800330,92.803183
748.900,92.8032,300.0000,65.0625,65.0016,13926.27,0.800258,92.803183
749.000,92.9777,300.0000,64.9375,65.0015,13927.62,0.800493,92.807064
749.100,92.9777,300.0000,65.0625,65.0014,13928.89,0.800711,92.807064
749.200,92.9777,300.0000,65.0625,65.0014,13930.08,0.800916,92.807064
749.300,92.9777,300.0000,65.0000,65.0013,13931.18,0.801106,92.807064
749.400,92.9777,300.0000,65.0625,65.0012,13932.21,0.801284,92.807064
749.500,92.9777,300.0000,65.0000,65.0011,13933.18,0.801451,92.807064
749.600,92.9777,300.0000,65.0000,65.0010,13934.08,0.801606,92.807064
749.700,92.9777,300.0000,65.0000,65.0008,13934.91,0.801750,92.807064
749.800,92.9777,300.0000,65.0000,65.0007,13935.70,0.801886,92.807064
749.900,92.9777,300.0000,65.0000,65.0006,13936.43,0.802012,92.807064
750.000,92.8071,300.0000,65.0000,65.0005,13935.40,0.801835,92.807064
750.100,92.8071,300.0000,65.0625,65.0004,13934.45,0.801670,92.807064
750.200,92.8071,300.0000,64.9375,65.0003,13933.55,0.801516,92.807064
750.300,92.8071,300.0000,65.0000,65.0002,13932.72,0.801372,92.807064
750.400,92.8071,300.0000,65.0000,65.0001,13931.94,0.801238,92.807064
750.500,92.8071,300.0000,65.0625,65.0000,13931.22,0.801113,92.807064
750.600,92.8071,300.0000,65.0625,64.9999,13930.54,0.800996,92.807064
750.700,92.8071,300.0000,65.0000,64.9998,13929.91,0.800887,92.807064
750.800,92.8071,300.0000,65.0000,64.9998,13929.32,0.800785,92.807064
750.900,92.8071,300.0000,65.0000,64.9997,13928.77,0.800690,92.807064
751.000,92.8071,300.0000,65.0625,64.9996,13928.25,0.800601,92.807064
751.100,92.8071,300.0000,64.9375,64.9996,13927.78,0.800519,92.807064
751.200,92.8071,300.0000,64.8125,64.9995,13927.33,0.800441,92.807064
751.300,92.8071,300.0000,65.0625,64.9995,13926.91,0.800369,92.807064
751.400,92.8071,300.0000,65.0000,64.9994,13926.52,0.800302,92.807064
751.500,92.8071,300.0000,64.9375,64.9994,13926.16,0.800239,92.807064
751.600,92.8071,300.0000,65.0000,64.9994,13925.82,0.800181,92.807064
751.700,92.8071,300.0000,64.8750,64.9993,13925.50,0.800126,92.807064
751.800,92.8071,300.0000,65.0625,64.9993,13925.20,0.800075,92.807064
751.900,92.8071,300.0000,65.0625,64.9993,13924.93,0.800028,92.807064
752.000,92.9816,300.0000,65.0625,64.9992,13926.41,0.800284,92.810945
752.100,92.9816,300.0000,65.0000,64.9992,13927.80,0.800523,92.810945
752.200,92.9816,300.0000,64.9375,64.9991,13929.10,0.800747,92.810945
752.300,92.9816,300.0000,65.0000,64.9990,13930.31,0.800955,92.810945
752.400,92.9816,300.0000,65.0000,64.9989,13931.44,0.801150,92.810945
752.500,92.9816,300.0000,64.9375,64.9988,13932.49,0.801332,92.810945
752.600,92.9816,300.0000,64.9375,64.9987,13933.47,0.801502,92.810945
752.700,92.9816,300.0000,65.0625,64.9986,13934.39,0.801660,92.810945
752.800,92.9816,300.0000,65.0625,64.9985,13935.25,0.801808,92.810945
752.900,92.9816,300.0000,65.0625,64.9984,13936.05,0.801946,92.810945
753.000,92.9855,300.0000,65.0625,64.9983,13936.83,0.802081,92.814826
753.100,92.9855,300.0000,64.9375,64.9981,13937.56,0.802208,92.814826
753.200,92.9855,300.0000,65.0000,64.9980,13938.25,0.802326,92.814826
753.300,92.9855,300.0000,64.9375,64.9979,13938.89,0.802436,92.814826
753.400,92.9855,300.0000,65.1250,64.9977,13939.48,0.802539,92.814826
753.500,92.9855,300.0000,65.0000,64.9976,13940.04,0.802635,92.814826
753.600,92.9855,300.0000,65.0625,64.9974,13940.56,0.802725,92.814826
753.700,92.9855,300.0000,65.0625,64.9972,13941.04,0.802808,92.814826
753.800,92.9855,300.0000,64.9375,64.9971,13941.49,0.802886,92.814826
753.900,92.9855,300.0000,64.9375,64.9969,13941.92,0.802959,92.814826
754.000,92.6403,300.0000,64.9375,64.9968,13938.86,0.802431,92.810945
754.100,92.6403,300.0000,65.0625,64.9967,13936.00,0.801938,92.810945
754.200,92.6403,300.0000,65.0000,64.9966,13933.34,0.801478,92.810945
754.300,92.6403,300.0000,64.8750,64.9965,13930.85,0.801049,92.810945
754.400,92.6403,300.0000,64.9375,64.9964,13928.53,0.800649,92.810945
754.500,92.6403,300.0000,65.0625,64.9964,13926.37,0.800276,92.810945
754.600,92.6403,300.0000,64.9375,64.9964,13924.34,0.799927,92.810945
754.700,92.6403,300.0000,65.0000,64.9964,13922.46,0.799602,92.810945
754.800,92.6403,300.0000,65.0000,64.9964,13920.70,0.799299,92.810945
754.900,92.6403,300.0000,65.0625,64.9964,13919.05,0.799016,92.810945
755.000,92.9855,300.0000,65.0000,64.9964,13920.97,0.799346,92.814826
755.100,92.9855,300.0000,65.0000,64.9964,13922.76,0.799654,92.814826
755.200,92.9855,300.0000,65.0000,64.9964,13924.43,0.799942,92.814826
755.300,92.9855,300.0000,64.8750,64.9964,13925.99,0.800211,92.814826
755.400,92.9855,300.0000,64.8750,64.9963,13927.45,0.800462,92.814826
755.500,92.9855,300.0000,65.0000,64.9963,13928.81,0.800696,92.814826
755.600,92.9855,300.0000,64.9375,64.9962,13930.07,0.800915,92.814826
755.700,92.9855,300.0000,65.0000,64.9961,13931.26,0.801119,92.814826
755.800,92.9855,300.0000,65.0625,64.9960,13932.36,0.801310,92.814826
755.900,92.9855,300.0000,64.9375,64.9959,13933.39,0.801487,92.814826
756.000,92.6403,300.0000,65.0000,64.9959,13930.90,0.801058,92.810945
756.100,92.6403,300.0000,64.9375,64.9958,13928.58,0.800657,92.810945
756.200,92.6403,300.0000,65.0000,64.9958,13926.41,0.800283,92.810945
756.300,92.6403,300.0000,65.0000,64.9958,13924.38,0.799934,92.810945
756.400,92.6403,300.0000,65.0000,64.9958,13922.50,0.799609,92.810945
756.500,92.6403,300.0000,64.9375,64.9958,13920.73,0.799305,92.810945
756.600,92.6403,300.0000,64.9375,64.9958,13919.09,0.799021,92.810945
756.700,92.6403,300.0000,65.0625,64.9958,13917.55,0.798757,92.810945
756.800,92.6403,300.0000,65.0625,64.9959,13916.12,0.798510,92.810945
756.900,92.6403,300.0000,65.0000,64.9959,13914.78,0.798280,92.810945
757.000,92.8109,300.0000,65.0000,64.9960,13915.24,0.798358,92.810945
757.100,92.8109,300.0000,64.8750,64.9960,13915.66,0.798432,92.810945
757.200,92.8109,300.0000,65.0000,64.9961,13916.06,0.798501,92.810945
757.300,92.8109,300.0000,65.0000,64.9961,13916.43,0.798565,92.810945
757.400,92.8109,300.0000,64.8750,64.9962,13916.78,0.798624,92.810945
757.500,92.8109,300.0000,65.0000,64.9962,13917.10,0.798680,92.810945
757.600,92.8109,300.0000,65.0000,64.9963,13917.41,0.798732,92.810945
757.700,92.8109,300.0000,65.0625,64.9963,13917.69,0.798781,92.810945
757.800,92.8109,300.0000,65.0625,64.9963,13917.95,0.798826,92.810945
757.900,92.8109,300.0000,64.9375,64.9964,13918.20,0.798869,92.810945
758.000,92.6364,300.0000,64.9375,64.9964,13916.68,0.798608,92.807064
758.100,92.6364,300.0000,65.0625,64.9965,13915.27,0.798364,92.807064
758.200,92.6364,300.0000,65.0625,64.9965,13913.95,0.798137,92.807064
758.300,92.6364,300.0000,65.0000,64.9966,13912.72,0.797925,92.807064
758.400,92.6364,300.0000,64.9375,64.9967,13911.57,0.797727,92.807064
758.500,92.6364,300.0000,65.0625,64.9968,13910.49,0.797542,92.807064
758.600,92.6364,300.0000,65.0625,64.9969,13909.49,0.797370,92.807064
758.700,92.6364,300.0000,65.1250,64.9970,13908.55,0.797209,92.807064
758.800,92.6364,300.0000,64.9375,64.9971,13907.68,0.797059,92.807064
758.900,92.6364,300.0000,65.0000,64.9973,13906.87,0.796919,92.807064
759.000,92.8071,300.0000,65.0000,64.9974,13907.81,0.797082,92.807064
759.100,92.8071,300.0000,64.9375,64.9975,13908.70,0.797233,92.807064
759.200,92.8071,300.0000,65.0625,64.9976,13909.52,0.797375,92.807064
759.300,92.8071,300.0000,65.0625,64.9977,13910.29,0.797507,92.807064
759.400,92.8071,300.0000,64.9375,64.9978,13911.01,0.797631,92.807064
759.500,92.8071,300.0000,65.0000,64.9978,13911.68,0.797746,92.807064
759.600,92.8071,300.0000,64.9375,64.9979,13912.30,0.797854,92.807064
759.700,92.8071,300.0000,65.0000,64.9980,13912.89,0.797954,92.807064
759.800,92.8071,300.0000,64.9375,64.9981,13913.43,0.798048,92.807064
759.900,92.8071,300.0000,65.0000,64.9981,13913.94,0.798136,92.807064
760.000,92.8071,300.0000,64.9375,64.9982,13914.42,0.798217,92.807064
760.100,92.8071,300.0000,65.0625,64.9982,13914.86,0.798293,92.807064
760.200,92.8071,300.0000,65.0625,64.9983,13915.27,0.798365,92.807064
760.300,92.8071,300.0000,65.0000,64.9983,13915.66,0.798431,92.807064
760.400,92.8071,300.0000,65.0625,64.9984,13916.02,0.798493,92.807064
760.500,92.8071,300.0000,65.0000,64.9984,13916.35,0.798551,92.807064
760.600,92.8071,300.0000,65.0000,64.9985,13916.67,0.798605,92.807064
760.700,92.8071,300.0000,64.9375,64.9985,13916.96,0.798655,92.807064
760.800,92.8071,300.0000,65.0000,64.9985,13917.23,0.798702,92.807064
760.900,92.8071,300.0000,65.0000,64.9986,13917.49,0.798746,92.807064
761.000,92.8071,300.0000,65.0000,64.9986,13917.73,0.798787,92.807064
761.100,92.8071,300.0000,65.0000,64.9986,13917.95,0.798826,92.807064
761.200,92.8071,300.0000,65.0000,64.9987,13918.16,0.798861,92.807064
761.300,92.8071,300.0000,65.0000,64.9987,13918.35,0.798895,92.807064
761.400,92.8071,300.0000,64.9375,64.9987,13918.53,0.798926,92.807064
761.500,92.8071,300.0000,65.0000,64.9987,13918.70,0.798955,92.807064
761.600,92.8071,300.0000,64.9375,64.9987,13918.86,0.798982,92.807064
761.700,92.8071,300.0000,65.0000,64.9988,13919.00,0.799007,92.807064
761.800,92.8071,300.0000,65.0625,64.9988,13919.14,0.799031,92.807064
761.900,92.8071,300.0000,65.0625,64.9988,13919.27,0.799053,92.807064
762.000,92.9816,300.0000,64.9375,64.9988,13921.13,0.799374,92.810945
762.100,92.9816,300.0000,64.9375,64.9988,13922.87,0.799674,92.810945
762.200,92.9816,300.0000,65.0000,64.9988,13924.50,0.799954,92.810945
762.300,92.9816,300.0000,65.0000,64.9987,13926.01,0.800215,92.810945
762.400,92.9816,300.0000,65.0625,64.9987,13927.43,0.800459,92.810945
762.500,92.9816,300.0000,65.0000,64.9986,13928.75,0.800687,92.810945
762.600,92.9816,300.0000,65.0000,64.9985,13929.98,0.800899,92.810945
762.700,92.9816,300.0000,65.0000,64.9985,13931.13,0.801098,92.810945
762.800,92.9816,300.0000,65.0625,64.9984,13932.21,0.801283,92.810945
762.900,92.9816,300.0000,64.8750,64.9983,13933.21,0.801456,92.810945
763.000,92.4619,300.0000,65.0000,64.9982,13928.95,0.800721,92.803183
763.100,92.4619,300.0000,64.9375,64.9982,13924.97,0.800035,92.803183
763.200,92.4619,300.0000,64.9375,64.9982,13921.26,0.799395,92.803183
763.300,92.4619,300.0000,64.9375,64.9982,13917.79,0.798799,92.803183
763.400,92.4619,300.0000,65.0000,64.9983,13914.56,0.798242,92.803183
763.500,92.4619,300.0000,65.0000,64.9984,13911.54,0.797722,92.803183
763.600,92.4619,300.0000,65.0000,64.9985,13908.72,0.797238,92.803183
763.700,92.4619,300.0000,64.9375,64.9986,13906.09,0.796786,92.803183
763.800,92.4619,300.0000,64.9375,64.9987,13903.64,0.796364,92.803183
763.900,92.4619,300.0000,65.0000,64.9989,13901.35,0.795971,92.803183
764.000,92.8032,300.0000,65.0625,64.9991,13902.62,0.796190,92.803183
764.100,92.8032,300.0000,65.0625,64.9992,13903.81,0.796394,92.803183
764.200,92.8032,300.0000,64.9375,64.9993,13904.93,0.796585,92.803183
764.300,92.8032,300.0000,64.9375,64.9995,13905.96,0.796763,92.803183
764.400,92.8032,300.0000,64.9375,64.9996,13906.93,0.796930,92.803183
764.500,92.8032,300.0000,65.0000,64.9997,13907.83,0.797085,92.803183
764.600,92.8032,300.0000,65.0625,64.9998,13908.68,0.797230,92.803183
764.700,92.8032,300.0000,64.9375,64.9999,13909.46,0.797365,92.803183
764.800,92.8032,300.0000,65.0000,65.0000,13910.20,0.797491,92.803183
764.900,92.8032,300.0000,64.9375,65.0001,13910.88,0.797609,92.803183
765.000,92.6287,300.0000,65.0625,65.0002,13909.78,0.797419,92.799303
765.100,92.6287,300.0000,65.0000,65.0003,13908.74,0.797242,92.799303
765.200,92.6287,300.0000,65.0625,65.0004,13907.78,0.797076,92.799303
765.300,92.6287,300.0000,65.0000,65.0005,13906.88,0.796922,92.799303
765.400,92.6287,300.0000,65.0625,65.0006,13906.04,0.796777,92.799303
765.500,92.6287,300.0000,65.0000,65.0007,13905.26,0.796643,92.799303
765.600,92.6287,300.0000,64.9375,65.0009,13904.53,0.796517,92.799303
765.700,92.6287,300.0000,65.0000,65.0010,13903.85,0.796400,92.799303
765.800,92.6287,300.0000,65.0000,65.0012,13903.21,0.796291,92.799303
765.900,92.6287,300.0000,65.0625,65.0013,13902.62,0.796188,92.799303
766.000,92.9738,300.0000,64.9375,65.0014,13905.51,0.796686,92.803183
766.100,92.9738,300.0000,65.1250,65.0015,13908.22,0.797151,92.803183
766.200,92.9738,300.0000,65.0000,65.0016,13910.74,0.797585,92.803183
766.300,92.9738,300.0000,65.0000,65.0017,13913.10,0.797990,92.803183
766.400,92.9738,300.0000,65.0625,65.0017,13915.30,0.798369,92.803183
766.500,92.9738,300.0000,64.9375,65.0018,13917.35,0.798722,92.803183
766.600,92.9738,300.0000,65.0000,65.0018,13919.26,0.799052,92.803183
766.700,92.9738,300.0000,65.0000,65.0018,13921.05,0.799360,92.803183
766.800,92.9738,300.0000,64.9375,65.0018,13922.72,0.799647,92.803183
766.900,92.9738,300.0000,64.9375,65.0017,13924.28,0.799915,92.803183
767.000,92.6287,300.0000,65.0000,65.0017,13922.28,0.799571,92.799303
767.100,92.6287,300.0000,64.9375,65.0017,13920.41,0.799250,92.799303
767.200,92.6287,300.0000,65.0000,65.0017,13918.67,0.798950,92.799303
767.300,92.6287,300.0000,65.0000,65.0018,13917.05,0.798670,92.799303
767.400,92.6287,300.0000,65.0000,65.0018,13915.53,0.798409,92.799303
767.500,92.6287,300.0000,65.0000,65.0019,13914.11,0.798165,92.799303
767.600,92.6287,300.0000,64.9375,65.0019,13912.79,0.797938,92.799303
767.700,92.6287,300.0000,65.0625,65.0020,13911.56,0.797726,92.799303
767.800,92.6287,300.0000,64.9375,65.0021,13910.41,0.797528,92.799303
767.900,92.6287,300.0000,65.0625,65.0022,13909.34,0.797343,92.799303
768.000,92.9738,300.0000,65.0000,65.0022,13911.78,0.797765,92.803183
768.100,92.9738,300.0000,65.0000,65.0023,13914.07,0.798158,92.803183
768.200,92.9738,300.0000,65.0000,65.0023,13916.20,0.798525,92.803183
768.300,92.9738,300.0000,65.0625,65.0023,13918.20,0.798868,92.803183
768.400,92.9738,300.0000,65.0625,65.0023,13920.05,0.799188,92.803183
768.500,92.9738,300.0000,65.1250,65.0023,13921.79,0.799487,92.803183
768.600,92.9738,300.0000,64.9375,65.0023,13923.41,0.799766,92.803183
768.700,92.9738,300.0000,65.0000,65.0023,13924.92,0.800026,92.803183
768.800,92.9738,300.0000,64.9375,65.0022,13926.33,0.800269,92.803183
768.900,92.9738,300.0000,65.0000,65.0022,13927.65,0.800496,92.803183
769.000,92.8032,300.0000,65.0000,65.0021,13927.17,0.800414,92.803183
769.100,92.8032,300.0000,64.9375,65.0021,13926.72,0.800337,92.803183
769.200,92.8032,300.0000,65.0625,65.0020,13926.31,0.800265,92.803183
769.300,92.8032,300.0000,65.0000,65.0020,13925.92,0.800198,92.803183
769.400,92.8032,300.0000,65.1250,65.0019,13925.55,0.800136,92.803183
769.500,92.8032,300.0000,64.9375,65.0019,13925.22,0.800077,92.803183
769.600,92.8032,300.0000,65.0000,65.0018,13924.90,0.800023,92.803183
769.700,92.8032,300.0000,65.0000,65.0018,13924.61,0.799972,92.803183
769.800,92.8032,300.0000,65.0625,65.0018,13924.33,0.799925,92.803183
769.900,92.8032,300.0000,65.0000,65.0018,13924.07,0.799881,92.803183
770.000,92.8032,300.0000,65.0000,65.0017,13923.83,0.799839,92.803183
770.100,92.8032,300.0000,64.9375,65.0017,13923.61,0.799801,92.803183
770.200,92.8032,300.0000,65.0000,65.0017,13923.40,0.799765,92.803183
770.300,92.8032,300.0000,65.0625,65.0017,13923.21,0.799731,92.803183
770.400,92.8032,300.0000,64.8750,65.0016,13923.02,0.799700,92.803183
770.500,92.8032,300.0000,65.0000,65.0016,13922.85,0.799670,92.803183
770.600,92.8032,300.0000,65.0625,65.0016,13922.70,0.799643,92.803183
770.700,92.8032,300.0000,65.0000,65.0016,13922.55,0.799618,92.803183
770.800,92.8032,300.0000,64.9375,65.0016,13922.41,0.799594,92.803183
770.900,92.8032,300.0000,65.0000,65.0016,13922.28,0.799572,92.803183
771.000,92.8032,300.0000,65.0625,65.0015,13922.16,0.799551,92.803183
771.100,92.8032,300.0000,65.0625,65.0015,13922.05,0.799532,92.803183
771.200,92.8032,300.0000,65.0000,65.0015,13921.94,0.799514,92.803183
771.300,92.8032,300.0000,65.0625,65.0015,13921.85,0.799497,92.803183
771.400,92.8032,300.0000,65.0000,65.0015,13921.75,0.799481,92.803183
771.500,92.8032,300.0000,65.0000,65.0015,13921.67,0.799466,92.803183
771.600,92.8032,300.0000,65.0000,65.0015,13921.59,0.799453,92.803183
771.700,92.8032,300.0000,64.9375,65.0015,13921.52,0.799440,92.803183
771.800,92.8032,300.0000,65.0000,65.0015,13921.45,0.799428,92.803183
771.900,92.8032,300.0000,65.0000,65.0015,13921.38,0.799417,92.803183
772.000,92.8032,300.0000,65.0000,65.0015,13921.32,0.799406,92.803183
772.100,92.8032,300.0000,65.0000,65.0015,13921.27,0.799397,92.803183
772.200,92.8032,300.0000,65.0000,65.0014,13921.21,0.799388,92.803183
772.300,92.8032,300.0000,65.0000,65.0014,13921.16,0.799379,92.803183
772.400,92.8032,300.0000,65.1250,65.0014,13921.12,0.799371,92.803183
772.500,92.8032,300.0000,65.0625,65.0014,13921.08,0.799364,92.803183
772.600,92.8032,300.0000,65.0000,65.0014,13921.04,0.799357,92.803183
772.700,92.8032,300.0000,65.0000,65.0014,13921.00,0.799351,92.803183
772.800,92.8032,300.0000,65.0000,65.0014,13920.96,0.799345,92.803183
772.900,92.8032,300.0000,65.0000,65.0014,13920.93,0.799339,92.803183
773.000,92.8032,300.0000,65.0625,65.0014,13920.90,0.799334,92.803183
773.100,92.8032,300.0000,64.9375,65.0014,13920.87,0.799329,92.803183
773.200,92.8032,300.0000,65.0000,65.0014,13920.85,0.799325,92.803183
773.300,92.8032,300.0000,65.0000,65.0014,13920.82,0.799320,92.803183
773.400,92.8032,300.0000,65.0625,65.0014,13920.80,0.799316,92.803183
773.500,92.8032,300.0000,65.0625,65.0014,13920.78,0.799313,92.803183
773.600,92.8032,300.0000,65.0000,65.0014,13920.76,0.799309,92.803183
773.700,92.8032,300.0000,65.0625,65.0014,13920.74,0.799306,92.803183
773.800,92.8032,300.0000,65.0000,65.0014,13920.72,0.799303,92.803183
773.900,92.8032,300.0000,64.9375,65.0014,13920.71,0.799300,92.803183
774.000,92.6287,300.0000,65.0000,65.0014,13918.94,0.798997,92.799303
774.100,92.6287,300.0000,65.0000,65.0015,13917.30,0.798714,92.799303
774.200,92.6287,300.0000,65.0000,65.0015,13915.77,0.798450,92.799303
774.300,92.6287,300.0000,64.9375,65.0015,13914.34,0.798204,92.799303
774.400,92.6287,300.0000,65.0625,65.0016,13913.00,0.797974,92.799303
774.500,92.6287,300.0000,65.0000,65.0017,13911.75,0.797759,92.799303
774.600,92.6287,300.0000,64.8750,65.0018,13910.59,0.797559,92.799303
774.700,92.6287,300.0000,65.0000,65.0019,13909.50,0.797372,92.799303
774.800,92.6287,300.0000,65.0000,65.0020,13908.49,0.797198,92.799303
774.900,92.6287,300.0000,65.0000,65.0021,13907.54,0.797035,92.799303
775.000,92.7993,300.0000,65.0000,65.0022,13908.37,0.797177,92.799303
775.100,92.7993,300.0000,65.0000,65.0023,13909.14,0.797309,92.799303
775.200,92.7993,300.0000,65.0625,65.0023,13909.85,0.797432,92.799303
775.300,92.7993,300.0000,65.0000,65.0024,13910.52,0.797548,92.799303
775.400,92.7993,300.0000,65.0625,65.0025,13911.15,0.797655,92.799303
775.500,92.7993,300.0000,65.1875,65.0026,13911.73,0.797755,92.799303
775.600,92.7993,300.0000,64.9375,65.0026,13912.28,0.797849,92.799303
775.700,92.7993,300.0000,64.9375,65.0027,13912.78,0.797936,92.799303
775.800,92.7993,300.0000,65.1250,65.0028,13913.26,0.798018,92.799303
775.900,92.7993,300.0000,64.9375,65.0028,13913.70,0.798094,92.799303
776.000,92.6248,300.0000,65.0000,65.0029,13912.37,0.797865,92.795422
776.100,92.6248,300.0000,65.0000,65.0030,13911.12,0.797651,92.795422
776.200,92.6248,300.0000,65.0625,65.0030,13909.96,0.797451,92.795422
776.300,92.6248,300.0000,65.0000,65.0031,13908.88,0.797265,92.795422
776.400,92.6248,300.0000,65.0000,65.0032,13907.87,0.797091,92.795422
776.500,92.6248,300.0000,64.8750,65.0034,13906.93,0.796929,92.795422
776.600,92.6248,300.0000,65.0625,65.0035,13906.05,0.796778,92.795422
776.700,92.6248,300.0000,65.0000,65.0036,13905.22,0.796636,92.795422
776.800,92.6248,300.0000,64.9375,65.0037,13904.46,0.796505,92.795422
776.900,92.6248,300.0000,65.0000,65.0039,13903.74,0.796381,92.795422
777.000,92.7954,300.0000,64.9375,65.0040,13904.78,0.796560,92.795422
777.100,92.7954,300.0000,65.0625,65.0041,13905.75,0.796726,92.795422
777.200,92.7954,300.0000,65.0000,65.0042,13906.65,0.796882,92.795422
777.300,92.7954,300.0000,65.0000,65.0043,13907.50,0.797027,92.795422
777.400,92.7954,300.0000,64.9375,65.0044,13908.28,0.797162,92.795422
777.500,92.7954,300.0000,65.0625,65.0045,13909.02,0.797289,92.795422
777.600,92.7954,300.0000,65.0625,65.0046,13909.71,0.797407,92.795422
777.700,92.7954,300.0000,65.0000,65.0047,13910.35,0.797517,92.795422
777.800,92.7954,300.0000,64.9375,65.0047,13910.94,0.797620,92.795422
777.900,92.7954,300.0000,65.0000,65.0048,13911.50,0.797716,92.795422
778.000,92.7954,300.0000,65.0000,65.0049,13912.02,0.797805,92.795422
778.100,92.7954,300.0000,65.1250,65.0049,13912.51,0.797889,92.795422
778.200,92.7954,300.0000,64.9375,65.0050,13912.96,0.797967,92.795422
778.300,92.7954,300.0000,65.0000,65.0050,13913.39,0.798040,92.795422
778.400,92.7954,300.0000,65.0625,65.0051,13913.78,0.798108,92.795422
778.500,92.7954,300.0000,64.9375,65.0051,13914.15,0.798172,92.795422
778.600,92.7954,300.0000,65.0625,65.0052,13914.49,0.798231,92.795422
778.700,92.7954,300.0000,65.0625,65.0052,13914.82,0.798286,92.795422
778.800,92.7954,300.0000,65.0625,65.0053,13915.11,0.798338,92.795422
778.900,92.7954,300.0000,65.0000,65.0053,13915.39,0.798386,92.795422
779.000,92.7954,300.0000,64.9375,65.0053,13915.66,0.798431,92.795422
779.100,92.7954,300.0000,65.1250,65.0054,13915.90,0.798473,92.795422
779.200,92.7954,300.0000,64.9375,65.0054,13916.13,0.798512,92.795422
779.300,92.7954,300.0000,65.0625,65.0054,13916.34,0.798548,92.795422
779.400,92.7954,300.0000,64.9375,65.0054,13916.54,0.798583,92.795422
779.500,92.7954,300.0000,65.0000,65.0055,13916.72,0.798614,92.795422
779.600,92.7954,300.0000,64.9375,65.0055,13916.90,0.798644,92.795422
779.700,92.7954,300.0000,64.9375,65.0055,13917.06,0.798672,92.795422
779.800,92.7954,300.0000,65.1250,65.0055,13917.21,0.798698,92.795422
779.900,92.7954,300.0000,65.0625,65.0055,13917.35,0.798722,92.795422
780.000,92.9700,300.0000,64.9375,65.0055,13919.22,0.799045,92.799303
780.100,92.9700,300.0000,64.9375,65.0055,13920.98,0.799347,92.799303
780.200,92.9700,300.0000,64.9375,65.0055,13922.61,0.799628,92.799303
780.300,92.9700,300.0000,65.0625,65.0055,13924.14,0.799891,92.799303
780.400,92.9700,300.0000,65.0000,65.0054,13925.56,0.800137,92.799303
780.500,92.9700,300.0000,64.9375,65.0054,13926.89,0.800366,92.799303
780.600,92.9700,300.0000,65.0000,65.0053,13928.13,0.800580,92.799303
780.700,92.9700,300.0000,65.0000,65.0052,13929.29,0.800779,92.799303
780.800,92.9700,300.0000,64.9375,65.0051,13930.37,0.800966,92.799303
780.900,92.9700,300.0000,65.0000,65.0050,13931.37,0.801140,92.799303
781.000,92.7993,300.0000,65.0625,65.0049,13930.61,0.801008,92.799303
781.100,92.7993,300.0000,65.0000,65.0048,13929.90,0.800884,92.799303
781.200,92.7993,300.0000,64.9375,65.0048,13929.23,0.800769,92.799303
781.300,92.7993,300.0000,64.9375,65.0047,13928.61,0.800662,92.799303
781.400,92.7993,300.0000,64.9375,65.0046,13928.03,0.800562,92.799303
781.500,92.7993,300.0000,65.0000,65.0046,13927.48,0.800468,92.799303
781.600,92.7993,300.0000,64.9375,65.0045,13926.98,0.800381,92.799303
781.700,92.7993,300.0000,65.0000,65.0044,13926.51,0.800300,92.799303
781.800,92.7993,300.0000,64.9375,65.0044,13926.06,0.800224,92.799303
781.900,92.7993,300.0000,65.0000,65.0043,13925.65,0.800153,92.799303
782.000,92.7993,300.0000,65.0000,65.0043,13925.27,0.800087,92.799303
782.100,92.7993,300.0000,65.0000,65.0043,13924.91,0.800025,92.799303
782.200,92.7993,300.0000,65.0625,65.0042,13924.58,0.799967,92.799303
782.300,92.7993,300.0000,65.0000,65.0042,13924.26,0.799914,92.799303
782.400,92.7993,300.0000,65.0000,65.0042,13923.97,0.799863,92.799303
782.500,92.7993,300.0000,65.0625,65.0041,13923.70,0.799817,92.799303
782.600,92.7993,300.0000,65.0000,65.0041,13923.45,0.799773,92.799303
782.700,92.7993,300.0000,64.9375,65.0041,13923.21,0.799732,92.799303
782.800,92.7993,300.0000,65.0625,65.0040,13922.99,0.799694,92.799303
782.900,92.7993,300.0000,64.9375,65.0040,13922.78,0.799658,92.799303
783.000,92.6248,300.0000,65.0000,65.0040,13920.85,0.799324,92.795422
783.100,92.6248,300.0000,65.0000,65.0040,13919.04,0.799013,92.795422
783.200,92.6248,300.0000,64.9375,65.0040,13917.35,0.798722,92.795422
783.300,92.6248,300.0000,65.0625,65.0041,13915.77,0.798451,92.795422
783.400,92.6248,300.0000,64.9375,65.0041,13914.30,0.798198,92.795422
783.500,92.6248,300.0000,65.0000,65.0042,13912.93,0.797962,92.795422
783.600,92.6248,300.0000,65.0000,65.0042,13911.65,0.797741,92.795422
783.700,92.6248,300.0000,65.0000,65.0043,13910.45,0.797536,92.795422
783.800,92.6248,300.0000,64.9375,65.0044,13909.34,0.797344,92.795422
783.900,92.6248,300.0000,65.0000,65.0045,13908.30,0.797165,92.795422
784.000,92.7954,300.0000,65.0000,65.0046,13909.03,0.797291,92.795422
784.100,92.7954,300.0000,65.0625,65.0047,13909.72,0.797409,92.795422
784.200,92.7954,300.0000,65.0625,65.0048,13910.36,0.797519,92.795422
784.300,92.7954,300.0000,65.0000,65.0048,13910.95,0.797622,92.795422
784.400,92.7954,300.0000,65.0625,65.0049,13911.51,0.797717,92.795422
784.500,92.7954,300.0000,65.0000,65.0050,13912.03,0.797807,92.795422
784.600,92.7954,300.0000,65.1250,65.0050,13912.52,0.797891,92.795422
784.700,92.7954,300.0000,65.0625,65.0051,13912.97,0.797968,92.795422
784.800,92.7954,300.0000,65.0000,65.0051,13913.39,0.798041,92.795422
784.900,92.7954,300.0000,65.0000,65.0052,13913.79,0.798109,92.795422
785.000,92.7954,300.0000,65.0000,65.0052,13914.16,0.798173,92.795422
785.100,92.7954,300.0000,65.0625,65.0053,13914.50,0.798232,92.795422
785.200,92.7954,300.0000,64.9375,65.0053,13914.82,0.798287,92.795422
785.300,92.7954,300.0000,65.0625,65.0053,13915.12,0.798339,92.795422
785.400,92.7954,300.0000,65.0625,65.0054,13915.40,0.798387,92.795422
785.500,92.7954,300.0000,65.0000,65.0054,13915.66,0.798432,92.795422
785.600,92.7954,300.0000,65.0000,65.0054,13915.90,0.798473,92.795422
785.700,92.7954,300.0000,65.0000,65.0055,13916.13,0.798513,92.795422
785.800,92.7954,300.0000,65.0000,65.0055,13916.34,0.798549,92.795422
785.900,92.7954,300.0000,65.0625,65.0055,13916.54,0.798583,92.795422
786.000,92.9700,300.0000,65.0625,65.0055,13918.47,0.798916,92.799303
786.100,92.9700,300.0000,65.0000,65.0055,13920.27,0.799226,92.799303
786.200,92.9700,300.0000,65.0625,65.0055,13921.95,0.799515,92.799303
786.300,92.9700,300.0000,65.0625,65.0055,13923.52,0.799786,92.799303
786.400,92.9700,300.0000,65.0625,65.0054,13924.99,0.800038,92.799303
786.500,92.9700,300.0000,65.0000,65.0054,13926.36,0.800274,92.799303
786.600,92.9700,300.0000,65.1250,65.0053,13927.63,0.800494,92.799303
786.700,92.9700,300.0000,65.0000,65.0052,13928.82,0.800699,92.799303
786.800,92.9700,300.0000,65.0000,65.0051,13929.93,0.800891,92.799303
786.900,92.9700,300.0000,65.0000,65.0051,13930.97,0.801070,92.799303
787.000,92.7993,300.0000,65.0000,65.0050,13930.23,0.800942,92.799303
787.100,92.7993,300.0000,65.0625,65.0049,13929.54,0.800824,92.799303
787.200,92.7993,300.0000,64.9375,65.0048,13928.90,0.800713,92.799303
787.300,92.7993,300.0000,65.0625,65.0047,13928.30,0.800609,92.799303
787.400,92.7993,300.0000,65.0000,65.0047,13927.74,0.800512,92.799303
787.500,92.7993,300.0000,65.0625,65.0046,13927.22,0.800422,92.799303
787.600,92.7993,300.0000,65.0000,65.0046,13926.73,0.800338,92.799303
787.700,92.7993,300.0000,64.9375,65.0045,13926.27,0.800260,92.799303
787.800,92.7993,300.0000,65.0625,65.0044,13925.85,0.800186,92.799303
787.900,92.7993,300.0000,65.0625,65.0044,13925.45,0.800118,92.799303
788.000,92.9738,300.0000,65.0625,65.0043,13926.83,0.800355,92.803183
788.100,92.9738,300.0000,65.0625,65.0043,13928.11,0.800576,92.803183
788.200,92.9738,300.0000,65.0000,65.0042,13929.31,0.800783,92.803183
788.300,92.9738,300.0000,65.0625,65.0041,13930.42,0.800976,92.803183
788.400,92.9738,300.0000,65.0000,65.0040,13931.47,0.801156,92.803183
788.500,92.9738,300.0000,65.0625,65.0039,13932.44,0.801324,92.803183
788.600,92.9738,300.0000,65.0625,65.0038,13933.35,0.801480,92.803183
788.700,92.9738,300.0000,65.0000,65.0037,13934.20,0.801627,92.803183
788.800,92.9738,300.0000,65.0000,65.0036,13934.99,0.801763,92.803183
788.900,92.9738,300.0000,65.0000,65.0034,13935.73,0.801891,92.803183
789.000,92.8032,300.0000,64.9375,65.0033,13934.71,0.801716,92.803183
789.100,92.8032,300.0000,65.0625,65.0032,13933.76,0.801552,92.803183
789.200,92.8032,300.0000,65.0000,65.0031,13932.88,0.801399,92.803183
789.300,92.8032,300.0000,65.0625,65.0030,13932.05,0.801256,92.803183
789.400,92.8032,300.0000,65.0625,65.0029,13931.28,0.801123,92.803183
789.500,92.8032,300.0000,64.8750,65.0028,13930.56,0.800999,92.803183
789.600,92.8032,300.0000,65.0625,65.0027,13929.89,0.800883,92.803183
789.700,92.8032,300.0000,65.1250,65.0027,13929.26,0.800775,92.803183
789.800,92.8032,300.0000,65.0625,65.0026,13928.67,0.800674,92.803183
789.900,92.8032,300.0000,65.0625,65.0025,13928.13,0.800580,92.803183
790.000,92.9777,300.0000,65.0000,65.0025,13929.36,0.800793,92.807064
790.100,92.9777,300.0000,65.1250,65.0024,13930.52,0.800991,92.807064
790.200,92.9777,300.0000,64.9375,65.0023,13931.59,0.801177,92.807064
790.300,92.9777,300.0000,65.0000,65.0022,13932.60,0.801350,92.807064
790.400,92.9777,300.0000,65.0000,65.0021,13933.53,0.801512,92.807064
790.500,92.9777,300.0000,64.9375,65.0019,13934.41,0.801663,92.807064
790.600,92.9777,300.0000,65.0000,65.0018,13935.23,0.801804,92.807064
790.700,92.9777,300.0000,65.0625,65.0017,13935.99,0.801936,92.807064
790.800,92.9777,300.0000,65.0000,65.0016,13936.70,0.802058,92.807064
790.900,92.9777,300.0000,65.0000,65.0014,13937.36,0.802173,92.807064
791.000,92.8071,300.0000,65.0625,65.0013,13936.28,0.801985,92.807064
791.100,92.8071,300.0000,65.0625,65.0012,13935.26,0.801810,92.807064
791.200,92.8071,300.0000,65.0000,65.0011,13934.31,0.801647,92.807064
791.300,92.8071,300.0000,64.9375,65.0010,13933.43,0.801494,92.807064
791.400,92.8071,300.0000,65.0625,65.0009,13932.61,0.801352,92.807064
791.500,92.8071,300.0000,65.0000,65.0008,13931.84,0.801219,92.807064
791.600,92.8071,300.0000,64.9375,65.0007,13931.12,0.801095,92.807064
791.700,92.8071,300.0000,65.0625,65.0006,13930.45,0.800980,92.807064
791.800,92.8071,300.0000,65.0000,65.0005,13929.82,0.800872,92.807064
791.900,92.8071,300.0000,65.0000,65.0005,13929.24,0.800771,92.807064
792.000,92.8071,300.0000,65.0625,65.0004,13928.69,0.800677,92.807064
792.100,92.8071,300.0000,64.8750,65.0003,13928.18,0.800589,92.807064
792.200,92.8071,300.0000,64.8750,65.0003,13927.71,0.800507,92.807064
792.300,92.8071,300.0000,65.0000,65.0002,13927.27,0.800431,92.807064
792.400,92.8071,300.0000,65.0000,65.0002,13926.85,0.800359,92.807064
792.500,92.8071,300.0000,64.9375,65.0001,13926.47,0.800293,92.807064
792.600,92.8071,300.0000,64.9375,65.0001,13926.11,0.800231,92.807064
792.700,92.8071,300.0000,64.9375,65.0001,13925.77,0.800173,92.807064
792.800,92.8071,300.0000,65.0000,65.0000,13925.45,0.800119,92.807064
792.900,92.8071,300.0000,65.0000,65.0000,13925.16,0.800068,92.807064
793.000,92.8071,300.0000,65.0000,64.9999,13924.89,0.800021,92.807064
793.100,92.8071,300.0000,64.9375,64.9999,13924.63,0.799977,92.807064
793.200,92.8071,300.0000,65.0000,64.9999,13924.39,0.799936,92.807064
793.300,92.8071,300.0000,65.0000,64.9999,13924.17,0.799898,92.807064
793.400,92.8071,300.0000,65.0000,64.9998,13923.96,0.799862,92.807064
793.500,92.8071,300.0000,65.0000,64.9998,13923.77,0.799828,92.807064
793.600,92.8071,300.0000,65.0000,64.9998,13923.59,0.799797,92.807064
793.700,92.8071,300.0000,65.0000,64.9998,13923.42,0.799768,92.807064
793.800,92.8071,300.0000,64.9375,64.9998,13923.26,0.799741,92.807064
793.900,92.8071,300.0000,65.0625,64.9997,13923.12,0.799716,92.807064
794.000,92.9816,300.0000,65.0625,64.9997,13924.73,0.799993,92.810945
794.100,92.9816,300.0000,65.0625,64.9997,13926.23,0.800252,92.810945
794.200,92.9816,300.0000,65.0625,64.9996,13927.63,0.800493,92.810945
794.300,92.9816,300.0000,65.0000,64.9996,13928.93,0.800719,92.810945
794.400,92.9816,300.0000,64.9375,64.9995,13930.15,0.800929,92.810945
794.500,92.9816,300.0000,65.1250,64.9994,13931.29,0.801126,92.810945
794.600,92.9816,300.0000,64.9375,64.9993,13932.36,0.801309,92.810945
794.700,92.9816,300.0000,65.0000,64.9992,13933.35,0.801480,92.810945
794.800,92.9816,300.0000,65.0000,64.9991,13934.28,0.801640,92.810945
794.900,92.9816,300.0000,65.0000,64.9990,13935.14,0.801789,92.810945
795.000,92.8109,300.0000,64.9375,64.9989,13934.24,0.801634,92.810945
795.100,92.8109,300.0000,64.9375,64.9988,13933.40,0.801489,92.810945
795.200,92.8109,300.0000,65.0000,64.9987,13932.62,0.801354,92.810945
795.300,92.8109,300.0000,65.0000,64.9986,13931.88,0.801227,92.810945
795.400,92.8109,300.0000,64.9375,64.9985,13931.20,0.801110,92.810945
795.500,92.8109,300.0000,64.9375,64.9984,13930.56,0.801000,92.810945
795.600,92.8109,300.0000,65.0000,64.9984,13929.97,0.800897,92.810945
795.700,92.8109,300.0000,65.0625,64.9983,13929.41,0.800801,92.810945
795.800,92.8109,300.0000,65.0000,64.9982,13928.90,0.800712,92.810945
795.900,92.8109,300.0000,64.9375,64.9982,13928.41,0.800629,92.810945
796.000,92.6364,300.0000,64.9375,64.9981,13926.22,0.800250,92.807064
796.100,92.6364,300.0000,64.9375,64.9981,13924.17,0.799896,92.807064
796.200,92.6364,300.0000,64.9375,64.9981,13922.25,0.799567,92.807064
796.300,92.6364,300.0000,65.0000,64.9981,13920.47,0.799259,92.807064
796.400,92.6364,300.0000,65.1250,64.9981,13918.80,0.798972,92.807064
796.500,92.6364,300.0000,64.8750,64.9982,13917.24,0.798704,92.807064
796.600,92.6364,300.0000,65.0000,64.9982,13915.79,0.798454,92.807064
796.700,92.6364,300.0000,65.0000,64.9983,13914.44,0.798221,92.807064
796.800,92.6364,300.0000,64.9375,64.9984,13913.17,0.798003,92.807064
796.900,92.6364,300.0000,65.0625,64.9984,13911.99,0.797800,92.807064
797.000,92.9816,300.0000,65.0000,64.9985,13914.34,0.798204,92.810945
797.100,92.9816,300.0000,65.0625,64.9985,13916.53,0.798582,92.810945
797.200,92.9816,300.0000,64.9375,64.9986,13918.58,0.798934,92.810945
797.300,92.9816,300.0000,65.0000,64.9986,13920.49,0.799263,92.810945
797.400,92.9816,300.0000,64.9375,64.9986,13922.27,0.799571,92.810945
797.500,92.9816,300.0000,65.0000,64.9985,13923.94,0.799857,92.810945
797.600,92.9816,300.0000,65.0000,64.9985,13925.49,0.800125,92.810945
797.700,92.9816,300.0000,65.0000,64.9985,13926.94,0.800375,92.810945
797.800,92.9816,300.0000,65.0625,64.9984,13928.30,0.800608,92.810945
797.900,92.9816,300.0000,64.9375,64.9983,13929.56,0.800826,92.810945
798.000,92.6364,300.0000,65.0625,64.9983,13927.28,0.800434,92.807064
798.100,92.6364,300.0000,65.0000,64.9983,13925.16,0.800068,92.807064
798.200,92.6364,300.0000,65.0625,64.9982,13923.18,0.799727,92.807064
798.300,92.6364,300.0000,64.9375,64.9982,13921.34,0.799409,92.807064
798.400,92.6364,300.0000,65.0000,64.9983,13919.61,0.799112,92.807064
798.500,92.6364,300.0000,65.0000,64.9983,13918.00,0.798834,92.807064
798.600,92.6364,300.0000,65.0000,64.9983,13916.50,0.798576,92.807064
798.700,92.6364,300.0000,65.0000,64.9984,13915.10,0.798334,92.807064
798.800,92.6364,300.0000,65.0000,64.9984,13913.79,0.798109,92.807064
798.900,92.6364,300.0000,64.9375,64.9985,13912.57,0.797899,92.807064
799.000,92.6325,300.0000,64.9375,64.9986,13911.39,0.797696,92.803183
799.100,92.6325,300.0000,65.0000,64.9987,13910.29,0.797507,92.803183
799.200,92.6325,300.0000,65.0000,64.9988,13909.26,0.797330,92.803183
799.300,92.6325,300.0000,65.0000,64.9989,13908.30,0.797165,92.803183
799.400,92.6325,300.0000,65.0000,64.9990,13907.41,0.797011,92.803183
799.500,92.6325,300.0000,65.0625,64.9991,13906.57,0.796868,92.803183
799.600,92.6325,300.0000,65.0000,64.9993,13905.79,0.796734,92.803183
799.700,92.6325,300.0000,65.0000,64.9994,13905.06,0.796609,92.803183
799.800,92.6325,300.0000,65.1250,64.9995,13904.38,0.796492,92.803183
799.900,92.6325,300.0000,65.1250,64.9997,13903.75,0.796383,92.803183
800.000,93.1522,300.0000,64.9375,64.9998,13908.36,0.797175,92.810945
800.100,93.1522,300.0000,65.0625,64.9999,13912.66,0.797914,92.810945
800.200,93.1522,300.0000,65.0000,64.9999,13916.67,0.798605,92.810945
800.300,93.1522,300.0000,65.0000,64.9999,13920.41,0.799250,92.810945
800.400,93.1522,300.0000,65.0625,64.9999,13923.91,0.799852,92.810945
800.500,93.1522,300.0000,64.9375,64.9998,13927.17,0.800414,92.810945
800.600,93.1522,300.0000,65.0000,64.9998,13930.21,0.800939,92.810945
800.700,93.1522,300.0000,65.0000,64.9997,13933.06,0.801429,92.810945
800.800,93.1522,300.0000,64.9375,64.9995,13935.71,0.801887,92.810945
800.900,93.1522,300.0000,65.0000,64.9994,13938.18,0.802315,92.810945
801.000,92.8109,300.0000,65.0625,64.9993,13937.08,0.802124,92.810945
801.100,92.8109,300.0000,65.0625,64.9991,13936.05,0.801946,92.810945
801.200,92.8109,300.0000,64.9375,64.9990,13935.09,0.801781,92.810945
801.300,92.8109,300.0000,65.0625,64.9989,13934.19,0.801626,92.810945
801.400,92.8109,300.0000,64.9375,64.9988,13933.36,0.801481,92.810945
801.500,92.8109,300.0000,64.9375,64.9987,13932.58,0.801347,92.810945
801.600,92.8109,300.0000,64.9375,64.9986,13931.85,0.801221,92.810945
801.700,92.8109,300.0000,64.9375,64.9986,13931.17,0.801104,92.810945
801.800,92.8109,300.0000,64.9375,64.9985,13930.53,0.800994,92.810945
801.900,92.8109,300.0000,65.0000,64.9984,13929.94,0.800892,92.810945
802.000,92.8109,300.0000,65.0000,64.9983,13929.39,0.800796,92.810945
802.100,92.8109,300.0000,65.0625,64.9983,13928.87,0.800707,92.810945
802.200,92.8109,300.0000,64.9375,64.9982,13928.39,0.800624,92.810945
802.300,92.8109,300.0000,65.0000,64.9982,13927.94,0.800547,92.810945
802.400,92.8109,300.0000,64.9375,64.9981,13927.52,0.800474,92.810945
802.500,92.8109,300.0000,65.0000,64.9981,13927.13,0.800407,92.810945
802.600,92.8109,300.0000,65.0000,64.9980,13926.76,0.800344,92.810945
802.700,92.8109,300.0000,64.9375,64.9980,13926.42,0.800285,92.810945
802.800,92.8109,300.0000,65.0625,64.9980,13926.10,0.800230,92.810945
802.900,92.8109,300.0000,65.0625,64.9979,13925.80,0.800179,92.810945
803.000,92.9855,300.0000,64.9375,64.9979,13927.27,0.800432,92.814826
803.100,92.9855,300.0000,64.8750,64.9978,13928.64,0.800668,92.814826
803.200,92.9855,300.0000,65.0000,64.9977,13929.92,0.800889,92.814826
803.300,92.9855,300.0000,65.0625,64.9977,13931.11,0.801094,92.814826
803.400,92.9855,300.0000,65.0625,64.9976,13932.23,0.801287,92.814826
803.500,92.9855,300.0000,65.0000,64.9975,13933.27,0.801466,92.814826
803.600,92.9855,300.0000,65.0000,64.9974,13934.24,0.801633,92.814826
803.700,92.9855,300.0000,65.0625,64.9973,13935.14,0.801790,92.814826
803.800,92.9855,300.0000,65.1250,64.9971,13935.99,0.801936,92.814826
803.900,92.9855,300.0000,64.8750,64.9970,13936.78,0.802072,92.814826
804.000,92.4658,300.0000,65.0000,64.9969,13932.32,0.801302,92.807064
804.100,92.4658,300.0000,65.0000,64.9969,13928.15,0.800584,92.807064
804.200,92.4658,300.0000,65.0625,64.9969,13924.27,0.799914,92.807064
804.300,92.4658,300.0000,65.0000,64.9969,13920.64,0.799289,92.807064
804.400,92.4658,300.0000,65.0000,64.9969,13917.26,0.798706,92.807064
804.500,92.4658,300.0000,65.0625,64.9970,13914.10,0.798162,92.807064
804.600,92.4658,300.0000,65.0000,64.9971,13911.15,0.797655,92.807064
804.700,92.4658,300.0000,65.0625,64.9972,13908.39,0.797182,92.807064
804.800,92.4658,300.0000,64.8750,64.9973,13905.83,0.796740,92.807064
804.900,92.4658,300.0000,65.0625,64.9975,13903.43,0.796328,92.807064
805.000,92.9816,300.0000,64.9375,64.9976,13906.35,0.796830,92.810945
805.100,92.9816,300.0000,65.0000,64.9977,13909.08,0.797299,92.810945
805.200,92.9816,300.0000,65.0625,64.9978,13911.62,0.797736,92.810945
805.300,92.9816,300.0000,64.9375,64.9978,13913.99,0.798145,92.810945
805.400,92.9816,300.0000,65.1250,64.9979,13916.21,0.798526,92.810945
805.500,92.9816,300.0000,64.9375,64.9979,13918.28,0.798882,92.810945
805.600,92.9816,300.0000,65.0625,64.9979,13920.21,0.799215,92.810945
805.700,92.9816,300.0000,65.0625,64.9979,13922.01,0.799525,92.810945
805.800,92.9816,300.0000,65.0000,64.9979,13923.69,0.799815,92.810945
805.900,92.9816,300.0000,64.9375,64.9979,13925.26,0.800086,92.810945
806.000,92.6364,300.0000,64.9375,64.9979,13923.28,0.799743,92.807064
806.100,92.6364,300.0000,65.0625,64.9979,13921.42,0.799424,92.807064
806.200,92.6364,300.0000,64.9375,64.9979,13919.69,0.799126,92.807064
806.300,92.6364,300.0000,64.9375,64.9979,13918.08,0.798847,92.807064
806.400,92.6364,300.0000,65.0625,64.9980,13916.57,0.798588,92.807064
806.500,92.6364,300.0000,65.0000,64.9980,13915.16,0.798346,92.807064
806.600,92.6364,300.0000,65.0000,64.9981,13913.85,0.798120,92.807064
806.700,92.6364,300.0000,65.0000,64.9981,13912.62,0.797909,92.807064
806.800,92.6364,300.0000,65.0000,64.9982,13911.48,0.797712,92.807064
806.900,92.6364,300.0000,65.0000,64.9983,13910.41,0.797528,92.807064
807.000,92.8071,300.0000,65.0000,64.9984,13911.12,0.797650,92.807064
807.100,92.8071,300.0000,64.8750,64.9985,13911.78,0.797764,92.807064
807.200,92.8071,300.0000,65.0000,64.9986,13912.40,0.797871,92.807064
807.300,92.8071,300.0000,64.9375,64.9986,13912.98,0.797970,92.807064
807.400,92.8071,300.0000,65.0000,64.9987,13913.52,0.798063,92.807064
807.500,92.8071,300.0000,65.0000,64.9988,13914.02,0.798149,92.807064
807.600,92.8071,300.0000,65.0000,64.9988,13914.49,0.798230,92.807064
807.700,92.8071,300.0000,65.0000,64.9989,13914.93,0.798305,92.807064
807.800,92.8071,300.0000,64.9375,64.9989,13915.34,0.798376,92.807064
807.900,92.8071,300.0000,65.0000,64.9990,13915.72,0.798441,92.807064
808.000,92.8071,300.0000,64.9375,64.9990,13916.07,0.798503,92.807064
808.100,92.8071,300.0000,65.0000,64.9990,13916.41,0.798560,92.807064
808.200,92.8071,300.0000,65.0625,64.9991,13916.72,0.798613,92.807064
808.300,92.8071,300.0000,65.0625,64.9991,13917.01,0.798663,92.807064
808.400,92.8071,300.0000,65.0625,64.9992,13917.28,0.798710,92.807064
808.500,92.8071,300.0000,65.0000,64.9992,13917.53,0.798753,92.807064
808.600,92.8071,300.0000,65.0625,64.9992,13917.76,0.798794,92.807064
808.700,92.8071,300.0000,64.9375,64.9992,13917.98,0.798832,92.807064
808.800,92.8071,300.0000,65.1250,64.9993,13918.19,0.798867,92.807064
808.900,92.8071,300.0000,65.0625,64.9993,13918.38,0.798900,92.807064
809.000,92.9816,300.0000,65.0000,64.9993,13920.30,0.799231,92.810945
809.100,92.9816,300.0000,65.0000,64.9993,13922.10,0.799540,92.810945
809.200,92.9816,300.0000,64.9375,64.9993,13923.78,0.799829,92.810945
809.300,92.9816,300.0000,65.0000,64.9992,13925.34,0.800099,92.810945
809.400,92.9816,300.0000,65.0625,64.9992,13926.80,0.800351,92.810945
809.500,92.9816,300.0000,65.0625,64.9991,13928.16,0.800585,92.810945
809.600,92.9816,300.0000,65.0000,64.9991,13929.43,0.800805,92.810945
809.700,92.9816,300.0000,65.0625,64.9990,13930.62,0.801010,92.810945
809.800,92.9816,300.0000,65.0000,64.9989,13931.73,0.801201,92.810945
809.900,92.9816,300.0000,64.9375,64.9988,13932.76,0.801379,92.810945
810.000,92.6364,300.0000,64.9375,64.9987,13930.28,0.800950,92.807064
810.100,92.6364,300.0000,65.0000,64.9987,13927.96,0.800550,92.807064
810.200,92.6364,300.0000,65.0625,64.9986,13925.79,0.800176,92.807064
810.300,92.6364,300.0000,65.0000,64.9986,13923.77,0.799828,92.807064
810.400,92.6364,300.0000,65.0000,64.9986,13921.88,0.799503,92.807064
810.500,92.6364,300.0000,65.0000,64.9986,13920.12,0.799199,92.807064
810.600,92.6364,300.0000,65.0625,64.9987,13918.48,0.798916,92.807064
810.700,92.6364,300.0000,65.0000,64.9987,13916.94,0.798652,92.807064
810.800,92.6364,300.0000,64.9375,64.9987,13915.51,0.798406,92.807064
810.900,92.6364,300.0000,65.1250,64.9988,13914.17,0.798176,92.807064
811.000,93.1561,300.0000,65.0000,64.9988,13918.12,0.798855,92.814826
811.100,93.1561,300.0000,65.0000,64.9988,13921.81,0.799490,92.814826
811.200,93.1561,300.0000,65.0000,64.9988,13925.25,0.800083,92.814826
811.300,93.1561,300.0000,64.9375,64.9987,13928.46,0.800637,92.814826
811.400,93.1561,300.0000,64.9375,64.9986,13931.46,0.801154,92.814826
811.500,93.1561,300.0000,65.0000,64.9985,13934.26,0.801637,92.814826
811.600,93.1561,300.0000,65.0000,64.9984,13936.87,0.802087,92.814826
811.700,93.1561,300.0000,65.0000,64.9983,13939.30,0.802508,92.814826
811.800,93.1561,300.0000,65.1250,64.9981,13941.58,0.802901,92.814826
811.900,93.1561,300.0000,65.0000,64.9979,13943.70,0.803268,92.814826
812.000,92.8148,300.0000,65.0625,64.9977,13942.27,0.803020,92.814826
812.100,92.8148,300.0000,65.0000,64.9976,13940.93,0.802789,92.814826
812.200,92.8148,300.0000,65.0000,64.9974,13939.69,0.802574,92.814826
812.300,92.8148,300.0000,65.0625,64.9973,13938.52,0.802373,92.814826
812.400,92.8148,300.0000,65.0625,64.9972,13937.43,0.802185,92.814826
812.500,92.8148,300.0000,65.0000,64.9970,13936.42,0.802010,92.814826
812.600,92.8148,300.0000,65.0000,64.9969,13935.47,0.801847,92.814826
812.700,92.8148,300.0000,65.0625,64.9968,13934.59,0.801694,92.814826
812.800,92.8148,300.0000,65.0000,64.9967,13933.77,0.801552,92.814826
812.900,92.8148,300.0000,64.9375,64.9966,13933.00,0.801419,92.814826
813.000,92.6403,300.0000,64.9375,64.9966,13930.53,0.800994,92.810945
813.100,92.6403,300.0000,65.0000,64.9965,13928.23,0.800598,92.810945
813.200,92.6403,300.0000,65.0000,64.9965,13926.09,0.800228,92.810945
813.300,92.6403,300.0000,64.9375,64.9965,13924.09,0.799883,92.810945
813.400,92.6403,300.0000,65.0000,64.9965,13922.22,0.799560,92.810945
813.500,92.6403,300.0000,65.0000,64.9965,13920.47,0.799260,92.810945
813.600,92.6403,300.0000,64.9375,64.9965,13918.84,0.798979,92.810945
813.700,92.6403,300.0000,65.0625,64.9965,13917.32,0.798718,92.810945
813.800,92.6403,300.0000,65.0000,64.9966,13915.90,0.798473,92.810945
813.900,92.6403,300.0000,65.0625,64.9966,13914.58,0.798246,92.810945
814.000,92.9855,300.0000,64.9375,64.9967,13916.80,0.798627,92.814826
814.100,92.9855,300.0000,65.0625,64.9967,13918.86,0.798983,92.814826
814.200,92.9855,300.0000,65.0000,64.9967,13920.79,0.799316,92.814826
814.300,92.9855,300.0000,64.9375,64.9967,13922.60,0.799626,92.814826
814.400,92.9855,300.0000,65.0000,64.9967,13924.28,0.799916,92.814826
814.500,92.9855,300.0000,64.9375,64.9967,13925.85,0.800186,92.814826
814.600,92.9855,300.0000,65.0000,64.9966,13927.31,0.800439,92.814826
814.700,92.9855,300.0000,64.9375,64.9966,13928.68,0.800675,92.814826
814.800,92.9855,300.0000,64.9375,64.9965,13929.96,0.800895,92.814826
814.900,92.9855,300.0000,64.9375,64.9964,13931.15,0.801100,92.814826
815.000,92.6403,300.0000,64.9375,64.9964,13928.81,0.800697,92.810945
815.100,92.6403,300.0000,65.0000,64.9963,13926.62,0.800320,92.810945
815.200,92.6403,300.0000,65.0000,64.9963,13924.58,0.799969,92.810945
815.300,92.6403,300.0000,65.0625,64.9963,13922.68,0.799641,92.810945
815.400,92.6403,300.0000,65.0000,64.9963,13920.91,0.799335,92.810945
815.500,92.6403,300.0000,65.0000,64.9963,13919.25,0.799049,92.810945
815.600,92.6403,300.0000,65.0000,64.9964,13917.70,0.798783,92.810945
815.700,92.6403,300.0000,64.8750,64.9964,13916.26,0.798534,92.810945
815.800,92.6403,300.0000,65.0000,64.9965,13914.91,0.798302,92.810945
815.900,92.6403,300.0000,64.9375,64.9965,13913.65,0.798086,92.810945
816.000,92.6364,300.0000,65.0000,64.9966,13912.44,0.797877,92.807064
816.100,92.6364,300.0000,65.0000,64.9967,13911.31,0.797683,92.807064
816.200,92.6364,300.0000,64.9375,64.9968,13910.25,0.797501,92.807064
816.300,92.6364,300.0000,65.0000,64.9969,13909.27,0.797331,92.807064
816.400,92.6364,300.0000,65.0000,64.9970,13908.35,0.797173,92.807064
816.500,92.6364,300.0000,64.8750,64.9971,13907.49,0.797025,92.807064
816.600,92.6364,300.0000,65.0000,64.9973,13906.68,0.796888,92.807064
816.700,92.6364,300.0000,65.0625,64.9974,13905.94,0.796759,92.807064
816.800,92.6364,300.0000,65.0000,64.9975,13905.24,0.796639,92.807064
816.900,92.6364,300.0000,64.9375,64.9977,13904.59,0.796527,92.807064
817.000,92.6325,300.0000,64.9375,64.9978,13903.94,0.796416,92.803183
817.100,92.6325,300.0000,65.0625,64.9980,13903.34,0.796312,92.803183
817.200,92.6325,300.0000,65.0000,64.9981,13902.77,0.796215,92.803183
817.300,92.6325,300.0000,65.1250,64.9983,13902.25,0.796125,92.803183
817.400,92.6325,300.0000,65.0000,64.9985,13901.75,0.796040,92.803183
817.500,92.6325,300.0000,65.0625,64.9986,13901.30,0.795962,92.803183
817.600,92.6325,300.0000,65.0000,64.9988,13900.87,0.795888,92.803183
817.700,92.6325,300.0000,64.8750,64.9990,13900.47,0.795820,92.803183
817.800,92.6325,300.0000,64.9375,64.9991,13900.10,0.795756,92.803183
817.900,92.6325,300.0000,64.9375,64.9993,13899.75,0.795696,92.803183
818.000,92.6287,300.0000,64.9375,64.9995,13899.39,0.795633,92.799303
818.100,92.6287,300.0000,65.0625,64.9997,13899.05,0.795575,92.799303
818.200,92.6287,300.0000,65.0000,64.9999,13898.73,0.795521,92.799303
818.300,92.6287,300.0000,64.9375,65.0001,13898.43,0.795470,92.799303
818.400,92.6287,300.0000,64.9375,65.0003,13898.16,0.795423,92.799303
818.500,92.6287,300.0000,65.0625,65.0004,13897.90,0.795379,92.799303
818.600,92.6287,300.0000,65.1250,65.0006,13897.66,0.795337,92.799303
818.700,92.6287,300.0000,65.0000,65.0008,13897.44,0.795299,92.799303
818.800,92.6287,300.0000,65.0000,65.0010,13897.23,0.795263,92.799303
818.900,92.6287,300.0000,65.0000,65.0012,13897.03,0.795229,92.799303
819.000,92.7993,300.0000,65.0625,65.0014,13898.56,0.795491,92.799303
819.100,92.7993,300.0000,64.9375,65.0016,13899.98,0.795735,92.799303
819.200,92.7993,300.0000,65.0625,65.0017,13901.31,0.795963,92.799303
819.300,92.7993,300.0000,65.0000,65.0019,13902.55,0.796176,92.799303
819.400,92.7993,300.0000,65.0625,65.0020,13903.70,0.796375,92.799303
819.500,92.7993,300.0000,65.0000,65.0022,13904.78,0.796561,92.799303
819.600,92.7993,300.0000,65.0000,65.0023,13905.79,0.796734,92.799303
819.700,92.7993,300.0000,65.0000,65.0024,13906.73,0.796895,92.799303
819.800,92.7993,300.0000,65.0000,65.0025,13907.61,0.797046,92.799303
819.900,92.7993,300.0000,65.0000,65.0026,13908.43,0.797187,92.799303
820.000,92.7993,300.0000,65.0000,65.0027,13909.19,0.797319,92.799303
820.100,92.7993,300.0000,64.9375,65.0028,13909.91,0.797441,92.799303
820.200,92.7993,300.0000,64.9375,65.0029,13910.57,0.797556,92.799303
820.300,92.7993,300.0000,65.0000,65.0029,13911.19,0.797663,92.799303
820.400,92.7993,300.0000,64.9375,65.0030,13911.77,0.797763,92.799303
820.500,92.7993,300.0000,65.0000,65.0031,13912.31,0.797856,92.799303
820.600,92.7993,300.0000,65.0625,65.0031,13912.82,0.797943,92.799303
820.700,92.7993,300.0000,64.9375,65.0032,13913.29,0.798024,92.799303
820.800,92.7993,300.0000,65.0000,65.0032,13913.73,0.798100,92.799303
820.900,92.7993,300.0000,64.9375,65.0033,13914.14,0.798170,92.799303
821.000,92.6248,300.0000,65.0000,65.0034,13912.78,0.797936,92.795422
821.100,92.6248,300.0000,65.1250,65.0034,13911.51,0.797717,92.795422
821.200,92.6248,300.0000,65.0000,65.0035,13910.32,0.797513,92.795422
821.300,92.6248,300.0000,64.9375,65.0036,13909.22,0.797323,92.795422
821.400,92.6248,300.0000,65.0000,65.0037,13908.18,0.797145,92.795422
821.500,92.6248,300.0000,65.0625,65.0038,13907.22,0.796979,92.795422
821.600,92.6248,300.0000,65.0000,65.0039,13906.32,0.796825,92.795422
821.700,92.6248,300.0000,65.0625,65.0040,13905.48,0.796680,92.795422
821.800,92.6248,300.0000,65.0000,65.0042,13904.69,0.796545,92.795422
821.900,92.6248,300.0000,65.1250,65.0043,13903.96,0.796420,92.795422
822.000,93.1445,300.0000,65.0000,65.0044,13908.48,0.797196,92.803183
822.100,93.1445,300.0000,65.0000,65.0045,13912.69,0.797920,92.803183
822.200,93.1445,300.0000,64.9375,65.0045,13916.62,0.798597,92.803183
822.300,93.1445,300.0000,65.0000,65.0045,13920.29,0.799229,92.803183
822.400,93.1445,300.0000,64.9375,65.0044,13923.72,0.799819,92.803183
822.500,93.1445,300.0000,64.8750,65.0044,13926.91,0.800370,92.803183
822.600,93.1445,300.0000,65.0625,65.0043,13929.90,0.800885,92.803183
822.700,93.1445,300.0000,65.0000,65.0042,13932.68,0.801365,92.803183
822.800,93.1445,300.0000,65.0000,65.0041,13935.28,0.801814,92.803183
822.900,93.1445,300.0000,65.1250,65.0039,13937.71,0.802233,92.803183
823.000,93.1522,300.0000,65.0000,65.0038,13940.05,0.802637,92.810945
823.100,93.1522,300.0000,65.0625,65.0036,13942.24,0.803015,92.810945
823.200,93.1522,300.0000,64.8750,65.0034,13944.28,0.803367,92.810945
823.300,93.1522,300.0000,64.9375,65.0032,13946.18,0.803696,92.810945
823.400,93.1522,300.0000,65.0000,65.0029,13947.96,0.804004,92.810945
823.500,93.1522,300.0000,65.0000,65.0027,13949.62,0.804291,92.810945
823.600,93.1522,300.0000,65.0000,65.0024,13951.16,0.804558,92.810945
823.700,93.1522,300.0000,64.9375,65.0022,13952.61,0.804808,92.810945
823.800,93.1522,300.0000,65.0000,65.0019,13953.96,0.805042,92.810945
823.900,93.1522,300.0000,65.0625,65.0016,13955.22,0.805260,92.810945
824.000,92.9855,300.0000,65.0000,65.0013,13954.72,0.805174,92.814826
824.100,92.9855,300.0000,65.0625,65.0010,13954.26,0.805095,92.814826
824.200,92.9855,300.0000,64.8750,65.0008,13953.83,0.805020,92.814826
824.300,92.9855,300.0000,65.0625,65.0005,13953.43,0.804951,92.814826
824.400,92.9855,300.0000,65.0625,65.0002,13953.06,0.804886,92.814826
824.500,92.9855,300.0000,65.0000,65.0000,13952.71,0.804826,92.814826
824.600,92.9855,300.0000,65.0625,64.9997,13952.38,0.804769,92.814826
824.700,92.9855,300.0000,65.0000,64.9994,13952.08,0.804717,92.814826
824.800,92.9855,300.0000,64.9375,64.9992,13951.80,0.804668,92.814826
824.900,92.9855,300.0000,65.0000,64.9989,13951.53,0.804622,92.814826
825.000,92.8148,300.0000,64.9375,64.9987,13949.58,0.804284,92.814826
825.100,92.8148,300.0000,64.9375,64.9985,13947.75,0.803968,92.814826
825.200,92.8148,300.0000,65.0000,64.9983,13946.05,0.803674,92.814826
825.300,92.8148,300.0000,64.9375,64.9981,13944.46,0.803400,92.814826
825.400,92.8148,300.0000,65.0000,64.9979,13942.98,0.803143,92.814826
825.500,92.8148,300.0000,64.9375,64.9977,13941.60,0.802904,92.814826
825.600,92.8148,300.0000,64.9375,64.9976,13940.30,0.802681,92.814826
825.700,92.8148,300.0000,65.0625,64.9974,13939.10,0.802473,92.814826
825.800,92.8148,300.0000,65.0000,64.9973,13937.97,0.802279,92.814826
825.900,92.8148,300.0000,65.0000,64.9972,13936.92,0.802097,92.814826
826.000,92.8148,300.0000,65.0000,64.9971,13935.94,0.801928,92.814826
826.100,92.8148,300.0000,65.0000,64.9969,13935.03,0.801770,92.814826
826.200,92.8148,300.0000,65.0625,64.9968,13934.18,0.801623,92.814826
826.300,92.8148,300.0000,64.8750,64.9968,13933.38,0.801485,92.814826
826.400,92.8148,300.0000,64.9375,64.9967,13932.64,0.801357,92.814826
826.500,92.8148,300.0000,65.0000,64.9966,13931.94,0.801237,92.814826
826.600,92.8148,300.0000,64.9375,64.9965,13931.29,0.801125,92.814826
826.700,92.8148,300.0000,65.0000,64.9964,13930.69,0.801021,92.814826
826.800,92.8148,300.0000,65.0625,64.9964,13930.12,0.800924,92.814826
826.900,92.8148,300.0000,64.9375,64.9963,13929.60,0.800833,92.814826
827.000,92.6403,300.0000,65.0000,64.9963,13927.36,0.800447,92.810945
827.100,92.6403,300.0000,65.0000,64.9962,13925.27,0.800087,92.810945
827.200,92.6403,300.0000,65.0625,64.9962,13923.32,0.799752,92.810945
827.300,92.6403,300.0000,64.9375,64.9962,13921.51,0.799438,92.810945
827.400,92.6403,300.0000,65.0625,64.9962,13919.81,0.799146,92.810945
827.500,92.6403,300.0000,64.9375,64.9963,13918.22,0.798873,92.810945
827.600,92.6403,300.0000,65.0000,64.9963,13916.75,0.798618,92.810945
827.700,92.6403,300.0000,65.0000,64.9964,13915.37,0.798381,92.810945
827.800,92.6403,300.0000,65.0625,64.9964,13914.08,0.798159,92.810945
827.900,92.6403,300.0000,65.0000,64.9965,13912.88,0.797952,92.810945
828.000,92.8109,300.0000,65.0625,64.9966,13913.46,0.798053,92.810945
828.100,92.8109,300.0000,64.9375,64.9966,13914.01,0.798147,92.810945
828.200,92.8109,300.0000,65.0000,64.9967,13914.51,0.798234,92.810945
828.300,92.8109,300.0000,65.1250,64.9968,13914.99,0.798316,92.810945
828.400,92.8109,300.0000,65.0000,64.9968,13915.43,0.798392,92.810945
828.500,92.8109,300.0000,65.0000,64.9969,13915.85,0.798464,92.810945
828.600,92.8109,300.0000,64.9375,64.9969,13916.23,0.798530,92.810945
828.700,92.8109,300.0000,65.0000,64.9970,13916.59,0.798592,92.810945
828.800,92.8109,300.0000,65.0000,64.9970,13916.93,0.798650,92.810945
828.900,92.8109,300.0000,65.0625,64.9970,13917.24,0.798704,92.810945
829.000,92.9855,300.0000,64.9375,64.9971,13919.28,0.799055,92.814826
829.100,92.9855,300.0000,65.0000,64.9971,13921.19,0.799383,92.814826
829.200,92.9855,300.0000,65.1250,64.9971,13922.96,0.799689,92.814826
829.300,92.9855,300.0000,64.9375,64.9970,13924.62,0.799974,92.814826
829.400,92.9855,300.0000,65.0000,64.9970,13926.17,0.800241,92.814826
829.500,92.9855,300.0000,65.0000,64.9970,13927.61,0.800490,92.814826
829.600,92.9855,300.0000,65.0000,64.9969,13928.96,0.800722,92.814826
829.700,92.9855,300.0000,65.0000,64.9968,13930.21,0.800939,92.814826
829.800,92.9855,300.0000,64.9375,64.9967,13931.39,0.801142,92.814826
829.900,92.9855,300.0000,65.0000,64.9967,13932.48,0.801331,92.814826
830.000,92.8148,300.0000,65.0000,64.9966,13931.80,0.801213,92.814826
830.100,92.8148,300.0000,64.9375,64.9965,13931.16,0.801103,92.814826
830.200,92.8148,300.0000,64.9375,64.9964,13930.57,0.801000,92.814826
830.300,92.8148,300.0000,65.0000,64.9964,13930.01,0.800904,92.814826
830.400,92.8148,300.0000,64.9375,64.9963,13929.49,0.800814,92.814826
830.500,92.8148,300.0000,65.0625,64.9962,13929.01,0.800731,92.814826
830.600,92.8148,300.0000,64.9375,64.9962,13928.55,0.800653,92.814826
830.700,92.8148,300.0000,64.9375,64.9961,13928.13,0.800580,92.814826
830.800,92.8148,300.0000,65.0625,64.9961,13927.74,0.800512,92.814826
830.900,92.8148,300.0000,64.9375,64.9960,13927.37,0.800449,92.814826
831.000,92.6403,300.0000,64.9375,64.9960,13925.28,0.800089,92.810945
831.100,92.6403,300.0000,64.9375,64.9960,13923.33,0.799753,92.810945
831.200,92.6403,300.0000,65.0000,64.9960,13921.51,0.799439,92.810945
831.300,92.6403,300.0000,65.0000,64.9960,13919.82,0.799147,92.810945
831.400,92.6403,300.0000,65.0625,64.9961,13918.23,0.798874,92.810945
831.500,92.6403,300.0000,65.0000,64.9961,13916.75,0.798619,92.810945
831.600,92.6403,300.0000,65.0625,64.9962,13915.37,0.798382,92.810945
831.700,92.6403,300.0000,65.1250,64.9962,13914.08,0.798160,92.810945
831.800,92.6403,300.0000,65.0000,64.9963,13912.88,0.797953,92.810945
831.900,92.6403,300.0000,65.0000,64.9964,13911.76,0.797760,92.810945
832.000,92.8109,300.0000,64.9375,64.9965,13912.42,0.797873,92.810945
832.100,92.8109,300.0000,65.0000,64.9965,13913.03,0.797979,92.810945
832.200,92.8109,300.0000,65.0000,64.9966,13913.61,0.798078,92.810945
832.300,92.8109,300.0000,65.0625,64.9967,13914.14,0.798170,92.810945
832.400,92.8109,300.0000,64.9375,64.9967,13914.64,0.798256,92.810945
832.500,92.8109,300.0000,65.0000,64.9968,13915.11,0.798336,92.810945
832.600,92.8109,300.0000,65.1250,64.9968,13915.54,0.798411,92.810945
832.700,92.8109,300.0000,65.0625,64.9969,13915.95,0.798481,92.810945
832.800,92.8109,300.0000,65.0000,64.9969,13916.33,0.798547,92.810945
832.900,92.8109,300.0000,65.0000,64.9970,13916.68,0.798608,92.810945
833.000,92.8109,300.0000,65.0625,64.9970,13917.01,0.798665,92.810945
833.100,92.8109,300.0000,65.0625,64.9971,13917.32,0.798718,92.810945
833.200,92.8109,300.0000,65.0625,64.9971,13917.61,0.798767,92.810945
833.300,92.8109,300.0000,65.0625,64.9971,13917.88,0.798814,92.810945
833.400,92.8109,300.0000,64.9375,64.9972,13918.13,0.798857,92.810945
833.500,92.8109,300.0000,65.0000,64.9972,13918.36,0.798897,92.810945
833.600,92.8109,300.0000,64.9375,64.9972,13918.58,0.798935,92.810945
833.700,92.8109,300.0000,64.9375,64.9972,13918.79,0.798970,92.810945
833.800,92.8109,300.0000,65.0000,64.9973,13918.98,0.799003,92.810945
833.900,92.8109,300.0000,64.8750,64.9973,13919.15,0.799033,92.810945
834.000,92.4619,300.0000,65.0000,64.9973,13915.83,0.798461,92.803183
834.100,92.4619,300.0000,64.9375,64.9974,13912.73,0.797927,92.803183
834.200,92.4619,300.0000,65.0000,64.9975,13909.83,0.797428,92.803183
834.300,92.4619,300.0000,65.0625,64.9976,13907.13,0.796964,92.803183
834.400,92.4619,300.0000,65.0000,64.9978,13904.60,0.796530,92.803183
834.500,92.4619,300.0000,65.1250,64.9979,13902.25,0.796125,92.803183
834.600,92.4619,300.0000,65.0625,64.9981,13900.05,0.795748,92.803183
834.700,92.4619,300.0000,64.9375,64.9983,13898.00,0.795396,92.803183
834.800,92.4619,300.0000,65.0000,64.9985,13896.09,0.795067,92.803183
834.900,92.4619,300.0000,65.0000,64.9987,13894.30,0.794760,92.803183
835.000,92.8032,300.0000,64.9375,64.9990,13896.04,0.795060,92.803183
835.100,92.8032,300.0000,65.0000,64.9992,13897.67,0.795339,92.803183
835.200,92.8032,300.0000,65.0625,64.9993,13899.19,0.795600,92.803183
835.300,92.8032,300.0000,65.0000,64.9995,13900.61,0.795844,92.803183
835.400,92.8032,300.0000,65.0625,64.9997,13901.94,0.796072,92.803183
835.500,92.8032,300.0000,64.9375,64.9998,13903.17,0.796284,92.803183
835.600,92.8032,300.0000,65.0000,65.0000,13904.33,0.796482,92.803183
835.700,92.8032,300.0000,65.0000,65.0001,13905.40,0.796667,92.803183
835.800,92.8032,300.0000,65.0000,65.0002,13906.41,0.796840,92.803183
835.900,92.8032,300.0000,65.0000,65.0003,13907.35,0.797001,92.803183
836.000,92.8032,300.0000,65.0000,65.0004,13908.22,0.797152,92.803183
836.100,92.8032,300.0000,65.0625,65.0005,13909.04,0.797292,92.803183
836.200,92.8032,300.0000,65.0000,65.0006,13909.80,0.797423,92.803183
836.300,92.8032,300.0000,65.1250,65.0007,13910.51,0.797546,92.803183
836.400,92.8032,300.0000,65.0000,65.0008,13911.18,0.797660,92.803183
836.500,92.8032,300.0000,65.0000,65.0009,13911.80,0.797767,92.803183
836.600,92.8032,300.0000,65.0000,65.0009,13912.38,0.797866,92.803183
836.700,92.8032,300.0000,64.8750,65.0010,13912.92,0.797959,92.803183
836.800,92.8032,300.0000,65.0000,65.0011,13913.42,0.798046,92.803183
836.900,92.8032,300.0000,65.0000,65.0011,13913.89,0.798127,92.803183
837.000,92.8032,300.0000,64.8750,65.0012,13914.33,0.798203,92.803183
837.100,92.8032,300.0000,65.0000,65.0012,13914.74,0.798273,92.803183
837.200,92.8032,300.0000,65.0000,65.0013,13915.12,0.798339,92.803183
837.300,92.8032,300.0000,65.0000,65.0013,13915.48,0.798400,92.803183
837.400,92.8032,300.0000,65.0000,65.0013,13915.81,0.798458,92.803183
837.500,92.8032,300.0000,65.0000,65.0014,13916.12,0.798511,92.803183
837.600,92.8032,300.0000,64.9375,65.0014,13916.41,0.798561,92.803183
837.700,92.8032,300.0000,65.0000,65.0014,13916.68,0.798608,92.803183
837.800,92.8032,300.0000,65.0000,65.0015,13916.94,0.798651,92.803183
837.900,92.8032,300.0000,65.0000,65.0015,13917.17,0.798692,92.803183
838.000,92.8032,300.0000,65.0000,65.0015,13917.39,0.798730,92.803183
838.100,92.8032,300.0000,65.0000,65.0016,13917.60,0.798765,92.803183
838.200,92.8032,300.0000,65.0000,65.0016,13917.79,0.798798,92.803183
838.300,92.8032,300.0000,64.8750,65.0016,13917.97,0.798829,92.803183
838.400,92.8032,300.0000,65.0000,65.0016,13918.14,0.798858,92.803183
838.500,92.8032,300.0000,64.9375,65.0016,13918.29,0.798885,92.803183
838.600,92.8032,300.0000,65.0000,65.0017,13918.44,0.798910,92.803183
838.700,92.8032,300.0000,64.8750,65.0017,13918.57,0.798933,92.803183
838.800,92.8032,300.0000,65.0000,65.0017,13918.70,0.798955,92.803183
838.900,92.8032,300.0000,65.0000,65.0017,13918.82,0.798976,92.803183
839.000,92.8032,300.0000,65.0000,65.0017,13918.93,0.798995,92.803183
839.100,92.8032,300.0000,65.0000,65.0017,13919.03,0.799012,92.803183
839.200,92.8032,300.0000,64.9375,65.0017,13919.13,0.799029,92.803183
839.300,92.8032,300.0000,65.0000,65.0018,13919.22,0.799044,92.803183
839.400,92.8032,300.0000,65.0000,65.0018,13919.30,0.799059,92.803183
839.500,92.8032,300.0000,65.0625,65.0018,13919.38,0.799072,92.803183
839.600,92.8032,300.0000,65.0000,65.0018,13919.45,0.799085,92.803183
839.700,92.8032,300.0000,65.0625,65.0018,13919.52,0.799097,92.803183
839.800,92.8032,300.0000,64.9375,65.0018,13919.59,0.799108,92.803183
839.900,92.8032,300.0000,65.0000,65.0018,13919.65,0.799118,92.803183
840.000,92.8032,300.0000,65.0000,65.0018,13919.70,0.799127,92.803183
840.100,92.8032,300.0000,65.0000,65.0018,13919.75,0.799136,92.803183
840.200,92.8032,300.0000,65.0625,65.0018,13919.80,0.799145,92.803183
840.300,92.8032,300.0000,64.9375,65.0018,13919.85,0.799152,92.803183
840.400,92.8032,300.0000,65.0625,65.0018,13919.89,0.799160,92.803183
840.500,92.8032,300.0000,65.0625,65.0018,13919.93,0.799166,92.803183
840.600,92.8032,300.0000,64.9375,65.0019,13919.96,0.799173,92.803183
840.700,92.8032,300.0000,64.9375,65.0019,13920.00,0.799179,92.803183
840.800,92.8032,300.0000,65.0625,65.0019,13920.03,0.799184,92.803183
840.900,92.8032,300.0000,65.0000,65.0019,13920.06,0.799189,92.803183
841.000,92.8032,300.0000,65.0000,65.0019,13920.09,0.799194,92.803183
841.100,92.8032,300.0000,65.0000,65.0019,13920.11,0.799198,92.803183
841.200,92.8032,300.0000,65.0625,65.0019,13920.14,0.799203,92.803183
841.300,92.8032,300.0000,65.0000,65.0019,13920.16,0.799206,92.803183
841.400,92.8032,300.0000,64.9375,65.0019,13920.18,0.799210,92.803183
841.500,92.8032,300.0000,65.0000,65.0019,13920.20,0.799214,92.803183
841.600,92.8032,300.0000,65.0000,65.0019,13920.22,0.799217,92.803183
841.700,92.8032,300.0000,65.0000,65.0019,13920.24,0.799220,92.803183
841.800,92.8032,300.0000,64.9375,65.0019,13920.25,0.799222,92.803183
841.900,92.8032,300.0000,65.0000,65.0019,13920.27,0.799225,92.803183
842.000,92.8032,300.0000,64.9375,65.0019,13920.28,0.799227,92.803183
842.100,92.8032,300.0000,65.0000,65.0019,13920.30,0.799230,92.803183
842.200,92.8032,300.0000,65.0000,65.0019,13920.31,0.799232,92.803183
842.300,92.8032,300.0000,65.0000,65.0019,13920.32,0.799234,92.803183
842.400,92.8032,300.0000,65.0625,65.0019,13920.33,0.799235,92.803183
842.500,92.8032,300.0000,64.9375,65.0019,13920.34,0.799237,92.803183
842.600,92.8032,300.0000,65.0000,65.0019,13920.35,0.799239,92.803183
842.700,92.8032,300.0000,64.8750,65.0019,13920.36,0.799240,92.803183
842.800,92.8032,300.0000,65.0000,65.0019,13920.37,0.799242,92.803183
842.900,92.8032,300.0000,65.0000,65.0019,13920.37,0.799243,92.803183
843.000,92.8032,300.0000,64.9375,65.0019,13920.38,0.799244,92.803183
843.100,92.8032,300.0000,65.0000,65.0019,13920.39,0.799245,92.803183
843.200,92.8032,300.0000,65.0625,65.0019,13920.39,0.799246,92.803183
843.300,92.8032,300.0000,65.0000,65.0019,13920.40,0.799247,92.803183
843.400,92.8032,300.0000,65.0000,65.0019,13920.40,0.799248,92.803183
843.500,92.8032,300.0000,64.9375,65.0019,13920.41,0.799249,92.803183
843.600,92.8032,300.0000,65.0625,65.0019,13920.41,0.799250,92.803183
843.700,92.8032,300.0000,65.0000,65.0019,13920.42,0.799251,92.803183
843.800,92.8032,300.0000,65.0000,65.0019,13920.42,0.799251,92.803183
843.900,92.8032,300.0000,64.9375,65.0019,13920.42,0.799252,92.803183
844.000,92.6287,300.0000,65.0000,65.0019,13918.68,0.798952,92.799303
844.100,92.6287,300.0000,65.0000,65.0020,13917.06,0.798672,92.799303
844.200,92.6287,300.0000,65.0000,65.0020,13915.54,0.798411,92.799303
844.300,92.6287,300.0000,64.9375,65.0021,13914.12,0.798167,92.799303
844.400,92.6287,300.0000,64.9375,65.0021,13912.80,0.797940,92.799303
844.500,92.6287,300.0000,65.0000,65.0022,13911.57,0.797727,92.799303
844.600,92.6287,300.0000,65.0625,65.0023,13910.42,0.797529,92.799303
844.700,92.6287,300.0000,64.9375,65.0024,13909.34,0.797345,92.799303
844.800,92.6287,300.0000,65.1250,65.0025,13908.34,0.797172,92.799303
844.900,92.6287,300.0000,64.8750,65.0026,13907.40,0.797011,92.799303
845.000,92.4502,300.0000,65.0000,65.0027,13904.75,0.796554,92.791541
845.100,92.4502,300.0000,65.0000,65.0029,13902.27,0.796128,92.791541
845.200,92.4502,300.0000,64.9375,65.0030,13899.95,0.795730,92.791541
845.300,92.4502,300.0000,64.9375,65.0032,13897.79,0.795359,92.791541
845.400,92.4502,300.0000,65.0000,65.0034,13895.77,0.795013,92.791541
845.500,92.4502,300.0000,65.0000,65.0036,13893.89,0.794690,92.791541
845.600,92.4502,300.0000,64.9375,65.0039,13892.13,0.794389,92.791541
845.700,92.4502,300.0000,65.0000,65.0041,13890.49,0.794107,92.791541
845.800,92.4502,300.0000,65.0000,65.0044,13888.96,0.793845,92.791541
845.900,92.4502,300.0000,64.9375,65.0046,13887.53,0.793600,92.791541
846.000,92.6170,300.0000,65.0000,65.0049,13887.87,0.793657,92.787660
846.100,92.6170,300.0000,64.8750,65.0052,13888.18,0.793711,92.787660
846.200,92.6170,300.0000,65.0000,65.0054,13888.47,0.793761,92.787660
846.300,92.6170,300.0000,65.0625,65.0057,13888.74,0.793807,92.787660
846.400,92.6170,300.0000,65.0000,65.0059,13889.00,0.793851,92.787660
846.500,92.6170,300.0000,65.0000,65.0062,13889.23,0.793892,92.787660
846.600,92.6170,300.0000,64.9375,65.0064,13889.46,0.793929,92.787660
846.700,92.6170,300.0000,64.8750,65.0067,13889.66,0.793965,92.787660
846.800,92.6170,300.0000,65.0000,65.0069,13889.86,0.793998,92.787660
846.900,92.6170,300.0000,65.0000,65.0072,13890.03,0.794029,92.787660
847.000,92.7877,300.0000,65.0000,65.0074,13891.91,0.794350,92.787660
847.100,92.7877,300.0000,65.0000,65.0076,13893.66,0.794650,92.787660
847.200,92.7877,300.0000,64.9375,65.0078,13895.29,0.794931,92.787660
847.300,92.7877,300.0000,65.0000,65.0080,13896.81,0.795192,92.787660
847.400,92.7877,300.0000,65.0625,65.0082,13898.24,0.795436,92.787660
847.500,92.7877,300.0000,65.0625,65.0083,13899.56,0.795664,92.787660
847.600,92.7877,300.0000,65.0000,65.0085,13900.80,0.795877,92.787660
847.700,92.7877,300.0000,65.0000,65.0086,13901.96,0.796076,92.787660
847.800,92.7877,300.0000,65.0000,65.0087,13903.04,0.796261,92.787660
847.900,92.7877,300.0000,64.9375,65.0089,13904.05,0.796434,92.787660
848.000,92.6131,300.0000,65.0000,65.0090,13903.24,0.796296,92.783779
848.100,92.6131,300.0000,65.0625,65.0091,13902.49,0.796167,92.783779
848.200,92.6131,300.0000,65.0625,65.0093,13901.79,0.796046,92.783779
848.300,92.6131,300.0000,64.9375,65.0094,13901.13,0.795934,92.783779
848.400,92.6131,300.0000,65.0625,65.0096,13900.52,0.795829,92.783779
848.500,92.6131,300.0000,65.0000,65.0097,13899.95,0.795731,92.783779
848.600,92.6131,300.0000,65.0000,65.0099,13899.42,0.795639,92.783779
848.700,92.6131,300.0000,64.9375,65.0100,13898.92,0.795554,92.783779
848.800,92.6131,300.0000,65.0625,65.0102,13898.46,0.795475,92.783779
848.900,92.6131,300.0000,65.0625,65.0104,13898.03,0.795400,92.783779
849.000,92.9583,300.0000,64.9375,65.0105,13901.08,0.795924,92.787660
849.100,92.9583,300.0000,65.0625,65.0106,13903.92,0.796412,92.787660
849.200,92.9583,300.0000,65.0625,65.0107,13906.58,0.796869,92.787660
849.300,92.9583,300.0000,64.9375,65.0108,13909.05,0.797295,92.787660
849.400,92.9583,300.0000,65.0000,65.0108,13911.37,0.797693,92.787660
849.500,92.9583,300.0000,64.9375,65.0109,13913.52,0.798064,92.787660
849.600,92.9583,300.0000,65.0625,65.0109,13915.54,0.798411,92.787660
849.700,92.9583,300.0000,65.0625,65.0109,13917.42,0.798734,92.787660
849.800,92.9583,300.0000,64.9375,65.0109,13919.18,0.799037,92.787660
849.900,92.9583,300.0000,65.0625,65.0109,13920.81,0.799319,92.787660
850.000,92.9622,300.0000,65.0000,65.0108,13922.38,0.799589,92.791541
850.100,92.9622,300.0000,65.0000,65.0108,13923.84,0.799841,92.791541
850.200,92.9622,300.0000,64.9375,65.0107,13925.21,0.800076,92.791541
850.300,92.9622,300.0000,65.0000,65.0107,13926.48,0.800296,92.791541
850.400,92.9622,300.0000,65.0000,65.0106,13927.67,0.800501,92.791541
850.500,92.9622,300.0000,65.0000,65.0105,13928.78,0.800693,92.791541
850.600,92.9622,300.0000,65.0000,65.0104,13929.82,0.800871,92.791541
850.700,92.9622,300.0000,65.0625,65.0103,13930.79,0.801038,92.791541
850.800,92.9622,300.0000,65.0000,65.0102,13931.69,0.801194,92.791541
850.900,92.9622,300.0000,65.0000,65.0101,13932.53,0.801339,92.791541
851.000,92.7915,300.0000,65.0625,65.0100,13931.61,0.801181,92.791541
851.100,92.7915,300.0000,65.0000,65.0099,13930.75,0.801032,92.791541
851.200,92.7915,300.0000,64.9375,65.0098,13929.95,0.800894,92.791541
851.300,92.7915,300.0000,65.0625,65.0097,13929.20,0.800765,92.791541
851.400,92.7915,300.0000,65.0000,65.0096,13928.51,0.800645,92.791541
851.500,92.7915,300.0000,65.0000,65.0095,13927.85,0.800532,92.791541
851.600,92.7915,300.0000,65.0000,65.0094,13927.25,0.800427,92.791541
851.700,92.7915,300.0000,64.9375,65.0094,13926.68,0.800330,92.791541
851.800,92.7915,300.0000,65.0625,65.0093,13926.15,0.800238,92.791541
851.900,92.7915,300.0000,65.0625,65.0093,13925.65,0.800153,92.791541
852.000,92.9661,300.0000,64.9375,65.0092,13926.94,0.800374,92.795422
852.100,92.9661,300.0000,65.0000,65.0091,13928.14,0.800581,92.795422
852.200,92.9661,300.0000,65.0000,65.0090,13929.25,0.800774,92.795422
852.300,92.9661,300.0000,64.9375,65.0089,13930.30,0.800954,92.795422
852.400,92.9661,300.0000,65.0000,65.0088,13931.27,0.801122,92.795422
852.500,92.9661,300.0000,65.0000,65.0087,13932.18,0.801279,92.795422
852.600,92.9661,300.0000,64.9375,65.0086,13933.03,0.801425,92.795422
852.700,92.9661,300.0000,65.0000,65.0085,13933.82,0.801562,92.795422
852.800,92.9661,300.0000,65.0000,65.0083,13934.56,0.801689,92.795422
852.900,92.9661,300.0000,65.0000,65.0082,13935.25,0.801808,92.795422
853.000,92.7954,300.0000,65.0000,65.0081,13934.19,0.801625,92.795422
853.100,92.7954,300.0000,64.9375,65.0079,13933.20,0.801454,92.795422
853.200,92.7954,300.0000,65.0000,65.0078,13932.27,0.801294,92.795422
853.300,92.7954,300.0000,65.0000,65.0077,13931.41,0.801145,92.795422
853.400,92.7954,300.0000,65.0000,65.0076,13930.60,0.801006,92.795422
853.500,92.7954,300.0000,64.9375,65.0075,13929.85,0.800876,92.795422
853.600,92.7954,300.0000,65.0000,65.0075,13929.15,0.800755,92.795422
853.700,92.7954,300.0000,65.0000,65.0074,13928.49,0.800642,92.795422
853.800,92.7954,300.0000,64.9375,65.0073,13927.88,0.800537,92.795422
853.900,92.7954,300.0000,65.0000,65.0072,13927.31,0.800438,92.795422
854.000,92.7954,300.0000,65.0000,65.0072,13926.78,0.800346,92.795422
854.100,92.7954,300.0000,65.0000,65.0071,13926.28,0.800260,92.795422
854.200,92.7954,300.0000,65.0000,65.0071,13925.81,0.800180,92.795422
854.300,92.7954,300.0000,65.0000,65.0070,13925.38,0.800106,92.795422
854.400,92.7954,300.0000,65.1250,65.0070,13924.98,0.800036,92.795422
854.500,92.7954,300.0000,65.0000,65.0069,13924.60,0.799971,92.795422
854.600,92.7954,300.0000,65.0000,65.0069,13924.25,0.799910,92.795422
854.700,92.7954,300.0000,65.0000,65.0068,13923.92,0.799854,92.795422
854.800,92.7954,300.0000,65.0000,65.0068,13923.61,0.799801,92.795422
854.900,92.7954,300.0000,65.0000,65.0068,13923.32,0.799751,92.795422
855.000,92.7954,300.0000,65.0625,65.0067,13923.06,0.799705,92.795422
855.100,92.7954,300.0000,65.0000,65.0067,13922.81,0.799662,92.795422
855.200,92.7954,300.0000,65.0000,65.0067,13922.57,0.799622,92.795422
855.300,92.7954,300.0000,65.1250,65.0066,13922.36,0.799585,92.795422
855.400,92.7954,300.0000,65.0625,65.0066,13922.15,0.799550,92.795422
855.500,92.7954,300.0000,65.0000,65.0066,13921.96,0.799517,92.795422
855.600,92.7954,300.0000,65.0000,65.0066,13921.79,0.799487,92.795422
855.700,92.7954,300.0000,65.0625,65.0066,13921.62,0.799458,92.795422
855.800,92.7954,300.0000,64.9375,65.0065,13921.47,0.799432,92.795422
855.900,92.7954,300.0000,65.0000,65.0065,13921.32,0.799407,92.795422
856.000,92.7954,300.0000,64.9375,65.0065,13921.19,0.799384,92.795422
856.100,92.7954,300.0000,65.0000,65.0065,13921.07,0.799362,92.795422
856.200,92.7954,300.0000,65.1250,65.0065,13920.95,0.799342,92.795422
856.300,92.7954,300.0000,64.9375,65.0065,13920.84,0.799323,92.795422
856.400,92.7954,300.0000,65.0625,65.0065,13920.74,0.799306,92.795422
856.500,92.7954,300.0000,65.1250,65.0064,13920.64,0.799290,92.795422
856.600,92.7954,300.0000,65.0625,65.0064,13920.55,0.799274,92.795422
856.700,92.7954,300.0000,65.0000,65.0064,13920.47,0.799260,92.795422
856.800,92.7954,300.0000,65.0000,65.0064,13920.39,0.799247,92.795422
856.900,92.7954,300.0000,65.0625,65.0064,13920.32,0.799234,92.795422
857.000,92.9700,300.0000,65.0000,65.0064,13922.00,0.799523,92.799303
857.100,92.9700,300.0000,65.0000,65.0064,13923.57,0.799793,92.799303
857.200,92.9700,300.0000,65.0625,65.0063,13925.03,0.800045,92.799303
857.300,92.9700,300.0000,65.0000,65.0062,13926.39,0.800280,92.799303
857.400,92.9700,300.0000,65.0625,65.0062,13927.67,0.800500,92.799303
857.500,92.9700,300.0000,65.0625,65.0061,13928.85,0.800705,92.799303
857.600,92.9700,300.0000,65.0000,65.0060,13929.96,0.800896,92.799303
857.700,92.9700,300.0000,64.9375,65.0059,13931.00,0.801075,92.799303
857.800,92.9700,300.0000,65.0625,65.0058,13931.97,0.801241,92.799303
857.900,92.9700,300.0000,64.9375,65.0057,13932.87,0.801397,92.799303
858.000,92.6248,300.0000,65.0000,65.0056,13930.26,0.800947,92.795422
858.100,92.6248,300.0000,64.9375,65.0055,13927.82,0.800527,92.795422
858.200,92.6248,300.0000,65.0000,65.0055,13925.55,0.800135,92.795422
858.300,92.6248,300.0000,64.9375,65.0055,13923.43,0.799769,92.795422
858.400,92.6248,300.0000,64.9375,65.0054,13921.44,0.799428,92.795422
858.500,92.6248,300.0000,65.1250,65.0054,13919.60,0.799109,92.795422
858.600,92.6248,300.0000,65.0625,65.0055,13917.87,0.798812,92.795422
858.700,92.6248,300.0000,65.0000,65.0055,13916.26,0.798535,92.795422
858.800,92.6248,300.0000,65.0625,65.0055,13914.76,0.798276,92.795422
858.900,92.6248,300.0000,65.0000,65.0056,13913.35,0.798035,92.795422
859.000,92.7954,300.0000,64.9375,65.0056,13913.75,0.798103,92.795422
859.100,92.7954,300.0000,65.0000,65.0057,13914.12,0.798167,92.795422
859.200,92.7954,300.0000,65.0000,65.0057,13914.47,0.798226,92.795422
859.300,92.7954,300.0000,64.9375,65.0058,13914.79,0.798282,92.795422
859.400,92.7954,300.0000,65.0625,65.0058,13915.09,0.798334,92.795422
859.500,92.7954,300.0000,65.0000,65.0058,13915.37,0.798382,92.795422
859.600,92.7954,300.0000,64.8750,65.0059,13915.64,0.798428,92.795422
859.700,92.7954,300.0000,65.0000,65.0059,13915.88,0.798470,92.795422
859.800,92.7954,300.0000,64.9375,65.0059,13916.11,0.798509,92.795422
859.900,92.7954,300.0000,65.0625,65.0059,13916.32,0.798546,92.795422
860.000,92.9700,300.0000,65.0625,65.0059,13918.27,0.798881,92.799303
860.100,92.9700,300.0000,64.9375,65.0059,13920.08,0.799193,92.799303
860.200,92.9700,300.0000,65.0000,65.0059,13921.78,0.799485,92.799303
860.300,92.9700,300.0000,65.0000,65.0059,13923.36,0.799757,92.799303
860.400,92.9700,300.0000,65.0000,65.0058,13924.83,0.800012,92.799303
860.500,92.9700,300.0000,65.0000,65.0058,13926.21,0.800249,92.799303
860.600,92.9700,300.0000,65.1250,65.0057,13927.50,0.800471,92.799303
860.700,92.9700,300.0000,65.0625,65.0056,13928.70,0.800678,92.799303
860.800,92.9700,300.0000,65.0000,65.0056,13929.82,0.800871,92.799303
860.900,92.9700,300.0000,65.1250,65.0055,13930.86,0.801051,92.799303
861.000,93.1484,300.0000,65.0625,65.0054,13933.62,0.801527,92.807064
861.100,93.1484,300.0000,65.0625,65.0052,13936.20,0.801972,92.807064
861.200,93.1484,300.0000,65.0000,65.0051,13938.60,0.802387,92.807064
861.300,93.1484,300.0000,65.0000,65.0049,13940.84,0.802774,92.807064
861.400,93.1484,300.0000,64.9375,65.0047,13942.94,0.803136,92.807064
861.500,93.1484,300.0000,65.0000,65.0045,13944.89,0.803474,92.807064
861.600,93.1484,300.0000,65.0000,65.0043,13946.72,0.803789,92.807064
861.700,93.1484,300.0000,64.9375,65.0040,13948.42,0.804084,92.807064
861.800,93.1484,300.0000,65.0000,65.0038,13950.01,0.804358,92.807064
861.900,93.1484,300.0000,65.0000,65.0035,13951.49,0.804615,92.807064
862.000,92.8071,300.0000,65.0625,65.0033,13949.46,0.804264,92.807064
862.100,92.8071,300.0000,64.8750,65.0030,13947.57,0.803937,92.807064
862.200,92.8071,300.0000,65.0625,65.0028,13945.80,0.803631,92.807064
862.300,92.8071,300.0000,65.0000,65.0026,13944.15,0.803346,92.807064
862.400,92.8071,300.0000,65.0625,65.0024,13942.61,0.803080,92.807064
862.500,92.8071,300.0000,65.0000,65.0023,13941.18,0.802832,92.807064
862.600,92.8071,300.0000,65.0000,65.0021,13939.83,0.802600,92.807064
862.700,92.8071,300.0000,65.0000,65.0020,13938.58,0.802384,92.807064
862.800,92.8071,300.0000,65.0625,65.0018,13937.41,0.802182,92.807064
862.900,92.8071,300.0000,65.0625,65.0017,13936.32,0.801994,92.807064
863.000,92.9816,300.0000,65.0625,65.0016,13937.05,0.802119,92.810945
863.100,92.9816,300.0000,65.1250,65.0014,13937.73,0.802237,92.810945
863.200,92.9816,300.0000,65.0625,65.0013,13938.37,0.802346,92.810945
863.300,92.9816,300.0000,64.9375,65.0011,13938.96,0.802448,92.810945
863.400,92.9816,300.0000,65.0000,65.0010,13939.51,0.802544,92.810945
863.500,92.9816,300.0000,65.0000,65.0008,13940.02,0.802633,92.810945
863.600,92.9816,300.0000,65.0000,65.0006,13940.51,0.802716,92.810945
863.700,92.9816,300.0000,64.8750,65.0005,13940.95,0.802793,92.810945
863.800,92.9816,300.0000,65.0625,65.0003,13941.37,0.802866,92.810945
863.900,92.9816,300.0000,65.0625,65.0001,13941.76,0.802933,92.810945
864.000,92.9855,300.0000,65.0625,64.9999,13942.17,0.803003,92.814826
864.100,92.9855,300.0000,65.0000,64.9998,13942.54,0.803068,92.814826
864.200,92.9855,300.0000,65.0000,64.9996,13942.90,0.803129,92.814826
864.300,92.9855,300.0000,65.0000,64.9994,13943.23,0.803186,92.814826
864.400,92.9855,300.0000,65.0625,64.9992,13943.53,0.803239,92.814826
864.500,92.9855,300.0000,64.9375,64.9990,13943.82,0.803288,92.814826
864.600,92.9855,300.0000,65.0625,64.9988,13944.08,0.803334,92.814826
864.700,92.9855,300.0000,65.0000,64.9987,13944.33,0.803377,92.814826
864.800,92.9855,300.0000,64.9375,64.9985,13944.57,0.803417,92.814826
864.900,92.9855,300.0000,64.9375,64.9983,13944.78,0.803455,92.814826
865.000,92.6403,300.0000,65.0000,64.9981,13941.53,0.802893,92.810945
865.100,92.6403,300.0000,65.0000,64.9980,13938.50,0.802370,92.810945
865.200,92.6403,300.0000,64.9375,64.9978,13935.67,0.801881,92.810945
865.300,92.6403,300.0000,65.0625,64.9977,13933.03,0.801425,92.810945
865.400,92.6403,300.0000,65.0000,64.9977,13930.56,0.801000,92.810945
865.500,92.6403,300.0000,64.9375,64.9976,13928.26,0.800603,92.810945
865.600,92.6403,300.0000,64.9375,64.9976,13926.11,0.800232,92.810945
865.700,92.6403,300.0000,65.0000,64.9976,13924.11,0.799887,92.810945
865.800,92.6403,300.0000,65.0000,64.9976,13922.24,0.799564,92.810945
865.900,92.6403,300.0000,65.0000,64.9976,13920.49,0.799264,92.810945
866.000,92.8109,300.0000,65.0000,64.9976,13920.57,0.799277,92.810945
866.100,92.8109,300.0000,64.8750,64.9976,13920.64,0.799289,92.810945
866.200,92.8109,300.0000,64.9375,64.9976,13920.71,0.799301,92.810945
866.300,92.8109,300.0000,65.0625,64.9976,13920.77,0.799311,92.810945
866.400,92.8109,300.0000,64.9375,64.9976,13920.83,0.799321,92.810945
866.500,92.8109,300.0000,65.0625,64.9976,13920.88,0.799331,92.810945
866.600,92.8109,300.0000,64.9375,64.9976,13920.93,0.799339,92.810945
866.700,92.8109,300.0000,65.0000,64.9976,13920.98,0.799348,92.810945
866.800,92.8109,300.0000,65.0000,64.9976,13921.02,0.799355,92.810945
866.900,92.8109,300.0000,65.0000,64.9976,13921.07,0.799362,92.810945
867.000,92.8109,300.0000,65.0625,64.9976,13921.10,0.799369,92.810945
867.100,92.8109,300.0000,65.0000,64.9976,13921.14,0.799375,92.810945
867.200,92.8109,300.0000,65.0625,64.9976,13921.17,0.799381,92.810945
867.300,92.8109,300.0000,64.9375,64.9977,13921.20,0.799386,92.810945
867.400,92.8109,300.0000,65.0625,64.9977,13921.23,0.799391,92.810945
867.500,92.8109,300.0000,65.0000,64.9977,13921.26,0.799396,92.810945
867.600,92.8109,300.0000,65.0000,64.9977,13921.29,0.799400,92.810945
867.700,92.8109,300.0000,65.0000,64.9977,13921.31,0.799404,92.810945
867.800,92.8109,300.0000,65.0625,64.9977,13921.33,0.799408,92.810945
867.900,92.8109,300.0000,65.0000,64.9977,13921.35,0.799412,92.810945
868.000,92.8109,300.0000,64.9375,64.9977,13921.37,0.799415,92.810945
868.100,92.8109,300.0000,65.0000,64.9977,13921.39,0.799418,92.810945
868.200,92.8109,300.0000,65.0625,64.9977,13921.41,0.799421,92.810945
868.300,92.8109,300.0000,65.0625,64.9977,13921.42,0.799424,92.810945
868.400,92.8109,300.0000,65.0000,64.9977,13921.44,0.799426,92.810945
868.500,92.8109,300.0000,65.0000,64.9977,13921.45,0.799429,92.810945
868.600,92.8109,300.0000,65.0000,64.9977,13921.46,0.799431,92.810945
868.700,92.8109,300.0000,65.0000,64.9977,13921.48,0.799433,92.810945
868.800,92.8109,300.0000,65.1250,64.9977,13921.49,0.799435,92.810945
868.900,92.8109,300.0000,65.0000,64.9977,13921.50,0.799437,92.810945
869.000,92.8109,300.0000,65.0000,64.9977,13921.51,0.799438,92.810945
869.100,92.8109,300.0000,65.0000,64.9977,13921.52,0.799440,92.810945
869.200,92.8109,300.0000,64.9375,64.9977,13921.52,0.799441,92.810945
869.300,92.8109,300.0000,65.0625,64.9977,13921.53,0.799443,92.810945
869.400,92.8109,300.0000,65.0000,64.9977,13921.54,0.799444,92.810945
869.500,92.8109,300.0000,65.0625,64.9977,13921.55,0.799445,92.810945
869.600,92.8109,300.0000,65.0625,64.9977,13921.55,0.799446,92.810945
869.700,92.8109,300.0000,64.9375,64.9977,13921.56,0.799447,92.810945
869.800,92.8109,300.0000,65.0000,64.9977,13921.56,0.799448,92.810945
869.900,92.8109,300.0000,65.0000,64.9977,13921.57,0.799449,92.810945
870.000,92.8109,300.0000,65.0000,64.9977,13921.57,0.799450,92.810945
870.100,92.8109,300.0000,65.0000,64.9977,13921.58,0.799451,92.810945
870.200,92.8109,300.0000,65.1250,64.9977,13921.58,0.799451,92.810945
870.300,92.8109,300.0000,65.0000,64.9977,13921.59,0.799452,92.810945
870.400,92.8109,300.0000,64.9375,64.9977,13921.59,0.799453,92.810945
870.500,92.8109,300.0000,65.0000,64.9977,13921.59,0.799453,92.810945
870.600,92.8109,300.0000,65.0000,64.9977,13921.60,0.799454,92.810945
870.700,92.8109,300.0000,65.0000,64.9977,13921.60,0.799454,92.810945
870.800,92.8109,300.0000,65.0000,64.9977,13921.60,0.799455,92.810945
870.900,92.8109,300.0000,64.9375,64.9977,13921.61,0.799455,92.810945
871.000,92.6364,300.0000,65.0000,64.9977,13919.86,0.799155,92.807064
871.100,92.6364,300.0000,65.0000,64.9977,13918.24,0.798875,92.807064
871.200,92.6364,300.0000,64.9375,64.9978,13916.72,0.798614,92.807064
871.300,92.6364,300.0000,64.8750,64.9978,13915.30,0.798370,92.807064
871.400,92.6364,300.0000,65.0000,64.9979,13913.98,0.798142,92.807064
871.500,92.6364,300.0000,64.9375,64.9980,13912.74,0.797930,92.807064
871.600,92.6364,300.0000,65.0000,64.9981,13911.59,0.797731,92.807064
871.700,92.6364,300.0000,65.0000,64.9982,13910.52,0.797546,92.807064
871.800,92.6364,300.0000,64.9375,64.9983,13909.51,0.797374,92.807064
871.900,92.6364,300.0000,65.0625,64.9984,13908.58,0.797213,92.807064
872.000,92.9816,300.0000,64.9375,64.9984,13911.15,0.797656,92.810945
872.100,92.9816,300.0000,65.0625,64.9985,13913.56,0.798070,92.810945
872.200,92.9816,300.0000,65.0000,64.9986,13915.80,0.798456,92.810945
872.300,92.9816,300.0000,65.0000,64.9986,13917.90,0.798817,92.810945
872.400,92.9816,300.0000,65.0625,64.9986,13919.86,0.799154,92.810945
872.500,92.9816,300.0000,65.0000,64.9986,13921.68,0.799468,92.810945
872.600,92.9816,300.0000,65.0625,64.9986,13923.39,0.799762,92.810945
872.700,92.9816,300.0000,64.9375,64.9986,13924.98,0.800036,92.810945
872.800,92.9816,300.0000,65.0625,64.9985,13926.46,0.800292,92.810945
872.900,92.9816,300.0000,64.9375,64.9985,13927.85,0.800531,92.810945
873.000,92.6364,300.0000,65.0000,64.9984,13925.69,0.800159,92.807064
873.100,92.6364,300.0000,65.0000,64.9984,13923.67,0.799811,92.807064
873.200,92.6364,300.0000,64.9375,64.9984,13921.79,0.799487,92.807064
873.300,92.6364,300.0000,65.0000,64.9984,13920.04,0.799185,92.807064
873.400,92.6364,300.0000,65.0000,64.9984,13918.40,0.798903,92.807064
873.500,92.6364,300.0000,65.0000,64.9985,13916.87,0.798639,92.807064
873.600,92.6364,300.0000,64.9375,64.9985,13915.44,0.798394,92.807064
873.700,92.6364,300.0000,65.0000,64.9986,13914.11,0.798165,92.807064
873.800,92.6364,300.0000,64.9375,64.9987,13912.87,0.797951,92.807064
873.900,92.6364,300.0000,65.1250,64.9987,13911.71,0.797751,92.807064
874.000,93.1561,300.0000,64.9375,64.9988,13915.82,0.798459,92.814826
874.100,93.1561,300.0000,65.0000,64.9988,13919.66,0.799120,92.814826
874.200,93.1561,300.0000,65.0625,64.9988,13923.24,0.799738,92.814826
874.300,93.1561,300.0000,64.9375,64.9987,13926.59,0.800314,92.814826
874.400,93.1561,300.0000,65.0000,64.9987,13929.71,0.800852,92.814826
874.500,93.1561,300.0000,65.0000,64.9986,13932.62,0.801355,92.814826
874.600,93.1561,300.0000,64.9375,64.9985,13935.34,0.801825,92.814826
874.700,93.1561,300.0000,64.9375,64.9983,13937.88,0.802263,92.814826
874.800,93.1561,300.0000,65.0000,64.9982,13940.25,0.802672,92.814826
874.900,93.1561,300.0000,64.8750,64.9980,13942.46,0.803054,92.814826
875.000,92.4658,300.0000,65.0625,64.9979,13937.62,0.802218,92.807064
875.100,92.4658,300.0000,65.0625,64.9978,13933.11,0.801438,92.807064
875.200,92.4658,300.0000,65.0625,64.9977,13928.89,0.800711,92.807064
875.300,92.4658,300.0000,65.0625,64.9977,13924.95,0.800032,92.807064
875.400,92.4658,300.0000,65.0000,64.9977,13921.28,0.799400,92.807064
875.500,92.4658,300.0000,64.9375,64.9977,13917.85,0.798809,92.807064
875.600,92.4658,300.0000,65.0000,64.9978,13914.65,0.798258,92.807064
875.700,92.4658,300.0000,65.0000,64.9979,13911.67,0.797745,92.807064
875.800,92.4658,300.0000,65.0000,64.9980,13908.88,0.797265,92.807064
875.900,92.4658,300.0000,65.0625,64.9981,13906.28,0.796818,92.807064
876.000,92.9816,300.0000,65.0000,64.9982,13909.01,0.797288,92.810945
876.100,92.9816,300.0000,65.0000,64.9983,13911.56,0.797726,92.810945
876.200,92.9816,300.0000,65.0000,64.9983,13913.94,0.798135,92.810945
876.300,92.9816,300.0000,64.9375,64.9984,13916.16,0.798517,92.810945
876.400,92.9816,300.0000,64.9375,64.9984,13918.23,0.798874,92.810945
876.500,92.9816,300.0000,65.0000,64.9984,13920.16,0.799207,92.810945
876.600,92.9816,300.0000,65.0000,64.9984,13921.97,0.799518,92.810945
876.700,92.9816,300.0000,65.0000,64.9984,13923.65,0.799808,92.810945
876.800,92.9816,300.0000,64.9375,64.9984,13925.23,0.800079,92.810945
876.900,92.9816,300.0000,64.8750,64.9983,13926.69,0.800332,92.810945
877.000,92.4619,300.0000,65.1250,64.9983,13922.87,0.799673,92.803183
877.100,92.4619,300.0000,65.0000,64.9983,13919.29,0.799057,92.803183
877.200,92.4619,300.0000,65.0000,64.9984,13915.96,0.798483,92.803183
877.300,92.4619,300.0000,64.9375,64.9984,13912.85,0.797948,92.803183
877.400,92.4619,300.0000,65.0625,64.9985,13909.94,0.797448,92.803183
877.500,92.4619,300.0000,65.0000,64.9987,13907.23,0.796982,92.803183
877.600,92.4619,300.0000,65.0000,64.9988,13904.70,0.796547,92.803183
877.700,92.4619,300.0000,65.0625,64.9990,13902.34,0.796141,92.803183
877.800,92.4619,300.0000,65.0625,64.9991,13900.14,0.795763,92.803183
877.900,92.4619,300.0000,64.9375,64.9993,13898.08,0.795409,92.803183
878.000,92.6287,300.0000,65.0625,64.9995,13897.83,0.795366,92.799303
878.100,92.6287,300.0000,64.9375,64.9997,13897.59,0.795326,92.799303
878.200,92.6287,300.0000,65.0000,64.9999,13897.37,0.795288,92.799303
878.300,92.6287,300.0000,65.0000,65.0001,13897.17,0.795253,92.799303
878.400,92.6287,300.0000,64.9375,65.0003,13896.98,0.795220,92.799303
878.500,92.6287,300.0000,65.0000,65.0005,13896.80,0.795189,92.799303
878.600,92.6287,300.0000,64.9375,65.0007,13896.63,0.795161,92.799303
878.700,92.6287,300.0000,64.9375,65.0009,13896.48,0.795134,92.799303
878.800,92.6287,300.0000,65.1250,65.0011,13896.33,0.795109,92.799303
878.900,92.6287,300.0000,65.0625,65.0013,13896.20,0.795086,92.799303
879.000,92.9738,300.0000,64.9375,65.0015,13899.52,0.795657,92.803183
879.100,92.9738,300.0000,64.9375,65.0016,13902.62,0.796190,92.803183
879.200,92.9738,300.0000,64.9375,65.0018,13905.52,0.796688,92.803183
879.300,92.9738,300.0000,65.0000,65.0019,13908.22,0.797152,92.803183
879.400,92.9738,300.0000,64.9375,65.0020,13910.75,0.797586,92.803183
879.500,92.9738,300.0000,65.0625,65.0020,13913.10,0.797991,92.803183
879.600,92.9738,300.0000,65.0625,65.0021,13915.30,0.798370,92.803183
879.700,92.9738,300.0000,65.0000,65.0021,13917.35,0.798723,92.803183
879.800,92.9738,300.0000,65.0625,65.0021,13919.27,0.799053,92.803183
879.900,92.9738,300.0000,64.9375,65.0021,13921.05,0.799360,92.803183
880.000,92.6287,300.0000,65.0000,65.0021,13919.27,0.799053,92.799303
880.100,92.6287,300.0000,64.9375,65.0021,13917.61,0.798767,92.799303
880.200,92.6287,300.0000,65.0000,65.0022,13916.05,0.798499,92.799303
880.300,92.6287,300.0000,65.0000,65.0022,13914.60,0.798249,92.799303
880.400,92.6287,300.0000,65.0000,65.0023,13913.25,0.798016,92.799303
880.500,92.6287,300.0000,65.0625,65.0023,13911.99,0.797799,92.799303
880.600,92.6287,300.0000,65.0625,65.0024,13910.81,0.797596,92.799303
880.700,92.6287,300.0000,64.9375,65.0025,13909.71,0.797407,92.799303
880.800,92.6287,300.0000,65.0625,65.0026,13908.68,0.797230,92.799303
880.900,92.6287,300.0000,64.9375,65.0027,13907.72,0.797065,92.799303
881.000,92.6248,300.0000,65.0000,65.0028,13906.79,0.796905,92.795422
881.100,92.6248,300.0000,65.0000,65.0029,13905.91,0.796755,92.795422
881.200,92.6248,300.0000,65.0625,65.0031,13905.10,0.796615,92.795422
881.300,92.6248,300.0000,64.9375,65.0032,13904.34,0.796485,92.795422
881.400,92.6248,300.0000,65.0000,65.0033,13903.63,0.796363,92.795422
881.500,92.6248,300.0000,64.9375,65.0035,13902.97,0.796250,92.795422
881.600,92.6248,300.0000,65.0000,65.0036,13902.36,0.796144,92.795422
881.700,92.6248,300.0000,65.0000,65.0038,13901.78,0.796045,92.795422
881.800,92.6248,300.0000,64.9375,65.0039,13901.24,0.795952,92.795422
881.900,92.6248,300.0000,64.9375,65.0041,13900.74,0.795866,92.795422
882.000,92.6209,300.0000,65.0625,65.0043,13900.23,0.795779,92.791541
882.100,92.6209,300.0000,65.0625,65.0044,13899.76,0.795698,92.791541
882.200,92.6209,300.0000,65.0000,65.0046,13899.32,0.795622,92.791541
882.300,92.6209,300.0000,65.0625,65.0048,13898.91,0.795551,92.791541
882.400,92.6209,300.0000,65.0000,65.0049,13898.52,0.795485,92.791541
882.500,92.6209,300.0000,65.0000,65.0051,13898.16,0.795423,92.791541
882.600,92.6209,300.0000,65.0000,65.0053,13897.83,0.795366,92.791541
882.700,92.6209,300.0000,65.0000,65.0055,13897.51,0.795312,92.791541
882.800,92.6209,300.0000,64.9375,65.0057,13897.22,0.795262,92.791541
882.900,92.6209,300.0000,65.0000,65.0059,13896.95,0.795215,92.791541
883.000,92.7915,300.0000,65.0000,65.0060,13898.40,0.795464,92.791541
883.100,92.7915,300.0000,65.0625,65.0062,13899.76,0.795697,92.791541
883.200,92.7915,300.0000,65.0625,65.0064,13901.02,0.795914,92.791541
883.300,92.7915,300.0000,65.0000,65.0065,13902.20,0.796117,92.791541
883.400,92.7915,300.0000,65.0000,65.0066,13903.30,0.796307,92.791541
883.500,92.7915,300.0000,65.0625,65.0068,13904.33,0.796483,92.791541
883.600,92.7915,300.0000,65.0000,65.0069,13905.29,0.796648,92.791541
883.700,92.7915,300.0000,65.0625,65.0070,13906.19,0.796802,92.791541
883.800,92.7915,300.0000,65.0000,65.0071,13907.02,0.796946,92.791541
883.900,92.7915,300.0000,65.0625,65.0072,13907.81,0.797080,92.791541
884.000,92.9661,300.0000,65.0625,65.0072,13910.28,0.797506,92.795422
884.100,92.9661,300.0000,64.9375,65.0073,13912.59,0.797903,92.795422
884.200,92.9661,300.0000,64.9375,65.0073,13914.74,0.798274,92.795422
884.300,92.9661,300.0000,64.8750,65.0074,13916.75,0.798620,92.795422
884.400,92.9661,300.0000,65.0625,65.0074,13918.63,0.798943,92.795422
884.500,92.9661,300.0000,65.0000,65.0073,13920.38,0.799245,92.795422
884.600,92.9661,300.0000,64.9375,65.0073,13922.02,0.799526,92.795422
884.700,92.9661,300.0000,64.9375,65.0073,13923.54,0.799789,92.795422
884.800,92.9661,300.0000,65.1250,65.0072,13924.97,0.800035,92.795422
884.900,92.9661,300.0000,65.0000,65.0072,13926.30,0.800264,92.795422
885.000,92.7954,300.0000,65.0000,65.0071,13925.83,0.800184,92.795422
885.100,92.7954,300.0000,65.0625,65.0071,13925.40,0.800109,92.795422
885.200,92.7954,300.0000,64.9375,65.0070,13924.99,0.800039,92.795422
885.300,92.7954,300.0000,65.0000,65.0070,13924.61,0.799974,92.795422
885.400,92.7954,300.0000,65.0000,65.0069,13924.26,0.799913,92.795422
885.500,92.7954,300.0000,64.9375,65.0069,13923.93,0.799856,92.795422
885.600,92.7954,300.0000,65.0000,65.0069,13923.62,0.799803,92.795422
885.700,92.7954,300.0000,64.9375,65.0068,13923.34,0.799753,92.795422
885.800,92.7954,300.0000,64.9375,65.0068,13923.07,0.799707,92.795422
885.900,92.7954,300.0000,65.0625,65.0068,13922.82,0.799664,92.795422
886.000,92.9700,300.0000,65.0625,65.0067,13924.33,0.799925,92.799303
886.100,92.9700,300.0000,65.0625,65.0067,13925.74,0.800168,92.799303
886.200,92.9700,300.0000,65.0625,65.0066,13927.06,0.800395,92.799303
886.300,92.9700,300.0000,64.9375,65.0065,13928.29,0.800607,92.799303
886.400,92.9700,300.0000,65.0000,65.0064,13929.43,0.800805,92.799303
886.500,92.9700,300.0000,65.0625,65.0063,13930.50,0.800989,92.799303
886.600,92.9700,300.0000,64.9375,65.0062,13931.50,0.801162,92.799303
886.700,92.9700,300.0000,65.0000,65.0061,13932.44,0.801322,92.799303
886.800,92.9700,300.0000,65.0000,65.0060,13933.31,0.801473,92.799303
886.900,92.9700,300.0000,65.0000,65.0059,13934.12,0.801613,92.799303
887.000,92.7993,300.0000,65.0625,65.0058,13933.17,0.801449,92.799303
887.100,92.7993,300.0000,65.0625,65.0057,13932.29,0.801297,92.799303
887.200,92.7993,300.0000,65.0625,65.0056,13931.46,0.801154,92.799303
887.300,92.7993,300.0000,65.1250,65.0055,13930.69,0.801021,92.799303
887.400,92.7993,300.0000,65.0000,65.0054,13929.97,0.800897,92.799303
887.500,92.7993,300.0000,65.0000,65.0053,13929.30,0.800781,92.799303
887.600,92.7993,300.0000,65.0625,65.0052,13928.67,0.800673,92.799303
887.700,92.7993,300.0000,65.0000,65.0052,13928.09,0.800572,92.799303
887.800,92.7993,300.0000,65.1250,65.0051,13927.54,0.800478,92.799303
887.900,92.7993,300.0000,65.0000,65.0050,13927.03,0.800390,92.799303
888.000,92.7993,300.0000,65.0000,65.0050,13926.55,0.800308,92.799303
888.100,92.7993,300.0000,65.0000,65.0049,13926.11,0.800232,92.799303
888.200,92.7993,300.0000,64.9375,65.0049,13925.70,0.800160,92.799303
888.300,92.7993,300.0000,65.0625,65.0048,13925.31,0.800094,92.799303
888.400,92.7993,300.0000,65.0000,65.0048,13924.95,0.800031,92.799303
888.500,92.7993,300.0000,65.0625,65.0048,13924.61,0.799973,92.799303
888.600,92.7993,300.0000,65.0625,65.0047,13924.30,0.799919,92.799303
888.700,92.7993,300.0000,65.0000,65.0047,13924.00,0.799869,92.799303
888.800,92.7993,300.0000,64.9375,65.0047,13923.73,0.799821,92.799303
888.900,92.7993,300.0000,65.0000,65.0046,13923.47,0.799777,92.799303
889.000,92.7993,300.0000,65.0625,65.0046,13923.24,0.799736,92.799303
889.100,92.7993,300.0000,65.0625,65.0046,13923.01,0.799698,92.799303
889.200,92.7993,300.0000,65.0000,65.0045,13922.80,0.799662,92.799303
889.300,92.7993,300.0000,65.0000,65.0045,13922.61,0.799629,92.799303
889.400,92.7993,300.0000,65.1250,65.0045,13922.43,0.799597,92.799303
889.500,92.7993,300.0000,64.9375,65.0045,13922.26,0.799568,92.799303
889.600,92.7993,300.0000,65.0625,65.0045,13922.10,0.799541,92.799303
889.700,92.7993,300.0000,65.0625,65.0044,13921.96,0.799516,92.799303
889.800,92.7993,300.0000,65.0000,65.0044,13921.82,0.799492,92.799303
889.900,92.7993,300.0000,65.0000,65.0044,13921.69,0.799470,92.799303
890.000,92.7993,300.0000,65.0000,65.0044,13921.57,0.799449,92.799303
890.100,92.7993,300.0000,65.0625,65.0044,13921.46,0.799430,92.799303
890.200,92.7993,300.0000,64.9375,65.0044,13921.35,0.799412,92.799303
890.300,92.7993,300.0000,64.9375,65.0044,13921.26,0.799395,92.799303
890.400,92.7993,300.0000,65.0000,65.0043,13921.17,0.799380,92.799303
890.500,92.7993,300.0000,65.0000,65.0043,13921.08,0.799365,92.799303
890.600,92.7993,300.0000,65.0625,65.0043,13921.00,0.799352,92.799303
890.700,92.7993,300.0000,65.0000,65.0043,13920.93,0.799339,92.799303
890.800,92.7993,300.0000,64.9375,65.0043,13920.86,0.799327,92.799303
890.900,92.7993,300.0000,65.0625,65.0043,13920.80,0.799316,92.799303
891.000,92.9738,300.0000,65.0625,65.0043,13922.48,0.799606,92.803183
891.100,92.9738,300.0000,65.0000,65.0042,13924.05,0.799877,92.803183
891.200,92.9738,300.0000,65.0625,65.0042,13925.52,0.800130,92.803183
891.300,92.9738,300.0000,65.0625,65.0041,13926.89,0.800366,92.803183
891.400,92.9738,300.0000,65.0000,65.0041,13928.17,0.800587,92.803183
891.500,92.9738,300.0000,65.0625,65.0040,13929.36,0.800793,92.803183
891.600,92.9738,300.0000,64.9375,65.0039,13930.48,0.800985,92.803183
891.700,92.9738,300.0000,64.9375,65.0038,13931.52,0.801164,92.803183
891.800,92.9738,300.0000,64.9375,65.0037,13932.49,0.801332,92.803183
891.900,92.9738,300.0000,65.0000,65.0036,13933.39,0.801488,92.803183
892.000,92.8032,300.0000,65.0000,65.0035,13932.53,0.801339,92.803183
892.100,92.8032,300.0000,65.0625,65.0034,13931.73,0.801201,92.803183
892.200,92.8032,300.0000,65.0000,65.0033,13930.98,0.801071,92.803183
892.300,92.8032,300.0000,64.9375,65.0032,13930.28,0.800951,92.803183
892.400,92.8032,300.0000,65.0000,65.0031,13929.63,0.800838,92.803183
892.500,92.8032,300.0000,65.0625,65.0031,13929.02,0.800733,92.803183
892.600,92.8032,300.0000,64.9375,65.0030,13928.45,0.800634,92.803183
892.700,92.8032,300.0000,64.9375,65.0029,13927.92,0.800543,92.803183
892.800,92.8032,300.0000,64.8750,65.0029,13927.42,0.800457,92.803183
892.900,92.8032,300.0000,65.0625,65.0028,13926.96,0.800378,92.803183
893.000,92.9777,300.0000,65.0000,65.0028,13928.27,0.800604,92.807064
893.100,92.9777,300.0000,65.0000,65.0027,13929.50,0.800815,92.807064
893.200,92.9777,300.0000,65.0000,65.0026,13930.64,0.801013,92.807064
893.300,92.9777,300.0000,64.9375,65.0025,13931.71,0.801197,92.807064
893.400,92.9777,300.0000,65.0625,65.0024,13932.70,0.801369,92.807064
893.500,92.9777,300.0000,65.0000,65.0023,13933.63,0.801529,92.807064
893.600,92.9777,300.0000,65.0000,65.0022,13934.50,0.801679,92.807064
893.700,92.9777,300.0000,65.0000,65.0021,13935.31,0.801819,92.807064
893.800,92.9777,300.0000,65.0000,65.0019,13936.07,0.801950,92.807064
893.900,92.9777,300.0000,65.0000,65.0018,13936.78,0.802072,92.807064
894.000,92.8071,300.0000,65.0000,65.0017,13935.73,0.801891,92.807064
894.100,92.8071,300.0000,64.9375,65.0015,13934.75,0.801722,92.807064
894.200,92.8071,300.0000,65.0000,65.0014,13933.84,0.801564,92.807064
894.300,92.8071,300.0000,65.1250,65.0013,13932.99,0.801417,92.807064
894.400,92.8071,300.0000,65.0000,65.0012,13932.19,0.801280,92.807064
894.500,92.8071,300.0000,65.0000,65.0011,13931.45,0.801152,92.807064
894.600,92.8071,300.0000,65.0625,65.0011,13930.76,0.801033,92.807064
894.700,92.8071,300.0000,65.0000,65.0010,13930.11,0.800921,92.807064
894.800,92.8071,300.0000,64.9375,65.0009,13929.51,0.800817,92.807064
894.900,92.8071,300.0000,65.0625,65.0008,13928.94,0.800720,92.807064
895.000,92.9816,300.0000,65.0000,65.0008,13930.16,0.800930,92.810945
895.100,92.9816,300.0000,64.9375,65.0007,13931.30,0.801127,92.810945
895.200,92.9816,300.0000,65.0000,65.0006,13932.36,0.801310,92.810945
895.300,92.9816,300.0000,65.0000,65.0005,13933.36,0.801481,92.810945
895.400,92.9816,300.0000,65.0625,65.0004,13934.28,0.801641,92.810945
895.500,92.9816,300.0000,65.0625,65.0003,13935.14,0.801790,92.810945
895.600,92.9816,300.0000,64.8750,65.0001,13935.95,0.801929,92.810945
895.700,92.9816,300.0000,65.0625,65.0000,13936.70,0.802059,92.810945
895.800,92.9816,300.0000,64.9375,64.9999,13937.41,0.802180,92.810945
895.900,92.9816,300.0000,65.0625,64.9997,13938.06,0.802294,92.810945
896.000,92.9855,300.0000,65.0000,64.9996,13938.71,0.802406,92.814826
896.100,92.9855,300.0000,65.0625,64.9994,13939.32,0.802511,92.814826
896.200,92.9855,300.0000,65.1250,64.9993,13939.89,0.802609,92.814826
896.300,92.9855,300.0000,65.0000,64.9991,13940.42,0.802700,92.814826
896.400,92.9855,300.0000,65.0000,64.9989,13940.91,0.802785,92.814826
896.500,92.9855,300.0000,65.0000,64.9988,13941.37,0.802865,92.814826
896.600,92.9855,300.0000,65.0000,64.9986,13941.80,0.802939,92.814826
896.700,92.9855,300.0000,65.0000,64.9984,13942.20,0.803009,92.814826
896.800,92.9855,300.0000,64.9375,64.9983,13942.58,0.803073,92.814826
896.900,92.9855,300.0000,65.0625,64.9981,13942.93,0.803134,92.814826
897.000,92.9894,300.0000,64.9375,64.9979,13943.29,0.803197,92.818707
897.100,92.9894,300.0000,65.0625,64.9977,13943.63,0.803256,92.818707
897.200,92.9894,300.0000,65.0625,64.9975,13943.95,0.803311,92.818707
897.300,92.9894,300.0000,64.9375,64.9974,13944.25,0.803362,92.818707
897.400,92.9894,300.0000,64.9375,64.9972,13944.52,0.803410,92.818707
897.500,92.9894,300.0000,65.0625,64.9970,13944.78,0.803455,92.818707
897.600,92.9894,300.0000,64.9375,64.9968,13945.02,0.803497,92.818707
897.700,92.9894,300.0000,65.0000,64.9966,13945.25,0.803535,92.818707
897.800,92.9894,300.0000,65.0625,64.9964,13945.46,0.803572,92.818707
897.900,92.9894,300.0000,64.9375,64.9962,13945.66,0.803606,92.818707
898.000,92.6442,300.0000,65.0000,64.9960,13942.39,0.803041,92.814826
898.100,92.6442,300.0000,64.9375,64.9959,13939.34,0.802514,92.814826
898.200,92.6442,300.0000,65.1250,64.9958,13936.49,0.802022,92.814826
898.300,92.6442,300.0000,65.0000,64.9957,13933.83,0.801563,92.814826
898.400,92.6442,300.0000,65.0000,64.9956,13931.35,0.801135,92.814826
898.500,92.6442,300.0000,65.0625,64.9955,13929.04,0.800736,92.814826
898.600,92.6442,300.0000,65.0000,64.9955,13926.88,0.800364,92.814826
898.700,92.6442,300.0000,65.0625,64.9955,13924.86,0.800016,92.814826
898.800,92.6442,300.0000,65.0000,64.9955,13922.98,0.799692,92.814826
898.900,92.6442,300.0000,65.1250,64.9955,13921.22,0.799389,92.814826
899.000,93.1639,300.0000,65.0000,64.9955,13924.78,0.800002,92.822588
899.100,93.1639,300.0000,65.0000,64.9954,13928.10,0.800574,92.822588
899.200,93.1639,300.0000,65.0000,64.9953,13931.20,0.801109,92.822588
899.300,93.1639,300.0000,64.9375,64.9952,13934.09,0.801608,92.822588
899.400,93.1639,300.0000,65.1250,64.9951,13936.79,0.802074,92.822588
899.500,93.1639,300.0000,65.0625,64.9950,13939.31,0.802509,92.822588
899.600,93.1639,300.0000,64.9375,64.9948,13941.66,0.802915,92.822588
899.700,93.1639,300.0000,65.0625,64.9946,13943.86,0.803295,92.822588
899.800,93.1639,300.0000,65.0625,64.9944,13945.90,0.803649,92.822588
899.900,93.1639,300.0000,64.9375,64.9942,13947.82,0.803979,92.822588
900.000,92.6481,300.0000,65.0625,64.9940,13944.44,0.803396,92.818707
900.100,92.6481,300.0000,65.0000,64.9939,13941.29,0.802852,92.818707
900.200,92.6481,300.0000,65.0000,64.9938,13938.35,0.802344,92.818707
900.300,92.6481,300.0000,65.0000,64.9937,13935.61,0.801871,92.818707
900.400,92.6481,300.0000,65.0625,64.9936,13933.05,0.801429,92.818707
900.500,92.6481,300.0000,65.0000,64.9935,13930.66,0.801016,92.818707
900.600,92.6481,300.0000,65.0000,64.9935,13928.43,0.800632,92.818707
900.700,92.6481,300.0000,65.0625,64.9934,13926.35,0.800273,92.818707
900.800,92.6481,300.0000,65.0000,64.9934,13924.41,0.799938,92.818707
900.900,92.6481,300.0000,65.0625,64.9934,13922.59,0.799626,92.818707
901.000,92.9932,300.0000,64.9375,64.9934,13924.35,0.799929,92.822588
901.100,92.9932,300.0000,64.9375,64.9934,13926.00,0.800212,92.822588
901.200,92.9932,300.0000,65.0000,64.9933,13927.53,0.800476,92.822588
901.300,92.9932,300.0000,65.0000,64.9933,13928.96,0.800723,92.822588
901.400,92.9932,300.0000,65.0625,64.9932,13930.29,0.800953,92.822588
901.500,92.9932,300.0000,65.0000,64.9932,13931.54,0.801168,92.822588
901.600,92.9932,300.0000,65.0625,64.9931,13932.70,0.801369,92.822588
901.700,92.9932,300.0000,64.9375,64.9930,13933.79,0.801556,92.822588
901.800,92.9932,300.0000,64.9375,64.9929,13934.80,0.801731,92.822588
901.900,92.9932,300.0000,65.0000,64.9928,13935.75,0.801894,92.822588
902.000,92.8226,300.0000,64.8125,64.9927,13934.92,0.801752,92.822588
902.100,92.8226,300.0000,64.9375,64.9926,13934.15,0.801619,92.822588
902.200,92.8226,300.0000,65.0000,64.9925,13933.44,0.801495,92.822588
902.300,92.8226,300.0000,65.0625,64.9924,13932.77,0.801380,92.822588
902.400,92.8226,300.0000,64.9375,64.9923,13932.14,0.801272,92.822588
902.500,92.8226,300.0000,65.0000,64.9923,13931.56,0.801171,92.822588
902.600,92.8226,300.0000,64.9375,64.9922,13931.01,0.801077,92.822588
902.700,92.8226,300.0000,64.8750,64.9921,13930.50,0.800989,92.822588
902.800,92.8226,300.0000,65.0000,64.9921,13930.03,0.800908,92.822588
902.900,92.8226,300.0000,65.0625,64.9920,13929.59,0.800831,92.822588
903.000,92.9971,300.0000,64.9375,64.9920,13930.92,0.801061,92.826469
903.100,92.9971,300.0000,65.0000,64.9919,13932.16,0.801275,92.826469
903.200,92.9971,300.0000,64.9375,64.9918,13933.32,0.801476,92.826469
903.300,92.9971,300.0000,65.0000,64.9917,13934.41,0.801663,92.826469
903.400,92.9971,300.0000,65.0000,64.9916,13935.42,0.801837,92.826469
903.500,92.9971,300.0000,65.0000,64.9915,13936.36,0.802000,92.826469
903.600,92.9971,300.0000,64.9375,64.9914,13937.24,0.802152,92.826469
903.700,92.9971,300.0000,65.0000,64.9913,13938.06,0.802294,92.826469
903.800,92.9971,300.0000,65.0000,64.9911,13938.83,0.802426,92.826469
903.900,92.9971,300.0000,65.0625,64.9910,13939.55,0.802550,92.826469
904.000,93.0010,300.0000,65.0625,64.9909,13940.25,0.802672,92.830350
904.100,93.0010,300.0000,64.9375,64.9907,13940.91,0.802786,92.830350
904.200,93.0010,300.0000,64.8750,64.9906,13941.53,0.802892,92.830350
904.300,93.0010,300.0000,65.0000,64.9904,13942.10,0.802992,92.830350
904.400,93.0010,300.0000,65.0625,64.9903,13942.64,0.803084,92.830350
904.500,93.0010,300.0000,65.0625,64.9901,13943.14,0.803171,92.830350
904.600,93.0010,300.0000,65.0000,64.9899,13943.61,0.803252,92.830350
904.700,93.0010,300.0000,65.0000,64.9898,13944.04,0.803327,92.830350
904.800,93.0010,300.0000,65.0000,64.9896,13944.45,0.803397,92.830350
904.900,93.0010,300.0000,65.0000,64.9894,13944.83,0.803463,92.830350
905.000,92.8303,300.0000,65.1250,64.9893,13943.48,0.803229,92.830350
905.100,92.8303,300.0000,65.0625,64.9891,13942.22,0.803011,92.830350
905.200,92.8303,300.0000,65.0000,64.9890,13941.04,0.802808,92.830350
905.300,92.8303,300.0000,64.9375,64.9888,13939.94,0.802618,92.830350
905.400,92.8303,300.0000,65.0000,64.9887,13938.91,0.802441,92.830350
905.500,92.8303,300.0000,65.0000,64.9886,13937.96,0.802276,92.830350
905.600,92.8303,300.0000,65.0625,64.9885,13937.06,0.802121,92.830350
905.700,92.8303,300.0000,65.0000,64.9884,13936.23,0.801977,92.830350
905.800,92.8303,300.0000,64.9375,64.9883,13935.45,0.801843,92.830350
905.900,92.8303,300.0000,65.0000,64.9882,13934.72,0.801717,92.830350
906.000,92.8303,300.0000,65.0000,64.9881,13934.05,0.801600,92.830350
906.100,92.8303,300.0000,65.0000,64.9880,13933.41,0.801491,92.830350
906.200,92.8303,300.0000,65.1250,64.9880,13932.82,0.801389,92.830350
906.300,92.8303,300.0000,65.0000,64.9879,13932.27,0.801294,92.830350
906.400,92.8303,300.0000,65.0000,64.9878,13931.76,0.801205,92.830350
906.500,92.8303,300.0000,65.0000,64.9878,13931.28,0.801123,92.830350
906.600,92.8303,300.0000,65.0625,64.9877,13930.83,0.801045,92.830350
906.700,92.8303,300.0000,65.0000,64.9877,13930.41,0.800973,92.830350
906.800,92.8303,300.0000,65.0000,64.9876,13930.02,0.800906,92.830350
906.900,92.8303,300.0000,65.0000,64.9876,13929.65,0.800843,92.830350
907.000,92.8303,300.0000,65.0000,64.9876,13929.31,0.800784,92.830350
907.100,92.8303,300.0000,65.0000,64.9875,13929.00,0.800729,92.830350
907.200,92.8303,300.0000,65.0000,64.9875,13928.70,0.800678,92.830350
907.300,92.8303,300.0000,65.0625,64.9874,13928.42,0.800631,92.830350
907.400,92.8303,300.0000,65.0000,64.9874,13928.17,0.800586,92.830350
907.500,92.8303,300.0000,65.0625,64.9874,13927.93,0.800545,92.830350
907.600,92.8303,300.0000,65.0000,64.9874,13927.70,0.800506,92.830350
907.700,92.8303,300.0000,65.0000,64.9873,13927.49,0.800470,92.830350
907.800,92.8303,300.0000,65.0625,64.9873,13927.29,0.800436,92.830350
907.900,92.8303,300.0000,65.0000,64.9873,13927.11,0.800404,92.830350
908.000,92.8303,300.0000,64.9375,64.9873,13926.94,0.800375,92.830350
908.100,92.8303,300.0000,65.0625,64.9872,13926.78,0.800347,92.830350
908.200,92.8303,300.0000,65.0625,64.9872,13926.63,0.800322,92.830350
908.300,92.8303,300.0000,64.9375,64.9872,13926.49,0.800298,92.830350
908.400,92.8303,300.0000,65.0000,64.9872,13926.37,0.800276,92.830350
908.500,92.8303,300.0000,65.0625,64.9872,13926.24,0.800255,92.830350
908.600,92.8303,300.0000,64.9375,64.9872,13926.13,0.800235,92.830350
908.700,92.8303,300.0000,65.0000,64.9872,13926.03,0.800217,92.830350
908.800,92.8303,300.0000,65.0000,64.9871,13925.93,0.800200,92.830350
908.900,92.8303,300.0000,65.0000,64.9871,13925.84,0.800184,92.830350
909.000,92.8303,300.0000,65.0625,64.9871,13925.75,0.800170,92.830350
909.100,92.8303,300.0000,65.0000,64.9871,13925.67,0.800156,92.830350
909.200,92.8303,300.0000,65.0000,64.9871,13925.60,0.800143,92.830350
909.300,92.8303,300.0000,65.0625,64.9871,13925.53,0.800131,92.830350
909.400,92.8303,300.0000,64.9375,64.9871,13925.46,0.800120,92.830350
909.500,92.8303,300.0000,65.0625,64.9871,13925.40,0.800109,92.830350
909.600,92.8303,300.0000,65.0000,64.9871,13925.34,0.800100,92.830350
909.700,92.8303,300.0000,65.0000,64.9871,13925.29,0.800091,92.830350
909.800,92.8303,300.0000,65.0000,64.9871,13925.24,0.800082,92.830350
909.900,92.8303,300.0000,65.0625,64.9871,13925.20,0.800074,92.830350
910.000,93.0049,300.0000,65.0000,64.9870,13926.90,0.800368,92.834230
910.100,93.0049,300.0000,65.0000,64.9870,13928.49,0.800642,92.834230
910.200,93.0049,300.0000,65.0625,64.9870,13929.97,0.800897,92.834230
910.300,93.0049,300.0000,65.0625,64.9869,13931.35,0.801136,92.834230
910.400,93.0049,300.0000,65.0625,64.9868,13932.65,0.801359,92.834230
910.500,93.0049,300.0000,64.9375,64.9868,13933.85,0.801567,92.834230
910.600,93.0049,300.0000,64.9375,64.9867,13934.98,0.801761,92.834230
910.700,93.0049,300.0000,64.9375,64.9866,13936.03,0.801943,92.834230
910.800,93.0049,300.0000,65.0000,64.9865,13937.01,0.802112,92.834230
910.900,93.0049,300.0000,65.0000,64.9864,13937.92,0.802270,92.834230
911.000,92.8342,300.0000,64.9375,64.9863,13937.07,0.802123,92.834230
911.100,92.8342,300.0000,65.0000,64.9862,13936.27,0.801985,92.834230
911.200,92.8342,300.0000,65.0000,64.9861,13935.53,0.801857,92.834230
911.300,92.8342,300.0000,65.0000,64.9860,13934.84,0.801737,92.834230
911.400,92.8342,300.0000,65.0625,64.9859,13934.19,0.801626,92.834230
911.500,92.8342,300.0000,64.9375,64.9858,13933.59,0.801521,92.834230
911.600,92.8342,300.0000,65.0625,64.9858,13933.02,0.801424,92.834230
911.700,92.8342,300.0000,65.0000,64.9857,13932.50,0.801333,92.834230
911.800,92.8342,300.0000,65.0000,64.9856,13932.01,0.801249,92.834230
911.900,92.8342,300.0000,65.0000,64.9856,13931.55,0.801170,92.834230
912.000,92.8342,300.0000,65.0625,64.9855,13931.12,0.801096,92.834230
912.100,92.8342,300.0000,65.0000,64.9855,13930.72,0.801027,92.834230
912.200,92.8342,300.0000,64.9375,64.9854,13930.35,0.800963,92.834230
912.300,92.8342,300.0000,64.9375,64.9854,13930.00,0.800903,92.834230
912.400,92.8342,300.0000,65.0000,64.9854,13929.68,0.800847,92.834230
912.500,92.8342,300.0000,65.0000,64.9853,13929.37,0.800795,92.834230
912.600,92.8342,300.0000,65.0000,64.9853,13929.09,0.800746,92.834230
912.700,92.8342,300.0000,64.9375,64.9853,13928.83,0.800700,92.834230
912.800,92.8342,300.0000,65.0625,64.9852,13928.58,0.800658,92.834230
912.900,92.8342,300.0000,64.9375,64.9852,13928.35,0.800618,92.834230
913.000,92.6597,300.0000,64.9375,64.9852,13926.39,0.800280,92.830350
913.100,92.6597,300.0000,65.0625,64.9852,13924.56,0.799965,92.830350
913.200,92.6597,300.0000,65.0625,64.9852,13922.86,0.799671,92.830350
913.300,92.6597,300.0000,65.0000,64.9852,13921.26,0.799396,92.830350
913.400,92.6597,300.0000,65.1250,64.9853,13919.78,0.799140,92.830350
913.500,92.6597,300.0000,64.9375,64.9853,13918.39,0.798901,92.830350
913.600,92.6597,300.0000,65.0000,64.9854,13917.09,0.798678,92.830350
913.700,92.6597,300.0000,65.0000,64.9855,13915.88,0.798470,92.830350
913.800,92.6597,300.0000,65.0625,64.9856,13914.75,0.798276,92.830350
913.900,92.6597,300.0000,64.9375,64.9857,13913.70,0.798094,92.830350
914.000,92.6558,300.0000,65.0000,64.9858,13912.68,0.797918,92.826469
914.100,92.6558,300.0000,64.8750,64.9859,13911.73,0.797754,92.826469
914.200,92.6558,300.0000,64.8750,64.9860,13910.84,0.797601,92.826469
914.300,92.6558,300.0000,65.0000,64.9861,13910.00,0.797458,92.826469
914.400,92.6558,300.0000,65.0000,64.9862,13909.23,0.797325,92.826469
914.500,92.6558,300.0000,65.0625,64.9864,13908.51,0.797201,92.826469
914.600,92.6558,300.0000,65.0000,64.9865,13907.83,0.797084,92.826469
914.700,92.6558,300.0000,65.0000,64.9867,13907.20,0.796976,92.826469
914.800,92.6558,300.0000,65.0000,64.9868,13906.61,0.796875,92.826469
914.900,92.6558,300.0000,65.0000,64.9870,13906.06,0.796780,92.826469
915.000,92.8265,300.0000,65.0000,64.9871,13907.26,0.796986,92.826469
915.100,92.8265,300.0000,65.0000,64.9872,13908.37,0.797177,92.826469
915.200,92.8265,300.0000,64.9375,64.9874,13909.41,0.797356,92.826469
915.300,92.8265,300.0000,65.0000,64.9875,13910.38,0.797523,92.826469
915.400,92.8265,300.0000,64.8750,64.9876,13911.29,0.797679,92.826469
915.500,92.8265,300.0000,64.9375,64.9877,13912.13,0.797824,92.826469
915.600,92.8265,300.0000,64.9375,64.9878,13912.92,0.797960,92.826469
915.700,92.8265,300.0000,65.0000,64.9879,13913.66,0.798087,92.826469
915.800,92.8265,300.0000,64.9375,64.9880,13914.35,0.798205,92.826469
915.900,92.8265,300.0000,65.0000,64.9880,13914.99,0.798316,92.826469
916.000,92.8265,300.0000,65.0000,64.9881,13915.59,0.798419,92.826469
916.100,92.8265,300.0000,65.0000,64.9882,13916.14,0.798515,92.826469
916.200,92.8265,300.0000,64.9375,64.9882,13916.67,0.798605,92.826469
916.300,92.8265,300.0000,65.0000,64.9883,13917.15,0.798689,92.826469
916.400,92.8265,300.0000,65.0625,64.9883,13917.61,0.798767,92.826469
916.500,92.8265,300.0000,65.0000,64.9884,13918.03,0.798840,92.826469
916.600,92.8265,300.0000,64.9375,64.9884,13918.43,0.798908,92.826469
916.700,92.8265,300.0000,64.8750,64.9885,13918.80,0.798972,92.826469
916.800,92.8265,300.0000,64.9375,64.9885,13919.14,0.799031,92.826469
916.900,92.8265,300.0000,65.0000,64.9886,13919.46,0.799086,92.826469
917.000,92.8265,300.0000,65.0625,64.9886,13919.76,0.799138,92.826469
917.100,92.8265,300.0000,65.0625,64.9886,13920.05,0.799187,92.826469
917.200,92.8265,300.0000,64.9375,64.9887,13920.31,0.799232,92.826469
917.300,92.8265,300.0000,65.0000,64.9887,13920.55,0.799274,92.826469
917.400,92.8265,300.0000,64.9375,64.9887,13920.78,0.799313,92.826469
917.500,92.8265,300.0000,64.9375,64.9887,13920.99,0.799350,92.826469
917.600,92.8265,300.0000,65.0000,64.9888,13921.19,0.799384,92.826469
917.700,92.8265,300.0000,65.0625,64.9888,13921.38,0.799416,92.826469
917.800,92.8265,300.0000,64.9375,64.9888,13921.55,0.799445,92.826469
917.900,92.8265,300.0000,65.0000,64.9888,13921.71,0.799473,92.826469
918.000,92.8265,300.0000,64.9375,64.9889,13921.86,0.799499,92.826469
918.100,92.8265,300.0000,65.0000,64.9889,13922.00,0.799524,92.826469
918.200,92.8265,300.0000,64.9375,64.9889,13922.13,0.799546,92.826469
918.300,92.8265,300.0000,64.9375,64.9889,13922.26,0.799567,92.826469
918.400,92.8265,300.0000,65.0000,64.9889,13922.37,0.799587,92.826469
918.500,92.8265,300.0000,65.0000,64.9889,13922.48,0.799605,92.826469
918.600,92.8265,300.0000,65.0625,64.9889,13922.58,0.799622,92.826469
918.700,92.8265,300.0000,64.8750,64.9889,13922.67,0.799638,92.826469
918.800,92.8265,300.0000,65.0000,64.9890,13922.76,0.799653,92.826469
918.900,92.8265,300.0000,65.0625,64.9890,13922.84,0.799667,92.826469
919.000,93.0010,300.0000,64.9375,64.9890,13924.66,0.799981,92.830350
919.100,93.0010,300.0000,65.0000,64.9889,13926.36,0.800274,92.830350
919.200,93.0010,300.0000,64.9375,64.9889,13927.94,0.800548,92.830350
919.300,93.0010,300.0000,65.0000,64.9889,13929.42,0.800803,92.830350
919.400,93.0010,300.0000,65.0000,64.9888,13930.81,0.801041,92.830350
919.500,93.0010,300.0000,64.9375,64.9887,13932.09,0.801264,92.830350
919.600,93.0010,300.0000,65.0625,64.9887,13933.30,0.801471,92.830350
919.700,93.0010,300.0000,65.0625,64.9886,13934.42,0.801665,92.830350
919.800,93.0010,300.0000,65.0000,64.9885,13935.47,0.801846,92.830350
919.900,93.0010,300.0000,65.0000,64.9884,13936.45,0.802015,92.830350
920.000,92.8303,300.0000,65.0000,64.9883,13935.66,0.801878,92.830350
920.100,92.8303,300.0000,65.0625,64.9882,13934.92,0.801751,92.830350
920.200,92.8303,300.0000,64.9375,64.9881,13934.22,0.801631,92.830350
920.300,92.8303,300.0000,65.0000,64.9880,13933.58,0.801520,92.830350
920.400,92.8303,300.0000,65.0000,64.9880,13932.98,0.801416,92.830350
920.500,92.8303,300.0000,65.0625,64.9879,13932.42,0.801319,92.830350
920.600,92.8303,300.0000,65.0625,64.9878,13931.89,0.801229,92.830350
920.700,92.8303,300.0000,64.9375,64.9878,13931.40,0.801144,92.830350
920.800,92.8303,300.0000,64.9375,64.9877,13930.95,0.801066,92.830350
920.900,92.8303,300.0000,65.0000,64.9877,13930.52,0.800992,92.830350
921.000,92.8303,300.0000,65.0000,64.9876,13930.12,0.800923,92.830350
921.100,92.8303,300.0000,65.0625,64.9876,13929.75,0.800859,92.830350
921.200,92.8303,300.0000,64.9375,64.9875,13929.40,0.800800,92.830350
921.300,92.8303,300.0000,65.0625,64.9875,13929.08,0.800744,92.830350
921.400,92.8303,300.0000,65.0000,64.9875,13928.78,0.800692,92.830350
921.500,92.8303,300.0000,64.9375,64.9874,13928.50,0.800643,92.830350
921.600,92.8303,300.0000,64.9375,64.9874,13928.23,0.800598,92.830350
921.700,92.8303,300.0000,64.9375,64.9874,13927.99,0.800555,92.830350
921.800,92.8303,300.0000,65.0625,64.9873,13927.76,0.800516,92.830350
921.900,92.8303,300.0000,65.0000,64.9873,13927.55,0.800479,92.830350
922.000,92.8303,300.0000,65.0000,64.9873,13927.35,0.800445,92.830350
922.100,92.8303,300.0000,64.9375,64.9873,13927.16,0.800413,92.830350
922.200,92.8303,300.0000,65.0000,64.9872,13926.99,0.800383,92.830350
922.300,92.8303,300.0000,65.0000,64.9872,13926.82,0.800355,92.830350
922.400,92.8303,300.0000,64.9375,64.9872,13926.67,0.800329,92.830350
922.500,92.8303,300.0000,65.0000,64.9872,13926.53,0.800304,92.830350
922.600,92.8303,300.0000,65.0625,64.9872,13926.40,0.800281,92.830350
922.700,92.8303,300.0000,64.9375,64.9872,13926.28,0.800260,92.830350
922.800,92.8303,300.0000,65.0000,64.9871,13926.16,0.800240,92.830350
922.900,92.8303,300.0000,65.0000,64.9871,13926.05,0.800222,92.830350
923.000,92.8303,300.0000,65.0000,64.9871,13925.95,0.800205,92.830350
923.100,92.8303,300.0000,65.0000,64.9871,13925.86,0.800189,92.830350
923.200,92.8303,300.0000,64.9375,64.9871,13925.77,0.800174,92.830350
923.300,92.8303,300.0000,65.0625,64.9871,13925.69,0.800159,92.830350
923.400,92.8303,300.0000,64.9375,64.9871,13925.62,0.800146,92.830350
923.500,92.8303,300.0000,64.8750,64.9871,13925.54,0.800134,92.830350
923.600,92.8303,300.0000,65.0625,64.9871,13925.48,0.800123,92.830350
923.700,92.8303,300.0000,65.0000,64.9871,13925.42,0.800112,92.830350
923.800,92.8303,300.0000,64.9375,64.9870,13925.36,0.800102,92.830350
923.900,92.8303,300.0000,65.0000,64.9870,13925.31,0.800093,92.830350
924.000,92.8303,300.0000,65.0000,64.9870,13925.26,0.800084,92.830350
924.100,92.8303,300.0000,65.1250,64.9870,13925.21,0.800076,92.830350
924.200,92.8303,300.0000,65.0000,64.9870,13925.16,0.800069,92.830350
924.300,92.8303,300.0000,64.9375,64.9870,13925.12,0.800062,92.830350
924.400,92.8303,300.0000,65.0000,64.9870,13925.09,0.800055,92.830350
924.500,92.8303,300.0000,65.0000,64.9870,13925.05,0.800049,92.830350
924.600,92.8303,300.0000,65.1250,64.9870,13925.02,0.800043,92.830350
924.700,92.8303,300.0000,64.9375,64.9870,13924.99,0.800038,92.830350
924.800,92.8303,300.0000,65.0000,64.9870,13924.96,0.800033,92.830350
924.900,92.8303,300.0000,65.0000,64.9870,13924.93,0.800028,92.830350
925.000,92.8303,300.0000,65.0000,64.9870,13924.91,0.800024,92.830350
925.100,92.8303,300.0000,64.9375,64.9870,13924.88,0.800020,92.830350
925.200,92.8303,300.0000,64.9375,64.9870,13924.86,0.800016,92.830350
925.300,92.8303,300.0000,64.9375,64.9870,13924.84,0.800013,92.830350
925.400,92.8303,300.0000,65.0625,64.9870,13924.82,0.800009,92.830350
925.500,92.8303,300.0000,64.9375,64.9870,13924.80,0.800006,92.830350
925.600,92.8303,300.0000,64.9375,64.9870,13924.79,0.800003,92.830350
925.700,92.8303,300.0000,64.8750,64.9870,13924.77,0.800001,92.830350
925.800,92.8303,300.0000,64.9375,64.9870,13924.76,0.799998,92.830350
925.900,92.8303,300.0000,65.0625,64.9870,13924.74,0.799996,92.830350
926.000,93.0049,300.0000,65.0625,64.9869,13926.47,0.800294,92.834230
926.100,93.0049,300.0000,65.0000,64.9869,13928.09,0.800573,92.834230
926.200,93.0049,300.0000,65.0625,64.9869,13929.60,0.800834,92.834230
926.300,93.0049,300.0000,65.0000,64.9868,13931.01,0.801077,92.834230
926.400,93.0049,300.0000,65.0000,64.9868,13932.32,0.801303,92.834230
926.500,93.0049,300.0000,65.0000,64.9867,13933.55,0.801515,92.834230
926.600,93.0049,300.0000,65.0000,64.9866,13934.70,0.801713,92.834230
926.700,93.0049,300.0000,65.0625,64.9865,13935.77,0.801897,92.834230
926.800,93.0049,300.0000,65.0000,64.9864,13936.76,0.802070,92.834230
926.900,93.0049,300.0000,65.0000,64.9863,13937.70,0.802230,92.834230
927.000,92.8342,300.0000,65.0625,64.9862,13936.86,0.802086,92.834230
927.100,92.8342,300.0000,64.9375,64.9861,13936.08,0.801951,92.834230
927.200,92.8342,300.0000,65.0000,64.9860,13935.35,0.801825,92.834230
927.300,92.8342,300.0000,65.1250,64.9859,13934.67,0.801707,92.834230
927.400,92.8342,300.0000,65.0000,64.9859,13934.03,0.801598,92.834230
927.500,92.8342,300.0000,64.9375,64.9858,13933.44,0.801495,92.834230
927.600,92.8342,300.0000,65.0000,64.9857,13932.88,0.801400,92.834230
927.700,92.8342,300.0000,65.0625,64.9857,13932.37,0.801311,92.834230
927.800,92.8342,300.0000,65.0000,64.9856,13931.89,0.801228,92.834230
927.900,92.8342,300.0000,64.9375,64.9855,13931.44,0.801150,92.834230
928.000,92.6597,300.0000,64.9375,64.9855,13929.27,0.800776,92.830350
928.100,92.6597,300.0000,65.0000,64.9855,13927.25,0.800428,92.830350
928.200,92.6597,300.0000,64.9375,64.9855,13925.36,0.800103,92.830350
928.300,92.6597,300.0000,65.0625,64.9855,13923.60,0.799799,92.830350
928.400,92.6597,300.0000,64.9375,64.9855,13921.96,0.799516,92.830350
928.500,92.6597,300.0000,65.0000,64.9856,13920.43,0.799252,92.830350
928.600,92.6597,300.0000,65.0625,64.9856,13918.99,0.799005,92.830350
928.700,92.6597,300.0000,65.0625,64.9857,13917.66,0.798775,92.830350
928.800,92.6597,300.0000,65.0000,64.9857,13916.41,0.798561,92.830350
928.900,92.6597,300.0000,65.0000,64.9858,13915.25,0.798360,92.830350
929.000,92.8303,300.0000,65.0000,64.9859,13915.87,0.798467,92.830350
929.100,92.8303,300.0000,65.0000,64.9860,13916.45,0.798567,92.830350
929.200,92.8303,300.0000,65.0000,64.9860,13916.99,0.798660,92.830350
929.300,92.8303,300.0000,64.9375,64.9861,13917.49,0.798747,92.830350
929.400,92.8303,300.0000,64.8750,64.9861,13917.96,0.798828,92.830350
929.500,92.8303,300.0000,65.0000,64.9862,13918.40,0.798903,92.830350
929.600,92.8303,300.0000,64.9375,64.9862,13918.81,0.798974,92.830350
929.700,92.8303,300.0000,65.0000,64.9863,13919.19,0.799040,92.830350
929.800,92.8303,300.0000,64.9375,64.9863,13919.55,0.799102,92.830350
929.900,92.8303,300.0000,64.9375,64.9864,13919.88,0.799159,92.830350
930.000,92.6558,300.0000,65.0625,64.9864,13918.45,0.798912,92.826469
930.100,92.6558,300.0000,65.0000,64.9865,13917.11,0.798681,92.826469
930.200,92.6558,300.0000,65.0000,64.9866,13915.86,0.798466,92.826469
930.300,92.6558,300.0000,65.0000,64.9866,13914.70,0.798266,92.826469
930.400,92.6558,300.0000,65.0000,64.9867,13913.61,0.798078,92.826469
930.500,92.6558,300.0000,65.0625,64.9868,13912.59,0.797904,92.826469
930.600,92.6558,300.0000,64.8125,64.9869,13911.64,0.797741,92.826469
930.700,92.6558,300.0000,64.9375,64.9871,13910.76,0.797588,92.826469
930.800,92.6558,300.0000,64.8750,64.9872,13909.93,0.797446,92.826469
930.900,92.6558,300.0000,65.0000,64.9873,13909.16,0.797314,92.826469
931.000,92.8265,300.0000,65.0000,64.9874,13910.15,0.797484,92.826469
931.100,92.8265,300.0000,65.0625,64.9875,13911.07,0.797642,92.826469
931.200,92.8265,300.0000,64.9375,64.9876,13911.93,0.797790,92.826469
931.300,92.8265,300.0000,65.0000,64.9877,13912.73,0.797928,92.826469
931.400,92.8265,300.0000,65.0625,64.9878,13913.48,0.798057,92.826469
931.500,92.8265,300.0000,65.0000,64.9879,13914.18,0.798177,92.826469
931.600,92.8265,300.0000,64.8750,64.9880,13914.84,0.798290,92.826469
931.700,92.8265,300.0000,65.0625,64.9881,13915.44,0.798394,92.826469
931.800,92.8265,300.0000,65.0000,64.9881,13916.01,0.798492,92.826469
931.900,92.8265,300.0000,64.8750,64.9882,13916.54,0.798583,92.826469
932.000,92.4774,300.0000,65.0625,64.9883,13913.55,0.798068,92.818707
932.100,92.4774,300.0000,65.0000,64.9884,13910.75,0.797587,92.818707
932.200,92.4774,300.0000,65.0000,64.9885,13908.14,0.797138,92.818707
932.300,92.4774,300.0000,65.0625,64.9887,13905.71,0.796720,92.818707
932.400,92.4774,300.0000,65.0625,64.9888,13903.43,0.796329,92.818707
932.500,92.4774,300.0000,65.0625,64.9890,13901.31,0.795964,92.818707
932.600,92.4774,300.0000,65.1250,64.9892,13899.33,0.795624,92.818707
932.700,92.4774,300.0000,64.9375,64.9895,13897.48,0.795307,92.818707
932.800,92.4774,300.0000,64.9375,64.9897,13895.76,0.795011,92.818707
932.900,92.4774,300.0000,64.9375,64.9899,13894.15,0.794735,92.818707
933.000,92.6442,300.0000,65.0625,64.9902,13894.31,0.794763,92.814826
933.100,92.6442,300.0000,65.0625,64.9904,13894.47,0.794789,92.814826
933.200,92.6442,300.0000,65.0625,64.9907,13894.61,0.794814,92.814826
933.300,92.6442,300.0000,65.0000,64.9909,13894.75,0.794837,92.814826
933.400,92.6442,300.0000,65.0000,64.9911,13894.87,0.794859,92.814826
933.500,92.6442,300.0000,65.0000,64.9914,13894.99,0.794879,92.814826
933.600,92.6442,300.0000,65.0000,64.9916,13895.10,0.794897,92.814826
933.700,92.6442,300.0000,64.9375,64.9918,13895.20,0.794915,92.814826
933.800,92.6442,300.0000,65.0625,64.9921,13895.30,0.794931,92.814826
933.900,92.6442,300.0000,64.9375,64.9923,13895.38,0.794946,92.814826
934.000,92.6403,300.0000,65.0000,64.9925,13895.43,0.794954,92.810945
934.100,92.6403,300.0000,65.0000,64.9928,13895.47,0.794961,92.810945
934.200,92.6403,300.0000,65.0000,64.9930,13895.51,0.794968,92.810945
934.300,92.6403,300.0000,64.9375,64.9932,13895.54,0.794974,92.810945
934.400,92.6403,300.0000,65.0000,64.9935,13895.58,0.794980,92.810945
934.500,92.6403,300.0000,65.0000,64.9937,13895.61,0.794985,92.810945
934.600,92.6403,300.0000,65.0000,64.9939,13895.64,0.794990,92.810945
934.700,92.6403,300.0000,65.0625,64.9941,13895.66,0.794995,92.810945
934.800,92.6403,300.0000,65.0000,64.9943,13895.69,0.794999,92.810945
934.900,92.6403,300.0000,65.0000,64.9946,13895.71,0.795003,92.810945
935.000,92.8109,300.0000,65.0000,64.9948,13897.44,0.795300,92.810945
935.100,92.8109,300.0000,65.0000,64.9950,13899.06,0.795577,92.810945
935.200,92.8109,300.0000,65.0625,64.9952,13900.56,0.795835,92.810945
935.300,92.8109,300.0000,64.9375,64.9953,13901.97,0.796077,92.810945
935.400,92.8109,300.0000,65.0000,64.9955,13903.28,0.796302,92.810945
935.500,92.8109,300.0000,65.0000,64.9956,13904.50,0.796512,92.810945
935.600,92.8109,300.0000,65.0625,64.9958,13905.64,0.796709,92.810945
935.700,92.8109,300.0000,65.0000,64.9959,13906.71,0.796892,92.810945
935.800,92.8109,300.0000,65.0625,64.9960,13907.71,0.797063,92.810945
935.900,92.8109,300.0000,65.0625,64.9961,13908.64,0.797223,92.810945
936.000,92.9855,300.0000,65.0000,64.9962,13911.25,0.797672,92.814826
936.100,92.9855,300.0000,65.0000,64.9963,13913.69,0.798092,92.814826
936.200,92.9855,300.0000,64.9375,64.9963,13915.96,0.798483,92.814826
936.300,92.9855,300.0000,65.0000,64.9964,13918.09,0.798849,92.814826
936.400,92.9855,300.0000,64.9375,64.9964,13920.07,0.799191,92.814826
936.500,92.9855,300.0000,65.0625,64.9964,13921.92,0.799509,92.814826
936.600,92.9855,300.0000,65.0000,64.9964,13923.65,0.799807,92.814826
936.700,92.9855,300.0000,65.0625,64.9963,13925.26,0.800085,92.814826
936.800,92.9855,300.0000,65.0000,64.9963,13926.76,0.800344,92.814826
936.900,92.9855,300.0000,65.0000,64.9963,13928.17,0.800586,92.814826
937.000,92.8148,300.0000,65.0625,64.9962,13927.77,0.800518,92.814826
937.100,92.8148,300.0000,65.0000,64.9962,13927.40,0.800454,92.814826
937.200,92.8148,300.0000,65.0000,64.9961,13927.05,0.800394,92.814826
937.300,92.8148,300.0000,65.0000,64.9961,13926.73,0.800339,92.814826
937.400,92.8148,300.0000,64.9375,64.9960,13926.43,0.800287,92.814826
937.500,92.8148,300.0000,65.0000,64.9960,13926.15,0.800239,92.814826
937.600,92.8148,300.0000,65.0000,64.9960,13925.89,0.800194,92.814826
937.700,92.8148,300.0000,64.9375,64.9960,13925.65,0.800151,92.814826
937.800,92.8148,300.0000,65.0000,64.9959,13925.42,0.800112,92.814826
937.900,92.8148,300.0000,64.9375,64.9959,13925.20,0.800075,92.814826
938.000,92.6403,300.0000,64.9375,64.9959,13923.26,0.799740,92.810945
938.100,92.6403,300.0000,65.0000,64.9959,13921.45,0.799428,92.810945
938.200,92.6403,300.0000,64.9375,64.9959,13919.75,0.799136,92.810945
938.300,92.6403,300.0000,65.0000,64.9959,13918.17,0.798864,92.810945
938.400,92.6403,300.0000,64.9375,64.9960,13916.70,0.798610,92.810945
938.500,92.6403,300.0000,65.0625,64.9960,13915.32,0.798373,92.810945
938.600,92.6403,300.0000,64.9375,64.9961,13914.03,0.798152,92.810945
938.700,92.6403,300.0000,65.0000,64.9962,13912.84,0.797945,92.810945
938.800,92.6403,300.0000,65.0000,64.9963,13911.72,0.797753,92.810945
938.900,92.6403,300.0000,65.0000,64.9964,13910.67,0.797573,92.810945
939.000,92.8109,300.0000,65.0000,64.9965,13911.40,0.797699,92.810945
939.100,92.8109,300.0000,64.9375,64.9965,13912.09,0.797816,92.810945
939.200,92.8109,300.0000,64.9375,64.9966,13912.72,0.797926,92.810945
939.300,92.8109,300.0000,65.0625,64.9967,13913.32,0.798028,92.810945
939.400,92.8109,300.0000,64.9375,64.9968,13913.87,0.798124,92.810945
939.500,92.8109,300.0000,65.0000,64.9968,13914.39,0.798213,92.810945
939.600,92.8109,300.0000,65.0000,64.9969,13914.87,0.798296,92.810945
939.700,92.8109,300.0000,65.0000,64.9969,13915.32,0.798374,92.810945
939.800,92.8109,300.0000,65.0625,64.9970,13915.75,0.798446,92.810945
939.900,92.8109,300.0000,65.0000,64.9970,13916.14,0.798514,92.810945
940.000,92.8109,300.0000,65.0000,64.9971,13916.51,0.798577,92.810945
940.100,92.8109,300.0000,64.9375,64.9971,13916.85,0.798636,92.810945
940.200,92.8109,300.0000,65.0625,64.9972,13917.17,0.798691,92.810945
940.300,92.8109,300.0000,64.9375,64.9972,13917.47,0.798742,92.810945
940.400,92.8109,300.0000,65.0625,64.9972,13917.74,0.798790,92.810945
940.500,92.8109,300.0000,64.8750,64.9973,13918.00,0.798835,92.810945
940.600,92.8109,300.0000,64.8750,64.9973,13918.25,0.798877,92.810945
940.700,92.8109,300.0000,64.9375,64.9973,13918.47,0.798916,92.810945
940.800,92.8109,300.0000,65.0000,64.9973,13918.68,0.798952,92.810945
940.900,92.8109,300.0000,64.9375,64.9974,13918.88,0.798986,92.810945
941.000,92.6364,300.0000,65.0000,64.9974,13917.32,0.798717,92.807064
941.100,92.6364,300.0000,64.9375,64.9974,13915.86,0.798466,92.807064
941.200,92.6364,300.0000,64.9375,64.9975,13914.50,0.798232,92.807064
941.300,92.6364,300.0000,65.0000,64.9976,13913.23,0.798014,92.807064
941.400,92.6364,300.0000,65.0000,64.9977,13912.05,0.797810,92.807064
941.500,92.6364,300.0000,65.0000,64.9977,13910.94,0.797620,92.807064
941.600,92.6364,300.0000,64.9375,64.9978,13909.91,0.797442,92.807064
941.700,92.6364,300.0000,65.0000,64.9979,13908.95,0.797277,92.807064
941.800,92.6364,300.0000,65.0000,64.9981,13908.05,0.797122,92.807064
941.900,92.6364,300.0000,65.0000,64.9982,13907.21,0.796978,92.807064
942.000,92.8071,300.0000,65.0000,64.9983,13908.13,0.797137,92.807064
942.100,92.8071,300.0000,65.0000,64.9984,13908.99,0.797285,92.807064
942.200,92.8071,300.0000,65.0625,64.9985,13909.80,0.797423,92.807064
942.300,92.8071,300.0000,65.0625,64.9986,13910.55,0.797552,92.807064
942.400,92.8071,300.0000,65.0625,64.9987,13911.25,0.797673,92.807064
942.500,92.8071,300.0000,65.0625,64.9987,13911.90,0.797785,92.807064
942.600,92.8071,300.0000,64.9375,64.9988,13912.51,0.797890,92.807064
942.700,92.8071,300.0000,65.0000,64.9989,13913.08,0.797988,92.807064
942.800,92.8071,300.0000,64.9375,64.9990,13913.62,0.798080,92.807064
942.900,92.8071,300.0000,64.9375,64.9990,13914.11,0.798165,92.807064
943.000,92.6325,300.0000,65.0000,64.9991,13912.83,0.797944,92.803183
943.100,92.6325,300.0000,65.0000,64.9992,13911.63,0.797739,92.803183
943.200,92.6325,300.0000,64.9375,64.9993,13910.52,0.797546,92.803183
943.300,92.6325,300.0000,65.0625,64.9993,13909.47,0.797367,92.803183
943.400,92.6325,300.0000,64.9375,64.9995,13908.50,0.797200,92.803183
943.500,92.6325,300.0000,65.0000,64.9996,13907.59,0.797044,92.803183
943.600,92.6325,300.0000,64.9375,64.9997,13906.75,0.796898,92.803183
943.700,92.6325,300.0000,65.0625,64.9998,13905.95,0.796762,92.803183
943.800,92.6325,300.0000,65.0000,64.9999,13905.22,0.796635,92.803183
943.900,92.6325,300.0000,65.0000,65.0001,13904.53,0.796517,92.803183
944.000,92.8032,300.0000,65.0000,65.0002,13905.59,0.796699,92.803183
944.100,92.8032,300.0000,64.9375,65.0003,13906.58,0.796870,92.803183
944.200,92.8032,300.0000,65.0000,65.0004,13907.51,0.797029,92.803183
944.300,92.8032,300.0000,65.0625,65.0005,13908.37,0.797178,92.803183
944.400,92.8032,300.0000,64.9375,65.0006,13909.18,0.797317,92.803183
944.500,92.8032,300.0000,64.8750,65.0007,13909.93,0.797446,92.803183
944.600,92.8032,300.0000,64.9375,65.0008,13910.64,0.797567,92.803183
944.700,92.8032,300.0000,65.0000,65.0009,13911.29,0.797680,92.803183
944.800,92.8032,300.0000,65.0000,65.0010,13911.91,0.797785,92.803183
944.900,92.8032,300.0000,65.0625,65.0010,13912.48,0.797884,92.803183
945.000,92.9777,300.0000,64.9375,65.0011,13914.76,0.798276,92.807064
945.100,92.9777,300.0000,65.0000,65.0011,13916.88,0.798642,92.807064
945.200,92.9777,300.0000,65.0000,65.0011,13918.87,0.798984,92.807064
945.300,92.9777,300.0000,65.0000,65.0011,13920.72,0.799303,92.807064
945.400,92.9777,300.0000,65.0000,65.0011,13922.45,0.799601,92.807064
945.500,92.9777,300.0000,65.0000,65.0011,13924.06,0.799879,92.807064
945.600,92.9777,300.0000,65.0000,65.0011,13925.57,0.800138,92.807064
945.700,92.9777,300.0000,65.0000,65.0010,13926.97,0.800381,92.807064
945.800,92.9777,300.0000,65.0000,65.0009,13928.29,0.800607,92.807064
945.900,92.9777,300.0000,65.0000,65.0009,13929.51,0.800818,92.807064
946.000,92.8071,300.0000,65.0000,65.0008,13928.95,0.800721,92.807064
946.100,92.8071,300.0000,65.0625,65.0007,13928.42,0.800630,92.807064
946.200,92.8071,300.0000,65.0625,65.0007,13927.93,0.800546,92.807064
946.300,92.8071,300.0000,65.0625,65.0006,13927.47,0.800467,92.807064
946.400,92.8071,300.0000,65.0625,65.0006,13927.05,0.800393,92.807064
946.500,92.8071,300.0000,65.0000,65.0005,13926.65,0.800324,92.807064
946.600,92.8071,300.0000,65.0000,65.0005,13926.27,0.800260,92.807064
946.700,92.8071,300.0000,65.0000,65.0004,13925.93,0.800200,92.807064
946.800,92.8071,300.0000,64.9375,65.0004,13925.60,0.800144,92.807064
946.900,92.8071,300.0000,65.0000,65.0004,13925.30,0.800092,92.807064
947.000,92.8071,300.0000,64.9375,65.0003,13925.02,0.800043,92.807064
947.100,92.8071,300.0000,64.9375,65.0003,13924.75,0.799998,92.807064
947.200,92.8071,300.0000,65.0000,65.0003,13924.51,0.799955,92.807064
947.300,92.8071,300.0000,64.9375,65.0002,13924.28,0.799916,92.807064
947.400,92.8071,300.0000,65.0000,65.0002,13924.06,0.799879,92.807064
947.500,92.8071,300.0000,65.0000,65.0002,13923.86,0.799844,92.807064
947.600,92.8071,300.0000,65.0000,65.0002,13923.68,0.799812,92.807064
947.700,92.8071,300.0000,64.8750,65.0001,13923.50,0.799782,92.807064
947.800,92.8071,300.0000,65.0000,65.0001,13923.34,0.799754,92.807064
947.900,92.8071,300.0000,64.9375,65.0001,13923.19,0.799728,92.807064
948.000,92.6325,300.0000,65.0625,65.0001,13921.30,0.799403,92.803183
948.100,92.6325,300.0000,65.0000,65.0001,13919.54,0.799099,92.803183
948.200,92.6325,300.0000,65.0000,65.0001,13917.89,0.798816,92.803183
948.300,92.6325,300.0000,65.0000,65.0002,13916.36,0.798552,92.803183
948.400,92.6325,300.0000,64.9375,65.0002,13914.93,0.798305,92.803183
948.500,92.6325,300.0000,65.0000,65.0003,13913.59,0.798075,92.803183
948.600,92.6325,300.0000,65.0000,65.0004,13912.34,0.797861,92.803183
948.700,92.6325,300.0000,65.0625,65.0005,13911.18,0.797661,92.803183
948.800,92.6325,300.0000,65.0000,65.0005,13910.09,0.797474,92.803183
948.900,92.6325,300.0000,65.0000,65.0006,13909.08,0.797299,92.803183
949.000,92.8032,300.0000,65.0000,65.0007,13909.84,0.797430,92.803183
949.100,92.8032,300.0000,64.9375,65.0008,13910.55,0.797552,92.803183
949.200,92.8032,300.0000,65.0000,65.0009,13911.21,0.797666,92.803183
949.300,92.8032,300.0000,65.0625,65.0010,13911.83,0.797772,92.803183
949.400,92.8032,300.0000,65.0000,65.0010,13912.40,0.797871,92.803183
949.500,92.8032,300.0000,65.0625,65.0011,13912.94,0.797964,92.803183
949.600,92.8032,300.0000,65.0625,65.0012,13913.44,0.798050,92.803183
949.700,92.8032,300.0000,64.9375,65.0012,13913.91,0.798131,92.803183
949.800,92.8032,300.0000,65.0000,65.0013,13914.35,0.798206,92.803183
949.900,92.8032,300.0000,64.9375,65.0013,13914.76,0.798277,92.803183
950.000,92.6287,300.0000,65.1250,65.0014,13913.40,0.798042,92.799303
950.100,92.6287,300.0000,64.9375,65.0015,13912.12,0.797823,92.799303
950.200,92.6287,300.0000,65.0000,65.0015,13910.93,0.797618,92.799303
950.300,92.6287,300.0000,64.9375,65.0016,13909.83,0.797428,92.799303
950.400,92.6287,300.0000,64.9375,65.0017,13908.79,0.797250,92.799303
950.500,92.6287,300.0000,65.0000,65.0018,13907.82,0.797083,92.799303
950.600,92.6287,300.0000,65.0000,65.0019,13906.92,0.796928,92.799303
950.700,92.6287,300.0000,65.0625,65.0021,13906.08,0.796784,92.799303
950.800,92.6287,300.0000,65.0000,65.0022,13905.29,0.796649,92.799303
950.900,92.6287,300.0000,64.9375,65.0023,13904.56,0.796523,92.799303
951.000,92.6248,300.0000,65.0000,65.0025,13903.84,0.796398,92.795422
951.100,92.6248,300.0000,64.9375,65.0026,13903.16,0.796282,92.795422
951.200,92.6248,300.0000,64.9375,65.0027,13902.53,0.796174,92.795422
951.300,92.6248,300.0000,64.9375,65.0029,13901.95,0.796073,92.795422
951.400,92.6248,300.0000,64.9375,65.0031,13901.40,0.795979,92.795422
951.500,92.6248,300.0000,65.0000,65.0032,13900.89,0.795891,92.795422
951.600,92.6248,300.0000,65.0000,65.0034,13900.41,0.795809,92.795422
951.700,92.6248,300.0000,64.9375,65.0035,13899.96,0.795732,92.795422
951.800,92.6248,300.0000,65.0625,65.0037,13899.54,0.795661,92.795422
951.900,92.6248,300.0000,65.0000,65.0039,13899.16,0.795594,92.795422
952.000,92.7954,300.0000,65.0625,65.0041,13900.50,0.795825,92.795422
952.100,92.7954,300.0000,65.0000,65.0042,13901.75,0.796040,92.795422
952.200,92.7954,300.0000,65.0000,65.0043,13902.92,0.796241,92.795422
952.300,92.7954,300.0000,64.9375,65.0045,13904.02,0.796429,92.795422
952.400,92.7954,300.0000,65.0000,65.0046,13905.04,0.796604,92.795422
952.500,92.7954,300.0000,65.0000,65.0047,13905.99,0.796768,92.795422
952.600,92.7954,300.0000,65.0625,65.0048,13906.88,0.796921,92.795422
952.700,92.7954,300.0000,65.0000,65.0049,13907.71,0.797063,92.795422
952.800,92.7954,300.0000,65.0000,65.0050,13908.48,0.797196,92.795422
952.900,92.7954,300.0000,65.0000,65.0051,13909.20,0.797320,92.795422
953.000,92.7954,300.0000,65.0625,65.0052,13909.88,0.797436,92.795422
953.100,92.7954,300.0000,65.0000,65.0053,13910.51,0.797545,92.795422
953.200,92.7954,300.0000,65.0000,65.0053,13911.09,0.797646,92.795422
953.300,92.7954,300.0000,64.9375,65.0054,13911.64,0.797740,92.795422
953.400,92.7954,300.0000,65.0625,65.0055,13912.15,0.797828,92.795422
953.500,92.7954,300.0000,65.0000,65.0055,13912.63,0.797910,92.795422
953.600,92.7954,300.0000,65.0000,65.0056,13913.08,0.797987,92.795422
953.700,92.7954,300.0000,65.0000,65.0056,13913.49,0.798058,92.795422
953.800,92.7954,300.0000,65.0000,65.0057,13913.88,0.798125,92.795422
953.900,92.7954,300.0000,65.0625,65.0057,13914.24,0.798187,92.795422
954.000,92.9700,300.0000,65.0000,65.0057,13916.32,0.798546,92.799303
954.100,92.9700,300.0000,64.9375,65.0057,13918.27,0.798881,92.799303
954.200,92.9700,300.0000,65.0000,65.0057,13920.08,0.799193,92.799303
954.300,92.9700,300.0000,65.0000,65.0057,13921.78,0.799485,92.799303
954.400,92.9700,300.0000,65.0000,65.0057,13923.36,0.799757,92.799303
954.500,92.9700,300.0000,65.0625,65.0056,13924.83,0.800012,92.799303
954.600,92.9700,300.0000,65.0000,65.0056,13926.21,0.800249,92.799303
954.700,92.9700,300.0000,64.8750,65.0055,13927.50,0.800471,92.799303
954.800,92.9700,300.0000,65.0625,65.0055,13928.70,0.800678,92.799303
954.900,92.9700,300.0000,65.0000,65.0054,13929.82,0.800871,92.799303
955.000,92.7993,300.0000,65.0000,65.0053,13929.16,0.800757,92.799303
955.100,92.7993,300.0000,65.0000,65.0052,13928.54,0.800650,92.799303
955.200,92.7993,300.0000,65.0625,65.0051,13927.96,0.800551,92.799303
955.300,92.7993,300.0000,64.9375,65.0051,13927.42,0.800458,92.799303
955.400,92.7993,300.0000,65.0000,65.0050,13926.92,0.800372,92.799303
955.500,92.7993,300.0000,65.0000,65.0050,13926.45,0.800291,92.799303
955.600,92.7993,300.0000,65.0000,65.0049,13926.02,0.800215,92.799303
955.700,92.7993,300.0000,64.9375,65.0049,13925.61,0.800145,92.799303
955.800,92.7993,300.0000,64.9375,65.0048,13925.23,0.800079,92.799303
955.900,92.7993,300.0000,65.0625,65.0048,13924.87,0.800018,92.799303
956.000,92.9738,300.0000,65.0625,65.0047,13926.29,0.800262,92.803183
956.100,92.9738,300.0000,65.0000,65.0047,13927.60,0.800489,92.803183
956.200,92.9738,300.0000,65.0000,65.0046,13928.84,0.800702,92.803183
956.300,92.9738,300.0000,65.0000,65.0045,13929.99,0.800900,92.803183
956.400,92.9738,300.0000,65.0000,65.0044,13931.06,0.801085,92.803183
956.500,92.9738,300.0000,65.0000,65.0043,13932.06,0.801258,92.803183
956.600,92.9738,300.0000,65.0625,65.0042,13932.99,0.801419,92.803183
956.700,92.9738,300.0000,65.0625,65.0041,13933.87,0.801569,92.803183
956.800,92.9738,300.0000,65.0000,65.0040,13934.68,0.801710,92.803183
956.900,92.9738,300.0000,65.0000,65.0038,13935.44,0.801841,92.803183
957.000,92.8032,300.0000,65.0625,65.0037,13934.44,0.801669,92.803183
957.100,92.8032,300.0000,65.0000,65.0036,13933.51,0.801508,92.803183
957.200,92.8032,300.0000,65.0000,65.0035,13932.64,0.801358,92.803183
957.300,92.8032,300.0000,65.0000,65.0034,13931.83,0.801218,92.803183
957.400,92.8032,300.0000,65.0000,65.0033,13931.07,0.801088,92.803183
957.500,92.8032,300.0000,65.0000,65.0032,13930.37,0.800966,92.803183
957.600,92.8032,300.0000,65.0000,65.0031,13929.71,0.800852,92.803183
957.700,92.8032,300.0000,65.0000,65.0031,13929.09,0.800746,92.803183
957.800,92.8032,300.0000,65.0000,65.0030,13928.52,0.800647,92.803183
957.900,92.8032,300.0000,65.0625,65.0029,13927.98,0.800554,92.803183
958.000,92.9777,300.0000,65.0625,65.0029,13929.23,0.800769,92.807064
958.100,92.9777,300.0000,65.1250,65.0028,13930.39,0.800970,92.807064
958.200,92.9777,300.0000,65.0000,65.0027,13931.47,0.801157,92.807064
958.300,92.9777,300.0000,65.0625,65.0026,13932.49,0.801331,92.807064
958.400,92.9777,300.0000,65.0000,65.0025,13933.43,0.801494,92.807064
958.500,92.9777,300.0000,65.0000,65.0024,13934.31,0.801646,92.807064
958.600,92.9777,300.0000,65.0625,65.0022,13935.14,0.801788,92.807064
958.700,92.9777,300.0000,65.0000,65.0021,13935.90,0.801921,92.807064
958.800,92.9777,300.0000,65.0000,65.0020,13936.62,0.802045,92.807064
958.900,92.9777,300.0000,65.0000,65.0018,13937.29,0.802160,92.807064
959.000,92.8071,300.0000,65.0000,65.0017,13936.21,0.801974,92.807064
959.100,92.8071,300.0000,65.0000,65.0016,13935.20,0.801799,92.807064
959.200,92.8071,300.0000,65.0000,65.0015,13934.26,0.801637,92.807064
959.300,92.8071,300.0000,65.0000,65.0014,13933.38,0.801485,92.807064
959.400,92.8071,300.0000,65.0000,65.0013,13932.55,0.801343,92.807064
959.500,92.8071,300.0000,64.9375,65.0012,13931.79,0.801211,92.807064
959.600,92.8071,300.0000,65.0000,65.0011,13931.07,0.801087,92.807064
959.700,92.8071,300.0000,65.0000,65.0010,13930.41,0.800972,92.807064
959.800,92.8071,300.0000,65.0625,65.0009,13929.78,0.800865,92.807064
959.900,92.8071,300.0000,64.9375,65.0009,13929.20,0.800765,92.807064
960.000,92.6325,300.0000,65.0000,65.0008,13926.91,0.800370,92.803183
960.100,92.6325,300.0000,65.0000,65.0008,13924.78,0.800002,92.803183
960.200,92.6325,300.0000,64.9375,65.0008,13922.78,0.799658,92.803183
960.300,92.6325,300.0000,64.9375,65.0008,13920.92,0.799338,92.803183
960.400,92.6325,300.0000,65.0000,65.0008,13919.19,0.799039,92.803183
960.500,92.6325,300.0000,65.0000,65.0008,13917.57,0.798760,92.803183
960.600,92.6325,300.0000,65.0000,65.0008,13916.05,0.798499,92.803183
960.700,92.6325,300.0000,65.0625,65.0009,13914.64,0.798256,92.803183
960.800,92.6325,300.0000,65.1250,65.0010,13913.33,0.798030,92.803183
960.900,92.6325,300.0000,65.0625,65.0010,13912.10,0.797818,92.803183
961.000,92.9777,300.0000,65.0000,65.0011,13914.40,0.798215,92.807064
961.100,92.9777,300.0000,65.0625,65.0011,13916.55,0.798585,92.807064
961.200,92.9777,300.0000,65.0625,65.0011,13918.56,0.798930,92.807064
961.300,92.9777,300.0000,65.0000,65.0011,13920.43,0.799253,92.807064
961.400,92.9777,300.0000,65.0625,65.0011,13922.18,0.799554,92.807064
961.500,92.9777,300.0000,65.0000,65.0011,13923.81,0.799835,92.807064
961.600,92.9777,300.0000,65.0000,65.0011,13925.33,0.800098,92.807064
961.700,92.9777,300.0000,64.9375,65.0010,13926.76,0.800343,92.807064
961.800,92.9777,300.0000,64.9375,65.0009,13928.08,0.800572,92.807064
961.900,92.9777,300.0000,65.0000,65.0009,13929.32,0.800785,92.807064
962.000,92.8071,300.0000,64.9375,65.0008,13928.77,0.800690,92.807064
962.100,92.8071,300.0000,65.1250,65.0007,13928.26,0.800602,92.807064
962.200,92.8071,300.0000,65.0625,65.0007,13927.78,0.800519,92.807064
962.300,92.8071,300.0000,65.0000,65.0006,13927.33,0.800442,92.807064
962.400,92.8071,300.0000,65.0625,65.0006,13926.91,0.800370,92.807064
962.500,92.8071,300.0000,64.9375,65.0005,13926.52,0.800302,92.807064
962.600,92.8071,300.0000,65.0000,65.0005,13926.16,0.800240,92.807064
962.700,92.8071,300.0000,65.0000,65.0005,13925.82,0.800181,92.807064
962.800,92.8071,300.0000,64.9375,65.0004,13925.50,0.800126,92.807064
962.900,92.8071,300.0000,65.0000,65.0004,13925.20,0.800075,92.807064
963.000,92.8071,300.0000,65.0625,65.0003,13924.93,0.800028,92.807064
963.100,92.8071,300.0000,65.0000,65.0003,13924.67,0.799983,92.807064
963.200,92.8071,300.0000,65.0000,65.0003,13924.43,0.799942,92.807064
963.300,92.8071,300.0000,65.0000,65.0003,13924.20,0.799903,92.807064
963.400,92.8071,300.0000,65.0000,65.0002,13923.99,0.799867,92.807064
963.500,92.8071,300.0000,64.9375,65.0002,13923.80,0.799833,92.807064
963.600,92.8071,300.0000,65.0000,65.0002,13923.62,0.799802,92.807064
963.700,92.8071,300.0000,65.0000,65.0002,13923.45,0.799772,92.807064
963.800,92.8071,300.0000,65.0000,65.0002,13923.29,0.799745,92.807064
963.900,92.8071,300.0000,65.0625,65.0001,13923.14,0.799719,92.807064
964.000,92.9816,300.0000,65.0000,65.0001,13924.74,0.799996,92.810945
964.100,92.9816,300.0000,65.0625,65.0001,13926.24,0.800255,92.810945
964.200,92.9816,300.0000,65.0000,65.0000,13927.64,0.800496,92.810945
964.300,92.9816,300.0000,64.9375,64.9999,13928.95,0.800721,92.810945
964.400,92.9816,300.0000,64.9375,64.9999,13930.17,0.800932,92.810945
964.500,92.9816,300.0000,65.0625,64.9998,13931.31,0.801128,92.810945
964.600,92.9816,300.0000,65.0625,64.9997,13932.37,0.801311,92.810945
964.700,92.9816,300.0000,65.0000,64.9996,13933.36,0.801482,92.810945
964.800,92.9816,300.0000,65.0000,64.9995,13934.29,0.801642,92.810945
964.900,92.9816,300.0000,65.0625,64.9994,13935.15,0.801791,92.810945
965.000,92.9855,300.0000,65.0000,64.9992,13935.99,0.801937,92.814826
965.100,92.9855,300.0000,64.9375,64.9991,13936.78,0.802073,92.814826
965.200,92.9855,300.0000,65.0625,64.9990,13937.52,0.802200,92.814826
965.300,92.9855,300.0000,64.9375,64.9988,13938.21,0.802319,92.814826
965.400,92.9855,300.0000,64.9375,64.9987,13938.85,0.802429,92.814826
965.500,92.9855,300.0000,65.0000,64.9985,13939.45,0.802533,92.814826
965.600,92.9855,300.0000,64.9375,64.9984,13940.00,0.802629,92.814826
965.700,92.9855,300.0000,65.0000,64.9982,13940.52,0.802719,92.814826
965.800,92.9855,300.0000,65.0000,64.9981,13941.01,0.802803,92.814826
965.900,92.9855,300.0000,64.9375,64.9979,13941.47,0.802882,92.814826
966.000,92.6403,300.0000,65.0000,64.9978,13938.44,0.802359,92.810945
966.100,92.6403,300.0000,64.9375,64.9976,13935.61,0.801871,92.810945
966.200,92.6403,300.0000,65.0000,64.9975,13932.97,0.801415,92.810945
966.300,92.6403,300.0000,64.9375,64.9975,13930.51,0.800991,92.810945
966.400,92.6403,300.0000,65.0000,64.9974,13928.21,0.800594,92.810945
966.500,92.6403,300.0000,64.9375,64.9974,13926.07,0.800224,92.810945
966.600,92.6403,300.0000,65.0000,64.9974,13924.07,0.799879,92.810945
966.700,92.6403,300.0000,65.0000,64.9974,13922.20,0.799558,92.810945
966.800,92.6403,300.0000,65.0000,64.9974,13920.46,0.799257,92.810945
966.900,92.6403,300.0000,64.9375,64.9974,13918.83,0.798977,92.810945
967.000,92.6364,300.0000,65.1250,64.9974,13917.27,0.798709,92.807064
967.100,92.6364,300.0000,64.9375,64.9975,13915.82,0.798458,92.807064
967.200,92.6364,300.0000,65.0625,64.9975,13914.46,0.798225,92.807064
967.300,92.6364,300.0000,65.0000,64.9976,13913.19,0.798007,92.807064
967.400,92.6364,300.0000,65.0000,64.9977,13912.01,0.797804,92.807064
967.500,92.6364,300.0000,64.9375,64.9978,13910.91,0.797614,92.807064
967.600,92.6364,300.0000,64.9375,64.9979,13909.88,0.797437,92.807064
967.700,92.6364,300.0000,65.1250,64.9980,13908.92,0.797271,92.807064
967.800,92.6364,300.0000,64.9375,64.9981,13908.02,0.797117,92.807064
967.900,92.6364,300.0000,65.0000,64.9982,13907.18,0.796973,92.807064
968.000,92.8071,300.0000,65.0000,64.9983,13908.11,0.797132,92.807064
968.100,92.8071,300.0000,65.0000,64.9984,13908.97,0.797281,92.807064
968.200,92.8071,300.0000,64.9375,64.9985,13909.78,0.797419,92.807064
968.300,92.8071,300.0000,65.0000,64.9986,13910.53,0.797549,92.807064
968.400,92.8071,300.0000,65.0625,64.9987,13911.23,0.797669,92.807064
968.500,92.8071,300.0000,65.0625,64.9988,13911.89,0.797782,92.807064
968.600,92.8071,300.0000,65.0000,64.9989,13912.50,0.797887,92.807064
968.700,92.8071,300.0000,65.0000,64.9989,13913.07,0.797986,92.807064
968.800,92.8071,300.0000,64.9375,64.9990,13913.60,0.798077,92.807064
968.900,92.8071,300.0000,65.0000,64.9990,13914.10,0.798163,92.807064
969.000,92.8071,300.0000,65.0625,64.9991,13914.56,0.798243,92.807064
969.100,92.8071,300.0000,65.0625,64.9992,13915.00,0.798317,92.807064
969.200,92.8071,300.0000,65.0625,64.9992,13915.40,0.798387,92.807064
969.300,92.8071,300.0000,65.0000,64.9993,13915.78,0.798452,92.807064
969.400,92.8071,300.0000,65.0000,64.9993,13916.13,0.798512,92.807064
969.500,92.8071,300.0000,65.0000,64.9993,13916.46,0.798569,92.807064
969.600,92.8071,300.0000,65.0625,64.9994,13916.77,0.798622,92.807064
969.700,92.8071,300.0000,65.0000,64.9994,13917.05,0.798671,92.807064
969.800,92.8071,300.0000,65.0625,64.9994,13917.32,0.798717,92.807064
969.900,92.8071,300.0000,65.1250,64.9995,13917.57,0.798760,92.807064
970.000,93.1561,300.0000,65.0000,64.9995,13921.29,0.799401,92.814826
970.100,93.1561,300.0000,65.0000,64.9994,13924.77,0.800000,92.814826
970.200,93.1561,300.0000,65.0000,64.9994,13928.01,0.800559,92.814826
970.300,93.1561,300.0000,65.0000,64.9993,13931.04,0.801081,92.814826
970.400,93.1561,300.0000,65.0000,64.9992,13933.86,0.801569,92.814826
970.500,93.1561,300.0000,64.9375,64.9991,13936.50,0.802024,92.814826
970.600,93.1561,300.0000,65.0000,64.9989,13938.96,0.802449,92.814826
970.700,93.1561,300.0000,65.0000,64.9988,13941.26,0.802846,92.814826
970.800,93.1561,300.0000,64.8750,64.9986,13943.40,0.803216,92.814826
970.900,93.1561,300.0000,65.0625,64.9984,13945.40,0.803562,92.814826
971.000,92.9894,300.0000,64.9375,64.9982,13945.60,0.803597,92.818707
971.100,92.9894,300.0000,64.9375,64.9980,13945.79,0.803629,92.818707
971.200,92.9894,300.0000,64.9375,64.9978,13945.96,0.803659,92.818707
971.300,92.9894,300.0000,65.0625,64.9976,13946.13,0.803687,92.818707
971.400,92.9894,300.0000,65.0000,64.9974,13946.28,0.803713,92.818707
971.500,92.9894,300.0000,65.0625,64.9972,13946.42,0.803738,92.818707
971.600,92.9894,300.0000,65.0000,64.9970,13946.55,0.803761,92.818707
971.700,92.9894,300.0000,65.0625,64.9967,13946.68,0.803782,92.818707
971.800,92.9894,300.0000,65.0000,64.9965,13946.79,0.803802,92.818707
971.900,92.9894,300.0000,65.0625,64.9963,13946.90,0.803821,92.818707
972.000,92.9932,300.0000,65.0000,64.9961,13947.04,0.803845,92.822588
972.100,92.9932,300.0000,64.9375,64.9959,13947.17,0.803867,92.822588
972.200,92.9932,300.0000,65.0000,64.9957,13947.29,0.803888,92.822588
972.300,92.9932,300.0000,65.0000,64.9955,13947.40,0.803908,92.822588
972.400,92.9932,300.0000,64.9375,64.9953,13947.51,0.803926,92.822588
972.500,92.9932,300.0000,65.0000,64.9951,13947.61,0.803943,92.822588
972.600,92.9932,300.0000,65.0000,64.9949,13947.70,0.803959,92.822588
972.700,92.9932,300.0000,64.9375,64.9947,13947.78,0.803974,92.822588
972.800,92.9932,300.0000,65.0000,64.9944,13947.86,0.803988,92.822588
972.900,92.9932,300.0000,65.0000,64.9942,13947.94,0.804000,92.822588
973.000,92.8226,300.0000,65.0000,64.9940,13946.30,0.803717,92.822588
973.100,92.8226,300.0000,65.0000,64.9939,13944.77,0.803453,92.822588
973.200,92.8226,300.0000,65.0000,64.9937,13943.35,0.803207,92.822588
973.300,92.8226,300.0000,65.0000,64.9935,13942.02,0.802977,92.822588
973.400,92.8226,300.0000,65.0000,64.9934,13940.78,0.802762,92.822588
973.500,92.8226,300.0000,65.0000,64.9932,13939.62,0.802562,92.822588
973.600,92.8226,300.0000,65.0625,64.9931,13938.53,0.802375,92.822588
973.700,92.8226,300.0000,65.0000,64.9930,13937.53,0.802201,92.822588
973.800,92.8226,300.0000,64.9375,64.9929,13936.58,0.802038,92.822588
973.900,92.8226,300.0000,64.9375,64.9928,13935.70,0.801886,92.822588
974.000,92.6481,300.0000,65.0000,64.9927,13933.14,0.801444,92.818707
974.100,92.6481,300.0000,64.8750,64.9926,13930.74,0.801030,92.818707
974.200,92.6481,300.0000,64.9375,64.9926,13928.51,0.800645,92.818707
974.300,92.6481,300.0000,65.0625,64.9925,13926.42,0.800285,92.818707
974.400,92.6481,300.0000,65.0000,64.9925,13924.47,0.799949,92.818707
974.500,92.6481,300.0000,64.9375,64.9925,13922.65,0.799636,92.818707
974.600,92.6481,300.0000,65.0000,64.9925,13920.96,0.799344,92.818707
974.700,92.6481,300.0000,65.0000,64.9926,13919.37,0.799071,92.818707
974.800,92.6481,300.0000,65.0000,64.9926,13917.90,0.798817,92.818707
974.900,92.6481,300.0000,65.0000,64.9927,13916.52,0.798579,92.818707
975.000,92.8187,300.0000,65.0625,64.9927,13916.94,0.798651,92.818707
975.100,92.8187,300.0000,65.0625,64.9928,13917.33,0.798719,92.818707
975.200,92.8187,300.0000,64.9375,64.9928,13917.69,0.798782,92.818707
975.300,92.8187,300.0000,65.0000,64.9929,13918.03,0.798840,92.818707
975.400,92.8187,300.0000,65.0000,64.9929,13918.35,0.798895,92.818707
975.500,92.8187,300.0000,64.9375,64.9929,13918.65,0.798946,92.818707
975.600,92.8187,300.0000,65.0000,64.9930,13918.93,0.798994,92.818707
975.700,92.8187,300.0000,65.0000,64.9930,13919.19,0.799038,92.818707
975.800,92.8187,300.0000,65.0625,64.9930,13919.43,0.799080,92.818707
975.900,92.8187,300.0000,64.9375,64.9931,13919.65,0.799119,92.818707
976.000,92.6442,300.0000,65.0000,64.9931,13918.12,0.798854,92.814826
976.100,92.6442,300.0000,65.0000,64.9931,13916.68,0.798608,92.814826
976.200,92.6442,300.0000,65.0000,64.9932,13915.35,0.798378,92.814826
976.300,92.6442,300.0000,64.8750,64.9933,13914.10,0.798163,92.814826
976.400,92.6442,300.0000,64.9375,64.9934,13912.93,0.797962,92.814826
976.500,92.6442,300.0000,65.0000,64.9935,13911.85,0.797775,92.814826
976.600,92.6442,300.0000,65.0625,64.9936,13910.83,0.797601,92.814826
976.700,92.6442,300.0000,65.0000,64.9937,13909.89,0.797438,92.814826
976.800,92.6442,300.0000,64.9375,64.9938,13909.00,0.797286,92.814826
976.900,92.6442,300.0000,64.9375,64.9939,13908.18,0.797144,92.814826
977.000,92.6403,300.0000,64.9375,64.9940,13907.37,0.797005,92.810945
977.100,92.6403,300.0000,65.0000,64.9942,13906.61,0.796875,92.810945
977.200,92.6403,300.0000,65.0625,64.9943,13905.91,0.796754,92.810945
977.300,92.6403,300.0000,65.0000,64.9944,13905.25,0.796641,92.810945
977.400,92.6403,300.0000,64.8750,64.9946,13904.64,0.796536,92.810945
977.500,92.6403,300.0000,65.0000,64.9947,13904.06,0.796437,92.810945
977.600,92.6403,300.0000,64.9375,64.9949,13903.53,0.796345,92.810945
977.700,92.6403,300.0000,64.9375,64.9951,13903.03,0.796260,92.810945
977.800,92.6403,300.0000,65.0000,64.9952,13902.56,0.796179,92.810945
977.900,92.6403,300.0000,65.0625,64.9954,13902.13,0.796105,92.810945
978.000,92.9855,300.0000,64.9375,64.9955,13905.18,0.796628,92.814826
978.100,92.9855,300.0000,65.0625,64.9956,13908.02,0.797117,92.814826
978.200,92.9855,300.0000,65.0625,64.9957,13910.67,0.797573,92.814826
978.300,92.9855,300.0000,65.0625,64.9958,13913.15,0.797999,92.814826
978.400,92.9855,300.0000,65.0000,64.9959,13915.46,0.798397,92.814826
978.500,92.9855,300.0000,64.8750,64.9959,13917.62,0.798769,92.814826
978.600,92.9855,300.0000,64.9375,64.9959,13919.63,0.799115,92.814826
978.700,92.9855,300.0000,65.0000,64.9959,13921.51,0.799439,92.814826
978.800,92.9855,300.0000,65.0625,64.9959,13923.26,0.799741,92.814826
978.900,92.9855,300.0000,65.0000,64.9959,13924.90,0.800023,92.814826
979.000,92.8148,300.0000,65.0000,64.9959,13924.72,0.799993,92.814826
979.100,92.8148,300.0000,65.0000,64.9959,13924.56,0.799964,92.814826
979.200,92.8148,300.0000,65.0000,64.9958,13924.40,0.799937,92.814826
979.300,92.8148,300.0000,65.0000,64.9958,13924.26,0.799912,92.814826
979.400,92.8148,300.0000,65.0625,64.9958,13924.12,0.799889,92.814826
979.500,92.8148,300.0000,65.0000,64.9958,13923.99,0.799867,92.814826
979.600,92.8148,300.0000,65.0625,64.9958,13923.88,0.799847,92.814826
979.700,92.8148,300.0000,64.9375,64.9958,13923.77,0.799828,92.814826
979.800,92.8148,300.0000,65.0625,64.9958,13923.66,0.799810,92.814826
979.900,92.8148,300.0000,65.0000,64.9957,13923.57,0.799793,92.814826
980.000,92.8148,300.0000,65.0625,64.9957,13923.48,0.799778,92.814826
980.100,92.8148,300.0000,65.0000,64.9957,13923.39,0.799763,92.814826
980.200,92.8148,300.0000,64.8750,64.9957,13923.32,0.799750,92.814826
980.300,92.8148,300.0000,64.9375,64.9957,13923.24,0.799737,92.814826
980.400,92.8148,300.0000,65.0625,64.9957,13923.18,0.799726,92.814826
980.500,92.8148,300.0000,65.0625,64.9957,13923.11,0.799715,92.814826
980.600,92.8148,300.0000,64.9375,64.9957,13923.05,0.799705,92.814826
980.700,92.8148,300.0000,64.9375,64.9957,13923.00,0.799695,92.814826
980.800,92.8148,300.0000,65.0000,64.9957,13922.95,0.799686,92.814826
980.900,92.8148,300.0000,65.0000,64.9957,13922.90,0.799678,92.814826
981.000,92.8148,300.0000,65.1250,64.9957,13922.85,0.799670,92.814826
981.100,92.8148,300.0000,64.8750,64.9957,13922.81,0.799663,92.814826
981.200,92.8148,300.0000,65.1250,64.9956,13922.77,0.799656,92.814826
981.300,92.8148,300.0000,64.9375,64.9956,13922.74,0.799650,92.814826
981.400,92.8148,300.0000,65.0625,64.9956,13922.70,0.799644,92.814826
981.500,92.8148,300.0000,65.0625,64.9956,13922.67,0.799639,92.814826
981.600,92.8148,300.0000,64.8750,64.9956,13922.64,0.799633,92.814826
981.700,92.8148,300.0000,65.0000,64.9956,13922.61,0.799629,92.814826
981.800,92.8148,300.0000,64.9375,64.9956,13922.59,0.799624,92.814826
981.900,92.8148,300.0000,65.0000,64.9956,13922.56,0.799620,92.814826
982.000,92.8148,300.0000,64.9375,64.9956,13922.54,0.799616,92.814826
982.100,92.8148,300.0000,65.0000,64.9956,13922.52,0.799613,92.814826
982.200,92.8148,300.0000,65.0000,64.9956,13922.50,0.799609,92.814826
982.300,92.8148,300.0000,65.1250,64.9956,13922.48,0.799606,92.814826
982.400,92.8148,300.0000,64.9375,64.9956,13922.46,0.799603,92.814826
982.500,92.8148,300.0000,65.0000,64.9956,13922.45,0.799600,92.814826
982.600,92.8148,300.0000,65.0000,64.9956,13922.43,0.799598,92.814826
982.700,92.8148,300.0000,65.0000,64.9956,13922.42,0.799595,92.814826
982.800,92.8148,300.0000,65.0000,64.9956,13922.41,0.799593,92.814826
982.900,92.8148,300.0000,64.9375,64.9956,13922.39,0.799591,92.814826
983.000,92.6403,300.0000,65.0000,64.9956,13920.64,0.799288,92.810945
983.100,92.6403,300.0000,64.9375,64.9956,13919.00,0.799006,92.810945
983.200,92.6403,300.0000,64.9375,64.9957,13917.47,0.798743,92.810945
983.300,92.6403,300.0000,65.0625,64.9957,13916.04,0.798497,92.810945
983.400,92.6403,300.0000,64.9375,64.9958,13914.71,0.798267,92.810945
983.500,92.6403,300.0000,65.0000,64.9959,13913.46,0.798053,92.810945
983.600,92.6403,300.0000,65.0000,64.9959,13912.30,0.797853,92.810945
983.700,92.6403,300.0000,65.0000,64.9960,13911.22,0.797667,92.810945
983.800,92.6403,300.0000,65.0000,64.9961,13910.21,0.797493,92.810945
983.900,92.6403,300.0000,64.9375,64.9962,13909.26,0.797331,92.810945
984.000,92.6364,300.0000,65.0000,64.9964,13908.34,0.797172,92.807064
984.100,92.6364,300.0000,65.0000,64.9965,13907.48,0.797025,92.807064
984.200,92.6364,300.0000,65.0000,64.9966,13906.68,0.796887,92.807064
984.300,92.6364,300.0000,65.0625,64.9967,13905.93,0.796758,92.807064
984.400,92.6364,300.0000,65.0625,64.9969,13905.24,0.796638,92.807064
984.500,92.6364,300.0000,65.0000,64.9970,13904.58,0.796526,92.807064
984.600,92.6364,300.0000,65.0625,64.9972,13903.98,0.796422,92.807064
984.700,92.6364,300.0000,65.0000,64.9973,13903.41,0.796324,92.807064
984.800,92.6364,300.0000,65.0000,64.9975,13902.88,0.796233,92.807064
984.900,92.6364,300.0000,65.0000,64.9976,13902.38,0.796148,92.807064
985.000,92.8071,300.0000,65.0000,64.9978,13903.63,0.796362,92.807064
985.100,92.8071,300.0000,65.0625,64.9979,13904.79,0.796562,92.807064
985.200,92.8071,300.0000,64.9375,64.9981,13905.88,0.796748,92.807064
985.300,92.8071,300.0000,65.0000,64.9982,13906.89,0.796923,92.807064
985.400,92.8071,300.0000,65.0000,64.9983,13907.83,0.797085,92.807064
985.500,92.8071,300.0000,64.9375,64.9984,13908.71,0.797237,92.807064
985.600,92.8071,300.0000,65.0000,64.9985,13909.54,0.797378,92.807064
985.700,92.8071,300.0000,65.0000,64.9986,13910.31,0.797510,92.807064
985.800,92.8071,300.0000,65.0000,64.9987,13911.02,0.797634,92.807064
985.900,92.8071,300.0000,64.9375,64.9988,13911.69,0.797749,92.807064
986.000,92.6325,300.0000,65.0000,64.9988,13910.57,0.797556,92.803183
986.100,92.6325,300.0000,65.0000,64.9989,13909.52,0.797376,92.803183
986.200,92.6325,300.0000,65.0000,64.9990,13908.55,0.797208,92.803183
986.300,92.6325,300.0000,65.0000,64.9992,13907.64,0.797051,92.803183
986.400,92.6325,300.0000,64.9375,64.9993,13906.79,0.796905,92.803183
986.500,92.6325,300.0000,64.9375,64.9994,13905.99,0.796769,92.803183
986.600,92.6325,300.0000,65.0000,64.9995,13905.25,0.796641,92.803183
986.700,92.6325,300.0000,65.0625,64.9997,13904.56,0.796522,92.803183
986.800,92.6325,300.0000,65.0625,64.9998,13903.92,0.796412,92.803183
986.900,92.6325,300.0000,65.0625,65.0000,13903.31,0.796308,92.803183
987.000,92.9777,300.0000,65.0000,65.0001,13906.20,0.796805,92.807064
987.100,92.9777,300.0000,64.9375,65.0002,13908.90,0.797268,92.807064
987.200,92.9777,300.0000,64.9375,65.0003,13911.42,0.797701,92.807064
987.300,92.9777,300.0000,65.0000,65.0003,13913.77,0.798106,92.807064
987.400,92.9777,300.0000,65.0000,65.0004,13915.96,0.798483,92.807064
987.500,92.9777,300.0000,65.0000,65.0004,13918.01,0.798835,92.807064
987.600,92.9777,300.0000,64.9375,65.0004,13919.92,0.799164,92.807064
987.700,92.9777,300.0000,65.0625,65.0004,13921.70,0.799471,92.807064
987.800,92.9777,300.0000,65.0000,65.0004,13923.36,0.799758,92.807064
987.900,92.9777,300.0000,64.9375,65.0003,13924.92,0.800026,92.807064
988.000,92.6325,300.0000,65.0000,65.0003,13922.91,0.799681,92.803183
988.100,92.6325,300.0000,64.8750,65.0003,13921.04,0.799359,92.803183
988.200,92.6325,300.0000,65.0000,65.0003,13919.30,0.799058,92.803183
988.300,92.6325,300.0000,64.9375,65.0004,13917.67,0.798778,92.803183
988.400,92.6325,300.0000,64.9375,65.0004,13916.15,0.798516,92.803183
988.500,92.6325,300.0000,64.9375,65.0005,13914.73,0.798272,92.803183
988.600,92.6325,300.0000,65.0625,65.0005,13913.41,0.798044,92.803183
988.700,92.6325,300.0000,65.0000,65.0006,13912.18,0.797832,92.803183
988.800,92.6325,300.0000,64.9375,65.0007,13911.02,0.797633,92.803183
988.900,92.6325,300.0000,65.0000,65.0008,13909.95,0.797448,92.803183
989.000,92.8032,300.0000,65.0625,65.0009,13910.65,0.797569,92.803183
989.100,92.8032,300.0000,64.9375,65.0009,13911.30,0.797682,92.803183
989.200,92.8032,300.0000,64.9375,65.0010,13911.92,0.797787,92.803183
989.300,92.8032,300.0000,65.0000,65.0011,13912.49,0.797885,92.803183
989.400,92.8032,300.0000,65.0000,65.0011,13913.02,0.797977,92.803183
989.500,92.8032,300.0000,65.0000,65.0012,13913.52,0.798062,92.803183
989.600,92.8032,300.0000,65.0000,65.0013,13913.98,0.798142,92.803183
989.700,92.8032,300.0000,65.0000,65.0013,13914.41,0.798217,92.803183
989.800,92.8032,300.0000,64.9375,65.0014,13914.82,0.798286,92.803183
989.900,92.8032,300.0000,65.0000,65.0014,13915.19,0.798351,92.803183
990.000,92.8032,300.0000,64.9375,65.0014,13915.55,0.798412,92.803183
990.100,92.8032,300.0000,65.0000,65.0015,13915.88,0.798469,92.803183
990.200,92.8032,300.0000,65.0000,65.0015,13916.18,0.798521,92.803183
990.300,92.8032,300.0000,65.0000,65.0016,13916.47,0.798571,92.803183
990.400,92.8032,300.0000,64.9375,65.0016,13916.74,0.798617,92.803183
990.500,92.8032,300.0000,65.0625,65.0016,13916.99,0.798660,92.803183
990.600,92.8032,300.0000,64.9375,65.0016,13917.22,0.798700,92.803183
990.700,92.8032,300.0000,65.0000,65.0017,13917.44,0.798737,92.803183
990.800,92.8032,300.0000,65.0000,65.0017,13917.64,0.798772,92.803183
990.900,92.8032,300.0000,64.9375,65.0017,13917.83,0.798805,92.803183
991.000,92.6287,300.0000,64.9375,65.0018,13916.26,0.798535,92.799303
991.100,92.6287,300.0000,65.0625,65.0018,13914.79,0.798283,92.799303
991.200,92.6287,300.0000,65.0000,65.0019,13913.43,0.798047,92.799303
991.300,92.6287,300.0000,64.9375,65.0019,13912.15,0.797828,92.799303
991.400,92.6287,300.0000,65.0000,65.0020,13910.96,0.797623,92.799303
991.500,92.6287,300.0000,65.0625,65.0021,13909.85,0.797432,92.799303
991.600,92.6287,300.0000,65.0000,65.0022,13908.81,0.797254,92.799303
991.700,92.6287,300.0000,65.0000,65.0023,13907.85,0.797087,92.799303
991.800,92.6287,300.0000,65.0625,65.0024,13906.94,0.796932,92.799303
991.900,92.6287,300.0000,65.0000,65.0025,13906.10,0.796787,92.799303
992.000,92.7993,300.0000,65.0000,65.0026,13907.02,0.796945,92.799303
992.100,92.7993,300.0000,65.0625,65.0027,13907.88,0.797093,92.799303
992.200,92.7993,300.0000,65.0000,65.0028,13908.68,0.797231,92.799303
992.300,92.7993,300.0000,64.9375,65.0029,13909.43,0.797359,92.799303
992.400,92.7993,300.0000,65.1250,65.0030,13910.13,0.797479,92.799303
992.500,92.7993,300.0000,65.0000,65.0031,13910.78,0.797591,92.799303
992.600,92.7993,300.0000,65.0625,65.0032,13911.38,0.797696,92.799303
992.700,92.7993,300.0000,65.0000,65.0032,13911.95,0.797793,92.799303
992.800,92.7993,300.0000,64.9375,65.0033,13912.48,0.797885,92.799303
992.900,92.7993,300.0000,65.0000,65.0034,13912.98,0.797970,92.799303
993.000,92.7993,300.0000,64.9375,65.0034,13913.44,0.798049,92.799303
993.100,92.7993,300.0000,65.0000,65.0035,13913.87,0.798123,92.799303
993.200,92.7993,300.0000,64.9375,65.0035,13914.27,0.798192,92.799303
993.300,92.7993,300.0000,65.0000,65.0036,13914.64,0.798257,92.799303
993.400,92.7993,300.0000,65.0000,65.0036,13914.99,0.798317,92.799303
993.500,92.7993,300.0000,65.0625,65.0036,13915.32,0.798373,92.799303
993.600,92.7993,300.0000,65.0625,65.0037,13915.63,0.798426,92.799303
993.700,92.7993,300.0000,65.0625,65.0037,13915.91,0.798475,92.799303
993.800,92.7993,300.0000,65.0625,65.0037,13916.18,0.798520,92.799303
993.900,92.7993,300.0000,64.8750,65.0038,13916.42,0.798563,92.799303
994.000,92.4502,300.0000,65.0000,65.0038,13913.17,0.798002,92.791541
994.100,92.4502,300.0000,65.0625,65.0039,13910.12,0.797479,92.791541
994.200,92.4502,300.0000,65.0000,65.0040,13907.28,0.796991,92.791541
994.300,92.4502,300.0000,65.0625,65.0041,13904.63,0.796535,92.791541
994.400,92.4502,300.0000,65.0000,65.0043,13902.16,0.796110,92.791541
994.500,92.4502,300.0000,65.0625,65.0045,13899.85,0.795714,92.791541
994.600,92.4502,300.0000,65.1250,65.0046,13897.70,0.795344,92.791541
994.700,92.4502,300.0000,65.0000,65.0048,13895.69,0.794999,92.791541
994.800,92.4502,300.0000,65.0000,65.0051,13893.81,0.794676,92.791541
994.900,92.4502,300.0000,65.0000,65.0053,13892.06,0.794376,92.791541
995.000,92.7915,300.0000,65.0625,65.0055,13893.84,0.794681,92.791541
995.100,92.7915,300.0000,65.0000,65.0057,13895.50,0.794966,92.791541
995.200,92.7915,300.0000,65.0625,65.0059,13897.05,0.795232,92.791541
995.300,92.7915,300.0000,65.0625,65.0061,13898.49,0.795480,92.791541
995.400,92.7915,300.0000,65.0000,65.0062,13899.84,0.795712,92.791541
995.500,92.7915,300.0000,65.0000,65.0064,13901.10,0.795928,92.791541
995.600,92.7915,300.0000,64.8750,65.0065,13902.28,0.796130,92.791541
995.700,92.7915,300.0000,65.0000,65.0067,13903.37,0.796318,92.791541
995.800,92.7915,300.0000,64.9375,65.0068,13904.40,0.796494,92.791541
995.900,92.7915,300.0000,64.9375,65.0069,13905.35,0.796659,92.791541
996.000,92.6170,300.0000,64.9375,65.0070,13904.50,0.796512,92.787660
996.100,92.6170,300.0000,65.0625,65.0071,13903.70,0.796375,92.787660
996.200,92.6170,300.0000,64.9375,65.0073,13902.96,0.796247,92.787660
996.300,92.6170,300.0000,65.0000,65.0074,13902.27,0.796128,92.787660
996.400,92.6170,300.0000,64.9375,65.0076,13901.62,0.796017,92.787660
996.500,92.6170,300.0000,64.9375,65.0077,13901.01,0.795913,92.787660
996.600,92.6170,300.0000,65.0000,65.0079,13900.45,0.795816,92.787660
996.700,92.6170,300.0000,64.9375,65.0080,13899.92,0.795726,92.787660
996.800,92.6170,300.0000,65.0000,65.0082,13899.43,0.795641,92.787660
996.900,92.6170,300.0000,64.9375,65.0083,13898.97,0.795563,92.787660
997.000,92.6131,300.0000,65.0625,65.0085,13898.51,0.795482,92.783779
997.100,92.6131,300.0000,64.9375,65.0087,13898.07,0.795408,92.783779
997.200,92.6131,300.0000,64.9375,65.0089,13897.66,0.795338,92.783779
997.300,92.6131,300.0000,65.0000,65.0090,13897.28,0.795273,92.783779
997.400,92.6131,300.0000,65.0000,65.0092,13896.93,0.795212,92.783779
997.500,92.6131,300.0000,64.9375,65.0094,13896.60,0.795155,92.783779
997.600,92.6131,300.0000,64.9375,65.0096,13896.29,0.795102,92.783779
997.700,92.6131,300.0000,65.0000,65.0098,13896.00,0.795053,92.783779
997.800,92.6131,300.0000,64.9375,65.0100,13895.73,0.795006,92.783779
997.900,92.6131,300.0000,65.0625,65.0102,13895.48,0.794963,92.783779
998.000,92.9583,300.0000,65.0000,65.0103,13898.70,0.795516,92.787660
998.100,92.9583,300.0000,65.0000,65.0105,13901.70,0.796031,92.787660
998.200,92.9583,300.0000,65.0000,65.0106,13904.51,0.796513,92.787660
998.300,92.9583,300.0000,65.0000,65.0107,13907.12,0.796963,92.787660
998.400,92.9583,300.0000,65.0625,65.0107,13909.56,0.797383,92.787660
998.500,92.9583,300.0000,65.0625,65.0108,13911.84,0.797775,92.787660
998.600,92.9583,300.0000,65.0000,65.0108,13913.97,0.798140,92.787660
998.700,92.9583,300.0000,65.0625,65.0108,13915.95,0.798482,92.787660
998.800,92.9583,300.0000,65.0000,65.0108,13917.81,0.798801,92.787660
998.900,92.9583,300.0000,65.0625,65.0108,13919.54,0.799099,92.787660
999.000,92.9622,300.0000,65.0625,65.0108,13921.19,0.799384,92.791541
999.100,92.9622,300.0000,65.0000,65.0108,13922.73,0.799649,92.791541
999.200,92.9622,300.0000,65.0000,65.0107,13924.17,0.799897,92.791541
999.300,92.9622,300.0000,65.0000,65.0107,13925.52,0.800129,92.791541
999.400,92.9622,300.0000,65.0625,65.0106,13926.77,0.800345,92.791541
999.500,92.9622,300.0000,65.0000,65.0105,13927.94,0.800547,92.791541
999.600,92.9622,300.0000,65.0625,65.0104,13929.03,0.800736,92.791541
999.700,92.9622,300.0000,65.0625,65.0103,13930.05,0.800911,92.791541
999.800,92.9622,300.0000,65.0625,65.0102,13931.00,0.801076,92.791541
999.900,92.9622,300.0000,65.0000,65.0101,13931.89,0.801229,92.791541
1000.000,92.7915,300.0000,64.9375,65.0100,13931.02,0.801077,92.791541
1000.100,92.7915,300.0000,65.0000,65.0099,13930.20,0.800936,92.791541
1000.200,92.7915,300.0000,64.9375,65.0098,13929.43,0.800804,92.791541
1000.300,92.7915,300.0000,65.0625,65.0097,13928.72,0.800681,92.791541
1000.400,92.7915,300.0000,64.9375,65.0096,13928.05,0.800567,92.791541
1000.500,92.7915,300.0000,65.0625,65.0096,13927.43,0.800459,92.791541
1000.600,92.7915,300.0000,65.0000,65.0095,13926.85,0.800359,92.791541
1000.700,92.7915,300.0000,65.0000,65.0094,13926.31,0.800266,92.791541
1000.800,92.7915,300.0000,64.8750,65.0094,13925.80,0.800179,92.791541
1000.900,92.7915,300.0000,64.9375,65.0093,13925.33,0.800098,92.791541
1001.000,92.6170,300.0000,65.0625,65.0093,13923.15,0.799721,92.787660
1001.100,92.6170,300.0000,64.8750,65.0092,13921.11,0.799370,92.787660
1001.200,92.6170,300.0000,64.9375,65.0092,13919.20,0.799042,92.787660
1001.300,92.6170,300.0000,65.0000,65.0093,13917.43,0.798736,92.787660
1001.400,92.6170,300.0000,65.0000,65.0093,13915.77,0.798450,92.787660
1001.500,92.6170,300.0000,65.0000,65.0093,13914.22,0.798184,92.787660
1001.600,92.6170,300.0000,65.0000,65.0094,13912.78,0.797935,92.787660
1001.700,92.6170,300.0000,65.0000,65.0094,13911.43,0.797703,92.787660
1001.800,92.6170,300.0000,65.0000,65.0095,13910.17,0.797487,92.787660
1001.900,92.6170,300.0000,65.0625,65.0096,13909.00,0.797285,92.787660
1002.000,92.9622,300.0000,65.0000,65.0096,13911.35,0.797690,92.791541
1002.100,92.9622,300.0000,65.0625,65.0097,13913.55,0.798068,92.791541
1002.200,92.9622,300.0000,65.0000,65.0097,13915.60,0.798421,92.791541
1002.300,92.9622,300.0000,65.0625,65.0097,13917.52,0.798751,92.791541
1002.400,92.9622,300.0000,65.0000,65.0097,13919.30,0.799059,92.791541
1002.500,92.9622,300.0000,64.9375,65.0097,13920.97,0.799346,92.791541
1002.600,92.9622,300.0000,65.0000,65.0096,13922.53,0.799614,92.791541
1002.700,92.9622,300.0000,65.0000,65.0096,13923.98,0.799865,92.791541
1002.800,92.9622,300.0000,65.0000,65.0095,13925.34,0.800099,92.791541
1002.900,92.9622,300.0000,65.0000,65.0095,13926.60,0.800317,92.791541
1003.000,92.7915,300.0000,65.0000,65.0094,13926.08,0.800226,92.791541
1003.100,92.7915,300.0000,65.0000,65.0093,13925.59,0.800142,92.791541
1003.200,92.7915,300.0000,65.0000,65.0093,13925.13,0.800063,92.791541
1003.300,92.7915,300.0000,65.0625,65.0092,13924.71,0.799990,92.791541
1003.400,92.7915,300.0000,65.0000,65.0092,13924.31,0.799921,92.791541
1003.500,92.7915,300.0000,65.0000,65.0091,13923.94,0.799857,92.791541
1003.600,92.7915,300.0000,65.0625,65.0091,13923.59,0.799797,92.791541
1003.700,92.7915,300.0000,64.9375,65.0091,13923.27,0.799741,92.791541
1003.800,92.7915,300.0000,65.0000,65.0090,13922.96,0.799689,92.791541
1003.900,92.7915,300.0000,65.0000,65.0090,13922.68,0.799641,92.791541
1004.000,92.7915,300.0000,64.9375,65.0090,13922.42,0.799595,92.791541
1004.100,92.7915,300.0000,65.0000,65.0089,13922.17,0.799553,92.791541
1004.200,92.7915,300.0000,65.0000,65.0089,13921.94,0.799513,92.791541
1004.300,92.7915,300.0000,65.0625,65.0089,13921.73,0.799476,92.791541
1004.400,92.7915,300.0000,65.0000,65.0089,13921.53,0.799442,92.791541
1004.500,92.7915,300.0000,65.0000,65.0088,13921.34,0.799410,92.791541
1004.600,92.7915,300.0000,65.0000,65.0088,13921.17,0.799380,92.791541
1004.700,92.7915,300.0000,65.0625,65.0088,13921.01,0.799352,92.791541
1004.800,92.7915,300.0000,65.0625,65.0088,13920.85,0.799326,92.791541
1004.900,92.7915,300.0000,65.0000,65.0088,13920.71,0.799301,92.791541
1005.000,92.7915,300.0000,65.0625,65.0087,13920.58,0.799279,92.791541
1005.100,92.7915,300.0000,64.9375,65.0087,13920.46,0.799257,92.791541
1005.200,92.7915,300.0000,65.0000,65.0087,13920.34,0.799238,92.791541
1005.300,92.7915,300.0000,65.1250,65.0087,13920.23,0.799219,92.791541
1005.400,92.7915,300.0000,65.0000,65.0087,13920.13,0.799202,92.791541
1005.500,92.7915,300.0000,65.0000,65.0087,13920.04,0.799186,92.791541
1005.600,92.7915,300.0000,65.0625,65.0087,13919.95,0.799171,92.791541
1005.700,92.7915,300.0000,65.0000,65.0087,13919.87,0.799157,92.791541
1005.800,92.7915,300.0000,65.0000,65.0087,13919.80,0.799144,92.791541
1005.900,92.7915,300.0000,65.0625,65.0086,13919.72,0.799131,92.791541
1006.000,92.9661,300.0000,65.1250,65.0086,13921.40,0.799421,92.795422
1006.100,92.9661,300.0000,65.0000,65.0086,13922.97,0.799691,92.795422
1006.200,92.9661,300.0000,65.0625,65.0085,13924.43,0.799943,92.795422
1006.300,92.9661,300.0000,64.9375,65.0085,13925.80,0.800178,92.795422
1006.400,92.9661,300.0000,65.0625,65.0084,13927.07,0.800398,92.795422
1006.500,92.9661,300.0000,65.1250,65.0083,13928.26,0.800603,92.795422
1006.600,92.9661,300.0000,65.0000,65.0082,13929.37,0.800794,92.795422
1006.700,92.9661,300.0000,64.9375,65.0082,13930.41,0.800973,92.795422
1006.800,92.9661,300.0000,65.0000,65.0080,13931.37,0.801140,92.795422
1006.900,92.9661,300.0000,64.9375,65.0079,13932.28,0.801295,92.795422
1007.000,92.6209,300.0000,64.8750,65.0078,13929.67,0.800845,92.791541
1007.100,92.6209,300.0000,65.0625,65.0078,13927.23,0.800425,92.791541
1007.200,92.6209,300.0000,65.0000,65.0077,13924.96,0.800033,92.791541
1007.300,92.6209,300.0000,65.0625,65.0077,13922.84,0.799668,92.791541
1007.400,92.6209,300.0000,65.0000,65.0077,13920.86,0.799326,92.791541
1007.500,92.6209,300.0000,65.0625,65.0077,13919.01,0.799008,92.791541
1007.600,92.6209,300.0000,64.9375,65.0077,13917.28,0.798711,92.791541
1007.700,92.6209,300.0000,65.0000,65.0077,13915.67,0.798434,92.791541
1007.800,92.6209,300.0000,65.0000,65.0078,13914.17,0.798175,92.791541
1007.900,92.6209,300.0000,64.9375,65.0078,13912.77,0.797934,92.791541
1008.000,92.6170,300.0000,65.0000,65.0079,13911.42,0.797702,92.787660
1008.100,92.6170,300.0000,64.9375,65.0079,13910.16,0.797486,92.787660
1008.200,92.6170,300.0000,65.0625,65.0080,13908.99,0.797284,92.787660
1008.300,92.6170,300.0000,65.0625,65.0081,13907.89,0.797095,92.787660
1008.400,92.6170,300.0000,65.0625,65.0082,13906.87,0.796919,92.787660
1008.500,92.6170,300.0000,65.0000,65.0083,13905.92,0.796755,92.787660
1008.600,92.6170,300.0000,65.0000,65.0084,13905.02,0.796602,92.787660
1008.700,92.6170,300.0000,65.0000,65.0086,13904.19,0.796459,92.787660
1008.800,92.6170,300.0000,65.0625,65.0087,13903.42,0.796326,92.787660
1008.900,92.6170,300.0000,65.0625,65.0088,13902.69,0.796201,92.787660
1009.000,92.9622,300.0000,64.9375,65.0089,13905.47,0.796678,92.791541
1009.100,92.9622,300.0000,65.0000,65.0090,13908.06,0.797124,92.791541
1009.200,92.9622,300.0000,65.0625,65.0091,13910.48,0.797540,92.791541
1009.300,92.9622,300.0000,65.0000,65.0091,13912.73,0.797928,92.791541
1009.400,92.9622,300.0000,65.0625,65.0092,13914.84,0.798290,92.791541
1009.500,92.9622,300.0000,64.9375,65.0092,13916.81,0.798629,92.791541
1009.600,92.9622,300.0000,65.0000,65.0092,13918.64,0.798945,92.791541
1009.700,92.9622,300.0000,65.0625,65.0092,13920.35,0.799240,92.791541
1009.800,92.9622,300.0000,65.0625,65.0091,13921.95,0.799515,92.791541
1009.900,92.9622,300.0000,65.0625,65.0091,13923.44,0.799772,92.791541
1010.000,92.9661,300.0000,64.9375,65.0090,13924.87,0.800019,92.795422
1010.100,92.9661,300.0000,65.0625,65.0090,13926.21,0.800249,92.795422
1010.200,92.9661,300.0000,65.0000,65.0089,13927.46,0.800464,92.795422
1010.300,92.9661,300.0000,65.0625,65.0088,13928.62,0.800664,92.795422
1010.400,92.9661,300.0000,64.9375,65.0087,13929.71,0.800852,92.795422
1010.500,92.9661,300.0000,65.0000,65.0086,13930.72,0.801027,92.795422
1010.600,92.9661,300.0000,65.0000,65.0085,13931.67,0.801190,92.795422
1010.700,92.9661,300.0000,65.0000,65.0084,13932.55,0.801342,92.795422
1010.800,92.9661,300.0000,65.0000,65.0083,13933.37,0.801484,92.795422
1010.900,92.9661,300.0000,64.9375,65.0082,13934.14,0.801617,92.795422
1011.000,92.6209,300.0000,65.0625,65.0081,13931.41,0.801145,92.791541
1011.100,92.6209,300.0000,65.0000,65.0080,13928.86,0.800705,92.791541
1011.200,92.6209,300.0000,65.0000,65.0079,13926.48,0.800295,92.791541
1011.300,92.6209,300.0000,65.0625,65.0079,13924.25,0.799911,92.791541
1011.400,92.6209,300.0000,65.0000,65.0078,13922.18,0.799554,92.791541
1011.500,92.6209,300.0000,65.0000,65.0078,13920.24,0.799220,92.791541
1011.600,92.6209,300.0000,65.0000,65.0078,13918.43,0.798909,92.791541
1011.700,92.6209,300.0000,65.0000,65.0079,13916.75,0.798619,92.791541
1011.800,92.6209,300.0000,65.0625,65.0079,13915.17,0.798348,92.791541
1011.900,92.6209,300.0000,65.0625,65.0079,13913.70,0.798095,92.791541
1012.000,92.9661,300.0000,65.0000,65.0080,13915.78,0.798453,92.795422
1012.100,92.9661,300.0000,65.0625,65.0080,13917.73,0.798787,92.795422
1012.200,92.9661,300.0000,65.0000,65.0080,13919.54,0.799099,92.795422
1012.300,92.9661,300.0000,65.0625,65.0079,13921.23,0.799391,92.795422
1012.400,92.9661,300.0000,65.0625,65.0079,13922.81,0.799663,92.795422
1012.500,92.9661,300.0000,65.0625,65.0079,13924.28,0.799917,92.795422
1012.600,92.9661,300.0000,65.0625,65.0078,13925.66,0.800154,92.795422
1012.700,92.9661,300.0000,65.0000,65.0077,13926.94,0.800375,92.795422
1012.800,92.9661,300.0000,64.9375,65.0077,13928.14,0.800581,92.795422
1012.900,92.9661,300.0000,65.0000,65.0076,13929.26,0.800774,92.795422
1013.000,92.7954,300.0000,65.0000,65.0075,13928.59,0.800660,92.795422
1013.100,92.7954,300.0000,64.9375,65.0074,13927.98,0.800553,92.795422
1013.200,92.7954,300.0000,65.0000,65.0074,13927.40,0.800454,92.795422
1013.300,92.7954,300.0000,64.9375,65.0073,13926.86,0.800361,92.795422
1013.400,92.7954,300.0000,65.0625,65.0072,13926.36,0.800274,92.795422
1013.500,92.7954,300.0000,65.0000,65.0072,13925.89,0.800193,92.795422
1013.600,92.7954,300.0000,65.0000,65.0071,13925.45,0.800118,92.795422
1013.700,92.7954,300.0000,65.0625,65.0071,13925.04,0.800047,92.795422
1013.800,92.7954,300.0000,65.0000,65.0070,13924.66,0.799981,92.795422
1013.900,92.7954,300.0000,65.0625,65.0070,13924.30,0.799920,92.795422
1014.000,92.9700,300.0000,65.0000,65.0069,13925.71,0.800163,92.799303
1014.100,92.9700,300.0000,65.0625,65.0069,13927.03,0.800391,92.799303
1014.200,92.9700,300.0000,65.0000,65.0068,13928.26,0.800603,92.799303
1014.300,92.9700,300.0000,65.0000,65.0067,13929.41,0.800801,92.799303
1014.400,92.9700,300.0000,65.0000,65.0066,13930.48,0.800986,92.799303
1014.500,92.9700,300.0000,65.0000,65.0065,13931.48,0.801158,92.799303
1014.600,92.9700,300.0000,65.0000,65.0064,13932.42,0.801320,92.799303
1014.700,92.9700,300.0000,65.0000,65.0063,13933.29,0.801470,92.799303
1014.800,92.9700,300.0000,65.0000,65.0062,13934.10,0.801610,92.799303
1014.900,92.9700,300.0000,65.0625,65.0060,13934.86,0.801741,92.799303
1015.000,92.9738,300.0000,65.0625,65.0059,13935.61,0.801870,92.803183
1015.100,92.9738,300.0000,65.0625,65.0058,13936.31,0.801991,92.803183
1015.200,92.9738,300.0000,65.0625,65.0056,13936.96,0.802103,92.803183
1015.300,92.9738,300.0000,65.0625,65.0055,13937.57,0.802208,92.803183
1015.400,92.9738,300.0000,64.9375,65.0053,13938.13,0.802306,92.803183
1015.500,92.9738,300.0000,65.0625,65.0052,13938.66,0.802398,92.803183
1015.600,92.9738,300.0000,65.0625,65.0050,13939.16,0.802483,92.803183
1015.700,92.9738,300.0000,65.0625,65.0048,13939.62,0.802563,92.803183
1015.800,92.9738,300.0000,65.0625,65.0047,13940.05,0.802637,92.803183
1015.900,92.9738,300.0000,65.0000,65.0045,13940.45,0.802706,92.803183
1016.000,92.8032,300.0000,65.0000,65.0043,13939.12,0.802476,92.803183
1016.100,92.8032,300.0000,65.0000,65.0042,13937.88,0.802262,92.803183
1016.200,92.8032,300.0000,65.0000,65.0040,13936.72,0.802061,92.803183
1016.300,92.8032,300.0000,64.8750,65.0039,13935.63,0.801875,92.803183
1016.400,92.8032,300.0000,65.0000,65.0038,13934.62,0.801700,92.803183
1016.500,92.8032,300.0000,65.0625,65.0037,13933.68,0.801537,92.803183
1016.600,92.8032,300.0000,65.0000,65.0036,13932.80,0.801385,92.803183
1016.700,92.8032,300.0000,65.0000,65.0035,13931.98,0.801244,92.803183
1016.800,92.8032,300.0000,64.9375,65.0034,13931.21,0.801111,92.803183
1016.900,92.8032,300.0000,64.9375,65.0033,13930.50,0.800988,92.803183
1017.000,92.6287,300.0000,65.0000,65.0032,13928.08,0.800572,92.799303
1017.100,92.6287,300.0000,65.0625,65.0032,13925.83,0.800183,92.799303
1017.200,92.6287,300.0000,65.0625,65.0032,13923.73,0.799821,92.799303
1017.300,92.6287,300.0000,65.0625,65.0031,13921.77,0.799483,92.799303
1017.400,92.6287,300.0000,65.0625,65.0031,13919.94,0.799168,92.799303
1017.500,92.6287,300.0000,64.9375,65.0032,13918.23,0.798873,92.799303
1017.600,92.6287,300.0000,65.0625,65.0032,13916.63,0.798599,92.799303
1017.700,92.6287,300.0000,64.8750,65.0032,13915.14,0.798342,92.799303
1017.800,92.6287,300.0000,65.0625,65.0033,13913.75,0.798103,92.799303
1017.900,92.6287,300.0000,65.0000,65.0033,13912.46,0.797880,92.799303
1018.000,92.7993,300.0000,64.9375,65.0034,13912.95,0.797965,92.799303
1018.100,92.7993,300.0000,65.1250,65.0035,13913.41,0.798045,92.799303
1018.200,92.7993,300.0000,65.0625,65.0035,13913.85,0.798119,92.799303
1018.300,92.7993,300.0000,64.9375,65.0036,13914.25,0.798189,92.799303
1018.400,92.7993,300.0000,65.0625,65.0036,13914.63,0.798254,92.799303
1018.500,92.7993,300.0000,65.0000,65.0036,13914.98,0.798314,92.799303
1018.600,92.7993,300.0000,64.9375,65.0037,13915.31,0.798370,92.799303
1018.700,92.7993,300.0000,64.8750,65.0037,13915.61,0.798423,92.799303
1018.800,92.7993,300.0000,65.0000,65.0038,13915.90,0.798472,92.799303
1018.900,92.7993,300.0000,65.0000,65.0038,13916.16,0.798518,92.799303
1019.000,92.7993,300.0000,65.0000,65.0038,13916.41,0.798561,92.799303
1019.100,92.7993,300.0000,65.0625,65.0038,13916.64,0.798601,92.799303
1019.200,92.7993,300.0000,65.0000,65.0039,13916.86,0.798638,92.799303
1019.300,92.7993,300.0000,65.0000,65.0039,13917.06,0.798673,92.799303
1019.400,92.7993,300.0000,64.8750,65.0039,13917.25,0.798706,92.799303
1019.500,92.7993,300.0000,65.1250,65.0039,13917.43,0.798736,92.799303
1019.600,92.7993,300.0000,65.0000,65.0040,13917.59,0.798764,92.799303
1019.700,92.7993,300.0000,64.9375,65.0040,13917.75,0.798791,92.799303
1019.800,92.7993,300.0000,65.0000,65.0040,13917.89,0.798815,92.799303
1019.900,92.7993,300.0000,65.0000,65.0040,13918.02,0.798838,92.799303
1020.000,92.7993,300.0000,65.0000,65.0040,13918.15,0.798860,92.799303
1020.100,92.7993,300.0000,64.9375,65.0040,13918.26,0.798880,92.799303
1020.200,92.7993,300.0000,65.0000,65.0041,13918.37,0.798899,92.799303
1020.300,92.7993,300.0000,65.0625,65.0041,13918.47,0.798916,92.799303
1020.400,92.7993,300.0000,65.0625,65.0041,13918.57,0.798932,92.799303
1020.500,92.7993,300.0000,65.0625,65.0041,13918.66,0.798948,92.799303
1020.600,92.7993,300.0000,65.0625,65.0041,13918.74,0.798962,92.799303
1020.700,92.7993,300.0000,65.0000,65.0041,13918.82,0.798975,92.799303
1020.800,92.7993,300.0000,65.0000,65.0041,13918.89,0.798987,92.799303
1020.900,92.7993,300.0000,64.9375,65.0041,13918.96,0.798999,92.799303
1021.000,92.6248,300.0000,64.9375,65.0042,13917.27,0.798709,92.795422
1021.100,92.6248,300.0000,65.0625,65.0042,13915.70,0.798439,92.795422
1021.200,92.6248,300.0000,65.0000,65.0042,13914.24,0.798187,92.795422
1021.300,92.6248,300.0000,65.0000,65.0043,13912.87,0.797951,92.795422
1021.400,92.6248,300.0000,64.8750,65.0044,13911.59,0.797732,92.795422
1021.500,92.6248,300.0000,64.9375,65.0044,13910.40,0.797527,92.795422
1021.600,92.6248,300.0000,65.0000,65.0045,13909.29,0.797335,92.795422
1021.700,92.6248,300.0000,65.0625,65.0046,13908.25,0.797157,92.795422
1021.800,92.6248,300.0000,65.0000,65.0047,13907.28,0.796990,92.795422
1021.900,92.6248,300.0000,64.9375,65.0048,13906.38,0.796835,92.795422
1022.000,92.6209,300.0000,65.0000,65.0050,13905.49,0.796683,92.791541
1022.100,92.6209,300.0000,64.8750,65.0051,13904.67,0.796541,92.791541
1022.200,92.6209,300.0000,65.0000,65.0052,13903.90,0.796409,92.791541
1022.300,92.6209,300.0000,64.9375,65.0053,13903.18,0.796286,92.791541
1022.400,92.6209,300.0000,65.0000,65.0055,13902.51,0.796171,92.791541
1022.500,92.6209,300.0000,65.0000,65.0056,13901.89,0.796063,92.791541
1022.600,92.6209,300.0000,65.0000,65.0058,13901.30,0.795963,92.791541
1022.700,92.6209,300.0000,64.9375,65.0059,13900.76,0.795869,92.791541
1022.800,92.6209,300.0000,64.9375,65.0061,13900.25,0.795782,92.791541
1022.900,92.6209,300.0000,65.0625,65.0063,13899.78,0.795701,92.791541
1023.000,92.9661,300.0000,65.0625,65.0064,13902.79,0.796217,92.795422
1023.100,92.9661,300.0000,65.0000,65.0065,13905.59,0.796700,92.795422
1023.200,92.9661,300.0000,65.0625,65.0066,13908.21,0.797151,92.795422
1023.300,92.9661,300.0000,65.0000,65.0067,13910.66,0.797571,92.795422
1023.400,92.9661,300.0000,64.9375,65.0067,13912.94,0.797964,92.795422
1023.500,92.9661,300.0000,65.0000,65.0068,13915.08,0.798331,92.795422
1023.600,92.9661,300.0000,65.0000,65.0068,13917.06,0.798673,92.795422
1023.700,92.9661,300.0000,64.9375,65.0068,13918.92,0.798993,92.795422
1023.800,92.9661,300.0000,65.0000,65.0068,13920.65,0.799291,92.795422
1023.900,92.9661,300.0000,65.0625,65.0068,13922.27,0.799570,92.795422
1024.000,92.9700,300.0000,65.0625,65.0067,13923.82,0.799837,92.799303
1024.100,92.9700,300.0000,65.0000,65.0067,13925.26,0.800086,92.799303
1024.200,92.9700,300.0000,65.0000,65.0066,13926.61,0.800318,92.799303
1024.300,92.9700,300.0000,65.0000,65.0065,13927.87,0.800535,92.799303
1024.400,92.9700,300.0000,65.0625,65.0064,13929.05,0.800738,92.799303
1024.500,92.9700,300.0000,65.0625,65.0064,13930.14,0.800927,92.799303
1024.600,92.9700,300.0000,65.0625,65.0063,13931.17,0.801103,92.799303
1024.700,92.9700,300.0000,65.0000,65.0062,13932.12,0.801268,92.799303
1024.800,92.9700,300.0000,65.0000,65.0060,13933.01,0.801422,92.799303
1024.900,92.9700,300.0000,65.0625,65.0059,13933.84,0.801566,92.799303
1025.000,92.9738,300.0000,65.0000,65.0058,13934.66,0.801706,92.803183
1025.100,92.9738,300.0000,65.0000,65.0057,13935.42,0.801838,92.803183
1025.200,92.9738,300.0000,65.0000,65.0055,13936.13,0.801960,92.803183
1025.300,92.9738,300.0000,64.9375,65.0054,13936.79,0.802075,92.803183
1025.400,92.9738,300.0000,65.0000,65.0052,13937.41,0.802182,92.803183
1025.500,92.9738,300.0000,65.0625,65.0051,13937.99,0.802281,92.803183
1025.600,92.9738,300.0000,65.0625,65.0049,13938.53,0.802374,92.803183
1025.700,92.9738,300.0000,65.0000,65.0048,13939.03,0.802461,92.803183
1025.800,92.9738,300.0000,65.0000,65.0046,13939.50,0.802542,92.803183
1025.900,92.9738,300.0000,65.0625,65.0044,13939.94,0.802618,92.803183
1026.000,92.9777,300.0000,65.0625,65.0043,13940.39,0.802695,92.807064
1026.100,92.9777,300.0000,64.9375,65.0041,13940.81,0.802768,92.807064
1026.200,92.9777,300.0000,64.9375,65.0039,13941.20,0.802835,92.807064
1026.300,92.9777,300.0000,65.0000,65.0037,13941.56,0.802898,92.807064
1026.400,92.9777,300.0000,65.1250,65.0036,13941.90,0.802957,92.807064
1026.500,92.9777,300.0000,65.0000,65.0034,13942.22,0.803011,92.807064
1026.600,92.9777,300.0000,65.0625,65.0032,13942.51,0.803063,92.807064
1026.700,92.9777,300.0000,65.0000,65.0030,13942.79,0.803110,92.807064
1026.800,92.9777,300.0000,65.0625,65.0028,13943.05,0.803155,92.807064
1026.900,92.9777,300.0000,65.0000,65.0026,13943.29,0.803196,92.807064
1027.000,92.8071,300.0000,65.0625,65.0024,13941.81,0.802940,92.807064
1027.100,92.8071,300.0000,65.0000,65.0023,13940.42,0.802701,92.807064
1027.200,92.8071,300.0000,65.0625,65.0021,13939.13,0.802478,92.807064
1027.300,92.8071,300.0000,64.9375,65.0020,13937.93,0.802270,92.807064
1027.400,92.8071,300.0000,65.0625,65.0018,13936.80,0.802076,92.807064
1027.500,92.8071,300.0000,65.0625,65.0017,13935.75,0.801895,92.807064
1027.600,92.8071,300.0000,65.0000,65.0016,13934.77,0.801726,92.807064
1027.700,92.8071,300.0000,65.0625,65.0015,13933.86,0.801568,92.807064
1027.800,92.8071,300.0000,65.0000,65.0014,13933.01,0.801421,92.807064
1027.900,92.8071,300.0000,65.0625,65.0013,13932.21,0.801284,92.807064
1028.000,92.9816,300.0000,65.0000,65.0012,13933.21,0.801456,92.810945
1028.100,92.9816,300.0000,65.0625,65.0011,13934.15,0.801618,92.810945
1028.200,92.9816,300.0000,65.0000,65.0010,13935.02,0.801768,92.810945
1028.300,92.9816,300.0000,65.0000,65.0008,13935.83,0.801909,92.810945
1028.400,92.9816,300.0000,64.9375,65.0007,13936.59,0.802040,92.810945
1028.500,92.9816,300.0000,64.9375,65.0006,13937.30,0.802163,92.810945
1028.600,92.9816,300.0000,65.0625,65.0004,13937.97,0.802277,92.810945
1028.700,92.9816,300.0000,65.0000,65.0003,13938.58,0.802384,92.810945
1028.800,92.9816,300.0000,65.0000,65.0001,13939.16,0.802484,92.810945
1028.900,92.9816,300.0000,65.0000,65.0000,13939.70,0.802577,92.810945
1029.000,92.8109,300.0000,65.1250,64.9998,13938.50,0.802369,92.810945
1029.100,92.8109,300.0000,65.0000,64.9997,13937.37,0.802175,92.810945
1029.200,92.8109,300.0000,65.1250,64.9996,13936.32,0.801994,92.810945
1029.300,92.8109,300.0000,65.1250,64.9994,13935.35,0.801825,92.810945
1029.400,92.8109,300.0000,65.0000,64.9993,13934.43,0.801667,92.810945
1029.500,92.8109,300.0000,65.1250,64.9992,13933.58,0.801520,92.810945
1029.600,92.8109,300.0000,65.0625,64.9991,13932.78,0.801382,92.810945
1029.700,92.8109,300.0000,65.0625,64.9990,13932.04,0.801254,92.810945
1029.800,92.8109,300.0000,65.0625,64.9990,13931.35,0.801135,92.810945
1029.900,92.8109,300.0000,65.0000,64.9989,13930.70,0.801023,92.810945
1030.000,92.8109,300.0000,65.0000,64.9988,13930.10,0.800919,92.810945
1030.100,92.8109,300.0000,64.9375,64.9987,13929.53,0.800822,92.810945
1030.200,92.8109,300.0000,65.0000,64.9987,13929.01,0.800731,92.810945
1030.300,92.8109,300.0000,64.9375,64.9986,13928.52,0.800646,92.810945
1030.400,92.8109,300.0000,65.1250,64.9986,13928.06,0.800567,92.810945
1030.500,92.8109,300.0000,64.9375,64.9985,13927.63,0.800494,92.810945
1030.600,92.8109,300.0000,65.1250,64.9985,13927.23,0.800425,92.810945
1030.700,92.8109,300.0000,65.0625,64.9984,13926.86,0.800361,92.810945
1030.800,92.8109,300.0000,64.9375,64.9984,13926.51,0.800301,92.810945
1030.900,92.8109,300.0000,65.0000,64.9983,13926.19,0.800245,92.810945
1031.000,92.8109,300.0000,65.1250,64.9983,13925.88,0.800192,92.810945
1031.100,92.8109,300.0000,65.0625,64.9983,13925.60,0.800144,92.810945
1031.200,92.8109,300.0000,65.0000,64.9982,13925.34,0.800098,92.810945
1031.300,92.8109,300.0000,65.0000,64.9982,13925.09,0.800056,92.810945
1031.400,92.8109,300.0000,65.0000,64.9982,13924.86,0.800016,92.810945
1031.500,92.8109,300.0000,65.0000,64.9982,13924.65,0.799979,92.810945
1031.600,92.8109,300.0000,64.9375,64.9981,13924.45,0.799945,92.810945
1031.700,92.8109,300.0000,65.0625,64.9981,13924.26,0.799912,92.810945
1031.800,92.8109,300.0000,65.0625,64.9981,13924.08,0.799882,92.810945
1031.900,92.8109,300.0000,65.0625,64.9981,13923.92,0.799854,92.810945
1032.000,92.9855,300.0000,65.0000,64.9980,13925.51,0.800129,92.814826
1032.100,92.9855,300.0000,65.0000,64.9980,13927.00,0.800385,92.814826
1032.200,92.9855,300.0000,65.0000,64.9979,13928.39,0.800625,92.814826
1032.300,92.9855,300.0000,65.0625,64.9979,13929.68,0.800848,92.814826
1032.400,92.9855,300.0000,65.0000,64.9978,13930.89,0.801057,92.814826
1032.500,92.9855,300.0000,65.0000,64.9977,13932.02,0.801251,92.814826
1032.600,92.9855,300.0000,65.0625,64.9976,13933.08,0.801433,92.814826
1032.700,92.9855,300.0000,65.0000,64.9975,13934.06,0.801603,92.814826
1032.800,92.9855,300.0000,65.0000,64.9974,13934.98,0.801761,92.814826
1032.900,92.9855,300.0000,65.0000,64.9973,13935.83,0.801909,92.814826
1033.000,92.8148,300.0000,65.0000,64.9972,13934.93,0.801752,92.814826
1033.100,92.8148,300.0000,65.0000,64.9971,13934.08,0.801606,92.814826
1033.200,92.8148,300.0000,64.9375,64.9970,13933.29,0.801470,92.814826
1033.300,92.8148,300.0000,65.0000,64.9969,13932.55,0.801342,92.814826
1033.400,92.8148,300.0000,65.1250,64.9968,13931.86,0.801224,92.814826
1033.500,92.8148,300.0000,65.0000,64.9967,13931.22,0.801113,92.814826
1033.600,92.8148,300.0000,65.0625,64.9966,13930.62,0.801009,92.814826
1033.700,92.8148,300.0000,64.9375,64.9966,13930.06,0.800913,92.814826
1033.800,92.8148,300.0000,65.0625,64.9965,13929.54,0.800823,92.814826
1033.900,92.8148,300.0000,65.0000,64.9965,13929.05,0.800739,92.814826
1034.000,92.8148,300.0000,65.0000,64.9964,13928.60,0.800660,92.814826
1034.100,92.8148,300.0000,64.9375,64.9964,13928.17,0.800587,92.814826
1034.200,92.8148,300.0000,65.0000,64.9963,13927.77,0.800518,92.814826
1034.300,92.8148,300.0000,65.0625,64.9963,13927.40,0.800455,92.814826
1034.400,92.8148,300.0000,64.9375,64.9962,13927.06,0.800395,92.814826
1034.500,92.8148,300.0000,65.0000,64.9962,13926.74,0.800340,92.814826
1034.600,92.8148,300.0000,64.9375,64.9961,13926.44,0.800288,92.814826
1034.700,92.8148,300.0000,65.0000,64.9961,13926.15,0.800239,92.814826
1034.800,92.8148,300.0000,64.9375,64.9961,13925.89,0.800194,92.814826
1034.900,92.8148,300.0000,65.0000,64.9960,13925.65,0.800152,92.814826
1035.000,92.8148,300.0000,65.0625,64.9960,13925.42,0.800113,92.814826
1035.100,92.8148,300.0000,65.0625,64.9960,13925.21,0.800076,92.814826
1035.200,92.8148,300.0000,65.0000,64.9960,13925.01,0.800042,92.814826
1035.300,92.8148,300.0000,64.9375,64.9959,13924.82,0.800010,92.814826
1035.400,92.8148,300.0000,65.0000,64.9959,13924.65,0.799980,92.814826
1035.500,92.8148,300.0000,64.9375,64.9959,13924.49,0.799952,92.814826
1035.600,92.8148,300.0000,65.0000,64.9959,13924.34,0.799926,92.814826
1035.700,92.8148,300.0000,65.0000,64.9959,13924.20,0.799902,92.814826
1035.800,92.8148,300.0000,65.0000,64.9959,13924.06,0.799879,92.814826
1035.900,92.8148,300.0000,65.0625,64.9958,13923.94,0.799858,92.814826
1036.000,92.9894,300.0000,65.0000,64.9958,13925.57,0.800139,92.818707
1036.100,92.9894,300.0000,65.0000,64.9958,13927.09,0.800401,92.818707
1036.200,92.9894,300.0000,64.9375,64.9957,13928.51,0.800646,92.818707
1036.300,92.9894,300.0000,65.0625,64.9957,13929.84,0.800875,92.818707
1036.400,92.9894,300.0000,65.0000,64.9956,13931.08,0.801088,92.818707
1036.500,92.9894,300.0000,65.0000,64.9955,13932.23,0.801288,92.818707
1036.600,92.9894,300.0000,65.0000,64.9954,13933.31,0.801474,92.818707
1036.700,92.9894,300.0000,65.0000,64.9953,13934.32,0.801647,92.818707
1036.800,92.9894,300.0000,65.0625,64.9952,13935.26,0.801809,92.818707
1036.900,92.9894,300.0000,64.9375,64.9951,13936.13,0.801961,92.818707
1037.000,92.6442,300.0000,65.0000,64.9950,13933.50,0.801506,92.814826
1037.100,92.6442,300.0000,64.9375,64.9949,13931.04,0.801082,92.814826
1037.200,92.6442,300.0000,65.0625,64.9949,13928.75,0.800686,92.814826
1037.300,92.6442,300.0000,64.9375,64.9948,13926.61,0.800317,92.814826
1037.400,92.6442,300.0000,65.0000,64.9948,13924.61,0.799972,92.814826
1037.500,92.6442,300.0000,65.0000,64.9948,13922.74,0.799651,92.814826
1037.600,92.6442,300.0000,64.9375,64.9948,13921.00,0.799351,92.814826
1037.700,92.6442,300.0000,64.9375,64.9948,13919.38,0.799071,92.814826
1037.800,92.6442,300.0000,65.0000,64.9949,13917.86,0.798810,92.814826
1037.900,92.6442,300.0000,65.0000,64.9949,13916.44,0.798566,92.814826
1038.000,92.8148,300.0000,65.0000,64.9950,13916.83,0.798633,92.814826
1038.100,92.8148,300.0000,65.0000,64.9950,13917.19,0.798695,92.814826
1038.200,92.8148,300.0000,65.0625,64.9951,13917.52,0.798752,92.814826
1038.300,92.8148,300.0000,65.0000,64.9951,13917.84,0.798806,92.814826
1038.400,92.8148,300.0000,64.9375,64.9951,13918.13,0.798857,92.814826
1038.500,92.8148,300.0000,65.0625,64.9952,13918.40,0.798904,92.814826
1038.600,92.8148,300.0000,65.0000,64.9952,13918.66,0.798948,92.814826
1038.700,92.8148,300.0000,65.0625,64.9952,13918.90,0.798989,92.814826
1038.800,92.8148,300.0000,64.9375,64.9953,13919.12,0.799027,92.814826
1038.900,92.8148,300.0000,65.0000,64.9953,13919.32,0.799062,92.814826
1039.000,92.8148,300.0000,65.0625,64.9953,13919.52,0.799096,92.814826
1039.100,92.8148,300.0000,65.0000,64.9953,13919.70,0.799127,92.814826
1039.200,92.8148,300.0000,65.0625,64.9953,13919.87,0.799156,92.814826
1039.300,92.8148,300.0000,65.0000,64.9954,13920.02,0.799183,92.814826
1039.400,92.8148,300.0000,65.0625,64.9954,13920.17,0.799208,92.814826
1039.500,92.8148,300.0000,65.0625,64.9954,13920.31,0.799232,92.814826
1039.600,92.8148,300.0000,65.0625,64.9954,13920.43,0.799254,92.814826
1039.700,92.8148,300.0000,64.9375,64.9954,13920.55,0.799274,92.814826
1039.800,92.8148,300.0000,65.0625,64.9954,13920.67,0.799293,92.814826
1039.900,92.8148,300.0000,65.0000,64.9955,13920.77,0.799311,92.814826
1040.000,92.8148,300.0000,65.0000,64.9955,13920.87,0.799328,92.814826
1040.100,92.8148,300.0000,64.9375,64.9955,13920.96,0.799344,92.814826
1040.200,92.8148,300.0000,64.9375,64.9955,13921.04,0.799358,92.814826
1040.300,92.8148,300.0000,65.0000,64.9955,13921.12,0.799372,92.814826
1040.400,92.8148,300.0000,64.9375,64.9955,13921.19,0.799384,92.814826
1040.500,92.8148,300.0000,64.9375,64.9955,13921.26,0.799396,92.814826
1040.600,92.8148,300.0000,65.0625,64.9955,13921.33,0.799407,92.814826
1040.700,92.8148,300.0000,65.0000,64.9955,13921.39,0.799418,92.814826
1040.800,92.8148,300.0000,65.0000,64.9955,13921.44,0.799427,92.814826
1040.900,92.8148,300.0000,65.0000,64.9955,13921.49,0.799436,92.814826
1041.000,92.8148,300.0000,64.9375,64.9955,13921.54,0.799445,92.814826
1041.100,92.8148,300.0000,65.0625,64.9955,13921.59,0.799452,92.814826
1041.200,92.8148,300.0000,65.0000,64.9956,13921.63,0.799460,92.814826
1041.300,92.8148,300.0000,65.0625,64.9956,13921.67,0.799466,92.814826
1041.400,92.8148,300.0000,65.0000,64.9956,13921.71,0.799473,92.814826
1041.500,92.8148,300.0000,65.0000,64.9956,13921.74,0.799479,92.814826
1041.600,92.8148,300.0000,65.0000,64.9956,13921.77,0.799484,92.814826
1041.700,92.8148,300.0000,65.0000,64.9956,13921.80,0.799489,92.814826
1041.800,92.8148,300.0000,65.0000,64.9956,13921.83,0.799494,92.814826
1041.900,92.8148,300.0000,64.8125,64.9956,13921.86,0.799499,92.814826
1042.000,92.2912,300.0000,64.9375,64.9956,13916.65,0.798601,92.803183
1042.100,92.2912,300.0000,65.0000,64.9957,13911.78,0.797764,92.803183
1042.200,92.2912,300.0000,65.0000,64.9958,13907.24,0.796983,92.803183
1042.300,92.2912,300.0000,65.0000,64.9960,13903.01,0.796255,92.803183
1042.400,92.2912,300.0000,64.9375,64.9962,13899.05,0.795576,92.803183
1042.500,92.2912,300.0000,64.9375,64.9964,13895.36,0.794942,92.803183
1042.600,92.2912,300.0000,64.9375,64.9967,13891.91,0.794351,92.803183
1042.700,92.2912,300.0000,64.9375,64.9969,13888.70,0.793800,92.803183
1042.800,92.2912,300.0000,65.0000,64.9972,13885.70,0.793285,92.803183
1042.900,92.2912,300.0000,65.0000,64.9976,13882.90,0.792805,92.803183
1043.000,92.8032,300.0000,65.0625,64.9979,13885.40,0.793235,92.803183
1043.100,92.8032,300.0000,65.0000,64.9981,13887.74,0.793635,92.803183
1043.200,92.8032,300.0000,65.0625,64.9984,13889.92,0.794010,92.803183
1043.300,92.8032,300.0000,65.0000,64.9986,13891.96,0.794359,92.803183
1043.400,92.8032,300.0000,65.0000,64.9989,13893.86,0.794685,92.803183
1043.500,92.8032,300.0000,65.0625,64.9991,13895.64,0.794990,92.803183
1043.600,92.8032,300.0000,65.0625,64.9993,13897.29,0.795274,92.803183
1043.700,92.8032,300.0000,65.0625,64.9995,13898.84,0.795539,92.803183
1043.800,92.8032,300.0000,65.0625,64.9996,13900.28,0.795787,92.803183
1043.900,92.8032,300.0000,65.0000,64.9998,13901.63,0.796018,92.803183
1044.000,92.8032,300.0000,65.0625,65.0000,13902.88,0.796234,92.803183
1044.100,92.8032,300.0000,64.9375,65.0001,13904.06,0.796436,92.803183
1044.200,92.8032,300.0000,65.0625,65.0002,13905.15,0.796624,92.803183
1044.300,92.8032,300.0000,65.1250,65.0004,13906.17,0.796800,92.803183
1044.400,92.8032,300.0000,65.0000,65.0005,13907.13,0.796964,92.803183
1044.500,92.8032,300.0000,65.0625,65.0006,13908.02,0.797117,92.803183
1044.600,92.8032,300.0000,65.0000,65.0007,13908.85,0.797259,92.803183
1044.700,92.8032,300.0000,65.0625,65.0008,13909.62,0.797393,92.803183
1044.800,92.8032,300.0000,64.9375,65.0009,13910.35,0.797517,92.803183
1044.900,92.8032,300.0000,65.0625,65.0009,13911.02,0.797633,92.803183
1045.000,92.9777,300.0000,65.0000,65.0010,13913.40,0.798042,92.807064
1045.100,92.9777,300.0000,65.0000,65.0010,13915.61,0.798424,92.807064
1045.200,92.9777,300.0000,64.9375,65.0011,13917.68,0.798780,92.807064
1045.300,92.9777,300.0000,64.9375,65.0011,13919.62,0.799113,92.807064
1045.400,92.9777,300.0000,65.0625,65.0011,13921.42,0.799423,92.807064
1045.500,92.9777,300.0000,65.0625,65.0011,13923.10,0.799713,92.807064
1045.600,92.9777,300.0000,65.0000,65.0010,13924.67,0.799984,92.807064
1045.700,92.9777,300.0000,65.0000,65.0010,13926.14,0.800236,92.807064
1045.800,92.9777,300.0000,65.0625,65.0009,13927.51,0.800472,92.807064
1045.900,92.9777,300.0000,65.0000,65.0009,13928.78,0.800692,92.807064
1046.000,92.8071,300.0000,65.0000,65.0008,13928.27,0.800604,92.807064
1046.100,92.8071,300.0000,65.0625,65.0007,13927.79,0.800521,92.807064
1046.200,92.8071,300.0000,65.0000,65.0007,13927.34,0.800443,92.807064
1046.300,92.8071,300.0000,64.9375,65.0006,13926.92,0.800371,92.807064
1046.400,92.8071,300.0000,64.8750,65.0006,13926.53,0.800304,92.807064
1046.500,92.8071,300.0000,65.0000,65.0005,13926.16,0.800241,92.807064
1046.600,92.8071,300.0000,65.0000,65.0005,13925.82,0.800182,92.807064
1046.700,92.8071,300.0000,65.0000,65.0005,13925.51,0.800128,92.807064
1046.800,92.8071,300.0000,65.0000,65.0004,13925.21,0.800076,92.807064
1046.900,92.8071,300.0000,65.0000,65.0004,13924.93,0.800029,92.807064
1047.000,92.8071,300.0000,65.0000,65.0004,13924.68,0.799984,92.807064
1047.100,92.8071,300.0000,65.0000,65.0003,13924.43,0.799943,92.807064
1047.200,92.8071,300.0000,65.0625,65.0003,13924.21,0.799904,92.807064
1047.300,92.8071,300.0000,65.0000,65.0003,13924.00,0.799868,92.807064
1047.400,92.8071,300.0000,65.0000,65.0003,13923.80,0.799834,92.807064
1047.500,92.8071,300.0000,65.0000,65.0002,13923.62,0.799802,92.807064
1047.600,92.8071,300.0000,65.0000,65.0002,13923.45,0.799773,92.807064
1047.700,92.8071,300.0000,65.0625,65.0002,13923.29,0.799746,92.807064
1047.800,92.8071,300.0000,64.8750,65.0002,13923.14,0.799720,92.807064
1047.900,92.8071,300.0000,65.0000,65.0002,13923.00,0.799696,92.807064
1048.000,92.8071,300.0000,65.0625,65.0001,13922.87,0.799674,92.807064
1048.100,92.8071,300.0000,65.0000,65.0001,13922.75,0.799653,92.807064
1048.200,92.8071,300.0000,65.0000,65.0001,13922.64,0.799633,92.807064
1048.300,92.8071,300.0000,65.0000,65.0001,13922.53,0.799615,92.807064
1048.400,92.8071,300.0000,65.0625,65.0001,13922.44,0.799598,92.807064
1048.500,92.8071,300.0000,64.9375,65.0001,13922.34,0.799583,92.807064
1048.600,92.8071,300.0000,65.0625,65.0001,13922.26,0.799568,92.807064
1048.700,92.8071,300.0000,65.0000,65.0001,13922.18,0.799554,92.807064
1048.800,92.8071,300.0000,65.0625,65.0001,13922.10,0.799541,92.807064
1048.900,92.8071,300.0000,64.9375,65.0000,13922.03,0.799529,92.807064
1049.000,92.6325,300.0000,65.0000,65.0001,13920.22,0.799217,92.803183
1049.100,92.6325,300.0000,64.9375,65.0001,13918.53,0.798926,92.803183
1049.200,92.6325,300.0000,65.0000,65.0001,13916.96,0.798655,92.803183
1049.300,92.6325,300.0000,65.0625,65.0002,13915.49,0.798401,92.803183
1049.400,92.6325,300.0000,65.0625,65.0002,13914.11,0.798165,92.803183
1049.500,92.6325,300.0000,65.0000,65.0003,13912.83,0.797944,92.803183
1049.600,92.6325,300.0000,65.0000,65.0004,13911.63,0.797739,92.803183
1049.700,92.6325,300.0000,65.0000,65.0004,13910.52,0.797546,92.803183
1049.800,92.6325,300.0000,64.9375,65.0005,13909.47,0.797367,92.803183
1049.900,92.6325,300.0000,65.0000,65.0006,13908.50,0.797200,92.803183
1050.000,92.8032,300.0000,64.9375,65.0007,13909.30,0.797337,92.803183
1050.100,92.8032,300.0000,65.0000,65.0008,13910.04,0.797465,92.803183
1050.200,92.8032,300.0000,65.0000,65.0009,13910.74,0.797585,92.803183
1050.300,92.8032,300.0000,65.0000,65.0010,13911.39,0.797697,92.803183
1050.400,92.8032,300.0000,65.0000,65.0011,13912.00,0.797801,92.803183
1050.500,92.8032,300.0000,65.0000,65.0011,13912.56,0.797898,92.803183
1050.600,92.8032,300.0000,65.1250,65.0012,13913.09,0.797989,92.803183
1050.700,92.8032,300.0000,65.0000,65.0012,13913.58,0.798074,92.803183
1050.800,92.8032,300.0000,64.9375,65.0013,13914.04,0.798153,92.803183
1050.900,92.8032,300.0000,65.0000,65.0014,13914.47,0.798227,92.803183
1051.000,92.8032,300.0000,65.0000,65.0014,13914.87,0.798296,92.803183
1051.100,92.8032,300.0000,64.9375,65.0014,13915.24,0.798360,92.803183
1051.200,92.8032,300.0000,65.0000,65.0015,13915.59,0.798420,92.803183
1051.300,92.8032,300.0000,64.9375,65.0015,13915.92,0.798476,92.803183
1051.400,92.8032,300.0000,65.0625,65.0016,13916.22,0.798528,92.803183
1051.500,92.8032,300.0000,64.9375,65.0016,13916.51,0.798577,92.803183
1051.600,92.8032,300.0000,65.0000,65.0016,13916.77,0.798623,92.803183
1051.700,92.8032,300.0000,65.0625,65.0017,13917.02,0.798665,92.803183
1051.800,92.8032,300.0000,65.0000,65.0017,13917.25,0.798705,92.803183
1051.900,92.8032,300.0000,65.0000,65.0017,13917.46,0.798742,92.803183
1052.000,92.8032,300.0000,65.0000,65.0017,13917.66,0.798777,92.803183
1052.100,92.8032,300.0000,64.9375,65.0018,13917.85,0.798809,92.803183
1052.200,92.8032,300.0000,65.0000,65.0018,13918.03,0.798839,92.803183
1052.300,92.8032,300.0000,65.0000,65.0018,13918.19,0.798867,92.803183
1052.400,92.8032,300.0000,64.9375,65.0018,13918.34,0.798893,92.803183
1052.500,92.8032,300.0000,65.0625,65.0018,13918.49,0.798918,92.803183
1052.600,92.8032,300.0000,65.0625,65.0019,13918.62,0.798941,92.803183
1052.700,92.8032,300.0000,65.0625,65.0019,13918.74,0.798962,92.803183
1052.800,92.8032,300.0000,65.0000,65.0019,13918.86,0.798982,92.803183
1052.900,92.8032,300.0000,65.1250,65.0019,13918.97,0.799001,92.803183
1053.000,93.1522,300.0000,65.0000,65.0019,13922.56,0.799619,92.810945
1053.100,93.1522,300.0000,65.0000,65.0018,13925.91,0.800197,92.810945
1053.200,93.1522,300.0000,64.9375,65.0018,13929.04,0.800736,92.810945
1053.300,93.1522,300.0000,65.0625,65.0017,13931.96,0.801240,92.810945
1053.400,93.1522,300.0000,65.0000,65.0016,13934.68,0.801710,92.810945
1053.500,93.1522,300.0000,65.0625,65.0014,13937.23,0.802149,92.810945
1053.600,93.1522,300.0000,65.0000,65.0013,13939.60,0.802559,92.810945
1053.700,93.1522,300.0000,64.9375,65.0011,13941.82,0.802942,92.810945
1053.800,93.1522,300.0000,64.9375,65.0009,13943.88,0.803300,92.810945
1053.900,93.1522,300.0000,65.0000,65.0007,13945.81,0.803633,92.810945
1054.000,92.8109,300.0000,65.0000,65.0005,13944.20,0.803355,92.810945
1054.100,92.8109,300.0000,65.0000,65.0003,13942.70,0.803095,92.810945
1054.200,92.8109,300.0000,65.0000,65.0001,13941.30,0.802852,92.810945
1054.300,92.8109,300.0000,64.9375,65.0000,13939.98,0.802626,92.810945
1054.400,92.8109,300.0000,65.0625,64.9998,13938.76,0.802415,92.810945
1054.500,92.8109,300.0000,65.0000,64.9997,13937.62,0.802218,92.810945
1054.600,92.8109,300.0000,65.0625,64.9996,13936.56,0.802034,92.810945
1054.700,92.8109,300.0000,64.9375,64.9994,13935.56,0.801862,92.810945
1054.800,92.8109,300.0000,65.0000,64.9993,13934.63,0.801702,92.810945
1054.900,92.8109,300.0000,64.9375,64.9992,13933.77,0.801552,92.810945
1055.000,92.6364,300.0000,65.0625,64.9992,13931.21,0.801112,92.807064
1055.100,92.6364,300.0000,65.0000,64.9991,13928.83,0.800701,92.807064
1055.200,92.6364,300.0000,65.0000,64.9990,13926.61,0.800317,92.807064
1055.300,92.6364,300.0000,65.0625,64.9990,13924.53,0.799959,92.807064
1055.400,92.6364,300.0000,65.0000,64.9990,13922.59,0.799625,92.807064
1055.500,92.6364,300.0000,64.9375,64.9990,13920.78,0.799314,92.807064
1055.600,92.6364,300.0000,65.0000,64.9990,13919.09,0.799023,92.807064
1055.700,92.6364,300.0000,65.0000,64.9991,13917.52,0.798752,92.807064
1055.800,92.6364,300.0000,65.1250,64.9991,13916.05,0.798498,92.807064
1055.900,92.6364,300.0000,65.0000,64.9992,13914.68,0.798262,92.807064
1056.000,92.8071,300.0000,65.0000,64.9992,13915.10,0.798335,92.807064
1056.100,92.8071,300.0000,65.0000,64.9993,13915.50,0.798404,92.807064
1056.200,92.8071,300.0000,65.0000,64.9993,13915.87,0.798468,92.807064
1056.300,92.8071,300.0000,65.0000,64.9993,13916.22,0.798527,92.807064
1056.400,92.8071,300.0000,65.0000,64.9994,13916.54,0.798583,92.807064
1056.500,92.8071,300.0000,65.0625,64.9994,13916.84,0.798635,92.807064
1056.600,92.8071,300.0000,65.0625,64.9995,13917.12,0.798683,92.807064
1056.700,92.8071,300.0000,64.9375,64.9995,13917.38,0.798728,92.807064
1056.800,92.8071,300.0000,65.0000,64.9995,13917.63,0.798770,92.807064
1056.900,92.8071,300.0000,65.0000,64.9995,13917.86,0.798810,92.807064
1057.000,92.8071,300.0000,65.0000,64.9996,13918.07,0.798847,92.807064
1057.100,92.8071,300.0000,64.9375,64.9996,13918.27,0.798881,92.807064
1057.200,92.8071,300.0000,65.0625,64.9996,13918.46,0.798913,92.807064
1057.300,92.8071,300.0000,64.9375,64.9996,13918.63,0.798943,92.807064
1057.400,92.8071,300.0000,65.0625,64.9997,13918.79,0.798971,92.807064
1057.500,92.8071,300.0000,64.9375,64.9997,13918.94,0.798997,92.807064
1057.600,92.8071,300.0000,65.0000,64.9997,13919.08,0.799021,92.807064
1057.700,92.8071,300.0000,64.9375,64.9997,13919.22,0.799044,92.807064
1057.800,92.8071,300.0000,64.9375,64.9997,13919.34,0.799065,92.807064
1057.900,92.8071,300.0000,64.9375,64.9997,13919.45,0.799085,92.807064
1058.000,92.6325,300.0000,65.0625,64.9998,13917.82,0.798803,92.803183
1058.100,92.6325,300.0000,64.9375,64.9998,13916.29,0.798539,92.803183
1058.200,92.6325,300.0000,65.0000,64.9999,13914.86,0.798294,92.803183
1058.300,92.6325,300.0000,65.0000,64.9999,13913.53,0.798064,92.803183
1058.400,92.6325,300.0000,65.0000,65.0000,13912.28,0.797851,92.803183
1058.500,92.6325,300.0000,64.9375,65.0001,13911.12,0.797651,92.803183
1058.600,92.6325,300.0000,65.0000,65.0002,13910.04,0.797465,92.803183
1058.700,92.6325,300.0000,65.0000,65.0003,13909.03,0.797291,92.803183
1058.800,92.6325,300.0000,65.0000,65.0004,13908.09,0.797129,92.803183
1058.900,92.6325,300.0000,65.0625,65.0005,13907.21,0.796977,92.803183
1059.000,92.9777,300.0000,65.0625,65.0006,13909.84,0.797429,92.807064
1059.100,92.9777,300.0000,64.9375,65.0006,13912.29,0.797852,92.807064
1059.200,92.9777,300.0000,65.0000,65.0007,13914.58,0.798246,92.807064
1059.300,92.9777,300.0000,64.9375,65.0007,13916.72,0.798614,92.807064
1059.400,92.9777,300.0000,65.0000,65.0007,13918.72,0.798958,92.807064
1059.500,92.9777,300.0000,65.0000,65.0008,13920.58,0.799278,92.807064
1059.600,92.9777,300.0000,65.0000,65.0007,13922.32,0.799578,92.807064
1059.700,92.9777,300.0000,64.9375,65.0007,13923.94,0.799858,92.807064
1059.800,92.9777,300.0000,65.0000,65.0007,13925.45,0.800119,92.807064
1059.900,92.9777,300.0000,65.0625,65.0006,13926.87,0.800362,92.807064
1060.000,92.9816,300.0000,65.0000,65.0006,13928.23,0.800596,92.810945
1060.100,92.9816,300.0000,65.0625,65.0005,13929.49,0.800815,92.810945
1060.200,92.9816,300.0000,64.9375,65.0004,13930.68,0.801019,92.810945
1060.300,92.9816,300.0000,65.0625,65.0003,13931.78,0.801210,92.810945
1060.400,92.9816,300.0000,65.0625,65.0002,13932.81,0.801387,92.810945
1060.500,92.9816,300.0000,65.0625,65.0001,13933.77,0.801553,92.810945
1060.600,92.9816,300.0000,64.9375,65.0000,13934.67,0.801708,92.810945
1060.700,92.9816,300.0000,65.0000,64.9999,13935.51,0.801853,92.810945
1060.800,92.9816,300.0000,64.9375,64.9998,13936.29,0.801988,92.810945
1060.900,92.9816,300.0000,65.0000,64.9996,13937.02,0.802114,92.810945
1061.000,92.8109,300.0000,65.0625,64.9995,13936.00,0.801937,92.810945
1061.100,92.8109,300.0000,65.0000,64.9994,13935.04,0.801772,92.810945
1061.200,92.8109,300.0000,65.0000,64.9993,13934.15,0.801618,92.810945
1061.300,92.8109,300.0000,64.9375,64.9992,13933.31,0.801474,92.810945
1061.400,92.8109,300.0000,65.0000,64.9991,13932.53,0.801340,92.810945
1061.500,92.8109,300.0000,65.0000,64.9990,13931.81,0.801214,92.810945
1061.600,92.8109,300.0000,64.9375,64.9989,13931.13,0.801097,92.810945
1061.700,92.8109,300.0000,65.0000,64.9988,13930.50,0.800988,92.810945
1061.800,92.8109,300.0000,65.0625,64.9988,13929.91,0.800886,92.810945
1061.900,92.8109,300.0000,65.0000,64.9987,13929.36,0.800791,92.810945
1062.000,92.8109,300.0000,65.0000,64.9986,13928.84,0.800703,92.810945
1062.100,92.8109,300.0000,65.0000,64.9986,13928.36,0.800620,92.810945
1062.200,92.8109,300.0000,65.0625,64.9985,13927.91,0.800543,92.810945
1062.300,92.8109,300.0000,65.0000,64.9985,13927.50,0.800470,92.810945
1062.400,92.8109,300.0000,65.0625,64.9984,13927.11,0.800403,92.810945
1062.500,92.8109,300.0000,65.0625,64.9984,13926.74,0.800340,92.810945
1062.600,92.8109,300.0000,65.0000,64.9983,13926.40,0.800282,92.810945
1062.700,92.8109,300.0000,65.0625,64.9983,13926.08,0.800227,92.810945
1062.800,92.8109,300.0000,65.0000,64.9983,13925.79,0.800176,92.810945
1062.900,92.8109,300.0000,65.0625,64.9982,13925.51,0.800128,92.810945
1063.000,92.9855,300.0000,65.0000,64.9982,13927.00,0.800385,92.814826
1063.100,92.9855,300.0000,65.0000,64.9981,13928.39,0.800624,92.814826
1063.200,92.9855,300.0000,65.0000,64.9981,13929.68,0.800848,92.814826
1063.300,92.9855,300.0000,65.0000,64.9980,13930.89,0.801056,92.814826
1063.400,92.9855,300.0000,65.0625,64.9979,13932.02,0.801251,92.814826
1063.500,92.9855,300.0000,65.0625,64.9978,13933.07,0.801433,92.814826
1063.600,92.9855,300.0000,65.0625,64.9977,13934.06,0.801602,92.814826
1063.700,92.9855,300.0000,64.9375,64.9976,13934.97,0.801761,92.814826
1063.800,92.9855,300.0000,64.9375,64.9975,13935.83,0.801909,92.814826
1063.900,92.9855,300.0000,65.0625,64.9974,13936.63,0.802047,92.814826
1064.000,92.9894,300.0000,65.0000,64.9972,13937.42,0.802182,92.818707
1064.100,92.9894,300.0000,65.0625,64.9971,13938.15,0.802309,92.818707
1064.200,92.9894,300.0000,65.0000,64.9969,13938.83,0.802427,92.818707
1064.300,92.9894,300.0000,65.0000,64.9968,13939.47,0.802537,92.818707
1064.400,92.9894,300.0000,64.9375,64.9966,13940.07,0.802640,92.818707
1064.500,92.9894,300.0000,65.0000,64.9965,13940.62,0.802736,92.818707
1064.600,92.9894,300.0000,65.0000,64.9963,13941.14,0.802825,92.818707
1064.700,92.9894,300.0000,65.0000,64.9962,13941.62,0.802909,92.818707
1064.800,92.9894,300.0000,65.0000,64.9960,13942.08,0.802987,92.818707
1064.900,92.9894,300.0000,65.0000,64.9958,13942.50,0.803060,92.818707
1065.000,92.8187,300.0000,65.0000,64.9957,13941.19,0.802833,92.818707
1065.100,92.8187,300.0000,64.9375,64.9955,13939.96,0.802622,92.818707
1065.200,92.8187,300.0000,65.0000,64.9954,13938.82,0.802424,92.818707
1065.300,92.8187,300.0000,64.9375,64.9953,13937.75,0.802240,92.818707
1065.400,92.8187,300.0000,65.0000,64.9951,13936.75,0.802068,92.818707
1065.500,92.8187,300.0000,65.0000,64.9950,13935.82,0.801907,92.818707
1065.600,92.8187,300.0000,65.0000,64.9949,13934.96,0.801757,92.818707
1065.700,92.8187,300.0000,64.8750,64.9948,13934.15,0.801618,92.818707
1065.800,92.8187,300.0000,65.1250,64.9947,13933.39,0.801487,92.818707
1065.900,92.8187,300.0000,64.9375,64.9947,13932.68,0.801365,92.818707
1066.000,92.6442,300.0000,64.9375,64.9946,13930.28,0.800951,92.814826
1066.100,92.6442,300.0000,65.0000,64.9945,13928.04,0.800564,92.814826
1066.200,92.6442,300.0000,65.0625,64.9945,13925.94,0.800203,92.814826
1066.300,92.6442,300.0000,64.9375,64.9945,13923.99,0.799866,92.814826
1066.400,92.6442,300.0000,64.9375,64.9945,13922.16,0.799552,92.814826
1066.500,92.6442,300.0000,65.0000,64.9945,13920.46,0.799258,92.814826
1066.600,92.6442,300.0000,65.1250,64.9946,13918.87,0.798985,92.814826
1066.700,92.6442,300.0000,65.0000,64.9946,13917.39,0.798729,92.814826
1066.800,92.6442,300.0000,65.0625,64.9947,13916.01,0.798491,92.814826
1066.900,92.6442,300.0000,65.0000,64.9947,13914.71,0.798269,92.814826
1067.000,92.8148,300.0000,65.0000,64.9948,13915.21,0.798355,92.814826
1067.100,92.8148,300.0000,64.9375,64.9948,13915.68,0.798435,92.814826
1067.200,92.8148,300.0000,65.0000,64.9949,13916.12,0.798510,92.814826
1067.300,92.8148,300.0000,65.0000,64.9949,13916.52,0.798580,92.814826
1067.400,92.8148,300.0000,64.9375,64.9950,13916.90,0.798646,92.814826
1067.500,92.8148,300.0000,64.9375,64.9950,13917.26,0.798707,92.814826
1067.600,92.8148,300.0000,64.9375,64.9951,13917.59,0.798764,92.814826
1067.700,92.8148,300.0000,65.0000,64.9951,13917.90,0.798817,92.814826
1067.800,92.8148,300.0000,65.0000,64.9951,13918.19,0.798867,92.814826
1067.900,92.8148,300.0000,65.0000,64.9952,13918.46,0.798913,92.814826
1068.000,92.8148,300.0000,65.0625,64.9952,13918.71,0.798956,92.814826
1068.100,92.8148,300.0000,65.0000,64.9952,13918.94,0.798997,92.814826
1068.200,92.8148,300.0000,65.0000,64.9952,13919.16,0.799034,92.814826
1068.300,92.8148,300.0000,65.0000,64.9953,13919.37,0.799069,92.814826
1068.400,92.8148,300.0000,64.9375,64.9953,13919.56,0.799102,92.814826
1068.500,92.8148,300.0000,65.0625,64.9953,13919.73,0.799133,92.814826
1068.600,92.8148,300.0000,64.9375,64.9953,13919.90,0.799161,92.814826
1068.700,92.8148,300.0000,65.0000,64.9954,13920.05,0.799188,92.814826
1068.800,92.8148,300.0000,65.0625,64.9954,13920.20,0.799213,92.814826
1068.900,92.8148,300.0000,65.0000,64.9954,13920.33,0.799236,92.814826
1069.000,92.8148,300.0000,65.0625,64.9954,13920.46,0.799258,92.814826
1069.100,92.8148,300.0000,65.0000,64.9954,13920.58,0.799278,92.814826
1069.200,92.8148,300.0000,65.0000,64.9954,13920.69,0.799297,92.814826
1069.300,92.8148,300.0000,65.1250,64.9954,13920.79,0.799315,92.814826
1069.400,92.8148,300.0000,64.9375,64.9955,13920.89,0.799331,92.814826
1069.500,92.8148,300.0000,65.0000,64.9955,13920.97,0.799347,92.814826
1069.600,92.8148,300.0000,65.0000,64.9955,13921.06,0.799361,92.814826
1069.700,92.8148,300.0000,65.0000,64.9955,13921.14,0.799374,92.814826
1069.800,92.8148,300.0000,65.0625,64.9955,13921.21,0.799387,92.814826
1069.900,92.8148,300.0000,64.9375,64.9955,13921.28,0.799399,92.814826
1070.000,92.6403,300.0000,65.0625,64.9955,13919.59,0.799109,92.810945
1070.100,92.6403,300.0000,65.0000,64.9956,13918.02,0.798838,92.810945
1070.200,92.6403,300.0000,65.0625,64.9956,13916.56,0.798586,92.810945
1070.300,92.6403,300.0000,64.9375,64.9957,13915.19,0.798351,92.810945
1070.400,92.6403,300.0000,65.0000,64.9957,13913.91,0.798131,92.810945
1070.500,92.6403,300.0000,65.0625,64.9958,13912.72,0.797926,92.810945
1070.600,92.6403,300.0000,64.9375,64.9959,13911.61,0.797735,92.810945
1070.700,92.6403,300.0000,65.0000,64.9960,13910.57,0.797556,92.810945
1070.800,92.6403,300.0000,65.0000,64.9961,13909.60,0.797390,92.810945
1070.900,92.6403,300.0000,64.9375,64.9962,13908.70,0.797234,92.810945
1071.000,92.6364,300.0000,65.1250,64.9963,13907.82,0.797082,92.807064
1071.100,92.6364,300.0000,65.0625,64.9965,13906.99,0.796941,92.807064
1071.200,92.6364,300.0000,65.1250,64.9966,13906.23,0.796809,92.807064
1071.300,92.6364,300.0000,65.0625,64.9967,13905.51,0.796685,92.807064
1071.400,92.6364,300.0000,65.0625,64.9969,13904.84,0.796570,92.807064
1071.500,92.6364,300.0000,64.9375,64.9970,13904.21,0.796463,92.807064
1071.600,92.6364,300.0000,65.1250,64.9972,13903.63,0.796363,92.807064
1071.700,92.6364,300.0000,64.9375,64.9973,13903.09,0.796269,92.807064
1071.800,92.6364,300.0000,65.0625,64.9975,13902.58,0.796182,92.807064
1071.900,92.6364,300.0000,64.9375,64.9976,13902.10,0.796100,92.807064
1072.000,92.6325,300.0000,65.0000,64.9978,13901.62,0.796017,92.803183
1072.100,92.6325,300.0000,65.0625,64.9980,13901.17,0.795940,92.803183
1072.200,92.6325,300.0000,65.0000,64.9981,13900.75,0.795868,92.803183
1072.300,92.6325,300.0000,65.1250,64.9983,13900.36,0.795801,92.803183
1072.400,92.6325,300.0000,64.9375,64.9985,13900.00,0.795738,92.803183
1072.500,92.6325,300.0000,65.0000,64.9987,13899.65,0.795680,92.803183
1072.600,92.6325,300.0000,65.0000,64.9989,13899.34,0.795625,92.803183
1072.700,92.6325,300.0000,65.0000,64.9990,13899.04,0.795574,92.803183
1072.800,92.6325,300.0000,65.0000,64.9992,13898.76,0.795526,92.803183
1072.900,92.6325,300.0000,65.0000,64.9994,13898.50,0.795482,92.803183
1073.000,92.8032,300.0000,65.0000,64.9996,13899.97,0.795733,92.803183
1073.100,92.8032,300.0000,65.0000,64.9998,13901.34,0.795968,92.803183
1073.200,92.8032,300.0000,65.0625,64.9999,13902.61,0.796188,92.803183
1073.300,92.8032,300.0000,65.0000,65.0001,13903.80,0.796392,92.803183
1073.400,92.8032,300.0000,65.1250,65.0002,13904.91,0.796583,92.803183
1073.500,92.8032,300.0000,65.0000,65.0003,13905.95,0.796762,92.803183
1073.600,92.8032,300.0000,65.0000,65.0004,13906.92,0.796928,92.803183
1073.700,92.8032,300.0000,65.0000,65.0005,13907.82,0.797083,92.803183
1073.800,92.8032,300.0000,65.0000,65.0006,13908.67,0.797228,92.803183
1073.900,92.8032,300.0000,65.0000,65.0007,13909.45,0.797364,92.803183
1074.000,92.8032,300.0000,65.0000,65.0008,13910.19,0.797490,92.803183
1074.100,92.8032,300.0000,64.8750,65.0009,13910.88,0.797608,92.803183
1074.200,92.8032,300.0000,64.9375,65.0010,13911.52,0.797718,92.803183
1074.300,92.8032,300.0000,65.0000,65.0011,13912.11,0.797821,92.803183
1074.400,92.8032,300.0000,65.0000,65.0011,13912.67,0.797917,92.803183
1074.500,92.8032,300.0000,65.0625,65.0012,13913.19,0.798007,92.803183
1074.600,92.8032,300.0000,65.0000,65.0012,13913.68,0.798090,92.803183
1074.700,92.8032,300.0000,65.0000,65.0013,13914.13,0.798168,92.803183
1074.800,92.8032,300.0000,65.0000,65.0014,13914.55,0.798241,92.803183
1074.900,92.8032,300.0000,65.0625,65.0014,13914.95,0.798309,92.803183
1075.000,92.9777,300.0000,65.0000,65.0014,13917.06,0.798673,92.807064
1075.100,92.9777,300.0000,65.0000,65.0014,13919.04,0.799013,92.807064
1075.200,92.9777,300.0000,64.9375,65.0014,13920.88,0.799330,92.807064
1075.300,92.9777,300.0000,65.0625,65.0014,13922.60,0.799626,92.807064
1075.400,92.9777,300.0000,64.9375,65.0014,13924.20,0.799902,92.807064
1075.500,92.9777,300.0000,65.0625,65.0014,13925.70,0.800160,92.807064
1075.600,92.9777,300.0000,65.0000,65.0013,13927.09,0.800401,92.807064
1075.700,92.9777,300.0000,65.0000,65.0012,13928.40,0.800626,92.807064
1075.800,92.9777,300.0000,64.9375,65.0012,13929.62,0.800836,92.807064
1075.900,92.9777,300.0000,65.1250,65.0011,13930.75,0.801032,92.807064
1076.000,93.1561,300.0000,64.9375,65.0010,13933.60,0.801523,92.814826
1076.100,93.1561,300.0000,65.1250,65.0008,13936.25,0.801981,92.814826
1076.200,93.1561,300.0000,64.9375,65.0007,13938.73,0.802409,92.814826
1076.300,93.1561,300.0000,64.8750,65.0005,13941.04,0.802808,92.814826
1076.400,93.1561,300.0000,65.0000,65.0003,13943.20,0.803181,92.814826
1076.500,93.1561,300.0000,65.0000,65.0001,13945.21,0.803529,92.814826
1076.600,93.1561,300.0000,64.9375,64.9999,13947.09,0.803855,92.814826
1076.700,93.1561,300.0000,65.0000,64.9997,13948.85,0.804158,92.814826
1076.800,93.1561,300.0000,65.0625,64.9995,13950.49,0.804441,92.814826
1076.900,93.1561,300.0000,65.0000,64.9992,13952.02,0.804706,92.814826
1077.000,92.8148,300.0000,64.9375,64.9990,13950.03,0.804362,92.814826
1077.100,92.8148,300.0000,65.0625,64.9987,13948.18,0.804042,92.814826
1077.200,92.8148,300.0000,65.0000,64.9985,13946.45,0.803742,92.814826
1077.300,92.8148,300.0000,65.0000,64.9983,13944.83,0.803463,92.814826
1077.400,92.8148,300.0000,64.9375,64.9982,13943.32,0.803203,92.814826
1077.500,92.8148,300.0000,65.0000,64.9980,13941.92,0.802960,92.814826
1077.600,92.8148,300.0000,65.0625,64.9978,13940.60,0.802733,92.814826
1077.700,92.8148,300.0000,65.0000,64.9977,13939.38,0.802521,92.814826
1077.800,92.8148,300.0000,65.0000,64.9975,13938.24,0.802324,92.814826
1077.900,92.8148,300.0000,65.0000,64.9974,13937.17,0.802139,92.814826
1078.000,92.8148,300.0000,65.0625,64.9973,13936.17,0.801967,92.814826
1078.100,92.8148,300.0000,65.0000,64.9972,13935.24,0.801807,92.814826
1078.200,92.8148,300.0000,65.1250,64.9971,13934.37,0.801657,92.814826
1078.300,92.8148,300.0000,64.8750,64.9970,13933.56,0.801517,92.814826
1078.400,92.8148,300.0000,64.9375,64.9969,13932.81,0.801387,92.814826
1078.500,92.8148,300.0000,64.9375,64.9968,13932.10,0.801265,92.814826
1078.600,92.8148,300.0000,65.1250,64.9967,13931.44,0.801151,92.814826
1078.700,92.8148,300.0000,64.9375,64.9966,13930.83,0.801045,92.814826
1078.800,92.8148,300.0000,64.9375,64.9966,13930.26,0.800946,92.814826
1078.900,92.8148,300.0000,65.0625,64.9965,13929.72,0.800854,92.814826
1079.000,92.9894,300.0000,64.9375,64.9964,13930.97,0.801069,92.818707
1079.100,92.9894,300.0000,65.0000,64.9964,13932.13,0.801269,92.818707
1079.200,92.9894,300.0000,64.9375,64.9963,13933.21,0.801457,92.818707
1079.300,92.9894,300.0000,65.0625,64.9962,13934.23,0.801631,92.818707
1079.400,92.9894,300.0000,65.0625,64.9961,13935.17,0.801795,92.818707
1079.500,92.9894,300.0000,64.9375,64.9959,13936.05,0.801947,92.818707
1079.600,92.9894,300.0000,65.0000,64.9958,13936.88,0.802089,92.818707
1079.700,92.9894,300.0000,65.0000,64.9957,13937.65,0.802222,92.818707
1079.800,92.9894,300.0000,65.0000,64.9956,13938.36,0.802346,92.818707
1079.900,92.9894,300.0000,65.0000,64.9954,13939.03,0.802461,92.818707
1080.000,92.8187,300.0000,65.0625,64.9953,13937.95,0.802274,92.818707
1080.100,92.8187,300.0000,64.9375,64.9952,13936.94,0.802100,92.818707
1080.200,92.8187,300.0000,65.0625,64.9950,13936.00,0.801937,92.818707
1080.300,92.8187,300.0000,64.9375,64.9949,13935.12,0.801786,92.818707
1080.400,92.8187,300.0000,65.0625,64.9948,13934.30,0.801644,92.818707
1080.500,92.8187,300.0000,64.8750,64.9948,13933.53,0.801512,92.818707
1080.600,92.8187,300.0000,64.9375,64.9947,13932.82,0.801388,92.818707
1080.700,92.8187,300.0000,64.9375,64.9946,13932.15,0.801273,92.818707
1080.800,92.8187,300.0000,64.9375,64.9945,13931.53,0.801166,92.818707
1080.900,92.8187,300.0000,65.0625,64.9944,13930.95,0.801065,92.818707
1081.000,92.9932,300.0000,64.9375,64.9944,13932.15,0.801273,92.822588
1081.100,92.9932,300.0000,65.0000,64.9943,13933.27,0.801467,92.822588
1081.200,92.9932,300.0000,65.0000,64.9942,13934.32,0.801647,92.822588
1081.300,92.9932,300.0000,64.9375,64.9941,13935.30,0.801816,92.822588
1081.400,92.9932,300.0000,64.9375,64.9940,13936.21,0.801974,92.822588
1081.500,92.9932,300.0000,65.0625,64.9938,13937.06,0.802121,92.822588
1081.600,92.9932,300.0000,64.8750,64.9937,13937.86,0.802258,92.822588
1081.700,92.9932,300.0000,65.0625,64.9936,13938.60,0.802386,92.822588
1081.800,92.9932,300.0000,64.9375,64.9934,13939.29,0.802506,92.822588
1081.900,92.9932,300.0000,65.0625,64.9933,13939.94,0.802617,92.822588
1082.000,92.9971,300.0000,64.9375,64.9932,13940.58,0.802728,92.826469
1082.100,92.9971,300.0000,65.0625,64.9930,13941.18,0.802832,92.826469
1082.200,92.9971,300.0000,65.0625,64.9928,13941.74,0.802929,92.826469
1082.300,92.9971,300.0000,64.9375,64.9927,13942.26,0.803019,92.826469
1082.400,92.9971,300.0000,65.0000,64.9925,13942.75,0.803103,92.826469
1082.500,92.9971,300.0000,65.0000,64.9924,13943.20,0.803181,92.826469
1082.600,92.9971,300.0000,65.0625,64.9922,13943.63,0.803255,92.826469
1082.700,92.9971,300.0000,65.0625,64.9920,13944.02,0.803323,92.826469
1082.800,92.9971,300.0000,65.1250,64.9918,13944.39,0.803387,92.826469
1082.900,92.9971,300.0000,65.0625,64.9917,13944.74,0.803447,92.826469
1083.000,93.0010,300.0000,64.9375,64.9915,13945.10,0.803509,92.830350
1083.100,93.0010,300.0000,65.0000,64.9913,13945.43,0.803567,92.830350
1083.200,93.0010,300.0000,65.0000,64.9911,13945.75,0.803622,92.830350
1083.300,93.0010,300.0000,65.0000,64.9909,13946.04,0.803673,92.830350
1083.400,93.0010,300.0000,65.0000,64.9907,13946.32,0.803720,92.830350
1083.500,93.0010,300.0000,64.9375,64.9905,13946.57,0.803764,92.830350
1083.600,93.0010,300.0000,65.0625,64.9903,13946.81,0.803805,92.830350
1083.700,93.0010,300.0000,65.0000,64.9901,13947.03,0.803844,92.830350
1083.800,93.0010,300.0000,65.0000,64.9900,13947.24,0.803880,92.830350
1083.900,93.0010,300.0000,65.0000,64.9898,13947.43,0.803913,92.830350
1084.000,92.8303,300.0000,65.0000,64.9896,13945.91,0.803650,92.830350
1084.100,92.8303,300.0000,64.9375,64.9894,13944.49,0.803403,92.830350
1084.200,92.8303,300.0000,65.0000,64.9892,13943.16,0.803174,92.830350
1084.300,92.8303,300.0000,65.0625,64.9891,13941.92,0.802959,92.830350
1084.400,92.8303,300.0000,65.0000,64.9890,13940.76,0.802759,92.830350
1084.500,92.8303,300.0000,65.0000,64.9888,13939.68,0.802573,92.830350
1084.600,92.8303,300.0000,65.0000,64.9887,13938.67,0.802399,92.830350
1084.700,92.8303,300.0000,64.9375,64.9886,13937.73,0.802236,92.830350
1084.800,92.8303,300.0000,64.9375,64.9885,13936.85,0.802084,92.830350
1084.900,92.8303,300.0000,65.0000,64.9884,13936.03,0.801943,92.830350
1085.000,92.8303,300.0000,65.0625,64.9883,13935.27,0.801811,92.830350
1085.100,92.8303,300.0000,64.9375,64.9882,13934.55,0.801688,92.830350
1085.200,92.8303,300.0000,65.0625,64.9881,13933.88,0.801573,92.830350
1085.300,92.8303,300.0000,64.9375,64.9880,13933.26,0.801465,92.830350
1085.400,92.8303,300.0000,64.9375,64.9880,13932.68,0.801365,92.830350
1085.500,92.8303,300.0000,65.0000,64.9879,13932.14,0.801271,92.830350
1085.600,92.8303,300.0000,65.0625,64.9878,13931.63,0.801184,92.830350
1085.700,92.8303,300.0000,65.0000,64.9878,13931.16,0.801103,92.830350
1085.800,92.8303,300.0000,65.0625,64.9877,13930.72,0.801027,92.830350
1085.900,92.8303,300.0000,65.0000,64.9877,13930.31,0.800956,92.830350
1086.000,92.8303,300.0000,65.0000,64.9876,13929.93,0.800890,92.830350
1086.100,92.8303,300.0000,65.0625,64.9876,13929.57,0.800828,92.830350
1086.200,92.8303,300.0000,65.0625,64.9876,13929.23,0.800770,92.830350
1086.300,92.8303,300.0000,64.9375,64.9875,13928.92,0.800716,92.830350
1086.400,92.8303,300.0000,64.9375,64.9875,13928.63,0.800666,92.830350
1086.500,92.8303,300.0000,65.0625,64.9875,13928.36,0.800619,92.830350
1086.600,92.8303,300.0000,65.0000,64.9874,13928.10,0.800575,92.830350
1086.700,92.8303,300.0000,65.0000,64.9874,13927.87,0.800535,92.830350
1086.800,92.8303,300.0000,64.9375,64.9874,13927.65,0.800497,92.830350
1086.900,92.8303,300.0000,65.0000,64.9873,13927.44,0.800461,92.830350
1087.000,92.8303,300.0000,65.0000,64.9873,13927.25,0.800428,92.830350
1087.100,92.8303,300.0000,64.9375,64.9873,13927.07,0.800397,92.830350
1087.200,92.8303,300.0000,64.8750,64.9873,13926.90,0.800368,92.830350
1087.300,92.8303,300.0000,65.1250,64.9873,13926.74,0.800341,92.830350
1087.400,92.8303,300.0000,64.9375,64.9872,13926.60,0.800316,92.830350
1087.500,92.8303,300.0000,65.0625,64.9872,13926.46,0.800292,92.830350
1087.600,92.8303,300.0000,65.0625,64.9872,13926.33,0.800270,92.830350
1087.700,92.8303,300.0000,64.9375,64.9872,13926.22,0.800250,92.830350
1087.800,92.8303,300.0000,64.9375,64.9872,13926.10,0.800231,92.830350
1087.900,92.8303,300.0000,64.9375,64.9872,13926.00,0.800213,92.830350
1088.000,92.6558,300.0000,65.0000,64.9872,13924.16,0.799895,92.826469
1088.100,92.6558,300.0000,65.0625,64.9872,13922.44,0.799599,92.826469
1088.200,92.6558,300.0000,65.0000,64.9872,13920.84,0.799323,92.826469
1088.300,92.6558,300.0000,65.0000,64.9873,13919.34,0.799065,92.826469
1088.400,92.6558,300.0000,65.0000,64.9873,13917.94,0.798824,92.826469
1088.500,92.6558,300.0000,64.9375,64.9874,13916.64,0.798599,92.826469
1088.600,92.6558,300.0000,65.0625,64.9875,13915.42,0.798390,92.826469
1088.700,92.6558,300.0000,65.0000,64.9875,13914.28,0.798194,92.826469
1088.800,92.6558,300.0000,64.9375,64.9876,13913.22,0.798012,92.826469
1088.900,92.6558,300.0000,64.9375,64.9877,13912.23,0.797841,92.826469
1089.000,92.6519,300.0000,64.9375,64.9878,13911.27,0.797676,92.822588
1089.100,92.6519,300.0000,65.0000,64.9880,13910.37,0.797521,92.822588
1089.200,92.6519,300.0000,65.0625,64.9881,13909.53,0.797377,92.822588
1089.300,92.6519,300.0000,65.0000,64.9882,13908.75,0.797242,92.822588
1089.400,92.6519,300.0000,64.9375,64.9883,13908.02,0.797117,92.822588
1089.500,92.6519,300.0000,64.9375,64.9885,13907.34,0.797000,92.822588
1089.600,92.6519,300.0000,64.9375,64.9886,13906.70,0.796890,92.822588
1089.700,92.6519,300.0000,65.0000,64.9888,13906.11,0.796788,92.822588
1089.800,92.6519,300.0000,65.0625,64.9889,13905.55,0.796693,92.822588
1089.900,92.6519,300.0000,64.9375,64.9891,13905.03,0.796604,92.822588
1090.000,92.6481,300.0000,64.8750,64.9892,13904.51,0.796514,92.818707
1090.100,92.6481,300.0000,64.9375,64.9894,13904.03,0.796431,92.818707
1090.200,92.6481,300.0000,65.0625,64.9896,13903.57,0.796352,92.818707
1090.300,92.6481,300.0000,65.0000,64.9897,13903.15,0.796280,92.818707
1090.400,92.6481,300.0000,65.0000,64.9899,13902.75,0.796212,92.818707
1090.500,92.6481,300.0000,64.9375,64.9901,13902.38,0.796148,92.818707
1090.600,92.6481,300.0000,65.0000,64.9903,13902.04,0.796089,92.818707
1090.700,92.6481,300.0000,65.0000,64.9905,13901.71,0.796034,92.818707
1090.800,92.6481,300.0000,64.9375,64.9906,13901.41,0.795982,92.818707
1090.900,92.6481,300.0000,65.0000,64.9908,13901.13,0.795934,92.818707
1091.000,92.8187,300.0000,64.9375,64.9910,13902.58,0.796182,92.818707
1091.100,92.8187,300.0000,65.0000,64.9912,13903.93,0.796414,92.818707
1091.200,92.8187,300.0000,64.9375,64.9913,13905.19,0.796630,92.818707
1091.300,92.8187,300.0000,65.0000,64.9915,13906.36,0.796832,92.818707
1091.400,92.8187,300.0000,64.9375,64.9916,13907.46,0.797020,92.818707
1091.500,92.8187,300.0000,65.0625,64.9917,13908.48,0.797196,92.818707
1091.600,92.8187,300.0000,64.9375,64.9918,13909.44,0.797361,92.818707
1091.700,92.8187,300.0000,64.9375,64.9919,13910.33,0.797514,92.818707
1091.800,92.8187,300.0000,64.9375,64.9920,13911.16,0.797657,92.818707
1091.900,92.8187,300.0000,64.8750,64.9921,13911.94,0.797790,92.818707
1092.000,92.4696,300.0000,64.8750,64.9922,13909.17,0.797315,92.810945
1092.100,92.4696,300.0000,65.0000,64.9924,13906.59,0.796871,92.810945
1092.200,92.4696,300.0000,65.0000,64.9925,13904.18,0.796457,92.810945
1092.300,92.4696,300.0000,64.9375,64.9927,13901.93,0.796070,92.810945
1092.400,92.4696,300.0000,65.0625,64.9929,13899.83,0.795710,92.810945
1092.500,92.4696,300.0000,65.0625,64.9931,13897.87,0.795374,92.810945
1092.600,92.4696,300.0000,65.0000,64.9933,13896.04,0.795060,92.810945
1092.700,92.4696,300.0000,64.9375,64.9936,13894.34,0.794767,92.810945
1092.800,92.4696,300.0000,65.0000,64.9938,13892.74,0.794494,92.810945
1092.900,92.4696,300.0000,65.0000,64.9941,13891.26,0.794239,92.810945
1093.000,92.8109,300.0000,64.9375,64.9943,13893.28,0.794586,92.810945
1093.100,92.8109,300.0000,65.0000,64.9946,13895.17,0.794910,92.810945
1093.200,92.8109,300.0000,64.9375,64.9948,13896.94,0.795213,92.810945
1093.300,92.8109,300.0000,64.9375,64.9950,13898.59,0.795496,92.810945
1093.400,92.8109,300.0000,65.0625,64.9952,13900.12,0.795760,92.810945
1093.500,92.8109,300.0000,65.0625,64.9953,13901.56,0.796006,92.810945
1093.600,92.8109,300.0000,65.0000,64.9955,13902.90,0.796236,92.810945
1093.700,92.8109,300.0000,65.0000,64.9956,13904.15,0.796451,92.810945
1093.800,92.8109,300.0000,64.9375,64.9958,13905.31,0.796652,92.810945
1093.900,92.8109,300.0000,64.9375,64.9959,13906.40,0.796839,92.810945
1094.000,92.6364,300.0000,65.0000,64.9960,13905.67,0.796713,92.807064
1094.100,92.6364,300.0000,64.9375,64.9962,13904.99,0.796596,92.807064
1094.200,92.6364,300.0000,65.0625,64.9963,13904.36,0.796487,92.807064
1094.300,92.6364,300.0000,65.0000,64.9965,13903.76,0.796385,92.807064
1094.400,92.6364,300.0000,65.1250,64.9966,13903.21,0.796290,92.807064
1094.500,92.6364,300.0000,64.9375,64.9968,13902.69,0.796202,92.807064
1094.600,92.6364,300.0000,65.0000,64.9970,13902.21,0.796119,92.807064
1094.700,92.6364,300.0000,65.0000,64.9971,13901.76,0.796041,92.807064
1094.800,92.6364,300.0000,65.0000,64.9973,13901.34,0.795969,92.807064
1094.900,92.6364,300.0000,65.0625,64.9975,13900.95,0.795902,92.807064
1095.000,92.9816,300.0000,64.9375,64.9976,13904.04,0.796432,92.810945
1095.100,92.9816,300.0000,65.0000,64.9977,13906.92,0.796927,92.810945
1095.200,92.9816,300.0000,64.9375,64.9978,13909.60,0.797389,92.810945
1095.300,92.9816,300.0000,64.9375,64.9979,13912.11,0.797821,92.810945
1095.400,92.9816,300.0000,65.0000,64.9980,13914.45,0.798224,92.810945
1095.500,92.9816,300.0000,65.0625,64.9980,13916.64,0.798600,92.810945
1095.600,92.9816,300.0000,65.0000,64.9980,13918.68,0.798951,92.810945
1095.700,92.9816,300.0000,65.0000,64.9981,13920.58,0.799279,92.810945
1095.800,92.9816,300.0000,64.9375,64.9980,13922.36,0.799585,92.810945
1095.900,92.9816,300.0000,64.9375,64.9980,13924.02,0.799871,92.810945
1096.000,92.6364,300.0000,64.8750,64.9980,13922.12,0.799543,92.807064
1096.100,92.6364,300.0000,64.9375,64.9980,13920.34,0.799237,92.807064
1096.200,92.6364,300.0000,64.9375,64.9981,13918.68,0.798951,92.807064
1096.300,92.6364,300.0000,65.0000,64.9981,13917.13,0.798685,92.807064
1096.400,92.6364,300.0000,65.0000,64.9981,13915.69,0.798436,92.807064
1096.500,92.6364,300.0000,64.9375,64.9982,13914.34,0.798204,92.807064
1096.600,92.6364,300.0000,65.0000,64.9983,13913.08,0.797988,92.807064
1096.700,92.6364,300.0000,65.0000,64.9983,13911.91,0.797786,92.807064
1096.800,92.6364,300.0000,65.0625,64.9984,13910.81,0.797597,92.807064
1096.900,92.6364,300.0000,65.0000,64.9985,13909.79,0.797421,92.807064
1097.000,92.8071,300.0000,65.0625,64.9986,13910.54,0.797550,92.807064
1097.100,92.8071,300.0000,64.9375,64.9987,13911.24,0.797671,92.807064
1097.200,92.8071,300.0000,64.9375,64.9988,13911.89,0.797784,92.807064
1097.300,92.8071,300.0000,65.0000,64.9989,13912.51,0.797889,92.807064
1097.400,92.8071,300.0000,65.0000,64.9989,13913.08,0.797987,92.807064
1097.500,92.8071,300.0000,65.0000,64.9990,13913.61,0.798078,92.807064
1097.600,92.8071,300.0000,64.9375,64.9991,13914.10,0.798164,92.807064
1097.700,92.8071,300.0000,65.0625,64.9991,13914.57,0.798244,92.807064
1097.800,92.8071,300.0000,65.0000,64.9992,13915.00,0.798318,92.807064
1097.900,92.8071,300.0000,64.9375,64.9992,13915.41,0.798388,92.807064
1098.000,92.6325,300.0000,65.0000,64.9993,13914.04,0.798152,92.803183
1098.100,92.6325,300.0000,65.0000,64.9993,13912.76,0.797932,92.803183
1098.200,92.6325,300.0000,65.0000,64.9994,13911.57,0.797727,92.803183
1098.300,92.6325,300.0000,65.0000,64.9995,13910.46,0.797536,92.803183
1098.400,92.6325,300.0000,65.0625,64.9996,13909.42,0.797357,92.803183
1098.500,92.6325,300.0000,65.0625,64.9997,13908.45,0.797191,92.803183
1098.600,92.6325,300.0000,65.0000,64.9998,13907.54,0.797035,92.803183
1098.700,92.6325,300.0000,65.0625,64.9999,13906.70,0.796890,92.803183
1098.800,92.6325,300.0000,65.0000,65.0001,13905.91,0.796755,92.803183
1098.900,92.6325,300.0000,65.0000,65.0002,13905.18,0.796628,92.803183
1099.000,92.8032,300.0000,65.0000,65.0003,13906.20,0.796804,92.803183
1099.100,92.8032,300.0000,65.0000,65.0004,13907.15,0.796967,92.803183
1099.200,92.8032,300.0000,65.0625,65.0005,13908.04,0.797120,92.803183
1099.300,92.8032,300.0000,65.0000,65.0006,13908.87,0.797263,92.803183
1099.400,92.8032,300.0000,65.1875,65.0007,13909.64,0.797396,92.803183
1099.500,92.8032,300.0000,65.0625,65.0008,13910.36,0.797520,92.803183
1099.600,92.8032,300.0000,64.9375,65.0009,13911.04,0.797636,92.803183
1099.700,92.8032,300.0000,65.0625,65.0010,13911.67,0.797744,92.803183
1099.800,92.8032,300.0000,65.0625,65.0011,13912.25,0.797845,92.803183
1099.900,92.8032,300.0000,65.0000,65.0011,13912.80,0.797940,92.803183
1100.000,92.8032,300.0000,65.0000,65.0012,13913.31,0.798028,92.803183
1100.100,92.8032,300.0000,65.0000,65.0012,13913.79,0.798110,92.803183
1100.200,92.8032,300.0000,65.0625,65.0013,13914.24,0.798187,92.803183
1100.300,92.8032,300.0000,65.0625,65.0013,13914.65,0.798258,92.803183
1100.400,92.8032,300.0000,65.0625,65.0014,13915.04,0.798325,92.803183
1100.500,92.8032,300.0000,65.0000,65.0014,13915.40,0.798387,92.803183
1100.600,92.8032,300.0000,65.0000,65.0015,13915.74,0.798446,92.803183
1100.700,92.8032,300.0000,65.0000,65.0015,13916.06,0.798500,92.803183
1100.800,92.8032,300.0000,65.0000,65.0015,13916.35,0.798551,92.803183
1100.900,92.8032,300.0000,65.0000,65.0016,13916.63,0.798598,92.803183
1101.000,92.8032,300.0000,64.9375,65.0016,13916.88,0.798642,92.803183
1101.100,92.8032,300.0000,64.8750,65.0016,13917.12,0.798683,92.803183
1101.200,92.8032,300.0000,65.0625,65.0017,13917.35,0.798722,92.803183
1101.300,92.8032,300.0000,64.9375,65.0017,13917.56,0.798758,92.803183
1101.400,92.8032,300.0000,64.9375,65.0017,13917.75,0.798791,92.803183
1101.500,92.8032,300.0000,65.0625,65.0017,13917.93,0.798823,92.803183
1101.600,92.8032,300.0000,65.0000,65.0018,13918.10,0.798852,92.803183
1101.700,92.8032,300.0000,65.0000,65.0018,13918.26,0.798879,92.803183
1101.800,92.8032,300.0000,65.0625,65.0018,13918.41,0.798905,92.803183
1101.900,92.8032,300.0000,65.0625,65.0018,13918.55,0.798928,92.803183
1102.000,92.9777,300.0000,65.1250,65.0018,13920.42,0.799251,92.807064
1102.100,92.9777,300.0000,65.1250,65.0018,13922.17,0.799552,92.807064
1102.200,92.9777,300.0000,65.0000,65.0018,13923.80,0.799834,92.807064
1102.300,92.9777,300.0000,65.0625,65.0017,13925.33,0.800096,92.807064
1102.400,92.9777,300.0000,64.9375,65.0017,13926.75,0.800342,92.807064
1102.500,92.9777,300.0000,65.0000,65.0016,13928.07,0.800570,92.807064
1102.600,92.9777,300.0000,65.0000,65.0015,13929.31,0.800784,92.807064
1102.700,92.9777,300.0000,65.0000,65.0015,13930.47,0.800983,92.807064
1102.800,92.9777,300.0000,65.0000,65.0014,13931.55,0.801170,92.807064
1102.900,92.9777,300.0000,64.8750,65.0013,13932.56,0.801343,92.807064
1103.000,92.4580,300.0000,64.9375,65.0012,13928.30,0.800609,92.799303
1103.100,92.4580,300.0000,64.9375,65.0012,13924.33,0.799924,92.799303
1103.200,92.4580,300.0000,64.9375,65.0012,13920.62,0.799285,92.799303
1103.300,92.4580,300.0000,64.8750,65.0012,13917.16,0.798689,92.799303
1103.400,92.4580,300.0000,65.0000,65.0013,13913.93,0.798133,92.799303
1103.500,92.4580,300.0000,65.0000,65.0014,13910.91,0.797614,92.799303
1103.600,92.4580,300.0000,65.0000,65.0015,13908.10,0.797130,92.799303
1103.700,92.4580,300.0000,64.9375,65.0016,13905.47,0.796679,92.799303
1103.800,92.4580,300.0000,65.0000,65.0017,13903.02,0.796258,92.799303
1103.900,92.4580,300.0000,65.0625,65.0019,13900.73,0.795865,92.799303
1104.000,92.9738,300.0000,64.9375,65.0020,13903.75,0.796384,92.803183
1104.100,92.9738,300.0000,65.0000,65.0021,13906.58,0.796869,92.803183
1104.200,92.9738,300.0000,65.0000,65.0022,13909.21,0.797322,92.803183
1104.300,92.9738,300.0000,65.0000,65.0023,13911.67,0.797744,92.803183
1104.400,92.9738,300.0000,65.0000,65.0024,13913.96,0.798139,92.803183
1104.500,92.9738,300.0000,65.0000,65.0024,13916.10,0.798507,92.803183
1104.600,92.9738,300.0000,65.0625,65.0024,13918.10,0.798852,92.803183
1104.700,92.9738,300.0000,65.0000,65.0024,13919.96,0.799173,92.803183
1104.800,92.9738,300.0000,65.0625,65.0024,13921.71,0.799473,92.803183
1104.900,92.9738,300.0000,65.1250,65.0024,13923.33,0.799752,92.803183
1105.000,93.1522,300.0000,65.0000,65.0023,13926.63,0.800321,92.810945
1105.100,93.1522,300.0000,65.1250,65.0023,13929.71,0.800852,92.810945
1105.200,93.1522,300.0000,65.0625,65.0022,13932.59,0.801348,92.810945
1105.300,93.1522,300.0000,65.0000,65.0020,13935.27,0.801812,92.810945
1105.400,93.1522,300.0000,64.9375,65.0019,13937.77,0.802244,92.810945
1105.500,93.1522,300.0000,64.9375,65.0017,13940.11,0.802648,92.810945
1105.600,93.1522,300.0000,65.0000,65.0016,13942.29,0.803025,92.810945
1105.700,93.1522,300.0000,65.0000,65.0014,13944.33,0.803376,92.810945
1105.800,93.1522,300.0000,65.0000,65.0011,13946.23,0.803705,92.810945
1105.900,93.1522,300.0000,65.0625,65.0009,13948.00,0.804012,92.810945
1106.000,92.9855,300.0000,65.0625,65.0007,13947.99,0.804010,92.814826
1106.100,92.9855,300.0000,64.9375,65.0005,13947.98,0.804008,92.814826
1106.200,92.9855,300.0000,65.0000,65.0002,13947.97,0.804006,92.814826
1106.300,92.9855,300.0000,65.0000,65.0000,13947.96,0.804004,92.814826
1106.400,92.9855,300.0000,65.0000,64.9998,13947.95,0.804003,92.814826
1106.500,92.9855,300.0000,64.9375,64.9996,13947.94,0.804001,92.814826
1106.600,92.9855,300.0000,65.0000,64.9993,13947.93,0.804000,92.814826
1106.700,92.9855,300.0000,65.0625,64.9991,13947.93,0.803998,92.814826
1106.800,92.9855,300.0000,64.9375,64.9989,13947.92,0.803997,92.814826
1106.900,92.9855,300.0000,64.9375,64.9987,13947.91,0.803996,92.814826
1107.000,92.6403,300.0000,65.0000,64.9985,13944.45,0.803398,92.810945
1107.100,92.6403,300.0000,65.0625,64.9983,13941.23,0.802840,92.810945
1107.200,92.6403,300.0000,65.0000,64.9982,13938.22,0.802320,92.810945
1107.300,92.6403,300.0000,65.0625,64.9981,13935.40,0.801835,92.810945
1107.400,92.6403,300.0000,65.0625,64.9980,13932.78,0.801382,92.810945
1107.500,92.6403,300.0000,65.0625,64.9979,13930.33,0.800959,92.810945
1107.600,92.6403,300.0000,64.9375,64.9979,13928.05,0.800565,92.810945
1107.700,92.6403,300.0000,65.0625,64.9978,13925.91,0.800197,92.810945
1107.800,92.6403,300.0000,65.0000,64.9978,13923.92,0.799854,92.810945
1107.900,92.6403,300.0000,64.8750,64.9978,13922.06,0.799534,92.810945
1108.000,92.4619,300.0000,65.0000,64.9978,13918.54,0.798928,92.803183
1108.100,92.4619,300.0000,65.0625,64.9979,13915.26,0.798363,92.803183
1108.200,92.4619,300.0000,64.9375,64.9980,13912.19,0.797835,92.803183
1108.300,92.4619,300.0000,65.0000,64.9981,13909.33,0.797343,92.803183
1108.400,92.4619,300.0000,65.0000,64.9982,13906.66,0.796884,92.803183
1108.500,92.4619,300.0000,65.0625,64.9983,13904.17,0.796456,92.803183
1108.600,92.4619,300.0000,65.0000,64.9985,13901.85,0.796056,92.803183
1108.700,92.4619,300.0000,65.0000,64.9987,13899.67,0.795683,92.803183
1108.800,92.4619,300.0000,65.0000,64.9989,13897.65,0.795335,92.803183
1108.900,92.4619,300.0000,65.0625,64.9991,13895.76,0.795011,92.803183
1109.000,92.9777,300.0000,65.0000,64.9993,13899.15,0.795593,92.807064
1109.100,92.9777,300.0000,64.9375,64.9994,13902.32,0.796137,92.807064
1109.200,92.9777,300.0000,65.0000,64.9996,13905.27,0.796645,92.807064
1109.300,92.9777,300.0000,64.9375,64.9997,13908.03,0.797119,92.807064
1109.400,92.9777,300.0000,65.0000,64.9997,13910.61,0.797562,92.807064
1109.500,92.9777,300.0000,65.0000,64.9998,13913.01,0.797976,92.807064
1109.600,92.9777,300.0000,65.0000,64.9999,13915.25,0.798362,92.807064
1109.700,92.9777,300.0000,65.0625,64.9999,13917.35,0.798722,92.807064
1109.800,92.9777,300.0000,65.0000,64.9999,13919.30,0.799058,92.807064
1109.900,92.9777,300.0000,65.0000,64.9999,13921.13,0.799373,92.807064
1110.000,92.8071,300.0000,65.0000,64.9999,13921.12,0.799372,92.807064
1110.100,92.8071,300.0000,65.0000,64.9999,13921.12,0.799371,92.807064
1110.200,92.8071,300.0000,64.9375,64.9999,13921.11,0.799370,92.807064
1110.300,92.8071,300.0000,64.8750,64.9999,13921.11,0.799370,92.807064
1110.400,92.8071,300.0000,65.0000,64.9999,13921.11,0.799369,92.807064
1110.500,92.8071,300.0000,64.9375,64.9999,13921.10,0.799369,92.807064
1110.600,92.8071,300.0000,65.0625,64.9999,13921.10,0.799368,92.807064
1110.700,92.8071,300.0000,65.0625,64.9999,13921.10,0.799368,92.807064
1110.800,92.8071,300.0000,65.0000,64.9999,13921.09,0.799367,92.807064
1110.900,92.8071,300.0000,65.0000,64.9999,13921.09,0.799367,92.807064
1111.000,92.8071,300.0000,65.0625,64.9999,13921.09,0.799367,92.807064
1111.100,92.8071,300.0000,64.9375,64.9999,13921.09,0.799366,92.807064
1111.200,92.8071,300.0000,64.9375,64.9999,13921.09,0.799366,92.807064
1111.300,92.8071,300.0000,64.9375,64.9999,13921.08,0.799366,92.807064
1111.400,92.8071,300.0000,64.9375,64.9999,13921.08,0.799365,92.807064
1111.500,92.8071,300.0000,64.9375,64.9999,13921.08,0.799365,92.807064
1111.600,92.8071,300.0000,65.1250,64.9999,13921.08,0.799365,92.807064
1111.700,92.8071,300.0000,65.0000,64.9999,13921.08,0.799365,92.807064
1111.800,92.8071,300.0000,65.0000,64.9999,13921.08,0.799364,92.807064
1111.900,92.8071,300.0000,65.0000,64.9999,13921.08,0.799364,92.807064
1112.000,92.8071,300.0000,64.8750,64.9999,13921.08,0.799364,92.807064
1112.100,92.8071,300.0000,65.0625,64.9999,13921.07,0.799364,92.807064
1112.200,92.8071,300.0000,64.9375,64.9999,13921.07,0.799364,92.807064
1112.300,92.8071,300.0000,65.0000,64.9999,13921.07,0.799363,92.807064
1112.400,92.8071,300.0000,65.0625,64.9999,13921.07,0.799363,92.807064
1112.500,92.8071,300.0000,65.0000,64.9999,13921.07,0.799363,92.807064
1112.600,92.8071,300.0000,64.9375,64.9999,13921.07,0.799363,92.807064
1112.700,92.8071,300.0000,65.0000,64.9999,13921.07,0.799363,92.807064
1112.800,92.8071,300.0000,65.0625,64.9999,13921.07,0.799363,92.807064
1112.900,92.8071,300.0000,64.9375,64.9999,13921.07,0.799363,92.807064
1113.000,92.6325,300.0000,65.0625,64.9999,13919.32,0.799062,92.803183
1113.100,92.6325,300.0000,65.0000,64.9999,13917.69,0.798781,92.803183
1113.200,92.6325,300.0000,64.9375,65.0000,13916.17,0.798520,92.803183
1113.300,92.6325,300.0000,65.0000,65.0000,13914.75,0.798275,92.803183
1113.400,92.6325,300.0000,65.0625,65.0001,13913.43,0.798047,92.803183
1113.500,92.6325,300.0000,64.9375,65.0002,13912.19,0.797835,92.803183
1113.600,92.6325,300.0000,65.0625,65.0003,13911.04,0.797636,92.803183
1113.700,92.6325,300.0000,65.0000,65.0003,13909.96,0.797451,92.803183
1113.800,92.6325,300.0000,65.0000,65.0004,13908.95,0.797278,92.803183
1113.900,92.6325,300.0000,65.0000,65.0006,13908.02,0.797116,92.803183
1114.000,92.8032,300.0000,65.0000,65.0007,13908.85,0.797259,92.803183
1114.100,92.8032,300.0000,64.9375,65.0007,13909.62,0.797393,92.803183
1114.200,92.8032,300.0000,65.0000,65.0008,13910.35,0.797517,92.803183
1114.300,92.8032,300.0000,64.9375,65.0009,13911.02,0.797633,92.803183
1114.400,92.8032,300.0000,64.9375,65.0010,13911.65,0.797742,92.803183
1114.500,92.8032,300.0000,65.0625,65.0011,13912.24,0.797843,92.803183
1114.600,92.8032,300.0000,64.8750,65.0011,13912.79,0.797937,92.803183
1114.700,92.8032,300.0000,65.0000,65.0012,13913.30,0.798026,92.803183
1114.800,92.8032,300.0000,65.0000,65.0012,13913.78,0.798108,92.803183
1114.900,92.8032,300.0000,64.9375,65.0013,13914.23,0.798185,92.803183
1115.000,92.6287,300.0000,65.0000,65.0014,13912.90,0.797956,92.799303
1115.100,92.6287,300.0000,64.9375,65.0014,13911.66,0.797743,92.799303
1115.200,92.6287,300.0000,65.0000,65.0015,13910.50,0.797544,92.799303
1115.300,92.6287,300.0000,64.9375,65.0016,13909.42,0.797358,92.799303
1115.400,92.6287,300.0000,65.0000,65.0017,13908.41,0.797185,92.799303
1115.500,92.6287,300.0000,65.0000,65.0018,13907.47,0.797023,92.799303
1115.600,92.6287,300.0000,65.0000,65.0019,13906.59,0.796872,92.799303
1115.700,92.6287,300.0000,65.0000,65.0021,13905.77,0.796731,92.799303
1115.800,92.6287,300.0000,64.9375,65.0022,13905.01,0.796599,92.799303
1115.900,92.6287,300.0000,65.0000,65.0023,13904.29,0.796477,92.799303
1116.000,92.7993,300.0000,65.0625,65.0025,13905.33,0.796655,92.799303
1116.100,92.7993,300.0000,65.0625,65.0026,13906.31,0.796822,92.799303
1116.200,92.7993,300.0000,65.0000,65.0027,13907.21,0.796978,92.799303
1116.300,92.7993,300.0000,64.9375,65.0028,13908.06,0.797123,92.799303
1116.400,92.7993,300.0000,65.0000,65.0029,13908.85,0.797259,92.799303
1116.500,92.7993,300.0000,65.0625,65.0030,13909.58,0.797386,92.799303
1116.600,92.7993,300.0000,65.0000,65.0030,13910.27,0.797504,92.799303
1116.700,92.7993,300.0000,65.0000,65.0031,13910.91,0.797614,92.799303
1116.800,92.7993,300.0000,65.0000,65.0032,13911.51,0.797717,92.799303
1116.900,92.7993,300.0000,65.0000,65.0033,13912.07,0.797814,92.799303
1117.000,92.7993,300.0000,65.0625,65.0033,13912.59,0.797903,92.799303
1117.100,92.7993,300.0000,65.0625,65.0034,13913.08,0.797987,92.799303
1117.200,92.7993,300.0000,65.0625,65.0034,13913.53,0.798065,92.799303
1117.300,92.7993,300.0000,65.0000,65.0035,13913.96,0.798138,92.799303
1117.400,92.7993,300.0000,65.0000,65.0035,13914.35,0.798207,92.799303
1117.500,92.7993,300.0000,65.0000,65.0036,13914.72,0.798270,92.799303
1117.600,92.7993,300.0000,65.0000,65.0036,13915.07,0.798329,92.799303
1117.700,92.7993,300.0000,64.9375,65.0037,13915.39,0.798385,92.799303
1117.800,92.7993,300.0000,64.9375,65.0037,13915.69,0.798437,92.799303
1117.900,92.7993,300.0000,65.0000,65.0037,13915.97,0.798485,92.799303
1118.000,92.7993,300.0000,65.0000,65.0038,13916.23,0.798530,92.799303
1118.100,92.7993,300.0000,65.0000,65.0038,13916.48,0.798572,92.799303
1118.200,92.7993,300.0000,64.8750,65.0038,13916.70,0.798611,92.799303
1118.300,92.7993,300.0000,65.0000,65.0038,13916.92,0.798648,92.799303
1118.400,92.7993,300.0000,64.9375,65.0039,13917.12,0.798682,92.799303
1118.500,92.7993,300.0000,65.0000,65.0039,13917.30,0.798714,92.799303
1118.600,92.7993,300.0000,64.9375,65.0039,13917.47,0.798744,92.799303
1118.700,92.7993,300.0000,65.0000,65.0039,13917.64,0.798771,92.799303
1118.800,92.7993,300.0000,65.0000,65.0040,13917.79,0.798797,92.799303
1118.900,92.7993,300.0000,65.0000,65.0040,13917.93,0.798822,92.799303
1119.000,92.7993,300.0000,65.0000,65.0040,13918.06,0.798844,92.799303
1119.100,92.7993,300.0000,65.0000,65.0040,13918.18,0.798865,92.799303
1119.200,92.7993,300.0000,65.0000,65.0040,13918.29,0.798885,92.799303
1119.300,92.7993,300.0000,65.0000,65.0040,13918.40,0.798903,92.799303
1119.400,92.7993,300.0000,65.0625,65.0040,13918.50,0.798921,92.799303
1119.500,92.7993,300.0000,64.9375,65.0041,13918.59,0.798937,92.799303
1119.600,92.7993,300.0000,65.0000,65.0041,13918.68,0.798952,92.799303
1119.700,92.7993,300.0000,64.9375,65.0041,13918.76,0.798965,92.799303
1119.800,92.7993,300.0000,65.0000,65.0041,13918.84,0.798978,92.799303
1119.900,92.7993,300.0000,65.0000,65.0041,13918.91,0.798991,92.799303
1120.000,92.7993,300.0000,65.0000,65.0041,13918.97,0.799002,92.799303
1120.100,92.7993,300.0000,65.0625,65.0041,13919.03,0.799013,92.799303
1120.200,92.7993,300.0000,65.1250,65.0041,13919.09,0.799022,92.799303
1120.300,92.7993,300.0000,65.0000,65.0041,13919.15,0.799032,92.799303
1120.400,92.7993,300.0000,65.0625,65.0041,13919.20,0.799040,92.799303
1120.500,92.7993,300.0000,65.0000,65.0041,13919.24,0.799048,92.799303
1120.600,92.7993,300.0000,65.1250,65.0041,13919.29,0.799056,92.799303
1120.700,92.7993,300.0000,65.0000,65.0041,13919.33,0.799063,92.799303
1120.800,92.7993,300.0000,65.0000,65.0041,13919.36,0.799069,92.799303
1120.900,92.7993,300.0000,65.0000,65.0042,13919.40,0.799075,92.799303
1121.000,92.7993,300.0000,65.0000,65.0042,13919.43,0.799081,92.799303
1121.100,92.7993,300.0000,65.0000,65.0042,13919.46,0.799086,92.799303
1121.200,92.7993,300.0000,64.9375,65.0042,13919.49,0.799091,92.799303
1121.300,92.7993,300.0000,65.0625,65.0042,13919.52,0.799096,92.799303
1121.400,92.7993,300.0000,65.0625,65.0042,13919.54,0.799100,92.799303
1121.500,92.7993,300.0000,64.9375,65.0042,13919.57,0.799104,92.799303
1121.600,92.7993,300.0000,65.0000,65.0042,13919.59,0.799108,92.799303
1121.700,92.7993,300.0000,64.9375,65.0042,13919.61,0.799112,92.799303
1121.800,92.7993,300.0000,65.1250,65.0042,13919.63,0.799115,92.799303
1121.900,92.7993,300.0000,65.0625,65.0042,13919.65,0.799118,92.799303
1122.000,92.9738,300.0000,65.0000,65.0042,13921.41,0.799421,92.803183
1122.100,92.9738,300.0000,65.0625,65.0041,13923.05,0.799705,92.803183
1122.200,92.9738,300.0000,65.0000,65.0041,13924.59,0.799969,92.803183
1122.300,92.9738,300.0000,65.0625,65.0041,13926.02,0.800216,92.803183
1122.400,92.9738,300.0000,65.0000,65.0040,13927.36,0.800447,92.803183
1122.500,92.9738,300.0000,65.1250,65.0039,13928.61,0.800662,92.803183
1122.600,92.9738,300.0000,65.0000,65.0038,13929.77,0.800863,92.803183
1122.700,92.9738,300.0000,64.9375,65.0038,13930.86,0.801050,92.803183
1122.800,92.9738,300.0000,64.9375,65.0037,13931.87,0.801225,92.803183
1122.900,92.9738,300.0000,65.0625,65.0035,13932.82,0.801389,92.803183
1123.000,92.9777,300.0000,65.0000,65.0034,13933.74,0.801548,92.807064
1123.100,92.9777,300.0000,65.0625,65.0033,13934.60,0.801696,92.807064
1123.200,92.9777,300.0000,65.0000,65.0032,13935.41,0.801835,92.807064
1123.300,92.9777,300.0000,65.0625,65.0031,13936.16,0.801965,92.807064
1123.400,92.9777,300.0000,65.0625,65.0029,13936.86,0.802085,92.807064
1123.500,92.9777,300.0000,64.9375,65.0028,13937.51,0.802198,92.807064
1123.600,92.9777,300.0000,65.0625,65.0026,13938.12,0.802304,92.807064
1123.700,92.9777,300.0000,65.0000,65.0025,13938.69,0.802402,92.807064
1123.800,92.9777,300.0000,65.0625,65.0023,13939.22,0.802494,92.807064
1123.900,92.9777,300.0000,65.0000,65.0022,13939.72,0.802579,92.807064
1124.000,92.8071,300.0000,65.0625,65.0020,13938.47,0.802364,92.807064
1124.100,92.8071,300.0000,64.9375,65.0019,13937.31,0.802164,92.807064
1124.200,92.8071,300.0000,65.0000,65.0017,13936.23,0.801977,92.807064
1124.300,92.8071,300.0000,64.9375,65.0016,13935.22,0.801802,92.807064
1124.400,92.8071,300.0000,65.0625,65.0015,13934.27,0.801640,92.807064
1124.500,92.8071,300.0000,65.0000,65.0014,13933.39,0.801488,92.807064
1124.600,92.8071,300.0000,65.1250,65.0013,13932.57,0.801346,92.807064
1124.700,92.8071,300.0000,65.0000,65.0012,13931.80,0.801213,92.807064
1124.800,92.8071,300.0000,65.0625,65.0011,13931.09,0.801090,92.807064
1124.900,92.8071,300.0000,65.0625,65.0010,13930.42,0.800974,92.807064
1125.000,92.9816,300.0000,65.0000,65.0009,13931.54,0.801168,92.810945
1125.100,92.9816,300.0000,65.0000,65.0009,13932.59,0.801348,92.810945
1125.200,92.9816,300.0000,65.0000,65.0007,13933.56,0.801517,92.810945
1125.300,92.9816,300.0000,65.0625,65.0006,13934.47,0.801674,92.810945
1125.400,92.9816,300.0000,65.0625,65.0005,13935.33,0.801821,92.810945
1125.500,92.9816,300.0000,65.0000,65.0004,13936.12,0.801958,92.810945
1125.600,92.9816,300.0000,65.0000,65.0003,13936.86,0.802086,92.810945
1125.700,92.9816,300.0000,65.0000,65.0001,13937.55,0.802206,92.810945
1125.800,92.9816,300.0000,65.1250,65.0000,13938.20,0.802317,92.810945
1125.900,92.9816,300.0000,64.9375,64.9998,13938.80,0.802421,92.810945
1126.000,92.6364,300.0000,65.0000,64.9997,13935.91,0.801923,92.807064
1126.100,92.6364,300.0000,64.9375,64.9996,13933.22,0.801457,92.807064
1126.200,92.6364,300.0000,65.0000,64.9995,13930.70,0.801023,92.807064
1126.300,92.6364,300.0000,65.1250,64.9995,13928.35,0.800618,92.807064
1126.400,92.6364,300.0000,64.9375,64.9994,13926.16,0.800240,92.807064
1126.500,92.6364,300.0000,65.0000,64.9994,13924.11,0.799887,92.807064
1126.600,92.6364,300.0000,65.0625,64.9994,13922.20,0.799558,92.807064
1126.700,92.6364,300.0000,65.0000,64.9994,13920.42,0.799251,92.807064
1126.800,92.6364,300.0000,64.9375,64.9994,13918.75,0.798964,92.807064
1126.900,92.6364,300.0000,65.0000,64.9994,13917.20,0.798697,92.807064
1127.000,92.8071,300.0000,65.1250,64.9995,13917.46,0.798741,92.807064
1127.100,92.8071,300.0000,65.0000,64.9995,13917.70,0.798782,92.807064
1127.200,92.8071,300.0000,65.0000,64.9995,13917.92,0.798821,92.807064
1127.300,92.8071,300.0000,65.0625,64.9996,13918.13,0.798857,92.807064
1127.400,92.8071,300.0000,65.0625,64.9996,13918.33,0.798891,92.807064
1127.500,92.8071,300.0000,65.0625,64.9996,13918.51,0.798922,92.807064
1127.600,92.8071,300.0000,65.0625,64.9996,13918.68,0.798951,92.807064
1127.700,92.8071,300.0000,65.0625,64.9996,13918.84,0.798979,92.807064
1127.800,92.8071,300.0000,65.0625,64.9997,13918.99,0.799004,92.807064
1127.900,92.8071,300.0000,64.9375,64.9997,13919.12,0.799028,92.807064
1128.000,92.6325,300.0000,65.0625,64.9997,13917.51,0.798750,92.803183
1128.100,92.6325,300.0000,65.0625,64.9998,13916.00,0.798490,92.803183
1128.200,92.6325,300.0000,65.0000,64.9998,13914.59,0.798248,92.803183
1128.300,92.6325,300.0000,65.0000,64.9999,13913.28,0.798021,92.803183
1128.400,92.6325,300.0000,65.0000,64.9999,13912.05,0.797810,92.803183
1128.500,92.6325,300.0000,65.0000,65.0000,13910.91,0.797614,92.803183
1128.600,92.6325,300.0000,65.0625,65.0001,13909.84,0.797430,92.803183
1128.700,92.6325,300.0000,64.9375,65.0002,13908.84,0.797258,92.803183
1128.800,92.6325,300.0000,64.8750,65.0003,13907.91,0.797098,92.803183
1128.900,92.6325,300.0000,65.0000,65.0004,13907.04,0.796949,92.803183
1129.000,92.8032,300.0000,65.0000,65.0006,13907.94,0.797103,92.803183
1129.100,92.8032,300.0000,64.9375,65.0007,13908.77,0.797247,92.803183
1129.200,92.8032,300.0000,65.0000,65.0008,13909.55,0.797381,92.803183
1129.300,92.8032,300.0000,65.0000,65.0008,13910.28,0.797506,92.803183
1129.400,92.8032,300.0000,65.0000,65.0009,13910.96,0.797623,92.803183
1129.500,92.8032,300.0000,65.0000,65.0010,13911.60,0.797732,92.803183
1129.600,92.8032,300.0000,64.9375,65.0011,13912.19,0.797834,92.803183
1129.700,92.8032,300.0000,65.0000,65.0011,13912.74,0.797929,92.803183
1129.800,92.8032,300.0000,65.0000,65.0012,13913.26,0.798018,92.803183
1129.900,92.8032,300.0000,65.0625,65.0013,13913.74,0.798101,92.803183
1130.000,92.9777,300.0000,64.9375,65.0013,13915.93,0.798478,92.807064
1130.100,92.9777,300.0000,65.0000,65.0013,13917.98,0.798831,92.807064
1130.200,92.9777,300.0000,65.0000,65.0013,13919.89,0.799160,92.807064
1130.300,92.9777,300.0000,65.0000,65.0013,13921.68,0.799468,92.807064
1130.400,92.9777,300.0000,65.0625,65.0013,13923.34,0.799755,92.807064
1130.500,92.9777,300.0000,65.0000,65.0013,13924.90,0.800022,92.807064
1130.600,92.9777,300.0000,65.0000,65.0012,13926.35,0.800272,92.807064
1130.700,92.9777,300.0000,65.0625,65.0012,13927.70,0.800506,92.807064
1130.800,92.9777,300.0000,65.0000,65.0011,13928.96,0.800724,92.807064
1130.900,92.9777,300.0000,65.0000,65.0010,13930.14,0.800927,92.807064
1131.000,92.8071,300.0000,65.0000,65.0009,13929.54,0.800823,92.807064
1131.100,92.8071,300.0000,65.0000,65.0009,13928.97,0.800725,92.807064
1131.200,92.8071,300.0000,64.9375,65.0008,13928.45,0.800634,92.807064
1131.300,92.8071,300.0000,64.8750,65.0007,13927.95,0.800549,92.807064
1131.400,92.8071,300.0000,65.0000,65.0007,13927.49,0.800470,92.807064
1131.500,92.8071,300.0000,65.1250,65.0006,13927.06,0.800396,92.807064
1131.600,92.8071,300.0000,65.0000,65.0006,13926.66,0.800327,92.807064
1131.700,92.8071,300.0000,64.9375,65.0005,13926.29,0.800263,92.807064
1131.800,92.8071,300.0000,64.9375,65.0005,13925.94,0.800203,92.807064
1131.900,92.8071,300.0000,65.0000,65.0005,13925.62,0.800147,92.807064
1132.000,92.8071,300.0000,65.0625,65.0004,13925.31,0.800094,92.807064
1132.100,92.8071,300.0000,65.0000,65.0004,13925.03,0.800045,92.807064
1132.200,92.8071,300.0000,65.0000,65.0004,13924.76,0.800000,92.807064
1132.300,92.8071,300.0000,65.0000,65.0003,13924.52,0.799957,92.807064
1132.400,92.8071,300.0000,65.0000,65.0003,13924.29,0.799917,92.807064
1132.500,92.8071,300.0000,65.0000,65.0003,13924.07,0.799880,92.807064
1132.600,92.8071,300.0000,65.0000,65.0003,13923.87,0.799846,92.807064
1132.700,92.8071,300.0000,64.9375,65.0002,13923.68,0.799813,92.807064
1132.800,92.8071,300.0000,65.0000,65.0002,13923.51,0.799783,92.807064
1132.900,92.8071,300.0000,65.0000,65.0002,13923.35,0.799755,92.807064
1133.000,92.8071,300.0000,65.0000,65.0002,13923.19,0.799729,92.807064
1133.100,92.8071,300.0000,65.0000,65.0002,13923.05,0.799704,92.807064
1133.200,92.8071,300.0000,65.0625,65.0001,13922.92,0.799681,92.807064
1133.300,92.8071,300.0000,65.0625,65.0001,13922.79,0.799660,92.807064
1133.400,92.8071,300.0000,65.0000,65.0001,13922.68,0.799640,92.807064
1133.500,92.8071,300.0000,65.0000,65.0001,13922.57,0.799622,92.807064
1133.600,92.8071,300.0000,64.9375,65.0001,13922.47,0.799604,92.807064
1133.700,92.8071,300.0000,64.9375,65.0001,13922.38,0.799588,92.807064
1133.800,92.8071,300.0000,65.0000,65.0001,13922.29,0.799573,92.807064
1133.900,92.8071,300.0000,65.0000,65.0001,13922.21,0.799559,92.807064
1134.000,92.8071,300.0000,65.0000,65.0000,13922.13,0.799546,92.807064
1134.100,92.8071,300.0000,65.0625,65.0000,13922.06,0.799533,92.807064
1134.200,92.8071,300.0000,64.9375,65.0000,13921.99,0.799522,92.807064
1134.300,92.8071,300.0000,65.0000,65.0000,13921.93,0.799511,92.807064
1134.400,92.8071,300.0000,65.0000,65.0000,13921.87,0.799501,92.807064
1134.500,92.8071,300.0000,65.0000,65.0000,13921.82,0.799492,92.807064
1134.600,92.8071,300.0000,65.0000,65.0000,13921.77,0.799483,92.807064
1134.700,92.8071,300.0000,64.9375,65.0000,13921.72,0.799475,92.807064
1134.800,92.8071,300.0000,65.0000,65.0000,13921.68,0.799467,92.807064
1134.900,92.8071,300.0000,64.9375,65.0000,13921.63,0.799460,92.807064
1135.000,92.6325,300.0000,65.0000,65.0000,13919.85,0.799153,92.803183
1135.100,92.6325,300.0000,65.0000,65.0000,13918.19,0.798866,92.803183
1135.200,92.6325,300.0000,65.0000,65.0001,13916.63,0.798599,92.803183
1135.300,92.6325,300.0000,64.9375,65.0001,13915.18,0.798349,92.803183
1135.400,92.6325,300.0000,65.0000,65.0002,13913.83,0.798116,92.803183
1135.500,92.6325,300.0000,64.9375,65.0002,13912.57,0.797899,92.803183
1135.600,92.6325,300.0000,65.0000,65.0003,13911.39,0.797696,92.803183
1135.700,92.6325,300.0000,65.0000,65.0004,13910.29,0.797507,92.803183
1135.800,92.6325,300.0000,64.9375,65.0005,13909.26,0.797330,92.803183
1135.900,92.6325,300.0000,65.0000,65.0006,13908.30,0.797165,92.803183
1136.000,92.8032,300.0000,65.0000,65.0007,13909.11,0.797305,92.803183
1136.100,92.8032,300.0000,65.0625,65.0008,13909.87,0.797435,92.803183
1136.200,92.8032,300.0000,65.0625,65.0009,13910.58,0.797557,92.803183
1136.300,92.8032,300.0000,65.0625,65.0010,13911.24,0.797670,92.803183
1136.400,92.8032,300.0000,65.0000,65.0010,13911.85,0.797776,92.803183
1136.500,92.8032,300.0000,65.0000,65.0011,13912.43,0.797875,92.803183
1136.600,92.8032,300.0000,65.0000,65.0012,13912.96,0.797968,92.803183
1136.700,92.8032,300.0000,65.0000,65.0012,13913.47,0.798054,92.803183
1136.800,92.8032,300.0000,65.0000,65.0013,13913.93,0.798134,92.803183
1136.900,92.8032,300.0000,65.0625,65.0013,13914.37,0.798209,92.803183
1137.000,92.9777,300.0000,65.0000,65.0014,13916.52,0.798580,92.807064
1137.100,92.9777,300.0000,64.9375,65.0014,13918.53,0.798926,92.807064
1137.200,92.9777,300.0000,65.0000,65.0014,13920.41,0.799249,92.807064
1137.300,92.9777,300.0000,65.0000,65.0014,13922.16,0.799550,92.807064
1137.400,92.9777,300.0000,64.9375,65.0013,13923.79,0.799832,92.807064
1137.500,92.9777,300.0000,65.0625,65.0013,13925.31,0.800094,92.807064
1137.600,92.9777,300.0000,65.0000,65.0013,13926.74,0.800340,92.807064
1137.700,92.9777,300.0000,65.0000,65.0012,13928.06,0.800569,92.807064
1137.800,92.9777,300.0000,65.0000,65.0011,13929.30,0.800782,92.807064
1137.900,92.9777,300.0000,64.9375,65.0010,13930.46,0.800982,92.807064
1138.000,92.6325,300.0000,65.0000,65.0010,13928.09,0.800573,92.803183
1138.100,92.6325,300.0000,65.0000,65.0009,13925.88,0.800191,92.803183
1138.200,92.6325,300.0000,65.0625,65.0009,13923.81,0.799835,92.803183
1138.300,92.6325,300.0000,65.0000,65.0009,13921.88,0.799503,92.803183
1138.400,92.6325,300.0000,64.9375,65.0009,13920.08,0.799193,92.803183
1138.500,92.6325,300.0000,65.0000,65.0009,13918.40,0.798903,92.803183
1138.600,92.6325,300.0000,64.9375,65.0010,13916.83,0.798633,92.803183
1138.700,92.6325,300.0000,65.0625,65.0010,13915.37,0.798381,92.803183
1138.800,92.6325,300.0000,65.0000,65.0011,13914.00,0.798146,92.803183
1138.900,92.6325,300.0000,65.0000,65.0011,13912.73,0.797927,92.803183
1139.000,92.8032,300.0000,64.9375,65.0012,13913.24,0.798016,92.803183
1139.100,92.8032,300.0000,65.0000,65.0013,13913.73,0.798099,92.803183
1139.200,92.8032,300.0000,65.0000,65.0013,13914.18,0.798176,92.803183
1139.300,92.8032,300.0000,65.0000,65.0014,13914.60,0.798249,92.803183
1139.400,92.8032,300.0000,65.0000,65.0014,13914.99,0.798316,92.803183
1139.500,92.8032,300.0000,65.0000,65.0015,13915.35,0.798379,92.803183
1139.600,92.8032,300.0000,64.9375,65.0015,13915.70,0.798438,92.803183
1139.700,92.8032,300.0000,64.9375,65.0015,13916.02,0.798493,92.803183
1139.800,92.8032,300.0000,65.0625,65.0016,13916.31,0.798544,92.803183
1139.900,92.8032,300.0000,64.9375,65.0016,13916.59,0.798592,92.803183
1140.000,92.6287,300.0000,65.0000,65.0016,13915.10,0.798336,92.799303
1140.100,92.6287,300.0000,64.9375,65.0017,13913.72,0.798097,92.799303
1140.200,92.6287,300.0000,65.0625,65.0018,13912.42,0.797874,92.799303
1140.300,92.6287,300.0000,65.0000,65.0018,13911.21,0.797666,92.799303
1140.400,92.6287,300.0000,65.0000,65.0019,13910.09,0.797472,92.799303
1140.500,92.6287,300.0000,65.0625,65.0020,13909.03,0.797291,92.799303
1140.600,92.6287,300.0000,64.8750,65.0021,13908.05,0.797123,92.799303
1140.700,92.6287,300.0000,65.0000,65.0022,13907.13,0.796965,92.799303
1140.800,92.6287,300.0000,65.0000,65.0024,13906.28,0.796818,92.799303
1140.900,92.6287,300.0000,65.0625,65.0025,13905.48,0.796680,92.799303
1141.000,92.9738,300.0000,65.0000,65.0026,13908.19,0.797146,92.803183
1141.100,92.9738,300.0000,64.9375,65.0027,13910.71,0.797580,92.803183
1141.200,92.9738,300.0000,65.0000,65.0027,13913.07,0.797986,92.803183
1141.300,92.9738,300.0000,65.0625,65.0028,13915.27,0.798364,92.803183
1141.400,92.9738,300.0000,65.0000,65.0028,13917.32,0.798718,92.803183
1141.500,92.9738,300.0000,65.0000,65.0028,13919.24,0.799048,92.803183
1141.600,92.9738,300.0000,65.0625,65.0028,13921.03,0.799356,92.803183
1141.700,92.9738,300.0000,64.9375,65.0028,13922.70,0.799644,92.803183
1141.800,92.9738,300.0000,65.0000,65.0027,13924.26,0.799912,92.803183
1141.900,92.9738,300.0000,64.9375,65.0027,13925.71,0.800163,92.803183
1142.000,92.6287,300.0000,64.8750,65.0027,13923.62,0.799802,92.799303
1142.100,92.6287,300.0000,64.8750,65.0027,13921.66,0.799465,92.799303
1142.200,92.6287,300.0000,64.9375,65.0027,13919.84,0.799151,92.799303
1142.300,92.6287,300.0000,65.0000,65.0027,13918.14,0.798858,92.799303
1142.400,92.6287,300.0000,65.0000,65.0027,13916.55,0.798584,92.799303
1142.500,92.6287,300.0000,65.1250,65.0028,13915.06,0.798329,92.799303
1142.600,92.6287,300.0000,65.0000,65.0028,13913.68,0.798091,92.799303
1142.700,92.6287,300.0000,65.0000,65.0029,13912.39,0.797868,92.799303
1142.800,92.6287,300.0000,65.0000,65.0030,13911.18,0.797661,92.799303
1142.900,92.6287,300.0000,65.0000,65.0030,13910.06,0.797467,92.799303
1143.000,92.7993,300.0000,65.0625,65.0031,13910.71,0.797580,92.799303
1143.100,92.7993,300.0000,65.0000,65.0032,13911.32,0.797685,92.799303
1143.200,92.7993,300.0000,64.9375,65.0033,13911.90,0.797784,92.799303
1143.300,92.7993,300.0000,65.0000,65.0033,13912.43,0.797875,92.799303
1143.400,92.7993,300.0000,65.0625,65.0034,13912.93,0.797961,92.799303
1143.500,92.7993,300.0000,65.0000,65.0034,13913.39,0.798041,92.799303
1143.600,92.7993,300.0000,64.9375,65.0035,13913.82,0.798116,92.799303
1143.700,92.7993,300.0000,65.0000,65.0035,13914.23,0.798185,92.799303
1143.800,92.7993,300.0000,65.0625,65.0036,13914.61,0.798250,92.799303
1143.900,92.7993,300.0000,65.1250,65.0036,13914.96,0.798311,92.799303
1144.000,93.1484,300.0000,65.0000,65.0036,13918.78,0.798969,92.807064
1144.100,93.1484,300.0000,65.0000,65.0036,13922.34,0.799583,92.807064
1144.200,93.1484,300.0000,64.9375,65.0036,13925.67,0.800156,92.807064
1144.300,93.1484,300.0000,64.9375,65.0035,13928.78,0.800691,92.807064
1144.400,93.1484,300.0000,65.0000,65.0034,13931.68,0.801191,92.807064
1144.500,93.1484,300.0000,64.9375,65.0033,13934.38,0.801658,92.807064
1144.600,93.1484,300.0000,64.8750,65.0031,13936.91,0.802094,92.807064
1144.700,93.1484,300.0000,65.0000,65.0030,13939.26,0.802501,92.807064
1144.800,93.1484,300.0000,65.0000,65.0028,13941.46,0.802881,92.807064
1144.900,93.1484,300.0000,65.0000,65.0026,13943.51,0.803236,92.807064
1145.000,92.8071,300.0000,65.0625,65.0024,13942.02,0.802977,92.807064
1145.100,92.8071,300.0000,65.0000,65.0023,13940.62,0.802736,92.807064
1145.200,92.8071,300.0000,65.0000,65.0021,13939.32,0.802510,92.807064
1145.300,92.8071,300.0000,65.0000,65.0020,13938.10,0.802300,92.807064
1145.400,92.8071,300.0000,64.9375,65.0018,13936.96,0.802104,92.807064
1145.500,92.8071,300.0000,64.9375,65.0017,13935.90,0.801921,92.807064
1145.600,92.8071,300.0000,64.9375,65.0016,13934.91,0.801750,92.807064
1145.700,92.8071,300.0000,65.0000,65.0015,13933.99,0.801591,92.807064
1145.800,92.8071,300.0000,65.0000,65.0014,13933.13,0.801442,92.807064
1145.900,92.8071,300.0000,65.0000,65.0013,13932.32,0.801303,92.807064
1146.000,92.8071,300.0000,65.0625,65.0012,13931.57,0.801174,92.807064
1146.100,92.8071,300.0000,65.0625,65.0011,13930.87,0.801053,92.807064
1146.200,92.8071,300.0000,65.0000,65.0010,13930.22,0.800940,92.807064
1146.300,92.8071,300.0000,64.8750,65.0009,13929.61,0.800835,92.807064
1146.400,92.8071,300.0000,65.0000,65.0009,13929.04,0.800736,92.807064
1146.500,92.8071,300.0000,64.9375,65.0008,13928.51,0.800645,92.807064
1146.600,92.8071,300.0000,65.0625,65.0008,13928.01,0.800559,92.807064
1146.700,92.8071,300.0000,65.0000,65.0007,13927.55,0.800479,92.807064
1146.800,92.8071,300.0000,65.0625,65.0006,13927.11,0.800405,92.807064
1146.900,92.8071,300.0000,64.8750,65.0006,13926.71,0.800335,92.807064
1147.000,92.4580,300.0000,65.0000,65.0006,13922.84,0.799668,92.799303
1147.100,92.4580,300.0000,65.0000,65.0006,13919.23,0.799047,92.799303
1147.200,92.4580,300.0000,65.0625,65.0006,13915.86,0.798467,92.799303
1147.300,92.4580,300.0000,65.0625,65.0007,13912.72,0.797926,92.799303
1147.400,92.4580,300.0000,64.9375,65.0008,13909.79,0.797421,92.799303
1147.500,92.4580,300.0000,65.0625,65.0009,13907.05,0.796950,92.799303
1147.600,92.4580,300.0000,65.0625,65.0010,13904.49,0.796510,92.799303
1147.700,92.4580,300.0000,65.0625,65.0012,13902.10,0.796100,92.799303
1147.800,92.4580,300.0000,65.0625,65.0014,13899.88,0.795718,92.799303
1147.900,92.4580,300.0000,65.0000,65.0016,13897.80,0.795361,92.799303
1148.000,92.7993,300.0000,65.0625,65.0017,13899.27,0.795614,92.799303
1148.100,92.7993,300.0000,64.9375,65.0019,13900.65,0.795850,92.799303
1148.200,92.7993,300.0000,65.0000,65.0021,13901.93,0.796070,92.799303
1148.300,92.7993,300.0000,64.9375,65.0022,13903.13,0.796276,92.799303
1148.400,92.7993,300.0000,65.0000,65.0023,13904.25,0.796468,92.799303
1148.500,92.7993,300.0000,64.9375,65.0025,13905.29,0.796648,92.799303
1148.600,92.7993,300.0000,65.0000,65.0026,13906.26,0.796815,92.799303
1148.700,92.7993,300.0000,65.0625,65.0027,13907.17,0.796971,92.799303
1148.800,92.7993,300.0000,65.0000,65.0028,13908.02,0.797117,92.799303
1148.900,92.7993,300.0000,65.0625,65.0029,13908.81,0.797253,92.799303
1149.000,92.9738,300.0000,65.0000,65.0030,13911.30,0.797680,92.803183
1149.100,92.9738,300.0000,65.0625,65.0030,13913.61,0.798079,92.803183
1149.200,92.9738,300.0000,65.0000,65.0031,13915.78,0.798452,92.803183
1149.300,92.9738,300.0000,65.0625,65.0031,13917.80,0.798800,92.803183
1149.400,92.9738,300.0000,64.9375,65.0031,13919.68,0.799124,92.803183
1149.500,92.9738,300.0000,64.9375,65.0031,13921.44,0.799427,92.803183
1149.600,92.9738,300.0000,64.9375,65.0030,13923.08,0.799710,92.803183
1149.700,92.9738,300.0000,65.0000,65.0030,13924.62,0.799974,92.803183
1149.800,92.9738,300.0000,65.0625,65.0030,13926.05,0.800221,92.803183
1149.900,92.9738,300.0000,65.0000,65.0029,13927.38,0.800451,92.803183
1150.000,92.8032,300.0000,65.0000,65.0028,13926.92,0.800372,92.803183
1150.100,92.8032,300.0000,65.0000,65.0028,13926.49,0.800298,92.803183
1150.200,92.8032,300.0000,65.1875,65.0027,13926.09,0.800228,92.803183
1150.300,92.8032,300.0000,65.0000,65.0027,13925.72,0.800164,92.803183
1150.400,92.8032,300.0000,64.9375,65.0027,13925.37,0.800104,92.803183
1150.500,92.8032,300.0000,65.0625,65.0026,13925.04,0.800048,92.803183
1150.600,92.8032,300.0000,65.0625,65.0026,13924.74,0.799995,92.803183
1150.700,92.8032,300.0000,65.0000,65.0026,13924.45,0.799946,92.803183
1150.800,92.8032,300.0000,64.8750,65.0025,13924.19,0.799900,92.803183
1150.900,92.8032,300.0000,64.9375,65.0025,13923.94,0.799858,92.803183
1151.000,92.6287,300.0000,65.0000,65.0025,13921.97,0.799517,92.799303
1151.100,92.6287,300.0000,65.0000,65.0025,13920.12,0.799200,92.799303
1151.200,92.6287,300.0000,64.9375,65.0025,13918.40,0.798903,92.799303
1151.300,92.6287,300.0000,65.0625,65.0025,13916.79,0.798626,92.799303
1151.400,92.6287,300.0000,65.0000,65.0026,13915.29,0.798368,92.799303
1151.500,92.6287,300.0000,65.0000,65.0026,13913.89,0.798127,92.799303
1151.600,92.6287,300.0000,65.0625,65.0027,13912.59,0.797903,92.799303
1151.700,92.6287,300.0000,64.9375,65.0028,13911.37,0.797693,92.799303
1151.800,92.6287,300.0000,64.9375,65.0028,13910.23,0.797497,92.799303
1151.900,92.6287,300.0000,65.0625,65.0029,13909.17,0.797314,92.799303
1152.000,92.9738,300.0000,65.0625,65.0030,13911.63,0.797738,92.803183
1152.100,92.9738,300.0000,64.9375,65.0031,13913.92,0.798133,92.803183
1152.200,92.9738,300.0000,64.8750,65.0031,13916.07,0.798502,92.803183
1152.300,92.9738,300.0000,64.9375,65.0031,13918.07,0.798846,92.803183
1152.400,92.9738,300.0000,65.0625,65.0031,13919.94,0.799168,92.803183
1152.500,92.9738,300.0000,65.0000,65.0031,13921.68,0.799468,92.803183
1152.600,92.9738,300.0000,65.0000,65.0031,13923.30,0.799748,92.803183
1152.700,92.9738,300.0000,64.9375,65.0030,13924.82,0.800010,92.803183
1152.800,92.9738,300.0000,65.0000,65.0030,13926.24,0.800254,92.803183
1152.900,92.9738,300.0000,65.0000,65.0029,13927.56,0.800482,92.803183
1153.000,92.8032,300.0000,65.0625,65.0029,13927.09,0.800400,92.803183
1153.100,92.8032,300.0000,65.0625,65.0028,13926.65,0.800324,92.803183
1153.200,92.8032,300.0000,65.0000,65.0028,13926.24,0.800254,92.803183
1153.300,92.8032,300.0000,65.0625,65.0027,13925.85,0.800187,92.803183
1153.400,92.8032,300.0000,65.0625,65.0027,13925.49,0.800126,92.803183
1153.500,92.8032,300.0000,65.0625,65.0026,13925.16,0.800068,92.803183
1153.600,92.8032,300.0000,65.0000,65.0026,13924.85,0.800014,92.803183
1153.700,92.8032,300.0000,64.9375,65.0026,13924.56,0.799964,92.803183
1153.800,92.8032,300.0000,65.0625,65.0025,13924.28,0.799917,92.803183
1153.900,92.8032,300.0000,65.0000,65.0025,13924.03,0.799873,92.803183
1154.000,92.8032,300.0000,64.9375,65.0025,13923.79,0.799832,92.803183
1154.100,92.8032,300.0000,65.0625,65.0024,13923.57,0.799794,92.803183
1154.200,92.8032,300.0000,64.9375,65.0024,13923.37,0.799759,92.803183
1154.300,92.8032,300.0000,65.0000,65.0024,13923.17,0.799726,92.803183
1154.400,92.8032,300.0000,64.9375,65.0024,13922.99,0.799695,92.803183
1154.500,92.8032,300.0000,65.0625,65.0024,13922.83,0.799666,92.803183
1154.600,92.8032,300.0000,65.0000,65.0023,13922.67,0.799639,92.803183
1154.700,92.8032,300.0000,65.0000,65.0023,13922.52,0.799614,92.803183
1154.800,92.8032,300.0000,65.0000,65.0023,13922.39,0.799590,92.803183
1154.900,92.8032,300.0000,65.0625,65.0023,13922.26,0.799568,92.803183
1155.000,92.9777,300.0000,65.0000,65.0023,13923.89,0.799848,92.807064
1155.100,92.9777,300.0000,65.0000,65.0022,13925.40,0.800110,92.807064
1155.200,92.9777,300.0000,64.9375,65.0022,13926.82,0.800354,92.807064
1155.300,92.9777,300.0000,65.0000,65.0021,13928.14,0.800582,92.807064
1155.400,92.9777,300.0000,65.0625,65.0020,13929.38,0.800795,92.807064
1155.500,92.9777,300.0000,65.0000,65.0019,13930.53,0.800994,92.807064
1155.600,92.9777,300.0000,65.0000,65.0019,13931.61,0.801179,92.807064
1155.700,92.9777,300.0000,65.0000,65.0018,13932.61,0.801352,92.807064
1155.800,92.9777,300.0000,65.0625,65.0016,13933.55,0.801514,92.807064
1155.900,92.9777,300.0000,65.1250,65.0015,13934.42,0.801665,92.807064
1156.000,93.1561,300.0000,65.0625,65.0014,13937.02,0.802114,92.814826
1156.100,93.1561,300.0000,64.9375,65.0012,13939.45,0.802533,92.814826
1156.200,93.1561,300.0000,65.0000,65.0011,13941.71,0.802924,92.814826
1156.300,93.1561,300.0000,64.9375,65.0009,13943.82,0.803289,92.814826
1156.400,93.1561,300.0000,65.0000,65.0007,13945.80,0.803630,92.814826
1156.500,93.1561,300.0000,65.0000,65.0004,13947.64,0.803949,92.814826
1156.600,93.1561,300.0000,65.0000,65.0002,13949.36,0.804246,92.814826
1156.700,93.1561,300.0000,64.9375,65.0000,13950.96,0.804523,92.814826
1156.800,93.1561,300.0000,64.9375,64.9997,13952.46,0.804782,92.814826
1156.900,93.1561,300.0000,65.0625,64.9994,13953.86,0.805024,92.814826
1157.000,92.9894,300.0000,65.0000,64.9992,13953.49,0.804961,92.818707
1157.100,92.9894,300.0000,64.9375,64.9989,13953.15,0.804903,92.818707
1157.200,92.9894,300.0000,64.9375,64.9986,13952.84,0.804848,92.818707
1157.300,92.9894,300.0000,64.9375,64.9984,13952.54,0.804797,92.818707
1157.400,92.9894,300.0000,65.0000,64.9981,13952.27,0.804749,92.818707
1157.500,92.9894,300.0000,65.0000,64.9979,13952.01,0.804704,92.818707
1157.600,92.9894,300.0000,65.0625,64.9976,13951.77,0.804663,92.818707
1157.700,92.9894,300.0000,64.8750,64.9974,13951.54,0.804624,92.818707
1157.800,92.9894,300.0000,64.9375,64.9971,13951.33,0.804588,92.818707
1157.900,92.9894,300.0000,65.0000,64.9969,13951.14,0.804554,92.818707
1158.000,92.8187,300.0000,65.0000,64.9967,13949.25,0.804227,92.818707
1158.100,92.8187,300.0000,65.0000,64.9964,13947.49,0.803922,92.818707
1158.200,92.8187,300.0000,65.0000,64.9962,13945.84,0.803638,92.818707
1158.300,92.8187,300.0000,65.0000,64.9961,13944.31,0.803372,92.818707
1158.400,92.8187,300.0000,65.0000,64.9959,13942.87,0.803125,92.818707
1158.500,92.8187,300.0000,65.0000,64.9957,13941.53,0.802894,92.818707
1158.600,92.8187,300.0000,64.9375,64.9956,13940.29,0.802678,92.818707
1158.700,92.8187,300.0000,65.0625,64.9954,13939.12,0.802477,92.818707
1158.800,92.8187,300.0000,65.0625,64.9953,13938.03,0.802289,92.818707
1158.900,92.8187,300.0000,64.9375,64.9952,13937.02,0.802113,92.818707
1159.000,92.6442,300.0000,64.9375,64.9951,13934.33,0.801649,92.814826
1159.100,92.6442,300.0000,65.0000,64.9950,13931.81,0.801215,92.814826
1159.200,92.6442,300.0000,64.9375,64.9949,13929.47,0.800810,92.814826
1159.300,92.6442,300.0000,65.0625,64.9949,13927.28,0.800433,92.814826
1159.400,92.6442,300.0000,65.0625,64.9949,13925.23,0.800081,92.814826
1159.500,92.6442,300.0000,65.0625,64.9949,13923.33,0.799752,92.814826
1159.600,92.6442,300.0000,64.9375,64.9949,13921.55,0.799445,92.814826
1159.700,92.6442,300.0000,65.0000,64.9949,13919.89,0.799159,92.814826
1159.800,92.6442,300.0000,65.0000,64.9949,13918.33,0.798892,92.814826
1159.900,92.6442,300.0000,64.8750,64.9950,13916.89,0.798643,92.814826
1160.000,92.4658,300.0000,65.0625,64.9950,13913.75,0.798103,92.807064
1160.100,92.4658,300.0000,65.0625,64.9951,13910.83,0.797600,92.807064
1160.200,92.4658,300.0000,65.0000,64.9953,13908.10,0.797130,92.807064
1160.300,92.4658,300.0000,65.0000,64.9954,13905.55,0.796692,92.807064
1160.400,92.4658,300.0000,65.0625,64.9956,13903.17,0.796283,92.807064
1160.500,92.4658,300.0000,65.0625,64.9957,13900.95,0.795902,92.807064
1160.600,92.4658,300.0000,64.9375,64.9959,13898.88,0.795546,92.807064
1160.700,92.4658,300.0000,65.0000,64.9961,13896.94,0.795214,92.807064
1160.800,92.4658,300.0000,65.0625,64.9964,13895.14,0.794904,92.807064
1160.900,92.4658,300.0000,65.0625,64.9966,13893.45,0.794615,92.807064
1161.000,92.9816,300.0000,65.0000,64.9968,13897.04,0.795230,92.810945
1161.100,92.9816,300.0000,65.0625,64.9970,13900.38,0.795805,92.810945
1161.200,92.9816,300.0000,65.0000,64.9971,13903.51,0.796342,92.810945
1161.300,92.9816,300.0000,65.0000,64.9973,13906.42,0.796843,92.810945
1161.400,92.9816,300.0000,65.0000,64.9974,13909.14,0.797311,92.810945
1161.500,92.9816,300.0000,65.0000,64.9975,13911.68,0.797747,92.810945
1161.600,92.9816,300.0000,65.0000,64.9975,13914.05,0.798155,92.810945
1161.700,92.9816,300.0000,65.0000,64.9976,13916.27,0.798536,92.810945
1161.800,92.9816,300.0000,65.0000,64.9976,13918.33,0.798891,92.810945
1161.900,92.9816,300.0000,65.0000,64.9976,13920.26,0.799223,92.810945
1162.000,92.8109,300.0000,65.0625,64.9976,13920.35,0.799239,92.810945
1162.100,92.8109,300.0000,65.0625,64.9976,13920.44,0.799254,92.810945
1162.200,92.8109,300.0000,65.0625,64.9976,13920.52,0.799268,92.810945
1162.300,92.8109,300.0000,65.0000,64.9976,13920.59,0.799281,92.810945
1162.400,92.8109,300.0000,65.0000,64.9977,13920.66,0.799293,92.810945
1162.500,92.8109,300.0000,65.1250,64.9977,13920.73,0.799304,92.810945
1162.600,92.8109,300.0000,64.9375,64.9977,13920.79,0.799315,92.810945
1162.700,92.8109,300.0000,65.0000,64.9977,13920.85,0.799324,92.810945
1162.800,92.8109,300.0000,65.0000,64.9977,13920.90,0.799334,92.810945
1162.900,92.8109,300.0000,65.0000,64.9977,13920.95,0.799342,92.810945
1163.000,92.8109,300.0000,64.9375,64.9977,13920.99,0.799350,92.810945
1163.100,92.8109,300.0000,65.0625,64.9977,13921.04,0.799357,92.810945
1163.200,92.8109,300.0000,64.9375,64.9977,13921.08,0.799364,92.810945
1163.300,92.8109,300.0000,65.0000,64.9977,13921.12,0.799371,92.810945
1163.400,92.8109,300.0000,65.0000,64.9977,13921.15,0.799377,92.810945
1163.500,92.8109,300.0000,64.9375,64.9977,13921.18,0.799383,92.810945
1163.600,92.8109,300.0000,64.9375,64.9977,13921.21,0.799388,92.810945
1163.700,92.8109,300.0000,65.0000,64.9977,13921.24,0.799393,92.810945
1163.800,92.8109,300.0000,65.0625,64.9977,13921.27,0.799397,92.810945
1163.900,92.8109,300.0000,65.0000,64.9977,13921.29,0.799402,92.810945
1164.000,92.8109,300.0000,65.0000,64.9977,13921.32,0.799406,92.810945
1164.100,92.8109,300.0000,65.0000,64.9977,13921.34,0.799409,92.810945
1164.200,92.8109,300.0000,64.8750,64.9977,13921.36,0.799413,92.810945
1164.300,92.8109,300.0000,65.0625,64.9977,13921.38,0.799416,92.810945
1164.400,92.8109,300.0000,65.0000,64.9977,13921.40,0.799419,92.810945
1164.500,92.8109,300.0000,65.0625,64.9977,13921.41,0.799422,92.810945
1164.600,92.8109,300.0000,65.1250,64.9977,13921.43,0.799425,92.810945
1164.700,92.8109,300.0000,65.0625,64.9977,13921.44,0.799427,92.810945
1164.800,92.8109,300.0000,65.0000,64.9977,13921.45,0.799429,92.810945
1164.900,92.8109,300.0000,65.0625,64.9977,13921.47,0.799431,92.810945
1165.000,92.9855,300.0000,65.1250,64.9977,13923.22,0.799734,92.814826
1165.100,92.9855,300.0000,65.0000,64.9977,13924.86,0.800017,92.814826
1165.200,92.9855,300.0000,64.9375,64.9977,13926.39,0.800281,92.814826
1165.300,92.9855,300.0000,64.9375,64.9976,13927.82,0.800527,92.814826
1165.400,92.9855,300.0000,64.9375,64.9976,13929.16,0.800757,92.814826
1165.500,92.9855,300.0000,65.0000,64.9975,13930.40,0.800971,92.814826
1165.600,92.9855,300.0000,65.0625,64.9974,13931.56,0.801172,92.814826
1165.700,92.9855,300.0000,65.0000,64.9973,13932.65,0.801359,92.814826
1165.800,92.9855,300.0000,65.0000,64.9972,13933.66,0.801533,92.814826
1165.900,92.9855,300.0000,65.0000,64.9971,13934.60,0.801696,92.814826
1166.000,92.8148,300.0000,64.8750,64.9970,13933.78,0.801554,92.814826
1166.100,92.8148,300.0000,64.9375,64.9969,13933.01,0.801421,92.814826
1166.200,92.8148,300.0000,65.0000,64.9968,13932.29,0.801297,92.814826
1166.300,92.8148,300.0000,65.0000,64.9967,13931.62,0.801181,92.814826
1166.400,92.8148,300.0000,65.0000,64.9967,13930.99,0.801073,92.814826
1166.500,92.8148,300.0000,65.0625,64.9966,13930.41,0.800972,92.814826
1166.600,92.8148,300.0000,65.0000,64.9965,13929.86,0.800878,92.814826
1166.700,92.8148,300.0000,65.0000,64.9965,13929.35,0.800791,92.814826
1166.800,92.8148,300.0000,65.0000,64.9964,13928.88,0.800709,92.814826
1166.900,92.8148,300.0000,65.0625,64.9964,13928.43,0.800632,92.814826
1167.000,92.9894,300.0000,65.0625,64.9963,13929.76,0.800862,92.818707
1167.100,92.9894,300.0000,65.0000,64.9962,13931.01,0.801076,92.818707
1167.200,92.9894,300.0000,65.0000,64.9961,13932.17,0.801276,92.818707
1167.300,92.9894,300.0000,64.9375,64.9960,13933.25,0.801463,92.818707
1167.400,92.9894,300.0000,65.0000,64.9959,13934.26,0.801637,92.818707
1167.500,92.9894,300.0000,65.0625,64.9958,13935.20,0.801800,92.818707
1167.600,92.9894,300.0000,65.0625,64.9957,13936.08,0.801952,92.818707
1167.700,92.9894,300.0000,65.0000,64.9956,13936.90,0.802094,92.818707
1167.800,92.9894,300.0000,65.0000,64.9955,13937.67,0.802226,92.818707
1167.900,92.9894,300.0000,65.0000,64.9953,13938.39,0.802350,92.818707
1168.000,92.8187,300.0000,64.9375,64.9952,13937.35,0.802170,92.818707
1168.100,92.8187,300.0000,65.0000,64.9951,13936.38,0.802003,92.818707
1168.200,92.8187,300.0000,65.0625,64.9950,13935.47,0.801847,92.818707
1168.300,92.8187,300.0000,65.0000,64.9949,13934.63,0.801701,92.818707
1168.400,92.8187,300.0000,65.0625,64.9948,13933.84,0.801565,92.818707
1168.500,92.8187,300.0000,65.0000,64.9947,13933.10,0.801438,92.818707
1168.600,92.8187,300.0000,65.0000,64.9946,13932.42,0.801320,92.818707
1168.700,92.8187,300.0000,65.0625,64.9945,13931.78,0.801209,92.818707
1168.800,92.8187,300.0000,64.8750,64.9945,13931.18,0.801106,92.818707
1168.900,92.8187,300.0000,64.9375,64.9944,13930.62,0.801009,92.818707
1169.000,92.6442,300.0000,64.9375,64.9944,13928.35,0.800619,92.814826
1169.100,92.6442,300.0000,64.9375,64.9943,13926.24,0.800254,92.814826
1169.200,92.6442,300.0000,65.0000,64.9943,13924.27,0.799914,92.814826
1169.300,92.6442,300.0000,65.0625,64.9943,13922.42,0.799596,92.814826
1169.400,92.6442,300.0000,65.0000,64.9943,13920.70,0.799300,92.814826
1169.500,92.6442,300.0000,65.0000,64.9944,13919.10,0.799023,92.814826
1169.600,92.6442,300.0000,65.0625,64.9944,13917.60,0.798765,92.814826
1169.700,92.6442,300.0000,64.9375,64.9944,13916.20,0.798525,92.814826
1169.800,92.6442,300.0000,65.0625,64.9945,13914.90,0.798300,92.814826
1169.900,92.6442,300.0000,64.8750,64.9946,13913.68,0.798090,92.814826
1170.000,92.4658,300.0000,64.9375,64.9947,13910.76,0.797588,92.807064
1170.100,92.4658,300.0000,65.0000,64.9948,13908.03,0.797119,92.807064
1170.200,92.4658,300.0000,65.0000,64.9949,13905.49,0.796682,92.807064
1170.300,92.4658,300.0000,65.0000,64.9951,13903.11,0.796274,92.807064
1170.400,92.4658,300.0000,65.0000,64.9953,13900.90,0.795893,92.807064
1170.500,92.4658,300.0000,65.0625,64.9955,13898.83,0.795538,92.807064
1170.600,92.4658,300.0000,65.0000,64.9957,13896.90,0.795206,92.807064
1170.700,92.4658,300.0000,65.0000,64.9959,13895.09,0.794897,92.807064
1170.800,92.4658,300.0000,65.0000,64.9961,13893.41,0.794608,92.807064
1170.900,92.4658,300.0000,65.0625,64.9964,13891.84,0.794339,92.807064
1171.000,92.9816,300.0000,65.0625,64.9966,13895.54,0.794972,92.810945
1171.100,92.9816,300.0000,65.0625,64.9968,13898.98,0.795564,92.810945
1171.200,92.9816,300.0000,65.0000,64.9970,13902.20,0.796117,92.810945
1171.300,92.9816,300.0000,65.0625,64.9971,13905.20,0.796633,92.810945
1171.400,92.9816,300.0000,65.0000,64.9972,13908.00,0.797114,92.810945
1171.500,92.9816,300.0000,65.0000,64.9973,13910.62,0.797564,92.810945
1171.600,92.9816,300.0000,65.0625,64.9974,13913.06,0.797984,92.810945
1171.700,92.9816,300.0000,65.0000,64.9974,13915.34,0.798376,92.810945
1171.800,92.9816,300.0000,65.0000,64.9975,13917.47,0.798742,92.810945
1171.900,92.9816,300.0000,65.0000,64.9975,13919.45,0.799084,92.810945
1172.000,92.8109,300.0000,65.0625,64.9975,13919.60,0.799109,92.810945
1172.100,92.8109,300.0000,65.0000,64.9975,13919.73,0.799133,92.810945
1172.200,92.8109,300.0000,64.9375,64.9975,13919.86,0.799155,92.810945
1172.300,92.8109,300.0000,65.0000,64.9976,13919.98,0.799175,92.810945
1172.400,92.8109,300.0000,65.0625,64.9976,13920.09,0.799194,92.810945
1172.500,92.8109,300.0000,65.0000,64.9976,13920.19,0.799212,92.810945
1172.600,92.8109,300.0000,64.8750,64.9976,13920.29,0.799229,92.810945
1172.700,92.8109,300.0000,65.0000,64.9976,13920.38,0.799244,92.810945
1172.800,92.8109,300.0000,65.0000,64.9976,13920.46,0.799259,92.810945
1172.900,92.8109,300.0000,65.0625,64.9976,13920.54,0.799272,92.810945
1173.000,92.9855,300.0000,65.0625,64.9976,13922.36,0.799586,92.814826
1173.100,92.9855,300.0000,64.9375,64.9976,13924.06,0.799878,92.814826
1173.200,92.9855,300.0000,65.0000,64.9976,13925.64,0.800151,92.814826
1173.300,92.9855,300.0000,64.9375,64.9975,13927.12,0.800406,92.814826
1173.400,92.9855,300.0000,65.0625,64.9975,13928.50,0.800644,92.814826
1173.500,92.9855,300.0000,65.0625,64.9974,13929.79,0.800866,92.814826
1173.600,92.9855,300.0000,65.0000,64.9973,13930.99,0.801073,92.814826
1173.700,92.9855,300.0000,65.0625,64.9972,13932.11,0.801267,92.814826
1173.800,92.9855,300.0000,65.0625,64.9971,13933.16,0.801448,92.814826
1173.900,92.9855,300.0000,65.0000,64.9970,13934.14,0.801616,92.814826
1174.000,92.8148,300.0000,65.0625,64.9969,13933.34,0.801479,92.814826
1174.100,92.8148,300.0000,65.0000,64.9969,13932.60,0.801351,92.814826
1174.200,92.8148,300.0000,64.9375,64.9968,13931.91,0.801232,92.814826
1174.300,92.8148,300.0000,65.0625,64.9967,13931.26,0.801121,92.814826
1174.400,92.8148,300.0000,64.9375,64.9966,13930.66,0.801017,92.814826
1174.500,92.8148,300.0000,64.9375,64.9966,13930.10,0.800920,92.814826
1174.600,92.8148,300.0000,64.9375,64.9965,13929.57,0.800829,92.814826
1174.700,92.8148,300.0000,64.9375,64.9964,13929.08,0.800744,92.814826
1174.800,92.8148,300.0000,65.0000,64.9964,13928.63,0.800666,92.814826
1174.900,92.8148,300.0000,65.0625,64.9963,13928.20,0.800592,92.814826
1175.000,92.9894,300.0000,65.0625,64.9963,13929.55,0.800824,92.818707
1175.100,92.9894,300.0000,64.8750,64.9962,13930.80,0.801041,92.818707
1175.200,92.9894,300.0000,65.0000,64.9961,13931.98,0.801243,92.818707
1175.300,92.9894,300.0000,64.9375,64.9960,13933.07,0.801432,92.818707
1175.400,92.9894,300.0000,65.0000,64.9959,13934.09,0.801609,92.818707
1175.500,92.9894,300.0000,64.9375,64.9958,13935.05,0.801773,92.818707
1175.600,92.9894,300.0000,64.9375,64.9957,13935.94,0.801927,92.818707
1175.700,92.9894,300.0000,64.9375,64.9956,13936.77,0.802071,92.818707
1175.800,92.9894,300.0000,64.9375,64.9954,13937.55,0.802205,92.818707
1175.900,92.9894,300.0000,65.0000,64.9953,13938.27,0.802330,92.818707
1176.000,92.8187,300.0000,65.0000,64.9952,13937.24,0.802152,92.818707
1176.100,92.8187,300.0000,64.9375,64.9951,13936.28,0.801985,92.818707
1176.200,92.8187,300.0000,64.9375,64.9950,13935.38,0.801830,92.818707
1176.300,92.8187,300.0000,64.9375,64.9949,13934.54,0.801686,92.818707
1176.400,92.8187,300.0000,65.0000,64.9948,13933.76,0.801551,92.818707
1176.500,92.8187,300.0000,65.1250,64.9947,13933.03,0.801425,92.818707
1176.600,92.8187,300.0000,64.9375,64.9946,13932.35,0.801307,92.818707
1176.700,92.8187,300.0000,65.0625,64.9945,13931.71,0.801197,92.818707
1176.800,92.8187,300.0000,65.0000,64.9945,13931.12,0.801095,92.818707
1176.900,92.8187,300.0000,64.9375,64.9944,13930.56,0.800999,92.818707
1177.000,92.6442,300.0000,65.0625,64.9943,13928.30,0.800609,92.814826
1177.100,92.6442,300.0000,65.0000,64.9943,13926.19,0.800245,92.814826
1177.200,92.6442,300.0000,64.9375,64.9943,13924.22,0.799905,92.814826
1177.300,92.6442,300.0000,65.0000,64.9943,13922.38,0.799588,92.814826
1177.400,92.6442,300.0000,65.0625,64.9943,13920.66,0.799293,92.814826
1177.500,92.6442,300.0000,64.9375,64.9943,13919.06,0.799017,92.814826
1177.600,92.6442,300.0000,65.0000,64.9944,13917.56,0.798759,92.814826
1177.700,92.6442,300.0000,65.0625,64.9944,13916.17,0.798519,92.814826
1177.800,92.6442,300.0000,65.0625,64.9945,13914.87,0.798295,92.814826
1177.900,92.6442,300.0000,65.0000,64.9946,13913.65,0.798085,92.814826
1178.000,92.8148,300.0000,64.9375,64.9946,13914.22,0.798184,92.814826
1178.100,92.8148,300.0000,65.0000,64.9947,13914.75,0.798276,92.814826
1178.200,92.8148,300.0000,65.0000,64.9948,13915.25,0.798361,92.814826
1178.300,92.8148,300.0000,64.9375,64.9948,13915.72,0.798441,92.814826
1178.400,92.8148,300.0000,65.0000,64.9949,13916.15,0.798516,92.814826
1178.500,92.8148,300.0000,65.0625,64.9949,13916.56,0.798586,92.814826
1178.600,92.8148,300.0000,64.9375,64.9950,13916.93,0.798651,92.814826
1178.700,92.8148,300.0000,65.0625,64.9950,13917.29,0.798711,92.814826
1178.800,92.8148,300.0000,64.9375,64.9951,13917.62,0.798768,92.814826
1178.900,92.8148,300.0000,65.0625,64.9951,13917.92,0.798821,92.814826
1179.000,92.9894,300.0000,64.9375,64.9951,13919.95,0.799171,92.818707
1179.100,92.9894,300.0000,64.9375,64.9951,13921.85,0.799498,92.818707
1179.200,92.9894,300.0000,65.0000,64.9951,13923.62,0.799803,92.818707
1179.300,92.9894,300.0000,65.1250,64.9951,13925.27,0.800087,92.818707
1179.400,92.9894,300.0000,65.0000,64.9950,13926.82,0.800353,92.818707
1179.500,92.9894,300.0000,64.9375,64.9950,13928.25,0.800601,92.818707
1179.600,92.9894,300.0000,65.0625,64.9949,13929.60,0.800833,92.818707
1179.700,92.9894,300.0000,65.0625,64.9949,13930.85,0.801049,92.818707
1179.800,92.9894,300.0000,65.0000,64.9948,13932.02,0.801251,92.818707
1179.900,92.9894,300.0000,65.0625,64.9947,13933.11,0.801440,92.818707
1180.000,92.9932,300.0000,65.0000,64.9946,13934.17,0.801622,92.822588
1180.100,92.9932,300.0000,64.9375,64.9945,13935.16,0.801793,92.822588
1180.200,92.9932,300.0000,65.0000,64.9944,13936.08,0.801952,92.822588
1180.300,92.9932,300.0000,64.9375,64.9943,13936.94,0.802100,92.822588
1180.400,92.9932,300.0000,65.0000,64.9941,13937.74,0.802239,92.822588
1180.500,92.9932,300.0000,65.0000,64.9940,13938.49,0.802368,92.822588
1180.600,92.9932,300.0000,64.9375,64.9939,13939.19,0.802489,92.822588
1180.700,92.9932,300.0000,65.0000,64.9937,13939.85,0.802602,92.822588
1180.800,92.9932,300.0000,65.0000,64.9936,13940.46,0.802707,92.822588
1180.900,92.9932,300.0000,65.0000,64.9934,13941.02,0.802805,92.822588
1181.000,92.8226,300.0000,64.9375,64.9933,13939.85,0.802602,92.822588
1181.100,92.8226,300.0000,65.0000,64.9931,13938.75,0.802413,92.822588
1181.200,92.8226,300.0000,65.0000,64.9930,13937.73,0.802236,92.822588
1181.300,92.8226,300.0000,65.0000,64.9929,13936.77,0.802071,92.822588
1181.400,92.8226,300.0000,64.9375,64.9928,13935.88,0.801917,92.822588
1181.500,92.8226,300.0000,65.0000,64.9927,13935.05,0.801773,92.822588
1181.600,92.8226,300.0000,65.0000,64.9926,13934.27,0.801639,92.822588
1181.700,92.8226,300.0000,64.8750,64.9925,13933.54,0.801514,92.822588
1181.800,92.8226,300.0000,64.8750,64.9924,13932.87,0.801397,92.822588
1181.900,92.8226,300.0000,65.0000,64.9924,13932.23,0.801288,92.822588
1182.000,92.8226,300.0000,65.0000,64.9923,13931.64,0.801186,92.822588
1182.100,92.8226,300.0000,65.0625,64.9922,13931.09,0.801091,92.822588
1182.200,92.8226,300.0000,64.9375,64.9922,13930.58,0.801003,92.822588
1182.300,92.8226,300.0000,65.0000,64.9921,13930.10,0.800920,92.822588
1182.400,92.8226,300.0000,65.0000,64.9921,13929.65,0.800843,92.822588
1182.500,92.8226,300.0000,64.9375,64.9920,13929.24,0.800771,92.822588
1182.600,92.8226,300.0000,65.0625,64.9920,13928.85,0.800703,92.822588
1182.700,92.8226,300.0000,65.0000,64.9919,13928.48,0.800641,92.822588
1182.800,92.8226,300.0000,65.0625,64.9919,13928.14,0.800582,92.822588
1182.900,92.8226,300.0000,65.0000,64.9918,13927.83,0.800527,92.822588
1183.000,92.8226,300.0000,64.9375,64.9918,13927.53,0.800476,92.822588
1183.100,92.8226,300.0000,64.9375,64.9918,13927.25,0.800429,92.822588
1183.200,92.8226,300.0000,65.0000,64.9917,13927.00,0.800384,92.822588
1183.300,92.8226,300.0000,64.9375,64.9917,13926.76,0.800343,92.822588
1183.400,92.8226,300.0000,64.9375,64.9917,13926.53,0.800304,92.822588
1183.500,92.8226,300.0000,65.0000,64.9916,13926.32,0.800268,92.822588
1183.600,92.8226,300.0000,64.9375,64.9916,13926.13,0.800234,92.822588
1183.700,92.8226,300.0000,65.0000,64.9916,13925.94,0.800203,92.822588
1183.800,92.8226,300.0000,64.9375,64.9916,13925.77,0.800173,92.822588
1183.900,92.8226,300.0000,64.9375,64.9916,13925.61,0.800146,92.822588
1184.000,92.6481,300.0000,65.0625,64.9916,13923.72,0.799820,92.818707
1184.100,92.6481,300.0000,65.0625,64.9916,13921.95,0.799515,92.818707
1184.200,92.6481,300.0000,64.9375,64.9916,13920.30,0.799231,92.818707
1184.300,92.6481,300.0000,64.8750,64.9916,13918.76,0.798966,92.818707
1184.400,92.6481,300.0000,65.0625,64.9917,13917.33,0.798718,92.818707
1184.500,92.6481,300.0000,65.0000,64.9917,13915.99,0.798487,92.818707
1184.600,92.6481,300.0000,65.0000,64.9918,13914.73,0.798272,92.818707
1184.700,92.6481,300.0000,65.0000,64.9919,13913.57,0.798071,92.818707
1184.800,92.6481,300.0000,64.8750,64.9920,13912.47,0.797883,92.818707
1184.900,92.6481,300.0000,64.9375,64.9921,13911.46,0.797708,92.818707
1185.000,92.6442,300.0000,64.9375,64.9922,13910.47,0.797538,92.814826
1185.100,92.6442,300.0000,65.0000,64.9923,13909.55,0.797379,92.814826
1185.200,92.6442,300.0000,65.0625,64.9924,13908.68,0.797231,92.814826
1185.300,92.6442,300.0000,65.0625,64.9925,13907.88,0.797093,92.814826
1185.400,92.6442,300.0000,64.9375,64.9927,13907.13,0.796964,92.814826
1185.500,92.6442,300.0000,64.9375,64.9928,13906.43,0.796844,92.814826
1185.600,92.6442,300.0000,65.0000,64.9930,13905.78,0.796731,92.814826
1185.700,92.6442,300.0000,64.9375,64.9931,13905.17,0.796627,92.814826
1185.800,92.6442,300.0000,65.0625,64.9933,13904.60,0.796529,92.814826
1185.900,92.6442,300.0000,64.9375,64.9934,13904.07,0.796437,92.814826
1186.000,92.6403,300.0000,65.0000,64.9936,13903.53,0.796346,92.810945
1186.100,92.6403,300.0000,65.0000,64.9937,13903.03,0.796260,92.810945
1186.200,92.6403,300.0000,64.9375,64.9939,13902.57,0.796180,92.810945
1186.300,92.6403,300.0000,65.0000,64.9941,13902.13,0.796105,92.810945
1186.400,92.6403,300.0000,65.0000,64.9942,13901.73,0.796035,92.810945
1186.500,92.6403,300.0000,65.0625,64.9944,13901.35,0.795970,92.810945
1186.600,92.6403,300.0000,64.9375,64.9946,13900.99,0.795910,92.810945
1186.700,92.6403,300.0000,65.0000,64.9948,13900.66,0.795853,92.810945
1186.800,92.6403,300.0000,64.8750,64.9950,13900.36,0.795800,92.810945
1186.900,92.6403,300.0000,64.9375,64.9952,13900.07,0.795751,92.810945
1187.000,92.6364,300.0000,64.9375,64.9953,13899.76,0.795698,92.807064
1187.100,92.6364,300.0000,65.0000,64.9955,13899.47,0.795649,92.807064
1187.200,92.6364,300.0000,65.0000,64.9957,13899.21,0.795603,92.807064
1187.300,92.6364,300.0000,64.9375,64.9959,13898.96,0.795560,92.807064
1187.400,92.6364,300.0000,65.0000,64.9961,13898.72,0.795520,92.807064
1187.500,92.6364,300.0000,64.9375,64.9963,13898.51,0.795483,92.807064
1187.600,92.6364,300.0000,64.9375,64.9965,13898.30,0.795448,92.807064
1187.700,92.6364,300.0000,65.1250,64.9967,13898.11,0.795415,92.807064
1187.800,92.6364,300.0000,64.9375,64.9969,13897.94,0.795385,92.807064
1187.900,92.6364,300.0000,64.9375,64.9971,13897.77,0.795356,92.807064
1188.000,92.6325,300.0000,64.9375,64.9973,13897.58,0.795323,92.803183
1188.100,92.6325,300.0000,65.0000,64.9975,13897.40,0.795292,92.803183
1188.200,92.6325,300.0000,64.8750,64.9977,13897.23,0.795264,92.803183
1188.300,92.6325,300.0000,64.9375,64.9979,13897.07,0.795237,92.803183
1188.400,92.6325,300.0000,65.0000,64.9981,13896.93,0.795212,92.803183
1188.500,92.6325,300.0000,65.0000,64.9983,13896.79,0.795188,92.803183
1188.600,92.6325,300.0000,65.0625,64.9985,13896.66,0.795166,92.803183
1188.700,92.6325,300.0000,65.0000,64.9987,13896.55,0.795146,92.803183
1188.800,92.6325,300.0000,65.0000,64.9989,13896.43,0.795127,92.803183
1188.900,92.6325,300.0000,65.0625,64.9991,13896.33,0.795109,92.803183
1189.000,92.9777,300.0000,65.0000,64.9993,13899.69,0.795685,92.807064
1189.100,92.9777,300.0000,65.0000,64.9995,13902.82,0.796223,92.807064
1189.200,92.9777,300.0000,64.9375,64.9996,13905.74,0.796725,92.807064
1189.300,92.9777,300.0000,65.0625,64.9997,13908.47,0.797194,92.807064
1189.400,92.9777,300.0000,65.0000,64.9998,13911.01,0.797632,92.807064
1189.500,92.9777,300.0000,65.0625,64.9999,13913.39,0.798041,92.807064
1189.600,92.9777,300.0000,65.0000,64.9999,13915.61,0.798422,92.807064
1189.700,92.9777,300.0000,65.0000,64.9999,13917.68,0.798779,92.807064
1189.800,92.9777,300.0000,64.9375,64.9999,13919.61,0.799112,92.807064
1189.900,92.9777,300.0000,65.1250,64.9999,13921.41,0.799422,92.807064
1190.000,93.1561,300.0000,64.9375,64.9999,13924.88,0.800020,92.814826
1190.100,93.1561,300.0000,65.0625,64.9999,13928.12,0.800577,92.814826
1190.200,93.1561,300.0000,64.9375,64.9998,13931.14,0.801098,92.814826
1190.300,93.1561,300.0000,65.0000,64.9997,13933.95,0.801585,92.814826
1190.400,93.1561,300.0000,65.0000,64.9995,13936.59,0.802039,92.814826
1190.500,93.1561,300.0000,65.0000,64.9994,13939.04,0.802463,92.814826
1190.600,93.1561,300.0000,64.8750,64.9992,13941.33,0.802859,92.814826
1190.700,93.1561,300.0000,65.0625,64.9990,13943.47,0.803228,92.814826
1190.800,93.1561,300.0000,65.0000,64.9988,13945.47,0.803573,92.814826
1190.900,93.1561,300.0000,65.0625,64.9986,13947.33,0.803896,92.814826
1191.000,92.9894,300.0000,65.0625,64.9984,13947.40,0.803908,92.818707
1191.100,92.9894,300.0000,65.0000,64.9982,13947.47,0.803919,92.818707
1191.200,92.9894,300.0000,65.0000,64.9980,13947.53,0.803930,92.818707
1191.300,92.9894,300.0000,65.0000,64.9978,13947.59,0.803940,92.818707
1191.400,92.9894,300.0000,65.0000,64.9975,13947.64,0.803950,92.818707
1191.500,92.9894,300.0000,64.9375,64.9973,13947.70,0.803958,92.818707
1191.600,92.9894,300.0000,65.1250,64.9971,13947.74,0.803967,92.818707
1191.700,92.9894,300.0000,65.0000,64.9969,13947.79,0.803974,92.818707
1191.800,92.9894,300.0000,65.0000,64.9967,13947.83,0.803981,92.818707
1191.900,92.9894,300.0000,64.8750,64.9965,13947.87,0.803988,92.818707
1192.000,92.4696,300.0000,65.0000,64.9963,13942.70,0.803096,92.810945
1192.100,92.4696,300.0000,65.0000,64.9962,13937.89,0.802264,92.810945
1192.200,92.4696,300.0000,65.0625,64.9961,13933.39,0.801487,92.810945
1192.300,92.4696,300.0000,65.0000,64.9960,13929.20,0.800764,92.810945
1192.400,92.4696,300.0000,64.9375,64.9960,13925.28,0.800088,92.810945
1192.500,92.4696,300.0000,65.0000,64.9960,13921.62,0.799458,92.810945
1192.600,92.4696,300.0000,65.0000,64.9960,13918.21,0.798871,92.810945
1192.700,92.4696,300.0000,65.0000,64.9961,13915.03,0.798323,92.810945
1192.800,92.4696,300.0000,64.9375,64.9962,13912.06,0.797811,92.810945
1192.900,92.4696,300.0000,65.0000,64.9963,13909.28,0.797334,92.810945
1193.000,92.8109,300.0000,65.1250,64.9964,13910.11,0.797476,92.810945
1193.100,92.8109,300.0000,65.0000,64.9965,13910.87,0.797608,92.810945
1193.200,92.8109,300.0000,65.0000,64.9965,13911.59,0.797731,92.810945
1193.300,92.8109,300.0000,65.0000,64.9966,13912.26,0.797847,92.810945
1193.400,92.8109,300.0000,64.9375,64.9967,13912.89,0.797954,92.810945
1193.500,92.8109,300.0000,65.0000,64.9968,13913.47,0.798055,92.810945
1193.600,92.8109,300.0000,65.0000,64.9968,13914.02,0.798148,92.810945
1193.700,92.8109,300.0000,65.0000,64.9969,13914.52,0.798236,92.810945
1193.800,92.8109,300.0000,65.0000,64.9969,13915.00,0.798318,92.810945
1193.900,92.8109,300.0000,65.0625,64.9970,13915.44,0.798394,92.810945
1194.000,92.9855,300.0000,65.0625,64.9970,13917.60,0.798765,92.814826
1194.100,92.9855,300.0000,64.8750,64.9971,13919.61,0.799112,92.814826
1194.200,92.9855,300.0000,65.0000,64.9971,13921.50,0.799436,92.814826
1194.300,92.9855,300.0000,65.0000,64.9970,13923.25,0.799739,92.814826
1194.400,92.9855,300.0000,64.9375,64.9970,13924.89,0.800021,92.814826
1194.500,92.9855,300.0000,65.0000,64.9970,13926.42,0.800285,92.814826
1194.600,92.9855,300.0000,65.0625,64.9969,13927.84,0.800531,92.814826
1194.700,92.9855,300.0000,65.0625,64.9969,13929.18,0.800760,92.814826
1194.800,92.9855,300.0000,64.8750,64.9968,13930.42,0.800975,92.814826
1194.900,92.9855,300.0000,65.0000,64.9967,13931.58,0.801175,92.814826
1195.000,92.8148,300.0000,65.0625,64.9966,13930.96,0.801067,92.814826
1195.100,92.8148,300.0000,65.0000,64.9966,13930.37,0.800967,92.814826
1195.200,92.8148,300.0000,65.0000,64.9965,13929.83,0.800873,92.814826
1195.300,92.8148,300.0000,64.9375,64.9964,13929.32,0.800786,92.814826
1195.400,92.8148,300.0000,65.0625,64.9964,13928.85,0.800704,92.814826
1195.500,92.8148,300.0000,64.9375,64.9963,13928.41,0.800628,92.814826
1195.600,92.8148,300.0000,65.0000,64.9963,13928.00,0.800557,92.814826
1195.700,92.8148,300.0000,64.9375,64.9962,13927.61,0.800490,92.814826
1195.800,92.8148,300.0000,65.0625,64.9962,13927.25,0.800428,92.814826
1195.900,92.8148,300.0000,65.0625,64.9962,13926.92,0.800371,92.814826
1196.000,92.9894,300.0000,65.0000,64.9961,13928.35,0.800618,92.818707
1196.100,92.9894,300.0000,65.0000,64.9960,13929.69,0.800848,92.818707
1196.200,92.9894,300.0000,65.0625,64.9960,13930.93,0.801063,92.818707
1196.300,92.9894,300.0000,64.9375,64.9959,13932.10,0.801264,92.818707
1196.400,92.9894,300.0000,65.0000,64.9958,13933.19,0.801452,92.818707
1196.500,92.9894,300.0000,65.0000,64.9957,13934.20,0.801627,92.818707
1196.600,92.9894,300.0000,65.0000,64.9956,13935.15,0.801790,92.818707
1196.700,92.9894,300.0000,64.9375,64.9955,13936.03,0.801943,92.818707
1196.800,92.9894,300.0000,64.9375,64.9954,13936.86,0.802085,92.818707
1196.900,92.9894,300.0000,65.0000,64.9952,13937.63,0.802218,92.818707
1197.000,92.8187,300.0000,65.0625,64.9951,13936.64,0.802048,92.818707
1197.100,92.8187,300.0000,65.0000,64.9950,13935.72,0.801889,92.818707
1197.200,92.8187,300.0000,65.0000,64.9949,13934.85,0.801740,92.818707
1197.300,92.8187,300.0000,64.8750,64.9948,13934.05,0.801601,92.818707
1197.400,92.8187,300.0000,65.0625,64.9947,13933.30,0.801472,92.818707
1197.500,92.8187,300.0000,64.9375,64.9946,13932.60,0.801351,92.818707
1197.600,92.8187,300.0000,65.0000,64.9945,13931.95,0.801239,92.818707
1197.700,92.8187,300.0000,65.0000,64.9945,13931.34,0.801133,92.818707
1197.800,92.8187,300.0000,65.0625,64.9944,13930.77,0.801035,92.818707
1197.900,92.8187,300.0000,65.1250,64.9943,13930.24,0.800944,92.818707
1198.000,93.1678,300.0000,64.9375,64.9942,13933.23,0.801460,92.826469
1198.100,93.1678,300.0000,64.9375,64.9941,13936.03,0.801943,92.826469
1198.200,93.1678,300.0000,65.0625,64.9940,13938.64,0.802393,92.826469
1198.300,93.1678,300.0000,65.0000,64.9939,13941.07,0.802814,92.826469
1198.400,93.1678,300.0000,65.0000,64.9937,13943.35,0.803207,92.826469
1198.500,93.1678,300.0000,65.0000,64.9935,13945.47,0.803573,92.826469
1198.600,93.1678,300.0000,65.0625,64.9933,13947.45,0.803916,92.826469
1198.700,93.1678,300.0000,65.0000,64.9931,13949.30,0.804235,92.826469
1198.800,93.1678,300.0000,65.1250,64.9928,13951.02,0.804534,92.826469
1198.900,93.1678,300.0000,64.8750,64.9926,13952.63,0.804812,92.826469
1199.000,92.4774,300.0000,65.0625,64.9924,13947.23,0.803878,92.818707
1199.100,92.4774,300.0000,65.0625,64.9922,13942.19,0.803006,92.818707
1199.200,92.4774,300.0000,65.0000,64.9921,13937.48,0.802194,92.818707
1199.300,92.4774,300.0000,64.9375,64.9920,13933.09,0.801436,92.818707
1199.400,92.4774,300.0000,65.0625,64.9920,13928.99,0.800729,92.818707
1199.500,92.4774,300.0000,64.9375,64.9920,13925.17,0.800069,92.818707
1199.600,92.4774,300.0000,65.0000,64.9920,13921.60,0.799454,92.818707
1199.700,92.4774,300.0000,65.0000,64.9920,13918.26,0.798880,92.818707
1199.800,92.4774,300.0000,65.0625,64.9921,13915.15,0.798344,92.818707
1199.900,92.4774,300.0000,65.0000,64.9922,13912.25,0.797845,92.818707
