t_s,pwm,power_w,t_sense_c,t_die_c,rpm,fan_power_rel,integral
0.000,0.0000,150.0000,25.0000,25.1167,0.00,0.000000,0.000000
0.100,0.0000,150.0000,24.9375,25.2331,0.00,0.000000,0.000000
0.200,0.0000,150.0000,25.0625,25.3492,0.00,0.000000,0.000000
0.300,0.0000,150.0000,24.9375,25.4651,0.00,0.000000,0.000000
0.400,0.0000,150.0000,25.0000,25.5807,0.00,0.000000,0.000000
0.500,0.0000,150.0000,24.8750,25.6961,0.00,0.000000,0.000000
0.600,0.0000,150.0000,24.9375,25.8112,0.00,0.000000,0.000000
0.700,0.0000,150.0000,25.0000,25.9261,0.00,0.000000,0.000000
0.800,0.0000,150.0000,25.0625,26.0407,0.00,0.000000,0.000000
0.900,0.0000,150.0000,25.0000,26.1551,0.00,0.000000,0.000000
1.000,0.0000,150.0000,24.8750,26.2692,0.00,0.000000,0.000000
1.100,0.0000,150.0000,24.9375,26.3830,0.00,0.000000,0.000000
1.200,0.0000,150.0000,25.0625,26.4966,0.00,0.000000,0.000000
1.300,0.0000,150.0000,25.0625,26.6099,0.00,0.000000,0.000000
1.400,0.0000,150.0000,25.0000,26.7230,0.00,0.000000,0.000000
1.500,0.0000,150.0000,24.9375,26.8359,0.00,0.000000,0.000000
1.600,0.0000,150.0000,25.0000,26.9485,0.00,0.000000,0.000000
1.700,0.0000,150.0000,25.0000,27.0608,0.00,0.000000,0.000000
1.800,0.0000,150.0000,25.0000,27.1729,0.00,0.000000,0.000000
1.900,0.0000,150.0000,25.0625,27.2847,0.00,0.000000,0.000000
2.000,0.0000,150.0000,25.0000,27.3963,0.00,0.000000,0.000000
2.100,0.0000,150.0000,25.0000,27.5077,0.00,0.000000,0.000000
2.200,0.0000,150.0000,25.0625,27.6187,0.00,0.000000,0.000000
2.300,0.0000,150.0000,25.0625,27.7296,0.00,0.000000,0.000000
2.400,0.0000,150.0000,24.9375,27.8402,0.00,0.000000,0.000000
2.500,0.0000,150.0000,25.0000,27.9506,0.00,0.000000,0.000000
2.600,0.0000,150.0000,24.9375,28.0607,0.00,0.000000,0.000000
2.700,0.0000,150.0000,25.0000,28.1705,0.00,0.000000,0.000000
2.800,0.0000,150.0000,25.0000,28.2801,0.00,0.000000,0.000000
2.900,0.0000,150.0000,25.0625,28.3895,0.00,0.000000,0.000000
3.000,0.0000,150.0000,25.0000,28.4987,0.00,0.000000,0.000000
3.100,0.0000,150.0000,25.0000,28.6076,0.00,0.000000,0.000000
3.200,0.0000,150.0000,24.9375,28.7162,0.00,0.000000,0.000000
3.300,0.0000,150.0000,25.0625,28.8246,0.00,0.000000,0.000000
3.400,0.0000,150.0000,25.0000,28.9328,0.00,0.000000,0.000000
3.500,0.0000,150.0000,25.0625,29.0407,0.00,0.000000,0.000000
3.600,0.0000,150.0000,25.1250,29.1484,0.00,0.000000,0.000000
3.700,0.0000,150.0000,25.0625,29.2558,0.00,0.000000,0.000000
3.800,0.0000,150.0000,25.1875,29.3631,0.00,0.000000,0.000000
3.900,0.0000,150.0000,25.1250,29.4700,0.00,0.000000,0.000000
4.000,0.0000,150.0000,25.1875,29.5768,0.00,0.000000,0.000000
4.100,0.0000,150.0000,25.3125,29.6833,0.00,0.000000,0.000000
4.200,0.0000,150.0000,25.3750,29.7895,0.00,0.000000,0.000000
4.300,0.0000,150.0000,25.4375,29.8955,0.00,0.000000,0.000000
4.400,0.0000,150.0000,25.4375,30.0013,0.00,0.000000,0.000000
4.500,0.0000,150.0000,25.4375,30.1069,0.00,0.000000,0.000000
4.600,0.0000,150.0000,25.4375,30.2122,0.00,0.000000,0.000000
4.700,0.0000,150.0000,25.5000,30.3173,0.00,0.000000,0.000000
4.800,0.0000,150.0000,25.6250,30.4221,0.00,0.000000,0.000000
4.900,0.0000,150.0000,25.6875,30.5267,0.00,0.000000,0.000000
5.000,0.0000,150.0000,25.8750,30.6311,0.00,0.000000,0.000000
5.100,0.0000,150.0000,25.7500,30.7353,0.00,0.000000,0.000000
5.200,0.0000,150.0000,25.8750,30.8392,0.00,0.000000,0.000000
5.300,0.0000,150.0000,25.8750,30.9429,0.00,0.000000,0.000000
5.400,0.0000,150.0000,25.8750,31.0464,0.00,0.000000,0.000000
5.500,0.0000,150.0000,26.1250,31.1496,0.00,0.000000,0.000000
5.600,0.0000,150.0000,26.0625,31.2526,0.00,0.000000,0.000000
5.700,0.0000,150.0000,26.1875,31.3554,0.00,0.000000,0.000000
5.800,0.0000,150.0000,26.3125,31.4579,0.00,0.000000,0.000000
5.900,0.0000,150.0000,26.3125,31.5602,0.00,0.000000,0.000000
6.000,0.0000,150.0000,26.4375,31.6623,0.00,0.000000,0.000000
6.100,0.0000,150.0000,26.3750,31.7642,0.00,0.000000,0.000000
6.200,0.0000,150.0000,26.5000,31.8658,0.00,0.000000,0.000000
6.300,0.0000,150.0000,26.6250,31.9672,0.00,0.000000,0.000000
6.400,0.0000,150.0000,26.7500,32.0684,0.00,0.000000,0.000000
6.500,0.0000,150.0000,26.8125,32.1694,0.00,0.000000,0.000000
6.600,0.0000,150.0000,26.8750,32.2701,0.00,0.000000,0.000000
6.700,0.0000,150.0000,26.8750,32.3706,0.00,0.000000,0.000000
6.800,0.0000,150.0000,27.0625,32.4709,0.00,0.000000,0.000000
6.900,0.0000,150.0000,27.0625,32.5710,0.00,0.000000,0.000000
7.000,0.0000,150.0000,27.1250,32.6708,0.00,0.000000,0.000000
7.100,0.0000,150.0000,27.2500,32.7704,0.00,0.000000,0.000000
7.200,0.0000,150.0000,27.3750,32.8698,0.00,0.000000,0.000000
7.300,0.0000,150.0000,27.4375,32.9690,0.00,0.000000,0.000000
7.400,0.0000,150.0000,27.5625,33.0680,0.00,0.000000,0.000000
7.500,0.0000,150.0000,27.5625,33.1667,0.00,0.000000,0.000000
7.600,0.0000,150.0000,27.6250,33.2652,0.00,0.000000,0.000000
7.700,0.0000,150.0000,27.8125,33.3635,0.00,0.000000,0.000000
7.800,0.0000,150.0000,27.8125,33.4616,0.00,0.000000,0.000000
7.900,0.0000,150.0000,28.0000,33.5595,0.00,0.000000,0.000000
8.000,0.0000,150.0000,28.0000,33.6571,0.00,0.000000,0.000000
8.100,0.0000,150.0000,28.1250,33.7545,0.00,0.000000,0.000000
8.200,0.0000,150.0000,28.1875,33.8517,0.00,0.000000,0.000000
8.300,0.0000,150.0000,28.3750,33.9487,0.00,0.000000,0.000000
8.400,0.0000,150.0000,28.3750,34.0455,0.00,0.000000,0.000000
8.500,0.0000,150.0000,28.5625,34.1421,0.00,0.000000,0.000000
8.600,0.0000,150.0000,28.6250,34.2384,0.00,0.000000,0.000000
8.700,0.0000,150.0000,28.6250,34.3346,0.00,0.000000,0.000000
8.800,0.0000,150.0000,28.7500,34.4305,0.00,0.000000,0.000000
8.900,0.0000,150.0000,28.8750,34.5262,0.00,0.000000,0.000000
9.000,0.0000,150.0000,29.0625,34.6217,0.00,0.000000,0.000000
9.100,0.0000,150.0000,29.0625,34.7170,0.00,0.000000,0.000000
9.200,0.0000,150.0000,29.1250,34.8121,0.00,0.000000,0.000000
9.300,0.0000,150.0000,29.1875,34.9069,0.00,0.000000,0.000000
9.400,0.0000,150.0000,29.3125,35.0016,0.00,0.000000,0.000000
9.500,0.0000,150.0000,29.3750,35.0960,0.00,0.000000,0.000000
9.600,0.0000,150.0000,29.4375,35.1902,0.00,0.000000,0.000000
9.700,0.0000,150.0000,29.6250,35.2843,0.00,0.000000,0.000000
9.800,0.0000,150.0000,29.6875,35.3781,0.00,0.000000,0.000000
9.900,0.0000,150.0000,29.8125,35.4717,0.00,0.000000,0.000000
10.000,0.0000,150.0000,29.8750,35.5651,0.00,0.000000,0.000000
10.100,0.0000,150.0000,30.0000,35.6583,0.00,0.000000,0.000000
10.200,0.0000,150.0000,30.0625,35.7512,0.00,0.000000,0.000000
10.300,0.0000,150.0000,30.1250,35.8440,0.00,0.000000,0.000000
10.400,0.0000,150.0000,30.2500,35.9366,0.00,0.000000,0.000000
10.500,0.0000,150.0000,30.3750,36.0290,0.00,0.000000,0.000000
10.600,0.0000,150.0000,30.3750,36.1211,0.00,0.000000,0.000000
10.700,0.0000,150.0000,30.6250,36.2131,0.00,0.000000,0.000000
10.800,0.0000,150.0000,30.7500,36.3048,0.00,0.000000,0.000000
10.900,0.0000,150.0000,30.7500,36.3964,0.00,0.000000,0.000000
11.000,0.0000,150.0000,30.9375,36.4877,0.00,0.000000,0.000000
11.100,0.0000,150.0000,30.9375,36.5788,0.00,0.000000,0.000000
11.200,0.0000,150.0000,31.0000,36.6698,0.00,0.000000,0.000000
11.300,0.0000,150.0000,31.2500,36.7605,0.00,0.000000,0.000000
11.400,0.0000,150.0000,31.2500,36.8510,0.00,0.000000,0.000000
11.500,0.0000,150.0000,31.4375,36.9414,0.00,0.000000,0.000000
11.600,0.0000,150.0000,31.3750,37.0315,0.00,0.000000,0.000000
11.700,0.0000,150.0000,31.5000,37.1214,0.00,0.000000,0.000000
11.800,0.0000,150.0000,31.6250,37.2112,0.00,0.000000,0.000000
11.900,0.0000,150.0000,31.7500,37.3007,0.00,0.000000,0.000000
12.000,0.0000,150.0000,31.8125,37.3900,0.00,0.000000,0.000000
12.100,0.0000,150.0000,31.9375,37.4792,0.00,0.000000,0.000000
12.200,0.0000,150.0000,32.0000,37.5681,0.00,0.000000,0.000000
12.300,0.0000,150.0000,32.0625,37.6568,0.00,0.000000,0.000000
12.400,0.0000,150.0000,32.1875,37.7454,0.00,0.000000,0.000000
12.500,0.0000,150.0000,32.3125,37.8337,0.00,0.000000,0.000000
12.600,0.0000,150.0000,32.3750,37.9219,0.00,0.000000,0.000000
12.700,0.0000,150.0000,32.5000,38.0098,0.00,0.000000,0.000000
12.800,0.0000,150.0000,32.5625,38.0976,0.00,0.000000,0.000000
12.900,0.0000,150.0000,32.7500,38.1851,0.00,0.000000,0.000000
13.000,0.0000,150.0000,32.7500,38.2725,0.00,0.000000,0.000000
13.100,0.0000,150.0000,32.8750,38.3597,0.00,0.000000,0.000000
13.200,0.0000,150.0000,33.0000,38.4466,0.00,0.000000,0.000000
13.300,0.0000,150.0000,33.1250,38.5334,0.00,0.000000,0.000000
13.400,0.0000,150.0000,33.1875,38.6200,0.00,0.000000,0.000000
13.500,0.0000,150.0000,33.3125,38.7064,0.00,0.000000,0.000000
13.600,0.0000,150.0000,33.3125,38.7926,0.00,0.000000,0.000000
13.700,0.0000,150.0000,33.4375,38.8786,0.00,0.000000,0.000000
13.800,0.0000,150.0000,33.5625,38.9645,0.00,0.000000,0.000000
13.900,0.0000,150.0000,33.5625,39.0501,0.00,0.000000,0.000000
14.000,0.0000,150.0000,33.6875,39.1356,0.00,0.000000,0.000000
14.100,0.0000,150.0000,33.8125,39.2208,0.00,0.000000,0.000000
14.200,0.0000,150.0000,33.8750,39.3059,0.00,0.000000,0.000000
14.300,0.0000,150.0000,34.0625,39.3907,0.00,0.000000,0.000000
14.400,0.0000,150.0000,34.1250,39.4754,0.00,0.000000,0.000000
14.500,0.0000,150.0000,34.1875,39.5599,0.00,0.000000,0.000000
14.600,0.0000,150.0000,34.3125,39.6442,0.00,0.000000,0.000000
14.700,0.0000,150.0000,34.4375,39.7284,0.00,0.000000,0.000000
14.800,0.0000,150.0000,34.5000,39.8123,0.00,0.000000,0.000000
14.900,0.0000,150.0000,34.6250,39.8961,0.00,0.000000,0.000000
15.000,0.0000,150.0000,34.7500,39.9796,0.00,0.000000,0.000000
15.100,0.0000,150.0000,34.7500,40.0630,0.00,0.000000,0.000000
15.200,0.0000,150.0000,34.9375,40.1462,0.00,0.000000,0.000000
15.300,0.0000,150.0000,34.9375,40.2292,0.00,0.000000,0.000000
15.400,0.0000,150.0000,35.0625,40.3120,0.00,0.000000,0.000000
15.500,0.0000,150.0000,35.1250,40.3947,0.00,0.000000,0.000000
15.600,0.0000,150.0000,35.3125,40.4771,0.00,0.000000,0.000000
15.700,0.0000,150.0000,35.3125,40.5594,0.00,0.000000,0.000000
15.800,0.0000,150.0000,35.3750,40.6415,0.00,0.000000,0.000000
15.900,0.0000,150.0000,35.5625,40.7234,0.00,0.000000,0.000000
16.000,0.0000,150.0000,35.5625,40.8051,0.00,0.000000,0.000000
16.100,0.0000,150.0000,35.6875,40.8867,0.00,0.000000,0.000000
16.200,0.0000,150.0000,35.8125,40.9680,0.00,0.000000,0.000000
16.300,0.0000,150.0000,35.8750,41.0492,0.00,0.000000,0.000000
16.400,0.0000,150.0000,35.9375,41.1302,0.00,0.000000,0.000000
16.500,0.0000,150.0000,36.1250,41.2110,0.00,0.000000,0.000000
16.600,0.0000,150.0000,36.1250,41.2917,0.00,0.000000,0.000000
16.700,0.0000,150.0000,36.2500,41.3721,0.00,0.000000,0.000000
16.800,0.0000,150.0000,36.3125,41.4524,0.00,0.000000,0.000000
16.900,0.0000,150.0000,36.4375,41.5325,0.00,0.000000,0.000000
17.000,0.0000,150.0000,36.5625,41.6125,0.00,0.000000,0.000000
17.100,0.0000,150.0000,36.6250,41.6922,0.00,0.000000,0.000000
17.200,0.0000,150.0000,36.6875,41.7718,0.00,0.000000,0.000000
17.300,0.0000,150.0000,36.6875,41.8512,0.00,0.000000,0.000000
17.400,0.0000,150.0000,36.8750,41.9304,0.00,0.000000,0.000000
17.500,0.0000,150.0000,36.9375,42.0094,0.00,0.000000,0.000000
17.600,0.0000,150.0000,37.0625,42.0883,0.00,0.000000,0.000000
17.700,0.0000,150.0000,37.1875,42.1670,0.00,0.000000,0.000000
17.800,0.0000,150.0000,37.1875,42.2455,0.00,0.000000,0.000000
17.900,0.0000,150.0000,37.2500,42.3239,0.00,0.000000,0.000000
18.000,0.0000,150.0000,37.3750,42.4020,0.00,0.000000,0.000000
18.100,0.0000,150.0000,37.5000,42.4800,0.00,0.000000,0.000000
18.200,0.0000,150.0000,37.5000,42.5578,0.00,0.000000,0.000000
18.300,0.0000,150.0000,37.6250,42.6355,0.00,0.000000,0.000000
18.400,0.0000,150.0000,37.6875,42.7130,0.00,0.000000,0.000000
18.500,0.0000,150.0000,37.8750,42.7903,0.00,0.000000,0.000000
18.600,0.0000,150.0000,37.9375,42.8674,0.00,0.000000,0.000000
18.700,0.0000,150.0000,38.0625,42.9444,0.00,0.000000,0.000000
18.800,0.0000,150.0000,38.1250,43.0212,0.00,0.000000,0.000000
18.900,0.0000,150.0000,38.1875,43.0978,0.00,0.000000,0.000000
19.000,0.0000,150.0000,38.3125,43.1742,0.00,0.000000,0.000000
19.100,0.0000,150.0000,38.3750,43.2505,0.00,0.000000,0.000000
19.200,0.0000,150.0000,38.3750,43.3266,0.00,0.000000,0.000000
19.300,0.0000,150.0000,38.5625,43.4026,0.00,0.000000,0.000000
19.400,0.0000,150.0000,38.6250,43.4783,0.00,0.000000,0.000000
19.500,0.0000,150.0000,38.7500,43.5539,0.00,0.000000,0.000000
19.600,0.0000,150.0000,38.8750,43.6294,0.00,0.000000,0.000000
19.700,0.0000,150.0000,38.8125,43.7046,0.00,0.000000,0.000000
19.800,0.0000,150.0000,39.0000,43.7797,0.00,0.000000,0.000000
19.900,0.0000,150.0000,39.0625,43.8547,0.00,0.000000,0.000000
20.000,0.0000,150.0000,39.1250,43.9294,0.00,0.000000,0.000000
20.100,0.0000,150.0000,39.2500,44.0040,0.00,0.000000,0.000000
20.200,0.0000,150.0000,39.3125,44.0785,0.00,0.000000,0.000000
20.300,0.0000,150.0000,39.3750,44.1527,0.00,0.000000,0.000000
20.400,0.0000,150.0000,39.3750,44.2269,0.00,0.000000,0.000000
20.500,0.0000,150.0000,39.5000,44.3008,0.00,0.000000,0.000000
20.600,0.0000,150.0000,39.6875,44.3746,0.00,0.000000,0.000000
20.700,0.0000,150.0000,39.8125,44.4482,0.00,0.000000,0.000000
20.800,0.0000,150.0000,39.8125,44.5216,0.00,0.000000,0.000000
20.900,0.0000,150.0000,39.9375,44.5949,0.00,0.000000,0.000000
21.000,0.0000,150.0000,39.8750,44.6680,0.00,0.000000,0.000000
21.100,0.0000,150.0000,40.0625,44.7410,0.00,0.000000,0.000000
21.200,0.0000,150.0000,40.1250,44.8138,0.00,0.000000,0.000000
21.300,0.0000,150.0000,40.2500,44.8864,0.00,0.000000,0.000000
21.400,0.0000,150.0000,40.2500,44.9589,0.00,0.000000,0.000000
21.500,0.0000,150.0000,40.4375,45.0312,0.00,0.000000,0.000000
21.600,0.0000,150.0000,40.5625,45.1034,0.00,0.000000,0.000000
21.700,0.0000,150.0000,40.5000,45.1754,0.00,0.000000,0.000000
21.800,0.0000,150.0000,40.6250,45.2472,0.00,0.000000,0.000000
21.900,0.0000,150.0000,40.7500,45.3189,0.00,0.000000,0.000000
22.000,0.0000,150.0000,40.8125,45.3904,0.00,0.000000,0.000000
22.100,0.0000,150.0000,40.8125,45.4617,0.00,0.000000,0.000000
22.200,0.0000,150.0000,40.9375,45.5329,0.00,0.000000,0.000000
22.300,0.0000,150.0000,41.0625,45.6040,0.00,0.000000,0.000000
22.400,0.0000,150.0000,41.1250,45.6749,0.00,0.000000,0.000000
22.500,0.0000,150.0000,41.1875,45.7456,0.00,0.000000,0.000000
22.600,0.0000,150.0000,41.3750,45.8161,0.00,0.000000,0.000000
22.700,0.0000,150.0000,41.4375,45.8865,0.00,0.000000,0.000000
22.800,0.0000,150.0000,41.3750,45.9568,0.00,0.000000,0.000000
22.900,0.0000,150.0000,41.5625,46.0269,0.00,0.000000,0.000000
23.000,0.0000,150.0000,41.5625,46.0968,0.00,0.000000,0.000000
23.100,0.0000,150.0000,41.7500,46.1666,0.00,0.000000,0.000000
23.200,0.0000,150.0000,41.8125,46.2363,0.00,0.000000,0.000000
23.300,0.0000,150.0000,41.8750,46.3057,0.00,0.000000,0.000000
23.400,0.0000,150.0000,42.0000,46.3750,0.00,0.000000,0.000000
23.500,0.0000,150.0000,42.0000,46.4442,0.00,0.000000,0.000000
23.600,0.0000,150.0000,42.0625,46.5132,0.00,0.000000,0.000000
23.700,0.0000,150.0000,42.1875,46.5821,0.00,0.000000,0.000000
23.800,0.0000,150.0000,42.1250,46.6508,0.00,0.000000,0.000000
23.900,0.0000,150.0000,42.4375,46.7193,0.00,0.000000,0.000000
24.000,0.0000,150.0000,42.3750,46.7877,0.00,0.000000,0.000000
24.100,0.0000,150.0000,42.4375,46.8560,0.00,0.000000,0.000000
24.200,0.0000,150.0000,42.4375,46.9241,0.00,0.000000,0.000000
24.300,0.0000,150.0000,42.6250,46.9920,0.00,0.000000,0.000000
24.400,0.0000,150.0000,42.6875,47.0598,0.00,0.000000,0.000000
24.500,0.0000,150.0000,42.7500,47.1275,0.00,0.000000,0.000000
24.600,0.0000,150.0000,42.8750,47.1950,0.00,0.000000,0.000000
24.700,0.0000,150.0000,42.9375,47.2623,0.00,0.000000,0.000000
24.800,0.0000,150.0000,43.0625,47.3295,0.00,0.000000,0.000000
24.900,0.0000,150.0000,43.0625,47.3966,0.00,0.000000,0.000000
25.000,0.0000,150.0000,43.1875,47.4635,0.00,0.000000,0.000000
25.100,0.0000,150.0000,43.2500,47.5302,0.00,0.000000,0.000000
25.200,0.0000,150.0000,43.3125,47.5968,0.00,0.000000,0.000000
25.300,0.0000,150.0000,43.4375,47.6633,0.00,0.000000,0.000000
25.400,0.0000,150.0000,43.5000,47.7296,0.00,0.000000,0.000000
25.500,0.0000,150.0000,43.5000,47.7957,0.00,0.000000,0.000000
25.600,0.0000,150.0000,43.6250,47.8617,0.00,0.000000,0.000000
25.700,0.0000,150.0000,43.6250,47.9276,0.00,0.000000,0.000000
25.800,0.0000,150.0000,43.7500,47.9933,0.00,0.000000,0.000000
25.900,0.0000,150.0000,43.9375,48.0589,0.00,0.000000,0.000000
26.000,0.0000,150.0000,43.8750,48.1243,0.00,0.000000,0.000000
26.100,0.0000,150.0000,44.0000,48.1896,0.00,0.000000,0.000000
26.200,0.0000,150.0000,44.0000,48.2547,0.00,0.000000,0.000000
26.300,0.0000,150.0000,44.1875,48.3197,0.00,0.000000,0.000000
26.400,0.0000,150.0000,44.1250,48.3845,0.00,0.000000,0.000000
26.500,0.0000,150.0000,44.3750,48.4493,0.00,0.000000,0.000000
26.600,0.0000,150.0000,44.3750,48.5138,0.00,0.000000,0.000000
26.700,0.0000,150.0000,44.5000,48.5782,0.00,0.000000,0.000000
26.800,0.0000,150.0000,44.5625,48.6425,0.00,0.000000,0.000000
26.900,0.0000,150.0000,44.6875,48.7066,0.00,0.000000,0.000000
27.000,0.0000,150.0000,44.6250,48.7706,0.00,0.000000,0.000000
27.100,0.0000,150.0000,44.6875,48.8344,0.00,0.000000,0.000000
27.200,0.0000,150.0000,44.8750,48.8981,0.00,0.000000,0.000000
27.300,0.0000,150.0000,44.9375,48.9617,0.00,0.000000,0.000000
27.400,0.0000,150.0000,45.0625,49.0251,0.00,0.000000,0.000000
27.500,0.0000,150.0000,45.0625,49.0884,0.00,0.000000,0.000000
27.600,0.0000,150.0000,45.1250,49.1515,0.00,0.000000,0.000000
27.700,0.0000,150.0000,45.1250,49.2145,0.00,0.000000,0.000000
27.800,0.0000,150.0000,45.2500,49.2774,0.00,0.000000,0.000000
27.900,0.0000,150.0000,45.3125,49.3401,0.00,0.000000,0.000000
28.000,0.0000,150.0000,45.3125,49.4027,0.00,0.000000,0.000000
28.100,0.0000,150.0000,45.5000,49.4651,0.00,0.000000,0.000000
28.200,0.0000,150.0000,45.5000,49.5274,0.00,0.000000,0.000000
28.300,0.0000,150.0000,45.6875,49.5896,0.00,0.000000,0.000000
28.400,0.0000,150.0000,45.6875,49.6516,0.00,0.000000,0.000000
28.500,0.0000,150.0000,45.8125,49.7135,0.00,0.000000,0.000000
28.600,0.0000,150.0000,45.8750,49.7752,0.00,0.000000,0.000000
28.700,0.0000,150.0000,45.8750,49.8369,0.00,0.000000,0.000000
28.800,0.0000,150.0000,46.0000,49.8983,0.00,0.000000,0.000000
28.900,0.0000,150.0000,46.0000,49.9597,0.00,0.000000,0.000000
29.000,0.0000,150.0000,46.0625,50.0209,0.00,0.000000,0.000000
29.100,0.0000,150.0000,46.2500,50.0819,0.00,0.000000,0.000000
29.200,0.0000,150.0000,46.3125,50.1429,0.00,0.000000,0.000000
29.300,0.0000,150.0000,46.3125,50.2037,0.00,0.000000,0.000000
29.400,0.0000,150.0000,46.3125,50.2643,0.00,0.000000,0.000000
29.500,0.0000,150.0000,46.4375,50.3248,0.00,0.000000,0.000000
29.600,0.0000,150.0000,46.4375,50.3852,0.00,0.000000,0.000000
29.700,0.0000,150.0000,46.5625,50.4455,0.00,0.000000,0.000000
29.800,0.0000,150.0000,46.6875,50.5056,0.00,0.000000,0.000000
29.900,0.0000,150.0000,46.6875,50.5656,0.00,0.000000,0.000000
30.000,0.0000,150.0000,46.8125,50.6254,0.00,0.000000,0.000000
30.100,0.0000,150.0000,46.9375,50.6852,0.00,0.000000,0.000000
30.200,0.0000,150.0000,46.8750,50.7448,0.00,0.000000,0.000000
30.300,0.0000,150.0000,47.0625,50.8042,0.00,0.000000,0.000000
30.400,0.0000,150.0000,47.0000,50.8635,0.00,0.000000,0.000000
30.500,0.0000,150.0000,47.1250,50.9227,0.00,0.000000,0.000000
30.600,0.0000,150.0000,47.2500,50.9818,0.00,0.000000,0.000000
30.700,0.0000,150.0000,47.2500,51.0407,0.00,0.000000,0.000000
30.800,0.0000,150.0000,47.3125,51.0995,0.00,0.000000,0.000000
30.900,0.0000,150.0000,47.4375,51.1582,0.00,0.000000,0.000000
31.000,0.0000,150.0000,47.4375,51.2167,0.00,0.000000,0.000000
31.100,0.0000,150.0000,47.5625,51.2751,0.00,0.000000,0.000000
31.200,0.0000,150.0000,47.5625,51.3334,0.00,0.000000,0.000000
31.300,0.0000,150.0000,47.6875,51.3916,0.00,0.000000,0.000000
31.400,0.0000,150.0000,47.6875,51.4496,0.00,0.000000,0.000000
31.500,0.0000,150.0000,47.8125,51.5075,0.00,0.000000,0.000000
31.600,0.0000,150.0000,47.9375,51.5652,0.00,0.000000,0.000000
31.700,0.0000,150.0000,47.9375,51.6229,0.00,0.000000,0.000000
31.800,0.0000,150.0000,47.8750,51.6804,0.00,0.000000,0.000000
31.900,0.0000,150.0000,48.0000,51.7377,0.00,0.000000,0.000000
32.000,0.0000,150.0000,48.0625,51.7950,0.00,0.000000,0.000000
32.100,0.0000,150.0000,48.0625,51.8521,0.00,0.000000,0.000000
32.200,0.0000,150.0000,48.2500,51.9091,0.00,0.000000,0.000000
32.300,0.0000,150.0000,48.3125,51.9660,0.00,0.000000,0.000000
32.400,0.0000,150.0000,48.4375,52.0227,0.00,0.000000,0.000000
32.500,0.0000,150.0000,48.4375,52.0793,0.00,0.000000,0.000000
32.600,0.0000,150.0000,48.5625,52.1358,0.00,0.000000,0.000000
32.700,0.0000,150.0000,48.6250,52.1922,0.00,0.000000,0.000000
32.800,0.0000,150.0000,48.6875,52.2484,0.00,0.000000,0.000000
32.900,0.0000,150.0000,48.8125,52.3045,0.00,0.000000,0.000000
33.000,0.0000,150.0000,48.6875,52.3605,0.00,0.000000,0.000000
33.100,0.0000,150.0000,48.8750,52.4164,0.00,0.000000,0.000000
33.200,0.0000,150.0000,48.9375,52.4721,0.00,0.000000,0.000000
33.300,0.0000,150.0000,48.9375,52.5278,0.00,0.000000,0.000000
33.400,0.0000,150.0000,49.0000,52.5832,0.00,0.000000,0.000000
33.500,0.0000,150.0000,49.1250,52.6386,0.00,0.000000,0.000000
33.600,0.0000,150.0000,49.1250,52.6939,0.00,0.000000,0.000000
33.700,0.0000,150.0000,49.2500,52.7490,0.00,0.000000,0.000000
33.800,0.0000,150.0000,49.3125,52.8040,0.00,0.000000,0.000000
33.900,0.0000,150.0000,49.4375,52.8589,0.00,0.000000,0.000000
34.000,0.0000,150.0000,49.3750,52.9136,0.00,0.000000,0.000000
34.100,0.0000,150.0000,49.4375,52.9683,0.00,0.000000,0.000000
34.200,0.0000,150.0000,49.5625,53.0228,0.00,0.000000,0.000000
34.300,0.0000,150.0000,49.6250,53.0772,0.00,0.000000,0.000000
34.400,0.0000,150.0000,49.7500,53.1314,0.00,0.000000,0.000000
34.500,0.0000,150.0000,49.6875,53.1856,0.00,0.000000,0.000000
34.600,0.0000,150.0000,49.8125,53.2396,0.00,0.000000,0.000000
34.700,0.0000,150.0000,49.8125,53.2935,0.00,0.000000,0.000000
34.800,0.0000,150.0000,49.9375,53.3473,0.00,0.000000,0.000000
34.900,0.0000,150.0000,50.0000,53.4010,0.00,0.000000,0.000000
35.000,0.0000,150.0000,50.0625,53.4546,0.00,0.000000,0.000000
35.100,0.0000,150.0000,50.0625,53.5080,0.00,0.000000,0.000000
35.200,0.0000,150.0000,50.1250,53.5613,0.00,0.000000,0.000000
35.300,0.0000,150.0000,50.2500,53.6145,0.00,0.000000,0.000000
35.400,0.0000,150.0000,50.2500,53.6676,0.00,0.000000,0.000000
35.500,0.0000,150.0000,50.4375,53.7206,0.00,0.000000,0.000000
35.600,0.0000,150.0000,50.3750,53.7734,0.00,0.000000,0.000000
35.700,0.0000,150.0000,50.5000,53.8261,0.00,0.000000,0.000000
35.800,0.0000,150.0000,50.4375,53.8787,0.00,0.000000,0.000000
35.900,0.0000,150.0000,50.6250,53.9312,0.00,0.000000,0.000000
36.000,0.0000,150.0000,50.6875,53.9836,0.00,0.000000,0.000000
36.100,0.0000,150.0000,50.6875,54.0359,0.00,0.000000,0.000000
36.200,0.0000,150.0000,50.7500,54.0880,0.00,0.000000,0.000000
36.300,0.0000,150.0000,50.8750,54.1400,0.00,0.000000,0.000000
36.400,0.0000,150.0000,51.0000,54.1919,0.00,0.000000,0.000000
36.500,0.0000,150.0000,50.9375,54.2437,0.00,0.000000,0.000000
36.600,0.0000,150.0000,50.9375,54.2954,0.00,0.000000,0.000000
36.700,0.0000,150.0000,51.0000,54.3470,0.00,0.000000,0.000000
36.800,0.0000,150.0000,51.0000,54.3984,0.00,0.000000,0.000000
36.900,0.0000,150.0000,51.1875,54.4498,0.00,0.000000,0.000000
37.000,0.0000,150.0000,51.1875,54.5010,0.00,0.000000,0.000000
37.100,0.0000,150.0000,51.3125,54.5521,0.00,0.000000,0.000000
37.200,0.0000,150.0000,51.3750,54.6031,0.00,0.000000,0.000000
37.300,0.0000,150.0000,51.3750,54.6540,0.00,0.000000,0.000000
37.400,0.0000,150.0000,51.5000,54.7047,0.00,0.000000,0.000000
37.500,0.0000,150.0000,51.5000,54.7554,0.00,0.000000,0.000000
37.600,0.0000,150.0000,51.5625,54.8059,0.00,0.000000,0.000000
37.700,0.0000,150.0000,51.6875,54.8564,0.00,0.000000,0.000000
37.800,0.0000,150.0000,51.5625,54.9067,0.00,0.000000,0.000000
37.900,0.0000,150.0000,51.8125,54.9569,0.00,0.000000,0.000000
38.000,0.0000,150.0000,51.7500,55.0070,0.00,0.000000,0.000000
38.100,0.0000,150.0000,51.8750,55.0570,0.00,0.000000,0.000000
38.200,0.0000,150.0000,51.8125,55.1069,0.00,0.000000,0.000000
38.300,0.0000,150.0000,51.9375,55.1566,0.00,0.000000,0.000000
38.400,0.0000,150.0000,52.0000,55.2063,0.00,0.000000,0.000000
38.500,0.0000,150.0000,52.0625,55.2558,0.00,0.000000,0.000000
38.600,0.0000,150.0000,52.1250,55.3052,0.00,0.000000,0.000000
38.700,0.0000,150.0000,52.1250,55.3546,0.00,0.000000,0.000000
38.800,0.0000,150.0000,52.1250,55.4038,0.00,0.000000,0.000000
38.900,0.0000,150.0000,52.2500,55.4529,0.00,0.000000,0.000000
39.000,0.0000,150.0000,52.3750,55.5019,0.00,0.000000,0.000000
39.100,0.0000,150.0000,52.3750,55.5508,0.00,0.000000,0.000000
39.200,0.0000,150.0000,52.5000,55.5995,0.00,0.000000,0.000000
39.300,0.0000,150.0000,52.4375,55.6482,0.00,0.000000,0.000000
39.400,0.0000,150.0000,52.5000,55.6968,0.00,0.000000,0.000000
39.500,0.0000,150.0000,52.6250,55.7452,0.00,0.000000,0.000000
39.600,0.0000,150.0000,52.7500,55.7936,0.00,0.000000,0.000000
39.700,0.0000,150.0000,52.6875,55.8418,0.00,0.000000,0.000000
39.800,0.0000,150.0000,52.8750,55.8899,0.00,0.000000,0.000000
39.900,0.0000,150.0000,52.8750,55.9379,0.00,0.000000,0.000000
40.000,0.0000,150.0000,52.8750,55.9859,0.00,0.000000,0.000000
40.100,0.0000,150.0000,53.0000,56.0337,0.00,0.000000,0.000000
40.200,0.0000,150.0000,53.0625,56.0814,0.00,0.000000,0.000000
40.300,0.0000,150.0000,53.0625,56.1290,0.00,0.000000,0.000000
40.400,0.0000,150.0000,53.0625,56.1765,0.00,0.000000,0.000000
40.500,0.0000,150.0000,53.1875,56.2238,0.00,0.000000,0.000000
40.600,0.0000,150.0000,53.2500,56.2711,0.00,0.000000,0.000000
40.700,0.0000,150.0000,53.2500,56.3183,0.00,0.000000,0.000000
40.800,0.0000,150.0000,53.3125,56.3654,0.00,0.000000,0.000000
40.900,0.0000,150.0000,53.3750,56.4123,0.00,0.000000,0.000000
41.000,0.0000,150.0000,53.5000,56.4592,0.00,0.000000,0.000000
41.100,0.0000,150.0000,53.4375,56.5060,0.00,0.000000,0.000000
41.200,0.0000,150.0000,53.6875,56.5526,0.00,0.000000,0.000000
41.300,0.0000,150.0000,53.5625,56.5992,0.00,0.000000,0.000000
41.400,0.0000,150.0000,53.6250,56.6456,0.00,0.000000,0.000000
41.500,0.0000,150.0000,53.6875,56.6919,0.00,0.000000,0.000000
41.600,0.0000,150.0000,53.7500,56.7382,0.00,0.000000,0.000000
41.700,0.0000,150.0000,53.7500,56.7843,0.00,0.000000,0.000000
41.800,0.0000,150.0000,53.8750,56.8304,0.00,0.000000,0.000000
41.900,0.0000,150.0000,53.9375,56.8763,0.00,0.000000,0.000000
42.000,0.0000,150.0000,54.0000,56.9221,0.00,0.000000,0.000000
42.100,0.0000,150.0000,54.0000,56.9679,0.00,0.000000,0.000000
42.200,0.0000,150.0000,54.1250,57.0135,0.00,0.000000,0.000000
42.300,0.0000,150.0000,54.1875,57.0590,0.00,0.000000,0.000000
42.400,0.0000,150.0000,54.1250,57.1044,0.00,0.000000,0.000000
42.500,0.0000,150.0000,54.1875,57.1498,0.00,0.000000,0.000000
42.600,0.0000,150.0000,54.3125,57.1950,0.00,0.000000,0.000000
42.700,0.0000,150.0000,54.3750,57.2401,0.00,0.000000,0.000000
42.800,0.0000,150.0000,54.4375,57.2851,0.00,0.000000,0.000000
42.900,0.0000,150.0000,54.5000,57.3300,0.00,0.000000,0.000000
43.000,0.0000,150.0000,54.4375,57.3749,0.00,0.000000,0.000000
43.100,0.0000,150.0000,54.5625,57.4196,0.00,0.000000,0.000000
43.200,0.0000,150.0000,54.6250,57.4642,0.00,0.000000,0.000000
43.300,0.0000,150.0000,54.5625,57.5087,0.00,0.000000,0.000000
43.400,0.0000,150.0000,54.6875,57.5532,0.00,0.000000,0.000000
43.500,0.0000,150.0000,54.8750,57.5975,0.00,0.000000,0.000000
43.600,0.0000,150.0000,54.7500,57.6417,0.00,0.000000,0.000000
43.700,0.0000,150.0000,54.8750,57.6858,0.00,0.000000,0.000000
43.800,0.0000,150.0000,55.0000,57.7299,0.00,0.000000,0.000000
43.900,0.0000,150.0000,54.9375,57.7738,0.00,0.000000,0.000000
44.000,0.0000,150.0000,54.9375,57.8176,0.00,0.000000,0.000000
44.100,0.0000,150.0000,55.0625,57.8614,0.00,0.000000,0.000000
44.200,0.0000,150.0000,55.1250,57.9050,0.00,0.000000,0.000000
44.300,0.0000,150.0000,55.0625,57.9486,0.00,0.000000,0.000000
44.400,0.0000,150.0000,55.1875,57.9920,0.00,0.000000,0.000000
44.500,0.0000,150.0000,55.1875,58.0354,0.00,0.000000,0.000000
44.600,0.0000,150.0000,55.3125,58.0786,0.00,0.000000,0.000000
44.700,0.0000,150.0000,55.3750,58.1218,0.00,0.000000,0.000000
44.800,0.0000,150.0000,55.3750,58.1648,0.00,0.000000,0.000000
44.900,0.0000,150.0000,55.5000,58.2078,0.00,0.000000,0.000000
45.000,0.0000,150.0000,55.5000,58.2507,0.00,0.000000,0.000000
45.100,0.0000,150.0000,55.5000,58.2935,0.00,0.000000,0.000000
45.200,0.0000,150.0000,55.5000,58.3361,0.00,0.000000,0.000000
45.300,0.0000,150.0000,55.6875,58.3787,0.00,0.000000,0.000000
45.400,0.0000,150.0000,55.8125,58.4212,0.00,0.000000,0.000000
45.500,0.0000,150.0000,55.7500,58.4636,0.00,0.000000,0.000000
45.600,0.0000,150.0000,55.8750,58.5059,0.00,0.000000,0.000000
45.700,0.0000,150.0000,55.8750,58.5481,0.00,0.000000,0.000000
45.800,0.0000,150.0000,55.9375,58.5902,0.00,0.000000,0.000000
45.900,0.0000,150.0000,55.8750,58.6323,0.00,0.000000,0.000000
46.000,0.0000,150.0000,56.0625,58.6742,0.00,0.000000,0.000000
46.100,0.0000,150.0000,56.0625,58.7160,0.00,0.000000,0.000000
46.200,0.0000,150.0000,56.0625,58.7578,0.00,0.000000,0.000000
46.300,0.0000,150.0000,56.1250,58.7994,0.00,0.000000,0.000000
46.400,0.0000,150.0000,56.0625,58.8410,0.00,0.000000,0.000000
46.500,0.0000,150.0000,56.0625,58.8824,0.00,0.000000,0.000000
46.600,0.0000,150.0000,56.2500,58.9238,0.00,0.000000,0.000000
46.700,0.0000,150.0000,56.3125,58.9651,0.00,0.000000,0.000000
46.800,0.0000,150.0000,56.4375,59.0063,0.00,0.000000,0.000000
46.900,0.0000,150.0000,56.3750,59.0474,0.00,0.000000,0.000000
47.000,0.0000,150.0000,56.5000,59.0884,0.00,0.000000,0.000000
47.100,0.0000,150.0000,56.5000,59.1293,0.00,0.000000,0.000000
47.200,0.0000,150.0000,56.4375,59.1701,0.00,0.000000,0.000000
47.300,0.0000,150.0000,56.6875,59.2109,0.00,0.000000,0.000000
47.400,0.0000,150.0000,56.5625,59.2515,0.00,0.000000,0.000000
47.500,0.0000,150.0000,56.6250,59.2920,0.00,0.000000,0.000000
47.600,0.0000,150.0000,56.7500,59.3325,0.00,0.000000,0.000000
47.700,0.0000,150.0000,56.7500,59.3729,0.00,0.000000,0.000000
47.800,0.0000,150.0000,56.8750,59.4132,0.00,0.000000,0.000000
47.900,0.0000,150.0000,56.8750,59.4534,0.00,0.000000,0.000000
48.000,0.0000,150.0000,56.9375,59.4935,0.00,0.000000,0.000000
48.100,0.0000,150.0000,56.9375,59.5335,0.00,0.000000,0.000000
48.200,0.0000,150.0000,57.0625,59.5734,0.00,0.000000,0.000000
48.300,0.0000,150.0000,57.0000,59.6132,0.00,0.000000,0.000000
48.400,0.0000,150.0000,57.0625,59.6530,0.00,0.000000,0.000000
48.500,0.0000,150.0000,57.2500,59.6926,0.00,0.000000,0.000000
48.600,0.0000,150.0000,57.1875,59.7322,0.00,0.000000,0.000000
48.700,0.0000,150.0000,57.3125,59.7717,0.00,0.000000,0.000000
48.800,0.0000,150.0000,57.1875,59.8111,0.00,0.000000,0.000000
48.900,0.0000,150.0000,57.3750,59.8504,0.00,0.000000,0.000000
49.000,0.0000,150.0000,57.4375,59.8896,0.00,0.000000,0.000000
49.100,0.0000,150.0000,57.4375,59.9288,0.00,0.000000,0.000000
49.200,0.0000,150.0000,57.5625,59.9678,0.00,0.000000,0.000000
49.300,0.0000,150.0000,57.5625,60.0068,0.00,0.000000,0.000000
49.400,0.0000,150.0000,57.6250,60.0456,0.00,0.000000,0.000000
49.500,0.0000,150.0000,57.6250,60.0844,0.00,0.000000,0.000000
49.600,0.0000,150.0000,57.6875,60.1231,0.00,0.000000,0.000000
49.700,0.0000,150.0000,57.6875,60.1617,0.00,0.000000,0.000000
49.800,0.0000,150.0000,57.7500,60.2003,0.00,0.000000,0.000000
49.900,0.0000,150.0000,57.7500,60.2387,0.00,0.000000,0.000000
50.000,0.0000,150.0000,57.7500,60.2771,0.00,0.000000,0.000000
50.100,0.0000,150.0000,57.9375,60.3154,0.00,0.000000,0.000000
50.200,0.0000,150.0000,57.8750,60.3535,0.00,0.000000,0.000000
50.300,0.0000,150.0000,57.8750,60.3916,0.00,0.000000,0.000000
50.400,0.0000,150.0000,58.0625,60.4297,0.00,0.000000,0.000000
50.500,0.0000,150.0000,58.0625,60.4676,0.00,0.000000,0.000000
50.600,0.0000,150.0000,58.0625,60.5054,0.00,0.000000,0.000000
50.700,0.0000,150.0000,58.1875,60.5432,0.00,0.000000,0.000000
50.800,0.0000,150.0000,58.2500,60.5809,0.00,0.000000,0.000000
50.900,0.0000,150.0000,58.1875,60.6185,0.00,0.000000,0.000000
51.000,0.0000,150.0000,58.1875,60.6560,0.00,0.000000,0.000000
51.100,0.0000,150.0000,58.3125,60.6934,0.00,0.000000,0.000000
51.200,0.0000,150.0000,58.3125,60.7308,0.00,0.000000,0.000000
51.300,0.0000,150.0000,58.3750,60.7681,0.00,0.000000,0.000000
51.400,0.0000,150.0000,58.3750,60.8052,0.00,0.000000,0.000000
51.500,0.0000,150.0000,58.4375,60.8423,0.00,0.000000,0.000000
51.600,0.0000,150.0000,58.5000,60.8794,0.00,0.000000,0.000000
51.700,0.0000,150.0000,58.6250,60.9163,0.00,0.000000,0.000000
51.800,0.0000,150.0000,58.5000,60.9531,0.00,0.000000,0.000000
51.900,0.0000,150.0000,58.6250,60.9899,0.00,0.000000,0.000000
52.000,0.0000,150.0000,58.6875,61.0266,0.00,0.000000,0.000000
52.100,0.0000,150.0000,58.8125,61.0632,0.00,0.000000,0.000000
52.200,0.0000,150.0000,58.7500,61.0997,0.00,0.000000,0.000000
52.300,0.0000,150.0000,58.8125,61.1362,0.00,0.000000,0.000000
52.400,0.0000,150.0000,58.8125,61.1725,0.00,0.000000,0.000000
52.500,0.0000,150.0000,58.9375,61.2088,0.00,0.000000,0.000000
52.600,0.0000,150.0000,58.9375,61.2450,0.00,0.000000,0.000000
52.700,0.0000,150.0000,59.0625,61.2811,0.00,0.000000,0.000000
52.800,0.0000,150.0000,59.0000,61.3172,0.00,0.000000,0.000000
52.900,0.0000,150.0000,59.0000,61.3532,0.00,0.000000,0.000000
53.000,0.0000,150.0000,59.0625,61.3890,0.00,0.000000,0.000000
53.100,0.0000,150.0000,59.1250,61.4248,0.00,0.000000,0.000000
53.200,0.0000,150.0000,59.1875,61.4606,0.00,0.000000,0.000000
53.300,0.0000,150.0000,59.1875,61.4962,0.00,0.000000,0.000000
53.400,0.0000,150.0000,59.1875,61.5318,0.00,0.000000,0.000000
53.500,0.0000,150.0000,59.3125,61.5673,0.00,0.000000,0.000000
53.600,0.0000,150.0000,59.4375,61.6027,0.00,0.000000,0.000000
53.700,0.0000,150.0000,59.4375,61.6380,0.00,0.000000,0.000000
53.800,0.0000,150.0000,59.3750,61.6732,0.00,0.000000,0.000000
53.900,0.0000,150.0000,59.4375,61.7084,0.00,0.000000,0.000000
54.000,0.0000,150.0000,59.5000,61.7435,0.00,0.000000,0.000000
54.100,0.0000,150.0000,59.5000,61.7785,0.00,0.000000,0.000000
54.200,0.0000,150.0000,59.6250,61.8134,0.00,0.000000,0.000000
54.300,0.0000,150.0000,59.5625,61.8483,0.00,0.000000,0.000000
54.400,0.0000,150.0000,59.5625,61.8831,0.00,0.000000,0.000000
54.500,0.0000,150.0000,59.8125,61.9178,0.00,0.000000,0.000000
54.600,0.0000,150.0000,59.6875,61.9524,0.00,0.000000,0.000000
54.700,0.0000,150.0000,59.7500,61.9870,0.00,0.000000,0.000000
54.800,0.0000,150.0000,59.8125,62.0214,0.00,0.000000,0.000000
54.900,0.0000,150.0000,59.8750,62.0558,0.00,0.000000,0.000000
55.000,0.0000,150.0000,60.0000,62.0902,0.00,0.000000,0.000000
55.100,0.0000,150.0000,59.9375,62.1244,0.00,0.000000,0.000000
55.200,0.0000,150.0000,60.0000,62.1586,0.00,0.000000,0.000000
55.300,0.0000,150.0000,60.0000,62.1927,0.00,0.000000,0.000000
55.400,0.0000,150.0000,60.0625,62.2267,0.00,0.000000,0.000000
55.500,0.0000,150.0000,60.1250,62.2606,0.00,0.000000,0.000000
55.600,0.0000,150.0000,60.1250,62.2945,0.00,0.000000,0.000000
55.700,0.0000,150.0000,60.1250,62.3283,0.00,0.000000,0.000000
55.800,0.0000,150.0000,60.1875,62.3620,0.00,0.000000,0.000000
55.900,0.0000,150.0000,60.2500,62.3956,0.00,0.000000,0.000000
56.000,0.0000,150.0000,60.3125,62.4292,0.00,0.000000,0.000000
56.100,0.0000,150.0000,60.3125,62.4627,0.00,0.000000,0.000000
56.200,0.0000,150.0000,60.4375,62.4961,0.00,0.000000,0.000000
56.300,0.0000,150.0000,60.3125,62.5294,0.00,0.000000,0.000000
56.400,0.0000,150.0000,60.4375,62.5627,0.00,0.000000,0.000000
56.500,0.0000,150.0000,60.5000,62.5959,0.00,0.000000,0.000000
56.600,0.0000,150.0000,60.5625,62.6290,0.00,0.000000,0.000000
56.700,0.0000,150.0000,60.5625,62.6621,0.00,0.000000,0.000000
56.800,0.0000,150.0000,60.5625,62.6950,0.00,0.000000,0.000000
56.900,0.0000,150.0000,60.6875,62.7279,0.00,0.000000,0.000000
57.000,0.0000,150.0000,60.6875,62.7608,0.00,0.000000,0.000000
57.100,0.0000,150.0000,60.6250,62.7935,0.00,0.000000,0.000000
57.200,0.0000,150.0000,60.6875,62.8262,0.00,0.000000,0.000000
57.300,0.0000,150.0000,60.7500,62.8588,0.00,0.000000,0.000000
57.400,0.0000,150.0000,60.8125,62.8914,0.00,0.000000,0.000000
57.500,0.0000,150.0000,60.7500,62.9238,0.00,0.000000,0.000000
57.600,0.0000,150.0000,60.8750,62.9562,0.00,0.000000,0.000000
57.700,0.0000,150.0000,60.8125,62.9885,0.00,0.000000,0.000000
57.800,0.0000,150.0000,61.0000,63.0208,0.00,0.000000,0.000000
57.900,0.0000,150.0000,60.9375,63.0530,0.00,0.000000,0.000000
58.000,0.0000,150.0000,61.0000,63.0851,0.00,0.000000,0.000000
58.100,0.0000,150.0000,61.0625,63.1171,0.00,0.000000,0.000000
58.200,0.0000,150.0000,61.0625,63.1491,0.00,0.000000,0.000000
58.300,0.0000,150.0000,61.1250,63.1809,0.00,0.000000,0.000000
58.400,0.0000,150.0000,61.1875,63.2128,0.00,0.000000,0.000000
58.500,0.0000,150.0000,61.1875,63.2445,0.00,0.000000,0.000000
58.600,0.0000,150.0000,61.1875,63.2762,0.00,0.000000,0.000000
58.700,0.0000,150.0000,61.3125,63.3078,0.00,0.000000,0.000000
58.800,0.0000,150.0000,61.3125,63.3393,0.00,0.000000,0.000000
58.900,0.0000,150.0000,61.3125,63.3708,0.00,0.000000,0.000000
59.000,0.0000,150.0000,61.3125,63.4022,0.00,0.000000,0.000000
59.100,0.0000,150.0000,61.4375,63.4335,0.00,0.000000,0.000000
59.200,0.0000,150.0000,61.4375,63.4648,0.00,0.000000,0.000000
59.300,0.0000,150.0000,61.4375,63.4960,0.00,0.000000,0.000000
59.400,0.0000,150.0000,61.6250,63.5271,0.00,0.000000,0.000000
59.500,0.0000,150.0000,61.5625,63.5582,0.00,0.000000,0.000000
59.600,0.0000,150.0000,61.6250,63.5891,0.00,0.000000,0.000000
59.700,0.0000,150.0000,61.5625,63.6200,0.00,0.000000,0.000000
59.800,0.0000,150.0000,61.6875,63.6509,0.00,0.000000,0.000000
59.900,0.0000,150.0000,61.6875,63.6817,0.00,0.000000,0.000000
60.000,0.0000,150.0000,61.7500,63.7124,0.00,0.000000,0.000000
60.100,0.0000,150.0000,61.6875,63.7430,0.00,0.000000,0.000000
60.200,0.0000,150.0000,61.7500,63.7736,0.00,0.000000,0.000000
60.300,0.0000,150.0000,62.0000,63.8041,0.00,0.000000,0.000000
60.400,0.0000,150.0000,61.9375,63.8345,0.00,0.000000,0.000000
60.500,0.0000,150.0000,61.9375,63.8649,0.00,0.000000,0.000000
60.600,0.0000,150.0000,61.9375,63.8952,0.00,0.000000,0.000000
60.700,0.0000,150.0000,62.0000,63.9254,0.00,0.000000,0.000000
60.800,0.0000,150.0000,62.0000,63.9556,0.00,0.000000,0.000000
60.900,0.0000,150.0000,62.0000,63.9857,0.00,0.000000,0.000000
61.000,0.0000,150.0000,62.1250,64.0157,0.00,0.000000,0.000000
61.100,0.0000,150.0000,62.0625,64.0457,0.00,0.000000,0.000000
61.200,0.0000,150.0000,62.1875,64.0756,0.00,0.000000,0.000000
61.300,0.0000,150.0000,62.1875,64.1054,0.00,0.000000,0.000000
61.400,0.0000,150.0000,62.2500,64.1352,0.00,0.000000,0.000000
61.500,0.0000,150.0000,62.3125,64.1649,0.00,0.000000,0.000000
61.600,0.0000,150.0000,62.2500,64.1945,0.00,0.000000,0.000000
61.700,0.0000,150.0000,62.2500,64.2241,0.00,0.000000,0.000000
61.800,0.0000,150.0000,62.5000,64.2536,0.00,0.000000,0.000000
61.900,0.0000,150.0000,62.3125,64.2830,0.00,0.000000,0.000000
62.000,0.0000,150.0000,62.3750,64.3124,0.00,0.000000,0.000000
62.100,0.0000,150.0000,62.5000,64.3417,0.00,0.000000,0.000000
62.200,0.0000,150.0000,62.4375,64.3709,0.00,0.000000,0.000000
62.300,0.0000,150.0000,62.5625,64.4001,0.00,0.000000,0.000000
62.400,0.0000,150.0000,62.5625,64.4292,0.00,0.000000,0.000000
62.500,0.0000,150.0000,62.5625,64.4583,0.00,0.000000,0.000000
62.600,0.0000,150.0000,62.5625,64.4873,0.00,0.000000,0.000000
62.700,0.0000,150.0000,62.6875,64.5162,0.00,0.000000,0.000000
62.800,0.0000,150.0000,62.7500,64.5450,0.00,0.000000,0.000000
62.900,0.0000,150.0000,62.7500,64.5738,0.00,0.000000,0.000000
63.000,0.0000,150.0000,62.7500,64.6025,0.00,0.000000,0.000000
63.100,0.0000,150.0000,62.7500,64.6312,0.00,0.000000,0.000000
63.200,0.0000,150.0000,62.8750,64.6598,0.00,0.000000,0.000000
63.300,0.0000,150.0000,62.8125,64.6883,0.00,0.000000,0.000000
63.400,0.0000,150.0000,62.9375,64.7168,0.00,0.000000,0.000000
63.500,0.0000,150.0000,62.9375,64.7452,0.00,0.000000,0.000000
63.600,0.0000,150.0000,62.9375,64.7736,0.00,0.000000,0.000000
63.700,0.0000,150.0000,63.0625,64.8018,0.00,0.000000,0.000000
63.800,0.0000,150.0000,63.0000,64.8300,0.00,0.000000,0.000000
63.900,0.0000,150.0000,63.1250,64.8582,0.00,0.000000,0.000000
64.000,0.0000,150.0000,63.0000,64.8863,0.00,0.000000,0.000000
64.100,0.0000,150.0000,63.1250,64.9143,0.00,0.000000,0.000000
64.200,0.0000,150.0000,63.1875,64.9423,0.00,0.000000,0.000000
64.300,0.0000,150.0000,63.1875,64.9702,0.00,0.000000,0.000000
64.400,0.0000,150.0000,63.1875,64.9980,0.00,0.000000,0.000000
64.500,0.0000,150.0000,63.2500,65.0258,0.00,0.000000,0.000000
64.600,0.0000,150.0000,63.3750,65.0535,0.00,0.000000,0.000000
64.700,0.0000,150.0000,63.1875,65.0812,0.00,0.000000,0.000000
64.800,0.0000,150.0000,63.3750,65.1088,0.00,0.000000,0.000000
64.900,0.0000,150.0000,63.3750,65.1363,0.00,0.000000,0.000000
65.000,0.0000,150.0000,63.3750,65.1638,0.00,0.000000,0.000000
65.100,0.0000,150.0000,63.4375,65.1912,0.00,0.000000,0.000000
65.200,0.0000,150.0000,63.4375,65.2186,0.00,0.000000,0.000000
65.300,0.0000,150.0000,63.3750,65.2459,0.00,0.000000,0.000000
65.400,0.0000,150.0000,63.4375,65.2731,0.00,0.000000,0.000000
65.500,0.0000,150.0000,63.5000,65.3003,0.00,0.000000,0.000000
65.600,0.0000,150.0000,63.5625,65.3274,0.00,0.000000,0.000000
65.700,0.0000,150.0000,63.6250,65.3544,0.00,0.000000,0.000000
65.800,0.0000,150.0000,63.6250,65.3814,0.00,0.000000,0.000000
65.900,0.0000,150.0000,63.6875,65.4084,0.00,0.000000,0.000000
66.000,0.0000,150.0000,63.7500,65.4352,0.00,0.000000,0.000000
66.100,0.0000,150.0000,63.7500,65.4620,0.00,0.000000,0.000000
66.200,0.0000,150.0000,63.8125,65.4888,0.00,0.000000,0.000000
66.300,0.0000,150.0000,63.8750,65.5155,0.00,0.000000,0.000000
66.400,0.0000,150.0000,63.8750,65.5421,0.00,0.000000,0.000000
66.500,0.0000,150.0000,63.9375,65.5687,0.00,0.000000,0.000000
66.600,0.0000,150.0000,63.8750,65.5952,0.00,0.000000,0.000000
66.700,0.0000,150.0000,63.9375,65.6217,0.00,0.000000,0.000000
66.800,0.0000,150.0000,64.0000,65.6481,0.00,0.000000,0.000000
66.900,0.0000,150.0000,63.9375,65.6744,0.00,0.000000,0.000000
67.000,0.0000,150.0000,64.0625,65.7007,0.00,0.000000,0.000000
67.100,0.0000,150.0000,64.0000,65.7269,0.00,0.000000,0.000000
67.200,0.0000,150.0000,64.1250,65.7531,0.00,0.000000,0.000000
67.300,0.0000,150.0000,64.1250,65.7792,0.00,0.000000,0.000000
67.400,0.0000,150.0000,64.0625,65.8052,0.00,0.000000,0.000000
67.500,0.0000,150.0000,64.1875,65.8312,0.00,0.000000,0.000000
67.600,0.0000,150.0000,64.1875,65.8571,0.00,0.000000,0.000000
67.700,0.0000,150.0000,64.0625,65.8830,0.00,0.000000,0.000000
67.800,0.0000,150.0000,64.3125,65.9088,0.00,0.000000,0.000000
67.900,0.0000,150.0000,64.3125,65.9346,0.00,0.000000,0.000000
68.000,0.0000,150.0000,64.2500,65.9603,0.00,0.000000,0.000000
68.100,0.0000,150.0000,64.3125,65.9859,0.00,0.000000,0.000000
68.200,0.0000,150.0000,64.4375,66.0115,0.00,0.000000,0.000000
68.300,0.0000,150.0000,64.4375,66.0370,0.00,0.000000,0.000000
68.400,0.0000,150.0000,64.3750,66.0625,0.00,0.000000,0.000000
68.500,0.0000,150.0000,64.4375,66.0879,0.00,0.000000,0.000000
68.600,0.0000,150.0000,64.4375,66.1133,0.00,0.000000,0.000000
68.700,0.0000,150.0000,64.5000,66.1386,0.00,0.000000,0.000000
68.800,0.0000,150.0000,64.6250,66.1638,0.00,0.000000,0.000000
68.900,0.0000,150.0000,64.5625,66.1890,0.00,0.000000,0.000000
69.000,0.0000,150.0000,64.5625,66.2142,0.00,0.000000,0.000000
69.100,0.0000,150.0000,64.6250,66.2392,0.00,0.000000,0.000000
69.200,0.0000,150.0000,64.6875,66.2643,0.00,0.000000,0.000000
69.300,0.0000,150.0000,64.6250,66.2892,0.00,0.000000,0.000000
69.400,0.0000,150.0000,64.7500,66.3141,0.00,0.000000,0.000000
69.500,0.0000,150.0000,64.7500,66.3390,0.00,0.000000,0.000000
69.600,0.0000,150.0000,64.8125,66.3638,0.00,0.000000,0.000000
69.700,0.0000,150.0000,64.8125,66.3886,0.00,0.000000,0.000000
69.800,0.0000,150.0000,64.8125,66.4132,0.00,0.000000,0.000000
69.900,0.0000,150.0000,64.8750,66.4379,0.00,0.000000,0.000000
70.000,0.0000,150.0000,64.8125,66.4625,0.00,0.000000,0.000000
70.100,0.0000,150.0000,64.8750,66.4870,0.00,0.000000,0.000000
70.200,0.0000,150.0000,64.9375,66.5115,0.00,0.000000,0.000000
70.300,0.0000,150.0000,64.9375,66.5359,0.00,0.000000,0.000000
70.400,0.0000,150.0000,65.0000,66.5602,0.00,0.000000,0.000000
70.500,0.0000,150.0000,65.0000,66.5846,0.00,0.000000,0.000000
70.600,0.0000,150.0000,65.0000,66.6088,0.00,0.000000,0.000000
70.700,0.0000,150.0000,65.0000,66.6330,0.00,0.000000,0.000000
70.800,0.0000,150.0000,65.1875,66.6572,0.00,0.000000,0.000000
70.900,0.0000,150.0000,65.1875,66.6813,0.00,0.000000,0.000000
71.000,0.9180,150.0000,65.0625,66.7053,0.00,0.000000,0.020413
71.100,0.9180,150.0000,65.1250,66.7293,0.00,0.000000,0.020413
71.200,0.9180,150.0000,65.1875,66.7532,0.00,0.000000,0.020413
71.300,0.9180,150.0000,65.2500,66.7771,0.00,0.000000,0.020413
71.400,0.9180,150.0000,65.1875,66.8009,0.00,0.000000,0.020413
71.500,0.9180,150.0000,65.3750,66.8247,0.00,0.000000,0.020413
71.600,0.9180,150.0000,65.2500,66.8484,0.00,0.000000,0.020413
71.700,0.9180,150.0000,65.2500,66.8721,0.00,0.000000,0.020413
71.800,0.9180,150.0000,65.4375,66.8957,0.00,0.000000,0.020413
71.900,0.9180,150.0000,65.4375,66.9193,0.00,0.000000,0.020413
72.000,2.1624,150.0000,65.3125,66.9428,0.00,0.000000,0.068042
72.100,2.1624,150.0000,65.4375,66.9663,0.00,0.000000,0.068042
72.200,2.1624,150.0000,65.5000,66.9897,0.00,0.000000,0.068042
72.300,2.1624,150.0000,65.5625,67.0130,0.00,0.000000,0.068042
72.400,2.1624,150.0000,65.5625,67.0363,0.00,0.000000,0.068042
72.500,2.1624,150.0000,65.5625,67.0596,0.00,0.000000,0.068042
72.600,2.1624,150.0000,65.6250,67.0828,0.00,0.000000,0.068042
72.700,2.1624,150.0000,65.5625,67.1059,0.00,0.000000,0.068042
72.800,2.1624,150.0000,65.5625,67.1290,0.00,0.000000,0.068042
72.900,2.1624,150.0000,65.6875,67.1521,0.00,0.000000,0.068042
73.000,3.4340,150.0000,65.6875,67.1751,0.00,0.000000,0.142889
73.100,3.4340,150.0000,65.6250,67.1980,0.00,0.000000,0.142889
73.200,3.4340,150.0000,65.6875,67.2209,0.00,0.000000,0.142889
73.300,3.4340,150.0000,65.8125,67.2438,0.00,0.000000,0.142889
73.400,3.4340,150.0000,65.8750,67.2665,0.00,0.000000,0.142889
73.500,3.4340,150.0000,65.8125,67.2893,0.00,0.000000,0.142889
73.600,3.4340,150.0000,65.8750,67.3120,0.00,0.000000,0.142889
73.700,3.4340,150.0000,65.8750,67.3346,0.00,0.000000,0.142889
73.800,3.4340,150.0000,65.8750,67.3572,0.00,0.000000,0.142889
73.900,3.4340,150.0000,65.9375,67.3797,0.00,0.000000,0.142889
74.000,4.7329,150.0000,65.9375,67.4022,0.00,0.000000,0.244952
74.100,4.7329,150.0000,66.0625,67.4247,0.00,0.000000,0.244952
74.200,4.7329,150.0000,66.0000,67.4471,0.00,0.000000,0.244952
74.300,4.7329,150.0000,66.0000,67.4694,0.00,0.000000,0.244952
74.400,4.7329,150.0000,66.0625,67.4917,0.00,0.000000,0.244952
74.500,4.7329,150.0000,66.0000,67.5139,0.00,0.000000,0.244952
74.600,4.7329,150.0000,66.1250,67.5361,0.00,0.000000,0.244952
74.700,4.7329,150.0000,66.2500,67.5583,0.00,0.000000,0.244952
74.800,4.7329,150.0000,66.1875,67.5804,0.00,0.000000,0.244952
74.900,4.7329,150.0000,66.1250,67.6024,0.00,0.000000,0.244952
75.000,5.7529,150.0000,66.2500,67.6244,0.00,0.000000,0.367428
75.100,5.7529,150.0000,66.2500,67.6463,0.00,0.000000,0.367428
75.200,5.7529,150.0000,66.2500,67.6682,0.00,0.000000,0.367428
75.300,5.7529,150.0000,66.3125,67.6901,0.00,0.000000,0.367428
75.400,5.7529,150.0000,66.2500,67.7119,0.00,0.000000,0.367428
75.500,5.7529,150.0000,66.3125,67.7336,0.00,0.000000,0.367428
75.600,5.7529,150.0000,66.4375,67.7553,0.00,0.000000,0.367428
75.700,5.7529,150.0000,66.4375,67.7770,0.00,0.000000,0.367428
75.800,5.7529,150.0000,66.3750,67.7986,0.00,0.000000,0.367428
75.900,5.7529,150.0000,66.4375,67.8202,0.00,0.000000,0.367428
76.000,7.4054,150.0000,66.5000,67.8417,0.00,0.000000,0.523925
76.100,7.4054,150.0000,66.5000,67.8631,0.00,0.000000,0.523925
76.200,7.4054,150.0000,66.5625,67.8846,0.00,0.000000,0.523925
76.300,7.4054,150.0000,66.5000,67.9059,0.00,0.000000,0.523925
76.400,7.4054,150.0000,66.5625,67.9272,0.00,0.000000,0.523925
76.500,7.4054,150.0000,66.5625,67.9485,0.00,0.000000,0.523925
76.600,7.4054,150.0000,66.6875,67.9697,0.00,0.000000,0.523925
76.700,7.4054,150.0000,66.6875,67.9909,0.00,0.000000,0.523925
76.800,7.4054,150.0000,66.6250,68.0120,0.00,0.000000,0.523925
76.900,7.4054,150.0000,66.7500,68.0331,0.00,0.000000,0.523925
77.000,9.0919,150.0000,66.6875,68.0542,0.00,0.000000,0.714443
77.100,9.0919,150.0000,66.7500,68.0752,0.00,0.000000,0.714443
77.200,9.0919,150.0000,66.8125,68.0961,0.00,0.000000,0.714443
77.300,9.0919,150.0000,66.8125,68.1170,0.00,0.000000,0.714443
77.400,9.0919,150.0000,66.8125,68.1379,0.00,0.000000,0.714443
77.500,9.0919,150.0000,66.8750,68.1587,0.00,0.000000,0.714443
77.600,9.0919,150.0000,66.8750,68.1794,0.00,0.000000,0.714443
77.700,9.0919,150.0000,66.8750,68.2001,0.00,0.000000,0.714443
77.800,9.0919,150.0000,66.8750,68.2208,0.00,0.000000,0.714443
77.900,9.0919,150.0000,66.9375,68.2414,0.00,0.000000,0.714443
78.000,10.2004,150.0000,67.0000,68.2620,0.00,0.000000,0.925374
78.100,10.2004,150.0000,66.8125,68.2825,0.00,0.000000,0.925374
78.200,10.2004,150.0000,67.0000,68.3030,0.00,0.000000,0.925374
78.300,10.2004,150.0000,67.0000,68.3234,0.00,0.000000,0.925374
78.400,10.2004,150.0000,67.0625,68.3438,0.00,0.000000,0.925374
78.500,10.2004,150.0000,66.9375,68.3642,0.00,0.000000,0.925374
78.600,10.2004,150.0000,67.1250,68.3845,0.00,0.000000,0.925374
78.700,10.2004,150.0000,67.1250,68.4047,0.00,0.000000,0.925374
78.800,10.2004,150.0000,67.0625,68.4250,0.00,0.000000,0.925374
78.900,10.2004,150.0000,67.1875,68.4451,0.00,0.000000,0.925374
79.000,11.6354,150.0000,67.1250,68.4652,0.00,0.000000,1.163522
79.100,11.6354,150.0000,67.1250,68.4853,0.00,0.000000,1.163522
79.200,11.6354,150.0000,67.2500,68.5053,0.00,0.000000,1.163522
79.300,11.6354,150.0000,67.2500,68.5253,0.00,0.000000,1.163522
79.400,11.6354,150.0000,67.3125,68.5453,0.00,0.000000,1.163522
79.500,11.6354,150.0000,67.3125,68.5652,0.00,0.000000,1.163522
79.600,11.6354,150.0000,67.3125,68.5850,0.00,0.000000,1.163522
79.700,11.6354,150.0000,67.3750,68.6048,0.00,0.000000,1.163522
79.800,11.6354,150.0000,67.3750,68.6246,0.00,0.000000,1.163522
79.900,11.6354,150.0000,67.3125,68.6443,0.00,0.000000,1.163522
80.000,12.4855,150.0000,67.4375,68.6624,124.85,0.000001,1.415278
80.100,12.4855,150.0000,67.5000,68.6792,241.39,0.000004,1.415278
80.200,12.4855,150.0000,67.4375,68.6950,350.15,0.000013,1.415278
80.300,12.4855,150.0000,67.5000,68.7099,451.66,0.000027,1.415278
80.400,12.4855,150.0000,67.3750,68.7240,546.40,0.000048,1.415278
80.500,12.4855,150.0000,67.5000,68.7374,634.83,0.000076,1.415278
80.600,12.4855,150.0000,67.5625,68.7501,717.37,0.000109,1.415278
80.700,12.4855,150.0000,67.6250,68.7623,794.40,0.000149,1.415278
80.800,12.4855,150.0000,67.6250,68.7739,866.29,0.000193,1.415278
80.900,12.4855,150.0000,67.6875,68.7849,933.39,0.000241,1.415278
81.000,14.5733,150.0000,67.6875,68.7954,1016.90,0.000312,1.707859
81.100,14.5733,150.0000,67.6875,68.8053,1094.84,0.000389,1.707859
81.200,14.5733,150.0000,67.6875,68.8147,1167.58,0.000472,1.707859
81.300,14.5733,150.0000,67.6875,68.8236,1235.48,0.000559,1.707859
81.400,14.5733,150.0000,67.7500,68.8320,1298.84,0.000649,1.707859
81.500,14.5733,150.0000,67.6875,68.8401,1357.99,0.000742,1.707859
81.600,14.5733,150.0000,67.6875,68.8477,1413.19,0.000836,1.707859
81.700,14.5733,150.0000,67.7500,68.8550,1464.71,0.000931,1.707859
81.800,14.5733,150.0000,67.8750,68.8620,1512.79,0.001026,1.707859
81.900,14.5733,150.0000,67.7500,68.8687,1557.67,0.001120,1.707859
82.000,15.1718,150.0000,67.8125,68.8750,1605.55,0.001226,2.007245
82.100,15.1718,150.0000,67.8750,68.8811,1650.23,0.001332,2.007245
82.200,15.1718,150.0000,67.8750,68.8869,1691.93,0.001435,2.007245
82.300,15.1718,150.0000,67.8750,68.8924,1730.85,0.001536,2.007245
82.400,15.1718,150.0000,67.8750,68.8977,1767.18,0.001635,2.007245
82.500,15.1718,150.0000,67.9375,68.9027,1801.09,0.001731,2.007245
82.600,15.1718,150.0000,67.9375,68.9075,1832.73,0.001824,2.007245
82.700,15.1718,150.0000,68.0625,68.9122,1862.27,0.001914,2.007245
82.800,15.1718,150.0000,68.0625,68.9167,1889.84,0.002000,2.007245
82.900,15.1718,150.0000,67.9375,68.9210,1915.57,0.002083,2.007245
83.000,16.3892,150.0000,68.1250,68.9250,1951.75,0.002203,2.327043
83.100,16.3892,150.0000,68.1250,68.9289,1985.53,0.002319,2.327043
83.200,16.3892,150.0000,68.0625,68.9325,2017.05,0.002432,2.327043
83.300,16.3892,150.0000,68.1875,68.9360,2046.47,0.002539,2.327043
83.400,16.3892,150.0000,68.1875,68.9393,2073.93,0.002643,2.327043
83.500,16.3892,150.0000,68.1250,68.9424,2099.56,0.002742,2.327043
83.600,16.3892,150.0000,68.1875,68.9454,2123.49,0.002837,2.327043
83.700,16.3892,150.0000,68.1875,68.9482,2145.81,0.002928,2.327043
83.800,16.3892,150.0000,68.1250,68.9509,2166.65,0.003014,2.327043
83.900,16.3892,150.0000,68.3125,68.9535,2186.10,0.003096,2.327043
84.000,18.5450,150.0000,68.3125,68.9558,2225.81,0.003267,2.687667
84.100,18.5450,150.0000,68.3750,68.9579,2262.87,0.003433,2.687667
84.200,18.5450,150.0000,68.3125,68.9598,2297.46,0.003593,2.687667
84.300,18.5450,150.0000,68.2500,68.9615,2329.75,0.003747,2.687667
84.400,18.5450,150.0000,68.2500,68.9630,2359.88,0.003894,2.687667
84.500,18.5450,150.0000,68.3750,68.9643,2388.01,0.004035,2.687667
84.600,18.5450,150.0000,68.4375,68.9655,2414.26,0.004169,2.687667
84.700,18.5450,150.0000,68.4375,68.9666,2438.76,0.004298,2.687667
84.800,18.5450,150.0000,68.3125,68.9675,2461.62,0.004420,2.687667
84.900,18.5450,150.0000,68.3125,68.9683,2482.97,0.004536,2.687667
85.000,18.9056,150.0000,68.4375,68.9689,2506.49,0.004666,3.048290
85.100,18.9056,150.0000,68.3750,68.9694,2528.45,0.004789,3.048290
85.200,18.9056,150.0000,68.4375,68.9698,2548.94,0.004907,3.048290
85.300,18.9056,150.0000,68.5000,68.9701,2568.07,0.005018,3.048290
85.400,18.9056,150.0000,68.5000,68.9702,2585.92,0.005124,3.048290
85.500,18.9056,150.0000,68.4375,68.9703,2602.58,0.005223,3.048290
85.600,18.9056,150.0000,68.5625,68.9703,2618.13,0.005317,3.048290
85.700,18.9056,150.0000,68.5000,68.9702,2632.65,0.005406,3.048290
85.800,18.9056,150.0000,68.6250,68.9700,2646.19,0.005490,3.048290
85.900,18.9056,150.0000,68.6250,68.9697,2658.84,0.005569,3.048290
86.000,20.7963,150.0000,68.5000,68.9693,2689.54,0.005765,3.442935
86.100,20.7963,150.0000,68.5625,68.9687,2718.20,0.005951,3.442935
86.200,20.7963,150.0000,68.5000,68.9680,2744.95,0.006128,3.442935
86.300,20.7963,150.0000,68.6250,68.9671,2769.92,0.006297,3.442935
86.400,20.7963,150.0000,68.6250,68.9661,2793.22,0.006457,3.442935
86.500,20.7963,150.0000,68.6250,68.9649,2814.97,0.006609,3.442935
86.600,20.7963,150.0000,68.6250,68.9637,2835.26,0.006753,3.442935
86.700,20.7963,150.0000,68.6875,68.9623,2854.21,0.006889,3.442935
86.800,20.7963,150.0000,68.6250,68.9609,2871.89,0.007018,3.442935
86.900,20.7963,150.0000,68.6250,68.9593,2888.39,0.007140,3.442935
87.000,21.1909,150.0000,68.6875,68.9577,2907.74,0.007284,3.837580
87.100,21.1909,150.0000,68.7500,68.9559,2925.80,0.007421,3.837580
87.200,21.1909,150.0000,68.6875,68.9541,2942.66,0.007550,3.837580
87.300,21.1909,150.0000,68.6875,68.9521,2958.39,0.007672,3.837580
87.400,21.1909,150.0000,68.8125,68.9501,2973.07,0.007787,3.837580
87.500,21.1909,150.0000,68.6875,68.9480,2986.78,0.007895,3.837580
87.600,21.1909,150.0000,68.6250,68.9459,2999.57,0.007997,3.837580
87.700,21.1909,150.0000,68.7500,68.9437,3011.51,0.008092,3.837580
87.800,21.1909,150.0000,68.6875,68.9414,3022.65,0.008183,3.837580
87.900,21.1909,150.0000,68.7500,68.9391,3033.05,0.008267,3.837580
88.000,22.1975,150.0000,68.8750,68.9367,3052.82,0.008430,4.245833
88.100,22.1975,150.0000,68.7500,68.9341,3071.27,0.008584,4.245833
88.200,22.1975,150.0000,68.8125,68.9315,3088.50,0.008729,4.245833
88.300,22.1975,150.0000,68.7500,68.9288,3104.57,0.008866,4.245833
88.400,22.1975,150.0000,68.8125,68.9260,3119.58,0.008995,4.245833
88.500,22.1975,150.0000,68.8125,68.9232,3133.58,0.009117,4.245833
88.600,22.1975,150.0000,68.8750,68.9203,3146.65,0.009231,4.245833
88.700,22.1975,150.0000,68.8125,68.9173,3158.85,0.009339,4.245833
88.800,22.1975,150.0000,68.9375,68.9142,3170.23,0.009441,4.245833
88.900,22.1975,150.0000,68.8125,68.9111,3180.86,0.009536,4.245833
89.000,22.9118,150.0000,68.8125,68.9080,3197.92,0.009690,4.660890
89.100,22.9118,150.0000,68.7500,68.9047,3213.84,0.009836,4.660890
89.200,22.9118,150.0000,68.8125,68.9014,3228.71,0.009973,4.660890
89.300,22.9118,150.0000,68.8125,68.8980,3242.58,0.010102,4.660890
89.400,22.9118,150.0000,68.8125,68.8945,3255.52,0.010223,4.660890
89.500,22.9118,150.0000,68.8750,68.8910,3267.61,0.010337,4.660890
89.600,22.9118,150.0000,68.8750,68.8874,3278.88,0.010445,4.660890
89.700,22.9118,150.0000,68.9375,68.8837,3289.41,0.010546,4.660890
89.800,22.9118,150.0000,68.8125,68.8801,3299.23,0.010641,4.660890
89.900,22.9118,150.0000,68.8125,68.8763,3308.40,0.010730,4.660890
90.000,23.3269,150.0000,68.8750,68.8726,3321.11,0.010854,5.075948
90.100,23.3269,150.0000,68.7500,68.8687,3332.97,0.010970,5.075948
90.200,23.3269,150.0000,68.8750,68.8648,3344.04,0.011080,5.075948
90.300,23.3269,150.0000,68.7500,68.8609,3354.37,0.011183,5.075948
90.400,23.3269,150.0000,68.8750,68.8569,3364.02,0.011280,5.075948
90.500,23.3269,150.0000,68.8750,68.8529,3373.02,0.011371,5.075948
90.600,23.3269,150.0000,68.8125,68.8488,3381.42,0.011456,5.075948
90.700,23.3269,150.0000,68.8750,68.8447,3389.26,0.011536,5.075948
90.800,23.3269,150.0000,68.9375,68.8406,3396.58,0.011611,5.075948
90.900,23.3269,150.0000,68.9375,68.8364,3403.41,0.011681,5.075948
91.000,24.3539,150.0000,68.9375,68.8322,3420.05,0.011853,5.504614
91.100,24.3539,150.0000,68.8750,68.8278,3435.59,0.012015,5.504614
91.200,24.3539,150.0000,68.9375,68.8235,3450.09,0.012168,5.504614
91.300,24.3539,150.0000,68.8750,68.8190,3463.62,0.012312,5.504614
91.400,24.3539,150.0000,68.8750,68.8145,3476.25,0.012447,5.504614
91.500,24.3539,150.0000,68.8750,68.8099,3488.04,0.012574,5.504614
91.600,24.3539,150.0000,68.8750,68.8053,3499.04,0.012693,5.504614
91.700,24.3539,150.0000,68.9375,68.8006,3509.31,0.012805,5.504614
91.800,24.3539,150.0000,68.8750,68.7959,3518.90,0.012911,5.504614
91.900,24.3539,150.0000,68.9375,68.7912,3527.84,0.013009,5.504614
92.000,24.7826,150.0000,68.9375,68.7864,3540.48,0.013150,5.933279
92.100,24.7826,150.0000,68.9375,68.7815,3552.27,0.013281,5.933279
92.200,24.7826,150.0000,68.8750,68.7766,3563.28,0.013405,5.933279
92.300,24.7826,150.0000,68.8750,68.7717,3573.56,0.013522,5.933279
92.400,24.7826,150.0000,68.8750,68.7667,3583.14,0.013631,5.933279
92.500,24.7826,150.0000,68.8750,68.7617,3592.09,0.013733,5.933279
92.600,24.7826,150.0000,68.8750,68.7566,3600.45,0.013829,5.933279
92.700,24.7826,150.0000,68.9375,68.7515,3608.24,0.013919,5.933279
92.800,24.7826,150.0000,68.9375,68.7464,3615.52,0.014004,5.933279
92.900,24.7826,150.0000,68.9375,68.7413,3622.31,0.014083,5.933279
93.000,25.2112,150.0000,68.9375,68.7361,3632.93,0.014207,6.361945
93.100,25.2112,150.0000,68.9375,68.7308,3642.85,0.014324,6.361945
93.200,25.2112,150.0000,68.8750,68.7256,3652.11,0.014433,6.361945
93.300,25.2112,150.0000,68.8750,68.7202,3660.75,0.014536,6.361945
93.400,25.2112,150.0000,68.9375,68.7149,3668.81,0.014632,6.361945
93.500,25.2112,150.0000,68.8750,68.7095,3676.33,0.014722,6.361945
93.600,25.2112,150.0000,68.8750,68.7041,3683.36,0.014807,6.361945
93.700,25.2112,150.0000,68.9375,68.6987,3689.91,0.014886,6.361945
93.800,25.2112,150.0000,68.9375,68.6933,3696.03,0.014960,6.361945
93.900,25.2112,150.0000,68.8750,68.6878,3701.74,0.015029,6.361945
94.000,25.3339,150.0000,68.8125,68.6823,3708.30,0.015109,6.783807
94.100,25.3339,150.0000,68.8750,68.6768,3714.42,0.015184,6.783807
94.200,25.3339,150.0000,68.8125,68.6713,3720.13,0.015255,6.783807
94.300,25.3339,150.0000,68.9375,68.6658,3725.46,0.015320,6.783807
94.400,25.3339,150.0000,68.8750,68.6602,3730.43,0.015382,6.783807
94.500,25.3339,150.0000,68.8125,68.6547,3735.08,0.015439,6.783807
94.600,25.3339,150.0000,68.9375,68.6491,3739.41,0.015493,6.783807
94.700,25.3339,150.0000,68.9375,68.6435,3743.46,0.015543,6.783807
94.800,25.3339,150.0000,68.8750,68.6379,3747.23,0.015590,6.783807
94.900,25.3339,150.0000,68.8750,68.6323,3750.75,0.015634,6.783807
95.000,25.7558,150.0000,68.8750,68.6267,3758.26,0.015729,7.205668
95.100,25.7558,150.0000,68.8125,68.6210,3765.27,0.015817,7.205668
95.200,25.7558,150.0000,68.8750,68.6153,3771.81,0.015899,7.205668
95.300,25.7558,150.0000,68.8125,68.6096,3777.91,0.015977,7.205668
95.400,25.7558,150.0000,68.8125,68.6039,3783.61,0.016049,7.205668
95.500,25.7558,150.0000,68.7500,68.5982,3788.93,0.016117,7.205668
95.600,25.7558,150.0000,68.8125,68.5924,3793.89,0.016180,7.205668
95.700,25.7558,150.0000,68.8750,68.5867,3798.52,0.016239,7.205668
95.800,25.7558,150.0000,68.8125,68.5809,3802.84,0.016295,7.205668
95.900,25.7558,150.0000,68.8750,68.5751,3806.88,0.016347,7.205668
96.000,26.1776,150.0000,68.7500,68.5693,3814.86,0.016450,7.627530
96.100,26.1776,150.0000,68.8125,68.5635,3822.31,0.016546,7.627530
96.200,26.1776,150.0000,68.8125,68.5576,3829.27,0.016637,7.627530
96.300,26.1776,150.0000,68.8125,68.5518,3835.76,0.016722,7.627530
96.400,26.1776,150.0000,68.7500,68.5459,3841.82,0.016801,7.627530
96.500,26.1776,150.0000,68.8125,68.5399,3847.48,0.016875,7.627530
96.600,26.1776,150.0000,68.7500,68.5340,3852.75,0.016945,7.627530
96.700,26.1776,150.0000,68.8125,68.5281,3857.68,0.017010,7.627530
96.800,26.1776,150.0000,68.8125,68.5221,3862.28,0.017071,7.627530
96.900,26.1776,150.0000,68.7500,68.5161,3866.57,0.017128,7.627530
97.000,25.9875,150.0000,68.7500,68.5102,3868.67,0.017156,8.035783
97.100,25.9875,150.0000,68.8125,68.5042,3870.64,0.017182,8.035783
97.200,25.9875,150.0000,68.8125,68.4983,3872.47,0.017206,8.035783
97.300,25.9875,150.0000,68.7500,68.4923,3874.18,0.017229,8.035783
97.400,25.9875,150.0000,68.8125,68.4864,3875.77,0.017251,8.035783
97.500,25.9875,150.0000,68.8125,68.4804,3877.26,0.017270,8.035783
97.600,25.9875,150.0000,68.8750,68.4745,3878.66,0.017289,8.035783
97.700,25.9875,150.0000,68.7500,68.4685,3879.95,0.017306,8.035783
97.800,25.9875,150.0000,68.7500,68.4626,3881.16,0.017323,8.035783
97.900,25.9875,150.0000,68.7500,68.4567,3882.30,0.017338,8.035783
98.000,26.3957,150.0000,68.8750,68.4508,3887.43,0.017407,8.444036
98.100,26.3957,150.0000,68.7500,68.4448,3892.23,0.017471,8.444036
98.200,26.3957,150.0000,68.7500,68.4389,3896.70,0.017531,8.444036
98.300,26.3957,150.0000,68.6875,68.4329,3900.88,0.017588,8.444036
98.400,26.3957,150.0000,68.6875,68.4269,3904.78,0.017641,8.444036
98.500,26.3957,150.0000,68.7500,68.4209,3908.42,0.017690,8.444036
98.600,26.3957,150.0000,68.8125,68.4150,3911.81,0.017736,8.444036
98.700,26.3957,150.0000,68.6875,68.4090,3914.98,0.017779,8.444036
98.800,26.3957,150.0000,68.6875,68.4030,3917.94,0.017820,8.444036
98.900,26.3957,150.0000,68.6875,68.3970,3920.70,0.017857,8.444036
99.000,26.4980,150.0000,68.6250,68.3910,3924.30,0.017907,8.845485
99.100,26.4980,150.0000,68.6250,68.3850,3927.66,0.017953,8.845485
99.200,26.4980,150.0000,68.7500,68.3790,3930.80,0.017996,8.845485
99.300,26.4980,150.0000,68.7500,68.3730,3933.73,0.018036,8.845485
99.400,26.4980,150.0000,68.7500,68.3670,3936.46,0.018074,8.845485
99.500,26.4980,150.0000,68.6875,68.3610,3939.01,0.018109,8.845485
99.600,26.4980,150.0000,68.6875,68.3549,3941.39,0.018142,8.845485
99.700,26.4980,150.0000,68.6875,68.3489,3943.61,0.018172,8.845485
99.800,26.4980,150.0000,68.6250,68.3429,3945.68,0.018201,8.845485
99.900,26.4980,150.0000,68.6250,68.3369,3947.61,0.018228,8.845485
100.000,26.5934,150.0000,68.5625,68.3309,3950.38,0.018266,9.240130
100.100,26.5934,150.0000,68.6875,68.3249,3952.95,0.018302,9.240130
100.200,26.5934,150.0000,68.5625,68.3189,3955.36,0.018335,9.240130
100.300,26.5934,150.0000,68.6875,68.3129,3957.60,0.018366,9.240130
100.400,26.5934,150.0000,68.6250,68.3069,3959.69,0.018395,9.240130
100.500,26.5934,150.0000,68.6250,68.3009,3961.65,0.018423,9.240130
100.600,26.5934,150.0000,68.6250,68.2949,3963.47,0.018448,9.240130
100.700,26.5934,150.0000,68.6250,68.2889,3965.18,0.018472,9.240130
100.800,26.5934,150.0000,68.6250,68.2829,3966.77,0.018494,9.240130
100.900,26.5934,150.0000,68.7500,68.2770,3968.25,0.018515,9.240130
101.000,27.6001,150.0000,68.5625,68.2709,3979.70,0.018676,9.648383
101.100,27.6001,150.0000,68.5000,68.2649,3990.39,0.018827,9.648383
101.200,27.6001,150.0000,68.7500,68.2588,4000.36,0.018968,9.648383
101.300,27.6001,150.0000,68.6250,68.2526,4009.67,0.019101,9.648383
101.400,27.6001,150.0000,68.6875,68.2464,4018.36,0.019225,9.648383
101.500,27.6001,150.0000,68.5625,68.2402,4026.47,0.019342,9.648383
101.600,27.6001,150.0000,68.5625,68.2340,4034.04,0.019451,9.648383
101.700,27.6001,150.0000,68.6250,68.2277,4041.11,0.019554,9.648383
101.800,27.6001,150.0000,68.6250,68.2215,4047.70,0.019649,9.648383
101.900,27.6001,150.0000,68.5000,68.2152,4053.85,0.019739,9.648383
102.000,26.7843,150.0000,68.6250,68.2089,4051.44,0.019704,10.029419
102.100,26.7843,150.0000,68.5625,68.2026,4049.19,0.019671,10.029419
102.200,26.7843,150.0000,68.5625,68.1964,4047.09,0.019641,10.029419
102.300,26.7843,150.0000,68.5625,68.1902,4045.12,0.019612,10.029419
102.400,26.7843,150.0000,68.5000,68.1841,4043.29,0.019585,10.029419
102.500,26.7843,150.0000,68.5000,68.1779,4041.58,0.019561,10.029419
102.600,26.7843,150.0000,68.5625,68.1718,4039.99,0.019537,10.029419
102.700,26.7843,150.0000,68.4375,68.1657,4038.50,0.019516,10.029419
102.800,26.7843,150.0000,68.5625,68.1596,4037.11,0.019496,10.029419
102.900,26.7843,150.0000,68.5625,68.1535,4035.81,0.019477,10.029419
103.000,27.4714,150.0000,68.4375,68.1474,4041.47,0.019559,10.417260
103.100,27.4714,150.0000,68.5000,68.1413,4046.75,0.019636,10.417260
103.200,27.4714,150.0000,68.5000,68.1352,4051.68,0.019708,10.417260
103.300,27.4714,150.0000,68.4375,68.1291,4056.29,0.019775,10.417260
103.400,27.4714,150.0000,68.5625,68.1230,4060.58,0.019838,10.417260
103.500,27.4714,150.0000,68.5000,68.1169,4064.59,0.019896,10.417260
103.600,27.4714,150.0000,68.5000,68.1107,4068.33,0.019951,10.417260
103.700,27.4714,150.0000,68.5625,68.1046,4071.82,0.020003,10.417260
103.800,27.4714,150.0000,68.3750,68.0984,4075.08,0.020051,10.417260
103.900,27.4714,150.0000,68.5000,68.0923,4078.12,0.020096,10.417260
104.000,27.5532,150.0000,68.4375,68.0861,4081.78,0.020150,10.798296
104.100,27.5532,150.0000,68.4375,68.0799,4085.19,0.020201,10.798296
104.200,27.5532,150.0000,68.4375,68.0738,4088.38,0.020248,10.798296
104.300,27.5532,150.0000,68.5000,68.0676,4091.35,0.020292,10.798296
104.400,27.5532,150.0000,68.3750,68.0614,4094.13,0.020333,10.798296
104.500,27.5532,150.0000,68.5000,68.0553,4096.72,0.020372,10.798296
104.600,27.5532,150.0000,68.3750,68.0491,4099.14,0.020408,10.798296
104.700,27.5532,150.0000,68.4375,68.0429,4101.39,0.020442,10.798296
104.800,27.5532,150.0000,68.3750,68.0368,4103.50,0.020473,10.798296
104.900,27.5532,150.0000,68.4375,68.0306,4105.46,0.020503,10.798296
105.000,27.6283,150.0000,68.4375,68.0244,4108.05,0.020542,11.172528
105.100,27.6283,150.0000,68.3750,68.0183,4110.46,0.020578,11.172528
105.200,27.6283,150.0000,68.4375,68.0121,4112.71,0.020612,11.172528
105.300,27.6283,150.0000,68.3125,68.0060,4114.82,0.020643,11.172528
105.400,27.6283,150.0000,68.4375,67.9998,4116.78,0.020673,11.172528
105.500,27.6283,150.0000,68.3750,67.9937,4118.61,0.020700,11.172528
105.600,27.6283,150.0000,68.3125,67.9875,4120.32,0.020726,11.172528
105.700,27.6283,150.0000,68.3750,67.9814,4121.91,0.020750,11.172528
105.800,27.6283,150.0000,68.3125,67.9752,4123.40,0.020773,11.172528
105.900,27.6283,150.0000,68.3750,67.9691,4124.79,0.020794,11.172528
106.000,27.6965,150.0000,68.3125,67.9630,4126.77,0.020824,11.539956
106.100,27.6965,150.0000,68.3125,67.9569,4128.62,0.020852,11.539956
106.200,27.6965,150.0000,68.3125,67.9508,4130.34,0.020878,11.539956
106.300,27.6965,150.0000,68.2500,67.9446,4131.95,0.020902,11.539956
106.400,27.6965,150.0000,68.3125,67.9385,4133.45,0.020925,11.539956
106.500,27.6965,150.0000,68.3125,67.9324,4134.85,0.020946,11.539956
106.600,27.6965,150.0000,68.2500,67.9263,4136.16,0.020966,11.539956
106.700,27.6965,150.0000,68.1875,67.9203,4137.38,0.020985,11.539956
106.800,27.6965,150.0000,68.2500,67.9142,4138.52,0.021002,11.539956
106.900,27.6965,150.0000,68.2500,67.9081,4139.58,0.021018,11.539956
107.000,27.4519,150.0000,68.3125,67.9021,4138.13,0.020996,11.893776
107.100,27.4519,150.0000,68.2500,67.8960,4136.77,0.020975,11.893776
107.200,27.4519,150.0000,68.1875,67.8900,4135.51,0.020956,11.893776
107.300,27.4519,150.0000,68.2500,67.8840,4134.33,0.020938,11.893776
107.400,27.4519,150.0000,68.2500,67.8781,4133.22,0.020922,11.893776
107.500,27.4519,150.0000,68.3125,67.8721,4132.20,0.020906,11.893776
107.600,27.4519,150.0000,68.2500,67.8662,4131.24,0.020891,11.893776
107.700,27.4519,150.0000,68.1875,67.8603,4130.34,0.020878,11.893776
107.800,27.4519,150.0000,68.1250,67.8544,4129.50,0.020865,11.893776
107.900,27.4519,150.0000,68.1875,67.8485,4128.72,0.020853,11.893776
108.000,27.4997,150.0000,68.1250,67.8426,4128.47,0.020849,12.240791
108.100,27.4997,150.0000,68.1875,67.8368,4128.24,0.020846,12.240791
108.200,27.4997,150.0000,68.1875,67.8309,4128.02,0.020843,12.240791
108.300,27.4997,150.0000,68.2500,67.8251,4127.81,0.020839,12.240791
108.400,27.4997,150.0000,68.1875,67.8193,4127.62,0.020837,12.240791
108.500,27.4997,150.0000,68.2500,67.8135,4127.45,0.020834,12.240791
108.600,27.4997,150.0000,68.1875,67.8077,4127.28,0.020831,12.240791
108.700,27.4997,150.0000,68.1875,67.8020,4127.13,0.020829,12.240791
108.800,27.4997,150.0000,68.1875,67.7962,4126.98,0.020827,12.240791
108.900,27.4997,150.0000,68.0625,67.7905,4126.85,0.020825,12.240791
109.000,27.2348,150.0000,68.1875,67.7848,4124.07,0.020783,12.574198
109.100,27.2348,150.0000,68.1250,67.7791,4121.48,0.020744,12.574198
109.200,27.2348,150.0000,68.0625,67.7734,4119.06,0.020707,12.574198
109.300,27.2348,150.0000,68.1250,67.7678,4116.81,0.020673,12.574198
109.400,27.2348,150.0000,68.1250,67.7622,4114.70,0.020641,12.574198
109.500,27.2348,150.0000,68.1250,67.7566,4112.73,0.020612,12.574198
109.600,27.2348,150.0000,68.0625,67.7510,4110.90,0.020584,12.574198
109.700,27.2348,150.0000,68.0625,67.7455,4109.19,0.020559,12.574198
109.800,27.2348,150.0000,68.1250,67.7399,4107.59,0.020535,12.574198
109.900,27.2348,150.0000,68.1250,67.7344,4106.10,0.020512,12.574198
110.000,27.8742,150.0000,68.1250,67.7289,4111.10,0.020587,12.914409
110.100,27.8742,150.0000,68.0000,67.7234,4115.77,0.020658,12.914409
110.200,27.8742,150.0000,68.1250,67.7178,4120.13,0.020723,12.914409
110.300,27.8742,150.0000,68.0625,67.7123,4124.19,0.020785,12.914409
110.400,27.8742,150.0000,68.0000,67.7067,4127.99,0.020842,12.914409
110.500,27.8742,150.0000,67.9375,67.7012,4131.53,0.020896,12.914409
110.600,27.8742,150.0000,68.0625,67.6956,4134.84,0.020946,12.914409
110.700,27.8742,150.0000,68.0000,67.6900,4137.92,0.020993,12.914409
110.800,27.8742,150.0000,68.0625,67.6844,4140.80,0.021037,12.914409
110.900,27.8742,150.0000,68.0000,67.6789,4143.49,0.021078,12.914409
111.000,27.6024,150.0000,68.1250,67.6733,4143.28,0.021075,13.241011
111.100,27.6024,150.0000,67.9375,67.6677,4143.09,0.021072,13.241011
111.200,27.6024,150.0000,68.1250,67.6622,4142.90,0.021069,13.241011
111.300,27.6024,150.0000,68.0000,67.6567,4142.73,0.021066,13.241011
111.400,27.6024,150.0000,67.9375,67.6512,4142.58,0.021064,13.241011
111.500,27.6024,150.0000,68.0625,67.6457,4142.43,0.021062,13.241011
111.600,27.6024,150.0000,68.0000,67.6402,4142.29,0.021059,13.241011
111.700,27.6024,150.0000,67.8750,67.6347,4142.16,0.021058,13.241011
111.800,27.6024,150.0000,67.9375,67.6292,4142.04,0.021056,13.241011
111.900,27.6024,150.0000,68.0000,67.6238,4141.93,0.021054,13.241011
112.000,27.9290,150.0000,68.0000,67.6183,4145.09,0.021102,13.567614
112.100,27.9290,150.0000,67.8750,67.6129,4148.04,0.021147,13.567614
112.200,27.9290,150.0000,67.9375,67.6074,4150.79,0.021189,13.567614
112.300,27.9290,150.0000,68.0000,67.6020,4153.36,0.021229,13.567614
112.400,27.9290,150.0000,67.9375,67.5965,4155.76,0.021266,13.567614
112.500,27.9290,150.0000,68.0000,67.5910,4158.00,0.021300,13.567614
112.600,27.9290,150.0000,67.8750,67.5856,4160.09,0.021332,13.567614
112.700,27.9290,150.0000,67.9375,67.5801,4162.04,0.021362,13.567614
112.800,27.9290,150.0000,67.8750,67.5747,4163.86,0.021390,13.567614
112.900,27.9290,150.0000,67.9375,67.5692,4165.56,0.021416,13.567614
113.000,27.9496,150.0000,67.8750,67.5638,4167.35,0.021444,13.887412
113.100,27.9496,150.0000,67.9375,67.5583,4169.03,0.021470,13.887412
113.200,27.9496,150.0000,67.8750,67.5529,4170.59,0.021494,13.887412
113.300,27.9496,150.0000,67.8750,67.5474,4172.04,0.021517,13.887412
113.400,27.9496,150.0000,67.8750,67.5420,4173.40,0.021538,13.887412
113.500,27.9496,150.0000,67.8750,67.5366,4174.67,0.021557,13.887412
113.600,27.9496,150.0000,67.9375,67.5311,4175.86,0.021576,13.887412
113.700,27.9496,150.0000,67.8125,67.5257,4176.96,0.021593,13.887412
113.800,27.9496,150.0000,67.8125,67.5203,4177.99,0.021609,13.887412
113.900,27.9496,150.0000,67.8125,67.5149,4178.96,0.021624,13.887412
114.000,27.6574,150.0000,67.7500,67.5095,4176.93,0.021592,14.193602
114.100,27.6574,150.0000,67.8125,67.5042,4175.04,0.021563,14.193602
114.200,27.6574,150.0000,68.0000,67.4988,4173.28,0.021536,14.193602
114.300,27.6574,150.0000,67.7500,67.4935,4171.64,0.021510,14.193602
114.400,27.6574,150.0000,67.7500,67.4882,4170.10,0.021487,14.193602
114.500,27.6574,150.0000,67.8125,67.4830,4168.67,0.021464,14.193602
114.600,27.6574,150.0000,67.8125,67.4777,4167.33,0.021444,14.193602
114.700,27.6574,150.0000,67.7500,67.4725,4166.08,0.021424,14.193602
114.800,27.6574,150.0000,67.8125,67.4672,4164.92,0.021406,14.193602
114.900,27.6574,150.0000,67.8125,67.4620,4163.83,0.021390,14.193602
115.000,27.9636,150.0000,67.8125,67.4568,4165.88,0.021421,14.499792
115.100,27.9636,150.0000,67.6875,67.4516,4167.79,0.021451,14.499792
115.200,27.9636,150.0000,67.8125,67.4464,4169.57,0.021478,14.499792
115.300,27.9636,150.0000,67.7500,67.4412,4171.24,0.021504,14.499792
115.400,27.9636,150.0000,67.6875,67.4360,4172.79,0.021528,14.499792
115.500,27.9636,150.0000,67.8125,67.4308,4174.24,0.021551,14.499792
115.600,27.9636,150.0000,67.7500,67.4257,4175.59,0.021572,14.499792
115.700,27.9636,150.0000,67.6875,67.4205,4176.85,0.021591,14.499792
115.800,27.9636,150.0000,67.6875,67.4153,4178.03,0.021609,14.499792
115.900,27.9636,150.0000,67.8125,67.4101,4179.13,0.021626,14.499792
116.000,28.2698,150.0000,67.7500,67.4049,4183.22,0.021690,14.805982
116.100,28.2698,150.0000,67.6875,67.3998,4187.04,0.021749,14.805982
116.200,28.2698,150.0000,67.6875,67.3946,4190.60,0.021805,14.805982
116.300,28.2698,150.0000,67.7500,67.3894,4193.92,0.021857,14.805982
116.400,28.2698,150.0000,67.6875,67.3842,4197.03,0.021905,14.805982
116.500,28.2698,150.0000,67.6875,67.3789,4199.92,0.021951,14.805982
116.600,28.2698,150.0000,67.6875,67.3737,4202.63,0.021993,14.805982
116.700,28.2698,150.0000,67.6250,67.3685,4205.15,0.022033,14.805982
116.800,28.2698,150.0000,67.6875,67.3633,4207.50,0.022070,14.805982
116.900,28.2698,150.0000,67.6875,67.3581,4209.70,0.022104,14.805982
117.000,27.9640,150.0000,67.5625,67.3529,4208.69,0.022089,15.098563
117.100,27.9640,150.0000,67.6875,67.3477,4207.75,0.022074,15.098563
117.200,27.9640,150.0000,67.7500,67.3425,4206.88,0.022060,15.098563
117.300,27.9640,150.0000,67.6875,67.3374,4206.06,0.022047,15.098563
117.400,27.9640,150.0000,67.6875,67.3323,4205.29,0.022035,15.098563
117.500,27.9640,150.0000,67.6250,67.3271,4204.58,0.022024,15.098563
117.600,27.9640,150.0000,67.6250,67.3220,4203.91,0.022013,15.098563
117.700,27.9640,150.0000,67.6875,67.3169,4203.29,0.022004,15.098563
117.800,27.9640,150.0000,67.5625,67.3119,4202.71,0.021995,15.098563
117.900,27.9640,150.0000,67.6250,67.3068,4202.17,0.021986,15.098563
118.000,27.9505,150.0000,67.5625,67.3018,4201.53,0.021976,15.384340
118.100,27.9505,150.0000,67.5625,67.2967,4200.93,0.021967,15.384340
118.200,27.9505,150.0000,67.5625,67.2917,4200.38,0.021958,15.384340
118.300,27.9505,150.0000,67.5625,67.2867,4199.86,0.021950,15.384340
118.400,27.9505,150.0000,67.6250,67.2817,4199.37,0.021942,15.384340
118.500,27.9505,150.0000,67.5625,67.2767,4198.92,0.021935,15.384340
118.600,27.9505,150.0000,67.5000,67.2718,4198.50,0.021928,15.384340
118.700,27.9505,150.0000,67.5000,67.2668,4198.10,0.021922,15.384340
118.800,27.9505,150.0000,67.6250,67.2619,4197.73,0.021917,15.384340
118.900,27.9505,150.0000,67.5625,67.2569,4197.39,0.021911,15.384340
119.000,27.9303,150.0000,67.5625,67.2520,4196.87,0.021903,15.663313
119.100,27.9303,150.0000,67.6250,67.2471,4196.38,0.021895,15.663313
119.200,27.9303,150.0000,67.5000,67.2423,4195.92,0.021888,15.663313
119.300,27.9303,150.0000,67.5625,67.2374,4195.50,0.021882,15.663313
119.400,27.9303,150.0000,67.6250,67.2325,4195.10,0.021875,15.663313
119.500,27.9303,150.0000,67.5000,67.2277,4194.73,0.021870,15.663313
119.600,27.9303,150.0000,67.5625,67.2228,4194.39,0.021864,15.663313
119.700,27.9303,150.0000,67.4375,67.2180,4194.06,0.021859,15.663313
119.800,27.9303,150.0000,67.5625,67.2132,4193.76,0.021854,15.663313
119.900,27.9303,150.0000,67.5000,67.2084,4193.48,0.021850,15.663313
120.000,27.9033,150.0000,67.4375,67.2036,4192.95,0.021842,15.935482
120.100,27.9033,150.0000,67.5000,67.1989,4192.45,0.021834,15.935482
120.200,27.9033,150.0000,67.5000,67.1941,4191.99,0.021827,15.935482
120.300,27.9033,150.0000,67.4375,67.1894,4191.56,0.021820,15.935482
120.400,27.9033,150.0000,67.5000,67.1846,4191.15,0.021814,15.935482
120.500,27.9033,150.0000,67.4375,67.1799,4190.77,0.021808,15.935482
120.600,27.9033,150.0000,67.5000,67.1752,4190.42,0.021802,15.935482
120.700,27.9033,150.0000,67.4375,67.1705,4190.09,0.021797,15.935482
120.800,27.9033,150.0000,67.3750,67.1658,4189.79,0.021792,15.935482
120.900,27.9033,150.0000,67.3750,67.1612,4189.50,0.021788,15.935482
121.000,27.5635,150.0000,67.3125,67.1565,4185.83,0.021731,16.194042
121.100,27.5635,150.0000,67.4375,67.1519,4182.41,0.021677,16.194042
121.200,27.5635,150.0000,67.3750,67.1473,4179.22,0.021628,16.194042
121.300,27.5635,150.0000,67.4375,67.1428,4176.24,0.021582,16.194042
121.400,27.5635,150.0000,67.5000,67.1382,4173.46,0.021538,16.194042
121.500,27.5635,150.0000,67.4375,67.1337,4170.86,0.021498,16.194042
121.600,27.5635,150.0000,67.4375,67.1292,4168.44,0.021461,16.194042
121.700,27.5635,150.0000,67.5000,67.1248,4166.18,0.021426,16.194042
121.800,27.5635,150.0000,67.4375,67.1203,4164.07,0.021393,16.194042
121.900,27.5635,150.0000,67.4375,67.1159,4162.10,0.021363,16.194042
122.000,28.1280,150.0000,67.5000,67.1115,4165.91,0.021422,16.459407
122.100,28.1280,150.0000,67.4375,67.1070,4169.46,0.021477,16.459407
122.200,28.1280,150.0000,67.3125,67.1026,4172.77,0.021528,16.459407
122.300,28.1280,150.0000,67.3750,67.0981,4175.87,0.021576,16.459407
122.400,28.1280,150.0000,67.3750,67.0936,4178.76,0.021621,16.459407
122.500,28.1280,150.0000,67.4375,67.0892,4181.45,0.021662,16.459407
122.600,28.1280,150.0000,67.3125,67.0847,4183.97,0.021702,16.459407
122.700,28.1280,150.0000,67.4375,67.0802,4186.32,0.021738,16.459407
122.800,28.1280,150.0000,67.3125,67.0758,4188.51,0.021772,16.459407
122.900,28.1280,150.0000,67.3750,67.0713,4190.56,0.021804,16.459407
123.000,28.0874,150.0000,67.4375,67.0668,4192.06,0.021828,16.717967
123.100,28.0874,150.0000,67.3750,67.0623,4193.46,0.021850,16.717967
123.200,28.0874,150.0000,67.3750,67.0579,4194.77,0.021870,16.717967
123.300,28.0874,150.0000,67.3750,67.0534,4196.00,0.021889,16.717967
123.400,28.0874,150.0000,67.3750,67.0489,4197.14,0.021907,16.717967
123.500,28.0874,150.0000,67.3125,67.0445,4198.20,0.021924,16.717967
123.600,28.0874,150.0000,67.3750,67.0400,4199.20,0.021939,16.717967
123.700,28.0874,150.0000,67.3125,67.0356,4200.12,0.021954,16.717967
123.800,28.0874,150.0000,67.3125,67.0311,4200.99,0.021968,16.717967
123.900,28.0874,150.0000,67.3750,67.0267,4201.80,0.021980,16.717967
124.000,28.3459,150.0000,67.3125,67.0223,4205.14,0.022033,16.976528
124.100,28.3459,150.0000,67.3750,67.0178,4208.25,0.022082,16.976528
124.200,28.3459,150.0000,67.3125,67.0134,4211.16,0.022127,16.976528
124.300,28.3459,150.0000,67.3125,67.0089,4213.88,0.022170,16.976528
124.400,28.3459,150.0000,67.2500,67.0044,4216.41,0.022210,16.976528
124.500,28.3459,150.0000,67.3750,67.0000,4218.78,0.022248,16.976528
124.600,28.3459,150.0000,67.3125,66.9955,4220.98,0.022283,16.976528
124.700,28.3459,150.0000,67.1875,66.9910,4223.05,0.022315,16.976528
124.800,28.3459,150.0000,67.3125,66.9866,4224.97,0.022346,16.976528
124.900,28.3459,150.0000,67.2500,66.9821,4226.76,0.022374,16.976528
125.000,27.9925,150.0000,67.2500,66.9776,4224.90,0.022345,17.221479
125.100,27.9925,150.0000,67.3125,66.9732,4223.17,0.022317,17.221479
125.200,27.9925,150.0000,67.2500,66.9688,4221.55,0.022292,17.221479
125.300,27.9925,150.0000,67.1875,66.9644,4220.04,0.022268,17.221479
125.400,27.9925,150.0000,67.3125,66.9600,4218.63,0.022245,17.221479
125.500,27.9925,150.0000,67.2500,66.9557,4217.31,0.022225,17.221479
125.600,27.9925,150.0000,67.3125,66.9513,4216.08,0.022205,17.221479
125.700,27.9925,150.0000,67.1250,66.9470,4214.93,0.022187,17.221479
125.800,27.9925,150.0000,67.2500,66.9427,4213.86,0.022170,17.221479
125.900,27.9925,150.0000,67.1875,66.9384,4212.86,0.022154,17.221479
126.000,27.9315,150.0000,67.1875,66.9341,4211.32,0.022130,17.459627
126.100,27.9315,150.0000,67.1250,66.9298,4209.88,0.022107,17.459627
126.200,27.9315,150.0000,67.1250,66.9256,4208.54,0.022086,17.459627
126.300,27.9315,150.0000,67.2500,66.9214,4207.28,0.022066,17.459627
126.400,27.9315,150.0000,67.1875,66.9172,4206.11,0.022048,17.459627
126.500,27.9315,150.0000,67.2500,66.9130,4205.02,0.022031,17.459627
126.600,27.9315,150.0000,67.2500,66.9088,4204.00,0.022015,17.459627
126.700,27.9315,150.0000,67.1875,66.9046,4203.05,0.022000,17.459627
126.800,27.9315,150.0000,67.1875,66.9004,4202.16,0.021986,17.459627
126.900,27.9315,150.0000,67.1875,66.8963,4201.33,0.021973,17.459627
127.000,28.1696,150.0000,67.1250,66.8922,4202.94,0.021998,17.697775
127.100,28.1696,150.0000,67.1250,66.8880,4204.44,0.022022,17.697775
127.200,28.1696,150.0000,67.1875,66.8839,4205.84,0.022044,17.697775
127.300,28.1696,150.0000,67.1250,66.8797,4207.14,0.022064,17.697775
127.400,28.1696,150.0000,67.0625,66.8756,4208.36,0.022083,17.697775
127.500,28.1696,150.0000,67.1250,66.8715,4209.50,0.022101,17.697775
127.600,28.1696,150.0000,67.1875,66.8673,4210.56,0.022118,17.697775
127.700,28.1696,150.0000,67.0625,66.8632,4211.56,0.022134,17.697775
127.800,28.1696,150.0000,67.0000,66.8591,4212.48,0.022148,17.697775
127.900,28.1696,150.0000,67.0625,66.8550,4213.35,0.022162,17.697775
128.000,27.7958,150.0000,67.0625,66.8509,4210.41,0.022116,17.922314
128.100,27.7958,150.0000,67.1250,66.8468,4207.68,0.022073,17.922314
128.200,27.7958,150.0000,67.1250,66.8428,4205.12,0.022032,17.922314
128.300,27.7958,150.0000,67.0625,66.8388,4202.74,0.021995,17.922314
128.400,27.7958,150.0000,67.1875,66.8348,4200.51,0.021960,17.922314
128.500,27.7958,150.0000,67.1250,66.8308,4198.44,0.021928,17.922314
128.600,27.7958,150.0000,67.1875,66.8268,4196.50,0.021897,17.922314
128.700,27.7958,150.0000,67.1250,66.8229,4194.69,0.021869,17.922314
128.800,27.7958,150.0000,67.0625,66.8190,4193.00,0.021842,17.922314
128.900,27.7958,150.0000,67.0000,66.8150,4191.43,0.021818,17.922314
129.000,27.7143,150.0000,67.0625,66.8112,4189.14,0.021782,18.140049
129.100,27.7143,150.0000,67.0625,66.8073,4187.01,0.021749,18.140049
129.200,27.7143,150.0000,67.1250,66.8034,4185.02,0.021718,18.140049
129.300,27.7143,150.0000,67.0625,66.7996,4183.16,0.021689,18.140049
129.400,27.7143,150.0000,67.0625,66.7958,4181.42,0.021662,18.140049
129.500,27.7143,150.0000,67.0000,66.7920,4179.80,0.021637,18.140049
129.600,27.7143,150.0000,67.0000,66.7882,4178.29,0.021613,18.140049
129.700,27.7143,150.0000,67.0000,66.7844,4176.88,0.021592,18.140049
129.800,27.7143,150.0000,67.0000,66.7807,4175.57,0.021571,18.140049
129.900,27.7143,150.0000,67.0625,66.7770,4174.34,0.021552,18.140049
130.000,28.2380,150.0000,67.0000,66.7732,4178.43,0.021616,18.364588
130.100,28.2380,150.0000,66.9375,66.7695,4182.25,0.021675,18.364588
130.200,28.2380,150.0000,67.0625,66.7657,4185.81,0.021730,18.364588
130.300,28.2380,150.0000,67.1250,66.7619,4189.14,0.021782,18.364588
130.400,28.2380,150.0000,67.0000,66.7581,4192.24,0.021831,18.364588
130.500,28.2380,150.0000,66.9375,66.7543,4195.14,0.021876,18.364588
130.600,28.2380,150.0000,67.0000,66.7505,4197.84,0.021918,18.364588
130.700,28.2380,150.0000,67.0000,66.7467,4200.37,0.021958,18.364588
130.800,28.2380,150.0000,67.0000,66.7429,4202.72,0.021995,18.364588
130.900,28.2380,150.0000,67.0000,66.7391,4204.92,0.022029,18.364588
131.000,28.1566,150.0000,67.0000,66.7353,4206.16,0.022049,18.582323
131.100,28.1566,150.0000,66.9375,66.7315,4207.32,0.022067,18.582323
131.200,28.1566,150.0000,67.0000,66.7277,4208.39,0.022084,18.582323
131.300,28.1566,150.0000,66.9375,66.7239,4209.40,0.022100,18.582323
131.400,28.1566,150.0000,67.0000,66.7201,4210.34,0.022115,18.582323
131.500,28.1566,150.0000,66.9375,66.7163,4211.22,0.022128,18.582323
131.600,28.1566,150.0000,66.9375,66.7125,4212.03,0.022141,18.582323
131.700,28.1566,150.0000,67.0000,66.7087,4212.80,0.022153,18.582323
131.800,28.1566,150.0000,66.9375,66.7049,4213.51,0.022165,18.582323
131.900,28.1566,150.0000,66.9375,66.7011,4214.17,0.022175,18.582323
132.000,28.0683,150.0000,66.9375,66.6974,4213.91,0.022171,18.793254
132.100,28.0683,150.0000,66.9375,66.6936,4213.67,0.022167,18.793254
132.200,28.0683,150.0000,67.0625,66.6899,4213.44,0.022163,18.793254
132.300,28.0683,150.0000,67.0000,66.6861,4213.23,0.022160,18.793254
132.400,28.0683,150.0000,66.8125,66.6824,4213.03,0.022157,18.793254
132.500,28.0683,150.0000,66.9375,66.6787,4212.84,0.022154,18.793254
132.600,28.0683,150.0000,66.9375,66.6750,4212.67,0.022151,18.793254
132.700,28.0683,150.0000,66.9375,66.6713,4212.51,0.022149,18.793254
132.800,28.0683,150.0000,67.0000,66.6676,4212.36,0.022146,18.793254
132.900,28.0683,150.0000,66.9375,66.6639,4212.22,0.022144,18.793254
133.000,28.2792,150.0000,66.8750,66.6602,4214.19,0.022175,19.004185
133.100,28.2792,150.0000,66.9375,66.6565,4216.04,0.022204,19.004185
133.200,28.2792,150.0000,66.9375,66.6528,4217.76,0.022232,19.004185
133.300,28.2792,150.0000,66.8750,66.6492,4219.37,0.022257,19.004185
133.400,28.2792,150.0000,66.8125,66.6455,4220.87,0.022281,19.004185
133.500,28.2792,150.0000,66.8750,66.6418,4222.27,0.022303,19.004185
133.600,28.2792,150.0000,66.8125,66.6381,4223.58,0.022324,19.004185
133.700,28.2792,150.0000,66.8125,66.6344,4224.80,0.022343,19.004185
133.800,28.2792,150.0000,66.9375,66.6307,4225.94,0.022361,19.004185
133.900,28.2792,150.0000,66.8750,66.6271,4227.00,0.022378,19.004185
134.000,28.1842,150.0000,66.8750,66.6234,4227.04,0.022379,19.208312
134.100,28.1842,150.0000,66.8125,66.6197,4227.08,0.022379,19.208312
134.200,28.1842,150.0000,66.8750,66.6161,4227.12,0.022380,19.208312
134.300,28.1842,150.0000,66.8750,66.6124,4227.15,0.022381,19.208312
134.400,28.1842,150.0000,66.7500,66.6088,4227.18,0.022381,19.208312
134.500,28.1842,150.0000,66.7500,66.6051,4227.21,0.022381,19.208312
134.600,28.1842,150.0000,66.7500,66.6015,4227.24,0.022382,19.208312
134.700,28.1842,150.0000,66.9375,66.5979,4227.27,0.022382,19.208312
134.800,28.1842,150.0000,66.8125,66.5943,4227.29,0.022383,19.208312
134.900,28.1842,150.0000,66.9375,66.5907,4227.31,0.022383,19.208312
135.000,28.6943,150.0000,66.7500,66.5871,4232.43,0.022465,19.419242
135.100,28.6943,150.0000,66.8125,66.5834,4237.22,0.022541,19.419242
135.200,28.6943,150.0000,66.8125,66.5798,4241.68,0.022612,19.419242
135.300,28.6943,150.0000,66.8750,66.5761,4245.84,0.022679,19.419242
135.400,28.6943,150.0000,66.6875,66.5725,4249.73,0.022741,19.419242
135.500,28.6943,150.0000,66.8750,66.5688,4253.36,0.022799,19.419242
135.600,28.6943,150.0000,66.7500,66.5651,4256.74,0.022854,19.419242
135.700,28.6943,150.0000,66.6875,66.5614,4259.90,0.022905,19.419242
135.800,28.6943,150.0000,66.7500,66.5576,4262.85,0.022952,19.419242
135.900,28.6943,150.0000,66.8125,66.5539,4265.60,0.022997,19.419242
136.000,28.2932,150.0000,66.8750,66.5502,4264.16,0.022974,19.616565
136.100,28.2932,150.0000,66.6875,66.5465,4262.82,0.022952,19.616565
136.200,28.2932,150.0000,66.7500,66.5429,4261.56,0.022932,19.616565
136.300,28.2932,150.0000,66.8125,66.5392,4260.39,0.022913,19.616565
136.400,28.2932,150.0000,66.6875,66.5356,4259.30,0.022895,19.616565
136.500,28.2932,150.0000,66.7500,66.5319,4258.28,0.022878,19.616565
136.600,28.2932,150.0000,66.8125,66.5283,4257.32,0.022863,19.616565
136.700,28.2932,150.0000,66.7500,66.5247,4256.43,0.022849,19.616565
136.800,28.2932,150.0000,66.6250,66.5211,4255.60,0.022835,19.616565
136.900,28.2932,150.0000,66.7500,66.5175,4254.83,0.022823,19.616565
137.000,28.1845,150.0000,66.6875,66.5140,4253.02,0.022794,19.807083
137.100,28.1845,150.0000,66.7500,66.5104,4251.33,0.022767,19.807083
137.200,28.1845,150.0000,66.8125,66.5069,4249.75,0.022741,19.807083
137.300,28.1845,150.0000,66.6875,66.5034,4248.28,0.022718,19.807083
137.400,28.1845,150.0000,66.7500,66.4999,4246.91,0.022696,19.807083
137.500,28.1845,150.0000,66.6250,66.4964,4245.63,0.022675,19.807083
137.600,28.1845,150.0000,66.6875,66.4929,4244.43,0.022656,19.807083
137.700,28.1845,150.0000,66.6250,66.4894,4243.31,0.022638,19.807083
137.800,28.1845,150.0000,66.6250,66.4860,4242.27,0.022622,19.807083
137.900,28.1845,150.0000,66.6875,66.4826,4241.30,0.022606,19.807083
138.000,28.0691,150.0000,66.6250,66.4791,4239.24,0.022573,19.990797
138.100,28.0691,150.0000,66.6875,66.4758,4237.31,0.022542,19.990797
138.200,28.0691,150.0000,66.6250,66.4724,4235.51,0.022514,19.990797
138.300,28.0691,150.0000,66.6875,66.4690,4233.84,0.022487,19.990797
138.400,28.0691,150.0000,66.6875,66.4657,4232.27,0.022462,19.990797
138.500,28.0691,150.0000,66.6875,66.4623,4230.81,0.022439,19.990797
138.600,28.0691,150.0000,66.6250,66.4590,4229.45,0.022417,19.990797
138.700,28.0691,150.0000,66.7500,66.4557,4228.18,0.022397,19.990797
138.800,28.0691,150.0000,66.8125,66.4524,4226.99,0.022378,19.990797
138.900,28.0691,150.0000,66.6250,66.4491,4225.88,0.022360,19.990797
139.000,27.9468,150.0000,66.6875,66.4459,4223.62,0.022324,20.167706
139.100,27.9468,150.0000,66.6875,66.4426,4221.51,0.022291,20.167706
139.200,27.9468,150.0000,66.6875,66.4394,4219.55,0.022260,20.167706
139.300,27.9468,150.0000,66.6250,66.4362,4217.71,0.022231,20.167706
139.400,27.9468,150.0000,66.5625,66.4330,4216.00,0.022204,20.167706
139.500,27.9468,150.0000,66.6875,66.4299,4214.40,0.022179,20.167706
139.600,27.9468,150.0000,66.6875,66.4267,4212.91,0.022155,20.167706
139.700,27.9468,150.0000,66.6250,66.4236,4211.52,0.022133,20.167706
139.800,27.9468,150.0000,66.5625,66.4204,4210.22,0.022113,20.167706
139.900,27.9468,150.0000,66.5625,66.4173,4209.00,0.022093,20.167706
140.000,27.8177,150.0000,66.6250,66.4142,4206.58,0.022055,20.337812
140.100,27.8177,150.0000,66.6250,66.4111,4204.32,0.022020,20.337812
140.200,27.8177,150.0000,66.6250,66.4081,4202.21,0.021987,20.337812
140.300,27.8177,150.0000,66.6250,66.4050,4200.24,0.021956,20.337812
140.400,27.8177,150.0000,66.5625,66.4020,4198.40,0.021927,20.337812
140.500,27.8177,150.0000,66.6250,66.3990,4196.68,0.021900,20.337812
140.600,27.8177,150.0000,66.5625,66.3960,4195.08,0.021875,20.337812
140.700,27.8177,150.0000,66.6250,66.3930,4193.58,0.021852,20.337812
140.800,27.8177,150.0000,66.5625,66.3900,4192.19,0.021830,20.337812
140.900,27.8177,150.0000,66.5625,66.3871,4190.89,0.021809,20.337812
141.000,27.9878,150.0000,66.5625,66.3841,4191.37,0.021817,20.507917
141.100,27.9878,150.0000,66.5000,66.3812,4191.83,0.021824,20.507917
141.200,27.9878,150.0000,66.4375,66.3783,4192.25,0.021831,20.507917
141.300,27.9878,150.0000,66.6250,66.3753,4192.64,0.021837,20.507917
141.400,27.9878,150.0000,66.5625,66.3724,4193.01,0.021843,20.507917
141.500,27.9878,150.0000,66.5625,66.3695,4193.36,0.021848,20.507917
141.600,27.9878,150.0000,66.5000,66.3665,4193.68,0.021853,20.507917
141.700,27.9878,150.0000,66.6250,66.3636,4193.98,0.021858,20.507917
141.800,27.9878,150.0000,66.6250,66.3607,4194.26,0.021862,20.507917
141.900,27.9878,150.0000,66.5000,66.3578,4194.52,0.021866,20.507917
142.000,27.8519,150.0000,66.5000,66.3549,4193.40,0.021849,20.671219
142.100,27.8519,150.0000,66.5625,66.3520,4192.36,0.021832,20.671219
142.200,27.8519,150.0000,66.6875,66.3491,4191.39,0.021817,20.671219
142.300,27.8519,150.0000,66.5000,66.3463,4190.48,0.021803,20.671219
142.400,27.8519,150.0000,66.4375,66.3434,4189.63,0.021790,20.671219
142.500,27.8519,150.0000,66.5000,66.3406,4188.85,0.021778,20.671219
142.600,27.8519,150.0000,66.5000,66.3378,4188.11,0.021766,20.671219
142.700,27.8519,150.0000,66.4375,66.3349,4187.42,0.021755,20.671219
142.800,27.8519,150.0000,66.5000,66.3321,4186.78,0.021745,20.671219
142.900,27.8519,150.0000,66.4375,66.3293,4186.18,0.021736,20.671219
143.000,27.7092,150.0000,66.5000,66.3266,4184.19,0.021705,20.827716
143.100,27.7092,150.0000,66.5000,66.3238,4182.34,0.021676,20.827716
143.200,27.7092,150.0000,66.4375,66.3210,4180.61,0.021649,20.827716
143.300,27.7092,150.0000,66.5000,66.3183,4178.99,0.021624,20.827716
143.400,27.7092,150.0000,66.5000,66.3156,4177.48,0.021601,20.827716
143.500,27.7092,150.0000,66.5000,66.3129,4176.08,0.021579,20.827716
143.600,27.7092,150.0000,66.4375,66.3102,4174.76,0.021559,20.827716
143.700,27.7092,150.0000,66.4375,66.3075,4173.54,0.021540,20.827716
143.800,27.7092,150.0000,66.4375,66.3048,4172.39,0.021522,20.827716
143.900,27.7092,150.0000,66.3750,66.3021,4171.33,0.021505,20.827716
144.000,27.5597,150.0000,66.4375,66.2995,4168.84,0.021467,20.977409
144.100,27.5597,150.0000,66.5000,66.2969,4166.51,0.021431,20.977409
144.200,27.5597,150.0000,66.4375,66.2943,4164.34,0.021398,20.977409
144.300,27.5597,150.0000,66.4375,66.2917,4162.31,0.021366,20.977409
144.400,27.5597,150.0000,66.3750,66.2891,4160.42,0.021337,20.977409
144.500,27.5597,150.0000,66.3750,66.2866,4158.66,0.021310,20.977409
144.600,27.5597,150.0000,66.4375,66.2840,4157.01,0.021285,20.977409
144.700,27.5597,150.0000,66.4375,66.2815,4155.48,0.021261,20.977409
144.800,27.5597,150.0000,66.3750,66.2790,4154.04,0.021239,20.977409
144.900,27.5597,150.0000,66.3750,66.2765,4152.70,0.021219,20.977409
145.000,27.7094,150.0000,66.4375,66.2740,4152.95,0.021222,21.127101
145.100,27.7094,150.0000,66.5000,66.2715,4153.18,0.021226,21.127101
145.200,27.7094,150.0000,66.4375,66.2690,4153.39,0.021229,21.127101
145.300,27.7094,150.0000,66.4375,66.2665,4153.60,0.021232,21.127101
145.400,27.7094,150.0000,66.4375,66.2640,4153.78,0.021235,21.127101
145.500,27.7094,150.0000,66.3750,66.2615,4153.96,0.021238,21.127101
145.600,27.7094,150.0000,66.4375,66.2590,4154.12,0.021240,21.127101
145.700,27.7094,150.0000,66.3125,66.2566,4154.27,0.021243,21.127101
145.800,27.7094,150.0000,66.4375,66.2541,4154.42,0.021245,21.127101
145.900,27.7094,150.0000,66.3750,66.2516,4154.55,0.021247,21.127101
146.000,27.8591,150.0000,66.4375,66.2492,4156.17,0.021272,21.276794
146.100,27.8591,150.0000,66.4375,66.2467,4157.68,0.021295,21.276794
146.200,27.8591,150.0000,66.4375,66.2443,4159.10,0.021317,21.276794
146.300,27.8591,150.0000,66.4375,66.2418,4160.41,0.021337,21.276794
146.400,27.8591,150.0000,66.5000,66.2393,4161.64,0.021356,21.276794
146.500,27.8591,150.0000,66.4375,66.2368,4162.79,0.021374,21.276794
146.600,27.8591,150.0000,66.4375,66.2344,4163.86,0.021390,21.276794
146.700,27.8591,150.0000,66.4375,66.2319,4164.86,0.021406,21.276794
146.800,27.8591,150.0000,66.3125,66.2294,4165.80,0.021420,21.276794
146.900,27.8591,150.0000,66.3750,66.2270,4166.67,0.021433,21.276794
147.000,28.0088,150.0000,66.3750,66.2245,4168.98,0.021469,21.426487
147.100,28.0088,150.0000,66.3750,66.2220,4171.13,0.021502,21.426487
147.200,28.0088,150.0000,66.3750,66.2195,4173.15,0.021534,21.426487
147.300,28.0088,150.0000,66.3750,66.2170,4175.02,0.021563,21.426487
147.400,28.0088,150.0000,66.3125,66.2145,4176.78,0.021590,21.426487
147.500,28.0088,150.0000,66.5000,66.2120,4178.41,0.021615,21.426487
147.600,28.0088,150.0000,66.4375,66.2095,4179.94,0.021639,21.426487
147.700,28.0088,150.0000,66.4375,66.2070,4181.36,0.021661,21.426487
147.800,28.0088,150.0000,66.3750,66.2045,4182.69,0.021682,21.426487
147.900,28.0088,150.0000,66.3750,66.2020,4183.94,0.021701,21.426487
148.000,28.1585,150.0000,66.3750,66.1995,4186.59,0.021742,21.576180
148.100,28.1585,150.0000,66.3750,66.1970,4189.07,0.021781,21.576180
148.200,28.1585,150.0000,66.3125,66.1945,4191.38,0.021817,21.576180
148.300,28.1585,150.0000,66.3750,66.1919,4193.54,0.021851,21.576180
148.400,28.1585,150.0000,66.4375,66.1894,4195.56,0.021882,21.576180
148.500,28.1585,150.0000,66.3750,66.1868,4197.44,0.021912,21.576180
148.600,28.1585,150.0000,66.4375,66.1843,4199.19,0.021939,21.576180
148.700,28.1585,150.0000,66.3750,66.1818,4200.83,0.021965,21.576180
148.800,28.1585,150.0000,66.3125,66.1792,4202.36,0.021989,21.576180
148.900,28.1585,150.0000,66.4375,66.1766,4203.79,0.022011,21.576180
149.000,28.6142,150.0000,66.3125,66.1741,4209.68,0.022104,21.732677
149.100,28.6142,150.0000,66.3750,66.1715,4215.17,0.022191,21.732677
149.200,28.6142,150.0000,66.2500,66.1688,4220.30,0.022272,21.732677
149.300,28.6142,150.0000,66.2500,66.1662,4225.09,0.022348,21.732677
149.400,28.6142,150.0000,66.3125,66.1635,4229.56,0.022419,21.732677
149.500,28.6142,150.0000,66.3125,66.1609,4233.73,0.022485,21.732677
149.600,28.6142,150.0000,66.3125,66.1582,4237.63,0.022547,21.732677
149.700,28.6142,150.0000,66.3125,66.1555,4241.26,0.022605,21.732677
149.800,28.6142,150.0000,66.3125,66.1528,4244.65,0.022660,21.732677
149.900,28.6142,150.0000,66.3750,66.1500,4247.81,0.022710,21.732677
150.000,28.4647,150.0000,66.2500,66.1473,4249.27,0.022734,21.882370
150.100,28.4647,150.0000,66.2500,66.1446,4250.64,0.022756,21.882370
150.200,28.4647,150.0000,66.3750,66.1418,4251.91,0.022776,21.882370
150.300,28.4647,150.0000,66.3125,66.1391,4253.09,0.022795,21.882370
150.400,28.4647,150.0000,66.3125,66.1364,4254.20,0.022813,21.882370
150.500,28.4647,150.0000,66.3125,66.1337,4255.23,0.022829,21.882370
150.600,28.4647,150.0000,66.1875,66.1309,4256.20,0.022845,21.882370
150.700,28.4647,150.0000,66.2500,66.1282,4257.10,0.022860,21.882370
150.800,28.4647,150.0000,66.2500,66.1255,4257.94,0.022873,21.882370
150.900,28.4647,150.0000,66.2500,66.1227,4258.72,0.022886,21.882370
151.000,28.0024,150.0000,66.2500,66.1201,4254.83,0.022823,22.018454
151.100,28.0024,150.0000,66.1875,66.1174,4251.20,0.022765,22.018454
151.200,28.0024,150.0000,66.2500,66.1147,4247.81,0.022710,22.018454
151.300,28.0024,150.0000,66.3125,66.1121,4244.65,0.022660,22.018454
151.400,28.0024,150.0000,66.3125,66.1095,4241.69,0.022612,22.018454
151.500,28.0024,150.0000,66.2500,66.1069,4238.94,0.022568,22.018454
151.600,28.0024,150.0000,66.1875,66.1044,4236.36,0.022527,22.018454
151.700,28.0024,150.0000,66.2500,66.1018,4233.96,0.022489,22.018454
151.800,28.0024,150.0000,66.3125,66.0993,4231.72,0.022453,22.018454
151.900,28.0024,150.0000,66.2500,66.0968,4229.63,0.022420,22.018454
152.000,28.1384,150.0000,66.3125,66.0943,4229.04,0.022411,22.154539
152.100,28.1384,150.0000,66.1875,66.0918,4228.49,0.022402,22.154539
152.200,28.1384,150.0000,66.1875,66.0893,4227.97,0.022394,22.154539
152.300,28.1384,150.0000,66.1875,66.0868,4227.49,0.022386,22.154539
152.400,28.1384,150.0000,66.1875,66.0843,4227.05,0.022379,22.154539
152.500,28.1384,150.0000,66.3125,66.0819,4226.63,0.022372,22.154539
152.600,28.1384,150.0000,66.1875,66.0794,4226.24,0.022366,22.154539
152.700,28.1384,150.0000,66.3125,66.0770,4225.87,0.022360,22.154539
152.800,28.1384,150.0000,66.2500,66.0745,4225.53,0.022355,22.154539
152.900,28.1384,150.0000,66.1875,66.0721,4225.21,0.022350,22.154539
153.000,27.9685,150.0000,66.3125,66.0697,4223.22,0.022318,22.283819
153.100,27.9685,150.0000,66.3125,66.0673,4221.36,0.022289,22.283819
153.200,27.9685,150.0000,66.1875,66.0649,4219.62,0.022261,22.283819
153.300,27.9685,150.0000,66.1875,66.0625,4217.99,0.022235,22.283819
153.400,27.9685,150.0000,66.2500,66.0602,4216.48,0.022211,22.283819
153.500,27.9685,150.0000,66.3125,66.0578,4215.07,0.022189,22.283819
153.600,27.9685,150.0000,66.2500,66.0555,4213.75,0.022168,22.283819
153.700,27.9685,150.0000,66.1250,66.0531,4212.52,0.022149,22.283819
153.800,27.9685,150.0000,66.2500,66.0508,4211.37,0.022131,22.283819
153.900,27.9685,150.0000,66.1875,66.0485,4210.29,0.022114,22.283819
154.000,28.0978,150.0000,66.1875,66.0462,4210.59,0.022118,22.413099
154.100,28.0978,150.0000,66.1875,66.0439,4210.86,0.022123,22.413099
154.200,28.0978,150.0000,66.1875,66.0416,4211.11,0.022127,22.413099
154.300,28.0978,150.0000,66.1250,66.0394,4211.35,0.022130,22.413099
154.400,28.0978,150.0000,66.2500,66.0371,4211.57,0.022134,22.413099
154.500,28.0978,150.0000,66.2500,66.0348,4211.78,0.022137,22.413099
154.600,28.0978,150.0000,66.1875,66.0325,4211.97,0.022140,22.413099
154.700,28.0978,150.0000,66.1875,66.0302,4212.15,0.022143,22.413099
154.800,28.0978,150.0000,66.2500,66.0280,4212.32,0.022146,22.413099
154.900,28.0978,150.0000,66.1875,66.0257,4212.48,0.022148,22.413099
155.000,28.2271,150.0000,66.2500,66.0234,4213.91,0.022171,22.542379
155.100,28.2271,150.0000,66.1875,66.0212,4215.26,0.022192,22.542379
155.200,28.2271,150.0000,66.1875,66.0189,4216.51,0.022212,22.542379
155.300,28.2271,150.0000,66.1250,66.0166,4217.68,0.022230,22.542379
155.400,28.2271,150.0000,66.1875,66.0144,4218.77,0.022248,22.542379
155.500,28.2271,150.0000,66.1875,66.0121,4219.79,0.022264,22.542379
155.600,28.2271,150.0000,66.1875,66.0098,4220.74,0.022279,22.542379
155.700,28.2271,150.0000,66.1250,66.0076,4221.63,0.022293,22.542379
155.800,28.2271,150.0000,66.1250,66.0053,4222.46,0.022306,22.542379
155.900,28.2271,150.0000,66.0625,66.0030,4223.23,0.022318,22.542379
156.000,27.7444,150.0000,66.1250,66.0008,4219.13,0.022253,22.658051
156.100,27.7444,150.0000,66.1875,65.9986,4215.30,0.022193,22.658051
156.200,27.7444,150.0000,66.1875,65.9964,4211.72,0.022136,22.658051
156.300,27.7444,150.0000,66.2500,65.9942,4208.38,0.022084,22.658051
156.400,27.7444,150.0000,66.1875,65.9920,4205.27,0.022035,22.658051
156.500,27.7444,150.0000,66.0625,65.9899,4202.36,0.021989,22.658051
156.600,27.7444,150.0000,66.0625,65.9878,4199.65,0.021946,22.658051
156.700,27.7444,150.0000,66.1250,65.9857,4197.11,0.021907,22.658051
156.800,27.7444,150.0000,66.1250,65.9836,4194.75,0.021870,22.658051
156.900,27.7444,150.0000,66.1250,65.9816,4192.54,0.021835,22.658051
157.000,28.1660,150.0000,66.0625,65.9795,4194.70,0.021869,22.780527
157.100,28.1660,150.0000,66.1250,65.9774,4196.72,0.021901,22.780527
157.200,28.1660,150.0000,66.1250,65.9754,4198.59,0.021930,22.780527
157.300,28.1660,150.0000,66.1250,65.9733,4200.35,0.021957,22.780527
157.400,28.1660,150.0000,66.1250,65.9712,4201.99,0.021983,22.780527
157.500,28.1660,150.0000,66.1250,65.9691,4203.51,0.022007,22.780527
157.600,28.1660,150.0000,66.0625,65.9670,4204.94,0.022030,22.780527
157.700,28.1660,150.0000,66.0625,65.9649,4206.27,0.022050,22.780527
157.800,28.1660,150.0000,66.1250,65.9628,4207.51,0.022070,22.780527
157.900,28.1660,150.0000,66.1250,65.9607,4208.67,0.022088,22.780527
158.000,28.2885,150.0000,66.0625,65.9586,4210.98,0.022125,22.903003
158.100,28.2885,150.0000,66.0625,65.9565,4213.13,0.022159,22.903003
158.200,28.2885,150.0000,66.0625,65.9544,4215.14,0.022190,22.903003
158.300,28.2885,150.0000,66.0000,65.9523,4217.02,0.022220,22.903003
158.400,28.2885,150.0000,66.0625,65.9501,4218.77,0.022248,22.903003
158.500,28.2885,150.0000,66.0000,65.9480,4220.40,0.022273,22.903003
158.600,28.2885,150.0000,66.0625,65.9459,4221.93,0.022298,22.903003
158.700,28.2885,150.0000,66.1250,65.9437,4223.35,0.022320,22.903003
158.800,28.2885,150.0000,66.0625,65.9416,4224.68,0.022341,22.903003
158.900,28.2885,150.0000,66.1250,65.9394,4225.92,0.022361,22.903003
159.000,28.4110,150.0000,66.0000,65.9373,4228.30,0.022399,23.025479
159.100,28.4110,150.0000,66.0625,65.9351,4230.52,0.022434,23.025479
159.200,28.4110,150.0000,66.0625,65.9330,4232.60,0.022467,23.025479
159.300,28.4110,150.0000,66.0625,65.9308,4234.54,0.022498,23.025479
159.400,28.4110,150.0000,66.1250,65.9286,4236.34,0.022527,23.025479
159.500,28.4110,150.0000,66.0000,65.9265,4238.03,0.022554,23.025479
159.600,28.4110,150.0000,66.1250,65.9243,4239.61,0.022579,23.025479
159.700,28.4110,150.0000,66.0625,65.9221,4241.07,0.022602,23.025479
159.800,28.4110,150.0000,66.0000,65.9199,4242.45,0.022624,23.025479
159.900,28.4110,150.0000,66.0625,65.9177,4243.73,0.022645,23.025479
160.000,28.2275,150.0000,66.1250,65.9155,4243.09,0.022635,23.141150
160.100,28.2275,150.0000,66.0625,65.9134,4242.49,0.022625,23.141150
160.200,28.2275,150.0000,66.0625,65.9112,4241.93,0.022616,23.141150
160.300,28.2275,150.0000,66.0625,65.9090,4241.41,0.022608,23.141150
160.400,28.2275,150.0000,66.0000,65.9069,4240.92,0.022600,23.141150
160.500,28.2275,150.0000,66.0625,65.9048,4240.47,0.022593,23.141150
160.600,28.2275,150.0000,65.9375,65.9026,4240.05,0.022586,23.141150
160.700,28.2275,150.0000,66.0625,65.9005,4239.65,0.022580,23.141150
160.800,28.2275,150.0000,66.0625,65.8984,4239.28,0.022574,23.141150
160.900,28.2275,150.0000,66.0625,65.8963,4238.94,0.022568,23.141150
161.000,28.3431,150.0000,66.0000,65.8941,4239.77,0.022582,23.256822
161.100,28.3431,150.0000,65.9375,65.8920,4240.55,0.022594,23.256822
161.200,28.3431,150.0000,66.0000,65.8899,4241.28,0.022606,23.256822
161.300,28.3431,150.0000,65.9375,65.8878,4241.96,0.022617,23.256822
161.400,28.3431,150.0000,66.0000,65.8857,4242.60,0.022627,23.256822
161.500,28.3431,150.0000,66.0000,65.8836,4243.19,0.022636,23.256822
161.600,28.3431,150.0000,66.0000,65.8815,4243.74,0.022645,23.256822
161.700,28.3431,150.0000,66.0000,65.8794,4244.25,0.022653,23.256822
161.800,28.3431,150.0000,65.9375,65.8773,4244.74,0.022661,23.256822
161.900,28.3431,150.0000,66.0000,65.8752,4245.18,0.022668,23.256822
162.000,28.1528,150.0000,66.0625,65.8731,4243.70,0.022644,23.365690
162.100,28.1528,150.0000,65.9375,65.8710,4242.32,0.022622,23.365690
162.200,28.1528,150.0000,66.0000,65.8689,4241.02,0.022602,23.365690
162.300,28.1528,150.0000,66.0000,65.8669,4239.82,0.022582,23.365690
162.400,28.1528,150.0000,66.0000,65.8649,4238.69,0.022564,23.365690
162.500,28.1528,150.0000,66.0000,65.8628,4237.64,0.022547,23.365690
162.600,28.1528,150.0000,65.9375,65.8608,4236.66,0.022532,23.365690
162.700,28.1528,150.0000,66.0000,65.8588,4235.74,0.022517,23.365690
162.800,28.1528,150.0000,66.0625,65.8568,4234.89,0.022504,23.365690
162.900,28.1528,150.0000,66.0625,65.8548,4234.09,0.022491,23.365690
163.000,28.5677,150.0000,66.0000,65.8528,4237.49,0.022545,23.481361
163.100,28.5677,150.0000,65.9375,65.8507,4240.67,0.022596,23.481361
163.200,28.5677,150.0000,66.0000,65.8487,4243.64,0.022643,23.481361
163.300,28.5677,150.0000,65.9375,65.8467,4246.40,0.022688,23.481361
163.400,28.5677,150.0000,66.0000,65.8446,4248.99,0.022729,23.481361
163.500,28.5677,150.0000,65.9375,65.8426,4251.40,0.022768,23.481361
163.600,28.5677,150.0000,66.0625,65.8405,4253.65,0.022804,23.481361
163.700,28.5677,150.0000,66.0000,65.8384,4255.75,0.022838,23.481361
163.800,28.5677,150.0000,65.9375,65.8363,4257.71,0.022869,23.481361
163.900,28.5677,150.0000,65.9375,65.8343,4259.54,0.022899,23.481361
164.000,28.0714,150.0000,65.9375,65.8322,4256.28,0.022846,23.583425
164.100,28.0714,150.0000,66.0000,65.8301,4253.24,0.022797,23.583425
164.200,28.0714,150.0000,65.8750,65.8281,4250.41,0.022752,23.583425
164.300,28.0714,150.0000,66.0000,65.8261,4247.76,0.022709,23.583425
164.400,28.0714,150.0000,65.9375,65.8241,4245.29,0.022670,23.583425
164.500,28.0714,150.0000,65.9375,65.8222,4242.98,0.022633,23.583425
164.600,28.0714,150.0000,65.9375,65.8202,4240.83,0.022598,23.583425
164.700,28.0714,150.0000,66.0000,65.8183,4238.82,0.022566,23.583425
164.800,28.0714,150.0000,65.8750,65.8163,4236.95,0.022536,23.583425
164.900,28.0714,150.0000,65.9375,65.8144,4235.20,0.022509,23.583425
165.000,28.1734,150.0000,65.9375,65.8125,4234.59,0.022499,23.685488
165.100,28.1734,150.0000,66.0000,65.8106,4234.02,0.022490,23.685488
165.200,28.1734,150.0000,65.8750,65.8087,4233.48,0.022481,23.685488
165.300,28.1734,150.0000,65.8750,65.8068,4232.98,0.022473,23.685488
165.400,28.1734,150.0000,65.8750,65.8050,4232.52,0.022466,23.685488
165.500,28.1734,150.0000,65.8750,65.8031,4232.09,0.022459,23.685488
165.600,28.1734,150.0000,65.9375,65.8012,4231.68,0.022453,23.685488
165.700,28.1734,150.0000,65.8750,65.7994,4231.30,0.022446,23.685488
165.800,28.1734,150.0000,65.8750,65.7975,4230.95,0.022441,23.685488
165.900,28.1734,150.0000,65.8750,65.7957,4230.62,0.022436,23.685488
166.000,27.9695,150.0000,65.8750,65.7938,4228.27,0.022398,23.780747
166.100,27.9695,150.0000,65.8750,65.7920,4226.08,0.022364,23.780747
166.200,27.9695,150.0000,66.0000,65.7902,4224.04,0.022331,23.780747
166.300,27.9695,150.0000,65.9375,65.7884,4222.13,0.022301,23.780747
166.400,27.9695,150.0000,65.8750,65.7867,4220.35,0.022273,23.780747
166.500,27.9695,150.0000,65.8750,65.7849,4218.69,0.022246,23.780747
166.600,27.9695,150.0000,65.8750,65.7832,4217.14,0.022222,23.780747
166.700,27.9695,150.0000,65.8750,65.7814,4215.69,0.022199,23.780747
166.800,27.9695,150.0000,65.8750,65.7797,4214.34,0.022178,23.780747
166.900,27.9695,150.0000,65.9375,65.7780,4213.08,0.022158,23.780747
167.000,28.3707,150.0000,65.8750,65.7763,4215.91,0.022202,23.882810
167.100,28.3707,150.0000,65.8750,65.7745,4218.56,0.022244,23.882810
167.200,28.3707,150.0000,65.8750,65.7728,4221.03,0.022283,23.882810
167.300,28.3707,150.0000,65.8750,65.7710,4223.34,0.022320,23.882810
167.400,28.3707,150.0000,66.0000,65.7693,4225.49,0.022354,23.882810
167.500,28.3707,150.0000,65.8750,65.7675,4227.50,0.022386,23.882810
167.600,28.3707,150.0000,65.8750,65.7657,4229.37,0.022416,23.882810
167.700,28.3707,150.0000,65.8750,65.7640,4231.12,0.022444,23.882810
167.800,28.3707,150.0000,65.8750,65.7622,4232.75,0.022470,23.882810
167.900,28.3707,150.0000,65.8750,65.7604,4234.28,0.022494,23.882810
168.000,28.1668,150.0000,65.7500,65.7586,4233.66,0.022484,23.978069
168.100,28.1668,150.0000,65.8750,65.7568,4233.08,0.022475,23.978069
168.200,28.1668,150.0000,65.8750,65.7551,4232.55,0.022466,23.978069
168.300,28.1668,150.0000,65.8750,65.7533,4232.04,0.022458,23.978069
168.400,28.1668,150.0000,65.8125,65.7516,4231.58,0.022451,23.978069
168.500,28.1668,150.0000,65.8125,65.7498,4231.14,0.022444,23.978069
168.600,28.1668,150.0000,65.8125,65.7481,4230.73,0.022437,23.978069
168.700,28.1668,150.0000,65.8125,65.7463,4230.35,0.022431,23.978069
168.800,28.1668,150.0000,65.8125,65.7446,4229.99,0.022426,23.978069
168.900,28.1668,150.0000,65.9375,65.7429,4229.66,0.022420,23.978069
169.000,28.5681,150.0000,65.8750,65.7411,4233.37,0.022479,24.080133
169.100,28.5681,150.0000,65.8750,65.7394,4236.82,0.022534,24.080133
169.200,28.5681,150.0000,65.8750,65.7376,4240.05,0.022586,24.080133
169.300,28.5681,150.0000,65.8125,65.7358,4243.06,0.022634,24.080133
169.400,28.5681,150.0000,65.8125,65.7340,4245.87,0.022679,24.080133
169.500,28.5681,150.0000,65.9375,65.7322,4248.49,0.022721,24.080133
169.600,28.5681,150.0000,65.8125,65.7304,4250.94,0.022760,24.080133
169.700,28.5681,150.0000,65.8125,65.7286,4253.22,0.022797,24.080133
169.800,28.5681,150.0000,65.8125,65.7268,4255.36,0.022831,24.080133
169.900,28.5681,150.0000,65.8125,65.7250,4257.35,0.022864,24.080133
170.000,28.0581,150.0000,65.8750,65.7232,4254.10,0.022811,24.168588
170.100,28.0581,150.0000,65.9375,65.7214,4251.08,0.022763,24.168588
170.200,28.0581,150.0000,65.8750,65.7196,4248.25,0.022717,24.168588
170.300,28.0581,150.0000,65.6875,65.7178,4245.62,0.022675,24.168588
170.400,28.0581,150.0000,65.8125,65.7161,4243.16,0.022636,24.168588
170.500,28.0581,150.0000,65.8125,65.7144,4240.86,0.022599,24.168588
170.600,28.0581,150.0000,65.8750,65.7127,4238.72,0.022565,24.168588
170.700,28.0581,150.0000,65.7500,65.7110,4236.72,0.022533,24.168588
170.800,28.0581,150.0000,65.8750,65.7093,4234.85,0.022503,24.168588
170.900,28.0581,150.0000,65.8750,65.7077,4233.11,0.022475,24.168588
171.000,28.4526,150.0000,65.8125,65.7060,4235.43,0.022512,24.263847
171.100,28.4526,150.0000,65.8125,65.7043,4237.59,0.022547,24.263847
171.200,28.4526,150.0000,65.8125,65.7026,4239.61,0.022579,24.263847
171.300,28.4526,150.0000,65.8750,65.7009,4241.50,0.022609,24.263847
171.400,28.4526,150.0000,65.8125,65.6992,4243.26,0.022637,24.263847
171.500,28.4526,150.0000,65.7500,65.6975,4244.90,0.022664,24.263847
171.600,28.4526,150.0000,65.8125,65.6958,4246.43,0.022688,24.263847
171.700,28.4526,150.0000,65.8750,65.6941,4247.86,0.022711,24.263847
171.800,28.4526,150.0000,65.7500,65.6924,4249.20,0.022732,24.263847
171.900,28.4526,150.0000,65.7500,65.6907,4250.44,0.022752,24.263847
172.000,27.9358,150.0000,65.8125,65.6890,4246.44,0.022688,24.345497
172.100,27.9358,150.0000,65.6875,65.6873,4242.70,0.022628,24.345497
172.200,27.9358,150.0000,65.8750,65.6857,4239.21,0.022573,24.345497
172.300,27.9358,150.0000,65.8125,65.6840,4235.96,0.022521,24.345497
172.400,27.9358,150.0000,65.7500,65.6824,4232.92,0.022472,24.345497
172.500,27.9358,150.0000,65.6875,65.6808,4230.08,0.022427,24.345497
172.600,27.9358,150.0000,65.8125,65.6793,4227.43,0.022385,24.345497
172.700,27.9358,150.0000,65.8125,65.6777,4224.96,0.022346,24.345497
172.800,27.9358,150.0000,65.8125,65.6762,4222.66,0.022309,24.345497
172.900,27.9358,150.0000,65.7500,65.6747,4220.51,0.022275,24.345497
173.000,28.0175,150.0000,65.7500,65.6731,4219.31,0.022256,24.427148
173.100,28.0175,150.0000,65.8750,65.6716,4218.20,0.022239,24.427148
173.200,28.0175,150.0000,65.7500,65.6701,4217.16,0.022222,24.427148
173.300,28.0175,150.0000,65.7500,65.6687,4216.19,0.022207,24.427148
173.400,28.0175,150.0000,65.7500,65.6672,4215.29,0.022193,24.427148
173.500,28.0175,150.0000,65.8125,65.6657,4214.44,0.022179,24.427148
173.600,28.0175,150.0000,65.7500,65.6642,4213.66,0.022167,24.427148
173.700,28.0175,150.0000,65.6875,65.6628,4212.92,0.022155,24.427148
173.800,28.0175,150.0000,65.8125,65.6613,4212.23,0.022144,24.427148
173.900,28.0175,150.0000,65.8125,65.6599,4211.59,0.022134,24.427148
174.000,28.4051,150.0000,65.6875,65.6584,4214.87,0.022186,24.515603
174.100,28.4051,150.0000,65.7500,65.6570,4217.93,0.022234,24.515603
174.200,28.4051,150.0000,65.6875,65.6555,4220.79,0.022280,24.515603
174.300,28.4051,150.0000,65.6875,65.6540,4223.45,0.022322,24.515603
174.400,28.4051,150.0000,65.7500,65.6525,4225.94,0.022361,24.515603
174.500,28.4051,150.0000,65.7500,65.6510,4228.26,0.022398,24.515603
174.600,28.4051,150.0000,65.8125,65.6495,4230.43,0.022433,24.515603
174.700,28.4051,150.0000,65.6875,65.6479,4232.45,0.022465,24.515603
174.800,28.4051,150.0000,65.6875,65.6464,4234.34,0.022495,24.515603
174.900,28.4051,150.0000,65.6875,65.6449,4236.10,0.022523,24.515603
175.000,27.8816,150.0000,65.8125,65.6433,4232.51,0.022466,24.590449
175.100,27.8816,150.0000,65.8125,65.6418,4229.16,0.022412,24.590449
175.200,27.8816,150.0000,65.7500,65.6404,4226.03,0.022363,24.590449
175.300,27.8816,150.0000,65.6250,65.6389,4223.11,0.022316,24.590449
175.400,27.8816,150.0000,65.7500,65.6375,4220.39,0.022273,24.590449
175.500,27.8816,150.0000,65.6875,65.6360,4217.84,0.022233,24.590449
175.600,27.8816,150.0000,65.7500,65.6346,4215.47,0.022195,24.590449
175.700,27.8816,150.0000,65.8125,65.6332,4213.26,0.022161,24.590449
175.800,27.8816,150.0000,65.7500,65.6319,4211.19,0.022128,24.590449
175.900,27.8816,150.0000,65.7500,65.6305,4209.26,0.022097,24.590449
176.000,28.2624,150.0000,65.6875,65.6291,4211.27,0.022129,24.672100
176.100,28.2624,150.0000,65.6875,65.6277,4213.14,0.022159,24.672100
176.200,28.2624,150.0000,65.6875,65.6264,4214.89,0.022186,24.672100
176.300,28.2624,150.0000,65.6875,65.6250,4216.52,0.022212,24.672100
176.400,28.2624,150.0000,65.7500,65.6236,4218.04,0.022236,24.672100
176.500,28.2624,150.0000,65.6875,65.6222,4219.46,0.022259,24.672100
176.600,28.2624,150.0000,65.7500,65.6208,4220.79,0.022280,24.672100
176.700,28.2624,150.0000,65.7500,65.6194,4222.03,0.022299,24.672100
176.800,28.2624,150.0000,65.7500,65.6179,4223.18,0.022318,24.672100
176.900,28.2624,150.0000,65.7500,65.6165,4224.26,0.022335,24.672100
177.000,28.3441,150.0000,65.6875,65.6151,4226.09,0.022364,24.753750
177.100,28.3441,150.0000,65.7500,65.6137,4227.79,0.022391,24.753750
177.200,28.3441,150.0000,65.8125,65.6122,4229.38,0.022416,24.753750
177.300,28.3441,150.0000,65.6875,65.6108,4230.86,0.022439,24.753750
177.400,28.3441,150.0000,65.7500,65.6094,4232.24,0.022461,24.753750
177.500,28.3441,150.0000,65.5625,65.6079,4233.53,0.022482,24.753750
177.600,28.3441,150.0000,65.7500,65.6065,4234.74,0.022501,24.753750
177.700,28.3441,150.0000,65.6875,65.6050,4235.86,0.022519,24.753750
177.800,28.3441,150.0000,65.6875,65.6036,4236.91,0.022536,24.753750
177.900,28.3441,150.0000,65.7500,65.6021,4237.89,0.022552,24.753750
178.000,28.4257,150.0000,65.6875,65.6007,4239.63,0.022579,24.835401
178.100,28.4257,150.0000,65.7500,65.5992,4241.24,0.022605,24.835401
178.200,28.4257,150.0000,65.6875,65.5977,4242.75,0.022629,24.835401
178.300,28.4257,150.0000,65.6875,65.5963,4244.16,0.022652,24.835401
178.400,28.4257,150.0000,65.7500,65.5948,4245.47,0.022673,24.835401
178.500,28.4257,150.0000,65.6250,65.5933,4246.70,0.022692,24.835401
178.600,28.4257,150.0000,65.7500,65.5918,4247.84,0.022711,24.835401
178.700,28.4257,150.0000,65.6875,65.5903,4248.91,0.022728,24.835401
178.800,28.4257,150.0000,65.6875,65.5888,4249.91,0.022744,24.835401
178.900,28.4257,150.0000,65.6250,65.5874,4250.84,0.022759,24.835401
179.000,27.8954,150.0000,65.6875,65.5859,4246.40,0.022688,24.903443
179.100,27.8954,150.0000,65.6875,65.5845,4242.26,0.022621,24.903443
179.200,27.8954,150.0000,65.6250,65.5830,4238.40,0.022560,24.903443
179.300,27.8954,150.0000,65.5625,65.5816,4234.79,0.022502,24.903443
179.400,27.8954,150.0000,65.6250,65.5803,4231.43,0.022448,24.903443
179.500,27.8954,150.0000,65.6250,65.5789,4228.29,0.022399,24.903443
179.600,27.8954,150.0000,65.8125,65.5776,4225.35,0.022352,24.903443
179.700,27.8954,150.0000,65.7500,65.5763,4222.62,0.022309,24.903443
179.800,27.8954,150.0000,65.7500,65.5750,4220.06,0.022268,24.903443
179.900,27.8954,150.0000,65.7500,65.5737,4217.68,0.022230,24.903443
180.000,28.5754,150.0000,65.6250,65.5724,4222.26,0.022303,24.985094
180.100,28.5754,150.0000,65.7500,65.5711,4226.53,0.022371,24.985094
180.200,28.5754,150.0000,65.6250,65.5697,4230.51,0.022434,24.985094
180.300,28.5754,150.0000,65.6875,65.5684,4234.23,0.022493,24.985094
180.400,28.5754,150.0000,65.6250,65.5670,4237.70,0.022549,24.985094
180.500,28.5754,150.0000,65.6250,65.5656,4240.95,0.022600,24.985094
180.600,28.5754,150.0000,65.7500,65.5642,4243.97,0.022649,24.985094
180.700,28.5754,150.0000,65.6250,65.5628,4246.79,0.022694,24.985094
180.800,28.5754,150.0000,65.6250,65.5614,4249.43,0.022736,24.985094
180.900,28.5754,150.0000,65.6250,65.5599,4251.89,0.022776,24.985094
181.000,28.0451,150.0000,65.6875,65.5585,4248.88,0.022727,25.053136
181.100,28.0451,150.0000,65.6875,65.5571,4246.07,0.022682,25.053136
181.200,28.0451,150.0000,65.7500,65.5557,4243.45,0.022640,25.053136
181.300,28.0451,150.0000,65.6875,65.5544,4241.00,0.022601,25.053136
181.400,28.0451,150.0000,65.6875,65.5530,4238.72,0.022565,25.053136
181.500,28.0451,150.0000,65.6875,65.5517,4236.59,0.022531,25.053136
181.600,28.0451,150.0000,65.6250,65.5504,4234.60,0.022499,25.053136
181.700,28.0451,150.0000,65.6250,65.5491,4232.75,0.022469,25.053136
181.800,28.0451,150.0000,65.6250,65.5478,4231.01,0.022442,25.053136
181.900,28.0451,150.0000,65.5625,65.5465,4229.40,0.022416,25.053136
182.000,27.8071,150.0000,65.6250,65.5452,4225.51,0.022354,25.114374
182.100,27.8071,150.0000,65.6250,65.5440,4221.88,0.022297,25.114374
182.200,27.8071,150.0000,65.6250,65.5428,4218.49,0.022243,25.114374
182.300,27.8071,150.0000,65.6875,65.5416,4215.33,0.022193,25.114374
182.400,27.8071,150.0000,65.6875,65.5404,4212.38,0.022147,25.114374
182.500,27.8071,150.0000,65.6250,65.5392,4209.63,0.022103,25.114374
182.600,27.8071,150.0000,65.6250,65.5381,4207.06,0.022063,25.114374
182.700,27.8071,150.0000,65.5625,65.5369,4204.66,0.022025,25.114374
182.800,27.8071,150.0000,65.5625,65.5358,4202.42,0.021990,25.114374
182.900,27.8071,150.0000,65.6875,65.5347,4200.33,0.021957,25.114374
183.000,28.4804,150.0000,65.6250,65.5336,4205.11,0.022032,25.189220
183.100,28.4804,150.0000,65.6250,65.5324,4209.57,0.022102,25.189220
183.200,28.4804,150.0000,65.6250,65.5313,4213.74,0.022168,25.189220
183.300,28.4804,150.0000,65.6250,65.5301,4217.63,0.022230,25.189220
183.400,28.4804,150.0000,65.6875,65.5289,4221.25,0.022287,25.189220
183.500,28.4804,150.0000,65.6250,65.5277,4224.64,0.022341,25.189220
183.600,28.4804,150.0000,65.6250,65.5264,4227.80,0.022391,25.189220
183.700,28.4804,150.0000,65.6250,65.5252,4230.75,0.022438,25.189220
183.800,28.4804,150.0000,65.6875,65.5239,4233.51,0.022482,25.189220
183.900,28.4804,150.0000,65.6875,65.5227,4236.08,0.022523,25.189220
184.000,28.5552,150.0000,65.6250,65.5214,4239.22,0.022573,25.264067
184.100,28.5552,150.0000,65.6250,65.5201,4242.16,0.022620,25.264067
184.200,28.5552,150.0000,65.5625,65.5188,4244.90,0.022664,25.264067
184.300,28.5552,150.0000,65.6250,65.5175,4247.46,0.022705,25.264067
184.400,28.5552,150.0000,65.5000,65.5161,4249.85,0.022743,25.264067
184.500,28.5552,150.0000,65.5625,65.5148,4252.08,0.022779,25.264067
184.600,28.5552,150.0000,65.5625,65.5135,4254.16,0.022812,25.264067
184.700,28.5552,150.0000,65.6250,65.5121,4256.10,0.022843,25.264067
184.800,28.5552,150.0000,65.6250,65.5107,4257.91,0.022873,25.264067
184.900,28.5552,150.0000,65.5000,65.5094,4259.60,0.022900,25.264067
185.000,27.7121,150.0000,65.5000,65.5081,4252.75,0.022790,25.318501
185.100,27.7121,150.0000,65.6875,65.5068,4246.35,0.022687,25.318501
185.200,27.7121,150.0000,65.6250,65.5055,4240.38,0.022591,25.318501
185.300,27.7121,150.0000,65.5000,65.5043,4234.81,0.022502,25.318501
185.400,27.7121,150.0000,65.6250,65.5031,4229.61,0.022420,25.318501
185.500,27.7121,150.0000,65.5625,65.5020,4224.76,0.022343,25.318501
185.600,27.7121,150.0000,65.5625,65.5008,4220.23,0.022271,25.318501
185.700,27.7121,150.0000,65.6875,65.4997,4216.00,0.022204,25.318501
185.800,27.7121,150.0000,65.6250,65.4986,4212.05,0.022142,25.318501
185.900,27.7121,150.0000,65.5625,65.4976,4208.37,0.022084,25.318501
186.000,28.0725,150.0000,65.6250,65.4965,4208.54,0.022086,25.379739
186.100,28.0725,150.0000,65.5625,65.4954,4208.69,0.022089,25.379739
186.200,28.0725,150.0000,65.6250,65.4944,4208.84,0.022091,25.379739
186.300,28.0725,150.0000,65.5000,65.4933,4208.98,0.022093,25.379739
186.400,28.0725,150.0000,65.5000,65.4923,4209.10,0.022095,25.379739
186.500,28.0725,150.0000,65.5625,65.4912,4209.22,0.022097,25.379739
186.600,28.0725,150.0000,65.5625,65.4901,4209.33,0.022099,25.379739
186.700,28.0725,150.0000,65.5625,65.4891,4209.43,0.022100,25.379739
186.800,28.0725,150.0000,65.6250,65.4880,4209.53,0.022102,25.379739
186.900,28.0725,150.0000,65.5625,65.4870,4209.62,0.022103,25.379739
187.000,28.1337,150.0000,65.5625,65.4859,4210.31,0.022114,25.440977
187.100,28.1337,150.0000,65.5625,65.4849,4210.96,0.022124,25.440977
187.200,28.1337,150.0000,65.6250,65.4838,4211.57,0.022134,25.440977
187.300,28.1337,150.0000,65.6250,65.4828,4212.14,0.022143,25.440977
187.400,28.1337,150.0000,65.5625,65.4817,4212.67,0.022151,25.440977
187.500,28.1337,150.0000,65.5625,65.4807,4213.16,0.022159,25.440977
187.600,28.1337,150.0000,65.6250,65.4796,4213.62,0.022166,25.440977
187.700,28.1337,150.0000,65.5625,65.4786,4214.05,0.022173,25.440977
187.800,28.1337,150.0000,65.5000,65.4775,4214.45,0.022179,25.440977
187.900,28.1337,150.0000,65.4375,65.4765,4214.82,0.022185,25.440977
188.000,27.5830,150.0000,65.5000,65.4755,4209.66,0.022104,25.488606
188.100,27.5830,150.0000,65.5625,65.4745,4204.85,0.022028,25.488606
188.200,27.5830,150.0000,65.5000,65.4735,4200.36,0.021958,25.488606
188.300,27.5830,150.0000,65.6250,65.4725,4196.16,0.021892,25.488606
188.400,27.5830,150.0000,65.5625,65.4716,4192.25,0.021831,25.488606
188.500,27.5830,150.0000,65.5625,65.4707,4188.59,0.021774,25.488606
188.600,27.5830,150.0000,65.6250,65.4698,4185.18,0.021721,25.488606
188.700,27.5830,150.0000,65.6250,65.4690,4182.00,0.021671,25.488606
188.800,27.5830,150.0000,65.5625,65.4681,4179.03,0.021625,25.488606
188.900,27.5830,150.0000,65.5625,65.4673,4176.26,0.021582,25.488606
189.000,28.2426,150.0000,65.5000,65.4665,4180.27,0.021644,25.549844
189.100,28.2426,150.0000,65.5625,65.4656,4184.01,0.021702,25.549844
189.200,28.2426,150.0000,65.5000,65.4647,4187.50,0.021757,25.549844
189.300,28.2426,150.0000,65.5000,65.4638,4190.76,0.021807,25.549844
189.400,28.2426,150.0000,65.5000,65.4629,4193.80,0.021855,25.549844
189.500,28.2426,150.0000,65.5000,65.4620,4196.64,0.021899,25.549844
189.600,28.2426,150.0000,65.5625,65.4610,4199.29,0.021941,25.549844
189.700,28.2426,150.0000,65.5625,65.4601,4201.76,0.021980,25.549844
189.800,28.2426,150.0000,65.6250,65.4591,4204.07,0.022016,25.549844
189.900,28.2426,150.0000,65.5000,65.4582,4206.23,0.022050,25.549844
190.000,27.9978,150.0000,65.5000,65.4572,4205.79,0.022043,25.604278
190.100,27.9978,150.0000,65.3750,65.4563,4205.38,0.022037,25.604278
190.200,27.9978,150.0000,65.5000,65.4553,4205.00,0.022031,25.604278
190.300,27.9978,150.0000,65.5000,65.4544,4204.65,0.022025,25.604278
190.400,27.9978,150.0000,65.5000,65.4534,4204.32,0.022020,25.604278
190.500,27.9978,150.0000,65.5000,65.4525,4204.01,0.022015,25.604278
190.600,27.9978,150.0000,65.5625,65.4515,4203.72,0.022010,25.604278
190.700,27.9978,150.0000,65.5000,65.4506,4203.45,0.022006,25.604278
190.800,27.9978,150.0000,65.5000,65.4497,4203.20,0.022002,25.604278
190.900,27.9978,150.0000,65.4375,65.4487,4202.96,0.021998,25.604278
191.000,27.7463,150.0000,65.5625,65.4478,4200.23,0.021956,25.651907
191.100,27.7463,150.0000,65.5000,65.4469,4197.68,0.021916,25.651907
191.200,27.7463,150.0000,65.5000,65.4461,4195.29,0.021878,25.651907
191.300,27.7463,150.0000,65.5625,65.4452,4193.07,0.021844,25.651907
191.400,27.7463,150.0000,65.5000,65.4443,4190.99,0.021811,25.651907
191.500,27.7463,150.0000,65.4375,65.4435,4189.06,0.021781,25.651907
191.600,27.7463,150.0000,65.5000,65.4427,4187.25,0.021753,25.651907
191.700,27.7463,150.0000,65.5000,65.4418,4185.56,0.021726,25.651907
191.800,27.7463,150.0000,65.3750,65.4410,4183.99,0.021702,25.651907
191.900,27.7463,150.0000,65.5625,65.4402,4182.52,0.021679,25.651907
192.000,28.4059,150.0000,65.5000,65.4394,4187.74,0.021760,25.713145
192.100,28.4059,150.0000,65.5000,65.4385,4192.62,0.021836,25.713145
192.200,28.4059,150.0000,65.4375,65.4377,4197.17,0.021908,25.713145
192.300,28.4059,150.0000,65.5000,65.4368,4201.42,0.021974,25.713145
192.400,28.4059,150.0000,65.5000,65.4359,4205.38,0.022036,25.713145
192.500,28.4059,150.0000,65.5000,65.4349,4209.08,0.022095,25.713145
192.600,28.4059,150.0000,65.5625,65.4340,4212.54,0.022149,25.713145
192.700,28.4059,150.0000,65.5000,65.4330,4215.76,0.022200,25.713145
192.800,28.4059,150.0000,65.5000,65.4321,4218.77,0.022248,25.713145
192.900,28.4059,150.0000,65.5000,65.4311,4221.58,0.022292,25.713145
193.000,28.1611,150.0000,65.4375,65.4301,4221.75,0.022295,25.767579
193.100,28.1611,150.0000,65.5000,65.4291,4221.91,0.022297,25.767579
193.200,28.1611,150.0000,65.5000,65.4281,4222.06,0.022300,25.767579
193.300,28.1611,150.0000,65.5000,65.4271,4222.20,0.022302,25.767579
193.400,28.1611,150.0000,65.4375,65.4262,4222.33,0.022304,25.767579
193.500,28.1611,150.0000,65.4375,65.4252,4222.46,0.022306,25.767579
193.600,28.1611,150.0000,65.5000,65.4242,4222.57,0.022308,25.767579
193.700,28.1611,150.0000,65.5625,65.4232,4222.68,0.022309,25.767579
193.800,28.1611,150.0000,65.5000,65.4223,4222.78,0.022311,25.767579
193.900,28.1611,150.0000,65.5000,65.4213,4222.87,0.022313,25.767579
194.000,28.2156,150.0000,65.4375,65.4203,4223.50,0.022323,25.822013
194.100,28.2156,150.0000,65.5625,65.4193,4224.09,0.022332,25.822013
194.200,28.2156,150.0000,65.4375,65.4184,4224.64,0.022341,25.822013
194.300,28.2156,150.0000,65.4375,65.4174,4225.15,0.022349,25.822013
194.400,28.2156,150.0000,65.5625,65.4164,4225.63,0.022356,25.822013
194.500,28.2156,150.0000,65.5000,65.4154,4226.08,0.022363,25.822013
194.600,28.2156,150.0000,65.4375,65.4145,4226.50,0.022370,25.822013
194.700,28.2156,150.0000,65.5000,65.4135,4226.88,0.022376,25.822013
194.800,28.2156,150.0000,65.5000,65.4125,4227.25,0.022382,25.822013
194.900,28.2156,150.0000,65.5000,65.4115,4227.59,0.022387,25.822013
195.000,28.2700,150.0000,65.4375,65.4106,4228.45,0.022401,25.876447
195.100,28.2700,150.0000,65.5000,65.4096,4229.25,0.022414,25.876447
195.200,28.2700,150.0000,65.4375,65.4086,4230.00,0.022426,25.876447
195.300,28.2700,150.0000,65.3750,65.4076,4230.70,0.022437,25.876447
195.400,28.2700,150.0000,65.5625,65.4066,4231.35,0.022447,25.876447
195.500,28.2700,150.0000,65.5000,65.4056,4231.96,0.022457,25.876447
195.600,28.2700,150.0000,65.5000,65.4047,4232.53,0.022466,25.876447
195.700,28.2700,150.0000,65.4375,65.4037,4233.06,0.022475,25.876447
195.800,28.2700,150.0000,65.5000,65.4027,4233.56,0.022482,25.876447
195.900,28.2700,150.0000,65.4375,65.4017,4234.02,0.022490,25.876447
196.000,28.0184,150.0000,65.4375,65.4007,4231.94,0.022457,25.924076
196.100,28.0184,150.0000,65.3750,65.3998,4229.99,0.022426,25.924076
196.200,28.0184,150.0000,65.3750,65.3988,4228.18,0.022397,25.924076
196.300,28.0184,150.0000,65.5000,65.3979,4226.49,0.022370,25.924076
196.400,28.0184,150.0000,65.5000,65.3969,4224.90,0.022345,25.924076
196.500,28.0184,150.0000,65.3750,65.3960,4223.43,0.022321,25.924076
196.600,28.0184,150.0000,65.4375,65.3951,4222.05,0.022300,25.924076
196.700,28.0184,150.0000,65.4375,65.3942,4220.77,0.022279,25.924076
196.800,28.0184,150.0000,65.5625,65.3933,4219.57,0.022260,25.924076
196.900,28.0184,150.0000,65.3750,65.3924,4218.45,0.022242,25.924076
197.000,27.7601,150.0000,65.3750,65.3916,4214.82,0.022185,25.964901
197.100,27.7601,150.0000,65.5000,65.3907,4211.43,0.022132,25.964901
197.200,27.7601,150.0000,65.4375,65.3899,4208.27,0.022082,25.964901
197.300,27.7601,150.0000,65.5000,65.3891,4205.32,0.022035,25.964901
197.400,27.7601,150.0000,65.3750,65.3883,4202.56,0.021992,25.964901
197.500,27.7601,150.0000,65.4375,65.3875,4199.99,0.021952,25.964901
197.600,27.7601,150.0000,65.5000,65.3868,4197.59,0.021914,25.964901
197.700,27.7601,150.0000,65.5625,65.3860,4195.36,0.021879,25.964901
197.800,27.7601,150.0000,65.4375,65.3853,4193.27,0.021847,25.964901
197.900,27.7601,150.0000,65.3750,65.3846,4191.32,0.021816,25.964901
198.000,27.8009,150.0000,65.4375,65.3839,4189.90,0.021794,26.005727
198.100,27.8009,150.0000,65.5000,65.3832,4188.59,0.021774,26.005727
198.200,27.8009,150.0000,65.4375,65.3825,4187.36,0.021754,26.005727
198.300,27.8009,150.0000,65.5000,65.3818,4186.21,0.021736,26.005727
198.400,27.8009,150.0000,65.5000,65.3811,4185.14,0.021720,26.005727
198.500,27.8009,150.0000,65.5000,65.3804,4184.14,0.021704,26.005727
198.600,27.8009,150.0000,65.4375,65.3797,4183.20,0.021690,26.005727
198.700,27.8009,150.0000,65.5625,65.3791,4182.33,0.021676,26.005727
198.800,27.8009,150.0000,65.5000,65.3784,4181.52,0.021663,26.005727
198.900,27.8009,150.0000,65.5000,65.3778,4180.76,0.021652,26.005727
199.000,28.4537,150.0000,65.5000,65.3771,4186.58,0.021742,26.060161
199.100,28.4537,150.0000,65.3750,65.3764,4192.01,0.021827,26.060161
199.200,28.4537,150.0000,65.3750,65.3756,4197.08,0.021906,26.060161
199.300,28.4537,150.0000,65.3750,65.3749,4201.81,0.021980,26.060161
199.400,28.4537,150.0000,65.5000,65.3741,4206.23,0.022050,26.060161
199.500,28.4537,150.0000,65.4375,65.3733,4210.35,0.022115,26.060161
199.600,28.4537,150.0000,65.3750,65.3725,4214.20,0.022175,26.060161
199.700,28.4537,150.0000,65.3750,65.3717,4217.79,0.022232,26.060161
199.800,28.4537,150.0000,65.4375,65.3708,4221.14,0.022285,26.060161
199.900,28.4537,150.0000,65.4375,65.3699,4224.27,0.022335,26.060161
200.000,28.2022,150.0000,65.4375,65.3691,4224.67,0.022341,26.107790
200.100,28.2022,150.0000,65.5000,65.3682,4225.05,0.022347,26.107790
200.200,28.2022,150.0000,65.4375,65.3673,4225.40,0.022353,26.107790
200.300,28.2022,150.0000,65.4375,65.3665,4225.73,0.022358,26.107790
200.400,28.2022,150.0000,65.3750,65.3656,4226.03,0.022363,26.107790
200.500,28.2022,150.0000,65.3750,65.3647,4226.32,0.022367,26.107790
200.600,28.2022,150.0000,65.5000,65.3639,4226.59,0.022372,26.107790
200.700,28.2022,150.0000,65.3125,65.3630,4226.84,0.022375,26.107790
200.800,28.2022,150.0000,65.4375,65.3622,4227.07,0.022379,26.107790
200.900,28.2022,150.0000,65.3750,65.3613,4227.29,0.022383,26.107790
201.000,27.9438,150.0000,65.3750,65.3605,4224.90,0.022345,26.148615
201.100,27.9438,150.0000,65.4375,65.3596,4222.68,0.022310,26.148615
201.200,27.9438,150.0000,65.3750,65.3588,4220.61,0.022277,26.148615
201.300,27.9438,150.0000,65.4375,65.3580,4218.67,0.022246,26.148615
201.400,27.9438,150.0000,65.3750,65.3572,4216.87,0.022218,26.148615
201.500,27.9438,150.0000,65.3750,65.3564,4215.18,0.022191,26.148615
201.600,27.9438,150.0000,65.3750,65.3556,4213.60,0.022166,26.148615
201.700,27.9438,150.0000,65.3750,65.3549,4212.14,0.022143,26.148615
201.800,27.9438,150.0000,65.4375,65.3541,4210.76,0.022121,26.148615
201.900,27.9438,150.0000,65.4375,65.3534,4209.48,0.022101,26.148615
202.000,28.2906,150.0000,65.4375,65.3526,4211.76,0.022137,26.196245
202.100,28.2906,150.0000,65.3750,65.3518,4213.88,0.022170,26.196245
202.200,28.2906,150.0000,65.3750,65.3510,4215.86,0.022202,26.196245
202.300,28.2906,150.0000,65.3750,65.3503,4217.71,0.022231,26.196245
202.400,28.2906,150.0000,65.5000,65.3495,4219.44,0.022258,26.196245
202.500,28.2906,150.0000,65.3750,65.3487,4221.05,0.022284,26.196245
202.600,28.2906,150.0000,65.4375,65.3479,4222.55,0.022307,26.196245
202.700,28.2906,150.0000,65.3750,65.3470,4223.95,0.022330,26.196245
202.800,28.2906,150.0000,65.4375,65.3462,4225.26,0.022350,26.196245
202.900,28.2906,150.0000,65.5000,65.3454,4226.48,0.022370,26.196245
203.000,28.6442,150.0000,65.3750,65.3446,4231.16,0.022444,26.250679
203.100,28.6442,150.0000,65.4375,65.3437,4235.53,0.022514,26.250679
203.200,28.6442,150.0000,65.4375,65.3428,4239.60,0.022579,26.250679
203.300,28.6442,150.0000,65.3750,65.3419,4243.40,0.022640,26.250679
203.400,28.6442,150.0000,65.3125,65.3410,4246.95,0.022696,26.250679
203.500,28.6442,150.0000,65.3750,65.3401,4250.26,0.022750,26.250679
203.600,28.6442,150.0000,65.3750,65.3391,4253.35,0.022799,26.250679
203.700,28.6442,150.0000,65.3750,65.3381,4256.24,0.022846,26.250679
203.800,28.6442,150.0000,65.3125,65.3372,4258.93,0.022889,26.250679
203.900,28.6442,150.0000,65.3125,65.3362,4261.45,0.022930,26.250679
204.000,27.7807,150.0000,65.5000,65.3352,4255.16,0.022828,26.284700
204.100,27.7807,150.0000,65.3750,65.3343,4249.29,0.022734,26.284700
204.200,27.7807,150.0000,65.4375,65.3334,4243.81,0.022646,26.284700
204.300,27.7807,150.0000,65.3750,65.3326,4238.69,0.022564,26.284700
204.400,27.7807,150.0000,65.4375,65.3317,4233.92,0.022488,26.284700
204.500,27.7807,150.0000,65.4375,65.3309,4229.47,0.022417,26.284700
204.600,27.7807,150.0000,65.3125,65.3301,4225.31,0.022351,26.284700
204.700,27.7807,150.0000,65.3125,65.3294,4221.43,0.022290,26.284700
204.800,27.7807,150.0000,65.3750,65.3287,4217.81,0.022232,26.284700
204.900,27.7807,150.0000,65.3750,65.3279,4214.43,0.022179,26.284700
205.000,28.1207,150.0000,65.3125,65.3272,4214.67,0.022183,26.325525
205.100,28.1207,150.0000,65.3750,65.3265,4214.90,0.022186,26.325525
205.200,28.1207,150.0000,65.3750,65.3258,4215.11,0.022190,26.325525
205.300,28.1207,150.0000,65.5000,65.3251,4215.31,0.022193,26.325525
205.400,28.1207,150.0000,65.5000,65.3243,4215.50,0.022196,26.325525
205.500,28.1207,150.0000,65.3750,65.3236,4215.67,0.022199,26.325525
205.600,28.1207,150.0000,65.3750,65.3229,4215.83,0.022201,26.325525
205.700,28.1207,150.0000,65.3125,65.3222,4215.99,0.022204,26.325525
205.800,28.1207,150.0000,65.3750,65.3215,4216.13,0.022206,26.325525
205.900,28.1207,150.0000,65.3750,65.3208,4216.26,0.022208,26.325525
206.000,28.1615,150.0000,65.3125,65.3201,4216.79,0.022216,26.366350
206.100,28.1615,150.0000,65.2500,65.3193,4217.29,0.022224,26.366350
206.200,28.1615,150.0000,65.3125,65.3186,4217.75,0.022231,26.366350
206.300,28.1615,150.0000,65.3750,65.3179,4218.18,0.022238,26.366350
206.400,28.1615,150.0000,65.4375,65.3172,4218.58,0.022245,26.366350
206.500,28.1615,150.0000,65.3750,65.3165,4218.96,0.022251,26.366350
206.600,28.1615,150.0000,65.5000,65.3158,4219.31,0.022256,26.366350
206.700,28.1615,150.0000,65.3750,65.3150,4219.64,0.022261,26.366350
206.800,28.1615,150.0000,65.3750,65.3143,4219.95,0.022266,26.366350
206.900,28.1615,150.0000,65.4375,65.3136,4220.23,0.022271,26.366350
207.000,28.5083,150.0000,65.3125,65.3129,4223.97,0.022330,26.413980
207.100,28.5083,150.0000,65.3750,65.3121,4227.45,0.022385,26.413980
207.200,28.5083,150.0000,65.3750,65.3113,4230.70,0.022437,26.413980
207.300,28.5083,150.0000,65.3750,65.3106,4233.74,0.022485,26.413980
207.400,28.5083,150.0000,65.3125,65.3098,4236.58,0.022531,26.413980
207.500,28.5083,150.0000,65.4375,65.3090,4239.22,0.022573,26.413980
207.600,28.5083,150.0000,65.3750,65.3081,4241.69,0.022612,26.413980
207.700,28.5083,150.0000,65.3125,65.3073,4243.99,0.022649,26.413980
207.800,28.5083,150.0000,65.3750,65.3065,4246.14,0.022684,26.413980
207.900,28.5083,150.0000,65.4375,65.3056,4248.15,0.022716,26.413980
208.000,28.5560,150.0000,65.3750,65.3048,4250.50,0.022753,26.461609
208.100,28.5560,150.0000,65.3750,65.3039,4252.69,0.022789,26.461609
208.200,28.5560,150.0000,65.2500,65.3030,4254.74,0.022822,26.461609
208.300,28.5560,150.0000,65.3750,65.3021,4256.65,0.022852,26.461609
208.400,28.5560,150.0000,65.3125,65.3012,4258.43,0.022881,26.461609
208.500,28.5560,150.0000,65.3750,65.3003,4260.10,0.022908,26.461609
208.600,28.5560,150.0000,65.3125,65.2994,4261.65,0.022933,26.461609
208.700,28.5560,150.0000,65.3125,65.2985,4263.10,0.022956,26.461609
208.800,28.5560,150.0000,65.2500,65.2976,4264.45,0.022978,26.461609
208.900,28.5560,150.0000,65.3125,65.2967,4265.72,0.022999,26.461609
209.000,27.9916,150.0000,65.3750,65.2958,4261.25,0.022927,26.495631
209.100,27.9916,150.0000,65.3125,65.2949,4257.08,0.022859,26.495631
209.200,27.9916,150.0000,65.3125,65.2941,4253.19,0.022797,26.495631
209.300,27.9916,150.0000,65.3125,65.2932,4249.56,0.022738,26.495631
209.400,27.9916,150.0000,65.2500,65.2924,4246.18,0.022684,26.495631
209.500,27.9916,150.0000,65.3750,65.2917,4243.01,0.022633,26.495631
209.600,27.9916,150.0000,65.3125,65.2909,4240.06,0.022586,26.495631
209.700,27.9916,150.0000,65.3125,65.2901,4237.31,0.022542,26.495631
209.800,27.9916,150.0000,65.3125,65.2894,4234.74,0.022501,26.495631
209.900,27.9916,150.0000,65.3750,65.2887,4232.34,0.022463,26.495631
210.000,28.3316,150.0000,65.3750,65.2879,4233.50,0.022481,26.536456
210.100,28.3316,150.0000,65.4375,65.2872,4234.58,0.022499,26.536456
210.200,28.3316,150.0000,65.3750,65.2865,4235.59,0.022515,26.536456
210.300,28.3316,150.0000,65.2500,65.2857,4236.53,0.022530,26.536456
210.400,28.3316,150.0000,65.4375,65.2850,4237.42,0.022544,26.536456
210.500,28.3316,150.0000,65.3750,65.2842,4238.24,0.022557,26.536456
210.600,28.3316,150.0000,65.3750,65.2835,4239.00,0.022569,26.536456
210.700,28.3316,150.0000,65.2500,65.2827,4239.72,0.022581,26.536456
210.800,28.3316,150.0000,65.3125,65.2820,4240.39,0.022591,26.536456
210.900,28.3316,150.0000,65.3125,65.2812,4241.01,0.022601,26.536456
211.000,28.0665,150.0000,65.3750,65.2805,4238.94,0.022568,26.570477
211.100,28.0665,150.0000,65.3125,65.2797,4237.01,0.022537,26.570477
211.200,28.0665,150.0000,65.2500,65.2790,4235.21,0.022509,26.570477
211.300,28.0665,150.0000,65.3125,65.2783,4233.53,0.022482,26.570477
211.400,28.0665,150.0000,65.3125,65.2776,4231.96,0.022457,26.570477
211.500,28.0665,150.0000,65.3750,65.2769,4230.49,0.022434,26.570477
211.600,28.0665,150.0000,65.3750,65.2762,4229.12,0.022412,26.570477
211.700,28.0665,150.0000,65.3750,65.2756,4227.84,0.022391,26.570477
211.800,28.0665,150.0000,65.2500,65.2749,4226.65,0.022373,26.570477
211.900,28.0665,150.0000,65.3125,65.2742,4225.54,0.022355,26.570477
212.000,28.1005,150.0000,65.2500,65.2736,4224.84,0.022344,26.604498
212.100,28.1005,150.0000,65.3750,65.2729,4224.19,0.022334,26.604498
212.200,28.1005,150.0000,65.3750,65.2723,4223.58,0.022324,26.604498
212.300,28.1005,150.0000,65.2500,65.2716,4223.02,0.022315,26.604498
212.400,28.1005,150.0000,65.3750,65.2710,4222.49,0.022306,26.604498
212.500,28.1005,150.0000,65.2500,65.2704,4221.99,0.022299,26.604498
212.600,28.1005,150.0000,65.3125,65.2698,4221.53,0.022291,26.604498
212.700,28.1005,150.0000,65.2500,65.2691,4221.10,0.022285,26.604498
212.800,28.1005,150.0000,65.3125,65.2685,4220.70,0.022278,26.604498
212.900,28.1005,150.0000,65.3125,65.2679,4220.32,0.022272,26.604498
213.000,28.1345,150.0000,65.3750,65.2673,4220.31,0.022272,26.638519
213.100,28.1345,150.0000,65.3750,65.2667,4220.30,0.022272,26.638519
213.200,28.1345,150.0000,65.3125,65.2661,4220.29,0.022272,26.638519
213.300,28.1345,150.0000,65.3125,65.2654,4220.29,0.022272,26.638519
213.400,28.1345,150.0000,65.2500,65.2648,4220.28,0.022272,26.638519
213.500,28.1345,150.0000,65.2500,65.2642,4220.27,0.022271,26.638519
213.600,28.1345,150.0000,65.3750,65.2636,4220.27,0.022271,26.638519
213.700,28.1345,150.0000,65.2500,65.2630,4220.26,0.022271,26.638519
213.800,28.1345,150.0000,65.2500,65.2624,4220.25,0.022271,26.638519
213.900,28.1345,150.0000,65.3750,65.2618,4220.25,0.022271,26.638519
214.000,28.4745,150.0000,65.3125,65.2612,4223.64,0.022325,26.679344
214.100,28.4745,150.0000,65.2500,65.2606,4226.81,0.022375,26.679344
214.200,28.4745,150.0000,65.3125,65.2599,4229.77,0.022422,26.679344
214.300,28.4745,150.0000,65.2500,65.2592,4232.53,0.022466,26.679344
214.400,28.4745,150.0000,65.3750,65.2586,4235.11,0.022507,26.679344
214.500,28.4745,150.0000,65.1875,65.2579,4237.51,0.022545,26.679344
214.600,28.4745,150.0000,65.3125,65.2572,4239.76,0.022581,26.679344
214.700,28.4745,150.0000,65.3125,65.2565,4241.85,0.022615,26.679344
214.800,28.4745,150.0000,65.3125,65.2558,4243.81,0.022646,26.679344
214.900,28.4745,150.0000,65.3125,65.2550,4245.63,0.022675,26.679344
215.000,28.2093,150.0000,65.3125,65.2543,4244.68,0.022660,26.713366
215.100,28.2093,150.0000,65.3125,65.2536,4243.80,0.022646,26.713366
215.200,28.2093,150.0000,65.3125,65.2529,4242.97,0.022633,26.713366
215.300,28.2093,150.0000,65.3750,65.2522,4242.20,0.022620,26.713366
215.400,28.2093,150.0000,65.2500,65.2515,4241.48,0.022609,26.713366
215.500,28.2093,150.0000,65.3750,65.2508,4240.81,0.022598,26.713366
215.600,28.2093,150.0000,65.3125,65.2502,4240.18,0.022588,26.713366
215.700,28.2093,150.0000,65.2500,65.2495,4239.60,0.022579,26.713366
215.800,28.2093,150.0000,65.2500,65.2488,4239.05,0.022570,26.713366
215.900,28.2093,150.0000,65.2500,65.2481,4238.54,0.022562,26.713366
216.000,27.9374,150.0000,65.3125,65.2475,4235.34,0.022511,26.740582
216.100,27.9374,150.0000,65.3125,65.2469,4232.36,0.022463,26.740582
216.200,27.9374,150.0000,65.2500,65.2462,4229.58,0.022419,26.740582
216.300,27.9374,150.0000,65.3125,65.2456,4226.98,0.022378,26.740582
216.400,27.9374,150.0000,65.3125,65.2451,4224.55,0.022339,26.740582
216.500,27.9374,150.0000,65.3125,65.2445,4222.29,0.022303,26.740582
216.600,27.9374,150.0000,65.3125,65.2439,4220.18,0.022270,26.740582
216.700,27.9374,150.0000,65.1875,65.2434,4218.21,0.022239,26.740582
216.800,27.9374,150.0000,65.2500,65.2428,4216.37,0.022210,26.740582
216.900,27.9374,150.0000,65.3125,65.2423,4214.65,0.022182,26.740582
217.000,28.2706,150.0000,65.3125,65.2418,4216.38,0.022210,26.774604
217.100,28.2706,150.0000,65.3125,65.2412,4217.99,0.022235,26.774604
217.200,28.2706,150.0000,65.3125,65.2407,4219.50,0.022259,26.774604
217.300,28.2706,150.0000,65.3125,65.2401,4220.90,0.022281,26.774604
217.400,28.2706,150.0000,65.3125,65.2395,4222.22,0.022302,26.774604
217.500,28.2706,150.0000,65.3750,65.2390,4223.44,0.022322,26.774604
217.600,28.2706,150.0000,65.1875,65.2384,4224.58,0.022340,26.774604
217.700,28.2706,150.0000,65.3125,65.2378,4225.65,0.022357,26.774604
217.800,28.2706,150.0000,65.3125,65.2372,4226.65,0.022372,26.774604
217.900,28.2706,150.0000,65.2500,65.2366,4227.58,0.022387,26.774604
218.000,27.9986,150.0000,65.3750,65.2361,4225.72,0.022358,26.801820
218.100,27.9986,150.0000,65.3750,65.2355,4223.99,0.022330,26.801820
218.200,27.9986,150.0000,65.1250,65.2350,4222.38,0.022305,26.801820
218.300,27.9986,150.0000,65.2500,65.2344,4220.88,0.022281,26.801820
218.400,27.9986,150.0000,65.2500,65.2339,4219.47,0.022259,26.801820
218.500,27.9986,150.0000,65.3125,65.2333,4218.16,0.022238,26.801820
218.600,27.9986,150.0000,65.2500,65.2328,4216.93,0.022219,26.801820
218.700,27.9986,150.0000,65.2500,65.2323,4215.79,0.022201,26.801820
218.800,27.9986,150.0000,65.2500,65.2318,4214.72,0.022184,26.801820
218.900,27.9986,150.0000,65.3125,65.2313,4213.73,0.022168,26.801820
219.000,28.3318,150.0000,65.2500,65.2308,4216.13,0.022206,26.835842
219.100,28.3318,150.0000,65.2500,65.2303,4218.37,0.022241,26.835842
219.200,28.3318,150.0000,65.2500,65.2297,4220.47,0.022274,26.835842
219.300,28.3318,150.0000,65.2500,65.2292,4222.42,0.022305,26.835842
219.400,28.3318,150.0000,65.3125,65.2286,4224.24,0.022334,26.835842
219.500,28.3318,150.0000,65.2500,65.2281,4225.95,0.022361,26.835842
219.600,28.3318,150.0000,65.2500,65.2275,4227.53,0.022387,26.835842
219.700,28.3318,150.0000,65.3125,65.2270,4229.02,0.022410,26.835842
219.800,28.3318,150.0000,65.3125,65.2264,4230.40,0.022432,26.835842
219.900,28.3318,150.0000,65.1875,65.2258,4231.69,0.022453,26.835842
220.000,27.7538,150.0000,65.2500,65.2252,4227.12,0.022380,26.856254
220.100,27.7538,150.0000,65.3125,65.2247,4222.85,0.022312,26.856254
220.200,27.7538,150.0000,65.3125,65.2242,4218.86,0.022249,26.856254
220.300,27.7538,150.0000,65.2500,65.2237,4215.14,0.022190,26.856254
220.400,27.7538,150.0000,65.2500,65.2232,4211.67,0.022136,26.856254
220.500,27.7538,150.0000,65.2500,65.2228,4208.43,0.022084,26.856254
220.600,27.7538,150.0000,65.1875,65.2223,4205.41,0.022037,26.856254
220.700,27.7538,150.0000,65.1250,65.2219,4202.59,0.021993,26.856254
220.800,27.7538,150.0000,65.2500,65.2215,4199.95,0.021951,26.856254
220.900,27.7538,150.0000,65.3125,65.2211,4197.49,0.021913,26.856254
221.000,28.3863,150.0000,65.2500,65.2207,4201.52,0.021976,26.890275
221.100,28.3863,150.0000,65.1875,65.2203,4205.29,0.022035,26.890275
221.200,28.3863,150.0000,65.2500,65.2198,4208.80,0.022090,26.890275
221.300,28.3863,150.0000,65.2500,65.2194,4212.07,0.022142,26.890275
221.400,28.3863,150.0000,65.1875,65.2189,4215.13,0.022190,26.890275
221.500,28.3863,150.0000,65.2500,65.2184,4217.98,0.022235,26.890275
221.600,28.3863,150.0000,65.1875,65.2179,4220.65,0.022277,26.890275
221.700,28.3863,150.0000,65.2500,65.2174,4223.13,0.022317,26.890275
221.800,28.3863,150.0000,65.1875,65.2168,4225.45,0.022354,26.890275
221.900,28.3863,150.0000,65.1875,65.2163,4227.62,0.022388,26.890275
222.000,27.8083,150.0000,65.2500,65.2158,4223.86,0.022328,26.910688
222.100,27.8083,150.0000,65.1875,65.2153,4220.35,0.022273,26.910688
222.200,27.8083,150.0000,65.1875,65.2148,4217.08,0.022221,26.910688
222.300,27.8083,150.0000,65.3125,65.2143,4214.02,0.022173,26.910688
222.400,27.8083,150.0000,65.2500,65.2139,4211.17,0.022128,26.910688
222.500,27.8083,150.0000,65.2500,65.2134,4208.51,0.022086,26.910688
222.600,27.8083,150.0000,65.3750,65.2130,4206.02,0.022047,26.910688
222.700,27.8083,150.0000,65.3125,65.2126,4203.70,0.022010,26.910688
222.800,27.8083,150.0000,65.2500,65.2122,4201.54,0.021976,26.910688
222.900,27.8083,150.0000,65.2500,65.2118,4199.52,0.021944,26.910688
223.000,28.1347,150.0000,65.2500,65.2115,4200.90,0.021966,26.937905
223.100,28.1347,150.0000,65.1875,65.2111,4202.19,0.021986,26.937905
223.200,28.1347,150.0000,65.2500,65.2107,4203.39,0.022005,26.937905
223.300,28.1347,150.0000,65.1875,65.2103,4204.51,0.022023,26.937905
223.400,28.1347,150.0000,65.3125,65.2098,4205.55,0.022039,26.937905
223.500,28.1347,150.0000,65.2500,65.2094,4206.53,0.022055,26.937905
223.600,28.1347,150.0000,65.1875,65.2090,4207.44,0.022069,26.937905
223.700,28.1347,150.0000,65.1875,65.2086,4208.29,0.022082,26.937905
223.800,28.1347,150.0000,65.1875,65.2082,4209.09,0.022095,26.937905
223.900,28.1347,150.0000,65.1875,65.2077,4209.83,0.022106,26.937905
224.000,27.8559,150.0000,65.1875,65.2073,4207.73,0.022073,26.958317
224.100,27.8559,150.0000,65.1875,65.2069,4205.78,0.022043,26.958317
224.200,27.8559,150.0000,65.1250,65.2065,4203.95,0.022014,26.958317
224.300,27.8559,150.0000,65.2500,65.2061,4202.25,0.021987,26.958317
224.400,27.8559,150.0000,65.1875,65.2058,4200.65,0.021962,26.958317
224.500,27.8559,150.0000,65.2500,65.2054,4199.17,0.021939,26.958317
224.600,27.8559,150.0000,65.1250,65.2051,4197.78,0.021917,26.958317
224.700,27.8559,150.0000,65.2500,65.2047,4196.49,0.021897,26.958317
224.800,27.8559,150.0000,65.1875,65.2044,4195.28,0.021878,26.958317
224.900,27.8559,150.0000,65.1875,65.2040,4194.16,0.021861,26.958317
225.000,27.8763,150.0000,65.2500,65.2037,4193.31,0.021847,26.978730
225.100,27.8763,150.0000,65.1875,65.2034,4192.52,0.021835,26.978730
225.200,27.8763,150.0000,65.1250,65.2030,4191.78,0.021823,26.978730
225.300,27.8763,150.0000,65.1875,65.2027,4191.09,0.021813,26.978730
225.400,27.8763,150.0000,65.1875,65.2024,4190.45,0.021803,26.978730
225.500,27.8763,150.0000,65.1875,65.2021,4189.85,0.021793,26.978730
225.600,27.8763,150.0000,65.2500,65.2018,4189.29,0.021784,26.978730
225.700,27.8763,150.0000,65.1875,65.2015,4188.77,0.021776,26.978730
225.800,27.8763,150.0000,65.3125,65.2012,4188.28,0.021769,26.978730
225.900,27.8763,150.0000,65.1875,65.2009,4187.82,0.021762,26.978730
226.000,27.8967,150.0000,65.3125,65.2006,4187.60,0.021758,26.999143
226.100,27.8967,150.0000,65.2500,65.2003,4187.40,0.021755,26.999143
226.200,27.8967,150.0000,65.1250,65.2000,4187.20,0.021752,26.999143
226.300,27.8967,150.0000,65.2500,65.1997,4187.02,0.021749,26.999143
226.400,27.8967,150.0000,65.2500,65.1994,4186.86,0.021747,26.999143
226.500,27.8967,150.0000,65.1875,65.1992,4186.70,0.021744,26.999143
226.600,27.8967,150.0000,65.2500,65.1989,4186.55,0.021742,26.999143
226.700,27.8967,150.0000,65.1875,65.1986,4186.42,0.021740,26.999143
226.800,27.8967,150.0000,65.2500,65.1983,4186.29,0.021738,26.999143
226.900,27.8967,150.0000,65.2500,65.1980,4186.17,0.021736,26.999143
227.000,28.2231,150.0000,65.2500,65.1977,4189.32,0.021785,27.026360
227.100,28.2231,150.0000,65.1875,65.1974,4192.27,0.021831,27.026360
227.200,28.2231,150.0000,65.1875,65.1971,4195.01,0.021874,27.026360
227.300,28.2231,150.0000,65.2500,65.1968,4197.58,0.021914,27.026360
227.400,28.2231,150.0000,65.1875,65.1964,4199.97,0.021952,27.026360
227.500,28.2231,150.0000,65.1875,65.1961,4202.20,0.021987,27.026360
227.600,28.2231,150.0000,65.1875,65.1957,4204.29,0.022019,27.026360
227.700,28.2231,150.0000,65.2500,65.1953,4206.23,0.022050,27.026360
227.800,28.2231,150.0000,65.2500,65.1949,4208.05,0.022078,27.026360
227.900,28.2231,150.0000,65.1875,65.1945,4209.74,0.022105,27.026360
228.000,27.9444,150.0000,65.2500,65.1941,4208.54,0.022086,27.046772
228.100,27.9444,150.0000,65.1875,65.1937,4207.41,0.022068,27.046772
228.200,27.9444,150.0000,65.2500,65.1934,4206.36,0.022052,27.046772
228.300,27.9444,150.0000,65.1250,65.1930,4205.38,0.022036,27.046772
228.400,27.9444,150.0000,65.2500,65.1926,4204.47,0.022022,27.046772
228.500,27.9444,150.0000,65.1875,65.1923,4203.61,0.022009,27.046772
228.600,27.9444,150.0000,65.1250,65.1919,4202.82,0.021996,27.046772
228.700,27.9444,150.0000,65.2500,65.1916,4202.07,0.021984,27.046772
228.800,27.9444,150.0000,65.1875,65.1912,4201.38,0.021974,27.046772
228.900,27.9444,150.0000,65.2500,65.1909,4200.73,0.021963,27.046772
229.000,28.2708,150.0000,65.2500,65.1905,4203.39,0.022005,27.073989
229.100,28.2708,150.0000,65.2500,65.1902,4205.87,0.022044,27.073989
229.200,28.2708,150.0000,65.1875,65.1898,4208.19,0.022081,27.073989
229.300,28.2708,150.0000,65.1875,65.1894,4210.35,0.022115,27.073989
229.400,28.2708,150.0000,65.1875,65.1890,4212.37,0.022146,27.073989
229.500,28.2708,150.0000,65.2500,65.1886,4214.25,0.022176,27.073989
229.600,28.2708,150.0000,65.2500,65.1882,4216.01,0.022204,27.073989
229.700,28.2708,150.0000,65.1875,65.1877,4217.65,0.022230,27.073989
229.800,28.2708,150.0000,65.1875,65.1873,4219.18,0.022254,27.073989
229.900,28.2708,150.0000,65.3125,65.1869,4220.61,0.022277,27.073989
230.000,28.6040,150.0000,65.2500,65.1864,4225.27,0.022351,27.108010
230.100,28.6040,150.0000,65.2500,65.1859,4229.63,0.022420,27.108010
230.200,28.6040,150.0000,65.1875,65.1854,4233.69,0.022485,27.108010
230.300,28.6040,150.0000,65.1875,65.1849,4237.49,0.022545,27.108010
230.400,28.6040,150.0000,65.1875,65.1844,4241.03,0.022602,27.108010
230.500,28.6040,150.0000,65.1875,65.1838,4244.33,0.022654,27.108010
230.600,28.6040,150.0000,65.1875,65.1832,4247.42,0.022704,27.108010
230.700,28.6040,150.0000,65.1875,65.1826,4250.30,0.022750,27.108010
230.800,28.6040,150.0000,65.2500,65.1820,4252.98,0.022793,27.108010
230.900,28.6040,150.0000,65.2500,65.1814,4255.49,0.022834,27.108010
231.000,28.3320,150.0000,65.1875,65.1808,4255.11,0.022828,27.135227
231.100,28.3320,150.0000,65.1875,65.1802,4254.76,0.022822,27.135227
231.200,28.3320,150.0000,65.2500,65.1796,4254.43,0.022817,27.135227
231.300,28.3320,150.0000,65.2500,65.1790,4254.12,0.022812,27.135227
231.400,28.3320,150.0000,65.1875,65.1784,4253.83,0.022807,27.135227
231.500,28.3320,150.0000,65.2500,65.1778,4253.56,0.022803,27.135227
231.600,28.3320,150.0000,65.2500,65.1773,4253.31,0.022799,27.135227
231.700,28.3320,150.0000,65.1250,65.1767,4253.08,0.022795,27.135227
231.800,28.3320,150.0000,65.1875,65.1761,4252.86,0.022791,27.135227
231.900,28.3320,150.0000,65.1875,65.1755,4252.65,0.022788,27.135227
232.000,28.0532,150.0000,65.2500,65.1749,4249.68,0.022740,27.155640
232.100,28.0532,150.0000,65.2500,65.1744,4246.90,0.022696,27.155640
232.200,28.0532,150.0000,65.1875,65.1739,4244.30,0.022654,27.155640
232.300,28.0532,150.0000,65.1875,65.1733,4241.88,0.022615,27.155640
232.400,28.0532,150.0000,65.1875,65.1728,4239.62,0.022579,27.155640
232.500,28.0532,150.0000,65.1250,65.1723,4237.51,0.022545,27.155640
232.600,28.0532,150.0000,65.3125,65.1719,4235.54,0.022514,27.155640
232.700,28.0532,150.0000,65.1250,65.1714,4233.71,0.022485,27.155640
232.800,28.0532,150.0000,65.1875,65.1709,4231.99,0.022457,27.155640
232.900,28.0532,150.0000,65.2500,65.1705,4230.39,0.022432,27.155640
233.000,28.3796,150.0000,65.1875,65.1700,4232.16,0.022460,27.182857
233.100,28.3796,150.0000,65.1875,65.1695,4233.81,0.022486,27.182857
233.200,28.3796,150.0000,65.2500,65.1691,4235.36,0.022511,27.182857
233.300,28.3796,150.0000,65.2500,65.1686,4236.80,0.022534,27.182857
233.400,28.3796,150.0000,65.1250,65.1681,4238.14,0.022555,27.182857
233.500,28.3796,150.0000,65.1250,65.1676,4239.39,0.022575,27.182857
233.600,28.3796,150.0000,65.1875,65.1671,4240.56,0.022594,27.182857
233.700,28.3796,150.0000,65.1875,65.1666,4241.65,0.022612,27.182857
233.800,28.3796,150.0000,65.2500,65.1661,4242.67,0.022628,27.182857
233.900,28.3796,150.0000,65.1875,65.1656,4243.63,0.022643,27.182857
234.000,28.1009,150.0000,65.1250,65.1651,4241.73,0.022613,27.203269
234.100,28.1009,150.0000,65.2500,65.1646,4239.95,0.022584,27.203269
234.200,28.1009,150.0000,65.2500,65.1641,4238.30,0.022558,27.203269
234.300,28.1009,150.0000,65.1875,65.1636,4236.75,0.022533,27.203269
234.400,28.1009,150.0000,65.1875,65.1632,4235.31,0.022510,27.203269
234.500,28.1009,150.0000,65.1875,65.1627,4233.97,0.022489,27.203269
234.600,28.1009,150.0000,65.2500,65.1623,4232.71,0.022469,27.203269
234.700,28.1009,150.0000,65.1250,65.1618,4231.54,0.022450,27.203269
234.800,28.1009,150.0000,65.2500,65.1614,4230.44,0.022433,27.203269
234.900,28.1009,150.0000,65.1875,65.1610,4229.42,0.022417,27.203269
235.000,28.1213,150.0000,65.1875,65.1605,4228.67,0.022405,27.223682
235.100,28.1213,150.0000,65.1250,65.1601,4227.98,0.022394,27.223682
235.200,28.1213,150.0000,65.1875,65.1597,4227.32,0.022383,27.223682
235.300,28.1213,150.0000,65.1875,65.1593,4226.71,0.022374,27.223682
235.400,28.1213,150.0000,65.1250,65.1589,4226.15,0.022365,27.223682
235.500,28.1213,150.0000,65.2500,65.1585,4225.62,0.022356,27.223682
235.600,28.1213,150.0000,65.2500,65.1581,4225.12,0.022348,27.223682
235.700,28.1213,150.0000,65.1875,65.1577,4224.66,0.022341,27.223682
235.800,28.1213,150.0000,65.1250,65.1573,4224.23,0.022334,27.223682
235.900,28.1213,150.0000,65.2500,65.1569,4223.82,0.022328,27.223682
236.000,28.4477,150.0000,65.1875,65.1565,4226.71,0.022374,27.250899
236.100,28.4477,150.0000,65.1875,65.1561,4229.41,0.022416,27.250899
236.200,28.4477,150.0000,65.0625,65.1557,4231.93,0.022456,27.250899
236.300,28.4477,150.0000,65.1250,65.1552,4234.27,0.022494,27.250899
236.400,28.4477,150.0000,65.1875,65.1548,4236.47,0.022529,27.250899
236.500,28.4477,150.0000,65.1875,65.1543,4238.51,0.022561,27.250899
236.600,28.4477,150.0000,65.2500,65.1539,4240.42,0.022592,27.250899
236.700,28.4477,150.0000,65.1875,65.1534,4242.20,0.022620,27.250899
236.800,28.4477,150.0000,65.2500,65.1529,4243.87,0.022647,27.250899
236.900,28.4477,150.0000,65.1250,65.1524,4245.42,0.022672,27.250899
237.000,27.8629,150.0000,65.2500,65.1519,4241.02,0.022601,27.264507
237.100,27.8629,150.0000,65.1875,65.1515,4236.91,0.022536,27.264507
237.200,27.8629,150.0000,65.1875,65.1511,4233.08,0.022475,27.264507
237.300,27.8629,150.0000,65.1875,65.1507,4229.51,0.022418,27.264507
237.400,27.8629,150.0000,65.0625,65.1503,4226.17,0.022365,27.264507
237.500,27.8629,150.0000,65.2500,65.1499,4223.05,0.022315,27.264507
237.600,27.8629,150.0000,65.1250,65.1496,4220.14,0.022269,27.264507
237.700,27.8629,150.0000,65.2500,65.1492,4217.43,0.022226,27.264507
237.800,27.8629,150.0000,65.1250,65.1489,4214.90,0.022186,27.264507
237.900,27.8629,150.0000,65.0625,65.1486,4212.53,0.022149,27.264507
238.000,27.5705,150.0000,65.1875,65.1483,4207.40,0.022068,27.271312
238.100,27.5705,150.0000,65.2500,65.1481,4202.61,0.021993,27.271312
238.200,27.5705,150.0000,65.1250,65.1478,4198.14,0.021923,27.271312
238.300,27.5705,150.0000,65.1875,65.1476,4193.97,0.021858,27.271312
238.400,27.5705,150.0000,65.1250,65.1474,4190.08,0.021797,27.271312
238.500,27.5705,150.0000,65.1250,65.1473,4186.45,0.021740,27.271312
238.600,27.5705,150.0000,65.1875,65.1471,4183.06,0.021687,27.271312
238.700,27.5705,150.0000,65.1250,65.1470,4179.89,0.021638,27.271312
238.800,27.5705,150.0000,65.1875,65.1469,4176.94,0.021592,27.271312
238.900,27.5705,150.0000,65.1875,65.1468,4174.18,0.021550,27.271312
239.000,28.1893,150.0000,65.0000,65.1466,4177.79,0.021606,27.291724
239.100,28.1893,150.0000,65.1250,65.1465,4181.17,0.021658,27.291724
239.200,28.1893,150.0000,65.1875,65.1463,4184.32,0.021707,27.291724
239.300,28.1893,150.0000,65.1875,65.1462,4187.25,0.021753,27.291724
239.400,28.1893,150.0000,65.1250,65.1460,4190.00,0.021796,27.291724
239.500,28.1893,150.0000,65.1875,65.1458,4192.56,0.021835,27.291724
239.600,28.1893,150.0000,65.2500,65.1456,4194.95,0.021873,27.291724
239.700,28.1893,150.0000,65.1875,65.1453,4197.18,0.021908,27.291724
239.800,28.1893,150.0000,65.0625,65.1451,4199.26,0.021940,27.291724
239.900,28.1893,150.0000,65.1250,65.1449,4201.20,0.021971,27.291724
240.000,27.9037,150.0000,65.0625,65.1446,4200.16,0.021954,27.305333
240.100,27.9037,150.0000,65.1875,65.1444,4199.18,0.021939,27.305333
240.200,27.9037,150.0000,65.1875,65.1442,4198.28,0.021925,27.305333
240.300,27.9037,150.0000,65.2500,65.1440,4197.43,0.021912,27.305333
240.400,27.9037,150.0000,65.1250,65.1438,4196.64,0.021899,27.305333
240.500,27.9037,150.0000,65.1250,65.1435,4195.90,0.021888,27.305333
240.600,27.9037,150.0000,65.2500,65.1433,4195.21,0.021877,27.305333
240.700,27.9037,150.0000,65.1875,65.1431,4194.57,0.021867,27.305333
240.800,27.9037,150.0000,65.1250,65.1429,4193.96,0.021858,27.305333
240.900,27.9037,150.0000,65.1250,65.1427,4193.40,0.021849,27.305333
241.000,27.9173,150.0000,65.1250,65.1425,4193.02,0.021843,27.318941
241.100,27.9173,150.0000,65.1250,65.1424,4192.66,0.021837,27.318941
241.200,27.9173,150.0000,65.2500,65.1422,4192.32,0.021832,27.318941
241.300,27.9173,150.0000,65.1250,65.1420,4192.00,0.021827,27.318941
241.400,27.9173,150.0000,65.1250,65.1418,4191.71,0.021822,27.318941
241.500,27.9173,150.0000,65.1250,65.1416,4191.44,0.021818,27.318941
241.600,27.9173,150.0000,65.1250,65.1414,4191.18,0.021814,27.318941
241.700,27.9173,150.0000,65.1250,65.1412,4190.94,0.021810,27.318941
241.800,27.9173,150.0000,65.3125,65.1411,4190.72,0.021807,27.318941
241.900,27.9173,150.0000,65.1250,65.1409,4190.51,0.021804,27.318941
242.000,27.9309,150.0000,65.1250,65.1407,4190.45,0.021803,27.332550
242.100,27.9309,150.0000,65.1875,65.1405,4190.40,0.021802,27.332550
242.200,27.9309,150.0000,65.1250,65.1404,4190.35,0.021801,27.332550
242.300,27.9309,150.0000,65.1250,65.1402,4190.30,0.021800,27.332550
242.400,27.9309,150.0000,65.1250,65.1400,4190.26,0.021800,27.332550
242.500,27.9309,150.0000,65.2500,65.1399,4190.22,0.021799,27.332550
242.600,27.9309,150.0000,65.1875,65.1397,4190.18,0.021798,27.332550
242.700,27.9309,150.0000,65.1875,65.1395,4190.14,0.021798,27.332550
242.800,27.9309,150.0000,65.1875,65.1393,4190.11,0.021797,27.332550
242.900,27.9309,150.0000,65.1250,65.1392,4190.08,0.021797,27.332550
243.000,27.9445,150.0000,65.2500,65.1390,4190.18,0.021798,27.346158
243.100,27.9445,150.0000,65.1250,65.1388,4190.28,0.021800,27.346158
243.200,27.9445,150.0000,65.2500,65.1387,4190.38,0.021801,27.346158
243.300,27.9445,150.0000,65.1875,65.1385,4190.46,0.021803,27.346158
243.400,27.9445,150.0000,65.0000,65.1383,4190.55,0.021804,27.346158
243.500,27.9445,150.0000,65.1875,65.1381,4190.62,0.021805,27.346158
243.600,27.9445,150.0000,65.1250,65.1380,4190.69,0.021806,27.346158
243.700,27.9445,150.0000,65.1250,65.1378,4190.76,0.021807,27.346158
243.800,27.9445,150.0000,65.1875,65.1376,4190.82,0.021808,27.346158
243.900,27.9445,150.0000,65.1875,65.1375,4190.88,0.021809,27.346158
244.000,28.2642,150.0000,65.1875,65.1373,4194.13,0.021860,27.366571
244.100,28.2642,150.0000,65.1250,65.1371,4197.16,0.021908,27.366571
244.200,28.2642,150.0000,65.1875,65.1369,4199.99,0.021952,27.366571
244.300,28.2642,150.0000,65.0625,65.1366,4202.63,0.021993,27.366571
244.400,28.2642,150.0000,65.1875,65.1364,4205.10,0.022032,27.366571
244.500,28.2642,150.0000,65.1875,65.1361,4207.40,0.022068,27.366571
244.600,28.2642,150.0000,65.0625,65.1359,4209.55,0.022102,27.366571
244.700,28.2642,150.0000,65.1875,65.1356,4211.55,0.022134,27.366571
244.800,28.2642,150.0000,65.1250,65.1353,4213.43,0.022163,27.366571
244.900,28.2642,150.0000,65.1250,65.1350,4215.17,0.022191,27.366571
245.000,27.9786,150.0000,65.1250,65.1347,4213.95,0.022171,27.380179
245.100,27.9786,150.0000,65.1875,65.1344,4212.80,0.022153,27.380179
245.200,27.9786,150.0000,65.2500,65.1342,4211.73,0.022137,27.380179
245.300,27.9786,150.0000,65.1250,65.1339,4210.74,0.022121,27.380179
245.400,27.9786,150.0000,65.2500,65.1336,4209.81,0.022106,27.380179
245.500,27.9786,150.0000,65.1250,65.1334,4208.94,0.022092,27.380179
245.600,27.9786,150.0000,65.1250,65.1331,4208.13,0.022080,27.380179
245.700,27.9786,150.0000,65.1250,65.1329,4207.37,0.022068,27.380179
245.800,27.9786,150.0000,65.1875,65.1326,4206.67,0.022057,27.380179
245.900,27.9786,150.0000,65.0625,65.1324,4206.01,0.022046,27.380179
246.000,27.6862,150.0000,65.1250,65.1322,4202.47,0.021991,27.386983
246.100,27.6862,150.0000,65.1875,65.1320,4199.17,0.021939,27.386983
246.200,27.6862,150.0000,65.1250,65.1318,4196.08,0.021891,27.386983
246.300,27.6862,150.0000,65.0625,65.1316,4193.21,0.021846,27.386983
246.400,27.6862,150.0000,65.1250,65.1315,4190.52,0.021804,27.386983
246.500,27.6862,150.0000,65.1250,65.1313,4188.02,0.021765,27.386983
246.600,27.6862,150.0000,65.0625,65.1312,4185.68,0.021728,27.386983
246.700,27.6862,150.0000,65.2500,65.1311,4183.49,0.021694,27.386983
246.800,27.6862,150.0000,65.1250,65.1310,4181.45,0.021662,27.386983
246.900,27.6862,150.0000,65.1250,65.1309,4179.55,0.021633,27.386983
247.000,27.9990,150.0000,65.0625,65.1308,4180.91,0.021654,27.400592
247.100,27.9990,150.0000,65.1250,65.1307,4182.17,0.021674,27.400592
247.200,27.9990,150.0000,65.0625,65.1305,4183.35,0.021692,27.400592
247.300,27.9990,150.0000,65.1250,65.1304,4184.45,0.021709,27.400592
247.400,27.9990,150.0000,65.2500,65.1303,4185.47,0.021725,27.400592
247.500,27.9990,150.0000,65.1875,65.1302,4186.43,0.021740,27.400592
247.600,27.9990,150.0000,65.1875,65.1300,4187.33,0.021754,27.400592
247.700,27.9990,150.0000,65.0625,65.1299,4188.16,0.021767,27.400592
247.800,27.9990,150.0000,65.1250,65.1297,4188.94,0.021779,27.400592
247.900,27.9990,150.0000,65.1250,65.1296,4189.67,0.021790,27.400592
248.000,28.0126,150.0000,65.2500,65.1295,4190.48,0.021803,27.414200
248.100,28.0126,150.0000,65.1250,65.1293,4191.24,0.021815,27.414200
248.200,28.0126,150.0000,65.1250,65.1291,4191.95,0.021826,27.414200
248.300,28.0126,150.0000,65.1250,65.1290,4192.61,0.021836,27.414200
248.400,28.0126,150.0000,65.1875,65.1288,4193.23,0.021846,27.414200
248.500,28.0126,150.0000,65.1875,65.1286,4193.81,0.021855,27.414200
248.600,28.0126,150.0000,65.1875,65.1285,4194.35,0.021864,27.414200
248.700,28.0126,150.0000,65.2500,65.1283,4194.85,0.021871,27.414200
248.800,28.0126,150.0000,65.1875,65.1281,4195.32,0.021879,27.414200
248.900,28.0126,150.0000,65.1250,65.1280,4195.76,0.021886,27.414200
249.000,28.0262,150.0000,65.1250,65.1278,4196.30,0.021894,27.427809
249.100,28.0262,150.0000,65.1875,65.1276,4196.81,0.021902,27.427809
249.200,28.0262,150.0000,65.2500,65.1274,4197.29,0.021909,27.427809
249.300,28.0262,150.0000,65.1250,65.1272,4197.73,0.021916,27.427809
249.400,28.0262,150.0000,65.1875,65.1270,4198.14,0.021923,27.427809
249.500,28.0262,150.0000,65.1250,65.1269,4198.53,0.021929,27.427809
249.600,28.0262,150.0000,65.1250,65.1267,4198.89,0.021935,27.427809
249.700,28.0262,150.0000,65.0625,65.1265,4199.22,0.021940,27.427809
249.800,28.0262,150.0000,65.0625,65.1263,4199.54,0.021945,27.427809
249.900,28.0262,150.0000,65.0625,65.1261,4199.83,0.021949,27.427809
250.000,27.7338,150.0000,65.1250,65.1259,4197.18,0.021908,27.434613
250.100,27.7338,150.0000,65.1875,65.1258,4194.71,0.021869,27.434613
250.200,27.7338,150.0000,65.1875,65.1256,4192.40,0.021833,27.434613
250.300,27.7338,150.0000,65.1250,65.1255,4190.24,0.021799,27.434613
250.400,27.7338,150.0000,65.1875,65.1253,4188.23,0.021768,27.434613
250.500,27.7338,150.0000,65.1250,65.1252,4186.35,0.021739,27.434613
250.600,27.7338,150.0000,65.1250,65.1251,4184.60,0.021711,27.434613
250.700,27.7338,150.0000,65.0000,65.1250,4182.97,0.021686,27.434613
250.800,27.7338,150.0000,65.1250,65.1249,4181.44,0.021662,27.434613
250.900,27.7338,150.0000,65.0625,65.1248,4180.02,0.021640,27.434613
251.000,27.7406,150.0000,65.1875,65.1247,4178.75,0.021621,27.441417
251.100,27.7406,150.0000,65.1875,65.1247,4177.58,0.021602,27.441417
251.200,27.7406,150.0000,65.0625,65.1246,4176.48,0.021585,27.441417
251.300,27.7406,150.0000,65.1250,65.1246,4175.45,0.021569,27.441417
251.400,27.7406,150.0000,65.1250,65.1245,4174.49,0.021554,27.441417
251.500,27.7406,150.0000,65.0625,65.1244,4173.60,0.021541,27.441417
251.600,27.7406,150.0000,65.1250,65.1244,4172.77,0.021528,27.441417
251.700,27.7406,150.0000,65.1875,65.1244,4171.99,0.021516,27.441417
251.800,27.7406,150.0000,65.1875,65.1243,4171.26,0.021504,27.441417
251.900,27.7406,150.0000,65.1250,65.1243,4170.58,0.021494,27.441417
252.000,28.0534,150.0000,65.1250,65.1242,4173.08,0.021533,27.455025
252.100,28.0534,150.0000,65.0625,65.1242,4175.41,0.021569,27.455025
252.200,28.0534,150.0000,65.1250,65.1241,4177.58,0.021602,27.455025
252.300,28.0534,150.0000,65.1250,65.1240,4179.61,0.021634,27.455025
252.400,28.0534,150.0000,65.1250,65.1239,4181.50,0.021663,27.455025
252.500,28.0534,150.0000,65.1250,65.1238,4183.27,0.021691,27.455025
252.600,28.0534,150.0000,65.1875,65.1237,4184.92,0.021716,27.455025
252.700,28.0534,150.0000,65.1250,65.1236,4186.46,0.021740,27.455025
252.800,28.0534,150.0000,65.1875,65.1235,4187.90,0.021763,27.455025
252.900,28.0534,150.0000,65.1875,65.1234,4189.24,0.021784,27.455025
253.000,28.3730,150.0000,65.1250,65.1232,4193.69,0.021853,27.475438
253.100,28.3730,150.0000,65.1250,65.1230,4197.84,0.021918,27.475438
253.200,28.3730,150.0000,65.1875,65.1228,4201.71,0.021979,27.475438
253.300,28.3730,150.0000,65.1250,65.1226,4205.33,0.022036,27.475438
253.400,28.3730,150.0000,65.1875,65.1224,4208.70,0.022089,27.475438
253.500,28.3730,150.0000,65.1250,65.1221,4211.85,0.022138,27.475438
253.600,28.3730,150.0000,65.1250,65.1219,4214.79,0.022185,27.475438
253.700,28.3730,150.0000,65.1875,65.1216,4217.54,0.022228,27.475438
253.800,28.3730,150.0000,65.1250,65.1213,4220.10,0.022269,27.475438
253.900,28.3730,150.0000,65.1875,65.1210,4222.49,0.022307,27.475438
254.000,28.3934,150.0000,65.1250,65.1207,4224.92,0.022345,27.495851
254.100,28.3934,150.0000,65.1875,65.1204,4227.20,0.022381,27.495851
254.200,28.3934,150.0000,65.0625,65.1200,4229.32,0.022415,27.495851
254.300,28.3934,150.0000,65.1250,65.1197,4231.30,0.022446,27.495851
254.400,28.3934,150.0000,65.1250,65.1193,4233.15,0.022476,27.495851
254.500,28.3934,150.0000,65.1875,65.1190,4234.87,0.022503,27.495851
254.600,28.3934,150.0000,65.1250,65.1186,4236.48,0.022529,27.495851
254.700,28.3934,150.0000,65.1875,65.1182,4237.98,0.022553,27.495851
254.800,28.3934,150.0000,65.1250,65.1179,4239.38,0.022575,27.495851
254.900,28.3934,150.0000,65.1250,65.1175,4240.69,0.022596,27.495851
255.000,28.1078,150.0000,65.1875,65.1171,4239.06,0.022570,27.509459
255.100,28.1078,150.0000,65.1875,65.1167,4237.53,0.022546,27.509459
255.200,28.1078,150.0000,65.1250,65.1163,4236.11,0.022523,27.509459
255.300,28.1078,150.0000,65.1875,65.1160,4234.78,0.022502,27.509459
255.400,28.1078,150.0000,65.1250,65.1156,4233.54,0.022482,27.509459
255.500,28.1078,150.0000,65.1875,65.1153,4232.38,0.022464,27.509459
255.600,28.1078,150.0000,65.1875,65.1150,4231.30,0.022446,27.509459
255.700,28.1078,150.0000,65.1875,65.1146,4230.29,0.022430,27.509459
255.800,28.1078,150.0000,65.0625,65.1143,4229.35,0.022415,27.509459
255.900,28.1078,150.0000,65.1875,65.1140,4228.47,0.022402,27.509459
256.000,28.4275,150.0000,65.1250,65.1137,4230.85,0.022439,27.529872
256.100,28.4275,150.0000,65.1250,65.1133,4233.07,0.022475,27.529872
256.200,28.4275,150.0000,65.1250,65.1130,4235.14,0.022508,27.529872
256.300,28.4275,150.0000,65.1875,65.1126,4237.07,0.022538,27.529872
256.400,28.4275,150.0000,65.1250,65.1123,4238.87,0.022567,27.529872
256.500,28.4275,150.0000,65.0625,65.1119,4240.56,0.022594,27.529872
256.600,28.4275,150.0000,65.1875,65.1115,4242.13,0.022619,27.529872
256.700,28.4275,150.0000,65.0625,65.1111,4243.59,0.022643,27.529872
256.800,28.4275,150.0000,65.0000,65.1107,4244.96,0.022665,27.529872
256.900,28.4275,150.0000,65.1250,65.1103,4246.24,0.022685,27.529872
257.000,28.1419,150.0000,65.1250,65.1099,4244.58,0.022658,27.543480
257.100,28.1419,150.0000,65.1250,65.1095,4243.02,0.022634,27.543480
257.200,28.1419,150.0000,65.1250,65.1092,4241.57,0.022610,27.543480
257.300,28.1419,150.0000,65.1875,65.1088,4240.22,0.022589,27.543480
257.400,28.1419,150.0000,65.0625,65.1084,4238.96,0.022569,27.543480
257.500,28.1419,150.0000,65.0625,65.1081,4237.78,0.022550,27.543480
257.600,28.1419,150.0000,65.1875,65.1077,4236.68,0.022532,27.543480
257.700,28.1419,150.0000,65.1250,65.1074,4235.65,0.022516,27.543480
257.800,28.1419,150.0000,65.0625,65.1071,4234.69,0.022501,27.543480
257.900,28.1419,150.0000,65.0625,65.1067,4233.80,0.022486,27.543480
258.000,27.8495,150.0000,65.0000,65.1064,4230.04,0.022426,27.550285
258.100,27.8495,150.0000,65.1250,65.1061,4226.53,0.022371,27.550285
258.200,27.8495,150.0000,65.1250,65.1059,4223.26,0.022319,27.550285
258.300,27.8495,150.0000,65.0625,65.1056,4220.20,0.022270,27.550285
258.400,27.8495,150.0000,65.0625,65.1054,4217.35,0.022225,27.550285
258.500,27.8495,150.0000,65.0625,65.1051,4214.69,0.022183,27.550285
258.600,27.8495,150.0000,65.1250,65.1049,4212.21,0.022144,27.550285
258.700,27.8495,150.0000,65.1875,65.1047,4209.89,0.022107,27.550285
258.800,27.8495,150.0000,65.0625,65.1045,4207.72,0.022073,27.550285
258.900,27.8495,150.0000,65.0625,65.1044,4205.70,0.022042,27.550285
259.000,27.8563,150.0000,65.1250,65.1042,4203.88,0.022013,27.557089
259.100,27.8563,150.0000,65.0625,65.1040,4202.19,0.021986,27.557089
259.200,27.8563,150.0000,65.1250,65.1039,4200.61,0.021961,27.557089
259.300,27.8563,150.0000,65.0625,65.1038,4199.13,0.021938,27.557089
259.400,27.8563,150.0000,65.2500,65.1036,4197.75,0.021917,27.557089
259.500,27.8563,150.0000,65.2500,65.1035,4196.46,0.021897,27.557089
259.600,27.8563,150.0000,65.1250,65.1034,4195.26,0.021878,27.557089
259.700,27.8563,150.0000,65.1875,65.1033,4194.14,0.021860,27.557089
259.800,27.8563,150.0000,65.1250,65.1032,4193.09,0.021844,27.557089
259.900,27.8563,150.0000,65.1250,65.1031,4192.12,0.021829,27.557089
260.000,28.1691,150.0000,65.0625,65.1030,4194.33,0.021863,27.570697
260.100,28.1691,150.0000,65.0625,65.1028,4196.40,0.021896,27.570697
260.200,28.1691,150.0000,65.1875,65.1027,4198.33,0.021926,27.570697
260.300,28.1691,150.0000,65.1250,65.1026,4200.13,0.021954,27.570697
260.400,28.1691,150.0000,65.1250,65.1024,4201.82,0.021980,27.570697
260.500,28.1691,150.0000,65.0625,65.1023,4203.39,0.022005,27.570697
260.600,28.1691,150.0000,65.1250,65.1021,4204.85,0.022028,27.570697
260.700,28.1691,150.0000,65.1250,65.1019,4206.22,0.022050,27.570697
260.800,28.1691,150.0000,65.1250,65.1017,4207.49,0.022070,27.570697
260.900,28.1691,150.0000,65.1250,65.1016,4208.69,0.022088,27.570697
261.000,28.1827,150.0000,65.1250,65.1014,4209.93,0.022108,27.584306
261.100,28.1827,150.0000,65.1250,65.1012,4211.10,0.022126,27.584306
261.200,28.1827,150.0000,65.1875,65.1010,4212.19,0.022144,27.584306
261.300,28.1827,150.0000,65.1250,65.1008,4213.20,0.022160,27.584306
261.400,28.1827,150.0000,65.1250,65.1005,4214.15,0.022175,27.584306
261.500,28.1827,150.0000,65.2500,65.1003,4215.03,0.022189,27.584306
261.600,28.1827,150.0000,65.0625,65.1001,4215.86,0.022202,27.584306
261.700,28.1827,150.0000,65.1250,65.0999,4216.63,0.022214,27.584306
261.800,28.1827,150.0000,65.1250,65.0997,4217.34,0.022225,27.584306
261.900,28.1827,150.0000,65.0625,65.0994,4218.02,0.022236,27.584306
262.000,27.8903,150.0000,65.1250,65.0992,4215.72,0.022199,27.591110
262.100,27.8903,150.0000,65.0625,65.0990,4213.57,0.022166,27.591110
262.200,27.8903,150.0000,65.1250,65.0988,4211.57,0.022134,27.591110
262.300,27.8903,150.0000,65.0000,65.0986,4209.70,0.022104,27.591110
262.400,27.8903,150.0000,65.2500,65.0985,4207.96,0.022077,27.591110
262.500,27.8903,150.0000,65.1250,65.0983,4206.33,0.022051,27.591110
262.600,27.8903,150.0000,65.1250,65.0981,4204.81,0.022028,27.591110
262.700,27.8903,150.0000,65.0625,65.0980,4203.39,0.022005,27.591110
262.800,27.8903,150.0000,65.1250,65.0978,4202.07,0.021984,27.591110
262.900,27.8903,150.0000,65.1250,65.0977,4200.84,0.021965,27.591110
263.000,28.2031,150.0000,65.0625,65.0976,4202.81,0.021996,27.604718
263.100,28.2031,150.0000,65.1250,65.0974,4204.65,0.022025,27.604718
263.200,28.2031,150.0000,65.1875,65.0972,4206.38,0.022052,27.604718
263.300,28.2031,150.0000,65.1250,65.0971,4207.98,0.022077,27.604718
263.400,28.2031,150.0000,65.1250,65.0969,4209.48,0.022101,27.604718
263.500,28.2031,150.0000,65.0625,65.0967,4210.88,0.022123,27.604718
263.600,28.2031,150.0000,65.1250,65.0965,4212.19,0.022144,27.604718
263.700,28.2031,150.0000,65.1250,65.0963,4213.40,0.022163,27.604718
263.800,28.2031,150.0000,65.1250,65.0961,4214.54,0.022181,27.604718
263.900,28.2031,150.0000,65.1250,65.0959,4215.60,0.022198,27.604718
264.000,28.2167,150.0000,65.0625,65.0957,4216.73,0.022215,27.618327
264.100,28.2167,150.0000,65.0625,65.0955,4217.78,0.022232,27.618327
264.200,28.2167,150.0000,65.1875,65.0953,4218.76,0.022248,27.618327
264.300,28.2167,150.0000,65.1875,65.0950,4219.68,0.022262,27.618327
264.400,28.2167,150.0000,65.0000,65.0948,4220.54,0.022276,27.618327
264.500,28.2167,150.0000,65.0625,65.0946,4221.33,0.022288,27.618327
264.600,28.2167,150.0000,65.1250,65.0943,4222.08,0.022300,27.618327
264.700,28.2167,150.0000,65.0625,65.0941,4222.77,0.022311,27.618327
264.800,28.2167,150.0000,65.1250,65.0938,4223.42,0.022321,27.618327
264.900,28.2167,150.0000,65.1875,65.0936,4224.03,0.022331,27.618327
265.000,28.5363,150.0000,65.1875,65.0933,4227.79,0.022391,27.638739
265.100,28.5363,150.0000,65.0625,65.0930,4231.30,0.022446,27.638739
265.200,28.5363,150.0000,65.1250,65.0927,4234.58,0.022499,27.638739
265.300,28.5363,150.0000,65.1250,65.0924,4237.63,0.022547,27.638739
265.400,28.5363,150.0000,65.0625,65.0921,4240.49,0.022593,27.638739
265.500,28.5363,150.0000,64.9375,65.0917,4243.15,0.022636,27.638739
265.600,28.5363,150.0000,65.1250,65.0914,4245.64,0.022675,27.638739
265.700,28.5363,150.0000,65.1875,65.0910,4247.96,0.022713,27.638739
265.800,28.5363,150.0000,65.1250,65.0906,4250.13,0.022747,27.638739
265.900,28.5363,150.0000,65.1875,65.0902,4252.15,0.022780,27.638739
266.000,28.5567,150.0000,65.0625,65.0898,4254.24,0.022813,27.659152
266.100,28.5567,150.0000,65.0625,65.0894,4256.19,0.022845,27.659152
266.200,28.5567,150.0000,65.1250,65.0890,4258.01,0.022874,27.659152
266.300,28.5567,150.0000,65.1250,65.0886,4259.71,0.022902,27.659152
266.400,28.5567,150.0000,65.1250,65.0882,4261.30,0.022927,27.659152
266.500,28.5567,150.0000,65.1875,65.0877,4262.78,0.022951,27.659152
266.600,28.5567,150.0000,65.1875,65.0873,4264.16,0.022973,27.659152
266.700,28.5567,150.0000,65.1875,65.0868,4265.45,0.022994,27.659152
266.800,28.5567,150.0000,65.0625,65.0864,4266.65,0.023014,27.659152
266.900,28.5567,150.0000,65.1250,65.0859,4267.78,0.023032,27.659152
267.000,28.2712,150.0000,65.0625,65.0855,4265.97,0.023003,27.672761
267.100,28.2712,150.0000,65.1250,65.0850,4264.28,0.022975,27.672761
267.200,28.2712,150.0000,65.1250,65.0846,4262.71,0.022950,27.672761
267.300,28.2712,150.0000,65.1875,65.0842,4261.24,0.022926,27.672761
267.400,28.2712,150.0000,65.0625,65.0837,4259.87,0.022904,27.672761
267.500,28.2712,150.0000,65.1250,65.0833,4258.59,0.022884,27.672761
267.600,28.2712,150.0000,65.1875,65.0829,4257.40,0.022864,27.672761
267.700,28.2712,150.0000,65.1875,65.0825,4256.28,0.022846,27.672761
267.800,28.2712,150.0000,65.1250,65.0822,4255.24,0.022830,27.672761
267.900,28.2712,150.0000,65.0625,65.0818,4254.27,0.022814,27.672761
268.000,27.9788,150.0000,65.1250,65.0814,4250.44,0.022752,27.679565
268.100,27.9788,150.0000,65.1250,65.0811,4246.86,0.022695,27.679565
268.200,27.9788,150.0000,65.1875,65.0807,4243.53,0.022642,27.679565
268.300,27.9788,150.0000,65.0625,65.0804,4240.41,0.022592,27.679565
268.400,27.9788,150.0000,65.1250,65.0802,4237.51,0.022545,27.679565
268.500,27.9788,150.0000,65.0625,65.0799,4234.79,0.022502,27.679565
268.600,27.9788,150.0000,65.0625,65.0796,4232.26,0.022462,27.679565
268.700,27.9788,150.0000,65.0625,65.0794,4229.90,0.022424,27.679565
268.800,27.9788,150.0000,65.0625,65.0791,4227.69,0.022389,27.679565
268.900,27.9788,150.0000,65.0625,65.0789,4225.63,0.022356,27.679565
269.000,27.9856,150.0000,65.0625,65.0787,4223.78,0.022327,27.686369
269.100,27.9856,150.0000,65.1250,65.0785,4222.05,0.022300,27.686369
269.200,27.9856,150.0000,65.0625,65.0783,4220.44,0.022274,27.686369
269.300,27.9856,150.0000,65.0625,65.0781,4218.93,0.022250,27.686369
269.400,27.9856,150.0000,65.0000,65.0779,4217.52,0.022228,27.686369
269.500,27.9856,150.0000,65.1250,65.0778,4216.21,0.022207,27.686369
269.600,27.9856,150.0000,65.1250,65.0776,4214.99,0.022188,27.686369
269.700,27.9856,150.0000,65.0000,65.0774,4213.84,0.022170,27.686369
269.800,27.9856,150.0000,65.1250,65.0773,4212.78,0.022153,27.686369
269.900,27.9856,150.0000,65.1250,65.0771,4211.78,0.022137,27.686369
270.000,28.2984,150.0000,65.1250,65.0770,4213.98,0.022172,27.699977
270.100,28.2984,150.0000,65.1250,65.0768,4216.03,0.022204,27.699977
270.200,28.2984,150.0000,65.0625,65.0766,4217.94,0.022235,27.699977
270.300,28.2984,150.0000,65.1250,65.0764,4219.73,0.022263,27.699977
270.400,28.2984,150.0000,65.1250,65.0763,4221.40,0.022289,27.699977
270.500,28.2984,150.0000,65.1250,65.0760,4222.96,0.022314,27.699977
270.600,28.2984,150.0000,65.1250,65.0758,4224.41,0.022337,27.699977
270.700,28.2984,150.0000,65.0000,65.0756,4225.77,0.022359,27.699977
270.800,28.2984,150.0000,65.1250,65.0754,4227.03,0.022379,27.699977
270.900,28.2984,150.0000,65.0625,65.0752,4228.21,0.022397,27.699977
271.000,28.0060,150.0000,65.1250,65.0749,4226.39,0.022368,27.706782
271.100,28.0060,150.0000,65.1250,65.0747,4224.69,0.022341,27.706782
271.200,28.0060,150.0000,65.0625,65.0745,4223.11,0.022316,27.706782
271.300,28.0060,150.0000,65.0625,65.0743,4221.63,0.022293,27.706782
271.400,28.0060,150.0000,65.0000,65.0742,4220.24,0.022271,27.706782
271.500,28.0060,150.0000,65.1250,65.0740,4218.95,0.022251,27.706782
271.600,28.0060,150.0000,65.1250,65.0738,4217.75,0.022232,27.706782
271.700,28.0060,150.0000,65.0625,65.0736,4216.63,0.022214,27.706782
271.800,28.0060,150.0000,65.1250,65.0735,4215.58,0.022197,27.706782
271.900,28.0060,150.0000,65.0625,65.0733,4214.60,0.022182,27.706782
272.000,28.0128,150.0000,65.0625,65.0732,4213.75,0.022168,27.713586
272.100,28.0128,150.0000,65.0625,65.0730,4212.96,0.022156,27.713586
272.200,28.0128,150.0000,65.1250,65.0729,4212.23,0.022144,27.713586
272.300,28.0128,150.0000,65.1250,65.0728,4211.54,0.022133,27.713586
272.400,28.0128,150.0000,65.1250,65.0726,4210.90,0.022123,27.713586
272.500,28.0128,150.0000,65.0625,65.0725,4210.30,0.022114,27.713586
272.600,28.0128,150.0000,65.1250,65.0724,4209.74,0.022105,27.713586
272.700,28.0128,150.0000,65.1250,65.0723,4209.22,0.022097,27.713586
272.800,28.0128,150.0000,65.0625,65.0721,4208.73,0.022089,27.713586
272.900,28.0128,150.0000,65.0625,65.0720,4208.28,0.022082,27.713586
273.000,28.0196,150.0000,65.0625,65.0719,4207.92,0.022076,27.720390
273.100,28.0196,150.0000,65.1875,65.0718,4207.59,0.022071,27.720390
273.200,28.0196,150.0000,65.1250,65.0717,4207.28,0.022066,27.720390
273.300,28.0196,150.0000,65.1250,65.0716,4206.99,0.022062,27.720390
273.400,28.0196,150.0000,65.1250,65.0715,4206.72,0.022058,27.720390
273.500,28.0196,150.0000,65.0625,65.0714,4206.47,0.022054,27.720390
273.600,28.0196,150.0000,65.0625,65.0713,4206.23,0.022050,27.720390
273.700,28.0196,150.0000,65.1250,65.0712,4206.01,0.022046,27.720390
273.800,28.0196,150.0000,65.0625,65.0711,4205.81,0.022043,27.720390
273.900,28.0196,150.0000,65.0625,65.0710,4205.62,0.022040,27.720390
274.000,28.0264,150.0000,65.1250,65.0709,4205.51,0.022038,27.727194
274.100,28.0264,150.0000,65.0000,65.0708,4205.40,0.022037,27.727194
274.200,28.0264,150.0000,65.0625,65.0707,4205.31,0.022035,27.727194
274.300,28.0264,150.0000,65.0625,65.0706,4205.22,0.022034,27.727194
274.400,28.0264,150.0000,65.0000,65.0705,4205.13,0.022033,27.727194
274.500,28.0264,150.0000,65.0625,65.0704,4205.05,0.022031,27.727194
274.600,28.0264,150.0000,65.0000,65.0703,4204.98,0.022030,27.727194
274.700,28.0264,150.0000,65.1250,65.0702,4204.91,0.022029,27.727194
274.800,28.0264,150.0000,65.0625,65.0701,4204.85,0.022028,27.727194
274.900,28.0264,150.0000,65.0625,65.0700,4204.79,0.022027,27.727194
275.000,28.0332,150.0000,65.1250,65.0699,4204.80,0.022027,27.733998
275.100,28.0332,150.0000,65.1250,65.0698,4204.81,0.022028,27.733998
275.200,28.0332,150.0000,65.0625,65.0697,4204.83,0.022028,27.733998
275.300,28.0332,150.0000,65.0625,65.0696,4204.84,0.022028,27.733998
275.400,28.0332,150.0000,65.1250,65.0695,4204.85,0.022028,27.733998
275.500,28.0332,150.0000,65.0000,65.0694,4204.85,0.022028,27.733998
275.600,28.0332,150.0000,65.0625,65.0693,4204.86,0.022028,27.733998
275.700,28.0332,150.0000,65.1250,65.0692,4204.87,0.022028,27.733998
275.800,28.0332,150.0000,65.1875,65.0692,4204.88,0.022029,27.733998
275.900,28.0332,150.0000,65.0000,65.0691,4204.88,0.022029,27.733998
276.000,27.7340,150.0000,65.0625,65.0690,4201.90,0.021982,27.733998
276.100,27.7340,150.0000,65.0625,65.0689,4199.11,0.021938,27.733998
276.200,27.7340,150.0000,65.2500,65.0689,4196.51,0.021897,27.733998
276.300,27.7340,150.0000,65.0000,65.0688,4194.08,0.021859,27.733998
276.400,27.7340,150.0000,65.1875,65.0688,4191.82,0.021824,27.733998
276.500,27.7340,150.0000,65.0625,65.0688,4189.70,0.021791,27.733998
276.600,27.7340,150.0000,65.0625,65.0688,4187.73,0.021760,27.733998
276.700,27.7340,150.0000,65.0625,65.0688,4185.89,0.021731,27.733998
276.800,27.7340,150.0000,65.0000,65.0688,4184.17,0.021705,27.733998
276.900,27.7340,150.0000,65.0625,65.0689,4182.56,0.021680,27.733998
277.000,28.0400,150.0000,65.0625,65.0689,4184.13,0.021704,27.740803
277.100,28.0400,150.0000,65.0625,65.0689,4185.58,0.021727,27.740803
277.200,28.0400,150.0000,65.0625,65.0689,4186.95,0.021748,27.740803
277.300,28.0400,150.0000,65.0625,65.0689,4188.22,0.021768,27.740803
277.400,28.0400,150.0000,65.1250,65.0689,4189.40,0.021786,27.740803
277.500,28.0400,150.0000,65.0625,65.0689,4190.51,0.021804,27.740803
277.600,28.0400,150.0000,65.1250,65.0688,4191.54,0.021820,27.740803
277.700,28.0400,150.0000,65.0625,65.0688,4192.50,0.021835,27.740803
277.800,28.0400,150.0000,65.0625,65.0688,4193.40,0.021849,27.740803
277.900,28.0400,150.0000,65.1875,65.0687,4194.24,0.021862,27.740803
278.000,28.6588,150.0000,65.1250,65.0687,4201.22,0.021971,27.761215
278.100,28.6588,150.0000,65.0625,65.0686,4207.72,0.022073,27.761215
278.200,28.6588,150.0000,65.0625,65.0684,4213.80,0.022169,27.761215
278.300,28.6588,150.0000,65.0625,65.0683,4219.46,0.022259,27.761215
278.400,28.6588,150.0000,65.2500,65.0681,4224.75,0.022342,27.761215
278.500,28.6588,150.0000,65.0000,65.0678,4229.69,0.022421,27.761215
278.600,28.6588,150.0000,65.0625,65.0676,4234.30,0.022494,27.761215
278.700,28.6588,150.0000,65.0625,65.0673,4238.60,0.022563,27.761215
278.800,28.6588,150.0000,65.0625,65.0670,4242.62,0.022627,27.761215
278.900,28.6588,150.0000,65.0625,65.0667,4246.36,0.022687,27.761215
279.000,28.0672,150.0000,65.0000,65.0664,4243.94,0.022648,27.768020
279.100,28.0672,150.0000,65.1250,65.0662,4241.69,0.022612,27.768020
279.200,28.0672,150.0000,65.0625,65.0659,4239.58,0.022578,27.768020
279.300,28.0672,150.0000,65.1250,65.0656,4237.61,0.022547,27.768020
279.400,28.0672,150.0000,65.0625,65.0654,4235.78,0.022518,27.768020
279.500,28.0672,150.0000,65.1250,65.0652,4234.07,0.022490,27.768020
279.600,28.0672,150.0000,65.1250,65.0649,4232.47,0.022465,27.768020
279.700,28.0672,150.0000,65.1250,65.0647,4230.97,0.022441,27.768020
279.800,28.0672,150.0000,65.1875,65.0645,4229.58,0.022419,27.768020
279.900,28.0672,150.0000,65.0625,65.0643,4228.28,0.022398,27.768020
280.000,28.0740,150.0000,65.0000,65.0641,4227.14,0.022380,27.774824
280.100,28.0740,150.0000,65.0625,65.0639,4226.07,0.022363,27.774824
280.200,28.0740,150.0000,65.0000,65.0637,4225.07,0.022347,27.774824
280.300,28.0740,150.0000,65.0000,65.0635,4224.14,0.022333,27.774824
280.400,28.0740,150.0000,65.0000,65.0634,4223.27,0.022319,27.774824
280.500,28.0740,150.0000,65.0625,65.0632,4222.46,0.022306,27.774824
280.600,28.0740,150.0000,65.0625,65.0630,4221.70,0.022294,27.774824
280.700,28.0740,150.0000,65.0625,65.0628,4220.99,0.022283,27.774824
280.800,28.0740,150.0000,65.1250,65.0627,4220.34,0.022272,27.774824
280.900,28.0740,150.0000,65.1250,65.0625,4219.72,0.022263,27.774824
281.000,28.3868,150.0000,65.0625,65.0624,4222.27,0.022303,27.788432
281.100,28.3868,150.0000,65.0625,65.0622,4224.66,0.022341,27.788432
281.200,28.3868,150.0000,65.0625,65.0620,4226.88,0.022376,27.788432
281.300,28.3868,150.0000,65.0000,65.0618,4228.96,0.022409,27.788432
281.400,28.3868,150.0000,65.0625,65.0616,4230.90,0.022440,27.788432
281.500,28.3868,150.0000,65.0625,65.0614,4232.70,0.022469,27.788432
281.600,28.3868,150.0000,65.1250,65.0611,4234.39,0.022496,27.788432
281.700,28.3868,150.0000,65.1250,65.0609,4235.97,0.022521,27.788432
281.800,28.3868,150.0000,65.1250,65.0606,4237.44,0.022544,27.788432
281.900,28.3868,150.0000,65.0625,65.0604,4238.81,0.022566,27.788432
282.000,28.0944,150.0000,65.0000,65.0601,4237.17,0.022540,27.795236
282.100,28.0944,150.0000,65.1875,65.0599,4235.63,0.022515,27.795236
282.200,28.0944,150.0000,65.1250,65.0597,4234.20,0.022493,27.795236
282.300,28.0944,150.0000,65.1250,65.0595,4232.87,0.022471,27.795236
282.400,28.0944,150.0000,65.0625,65.0593,4231.62,0.022452,27.795236
282.500,28.0944,150.0000,65.0625,65.0590,4230.46,0.022433,27.795236
282.600,28.0944,150.0000,65.1250,65.0588,4229.37,0.022416,27.795236
282.700,28.0944,150.0000,65.1250,65.0587,4228.36,0.022400,27.795236
282.800,28.0944,150.0000,65.1250,65.0585,4227.41,0.022385,27.795236
282.900,28.0944,150.0000,65.1250,65.0583,4226.53,0.022371,27.795236
283.000,28.4072,150.0000,64.9375,65.0581,4228.83,0.022407,27.808845
283.100,28.4072,150.0000,65.0000,65.0579,4230.98,0.022441,27.808845
283.200,28.4072,150.0000,65.0625,65.0577,4232.99,0.022473,27.808845
283.300,28.4072,150.0000,65.0625,65.0574,4234.86,0.022503,27.808845
283.400,28.4072,150.0000,65.1250,65.0572,4236.61,0.022531,27.808845
283.500,28.4072,150.0000,65.1250,65.0570,4238.24,0.022557,27.808845
283.600,28.4072,150.0000,65.0000,65.0567,4239.76,0.022581,27.808845
283.700,28.4072,150.0000,65.0625,65.0565,4241.19,0.022604,27.808845
283.800,28.4072,150.0000,65.0625,65.0562,4242.51,0.022625,27.808845
283.900,28.4072,150.0000,65.0625,65.0559,4243.75,0.022645,27.808845
284.000,28.1148,150.0000,65.0000,65.0557,4241.98,0.022617,27.815649
284.100,28.1148,150.0000,65.0000,65.0554,4240.33,0.022590,27.815649
284.200,28.1148,150.0000,65.0625,65.0552,4238.79,0.022566,27.815649
284.300,28.1148,150.0000,65.0625,65.0550,4237.35,0.022543,27.815649
284.400,28.1148,150.0000,65.0625,65.0547,4236.01,0.022522,27.815649
284.500,28.1148,150.0000,65.1250,65.0545,4234.76,0.022502,27.815649
284.600,28.1148,150.0000,65.0625,65.0543,4233.59,0.022483,27.815649
284.700,28.1148,150.0000,65.1250,65.0541,4232.50,0.022466,27.815649
284.800,28.1148,150.0000,65.0000,65.0539,4231.48,0.022449,27.815649
284.900,28.1148,150.0000,65.0000,65.0537,4230.53,0.022434,27.815649
285.000,27.8156,150.0000,65.0625,65.0535,4226.65,0.022373,27.815649
285.100,27.8156,150.0000,65.1250,65.0534,4223.03,0.022315,27.815649
285.200,27.8156,150.0000,65.0625,65.0532,4219.65,0.022262,27.815649
285.300,27.8156,150.0000,65.1250,65.0531,4216.50,0.022212,27.815649
285.400,27.8156,150.0000,65.1250,65.0530,4213.56,0.022165,27.815649
285.500,27.8156,150.0000,65.1250,65.0529,4210.81,0.022122,27.815649
285.600,27.8156,150.0000,65.1250,65.0529,4208.24,0.022082,27.815649
285.700,27.8156,150.0000,65.1250,65.0528,4205.85,0.022044,27.815649
285.800,27.8156,150.0000,65.0625,65.0527,4203.62,0.022009,27.815649
285.900,27.8156,150.0000,65.0000,65.0527,4201.53,0.021976,27.815649
286.000,27.8156,150.0000,65.1250,65.0527,4199.59,0.021946,27.815649
286.100,27.8156,150.0000,65.0625,65.0527,4197.77,0.021917,27.815649
286.200,27.8156,150.0000,65.1875,65.0527,4196.08,0.021891,27.815649
286.300,27.8156,150.0000,65.1250,65.0527,4194.49,0.021866,27.815649
286.400,27.8156,150.0000,65.0000,65.0527,4193.02,0.021843,27.815649
286.500,27.8156,150.0000,65.0000,65.0527,4191.64,0.021821,27.815649
286.600,27.8156,150.0000,65.1250,65.0527,4190.35,0.021801,27.815649
286.700,27.8156,150.0000,64.9375,65.0527,4189.15,0.021782,27.815649
286.800,27.8156,150.0000,65.0625,65.0528,4188.03,0.021765,27.815649
286.900,27.8156,150.0000,65.1875,65.0528,4186.99,0.021749,27.815649
287.000,28.7336,150.0000,65.1875,65.0528,4195.19,0.021877,27.836062
287.100,28.7336,150.0000,65.0625,65.0527,4202.85,0.021997,27.836062
287.200,28.7336,150.0000,64.9375,65.0527,4209.99,0.022109,27.836062
287.300,28.7336,150.0000,65.0625,65.0525,4216.67,0.022214,27.836062
287.400,28.7336,150.0000,64.9375,65.0524,4222.89,0.022313,27.836062
287.500,28.7336,150.0000,65.0625,65.0522,4228.70,0.022405,27.836062
287.600,28.7336,150.0000,65.0625,65.0520,4234.12,0.022491,27.836062
287.700,28.7336,150.0000,65.0000,65.0518,4239.19,0.022572,27.836062
287.800,28.7336,150.0000,65.0625,65.0515,4243.91,0.022648,27.836062
287.900,28.7336,150.0000,65.0000,65.0512,4248.32,0.022718,27.836062
288.000,27.8361,150.0000,65.1250,65.0510,4243.46,0.022640,27.836062
288.100,27.8361,150.0000,65.0625,65.0507,4238.92,0.022568,27.836062
288.200,27.8361,150.0000,65.0625,65.0505,4234.69,0.022500,27.836062
288.300,27.8361,150.0000,65.0000,65.0503,4230.74,0.022437,27.836062
288.400,27.8361,150.0000,65.0000,65.0502,4227.05,0.022379,27.836062
288.500,27.8361,150.0000,65.0000,65.0500,4223.60,0.022324,27.836062
288.600,27.8361,150.0000,65.0625,65.0499,4220.39,0.022273,27.836062
288.700,27.8361,150.0000,65.0000,65.0498,4217.39,0.022226,27.836062
288.800,27.8361,150.0000,65.1250,65.0497,4214.59,0.022182,27.836062
288.900,27.8361,150.0000,65.1250,65.0496,4211.98,0.022140,27.836062
289.000,28.4481,150.0000,65.0625,65.0495,4215.66,0.022199,27.849670
289.100,28.4481,150.0000,65.0625,65.0494,4219.10,0.022253,27.849670
289.200,28.4481,150.0000,65.1875,65.0492,4222.31,0.022304,27.849670
289.300,28.4481,150.0000,65.0625,65.0491,4225.30,0.022351,27.849670
289.400,28.4481,150.0000,65.1250,65.0489,4228.09,0.022395,27.849670
289.500,28.4481,150.0000,65.1250,65.0487,4230.70,0.022437,27.849670
289.600,28.4481,150.0000,65.0625,65.0485,4233.14,0.022476,27.849670
289.700,28.4481,150.0000,65.1250,65.0483,4235.41,0.022512,27.849670
289.800,28.4481,150.0000,65.0000,65.0481,4237.53,0.022546,27.849670
289.900,28.4481,150.0000,65.0000,65.0479,4239.51,0.022577,27.849670
290.000,27.8497,150.0000,65.0000,65.0477,4235.37,0.022511,27.849670
290.100,27.8497,150.0000,65.0625,65.0475,4231.51,0.022450,27.849670
290.200,27.8497,150.0000,65.0000,65.0473,4227.90,0.022392,27.849670
290.300,27.8497,150.0000,65.0625,65.0472,4224.54,0.022339,27.849670
290.400,27.8497,150.0000,65.1250,65.0470,4221.40,0.022289,27.849670
290.500,27.8497,150.0000,65.0625,65.0469,4218.47,0.022243,27.849670
290.600,27.8497,150.0000,65.1250,65.0468,4215.74,0.022200,27.849670
290.700,27.8497,150.0000,65.1250,65.0467,4213.18,0.022159,27.849670
290.800,27.8497,150.0000,65.0000,65.0467,4210.80,0.022122,27.849670
290.900,27.8497,150.0000,65.0625,65.0466,4208.58,0.022087,27.849670
291.000,28.1557,150.0000,65.0625,65.0465,4209.56,0.022102,27.856474
291.100,28.1557,150.0000,65.0000,65.0465,4210.48,0.022117,27.856474
291.200,28.1557,150.0000,65.1250,65.0464,4211.34,0.022130,27.856474
291.300,28.1557,150.0000,65.0625,65.0463,4212.14,0.022143,27.856474
291.400,28.1557,150.0000,65.0625,65.0462,4212.89,0.022155,27.856474
291.500,28.1557,150.0000,65.0625,65.0461,4213.59,0.022166,27.856474
291.600,28.1557,150.0000,65.0625,65.0460,4214.24,0.022176,27.856474
291.700,28.1557,150.0000,65.0625,65.0460,4214.84,0.022186,27.856474
291.800,28.1557,150.0000,65.0000,65.0459,4215.41,0.022195,27.856474
291.900,28.1557,150.0000,65.0625,65.0458,4215.94,0.022203,27.856474
292.000,28.1625,150.0000,65.0625,65.0457,4216.50,0.022212,27.863279
292.100,28.1625,150.0000,65.0000,65.0455,4217.03,0.022220,27.863279
292.200,28.1625,150.0000,65.0625,65.0454,4217.52,0.022228,27.863279
292.300,28.1625,150.0000,65.0000,65.0453,4217.97,0.022235,27.863279
292.400,28.1625,150.0000,65.0000,65.0452,4218.40,0.022242,27.863279
292.500,28.1625,150.0000,65.0000,65.0451,4218.80,0.022248,27.863279
292.600,28.1625,150.0000,65.0625,65.0450,4219.17,0.022254,27.863279
292.700,28.1625,150.0000,65.0000,65.0449,4219.52,0.022259,27.863279
292.800,28.1625,150.0000,65.0000,65.0448,4219.84,0.022265,27.863279
292.900,28.1625,150.0000,65.0000,65.0446,4220.14,0.022269,27.863279
293.000,27.8633,150.0000,65.0000,65.0445,4217.43,0.022226,27.863279
293.100,27.8633,150.0000,65.0625,65.0445,4214.90,0.022187,27.863279
293.200,27.8633,150.0000,65.0000,65.0444,4212.54,0.022149,27.863279
293.300,27.8633,150.0000,65.0000,65.0443,4210.34,0.022115,27.863279
293.400,27.8633,150.0000,65.1250,65.0443,4208.28,0.022082,27.863279
293.500,27.8633,150.0000,65.0625,65.0442,4206.36,0.022052,27.863279
293.600,27.8633,150.0000,65.0625,65.0442,4204.57,0.022024,27.863279
293.700,27.8633,150.0000,65.1250,65.0441,4202.90,0.021997,27.863279
293.800,27.8633,150.0000,65.0000,65.0441,4201.34,0.021973,27.863279
293.900,27.8633,150.0000,65.0625,65.0441,4199.88,0.021950,27.863279
294.000,28.1693,150.0000,65.0625,65.0441,4201.58,0.021977,27.870083
294.100,28.1693,150.0000,65.0625,65.0441,4203.17,0.022002,27.870083
294.200,28.1693,150.0000,65.0000,65.0440,4204.65,0.022025,27.870083
294.300,28.1693,150.0000,65.1250,65.0440,4206.03,0.022047,27.870083
294.400,28.1693,150.0000,65.1250,65.0439,4207.32,0.022067,27.870083
294.500,28.1693,150.0000,65.1875,65.0439,4208.53,0.022086,27.870083
294.600,28.1693,150.0000,65.0625,65.0438,4209.65,0.022104,27.870083
294.700,28.1693,150.0000,65.0000,65.0438,4210.70,0.022120,27.870083
294.800,28.1693,150.0000,65.0625,65.0437,4211.68,0.022136,27.870083
294.900,28.1693,150.0000,65.0625,65.0436,4212.60,0.022150,27.870083
295.000,28.1761,150.0000,65.0000,65.0435,4213.52,0.022165,27.876887
295.100,28.1761,150.0000,65.1250,65.0434,4214.38,0.022178,27.876887
295.200,28.1761,150.0000,65.0625,65.0434,4215.18,0.022191,27.876887
295.300,28.1761,150.0000,65.0000,65.0433,4215.93,0.022203,27.876887
295.400,28.1761,150.0000,65.0625,65.0432,4216.63,0.022214,27.876887
295.500,28.1761,150.0000,65.0000,65.0431,4217.28,0.022224,27.876887
295.600,28.1761,150.0000,65.0625,65.0430,4217.89,0.022234,27.876887
295.700,28.1761,150.0000,65.1250,65.0429,4218.46,0.022243,27.876887
295.800,28.1761,150.0000,65.1250,65.0428,4218.99,0.022251,27.876887
295.900,28.1761,150.0000,65.1250,65.0426,4219.48,0.022259,27.876887
296.000,28.4889,150.0000,65.0625,65.0425,4223.07,0.022316,27.890496
296.100,28.4889,150.0000,65.1250,65.0424,4226.42,0.022369,27.890496
296.200,28.4889,150.0000,65.1250,65.0422,4229.55,0.022419,27.890496
296.300,28.4889,150.0000,65.0625,65.0420,4232.47,0.022465,27.890496
296.400,28.4889,150.0000,65.1250,65.0418,4235.19,0.022508,27.890496
296.500,28.4889,150.0000,65.0625,65.0416,4237.74,0.022549,27.890496
296.600,28.4889,150.0000,65.0000,65.0414,4240.11,0.022587,27.890496
296.700,28.4889,150.0000,65.1250,65.0412,4242.32,0.022622,27.890496
296.800,28.4889,150.0000,65.0000,65.0409,4244.39,0.022655,27.890496
296.900,28.4889,150.0000,65.0625,65.0407,4246.32,0.022686,27.890496
297.000,28.1965,150.0000,65.0625,65.0405,4245.20,0.022668,27.897300
297.100,28.1965,150.0000,65.1250,65.0402,4244.15,0.022652,27.897300
297.200,28.1965,150.0000,65.1250,65.0400,4243.17,0.022636,27.897300
297.300,28.1965,150.0000,64.9375,65.0398,4242.26,0.022621,27.897300
297.400,28.1965,150.0000,65.0625,65.0395,4241.41,0.022608,27.897300
297.500,28.1965,150.0000,65.0000,65.0393,4240.61,0.022595,27.897300
297.600,28.1965,150.0000,65.0000,65.0391,4239.87,0.022583,27.897300
297.700,28.1965,150.0000,65.0625,65.0389,4239.17,0.022572,27.897300
297.800,28.1965,150.0000,65.0000,65.0387,4238.53,0.022562,27.897300
297.900,28.1965,150.0000,65.1875,65.0385,4237.92,0.022552,27.897300
298.000,28.8153,150.0000,65.0625,65.0383,4243.55,0.022642,27.917712
298.100,28.8153,150.0000,65.0625,65.0380,4248.80,0.022726,27.917712
298.200,28.8153,150.0000,65.0000,65.0378,4253.70,0.022805,27.917712
298.300,28.8153,150.0000,65.1250,65.0374,4258.27,0.022878,27.917712
298.400,28.8153,150.0000,65.0625,65.0371,4262.54,0.022947,27.917712
298.500,28.8153,150.0000,65.0625,65.0368,4266.52,0.023012,27.917712
298.600,28.8153,150.0000,65.0000,65.0364,4270.24,0.023072,27.917712
298.700,28.8153,150.0000,65.0000,65.0360,4273.71,0.023128,27.917712
298.800,28.8153,150.0000,65.0625,65.0356,4276.95,0.023181,27.917712
298.900,28.8153,150.0000,65.0000,65.0352,4279.97,0.023230,27.917712
299.000,27.9177,150.0000,65.0000,65.0348,4273.82,0.023130,27.917712
299.100,27.9177,150.0000,65.0000,65.0345,4268.08,0.023037,27.917712
299.200,27.9177,150.0000,65.0000,65.0342,4262.71,0.022950,27.917712
299.300,27.9177,150.0000,65.1250,65.0339,4257.71,0.022869,27.917712
299.400,27.9177,150.0000,65.0625,65.0336,4253.04,0.022794,27.917712
299.500,27.9177,150.0000,64.9375,65.0334,4248.68,0.022724,27.917712
299.600,27.9177,150.0000,65.0625,65.0331,4244.61,0.022659,27.917712
299.700,27.9177,150.0000,65.0000,65.0329,4240.82,0.022598,27.917712
299.800,27.9177,150.0000,65.0000,65.0328,4237.27,0.022542,27.917712
299.900,27.9177,150.0000,65.0625,65.0326,4233.96,0.022489,27.917712
300.000,28.2237,300.0000,65.0625,65.1212,4233.94,0.022488,27.924517
300.100,28.2237,300.0000,65.0000,65.2097,4233.91,0.022488,27.924517
300.200,28.2237,300.0000,65.1250,65.2979,4233.89,0.022488,27.924517
300.300,28.2237,300.0000,64.8750,65.3859,4233.87,0.022487,27.924517
300.400,28.2237,300.0000,65.0625,65.4738,4233.85,0.022487,27.924517
300.500,28.2237,300.0000,65.0625,65.5615,4233.83,0.022487,27.924517
300.600,28.2237,300.0000,65.1250,65.6489,4233.81,0.022486,27.924517
300.700,28.2237,300.0000,65.0625,65.7362,4233.79,0.022486,27.924517
300.800,28.2237,300.0000,65.0625,65.8232,4233.78,0.022486,27.924517
300.900,28.2237,300.0000,65.0625,65.9101,4233.76,0.022486,27.924517
301.000,28.2305,300.0000,65.0625,65.9968,4233.82,0.022487,27.931321
301.100,28.2305,300.0000,65.0625,66.0833,4233.87,0.022487,27.931321
301.200,28.2305,300.0000,65.0625,66.1696,4233.91,0.022488,27.931321
301.300,28.2305,300.0000,65.0000,66.2557,4233.96,0.022489,27.931321
301.400,28.2305,300.0000,65.0625,66.3416,4234.00,0.022489,27.931321
301.500,28.2305,300.0000,64.9375,66.4273,4234.04,0.022490,27.931321
301.600,28.2305,300.0000,65.0625,66.5129,4234.07,0.022491,27.931321
301.700,28.2305,300.0000,65.0000,66.5982,4234.11,0.022491,27.931321
301.800,28.2305,300.0000,65.1250,66.6834,4234.14,0.022492,27.931321
301.900,28.2305,300.0000,65.1250,66.7683,4234.17,0.022492,27.931321
302.000,28.5433,300.0000,65.0625,66.8531,4237.32,0.022542,27.944929
302.100,28.5433,300.0000,65.0000,66.9376,4240.27,0.022589,27.944929
302.200,28.5433,300.0000,65.0000,67.0219,4243.02,0.022633,27.944929
302.300,28.5433,300.0000,65.0625,67.1060,4245.58,0.022675,27.944929
302.400,28.5433,300.0000,65.0000,67.1899,4247.98,0.022713,27.944929
302.500,28.5433,300.0000,65.1250,67.2735,4250.21,0.022749,27.944929
302.600,28.5433,300.0000,65.1875,67.3570,4252.30,0.022782,27.944929
302.700,28.5433,300.0000,65.0000,67.4402,4254.24,0.022814,27.944929
302.800,28.5433,300.0000,65.0000,67.5233,4256.06,0.022843,27.944929
302.900,28.5433,300.0000,65.0625,67.6061,4257.76,0.022870,27.944929
303.000,28.2509,300.0000,65.0625,67.6888,4256.42,0.022849,27.951734
303.100,28.2509,300.0000,65.1250,67.7713,4255.16,0.022828,27.951734
303.200,28.2509,300.0000,65.0625,67.8537,4254.00,0.022810,27.951734
303.300,28.2509,300.0000,65.0625,67.9358,4252.91,0.022792,27.951734
303.400,28.2509,300.0000,65.0000,68.0178,4251.89,0.022776,27.951734
303.500,28.2509,300.0000,65.0625,68.0996,4250.94,0.022760,27.951734
303.600,28.2509,300.0000,65.1875,68.1813,4250.05,0.022746,27.951734
303.700,28.2509,300.0000,65.1875,68.2628,4249.22,0.022733,27.951734
303.800,28.2509,300.0000,65.0625,68.3441,4248.45,0.022721,27.951734
303.900,28.2509,300.0000,65.1250,68.4252,4247.73,0.022709,27.951734
304.000,28.5637,300.0000,65.1250,68.5061,4250.19,0.022748,27.965342
304.100,28.5637,300.0000,65.1875,68.5868,4252.48,0.022785,27.965342
304.200,28.5637,300.0000,65.3125,68.6673,4254.62,0.022820,27.965342
304.300,28.5637,300.0000,65.2500,68.7477,4256.61,0.022852,27.965342
304.400,28.5637,300.0000,65.3750,68.8278,4258.48,0.022882,27.965342
304.500,28.5637,300.0000,65.4375,68.9077,4260.21,0.022910,27.965342
304.600,28.5637,300.0000,65.3125,68.9874,4261.84,0.022936,27.965342
304.700,28.5637,300.0000,65.4375,69.0670,4263.35,0.022960,27.965342
304.800,28.5637,300.0000,65.5000,69.1463,4264.77,0.022983,27.965342
304.900,28.5637,300.0000,65.5625,69.2255,4266.09,0.023005,27.965342
305.000,30.7193,300.0000,65.5625,69.3042,4288.87,0.023375,28.026580
305.100,30.7193,300.0000,65.6250,69.3825,4310.14,0.023725,28.026580
305.200,30.7193,300.0000,65.7500,69.4605,4329.99,0.024054,28.026580
305.300,30.7193,300.0000,65.7500,69.5381,4348.52,0.024364,28.026580
305.400,30.7193,300.0000,65.6250,69.6153,4365.81,0.024656,28.026580
305.500,30.7193,300.0000,65.8125,69.6922,4381.95,0.024930,28.026580
305.600,30.7193,300.0000,65.8750,69.7688,4397.01,0.025188,28.026580
305.700,30.7193,300.0000,65.8750,69.8450,4411.07,0.025431,28.026580
305.800,30.7193,300.0000,65.9375,69.9210,4424.20,0.025658,28.026580
305.900,30.7193,300.0000,66.0000,69.9966,4436.44,0.025872,28.026580
306.000,32.9226,300.0000,65.9375,70.0718,4469.91,0.026462,28.135447
306.100,32.9226,300.0000,66.1250,70.1464,4501.14,0.027020,28.135447
306.200,32.9226,300.0000,66.1250,70.2206,4530.29,0.027549,28.135447
306.300,32.9226,300.0000,66.3125,70.2943,4557.49,0.028048,28.135447
306.400,32.9226,300.0000,66.3750,70.3676,4582.89,0.028520,28.135447
306.500,32.9226,300.0000,66.3750,70.4405,4606.59,0.028964,28.135447
306.600,32.9226,300.0000,66.4375,70.5130,4628.71,0.029384,28.135447
306.700,32.9226,300.0000,66.4375,70.5851,4649.35,0.029779,28.135447
306.800,32.9226,300.0000,66.5625,70.6568,4668.62,0.030150,28.135447
306.900,32.9226,300.0000,66.6875,70.7283,4686.60,0.030500,28.135447
307.000,36.3974,300.0000,66.6875,70.7990,4738.14,0.031517,28.319161
307.100,36.3974,300.0000,66.7500,70.8691,4786.24,0.032487,28.319161
307.200,36.3974,300.0000,66.8125,70.9385,4831.13,0.033410,28.319161
307.300,36.3974,300.0000,66.9375,71.0074,4873.03,0.034286,28.319161
307.400,36.3974,300.0000,66.8750,71.0757,4912.13,0.035119,28.319161
307.500,36.3974,300.0000,67.0000,71.1435,4948.63,0.035907,28.319161
307.600,36.3974,300.0000,67.1250,71.2108,4982.70,0.036654,28.319161
307.700,36.3974,300.0000,67.1875,71.2776,5014.49,0.037360,28.319161
307.800,36.3974,300.0000,67.1875,71.3440,5044.17,0.038027,28.319161
307.900,36.3974,300.0000,67.3125,71.4100,5071.86,0.038657,28.319161
308.000,39.6411,300.0000,67.3750,71.4752,5130.15,0.040005,28.570917
308.100,39.6411,300.0000,67.3750,71.5397,5184.55,0.041291,28.570917
308.200,39.6411,300.0000,67.5000,71.6035,5235.33,0.042517,28.570917
308.300,39.6411,300.0000,67.5625,71.6668,5282.72,0.043682,28.570917
308.400,39.6411,300.0000,67.6250,71.7294,5326.95,0.044788,28.570917
308.500,39.6411,300.0000,67.7500,71.7915,5368.23,0.045837,28.570917
308.600,39.6411,300.0000,67.6875,71.8531,5406.76,0.046831,28.570917
308.700,39.6411,300.0000,67.8750,71.9142,5442.72,0.047772,28.570917
308.800,39.6411,300.0000,67.9375,71.9748,5476.28,0.048661,28.570917
308.900,39.6411,300.0000,68.0000,72.0349,5507.61,0.049501,28.570917
309.000,43.2589,300.0000,68.0625,72.0943,5573.02,0.051286,28.897520
309.100,43.2589,300.0000,68.1250,72.1529,5634.08,0.052990,28.897520
309.200,43.2589,300.0000,68.1250,72.2108,5691.06,0.054614,28.897520
309.300,43.2589,300.0000,68.2500,72.2681,5744.25,0.056160,28.897520
309.400,43.2589,300.0000,68.2500,72.3248,5793.88,0.057628,28.897520
309.500,43.2589,300.0000,68.3750,72.3808,5840.21,0.059022,28.897520
309.600,43.2589,300.0000,68.3750,72.4364,5883.46,0.060343,28.897520
309.700,43.2589,300.0000,68.4375,72.4914,5923.81,0.061593,28.897520
309.800,43.2589,300.0000,68.6250,72.5459,5961.48,0.062775,28.897520
309.900,43.2589,300.0000,68.6875,72.5999,5996.64,0.063893,28.897520
310.000,46.9515,300.0000,68.6875,72.6531,6066.38,0.066148,29.298969
310.100,46.9515,300.0000,68.7500,72.7056,6131.47,0.068300,29.298969
310.200,46.9515,300.0000,68.9375,72.7574,6192.22,0.070350,29.298969
310.300,46.9515,300.0000,68.9375,72.8085,6248.92,0.072300,29.298969
310.400,46.9515,300.0000,69.0625,72.8590,6301.84,0.074153,29.298969
310.500,46.9515,300.0000,69.1250,72.9088,6351.23,0.075910,29.298969
310.600,46.9515,300.0000,69.1875,72.9582,6397.33,0.077575,29.298969
310.700,46.9515,300.0000,69.2500,73.0070,6440.36,0.079151,29.298969
310.800,46.9515,300.0000,69.3125,73.0553,6480.51,0.080641,29.298969
310.900,46.9515,300.0000,69.3125,73.1031,6517.99,0.082048,29.298969
311.000,50.4129,300.0000,69.5000,73.1501,6587.59,0.084704,29.768460
311.100,50.4129,300.0000,69.5000,73.1965,6652.55,0.087235,29.768460
311.200,50.4129,300.0000,69.6250,73.2421,6713.17,0.089642,29.768460
311.300,50.4129,300.0000,69.6250,73.2871,6769.76,0.091928,29.768460
311.400,50.4129,300.0000,69.7500,73.3315,6822.57,0.094096,29.768460
311.500,50.4129,300.0000,69.8125,73.3753,6871.86,0.096150,29.768460
311.600,50.4129,300.0000,69.9375,73.4186,6917.87,0.098094,29.768460
311.700,50.4129,300.0000,69.8750,73.4613,6960.80,0.099932,29.768460
311.800,50.4129,300.0000,69.9375,73.5036,7000.88,0.101668,29.768460
311.900,50.4129,300.0000,70.0000,73.5455,7038.28,0.103306,29.768460
312.000,54.2484,300.0000,70.1875,73.5865,7111.55,0.106566,30.312798
312.100,54.2484,300.0000,70.1875,73.6269,7179.93,0.109670,30.312798
312.200,54.2484,300.0000,70.3125,73.6665,7243.75,0.112620,30.312798
312.300,54.2484,300.0000,70.4375,73.7054,7303.32,0.115422,30.312798
312.400,54.2484,300.0000,70.4375,73.7438,7358.92,0.118078,30.312798
312.500,54.2484,300.0000,70.5000,73.7816,7410.81,0.120593,30.312798
312.600,54.2484,300.0000,70.5625,73.8188,7459.24,0.122973,30.312798
312.700,54.2484,300.0000,70.6250,73.8556,7504.44,0.125222,30.312798
312.800,54.2484,300.0000,70.6875,73.8918,7546.63,0.127346,30.312798
312.900,54.2484,300.0000,70.8750,73.9276,7586.00,0.129350,30.312798
313.000,59.0767,300.0000,70.7500,73.9626,7671.04,0.133748,30.952394
313.100,59.0767,300.0000,70.9375,73.9967,7750.40,0.137943,30.952394
313.200,59.0767,300.0000,71.0000,74.0300,7824.47,0.141936,30.952394
313.300,59.0767,300.0000,71.0625,74.0627,7893.61,0.145731,30.952394
313.400,59.0767,300.0000,71.0625,74.0946,7958.14,0.149335,30.952394
313.500,59.0767,300.0000,71.0000,74.1260,8018.36,0.152751,30.952394
313.600,59.0767,300.0000,71.1875,74.1567,8074.57,0.155986,30.952394
313.700,59.0767,300.0000,71.0625,74.1869,8127.03,0.159046,30.952394
313.800,59.0767,300.0000,71.3750,74.2166,8176.00,0.161938,30.952394
313.900,59.0767,300.0000,71.4375,74.2457,8221.70,0.164669,30.952394
314.000,62.4703,300.0000,71.4375,74.2742,8298.29,0.169314,31.653229
314.100,62.4703,300.0000,71.5000,74.3018,8369.77,0.173727,31.653229
314.200,62.4703,300.0000,71.5625,74.3289,8436.49,0.177915,31.653229
314.300,62.4703,300.0000,71.5625,74.3552,8498.76,0.181884,31.653229
314.400,62.4703,300.0000,71.7500,74.3810,8556.88,0.185641,31.653229
314.500,62.4703,300.0000,71.6875,74.4063,8611.13,0.189193,31.653229
314.600,62.4703,300.0000,71.7500,74.4310,8661.75,0.192550,31.653229
314.700,62.4703,300.0000,71.8125,74.4552,8709.01,0.195719,31.653229
314.800,62.4703,300.0000,71.9375,74.4790,8753.11,0.198707,31.653229
314.900,62.4703,300.0000,71.8750,74.5024,8794.27,0.201524,31.653229
315.000,65.3132,300.0000,72.0000,74.5251,8861.12,0.206154,32.401693
315.100,65.3132,300.0000,72.0625,74.5471,8923.51,0.210539,32.401693
315.200,65.3132,300.0000,72.1250,74.5686,8981.74,0.214688,32.401693
315.300,65.3132,300.0000,72.0625,74.5896,9036.09,0.218609,32.401693
315.400,65.3132,300.0000,72.1875,74.6100,9086.82,0.222311,32.401693
315.500,65.3132,300.0000,72.2500,74.6300,9134.16,0.225804,32.401693
315.600,65.3132,300.0000,72.3125,74.6495,9178.35,0.229097,32.401693
315.700,65.3132,300.0000,72.3750,74.6687,9219.59,0.232199,32.401693
315.800,65.3132,300.0000,72.3750,74.6874,9258.08,0.235120,32.401693
315.900,65.3132,300.0000,72.5000,74.7058,9294.01,0.237868,32.401693
316.000,69.1216,300.0000,72.4375,74.7234,9365.62,0.243409,33.218199
316.100,69.1216,300.0000,72.5000,74.7405,9432.46,0.248658,33.218199
316.200,69.1216,300.0000,72.6250,74.7569,9494.85,0.253624,33.218199
316.300,69.1216,300.0000,72.6250,74.7728,9553.08,0.258319,33.218199
316.400,69.1216,300.0000,72.6875,74.7882,9607.42,0.262752,33.218199
316.500,69.1216,300.0000,72.8125,74.8031,9658.14,0.266936,33.218199
316.600,69.1216,300.0000,72.7500,74.8175,9705.48,0.270880,33.218199
316.700,69.1216,300.0000,72.8750,74.8315,9749.67,0.274597,33.218199
316.800,69.1216,300.0000,72.8750,74.8451,9790.90,0.278096,33.218199
316.900,69.1216,300.0000,72.9375,74.8583,9829.39,0.281389,33.218199
317.000,72.0801,300.0000,73.0000,74.8709,9894.90,0.287052,34.082335
317.100,72.0801,300.0000,72.9375,74.8830,9956.04,0.292406,34.082335
317.200,72.0801,300.0000,72.9375,74.8945,10013.11,0.297463,34.082335
317.300,72.0801,300.0000,73.0000,74.9055,10066.37,0.302235,34.082335
317.400,72.0801,300.0000,73.1875,74.9160,10116.08,0.306735,34.082335
317.500,72.0801,300.0000,73.1875,74.9261,10162.47,0.310974,34.082335
317.600,72.0801,300.0000,73.2500,74.9359,10205.78,0.314967,34.082335
317.700,72.0801,300.0000,73.3125,74.9452,10246.19,0.318723,34.082335
317.800,72.0801,300.0000,73.3750,74.9542,10283.91,0.322256,34.082335
317.900,72.0801,300.0000,73.3750,74.9628,10319.12,0.325578,34.082335
318.000,75.0862,300.0000,73.4375,74.9709,10382.04,0.331570,34.994101
318.100,75.0862,300.0000,73.4375,74.9784,10440.77,0.337228,34.994101
318.200,75.0862,300.0000,73.4375,74.9855,10495.58,0.342567,34.994101
318.300,75.0862,300.0000,73.5625,74.9920,10546.74,0.347601,34.994101
318.400,75.0862,300.0000,73.6250,74.9982,10594.48,0.352343,34.994101
318.500,75.0862,300.0000,73.5625,75.0039,10639.05,0.356808,34.994101
318.600,75.0862,300.0000,73.5625,75.0093,10680.64,0.361009,34.994101
318.700,75.0862,300.0000,73.5625,75.0143,10719.46,0.364960,34.994101
318.800,75.0862,300.0000,73.6250,75.0190,10755.69,0.368673,34.994101
318.900,75.0862,300.0000,73.6250,75.0233,10789.51,0.372161,34.994101
319.000,77.2220,300.0000,73.7500,75.0272,10842.43,0.377664,35.933083
319.100,77.2220,300.0000,73.8125,75.0307,10891.82,0.382849,35.933083
319.200,77.2220,300.0000,73.8125,75.0338,10937.92,0.387731,35.933083
319.300,77.2220,300.0000,73.8125,75.0364,10980.94,0.392324,35.933083
319.400,77.2220,300.0000,73.8750,75.0387,11021.10,0.396644,35.933083
319.500,77.2220,300.0000,73.9375,75.0407,11058.58,0.400705,35.933083
319.600,77.2220,300.0000,73.9375,75.0424,11093.56,0.404519,35.933083
319.700,77.2220,300.0000,74.0625,75.0438,11126.21,0.408101,35.933083
319.800,77.2220,300.0000,73.9375,75.0449,11156.68,0.411464,35.933083
319.900,77.2220,300.0000,74.1250,75.0458,11185.13,0.414619,35.933083
320.000,80.6090,300.0000,74.0625,75.0461,11245.54,0.421373,36.926499
320.100,80.6090,300.0000,74.0625,75.0460,11301.93,0.427744,36.926499
320.200,80.6090,300.0000,74.1875,75.0454,11354.56,0.433747,36.926499
320.300,80.6090,300.0000,74.1875,75.0444,11403.68,0.439401,36.926499
320.400,80.6090,300.0000,74.2500,75.0430,11449.52,0.444721,36.926499
320.500,80.6090,300.0000,74.1875,75.0412,11492.31,0.449726,36.926499
320.600,80.6090,300.0000,74.2500,75.0391,11532.24,0.454431,36.926499
320.700,80.6090,300.0000,74.2500,75.0366,11569.52,0.458851,36.926499
320.800,80.6090,300.0000,74.1875,75.0339,11604.31,0.463003,36.926499
320.900,80.6090,300.0000,74.2500,75.0309,11636.78,0.466900,36.926499
321.000,82.2144,300.0000,74.3750,75.0275,11683.14,0.472503,37.933523
321.100,82.2144,300.0000,74.1875,75.0238,11726.40,0.477772,37.933523
321.200,82.2144,300.0000,74.3125,75.0197,11766.79,0.482725,37.933523
321.300,82.2144,300.0000,74.3750,75.0152,11804.48,0.487379,37.933523
321.400,82.2144,300.0000,74.4375,75.0105,11839.66,0.491749,37.933523
321.500,82.2144,300.0000,74.3750,75.0056,11872.49,0.495852,37.933523
321.600,82.2144,300.0000,74.5000,75.0003,11903.14,0.499701,37.933523
321.700,82.2144,300.0000,74.5625,74.9949,11931.74,0.503312,37.933523
321.800,82.2144,300.0000,74.5000,74.9892,11958.43,0.506698,37.933523
321.900,82.2144,300.0000,74.5000,74.9833,11983.35,0.509871,37.933523
322.000,84.4454,300.0000,74.4375,74.9771,12028.91,0.515710,38.967765
322.100,84.4454,300.0000,74.5000,74.9705,12071.44,0.521199,38.967765
322.200,84.4454,300.0000,74.5625,74.9635,12111.13,0.526357,38.967765
322.300,84.4454,300.0000,74.6250,74.9563,12148.18,0.531202,38.967765
322.400,84.4454,300.0000,74.5000,74.9488,12182.75,0.535750,38.967765
322.500,84.4454,300.0000,74.5625,74.9410,12215.02,0.540019,38.967765
322.600,84.4454,300.0000,74.6875,74.9330,12245.14,0.544024,38.967765
322.700,84.4454,300.0000,74.5625,74.9248,12273.25,0.547779,38.967765
322.800,84.4454,300.0000,74.6250,74.9164,12299.49,0.551300,38.967765
322.900,84.4454,300.0000,74.6250,74.9078,12323.98,0.554599,38.967765
323.000,86.0917,300.0000,74.6875,74.8988,12363.30,0.559924,40.015615
323.100,86.0917,300.0000,74.6875,74.8896,12399.99,0.564925,40.015615
323.200,86.0917,300.0000,74.7500,74.8801,12434.24,0.569619,40.015615
323.300,86.0917,300.0000,74.6875,74.8704,12466.21,0.574024,40.015615
323.400,86.0917,300.0000,74.6250,74.8604,12496.05,0.578155,40.015615
323.500,86.0917,300.0000,74.6875,74.8502,12523.89,0.582029,40.015615
323.600,86.0917,300.0000,74.6875,74.8398,12549.88,0.585660,40.015615
323.700,86.0917,300.0000,74.6875,74.8292,12574.14,0.589062,40.015615
323.800,86.0917,300.0000,74.8750,74.8185,12596.78,0.592250,40.015615
323.900,86.0917,300.0000,74.7500,74.8076,12617.91,0.595236,40.015615
324.000,87.7515,300.0000,74.8125,74.7964,12654.23,0.600391,41.077073
324.100,87.7515,300.0000,74.8125,74.7850,12688.13,0.605229,41.077073
324.200,87.7515,300.0000,74.8750,74.7733,12719.77,0.609768,41.077073
324.300,87.7515,300.0000,74.8125,74.7614,12749.30,0.614024,41.077073
324.400,87.7515,300.0000,74.6875,74.7493,12776.87,0.618015,41.077073
324.500,87.7515,300.0000,74.7500,74.7370,12802.59,0.621756,41.077073
324.600,87.7515,300.0000,74.8125,74.7245,12826.60,0.625260,41.077073
324.700,87.7515,300.0000,74.8750,74.7118,12849.01,0.628543,41.077073
324.800,87.7515,300.0000,74.8750,74.6990,12869.92,0.631617,41.077073
324.900,87.7515,300.0000,74.8125,74.6861,12889.44,0.634496,41.077073
325.000,89.1190,300.0000,74.8125,74.6730,12921.34,0.639217,42.145335
325.100,89.1190,300.0000,74.8125,74.6596,12951.10,0.643645,42.145335
325.200,89.1190,300.0000,74.8125,74.6460,12978.89,0.647796,42.145335
325.300,89.1190,300.0000,74.8750,74.6322,13004.82,0.651687,42.145335
325.400,89.1190,300.0000,74.8750,74.6182,13029.02,0.655332,42.145335
325.500,89.1190,300.0000,74.7500,74.6041,13051.61,0.658746,42.145335
325.600,89.1190,300.0000,74.8750,74.5899,13072.69,0.661944,42.145335
325.700,89.1190,300.0000,74.7500,74.5755,13092.37,0.664937,42.145335
325.800,89.1190,300.0000,74.8750,74.5610,13110.73,0.667739,42.145335
325.900,89.1190,300.0000,74.8750,74.5464,13127.87,0.670362,42.145335
326.000,90.4932,300.0000,74.9375,74.5315,13157.61,0.674928,43.220402
326.100,90.4932,300.0000,74.9375,74.5165,13185.37,0.679209,43.220402
326.200,90.4932,300.0000,74.8750,74.5012,13211.28,0.683220,43.220402
326.300,90.4932,300.0000,74.8750,74.4859,13235.46,0.686979,43.220402
326.400,90.4932,300.0000,74.8125,74.4703,13258.03,0.690499,43.220402
326.500,90.4932,300.0000,74.9375,74.4546,13279.09,0.693795,43.220402
326.600,90.4932,300.0000,74.8750,74.4388,13298.75,0.696881,43.220402
326.700,90.4932,300.0000,74.8125,74.4228,13317.10,0.699770,43.220402
326.800,90.4932,300.0000,74.8750,74.4068,13334.23,0.702473,43.220402
326.900,90.4932,300.0000,74.8750,74.3907,13350.21,0.705002,43.220402
327.000,91.5683,300.0000,74.9375,74.3743,13375.88,0.709077,44.295469
327.100,91.5683,300.0000,74.9375,74.3578,13399.84,0.712894,44.295469
327.200,91.5683,300.0000,74.8750,74.3412,13422.20,0.716468,44.295469
327.300,91.5683,300.0000,74.8750,74.3244,13443.07,0.719816,44.295469
327.400,91.5683,300.0000,74.8750,74.3075,13462.55,0.722949,44.295469
327.500,91.5683,300.0000,74.8125,74.2905,13480.73,0.725882,44.295469
327.600,91.5683,300.0000,74.8125,74.2734,13497.69,0.728626,44.295469
327.700,91.5683,300.0000,74.8125,74.2562,13513.53,0.731194,44.295469
327.800,91.5683,300.0000,74.8750,74.2389,13528.31,0.733596,44.295469
327.900,91.5683,300.0000,74.8750,74.2215,13542.11,0.735843,44.295469
328.000,92.6434,300.0000,74.8125,74.2040,13565.73,0.739701,45.370535
328.100,92.6434,300.0000,74.8125,74.1863,13587.78,0.743314,45.370535
328.200,92.6434,300.0000,74.8125,74.1685,13608.37,0.746697,45.370535
328.300,92.6434,300.0000,74.9375,74.1505,13627.58,0.749863,45.370535
328.400,92.6434,300.0000,74.8125,74.1325,13645.50,0.752827,45.370535
328.500,92.6434,300.0000,74.8125,74.1143,13662.24,0.755600,45.370535
328.600,92.6434,300.0000,74.7500,74.0961,13677.86,0.758194,45.370535
328.700,92.6434,300.0000,74.8750,74.0778,13692.43,0.760620,45.370535
328.800,92.6434,300.0000,74.6250,74.0594,13706.04,0.762890,45.370535
328.900,92.6434,300.0000,74.7500,74.0410,13718.73,0.765012,45.370535
329.000,93.1064,300.0000,74.8125,74.0224,13735.22,0.767773,46.431994
329.100,93.1064,300.0000,74.6875,74.0038,13750.60,0.770355,46.431994
329.200,93.1064,300.0000,74.6875,73.9851,13764.96,0.772771,46.431994
329.300,93.1064,300.0000,74.6875,73.9663,13778.36,0.775030,46.431994
329.400,93.1064,300.0000,74.6875,73.9475,13790.87,0.777143,46.431994
329.500,93.1064,300.0000,74.6875,73.9286,13802.54,0.779118,46.431994
329.600,93.1064,300.0000,74.6875,73.9096,13813.43,0.780964,46.431994
329.700,93.1064,300.0000,74.7500,73.8906,13823.60,0.782690,46.431994
329.800,93.1064,300.0000,74.6875,73.8716,13833.09,0.784303,46.431994
329.900,93.1064,300.0000,74.6875,73.8525,13841.95,0.785811,46.431994
330.000,93.8619,300.0000,74.7500,73.8334,13857.77,0.788509,47.486648
330.100,93.8619,300.0000,74.5625,73.8142,13872.54,0.791032,47.486648
330.200,93.8619,300.0000,74.5625,73.7949,13886.32,0.793393,47.486648
330.300,93.8619,300.0000,74.5625,73.7755,13899.19,0.795600,47.486648
330.400,93.8619,300.0000,74.6250,73.7561,13911.19,0.797663,47.486648
330.500,93.8619,300.0000,74.6250,73.7366,13922.40,0.799592,47.486648
330.600,93.8619,300.0000,74.6875,73.7171,13932.86,0.801396,47.486648
330.700,93.8619,300.0000,74.6250,73.6975,13942.62,0.803081,47.486648
330.800,93.8619,300.0000,74.6250,73.6780,13951.73,0.804657,47.486648
330.900,93.8619,300.0000,74.5625,73.6584,13960.24,0.806129,47.486648
331.000,94.3045,300.0000,74.6250,73.6387,13972.60,0.808272,48.527693
331.100,94.3045,300.0000,74.5625,73.6190,13984.14,0.810277,48.527693
331.200,94.3045,300.0000,74.5000,73.5992,13994.91,0.812150,48.527693
331.300,94.3045,300.0000,74.5000,73.5794,14004.96,0.813901,48.527693
331.400,94.3045,300.0000,74.5000,73.5596,14014.34,0.815538,48.527693
331.500,94.3045,300.0000,74.4375,73.5397,14023.10,0.817068,48.527693
331.600,94.3045,300.0000,74.4375,73.5198,14031.27,0.818497,48.527693
331.700,94.3045,300.0000,74.5000,73.4999,14038.90,0.819832,48.527693
331.800,94.3045,300.0000,74.4375,73.4800,14046.02,0.821080,48.527693
331.900,94.3045,300.0000,74.3750,73.4600,14052.66,0.822246,48.527693
332.000,94.4276,300.0000,74.4375,73.4401,14060.09,0.823551,49.548326
332.100,94.4276,300.0000,74.4375,73.4201,14067.03,0.824771,49.548326
332.200,94.4276,300.0000,74.3750,73.4001,14073.50,0.825910,49.548326
332.300,94.4276,300.0000,74.3750,73.3801,14079.54,0.826974,49.548326
332.400,94.4276,300.0000,74.5000,73.3602,14085.18,0.827969,49.548326
332.500,94.4276,300.0000,74.3125,73.3402,14090.45,0.828897,49.548326
332.600,94.4276,300.0000,74.3750,73.3202,14095.36,0.829764,49.548326
332.700,94.4276,300.0000,74.3125,73.3002,14099.95,0.830574,49.548326
332.800,94.4276,300.0000,74.3125,73.2803,14104.23,0.831331,49.548326
332.900,94.4276,300.0000,74.3125,73.2603,14108.22,0.832037,49.548326
333.000,95.1422,300.0000,74.2500,73.2403,14119.09,0.833963,50.562155
333.100,95.1422,300.0000,74.2500,73.2203,14129.24,0.835763,50.562155
333.200,95.1422,300.0000,74.2500,73.2002,14138.72,0.837445,50.562155
333.300,95.1422,300.0000,74.2500,73.1801,14147.56,0.839017,50.562155
333.400,95.1422,300.0000,74.1250,73.1600,14155.81,0.840486,50.562155
333.500,95.1422,300.0000,74.1250,73.1398,14163.51,0.841858,50.562155
333.600,95.1422,300.0000,74.1250,73.1197,14170.70,0.843141,50.562155
333.700,95.1422,300.0000,74.1875,73.0995,14177.41,0.844339,50.562155
333.800,95.1422,300.0000,74.0000,73.0793,14183.67,0.845458,50.562155
333.900,95.1422,300.0000,74.1250,73.0592,14189.51,0.846504,50.562155
334.000,95.2381,300.0000,74.1250,73.0390,14195.93,0.847652,51.555571
334.100,95.2381,300.0000,74.0625,73.0188,14201.91,0.848725,51.555571
334.200,95.2381,300.0000,74.1250,72.9986,14207.50,0.849726,51.555571
334.300,95.2381,300.0000,74.0625,72.9784,14212.71,0.850662,51.555571
334.400,95.2381,300.0000,74.0000,72.9582,14217.58,0.851536,51.555571
334.500,95.2381,300.0000,74.0000,72.9380,14222.12,0.852353,51.555571
334.600,95.2381,300.0000,74.0000,72.9179,14226.36,0.853115,51.555571
334.700,95.2381,300.0000,73.8750,72.8977,14230.32,0.853827,51.555571
334.800,95.2381,300.0000,73.9375,72.8776,14234.01,0.854492,51.555571
334.900,95.2381,300.0000,73.9375,72.8574,14237.46,0.855113,51.555571
335.000,95.3135,300.0000,73.8750,72.8373,14241.43,0.855829,52.528574
335.100,95.3135,300.0000,74.0625,72.8172,14245.13,0.856497,52.528574
335.200,95.3135,300.0000,73.9375,72.7971,14248.59,0.857121,52.528574
335.300,95.3135,300.0000,73.9375,72.7771,14251.82,0.857704,52.528574
335.400,95.3135,300.0000,74.0000,72.7570,14254.84,0.858248,52.528574
335.500,95.3135,300.0000,73.8750,72.7370,14257.65,0.858756,52.528574
335.600,95.3135,300.0000,73.9375,72.7170,14260.27,0.859231,52.528574
335.700,95.3135,300.0000,73.8125,72.6970,14262.72,0.859673,52.528574
335.800,95.3135,300.0000,73.8125,72.6771,14265.01,0.860087,52.528574
335.900,95.3135,300.0000,73.8750,72.6571,14267.14,0.860473,52.528574
336.000,95.9805,300.0000,73.7500,72.6372,14275.81,0.862041,53.494773
336.100,95.9805,300.0000,73.6875,72.6172,14283.89,0.863507,53.494773
336.200,95.9805,300.0000,73.7500,72.5972,14291.44,0.864876,53.494773
336.300,95.9805,300.0000,73.8125,72.5772,14298.48,0.866155,53.494773
336.400,95.9805,300.0000,73.6250,72.5572,14305.05,0.867350,53.494773
336.500,95.9805,300.0000,73.6875,72.5372,14311.19,0.868466,53.494773
336.600,95.9805,300.0000,73.6875,72.5171,14316.91,0.869509,53.494773
336.700,95.9805,300.0000,73.7500,72.4971,14322.26,0.870483,53.494773
336.800,95.9805,300.0000,73.7500,72.4771,14327.24,0.871393,53.494773
336.900,95.9805,300.0000,73.6250,72.4571,14331.90,0.872243,53.494773
337.000,95.7227,300.0000,73.6250,72.4371,14333.67,0.872565,54.433756
337.100,95.7227,300.0000,73.6250,72.4171,14335.31,0.872867,54.433756
337.200,95.7227,300.0000,73.5000,72.3972,14336.85,0.873148,54.433756
337.300,95.7227,300.0000,73.5000,72.3773,14338.29,0.873410,54.433756
337.400,95.7227,300.0000,73.5625,72.3575,14339.63,0.873655,54.433756
337.500,95.7227,300.0000,73.4375,72.3376,14340.88,0.873884,54.433756
337.600,95.7227,300.0000,73.2500,72.3179,14342.05,0.874098,54.433756
337.700,95.7227,300.0000,73.3750,72.2981,14343.14,0.874297,54.433756
337.800,95.7227,300.0000,73.4375,72.2784,14344.16,0.874483,54.433756
337.900,95.7227,300.0000,73.3750,72.2587,14345.11,0.874657,54.433756
338.000,95.4377,300.0000,73.3125,72.2391,14343.14,0.874298,55.345521
338.100,95.4377,300.0000,73.3125,72.2195,14341.31,0.873962,55.345521
338.200,95.4377,300.0000,73.3125,72.2000,14339.60,0.873650,55.345521
338.300,95.4377,300.0000,73.3750,72.1805,14338.00,0.873358,55.345521
338.400,95.4377,300.0000,73.3125,72.1611,14336.51,0.873086,55.345521
338.500,95.4377,300.0000,73.3750,72.1418,14335.12,0.872832,55.345521
338.600,95.4377,300.0000,73.1875,72.1225,14333.82,0.872594,55.345521
338.700,95.4377,300.0000,73.2500,72.1033,14332.61,0.872373,55.345521
338.800,95.4377,300.0000,73.1875,72.0841,14331.48,0.872167,55.345521
338.900,95.4377,300.0000,73.2500,72.0650,14330.43,0.871974,55.345521
339.000,95.7374,300.0000,73.1875,72.0459,14332.44,0.872342,56.243678
339.100,95.7374,300.0000,73.1875,72.0268,14334.32,0.872685,56.243678
339.200,95.7374,300.0000,73.1250,72.0077,14336.07,0.873005,56.243678
339.300,95.7374,300.0000,73.0625,71.9887,14337.71,0.873304,56.243678
339.400,95.7374,300.0000,73.1875,71.9697,14339.23,0.873583,56.243678
339.500,95.7374,300.0000,73.0000,71.9508,14340.66,0.873843,56.243678
339.600,95.7374,300.0000,73.1250,71.9318,14341.99,0.874087,56.243678
339.700,95.7374,300.0000,73.1250,71.9129,14343.23,0.874314,56.243678
339.800,95.7374,300.0000,73.0000,71.8941,14344.39,0.874526,56.243678
339.900,95.7374,300.0000,73.0000,71.8752,14345.47,0.874723,56.243678
340.000,95.4116,300.0000,73.0625,71.8565,14343.22,0.874312,57.114618
340.100,95.4116,300.0000,72.9375,71.8378,14341.12,0.873928,57.114618
340.200,95.4116,300.0000,72.9375,71.8191,14339.17,0.873570,57.114618
340.300,95.4116,300.0000,72.9375,71.8005,14337.34,0.873236,57.114618
340.400,95.4116,300.0000,72.8750,71.7820,14335.63,0.872924,57.114618
340.500,95.4116,300.0000,72.9375,71.7635,14334.04,0.872633,57.114618
340.600,95.4116,300.0000,72.9375,71.7450,14332.55,0.872362,57.114618
340.700,95.4116,300.0000,72.8125,71.7266,14331.16,0.872109,57.114618
340.800,95.4116,300.0000,72.7500,71.7083,14329.87,0.871872,57.114618
340.900,95.4116,300.0000,72.8750,71.6900,14328.66,0.871652,57.114618
341.000,95.6705,300.0000,72.6875,71.6718,14330.12,0.871918,57.971950
341.100,95.6705,300.0000,72.8125,71.6536,14331.49,0.872167,57.971950
341.200,95.6705,300.0000,72.7500,71.6354,14332.76,0.872400,57.971950
341.300,95.6705,300.0000,72.7500,71.6172,14333.95,0.872617,57.971950
341.400,95.6705,300.0000,72.6875,71.5991,14335.06,0.872819,57.971950
341.500,95.6705,300.0000,72.8750,71.5810,14336.09,0.873008,57.971950
341.600,95.6705,300.0000,72.5625,71.5629,14337.06,0.873185,57.971950
341.700,95.6705,300.0000,72.6250,71.5449,14337.96,0.873350,57.971950
341.800,95.6705,300.0000,72.6250,71.5269,14338.80,0.873503,57.971950
341.900,95.6705,300.0000,72.5625,71.5089,14339.59,0.873647,57.971950
342.000,94.9979,300.0000,72.6875,71.4910,14333.59,0.872552,58.795260
342.100,94.9979,300.0000,72.6250,71.4732,14328.00,0.871531,58.795260
342.200,94.9979,300.0000,72.5625,71.4555,14322.78,0.870578,58.795260
342.300,94.9979,300.0000,72.5625,71.4379,14317.90,0.869690,58.795260
342.400,94.9979,300.0000,72.5000,71.4203,14313.36,0.868862,58.795260
342.500,94.9979,300.0000,72.5000,71.4029,14309.11,0.868089,58.795260
342.600,94.9979,300.0000,72.5000,71.3854,14305.15,0.867368,58.795260
342.700,94.9979,300.0000,72.4375,71.3681,14301.45,0.866695,58.795260
342.800,94.9979,300.0000,72.5000,71.3508,14298.00,0.866068,58.795260
342.900,94.9979,300.0000,72.4375,71.3336,14294.78,0.865483,58.795260
343.000,95.2092,300.0000,72.3750,71.3165,14293.88,0.865321,59.604962
343.100,95.2092,300.0000,72.4375,71.2994,14293.05,0.865169,59.604962
343.200,95.2092,300.0000,72.4375,71.2823,14292.27,0.865028,59.604962
343.300,95.2092,300.0000,72.4375,71.2653,14291.55,0.864896,59.604962
343.400,95.2092,300.0000,72.3750,71.2483,14290.87,0.864773,59.604962
343.500,95.2092,300.0000,72.3125,71.2313,14290.24,0.864658,59.604962
343.600,95.2092,300.0000,72.2500,71.2144,14289.65,0.864551,59.604962
343.700,95.2092,300.0000,72.2500,71.1976,14289.09,0.864451,59.604962
343.800,95.2092,300.0000,72.3125,71.1808,14288.58,0.864357,59.604962
343.900,95.2092,300.0000,72.3125,71.1640,14288.10,0.864270,59.604962
344.000,95.4069,300.0000,72.2500,71.1472,14289.63,0.864548,60.401056
344.100,95.4069,300.0000,72.1875,71.1305,14291.06,0.864807,60.401056
344.200,95.4069,300.0000,72.2500,71.1138,14292.39,0.865049,60.401056
344.300,95.4069,300.0000,72.0625,71.0971,14293.63,0.865274,60.401056
344.400,95.4069,300.0000,72.1875,71.0805,14294.79,0.865485,60.401056
344.500,95.4069,300.0000,72.0000,71.0639,14295.87,0.865682,60.401056
344.600,95.4069,300.0000,72.1875,71.0473,14296.88,0.865865,60.401056
344.700,95.4069,300.0000,72.1250,71.0307,14297.83,0.866037,60.401056
344.800,95.4069,300.0000,72.0000,71.0142,14298.71,0.866197,60.401056
344.900,95.4069,300.0000,72.0625,70.9977,14299.53,0.866346,60.401056
345.000,94.9790,300.0000,72.0625,70.9813,14296.02,0.865708,61.169933
345.100,94.9790,300.0000,72.0000,70.9649,14292.74,0.865113,61.169933
345.200,94.9790,300.0000,71.9375,70.9486,14289.68,0.864557,61.169933
345.300,94.9790,300.0000,72.0000,70.9324,14286.82,0.864039,61.169933
345.400,94.9790,300.0000,71.8750,70.9162,14284.16,0.863556,61.169933
345.500,94.9790,300.0000,71.9375,70.9000,14281.67,0.863104,61.169933
345.600,94.9790,300.0000,71.9375,70.8840,14279.35,0.862684,61.169933
345.700,94.9790,300.0000,71.9375,70.8679,14277.18,0.862291,61.169933
345.800,94.9790,300.0000,71.8750,70.8520,14275.16,0.861925,61.169933
345.900,94.9790,300.0000,71.9375,70.8360,14273.27,0.861583,61.169933
346.000,95.1359,300.0000,71.8125,70.8202,14273.08,0.861548,61.925201
346.100,95.1359,300.0000,71.7500,70.8043,14272.90,0.861515,61.925201
346.200,95.1359,300.0000,71.7500,70.7885,14272.73,0.861485,61.925201
346.300,95.1359,300.0000,71.8750,70.7727,14272.58,0.861456,61.925201
346.400,95.1359,300.0000,71.8125,70.7570,14272.43,0.861430,61.925201
346.500,95.1359,300.0000,71.8125,70.7413,14272.29,0.861405,61.925201
346.600,95.1359,300.0000,71.8125,70.7256,14272.16,0.861382,61.925201
346.700,95.1359,300.0000,71.6875,70.7100,14272.05,0.861360,61.925201
346.800,95.1359,300.0000,71.8125,70.6944,14271.93,0.861340,61.925201
346.900,95.1359,300.0000,71.6875,70.6788,14271.83,0.861322,61.925201
347.000,94.6671,300.0000,71.6250,70.6633,14267.05,0.860456,62.653253
347.100,94.6671,300.0000,71.6875,70.6479,14262.58,0.859648,62.653253
347.200,94.6671,300.0000,71.6250,70.6326,14258.41,0.858895,62.653253
347.300,94.6671,300.0000,71.6250,70.6173,14254.52,0.858192,62.653253
347.400,94.6671,300.0000,71.5000,70.6021,14250.89,0.857536,62.653253
347.500,94.6671,300.0000,71.5625,70.5869,14247.51,0.856925,62.653253
347.600,94.6671,300.0000,71.5625,70.5718,14244.34,0.856354,62.653253
347.700,94.6671,300.0000,71.6250,70.5568,14241.39,0.855822,62.653253
347.800,94.6671,300.0000,71.5625,70.5418,14238.64,0.855326,62.653253
347.900,94.6671,300.0000,71.5625,70.5269,14236.07,0.854862,62.653253
348.000,94.7832,300.0000,71.5625,70.5120,14234.83,0.854639,63.367696
348.100,94.7832,300.0000,71.5625,70.4972,14233.67,0.854431,63.367696
348.200,94.7832,300.0000,71.3750,70.4824,14232.59,0.854236,63.367696
348.300,94.7832,300.0000,71.4375,70.4676,14231.58,0.854055,63.367696
348.400,94.7832,300.0000,71.4375,70.4529,14230.64,0.853886,63.367696
348.500,94.7832,300.0000,71.4375,70.4383,14229.77,0.853728,63.367696
348.600,94.7832,300.0000,71.4375,70.4236,14228.95,0.853580,63.367696
348.700,94.7832,300.0000,71.3750,70.4090,14228.18,0.853443,63.367696
348.800,94.7832,300.0000,71.3750,70.3945,14227.47,0.853314,63.367696
348.900,94.7832,300.0000,71.3750,70.3799,14226.80,0.853195,63.367696
349.000,94.5796,300.0000,71.2500,70.3655,14224.14,0.852717,64.061726
349.100,94.5796,300.0000,71.3125,70.3511,14221.66,0.852271,64.061726
349.200,94.5796,300.0000,71.1875,70.3367,14219.35,0.851855,64.061726
349.300,94.5796,300.0000,71.2500,70.3224,14217.19,0.851466,64.061726
349.400,94.5796,300.0000,71.2500,70.3081,14215.17,0.851104,64.061726
349.500,94.5796,300.0000,71.1875,70.2939,14213.29,0.850766,64.061726
349.600,94.5796,300.0000,71.1250,70.2797,14211.53,0.850451,64.061726
349.700,94.5796,300.0000,71.1875,70.2656,14209.90,0.850157,64.061726
349.800,94.5796,300.0000,71.1875,70.2515,14208.37,0.849882,64.061726
349.900,94.5796,300.0000,71.0625,70.2375,14206.94,0.849626,64.061726
350.000,93.7437,300.0000,71.1250,70.2236,14197.24,0.847888,64.721735
350.100,93.7437,300.0000,71.1875,70.2097,14188.20,0.846268,64.721735
350.200,93.7437,300.0000,71.1875,70.1960,14179.76,0.844758,64.721735
350.300,93.7437,300.0000,71.1250,70.1824,14171.87,0.843351,64.721735
350.400,93.7437,300.0000,71.0625,70.1689,14164.52,0.842038,64.721735
350.500,93.7437,300.0000,71.1250,70.1554,14157.66,0.840815,64.721735
350.600,93.7437,300.0000,71.0000,70.1420,14151.25,0.839674,64.721735
350.700,93.7437,300.0000,71.0625,70.1288,14145.27,0.838610,64.721735
350.800,93.7437,300.0000,71.0000,70.1156,14139.69,0.837617,64.721735
350.900,93.7437,300.0000,71.0625,70.1024,14134.48,0.836692,64.721735
351.000,94.4037,300.0000,70.9375,70.0893,14136.22,0.837001,65.381745
351.100,94.4037,300.0000,71.0000,70.0762,14137.84,0.837289,65.381745
351.200,94.4037,300.0000,70.9375,70.0631,14139.35,0.837558,65.381745
351.300,94.4037,300.0000,70.8750,70.0500,14140.77,0.837809,65.381745
351.400,94.4037,300.0000,71.0000,70.0370,14142.08,0.838043,65.381745
351.500,94.4037,300.0000,70.9375,70.0239,14143.32,0.838262,65.381745
351.600,94.4037,300.0000,70.9375,70.0109,14144.46,0.838467,65.381745
351.700,94.4037,300.0000,70.8125,69.9979,14145.54,0.838657,65.381745
351.800,94.4037,300.0000,70.8750,69.9850,14146.54,0.838835,65.381745
351.900,94.4037,300.0000,70.8750,69.9720,14147.47,0.839002,65.381745
352.000,94.1457,300.0000,70.8125,69.9591,14145.76,0.838698,66.021341
352.100,94.1457,300.0000,70.7500,69.9462,14144.17,0.838414,66.021341
352.200,94.1457,300.0000,70.8125,69.9334,14142.68,0.838150,66.021341
352.300,94.1457,300.0000,70.8125,69.9206,14141.29,0.837903,66.021341
352.400,94.1457,300.0000,70.6875,69.9078,14140.00,0.837672,66.021341
352.500,94.1457,300.0000,70.7500,69.8951,14138.79,0.837457,66.021341
352.600,94.1457,300.0000,70.6250,69.8825,14137.66,0.837257,66.021341
352.700,94.1457,300.0000,70.7500,69.8698,14136.61,0.837070,66.021341
352.800,94.1457,300.0000,70.6875,69.8572,14135.62,0.836895,66.021341
352.900,94.1457,300.0000,70.6875,69.8447,14134.70,0.836732,66.021341
353.000,93.8673,300.0000,70.7500,69.8322,14131.06,0.836086,66.640525
353.100,93.8673,300.0000,70.6250,69.8197,14127.67,0.835483,66.640525
353.200,93.8673,300.0000,70.6875,69.8073,14124.49,0.834920,66.640525
353.300,93.8673,300.0000,70.6875,69.7950,14121.53,0.834395,66.640525
353.400,93.8673,300.0000,70.5625,69.7827,14118.77,0.833906,66.640525
353.500,93.8673,300.0000,70.6250,69.7704,14116.19,0.833449,66.640525
353.600,93.8673,300.0000,70.6875,69.7582,14113.79,0.833023,66.640525
353.700,93.8673,300.0000,70.5625,69.7461,14111.54,0.832625,66.640525
353.800,93.8673,300.0000,70.5625,69.7340,14109.44,0.832254,66.640525
353.900,93.8673,300.0000,70.5625,69.7219,14107.49,0.831908,66.640525
354.000,93.8745,300.0000,70.5625,69.7099,14105.73,0.831597,67.246101
354.100,93.8745,300.0000,70.5000,69.6979,14104.09,0.831308,67.246101
354.200,93.8745,300.0000,70.5000,69.6859,14102.57,0.831038,67.246101
354.300,93.8745,300.0000,70.5000,69.6740,14101.14,0.830785,67.246101
354.400,93.8745,300.0000,70.5625,69.6622,14099.81,0.830550,67.246101
354.500,93.8745,300.0000,70.5625,69.6503,14098.57,0.830331,67.246101
354.600,93.8745,300.0000,70.4375,69.6385,14097.41,0.830126,67.246101
354.700,93.8745,300.0000,70.4375,69.6268,14096.32,0.829934,67.246101
354.800,93.8745,300.0000,70.5000,69.6151,14095.31,0.829756,67.246101
354.900,93.8745,300.0000,70.3750,69.6034,14094.37,0.829590,67.246101
355.000,93.5620,300.0000,70.4375,69.5917,14090.37,0.828883,67.831264
355.100,93.5620,300.0000,70.3125,69.5802,14086.63,0.828223,67.831264
355.200,93.5620,300.0000,70.3125,69.5686,14083.14,0.827608,67.831264
355.300,93.5620,300.0000,70.3125,69.5572,14079.89,0.827034,67.831264
355.400,93.5620,300.0000,70.3125,69.5457,14076.85,0.826499,67.831264
355.500,93.5620,300.0000,70.3125,69.5344,14074.01,0.826000,67.831264
355.600,93.5620,300.0000,70.2500,69.5230,14071.36,0.825534,67.831264
355.700,93.5620,300.0000,70.3125,69.5118,14068.89,0.825099,67.831264
355.800,93.5620,300.0000,70.2500,69.5005,14066.59,0.824693,67.831264
355.900,93.5620,300.0000,70.2500,69.4893,14064.44,0.824315,67.831264
356.000,93.5352,300.0000,70.2500,69.4782,14062.16,0.823915,68.402818
356.100,93.5352,300.0000,70.1875,69.4671,14060.03,0.823541,68.402818
356.200,93.5352,300.0000,70.2500,69.4560,14058.05,0.823193,68.402818
356.300,93.5352,300.0000,70.1875,69.4450,14056.20,0.822867,68.402818
356.400,93.5352,300.0000,70.1875,69.4340,14054.47,0.822564,68.402818
356.500,93.5352,300.0000,70.1875,69.4231,14052.86,0.822281,68.402818
356.600,93.5352,300.0000,70.1250,69.4122,14051.35,0.822017,68.402818
356.700,93.5352,300.0000,70.1875,69.4013,14049.95,0.821770,68.402818
356.800,93.5352,300.0000,70.1875,69.3905,14048.64,0.821540,68.402818
356.900,93.5352,300.0000,70.1250,69.3797,14047.41,0.821326,68.402818
357.000,93.4948,300.0000,70.1250,69.3689,14045.87,0.821054,68.960764
357.100,93.4948,300.0000,70.0000,69.3582,14044.42,0.820801,68.960764
357.200,93.4948,300.0000,70.0625,69.3475,14043.08,0.820565,68.960764
357.300,93.4948,300.0000,70.1250,69.3368,14041.82,0.820345,68.960764
357.400,93.4948,300.0000,70.0000,69.3262,14040.65,0.820139,68.960764
357.500,93.4948,300.0000,70.0000,69.3156,14039.55,0.819947,68.960764
357.600,93.4948,300.0000,70.0000,69.3050,14038.53,0.819768,68.960764
357.700,93.4948,300.0000,70.0000,69.2945,14037.57,0.819601,68.960764
357.800,93.4948,300.0000,70.0625,69.2840,14036.68,0.819445,68.960764
357.900,93.4948,300.0000,70.0625,69.2735,14035.85,0.819299,68.960764
358.000,93.7467,300.0000,70.0000,69.2630,14037.60,0.819605,69.511906
358.100,93.7467,300.0000,69.9375,69.2526,14039.22,0.819890,69.511906
358.200,93.7467,300.0000,69.8750,69.2421,14040.74,0.820156,69.511906
358.300,93.7467,300.0000,70.0000,69.2317,14042.16,0.820404,69.511906
358.400,93.7467,300.0000,69.8750,69.2213,14043.48,0.820636,69.511906
358.500,93.7467,300.0000,69.8750,69.2109,14044.72,0.820853,69.511906
358.600,93.7467,300.0000,69.8750,69.2005,14045.87,0.821055,69.511906
358.700,93.7467,300.0000,69.9375,69.1901,14046.95,0.821244,69.511906
358.800,93.7467,300.0000,69.8125,69.1797,14047.95,0.821420,69.511906
358.900,93.7467,300.0000,69.8750,69.1694,14048.89,0.821584,69.511906
359.000,93.3799,300.0000,69.8125,69.1591,14046.09,0.821094,70.042635
359.100,93.3799,300.0000,69.8750,69.1488,14043.49,0.820637,70.042635
359.200,93.3799,300.0000,69.8125,69.1386,14041.05,0.820210,70.042635
359.300,93.3799,300.0000,69.8125,69.1284,14038.78,0.819812,70.042635
359.400,93.3799,300.0000,69.7500,69.1183,14036.66,0.819441,70.042635
359.500,93.3799,300.0000,69.7500,69.1082,14034.68,0.819094,70.042635
359.600,93.3799,300.0000,69.7500,69.0982,14032.83,0.818771,70.042635
359.700,93.3799,300.0000,69.8125,69.0881,14031.11,0.818469,70.042635
359.800,93.3799,300.0000,69.7500,69.0782,14029.50,0.818188,70.042635
359.900,93.3799,300.0000,69.6875,69.0682,14028.00,0.817925,70.042635
360.000,92.9926,300.0000,69.8125,69.0583,14022.73,0.817003,70.552952
360.100,92.9926,300.0000,69.7500,69.0485,14017.80,0.816143,70.552952
360.200,92.9926,300.0000,69.6250,69.0387,14013.21,0.815341,70.552952
360.300,92.9926,300.0000,69.6875,69.0290,14008.92,0.814592,70.552952
360.400,92.9926,300.0000,69.6875,69.0194,14004.92,0.813894,70.552952
360.500,92.9926,300.0000,69.6875,69.0098,14001.18,0.813243,70.552952
360.600,92.9926,300.0000,69.6250,69.0002,13997.70,0.812636,70.552952
360.700,92.9926,300.0000,69.6250,68.9907,13994.44,0.812069,70.552952
360.800,92.9926,300.0000,69.6250,68.9813,13991.41,0.811541,70.552952
360.900,92.9926,300.0000,69.6250,68.9719,13988.57,0.811048,70.552952
361.000,93.1969,300.0000,69.5625,68.9625,13987.97,0.810943,71.056464
361.100,93.1969,300.0000,69.5000,68.9531,13987.41,0.810845,71.056464
361.200,93.1969,300.0000,69.5000,68.9438,13986.88,0.810754,71.056464
361.300,93.1969,300.0000,69.5625,68.9345,13986.39,0.810669,71.056464
361.400,93.1969,300.0000,69.4375,68.9252,13985.94,0.810589,71.056464
361.500,93.1969,300.0000,69.5000,68.9160,13985.51,0.810515,71.056464
361.600,93.1969,300.0000,69.4375,68.9067,13985.11,0.810446,71.056464
361.700,93.1969,300.0000,69.5625,68.8975,13984.74,0.810381,71.056464
361.800,93.1969,300.0000,69.5625,68.8883,13984.39,0.810321,71.056464
361.900,93.1969,300.0000,69.4375,68.8792,13984.07,0.810265,71.056464
362.000,92.7824,300.0000,69.5000,68.8701,13979.62,0.809492,71.539563
362.100,92.7824,300.0000,69.5000,68.8610,13975.47,0.808771,71.539563
362.200,92.7824,300.0000,69.4375,68.8520,13971.60,0.808099,71.539563
362.300,92.7824,300.0000,69.5000,68.8431,13967.98,0.807471,71.539563
362.400,92.7824,300.0000,69.4375,68.8342,13964.61,0.806886,71.539563
362.500,92.7824,300.0000,69.5000,68.8253,13961.46,0.806340,71.539563
362.600,92.7824,300.0000,69.4375,68.8165,13958.52,0.805831,71.539563
362.700,92.7824,300.0000,69.3750,68.8077,13955.77,0.805356,71.539563
362.800,92.7824,300.0000,69.3125,68.7990,13953.21,0.804913,71.539563
362.900,92.7824,300.0000,69.3750,68.7903,13950.82,0.804499,71.539563
363.000,92.9595,300.0000,69.3750,68.7816,13950.36,0.804420,72.015859
363.100,92.9595,300.0000,69.3750,68.7730,13949.93,0.804346,72.015859
363.200,92.9595,300.0000,69.3750,68.7644,13949.53,0.804276,72.015859
363.300,92.9595,300.0000,69.4375,68.7558,13949.16,0.804212,72.015859
363.400,92.9595,300.0000,69.3750,68.7472,13948.81,0.804151,72.015859
363.500,92.9595,300.0000,69.3125,68.7386,13948.49,0.804095,72.015859
363.600,92.9595,300.0000,69.3750,68.7301,13948.18,0.804043,72.015859
363.700,92.9595,300.0000,69.2500,68.7216,13947.90,0.803993,72.015859
363.800,92.9595,300.0000,69.2500,68.7131,13947.63,0.803948,72.015859
363.900,92.9595,300.0000,69.3125,68.7046,13947.39,0.803905,72.015859
364.000,93.1298,300.0000,69.2500,68.6962,13948.86,0.804160,72.485350
364.100,93.1298,300.0000,69.2500,68.6877,13950.23,0.804397,72.485350
364.200,93.1298,300.0000,69.2500,68.6793,13951.52,0.804619,72.485350
364.300,93.1298,300.0000,69.2500,68.6708,13952.71,0.804826,72.485350
364.400,93.1298,300.0000,69.2500,68.6624,13953.83,0.805020,72.485350
364.500,93.1298,300.0000,69.1875,68.6540,13954.87,0.805200,72.485350
364.600,93.1298,300.0000,69.1875,68.6456,13955.85,0.805369,72.485350
364.700,93.1298,300.0000,69.1875,68.6372,13956.75,0.805526,72.485350
364.800,93.1298,300.0000,69.1875,68.6288,13957.60,0.805673,72.485350
364.900,93.1298,300.0000,69.1250,68.6204,13958.39,0.805810,72.485350
365.000,92.6813,300.0000,69.2500,68.6121,13954.65,0.805161,72.934428
365.100,92.6813,300.0000,69.1250,68.6038,13951.15,0.804556,72.934428
365.200,92.6813,300.0000,69.0625,68.5956,13947.89,0.803992,72.934428
365.300,92.6813,300.0000,69.1250,68.5874,13944.84,0.803465,72.934428
365.400,92.6813,300.0000,69.0000,68.5793,13942.00,0.802974,72.934428
365.500,92.6813,300.0000,69.1875,68.5711,13939.34,0.802515,72.934428
365.600,92.6813,300.0000,69.0000,68.5631,13936.87,0.802088,72.934428
365.700,92.6813,300.0000,69.1250,68.5551,13934.56,0.801689,72.934428
365.800,92.6813,300.0000,69.0625,68.5471,13932.40,0.801316,72.934428
365.900,92.6813,300.0000,69.1250,68.5391,13930.39,0.800969,72.934428
366.000,93.1304,300.0000,69.0625,68.5311,13933.00,0.801419,73.383507
366.100,93.1304,300.0000,69.0625,68.5232,13935.43,0.801840,73.383507
366.200,93.1304,300.0000,69.0625,68.5152,13937.71,0.802233,73.383507
366.300,93.1304,300.0000,69.0000,68.5072,13939.83,0.802600,73.383507
366.400,93.1304,300.0000,69.0625,68.4993,13941.81,0.802942,73.383507
366.500,93.1304,300.0000,69.0000,68.4913,13943.66,0.803261,73.383507
366.600,93.1304,300.0000,69.0000,68.4833,13945.39,0.803560,73.383507
366.700,93.1304,300.0000,69.0000,68.4754,13947.00,0.803838,73.383507
366.800,93.1304,300.0000,69.0000,68.4674,13948.51,0.804098,73.383507
366.900,93.1304,300.0000,69.0000,68.4595,13949.91,0.804341,73.383507
367.000,92.9675,300.0000,68.9375,68.4516,13949.59,0.804286,73.818977
367.100,92.9675,300.0000,68.8750,68.4437,13949.29,0.804234,73.818977
367.200,92.9675,300.0000,68.8750,68.4358,13949.01,0.804186,73.818977
367.300,92.9675,300.0000,68.8750,68.4279,13948.75,0.804141,73.818977
367.400,92.9675,300.0000,68.9375,68.4201,13948.51,0.804100,73.818977
367.500,92.9675,300.0000,68.9375,68.4122,13948.29,0.804060,73.818977
367.600,92.9675,300.0000,68.8750,68.4044,13948.07,0.804024,73.818977
367.700,92.9675,300.0000,68.9375,68.3966,13947.88,0.803990,73.818977
367.800,92.9675,300.0000,68.9375,68.3889,13947.69,0.803958,73.818977
367.900,92.9675,300.0000,68.8750,68.3811,13947.52,0.803928,73.818977
368.000,92.7909,300.0000,68.9375,68.3734,13945.60,0.803596,74.240838
368.100,92.7909,300.0000,68.8750,68.3657,13943.80,0.803285,74.240838
368.200,92.7909,300.0000,68.7500,68.3581,13942.12,0.802995,74.240838
368.300,92.7909,300.0000,68.8125,68.3504,13940.56,0.802725,74.240838
368.400,92.7909,300.0000,68.8125,68.3428,13939.10,0.802472,74.240838
368.500,92.7909,300.0000,68.8750,68.3353,13937.73,0.802237,74.240838
368.600,92.7909,300.0000,68.8750,68.3277,13936.46,0.802017,74.240838
368.700,92.7909,300.0000,68.8125,68.3202,13935.27,0.801812,74.240838
368.800,92.7909,300.0000,68.8125,68.3127,13934.16,0.801621,74.240838
368.900,92.7909,300.0000,68.8125,68.3053,13933.13,0.801442,74.240838
369.000,92.9068,300.0000,68.8750,68.2978,13933.32,0.801475,74.655896
369.100,92.9068,300.0000,68.7500,68.2904,13933.50,0.801506,74.655896
369.200,92.9068,300.0000,68.7500,68.2830,13933.67,0.801535,74.655896
369.300,92.9068,300.0000,68.7500,68.2756,13933.83,0.801562,74.655896
369.400,92.9068,300.0000,68.7500,68.2682,13933.97,0.801588,74.655896
369.500,92.9068,300.0000,68.8125,68.2608,13934.11,0.801611,74.655896
369.600,92.9068,300.0000,68.6875,68.2535,13934.24,0.801633,74.655896
369.700,92.9068,300.0000,68.6875,68.2461,13934.35,0.801654,74.655896
369.800,92.9068,300.0000,68.7500,68.2388,13934.47,0.801673,74.655896
369.900,92.9068,300.0000,68.8125,68.2315,13934.57,0.801691,74.655896
370.000,93.3219,300.0000,68.6250,68.2242,13938.82,0.802424,75.070953
370.100,93.3219,300.0000,68.7500,68.2168,13942.78,0.803109,75.070953
370.200,93.3219,300.0000,68.6875,68.2095,13946.48,0.803748,75.070953
370.300,93.3219,300.0000,68.6875,68.2021,13949.93,0.804346,75.070953
370.400,93.3219,300.0000,68.6250,68.1947,13953.16,0.804903,75.070953
370.500,93.3219,300.0000,68.6875,68.1873,13956.16,0.805424,75.070953
370.600,93.3219,300.0000,68.6875,68.1799,13958.97,0.805910,75.070953
370.700,93.3219,300.0000,68.7500,68.1725,13961.59,0.806364,75.070953
370.800,93.3219,300.0000,68.5625,68.1651,13964.04,0.806788,75.070953
370.900,93.3219,300.0000,68.6250,68.1577,13966.32,0.807184,75.070953
371.000,92.8189,300.0000,68.5625,68.1503,13963.42,0.806681,75.465598
371.100,92.8189,300.0000,68.4375,68.1430,13960.72,0.806212,75.465598
371.200,92.8189,300.0000,68.6250,68.1357,13958.19,0.805775,75.465598
371.300,92.8189,300.0000,68.6250,68.1284,13955.83,0.805367,75.465598
371.400,92.8189,300.0000,68.5625,68.1212,13953.63,0.804986,75.465598
371.500,92.8189,300.0000,68.5625,68.1140,13951.58,0.804631,75.465598
371.600,92.8189,300.0000,68.5000,68.1069,13949.67,0.804299,75.465598
371.700,92.8189,300.0000,68.5625,68.0997,13947.88,0.803990,75.465598
371.800,92.8189,300.0000,68.5000,68.0927,13946.21,0.803701,75.465598
371.900,92.8189,300.0000,68.4375,68.0856,13944.65,0.803432,75.465598
372.000,92.2956,300.0000,68.5000,68.0786,13937.96,0.802276,75.839830
372.100,92.2956,300.0000,68.4375,68.0717,13931.72,0.801199,75.839830
372.200,92.2956,300.0000,68.5625,68.0648,13925.89,0.800194,75.839830
372.300,92.2956,300.0000,68.5000,68.0580,13920.46,0.799257,75.839830
372.400,92.2956,300.0000,68.4375,68.0512,13915.38,0.798384,75.839830
372.500,92.2956,300.0000,68.5625,68.0445,13910.65,0.797569,75.839830
372.600,92.2956,300.0000,68.5000,68.0379,13906.22,0.796808,75.839830
372.700,92.2956,300.0000,68.4375,68.0313,13902.10,0.796099,75.839830
372.800,92.2956,300.0000,68.4375,68.0248,13898.25,0.795438,75.839830
372.900,92.2956,300.0000,68.5000,68.0183,13894.65,0.794821,75.839830
373.000,92.9758,300.0000,68.4375,68.0117,13898.10,0.795413,76.220866
373.100,92.9758,300.0000,68.4375,68.0052,13901.32,0.795966,76.220866
373.200,92.9758,300.0000,68.4375,67.9987,13904.32,0.796482,76.220866
373.300,92.9758,300.0000,68.4375,67.9921,13907.13,0.796963,76.220866
373.400,92.9758,300.0000,68.4375,67.9856,13909.74,0.797413,76.220866
373.500,92.9758,300.0000,68.4375,67.9790,13912.18,0.797833,76.220866
373.600,92.9758,300.0000,68.3750,67.9724,13914.46,0.798225,76.220866
373.700,92.9758,300.0000,68.3750,67.9659,13916.59,0.798592,76.220866
373.800,92.9758,300.0000,68.3750,67.9593,13918.58,0.798933,76.220866
373.900,92.9758,300.0000,68.4375,67.9527,13920.43,0.799252,76.220866
374.000,93.0508,300.0000,68.4375,67.9462,13922.91,0.799680,76.595098
374.100,93.0508,300.0000,68.4375,67.9396,13925.22,0.800079,76.595098
374.200,93.0508,300.0000,68.3750,67.9330,13927.38,0.800451,76.595098
374.300,93.0508,300.0000,68.3750,67.9264,13929.40,0.800799,76.595098
374.400,93.0508,300.0000,68.2500,67.9198,13931.28,0.801123,76.595098
374.500,93.0508,300.0000,68.3750,67.9132,13933.04,0.801426,76.595098
374.600,93.0508,300.0000,68.3125,67.9066,13934.68,0.801709,76.595098
374.700,93.0508,300.0000,68.3125,67.9001,13936.21,0.801973,76.595098
374.800,93.0508,300.0000,68.3125,67.8935,13937.63,0.802220,76.595098
374.900,93.0508,300.0000,68.1875,67.8869,13938.97,0.802450,76.595098
375.000,92.2011,300.0000,68.3125,67.8804,13931.71,0.801198,76.942114
375.100,92.2011,300.0000,68.3125,67.8740,13924.94,0.800030,76.942114
375.200,92.2011,300.0000,68.3125,67.8676,13918.62,0.798942,76.942114
375.300,92.2011,300.0000,68.3125,67.8613,13912.73,0.797927,76.942114
375.400,92.2011,300.0000,68.2500,67.8550,13907.22,0.796980,76.942114
375.500,92.2011,300.0000,68.3125,67.8489,13902.08,0.796097,76.942114
375.600,92.2011,300.0000,68.3125,67.8427,13897.29,0.795273,76.942114
375.700,92.2011,300.0000,68.1875,67.8366,13892.81,0.794505,76.942114
375.800,92.2011,300.0000,68.2500,67.8306,13888.64,0.793789,76.942114
375.900,92.2011,300.0000,68.1875,67.8246,13884.74,0.793121,76.942114
376.000,92.5481,300.0000,68.1875,67.8186,13884.57,0.793092,77.289129
376.100,92.5481,300.0000,68.1875,67.8127,13884.41,0.793065,77.289129
376.200,92.5481,300.0000,68.2500,67.8067,13884.27,0.793040,77.289129
376.300,92.5481,300.0000,68.1875,67.8008,13884.13,0.793016,77.289129
376.400,92.5481,300.0000,68.2500,67.7949,13884.00,0.792994,77.289129
376.500,92.5481,300.0000,68.1250,67.7890,13883.88,0.792974,77.289129
376.600,92.5481,300.0000,68.2500,67.7831,13883.77,0.792955,77.289129
376.700,92.5481,300.0000,68.1250,67.7772,13883.67,0.792937,77.289129
376.800,92.5481,300.0000,68.1250,67.7714,13883.57,0.792921,77.289129
376.900,92.5481,300.0000,68.1875,67.7655,13883.48,0.792905,77.289129
377.000,92.8951,300.0000,68.1250,67.7597,13886.87,0.793485,77.636144
377.100,92.8951,300.0000,68.1875,67.7538,13890.02,0.794027,77.636144
377.200,92.8951,300.0000,68.1875,67.7479,13892.97,0.794533,77.636144
377.300,92.8951,300.0000,68.0625,67.7420,13895.73,0.795005,77.636144
377.400,92.8951,300.0000,68.1875,67.7361,13898.30,0.795446,77.636144
377.500,92.8951,300.0000,68.0625,67.7302,13900.69,0.795858,77.636144
377.600,92.8951,300.0000,68.1250,67.7243,13902.93,0.796243,77.636144
377.700,92.8951,300.0000,68.0000,67.7183,13905.02,0.796602,77.636144
377.800,92.8951,300.0000,68.0625,67.7124,13906.97,0.796937,77.636144
377.900,92.8951,300.0000,68.0000,67.7065,13908.79,0.797250,77.636144
378.000,92.3241,300.0000,68.1250,67.7006,13904.78,0.796560,77.962747
378.100,92.3241,300.0000,68.0625,67.6948,13901.03,0.795917,77.962747
378.200,92.3241,300.0000,68.1250,67.6890,13897.54,0.795317,77.962747
378.300,92.3241,300.0000,68.0625,67.6832,13894.28,0.794757,77.962747
378.400,92.3241,300.0000,68.0000,67.6775,13891.23,0.794234,77.962747
378.500,92.3241,300.0000,68.0625,67.6718,13888.39,0.793747,77.962747
378.600,92.3241,300.0000,68.0000,67.6662,13885.74,0.793293,77.962747
378.700,92.3241,300.0000,68.0625,67.6606,13883.27,0.792869,77.962747
378.800,92.3241,300.0000,68.0000,67.6550,13880.96,0.792473,77.962747
378.900,92.3241,300.0000,68.0000,67.6495,13878.80,0.792104,77.962747
379.000,92.6507,300.0000,68.0625,67.6439,13880.05,0.792318,78.289349
379.100,92.6507,300.0000,68.0000,67.6384,13881.22,0.792519,78.289349
379.200,92.6507,300.0000,68.0625,67.6328,13882.32,0.792706,78.289349
379.300,92.6507,300.0000,68.0000,67.6273,13883.34,0.792880,78.289349
379.400,92.6507,300.0000,68.1250,67.6217,13884.29,0.793044,78.289349
379.500,92.6507,300.0000,68.0000,67.6162,13885.18,0.793196,78.289349
379.600,92.6507,300.0000,68.0000,67.6107,13886.00,0.793338,78.289349
379.700,92.6507,300.0000,68.0625,67.6052,13886.78,0.793470,78.289349
379.800,92.6507,300.0000,68.0625,67.5997,13887.50,0.793594,78.289349
379.900,92.6507,300.0000,67.8750,67.5942,13888.17,0.793710,78.289349
380.000,92.3653,300.0000,67.8750,67.5887,13885.95,0.793328,78.602343
380.100,92.3653,300.0000,67.9375,67.5832,13883.87,0.792972,78.602343
380.200,92.3653,300.0000,68.0000,67.5778,13881.93,0.792640,78.602343
380.300,92.3653,300.0000,68.0625,67.5724,13880.12,0.792330,78.602343
380.400,92.3653,300.0000,67.8750,67.5671,13878.44,0.792041,78.602343
380.500,92.3653,300.0000,67.8750,67.5617,13876.86,0.791771,78.602343
380.600,92.3653,300.0000,67.9375,67.5564,13875.39,0.791520,78.602343
380.700,92.3653,300.0000,68.0000,67.5511,13874.02,0.791285,78.602343
380.800,92.3653,300.0000,67.8750,67.5459,13872.74,0.791066,78.602343
380.900,92.3653,300.0000,67.8750,67.5406,13871.54,0.790861,78.602343
381.000,92.6783,300.0000,67.9375,67.5354,13873.55,0.791206,78.915337
381.100,92.6783,300.0000,67.8750,67.5301,13875.43,0.791527,78.915337
381.200,92.6783,300.0000,67.7500,67.5249,13877.19,0.791827,78.915337
381.300,92.6783,300.0000,67.8125,67.5196,13878.82,0.792108,78.915337
381.400,92.6783,300.0000,67.8750,67.5143,13880.35,0.792369,78.915337
381.500,92.6783,300.0000,67.8750,67.5091,13881.78,0.792614,78.915337
381.600,92.6783,300.0000,67.8750,67.5038,13883.11,0.792842,78.915337
381.700,92.6783,300.0000,67.8125,67.4986,13884.35,0.793055,78.915337
381.800,92.6783,300.0000,67.8125,67.4933,13885.51,0.793253,78.915337
381.900,92.6783,300.0000,67.8125,67.4880,13886.59,0.793439,78.915337
382.000,92.6853,300.0000,67.7500,67.4828,13887.67,0.793624,79.221527
382.100,92.6853,300.0000,67.7500,67.4775,13888.68,0.793797,79.221527
382.200,92.6853,300.0000,67.8750,67.4723,13889.62,0.793958,79.221527
382.300,92.6853,300.0000,67.7500,67.4671,13890.50,0.794109,79.221527
382.400,92.6853,300.0000,67.7500,67.4618,13891.32,0.794249,79.221527
382.500,92.6853,300.0000,67.8125,67.4566,13892.09,0.794381,79.221527
382.600,92.6853,300.0000,67.8125,67.4514,13892.80,0.794503,79.221527
382.700,92.6853,300.0000,67.8750,67.4461,13893.47,0.794617,79.221527
382.800,92.6853,300.0000,67.7500,67.4409,13894.09,0.794724,79.221527
382.900,92.6853,300.0000,67.8125,67.4357,13894.67,0.794824,79.221527
383.000,92.9915,300.0000,67.7500,67.4305,13898.27,0.795442,79.527717
383.100,92.9915,300.0000,67.8125,67.4253,13901.64,0.796020,79.527717
383.200,92.9915,300.0000,67.6875,67.4200,13904.78,0.796559,79.527717
383.300,92.9915,300.0000,67.7500,67.4147,13907.71,0.797063,79.527717
383.400,92.9915,300.0000,67.7500,67.4095,13910.44,0.797533,79.527717
383.500,92.9915,300.0000,67.7500,67.4042,13912.99,0.797972,79.527717
383.600,92.9915,300.0000,67.7500,67.3989,13915.37,0.798382,79.527717
383.700,92.9915,300.0000,67.7500,67.3936,13917.60,0.798765,79.527717
383.800,92.9915,300.0000,67.7500,67.3883,13919.67,0.799122,79.527717
383.900,92.9915,300.0000,67.6875,67.3830,13921.61,0.799456,79.527717
384.000,92.6857,300.0000,67.6875,67.3777,13920.36,0.799241,79.820298
384.100,92.6857,300.0000,67.6250,67.3724,13919.19,0.799040,79.820298
384.200,92.6857,300.0000,67.6250,67.3672,13918.10,0.798852,79.820298
384.300,92.6857,300.0000,67.6250,67.3619,13917.09,0.798677,79.820298
384.400,92.6857,300.0000,67.7500,67.3567,13916.14,0.798514,79.820298
384.500,92.6857,300.0000,67.6875,67.3515,13915.25,0.798361,79.820298
384.600,92.6857,300.0000,67.6250,67.3464,13914.43,0.798219,79.820298
384.700,92.6857,300.0000,67.7500,67.3412,13913.65,0.798086,79.820298
384.800,92.6857,300.0000,67.7500,67.3361,13912.93,0.797962,79.820298
384.900,92.6857,300.0000,67.6875,67.3310,13912.26,0.797847,79.820298
385.000,92.9783,300.0000,67.6875,67.3258,13914.56,0.798242,80.112880
385.100,92.9783,300.0000,67.6250,67.3207,13916.71,0.798612,80.112880
385.200,92.9783,300.0000,67.6875,67.3156,13918.71,0.798956,80.112880
385.300,92.9783,300.0000,67.6250,67.3104,13920.58,0.799278,80.112880
385.400,92.9783,300.0000,67.6250,67.3053,13922.32,0.799579,80.112880
385.500,92.9783,300.0000,67.5625,67.3001,13923.95,0.799859,80.112880
385.600,92.9783,300.0000,67.5625,67.2950,13925.47,0.800121,80.112880
385.700,92.9783,300.0000,67.6875,67.2898,13926.89,0.800365,80.112880
385.800,92.9783,300.0000,67.5625,67.2847,13928.21,0.800594,80.112880
385.900,92.9783,300.0000,67.6250,67.2795,13929.45,0.800807,80.112880
386.000,92.9649,300.0000,67.5625,67.2744,13930.46,0.800982,80.398657
386.100,92.9649,300.0000,67.5625,67.2692,13931.42,0.801147,80.398657
386.200,92.9649,300.0000,67.5625,67.2641,13932.30,0.801300,80.398657
386.300,92.9649,300.0000,67.6875,67.2590,13933.13,0.801443,80.398657
386.400,92.9649,300.0000,67.5625,67.2538,13933.90,0.801576,80.398657
386.500,92.9649,300.0000,67.6250,67.2487,13934.63,0.801701,80.398657
386.600,92.9649,300.0000,67.6250,67.2436,13935.30,0.801817,80.398657
386.700,92.9649,300.0000,67.5625,67.2385,13935.93,0.801925,80.398657
386.800,92.9649,300.0000,67.5000,67.2334,13936.51,0.802027,80.398657
386.900,92.9649,300.0000,67.5000,67.2283,13937.06,0.802121,80.398657
387.000,92.6386,300.0000,67.5625,67.2232,13934.31,0.801646,80.670826
387.100,92.6386,300.0000,67.5625,67.2182,13931.74,0.801203,80.670826
387.200,92.6386,300.0000,67.5000,67.2132,13929.35,0.800790,80.670826
387.300,92.6386,300.0000,67.5625,67.2082,13927.11,0.800404,80.670826
387.400,92.6386,300.0000,67.5000,67.2033,13925.02,0.800044,80.670826
387.500,92.6386,300.0000,67.5000,67.1984,13923.07,0.799708,80.670826
387.600,92.6386,300.0000,67.5625,67.1935,13921.26,0.799395,80.670826
387.700,92.6386,300.0000,67.4375,67.1886,13919.56,0.799103,80.670826
387.800,92.6386,300.0000,67.4375,67.1838,13917.97,0.798830,80.670826
387.900,92.6386,300.0000,67.5000,67.1790,13916.49,0.798575,80.670826
388.000,92.9108,300.0000,67.3750,67.1742,13917.84,0.798806,80.942995
388.100,92.9108,300.0000,67.5000,67.1694,13919.09,0.799022,80.942995
388.200,92.9108,300.0000,67.4375,67.1645,13920.26,0.799223,80.942995
388.300,92.9108,300.0000,67.5625,67.1597,13921.35,0.799411,80.942995
388.400,92.9108,300.0000,67.3750,67.1549,13922.37,0.799586,80.942995
388.500,92.9108,300.0000,67.5000,67.1501,13923.32,0.799750,80.942995
388.600,92.9108,300.0000,67.3750,67.1453,13924.20,0.799903,80.942995
388.700,92.9108,300.0000,67.4375,67.1405,13925.03,0.800046,80.942995
388.800,92.9108,300.0000,67.4375,67.1357,13925.80,0.800179,80.942995
388.900,92.9108,300.0000,67.4375,67.1309,13926.53,0.800303,80.942995
389.000,92.8770,300.0000,67.3750,67.1261,13926.86,0.800361,81.208359
389.100,92.8770,300.0000,67.5000,67.1214,13927.17,0.800415,81.208359
389.200,92.8770,300.0000,67.3750,67.1166,13927.46,0.800465,81.208359
389.300,92.8770,300.0000,67.4375,67.1118,13927.74,0.800512,81.208359
389.400,92.8770,300.0000,67.3750,67.1071,13927.99,0.800556,81.208359
389.500,92.8770,300.0000,67.3750,67.1023,13928.23,0.800597,81.208359
389.600,92.8770,300.0000,67.4375,67.0976,13928.45,0.800635,81.208359
389.700,92.8770,300.0000,67.3750,67.0929,13928.65,0.800670,81.208359
389.800,92.8770,300.0000,67.3750,67.0882,13928.85,0.800704,81.208359
389.900,92.8770,300.0000,67.3125,67.0835,13929.03,0.800735,81.208359
390.000,92.5303,300.0000,67.4375,67.0788,13925.73,0.800166,81.460115
390.100,92.5303,300.0000,67.3750,67.0742,13922.65,0.799635,81.460115
390.200,92.5303,300.0000,67.5000,67.0696,13919.78,0.799140,81.460115
390.300,92.5303,300.0000,67.3750,67.0650,13917.10,0.798679,81.460115
390.400,92.5303,300.0000,67.3125,67.0605,13914.59,0.798248,81.460115
390.500,92.5303,300.0000,67.3125,67.0560,13912.26,0.797846,81.460115
390.600,92.5303,300.0000,67.3125,67.0515,13910.08,0.797471,81.460115
390.700,92.5303,300.0000,67.2500,67.0470,13908.04,0.797121,81.460115
390.800,92.5303,300.0000,67.2500,67.0426,13906.14,0.796794,81.460115
390.900,92.5303,300.0000,67.3125,67.0382,13904.37,0.796489,81.460115
391.000,92.7821,300.0000,67.3125,67.0338,13905.23,0.796638,81.711871
391.100,92.7821,300.0000,67.3750,67.0294,13906.04,0.796776,81.711871
391.200,92.7821,300.0000,67.3125,67.0250,13906.79,0.796905,81.711871
391.300,92.7821,300.0000,67.3750,67.0206,13907.49,0.797026,81.711871
391.400,92.7821,300.0000,67.2500,67.0162,13908.15,0.797139,81.711871
391.500,92.7821,300.0000,67.3125,67.0119,13908.76,0.797244,81.711871
391.600,92.7821,300.0000,67.1875,67.0075,13909.33,0.797342,81.711871
391.700,92.7821,300.0000,67.3125,67.0031,13909.86,0.797433,81.711871
391.800,92.7821,300.0000,67.2500,66.9988,13910.36,0.797519,81.711871
391.900,92.7821,300.0000,67.2500,66.9944,13910.82,0.797599,81.711871
392.000,92.7278,300.0000,67.2500,66.9901,13910.71,0.797580,81.956823
392.100,92.7278,300.0000,67.2500,66.9857,13910.61,0.797562,81.956823
392.200,92.7278,300.0000,67.3125,66.9814,13910.51,0.797546,81.956823
392.300,92.7278,300.0000,67.2500,66.9771,13910.42,0.797531,81.956823
392.400,92.7278,300.0000,67.3125,66.9728,13910.34,0.797516,81.956823
392.500,92.7278,300.0000,67.1875,66.9685,13910.26,0.797503,81.956823
392.600,92.7278,300.0000,67.2500,66.9642,13910.19,0.797490,81.956823
392.700,92.7278,300.0000,67.1875,66.9599,13910.12,0.797479,81.956823
392.800,92.7278,300.0000,67.1875,66.9557,13910.06,0.797468,81.956823
392.900,92.7278,300.0000,67.1875,66.9514,13910.00,0.797458,81.956823
393.000,92.6668,300.0000,67.0625,66.9472,13909.34,0.797343,82.194971
393.100,92.6668,300.0000,67.1875,66.9429,13908.71,0.797237,82.194971
393.200,92.6668,300.0000,67.2500,66.9387,13908.14,0.797137,82.194971
393.300,92.6668,300.0000,67.2500,66.9345,13907.59,0.797044,82.194971
393.400,92.6668,300.0000,67.1875,66.9304,13907.09,0.796957,82.194971
393.500,92.6668,300.0000,67.2500,66.9262,13906.62,0.796876,82.194971
393.600,92.6668,300.0000,67.1875,66.9220,13906.18,0.796800,82.194971
393.700,92.6668,300.0000,67.1875,66.9179,13905.77,0.796730,82.194971
393.800,92.6668,300.0000,67.2500,66.9137,13905.38,0.796664,82.194971
393.900,92.6668,300.0000,67.3125,66.9096,13905.03,0.796603,82.194971
394.000,93.5169,300.0000,67.1875,66.9054,13913.19,0.798007,82.446727
394.100,93.5169,300.0000,67.1875,66.9012,13920.82,0.799320,82.446727
394.200,93.5169,300.0000,67.0625,66.8969,13927.93,0.800546,82.446727
394.300,93.5169,300.0000,67.2500,66.8926,13934.57,0.801691,82.446727
394.400,93.5169,300.0000,67.1875,66.8882,13940.77,0.802762,82.446727
394.500,93.5169,300.0000,67.1875,66.8838,13946.56,0.803761,82.446727
394.600,93.5169,300.0000,67.1250,66.8794,13951.96,0.804695,82.446727
394.700,93.5169,300.0000,67.1250,66.8749,13956.99,0.805567,82.446727
394.800,93.5169,300.0000,67.1875,66.8704,13961.70,0.806382,82.446727
394.900,93.5169,300.0000,67.0625,66.8659,13966.09,0.807143,82.446727
395.000,92.5447,300.0000,67.1875,66.8614,13960.46,0.806168,82.671266
395.100,92.5447,300.0000,67.1250,66.8570,13955.21,0.805259,82.671266
395.200,92.5447,300.0000,67.1250,66.8526,13950.31,0.804411,82.671266
395.300,92.5447,300.0000,67.1250,66.8483,13945.74,0.803620,82.671266
395.400,92.5447,300.0000,67.1250,66.8440,13941.47,0.802882,82.671266
395.500,92.5447,300.0000,67.0625,66.8398,13937.48,0.802194,82.671266
395.600,92.5447,300.0000,67.1875,66.8356,13933.77,0.801552,82.671266
395.700,92.5447,300.0000,67.1250,66.8314,13930.30,0.800953,82.671266
395.800,92.5447,300.0000,67.1250,66.8273,13927.06,0.800395,82.671266
395.900,92.5447,300.0000,67.0625,66.8232,13924.03,0.799873,82.671266
396.000,92.7692,300.0000,67.1250,66.8192,13923.46,0.799774,82.895806
396.100,92.7692,300.0000,67.0625,66.8151,13922.92,0.799681,82.895806
396.200,92.7692,300.0000,67.0625,66.8111,13922.42,0.799595,82.895806
396.300,92.7692,300.0000,67.0000,66.8070,13921.95,0.799514,82.895806
396.400,92.7692,300.0000,67.0000,66.8030,13921.51,0.799439,82.895806
396.500,92.7692,300.0000,67.1250,66.7990,13921.10,0.799369,82.895806
396.600,92.7692,300.0000,67.0625,66.7950,13920.72,0.799303,82.895806
396.700,92.7692,300.0000,67.0625,66.7910,13920.37,0.799242,82.895806
396.800,92.7692,300.0000,67.0000,66.7870,13920.03,0.799184,82.895806
396.900,92.7692,300.0000,67.0625,66.7831,13919.72,0.799131,82.895806
397.000,92.9938,300.0000,67.0000,66.7791,13921.68,0.799468,83.120345
397.100,92.9938,300.0000,67.0000,66.7751,13923.51,0.799783,83.120345
397.200,92.9938,300.0000,66.9375,66.7712,13925.21,0.800076,83.120345
397.300,92.9938,300.0000,67.0625,66.7672,13926.80,0.800351,83.120345
397.400,92.9938,300.0000,67.1250,66.7632,13928.28,0.800607,83.120345
397.500,92.9938,300.0000,66.9375,66.7592,13929.67,0.800845,83.120345
397.600,92.9938,300.0000,66.9375,66.7552,13930.96,0.801069,83.120345
397.700,92.9938,300.0000,67.0000,66.7512,13932.17,0.801277,83.120345
397.800,92.9938,300.0000,67.0000,66.7472,13933.30,0.801471,83.120345
397.900,92.9938,300.0000,67.0000,66.7432,13934.35,0.801653,83.120345
398.000,92.9123,300.0000,67.0625,66.7392,13934.51,0.801681,83.338080
398.100,92.9123,300.0000,67.0625,66.7353,13934.67,0.801708,83.338080
398.200,92.9123,300.0000,66.9375,66.7313,13934.82,0.801733,83.338080
398.300,92.9123,300.0000,67.0000,66.7273,13934.95,0.801757,83.338080
398.400,92.9123,300.0000,66.9375,66.7234,13935.08,0.801779,83.338080
398.500,92.9123,300.0000,66.9375,66.7194,13935.20,0.801799,83.338080
398.600,92.9123,300.0000,66.9375,66.7155,13935.31,0.801818,83.338080
398.700,92.9123,300.0000,67.0000,66.7116,13935.41,0.801836,83.338080
398.800,92.9123,300.0000,66.9375,66.7076,13935.50,0.801852,83.338080
398.900,92.9123,300.0000,66.9375,66.7037,13935.59,0.801868,83.338080
399.000,92.8241,300.0000,66.8750,66.6998,13934.80,0.801730,83.549011
399.100,92.8241,300.0000,67.0000,66.6959,13934.05,0.801601,83.549011
399.200,92.8241,300.0000,66.9375,66.6921,13933.35,0.801481,83.549011
399.300,92.8241,300.0000,66.8125,66.6882,13932.70,0.801369,83.549011
399.400,92.8241,300.0000,66.8750,66.6844,13932.10,0.801264,83.549011
399.500,92.8241,300.0000,66.8750,66.6805,13931.53,0.801167,83.549011
399.600,92.8241,300.0000,66.9375,66.6767,13931.00,0.801075,83.549011
399.700,92.8241,300.0000,66.9375,66.6729,13930.51,0.800990,83.549011
399.800,92.8241,300.0000,66.8750,66.6691,13930.05,0.800911,83.549011
399.900,92.8241,300.0000,66.9375,66.6653,13929.62,0.800837,83.549011
400.000,93.0350,300.0000,66.8125,66.6616,13931.33,0.801132,83.759941
400.100,93.0350,300.0000,66.8750,66.6578,13932.92,0.801407,83.759941
400.200,93.0350,300.0000,66.9375,66.6540,13934.41,0.801664,83.759941
400.300,93.0350,300.0000,66.9375,66.6502,13935.80,0.801903,83.759941
400.400,93.0350,300.0000,66.8750,66.6464,13937.10,0.802127,83.759941
400.500,93.0350,300.0000,66.8750,66.6426,13938.31,0.802336,83.759941
400.600,93.0350,300.0000,66.9375,66.6388,13939.44,0.802531,83.759941
400.700,93.0350,300.0000,66.8750,66.6350,13940.49,0.802713,83.759941
400.800,93.0350,300.0000,66.8750,66.6312,13941.48,0.802883,83.759941
400.900,93.0350,300.0000,66.8125,66.6274,13942.39,0.803042,83.759941
401.000,92.6339,300.0000,66.9375,66.6236,13939.24,0.802497,83.957264
401.100,92.6339,300.0000,66.8750,66.6199,13936.30,0.801989,83.957264
401.200,92.6339,300.0000,66.8125,66.6161,13933.55,0.801515,83.957264
401.300,92.6339,300.0000,66.8750,66.6125,13930.99,0.801072,83.957264
401.400,92.6339,300.0000,66.8750,66.6088,13928.59,0.800660,83.957264
401.500,92.6339,300.0000,66.8125,66.6052,13926.36,0.800274,83.957264
401.600,92.6339,300.0000,66.8125,66.6016,13924.27,0.799915,83.957264
401.700,92.6339,300.0000,66.8750,66.5980,13922.33,0.799580,83.957264
401.800,92.6339,300.0000,66.8750,66.5945,13920.51,0.799267,83.957264
401.900,92.6339,300.0000,66.8750,66.5910,13918.82,0.798975,83.957264
402.000,93.1372,300.0000,66.7500,66.5874,13922.27,0.799570,84.161390
402.100,93.1372,300.0000,66.7500,66.5839,13925.49,0.800125,84.161390
402.200,93.1372,300.0000,66.8125,66.5803,13928.50,0.800643,84.161390
402.300,93.1372,300.0000,66.8125,66.5767,13931.30,0.801127,84.161390
402.400,93.1372,300.0000,66.7500,66.5731,13933.92,0.801579,84.161390
402.500,93.1372,300.0000,66.8125,66.5695,13936.37,0.802001,84.161390
402.600,93.1372,300.0000,66.8125,66.5658,13938.65,0.802395,84.161390
402.700,93.1372,300.0000,66.6875,66.5622,13940.78,0.802763,84.161390
402.800,93.1372,300.0000,66.8125,66.5585,13942.76,0.803106,84.161390
402.900,93.1372,300.0000,66.6875,66.5549,13944.62,0.803426,84.161390
403.000,92.4234,300.0000,66.8125,66.5513,13939.21,0.802492,84.345104
403.100,92.4234,300.0000,66.7500,66.5477,13934.16,0.801621,84.345104
403.200,92.4234,300.0000,66.7500,66.5442,13929.45,0.800808,84.345104
403.300,92.4234,300.0000,66.7500,66.5407,13925.06,0.800050,84.345104
403.400,92.4234,300.0000,66.7500,66.5373,13920.95,0.799343,84.345104
403.500,92.4234,300.0000,66.8125,66.5339,13917.12,0.798683,84.345104
403.600,92.4234,300.0000,66.6875,66.5306,13913.55,0.798068,84.345104
403.700,92.4234,300.0000,66.7500,66.5273,13910.21,0.797494,84.345104
403.800,92.4234,300.0000,66.6875,66.5240,13907.10,0.796959,84.345104
403.900,92.4234,300.0000,66.7500,66.5207,13904.19,0.796459,84.345104
404.000,92.9131,300.0000,66.7500,66.5175,13906.38,0.796835,84.535623
404.100,92.9131,300.0000,66.7500,66.5142,13908.42,0.797185,84.535623
404.200,92.9131,300.0000,66.7500,66.5109,13910.32,0.797513,84.535623
404.300,92.9131,300.0000,66.6875,66.5077,13912.10,0.797818,84.535623
404.400,92.9131,300.0000,66.7500,66.5044,13913.75,0.798103,84.535623
404.500,92.9131,300.0000,66.7500,66.5011,13915.30,0.798370,84.535623
404.600,92.9131,300.0000,66.6875,66.4978,13916.75,0.798618,84.535623
404.700,92.9131,300.0000,66.6875,66.4945,13918.09,0.798850,84.535623
404.800,92.9131,300.0000,66.7500,66.4912,13919.35,0.799067,84.535623
404.900,92.9131,300.0000,66.7500,66.4878,13920.53,0.799269,84.535623
405.000,93.1036,300.0000,66.6875,66.4845,13923.53,0.799786,84.726141
405.100,93.1036,300.0000,66.6875,66.4812,13926.33,0.800269,84.726141
405.200,93.1036,300.0000,66.7500,66.4778,13928.94,0.800720,84.726141
405.300,93.1036,300.0000,66.6875,66.4744,13931.38,0.801141,84.726141
405.400,93.1036,300.0000,66.7500,66.4711,13933.66,0.801534,84.726141
405.500,93.1036,300.0000,66.7500,66.4677,13935.78,0.801900,84.726141
405.600,93.1036,300.0000,66.6875,66.4643,13937.77,0.802243,84.726141
405.700,93.1036,300.0000,66.6250,66.4609,13939.62,0.802563,84.726141
405.800,93.1036,300.0000,66.6875,66.4575,13941.35,0.802861,84.726141
405.900,93.1036,300.0000,66.6250,66.4540,13942.96,0.803140,84.726141
406.000,92.6821,300.0000,66.6875,66.4506,13940.25,0.802672,84.903050
406.100,92.6821,300.0000,66.6875,66.4473,13937.72,0.802235,84.903050
406.200,92.6821,300.0000,66.7500,66.4439,13935.36,0.801828,84.903050
406.300,92.6821,300.0000,66.5000,66.4406,13933.16,0.801447,84.903050
406.400,92.6821,300.0000,66.6250,66.4373,13931.10,0.801093,84.903050
406.500,92.6821,300.0000,66.5625,66.4341,13929.18,0.800762,84.903050
406.600,92.6821,300.0000,66.5625,66.4308,13927.39,0.800453,84.903050
406.700,92.6821,300.0000,66.5625,66.4276,13925.72,0.800165,84.903050
406.800,92.6821,300.0000,66.6875,66.4244,13924.16,0.799896,84.903050
406.900,92.6821,300.0000,66.6250,66.4213,13922.70,0.799645,84.903050
407.000,92.8590,300.0000,66.6250,66.4181,13923.11,0.799715,85.079960
407.100,92.8590,300.0000,66.6250,66.4149,13923.50,0.799781,85.079960
407.200,92.8590,300.0000,66.6250,66.4117,13923.85,0.799843,85.079960
407.300,92.8590,300.0000,66.5625,66.4086,13924.19,0.799900,85.079960
407.400,92.8590,300.0000,66.6250,66.4054,13924.50,0.799954,85.079960
407.500,92.8590,300.0000,66.6875,66.4023,13924.79,0.800004,85.079960
407.600,92.8590,300.0000,66.6250,66.3991,13925.06,0.800051,85.079960
407.700,92.8590,300.0000,66.5625,66.3960,13925.31,0.800094,85.079960
407.800,92.8590,300.0000,66.6875,66.3928,13925.55,0.800135,85.079960
407.900,92.8590,300.0000,66.6250,66.3897,13925.77,0.800173,85.079960
408.000,93.0359,300.0000,66.5625,66.3865,13927.74,0.800513,85.256870
408.100,93.0359,300.0000,66.5000,66.3834,13929.59,0.800831,85.256870
408.200,93.0359,300.0000,66.5625,66.3802,13931.31,0.801128,85.256870
408.300,93.0359,300.0000,66.6250,66.3771,13932.91,0.801405,85.256870
408.400,93.0359,300.0000,66.5625,66.3739,13934.41,0.801664,85.256870
408.500,93.0359,300.0000,66.5625,66.3707,13935.81,0.801905,85.256870
408.600,93.0359,300.0000,66.5000,66.3675,13937.12,0.802130,85.256870
408.700,93.0359,300.0000,66.6250,66.3644,13938.33,0.802341,85.256870
408.800,93.0359,300.0000,66.5625,66.3612,13939.47,0.802537,85.256870
408.900,93.0359,300.0000,66.5625,66.3580,13940.53,0.802721,85.256870
409.000,92.9069,300.0000,66.5625,66.3548,13940.23,0.802669,85.426975
409.100,92.9069,300.0000,66.5000,66.3516,13939.95,0.802620,85.426975
409.200,92.9069,300.0000,66.5000,66.3485,13939.69,0.802575,85.426975
409.300,92.9069,300.0000,66.5000,66.3453,13939.45,0.802533,85.426975
409.400,92.9069,300.0000,66.5000,66.3422,13939.22,0.802493,85.426975
409.500,92.9069,300.0000,66.5625,66.3391,13939.01,0.802457,85.426975
409.600,92.9069,300.0000,66.5625,66.3359,13938.81,0.802422,85.426975
409.700,92.9069,300.0000,66.5000,66.3328,13938.62,0.802390,85.426975
409.800,92.9069,300.0000,66.5000,66.3297,13938.45,0.802361,85.426975
409.900,92.9069,300.0000,66.5000,66.3266,13938.29,0.802333,85.426975
410.000,92.7710,300.0000,66.5000,66.3235,13936.78,0.802072,85.590277
410.100,92.7710,300.0000,66.6250,66.3205,13935.37,0.801829,85.590277
410.200,92.7710,300.0000,66.5000,66.3174,13934.05,0.801602,85.590277
410.300,92.7710,300.0000,66.5000,66.3144,13932.83,0.801390,85.590277
410.400,92.7710,300.0000,66.5000,66.3114,13931.68,0.801192,85.590277
410.500,92.7710,300.0000,66.3750,66.3084,13930.61,0.801008,85.590277
410.600,92.7710,300.0000,66.5625,66.3054,13929.61,0.800836,85.590277
410.700,92.7710,300.0000,66.5000,66.3025,13928.68,0.800675,85.590277
410.800,92.7710,300.0000,66.5625,66.2995,13927.81,0.800525,85.590277
410.900,92.7710,300.0000,66.5000,66.2966,13927.00,0.800385,85.590277
411.000,92.9343,300.0000,66.5625,66.2936,13927.88,0.800536,85.753578
411.100,92.9343,300.0000,66.3750,66.2907,13928.70,0.800677,85.753578
411.200,92.9343,300.0000,66.5625,66.2878,13929.46,0.800809,85.753578
411.300,92.9343,300.0000,66.4375,66.2848,13930.17,0.800932,85.753578
411.400,92.9343,300.0000,66.5625,66.2819,13930.84,0.801046,85.753578
411.500,92.9343,300.0000,66.4375,66.2790,13931.46,0.801153,85.753578
411.600,92.9343,300.0000,66.5000,66.2760,13932.03,0.801253,85.753578
411.700,92.9343,300.0000,66.5000,66.2731,13932.57,0.801347,85.753578
411.800,92.9343,300.0000,66.4375,66.2702,13933.08,0.801434,85.753578
411.900,92.9343,300.0000,66.3750,66.2672,13933.55,0.801515,85.753578
412.000,92.4856,300.0000,66.3750,66.2644,13929.50,0.800816,85.903271
412.100,92.4856,300.0000,66.5000,66.2615,13925.72,0.800165,85.903271
412.200,92.4856,300.0000,66.4375,66.2587,13922.20,0.799557,85.903271
412.300,92.4856,300.0000,66.4375,66.2559,13918.91,0.798991,85.903271
412.400,92.4856,300.0000,66.4375,66.2532,13915.84,0.798462,85.903271
412.500,92.4856,300.0000,66.3750,66.2504,13912.97,0.797968,85.903271
412.600,92.4856,300.0000,66.3750,66.2478,13910.29,0.797508,85.903271
412.700,92.4856,300.0000,66.4375,66.2451,13907.80,0.797079,85.903271
412.800,92.4856,300.0000,66.3750,66.2425,13905.47,0.796678,85.903271
412.900,92.4856,300.0000,66.5000,66.2398,13903.29,0.796304,85.903271
413.000,93.2473,300.0000,66.3125,66.2372,13908.88,0.797264,86.066572
413.100,93.2473,300.0000,66.5000,66.2345,13914.09,0.798161,86.066572
413.200,93.2473,300.0000,66.4375,66.2318,13918.96,0.798999,86.066572
413.300,93.2473,300.0000,66.5000,66.2290,13923.50,0.799782,86.066572
413.400,93.2473,300.0000,66.4375,66.2262,13927.74,0.800512,86.066572
413.500,93.2473,300.0000,66.3750,66.2234,13931.70,0.801195,86.066572
413.600,93.2473,300.0000,66.3750,66.2206,13935.39,0.801832,86.066572
413.700,93.2473,300.0000,66.3750,66.2177,13938.83,0.802427,86.066572
413.800,93.2473,300.0000,66.3125,66.2148,13942.05,0.802983,86.066572
413.900,93.2473,300.0000,66.4375,66.2119,13945.05,0.803502,86.066572
414.000,93.1046,300.0000,66.4375,66.2090,13946.43,0.803740,86.223069
414.100,93.1046,300.0000,66.2500,66.2061,13947.71,0.803961,86.223069
414.200,93.1046,300.0000,66.2500,66.2032,13948.91,0.804169,86.223069
414.300,93.1046,300.0000,66.3750,66.2003,13950.03,0.804362,86.223069
414.400,93.1046,300.0000,66.3750,66.1974,13951.07,0.804543,86.223069
414.500,93.1046,300.0000,66.3125,66.1945,13952.05,0.804711,86.223069
414.600,93.1046,300.0000,66.3750,66.1915,13952.96,0.804868,86.223069
414.700,93.1046,300.0000,66.3750,66.1886,13953.80,0.805015,86.223069
414.800,93.1046,300.0000,66.3125,66.1857,13954.60,0.805152,86.223069
414.900,93.1046,300.0000,66.4375,66.1828,13955.34,0.805280,86.223069
415.000,93.2611,300.0000,66.3125,66.1799,13957.59,0.805671,86.379566
415.100,93.2611,300.0000,66.3125,66.1769,13959.69,0.806035,86.379566
415.200,93.2611,300.0000,66.3750,66.1740,13961.66,0.806375,86.379566
415.300,93.2611,300.0000,66.3125,66.1710,13963.49,0.806693,86.379566
415.400,93.2611,300.0000,66.4375,66.1680,13965.20,0.806990,86.379566
415.500,93.2611,300.0000,66.3125,66.1651,13966.80,0.807267,86.379566
415.600,93.2611,300.0000,66.3750,66.1621,13968.29,0.807525,86.379566
415.700,93.2611,300.0000,66.3125,66.1591,13969.68,0.807766,86.379566
415.800,93.2611,300.0000,66.3125,66.1561,13970.98,0.807992,86.379566
415.900,93.2611,300.0000,66.3125,66.1531,13972.19,0.808202,86.379566
416.000,92.8056,300.0000,66.3750,66.1501,13968.77,0.807608,86.522455
416.100,92.8056,300.0000,66.2500,66.1472,13965.57,0.807054,86.522455
416.200,92.8056,300.0000,66.3750,66.1443,13962.59,0.806537,86.522455
416.300,92.8056,300.0000,66.2500,66.1415,13959.81,0.806054,86.522455
416.400,92.8056,300.0000,66.2500,66.1386,13957.21,0.805604,86.522455
416.500,92.8056,300.0000,66.3750,66.1358,13954.78,0.805185,86.522455
416.600,92.8056,300.0000,66.3125,66.1330,13952.52,0.804793,86.522455
416.700,92.8056,300.0000,66.3750,66.1303,13950.41,0.804427,86.522455
416.800,92.8056,300.0000,66.3750,66.1275,13948.44,0.804086,86.522455
416.900,92.8056,300.0000,66.3125,66.1248,13946.60,0.803768,86.522455
417.000,92.9484,300.0000,66.2500,66.1221,13946.31,0.803718,86.665343
417.100,92.9484,300.0000,66.4375,66.1194,13946.04,0.803672,86.665343
417.200,92.9484,300.0000,66.2500,66.1167,13945.79,0.803628,86.665343
417.300,92.9484,300.0000,66.3125,66.1140,13945.55,0.803588,86.665343
417.400,92.9484,300.0000,66.3125,66.1113,13945.33,0.803550,86.665343
417.500,92.9484,300.0000,66.2500,66.1087,13945.13,0.803515,86.665343
417.600,92.9484,300.0000,66.1875,66.1060,13944.94,0.803482,86.665343
417.700,92.9484,300.0000,66.3125,66.1034,13944.76,0.803451,86.665343
417.800,92.9484,300.0000,66.3125,66.1007,13944.59,0.803422,86.665343
417.900,92.9484,300.0000,66.3125,66.0981,13944.44,0.803395,86.665343
418.000,93.0913,300.0000,66.1875,66.0954,13945.72,0.803617,86.808232
418.100,93.0913,300.0000,66.2500,66.0928,13946.92,0.803824,86.808232
418.200,93.0913,300.0000,66.2500,66.0901,13948.04,0.804018,86.808232
418.300,93.0913,300.0000,66.2500,66.0875,13949.08,0.804198,86.808232
418.400,93.0913,300.0000,66.2500,66.0848,13950.06,0.804367,86.808232
418.500,93.0913,300.0000,66.2500,66.0821,13950.97,0.804524,86.808232
418.600,93.0913,300.0000,66.3125,66.0795,13951.82,0.804671,86.808232
418.700,93.0913,300.0000,66.2500,66.0768,13952.61,0.804808,86.808232
418.800,93.0913,300.0000,66.1875,66.0742,13953.35,0.804936,86.808232
418.900,93.0913,300.0000,66.2500,66.0715,13954.04,0.805056,86.808232
419.000,92.9282,300.0000,66.2500,66.0689,13953.05,0.804885,86.944316
419.100,92.9282,300.0000,66.2500,66.0662,13952.13,0.804725,86.944316
419.200,92.9282,300.0000,66.2500,66.0636,13951.27,0.804577,86.944316
419.300,92.9282,300.0000,66.1875,66.0610,13950.47,0.804438,86.944316
419.400,92.9282,300.0000,66.2500,66.0584,13949.72,0.804308,86.944316
419.500,92.9282,300.0000,66.1875,66.0558,13949.02,0.804187,86.944316
419.600,92.9282,300.0000,66.1875,66.0532,13948.37,0.804075,86.944316
419.700,92.9282,300.0000,66.2500,66.0507,13947.76,0.803969,86.944316
419.800,92.9282,300.0000,66.1875,66.0481,13947.19,0.803871,86.944316
419.900,92.9282,300.0000,66.1875,66.0456,13946.66,0.803779,86.944316
420.000,92.7583,300.0000,66.1875,66.0431,13944.46,0.803400,87.073596
420.100,92.7583,300.0000,66.3125,66.0406,13942.42,0.803046,87.073596
420.200,92.7583,300.0000,66.1875,66.0381,13940.51,0.802716,87.073596
420.300,92.7583,300.0000,66.1875,66.0356,13938.72,0.802408,87.073596
420.400,92.7583,300.0000,66.1250,66.0332,13937.06,0.802120,87.073596
420.500,92.7583,300.0000,66.1250,66.0308,13935.50,0.801852,87.073596
420.600,92.7583,300.0000,66.1875,66.0284,13934.05,0.801601,87.073596
420.700,92.7583,300.0000,66.1875,66.0260,13932.70,0.801368,87.073596
420.800,92.7583,300.0000,66.1875,66.0237,13931.43,0.801150,87.073596
420.900,92.7583,300.0000,66.1875,66.0213,13930.26,0.800946,87.073596
421.000,92.8876,300.0000,66.1875,66.0190,13930.45,0.800980,87.202877
421.100,92.8876,300.0000,66.1250,66.0166,13930.63,0.801010,87.202877
421.200,92.8876,300.0000,66.1875,66.0143,13930.79,0.801039,87.202877
421.300,92.8876,300.0000,66.1875,66.0119,13930.95,0.801066,87.202877
421.400,92.8876,300.0000,66.1250,66.0096,13931.10,0.801091,87.202877
421.500,92.8876,300.0000,66.1875,66.0073,13931.23,0.801115,87.202877
421.600,92.8876,300.0000,66.1250,66.0049,13931.36,0.801137,87.202877
421.700,92.8876,300.0000,66.0625,66.0026,13931.48,0.801157,87.202877
421.800,92.8876,300.0000,66.1875,66.0003,13931.59,0.801176,87.202877
421.900,92.8876,300.0000,66.1250,65.9980,13931.69,0.801194,87.202877
422.000,92.7109,300.0000,66.1250,65.9957,13930.02,0.800906,87.325352
422.100,92.7109,300.0000,66.1250,65.9934,13928.46,0.800637,87.325352
422.200,92.7109,300.0000,66.1250,65.9912,13927.01,0.800386,87.325352
422.300,92.7109,300.0000,66.1250,65.9889,13925.65,0.800152,87.325352
422.400,92.7109,300.0000,66.1875,65.9867,13924.38,0.799933,87.325352
422.500,92.7109,300.0000,66.1875,65.9845,13923.20,0.799729,87.325352
422.600,92.7109,300.0000,66.0625,65.9823,13922.09,0.799539,87.325352
422.700,92.7109,300.0000,66.0625,65.9801,13921.06,0.799362,87.325352
422.800,92.7109,300.0000,66.1250,65.9779,13920.10,0.799196,87.325352
422.900,92.7109,300.0000,66.2500,65.9758,13919.20,0.799041,87.325352
423.000,93.4453,300.0000,66.1875,65.9736,13925.71,0.800162,87.461437
423.100,93.4453,300.0000,66.1250,65.9713,13931.78,0.801210,87.461437
423.200,93.4453,300.0000,66.1250,65.9690,13937.45,0.802188,87.461437
423.300,93.4453,300.0000,66.1875,65.9667,13942.74,0.803102,87.461437
423.400,93.4453,300.0000,66.1250,65.9643,13947.68,0.803955,87.461437
423.500,93.4453,300.0000,66.1250,65.9619,13952.28,0.804752,87.461437
423.600,93.4453,300.0000,66.1875,65.9595,13956.59,0.805497,87.461437
423.700,93.4453,300.0000,66.1250,65.9570,13960.60,0.806192,87.461437
423.800,93.4453,300.0000,66.1250,65.9546,13964.35,0.806841,87.461437
423.900,93.4453,300.0000,66.0625,65.9520,13967.84,0.807448,87.461437
424.000,92.6634,300.0000,66.1250,65.9496,13963.29,0.806658,87.577109
424.100,92.6634,300.0000,66.1250,65.9472,13959.04,0.805921,87.577109
424.200,92.6634,300.0000,66.0625,65.9448,13955.07,0.805234,87.577109
424.300,92.6634,300.0000,66.0000,65.9424,13951.36,0.804593,87.577109
424.400,92.6634,300.0000,66.0000,65.9401,13947.91,0.803995,87.577109
424.500,92.6634,300.0000,66.1250,65.9378,13944.68,0.803437,87.577109
424.600,92.6634,300.0000,66.0625,65.9356,13941.67,0.802917,87.577109
424.700,92.6634,300.0000,66.1250,65.9333,13938.86,0.802432,87.577109
424.800,92.6634,300.0000,66.0625,65.9311,13936.24,0.801979,87.577109
424.900,92.6634,300.0000,66.1250,65.9290,13933.79,0.801556,87.577109
425.000,93.0851,300.0000,66.0000,65.9268,13935.72,0.801889,87.699585
425.100,93.0851,300.0000,66.0625,65.9246,13937.52,0.802201,87.699585
425.200,93.0851,300.0000,66.0625,65.9224,13939.21,0.802491,87.699585
425.300,93.0851,300.0000,66.0625,65.9202,13940.78,0.802763,87.699585
425.400,93.0851,300.0000,66.0000,65.9179,13942.24,0.803016,87.699585
425.500,93.0851,300.0000,66.1250,65.9157,13943.61,0.803252,87.699585
425.600,93.0851,300.0000,66.0625,65.9135,13944.89,0.803473,87.699585
425.700,93.0851,300.0000,66.0625,65.9112,13946.08,0.803679,87.699585
425.800,93.0851,300.0000,66.0625,65.9090,13947.19,0.803871,87.699585
425.900,93.0851,300.0000,66.0000,65.9067,13948.23,0.804051,87.699585
426.000,92.5956,300.0000,66.0625,65.9045,13944.30,0.803372,87.808452
426.100,92.5956,300.0000,66.0000,65.9024,13940.64,0.802739,87.808452
426.200,92.5956,300.0000,66.0625,65.9002,13937.22,0.802148,87.808452
426.300,92.5956,300.0000,65.9375,65.8981,13934.03,0.801597,87.808452
426.400,92.5956,300.0000,66.1250,65.8960,13931.05,0.801083,87.808452
426.500,92.5956,300.0000,66.0000,65.8940,13928.27,0.800603,87.808452
426.600,92.5956,300.0000,66.0000,65.8920,13925.67,0.800156,87.808452
426.700,92.5956,300.0000,65.9375,65.8900,13923.25,0.799738,87.808452
426.800,92.5956,300.0000,66.0000,65.8880,13920.99,0.799349,87.808452
426.900,92.5956,300.0000,66.0000,65.8860,13918.88,0.798986,87.808452
427.000,92.7044,300.0000,65.9375,65.8841,13918.00,0.798834,87.917320
427.100,92.7044,300.0000,65.9375,65.8822,13917.18,0.798692,87.917320
427.200,92.7044,300.0000,66.0000,65.8802,13916.41,0.798560,87.917320
427.300,92.7044,300.0000,65.9375,65.8783,13915.69,0.798437,87.917320
427.400,92.7044,300.0000,66.0000,65.8764,13915.02,0.798322,87.917320
427.500,92.7044,300.0000,66.0000,65.8745,13914.40,0.798215,87.917320
427.600,92.7044,300.0000,66.0625,65.8726,13913.82,0.798114,87.917320
427.700,92.7044,300.0000,66.0000,65.8708,13913.27,0.798021,87.917320
427.800,92.7044,300.0000,66.0625,65.8689,13912.77,0.797934,87.917320
427.900,92.7044,300.0000,66.0625,65.8670,13912.29,0.797852,87.917320
428.000,93.1193,300.0000,66.0000,65.8652,13916.00,0.798490,88.032991
428.100,93.1193,300.0000,66.0625,65.8632,13919.46,0.799086,88.032991
428.200,93.1193,300.0000,65.9375,65.8613,13922.69,0.799642,88.032991
428.300,93.1193,300.0000,65.9375,65.8594,13925.70,0.800161,88.032991
428.400,93.1193,300.0000,66.0625,65.8574,13928.52,0.800646,88.032991
428.500,93.1193,300.0000,65.9375,65.8554,13931.14,0.801099,88.032991
428.600,93.1193,300.0000,65.9375,65.8534,13933.59,0.801522,88.032991
428.700,93.1193,300.0000,66.0000,65.8514,13935.88,0.801917,88.032991
428.800,93.1193,300.0000,65.9375,65.8493,13938.01,0.802285,88.032991
428.900,93.1193,300.0000,66.0000,65.8473,13940.01,0.802629,88.032991
429.000,92.9290,300.0000,66.0000,65.8453,13939.96,0.802622,88.141859
429.100,92.9290,300.0000,65.8750,65.8432,13939.92,0.802615,88.141859
429.200,92.9290,300.0000,65.9375,65.8412,13939.88,0.802608,88.141859
429.300,92.9290,300.0000,66.0000,65.8392,13939.85,0.802602,88.141859
429.400,92.9290,300.0000,66.0000,65.8371,13939.81,0.802596,88.141859
429.500,92.9290,300.0000,65.9375,65.8351,13939.78,0.802591,88.141859
429.600,92.9290,300.0000,66.0000,65.8331,13939.75,0.802586,88.141859
429.700,92.9290,300.0000,65.8750,65.8311,13939.73,0.802581,88.141859
429.800,92.9290,300.0000,65.9375,65.8291,13939.70,0.802577,88.141859
429.900,92.9290,300.0000,65.9375,65.8271,13939.68,0.802573,88.141859
430.000,92.7318,300.0000,66.0000,65.8251,13937.68,0.802228,88.243922
430.100,92.7318,300.0000,65.9375,65.8232,13935.82,0.801907,88.243922
430.200,92.7318,300.0000,65.9375,65.8212,13934.09,0.801608,88.243922
430.300,92.7318,300.0000,65.8125,65.8193,13932.47,0.801328,88.243922
430.400,92.7318,300.0000,66.0000,65.8174,13930.95,0.801067,88.243922
430.500,92.7318,300.0000,65.9375,65.8155,13929.54,0.800823,88.243922
430.600,92.7318,300.0000,65.9375,65.8137,13928.22,0.800596,88.243922
430.700,92.7318,300.0000,65.8750,65.8118,13926.99,0.800384,88.243922
430.800,92.7318,300.0000,65.8750,65.8100,13925.85,0.800186,88.243922
430.900,92.7318,300.0000,65.9375,65.8081,13924.78,0.800002,88.243922
431.000,92.8339,300.0000,65.9375,65.8063,13924.80,0.800005,88.345985
431.100,92.8339,300.0000,65.9375,65.8045,13924.82,0.800008,88.345985
431.200,92.8339,300.0000,65.8750,65.8027,13924.83,0.800012,88.345985
431.300,92.8339,300.0000,65.9375,65.8008,13924.85,0.800014,88.345985
431.400,92.8339,300.0000,65.8750,65.7990,13924.87,0.800017,88.345985
431.500,92.8339,300.0000,65.8750,65.7972,13924.88,0.800020,88.345985
431.600,92.8339,300.0000,66.0000,65.7954,13924.89,0.800022,88.345985
431.700,92.8339,300.0000,65.9375,65.7936,13924.91,0.800024,88.345985
431.800,92.8339,300.0000,65.8750,65.7918,13924.92,0.800026,88.345985
431.900,92.8339,300.0000,65.9375,65.7900,13924.93,0.800028,88.345985
432.000,92.9360,300.0000,65.9375,65.7882,13925.96,0.800206,88.448049
432.100,92.9360,300.0000,65.9375,65.7864,13926.92,0.800372,88.448049
432.200,92.9360,300.0000,65.9375,65.7846,13927.82,0.800527,88.448049
432.300,92.9360,300.0000,65.8750,65.7828,13928.66,0.800671,88.448049
432.400,92.9360,300.0000,65.9375,65.7810,13929.44,0.800806,88.448049
432.500,92.9360,300.0000,65.8750,65.7792,13930.17,0.800932,88.448049
432.600,92.9360,300.0000,65.7500,65.7774,13930.85,0.801050,88.448049
432.700,92.9360,300.0000,66.0000,65.7756,13931.49,0.801160,88.448049
432.800,92.9360,300.0000,65.8750,65.7738,13932.08,0.801262,88.448049
432.900,92.9360,300.0000,65.8125,65.7719,13932.64,0.801358,88.448049
433.000,92.4260,300.0000,65.8750,65.7702,13928.06,0.800567,88.536504
433.100,92.4260,300.0000,65.8750,65.7684,13923.78,0.799830,88.536504
433.200,92.4260,300.0000,65.8750,65.7667,13919.79,0.799142,88.536504
433.300,92.4260,300.0000,65.9375,65.7651,13916.06,0.798501,88.536504
433.400,92.4260,300.0000,65.9375,65.7634,13912.59,0.797902,88.536504
433.500,92.4260,300.0000,65.9375,65.7619,13909.34,0.797344,88.536504
433.600,92.4260,300.0000,65.8750,65.7603,13906.31,0.796823,88.536504
433.700,92.4260,300.0000,65.8750,65.7587,13903.48,0.796338,88.536504
433.800,92.4260,300.0000,65.8125,65.7572,13900.85,0.795884,88.536504
433.900,92.4260,300.0000,65.8750,65.7557,13898.38,0.795461,88.536504
434.000,92.8205,300.0000,65.9375,65.7542,13900.03,0.795744,88.631763
434.100,92.8205,300.0000,65.8125,65.7527,13901.57,0.796008,88.631763
434.200,92.8205,300.0000,65.8750,65.7512,13903.00,0.796254,88.631763
434.300,92.8205,300.0000,65.9375,65.7496,13904.34,0.796484,88.631763
434.400,92.8205,300.0000,65.8750,65.7481,13905.59,0.796699,88.631763
434.500,92.8205,300.0000,65.8125,65.7466,13906.75,0.796899,88.631763
434.600,92.8205,300.0000,65.8125,65.7450,13907.84,0.797086,88.631763
434.700,92.8205,300.0000,65.6875,65.7435,13908.86,0.797261,88.631763
434.800,92.8205,300.0000,65.8125,65.7419,13909.80,0.797424,88.631763
434.900,92.8205,300.0000,65.8125,65.7403,13910.69,0.797576,88.631763
435.000,92.6098,300.0000,65.8750,65.7388,13909.41,0.797356,88.720217
435.100,92.6098,300.0000,65.8750,65.7373,13908.21,0.797150,88.720217
435.200,92.6098,300.0000,65.8750,65.7357,13907.09,0.796958,88.720217
435.300,92.6098,300.0000,65.8125,65.7342,13906.05,0.796779,88.720217
435.400,92.6098,300.0000,65.8125,65.7327,13905.08,0.796612,88.720217
435.500,92.6098,300.0000,65.8750,65.7312,13904.17,0.796456,88.720217
435.600,92.6098,300.0000,65.8750,65.7298,13903.32,0.796310,88.720217
435.700,92.6098,300.0000,65.7500,65.7283,13902.53,0.796174,88.720217
435.800,92.6098,300.0000,65.7500,65.7268,13901.80,0.796047,88.720217
435.900,92.6098,300.0000,65.8125,65.7254,13901.11,0.795929,88.720217
436.000,92.6982,300.0000,65.8125,65.7239,13901.35,0.795971,88.808672
436.100,92.6982,300.0000,65.8750,65.7225,13901.57,0.796009,88.808672
436.200,92.6982,300.0000,65.8125,65.7210,13901.78,0.796045,88.808672
436.300,92.6982,300.0000,65.8125,65.7196,13901.98,0.796079,88.808672
436.400,92.6982,300.0000,65.8125,65.7182,13902.16,0.796111,88.808672
436.500,92.6982,300.0000,65.8750,65.7167,13902.34,0.796140,88.808672
436.600,92.6982,300.0000,65.8750,65.7153,13902.50,0.796168,88.808672
436.700,92.6982,300.0000,65.8125,65.7138,13902.64,0.796193,88.808672
436.800,92.6982,300.0000,65.8125,65.7124,13902.78,0.796217,88.808672
436.900,92.6982,300.0000,65.8750,65.7110,13902.91,0.796239,88.808672
437.000,93.0927,300.0000,65.7500,65.7095,13906.98,0.796938,88.903931
437.100,93.0927,300.0000,65.8750,65.7080,13910.77,0.797591,88.903931
437.200,93.0927,300.0000,65.8125,65.7065,13914.32,0.798200,88.903931
437.300,93.0927,300.0000,65.6875,65.7050,13917.62,0.798769,88.903931
437.400,93.0927,300.0000,65.8125,65.7034,13920.71,0.799300,88.903931
437.500,93.0927,300.0000,65.7500,65.7018,13923.59,0.799797,88.903931
437.600,93.0927,300.0000,65.7500,65.7002,13926.27,0.800260,88.903931
437.700,93.0927,300.0000,65.6875,65.6986,13928.78,0.800692,88.903931
437.800,93.0927,300.0000,65.7500,65.6970,13931.12,0.801096,88.903931
437.900,93.0927,300.0000,65.7500,65.6953,13933.31,0.801473,88.903931
438.000,92.5759,300.0000,65.8750,65.6937,13930.18,0.800933,88.985582
438.100,92.5759,300.0000,65.6875,65.6921,13927.26,0.800430,88.985582
438.200,92.5759,300.0000,65.7500,65.6905,13924.54,0.799960,88.985582
438.300,92.5759,300.0000,65.7500,65.6890,13921.99,0.799522,88.985582
438.400,92.5759,300.0000,65.6875,65.6875,13919.62,0.799113,88.985582
438.500,92.5759,300.0000,65.7500,65.6860,13917.40,0.798732,88.985582
438.600,92.5759,300.0000,65.8125,65.6845,13915.34,0.798376,88.985582
438.700,92.5759,300.0000,65.7500,65.6830,13913.41,0.798044,88.985582
438.800,92.5759,300.0000,65.8125,65.6816,13911.61,0.797734,88.985582
438.900,92.5759,300.0000,65.6875,65.6802,13909.92,0.797445,88.985582
439.000,92.3516,300.0000,65.6875,65.6788,13906.11,0.796789,89.060428
439.100,92.3516,300.0000,65.8125,65.6774,13902.55,0.796178,89.060428
439.200,92.3516,300.0000,65.8125,65.6761,13899.23,0.795607,89.060428
439.300,92.3516,300.0000,65.6875,65.6748,13896.13,0.795075,89.060428
439.400,92.3516,300.0000,65.7500,65.6735,13893.24,0.794578,89.060428
439.500,92.3516,300.0000,65.8750,65.6723,13890.54,0.794115,89.060428
439.600,92.3516,300.0000,65.8125,65.6711,13888.02,0.793683,89.060428
439.700,92.3516,300.0000,65.8125,65.6699,13885.67,0.793280,89.060428
439.800,92.3516,300.0000,65.7500,65.6687,13883.47,0.792904,89.060428
439.900,92.3516,300.0000,65.7500,65.6675,13881.42,0.792553,89.060428
440.000,92.7324,300.0000,65.8125,65.6664,13883.32,0.792877,89.142079
440.100,92.7324,300.0000,65.8125,65.6652,13885.09,0.793181,89.142079
440.200,92.7324,300.0000,65.8125,65.6640,13886.74,0.793464,89.142079
440.300,92.7324,300.0000,65.6875,65.6628,13888.28,0.793728,89.142079
440.400,92.7324,300.0000,65.8125,65.6616,13889.72,0.793975,89.142079
440.500,92.7324,300.0000,65.7500,65.6604,13891.06,0.794205,89.142079
440.600,92.7324,300.0000,65.7500,65.6591,13892.32,0.794420,89.142079
440.700,92.7324,300.0000,65.6875,65.6579,13893.49,0.794621,89.142079
440.800,92.7324,300.0000,65.7500,65.6566,13894.58,0.794808,89.142079
440.900,92.7324,300.0000,65.7500,65.6554,13895.60,0.794983,89.142079
441.000,92.8141,300.0000,65.7500,65.6541,13897.36,0.795286,89.223730
441.100,92.8141,300.0000,65.7500,65.6529,13899.01,0.795570,89.223730
441.200,92.8141,300.0000,65.7500,65.6516,13900.55,0.795834,89.223730
441.300,92.8141,300.0000,65.7500,65.6503,13901.99,0.796081,89.223730
441.400,92.8141,300.0000,65.7500,65.6490,13903.33,0.796311,89.223730
441.500,92.8141,300.0000,65.6875,65.6477,13904.58,0.796527,89.223730
441.600,92.8141,300.0000,65.7500,65.6464,13905.75,0.796727,89.223730
441.700,92.8141,300.0000,65.7500,65.6451,13906.84,0.796915,89.223730
441.800,92.8141,300.0000,65.7500,65.6437,13907.86,0.797090,89.223730
441.900,92.8141,300.0000,65.6250,65.6424,13908.81,0.797253,89.223730
442.000,92.2837,300.0000,65.7500,65.6411,13904.39,0.796494,89.291772
442.100,92.2837,300.0000,65.8125,65.6399,13900.27,0.795786,89.291772
442.200,92.2837,300.0000,65.7500,65.6386,13896.42,0.795125,89.291772
442.300,92.2837,300.0000,65.6875,65.6375,13892.83,0.794509,89.291772
442.400,92.2837,300.0000,65.6875,65.6363,13889.48,0.793934,89.291772
442.500,92.2837,300.0000,65.7500,65.6352,13886.35,0.793398,89.291772
442.600,92.2837,300.0000,65.6875,65.6341,13883.43,0.792897,89.291772
442.700,92.2837,300.0000,65.7500,65.6330,13880.71,0.792430,89.291772
442.800,92.2837,300.0000,65.6875,65.6320,13878.17,0.791995,89.291772
442.900,92.2837,300.0000,65.6875,65.6309,13875.79,0.791589,89.291772
443.000,92.6578,300.0000,65.7500,65.6299,13877.32,0.791850,89.366618
443.100,92.6578,300.0000,65.7500,65.6288,13878.74,0.792093,89.366618
443.200,92.6578,300.0000,65.6250,65.6278,13880.07,0.792321,89.366618
443.300,92.6578,300.0000,65.6875,65.6267,13881.31,0.792533,89.366618
443.400,92.6578,300.0000,65.7500,65.6256,13882.46,0.792731,89.366618
443.500,92.6578,300.0000,65.6875,65.6246,13883.54,0.792916,89.366618
443.600,92.6578,300.0000,65.5625,65.6235,13884.55,0.793089,89.366618
443.700,92.6578,300.0000,65.6875,65.6224,13885.49,0.793250,89.366618
443.800,92.6578,300.0000,65.6875,65.6213,13886.37,0.793401,89.366618
443.900,92.6578,300.0000,65.7500,65.6202,13887.19,0.793541,89.366618
444.000,93.0386,300.0000,65.6250,65.6191,13891.76,0.794325,89.448269
444.100,93.0386,300.0000,65.6875,65.6179,13896.03,0.795058,89.448269
444.200,93.0386,300.0000,65.6250,65.6167,13900.02,0.795742,89.448269
444.300,93.0386,300.0000,65.6250,65.6155,13903.74,0.796381,89.448269
444.400,93.0386,300.0000,65.6250,65.6142,13907.21,0.796977,89.448269
444.500,93.0386,300.0000,65.6875,65.6129,13910.44,0.797534,89.448269
444.600,93.0386,300.0000,65.7500,65.6116,13913.47,0.798054,89.448269
444.700,93.0386,300.0000,65.6875,65.6103,13916.29,0.798540,89.448269
444.800,93.0386,300.0000,65.7500,65.6090,13918.92,0.798993,89.448269
444.900,93.0386,300.0000,65.6875,65.6076,13921.38,0.799417,89.448269
445.000,92.8143,300.0000,65.8125,65.6063,13921.43,0.799425,89.523115
445.100,92.8143,300.0000,65.6875,65.6049,13921.48,0.799433,89.523115
445.200,92.8143,300.0000,65.5625,65.6036,13921.52,0.799441,89.523115
445.300,92.8143,300.0000,65.6250,65.6022,13921.56,0.799448,89.523115
445.400,92.8143,300.0000,65.6250,65.6009,13921.60,0.799455,89.523115
445.500,92.8143,300.0000,65.6250,65.5995,13921.64,0.799461,89.523115
445.600,92.8143,300.0000,65.6875,65.5982,13921.67,0.799467,89.523115
445.700,92.8143,300.0000,65.6875,65.5969,13921.70,0.799472,89.523115
445.800,92.8143,300.0000,65.6250,65.5955,13921.73,0.799477,89.523115
445.900,92.8143,300.0000,65.6875,65.5942,13921.76,0.799482,89.523115
446.000,92.8891,300.0000,65.6250,65.5929,13922.53,0.799615,89.597962
446.100,92.8891,300.0000,65.6875,65.5915,13923.25,0.799739,89.597962
446.200,92.8891,300.0000,65.6875,65.5902,13923.93,0.799856,89.597962
446.300,92.8891,300.0000,65.6250,65.5889,13924.56,0.799964,89.597962
446.400,92.8891,300.0000,65.6875,65.5875,13925.15,0.800065,89.597962
446.500,92.8891,300.0000,65.7500,65.5862,13925.69,0.800160,89.597962
446.600,92.8891,300.0000,65.7500,65.5848,13926.20,0.800248,89.597962
446.700,92.8891,300.0000,65.6875,65.5835,13926.68,0.800330,89.597962
446.800,92.8891,300.0000,65.6250,65.5821,13927.13,0.800407,89.597962
446.900,92.8891,300.0000,65.6250,65.5808,13927.54,0.800479,89.597962
447.000,92.6580,300.0000,65.6250,65.5795,13925.62,0.800147,89.666004
447.100,92.6580,300.0000,65.6875,65.5781,13923.83,0.799838,89.666004
447.200,92.6580,300.0000,65.6875,65.5769,13922.15,0.799549,89.666004
447.300,92.6580,300.0000,65.6875,65.5756,13920.59,0.799280,89.666004
447.400,92.6580,300.0000,65.5625,65.5743,13919.13,0.799028,89.666004
447.500,92.6580,300.0000,65.6875,65.5731,13917.76,0.798794,89.666004
447.600,92.6580,300.0000,65.6250,65.5718,13916.49,0.798575,89.666004
447.700,92.6580,300.0000,65.7500,65.5706,13915.31,0.798371,89.666004
447.800,92.6580,300.0000,65.6250,65.5694,13914.20,0.798180,89.666004
447.900,92.6580,300.0000,65.6875,65.5682,13913.17,0.798002,89.666004
448.000,93.0320,300.0000,65.5625,65.5670,13915.94,0.798480,89.740850
448.100,93.0320,300.0000,65.6250,65.5657,13918.53,0.798926,89.740850
448.200,93.0320,300.0000,65.6250,65.5645,13920.95,0.799342,89.740850
448.300,93.0320,300.0000,65.6875,65.5632,13923.21,0.799731,89.740850
448.400,93.0320,300.0000,65.6875,65.5619,13925.31,0.800094,89.740850
448.500,93.0320,300.0000,65.6250,65.5606,13927.28,0.800433,89.740850
448.600,93.0320,300.0000,65.6875,65.5593,13929.11,0.800749,89.740850
448.700,93.0320,300.0000,65.6250,65.5580,13930.83,0.801045,89.740850
448.800,93.0320,300.0000,65.6875,65.5566,13932.42,0.801320,89.740850
448.900,93.0320,300.0000,65.5625,65.5553,13933.92,0.801578,89.740850
449.000,92.4948,300.0000,65.6875,65.5540,13929.94,0.800891,89.802088
449.100,92.4948,300.0000,65.6250,65.5527,13926.22,0.800251,89.802088
449.200,92.4948,300.0000,65.7500,65.5515,13922.76,0.799653,89.802088
449.300,92.4948,300.0000,65.7500,65.5503,13919.52,0.799096,89.802088
449.400,92.4948,300.0000,65.5625,65.5491,13916.50,0.798576,89.802088
449.500,92.4948,300.0000,65.5625,65.5479,13913.68,0.798091,89.802088
449.600,92.4948,300.0000,65.5625,65.5468,13911.05,0.797639,89.802088
449.700,92.4948,300.0000,65.5625,65.5457,13908.60,0.797216,89.802088
449.800,92.4948,300.0000,65.7500,65.5446,13906.31,0.796822,89.802088
449.900,92.4948,300.0000,65.6250,65.5435,13904.17,0.796455,89.802088
450.000,92.8621,300.0000,65.5625,65.5424,13905.84,0.796743,89.870131
450.100,92.8621,300.0000,65.5625,65.5413,13907.41,0.797012,89.870131
450.200,92.8621,300.0000,65.6250,65.5402,13908.87,0.797263,89.870131
450.300,92.8621,300.0000,65.6250,65.5391,13910.23,0.797497,89.870131
450.400,92.8621,300.0000,65.6250,65.5380,13911.50,0.797716,89.870131
450.500,92.8621,300.0000,65.6250,65.5369,13912.69,0.797920,89.870131
450.600,92.8621,300.0000,65.6875,65.5357,13913.80,0.798111,89.870131
450.700,92.8621,300.0000,65.5625,65.5346,13914.83,0.798289,89.870131
450.800,92.8621,300.0000,65.5625,65.5335,13915.80,0.798455,89.870131
450.900,92.8621,300.0000,65.6250,65.5323,13916.70,0.798610,89.870131
451.000,92.9301,300.0000,65.6250,65.5312,13918.22,0.798872,89.938173
451.100,92.9301,300.0000,65.5625,65.5300,13919.64,0.799117,89.938173
451.200,92.9301,300.0000,65.6250,65.5288,13920.97,0.799345,89.938173
451.300,92.9301,300.0000,65.5625,65.5276,13922.20,0.799558,89.938173
451.400,92.9301,300.0000,65.6250,65.5264,13923.36,0.799757,89.938173
451.500,92.9301,300.0000,65.6250,65.5252,13924.43,0.799943,89.938173
451.600,92.9301,300.0000,65.6875,65.5240,13925.44,0.800116,89.938173
451.700,92.9301,300.0000,65.5625,65.5228,13926.38,0.800278,89.938173
451.800,92.9301,300.0000,65.5625,65.5216,13927.25,0.800429,89.938173
451.900,92.9301,300.0000,65.6250,65.5204,13928.07,0.800570,89.938173
452.000,92.9982,300.0000,65.6250,65.5192,13929.52,0.800819,90.006215
452.100,92.9982,300.0000,65.6250,65.5179,13930.86,0.801051,90.006215
452.200,92.9982,300.0000,65.5000,65.5167,13932.12,0.801268,90.006215
452.300,92.9982,300.0000,65.5000,65.5154,13933.29,0.801471,90.006215
452.400,92.9982,300.0000,65.5625,65.5142,13934.39,0.801660,90.006215
452.500,92.9982,300.0000,65.6250,65.5129,13935.41,0.801836,90.006215
452.600,92.9982,300.0000,65.6250,65.5117,13936.37,0.802001,90.006215
452.700,92.9982,300.0000,65.6250,65.5104,13937.26,0.802155,90.006215
452.800,92.9982,300.0000,65.5625,65.5091,13938.09,0.802298,90.006215
452.900,92.9982,300.0000,65.5625,65.5078,13938.86,0.802432,90.006215
453.000,92.7602,300.0000,65.5000,65.5066,13937.21,0.802146,90.067453
453.100,92.7602,300.0000,65.6250,65.5053,13935.66,0.801880,90.067453
453.200,92.7602,300.0000,65.6875,65.5041,13934.22,0.801631,90.067453
453.300,92.7602,300.0000,65.5000,65.5029,13932.87,0.801398,90.067453
453.400,92.7602,300.0000,65.5000,65.5017,13931.62,0.801182,90.067453
453.500,92.7602,300.0000,65.5625,65.5005,13930.45,0.800979,90.067453
453.600,92.7602,300.0000,65.5625,65.4993,13929.35,0.800791,90.067453
453.700,92.7602,300.0000,65.6250,65.4981,13928.33,0.800614,90.067453
453.800,92.7602,300.0000,65.5000,65.4970,13927.38,0.800450,90.067453
453.900,92.7602,300.0000,65.5625,65.4958,13926.49,0.800297,90.067453
454.000,92.8214,300.0000,65.6250,65.4947,13926.27,0.800259,90.128691
454.100,92.8214,300.0000,65.6250,65.4935,13926.07,0.800224,90.128691
454.200,92.8214,300.0000,65.5000,65.4924,13925.88,0.800191,90.128691
454.300,92.8214,300.0000,65.6250,65.4913,13925.70,0.800161,90.128691
454.400,92.8214,300.0000,65.5000,65.4901,13925.53,0.800132,90.128691
454.500,92.8214,300.0000,65.5000,65.4890,13925.38,0.800106,90.128691
454.600,92.8214,300.0000,65.5625,65.4879,13925.23,0.800081,90.128691
454.700,92.8214,300.0000,65.6250,65.4868,13925.10,0.800058,90.128691
454.800,92.8214,300.0000,65.5625,65.4856,13924.97,0.800036,90.128691
454.900,92.8214,300.0000,65.5000,65.4845,13924.86,0.800016,90.128691
455.000,92.5767,300.0000,65.5000,65.4834,13922.30,0.799575,90.183125
455.100,92.5767,300.0000,65.5625,65.4824,13919.91,0.799164,90.183125
455.200,92.5767,300.0000,65.5625,65.4813,13917.69,0.798780,90.183125
455.300,92.5767,300.0000,65.5625,65.4803,13915.61,0.798422,90.183125
455.400,92.5767,300.0000,65.5625,65.4793,13913.67,0.798089,90.183125
455.500,92.5767,300.0000,65.5625,65.4783,13911.86,0.797777,90.183125
455.600,92.5767,300.0000,65.5625,65.4773,13910.17,0.797486,90.183125
455.700,92.5767,300.0000,65.5000,65.4764,13908.59,0.797215,90.183125
455.800,92.5767,300.0000,65.4375,65.4754,13907.12,0.796962,90.183125
455.900,92.5767,300.0000,65.5000,65.4745,13905.74,0.796726,90.183125
456.000,92.6311,300.0000,65.5625,65.4736,13905.00,0.796599,90.237558
456.100,92.6311,300.0000,65.5625,65.4727,13904.31,0.796480,90.237558
456.200,92.6311,300.0000,65.5000,65.4718,13903.67,0.796370,90.237558
456.300,92.6311,300.0000,65.5000,65.4709,13903.07,0.796267,90.237558
456.400,92.6311,300.0000,65.5625,65.4700,13902.51,0.796170,90.237558
456.500,92.6311,300.0000,65.5625,65.4691,13901.99,0.796080,90.237558
456.600,92.6311,300.0000,65.5000,65.4682,13901.50,0.795997,90.237558
456.700,92.6311,300.0000,65.5625,65.4673,13901.04,0.795918,90.237558
456.800,92.6311,300.0000,65.5000,65.4665,13900.62,0.795845,90.237558
456.900,92.6311,300.0000,65.5000,65.4656,13900.22,0.795777,90.237558
457.000,92.6856,300.0000,65.5000,65.4647,13900.40,0.795807,90.291992
457.100,92.6856,300.0000,65.3750,65.4639,13900.56,0.795835,90.291992
457.200,92.6856,300.0000,65.5625,65.4630,13900.71,0.795861,90.291992
457.300,92.6856,300.0000,65.5000,65.4622,13900.85,0.795885,90.291992
457.400,92.6856,300.0000,65.5625,65.4613,13900.98,0.795908,90.291992
457.500,92.6856,300.0000,65.6250,65.4604,13901.11,0.795929,90.291992
457.600,92.6856,300.0000,65.5625,65.4596,13901.22,0.795949,90.291992
457.700,92.6856,300.0000,65.5625,65.4587,13901.33,0.795967,90.291992
457.800,92.6856,300.0000,65.5625,65.4579,13901.43,0.795985,90.291992
457.900,92.6856,300.0000,65.4375,65.4570,13901.52,0.796001,90.291992
458.000,92.4340,300.0000,65.5000,65.4562,13899.10,0.795584,90.339622
458.100,92.4340,300.0000,65.5000,65.4554,13896.83,0.795194,90.339622
458.200,92.4340,300.0000,65.5000,65.4546,13894.71,0.794831,90.339622
458.300,92.4340,300.0000,65.5000,65.4538,13892.74,0.794493,90.339622
458.400,92.4340,300.0000,65.4375,65.4530,13890.90,0.794177,90.339622
458.500,92.4340,300.0000,65.5625,65.4523,13889.18,0.793882,90.339622
458.600,92.4340,300.0000,65.5000,65.4516,13887.57,0.793606,90.339622
458.700,92.4340,300.0000,65.5625,65.4509,13886.07,0.793350,90.339622
458.800,92.4340,300.0000,65.4375,65.4502,13884.67,0.793110,90.339622
458.900,92.4340,300.0000,65.4375,65.4495,13883.37,0.792886,90.339622
459.000,92.4816,300.0000,65.4375,65.4488,13882.63,0.792759,90.387251
459.100,92.4816,300.0000,65.4375,65.4481,13881.94,0.792641,90.387251
459.200,92.4816,300.0000,65.5625,65.4474,13881.29,0.792530,90.387251
459.300,92.4816,300.0000,65.5000,65.4468,13880.69,0.792427,90.387251
459.400,92.4816,300.0000,65.5625,65.4461,13880.12,0.792330,90.387251
459.500,92.4816,300.0000,65.4375,65.4455,13879.60,0.792240,90.387251
459.600,92.4816,300.0000,65.5000,65.4448,13879.11,0.792156,90.387251
459.700,92.4816,300.0000,65.5000,65.4442,13878.65,0.792078,90.387251
459.800,92.4816,300.0000,65.5000,65.4436,13878.22,0.792005,90.387251
459.900,92.4816,300.0000,65.5000,65.4430,13877.82,0.791936,90.387251
460.000,92.8352,300.0000,65.5625,65.4423,13880.99,0.792478,90.441685
460.100,92.8352,300.0000,65.5000,65.4416,13883.94,0.792984,90.441685
460.200,92.8352,300.0000,65.4375,65.4409,13886.70,0.793457,90.441685
460.300,92.8352,300.0000,65.5000,65.4402,13889.27,0.793898,90.441685
460.400,92.8352,300.0000,65.4375,65.4395,13891.67,0.794309,90.441685
460.500,92.8352,300.0000,65.4375,65.4387,13893.91,0.794694,90.441685
460.600,92.8352,300.0000,65.4375,65.4380,13896.00,0.795053,90.441685
460.700,92.8352,300.0000,65.4375,65.4372,13897.96,0.795388,90.441685
460.800,92.8352,300.0000,65.5625,65.4364,13899.78,0.795701,90.441685
460.900,92.8352,300.0000,65.5625,65.4356,13901.48,0.795993,90.441685
461.000,93.1957,300.0000,65.5000,65.4347,13906.67,0.796885,90.502923
461.100,93.1957,300.0000,65.4375,65.4338,13911.52,0.797718,90.502923
461.200,93.1957,300.0000,65.5625,65.4329,13916.04,0.798497,90.502923
461.300,93.1957,300.0000,65.5000,65.4320,13920.26,0.799223,90.502923
461.400,93.1957,300.0000,65.5000,65.4310,13924.20,0.799902,90.502923
461.500,93.1957,300.0000,65.4375,65.4300,13927.88,0.800536,90.502923
461.600,93.1957,300.0000,65.4375,65.4289,13931.31,0.801128,90.502923
461.700,93.1957,300.0000,65.5625,65.4279,13934.51,0.801681,90.502923
461.800,93.1957,300.0000,65.5000,65.4268,13937.50,0.802197,90.502923
461.900,93.1957,300.0000,65.5000,65.4257,13940.29,0.802679,90.502923
462.000,92.9509,300.0000,65.4375,65.4246,13940.45,0.802706,90.557357
462.100,92.9509,300.0000,65.5000,65.4234,13940.59,0.802731,90.557357
462.200,92.9509,300.0000,65.5000,65.4223,13940.73,0.802754,90.557357
462.300,92.9509,300.0000,65.5625,65.4212,13940.86,0.802776,90.557357
462.400,92.9509,300.0000,65.5000,65.4201,13940.97,0.802797,90.557357
462.500,92.9509,300.0000,65.4375,65.4190,13941.09,0.802816,90.557357
462.600,92.9509,300.0000,65.5000,65.4179,13941.19,0.802834,90.557357
462.700,92.9509,300.0000,65.4375,65.4168,13941.29,0.802851,90.557357
462.800,92.9509,300.0000,65.5000,65.4157,13941.38,0.802866,90.557357
462.900,92.9509,300.0000,65.6250,65.4147,13941.46,0.802881,90.557357
463.000,93.6174,300.0000,65.5625,65.4135,13948.20,0.804046,90.625399
463.100,93.6174,300.0000,65.4375,65.4123,13954.50,0.805135,90.625399
463.200,93.6174,300.0000,65.3750,65.4111,13960.37,0.806152,90.625399
463.300,93.6174,300.0000,65.3750,65.4098,13965.85,0.807102,90.625399
463.400,93.6174,300.0000,65.4375,65.4085,13970.97,0.807990,90.625399
463.500,93.6174,300.0000,65.5625,65.4071,13975.74,0.808818,90.625399
463.600,93.6174,300.0000,65.4375,65.4057,13980.20,0.809593,90.625399
463.700,93.6174,300.0000,65.4375,65.4043,13984.36,0.810316,90.625399
463.800,93.6174,300.0000,65.3750,65.4028,13988.24,0.810991,90.625399
463.900,93.6174,300.0000,65.4375,65.4013,13991.87,0.811621,90.625399
464.000,92.7674,300.0000,65.5000,65.3999,13986.75,0.810731,90.673028
464.100,92.7674,300.0000,65.4375,65.3985,13981.97,0.809901,90.673028
464.200,92.7674,300.0000,65.4375,65.3971,13977.52,0.809126,90.673028
464.300,92.7674,300.0000,65.3750,65.3958,13973.36,0.808404,90.673028
464.400,92.7674,300.0000,65.3750,65.3945,13969.47,0.807730,90.673028
464.500,92.7674,300.0000,65.3750,65.3933,13965.85,0.807102,90.673028
464.600,92.7674,300.0000,65.4375,65.3921,13962.47,0.806515,90.673028
464.700,92.7674,300.0000,65.4375,65.3909,13959.31,0.805968,90.673028
464.800,92.7674,300.0000,65.4375,65.3897,13956.36,0.805458,90.673028
464.900,92.7674,300.0000,65.4375,65.3886,13953.61,0.804982,90.673028
465.000,92.8150,300.0000,65.4375,65.3875,13951.52,0.804620,90.720658
465.100,92.8150,300.0000,65.4375,65.3864,13949.57,0.804283,90.720658
465.200,92.8150,300.0000,65.4375,65.3853,13947.75,0.803968,90.720658
465.300,92.8150,300.0000,65.4375,65.3842,13946.05,0.803674,90.720658
465.400,92.8150,300.0000,65.5000,65.3832,13944.46,0.803400,90.720658
465.500,92.8150,300.0000,65.3750,65.3822,13942.98,0.803144,90.720658
465.600,92.8150,300.0000,65.5000,65.3811,13941.60,0.802905,90.720658
465.700,92.8150,300.0000,65.4375,65.3801,13940.31,0.802682,90.720658
465.800,92.8150,300.0000,65.5625,65.3791,13939.11,0.802474,90.720658
465.900,92.8150,300.0000,65.5000,65.3782,13937.98,0.802280,90.720658
466.000,93.1687,300.0000,65.3750,65.3771,13940.47,0.802710,90.775092
466.100,93.1687,300.0000,65.4375,65.3761,13942.79,0.803111,90.775092
466.200,93.1687,300.0000,65.5625,65.3751,13944.96,0.803485,90.775092
466.300,93.1687,300.0000,65.4375,65.3740,13946.98,0.803835,90.775092
466.400,93.1687,300.0000,65.5000,65.3730,13948.87,0.804162,90.775092
466.500,93.1687,300.0000,65.3750,65.3719,13950.63,0.804466,90.775092
466.600,93.1687,300.0000,65.4375,65.3708,13952.28,0.804751,90.775092
466.700,93.1687,300.0000,65.4375,65.3697,13953.81,0.805016,90.775092
466.800,93.1687,300.0000,65.5000,65.3686,13955.24,0.805264,90.775092
466.900,93.1687,300.0000,65.4375,65.3675,13956.58,0.805496,90.775092
467.000,92.9171,300.0000,65.4375,65.3664,13955.31,0.805276,90.822721
467.100,92.9171,300.0000,65.4375,65.3653,13954.13,0.805072,90.822721
467.200,92.9171,300.0000,65.4375,65.3642,13953.03,0.804880,90.822721
467.300,92.9171,300.0000,65.4375,65.3632,13951.99,0.804702,90.822721
467.400,92.9171,300.0000,65.5625,65.3621,13951.03,0.804536,90.822721
467.500,92.9171,300.0000,65.5000,65.3611,13950.13,0.804380,90.822721
467.600,92.9171,300.0000,65.5625,65.3600,13949.30,0.804235,90.822721
467.700,92.9171,300.0000,65.3750,65.3590,13948.51,0.804100,90.822721
467.800,92.9171,300.0000,65.4375,65.3580,13947.78,0.803974,90.822721
467.900,92.9171,300.0000,65.3750,65.3570,13947.10,0.803856,90.822721
468.000,92.6587,300.0000,65.4375,65.3560,13943.88,0.803299,90.863547
468.100,92.6587,300.0000,65.4375,65.3550,13940.88,0.802780,90.863547
468.200,92.6587,300.0000,65.5000,65.3541,13938.07,0.802296,90.863547
468.300,92.6587,300.0000,65.4375,65.3532,13935.46,0.801844,90.863547
468.400,92.6587,300.0000,65.3750,65.3523,13933.01,0.801422,90.863547
468.500,92.6587,300.0000,65.5000,65.3515,13930.73,0.801029,90.863547
468.600,92.6587,300.0000,65.3750,65.3506,13928.60,0.800662,90.863547
468.700,92.6587,300.0000,65.3750,65.3498,13926.62,0.800319,90.863547
468.800,92.6587,300.0000,65.3750,65.3490,13924.76,0.799999,90.863547
468.900,92.6587,300.0000,65.4375,65.3482,13923.03,0.799701,90.863547
469.000,93.0055,300.0000,65.3750,65.3474,13924.89,0.800021,90.911176
469.100,93.0055,300.0000,65.3750,65.3466,13926.62,0.800319,90.911176
469.200,93.0055,300.0000,65.3750,65.3457,13928.23,0.800597,90.911176
469.300,93.0055,300.0000,65.3750,65.3449,13929.74,0.800857,90.911176
469.400,93.0055,300.0000,65.4375,65.3440,13931.14,0.801100,90.911176
469.500,93.0055,300.0000,65.2500,65.3432,13932.46,0.801326,90.911176
469.600,93.0055,300.0000,65.3750,65.3423,13933.68,0.801537,90.911176
469.700,93.0055,300.0000,65.3750,65.3414,13934.82,0.801735,90.911176
469.800,93.0055,300.0000,65.5625,65.3406,13935.89,0.801919,90.911176
469.900,93.0055,300.0000,65.4375,65.3397,13936.89,0.802091,90.911176
470.000,93.0532,300.0000,65.3125,65.3388,13938.29,0.802334,90.958806
470.100,93.0532,300.0000,65.3750,65.3379,13939.61,0.802560,90.958806
470.200,93.0532,300.0000,65.4375,65.3369,13940.83,0.802772,90.958806
470.300,93.0532,300.0000,65.3750,65.3360,13941.97,0.802969,90.958806
470.400,93.0532,300.0000,65.3750,65.3351,13943.04,0.803154,90.958806
470.500,93.0532,300.0000,65.4375,65.3342,13944.04,0.803326,90.958806
470.600,93.0532,300.0000,65.2500,65.3332,13944.97,0.803486,90.958806
470.700,93.0532,300.0000,65.3750,65.3323,13945.83,0.803636,90.958806
470.800,93.0532,300.0000,65.4375,65.3313,13946.64,0.803776,90.958806
470.900,93.0532,300.0000,65.3125,65.3304,13947.40,0.803907,90.958806
471.000,92.4888,300.0000,65.3125,65.3295,13942.46,0.803053,90.992827
471.100,92.4888,300.0000,65.4375,65.3286,13937.85,0.802257,90.992827
471.200,92.4888,300.0000,65.4375,65.3277,13933.55,0.801514,90.992827
471.300,92.4888,300.0000,65.3125,65.3269,13929.53,0.800822,90.992827
471.400,92.4888,300.0000,65.4375,65.3262,13925.79,0.800176,90.992827
471.500,92.4888,300.0000,65.4375,65.3254,13922.29,0.799573,90.992827
471.600,92.4888,300.0000,65.4375,65.3247,13919.02,0.799010,90.992827
471.700,92.4888,300.0000,65.4375,65.3241,13915.98,0.798486,90.992827
471.800,92.4888,300.0000,65.4375,65.3234,13913.13,0.797996,90.992827
471.900,92.4888,300.0000,65.3750,65.3228,13910.48,0.797540,90.992827
472.000,92.8288,300.0000,65.4375,65.3221,13911.40,0.797699,91.033652
472.100,92.8288,300.0000,65.3125,65.3215,13912.26,0.797847,91.033652
472.200,92.8288,300.0000,65.4375,65.3208,13913.07,0.797985,91.033652
472.300,92.8288,300.0000,65.3750,65.3202,13913.82,0.798114,91.033652
472.400,92.8288,300.0000,65.3750,65.3195,13914.52,0.798235,91.033652
472.500,92.8288,300.0000,65.3750,65.3189,13915.17,0.798347,91.033652
472.600,92.8288,300.0000,65.3750,65.3182,13915.78,0.798452,91.033652
472.700,92.8288,300.0000,65.3750,65.3175,13916.35,0.798550,91.033652
472.800,92.8288,300.0000,65.3750,65.3169,13916.88,0.798642,91.033652
472.900,92.8288,300.0000,65.4375,65.3162,13917.38,0.798727,91.033652
473.000,93.1756,300.0000,65.3750,65.3155,13921.31,0.799404,91.081282
473.100,93.1756,300.0000,65.3125,65.3148,13924.98,0.800037,91.081282
473.200,93.1756,300.0000,65.3750,65.3140,13928.40,0.800627,91.081282
473.300,93.1756,300.0000,65.2500,65.3132,13931.60,0.801178,91.081282
473.400,93.1756,300.0000,65.3125,65.3124,13934.58,0.801693,91.081282
473.500,93.1756,300.0000,65.2500,65.3116,13937.37,0.802174,91.081282
473.600,93.1756,300.0000,65.4375,65.3107,13939.97,0.802623,91.081282
473.700,93.1756,300.0000,65.3750,65.3099,13942.39,0.803042,91.081282
473.800,93.1756,300.0000,65.4375,65.3090,13944.66,0.803433,91.081282
473.900,93.1756,300.0000,65.4375,65.3081,13946.77,0.803798,91.081282
474.000,93.2233,300.0000,65.3750,65.3072,13949.22,0.804221,91.128911
474.100,93.2233,300.0000,65.3750,65.3062,13951.50,0.804617,91.128911
474.200,93.2233,300.0000,65.3125,65.3053,13953.63,0.804986,91.128911
474.300,93.2233,300.0000,65.3750,65.3043,13955.62,0.805330,91.128911
474.400,93.2233,300.0000,65.3125,65.3033,13957.48,0.805652,91.128911
474.500,93.2233,300.0000,65.3750,65.3023,13959.22,0.805952,91.128911
474.600,93.2233,300.0000,65.3750,65.3013,13960.83,0.806233,91.128911
474.700,93.2233,300.0000,65.2500,65.3003,13962.34,0.806494,91.128911
474.800,93.2233,300.0000,65.3125,65.2993,13963.75,0.806739,91.128911
474.900,93.2233,300.0000,65.3750,65.2983,13965.07,0.806967,91.128911
475.000,92.9649,300.0000,65.3750,65.2972,13963.71,0.806732,91.169736
475.100,92.9649,300.0000,65.5000,65.2962,13962.45,0.806512,91.169736
475.200,92.9649,300.0000,65.3750,65.2953,13961.27,0.806308,91.169736
475.300,92.9649,300.0000,65.3125,65.2943,13960.17,0.806117,91.169736
475.400,92.9649,300.0000,65.3750,65.2933,13959.14,0.805939,91.169736
475.500,92.9649,300.0000,65.2500,65.2923,13958.18,0.805772,91.169736
475.600,92.9649,300.0000,65.3750,65.2914,13957.28,0.805617,91.169736
475.700,92.9649,300.0000,65.3750,65.2905,13956.45,0.805472,91.169736
475.800,92.9649,300.0000,65.3750,65.2895,13955.66,0.805337,91.169736
475.900,92.9649,300.0000,65.3125,65.2886,13954.94,0.805211,91.169736
476.000,92.6997,300.0000,65.3750,65.2877,13951.60,0.804635,91.203758
476.100,92.6997,300.0000,65.3125,65.2868,13948.49,0.804097,91.203758
476.200,92.6997,300.0000,65.3750,65.2860,13945.59,0.803595,91.203758
476.300,92.6997,300.0000,65.3750,65.2852,13942.88,0.803127,91.203758
476.400,92.6997,300.0000,65.3750,65.2844,13940.36,0.802690,91.203758
476.500,92.6997,300.0000,65.3125,65.2836,13938.00,0.802282,91.203758
476.600,92.6997,300.0000,65.3750,65.2829,13935.79,0.801902,91.203758
476.700,92.6997,300.0000,65.3750,65.2821,13933.74,0.801547,91.203758
476.800,92.6997,300.0000,65.3125,65.2814,13931.82,0.801216,91.203758
476.900,92.6997,300.0000,65.3125,65.2807,13930.03,0.800907,91.203758
477.000,92.7338,300.0000,65.3125,65.2800,13928.70,0.800678,91.237779
477.100,92.7338,300.0000,65.2500,65.2793,13927.46,0.800464,91.237779
477.200,92.7338,300.0000,65.3125,65.2787,13926.30,0.800264,91.237779
477.300,92.7338,300.0000,65.3750,65.2780,13925.21,0.800077,91.237779
477.400,92.7338,300.0000,65.4375,65.2774,13924.20,0.799903,91.237779
477.500,92.7338,300.0000,65.3125,65.2767,13923.26,0.799741,91.237779
477.600,92.7338,300.0000,65.3750,65.2761,13922.38,0.799589,91.237779
477.700,92.7338,300.0000,65.3125,65.2755,13921.56,0.799447,91.237779
477.800,92.7338,300.0000,65.3125,65.2749,13920.79,0.799315,91.237779
477.900,92.7338,300.0000,65.4375,65.2743,13920.08,0.799192,91.237779
478.000,93.3798,300.0000,65.3750,65.2736,13925.87,0.800190,91.285408
478.100,93.3798,300.0000,65.2500,65.2729,13931.28,0.801123,91.285408
478.200,93.3798,300.0000,65.3125,65.2722,13936.32,0.801993,91.285408
478.300,93.3798,300.0000,65.3125,65.2714,13941.03,0.802807,91.285408
478.400,93.3798,300.0000,65.3125,65.2706,13945.43,0.803566,91.285408
478.500,93.3798,300.0000,65.3125,65.2698,13949.53,0.804276,91.285408
478.600,93.3798,300.0000,65.3125,65.2689,13953.36,0.804938,91.285408
478.700,93.3798,300.0000,65.2500,65.2680,13956.93,0.805557,91.285408
478.800,93.3798,300.0000,65.3125,65.2671,13960.27,0.806135,91.285408
478.900,93.3798,300.0000,65.3750,65.2662,13963.38,0.806674,91.285408
479.000,93.1214,300.0000,65.4375,65.2652,13963.70,0.806730,91.326234
479.100,93.1214,300.0000,65.3750,65.2643,13964.00,0.806782,91.326234
479.200,93.1214,300.0000,65.3750,65.2633,13964.28,0.806831,91.326234
479.300,93.1214,300.0000,65.3125,65.2624,13964.55,0.806876,91.326234
479.400,93.1214,300.0000,65.2500,65.2614,13964.79,0.806918,91.326234
479.500,93.1214,300.0000,65.3125,65.2605,13965.02,0.806958,91.326234
479.600,93.1214,300.0000,65.2500,65.2595,13965.23,0.806995,91.326234
479.700,93.1214,300.0000,65.2500,65.2586,13965.43,0.807029,91.326234
479.800,93.1214,300.0000,65.3750,65.2577,13965.62,0.807061,91.326234
479.900,93.1214,300.0000,65.2500,65.2567,13965.79,0.807091,91.326234
480.000,92.5502,300.0000,65.3125,65.2558,13960.24,0.806129,91.353450
480.100,92.5502,300.0000,65.3750,65.2550,13955.06,0.805232,91.353450
480.200,92.5502,300.0000,65.2500,65.2542,13950.22,0.804396,91.353450
480.300,92.5502,300.0000,65.2500,65.2534,13945.71,0.803615,91.353450
480.400,92.5502,300.0000,65.2500,65.2527,13941.50,0.802887,91.353450
480.500,92.5502,300.0000,65.2500,65.2520,13937.57,0.802208,91.353450
480.600,92.5502,300.0000,65.3125,65.2513,13933.90,0.801575,91.353450
480.700,92.5502,300.0000,65.3750,65.2507,13930.47,0.800984,91.353450
480.800,92.5502,300.0000,65.3125,65.2500,13927.28,0.800433,91.353450
480.900,92.5502,300.0000,65.1875,65.2495,13924.30,0.799919,91.353450
481.000,92.2714,300.0000,65.3750,65.2489,13918.72,0.798959,91.373863
481.100,92.2714,300.0000,65.1875,65.2484,13913.52,0.798064,91.373863
481.200,92.2714,300.0000,65.3750,65.2480,13908.67,0.797229,91.373863
481.300,92.2714,300.0000,65.3125,65.2476,13904.14,0.796450,91.373863
481.400,92.2714,300.0000,65.3125,65.2472,13899.91,0.795724,91.373863
481.500,92.2714,300.0000,65.3125,65.2469,13895.97,0.795046,91.373863
481.600,92.2714,300.0000,65.3750,65.2465,13892.28,0.794414,91.373863
481.700,92.2714,300.0000,65.3125,65.2463,13888.84,0.793825,91.373863
481.800,92.2714,300.0000,65.2500,65.2460,13885.64,0.793275,91.373863
481.900,92.2714,300.0000,65.2500,65.2458,13882.64,0.792761,91.373863
482.000,92.5979,300.0000,65.3750,65.2456,13883.11,0.792842,91.401080
482.100,92.5979,300.0000,65.2500,65.2453,13883.55,0.792917,91.401080
482.200,92.5979,300.0000,65.2500,65.2451,13883.96,0.792987,91.401080
482.300,92.5979,300.0000,65.2500,65.2448,13884.34,0.793052,91.401080
482.400,92.5979,300.0000,65.3125,65.2446,13884.69,0.793113,91.401080
482.500,92.5979,300.0000,65.3125,65.2444,13885.03,0.793170,91.401080
482.600,92.5979,300.0000,65.2500,65.2441,13885.34,0.793223,91.401080
482.700,92.5979,300.0000,65.3125,65.2439,13885.63,0.793273,91.401080
482.800,92.5979,300.0000,65.3750,65.2436,13885.90,0.793319,91.401080
482.900,92.5979,300.0000,65.2500,65.2434,13886.15,0.793362,91.401080
483.000,92.6251,300.0000,65.3125,65.2431,13886.66,0.793449,91.428297
483.100,92.6251,300.0000,65.2500,65.2428,13887.13,0.793531,91.428297
483.200,92.6251,300.0000,65.3125,65.2426,13887.57,0.793606,91.428297
483.300,92.6251,300.0000,65.3125,65.2423,13887.98,0.793677,91.428297
483.400,92.6251,300.0000,65.1875,65.2421,13888.37,0.793743,91.428297
483.500,92.6251,300.0000,65.3125,65.2418,13888.73,0.793805,91.428297
483.600,92.6251,300.0000,65.2500,65.2415,13889.06,0.793862,91.428297
483.700,92.6251,300.0000,65.3125,65.2412,13889.38,0.793916,91.428297
483.800,92.6251,300.0000,65.2500,65.2410,13889.67,0.793966,91.428297
483.900,92.6251,300.0000,65.2500,65.2407,13889.94,0.794013,91.428297
484.000,92.6523,300.0000,65.3125,65.2404,13890.47,0.794103,91.455514
484.100,92.6523,300.0000,65.2500,65.2401,13890.96,0.794188,91.455514
484.200,92.6523,300.0000,65.3125,65.2398,13891.42,0.794266,91.455514
484.300,92.6523,300.0000,65.2500,65.2395,13891.85,0.794340,91.455514
484.400,92.6523,300.0000,65.1875,65.2392,13892.25,0.794408,91.455514
484.500,92.6523,300.0000,65.2500,65.2389,13892.62,0.794472,91.455514
484.600,92.6523,300.0000,65.2500,65.2387,13892.97,0.794532,91.455514
484.700,92.6523,300.0000,65.2500,65.2384,13893.29,0.794588,91.455514
484.800,92.6523,300.0000,65.2500,65.2380,13893.60,0.794640,91.455514
484.900,92.6523,300.0000,65.3125,65.2377,13893.88,0.794689,91.455514
485.000,92.9855,300.0000,65.3125,65.2374,13897.48,0.795306,91.489535
485.100,92.9855,300.0000,65.2500,65.2371,13900.83,0.795882,91.489535
485.200,92.9855,300.0000,65.2500,65.2367,13903.97,0.796420,91.489535
485.300,92.9855,300.0000,65.2500,65.2363,13906.89,0.796923,91.489535
485.400,92.9855,300.0000,65.2500,65.2358,13909.62,0.797392,91.489535
485.500,92.9855,300.0000,65.1875,65.2354,13912.17,0.797830,91.489535
485.600,92.9855,300.0000,65.3125,65.2349,13914.54,0.798239,91.489535
485.700,92.9855,300.0000,65.3125,65.2344,13916.76,0.798621,91.489535
485.800,92.9855,300.0000,65.2500,65.2339,13918.83,0.798978,91.489535
485.900,92.9855,300.0000,65.3125,65.2334,13920.77,0.799311,91.489535
486.000,93.0195,300.0000,65.2500,65.2329,13922.91,0.799680,91.523556
486.100,93.0195,300.0000,65.3125,65.2323,13924.91,0.800025,91.523556
486.200,93.0195,300.0000,65.3750,65.2318,13926.78,0.800347,91.523556
486.300,93.0195,300.0000,65.3125,65.2312,13928.52,0.800648,91.523556
486.400,93.0195,300.0000,65.2500,65.2306,13930.15,0.800928,91.523556
486.500,93.0195,300.0000,65.1875,65.2300,13931.67,0.801190,91.523556
486.600,93.0195,300.0000,65.3125,65.2294,13933.09,0.801435,91.523556
486.700,93.0195,300.0000,65.2500,65.2288,13934.41,0.801663,91.523556
486.800,93.0195,300.0000,65.2500,65.2281,13935.64,0.801876,91.523556
486.900,93.0195,300.0000,65.3125,65.2275,13936.80,0.802075,91.523556
487.000,93.0536,300.0000,65.1875,65.2268,13938.21,0.802320,91.557577
487.100,93.0536,300.0000,65.2500,65.2262,13939.53,0.802548,91.557577
487.200,93.0536,300.0000,65.1875,65.2255,13940.77,0.802761,91.557577
487.300,93.0536,300.0000,65.1875,65.2248,13941.92,0.802960,91.557577
487.400,93.0536,300.0000,65.2500,65.2242,13942.99,0.803145,91.557577
487.500,93.0536,300.0000,65.3125,65.2235,13943.99,0.803319,91.557577
487.600,93.0536,300.0000,65.1875,65.2228,13944.93,0.803480,91.557577
487.700,93.0536,300.0000,65.2500,65.2221,13945.80,0.803631,91.557577
487.800,93.0536,300.0000,65.2500,65.2214,13946.62,0.803772,91.557577
487.900,93.0536,300.0000,65.1875,65.2207,13947.38,0.803904,91.557577
488.000,92.4756,300.0000,65.2500,65.2200,13942.31,0.803028,91.577990
488.100,92.4756,300.0000,65.1875,65.2194,13937.58,0.802210,91.577990
488.200,92.4756,300.0000,65.2500,65.2188,13933.16,0.801448,91.577990
488.300,92.4756,300.0000,65.3125,65.2182,13929.04,0.800737,91.577990
488.400,92.4756,300.0000,65.1875,65.2177,13925.19,0.800074,91.577990
488.500,92.4756,300.0000,65.3125,65.2172,13921.60,0.799455,91.577990
488.600,92.4756,300.0000,65.3125,65.2168,13918.25,0.798878,91.577990
488.700,92.4756,300.0000,65.1875,65.2163,13915.12,0.798339,91.577990
488.800,92.4756,300.0000,65.2500,65.2159,13912.21,0.797837,91.577990
488.900,92.4756,300.0000,65.3125,65.2155,13909.48,0.797368,91.577990
489.000,93.1080,300.0000,65.2500,65.2151,13913.26,0.798019,91.612011
489.100,93.1080,300.0000,65.2500,65.2147,13916.79,0.798626,91.612011
489.200,93.1080,300.0000,65.3125,65.2142,13920.08,0.799193,91.612011
489.300,93.1080,300.0000,65.2500,65.2137,13923.16,0.799723,91.612011
489.400,93.1080,300.0000,65.3125,65.2132,13926.03,0.800218,91.612011
489.500,93.1080,300.0000,65.1875,65.2127,13928.71,0.800679,91.612011
489.600,93.1080,300.0000,65.3125,65.2121,13931.21,0.801110,91.612011
489.700,93.1080,300.0000,65.3125,65.2115,13933.54,0.801513,91.612011
489.800,93.1080,300.0000,65.2500,65.2109,13935.72,0.801889,91.612011
489.900,93.1080,300.0000,65.2500,65.2103,13937.75,0.802240,91.612011
490.000,92.8360,300.0000,65.2500,65.2097,13936.92,0.802097,91.639228
490.100,92.8360,300.0000,65.3125,65.2091,13936.16,0.801965,91.639228
490.200,92.8360,300.0000,65.3125,65.2086,13935.44,0.801841,91.639228
490.300,92.8360,300.0000,65.2500,65.2080,13934.77,0.801725,91.639228
490.400,92.8360,300.0000,65.1875,65.2074,13934.15,0.801618,91.639228
490.500,92.8360,300.0000,65.2500,65.2068,13933.56,0.801517,91.639228
490.600,92.8360,300.0000,65.2500,65.2063,13933.02,0.801423,91.639228
490.700,92.8360,300.0000,65.1875,65.2057,13932.51,0.801336,91.639228
490.800,92.8360,300.0000,65.2500,65.2052,13932.04,0.801254,91.639228
490.900,92.8360,300.0000,65.3125,65.2046,13931.59,0.801177,91.639228
491.000,93.1692,300.0000,65.2500,65.2041,13934.51,0.801681,91.673249
491.100,93.1692,300.0000,65.1875,65.2035,13937.24,0.802152,91.673249
491.200,93.1692,300.0000,65.1875,65.2029,13939.78,0.802591,91.673249
491.300,93.1692,300.0000,65.2500,65.2022,13942.15,0.803001,91.673249
491.400,93.1692,300.0000,65.2500,65.2016,13944.37,0.803384,91.673249
491.500,93.1692,300.0000,65.2500,65.2009,13946.44,0.803741,91.673249
491.600,93.1692,300.0000,65.1875,65.2003,13948.37,0.804075,91.673249
491.700,93.1692,300.0000,65.2500,65.1996,13950.17,0.804386,91.673249
491.800,93.1692,300.0000,65.3125,65.1989,13951.85,0.804677,91.673249
491.900,93.1692,300.0000,65.1875,65.1982,13953.42,0.804948,91.673249
492.000,92.5912,300.0000,65.2500,65.1975,13949.10,0.804202,91.693661
492.100,92.5912,300.0000,65.1250,65.1969,13945.08,0.803505,91.693661
492.200,92.5912,300.0000,65.3125,65.1963,13941.32,0.802856,91.693661
492.300,92.5912,300.0000,65.2500,65.1957,13937.81,0.802250,91.693661
492.400,92.5912,300.0000,65.1875,65.1951,13934.53,0.801684,91.693661
492.500,92.5912,300.0000,65.2500,65.1946,13931.48,0.801157,91.693661
492.600,92.5912,300.0000,65.2500,65.1941,13928.62,0.800665,91.693661
492.700,92.5912,300.0000,65.1875,65.1936,13925.96,0.800206,91.693661
492.800,92.5912,300.0000,65.1875,65.1932,13923.48,0.799778,91.693661
492.900,92.5912,300.0000,65.1875,65.1928,13921.16,0.799378,91.693661
493.000,92.6117,300.0000,65.2500,65.1924,13919.20,0.799040,91.714074
493.100,92.6117,300.0000,65.3125,65.1920,13917.37,0.798725,91.714074
493.200,92.6117,300.0000,65.2500,65.1916,13915.66,0.798431,91.714074
493.300,92.6117,300.0000,65.1875,65.1912,13914.06,0.798157,91.714074
493.400,92.6117,300.0000,65.3125,65.1909,13912.58,0.797901,91.714074
493.500,92.6117,300.0000,65.1875,65.1905,13911.19,0.797662,91.714074
493.600,92.6117,300.0000,65.3125,65.1902,13909.89,0.797439,91.714074
493.700,92.6117,300.0000,65.3125,65.1899,13908.68,0.797231,91.714074
493.800,92.6117,300.0000,65.1875,65.1895,13907.55,0.797037,91.714074
493.900,92.6117,300.0000,65.1875,65.1892,13906.50,0.796856,91.714074
494.000,92.6321,300.0000,65.1875,65.1890,13905.72,0.796722,91.734487
494.100,92.6321,300.0000,65.2500,65.1887,13904.99,0.796597,91.734487
494.200,92.6321,300.0000,65.1875,65.1884,13904.31,0.796480,91.734487
494.300,92.6321,300.0000,65.1250,65.1881,13903.68,0.796371,91.734487
494.400,92.6321,300.0000,65.2500,65.1878,13903.09,0.796270,91.734487
494.500,92.6321,300.0000,65.2500,65.1876,13902.54,0.796175,91.734487
494.600,92.6321,300.0000,65.2500,65.1873,13902.02,0.796086,91.734487
494.700,92.6321,300.0000,65.2500,65.1871,13901.54,0.796004,91.734487
494.800,92.6321,300.0000,65.2500,65.1868,13901.09,0.795927,91.734487
494.900,92.6321,300.0000,65.2500,65.1866,13900.67,0.795855,91.734487
495.000,92.9585,300.0000,65.1250,65.1863,13903.55,0.796348,91.761704
495.100,92.9585,300.0000,65.1250,65.1860,13906.23,0.796809,91.761704
495.200,92.9585,300.0000,65.2500,65.1857,13908.73,0.797240,91.761704
495.300,92.9585,300.0000,65.1875,65.1854,13911.07,0.797641,91.761704
495.400,92.9585,300.0000,65.1875,65.1850,13913.25,0.798016,91.761704
495.500,92.9585,300.0000,65.1875,65.1847,13915.28,0.798367,91.761704
495.600,92.9585,300.0000,65.1875,65.1843,13917.18,0.798694,91.761704
495.700,92.9585,300.0000,65.1875,65.1839,13918.96,0.798999,91.761704
495.800,92.9585,300.0000,65.2500,65.1835,13920.61,0.799284,91.761704
495.900,92.9585,300.0000,65.1875,65.1831,13922.15,0.799550,91.761704
496.000,92.6797,300.0000,65.2500,65.1827,13920.81,0.799318,91.782116
496.100,92.6797,300.0000,65.1875,65.1823,13919.55,0.799101,91.782116
496.200,92.6797,300.0000,65.2500,65.1819,13918.38,0.798899,91.782116
496.300,92.6797,300.0000,65.2500,65.1815,13917.28,0.798711,91.782116
496.400,92.6797,300.0000,65.3125,65.1811,13916.26,0.798535,91.782116
496.500,92.6797,300.0000,65.2500,65.1808,13915.31,0.798371,91.782116
496.600,92.6797,300.0000,65.1250,65.1804,13914.42,0.798218,91.782116
496.700,92.6797,300.0000,65.1875,65.1801,13913.59,0.798075,91.782116
496.800,92.6797,300.0000,65.1875,65.1798,13912.81,0.797941,91.782116
496.900,92.6797,300.0000,65.1875,65.1795,13912.09,0.797817,91.782116
497.000,92.7001,300.0000,65.1250,65.1791,13911.62,0.797736,91.802529
497.100,92.7001,300.0000,65.1250,65.1788,13911.18,0.797660,91.802529
497.200,92.7001,300.0000,65.1875,65.1785,13910.77,0.797589,91.802529
497.300,92.7001,300.0000,65.1875,65.1782,13910.38,0.797523,91.802529
497.400,92.7001,300.0000,65.1875,65.1779,13910.02,0.797462,91.802529
497.500,92.7001,300.0000,65.1875,65.1776,13909.69,0.797404,91.802529
497.600,92.7001,300.0000,65.1250,65.1773,13909.38,0.797351,91.802529
497.700,92.7001,300.0000,65.2500,65.1770,13909.09,0.797301,91.802529
497.800,92.7001,300.0000,65.2500,65.1767,13908.82,0.797254,91.802529
497.900,92.7001,300.0000,65.1250,65.1764,13908.56,0.797211,91.802529
498.000,92.4145,300.0000,65.1875,65.1762,13905.47,0.796679,91.816137
498.100,92.4145,300.0000,65.1875,65.1759,13902.59,0.796183,91.816137
498.200,92.4145,300.0000,65.0625,65.1757,13899.89,0.795720,91.816137
498.300,92.4145,300.0000,65.2500,65.1755,13897.38,0.795289,91.816137
498.400,92.4145,300.0000,65.1875,65.1753,13895.03,0.794886,91.816137
498.500,92.4145,300.0000,65.1250,65.1752,13892.84,0.794510,91.816137
498.600,92.4145,300.0000,65.2500,65.1750,13890.80,0.794159,91.816137
498.700,92.4145,300.0000,65.1250,65.1749,13888.89,0.793832,91.816137
498.800,92.4145,300.0000,65.1250,65.1748,13887.11,0.793527,91.816137
498.900,92.4145,300.0000,65.2500,65.1747,13885.45,0.793242,91.816137
499.000,93.0401,300.0000,65.1250,65.1746,13890.15,0.794049,91.843354
499.100,93.0401,300.0000,65.1875,65.1744,13894.54,0.794802,91.843354
499.200,93.0401,300.0000,65.1875,65.1742,13898.64,0.795506,91.843354
499.300,93.0401,300.0000,65.1250,65.1740,13902.47,0.796163,91.843354
499.400,93.0401,300.0000,65.1250,65.1737,13906.04,0.796776,91.843354
499.500,93.0401,300.0000,65.1250,65.1734,13909.37,0.797349,91.843354
499.600,93.0401,300.0000,65.2500,65.1731,13912.48,0.797884,91.843354
499.700,93.0401,300.0000,65.2500,65.1728,13915.38,0.798384,91.843354
499.800,93.0401,300.0000,65.1250,65.1724,13918.09,0.798850,91.843354
499.900,93.0401,300.0000,65.0625,65.1720,13920.62,0.799285,91.843354
500.000,92.1494,300.0000,65.1250,65.1717,13914.07,0.798158,91.850158
500.100,92.1494,300.0000,65.2500,65.1714,13907.96,0.797107,91.850158
500.200,92.1494,300.0000,65.1875,65.1712,13902.26,0.796127,91.850158
500.300,92.1494,300.0000,65.1250,65.1710,13896.93,0.795212,91.850158
500.400,92.1494,300.0000,65.2500,65.1709,13891.96,0.794360,91.850158
500.500,92.1494,300.0000,65.1875,65.1708,13887.33,0.793564,91.850158
500.600,92.1494,300.0000,65.3125,65.1707,13883.00,0.792823,91.850158
500.700,92.1494,300.0000,65.1875,65.1707,13878.96,0.792131,91.850158
500.800,92.1494,300.0000,65.1250,65.1707,13875.19,0.791485,91.850158
500.900,92.1494,300.0000,65.1250,65.1707,13871.67,0.790883,91.850158
501.000,92.4622,300.0000,65.2500,65.1708,13871.51,0.790857,91.863767
501.100,92.4622,300.0000,65.1875,65.1708,13871.37,0.790832,91.863767
501.200,92.4622,300.0000,65.1875,65.1708,13871.23,0.790808,91.863767
501.300,92.4622,300.0000,65.1250,65.1709,13871.10,0.790787,91.863767
501.400,92.4622,300.0000,65.1875,65.1709,13870.99,0.790766,91.863767
501.500,92.4622,300.0000,65.1875,65.1709,13870.87,0.790747,91.863767
501.600,92.4622,300.0000,65.1250,65.1710,13870.77,0.790730,91.863767
501.700,92.4622,300.0000,65.2500,65.1710,13870.67,0.790713,91.863767
501.800,92.4622,300.0000,65.2500,65.1711,13870.58,0.790698,91.863767
501.900,92.4622,300.0000,65.2500,65.1711,13870.50,0.790683,91.863767
502.000,93.0878,300.0000,65.1875,65.1711,13876.68,0.791740,91.890984
502.100,93.0878,300.0000,65.1250,65.1710,13882.44,0.792728,91.890984
502.200,93.0878,300.0000,65.1875,65.1709,13887.83,0.793650,91.890984
502.300,93.0878,300.0000,65.1875,65.1708,13892.85,0.794511,91.890984
502.400,93.0878,300.0000,65.1250,65.1706,13897.54,0.795316,91.890984
502.500,93.0878,300.0000,65.1875,65.1704,13901.91,0.796067,91.890984
502.600,93.0878,300.0000,65.1875,65.1701,13905.99,0.796769,91.890984
502.700,93.0878,300.0000,65.2500,65.1698,13909.81,0.797424,91.890984
502.800,93.0878,300.0000,65.1250,65.1695,13913.36,0.798036,91.890984
502.900,93.0878,300.0000,65.1250,65.1692,13916.68,0.798608,91.890984
503.000,92.5030,300.0000,65.1250,65.1689,13913.93,0.798134,91.904592
503.100,92.5030,300.0000,65.1250,65.1686,13911.37,0.797693,91.904592
503.200,92.5030,300.0000,65.1875,65.1683,13908.97,0.797281,91.904592
503.300,92.5030,300.0000,65.1875,65.1680,13906.74,0.796897,91.904592
503.400,92.5030,300.0000,65.1875,65.1678,13904.65,0.796538,91.904592
503.500,92.5030,300.0000,65.1875,65.1676,13902.71,0.796204,91.904592
503.600,92.5030,300.0000,65.2500,65.1674,13900.89,0.795892,91.904592
503.700,92.5030,300.0000,65.1250,65.1672,13899.19,0.795600,91.904592
503.800,92.5030,300.0000,65.1875,65.1670,13897.61,0.795328,91.904592
503.900,92.5030,300.0000,65.1875,65.1668,13896.13,0.795075,91.904592
504.000,92.8226,300.0000,65.1250,65.1667,13897.95,0.795387,91.925005
504.100,92.8226,300.0000,65.1250,65.1665,13899.64,0.795678,91.925005
504.200,92.8226,300.0000,65.1875,65.1663,13901.23,0.795950,91.925005
504.300,92.8226,300.0000,65.1875,65.1660,13902.71,0.796204,91.925005
504.400,92.8226,300.0000,65.1250,65.1658,13904.08,0.796441,91.925005
504.500,92.8226,300.0000,65.1250,65.1656,13905.37,0.796662,91.925005
504.600,92.8226,300.0000,65.2500,65.1653,13906.57,0.796868,91.925005
504.700,92.8226,300.0000,65.2500,65.1651,13907.69,0.797061,91.925005
504.800,92.8226,300.0000,65.2500,65.1648,13908.74,0.797241,91.925005
504.900,92.8226,300.0000,65.1875,65.1645,13909.72,0.797409,91.925005
505.000,92.8430,300.0000,65.1875,65.1643,13910.83,0.797601,91.945417
505.100,92.8430,300.0000,65.2500,65.1640,13911.87,0.797780,91.945417
505.200,92.8430,300.0000,65.1250,65.1637,13912.84,0.797947,91.945417
505.300,92.8430,300.0000,65.1875,65.1634,13913.75,0.798103,91.945417
505.400,92.8430,300.0000,65.1875,65.1631,13914.60,0.798249,91.945417
505.500,92.8430,300.0000,65.1875,65.1627,13915.39,0.798385,91.945417
505.600,92.8430,300.0000,65.1875,65.1624,13916.13,0.798512,91.945417
505.700,92.8430,300.0000,65.2500,65.1621,13916.81,0.798630,91.945417
505.800,92.8430,300.0000,65.1875,65.1618,13917.46,0.798741,91.945417
505.900,92.8430,300.0000,65.1875,65.1614,13918.06,0.798844,91.945417
506.000,92.8634,300.0000,65.1875,65.1611,13918.82,0.798976,91.965830
506.100,92.8634,300.0000,65.1875,65.1607,13919.53,0.799098,91.965830
506.200,92.8634,300.0000,65.1875,65.1604,13920.20,0.799213,91.965830
506.300,92.8634,300.0000,65.1250,65.1600,13920.82,0.799320,91.965830
506.400,92.8634,300.0000,65.1250,65.1597,13921.40,0.799420,91.965830
506.500,92.8634,300.0000,65.1250,65.1593,13921.94,0.799513,91.965830
506.600,92.8634,300.0000,65.1875,65.1590,13922.44,0.799600,91.965830
506.700,92.8634,300.0000,65.1875,65.1586,13922.92,0.799681,91.965830
506.800,92.8634,300.0000,65.1875,65.1582,13923.36,0.799757,91.965830
506.900,92.8634,300.0000,65.1875,65.1578,13923.77,0.799828,91.965830
507.000,92.8838,300.0000,65.1875,65.1575,13924.35,0.799929,91.986243
507.100,92.8838,300.0000,65.1875,65.1571,13924.90,0.800023,91.986243
507.200,92.8838,300.0000,65.1875,65.1567,13925.41,0.800111,91.986243
507.300,92.8838,300.0000,65.1875,65.1563,13925.89,0.800194,91.986243
507.400,92.8838,300.0000,65.2500,65.1559,13926.34,0.800270,91.986243
507.500,92.8838,300.0000,65.1875,65.1555,13926.75,0.800342,91.986243
507.600,92.8838,300.0000,65.1875,65.1551,13927.14,0.800409,91.986243
507.700,92.8838,300.0000,65.1875,65.1547,13927.50,0.800472,91.986243
507.800,92.8838,300.0000,65.1875,65.1543,13927.84,0.800530,91.986243
507.900,92.8838,300.0000,65.1250,65.1539,13928.16,0.800584,91.986243
508.000,92.5982,300.0000,65.1250,65.1535,13925.59,0.800143,91.999851
508.100,92.5982,300.0000,65.1875,65.1532,13923.20,0.799731,91.999851
508.200,92.5982,300.0000,65.1875,65.1528,13920.97,0.799346,91.999851
508.300,92.5982,300.0000,65.0625,65.1525,13918.89,0.798988,91.999851
508.400,92.5982,300.0000,65.1250,65.1522,13916.95,0.798653,91.999851
508.500,92.5982,300.0000,65.1875,65.1519,13915.13,0.798341,91.999851
508.600,92.5982,300.0000,65.1875,65.1517,13913.44,0.798049,91.999851
508.700,92.5982,300.0000,65.2500,65.1514,13911.86,0.797777,91.999851
508.800,92.5982,300.0000,65.1875,65.1511,13910.38,0.797524,91.999851
508.900,92.5982,300.0000,65.1875,65.1509,13909.01,0.797287,91.999851
509.000,92.9178,300.0000,65.1875,65.1507,13910.92,0.797616,92.020264
509.100,92.9178,300.0000,65.1250,65.1504,13912.70,0.797923,92.020264
509.200,92.9178,300.0000,65.1875,65.1501,13914.37,0.798209,92.020264
509.300,92.9178,300.0000,65.1875,65.1498,13915.92,0.798477,92.020264
509.400,92.9178,300.0000,65.1875,65.1495,13917.37,0.798726,92.020264
509.500,92.9178,300.0000,65.1875,65.1492,13918.73,0.798959,92.020264
509.600,92.9178,300.0000,65.0625,65.1489,13919.99,0.799177,92.020264
509.700,92.9178,300.0000,65.1875,65.1485,13921.17,0.799380,92.020264
509.800,92.9178,300.0000,65.1250,65.1482,13922.27,0.799570,92.020264
509.900,92.9178,300.0000,65.1250,65.1479,13923.30,0.799747,92.020264
510.000,92.6323,300.0000,65.1875,65.1475,13921.40,0.799420,92.033872
510.100,92.6323,300.0000,65.1875,65.1472,13919.63,0.799115,92.033872
510.200,92.6323,300.0000,65.1875,65.1469,13917.98,0.798830,92.033872
510.300,92.6323,300.0000,65.1875,65.1466,13916.43,0.798565,92.033872
510.400,92.6323,300.0000,65.1250,65.1463,13914.99,0.798317,92.033872
510.500,92.6323,300.0000,65.1250,65.1461,13913.65,0.798086,92.033872
510.600,92.6323,300.0000,65.1875,65.1458,13912.40,0.797870,92.033872
510.700,92.6323,300.0000,65.1875,65.1456,13911.23,0.797668,92.033872
510.800,92.6323,300.0000,65.1875,65.1454,13910.13,0.797481,92.033872
510.900,92.6323,300.0000,65.0625,65.1451,13909.11,0.797305,92.033872
511.000,92.3399,300.0000,65.1875,65.1449,13905.24,0.796639,92.040677
511.100,92.3399,300.0000,65.0625,65.1448,13901.62,0.796017,92.040677
511.200,92.3399,300.0000,65.1250,65.1446,13898.25,0.795438,92.040677
511.300,92.3399,300.0000,65.2500,65.1445,13895.09,0.794897,92.040677
511.400,92.3399,300.0000,65.1875,65.1445,13892.15,0.794392,92.040677
511.500,92.3399,300.0000,65.1250,65.1444,13889.41,0.793921,92.040677
511.600,92.3399,300.0000,65.1875,65.1444,13886.85,0.793482,92.040677
511.700,92.3399,300.0000,65.1250,65.1443,13884.46,0.793072,92.040677
511.800,92.3399,300.0000,65.1250,65.1443,13882.22,0.792690,92.040677
511.900,92.3399,300.0000,65.1875,65.1444,13880.14,0.792333,92.040677
512.000,92.9587,300.0000,65.1875,65.1443,13884.38,0.793060,92.061089
512.100,92.9587,300.0000,65.1875,65.1443,13888.35,0.793739,92.061089
512.200,92.9587,300.0000,65.2500,65.1442,13892.04,0.794373,92.061089
512.300,92.9587,300.0000,65.0625,65.1441,13895.49,0.794965,92.061089
512.400,92.9587,300.0000,65.1875,65.1440,13898.71,0.795518,92.061089
512.500,92.9587,300.0000,65.1875,65.1438,13901.72,0.796034,92.061089
512.600,92.9587,300.0000,65.1250,65.1436,13904.53,0.796516,92.061089
512.700,92.9587,300.0000,65.2500,65.1434,13907.14,0.796966,92.061089
512.800,92.9587,300.0000,65.1875,65.1432,13909.59,0.797387,92.061089
512.900,92.9587,300.0000,65.0625,65.1430,13911.87,0.797779,92.061089
513.000,92.3671,300.0000,65.0625,65.1428,13908.08,0.797128,92.067893
513.100,92.3671,300.0000,65.1250,65.1426,13904.55,0.796520,92.067893
513.200,92.3671,300.0000,65.1875,65.1424,13901.25,0.795953,92.067893
513.300,92.3671,300.0000,65.1250,65.1423,13898.17,0.795425,92.067893
513.400,92.3671,300.0000,65.1250,65.1422,13895.30,0.794931,92.067893
513.500,92.3671,300.0000,65.1875,65.1421,13892.61,0.794471,92.067893
513.600,92.3671,300.0000,65.1875,65.1421,13890.11,0.794042,92.067893
513.700,92.3671,300.0000,65.2500,65.1420,13887.77,0.793641,92.067893
513.800,92.3671,300.0000,65.2500,65.1420,13885.59,0.793267,92.067893
513.900,92.3671,300.0000,65.1250,65.1420,13883.56,0.792918,92.067893
514.000,92.6799,300.0000,65.0625,65.1420,13884.79,0.793129,92.081502
514.100,92.6799,300.0000,65.1875,65.1420,13885.93,0.793325,92.081502
514.200,92.6799,300.0000,65.0625,65.1419,13887.00,0.793509,92.081502
514.300,92.6799,300.0000,65.1250,65.1419,13888.00,0.793680,92.081502
514.400,92.6799,300.0000,65.1875,65.1418,13888.93,0.793840,92.081502
514.500,92.6799,300.0000,65.2500,65.1418,13889.80,0.793989,92.081502
514.600,92.6799,300.0000,65.2500,65.1417,13890.62,0.794128,92.081502
514.700,92.6799,300.0000,65.1875,65.1416,13891.37,0.794258,92.081502
514.800,92.6799,300.0000,65.1250,65.1416,13892.08,0.794380,92.081502
514.900,92.6799,300.0000,65.2500,65.1415,13892.74,0.794493,92.081502
515.000,93.3055,300.0000,65.1875,65.1414,13899.61,0.795673,92.108719
515.100,93.3055,300.0000,65.1250,65.1412,13906.03,0.796775,92.108719
515.200,93.3055,300.0000,65.1250,65.1409,13912.01,0.797804,92.108719
515.300,93.3055,300.0000,65.0625,65.1406,13917.60,0.798766,92.108719
515.400,93.3055,300.0000,65.1250,65.1403,13922.82,0.799664,92.108719
515.500,93.3055,300.0000,65.1875,65.1399,13927.68,0.800503,92.108719
515.600,93.3055,300.0000,65.1250,65.1395,13932.23,0.801286,92.108719
515.700,93.3055,300.0000,65.1250,65.1391,13936.47,0.802018,92.108719
515.800,93.3055,300.0000,65.1875,65.1386,13940.42,0.802702,92.108719
515.900,93.3055,300.0000,65.1250,65.1381,13944.12,0.803340,92.108719
516.000,92.7207,300.0000,65.0625,65.1377,13941.72,0.802925,92.122327
516.100,92.7207,300.0000,65.1875,65.1372,13939.48,0.802538,92.122327
516.200,92.7207,300.0000,65.1250,65.1368,13937.38,0.802177,92.122327
516.300,92.7207,300.0000,65.2500,65.1363,13935.43,0.801840,92.122327
516.400,92.7207,300.0000,65.1250,65.1359,13933.61,0.801525,92.122327
516.500,92.7207,300.0000,65.1250,65.1355,13931.91,0.801232,92.122327
516.600,92.7207,300.0000,65.1875,65.1352,13930.32,0.800958,92.122327
516.700,92.7207,300.0000,65.1250,65.1348,13928.84,0.800703,92.122327
516.800,92.7207,300.0000,65.1250,65.1344,13927.46,0.800464,92.122327
516.900,92.7207,300.0000,65.1875,65.1341,13926.17,0.800242,92.122327
517.000,93.0403,300.0000,65.1250,65.1337,13928.16,0.800585,92.142740
517.100,93.0403,300.0000,65.1250,65.1334,13930.02,0.800906,92.142740
517.200,93.0403,300.0000,65.1250,65.1330,13931.76,0.801205,92.142740
517.300,93.0403,300.0000,65.1250,65.1326,13933.38,0.801485,92.142740
517.400,93.0403,300.0000,65.1875,65.1322,13934.89,0.801746,92.142740
517.500,93.0403,300.0000,65.0625,65.1318,13936.30,0.801989,92.142740
517.600,93.0403,300.0000,65.1875,65.1313,13937.61,0.802217,92.142740
517.700,93.0403,300.0000,65.1250,65.1309,13938.84,0.802429,92.142740
517.800,93.0403,300.0000,65.0625,65.1304,13939.99,0.802627,92.142740
517.900,93.0403,300.0000,65.1250,65.1300,13941.06,0.802812,92.142740
518.000,92.7547,300.0000,65.1250,65.1295,13939.20,0.802491,92.156348
518.100,92.7547,300.0000,65.0625,65.1291,13937.47,0.802192,92.156348
518.200,92.7547,300.0000,65.1250,65.1287,13935.85,0.801913,92.156348
518.300,92.7547,300.0000,65.2500,65.1283,13934.34,0.801652,92.156348
518.400,92.7547,300.0000,65.1250,65.1279,13932.94,0.801409,92.156348
518.500,92.7547,300.0000,64.9375,65.1276,13931.62,0.801182,92.156348
518.600,92.7547,300.0000,65.1250,65.1272,13930.39,0.800970,92.156348
518.700,92.7547,300.0000,65.1250,65.1268,13929.25,0.800773,92.156348
518.800,92.7547,300.0000,65.1250,65.1265,13928.18,0.800588,92.156348
518.900,92.7547,300.0000,65.1250,65.1262,13927.18,0.800416,92.156348
519.000,92.7683,300.0000,65.2500,65.1258,13926.39,0.800279,92.169957
519.100,92.7683,300.0000,65.1250,65.1255,13925.64,0.800151,92.169957
519.200,92.7683,300.0000,65.1250,65.1252,13924.95,0.800032,92.169957
519.300,92.7683,300.0000,65.1875,65.1249,13924.30,0.799920,92.169957
519.400,92.7683,300.0000,65.0625,65.1246,13923.70,0.799816,92.169957
519.500,92.7683,300.0000,65.1875,65.1243,13923.14,0.799719,92.169957
519.600,92.7683,300.0000,65.1250,65.1240,13922.61,0.799629,92.169957
519.700,92.7683,300.0000,65.1250,65.1237,13922.12,0.799544,92.169957
519.800,92.7683,300.0000,65.1875,65.1235,13921.66,0.799465,92.169957
519.900,92.7683,300.0000,65.1875,65.1232,13921.24,0.799392,92.169957
520.000,93.0880,300.0000,65.1250,65.1229,13924.03,0.799874,92.190369
520.100,93.0880,300.0000,65.1875,65.1226,13926.64,0.800324,92.190369
520.200,93.0880,300.0000,65.1250,65.1222,13929.08,0.800744,92.190369
520.300,93.0880,300.0000,65.0625,65.1219,13931.35,0.801136,92.190369
520.400,93.0880,300.0000,65.0625,65.1215,13933.48,0.801502,92.190369
520.500,93.0880,300.0000,65.1250,65.1211,13935.46,0.801844,92.190369
520.600,93.0880,300.0000,65.1250,65.1207,13937.31,0.802163,92.190369
520.700,93.0880,300.0000,65.1875,65.1203,13939.03,0.802461,92.190369
520.800,93.0880,300.0000,65.1875,65.1199,13940.64,0.802740,92.190369
520.900,93.0880,300.0000,65.2500,65.1194,13942.15,0.802999,92.190369
521.000,93.4144,300.0000,65.1250,65.1189,13946.81,0.803806,92.217586
521.100,93.4144,300.0000,65.1875,65.1184,13951.17,0.804559,92.217586
521.200,93.4144,300.0000,65.1250,65.1179,13955.24,0.805263,92.217586
521.300,93.4144,300.0000,65.1875,65.1173,13959.03,0.805920,92.217586
521.400,93.4144,300.0000,65.1875,65.1167,13962.57,0.806534,92.217586
521.500,93.4144,300.0000,65.1250,65.1161,13965.88,0.807107,92.217586
521.600,93.4144,300.0000,65.0625,65.1154,13968.96,0.807642,92.217586
521.700,93.4144,300.0000,65.1250,65.1147,13971.84,0.808141,92.217586
521.800,93.4144,300.0000,65.1250,65.1140,13974.53,0.808608,92.217586
521.900,93.4144,300.0000,65.1250,65.1133,13977.04,0.809043,92.217586
522.000,92.8296,300.0000,65.1250,65.1126,13973.53,0.808434,92.231195
522.100,92.8296,300.0000,65.1250,65.1120,13970.26,0.807866,92.231195
522.200,92.8296,300.0000,65.1250,65.1113,13967.20,0.807337,92.231195
522.300,92.8296,300.0000,65.1250,65.1107,13964.35,0.806842,92.231195
522.400,92.8296,300.0000,65.0625,65.1101,13961.69,0.806381,92.231195
522.500,92.8296,300.0000,65.0625,65.1096,13959.21,0.805951,92.231195
522.600,92.8296,300.0000,65.0625,65.1090,13956.89,0.805549,92.231195
522.700,92.8296,300.0000,65.1875,65.1085,13954.73,0.805175,92.231195
522.800,92.8296,300.0000,65.1875,65.1080,13952.71,0.804825,92.231195
522.900,92.8296,300.0000,65.0625,65.1075,13950.82,0.804499,92.231195
523.000,92.5372,300.0000,65.1250,65.1071,13946.14,0.803689,92.237999
523.100,92.5372,300.0000,65.1250,65.1067,13941.77,0.802934,92.237999
523.200,92.5372,300.0000,65.1250,65.1063,13937.69,0.802229,92.237999
523.300,92.5372,300.0000,65.1250,65.1059,13933.88,0.801572,92.237999
523.400,92.5372,300.0000,65.0000,65.1056,13930.33,0.800959,92.237999
523.500,92.5372,300.0000,65.0625,65.1053,13927.01,0.800387,92.237999
523.600,92.5372,300.0000,65.1250,65.1051,13923.92,0.799854,92.237999
523.700,92.5372,300.0000,65.1250,65.1049,13921.03,0.799356,92.237999
523.800,92.5372,300.0000,65.1875,65.1046,13918.33,0.798891,92.237999
523.900,92.5372,300.0000,65.1250,65.1045,13915.81,0.798458,92.237999
524.000,92.8500,300.0000,65.1875,65.1043,13916.59,0.798592,92.251607
524.100,92.8500,300.0000,65.1875,65.1041,13917.32,0.798717,92.251607
524.200,92.8500,300.0000,65.1250,65.1039,13918.00,0.798834,92.251607
524.300,92.8500,300.0000,65.0625,65.1036,13918.63,0.798943,92.251607
524.400,92.8500,300.0000,65.1250,65.1034,13919.22,0.799045,92.251607
524.500,92.8500,300.0000,65.1250,65.1032,13919.78,0.799140,92.251607
524.600,92.8500,300.0000,65.0625,65.1030,13920.29,0.799229,92.251607
524.700,92.8500,300.0000,65.0625,65.1028,13920.77,0.799312,92.251607
524.800,92.8500,300.0000,65.1250,65.1025,13921.22,0.799389,92.251607
524.900,92.8500,300.0000,65.1250,65.1023,13921.64,0.799461,92.251607
525.000,92.8636,300.0000,65.1250,65.1021,13922.16,0.799552,92.265216
525.100,92.8636,300.0000,65.1250,65.1018,13922.66,0.799636,92.265216
525.200,92.8636,300.0000,65.1250,65.1016,13923.12,0.799715,92.265216
525.300,92.8636,300.0000,65.1875,65.1013,13923.54,0.799789,92.265216
525.400,92.8636,300.0000,65.1875,65.1011,13923.94,0.799858,92.265216
525.500,92.8636,300.0000,65.0625,65.1008,13924.32,0.799923,92.265216
525.600,92.8636,300.0000,65.1875,65.1006,13924.67,0.799983,92.265216
525.700,92.8636,300.0000,65.1875,65.1003,13924.99,0.800039,92.265216
525.800,92.8636,300.0000,65.0625,65.1001,13925.29,0.800091,92.265216
525.900,92.8636,300.0000,65.1875,65.0998,13925.58,0.800140,92.265216
526.000,93.1832,300.0000,65.1875,65.0995,13929.04,0.800736,92.285628
526.100,93.1832,300.0000,65.0625,65.0992,13932.27,0.801293,92.285628
526.200,93.1832,300.0000,65.1250,65.0989,13935.28,0.801814,92.285628
526.300,93.1832,300.0000,65.0625,65.0985,13938.09,0.802299,92.285628
526.400,93.1832,300.0000,65.1250,65.0981,13940.72,0.802753,92.285628
526.500,93.1832,300.0000,65.1875,65.0977,13943.17,0.803176,92.285628
526.600,93.1832,300.0000,65.0625,65.0973,13945.46,0.803572,92.285628
526.700,93.1832,300.0000,65.1250,65.0969,13947.59,0.803941,92.285628
526.800,93.1832,300.0000,65.1250,65.0964,13949.59,0.804285,92.285628
526.900,93.1832,300.0000,65.1875,65.0959,13951.45,0.804607,92.285628
527.000,93.2036,300.0000,65.1875,65.0955,13953.39,0.804943,92.306041
527.100,93.2036,300.0000,65.1250,65.0950,13955.20,0.805256,92.306041
527.200,93.2036,300.0000,65.1250,65.0945,13956.89,0.805549,92.306041
527.300,93.2036,300.0000,65.0625,65.0939,13958.46,0.805822,92.306041
527.400,93.2036,300.0000,65.1250,65.0934,13959.94,0.806077,92.306041
527.500,93.2036,300.0000,65.1250,65.0929,13961.31,0.806315,92.306041
527.600,93.2036,300.0000,65.1250,65.0923,13962.59,0.806537,92.306041
527.700,93.2036,300.0000,65.0625,65.0917,13963.79,0.806744,92.306041
527.800,93.2036,300.0000,65.1250,65.0912,13964.91,0.806938,92.306041
527.900,93.2036,300.0000,65.1250,65.0906,13965.95,0.807119,92.306041
528.000,92.9180,300.0000,65.1250,65.0900,13964.07,0.806792,92.319650
528.100,92.9180,300.0000,65.1250,65.0895,13962.31,0.806488,92.319650
528.200,92.9180,300.0000,65.1250,65.0890,13960.67,0.806204,92.319650
528.300,92.9180,300.0000,65.2500,65.0885,13959.14,0.805939,92.319650
528.400,92.9180,300.0000,65.1250,65.0880,13957.71,0.805691,92.319650
528.500,92.9180,300.0000,65.0000,65.0875,13956.37,0.805460,92.319650
528.600,92.9180,300.0000,65.0625,65.0870,13955.13,0.805245,92.319650
528.700,92.9180,300.0000,65.1250,65.0865,13953.97,0.805044,92.319650
528.800,92.9180,300.0000,65.1250,65.0861,13952.88,0.804856,92.319650
528.900,92.9180,300.0000,65.0625,65.0856,13951.87,0.804681,92.319650
529.000,92.6256,300.0000,65.0625,65.0852,13948.00,0.804012,92.326454
529.100,92.6256,300.0000,65.1250,65.0848,13944.39,0.803388,92.326454
529.200,92.6256,300.0000,65.0625,65.0845,13941.02,0.802805,92.326454
529.300,92.6256,300.0000,65.0625,65.0841,13937.88,0.802262,92.326454
529.400,92.6256,300.0000,65.1875,65.0838,13934.94,0.801755,92.326454
529.500,92.6256,300.0000,65.0625,65.0836,13932.20,0.801283,92.326454
529.600,92.6256,300.0000,65.1250,65.0833,13929.65,0.800841,92.326454
529.700,92.6256,300.0000,65.1250,65.0831,13927.26,0.800430,92.326454
529.800,92.6256,300.0000,65.1250,65.0829,13925.03,0.800046,92.326454
529.900,92.6256,300.0000,65.0625,65.0827,13922.95,0.799688,92.326454
530.000,92.6325,300.0000,65.1250,65.0825,13921.08,0.799365,92.333258
530.100,92.6325,300.0000,65.1250,65.0823,13919.33,0.799064,92.333258
530.200,92.6325,300.0000,65.1875,65.0821,13917.70,0.798783,92.333258
530.300,92.6325,300.0000,65.1875,65.0820,13916.18,0.798521,92.333258
530.400,92.6325,300.0000,65.1250,65.0819,13914.76,0.798276,92.333258
530.500,92.6325,300.0000,65.1250,65.0818,13913.43,0.798048,92.333258
530.600,92.6325,300.0000,65.0625,65.0816,13912.20,0.797835,92.333258
530.700,92.6325,300.0000,65.0625,65.0815,13911.04,0.797637,92.333258
530.800,92.6325,300.0000,65.0625,65.0815,13909.96,0.797451,92.333258
530.900,92.6325,300.0000,65.1875,65.0814,13908.96,0.797278,92.333258
531.000,93.2513,300.0000,65.1250,65.0813,13914.20,0.798181,92.353671
531.100,93.2513,300.0000,65.1250,65.0811,13919.10,0.799024,92.353671
531.200,93.2513,300.0000,65.0625,65.0809,13923.68,0.799812,92.353671
531.300,93.2513,300.0000,65.1250,65.0806,13927.94,0.800548,92.353671
531.400,93.2513,300.0000,65.1250,65.0804,13931.93,0.801235,92.353671
531.500,93.2513,300.0000,65.1875,65.0801,13935.64,0.801876,92.353671
531.600,93.2513,300.0000,65.0625,65.0798,13939.11,0.802475,92.353671
531.700,93.2513,300.0000,65.0625,65.0794,13942.35,0.803035,92.353671
531.800,93.2513,300.0000,65.0000,65.0790,13945.37,0.803557,92.353671
531.900,93.2513,300.0000,65.0000,65.0786,13948.20,0.804045,92.353671
532.000,92.3537,300.0000,65.1875,65.0783,13941.85,0.802948,92.353671
532.100,92.3537,300.0000,65.1250,65.0780,13935.93,0.801926,92.353671
532.200,92.3537,300.0000,65.1250,65.0777,13930.41,0.800973,92.353671
532.300,92.3537,300.0000,65.0000,65.0775,13925.25,0.800083,92.353671
532.400,92.3537,300.0000,65.1250,65.0773,13920.44,0.799254,92.353671
532.500,92.3537,300.0000,65.1250,65.0772,13915.94,0.798480,92.353671
532.600,92.3537,300.0000,65.0625,65.0771,13911.75,0.797759,92.353671
532.700,92.3537,300.0000,65.1250,65.0771,13907.84,0.797086,92.353671
532.800,92.3537,300.0000,65.0000,65.0770,13904.19,0.796458,92.353671
532.900,92.3537,300.0000,65.1250,65.0770,13900.78,0.795872,92.353671
533.000,92.9657,300.0000,65.0625,65.0770,13903.71,0.796377,92.367279
533.100,92.9657,300.0000,65.0625,65.0769,13906.46,0.796848,92.367279
533.200,92.9657,300.0000,65.1250,65.0769,13909.02,0.797288,92.367279
533.300,92.9657,300.0000,65.0625,65.0768,13911.41,0.797699,92.367279
533.400,92.9657,300.0000,65.0625,65.0767,13913.64,0.798083,92.367279
533.500,92.9657,300.0000,65.0625,65.0766,13915.72,0.798441,92.367279
533.600,92.9657,300.0000,65.0625,65.0764,13917.66,0.798776,92.367279
533.700,92.9657,300.0000,65.1250,65.0763,13919.47,0.799088,92.367279
533.800,92.9657,300.0000,65.0000,65.0761,13921.16,0.799379,92.367279
533.900,92.9657,300.0000,65.1250,65.0759,13922.74,0.799651,92.367279
534.000,92.9793,300.0000,65.1250,65.0757,13924.35,0.799929,92.380888
534.100,92.9793,300.0000,65.1250,65.0755,13925.85,0.800188,92.380888
534.200,92.9793,300.0000,65.1250,65.0753,13927.26,0.800429,92.380888
534.300,92.9793,300.0000,65.1250,65.0750,13928.57,0.800655,92.380888
534.400,92.9793,300.0000,65.1250,65.0748,13929.79,0.800866,92.380888
534.500,92.9793,300.0000,65.1250,65.0746,13930.93,0.801062,92.380888
534.600,92.9793,300.0000,65.0625,65.0743,13931.99,0.801246,92.380888
534.700,92.9793,300.0000,65.0000,65.0740,13932.99,0.801417,92.380888
534.800,92.9793,300.0000,65.1250,65.0738,13933.91,0.801577,92.380888
534.900,92.9793,300.0000,65.0625,65.0735,13934.78,0.801727,92.380888
535.000,92.6869,300.0000,65.1250,65.0732,13932.66,0.801362,92.387692
535.100,92.6869,300.0000,65.0000,65.0730,13930.69,0.801021,92.387692
535.200,92.6869,300.0000,65.0625,65.0728,13928.84,0.800703,92.387692
535.300,92.6869,300.0000,65.0000,65.0725,13927.12,0.800406,92.387692
535.400,92.6869,300.0000,65.0625,65.0723,13925.52,0.800129,92.387692
535.500,92.6869,300.0000,65.1875,65.0722,13924.02,0.799871,92.387692
535.600,92.6869,300.0000,65.1250,65.0720,13922.62,0.799630,92.387692
535.700,92.6869,300.0000,65.1250,65.0718,13921.31,0.799405,92.387692
535.800,92.6869,300.0000,65.0625,65.0717,13920.09,0.799195,92.387692
535.900,92.6869,300.0000,65.1250,65.0715,13918.96,0.798999,92.387692
536.000,92.9997,300.0000,65.0625,65.0714,13921.02,0.799355,92.401300
536.100,92.9997,300.0000,65.1250,65.0712,13922.95,0.799687,92.401300
536.200,92.9997,300.0000,65.0625,65.0710,13924.75,0.799997,92.401300
536.300,92.9997,300.0000,65.1250,65.0708,13926.43,0.800287,92.401300
536.400,92.9997,300.0000,65.0625,65.0706,13928.00,0.800557,92.401300
536.500,92.9997,300.0000,65.1875,65.0704,13929.46,0.800810,92.401300
536.600,92.9997,300.0000,65.1875,65.0701,13930.83,0.801045,92.401300
536.700,92.9997,300.0000,65.0000,65.0699,13932.10,0.801265,92.401300
536.800,92.9997,300.0000,65.0625,65.0696,13933.29,0.801471,92.401300
536.900,92.9997,300.0000,65.0625,65.0694,13934.41,0.801662,92.401300
537.000,92.7073,300.0000,65.0000,65.0691,13932.52,0.801337,92.408104
537.100,92.7073,300.0000,65.1250,65.0689,13930.76,0.801033,92.408104
537.200,92.7073,300.0000,65.0000,65.0687,13929.11,0.800749,92.408104
537.300,92.7073,300.0000,65.1250,65.0684,13927.58,0.800485,92.408104
537.400,92.7073,300.0000,65.0625,65.0683,13926.15,0.800238,92.408104
537.500,92.7073,300.0000,65.1250,65.0681,13924.81,0.800007,92.408104
537.600,92.7073,300.0000,65.0625,65.0679,13923.56,0.799792,92.408104
537.700,92.7073,300.0000,65.1250,65.0677,13922.40,0.799592,92.408104
537.800,92.7073,300.0000,65.1875,65.0676,13921.31,0.799404,92.408104
537.900,92.7073,300.0000,65.0625,65.0674,13920.30,0.799230,92.408104
538.000,92.7141,300.0000,65.0625,65.0673,13919.42,0.799078,92.414909
538.100,92.7141,300.0000,65.0000,65.0672,13918.60,0.798937,92.414909
538.200,92.7141,300.0000,65.0000,65.0670,13917.83,0.798805,92.414909
538.300,92.7141,300.0000,65.0625,65.0669,13917.12,0.798682,92.414909
538.400,92.7141,300.0000,65.1250,65.0668,13916.45,0.798568,92.414909
538.500,92.7141,300.0000,65.0625,65.0667,13915.83,0.798460,92.414909
538.600,92.7141,300.0000,65.1875,65.0666,13915.25,0.798360,92.414909
538.700,92.7141,300.0000,65.0000,65.0665,13914.71,0.798267,92.414909
538.800,92.7141,300.0000,65.1250,65.0664,13914.20,0.798180,92.414909
538.900,92.7141,300.0000,65.0625,65.0663,13913.73,0.798099,92.414909
539.000,92.7209,300.0000,65.1875,65.0663,13913.35,0.798035,92.421713
539.100,92.7209,300.0000,65.0625,65.0662,13913.01,0.797975,92.421713
539.200,92.7209,300.0000,65.0625,65.0661,13912.68,0.797919,92.421713
539.300,92.7209,300.0000,65.1250,65.0660,13912.38,0.797867,92.421713
539.400,92.7209,300.0000,65.0625,65.0660,13912.10,0.797818,92.421713
539.500,92.7209,300.0000,65.0625,65.0659,13911.83,0.797773,92.421713
539.600,92.7209,300.0000,65.0625,65.0658,13911.59,0.797730,92.421713
539.700,92.7209,300.0000,65.0625,65.0658,13911.36,0.797691,92.421713
539.800,92.7209,300.0000,65.0625,65.0657,13911.14,0.797654,92.421713
539.900,92.7209,300.0000,65.1250,65.0656,13910.94,0.797619,92.421713
540.000,93.0337,300.0000,65.0625,65.0655,13913.88,0.798125,92.435321
540.100,93.0337,300.0000,65.0625,65.0654,13916.63,0.798598,92.435321
540.200,93.0337,300.0000,65.1250,65.0653,13919.19,0.799039,92.435321
540.300,93.0337,300.0000,65.0625,65.0651,13921.58,0.799451,92.435321
540.400,93.0337,300.0000,65.1250,65.0650,13923.81,0.799835,92.435321
540.500,93.0337,300.0000,65.0625,65.0648,13925.89,0.800194,92.435321
540.600,93.0337,300.0000,65.1875,65.0646,13927.84,0.800530,92.435321
540.700,93.0337,300.0000,65.0000,65.0644,13929.65,0.800843,92.435321
540.800,93.0337,300.0000,65.0625,65.0642,13931.35,0.801135,92.435321
540.900,93.0337,300.0000,65.0625,65.0639,13932.93,0.801407,92.435321
541.000,92.7413,300.0000,65.1875,65.0637,13931.48,0.801157,92.442126
541.100,92.7413,300.0000,65.0625,65.0635,13930.13,0.800924,92.442126
541.200,92.7413,300.0000,65.1250,65.0633,13928.86,0.800707,92.442126
541.300,92.7413,300.0000,65.0625,65.0631,13927.69,0.800503,92.442126
541.400,92.7413,300.0000,65.0625,65.0629,13926.59,0.800314,92.442126
541.500,92.7413,300.0000,65.0625,65.0627,13925.56,0.800137,92.442126
541.600,92.7413,300.0000,65.1250,65.0625,13924.60,0.799972,92.442126
541.700,92.7413,300.0000,65.0625,65.0624,13923.71,0.799818,92.442126
541.800,92.7413,300.0000,65.0625,65.0622,13922.88,0.799674,92.442126
541.900,92.7413,300.0000,65.1250,65.0621,13922.10,0.799540,92.442126
542.000,93.0541,300.0000,65.0625,65.0619,13924.50,0.799954,92.455734
542.100,93.0541,300.0000,65.0000,65.0617,13926.74,0.800340,92.455734
542.200,93.0541,300.0000,65.1250,65.0615,13928.83,0.800701,92.455734
542.300,93.0541,300.0000,65.1250,65.0613,13930.78,0.801038,92.455734
542.400,93.0541,300.0000,65.0000,65.0611,13932.61,0.801352,92.455734
542.500,93.0541,300.0000,65.1250,65.0608,13934.31,0.801646,92.455734
542.600,93.0541,300.0000,65.0625,65.0606,13935.90,0.801920,92.455734
542.700,93.0541,300.0000,65.0000,65.0603,13937.38,0.802175,92.455734
542.800,93.0541,300.0000,65.0625,65.0600,13938.76,0.802414,92.455734
542.900,93.0541,300.0000,65.0625,65.0597,13940.05,0.802637,92.455734
543.000,92.7617,300.0000,65.0625,65.0594,13938.33,0.802340,92.462538
543.100,92.7617,300.0000,65.0625,65.0592,13936.73,0.802063,92.462538
543.200,92.7617,300.0000,65.1250,65.0589,13935.23,0.801805,92.462538
543.300,92.7617,300.0000,65.0625,65.0587,13933.83,0.801563,92.462538
543.400,92.7617,300.0000,65.0000,65.0585,13932.53,0.801338,92.462538
543.500,92.7617,300.0000,65.0000,65.0583,13931.31,0.801128,92.462538
543.600,92.7617,300.0000,65.0625,65.0580,13930.17,0.800932,92.462538
543.700,92.7617,300.0000,65.0000,65.0579,13929.11,0.800749,92.462538
543.800,92.7617,300.0000,65.0000,65.0577,13928.12,0.800578,92.462538
543.900,92.7617,300.0000,65.0625,65.0575,13927.20,0.800419,92.462538
544.000,92.7685,300.0000,65.0625,65.0573,13926.40,0.800282,92.469342
544.100,92.7685,300.0000,65.1250,65.0571,13925.66,0.800154,92.469342
544.200,92.7685,300.0000,65.0625,65.0570,13924.97,0.800035,92.469342
544.300,92.7685,300.0000,65.0000,65.0568,13924.32,0.799924,92.469342
544.400,92.7685,300.0000,65.0625,65.0567,13923.72,0.799820,92.469342
544.500,92.7685,300.0000,65.0000,65.0565,13923.16,0.799723,92.469342
544.600,92.7685,300.0000,65.0625,65.0564,13922.63,0.799632,92.469342
544.700,92.7685,300.0000,65.0625,65.0563,13922.14,0.799548,92.469342
544.800,92.7685,300.0000,65.1250,65.0561,13921.68,0.799469,92.469342
544.900,92.7685,300.0000,65.0000,65.0560,13921.26,0.799395,92.469342
545.000,92.4693,300.0000,65.0000,65.0559,13917.87,0.798811,92.469342
545.100,92.4693,300.0000,65.1250,65.0558,13914.70,0.798267,92.469342
545.200,92.4693,300.0000,65.0625,65.0558,13911.75,0.797759,92.469342
545.300,92.4693,300.0000,65.0000,65.0558,13908.99,0.797284,92.469342
545.400,92.4693,300.0000,65.1875,65.0558,13906.42,0.796842,92.469342
545.500,92.4693,300.0000,65.0625,65.0558,13904.02,0.796429,92.469342
545.600,92.4693,300.0000,65.0625,65.0558,13901.78,0.796044,92.469342
545.700,92.4693,300.0000,65.0625,65.0559,13899.69,0.795685,92.469342
545.800,92.4693,300.0000,65.0000,65.0559,13897.73,0.795350,92.469342
545.900,92.4693,300.0000,65.0625,65.0560,13895.91,0.795037,92.469342
546.000,92.7753,300.0000,65.0625,65.0561,13897.27,0.795270,92.476147
546.100,92.7753,300.0000,65.0625,65.0562,13898.54,0.795488,92.476147
546.200,92.7753,300.0000,65.1250,65.0562,13899.72,0.795692,92.476147
546.300,92.7753,300.0000,65.0625,65.0563,13900.83,0.795881,92.476147
546.400,92.7753,300.0000,65.1250,65.0563,13901.86,0.796059,92.476147
546.500,92.7753,300.0000,65.0000,65.0563,13902.82,0.796224,92.476147
546.600,92.7753,300.0000,65.0625,65.0563,13903.72,0.796378,92.476147
546.700,92.7753,300.0000,65.1250,65.0563,13904.56,0.796522,92.476147
546.800,92.7753,300.0000,64.9375,65.0564,13905.34,0.796657,92.476147
546.900,92.7753,300.0000,65.0625,65.0564,13906.07,0.796783,92.476147
547.000,92.7821,300.0000,65.0625,65.0563,13906.82,0.796911,92.482951
547.100,92.7821,300.0000,65.1250,65.0563,13907.52,0.797032,92.482951
547.200,92.7821,300.0000,65.0625,65.0563,13908.18,0.797144,92.482951
547.300,92.7821,300.0000,65.1250,65.0563,13908.79,0.797249,92.482951
547.400,92.7821,300.0000,65.0000,65.0563,13909.36,0.797347,92.482951
547.500,92.7821,300.0000,65.0625,65.0562,13909.89,0.797438,92.482951
547.600,92.7821,300.0000,65.0625,65.0562,13910.38,0.797523,92.482951
547.700,92.7821,300.0000,65.0625,65.0562,13910.84,0.797603,92.482951
547.800,92.7821,300.0000,65.0625,65.0561,13911.28,0.797677,92.482951
547.900,92.7821,300.0000,65.0625,65.0561,13911.68,0.797747,92.482951
548.000,92.7890,300.0000,65.0625,65.0560,13912.12,0.797823,92.489755
548.100,92.7890,300.0000,65.0625,65.0560,13912.54,0.797894,92.489755
548.200,92.7890,300.0000,65.0625,65.0559,13912.93,0.797961,92.489755
548.300,92.7890,300.0000,65.0625,65.0558,13913.29,0.798023,92.489755
548.400,92.7890,300.0000,65.0625,65.0558,13913.62,0.798081,92.489755
548.500,92.7890,300.0000,65.0000,65.0557,13913.94,0.798135,92.489755
548.600,92.7890,300.0000,64.9375,65.0556,13914.23,0.798186,92.489755
548.700,92.7890,300.0000,65.1250,65.0556,13914.51,0.798233,92.489755
548.800,92.7890,300.0000,65.0625,65.0555,13914.76,0.798277,92.489755
548.900,92.7890,300.0000,65.0625,65.0554,13915.00,0.798318,92.489755
549.000,92.7958,300.0000,65.1250,65.0554,13915.29,0.798368,92.496559
549.100,92.7958,300.0000,65.0000,65.0553,13915.56,0.798415,92.496559
549.200,92.7958,300.0000,65.0000,65.0552,13915.82,0.798458,92.496559
549.300,92.7958,300.0000,65.1250,65.0551,13916.05,0.798499,92.496559
549.400,92.7958,300.0000,65.0000,65.0550,13916.27,0.798537,92.496559
549.500,92.7958,300.0000,65.0625,65.0550,13916.48,0.798572,92.496559
549.600,92.7958,300.0000,65.0625,65.0549,13916.67,0.798606,92.496559
549.700,92.7958,300.0000,65.0625,65.0548,13916.85,0.798636,92.496559
549.800,92.7958,300.0000,65.0625,65.0547,13917.02,0.798665,92.496559
549.900,92.7958,300.0000,65.0625,65.0546,13917.17,0.798692,92.496559
550.000,92.8026,300.0000,65.0625,65.0545,13917.39,0.798729,92.503363
550.100,92.8026,300.0000,65.1250,65.0544,13917.59,0.798763,92.503363
550.200,92.8026,300.0000,65.0625,65.0543,13917.77,0.798796,92.503363
550.300,92.8026,300.0000,65.1250,65.0542,13917.95,0.798825,92.503363
550.400,92.8026,300.0000,65.1250,65.0541,13918.11,0.798853,92.503363
550.500,92.8026,300.0000,65.0000,65.0540,13918.26,0.798880,92.503363
550.600,92.8026,300.0000,65.0625,65.0539,13918.40,0.798904,92.503363
550.700,92.8026,300.0000,65.1250,65.0538,13918.54,0.798927,92.503363
550.800,92.8026,300.0000,65.0000,65.0537,13918.66,0.798948,92.503363
550.900,92.8026,300.0000,65.0625,65.0536,13918.77,0.798968,92.503363
551.000,92.8094,300.0000,65.0000,65.0535,13918.95,0.798998,92.510168
551.100,92.8094,300.0000,65.0625,65.0534,13919.11,0.799026,92.510168
551.200,92.8094,300.0000,65.0000,65.0533,13919.27,0.799052,92.510168
551.300,92.8094,300.0000,65.0000,65.0532,13919.41,0.799077,92.510168
551.400,92.8094,300.0000,65.0625,65.0531,13919.54,0.799100,92.510168
551.500,92.8094,300.0000,65.0000,65.0530,13919.67,0.799121,92.510168
551.600,92.8094,300.0000,65.1250,65.0529,13919.78,0.799141,92.510168
551.700,92.8094,300.0000,65.0000,65.0528,13919.89,0.799160,92.510168
551.800,92.8094,300.0000,65.0625,65.0527,13919.99,0.799177,92.510168
551.900,92.8094,300.0000,65.1250,65.0526,13920.09,0.799193,92.510168
552.000,93.1222,300.0000,65.0625,65.0524,13923.30,0.799747,92.523776
552.100,93.1222,300.0000,65.0625,65.0523,13926.30,0.800265,92.523776
552.200,93.1222,300.0000,65.0625,65.0521,13929.10,0.800748,92.523776
552.300,93.1222,300.0000,65.0000,65.0519,13931.72,0.801199,92.523776
552.400,93.1222,300.0000,65.1250,65.0517,13934.16,0.801620,92.523776
552.500,93.1222,300.0000,65.0000,65.0514,13936.44,0.802013,92.523776
552.600,93.1222,300.0000,65.1250,65.0512,13938.56,0.802380,92.523776
552.700,93.1222,300.0000,65.0625,65.0509,13940.55,0.802723,92.523776
552.800,93.1222,300.0000,65.0625,65.0506,13942.40,0.803043,92.523776
552.900,93.1222,300.0000,65.0625,65.0503,13944.13,0.803342,92.523776
553.000,92.8298,300.0000,65.0000,65.0500,13942.82,0.803115,92.530580
553.100,92.8298,300.0000,65.0625,65.0497,13941.59,0.802904,92.530580
553.200,92.8298,300.0000,65.1250,65.0495,13940.45,0.802706,92.530580
553.300,92.8298,300.0000,65.0625,65.0492,13939.39,0.802522,92.530580
553.400,92.8298,300.0000,65.0000,65.0489,13938.39,0.802351,92.530580
553.500,92.8298,300.0000,65.0625,65.0487,13937.46,0.802190,92.530580
553.600,92.8298,300.0000,65.1250,65.0485,13936.60,0.802041,92.530580
553.700,92.8298,300.0000,64.9375,65.0482,13935.79,0.801901,92.530580
553.800,92.8298,300.0000,65.0625,65.0480,13935.03,0.801771,92.530580
553.900,92.8298,300.0000,65.1250,65.0478,13934.33,0.801649,92.530580
554.000,93.1426,300.0000,65.0000,65.0475,13936.80,0.802076,92.544189
554.100,93.1426,300.0000,65.0625,65.0473,13939.10,0.802474,92.544189
554.200,93.1426,300.0000,65.1250,65.0470,13941.26,0.802846,92.544189
554.300,93.1426,300.0000,65.0625,65.0467,13943.27,0.803193,92.544189
554.400,93.1426,300.0000,65.0000,65.0464,13945.14,0.803517,92.544189
554.500,93.1426,300.0000,65.0625,65.0461,13946.89,0.803819,92.544189
554.600,93.1426,300.0000,65.0625,65.0458,13948.52,0.804102,92.544189
554.700,93.1426,300.0000,65.0625,65.0454,13950.05,0.804365,92.544189
554.800,93.1426,300.0000,64.9375,65.0451,13951.47,0.804611,92.544189
554.900,93.1426,300.0000,65.1250,65.0447,13952.80,0.804841,92.544189
555.000,93.1562,300.0000,65.0000,65.0443,13954.17,0.805079,92.557797
555.100,93.1562,300.0000,65.0625,65.0440,13955.46,0.805301,92.557797
555.200,93.1562,300.0000,65.0625,65.0436,13956.66,0.805509,92.557797
555.300,93.1562,300.0000,65.0625,65.0432,13957.77,0.805702,92.557797
555.400,93.1562,300.0000,65.1250,65.0428,13958.82,0.805883,92.557797
555.500,93.1562,300.0000,65.0625,65.0423,13959.79,0.806052,92.557797
555.600,93.1562,300.0000,65.0625,65.0419,13960.70,0.806209,92.557797
555.700,93.1562,300.0000,65.1250,65.0415,13961.55,0.806356,92.557797
555.800,93.1562,300.0000,65.0625,65.0410,13962.34,0.806494,92.557797
555.900,93.1562,300.0000,65.1875,65.0406,13963.08,0.806622,92.557797
556.000,93.4758,300.0000,65.0000,65.0401,13966.97,0.807295,92.578210
556.100,93.4758,300.0000,65.0625,65.0396,13970.59,0.807924,92.578210
556.200,93.4758,300.0000,65.1250,65.0391,13973.98,0.808512,92.578210
556.300,93.4758,300.0000,64.9375,65.0386,13977.14,0.809060,92.578210
556.400,93.4758,300.0000,65.0625,65.0380,13980.09,0.809573,92.578210
556.500,93.4758,300.0000,64.9375,65.0374,13982.84,0.810051,92.578210
556.600,93.4758,300.0000,65.0000,65.0368,13985.41,0.810497,92.578210
556.700,93.4758,300.0000,65.1250,65.0361,13987.80,0.810914,92.578210
556.800,93.4758,300.0000,65.0625,65.0355,13990.04,0.811303,92.578210
556.900,93.4758,300.0000,65.0625,65.0348,13992.13,0.811667,92.578210
557.000,92.8842,300.0000,65.0625,65.0342,13988.16,0.810977,92.585014
557.100,92.8842,300.0000,64.9375,65.0336,13984.46,0.810333,92.585014
557.200,92.8842,300.0000,65.0625,65.0330,13981.01,0.809732,92.585014
557.300,92.8842,300.0000,65.0000,65.0325,13977.78,0.809172,92.585014
557.400,92.8842,300.0000,65.0625,65.0319,13974.77,0.808650,92.585014
557.500,92.8842,300.0000,65.0625,65.0314,13971.96,0.808162,92.585014
557.600,92.8842,300.0000,65.0625,65.0310,13969.34,0.807707,92.585014
557.700,92.8842,300.0000,65.1250,65.0305,13966.89,0.807283,92.585014
557.800,92.8842,300.0000,65.0000,65.0301,13964.61,0.806887,92.585014
557.900,92.8842,300.0000,64.9375,65.0297,13962.48,0.806517,92.585014
558.000,92.2790,300.0000,65.0000,65.0293,13954.44,0.805124,92.578210
558.100,92.2790,300.0000,65.0625,65.0291,13946.93,0.803826,92.578210
558.200,92.2790,300.0000,64.9375,65.0288,13939.92,0.802615,92.578210
558.300,92.2790,300.0000,65.1250,65.0287,13933.39,0.801487,92.578210
558.400,92.2790,300.0000,65.0000,65.0286,13927.28,0.800434,92.578210
558.500,92.2790,300.0000,65.0625,65.0285,13921.59,0.799452,92.578210
558.600,92.2790,300.0000,65.0000,65.0285,13916.27,0.798537,92.578210
558.700,92.2790,300.0000,65.0625,65.0285,13911.31,0.797683,92.578210
558.800,92.2790,300.0000,65.0625,65.0285,13906.68,0.796887,92.578210
558.900,92.2790,300.0000,65.0625,65.0286,13902.36,0.796144,92.578210
559.000,92.8842,300.0000,65.0625,65.0287,13904.38,0.796491,92.585014
559.100,92.8842,300.0000,65.0625,65.0288,13906.26,0.796815,92.585014
559.200,92.8842,300.0000,65.1875,65.0288,13908.02,0.797117,92.585014
559.300,92.8842,300.0000,65.0000,65.0288,13909.66,0.797399,92.585014
559.400,92.8842,300.0000,65.0625,65.0289,13911.19,0.797662,92.585014
559.500,92.8842,300.0000,65.0625,65.0289,13912.62,0.797908,92.585014
559.600,92.8842,300.0000,65.0625,65.0289,13913.95,0.798138,92.585014
559.700,92.8842,300.0000,65.0625,65.0288,13915.20,0.798352,92.585014
559.800,92.8842,300.0000,65.1250,65.0288,13916.36,0.798552,92.585014
559.900,92.8842,300.0000,65.0000,65.0288,13917.45,0.798739,92.585014
560.000,92.5850,300.0000,65.1250,65.0288,13915.47,0.798398,92.585014
560.100,92.5850,300.0000,65.0000,65.0288,13913.62,0.798080,92.585014
560.200,92.5850,300.0000,65.0000,65.0288,13911.89,0.797784,92.585014
560.300,92.5850,300.0000,65.0000,65.0288,13910.29,0.797507,92.585014
560.400,92.5850,300.0000,65.0625,65.0288,13908.78,0.797248,92.585014
560.500,92.5850,300.0000,65.0000,65.0289,13907.38,0.797007,92.585014
560.600,92.5850,300.0000,65.0625,65.0289,13906.07,0.796782,92.585014
560.700,92.5850,300.0000,65.0625,65.0290,13904.85,0.796572,92.585014
560.800,92.5850,300.0000,65.0000,65.0291,13903.71,0.796376,92.585014
560.900,92.5850,300.0000,65.0625,65.0292,13902.65,0.796194,92.585014
561.000,92.8910,300.0000,65.0625,65.0293,13904.71,0.796549,92.591818
561.100,92.8910,300.0000,65.1250,65.0293,13906.64,0.796880,92.591818
561.200,92.8910,300.0000,65.0000,65.0293,13908.44,0.797190,92.591818
561.300,92.8910,300.0000,65.0625,65.0294,13910.12,0.797479,92.591818
561.400,92.8910,300.0000,65.0000,65.0294,13911.69,0.797749,92.591818
561.500,92.8910,300.0000,65.0625,65.0294,13913.16,0.798001,92.591818
561.600,92.8910,300.0000,65.0000,65.0294,13914.52,0.798236,92.591818
561.700,92.8910,300.0000,65.0625,65.0294,13915.80,0.798455,92.591818
561.800,92.8910,300.0000,65.0625,65.0293,13916.99,0.798660,92.591818
561.900,92.8910,300.0000,65.0625,65.0293,13918.10,0.798851,92.591818
562.000,92.8978,300.0000,65.0625,65.0292,13919.20,0.799042,92.598623
562.100,92.8978,300.0000,65.0625,65.0292,13920.24,0.799219,92.598623
562.200,92.8978,300.0000,65.1250,65.0291,13921.20,0.799385,92.598623
562.300,92.8978,300.0000,65.0625,65.0290,13922.10,0.799540,92.598623
562.400,92.8978,300.0000,65.0000,65.0290,13922.93,0.799684,92.598623
562.500,92.8978,300.0000,65.0625,65.0289,13923.72,0.799819,92.598623
562.600,92.8978,300.0000,64.9375,65.0288,13924.45,0.799945,92.598623
562.700,92.8978,300.0000,65.0625,65.0287,13925.13,0.800063,92.598623
562.800,92.8978,300.0000,65.0625,65.0286,13925.77,0.800172,92.598623
562.900,92.8978,300.0000,65.0000,65.0285,13926.36,0.800275,92.598623
563.000,92.5986,300.0000,65.0625,65.0284,13923.92,0.799854,92.598623
563.100,92.5986,300.0000,64.9375,65.0283,13921.65,0.799462,92.598623
563.200,92.5986,300.0000,64.9375,65.0283,13919.52,0.799097,92.598623
563.300,92.5986,300.0000,65.1875,65.0282,13917.54,0.798755,92.598623
563.400,92.5986,300.0000,65.0625,65.0282,13915.69,0.798437,92.598623
563.500,92.5986,300.0000,65.0000,65.0282,13913.96,0.798140,92.598623
563.600,92.5986,300.0000,65.0625,65.0282,13912.35,0.797862,92.598623
563.700,92.5986,300.0000,65.0625,65.0282,13910.85,0.797604,92.598623
563.800,92.5986,300.0000,65.0625,65.0283,13909.45,0.797362,92.598623
563.900,92.5986,300.0000,65.0625,65.0283,13908.14,0.797137,92.598623
564.000,92.9046,300.0000,65.0625,65.0283,13909.97,0.797453,92.605427
564.100,92.9046,300.0000,65.0000,65.0284,13911.69,0.797748,92.605427
564.200,92.9046,300.0000,65.1250,65.0284,13913.29,0.798023,92.605427
564.300,92.9046,300.0000,65.0000,65.0283,13914.78,0.798280,92.605427
564.400,92.9046,300.0000,65.0625,65.0283,13916.18,0.798520,92.605427
564.500,92.9046,300.0000,65.0625,65.0283,13917.48,0.798744,92.605427
564.600,92.9046,300.0000,65.0000,65.0282,13918.69,0.798953,92.605427
564.700,92.9046,300.0000,65.0625,65.0282,13919.82,0.799149,92.605427
564.800,92.9046,300.0000,64.9375,65.0281,13920.88,0.799331,92.605427
564.900,92.9046,300.0000,65.0000,65.0281,13921.87,0.799501,92.605427
565.000,92.6054,300.0000,64.9375,65.0280,13919.80,0.799144,92.605427
565.100,92.6054,300.0000,65.0625,65.0280,13917.87,0.798811,92.605427
565.200,92.6054,300.0000,65.1250,65.0280,13916.06,0.798501,92.605427
565.300,92.6054,300.0000,65.0625,65.0279,13914.38,0.798211,92.605427
565.400,92.6054,300.0000,64.9375,65.0280,13912.81,0.797941,92.605427
565.500,92.6054,300.0000,65.0625,65.0280,13911.34,0.797689,92.605427
565.600,92.6054,300.0000,65.0000,65.0280,13909.97,0.797453,92.605427
565.700,92.6054,300.0000,64.9375,65.0280,13908.70,0.797234,92.605427
565.800,92.6054,300.0000,65.1250,65.0281,13907.50,0.797029,92.605427
565.900,92.6054,300.0000,65.0000,65.0282,13906.39,0.796837,92.605427
566.000,92.6054,300.0000,65.0000,65.0282,13905.35,0.796659,92.605427
566.100,92.6054,300.0000,64.9375,65.0283,13904.38,0.796492,92.605427
566.200,92.6054,300.0000,65.0625,65.0284,13903.48,0.796337,92.605427
566.300,92.6054,300.0000,65.1250,65.0285,13902.64,0.796192,92.605427
566.400,92.6054,300.0000,65.0625,65.0286,13901.85,0.796056,92.605427
566.500,92.6054,300.0000,65.0000,65.0287,13901.11,0.795930,92.605427
566.600,92.6054,300.0000,64.9375,65.0288,13900.43,0.795812,92.605427
566.700,92.6054,300.0000,64.9375,65.0289,13899.78,0.795702,92.605427
566.800,92.6054,300.0000,65.0625,65.0290,13899.19,0.795599,92.605427
566.900,92.6054,300.0000,65.0625,65.0291,13898.63,0.795503,92.605427
567.000,92.9114,300.0000,65.0625,65.0292,13901.17,0.795939,92.612231
567.100,92.9114,300.0000,65.0000,65.0293,13903.54,0.796347,92.612231
567.200,92.9114,300.0000,65.0625,65.0294,13905.75,0.796727,92.612231
567.300,92.9114,300.0000,65.0000,65.0294,13907.81,0.797082,92.612231
567.400,92.9114,300.0000,65.0000,65.0294,13909.74,0.797413,92.612231
567.500,92.9114,300.0000,65.0000,65.0295,13911.54,0.797722,92.612231
567.600,92.9114,300.0000,65.0000,65.0295,13913.22,0.798011,92.612231
567.700,92.9114,300.0000,65.0000,65.0294,13914.78,0.798281,92.612231
567.800,92.9114,300.0000,65.0625,65.0294,13916.25,0.798532,92.612231
567.900,92.9114,300.0000,65.0000,65.0294,13917.61,0.798767,92.612231
568.000,92.6122,300.0000,65.1250,65.0294,13915.89,0.798471,92.612231
568.100,92.6122,300.0000,65.0000,65.0293,13914.29,0.798195,92.612231
568.200,92.6122,300.0000,65.0000,65.0293,13912.79,0.797938,92.612231
568.300,92.6122,300.0000,65.0625,65.0294,13911.39,0.797697,92.612231
568.400,92.6122,300.0000,65.0000,65.0294,13910.09,0.797473,92.612231
568.500,92.6122,300.0000,65.0625,65.0294,13908.87,0.797264,92.612231
568.600,92.6122,300.0000,65.0625,65.0295,13907.74,0.797068,92.612231
568.700,92.6122,300.0000,64.9375,65.0295,13906.68,0.796886,92.612231
568.800,92.6122,300.0000,65.1250,65.0296,13905.69,0.796716,92.612231
568.900,92.6122,300.0000,65.0625,65.0297,13904.76,0.796557,92.612231
569.000,92.9182,300.0000,65.0000,65.0297,13906.96,0.796935,92.619035
569.100,92.9182,300.0000,65.0000,65.0297,13909.01,0.797288,92.619035
569.200,92.9182,300.0000,65.0625,65.0298,13910.93,0.797617,92.619035
569.300,92.9182,300.0000,64.9375,65.0298,13912.72,0.797925,92.619035
569.400,92.9182,300.0000,65.0625,65.0297,13914.38,0.798212,92.619035
569.500,92.9182,300.0000,65.0000,65.0297,13915.94,0.798480,92.619035
569.600,92.9182,300.0000,65.0000,65.0297,13917.39,0.798730,92.619035
569.700,92.9182,300.0000,64.9375,65.0296,13918.75,0.798963,92.619035
569.800,92.9182,300.0000,65.0625,65.0296,13920.01,0.799181,92.619035
569.900,92.9182,300.0000,65.0000,65.0295,13921.20,0.799385,92.619035
570.000,92.6190,300.0000,64.9375,65.0295,13919.31,0.799059,92.619035
570.100,92.6190,300.0000,65.0000,65.0294,13917.54,0.798756,92.619035
570.200,92.6190,300.0000,65.0625,65.0294,13915.90,0.798472,92.619035
570.300,92.6190,300.0000,65.0000,65.0294,13914.36,0.798208,92.619035
570.400,92.6190,300.0000,65.1250,65.0294,13912.93,0.797961,92.619035
570.500,92.6190,300.0000,65.0625,65.0294,13911.59,0.797731,92.619035
570.600,92.6190,300.0000,65.0625,65.0294,13910.34,0.797516,92.619035
570.700,92.6190,300.0000,65.0000,65.0295,13909.17,0.797316,92.619035
570.800,92.6190,300.0000,65.0625,65.0295,13908.09,0.797129,92.619035
570.900,92.6190,300.0000,65.0000,65.0296,13907.07,0.796954,92.619035
571.000,92.6190,300.0000,65.0000,65.0296,13906.12,0.796791,92.619035
571.100,92.6190,300.0000,65.0000,65.0297,13905.24,0.796639,92.619035
571.200,92.6190,300.0000,65.0625,65.0298,13904.41,0.796497,92.619035
571.300,92.6190,300.0000,65.0625,65.0298,13903.64,0.796365,92.619035
571.400,92.6190,300.0000,65.0000,65.0299,13902.92,0.796241,92.619035
571.500,92.6190,300.0000,65.0000,65.0300,13902.25,0.796126,92.619035
571.600,92.6190,300.0000,65.0625,65.0301,13901.63,0.796018,92.619035
571.700,92.6190,300.0000,64.9375,65.0302,13901.04,0.795918,92.619035
571.800,92.6190,300.0000,65.1250,65.0303,13900.50,0.795824,92.619035
571.900,92.6190,300.0000,65.0000,65.0304,13899.99,0.795737,92.619035
572.000,92.6190,300.0000,65.0625,65.0305,13899.51,0.795655,92.619035
572.100,92.6190,300.0000,65.1250,65.0306,13899.07,0.795579,92.619035
572.200,92.6190,300.0000,65.0625,65.0308,13898.65,0.795508,92.619035
572.300,92.6190,300.0000,65.0625,65.0309,13898.27,0.795441,92.619035
572.400,92.6190,300.0000,65.1875,65.0310,13897.91,0.795379,92.619035
572.500,92.6190,300.0000,65.0000,65.0311,13897.57,0.795322,92.619035
572.600,92.6190,300.0000,65.0000,65.0313,13897.25,0.795268,92.619035
572.700,92.6190,300.0000,65.1250,65.0314,13896.96,0.795217,92.619035
572.800,92.6190,300.0000,65.0625,65.0315,13896.69,0.795170,92.619035
572.900,92.6190,300.0000,65.1250,65.0317,13896.43,0.795126,92.619035
573.000,93.2310,300.0000,65.0000,65.0317,13902.31,0.796136,92.632644
573.100,93.2310,300.0000,65.1250,65.0318,13907.80,0.797080,92.632644
573.200,93.2310,300.0000,65.0000,65.0318,13912.93,0.797961,92.632644
573.300,93.2310,300.0000,65.0000,65.0317,13917.71,0.798784,92.632644
573.400,93.2310,300.0000,65.0000,65.0316,13922.17,0.799553,92.632644
573.500,93.2310,300.0000,65.0000,65.0315,13926.34,0.800271,92.632644
573.600,93.2310,300.0000,64.9375,65.0314,13930.23,0.800941,92.632644
573.700,93.2310,300.0000,65.1250,65.0312,13933.85,0.801567,92.632644
573.800,93.2310,300.0000,65.0000,65.0310,13937.24,0.802152,92.632644
573.900,93.2310,300.0000,65.0625,65.0308,13940.40,0.802698,92.632644
574.000,92.9386,300.0000,65.0625,65.0306,13940.43,0.802702,92.639448
574.100,92.9386,300.0000,65.0625,65.0303,13940.45,0.802707,92.639448
574.200,92.9386,300.0000,65.0625,65.0301,13940.48,0.802711,92.639448
574.300,92.9386,300.0000,64.9375,65.0299,13940.50,0.802714,92.639448
574.400,92.9386,300.0000,65.0000,65.0296,13940.52,0.802718,92.639448
574.500,92.9386,300.0000,65.0625,65.0294,13940.54,0.802721,92.639448
574.600,92.9386,300.0000,65.0000,65.0292,13940.55,0.802724,92.639448
574.700,92.9386,300.0000,65.0000,65.0290,13940.57,0.802727,92.639448
574.800,92.9386,300.0000,65.0000,65.0287,13940.58,0.802729,92.639448
574.900,92.9386,300.0000,65.0000,65.0285,13940.60,0.802732,92.639448
575.000,92.6394,300.0000,65.0625,65.0283,13937.62,0.802217,92.639448
575.100,92.6394,300.0000,65.0625,65.0281,13934.84,0.801737,92.639448
575.200,92.6394,300.0000,64.9375,65.0280,13932.24,0.801290,92.639448
575.300,92.6394,300.0000,65.1250,65.0278,13929.82,0.800872,92.639448
575.400,92.6394,300.0000,65.0000,65.0277,13927.56,0.800482,92.639448
575.500,92.6394,300.0000,65.0000,65.0276,13925.45,0.800118,92.639448
575.600,92.6394,300.0000,65.0625,65.0275,13923.48,0.799779,92.639448
575.700,92.6394,300.0000,65.0625,65.0275,13921.65,0.799462,92.639448
575.800,92.6394,300.0000,65.0625,65.0274,13919.93,0.799167,92.639448
575.900,92.6394,300.0000,65.0000,65.0274,13918.33,0.798891,92.639448
576.000,92.6394,300.0000,65.0000,65.0274,13916.84,0.798634,92.639448
576.100,92.6394,300.0000,64.9375,65.0273,13915.44,0.798394,92.639448
576.200,92.6394,300.0000,65.1250,65.0273,13914.14,0.798170,92.639448
576.300,92.6394,300.0000,65.0000,65.0273,13912.92,0.797961,92.639448
576.400,92.6394,300.0000,65.0000,65.0274,13911.79,0.797766,92.639448
576.500,92.6394,300.0000,65.0625,65.0274,13910.73,0.797584,92.639448
576.600,92.6394,300.0000,65.0000,65.0274,13909.74,0.797414,92.639448
576.700,92.6394,300.0000,65.0625,65.0275,13908.82,0.797255,92.639448
576.800,92.6394,300.0000,65.0625,65.0275,13907.96,0.797107,92.639448
576.900,92.6394,300.0000,65.0000,65.0276,13907.16,0.796969,92.639448
577.000,92.6394,300.0000,65.0000,65.0276,13906.41,0.796840,92.639448
577.100,92.6394,300.0000,64.9375,65.0277,13905.71,0.796720,92.639448
577.200,92.6394,300.0000,65.0000,65.0278,13905.06,0.796608,92.639448
577.300,92.6394,300.0000,65.0000,65.0278,13904.45,0.796503,92.639448
577.400,92.6394,300.0000,65.1250,65.0279,13903.88,0.796405,92.639448
577.500,92.6394,300.0000,64.9375,65.0280,13903.35,0.796314,92.639448
577.600,92.6394,300.0000,64.9375,65.0281,13902.85,0.796229,92.639448
577.700,92.6394,300.0000,65.1250,65.0282,13902.39,0.796150,92.639448
577.800,92.6394,300.0000,65.0000,65.0283,13901.96,0.796076,92.639448
577.900,92.6394,300.0000,65.0000,65.0284,13901.56,0.796006,92.639448
578.000,92.6394,300.0000,65.0625,65.0285,13901.18,0.795942,92.639448
578.100,92.6394,300.0000,65.0000,65.0286,13900.83,0.795881,92.639448
578.200,92.6394,300.0000,64.9375,65.0287,13900.50,0.795825,92.639448
578.300,92.6394,300.0000,65.0000,65.0288,13900.20,0.795773,92.639448
578.400,92.6394,300.0000,64.9375,65.0289,13899.91,0.795724,92.639448
578.500,92.6394,300.0000,65.0625,65.0290,13899.64,0.795678,92.639448
578.600,92.6394,300.0000,65.0000,65.0291,13899.40,0.795635,92.639448
578.700,92.6394,300.0000,65.0625,65.0293,13899.16,0.795595,92.639448
578.800,92.6394,300.0000,65.1250,65.0294,13898.95,0.795558,92.639448
578.900,92.6394,300.0000,65.0625,65.0295,13898.75,0.795524,92.639448
579.000,92.9454,300.0000,65.0625,65.0296,13901.62,0.796017,92.646252
579.100,92.9454,300.0000,65.0625,65.0297,13904.30,0.796477,92.646252
579.200,92.9454,300.0000,65.0625,65.0297,13906.80,0.796907,92.646252
579.300,92.9454,300.0000,65.0625,65.0297,13909.13,0.797309,92.646252
579.400,92.9454,300.0000,65.0000,65.0298,13911.31,0.797683,92.646252
579.500,92.9454,300.0000,65.0625,65.0298,13913.35,0.798033,92.646252
579.600,92.9454,300.0000,65.0625,65.0297,13915.24,0.798360,92.646252
579.700,92.9454,300.0000,65.0000,65.0297,13917.02,0.798665,92.646252
579.800,92.9454,300.0000,65.0625,65.0297,13918.67,0.798950,92.646252
579.900,92.9454,300.0000,65.0000,65.0296,13920.21,0.799215,92.646252
580.000,92.6463,300.0000,65.0625,65.0296,13918.66,0.798948,92.646252
580.100,92.6463,300.0000,64.9375,65.0295,13917.21,0.798699,92.646252
580.200,92.6463,300.0000,65.1250,65.0295,13915.86,0.798466,92.646252
580.300,92.6463,300.0000,65.1250,65.0295,13914.60,0.798249,92.646252
580.400,92.6463,300.0000,65.0000,65.0295,13913.42,0.798046,92.646252
580.500,92.6463,300.0000,65.0000,65.0295,13912.32,0.797857,92.646252
580.600,92.6463,300.0000,65.0625,65.0295,13911.30,0.797681,92.646252
580.700,92.6463,300.0000,65.1250,65.0295,13910.34,0.797516,92.646252
580.800,92.6463,300.0000,65.1250,65.0296,13909.45,0.797362,92.646252
580.900,92.6463,300.0000,65.0625,65.0296,13908.61,0.797219,92.646252
581.000,92.9523,300.0000,65.0625,65.0296,13910.89,0.797611,92.653056
581.100,92.9523,300.0000,65.0000,65.0296,13913.02,0.797978,92.653056
581.200,92.9523,300.0000,65.1250,65.0296,13915.01,0.798320,92.653056
581.300,92.9523,300.0000,65.0625,65.0296,13916.87,0.798639,92.653056
581.400,92.9523,300.0000,65.0000,65.0295,13918.60,0.798937,92.653056
581.500,92.9523,300.0000,65.0000,65.0295,13920.21,0.799216,92.653056
581.600,92.9523,300.0000,65.0625,65.0294,13921.72,0.799475,92.653056
581.700,92.9523,300.0000,65.0000,65.0293,13923.13,0.799718,92.653056
581.800,92.9523,300.0000,65.0000,65.0292,13924.44,0.799944,92.653056
581.900,92.9523,300.0000,65.0000,65.0291,13925.67,0.800156,92.653056
582.000,92.6531,300.0000,65.0000,65.0290,13923.82,0.799837,92.653056
582.100,92.6531,300.0000,65.0625,65.0290,13922.10,0.799540,92.653056
582.200,92.6531,300.0000,64.9375,65.0289,13920.49,0.799263,92.653056
582.300,92.6531,300.0000,64.9375,65.0288,13918.99,0.799004,92.653056
582.400,92.6531,300.0000,65.0625,65.0288,13917.58,0.798763,92.653056
582.500,92.6531,300.0000,64.8750,65.0288,13916.28,0.798538,92.653056
582.600,92.6531,300.0000,64.9375,65.0288,13915.06,0.798327,92.653056
582.700,92.6531,300.0000,65.0625,65.0288,13913.92,0.798131,92.653056
582.800,92.6531,300.0000,65.0625,65.0288,13912.85,0.797948,92.653056
582.900,92.6531,300.0000,65.0000,65.0288,13911.86,0.797777,92.653056
583.000,92.6531,300.0000,65.0625,65.0288,13910.93,0.797618,92.653056
583.100,92.6531,300.0000,64.9375,65.0288,13910.07,0.797469,92.653056
583.200,92.6531,300.0000,65.0625,65.0289,13909.26,0.797330,92.653056
583.300,92.6531,300.0000,65.0625,65.0289,13908.51,0.797201,92.653056
583.400,92.6531,300.0000,65.0000,65.0289,13907.80,0.797080,92.653056
583.500,92.6531,300.0000,65.0625,65.0290,13907.15,0.796967,92.653056
583.600,92.6531,300.0000,65.0000,65.0291,13906.53,0.796862,92.653056
583.700,92.6531,300.0000,65.0000,65.0291,13905.96,0.796763,92.653056
583.800,92.6531,300.0000,65.0000,65.0292,13905.43,0.796672,92.653056
583.900,92.6531,300.0000,65.0625,65.0293,13904.93,0.796586,92.653056
584.000,92.9591,300.0000,64.9375,65.0293,13907.53,0.797032,92.659861
584.100,92.9591,300.0000,65.0625,65.0293,13909.95,0.797449,92.659861
584.200,92.9591,300.0000,65.0000,65.0293,13912.21,0.797838,92.659861
584.300,92.9591,300.0000,65.0625,65.0293,13914.32,0.798201,92.659861
584.400,92.9591,300.0000,65.0625,65.0293,13916.29,0.798540,92.659861
584.500,92.9591,300.0000,65.0625,65.0293,13918.13,0.798856,92.659861
584.600,92.9591,300.0000,64.9375,65.0292,13919.84,0.799151,92.659861
584.700,92.9591,300.0000,65.0625,65.0291,13921.44,0.799427,92.659861
584.800,92.9591,300.0000,65.0000,65.0291,13922.94,0.799685,92.659861
584.900,92.9591,300.0000,65.0000,65.0290,13924.33,0.799925,92.659861
585.000,92.6599,300.0000,65.0625,65.0289,13922.64,0.799634,92.659861
585.100,92.6599,300.0000,65.0000,65.0288,13921.06,0.799362,92.659861
585.200,92.6599,300.0000,65.0625,65.0288,13919.59,0.799108,92.659861
585.300,92.6599,300.0000,65.0000,65.0287,13918.22,0.798872,92.659861
585.400,92.6599,300.0000,65.0625,65.0287,13916.94,0.798651,92.659861
585.500,92.6599,300.0000,65.0000,65.0287,13915.74,0.798445,92.659861
585.600,92.6599,300.0000,65.0625,65.0287,13914.62,0.798253,92.659861
585.700,92.6599,300.0000,65.0625,65.0287,13913.58,0.798073,92.659861
585.800,92.6599,300.0000,65.0625,65.0287,13912.60,0.797906,92.659861
585.900,92.6599,300.0000,65.0000,65.0287,13911.70,0.797749,92.659861
586.000,92.6599,300.0000,65.0625,65.0287,13910.85,0.797604,92.659861
586.100,92.6599,300.0000,64.9375,65.0287,13910.06,0.797467,92.659861
586.200,92.6599,300.0000,65.0000,65.0288,13909.32,0.797340,92.659861
586.300,92.6599,300.0000,65.0625,65.0288,13908.63,0.797222,92.659861
586.400,92.6599,300.0000,65.0000,65.0288,13907.99,0.797111,92.659861
586.500,92.6599,300.0000,65.0000,65.0289,13907.39,0.797008,92.659861
586.600,92.6599,300.0000,64.9375,65.0290,13906.83,0.796912,92.659861
586.700,92.6599,300.0000,65.0625,65.0290,13906.30,0.796822,92.659861
586.800,92.6599,300.0000,65.0625,65.0291,13905.81,0.796738,92.659861
586.900,92.6599,300.0000,65.0625,65.0291,13905.36,0.796660,92.659861
587.000,92.9659,300.0000,65.0625,65.0292,13907.99,0.797112,92.666665
587.100,92.9659,300.0000,65.0000,65.0292,13910.45,0.797535,92.666665
587.200,92.9659,300.0000,64.9375,65.0292,13912.75,0.797930,92.666665
587.300,92.9659,300.0000,65.1250,65.0292,13914.89,0.798299,92.666665
587.400,92.9659,300.0000,65.0000,65.0292,13916.89,0.798643,92.666665
587.500,92.9659,300.0000,65.0625,65.0291,13918.75,0.798964,92.666665
587.600,92.9659,300.0000,65.0000,65.0291,13920.50,0.799264,92.666665
587.700,92.9659,300.0000,65.0625,65.0290,13922.12,0.799544,92.666665
587.800,92.9659,300.0000,65.0625,65.0289,13923.64,0.799806,92.666665
587.900,92.9659,300.0000,65.0625,65.0288,13925.05,0.800050,92.666665
588.000,92.9727,300.0000,65.0000,65.0287,13926.44,0.800289,92.673469
588.100,92.9727,300.0000,65.0000,65.0286,13927.74,0.800513,92.673469
588.200,92.9727,300.0000,65.0000,65.0284,13928.95,0.800722,92.673469
588.300,92.9727,300.0000,65.0000,65.0283,13930.08,0.800916,92.673469
588.400,92.9727,300.0000,65.0625,65.0282,13931.14,0.801098,92.673469
588.500,92.9727,300.0000,65.0000,65.0280,13932.12,0.801268,92.673469
588.600,92.9727,300.0000,65.0000,65.0278,13933.04,0.801427,92.673469
588.700,92.9727,300.0000,65.0625,65.0277,13933.90,0.801575,92.673469
588.800,92.9727,300.0000,65.0625,65.0275,13934.70,0.801713,92.673469
588.900,92.9727,300.0000,65.0000,65.0273,13935.44,0.801842,92.673469
589.000,92.6735,300.0000,65.1250,65.0272,13933.15,0.801446,92.673469
589.100,92.6735,300.0000,65.0000,65.0270,13931.01,0.801076,92.673469
589.200,92.6735,300.0000,65.1250,65.0269,13929.01,0.800731,92.673469
589.300,92.6735,300.0000,65.0625,65.0268,13927.14,0.800409,92.673469
589.400,92.6735,300.0000,65.0000,65.0267,13925.40,0.800109,92.673469
589.500,92.6735,300.0000,65.0625,65.0266,13923.78,0.799829,92.673469
589.600,92.6735,300.0000,65.0625,65.0265,13922.26,0.799568,92.673469
589.700,92.6735,300.0000,65.0000,65.0265,13920.84,0.799324,92.673469
589.800,92.6735,300.0000,65.0000,65.0264,13919.52,0.799096,92.673469
589.900,92.6735,300.0000,65.0000,65.0264,13918.29,0.798884,92.673469
590.000,92.6735,300.0000,65.0625,65.0264,13917.14,0.798686,92.673469
590.100,92.6735,300.0000,64.9375,65.0263,13916.06,0.798501,92.673469
590.200,92.6735,300.0000,64.9375,65.0263,13915.06,0.798328,92.673469
590.300,92.6735,300.0000,64.9375,65.0263,13914.12,0.798167,92.673469
590.400,92.6735,300.0000,65.0000,65.0263,13913.25,0.798017,92.673469
590.500,92.6735,300.0000,64.9375,65.0264,13912.43,0.797876,92.673469
590.600,92.6735,300.0000,65.0000,65.0264,13911.67,0.797745,92.673469
590.700,92.6735,300.0000,65.0625,65.0264,13910.96,0.797623,92.673469
590.800,92.6735,300.0000,64.9375,65.0264,13910.30,0.797509,92.673469
590.900,92.6735,300.0000,64.9375,65.0265,13909.68,0.797403,92.673469
591.000,92.3675,300.0000,65.0000,65.0265,13906.04,0.796777,92.666665
591.100,92.3675,300.0000,64.9375,65.0266,13902.65,0.796194,92.666665
591.200,92.3675,300.0000,64.9375,65.0267,13899.48,0.795650,92.666665
591.300,92.3675,300.0000,65.0625,65.0269,13896.52,0.795142,92.666665
591.400,92.3675,300.0000,65.0000,65.0271,13893.76,0.794668,92.666665
591.500,92.3675,300.0000,65.0000,65.0272,13891.19,0.794226,92.666665
591.600,92.3675,300.0000,65.1250,65.0275,13888.78,0.793814,92.666665
591.700,92.3675,300.0000,65.1250,65.0277,13886.54,0.793429,92.666665
591.800,92.3675,300.0000,65.0000,65.0279,13884.44,0.793070,92.666665
591.900,92.3675,300.0000,65.1250,65.0282,13882.49,0.792735,92.666665
592.000,93.2787,300.0000,65.0625,65.0284,13889.78,0.793984,92.680273
592.100,93.2787,300.0000,65.0625,65.0285,13896.58,0.795151,92.680273
592.200,93.2787,300.0000,65.0000,65.0286,13902.93,0.796242,92.680273
592.300,93.2787,300.0000,65.0625,65.0286,13908.85,0.797260,92.680273
592.400,93.2787,300.0000,64.9375,65.0286,13914.38,0.798211,92.680273
592.500,93.2787,300.0000,65.0625,65.0286,13919.54,0.799100,92.680273
592.600,93.2787,300.0000,65.1250,65.0285,13924.36,0.799930,92.680273
592.700,93.2787,300.0000,65.0000,65.0284,13928.86,0.800705,92.680273
592.800,93.2787,300.0000,65.0625,65.0282,13933.05,0.801429,92.680273
592.900,93.2787,300.0000,65.0000,65.0280,13936.97,0.802105,92.680273
593.000,92.6803,300.0000,65.0625,65.0278,13934.64,0.801703,92.680273
593.100,92.6803,300.0000,65.0625,65.0277,13932.47,0.801328,92.680273
593.200,92.6803,300.0000,65.0625,65.0275,13930.44,0.800978,92.680273
593.300,92.6803,300.0000,65.0000,65.0274,13928.54,0.800651,92.680273
593.400,92.6803,300.0000,65.0000,65.0273,13926.78,0.800347,92.680273
593.500,92.6803,300.0000,65.0625,65.0272,13925.13,0.800062,92.680273
593.600,92.6803,300.0000,65.0000,65.0271,13923.59,0.799797,92.680273
593.700,92.6803,300.0000,65.0625,65.0271,13922.15,0.799550,92.680273
593.800,92.6803,300.0000,65.0000,65.0270,13920.81,0.799319,92.680273
593.900,92.6803,300.0000,65.1250,65.0269,13919.56,0.799103,92.680273
594.000,93.2923,300.0000,65.0625,65.0269,13924.51,0.799956,92.693882
594.100,93.2923,300.0000,65.1250,65.0267,13929.13,0.800753,92.693882
594.200,93.2923,300.0000,64.9375,65.0266,13933.45,0.801497,92.693882
594.300,93.2923,300.0000,65.0625,65.0264,13937.47,0.802192,92.693882
594.400,93.2923,300.0000,65.0625,65.0261,13941.23,0.802841,92.693882
594.500,93.2923,300.0000,65.0625,65.0259,13944.74,0.803447,92.693882
594.600,93.2923,300.0000,65.0625,65.0256,13948.01,0.804013,92.693882
594.700,93.2923,300.0000,65.0625,65.0253,13951.07,0.804542,92.693882
594.800,93.2923,300.0000,65.0625,65.0250,13953.92,0.805035,92.693882
594.900,93.2923,300.0000,65.0625,65.0246,13956.58,0.805496,92.693882
595.000,92.9999,300.0000,65.0000,65.0243,13956.14,0.805420,92.700686
595.100,92.9999,300.0000,65.0625,65.0239,13955.73,0.805349,92.700686
595.200,92.9999,300.0000,65.0625,65.0236,13955.35,0.805282,92.700686
595.300,92.9999,300.0000,65.0625,65.0233,13954.99,0.805220,92.700686
595.400,92.9999,300.0000,65.0625,65.0229,13954.66,0.805163,92.700686
595.500,92.9999,300.0000,64.9375,65.0226,13954.34,0.805109,92.700686
595.600,92.9999,300.0000,65.0000,65.0223,13954.05,0.805058,92.700686
595.700,92.9999,300.0000,65.0625,65.0220,13953.78,0.805011,92.700686
595.800,92.9999,300.0000,65.0625,65.0216,13953.53,0.804968,92.700686
595.900,92.9999,300.0000,65.0000,65.0213,13953.29,0.804927,92.700686
596.000,92.7007,300.0000,65.0000,65.0210,13950.08,0.804371,92.700686
596.100,92.7007,300.0000,65.0625,65.0208,13947.08,0.803852,92.700686
596.200,92.7007,300.0000,65.0625,65.0205,13944.28,0.803368,92.700686
596.300,92.7007,300.0000,65.0625,65.0203,13941.67,0.802917,92.700686
596.400,92.7007,300.0000,65.0625,65.0201,13939.23,0.802496,92.700686
596.500,92.7007,300.0000,65.0000,65.0199,13936.96,0.802103,92.700686
596.600,92.7007,300.0000,65.0000,65.0198,13934.83,0.801736,92.700686
596.700,92.7007,300.0000,65.0000,65.0196,13932.85,0.801394,92.700686
596.800,92.7007,300.0000,64.9375,65.0195,13931.00,0.801075,92.700686
596.900,92.7007,300.0000,65.0625,65.0194,13929.28,0.800777,92.700686
597.000,93.0067,300.0000,65.0000,65.0193,13930.72,0.801027,92.707490
597.100,93.0067,300.0000,65.0000,65.0191,13932.08,0.801260,92.707490
597.200,93.0067,300.0000,65.1250,65.0190,13933.34,0.801478,92.707490
597.300,93.0067,300.0000,65.0625,65.0189,13934.52,0.801681,92.707490
597.400,93.0067,300.0000,65.0000,65.0187,13935.61,0.801871,92.707490
597.500,93.0067,300.0000,65.0625,65.0185,13936.64,0.802048,92.707490
597.600,93.0067,300.0000,65.0625,65.0183,13937.60,0.802214,92.707490
597.700,93.0067,300.0000,65.1250,65.0182,13938.49,0.802368,92.707490
597.800,93.0067,300.0000,65.0000,65.0180,13939.33,0.802512,92.707490
597.900,93.0067,300.0000,65.0000,65.0178,13940.10,0.802646,92.707490
598.000,92.7075,300.0000,65.0625,65.0176,13937.84,0.802255,92.707490
598.100,92.7075,300.0000,65.1250,65.0174,13935.72,0.801890,92.707490
598.200,92.7075,300.0000,65.0000,65.0173,13933.75,0.801550,92.707490
598.300,92.7075,300.0000,65.0000,65.0171,13931.91,0.801232,92.707490
598.400,92.7075,300.0000,65.1250,65.0170,13930.19,0.800935,92.707490
598.500,92.7075,300.0000,65.0000,65.0169,13928.59,0.800658,92.707490
598.600,92.7075,300.0000,64.8750,65.0168,13927.09,0.800400,92.707490
598.700,92.7075,300.0000,65.0625,65.0168,13925.69,0.800159,92.707490
598.800,92.7075,300.0000,64.9375,65.0167,13924.39,0.799934,92.707490
598.900,92.7075,300.0000,65.0000,65.0167,13923.17,0.799725,92.707490
599.000,92.7075,300.0000,65.1250,65.0166,13922.03,0.799529,92.707490
599.100,92.7075,300.0000,65.0000,65.0166,13920.97,0.799346,92.707490
599.200,92.7075,300.0000,65.1250,65.0165,13919.98,0.799176,92.707490
599.300,92.7075,300.0000,65.0000,65.0165,13919.06,0.799016,92.707490
599.400,92.7075,300.0000,65.0000,65.0165,13918.20,0.798868,92.707490
599.500,92.7075,300.0000,65.1250,65.0165,13917.39,0.798729,92.707490
599.600,92.7075,300.0000,65.0625,65.0165,13916.64,0.798600,92.707490
599.700,92.7075,300.0000,65.0000,65.0165,13915.94,0.798479,92.707490
599.800,92.7075,300.0000,65.0000,65.0165,13915.28,0.798367,92.707490
599.900,92.7075,300.0000,65.0625,65.0165,13914.67,0.798262,92.707490
600.000,93.0135,300.0000,65.0000,65.0165,13917.16,0.798690,92.714294
600.100,93.0135,300.0000,65.0625,65.0165,13919.49,0.799090,92.714294
600.200,93.0135,300.0000,65.0625,65.0165,13921.66,0.799464,92.714294
600.300,93.0135,300.0000,65.1250,65.0164,13923.68,0.799813,92.714294
600.400,93.0135,300.0000,65.0000,65.0163,13925.57,0.800139,92.714294
600.500,93.0135,300.0000,65.0625,65.0162,13927.33,0.800443,92.714294
600.600,93.0135,300.0000,65.1250,65.0161,13928.98,0.800726,92.714294
600.700,93.0135,300.0000,64.9375,65.0160,13930.52,0.800991,92.714294
600.800,93.0135,300.0000,65.0625,65.0159,13931.95,0.801239,92.714294
600.900,93.0135,300.0000,65.0000,65.0158,13933.29,0.801470,92.714294
601.000,92.7143,300.0000,65.0000,65.0156,13931.55,0.801169,92.714294
601.100,92.7143,300.0000,65.0625,65.0155,13929.92,0.800888,92.714294
601.200,92.7143,300.0000,65.0000,65.0154,13928.40,0.800626,92.714294
601.300,92.7143,300.0000,65.0625,65.0154,13926.98,0.800382,92.714294
601.400,92.7143,300.0000,65.0000,65.0153,13925.66,0.800154,92.714294
601.500,92.7143,300.0000,65.0000,65.0152,13924.43,0.799941,92.714294
601.600,92.7143,300.0000,65.0000,65.0152,13923.27,0.799743,92.714294
601.700,92.7143,300.0000,65.0625,65.0151,13922.20,0.799558,92.714294
601.800,92.7143,300.0000,65.0000,65.0151,13921.20,0.799385,92.714294
601.900,92.7143,300.0000,65.0000,65.0151,13920.26,0.799223,92.714294
602.000,92.7143,300.0000,65.0625,65.0150,13919.38,0.799073,92.714294
602.100,92.7143,300.0000,65.0000,65.0150,13918.57,0.798932,92.714294
602.200,92.7143,300.0000,65.0000,65.0150,13917.81,0.798801,92.714294
602.300,92.7143,300.0000,65.0000,65.0150,13917.10,0.798679,92.714294
602.400,92.7143,300.0000,65.0000,65.0150,13916.43,0.798564,92.714294
602.500,92.7143,300.0000,65.0000,65.0150,13915.81,0.798458,92.714294
602.600,92.7143,300.0000,65.0000,65.0151,13915.24,0.798358,92.714294
602.700,92.7143,300.0000,65.0000,65.0151,13914.70,0.798266,92.714294
602.800,92.7143,300.0000,65.0625,65.0151,13914.19,0.798179,92.714294
602.900,92.7143,300.0000,65.0000,65.0151,13913.72,0.798098,92.714294
603.000,92.7143,300.0000,65.0625,65.0152,13913.28,0.798023,92.714294
603.100,92.7143,300.0000,65.0000,65.0152,13912.87,0.797952,92.714294
603.200,92.7143,300.0000,65.0000,65.0152,13912.49,0.797886,92.714294
603.300,92.7143,300.0000,65.0625,65.0153,13912.14,0.797825,92.714294
603.400,92.7143,300.0000,65.0000,65.0153,13911.80,0.797768,92.714294
603.500,92.7143,300.0000,65.0625,65.0154,13911.49,0.797714,92.714294
603.600,92.7143,300.0000,64.9375,65.0154,13911.20,0.797664,92.714294
603.700,92.7143,300.0000,65.0625,65.0154,13910.93,0.797618,92.714294
603.800,92.7143,300.0000,65.0000,65.0155,13910.68,0.797575,92.714294
603.900,92.7143,300.0000,65.0625,65.0156,13910.44,0.797534,92.714294
604.000,93.0203,300.0000,65.0625,65.0156,13913.28,0.798023,92.721099
604.100,93.0203,300.0000,65.0000,65.0156,13915.93,0.798479,92.721099
604.200,93.0203,300.0000,65.0625,65.0156,13918.41,0.798905,92.721099
604.300,93.0203,300.0000,65.0625,65.0155,13920.72,0.799302,92.721099
604.400,93.0203,300.0000,64.9375,65.0155,13922.87,0.799674,92.721099
604.500,93.0203,300.0000,65.0000,65.0154,13924.88,0.800020,92.721099
604.600,93.0203,300.0000,65.0625,65.0153,13926.76,0.800344,92.721099
604.700,93.0203,300.0000,65.0000,65.0153,13928.51,0.800646,92.721099
604.800,93.0203,300.0000,65.0625,65.0151,13930.15,0.800928,92.721099
604.900,93.0203,300.0000,65.0625,65.0150,13931.68,0.801191,92.721099
605.000,93.0271,300.0000,65.0000,65.0149,13933.17,0.801449,92.727903
605.100,93.0271,300.0000,65.0625,65.0147,13934.56,0.801689,92.727903
605.200,93.0271,300.0000,65.0000,65.0146,13935.86,0.801914,92.727903
605.300,93.0271,300.0000,65.0000,65.0144,13937.07,0.802123,92.727903
605.400,93.0271,300.0000,65.0625,65.0142,13938.21,0.802319,92.727903
605.500,93.0271,300.0000,65.0625,65.0141,13939.26,0.802501,92.727903
605.600,93.0271,300.0000,64.9375,65.0139,13940.25,0.802672,92.727903
605.700,93.0271,300.0000,65.0000,65.0137,13941.17,0.802831,92.727903
605.800,93.0271,300.0000,65.0625,65.0135,13942.03,0.802979,92.727903
605.900,93.0271,300.0000,65.0625,65.0133,13942.83,0.803118,92.727903
606.000,93.0339,300.0000,65.0625,65.0130,13943.65,0.803259,92.734707
606.100,93.0339,300.0000,65.0000,65.0128,13944.41,0.803391,92.734707
606.200,93.0339,300.0000,64.9375,65.0126,13945.12,0.803514,92.734707
606.300,93.0339,300.0000,64.9375,65.0124,13945.79,0.803629,92.734707
606.400,93.0339,300.0000,65.0625,65.0121,13946.41,0.803736,92.734707
606.500,93.0339,300.0000,65.0000,65.0119,13946.99,0.803836,92.734707
606.600,93.0339,300.0000,64.9375,65.0116,13947.53,0.803929,92.734707
606.700,93.0339,300.0000,64.9375,65.0114,13948.03,0.804016,92.734707
606.800,93.0339,300.0000,65.0000,65.0111,13948.50,0.804098,92.734707
606.900,93.0339,300.0000,65.0625,65.0109,13948.94,0.804174,92.734707
607.000,93.0407,300.0000,65.0000,65.0106,13949.42,0.804256,92.741511
607.100,93.0407,300.0000,65.0625,65.0103,13949.86,0.804333,92.741511
607.200,93.0407,300.0000,65.0625,65.0101,13950.28,0.804405,92.741511
607.300,93.0407,300.0000,65.0625,65.0098,13950.67,0.804473,92.741511
607.400,93.0407,300.0000,65.0625,65.0095,13951.03,0.804535,92.741511
607.500,93.0407,300.0000,65.0000,65.0093,13951.37,0.804594,92.741511
607.600,93.0407,300.0000,65.1250,65.0090,13951.68,0.804648,92.741511
607.700,93.0407,300.0000,65.0000,65.0087,13951.98,0.804699,92.741511
607.800,93.0407,300.0000,65.0625,65.0084,13952.25,0.804747,92.741511
607.900,93.0407,300.0000,65.0000,65.0082,13952.51,0.804791,92.741511
608.000,92.7415,300.0000,65.0000,65.0079,13949.76,0.804315,92.741511
608.100,92.7415,300.0000,64.9375,65.0077,13947.19,0.803871,92.741511
608.200,92.7415,300.0000,65.0625,65.0075,13944.79,0.803457,92.741511
608.300,92.7415,300.0000,65.0625,65.0073,13942.55,0.803070,92.741511
608.400,92.7415,300.0000,65.0000,65.0071,13940.47,0.802709,92.741511
608.500,92.7415,300.0000,65.0000,65.0069,13938.52,0.802372,92.741511
608.600,92.7415,300.0000,65.0000,65.0068,13936.70,0.802058,92.741511
608.700,92.7415,300.0000,65.0000,65.0066,13935.00,0.801765,92.741511
608.800,92.7415,300.0000,64.9375,65.0065,13933.41,0.801491,92.741511
608.900,92.7415,300.0000,65.0000,65.0064,13931.94,0.801236,92.741511
609.000,92.7415,300.0000,65.0625,65.0063,13930.55,0.800998,92.741511
609.100,92.7415,300.0000,64.9375,65.0062,13929.27,0.800776,92.741511
609.200,92.7415,300.0000,64.9375,65.0062,13928.06,0.800568,92.741511
609.300,92.7415,300.0000,64.9375,65.0061,13926.94,0.800375,92.741511
609.400,92.7415,300.0000,64.9375,65.0061,13925.89,0.800194,92.741511
609.500,92.7415,300.0000,65.0000,65.0060,13924.92,0.800026,92.741511
609.600,92.7415,300.0000,65.0625,65.0060,13924.00,0.799868,92.741511
609.700,92.7415,300.0000,64.9375,65.0059,13923.15,0.799722,92.741511
609.800,92.7415,300.0000,65.0000,65.0059,13922.36,0.799585,92.741511
609.900,92.7415,300.0000,65.0000,65.0059,13921.61,0.799457,92.741511
610.000,92.7415,300.0000,65.0625,65.0059,13920.92,0.799338,92.741511
610.100,92.7415,300.0000,65.0000,65.0059,13920.28,0.799226,92.741511
610.200,92.7415,300.0000,65.0000,65.0059,13919.67,0.799122,92.741511
610.300,92.7415,300.0000,65.0000,65.0059,13919.11,0.799025,92.741511
610.400,92.7415,300.0000,65.0000,65.0059,13918.58,0.798935,92.741511
610.500,92.7415,300.0000,64.9375,65.0059,13918.09,0.798850,92.741511
610.600,92.7415,300.0000,65.0625,65.0059,13917.64,0.798772,92.741511
610.700,92.7415,300.0000,64.9375,65.0059,13917.21,0.798698,92.741511
610.800,92.7415,300.0000,64.9375,65.0060,13916.81,0.798629,92.741511
610.900,92.7415,300.0000,65.1250,65.0060,13916.44,0.798565,92.741511
611.000,93.3535,300.0000,65.0000,65.0060,13922.21,0.799559,92.755120
611.100,93.3535,300.0000,65.0000,65.0059,13927.60,0.800488,92.755120
611.200,93.3535,300.0000,65.1250,65.0058,13932.63,0.801355,92.755120
611.300,93.3535,300.0000,65.0000,65.0056,13937.32,0.802166,92.755120
611.400,93.3535,300.0000,65.0625,65.0055,13941.70,0.802922,92.755120
611.500,93.3535,300.0000,65.0000,65.0052,13945.79,0.803629,92.755120
611.600,93.3535,300.0000,65.0625,65.0050,13949.60,0.804289,92.755120
611.700,93.3535,300.0000,65.0000,65.0047,13953.17,0.804905,92.755120
611.800,93.3535,300.0000,64.8750,65.0044,13956.49,0.805480,92.755120
611.900,93.3535,300.0000,65.0625,65.0041,13959.59,0.806017,92.755120
612.000,93.0611,300.0000,64.9375,65.0037,13959.56,0.806013,92.761924
612.100,93.0611,300.0000,65.0625,65.0034,13959.54,0.806008,92.761924
612.200,93.0611,300.0000,65.0625,65.0031,13959.51,0.806004,92.761924
612.300,93.0611,300.0000,65.0000,65.0028,13959.49,0.806000,92.761924
612.400,93.0611,300.0000,65.0000,65.0024,13959.47,0.805996,92.761924
612.500,93.0611,300.0000,65.0625,65.0021,13959.45,0.805992,92.761924
612.600,93.0611,300.0000,65.0000,65.0018,13959.43,0.805989,92.761924
612.700,93.0611,300.0000,65.0000,65.0015,13959.41,0.805986,92.761924
612.800,93.0611,300.0000,64.9375,65.0011,13959.40,0.805983,92.761924
612.900,93.0611,300.0000,64.9375,65.0008,13959.38,0.805981,92.761924
613.000,92.4559,300.0000,64.9375,65.0006,13953.31,0.804931,92.755120
613.100,92.4559,300.0000,65.1250,65.0003,13947.65,0.803951,92.755120
613.200,92.4559,300.0000,64.9375,65.0002,13942.37,0.803038,92.755120
613.300,92.4559,300.0000,64.9375,65.0000,13937.44,0.802186,92.755120
613.400,92.4559,300.0000,64.9375,64.9999,13932.83,0.801391,92.755120
613.500,92.4559,300.0000,65.0625,64.9999,13928.54,0.800650,92.755120
613.600,92.4559,300.0000,65.0625,64.9998,13924.53,0.799959,92.755120
613.700,92.4559,300.0000,65.1250,64.9998,13920.78,0.799314,92.755120
613.800,92.4559,300.0000,65.0000,64.9999,13917.29,0.798712,92.755120
613.900,92.4559,300.0000,65.0000,64.9999,13914.03,0.798151,92.755120
614.000,92.7551,300.0000,65.0000,65.0000,13913.98,0.798142,92.755120
614.100,92.7551,300.0000,65.0000,65.0000,13913.93,0.798134,92.755120
614.200,92.7551,300.0000,64.8750,65.0001,13913.89,0.798127,92.755120
614.300,92.7551,300.0000,65.0625,65.0002,13913.85,0.798119,92.755120
614.400,92.7551,300.0000,65.0000,65.0002,13913.81,0.798113,92.755120
614.500,92.7551,300.0000,65.0000,65.0003,13913.77,0.798107,92.755120
614.600,92.7551,300.0000,64.9375,65.0003,13913.74,0.798101,92.755120
614.700,92.7551,300.0000,64.9375,65.0004,13913.71,0.798095,92.755120
614.800,92.7551,300.0000,65.0000,65.0005,13913.68,0.798090,92.755120
614.900,92.7551,300.0000,64.9375,65.0005,13913.65,0.798086,92.755120
615.000,92.4491,300.0000,65.0000,65.0006,13910.57,0.797555,92.748315
615.100,92.4491,300.0000,64.9375,65.0007,13907.69,0.797060,92.748315
615.200,92.4491,300.0000,64.9375,65.0008,13905.00,0.796598,92.748315
615.300,92.4491,300.0000,65.0625,65.0010,13902.49,0.796167,92.748315
615.400,92.4491,300.0000,65.0000,65.0012,13900.15,0.795764,92.748315
615.500,92.4491,300.0000,65.0000,65.0014,13897.96,0.795389,92.748315
615.600,92.4491,300.0000,65.0000,65.0016,13895.92,0.795039,92.748315
615.700,92.4491,300.0000,65.0000,65.0018,13894.02,0.794712,92.748315
615.800,92.4491,300.0000,65.0000,65.0020,13892.24,0.794407,92.748315
615.900,92.4491,300.0000,65.0000,65.0023,13890.58,0.794123,92.748315
616.000,92.7483,300.0000,65.0000,65.0025,13892.03,0.794371,92.748315
616.100,92.7483,300.0000,65.0625,65.0027,13893.38,0.794602,92.748315
616.200,92.7483,300.0000,65.0000,65.0029,13894.63,0.794818,92.748315
616.300,92.7483,300.0000,64.9375,65.0031,13895.81,0.795019,92.748315
616.400,92.7483,300.0000,65.0000,65.0033,13896.90,0.795207,92.748315
616.500,92.7483,300.0000,65.1250,65.0035,13897.93,0.795383,92.748315
616.600,92.7483,300.0000,64.8750,65.0037,13898.88,0.795547,92.748315
616.700,92.7483,300.0000,65.0625,65.0039,13899.77,0.795700,92.748315
616.800,92.7483,300.0000,65.0000,65.0040,13900.60,0.795843,92.748315
616.900,92.7483,300.0000,64.9375,65.0042,13901.38,0.795976,92.748315
617.000,92.4423,300.0000,65.0000,65.0044,13899.05,0.795575,92.741511
617.100,92.4423,300.0000,65.0625,65.0045,13896.87,0.795201,92.741511
617.200,92.4423,300.0000,65.0625,65.0048,13894.83,0.794852,92.741511
617.300,92.4423,300.0000,65.0000,65.0050,13892.93,0.794526,92.741511
617.400,92.4423,300.0000,65.0000,65.0052,13891.16,0.794222,92.741511
617.500,92.4423,300.0000,64.9375,65.0055,13889.51,0.793938,92.741511
617.600,92.4423,300.0000,64.9375,65.0057,13887.96,0.793673,92.741511
617.700,92.4423,300.0000,65.0000,65.0060,13886.52,0.793426,92.741511
617.800,92.4423,300.0000,65.0625,65.0063,13885.18,0.793196,92.741511
617.900,92.4423,300.0000,64.8750,65.0066,13883.92,0.792981,92.741511
618.000,92.1295,300.0000,64.9375,65.0069,13879.62,0.792244,92.727903
618.100,92.1295,300.0000,65.0625,65.0073,13875.61,0.791557,92.727903
618.200,92.1295,300.0000,65.0000,65.0077,13871.86,0.790916,92.727903
618.300,92.1295,300.0000,64.9375,65.0081,13868.37,0.790319,92.727903
618.400,92.1295,300.0000,65.0000,65.0085,13865.10,0.789761,92.727903
618.500,92.1295,300.0000,65.0000,65.0090,13862.06,0.789241,92.727903
618.600,92.1295,300.0000,65.0625,65.0095,13859.22,0.788755,92.727903
618.700,92.1295,300.0000,65.0000,65.0100,13856.56,0.788302,92.727903
618.800,92.1295,300.0000,65.0000,65.0105,13854.09,0.787880,92.727903
618.900,92.1295,300.0000,65.0625,65.0111,13851.78,0.787486,92.727903
619.000,93.0339,300.0000,65.0625,65.0116,13858.66,0.788661,92.734707
619.100,93.0339,300.0000,65.0000,65.0120,13865.09,0.789759,92.734707
619.200,93.0339,300.0000,64.9375,65.0124,13871.09,0.790785,92.734707
619.300,93.0339,300.0000,65.0000,65.0128,13876.69,0.791743,92.734707
619.400,93.0339,300.0000,65.0000,65.0131,13881.92,0.792638,92.734707
619.500,93.0339,300.0000,64.9375,65.0133,13886.80,0.793473,92.734707
619.600,93.0339,300.0000,65.0625,65.0135,13891.35,0.794254,92.734707
619.700,93.0339,300.0000,65.0000,65.0137,13895.60,0.794983,92.734707
619.800,93.0339,300.0000,64.9375,65.0139,13899.56,0.795664,92.734707
619.900,93.0339,300.0000,65.0625,65.0140,13903.26,0.796300,92.734707
620.000,93.0407,300.0000,65.0625,65.0141,13906.79,0.796905,92.741511
620.100,93.0407,300.0000,65.0000,65.0141,13910.08,0.797471,92.741511
620.200,93.0407,300.0000,65.0000,65.0141,13913.14,0.797999,92.741511
620.300,93.0407,300.0000,65.0000,65.0142,13916.01,0.798491,92.741511
620.400,93.0407,300.0000,65.0625,65.0141,13918.68,0.798952,92.741511
620.500,93.0407,300.0000,65.0000,65.0141,13921.18,0.799381,92.741511
620.600,93.0407,300.0000,65.0000,65.0141,13923.51,0.799783,92.741511
620.700,93.0407,300.0000,65.0000,65.0140,13925.68,0.800157,92.741511
620.800,93.0407,300.0000,65.0625,65.0139,13927.71,0.800507,92.741511
620.900,93.0407,300.0000,65.0000,65.0138,13929.60,0.800833,92.741511
621.000,92.7415,300.0000,65.0000,65.0137,13928.38,0.800622,92.741511
621.100,92.7415,300.0000,65.0000,65.0136,13927.23,0.800425,92.741511
621.200,92.7415,300.0000,64.9375,65.0136,13926.17,0.800241,92.741511
621.300,92.7415,300.0000,65.0625,65.0135,13925.17,0.800069,92.741511
621.400,92.7415,300.0000,64.9375,65.0134,13924.24,0.799909,92.741511
621.500,92.7415,300.0000,65.0625,65.0134,13923.37,0.799760,92.741511
621.600,92.7415,300.0000,65.0000,65.0133,13922.56,0.799620,92.741511
621.700,92.7415,300.0000,64.9375,65.0133,13921.81,0.799490,92.741511
621.800,92.7415,300.0000,65.0625,65.0133,13921.10,0.799368,92.741511
621.900,92.7415,300.0000,64.9375,65.0133,13920.44,0.799255,92.741511
622.000,92.4355,300.0000,65.0625,65.0133,13916.77,0.798622,92.734707
622.100,92.4355,300.0000,65.0000,65.0133,13913.34,0.798032,92.734707
622.200,92.4355,300.0000,65.0000,65.0134,13910.14,0.797481,92.734707
622.300,92.4355,300.0000,65.0000,65.0134,13907.15,0.796968,92.734707
622.400,92.4355,300.0000,65.0000,65.0136,13904.36,0.796488,92.734707
622.500,92.4355,300.0000,65.0000,65.0137,13901.76,0.796041,92.734707
622.600,92.4355,300.0000,64.9375,65.0138,13899.33,0.795624,92.734707
622.700,92.4355,300.0000,65.0625,65.0140,13897.06,0.795235,92.734707
622.800,92.4355,300.0000,65.0625,65.0142,13894.95,0.794872,92.734707
622.900,92.4355,300.0000,65.0000,65.0144,13892.97,0.794533,92.734707
623.000,92.7347,300.0000,65.0625,65.0146,13894.12,0.794730,92.734707
623.100,92.7347,300.0000,65.0625,65.0148,13895.19,0.794914,92.734707
623.200,92.7347,300.0000,65.0000,65.0149,13896.20,0.795086,92.734707
623.300,92.7347,300.0000,65.0625,65.0151,13897.13,0.795246,92.734707
623.400,92.7347,300.0000,65.0000,65.0153,13898.00,0.795396,92.734707
623.500,92.7347,300.0000,65.0625,65.0154,13898.82,0.795535,92.734707
623.600,92.7347,300.0000,65.0625,65.0156,13899.57,0.795666,92.734707
623.700,92.7347,300.0000,64.8750,65.0157,13900.28,0.795788,92.734707
623.800,92.7347,300.0000,65.0625,65.0158,13900.94,0.795901,92.734707
623.900,92.7347,300.0000,65.0000,65.0159,13901.56,0.796007,92.734707
624.000,92.7347,300.0000,65.0000,65.0161,13902.14,0.796106,92.734707
624.100,92.7347,300.0000,65.0000,65.0162,13902.68,0.796199,92.734707
624.200,92.7347,300.0000,65.0625,65.0163,13903.18,0.796285,92.734707
624.300,92.7347,300.0000,65.0625,65.0164,13903.65,0.796365,92.734707
624.400,92.7347,300.0000,65.0000,65.0165,13904.08,0.796441,92.734707
624.500,92.7347,300.0000,65.0625,65.0166,13904.49,0.796511,92.734707
624.600,92.7347,300.0000,64.9375,65.0167,13904.87,0.796576,92.734707
624.700,92.7347,300.0000,64.9375,65.0168,13905.23,0.796637,92.734707
624.800,92.7347,300.0000,65.1250,65.0169,13905.56,0.796694,92.734707
624.900,92.7347,300.0000,65.0000,65.0170,13905.87,0.796748,92.734707
625.000,92.7347,300.0000,65.0000,65.0171,13906.16,0.796797,92.734707
625.100,92.7347,300.0000,64.9375,65.0172,13906.43,0.796844,92.734707
625.200,92.7347,300.0000,65.0625,65.0172,13906.68,0.796887,92.734707
625.300,92.7347,300.0000,64.9375,65.0173,13906.92,0.796927,92.734707
625.400,92.7347,300.0000,65.0000,65.0174,13907.14,0.796965,92.734707
625.500,92.7347,300.0000,65.0000,65.0175,13907.34,0.797000,92.734707
625.600,92.7347,300.0000,65.0625,65.0175,13907.53,0.797033,92.734707
625.700,92.7347,300.0000,65.0625,65.0176,13907.71,0.797064,92.734707
625.800,92.7347,300.0000,64.9375,65.0177,13907.88,0.797092,92.734707
625.900,92.7347,300.0000,64.9375,65.0177,13908.03,0.797119,92.734707
626.000,92.4287,300.0000,65.0000,65.0178,13905.12,0.796618,92.727903
626.100,92.4287,300.0000,64.9375,65.0180,13902.40,0.796150,92.727903
626.200,92.4287,300.0000,65.0625,65.0181,13899.86,0.795714,92.727903
626.300,92.4287,300.0000,64.9375,65.0182,13897.49,0.795307,92.727903
626.400,92.4287,300.0000,65.0000,65.0184,13895.27,0.794928,92.727903
626.500,92.4287,300.0000,64.9375,65.0186,13893.21,0.794573,92.727903
626.600,92.4287,300.0000,65.1250,65.0188,13891.28,0.794243,92.727903
626.700,92.4287,300.0000,65.0000,65.0190,13889.48,0.793934,92.727903
626.800,92.4287,300.0000,65.0000,65.0193,13887.81,0.793647,92.727903
626.900,92.4287,300.0000,65.0000,65.0195,13886.24,0.793378,92.727903
627.000,92.7279,300.0000,65.0000,65.0197,13887.77,0.793640,92.727903
627.100,92.7279,300.0000,64.9375,65.0200,13889.20,0.793885,92.727903
627.200,92.7279,300.0000,65.0000,65.0202,13890.53,0.794114,92.727903
627.300,92.7279,300.0000,64.9375,65.0204,13891.77,0.794327,92.727903
627.400,92.7279,300.0000,65.0000,65.0206,13892.93,0.794526,92.727903
627.500,92.7279,300.0000,65.0000,65.0207,13894.02,0.794712,92.727903
627.600,92.7279,300.0000,65.0625,65.0209,13895.03,0.794885,92.727903
627.700,92.7279,300.0000,65.0625,65.0211,13895.97,0.795047,92.727903
627.800,92.7279,300.0000,64.9375,65.0212,13896.85,0.795199,92.727903
627.900,92.7279,300.0000,65.0000,65.0214,13897.68,0.795340,92.727903
628.000,92.7279,300.0000,65.0000,65.0215,13898.44,0.795472,92.727903
628.100,92.7279,300.0000,65.0000,65.0216,13899.16,0.795595,92.727903
628.200,92.7279,300.0000,65.0625,65.0218,13899.83,0.795709,92.727903
628.300,92.7279,300.0000,65.0000,65.0219,13900.45,0.795816,92.727903
628.400,92.7279,300.0000,65.1250,65.0220,13901.03,0.795916,92.727903
628.500,92.7279,300.0000,65.1250,65.0221,13901.58,0.796010,92.727903
628.600,92.7279,300.0000,65.0000,65.0222,13902.08,0.796097,92.727903
628.700,92.7279,300.0000,65.0000,65.0223,13902.56,0.796178,92.727903
628.800,92.7279,300.0000,65.0625,65.0224,13903.00,0.796254,92.727903
628.900,92.7279,300.0000,65.0000,65.0225,13903.41,0.796325,92.727903
629.000,92.7279,300.0000,65.0625,65.0226,13903.80,0.796391,92.727903
629.100,92.7279,300.0000,64.9375,65.0227,13904.16,0.796453,92.727903
629.200,92.7279,300.0000,65.0625,65.0228,13904.49,0.796511,92.727903
629.300,92.7279,300.0000,65.0625,65.0229,13904.80,0.796564,92.727903
629.400,92.7279,300.0000,65.0625,65.0230,13905.10,0.796615,92.727903
629.500,92.7279,300.0000,65.0625,65.0231,13905.37,0.796661,92.727903
629.600,92.7279,300.0000,65.0000,65.0231,13905.62,0.796705,92.727903
629.700,92.7279,300.0000,65.0000,65.0232,13905.86,0.796746,92.727903
629.800,92.7279,300.0000,65.0000,65.0233,13906.08,0.796784,92.727903
629.900,92.7279,300.0000,65.0000,65.0233,13906.29,0.796820,92.727903
630.000,92.7279,300.0000,64.9375,65.0234,13906.48,0.796853,92.727903
630.100,92.7279,300.0000,65.0000,65.0235,13906.66,0.796884,92.727903
630.200,92.7279,300.0000,65.0000,65.0235,13906.83,0.796913,92.727903
630.300,92.7279,300.0000,65.0000,65.0236,13906.99,0.796940,92.727903
630.400,92.7279,300.0000,65.0625,65.0237,13907.13,0.796965,92.727903
630.500,92.7279,300.0000,65.0000,65.0237,13907.27,0.796988,92.727903
630.600,92.7279,300.0000,65.0000,65.0238,13907.40,0.797010,92.727903
630.700,92.7279,300.0000,65.0625,65.0239,13907.52,0.797031,92.727903
630.800,92.7279,300.0000,65.0000,65.0239,13907.63,0.797050,92.727903
630.900,92.7279,300.0000,65.0625,65.0240,13907.73,0.797068,92.727903
631.000,93.0339,300.0000,65.0000,65.0240,13910.89,0.797611,92.734707
631.100,93.0339,300.0000,65.0625,65.0240,13913.84,0.798118,92.734707
631.200,93.0339,300.0000,65.0000,65.0240,13916.59,0.798591,92.734707
631.300,93.0339,300.0000,65.0625,65.0240,13919.15,0.799033,92.734707
631.400,93.0339,300.0000,65.0000,65.0239,13921.55,0.799445,92.734707
631.500,93.0339,300.0000,65.0000,65.0238,13923.78,0.799831,92.734707
631.600,93.0339,300.0000,64.9375,65.0237,13925.87,0.800190,92.734707
631.700,93.0339,300.0000,65.0000,65.0236,13927.82,0.800526,92.734707
631.800,93.0339,300.0000,65.0625,65.0235,13929.64,0.800840,92.734707
631.900,93.0339,300.0000,65.0625,65.0234,13931.33,0.801132,92.734707
632.000,93.0407,300.0000,65.0000,65.0232,13932.98,0.801417,92.741511
632.100,93.0407,300.0000,64.9375,65.0230,13934.53,0.801683,92.741511
632.200,93.0407,300.0000,65.0625,65.0229,13935.96,0.801932,92.741511
632.300,93.0407,300.0000,65.0625,65.0227,13937.31,0.802163,92.741511
632.400,93.0407,300.0000,65.1250,65.0225,13938.56,0.802380,92.741511
632.500,93.0407,300.0000,65.1250,65.0223,13939.73,0.802582,92.741511
632.600,93.0407,300.0000,65.0625,65.0221,13940.82,0.802770,92.741511
632.700,93.0407,300.0000,65.0000,65.0218,13941.84,0.802946,92.741511
632.800,93.0407,300.0000,65.1250,65.0216,13942.79,0.803111,92.741511
632.900,93.0407,300.0000,65.0000,65.0214,13943.68,0.803264,92.741511
633.000,92.7415,300.0000,65.0625,65.0212,13941.52,0.802890,92.741511
633.100,92.7415,300.0000,65.0625,65.0210,13939.50,0.802541,92.741511
633.200,92.7415,300.0000,65.0625,65.0208,13937.61,0.802216,92.741511
633.300,92.7415,300.0000,65.0000,65.0206,13935.85,0.801912,92.741511
633.400,92.7415,300.0000,65.0625,65.0205,13934.21,0.801629,92.741511
633.500,92.7415,300.0000,65.0625,65.0203,13932.68,0.801365,92.741511
633.600,92.7415,300.0000,65.0625,65.0202,13931.25,0.801118,92.741511
633.700,92.7415,300.0000,65.0000,65.0201,13929.91,0.800888,92.741511
633.800,92.7415,300.0000,65.0000,65.0200,13928.67,0.800673,92.741511
633.900,92.7415,300.0000,65.0000,65.0199,13927.51,0.800472,92.741511
634.000,92.7415,300.0000,65.0625,65.0198,13926.42,0.800285,92.741511
634.100,92.7415,300.0000,65.0000,65.0197,13925.41,0.800110,92.741511
634.200,92.7415,300.0000,65.0625,65.0196,13924.46,0.799947,92.741511
634.300,92.7415,300.0000,65.0625,65.0196,13923.58,0.799795,92.741511
634.400,92.7415,300.0000,65.0000,65.0195,13922.76,0.799654,92.741511
634.500,92.7415,300.0000,65.0000,65.0194,13921.99,0.799521,92.741511
634.600,92.7415,300.0000,65.0000,65.0194,13921.27,0.799398,92.741511
634.700,92.7415,300.0000,65.0000,65.0194,13920.60,0.799282,92.741511
634.800,92.7415,300.0000,65.1875,65.0193,13919.98,0.799175,92.741511
634.900,92.7415,300.0000,65.0625,65.0193,13919.39,0.799074,92.741511
635.000,93.0475,300.0000,64.9375,65.0192,13921.91,0.799507,92.748315
635.100,93.0475,300.0000,65.0000,65.0192,13924.26,0.799912,92.748315
635.200,93.0475,300.0000,65.0000,65.0191,13926.45,0.800290,92.748315
635.300,93.0475,300.0000,65.0000,65.0190,13928.49,0.800642,92.748315
635.400,93.0475,300.0000,65.0000,65.0189,13930.40,0.800972,92.748315
635.500,93.0475,300.0000,65.0000,65.0187,13932.18,0.801279,92.748315
635.600,93.0475,300.0000,64.9375,65.0186,13933.85,0.801566,92.748315
635.700,93.0475,300.0000,65.0000,65.0184,13935.40,0.801834,92.748315
635.800,93.0475,300.0000,65.0000,65.0182,13936.85,0.802084,92.748315
635.900,93.0475,300.0000,65.0000,65.0181,13938.20,0.802317,92.748315
636.000,92.7483,300.0000,65.0625,65.0179,13936.47,0.802019,92.748315
636.100,92.7483,300.0000,65.0625,65.0177,13934.85,0.801740,92.748315
636.200,92.7483,300.0000,65.0625,65.0176,13933.35,0.801480,92.748315
636.300,92.7483,300.0000,65.0000,65.0175,13931.94,0.801237,92.748315
636.400,92.7483,300.0000,65.0000,65.0174,13930.63,0.801011,92.748315
636.500,92.7483,300.0000,64.9375,65.0172,13929.40,0.800799,92.748315
636.600,92.7483,300.0000,65.0000,65.0171,13928.26,0.800602,92.748315
636.700,92.7483,300.0000,65.0000,65.0171,13927.19,0.800418,92.748315
636.800,92.7483,300.0000,65.0625,65.0170,13926.19,0.800246,92.748315
636.900,92.7483,300.0000,65.0000,65.0169,13925.26,0.800086,92.748315
637.000,92.7483,300.0000,65.0000,65.0168,13924.40,0.799936,92.748315
637.100,92.7483,300.0000,65.0000,65.0168,13923.59,0.799797,92.748315
637.200,92.7483,300.0000,65.0000,65.0167,13922.83,0.799666,92.748315
637.300,92.7483,300.0000,65.0625,65.0167,13922.13,0.799545,92.748315
637.400,92.7483,300.0000,65.0000,65.0166,13921.47,0.799431,92.748315
637.500,92.7483,300.0000,65.0625,65.0166,13920.85,0.799326,92.748315
637.600,92.7483,300.0000,65.0000,65.0166,13920.28,0.799227,92.748315
637.700,92.7483,300.0000,65.0000,65.0165,13919.74,0.799135,92.748315
637.800,92.7483,300.0000,65.0000,65.0165,13919.24,0.799048,92.748315
637.900,92.7483,300.0000,65.1250,65.0165,13918.78,0.798968,92.748315
638.000,93.3603,300.0000,65.0625,65.0164,13924.46,0.799947,92.761924
638.100,93.3603,300.0000,65.0000,65.0163,13929.77,0.800862,92.761924
638.200,93.3603,300.0000,65.0000,65.0162,13934.72,0.801717,92.761924
638.300,93.3603,300.0000,65.0000,65.0160,13939.34,0.802515,92.761924
638.400,93.3603,300.0000,65.0625,65.0158,13943.65,0.803260,92.761924
638.500,93.3603,300.0000,65.0000,65.0155,13947.68,0.803956,92.761924
638.600,93.3603,300.0000,65.0625,65.0152,13951.44,0.804606,92.761924
638.700,93.3603,300.0000,65.0625,65.0149,13954.95,0.805213,92.761924
638.800,93.3603,300.0000,65.0000,65.0146,13958.22,0.805780,92.761924
638.900,93.3603,300.0000,65.0625,65.0142,13961.27,0.806309,92.761924
639.000,93.0679,300.0000,65.0000,65.0138,13961.20,0.806296,92.768728
639.100,93.0679,300.0000,65.0625,65.0135,13961.13,0.806285,92.768728
639.200,93.0679,300.0000,65.0625,65.0131,13961.07,0.806274,92.768728
639.300,93.0679,300.0000,65.0625,65.0128,13961.01,0.806263,92.768728
639.400,93.0679,300.0000,65.0000,65.0124,13960.96,0.806254,92.768728
639.500,93.0679,300.0000,65.0625,65.0120,13960.91,0.806245,92.768728
639.600,93.0679,300.0000,65.0000,65.0117,13960.86,0.806237,92.768728
639.700,93.0679,300.0000,65.0000,65.0113,13960.81,0.806229,92.768728
639.800,93.0679,300.0000,65.0625,65.0110,13960.77,0.806222,92.768728
639.900,93.0679,300.0000,65.0625,65.0106,13960.73,0.806215,92.768728
640.000,93.0747,300.0000,65.0000,65.0103,13960.77,0.806221,92.775532
640.100,93.0747,300.0000,65.1250,65.0099,13960.79,0.806226,92.775532
640.200,93.0747,300.0000,65.0000,65.0096,13960.82,0.806230,92.775532
640.300,93.0747,300.0000,65.0000,65.0092,13960.85,0.806235,92.775532
640.400,93.0747,300.0000,64.9375,65.0089,13960.87,0.806239,92.775532
640.500,93.0747,300.0000,65.0625,65.0085,13960.89,0.806243,92.775532
640.600,93.0747,300.0000,65.0000,65.0082,13960.92,0.806247,92.775532
640.700,93.0747,300.0000,65.0000,65.0078,13960.94,0.806250,92.775532
640.800,93.0747,300.0000,65.0625,65.0075,13960.95,0.806253,92.775532
640.900,93.0747,300.0000,65.0000,65.0071,13960.97,0.806256,92.775532
641.000,92.7755,300.0000,65.0000,65.0068,13957.99,0.805741,92.775532
641.100,92.7755,300.0000,65.0000,65.0065,13955.22,0.805260,92.775532
641.200,92.7755,300.0000,65.1250,65.0062,13952.62,0.804811,92.775532
641.300,92.7755,300.0000,64.8750,65.0060,13950.20,0.804392,92.775532
641.400,92.7755,300.0000,65.0000,65.0057,13947.95,0.804002,92.775532
641.500,92.7755,300.0000,65.0000,65.0055,13945.84,0.803637,92.775532
641.600,92.7755,300.0000,65.0000,65.0053,13943.87,0.803297,92.775532
641.700,92.7755,300.0000,65.0625,65.0051,13942.04,0.802980,92.775532
641.800,92.7755,300.0000,65.0000,65.0049,13940.32,0.802684,92.775532
641.900,92.7755,300.0000,65.0000,65.0048,13938.72,0.802408,92.775532
642.000,92.7755,300.0000,65.0000,65.0046,13937.23,0.802150,92.775532
642.100,92.7755,300.0000,65.0000,65.0045,13935.84,0.801909,92.775532
642.200,92.7755,300.0000,65.1250,65.0044,13934.54,0.801685,92.775532
642.300,92.7755,300.0000,64.9375,65.0043,13933.32,0.801475,92.775532
642.400,92.7755,300.0000,65.0000,65.0042,13932.19,0.801280,92.775532
642.500,92.7755,300.0000,65.0000,65.0041,13931.13,0.801098,92.775532
642.600,92.7755,300.0000,65.0625,65.0040,13930.14,0.800927,92.775532
642.700,92.7755,300.0000,65.0000,65.0039,13929.22,0.800769,92.775532
642.800,92.7755,300.0000,65.0625,65.0038,13928.36,0.800620,92.775532
642.900,92.7755,300.0000,64.9375,65.0038,13927.56,0.800482,92.775532
643.000,92.4695,300.0000,65.0625,65.0038,13923.75,0.799825,92.768728
643.100,92.4695,300.0000,64.9375,65.0038,13920.20,0.799213,92.768728
643.200,92.4695,300.0000,65.0000,65.0038,13916.88,0.798642,92.768728
643.300,92.4695,300.0000,65.0000,65.0038,13913.78,0.798109,92.768728
643.400,92.4695,300.0000,65.0000,65.0039,13910.89,0.797611,92.768728
643.500,92.4695,300.0000,65.0000,65.0040,13908.20,0.797147,92.768728
643.600,92.4695,300.0000,65.0000,65.0041,13905.68,0.796715,92.768728
643.700,92.4695,300.0000,64.8750,65.0043,13903.33,0.796311,92.768728
643.800,92.4695,300.0000,64.9375,65.0044,13901.14,0.795934,92.768728
643.900,92.4695,300.0000,65.0000,65.0046,13899.09,0.795582,92.768728
644.000,92.7687,300.0000,65.0000,65.0048,13900.17,0.795768,92.768728
644.100,92.7687,300.0000,65.0625,65.0049,13901.18,0.795941,92.768728
644.200,92.7687,300.0000,65.0000,65.0051,13902.12,0.796103,92.768728
644.300,92.7687,300.0000,65.0625,65.0052,13903.00,0.796254,92.768728
644.400,92.7687,300.0000,64.9375,65.0053,13903.82,0.796395,92.768728
644.500,92.7687,300.0000,65.0000,65.0054,13904.59,0.796527,92.768728
644.600,92.7687,300.0000,65.0000,65.0056,13905.30,0.796650,92.768728
644.700,92.7687,300.0000,64.9375,65.0057,13905.97,0.796764,92.768728
644.800,92.7687,300.0000,65.0000,65.0058,13906.59,0.796872,92.768728
644.900,92.7687,300.0000,65.0625,65.0059,13907.17,0.796971,92.768728
645.000,93.0747,300.0000,65.0625,65.0060,13910.77,0.797591,92.775532
645.100,93.0747,300.0000,65.0625,65.0060,13914.14,0.798169,92.775532
645.200,93.0747,300.0000,65.0000,65.0060,13917.28,0.798710,92.775532
645.300,93.0747,300.0000,64.8750,65.0060,13920.20,0.799214,92.775532
645.400,93.0747,300.0000,65.0000,65.0060,13922.94,0.799685,92.775532
645.500,93.0747,300.0000,65.0000,65.0059,13925.49,0.800125,92.775532
645.600,93.0747,300.0000,65.0000,65.0059,13927.87,0.800535,92.775532
645.700,93.0747,300.0000,65.0000,65.0058,13930.09,0.800918,92.775532
645.800,93.0747,300.0000,65.0000,65.0057,13932.17,0.801276,92.775532
645.900,93.0747,300.0000,65.0000,65.0056,13934.10,0.801610,92.775532
646.000,92.7755,300.0000,65.0625,65.0054,13932.92,0.801406,92.775532
646.100,92.7755,300.0000,64.9375,65.0053,13931.81,0.801215,92.775532
646.200,92.7755,300.0000,65.0000,65.0052,13930.78,0.801037,92.775532
646.300,92.7755,300.0000,65.0000,65.0052,13929.82,0.800871,92.775532
646.400,92.7755,300.0000,65.0000,65.0051,13928.92,0.800716,92.775532
646.500,92.7755,300.0000,65.0000,65.0050,13928.08,0.800571,92.775532
646.600,92.7755,300.0000,64.9375,65.0050,13927.30,0.800436,92.775532
646.700,92.7755,300.0000,65.0000,65.0049,13926.56,0.800310,92.775532
646.800,92.7755,300.0000,65.0625,65.0048,13925.88,0.800192,92.775532
646.900,92.7755,300.0000,65.0000,65.0048,13925.25,0.800083,92.775532
647.000,92.7755,300.0000,65.1250,65.0048,13924.65,0.799980,92.775532
647.100,92.7755,300.0000,65.0625,65.0047,13924.10,0.799884,92.775532
647.200,92.7755,300.0000,65.0000,65.0047,13923.58,0.799795,92.775532
647.300,92.7755,300.0000,65.0625,65.0047,13923.10,0.799712,92.775532
647.400,92.7755,300.0000,65.0000,65.0046,13922.64,0.799634,92.775532
647.500,92.7755,300.0000,65.0625,65.0046,13922.22,0.799562,92.775532
647.600,92.7755,300.0000,64.9375,65.0046,13921.83,0.799494,92.775532
647.700,92.7755,300.0000,65.0000,65.0046,13921.46,0.799431,92.775532
647.800,92.7755,300.0000,65.0000,65.0046,13921.12,0.799372,92.775532
647.900,92.7755,300.0000,64.9375,65.0046,13920.80,0.799317,92.775532
648.000,92.4695,300.0000,65.0000,65.0046,13917.44,0.798739,92.768728
648.100,92.4695,300.0000,64.9375,65.0046,13914.31,0.798199,92.768728
648.200,92.4695,300.0000,65.0000,65.0047,13911.38,0.797696,92.768728
648.300,92.4695,300.0000,64.9375,65.0048,13908.65,0.797226,92.768728
648.400,92.4695,300.0000,64.9375,65.0049,13906.11,0.796788,92.768728
648.500,92.4695,300.0000,65.0000,65.0050,13903.73,0.796379,92.768728
648.600,92.4695,300.0000,65.0000,65.0052,13901.51,0.795998,92.768728
648.700,92.4695,300.0000,65.0625,65.0054,13899.44,0.795642,92.768728
648.800,92.4695,300.0000,65.0000,65.0055,13897.50,0.795310,92.768728
648.900,92.4695,300.0000,65.0625,65.0057,13895.70,0.795000,92.768728
649.000,93.0747,300.0000,65.0625,65.0059,13900.06,0.795750,92.775532
649.100,93.0747,300.0000,64.9375,65.0060,13904.14,0.796450,92.775532
649.200,93.0747,300.0000,65.0625,65.0061,13907.95,0.797104,92.775532
649.300,93.0747,300.0000,65.0000,65.0062,13911.50,0.797715,92.775532
649.400,93.0747,300.0000,65.0000,65.0062,13914.81,0.798285,92.775532
649.500,93.0747,300.0000,65.0625,65.0062,13917.90,0.798818,92.775532
649.600,93.0747,300.0000,64.9375,65.0062,13920.79,0.799315,92.775532
649.700,93.0747,300.0000,65.0000,65.0062,13923.49,0.799779,92.775532
649.800,93.0747,300.0000,64.9375,65.0061,13926.00,0.800213,92.775532
649.900,93.0747,300.0000,65.0000,65.0061,13928.35,0.800617,92.775532
650.000,92.7755,300.0000,65.0625,65.0060,13927.55,0.800479,92.775532
650.100,92.7755,300.0000,65.1250,65.0059,13926.80,0.800350,92.775532
650.200,92.7755,300.0000,65.0625,65.0059,13926.10,0.800230,92.775532
650.300,92.7755,300.0000,65.1250,65.0058,13925.45,0.800118,92.775532
650.400,92.7755,300.0000,65.0625,65.0058,13924.84,0.800013,92.775532
650.500,92.7755,300.0000,65.0000,65.0057,13924.27,0.799915,92.775532
650.600,92.7755,300.0000,65.0625,65.0057,13923.74,0.799824,92.775532
650.700,92.7755,300.0000,65.0625,65.0057,13923.25,0.799739,92.775532
650.800,92.7755,300.0000,65.0625,65.0057,13922.79,0.799659,92.775532
650.900,92.7755,300.0000,64.9375,65.0056,13922.36,0.799585,92.775532
651.000,92.4695,300.0000,65.0000,65.0056,13918.90,0.798989,92.768728
651.100,92.4695,300.0000,65.0000,65.0057,13915.67,0.798432,92.768728
651.200,92.4695,300.0000,64.9375,65.0057,13912.65,0.797913,92.768728
651.300,92.4695,300.0000,64.9375,65.0058,13909.83,0.797429,92.768728
651.400,92.4695,300.0000,65.0000,65.0059,13907.21,0.796977,92.768728
651.500,92.4695,300.0000,64.9375,65.0060,13904.76,0.796556,92.768728
651.600,92.4695,300.0000,65.0000,65.0062,13902.47,0.796163,92.768728
651.700,92.4695,300.0000,65.0000,65.0063,13900.33,0.795796,92.768728
651.800,92.4695,300.0000,65.0000,65.0065,13898.34,0.795454,92.768728
651.900,92.4695,300.0000,65.0000,65.0067,13896.48,0.795134,92.768728
652.000,92.7687,300.0000,64.9375,65.0069,13897.73,0.795350,92.768728
652.100,92.7687,300.0000,65.0000,65.0070,13898.90,0.795551,92.768728
652.200,92.7687,300.0000,65.0000,65.0072,13900.00,0.795739,92.768728
652.300,92.7687,300.0000,65.0000,65.0073,13901.02,0.795914,92.768728
652.400,92.7687,300.0000,65.0625,65.0075,13901.97,0.796078,92.768728
652.500,92.7687,300.0000,65.0625,65.0076,13902.86,0.796230,92.768728
652.600,92.7687,300.0000,64.8750,65.0078,13903.69,0.796373,92.768728
652.700,92.7687,300.0000,64.9375,65.0079,13904.47,0.796506,92.768728
652.800,92.7687,300.0000,65.0000,65.0080,13905.19,0.796630,92.768728
652.900,92.7687,300.0000,65.0625,65.0081,13905.86,0.796746,92.768728
653.000,93.0747,300.0000,65.0000,65.0082,13909.55,0.797381,92.775532
653.100,93.0747,300.0000,65.0000,65.0082,13913.00,0.797973,92.775532
653.200,93.0747,300.0000,64.9375,65.0082,13916.21,0.798526,92.775532
653.300,93.0747,300.0000,65.0000,65.0082,13919.21,0.799043,92.775532
653.400,93.0747,300.0000,65.0000,65.0082,13922.01,0.799525,92.775532
653.500,93.0747,300.0000,65.0000,65.0082,13924.62,0.799975,92.775532
653.600,93.0747,300.0000,65.0000,65.0081,13927.06,0.800396,92.775532
653.700,93.0747,300.0000,65.0625,65.0080,13929.34,0.800788,92.775532
653.800,93.0747,300.0000,65.0625,65.0079,13931.46,0.801155,92.775532
653.900,93.0747,300.0000,65.0625,65.0078,13933.45,0.801497,92.775532
654.000,93.0815,300.0000,65.0000,65.0076,13935.37,0.801828,92.782336
654.100,93.0815,300.0000,65.0000,65.0075,13937.16,0.802137,92.782336
654.200,93.0815,300.0000,65.0000,65.0073,13938.83,0.802426,92.782336
654.300,93.0815,300.0000,65.0000,65.0072,13940.39,0.802696,92.782336
654.400,93.0815,300.0000,65.0000,65.0070,13941.84,0.802947,92.782336
654.500,93.0815,300.0000,65.0625,65.0068,13943.20,0.803182,92.782336
654.600,93.0815,300.0000,65.0000,65.0066,13944.47,0.803401,92.782336
654.700,93.0815,300.0000,65.0625,65.0063,13945.66,0.803606,92.782336
654.800,93.0815,300.0000,65.0000,65.0061,13946.76,0.803797,92.782336
654.900,93.0815,300.0000,65.0625,65.0059,13947.79,0.803975,92.782336
655.000,93.0883,300.0000,65.0625,65.0056,13948.82,0.804153,92.789141
655.100,93.0883,300.0000,65.0625,65.0054,13949.78,0.804320,92.789141
655.200,93.0883,300.0000,65.0625,65.0051,13950.68,0.804475,92.789141
655.300,93.0883,300.0000,65.0000,65.0049,13951.52,0.804620,92.789141
655.400,93.0883,300.0000,65.0625,65.0046,13952.30,0.804755,92.789141
655.500,93.0883,300.0000,65.0625,65.0043,13953.03,0.804882,92.789141
655.600,93.0883,300.0000,65.0625,65.0040,13953.71,0.804999,92.789141
655.700,93.0883,300.0000,64.9375,65.0037,13954.35,0.805110,92.789141
655.800,93.0883,300.0000,64.9375,65.0035,13954.94,0.805212,92.789141
655.900,93.0883,300.0000,65.1250,65.0032,13955.50,0.805308,92.789141
656.000,93.4011,300.0000,65.0000,65.0028,13959.14,0.805939,92.802749
656.100,93.4011,300.0000,65.0625,65.0025,13962.54,0.806529,92.802749
656.200,93.4011,300.0000,65.0625,65.0021,13965.72,0.807079,92.802749
656.300,93.4011,300.0000,65.0000,65.0017,13968.68,0.807593,92.802749
656.400,93.4011,300.0000,65.0000,65.0013,13971.45,0.808073,92.802749
656.500,93.4011,300.0000,65.0000,65.0008,13974.03,0.808521,92.802749
656.600,93.4011,300.0000,65.0625,65.0004,13976.44,0.808939,92.802749
656.700,93.4011,300.0000,64.9375,64.9999,13978.69,0.809330,92.802749
656.800,93.4011,300.0000,64.9375,64.9994,13980.79,0.809694,92.802749
656.900,93.4011,300.0000,65.0625,64.9989,13982.75,0.810035,92.802749
657.000,93.1087,300.0000,65.0625,64.9984,13981.65,0.809844,92.809553
657.100,93.1087,300.0000,65.0625,64.9979,13980.63,0.809667,92.809553
657.200,93.1087,300.0000,64.9375,64.9974,13979.67,0.809501,92.809553
657.300,93.1087,300.0000,65.0000,64.9970,13978.78,0.809346,92.809553
657.400,93.1087,300.0000,65.0625,64.9965,13977.95,0.809202,92.809553
657.500,93.1087,300.0000,64.9375,64.9960,13977.18,0.809067,92.809553
657.600,93.1087,300.0000,65.1250,64.9956,13976.45,0.808941,92.809553
657.700,93.1087,300.0000,65.0000,64.9951,13975.77,0.808824,92.809553
657.800,93.1087,300.0000,65.0000,64.9947,13975.14,0.808714,92.809553
657.900,93.1087,300.0000,64.9375,64.9943,13974.56,0.808612,92.809553
658.000,92.5036,300.0000,65.0000,64.9939,13967.95,0.807467,92.802749
658.100,92.5036,300.0000,65.0000,64.9936,13961.79,0.806399,92.802749
658.200,92.5036,300.0000,65.0625,64.9933,13956.04,0.805403,92.802749
658.300,92.5036,300.0000,65.0000,64.9931,13950.67,0.804474,92.802749
658.400,92.5036,300.0000,65.0625,64.9929,13945.67,0.803607,92.802749
658.500,92.5036,300.0000,64.9375,64.9927,13940.99,0.802799,92.802749
658.600,92.5036,300.0000,65.0625,64.9926,13936.63,0.802046,92.802749
658.700,92.5036,300.0000,65.0625,64.9925,13932.55,0.801343,92.802749
658.800,92.5036,300.0000,65.0625,64.9925,13928.75,0.800687,92.802749
658.900,92.5036,300.0000,65.0625,64.9925,13925.20,0.800075,92.802749
659.000,93.1087,300.0000,64.8750,64.9924,13927.94,0.800548,92.809553
659.100,93.1087,300.0000,64.9375,64.9924,13930.50,0.800989,92.809553
659.200,93.1087,300.0000,65.0625,64.9923,13932.89,0.801401,92.809553
659.300,93.1087,300.0000,65.0000,64.9922,13935.12,0.801785,92.809553
659.400,93.1087,300.0000,64.9375,64.9921,13937.20,0.802144,92.809553
659.500,93.1087,300.0000,65.0000,64.9919,13939.14,0.802480,92.809553
659.600,93.1087,300.0000,65.0000,64.9918,13940.95,0.802793,92.809553
659.700,93.1087,300.0000,65.0000,64.9916,13942.64,0.803085,92.809553
659.800,93.1087,300.0000,65.0000,64.9914,13944.22,0.803357,92.809553
659.900,93.1087,300.0000,65.0625,64.9913,13945.69,0.803612,92.809553
660.000,93.1156,300.0000,65.0000,64.9911,13947.13,0.803861,92.816358
660.100,93.1156,300.0000,65.0000,64.9909,13948.48,0.804094,92.816358
660.200,93.1156,300.0000,64.9375,64.9906,13949.74,0.804312,92.816358
660.300,93.1156,300.0000,65.0625,64.9904,13950.91,0.804515,92.816358
660.400,93.1156,300.0000,65.0625,64.9902,13952.01,0.804704,92.816358
660.500,93.1156,300.0000,64.9375,64.9899,13953.03,0.804881,92.816358
660.600,93.1156,300.0000,65.0625,64.9897,13953.98,0.805046,92.816358
660.700,93.1156,300.0000,65.0000,64.9894,13954.87,0.805200,92.816358
660.800,93.1156,300.0000,65.0625,64.9892,13955.70,0.805344,92.816358
660.900,93.1156,300.0000,64.8750,64.9889,13956.48,0.805478,92.816358
661.000,92.2044,300.0000,65.0000,64.9887,13948.09,0.804027,92.802749
661.100,92.2044,300.0000,65.0000,64.9886,13940.26,0.802673,92.802749
661.200,92.2044,300.0000,65.0000,64.9885,13932.95,0.801412,92.802749
661.300,92.2044,300.0000,65.1875,64.9885,13926.13,0.800236,92.802749
661.400,92.2044,300.0000,65.0625,64.9885,13919.77,0.799139,92.802749
661.500,92.2044,300.0000,64.9375,64.9886,13913.83,0.798116,92.802749
661.600,92.2044,300.0000,65.0000,64.9887,13908.28,0.797162,92.802749
661.700,92.2044,300.0000,64.9375,64.9889,13903.11,0.796273,92.802749
661.800,92.2044,300.0000,65.0000,64.9891,13898.28,0.795443,92.802749
661.900,92.2044,300.0000,65.0625,64.9894,13893.77,0.794669,92.802749
662.000,93.1087,300.0000,64.9375,64.9896,13898.60,0.795499,92.809553
662.100,93.1087,300.0000,65.0000,64.9897,13903.12,0.796275,92.809553
662.200,93.1087,300.0000,65.0000,64.9899,13907.33,0.796999,92.809553
662.300,93.1087,300.0000,64.8750,64.9900,13911.26,0.797675,92.809553
662.400,93.1087,300.0000,65.0625,64.9901,13914.93,0.798306,92.809553
662.500,93.1087,300.0000,65.0000,64.9901,13918.36,0.798896,92.809553
662.600,93.1087,300.0000,65.0000,64.9901,13921.56,0.799447,92.809553
662.700,93.1087,300.0000,65.0000,64.9901,13924.54,0.799961,92.809553
662.800,93.1087,300.0000,65.0000,64.9901,13927.32,0.800441,92.809553
662.900,93.1087,300.0000,65.0000,64.9900,13929.92,0.800889,92.809553
663.000,92.8096,300.0000,65.0625,64.9900,13929.36,0.800792,92.809553
663.100,92.8096,300.0000,65.0000,64.9899,13928.83,0.800700,92.809553
663.200,92.8096,300.0000,65.0000,64.9899,13928.34,0.800615,92.809553
663.300,92.8096,300.0000,65.0000,64.9899,13927.88,0.800536,92.809553
663.400,92.8096,300.0000,65.0625,64.9898,13927.45,0.800462,92.809553
663.500,92.8096,300.0000,65.0625,64.9898,13927.05,0.800393,92.809553
663.600,92.8096,300.0000,65.0000,64.9898,13926.67,0.800328,92.809553
663.700,92.8096,300.0000,65.0625,64.9898,13926.32,0.800268,92.809553
663.800,92.8096,300.0000,65.0000,64.9897,13926.00,0.800212,92.809553
663.900,92.8096,300.0000,65.0000,64.9897,13925.69,0.800160,92.809553
664.000,92.8096,300.0000,65.0625,64.9897,13925.41,0.800111,92.809553
664.100,92.8096,300.0000,65.0000,64.9897,13925.14,0.800065,92.809553
664.200,92.8096,300.0000,65.0000,64.9897,13924.90,0.800022,92.809553
664.300,92.8096,300.0000,65.0000,64.9897,13924.66,0.799982,92.809553
664.400,92.8096,300.0000,64.9375,64.9897,13924.45,0.799945,92.809553
664.500,92.8096,300.0000,65.0625,64.9897,13924.25,0.799911,92.809553
664.600,92.8096,300.0000,64.9375,64.9897,13924.06,0.799878,92.809553
664.700,92.8096,300.0000,65.0000,64.9897,13923.89,0.799848,92.809553
664.800,92.8096,300.0000,65.0000,64.9897,13923.72,0.799820,92.809553
664.900,92.8096,300.0000,65.0625,64.9897,13923.57,0.799794,92.809553
665.000,93.1156,300.0000,64.9375,64.9897,13926.49,0.800297,92.816358
665.100,93.1156,300.0000,65.0000,64.9896,13929.21,0.800766,92.816358
665.200,93.1156,300.0000,65.0000,64.9895,13931.75,0.801205,92.816358
665.300,93.1156,300.0000,64.8750,64.9895,13934.12,0.801614,92.816358
665.400,93.1156,300.0000,65.0000,64.9894,13936.34,0.801996,92.816358
665.500,93.1156,300.0000,65.0000,64.9892,13938.40,0.802353,92.816358
665.600,93.1156,300.0000,65.0000,64.9891,13940.33,0.802686,92.816358
665.700,93.1156,300.0000,65.0000,64.9889,13942.13,0.802997,92.816358
665.800,93.1156,300.0000,65.0625,64.9888,13943.81,0.803287,92.816358
665.900,93.1156,300.0000,64.9375,64.9886,13945.38,0.803558,92.816358
666.000,92.5104,300.0000,65.0000,64.9885,13940.79,0.802765,92.809553
666.100,92.5104,300.0000,64.9375,64.9884,13936.51,0.802026,92.809553
666.200,92.5104,300.0000,65.0000,64.9883,13932.51,0.801336,92.809553
666.300,92.5104,300.0000,64.8750,64.9883,13928.78,0.800692,92.809553
666.400,92.5104,300.0000,65.0625,64.9882,13925.30,0.800092,92.809553
666.500,92.5104,300.0000,65.0000,64.9883,13922.05,0.799532,92.809553
666.600,92.5104,300.0000,65.0000,64.9883,13919.02,0.799009,92.809553
666.700,92.5104,300.0000,65.0625,64.9884,13916.19,0.798522,92.809553
666.800,92.5104,300.0000,65.0000,64.9885,13913.54,0.798067,92.809553
666.900,92.5104,300.0000,65.0625,64.9886,13911.08,0.797643,92.809553
667.000,93.1156,300.0000,65.0625,64.9886,13914.83,0.798288,92.816358
667.100,93.1156,300.0000,64.9375,64.9887,13918.33,0.798891,92.816358
667.200,93.1156,300.0000,65.0000,64.9887,13921.60,0.799454,92.816358
667.300,93.1156,300.0000,65.0000,64.9887,13924.64,0.799979,92.816358
667.400,93.1156,300.0000,64.9375,64.9887,13927.49,0.800470,92.816358
667.500,93.1156,300.0000,65.0625,64.9886,13930.15,0.800928,92.816358
667.600,93.1156,300.0000,65.0625,64.9886,13932.63,0.801355,92.816358
667.700,93.1156,300.0000,64.9375,64.9885,13934.94,0.801755,92.816358
667.800,93.1156,300.0000,64.8750,64.9884,13937.10,0.802127,92.816358
667.900,93.1156,300.0000,64.9375,64.9882,13939.11,0.802476,92.816358
668.000,92.5104,300.0000,65.0000,64.9881,13934.94,0.801755,92.809553
668.100,92.5104,300.0000,64.9375,64.9881,13931.05,0.801084,92.809553
668.200,92.5104,300.0000,64.9375,64.9881,13927.42,0.800457,92.809553
668.300,92.5104,300.0000,65.0000,64.9881,13924.03,0.799873,92.809553
668.400,92.5104,300.0000,65.0625,64.9881,13920.86,0.799327,92.809553
668.500,92.5104,300.0000,65.0000,64.9881,13917.91,0.798819,92.809553
668.600,92.5104,300.0000,65.0000,64.9882,13915.15,0.798344,92.809553
668.700,92.5104,300.0000,65.0000,64.9883,13912.58,0.797901,92.809553
668.800,92.5104,300.0000,65.0625,64.9884,13910.18,0.797488,92.809553
668.900,92.5104,300.0000,65.0000,64.9886,13907.94,0.797103,92.809553
669.000,92.8096,300.0000,64.8125,64.9887,13908.83,0.797257,92.809553
669.100,92.8096,300.0000,65.0625,64.9888,13909.67,0.797402,92.809553
669.200,92.8096,300.0000,65.0000,64.9889,13910.46,0.797537,92.809553
669.300,92.8096,300.0000,65.0000,64.9890,13911.19,0.797662,92.809553
669.400,92.8096,300.0000,65.0625,64.9891,13911.87,0.797780,92.809553
669.500,92.8096,300.0000,65.0000,64.9892,13912.51,0.797889,92.809553
669.600,92.8096,300.0000,65.0000,64.9893,13913.11,0.797992,92.809553
669.700,92.8096,300.0000,64.9375,64.9894,13913.66,0.798087,92.809553
669.800,92.8096,300.0000,64.9375,64.9895,13914.18,0.798177,92.809553
669.900,92.8096,300.0000,65.0000,64.9896,13914.66,0.798260,92.809553
670.000,92.8096,300.0000,65.0000,64.9896,13915.11,0.798337,92.809553
670.100,92.8096,300.0000,64.9375,64.9897,13915.53,0.798410,92.809553
670.200,92.8096,300.0000,64.9375,64.9898,13915.93,0.798478,92.809553
670.300,92.8096,300.0000,64.9375,64.9898,13916.30,0.798541,92.809553
670.400,92.8096,300.0000,65.1250,64.9899,13916.64,0.798600,92.809553
670.500,92.8096,300.0000,65.0625,64.9899,13916.96,0.798655,92.809553
670.600,92.8096,300.0000,65.0000,64.9900,13917.26,0.798706,92.809553
670.700,92.8096,300.0000,64.9375,64.9900,13917.53,0.798754,92.809553
670.800,92.8096,300.0000,65.0625,64.9901,13917.79,0.798799,92.809553
670.900,92.8096,300.0000,65.0000,64.9901,13918.04,0.798841,92.809553
671.000,92.8096,300.0000,65.0000,64.9902,13918.26,0.798880,92.809553
671.100,92.8096,300.0000,65.0000,64.9902,13918.47,0.798916,92.809553
671.200,92.8096,300.0000,65.0625,64.9903,13918.67,0.798950,92.809553
671.300,92.8096,300.0000,65.0000,64.9903,13918.86,0.798982,92.809553
671.400,92.8096,300.0000,65.0625,64.9904,13919.03,0.799011,92.809553
671.500,92.8096,300.0000,65.0625,64.9904,13919.19,0.799039,92.809553
671.600,92.8096,300.0000,64.9375,64.9904,13919.34,0.799065,92.809553
671.700,92.8096,300.0000,65.0625,64.9905,13919.48,0.799089,92.809553
671.800,92.8096,300.0000,64.9375,64.9905,13919.61,0.799111,92.809553
671.900,92.8096,300.0000,65.0000,64.9905,13919.73,0.799132,92.809553
672.000,92.8096,300.0000,65.0000,64.9906,13919.84,0.799152,92.809553
672.100,92.8096,300.0000,65.0000,64.9906,13919.95,0.799170,92.809553
672.200,92.8096,300.0000,65.0000,64.9906,13920.05,0.799187,92.809553
672.300,92.8096,300.0000,65.0625,64.9906,13920.14,0.799203,92.809553
672.400,92.8096,300.0000,64.9375,64.9907,13920.23,0.799218,92.809553
672.500,92.8096,300.0000,65.0000,64.9907,13920.31,0.799232,92.809553
672.600,92.8096,300.0000,65.0000,64.9907,13920.38,0.799245,92.809553
672.700,92.8096,300.0000,64.9375,64.9907,13920.45,0.799257,92.809553
672.800,92.8096,300.0000,65.0625,64.9908,13920.52,0.799268,92.809553
672.900,92.8096,300.0000,65.0000,64.9908,13920.58,0.799278,92.809553
673.000,92.8096,300.0000,64.9375,64.9908,13920.64,0.799288,92.809553
673.100,92.8096,300.0000,64.9375,64.9908,13920.69,0.799297,92.809553
673.200,92.8096,300.0000,64.9375,64.9909,13920.74,0.799306,92.809553
673.300,92.8096,300.0000,65.0625,64.9909,13920.78,0.799314,92.809553
673.400,92.8096,300.0000,65.0000,64.9909,13920.83,0.799321,92.809553
673.500,92.8096,300.0000,65.0000,64.9909,13920.87,0.799328,92.809553
673.600,92.8096,300.0000,64.9375,64.9910,13920.91,0.799335,92.809553
673.700,92.8096,300.0000,65.0625,64.9910,13920.94,0.799341,92.809553
673.800,92.8096,300.0000,64.8750,64.9910,13920.97,0.799346,92.809553
673.900,92.8096,300.0000,64.9375,64.9910,13921.00,0.799352,92.809553
674.000,92.5036,300.0000,65.0000,64.9911,13917.97,0.798830,92.802749
674.100,92.5036,300.0000,64.9375,64.9911,13915.14,0.798343,92.802749
674.200,92.5036,300.0000,64.9375,64.9912,13912.50,0.797888,92.802749
674.300,92.5036,300.0000,64.9375,64.9913,13910.04,0.797464,92.802749
674.400,92.5036,300.0000,64.9375,64.9915,13907.74,0.797069,92.802749
674.500,92.5036,300.0000,65.0000,64.9916,13905.59,0.796700,92.802749
674.600,92.5036,300.0000,64.9375,64.9918,13903.59,0.796355,92.802749
674.700,92.5036,300.0000,65.0000,64.9920,13901.72,0.796034,92.802749
674.800,92.5036,300.0000,65.0000,64.9921,13899.97,0.795734,92.802749
674.900,92.5036,300.0000,65.0000,64.9923,13898.34,0.795454,92.802749
675.000,92.8027,300.0000,64.9375,64.9925,13899.81,0.795707,92.802749
675.100,92.8027,300.0000,64.8750,64.9927,13901.19,0.795943,92.802749
675.200,92.8027,300.0000,65.1250,64.9929,13902.47,0.796163,92.802749
675.300,92.8027,300.0000,65.0000,64.9931,13903.66,0.796368,92.802749
675.400,92.8027,300.0000,64.9375,64.9932,13904.78,0.796560,92.802749
675.500,92.8027,300.0000,64.9375,64.9933,13905.82,0.796739,92.802749
675.600,92.8027,300.0000,64.9375,64.9935,13906.80,0.796907,92.802749
675.700,92.8027,300.0000,64.9375,64.9936,13907.70,0.797063,92.802749
675.800,92.8027,300.0000,65.0625,64.9937,13908.55,0.797208,92.802749
675.900,92.8027,300.0000,64.9375,64.9938,13909.34,0.797344,92.802749
676.000,92.4967,300.0000,65.0000,64.9940,13907.02,0.796945,92.795945
676.100,92.4967,300.0000,64.9375,64.9941,13904.85,0.796573,92.795945
676.200,92.4967,300.0000,65.0625,64.9943,13902.83,0.796225,92.795945
676.300,92.4967,300.0000,64.8750,64.9945,13900.94,0.795901,92.795945
676.400,92.4967,300.0000,65.0000,64.9946,13899.18,0.795598,92.795945
676.500,92.4967,300.0000,64.9375,64.9949,13897.54,0.795316,92.795945
676.600,92.4967,300.0000,65.0000,64.9951,13896.00,0.795052,92.795945
676.700,92.4967,300.0000,65.0000,64.9953,13894.57,0.794806,92.795945
676.800,92.4967,300.0000,64.9375,64.9955,13893.23,0.794577,92.795945
676.900,92.4967,300.0000,65.0625,64.9958,13891.98,0.794363,92.795945
677.000,93.1019,300.0000,64.9375,64.9960,13896.87,0.795202,92.802749
677.100,93.1019,300.0000,65.0625,64.9962,13901.43,0.795985,92.802749
677.200,93.1019,300.0000,64.9375,64.9963,13905.69,0.796716,92.802749
677.300,93.1019,300.0000,65.0000,64.9964,13909.66,0.797400,92.802749
677.400,93.1019,300.0000,65.0000,64.9965,13913.37,0.798038,92.802749
677.500,93.1019,300.0000,65.0000,64.9965,13916.83,0.798633,92.802749
677.600,93.1019,300.0000,65.0625,64.9965,13920.06,0.799190,92.802749
677.700,93.1019,300.0000,65.0000,64.9965,13923.08,0.799709,92.802749
677.800,93.1019,300.0000,64.9375,64.9965,13925.89,0.800194,92.802749
677.900,93.1019,300.0000,64.9375,64.9965,13928.52,0.800647,92.802749
678.000,92.4967,300.0000,65.0000,64.9964,13924.92,0.800026,92.795945
678.100,92.4967,300.0000,64.9375,64.9964,13921.56,0.799447,92.795945
678.200,92.4967,300.0000,65.0000,64.9965,13918.42,0.798907,92.795945
678.300,92.4967,300.0000,65.0000,64.9965,13915.49,0.798403,92.795945
678.400,92.4967,300.0000,65.0625,64.9966,13912.76,0.797933,92.795945
678.500,92.4967,300.0000,65.0000,64.9967,13910.21,0.797494,92.795945
678.600,92.4967,300.0000,65.0000,64.9968,13907.83,0.797085,92.795945
678.700,92.4967,300.0000,65.0625,64.9969,13905.61,0.796703,92.795945
678.800,92.4967,300.0000,65.0000,64.9971,13903.54,0.796347,92.795945
678.900,92.4967,300.0000,65.0625,64.9973,13901.60,0.796014,92.795945
679.000,93.1019,300.0000,65.0000,64.9974,13905.85,0.796744,92.802749
679.100,93.1019,300.0000,64.9375,64.9975,13909.81,0.797425,92.802749
679.200,93.1019,300.0000,65.0625,64.9976,13913.51,0.798062,92.802749
679.300,93.1019,300.0000,64.9375,64.9976,13916.96,0.798656,92.802749
679.400,93.1019,300.0000,64.9375,64.9976,13920.18,0.799211,92.802749
679.500,93.1019,300.0000,64.8750,64.9976,13923.19,0.799729,92.802749
679.600,93.1019,300.0000,64.9375,64.9976,13926.00,0.800212,92.802749
679.700,93.1019,300.0000,65.0000,64.9975,13928.62,0.800664,92.802749
679.800,93.1019,300.0000,65.0000,64.9974,13931.06,0.801086,92.802749
679.900,93.1019,300.0000,65.0000,64.9973,13933.34,0.801479,92.802749
680.000,92.8027,300.0000,65.0000,64.9972,13932.48,0.801331,92.802749
680.100,92.8027,300.0000,64.9375,64.9972,13931.68,0.801192,92.802749
680.200,92.8027,300.0000,65.0000,64.9971,13930.93,0.801062,92.802749
680.300,92.8027,300.0000,64.9375,64.9970,13930.23,0.800941,92.802749
680.400,92.8027,300.0000,65.0000,64.9970,13929.57,0.800828,92.802749
680.500,92.8027,300.0000,65.0000,64.9969,13928.96,0.800723,92.802749
680.600,92.8027,300.0000,65.0000,64.9968,13928.39,0.800625,92.802749
680.700,92.8027,300.0000,65.0000,64.9968,13927.86,0.800533,92.802749
680.800,92.8027,300.0000,65.0000,64.9967,13927.36,0.800448,92.802749
680.900,92.8027,300.0000,65.0000,64.9967,13926.90,0.800368,92.802749
681.000,92.8027,300.0000,64.9375,64.9967,13926.47,0.800293,92.802749
681.100,92.8027,300.0000,64.9375,64.9966,13926.06,0.800224,92.802749
681.200,92.8027,300.0000,65.0000,64.9966,13925.69,0.800159,92.802749
681.300,92.8027,300.0000,65.0000,64.9966,13925.33,0.800098,92.802749
681.400,92.8027,300.0000,64.9375,64.9965,13925.01,0.800041,92.802749
681.500,92.8027,300.0000,65.0000,64.9965,13924.70,0.799989,92.802749
681.600,92.8027,300.0000,64.9375,64.9965,13924.41,0.799939,92.802749
681.700,92.8027,300.0000,64.9375,64.9965,13924.15,0.799893,92.802749
681.800,92.8027,300.0000,64.9375,64.9965,13923.90,0.799850,92.802749
681.900,92.8027,300.0000,65.0000,64.9965,13923.67,0.799810,92.802749
682.000,92.8027,300.0000,64.9375,64.9964,13923.45,0.799773,92.802749
682.100,92.8027,300.0000,65.0000,64.9964,13923.25,0.799738,92.802749
682.200,92.8027,300.0000,65.0000,64.9964,13923.06,0.799706,92.802749
682.300,92.8027,300.0000,64.9375,64.9964,13922.88,0.799675,92.802749
682.400,92.8027,300.0000,65.0625,64.9964,13922.72,0.799647,92.802749
682.500,92.8027,300.0000,65.0625,64.9964,13922.56,0.799620,92.802749
682.600,92.8027,300.0000,64.8750,64.9964,13922.42,0.799596,92.802749
682.700,92.8027,300.0000,65.1250,64.9964,13922.29,0.799573,92.802749
682.800,92.8027,300.0000,64.9375,64.9964,13922.16,0.799551,92.802749
682.900,92.8027,300.0000,65.0000,64.9964,13922.04,0.799531,92.802749
683.000,92.8027,300.0000,64.9375,64.9964,13921.94,0.799512,92.802749
683.100,92.8027,300.0000,65.1250,64.9964,13921.83,0.799495,92.802749
683.200,92.8027,300.0000,65.0625,64.9964,13921.74,0.799478,92.802749
683.300,92.8027,300.0000,65.0625,64.9964,13921.65,0.799463,92.802749
683.400,92.8027,300.0000,65.0625,64.9964,13921.57,0.799449,92.802749
683.500,92.8027,300.0000,64.9375,64.9964,13921.49,0.799436,92.802749
683.600,92.8027,300.0000,65.0000,64.9964,13921.42,0.799423,92.802749
683.700,92.8027,300.0000,65.0625,64.9964,13921.35,0.799412,92.802749
683.800,92.8027,300.0000,64.9375,64.9964,13921.29,0.799401,92.802749
683.900,92.8027,300.0000,64.8750,64.9964,13921.23,0.799391,92.802749
684.000,92.1908,300.0000,65.0625,64.9965,13915.06,0.798328,92.789141
684.100,92.1908,300.0000,64.9375,64.9966,13909.29,0.797336,92.789141
684.200,92.1908,300.0000,65.0625,64.9967,13903.91,0.796412,92.789141
684.300,92.1908,300.0000,65.0000,64.9969,13898.89,0.795549,92.789141
684.400,92.1908,300.0000,65.0000,64.9972,13894.21,0.794745,92.789141
684.500,92.1908,300.0000,65.0000,64.9974,13889.84,0.793995,92.789141
684.600,92.1908,300.0000,65.0625,64.9977,13885.75,0.793295,92.789141
684.700,92.1908,300.0000,65.1250,64.9981,13881.95,0.792642,92.789141
684.800,92.1908,300.0000,65.0625,64.9984,13878.39,0.792033,92.789141
684.900,92.1908,300.0000,65.0000,64.9988,13875.07,0.791465,92.789141
685.000,92.7891,300.0000,64.9375,64.9992,13877.96,0.791959,92.789141
685.100,92.7891,300.0000,65.0625,64.9995,13880.65,0.792421,92.789141
685.200,92.7891,300.0000,64.9375,64.9998,13883.17,0.792851,92.789141
685.300,92.7891,300.0000,65.0625,65.0001,13885.51,0.793254,92.789141
685.400,92.7891,300.0000,65.1250,65.0004,13887.70,0.793629,92.789141
685.500,92.7891,300.0000,65.0000,65.0006,13889.75,0.793980,92.789141
685.600,92.7891,300.0000,65.0000,65.0009,13891.66,0.794307,92.789141
685.700,92.7891,300.0000,65.1250,65.0011,13893.44,0.794612,92.789141
685.800,92.7891,300.0000,65.0000,65.0013,13895.10,0.794898,92.789141
685.900,92.7891,300.0000,65.0000,65.0015,13896.65,0.795164,92.789141
686.000,92.7891,300.0000,65.0000,65.0017,13898.10,0.795413,92.789141
686.100,92.7891,300.0000,65.1250,65.0019,13899.45,0.795645,92.789141
686.200,92.7891,300.0000,64.9375,65.0021,13900.71,0.795861,92.789141
686.300,92.7891,300.0000,65.0000,65.0022,13901.89,0.796063,92.789141
686.400,92.7891,300.0000,65.0625,65.0024,13902.99,0.796252,92.789141
686.500,92.7891,300.0000,65.0000,65.0025,13904.01,0.796428,92.789141
686.600,92.7891,300.0000,65.0000,65.0026,13904.97,0.796593,92.789141
686.700,92.7891,300.0000,65.0625,65.0027,13905.86,0.796747,92.789141
686.800,92.7891,300.0000,65.0625,65.0029,13906.70,0.796890,92.789141
686.900,92.7891,300.0000,65.0000,65.0030,13907.48,0.797024,92.789141
687.000,92.7891,300.0000,65.0625,65.0031,13908.20,0.797149,92.789141
687.100,92.7891,300.0000,65.0000,65.0032,13908.88,0.797265,92.789141
687.200,92.7891,300.0000,65.0000,65.0032,13909.51,0.797374,92.789141
687.300,92.7891,300.0000,65.0000,65.0033,13910.10,0.797475,92.789141
687.400,92.7891,300.0000,65.0000,65.0034,13910.65,0.797570,92.789141
687.500,92.7891,300.0000,64.9375,65.0035,13911.17,0.797659,92.789141
687.600,92.7891,300.0000,65.0000,65.0035,13911.65,0.797741,92.789141
687.700,92.7891,300.0000,65.0000,65.0036,13912.10,0.797818,92.789141
687.800,92.7891,300.0000,65.0000,65.0037,13912.52,0.797890,92.789141
687.900,92.7891,300.0000,64.9375,65.0037,13912.91,0.797958,92.789141
688.000,92.4831,300.0000,64.9375,65.0038,13910.21,0.797494,92.782336
688.100,92.4831,300.0000,65.0625,65.0039,13907.69,0.797061,92.782336
688.200,92.4831,300.0000,65.0000,65.0040,13905.35,0.796657,92.782336
688.300,92.4831,300.0000,65.0000,65.0042,13903.15,0.796281,92.782336
688.400,92.4831,300.0000,64.8750,65.0043,13901.11,0.795929,92.782336
688.500,92.4831,300.0000,65.0000,65.0045,13899.20,0.795602,92.782336
688.600,92.4831,300.0000,64.9375,65.0047,13897.42,0.795296,92.782336
688.700,92.4831,300.0000,64.9375,65.0049,13895.75,0.795010,92.782336
688.800,92.4831,300.0000,64.9375,65.0051,13894.20,0.794744,92.782336
688.900,92.4831,300.0000,65.0000,65.0053,13892.75,0.794495,92.782336
689.000,92.7823,300.0000,65.0000,65.0055,13894.39,0.794776,92.782336
689.100,92.7823,300.0000,65.0000,65.0057,13895.92,0.795039,92.782336
689.200,92.7823,300.0000,65.0000,65.0059,13897.35,0.795284,92.782336
689.300,92.7823,300.0000,64.9375,65.0061,13898.69,0.795513,92.782336
689.400,92.7823,300.0000,65.0625,65.0063,13899.93,0.795727,92.782336
689.500,92.7823,300.0000,64.9375,65.0064,13901.09,0.795926,92.782336
689.600,92.7823,300.0000,64.9375,65.0065,13902.18,0.796113,92.782336
689.700,92.7823,300.0000,65.0625,65.0067,13903.19,0.796286,92.782336
689.800,92.7823,300.0000,65.0000,65.0068,13904.13,0.796449,92.782336
689.900,92.7823,300.0000,65.0000,65.0069,13905.01,0.796600,92.782336
690.000,92.7823,300.0000,65.0000,65.0070,13905.84,0.796742,92.782336
690.100,92.7823,300.0000,64.9375,65.0071,13906.60,0.796873,92.782336
690.200,92.7823,300.0000,65.0000,65.0072,13907.32,0.796997,92.782336
690.300,92.7823,300.0000,65.0625,65.0073,13907.99,0.797112,92.782336
690.400,92.7823,300.0000,65.0000,65.0074,13908.61,0.797219,92.782336
690.500,92.7823,300.0000,65.0625,65.0075,13909.19,0.797319,92.782336
690.600,92.7823,300.0000,65.1250,65.0076,13909.74,0.797413,92.782336
690.700,92.7823,300.0000,65.0000,65.0076,13910.25,0.797500,92.782336
690.800,92.7823,300.0000,65.0000,65.0077,13910.72,0.797581,92.782336
690.900,92.7823,300.0000,64.9375,65.0078,13911.16,0.797657,92.782336
691.000,92.4763,300.0000,65.1250,65.0079,13908.51,0.797202,92.775532
691.100,92.4763,300.0000,64.9375,65.0080,13906.04,0.796777,92.775532
691.200,92.4763,300.0000,65.0000,65.0081,13903.74,0.796381,92.775532
691.300,92.4763,300.0000,65.0000,65.0082,13901.58,0.796011,92.775532
691.400,92.4763,300.0000,64.9375,65.0084,13899.58,0.795666,92.775532
691.500,92.4763,300.0000,65.0625,65.0086,13897.70,0.795344,92.775532
691.600,92.4763,300.0000,64.9375,65.0088,13895.95,0.795044,92.775532
691.700,92.4763,300.0000,65.0000,65.0090,13894.32,0.794763,92.775532
691.800,92.4763,300.0000,65.0000,65.0092,13892.79,0.794502,92.775532
691.900,92.4763,300.0000,65.0625,65.0094,13891.37,0.794258,92.775532
692.000,93.0815,300.0000,65.0625,65.0096,13896.09,0.795068,92.782336
692.100,93.0815,300.0000,64.9375,65.0097,13900.50,0.795825,92.782336
692.200,93.0815,300.0000,65.1250,65.0099,13904.62,0.796532,92.782336
692.300,93.0815,300.0000,64.9375,65.0099,13908.46,0.797193,92.782336
692.400,93.0815,300.0000,65.0625,65.0100,13912.04,0.797809,92.782336
692.500,93.0815,300.0000,65.0000,65.0100,13915.39,0.798385,92.782336
692.600,93.0815,300.0000,64.9375,65.0100,13918.51,0.798923,92.782336
692.700,93.0815,300.0000,65.0000,65.0100,13921.43,0.799424,92.782336
692.800,93.0815,300.0000,65.0000,65.0099,13924.15,0.799893,92.782336
692.900,93.0815,300.0000,64.9375,65.0099,13926.69,0.800331,92.782336
693.000,92.4763,300.0000,65.0000,65.0098,13923.00,0.799696,92.775532
693.100,92.4763,300.0000,65.0000,65.0098,13919.57,0.799104,92.775532
693.200,92.4763,300.0000,64.9375,65.0098,13916.36,0.798552,92.775532
693.300,92.4763,300.0000,65.0000,65.0099,13913.36,0.798036,92.775532
693.400,92.4763,300.0000,65.0000,65.0100,13910.57,0.797556,92.775532
693.500,92.4763,300.0000,65.0625,65.0100,13907.96,0.797107,92.775532
693.600,92.4763,300.0000,65.0625,65.0101,13905.53,0.796689,92.775532
693.700,92.4763,300.0000,65.0000,65.0103,13903.26,0.796298,92.775532
693.800,92.4763,300.0000,65.0000,65.0104,13901.14,0.795934,92.775532
693.900,92.4763,300.0000,64.9375,65.0106,13899.16,0.795594,92.775532
694.000,92.4695,300.0000,65.0000,65.0107,13897.24,0.795265,92.768728
694.100,92.4695,300.0000,65.0625,65.0109,13895.45,0.794959,92.768728
694.200,92.4695,300.0000,65.0000,65.0111,13893.79,0.794672,92.768728
694.300,92.4695,300.0000,65.0625,65.0114,13892.23,0.794405,92.768728
694.400,92.4695,300.0000,64.9375,65.0116,13890.78,0.794156,92.768728
694.500,92.4695,300.0000,65.0000,65.0118,13889.42,0.793923,92.768728
694.600,92.4695,300.0000,65.0000,65.0121,13888.15,0.793706,92.768728
694.700,92.4695,300.0000,64.9375,65.0123,13886.97,0.793504,92.768728
694.800,92.4695,300.0000,65.0000,65.0126,13885.87,0.793315,92.768728
694.900,92.4695,300.0000,64.9375,65.0129,13884.84,0.793138,92.768728
695.000,92.4627,300.0000,65.0000,65.0131,13883.81,0.792962,92.761924
695.100,92.4627,300.0000,65.0000,65.0134,13882.85,0.792797,92.761924
695.200,92.4627,300.0000,65.0625,65.0137,13881.95,0.792644,92.761924
695.300,92.4627,300.0000,65.0000,65.0140,13881.12,0.792501,92.761924
695.400,92.4627,300.0000,65.0000,65.0143,13880.34,0.792367,92.761924
695.500,92.4627,300.0000,65.0000,65.0146,13879.61,0.792242,92.761924
695.600,92.4627,300.0000,64.9375,65.0150,13878.93,0.792126,92.761924
695.700,92.4627,300.0000,64.9375,65.0153,13878.29,0.792017,92.761924
695.800,92.4627,300.0000,65.0625,65.0156,13877.70,0.791916,92.761924
695.900,92.4627,300.0000,64.9375,65.0159,13877.15,0.791821,92.761924
696.000,92.4559,300.0000,65.0000,65.0163,13876.57,0.791721,92.755120
696.100,92.4559,300.0000,64.9375,65.0166,13876.02,0.791628,92.755120
696.200,92.4559,300.0000,65.0000,65.0169,13875.51,0.791541,92.755120
696.300,92.4559,300.0000,65.0000,65.0173,13875.04,0.791459,92.755120
696.400,92.4559,300.0000,65.1250,65.0176,13874.59,0.791384,92.755120
696.500,92.4559,300.0000,65.0000,65.0180,13874.18,0.791313,92.755120
696.600,92.4559,300.0000,64.9375,65.0183,13873.79,0.791247,92.755120
696.700,92.4559,300.0000,65.0000,65.0187,13873.43,0.791185,92.755120
696.800,92.4559,300.0000,65.0000,65.0190,13873.10,0.791128,92.755120
696.900,92.4559,300.0000,65.0625,65.0194,13872.78,0.791074,92.755120
697.000,93.0611,300.0000,65.0000,65.0197,13878.54,0.792059,92.761924
697.100,93.0611,300.0000,64.9375,65.0200,13883.92,0.792980,92.761924
697.200,93.0611,300.0000,65.0625,65.0202,13888.93,0.793840,92.761924
697.300,93.0611,300.0000,65.0000,65.0204,13893.62,0.794643,92.761924
697.400,93.0611,300.0000,65.0000,65.0205,13897.99,0.795393,92.761924
697.500,93.0611,300.0000,65.1250,65.0206,13902.07,0.796094,92.761924
697.600,93.0611,300.0000,65.0625,65.0207,13905.87,0.796748,92.761924
697.700,93.0611,300.0000,65.0000,65.0208,13909.42,0.797359,92.761924
697.800,93.0611,300.0000,65.0000,65.0208,13912.74,0.797929,92.761924
697.900,93.0611,300.0000,65.0625,65.0208,13915.84,0.798462,92.761924
698.000,93.0679,300.0000,65.0625,65.0208,13918.79,0.798971,92.768728
698.100,93.0679,300.0000,64.9375,65.0207,13921.55,0.799446,92.768728
698.200,93.0679,300.0000,65.0625,65.0206,13924.13,0.799890,92.768728
698.300,93.0679,300.0000,65.0000,65.0206,13926.53,0.800304,92.768728
698.400,93.0679,300.0000,65.0625,65.0204,13928.78,0.800691,92.768728
698.500,93.0679,300.0000,65.0000,65.0203,13930.87,0.801052,92.768728
698.600,93.0679,300.0000,65.0625,65.0202,13932.82,0.801390,92.768728
698.700,93.0679,300.0000,65.0000,65.0200,13934.65,0.801705,92.768728
698.800,93.0679,300.0000,65.0000,65.0198,13936.35,0.801998,92.768728
698.900,93.0679,300.0000,65.1250,65.0197,13937.94,0.802273,92.768728
699.000,93.3807,300.0000,65.0000,65.0194,13942.55,0.803069,92.782336
699.100,93.3807,300.0000,65.0000,65.0192,13946.86,0.803813,92.782336
699.200,93.3807,300.0000,65.0000,65.0189,13950.87,0.804508,92.782336
699.300,93.3807,300.0000,65.0000,65.0186,13954.62,0.805157,92.782336
699.400,93.3807,300.0000,64.9375,65.0182,13958.12,0.805763,92.782336
699.500,93.3807,300.0000,64.9375,65.0178,13961.39,0.806328,92.782336
699.600,93.3807,300.0000,65.0625,65.0174,13964.44,0.806857,92.782336
699.700,93.3807,300.0000,65.0000,65.0170,13967.28,0.807350,92.782336
699.800,93.3807,300.0000,65.0625,65.0166,13969.94,0.807810,92.782336
699.900,93.3807,300.0000,65.0625,65.0161,13972.41,0.808240,92.782336
700.000,93.0883,300.0000,65.0000,65.0157,13971.80,0.808134,92.789141
700.100,93.0883,300.0000,65.0000,65.0152,13971.23,0.808035,92.789141
700.200,93.0883,300.0000,64.9375,65.0148,13970.70,0.807943,92.789141
700.300,93.0883,300.0000,65.0000,65.0143,13970.20,0.807857,92.789141
700.400,93.0883,300.0000,65.0000,65.0139,13969.74,0.807776,92.789141
700.500,93.0883,300.0000,65.0000,65.0135,13969.31,0.807701,92.789141
700.600,93.0883,300.0000,65.0625,65.0130,13968.90,0.807631,92.789141
700.700,93.0883,300.0000,65.0000,65.0126,13968.53,0.807566,92.789141
700.800,93.0883,300.0000,65.1250,65.0122,13968.17,0.807505,92.789141
700.900,93.0883,300.0000,64.9375,65.0118,13967.85,0.807448,92.789141
701.000,92.4831,300.0000,65.0000,65.0114,13961.49,0.806346,92.782336
701.100,92.4831,300.0000,64.9375,65.0111,13955.55,0.805318,92.782336
701.200,92.4831,300.0000,65.0625,65.0108,13950.02,0.804360,92.782336
701.300,92.4831,300.0000,64.9375,65.0106,13944.85,0.803466,92.782336
701.400,92.4831,300.0000,65.0625,65.0104,13940.02,0.802632,92.782336
701.500,92.4831,300.0000,65.0000,65.0103,13935.52,0.801854,92.782336
701.600,92.4831,300.0000,65.0625,65.0102,13931.31,0.801129,92.782336
701.700,92.4831,300.0000,65.0000,65.0101,13927.39,0.800452,92.782336
701.800,92.4831,300.0000,64.9375,65.0101,13923.73,0.799821,92.782336
701.900,92.4831,300.0000,65.0000,65.0100,13920.31,0.799233,92.782336
702.000,92.7823,300.0000,65.0000,65.0100,13920.12,0.799199,92.782336
702.100,92.7823,300.0000,65.0625,65.0100,13919.93,0.799167,92.782336
702.200,92.7823,300.0000,65.0000,65.0100,13919.76,0.799137,92.782336
702.300,92.7823,300.0000,65.0625,65.0100,13919.60,0.799110,92.782336
702.400,92.7823,300.0000,65.0625,65.0100,13919.45,0.799084,92.782336
702.500,92.7823,300.0000,65.0625,65.0100,13919.31,0.799060,92.782336
702.600,92.7823,300.0000,64.9375,65.0100,13919.18,0.799037,92.782336
702.700,92.7823,300.0000,65.0000,65.0100,13919.06,0.799016,92.782336
702.800,92.7823,300.0000,64.9375,65.0100,13918.94,0.798997,92.782336
702.900,92.7823,300.0000,65.0000,65.0100,13918.84,0.798978,92.782336
703.000,92.7823,300.0000,65.0625,65.0099,13918.74,0.798961,92.782336
703.100,92.7823,300.0000,65.1250,65.0099,13918.64,0.798945,92.782336
703.200,92.7823,300.0000,64.9375,65.0099,13918.56,0.798931,92.782336
703.300,92.7823,300.0000,65.0000,65.0099,13918.48,0.798917,92.782336
703.400,92.7823,300.0000,65.0000,65.0099,13918.40,0.798904,92.782336
703.500,92.7823,300.0000,65.0625,65.0099,13918.33,0.798892,92.782336
703.600,92.7823,300.0000,65.0625,65.0099,13918.27,0.798880,92.782336
703.700,92.7823,300.0000,65.1250,65.0099,13918.21,0.798870,92.782336
703.800,92.7823,300.0000,65.0625,65.0099,13918.15,0.798860,92.782336
703.900,92.7823,300.0000,65.0625,65.0100,13918.10,0.798851,92.782336
704.000,93.0883,300.0000,65.0000,65.0099,13921.11,0.799369,92.789141
704.100,93.0883,300.0000,65.0625,65.0099,13923.92,0.799853,92.789141
704.200,93.0883,300.0000,65.0625,65.0098,13926.54,0.800305,92.789141
704.300,93.0883,300.0000,65.0000,65.0097,13928.99,0.800727,92.789141
704.400,93.0883,300.0000,64.9375,65.0096,13931.27,0.801121,92.789141
704.500,93.0883,300.0000,64.9375,65.0095,13933.40,0.801489,92.789141
704.600,93.0883,300.0000,65.0000,65.0094,13935.39,0.801833,92.789141
704.700,93.0883,300.0000,65.0625,65.0092,13937.25,0.802153,92.789141
704.800,93.0883,300.0000,65.0000,65.0090,13938.98,0.802453,92.789141
704.900,93.0883,300.0000,64.9375,65.0088,13940.60,0.802732,92.789141
705.000,92.4831,300.0000,65.0625,65.0087,13936.06,0.801948,92.782336
705.100,92.4831,300.0000,65.1250,65.0086,13931.82,0.801216,92.782336
705.200,92.4831,300.0000,64.9375,65.0085,13927.86,0.800534,92.782336
705.300,92.4831,300.0000,65.0000,65.0085,13924.17,0.799897,92.782336
705.400,92.4831,300.0000,65.0000,65.0085,13920.72,0.799303,92.782336
705.500,92.4831,300.0000,64.9375,65.0085,13917.51,0.798749,92.782336
705.600,92.4831,300.0000,64.9375,65.0085,13914.50,0.798233,92.782336
705.700,92.4831,300.0000,65.0625,65.0086,13911.70,0.797750,92.782336
705.800,92.4831,300.0000,65.0000,65.0086,13909.09,0.797301,92.782336
705.900,92.4831,300.0000,65.0000,65.0087,13906.65,0.796881,92.782336
706.000,92.7823,300.0000,64.9375,65.0088,13907.36,0.797004,92.782336
706.100,92.7823,300.0000,65.0625,65.0089,13908.03,0.797118,92.782336
706.200,92.7823,300.0000,64.8750,65.0090,13908.65,0.797225,92.782336
706.300,92.7823,300.0000,65.0000,65.0091,13909.23,0.797325,92.782336
706.400,92.7823,300.0000,65.0000,65.0092,13909.77,0.797418,92.782336
706.500,92.7823,300.0000,65.1250,65.0092,13910.27,0.797505,92.782336
706.600,92.7823,300.0000,65.0000,65.0093,13910.75,0.797586,92.782336
706.700,92.7823,300.0000,65.0625,65.0094,13911.19,0.797662,92.782336
706.800,92.7823,300.0000,65.0000,65.0094,13911.60,0.797732,92.782336
706.900,92.7823,300.0000,65.0000,65.0095,13911.98,0.797798,92.782336
707.000,92.7823,300.0000,65.1250,65.0095,13912.34,0.797860,92.782336
707.100,92.7823,300.0000,64.9375,65.0096,13912.67,0.797917,92.782336
707.200,92.7823,300.0000,65.0000,65.0096,13912.98,0.797971,92.782336
707.300,92.7823,300.0000,65.0000,65.0097,13913.28,0.798021,92.782336
707.400,92.7823,300.0000,64.9375,65.0097,13913.55,0.798068,92.782336
707.500,92.7823,300.0000,64.9375,65.0097,13913.80,0.798112,92.782336
707.600,92.7823,300.0000,65.0000,65.0098,13914.04,0.798152,92.782336
707.700,92.7823,300.0000,64.9375,65.0098,13914.26,0.798190,92.782336
707.800,92.7823,300.0000,65.1250,65.0098,13914.46,0.798226,92.782336
707.900,92.7823,300.0000,65.0000,65.0099,13914.66,0.798259,92.782336
708.000,92.7823,300.0000,65.0000,65.0099,13914.84,0.798290,92.782336
708.100,92.7823,300.0000,65.0000,65.0099,13915.00,0.798319,92.782336
708.200,92.7823,300.0000,65.1250,65.0100,13915.16,0.798346,92.782336
708.300,92.7823,300.0000,65.0000,65.0100,13915.31,0.798371,92.782336
708.400,92.7823,300.0000,65.0625,65.0100,13915.44,0.798394,92.782336
708.500,92.7823,300.0000,65.0000,65.0100,13915.57,0.798416,92.782336
708.600,92.7823,300.0000,65.0000,65.0100,13915.69,0.798436,92.782336
708.700,92.7823,300.0000,65.0000,65.0101,13915.80,0.798455,92.782336
708.800,92.7823,300.0000,64.9375,65.0101,13915.90,0.798473,92.782336
708.900,92.7823,300.0000,65.0000,65.0101,13916.00,0.798490,92.782336
709.000,92.7823,300.0000,65.1250,65.0101,13916.09,0.798505,92.782336
709.100,92.7823,300.0000,64.9375,65.0101,13916.17,0.798520,92.782336
709.200,92.7823,300.0000,64.8750,65.0102,13916.25,0.798533,92.782336
709.300,92.7823,300.0000,65.0000,65.0102,13916.33,0.798546,92.782336
709.400,92.7823,300.0000,65.0625,65.0102,13916.39,0.798558,92.782336
709.500,92.7823,300.0000,65.0625,65.0102,13916.46,0.798569,92.782336
709.600,92.7823,300.0000,65.0000,65.0102,13916.52,0.798579,92.782336
709.700,92.7823,300.0000,64.9375,65.0102,13916.57,0.798589,92.782336
709.800,92.7823,300.0000,65.0000,65.0103,13916.62,0.798597,92.782336
709.900,92.7823,300.0000,65.0625,65.0103,13916.67,0.798606,92.782336
710.000,93.0883,300.0000,64.9375,65.0103,13919.78,0.799141,92.789141
710.100,93.0883,300.0000,65.0625,65.0102,13922.68,0.799640,92.789141
710.200,93.0883,300.0000,65.0625,65.0102,13925.38,0.800106,92.789141
710.300,93.0883,300.0000,65.0625,65.0101,13927.91,0.800541,92.789141
710.400,93.0883,300.0000,65.0625,65.0100,13930.26,0.800948,92.789141
710.500,93.0883,300.0000,65.1250,65.0099,13932.46,0.801327,92.789141
710.600,93.0883,300.0000,65.0625,65.0097,13934.51,0.801681,92.789141
710.700,93.0883,300.0000,65.0000,65.0096,13936.43,0.802012,92.789141
710.800,93.0883,300.0000,65.0625,65.0094,13938.22,0.802321,92.789141
710.900,93.0883,300.0000,64.8750,65.0092,13939.89,0.802609,92.789141
711.000,92.1771,300.0000,65.0000,65.0091,13932.33,0.801305,92.775532
711.100,92.1771,300.0000,65.0000,65.0091,13925.28,0.800089,92.775532
711.200,92.1771,300.0000,65.0000,65.0091,13918.70,0.798955,92.775532
711.300,92.1771,300.0000,65.0000,65.0091,13912.56,0.797898,92.775532
711.400,92.1771,300.0000,64.9375,65.0092,13906.83,0.796912,92.775532
711.500,92.1771,300.0000,65.1250,65.0094,13901.48,0.795992,92.775532
711.600,92.1771,300.0000,65.0625,65.0095,13896.48,0.795135,92.775532
711.700,92.1771,300.0000,65.0000,65.0098,13891.82,0.794335,92.775532
711.800,92.1771,300.0000,65.0625,65.0100,13887.47,0.793589,92.775532
711.900,92.1771,300.0000,64.9375,65.0103,13883.41,0.792893,92.775532
712.000,92.4695,300.0000,65.0625,65.0106,13882.55,0.792745,92.768728
712.100,92.4695,300.0000,65.0000,65.0109,13881.74,0.792607,92.768728
712.200,92.4695,300.0000,64.9375,65.0112,13880.98,0.792478,92.768728
712.300,92.4695,300.0000,65.0000,65.0115,13880.28,0.792357,92.768728
712.400,92.4695,300.0000,64.9375,65.0119,13879.62,0.792245,92.768728
712.500,92.4695,300.0000,65.0000,65.0122,13879.01,0.792140,92.768728
712.600,92.4695,300.0000,65.0000,65.0125,13878.44,0.792042,92.768728
712.700,92.4695,300.0000,65.0000,65.0128,13877.91,0.791950,92.768728
712.800,92.4695,300.0000,65.0000,65.0132,13877.41,0.791865,92.768728
712.900,92.4695,300.0000,65.0000,65.0135,13876.94,0.791785,92.768728
713.000,92.7687,300.0000,64.9375,65.0138,13879.50,0.792223,92.768728
713.100,92.7687,300.0000,65.0000,65.0141,13881.89,0.792632,92.768728
713.200,92.7687,300.0000,64.9375,65.0144,13884.11,0.793014,92.768728
713.300,92.7687,300.0000,65.0625,65.0146,13886.19,0.793370,92.768728
713.400,92.7687,300.0000,64.9375,65.0149,13888.14,0.793703,92.768728
713.500,92.7687,300.0000,65.0625,65.0151,13889.95,0.794014,92.768728
713.600,92.7687,300.0000,65.0000,65.0153,13891.64,0.794304,92.768728
713.700,92.7687,300.0000,65.0000,65.0155,13893.22,0.794574,92.768728
713.800,92.7687,300.0000,65.0000,65.0157,13894.69,0.794827,92.768728
713.900,92.7687,300.0000,65.0000,65.0159,13896.06,0.795063,92.768728
714.000,92.7687,300.0000,65.0625,65.0160,13897.35,0.795283,92.768728
714.100,92.7687,300.0000,65.0625,65.0162,13898.54,0.795489,92.768728
714.200,92.7687,300.0000,64.9375,65.0163,13899.66,0.795681,92.768728
714.300,92.7687,300.0000,65.0000,65.0165,13900.70,0.795860,92.768728
714.400,92.7687,300.0000,65.0000,65.0166,13901.68,0.796027,92.768728
714.500,92.7687,300.0000,65.0000,65.0167,13902.59,0.796183,92.768728
714.600,92.7687,300.0000,65.0000,65.0168,13903.44,0.796329,92.768728
714.700,92.7687,300.0000,65.0000,65.0169,13904.23,0.796465,92.768728
714.800,92.7687,300.0000,65.0000,65.0170,13904.97,0.796592,92.768728
714.900,92.7687,300.0000,64.8750,65.0171,13905.66,0.796711,92.768728
715.000,92.1567,300.0000,65.0625,65.0172,13900.18,0.795770,92.755120
715.100,92.1567,300.0000,65.0000,65.0174,13895.07,0.794892,92.755120
715.200,92.1567,300.0000,64.9375,65.0176,13890.30,0.794074,92.755120
715.300,92.1567,300.0000,65.1250,65.0179,13885.84,0.793310,92.755120
715.400,92.1567,300.0000,65.0000,65.0182,13881.69,0.792598,92.755120
715.500,92.1567,300.0000,65.0000,65.0185,13877.81,0.791934,92.755120
715.600,92.1567,300.0000,64.9375,65.0188,13874.19,0.791315,92.755120
715.700,92.1567,300.0000,65.0625,65.0192,13870.81,0.790737,92.755120
715.800,92.1567,300.0000,65.0000,65.0196,13867.66,0.790197,92.755120
715.900,92.1567,300.0000,65.0000,65.0200,13864.71,0.789694,92.755120
716.000,92.7551,300.0000,65.0000,65.0204,13867.95,0.790248,92.755120
716.100,92.7551,300.0000,64.8750,65.0208,13870.97,0.790764,92.755120
716.200,92.7551,300.0000,65.0000,65.0211,13873.79,0.791246,92.755120
716.300,92.7551,300.0000,65.0000,65.0215,13876.42,0.791697,92.755120
716.400,92.7551,300.0000,65.0000,65.0218,13878.88,0.792117,92.755120
716.500,92.7551,300.0000,65.0000,65.0221,13881.17,0.792510,92.755120
716.600,92.7551,300.0000,65.0000,65.0223,13883.31,0.792876,92.755120
716.700,92.7551,300.0000,65.0625,65.0226,13885.31,0.793219,92.755120
716.800,92.7551,300.0000,65.0625,65.0228,13887.17,0.793538,92.755120
716.900,92.7551,300.0000,64.9375,65.0230,13888.91,0.793836,92.755120
717.000,92.4491,300.0000,65.0000,65.0232,13887.48,0.793590,92.748315
717.100,92.4491,300.0000,65.0000,65.0235,13886.14,0.793360,92.748315
717.200,92.4491,300.0000,65.0000,65.0237,13884.88,0.793146,92.748315
717.300,92.4491,300.0000,64.8750,65.0240,13883.72,0.792946,92.748315
717.400,92.4491,300.0000,65.0625,65.0242,13882.63,0.792759,92.748315
717.500,92.4491,300.0000,65.0625,65.0245,13881.61,0.792585,92.748315
717.600,92.4491,300.0000,64.9375,65.0248,13880.66,0.792422,92.748315
717.700,92.4491,300.0000,65.0625,65.0251,13879.77,0.792270,92.748315
717.800,92.4491,300.0000,65.0000,65.0254,13878.95,0.792129,92.748315
717.900,92.4491,300.0000,65.0625,65.0257,13878.18,0.791997,92.748315
718.000,93.0543,300.0000,65.0625,65.0259,13883.51,0.792910,92.755120
718.100,93.0543,300.0000,65.0625,65.0261,13888.48,0.793763,92.755120
718.200,93.0543,300.0000,65.0000,65.0263,13893.13,0.794559,92.755120
718.300,93.0543,300.0000,65.1250,65.0265,13897.46,0.795303,92.755120
718.400,93.0543,300.0000,65.0625,65.0266,13901.51,0.795998,92.755120
718.500,93.0543,300.0000,65.0625,65.0266,13905.28,0.796647,92.755120
718.600,93.0543,300.0000,65.1250,65.0267,13908.81,0.797253,92.755120
718.700,93.0543,300.0000,65.1250,65.0267,13912.10,0.797818,92.755120
718.800,93.0543,300.0000,65.0625,65.0267,13915.17,0.798347,92.755120
718.900,93.0543,300.0000,65.0000,65.0266,13918.03,0.798840,92.755120
719.000,92.7551,300.0000,65.0000,65.0266,13917.71,0.798785,92.755120
719.100,92.7551,300.0000,65.0625,65.0266,13917.42,0.798734,92.755120
719.200,92.7551,300.0000,64.9375,65.0266,13917.14,0.798687,92.755120
719.300,92.7551,300.0000,65.0000,65.0265,13916.88,0.798642,92.755120
719.400,92.7551,300.0000,65.0625,65.0265,13916.64,0.798601,92.755120
719.500,92.7551,300.0000,65.0000,65.0265,13916.42,0.798562,92.755120
719.600,92.7551,300.0000,64.9375,65.0265,13916.21,0.798526,92.755120
719.700,92.7551,300.0000,64.9375,65.0265,13916.01,0.798492,92.755120
719.800,92.7551,300.0000,65.0000,65.0264,13915.83,0.798460,92.755120
719.900,92.7551,300.0000,64.9375,65.0264,13915.66,0.798431,92.755120
720.000,92.4491,300.0000,65.1250,65.0264,13912.44,0.797877,92.748315
720.100,92.4491,300.0000,65.0625,65.0265,13909.43,0.797360,92.748315
720.200,92.4491,300.0000,65.0000,65.0265,13906.63,0.796878,92.748315
720.300,92.4491,300.0000,65.1250,65.0266,13904.01,0.796428,92.748315
720.400,92.4491,300.0000,64.9375,65.0267,13901.57,0.796008,92.748315
720.500,92.4491,300.0000,65.0000,65.0268,13899.29,0.795617,92.748315
720.600,92.4491,300.0000,65.0000,65.0270,13897.16,0.795251,92.748315
720.700,92.4491,300.0000,65.0000,65.0271,13895.17,0.794911,92.748315
720.800,92.4491,300.0000,65.0000,65.0273,13893.32,0.794592,92.748315
720.900,92.4491,300.0000,65.0625,65.0275,13891.59,0.794296,92.748315
721.000,93.0543,300.0000,65.0000,65.0276,13896.03,0.795057,92.755120
721.100,93.0543,300.0000,64.9375,65.0277,13900.17,0.795768,92.755120
721.200,93.0543,300.0000,65.1875,65.0278,13904.03,0.796432,92.755120
721.300,93.0543,300.0000,64.9375,65.0279,13907.64,0.797052,92.755120
721.400,93.0543,300.0000,65.0625,65.0279,13911.01,0.797631,92.755120
721.500,93.0543,300.0000,65.0625,65.0279,13914.15,0.798172,92.755120
721.600,93.0543,300.0000,65.0000,65.0279,13917.08,0.798677,92.755120
721.700,93.0543,300.0000,65.0625,65.0278,13919.82,0.799148,92.755120
721.800,93.0543,300.0000,65.0625,65.0277,13922.38,0.799588,92.755120
721.900,93.0543,300.0000,65.0625,65.0276,13924.76,0.799999,92.755120
722.000,93.0611,300.0000,65.0625,65.0275,13927.06,0.800395,92.761924
722.100,93.0611,300.0000,65.0000,65.0274,13929.20,0.800764,92.761924
722.200,93.0611,300.0000,65.0625,65.0273,13931.19,0.801108,92.761924
722.300,93.0611,300.0000,65.0625,65.0271,13933.06,0.801430,92.761924
722.400,93.0611,300.0000,65.0625,65.0269,13934.80,0.801731,92.761924
722.500,93.0611,300.0000,65.0000,65.0267,13936.42,0.802011,92.761924
722.600,93.0611,300.0000,65.0000,65.0265,13937.94,0.802273,92.761924
722.700,93.0611,300.0000,65.0625,65.0263,13939.36,0.802517,92.761924
722.800,93.0611,300.0000,65.0625,65.0261,13940.68,0.802745,92.761924
722.900,93.0611,300.0000,65.0625,65.0259,13941.91,0.802958,92.761924
723.000,93.0679,300.0000,65.1250,65.0256,13943.13,0.803169,92.768728
723.100,93.0679,300.0000,65.0000,65.0254,13944.27,0.803365,92.768728
723.200,93.0679,300.0000,65.0625,65.0251,13945.33,0.803549,92.768728
723.300,93.0679,300.0000,65.0000,65.0249,13946.32,0.803720,92.768728
723.400,93.0679,300.0000,65.0000,65.0246,13947.24,0.803880,92.768728
723.500,93.0679,300.0000,65.0625,65.0243,13948.11,0.804029,92.768728
723.600,93.0679,300.0000,65.0000,65.0240,13948.91,0.804169,92.768728
723.700,93.0679,300.0000,65.0625,65.0237,13949.66,0.804299,92.768728
723.800,93.0679,300.0000,65.0000,65.0234,13950.36,0.804420,92.768728
723.900,93.0679,300.0000,65.0000,65.0231,13951.02,0.804533,92.768728
724.000,92.7687,300.0000,65.0625,65.0229,13948.64,0.804122,92.768728
724.100,92.7687,300.0000,64.9375,65.0226,13946.42,0.803737,92.768728
724.200,92.7687,300.0000,65.0000,65.0224,13944.34,0.803379,92.768728
724.300,92.7687,300.0000,65.1250,65.0221,13942.41,0.803044,92.768728
724.400,92.7687,300.0000,65.0000,65.0219,13940.60,0.802732,92.768728
724.500,92.7687,300.0000,65.1250,65.0217,13938.91,0.802441,92.768728
724.600,92.7687,300.0000,65.1875,65.0215,13937.34,0.802169,92.768728
724.700,92.7687,300.0000,65.0000,65.0214,13935.87,0.801916,92.768728
724.800,92.7687,300.0000,65.0000,65.0212,13934.50,0.801679,92.768728
724.900,92.7687,300.0000,64.9375,65.0211,13933.22,0.801458,92.768728
725.000,92.4627,300.0000,65.0000,65.0209,13928.97,0.800724,92.761924
725.100,92.4627,300.0000,65.1250,65.0209,13925.00,0.800040,92.761924
725.200,92.4627,300.0000,65.0000,65.0208,13921.29,0.799401,92.761924
725.300,92.4627,300.0000,65.1250,65.0208,13917.83,0.798805,92.761924
725.400,92.4627,300.0000,65.0625,65.0208,13914.60,0.798250,92.761924
725.500,92.4627,300.0000,65.0000,65.0208,13911.59,0.797731,92.761924
725.600,92.4627,300.0000,65.0000,65.0209,13908.78,0.797248,92.761924
725.700,92.4627,300.0000,65.0000,65.0210,13906.15,0.796796,92.761924
725.800,92.4627,300.0000,65.0000,65.0211,13903.70,0.796375,92.761924
725.900,92.4627,300.0000,65.0000,65.0212,13901.42,0.795983,92.761924
726.000,92.7619,300.0000,65.1250,65.0213,13902.28,0.796130,92.761924
726.100,92.7619,300.0000,65.0000,65.0214,13903.08,0.796268,92.761924
726.200,92.7619,300.0000,65.0000,65.0215,13903.82,0.796396,92.761924
726.300,92.7619,300.0000,65.0625,65.0216,13904.52,0.796516,92.761924
726.400,92.7619,300.0000,65.0625,65.0217,13905.17,0.796628,92.761924
726.500,92.7619,300.0000,65.0625,65.0217,13905.78,0.796732,92.761924
726.600,92.7619,300.0000,65.0000,65.0218,13906.35,0.796830,92.761924
726.700,92.7619,300.0000,65.0000,65.0219,13906.88,0.796921,92.761924
726.800,92.7619,300.0000,65.0000,65.0219,13907.37,0.797006,92.761924
726.900,92.7619,300.0000,65.0625,65.0220,13907.83,0.797085,92.761924
727.000,93.0679,300.0000,65.0625,65.0220,13911.32,0.797685,92.768728
727.100,93.0679,300.0000,65.1250,65.0220,13914.58,0.798246,92.768728
727.200,93.0679,300.0000,65.0625,65.0220,13917.62,0.798769,92.768728
727.300,93.0679,300.0000,65.0000,65.0220,13920.46,0.799258,92.768728
727.400,93.0679,300.0000,65.0625,65.0219,13923.11,0.799714,92.768728
727.500,93.0679,300.0000,65.0625,65.0218,13925.58,0.800140,92.768728
727.600,93.0679,300.0000,65.0000,65.0217,13927.89,0.800538,92.768728
727.700,93.0679,300.0000,65.0625,65.0216,13930.04,0.800909,92.768728
727.800,93.0679,300.0000,65.0625,65.0215,13932.05,0.801256,92.768728
727.900,93.0679,300.0000,65.0625,65.0213,13933.93,0.801580,92.768728
728.000,93.0747,300.0000,64.9375,65.0211,13935.75,0.801894,92.775532
728.100,93.0747,300.0000,65.0000,65.0209,13937.44,0.802187,92.775532
728.200,93.0747,300.0000,65.1250,65.0208,13939.03,0.802460,92.775532
728.300,93.0747,300.0000,65.0000,65.0205,13940.51,0.802716,92.775532
728.400,93.0747,300.0000,65.0000,65.0203,13941.89,0.802954,92.775532
728.500,93.0747,300.0000,64.9375,65.0201,13943.17,0.803177,92.775532
728.600,93.0747,300.0000,65.0000,65.0199,13944.38,0.803385,92.775532
728.700,93.0747,300.0000,65.0000,65.0196,13945.50,0.803579,92.775532
728.800,93.0747,300.0000,65.0625,65.0194,13946.55,0.803760,92.775532
728.900,93.0747,300.0000,65.0625,65.0191,13947.52,0.803929,92.775532
729.000,93.0815,300.0000,65.0000,65.0188,13948.50,0.804098,92.782336
729.100,93.0815,300.0000,65.1250,65.0185,13949.42,0.804257,92.782336
729.200,93.0815,300.0000,65.0000,65.0183,13950.27,0.804404,92.782336
729.300,93.0815,300.0000,65.0000,65.0180,13951.07,0.804542,92.782336
729.400,93.0815,300.0000,65.0000,65.0177,13951.81,0.804671,92.782336
729.500,93.0815,300.0000,65.0625,65.0174,13952.51,0.804791,92.782336
729.600,93.0815,300.0000,65.0625,65.0171,13953.16,0.804903,92.782336
729.700,93.0815,300.0000,65.0625,65.0168,13953.76,0.805008,92.782336
729.800,93.0815,300.0000,64.9375,65.0164,13954.33,0.805106,92.782336
729.900,93.0815,300.0000,65.0625,65.0161,13954.85,0.805197,92.782336
730.000,93.0883,300.0000,65.0000,65.0158,13955.41,0.805294,92.789141
730.100,93.0883,300.0000,65.0625,65.0155,13955.94,0.805384,92.789141
730.200,93.0883,300.0000,65.0625,65.0152,13956.42,0.805469,92.789141
730.300,93.0883,300.0000,64.9375,65.0148,13956.88,0.805547,92.789141
730.400,93.0883,300.0000,65.0000,65.0145,13957.30,0.805621,92.789141
730.500,93.0883,300.0000,65.0625,65.0142,13957.70,0.805690,92.789141
730.600,93.0883,300.0000,65.0000,65.0138,13958.07,0.805754,92.789141
730.700,93.0883,300.0000,65.0625,65.0135,13958.41,0.805813,92.789141
730.800,93.0883,300.0000,64.9375,65.0131,13958.74,0.805869,92.789141
730.900,93.0883,300.0000,65.0625,65.0128,13959.04,0.805921,92.789141
731.000,93.0951,300.0000,65.0000,65.0124,13959.39,0.805982,92.795945
731.100,93.0951,300.0000,65.0625,65.0121,13959.71,0.806038,92.795945
731.200,93.0951,300.0000,65.0625,65.0117,13960.02,0.806091,92.795945
731.300,93.0951,300.0000,65.0625,65.0114,13960.30,0.806140,92.795945
731.400,93.0951,300.0000,65.0000,65.0110,13960.56,0.806186,92.795945
731.500,93.0951,300.0000,65.0000,65.0107,13960.81,0.806229,92.795945
731.600,93.0951,300.0000,64.9375,65.0103,13961.04,0.806269,92.795945
731.700,93.0951,300.0000,65.0000,65.0100,13961.26,0.806306,92.795945
731.800,93.0951,300.0000,65.0000,65.0096,13961.46,0.806341,92.795945
731.900,93.0951,300.0000,65.0625,65.0093,13961.65,0.806373,92.795945
732.000,93.1019,300.0000,65.1250,65.0089,13961.89,0.806415,92.802749
732.100,93.1019,300.0000,65.0000,65.0085,13962.12,0.806455,92.802749
732.200,93.1019,300.0000,65.0000,65.0082,13962.33,0.806491,92.802749
732.300,93.1019,300.0000,65.0000,65.0078,13962.53,0.806526,92.802749
732.400,93.1019,300.0000,65.0625,65.0074,13962.71,0.806558,92.802749
732.500,93.1019,300.0000,65.0000,65.0071,13962.88,0.806587,92.802749
732.600,93.1019,300.0000,65.0000,65.0067,13963.04,0.806615,92.802749
732.700,93.1019,300.0000,65.0000,65.0064,13963.19,0.806641,92.802749
732.800,93.1019,300.0000,65.0000,65.0060,13963.33,0.806665,92.802749
732.900,93.1019,300.0000,65.0000,65.0056,13963.46,0.806688,92.802749
733.000,92.8027,300.0000,65.0625,65.0053,13960.59,0.806191,92.802749
733.100,92.8027,300.0000,65.1250,65.0050,13957.91,0.805727,92.802749
733.200,92.8027,300.0000,65.0625,65.0047,13955.41,0.805294,92.802749
733.300,92.8027,300.0000,65.1250,65.0044,13953.08,0.804890,92.802749
733.400,92.8027,300.0000,65.0000,65.0041,13950.90,0.804513,92.802749
733.500,92.8027,300.0000,65.0000,65.0039,13948.87,0.804162,92.802749
733.600,92.8027,300.0000,65.0000,65.0037,13946.97,0.803833,92.802749
733.700,92.8027,300.0000,65.0625,65.0035,13945.20,0.803527,92.802749
733.800,92.8027,300.0000,65.0000,65.0033,13943.55,0.803242,92.802749
733.900,92.8027,300.0000,65.0625,65.0031,13942.01,0.802975,92.802749
734.000,93.1087,300.0000,65.0625,65.0029,13943.63,0.803255,92.809553
734.100,93.1087,300.0000,65.0000,65.0027,13945.14,0.803517,92.809553
734.200,93.1087,300.0000,65.0000,65.0025,13946.55,0.803761,92.809553
734.300,93.1087,300.0000,65.0000,65.0022,13947.87,0.803988,92.809553
734.400,93.1087,300.0000,65.1250,65.0020,13949.10,0.804201,92.809553
734.500,93.1087,300.0000,64.9375,65.0018,13950.25,0.804400,92.809553
734.600,93.1087,300.0000,65.1250,65.0015,13951.32,0.804585,92.809553
734.700,93.1087,300.0000,65.0000,65.0012,13952.32,0.804758,92.809553
734.800,93.1087,300.0000,65.0625,65.0010,13953.25,0.804919,92.809553
734.900,93.1087,300.0000,65.0000,65.0007,13954.12,0.805070,92.809553
735.000,92.8096,300.0000,65.0625,65.0004,13951.94,0.804693,92.809553
735.100,92.8096,300.0000,65.0000,65.0002,13949.91,0.804341,92.809553
735.200,92.8096,300.0000,65.1250,65.0000,13948.01,0.804013,92.809553
735.300,92.8096,300.0000,65.0000,64.9998,13946.24,0.803706,92.809553
735.400,92.8096,300.0000,65.0625,64.9996,13944.58,0.803420,92.809553
735.500,92.8096,300.0000,65.0625,64.9994,13943.04,0.803154,92.809553
735.600,92.8096,300.0000,64.9375,64.9992,13941.60,0.802905,92.809553
735.700,92.8096,300.0000,64.8750,64.9991,13940.26,0.802673,92.809553
735.800,92.8096,300.0000,64.9375,64.9989,13939.00,0.802456,92.809553
735.900,92.8096,300.0000,65.0000,64.9988,13937.83,0.802254,92.809553
736.000,92.8096,300.0000,65.0625,64.9986,13936.74,0.802065,92.809553
736.100,92.8096,300.0000,65.0625,64.9985,13935.72,0.801889,92.809553
736.200,92.8096,300.0000,65.0000,64.9984,13934.76,0.801724,92.809553
736.300,92.8096,300.0000,64.9375,64.9983,13933.88,0.801571,92.809553
736.400,92.8096,300.0000,65.0000,64.9982,13933.05,0.801428,92.809553
736.500,92.8096,300.0000,65.0000,64.9981,13932.27,0.801294,92.809553
736.600,92.8096,300.0000,65.0000,64.9980,13931.55,0.801170,92.809553
736.700,92.8096,300.0000,65.0000,64.9980,13930.87,0.801053,92.809553
736.800,92.8096,300.0000,64.8750,64.9979,13930.25,0.800945,92.809553
736.900,92.8096,300.0000,65.0000,64.9978,13929.66,0.800843,92.809553
737.000,92.8096,300.0000,64.8750,64.9978,13929.11,0.800749,92.809553
737.100,92.8096,300.0000,65.0000,64.9977,13928.60,0.800660,92.809553
737.200,92.8096,300.0000,65.0000,64.9977,13928.12,0.800578,92.809553
737.300,92.8096,300.0000,65.0000,64.9976,13927.67,0.800501,92.809553
737.400,92.8096,300.0000,65.0000,64.9976,13927.26,0.800430,92.809553
737.500,92.8096,300.0000,64.8750,64.9975,13926.87,0.800363,92.809553
737.600,92.8096,300.0000,65.1250,64.9975,13926.51,0.800300,92.809553
737.700,92.8096,300.0000,65.0000,64.9974,13926.17,0.800242,92.809553
737.800,92.8096,300.0000,64.9375,64.9974,13925.85,0.800187,92.809553
737.900,92.8096,300.0000,65.0000,64.9974,13925.56,0.800137,92.809553
738.000,92.8096,300.0000,65.0000,64.9973,13925.28,0.800089,92.809553
738.100,92.8096,300.0000,65.0625,64.9973,13925.03,0.800045,92.809553
738.200,92.8096,300.0000,65.0000,64.9973,13924.79,0.800004,92.809553
738.300,92.8096,300.0000,65.0000,64.9973,13924.56,0.799965,92.809553
738.400,92.8096,300.0000,65.0625,64.9972,13924.35,0.799929,92.809553
738.500,92.8096,300.0000,65.0625,64.9972,13924.16,0.799895,92.809553
738.600,92.8096,300.0000,65.0000,64.9972,13923.98,0.799864,92.809553
738.700,92.8096,300.0000,65.0000,64.9972,13923.81,0.799835,92.809553
738.800,92.8096,300.0000,65.0000,64.9972,13923.65,0.799808,92.809553
738.900,92.8096,300.0000,64.9375,64.9972,13923.50,0.799782,92.809553
739.000,92.5036,300.0000,65.0000,64.9972,13920.30,0.799231,92.802749
739.100,92.5036,300.0000,64.8750,64.9972,13917.32,0.798717,92.802749
739.200,92.5036,300.0000,65.0000,64.9973,13914.53,0.798238,92.802749
739.300,92.5036,300.0000,64.9375,64.9974,13911.93,0.797790,92.802749
739.400,92.5036,300.0000,65.0000,64.9975,13909.51,0.797373,92.802749
739.500,92.5036,300.0000,65.0000,64.9976,13907.24,0.796983,92.802749
739.600,92.5036,300.0000,65.0625,64.9977,13905.13,0.796620,92.802749
739.700,92.5036,300.0000,65.0625,64.9979,13903.16,0.796281,92.802749
739.800,92.5036,300.0000,65.0000,64.9980,13901.31,0.795965,92.802749
739.900,92.5036,300.0000,64.9375,64.9982,13899.60,0.795669,92.802749
740.000,92.4967,300.0000,65.0000,64.9984,13897.92,0.795382,92.795945
740.100,92.4967,300.0000,65.0000,64.9986,13896.36,0.795114,92.795945
740.200,92.4967,300.0000,65.0000,64.9988,13894.91,0.794864,92.795945
740.300,92.4967,300.0000,65.0625,64.9991,13893.55,0.794631,92.795945
740.400,92.4967,300.0000,65.0625,64.9993,13892.28,0.794413,92.795945
740.500,92.4967,300.0000,64.9375,64.9996,13891.09,0.794210,92.795945
740.600,92.4967,300.0000,65.0625,64.9998,13889.99,0.794021,92.795945
740.700,92.4967,300.0000,65.0000,65.0001,13888.96,0.793844,92.795945
740.800,92.4967,300.0000,65.0625,65.0004,13887.99,0.793679,92.795945
740.900,92.4967,300.0000,65.0000,65.0006,13887.09,0.793525,92.795945
741.000,92.7959,300.0000,65.1250,65.0009,13889.25,0.793894,92.795945
741.100,92.7959,300.0000,65.0000,65.0012,13891.26,0.794238,92.795945
741.200,92.7959,300.0000,65.0000,65.0014,13893.13,0.794560,92.795945
741.300,92.7959,300.0000,64.9375,65.0016,13894.88,0.794861,92.795945
741.400,92.7959,300.0000,64.9375,65.0018,13896.52,0.795141,92.795945
741.500,92.7959,300.0000,65.0000,65.0020,13898.04,0.795403,92.795945
741.600,92.7959,300.0000,65.0625,65.0022,13899.47,0.795647,92.795945
741.700,92.7959,300.0000,65.0000,65.0023,13900.79,0.795875,92.795945
741.800,92.7959,300.0000,65.0625,65.0025,13902.03,0.796088,92.795945
741.900,92.7959,300.0000,65.0000,65.0026,13903.19,0.796287,92.795945
742.000,92.7959,300.0000,65.0000,65.0027,13904.27,0.796473,92.795945
742.100,92.7959,300.0000,64.9375,65.0029,13905.28,0.796646,92.795945
742.200,92.7959,300.0000,65.0000,65.0030,13906.22,0.796808,92.795945
742.300,92.7959,300.0000,65.0000,65.0031,13907.10,0.796959,92.795945
742.400,92.7959,300.0000,64.9375,65.0032,13907.92,0.797100,92.795945
742.500,92.7959,300.0000,65.0000,65.0033,13908.68,0.797231,92.795945
742.600,92.7959,300.0000,65.0625,65.0034,13909.40,0.797354,92.795945
742.700,92.7959,300.0000,64.9375,65.0035,13910.06,0.797468,92.795945
742.800,92.7959,300.0000,65.0000,65.0035,13910.68,0.797575,92.795945
742.900,92.7959,300.0000,65.0000,65.0036,13911.27,0.797675,92.795945
743.000,92.7959,300.0000,65.0000,65.0037,13911.81,0.797768,92.795945
743.100,92.7959,300.0000,65.0000,65.0038,13912.31,0.797855,92.795945
743.200,92.7959,300.0000,65.0625,65.0038,13912.78,0.797937,92.795945
743.300,92.7959,300.0000,64.9375,65.0039,13913.23,0.798012,92.795945
743.400,92.7959,300.0000,64.9375,65.0039,13913.64,0.798083,92.795945
743.500,92.7959,300.0000,64.9375,65.0040,13914.02,0.798149,92.795945
743.600,92.7959,300.0000,65.0625,65.0040,13914.38,0.798211,92.795945
743.700,92.7959,300.0000,65.0625,65.0041,13914.71,0.798268,92.795945
743.800,92.7959,300.0000,65.0000,65.0041,13915.02,0.798322,92.795945
743.900,92.7959,300.0000,65.0000,65.0041,13915.32,0.798372,92.795945
744.000,92.7959,300.0000,64.9375,65.0042,13915.59,0.798419,92.795945
744.100,92.7959,300.0000,64.9375,65.0042,13915.84,0.798463,92.795945
744.200,92.7959,300.0000,65.0000,65.0042,13916.08,0.798503,92.795945
744.300,92.7959,300.0000,64.9375,65.0043,13916.30,0.798541,92.795945
744.400,92.7959,300.0000,65.0000,65.0043,13916.50,0.798577,92.795945
744.500,92.7959,300.0000,64.9375,65.0043,13916.70,0.798610,92.795945
744.600,92.7959,300.0000,64.9375,65.0044,13916.88,0.798641,92.795945
744.700,92.7959,300.0000,65.0000,65.0044,13917.04,0.798670,92.795945
744.800,92.7959,300.0000,65.0625,65.0044,13917.20,0.798697,92.795945
744.900,92.7959,300.0000,65.1875,65.0044,13917.35,0.798722,92.795945
745.000,93.7139,300.0000,65.0625,65.0044,13926.66,0.800327,92.816358
745.100,93.7139,300.0000,65.0625,65.0042,13935.36,0.801827,92.816358
745.200,93.7139,300.0000,65.0000,65.0040,13943.47,0.803229,92.816358
745.300,93.7139,300.0000,65.0000,65.0038,13951.05,0.804538,92.816358
745.400,93.7139,300.0000,65.0000,65.0035,13958.12,0.805762,92.816358
745.500,93.7139,300.0000,64.8750,65.0031,13964.72,0.806905,92.816358
745.600,93.7139,300.0000,64.9375,65.0027,13970.87,0.807973,92.816358
745.700,93.7139,300.0000,65.0000,65.0022,13976.62,0.808971,92.816358
745.800,93.7139,300.0000,64.9375,65.0017,13981.99,0.809903,92.816358
745.900,93.7139,300.0000,65.0000,65.0011,13986.99,0.810773,92.816358
746.000,92.8164,300.0000,65.0000,65.0006,13982.69,0.810025,92.816358
746.100,92.8164,300.0000,65.0625,65.0002,13978.68,0.809327,92.816358
746.200,92.8164,300.0000,64.9375,64.9997,13974.93,0.808677,92.816358
746.300,92.8164,300.0000,65.0000,64.9993,13971.43,0.808069,92.816358
746.400,92.8164,300.0000,64.9375,64.9989,13968.16,0.807503,92.816358
746.500,92.8164,300.0000,65.0000,64.9985,13965.12,0.806975,92.816358
746.600,92.8164,300.0000,64.8750,64.9982,13962.27,0.806482,92.816358
746.700,92.8164,300.0000,65.0000,64.9979,13959.62,0.806022,92.816358
746.800,92.8164,300.0000,65.0000,64.9976,13957.14,0.805593,92.816358
746.900,92.8164,300.0000,65.0625,64.9973,13954.83,0.805192,92.816358
747.000,93.1224,300.0000,65.0625,64.9970,13955.73,0.805349,92.823162
747.100,93.1224,300.0000,64.9375,64.9967,13956.57,0.805494,92.823162
747.200,93.1224,300.0000,65.0000,64.9964,13957.36,0.805630,92.823162
747.300,93.1224,300.0000,64.9375,64.9961,13958.09,0.805757,92.823162
747.400,93.1224,300.0000,64.9375,64.9958,13958.77,0.805876,92.823162
747.500,93.1224,300.0000,65.0000,64.9955,13959.41,0.805986,92.823162
747.600,93.1224,300.0000,65.0000,64.9952,13960.01,0.806090,92.823162
747.700,93.1224,300.0000,65.0000,64.9949,13960.57,0.806186,92.823162
747.800,93.1224,300.0000,65.0625,64.9946,13961.08,0.806276,92.823162
747.900,93.1224,300.0000,65.0000,64.9943,13961.57,0.806360,92.823162
748.000,92.8232,300.0000,65.0000,64.9940,13959.03,0.805920,92.823162
748.100,92.8232,300.0000,64.9375,64.9937,13956.66,0.805509,92.823162
748.200,92.8232,300.0000,65.0000,64.9934,13954.45,0.805126,92.823162
748.300,92.8232,300.0000,65.0000,64.9932,13952.38,0.804769,92.823162
748.400,92.8232,300.0000,64.9375,64.9929,13950.45,0.804436,92.823162
748.500,92.8232,300.0000,64.9375,64.9927,13948.66,0.804125,92.823162
748.600,92.8232,300.0000,65.0625,64.9925,13946.98,0.803834,92.823162
748.700,92.8232,300.0000,65.0000,64.9923,13945.41,0.803563,92.823162
748.800,92.8232,300.0000,65.0000,64.9922,13943.95,0.803311,92.823162
748.900,92.8232,300.0000,65.0625,64.9920,13942.58,0.803075,92.823162
749.000,93.1292,300.0000,65.0625,64.9918,13944.37,0.803383,92.829966
749.100,93.1292,300.0000,65.0000,64.9916,13946.04,0.803672,92.829966
749.200,93.1292,300.0000,65.0000,64.9914,13947.59,0.803941,92.829966
749.300,93.1292,300.0000,65.0000,64.9912,13949.04,0.804192,92.829966
749.400,93.1292,300.0000,65.0000,64.9910,13950.40,0.804426,92.829966
749.500,93.1292,300.0000,65.0000,64.9908,13951.66,0.804645,92.829966
749.600,93.1292,300.0000,64.9375,64.9905,13952.85,0.804849,92.829966
749.700,93.1292,300.0000,65.0000,64.9903,13953.95,0.805040,92.829966
749.800,93.1292,300.0000,65.0625,64.9900,13954.98,0.805218,92.829966
749.900,93.1292,300.0000,64.9375,64.9897,13955.94,0.805384,92.829966
750.000,92.5240,300.0000,65.0625,64.9895,13950.78,0.804492,92.823162
750.100,92.5240,300.0000,65.1250,64.9893,13945.97,0.803660,92.823162
750.200,92.5240,300.0000,65.0000,64.9892,13941.48,0.802883,92.823162
750.300,92.5240,300.0000,65.0000,64.9891,13937.28,0.802159,92.823162
750.400,92.5240,300.0000,64.9375,64.9890,13933.37,0.801484,92.823162
750.500,92.5240,300.0000,65.0625,64.9889,13929.72,0.800854,92.823162
750.600,92.5240,300.0000,65.0000,64.9889,13926.31,0.800266,92.823162
750.700,92.5240,300.0000,64.9375,64.9889,13923.13,0.799718,92.823162
750.800,92.5240,300.0000,65.0625,64.9890,13920.16,0.799206,92.823162
750.900,92.5240,300.0000,65.0000,64.9890,13917.39,0.798729,92.823162
751.000,92.8232,300.0000,65.1250,64.9891,13917.80,0.798799,92.823162
751.100,92.8232,300.0000,65.0625,64.9891,13918.17,0.798864,92.823162
751.200,92.8232,300.0000,65.0000,64.9892,13918.53,0.798925,92.823162
751.300,92.8232,300.0000,65.0000,64.9892,13918.86,0.798982,92.823162
751.400,92.8232,300.0000,65.0000,64.9892,13919.17,0.799035,92.823162
751.500,92.8232,300.0000,65.0000,64.9893,13919.45,0.799084,92.823162
751.600,92.8232,300.0000,65.0625,64.9893,13919.72,0.799131,92.823162
751.700,92.8232,300.0000,65.0000,64.9894,13919.97,0.799174,92.823162
751.800,92.8232,300.0000,65.0000,64.9894,13920.20,0.799214,92.823162
751.900,92.8232,300.0000,64.9375,64.9894,13920.42,0.799251,92.823162
752.000,92.5172,300.0000,65.0000,64.9895,13917.57,0.798760,92.816358
752.100,92.5172,300.0000,65.0000,64.9895,13914.90,0.798301,92.816358
752.200,92.5172,300.0000,64.9375,64.9896,13912.41,0.797872,92.816358
752.300,92.5172,300.0000,65.0625,64.9897,13910.09,0.797473,92.816358
752.400,92.5172,300.0000,65.0000,64.9899,13907.92,0.797100,92.816358
752.500,92.5172,300.0000,65.0000,64.9900,13905.90,0.796752,92.816358
752.600,92.5172,300.0000,65.1250,64.9902,13904.01,0.796428,92.816358
752.700,92.5172,300.0000,65.0000,64.9904,13902.25,0.796125,92.816358
752.800,92.5172,300.0000,64.9375,64.9906,13900.60,0.795842,92.816358
752.900,92.5172,300.0000,64.9375,64.9908,13899.07,0.795579,92.816358
753.000,92.5104,300.0000,65.0625,64.9910,13897.57,0.795321,92.809553
753.100,92.5104,300.0000,64.9375,64.9912,13896.17,0.795081,92.809553
753.200,92.5104,300.0000,64.8750,64.9914,13894.86,0.794856,92.809553
753.300,92.5104,300.0000,64.9375,64.9917,13893.64,0.794647,92.809553
753.400,92.5104,300.0000,65.0000,64.9919,13892.50,0.794451,92.809553
753.500,92.5104,300.0000,65.0000,64.9922,13891.44,0.794269,92.809553
753.600,92.5104,300.0000,65.0625,64.9925,13890.44,0.794099,92.809553
753.700,92.5104,300.0000,64.9375,64.9928,13889.52,0.793940,92.809553
753.800,92.5104,300.0000,65.0000,64.9930,13888.65,0.793792,92.809553
753.900,92.5104,300.0000,65.0000,64.9933,13887.85,0.793654,92.809553
754.000,92.8096,300.0000,65.0000,64.9936,13890.09,0.794038,92.809553
754.100,92.8096,300.0000,65.0000,64.9939,13892.18,0.794396,92.809553
754.200,92.8096,300.0000,65.0625,64.9941,13894.13,0.794731,92.809553
754.300,92.8096,300.0000,64.9375,64.9943,13895.95,0.795043,92.809553
754.400,92.8096,300.0000,65.0000,64.9945,13897.65,0.795335,92.809553
754.500,92.8096,300.0000,65.0000,64.9947,13899.23,0.795607,92.809553
754.600,92.8096,300.0000,65.0625,64.9949,13900.71,0.795861,92.809553
754.700,92.8096,300.0000,64.9375,64.9951,13902.09,0.796098,92.809553
754.800,92.8096,300.0000,65.0625,64.9952,13903.38,0.796320,92.809553
754.900,92.8096,300.0000,64.9375,64.9954,13904.59,0.796527,92.809553
755.000,92.5036,300.0000,65.0000,64.9955,13902.65,0.796194,92.802749
755.100,92.5036,300.0000,64.9375,64.9957,13900.84,0.795883,92.802749
755.200,92.5036,300.0000,65.0000,64.9959,13899.15,0.795594,92.802749
755.300,92.5036,300.0000,64.9375,64.9961,13897.58,0.795323,92.802749
755.400,92.5036,300.0000,65.0000,64.9963,13896.11,0.795071,92.802749
755.500,92.5036,300.0000,64.8750,64.9965,13894.74,0.794836,92.802749
755.600,92.5036,300.0000,64.9375,64.9968,13893.46,0.794616,92.802749
755.700,92.5036,300.0000,65.0625,64.9970,13892.26,0.794411,92.802749
755.800,92.5036,300.0000,65.0000,64.9973,13891.15,0.794220,92.802749
755.900,92.5036,300.0000,65.0000,64.9975,13890.11,0.794041,92.802749
756.000,92.8027,300.0000,65.0625,64.9978,13892.13,0.794388,92.802749
756.100,92.8027,300.0000,65.0625,64.9980,13894.01,0.794711,92.802749
756.200,92.8027,300.0000,65.0625,64.9982,13895.77,0.795013,92.802749
756.300,92.8027,300.0000,65.0000,64.9984,13897.42,0.795295,92.802749
756.400,92.8027,300.0000,65.0625,64.9986,13898.95,0.795558,92.802749
756.500,92.8027,300.0000,64.9375,64.9988,13900.38,0.795804,92.802749
756.600,92.8027,300.0000,64.9375,64.9990,13901.71,0.796033,92.802749
756.700,92.8027,300.0000,64.9375,64.9991,13902.96,0.796248,92.802749
756.800,92.8027,300.0000,65.0625,64.9993,13904.12,0.796448,92.802749
756.900,92.8027,300.0000,65.0625,64.9994,13905.21,0.796634,92.802749
757.000,93.1087,300.0000,65.0000,64.9995,13909.28,0.797334,92.809553
757.100,93.1087,300.0000,65.0000,64.9996,13913.09,0.797988,92.809553
757.200,93.1087,300.0000,65.0625,64.9996,13916.63,0.798599,92.809553
757.300,93.1087,300.0000,65.0000,64.9996,13919.95,0.799169,92.809553
757.400,93.1087,300.0000,65.0625,64.9996,13923.04,0.799702,92.809553
757.500,93.1087,300.0000,64.9375,64.9995,13925.92,0.800199,92.809553
757.600,93.1087,300.0000,64.9375,64.9995,13928.61,0.800663,92.809553
757.700,93.1087,300.0000,65.0625,64.9994,13931.13,0.801097,92.809553
757.800,93.1087,300.0000,64.9375,64.9993,13933.47,0.801502,92.809553
757.900,93.1087,300.0000,64.9375,64.9992,13935.66,0.801880,92.809553
758.000,92.5036,300.0000,65.0000,64.9991,13931.65,0.801188,92.802749
758.100,92.5036,300.0000,65.0000,64.9990,13927.91,0.800542,92.802749
758.200,92.5036,300.0000,64.9375,64.9990,13924.42,0.799940,92.802749
758.300,92.5036,300.0000,65.0000,64.9990,13921.16,0.799379,92.802749
758.400,92.5036,300.0000,65.0000,64.9990,13918.12,0.798855,92.802749
758.500,92.5036,300.0000,65.0000,64.9991,13915.28,0.798366,92.802749
758.600,92.5036,300.0000,65.0000,64.9992,13912.63,0.797910,92.802749
758.700,92.5036,300.0000,65.0000,64.9993,13910.16,0.797485,92.802749
758.800,92.5036,300.0000,65.0000,64.9994,13907.85,0.797088,92.802749
758.900,92.5036,300.0000,65.0625,64.9995,13905.69,0.796717,92.802749
759.000,93.1087,300.0000,65.0625,64.9996,13909.74,0.797412,92.809553
759.100,93.1087,300.0000,65.0000,64.9997,13913.51,0.798061,92.809553
759.200,93.1087,300.0000,65.0000,64.9997,13917.03,0.798667,92.809553
759.300,93.1087,300.0000,65.0000,64.9997,13920.31,0.799233,92.809553
759.400,93.1087,300.0000,65.0625,64.9997,13923.38,0.799761,92.809553
759.500,93.1087,300.0000,64.8750,64.9996,13926.24,0.800254,92.809553
759.600,93.1087,300.0000,65.0000,64.9996,13928.91,0.800715,92.809553
759.700,93.1087,300.0000,64.9375,64.9995,13931.41,0.801145,92.809553
759.800,93.1087,300.0000,65.0000,64.9994,13933.73,0.801547,92.809553
759.900,93.1087,300.0000,64.9375,64.9993,13935.91,0.801921,92.809553
760.000,92.5036,300.0000,65.0625,64.9992,13931.88,0.801227,92.802749
760.100,92.5036,300.0000,65.0000,64.9991,13928.12,0.800579,92.802749
760.200,92.5036,300.0000,65.0000,64.9991,13924.62,0.799974,92.802749
760.300,92.5036,300.0000,65.0000,64.9991,13921.35,0.799411,92.802749
760.400,92.5036,300.0000,65.0000,64.9991,13918.29,0.798885,92.802749
760.500,92.5036,300.0000,65.0000,64.9992,13915.44,0.798394,92.802749
760.600,92.5036,300.0000,65.0000,64.9992,13912.78,0.797936,92.802749
760.700,92.5036,300.0000,65.0000,64.9993,13910.30,0.797509,92.802749
760.800,92.5036,300.0000,64.9375,64.9994,13907.98,0.797110,92.802749
760.900,92.5036,300.0000,64.9375,64.9996,13905.82,0.796738,92.802749
761.000,92.4967,300.0000,64.9375,64.9997,13903.73,0.796380,92.795945
761.100,92.4967,300.0000,65.0625,64.9999,13901.78,0.796045,92.795945
761.200,92.4967,300.0000,65.0000,65.0000,13899.96,0.795733,92.795945
761.300,92.4967,300.0000,65.0000,65.0002,13898.27,0.795441,92.795945
761.400,92.4967,300.0000,64.9375,65.0004,13896.68,0.795170,92.795945
761.500,92.4967,300.0000,64.9375,65.0006,13895.21,0.794916,92.795945
761.600,92.4967,300.0000,65.0000,65.0009,13893.83,0.794679,92.795945
761.700,92.4967,300.0000,65.0000,65.0011,13892.54,0.794458,92.795945
761.800,92.4967,300.0000,65.0625,65.0013,13891.34,0.794252,92.795945
761.900,92.4967,300.0000,65.0000,65.0016,13890.22,0.794060,92.795945
762.000,92.7959,300.0000,64.9375,65.0018,13892.16,0.794393,92.795945
762.100,92.7959,300.0000,64.8750,65.0021,13893.98,0.794705,92.795945
762.200,92.7959,300.0000,65.0000,65.0023,13895.67,0.794996,92.795945
762.300,92.7959,300.0000,65.0000,65.0025,13897.25,0.795267,92.795945
762.400,92.7959,300.0000,65.0625,65.0026,13898.73,0.795520,92.795945
762.500,92.7959,300.0000,64.9375,65.0028,13900.11,0.795757,92.795945
762.600,92.7959,300.0000,65.0000,65.0030,13901.39,0.795978,92.795945
762.700,92.7959,300.0000,65.0625,65.0031,13902.59,0.796184,92.795945
762.800,92.7959,300.0000,64.9375,65.0032,13903.71,0.796376,92.795945
762.900,92.7959,300.0000,65.0000,65.0034,13904.76,0.796556,92.795945
763.000,92.7959,300.0000,64.8750,65.0035,13905.73,0.796724,92.795945
763.100,92.7959,300.0000,65.1250,65.0036,13906.64,0.796880,92.795945
763.200,92.7959,300.0000,64.9375,65.0037,13907.49,0.797026,92.795945
763.300,92.7959,300.0000,64.9375,65.0038,13908.29,0.797163,92.795945
763.400,92.7959,300.0000,65.0000,65.0039,13909.03,0.797290,92.795945
763.500,92.7959,300.0000,65.0625,65.0040,13909.72,0.797409,92.795945
763.600,92.7959,300.0000,65.0625,65.0041,13910.36,0.797520,92.795945
763.700,92.7959,300.0000,64.9375,65.0041,13910.96,0.797623,92.795945
763.800,92.7959,300.0000,65.0000,65.0042,13911.53,0.797720,92.795945
763.900,92.7959,300.0000,65.1250,65.0043,13912.05,0.797810,92.795945
764.000,93.4079,300.0000,65.0625,65.0043,13918.66,0.798948,92.809553
764.100,93.4079,300.0000,65.0000,65.0042,13924.83,0.800011,92.809553
764.200,93.4079,300.0000,65.0000,65.0041,13930.59,0.801003,92.809553
764.300,93.4079,300.0000,64.9375,65.0040,13935.96,0.801931,92.809553
764.400,93.4079,300.0000,65.0000,65.0038,13940.98,0.802797,92.809553
764.500,93.4079,300.0000,65.0625,65.0036,13945.66,0.803606,92.809553
764.600,93.4079,300.0000,65.0000,65.0034,13950.03,0.804361,92.809553
764.700,93.4079,300.0000,65.1250,65.0031,13954.10,0.805067,92.809553
764.800,93.4079,300.0000,65.0000,65.0028,13957.91,0.805726,92.809553
764.900,93.4079,300.0000,64.9375,65.0024,13961.46,0.806341,92.809553
765.000,92.5036,300.0000,65.0000,65.0021,13955.73,0.805349,92.802749
765.100,92.5036,300.0000,65.0625,65.0019,13950.39,0.804424,92.802749
765.200,92.5036,300.0000,65.0000,65.0017,13945.40,0.803561,92.802749
765.300,92.5036,300.0000,65.0000,65.0015,13940.74,0.802756,92.802749
765.400,92.5036,300.0000,64.9375,65.0014,13936.39,0.802005,92.802749
765.500,92.5036,300.0000,65.0000,65.0013,13932.33,0.801305,92.802749
765.600,92.5036,300.0000,65.0625,65.0012,13928.55,0.800652,92.802749
765.700,92.5036,300.0000,65.0000,65.0012,13925.01,0.800042,92.802749
765.800,92.5036,300.0000,64.9375,65.0012,13921.71,0.799474,92.802749
765.900,92.5036,300.0000,64.9375,65.0012,13918.64,0.798944,92.802749
766.000,92.4967,300.0000,65.1250,65.0012,13915.69,0.798437,92.795945
766.100,92.4967,300.0000,65.0625,65.0013,13912.95,0.797965,92.795945
766.200,92.4967,300.0000,65.0000,65.0014,13910.39,0.797524,92.795945
766.300,92.4967,300.0000,65.0000,65.0015,13907.99,0.797113,92.795945
766.400,92.4967,300.0000,65.0625,65.0016,13905.76,0.796729,92.795945
766.500,92.4967,300.0000,65.0000,65.0018,13903.68,0.796371,92.795945
766.600,92.4967,300.0000,64.9375,65.0019,13901.73,0.796037,92.795945
766.700,92.4967,300.0000,65.0625,65.0021,13899.92,0.795725,92.795945
766.800,92.4967,300.0000,65.0000,65.0023,13898.23,0.795434,92.795945
766.900,92.4967,300.0000,65.0000,65.0025,13896.65,0.795163,92.795945
767.000,92.7959,300.0000,64.9375,65.0027,13898.16,0.795423,92.795945
767.100,92.7959,300.0000,65.0000,65.0028,13899.58,0.795666,92.795945
767.200,92.7959,300.0000,64.9375,65.0030,13900.90,0.795893,92.795945
767.300,92.7959,300.0000,65.1250,65.0031,13902.13,0.796105,92.795945
767.400,92.7959,300.0000,65.0625,65.0033,13903.28,0.796303,92.795945
767.500,92.7959,300.0000,65.0625,65.0034,13904.36,0.796487,92.795945
767.600,92.7959,300.0000,65.0625,65.0035,13905.36,0.796660,92.795945
767.700,92.7959,300.0000,65.1250,65.0037,13906.29,0.796820,92.795945
767.800,92.7959,300.0000,65.0000,65.0038,13907.17,0.796970,92.795945
767.900,92.7959,300.0000,65.0000,65.0039,13907.98,0.797111,92.795945
768.000,92.7959,300.0000,65.0000,65.0040,13908.74,0.797241,92.795945
768.100,92.7959,300.0000,64.9375,65.0040,13909.45,0.797363,92.795945
768.200,92.7959,300.0000,65.0000,65.0041,13910.12,0.797477,92.795945
768.300,92.7959,300.0000,65.0625,65.0042,13910.73,0.797584,92.795945
768.400,92.7959,300.0000,65.0000,65.0043,13911.31,0.797683,92.795945
768.500,92.7959,300.0000,65.0625,65.0043,13911.85,0.797776,92.795945
768.600,92.7959,300.0000,65.0625,65.0044,13912.35,0.797862,92.795945
768.700,92.7959,300.0000,65.0000,65.0045,13912.82,0.797943,92.795945
768.800,92.7959,300.0000,65.0000,65.0045,13913.26,0.798018,92.795945
768.900,92.7959,300.0000,65.0000,65.0046,13913.67,0.798089,92.795945
769.000,92.7959,300.0000,64.9375,65.0046,13914.05,0.798154,92.795945
769.100,92.7959,300.0000,65.0000,65.0047,13914.41,0.798216,92.795945
769.200,92.7959,300.0000,64.9375,65.0047,13914.74,0.798273,92.795945
769.300,92.7959,300.0000,64.8750,65.0047,13915.05,0.798326,92.795945
769.400,92.7959,300.0000,65.0000,65.0048,13915.34,0.798376,92.795945
769.500,92.7959,300.0000,65.0000,65.0048,13915.61,0.798423,92.795945
769.600,92.7959,300.0000,65.0000,65.0048,13915.86,0.798466,92.795945
769.700,92.7959,300.0000,64.9375,65.0049,13916.10,0.798507,92.795945
769.800,92.7959,300.0000,65.0000,65.0049,13916.32,0.798544,92.795945
769.900,92.7959,300.0000,65.0000,65.0049,13916.52,0.798580,92.795945
770.000,92.7959,300.0000,65.0625,65.0050,13916.71,0.798613,92.795945
770.100,92.7959,300.0000,64.9375,65.0050,13916.89,0.798643,92.795945
770.200,92.7959,300.0000,64.9375,65.0050,13917.06,0.798672,92.795945
770.300,92.7959,300.0000,64.9375,65.0050,13917.21,0.798699,92.795945
770.400,92.7959,300.0000,65.0000,65.0050,13917.36,0.798724,92.795945
770.500,92.7959,300.0000,65.1250,65.0051,13917.49,0.798747,92.795945
770.600,92.7959,300.0000,65.0000,65.0051,13917.62,0.798769,92.795945
770.700,92.7959,300.0000,65.0625,65.0051,13917.74,0.798789,92.795945
770.800,92.7959,300.0000,65.0000,65.0051,13917.85,0.798808,92.795945
770.900,92.7959,300.0000,65.0000,65.0051,13917.95,0.798826,92.795945
771.000,92.7959,300.0000,64.9375,65.0051,13918.05,0.798843,92.795945
771.100,92.7959,300.0000,65.1250,65.0051,13918.14,0.798858,92.795945
771.200,92.7959,300.0000,65.0000,65.0052,13918.22,0.798872,92.795945
771.300,92.7959,300.0000,65.0000,65.0052,13918.30,0.798886,92.795945
771.400,92.7959,300.0000,65.0000,65.0052,13918.37,0.798898,92.795945
771.500,92.7959,300.0000,65.0000,65.0052,13918.44,0.798910,92.795945
771.600,92.7959,300.0000,64.9375,65.0052,13918.50,0.798921,92.795945
771.700,92.7959,300.0000,65.0625,65.0052,13918.56,0.798931,92.795945
771.800,92.7959,300.0000,64.9375,65.0052,13918.62,0.798941,92.795945
771.900,92.7959,300.0000,65.0625,65.0052,13918.67,0.798950,92.795945
772.000,93.1019,300.0000,64.9375,65.0052,13921.78,0.799485,92.802749
772.100,93.1019,300.0000,65.1250,65.0052,13924.68,0.799985,92.802749
772.200,93.1019,300.0000,64.9375,65.0051,13927.39,0.800452,92.802749
772.300,93.1019,300.0000,65.0625,65.0050,13929.91,0.800887,92.802749
772.400,93.1019,300.0000,65.0625,65.0049,13932.27,0.801294,92.802749
772.500,93.1019,300.0000,64.9375,65.0048,13934.47,0.801674,92.802749
772.600,93.1019,300.0000,65.0000,65.0046,13936.53,0.802029,92.802749
772.700,93.1019,300.0000,65.0000,65.0045,13938.45,0.802360,92.802749
772.800,93.1019,300.0000,65.0625,65.0043,13940.23,0.802669,92.802749
772.900,93.1019,300.0000,65.0000,65.0041,13941.91,0.802958,92.802749
773.000,92.8027,300.0000,65.0000,65.0040,13940.47,0.802710,92.802749
773.100,92.8027,300.0000,64.8750,65.0038,13939.14,0.802479,92.802749
773.200,92.8027,300.0000,65.0625,65.0037,13937.89,0.802264,92.802749
773.300,92.8027,300.0000,65.0625,65.0035,13936.72,0.802062,92.802749
773.400,92.8027,300.0000,65.0625,65.0034,13935.63,0.801875,92.802749
773.500,92.8027,300.0000,65.0000,65.0033,13934.62,0.801699,92.802749
773.600,92.8027,300.0000,65.0625,65.0032,13933.67,0.801536,92.802749
773.700,92.8027,300.0000,64.9375,65.0031,13932.79,0.801383,92.802749
773.800,92.8027,300.0000,65.0625,65.0030,13931.96,0.801241,92.802749
773.900,92.8027,300.0000,65.0000,65.0029,13931.19,0.801108,92.802749
774.000,92.8027,300.0000,64.9375,65.0028,13930.47,0.800984,92.802749
774.100,92.8027,300.0000,65.0000,65.0027,13929.80,0.800869,92.802749
774.200,92.8027,300.0000,65.1250,65.0026,13929.18,0.800761,92.802749
774.300,92.8027,300.0000,65.0000,65.0026,13928.59,0.800660,92.802749
774.400,92.8027,300.0000,65.0000,65.0025,13928.05,0.800566,92.802749
774.500,92.8027,300.0000,65.0000,65.0024,13927.54,0.800478,92.802749
774.600,92.8027,300.0000,65.0000,65.0024,13927.06,0.800396,92.802749
774.700,92.8027,300.0000,65.0625,65.0023,13926.62,0.800320,92.802749
774.800,92.8027,300.0000,65.0000,65.0023,13926.21,0.800248,92.802749
774.900,92.8027,300.0000,65.0000,65.0022,13925.82,0.800182,92.802749
775.000,92.8027,300.0000,65.0000,65.0022,13925.46,0.800119,92.802749
775.100,92.8027,300.0000,65.0000,65.0022,13925.12,0.800061,92.802749
775.200,92.8027,300.0000,65.0625,65.0021,13924.81,0.800007,92.802749
775.300,92.8027,300.0000,65.0000,65.0021,13924.52,0.799957,92.802749
775.400,92.8027,300.0000,64.9375,65.0021,13924.24,0.799910,92.802749
775.500,92.8027,300.0000,65.0000,65.0020,13923.99,0.799866,92.802749
775.600,92.8027,300.0000,65.0625,65.0020,13923.75,0.799825,92.802749
775.700,92.8027,300.0000,65.0000,65.0020,13923.53,0.799786,92.802749
775.800,92.8027,300.0000,64.9375,65.0020,13923.32,0.799751,92.802749
775.900,92.8027,300.0000,65.0625,65.0019,13923.13,0.799717,92.802749
776.000,93.1087,300.0000,65.0000,65.0019,13926.00,0.800213,92.809553
776.100,93.1087,300.0000,64.9375,65.0018,13928.69,0.800677,92.809553
776.200,93.1087,300.0000,64.9375,65.0017,13931.20,0.801109,92.809553
776.300,93.1087,300.0000,65.0000,65.0016,13933.54,0.801513,92.809553
776.400,93.1087,300.0000,65.0625,65.0015,13935.73,0.801890,92.809553
776.500,93.1087,300.0000,65.1250,65.0014,13937.76,0.802242,92.809553
776.600,93.1087,300.0000,65.0000,65.0012,13939.67,0.802571,92.809553
776.700,93.1087,300.0000,65.0625,65.0010,13941.44,0.802878,92.809553
776.800,93.1087,300.0000,64.9375,65.0008,13943.10,0.803164,92.809553
776.900,93.1087,300.0000,64.9375,65.0006,13944.65,0.803432,92.809553
777.000,92.5036,300.0000,65.0000,65.0005,13940.04,0.802636,92.802749
777.100,92.5036,300.0000,65.0000,65.0004,13935.74,0.801893,92.802749
777.200,92.5036,300.0000,65.1250,65.0003,13931.73,0.801200,92.802749
777.300,92.5036,300.0000,65.1250,65.0002,13927.98,0.800554,92.802749
777.400,92.5036,300.0000,65.0625,65.0002,13924.48,0.799951,92.802749
777.500,92.5036,300.0000,65.0000,65.0002,13921.22,0.799389,92.802749
777.600,92.5036,300.0000,65.0625,65.0002,13918.17,0.798864,92.802749
777.700,92.5036,300.0000,65.0000,65.0003,13915.33,0.798375,92.802749
777.800,92.5036,300.0000,65.0000,65.0003,13912.68,0.797918,92.802749
777.900,92.5036,300.0000,64.9375,65.0004,13910.20,0.797492,92.802749
778.000,92.4967,300.0000,64.9375,65.0005,13907.82,0.797083,92.795945
778.100,92.4967,300.0000,65.0000,65.0006,13905.60,0.796702,92.795945
778.200,92.4967,300.0000,65.0000,65.0008,13903.53,0.796345,92.795945
778.300,92.4967,300.0000,65.0000,65.0010,13901.60,0.796013,92.795945
778.400,92.4967,300.0000,65.0625,65.0011,13899.79,0.795703,92.795945
778.500,92.4967,300.0000,65.0000,65.0013,13898.10,0.795413,92.795945
778.600,92.4967,300.0000,65.0000,65.0015,13896.53,0.795143,92.795945
778.700,92.4967,300.0000,65.0625,65.0017,13895.06,0.794892,92.795945
778.800,92.4967,300.0000,64.9375,65.0019,13893.69,0.794656,92.795945
778.900,92.4967,300.0000,65.0625,65.0022,13892.42,0.794437,92.795945
779.000,93.1019,300.0000,65.0000,65.0024,13897.27,0.795271,92.802749
779.100,93.1019,300.0000,65.0625,65.0025,13901.81,0.796050,92.802749
779.200,93.1019,300.0000,65.0000,65.0026,13906.04,0.796777,92.802749
779.300,93.1019,300.0000,64.9375,65.0027,13909.99,0.797456,92.802749
779.400,93.1019,300.0000,64.8750,65.0028,13913.68,0.798090,92.802749
779.500,93.1019,300.0000,65.0000,65.0028,13917.12,0.798682,92.802749
779.600,93.1019,300.0000,65.0625,65.0028,13920.33,0.799236,92.802749
779.700,93.1019,300.0000,64.9375,65.0028,13923.33,0.799752,92.802749
779.800,93.1019,300.0000,64.9375,65.0027,13926.12,0.800234,92.802749
779.900,93.1019,300.0000,65.0625,65.0027,13928.74,0.800684,92.802749
780.000,93.1087,300.0000,65.0000,65.0026,13931.24,0.801116,92.809553
780.100,93.1087,300.0000,65.0000,65.0025,13933.58,0.801520,92.809553
780.200,93.1087,300.0000,65.0000,65.0023,13935.76,0.801896,92.809553
780.300,93.1087,300.0000,65.0625,65.0022,13937.80,0.802248,92.809553
780.400,93.1087,300.0000,65.0625,65.0020,13939.70,0.802576,92.809553
780.500,93.1087,300.0000,64.9375,65.0019,13941.47,0.802883,92.809553
780.600,93.1087,300.0000,64.9375,65.0017,13943.13,0.803169,92.809553
780.700,93.1087,300.0000,65.1250,65.0015,13944.67,0.803436,92.809553
780.800,93.1087,300.0000,65.0625,65.0013,13946.12,0.803686,92.809553
780.900,93.1087,300.0000,64.9375,65.0010,13947.46,0.803918,92.809553
781.000,92.5036,300.0000,65.0000,65.0009,13942.67,0.803089,92.802749
781.100,92.5036,300.0000,65.0000,65.0007,13938.19,0.802316,92.802749
781.200,92.5036,300.0000,65.0625,65.0006,13934.02,0.801595,92.802749
781.300,92.5036,300.0000,64.9375,65.0005,13930.12,0.800922,92.802749
781.400,92.5036,300.0000,64.9375,65.0005,13926.48,0.800295,92.802749
781.500,92.5036,300.0000,65.0625,65.0005,13923.08,0.799710,92.802749
781.600,92.5036,300.0000,64.9375,65.0005,13919.91,0.799163,92.802749
781.700,92.5036,300.0000,65.0000,65.0005,13916.95,0.798654,92.802749
781.800,92.5036,300.0000,65.0000,65.0006,13914.19,0.798179,92.802749
781.900,92.5036,300.0000,65.0625,65.0006,13911.61,0.797735,92.802749
782.000,93.1087,300.0000,64.9375,65.0007,13915.26,0.798363,92.809553
782.100,93.1087,300.0000,65.0625,65.0007,13918.66,0.798949,92.809553
782.200,93.1087,300.0000,64.8750,65.0007,13921.84,0.799496,92.809553
782.300,93.1087,300.0000,65.0625,65.0007,13924.81,0.800007,92.809553
782.400,93.1087,300.0000,65.0000,65.0006,13927.57,0.800484,92.809553
782.500,93.1087,300.0000,65.0000,65.0005,13930.16,0.800929,92.809553
782.600,93.1087,300.0000,65.0625,65.0004,13932.57,0.801345,92.809553
782.700,93.1087,300.0000,65.0625,65.0003,13934.82,0.801733,92.809553
782.800,93.1087,300.0000,65.0625,65.0002,13936.92,0.802096,92.809553
782.900,93.1087,300.0000,65.0625,65.0000,13938.88,0.802434,92.809553
783.000,93.1156,300.0000,65.0000,64.9999,13940.77,0.802762,92.816358
783.100,93.1156,300.0000,65.0625,64.9997,13942.54,0.803068,92.816358
783.200,93.1156,300.0000,64.9375,64.9995,13944.20,0.803353,92.816358
783.300,93.1156,300.0000,65.0000,64.9993,13945.74,0.803620,92.816358
783.400,93.1156,300.0000,65.0625,64.9991,13947.18,0.803869,92.816358
783.500,93.1156,300.0000,64.9375,64.9989,13948.52,0.804101,92.816358
783.600,93.1156,300.0000,65.0000,64.9986,13949.78,0.804318,92.816358
783.700,93.1156,300.0000,64.9375,64.9984,13950.95,0.804521,92.816358
783.800,93.1156,300.0000,65.0000,64.9981,13952.04,0.804710,92.816358
783.900,93.1156,300.0000,64.9375,64.9979,13953.06,0.804886,92.816358
784.000,92.5104,300.0000,64.9375,64.9976,13947.96,0.804004,92.809553
784.100,92.5104,300.0000,64.9375,64.9975,13943.20,0.803181,92.809553
784.200,92.5104,300.0000,65.0000,64.9973,13938.75,0.802413,92.809553
784.300,92.5104,300.0000,65.0000,64.9972,13934.61,0.801697,92.809553
784.400,92.5104,300.0000,64.9375,64.9971,13930.74,0.801030,92.809553
784.500,92.5104,300.0000,65.0000,64.9971,13927.13,0.800407,92.809553
784.600,92.5104,300.0000,64.9375,64.9971,13923.75,0.799825,92.809553
784.700,92.5104,300.0000,65.0000,64.9971,13920.61,0.799283,92.809553
784.800,92.5104,300.0000,65.0000,64.9971,13917.67,0.798778,92.809553
784.900,92.5104,300.0000,65.0625,64.9972,13914.93,0.798306,92.809553
785.000,93.1156,300.0000,65.0625,64.9972,13918.42,0.798907,92.816358
785.100,93.1156,300.0000,64.9375,64.9972,13921.68,0.799469,92.816358
785.200,93.1156,300.0000,64.9375,64.9972,13924.73,0.799993,92.816358
785.300,93.1156,300.0000,65.0000,64.9971,13927.57,0.800483,92.816358
785.400,93.1156,300.0000,65.0000,64.9971,13930.22,0.800940,92.816358
785.500,93.1156,300.0000,65.0000,64.9970,13932.69,0.801367,92.816358
785.600,93.1156,300.0000,65.0000,64.9969,13935.00,0.801765,92.816358
785.700,93.1156,300.0000,65.0625,64.9967,13937.16,0.802138,92.816358
785.800,93.1156,300.0000,65.0000,64.9966,13939.17,0.802485,92.816358
785.900,93.1156,300.0000,65.0000,64.9964,13941.05,0.802809,92.816358
786.000,92.8164,300.0000,64.9375,64.9963,13939.81,0.802595,92.816358
786.100,92.8164,300.0000,64.9375,64.9962,13938.65,0.802395,92.816358
786.200,92.8164,300.0000,64.9375,64.9960,13937.57,0.802209,92.816358
786.300,92.8164,300.0000,65.0625,64.9959,13936.56,0.802035,92.816358
786.400,92.8164,300.0000,65.0000,64.9958,13935.62,0.801872,92.816358
786.500,92.8164,300.0000,64.9375,64.9957,13934.74,0.801721,92.816358
786.600,92.8164,300.0000,65.0625,64.9956,13933.92,0.801580,92.816358
786.700,92.8164,300.0000,65.0625,64.9955,13933.16,0.801448,92.816358
786.800,92.8164,300.0000,64.9375,64.9954,13932.45,0.801324,92.816358
786.900,92.8164,300.0000,65.0000,64.9953,13931.78,0.801209,92.816358
787.000,92.8164,300.0000,65.0625,64.9953,13931.16,0.801102,92.816358
787.100,92.8164,300.0000,64.9375,64.9952,13930.58,0.801002,92.816358
787.200,92.8164,300.0000,65.0000,64.9951,13930.04,0.800909,92.816358
787.300,92.8164,300.0000,65.1250,64.9951,13929.53,0.800821,92.816358
787.400,92.8164,300.0000,65.0000,64.9950,13929.06,0.800740,92.816358
787.500,92.8164,300.0000,65.0625,64.9950,13928.62,0.800664,92.816358
787.600,92.8164,300.0000,64.8750,64.9949,13928.21,0.800593,92.816358
787.700,92.8164,300.0000,65.0000,64.9949,13927.82,0.800527,92.816358
787.800,92.8164,300.0000,64.9375,64.9948,13927.47,0.800465,92.816358
787.900,92.8164,300.0000,65.0625,64.9948,13927.13,0.800408,92.816358
788.000,93.1224,300.0000,65.0625,64.9947,13929.88,0.800882,92.823162
788.100,93.1224,300.0000,64.9375,64.9946,13932.44,0.801324,92.823162
788.200,93.1224,300.0000,64.9375,64.9945,13934.84,0.801737,92.823162
788.300,93.1224,300.0000,65.0000,64.9944,13937.07,0.802123,92.823162
788.400,93.1224,300.0000,65.0000,64.9943,13939.16,0.802483,92.823162
788.500,93.1224,300.0000,65.0000,64.9941,13941.10,0.802819,92.823162
788.600,93.1224,300.0000,65.0625,64.9940,13942.92,0.803133,92.823162
788.700,93.1224,300.0000,64.9375,64.9938,13944.62,0.803426,92.823162
788.800,93.1224,300.0000,65.0000,64.9936,13946.20,0.803700,92.823162
788.900,93.1224,300.0000,65.0000,64.9934,13947.68,0.803955,92.823162
789.000,92.8232,300.0000,65.0625,64.9932,13946.06,0.803676,92.823162
789.100,92.8232,300.0000,65.1250,64.9930,13944.56,0.803416,92.823162
789.200,92.8232,300.0000,65.1250,64.9928,13943.15,0.803173,92.823162
789.300,92.8232,300.0000,64.9375,64.9927,13941.84,0.802946,92.823162
789.400,92.8232,300.0000,64.9375,64.9925,13940.62,0.802735,92.823162
789.500,92.8232,300.0000,65.0625,64.9924,13939.47,0.802537,92.823162
789.600,92.8232,300.0000,65.0000,64.9923,13938.41,0.802353,92.823162
789.700,92.8232,300.0000,65.0625,64.9922,13937.41,0.802181,92.823162
789.800,92.8232,300.0000,65.0000,64.9920,13936.48,0.802021,92.823162
789.900,92.8232,300.0000,65.0000,64.9919,13935.61,0.801871,92.823162
790.000,92.8232,300.0000,65.0000,64.9918,13934.80,0.801731,92.823162
790.100,92.8232,300.0000,65.0625,64.9918,13934.05,0.801601,92.823162
790.200,92.8232,300.0000,64.9375,64.9917,13933.34,0.801479,92.823162
790.300,92.8232,300.0000,65.0000,64.9916,13932.69,0.801366,92.823162
790.400,92.8232,300.0000,64.9375,64.9915,13932.07,0.801260,92.823162
790.500,92.8232,300.0000,65.0000,64.9915,13931.50,0.801161,92.823162
790.600,92.8232,300.0000,65.0000,64.9914,13930.96,0.801069,92.823162
790.700,92.8232,300.0000,65.0000,64.9913,13930.46,0.800983,92.823162
790.800,92.8232,300.0000,65.0000,64.9913,13930.00,0.800902,92.823162
790.900,92.8232,300.0000,65.1250,64.9912,13929.56,0.800827,92.823162
791.000,93.4352,300.0000,65.1250,64.9911,13935.28,0.801813,92.836770
791.100,93.4352,300.0000,65.0625,64.9910,13940.61,0.802734,92.836770
791.200,93.4352,300.0000,65.1250,64.9908,13945.59,0.803594,92.836770
791.300,93.4352,300.0000,65.0625,64.9906,13950.23,0.804398,92.836770
791.400,93.4352,300.0000,65.0000,64.9903,13954.57,0.805148,92.836770
791.500,93.4352,300.0000,65.0625,64.9900,13958.62,0.805849,92.836770
791.600,93.4352,300.0000,65.0625,64.9897,13962.39,0.806503,92.836770
791.700,93.4352,300.0000,65.0000,64.9894,13965.92,0.807114,92.836770
791.800,93.4352,300.0000,65.0000,64.9890,13969.21,0.807685,92.836770
791.900,93.4352,300.0000,65.0000,64.9886,13972.28,0.808217,92.836770
792.000,92.8368,300.0000,65.0000,64.9882,13969.16,0.807676,92.836770
792.100,92.8368,300.0000,65.0000,64.9879,13966.25,0.807172,92.836770
792.200,92.8368,300.0000,65.0000,64.9875,13963.54,0.806701,92.836770
792.300,92.8368,300.0000,65.0000,64.9872,13961.00,0.806262,92.836770
792.400,92.8368,300.0000,65.0625,64.9869,13958.64,0.805852,92.836770
792.500,92.8368,300.0000,64.9375,64.9867,13956.43,0.805470,92.836770
792.600,92.8368,300.0000,65.0000,64.9864,13954.37,0.805113,92.836770
792.700,92.8368,300.0000,65.0000,64.9862,13952.44,0.804780,92.836770
792.800,92.8368,300.0000,65.0000,64.9860,13950.65,0.804469,92.836770
792.900,92.8368,300.0000,65.0625,64.9858,13948.97,0.804179,92.836770
793.000,93.1428,300.0000,65.0000,64.9856,13950.47,0.804438,92.843574
793.100,93.1428,300.0000,65.0000,64.9853,13951.87,0.804680,92.843574
793.200,93.1428,300.0000,65.0000,64.9851,13953.17,0.804905,92.843574
793.300,93.1428,300.0000,65.0000,64.9849,13954.39,0.805116,92.843574
793.400,93.1428,300.0000,65.0000,64.9846,13955.52,0.805312,92.843574
793.500,93.1428,300.0000,65.0000,64.9844,13956.58,0.805496,92.843574
793.600,93.1428,300.0000,65.0000,64.9841,13957.57,0.805667,92.843574
793.700,93.1428,300.0000,65.0625,64.9838,13958.49,0.805827,92.843574
793.800,93.1428,300.0000,64.9375,64.9835,13959.35,0.805976,92.843574
793.900,93.1428,300.0000,65.0000,64.9832,13960.16,0.806115,92.843574
794.000,92.8436,300.0000,65.0000,64.9830,13957.92,0.805727,92.843574
794.100,92.8436,300.0000,65.0000,64.9827,13955.82,0.805365,92.843574
794.200,92.8436,300.0000,65.0000,64.9825,13953.87,0.805027,92.843574
794.300,92.8436,300.0000,65.0000,64.9823,13952.05,0.804712,92.843574
794.400,92.8436,300.0000,65.0000,64.9821,13950.35,0.804417,92.843574
794.500,92.8436,300.0000,64.8750,64.9819,13948.76,0.804143,92.843574
794.600,92.8436,300.0000,65.0625,64.9817,13947.28,0.803887,92.843574
794.700,92.8436,300.0000,65.0625,64.9815,13945.90,0.803647,92.843574
794.800,92.8436,300.0000,65.0000,64.9814,13944.61,0.803424,92.843574
794.900,92.8436,300.0000,65.0000,64.9812,13943.40,0.803216,92.843574
795.000,92.8436,300.0000,65.0625,64.9811,13942.28,0.803022,92.843574
795.100,92.8436,300.0000,64.9375,64.9810,13941.23,0.802841,92.843574
795.200,92.8436,300.0000,65.0625,64.9809,13940.25,0.802671,92.843574
795.300,92.8436,300.0000,65.0000,64.9807,13939.33,0.802513,92.843574
795.400,92.8436,300.0000,65.0000,64.9806,13938.48,0.802366,92.843574
795.500,92.8436,300.0000,64.9375,64.9806,13937.68,0.802229,92.843574
795.600,92.8436,300.0000,65.0625,64.9805,13936.94,0.802100,92.843574
795.700,92.8436,300.0000,64.8750,64.9804,13936.25,0.801980,92.843574
795.800,92.8436,300.0000,64.9375,64.9803,13935.60,0.801869,92.843574
795.900,92.8436,300.0000,65.0000,64.9802,13935.00,0.801764,92.843574
796.000,92.8436,300.0000,65.0000,64.9802,13934.43,0.801667,92.843574
796.100,92.8436,300.0000,65.0000,64.9801,13933.91,0.801576,92.843574
796.200,92.8436,300.0000,64.8750,64.9800,13933.41,0.801491,92.843574
796.300,92.8436,300.0000,65.0625,64.9800,13932.96,0.801412,92.843574
796.400,92.8436,300.0000,65.0000,64.9799,13932.53,0.801338,92.843574
796.500,92.8436,300.0000,64.9375,64.9799,13932.13,0.801270,92.843574
796.600,92.8436,300.0000,64.9375,64.9798,13931.76,0.801205,92.843574
796.700,92.8436,300.0000,65.1250,64.9798,13931.41,0.801145,92.843574
796.800,92.8436,300.0000,64.9375,64.9798,13931.08,0.801089,92.843574
796.900,92.8436,300.0000,64.8750,64.9797,13930.78,0.801037,92.843574
797.000,92.2316,300.0000,65.0000,64.9797,13924.38,0.799933,92.829966
797.100,92.2316,300.0000,65.0625,64.9798,13918.40,0.798903,92.829966
797.200,92.2316,300.0000,64.9375,64.9799,13912.82,0.797943,92.829966
797.300,92.2316,300.0000,65.0000,64.9801,13907.62,0.797048,92.829966
797.400,92.2316,300.0000,65.0000,64.9803,13902.76,0.796213,92.829966
797.500,92.2316,300.0000,64.9375,64.9805,13898.22,0.795434,92.829966
797.600,92.2316,300.0000,65.0625,64.9808,13893.99,0.794707,92.829966
797.700,92.2316,300.0000,65.0000,64.9811,13890.04,0.794030,92.829966
797.800,92.2316,300.0000,64.9375,64.9814,13886.35,0.793398,92.829966
797.900,92.2316,300.0000,64.9375,64.9818,13882.91,0.792808,92.829966
798.000,92.5240,300.0000,65.0625,64.9821,13882.62,0.792759,92.823162
798.100,92.5240,300.0000,64.8750,64.9825,13882.36,0.792713,92.823162
798.200,92.5240,300.0000,64.9375,64.9828,13882.11,0.792670,92.823162
798.300,92.5240,300.0000,65.0000,64.9832,13881.87,0.792630,92.823162
798.400,92.5240,300.0000,64.8750,64.9836,13881.65,0.792592,92.823162
798.500,92.5240,300.0000,64.9375,64.9839,13881.45,0.792557,92.823162
798.600,92.5240,300.0000,65.0625,64.9843,13881.26,0.792525,92.823162
798.700,92.5240,300.0000,64.9375,64.9847,13881.08,0.792494,92.823162
798.800,92.5240,300.0000,65.0000,64.9850,13880.92,0.792466,92.823162
798.900,92.5240,300.0000,65.0000,64.9854,13880.76,0.792439,92.823162
799.000,92.8232,300.0000,64.9375,64.9858,13883.61,0.792927,92.823162
799.100,92.8232,300.0000,65.0625,64.9861,13886.27,0.793383,92.823162
799.200,92.8232,300.0000,65.0000,64.9864,13888.75,0.793808,92.823162
799.300,92.8232,300.0000,65.0625,64.9867,13891.06,0.794205,92.823162
799.400,92.8232,300.0000,65.0625,64.9869,13893.22,0.794576,92.823162
799.500,92.8232,300.0000,65.0000,64.9872,13895.24,0.794922,92.823162
799.600,92.8232,300.0000,65.0000,64.9874,13897.12,0.795245,92.823162
799.700,92.8232,300.0000,64.9375,64.9876,13898.88,0.795546,92.823162
799.800,92.8232,300.0000,64.9375,64.9878,13900.52,0.795828,92.823162
799.900,92.8232,300.0000,64.9375,64.9880,13902.05,0.796091,92.823162
800.000,92.5172,300.0000,65.0000,64.9882,13900.42,0.795811,92.816358
800.100,92.5172,300.0000,64.9375,64.9884,13898.89,0.795549,92.816358
800.200,92.5172,300.0000,65.0000,64.9886,13897.47,0.795305,92.816358
800.300,92.5172,300.0000,65.0000,64.9888,13896.15,0.795077,92.816358
800.400,92.5172,300.0000,65.0000,64.9891,13894.91,0.794865,92.816358
800.500,92.5172,300.0000,65.0000,64.9893,13893.75,0.794667,92.816358
800.600,92.5172,300.0000,65.0000,64.9896,13892.67,0.794481,92.816358
800.700,92.5172,300.0000,64.9375,64.9899,13891.67,0.794309,92.816358
800.800,92.5172,300.0000,64.9375,64.9901,13890.73,0.794148,92.816358
800.900,92.5172,300.0000,64.9375,64.9904,13889.85,0.793997,92.816358
801.000,92.5104,300.0000,64.9375,64.9907,13888.96,0.793845,92.809553
801.100,92.5104,300.0000,65.0000,64.9910,13888.14,0.793703,92.809553
801.200,92.5104,300.0000,64.9375,64.9913,13887.36,0.793571,92.809553
801.300,92.5104,300.0000,64.9375,64.9916,13886.64,0.793447,92.809553
801.400,92.5104,300.0000,64.8750,64.9919,13885.97,0.793332,92.809553
801.500,92.5104,300.0000,64.9375,64.9922,13885.34,0.793224,92.809553
801.600,92.5104,300.0000,64.9375,64.9925,13884.76,0.793124,92.809553
801.700,92.5104,300.0000,64.9375,64.9929,13884.21,0.793030,92.809553
801.800,92.5104,300.0000,65.1250,64.9932,13883.70,0.792943,92.809553
801.900,92.5104,300.0000,64.9375,64.9935,13883.22,0.792861,92.809553
802.000,92.5036,300.0000,64.8750,64.9939,13882.71,0.792773,92.802749
802.100,92.5036,300.0000,64.9375,64.9942,13882.23,0.792691,92.802749
802.200,92.5036,300.0000,64.9375,64.9945,13881.79,0.792615,92.802749
802.300,92.5036,300.0000,65.0625,64.9949,13881.37,0.792544,92.802749
802.400,92.5036,300.0000,65.0000,64.9952,13880.98,0.792477,92.802749
802.500,92.5036,300.0000,64.9375,64.9956,13880.62,0.792415,92.802749
802.600,92.5036,300.0000,64.9375,64.9959,13880.28,0.792357,92.802749
802.700,92.5036,300.0000,64.9375,64.9963,13879.96,0.792302,92.802749
802.800,92.5036,300.0000,65.0000,64.9966,13879.67,0.792252,92.802749
802.900,92.5036,300.0000,64.9375,64.9970,13879.39,0.792205,92.802749
803.000,92.4967,300.0000,64.9375,64.9973,13879.07,0.792149,92.795945
803.100,92.4967,300.0000,65.0000,64.9977,13878.76,0.792097,92.795945
803.200,92.4967,300.0000,64.8750,64.9980,13878.48,0.792049,92.795945
803.300,92.4967,300.0000,65.0625,64.9984,13878.21,0.792003,92.795945
803.400,92.4967,300.0000,65.0000,64.9988,13877.97,0.791961,92.795945
803.500,92.4967,300.0000,65.0625,64.9991,13877.74,0.791922,92.795945
803.600,92.4967,300.0000,65.0000,64.9995,13877.52,0.791885,92.795945
803.700,92.4967,300.0000,64.8750,64.9998,13877.32,0.791850,92.795945
803.800,92.4967,300.0000,65.0000,65.0002,13877.13,0.791818,92.795945
803.900,92.4967,300.0000,65.0000,65.0006,13876.96,0.791788,92.795945
804.000,92.7959,300.0000,65.0625,65.0009,13879.79,0.792273,92.795945
804.100,92.7959,300.0000,64.9375,65.0012,13882.43,0.792725,92.795945
804.200,92.7959,300.0000,65.0000,65.0015,13884.89,0.793147,92.795945
804.300,92.7959,300.0000,65.0000,65.0018,13887.19,0.793541,92.795945
804.400,92.7959,300.0000,65.0000,65.0021,13889.34,0.793909,92.795945
804.500,92.7959,300.0000,65.0000,65.0023,13891.34,0.794253,92.795945
804.600,92.7959,300.0000,64.9375,65.0025,13893.21,0.794574,92.795945
804.700,92.7959,300.0000,65.0000,65.0027,13894.96,0.794873,92.795945
804.800,92.7959,300.0000,65.0000,65.0029,13896.59,0.795153,92.795945
804.900,92.7959,300.0000,64.9375,65.0031,13898.11,0.795414,92.795945
805.000,92.4899,300.0000,64.8750,65.0033,13896.47,0.795132,92.789141
805.100,92.4899,300.0000,65.0000,65.0035,13894.93,0.794869,92.789141
805.200,92.4899,300.0000,65.0000,65.0038,13893.51,0.794624,92.789141
805.300,92.4899,300.0000,64.9375,65.0040,13892.17,0.794395,92.789141
805.400,92.4899,300.0000,64.9375,65.0042,13890.93,0.794182,92.789141
805.500,92.4899,300.0000,65.0000,65.0045,13889.76,0.793982,92.789141
805.600,92.4899,300.0000,64.9375,65.0047,13888.68,0.793796,92.789141
805.700,92.4899,300.0000,65.0000,65.0050,13887.67,0.793623,92.789141
805.800,92.4899,300.0000,65.0000,65.0053,13886.72,0.793461,92.789141
805.900,92.4899,300.0000,65.0000,65.0056,13885.84,0.793309,92.789141
806.000,92.7891,300.0000,65.0625,65.0058,13888.01,0.793681,92.789141
806.100,92.7891,300.0000,65.0000,65.0061,13890.03,0.794028,92.789141
806.200,92.7891,300.0000,64.9375,65.0063,13891.92,0.794352,92.789141
806.300,92.7891,300.0000,65.0625,65.0065,13893.68,0.794655,92.789141
806.400,92.7891,300.0000,65.0625,65.0067,13895.33,0.794937,92.789141
806.500,92.7891,300.0000,65.0000,65.0069,13896.87,0.795201,92.789141
806.600,92.7891,300.0000,65.0000,65.0071,13898.30,0.795447,92.789141
806.700,92.7891,300.0000,65.0000,65.0072,13899.64,0.795677,92.789141
806.800,92.7891,300.0000,64.9375,65.0074,13900.89,0.795891,92.789141
806.900,92.7891,300.0000,65.0000,65.0075,13902.05,0.796092,92.789141
807.000,92.7891,300.0000,65.0625,65.0076,13903.14,0.796278,92.789141
807.100,92.7891,300.0000,65.0000,65.0078,13904.16,0.796453,92.789141
807.200,92.7891,300.0000,65.0000,65.0079,13905.10,0.796616,92.789141
807.300,92.7891,300.0000,65.0000,65.0080,13905.99,0.796768,92.789141
807.400,92.7891,300.0000,64.9375,65.0081,13906.81,0.796910,92.789141
807.500,92.7891,300.0000,65.0000,65.0082,13907.58,0.797042,92.789141
807.600,92.7891,300.0000,65.0000,65.0083,13908.30,0.797166,92.789141
807.700,92.7891,300.0000,64.9375,65.0084,13908.97,0.797281,92.789141
807.800,92.7891,300.0000,65.0000,65.0084,13909.60,0.797389,92.789141
807.900,92.7891,300.0000,65.0000,65.0085,13910.19,0.797490,92.789141
808.000,92.7891,300.0000,65.0625,65.0086,13910.73,0.797583,92.789141
808.100,92.7891,300.0000,65.0000,65.0086,13911.24,0.797671,92.789141
808.200,92.7891,300.0000,65.0000,65.0087,13911.72,0.797753,92.789141
808.300,92.7891,300.0000,65.0000,65.0087,13912.16,0.797829,92.789141
808.400,92.7891,300.0000,65.0625,65.0088,13912.57,0.797900,92.789141
808.500,92.7891,300.0000,64.9375,65.0088,13912.96,0.797967,92.789141
808.600,92.7891,300.0000,64.9375,65.0089,13913.32,0.798029,92.789141
808.700,92.7891,300.0000,65.0000,65.0089,13913.66,0.798087,92.789141
808.800,92.7891,300.0000,65.0625,65.0090,13913.97,0.798141,92.789141
808.900,92.7891,300.0000,64.9375,65.0090,13914.27,0.798191,92.789141
809.000,92.4831,300.0000,65.0000,65.0091,13911.48,0.797712,92.782336
809.100,92.4831,300.0000,64.9375,65.0091,13908.88,0.797265,92.782336
809.200,92.4831,300.0000,65.0625,65.0092,13906.45,0.796847,92.782336
809.300,92.4831,300.0000,65.0000,65.0094,13904.19,0.796458,92.782336
809.400,92.4831,300.0000,65.0000,65.0095,13902.07,0.796095,92.782336
809.500,92.4831,300.0000,65.0625,65.0097,13900.10,0.795756,92.782336
809.600,92.4831,300.0000,65.0000,65.0098,13898.26,0.795440,92.782336
809.700,92.4831,300.0000,65.0625,65.0100,13896.54,0.795144,92.782336
809.800,92.4831,300.0000,65.0000,65.0102,13894.93,0.794869,92.782336
809.900,92.4831,300.0000,65.0625,65.0104,13893.44,0.794612,92.782336
810.000,93.0883,300.0000,65.0000,65.0106,13898.09,0.795411,92.789141
810.100,93.0883,300.0000,65.0625,65.0107,13902.43,0.796157,92.789141
810.200,93.0883,300.0000,65.0625,65.0108,13906.49,0.796854,92.789141
810.300,93.0883,300.0000,65.0000,65.0109,13910.27,0.797504,92.789141
810.400,93.0883,300.0000,65.0000,65.0109,13913.80,0.798112,92.789141
810.500,93.0883,300.0000,64.9375,65.0109,13917.10,0.798679,92.789141
810.600,93.0883,300.0000,64.9375,65.0109,13920.18,0.799209,92.789141
810.700,93.0883,300.0000,65.0625,65.0109,13923.05,0.799704,92.789141
810.800,93.0883,300.0000,65.1250,65.0108,13925.73,0.800166,92.789141
810.900,93.0883,300.0000,65.0000,65.0107,13928.23,0.800597,92.789141
811.000,92.7891,300.0000,65.0000,65.0106,13927.57,0.800484,92.789141
811.100,92.7891,300.0000,64.9375,65.0106,13926.96,0.800378,92.789141
811.200,92.7891,300.0000,65.0625,65.0105,13926.39,0.800279,92.789141
811.300,92.7891,300.0000,64.9375,65.0104,13925.85,0.800187,92.789141
811.400,92.7891,300.0000,65.0000,65.0104,13925.35,0.800101,92.789141
811.500,92.7891,300.0000,65.0000,65.0103,13924.89,0.800021,92.789141
811.600,92.7891,300.0000,65.0625,65.0103,13924.45,0.799946,92.789141
811.700,92.7891,300.0000,65.0000,65.0102,13924.05,0.799876,92.789141
811.800,92.7891,300.0000,64.9375,65.0102,13923.67,0.799811,92.789141
811.900,92.7891,300.0000,65.0000,65.0101,13923.32,0.799750,92.789141
812.000,92.7891,300.0000,65.0000,65.0101,13922.99,0.799693,92.789141
812.100,92.7891,300.0000,65.0000,65.0101,13922.68,0.799640,92.789141
812.200,92.7891,300.0000,65.0000,65.0100,13922.39,0.799591,92.789141
812.300,92.7891,300.0000,65.0625,65.0100,13922.12,0.799545,92.789141
812.400,92.7891,300.0000,65.0000,65.0100,13921.87,0.799502,92.789141
812.500,92.7891,300.0000,65.0000,65.0099,13921.64,0.799461,92.789141
812.600,92.7891,300.0000,65.0000,65.0099,13921.42,0.799424,92.789141
812.700,92.7891,300.0000,65.0000,65.0099,13921.22,0.799389,92.789141
812.800,92.7891,300.0000,64.9375,65.0099,13921.03,0.799356,92.789141
812.900,92.7891,300.0000,64.9375,65.0098,13920.85,0.799325,92.789141
813.000,92.4831,300.0000,65.0625,65.0098,13917.63,0.798770,92.782336
813.100,92.4831,300.0000,65.0625,65.0099,13914.62,0.798252,92.782336
813.200,92.4831,300.0000,65.0000,65.0099,13911.81,0.797768,92.782336
813.300,92.4831,300.0000,65.0000,65.0100,13909.18,0.797317,92.782336
813.400,92.4831,300.0000,64.8750,65.0101,13906.74,0.796896,92.782336
813.500,92.4831,300.0000,65.0000,65.0102,13904.45,0.796504,92.782336
813.600,92.4831,300.0000,65.0625,65.0104,13902.32,0.796137,92.782336
813.700,92.4831,300.0000,64.9375,65.0105,13900.33,0.795796,92.782336
813.800,92.4831,300.0000,65.0625,65.0107,13898.47,0.795477,92.782336
813.900,92.4831,300.0000,65.0000,65.0108,13896.74,0.795179,92.782336
814.000,92.7823,300.0000,65.0625,65.0110,13898.11,0.795415,92.782336
814.100,92.7823,300.0000,65.0000,65.0112,13899.40,0.795635,92.782336
814.200,92.7823,300.0000,65.0000,65.0113,13900.59,0.795841,92.782336
814.300,92.7823,300.0000,65.0625,65.0114,13901.71,0.796033,92.782336
814.400,92.7823,300.0000,64.9375,65.0116,13902.75,0.796212,92.782336
814.500,92.7823,300.0000,65.0625,65.0117,13903.73,0.796379,92.782336
814.600,92.7823,300.0000,65.0625,65.0118,13904.63,0.796535,92.782336
814.700,92.7823,300.0000,65.0000,65.0119,13905.48,0.796681,92.782336
814.800,92.7823,300.0000,65.0625,65.0120,13906.27,0.796817,92.782336
814.900,92.7823,300.0000,65.0000,65.0121,13907.01,0.796944,92.782336
815.000,92.7823,300.0000,65.0625,65.0122,13907.70,0.797062,92.782336
815.100,92.7823,300.0000,65.0625,65.0122,13908.34,0.797173,92.782336
815.200,92.7823,300.0000,65.0000,65.0123,13908.94,0.797276,92.782336
815.300,92.7823,300.0000,65.0000,65.0124,13909.51,0.797373,92.782336
815.400,92.7823,300.0000,65.0000,65.0125,13910.03,0.797462,92.782336
815.500,92.7823,300.0000,65.0000,65.0125,13910.52,0.797546,92.782336
815.600,92.7823,300.0000,65.0000,65.0126,13910.97,0.797625,92.782336
815.700,92.7823,300.0000,65.0000,65.0126,13911.40,0.797698,92.782336
815.800,92.7823,300.0000,65.0625,65.0127,13911.79,0.797766,92.782336
815.900,92.7823,300.0000,65.0000,65.0127,13912.16,0.797830,92.782336
816.000,92.7823,300.0000,65.0625,65.0128,13912.51,0.797889,92.782336
816.100,92.7823,300.0000,65.0000,65.0128,13912.83,0.797945,92.782336
816.200,92.7823,300.0000,65.0000,65.0128,13913.13,0.797997,92.782336
816.300,92.7823,300.0000,65.0625,65.0129,13913.42,0.798045,92.782336
816.400,92.7823,300.0000,65.0000,65.0129,13913.68,0.798090,92.782336
816.500,92.7823,300.0000,65.0000,65.0129,13913.92,0.798132,92.782336
816.600,92.7823,300.0000,65.0000,65.0130,13914.15,0.798172,92.782336
816.700,92.7823,300.0000,65.0000,65.0130,13914.36,0.798208,92.782336
816.800,92.7823,300.0000,64.9375,65.0130,13914.56,0.798243,92.782336
816.900,92.7823,300.0000,64.9375,65.0130,13914.75,0.798275,92.782336
817.000,92.4763,300.0000,65.0000,65.0131,13911.86,0.797778,92.775532
817.100,92.4763,300.0000,65.0625,65.0132,13909.17,0.797315,92.775532
817.200,92.4763,300.0000,64.9375,65.0132,13906.65,0.796882,92.775532
817.300,92.4763,300.0000,65.0000,65.0134,13904.31,0.796479,92.775532
817.400,92.4763,300.0000,64.9375,65.0135,13902.12,0.796103,92.775532
817.500,92.4763,300.0000,64.9375,65.0136,13900.07,0.795751,92.775532
817.600,92.4763,300.0000,65.0000,65.0138,13898.16,0.795424,92.775532
817.700,92.4763,300.0000,65.0000,65.0140,13896.38,0.795118,92.775532
817.800,92.4763,300.0000,65.0000,65.0141,13894.72,0.794833,92.775532
817.900,92.4763,300.0000,65.0000,65.0143,13893.17,0.794566,92.775532
818.000,92.7755,300.0000,65.0000,65.0145,13894.71,0.794831,92.775532
818.100,92.7755,300.0000,64.9375,65.0147,13896.15,0.795079,92.775532
818.200,92.7755,300.0000,64.9375,65.0149,13897.50,0.795310,92.775532
818.300,92.7755,300.0000,65.0000,65.0150,13898.76,0.795525,92.775532
818.400,92.7755,300.0000,65.1250,65.0152,13899.93,0.795726,92.775532
818.500,92.7755,300.0000,65.1250,65.0153,13901.02,0.795914,92.775532
818.600,92.7755,300.0000,64.9375,65.0154,13902.04,0.796090,92.775532
818.700,92.7755,300.0000,65.0000,65.0155,13902.99,0.796253,92.775532
818.800,92.7755,300.0000,64.9375,65.0156,13903.88,0.796406,92.775532
818.900,92.7755,300.0000,65.0625,65.0157,13904.71,0.796549,92.775532
819.000,93.0815,300.0000,65.0000,65.0158,13908.55,0.797208,92.782336
819.100,93.0815,300.0000,65.0000,65.0159,13912.13,0.797823,92.782336
819.200,93.0815,300.0000,65.0000,65.0159,13915.47,0.798398,92.782336
819.300,93.0815,300.0000,64.9375,65.0158,13918.58,0.798935,92.782336
819.400,93.0815,300.0000,65.0625,65.0158,13921.49,0.799436,92.782336
819.500,93.0815,300.0000,65.0000,65.0157,13924.21,0.799904,92.782336
819.600,93.0815,300.0000,65.0000,65.0157,13926.74,0.800341,92.782336
819.700,93.0815,300.0000,65.0625,65.0156,13929.11,0.800749,92.782336
819.800,93.0815,300.0000,64.9375,65.0154,13931.32,0.801130,92.782336
819.900,93.0815,300.0000,64.9375,65.0153,13933.38,0.801485,92.782336
820.000,92.4763,300.0000,65.0000,65.0152,13929.25,0.800773,92.775532
820.100,92.4763,300.0000,65.0625,65.0151,13925.40,0.800109,92.775532
820.200,92.4763,300.0000,65.0000,65.0151,13921.80,0.799489,92.775532
820.300,92.4763,300.0000,65.0000,65.0151,13918.44,0.798911,92.775532
820.400,92.4763,300.0000,64.9375,65.0151,13915.31,0.798371,92.775532
820.500,92.4763,300.0000,65.0625,65.0151,13912.39,0.797868,92.775532
820.600,92.4763,300.0000,64.9375,65.0152,13909.66,0.797399,92.775532
820.700,92.4763,300.0000,65.0000,65.0153,13907.11,0.796961,92.775532
820.800,92.4763,300.0000,65.0625,65.0154,13904.73,0.796552,92.775532
820.900,92.4763,300.0000,65.0625,65.0155,13902.51,0.796171,92.775532
821.000,93.0815,300.0000,65.0000,65.0156,13906.50,0.796855,92.782336
821.100,93.0815,300.0000,65.0000,65.0156,13910.21,0.797494,92.782336
821.200,93.0815,300.0000,65.0000,65.0157,13913.68,0.798091,92.782336
821.300,93.0815,300.0000,65.0625,65.0157,13916.92,0.798648,92.782336
821.400,93.0815,300.0000,65.0000,65.0156,13919.94,0.799168,92.782336
821.500,93.0815,300.0000,64.9375,65.0156,13922.76,0.799654,92.782336
821.600,93.0815,300.0000,65.1875,65.0155,13925.39,0.800107,92.782336
821.700,93.0815,300.0000,65.0000,65.0154,13927.84,0.800531,92.782336
821.800,93.0815,300.0000,65.0625,65.0153,13930.14,0.800926,92.782336
821.900,93.0815,300.0000,65.0000,65.0152,13932.28,0.801295,92.782336
822.000,92.7823,300.0000,64.9375,65.0151,13931.28,0.801123,92.782336
822.100,92.7823,300.0000,65.0625,65.0150,13930.35,0.800963,92.782336
822.200,92.7823,300.0000,64.9375,65.0149,13929.49,0.800814,92.782336
822.300,92.7823,300.0000,64.9375,65.0148,13928.68,0.800674,92.782336
822.400,92.7823,300.0000,65.1250,65.0147,13927.92,0.800544,92.782336
822.500,92.7823,300.0000,65.0000,65.0146,13927.22,0.800422,92.782336
822.600,92.7823,300.0000,64.9375,65.0145,13926.56,0.800309,92.782336
822.700,92.7823,300.0000,65.0625,65.0144,13925.94,0.800203,92.782336
822.800,92.7823,300.0000,65.0000,65.0144,13925.37,0.800104,92.782336
822.900,92.7823,300.0000,65.0625,65.0143,13924.84,0.800012,92.782336
823.000,93.0883,300.0000,65.1250,65.0142,13927.40,0.800454,92.789141
823.100,93.0883,300.0000,65.0000,65.0141,13929.79,0.800866,92.789141
823.200,93.0883,300.0000,65.0625,65.0140,13932.02,0.801251,92.789141
823.300,93.0883,300.0000,65.0625,65.0139,13934.10,0.801610,92.789141
823.400,93.0883,300.0000,64.9375,65.0137,13936.04,0.801945,92.789141
823.500,93.0883,300.0000,65.0000,65.0135,13937.86,0.802259,92.789141
823.600,93.0883,300.0000,64.9375,65.0133,13939.55,0.802551,92.789141
823.700,93.0883,300.0000,65.0000,65.0131,13941.13,0.802824,92.789141
823.800,93.0883,300.0000,64.8750,65.0129,13942.61,0.803079,92.789141
823.900,93.0883,300.0000,65.0000,65.0127,13943.98,0.803316,92.789141
824.000,92.7891,300.0000,65.0000,65.0125,13942.27,0.803021,92.789141
824.100,92.7891,300.0000,64.9375,65.0123,13940.68,0.802746,92.789141
824.200,92.7891,300.0000,65.1250,65.0121,13939.19,0.802489,92.789141
824.300,92.7891,300.0000,65.0000,65.0120,13937.81,0.802249,92.789141
824.400,92.7891,300.0000,65.0625,65.0118,13936.51,0.802026,92.789141
824.500,92.7891,300.0000,65.0000,65.0117,13935.30,0.801817,92.789141
824.600,92.7891,300.0000,65.0625,65.0115,13934.17,0.801622,92.789141
824.700,92.7891,300.0000,65.0625,65.0114,13933.12,0.801440,92.789141
824.800,92.7891,300.0000,65.0625,65.0113,13932.14,0.801271,92.789141
824.900,92.7891,300.0000,65.0000,65.0112,13931.22,0.801112,92.789141
825.000,92.7891,300.0000,64.9375,65.0111,13930.36,0.800965,92.789141
825.100,92.7891,300.0000,65.0625,65.0110,13929.56,0.800827,92.789141
825.200,92.7891,300.0000,65.0625,65.0109,13928.82,0.800698,92.789141
825.300,92.7891,300.0000,65.1875,65.0108,13928.12,0.800578,92.789141
825.400,92.7891,300.0000,65.0625,65.0107,13927.47,0.800466,92.789141
825.500,92.7891,300.0000,64.9375,65.0107,13926.86,0.800361,92.789141
825.600,92.7891,300.0000,65.0000,65.0106,13926.30,0.800264,92.789141
825.700,92.7891,300.0000,65.0000,65.0105,13925.77,0.800173,92.789141
825.800,92.7891,300.0000,64.9375,65.0105,13925.28,0.800088,92.789141
825.900,92.7891,300.0000,65.0000,65.0104,13924.82,0.800008,92.789141
826.000,92.7891,300.0000,65.0625,65.0104,13924.39,0.799934,92.789141
826.100,92.7891,300.0000,65.0000,65.0103,13923.98,0.799865,92.789141
826.200,92.7891,300.0000,65.0000,65.0103,13923.61,0.799801,92.789141
826.300,92.7891,300.0000,65.0000,65.0102,13923.26,0.799741,92.789141
826.400,92.7891,300.0000,65.0625,65.0102,13922.94,0.799684,92.789141
826.500,92.7891,300.0000,65.0000,65.0102,13922.63,0.799632,92.789141
826.600,92.7891,300.0000,65.0000,65.0101,13922.35,0.799583,92.789141
826.700,92.7891,300.0000,65.0000,65.0101,13922.08,0.799537,92.789141
826.800,92.7891,300.0000,65.0625,65.0101,13921.83,0.799495,92.789141
826.900,92.7891,300.0000,65.1250,65.0101,13921.60,0.799455,92.789141
827.000,93.4011,300.0000,64.9375,65.0100,13927.51,0.800473,92.802749
827.100,93.4011,300.0000,65.0000,65.0099,13933.02,0.801423,92.802749
827.200,93.4011,300.0000,65.0000,65.0097,13938.16,0.802311,92.802749
827.300,93.4011,300.0000,65.0625,65.0095,13942.96,0.803140,92.802749
827.400,93.4011,300.0000,65.0000,65.0092,13947.44,0.803915,92.802749
827.500,93.4011,300.0000,65.0625,65.0090,13951.63,0.804638,92.802749
827.600,93.4011,300.0000,65.0000,65.0087,13955.53,0.805314,92.802749
827.700,93.4011,300.0000,65.0000,65.0083,13959.17,0.805944,92.802749
827.800,93.4011,300.0000,65.0000,65.0080,13962.57,0.806534,92.802749
827.900,93.4011,300.0000,65.0000,65.0076,13965.74,0.807084,92.802749
828.000,92.8027,300.0000,65.0625,65.0072,13962.72,0.806560,92.802749
828.100,92.8027,300.0000,65.0000,65.0069,13959.90,0.806071,92.802749
828.200,92.8027,300.0000,65.0000,65.0066,13957.27,0.805615,92.802749
828.300,92.8027,300.0000,65.0000,65.0063,13954.81,0.805190,92.802749
828.400,92.8027,300.0000,64.8750,65.0060,13952.52,0.804793,92.802749
828.500,92.8027,300.0000,64.9375,65.0057,13950.38,0.804422,92.802749
828.600,92.8027,300.0000,65.0000,65.0055,13948.38,0.804077,92.802749
828.700,92.8027,300.0000,65.0625,65.0053,13946.52,0.803754,92.802749
828.800,92.8027,300.0000,65.0625,65.0051,13944.78,0.803454,92.802749
828.900,92.8027,300.0000,65.0000,65.0049,13943.15,0.803173,92.802749
829.000,92.8027,300.0000,65.0000,65.0047,13941.64,0.802911,92.802749
829.100,92.8027,300.0000,65.0000,65.0045,13940.22,0.802667,92.802749
829.200,92.8027,300.0000,64.9375,65.0044,13938.90,0.802438,92.802749
829.300,92.8027,300.0000,65.0625,65.0042,13937.67,0.802226,92.802749
829.400,92.8027,300.0000,65.0625,65.0041,13936.52,0.802027,92.802749
829.500,92.8027,300.0000,65.0000,65.0039,13935.44,0.801842,92.802749
829.600,92.8027,300.0000,65.0625,65.0038,13934.44,0.801669,92.802749
829.700,92.8027,300.0000,65.0000,65.0037,13933.51,0.801507,92.802749
829.800,92.8027,300.0000,65.0000,65.0036,13932.63,0.801357,92.802749
829.900,92.8027,300.0000,65.0000,65.0035,13931.82,0.801216,92.802749
830.000,92.8027,300.0000,65.0000,65.0034,13931.06,0.801085,92.802749
830.100,92.8027,300.0000,65.0000,65.0033,13930.35,0.800962,92.802749
830.200,92.8027,300.0000,64.9375,65.0033,13929.69,0.800848,92.802749
830.300,92.8027,300.0000,65.0000,65.0032,13929.07,0.800742,92.802749
830.400,92.8027,300.0000,65.0000,65.0031,13928.49,0.800642,92.802749
830.500,92.8027,300.0000,65.0000,65.0030,13927.95,0.800549,92.802749
830.600,92.8027,300.0000,65.0000,65.0030,13927.45,0.800463,92.802749
830.700,92.8027,300.0000,65.0625,65.0029,13926.98,0.800382,92.802749
830.800,92.8027,300.0000,65.0000,65.0029,13926.54,0.800306,92.802749
830.900,92.8027,300.0000,65.0000,65.0028,13926.13,0.800236,92.802749
831.000,92.8027,300.0000,65.0000,65.0028,13925.75,0.800170,92.802749
831.100,92.8027,300.0000,64.9375,65.0027,13925.40,0.800109,92.802749
831.200,92.8027,300.0000,65.1250,65.0027,13925.06,0.800051,92.802749
831.300,92.8027,300.0000,64.9375,65.0027,13924.75,0.799998,92.802749
831.400,92.8027,300.0000,64.9375,65.0026,13924.46,0.799948,92.802749
831.500,92.8027,300.0000,64.9375,65.0026,13924.19,0.799901,92.802749
831.600,92.8027,300.0000,65.1250,65.0026,13923.94,0.799858,92.802749
831.700,92.8027,300.0000,65.0000,65.0025,13923.71,0.799817,92.802749
831.800,92.8027,300.0000,65.0000,65.0025,13923.49,0.799780,92.802749
831.900,92.8027,300.0000,64.8750,65.0025,13923.28,0.799744,92.802749
832.000,92.1908,300.0000,65.0625,65.0025,13916.97,0.798657,92.789141
832.100,92.1908,300.0000,65.0625,65.0026,13911.08,0.797643,92.789141
832.200,92.1908,300.0000,65.0625,65.0027,13905.58,0.796698,92.789141
832.300,92.1908,300.0000,65.0625,65.0029,13900.45,0.795816,92.789141
832.400,92.1908,300.0000,65.0625,65.0031,13895.66,0.794994,92.789141
832.500,92.1908,300.0000,65.0625,65.0033,13891.19,0.794227,92.789141
832.600,92.1908,300.0000,65.0625,65.0036,13887.02,0.793512,92.789141
832.700,92.1908,300.0000,65.0625,65.0039,13883.13,0.792845,92.789141
832.800,92.1908,300.0000,65.0000,65.0042,13879.49,0.792222,92.789141
832.900,92.1908,300.0000,65.0000,65.0046,13876.10,0.791641,92.789141
833.000,92.7891,300.0000,65.0000,65.0050,13878.92,0.792124,92.789141
833.100,92.7891,300.0000,64.9375,65.0053,13881.55,0.792574,92.789141
833.200,92.7891,300.0000,65.0000,65.0056,13884.00,0.792995,92.789141
833.300,92.7891,300.0000,65.0000,65.0058,13886.29,0.793387,92.789141
833.400,92.7891,300.0000,65.0625,65.0061,13888.43,0.793754,92.789141
833.500,92.7891,300.0000,64.9375,65.0063,13890.43,0.794096,92.789141
833.600,92.7891,300.0000,65.0000,65.0066,13892.29,0.794416,92.789141
833.700,92.7891,300.0000,65.0000,65.0068,13894.03,0.794714,92.789141
833.800,92.7891,300.0000,65.1250,65.0070,13895.65,0.794993,92.789141
833.900,92.7891,300.0000,64.9375,65.0072,13897.17,0.795253,92.789141
834.000,92.4831,300.0000,65.0625,65.0073,13895.52,0.794970,92.782336
834.100,92.4831,300.0000,65.1250,65.0076,13893.98,0.794706,92.782336
834.200,92.4831,300.0000,65.0000,65.0078,13892.55,0.794460,92.782336
834.300,92.4831,300.0000,64.9375,65.0080,13891.21,0.794231,92.782336
834.400,92.4831,300.0000,64.9375,65.0082,13889.96,0.794016,92.782336
834.500,92.4831,300.0000,65.0625,65.0085,13888.80,0.793816,92.782336
834.600,92.4831,300.0000,65.1250,65.0088,13887.71,0.793630,92.782336
834.700,92.4831,300.0000,65.0000,65.0090,13886.69,0.793456,92.782336
834.800,92.4831,300.0000,65.0000,65.0093,13885.74,0.793293,92.782336
834.900,92.4831,300.0000,65.0000,65.0096,13884.86,0.793141,92.782336
835.000,92.7823,300.0000,64.9375,65.0098,13887.03,0.793513,92.782336
835.100,92.7823,300.0000,65.0625,65.0101,13889.05,0.793859,92.782336
835.200,92.7823,300.0000,65.0000,65.0103,13890.93,0.794183,92.782336
835.300,92.7823,300.0000,65.0000,65.0105,13892.69,0.794485,92.782336
835.400,92.7823,300.0000,65.0625,65.0107,13894.34,0.794767,92.782336
835.500,92.7823,300.0000,65.0000,65.0109,13895.87,0.795030,92.782336
835.600,92.7823,300.0000,65.0000,65.0111,13897.30,0.795276,92.782336
835.700,92.7823,300.0000,65.0000,65.0112,13898.64,0.795506,92.782336
835.800,92.7823,300.0000,64.8750,65.0114,13899.89,0.795720,92.782336
835.900,92.7823,300.0000,65.0000,65.0115,13901.05,0.795920,92.782336
836.000,92.7823,300.0000,64.9375,65.0117,13902.14,0.796106,92.782336
836.100,92.7823,300.0000,65.0000,65.0118,13903.15,0.796281,92.782336
836.200,92.7823,300.0000,65.0625,65.0119,13904.10,0.796443,92.782336
836.300,92.7823,300.0000,65.0000,65.0120,13904.98,0.796595,92.782336
836.400,92.7823,300.0000,65.0000,65.0121,13905.81,0.796737,92.782336
836.500,92.7823,300.0000,64.9375,65.0122,13906.58,0.796869,92.782336
836.600,92.7823,300.0000,65.0000,65.0123,13907.30,0.796993,92.782336
836.700,92.7823,300.0000,65.0000,65.0124,13907.97,0.797108,92.782336
836.800,92.7823,300.0000,65.0000,65.0124,13908.59,0.797215,92.782336
836.900,92.7823,300.0000,64.9375,65.0125,13909.18,0.797316,92.782336
837.000,92.4763,300.0000,65.0000,65.0126,13906.66,0.796883,92.775532
837.100,92.4763,300.0000,65.0000,65.0127,13904.31,0.796480,92.775532
837.200,92.4763,300.0000,65.0625,65.0128,13902.12,0.796103,92.775532
837.300,92.4763,300.0000,65.0000,65.0130,13900.08,0.795752,92.775532
837.400,92.4763,300.0000,64.9375,65.0131,13898.17,0.795425,92.775532
837.500,92.4763,300.0000,65.0625,65.0133,13896.39,0.795119,92.775532
837.600,92.4763,300.0000,65.0625,65.0135,13894.73,0.794833,92.775532
837.700,92.4763,300.0000,65.0625,65.0137,13893.17,0.794567,92.775532
837.800,92.4763,300.0000,65.0000,65.0139,13891.73,0.794319,92.775532
837.900,92.4763,300.0000,64.9375,65.0141,13890.37,0.794087,92.775532
838.000,92.4695,300.0000,65.0625,65.0144,13889.04,0.793859,92.768728
838.100,92.4695,300.0000,65.0000,65.0146,13887.80,0.793646,92.768728
838.200,92.4695,300.0000,65.1250,65.0149,13886.64,0.793448,92.768728
838.300,92.4695,300.0000,64.9375,65.0151,13885.56,0.793262,92.768728
838.400,92.4695,300.0000,65.0000,65.0154,13884.56,0.793089,92.768728
838.500,92.4695,300.0000,64.9375,65.0157,13883.61,0.792928,92.768728
838.600,92.4695,300.0000,65.0000,65.0160,13882.73,0.792777,92.768728
838.700,92.4695,300.0000,64.9375,65.0163,13881.91,0.792637,92.768728
838.800,92.4695,300.0000,65.0000,65.0166,13881.15,0.792506,92.768728
838.900,92.4695,300.0000,64.9375,65.0169,13880.43,0.792383,92.768728
839.000,92.4627,300.0000,64.8750,65.0172,13879.70,0.792258,92.761924
839.100,92.4627,300.0000,65.0000,65.0175,13879.01,0.792140,92.761924
839.200,92.4627,300.0000,65.0000,65.0178,13878.37,0.792030,92.761924
839.300,92.4627,300.0000,65.1250,65.0181,13877.78,0.791928,92.761924
839.400,92.4627,300.0000,65.1250,65.0184,13877.22,0.791833,92.761924
839.500,92.4627,300.0000,65.0000,65.0188,13876.70,0.791744,92.761924
839.600,92.4627,300.0000,65.0000,65.0191,13876.21,0.791660,92.761924
839.700,92.4627,300.0000,65.0000,65.0194,13875.76,0.791583,92.761924
839.800,92.4627,300.0000,65.0000,65.0198,13875.33,0.791510,92.761924
839.900,92.4627,300.0000,65.0000,65.0201,13874.94,0.791443,92.761924
840.000,92.7619,300.0000,65.0625,65.0204,13877.56,0.791892,92.761924
840.100,92.7619,300.0000,65.0000,65.0207,13880.01,0.792311,92.761924
840.200,92.7619,300.0000,65.0000,65.0210,13882.30,0.792702,92.761924
840.300,92.7619,300.0000,65.0625,65.0212,13884.43,0.793068,92.761924
840.400,92.7619,300.0000,65.0000,65.0215,13886.42,0.793409,92.761924
840.500,92.7619,300.0000,65.0000,65.0217,13888.28,0.793727,92.761924
840.600,92.7619,300.0000,64.9375,65.0219,13890.01,0.794025,92.761924
840.700,92.7619,300.0000,65.0625,65.0221,13891.63,0.794302,92.761924
840.800,92.7619,300.0000,65.0625,65.0223,13893.14,0.794562,92.761924
840.900,92.7619,300.0000,65.0000,65.0225,13894.55,0.794803,92.761924
841.000,92.7619,300.0000,65.0000,65.0226,13895.87,0.795029,92.761924
841.100,92.7619,300.0000,65.0000,65.0228,13897.09,0.795240,92.761924
841.200,92.7619,300.0000,65.0000,65.0229,13898.24,0.795437,92.761924
841.300,92.7619,300.0000,65.1250,65.0230,13899.31,0.795621,92.761924
841.400,92.7619,300.0000,65.0000,65.0232,13900.31,0.795792,92.761924
841.500,92.7619,300.0000,65.0000,65.0233,13901.24,0.795952,92.761924
841.600,92.7619,300.0000,65.0625,65.0234,13902.11,0.796102,92.761924
841.700,92.7619,300.0000,65.0625,65.0235,13902.92,0.796241,92.761924
841.800,92.7619,300.0000,65.0000,65.0236,13903.68,0.796371,92.761924
841.900,92.7619,300.0000,65.0000,65.0237,13904.39,0.796493,92.761924
842.000,92.7619,300.0000,65.0625,65.0237,13905.05,0.796606,92.761924
842.100,92.7619,300.0000,65.0625,65.0238,13905.66,0.796712,92.761924
842.200,92.7619,300.0000,64.9375,65.0239,13906.24,0.796811,92.761924
842.300,92.7619,300.0000,65.0625,65.0239,13906.78,0.796903,92.761924
842.400,92.7619,300.0000,65.0000,65.0240,13907.28,0.796989,92.761924
842.500,92.7619,300.0000,65.0000,65.0241,13907.74,0.797070,92.761924
842.600,92.7619,300.0000,65.0625,65.0241,13908.18,0.797145,92.761924
842.700,92.7619,300.0000,64.8750,65.0242,13908.59,0.797215,92.761924
842.800,92.7619,300.0000,65.0000,65.0242,13908.97,0.797280,92.761924
842.900,92.7619,300.0000,65.0000,65.0243,13909.32,0.797341,92.761924
843.000,92.7619,300.0000,65.0000,65.0243,13909.65,0.797398,92.761924
843.100,92.7619,300.0000,65.0625,65.0243,13909.96,0.797451,92.761924
843.200,92.7619,300.0000,65.0000,65.0244,13910.25,0.797501,92.761924
843.300,92.7619,300.0000,64.9375,65.0244,13910.52,0.797547,92.761924
843.400,92.7619,300.0000,65.0625,65.0244,13910.77,0.797590,92.761924
843.500,92.7619,300.0000,65.0625,65.0245,13911.01,0.797631,92.761924
843.600,92.7619,300.0000,65.0625,65.0245,13911.22,0.797668,92.761924
843.700,92.7619,300.0000,64.9375,65.0245,13911.43,0.797703,92.761924
843.800,92.7619,300.0000,65.0625,65.0245,13911.62,0.797736,92.761924
843.900,92.7619,300.0000,65.0625,65.0246,13911.80,0.797767,92.761924
844.000,93.0679,300.0000,64.9375,65.0246,13915.02,0.798322,92.768728
844.100,93.0679,300.0000,65.0000,65.0245,13918.03,0.798840,92.768728
844.200,93.0679,300.0000,65.1250,65.0245,13920.84,0.799324,92.768728
844.300,93.0679,300.0000,65.0625,65.0244,13923.47,0.799776,92.768728
844.400,93.0679,300.0000,65.0625,65.0243,13925.92,0.800198,92.768728
844.500,93.0679,300.0000,64.9375,65.0242,13928.20,0.800592,92.768728
844.600,93.0679,300.0000,65.0000,65.0241,13930.33,0.800960,92.768728
844.700,93.0679,300.0000,65.0000,65.0239,13932.32,0.801303,92.768728
844.800,93.0679,300.0000,65.0625,65.0237,13934.18,0.801624,92.768728
844.900,93.0679,300.0000,64.9375,65.0236,13935.91,0.801923,92.768728
845.000,92.4627,300.0000,65.0000,65.0234,13931.48,0.801158,92.761924
845.100,92.4627,300.0000,65.0625,65.0233,13927.34,0.800444,92.761924
845.200,92.4627,300.0000,64.9375,65.0233,13923.48,0.799778,92.761924
845.300,92.4627,300.0000,65.0000,65.0232,13919.88,0.799157,92.761924
845.400,92.4627,300.0000,65.0625,65.0232,13916.51,0.798578,92.761924
845.500,92.4627,300.0000,65.0000,65.0232,13913.37,0.798038,92.761924
845.600,92.4627,300.0000,65.0000,65.0233,13910.44,0.797533,92.761924
845.700,92.4627,300.0000,65.0000,65.0233,13907.71,0.797063,92.761924
845.800,92.4627,300.0000,65.0000,65.0234,13905.15,0.796624,92.761924
845.900,92.4627,300.0000,65.1250,65.0235,13902.77,0.796215,92.761924
846.000,93.3739,300.0000,65.0000,65.0235,13909.66,0.797399,92.775532
846.100,93.3739,300.0000,65.0000,65.0235,13916.09,0.798505,92.775532
846.200,93.3739,300.0000,65.0000,65.0235,13922.09,0.799538,92.775532
846.300,93.3739,300.0000,65.0625,65.0234,13927.69,0.800503,92.775532
846.400,93.3739,300.0000,65.0625,65.0232,13932.91,0.801405,92.775532
846.500,93.3739,300.0000,65.0625,65.0230,13937.79,0.802247,92.775532
846.600,93.3739,300.0000,64.9375,65.0228,13942.34,0.803033,92.775532
846.700,93.3739,300.0000,64.9375,65.0225,13946.59,0.803768,92.775532
846.800,93.3739,300.0000,65.0625,65.0222,13950.56,0.804454,92.775532
846.900,93.3739,300.0000,65.0000,65.0219,13954.26,0.805095,92.775532
847.000,92.7755,300.0000,65.0000,65.0216,13951.73,0.804657,92.775532
847.100,92.7755,300.0000,65.0000,65.0213,13949.37,0.804249,92.775532
847.200,92.7755,300.0000,65.0625,65.0210,13947.17,0.803868,92.775532
847.300,92.7755,300.0000,65.0625,65.0208,13945.11,0.803512,92.775532
847.400,92.7755,300.0000,65.0625,65.0206,13943.20,0.803181,92.775532
847.500,92.7755,300.0000,65.0625,65.0204,13941.40,0.802871,92.775532
847.600,92.7755,300.0000,65.0625,65.0202,13939.73,0.802582,92.775532
847.700,92.7755,300.0000,65.0625,65.0200,13938.17,0.802313,92.775532
847.800,92.7755,300.0000,65.0000,65.0198,13936.72,0.802061,92.775532
847.900,92.7755,300.0000,64.9375,65.0196,13935.36,0.801827,92.775532
848.000,92.4695,300.0000,64.9375,65.0195,13931.03,0.801080,92.768728
848.100,92.4695,300.0000,65.0000,65.0194,13926.99,0.800383,92.768728
848.200,92.4695,300.0000,65.0625,65.0194,13923.22,0.799733,92.768728
848.300,92.4695,300.0000,64.8750,65.0193,13919.70,0.799127,92.768728
848.400,92.4695,300.0000,64.9375,65.0193,13916.41,0.798561,92.768728
848.500,92.4695,300.0000,65.0000,65.0193,13913.35,0.798034,92.768728
848.600,92.4695,300.0000,65.0000,65.0194,13910.49,0.797541,92.768728
848.700,92.4695,300.0000,65.1250,65.0194,13907.82,0.797082,92.768728
848.800,92.4695,300.0000,65.0625,65.0195,13905.32,0.796654,92.768728
848.900,92.4695,300.0000,65.0625,65.0196,13903.00,0.796254,92.768728
849.000,93.0747,300.0000,65.0000,65.0197,13906.88,0.796921,92.775532
849.100,93.0747,300.0000,65.0000,65.0198,13910.50,0.797544,92.775532
849.200,93.0747,300.0000,65.0000,65.0198,13913.88,0.798125,92.775532
849.300,93.0747,300.0000,65.0000,65.0198,13917.04,0.798668,92.775532
849.400,93.0747,300.0000,65.0000,65.0197,13919.98,0.799176,92.775532
849.500,93.0747,300.0000,65.0625,65.0197,13922.73,0.799649,92.775532
849.600,93.0747,300.0000,65.0625,65.0196,13925.30,0.800091,92.775532
849.700,93.0747,300.0000,65.0625,65.0195,13927.69,0.800504,92.775532
849.800,93.0747,300.0000,65.0000,65.0194,13929.92,0.800889,92.775532
849.900,93.0747,300.0000,65.0000,65.0192,13932.01,0.801249,92.775532
850.000,92.7755,300.0000,65.0000,65.0191,13930.96,0.801069,92.775532
850.100,92.7755,300.0000,64.9375,65.0190,13929.99,0.800900,92.775532
850.200,92.7755,300.0000,64.9375,65.0189,13929.08,0.800743,92.775532
850.300,92.7755,300.0000,65.0000,65.0188,13928.23,0.800597,92.775532
850.400,92.7755,300.0000,65.0000,65.0187,13927.44,0.800460,92.775532
850.500,92.7755,300.0000,65.0000,65.0186,13926.69,0.800332,92.775532
850.600,92.7755,300.0000,65.0000,65.0185,13926.00,0.800213,92.775532
850.700,92.7755,300.0000,65.0000,65.0184,13925.36,0.800102,92.775532
850.800,92.7755,300.0000,65.1250,65.0184,13924.76,0.799998,92.775532
850.900,92.7755,300.0000,65.0000,65.0183,13924.20,0.799902,92.775532
851.000,92.7755,300.0000,65.0625,65.0182,13923.67,0.799811,92.775532
851.100,92.7755,300.0000,65.0000,65.0182,13923.18,0.799727,92.775532
851.200,92.7755,300.0000,65.0000,65.0181,13922.72,0.799648,92.775532
851.300,92.7755,300.0000,65.0625,65.0181,13922.30,0.799575,92.775532
851.400,92.7755,300.0000,65.0000,65.0180,13921.90,0.799506,92.775532
851.500,92.7755,300.0000,65.1250,65.0180,13921.53,0.799442,92.775532
851.600,92.7755,300.0000,65.0625,65.0179,13921.18,0.799382,92.775532
851.700,92.7755,300.0000,65.0625,65.0179,13920.86,0.799327,92.775532
851.800,92.7755,300.0000,65.0000,65.0179,13920.56,0.799275,92.775532
851.900,92.7755,300.0000,65.0000,65.0178,13920.28,0.799226,92.775532
852.000,92.7755,300.0000,65.0625,65.0178,13920.01,0.799181,92.775532
852.100,92.7755,300.0000,65.0625,65.0178,13919.77,0.799139,92.775532
852.200,92.7755,300.0000,64.9375,65.0178,13919.54,0.799099,92.775532
852.300,92.7755,300.0000,65.1250,65.0177,13919.32,0.799062,92.775532
852.400,92.7755,300.0000,65.1250,65.0177,13919.12,0.799028,92.775532
852.500,92.7755,300.0000,65.0000,65.0177,13918.94,0.798996,92.775532
852.600,92.7755,300.0000,65.0625,65.0177,13918.76,0.798966,92.775532
852.700,92.7755,300.0000,65.0625,65.0176,13918.60,0.798938,92.775532
852.800,92.7755,300.0000,65.0000,65.0176,13918.45,0.798912,92.775532
852.900,92.7755,300.0000,64.9375,65.0176,13918.31,0.798888,92.775532
853.000,92.4695,300.0000,64.9375,65.0176,13915.12,0.798338,92.768728
853.100,92.4695,300.0000,65.0625,65.0177,13912.14,0.797825,92.768728
853.200,92.4695,300.0000,64.9375,65.0177,13909.36,0.797347,92.768728
853.300,92.4695,300.0000,64.9375,65.0178,13906.76,0.796901,92.768728
853.400,92.4695,300.0000,64.8750,65.0179,13904.34,0.796485,92.768728
853.500,92.4695,300.0000,64.9375,65.0180,13902.08,0.796096,92.768728
853.600,92.4695,300.0000,65.0000,65.0181,13899.97,0.795734,92.768728
853.700,92.4695,300.0000,65.0000,65.0183,13898.00,0.795396,92.768728
853.800,92.4695,300.0000,64.9375,65.0185,13896.16,0.795080,92.768728
853.900,92.4695,300.0000,65.0625,65.0186,13894.45,0.794786,92.768728
854.000,93.0747,300.0000,65.0625,65.0188,13898.90,0.795550,92.775532
854.100,93.0747,300.0000,65.0000,65.0189,13903.05,0.796263,92.775532
854.200,93.0747,300.0000,65.1250,65.0190,13906.93,0.796930,92.775532
854.300,93.0747,300.0000,65.0000,65.0190,13910.55,0.797552,92.775532
854.400,93.0747,300.0000,64.9375,65.0190,13913.92,0.798133,92.775532
854.500,93.0747,300.0000,65.0625,65.0190,13917.08,0.798675,92.775532
854.600,93.0747,300.0000,65.0000,65.0190,13920.02,0.799182,92.775532
854.700,93.0747,300.0000,65.0000,65.0189,13922.77,0.799655,92.775532
854.800,93.0747,300.0000,64.9375,65.0188,13925.33,0.800097,92.775532
854.900,93.0747,300.0000,65.0000,65.0188,13927.72,0.800509,92.775532
855.000,92.7755,300.0000,65.0000,65.0187,13926.96,0.800378,92.775532
855.100,92.7755,300.0000,65.0625,65.0186,13926.25,0.800256,92.775532
855.200,92.7755,300.0000,65.0000,65.0185,13925.59,0.800142,92.775532
855.300,92.7755,300.0000,64.9375,65.0184,13924.97,0.800036,92.775532
855.400,92.7755,300.0000,65.0625,65.0184,13924.40,0.799936,92.775532
855.500,92.7755,300.0000,65.0000,65.0183,13923.86,0.799844,92.775532
855.600,92.7755,300.0000,65.0625,65.0182,13923.36,0.799757,92.775532
855.700,92.7755,300.0000,65.0000,65.0182,13922.89,0.799676,92.775532
855.800,92.7755,300.0000,65.0000,65.0181,13922.45,0.799601,92.775532
855.900,92.7755,300.0000,65.0625,65.0181,13922.04,0.799531,92.775532
856.000,93.0815,300.0000,65.0000,65.0180,13924.72,0.799992,92.782336
856.100,93.0815,300.0000,65.0625,65.0179,13927.22,0.800423,92.782336
856.200,93.0815,300.0000,65.0625,65.0178,13929.56,0.800826,92.782336
856.300,93.0815,300.0000,65.0000,65.0177,13931.73,0.801202,92.782336
856.400,93.0815,300.0000,64.9375,65.0175,13933.77,0.801552,92.782336
856.500,93.0815,300.0000,65.0000,65.0174,13935.67,0.801880,92.782336
856.600,93.0815,300.0000,65.0625,65.0172,13937.44,0.802186,92.782336
856.700,93.0815,300.0000,65.0625,65.0170,13939.09,0.802471,92.782336
856.800,93.0815,300.0000,65.0000,65.0168,13940.63,0.802738,92.782336
856.900,93.0815,300.0000,65.0000,65.0166,13942.07,0.802986,92.782336
857.000,92.7823,300.0000,65.0000,65.0164,13940.42,0.802702,92.782336
857.100,92.7823,300.0000,65.0000,65.0162,13938.89,0.802436,92.782336
857.200,92.7823,300.0000,65.0625,65.0160,13937.45,0.802188,92.782336
857.300,92.7823,300.0000,65.1250,65.0159,13936.11,0.801957,92.782336
857.400,92.7823,300.0000,64.9375,65.0157,13934.86,0.801741,92.782336
857.500,92.7823,300.0000,65.0625,65.0156,13933.69,0.801539,92.782336
857.600,92.7823,300.0000,65.0000,65.0155,13932.60,0.801351,92.782336
857.700,92.7823,300.0000,65.1250,65.0153,13931.59,0.801176,92.782336
857.800,92.7823,300.0000,65.0625,65.0152,13930.64,0.801012,92.782336
857.900,92.7823,300.0000,65.0625,65.0151,13929.75,0.800859,92.782336
858.000,93.0883,300.0000,65.0000,65.0150,13931.98,0.801245,92.789141
858.100,93.0883,300.0000,64.9375,65.0148,13934.07,0.801604,92.789141
858.200,93.0883,300.0000,65.0000,65.0147,13936.01,0.801940,92.789141
858.300,93.0883,300.0000,65.0000,65.0145,13937.83,0.802254,92.789141
858.400,93.0883,300.0000,65.0625,65.0143,13939.52,0.802546,92.789141
858.500,93.0883,300.0000,65.0625,65.0141,13941.11,0.802820,92.789141
858.600,93.0883,300.0000,64.9375,65.0139,13942.58,0.803075,92.789141
858.700,93.0883,300.0000,65.0625,65.0137,13943.96,0.803313,92.789141
858.800,93.0883,300.0000,65.0000,65.0135,13945.25,0.803535,92.789141
858.900,93.0883,300.0000,65.0625,65.0132,13946.45,0.803743,92.789141
859.000,93.0951,300.0000,65.0000,65.0130,13947.63,0.803948,92.795945
859.100,93.0951,300.0000,65.0625,65.0127,13948.74,0.804140,92.795945
859.200,93.0951,300.0000,65.0000,65.0125,13949.78,0.804319,92.795945
859.300,93.0951,300.0000,65.0000,65.0122,13950.75,0.804486,92.795945
859.400,93.0951,300.0000,65.0000,65.0119,13951.65,0.804642,92.795945
859.500,93.0951,300.0000,65.0625,65.0116,13952.49,0.804788,92.795945
859.600,93.0951,300.0000,65.0000,65.0113,13953.27,0.804923,92.795945
859.700,93.0951,300.0000,65.0000,65.0110,13954.01,0.805050,92.795945
859.800,93.0951,300.0000,65.0000,65.0107,13954.69,0.805169,92.795945
859.900,93.0951,300.0000,65.0625,65.0104,13955.33,0.805279,92.795945
860.000,93.1019,300.0000,65.0625,65.0101,13955.99,0.805394,92.802749
860.100,93.1019,300.0000,65.0000,65.0098,13956.61,0.805502,92.802749
860.200,93.1019,300.0000,65.0000,65.0095,13957.19,0.805602,92.802749
860.300,93.1019,300.0000,65.0000,65.0091,13957.73,0.805695,92.802749
860.400,93.1019,300.0000,65.0625,65.0088,13958.24,0.805783,92.802749
860.500,93.1019,300.0000,65.0625,65.0085,13958.71,0.805864,92.802749
860.600,93.1019,300.0000,65.0625,65.0081,13959.15,0.805940,92.802749
860.700,93.1019,300.0000,65.1250,65.0078,13959.56,0.806011,92.802749
860.800,93.1019,300.0000,65.0000,65.0075,13959.94,0.806077,92.802749
860.900,93.1019,300.0000,65.0625,65.0071,13960.29,0.806139,92.802749
861.000,93.1087,300.0000,65.0625,65.0068,13960.70,0.806209,92.809553
861.100,93.1087,300.0000,65.0000,65.0064,13961.07,0.806273,92.809553
861.200,93.1087,300.0000,64.9375,65.0061,13961.42,0.806334,92.809553
861.300,93.1087,300.0000,64.9375,65.0057,13961.75,0.806391,92.809553
861.400,93.1087,300.0000,65.0000,65.0054,13962.05,0.806443,92.809553
861.500,93.1087,300.0000,65.0000,65.0050,13962.33,0.806493,92.809553
861.600,93.1087,300.0000,65.0000,65.0047,13962.60,0.806538,92.809553
861.700,93.1087,300.0000,65.0000,65.0043,13962.85,0.806581,92.809553
861.800,93.1087,300.0000,65.0625,65.0039,13963.08,0.806621,92.809553
861.900,93.1087,300.0000,64.9375,65.0036,13963.29,0.806659,92.809553
862.000,92.5036,300.0000,65.0625,65.0033,13957.44,0.805645,92.802749
862.100,92.5036,300.0000,64.9375,65.0030,13951.98,0.804700,92.802749
862.200,92.5036,300.0000,65.0625,65.0028,13946.89,0.803818,92.802749
862.300,92.5036,300.0000,65.0625,65.0026,13942.13,0.802996,92.802749
862.400,92.5036,300.0000,65.0625,65.0025,13937.69,0.802229,92.802749
862.500,92.5036,300.0000,65.0000,65.0024,13933.55,0.801514,92.802749
862.600,92.5036,300.0000,65.0000,65.0023,13929.68,0.800847,92.802749
862.700,92.5036,300.0000,65.1250,65.0022,13926.07,0.800224,92.802749
862.800,92.5036,300.0000,64.9375,65.0022,13922.70,0.799644,92.802749
862.900,92.5036,300.0000,65.1250,65.0022,13919.55,0.799102,92.802749
863.000,93.4147,300.0000,65.0000,65.0022,13925.73,0.800166,92.816358
863.100,93.4147,300.0000,65.0000,65.0021,13931.50,0.801161,92.816358
863.200,93.4147,300.0000,65.0625,65.0019,13936.88,0.802089,92.816358
863.300,93.4147,300.0000,65.0625,65.0018,13941.90,0.802957,92.816358
863.400,93.4147,300.0000,65.0000,65.0016,13946.59,0.803767,92.816358
863.500,93.4147,300.0000,65.0000,65.0013,13950.96,0.804524,92.816358
863.600,93.4147,300.0000,65.0000,65.0010,13955.05,0.805230,92.816358
863.700,93.4147,300.0000,64.9375,65.0007,13958.86,0.805890,92.816358
863.800,93.4147,300.0000,65.0000,65.0004,13962.41,0.806506,92.816358
863.900,93.4147,300.0000,65.0625,65.0000,13965.73,0.807082,92.816358
864.000,93.1224,300.0000,65.0625,64.9996,13965.91,0.807112,92.823162
864.100,93.1224,300.0000,64.9375,64.9992,13966.07,0.807140,92.823162
864.200,93.1224,300.0000,65.0000,64.9989,13966.22,0.807167,92.823162
864.300,93.1224,300.0000,65.0000,64.9985,13966.37,0.807191,92.823162
864.400,93.1224,300.0000,64.9375,64.9981,13966.50,0.807214,92.823162
864.500,93.1224,300.0000,65.0625,64.9977,13966.62,0.807236,92.823162
864.600,93.1224,300.0000,65.0625,64.9974,13966.74,0.807256,92.823162
864.700,93.1224,300.0000,65.0000,64.9970,13966.85,0.807274,92.823162
864.800,93.1224,300.0000,65.0000,64.9966,13966.95,0.807292,92.823162
864.900,93.1224,300.0000,64.9375,64.9962,13967.04,0.807308,92.823162
865.000,92.5172,300.0000,64.9375,64.9959,13961.08,0.806274,92.816358
865.100,92.5172,300.0000,65.0625,64.9956,13955.51,0.805310,92.816358
865.200,92.5172,300.0000,65.0625,64.9954,13950.31,0.804411,92.816358
865.300,92.5172,300.0000,65.0625,64.9952,13945.46,0.803573,92.816358
865.400,92.5172,300.0000,65.1250,64.9951,13940.94,0.802790,92.816358
865.500,92.5172,300.0000,64.9375,64.9949,13936.71,0.802061,92.816358
865.600,92.5172,300.0000,64.9375,64.9949,13932.77,0.801380,92.816358
865.700,92.5172,300.0000,65.0000,64.9948,13929.09,0.800746,92.816358
865.800,92.5172,300.0000,65.0000,64.9948,13925.66,0.800153,92.816358
865.900,92.5172,300.0000,65.0000,64.9948,13922.45,0.799601,92.816358
866.000,92.8164,300.0000,64.9375,64.9948,13922.45,0.799601,92.816358
866.100,92.8164,300.0000,65.0000,64.9948,13922.45,0.799601,92.816358
866.200,92.8164,300.0000,64.9375,64.9948,13922.45,0.799601,92.816358
866.300,92.8164,300.0000,65.1250,64.9948,13922.45,0.799601,92.816358
866.400,92.8164,300.0000,65.0000,64.9948,13922.45,0.799601,92.816358
866.500,92.8164,300.0000,64.9375,64.9948,13922.45,0.799601,92.816358
866.600,92.8164,300.0000,64.9375,64.9948,13922.45,0.799601,92.816358
866.700,92.8164,300.0000,65.0625,64.9948,13922.45,0.799601,92.816358
866.800,92.8164,300.0000,65.0000,64.9948,13922.45,0.799601,92.816358
866.900,92.8164,300.0000,65.0625,64.9948,13922.45,0.799601,92.816358
867.000,93.1224,300.0000,65.0000,64.9947,13925.51,0.800129,92.823162
867.100,93.1224,300.0000,64.9375,64.9947,13928.37,0.800621,92.823162
867.200,93.1224,300.0000,64.9375,64.9946,13931.03,0.801081,92.823162
867.300,93.1224,300.0000,65.0000,64.9945,13933.52,0.801510,92.823162
867.400,93.1224,300.0000,65.0000,64.9944,13935.84,0.801911,92.823162
867.500,93.1224,300.0000,65.0000,64.9943,13938.01,0.802285,92.823162
867.600,93.1224,300.0000,65.0000,64.9942,13940.03,0.802634,92.823162
867.700,93.1224,300.0000,65.0000,64.9940,13941.92,0.802961,92.823162
867.800,93.1224,300.0000,65.0000,64.9938,13943.68,0.803265,92.823162
867.900,93.1224,300.0000,65.0000,64.9936,13945.33,0.803549,92.823162
868.000,92.8232,300.0000,65.1250,64.9935,13943.87,0.803297,92.823162
868.100,92.8232,300.0000,65.0000,64.9933,13942.51,0.803062,92.823162
868.200,92.8232,300.0000,65.1250,64.9931,13941.24,0.802843,92.823162
868.300,92.8232,300.0000,64.9375,64.9930,13940.06,0.802639,92.823162
868.400,92.8232,300.0000,65.0000,64.9929,13938.95,0.802448,92.823162
868.500,92.8232,300.0000,65.0000,64.9927,13937.92,0.802269,92.823162
868.600,92.8232,300.0000,65.0000,64.9926,13936.96,0.802103,92.823162
868.700,92.8232,300.0000,65.0625,64.9925,13936.06,0.801948,92.823162
868.800,92.8232,300.0000,64.9375,64.9924,13935.22,0.801803,92.823162
868.900,92.8232,300.0000,65.0000,64.9923,13934.44,0.801668,92.823162
869.000,92.8232,300.0000,65.0625,64.9922,13933.71,0.801542,92.823162
869.100,92.8232,300.0000,64.9375,64.9921,13933.02,0.801424,92.823162
869.200,92.8232,300.0000,65.0000,64.9921,13932.39,0.801314,92.823162
869.300,92.8232,300.0000,64.9375,64.9920,13931.79,0.801212,92.823162
869.400,92.8232,300.0000,65.0000,64.9919,13931.24,0.801116,92.823162
869.500,92.8232,300.0000,65.0625,64.9919,13930.72,0.801027,92.823162
869.600,92.8232,300.0000,65.0000,64.9918,13930.24,0.800943,92.823162
869.700,92.8232,300.0000,65.0625,64.9918,13929.79,0.800866,92.823162
869.800,92.8232,300.0000,65.0625,64.9917,13929.37,0.800793,92.823162
869.900,92.8232,300.0000,65.0000,64.9917,13928.97,0.800725,92.823162
870.000,92.8232,300.0000,64.9375,64.9916,13928.61,0.800662,92.823162
870.100,92.8232,300.0000,65.1250,64.9916,13928.26,0.800603,92.823162
870.200,92.8232,300.0000,65.0000,64.9915,13927.95,0.800548,92.823162
870.300,92.8232,300.0000,64.9375,64.9915,13927.65,0.800497,92.823162
870.400,92.8232,300.0000,65.0000,64.9915,13927.37,0.800449,92.823162
870.500,92.8232,300.0000,65.0000,64.9914,13927.11,0.800404,92.823162
870.600,92.8232,300.0000,64.9375,64.9914,13926.87,0.800362,92.823162
870.700,92.8232,300.0000,65.0000,64.9914,13926.64,0.800323,92.823162
870.800,92.8232,300.0000,65.0000,64.9914,13926.43,0.800287,92.823162
870.900,92.8232,300.0000,65.0000,64.9913,13926.23,0.800253,92.823162
871.000,92.8232,300.0000,65.0000,64.9913,13926.05,0.800221,92.823162
871.100,92.8232,300.0000,65.0625,64.9913,13925.88,0.800191,92.823162
871.200,92.8232,300.0000,64.8750,64.9913,13925.72,0.800164,92.823162
871.300,92.8232,300.0000,65.0625,64.9912,13925.57,0.800138,92.823162
871.400,92.8232,300.0000,64.9375,64.9912,13925.43,0.800114,92.823162
871.500,92.8232,300.0000,64.9375,64.9912,13925.30,0.800092,92.823162
871.600,92.8232,300.0000,65.0000,64.9912,13925.18,0.800071,92.823162
871.700,92.8232,300.0000,64.9375,64.9912,13925.06,0.800051,92.823162
871.800,92.8232,300.0000,64.9375,64.9912,13924.96,0.800033,92.823162
871.900,92.8232,300.0000,65.0000,64.9912,13924.86,0.800016,92.823162
872.000,92.8232,300.0000,65.0000,64.9911,13924.77,0.800000,92.823162
872.100,92.8232,300.0000,65.0000,64.9911,13924.68,0.799985,92.823162
872.200,92.8232,300.0000,64.9375,64.9911,13924.60,0.799971,92.823162
872.300,92.8232,300.0000,65.0000,64.9911,13924.52,0.799958,92.823162
872.400,92.8232,300.0000,64.9375,64.9911,13924.45,0.799946,92.823162
872.500,92.8232,300.0000,65.0000,64.9911,13924.39,0.799935,92.823162
872.600,92.8232,300.0000,64.9375,64.9911,13924.33,0.799924,92.823162
872.700,92.8232,300.0000,64.9375,64.9911,13924.27,0.799915,92.823162
872.800,92.8232,300.0000,65.0625,64.9911,13924.22,0.799905,92.823162
872.900,92.8232,300.0000,65.0625,64.9911,13924.17,0.799897,92.823162
873.000,93.1292,300.0000,65.0625,64.9910,13927.18,0.800416,92.829966
873.100,93.1292,300.0000,65.0625,64.9910,13929.99,0.800901,92.829966
873.200,93.1292,300.0000,65.0000,64.9909,13932.62,0.801354,92.829966
873.300,93.1292,300.0000,64.9375,64.9908,13935.07,0.801777,92.829966
873.400,93.1292,300.0000,65.0000,64.9907,13937.36,0.802172,92.829966
873.500,93.1292,300.0000,65.0625,64.9906,13939.49,0.802541,92.829966
873.600,93.1292,300.0000,64.9375,64.9904,13941.48,0.802885,92.829966
873.700,93.1292,300.0000,64.9375,64.9903,13943.34,0.803206,92.829966
873.800,93.1292,300.0000,65.0625,64.9901,13945.08,0.803506,92.829966
873.900,93.1292,300.0000,64.8750,64.9899,13946.70,0.803786,92.829966
874.000,92.2180,300.0000,65.0000,64.9898,13939.10,0.802473,92.816358
874.100,92.2180,300.0000,64.8750,64.9897,13932.00,0.801248,92.816358
874.200,92.2180,300.0000,65.0000,64.9897,13925.38,0.800106,92.816358
874.300,92.2180,300.0000,65.0000,64.9897,13919.20,0.799042,92.816358
874.400,92.2180,300.0000,64.9375,64.9898,13913.44,0.798049,92.816358
874.500,92.2180,300.0000,65.0625,64.9899,13908.05,0.797123,92.816358
874.600,92.2180,300.0000,65.0625,64.9901,13903.03,0.796260,92.816358
874.700,92.2180,300.0000,65.0000,64.9903,13898.34,0.795454,92.816358
874.800,92.2180,300.0000,64.9375,64.9906,13893.97,0.794703,92.816358
874.900,92.2180,300.0000,65.0000,64.9908,13889.88,0.794002,92.816358
875.000,92.8164,300.0000,64.9375,64.9911,13892.05,0.794375,92.816358
875.100,92.8164,300.0000,65.0000,64.9913,13894.08,0.794722,92.816358
875.200,92.8164,300.0000,64.9375,64.9916,13895.97,0.795047,92.816358
875.300,92.8164,300.0000,65.0000,64.9918,13897.74,0.795350,92.816358
875.400,92.8164,300.0000,65.0000,64.9920,13899.38,0.795633,92.816358
875.500,92.8164,300.0000,64.9375,64.9922,13900.92,0.795897,92.816358
875.600,92.8164,300.0000,65.0625,64.9923,13902.36,0.796144,92.816358
875.700,92.8164,300.0000,65.0625,64.9925,13903.70,0.796374,92.816358
875.800,92.8164,300.0000,65.0000,64.9927,13904.95,0.796589,92.816358
875.900,92.8164,300.0000,65.0000,64.9928,13906.11,0.796790,92.816358
876.000,92.8164,300.0000,64.9375,64.9929,13907.20,0.796977,92.816358
876.100,92.8164,300.0000,64.9375,64.9930,13908.22,0.797152,92.816358
876.200,92.8164,300.0000,64.9375,64.9932,13909.17,0.797315,92.816358
876.300,92.8164,300.0000,65.0000,64.9933,13910.05,0.797467,92.816358
876.400,92.8164,300.0000,64.9375,64.9934,13910.88,0.797609,92.816358
876.500,92.8164,300.0000,64.9375,64.9935,13911.65,0.797742,92.816358
876.600,92.8164,300.0000,65.0000,64.9935,13912.37,0.797866,92.816358
876.700,92.8164,300.0000,65.0000,64.9936,13913.05,0.797981,92.816358
876.800,92.8164,300.0000,65.0000,64.9937,13913.67,0.798089,92.816358
876.900,92.8164,300.0000,65.0000,64.9938,13914.26,0.798190,92.816358
877.000,92.8164,300.0000,65.0000,64.9938,13914.80,0.798284,92.816358
877.100,92.8164,300.0000,65.0625,64.9939,13915.31,0.798372,92.816358
877.200,92.8164,300.0000,65.0000,64.9940,13915.79,0.798454,92.816358
877.300,92.8164,300.0000,64.9375,64.9940,13916.23,0.798530,92.816358
877.400,92.8164,300.0000,65.0000,64.9941,13916.65,0.798602,92.816358
877.500,92.8164,300.0000,65.0000,64.9941,13917.04,0.798668,92.816358
877.600,92.8164,300.0000,64.9375,64.9941,13917.40,0.798731,92.816358
877.700,92.8164,300.0000,64.9375,64.9942,13917.73,0.798789,92.816358
877.800,92.8164,300.0000,65.0000,64.9942,13918.05,0.798843,92.816358
877.900,92.8164,300.0000,64.9375,64.9943,13918.34,0.798893,92.816358
878.000,92.5104,300.0000,65.0625,64.9943,13915.56,0.798414,92.809553
878.100,92.5104,300.0000,64.9375,64.9944,13912.96,0.797966,92.809553
878.200,92.5104,300.0000,64.9375,64.9945,13910.53,0.797549,92.809553
878.300,92.5104,300.0000,64.9375,64.9946,13908.26,0.797159,92.809553
878.400,92.5104,300.0000,64.9375,64.9948,13906.15,0.796796,92.809553
878.500,92.5104,300.0000,65.0000,64.9949,13904.18,0.796457,92.809553
878.600,92.5104,300.0000,65.0000,64.9951,13902.34,0.796140,92.809553
878.700,92.5104,300.0000,65.0625,64.9953,13900.62,0.795845,92.809553
878.800,92.5104,300.0000,65.0000,64.9954,13899.01,0.795569,92.809553
878.900,92.5104,300.0000,64.8750,64.9956,13897.52,0.795312,92.809553
879.000,92.1976,300.0000,64.8750,64.9959,13892.99,0.794536,92.795945
879.100,92.1976,300.0000,64.9375,64.9962,13888.77,0.793811,92.795945
879.200,92.1976,300.0000,65.0000,64.9965,13884.82,0.793135,92.795945
879.300,92.1976,300.0000,65.0000,64.9968,13881.14,0.792505,92.795945
879.400,92.1976,300.0000,64.9375,64.9972,13877.71,0.791917,92.795945
879.500,92.1976,300.0000,64.9375,64.9976,13874.51,0.791368,92.795945
879.600,92.1976,300.0000,65.0000,64.9980,13871.51,0.790857,92.795945
879.700,92.1976,300.0000,65.0625,64.9984,13868.72,0.790379,92.795945
879.800,92.1976,300.0000,65.0625,64.9989,13866.12,0.789934,92.795945
879.900,92.1976,300.0000,65.0000,64.9994,13863.68,0.789518,92.795945
880.000,92.7959,300.0000,65.0000,64.9998,13867.40,0.790153,92.795945
880.100,92.7959,300.0000,65.0625,65.0002,13870.86,0.790746,92.795945
880.200,92.7959,300.0000,65.0000,65.0006,13874.10,0.791299,92.795945
880.300,92.7959,300.0000,65.0000,65.0010,13877.12,0.791816,92.795945
880.400,92.7959,300.0000,65.0000,65.0013,13879.94,0.792298,92.795945
880.500,92.7959,300.0000,65.0625,65.0016,13882.57,0.792749,92.795945
880.600,92.7959,300.0000,64.9375,65.0019,13885.02,0.793169,92.795945
880.700,92.7959,300.0000,65.0000,65.0022,13887.31,0.793562,92.795945
880.800,92.7959,300.0000,65.0000,65.0025,13889.45,0.793929,92.795945
880.900,92.7959,300.0000,65.1250,65.0027,13891.45,0.794271,92.795945
881.000,93.4079,300.0000,65.0625,65.0029,13899.43,0.795641,92.809553
881.100,93.4079,300.0000,65.0000,65.0030,13906.88,0.796921,92.809553
881.200,93.4079,300.0000,65.0000,65.0030,13913.84,0.798117,92.809553
881.300,93.4079,300.0000,65.0625,65.0030,13920.33,0.799235,92.809553
881.400,93.4079,300.0000,64.9375,65.0030,13926.38,0.800279,92.809553
881.500,93.4079,300.0000,64.9375,65.0029,13932.04,0.801254,92.809553
881.600,93.4079,300.0000,65.0000,65.0028,13937.31,0.802165,92.809553
881.700,93.4079,300.0000,65.0625,65.0026,13942.24,0.803015,92.809553
881.800,93.4079,300.0000,65.0000,65.0024,13946.84,0.803810,92.809553
881.900,93.4079,300.0000,65.1250,65.0021,13951.13,0.804552,92.809553
882.000,93.4216,300.0000,65.0625,65.0018,13955.27,0.805268,92.823162
882.100,93.4216,300.0000,64.9375,65.0015,13959.13,0.805938,92.823162
882.200,93.4216,300.0000,65.0000,65.0011,13962.74,0.806562,92.823162
882.300,93.4216,300.0000,65.0000,65.0008,13966.10,0.807146,92.823162
882.400,93.4216,300.0000,65.0000,65.0004,13969.25,0.807691,92.823162
882.500,93.4216,300.0000,65.0000,64.9999,13972.18,0.808200,92.823162
882.600,93.4216,300.0000,65.0000,64.9995,13974.92,0.808675,92.823162
882.700,93.4216,300.0000,65.0000,64.9990,13977.47,0.809118,92.823162
882.800,93.4216,300.0000,65.0000,64.9985,13979.85,0.809532,92.823162
882.900,93.4216,300.0000,65.0000,64.9980,13982.08,0.809919,92.823162
883.000,92.8232,300.0000,65.0000,64.9976,13978.17,0.809240,92.823162
883.100,92.8232,300.0000,64.9375,64.9971,13974.53,0.808607,92.823162
883.200,92.8232,300.0000,65.0625,64.9967,13971.12,0.808016,92.823162
883.300,92.8232,300.0000,64.8750,64.9963,13967.95,0.807465,92.823162
883.400,92.8232,300.0000,65.0000,64.9960,13964.98,0.806951,92.823162
883.500,92.8232,300.0000,65.0000,64.9956,13962.21,0.806472,92.823162
883.600,92.8232,300.0000,65.0625,64.9953,13959.63,0.806024,92.823162
883.700,92.8232,300.0000,64.9375,64.9950,13957.22,0.805607,92.823162
883.800,92.8232,300.0000,65.0625,64.9948,13954.97,0.805217,92.823162
883.900,92.8232,300.0000,65.0625,64.9945,13952.87,0.804854,92.823162
884.000,93.1292,300.0000,64.9375,64.9943,13953.97,0.805044,92.829966
884.100,93.1292,300.0000,64.9375,64.9940,13955.00,0.805222,92.829966
884.200,93.1292,300.0000,65.0000,64.9937,13955.96,0.805388,92.829966
884.300,93.1292,300.0000,64.8750,64.9934,13956.85,0.805543,92.829966
884.400,93.1292,300.0000,65.0000,64.9931,13957.69,0.805687,92.829966
884.500,93.1292,300.0000,65.0000,64.9928,13958.47,0.805822,92.829966
884.600,93.1292,300.0000,65.0625,64.9925,13959.19,0.805948,92.829966
884.700,93.1292,300.0000,65.0000,64.9922,13959.87,0.806066,92.829966
884.800,93.1292,300.0000,65.0000,64.9919,13960.50,0.806176,92.829966
884.900,93.1292,300.0000,65.0000,64.9916,13961.10,0.806278,92.829966
885.000,92.8300,300.0000,65.0625,64.9913,13958.66,0.805855,92.829966
885.100,92.8300,300.0000,65.0625,64.9910,13956.38,0.805461,92.829966
885.200,92.8300,300.0000,65.0000,64.9908,13954.25,0.805093,92.829966
885.300,92.8300,300.0000,65.0000,64.9906,13952.27,0.804750,92.829966
885.400,92.8300,300.0000,64.8750,64.9903,13950.42,0.804429,92.829966
885.500,92.8300,300.0000,64.9375,64.9901,13948.69,0.804130,92.829966
885.600,92.8300,300.0000,65.0000,64.9899,13947.08,0.803851,92.829966
885.700,92.8300,300.0000,65.0625,64.9897,13945.57,0.803591,92.829966
885.800,92.8300,300.0000,65.0625,64.9896,13944.17,0.803348,92.829966
885.900,92.8300,300.0000,65.0000,64.9894,13942.85,0.803122,92.829966
886.000,92.8300,300.0000,65.0000,64.9893,13941.63,0.802910,92.829966
886.100,92.8300,300.0000,65.0000,64.9891,13940.49,0.802713,92.829966
886.200,92.8300,300.0000,64.9375,64.9890,13939.42,0.802529,92.829966
886.300,92.8300,300.0000,64.9375,64.9889,13938.43,0.802357,92.829966
886.400,92.8300,300.0000,65.0625,64.9888,13937.50,0.802196,92.829966
886.500,92.8300,300.0000,65.0625,64.9887,13936.63,0.802047,92.829966
886.600,92.8300,300.0000,65.0000,64.9886,13935.82,0.801907,92.829966
886.700,92.8300,300.0000,65.0625,64.9885,13935.07,0.801777,92.829966
886.800,92.8300,300.0000,65.0000,64.9884,13934.36,0.801655,92.829966
886.900,92.8300,300.0000,65.0000,64.9883,13933.70,0.801541,92.829966
887.000,92.8300,300.0000,64.9375,64.9882,13933.09,0.801436,92.829966
887.100,92.8300,300.0000,64.9375,64.9882,13932.52,0.801337,92.829966
887.200,92.8300,300.0000,64.8750,64.9881,13931.98,0.801244,92.829966
887.300,92.8300,300.0000,65.0625,64.9881,13931.48,0.801158,92.829966
887.400,92.8300,300.0000,65.0000,64.9880,13931.02,0.801078,92.829966
887.500,92.8300,300.0000,65.0000,64.9879,13930.58,0.801003,92.829966
887.600,92.8300,300.0000,65.0000,64.9879,13930.18,0.800933,92.829966
887.700,92.8300,300.0000,65.0000,64.9878,13929.80,0.800868,92.829966
887.800,92.8300,300.0000,65.0000,64.9878,13929.44,0.800807,92.829966
887.900,92.8300,300.0000,65.0000,64.9878,13929.11,0.800750,92.829966
888.000,92.8300,300.0000,65.0625,64.9877,13928.81,0.800697,92.829966
888.100,92.8300,300.0000,64.9375,64.9877,13928.52,0.800647,92.829966
888.200,92.8300,300.0000,65.0625,64.9877,13928.25,0.800601,92.829966
888.300,92.8300,300.0000,65.0000,64.9876,13928.00,0.800558,92.829966
888.400,92.8300,300.0000,65.0000,64.9876,13927.77,0.800517,92.829966
888.500,92.8300,300.0000,65.0000,64.9876,13927.55,0.800480,92.829966
888.600,92.8300,300.0000,65.0000,64.9876,13927.34,0.800444,92.829966
888.700,92.8300,300.0000,65.0000,64.9875,13927.15,0.800412,92.829966
888.800,92.8300,300.0000,64.9375,64.9875,13926.98,0.800381,92.829966
888.900,92.8300,300.0000,65.0625,64.9875,13926.81,0.800353,92.829966
889.000,93.1360,300.0000,64.9375,64.9874,13929.72,0.800854,92.836770
889.100,93.1360,300.0000,64.8750,64.9874,13932.43,0.801321,92.836770
889.200,93.1360,300.0000,65.0000,64.9873,13934.96,0.801758,92.836770
889.300,93.1360,300.0000,65.0625,64.9872,13937.32,0.802166,92.836770
889.400,93.1360,300.0000,65.0000,64.9871,13939.53,0.802547,92.836770
889.500,93.1360,300.0000,65.0000,64.9869,13941.59,0.802902,92.836770
889.600,93.1360,300.0000,64.9375,64.9868,13943.51,0.803234,92.836770
889.700,93.1360,300.0000,65.0000,64.9866,13945.30,0.803544,92.836770
889.800,93.1360,300.0000,65.0000,64.9864,13946.97,0.803833,92.836770
889.900,93.1360,300.0000,64.9375,64.9862,13948.53,0.804103,92.836770
890.000,92.5308,300.0000,65.0625,64.9860,13943.94,0.803309,92.829966
890.100,92.5308,300.0000,65.0000,64.9859,13939.65,0.802568,92.829966
890.200,92.5308,300.0000,65.0000,64.9858,13935.65,0.801877,92.829966
890.300,92.5308,300.0000,65.0625,64.9858,13931.91,0.801232,92.829966
890.400,92.5308,300.0000,64.9375,64.9857,13928.43,0.800631,92.829966
890.500,92.5308,300.0000,65.0000,64.9857,13925.17,0.800070,92.829966
890.600,92.5308,300.0000,65.0625,64.9858,13922.14,0.799547,92.829966
890.700,92.5308,300.0000,65.0625,64.9858,13919.30,0.799058,92.829966
890.800,92.5308,300.0000,65.0000,64.9859,13916.65,0.798603,92.829966
890.900,92.5308,300.0000,65.0625,64.9860,13914.19,0.798178,92.829966
891.000,93.1360,300.0000,65.0625,64.9860,13917.93,0.798823,92.836770
891.100,93.1360,300.0000,64.9375,64.9860,13921.43,0.799425,92.836770
891.200,93.1360,300.0000,65.0000,64.9860,13924.69,0.799988,92.836770
891.300,93.1360,300.0000,64.9375,64.9860,13927.74,0.800513,92.836770
891.400,93.1360,300.0000,65.0000,64.9860,13930.58,0.801003,92.836770
891.500,93.1360,300.0000,65.0000,64.9859,13933.24,0.801461,92.836770
891.600,93.1360,300.0000,65.0000,64.9858,13935.72,0.801889,92.836770
891.700,93.1360,300.0000,65.0000,64.9857,13938.03,0.802288,92.836770
891.800,93.1360,300.0000,65.0625,64.9856,13940.19,0.802661,92.836770
891.900,93.1360,300.0000,65.0000,64.9854,13942.20,0.803008,92.836770
892.000,92.8368,300.0000,64.9375,64.9853,13941.09,0.802816,92.836770
892.100,92.8368,300.0000,64.9375,64.9852,13940.05,0.802637,92.836770
892.200,92.8368,300.0000,64.8750,64.9851,13939.08,0.802470,92.836770
892.300,92.8368,300.0000,65.1250,64.9849,13938.18,0.802313,92.836770
892.400,92.8368,300.0000,65.0000,64.9848,13937.33,0.802168,92.836770
892.500,92.8368,300.0000,65.0000,64.9848,13936.54,0.802032,92.836770
892.600,92.8368,300.0000,65.0000,64.9847,13935.81,0.801905,92.836770
892.700,92.8368,300.0000,65.0625,64.9846,13935.12,0.801786,92.836770
892.800,92.8368,300.0000,65.0000,64.9845,13934.48,0.801676,92.836770
892.900,92.8368,300.0000,65.0625,64.9844,13933.88,0.801573,92.836770
893.000,93.1428,300.0000,65.0625,64.9843,13936.39,0.802004,92.843574
893.100,93.1428,300.0000,65.0625,64.9842,13938.72,0.802408,92.843574
893.200,93.1428,300.0000,65.0625,64.9841,13940.90,0.802784,92.843574
893.300,93.1428,300.0000,65.0625,64.9839,13942.94,0.803136,92.843574
893.400,93.1428,300.0000,64.9375,64.9838,13944.83,0.803464,92.843574
893.500,93.1428,300.0000,65.0000,64.9836,13946.61,0.803770,92.843574
893.600,93.1428,300.0000,64.9375,64.9834,13948.26,0.804056,92.843574
893.700,93.1428,300.0000,64.9375,64.9832,13949.80,0.804323,92.843574
893.800,93.1428,300.0000,65.0625,64.9830,13951.24,0.804572,92.843574
893.900,93.1428,300.0000,64.9375,64.9828,13952.59,0.804805,92.843574
894.000,92.5376,300.0000,65.0000,64.9826,13947.79,0.803975,92.836770
894.100,92.5376,300.0000,65.0000,64.9825,13943.32,0.803201,92.836770
894.200,92.5376,300.0000,65.0000,64.9823,13939.14,0.802479,92.836770
894.300,92.5376,300.0000,65.0000,64.9823,13935.24,0.801806,92.836770
894.400,92.5376,300.0000,65.0000,64.9822,13931.60,0.801178,92.836770
894.500,92.5376,300.0000,65.0000,64.9822,13928.20,0.800592,92.836770
894.600,92.5376,300.0000,65.0000,64.9822,13925.03,0.800045,92.836770
894.700,92.5376,300.0000,65.0000,64.9822,13922.07,0.799535,92.836770
894.800,92.5376,300.0000,65.0000,64.9823,13919.31,0.799059,92.836770
894.900,92.5376,300.0000,65.0000,64.9824,13916.73,0.798615,92.836770
895.000,92.8368,300.0000,65.0625,64.9824,13917.31,0.798716,92.836770
895.100,92.8368,300.0000,65.0000,64.9825,13917.86,0.798810,92.836770
895.200,92.8368,300.0000,65.0000,64.9826,13918.37,0.798898,92.836770
895.300,92.8368,300.0000,65.0000,64.9826,13918.85,0.798980,92.836770
895.400,92.8368,300.0000,65.0000,64.9827,13919.29,0.799057,92.836770
895.500,92.8368,300.0000,65.0625,64.9827,13919.71,0.799128,92.836770
895.600,92.8368,300.0000,65.0000,64.9828,13920.09,0.799195,92.836770
895.700,92.8368,300.0000,64.9375,64.9828,13920.46,0.799257,92.836770
895.800,92.8368,300.0000,65.0000,64.9828,13920.79,0.799315,92.836770
895.900,92.8368,300.0000,65.0625,64.9829,13921.11,0.799370,92.836770
896.000,93.1428,300.0000,65.0000,64.9829,13924.46,0.799947,92.843574
896.100,93.1428,300.0000,64.9375,64.9829,13927.59,0.800487,92.843574
896.200,93.1428,300.0000,64.9375,64.9828,13930.51,0.800991,92.843574
896.300,93.1428,300.0000,65.0000,64.9828,13933.24,0.801461,92.843574
896.400,93.1428,300.0000,65.0000,64.9827,13935.79,0.801901,92.843574
896.500,93.1428,300.0000,64.9375,64.9826,13938.16,0.802311,92.843574
896.600,93.1428,300.0000,65.0000,64.9825,13940.38,0.802694,92.843574
896.700,93.1428,300.0000,65.0000,64.9823,13942.45,0.803051,92.843574
896.800,93.1428,300.0000,65.0000,64.9822,13944.38,0.803385,92.843574
896.900,93.1428,300.0000,65.0000,64.9820,13946.18,0.803697,92.843574
897.000,92.8436,300.0000,65.0000,64.9818,13944.87,0.803470,92.843574
897.100,92.8436,300.0000,65.0000,64.9817,13943.65,0.803259,92.843574
897.200,92.8436,300.0000,65.0000,64.9816,13942.51,0.803062,92.843574
897.300,92.8436,300.0000,64.9375,64.9814,13941.44,0.802878,92.843574
897.400,92.8436,300.0000,65.0625,64.9813,13940.45,0.802706,92.843574
897.500,92.8436,300.0000,64.9375,64.9812,13939.52,0.802546,92.843574
897.600,92.8436,300.0000,65.0000,64.9811,13938.66,0.802396,92.843574
897.700,92.8436,300.0000,64.9375,64.9810,13937.85,0.802257,92.843574
897.800,92.8436,300.0000,64.9375,64.9809,13937.09,0.802127,92.843574
897.900,92.8436,300.0000,64.9375,64.9808,13936.39,0.802005,92.843574
898.000,92.5376,300.0000,65.0625,64.9808,13932.67,0.801364,92.836770
898.100,92.5376,300.0000,65.0625,64.9807,13929.20,0.800765,92.836770
898.200,92.5376,300.0000,64.9375,64.9807,13925.97,0.800207,92.836770
898.300,92.5376,300.0000,65.0625,64.9808,13922.94,0.799686,92.836770
898.400,92.5376,300.0000,64.8750,64.9808,13920.12,0.799200,92.836770
898.500,92.5376,300.0000,64.9375,64.9809,13917.49,0.798747,92.836770
898.600,92.5376,300.0000,65.0000,64.9810,13915.03,0.798324,92.836770
898.700,92.5376,300.0000,65.0000,64.9811,13912.74,0.797929,92.836770
898.800,92.5376,300.0000,65.0000,64.9812,13910.60,0.797561,92.836770
898.900,92.5376,300.0000,65.0000,64.9814,13908.60,0.797217,92.836770
899.000,92.8368,300.0000,65.0625,64.9815,13909.73,0.797411,92.836770
899.100,92.8368,300.0000,64.9375,64.9816,13910.78,0.797592,92.836770
899.200,92.8368,300.0000,65.0000,64.9817,13911.77,0.797761,92.836770
899.300,92.8368,300.0000,64.9375,64.9819,13912.68,0.797919,92.836770
899.400,92.8368,300.0000,64.9375,64.9820,13913.54,0.798066,92.836770
899.500,92.8368,300.0000,65.0625,64.9821,13914.34,0.798204,92.836770
899.600,92.8368,300.0000,64.9375,64.9821,13915.08,0.798332,92.836770
899.700,92.8368,300.0000,65.0000,64.9822,13915.78,0.798452,92.836770
899.800,92.8368,300.0000,65.0000,64.9823,13916.43,0.798563,92.836770
899.900,92.8368,300.0000,64.9375,64.9824,13917.03,0.798668,92.836770
900.000,92.5308,300.0000,65.0000,64.9825,13914.54,0.798238,92.829966
900.100,92.5308,300.0000,65.0625,64.9826,13912.21,0.797838,92.829966
900.200,92.5308,300.0000,65.0625,64.9827,13910.04,0.797464,92.829966
900.300,92.5308,300.0000,64.9375,64.9829,13908.01,0.797115,92.829966
900.400,92.5308,300.0000,65.0000,64.9830,13906.12,0.796790,92.829966
900.500,92.5308,300.0000,65.0000,64.9832,13904.35,0.796486,92.829966
900.600,92.5308,300.0000,65.0000,64.9834,13902.70,0.796203,92.829966
900.700,92.5308,300.0000,65.0000,64.9836,13901.16,0.795938,92.829966
900.800,92.5308,300.0000,65.0000,64.9838,13899.72,0.795692,92.829966
900.900,92.5308,300.0000,65.0625,64.9840,13898.38,0.795461,92.829966
901.000,93.1360,300.0000,65.0000,64.9842,13903.18,0.796286,92.836770
901.100,93.1360,300.0000,64.9375,64.9844,13907.67,0.797056,92.836770
901.200,93.1360,300.0000,65.0625,64.9845,13911.85,0.797775,92.836770
901.300,93.1360,300.0000,65.0000,64.9845,13915.75,0.798447,92.836770
901.400,93.1360,300.0000,64.9375,64.9846,13919.39,0.799074,92.836770
901.500,93.1360,300.0000,64.9375,64.9846,13922.79,0.799660,92.836770
901.600,93.1360,300.0000,64.9375,64.9846,13925.97,0.800207,92.836770
901.700,93.1360,300.0000,65.0000,64.9846,13928.93,0.800718,92.836770
901.800,93.1360,300.0000,65.0625,64.9845,13931.69,0.801194,92.836770
901.900,93.1360,300.0000,64.9375,64.9844,13934.27,0.801640,92.836770
902.000,92.5308,300.0000,65.0000,64.9844,13930.63,0.801011,92.829966
902.100,92.5308,300.0000,65.0625,64.9844,13927.23,0.800424,92.829966
902.200,92.5308,300.0000,64.9375,64.9844,13924.05,0.799877,92.829966
902.300,92.5308,300.0000,65.0000,64.9844,13921.09,0.799367,92.829966
902.400,92.5308,300.0000,64.9375,64.9845,13918.33,0.798891,92.829966
902.500,92.5308,300.0000,65.0625,64.9846,13915.75,0.798446,92.829966
902.600,92.5308,300.0000,65.0000,64.9847,13913.34,0.798032,92.829966
902.700,92.5308,300.0000,65.0000,64.9848,13911.09,0.797645,92.829966
902.800,92.5308,300.0000,65.0000,64.9849,13908.99,0.797284,92.829966
902.900,92.5308,300.0000,65.0000,64.9851,13907.03,0.796947,92.829966
903.000,92.8300,300.0000,65.0625,64.9852,13908.20,0.797148,92.829966
903.100,92.8300,300.0000,64.9375,64.9853,13909.28,0.797334,92.829966
903.200,92.8300,300.0000,64.9375,64.9855,13910.30,0.797509,92.829966
903.300,92.8300,300.0000,64.9375,64.9856,13911.24,0.797672,92.829966
903.400,92.8300,300.0000,65.0000,64.9857,13912.13,0.797824,92.829966
903.500,92.8300,300.0000,65.0625,64.9858,13912.95,0.797965,92.829966
903.600,92.8300,300.0000,64.9375,64.9859,13913.72,0.798098,92.829966
903.700,92.8300,300.0000,64.9375,64.9860,13914.44,0.798221,92.829966
903.800,92.8300,300.0000,65.0625,64.9860,13915.11,0.798337,92.829966
903.900,92.8300,300.0000,65.0000,64.9861,13915.74,0.798444,92.829966
904.000,92.8300,300.0000,64.8750,64.9862,13916.32,0.798545,92.829966
904.100,92.8300,300.0000,65.0625,64.9862,13916.86,0.798639,92.829966
904.200,92.8300,300.0000,65.0000,64.9863,13917.37,0.798726,92.829966
904.300,92.8300,300.0000,65.0000,64.9864,13917.85,0.798808,92.829966
904.400,92.8300,300.0000,65.0000,64.9864,13918.29,0.798884,92.829966
904.500,92.8300,300.0000,65.0000,64.9865,13918.70,0.798956,92.829966
904.600,92.8300,300.0000,64.9375,64.9865,13919.09,0.799022,92.829966
904.700,92.8300,300.0000,65.0000,64.9866,13919.45,0.799084,92.829966
904.800,92.8300,300.0000,65.0000,64.9866,13919.79,0.799142,92.829966
904.900,92.8300,300.0000,65.0000,64.9866,13920.10,0.799196,92.829966
905.000,92.8300,300.0000,64.9375,64.9867,13920.39,0.799247,92.829966
905.100,92.8300,300.0000,65.0000,64.9867,13920.67,0.799294,92.829966
905.200,92.8300,300.0000,65.1250,64.9867,13920.92,0.799338,92.829966
905.300,92.8300,300.0000,65.0000,64.9868,13921.16,0.799379,92.829966
905.400,92.8300,300.0000,65.0000,64.9868,13921.38,0.799417,92.829966
905.500,92.8300,300.0000,65.0625,64.9868,13921.59,0.799453,92.829966
905.600,92.8300,300.0000,65.0000,64.9868,13921.78,0.799486,92.829966
905.700,92.8300,300.0000,64.9375,64.9869,13921.96,0.799517,92.829966
905.800,92.8300,300.0000,65.0000,64.9869,13922.13,0.799546,92.829966
905.900,92.8300,300.0000,65.0625,64.9869,13922.29,0.799573,92.829966
906.000,93.1360,300.0000,65.0625,64.9869,13925.50,0.800126,92.836770
906.100,93.1360,300.0000,64.9375,64.9869,13928.49,0.800642,92.836770
906.200,93.1360,300.0000,65.0625,64.9868,13931.28,0.801124,92.836770
906.300,93.1360,300.0000,65.0000,64.9867,13933.89,0.801574,92.836770
906.400,93.1360,300.0000,65.0000,64.9866,13936.33,0.801994,92.836770
906.500,93.1360,300.0000,65.0625,64.9865,13938.60,0.802386,92.836770
906.600,93.1360,300.0000,64.9375,64.9864,13940.72,0.802752,92.836770
906.700,93.1360,300.0000,64.9375,64.9862,13942.70,0.803094,92.836770
906.800,93.1360,300.0000,65.0000,64.9861,13944.54,0.803413,92.836770
906.900,93.1360,300.0000,64.9375,64.9859,13946.27,0.803711,92.836770
907.000,92.5308,300.0000,65.0000,64.9857,13941.82,0.802943,92.829966
907.100,92.5308,300.0000,65.0000,64.9856,13937.67,0.802227,92.829966
907.200,92.5308,300.0000,65.0000,64.9856,13933.80,0.801559,92.829966
907.300,92.5308,300.0000,65.0625,64.9855,13930.19,0.800935,92.829966
907.400,92.5308,300.0000,65.0000,64.9855,13926.82,0.800354,92.829966
907.500,92.5308,300.0000,65.0000,64.9855,13923.67,0.799812,92.829966
907.600,92.5308,300.0000,65.0000,64.9855,13920.74,0.799306,92.829966
907.700,92.5308,300.0000,64.9375,64.9856,13917.99,0.798833,92.829966
907.800,92.5308,300.0000,64.9375,64.9857,13915.44,0.798393,92.829966
907.900,92.5308,300.0000,64.9375,64.9858,13913.05,0.797982,92.829966
908.000,92.5240,300.0000,64.9375,64.9859,13910.75,0.797587,92.823162
908.100,92.5240,300.0000,65.0000,64.9860,13908.61,0.797218,92.823162
908.200,92.5240,300.0000,65.0000,64.9862,13906.61,0.796874,92.823162
908.300,92.5240,300.0000,65.0625,64.9863,13904.74,0.796553,92.823162
908.400,92.5240,300.0000,65.0000,64.9865,13903.00,0.796254,92.823162
908.500,92.5240,300.0000,64.9375,64.9867,13901.37,0.795974,92.823162
908.600,92.5240,300.0000,65.0000,64.9869,13899.85,0.795713,92.823162
908.700,92.5240,300.0000,65.0000,64.9871,13898.43,0.795470,92.823162
908.800,92.5240,300.0000,65.0000,64.9874,13897.11,0.795243,92.823162
908.900,92.5240,300.0000,65.0625,64.9876,13895.88,0.795031,92.823162
909.000,93.1292,300.0000,64.9375,64.9878,13900.78,0.795872,92.829966
909.100,93.1292,300.0000,65.0625,64.9880,13905.35,0.796658,92.829966
909.200,93.1292,300.0000,64.9375,64.9881,13909.62,0.797392,92.829966
909.300,93.1292,300.0000,65.0000,64.9882,13913.60,0.798077,92.829966
909.400,93.1292,300.0000,65.0625,64.9882,13917.32,0.798717,92.829966
909.500,93.1292,300.0000,65.0000,64.9883,13920.79,0.799315,92.829966
909.600,93.1292,300.0000,65.0000,64.9883,13924.03,0.799873,92.829966
909.700,93.1292,300.0000,64.9375,64.9882,13927.05,0.800394,92.829966
909.800,93.1292,300.0000,65.0625,64.9882,13929.87,0.800881,92.829966
909.900,93.1292,300.0000,65.0000,64.9881,13932.51,0.801335,92.829966
910.000,92.8300,300.0000,64.8750,64.9881,13931.97,0.801243,92.829966
910.100,92.8300,300.0000,65.0000,64.9880,13931.47,0.801157,92.829966
910.200,92.8300,300.0000,65.0000,64.9879,13931.01,0.801076,92.829966
910.300,92.8300,300.0000,65.0000,64.9879,13930.57,0.801002,92.829966
910.400,92.8300,300.0000,65.0000,64.9878,13930.17,0.800932,92.829966
910.500,92.8300,300.0000,65.0000,64.9878,13929.79,0.800866,92.829966
910.600,92.8300,300.0000,65.0000,64.9877,13929.44,0.800805,92.829966
910.700,92.8300,300.0000,65.0625,64.9877,13929.11,0.800749,92.829966
910.800,92.8300,300.0000,65.0625,64.9877,13928.80,0.800696,92.829966
910.900,92.8300,300.0000,65.1250,64.9876,13928.51,0.800646,92.829966
911.000,93.4420,300.0000,65.0000,64.9876,13934.37,0.801656,92.843574
911.100,93.4420,300.0000,65.0000,64.9874,13939.83,0.802599,92.843574
911.200,93.4420,300.0000,64.9375,64.9873,13944.93,0.803480,92.843574
911.300,93.4420,300.0000,64.9375,64.9870,13949.68,0.804302,92.843574
911.400,93.4420,300.0000,64.8750,64.9868,13954.12,0.805071,92.843574
911.500,93.4420,300.0000,65.0000,64.9865,13958.27,0.805788,92.843574
911.600,93.4420,300.0000,65.0000,64.9862,13962.14,0.806458,92.843574
911.700,93.4420,300.0000,65.0625,64.9859,13965.75,0.807084,92.843574
911.800,93.4420,300.0000,64.9375,64.9855,13969.12,0.807669,92.843574
911.900,93.4420,300.0000,64.9375,64.9851,13972.26,0.808214,92.843574
912.000,92.5376,300.0000,65.0000,64.9848,13966.15,0.807155,92.836770
912.100,92.5376,300.0000,65.0000,64.9845,13960.45,0.806167,92.836770
912.200,92.5376,300.0000,65.0000,64.9842,13955.13,0.805245,92.836770
912.300,92.5376,300.0000,65.0625,64.9840,13950.17,0.804386,92.836770
912.400,92.5376,300.0000,65.0625,64.9838,13945.53,0.803584,92.836770
912.500,92.5376,300.0000,64.9375,64.9837,13941.20,0.802836,92.836770
912.600,92.5376,300.0000,65.0000,64.9836,13937.17,0.802139,92.836770
912.700,92.5376,300.0000,65.0000,64.9836,13933.40,0.801489,92.836770
912.800,92.5376,300.0000,65.0000,64.9835,13929.88,0.800882,92.836770
912.900,92.5376,300.0000,64.9375,64.9835,13926.60,0.800316,92.836770
913.000,92.5308,300.0000,65.0000,64.9835,13923.47,0.799776,92.829966
913.100,92.5308,300.0000,65.0000,64.9836,13920.54,0.799272,92.829966
913.200,92.5308,300.0000,65.0000,64.9836,13917.81,0.798802,92.829966
913.300,92.5308,300.0000,65.1875,64.9837,13915.27,0.798364,92.829966
913.400,92.5308,300.0000,65.0625,64.9838,13912.89,0.797955,92.829966
913.500,92.5308,300.0000,65.0625,64.9839,13910.67,0.797573,92.829966
913.600,92.5308,300.0000,65.0000,64.9841,13908.60,0.797217,92.829966
913.700,92.5308,300.0000,65.0000,64.9842,13906.67,0.796885,92.829966
913.800,92.5308,300.0000,65.0625,64.9844,13904.87,0.796575,92.829966
913.900,92.5308,300.0000,65.0000,64.9846,13903.18,0.796286,92.829966
914.000,92.8300,300.0000,64.9375,64.9848,13904.60,0.796530,92.829966
914.100,92.8300,300.0000,65.0625,64.9849,13905.93,0.796758,92.829966
914.200,92.8300,300.0000,64.9375,64.9851,13907.17,0.796970,92.829966
914.300,92.8300,300.0000,64.9375,64.9852,13908.32,0.797169,92.829966
914.400,92.8300,300.0000,65.0000,64.9853,13909.40,0.797354,92.829966
914.500,92.8300,300.0000,65.0000,64.9855,13910.41,0.797528,92.829966
914.600,92.8300,300.0000,65.0000,64.9856,13911.35,0.797689,92.829966
914.700,92.8300,300.0000,65.0000,64.9857,13912.22,0.797840,92.829966
914.800,92.8300,300.0000,64.9375,64.9858,13913.04,0.797981,92.829966
914.900,92.8300,300.0000,64.9375,64.9859,13913.80,0.798112,92.829966
915.000,92.5240,300.0000,65.0000,64.9860,13911.46,0.797708,92.823162
915.100,92.5240,300.0000,65.0625,64.9861,13909.27,0.797331,92.823162
915.200,92.5240,300.0000,65.0000,64.9862,13907.22,0.796980,92.823162
915.300,92.5240,300.0000,65.0000,64.9864,13905.31,0.796652,92.823162
915.400,92.5240,300.0000,65.0000,64.9866,13903.53,0.796346,92.823162
915.500,92.5240,300.0000,64.9375,64.9868,13901.87,0.796060,92.823162
915.600,92.5240,300.0000,65.0625,64.9870,13900.32,0.795794,92.823162
915.700,92.5240,300.0000,65.0000,64.9872,13898.87,0.795545,92.823162
915.800,92.5240,300.0000,65.0000,64.9874,13897.52,0.795313,92.823162
915.900,92.5240,300.0000,65.0625,64.9876,13896.26,0.795096,92.823162
916.000,93.1292,300.0000,65.0000,64.9878,13901.13,0.795933,92.829966
916.100,93.1292,300.0000,65.0000,64.9880,13905.68,0.796715,92.829966
916.200,93.1292,300.0000,65.0000,64.9881,13909.93,0.797445,92.829966
916.300,93.1292,300.0000,65.0000,64.9882,13913.89,0.798127,92.829966
916.400,93.1292,300.0000,65.0000,64.9882,13917.59,0.798764,92.829966
916.500,93.1292,300.0000,65.0625,64.9883,13921.04,0.799358,92.829966
916.600,93.1292,300.0000,65.0625,64.9883,13924.26,0.799913,92.829966
916.700,93.1292,300.0000,65.0000,64.9882,13927.27,0.800432,92.829966
916.800,93.1292,300.0000,64.9375,64.9882,13930.08,0.800916,92.829966
916.900,93.1292,300.0000,65.0000,64.9881,13932.70,0.801368,92.829966
917.000,92.8300,300.0000,65.0000,64.9881,13932.15,0.801273,92.829966
917.100,92.8300,300.0000,65.0000,64.9880,13931.64,0.801185,92.829966
917.200,92.8300,300.0000,64.9375,64.9879,13931.16,0.801103,92.829966
917.300,92.8300,300.0000,64.9375,64.9879,13930.72,0.801026,92.829966
917.400,92.8300,300.0000,65.0000,64.9878,13930.30,0.800955,92.829966
917.500,92.8300,300.0000,64.9375,64.9878,13929.92,0.800888,92.829966
917.600,92.8300,300.0000,65.0000,64.9878,13929.56,0.800826,92.829966
917.700,92.8300,300.0000,65.0000,64.9877,13929.22,0.800768,92.829966
917.800,92.8300,300.0000,65.0000,64.9877,13928.90,0.800713,92.829966
917.900,92.8300,300.0000,65.0000,64.9876,13928.61,0.800663,92.829966
918.000,92.8300,300.0000,65.0000,64.9876,13928.34,0.800615,92.829966
918.100,92.8300,300.0000,65.0000,64.9876,13928.08,0.800571,92.829966
918.200,92.8300,300.0000,65.0000,64.9875,13927.84,0.800530,92.829966
918.300,92.8300,300.0000,64.9375,64.9875,13927.62,0.800491,92.829966
918.400,92.8300,300.0000,65.0625,64.9875,13927.41,0.800456,92.829966
918.500,92.8300,300.0000,64.8750,64.9875,13927.21,0.800422,92.829966
918.600,92.8300,300.0000,64.9375,64.9874,13927.03,0.800391,92.829966
918.700,92.8300,300.0000,65.0625,64.9874,13926.86,0.800362,92.829966
918.800,92.8300,300.0000,65.0000,64.9874,13926.71,0.800334,92.829966
918.900,92.8300,300.0000,65.0000,64.9874,13926.56,0.800309,92.829966
919.000,92.8300,300.0000,65.0000,64.9874,13926.42,0.800285,92.829966
919.100,92.8300,300.0000,65.0625,64.9874,13926.29,0.800263,92.829966
919.200,92.8300,300.0000,65.0000,64.9873,13926.17,0.800242,92.829966
919.300,92.8300,300.0000,64.9375,64.9873,13926.06,0.800223,92.829966
919.400,92.8300,300.0000,65.0000,64.9873,13925.96,0.800205,92.829966
919.500,92.8300,300.0000,64.9375,64.9873,13925.86,0.800188,92.829966
919.600,92.8300,300.0000,65.0000,64.9873,13925.77,0.800173,92.829966
919.700,92.8300,300.0000,64.9375,64.9873,13925.68,0.800158,92.829966
919.800,92.8300,300.0000,64.9375,64.9873,13925.60,0.800144,92.829966
919.900,92.8300,300.0000,65.0000,64.9873,13925.53,0.800132,92.829966
920.000,92.8300,300.0000,65.0000,64.9873,13925.46,0.800120,92.829966
920.100,92.8300,300.0000,65.0000,64.9872,13925.40,0.800109,92.829966
920.200,92.8300,300.0000,65.0000,64.9872,13925.34,0.800098,92.829966
920.300,92.8300,300.0000,65.0625,64.9872,13925.28,0.800089,92.829966
920.400,92.8300,300.0000,65.0625,64.9872,13925.23,0.800080,92.829966
920.500,92.8300,300.0000,64.9375,64.9872,13925.18,0.800071,92.829966
920.600,92.8300,300.0000,65.0000,64.9872,13925.13,0.800063,92.829966
920.700,92.8300,300.0000,65.0625,64.9872,13925.09,0.800056,92.829966
920.800,92.8300,300.0000,65.0000,64.9872,13925.05,0.800049,92.829966
920.900,92.8300,300.0000,65.0000,64.9872,13925.01,0.800043,92.829966
921.000,92.8300,300.0000,65.0625,64.9872,13924.98,0.800037,92.829966
921.100,92.8300,300.0000,64.8125,64.9872,13924.95,0.800031,92.829966
921.200,92.8300,300.0000,64.9375,64.9872,13924.92,0.800026,92.829966
921.300,92.8300,300.0000,64.9375,64.9872,13924.89,0.800021,92.829966
921.400,92.8300,300.0000,65.0000,64.9872,13924.86,0.800017,92.829966
921.500,92.8300,300.0000,65.0625,64.9872,13924.84,0.800012,92.829966
921.600,92.8300,300.0000,65.0000,64.9872,13924.82,0.800008,92.829966
921.700,92.8300,300.0000,64.9375,64.9872,13924.79,0.800005,92.829966
921.800,92.8300,300.0000,65.0000,64.9872,13924.77,0.800001,92.829966
921.900,92.8300,300.0000,64.9375,64.9872,13924.76,0.799998,92.829966
922.000,92.5240,300.0000,65.0000,64.9872,13921.68,0.799468,92.823162
922.100,92.5240,300.0000,64.9375,64.9872,13918.81,0.798973,92.823162
922.200,92.5240,300.0000,65.0000,64.9873,13916.13,0.798512,92.823162
922.300,92.5240,300.0000,65.0625,64.9874,13913.62,0.798081,92.823162
922.400,92.5240,300.0000,65.0000,64.9875,13911.29,0.797679,92.823162
922.500,92.5240,300.0000,65.0000,64.9876,13909.11,0.797304,92.823162
922.600,92.5240,300.0000,64.9375,64.9878,13907.07,0.796955,92.823162
922.700,92.5240,300.0000,65.0000,64.9879,13905.18,0.796628,92.823162
922.800,92.5240,300.0000,64.8750,64.9881,13903.40,0.796324,92.823162
922.900,92.5240,300.0000,65.0000,64.9883,13901.75,0.796039,92.823162
923.000,92.8232,300.0000,64.9375,64.9885,13903.20,0.796288,92.823162
923.100,92.8232,300.0000,65.0000,64.9886,13904.55,0.796521,92.823162
923.200,92.8232,300.0000,65.0625,64.9888,13905.81,0.796737,92.823162
923.300,92.8232,300.0000,64.8750,64.9889,13906.99,0.796940,92.823162
923.400,92.8232,300.0000,64.8750,64.9891,13908.09,0.797129,92.823162
923.500,92.8232,300.0000,65.0000,64.9892,13909.11,0.797305,92.823162
923.600,92.8232,300.0000,65.0000,64.9893,13910.07,0.797470,92.823162
923.700,92.8232,300.0000,65.0000,64.9894,13910.96,0.797624,92.823162
923.800,92.8232,300.0000,65.0000,64.9895,13911.80,0.797767,92.823162
923.900,92.8232,300.0000,65.0000,64.9896,13912.58,0.797901,92.823162
924.000,92.8232,300.0000,65.0000,64.9897,13913.30,0.798026,92.823162
924.100,92.8232,300.0000,65.0000,64.9898,13913.98,0.798143,92.823162
924.200,92.8232,300.0000,65.0625,64.9898,13914.61,0.798251,92.823162
924.300,92.8232,300.0000,64.9375,64.9899,13915.20,0.798353,92.823162
924.400,92.8232,300.0000,65.0625,64.9900,13915.76,0.798448,92.823162
924.500,92.8232,300.0000,64.9375,64.9900,13916.27,0.798537,92.823162
924.600,92.8232,300.0000,64.9375,64.9901,13916.75,0.798619,92.823162
924.700,92.8232,300.0000,65.0000,64.9902,13917.20,0.798696,92.823162
924.800,92.8232,300.0000,65.0000,64.9902,13917.62,0.798768,92.823162
924.900,92.8232,300.0000,65.0000,64.9902,13918.01,0.798836,92.823162
925.000,92.8232,300.0000,65.0000,64.9903,13918.37,0.798898,92.823162
925.100,92.8232,300.0000,65.0000,64.9903,13918.71,0.798957,92.823162
925.200,92.8232,300.0000,64.9375,64.9904,13919.03,0.799012,92.823162
925.300,92.8232,300.0000,65.0000,64.9904,13919.33,0.799063,92.823162
925.400,92.8232,300.0000,64.9375,64.9904,13919.60,0.799110,92.823162
925.500,92.8232,300.0000,64.8750,64.9905,13919.86,0.799155,92.823162
925.600,92.8232,300.0000,64.9375,64.9905,13920.10,0.799196,92.823162
925.700,92.8232,300.0000,64.9375,64.9905,13920.33,0.799235,92.823162
925.800,92.8232,300.0000,65.0000,64.9906,13920.54,0.799271,92.823162
925.900,92.8232,300.0000,65.0000,64.9906,13920.73,0.799305,92.823162
926.000,92.8232,300.0000,65.0000,64.9906,13920.92,0.799336,92.823162
926.100,92.8232,300.0000,65.0000,64.9906,13921.09,0.799366,92.823162
926.200,92.8232,300.0000,65.0000,64.9906,13921.24,0.799393,92.823162
926.300,92.8232,300.0000,65.0000,64.9907,13921.39,0.799419,92.823162
926.400,92.8232,300.0000,64.9375,64.9907,13921.53,0.799443,92.823162
926.500,92.8232,300.0000,65.0000,64.9907,13921.66,0.799465,92.823162
926.600,92.8232,300.0000,65.0000,64.9907,13921.78,0.799486,92.823162
926.700,92.8232,300.0000,64.9375,64.9907,13921.90,0.799505,92.823162
926.800,92.8232,300.0000,65.1250,64.9907,13922.00,0.799523,92.823162
926.900,92.8232,300.0000,64.9375,64.9907,13922.10,0.799540,92.823162
927.000,92.5172,300.0000,65.0625,64.9908,13919.13,0.799029,92.816358
927.100,92.5172,300.0000,65.0625,64.9908,13916.36,0.798552,92.816358
927.200,92.5172,300.0000,65.0000,64.9909,13913.77,0.798107,92.816358
927.300,92.5172,300.0000,65.0000,64.9910,13911.36,0.797692,92.816358
927.400,92.5172,300.0000,65.0000,64.9911,13909.11,0.797304,92.816358
927.500,92.5172,300.0000,64.9375,64.9913,13907.01,0.796943,92.816358
927.600,92.5172,300.0000,64.9375,64.9914,13905.04,0.796606,92.816358
927.700,92.5172,300.0000,65.0000,64.9916,13903.21,0.796291,92.816358
927.800,92.5172,300.0000,64.9375,64.9918,13901.50,0.795997,92.816358
927.900,92.5172,300.0000,64.9375,64.9920,13899.91,0.795723,92.816358
928.000,92.5104,300.0000,65.0000,64.9922,13898.35,0.795456,92.809553
928.100,92.5104,300.0000,64.9375,64.9924,13896.90,0.795206,92.809553
928.200,92.5104,300.0000,65.0625,64.9926,13895.54,0.794974,92.809553
928.300,92.5104,300.0000,64.9375,64.9929,13894.28,0.794756,92.809553
928.400,92.5104,300.0000,64.9375,64.9931,13893.09,0.794554,92.809553
928.500,92.5104,300.0000,65.0000,64.9934,13891.99,0.794364,92.809553
928.600,92.5104,300.0000,65.0000,64.9936,13890.96,0.794188,92.809553
928.700,92.5104,300.0000,65.0000,64.9939,13890.00,0.794023,92.809553
928.800,92.5104,300.0000,65.0625,64.9942,13889.11,0.793869,92.809553
928.900,92.5104,300.0000,65.0625,64.9945,13888.27,0.793726,92.809553
929.000,93.1156,300.0000,65.0625,64.9947,13893.54,0.794630,92.816358
929.100,93.1156,300.0000,65.0625,64.9949,13898.46,0.795474,92.816358
929.200,93.1156,300.0000,65.0000,64.9951,13903.05,0.796263,92.816358
929.300,93.1156,300.0000,65.0000,64.9952,13907.34,0.797000,92.816358
929.400,93.1156,300.0000,64.9375,64.9953,13911.34,0.797687,92.816358
929.500,93.1156,300.0000,64.9375,64.9953,13915.07,0.798330,92.816358
929.600,93.1156,300.0000,64.9375,64.9954,13918.55,0.798930,92.816358
929.700,93.1156,300.0000,65.0000,64.9954,13921.81,0.799490,92.816358
929.800,93.1156,300.0000,65.0625,64.9954,13924.84,0.800013,92.816358
929.900,93.1156,300.0000,65.0000,64.9953,13927.67,0.800501,92.816358
930.000,92.8164,300.0000,65.0000,64.9953,13927.33,0.800441,92.816358
930.100,92.8164,300.0000,65.0625,64.9952,13927.00,0.800385,92.816358
930.200,92.8164,300.0000,64.9375,64.9952,13926.70,0.800333,92.816358
930.300,92.8164,300.0000,64.9375,64.9952,13926.41,0.800284,92.816358
930.400,92.8164,300.0000,65.0625,64.9951,13926.15,0.800239,92.816358
930.500,92.8164,300.0000,65.0625,64.9951,13925.90,0.800196,92.816358
930.600,92.8164,300.0000,65.0000,64.9951,13925.67,0.800156,92.816358
930.700,92.8164,300.0000,65.0000,64.9950,13925.46,0.800119,92.816358
930.800,92.8164,300.0000,64.8750,64.9950,13925.26,0.800085,92.816358
930.900,92.8164,300.0000,65.0625,64.9950,13925.07,0.800053,92.816358
931.000,93.1224,300.0000,65.0000,64.9949,13927.96,0.800550,92.823162
931.100,93.1224,300.0000,65.0000,64.9949,13930.65,0.801015,92.823162
931.200,93.1224,300.0000,64.8750,64.9948,13933.16,0.801448,92.823162
931.300,93.1224,300.0000,65.0625,64.9947,13935.51,0.801853,92.823162
931.400,93.1224,300.0000,65.0000,64.9946,13937.70,0.802231,92.823162
931.500,93.1224,300.0000,65.0000,64.9944,13939.74,0.802584,92.823162
931.600,93.1224,300.0000,64.8750,64.9943,13941.65,0.802914,92.823162
931.700,93.1224,300.0000,64.9375,64.9941,13943.43,0.803221,92.823162
931.800,93.1224,300.0000,65.0000,64.9939,13945.09,0.803508,92.823162
931.900,93.1224,300.0000,64.9375,64.9937,13946.64,0.803776,92.823162
932.000,92.5172,300.0000,65.0000,64.9935,13942.04,0.802981,92.816358
932.100,92.5172,300.0000,65.0000,64.9934,13937.74,0.802238,92.816358
932.200,92.5172,300.0000,65.0000,64.9933,13933.73,0.801546,92.816358
932.300,92.5172,300.0000,65.0000,64.9933,13929.99,0.800900,92.816358
932.400,92.5172,300.0000,65.0000,64.9932,13926.49,0.800297,92.816358
932.500,92.5172,300.0000,65.0000,64.9932,13923.23,0.799735,92.816358
932.600,92.5172,300.0000,65.0625,64.9932,13920.19,0.799211,92.816358
932.700,92.5172,300.0000,64.9375,64.9933,13917.35,0.798722,92.816358
932.800,92.5172,300.0000,65.0000,64.9934,13914.69,0.798265,92.816358
932.900,92.5172,300.0000,65.0625,64.9935,13912.22,0.797839,92.816358
933.000,93.1224,300.0000,65.0000,64.9935,13915.96,0.798484,92.823162
933.100,93.1224,300.0000,65.0000,64.9935,13919.45,0.799085,92.823162
933.200,93.1224,300.0000,65.0000,64.9935,13922.71,0.799646,92.823162
933.300,93.1224,300.0000,65.0625,64.9935,13925.76,0.800171,92.823162
933.400,93.1224,300.0000,65.0625,64.9935,13928.60,0.800660,92.823162
933.500,93.1224,300.0000,65.0000,64.9934,13931.25,0.801118,92.823162
933.600,93.1224,300.0000,64.9375,64.9933,13933.72,0.801544,92.823162
933.700,93.1224,300.0000,64.9375,64.9932,13936.03,0.801943,92.823162
933.800,93.1224,300.0000,65.0000,64.9931,13938.19,0.802315,92.823162
933.900,93.1224,300.0000,65.0625,64.9929,13940.20,0.802662,92.823162
934.000,93.1292,300.0000,65.0000,64.9928,13942.14,0.802998,92.829966
934.100,93.1292,300.0000,65.0625,64.9926,13943.96,0.803312,92.829966
934.200,93.1292,300.0000,64.9375,64.9924,13945.65,0.803605,92.829966
934.300,93.1292,300.0000,64.9375,64.9922,13947.23,0.803878,92.829966
934.400,93.1292,300.0000,65.0000,64.9920,13948.71,0.804134,92.829966
934.500,93.1292,300.0000,65.0000,64.9918,13950.09,0.804372,92.829966
934.600,93.1292,300.0000,65.0000,64.9915,13951.37,0.804594,92.829966
934.700,93.1292,300.0000,64.8750,64.9913,13952.57,0.804802,92.829966
934.800,93.1292,300.0000,65.0625,64.9910,13953.69,0.804996,92.829966
934.900,93.1292,300.0000,65.0625,64.9908,13954.74,0.805177,92.829966
935.000,93.1360,300.0000,64.9375,64.9905,13955.78,0.805358,92.836770
935.100,93.1360,300.0000,64.9375,64.9902,13956.76,0.805526,92.836770
935.200,93.1360,300.0000,64.9375,64.9900,13957.67,0.805684,92.836770
935.300,93.1360,300.0000,64.9375,64.9897,13958.51,0.805831,92.836770
935.400,93.1360,300.0000,65.0000,64.9894,13959.31,0.805968,92.836770
935.500,93.1360,300.0000,65.0625,64.9891,13960.05,0.806096,92.836770
935.600,93.1360,300.0000,64.9375,64.9888,13960.74,0.806215,92.836770
935.700,93.1360,300.0000,65.0000,64.9885,13961.38,0.806327,92.836770
935.800,93.1360,300.0000,64.9375,64.9881,13961.98,0.806431,92.836770
935.900,93.1360,300.0000,65.0625,64.9878,13962.54,0.806528,92.836770
936.000,93.1428,300.0000,65.1250,64.9875,13963.13,0.806631,92.843574
936.100,93.1428,300.0000,65.0000,64.9872,13963.69,0.806727,92.843574
936.200,93.1428,300.0000,65.0000,64.9868,13964.20,0.806816,92.843574
936.300,93.1428,300.0000,64.9375,64.9865,13964.68,0.806899,92.843574
936.400,93.1428,300.0000,65.0000,64.9862,13965.13,0.806977,92.843574
936.500,93.1428,300.0000,65.0000,64.9858,13965.55,0.807050,92.843574
936.600,93.1428,300.0000,65.0000,64.9855,13965.94,0.807118,92.843574
936.700,93.1428,300.0000,65.0000,64.9851,13966.31,0.807181,92.843574
936.800,93.1428,300.0000,64.9375,64.9848,13966.65,0.807240,92.843574
936.900,93.1428,300.0000,64.9375,64.9845,13966.96,0.807295,92.843574
937.000,92.5376,300.0000,65.0000,64.9842,13961.21,0.806297,92.836770
937.100,92.5376,300.0000,65.0000,64.9839,13955.84,0.805367,92.836770
937.200,92.5376,300.0000,65.1250,64.9837,13950.82,0.804500,92.836770
937.300,92.5376,300.0000,65.0625,64.9835,13946.14,0.803690,92.836770
937.400,92.5376,300.0000,65.0000,64.9834,13941.78,0.802936,92.836770
937.500,92.5376,300.0000,65.1250,64.9833,13937.70,0.802231,92.836770
937.600,92.5376,300.0000,64.9375,64.9832,13933.90,0.801575,92.836770
937.700,92.5376,300.0000,64.9375,64.9832,13930.35,0.800962,92.836770
937.800,92.5376,300.0000,65.0625,64.9832,13927.03,0.800391,92.836770
937.900,92.5376,300.0000,65.0625,64.9832,13923.94,0.799857,92.836770
938.000,93.1428,300.0000,64.9375,64.9832,13927.10,0.800403,92.843574
938.100,93.1428,300.0000,65.0000,64.9831,13930.06,0.800912,92.843574
938.200,93.1428,300.0000,65.0000,64.9831,13932.82,0.801388,92.843574
938.300,93.1428,300.0000,64.9375,64.9830,13935.39,0.801832,92.843574
938.400,93.1428,300.0000,65.0000,64.9829,13937.79,0.802247,92.843574
938.500,93.1428,300.0000,65.0000,64.9828,13940.03,0.802634,92.843574
938.600,93.1428,300.0000,65.0000,64.9826,13942.12,0.802995,92.843574
938.700,93.1428,300.0000,65.1250,64.9825,13944.08,0.803333,92.843574
938.800,93.1428,300.0000,65.0625,64.9823,13945.90,0.803648,92.843574
938.900,93.1428,300.0000,64.9375,64.9821,13947.60,0.803942,92.843574
939.000,92.5376,300.0000,65.0000,64.9820,13943.14,0.803170,92.836770
939.100,92.5376,300.0000,64.9375,64.9819,13938.97,0.802451,92.836770
939.200,92.5376,300.0000,64.9375,64.9818,13935.08,0.801779,92.836770
939.300,92.5376,300.0000,65.0000,64.9817,13931.45,0.801153,92.836770
939.400,92.5376,300.0000,65.0000,64.9817,13928.06,0.800568,92.836770
939.500,92.5376,300.0000,65.0000,64.9817,13924.90,0.800023,92.836770
939.600,92.5376,300.0000,65.0625,64.9818,13921.95,0.799515,92.836770
939.700,92.5376,300.0000,64.9375,64.9818,13919.20,0.799040,92.836770
939.800,92.5376,300.0000,65.0000,64.9819,13916.63,0.798598,92.836770
939.900,92.5376,300.0000,64.9375,64.9820,13914.23,0.798185,92.836770
940.000,92.5308,300.0000,64.9375,64.9821,13911.92,0.797788,92.829966
940.100,92.5308,300.0000,65.0000,64.9823,13909.77,0.797417,92.829966
940.200,92.5308,300.0000,65.0625,64.9824,13907.76,0.797072,92.829966
940.300,92.5308,300.0000,64.9375,64.9826,13905.88,0.796749,92.829966
940.400,92.5308,300.0000,64.9375,64.9827,13904.13,0.796448,92.829966
940.500,92.5308,300.0000,65.0625,64.9829,13902.49,0.796167,92.829966
940.600,92.5308,300.0000,65.0000,64.9831,13900.97,0.795905,92.829966
940.700,92.5308,300.0000,65.0000,64.9834,13899.55,0.795661,92.829966
940.800,92.5308,300.0000,65.0625,64.9836,13898.22,0.795433,92.829966
940.900,92.5308,300.0000,65.0000,64.9838,13896.98,0.795220,92.829966
941.000,92.8300,300.0000,64.8750,64.9840,13898.81,0.795535,92.829966
941.100,92.8300,300.0000,65.0000,64.9842,13900.52,0.795829,92.829966
941.200,92.8300,300.0000,64.9375,64.9844,13902.12,0.796103,92.829966
941.300,92.8300,300.0000,65.0000,64.9846,13903.61,0.796360,92.829966
941.400,92.8300,300.0000,65.0000,64.9848,13905.01,0.796599,92.829966
941.500,92.8300,300.0000,64.9375,64.9849,13906.30,0.796822,92.829966
941.600,92.8300,300.0000,64.9375,64.9851,13907.52,0.797031,92.829966
941.700,92.8300,300.0000,65.0000,64.9852,13908.65,0.797225,92.829966
941.800,92.8300,300.0000,64.8750,64.9854,13909.71,0.797407,92.829966
941.900,92.8300,300.0000,65.0625,64.9855,13910.69,0.797577,92.829966
942.000,93.1360,300.0000,65.0000,64.9856,13914.67,0.798261,92.836770
942.100,93.1360,300.0000,65.1250,64.9856,13918.39,0.798901,92.836770
942.200,93.1360,300.0000,65.0000,64.9856,13921.85,0.799498,92.836770
942.300,93.1360,300.0000,65.0000,64.9856,13925.09,0.800056,92.836770
942.400,93.1360,300.0000,65.0000,64.9856,13928.11,0.800576,92.836770
942.500,93.1360,300.0000,64.9375,64.9856,13930.93,0.801063,92.836770
942.600,93.1360,300.0000,65.0000,64.9855,13933.56,0.801517,92.836770
942.700,93.1360,300.0000,65.0000,64.9854,13936.02,0.801940,92.836770
942.800,93.1360,300.0000,64.9375,64.9853,13938.31,0.802336,92.836770
942.900,93.1360,300.0000,64.9375,64.9852,13940.45,0.802706,92.836770
943.000,92.5308,300.0000,65.0000,64.9851,13936.39,0.802005,92.829966
943.100,92.5308,300.0000,65.0000,64.9850,13932.61,0.801352,92.829966
943.200,92.5308,300.0000,65.0000,64.9850,13929.07,0.800743,92.829966
943.300,92.5308,300.0000,65.0000,64.9850,13925.78,0.800174,92.829966
943.400,92.5308,300.0000,65.0625,64.9850,13922.70,0.799644,92.829966
943.500,92.5308,300.0000,65.0000,64.9850,13919.83,0.799149,92.829966
943.600,92.5308,300.0000,64.9375,64.9851,13917.15,0.798687,92.829966
943.700,92.5308,300.0000,65.0000,64.9852,13914.64,0.798257,92.829966
943.800,92.5308,300.0000,65.0000,64.9853,13912.31,0.797855,92.829966
943.900,92.5308,300.0000,64.9375,64.9854,13910.13,0.797480,92.829966
944.000,92.5240,300.0000,64.9375,64.9855,13908.03,0.797118,92.823162
944.100,92.5240,300.0000,64.9375,64.9857,13906.06,0.796781,92.823162
944.200,92.5240,300.0000,64.8750,64.9859,13904.23,0.796466,92.823162
944.300,92.5240,300.0000,65.0000,64.9861,13902.52,0.796173,92.823162
944.400,92.5240,300.0000,65.0625,64.9863,13900.93,0.795899,92.823162
944.500,92.5240,300.0000,65.0625,64.9865,13899.44,0.795643,92.823162
944.600,92.5240,300.0000,65.0000,64.9867,13898.05,0.795404,92.823162
944.700,92.5240,300.0000,65.0000,64.9869,13896.75,0.795182,92.823162
944.800,92.5240,300.0000,65.0625,64.9872,13895.54,0.794974,92.823162
944.900,92.5240,300.0000,65.0625,64.9874,13894.41,0.794780,92.823162
945.000,93.1292,300.0000,65.0000,64.9876,13899.41,0.795638,92.829966
945.100,93.1292,300.0000,65.0000,64.9878,13904.07,0.796439,92.829966
945.200,93.1292,300.0000,65.0000,64.9879,13908.43,0.797187,92.829966
945.300,93.1292,300.0000,65.0000,64.9880,13912.49,0.797886,92.829966
945.400,93.1292,300.0000,65.0000,64.9881,13916.28,0.798539,92.829966
945.500,93.1292,300.0000,64.9375,64.9881,13919.82,0.799148,92.829966
945.600,93.1292,300.0000,65.0000,64.9881,13923.13,0.799717,92.829966
945.700,93.1292,300.0000,65.1250,64.9881,13926.21,0.800249,92.829966
945.800,93.1292,300.0000,65.0000,64.9881,13929.09,0.800745,92.829966
945.900,93.1292,300.0000,64.8750,64.9880,13931.77,0.801208,92.829966
946.000,92.2180,300.0000,65.0625,64.9880,13925.17,0.800069,92.816358
946.100,92.2180,300.0000,65.0000,64.9880,13919.00,0.799007,92.816358
946.200,92.2180,300.0000,65.0625,64.9881,13913.25,0.798017,92.816358
946.300,92.2180,300.0000,64.9375,64.9883,13907.88,0.797093,92.816358
946.400,92.2180,300.0000,65.0000,64.9884,13902.87,0.796231,92.816358
946.500,92.2180,300.0000,64.9375,64.9887,13898.19,0.795428,92.816358
946.600,92.2180,300.0000,65.0625,64.9889,13893.82,0.794678,92.816358
946.700,92.2180,300.0000,65.0625,64.9892,13889.75,0.793979,92.816358
946.800,92.2180,300.0000,64.9375,64.9895,13885.94,0.793327,92.816358
946.900,92.2180,300.0000,64.9375,64.9899,13882.39,0.792719,92.816358
947.000,92.5104,300.0000,64.9375,64.9902,13882.00,0.792652,92.809553
947.100,92.5104,300.0000,65.0000,64.9905,13881.64,0.792590,92.809553
947.200,92.5104,300.0000,65.0000,64.9909,13881.30,0.792532,92.809553
947.300,92.5104,300.0000,64.9375,64.9912,13880.99,0.792478,92.809553
947.400,92.5104,300.0000,65.0000,64.9916,13880.69,0.792427,92.809553
947.500,92.5104,300.0000,65.0625,64.9920,13880.41,0.792380,92.809553
947.600,92.5104,300.0000,64.9375,64.9923,13880.16,0.792336,92.809553
947.700,92.5104,300.0000,64.9375,64.9927,13879.92,0.792295,92.809553
947.800,92.5104,300.0000,65.0625,64.9930,13879.69,0.792256,92.809553
947.900,92.5104,300.0000,65.0625,64.9934,13879.48,0.792221,92.809553
948.000,93.1156,300.0000,64.9375,64.9937,13885.34,0.793224,92.816358
948.100,93.1156,300.0000,65.0000,64.9940,13890.81,0.794161,92.816358
948.200,93.1156,300.0000,64.9375,64.9942,13895.91,0.795036,92.816358
948.300,93.1156,300.0000,65.0625,64.9944,13900.67,0.795854,92.816358
948.400,93.1156,300.0000,65.0000,64.9945,13905.11,0.796618,92.816358
948.500,93.1156,300.0000,65.0000,64.9946,13909.26,0.797331,92.816358
948.600,93.1156,300.0000,65.0000,64.9947,13913.13,0.797997,92.816358
948.700,93.1156,300.0000,64.9375,64.9948,13916.75,0.798618,92.816358
948.800,93.1156,300.0000,65.0000,64.9948,13920.12,0.799199,92.816358
948.900,93.1156,300.0000,64.9375,64.9948,13923.27,0.799741,92.816358
949.000,92.5104,300.0000,64.9375,64.9948,13920.15,0.799205,92.809553
949.100,92.5104,300.0000,65.0000,64.9948,13917.25,0.798704,92.809553
949.200,92.5104,300.0000,64.8750,64.9949,13914.53,0.798237,92.809553
949.300,92.5104,300.0000,65.0000,64.9950,13912.00,0.797802,92.809553
949.400,92.5104,300.0000,64.9375,64.9951,13909.64,0.797395,92.809553
949.500,92.5104,300.0000,64.9375,64.9952,13907.43,0.797016,92.809553
949.600,92.5104,300.0000,65.0000,64.9954,13905.37,0.796662,92.809553
949.700,92.5104,300.0000,64.9375,64.9955,13903.45,0.796332,92.809553
949.800,92.5104,300.0000,65.0625,64.9957,13901.66,0.796024,92.809553
949.900,92.5104,300.0000,65.0000,64.9959,13899.99,0.795736,92.809553
950.000,92.8096,300.0000,65.0000,64.9960,13901.42,0.795982,92.809553
950.100,92.8096,300.0000,64.9375,64.9962,13902.75,0.796211,92.809553
950.200,92.8096,300.0000,64.9375,64.9963,13904.00,0.796425,92.809553
950.300,92.8096,300.0000,65.0000,64.9965,13905.16,0.796625,92.809553
950.400,92.8096,300.0000,64.9375,64.9966,13906.24,0.796812,92.809553
950.500,92.8096,300.0000,65.0625,64.9967,13907.26,0.796986,92.809553
950.600,92.8096,300.0000,65.0625,64.9969,13908.20,0.797148,92.809553
950.700,92.8096,300.0000,65.0625,64.9970,13909.08,0.797300,92.809553
950.800,92.8096,300.0000,65.0625,64.9971,13909.91,0.797441,92.809553
950.900,92.8096,300.0000,64.9375,64.9972,13910.67,0.797574,92.809553
951.000,92.5036,300.0000,65.0000,64.9973,13908.33,0.797171,92.802749
951.100,92.5036,300.0000,65.0000,64.9974,13906.15,0.796795,92.802749
951.200,92.5036,300.0000,65.0000,64.9975,13904.10,0.796444,92.802749
951.300,92.5036,300.0000,64.9375,64.9977,13902.20,0.796117,92.802749
951.400,92.5036,300.0000,64.8750,64.9979,13900.42,0.795811,92.802749
951.500,92.5036,300.0000,65.0625,64.9981,13898.76,0.795526,92.802749
951.600,92.5036,300.0000,65.0000,64.9983,13897.21,0.795261,92.802749
951.700,92.5036,300.0000,64.9375,64.9985,13895.77,0.795012,92.802749
951.800,92.5036,300.0000,64.9375,64.9987,13894.42,0.794781,92.802749
951.900,92.5036,300.0000,64.9375,64.9989,13893.16,0.794565,92.802749
952.000,92.4967,300.0000,65.0625,64.9992,13891.92,0.794352,92.795945
952.100,92.4967,300.0000,64.9375,64.9994,13890.76,0.794153,92.795945
952.200,92.4967,300.0000,65.0625,64.9997,13889.67,0.793967,92.795945
952.300,92.4967,300.0000,65.0000,65.0000,13888.66,0.793794,92.795945
952.400,92.4967,300.0000,65.0000,65.0002,13887.72,0.793632,92.795945
952.500,92.4967,300.0000,65.0000,65.0005,13886.84,0.793481,92.795945
952.600,92.4967,300.0000,64.9375,65.0008,13886.02,0.793340,92.795945
952.700,92.4967,300.0000,65.0000,65.0011,13885.25,0.793209,92.795945
952.800,92.4967,300.0000,64.9375,65.0014,13884.53,0.793086,92.795945
952.900,92.4967,300.0000,64.9375,65.0017,13883.87,0.792971,92.795945
953.000,92.4899,300.0000,64.9375,65.0020,13883.17,0.792853,92.789141
953.100,92.4899,300.0000,65.0000,65.0023,13882.53,0.792742,92.789141
953.200,92.4899,300.0000,65.0000,65.0027,13881.93,0.792639,92.789141
953.300,92.4899,300.0000,65.0000,65.0030,13881.36,0.792543,92.789141
953.400,92.4899,300.0000,64.9375,65.0033,13880.84,0.792453,92.789141
953.500,92.4899,300.0000,65.0625,65.0036,13880.35,0.792369,92.789141
953.600,92.4899,300.0000,65.0000,65.0040,13879.89,0.792291,92.789141
953.700,92.4899,300.0000,65.0000,65.0043,13879.47,0.792218,92.789141
953.800,92.4899,300.0000,64.9375,65.0047,13879.07,0.792149,92.789141
953.900,92.4899,300.0000,65.0625,65.0050,13878.70,0.792086,92.789141
954.000,93.0951,300.0000,65.0625,65.0053,13884.40,0.793063,92.795945
954.100,93.0951,300.0000,64.9375,65.0055,13889.73,0.793976,92.795945
954.200,93.0951,300.0000,64.9375,65.0057,13894.70,0.794828,92.795945
954.300,93.0951,300.0000,64.9375,65.0059,13899.33,0.795625,92.795945
954.400,93.0951,300.0000,65.0000,65.0060,13903.66,0.796368,92.795945
954.500,93.0951,300.0000,65.0625,65.0061,13907.70,0.797063,92.795945
954.600,93.0951,300.0000,65.0000,65.0062,13911.47,0.797711,92.795945
954.700,93.0951,300.0000,64.9375,65.0062,13914.99,0.798317,92.795945
954.800,93.0951,300.0000,65.0000,65.0063,13918.28,0.798882,92.795945
954.900,93.0951,300.0000,65.0625,65.0062,13921.35,0.799411,92.795945
955.000,93.1019,300.0000,65.0000,65.0062,13924.28,0.799915,92.802749
955.100,93.1019,300.0000,65.0625,65.0061,13927.01,0.800387,92.802749
955.200,93.1019,300.0000,65.0000,65.0060,13929.56,0.800827,92.802749
955.300,93.1019,300.0000,65.0625,65.0059,13931.94,0.801238,92.802749
955.400,93.1019,300.0000,65.0000,65.0058,13934.17,0.801621,92.802749
955.500,93.1019,300.0000,64.9375,65.0057,13936.24,0.801979,92.802749
955.600,93.1019,300.0000,65.0000,65.0055,13938.18,0.802314,92.802749
955.700,93.1019,300.0000,65.0000,65.0054,13939.99,0.802626,92.802749
955.800,93.1019,300.0000,65.0000,65.0052,13941.67,0.802917,92.802749
955.900,93.1019,300.0000,64.9375,65.0050,13943.25,0.803190,92.802749
956.000,92.4967,300.0000,65.0625,65.0048,13938.67,0.802398,92.795945
956.100,92.4967,300.0000,65.0000,65.0047,13934.39,0.801660,92.795945
956.200,92.4967,300.0000,65.1250,65.0046,13930.40,0.800971,92.795945
956.300,92.4967,300.0000,64.9375,65.0046,13926.67,0.800328,92.795945
956.400,92.4967,300.0000,65.0000,65.0045,13923.19,0.799729,92.795945
956.500,92.4967,300.0000,65.0000,65.0045,13919.95,0.799170,92.795945
956.600,92.4967,300.0000,65.0625,65.0045,13916.92,0.798648,92.795945
956.700,92.4967,300.0000,65.0000,65.0046,13914.09,0.798162,92.795945
956.800,92.4967,300.0000,65.0000,65.0047,13911.45,0.797708,92.795945
956.900,92.4967,300.0000,65.0000,65.0048,13908.99,0.797284,92.795945
957.000,92.7959,300.0000,65.0000,65.0048,13909.68,0.797403,92.795945
957.100,92.7959,300.0000,64.9375,65.0049,13910.33,0.797515,92.795945
957.200,92.7959,300.0000,65.0625,65.0050,13910.94,0.797619,92.795945
957.300,92.7959,300.0000,64.9375,65.0051,13911.50,0.797715,92.795945
957.400,92.7959,300.0000,65.0625,65.0051,13912.03,0.797806,92.795945
957.500,92.7959,300.0000,65.0625,65.0052,13912.52,0.797891,92.795945
957.600,92.7959,300.0000,65.0625,65.0052,13912.97,0.797969,92.795945
957.700,92.7959,300.0000,64.8750,65.0053,13913.40,0.798043,92.795945
957.800,92.7959,300.0000,64.9375,65.0053,13913.80,0.798112,92.795945
957.900,92.7959,300.0000,64.9375,65.0054,13914.17,0.798176,92.795945
958.000,92.4899,300.0000,65.0625,65.0054,13911.46,0.797709,92.789141
958.100,92.4899,300.0000,65.1250,65.0055,13908.93,0.797274,92.789141
958.200,92.4899,300.0000,65.0000,65.0056,13906.57,0.796868,92.789141
958.300,92.4899,300.0000,65.0000,65.0058,13904.36,0.796489,92.789141
958.400,92.4899,300.0000,65.0000,65.0059,13902.31,0.796135,92.789141
958.500,92.4899,300.0000,65.0000,65.0061,13900.38,0.795805,92.789141
958.600,92.4899,300.0000,64.9375,65.0062,13898.59,0.795497,92.789141
958.700,92.4899,300.0000,65.0625,65.0064,13896.92,0.795210,92.789141
958.800,92.4899,300.0000,65.0625,65.0066,13895.36,0.794942,92.789141
958.900,92.4899,300.0000,64.9375,65.0068,13893.90,0.794692,92.789141
959.000,92.4831,300.0000,65.0625,65.0071,13892.47,0.794446,92.782336
959.100,92.4831,300.0000,65.0000,65.0073,13891.14,0.794218,92.782336
959.200,92.4831,300.0000,65.0000,65.0075,13889.89,0.794004,92.782336
959.300,92.4831,300.0000,64.9375,65.0078,13888.73,0.793805,92.782336
959.400,92.4831,300.0000,65.0000,65.0080,13887.65,0.793619,92.782336
959.500,92.4831,300.0000,65.0000,65.0083,13886.64,0.793446,92.782336
959.600,92.4831,300.0000,64.9375,65.0086,13885.69,0.793284,92.782336
959.700,92.4831,300.0000,65.0625,65.0089,13884.81,0.793133,92.782336
959.800,92.4831,300.0000,64.9375,65.0092,13883.99,0.792992,92.782336
959.900,92.4831,300.0000,65.0000,65.0095,13883.22,0.792861,92.782336
960.000,92.7823,300.0000,64.9375,65.0097,13885.49,0.793250,92.782336
960.100,92.7823,300.0000,65.0000,65.0100,13887.62,0.793614,92.782336
960.200,92.7823,300.0000,64.8750,65.0102,13889.60,0.793954,92.782336
960.300,92.7823,300.0000,65.0000,65.0104,13891.45,0.794272,92.782336
960.400,92.7823,300.0000,65.0000,65.0107,13893.18,0.794568,92.782336
960.500,92.7823,300.0000,65.0000,65.0108,13894.79,0.794844,92.782336
960.600,92.7823,300.0000,65.0000,65.0110,13896.29,0.795102,92.782336
960.700,92.7823,300.0000,64.9375,65.0112,13897.70,0.795343,92.782336
960.800,92.7823,300.0000,64.9375,65.0114,13899.01,0.795568,92.782336
960.900,92.7823,300.0000,65.0000,65.0115,13900.23,0.795778,92.782336
961.000,92.7823,300.0000,65.1250,65.0116,13901.37,0.795975,92.782336
961.100,92.7823,300.0000,65.0000,65.0118,13902.44,0.796158,92.782336
961.200,92.7823,300.0000,65.0000,65.0119,13903.43,0.796328,92.782336
961.300,92.7823,300.0000,64.9375,65.0120,13904.36,0.796488,92.782336
961.400,92.7823,300.0000,64.9375,65.0121,13905.22,0.796637,92.782336
961.500,92.7823,300.0000,65.0000,65.0122,13906.03,0.796776,92.782336
961.600,92.7823,300.0000,64.9375,65.0123,13906.79,0.796905,92.782336
961.700,92.7823,300.0000,64.9375,65.0124,13907.49,0.797026,92.782336
961.800,92.7823,300.0000,65.0000,65.0125,13908.15,0.797139,92.782336
961.900,92.7823,300.0000,64.9375,65.0125,13908.76,0.797245,92.782336
962.000,92.4763,300.0000,65.0625,65.0126,13906.28,0.796817,92.775532
962.100,92.4763,300.0000,65.0000,65.0127,13903.95,0.796418,92.775532
962.200,92.4763,300.0000,65.0000,65.0129,13901.79,0.796046,92.775532
962.300,92.4763,300.0000,65.0000,65.0130,13899.76,0.795698,92.775532
962.400,92.4763,300.0000,65.0625,65.0132,13897.88,0.795374,92.775532
962.500,92.4763,300.0000,65.0625,65.0134,13896.11,0.795072,92.775532
962.600,92.4763,300.0000,65.0000,65.0136,13894.47,0.794790,92.775532
962.700,92.4763,300.0000,64.9375,65.0138,13892.94,0.794526,92.775532
962.800,92.4763,300.0000,65.0625,65.0140,13891.50,0.794281,92.775532
962.900,92.4763,300.0000,65.0000,65.0142,13890.17,0.794051,92.775532
963.000,92.7755,300.0000,65.0625,65.0144,13891.91,0.794351,92.775532
963.100,92.7755,300.0000,65.0000,65.0146,13893.54,0.794630,92.775532
963.200,92.7755,300.0000,65.0000,65.0148,13895.06,0.794891,92.775532
963.300,92.7755,300.0000,65.0000,65.0150,13896.48,0.795134,92.775532
963.400,92.7755,300.0000,65.0000,65.0151,13897.80,0.795361,92.775532
963.500,92.7755,300.0000,65.0625,65.0153,13899.04,0.795573,92.775532
963.600,92.7755,300.0000,65.0000,65.0154,13900.19,0.795771,92.775532
963.700,92.7755,300.0000,65.0625,65.0155,13901.26,0.795956,92.775532
963.800,92.7755,300.0000,65.0000,65.0157,13902.27,0.796129,92.775532
963.900,92.7755,300.0000,64.9375,65.0158,13903.21,0.796290,92.775532
964.000,92.4695,300.0000,65.0000,65.0159,13901.02,0.795914,92.768728
964.100,92.4695,300.0000,65.0000,65.0161,13898.98,0.795564,92.768728
964.200,92.4695,300.0000,65.0000,65.0162,13897.08,0.795237,92.768728
964.300,92.4695,300.0000,65.0625,65.0164,13895.30,0.794932,92.768728
964.400,92.4695,300.0000,65.0000,65.0166,13893.64,0.794648,92.768728
964.500,92.4695,300.0000,65.0000,65.0168,13892.10,0.794382,92.768728
964.600,92.4695,300.0000,65.0000,65.0170,13890.65,0.794135,92.768728
964.700,92.4695,300.0000,65.0000,65.0172,13889.30,0.793903,92.768728
964.800,92.4695,300.0000,65.0625,65.0175,13888.05,0.793688,92.768728
964.900,92.4695,300.0000,65.0625,65.0177,13886.87,0.793486,92.768728
965.000,93.0747,300.0000,64.8750,65.0179,13891.83,0.794336,92.775532
965.100,93.0747,300.0000,65.0000,65.0181,13896.45,0.795130,92.775532
965.200,93.0747,300.0000,65.0000,65.0182,13900.77,0.795871,92.775532
965.300,93.0747,300.0000,65.0000,65.0183,13904.80,0.796563,92.775532
965.400,93.0747,300.0000,65.0000,65.0184,13908.56,0.797210,92.775532
965.500,93.0747,300.0000,65.1250,65.0184,13912.07,0.797814,92.775532
965.600,93.0747,300.0000,65.0625,65.0184,13915.35,0.798377,92.775532
965.700,93.0747,300.0000,65.0625,65.0184,13918.40,0.798904,92.775532
965.800,93.0747,300.0000,65.0625,65.0183,13921.26,0.799395,92.775532
965.900,93.0747,300.0000,65.0625,65.0183,13923.92,0.799854,92.775532
966.000,93.0815,300.0000,65.0625,65.0182,13926.47,0.800294,92.782336
966.100,93.0815,300.0000,65.0000,65.0181,13928.86,0.800705,92.782336
966.200,93.0815,300.0000,64.8750,65.0180,13931.08,0.801089,92.782336
966.300,93.0815,300.0000,65.0625,65.0178,13933.16,0.801447,92.782336
966.400,93.0815,300.0000,65.0625,65.0177,13935.10,0.801782,92.782336
966.500,93.0815,300.0000,65.0625,65.0175,13936.91,0.802094,92.782336
966.600,93.0815,300.0000,65.0625,65.0173,13938.59,0.802386,92.782336
966.700,93.0815,300.0000,65.0625,65.0171,13940.17,0.802658,92.782336
966.800,93.0815,300.0000,64.9375,65.0169,13941.64,0.802912,92.782336
966.900,93.0815,300.0000,65.0000,65.0167,13943.01,0.803149,92.782336
967.000,92.7823,300.0000,65.0625,65.0165,13941.30,0.802853,92.782336
967.100,92.7823,300.0000,65.0625,65.0163,13939.71,0.802578,92.782336
967.200,92.7823,300.0000,65.0000,65.0161,13938.22,0.802320,92.782336
967.300,92.7823,300.0000,65.0625,65.0159,13936.82,0.802080,92.782336
967.400,92.7823,300.0000,65.0000,65.0158,13935.53,0.801856,92.782336
967.500,92.7823,300.0000,65.0625,65.0156,13934.31,0.801647,92.782336
967.600,92.7823,300.0000,65.0000,65.0155,13933.18,0.801452,92.782336
967.700,92.7823,300.0000,65.0000,65.0154,13932.13,0.801269,92.782336
967.800,92.7823,300.0000,65.0000,65.0153,13931.14,0.801099,92.782336
967.900,92.7823,300.0000,65.0000,65.0151,13930.22,0.800941,92.782336
968.000,92.7823,300.0000,64.9375,65.0150,13929.37,0.800793,92.782336
968.100,92.7823,300.0000,65.0000,65.0149,13928.56,0.800655,92.782336
968.200,92.7823,300.0000,65.0625,65.0149,13927.82,0.800526,92.782336
968.300,92.7823,300.0000,64.9375,65.0148,13927.12,0.800405,92.782336
968.400,92.7823,300.0000,65.0000,65.0147,13926.47,0.800293,92.782336
968.500,92.7823,300.0000,65.0625,65.0146,13925.86,0.800188,92.782336
968.600,92.7823,300.0000,65.0625,65.0146,13925.29,0.800091,92.782336
968.700,92.7823,300.0000,65.1250,65.0145,13924.76,0.799999,92.782336
968.800,92.7823,300.0000,64.8750,65.0144,13924.27,0.799914,92.782336
968.900,92.7823,300.0000,64.9375,65.0144,13923.81,0.799835,92.782336
969.000,92.4763,300.0000,65.0000,65.0144,13920.32,0.799233,92.775532
969.100,92.4763,300.0000,65.0000,65.0144,13917.06,0.798672,92.775532
969.200,92.4763,300.0000,65.0000,65.0144,13914.02,0.798149,92.775532
969.300,92.4763,300.0000,65.0625,65.0144,13911.18,0.797661,92.775532
969.400,92.4763,300.0000,65.1250,65.0145,13908.53,0.797205,92.775532
969.500,92.4763,300.0000,65.0000,65.0146,13906.06,0.796780,92.775532
969.600,92.4763,300.0000,65.0000,65.0147,13903.75,0.796384,92.775532
969.700,92.4763,300.0000,65.0000,65.0148,13901.60,0.796014,92.775532
969.800,92.4763,300.0000,65.0625,65.0150,13899.59,0.795668,92.775532
969.900,92.4763,300.0000,65.0000,65.0151,13897.71,0.795346,92.775532
970.000,92.7755,300.0000,65.0000,65.0153,13898.95,0.795559,92.775532
970.100,92.7755,300.0000,65.0000,65.0154,13900.11,0.795758,92.775532
970.200,92.7755,300.0000,65.0625,65.0156,13901.19,0.795944,92.775532
970.300,92.7755,300.0000,65.0000,65.0157,13902.20,0.796117,92.775532
970.400,92.7755,300.0000,65.0000,65.0158,13903.14,0.796279,92.775532
970.500,92.7755,300.0000,64.8750,65.0159,13904.02,0.796430,92.775532
970.600,92.7755,300.0000,65.0625,65.0160,13904.84,0.796571,92.775532
970.700,92.7755,300.0000,65.0000,65.0161,13905.61,0.796703,92.775532
970.800,92.7755,300.0000,65.0000,65.0162,13906.32,0.796826,92.775532
970.900,92.7755,300.0000,65.0000,65.0163,13906.99,0.796940,92.775532
971.000,92.7755,300.0000,65.0000,65.0163,13907.61,0.797047,92.775532
971.100,92.7755,300.0000,65.0000,65.0164,13908.20,0.797147,92.775532
971.200,92.7755,300.0000,65.0625,65.0165,13908.74,0.797241,92.775532
971.300,92.7755,300.0000,65.0000,65.0165,13909.24,0.797328,92.775532
971.400,92.7755,300.0000,64.9375,65.0166,13909.72,0.797409,92.775532
971.500,92.7755,300.0000,65.0000,65.0166,13910.16,0.797485,92.775532
971.600,92.7755,300.0000,65.0000,65.0167,13910.57,0.797555,92.775532
971.700,92.7755,300.0000,64.9375,65.0167,13910.95,0.797621,92.775532
971.800,92.7755,300.0000,65.1250,65.0168,13911.31,0.797683,92.775532
971.900,92.7755,300.0000,65.1250,65.0168,13911.65,0.797741,92.775532
972.000,93.3875,300.0000,65.0000,65.0168,13918.08,0.798848,92.789141
972.100,93.3875,300.0000,65.0000,65.0167,13924.08,0.799882,92.789141
972.200,93.3875,300.0000,65.1250,65.0166,13929.68,0.800848,92.789141
972.300,93.3875,300.0000,65.0000,65.0165,13934.91,0.801750,92.789141
972.400,93.3875,300.0000,65.0625,65.0163,13939.80,0.802593,92.789141
972.500,93.3875,300.0000,65.0000,65.0161,13944.35,0.803380,92.789141
972.600,93.3875,300.0000,65.0000,65.0158,13948.60,0.804115,92.789141
972.700,93.3875,300.0000,65.0625,65.0155,13952.57,0.804802,92.789141
972.800,93.3875,300.0000,65.0625,65.0152,13956.28,0.805443,92.789141
972.900,93.3875,300.0000,65.0000,65.0148,13959.73,0.806042,92.789141
973.000,92.7891,300.0000,64.9375,65.0145,13956.97,0.805564,92.789141
973.100,92.7891,300.0000,65.0625,65.0142,13954.40,0.805119,92.789141
973.200,92.7891,300.0000,64.9375,65.0139,13952.00,0.804703,92.789141
973.300,92.7891,300.0000,64.9375,65.0136,13949.76,0.804315,92.789141
973.400,92.7891,300.0000,65.0000,65.0134,13947.66,0.803953,92.789141
973.500,92.7891,300.0000,65.0000,65.0131,13945.71,0.803615,92.789141
973.600,92.7891,300.0000,65.0000,65.0129,13943.89,0.803300,92.789141
973.700,92.7891,300.0000,65.0625,65.0127,13942.19,0.803006,92.789141
973.800,92.7891,300.0000,65.0000,65.0125,13940.60,0.802732,92.789141
973.900,92.7891,300.0000,65.0625,65.0123,13939.12,0.802476,92.789141
974.000,93.0951,300.0000,65.0000,65.0122,13940.80,0.802766,92.795945
974.100,93.0951,300.0000,65.0000,65.0120,13942.36,0.803036,92.795945
974.200,93.0951,300.0000,65.0625,65.0117,13943.82,0.803289,92.795945
974.300,93.0951,300.0000,65.0625,65.0115,13945.18,0.803524,92.795945
974.400,93.0951,300.0000,65.0000,65.0113,13946.46,0.803744,92.795945
974.500,93.0951,300.0000,65.0000,65.0110,13947.64,0.803950,92.795945
974.600,93.0951,300.0000,64.9375,65.0108,13948.75,0.804141,92.795945
974.700,93.0951,300.0000,65.0000,65.0105,13949.79,0.804320,92.795945
974.800,93.0951,300.0000,65.0000,65.0102,13950.75,0.804487,92.795945
974.900,93.0951,300.0000,64.9375,65.0100,13951.65,0.804643,92.795945
975.000,92.4899,300.0000,65.0000,65.0097,13946.44,0.803742,92.789141
975.100,92.4899,300.0000,65.1875,65.0095,13941.58,0.802901,92.789141
975.200,92.4899,300.0000,65.0625,65.0094,13937.04,0.802117,92.789141
975.300,92.4899,300.0000,65.0000,65.0093,13932.80,0.801386,92.789141
975.400,92.4899,300.0000,65.0000,65.0092,13928.85,0.800704,92.789141
975.500,92.4899,300.0000,64.9375,65.0091,13925.16,0.800068,92.789141
975.600,92.4899,300.0000,64.9375,65.0091,13921.71,0.799474,92.789141
975.700,92.4899,300.0000,65.0000,65.0091,13918.50,0.798920,92.789141
975.800,92.4899,300.0000,64.9375,65.0091,13915.50,0.798404,92.789141
975.900,92.4899,300.0000,65.1250,65.0092,13912.70,0.797922,92.789141
976.000,93.4011,300.0000,65.0000,65.0092,13919.20,0.799040,92.802749
976.100,93.4011,300.0000,65.0625,65.0091,13925.26,0.800085,92.802749
976.200,93.4011,300.0000,65.0625,65.0090,13930.92,0.801062,92.802749
976.300,93.4011,300.0000,65.0000,65.0089,13936.21,0.801973,92.802749
976.400,93.4011,300.0000,65.0625,65.0087,13941.14,0.802825,92.802749
976.500,93.4011,300.0000,65.0625,65.0085,13945.74,0.803620,92.802749
976.600,93.4011,300.0000,65.0000,65.0082,13950.03,0.804363,92.802749
976.700,93.4011,300.0000,64.9375,65.0079,13954.04,0.805057,92.802749
976.800,93.4011,300.0000,65.0000,65.0076,13957.79,0.805704,92.802749
976.900,93.4011,300.0000,65.0625,65.0072,13961.28,0.806309,92.802749
977.000,93.1087,300.0000,65.0000,65.0069,13961.61,0.806368,92.809553
977.100,93.1087,300.0000,65.1250,65.0065,13961.93,0.806422,92.809553
977.200,93.1087,300.0000,64.9375,65.0062,13962.22,0.806473,92.809553
977.300,93.1087,300.0000,65.0625,65.0058,13962.49,0.806520,92.809553
977.400,93.1087,300.0000,65.0625,65.0055,13962.75,0.806564,92.809553
977.500,93.1087,300.0000,65.0000,65.0051,13962.98,0.806605,92.809553
977.600,93.1087,300.0000,64.9375,65.0047,13963.21,0.806644,92.809553
977.700,93.1087,300.0000,65.0000,65.0044,13963.41,0.806679,92.809553
977.800,93.1087,300.0000,65.0000,65.0040,13963.61,0.806713,92.809553
977.900,93.1087,300.0000,65.0625,65.0036,13963.79,0.806744,92.809553
978.000,93.1156,300.0000,65.0625,65.0033,13964.02,0.806785,92.816358
978.100,93.1156,300.0000,65.0000,65.0029,13964.24,0.806823,92.816358
978.200,93.1156,300.0000,65.0625,65.0025,13964.45,0.806859,92.816358
978.300,93.1156,300.0000,64.9375,65.0022,13964.64,0.806892,92.816358
978.400,93.1156,300.0000,65.0000,65.0018,13964.82,0.806924,92.816358
978.500,93.1156,300.0000,65.0000,65.0014,13964.99,0.806953,92.816358
978.600,93.1156,300.0000,65.0625,65.0011,13965.15,0.806980,92.816358
978.700,93.1156,300.0000,65.1250,65.0007,13965.29,0.807005,92.816358
978.800,93.1156,300.0000,64.9375,65.0003,13965.43,0.807029,92.816358
978.900,93.1156,300.0000,65.0000,65.0000,13965.55,0.807051,92.816358
979.000,92.8164,300.0000,64.9375,64.9996,13962.68,0.806553,92.816358
979.100,92.8164,300.0000,64.9375,64.9993,13960.00,0.806088,92.816358
979.200,92.8164,300.0000,65.0000,64.9990,13957.50,0.805654,92.816358
979.300,92.8164,300.0000,65.0000,64.9987,13955.16,0.805250,92.816358
979.400,92.8164,300.0000,65.0625,64.9984,13952.98,0.804872,92.816358
979.500,92.8164,300.0000,65.0625,64.9982,13950.94,0.804520,92.816358
979.600,92.8164,300.0000,64.9375,64.9980,13949.04,0.804192,92.816358
979.700,92.8164,300.0000,65.1250,64.9978,13947.27,0.803885,92.816358
979.800,92.8164,300.0000,65.0000,64.9976,13945.62,0.803599,92.816358
979.900,92.8164,300.0000,65.0625,64.9974,13944.07,0.803332,92.816358
980.000,93.1224,300.0000,65.0625,64.9972,13945.69,0.803612,92.823162
980.100,93.1224,300.0000,64.9375,64.9970,13947.20,0.803873,92.823162
980.200,93.1224,300.0000,65.0000,64.9967,13948.61,0.804117,92.823162
980.300,93.1224,300.0000,65.0000,64.9965,13949.93,0.804345,92.823162
980.400,93.1224,300.0000,65.0625,64.9963,13951.16,0.804557,92.823162
980.500,93.1224,300.0000,65.1250,64.9960,13952.30,0.804756,92.823162
980.600,93.1224,300.0000,64.8750,64.9958,13953.37,0.804941,92.823162
980.700,93.1224,300.0000,65.0000,64.9955,13954.37,0.805114,92.823162
980.800,93.1224,300.0000,64.9375,64.9952,13955.30,0.805275,92.823162
980.900,93.1224,300.0000,65.0625,64.9949,13956.17,0.805426,92.823162
981.000,93.1292,300.0000,65.0000,64.9946,13957.05,0.805578,92.829966
981.100,93.1292,300.0000,64.9375,64.9944,13957.88,0.805720,92.829966
981.200,93.1292,300.0000,65.0625,64.9941,13958.64,0.805853,92.829966
981.300,93.1292,300.0000,65.0625,64.9938,13959.36,0.805977,92.829966
981.400,93.1292,300.0000,64.9375,64.9934,13960.03,0.806092,92.829966
981.500,93.1292,300.0000,64.9375,64.9931,13960.65,0.806200,92.829966
981.600,93.1292,300.0000,65.0000,64.9928,13961.23,0.806301,92.829966
981.700,93.1292,300.0000,65.0625,64.9925,13961.77,0.806395,92.829966
981.800,93.1292,300.0000,65.0000,64.9922,13962.28,0.806483,92.829966
981.900,93.1292,300.0000,65.0000,64.9918,13962.75,0.806565,92.829966
982.000,92.8300,300.0000,65.0000,64.9915,13960.20,0.806123,92.829966
982.100,92.8300,300.0000,65.0000,64.9912,13957.82,0.805711,92.829966
982.200,92.8300,300.0000,65.0000,64.9910,13955.60,0.805326,92.829966
982.300,92.8300,300.0000,65.0000,64.9907,13953.53,0.804967,92.829966
982.400,92.8300,300.0000,64.9375,64.9905,13951.59,0.804632,92.829966
982.500,92.8300,300.0000,64.9375,64.9903,13949.78,0.804320,92.829966
982.600,92.8300,300.0000,65.0625,64.9901,13948.10,0.804028,92.829966
982.700,92.8300,300.0000,64.9375,64.9899,13946.53,0.803756,92.829966
982.800,92.8300,300.0000,65.0625,64.9897,13945.06,0.803502,92.829966
982.900,92.8300,300.0000,65.0000,64.9895,13943.69,0.803265,92.829966
983.000,92.8300,300.0000,65.0625,64.9894,13942.41,0.803044,92.829966
983.100,92.8300,300.0000,65.0000,64.9892,13941.21,0.802838,92.829966
983.200,92.8300,300.0000,65.0000,64.9891,13940.10,0.802645,92.829966
983.300,92.8300,300.0000,65.0625,64.9890,13939.06,0.802466,92.829966
983.400,92.8300,300.0000,65.0625,64.9889,13938.09,0.802298,92.829966
983.500,92.8300,300.0000,65.0000,64.9888,13937.18,0.802142,92.829966
983.600,92.8300,300.0000,65.0625,64.9887,13936.33,0.801996,92.829966
983.700,92.8300,300.0000,65.0000,64.9886,13935.55,0.801859,92.829966
983.800,92.8300,300.0000,65.0000,64.9885,13934.81,0.801732,92.829966
983.900,92.8300,300.0000,65.0000,64.9884,13934.12,0.801613,92.829966
984.000,92.8300,300.0000,64.9375,64.9883,13933.48,0.801503,92.829966
984.100,92.8300,300.0000,65.0000,64.9882,13932.88,0.801399,92.829966
984.200,92.8300,300.0000,64.9375,64.9882,13932.32,0.801303,92.829966
984.300,92.8300,300.0000,65.0000,64.9881,13931.80,0.801213,92.829966
984.400,92.8300,300.0000,64.9375,64.9880,13931.31,0.801129,92.829966
984.500,92.8300,300.0000,65.0000,64.9880,13930.86,0.801050,92.829966
984.600,92.8300,300.0000,65.0625,64.9879,13930.43,0.800977,92.829966
984.700,92.8300,300.0000,65.0625,64.9879,13930.04,0.800909,92.829966
984.800,92.8300,300.0000,65.0625,64.9878,13929.67,0.800845,92.829966
984.900,92.8300,300.0000,64.9375,64.9878,13929.32,0.800786,92.829966
985.000,92.5240,300.0000,65.0625,64.9878,13925.94,0.800203,92.823162
985.100,92.5240,300.0000,65.0000,64.9878,13922.79,0.799659,92.823162
985.200,92.5240,300.0000,65.0000,64.9878,13919.84,0.799151,92.823162
985.300,92.5240,300.0000,65.0000,64.9879,13917.09,0.798678,92.823162
985.400,92.5240,300.0000,65.0000,64.9880,13914.52,0.798236,92.823162
985.500,92.5240,300.0000,65.0625,64.9881,13912.13,0.797824,92.823162
985.600,92.5240,300.0000,65.0000,64.9882,13909.89,0.797439,92.823162
985.700,92.5240,300.0000,65.0625,64.9883,13907.81,0.797080,92.823162
985.800,92.5240,300.0000,65.0000,64.9885,13905.86,0.796746,92.823162
985.900,92.5240,300.0000,64.9375,64.9887,13904.04,0.796433,92.823162
986.000,92.5172,300.0000,64.8750,64.9888,13902.28,0.796130,92.816358
986.100,92.5172,300.0000,65.0000,64.9890,13900.63,0.795847,92.816358
986.200,92.5172,300.0000,64.9375,64.9892,13899.09,0.795583,92.816358
986.300,92.5172,300.0000,64.8750,64.9895,13897.66,0.795337,92.816358
986.400,92.5172,300.0000,64.9375,64.9897,13896.32,0.795107,92.816358
986.500,92.5172,300.0000,65.0000,64.9899,13895.07,0.794893,92.816358
986.600,92.5172,300.0000,65.1250,64.9902,13893.90,0.794692,92.816358
986.700,92.5172,300.0000,64.9375,64.9904,13892.81,0.794506,92.816358
986.800,92.5172,300.0000,65.0625,64.9907,13891.80,0.794331,92.816358
986.900,92.5172,300.0000,65.0000,64.9910,13890.85,0.794169,92.816358
987.000,92.8164,300.0000,64.9375,64.9912,13892.96,0.794530,92.816358
987.100,92.8164,300.0000,64.9375,64.9915,13894.92,0.794867,92.816358
987.200,92.8164,300.0000,64.9375,64.9917,13896.76,0.795182,92.816358
987.300,92.8164,300.0000,65.0625,64.9919,13898.47,0.795477,92.816358
987.400,92.8164,300.0000,65.0000,64.9921,13900.07,0.795751,92.816358
987.500,92.8164,300.0000,64.9375,64.9922,13901.56,0.796007,92.816358
987.600,92.8164,300.0000,65.0000,64.9924,13902.96,0.796247,92.816358
987.700,92.8164,300.0000,64.9375,64.9926,13904.26,0.796470,92.816358
987.800,92.8164,300.0000,64.9375,64.9927,13905.47,0.796679,92.816358
987.900,92.8164,300.0000,65.0625,64.9929,13906.60,0.796873,92.816358
988.000,93.1224,300.0000,64.9375,64.9930,13910.72,0.797581,92.823162
988.100,93.1224,300.0000,65.0000,64.9930,13914.56,0.798242,92.823162
988.200,93.1224,300.0000,64.9375,64.9931,13918.15,0.798860,92.823162
988.300,93.1224,300.0000,65.0000,64.9931,13921.49,0.799436,92.823162
988.400,93.1224,300.0000,64.9375,64.9931,13924.62,0.799974,92.823162
988.500,93.1224,300.0000,65.0000,64.9930,13927.53,0.800477,92.823162
988.600,93.1224,300.0000,64.9375,64.9930,13930.25,0.800946,92.823162
988.700,93.1224,300.0000,65.0000,64.9929,13932.79,0.801384,92.823162
988.800,93.1224,300.0000,65.0000,64.9928,13935.17,0.801794,92.823162
988.900,93.1224,300.0000,65.0000,64.9927,13937.38,0.802176,92.823162
989.000,92.8232,300.0000,65.0000,64.9925,13936.45,0.802016,92.823162
989.100,92.8232,300.0000,64.9375,64.9924,13935.59,0.801866,92.823162
989.200,92.8232,300.0000,65.1250,64.9923,13934.78,0.801727,92.823162
989.300,92.8232,300.0000,64.9375,64.9923,13934.02,0.801597,92.823162
989.400,92.8232,300.0000,65.0000,64.9922,13933.32,0.801475,92.823162
989.500,92.8232,300.0000,65.0625,64.9921,13932.66,0.801362,92.823162
989.600,92.8232,300.0000,65.0000,64.9920,13932.05,0.801256,92.823162
989.700,92.8232,300.0000,64.9375,64.9919,13931.48,0.801158,92.823162
989.800,92.8232,300.0000,64.9375,64.9919,13930.95,0.801066,92.823162
989.900,92.8232,300.0000,64.9375,64.9918,13930.45,0.800980,92.823162
990.000,92.5172,300.0000,64.9375,64.9918,13926.92,0.800372,92.816358
990.100,92.5172,300.0000,65.0000,64.9918,13923.63,0.799805,92.816358
990.200,92.5172,300.0000,65.0000,64.9918,13920.56,0.799276,92.816358
990.300,92.5172,300.0000,65.0000,64.9919,13917.70,0.798782,92.816358
990.400,92.5172,300.0000,65.0000,64.9919,13915.02,0.798322,92.816358
990.500,92.5172,300.0000,64.9375,64.9920,13912.53,0.797892,92.816358
990.600,92.5172,300.0000,65.1250,64.9921,13910.20,0.797491,92.816358
990.700,92.5172,300.0000,64.9375,64.9922,13908.02,0.797117,92.816358
990.800,92.5172,300.0000,65.0000,64.9924,13905.99,0.796768,92.816358
990.900,92.5172,300.0000,64.9375,64.9925,13904.10,0.796443,92.816358
991.000,92.5104,300.0000,65.0625,64.9927,13902.26,0.796127,92.809553
991.100,92.5104,300.0000,65.0000,64.9929,13900.55,0.795833,92.809553
991.200,92.5104,300.0000,65.0000,64.9931,13898.95,0.795558,92.809553
991.300,92.5104,300.0000,65.0625,64.9933,13897.45,0.795302,92.809553
991.400,92.5104,300.0000,65.0000,64.9935,13896.06,0.795063,92.809553
991.500,92.5104,300.0000,64.9375,64.9938,13894.76,0.794839,92.809553
991.600,92.5104,300.0000,65.0000,64.9940,13893.55,0.794631,92.809553
991.700,92.5104,300.0000,64.9375,64.9943,13892.41,0.794437,92.809553
991.800,92.5104,300.0000,65.0625,64.9945,13891.36,0.794255,92.809553
991.900,92.5104,300.0000,65.0000,64.9948,13890.37,0.794086,92.809553
992.000,92.8096,300.0000,65.1250,64.9950,13892.44,0.794441,92.809553
992.100,92.8096,300.0000,65.0000,64.9953,13894.37,0.794773,92.809553
992.200,92.8096,300.0000,65.0000,64.9955,13896.18,0.795083,92.809553
992.300,92.8096,300.0000,65.0000,64.9957,13897.86,0.795372,92.809553
992.400,92.8096,300.0000,65.0000,64.9959,13899.43,0.795641,92.809553
992.500,92.8096,300.0000,65.0625,64.9961,13900.90,0.795893,92.809553
992.600,92.8096,300.0000,64.9375,64.9962,13902.27,0.796129,92.809553
992.700,92.8096,300.0000,65.0625,64.9964,13903.55,0.796348,92.809553
992.800,92.8096,300.0000,65.0625,64.9965,13904.74,0.796553,92.809553
992.900,92.8096,300.0000,64.9375,64.9967,13905.85,0.796744,92.809553
993.000,92.5036,300.0000,64.9375,64.9968,13903.83,0.796397,92.802749
993.100,92.5036,300.0000,65.0000,64.9970,13901.94,0.796073,92.802749
993.200,92.5036,300.0000,65.0625,64.9971,13900.18,0.795770,92.802749
993.300,92.5036,300.0000,65.0000,64.9973,13898.54,0.795488,92.802749
993.400,92.5036,300.0000,65.0000,64.9975,13897.01,0.795225,92.802749
993.500,92.5036,300.0000,65.0000,64.9978,13895.57,0.794979,92.802749
993.600,92.5036,300.0000,65.0000,64.9980,13894.24,0.794750,92.802749
993.700,92.5036,300.0000,65.0000,64.9982,13892.99,0.794536,92.802749
993.800,92.5036,300.0000,65.0625,64.9985,13891.83,0.794336,92.802749
993.900,92.5036,300.0000,65.0000,64.9987,13890.74,0.794150,92.802749
994.000,92.8027,300.0000,65.0625,64.9990,13892.72,0.794489,92.802749
994.100,92.8027,300.0000,65.0000,64.9992,13894.57,0.794806,92.802749
994.200,92.8027,300.0000,64.9375,64.9994,13896.29,0.795102,92.802749
994.300,92.8027,300.0000,65.0000,64.9996,13897.90,0.795378,92.802749
994.400,92.8027,300.0000,64.8750,64.9998,13899.40,0.795636,92.802749
994.500,92.8027,300.0000,65.0000,64.9999,13900.80,0.795876,92.802749
994.600,92.8027,300.0000,65.0625,65.0001,13902.11,0.796101,92.802749
994.700,92.8027,300.0000,65.0625,65.0002,13903.33,0.796310,92.802749
994.800,92.8027,300.0000,65.0625,65.0004,13904.47,0.796506,92.802749
994.900,92.8027,300.0000,65.0000,65.0005,13905.53,0.796689,92.802749
995.000,92.8027,300.0000,65.0000,65.0006,13906.52,0.796859,92.802749
995.100,92.8027,300.0000,65.0000,65.0007,13907.45,0.797019,92.802749
995.200,92.8027,300.0000,64.9375,65.0008,13908.31,0.797167,92.802749
995.300,92.8027,300.0000,65.0625,65.0009,13909.12,0.797306,92.802749
995.400,92.8027,300.0000,64.9375,65.0010,13909.87,0.797435,92.802749
995.500,92.8027,300.0000,65.0000,65.0011,13910.57,0.797556,92.802749
995.600,92.8027,300.0000,64.9375,65.0012,13911.23,0.797669,92.802749
995.700,92.8027,300.0000,64.9375,65.0013,13911.84,0.797774,92.802749
995.800,92.8027,300.0000,65.0000,65.0013,13912.41,0.797873,92.802749
995.900,92.8027,300.0000,65.0000,65.0014,13912.95,0.797965,92.802749
996.000,92.8027,300.0000,65.0000,65.0015,13913.44,0.798050,92.802749
996.100,92.8027,300.0000,64.9375,65.0015,13913.91,0.798130,92.802749
996.200,92.8027,300.0000,65.0000,65.0016,13914.34,0.798205,92.802749
996.300,92.8027,300.0000,64.9375,65.0016,13914.75,0.798274,92.802749
996.400,92.8027,300.0000,64.9375,65.0017,13915.12,0.798339,92.802749
996.500,92.8027,300.0000,64.9375,65.0017,13915.48,0.798400,92.802749
996.600,92.8027,300.0000,65.0000,65.0017,13915.81,0.798457,92.802749
996.700,92.8027,300.0000,65.0000,65.0018,13916.11,0.798510,92.802749
996.800,92.8027,300.0000,65.0000,65.0018,13916.40,0.798559,92.802749
996.900,92.8027,300.0000,64.9375,65.0018,13916.67,0.798605,92.802749
997.000,92.4967,300.0000,64.9375,65.0019,13913.86,0.798121,92.795945
997.100,92.4967,300.0000,65.1250,65.0020,13911.23,0.797670,92.795945
997.200,92.4967,300.0000,65.0000,65.0021,13908.79,0.797249,92.795945
997.300,92.4967,300.0000,65.0000,65.0022,13906.50,0.796856,92.795945
997.400,92.4967,300.0000,65.0625,65.0023,13904.37,0.796489,92.795945
997.500,92.4967,300.0000,65.0000,65.0025,13902.38,0.796147,92.795945
997.600,92.4967,300.0000,65.0625,65.0026,13900.52,0.795828,92.795945
997.700,92.4967,300.0000,65.0625,65.0028,13898.79,0.795531,92.795945
997.800,92.4967,300.0000,65.0625,65.0030,13897.17,0.795253,92.795945
997.900,92.4967,300.0000,65.0000,65.0032,13895.66,0.794993,92.795945
998.000,92.7959,300.0000,64.9375,65.0034,13897.24,0.795265,92.795945
998.100,92.7959,300.0000,65.0000,65.0036,13898.72,0.795519,92.795945
998.200,92.7959,300.0000,65.0625,65.0038,13900.10,0.795755,92.795945
998.300,92.7959,300.0000,65.0625,65.0039,13901.38,0.795976,92.795945
998.400,92.7959,300.0000,64.9375,65.0041,13902.58,0.796183,92.795945
998.500,92.7959,300.0000,65.0000,65.0042,13903.70,0.796375,92.795945
998.600,92.7959,300.0000,64.9375,65.0043,13904.75,0.796555,92.795945
998.700,92.7959,300.0000,65.0625,65.0044,13905.73,0.796723,92.795945
998.800,92.7959,300.0000,65.0000,65.0045,13906.64,0.796879,92.795945
998.900,92.7959,300.0000,65.0000,65.0046,13907.49,0.797025,92.795945
999.000,92.7959,300.0000,65.0000,65.0047,13908.28,0.797162,92.795945
999.100,92.7959,300.0000,64.9375,65.0048,13909.02,0.797289,92.795945
999.200,92.7959,300.0000,64.9375,65.0049,13909.71,0.797408,92.795945
999.300,92.7959,300.0000,65.0000,65.0050,13910.36,0.797519,92.795945
999.400,92.7959,300.0000,65.0000,65.0051,13910.96,0.797623,92.795945
999.500,92.7959,300.0000,64.9375,65.0051,13911.52,0.797719,92.795945
999.600,92.7959,300.0000,64.9375,65.0052,13912.05,0.797810,92.795945
999.700,92.7959,300.0000,65.0625,65.0053,13912.54,0.797894,92.795945
999.800,92.7959,300.0000,65.1250,65.0053,13912.99,0.797973,92.795945
999.900,92.7959,300.0000,65.0625,65.0054,13913.42,0.798046,92.795945
1000.000,93.1019,300.0000,64.9375,65.0054,13916.88,0.798641,92.802749
1000.100,93.1019,300.0000,64.9375,65.0054,13920.11,0.799197,92.802749
1000.200,93.1019,300.0000,65.0000,65.0053,13923.12,0.799716,92.802749
1000.300,93.1019,300.0000,65.0000,65.0053,13925.93,0.800200,92.802749
1000.400,93.1019,300.0000,65.0625,65.0052,13928.55,0.800653,92.802749
1000.500,93.1019,300.0000,65.0000,65.0051,13931.00,0.801075,92.802749
1000.600,93.1019,300.0000,65.0000,65.0050,13933.29,0.801470,92.802749
1000.700,93.1019,300.0000,65.0625,65.0049,13935.42,0.801838,92.802749
1000.800,93.1019,300.0000,64.9375,65.0047,13937.41,0.802182,92.802749
1000.900,93.1019,300.0000,64.8750,65.0046,13939.27,0.802503,92.802749
1001.000,92.1908,300.0000,65.0000,65.0045,13931.89,0.801229,92.789141
1001.100,92.1908,300.0000,65.0625,65.0044,13925.01,0.800042,92.789141
1001.200,92.1908,300.0000,65.0000,65.0044,13918.58,0.798935,92.789141
1001.300,92.1908,300.0000,65.0625,65.0045,13912.58,0.797902,92.789141
1001.400,92.1908,300.0000,64.9375,65.0046,13906.99,0.796939,92.789141
1001.500,92.1908,300.0000,65.0625,65.0048,13901.76,0.796042,92.789141
1001.600,92.1908,300.0000,65.0625,65.0049,13896.89,0.795204,92.789141
1001.700,92.1908,300.0000,65.0625,65.0052,13892.33,0.794423,92.789141
1001.800,92.1908,300.0000,64.9375,65.0054,13888.09,0.793695,92.789141
1001.900,92.1908,300.0000,65.0000,65.0057,13884.12,0.793015,92.789141
1002.000,92.7891,300.0000,64.9375,65.0060,13886.40,0.793406,92.789141
1002.100,92.7891,300.0000,64.9375,65.0063,13888.54,0.793772,92.789141
1002.200,92.7891,300.0000,65.0000,65.0065,13890.52,0.794113,92.789141
1002.300,92.7891,300.0000,64.9375,65.0067,13892.38,0.794431,92.789141
1002.400,92.7891,300.0000,64.9375,65.0069,13894.11,0.794728,92.789141
1002.500,92.7891,300.0000,65.0000,65.0071,13895.73,0.795006,92.789141
1002.600,92.7891,300.0000,65.0625,65.0073,13897.24,0.795265,92.789141
1002.700,92.7891,300.0000,64.9375,65.0075,13898.65,0.795507,92.789141
1002.800,92.7891,300.0000,65.0625,65.0076,13899.96,0.795733,92.789141
1002.900,92.7891,300.0000,65.0000,65.0078,13901.19,0.795943,92.789141
1003.000,92.7891,300.0000,65.0625,65.0079,13902.34,0.796140,92.789141
1003.100,92.7891,300.0000,65.0625,65.0081,13903.41,0.796324,92.789141
1003.200,92.7891,300.0000,65.0000,65.0082,13904.40,0.796495,92.789141
1003.300,92.7891,300.0000,64.9375,65.0083,13905.33,0.796655,92.789141
1003.400,92.7891,300.0000,65.0000,65.0084,13906.20,0.796805,92.789141
1003.500,92.7891,300.0000,64.8750,65.0085,13907.01,0.796944,92.789141
1003.600,92.7891,300.0000,65.0625,65.0086,13907.77,0.797074,92.789141
1003.700,92.7891,300.0000,65.0000,65.0087,13908.48,0.797196,92.789141
1003.800,92.7891,300.0000,65.0000,65.0087,13909.14,0.797309,92.789141
1003.900,92.7891,300.0000,65.0000,65.0088,13909.75,0.797415,92.789141
1004.000,92.7891,300.0000,65.0000,65.0089,13910.33,0.797514,92.789141
1004.100,92.7891,300.0000,65.0000,65.0090,13910.86,0.797606,92.789141
1004.200,92.7891,300.0000,64.9375,65.0090,13911.36,0.797692,92.789141
1004.300,92.7891,300.0000,65.0000,65.0091,13911.83,0.797773,92.789141
1004.400,92.7891,300.0000,65.1250,65.0091,13912.27,0.797848,92.789141
1004.500,92.7891,300.0000,65.0000,65.0092,13912.67,0.797918,92.789141
1004.600,92.7891,300.0000,65.0000,65.0092,13913.05,0.797983,92.789141
1004.700,92.7891,300.0000,64.9375,65.0093,13913.41,0.798044,92.789141
1004.800,92.7891,300.0000,65.0000,65.0093,13913.74,0.798101,92.789141
1004.900,92.7891,300.0000,64.9375,65.0093,13914.05,0.798154,92.789141
1005.000,92.4831,300.0000,65.0000,65.0094,13911.28,0.797677,92.782336
1005.100,92.4831,300.0000,65.1250,65.0095,13908.69,0.797232,92.782336
1005.200,92.4831,300.0000,64.9375,65.0096,13906.27,0.796817,92.782336
1005.300,92.4831,300.0000,65.0625,65.0097,13904.02,0.796430,92.782336
1005.400,92.4831,300.0000,65.0000,65.0098,13901.92,0.796068,92.782336
1005.500,92.4831,300.0000,65.0625,65.0100,13899.95,0.795731,92.782336
1005.600,92.4831,300.0000,64.9375,65.0102,13898.12,0.795417,92.782336
1005.700,92.4831,300.0000,65.0000,65.0103,13896.41,0.795123,92.782336
1005.800,92.4831,300.0000,64.9375,65.0105,13894.82,0.794849,92.782336
1005.900,92.4831,300.0000,64.9375,65.0107,13893.33,0.794593,92.782336
1006.000,92.4763,300.0000,64.9375,65.0110,13891.87,0.794343,92.775532
1006.100,92.4763,300.0000,65.0625,65.0112,13890.51,0.794110,92.775532
1006.200,92.4763,300.0000,65.0625,65.0114,13889.24,0.793892,92.775532
1006.300,92.4763,300.0000,65.0000,65.0117,13888.05,0.793689,92.775532
1006.400,92.4763,300.0000,65.0000,65.0119,13886.94,0.793499,92.775532
1006.500,92.4763,300.0000,65.0625,65.0122,13885.91,0.793322,92.775532
1006.600,92.4763,300.0000,65.0625,65.0125,13884.95,0.793157,92.775532
1006.700,92.4763,300.0000,65.0000,65.0128,13884.05,0.793002,92.775532
1006.800,92.4763,300.0000,65.0000,65.0130,13883.21,0.792859,92.775532
1006.900,92.4763,300.0000,64.9375,65.0133,13882.42,0.792724,92.775532
1007.000,92.4695,300.0000,65.0625,65.0136,13881.62,0.792587,92.768728
1007.100,92.4695,300.0000,65.1250,65.0139,13880.88,0.792459,92.768728
1007.200,92.4695,300.0000,65.0000,65.0142,13880.18,0.792340,92.768728
1007.300,92.4695,300.0000,65.0000,65.0145,13879.53,0.792229,92.768728
1007.400,92.4695,300.0000,65.0000,65.0149,13878.92,0.792125,92.768728
1007.500,92.4695,300.0000,65.0000,65.0152,13878.36,0.792028,92.768728
1007.600,92.4695,300.0000,65.0000,65.0155,13877.83,0.791937,92.768728
1007.700,92.4695,300.0000,64.9375,65.0158,13877.34,0.791853,92.768728
1007.800,92.4695,300.0000,64.9375,65.0162,13876.88,0.791774,92.768728
1007.900,92.4695,300.0000,65.0625,65.0165,13876.45,0.791701,92.768728
1008.000,93.0747,300.0000,64.9375,65.0168,13882.10,0.792668,92.775532
1008.100,93.0747,300.0000,65.0000,65.0170,13887.37,0.793572,92.775532
1008.200,93.0747,300.0000,65.0000,65.0172,13892.29,0.794416,92.775532
1008.300,93.0747,300.0000,65.0625,65.0174,13896.89,0.795205,92.775532
1008.400,93.0747,300.0000,65.0625,65.0175,13901.18,0.795941,92.775532
1008.500,93.0747,300.0000,64.9375,65.0176,13905.18,0.796629,92.775532
1008.600,93.0747,300.0000,65.0625,65.0177,13908.91,0.797271,92.775532
1008.700,93.0747,300.0000,64.9375,65.0177,13912.40,0.797870,92.775532
1008.800,93.0747,300.0000,65.0000,65.0177,13915.65,0.798430,92.775532
1008.900,93.0747,300.0000,64.9375,65.0177,13918.69,0.798953,92.775532
1009.000,92.4695,300.0000,65.0625,65.0177,13915.47,0.798399,92.768728
1009.100,92.4695,300.0000,65.0625,65.0177,13912.47,0.797883,92.768728
1009.200,92.4695,300.0000,65.0625,65.0178,13909.67,0.797401,92.768728
1009.300,92.4695,300.0000,65.1250,65.0179,13907.05,0.796951,92.768728
1009.400,92.4695,300.0000,65.0000,65.0180,13904.61,0.796531,92.768728
1009.500,92.4695,300.0000,65.0625,65.0181,13902.33,0.796140,92.768728
1009.600,92.4695,300.0000,64.8750,65.0182,13900.21,0.795774,92.768728
1009.700,92.4695,300.0000,65.0000,65.0184,13898.22,0.795433,92.768728
1009.800,92.4695,300.0000,65.0625,65.0185,13896.37,0.795115,92.768728
1009.900,92.4695,300.0000,65.0625,65.0187,13894.64,0.794818,92.768728
1010.000,93.0747,300.0000,65.0000,65.0188,13899.08,0.795580,92.775532
1010.100,93.0747,300.0000,65.0000,65.0190,13903.22,0.796292,92.775532
1010.200,93.0747,300.0000,65.0000,65.0190,13907.08,0.796956,92.775532
1010.300,93.0747,300.0000,65.0625,65.0191,13910.69,0.797577,92.775532
1010.400,93.0747,300.0000,65.0000,65.0191,13914.06,0.798156,92.775532
1010.500,93.0747,300.0000,65.0625,65.0191,13917.20,0.798697,92.775532
1010.600,93.0747,300.0000,65.0625,65.0190,13920.14,0.799202,92.775532
1010.700,93.0747,300.0000,65.0000,65.0190,13922.88,0.799674,92.775532
1010.800,93.0747,300.0000,65.1250,65.0189,13925.43,0.800115,92.775532
1010.900,93.0747,300.0000,65.1250,65.0188,13927.82,0.800526,92.775532
1011.000,93.3875,300.0000,65.0000,65.0187,13933.17,0.801449,92.789141
1011.100,93.3875,300.0000,64.9375,65.0185,13938.17,0.802312,92.789141
1011.200,93.3875,300.0000,64.9375,65.0183,13942.83,0.803118,92.789141
1011.300,93.3875,300.0000,65.0625,65.0180,13947.19,0.803870,92.789141
1011.400,93.3875,300.0000,65.0625,65.0177,13951.25,0.804573,92.789141
1011.500,93.3875,300.0000,65.0625,65.0174,13955.04,0.805229,92.789141
1011.600,93.3875,300.0000,65.0000,65.0170,13958.58,0.805842,92.789141
1011.700,93.3875,300.0000,64.9375,65.0167,13961.88,0.806414,92.789141
1011.800,93.3875,300.0000,65.0625,65.0163,13964.97,0.806949,92.789141
1011.900,93.3875,300.0000,64.9375,65.0158,13967.84,0.807448,92.789141
1012.000,92.4831,300.0000,65.0000,65.0155,13961.49,0.806345,92.782336
1012.100,92.4831,300.0000,64.8125,65.0151,13955.55,0.805318,92.782336
1012.200,92.4831,300.0000,64.9375,65.0149,13950.01,0.804359,92.782336
1012.300,92.4831,300.0000,65.0625,65.0146,13944.84,0.803465,92.782336
1012.400,92.4831,300.0000,65.0625,65.0144,13940.02,0.802632,92.782336
1012.500,92.4831,300.0000,65.0625,65.0143,13935.52,0.801854,92.782336
1012.600,92.4831,300.0000,64.9375,65.0142,13931.31,0.801129,92.782336
1012.700,92.4831,300.0000,65.0000,65.0141,13927.39,0.800452,92.782336
1012.800,92.4831,300.0000,64.9375,65.0140,13923.73,0.799821,92.782336
1012.900,92.4831,300.0000,64.9375,65.0140,13920.31,0.799232,92.782336
1013.000,92.4763,300.0000,65.0625,65.0140,13917.05,0.798671,92.775532
1013.100,92.4763,300.0000,65.0625,65.0140,13914.01,0.798148,92.775532
1013.200,92.4763,300.0000,65.0625,65.0141,13911.18,0.797660,92.775532
1013.300,92.4763,300.0000,65.0625,65.0142,13908.53,0.797204,92.775532
1013.400,92.4763,300.0000,65.0625,65.0143,13906.06,0.796779,92.775532
1013.500,92.4763,300.0000,65.0000,65.0144,13903.75,0.796383,92.775532
1013.600,92.4763,300.0000,65.1250,65.0145,13901.60,0.796013,92.775532
1013.700,92.4763,300.0000,65.0000,65.0146,13899.59,0.795668,92.775532
1013.800,92.4763,300.0000,65.0625,65.0148,13897.71,0.795346,92.775532
1013.900,92.4763,300.0000,65.0000,65.0150,13895.96,0.795045,92.775532
1014.000,92.7755,300.0000,65.0625,65.0151,13897.32,0.795278,92.775532
1014.100,92.7755,300.0000,65.0625,65.0153,13898.59,0.795496,92.775532
1014.200,92.7755,300.0000,65.0000,65.0154,13899.77,0.795699,92.775532
1014.300,92.7755,300.0000,65.0000,65.0156,13900.87,0.795889,92.775532
1014.400,92.7755,300.0000,65.0000,65.0157,13901.90,0.796066,92.775532
1014.500,92.7755,300.0000,64.9375,65.0158,13902.86,0.796231,92.775532
1014.600,92.7755,300.0000,64.9375,65.0159,13903.76,0.796385,92.775532
1014.700,92.7755,300.0000,65.0000,65.0160,13904.60,0.796529,92.775532
1014.800,92.7755,300.0000,65.0000,65.0161,13905.38,0.796664,92.775532
1014.900,92.7755,300.0000,65.1250,65.0162,13906.11,0.796789,92.775532
1015.000,93.3875,300.0000,65.0000,65.0162,13912.91,0.797959,92.789141
1015.100,93.3875,300.0000,65.0000,65.0162,13919.26,0.799051,92.789141
1015.200,93.3875,300.0000,65.0000,65.0161,13925.19,0.800072,92.789141
1015.300,93.3875,300.0000,65.0000,65.0160,13930.72,0.801026,92.789141
1015.400,93.3875,300.0000,65.0000,65.0159,13935.88,0.801916,92.789141
1015.500,93.3875,300.0000,65.0000,65.0157,13940.69,0.802748,92.789141
1015.600,93.3875,300.0000,65.0625,65.0154,13945.19,0.803525,92.789141
1015.700,93.3875,300.0000,65.1250,65.0152,13949.38,0.804251,92.789141
1015.800,93.3875,300.0000,65.0625,65.0149,13953.30,0.804928,92.789141
1015.900,93.3875,300.0000,65.0625,65.0145,13956.96,0.805561,92.789141
1016.000,93.0951,300.0000,65.0000,65.0142,13957.44,0.805645,92.795945
1016.100,93.0951,300.0000,64.9375,65.0139,13957.90,0.805724,92.795945
1016.200,93.0951,300.0000,65.0625,65.0135,13958.32,0.805798,92.795945
1016.300,93.0951,300.0000,65.0000,65.0132,13958.72,0.805866,92.795945
1016.400,93.0951,300.0000,65.0625,65.0128,13959.09,0.805930,92.795945
1016.500,93.0951,300.0000,65.0000,65.0125,13959.44,0.805990,92.795945
1016.600,93.0951,300.0000,65.0000,65.0121,13959.76,0.806046,92.795945
1016.700,93.0951,300.0000,65.0625,65.0118,13960.06,0.806098,92.795945
1016.800,93.0951,300.0000,64.9375,65.0114,13960.34,0.806147,92.795945
1016.900,93.0951,300.0000,65.0000,65.0111,13960.60,0.806192,92.795945
1017.000,92.7959,300.0000,65.0000,65.0108,13957.85,0.805716,92.795945
1017.100,92.7959,300.0000,64.9375,65.0104,13955.29,0.805272,92.795945
1017.200,92.7959,300.0000,65.0000,65.0102,13952.90,0.804858,92.795945
1017.300,92.7959,300.0000,65.0000,65.0099,13950.66,0.804472,92.795945
1017.400,92.7959,300.0000,64.9375,65.0096,13948.58,0.804111,92.795945
1017.500,92.7959,300.0000,65.0000,65.0094,13946.63,0.803775,92.795945
1017.600,92.7959,300.0000,65.0000,65.0092,13944.82,0.803461,92.795945
1017.700,92.7959,300.0000,65.0000,65.0090,13943.12,0.803168,92.795945
1017.800,92.7959,300.0000,65.0625,65.0088,13941.54,0.802894,92.795945
1017.900,92.7959,300.0000,64.9375,65.0086,13940.06,0.802639,92.795945
1018.000,92.4899,300.0000,65.0625,65.0085,13935.63,0.801873,92.789141
1018.100,92.4899,300.0000,65.0625,65.0084,13931.48,0.801158,92.789141
1018.200,92.4899,300.0000,65.0625,65.0083,13927.62,0.800491,92.789141
1018.300,92.4899,300.0000,65.0625,65.0083,13924.01,0.799869,92.789141
1018.400,92.4899,300.0000,65.0000,65.0082,13920.64,0.799289,92.789141
1018.500,92.4899,300.0000,64.9375,65.0082,13917.50,0.798748,92.789141
1018.600,92.4899,300.0000,65.0625,65.0083,13914.56,0.798243,92.789141
1018.700,92.4899,300.0000,64.9375,65.0083,13911.83,0.797772,92.789141
1018.800,92.4899,300.0000,65.0000,65.0084,13909.27,0.797332,92.789141
1018.900,92.4899,300.0000,65.0000,65.0085,13906.88,0.796922,92.789141
1019.000,92.7891,300.0000,64.9375,65.0086,13907.65,0.797054,92.789141
1019.100,92.7891,300.0000,65.0000,65.0087,13908.37,0.797177,92.789141
1019.200,92.7891,300.0000,64.9375,65.0088,13909.03,0.797291,92.789141
1019.300,92.7891,300.0000,65.0625,65.0089,13909.65,0.797398,92.789141
1019.400,92.7891,300.0000,65.0625,65.0089,13910.24,0.797498,92.789141
1019.500,92.7891,300.0000,64.9375,65.0090,13910.78,0.797591,92.789141
1019.600,92.7891,300.0000,65.0000,65.0090,13911.28,0.797679,92.789141
1019.700,92.7891,300.0000,65.0000,65.0091,13911.76,0.797760,92.789141
1019.800,92.7891,300.0000,65.0625,65.0092,13912.20,0.797836,92.789141
1019.900,92.7891,300.0000,65.0625,65.0092,13912.61,0.797907,92.789141
1020.000,93.0951,300.0000,65.0000,65.0092,13916.05,0.798499,92.795945
1020.100,93.0951,300.0000,64.9375,65.0092,13919.27,0.799053,92.795945
1020.200,93.0951,300.0000,65.0000,65.0092,13922.27,0.799569,92.795945
1020.300,93.0951,300.0000,64.9375,65.0091,13925.07,0.800052,92.795945
1020.400,93.0951,300.0000,64.9375,65.0091,13927.68,0.800503,92.795945
1020.500,93.0951,300.0000,64.9375,65.0090,13930.12,0.800923,92.795945
1020.600,93.0951,300.0000,65.0625,65.0089,13932.40,0.801316,92.795945
1020.700,93.0951,300.0000,65.0625,65.0087,13934.52,0.801683,92.795945
1020.800,93.0951,300.0000,65.0625,65.0086,13936.51,0.802025,92.795945
1020.900,93.0951,300.0000,64.9375,65.0084,13938.36,0.802345,92.795945
1021.000,92.4899,300.0000,65.0000,65.0083,13934.03,0.801598,92.789141
1021.100,92.4899,300.0000,65.0000,65.0082,13930.00,0.800902,92.789141
1021.200,92.4899,300.0000,65.0000,65.0081,13926.23,0.800252,92.789141
1021.300,92.4899,300.0000,65.1250,65.0081,13922.71,0.799646,92.789141
1021.400,92.4899,300.0000,65.0000,65.0081,13919.43,0.799081,92.789141
1021.500,92.4899,300.0000,65.0000,65.0081,13916.37,0.798554,92.789141
1021.600,92.4899,300.0000,65.0625,65.0082,13913.51,0.798062,92.789141
1021.700,92.4899,300.0000,65.0000,65.0082,13910.84,0.797603,92.789141
1021.800,92.4899,300.0000,65.0625,65.0083,13908.35,0.797174,92.789141
1021.900,92.4899,300.0000,65.0000,65.0084,13906.03,0.796775,92.789141
1022.000,92.7891,300.0000,65.0625,65.0085,13906.85,0.796916,92.789141
1022.100,92.7891,300.0000,65.0625,65.0086,13907.62,0.797048,92.789141
1022.200,92.7891,300.0000,65.0000,65.0087,13908.34,0.797172,92.789141
1022.300,92.7891,300.0000,64.9375,65.0088,13909.01,0.797287,92.789141
1022.400,92.7891,300.0000,65.0000,65.0089,13909.63,0.797394,92.789141
1022.500,92.7891,300.0000,65.0000,65.0089,13910.21,0.797494,92.789141
1022.600,92.7891,300.0000,65.0625,65.0090,13910.76,0.797588,92.789141
1022.700,92.7891,300.0000,65.0000,65.0090,13911.26,0.797675,92.789141
1022.800,92.7891,300.0000,65.0000,65.0091,13911.74,0.797757,92.789141
1022.900,92.7891,300.0000,65.0000,65.0092,13912.18,0.797833,92.789141
1023.000,92.7891,300.0000,65.0625,65.0092,13912.59,0.797904,92.789141
1023.100,92.7891,300.0000,64.9375,65.0093,13912.98,0.797970,92.789141
1023.200,92.7891,300.0000,65.0625,65.0093,13913.34,0.798032,92.789141
1023.300,92.7891,300.0000,65.0000,65.0093,13913.67,0.798090,92.789141
1023.400,92.7891,300.0000,64.9375,65.0094,13913.99,0.798143,92.789141
1023.500,92.7891,300.0000,65.0625,65.0094,13914.28,0.798194,92.789141
1023.600,92.7891,300.0000,64.9375,65.0094,13914.55,0.798241,92.789141
1023.700,92.7891,300.0000,65.0000,65.0095,13914.81,0.798285,92.789141
1023.800,92.7891,300.0000,65.0625,65.0095,13915.04,0.798325,92.789141
1023.900,92.7891,300.0000,65.0625,65.0095,13915.27,0.798364,92.789141
1024.000,93.0951,300.0000,65.0625,65.0095,13918.53,0.798926,92.795945
1024.100,93.0951,300.0000,65.0000,65.0095,13921.58,0.799451,92.795945
1024.200,93.0951,300.0000,65.0625,65.0095,13924.43,0.799942,92.795945
1024.300,93.0951,300.0000,65.0000,65.0094,13927.08,0.800400,92.795945
1024.400,93.0951,300.0000,65.0000,65.0093,13929.56,0.800827,92.795945
1024.500,93.0951,300.0000,65.0000,65.0092,13931.88,0.801226,92.795945
1024.600,93.0951,300.0000,65.0625,65.0091,13934.04,0.801599,92.795945
1024.700,93.0951,300.0000,64.9375,65.0089,13936.05,0.801947,92.795945
1024.800,93.0951,300.0000,65.0000,65.0088,13937.93,0.802272,92.795945
1024.900,93.0951,300.0000,64.9375,65.0086,13939.69,0.802575,92.795945
1025.000,92.4899,300.0000,65.0000,65.0084,13935.28,0.801813,92.789141
1025.100,92.4899,300.0000,65.0625,65.0083,13931.16,0.801102,92.789141
1025.200,92.4899,300.0000,65.0000,65.0083,13927.31,0.800439,92.789141
1025.300,92.4899,300.0000,64.9375,65.0082,13923.72,0.799820,92.789141
1025.400,92.4899,300.0000,65.0000,65.0082,13920.38,0.799244,92.789141
1025.500,92.4899,300.0000,65.0000,65.0082,13917.25,0.798705,92.789141
1025.600,92.4899,300.0000,64.9375,65.0083,13914.33,0.798203,92.789141
1025.700,92.4899,300.0000,65.0625,65.0083,13911.61,0.797735,92.789141
1025.800,92.4899,300.0000,65.0625,65.0084,13909.07,0.797298,92.789141
1025.900,92.4899,300.0000,64.9375,65.0085,13906.70,0.796890,92.789141
1026.000,92.4831,300.0000,65.0625,65.0086,13904.42,0.796498,92.782336
1026.100,92.4831,300.0000,65.0000,65.0088,13902.29,0.796132,92.782336
1026.200,92.4831,300.0000,65.0625,65.0089,13900.30,0.795790,92.782336
1026.300,92.4831,300.0000,65.0000,65.0091,13898.44,0.795472,92.782336
1026.400,92.4831,300.0000,65.0000,65.0093,13896.71,0.795174,92.782336
1026.500,92.4831,300.0000,65.0000,65.0095,13895.10,0.794897,92.782336
1026.600,92.4831,300.0000,65.0000,65.0097,13893.59,0.794638,92.782336
1026.700,92.4831,300.0000,65.0625,65.0099,13892.18,0.794397,92.782336
1026.800,92.4831,300.0000,64.9375,65.0101,13890.87,0.794171,92.782336
1026.900,92.4831,300.0000,65.0625,65.0103,13889.64,0.793961,92.782336
1027.000,93.0883,300.0000,65.0625,65.0105,13894.55,0.794803,92.789141
1027.100,93.0883,300.0000,65.1250,65.0107,13899.13,0.795589,92.789141
1027.200,93.0883,300.0000,65.1250,65.0108,13903.40,0.796323,92.789141
1027.300,93.0883,300.0000,65.1250,65.0109,13907.39,0.797009,92.789141
1027.400,93.0883,300.0000,65.0625,65.0110,13911.12,0.797650,92.789141
1027.500,93.0883,300.0000,64.8750,65.0110,13914.59,0.798248,92.789141
1027.600,93.0883,300.0000,65.0000,65.0110,13917.84,0.798806,92.789141
1027.700,93.0883,300.0000,64.9375,65.0110,13920.86,0.799327,92.789141
1027.800,93.0883,300.0000,64.9375,65.0109,13923.69,0.799814,92.789141
1027.900,93.0883,300.0000,65.0625,65.0109,13926.33,0.800269,92.789141
1028.000,93.0951,300.0000,65.0625,65.0108,13928.86,0.800705,92.795945
1028.100,93.0951,300.0000,65.0625,65.0107,13931.22,0.801112,92.795945
1028.200,93.0951,300.0000,65.0625,65.0105,13933.42,0.801492,92.795945
1028.300,93.0951,300.0000,65.0625,65.0104,13935.48,0.801847,92.795945
1028.400,93.0951,300.0000,65.0625,65.0102,13937.40,0.802179,92.795945
1028.500,93.0951,300.0000,65.0000,65.0101,13939.19,0.802488,92.795945
1028.600,93.0951,300.0000,65.0000,65.0099,13940.86,0.802777,92.795945
1028.700,93.0951,300.0000,64.9375,65.0097,13942.42,0.803047,92.795945
1028.800,93.0951,300.0000,64.9375,65.0095,13943.88,0.803298,92.795945
1028.900,93.0951,300.0000,65.1250,65.0092,13945.24,0.803533,92.795945
1029.000,93.4079,300.0000,65.0000,65.0090,13949.63,0.804294,92.809553
1029.100,93.4079,300.0000,64.9375,65.0087,13953.74,0.805004,92.809553
1029.200,93.4079,300.0000,65.0625,65.0084,13957.57,0.805667,92.809553
1029.300,93.4079,300.0000,65.1250,65.0080,13961.14,0.806286,92.809553
1029.400,93.4079,300.0000,64.9375,65.0076,13964.48,0.806864,92.809553
1029.500,93.4079,300.0000,65.0000,65.0072,13967.59,0.807404,92.809553
1029.600,93.4079,300.0000,65.0000,65.0068,13970.50,0.807908,92.809553
1029.700,93.4079,300.0000,65.0000,65.0064,13973.21,0.808379,92.809553
1029.800,93.4079,300.0000,65.0625,65.0059,13975.75,0.808819,92.809553
1029.900,93.4079,300.0000,64.9375,65.0054,13978.11,0.809229,92.809553
1030.000,92.5036,300.0000,65.0000,65.0050,13971.27,0.808042,92.802749
1030.100,92.5036,300.0000,65.0625,65.0046,13964.89,0.806935,92.802749
1030.200,92.5036,300.0000,65.0000,65.0043,13958.93,0.805903,92.802749
1030.300,92.5036,300.0000,65.0000,65.0040,13953.37,0.804940,92.802749
1030.400,92.5036,300.0000,64.9375,65.0038,13948.18,0.804042,92.802749
1030.500,92.5036,300.0000,65.0625,65.0036,13943.34,0.803205,92.802749
1030.600,92.5036,300.0000,64.8750,65.0034,13938.82,0.802424,92.802749
1030.700,92.5036,300.0000,65.0000,65.0033,13934.60,0.801696,92.802749
1030.800,92.5036,300.0000,65.0625,65.0032,13930.66,0.801016,92.802749
1030.900,92.5036,300.0000,65.0000,65.0032,13926.99,0.800383,92.802749
1031.000,92.8027,300.0000,65.0000,65.0031,13926.55,0.800307,92.802749
1031.100,92.8027,300.0000,65.0625,65.0031,13926.14,0.800237,92.802749
1031.200,92.8027,300.0000,65.0625,65.0030,13925.76,0.800171,92.802749
1031.300,92.8027,300.0000,65.0000,65.0030,13925.40,0.800109,92.802749
1031.400,92.8027,300.0000,65.0625,65.0029,13925.07,0.800052,92.802749
1031.500,92.8027,300.0000,65.0000,65.0029,13924.76,0.799998,92.802749
1031.600,92.8027,300.0000,64.9375,65.0029,13924.47,0.799949,92.802749
1031.700,92.8027,300.0000,65.0000,65.0028,13924.20,0.799902,92.802749
1031.800,92.8027,300.0000,65.0000,65.0028,13923.95,0.799858,92.802749
1031.900,92.8027,300.0000,65.0625,65.0028,13923.71,0.799818,92.802749
1032.000,93.1087,300.0000,65.0000,65.0027,13926.55,0.800307,92.809553
1032.100,93.1087,300.0000,64.9375,65.0026,13929.20,0.800765,92.809553
1032.200,93.1087,300.0000,65.0000,65.0025,13931.67,0.801191,92.809553
1032.300,93.1087,300.0000,65.1250,65.0024,13933.98,0.801590,92.809553
1032.400,93.1087,300.0000,65.0625,65.0023,13936.14,0.801962,92.809553
1032.500,93.1087,300.0000,65.0000,65.0022,13938.15,0.802309,92.809553
1032.600,93.1087,300.0000,65.0000,65.0020,13940.03,0.802633,92.809553
1032.700,93.1087,300.0000,65.0625,65.0018,13941.78,0.802936,92.809553
1032.800,93.1087,300.0000,65.0625,65.0016,13943.42,0.803219,92.809553
1032.900,93.1087,300.0000,65.1250,65.0014,13944.94,0.803482,92.809553
1033.000,93.4216,300.0000,65.0000,65.0012,13949.50,0.804270,92.823162
1033.100,93.4216,300.0000,65.0000,65.0009,13953.74,0.805005,92.823162
1033.200,93.4216,300.0000,65.0625,65.0006,13957.71,0.805691,92.823162
1033.300,93.4216,300.0000,65.0000,65.0003,13961.41,0.806333,92.823162
1033.400,93.4216,300.0000,65.0000,64.9999,13964.87,0.806931,92.823162
1033.500,93.4216,300.0000,64.9375,64.9995,13968.09,0.807490,92.823162
1033.600,93.4216,300.0000,65.0000,64.9991,13971.10,0.808012,92.823162
1033.700,93.4216,300.0000,65.0000,64.9987,13973.91,0.808500,92.823162
1033.800,93.4216,300.0000,65.0000,64.9982,13976.53,0.808955,92.823162
1033.900,93.4216,300.0000,64.8750,64.9977,13978.98,0.809380,92.823162
1034.000,92.2112,300.0000,65.0000,64.9973,13969.16,0.807675,92.809553
1034.100,92.2112,300.0000,65.0000,64.9970,13959.99,0.806087,92.809553
1034.200,92.2112,300.0000,65.0000,64.9968,13951.44,0.804606,92.809553
1034.300,92.2112,300.0000,65.0625,64.9966,13943.45,0.803225,92.809553
1034.400,92.2112,300.0000,65.0000,64.9965,13936.00,0.801938,92.809553
1034.500,92.2112,300.0000,64.9375,64.9964,13929.05,0.800738,92.809553
1034.600,92.2112,300.0000,65.0625,64.9964,13922.55,0.799619,92.809553
1034.700,92.2112,300.0000,65.1250,64.9965,13916.50,0.798575,92.809553
1034.800,92.2112,300.0000,65.0000,64.9966,13910.84,0.797602,92.809553
1034.900,92.2112,300.0000,65.0625,64.9967,13905.56,0.796695,92.809553
1035.000,93.1156,300.0000,65.0000,64.9968,13909.68,0.797403,92.816358
1035.100,93.1156,300.0000,65.1250,64.9969,13913.52,0.798064,92.816358
1035.200,93.1156,300.0000,65.0000,64.9969,13917.11,0.798681,92.816358
1035.300,93.1156,300.0000,65.0000,64.9969,13920.46,0.799258,92.816358
1035.400,93.1156,300.0000,65.0625,64.9969,13923.58,0.799796,92.816358
1035.500,93.1156,300.0000,65.0000,64.9969,13926.50,0.800299,92.816358
1035.600,93.1156,300.0000,64.9375,64.9968,13929.22,0.800768,92.816358
1035.700,93.1156,300.0000,64.9375,64.9967,13931.76,0.801207,92.816358
1035.800,93.1156,300.0000,64.9375,64.9966,13934.14,0.801616,92.816358
1035.900,93.1156,300.0000,65.0625,64.9965,13936.35,0.801998,92.816358
1036.000,93.1224,300.0000,65.0000,64.9964,13938.48,0.802366,92.823162
1036.100,93.1224,300.0000,64.9375,64.9962,13940.47,0.802710,92.823162
1036.200,93.1224,300.0000,65.0000,64.9960,13942.33,0.803031,92.823162
1036.300,93.1224,300.0000,64.9375,64.9959,13944.07,0.803331,92.823162
1036.400,93.1224,300.0000,65.0000,64.9957,13945.69,0.803611,92.823162
1036.500,93.1224,300.0000,64.9375,64.9954,13947.20,0.803872,92.823162
1036.600,93.1224,300.0000,65.0000,64.9952,13948.61,0.804116,92.823162
1036.700,93.1224,300.0000,65.0000,64.9950,13949.92,0.804344,92.823162
1036.800,93.1224,300.0000,65.0625,64.9948,13951.15,0.804556,92.823162
1036.900,93.1224,300.0000,65.0000,64.9945,13952.30,0.804755,92.823162
1037.000,92.8232,300.0000,64.9375,64.9943,13950.38,0.804422,92.823162
1037.100,92.8232,300.0000,65.0625,64.9941,13948.58,0.804112,92.823162
1037.200,92.8232,300.0000,65.0625,64.9939,13946.91,0.803823,92.823162
1037.300,92.8232,300.0000,65.0000,64.9937,13945.35,0.803553,92.823162
1037.400,92.8232,300.0000,65.0000,64.9935,13943.89,0.803300,92.823162
1037.500,92.8232,300.0000,65.1250,64.9933,13942.53,0.803065,92.823162
1037.600,92.8232,300.0000,65.0000,64.9932,13941.26,0.802846,92.823162
1037.700,92.8232,300.0000,65.0625,64.9930,13940.07,0.802641,92.823162
1037.800,92.8232,300.0000,64.9375,64.9929,13938.97,0.802450,92.823162
1037.900,92.8232,300.0000,65.0625,64.9928,13937.93,0.802272,92.823162
1038.000,93.1292,300.0000,65.0000,64.9926,13940.03,0.802634,92.829966
1038.100,93.1292,300.0000,65.0000,64.9925,13941.99,0.802971,92.829966
1038.200,93.1292,300.0000,65.0000,64.9923,13943.81,0.803287,92.829966
1038.300,93.1292,300.0000,65.0000,64.9921,13945.52,0.803582,92.829966
1038.400,93.1292,300.0000,64.9375,64.9919,13947.11,0.803857,92.829966
1038.500,93.1292,300.0000,64.9375,64.9917,13948.59,0.804113,92.829966
1038.600,93.1292,300.0000,65.0000,64.9915,13949.98,0.804353,92.829966
1038.700,93.1292,300.0000,65.0000,64.9913,13951.27,0.804577,92.829966
1038.800,93.1292,300.0000,65.0000,64.9910,13952.48,0.804785,92.829966
1038.900,93.1292,300.0000,64.9375,64.9908,13953.60,0.804980,92.829966
1039.000,92.5240,300.0000,65.0000,64.9906,13948.60,0.804115,92.823162
1039.100,92.5240,300.0000,65.0000,64.9904,13943.94,0.803308,92.823162
1039.200,92.5240,300.0000,65.0000,64.9903,13939.58,0.802556,92.823162
1039.300,92.5240,300.0000,65.0000,64.9902,13935.51,0.801854,92.823162
1039.400,92.5240,300.0000,65.0000,64.9901,13931.72,0.801199,92.823162
1039.500,92.5240,300.0000,65.0000,64.9901,13928.18,0.800588,92.823162
1039.600,92.5240,300.0000,65.0000,64.9900,13924.87,0.800018,92.823162
1039.700,92.5240,300.0000,65.0000,64.9901,13921.79,0.799487,92.823162
1039.800,92.5240,300.0000,64.9375,64.9901,13918.91,0.798991,92.823162
1039.900,92.5240,300.0000,64.9375,64.9902,13916.22,0.798528,92.823162
1040.000,92.5172,300.0000,65.0625,64.9903,13913.64,0.798084,92.816358
1040.100,92.5172,300.0000,65.0000,64.9904,13911.24,0.797671,92.816358
1040.200,92.5172,300.0000,65.0000,64.9905,13908.99,0.797285,92.816358
1040.300,92.5172,300.0000,65.0000,64.9906,13906.90,0.796925,92.816358
1040.400,92.5172,300.0000,64.8750,64.9908,13904.94,0.796589,92.816358
1040.500,92.5172,300.0000,65.0000,64.9909,13903.12,0.796275,92.816358
1040.600,92.5172,300.0000,65.0625,64.9911,13901.42,0.795982,92.816358
1040.700,92.5172,300.0000,65.0000,64.9913,13899.83,0.795709,92.816358
1040.800,92.5172,300.0000,65.0000,64.9915,13898.34,0.795455,92.816358
1040.900,92.5172,300.0000,65.0000,64.9917,13896.96,0.795217,92.816358
1041.000,92.8164,300.0000,64.9375,64.9919,13898.66,0.795509,92.816358
1041.100,92.8164,300.0000,65.1250,64.9921,13900.25,0.795781,92.816358
1041.200,92.8164,300.0000,64.9375,64.9923,13901.73,0.796035,92.816358
1041.300,92.8164,300.0000,64.9375,64.9925,13903.11,0.796273,92.816358
1041.400,92.8164,300.0000,65.0000,64.9926,13904.40,0.796494,92.816358
1041.500,92.8164,300.0000,64.9375,64.9928,13905.60,0.796701,92.816358
1041.600,92.8164,300.0000,64.9375,64.9929,13906.72,0.796894,92.816358
1041.700,92.8164,300.0000,65.0000,64.9930,13907.77,0.797075,92.816358
1041.800,92.8164,300.0000,65.0000,64.9932,13908.75,0.797243,92.816358
1041.900,92.8164,300.0000,65.0000,64.9933,13909.67,0.797400,92.816358
1042.000,92.8164,300.0000,65.0625,64.9934,13910.52,0.797547,92.816358
1042.100,92.8164,300.0000,65.0625,64.9935,13911.31,0.797684,92.816358
1042.200,92.8164,300.0000,64.9375,64.9936,13912.06,0.797811,92.816358
1042.300,92.8164,300.0000,65.0000,64.9936,13912.75,0.797931,92.816358
1042.400,92.8164,300.0000,65.0000,64.9937,13913.40,0.798042,92.816358
1042.500,92.8164,300.0000,65.0000,64.9938,13914.00,0.798146,92.816358
1042.600,92.8164,300.0000,64.9375,64.9939,13914.56,0.798243,92.816358
1042.700,92.8164,300.0000,65.0000,64.9939,13915.09,0.798333,92.816358
1042.800,92.8164,300.0000,64.9375,64.9940,13915.58,0.798418,92.816358
1042.900,92.8164,300.0000,65.0625,64.9940,13916.04,0.798497,92.816358
1043.000,93.1224,300.0000,65.0000,64.9941,13919.53,0.799097,92.823162
1043.100,93.1224,300.0000,65.0625,64.9941,13922.78,0.799658,92.823162
1043.200,93.1224,300.0000,65.0625,64.9940,13925.82,0.800182,92.823162
1043.300,93.1224,300.0000,65.0000,64.9940,13928.66,0.800670,92.823162
1043.400,93.1224,300.0000,64.9375,64.9939,13931.30,0.801127,92.823162
1043.500,93.1224,300.0000,64.9375,64.9938,13933.77,0.801553,92.823162
1043.600,93.1224,300.0000,65.0000,64.9937,13936.08,0.801951,92.823162
1043.700,93.1224,300.0000,64.9375,64.9936,13938.23,0.802323,92.823162
1043.800,93.1224,300.0000,65.0000,64.9934,13940.24,0.802669,92.823162
1043.900,93.1224,300.0000,64.9375,64.9933,13942.11,0.802993,92.823162
1044.000,92.5172,300.0000,65.0625,64.9931,13937.81,0.802250,92.816358
1044.100,92.5172,300.0000,64.9375,64.9931,13933.79,0.801557,92.816358
1044.200,92.5172,300.0000,65.0000,64.9930,13930.05,0.800910,92.816358
1044.300,92.5172,300.0000,65.0000,64.9930,13926.55,0.800307,92.816358
1044.400,92.5172,300.0000,65.0000,64.9930,13923.28,0.799744,92.816358
1044.500,92.5172,300.0000,65.0625,64.9930,13920.24,0.799219,92.816358
1044.600,92.5172,300.0000,65.0000,64.9930,13917.39,0.798730,92.816358
1044.700,92.5172,300.0000,65.0000,64.9931,13914.74,0.798273,92.816358
1044.800,92.5172,300.0000,65.0000,64.9932,13912.26,0.797846,92.816358
1044.900,92.5172,300.0000,64.9375,64.9933,13909.95,0.797449,92.816358
1045.000,92.5104,300.0000,65.0000,64.9934,13907.72,0.797066,92.809553
1045.100,92.5104,300.0000,65.0000,64.9936,13905.64,0.796709,92.809553
1045.200,92.5104,300.0000,65.0000,64.9937,13903.70,0.796375,92.809553
1045.300,92.5104,300.0000,64.9375,64.9939,13901.89,0.796064,92.809553
1045.400,92.5104,300.0000,64.9375,64.9941,13900.20,0.795774,92.809553
1045.500,92.5104,300.0000,64.8750,64.9943,13898.63,0.795503,92.809553
1045.600,92.5104,300.0000,65.0000,64.9945,13897.16,0.795251,92.809553
1045.700,92.5104,300.0000,65.0625,64.9947,13895.78,0.795015,92.809553
1045.800,92.5104,300.0000,64.9375,64.9949,13894.50,0.794795,92.809553
1045.900,92.5104,300.0000,65.0625,64.9952,13893.30,0.794590,92.809553
1046.000,93.1156,300.0000,65.0625,64.9954,13898.24,0.795437,92.816358
1046.100,93.1156,300.0000,65.0000,64.9955,13902.85,0.796228,92.816358
1046.200,93.1156,300.0000,65.0000,64.9957,13907.14,0.796967,92.816358
1046.300,93.1156,300.0000,65.0000,64.9958,13911.16,0.797657,92.816358
1046.400,93.1156,300.0000,65.0000,64.9958,13914.90,0.798301,92.816358
1046.500,93.1156,300.0000,65.0625,64.9959,13918.40,0.798903,92.816358
1046.600,93.1156,300.0000,65.0000,64.9959,13921.66,0.799465,92.816358
1046.700,93.1156,300.0000,64.9375,64.9958,13924.71,0.799989,92.816358
1046.800,93.1156,300.0000,65.0000,64.9958,13927.55,0.800479,92.816358
1046.900,93.1156,300.0000,65.0000,64.9957,13930.20,0.800937,92.816358
1047.000,92.8164,300.0000,65.0000,64.9957,13929.68,0.800848,92.816358
1047.100,92.8164,300.0000,64.9375,64.9956,13929.20,0.800765,92.816358
1047.200,92.8164,300.0000,64.9375,64.9956,13928.75,0.800687,92.816358
1047.300,92.8164,300.0000,65.0625,64.9955,13928.33,0.800615,92.816358
1047.400,92.8164,300.0000,65.0000,64.9955,13927.94,0.800547,92.816358
1047.500,92.8164,300.0000,65.0000,64.9954,13927.57,0.800484,92.816358
1047.600,92.8164,300.0000,65.0625,64.9954,13927.23,0.800425,92.816358
1047.700,92.8164,300.0000,65.0625,64.9953,13926.91,0.800370,92.816358
1047.800,92.8164,300.0000,65.0000,64.9953,13926.62,0.800319,92.816358
1047.900,92.8164,300.0000,64.9375,64.9953,13926.34,0.800271,92.816358
1048.000,92.5104,300.0000,65.0000,64.9953,13923.02,0.799699,92.809553
1048.100,92.5104,300.0000,65.0625,64.9953,13919.92,0.799165,92.809553
1048.200,92.5104,300.0000,65.0000,64.9953,13917.03,0.798667,92.809553
1048.300,92.5104,300.0000,64.9375,64.9954,13914.33,0.798203,92.809553
1048.400,92.5104,300.0000,65.0000,64.9955,13911.81,0.797770,92.809553
1048.500,92.5104,300.0000,64.9375,64.9956,13909.46,0.797365,92.809553
1048.600,92.5104,300.0000,65.0000,64.9957,13907.27,0.796988,92.809553
1048.700,92.5104,300.0000,65.0000,64.9958,13905.22,0.796636,92.809553
1048.800,92.5104,300.0000,65.0625,64.9960,13903.31,0.796308,92.809553
1048.900,92.5104,300.0000,64.9375,64.9962,13901.53,0.796001,92.809553
1049.000,92.5036,300.0000,65.0000,64.9964,13899.79,0.795704,92.802749
1049.100,92.5036,300.0000,65.0000,64.9966,13898.18,0.795426,92.802749
1049.200,92.5036,300.0000,64.9375,64.9968,13896.67,0.795167,92.802749
1049.300,92.5036,300.0000,65.0000,64.9970,13895.26,0.794925,92.802749
1049.400,92.5036,300.0000,65.0000,64.9972,13893.94,0.794699,92.802749
1049.500,92.5036,300.0000,65.0625,64.9975,13892.72,0.794489,92.802749
1049.600,92.5036,300.0000,65.0000,64.9977,13891.57,0.794292,92.802749
1049.700,92.5036,300.0000,65.0625,64.9980,13890.50,0.794109,92.802749
1049.800,92.5036,300.0000,64.9375,64.9982,13889.50,0.793938,92.802749
1049.900,92.5036,300.0000,65.0625,64.9985,13888.57,0.793778,92.802749
1050.000,93.1087,300.0000,65.0625,64.9987,13893.75,0.794667,92.809553
1050.100,93.1087,300.0000,65.0625,64.9989,13898.59,0.795497,92.809553
1050.200,93.1087,300.0000,65.0000,64.9991,13903.11,0.796273,92.809553
1050.300,93.1087,300.0000,64.9375,64.9992,13907.32,0.796997,92.809553
1050.400,93.1087,300.0000,65.0625,64.9993,13911.25,0.797673,92.809553
1050.500,93.1087,300.0000,65.0000,64.9993,13914.92,0.798305,92.809553
1050.600,93.1087,300.0000,65.0625,64.9994,13918.35,0.798894,92.809553
1050.700,93.1087,300.0000,64.9375,64.9993,13921.55,0.799445,92.809553
1050.800,93.1087,300.0000,65.0000,64.9993,13924.53,0.799959,92.809553
1050.900,93.1087,300.0000,65.0625,64.9993,13927.32,0.800440,92.809553
1051.000,93.1156,300.0000,64.9375,64.9992,13929.98,0.800900,92.816358
1051.100,93.1156,300.0000,64.9375,64.9991,13932.47,0.801329,92.816358
1051.200,93.1156,300.0000,65.0000,64.9990,13934.80,0.801730,92.816358
1051.300,93.1156,300.0000,65.0000,64.9989,13936.97,0.802105,92.816358
1051.400,93.1156,300.0000,65.0625,64.9987,13938.99,0.802454,92.816358
1051.500,93.1156,300.0000,65.0625,64.9986,13940.88,0.802781,92.816358
1051.600,93.1156,300.0000,65.0625,64.9984,13942.64,0.803085,92.816358
1051.700,93.1156,300.0000,65.0625,64.9982,13944.29,0.803370,92.816358
1051.800,93.1156,300.0000,64.9375,64.9980,13945.83,0.803635,92.816358
1051.900,93.1156,300.0000,65.0000,64.9978,13947.26,0.803883,92.816358
1052.000,92.8164,300.0000,65.0625,64.9976,13945.61,0.803597,92.816358
1052.100,92.8164,300.0000,64.9375,64.9974,13944.06,0.803330,92.816358
1052.200,92.8164,300.0000,65.0000,64.9972,13942.62,0.803081,92.816358
1052.300,92.8164,300.0000,65.0625,64.9971,13941.28,0.802849,92.816358
1052.400,92.8164,300.0000,65.0000,64.9969,13940.02,0.802632,92.816358
1052.500,92.8164,300.0000,65.0625,64.9968,13938.85,0.802430,92.816358
1052.600,92.8164,300.0000,64.9375,64.9966,13937.76,0.802241,92.816358
1052.700,92.8164,300.0000,65.0000,64.9965,13936.74,0.802065,92.816358
1052.800,92.8164,300.0000,65.0625,64.9964,13935.79,0.801901,92.816358
1052.900,92.8164,300.0000,65.0625,64.9963,13934.90,0.801747,92.816358
1053.000,93.1224,300.0000,65.0000,64.9962,13937.13,0.802132,92.823162
1053.100,93.1224,300.0000,65.0000,64.9960,13939.21,0.802492,92.823162
1053.200,93.1224,300.0000,65.0625,64.9959,13941.15,0.802827,92.823162
1053.300,93.1224,300.0000,64.9375,64.9957,13942.97,0.803141,92.823162
1053.400,93.1224,300.0000,65.0625,64.9955,13944.66,0.803433,92.823162
1053.500,93.1224,300.0000,65.0000,64.9953,13946.24,0.803706,92.823162
1053.600,93.1224,300.0000,65.0625,64.9951,13947.71,0.803961,92.823162
1053.700,93.1224,300.0000,65.0625,64.9949,13949.09,0.804199,92.823162
1053.800,93.1224,300.0000,65.0000,64.9946,13950.37,0.804421,92.823162
1053.900,93.1224,300.0000,65.0000,64.9944,13951.57,0.804629,92.823162
1054.000,92.8232,300.0000,65.0000,64.9942,13949.70,0.804305,92.823162
1054.100,92.8232,300.0000,65.0000,64.9940,13947.95,0.804002,92.823162
1054.200,92.8232,300.0000,65.0625,64.9938,13946.32,0.803720,92.823162
1054.300,92.8232,300.0000,65.0000,64.9936,13944.80,0.803457,92.823162
1054.400,92.8232,300.0000,65.0000,64.9934,13943.37,0.803211,92.823162
1054.500,92.8232,300.0000,65.0000,64.9932,13942.05,0.802982,92.823162
1054.600,92.8232,300.0000,65.0000,64.9931,13940.81,0.802768,92.823162
1054.700,92.8232,300.0000,64.9375,64.9930,13939.65,0.802569,92.823162
1054.800,92.8232,300.0000,64.9375,64.9928,13938.57,0.802382,92.823162
1054.900,92.8232,300.0000,65.0625,64.9927,13937.57,0.802208,92.823162
1055.000,93.1292,300.0000,64.9375,64.9926,13939.69,0.802575,92.829966
1055.100,93.1292,300.0000,65.0000,64.9924,13941.67,0.802917,92.829966
1055.200,93.1292,300.0000,64.9375,64.9922,13943.51,0.803236,92.829966
1055.300,93.1292,300.0000,65.0000,64.9921,13945.24,0.803534,92.829966
1055.400,93.1292,300.0000,64.9375,64.9919,13946.85,0.803812,92.829966
1055.500,93.1292,300.0000,65.0000,64.9917,13948.35,0.804072,92.829966
1055.600,93.1292,300.0000,65.0000,64.9914,13949.75,0.804314,92.829966
1055.700,93.1292,300.0000,65.0000,64.9912,13951.06,0.804540,92.829966
1055.800,93.1292,300.0000,65.0000,64.9910,13952.28,0.804752,92.829966
1055.900,93.1292,300.0000,64.9375,64.9907,13953.42,0.804949,92.829966
1056.000,92.5240,300.0000,64.9375,64.9905,13948.43,0.804086,92.823162
1056.100,92.5240,300.0000,65.0000,64.9903,13943.78,0.803281,92.823162
1056.200,92.5240,300.0000,65.0625,64.9902,13939.43,0.802530,92.823162
1056.300,92.5240,300.0000,64.9375,64.9901,13935.37,0.801830,92.823162
1056.400,92.5240,300.0000,64.9375,64.9901,13931.59,0.801177,92.823162
1056.500,92.5240,300.0000,64.9375,64.9900,13928.06,0.800567,92.823162
1056.600,92.5240,300.0000,64.9375,64.9900,13924.76,0.799999,92.823162
1056.700,92.5240,300.0000,64.9375,64.9900,13921.68,0.799468,92.823162
1056.800,92.5240,300.0000,65.0000,64.9901,13918.81,0.798974,92.823162
1056.900,92.5240,300.0000,65.0000,64.9901,13916.13,0.798512,92.823162
1057.000,92.8232,300.0000,65.0625,64.9902,13916.62,0.798596,92.823162
1057.100,92.8232,300.0000,65.1250,64.9902,13917.07,0.798675,92.823162
1057.200,92.8232,300.0000,65.0000,64.9903,13917.50,0.798748,92.823162
1057.300,92.8232,300.0000,65.0625,64.9903,13917.90,0.798817,92.823162
1057.400,92.8232,300.0000,65.0000,64.9904,13918.27,0.798881,92.823162
1057.500,92.8232,300.0000,64.9375,64.9904,13918.62,0.798941,92.823162
1057.600,92.8232,300.0000,64.9375,64.9905,13918.94,0.798997,92.823162
1057.700,92.8232,300.0000,65.0625,64.9905,13919.24,0.799049,92.823162
1057.800,92.8232,300.0000,65.0625,64.9905,13919.53,0.799097,92.823162
1057.900,92.8232,300.0000,65.0625,64.9906,13919.79,0.799142,92.823162
1058.000,93.1292,300.0000,64.9375,64.9906,13923.09,0.799712,92.829966
1058.100,93.1292,300.0000,65.0000,64.9905,13926.18,0.800244,92.829966
1058.200,93.1292,300.0000,65.0000,64.9905,13929.06,0.800740,92.829966
1058.300,93.1292,300.0000,65.1250,64.9904,13931.75,0.801204,92.829966
1058.400,93.1292,300.0000,64.9375,64.9903,13934.26,0.801637,92.829966
1058.500,93.1292,300.0000,65.0000,64.9902,13936.60,0.802041,92.829966
1058.600,93.1292,300.0000,65.0000,64.9901,13938.78,0.802418,92.829966
1058.700,93.1292,300.0000,65.0625,64.9900,13940.82,0.802770,92.829966
1058.800,93.1292,300.0000,64.8750,64.9898,13942.73,0.803099,92.829966
1058.900,93.1292,300.0000,65.0000,64.9896,13944.50,0.803406,92.829966
1059.000,92.8300,300.0000,64.9375,64.9895,13943.17,0.803176,92.829966
1059.100,92.8300,300.0000,65.0000,64.9893,13941.92,0.802961,92.829966
1059.200,92.8300,300.0000,64.9375,64.9892,13940.76,0.802760,92.829966
1059.300,92.8300,300.0000,65.0000,64.9891,13939.68,0.802573,92.829966
1059.400,92.8300,300.0000,64.9375,64.9889,13938.66,0.802398,92.829966
1059.500,92.8300,300.0000,64.9375,64.9888,13937.72,0.802235,92.829966
1059.600,92.8300,300.0000,65.0000,64.9887,13936.84,0.802082,92.829966
1059.700,92.8300,300.0000,64.9375,64.9886,13936.02,0.801940,92.829966
1059.800,92.8300,300.0000,65.0000,64.9885,13935.25,0.801808,92.829966
1059.900,92.8300,300.0000,65.0000,64.9884,13934.53,0.801684,92.829966
1060.000,92.8300,300.0000,65.0000,64.9884,13933.86,0.801569,92.829966
1060.100,92.8300,300.0000,64.9375,64.9883,13933.24,0.801461,92.829966
1060.200,92.8300,300.0000,65.0000,64.9882,13932.65,0.801360,92.829966
1060.300,92.8300,300.0000,64.9375,64.9881,13932.11,0.801266,92.829966
1060.400,92.8300,300.0000,64.8750,64.9881,13931.60,0.801179,92.829966
1060.500,92.8300,300.0000,64.9375,64.9880,13931.13,0.801097,92.829966
1060.600,92.8300,300.0000,65.0000,64.9880,13930.69,0.801021,92.829966
1060.700,92.8300,300.0000,65.0000,64.9879,13930.27,0.800950,92.829966
1060.800,92.8300,300.0000,64.9375,64.9879,13929.89,0.800883,92.829966
1060.900,92.8300,300.0000,65.1250,64.9878,13929.53,0.800821,92.829966
1061.000,93.4420,300.0000,65.1250,64.9877,13935.31,0.801819,92.843574
1061.100,93.4420,300.0000,65.0000,64.9876,13940.71,0.802751,92.843574
1061.200,93.4420,300.0000,65.0000,64.9874,13945.75,0.803622,92.843574
1061.300,93.4420,300.0000,65.0000,64.9872,13950.45,0.804436,92.843574
1061.400,93.4420,300.0000,64.9375,64.9870,13954.84,0.805195,92.843574
1061.500,93.4420,300.0000,65.0625,64.9867,13958.94,0.805904,92.843574
1061.600,93.4420,300.0000,64.9375,64.9864,13962.76,0.806567,92.843574
1061.700,93.4420,300.0000,65.0000,64.9860,13966.33,0.807185,92.843574
1061.800,93.4420,300.0000,65.0625,64.9856,13969.66,0.807763,92.843574
1061.900,93.4420,300.0000,64.9375,64.9852,13972.77,0.808303,92.843574
1062.000,92.5376,300.0000,65.0625,64.9849,13966.63,0.807237,92.836770
1062.100,92.5376,300.0000,64.9375,64.9846,13960.90,0.806243,92.836770
1062.200,92.5376,300.0000,64.9375,64.9843,13955.55,0.805317,92.836770
1062.300,92.5376,300.0000,65.0000,64.9841,13950.55,0.804452,92.836770
1062.400,92.5376,300.0000,65.0000,64.9840,13945.89,0.803646,92.836770
1062.500,92.5376,300.0000,65.0000,64.9838,13941.54,0.802895,92.836770
1062.600,92.5376,300.0000,64.9375,64.9837,13937.48,0.802193,92.836770
1062.700,92.5376,300.0000,65.0000,64.9837,13933.69,0.801539,92.836770
1062.800,92.5376,300.0000,64.9375,64.9836,13930.15,0.800929,92.836770
1062.900,92.5376,300.0000,65.0000,64.9836,13926.85,0.800360,92.836770
1063.000,92.8368,300.0000,65.0000,64.9836,13926.76,0.800344,92.836770
1063.100,92.8368,300.0000,64.9375,64.9836,13926.68,0.800330,92.836770
1063.200,92.8368,300.0000,65.0000,64.9836,13926.60,0.800317,92.836770
1063.300,92.8368,300.0000,64.9375,64.9836,13926.53,0.800304,92.836770
1063.400,92.8368,300.0000,65.1250,64.9836,13926.46,0.800292,92.836770
1063.500,92.8368,300.0000,65.0000,64.9836,13926.40,0.800281,92.836770
1063.600,92.8368,300.0000,65.0625,64.9835,13926.34,0.800271,92.836770
1063.700,92.8368,300.0000,64.9375,64.9835,13926.29,0.800262,92.836770
1063.800,92.8368,300.0000,65.0625,64.9835,13926.23,0.800253,92.836770
1063.900,92.8368,300.0000,65.0000,64.9835,13926.19,0.800245,92.836770
1064.000,92.8368,300.0000,65.0625,64.9835,13926.14,0.800237,92.836770
1064.100,92.8368,300.0000,64.9375,64.9835,13926.10,0.800230,92.836770
1064.200,92.8368,300.0000,65.0000,64.9835,13926.06,0.800223,92.836770
1064.300,92.8368,300.0000,64.9375,64.9835,13926.02,0.800217,92.836770
1064.400,92.8368,300.0000,64.8750,64.9835,13925.99,0.800211,92.836770
1064.500,92.8368,300.0000,65.0000,64.9835,13925.96,0.800206,92.836770
1064.600,92.8368,300.0000,64.9375,64.9835,13925.93,0.800200,92.836770
1064.700,92.8368,300.0000,65.0000,64.9835,13925.90,0.800196,92.836770
1064.800,92.8368,300.0000,65.0000,64.9835,13925.88,0.800191,92.836770
1064.900,92.8368,300.0000,65.0000,64.9835,13925.85,0.800187,92.836770
1065.000,92.8368,300.0000,64.8750,64.9835,13925.83,0.800183,92.836770
1065.100,92.8368,300.0000,65.0000,64.9835,13925.81,0.800180,92.836770
1065.200,92.8368,300.0000,65.0000,64.9835,13925.79,0.800176,92.836770
1065.300,92.8368,300.0000,64.9375,64.9835,13925.77,0.800173,92.836770
1065.400,92.8368,300.0000,65.0000,64.9835,13925.75,0.800170,92.836770
1065.500,92.8368,300.0000,64.9375,64.9835,13925.74,0.800167,92.836770
1065.600,92.8368,300.0000,64.8750,64.9835,13925.72,0.800165,92.836770
1065.700,92.8368,300.0000,65.0000,64.9835,13925.71,0.800163,92.836770
1065.800,92.8368,300.0000,64.9375,64.9835,13925.70,0.800160,92.836770
1065.900,92.8368,300.0000,65.0000,64.9835,13925.68,0.800158,92.836770
1066.000,92.8368,300.0000,65.0000,64.9835,13925.67,0.800156,92.836770
1066.100,92.8368,300.0000,64.9375,64.9835,13925.66,0.800154,92.836770
1066.200,92.8368,300.0000,64.8750,64.9835,13925.65,0.800153,92.836770
1066.300,92.8368,300.0000,64.9375,64.9835,13925.64,0.800151,92.836770
1066.400,92.8368,300.0000,64.9375,64.9835,13925.64,0.800150,92.836770
1066.500,92.8368,300.0000,65.0000,64.9834,13925.63,0.800148,92.836770
1066.600,92.8368,300.0000,64.9375,64.9834,13925.62,0.800147,92.836770
1066.700,92.8368,300.0000,65.0000,64.9834,13925.61,0.800146,92.836770
1066.800,92.8368,300.0000,65.0625,64.9834,13925.61,0.800145,92.836770
1066.900,92.8368,300.0000,64.9375,64.9834,13925.60,0.800144,92.836770
1067.000,92.5308,300.0000,65.0000,64.9835,13922.53,0.799615,92.829966
1067.100,92.5308,300.0000,64.8750,64.9835,13919.67,0.799122,92.829966
1067.200,92.5308,300.0000,65.0000,64.9836,13917.00,0.798663,92.829966
1067.300,92.5308,300.0000,65.0625,64.9837,13914.51,0.798234,92.829966
1067.400,92.5308,300.0000,65.0625,64.9838,13912.18,0.797833,92.829966
1067.500,92.5308,300.0000,65.0000,64.9839,13910.01,0.797460,92.829966
1067.600,92.5308,300.0000,65.0625,64.9841,13907.99,0.797111,92.829966
1067.700,92.5308,300.0000,65.0000,64.9842,13906.09,0.796786,92.829966
1067.800,92.5308,300.0000,65.0000,64.9844,13904.33,0.796483,92.829966
1067.900,92.5308,300.0000,65.0000,64.9846,13902.68,0.796200,92.829966
1068.000,92.8300,300.0000,65.0625,64.9848,13904.14,0.796450,92.829966
1068.100,92.8300,300.0000,64.8750,64.9849,13905.49,0.796683,92.829966
1068.200,92.8300,300.0000,64.9375,64.9851,13906.76,0.796901,92.829966
1068.300,92.8300,300.0000,64.9375,64.9852,13907.94,0.797104,92.829966
1068.400,92.8300,300.0000,65.0000,64.9853,13909.05,0.797294,92.829966
1068.500,92.8300,300.0000,64.9375,64.9855,13910.08,0.797471,92.829966
1068.600,92.8300,300.0000,64.9375,64.9856,13911.04,0.797636,92.829966
1068.700,92.8300,300.0000,64.9375,64.9857,13911.93,0.797790,92.829966
1068.800,92.8300,300.0000,64.8750,64.9858,13912.77,0.797934,92.829966
1068.900,92.8300,300.0000,64.9375,64.9859,13913.55,0.798069,92.829966
1069.000,92.5240,300.0000,65.0000,64.9860,13911.22,0.797668,92.823162
1069.100,92.5240,300.0000,64.9375,64.9861,13909.05,0.797294,92.823162
1069.200,92.5240,300.0000,64.9375,64.9863,13907.02,0.796945,92.823162
1069.300,92.5240,300.0000,65.0000,64.9864,13905.12,0.796619,92.823162
1069.400,92.5240,300.0000,65.0000,64.9866,13903.35,0.796315,92.823162
1069.500,92.5240,300.0000,65.0000,64.9868,13901.70,0.796032,92.823162
1069.600,92.5240,300.0000,65.0000,64.9870,13900.16,0.795767,92.823162
1069.700,92.5240,300.0000,65.0625,64.9872,13898.73,0.795520,92.823162
1069.800,92.5240,300.0000,64.9375,64.9874,13897.38,0.795290,92.823162
1069.900,92.5240,300.0000,65.0000,64.9877,13896.13,0.795075,92.823162
1070.000,92.8232,300.0000,65.0000,64.9879,13897.95,0.795388,92.823162
1070.100,92.8232,300.0000,65.0000,64.9881,13899.65,0.795680,92.823162
1070.200,92.8232,300.0000,65.0000,64.9883,13901.24,0.795952,92.823162
1070.300,92.8232,300.0000,65.0000,64.9885,13902.72,0.796207,92.823162
1070.400,92.8232,300.0000,65.0000,64.9886,13904.11,0.796445,92.823162
1070.500,92.8232,300.0000,64.9375,64.9888,13905.40,0.796667,92.823162
1070.600,92.8232,300.0000,65.0000,64.9889,13906.60,0.796874,92.823162
1070.700,92.8232,300.0000,65.0000,64.9891,13907.73,0.797067,92.823162
1070.800,92.8232,300.0000,64.9375,64.9892,13908.78,0.797248,92.823162
1070.900,92.8232,300.0000,65.0000,64.9893,13909.76,0.797416,92.823162
1071.000,92.8232,300.0000,64.8750,64.9894,13910.67,0.797573,92.823162
1071.100,92.8232,300.0000,65.0000,64.9895,13911.53,0.797720,92.823162
1071.200,92.8232,300.0000,64.9375,64.9896,13912.32,0.797857,92.823162
1071.300,92.8232,300.0000,64.9375,64.9897,13913.07,0.797985,92.823162
1071.400,92.8232,300.0000,65.0000,64.9898,13913.76,0.798104,92.823162
1071.500,92.8232,300.0000,65.0000,64.9899,13914.41,0.798216,92.823162
1071.600,92.8232,300.0000,64.9375,64.9899,13915.01,0.798320,92.823162
1071.700,92.8232,300.0000,64.9375,64.9900,13915.58,0.798417,92.823162
1071.800,92.8232,300.0000,65.0625,64.9901,13916.10,0.798508,92.823162
1071.900,92.8232,300.0000,65.0000,64.9901,13916.59,0.798592,92.823162
1072.000,92.8232,300.0000,65.0625,64.9902,13917.05,0.798671,92.823162
1072.100,92.8232,300.0000,65.0625,64.9902,13917.48,0.798745,92.823162
1072.200,92.8232,300.0000,64.9375,64.9903,13917.88,0.798814,92.823162
1072.300,92.8232,300.0000,64.9375,64.9903,13918.25,0.798878,92.823162
1072.400,92.8232,300.0000,65.0000,64.9904,13918.60,0.798938,92.823162
1072.500,92.8232,300.0000,64.8125,64.9904,13918.93,0.798994,92.823162
1072.600,92.8232,300.0000,65.0000,64.9905,13919.23,0.799046,92.823162
1072.700,92.8232,300.0000,64.8750,64.9905,13919.51,0.799095,92.823162
1072.800,92.8232,300.0000,65.0000,64.9905,13919.78,0.799140,92.823162
1072.900,92.8232,300.0000,65.0000,64.9905,13920.02,0.799183,92.823162
1073.000,92.8232,300.0000,64.8750,64.9906,13920.25,0.799222,92.823162
1073.100,92.8232,300.0000,65.0000,64.9906,13920.47,0.799259,92.823162
1073.200,92.8232,300.0000,65.0000,64.9906,13920.67,0.799294,92.823162
1073.300,92.8232,300.0000,65.0000,64.9906,13920.86,0.799326,92.823162
1073.400,92.8232,300.0000,65.0000,64.9907,13921.03,0.799356,92.823162
1073.500,92.8232,300.0000,65.0625,64.9907,13921.19,0.799384,92.823162
1073.600,92.8232,300.0000,64.8750,64.9907,13921.35,0.799410,92.823162
1073.700,92.8232,300.0000,65.0000,64.9907,13921.49,0.799435,92.823162
1073.800,92.8232,300.0000,64.9375,64.9907,13921.62,0.799458,92.823162
1073.900,92.8232,300.0000,64.9375,64.9908,13921.74,0.799479,92.823162
1074.000,92.5172,300.0000,65.0625,64.9908,13918.80,0.798972,92.816358
1074.100,92.5172,300.0000,64.9375,64.9909,13916.05,0.798499,92.816358
1074.200,92.5172,300.0000,64.9375,64.9909,13913.49,0.798057,92.816358
1074.300,92.5172,300.0000,65.0000,64.9910,13911.09,0.797645,92.816358
1074.400,92.5172,300.0000,65.0000,64.9912,13908.86,0.797261,92.816358
1074.500,92.5172,300.0000,64.9375,64.9913,13906.77,0.796902,92.816358
1074.600,92.5172,300.0000,64.9375,64.9915,13904.82,0.796568,92.816358
1074.700,92.5172,300.0000,65.0000,64.9916,13903.01,0.796256,92.816358
1074.800,92.5172,300.0000,65.0000,64.9918,13901.31,0.795964,92.816358
1074.900,92.5172,300.0000,65.0625,64.9920,13899.73,0.795693,92.816358
1075.000,93.1224,300.0000,64.9375,64.9922,13904.30,0.796479,92.823162
1075.100,93.1224,300.0000,64.9375,64.9923,13908.57,0.797213,92.823162
1075.200,93.1224,300.0000,64.9375,64.9924,13912.56,0.797898,92.823162
1075.300,93.1224,300.0000,65.0000,64.9924,13916.28,0.798538,92.823162
1075.400,93.1224,300.0000,65.0625,64.9924,13919.75,0.799136,92.823162
1075.500,93.1224,300.0000,65.0000,64.9924,13922.99,0.799694,92.823162
1075.600,93.1224,300.0000,65.0000,64.9924,13926.02,0.800215,92.823162
1075.700,93.1224,300.0000,65.0000,64.9924,13928.84,0.800702,92.823162
1075.800,93.1224,300.0000,65.0000,64.9923,13931.47,0.801156,92.823162
1075.900,93.1224,300.0000,65.0000,64.9922,13933.93,0.801581,92.823162
1076.000,92.8232,300.0000,65.0625,64.9921,13933.23,0.801460,92.823162
1076.100,92.8232,300.0000,65.0000,64.9921,13932.58,0.801348,92.823162
1076.200,92.8232,300.0000,64.9375,64.9920,13931.98,0.801243,92.823162
1076.300,92.8232,300.0000,64.8750,64.9919,13931.41,0.801145,92.823162
1076.400,92.8232,300.0000,64.9375,64.9918,13930.88,0.801054,92.823162
1076.500,92.8232,300.0000,65.0625,64.9918,13930.39,0.800969,92.823162
1076.600,92.8232,300.0000,65.0000,64.9917,13929.93,0.800890,92.823162
1076.700,92.8232,300.0000,65.0000,64.9917,13929.50,0.800815,92.823162
1076.800,92.8232,300.0000,64.9375,64.9916,13929.09,0.800746,92.823162
1076.900,92.8232,300.0000,65.0000,64.9916,13928.72,0.800682,92.823162
1077.000,92.8232,300.0000,65.0625,64.9915,13928.37,0.800621,92.823162
1077.100,92.8232,300.0000,64.9375,64.9915,13928.04,0.800565,92.823162
1077.200,92.8232,300.0000,65.0000,64.9915,13927.74,0.800512,92.823162
1077.300,92.8232,300.0000,64.9375,64.9914,13927.45,0.800463,92.823162
1077.400,92.8232,300.0000,65.0000,64.9914,13927.19,0.800418,92.823162
1077.500,92.8232,300.0000,65.0000,64.9914,13926.94,0.800375,92.823162
1077.600,92.8232,300.0000,64.9375,64.9913,13926.71,0.800335,92.823162
1077.700,92.8232,300.0000,65.0625,64.9913,13926.49,0.800298,92.823162
1077.800,92.8232,300.0000,65.0000,64.9913,13926.29,0.800263,92.823162
1077.900,92.8232,300.0000,64.9375,64.9913,13926.11,0.800231,92.823162
1078.000,92.5172,300.0000,65.0625,64.9913,13922.87,0.799673,92.816358
1078.100,92.5172,300.0000,64.9375,64.9913,13919.85,0.799153,92.816358
1078.200,92.5172,300.0000,64.9375,64.9914,13917.03,0.798668,92.816358
1078.300,92.5172,300.0000,64.9375,64.9914,13914.40,0.798215,92.816358
1078.400,92.5172,300.0000,64.9375,64.9915,13911.95,0.797792,92.816358
1078.500,92.5172,300.0000,65.0000,64.9916,13909.65,0.797398,92.816358
1078.600,92.5172,300.0000,64.9375,64.9918,13907.52,0.797030,92.816358
1078.700,92.5172,300.0000,64.9375,64.9919,13905.52,0.796687,92.816358
1078.800,92.5172,300.0000,65.0625,64.9921,13903.66,0.796367,92.816358
1078.900,92.5172,300.0000,65.0000,64.9923,13901.92,0.796068,92.816358
1079.000,92.8164,300.0000,65.0000,64.9924,13903.29,0.796304,92.816358
1079.100,92.8164,300.0000,65.0000,64.9926,13904.56,0.796523,92.816358
1079.200,92.8164,300.0000,65.0000,64.9927,13905.76,0.796728,92.816358
1079.300,92.8164,300.0000,65.0000,64.9929,13906.87,0.796920,92.816358
1079.400,92.8164,300.0000,64.9375,64.9930,13907.91,0.797098,92.816358
1079.500,92.8164,300.0000,65.0000,64.9931,13908.88,0.797265,92.816358
1079.600,92.8164,300.0000,65.0625,64.9932,13909.78,0.797420,92.816358
1079.700,92.8164,300.0000,64.9375,64.9933,13910.63,0.797566,92.816358
1079.800,92.8164,300.0000,64.9375,64.9934,13911.42,0.797701,92.816358
1079.900,92.8164,300.0000,65.0625,64.9935,13912.15,0.797828,92.816358
1080.000,93.1224,300.0000,64.9375,64.9935,13915.90,0.798473,92.823162
1080.100,93.1224,300.0000,65.0625,64.9936,13919.40,0.799075,92.823162
1080.200,93.1224,300.0000,65.0000,64.9936,13922.66,0.799637,92.823162
1080.300,93.1224,300.0000,65.0000,64.9935,13925.71,0.800162,92.823162
1080.400,93.1224,300.0000,65.0625,64.9935,13928.55,0.800652,92.823162
1080.500,93.1224,300.0000,64.9375,64.9934,13931.20,0.801110,92.823162
1080.600,93.1224,300.0000,65.0625,64.9933,13933.68,0.801537,92.823162
1080.700,93.1224,300.0000,65.0000,64.9932,13935.99,0.801936,92.823162
1080.800,93.1224,300.0000,65.0000,64.9931,13938.15,0.802309,92.823162
1080.900,93.1224,300.0000,64.9375,64.9930,13940.16,0.802657,92.823162
1081.000,92.5172,300.0000,65.1250,64.9929,13935.99,0.801936,92.816358
1081.100,92.5172,300.0000,64.9375,64.9928,13932.10,0.801264,92.816358
1081.200,92.5172,300.0000,65.0625,64.9927,13928.46,0.800637,92.816358
1081.300,92.5172,300.0000,65.0625,64.9927,13925.07,0.800052,92.816358
1081.400,92.5172,300.0000,64.9375,64.9927,13921.90,0.799506,92.816358
1081.500,92.5172,300.0000,65.0000,64.9928,13918.95,0.798997,92.816358
1081.600,92.5172,300.0000,65.0625,64.9928,13916.19,0.798523,92.816358
1081.700,92.5172,300.0000,64.9375,64.9929,13913.61,0.798079,92.816358
1081.800,92.5172,300.0000,65.0000,64.9930,13911.21,0.797666,92.816358
1081.900,92.5172,300.0000,65.0625,64.9931,13908.97,0.797280,92.816358
1082.000,93.1224,300.0000,65.0000,64.9932,13912.93,0.797961,92.823162
1082.100,93.1224,300.0000,64.9375,64.9932,13916.62,0.798597,92.823162
1082.200,93.1224,300.0000,64.9375,64.9933,13920.07,0.799191,92.823162
1082.300,93.1224,300.0000,64.8750,64.9933,13923.29,0.799746,92.823162
1082.400,93.1224,300.0000,64.9375,64.9932,13926.29,0.800263,92.823162
1082.500,93.1224,300.0000,65.0000,64.9932,13929.10,0.800747,92.823162
1082.600,93.1224,300.0000,64.9375,64.9931,13931.72,0.801198,92.823162
1082.700,93.1224,300.0000,64.9375,64.9930,13934.16,0.801620,92.823162
1082.800,93.1224,300.0000,65.0000,64.9929,13936.44,0.802013,92.823162
1082.900,93.1224,300.0000,64.9375,64.9928,13938.57,0.802381,92.823162
1083.000,92.5172,300.0000,64.9375,64.9927,13934.50,0.801679,92.816358
1083.100,92.5172,300.0000,64.9375,64.9926,13930.70,0.801024,92.816358
1083.200,92.5172,300.0000,64.9375,64.9926,13927.16,0.800413,92.816358
1083.300,92.5172,300.0000,65.0000,64.9926,13923.86,0.799843,92.816358
1083.400,92.5172,300.0000,65.1250,64.9926,13920.77,0.799312,92.816358
1083.500,92.5172,300.0000,65.0000,64.9926,13917.89,0.798816,92.816358
1083.600,92.5172,300.0000,65.0625,64.9927,13915.20,0.798353,92.816358
1083.700,92.5172,300.0000,65.0000,64.9928,13912.70,0.797921,92.816358
1083.800,92.5172,300.0000,65.0000,64.9929,13910.35,0.797518,92.816358
1083.900,92.5172,300.0000,65.0000,64.9930,13908.17,0.797143,92.816358
1084.000,92.8164,300.0000,65.0000,64.9931,13909.12,0.797306,92.816358
1084.100,92.8164,300.0000,64.9375,64.9932,13910.01,0.797459,92.816358
1084.200,92.8164,300.0000,65.0625,64.9933,13910.84,0.797602,92.816358
1084.300,92.8164,300.0000,65.0625,64.9934,13911.61,0.797735,92.816358
1084.400,92.8164,300.0000,65.0000,64.9935,13912.34,0.797859,92.816358
1084.500,92.8164,300.0000,65.0000,64.9936,13913.01,0.797976,92.816358
1084.600,92.8164,300.0000,65.0625,64.9937,13913.64,0.798084,92.816358
1084.700,92.8164,300.0000,64.9375,64.9937,13914.23,0.798185,92.816358
1084.800,92.8164,300.0000,64.9375,64.9938,13914.78,0.798279,92.816358
1084.900,92.8164,300.0000,65.0000,64.9939,13915.29,0.798367,92.816358
1085.000,92.8164,300.0000,64.8750,64.9939,13915.77,0.798450,92.816358
1085.100,92.8164,300.0000,65.0000,64.9940,13916.21,0.798526,92.816358
1085.200,92.8164,300.0000,65.0625,64.9940,13916.63,0.798598,92.816358
1085.300,92.8164,300.0000,65.0625,64.9941,13917.02,0.798665,92.816358
1085.400,92.8164,300.0000,65.0000,64.9941,13917.38,0.798727,92.816358
1085.500,92.8164,300.0000,65.0625,64.9942,13917.72,0.798786,92.816358
1085.600,92.8164,300.0000,65.0000,64.9942,13918.03,0.798840,92.816358
1085.700,92.8164,300.0000,64.9375,64.9942,13918.33,0.798891,92.816358
1085.800,92.8164,300.0000,65.0000,64.9943,13918.60,0.798938,92.816358
1085.900,92.8164,300.0000,65.0625,64.9943,13918.86,0.798982,92.816358
1086.000,93.1224,300.0000,65.0000,64.9943,13922.16,0.799551,92.823162
1086.100,93.1224,300.0000,65.0625,64.9943,13925.24,0.800081,92.823162
1086.200,93.1224,300.0000,65.0000,64.9942,13928.11,0.800577,92.823162
1086.300,93.1224,300.0000,65.0000,64.9942,13930.80,0.801040,92.823162
1086.400,93.1224,300.0000,65.0000,64.9941,13933.30,0.801472,92.823162
1086.500,93.1224,300.0000,65.0625,64.9940,13935.64,0.801875,92.823162
1086.600,93.1224,300.0000,65.0625,64.9938,13937.82,0.802252,92.823162
1086.700,93.1224,300.0000,65.0625,64.9937,13939.85,0.802603,92.823162
1086.800,93.1224,300.0000,65.0625,64.9935,13941.75,0.802931,92.823162
1086.900,93.1224,300.0000,65.0625,64.9934,13943.53,0.803238,92.823162
1087.000,93.1292,300.0000,65.0000,64.9932,13945.25,0.803536,92.829966
1087.100,93.1292,300.0000,64.8750,64.9930,13946.86,0.803814,92.829966
1087.200,93.1292,300.0000,65.0000,64.9928,13948.36,0.804073,92.829966
1087.300,93.1292,300.0000,64.9375,64.9925,13949.76,0.804316,92.829966
1087.400,93.1292,300.0000,65.0625,64.9923,13951.07,0.804542,92.829966
1087.500,93.1292,300.0000,64.9375,64.9921,13952.29,0.804753,92.829966
1087.600,93.1292,300.0000,65.0000,64.9918,13953.43,0.804950,92.829966
1087.700,93.1292,300.0000,65.0625,64.9916,13954.49,0.805134,92.829966
1087.800,93.1292,300.0000,64.9375,64.9913,13955.48,0.805306,92.829966
1087.900,93.1292,300.0000,65.0000,64.9910,13956.41,0.805466,92.829966
1088.000,92.8300,300.0000,64.8750,64.9908,13954.28,0.805098,92.829966
1088.100,92.8300,300.0000,65.0000,64.9905,13952.30,0.804754,92.829966
1088.200,92.8300,300.0000,65.0625,64.9903,13950.44,0.804433,92.829966
1088.300,92.8300,300.0000,65.0000,64.9901,13948.71,0.804134,92.829966
1088.400,92.8300,300.0000,65.0000,64.9899,13947.10,0.803855,92.829966
1088.500,92.8300,300.0000,64.9375,64.9897,13945.59,0.803595,92.829966
1088.600,92.8300,300.0000,64.9375,64.9895,13944.18,0.803351,92.829966
1088.700,92.8300,300.0000,65.0000,64.9894,13942.87,0.803125,92.829966
1088.800,92.8300,300.0000,65.0000,64.9892,13941.65,0.802913,92.829966
1088.900,92.8300,300.0000,64.9375,64.9891,13940.50,0.802715,92.829966
1089.000,92.5240,300.0000,65.0000,64.9890,13936.38,0.802003,92.823162
1089.100,92.5240,300.0000,65.0625,64.9889,13932.52,0.801338,92.823162
1089.200,92.5240,300.0000,65.0000,64.9889,13928.93,0.800718,92.823162
1089.300,92.5240,300.0000,64.9375,64.9889,13925.57,0.800139,92.823162
1089.400,92.5240,300.0000,65.0000,64.9889,13922.44,0.799599,92.823162
1089.500,92.5240,300.0000,65.0000,64.9889,13919.52,0.799096,92.823162
1089.600,92.5240,300.0000,65.0000,64.9890,13916.79,0.798626,92.823162
1089.700,92.5240,300.0000,65.0000,64.9891,13914.24,0.798188,92.823162
1089.800,92.5240,300.0000,65.0625,64.9892,13911.87,0.797779,92.823162
1089.900,92.5240,300.0000,65.0000,64.9893,13909.65,0.797397,92.823162
1090.000,92.8232,300.0000,65.0000,64.9894,13910.57,0.797556,92.823162
1090.100,92.8232,300.0000,65.0000,64.9895,13911.43,0.797704,92.823162
1090.200,92.8232,300.0000,65.0625,64.9896,13912.23,0.797842,92.823162
1090.300,92.8232,300.0000,65.0000,64.9897,13912.98,0.797971,92.823162
1090.400,92.8232,300.0000,65.0000,64.9898,13913.68,0.798091,92.823162
1090.500,92.8232,300.0000,65.0000,64.9898,13914.34,0.798203,92.823162
1090.600,92.8232,300.0000,64.9375,64.9899,13914.94,0.798308,92.823162
1090.700,92.8232,300.0000,64.9375,64.9900,13915.51,0.798406,92.823162
1090.800,92.8232,300.0000,65.0000,64.9901,13916.04,0.798498,92.823162
1090.900,92.8232,300.0000,65.0000,64.9901,13916.54,0.798583,92.823162
1091.000,92.8232,300.0000,65.0625,64.9902,13917.00,0.798662,92.823162
1091.100,92.8232,300.0000,65.1250,64.9902,13917.43,0.798737,92.823162
1091.200,92.8232,300.0000,64.9375,64.9903,13917.84,0.798806,92.823162
1091.300,92.8232,300.0000,65.0000,64.9903,13918.21,0.798871,92.823162
1091.400,92.8232,300.0000,65.0000,64.9904,13918.56,0.798931,92.823162
1091.500,92.8232,300.0000,64.9375,64.9904,13918.89,0.798988,92.823162
1091.600,92.8232,300.0000,65.0000,64.9904,13919.20,0.799040,92.823162
1091.700,92.8232,300.0000,65.0625,64.9905,13919.48,0.799089,92.823162
1091.800,92.8232,300.0000,65.1250,64.9905,13919.75,0.799135,92.823162
1091.900,92.8232,300.0000,64.9375,64.9905,13920.00,0.799178,92.823162
1092.000,92.5172,300.0000,65.0000,64.9906,13917.17,0.798691,92.816358
1092.100,92.5172,300.0000,65.0000,64.9907,13914.53,0.798237,92.816358
1092.200,92.5172,300.0000,65.0000,64.9908,13912.06,0.797813,92.816358
1092.300,92.5172,300.0000,65.0625,64.9909,13909.77,0.797417,92.816358
1092.400,92.5172,300.0000,65.0000,64.9910,13907.62,0.797048,92.816358
1092.500,92.5172,300.0000,65.1250,64.9911,13905.62,0.796704,92.816358
1092.600,92.5172,300.0000,65.0625,64.9913,13903.75,0.796383,92.816358
1092.700,92.5172,300.0000,65.1250,64.9915,13902.00,0.796083,92.816358
1092.800,92.5172,300.0000,65.0625,64.9917,13900.37,0.795803,92.816358
1092.900,92.5172,300.0000,65.0000,64.9919,13898.85,0.795542,92.816358
1093.000,92.8164,300.0000,65.0000,64.9921,13900.43,0.795812,92.816358
1093.100,92.8164,300.0000,65.0000,64.9922,13901.90,0.796064,92.816358
1093.200,92.8164,300.0000,65.0625,64.9924,13903.27,0.796300,92.816358
1093.300,92.8164,300.0000,65.0000,64.9926,13904.54,0.796520,92.816358
1093.400,92.8164,300.0000,64.9375,64.9927,13905.74,0.796725,92.816358
1093.500,92.8164,300.0000,64.9375,64.9928,13906.85,0.796917,92.816358
1093.600,92.8164,300.0000,65.0000,64.9930,13907.89,0.797095,92.816358
1093.700,92.8164,300.0000,65.0625,64.9931,13908.86,0.797262,92.816358
1093.800,92.8164,300.0000,65.0000,64.9932,13909.77,0.797418,92.816358
1093.900,92.8164,300.0000,65.0000,64.9933,13910.62,0.797563,92.816358
1094.000,92.8164,300.0000,65.0000,64.9934,13911.40,0.797699,92.816358
1094.100,92.8164,300.0000,65.0000,64.9935,13912.14,0.797826,92.816358
1094.200,92.8164,300.0000,65.0000,64.9936,13912.83,0.797944,92.816358
1094.300,92.8164,300.0000,64.9375,64.9936,13913.47,0.798055,92.816358
1094.400,92.8164,300.0000,65.0000,64.9937,13914.07,0.798158,92.816358
1094.500,92.8164,300.0000,65.0625,64.9938,13914.63,0.798254,92.816358
1094.600,92.8164,300.0000,64.9375,64.9938,13915.15,0.798344,92.816358
1094.700,92.8164,300.0000,65.0625,64.9939,13915.64,0.798427,92.816358
1094.800,92.8164,300.0000,65.0000,64.9940,13916.09,0.798506,92.816358
1094.900,92.8164,300.0000,64.9375,64.9940,13916.52,0.798579,92.816358
1095.000,92.5104,300.0000,65.0625,64.9941,13913.85,0.798120,92.809553
1095.100,92.5104,300.0000,65.0625,64.9942,13911.36,0.797692,92.809553
1095.200,92.5104,300.0000,64.9375,64.9943,13909.04,0.797293,92.809553
1095.300,92.5104,300.0000,65.0000,64.9944,13906.88,0.796921,92.809553
1095.400,92.5104,300.0000,64.9375,64.9946,13904.86,0.796573,92.809553
1095.500,92.5104,300.0000,65.0000,64.9947,13902.97,0.796249,92.809553
1095.600,92.5104,300.0000,64.9375,64.9949,13901.21,0.795947,92.809553
1095.700,92.5104,300.0000,64.9375,64.9951,13899.56,0.795664,92.809553
1095.800,92.5104,300.0000,65.0625,64.9953,13898.03,0.795401,92.809553
1095.900,92.5104,300.0000,65.0000,64.9955,13896.60,0.795155,92.809553
1096.000,92.8096,300.0000,65.0000,64.9957,13898.25,0.795439,92.809553
1096.100,92.8096,300.0000,64.9375,64.9959,13899.80,0.795705,92.809553
1096.200,92.8096,300.0000,64.9375,64.9961,13901.24,0.795952,92.809553
1096.300,92.8096,300.0000,65.0000,64.9962,13902.59,0.796184,92.809553
1096.400,92.8096,300.0000,65.0625,64.9964,13903.84,0.796399,92.809553
1096.500,92.8096,300.0000,65.0000,64.9965,13905.02,0.796601,92.809553
1096.600,92.8096,300.0000,65.0000,64.9966,13906.11,0.796789,92.809553
1096.700,92.8096,300.0000,64.9375,64.9968,13907.13,0.796965,92.809553
1096.800,92.8096,300.0000,65.0625,64.9969,13908.09,0.797129,92.809553
1096.900,92.8096,300.0000,64.9375,64.9970,13908.98,0.797282,92.809553
1097.000,92.5036,300.0000,64.9375,64.9971,13906.75,0.796898,92.802749
1097.100,92.5036,300.0000,65.0625,64.9973,13904.67,0.796541,92.802749
1097.200,92.5036,300.0000,65.0000,64.9974,13902.72,0.796207,92.802749
1097.300,92.5036,300.0000,64.9375,64.9976,13900.91,0.795895,92.802749
1097.400,92.5036,300.0000,64.9375,64.9978,13899.22,0.795605,92.802749
1097.500,92.5036,300.0000,65.0000,64.9980,13897.64,0.795334,92.802749
1097.600,92.5036,300.0000,64.9375,64.9982,13896.17,0.795081,92.802749
1097.700,92.5036,300.0000,65.0625,64.9984,13894.79,0.794845,92.802749
1097.800,92.5036,300.0000,64.9375,64.9986,13893.51,0.794624,92.802749
1097.900,92.5036,300.0000,65.0000,64.9989,13892.31,0.794419,92.802749
1098.000,92.8027,300.0000,65.0000,64.9991,13894.18,0.794740,92.802749
1098.100,92.8027,300.0000,65.0625,64.9993,13895.93,0.795040,92.802749
1098.200,92.8027,300.0000,65.0625,64.9995,13897.56,0.795320,92.802749
1098.300,92.8027,300.0000,65.0000,64.9997,13899.09,0.795582,92.802749
1098.400,92.8027,300.0000,65.0000,64.9999,13900.51,0.795826,92.802749
1098.500,92.8027,300.0000,65.0000,65.0000,13901.83,0.796054,92.802749
1098.600,92.8027,300.0000,64.9375,65.0002,13903.07,0.796267,92.802749
1098.700,92.8027,300.0000,65.0625,65.0003,13904.23,0.796466,92.802749
1098.800,92.8027,300.0000,65.0000,65.0004,13905.31,0.796651,92.802749
1098.900,92.8027,300.0000,64.9375,65.0006,13906.32,0.796824,92.802749
1099.000,92.4967,300.0000,64.9375,65.0007,13904.19,0.796460,92.795945
1099.100,92.4967,300.0000,64.9375,65.0009,13902.22,0.796120,92.795945
1099.200,92.4967,300.0000,65.0000,65.0010,13900.37,0.795802,92.795945
1099.300,92.4967,300.0000,65.0000,65.0012,13898.65,0.795506,92.795945
1099.400,92.4967,300.0000,65.0625,65.0014,13897.04,0.795230,92.795945
1099.500,92.4967,300.0000,65.0000,65.0016,13895.53,0.794972,92.795945
1099.600,92.4967,300.0000,65.0000,65.0018,13894.13,0.794732,92.795945
1099.700,92.4967,300.0000,65.0000,65.0021,13892.83,0.794507,92.795945
1099.800,92.4967,300.0000,65.0000,65.0023,13891.60,0.794298,92.795945
1099.900,92.4967,300.0000,65.0000,65.0026,13890.47,0.794103,92.795945
1100.000,92.7959,300.0000,65.0000,65.0028,13892.39,0.794433,92.795945
1100.100,92.7959,300.0000,65.0000,65.0030,13894.19,0.794742,92.795945
1100.200,92.7959,300.0000,64.9375,65.0032,13895.87,0.795030,92.795945
1100.300,92.7959,300.0000,64.9375,65.0034,13897.44,0.795300,92.795945
1100.400,92.7959,300.0000,64.9375,65.0036,13898.90,0.795551,92.795945
1100.500,92.7959,300.0000,65.1250,65.0037,13900.27,0.795785,92.795945
1100.600,92.7959,300.0000,65.0625,65.0039,13901.55,0.796004,92.795945
1100.700,92.7959,300.0000,64.9375,65.0040,13902.73,0.796209,92.795945
1100.800,92.7959,300.0000,65.1250,65.0042,13903.85,0.796400,92.795945
1100.900,92.7959,300.0000,65.0625,65.0043,13904.88,0.796578,92.795945
1101.000,93.1019,300.0000,65.0000,65.0044,13908.91,0.797270,92.802749
1101.100,93.1019,300.0000,64.9375,65.0044,13912.67,0.797917,92.802749
1101.200,93.1019,300.0000,65.0000,65.0045,13916.18,0.798520,92.802749
1101.300,93.1019,300.0000,65.0000,65.0045,13919.45,0.799084,92.802749
1101.400,93.1019,300.0000,65.0000,65.0045,13922.51,0.799611,92.802749
1101.500,93.1019,300.0000,65.1250,65.0044,13925.36,0.800102,92.802749
1101.600,93.1019,300.0000,65.0000,65.0043,13928.02,0.800561,92.802749
1101.700,93.1019,300.0000,64.9375,65.0043,13930.51,0.800990,92.802749
1101.800,93.1019,300.0000,65.0000,65.0041,13932.82,0.801390,92.802749
1101.900,93.1019,300.0000,65.0625,65.0040,13934.99,0.801763,92.802749
1102.000,93.1087,300.0000,65.0625,65.0039,13937.08,0.802124,92.809553
1102.100,93.1087,300.0000,65.0625,65.0037,13939.03,0.802460,92.809553
1102.200,93.1087,300.0000,65.0000,65.0035,13940.85,0.802775,92.809553
1102.300,93.1087,300.0000,65.0000,65.0034,13942.54,0.803068,92.809553
1102.400,93.1087,300.0000,65.0625,65.0032,13944.13,0.803342,92.809553
1102.500,93.1087,300.0000,65.0000,65.0030,13945.61,0.803597,92.809553
1102.600,93.1087,300.0000,64.9375,65.0027,13946.99,0.803836,92.809553
1102.700,93.1087,300.0000,64.9375,65.0025,13948.28,0.804059,92.809553
1102.800,93.1087,300.0000,64.9375,65.0023,13949.48,0.804267,92.809553
1102.900,93.1087,300.0000,65.0000,65.0020,13950.60,0.804461,92.809553
1103.000,92.8096,300.0000,65.0000,65.0018,13948.66,0.804125,92.809553
1103.100,92.8096,300.0000,65.0000,65.0016,13946.84,0.803811,92.809553
1103.200,92.8096,300.0000,65.0000,65.0014,13945.15,0.803518,92.809553
1103.300,92.8096,300.0000,65.0000,65.0012,13943.57,0.803245,92.809553
1103.400,92.8096,300.0000,65.0625,65.0010,13942.09,0.802990,92.809553
1103.500,92.8096,300.0000,65.0625,65.0008,13940.71,0.802752,92.809553
1103.600,92.8096,300.0000,64.9375,65.0007,13939.43,0.802530,92.809553
1103.700,92.8096,300.0000,65.0000,65.0005,13938.23,0.802322,92.809553
1103.800,92.8096,300.0000,65.0000,65.0004,13937.11,0.802129,92.809553
1103.900,92.8096,300.0000,65.0000,65.0003,13936.06,0.801949,92.809553
1104.000,92.8096,300.0000,65.0000,65.0001,13935.09,0.801780,92.809553
1104.100,92.8096,300.0000,65.0000,65.0000,13934.18,0.801623,92.809553
1104.200,92.8096,300.0000,64.9375,64.9999,13933.33,0.801477,92.809553
1104.300,92.8096,300.0000,65.0625,64.9998,13932.54,0.801340,92.809553
1104.400,92.8096,300.0000,65.0000,64.9997,13931.80,0.801212,92.809553
1104.500,92.8096,300.0000,64.8750,64.9997,13931.10,0.801093,92.809553
1104.600,92.8096,300.0000,65.0000,64.9996,13930.46,0.800982,92.809553
1104.700,92.8096,300.0000,64.9375,64.9995,13929.86,0.800878,92.809553
1104.800,92.8096,300.0000,65.0625,64.9994,13929.30,0.800781,92.809553
1104.900,92.8096,300.0000,64.9375,64.9994,13928.77,0.800691,92.809553
1105.000,92.5036,300.0000,65.0625,64.9993,13925.22,0.800079,92.802749
1105.100,92.5036,300.0000,65.0000,64.9993,13921.91,0.799508,92.802749
1105.200,92.5036,300.0000,65.0625,64.9994,13918.82,0.798975,92.802749
1105.300,92.5036,300.0000,65.0625,64.9994,13915.93,0.798478,92.802749
1105.400,92.5036,300.0000,64.9375,64.9995,13913.24,0.798015,92.802749
1105.500,92.5036,300.0000,64.9375,64.9996,13910.73,0.797582,92.802749
1105.600,92.5036,300.0000,64.9375,64.9997,13908.38,0.797179,92.802749
1105.700,92.5036,300.0000,65.0000,64.9998,13906.19,0.796802,92.802749
1105.800,92.5036,300.0000,65.0000,64.9999,13904.15,0.796451,92.802749
1105.900,92.5036,300.0000,64.9375,65.0001,13902.24,0.796123,92.802749
1106.000,92.4967,300.0000,65.1250,65.0003,13900.39,0.795806,92.795945
1106.100,92.4967,300.0000,64.9375,65.0004,13898.66,0.795510,92.795945
1106.200,92.4967,300.0000,65.0625,65.0006,13897.05,0.795233,92.795945
1106.300,92.4967,300.0000,65.0000,65.0009,13895.55,0.794975,92.795945
1106.400,92.4967,300.0000,65.0625,65.0011,13894.15,0.794735,92.795945
1106.500,92.4967,300.0000,65.1250,65.0013,13892.84,0.794510,92.795945
1106.600,92.4967,300.0000,65.0625,65.0015,13891.62,0.794300,92.795945
1106.700,92.4967,300.0000,65.0000,65.0018,13890.48,0.794105,92.795945
1106.800,92.4967,300.0000,64.9375,65.0021,13889.41,0.793922,92.795945
1106.900,92.4967,300.0000,65.0000,65.0023,13888.42,0.793752,92.795945
1107.000,92.7959,300.0000,65.0625,65.0026,13890.48,0.794106,92.795945
1107.100,92.7959,300.0000,65.0000,65.0028,13892.41,0.794436,92.795945
1107.200,92.7959,300.0000,65.0625,65.0030,13894.21,0.794745,92.795945
1107.300,92.7959,300.0000,65.0000,65.0032,13895.89,0.795033,92.795945
1107.400,92.7959,300.0000,65.0000,65.0034,13897.46,0.795302,92.795945
1107.500,92.7959,300.0000,65.0000,65.0036,13898.92,0.795553,92.795945
1107.600,92.7959,300.0000,65.0000,65.0037,13900.28,0.795788,92.795945
1107.700,92.7959,300.0000,65.0625,65.0039,13901.56,0.796006,92.795945
1107.800,92.7959,300.0000,65.0000,65.0040,13902.75,0.796211,92.795945
1107.900,92.7959,300.0000,65.0000,65.0042,13903.86,0.796401,92.795945
1108.000,92.7959,300.0000,64.9375,65.0043,13904.89,0.796579,92.795945
1108.100,92.7959,300.0000,64.9375,65.0044,13905.86,0.796746,92.795945
1108.200,92.7959,300.0000,64.9375,65.0045,13906.76,0.796901,92.795945
1108.300,92.7959,300.0000,65.0625,65.0046,13907.60,0.797045,92.795945
1108.400,92.7959,300.0000,65.0000,65.0047,13908.39,0.797181,92.795945
1108.500,92.7959,300.0000,64.9375,65.0048,13909.12,0.797307,92.795945
1108.600,92.7959,300.0000,65.0625,65.0049,13909.81,0.797424,92.795945
1108.700,92.7959,300.0000,64.9375,65.0050,13910.45,0.797534,92.795945
1108.800,92.7959,300.0000,65.0000,65.0050,13911.04,0.797637,92.795945
1108.900,92.7959,300.0000,64.9375,65.0051,13911.60,0.797733,92.795945
1109.000,92.4899,300.0000,65.0000,65.0052,13909.06,0.797296,92.789141
1109.100,92.4899,300.0000,65.0000,65.0053,13906.69,0.796888,92.789141
1109.200,92.4899,300.0000,65.0625,65.0054,13904.47,0.796508,92.789141
1109.300,92.4899,300.0000,65.0625,65.0056,13902.41,0.796153,92.789141
1109.400,92.4899,300.0000,65.0000,65.0057,13900.48,0.795822,92.789141
1109.500,92.4899,300.0000,65.0000,65.0059,13898.68,0.795513,92.789141
1109.600,92.4899,300.0000,65.0000,65.0061,13897.00,0.795224,92.789141
1109.700,92.4899,300.0000,65.0625,65.0063,13895.43,0.794955,92.789141
1109.800,92.4899,300.0000,65.0625,65.0065,13893.97,0.794704,92.789141
1109.900,92.4899,300.0000,64.9375,65.0067,13892.61,0.794470,92.789141
1110.000,92.4831,300.0000,65.0000,65.0070,13891.26,0.794240,92.782336
1110.100,92.4831,300.0000,64.9375,65.0072,13890.01,0.794025,92.782336
1110.200,92.4831,300.0000,65.0625,65.0075,13888.84,0.793824,92.782336
1110.300,92.4831,300.0000,64.9375,65.0077,13887.75,0.793637,92.782336
1110.400,92.4831,300.0000,65.0000,65.0080,13886.73,0.793462,92.782336
1110.500,92.4831,300.0000,65.0000,65.0083,13885.78,0.793300,92.782336
1110.600,92.4831,300.0000,65.0000,65.0085,13884.89,0.793147,92.782336
1110.700,92.4831,300.0000,65.0000,65.0088,13884.07,0.793006,92.782336
1110.800,92.4831,300.0000,65.0625,65.0091,13883.29,0.792873,92.782336
1110.900,92.4831,300.0000,65.0625,65.0094,13882.57,0.792749,92.782336
1111.000,93.0883,300.0000,65.0625,65.0097,13887.95,0.793671,92.789141
1111.100,93.0883,300.0000,65.0000,65.0099,13892.97,0.794532,92.789141
1111.200,93.0883,300.0000,65.0625,65.0101,13897.66,0.795336,92.789141
1111.300,93.0883,300.0000,64.9375,65.0102,13902.03,0.796087,92.789141
1111.400,93.0883,300.0000,65.0000,65.0103,13906.11,0.796789,92.789141
1111.500,93.0883,300.0000,65.0000,65.0104,13909.92,0.797444,92.789141
1111.600,93.0883,300.0000,65.0000,65.0104,13913.47,0.798055,92.789141
1111.700,93.0883,300.0000,65.0625,65.0104,13916.79,0.798627,92.789141
1111.800,93.0883,300.0000,65.0625,65.0104,13919.89,0.799160,92.789141
1111.900,93.0883,300.0000,64.9375,65.0104,13922.78,0.799658,92.789141
1112.000,92.4831,300.0000,65.0625,65.0104,13919.43,0.799080,92.782336
1112.100,92.4831,300.0000,65.0000,65.0104,13916.30,0.798541,92.782336
1112.200,92.4831,300.0000,65.0625,65.0104,13913.37,0.798038,92.782336
1112.300,92.4831,300.0000,65.0625,65.0105,13910.65,0.797569,92.782336
1112.400,92.4831,300.0000,65.0000,65.0106,13908.10,0.797131,92.782336
1112.500,92.4831,300.0000,64.9375,65.0107,13905.73,0.796723,92.782336
1112.600,92.4831,300.0000,65.0000,65.0108,13903.51,0.796342,92.782336
1112.700,92.4831,300.0000,65.0000,65.0109,13901.44,0.795986,92.782336
1112.800,92.4831,300.0000,65.0000,65.0111,13899.51,0.795655,92.782336
1112.900,92.4831,300.0000,65.0000,65.0112,13897.71,0.795345,92.782336
1113.000,92.7823,300.0000,65.0000,65.0114,13899.02,0.795570,92.782336
1113.100,92.7823,300.0000,65.0000,65.0115,13900.24,0.795780,92.782336
1113.200,92.7823,300.0000,64.8750,65.0117,13901.38,0.795976,92.782336
1113.300,92.7823,300.0000,65.0625,65.0118,13902.44,0.796159,92.782336
1113.400,92.7823,300.0000,65.0625,65.0119,13903.44,0.796330,92.782336
1113.500,92.7823,300.0000,65.0000,65.0120,13904.37,0.796489,92.782336
1113.600,92.7823,300.0000,64.9375,65.0121,13905.23,0.796638,92.782336
1113.700,92.7823,300.0000,65.0000,65.0122,13906.04,0.796777,92.782336
1113.800,92.7823,300.0000,65.0000,65.0123,13906.79,0.796906,92.782336
1113.900,92.7823,300.0000,65.0000,65.0124,13907.50,0.797027,92.782336
1114.000,92.7823,300.0000,65.0000,65.0125,13908.15,0.797140,92.782336
1114.100,92.7823,300.0000,65.0000,65.0126,13908.77,0.797246,92.782336
1114.200,92.7823,300.0000,65.1250,65.0126,13909.34,0.797344,92.782336
1114.300,92.7823,300.0000,65.0000,65.0127,13909.87,0.797436,92.782336
1114.400,92.7823,300.0000,64.9375,65.0128,13910.37,0.797522,92.782336
1114.500,92.7823,300.0000,65.0000,65.0128,13910.84,0.797602,92.782336
1114.600,92.7823,300.0000,65.0625,65.0129,13911.27,0.797676,92.782336
1114.700,92.7823,300.0000,65.1250,65.0129,13911.68,0.797746,92.782336
1114.800,92.7823,300.0000,65.0625,65.0130,13912.05,0.797811,92.782336
1114.900,92.7823,300.0000,65.0000,65.0130,13912.41,0.797872,92.782336
1115.000,92.7823,300.0000,65.0000,65.0131,13912.74,0.797929,92.782336
1115.100,92.7823,300.0000,65.0000,65.0131,13913.04,0.797981,92.782336
1115.200,92.7823,300.0000,65.0000,65.0131,13913.33,0.798031,92.782336
1115.300,92.7823,300.0000,65.1250,65.0132,13913.60,0.798077,92.782336
1115.400,92.7823,300.0000,65.0000,65.0132,13913.85,0.798120,92.782336
1115.500,92.7823,300.0000,64.9375,65.0132,13914.08,0.798160,92.782336
1115.600,92.7823,300.0000,65.0000,65.0132,13914.30,0.798198,92.782336
1115.700,92.7823,300.0000,65.0000,65.0133,13914.50,0.798233,92.782336
1115.800,92.7823,300.0000,65.0625,65.0133,13914.69,0.798265,92.782336
1115.900,92.7823,300.0000,65.0625,65.0133,13914.87,0.798296,92.782336
1116.000,93.0883,300.0000,65.0625,65.0133,13918.10,0.798851,92.789141
1116.100,93.0883,300.0000,65.0625,65.0133,13921.11,0.799369,92.789141
1116.200,93.0883,300.0000,64.9375,65.0132,13923.92,0.799853,92.789141
1116.300,93.0883,300.0000,65.0625,65.0132,13926.54,0.800305,92.789141
1116.400,93.0883,300.0000,65.0000,65.0131,13928.99,0.800727,92.789141
1116.500,93.0883,300.0000,65.0000,65.0129,13931.27,0.801121,92.789141
1116.600,93.0883,300.0000,65.0000,65.0128,13933.40,0.801489,92.789141
1116.700,93.0883,300.0000,64.9375,65.0127,13935.39,0.801833,92.789141
1116.800,93.0883,300.0000,65.0000,65.0125,13937.25,0.802153,92.789141
1116.900,93.0883,300.0000,65.0625,65.0123,13938.98,0.802453,92.789141
1117.000,93.0951,300.0000,65.0000,65.0121,13940.67,0.802744,92.795945
1117.100,93.0951,300.0000,65.0000,65.0119,13942.24,0.803016,92.795945
1117.200,93.0951,300.0000,65.0625,65.0117,13943.71,0.803270,92.795945
1117.300,93.0951,300.0000,65.0625,65.0115,13945.08,0.803506,92.795945
1117.400,93.0951,300.0000,65.0000,65.0113,13946.36,0.803728,92.795945
1117.500,93.0951,300.0000,64.9375,65.0110,13947.55,0.803934,92.795945
1117.600,93.0951,300.0000,65.0625,65.0108,13948.67,0.804127,92.795945
1117.700,93.0951,300.0000,65.0625,65.0105,13949.71,0.804307,92.795945
1117.800,93.0951,300.0000,65.0000,65.0102,13950.68,0.804475,92.795945
1117.900,93.0951,300.0000,64.9375,65.0099,13951.59,0.804631,92.795945
1118.000,92.4899,300.0000,65.0625,65.0097,13946.38,0.803731,92.789141
1118.100,92.4899,300.0000,65.0625,65.0095,13941.52,0.802891,92.789141
1118.200,92.4899,300.0000,65.0000,65.0094,13936.99,0.802108,92.789141
1118.300,92.4899,300.0000,65.0000,65.0093,13932.75,0.801377,92.789141
1118.400,92.4899,300.0000,64.9375,65.0092,13928.80,0.800696,92.789141
1118.500,92.4899,300.0000,65.0625,65.0091,13925.11,0.800060,92.789141
1118.600,92.4899,300.0000,65.1250,65.0091,13921.67,0.799467,92.789141
1118.700,92.4899,300.0000,64.9375,65.0091,13918.46,0.798914,92.789141
1118.800,92.4899,300.0000,65.0625,65.0091,13915.46,0.798398,92.789141
1118.900,92.4899,300.0000,65.0625,65.0092,13912.66,0.797916,92.789141
1119.000,93.0951,300.0000,65.0000,65.0092,13916.11,0.798508,92.795945
1119.100,93.0951,300.0000,65.0000,65.0092,13919.32,0.799061,92.795945
1119.200,93.0951,300.0000,65.0625,65.0091,13922.31,0.799577,92.795945
1119.300,93.0951,300.0000,65.0625,65.0091,13925.11,0.800059,92.795945
1119.400,93.0951,300.0000,65.0000,65.0090,13927.72,0.800509,92.795945
1119.500,93.0951,300.0000,65.0625,65.0089,13930.16,0.800930,92.795945
1119.600,93.0951,300.0000,65.0000,65.0088,13932.43,0.801322,92.795945
1119.700,93.0951,300.0000,65.0000,65.0087,13934.55,0.801688,92.795945
1119.800,93.0951,300.0000,65.0625,65.0085,13936.54,0.802030,92.795945
1119.900,93.0951,300.0000,65.0000,65.0084,13938.38,0.802349,92.795945
1120.000,92.7959,300.0000,65.0625,65.0082,13937.12,0.802131,92.795945
1120.100,92.7959,300.0000,65.0000,65.0081,13935.94,0.801927,92.795945
1120.200,92.7959,300.0000,65.0000,65.0079,13934.83,0.801736,92.795945
1120.300,92.7959,300.0000,65.0000,65.0078,13933.80,0.801559,92.795945
1120.400,92.7959,300.0000,65.0625,65.0077,13932.84,0.801393,92.795945
1120.500,92.7959,300.0000,65.0625,65.0076,13931.95,0.801238,92.795945
1120.600,92.7959,300.0000,64.9375,65.0075,13931.11,0.801094,92.795945
1120.700,92.7959,300.0000,64.8750,65.0074,13930.33,0.800959,92.795945
1120.800,92.7959,300.0000,65.0625,65.0073,13929.60,0.800833,92.795945
1120.900,92.7959,300.0000,65.0000,65.0072,13928.92,0.800716,92.795945
1121.000,92.7959,300.0000,65.0000,65.0072,13928.28,0.800606,92.795945
1121.100,92.7959,300.0000,65.0000,65.0071,13927.69,0.800504,92.795945
1121.200,92.7959,300.0000,64.9375,65.0070,13927.14,0.800409,92.795945
1121.300,92.7959,300.0000,65.1250,65.0070,13926.62,0.800320,92.795945
1121.400,92.7959,300.0000,65.0000,65.0069,13926.14,0.800237,92.795945
1121.500,92.7959,300.0000,65.0000,65.0068,13925.69,0.800159,92.795945
1121.600,92.7959,300.0000,64.9375,65.0068,13925.27,0.800087,92.795945
1121.700,92.7959,300.0000,65.0625,65.0067,13924.88,0.800019,92.795945
1121.800,92.7959,300.0000,64.9375,65.0067,13924.51,0.799956,92.795945
1121.900,92.7959,300.0000,65.0000,65.0067,13924.17,0.799897,92.795945
1122.000,92.7959,300.0000,65.1250,65.0066,13923.85,0.799842,92.795945
1122.100,92.7959,300.0000,64.9375,65.0066,13923.55,0.799791,92.795945
1122.200,92.7959,300.0000,65.0625,65.0066,13923.28,0.799743,92.795945
1122.300,92.7959,300.0000,65.0000,65.0065,13923.02,0.799699,92.795945
1122.400,92.7959,300.0000,65.0625,65.0065,13922.78,0.799657,92.795945
1122.500,92.7959,300.0000,65.0000,65.0065,13922.55,0.799618,92.795945
1122.600,92.7959,300.0000,65.0000,65.0064,13922.34,0.799582,92.795945
1122.700,92.7959,300.0000,65.0000,65.0064,13922.14,0.799548,92.795945
1122.800,92.7959,300.0000,65.0000,65.0064,13921.96,0.799516,92.795945
1122.900,92.7959,300.0000,65.0000,65.0064,13921.79,0.799487,92.795945
1123.000,92.7959,300.0000,64.9375,65.0064,13921.63,0.799459,92.795945
1123.100,92.7959,300.0000,65.0625,65.0063,13921.48,0.799434,92.795945
1123.200,92.7959,300.0000,64.9375,65.0063,13921.34,0.799410,92.795945
1123.300,92.7959,300.0000,65.0000,65.0063,13921.21,0.799387,92.795945
1123.400,92.7959,300.0000,65.1250,65.0063,13921.09,0.799366,92.795945
1123.500,92.7959,300.0000,65.0625,65.0063,13920.98,0.799347,92.795945
1123.600,92.7959,300.0000,64.9375,65.0063,13920.87,0.799329,92.795945
1123.700,92.7959,300.0000,65.0625,65.0063,13920.77,0.799312,92.795945
1123.800,92.7959,300.0000,65.0625,65.0062,13920.68,0.799296,92.795945
1123.900,92.7959,300.0000,65.0000,65.0062,13920.59,0.799281,92.795945
1124.000,92.7959,300.0000,64.9375,65.0062,13920.51,0.799267,92.795945
1124.100,92.7959,300.0000,64.9375,65.0062,13920.44,0.799254,92.795945
1124.200,92.7959,300.0000,65.0000,65.0062,13920.37,0.799242,92.795945
1124.300,92.7959,300.0000,65.0000,65.0062,13920.30,0.799231,92.795945
1124.400,92.7959,300.0000,65.0000,65.0062,13920.24,0.799221,92.795945
1124.500,92.7959,300.0000,65.0000,65.0062,13920.19,0.799211,92.795945
1124.600,92.7959,300.0000,65.0000,65.0062,13920.13,0.799202,92.795945
1124.700,92.7959,300.0000,65.0625,65.0062,13920.08,0.799193,92.795945
1124.800,92.7959,300.0000,65.0000,65.0062,13920.04,0.799185,92.795945
1124.900,92.7959,300.0000,64.9375,65.0062,13919.99,0.799178,92.795945
1125.000,92.4899,300.0000,64.9375,65.0062,13916.89,0.798644,92.789141
1125.100,92.4899,300.0000,65.0625,65.0062,13914.00,0.798146,92.789141
1125.200,92.4899,300.0000,65.0000,65.0063,13911.30,0.797681,92.789141
1125.300,92.4899,300.0000,64.9375,65.0064,13908.78,0.797248,92.789141
1125.400,92.4899,300.0000,65.0000,65.0065,13906.43,0.796843,92.789141
1125.500,92.4899,300.0000,65.0000,65.0066,13904.23,0.796466,92.789141
1125.600,92.4899,300.0000,65.0625,65.0068,13902.18,0.796114,92.789141
1125.700,92.4899,300.0000,65.0625,65.0069,13900.27,0.795785,92.789141
1125.800,92.4899,300.0000,65.0625,65.0071,13898.48,0.795479,92.789141
1125.900,92.4899,300.0000,65.0000,65.0073,13896.82,0.795193,92.789141
1126.000,92.7891,300.0000,65.0000,65.0074,13898.26,0.795439,92.789141
1126.100,92.7891,300.0000,65.0000,65.0076,13899.60,0.795670,92.789141
1126.200,92.7891,300.0000,65.0625,65.0078,13900.85,0.795885,92.789141
1126.300,92.7891,300.0000,65.0000,65.0079,13902.02,0.796085,92.789141
1126.400,92.7891,300.0000,65.0000,65.0080,13903.11,0.796273,92.789141
1126.500,92.7891,300.0000,65.0000,65.0082,13904.12,0.796447,92.789141
1126.600,92.7891,300.0000,65.0000,65.0083,13905.07,0.796611,92.789141
1126.700,92.7891,300.0000,65.0000,65.0084,13905.96,0.796763,92.789141
1126.800,92.7891,300.0000,64.9375,65.0085,13906.79,0.796905,92.789141
1126.900,92.7891,300.0000,65.0000,65.0086,13907.56,0.797038,92.789141
1127.000,92.7891,300.0000,65.0000,65.0087,13908.28,0.797162,92.789141
1127.100,92.7891,300.0000,65.0625,65.0087,13908.95,0.797278,92.789141
1127.200,92.7891,300.0000,65.0000,65.0088,13909.58,0.797386,92.789141
1127.300,92.7891,300.0000,65.0625,65.0089,13910.17,0.797486,92.789141
1127.400,92.7891,300.0000,65.0000,65.0089,13910.71,0.797580,92.789141
1127.500,92.7891,300.0000,65.0000,65.0090,13911.22,0.797668,92.789141
1127.600,92.7891,300.0000,65.0000,65.0091,13911.70,0.797750,92.789141
1127.700,92.7891,300.0000,64.9375,65.0091,13912.15,0.797827,92.789141
1127.800,92.7891,300.0000,65.0625,65.0092,13912.56,0.797898,92.789141
1127.900,92.7891,300.0000,64.9375,65.0092,13912.95,0.797965,92.789141
1128.000,92.4831,300.0000,64.9375,65.0093,13910.25,0.797501,92.782336
1128.100,92.4831,300.0000,65.0000,65.0094,13907.73,0.797067,92.782336
1128.200,92.4831,300.0000,65.0000,65.0095,13905.38,0.796663,92.782336
1128.300,92.4831,300.0000,65.0000,65.0096,13903.19,0.796286,92.782336
1128.400,92.4831,300.0000,65.0000,65.0098,13901.14,0.795935,92.782336
1128.500,92.4831,300.0000,65.0625,65.0099,13899.23,0.795606,92.782336
1128.600,92.4831,300.0000,65.0625,65.0101,13897.44,0.795300,92.782336
1128.700,92.4831,300.0000,65.0625,65.0103,13895.78,0.795014,92.782336
1128.800,92.4831,300.0000,64.9375,65.0105,13894.23,0.794748,92.782336
1128.900,92.4831,300.0000,65.0000,65.0107,13892.77,0.794499,92.782336
1129.000,92.7823,300.0000,65.0000,65.0109,13894.41,0.794780,92.782336
1129.100,92.7823,300.0000,64.9375,65.0111,13895.94,0.795042,92.782336
1129.200,92.7823,300.0000,65.0000,65.0112,13897.37,0.795287,92.782336
1129.300,92.7823,300.0000,65.0625,65.0114,13898.70,0.795516,92.782336
1129.400,92.7823,300.0000,65.0000,65.0115,13899.94,0.795730,92.782336
1129.500,92.7823,300.0000,64.9375,65.0117,13901.11,0.795929,92.782336
1129.600,92.7823,300.0000,65.0000,65.0118,13902.19,0.796115,92.782336
1129.700,92.7823,300.0000,65.0000,65.0119,13903.20,0.796289,92.782336
1129.800,92.7823,300.0000,65.0000,65.0121,13904.14,0.796451,92.782336
1129.900,92.7823,300.0000,65.0000,65.0122,13905.02,0.796602,92.782336
1130.000,92.7823,300.0000,65.0000,65.0123,13905.84,0.796743,92.782336
1130.100,92.7823,300.0000,64.9375,65.0124,13906.61,0.796875,92.782336
1130.200,92.7823,300.0000,65.0000,65.0124,13907.33,0.796998,92.782336
1130.300,92.7823,300.0000,65.0000,65.0125,13908.00,0.797113,92.782336
1130.400,92.7823,300.0000,65.0625,65.0126,13908.62,0.797220,92.782336
1130.500,92.7823,300.0000,64.9375,65.0127,13909.20,0.797320,92.782336
1130.600,92.7823,300.0000,64.9375,65.0127,13909.74,0.797414,92.782336
1130.700,92.7823,300.0000,65.0000,65.0128,13910.25,0.797501,92.782336
1130.800,92.7823,300.0000,65.0625,65.0128,13910.73,0.797582,92.782336
1130.900,92.7823,300.0000,65.1250,65.0129,13911.17,0.797658,92.782336
1131.000,93.3943,300.0000,64.9375,65.0129,13917.70,0.798783,92.795945
1131.100,93.3943,300.0000,64.9375,65.0129,13923.80,0.799833,92.795945
1131.200,93.3943,300.0000,65.0000,65.0128,13929.49,0.800814,92.795945
1131.300,93.3943,300.0000,64.9375,65.0126,13934.80,0.801730,92.795945
1131.400,93.3943,300.0000,65.1250,65.0124,13939.75,0.802586,92.795945
1131.500,93.3943,300.0000,65.0000,65.0122,13944.38,0.803385,92.795945
1131.600,93.3943,300.0000,65.0625,65.0119,13948.70,0.804132,92.795945
1131.700,93.3943,300.0000,64.9375,65.0117,13952.73,0.804829,92.795945
1131.800,93.3943,300.0000,65.0000,65.0113,13956.49,0.805480,92.795945
1131.900,93.3943,300.0000,64.9375,65.0110,13960.00,0.806088,92.795945
1132.000,92.4899,300.0000,65.0000,65.0107,13954.23,0.805090,92.789141
1132.100,92.4899,300.0000,65.0000,65.0104,13948.85,0.804158,92.789141
1132.200,92.4899,300.0000,65.0000,65.0102,13943.83,0.803290,92.789141
1132.300,92.4899,300.0000,65.0000,65.0100,13939.14,0.802480,92.789141
1132.400,92.4899,300.0000,65.0625,65.0099,13934.76,0.801724,92.789141
1132.500,92.4899,300.0000,64.9375,65.0098,13930.68,0.801019,92.789141
1132.600,92.4899,300.0000,64.9375,65.0097,13926.86,0.800362,92.789141
1132.700,92.4899,300.0000,65.0000,65.0097,13923.31,0.799748,92.789141
1132.800,92.4899,300.0000,65.0625,65.0097,13919.99,0.799176,92.789141
1132.900,92.4899,300.0000,65.0000,65.0097,13916.89,0.798642,92.789141
1133.000,92.7891,300.0000,65.1250,65.0097,13916.98,0.798660,92.789141
1133.100,92.7891,300.0000,64.9375,65.0097,13917.08,0.798675,92.789141
1133.200,92.7891,300.0000,65.0000,65.0097,13917.16,0.798690,92.789141
1133.300,92.7891,300.0000,65.0625,65.0097,13917.24,0.798704,92.789141
1133.400,92.7891,300.0000,65.0625,65.0098,13917.32,0.798717,92.789141
1133.500,92.7891,300.0000,65.0000,65.0098,13917.39,0.798729,92.789141
1133.600,92.7891,300.0000,65.0000,65.0098,13917.45,0.798740,92.789141
1133.700,92.7891,300.0000,65.0625,65.0098,13917.52,0.798751,92.789141
1133.800,92.7891,300.0000,65.0000,65.0098,13917.57,0.798761,92.789141
1133.900,92.7891,300.0000,64.9375,65.0098,13917.63,0.798770,92.789141
1134.000,92.4831,300.0000,64.9375,65.0098,13914.62,0.798252,92.782336
1134.100,92.4831,300.0000,65.1250,65.0099,13911.81,0.797768,92.782336
1134.200,92.4831,300.0000,65.0000,65.0100,13909.18,0.797317,92.782336
1134.300,92.4831,300.0000,65.0000,65.0101,13906.74,0.796896,92.782336
1134.400,92.4831,300.0000,65.0000,65.0102,13904.45,0.796504,92.782336
1134.500,92.4831,300.0000,64.9375,65.0103,13902.32,0.796137,92.782336
1134.600,92.4831,300.0000,65.0000,65.0104,13900.33,0.795796,92.782336
1134.700,92.4831,300.0000,65.1250,65.0106,13898.47,0.795477,92.782336
1134.800,92.4831,300.0000,64.9375,65.0108,13896.74,0.795179,92.782336
1134.900,92.4831,300.0000,65.0000,65.0110,13895.12,0.794901,92.782336
1135.000,92.7823,300.0000,65.0000,65.0112,13896.60,0.795156,92.782336
1135.100,92.7823,300.0000,65.0625,65.0113,13897.99,0.795393,92.782336
1135.200,92.7823,300.0000,64.9375,65.0115,13899.28,0.795615,92.782336
1135.300,92.7823,300.0000,65.0000,65.0116,13900.48,0.795822,92.782336
1135.400,92.7823,300.0000,65.0625,65.0118,13901.61,0.796015,92.782336
1135.500,92.7823,300.0000,64.9375,65.0119,13902.66,0.796195,92.782336
1135.600,92.7823,300.0000,64.9375,65.0120,13903.64,0.796364,92.782336
1135.700,92.7823,300.0000,65.0000,65.0121,13904.55,0.796521,92.782336
1135.800,92.7823,300.0000,65.0625,65.0122,13905.40,0.796667,92.782336
1135.900,92.7823,300.0000,65.0000,65.0123,13906.20,0.796804,92.782336
1136.000,92.7823,300.0000,65.0000,65.0124,13906.94,0.796932,92.782336
1136.100,92.7823,300.0000,65.0000,65.0125,13907.64,0.797051,92.782336
1136.200,92.7823,300.0000,65.0625,65.0126,13908.28,0.797163,92.782336
1136.300,92.7823,300.0000,64.9375,65.0126,13908.89,0.797267,92.782336
1136.400,92.7823,300.0000,65.0000,65.0127,13909.45,0.797364,92.782336
1136.500,92.7823,300.0000,65.0000,65.0128,13909.98,0.797454,92.782336
1136.600,92.7823,300.0000,64.9375,65.0128,13910.47,0.797539,92.782336
1136.700,92.7823,300.0000,64.9375,65.0129,13910.93,0.797618,92.782336
1136.800,92.7823,300.0000,65.0000,65.0129,13911.36,0.797691,92.782336
1136.900,92.7823,300.0000,65.0625,65.0130,13911.76,0.797760,92.782336
1137.000,93.0883,300.0000,65.0000,65.0130,13915.19,0.798351,92.789141
1137.100,93.0883,300.0000,65.0000,65.0130,13918.39,0.798902,92.789141
1137.200,93.0883,300.0000,65.0000,65.0130,13921.38,0.799417,92.789141
1137.300,93.0883,300.0000,65.0625,65.0129,13924.18,0.799898,92.789141
1137.400,93.0883,300.0000,64.9375,65.0128,13926.78,0.800347,92.789141
1137.500,93.0883,300.0000,64.9375,65.0127,13929.21,0.800766,92.789141
1137.600,93.0883,300.0000,65.0000,65.0126,13931.48,0.801158,92.789141
1137.700,93.0883,300.0000,65.0000,65.0125,13933.60,0.801523,92.789141
1137.800,93.0883,300.0000,64.9375,65.0123,13935.58,0.801864,92.789141
1137.900,93.0883,300.0000,65.0000,65.0122,13937.42,0.802183,92.789141
1138.000,92.7891,300.0000,65.0000,65.0120,13936.15,0.801964,92.789141
1138.100,92.7891,300.0000,65.0625,65.0119,13934.97,0.801759,92.789141
1138.200,92.7891,300.0000,65.0000,65.0118,13933.86,0.801568,92.789141
1138.300,92.7891,300.0000,65.0000,65.0116,13932.83,0.801390,92.789141
1138.400,92.7891,300.0000,65.0625,65.0115,13931.86,0.801224,92.789141
1138.500,92.7891,300.0000,65.1250,65.0114,13930.96,0.801069,92.789141
1138.600,92.7891,300.0000,65.0625,65.0113,13930.12,0.800924,92.789141
1138.700,92.7891,300.0000,65.0000,65.0112,13929.34,0.800789,92.789141
1138.800,92.7891,300.0000,64.9375,65.0111,13928.61,0.800662,92.789141
1138.900,92.7891,300.0000,64.9375,65.0110,13927.93,0.800545,92.789141
1139.000,92.4831,300.0000,65.0625,65.0110,13924.23,0.799907,92.782336
1139.100,92.4831,300.0000,65.0000,65.0110,13920.78,0.799313,92.782336
1139.200,92.4831,300.0000,64.9375,65.0110,13917.56,0.798758,92.782336
1139.300,92.4831,300.0000,65.0000,65.0110,13914.55,0.798241,92.782336
1139.400,92.4831,300.0000,65.1250,65.0111,13911.75,0.797758,92.782336
1139.500,92.4831,300.0000,65.0625,65.0111,13909.13,0.797308,92.782336
1139.600,92.4831,300.0000,65.0625,65.0112,13906.69,0.796888,92.782336
1139.700,92.4831,300.0000,65.0000,65.0113,13904.40,0.796496,92.782336
1139.800,92.4831,300.0000,65.0625,65.0115,13902.28,0.796130,92.782336
1139.900,92.4831,300.0000,64.9375,65.0116,13900.29,0.795788,92.782336
1140.000,92.4763,300.0000,65.0625,65.0118,13898.37,0.795458,92.775532
1140.100,92.4763,300.0000,65.0000,65.0120,13896.57,0.795150,92.775532
1140.200,92.4763,300.0000,65.0625,65.0121,13894.90,0.794863,92.775532
1140.300,92.4763,300.0000,65.0000,65.0123,13893.33,0.794595,92.775532
1140.400,92.4763,300.0000,65.0625,65.0126,13891.87,0.794344,92.775532
1140.500,92.4763,300.0000,65.0625,65.0128,13890.51,0.794111,92.775532
1140.600,92.4763,300.0000,65.0625,65.0130,13889.24,0.793893,92.775532
1140.700,92.4763,300.0000,65.0625,65.0133,13888.06,0.793689,92.775532
1140.800,92.4763,300.0000,65.0625,65.0135,13886.95,0.793500,92.775532
1140.900,92.4763,300.0000,65.0000,65.0138,13885.92,0.793323,92.775532
1141.000,92.7755,300.0000,65.1250,65.0140,13887.94,0.793670,92.775532
1141.100,92.7755,300.0000,65.0625,65.0143,13889.84,0.793995,92.775532
1141.200,92.7755,300.0000,65.0000,65.0145,13891.60,0.794298,92.775532
1141.300,92.7755,300.0000,65.0625,65.0147,13893.25,0.794580,92.775532
1141.400,92.7755,300.0000,65.0000,65.0149,13894.79,0.794844,92.775532
1141.500,92.7755,300.0000,65.0000,65.0150,13896.23,0.795091,92.775532
1141.600,92.7755,300.0000,64.9375,65.0152,13897.57,0.795321,92.775532
1141.700,92.7755,300.0000,65.0000,65.0153,13898.82,0.795536,92.775532
1141.800,92.7755,300.0000,65.0000,65.0155,13899.98,0.795736,92.775532
1141.900,92.7755,300.0000,65.0000,65.0156,13901.07,0.795923,92.775532
1142.000,92.7755,300.0000,65.0000,65.0157,13902.09,0.796098,92.775532
1142.100,92.7755,300.0000,65.1250,65.0158,13903.04,0.796261,92.775532
1142.200,92.7755,300.0000,65.0625,65.0160,13903.93,0.796413,92.775532
1142.300,92.7755,300.0000,65.0625,65.0161,13904.75,0.796556,92.775532
1142.400,92.7755,300.0000,65.0000,65.0161,13905.52,0.796688,92.775532
1142.500,92.7755,300.0000,65.0000,65.0162,13906.25,0.796812,92.775532
1142.600,92.7755,300.0000,65.0625,65.0163,13906.92,0.796928,92.775532
1142.700,92.7755,300.0000,64.9375,65.0164,13907.54,0.797035,92.775532
1142.800,92.7755,300.0000,65.0000,65.0165,13908.13,0.797136,92.775532
1142.900,92.7755,300.0000,64.8750,65.0165,13908.68,0.797230,92.775532
1143.000,92.1635,300.0000,65.0625,65.0166,13903.07,0.796266,92.761924
1143.100,92.1635,300.0000,65.0625,65.0168,13897.83,0.795367,92.761924
1143.200,92.1635,300.0000,65.1250,65.0170,13892.94,0.794528,92.761924
1143.300,92.1635,300.0000,65.0000,65.0172,13888.38,0.793746,92.761924
1143.400,92.1635,300.0000,65.0000,65.0175,13884.13,0.793016,92.761924
1143.500,92.1635,300.0000,65.0625,65.0178,13880.15,0.792335,92.761924
1143.600,92.1635,300.0000,64.9375,65.0181,13876.45,0.791701,92.761924
1143.700,92.1635,300.0000,65.0625,65.0185,13872.98,0.791108,92.761924
1143.800,92.1635,300.0000,65.0625,65.0189,13869.75,0.790556,92.761924
1143.900,92.1635,300.0000,65.0625,65.0193,13866.74,0.790040,92.761924
1144.000,93.0679,300.0000,65.0625,65.0196,13872.97,0.791106,92.768728
1144.100,93.0679,300.0000,64.9375,65.0199,13878.78,0.792101,92.768728
1144.200,93.0679,300.0000,64.9375,65.0202,13884.21,0.793030,92.768728
1144.300,93.0679,300.0000,65.0000,65.0204,13889.28,0.793899,92.768728
1144.400,93.0679,300.0000,65.0000,65.0206,13894.00,0.794710,92.768728
1144.500,93.0679,300.0000,65.0000,65.0207,13898.42,0.795467,92.768728
1144.600,93.0679,300.0000,65.0625,65.0208,13902.53,0.796174,92.768728
1144.700,93.0679,300.0000,65.0625,65.0209,13906.38,0.796835,92.768728
1144.800,93.0679,300.0000,64.9375,65.0210,13909.97,0.797452,92.768728
1144.900,93.0679,300.0000,65.0000,65.0210,13913.31,0.798028,92.768728
1145.000,92.7687,300.0000,65.0625,65.0210,13913.45,0.798050,92.768728
1145.100,92.7687,300.0000,65.0000,65.0210,13913.57,0.798072,92.768728
1145.200,92.7687,300.0000,65.0625,65.0210,13913.69,0.798092,92.768728
1145.300,92.7687,300.0000,65.1250,65.0210,13913.79,0.798110,92.768728
1145.400,92.7687,300.0000,65.0000,65.0211,13913.90,0.798128,92.768728
1145.500,92.7687,300.0000,65.0000,65.0211,13913.99,0.798144,92.768728
1145.600,92.7687,300.0000,65.0625,65.0211,13914.08,0.798159,92.768728
1145.700,92.7687,300.0000,64.9375,65.0211,13914.16,0.798173,92.768728
1145.800,92.7687,300.0000,65.0000,65.0211,13914.24,0.798186,92.768728
1145.900,92.7687,300.0000,64.9375,65.0211,13914.31,0.798199,92.768728
1146.000,92.4627,300.0000,65.0625,65.0211,13911.31,0.797684,92.761924
1146.100,92.4627,300.0000,65.0000,65.0212,13908.52,0.797203,92.761924
1146.200,92.4627,300.0000,65.0625,65.0213,13905.91,0.796755,92.761924
1146.300,92.4627,300.0000,65.0000,65.0214,13903.48,0.796337,92.761924
1146.400,92.4627,300.0000,65.0625,65.0215,13901.21,0.795947,92.761924
1146.500,92.4627,300.0000,65.0000,65.0216,13899.09,0.795582,92.761924
1146.600,92.4627,300.0000,65.0625,65.0218,13897.11,0.795243,92.761924
1146.700,92.4627,300.0000,65.0000,65.0219,13895.26,0.794926,92.761924
1146.800,92.4627,300.0000,64.9375,65.0221,13893.54,0.794630,92.761924
1146.900,92.4627,300.0000,65.0000,65.0223,13891.93,0.794354,92.761924
1147.000,92.7619,300.0000,65.0000,65.0225,13893.42,0.794610,92.761924
1147.100,92.7619,300.0000,65.0000,65.0227,13894.81,0.794848,92.761924
1147.200,92.7619,300.0000,64.8750,65.0228,13896.11,0.795071,92.761924
1147.300,92.7619,300.0000,65.0000,65.0230,13897.32,0.795279,92.761924
1147.400,92.7619,300.0000,65.0000,65.0231,13898.45,0.795473,92.761924
1147.500,92.7619,300.0000,65.0000,65.0232,13899.51,0.795655,92.761924
1147.600,92.7619,300.0000,65.0625,65.0233,13900.49,0.795824,92.761924
1147.700,92.7619,300.0000,64.9375,65.0235,13901.41,0.795982,92.761924
1147.800,92.7619,300.0000,65.0000,65.0236,13902.27,0.796129,92.761924
1147.900,92.7619,300.0000,64.9375,65.0237,13903.07,0.796267,92.761924
1148.000,92.4559,300.0000,65.0000,65.0238,13900.76,0.795870,92.755120
1148.100,92.4559,300.0000,65.0625,65.0239,13898.60,0.795499,92.755120
1148.200,92.4559,300.0000,65.0625,65.0241,13896.59,0.795153,92.755120
1148.300,92.4559,300.0000,64.9375,65.0242,13894.71,0.794831,92.755120
1148.400,92.4559,300.0000,65.0625,65.0244,13892.95,0.794530,92.755120
1148.500,92.4559,300.0000,64.9375,65.0246,13891.32,0.794249,92.755120
1148.600,92.4559,300.0000,65.0625,65.0248,13889.79,0.793986,92.755120
1148.700,92.4559,300.0000,65.0000,65.0250,13888.36,0.793742,92.755120
1148.800,92.4559,300.0000,65.0000,65.0252,13887.03,0.793514,92.755120
1148.900,92.4559,300.0000,65.0625,65.0255,13885.79,0.793301,92.755120
1149.000,93.0611,300.0000,65.0000,65.0257,13890.68,0.794139,92.761924
1149.100,93.0611,300.0000,65.0000,65.0258,13895.25,0.794923,92.761924
1149.200,93.0611,300.0000,65.0625,65.0260,13899.51,0.795654,92.761924
1149.300,93.0611,300.0000,65.0000,65.0260,13903.48,0.796337,92.761924
1149.400,93.0611,300.0000,65.0000,65.0261,13907.20,0.796976,92.761924
1149.500,93.0611,300.0000,64.9375,65.0261,13910.66,0.797571,92.761924
1149.600,93.0611,300.0000,65.0000,65.0261,13913.89,0.798128,92.761924
1149.700,93.0611,300.0000,65.0000,65.0261,13916.91,0.798647,92.761924
1149.800,93.0611,300.0000,65.1250,65.0261,13919.73,0.799132,92.761924
1149.900,93.0611,300.0000,65.0625,65.0260,13922.36,0.799585,92.761924
1150.000,93.0679,300.0000,65.0000,65.0259,13924.88,0.800020,92.768728
1150.100,93.0679,300.0000,65.0625,65.0258,13927.23,0.800426,92.768728
1150.200,93.0679,300.0000,65.0000,65.0257,13929.43,0.800804,92.768728
1150.300,93.0679,300.0000,65.0625,65.0255,13931.48,0.801158,92.768728
1150.400,93.0679,300.0000,65.0000,65.0254,13933.40,0.801488,92.768728
1150.500,93.0679,300.0000,64.9375,65.0252,13935.18,0.801797,92.768728
1150.600,93.0679,300.0000,65.0000,65.0250,13936.85,0.802084,92.768728
1150.700,93.0679,300.0000,65.0625,65.0248,13938.41,0.802353,92.768728
1150.800,93.0679,300.0000,65.0000,65.0246,13939.86,0.802604,92.768728
1150.900,93.0679,300.0000,65.0000,65.0244,13941.21,0.802838,92.768728
1151.000,92.7687,300.0000,65.0000,65.0242,13939.49,0.802540,92.768728
1151.100,92.7687,300.0000,65.0625,65.0240,13937.87,0.802261,92.768728
1151.200,92.7687,300.0000,65.0625,65.0238,13936.37,0.802002,92.768728
1151.300,92.7687,300.0000,65.0000,65.0236,13934.97,0.801759,92.768728
1151.400,92.7687,300.0000,65.0625,65.0235,13933.66,0.801533,92.768728
1151.500,92.7687,300.0000,65.0000,65.0233,13932.43,0.801322,92.768728
1151.600,92.7687,300.0000,65.1250,65.0232,13931.29,0.801125,92.768728
1151.700,92.7687,300.0000,65.0000,65.0230,13930.23,0.800941,92.768728
1151.800,92.7687,300.0000,65.0000,65.0229,13929.23,0.800770,92.768728
1151.900,92.7687,300.0000,65.0625,65.0228,13928.30,0.800610,92.768728
1152.000,93.0747,300.0000,65.0625,65.0227,13930.50,0.800988,92.775532
1152.100,93.0747,300.0000,65.0625,65.0225,13932.54,0.801341,92.775532
1152.200,93.0747,300.0000,65.0625,65.0224,13934.46,0.801671,92.775532
1152.300,93.0747,300.0000,65.0000,65.0222,13936.24,0.801979,92.775532
1152.400,93.0747,300.0000,65.0625,65.0220,13937.90,0.802266,92.775532
1152.500,93.0747,300.0000,65.0000,65.0218,13939.46,0.802535,92.775532
1152.600,93.0747,300.0000,65.0625,65.0216,13940.91,0.802785,92.775532
1152.700,93.0747,300.0000,65.0625,65.0214,13942.26,0.803019,92.775532
1152.800,93.0747,300.0000,65.0625,65.0211,13943.52,0.803237,92.775532
1152.900,93.0747,300.0000,65.0625,65.0209,13944.70,0.803441,92.775532
1153.000,93.0815,300.0000,65.0625,65.0206,13945.87,0.803643,92.782336
1153.100,93.0815,300.0000,65.0000,65.0204,13946.96,0.803832,92.782336
1153.200,93.0815,300.0000,65.0000,65.0201,13947.98,0.804008,92.782336
1153.300,93.0815,300.0000,65.0000,65.0198,13948.93,0.804172,92.782336
1153.400,93.0815,300.0000,65.0000,65.0196,13949.82,0.804325,92.782336
1153.500,93.0815,300.0000,65.0625,65.0193,13950.64,0.804468,92.782336
1153.600,93.0815,300.0000,65.0625,65.0190,13951.42,0.804602,92.782336
1153.700,93.0815,300.0000,64.9375,65.0187,13952.14,0.804727,92.782336
1153.800,93.0815,300.0000,65.0625,65.0184,13952.81,0.804843,92.782336
1153.900,93.0815,300.0000,65.0000,65.0181,13953.44,0.804952,92.782336
1154.000,92.7823,300.0000,65.0625,65.0178,13951.03,0.804536,92.782336
1154.100,92.7823,300.0000,65.0625,65.0175,13948.79,0.804147,92.782336
1154.200,92.7823,300.0000,64.9375,65.0172,13946.69,0.803785,92.782336
1154.300,92.7823,300.0000,65.0000,65.0170,13944.73,0.803447,92.782336
1154.400,92.7823,300.0000,65.0625,65.0168,13942.91,0.803131,92.782336
1154.500,92.7823,300.0000,65.0625,65.0166,13941.21,0.802837,92.782336
1154.600,92.7823,300.0000,65.0000,65.0164,13939.62,0.802562,92.782336
1154.700,92.7823,300.0000,65.0000,65.0162,13938.13,0.802306,92.782336
1154.800,92.7823,300.0000,65.0625,65.0161,13936.75,0.802066,92.782336
1154.900,92.7823,300.0000,65.0000,65.0159,13935.45,0.801843,92.782336
1155.000,92.7823,300.0000,65.0000,65.0158,13934.25,0.801635,92.782336
1155.100,92.7823,300.0000,65.0625,65.0156,13933.12,0.801441,92.782336
1155.200,92.7823,300.0000,65.0000,65.0155,13932.07,0.801259,92.782336
1155.300,92.7823,300.0000,65.0625,65.0154,13931.09,0.801090,92.782336
1155.400,92.7823,300.0000,65.0000,65.0153,13930.17,0.800932,92.782336
1155.500,92.7823,300.0000,65.0625,65.0152,13929.32,0.800784,92.782336
1155.600,92.7823,300.0000,65.0000,65.0151,13928.52,0.800647,92.782336
1155.700,92.7823,300.0000,65.0625,65.0150,13927.77,0.800518,92.782336
1155.800,92.7823,300.0000,65.0000,65.0149,13927.08,0.800399,92.782336
1155.900,92.7823,300.0000,65.0625,65.0148,13926.43,0.800287,92.782336
1156.000,93.0883,300.0000,65.0000,65.0147,13928.89,0.800710,92.789141
1156.100,93.0883,300.0000,65.0625,65.0146,13931.18,0.801105,92.789141
1156.200,93.0883,300.0000,65.0625,65.0145,13933.31,0.801474,92.789141
1156.300,93.0883,300.0000,65.0625,65.0143,13935.31,0.801819,92.789141
1156.400,93.0883,300.0000,65.0000,65.0141,13937.17,0.802140,92.789141
1156.500,93.0883,300.0000,65.0000,65.0140,13938.91,0.802440,92.789141
1156.600,93.0883,300.0000,65.0000,65.0138,13940.53,0.802721,92.789141
1156.700,93.0883,300.0000,64.9375,65.0136,13942.05,0.802982,92.789141
1156.800,93.0883,300.0000,65.0625,65.0134,13943.46,0.803227,92.789141
1156.900,93.0883,300.0000,65.0625,65.0131,13944.78,0.803455,92.789141
1157.000,93.0951,300.0000,65.0000,65.0129,13946.08,0.803679,92.795945
1157.100,93.0951,300.0000,65.0625,65.0126,13947.29,0.803889,92.795945
1157.200,93.0951,300.0000,65.0000,65.0124,13948.43,0.804085,92.795945
1157.300,93.0951,300.0000,65.0625,65.0121,13949.48,0.804267,92.795945
1157.400,93.0951,300.0000,65.0000,65.0119,13950.47,0.804438,92.795945
1157.500,93.0951,300.0000,65.0625,65.0116,13951.39,0.804597,92.795945
1157.600,93.0951,300.0000,65.0625,65.0113,13952.25,0.804746,92.795945
1157.700,93.0951,300.0000,65.0625,65.0110,13953.05,0.804884,92.795945
1157.800,93.0951,300.0000,65.0000,65.0107,13953.80,0.805014,92.795945
1157.900,93.0951,300.0000,65.0625,65.0104,13954.49,0.805135,92.795945
1158.000,93.1019,300.0000,65.0000,65.0101,13955.21,0.805259,92.802749
1158.100,93.1019,300.0000,65.0000,65.0098,13955.89,0.805376,92.802749
1158.200,93.1019,300.0000,65.0000,65.0095,13956.51,0.805484,92.802749
1158.300,93.1019,300.0000,65.0625,65.0091,13957.10,0.805586,92.802749
1158.400,93.1019,300.0000,65.0000,65.0088,13957.64,0.805680,92.802749
1158.500,93.1019,300.0000,65.0625,65.0085,13958.15,0.805768,92.802749
1158.600,93.1019,300.0000,64.9375,65.0082,13958.63,0.805851,92.802749
1158.700,93.1019,300.0000,65.0000,65.0078,13959.07,0.805928,92.802749
1158.800,93.1019,300.0000,65.0625,65.0075,13959.49,0.806000,92.802749
1158.900,93.1019,300.0000,65.0625,65.0072,13959.88,0.806067,92.802749
1159.000,93.1087,300.0000,64.9375,65.0068,13960.30,0.806141,92.809553
1159.100,93.1087,300.0000,65.0000,65.0065,13960.71,0.806210,92.809553
1159.200,93.1087,300.0000,65.0625,65.0061,13961.08,0.806275,92.809553
1159.300,93.1087,300.0000,65.1250,65.0058,13961.43,0.806335,92.809553
1159.400,93.1087,300.0000,65.0625,65.0054,13961.75,0.806392,92.809553
1159.500,93.1087,300.0000,65.0625,65.0051,13962.06,0.806445,92.809553
1159.600,93.1087,300.0000,65.0000,65.0047,13962.34,0.806494,92.809553
1159.700,93.1087,300.0000,65.0000,65.0044,13962.61,0.806540,92.809553
1159.800,93.1087,300.0000,65.0625,65.0040,13962.85,0.806582,92.809553
1159.900,93.1087,300.0000,65.0000,65.0036,13963.08,0.806622,92.809553
1160.000,92.8096,300.0000,65.0000,65.0033,13960.31,0.806141,92.809553
1160.100,92.8096,300.0000,65.0625,65.0030,13957.72,0.805692,92.809553
1160.200,92.8096,300.0000,65.0000,65.0027,13955.30,0.805274,92.809553
1160.300,92.8096,300.0000,65.0000,65.0024,13953.04,0.804883,92.809553
1160.400,92.8096,300.0000,65.0625,65.0022,13950.93,0.804518,92.809553
1160.500,92.8096,300.0000,65.0625,65.0019,13948.97,0.804178,92.809553
1160.600,92.8096,300.0000,64.9375,65.0017,13947.13,0.803861,92.809553
1160.700,92.8096,300.0000,65.0000,65.0015,13945.42,0.803564,92.809553
1160.800,92.8096,300.0000,65.0000,65.0013,13943.82,0.803288,92.809553
1160.900,92.8096,300.0000,65.0000,65.0011,13942.33,0.803030,92.809553
1161.000,92.8096,300.0000,65.0000,65.0010,13940.93,0.802790,92.809553
1161.100,92.8096,300.0000,64.9375,65.0008,13939.63,0.802565,92.809553
1161.200,92.8096,300.0000,64.9375,65.0007,13938.42,0.802355,92.809553
1161.300,92.8096,300.0000,64.8750,65.0005,13937.29,0.802160,92.809553
1161.400,92.8096,300.0000,65.0000,65.0004,13936.23,0.801977,92.809553
1161.500,92.8096,300.0000,65.0000,65.0003,13935.24,0.801807,92.809553
1161.600,92.8096,300.0000,65.0625,65.0002,13934.32,0.801648,92.809553
1161.700,92.8096,300.0000,65.0625,65.0001,13933.46,0.801500,92.809553
1161.800,92.8096,300.0000,64.9375,65.0000,13932.66,0.801362,92.809553
1161.900,92.8096,300.0000,65.0625,64.9999,13931.91,0.801232,92.809553
1162.000,93.1156,300.0000,65.0625,64.9998,13934.27,0.801640,92.816358
1162.100,93.1156,300.0000,65.1250,64.9997,13936.48,0.802020,92.816358
1162.200,93.1156,300.0000,65.0000,64.9995,13938.54,0.802375,92.816358
1162.300,93.1156,300.0000,65.0625,64.9994,13940.45,0.802707,92.816358
1162.400,93.1156,300.0000,65.0000,64.9992,13942.25,0.803017,92.816358
1162.500,93.1156,300.0000,64.8750,64.9990,13943.92,0.803306,92.816358
1162.600,93.1156,300.0000,65.0625,64.9988,13945.48,0.803575,92.816358
1162.700,93.1156,300.0000,65.0625,64.9986,13946.94,0.803827,92.816358
1162.800,93.1156,300.0000,65.0000,64.9984,13948.30,0.804062,92.816358
1162.900,93.1156,300.0000,65.0625,64.9981,13949.57,0.804282,92.816358
1163.000,93.1224,300.0000,65.0000,64.9979,13950.82,0.804499,92.823162
1163.100,93.1224,300.0000,64.9375,64.9976,13951.99,0.804701,92.823162
1163.200,93.1224,300.0000,65.0625,64.9974,13953.08,0.804890,92.823162
1163.300,93.1224,300.0000,65.0000,64.9971,13954.10,0.805066,92.823162
1163.400,93.1224,300.0000,65.0000,64.9968,13955.05,0.805230,92.823162
1163.500,93.1224,300.0000,65.0625,64.9965,13955.93,0.805384,92.823162
1163.600,93.1224,300.0000,65.1250,64.9963,13956.76,0.805527,92.823162
1163.700,93.1224,300.0000,65.1250,64.9960,13957.54,0.805661,92.823162
1163.800,93.1224,300.0000,64.9375,64.9957,13958.26,0.805786,92.823162
1163.900,93.1224,300.0000,65.0000,64.9954,13958.93,0.805903,92.823162
1164.000,92.8232,300.0000,65.0000,64.9951,13956.57,0.805493,92.823162
1164.100,92.8232,300.0000,65.0000,64.9948,13954.36,0.805111,92.823162
1164.200,92.8232,300.0000,65.0000,64.9946,13952.30,0.804755,92.823162
1164.300,92.8232,300.0000,65.0000,64.9943,13950.38,0.804423,92.823162
1164.400,92.8232,300.0000,64.9375,64.9941,13948.59,0.804112,92.823162
1164.500,92.8232,300.0000,65.0625,64.9939,13946.91,0.803823,92.823162
1164.600,92.8232,300.0000,65.0625,64.9937,13945.35,0.803553,92.823162
1164.700,92.8232,300.0000,65.0625,64.9935,13943.89,0.803301,92.823162
1164.800,92.8232,300.0000,65.0000,64.9934,13942.53,0.803065,92.823162
1164.900,92.8232,300.0000,65.0000,64.9932,13941.26,0.802846,92.823162
1165.000,92.8232,300.0000,64.9375,64.9931,13940.07,0.802641,92.823162
1165.100,92.8232,300.0000,65.0000,64.9929,13938.97,0.802450,92.823162
1165.200,92.8232,300.0000,65.0000,64.9928,13937.93,0.802272,92.823162
1165.300,92.8232,300.0000,64.9375,64.9927,13936.97,0.802105,92.823162
1165.400,92.8232,300.0000,65.0000,64.9926,13936.07,0.801950,92.823162
1165.500,92.8232,300.0000,64.9375,64.9925,13935.23,0.801805,92.823162
1165.600,92.8232,300.0000,65.0000,64.9924,13934.45,0.801670,92.823162
1165.700,92.8232,300.0000,64.9375,64.9923,13933.72,0.801543,92.823162
1165.800,92.8232,300.0000,65.0625,64.9922,13933.03,0.801426,92.823162
1165.900,92.8232,300.0000,65.0000,64.9922,13932.40,0.801316,92.823162
1166.000,92.8232,300.0000,65.1250,64.9921,13931.80,0.801213,92.823162
1166.100,92.8232,300.0000,65.0625,64.9920,13931.25,0.801117,92.823162
1166.200,92.8232,300.0000,64.9375,64.9920,13930.73,0.801028,92.823162
1166.300,92.8232,300.0000,64.9375,64.9919,13930.24,0.800944,92.823162
1166.400,92.8232,300.0000,65.0000,64.9918,13929.79,0.800867,92.823162
1166.500,92.8232,300.0000,65.0000,64.9918,13929.37,0.800794,92.823162
1166.600,92.8232,300.0000,65.0000,64.9917,13928.98,0.800726,92.823162
1166.700,92.8232,300.0000,65.0000,64.9917,13928.61,0.800663,92.823162
1166.800,92.8232,300.0000,65.0000,64.9917,13928.27,0.800604,92.823162
1166.900,92.8232,300.0000,65.0000,64.9916,13927.95,0.800549,92.823162
1167.000,92.8232,300.0000,65.0000,64.9916,13927.65,0.800497,92.823162
1167.100,92.8232,300.0000,65.0000,64.9915,13927.37,0.800449,92.823162
1167.200,92.8232,300.0000,65.0000,64.9915,13927.11,0.800404,92.823162
1167.300,92.8232,300.0000,65.0000,64.9915,13926.87,0.800363,92.823162
1167.400,92.8232,300.0000,65.0000,64.9915,13926.64,0.800324,92.823162
1167.500,92.8232,300.0000,64.9375,64.9914,13926.43,0.800287,92.823162
1167.600,92.8232,300.0000,65.0000,64.9914,13926.24,0.800253,92.823162
1167.700,92.8232,300.0000,65.0000,64.9914,13926.05,0.800221,92.823162
1167.800,92.8232,300.0000,65.0000,64.9914,13925.88,0.800192,92.823162
1167.900,92.8232,300.0000,65.0000,64.9913,13925.72,0.800164,92.823162
1168.000,92.8232,300.0000,65.0625,64.9913,13925.57,0.800138,92.823162
1168.100,92.8232,300.0000,65.0000,64.9913,13925.43,0.800114,92.823162
1168.200,92.8232,300.0000,65.0625,64.9913,13925.30,0.800092,92.823162
1168.300,92.8232,300.0000,65.0000,64.9913,13925.18,0.800071,92.823162
1168.400,92.8232,300.0000,65.0625,64.9913,13925.06,0.800051,92.823162
1168.500,92.8232,300.0000,64.9375,64.9912,13924.96,0.800033,92.823162
1168.600,92.8232,300.0000,65.0625,64.9912,13924.86,0.800016,92.823162
1168.700,92.8232,300.0000,64.8750,64.9912,13924.77,0.800000,92.823162
1168.800,92.8232,300.0000,65.0000,64.9912,13924.68,0.799985,92.823162
1168.900,92.8232,300.0000,65.0000,64.9912,13924.60,0.799971,92.823162
1169.000,92.8232,300.0000,64.9375,64.9912,13924.53,0.799958,92.823162
1169.100,92.8232,300.0000,64.9375,64.9912,13924.46,0.799946,92.823162
1169.200,92.8232,300.0000,64.9375,64.9912,13924.39,0.799935,92.823162
1169.300,92.8232,300.0000,64.8750,64.9912,13924.33,0.799925,92.823162
1169.400,92.8232,300.0000,65.0000,64.9912,13924.27,0.799915,92.823162
1169.500,92.8232,300.0000,65.0000,64.9912,13924.22,0.799906,92.823162
1169.600,92.8232,300.0000,65.0000,64.9912,13924.17,0.799897,92.823162
1169.700,92.8232,300.0000,65.0000,64.9911,13924.12,0.799889,92.823162
1169.800,92.8232,300.0000,64.9375,64.9911,13924.08,0.799882,92.823162
1169.900,92.8232,300.0000,64.9375,64.9911,13924.04,0.799875,92.823162
1170.000,92.5172,300.0000,65.0000,64.9912,13920.94,0.799341,92.816358
1170.100,92.5172,300.0000,64.9375,64.9912,13918.05,0.798843,92.816358
1170.200,92.5172,300.0000,64.9375,64.9913,13915.35,0.798378,92.816358
1170.300,92.5172,300.0000,64.9375,64.9914,13912.83,0.797945,92.816358
1170.400,92.5172,300.0000,65.0000,64.9915,13910.48,0.797541,92.816358
1170.500,92.5172,300.0000,65.0000,64.9916,13908.29,0.797163,92.816358
1170.600,92.5172,300.0000,65.0000,64.9917,13906.24,0.796811,92.816358
1170.700,92.5172,300.0000,65.0000,64.9919,13904.33,0.796483,92.816358
1170.800,92.5172,300.0000,65.0625,64.9921,13902.55,0.796176,92.816358
1170.900,92.5172,300.0000,65.0000,64.9922,13900.88,0.795890,92.816358
1171.000,92.8164,300.0000,65.0625,64.9924,13902.32,0.796137,92.816358
1171.100,92.8164,300.0000,65.0000,64.9926,13903.66,0.796368,92.816358
1171.200,92.8164,300.0000,65.0000,64.9927,13904.91,0.796583,92.816358
1171.300,92.8164,300.0000,65.0000,64.9929,13906.08,0.796784,92.816358
1171.400,92.8164,300.0000,65.0625,64.9930,13907.18,0.796972,92.816358
1171.500,92.8164,300.0000,65.0000,64.9931,13908.19,0.797147,92.816358
1171.600,92.8164,300.0000,65.0000,64.9932,13909.14,0.797311,92.816358
1171.700,92.8164,300.0000,65.0000,64.9933,13910.03,0.797463,92.816358
1171.800,92.8164,300.0000,65.0000,64.9934,13910.86,0.797606,92.816358
1171.900,92.8164,300.0000,64.9375,64.9935,13911.63,0.797738,92.816358
1172.000,92.5104,300.0000,64.8750,64.9936,13909.29,0.797336,92.809553
1172.100,92.5104,300.0000,65.0625,64.9938,13907.11,0.796961,92.809553
1172.200,92.5104,300.0000,65.0000,64.9939,13905.07,0.796611,92.809553
1172.300,92.5104,300.0000,65.0625,64.9941,13903.17,0.796284,92.809553
1172.400,92.5104,300.0000,64.9375,64.9943,13901.40,0.795979,92.809553
1172.500,92.5104,300.0000,64.9375,64.9944,13899.74,0.795695,92.809553
1172.600,92.5104,300.0000,65.0000,64.9946,13898.20,0.795429,92.809553
1172.700,92.5104,300.0000,65.0000,64.9949,13896.75,0.795182,92.809553
1172.800,92.5104,300.0000,65.0000,64.9951,13895.41,0.794950,92.809553
1172.900,92.5104,300.0000,65.0000,64.9953,13894.15,0.794735,92.809553
1173.000,92.8096,300.0000,64.9375,64.9955,13895.97,0.795047,92.809553
1173.100,92.8096,300.0000,65.0625,64.9957,13897.67,0.795338,92.809553
1173.200,92.8096,300.0000,65.0000,64.9959,13899.25,0.795610,92.809553
1173.300,92.8096,300.0000,65.0000,64.9961,13900.73,0.795864,92.809553
1173.400,92.8096,300.0000,64.9375,64.9963,13902.11,0.796101,92.809553
1173.500,92.8096,300.0000,65.0000,64.9964,13903.40,0.796323,92.809553
1173.600,92.8096,300.0000,65.0000,64.9966,13904.60,0.796529,92.809553
1173.700,92.8096,300.0000,65.0000,64.9967,13905.72,0.796722,92.809553
1173.800,92.8096,300.0000,65.0000,64.9968,13906.77,0.796902,92.809553
1173.900,92.8096,300.0000,65.0000,64.9970,13907.75,0.797070,92.809553
1174.000,92.8096,300.0000,65.0000,64.9971,13908.66,0.797227,92.809553
1174.100,92.8096,300.0000,65.0000,64.9972,13909.51,0.797374,92.809553
1174.200,92.8096,300.0000,65.0000,64.9973,13910.31,0.797510,92.809553
1174.300,92.8096,300.0000,65.0625,64.9973,13911.05,0.797638,92.809553
1174.400,92.8096,300.0000,65.0000,64.9974,13911.74,0.797757,92.809553
1174.500,92.8096,300.0000,65.0000,64.9975,13912.39,0.797868,92.809553
1174.600,92.8096,300.0000,65.0000,64.9976,13912.99,0.797972,92.809553
1174.700,92.8096,300.0000,64.9375,64.9976,13913.55,0.798069,92.809553
1174.800,92.8096,300.0000,65.0000,64.9977,13914.08,0.798159,92.809553
1174.900,92.8096,300.0000,65.0625,64.9978,13914.57,0.798244,92.809553
1175.000,93.1156,300.0000,65.0000,64.9978,13918.09,0.798849,92.816358
1175.100,93.1156,300.0000,65.0000,64.9978,13921.37,0.799415,92.816358
1175.200,93.1156,300.0000,65.0625,64.9978,13924.43,0.799943,92.816358
1175.300,93.1156,300.0000,64.9375,64.9977,13927.29,0.800436,92.816358
1175.400,93.1156,300.0000,64.8750,64.9977,13929.96,0.800896,92.816358
1175.500,93.1156,300.0000,65.0625,64.9976,13932.45,0.801326,92.816358
1175.600,93.1156,300.0000,65.0000,64.9975,13934.78,0.801727,92.816358
1175.700,93.1156,300.0000,64.9375,64.9973,13936.95,0.802102,92.816358
1175.800,93.1156,300.0000,64.9375,64.9972,13938.97,0.802451,92.816358
1175.900,93.1156,300.0000,64.9375,64.9970,13940.87,0.802778,92.816358
1176.000,92.5104,300.0000,65.0625,64.9969,13936.58,0.802038,92.809553
1176.100,92.5104,300.0000,65.0000,64.9968,13932.58,0.801347,92.809553
1176.200,92.5104,300.0000,64.8750,64.9968,13928.84,0.800703,92.809553
1176.300,92.5104,300.0000,65.0625,64.9967,13925.36,0.800102,92.809553
1176.400,92.5104,300.0000,65.0625,64.9967,13922.10,0.799541,92.809553
1176.500,92.5104,300.0000,65.0000,64.9968,13919.07,0.799018,92.809553
1176.600,92.5104,300.0000,64.8750,64.9968,13916.23,0.798530,92.809553
1176.700,92.5104,300.0000,64.9375,64.9969,13913.59,0.798075,92.809553
1176.800,92.5104,300.0000,65.0000,64.9970,13911.12,0.797650,92.809553
1176.900,92.5104,300.0000,64.9375,64.9971,13908.81,0.797254,92.809553
1177.000,92.5036,300.0000,64.9375,64.9972,13906.59,0.796872,92.802749
1177.100,92.5036,300.0000,65.0000,64.9973,13904.52,0.796516,92.802749
1177.200,92.5036,300.0000,65.0000,64.9975,13902.59,0.796184,92.802749
1177.300,92.5036,300.0000,65.0000,64.9977,13900.79,0.795874,92.802749
1177.400,92.5036,300.0000,65.0000,64.9979,13899.10,0.795585,92.802749
1177.500,92.5036,300.0000,64.9375,64.9981,13897.53,0.795315,92.802749
1177.600,92.5036,300.0000,64.9375,64.9983,13896.07,0.795063,92.802749
1177.700,92.5036,300.0000,65.0625,64.9985,13894.70,0.794829,92.802749
1177.800,92.5036,300.0000,65.0000,64.9987,13893.42,0.794609,92.802749
1177.900,92.5036,300.0000,65.1250,64.9990,13892.23,0.794405,92.802749
1178.000,93.4147,300.0000,65.0000,64.9991,13900.23,0.795778,92.816358
1178.100,93.4147,300.0000,65.0000,64.9993,13907.69,0.797061,92.816358
1178.200,93.4147,300.0000,65.0000,64.9993,13914.66,0.798259,92.816358
1178.300,93.4147,300.0000,65.0000,64.9993,13921.16,0.799379,92.816358
1178.400,93.4147,300.0000,65.0000,64.9993,13927.23,0.800425,92.816358
1178.500,93.4147,300.0000,65.0000,64.9992,13932.90,0.801402,92.816358
1178.600,93.4147,300.0000,65.0000,64.9990,13938.19,0.802315,92.816358
1178.700,93.4147,300.0000,64.9375,64.9988,13943.12,0.803168,92.816358
1178.800,93.4147,300.0000,65.0625,64.9986,13947.73,0.803964,92.816358
1178.900,93.4147,300.0000,65.0625,64.9984,13952.03,0.804708,92.816358
1179.000,93.1224,300.0000,65.0000,64.9981,13953.11,0.804896,92.823162
1179.100,93.1224,300.0000,64.9375,64.9978,13954.13,0.805072,92.823162
1179.200,93.1224,300.0000,65.0000,64.9976,13955.08,0.805236,92.823162
1179.300,93.1224,300.0000,65.0000,64.9973,13955.96,0.805389,92.823162
1179.400,93.1224,300.0000,65.1250,64.9970,13956.79,0.805532,92.823162
1179.500,93.1224,300.0000,65.0000,64.9967,13957.56,0.805666,92.823162
1179.600,93.1224,300.0000,65.0000,64.9964,13958.28,0.805790,92.823162
1179.700,93.1224,300.0000,65.0000,64.9961,13958.95,0.805906,92.823162
1179.800,93.1224,300.0000,65.0000,64.9958,13959.58,0.806015,92.823162
1179.900,93.1224,300.0000,64.9375,64.9955,13960.16,0.806116,92.823162
1180.000,92.5172,300.0000,65.0625,64.9952,13954.66,0.805163,92.816358
1180.100,92.5172,300.0000,64.9375,64.9950,13949.52,0.804274,92.816358
1180.200,92.5172,300.0000,65.0000,64.9948,13944.72,0.803444,92.816358
1180.300,92.5172,300.0000,65.0000,64.9946,13940.25,0.802671,92.816358
1180.400,92.5172,300.0000,65.0625,64.9945,13936.07,0.801949,92.816358
1180.500,92.5172,300.0000,65.0000,64.9944,13932.17,0.801276,92.816358
1180.600,92.5172,300.0000,65.0000,64.9944,13928.53,0.800649,92.816358
1180.700,92.5172,300.0000,65.0000,64.9944,13925.13,0.800063,92.816358
1180.800,92.5172,300.0000,65.0000,64.9944,13921.96,0.799517,92.816358
1180.900,92.5172,300.0000,65.0000,64.9944,13919.00,0.799007,92.816358
1181.000,92.8164,300.0000,65.0000,64.9944,13919.23,0.799047,92.816358
1181.100,92.8164,300.0000,64.9375,64.9945,13919.45,0.799083,92.816358
1181.200,92.8164,300.0000,65.0000,64.9945,13919.65,0.799118,92.816358
1181.300,92.8164,300.0000,65.0000,64.9945,13919.83,0.799150,92.816358
1181.400,92.8164,300.0000,65.0000,64.9945,13920.01,0.799180,92.816358
1181.500,92.8164,300.0000,64.9375,64.9945,13920.17,0.799208,92.816358
1181.600,92.8164,300.0000,65.0000,64.9946,13920.32,0.799235,92.816358
1181.700,92.8164,300.0000,65.0000,64.9946,13920.47,0.799259,92.816358
1181.800,92.8164,300.0000,65.0625,64.9946,13920.60,0.799282,92.816358
1181.900,92.8164,300.0000,65.0625,64.9946,13920.72,0.799303,92.816358
1182.000,93.1224,300.0000,65.0000,64.9946,13923.90,0.799850,92.823162
1182.100,93.1224,300.0000,64.9375,64.9946,13926.86,0.800361,92.823162
1182.200,93.1224,300.0000,65.0625,64.9945,13929.63,0.800838,92.823162
1182.300,93.1224,300.0000,65.0000,64.9944,13932.21,0.801283,92.823162
1182.400,93.1224,300.0000,65.0625,64.9943,13934.62,0.801699,92.823162
1182.500,93.1224,300.0000,65.0000,64.9942,13936.87,0.802088,92.823162
1182.600,93.1224,300.0000,65.0000,64.9941,13938.97,0.802450,92.823162
1182.700,93.1224,300.0000,65.0625,64.9939,13940.93,0.802788,92.823162
1182.800,93.1224,300.0000,65.0000,64.9937,13942.75,0.803104,92.823162
1182.900,93.1224,300.0000,64.9375,64.9936,13944.46,0.803399,92.823162
1183.000,92.5172,300.0000,65.0000,64.9934,13940.00,0.802629,92.816358
1183.100,92.5172,300.0000,64.9375,64.9933,13935.84,0.801910,92.816358
1183.200,92.5172,300.0000,65.0000,64.9932,13931.96,0.801240,92.816358
1183.300,92.5172,300.0000,65.0000,64.9932,13928.33,0.800614,92.816358
1183.400,92.5172,300.0000,65.0000,64.9932,13924.95,0.800031,92.816358
1183.500,92.5172,300.0000,65.0625,64.9932,13921.79,0.799487,92.816358
1183.600,92.5172,300.0000,65.0625,64.9932,13918.84,0.798979,92.816358
1183.700,92.5172,300.0000,65.0000,64.9933,13916.09,0.798505,92.816358
1183.800,92.5172,300.0000,65.0000,64.9933,13913.52,0.798064,92.816358
1183.900,92.5172,300.0000,65.0625,64.9934,13911.13,0.797651,92.816358
1184.000,93.1224,300.0000,65.0000,64.9935,13914.94,0.798308,92.823162
1184.100,93.1224,300.0000,65.0000,64.9935,13918.50,0.798921,92.823162
1184.200,93.1224,300.0000,64.9375,64.9936,13921.83,0.799493,92.823162
1184.300,93.1224,300.0000,65.0000,64.9935,13924.93,0.800028,92.823162
1184.400,93.1224,300.0000,65.0000,64.9935,13927.82,0.800527,92.823162
1184.500,93.1224,300.0000,65.0000,64.9934,13930.52,0.800993,92.823162
1184.600,93.1224,300.0000,64.9375,64.9933,13933.05,0.801428,92.823162
1184.700,93.1224,300.0000,65.0000,64.9932,13935.40,0.801834,92.823162
1184.800,93.1224,300.0000,64.9375,64.9931,13937.60,0.802213,92.823162
1184.900,93.1224,300.0000,65.0000,64.9930,13939.65,0.802568,92.823162
1185.000,92.8232,300.0000,64.9375,64.9928,13938.57,0.802381,92.823162
1185.100,92.8232,300.0000,65.0000,64.9927,13937.56,0.802208,92.823162
1185.200,92.8232,300.0000,65.0625,64.9926,13936.62,0.802045,92.823162
1185.300,92.8232,300.0000,65.0625,64.9925,13935.75,0.801894,92.823162
1185.400,92.8232,300.0000,65.0625,64.9924,13934.93,0.801753,92.823162
1185.500,92.8232,300.0000,65.0625,64.9923,13934.17,0.801621,92.823162
1185.600,92.8232,300.0000,65.0000,64.9922,13933.45,0.801498,92.823162
1185.700,92.8232,300.0000,65.0000,64.9922,13932.79,0.801383,92.823162
1185.800,92.8232,300.0000,65.0625,64.9921,13932.17,0.801276,92.823162
1185.900,92.8232,300.0000,65.0625,64.9920,13931.59,0.801176,92.823162
1186.000,93.1292,300.0000,65.0625,64.9919,13934.11,0.801611,92.829966
1186.100,93.1292,300.0000,65.0000,64.9918,13936.46,0.802017,92.829966
1186.200,93.1292,300.0000,65.0625,64.9917,13938.65,0.802396,92.829966
1186.300,93.1292,300.0000,64.9375,64.9915,13940.70,0.802749,92.829966
1186.400,93.1292,300.0000,65.0625,64.9914,13942.61,0.803080,92.829966
1186.500,93.1292,300.0000,65.0000,64.9912,13944.40,0.803388,92.829966
1186.600,93.1292,300.0000,64.9375,64.9910,13946.06,0.803676,92.829966
1186.700,93.1292,300.0000,65.0000,64.9908,13947.62,0.803945,92.829966
1186.800,93.1292,300.0000,65.0625,64.9906,13949.07,0.804195,92.829966
1186.900,93.1292,300.0000,65.0625,64.9904,13950.42,0.804430,92.829966
1187.000,93.1360,300.0000,65.0625,64.9901,13951.75,0.804660,92.836770
1187.100,93.1360,300.0000,64.9375,64.9899,13952.99,0.804875,92.836770
1187.200,93.1360,300.0000,65.0625,64.9896,13954.15,0.805076,92.836770
1187.300,93.1360,300.0000,65.0625,64.9894,13955.24,0.805263,92.836770
1187.400,93.1360,300.0000,65.0625,64.9891,13956.25,0.805438,92.836770
1187.500,93.1360,300.0000,65.0000,64.9888,13957.19,0.805601,92.836770
1187.600,93.1360,300.0000,65.0000,64.9886,13958.07,0.805754,92.836770
1187.700,93.1360,300.0000,65.0000,64.9883,13958.89,0.805896,92.836770
1187.800,93.1360,300.0000,65.0000,64.9880,13959.66,0.806029,92.836770
1187.900,93.1360,300.0000,64.9375,64.9877,13960.38,0.806153,92.836770
1188.000,92.5308,300.0000,65.0000,64.9874,13954.99,0.805221,92.829966
1188.100,92.5308,300.0000,64.9375,64.9872,13949.97,0.804351,92.829966
1188.200,92.5308,300.0000,65.0625,64.9870,13945.28,0.803540,92.829966
1188.300,92.5308,300.0000,64.9375,64.9869,13940.90,0.802784,92.829966
1188.400,92.5308,300.0000,65.0000,64.9868,13936.81,0.802078,92.829966
1188.500,92.5308,300.0000,64.9375,64.9867,13933.00,0.801420,92.829966
1188.600,92.5308,300.0000,65.0000,64.9867,13929.44,0.800806,92.829966
1188.700,92.5308,300.0000,65.0000,64.9867,13926.12,0.800233,92.829966
1188.800,92.5308,300.0000,65.0000,64.9867,13923.02,0.799699,92.829966
1188.900,92.5308,300.0000,65.0625,64.9867,13920.13,0.799200,92.829966
1189.000,93.1360,300.0000,65.0000,64.9867,13923.48,0.799778,92.836770
1189.100,93.1360,300.0000,65.0000,64.9867,13926.60,0.800317,92.836770
1189.200,93.1360,300.0000,65.0000,64.9867,13929.52,0.800820,92.836770
1189.300,93.1360,300.0000,65.0000,64.9866,13932.25,0.801290,92.836770
1189.400,93.1360,300.0000,64.8750,64.9865,13934.79,0.801729,92.836770
1189.500,93.1360,300.0000,65.0000,64.9864,13937.17,0.802139,92.836770
1189.600,93.1360,300.0000,64.9375,64.9863,13939.38,0.802521,92.836770
1189.700,93.1360,300.0000,65.0000,64.9862,13941.45,0.802879,92.836770
1189.800,93.1360,300.0000,65.0000,64.9860,13943.38,0.803212,92.836770
1189.900,93.1360,300.0000,65.0625,64.9858,13945.18,0.803523,92.836770
1190.000,93.1428,300.0000,64.9375,64.9857,13946.93,0.803826,92.843574
1190.100,93.1428,300.0000,64.9375,64.9855,13948.56,0.804108,92.843574
1190.200,93.1428,300.0000,65.0625,64.9853,13950.08,0.804372,92.843574
1190.300,93.1428,300.0000,64.9375,64.9850,13951.51,0.804618,92.843574
1190.400,93.1428,300.0000,65.0000,64.9848,13952.83,0.804847,92.843574
1190.500,93.1428,300.0000,64.9375,64.9846,13954.07,0.805062,92.843574
1190.600,93.1428,300.0000,65.0000,64.9843,13955.23,0.805262,92.843574
1190.700,93.1428,300.0000,64.9375,64.9841,13956.31,0.805449,92.843574
1190.800,93.1428,300.0000,65.0000,64.9838,13957.31,0.805623,92.843574
1190.900,93.1428,300.0000,65.0625,64.9835,13958.25,0.805786,92.843574
1191.000,93.1496,300.0000,64.9375,64.9832,13959.20,0.805950,92.850379
1191.100,93.1496,300.0000,65.0625,64.9829,13960.08,0.806102,92.850379
1191.200,93.1496,300.0000,64.9375,64.9827,13960.91,0.806245,92.850379
1191.300,93.1496,300.0000,64.8750,64.9824,13961.67,0.806378,92.850379
1191.400,93.1496,300.0000,65.0625,64.9821,13962.39,0.806503,92.850379
1191.500,93.1496,300.0000,64.9375,64.9817,13963.06,0.806619,92.850379
1191.600,93.1496,300.0000,64.9375,64.9814,13963.69,0.806727,92.850379
1191.700,93.1496,300.0000,64.9375,64.9811,13964.27,0.806828,92.850379
1191.800,93.1496,300.0000,64.9375,64.9808,13964.81,0.806922,92.850379
1191.900,93.1496,300.0000,65.0625,64.9805,13965.32,0.807010,92.850379
1192.000,93.1564,300.0000,65.0625,64.9801,13965.86,0.807104,92.857183
1192.100,93.1564,300.0000,65.0625,64.9798,13966.37,0.807192,92.857183
1192.200,93.1564,300.0000,64.9375,64.9795,13966.84,0.807274,92.857183
1192.300,93.1564,300.0000,65.0625,64.9791,13967.28,0.807351,92.857183
1192.400,93.1564,300.0000,65.0000,64.9788,13967.70,0.807422,92.857183
1192.500,93.1564,300.0000,65.0000,64.9784,13968.08,0.807489,92.857183
1192.600,93.1564,300.0000,65.0000,64.9781,13968.44,0.807551,92.857183
1192.700,93.1564,300.0000,65.0625,64.9778,13968.77,0.807609,92.857183
1192.800,93.1564,300.0000,64.9375,64.9774,13969.09,0.807663,92.857183
1192.900,93.1564,300.0000,65.0000,64.9771,13969.38,0.807713,92.857183
1193.000,92.8572,300.0000,65.0000,64.9767,13966.66,0.807242,92.857183
1193.100,92.8572,300.0000,65.0000,64.9764,13964.12,0.806802,92.857183
1193.200,92.8572,300.0000,65.0000,64.9761,13961.75,0.806391,92.857183
1193.300,92.8572,300.0000,65.0000,64.9759,13959.54,0.806008,92.857183
1193.400,92.8572,300.0000,65.0000,64.9756,13957.47,0.805650,92.857183
1193.500,92.8572,300.0000,65.0000,64.9754,13955.55,0.805317,92.857183
1193.600,92.8572,300.0000,65.0000,64.9752,13953.75,0.805006,92.857183
1193.700,92.8572,300.0000,65.0000,64.9750,13952.07,0.804715,92.857183
1193.800,92.8572,300.0000,65.0625,64.9748,13950.50,0.804444,92.857183
1193.900,92.8572,300.0000,64.9375,64.9746,13949.04,0.804191,92.857183
1194.000,92.5512,300.0000,64.9375,64.9745,13944.62,0.803426,92.850379
1194.100,92.5512,300.0000,65.1250,64.9744,13940.49,0.802713,92.850379
1194.200,92.5512,300.0000,65.0625,64.9743,13936.63,0.802047,92.850379
1194.300,92.5512,300.0000,64.9375,64.9742,13933.04,0.801426,92.850379
1194.400,92.5512,300.0000,65.0000,64.9742,13929.68,0.800847,92.850379
1194.500,92.5512,300.0000,65.0000,64.9742,13926.55,0.800307,92.850379
1194.600,92.5512,300.0000,65.0625,64.9743,13923.62,0.799803,92.850379
1194.700,92.5512,300.0000,65.0000,64.9743,13920.89,0.799333,92.850379
1194.800,92.5512,300.0000,64.9375,64.9744,13918.34,0.798894,92.850379
1194.900,92.5512,300.0000,65.0000,64.9745,13915.97,0.798484,92.850379
1195.000,92.8504,300.0000,64.9375,64.9746,13916.74,0.798617,92.850379
1195.100,92.8504,300.0000,65.0625,64.9747,13917.46,0.798742,92.850379
1195.200,92.8504,300.0000,65.0625,64.9748,13918.13,0.798857,92.850379
1195.300,92.8504,300.0000,65.0000,64.9748,13918.76,0.798966,92.850379
1195.400,92.8504,300.0000,65.0000,64.9749,13919.35,0.799067,92.850379
1195.500,92.8504,300.0000,64.8750,64.9750,13919.90,0.799161,92.850379
1195.600,92.8504,300.0000,64.8750,64.9750,13920.41,0.799249,92.850379
1195.700,92.8504,300.0000,65.0625,64.9751,13920.88,0.799331,92.850379
1195.800,92.8504,300.0000,65.0625,64.9752,13921.33,0.799408,92.850379
1195.900,92.8504,300.0000,65.0000,64.9752,13921.74,0.799479,92.850379
1196.000,92.8504,300.0000,65.0000,64.9752,13922.13,0.799546,92.850379
1196.100,92.8504,300.0000,64.9375,64.9753,13922.49,0.799608,92.850379
1196.200,92.8504,300.0000,65.0000,64.9753,13922.83,0.799666,92.850379
1196.300,92.8504,300.0000,65.0000,64.9754,13923.15,0.799721,92.850379
1196.400,92.8504,300.0000,65.0000,64.9754,13923.44,0.799771,92.850379
1196.500,92.8504,300.0000,64.9375,64.9754,13923.71,0.799819,92.850379
1196.600,92.8504,300.0000,64.9375,64.9755,13923.97,0.799863,92.850379
1196.700,92.8504,300.0000,64.9375,64.9755,13924.21,0.799904,92.850379
1196.800,92.8504,300.0000,65.0000,64.9755,13924.43,0.799942,92.850379
1196.900,92.8504,300.0000,64.9375,64.9755,13924.64,0.799978,92.850379
1197.000,92.5444,300.0000,65.0000,64.9756,13921.78,0.799485,92.843574
1197.100,92.5444,300.0000,65.0000,64.9757,13919.10,0.799024,92.843574
1197.200,92.5444,300.0000,65.0000,64.9758,13916.60,0.798594,92.843574
1197.300,92.5444,300.0000,64.9375,64.9759,13914.27,0.798193,92.843574
1197.400,92.5444,300.0000,65.0000,64.9760,13912.10,0.797819,92.843574
1197.500,92.5444,300.0000,65.0000,64.9761,13910.07,0.797470,92.843574
1197.600,92.5444,300.0000,65.0000,64.9763,13908.18,0.797144,92.843574
1197.700,92.5444,300.0000,65.0000,64.9765,13906.41,0.796840,92.843574
1197.800,92.5444,300.0000,65.0000,64.9767,13904.76,0.796556,92.843574
1197.900,92.5444,300.0000,65.0000,64.9769,13903.22,0.796292,92.843574
1198.000,92.8436,300.0000,64.9375,64.9770,13904.77,0.796559,92.843574
1198.100,92.8436,300.0000,64.9375,64.9772,13906.22,0.796808,92.843574
1198.200,92.8436,300.0000,64.9375,64.9774,13907.58,0.797041,92.843574
1198.300,92.8436,300.0000,64.9375,64.9775,13908.84,0.797258,92.843574
1198.400,92.8436,300.0000,65.0000,64.9777,13910.02,0.797461,92.843574
1198.500,92.8436,300.0000,64.9375,64.9778,13911.12,0.797651,92.843574
1198.600,92.8436,300.0000,65.0000,64.9779,13912.15,0.797827,92.843574
1198.700,92.8436,300.0000,65.0000,64.9780,13913.11,0.797992,92.843574
1198.800,92.8436,300.0000,64.9375,64.9782,13914.00,0.798146,92.843574
1198.900,92.8436,300.0000,64.9375,64.9783,13914.84,0.798290,92.843574
1199.000,92.5376,300.0000,65.0000,64.9784,13912.56,0.797898,92.836770
1199.100,92.5376,300.0000,64.9375,64.9785,13910.43,0.797532,92.836770
1199.200,92.5376,300.0000,65.0625,64.9787,13908.44,0.797190,92.836770
1199.300,92.5376,300.0000,64.9375,64.9788,13906.59,0.796871,92.836770
1199.400,92.5376,300.0000,64.9375,64.9790,13904.86,0.796574,92.836770
1199.500,92.5376,300.0000,65.0000,64.9792,13903.25,0.796297,92.836770
1199.600,92.5376,300.0000,65.0625,64.9794,13901.74,0.796038,92.836770
1199.700,92.5376,300.0000,65.0000,64.9796,13900.33,0.795796,92.836770
1199.800,92.5376,300.0000,64.9375,64.9799,13899.02,0.795570,92.836770
1199.900,92.5376,300.0000,65.0000,64.9801,13897.79,0.795360,92.836770
