epoch_ms,setpt,requester,fan0,fan0_raw,fan0_pwm,fan0_pwm_raw,die0,die0_raw,failsafe
1786440681038,3000,Minimum,3346,3346,nan,nan,25,25,0
1786440681142,3000,Minimum,3421,3421,0.3,-1,25,25,0
1786440681238,3000,Minimum,3491,3491,0.3,-1,25,25,0
1786440681341,3000,Minimum,3556,3556,0.3,-1,25,25,0
1786440681438,3000,Minimum,3617,3617,0.3,-1,25,25,0
1786440681538,3000,Minimum,3674,3674,0.3,-1,25,25,0
1786440681638,3000,Minimum,3727,3727,0.3,-1,25,25,0
1786440681742,3000,Minimum,3777,3777,0.3,-1,25,25,0
1786440681838,3000,Minimum,3823,3823,0.3,-1,25,25,0
1786440681938,3000,Minimum,3866,3866,0.3,-1,25,25,0
1786440682038,3000,Minimum,3906,3906,0.3,-1,25,25,0
1786440682138,3000,Minimum,3944,3944,0.3,-1,25.0625,25.0625,0
1786440682238,3000,Minimum,3979,3979,0.3,-1,25.0625,25.0625,0
1786440682338,3000,Minimum,4012,4012,0.3,-1,25.0625,25.0625,0
1786440682442,3000,Minimum,4042,4042,0.3,-1,25.0625,25.0625,0
1786440682538,3000,Minimum,4071,4071,0.3,-1,25.0625,25.0625,0
1786440682638,3000,Minimum,4098,4098,0.3,-1,25.0625,25.0625,0
1786440682742,3000,Minimum,4122,4122,0.3,-1,25.0625,25.0625,0
1786440682838,3000,Minimum,4146,4146,0.3,-1,25.0625,25.0625,0
1786440682938,3000,Minimum,4167,4167,0.3,-1,25.0625,25.0625,0
1786440683038,3000,Minimum,4188,4188,0.3,-1,25.0625,25.0625,0
1786440683138,3000,Minimum,4206,4206,0.3,-1,25.125,25.125,0
1786440683238,3000,Minimum,4224,4224,0.3,-1,25.125,25.125,0
1786440683338,3000,Minimum,4240,4240,0.3,-1,25.125,25.125,0
1786440683438,3000,Minimum,4256,4256,0.3,-1,25.125,25.125,0
1786440683538,3000,Minimum,4270,4270,0.3,-1,25.125,25.125,0
1786440683638,3000,Minimum,4283,4283,0.3,-1,25.125,25.125,0
1786440683738,3000,Minimum,4296,4296,0.3,-1,25.125,25.125,0
1786440683838,3000,Minimum,4308,4308,0.3,-1,25.125,25.125,0
1786440683938,3000,Minimum,4318,4318,0.3,-1,25.125,25.125,0
1786440684038,3000,Minimum,4329,4329,0.3,-1,25.125,25.125,0
1786440684141,3000,Minimum,4338,4338,0.3,-1,25.5625,25.5625,0
1786440684244,3000,Minimum,4347,4347,0.3,-1,25.5625,25.5625,0
1786440684339,3000,Minimum,4355,4355,0.3,-1,25.5625,25.5625,0
1786440684438,3000,Minimum,4363,4363,0.3,-1,25.5625,25.5625,0
1786440684538,3000,Minimum,4370,4370,0.3,-1,25.5625,25.5625,0
1786440684638,3000,Minimum,4377,4377,0.3,-1,25.5625,25.5625,0
1786440684738,3000,Minimum,4383,4383,0.3,-1,25.5625,25.5625,0
1786440684838,3000,Minimum,4389,4389,0.3,-1,25.5625,25.5625,0
1786440684938,3000,Minimum,4394,4394,0.3,-1,25.5625,25.5625,0
1786440685038,3000,Minimum,4399,4399,0.3,-1,25.5625,25.5625,0
1786440685138,3000,Minimum,4404,4404,0.3,-1,26.125,26.125,0
1786440685238,3000,Minimum,4409,4409,0.3,-1,26.125,26.125,0
1786440685340,3000,Minimum,4413,4413,0.3,-1,26.125,26.125,0
1786440685438,3000,Minimum,4417,4417,0.3,-1,26.125,26.125,0
1786440685538,3000,Minimum,4420,4420,0.3,-1,26.125,26.125,0
1786440685638,3000,Minimum,4424,4424,0.3,-1,26.125,26.125,0
1786440685738,3000,Minimum,4427,4427,0.3,-1,26.125,26.125,0
1786440685838,3000,Minimum,4430,4430,0.3,-1,26.125,26.125,0
1786440685938,3000,Minimum,4432,4432,0.3,-1,26.125,26.125,0
1786440686038,3000,Minimum,4435,4435,0.3,-1,26.125,26.125,0
1786440686138,3000,Minimum,4437,4437,0.3,-1,26.75,26.75,0
1786440686239,3000,Minimum,4439,4439,0.3,-1,26.75,26.75,0
1786440686338,3000,Minimum,4442,4442,0.3,-1,26.75,26.75,0
1786440686438,3000,Minimum,4443,4443,0.3,-1,26.75,26.75,0
1786440686538,3000,Minimum,4445,4445,0.3,-1,26.75,26.75,0
1786440686638,3000,Minimum,4447,4447,0.3,-1,26.75,26.75,0
1786440686738,3000,Minimum,4449,4449,0.3,-1,26.75,26.75,0
1786440686838,3000,Minimum,4450,4450,0.3,-1,26.75,26.75,0
1786440686938,3000,Minimum,4451,4451,0.3,-1,26.75,26.75,0
1786440687038,3000,Minimum,4453,4453,0.3,-1,26.75,26.75,0
1786440687138,3000,Minimum,4454,4454,0.3,-1,27.4375,27.4375,0
1786440687238,3000,Minimum,4455,4455,0.3,-1,27.4375,27.4375,0
1786440687338,3000,Minimum,4456,4456,0.3,-1,27.4375,27.4375,0
1786440687438,3000,Minimum,4457,4457,0.3,-1,27.4375,27.4375,0
1786440687540,3000,Minimum,4458,4458,0.3,-1,27.4375,27.4375,0
1786440687638,3000,Minimum,4459,4459,0.3,-1,27.4375,27.4375,0
1786440687741,3000,Minimum,4460,4460,0.3,-1,27.4375,27.4375,0
1786440687838,3000,Minimum,4460,4460,0.3,-1,27.4375,27.4375,0
1786440687938,3000,Minimum,4461,4461,0.3,-1,27.4375,27.4375,0
1786440688038,3000,Minimum,4462,4462,0.3,-1,27.4375,27.4375,0
1786440688138,3000,Minimum,4462,4462,0.3,-1,28.125,28.125,0
1786440688238,3000,Minimum,4463,4463,0.3,-1,28.125,28.125,0
1786440688342,3000,Minimum,4463,4463,0.3,-1,28.125,28.125,0
1786440688438,3000,Minimum,4464,4464,0.3,-1,28.125,28.125,0
1786440688540,3000,Minimum,4464,4464,0.3,-1,28.125,28.125,0
1786440688638,3000,Minimum,4465,4465,0.3,-1,28.125,28.125,0
1786440688738,3000,Minimum,4465,4465,0.3,-1,28.125,28.125,0
1786440688838,3000,Minimum,4465,4465,0.3,-1,28.125,28.125,0
1786440688938,3000,Minimum,4466,4466,0.3,-1,28.125,28.125,0
1786440689038,3000,Minimum,4466,4466,0.3,-1,28.125,28.125,0
1786440689138,3000,Minimum,4466,4466,0.3,-1,28.875,28.875,0
1786440689238,3000,Minimum,4467,4467,0.3,-1,28.875,28.875,0
1786440689345,3000,Minimum,4467,4467,0.3,-1,28.875,28.875,0
1786440689438,3000,Minimum,4467,4467,0.3,-1,28.875,28.875,0
1786440689538,3000,Minimum,4467,4467,0.3,-1,28.875,28.875,0
1786440689638,3000,Minimum,4468,4468,0.3,-1,28.875,28.875,0
1786440689738,3000,Minimum,4468,4468,0.3,-1,28.875,28.875,0
1786440689840,3000,Minimum,4468,4468,0.3,-1,28.875,28.875,0
1786440689938,3000,Minimum,4468,4468,0.3,-1,28.875,28.875,0
1786440690038,3000,Minimum,4468,4468,0.3,-1,28.875,28.875,0
1786440690138,3000,Minimum,4468,4468,0.3,-1,29.5625,29.5625,0
1786440690238,3000,Minimum,4469,4469,0.3,-1,29.5625,29.5625,0
1786440690340,3000,Minimum,4469,4469,0.3,-1,29.5625,29.5625,0
1786440690438,3000,Minimum,4469,4469,0.3,-1,29.5625,29.5625,0
1786440690539,3000,Minimum,4469,4469,0.3,-1,29.5625,29.5625,0
1786440690638,3000,Minimum,4469,4469,0.3,-1,29.5625,29.5625,0
1786440690742,3000,Minimum,4469,4469,0.3,-1,29.5625,29.5625,0
1786440690838,3000,Minimum,4469,4469,0.3,-1,29.5625,29.5625,0
1786440690939,3000,Minimum,4469,4469,0.3,-1,29.5625,29.5625,0
1786440691038,3000,Minimum,4469,4469,0.3,-1,29.5625,29.5625,0
1786440691138,3000,Minimum,4470,4470,0.3,-1,30.3125,30.3125,0
1786440691238,3000,Minimum,4470,4470,0.3,-1,30.3125,30.3125,0
1786440691347,3000,Minimum,4470,4470,0.3,-1,30.3125,30.3125,0
1786440691438,3000,Minimum,4470,4470,0.3,-1,30.3125,30.3125,0
1786440691538,3000,Minimum,4470,4470,0.3,-1,30.3125,30.3125,0
1786440691642,3000,Minimum,4470,4470,0.3,-1,30.3125,30.3125,0
1786440691744,3000,Minimum,4470,4470,0.3,-1,30.3125,30.3125,0
1786440691838,3000,Minimum,4470,4470,0.3,-1,30.3125,30.3125,0
1786440691938,3000,Minimum,4470,4470,0.3,-1,30.3125,30.3125,0
1786440692038,3000,Minimum,4470,4470,0.3,-1,30.3125,30.3125,0
1786440692139,3000,Minimum,4470,4470,0.3,-1,31.0625,31.0625,0
1786440692238,3000,Minimum,4470,4470,0.3,-1,31.0625,31.0625,0
1786440692338,3000,Minimum,4470,4470,0.3,-1,31.0625,31.0625,0
1786440692438,3000,Minimum,4470,4470,0.3,-1,31.0625,31.0625,0
1786440692538,3000,Minimum,4470,4470,0.3,-1,31.0625,31.0625,0
1786440692638,3000,Minimum,4470,4470,0.3,-1,31.0625,31.0625,0
1786440692738,3000,Minimum,4470,4470,0.3,-1,31.0625,31.0625,0
1786440692838,3000,Minimum,4470,4470,0.3,-1,31.0625,31.0625,0
1786440692938,3000,Minimum,4470,4470,0.3,-1,31.0625,31.0625,0
1786440693038,3000,Minimum,4470,4470,0.3,-1,31.0625,31.0625,0
1786440693141,3000,Minimum,4470,4470,0.3,-1,31.6875,31.6875,0
1786440693238,3000,Minimum,4470,4470,0.3,-1,31.6875,31.6875,0
1786440693338,3000,Minimum,4470,4470,0.3,-1,31.6875,31.6875,0
1786440693438,3000,Minimum,4470,4470,0.3,-1,31.6875,31.6875,0
1786440693538,3000,Minimum,4470,4470,0.3,-1,31.6875,31.6875,0
1786440693638,3000,Minimum,4470,4470,0.3,-1,31.6875,31.6875,0
1786440693738,3000,Minimum,4470,4470,0.3,-1,31.6875,31.6875,0
1786440693838,3000,Minimum,4470,4470,0.3,-1,31.6875,31.6875,0
1786440693938,3000,Minimum,4470,4470,0.3,-1,31.6875,31.6875,0
1786440694038,3000,Minimum,4470,4470,0.3,-1,31.6875,31.6875,0
1786440694138,3000,Minimum,4470,4470,0.3,-1,32.5625,32.5625,0
1786440694238,3000,Minimum,4470,4470,0.3,-1,32.5625,32.5625,0
1786440694338,3000,Minimum,4470,4470,0.3,-1,32.5625,32.5625,0
1786440694438,3000,Minimum,4470,4470,0.3,-1,32.5625,32.5625,0
1786440694538,3000,Minimum,4470,4470,0.3,-1,32.5625,32.5625,0
1786440694638,3000,Minimum,4470,4470,0.3,-1,32.5625,32.5625,0
1786440694738,3000,Minimum,4470,4470,0.3,-1,32.5625,32.5625,0
1786440694838,3000,Minimum,4471,4471,0.3,-1,32.5625,32.5625,0
1786440694938,3000,Minimum,4471,4471,0.3,-1,32.5625,32.5625,0
1786440695038,3000,Minimum,4471,4471,0.3,-1,32.5625,32.5625,0
1786440695138,3000,Minimum,4471,4471,0.3,-1,33.25,33.25,0
1786440695238,3000,Minimum,4471,4471,0.3,-1,33.25,33.25,0
1786440695338,3000,Minimum,4471,4471,0.3,-1,33.25,33.25,0
1786440695438,3000,Minimum,4471,4471,0.3,-1,33.25,33.25,0
1786440695538,3000,Minimum,4471,4471,0.3,-1,33.25,33.25,0
1786440695638,3000,Minimum,4471,4471,0.3,-1,33.25,33.25,0
1786440695738,3000,Minimum,4471,4471,0.3,-1,33.25,33.25,0
1786440695838,3000,Minimum,4471,4471,0.3,-1,33.25,33.25,0
1786440695938,3000,Minimum,4471,4471,0.3,-1,33.25,33.25,0
1786440696038,3000,Minimum,4471,4471,0.3,-1,33.25,33.25,0
1786440696138,3000,Minimum,4471,4471,0.3,-1,33.8125,33.8125,0
1786440696238,3000,Minimum,4471,4471,0.3,-1,33.8125,33.8125,0
1786440696338,3000,Minimum,4471,4471,0.3,-1,33.8125,33.8125,0
1786440696438,3000,Minimum,4471,4471,0.3,-1,33.8125,33.8125,0
1786440696538,3000,Minimum,4471,4471,0.3,-1,33.8125,33.8125,0
1786440696638,3000,Minimum,4471,4471,0.3,-1,33.8125,33.8125,0
1786440696738,3000,Minimum,4471,4471,0.3,-1,33.8125,33.8125,0
1786440696838,3000,Minimum,4471,4471,0.3,-1,33.8125,33.8125,0
1786440696938,3000,Minimum,4471,4471,0.3,-1,33.8125,33.8125,0
1786440697038,3000,Minimum,4471,4471,0.3,-1,33.8125,33.8125,0
1786440697138,3000,Minimum,4471,4471,0.3,-1,34.4375,34.4375,0
1786440697238,3000,Minimum,4471,4471,0.3,-1,34.4375,34.4375,0
1786440697338,3000,Minimum,4471,4471,0.3,-1,34.4375,34.4375,0
1786440697438,3000,Minimum,4471,4471,0.3,-1,34.4375,34.4375,0
1786440697538,3000,Minimum,4471,4471,0.3,-1,34.4375,34.4375,0
1786440697638,3000,Minimum,4471,4471,0.3,-1,34.4375,34.4375,0
1786440697744,3000,Minimum,4471,4471,0.3,-1,34.4375,34.4375,0
1786440697838,3000,Minimum,4471,4471,0.3,-1,34.4375,34.4375,0
1786440697938,3000,Minimum,4471,4471,0.3,-1,34.4375,34.4375,0
1786440698038,3000,Minimum,4471,4471,0.3,-1,34.4375,34.4375,0
1786440698138,3000,Minimum,4471,4471,0.3,-1,35.125,35.125,0
1786440698238,3000,Minimum,4471,4471,0.3,-1,35.125,35.125,0
1786440698338,3000,Minimum,4471,4471,0.3,-1,35.125,35.125,0
1786440698438,3000,Minimum,4471,4471,0.3,-1,35.125,35.125,0
1786440698538,3000,Minimum,4471,4471,0.3,-1,35.125,35.125,0
1786440698638,3000,Minimum,4471,4471,0.3,-1,35.125,35.125,0
1786440698738,3000,Minimum,4471,4471,0.3,-1,35.125,35.125,0
1786440698838,3000,Minimum,4471,4471,0.3,-1,35.125,35.125,0
1786440698938,3000,Minimum,4471,4471,0.3,-1,35.125,35.125,0
1786440699038,3000,Minimum,4471,4471,0.3,-1,35.125,35.125,0
1786440699138,3000,Minimum,4471,4471,0.3,-1,35.8125,35.8125,0
1786440699238,3000,Minimum,4471,4471,0.3,-1,35.8125,35.8125,0
1786440699338,3000,Minimum,4471,4471,0.3,-1,35.8125,35.8125,0
1786440699438,3000,Minimum,4471,4471,0.3,-1,35.8125,35.8125,0
1786440699538,3000,Minimum,4471,4471,0.3,-1,35.8125,35.8125,0
1786440699638,3000,Minimum,4471,4471,0.3,-1,35.8125,35.8125,0
1786440699738,3000,Minimum,4471,4471,0.3,-1,35.8125,35.8125,0
1786440699838,3000,Minimum,4471,4471,0.3,-1,35.8125,35.8125,0
1786440699938,3000,Minimum,4471,4471,0.3,-1,35.8125,35.8125,0
1786440700038,3000,Minimum,4471,4471,0.3,-1,35.8125,35.8125,0
1786440700139,3000,Minimum,4471,4471,0.3,-1,36.4375,36.4375,0
1786440700238,3000,Minimum,4471,4471,0.3,-1,36.4375,36.4375,0
1786440700338,3000,Minimum,4471,4471,0.3,-1,36.4375,36.4375,0
1786440700438,3000,Minimum,4471,4471,0.3,-1,36.4375,36.4375,0
1786440700538,3000,Minimum,4471,4471,0.3,-1,36.4375,36.4375,0
1786440700638,3000,Minimum,4471,4471,0.3,-1,36.4375,36.4375,0
1786440700738,3000,Minimum,4471,4471,0.3,-1,36.4375,36.4375,0
1786440700838,3000,Minimum,4471,4471,0.3,-1,36.4375,36.4375,0
1786440700938,3000,Minimum,4471,4471,0.3,-1,36.4375,36.4375,0
1786440701038,3000,Minimum,4471,4471,0.3,-1,36.4375,36.4375,0
1786440701138,3000,Minimum,4471,4471,0.3,-1,37.0625,37.0625,0
1786440701240,3000,Minimum,4471,4471,0.3,-1,37.0625,37.0625,0
1786440701338,3000,Minimum,4471,4471,0.3,-1,37.0625,37.0625,0
1786440701438,3000,Minimum,4471,4471,0.3,-1,37.0625,37.0625,0
1786440701538,3000,Minimum,4471,4471,0.3,-1,37.0625,37.0625,0
1786440701638,3000,Minimum,4471,4471,0.3,-1,37.0625,37.0625,0
1786440701738,3000,Minimum,4471,4471,0.3,-1,37.0625,37.0625,0
1786440701838,3000,Minimum,4471,4471,0.3,-1,37.0625,37.0625,0
1786440701938,3000,Minimum,4471,4471,0.3,-1,37.0625,37.0625,0
1786440702038,3000,Minimum,4471,4471,0.3,-1,37.0625,37.0625,0
1786440702141,3000,Minimum,4471,4471,0.3,-1,37.6875,37.6875,0
1786440702241,3000,Minimum,4471,4471,0.3,-1,37.6875,37.6875,0
1786440702338,3000,Minimum,4471,4471,0.3,-1,37.6875,37.6875,0
1786440702438,3000,Minimum,4471,4471,0.3,-1,37.6875,37.6875,0
1786440702538,3000,Minimum,4471,4471,0.3,-1,37.6875,37.6875,0
1786440702638,3000,Minimum,4471,4471,0.3,-1,37.6875,37.6875,0
1786440702738,3000,Minimum,4471,4471,0.3,-1,37.6875,37.6875,0
1786440702839,3000,Minimum,4471,4471,0.3,-1,37.6875,37.6875,0
1786440702938,3000,Minimum,4471,4471,0.3,-1,37.6875,37.6875,0
1786440703038,3000,Minimum,4471,4471,0.3,-1,37.6875,37.6875,0
1786440703138,3000,Minimum,4471,4471,0.3,-1,38.375,38.375,0
1786440703238,3000,Minimum,4471,4471,0.3,-1,38.375,38.375,0
1786440703338,3000,Minimum,4471,4471,0.3,-1,38.375,38.375,0
1786440703438,3000,Minimum,4471,4471,0.3,-1,38.375,38.375,0
1786440703538,3000,Minimum,4471,4471,0.3,-1,38.375,38.375,0
1786440703638,3000,Minimum,4471,4471,0.3,-1,38.375,38.375,0
1786440703738,3000,Minimum,4471,4471,0.3,-1,38.375,38.375,0
1786440703838,3000,Minimum,4471,4471,0.3,-1,38.375,38.375,0
1786440703938,3000,Minimum,4471,4471,0.3,-1,38.375,38.375,0
1786440704038,3000,Minimum,4471,4471,0.3,-1,38.375,38.375,0
1786440704138,3000,Minimum,4471,4471,0.3,-1,38.75,38.75,0
1786440704238,3000,Minimum,4471,4471,0.3,-1,38.75,38.75,0
1786440704339,3000,Minimum,4471,4471,0.3,-1,38.75,38.75,0
1786440704438,3000,Minimum,4471,4471,0.3,-1,38.75,38.75,0
1786440704538,3000,Minimum,4471,4471,0.3,-1,38.75,38.75,0
1786440704638,3000,Minimum,4471,4471,0.3,-1,38.75,38.75,0
1786440704738,3000,Minimum,4471,4471,0.3,-1,38.75,38.75,0
1786440704838,3000,Minimum,4471,4471,0.3,-1,38.75,38.75,0
1786440704938,3000,Minimum,4471,4471,0.3,-1,38.75,38.75,0
1786440705038,3000,Minimum,4471,4471,0.3,-1,38.75,38.75,0
1786440705138,3000,Minimum,4471,4471,0.3,-1,39.4375,39.4375,0
1786440705238,3000,Minimum,4471,4471,0.3,-1,39.4375,39.4375,0
1786440705338,3000,Minimum,4471,4471,0.3,-1,39.4375,39.4375,0
1786440705438,3000,Minimum,4471,4471,0.3,-1,39.4375,39.4375,0
1786440705538,3000,Minimum,4471,4471,0.3,-1,39.4375,39.4375,0
1786440705638,3000,Minimum,4471,4471,0.3,-1,39.4375,39.4375,0
1786440705739,3000,Minimum,4471,4471,0.3,-1,39.4375,39.4375,0
1786440705838,3000,Minimum,4471,4471,0.3,-1,39.4375,39.4375,0
1786440705938,3000,Minimum,4471,4471,0.3,-1,39.4375,39.4375,0
1786440706038,3000,Minimum,4471,4471,0.3,-1,39.4375,39.4375,0
1786440706138,3000,Minimum,4471,4471,0.3,-1,40,40,0
1786440706238,3000,Minimum,4471,4471,0.3,-1,40,40,0
1786440706339,3000,Minimum,4471,4471,0.3,-1,40,40,0
1786440706438,3000,Minimum,4471,4471,0.3,-1,40,40,0
1786440706538,3000,Minimum,4471,4471,0.3,-1,40,40,0
1786440706638,3000,Minimum,4471,4471,0.3,-1,40,40,0
1786440706738,3000,Minimum,4471,4471,0.3,-1,40,40,0
1786440706843,3000,Minimum,4471,4471,0.3,-1,40,40,0
1786440706938,3000,Minimum,4471,4471,0.3,-1,40,40,0
1786440707038,3000,Minimum,4471,4471,0.3,-1,40,40,0
1786440707138,3000,Minimum,4471,4471,0.3,-1,40.5,40.5,0
1786440707238,3000,Minimum,4471,4471,0.3,-1,40.5,40.5,0
1786440707338,3000,Minimum,4471,4471,0.3,-1,40.5,40.5,0
1786440707438,3000,Minimum,4471,4471,0.3,-1,40.5,40.5,0
1786440707538,3000,Minimum,4471,4471,0.3,-1,40.5,40.5,0
1786440707638,3000,Minimum,4471,4471,0.3,-1,40.5,40.5,0
1786440707738,3000,Minimum,4471,4471,0.3,-1,40.5,40.5,0
1786440707840,3000,Minimum,4471,4471,0.3,-1,40.5,40.5,0
1786440707938,3000,Minimum,4471,4471,0.3,-1,40.5,40.5,0
1786440708038,3000,Minimum,4471,4471,0.3,-1,40.5,40.5,0
1786440708138,3000,Minimum,4471,4471,0.3,-1,40.9375,40.9375,0
1786440708238,3000,Minimum,4471,4471,0.3,-1,40.9375,40.9375,0
1786440708338,3000,Minimum,4471,4471,0.3,-1,40.9375,40.9375,0
1786440708438,3000,Minimum,4471,4471,0.3,-1,40.9375,40.9375,0
1786440708538,3000,Minimum,4471,4471,0.3,-1,40.9375,40.9375,0
1786440708638,3000,Minimum,4471,4471,0.3,-1,40.9375,40.9375,0
1786440708738,3000,Minimum,4471,4471,0.3,-1,40.9375,40.9375,0
1786440708840,3000,Minimum,4471,4471,0.3,-1,40.9375,40.9375,0
1786440708938,3000,Minimum,4471,4471,0.3,-1,40.9375,40.9375,0
1786440709038,3000,Minimum,4471,4471,0.3,-1,40.9375,40.9375,0
1786440709138,3000,Minimum,4471,4471,0.3,-1,41.4375,41.4375,0
1786440709238,3000,Minimum,4471,4471,0.3,-1,41.4375,41.4375,0
1786440709338,3000,Minimum,4471,4471,0.3,-1,41.4375,41.4375,0
1786440709438,3000,Minimum,4471,4471,0.3,-1,41.4375,41.4375,0
1786440709538,3000,Minimum,4471,4471,0.3,-1,41.4375,41.4375,0
1786440709638,3000,Minimum,4471,4471,0.3,-1,41.4375,41.4375,0
1786440709738,3000,Minimum,4471,4471,0.3,-1,41.4375,41.4375,0
1786440709838,3000,Minimum,4471,4471,0.3,-1,41.4375,41.4375,0
1786440709938,3000,Minimum,4471,4471,0.3,-1,41.4375,41.4375,0
1786440710038,3000,Minimum,4471,4471,0.3,-1,41.4375,41.4375,0
1786440710138,3000,Minimum,4471,4471,0.3,-1,42,42,0
1786440710239,3000,Minimum,4471,4471,0.3,-1,42,42,0
1786440710338,3000,Minimum,4471,4471,0.3,-1,42,42,0
1786440710438,3000,Minimum,4471,4471,0.3,-1,42,42,0
1786440710538,3000,Minimum,4471,4471,0.3,-1,42,42,0
1786440710638,3000,Minimum,4471,4471,0.3,-1,42,42,0
1786440710738,3000,Minimum,4471,4471,0.3,-1,42,42,0
1786440710842,3000,Minimum,4471,4471,0.3,-1,42,42,0
1786440710938,3000,Minimum,4471,4471,0.3,-1,42,42,0
1786440711038,3000,Minimum,4471,4471,0.3,-1,42,42,0
1786440711138,3000,Minimum,4471,4471,0.3,-1,42.5,42.5,0
1786440711238,3000,Minimum,4471,4471,0.3,-1,42.5,42.5,0
1786440711338,3000,Minimum,4471,4471,0.3,-1,42.5,42.5,0
1786440711438,3000,Minimum,4471,4471,0.3,-1,42.5,42.5,0
1786440711538,3000,Minimum,4471,4471,0.3,-1,42.5,42.5,0
1786440711638,3000,Minimum,4471,4471,0.3,-1,42.5,42.5,0
1786440711738,3000,Minimum,4471,4471,0.3,-1,42.5,42.5,0
1786440711838,3000,Minimum,4471,4471,0.3,-1,42.5,42.5,0
1786440711938,3000,Minimum,4471,4471,0.3,-1,42.5,42.5,0
1786440712038,3000,Minimum,4471,4471,0.3,-1,42.5,42.5,0
1786440712141,3000,Minimum,4471,4471,0.3,-1,43.0625,43.0625,0
1786440712238,3000,Minimum,4471,4471,0.3,-1,43.0625,43.0625,0
1786440712338,3000,Minimum,4471,4471,0.3,-1,43.0625,43.0625,0
1786440712438,3000,Minimum,4471,4471,0.3,-1,43.0625,43.0625,0
1786440712538,3000,Minimum,4471,4471,0.3,-1,43.0625,43.0625,0
1786440712638,3000,Minimum,4471,4471,0.3,-1,43.0625,43.0625,0
1786440712738,3000,Minimum,4471,4471,0.3,-1,43.0625,43.0625,0
1786440712838,3000,Minimum,4471,4471,0.3,-1,43.0625,43.0625,0
1786440712946,3000,Minimum,4471,4471,0.3,-1,43.0625,43.0625,0
1786440713038,3000,Minimum,4471,4471,0.3,-1,43.0625,43.0625,0
1786440713138,3000,Minimum,4471,4471,0.3,-1,43.5625,43.5625,0
1786440713238,3000,Minimum,4471,4471,0.3,-1,43.5625,43.5625,0
1786440713338,3000,Minimum,4471,4471,0.3,-1,43.5625,43.5625,0
1786440713438,3000,Minimum,4471,4471,0.3,-1,43.5625,43.5625,0
1786440713538,3000,Minimum,4471,4471,0.3,-1,43.5625,43.5625,0
1786440713640,3000,Minimum,4471,4471,0.3,-1,43.5625,43.5625,0
1786440713738,3000,Minimum,4471,4471,0.3,-1,43.5625,43.5625,0
1786440713838,3000,Minimum,4471,4471,0.3,-1,43.5625,43.5625,0
1786440713938,3000,Minimum,4471,4471,0.3,-1,43.5625,43.5625,0
1786440714038,3000,Minimum,4471,4471,0.3,-1,43.5625,43.5625,0
1786440714138,3000,Minimum,4471,4471,0.3,-1,43.9375,43.9375,0
1786440714238,3000,Minimum,4471,4471,0.3,-1,43.9375,43.9375,0
1786440714338,3000,Minimum,4471,4471,0.3,-1,43.9375,43.9375,0
1786440714438,3000,Minimum,4471,4471,0.3,-1,43.9375,43.9375,0
1786440714538,3000,Minimum,4471,4471,0.3,-1,43.9375,43.9375,0
1786440714638,3000,Minimum,4471,4471,0.3,-1,43.9375,43.9375,0
1786440714738,3000,Minimum,4471,4471,0.3,-1,43.9375,43.9375,0
1786440714838,3000,Minimum,4471,4471,0.3,-1,43.9375,43.9375,0
1786440714938,3000,Minimum,4471,4471,0.3,-1,43.9375,43.9375,0
1786440715038,3000,Minimum,4471,4471,0.3,-1,43.9375,43.9375,0
1786440715138,3000,Minimum,4471,4471,0.3,-1,44.375,44.375,0
1786440715238,3000,Minimum,4471,4471,0.3,-1,44.375,44.375,0
1786440715338,3000,Minimum,4471,4471,0.3,-1,44.375,44.375,0
1786440715438,3000,Minimum,4471,4471,0.3,-1,44.375,44.375,0
1786440715538,3000,Minimum,4471,4471,0.3,-1,44.375,44.375,0
1786440715638,3000,Minimum,4471,4471,0.3,-1,44.375,44.375,0
1786440715738,3000,Minimum,4471,4471,0.3,-1,44.375,44.375,0
1786440715838,3000,Minimum,4471,4471,0.3,-1,44.375,44.375,0
1786440715938,3000,Minimum,4471,4471,0.3,-1,44.375,44.375,0
1786440716038,3000,Minimum,4471,4471,0.3,-1,44.375,44.375,0
1786440716138,3000,Minimum,4471,4471,0.3,-1,44.8125,44.8125,0
1786440716238,3000,Minimum,4471,4471,0.3,-1,44.8125,44.8125,0
1786440716338,3000,Minimum,4471,4471,0.3,-1,44.8125,44.8125,0
1786440716438,3000,Minimum,4471,4471,0.3,-1,44.8125,44.8125,0
1786440716538,3000,Minimum,4471,4471,0.3,-1,44.8125,44.8125,0
1786440716638,3000,Minimum,4471,4471,0.3,-1,44.8125,44.8125,0
1786440716738,3000,Minimum,4471,4471,0.3,-1,44.8125,44.8125,0
1786440716838,3000,Minimum,4471,4471,0.3,-1,44.8125,44.8125,0
1786440716938,3000,Minimum,4471,4471,0.3,-1,44.8125,44.8125,0
1786440717038,3000,Minimum,4471,4471,0.3,-1,44.8125,44.8125,0
1786440717138,3000,Minimum,4471,4471,0.3,-1,45.3125,45.3125,0
1786440717238,3000,Minimum,4471,4471,0.3,-1,45.3125,45.3125,0
1786440717342,3000,Minimum,4471,4471,0.3,-1,45.3125,45.3125,0
1786440717438,3000,Minimum,4471,4471,0.3,-1,45.3125,45.3125,0
1786440717538,3000,Minimum,4471,4471,0.3,-1,45.3125,45.3125,0
1786440717638,3000,Minimum,4471,4471,0.3,-1,45.3125,45.3125,0
1786440717738,3000,Minimum,4471,4471,0.3,-1,45.3125,45.3125,0
1786440717838,3000,Minimum,4471,4471,0.3,-1,45.3125,45.3125,0
1786440717940,3000,Minimum,4471,4471,0.3,-1,45.3125,45.3125,0
1786440718038,3000,Minimum,4471,4471,0.3,-1,45.3125,45.3125,0
1786440718141,3000,Minimum,4471,4471,0.3,-1,45.625,45.625,0
1786440718238,3000,Minimum,4471,4471,0.3,-1,45.625,45.625,0
1786440718338,3000,Minimum,4471,4471,0.3,-1,45.625,45.625,0
1786440718438,3000,Minimum,4471,4471,0.3,-1,45.625,45.625,0
1786440718538,3000,Minimum,4471,4471,0.3,-1,45.625,45.625,0
1786440718640,3000,Minimum,4471,4471,0.3,-1,45.625,45.625,0
1786440718738,3000,Minimum,4471,4471,0.3,-1,45.625,45.625,0
1786440718838,3000,Minimum,4471,4471,0.3,-1,45.625,45.625,0
1786440718941,3000,Minimum,4471,4471,0.3,-1,45.625,45.625,0
1786440719038,3000,Minimum,4471,4471,0.3,-1,45.625,45.625,0
1786440719138,3000,Minimum,4471,4471,0.3,-1,46.125,46.125,0
1786440719238,3000,Minimum,4471,4471,0.3,-1,46.125,46.125,0
1786440719338,3000,Minimum,4471,4471,0.3,-1,46.125,46.125,0
1786440719438,3000,Minimum,4471,4471,0.3,-1,46.125,46.125,0
1786440719539,3000,Minimum,4471,4471,0.3,-1,46.125,46.125,0
1786440719638,3000,Minimum,4471,4471,0.3,-1,46.125,46.125,0
1786440719738,3000,Minimum,4471,4471,0.3,-1,46.125,46.125,0
1786440719838,3000,Minimum,4471,4471,0.3,-1,46.125,46.125,0
1786440719938,3000,Minimum,4471,4471,0.3,-1,46.125,46.125,0
1786440720038,3000,Minimum,4471,4471,0.3,-1,46.125,46.125,0
1786440720138,3000,Minimum,4471,4471,0.3,-1,46.4375,46.4375,0
1786440720238,3000,Minimum,4471,4471,0.3,-1,46.4375,46.4375,0
1786440720338,3000,Minimum,4471,4471,0.3,-1,46.4375,46.4375,0
1786440720438,3000,Minimum,4471,4471,0.3,-1,46.4375,46.4375,0
1786440720538,3000,Minimum,4471,4471,0.3,-1,46.4375,46.4375,0
1786440720638,3000,Minimum,4471,4471,0.3,-1,46.4375,46.4375,0
1786440720738,3000,Minimum,4471,4471,0.3,-1,46.4375,46.4375,0
1786440720838,3000,Minimum,4471,4471,0.3,-1,46.4375,46.4375,0
1786440720938,3000,Minimum,4471,4471,0.3,-1,46.4375,46.4375,0
1786440721038,3000,Minimum,4471,4471,0.3,-1,46.4375,46.4375,0
1786440721138,3000,Minimum,4471,4471,0.3,-1,46.875,46.875,0
1786440721238,3000,Minimum,4471,4471,0.3,-1,46.875,46.875,0
1786440721343,3000,Minimum,4471,4471,0.3,-1,46.875,46.875,0
1786440721438,3000,Minimum,4471,4471,0.3,-1,46.875,46.875,0
1786440721546,3000,Minimum,4471,4471,0.3,-1,46.875,46.875,0
1786440721638,3000,Minimum,4471,4471,0.3,-1,46.875,46.875,0
1786440721738,3000,Minimum,4471,4471,0.3,-1,46.875,46.875,0
1786440721838,3000,Minimum,4471,4471,0.3,-1,46.875,46.875,0
1786440721938,3000,Minimum,4471,4471,0.3,-1,46.875,46.875,0
1786440722038,3000,Minimum,4471,4471,0.3,-1,46.875,46.875,0
1786440722138,3000,Minimum,4471,4471,0.3,-1,47.3125,47.3125,0
1786440722238,3000,Minimum,4471,4471,0.3,-1,47.3125,47.3125,0
1786440722338,3000,Minimum,4471,4471,0.3,-1,47.3125,47.3125,0
1786440722438,3000,Minimum,4471,4471,0.3,-1,47.3125,47.3125,0
1786440722538,3000,Minimum,4471,4471,0.3,-1,47.3125,47.3125,0
1786440722638,3000,Minimum,4471,4471,0.3,-1,47.3125,47.3125,0
1786440722739,3000,Minimum,4471,4471,0.3,-1,47.3125,47.3125,0
1786440722838,3000,Minimum,4471,4471,0.3,-1,47.3125,47.3125,0
1786440722943,3000,Minimum,4471,4471,0.3,-1,47.3125,47.3125,0
1786440723038,3000,Minimum,4471,4471,0.3,-1,47.3125,47.3125,0
1786440723138,3000,Minimum,4471,4471,0.3,-1,47.625,47.625,0
1786440723239,3000,Minimum,4471,4471,0.3,-1,47.625,47.625,0
1786440723338,3000,Minimum,4471,4471,0.3,-1,47.625,47.625,0
1786440723440,3000,Minimum,4471,4471,0.3,-1,47.625,47.625,0
1786440723538,3000,Minimum,4471,4471,0.3,-1,47.625,47.625,0
1786440723638,3000,Minimum,4471,4471,0.3,-1,47.625,47.625,0
1786440723738,3000,Minimum,4471,4471,0.3,-1,47.625,47.625,0
1786440723838,3000,Minimum,4471,4471,0.3,-1,47.625,47.625,0
1786440723938,3000,Minimum,4471,4471,0.3,-1,47.625,47.625,0
1786440724038,3000,Minimum,4471,4471,0.3,-1,47.625,47.625,0
1786440724138,3000,Minimum,4471,4471,0.3,-1,48.0625,48.0625,0
1786440724238,3000,Minimum,4471,4471,0.3,-1,48.0625,48.0625,0
1786440724338,3000,Minimum,4471,4471,0.3,-1,48.0625,48.0625,0
1786440724438,3000,Minimum,4471,4471,0.3,-1,48.0625,48.0625,0
1786440724538,3000,Minimum,4471,4471,0.3,-1,48.0625,48.0625,0
1786440724638,3000,Minimum,4471,4471,0.3,-1,48.0625,48.0625,0
1786440724738,3000,Minimum,4471,4471,0.3,-1,48.0625,48.0625,0
1786440724838,3000,Minimum,4471,4471,0.3,-1,48.0625,48.0625,0
1786440724938,3000,Minimum,4471,4471,0.3,-1,48.0625,48.0625,0
1786440725038,3000,Minimum,4471,4471,0.3,-1,48.0625,48.0625,0
1786440725138,3000,Minimum,4471,4471,0.3,-1,48.3125,48.3125,0
1786440725238,3000,Minimum,4471,4471,0.3,-1,48.3125,48.3125,0
1786440725341,3000,Minimum,4471,4471,0.3,-1,48.3125,48.3125,0
1786440725440,3000,Minimum,4471,4471,0.3,-1,48.3125,48.3125,0
1786440725538,3000,Minimum,4471,4471,0.3,-1,48.3125,48.3125,0
1786440725638,3000,Minimum,4471,4471,0.3,-1,48.3125,48.3125,0
1786440725738,3000,Minimum,4471,4471,0.3,-1,48.3125,48.3125,0
1786440725838,3000,Minimum,4471,4471,0.3,-1,48.3125,48.3125,0
1786440725938,3000,Minimum,4471,4471,0.3,-1,48.3125,48.3125,0
1786440726043,3000,Minimum,4471,4471,0.3,-1,48.3125,48.3125,0
1786440726138,3000,Minimum,4471,4471,0.3,-1,48.6875,48.6875,0
1786440726238,3000,Minimum,4471,4471,0.3,-1,48.6875,48.6875,0
1786440726338,3000,Minimum,4471,4471,0.3,-1,48.6875,48.6875,0
1786440726438,3000,Minimum,4471,4471,0.3,-1,48.6875,48.6875,0
1786440726538,3000,Minimum,4471,4471,0.3,-1,48.6875,48.6875,0
1786440726638,3000,Minimum,4471,4471,0.3,-1,48.6875,48.6875,0
1786440726738,3000,Minimum,4471,4471,0.3,-1,48.6875,48.6875,0
1786440726838,3000,Minimum,4471,4471,0.3,-1,48.6875,48.6875,0
1786440726938,3000,Minimum,4471,4471,0.3,-1,48.6875,48.6875,0
1786440727038,3000,Minimum,4471,4471,0.3,-1,48.6875,48.6875,0
1786440727142,3000,Minimum,4471,4471,0.3,-1,49.0625,49.0625,0
1786440727238,3000,Minimum,4471,4471,0.3,-1,49.0625,49.0625,0
1786440727338,3000,Minimum,4471,4471,0.3,-1,49.0625,49.0625,0
1786440727438,3000,Minimum,4471,4471,0.3,-1,49.0625,49.0625,0
1786440727538,3000,Minimum,4471,4471,0.3,-1,49.0625,49.0625,0
1786440727638,3000,Minimum,4471,4471,0.3,-1,49.0625,49.0625,0
1786440727738,3000,Minimum,4471,4471,0.3,-1,49.0625,49.0625,0
1786440727838,3000,Minimum,4471,4471,0.3,-1,49.0625,49.0625,0
1786440727938,3000,Minimum,4471,4471,0.3,-1,49.0625,49.0625,0
1786440728038,3000,Minimum,4471,4471,0.3,-1,49.0625,49.0625,0
1786440728138,3000,Minimum,4471,4471,0.3,-1,49.4375,49.4375,0
1786440728238,3000,Minimum,4471,4471,0.3,-1,49.4375,49.4375,0
1786440728338,3000,Minimum,4471,4471,0.3,-1,49.4375,49.4375,0
1786440728438,3000,Minimum,4471,4471,0.3,-1,49.4375,49.4375,0
1786440728538,3000,Minimum,4471,4471,0.3,-1,49.4375,49.4375,0
1786440728638,3000,Minimum,4471,4471,0.3,-1,49.4375,49.4375,0
1786440728738,3000,Minimum,4471,4471,0.3,-1,49.4375,49.4375,0
1786440728838,3000,Minimum,4471,4471,0.3,-1,49.4375,49.4375,0
1786440728938,3000,Minimum,4471,4471,0.3,-1,49.4375,49.4375,0
1786440729038,3000,Minimum,4471,4471,0.3,-1,49.4375,49.4375,0
1786440729138,3000,Minimum,4471,4471,0.3,-1,49.6875,49.6875,0
1786440729238,3000,Minimum,4471,4471,0.3,-1,49.6875,49.6875,0
1786440729338,3000,Minimum,4471,4471,0.3,-1,49.6875,49.6875,0
1786440729438,3000,Minimum,4471,4471,0.3,-1,49.6875,49.6875,0
1786440729538,3000,Minimum,4471,4471,0.3,-1,49.6875,49.6875,0
1786440729638,3000,Minimum,4471,4471,0.3,-1,49.6875,49.6875,0
1786440729738,3000,Minimum,4471,4471,0.3,-1,49.6875,49.6875,0
1786440729838,3000,Minimum,4471,4471,0.3,-1,49.6875,49.6875,0
1786440729938,3000,Minimum,4471,4471,0.3,-1,49.6875,49.6875,0
1786440730038,3000,Minimum,4471,4471,0.3,-1,49.6875,49.6875,0
1786440730138,3000,Minimum,4471,4471,0.3,-1,50,50,0
1786440730238,3000,Minimum,4471,4471,0.3,-1,50,50,0
1786440730341,3000,Minimum,4471,4471,0.3,-1,50,50,0
1786440730438,3000,Minimum,4471,4471,0.3,-1,50,50,0
1786440730539,3000,Minimum,4471,4471,0.3,-1,50,50,0
1786440730638,3000,Minimum,4471,4471,0.3,-1,50,50,0
1786440730738,3000,Minimum,4471,4471,0.3,-1,50,50,0
1786440730838,3000,Minimum,4471,4471,0.3,-1,50,50,0
1786440730938,3000,Minimum,4471,4471,0.3,-1,50,50,0
1786440731038,3000,Minimum,4471,4471,0.3,-1,50,50,0
1786440731138,3000,Minimum,4471,4471,0.3,-1,50.375,50.375,0
1786440731238,3000,Minimum,4471,4471,0.3,-1,50.375,50.375,0
1786440731338,3000,Minimum,4471,4471,0.3,-1,50.375,50.375,0
1786440731438,3000,Minimum,4471,4471,0.3,-1,50.375,50.375,0
1786440731538,3000,Minimum,4471,4471,0.3,-1,50.375,50.375,0
1786440731638,3000,Minimum,4471,4471,0.3,-1,50.375,50.375,0
1786440731738,3000,Minimum,4471,4471,0.3,-1,50.375,50.375,0
1786440731838,3000,Minimum,4471,4471,0.3,-1,50.375,50.375,0
1786440731938,3000,Minimum,4471,4471,0.3,-1,50.375,50.375,0
1786440732038,3000,Minimum,4471,4471,0.3,-1,50.375,50.375,0
1786440732138,3000,Minimum,4471,4471,0.3,-1,50.625,50.625,0
1786440732238,3000,Minimum,4471,4471,0.3,-1,50.625,50.625,0
1786440732338,3000,Minimum,4471,4471,0.3,-1,50.625,50.625,0
1786440732438,3000,Minimum,4471,4471,0.3,-1,50.625,50.625,0
1786440732538,3000,Minimum,4471,4471,0.3,-1,50.625,50.625,0
1786440732638,3000,Minimum,4471,4471,0.3,-1,50.625,50.625,0
1786440732738,3000,Minimum,4471,4471,0.3,-1,50.625,50.625,0
1786440732838,3000,Minimum,4471,4471,0.3,-1,50.625,50.625,0
1786440732938,3000,Minimum,4471,4471,0.3,-1,50.625,50.625,0
1786440733038,3000,Minimum,4471,4471,0.3,-1,50.625,50.625,0
1786440733138,3000,Minimum,4471,4471,0.3,-1,50.9375,50.9375,0
1786440733239,3000,Minimum,4471,4471,0.3,-1,50.9375,50.9375,0
1786440733342,3000,Minimum,4471,4471,0.3,-1,50.9375,50.9375,0
1786440733438,3000,Minimum,4471,4471,0.3,-1,50.9375,50.9375,0
1786440733538,3000,Minimum,4471,4471,0.3,-1,50.9375,50.9375,0
1786440733638,3000,Minimum,4471,4471,0.3,-1,50.9375,50.9375,0
1786440733738,3000,Minimum,4471,4471,0.3,-1,50.9375,50.9375,0
1786440733838,3000,Minimum,4471,4471,0.3,-1,50.9375,50.9375,0
1786440733938,3000,Minimum,4471,4471,0.3,-1,50.9375,50.9375,0
1786440734038,3000,Minimum,4471,4471,0.3,-1,50.9375,50.9375,0
1786440734138,3000,Minimum,4471,4471,0.3,-1,51.3125,51.3125,0
1786440734238,3000,Minimum,4471,4471,0.3,-1,51.3125,51.3125,0
1786440734338,3000,Minimum,4471,4471,0.3,-1,51.3125,51.3125,0
1786440734438,3000,Minimum,4471,4471,0.3,-1,51.3125,51.3125,0
1786440734539,3000,Minimum,4471,4471,0.3,-1,51.3125,51.3125,0
1786440734638,3000,Minimum,4471,4471,0.3,-1,51.3125,51.3125,0
1786440734738,3000,Minimum,4471,4471,0.3,-1,51.3125,51.3125,0
1786440734838,3000,Minimum,4471,4471,0.3,-1,51.3125,51.3125,0
1786440734938,3000,Minimum,4471,4471,0.3,-1,51.3125,51.3125,0
1786440735038,3000,Minimum,4471,4471,0.3,-1,51.3125,51.3125,0
1786440735138,3000,Minimum,4471,4471,0.3,-1,51.5625,51.5625,0
1786440735238,3000,Minimum,4471,4471,0.3,-1,51.5625,51.5625,0
1786440735338,3000,Minimum,4471,4471,0.3,-1,51.5625,51.5625,0
1786440735438,3000,Minimum,4471,4471,0.3,-1,51.5625,51.5625,0
1786440735538,3000,Minimum,4471,4471,0.3,-1,51.5625,51.5625,0
1786440735638,3000,Minimum,4471,4471,0.3,-1,51.5625,51.5625,0
1786440735738,3000,Minimum,4471,4471,0.3,-1,51.5625,51.5625,0
1786440735838,3000,Minimum,4471,4471,0.3,-1,51.5625,51.5625,0
1786440735938,3000,Minimum,4471,4471,0.3,-1,51.5625,51.5625,0
1786440736038,3000,Minimum,4471,4471,0.3,-1,51.5625,51.5625,0
1786440736138,3000,Minimum,4471,4471,0.3,-1,51.875,51.875,0
1786440736238,3000,Minimum,4471,4471,0.3,-1,51.875,51.875,0
1786440736338,3000,Minimum,4471,4471,0.3,-1,51.875,51.875,0
1786440736438,3000,Minimum,4471,4471,0.3,-1,51.875,51.875,0
1786440736538,3000,Minimum,4471,4471,0.3,-1,51.875,51.875,0
1786440736641,3000,Minimum,4471,4471,0.3,-1,51.875,51.875,0
1786440736738,3000,Minimum,4471,4471,0.3,-1,51.875,51.875,0
1786440736838,3000,Minimum,4471,4471,0.3,-1,51.875,51.875,0
1786440736938,3000,Minimum,4471,4471,0.3,-1,51.875,51.875,0
1786440737038,3000,Minimum,4471,4471,0.3,-1,51.875,51.875,0
1786440737138,3000,Minimum,4471,4471,0.3,-1,52.0625,52.0625,0
1786440737238,3000,Minimum,4471,4471,0.3,-1,52.0625,52.0625,0
1786440737338,3000,Minimum,4471,4471,0.3,-1,52.0625,52.0625,0
1786440737438,3000,Minimum,4471,4471,0.3,-1,52.0625,52.0625,0
1786440737538,3000,Minimum,4471,4471,0.3,-1,52.0625,52.0625,0
1786440737638,3000,Minimum,4471,4471,0.3,-1,52.0625,52.0625,0
1786440737738,3000,Minimum,4471,4471,0.3,-1,52.0625,52.0625,0
1786440737838,3000,Minimum,4471,4471,0.3,-1,52.0625,52.0625,0
1786440737938,3000,Minimum,4471,4471,0.3,-1,52.0625,52.0625,0
1786440738038,3000,Minimum,4471,4471,0.3,-1,52.0625,52.0625,0
1786440738138,3000,Minimum,4471,4471,0.3,-1,52.3125,52.3125,0
1786440738238,3000,Minimum,4471,4471,0.3,-1,52.3125,52.3125,0
1786440738338,3000,Minimum,4471,4471,0.3,-1,52.3125,52.3125,0
1786440738438,3000,Minimum,4471,4471,0.3,-1,52.3125,52.3125,0
1786440738538,3000,Minimum,4471,4471,0.3,-1,52.3125,52.3125,0
1786440738638,3000,Minimum,4471,4471,0.3,-1,52.3125,52.3125,0
1786440738738,3000,Minimum,4471,4471,0.3,-1,52.3125,52.3125,0
1786440738838,3000,Minimum,4471,4471,0.3,-1,52.3125,52.3125,0
1786440738938,3000,Minimum,4471,4471,0.3,-1,52.3125,52.3125,0
1786440739038,3000,Minimum,4471,4471,0.3,-1,52.3125,52.3125,0
1786440739138,3000,Minimum,4471,4471,0.3,-1,52.625,52.625,0
1786440739238,3000,Minimum,4471,4471,0.3,-1,52.625,52.625,0
1786440739340,3000,Minimum,4471,4471,0.3,-1,52.625,52.625,0
1786440739438,3000,Minimum,4471,4471,0.3,-1,52.625,52.625,0
1786440739538,3000,Minimum,4471,4471,0.3,-1,52.625,52.625,0
1786440739638,3000,Minimum,4471,4471,0.3,-1,52.625,52.625,0
1786440739738,3000,Minimum,4471,4471,0.3,-1,52.625,52.625,0
1786440739838,3000,Minimum,4471,4471,0.3,-1,52.625,52.625,0
1786440739938,3000,Minimum,4471,4471,0.3,-1,52.625,52.625,0
1786440740038,3000,Minimum,4471,4471,0.3,-1,52.625,52.625,0
1786440740138,3000,Minimum,4471,4471,0.3,-1,52.8125,52.8125,0
1786440740238,3000,Minimum,4471,4471,0.3,-1,52.8125,52.8125,0
1786440740338,3000,Minimum,4471,4471,0.3,-1,52.8125,52.8125,0
1786440740438,3000,Minimum,4471,4471,0.3,-1,52.8125,52.8125,0
1786440740544,3000,Minimum,4471,4471,0.3,-1,52.8125,52.8125,0
1786440740638,3000,Minimum,4471,4471,0.3,-1,52.8125,52.8125,0
1786440740738,3000,Minimum,4471,4471,0.3,-1,52.8125,52.8125,0
1786440740838,3000,Minimum,4471,4471,0.3,-1,52.8125,52.8125,0
1786440740938,3000,Minimum,4471,4471,0.3,-1,52.8125,52.8125,0
1786440741038,3000,Minimum,4471,4471,0.3,-1,52.8125,52.8125,0
1786440741138,3000,Minimum,4471,4471,0.3,-1,53.0625,53.0625,0
1786440741238,3000,Minimum,4471,4471,0.3,-1,53.0625,53.0625,0
1786440741339,3000,Minimum,4471,4471,0.3,-1,53.0625,53.0625,0
1786440741438,3000,Minimum,4471,4471,0.3,-1,53.0625,53.0625,0
1786440741538,3000,Minimum,4471,4471,0.3,-1,53.0625,53.0625,0
1786440741638,3000,Minimum,4471,4471,0.3,-1,53.0625,53.0625,0
1786440741739,3000,Minimum,4471,4471,0.3,-1,53.0625,53.0625,0
1786440741838,3000,Minimum,4471,4471,0.3,-1,53.0625,53.0625,0
1786440741938,3000,Minimum,4471,4471,0.3,-1,53.0625,53.0625,0
1786440742038,3000,Minimum,4471,4471,0.3,-1,53.0625,53.0625,0
1786440742138,3000,Minimum,4471,4471,0.3,-1,53.4375,53.4375,0
1786440742238,3000,Minimum,4471,4471,0.3,-1,53.4375,53.4375,0
1786440742338,3000,Minimum,4471,4471,0.3,-1,53.4375,53.4375,0
1786440742438,3000,Minimum,4471,4471,0.3,-1,53.4375,53.4375,0
1786440742538,3000,Minimum,4471,4471,0.3,-1,53.4375,53.4375,0
1786440742638,3000,Minimum,4471,4471,0.3,-1,53.4375,53.4375,0
1786440742738,3000,Minimum,4471,4471,0.3,-1,53.4375,53.4375,0
1786440742838,3000,Minimum,4471,4471,0.3,-1,53.4375,53.4375,0
1786440742938,3000,Minimum,4471,4471,0.3,-1,53.4375,53.4375,0
1786440743038,3000,Minimum,4471,4471,0.3,-1,53.4375,53.4375,0
1786440743138,3000,Minimum,4471,4471,0.3,-1,53.75,53.75,0
1786440743238,3000,Minimum,4471,4471,0.3,-1,53.75,53.75,0
1786440743344,3000,Minimum,4471,4471,0.3,-1,53.75,53.75,0
1786440743438,3000,Minimum,4471,4471,0.3,-1,53.75,53.75,0
1786440743540,3000,Minimum,4471,4471,0.3,-1,53.75,53.75,0
1786440743638,3000,Minimum,4471,4471,0.3,-1,53.75,53.75,0
1786440743738,3000,Minimum,4471,4471,0.3,-1,53.75,53.75,0
1786440743838,3000,Minimum,4471,4471,0.3,-1,53.75,53.75,0
1786440743938,3000,Minimum,4471,4471,0.3,-1,53.75,53.75,0
1786440744039,3000,Minimum,4471,4471,0.3,-1,53.75,53.75,0
1786440744138,3000,Minimum,4471,4471,0.3,-1,53.875,53.875,0
1786440744238,3000,Minimum,4471,4471,0.3,-1,53.875,53.875,0
1786440744338,3000,Minimum,4471,4471,0.3,-1,53.875,53.875,0
1786440744438,3000,Minimum,4471,4471,0.3,-1,53.875,53.875,0
1786440744538,3000,Minimum,4471,4471,0.3,-1,53.875,53.875,0
1786440744638,3000,Minimum,4471,4471,0.3,-1,53.875,53.875,0
1786440744740,3000,Minimum,4471,4471,0.3,-1,53.875,53.875,0
1786440744838,3000,Minimum,4471,4471,0.3,-1,53.875,53.875,0
1786440744938,3000,Minimum,4471,4471,0.3,-1,53.875,53.875,0
1786440745038,3000,Minimum,4471,4471,0.3,-1,53.875,53.875,0
1786440745138,3000,Minimum,4471,4471,0.3,-1,54.125,54.125,0
1786440745238,3000,Minimum,4471,4471,0.3,-1,54.125,54.125,0
1786440745338,3000,Minimum,4471,4471,0.3,-1,54.125,54.125,0
1786440745438,3000,Minimum,4471,4471,0.3,-1,54.125,54.125,0
1786440745538,3000,Minimum,4471,4471,0.3,-1,54.125,54.125,0
1786440745638,3000,Minimum,4471,4471,0.3,-1,54.125,54.125,0
1786440745738,3000,Minimum,4471,4471,0.3,-1,54.125,54.125,0
1786440745838,3000,Minimum,4471,4471,0.3,-1,54.125,54.125,0
1786440745940,3000,Minimum,4471,4471,0.3,-1,54.125,54.125,0
1786440746038,3000,Minimum,4471,4471,0.3,-1,54.125,54.125,0
1786440746138,3000,Minimum,4471,4471,0.3,-1,54.3125,54.3125,0
1786440746238,3000,Minimum,4471,4471,0.3,-1,54.3125,54.3125,0
1786440746338,3000,Minimum,4471,4471,0.3,-1,54.3125,54.3125,0
1786440746438,3000,Minimum,4471,4471,0.3,-1,54.3125,54.3125,0
1786440746538,3000,Minimum,4471,4471,0.3,-1,54.3125,54.3125,0
1786440746638,3000,Minimum,4471,4471,0.3,-1,54.3125,54.3125,0
1786440746738,3000,Minimum,4471,4471,0.3,-1,54.3125,54.3125,0
1786440746838,3000,Minimum,4471,4471,0.3,-1,54.3125,54.3125,0
1786440746938,3000,Minimum,4471,4471,0.3,-1,54.3125,54.3125,0
1786440747038,3000,Minimum,4471,4471,0.3,-1,54.3125,54.3125,0
1786440747138,3000,Minimum,4471,4471,0.3,-1,54.625,54.625,0
1786440747238,3000,Minimum,4471,4471,0.3,-1,54.625,54.625,0
1786440747338,3000,Minimum,4471,4471,0.3,-1,54.625,54.625,0
1786440747438,3000,Minimum,4471,4471,0.3,-1,54.625,54.625,0
1786440747540,3000,Minimum,4471,4471,0.3,-1,54.625,54.625,0
1786440747638,3000,Minimum,4471,4471,0.3,-1,54.625,54.625,0
1786440747738,3000,Minimum,4471,4471,0.3,-1,54.625,54.625,0
1786440747838,3000,Minimum,4471,4471,0.3,-1,54.625,54.625,0
1786440747938,3000,Minimum,4471,4471,0.3,-1,54.625,54.625,0
1786440748038,3000,Minimum,4471,4471,0.3,-1,54.625,54.625,0
1786440748142,3000,Minimum,4471,4471,0.3,-1,54.75,54.75,0
1786440748238,3000,Minimum,4471,4471,0.3,-1,54.75,54.75,0
1786440748338,3000,Minimum,4471,4471,0.3,-1,54.75,54.75,0
1786440748438,3000,Minimum,4471,4471,0.3,-1,54.75,54.75,0
1786440748538,3000,Minimum,4471,4471,0.3,-1,54.75,54.75,0
1786440748644,3000,Minimum,4471,4471,0.3,-1,54.75,54.75,0
1786440748738,3000,Minimum,4471,4471,0.3,-1,54.75,54.75,0
1786440748838,3000,Minimum,4471,4471,0.3,-1,54.75,54.75,0
1786440748938,3000,Minimum,4471,4471,0.3,-1,54.75,54.75,0
1786440749038,3000,Minimum,4471,4471,0.3,-1,54.75,54.75,0
1786440749138,3000,Minimum,4471,4471,0.3,-1,55.0625,55.0625,0
1786440749238,3000,Minimum,4471,4471,0.3,-1,55.0625,55.0625,0
1786440749338,3000,Minimum,4471,4471,0.3,-1,55.0625,55.0625,0
1786440749438,3000,Minimum,4471,4471,0.3,-1,55.0625,55.0625,0
1786440749538,3000,Minimum,4471,4471,0.3,-1,55.0625,55.0625,0
1786440749638,3000,Minimum,4471,4471,0.3,-1,55.0625,55.0625,0
1786440749738,3000,Minimum,4471,4471,0.3,-1,55.0625,55.0625,0
1786440749838,3000,Minimum,4471,4471,0.3,-1,55.0625,55.0625,0
1786440749938,3000,Minimum,4471,4471,0.3,-1,55.0625,55.0625,0
1786440750040,3000,Minimum,4471,4471,0.3,-1,55.0625,55.0625,0
1786440750138,3000,Minimum,4471,4471,0.3,-1,55.25,55.25,0
1786440750238,3000,Minimum,4471,4471,0.3,-1,55.25,55.25,0
1786440750338,3000,Minimum,4471,4471,0.3,-1,55.25,55.25,0
1786440750554,3000,Minimum,-1.16214e+18,-1.16214e+18,0.3,-1,55.25,55.25,0
1786440750686,3000,Minimum,-1.16214e+18,-1.16214e+18,0.3,-1,55.25,55.25,0
1786440750884,3000,Minimum,-1.16214e+18,-1.16214e+18,0.3,-1,55.25,55.25,0
1786440751008,3000,Minimum,-1.16214e+18,-1.16214e+18,0.3,-1,55.25,55.25,0
1786440751092,3000,Minimum,-1.16214e+18,-1.16214e+18,0.3,-1,55.25,55.25,0
1786440751321,3000,Minimum,4471,4471,0.3,-1,55.25,55.25,0
1786440751476,3000,Minimum,4471,4471,0.3,-1,55.25,55.25,0
1786440751615,3000,Minimum,4471,4471,0.3,-1,55.25,55.25,0
1786440751680,3000,Minimum,-1.16214e+18,-1.16214e+18,0.3,-1,55.25,55.25,0
1786440751750,3000,Minimum,-1.16214e+18,-1.16214e+18,0.3,-1,55.25,55.25,0
1786440751830,3000,Minimum,-1.16214e+18,-1.16214e+18,0.3,-1,55.25,55.25,0
1786440751886,3000,Minimum,-1.16214e+18,-1.16214e+18,0.3,-1,55.25,55.25,0
1786440751952,3000,Minimum,4471,4471,0.3,-1,55.25,55.25,0
1786440751975,3000,Minimum,-1.16214e+18,-1.16214e+18,0.3,-1,55.25,55.25,0
1786440752027,3000,Minimum,-1.16214e+18,-1.16214e+18,0.3,-1,55.25,55.25,0
1786440752121,3000,Minimum,4471,4471,0.3,-1,55.25,55.25,0
1786440752185,3000,Minimum,4471,4471,0.3,-1,55.25,55.25,0
1786440752231,3000,Minimum,4471,4471,0.3,-1,55.25,55.25,0
1786440752263,3000,Minimum,-1.16214e+18,-1.16214e+18,0.3,-1,55.25,55.25,0
1786440752378,3000,Minimum,4471,4471,0.3,-1,55.25,55.25,0
1786440752438,3000,Minimum,4471,4471,0.3,-1,55.25,55.25,0
1786440752538,3000,Minimum,4471,4471,0.3,-1,55.25,55.25,0
1786440752638,3000,Minimum,4471,4471,0.3,-1,55.25,55.25,0
1786440752738,3000,Minimum,4471,4471,0.3,-1,55.25,55.25,0
1786440752838,3000,Minimum,4471,4471,0.3,-1,55.25,55.25,0
1786440752938,3000,Minimum,4471,4471,0.3,-1,55.25,55.25,0
1786440753039,3000,Minimum,4471,4471,0.3,-1,55.25,55.25,0
1786440753138,3000,Minimum,4471,4471,0.3,-1,55.8125,55.8125,0
1786440753238,3000,Minimum,4471,4471,0.3,-1,55.8125,55.8125,0
1786440753338,3000,Minimum,4471,4471,0.3,-1,55.8125,55.8125,0
1786440753438,3000,Minimum,4471,4471,0.3,-1,55.8125,55.8125,0
1786440753539,3000,Minimum,4471,4471,0.3,-1,55.8125,55.8125,0
1786440753638,3000,Minimum,4471,4471,0.3,-1,55.8125,55.8125,0
1786440753738,3000,Minimum,4471,4471,0.3,-1,55.8125,55.8125,0
1786440753838,3000,Minimum,4471,4471,0.3,-1,55.8125,55.8125,0
1786440754004,3000,Minimum,-1.16214e+18,-1.16214e+18,0.3,-1,55.8125,55.8125,0
1786440754038,3000,Minimum,4471,4471,0.3,-1,55.8125,55.8125,0
1786440754138,3000,Minimum,4471,4471,0.3,-1,55.9375,55.9375,0
1786440754238,3000,Minimum,4471,4471,0.3,-1,55.9375,55.9375,0
1786440754338,3000,Minimum,4471,4471,0.3,-1,55.9375,55.9375,0
1786440754438,3000,Minimum,4471,4471,0.3,-1,55.9375,55.9375,0
1786440754538,3000,Minimum,4471,4471,0.3,-1,55.9375,55.9375,0
1786440754638,3000,Minimum,4471,4471,0.3,-1,55.9375,55.9375,0
1786440754738,3000,Minimum,4471,4471,0.3,-1,55.9375,55.9375,0
1786440754838,3000,Minimum,4471,4471,0.3,-1,55.9375,55.9375,0
1786440754938,3000,Minimum,4471,4471,0.3,-1,55.9375,55.9375,0
1786440755038,3000,Minimum,4471,4471,0.3,-1,55.9375,55.9375,0
1786440755138,3000,Minimum,4471,4471,0.3,-1,56.1875,56.1875,0
1786440755238,3000,Minimum,4471,4471,0.3,-1,56.1875,56.1875,0
1786440755338,3000,Minimum,4471,4471,0.3,-1,56.1875,56.1875,0
1786440755438,3000,Minimum,4471,4471,0.3,-1,56.1875,56.1875,0
1786440755538,3000,Minimum,-1.16214e+18,-1.16214e+18,0.3,-1,56.1875,56.1875,0
1786440755644,3000,Minimum,-1.16214e+18,-1.16214e+18,0.3,-1,56.1875,56.1875,0
1786440755738,3000,Minimum,4471,4471,0.3,-1,56.1875,56.1875,0
1786440755838,3000,Minimum,4471,4471,0.3,-1,56.1875,56.1875,0
1786440755939,3000,Minimum,4471,4471,0.3,-1,56.1875,56.1875,0
1786440756038,3000,Minimum,4471,4471,0.3,-1,56.1875,56.1875,0
1786440756138,3000,Minimum,4471,4471,0.3,-1,56.4375,56.4375,0
1786440756245,3000,Minimum,4471,4471,0.3,-1,56.4375,56.4375,0
1786440756341,3000,Minimum,4471,4471,0.3,-1,56.4375,56.4375,0
1786440756438,3000,Minimum,4471,4471,0.3,-1,56.4375,56.4375,0
1786440756541,3000,Minimum,4471,4471,0.3,-1,56.4375,56.4375,0
1786440756638,3000,Minimum,4471,4471,0.3,-1,56.4375,56.4375,0
1786440756738,3000,Minimum,4471,4471,0.3,-1,56.4375,56.4375,0
1786440756838,3000,Minimum,4471,4471,0.3,-1,56.4375,56.4375,0
1786440756938,3000,Minimum,4471,4471,0.3,-1,56.4375,56.4375,0
1786440757038,3000,Minimum,4471,4471,0.3,-1,56.4375,56.4375,0
1786440757138,3000,Minimum,4471,4471,0.3,-1,56.5,56.5,0
1786440757238,3000,Minimum,4471,4471,0.3,-1,56.5,56.5,0
1786440757338,3000,Minimum,4471,4471,0.3,-1,56.5,56.5,0
1786440757438,3000,Minimum,4471,4471,0.3,-1,56.5,56.5,0
1786440757538,3000,Minimum,4471,4471,0.3,-1,56.5,56.5,0
1786440757638,3000,Minimum,4471,4471,0.3,-1,56.5,56.5,0
1786440757738,3000,Minimum,4471,4471,0.3,-1,56.5,56.5,0
1786440757838,3000,Minimum,4471,4471,0.3,-1,56.5,56.5,0
1786440757938,3000,Minimum,4471,4471,0.3,-1,56.5,56.5,0
1786440758038,3000,Minimum,4471,4471,0.3,-1,56.5,56.5,0
1786440758138,3000,Minimum,4471,4471,0.3,-1,56.6875,56.6875,0
1786440758238,3000,Minimum,4471,4471,0.3,-1,56.6875,56.6875,0
1786440758408,3000,Minimum,4471,4471,0.3,-1,56.6875,56.6875,0
1786440758438,3000,Minimum,4471,4471,0.3,-1,56.6875,56.6875,0
1786440758538,3000,Minimum,4471,4471,0.3,-1,56.6875,56.6875,0
1786440758638,3000,Minimum,4471,4471,0.3,-1,56.6875,56.6875,0
1786440758738,3000,Minimum,4471,4471,0.3,-1,56.6875,56.6875,0
1786440758838,3000,Minimum,4471,4471,0.3,-1,56.6875,56.6875,0
1786440758939,3000,Minimum,4471,4471,0.3,-1,56.6875,56.6875,0
1786440759038,3000,Minimum,4471,4471,0.3,-1,56.6875,56.6875,0
1786440759138,3000,Minimum,4471,4471,0.3,-1,56.8125,56.8125,0
1786440759238,3000,Minimum,4471,4471,0.3,-1,56.8125,56.8125,0
1786440759338,3000,Minimum,-1.16214e+18,-1.16214e+18,0.3,-1,56.8125,56.8125,0
1786440759438,3000,Minimum,4471,4471,0.3,-1,56.8125,56.8125,0
1786440759538,3000,Minimum,4471,4471,0.3,-1,56.8125,56.8125,0
1786440759638,3000,Minimum,4471,4471,0.3,-1,56.8125,56.8125,0
1786440759738,3000,Minimum,4471,4471,0.3,-1,56.8125,56.8125,0
1786440759838,3000,Minimum,4471,4471,0.3,-1,56.8125,56.8125,0
1786440759938,3000,Minimum,4471,4471,0.3,-1,56.8125,56.8125,0
1786440760038,3000,Minimum,4471,4471,0.3,-1,56.8125,56.8125,0
1786440760138,3000,Minimum,4471,4471,0.3,-1,57.125,57.125,0
1786440760238,3000,Minimum,4471,4471,0.3,-1,57.125,57.125,0
1786440760338,3000,Minimum,4471,4471,0.3,-1,57.125,57.125,0
1786440760438,3000,Minimum,4471,4471,0.3,-1,57.125,57.125,0
1786440760538,3000,Minimum,4471,4471,0.3,-1,57.125,57.125,0
1786440760638,3000,Minimum,4471,4471,0.3,-1,57.125,57.125,0
1786440760738,3000,Minimum,4471,4471,0.3,-1,57.125,57.125,0
1786440760838,3000,Minimum,4471,4471,0.3,-1,57.125,57.125,0
1786440760938,3000,Minimum,4471,4471,0.3,-1,57.125,57.125,0
1786440761358,3000,Minimum,-1.16214e+18,-1.16214e+18,0.3,-1,57.125,57.125,0
1786440761419,3000,Minimum,4471,4471,0.3,-1,57.25,57.25,0
1786440761436,3000,Minimum,-1.16214e+18,-1.16214e+18,0.3,-1,57.25,57.25,0
1786440761500,3000,Minimum,-1.16214e+18,-1.16214e+18,0.3,-1,57.25,57.25,0
1786440761507,3000,Minimum,4471,4471,0.3,-1,57.25,57.25,0
1786440761538,3000,Minimum,4471,4471,0.3,-1,57.25,57.25,0
1786440761638,3000,Minimum,4471,4471,0.3,-1,57.25,57.25,0
1786440761738,3000,Minimum,4471,4471,0.3,-1,57.25,57.25,0
1786440761838,3000,Minimum,4471,4471,0.3,-1,57.25,57.25,0
1786440761938,3000,Minimum,4471,4471,0.3,-1,57.25,57.25,0
1786440762038,3000,Minimum,4471,4471,0.3,-1,57.25,57.25,0
1786440762138,3000,Minimum,4471,4471,0.3,-1,57.3125,57.3125,0
1786440762556,3000,Minimum,-1.16214e+18,-1.16214e+18,0.3,-1,57.3125,57.3125,0
1786440762942,3000,Minimum,-1.16214e+18,-1.16214e+18,0.3,-1,57.3125,57.3125,0
1786440763001,3000,Minimum,4471,4471,0.3,-1,57.3125,57.3125,0
1786440763216,3000,Minimum,4471,4471,0.3,-1,57.3125,57.3125,0
1786440763291,3000,Minimum,-1.16214e+18,-1.16214e+18,0.3,-1,57.3125,57.3125,0
1786440763299,3000,Minimum,-1.16214e+18,-1.16214e+18,0.3,-1,57.3125,57.3125,0
1786440763299,3000,Minimum,4471,4471,0.3,-1,57.3125,57.3125,0
1786440763299,3000,Minimum,4471,4471,0.3,-1,57.3125,57.3125,0
1786440763308,3000,Minimum,4471,4471,0.3,-1,57.3125,57.3125,0
1786440763309,3000,Minimum,-1.16214e+18,-1.16214e+18,0.3,-1,57.4375,57.4375,0
1786440763309,3000,Minimum,4471,4471,0.3,-1,57.4375,57.4375,0
1786440763338,3000,Minimum,4471,4471,0.3,-1,57.4375,57.4375,0
1786440763438,3000,Minimum,4471,4471,0.3,-1,57.4375,57.4375,0
1786440763538,3000,Minimum,4471,4471,0.3,-1,57.4375,57.4375,0
1786440763638,3000,Minimum,4471,4471,0.3,-1,57.4375,57.4375,0
1786440763738,3000,Minimum,4471,4471,0.3,-1,57.4375,57.4375,0
1786440763838,3000,Minimum,4471,4471,0.3,-1,57.4375,57.4375,0
1786440763938,3000,Minimum,4471,4471,0.3,-1,57.4375,57.4375,0
1786440764038,3000,Minimum,4471,4471,0.3,-1,57.4375,57.4375,0
1786440764138,3000,Minimum,4471,4471,0.3,-1,57.5625,57.5625,0
1786440764238,3000,Minimum,4471,4471,0.3,-1,57.5625,57.5625,0
1786440764338,3000,Minimum,4471,4471,0.3,-1,57.5625,57.5625,0
1786440764438,3000,Minimum,4471,4471,0.3,-1,57.5625,57.5625,0
1786440764538,3000,Minimum,4471,4471,0.3,-1,57.5625,57.5625,0
1786440764691,3000,Minimum,4471,4471,0.3,-1,57.5625,57.5625,0
1786440764778,3000,Minimum,4471,4471,0.3,-1,57.5625,57.5625,0
1786440764838,3000,Minimum,4471,4471,0.3,-1,57.5625,57.5625,0
1786440764938,3000,Minimum,4471,4471,0.3,-1,57.5625,57.5625,0
1786440765038,3000,Minimum,4471,4471,0.3,-1,57.5625,57.5625,0
1786440765138,3000,Minimum,4471,4471,0.3,-1,57.875,57.875,0
1786440765238,3000,Minimum,4471,4471,0.3,-1,57.875,57.875,0
1786440765338,3000,Minimum,4471,4471,0.3,-1,57.875,57.875,0
1786440765438,3000,Minimum,4471,4471,0.3,-1,57.875,57.875,0
1786440765538,3000,Minimum,4471,4471,0.3,-1,57.875,57.875,0
1786440765638,3000,Minimum,4471,4471,0.3,-1,57.875,57.875,0
1786440765738,3000,Minimum,4471,4471,0.3,-1,57.875,57.875,0
1786440765838,3000,Minimum,4471,4471,0.3,-1,57.875,57.875,0
1786440765938,3000,Minimum,4471,4471,0.3,-1,57.875,57.875,0
1786440766074,3000,Minimum,4471,4471,0.3,-1,57.875,57.875,0
1786440766197,3000,Minimum,-1.16214e+18,-1.16214e+18,0.3,-1,57.9375,57.9375,0
1786440766260,3000,Minimum,4471,4471,0.3,-1,57.9375,57.9375,0
1786440766338,3000,Minimum,4471,4471,0.3,-1,57.9375,57.9375,0
1786440766438,3000,Minimum,4471,4471,0.3,-1,57.9375,57.9375,0
1786440766538,3000,Minimum,4471,4471,0.3,-1,57.9375,57.9375,0
1786440766638,3000,Minimum,4471,4471,0.3,-1,57.9375,57.9375,0
1786440766738,3000,Minimum,4471,4471,0.3,-1,57.9375,57.9375,0
1786440766839,3000,Minimum,4471,4471,0.3,-1,57.9375,57.9375,0
1786440767070,3000,Minimum,-1.16214e+18,-1.16214e+18,0.3,-1,57.9375,57.9375,0
1786440767180,3000,Minimum,4471,4471,0.3,-1,57.9375,57.9375,0
1786440767448,3000,Minimum,-1.16214e+18,-1.16214e+18,0.3,-1,58.125,58.125,0
1786440767670,3000,Minimum,4471,4471,0.3,-1,58.125,58.125,0
1786440767925,3000,Minimum,-1.16214e+18,-1.16214e+18,0.3,-1,58.125,58.125,0
1786440767957,3000,Minimum,4471,4471,0.3,-1,58.125,58.125,0
1786440768018,3000,Minimum,4471,4471,0.3,-1,58.125,58.125,0
1786440768048,3000,Minimum,-1.16214e+18,-1.16214e+18,0.3,-1,58.125,58.125,0
1786440768075,3000,Minimum,4471,4471,0.3,-1,58.125,58.125,0
1786440768079,3000,Minimum,-1.16214e+18,-1.16214e+18,0.3,-1,58.125,58.125,0
1786440768174,3000,Minimum,4471,4471,0.3,-1,58.125,58.125,0
1786440768606,3000,Minimum,-1.16214e+18,-1.16214e+18,0.3,-1,58.125,58.125,0
1786440768672,3000,Minimum,-1.16214e+18,-1.16214e+18,0.3,-1,58.0625,58.0625,0
1786440769004,3000,Minimum,-1.16214e+18,-1.16214e+18,0.3,-1,58.0625,58.0625,0
1786440769366,3000,Minimum,4471,4471,0.3,-1,58.0625,58.0625,0
1786440769596,3000,Minimum,-1.16214e+18,-1.16214e+18,0.3,-1,58.0625,58.0625,0
1786440769868,3000,Minimum,-1.16214e+18,-1.16214e+18,0.3,-1,58.0625,58.0625,0
1786440769936,3000,Minimum,4471,4471,0.3,-1,58.0625,58.0625,0
1786440770200,3000,Minimum,-1.16214e+18,-1.16214e+18,0.3,-1,58.0625,58.0625,0
1786440770270,3000,Minimum,-1.16214e+18,-1.16214e+18,0.3,-1,58.0625,58.0625,0
1786440770333,3000,Minimum,4471,4471,0.3,-1,58.0625,58.0625,0
1786440770334,3000,Minimum,4471,4471,0.3,-1,58.0625,58.0625,0
1786440770364,3000,Minimum,4471,4471,0.3,-1,58.25,58.25,0
1786440770796,3000,Minimum,4471,4471,0.3,-1,58.25,58.25,0
1786440771047,3000,Minimum,-1.16214e+18,-1.16214e+18,0.3,-1,58.25,58.25,0
1786440771109,3000,Minimum,-1.16214e+18,-1.16214e+18,0.3,-1,58.25,58.25,0
1786440771235,3000,Minimum,-1.16214e+18,-1.16214e+18,0.3,-1,58.25,58.25,0
1786440771331,3000,Minimum,-1.16214e+18,-1.16214e+18,0.3,-1,58.25,58.25,0
1786440771522,3000,Minimum,-1.16214e+18,-1.16214e+18,0.3,-1,58.25,58.25,0
1786440771622,3000,Minimum,-1.16214e+18,-1.16214e+18,0.3,-1,58.25,58.25,0
1786440771907,3000,Minimum,-1.16214e+18,-1.16214e+18,0.3,-1,58.25,58.25,0
1786440772177,3000,Minimum,-1.16214e+18,-1.16214e+18,0.3,-1,58.25,58.25,0
1786440772465,3000,Minimum,-1.16214e+18,-1.16214e+18,0.3,-1,58.1875,58.1875,0
1786440772912,3000,Minimum,-1.16214e+18,-1.16214e+18,0.3,-1,58.1875,58.1875,0
1786440773197,3000,Minimum,-1.16214e+18,-1.16214e+18,0.3,-1,58.1875,58.1875,0
1786440773461,3000,Minimum,-1.16214e+18,-1.16214e+18,0.3,-1,58.1875,58.1875,0
1786440773493,3000,Minimum,-1.16214e+18,-1.16214e+18,0.3,-1,58.1875,58.1875,0
1786440773495,3000,Minimum,4471,4471,0.3,-1,58.1875,58.1875,0
1786440773495,3000,Minimum,4471,4471,0.3,-1,58.1875,58.1875,0
1786440773500,3000,Minimum,-1.16214e+18,-1.16214e+18,0.3,-1,58.1875,58.1875,0
1786440773531,3000,Minimum,-1.16214e+18,-1.16214e+18,0.3,-1,58.1875,58.1875,0
1786440773534,3000,Minimum,-1.16214e+18,-1.16214e+18,0.3,-1,58.1875,58.1875,0
1786440773535,3000,Minimum,-1.16214e+18,-1.16214e+18,0.3,-1,58.1875,58.1875,0
1786440773535,3000,Minimum,4471,4471,0.3,-1,58.1875,58.1875,0
1786440773536,3000,Minimum,-1.16214e+18,-1.16214e+18,0.3,-1,58.1875,58.1875,0
1786440773643,3000,Minimum,-1.16214e+18,-1.16214e+18,0.3,-1,58.1875,58.1875,0
1786440773840,3000,Minimum,-1.16214e+18,-1.16214e+18,0.3,-1,58.1875,58.1875,0
1786440773961,3000,Minimum,-1.16214e+18,-1.16214e+18,0.3,-1,58.1875,58.1875,0
1786440773991,3000,Minimum,-1.16214e+18,-1.16214e+18,0.3,-1,58.1875,58.1875,0
1786440774112,3000,Minimum,-1.16214e+18,-1.16214e+18,0.3,-1,58.1875,58.1875,0
1786440774322,3000,Minimum,-1.16214e+18,-1.16214e+18,0.3,-1,58.1875,58.1875,0
1786440774384,3000,Minimum,-1.16214e+18,-1.16214e+18,0.3,-1,58.1875,58.1875,0
1786440774577,3000,Minimum,-1.16214e+18,-1.16214e+18,0.3,-1,58.1875,58.1875,0
1786440774706,3000,Minimum,-1.16214e+18,-1.16214e+18,0.3,-1,58.1875,58.1875,0
1786440774907,3000,Minimum,4471,4471,0.3,-1,58.1875,58.1875,0
1786440776635,3000,Minimum,-1.16214e+18,-1.16214e+18,0.3,-1,58.1875,58.1875,0
1786440776858,3000,Minimum,-1.16214e+18,-1.16214e+18,0.3,-1,58.1875,58.1875,0
1786440777144,3000,Minimum,-1.16214e+18,-1.16214e+18,0.3,-1,58.1875,58.1875,0
1786440778654,3000,Minimum,-1.16214e+18,-1.16214e+18,0.3,-1,58.1875,58.1875,0
1786440778777,3000,Minimum,4471,4471,0.3,-1,58.1875,58.1875,0
1786440778813,3000,Minimum,4471,4471,0.3,-1,58.1875,58.1875,0
1786440778819,3000,Minimum,4471,4471,0.3,-1,58.1875,58.1875,1
1786440778902,3000,Minimum,4471,4471,1,-1,58.1875,58.1875,1
1786440779102,3000,Minimum,-1.16214e+18,-1.16214e+18,1,-1,58.1875,58.1875,1
1786440779474,3000,Minimum,5173,5173,1,-1,58.1875,58.1875,1
1786440779476,3000,Minimum,5828,5828,1,-1,58.1875,58.1875,1
1786440779482,3000,Minimum,-1.16214e+18,-1.16214e+18,1,-1,58.1875,58.1875,1
1786440779501,3000,Minimum,6439,6439,1,-1,58.1875,58.1875,1
1786440779507,3000,Minimum,7010,7010,1,-1,58.1875,58.1875,1
1786440779517,3000,Minimum,-1.16214e+18,-1.16214e+18,1,-1,58.1875,58.1875,1
1786440779541,3000,Minimum,-1.16214e+18,-1.16214e+18,1,-1,58.1875,58.1875,1
1786440779544,3000,Minimum,-1.16214e+18,-1.16214e+18,1,-1,58.1875,58.1875,1
1786440779547,3000,Minimum,9718,9718,1,-1,58.1875,58.1875,1
1786440779552,3000,Minimum,9718,9718,1,-1,58.1875,58.1875,1
1786440779570,3000,Minimum,10992,10992,1,-1,58.1875,58.1875,1
1786440779571,3000,Minimum,-1.16214e+18,-1.16214e+18,1,-1,58.1875,58.1875,1
1786440779572,3000,Minimum,11259,11259,1,-1,58.1875,58.1875,1
1786440779573,3000,Minimum,11509,11509,1,-1,58.1875,58.1875,1
1786440779576,3000,Minimum,-1.16214e+18,-1.16214e+18,1,-1,58.1875,58.1875,1
1786440779579,3000,Minimum,12351,12351,1,-1,58.1875,58.1875,1
1786440779584,3000,Minimum,12527,12527,1,-1,58.1875,58.1875,1
1786440779585,3000,Minimum,12692,12692,1,-1,58.1875,58.1875,1
1786440779586,3000,Minimum,-1.16214e+18,-1.16214e+18,1,-1,58.1875,58.1875,1
1786440779587,3000,Minimum,-1.16214e+18,-1.16214e+18,1,-1,58.1875,58.1875,1
1786440779588,3000,Minimum,13124,13124,1,-1,58.1875,58.1875,1
1786440779591,3000,Minimum,-1.16214e+18,-1.16214e+18,1,-1,58.1875,58.1875,1
1786440779593,3000,Minimum,13365,13365,1,-1,58.1875,58.1875,1
1786440779594,3000,Minimum,13474,13474,1,-1,58.1875,58.1875,1
1786440779594,3000,Minimum,-1.16214e+18,-1.16214e+18,1,-1,58.1875,58.1875,1
1786440779595,3000,Minimum,13576,13576,1,-1,58.1875,58.1875,1
1786440779595,3000,Minimum,-1.16214e+18,-1.16214e+18,1,-1,58.1875,58.1875,1
1786440779595,3000,Minimum,13671,13671,1,-1,58.1875,58.1875,1
1786440779596,3000,Minimum,13760,13760,1,-1,58.1875,58.1875,1
1786440779596,3000,Minimum,13760,13760,1,-1,58.1875,58.1875,1
1786440779597,3000,Minimum,-1.16214e+18,-1.16214e+18,1,-1,58.1875,58.1875,1
1786440779597,3000,Minimum,13992,13992,1,-1,58.1875,58.1875,1
1786440779597,3000,Minimum,14059,14059,1,-1,58.1875,58.1875,1
1786440779597,3000,Minimum,14059,14059,1,-1,58.1875,58.1875,1
1786440779598,3000,Minimum,14122,14122,1,-1,58.1875,58.1875,1
1786440779598,3000,Minimum,-1.16214e+18,-1.16214e+18,1,-1,58.1875,58.1875,1
1786440779598,3000,Minimum,14180,14180,1,-1,58.1875,58.1875,1
1786440779598,3000,Minimum,-1.16214e+18,-1.16214e+18,1,-1,58.1875,58.1875,1
1786440779598,3000,Minimum,-1.16214e+18,-1.16214e+18,1,-1,58.1875,58.1875,1
1786440779599,3000,Minimum,14286,14286,1,-1,58.1875,58.1875,1
1786440779599,3000,Minimum,14333,14333,1,-1,58.1875,58.1875,1
1786440779599,3000,Minimum,14333,14333,1,-1,58.1875,58.1875,1
1786440779599,3000,Minimum,14378,14378,1,-1,58.1875,58.1875,1
1786440779599,3000,Minimum,14378,14378,1,-1,58.1875,58.1875,1
1786440779600,3000,Minimum,14378,14378,1,-1,58.1875,58.1875,1
1786440779600,3000,Minimum,-1.16214e+18,-1.16214e+18,1,-1,58.1875,58.1875,1
1786440779600,3000,Minimum,14419,14419,1,-1,58.1875,58.1875,1
1786440779603,3000,Minimum,-1.16214e+18,-1.16214e+18,1,-1,58.1875,58.1875,1
1786440779604,3000,Minimum,14559,14559,1,-1,58.1875,58.1875,1
1786440779604,3000,Minimum,14559,14559,1,-1,58.1875,58.1875,1
1786440779604,3000,Minimum,14559,14559,1,-1,58.1875,58.1875,1
1786440779604,3000,Minimum,14559,14559,1,-1,58.1875,58.1875,1
1786440779604,3000,Minimum,-1.16214e+18,-1.16214e+18,1,-1,58.1875,58.1875,1
1786440779604,3000,Minimum,14589,14589,1,-1,58.1875,58.1875,1
1786440779605,3000,Minimum,14589,14589,1,-1,58.1875,58.1875,1
1786440779605,3000,Minimum,-1.16214e+18,-1.16214e+18,1,-1,58.1875,58.1875,1
1786440779605,3000,Minimum,14616,14616,1,-1,58.1875,58.1875,1
1786440779605,3000,Minimum,-1.16214e+18,-1.16214e+18,1,-1,58.1875,58.1875,1
1786440779605,3000,Minimum,14642,14642,1,-1,58.1875,58.1875,1
1786440779606,3000,Minimum,14666,14666,1,-1,58.1875,58.1875,1
1786440779606,3000,Minimum,14666,14666,1,-1,58.1875,58.1875,1
1786440779606,3000,Minimum,-1.16214e+18,-1.16214e+18,1,-1,58.1875,58.1875,1
1786440779606,3000,Minimum,14688,14688,1,-1,58.1875,58.1875,1
1786440779638,3000,Minimum,14807,14807,1,-1,58.1875,58.1875,1
1786440779738,3000,Minimum,14820,14820,1,-1,58.1875,58.1875,1
1786440779838,3000,Minimum,14832,14832,1,-1,58.1875,58.1875,1
1786440779938,3000,Minimum,14843,14843,1,-1,58.1875,58.1875,1
1786440780038,3000,Minimum,14854,14854,1,-1,58.1875,58.1875,0
1786440780141,3000,Minimum,14162,14162,0.3,-1,59.5,59.5,0
1786440780239,3000,Minimum,13516,13516,0.3,-1,59.5,59.5,0
1786440780338,3000,Minimum,12913,12913,0.3,-1,59.5,59.5,0
1786440780438,3000,Minimum,12350,12350,0.3,-1,59.5,59.5,0
1786440780538,3000,Minimum,11825,11825,0.3,-1,59.5,59.5,0
1786440780638,3000,Minimum,11334,11334,0.3,-1,59.5,59.5,0
1786440780738,3000,Minimum,10877,10877,0.3,-1,59.5,59.5,0
1786440780838,3000,Minimum,10450,10450,0.3,-1,59.5,59.5,0
1786440780938,3000,Minimum,10051,10051,0.3,-1,59.5,59.5,0
1786440781038,3000,Minimum,9679,9679,0.3,-1,59.5,59.5,0
1786440781138,3000,Minimum,9332,9332,0.3,-1,59.1875,59.1875,0
1786440781238,3000,Minimum,9008,9008,0.3,-1,59.1875,59.1875,0
1786440781338,3000,Minimum,8705,8705,0.3,-1,59.1875,59.1875,0
1786440781438,3000,Minimum,8423,8423,0.3,-1,59.1875,59.1875,0
1786440781538,3000,Minimum,8159,8159,0.3,-1,59.1875,59.1875,0
1786440781638,3000,Minimum,7913,7913,0.3,-1,59.1875,59.1875,0
1786440781738,3000,Minimum,7684,7684,0.3,-1,59.1875,59.1875,0
1786440781839,3000,Minimum,7470,7470,0.3,-1,59.1875,59.1875,0
1786440781938,3000,Minimum,7270,7270,0.3,-1,59.1875,59.1875,0
1786440782041,3000,Minimum,7083,7083,0.3,-1,59.1875,59.1875,0
1786440782138,3000,Minimum,6909,6909,0.3,-1,59.125,59.125,0
1786440782238,3000,Minimum,6746,6746,0.3,-1,59.125,59.125,0
1786440782338,3000,Minimum,6595,6595,0.3,-1,59.125,59.125,0
1786440782438,3000,Minimum,6453,6453,0.3,-1,59.125,59.125,0
1786440782538,3000,Minimum,6321,6321,0.3,-1,59.125,59.125,0
1786440782638,3000,Minimum,6198,6198,0.3,-1,59.125,59.125,0
1786440782738,3000,Minimum,6082,6082,0.3,-1,59.125,59.125,0
1786440782838,3000,Minimum,5975,5975,0.3,-1,59.125,59.125,0
1786440782938,3000,Minimum,5875,5875,0.3,-1,59.125,59.125,0
1786440783038,3000,Minimum,5781,5781,0.3,-1,59.125,59.125,0
1786440783138,3000,Minimum,5694,5694,0.3,-1,58.8125,58.8125,0
1786440783238,3000,Minimum,5612,5612,0.3,-1,58.8125,58.8125,0
1786440783338,3000,Minimum,5536,5536,0.3,-1,58.8125,58.8125,0
1786440783438,3000,Minimum,5465,5465,0.3,-1,58.8125,58.8125,0
1786440783538,3000,Minimum,5399,5399,0.3,-1,58.8125,58.8125,0
1786440783638,3000,Minimum,5337,5337,0.3,-1,58.8125,58.8125,0
1786440783738,3000,Minimum,5279,5279,0.3,-1,58.8125,58.8125,0
1786440783838,3000,Minimum,5279,5279,0.3,-1,58.8125,58.8125,0
1786440783938,3000,Minimum,5279,5279,0.3,-1,58.8125,58.8125,0
1786440784038,3000,Minimum,5128,5128,0.3,-1,58.8125,58.8125,0
1786440784138,3000,Minimum,5084,5084,0.3,-1,58.625,58.625,0
1786440784238,3000,Minimum,5043,5043,0.3,-1,58.625,58.625,0
1786440784338,3000,Minimum,5005,5005,0.3,-1,58.625,58.625,0
1786440784438,3000,Minimum,4969,4969,0.3,-1,58.625,58.625,0
1786440784538,3000,Minimum,4936,4936,0.3,-1,58.625,58.625,0
1786440784638,3000,Minimum,4905,4905,0.3,-1,58.625,58.625,0
1786440784738,3000,Minimum,4876,4876,0.3,-1,58.625,58.625,0
1786440784838,3000,Minimum,4849,4849,0.3,-1,58.625,58.625,0
1786440784938,3000,Minimum,4824,4824,0.3,-1,58.625,58.625,0
1786440785038,3000,Minimum,4800,4800,0.3,-1,58.625,58.625,0
1786440785138,3000,Minimum,4778,4778,0.3,-1,58.375,58.375,0
1786440785238,3000,Minimum,4758,4758,0.3,-1,58.375,58.375,0
1786440785338,3000,Minimum,4739,4739,0.3,-1,58.375,58.375,0
1786440785443,3000,Minimum,4721,4721,0.3,-1,58.375,58.375,0
1786440785538,3000,Minimum,4704,4704,0.3,-1,58.375,58.375,0
1786440785638,3000,Minimum,4704,4704,0.3,-1,58.375,58.375,0
1786440785738,3000,Minimum,4674,4674,0.3,-1,58.375,58.375,0
1786440785838,3000,Minimum,4660,4660,0.3,-1,58.375,58.375,0
1786440785938,3000,Minimum,4648,4648,0.3,-1,58.375,58.375,0
1786440786038,3000,Minimum,4636,4636,0.3,-1,58.375,58.375,0
1786440786139,3000,Minimum,4625,4625,0.3,-1,58.1875,58.1875,0
1786440786238,3000,Minimum,4615,4615,0.3,-1,58.1875,58.1875,0
1786440786338,3000,Minimum,4605,4605,0.3,-1,58.1875,58.1875,0
1786440786438,3000,Minimum,4596,4596,0.3,-1,58.1875,58.1875,0
1786440786538,3000,Minimum,4588,4588,0.3,-1,58.1875,58.1875,0
1786440786638,3000,Minimum,4580,4580,0.3,-1,58.1875,58.1875,0
1786440786738,3000,Minimum,4573,4573,0.3,-1,58.1875,58.1875,0
1786440786838,3000,Minimum,4566,4566,0.3,-1,58.1875,58.1875,0
1786440786938,3000,Minimum,4559,4559,0.3,-1,58.1875,58.1875,0
1786440787038,3000,Minimum,4554,4554,0.3,-1,58.1875,58.1875,0
1786440787138,3000,Minimum,4548,4548,0.3,-1,58.125,58.125,0
1786440787238,3000,Minimum,4543,4543,0.3,-1,58.125,58.125,0
1786440787338,3000,Minimum,4538,4538,0.3,-1,58.125,58.125,0
1786440787438,3000,Minimum,4534,4534,0.3,-1,58.125,58.125,0
1786440787538,3000,Minimum,4529,4529,0.3,-1,58.125,58.125,0
1786440787721,3000,Minimum,-1.16214e+18,-1.16214e+18,0.3,-1,58.125,58.125,0
1786440787942,3000,Minimum,-1.16214e+18,-1.16214e+18,0.3,-1,58.125,58.125,0
1786440788146,3000,Minimum,-1.16214e+18,-1.16214e+18,0.3,-1,58.125,58.125,0
1786440788160,3000,Minimum,-1.16214e+18,-1.16214e+18,0.3,-1,58.125,58.125,0
1786440788177,3000,Minimum,-1.16214e+18,-1.16214e+18,0.3,-1,58.125,58.125,0
1786440788185,3000,Minimum,4512,4512,0.3,-1,58.125,58.125,0
1786440788238,3000,Minimum,4507,4507,0.3,-1,58.125,58.125,0
1786440788338,3000,Minimum,4504,4504,0.3,-1,58.125,58.125,0
1786440788438,3000,Minimum,4502,4502,0.3,-1,58.125,58.125,0
1786440788538,3000,Minimum,4500,4500,0.3,-1,58.125,58.125,0
1786440788638,3000,Minimum,4498,4498,0.3,-1,58.125,58.125,0
1786440788738,3000,Minimum,4496,4496,0.3,-1,58.125,58.125,0
1786440788838,3000,Minimum,4495,4495,0.3,-1,58.125,58.125,0
1786440788938,3000,Minimum,4493,4493,0.3,-1,58.125,58.125,0
1786440789038,3000,Minimum,4491,4491,0.3,-1,58.125,58.125,0
1786440789140,3000,Minimum,4490,4490,0.3,-1,58.1875,58.1875,0
1786440789238,3000,Minimum,4489,4489,0.3,-1,58.1875,58.1875,0
1786440789338,3000,Minimum,4488,4488,0.3,-1,58.1875,58.1875,0
1786440789438,3000,Minimum,4486,4486,0.3,-1,58.1875,58.1875,0
1786440789538,3000,Minimum,4485,4485,0.3,-1,58.1875,58.1875,0
1786440789638,3000,Minimum,4484,4484,0.3,-1,58.1875,58.1875,0
1786440789739,3000,Minimum,4483,4483,0.3,-1,58.1875,58.1875,0
1786440789838,3000,Minimum,4483,4483,0.3,-1,58.1875,58.1875,0
1786440789938,3000,Minimum,4482,4482,0.3,-1,58.1875,58.1875,0
1786440790038,3000,Minimum,4481,4481,0.3,-1,58.1875,58.1875,0
1786440790138,3000,Minimum,-1.16214e+18,-1.16214e+18,0.3,-1,58.125,58.125,0
1786440790462,3000,Minimum,-1.16214e+18,-1.16214e+18,0.3,-1,58.125,58.125,0
1786440790707,3000,Minimum,-1.16214e+18,-1.16214e+18,0.3,-1,58.125,58.125,0
1786440790880,3000,Minimum,-1.16214e+18,-1.16214e+18,0.3,-1,58.125,58.125,0
1786440790922,3000,Minimum,4478,4478,0.3,-1,58.125,58.125,0
1786440790930,3000,Minimum,4478,4478,0.3,-1,58.125,58.125,0
1786440790941,3000,Minimum,4477,4477,0.3,-1,58.125,58.125,0
1786440790942,3000,Minimum,-1.16214e+18,-1.16214e+18,0.3,-1,58.125,58.125,0
1786440790942,3000,Minimum,-1.16214e+18,-1.16214e+18,0.3,-1,58.125,58.125,0
1786440791038,3000,Minimum,4476,4476,0.3,-1,58.125,58.125,0
1786440791138,3000,Minimum,4475,4475,0.3,-1,58.3125,58.3125,0
1786440791238,3000,Minimum,4475,4475,0.3,-1,58.3125,58.3125,0
1786440791338,3000,Minimum,4475,4475,0.3,-1,58.3125,58.3125,0
1786440791438,3000,Minimum,4475,4475,0.3,-1,58.3125,58.3125,0
1786440791538,3000,Minimum,4474,4474,0.3,-1,58.3125,58.3125,0
1786440791638,3000,Minimum,4474,4474,0.3,-1,58.3125,58.3125,0
1786440791738,3000,Minimum,4474,4474,0.3,-1,58.3125,58.3125,0
1786440791838,3000,Minimum,4474,4474,0.3,-1,58.3125,58.3125,0
1786440791938,3000,Minimum,4473,4473,0.3,-1,58.3125,58.3125,0
1786440792038,3000,Minimum,4473,4473,0.3,-1,58.3125,58.3125,0
1786440792138,3000,Minimum,4473,4473,0.3,-1,58.375,58.375,0
1786440792238,3000,Minimum,4473,4473,0.3,-1,58.375,58.375,0
1786440792338,3000,Minimum,4473,4473,0.3,-1,58.375,58.375,0
1786440792438,3000,Minimum,4473,4473,0.3,-1,58.375,58.375,0
1786440792538,3000,Minimum,4472,4472,0.3,-1,58.375,58.375,0
1786440792638,3000,Minimum,4472,4472,0.3,-1,58.375,58.375,0
1786440792738,3000,Minimum,4472,4472,0.3,-1,58.375,58.375,0
1786440792838,3000,Minimum,4472,4472,0.3,-1,58.375,58.375,0
1786440792938,3000,Minimum,4472,4472,0.3,-1,58.375,58.375,0
1786440793038,3000,Minimum,4472,4472,0.3,-1,58.375,58.375,0
1786440793138,3000,Minimum,4472,4472,0.3,-1,58.375,58.375,0
1786440793238,3000,Minimum,4472,4472,0.3,-1,58.375,58.375,0
1786440793338,3000,Minimum,4472,4472,0.3,-1,58.375,58.375,0
1786440793479,3000,Minimum,4472,4472,0.3,-1,58.375,58.375,0
1786440793538,3000,Minimum,4472,4472,0.3,-1,58.375,58.375,0
1786440793638,3000,Minimum,4471,4471,0.3,-1,58.375,58.375,0
1786440793738,3000,Minimum,4471,4471,0.3,-1,58.375,58.375,0
1786440793838,3000,Minimum,4471,4471,0.3,-1,58.375,58.375,0
1786440793938,3000,Minimum,4471,4471,0.3,-1,58.375,58.375,0
1786440794038,3000,Minimum,4471,4471,0.3,-1,58.375,58.375,0
1786440794139,3000,Minimum,4471,4471,0.3,-1,58.5625,58.5625,0
1786440794238,3000,Minimum,-1.16214e+18,-1.16214e+18,0.3,-1,58.5625,58.5625,0
1786440794338,3000,Minimum,4471,4471,0.3,-1,58.5625,58.5625,0
1786440794438,3000,Minimum,4471,4471,0.3,-1,58.5625,58.5625,0
1786440794538,3000,Minimum,4471,4471,0.3,-1,58.5625,58.5625,0
1786440794638,3000,Minimum,4471,4471,0.3,-1,58.5625,58.5625,0
1786440794738,3000,Minimum,4471,4471,0.3,-1,58.5625,58.5625,0
1786440794838,3000,Minimum,4471,4471,0.3,-1,58.5625,58.5625,0
1786440794938,3000,Minimum,-1.16214e+18,-1.16214e+18,0.3,-1,58.5625,58.5625,0
1786440795038,3000,Minimum,-1.16214e+18,-1.16214e+18,0.3,-1,58.5625,58.5625,0
1786440795142,3000,Minimum,-1.16214e+18,-1.16214e+18,0.3,-1,58.625,58.625,0
1786440795238,3000,Minimum,-1.16214e+18,-1.16214e+18,0.3,-1,58.625,58.625,0
1786440795338,3000,Minimum,4471,4471,0.3,-1,58.625,58.625,0
1786440795438,3000,Minimum,4471,4471,0.3,-1,58.625,58.625,0
1786440795539,3000,Minimum,-1.16214e+18,-1.16214e+18,0.3,-1,58.625,58.625,0
1786440795819,3000,Minimum,-1.16214e+18,-1.16214e+18,0.3,-1,58.625,58.625,0
1786440795820,3000,Minimum,-1.16214e+18,-1.16214e+18,0.3,-1,58.625,58.625,0
1786440795872,3000,Minimum,-1.16214e+18,-1.16214e+18,0.3,-1,58.625,58.625,0
1786440795960,3000,Minimum,4471,4471,0.3,-1,58.625,58.625,0
1786440796092,3000,Minimum,-1.16214e+18,-1.16214e+18,0.3,-1,58.625,58.625,0
1786440796251,3000,Minimum,4471,4471,0.3,-1,58.75,58.75,0
1786440796464,3000,Minimum,-1.16214e+18,-1.16214e+18,0.3,-1,58.75,58.75,0
1786440796642,3000,Minimum,4471,4471,0.3,-1,58.75,58.75,0
1786440796811,3000,Minimum,4471,4471,0.3,-1,58.75,58.75,0
1786440796956,3000,Minimum,4471,4471,0.3,-1,58.75,58.75,0
1786440797050,3000,Minimum,4471,4471,0.3,-1,58.75,58.75,0
1786440797230,3000,Minimum,-1.16214e+18,-1.16214e+18,0.3,-1,58.75,58.75,0
1786440797411,3000,Minimum,4471,4471,0.3,-1,58.75,58.75,0
1786440797576,3000,Minimum,-1.16214e+18,-1.16214e+18,0.3,-1,58.75,58.75,0
1786440797616,3000,Minimum,-1.16214e+18,-1.16214e+18,0.3,-1,58.75,58.75,0
1786440797627,3000,Minimum,-1.16214e+18,-1.16214e+18,0.3,-1,58.75,58.75,0
1786440797783,3000,Minimum,-1.16214e+18,-1.16214e+18,0.3,-1,58.75,58.75,0
1786440797904,3000,Minimum,4471,4471,0.3,-1,58.75,58.75,0
1786440797995,3000,Minimum,-1.16214e+18,-1.16214e+18,0.3,-1,58.75,58.75,0
1786440798157,3000,Minimum,4471,4471,0.3,-1,58.75,58.75,0
1786440798222,3000,Minimum,-1.16214e+18,-1.16214e+18,0.3,-1,58.75,58.75,0
1786440798250,3000,Minimum,-1.16214e+18,-1.16214e+18,0.3,-1,58.75,58.75,0
1786440798251,3000,Minimum,4471,4471,0.3,-1,58.75,58.75,0
1786440798253,3000,Minimum,-1.16214e+18,-1.16214e+18,0.3,-1,58.75,58.75,0
1786440798254,3000,Minimum,4471,4471,0.3,-1,58.75,58.75,0
1786440798254,3000,Minimum,-1.16214e+18,-1.16214e+18,0.3,-1,58.75,58.75,0
1786440798255,3000,Minimum,4471,4471,0.3,-1,58.75,58.75,0
1786440798339,3000,Minimum,4471,4471,0.3,-1,58.75,58.75,0
1786440798438,3000,Minimum,4471,4471,0.3,-1,58.75,58.75,0
1786440798538,3000,Minimum,4471,4471,0.3,-1,58.75,58.75,0
1786440798638,3000,Minimum,4471,4471,0.3,-1,58.75,58.75,0
1786440798738,3000,Minimum,4471,4471,0.3,-1,58.75,58.75,0
1786440798838,3000,Minimum,4471,4471,0.3,-1,58.75,58.75,0
1786440798941,3000,Minimum,4471,4471,0.3,-1,58.75,58.75,0
1786440799038,3000,Minimum,4471,4471,0.3,-1,58.75,58.75,0
1786440799138,3000,Minimum,4471,4471,0.3,-1,59.125,59.125,0
1786440799238,3000,Minimum,4471,4471,0.3,-1,59.125,59.125,0
1786440799338,3000,Minimum,4471,4471,0.3,-1,59.125,59.125,0
1786440799438,3000,Minimum,4471,4471,0.3,-1,59.125,59.125,0
1786440799538,3000,Minimum,4471,4471,0.3,-1,59.125,59.125,0
1786440799638,3000,Minimum,4471,4471,0.3,-1,59.125,59.125,0
1786440799738,3000,Minimum,4471,4471,0.3,-1,59.125,59.125,0
1786440799838,3000,Minimum,4471,4471,0.3,-1,59.125,59.125,0
1786440799938,3000,Minimum,4471,4471,0.3,-1,59.125,59.125,0
1786440800044,3000,Minimum,4471,4471,0.3,-1,59.125,59.125,0
1786440800138,3000,Minimum,4471,4471,0.3,-1,59.125,59.125,0
1786440800238,3000,Minimum,4471,4471,0.3,-1,59.125,59.125,0
1786440800338,3000,Minimum,4471,4471,0.3,-1,59.125,59.125,0
1786440800438,3000,Minimum,4471,4471,0.3,-1,59.125,59.125,0
1786440800538,3000,Minimum,4471,4471,0.3,-1,59.125,59.125,0
1786440800638,3000,Minimum,4471,4471,0.3,-1,59.125,59.125,0
1786440800738,3000,Minimum,4471,4471,0.3,-1,59.125,59.125,0
1786440800838,3000,Minimum,4471,4471,0.3,-1,59.125,59.125,0
1786440800939,3000,Minimum,4471,4471,0.3,-1,59.125,59.125,0
1786440801038,3000,Minimum,4471,4471,0.3,-1,59.125,59.125,0
1786440801138,3000,Minimum,4471,4471,0.3,-1,59.375,59.375,0
1786440801243,3000,Minimum,4471,4471,0.3,-1,59.375,59.375,0
1786440801338,3000,Minimum,4471,4471,0.3,-1,59.375,59.375,0
1786440801438,3000,Minimum,4471,4471,0.3,-1,59.375,59.375,0
1786440801538,3000,Minimum,4471,4471,0.3,-1,59.375,59.375,0
1786440801638,3000,Minimum,4471,4471,0.3,-1,59.375,59.375,0
1786440801738,3000,Minimum,4471,4471,0.3,-1,59.375,59.375,0
1786440801838,3000,Minimum,4471,4471,0.3,-1,59.375,59.375,0
1786440801938,3000,Minimum,4471,4471,0.3,-1,59.375,59.375,0
1786440802038,3000,Minimum,4471,4471,0.3,-1,59.375,59.375,0
1786440802138,3000,Minimum,4471,4471,0.3,-1,59.5,59.5,0
1786440802238,3000,Minimum,4471,4471,0.3,-1,59.5,59.5,0
1786440802338,3000,Minimum,4471,4471,0.3,-1,59.5,59.5,0
1786440802438,3000,Minimum,4471,4471,0.3,-1,59.5,59.5,0
1786440802538,3000,Minimum,4471,4471,0.3,-1,59.5,59.5,0
1786440802638,3000,Minimum,4471,4471,0.3,-1,59.5,59.5,0
1786440802738,3000,Minimum,4471,4471,0.3,-1,59.5,59.5,0
1786440802838,3000,Minimum,4471,4471,0.3,-1,59.5,59.5,0
1786440802938,3000,Minimum,4471,4471,0.3,-1,59.5,59.5,0
1786440803040,3000,Minimum,4471,4471,0.3,-1,59.5,59.5,0
1786440803138,3000,Minimum,4471,4471,0.3,-1,59.625,59.625,0
1786440803238,3000,Minimum,4471,4471,0.3,-1,59.625,59.625,0
1786440803338,3000,Minimum,4471,4471,0.3,-1,59.625,59.625,0
1786440803438,3000,Minimum,4471,4471,0.3,-1,59.625,59.625,0
1786440803538,3000,Minimum,4471,4471,0.3,-1,59.625,59.625,0
1786440803638,3000,Minimum,4471,4471,0.3,-1,59.625,59.625,0
1786440803738,3000,Minimum,4471,4471,0.3,-1,59.625,59.625,0
1786440803838,3000,Minimum,4471,4471,0.3,-1,59.625,59.625,0
1786440803938,3000,Minimum,4471,4471,0.3,-1,59.625,59.625,0
1786440804040,3000,Minimum,4471,4471,0.3,-1,59.625,59.625,0
1786440804144,3000,Minimum,4471,4471,0.3,-1,59.6875,59.6875,0
1786440804238,3000,Minimum,4471,4471,0.3,-1,59.6875,59.6875,0
1786440804338,3000,Minimum,4471,4471,0.3,-1,59.6875,59.6875,0
1786440804438,3000,Minimum,4471,4471,0.3,-1,59.6875,59.6875,0
1786440804544,3000,Minimum,4471,4471,0.3,-1,59.6875,59.6875,0
1786440804638,3000,Minimum,4471,4471,0.3,-1,59.6875,59.6875,0
1786440804740,3000,Minimum,4471,4471,0.3,-1,59.6875,59.6875,0
1786440804838,3000,Minimum,4471,4471,0.3,-1,59.6875,59.6875,0
1786440804938,3000,Minimum,4471,4471,0.3,-1,59.6875,59.6875,0
1786440805038,3000,Minimum,4471,4471,0.3,-1,59.6875,59.6875,0
1786440805140,3000,Minimum,4471,4471,0.3,-1,59.75,59.75,0
1786440805238,3000,Minimum,4471,4471,0.3,-1,59.75,59.75,0
1786440805338,3000,Minimum,4471,4471,0.3,-1,59.75,59.75,0
1786440805438,3000,Minimum,4471,4471,0.3,-1,59.75,59.75,0
1786440805538,3000,Minimum,4471,4471,0.3,-1,59.75,59.75,0
1786440805638,3000,Minimum,4471,4471,0.3,-1,59.75,59.75,0
1786440805738,3000,Minimum,4471,4471,0.3,-1,59.75,59.75,0
1786440805838,3000,Minimum,4471,4471,0.3,-1,59.75,59.75,0
1786440805938,3000,Minimum,4471,4471,0.3,-1,59.75,59.75,0
1786440806038,3000,Minimum,4471,4471,0.3,-1,59.75,59.75,0
1786440806138,3000,Minimum,4471,4471,0.3,-1,59.875,59.875,0
1786440806238,3000,Minimum,4471,4471,0.3,-1,59.875,59.875,0
1786440806338,3000,Minimum,4471,4471,0.3,-1,59.875,59.875,0
1786440806438,3000,Minimum,4471,4471,0.3,-1,59.875,59.875,0
1786440806538,3000,Minimum,4471,4471,0.3,-1,59.875,59.875,0
1786440806638,3000,Minimum,4471,4471,0.3,-1,59.875,59.875,0
1786440806738,3000,Minimum,4471,4471,0.3,-1,59.875,59.875,0
1786440806838,3000,Minimum,4471,4471,0.3,-1,59.875,59.875,0
1786440806938,3000,Minimum,4471,4471,0.3,-1,59.875,59.875,0
1786440807038,3000,Minimum,4471,4471,0.3,-1,59.875,59.875,0
1786440807139,3000,Minimum,4471,4471,0.3,-1,59.9375,59.9375,0
1786440807238,3000,Minimum,4471,4471,0.3,-1,59.9375,59.9375,0
1786440807338,3000,Minimum,4471,4471,0.3,-1,59.9375,59.9375,0
1786440807438,3000,Minimum,4471,4471,0.3,-1,59.9375,59.9375,0
1786440807543,3000,Minimum,4471,4471,0.3,-1,59.9375,59.9375,0
1786440807638,3000,Minimum,4471,4471,0.3,-1,59.9375,59.9375,0
1786440807738,3000,Minimum,4471,4471,0.3,-1,59.9375,59.9375,0
1786440807838,3000,Minimum,4471,4471,0.3,-1,59.9375,59.9375,0
1786440807938,3000,Minimum,4471,4471,0.3,-1,59.9375,59.9375,0
1786440808040,3000,Minimum,4471,4471,0.3,-1,59.9375,59.9375,0
1786440808138,3000,Minimum,4471,4471,0.3,-1,60,60,0
1786440808238,3000,Minimum,4471,4471,0.3,-1,60,60,0
1786440808338,3000,Minimum,4471,4471,0.3,-1,60,60,0
1786440808438,3000,Minimum,4471,4471,0.3,-1,60,60,0
1786440808541,3000,Minimum,4471,4471,0.3,-1,60,60,0
1786440808638,3000,Minimum,4471,4471,0.3,-1,60,60,0
1786440808738,3000,Minimum,4471,4471,0.3,-1,60,60,0
1786440808838,3000,Minimum,4471,4471,0.3,-1,60,60,0
1786440808938,3000,Minimum,4471,4471,0.3,-1,60,60,0
1786440809038,3000,Minimum,4471,4471,0.3,-1,60,60,0
1786440809139,3000,Minimum,4471,4471,0.3,-1,60.1875,60.1875,0
1786440809238,3000,Minimum,4471,4471,0.3,-1,60.1875,60.1875,0
1786440809338,3000,Minimum,4471,4471,0.3,-1,60.1875,60.1875,0
1786440809438,3000,Minimum,4471,4471,0.3,-1,60.1875,60.1875,0
1786440809538,3000,Minimum,4471,4471,0.3,-1,60.1875,60.1875,0
1786440809638,3000,Minimum,4471,4471,0.3,-1,60.1875,60.1875,0
1786440809738,3000,Minimum,4471,4471,0.3,-1,60.1875,60.1875,0
1786440809838,3000,Minimum,4471,4471,0.3,-1,60.1875,60.1875,0
1786440809938,3000,Minimum,4471,4471,0.3,-1,60.1875,60.1875,0
1786440810040,3000,Minimum,4471,4471,0.3,-1,60.1875,60.1875,0
1786440810138,3000,Minimum,4471,4471,0.3,-1,60.25,60.25,0
1786440810238,3000,Minimum,4471,4471,0.3,-1,60.25,60.25,0
1786440810338,3000,Minimum,4471,4471,0.3,-1,60.25,60.25,0
1786440810438,3000,Minimum,4471,4471,0.3,-1,60.25,60.25,0
1786440810541,3000,Minimum,4471,4471,0.3,-1,60.25,60.25,0
1786440810638,3000,Minimum,4471,4471,0.3,-1,60.25,60.25,0
1786440810738,3000,Minimum,4471,4471,0.3,-1,60.25,60.25,0
1786440810838,3000,Minimum,4471,4471,0.3,-1,60.25,60.25,0
1786440810938,3000,Minimum,4471,4471,0.3,-1,60.25,60.25,0
1786440811038,3000,Minimum,4471,4471,0.3,-1,60.25,60.25,0
1786440811138,3000,Minimum,4471,4471,0.3,-1,60.375,60.375,0
1786440811238,3000,Minimum,4471,4471,0.3,-1,60.375,60.375,0
1786440811338,3000,Minimum,4471,4471,0.3,-1,60.375,60.375,0
1786440811438,3000,Minimum,4471,4471,0.3,-1,60.375,60.375,0
1786440811538,3000,Minimum,4471,4471,0.3,-1,60.375,60.375,0
1786440811638,3000,Minimum,4471,4471,0.3,-1,60.375,60.375,0
1786440811738,3000,Minimum,4471,4471,0.3,-1,60.375,60.375,0
1786440811838,3000,Minimum,4471,4471,0.3,-1,60.375,60.375,0
1786440811938,3000,Minimum,4471,4471,0.3,-1,60.375,60.375,0
1786440812038,3000,Minimum,4471,4471,0.3,-1,60.375,60.375,0
1786440812138,3000,Minimum,4471,4471,0.3,-1,60.5,60.5,0
1786440812243,3000,Minimum,4471,4471,0.3,-1,60.5,60.5,0
1786440812338,3000,Minimum,4471,4471,0.3,-1,60.5,60.5,0
1786440812438,3000,Minimum,4471,4471,0.3,-1,60.5,60.5,0
1786440812538,3000,Minimum,4471,4471,0.3,-1,60.5,60.5,0
1786440812649,3000,Minimum,4471,4471,0.3,-1,60.5,60.5,0
1786440812743,3000,Minimum,4471,4471,0.3,-1,60.5,60.5,0
1786440812838,3000,Minimum,4471,4471,0.3,-1,60.5,60.5,0
1786440812938,3000,Minimum,4471,4471,0.3,-1,60.5,60.5,0
1786440813038,3000,Minimum,4471,4471,0.3,-1,60.5,60.5,0
1786440813138,3000,Minimum,4471,4471,0.3,-1,60.5,60.5,0
1786440813238,3000,Minimum,4471,4471,0.3,-1,60.5,60.5,0
1786440813338,3000,Minimum,4471,4471,0.3,-1,60.5,60.5,0
1786440813438,3000,Minimum,4471,4471,0.3,-1,60.5,60.5,0
1786440813538,3000,Minimum,4471,4471,0.3,-1,60.5,60.5,0
1786440813638,3000,Minimum,4471,4471,0.3,-1,60.5,60.5,0
1786440813738,3000,Minimum,4471,4471,0.3,-1,60.5,60.5,0
1786440813838,3000,Minimum,4471,4471,0.3,-1,60.5,60.5,0
1786440813938,3000,Minimum,4471,4471,0.3,-1,60.5,60.5,0
1786440814038,3000,Minimum,4471,4471,0.3,-1,60.5,60.5,0
1786440814138,3000,Minimum,4471,4471,0.3,-1,60.75,60.75,0
1786440814238,3000,Minimum,4471,4471,0.3,-1,60.75,60.75,0
1786440814338,3000,Minimum,4471,4471,0.3,-1,60.75,60.75,0
1786440814438,3000,Minimum,4471,4471,0.3,-1,60.75,60.75,0
1786440814538,3000,Minimum,4471,4471,0.3,-1,60.75,60.75,0
1786440814638,3000,Minimum,4471,4471,0.3,-1,60.75,60.75,0
1786440814738,3000,Minimum,4471,4471,0.3,-1,60.75,60.75,0
1786440814838,3000,Minimum,-1.16214e+18,-1.16214e+18,0.3,-1,60.75,60.75,0
1786440814938,3000,Minimum,4471,4471,0.3,-1,60.75,60.75,0
1786440815038,3000,Minimum,4471,4471,0.3,-1,60.75,60.75,0
1786440815138,3000,Minimum,4471,4471,0.3,-1,60.75,60.75,0
1786440815296,3000,Minimum,4471,4471,0.3,-1,60.75,60.75,0
1786440815338,3000,Minimum,4471,4471,0.3,-1,60.75,60.75,0
1786440815438,3000,Minimum,4471,4471,0.3,-1,60.75,60.75,0
1786440815538,3000,Minimum,4471,4471,0.3,-1,60.75,60.75,0
1786440815640,3000,Minimum,4471,4471,0.3,-1,60.75,60.75,0
1786440815738,3000,Minimum,4471,4471,0.3,-1,60.75,60.75,0
1786440815838,3000,Minimum,4471,4471,0.3,-1,60.75,60.75,0
1786440815938,3000,Minimum,4471,4471,0.3,-1,60.75,60.75,0
1786440816038,3000,Minimum,4471,4471,0.3,-1,60.75,60.75,0
1786440816138,3000,Minimum,4471,4471,0.3,-1,60.75,60.75,0
1786440816238,3000,Minimum,4471,4471,0.3,-1,60.75,60.75,0
1786440816338,3000,Minimum,4471,4471,0.3,-1,60.75,60.75,0
1786440816438,3000,Minimum,4471,4471,0.3,-1,60.75,60.75,0
1786440816538,3000,Minimum,4471,4471,0.3,-1,60.75,60.75,0
1786440816638,3000,Minimum,4471,4471,0.3,-1,60.75,60.75,0
1786440816738,3000,Minimum,4471,4471,0.3,-1,60.75,60.75,0
1786440816838,3000,Minimum,4471,4471,0.3,-1,60.75,60.75,0
1786440816938,3000,Minimum,4471,4471,0.3,-1,60.75,60.75,0
1786440817038,3000,Minimum,4471,4471,0.3,-1,60.75,60.75,0
1786440817138,3000,Minimum,4471,4471,0.3,-1,60.875,60.875,0
1786440817238,3000,Minimum,4471,4471,0.3,-1,60.875,60.875,0
1786440817338,3000,Minimum,4471,4471,0.3,-1,60.875,60.875,0
1786440817438,3000,Minimum,4471,4471,0.3,-1,60.875,60.875,0
1786440817538,3000,Minimum,4471,4471,0.3,-1,60.875,60.875,0
1786440817638,3000,Minimum,4471,4471,0.3,-1,60.875,60.875,0
1786440817738,3000,Minimum,4471,4471,0.3,-1,60.875,60.875,0
1786440817838,3000,Minimum,4471,4471,0.3,-1,60.875,60.875,0
1786440817938,3000,Minimum,4471,4471,0.3,-1,60.875,60.875,0
1786440818038,3000,Minimum,4471,4471,0.3,-1,60.875,60.875,0
1786440818138,3000,Minimum,4471,4471,0.3,-1,60.875,60.875,0
1786440818238,3000,Minimum,4471,4471,0.3,-1,60.875,60.875,0
1786440818338,3000,Minimum,4471,4471,0.3,-1,60.875,60.875,0
1786440818438,3000,Minimum,4471,4471,0.3,-1,60.875,60.875,0
1786440818538,3000,Minimum,4471,4471,0.3,-1,60.875,60.875,0
1786440818638,3000,Minimum,4471,4471,0.3,-1,60.875,60.875,0
1786440818738,3000,Minimum,4471,4471,0.3,-1,60.875,60.875,0
1786440818838,3000,Minimum,4471,4471,0.3,-1,60.875,60.875,0
1786440818938,3000,Minimum,4471,4471,0.3,-1,60.875,60.875,0
1786440819038,3000,Minimum,4471,4471,0.3,-1,60.875,60.875,0
1786440819138,3000,Minimum,4471,4471,0.3,-1,60.9375,60.9375,0
1786440819238,3000,Minimum,4471,4471,0.3,-1,60.9375,60.9375,0
1786440819338,3000,Minimum,4471,4471,0.3,-1,60.9375,60.9375,0
1786440819438,3000,Minimum,4471,4471,0.3,-1,60.9375,60.9375,0
1786440819538,3000,Minimum,4471,4471,0.3,-1,60.9375,60.9375,0
1786440819638,3000,Minimum,4471,4471,0.3,-1,60.9375,60.9375,0
1786440819738,3000,Minimum,4471,4471,0.3,-1,60.9375,60.9375,0
1786440819838,3000,Minimum,4471,4471,0.3,-1,60.9375,60.9375,0
1786440819938,3000,Minimum,4471,4471,0.3,-1,60.9375,60.9375,0
1786440820038,3000,Minimum,4471,4471,0.3,-1,60.9375,60.9375,0
1786440820138,3000,Minimum,4471,4471,0.3,-1,61.0625,61.0625,0
1786440820239,3000,Minimum,4471,4471,0.3,-1,61.0625,61.0625,0
1786440820338,3000,Minimum,4471,4471,0.3,-1,61.0625,61.0625,0
1786440820438,3000,Minimum,4471,4471,0.3,-1,61.0625,61.0625,0
1786440820538,3000,Minimum,4471,4471,0.3,-1,61.0625,61.0625,0
1786440820638,3000,Minimum,4471,4471,0.3,-1,61.0625,61.0625,0
1786440820738,3000,Minimum,4471,4471,0.3,-1,61.0625,61.0625,0
1786440820838,3000,Minimum,4471,4471,0.3,-1,61.0625,61.0625,0
1786440820938,3000,Minimum,4471,4471,0.3,-1,61.0625,61.0625,0
1786440821038,3000,Minimum,4471,4471,0.3,-1,61.0625,61.0625,0
1786440821138,3000,Minimum,4471,4471,0.3,-1,61.125,61.125,0
1786440821238,3000,Minimum,4471,4471,0.3,-1,61.125,61.125,0
1786440821338,3000,Minimum,4471,4471,0.3,-1,61.125,61.125,0
1786440821438,3000,Minimum,4471,4471,0.3,-1,61.125,61.125,0
1786440821538,3000,Minimum,4471,4471,0.3,-1,61.125,61.125,0
1786440821638,3000,Minimum,4471,4471,0.3,-1,61.125,61.125,0
1786440821738,3000,Minimum,4471,4471,0.3,-1,61.125,61.125,0
1786440821838,3000,Minimum,4471,4471,0.3,-1,61.125,61.125,0
1786440821938,3000,Minimum,4471,4471,0.3,-1,61.125,61.125,0
1786440822038,3000,Minimum,4471,4471,0.3,-1,61.125,61.125,0
1786440822138,3000,Minimum,4471,4471,0.3,-1,61.1875,61.1875,0
1786440822238,3000,Minimum,4471,4471,0.3,-1,61.1875,61.1875,0
1786440822338,3000,Minimum,4471,4471,0.3,-1,61.1875,61.1875,0
1786440822438,3000,Minimum,4471,4471,0.3,-1,61.1875,61.1875,0
1786440822538,3000,Minimum,4471,4471,0.3,-1,61.1875,61.1875,0
1786440822638,3000,Minimum,4471,4471,0.3,-1,61.1875,61.1875,0
1786440822738,3000,Minimum,4471,4471,0.3,-1,61.1875,61.1875,0
1786440822838,3000,Minimum,4471,4471,0.3,-1,61.1875,61.1875,0
1786440822938,3000,Minimum,4471,4471,0.3,-1,61.1875,61.1875,0
1786440823038,3000,Minimum,4471,4471,0.3,-1,61.1875,61.1875,0
1786440823138,3000,Minimum,4471,4471,0.3,-1,61.25,61.25,0
1786440823238,3000,Minimum,4471,4471,0.3,-1,61.25,61.25,0
1786440823338,3000,Minimum,4471,4471,0.3,-1,61.25,61.25,0
1786440823438,3000,Minimum,4471,4471,0.3,-1,61.25,61.25,0
1786440823538,3000,Minimum,4471,4471,0.3,-1,61.25,61.25,0
1786440823638,3000,Minimum,4471,4471,0.3,-1,61.25,61.25,0
1786440823738,3000,Minimum,4471,4471,0.3,-1,61.25,61.25,0
1786440823838,3000,Minimum,4471,4471,0.3,-1,61.25,61.25,0
1786440823938,3000,Minimum,4471,4471,0.3,-1,61.25,61.25,0
1786440824038,3000,Minimum,4471,4471,0.3,-1,61.25,61.25,0
1786440824138,3000,Minimum,4471,4471,0.3,-1,61.25,61.25,0
1786440824238,3000,Minimum,4471,4471,0.3,-1,61.25,61.25,0
1786440824338,3000,Minimum,4471,4471,0.3,-1,61.25,61.25,0
1786440824438,3000,Minimum,4471,4471,0.3,-1,61.25,61.25,0
1786440824538,3000,Minimum,4471,4471,0.3,-1,61.25,61.25,0
1786440824638,3000,Minimum,4471,4471,0.3,-1,61.25,61.25,0
1786440824738,3000,Minimum,4471,4471,0.3,-1,61.25,61.25,0
1786440824838,3000,Minimum,4471,4471,0.3,-1,61.25,61.25,0
1786440824938,3000,Minimum,4471,4471,0.3,-1,61.25,61.25,0
1786440825038,3000,Minimum,4471,4471,0.3,-1,61.25,61.25,0
1786440825138,3000,Minimum,4471,4471,0.3,-1,61.4375,61.4375,0
1786440825238,3000,Minimum,4471,4471,0.3,-1,61.4375,61.4375,0
1786440825338,3000,Minimum,4471,4471,0.3,-1,61.4375,61.4375,0
1786440825438,3000,Minimum,4471,4471,0.3,-1,61.4375,61.4375,0
1786440825538,3000,Minimum,4471,4471,0.3,-1,61.4375,61.4375,0
1786440825638,3000,Minimum,4471,4471,0.3,-1,61.4375,61.4375,0
1786440825738,3000,Minimum,4471,4471,0.3,-1,61.4375,61.4375,0
1786440825838,3000,Minimum,4471,4471,0.3,-1,61.4375,61.4375,0
1786440825938,3000,Minimum,4471,4471,0.3,-1,61.4375,61.4375,0
1786440826039,3000,Minimum,4471,4471,0.3,-1,61.4375,61.4375,0
1786440826138,3000,Minimum,4471,4471,0.3,-1,61.5,61.5,0
1786440826238,3000,Minimum,4471,4471,0.3,-1,61.5,61.5,0
1786440826338,3000,Minimum,4471,4471,0.3,-1,61.5,61.5,0
1786440826438,3000,Minimum,4471,4471,0.3,-1,61.5,61.5,0
1786440826538,3000,Minimum,4471,4471,0.3,-1,61.5,61.5,0
1786440826638,3000,Minimum,4471,4471,0.3,-1,61.5,61.5,0
1786440826738,3000,Minimum,4471,4471,0.3,-1,61.5,61.5,0
1786440826838,3000,Minimum,4471,4471,0.3,-1,61.5,61.5,0
1786440826938,3000,Minimum,4471,4471,0.3,-1,61.5,61.5,0
1786440827041,3000,Minimum,4471,4471,0.3,-1,61.5,61.5,0
1786440827138,3000,Minimum,4471,4471,0.3,-1,61.5625,61.5625,0
1786440827238,3000,Minimum,4471,4471,0.3,-1,61.5625,61.5625,0
1786440827338,3000,Minimum,4471,4471,0.3,-1,61.5625,61.5625,0
1786440827438,3000,Minimum,4471,4471,0.3,-1,61.5625,61.5625,0
1786440827538,3000,Minimum,4471,4471,0.3,-1,61.5625,61.5625,0
1786440827638,3000,Minimum,4471,4471,0.3,-1,61.5625,61.5625,0
1786440827738,3000,Minimum,4471,4471,0.3,-1,61.5625,61.5625,0
1786440827838,3000,Minimum,4471,4471,0.3,-1,61.5625,61.5625,0
1786440827938,3000,Minimum,4471,4471,0.3,-1,61.5625,61.5625,0
1786440828038,3000,Minimum,4471,4471,0.3,-1,61.5625,61.5625,0
1786440828138,3000,Minimum,4471,4471,0.3,-1,61.75,61.75,0
1786440828238,3000,Minimum,4471,4471,0.3,-1,61.75,61.75,0
1786440828338,3000,Minimum,4471,4471,0.3,-1,61.75,61.75,0
1786440828438,3000,Minimum,4471,4471,0.3,-1,61.75,61.75,0
1786440828538,3000,Minimum,4471,4471,0.3,-1,61.75,61.75,0
1786440828638,3000,Minimum,4471,4471,0.3,-1,61.75,61.75,0
1786440828738,3000,Minimum,4471,4471,0.3,-1,61.75,61.75,0
1786440828838,3000,Minimum,4471,4471,0.3,-1,61.75,61.75,0
1786440828938,3000,Minimum,4471,4471,0.3,-1,61.75,61.75,0
1786440829038,3000,Minimum,4471,4471,0.3,-1,61.75,61.75,0
1786440829138,3000,Minimum,4471,4471,0.3,-1,61.75,61.75,0
1786440829238,3000,Minimum,4471,4471,0.3,-1,61.75,61.75,0
1786440829338,3000,Minimum,4471,4471,0.3,-1,61.75,61.75,0
1786440829438,3000,Minimum,4471,4471,0.3,-1,61.75,61.75,0
1786440829538,3000,Minimum,4471,4471,0.3,-1,61.75,61.75,0
1786440829638,3000,Minimum,4471,4471,0.3,-1,61.75,61.75,0
1786440829738,3000,Minimum,4471,4471,0.3,-1,61.75,61.75,0
1786440829838,3000,Minimum,4471,4471,0.3,-1,61.75,61.75,0
1786440829938,3000,Minimum,4471,4471,0.3,-1,61.75,61.75,0
1786440830038,3000,Minimum,4471,4471,0.3,-1,61.75,61.75,0
1786440830138,3000,Minimum,4471,4471,0.3,-1,61.75,61.75,0
1786440830239,3000,Minimum,4471,4471,0.3,-1,61.75,61.75,0
1786440830338,3000,Minimum,4471,4471,0.3,-1,61.75,61.75,0
1786440830438,3000,Minimum,4471,4471,0.3,-1,61.75,61.75,0
1786440830538,3000,Minimum,4471,4471,0.3,-1,61.75,61.75,0
1786440830638,3000,Minimum,4471,4471,0.3,-1,61.75,61.75,0
1786440830738,3000,Minimum,4471,4471,0.3,-1,61.75,61.75,0
1786440830838,3000,Minimum,4471,4471,0.3,-1,61.75,61.75,0
1786440830938,3000,Minimum,4471,4471,0.3,-1,61.75,61.75,0
1786440831038,3000,Minimum,4471,4471,0.3,-1,61.75,61.75,0
1786440831139,3000,Minimum,4471,4471,0.3,-1,61.8125,61.8125,0
1786440831238,3000,Minimum,4471,4471,0.3,-1,61.8125,61.8125,0
1786440831338,3000,Minimum,4471,4471,0.3,-1,61.8125,61.8125,0
1786440831438,3000,Minimum,4471,4471,0.3,-1,61.8125,61.8125,0
1786440831538,3000,Minimum,4471,4471,0.3,-1,61.8125,61.8125,0
1786440831638,3000,Minimum,4471,4471,0.3,-1,61.8125,61.8125,0
1786440831738,3000,Minimum,4471,4471,0.3,-1,61.8125,61.8125,0
1786440831840,3000,Minimum,4471,4471,0.3,-1,61.8125,61.8125,0
1786440831939,3000,Minimum,4471,4471,0.3,-1,61.8125,61.8125,0
1786440832038,3000,Minimum,4471,4471,0.3,-1,61.8125,61.8125,0
1786440832138,3000,Minimum,4471,4471,0.3,-1,61.875,61.875,0
1786440832238,3000,Minimum,4471,4471,0.3,-1,61.875,61.875,0
1786440832339,3000,Minimum,4471,4471,0.3,-1,61.875,61.875,0
1786440832438,3000,Minimum,4471,4471,0.3,-1,61.875,61.875,0
1786440832538,3000,Minimum,4471,4471,0.3,-1,61.875,61.875,0
1786440832641,3000,Minimum,4471,4471,0.3,-1,61.875,61.875,0
1786440832738,3000,Minimum,4471,4471,0.3,-1,61.875,61.875,0
1786440832838,3000,Minimum,4471,4471,0.3,-1,61.875,61.875,0
1786440832938,3000,Minimum,4471,4471,0.3,-1,61.875,61.875,0
1786440833039,3000,Minimum,4471,4471,0.3,-1,61.875,61.875,0
1786440833138,3000,Minimum,4471,4471,0.3,-1,61.9375,61.9375,0
1786440833238,3000,Minimum,4471,4471,0.3,-1,61.9375,61.9375,0
1786440833338,3000,Minimum,4471,4471,0.3,-1,61.9375,61.9375,0
1786440833440,3000,Minimum,4471,4471,0.3,-1,61.9375,61.9375,0
1786440833538,3000,Minimum,4471,4471,0.3,-1,61.9375,61.9375,0
1786440833638,3000,Minimum,4471,4471,0.3,-1,61.9375,61.9375,0
1786440833738,3000,Minimum,4471,4471,0.3,-1,61.9375,61.9375,0
1786440833840,3000,Minimum,4471,4471,0.3,-1,61.9375,61.9375,0
1786440833938,3000,Minimum,4471,4471,0.3,-1,61.9375,61.9375,0
1786440834039,3000,Minimum,4471,4471,0.3,-1,61.9375,61.9375,0
1786440834138,3000,Minimum,4471,4471,0.3,-1,62,62,0
1786440834238,3000,Minimum,4471,4471,0.3,-1,62,62,0
1786440834338,3000,Minimum,4471,4471,0.3,-1,62,62,0
1786440834438,3000,Minimum,4471,4471,0.3,-1,62,62,0
1786440834538,3000,Minimum,4471,4471,0.3,-1,62,62,0
1786440834639,3000,Minimum,4471,4471,0.3,-1,62,62,0
1786440834738,3000,Minimum,4471,4471,0.3,-1,62,62,0
1786440834838,3000,Minimum,4471,4471,0.3,-1,62,62,0
1786440834938,3000,Minimum,4471,4471,0.3,-1,62,62,0
1786440835038,3000,Minimum,4471,4471,0.3,-1,62,62,0
1786440835138,3000,Minimum,4471,4471,0.3,-1,61.9375,61.9375,0
1786440835238,3000,Minimum,4471,4471,0.3,-1,61.9375,61.9375,0
1786440835338,3000,Minimum,4471,4471,0.3,-1,61.9375,61.9375,0
1786440835438,3000,Minimum,4471,4471,0.3,-1,61.9375,61.9375,0
1786440835544,3000,Minimum,4471,4471,0.3,-1,61.9375,61.9375,0
1786440835639,3000,Minimum,4471,4471,0.3,-1,61.9375,61.9375,0
1786440835738,3000,Minimum,4471,4471,0.3,-1,61.9375,61.9375,0
1786440835838,3000,Minimum,4471,4471,0.3,-1,61.9375,61.9375,0
1786440835938,3000,Minimum,4471,4471,0.3,-1,61.9375,61.9375,0
1786440836038,3000,Minimum,4471,4471,0.3,-1,61.9375,61.9375,0
1786440836138,3000,Minimum,4471,4471,0.3,-1,62.125,62.125,0
1786440836238,3000,Minimum,4471,4471,0.3,-1,62.125,62.125,0
1786440836338,3000,Minimum,4471,4471,0.3,-1,62.125,62.125,0
1786440836438,3000,Minimum,4471,4471,0.3,-1,62.125,62.125,0
1786440836538,3000,Minimum,4471,4471,0.3,-1,62.125,62.125,0
1786440836638,3000,Minimum,4471,4471,0.3,-1,62.125,62.125,0
1786440836738,3000,Minimum,4471,4471,0.3,-1,62.125,62.125,0
1786440836838,3000,Minimum,4471,4471,0.3,-1,62.125,62.125,0
1786440836938,3000,Minimum,4471,4471,0.3,-1,62.125,62.125,0
1786440837038,3000,Minimum,4471,4471,0.3,-1,62.125,62.125,0
1786440837142,3000,Minimum,4471,4471,0.3,-1,62.1875,62.1875,0
1786440837238,3000,Minimum,4471,4471,0.3,-1,62.1875,62.1875,0
1786440837338,3000,Minimum,4471,4471,0.3,-1,62.1875,62.1875,0
1786440837438,3000,Minimum,4471,4471,0.3,-1,62.1875,62.1875,0
1786440837538,3000,Minimum,4471,4471,0.3,-1,62.1875,62.1875,0
1786440837638,3000,Minimum,4471,4471,0.3,-1,62.1875,62.1875,0
1786440837738,3000,Minimum,4471,4471,0.3,-1,62.1875,62.1875,0
1786440837838,3000,Minimum,4471,4471,0.3,-1,62.1875,62.1875,0
1786440837938,3000,Minimum,4471,4471,0.3,-1,62.1875,62.1875,0
1786440838038,3000,Minimum,4471,4471,0.3,-1,62.1875,62.1875,0
1786440838139,3000,Minimum,4471,4471,0.3,-1,62.25,62.25,0
1786440838238,3000,Minimum,4471,4471,0.3,-1,62.25,62.25,0
1786440838338,3000,Minimum,4471,4471,0.3,-1,62.25,62.25,0
1786440838438,3000,Minimum,4471,4471,0.3,-1,62.25,62.25,0
1786440838538,3000,Minimum,4471,4471,0.3,-1,62.25,62.25,0
1786440838640,3000,Minimum,4471,4471,0.3,-1,62.25,62.25,0
1786440838738,3000,Minimum,4471,4471,0.3,-1,62.25,62.25,0
1786440838838,3000,Minimum,4471,4471,0.3,-1,62.25,62.25,0
1786440838938,3000,Minimum,4471,4471,0.3,-1,62.25,62.25,0
1786440839038,3000,Minimum,4471,4471,0.3,-1,62.25,62.25,0
1786440839138,3000,Minimum,4471,4471,0.3,-1,62.1875,62.1875,0
1786440839238,3000,Minimum,4471,4471,0.3,-1,62.1875,62.1875,0
1786440839338,3000,Minimum,4471,4471,0.3,-1,62.1875,62.1875,0
1786440839438,3000,Minimum,4471,4471,0.3,-1,62.1875,62.1875,0
1786440839538,3000,Minimum,4471,4471,0.3,-1,62.1875,62.1875,0
1786440839638,3000,Minimum,4471,4471,0.3,-1,62.1875,62.1875,0
1786440839738,3000,Minimum,4471,4471,0.3,-1,62.1875,62.1875,0
1786440839838,3000,Minimum,4471,4471,0.3,-1,62.1875,62.1875,0
1786440839938,3000,Minimum,4471,4471,0.3,-1,62.1875,62.1875,0
1786440840038,3000,Minimum,4471,4471,0.3,-1,62.1875,62.1875,0
1786440840145,3000,Minimum,4471,4471,0.3,-1,62.3125,62.3125,0
1786440840238,3000,Minimum,4471,4471,0.3,-1,62.3125,62.3125,0
1786440840338,3000,Minimum,4471,4471,0.3,-1,62.3125,62.3125,0
1786440840438,3000,Minimum,4471,4471,0.3,-1,62.3125,62.3125,0
1786440840538,3000,Minimum,4471,4471,0.3,-1,62.3125,62.3125,0
1786440840638,3000,Minimum,4471,4471,0.3,-1,62.3125,62.3125,0
1786440840738,3000,Minimum,4471,4471,0.3,-1,62.3125,62.3125,0
1786440840838,3000,Minimum,4471,4471,0.3,-1,62.3125,62.3125,0
1786440840938,3000,Minimum,4471,4471,0.3,-1,62.3125,62.3125,0
1786440841038,3000,Minimum,4471,4471,0.3,-1,62.3125,62.3125,0
1786440841138,3000,Minimum,4471,4471,0.3,-1,62.3125,62.3125,0
1786440841238,3000,Minimum,4471,4471,0.3,-1,62.3125,62.3125,0
1786440841338,3000,Minimum,4471,4471,0.3,-1,62.3125,62.3125,0
1786440841438,3000,Minimum,4471,4471,0.3,-1,62.3125,62.3125,0
1786440841538,3000,Minimum,4471,4471,0.3,-1,62.3125,62.3125,0
1786440841638,3000,Minimum,4471,4471,0.3,-1,62.3125,62.3125,0
1786440841738,3000,Minimum,4471,4471,0.3,-1,62.3125,62.3125,0
1786440841838,3000,Minimum,4471,4471,0.3,-1,62.3125,62.3125,0
1786440841938,3000,Minimum,4471,4471,0.3,-1,62.3125,62.3125,0
1786440842038,3000,Minimum,4471,4471,0.3,-1,62.3125,62.3125,0
1786440842138,3000,Minimum,4471,4471,0.3,-1,62.4375,62.4375,0
1786440842238,3000,Minimum,4471,4471,0.3,-1,62.4375,62.4375,0
1786440842338,3000,Minimum,4471,4471,0.3,-1,62.4375,62.4375,0
1786440842438,3000,Minimum,4471,4471,0.3,-1,62.4375,62.4375,0
1786440842538,3000,Minimum,4471,4471,0.3,-1,62.4375,62.4375,0
1786440842638,3000,Minimum,4471,4471,0.3,-1,62.4375,62.4375,0
1786440842738,3000,Minimum,4471,4471,0.3,-1,62.4375,62.4375,0
1786440842838,3000,Minimum,4471,4471,0.3,-1,62.4375,62.4375,0
1786440842938,3000,Minimum,4471,4471,0.3,-1,62.4375,62.4375,0
1786440843038,3000,Minimum,4471,4471,0.3,-1,62.4375,62.4375,0
1786440843139,3000,Minimum,4471,4471,0.3,-1,62.375,62.375,0
1786440843238,3000,Minimum,4471,4471,0.3,-1,62.375,62.375,0
1786440843338,3000,Minimum,4471,4471,0.3,-1,62.375,62.375,0
1786440843438,3000,Minimum,4471,4471,0.3,-1,62.375,62.375,0
1786440843538,3000,Minimum,4471,4471,0.3,-1,62.375,62.375,0
1786440843638,3000,Minimum,4471,4471,0.3,-1,62.375,62.375,0
1786440843738,3000,Minimum,4471,4471,0.3,-1,62.375,62.375,0
1786440843838,3000,Minimum,4471,4471,0.3,-1,62.375,62.375,0
1786440843940,3000,Minimum,4471,4471,0.3,-1,62.375,62.375,0
1786440844038,3000,Minimum,4471,4471,0.3,-1,62.375,62.375,0
1786440844138,3000,Minimum,4471,4471,0.3,-1,62.4375,62.4375,0
1786440844238,3000,Minimum,4471,4471,0.3,-1,62.4375,62.4375,0
1786440844338,3000,Minimum,4471,4471,0.3,-1,62.4375,62.4375,0
1786440844438,3000,Minimum,4471,4471,0.3,-1,62.4375,62.4375,0
1786440844538,3000,Minimum,4471,4471,0.3,-1,62.4375,62.4375,0
1786440844638,3000,Minimum,4471,4471,0.3,-1,62.4375,62.4375,0
1786440844738,3000,Minimum,4471,4471,0.3,-1,62.4375,62.4375,0
1786440844838,3000,Minimum,4471,4471,0.3,-1,62.4375,62.4375,0
1786440844938,3000,Minimum,4471,4471,0.3,-1,62.4375,62.4375,0
1786440845038,3000,Minimum,4471,4471,0.3,-1,62.4375,62.4375,0
1786440845138,3000,Minimum,4471,4471,0.3,-1,62.5,62.5,0
1786440845238,3000,Minimum,4471,4471,0.3,-1,62.5,62.5,0
1786440845338,3000,Minimum,4471,4471,0.3,-1,62.5,62.5,0
1786440845438,3000,Minimum,4471,4471,0.3,-1,62.5,62.5,0
1786440845545,3000,Minimum,4471,4471,0.3,-1,62.5,62.5,0
1786440845638,3000,Minimum,4471,4471,0.3,-1,62.5,62.5,0
1786440845739,3000,Minimum,4471,4471,0.3,-1,62.5,62.5,0
1786440845842,3000,Minimum,4471,4471,0.3,-1,62.5,62.5,0
1786440845938,3000,Minimum,4471,4471,0.3,-1,62.5,62.5,0
1786440846049,3000,Minimum,4471,4471,0.3,-1,62.5,62.5,0
1786440846139,3000,Minimum,4471,4471,0.3,-1,62.5625,62.5625,0
1786440846238,3000,Minimum,4471,4471,0.3,-1,62.5625,62.5625,0
1786440846338,3000,Minimum,4471,4471,0.3,-1,62.5625,62.5625,0
1786440846438,3000,Minimum,4471,4471,0.3,-1,62.5625,62.5625,0
1786440846538,3000,Minimum,4471,4471,0.3,-1,62.5625,62.5625,0
1786440846638,3000,Minimum,4471,4471,0.3,-1,62.5625,62.5625,0
1786440846738,3000,Minimum,4471,4471,0.3,-1,62.5625,62.5625,0
1786440846838,3000,Minimum,4471,4471,0.3,-1,62.5625,62.5625,0
1786440846938,3000,Minimum,4471,4471,0.3,-1,62.5625,62.5625,0
1786440847038,3000,Minimum,4471,4471,0.3,-1,62.5625,62.5625,0
1786440847139,3000,Minimum,4471,4471,0.3,-1,62.625,62.625,0
1786440847238,3000,Minimum,4471,4471,0.3,-1,62.625,62.625,0
1786440847338,3000,Minimum,4471,4471,0.3,-1,62.625,62.625,0
1786440847438,3000,Minimum,4471,4471,0.3,-1,62.625,62.625,0
1786440847538,3000,Minimum,4471,4471,0.3,-1,62.625,62.625,0
1786440847638,3000,Minimum,4471,4471,0.3,-1,62.625,62.625,0
1786440847738,3000,Minimum,4471,4471,0.3,-1,62.625,62.625,0
1786440847838,3000,Minimum,4471,4471,0.3,-1,62.625,62.625,0
1786440847938,3000,Minimum,4471,4471,0.3,-1,62.625,62.625,0
1786440848038,3000,Minimum,4471,4471,0.3,-1,62.625,62.625,0
1786440848138,3000,Minimum,4471,4471,0.3,-1,62.6875,62.6875,0
1786440848239,3000,Minimum,4471,4471,0.3,-1,62.6875,62.6875,0
1786440848338,3000,Minimum,4471,4471,0.3,-1,62.6875,62.6875,0
1786440848438,3000,Minimum,4471,4471,0.3,-1,62.6875,62.6875,0
1786440848538,3000,Minimum,4471,4471,0.3,-1,62.6875,62.6875,0
1786440848638,3000,Minimum,4471,4471,0.3,-1,62.6875,62.6875,0
1786440848738,3000,Minimum,4471,4471,0.3,-1,62.6875,62.6875,0
1786440848838,3000,Minimum,4471,4471,0.3,-1,62.6875,62.6875,0
1786440848938,3000,Minimum,4471,4471,0.3,-1,62.6875,62.6875,0
1786440849038,3000,Minimum,4471,4471,0.3,-1,62.6875,62.6875,0
1786440849138,3000,Minimum,4471,4471,0.3,-1,62.6875,62.6875,0
1786440849238,3000,Minimum,4471,4471,0.3,-1,62.6875,62.6875,0
1786440849338,3000,Minimum,4471,4471,0.3,-1,62.6875,62.6875,0
1786440849438,3000,Minimum,4471,4471,0.3,-1,62.6875,62.6875,0
1786440849538,3000,Minimum,4471,4471,0.3,-1,62.6875,62.6875,0
1786440849638,3000,Minimum,4471,4471,0.3,-1,62.6875,62.6875,0
1786440849738,3000,Minimum,4471,4471,0.3,-1,62.6875,62.6875,0
1786440849838,3000,Minimum,4471,4471,0.3,-1,62.6875,62.6875,0
1786440849943,3000,Minimum,4471,4471,0.3,-1,62.6875,62.6875,0
1786440850038,3000,Minimum,4471,4471,0.3,-1,62.6875,62.6875,0
1786440850145,3000,Minimum,4471,4471,0.3,-1,62.75,62.75,0
1786440850238,3000,Minimum,4471,4471,0.3,-1,62.75,62.75,0
1786440850338,3000,Minimum,4471,4471,0.3,-1,62.75,62.75,0
1786440850438,3000,Minimum,4471,4471,0.3,-1,62.75,62.75,0
1786440850538,3000,Minimum,4471,4471,0.3,-1,62.75,62.75,0
1786440850638,3000,Minimum,4471,4471,0.3,-1,62.75,62.75,0
1786440850738,3000,Minimum,4471,4471,0.3,-1,62.75,62.75,0
1786440850838,3000,Minimum,4471,4471,0.3,-1,62.75,62.75,0
1786440850938,3000,Minimum,4471,4471,0.3,-1,62.75,62.75,0
1786440851038,3000,Minimum,4471,4471,0.3,-1,62.75,62.75,0
1786440851138,3000,Minimum,4471,4471,0.3,-1,62.6875,62.6875,0
1786440851238,3000,Minimum,4471,4471,0.3,-1,62.6875,62.6875,0
1786440851338,3000,Minimum,4471,4471,0.3,-1,62.6875,62.6875,0
1786440851438,3000,Minimum,4471,4471,0.3,-1,62.6875,62.6875,0
1786440851538,3000,Minimum,4471,4471,0.3,-1,62.6875,62.6875,0
1786440851638,3000,Minimum,4471,4471,0.3,-1,62.6875,62.6875,0
1786440851738,3000,Minimum,4471,4471,0.3,-1,62.6875,62.6875,0
1786440851838,3000,Minimum,4471,4471,0.3,-1,62.6875,62.6875,0
1786440851938,3000,Minimum,4471,4471,0.3,-1,62.6875,62.6875,0
1786440852038,3000,Minimum,4471,4471,0.3,-1,62.6875,62.6875,0
1786440852138,3000,Minimum,4471,4471,0.3,-1,62.75,62.75,0
1786440852238,3000,Minimum,4471,4471,0.3,-1,62.75,62.75,0
1786440852338,3000,Minimum,4471,4471,0.3,-1,62.75,62.75,0
1786440852438,3000,Minimum,4471,4471,0.3,-1,62.75,62.75,0
1786440852538,3000,Minimum,4471,4471,0.3,-1,62.75,62.75,0
1786440852638,3000,Minimum,4471,4471,0.3,-1,62.75,62.75,0
1786440852738,3000,Minimum,4471,4471,0.3,-1,62.75,62.75,0
1786440852840,3000,Minimum,4471,4471,0.3,-1,62.75,62.75,0
1786440852939,3000,Minimum,4471,4471,0.3,-1,62.75,62.75,0
1786440853038,3000,Minimum,4471,4471,0.3,-1,62.75,62.75,0
1786440853138,3000,Minimum,4471,4471,0.3,-1,62.875,62.875,0
1786440853238,3000,Minimum,4471,4471,0.3,-1,62.875,62.875,0
1786440853338,3000,Minimum,4471,4471,0.3,-1,62.875,62.875,0
1786440853438,3000,Minimum,4471,4471,0.3,-1,62.875,62.875,0
1786440853538,3000,Minimum,4471,4471,0.3,-1,62.875,62.875,0
1786440853638,3000,Minimum,4471,4471,0.3,-1,62.875,62.875,0
1786440853738,3000,Minimum,4471,4471,0.3,-1,62.875,62.875,0
1786440853838,3000,Minimum,4471,4471,0.3,-1,62.875,62.875,0
1786440853938,3000,Minimum,4471,4471,0.3,-1,62.875,62.875,0
1786440854038,3000,Minimum,4471,4471,0.3,-1,62.875,62.875,0
1786440854138,3000,Minimum,4471,4471,0.3,-1,62.8125,62.8125,0
1786440854238,3000,Minimum,4471,4471,0.3,-1,62.8125,62.8125,0
1786440854338,3000,Minimum,4471,4471,0.3,-1,62.8125,62.8125,0
1786440854438,3000,Minimum,4471,4471,0.3,-1,62.8125,62.8125,0
1786440854538,3000,Minimum,4471,4471,0.3,-1,62.8125,62.8125,0
1786440854638,3000,Minimum,4471,4471,0.3,-1,62.8125,62.8125,0
1786440854738,3000,Minimum,4471,4471,0.3,-1,62.8125,62.8125,0
1786440854838,3000,Minimum,4471,4471,0.3,-1,62.8125,62.8125,0
1786440854938,3000,Minimum,4471,4471,0.3,-1,62.8125,62.8125,0
1786440855038,3000,Minimum,4471,4471,0.3,-1,62.8125,62.8125,0
1786440855139,3000,Minimum,4471,4471,0.3,-1,62.9375,62.9375,0
1786440855239,3000,Minimum,4471,4471,0.3,-1,62.9375,62.9375,0
1786440855338,3000,Minimum,4471,4471,0.3,-1,62.9375,62.9375,0
1786440855438,3000,Minimum,4471,4471,0.3,-1,62.9375,62.9375,0
1786440855538,3000,Minimum,4471,4471,0.3,-1,62.9375,62.9375,0
1786440855638,3000,Minimum,4471,4471,0.3,-1,62.9375,62.9375,0
1786440855738,3000,Minimum,4471,4471,0.3,-1,62.9375,62.9375,0
1786440855838,3000,Minimum,4471,4471,0.3,-1,62.9375,62.9375,0
1786440855938,3000,Minimum,4471,4471,0.3,-1,62.9375,62.9375,0
1786440856038,3000,Minimum,4471,4471,0.3,-1,62.9375,62.9375,0
1786440856138,3000,Minimum,4471,4471,0.3,-1,62.9375,62.9375,0
1786440856242,3000,Minimum,4471,4471,0.3,-1,62.9375,62.9375,0
1786440856338,3000,Minimum,4471,4471,0.3,-1,62.9375,62.9375,0
1786440856438,3000,Minimum,4471,4471,0.3,-1,62.9375,62.9375,0
1786440856538,3000,Minimum,4471,4471,0.3,-1,62.9375,62.9375,0
1786440856638,3000,Minimum,4471,4471,0.3,-1,62.9375,62.9375,0
1786440856738,3000,Minimum,4471,4471,0.3,-1,62.9375,62.9375,0
1786440856838,3000,Minimum,4471,4471,0.3,-1,62.9375,62.9375,0
1786440856938,3000,Minimum,4471,4471,0.3,-1,62.9375,62.9375,0
1786440857038,3000,Minimum,4471,4471,0.3,-1,62.9375,62.9375,0
1786440857138,3000,Minimum,4471,4471,0.3,-1,63,63,0
1786440857238,3000,Minimum,4471,4471,0.3,-1,63,63,0
1786440857338,3000,Minimum,4471,4471,0.3,-1,63,63,0
1786440857438,3000,Minimum,4471,4471,0.3,-1,63,63,0
1786440857538,3000,Minimum,4471,4471,0.3,-1,63,63,0
1786440857638,3000,Minimum,4471,4471,0.3,-1,63,63,0
1786440857738,3000,Minimum,4471,4471,0.3,-1,63,63,0
1786440857839,3000,Minimum,4471,4471,0.3,-1,63,63,0
1786440857938,3000,Minimum,4471,4471,0.3,-1,63,63,0
1786440858038,3000,Minimum,4471,4471,0.3,-1,63,63,0
1786440858138,3000,Minimum,4471,4471,0.3,-1,62.9375,62.9375,0
1786440858240,3000,Minimum,4471,4471,0.3,-1,62.9375,62.9375,0
1786440858338,3000,Minimum,4471,4471,0.3,-1,62.9375,62.9375,0
1786440858438,3000,Minimum,4471,4471,0.3,-1,62.9375,62.9375,0
1786440858538,3000,Minimum,4471,4471,0.3,-1,62.9375,62.9375,0
1786440858638,3000,Minimum,4471,4471,0.3,-1,62.9375,62.9375,0
1786440858738,3000,Minimum,4471,4471,0.3,-1,62.9375,62.9375,0
1786440858838,3000,Minimum,4471,4471,0.3,-1,62.9375,62.9375,0
1786440858938,3000,Minimum,4471,4471,0.3,-1,62.9375,62.9375,0
1786440859038,3000,Minimum,4471,4471,0.3,-1,62.9375,62.9375,0
1786440859138,3000,Minimum,4471,4471,0.3,-1,63.125,63.125,0
1786440859240,3000,Minimum,4471,4471,0.3,-1,63.125,63.125,0
1786440859338,3000,Minimum,4471,4471,0.3,-1,63.125,63.125,0
1786440859438,3000,Minimum,4471,4471,0.3,-1,63.125,63.125,0
1786440859538,3000,Minimum,4471,4471,0.3,-1,63.125,63.125,0
1786440859638,3000,Minimum,4471,4471,0.3,-1,63.125,63.125,0
1786440859738,3000,Minimum,4471,4471,0.3,-1,63.125,63.125,0
1786440859840,3000,Minimum,4471,4471,0.3,-1,63.125,63.125,0
1786440859938,3000,Minimum,4471,4471,0.3,-1,63.125,63.125,0
1786440860038,3000,Minimum,4471,4471,0.3,-1,63.125,63.125,0
1786440860138,3000,Minimum,4471,4471,0.3,-1,63,63,0
1786440860239,3000,Minimum,4471,4471,0.3,-1,63,63,0
1786440860338,3000,Minimum,4471,4471,0.3,-1,63,63,0
1786440860438,3000,Minimum,4471,4471,0.3,-1,63,63,0
1786440860538,3000,Minimum,4471,4471,0.3,-1,63,63,0
1786440860638,3000,Minimum,4471,4471,0.3,-1,63,63,0
1786440860738,3000,Minimum,4471,4471,0.3,-1,63,63,0
1786440860838,3000,Minimum,4471,4471,0.3,-1,63,63,0
1786440860938,3000,Minimum,4471,4471,0.3,-1,63,63,0
1786440861038,3000,Minimum,4471,4471,0.3,-1,63,63,0
1786440861138,3000,Minimum,4471,4471,0.3,-1,63,63,0
1786440861238,3000,Minimum,4471,4471,0.3,-1,63,63,0
1786440861338,3000,Minimum,4471,4471,0.3,-1,63,63,0
1786440861438,3000,Minimum,4471,4471,0.3,-1,63,63,0
1786440861538,3000,Minimum,4471,4471,0.3,-1,63,63,0
1786440861638,3000,Minimum,4471,4471,0.3,-1,63,63,0
1786440861738,3000,Minimum,4471,4471,0.3,-1,63,63,0
1786440861838,3000,Minimum,4471,4471,0.3,-1,63,63,0
1786440861938,3000,Minimum,4471,4471,0.3,-1,63,63,0
1786440862038,3000,Minimum,4471,4471,0.3,-1,63,63,0
1786440862138,3000,Minimum,4471,4471,0.3,-1,63.1875,63.1875,0
1786440862238,3000,Minimum,4471,4471,0.3,-1,63.1875,63.1875,0
1786440862338,3000,Minimum,4471,4471,0.3,-1,63.1875,63.1875,0
1786440862438,3000,Minimum,4471,4471,0.3,-1,63.1875,63.1875,0
1786440862538,3000,Minimum,4471,4471,0.3,-1,63.1875,63.1875,0
1786440862638,3000,Minimum,4471,4471,0.3,-1,63.1875,63.1875,0
1786440862738,3000,Minimum,4471,4471,0.3,-1,63.1875,63.1875,0
1786440862841,3000,Minimum,4471,4471,0.3,-1,63.1875,63.1875,0
1786440862938,3000,Minimum,4471,4471,0.3,-1,63.1875,63.1875,0
1786440863038,3000,Minimum,4471,4471,0.3,-1,63.1875,63.1875,0
1786440863138,3000,Minimum,4471,4471,0.3,-1,63.1875,63.1875,0
1786440863238,3000,Minimum,4471,4471,0.3,-1,63.1875,63.1875,0
1786440863338,3000,Minimum,4471,4471,0.3,-1,63.1875,63.1875,0
1786440863438,3000,Minimum,4471,4471,0.3,-1,63.1875,63.1875,0
1786440863538,3000,Minimum,4471,4471,0.3,-1,63.1875,63.1875,0
1786440863638,3000,Minimum,4471,4471,0.3,-1,63.1875,63.1875,0
1786440863738,3000,Minimum,4471,4471,0.3,-1,63.1875,63.1875,0
1786440863838,3000,Minimum,4471,4471,0.3,-1,63.1875,63.1875,0
1786440863938,3000,Minimum,4471,4471,0.3,-1,63.1875,63.1875,0
1786440864038,3000,Minimum,4471,4471,0.3,-1,63.1875,63.1875,0
1786440864145,3000,Minimum,4471,4471,0.3,-1,63.125,63.125,0
1786440864238,3000,Minimum,4471,4471,0.3,-1,63.125,63.125,0
1786440864338,3000,Minimum,4471,4471,0.3,-1,63.125,63.125,0
1786440864438,3000,Minimum,4471,4471,0.3,-1,63.125,63.125,0
1786440864538,3000,Minimum,4471,4471,0.3,-1,63.125,63.125,0
1786440864638,3000,Minimum,4471,4471,0.3,-1,63.125,63.125,0
1786440864738,3000,Minimum,4471,4471,0.3,-1,63.125,63.125,0
1786440864838,3000,Minimum,4471,4471,0.3,-1,63.125,63.125,0
1786440864938,3000,Minimum,4471,4471,0.3,-1,63.125,63.125,0
1786440865038,3000,Minimum,4471,4471,0.3,-1,63.125,63.125,0
1786440865145,3000,Minimum,4471,4471,0.3,-1,63.1875,63.1875,0
1786440865238,3000,Minimum,4471,4471,0.3,-1,63.1875,63.1875,0
1786440865338,3000,Minimum,4471,4471,0.3,-1,63.1875,63.1875,0
1786440865438,3000,Minimum,4471,4471,0.3,-1,63.1875,63.1875,0
1786440865538,3000,Minimum,4471,4471,0.3,-1,63.1875,63.1875,0
1786440865638,3000,Minimum,4471,4471,0.3,-1,63.1875,63.1875,0
1786440865738,3000,Minimum,4471,4471,0.3,-1,63.1875,63.1875,0
1786440865839,3000,Minimum,4471,4471,0.3,-1,63.1875,63.1875,0
1786440865938,3000,Minimum,4471,4471,0.3,-1,63.1875,63.1875,0
1786440866038,3000,Minimum,4471,4471,0.3,-1,63.1875,63.1875,0
1786440866138,3000,Minimum,4471,4471,0.3,-1,63.1875,63.1875,0
1786440866238,3000,Minimum,4471,4471,0.3,-1,63.1875,63.1875,0
1786440866338,3000,Minimum,4471,4471,0.3,-1,63.1875,63.1875,0
1786440866438,3000,Minimum,4471,4471,0.3,-1,63.1875,63.1875,0
1786440866538,3000,Minimum,4471,4471,0.3,-1,63.1875,63.1875,0
1786440866638,3000,Minimum,4471,4471,0.3,-1,63.1875,63.1875,0
1786440866738,3000,Minimum,4471,4471,0.3,-1,63.1875,63.1875,0
1786440866838,3000,Minimum,4471,4471,0.3,-1,63.1875,63.1875,0
1786440866938,3000,Minimum,4471,4471,0.3,-1,63.1875,63.1875,0
1786440867038,3000,Minimum,4471,4471,0.3,-1,63.1875,63.1875,0
1786440867138,3000,Minimum,4471,4471,0.3,-1,63.125,63.125,0
1786440867238,3000,Minimum,4471,4471,0.3,-1,63.125,63.125,0
1786440867338,3000,Minimum,4471,4471,0.3,-1,63.125,63.125,0
1786440867438,3000,Minimum,4471,4471,0.3,-1,63.125,63.125,0
1786440867538,3000,Minimum,4471,4471,0.3,-1,63.125,63.125,0
1786440867638,3000,Minimum,4471,4471,0.3,-1,63.125,63.125,0
1786440867738,3000,Minimum,4471,4471,0.3,-1,63.125,63.125,0
1786440867838,3000,Minimum,4471,4471,0.3,-1,63.125,63.125,0
1786440867938,3000,Minimum,4471,4471,0.3,-1,63.125,63.125,0
1786440868038,3000,Minimum,4471,4471,0.3,-1,63.125,63.125,0
1786440868138,3000,Minimum,4471,4471,0.3,-1,63.25,63.25,0
1786440868238,3000,Minimum,4471,4471,0.3,-1,63.25,63.25,0
1786440868338,3000,Minimum,4471,4471,0.3,-1,63.25,63.25,0
1786440868438,3000,Minimum,4471,4471,0.3,-1,63.25,63.25,0
1786440868538,3000,Minimum,4471,4471,0.3,-1,63.25,63.25,0
1786440868638,3000,Minimum,4471,4471,0.3,-1,63.25,63.25,0
1786440868738,3000,Minimum,4471,4471,0.3,-1,63.25,63.25,0
1786440868838,3000,Minimum,4471,4471,0.3,-1,63.25,63.25,0
1786440868939,3000,Minimum,4471,4471,0.3,-1,63.25,63.25,0
1786440869039,3000,Minimum,4471,4471,0.3,-1,63.25,63.25,0
1786440869138,3000,Minimum,4471,4471,0.3,-1,63.25,63.25,0
1786440869239,3000,Minimum,4471,4471,0.3,-1,63.25,63.25,0
1786440869338,3000,Minimum,4471,4471,0.3,-1,63.25,63.25,0
1786440869438,3000,Minimum,4471,4471,0.3,-1,63.25,63.25,0
1786440869538,3000,Minimum,4471,4471,0.3,-1,63.25,63.25,0
1786440869638,3000,Minimum,4471,4471,0.3,-1,63.25,63.25,0
1786440869738,3000,Minimum,4471,4471,0.3,-1,63.25,63.25,0
1786440869839,3000,Minimum,4471,4471,0.3,-1,63.25,63.25,0
1786440869938,3000,Minimum,4471,4471,0.3,-1,63.25,63.25,0
1786440870038,3000,Minimum,4471,4471,0.3,-1,63.25,63.25,0
1786440870139,3000,Minimum,4471,4471,0.3,-1,63.25,63.25,0
1786440870239,3000,Minimum,4471,4471,0.3,-1,63.25,63.25,0
1786440870338,3000,Minimum,4471,4471,0.3,-1,63.25,63.25,0
1786440870438,3000,Minimum,4471,4471,0.3,-1,63.25,63.25,0
1786440870538,3000,Minimum,4471,4471,0.3,-1,63.25,63.25,0
1786440870638,3000,Minimum,4471,4471,0.3,-1,63.25,63.25,0
1786440870738,3000,Minimum,4471,4471,0.3,-1,63.25,63.25,0
1786440870838,3000,Minimum,4471,4471,0.3,-1,63.25,63.25,0
1786440870938,3000,Minimum,4471,4471,0.3,-1,63.25,63.25,0
1786440871038,3000,Minimum,4471,4471,0.3,-1,63.25,63.25,0
1786440871138,3000,Minimum,4471,4471,0.3,-1,63.4375,63.4375,0
1786440871238,3000,Minimum,4471,4471,0.3,-1,63.4375,63.4375,0
1786440871338,3000,Minimum,4471,4471,0.3,-1,63.4375,63.4375,0
1786440871439,3000,Minimum,4471,4471,0.3,-1,63.4375,63.4375,0
1786440871538,3000,Minimum,4471,4471,0.3,-1,63.4375,63.4375,0
1786440871640,3000,Minimum,4471,4471,0.3,-1,63.4375,63.4375,0
1786440871738,3000,Minimum,4471,4471,0.3,-1,63.4375,63.4375,0
1786440871838,3000,Minimum,4471,4471,0.3,-1,63.4375,63.4375,0
1786440871938,3000,Minimum,4471,4471,0.3,-1,63.4375,63.4375,0
1786440872038,3000,Minimum,4471,4471,0.3,-1,63.4375,63.4375,0
1786440872138,3000,Minimum,4471,4471,0.3,-1,63.375,63.375,0
1786440872238,3000,Minimum,4471,4471,0.3,-1,63.375,63.375,0
1786440872338,3000,Minimum,4471,4471,0.3,-1,63.375,63.375,0
1786440872438,3000,Minimum,4471,4471,0.3,-1,63.375,63.375,0
1786440872538,3000,Minimum,4471,4471,0.3,-1,63.375,63.375,0
1786440872638,3000,Minimum,4471,4471,0.3,-1,63.375,63.375,0
1786440872738,3000,Minimum,4471,4471,0.3,-1,63.375,63.375,0
1786440872838,3000,Minimum,4471,4471,0.3,-1,63.375,63.375,0
1786440872938,3000,Minimum,4471,4471,0.3,-1,63.375,63.375,0
1786440873038,3000,Minimum,4471,4471,0.3,-1,63.375,63.375,0
1786440873138,3000,Minimum,4471,4471,0.3,-1,63.4375,63.4375,0
1786440873238,3000,Minimum,4471,4471,0.3,-1,63.4375,63.4375,0
1786440873338,3000,Minimum,4471,4471,0.3,-1,63.4375,63.4375,0
1786440873438,3000,Minimum,4471,4471,0.3,-1,63.4375,63.4375,0
1786440873538,3000,Minimum,4471,4471,0.3,-1,63.4375,63.4375,0
1786440873638,3000,Minimum,4471,4471,0.3,-1,63.4375,63.4375,0
1786440873738,3000,Minimum,4471,4471,0.3,-1,63.4375,63.4375,0
1786440873838,3000,Minimum,4471,4471,0.3,-1,63.4375,63.4375,0
1786440873938,3000,Minimum,4471,4471,0.3,-1,63.4375,63.4375,0
1786440874038,3000,Minimum,4471,4471,0.3,-1,63.4375,63.4375,0
1786440874138,3000,Minimum,4471,4471,0.3,-1,63.4375,63.4375,0
1786440874238,3000,Minimum,4471,4471,0.3,-1,63.4375,63.4375,0
1786440874338,3000,Minimum,4471,4471,0.3,-1,63.4375,63.4375,0
1786440874438,3000,Minimum,4471,4471,0.3,-1,63.4375,63.4375,0
1786440874538,3000,Minimum,4471,4471,0.3,-1,63.4375,63.4375,0
1786440874638,3000,Minimum,4471,4471,0.3,-1,63.4375,63.4375,0
1786440874738,3000,Minimum,4471,4471,0.3,-1,63.4375,63.4375,0
1786440874838,3000,Minimum,4471,4471,0.3,-1,63.4375,63.4375,0
1786440874938,3000,Minimum,4471,4471,0.3,-1,63.4375,63.4375,0
1786440875040,3000,Minimum,4471,4471,0.3,-1,63.4375,63.4375,0
1786440875139,3000,Minimum,4471,4471,0.3,-1,63.4375,63.4375,0
1786440875238,3000,Minimum,4471,4471,0.3,-1,63.4375,63.4375,0
1786440875338,3000,Minimum,4471,4471,0.3,-1,63.4375,63.4375,0
1786440875438,3000,Minimum,4471,4471,0.3,-1,63.4375,63.4375,0
1786440875539,3000,Minimum,4471,4471,0.3,-1,63.4375,63.4375,0
1786440875639,3000,Minimum,4471,4471,0.3,-1,63.4375,63.4375,0
1786440875738,3000,Minimum,4471,4471,0.3,-1,63.4375,63.4375,0
1786440875838,3000,Minimum,4471,4471,0.3,-1,63.4375,63.4375,0
1786440875938,3000,Minimum,4471,4471,0.3,-1,63.4375,63.4375,0
1786440876038,3000,Minimum,4471,4471,0.3,-1,63.4375,63.4375,0
1786440876138,3000,Minimum,4471,4471,0.3,-1,63.375,63.375,0
1786440876238,3000,Minimum,4471,4471,0.3,-1,63.375,63.375,0
1786440876338,3000,Minimum,4471,4471,0.3,-1,63.375,63.375,0
1786440876438,3000,Minimum,4471,4471,0.3,-1,63.375,63.375,0
1786440876538,3000,Minimum,4471,4471,0.3,-1,63.375,63.375,0
1786440876639,3000,Minimum,4471,4471,0.3,-1,63.375,63.375,0
1786440876738,3000,Minimum,4471,4471,0.3,-1,63.375,63.375,0
1786440876838,3000,Minimum,4471,4471,0.3,-1,63.375,63.375,0
1786440876938,3000,Minimum,4471,4471,0.3,-1,63.375,63.375,0
1786440877038,3000,Minimum,4471,4471,0.3,-1,63.375,63.375,0
1786440877140,3000,Minimum,4471,4471,0.3,-1,63.4375,63.4375,0
1786440877238,3000,Minimum,4471,4471,0.3,-1,63.4375,63.4375,0
1786440877338,3000,Minimum,4471,4471,0.3,-1,63.4375,63.4375,0
1786440877438,3000,Minimum,4471,4471,0.3,-1,63.4375,63.4375,0
1786440877538,3000,Minimum,4471,4471,0.3,-1,63.4375,63.4375,0
1786440877638,3000,Minimum,4471,4471,0.3,-1,63.4375,63.4375,0
1786440877738,3000,Minimum,4471,4471,0.3,-1,63.4375,63.4375,0
1786440877840,3000,Minimum,4471,4471,0.3,-1,63.4375,63.4375,0
1786440877938,3000,Minimum,4471,4471,0.3,-1,63.4375,63.4375,0
1786440878038,3000,Minimum,4471,4471,0.3,-1,63.4375,63.4375,0
1786440878138,3000,Minimum,4471,4471,0.3,-1,63.5625,63.5625,0
1786440878238,3000,Minimum,4471,4471,0.3,-1,63.5625,63.5625,0
1786440878338,3000,Minimum,4471,4471,0.3,-1,63.5625,63.5625,0
1786440878438,3000,Minimum,4471,4471,0.3,-1,63.5625,63.5625,0
1786440878538,3000,Minimum,4471,4471,0.3,-1,63.5625,63.5625,0
1786440878638,3000,Minimum,4471,4471,0.3,-1,63.5625,63.5625,0
1786440878738,3000,Minimum,4471,4471,0.3,-1,63.5625,63.5625,0
1786440878838,3000,Minimum,4471,4471,0.3,-1,63.5625,63.5625,0
1786440878940,3000,Minimum,4471,4471,0.3,-1,63.5625,63.5625,0
1786440879040,3000,Minimum,4471,4471,0.3,-1,63.5625,63.5625,0
1786440879139,3000,Minimum,4471,4471,0.3,-1,63.5,63.5,0
1786440879238,3000,Minimum,4471,4471,0.3,-1,63.5,63.5,0
1786440879338,3000,Minimum,4471,4471,0.3,-1,63.5,63.5,0
1786440879438,3000,Minimum,4471,4471,0.3,-1,63.5,63.5,0
1786440879538,3000,Minimum,4471,4471,0.3,-1,63.5,63.5,0
1786440879638,3000,Minimum,4471,4471,0.3,-1,63.5,63.5,0
1786440879738,3000,Minimum,4471,4471,0.3,-1,63.5,63.5,0
1786440879839,3000,Minimum,4471,4471,0.3,-1,63.5,63.5,0
1786440879938,3000,Minimum,4471,4471,0.3,-1,63.5,63.5,0
1786440880038,3000,Minimum,4471,4471,0.3,-1,63.5,63.5,0
1786440880140,3000,Minimum,4471,4471,0.3,-1,63.5,63.5,0
1786440880238,3000,Minimum,4471,4471,0.3,-1,63.5,63.5,0
1786440880338,3000,Minimum,4471,4471,0.3,-1,63.5,63.5,0
1786440880438,3000,Minimum,4471,4471,0.3,-1,63.5,63.5,0
1786440880538,3000,Minimum,4471,4471,0.3,-1,63.5,63.5,0
1786440880638,3000,Minimum,4471,4471,0.3,-1,63.5,63.5,0
1786440880738,3000,Minimum,4471,4471,0.3,-1,63.5,63.5,0
1786440880838,3000,Minimum,4471,4471,0.3,-1,63.5,63.5,0
1786440880938,3000,Minimum,4471,4471,0.3,-1,63.5,63.5,0
1786440881038,3000,Minimum,4471,4471,0.3,-1,63.5,63.5,0
1786440881138,3000,Minimum,4471,4471,0.3,-1,63.5625,63.5625,0
1786440881238,3000,Minimum,4471,4471,0.3,-1,63.5625,63.5625,0
1786440881338,3000,Minimum,4471,4471,0.3,-1,63.5625,63.5625,0
1786440881438,3000,Minimum,4471,4471,0.3,-1,63.5625,63.5625,0
1786440881538,3000,Minimum,4471,4471,0.3,-1,63.5625,63.5625,0
1786440881638,3000,Minimum,4471,4471,0.3,-1,63.5625,63.5625,0
1786440881738,3000,Minimum,4471,4471,0.3,-1,63.5625,63.5625,0
1786440881838,3000,Minimum,4471,4471,0.3,-1,63.5625,63.5625,0
1786440881938,3000,Minimum,4471,4471,0.3,-1,63.5625,63.5625,0
1786440882038,3000,Minimum,4471,4471,0.3,-1,63.5625,63.5625,0
1786440882138,3000,Minimum,4471,4471,0.3,-1,63.625,63.625,0
1786440882238,3000,Minimum,4471,4471,0.3,-1,63.625,63.625,0
1786440882338,3000,Minimum,4471,4471,0.3,-1,63.625,63.625,0
1786440882438,3000,Minimum,4471,4471,0.3,-1,63.625,63.625,0
1786440882538,3000,Minimum,4471,4471,0.3,-1,63.625,63.625,0
1786440882638,3000,Minimum,4471,4471,0.3,-1,63.625,63.625,0
1786440882738,3000,Minimum,4471,4471,0.3,-1,63.625,63.625,0
1786440882838,3000,Minimum,4471,4471,0.3,-1,63.625,63.625,0
1786440882938,3000,Minimum,4471,4471,0.3,-1,63.625,63.625,0
1786440883038,3000,Minimum,4471,4471,0.3,-1,63.625,63.625,0
1786440883138,3000,Minimum,4471,4471,0.3,-1,63.5,63.5,0
1786440883238,3000,Minimum,4471,4471,0.3,-1,63.5,63.5,0
1786440883338,3000,Minimum,4471,4471,0.3,-1,63.5,63.5,0
1786440883438,3000,Minimum,4471,4471,0.3,-1,63.5,63.5,0
1786440883538,3000,Minimum,4471,4471,0.3,-1,63.5,63.5,0
1786440883638,3000,Minimum,4471,4471,0.3,-1,63.5,63.5,0
1786440883738,3000,Minimum,4471,4471,0.3,-1,63.5,63.5,0
1786440883839,3000,Minimum,4471,4471,0.3,-1,63.5,63.5,0
1786440883938,3000,Minimum,4471,4471,0.3,-1,63.5,63.5,0
1786440884038,3000,Minimum,4471,4471,0.3,-1,63.5,63.5,0
1786440884145,3000,Minimum,4471,4471,0.3,-1,63.625,63.625,0
1786440884238,3000,Minimum,4471,4471,0.3,-1,63.625,63.625,0
1786440884338,3000,Minimum,4471,4471,0.3,-1,63.625,63.625,0
1786440884439,3000,Minimum,4471,4471,0.3,-1,63.625,63.625,0
1786440884538,3000,Minimum,4471,4471,0.3,-1,63.625,63.625,0
1786440884638,3000,Minimum,4471,4471,0.3,-1,63.625,63.625,0
1786440884738,3000,Minimum,4471,4471,0.3,-1,63.625,63.625,0
1786440884840,3000,Minimum,4471,4471,0.3,-1,63.625,63.625,0
1786440884938,3000,Minimum,4471,4471,0.3,-1,63.625,63.625,0
1786440885038,3000,Minimum,4471,4471,0.3,-1,63.625,63.625,0
1786440885138,3000,Minimum,4471,4471,0.3,-1,63.625,63.625,0
1786440885238,3000,Minimum,4471,4471,0.3,-1,63.625,63.625,0
1786440885338,3000,Minimum,4471,4471,0.3,-1,63.625,63.625,0
1786440885438,3000,Minimum,4471,4471,0.3,-1,63.625,63.625,0
1786440885538,3000,Minimum,4471,4471,0.3,-1,63.625,63.625,0
1786440885639,3000,Minimum,4471,4471,0.3,-1,63.625,63.625,0
1786440885738,3000,Minimum,4471,4471,0.3,-1,63.625,63.625,0
1786440885840,3000,Minimum,4471,4471,0.3,-1,63.625,63.625,0
1786440885939,3000,Minimum,4471,4471,0.3,-1,63.625,63.625,0
1786440886038,3000,Minimum,4471,4471,0.3,-1,63.625,63.625,0
1786440886142,3000,Minimum,4471,4471,0.3,-1,63.6875,63.6875,0
1786440886238,3000,Minimum,4471,4471,0.3,-1,63.6875,63.6875,0
1786440886338,3000,Minimum,4471,4471,0.3,-1,63.6875,63.6875,0
1786440886438,3000,Minimum,4471,4471,0.3,-1,63.6875,63.6875,0
1786440886538,3000,Minimum,4471,4471,0.3,-1,63.6875,63.6875,0
1786440886638,3000,Minimum,4471,4471,0.3,-1,63.6875,63.6875,0
1786440886738,3000,Minimum,4471,4471,0.3,-1,63.6875,63.6875,0
1786440886843,3000,Minimum,4471,4471,0.3,-1,63.6875,63.6875,0
1786440886938,3000,Minimum,4471,4471,0.3,-1,63.6875,63.6875,0
1786440887038,3000,Minimum,4471,4471,0.3,-1,63.6875,63.6875,0
1786440887140,3000,Minimum,4471,4471,0.3,-1,63.75,63.75,0
1786440887240,3000,Minimum,4471,4471,0.3,-1,63.75,63.75,0
1786440887338,3000,Minimum,4471,4471,0.3,-1,63.75,63.75,0
1786440887438,3000,Minimum,4471,4471,0.3,-1,63.75,63.75,0
1786440887538,3000,Minimum,4471,4471,0.3,-1,63.75,63.75,0
1786440887638,3000,Minimum,4471,4471,0.3,-1,63.75,63.75,0
1786440887738,3000,Minimum,4471,4471,0.3,-1,63.75,63.75,0
1786440887838,3000,Minimum,4471,4471,0.3,-1,63.75,63.75,0
1786440887938,3000,Minimum,4471,4471,0.3,-1,63.75,63.75,0
1786440888038,3000,Minimum,4471,4471,0.3,-1,63.75,63.75,0
1786440888138,3000,Minimum,4471,4471,0.3,-1,63.625,63.625,0
1786440888238,3000,Minimum,4471,4471,0.3,-1,63.625,63.625,0
1786440888338,3000,Minimum,4471,4471,0.3,-1,63.625,63.625,0
1786440888438,3000,Minimum,4471,4471,0.3,-1,63.625,63.625,0
1786440888538,3000,Minimum,4471,4471,0.3,-1,63.625,63.625,0
1786440888638,3000,Minimum,4471,4471,0.3,-1,63.625,63.625,0
1786440888738,3000,Minimum,4471,4471,0.3,-1,63.625,63.625,0
1786440888838,3000,Minimum,4471,4471,0.3,-1,63.625,63.625,0
1786440888938,3000,Minimum,4471,4471,0.3,-1,63.625,63.625,0
1786440889038,3000,Minimum,4471,4471,0.3,-1,63.625,63.625,0
1786440889138,3000,Minimum,4471,4471,0.3,-1,63.6875,63.6875,0
1786440889238,3000,Minimum,4471,4471,0.3,-1,63.6875,63.6875,0
1786440889338,3000,Minimum,4471,4471,0.3,-1,63.6875,63.6875,0
1786440889438,3000,Minimum,4471,4471,0.3,-1,63.6875,63.6875,0
1786440889538,3000,Minimum,4471,4471,0.3,-1,63.6875,63.6875,0
1786440889638,3000,Minimum,4471,4471,0.3,-1,63.6875,63.6875,0
1786440889738,3000,Minimum,4471,4471,0.3,-1,63.6875,63.6875,0
1786440889838,3000,Minimum,4471,4471,0.3,-1,63.6875,63.6875,0
1786440889939,3000,Minimum,4471,4471,0.3,-1,63.6875,63.6875,0
1786440890042,3000,Minimum,4471,4471,0.3,-1,63.6875,63.6875,0
1786440890138,3000,Minimum,4471,4471,0.3,-1,63.6875,63.6875,0
1786440890238,3000,Minimum,4471,4471,0.3,-1,63.6875,63.6875,0
1786440890338,3000,Minimum,4471,4471,0.3,-1,63.6875,63.6875,0
1786440890438,3000,Minimum,4471,4471,0.3,-1,63.6875,63.6875,0
1786440890543,3000,Minimum,4471,4471,0.3,-1,63.6875,63.6875,0
1786440890641,3000,Minimum,4471,4471,0.3,-1,63.6875,63.6875,0
1786440890739,3000,Minimum,4471,4471,0.3,-1,63.6875,63.6875,0
1786440890838,3000,Minimum,4471,4471,0.3,-1,63.6875,63.6875,0
1786440890938,3000,Minimum,4471,4471,0.3,-1,63.6875,63.6875,0
1786440891038,3000,Minimum,4471,4471,0.3,-1,63.6875,63.6875,0
1786440891138,3000,Minimum,4471,4471,0.3,-1,63.6875,63.6875,0
1786440891238,3000,Minimum,4471,4471,0.3,-1,63.6875,63.6875,0
1786440891338,3000,Minimum,4471,4471,0.3,-1,63.6875,63.6875,0
1786440891438,3000,Minimum,4471,4471,0.3,-1,63.6875,63.6875,0
1786440891538,3000,Minimum,4471,4471,0.3,-1,63.6875,63.6875,0
1786440891638,3000,Minimum,4471,4471,0.3,-1,63.6875,63.6875,0
1786440891738,3000,Minimum,4471,4471,0.3,-1,63.6875,63.6875,0
1786440891838,3000,Minimum,4471,4471,0.3,-1,63.6875,63.6875,0
1786440891938,3000,Minimum,4471,4471,0.3,-1,63.6875,63.6875,0
1786440892038,3000,Minimum,4471,4471,0.3,-1,63.6875,63.6875,0
1786440892138,3000,Minimum,4471,4471,0.3,-1,63.75,63.75,0
1786440892238,3000,Minimum,4471,4471,0.3,-1,63.75,63.75,0
1786440892338,3000,Minimum,4471,4471,0.3,-1,63.75,63.75,0
1786440892438,3000,Minimum,4471,4471,0.3,-1,63.75,63.75,0
1786440892538,3000,Minimum,4471,4471,0.3,-1,63.75,63.75,0
1786440892638,3000,Minimum,4471,4471,0.3,-1,63.75,63.75,0
1786440892738,3000,Minimum,4471,4471,0.3,-1,63.75,63.75,0
1786440892838,3000,Minimum,4471,4471,0.3,-1,63.75,63.75,0
1786440892941,3000,Minimum,4471,4471,0.3,-1,63.75,63.75,0
1786440893038,3000,Minimum,4471,4471,0.3,-1,63.75,63.75,0
1786440893138,3000,Minimum,4471,4471,0.3,-1,63.8125,63.8125,0
1786440893238,3000,Minimum,4471,4471,0.3,-1,63.8125,63.8125,0
1786440893338,3000,Minimum,4471,4471,0.3,-1,63.8125,63.8125,0
1786440893438,3000,Minimum,4471,4471,0.3,-1,63.8125,63.8125,0
1786440893540,3000,Minimum,4471,4471,0.3,-1,63.8125,63.8125,0
1786440893638,3000,Minimum,4471,4471,0.3,-1,63.8125,63.8125,0
1786440893738,3000,Minimum,4471,4471,0.3,-1,63.8125,63.8125,0
1786440893838,3000,Minimum,4471,4471,0.3,-1,63.8125,63.8125,0
1786440893938,3000,Minimum,4471,4471,0.3,-1,63.8125,63.8125,0
1786440894038,3000,Minimum,4471,4471,0.3,-1,63.8125,63.8125,0
1786440894138,3000,Minimum,4471,4471,0.3,-1,63.8125,63.8125,0
1786440894238,3000,Minimum,4471,4471,0.3,-1,63.8125,63.8125,0
1786440894338,3000,Minimum,4471,4471,0.3,-1,63.8125,63.8125,0
1786440894438,3000,Minimum,4471,4471,0.3,-1,63.8125,63.8125,0
1786440894538,3000,Minimum,4471,4471,0.3,-1,63.8125,63.8125,0
1786440894638,3000,Minimum,4471,4471,0.3,-1,63.8125,63.8125,0
1786440894738,3000,Minimum,4471,4471,0.3,-1,63.8125,63.8125,0
1786440894838,3000,Minimum,4471,4471,0.3,-1,63.8125,63.8125,0
1786440894941,3000,Minimum,4471,4471,0.3,-1,63.8125,63.8125,0
1786440895038,3000,Minimum,4471,4471,0.3,-1,63.8125,63.8125,0
1786440895138,3000,Minimum,4471,4471,0.3,-1,63.75,63.75,0
1786440895238,3000,Minimum,4471,4471,0.3,-1,63.75,63.75,0
1786440895338,3000,Minimum,4471,4471,0.3,-1,63.75,63.75,0
1786440895438,3000,Minimum,4471,4471,0.3,-1,63.75,63.75,0
1786440895538,3000,Minimum,4471,4471,0.3,-1,63.75,63.75,0
1786440895638,3000,Minimum,4471,4471,0.3,-1,63.75,63.75,0
1786440895738,3000,Minimum,4471,4471,0.3,-1,63.75,63.75,0
1786440895838,3000,Minimum,4471,4471,0.3,-1,63.75,63.75,0
1786440895938,3000,Minimum,4471,4471,0.3,-1,63.75,63.75,0
1786440896038,3000,Minimum,4471,4471,0.3,-1,63.75,63.75,0
1786440896138,3000,Minimum,4471,4471,0.3,-1,63.8125,63.8125,0
1786440896238,3000,Minimum,4471,4471,0.3,-1,63.8125,63.8125,0
1786440896338,3000,Minimum,4471,4471,0.3,-1,63.8125,63.8125,0
1786440896438,3000,Minimum,4471,4471,0.3,-1,63.8125,63.8125,0
1786440896538,3000,Minimum,4471,4471,0.3,-1,63.8125,63.8125,0
1786440896638,3000,Minimum,4471,4471,0.3,-1,63.8125,63.8125,0
1786440896738,3000,Minimum,4471,4471,0.3,-1,63.8125,63.8125,0
1786440896838,3000,Minimum,4471,4471,0.3,-1,63.8125,63.8125,0
1786440896938,3000,Minimum,4471,4471,0.3,-1,63.8125,63.8125,0
1786440897038,3000,Minimum,4471,4471,0.3,-1,63.8125,63.8125,0
1786440897138,3000,Minimum,4471,4471,0.3,-1,63.8125,63.8125,0
1786440897240,3000,Minimum,4471,4471,0.3,-1,63.8125,63.8125,0
1786440897338,3000,Minimum,4471,4471,0.3,-1,63.8125,63.8125,0
1786440897438,3000,Minimum,4471,4471,0.3,-1,63.8125,63.8125,0
1786440897538,3000,Minimum,4471,4471,0.3,-1,63.8125,63.8125,0
1786440897638,3000,Minimum,4471,4471,0.3,-1,63.8125,63.8125,0
1786440897738,3000,Minimum,4471,4471,0.3,-1,63.8125,63.8125,0
1786440897838,3000,Minimum,4471,4471,0.3,-1,63.8125,63.8125,0
1786440897938,3000,Minimum,4471,4471,0.3,-1,63.8125,63.8125,0
1786440898038,3000,Minimum,4471,4471,0.3,-1,63.8125,63.8125,0
1786440898138,3000,Minimum,4471,4471,0.3,-1,63.875,63.875,0
1786440898238,3000,Minimum,4471,4471,0.3,-1,63.875,63.875,0
1786440898338,3000,Minimum,4471,4471,0.3,-1,63.875,63.875,0
1786440898438,3000,Minimum,4471,4471,0.3,-1,63.875,63.875,0
1786440898538,3000,Minimum,4471,4471,0.3,-1,63.875,63.875,0
1786440898638,3000,Minimum,4471,4471,0.3,-1,63.875,63.875,0
1786440898738,3000,Minimum,4471,4471,0.3,-1,63.875,63.875,0
1786440898838,3000,Minimum,4471,4471,0.3,-1,63.875,63.875,0
1786440898940,3000,Minimum,4471,4471,0.3,-1,63.875,63.875,0
1786440899038,3000,Minimum,4471,4471,0.3,-1,63.875,63.875,0
1786440899138,3000,Minimum,4471,4471,0.3,-1,63.75,63.75,0
1786440899238,3000,Minimum,4471,4471,0.3,-1,63.75,63.75,0
1786440899338,3000,Minimum,4471,4471,0.3,-1,63.75,63.75,0
1786440899438,3000,Minimum,4471,4471,0.3,-1,63.75,63.75,0
1786440899538,3000,Minimum,4471,4471,0.3,-1,63.75,63.75,0
1786440899638,3000,Minimum,4471,4471,0.3,-1,63.75,63.75,0
1786440899738,3000,Minimum,4471,4471,0.3,-1,63.75,63.75,0
1786440899838,3000,Minimum,4471,4471,0.3,-1,63.75,63.75,0
1786440899938,3000,Minimum,4471,4471,0.3,-1,63.75,63.75,0
1786440900038,3000,Minimum,4471,4471,0.3,-1,63.75,63.75,0
1786440900138,3000,Minimum,4471,4471,0.3,-1,63.9375,63.9375,0
1786440900238,3000,Minimum,4471,4471,0.3,-1,63.9375,63.9375,0
1786440900338,3000,Minimum,4471,4471,0.3,-1,63.9375,63.9375,0
1786440900438,3000,Minimum,4471,4471,0.3,-1,63.9375,63.9375,0
1786440900538,3000,Minimum,4471,4471,0.3,-1,63.9375,63.9375,0
1786440900638,3000,Minimum,4471,4471,0.3,-1,63.9375,63.9375,0
1786440900738,3000,Minimum,4471,4471,0.3,-1,63.9375,63.9375,0
1786440900838,3000,Minimum,4471,4471,0.3,-1,63.9375,63.9375,0
1786440900938,3000,Minimum,4471,4471,0.3,-1,63.9375,63.9375,0
1786440901038,3000,Minimum,4471,4471,0.3,-1,63.9375,63.9375,0
1786440901138,3000,Minimum,4471,4471,0.3,-1,63.8125,63.8125,0
1786440901238,3000,Minimum,4471,4471,0.3,-1,63.8125,63.8125,0
1786440901338,3000,Minimum,4471,4471,0.3,-1,63.8125,63.8125,0
1786440901438,3000,Minimum,4471,4471,0.3,-1,63.8125,63.8125,0
1786440901538,3000,Minimum,4471,4471,0.3,-1,63.8125,63.8125,0
1786440901638,3000,Minimum,4471,4471,0.3,-1,63.8125,63.8125,0
1786440901738,3000,Minimum,4471,4471,0.3,-1,63.8125,63.8125,0
1786440901838,3000,Minimum,4471,4471,0.3,-1,63.8125,63.8125,0
1786440901938,3000,Minimum,4471,4471,0.3,-1,63.8125,63.8125,0
1786440902038,3000,Minimum,4471,4471,0.3,-1,63.8125,63.8125,0
1786440902138,3000,Minimum,4471,4471,0.3,-1,63.875,63.875,0
1786440902238,3000,Minimum,4471,4471,0.3,-1,63.875,63.875,0
1786440902338,3000,Minimum,4471,4471,0.3,-1,63.875,63.875,0
1786440902438,3000,Minimum,4471,4471,0.3,-1,63.875,63.875,0
1786440902538,3000,Minimum,4471,4471,0.3,-1,63.875,63.875,0
1786440902638,3000,Minimum,4471,4471,0.3,-1,63.875,63.875,0
1786440902738,3000,Minimum,4471,4471,0.3,-1,63.875,63.875,0
1786440902838,3000,Minimum,4471,4471,0.3,-1,63.875,63.875,0
1786440902938,3000,Minimum,4471,4471,0.3,-1,63.875,63.875,0
1786440903038,3000,Minimum,4471,4471,0.3,-1,63.875,63.875,0
1786440903138,3000,Minimum,4471,4471,0.3,-1,63.8125,63.8125,0
1786440903238,3000,Minimum,4471,4471,0.3,-1,63.8125,63.8125,0
1786440903338,3000,Minimum,4471,4471,0.3,-1,63.8125,63.8125,0
1786440903438,3000,Minimum,4471,4471,0.3,-1,63.8125,63.8125,0
1786440903538,3000,Minimum,4471,4471,0.3,-1,63.8125,63.8125,0
1786440903638,3000,Minimum,4471,4471,0.3,-1,63.8125,63.8125,0
1786440903738,3000,Minimum,4471,4471,0.3,-1,63.8125,63.8125,0
1786440903838,3000,Minimum,4471,4471,0.3,-1,63.8125,63.8125,0
1786440903938,3000,Minimum,4471,4471,0.3,-1,63.8125,63.8125,0
1786440904040,3000,Minimum,4471,4471,0.3,-1,63.8125,63.8125,0
1786440904140,3000,Minimum,4471,4471,0.3,-1,63.875,63.875,0
1786440904238,3000,Minimum,4471,4471,0.3,-1,63.875,63.875,0
1786440904338,3000,Minimum,4471,4471,0.3,-1,63.875,63.875,0
1786440904438,3000,Minimum,4471,4471,0.3,-1,63.875,63.875,0
1786440904538,3000,Minimum,4471,4471,0.3,-1,63.875,63.875,0
1786440904638,3000,Minimum,4471,4471,0.3,-1,63.875,63.875,0
1786440904738,3000,Minimum,4471,4471,0.3,-1,63.875,63.875,0
1786440904838,3000,Minimum,4471,4471,0.3,-1,63.875,63.875,0
1786440904938,3000,Minimum,4471,4471,0.3,-1,63.875,63.875,0
1786440905044,3000,Minimum,4471,4471,0.3,-1,63.875,63.875,0
1786440905138,3000,Minimum,4471,4471,0.3,-1,63.875,63.875,0
1786440905238,3000,Minimum,4471,4471,0.3,-1,63.875,63.875,0
1786440905338,3000,Minimum,4471,4471,0.3,-1,63.875,63.875,0
1786440905438,3000,Minimum,4471,4471,0.3,-1,63.875,63.875,0
1786440905538,3000,Minimum,4471,4471,0.3,-1,63.875,63.875,0
1786440905638,3000,Minimum,4471,4471,0.3,-1,63.875,63.875,0
1786440905738,3000,Minimum,4471,4471,0.3,-1,63.875,63.875,0
1786440905838,3000,Minimum,4471,4471,0.3,-1,63.875,63.875,0
1786440905938,3000,Minimum,4471,4471,0.3,-1,63.875,63.875,0
1786440906038,3000,Minimum,4471,4471,0.3,-1,63.875,63.875,0
1786440906138,3000,Minimum,4471,4471,0.3,-1,63.9375,63.9375,0
1786440906238,3000,Minimum,4471,4471,0.3,-1,63.9375,63.9375,0
1786440906338,3000,Minimum,4471,4471,0.3,-1,63.9375,63.9375,0
1786440906438,3000,Minimum,4471,4471,0.3,-1,63.9375,63.9375,0
1786440906538,3000,Minimum,4471,4471,0.3,-1,63.9375,63.9375,0
1786440906638,3000,Minimum,4471,4471,0.3,-1,63.9375,63.9375,0
1786440906738,3000,Minimum,4471,4471,0.3,-1,63.9375,63.9375,0
1786440906838,3000,Minimum,4471,4471,0.3,-1,63.9375,63.9375,0
1786440906938,3000,Minimum,4471,4471,0.3,-1,63.9375,63.9375,0
1786440907038,3000,Minimum,4471,4471,0.3,-1,63.9375,63.9375,0
1786440907138,3000,Minimum,4471,4471,0.3,-1,63.9375,63.9375,0
1786440907242,3000,Minimum,4471,4471,0.3,-1,63.9375,63.9375,0
1786440907338,3000,Minimum,4471,4471,0.3,-1,63.9375,63.9375,0
1786440907438,3000,Minimum,4471,4471,0.3,-1,63.9375,63.9375,0
1786440907538,3000,Minimum,4471,4471,0.3,-1,63.9375,63.9375,0
1786440907638,3000,Minimum,4471,4471,0.3,-1,63.9375,63.9375,0
1786440907738,3000,Minimum,4471,4471,0.3,-1,63.9375,63.9375,0
1786440907838,3000,Minimum,4471,4471,0.3,-1,63.9375,63.9375,0
1786440907938,3000,Minimum,4471,4471,0.3,-1,63.9375,63.9375,0
1786440908038,3000,Minimum,4471,4471,0.3,-1,63.9375,63.9375,0
1786440908138,3000,Minimum,4471,4471,0.3,-1,63.9375,63.9375,0
1786440908238,3000,Minimum,4471,4471,0.3,-1,63.9375,63.9375,0
1786440908342,3000,Minimum,4471,4471,0.3,-1,63.9375,63.9375,0
1786440908439,3000,Minimum,4471,4471,0.3,-1,63.9375,63.9375,0
1786440908538,3000,Minimum,4471,4471,0.3,-1,63.9375,63.9375,0
1786440908638,3000,Minimum,4471,4471,0.3,-1,63.9375,63.9375,0
1786440908740,3000,Minimum,4471,4471,0.3,-1,63.9375,63.9375,0
1786440908838,3000,Minimum,4471,4471,0.3,-1,63.9375,63.9375,0
1786440908938,3000,Minimum,4471,4471,0.3,-1,63.9375,63.9375,0
1786440909038,3000,Minimum,4471,4471,0.3,-1,63.9375,63.9375,0
1786440909138,3000,Minimum,4471,4471,0.3,-1,64,64,0
1786440909238,3000,Minimum,4471,4471,0.3,-1,64,64,0
1786440909338,3000,Minimum,4471,4471,0.3,-1,64,64,0
1786440909438,3000,Minimum,4471,4471,0.3,-1,64,64,0
1786440909538,3000,Minimum,4471,4471,0.3,-1,64,64,0
1786440909638,3000,Minimum,4471,4471,0.3,-1,64,64,0
1786440909738,3000,Minimum,4471,4471,0.3,-1,64,64,0
1786440909838,3000,Minimum,4471,4471,0.3,-1,64,64,0
1786440909938,3000,Minimum,4471,4471,0.3,-1,64,64,0
1786440910038,3000,Minimum,4471,4471,0.3,-1,64,64,0
1786440910138,3000,Minimum,4471,4471,0.3,-1,64,64,0
1786440910244,3000,Minimum,4471,4471,0.3,-1,64,64,0
1786440910338,3000,Minimum,4471,4471,0.3,-1,64,64,0
1786440910439,3000,Minimum,4471,4471,0.3,-1,64,64,0
1786440910538,3000,Minimum,4471,4471,0.3,-1,64,64,0
1786440910638,3000,Minimum,4471,4471,0.3,-1,64,64,0
1786440910738,3000,Minimum,4471,4471,0.3,-1,64,64,0
1786440910838,3000,Minimum,4471,4471,0.3,-1,64,64,0
1786440910938,3000,Minimum,4471,4471,0.3,-1,64,64,0
1786440911038,3000,Minimum,4471,4471,0.3,-1,64,64,0
1786440911138,3000,Minimum,4471,4471,0.3,-1,63.9375,63.9375,0
1786440911241,3000,Minimum,4471,4471,0.3,-1,63.9375,63.9375,0
1786440911350,3000,Minimum,4471,4471,0.3,-1,63.9375,63.9375,0
1786440911438,3000,Minimum,4471,4471,0.3,-1,63.9375,63.9375,0
1786440911538,3000,Minimum,4471,4471,0.3,-1,63.9375,63.9375,0
1786440911638,3000,Minimum,4471,4471,0.3,-1,63.9375,63.9375,0
1786440911738,3000,Minimum,4471,4471,0.3,-1,63.9375,63.9375,0
1786440911838,3000,Minimum,4471,4471,0.3,-1,63.9375,63.9375,0
1786440911938,3000,Minimum,4471,4471,0.3,-1,63.9375,63.9375,0
1786440912038,3000,Minimum,4471,4471,0.3,-1,63.9375,63.9375,0
1786440912138,3000,Minimum,4471,4471,0.3,-1,64,64,0
1786440912243,3000,Minimum,4471,4471,0.3,-1,64,64,0
1786440912338,3000,Minimum,4471,4471,0.3,-1,64,64,0
1786440912438,3000,Minimum,4471,4471,0.3,-1,64,64,0
1786440912538,3000,Minimum,4471,4471,0.3,-1,64,64,0
1786440912640,3000,Minimum,4471,4471,0.3,-1,64,64,0
1786440912738,3000,Minimum,4471,4471,0.3,-1,64,64,0
1786440912838,3000,Minimum,4471,4471,0.3,-1,64,64,0
1786440912938,3000,Minimum,4471,4471,0.3,-1,64,64,0
1786440913038,3000,Minimum,4471,4471,0.3,-1,64,64,0
1786440913138,3000,Minimum,4471,4471,0.3,-1,64,64,0
1786440913238,3000,Minimum,4471,4471,0.3,-1,64,64,0
1786440913338,3000,Minimum,4471,4471,0.3,-1,64,64,0
1786440913438,3000,Minimum,4471,4471,0.3,-1,64,64,0
1786440913538,3000,Minimum,4471,4471,0.3,-1,64,64,0
1786440913638,3000,Minimum,4471,4471,0.3,-1,64,64,0
1786440913738,3000,Minimum,4471,4471,0.3,-1,64,64,0
1786440913838,3000,Minimum,4471,4471,0.3,-1,64,64,0
1786440913938,3000,Minimum,4471,4471,0.3,-1,64,64,0
1786440914038,3000,Minimum,4471,4471,0.3,-1,64,64,0
1786440914138,3000,Minimum,4471,4471,0.3,-1,64,64,0
1786440914238,3000,Minimum,4471,4471,0.3,-1,64,64,0
1786440914338,3000,Minimum,4471,4471,0.3,-1,64,64,0
1786440914438,3000,Minimum,4471,4471,0.3,-1,64,64,0
1786440914538,3000,Minimum,4471,4471,0.3,-1,64,64,0
1786440914638,3000,Minimum,4471,4471,0.3,-1,64,64,0
1786440914738,3000,Minimum,4471,4471,0.3,-1,64,64,0
1786440914838,3000,Minimum,4471,4471,0.3,-1,64,64,0
1786440914938,3000,Minimum,4471,4471,0.3,-1,64,64,0
1786440915038,3000,Minimum,4471,4471,0.3,-1,64,64,0
1786440915138,3000,Minimum,4471,4471,0.3,-1,64.0625,64.0625,0
1786440915238,3000,Minimum,4471,4471,0.3,-1,64.0625,64.0625,0
1786440915338,3000,Minimum,4471,4471,0.3,-1,64.0625,64.0625,0
1786440915438,3000,Minimum,4471,4471,0.3,-1,64.0625,64.0625,0
1786440915538,3000,Minimum,4471,4471,0.3,-1,64.0625,64.0625,0
1786440915638,3000,Minimum,4471,4471,0.3,-1,64.0625,64.0625,0
1786440915738,3000,Minimum,4471,4471,0.3,-1,64.0625,64.0625,0
1786440915838,3000,Minimum,4471,4471,0.3,-1,64.0625,64.0625,0
1786440915938,3000,Minimum,4471,4471,0.3,-1,64.0625,64.0625,0
1786440916038,3000,Minimum,4471,4471,0.3,-1,64.0625,64.0625,0
1786440916138,3000,Minimum,4471,4471,0.3,-1,64,64,0
1786440916238,3000,Minimum,4471,4471,0.3,-1,64,64,0
1786440916338,3000,Minimum,4471,4471,0.3,-1,64,64,0
1786440916438,3000,Minimum,4471,4471,0.3,-1,64,64,0
1786440916538,3000,Minimum,4471,4471,0.3,-1,64,64,0
1786440916638,3000,Minimum,4471,4471,0.3,-1,64,64,0
1786440916738,3000,Minimum,4471,4471,0.3,-1,64,64,0
1786440916838,3000,Minimum,4471,4471,0.3,-1,64,64,0
1786440916938,3000,Minimum,4471,4471,0.3,-1,64,64,0
1786440917038,3000,Minimum,4471,4471,0.3,-1,64,64,0
1786440917138,3000,Minimum,4471,4471,0.3,-1,63.9375,63.9375,0
1786440917238,3000,Minimum,4471,4471,0.3,-1,63.9375,63.9375,0
1786440917338,3000,Minimum,4471,4471,0.3,-1,63.9375,63.9375,0
1786440917438,3000,Minimum,4471,4471,0.3,-1,63.9375,63.9375,0
1786440917541,3000,Minimum,4471,4471,0.3,-1,63.9375,63.9375,0
1786440917638,3000,Minimum,4471,4471,0.3,-1,63.9375,63.9375,0
1786440917738,3000,Minimum,4471,4471,0.3,-1,63.9375,63.9375,0
1786440917840,3000,Minimum,4471,4471,0.3,-1,63.9375,63.9375,0
1786440917940,3000,Minimum,4471,4471,0.3,-1,63.9375,63.9375,0
1786440918038,3000,Minimum,4471,4471,0.3,-1,63.9375,63.9375,0
1786440918138,3000,Minimum,4471,4471,0.3,-1,64.0625,64.0625,0
1786440918238,3000,Minimum,4471,4471,0.3,-1,64.0625,64.0625,0
1786440918341,3000,Minimum,4471,4471,0.3,-1,64.0625,64.0625,0
1786440918440,3000,Minimum,4471,4471,0.3,-1,64.0625,64.0625,0
1786440918538,3000,Minimum,4471,4471,0.3,-1,64.0625,64.0625,0
1786440918638,3000,Minimum,4471,4471,0.3,-1,64.0625,64.0625,0
1786440918738,3000,Minimum,4471,4471,0.3,-1,64.0625,64.0625,0
1786440918838,3000,Minimum,4471,4471,0.3,-1,64.0625,64.0625,0
1786440918938,3000,Minimum,4471,4471,0.3,-1,64.0625,64.0625,0
1786440919038,3000,Minimum,4471,4471,0.3,-1,64.0625,64.0625,0
1786440919138,3000,Minimum,4471,4471,0.3,-1,64,64,0
1786440919239,3000,Minimum,4471,4471,0.3,-1,64,64,0
1786440919340,3000,Minimum,4471,4471,0.3,-1,64,64,0
1786440919441,3000,Minimum,4471,4471,0.3,-1,64,64,0
1786440919538,3000,Minimum,4471,4471,0.3,-1,64,64,0
1786440919638,3000,Minimum,4471,4471,0.3,-1,64,64,0
1786440919738,3000,Minimum,4471,4471,0.3,-1,64,64,0
1786440919840,3000,Minimum,4471,4471,0.3,-1,64,64,0
1786440919938,3000,Minimum,4471,4471,0.3,-1,64,64,0
1786440920038,3000,Minimum,4471,4471,0.3,-1,64,64,0
1786440920138,3000,Minimum,4471,4471,0.3,-1,64,64,0
1786440920242,3000,Minimum,4471,4471,0.3,-1,64,64,0
1786440920338,3000,Minimum,4471,4471,0.3,-1,64,64,0
1786440920438,3000,Minimum,4471,4471,0.3,-1,64,64,0
1786440920538,3000,Minimum,4471,4471,0.3,-1,64,64,0
1786440920638,3000,Minimum,4471,4471,0.3,-1,64,64,0
1786440920738,3000,Minimum,4471,4471,0.3,-1,64,64,0
1786440920838,3000,Minimum,4471,4471,0.3,-1,64,64,0
1786440920938,3000,Minimum,4471,4471,0.3,-1,64,64,0
1786440921038,3000,Minimum,4471,4471,0.3,-1,64,64,0
1786440921140,3000,Minimum,4471,4471,0.3,-1,64,64,0
1786440921238,3000,Minimum,4471,4471,0.3,-1,64,64,0
1786440921338,3000,Minimum,4471,4471,0.3,-1,64,64,0
1786440921438,3000,Minimum,4471,4471,0.3,-1,64,64,0
1786440921538,3000,Minimum,4471,4471,0.3,-1,64,64,0
1786440921638,3000,Minimum,4471,4471,0.3,-1,64,64,0
1786440921738,3000,Minimum,4471,4471,0.3,-1,64,64,0
1786440921838,3000,Minimum,4471,4471,0.3,-1,64,64,0
1786440921938,3000,Minimum,4471,4471,0.3,-1,64,64,0
1786440922038,3000,Minimum,4471,4471,0.3,-1,64,64,0
1786440922138,3000,Minimum,4471,4471,0.3,-1,64,64,0
1786440922238,3000,Minimum,4471,4471,0.3,-1,64,64,0
1786440922338,3000,Minimum,4471,4471,0.3,-1,64,64,0
1786440922438,3000,Minimum,4471,4471,0.3,-1,64,64,0
1786440922538,3000,Minimum,4471,4471,0.3,-1,64,64,0
1786440922638,3000,Minimum,4471,4471,0.3,-1,64,64,0
1786440922738,3000,Minimum,4471,4471,0.3,-1,64,64,0
1786440922838,3000,Minimum,4471,4471,0.3,-1,64,64,0
1786440922938,3000,Minimum,4471,4471,0.3,-1,64,64,0
1786440923038,3000,Minimum,4471,4471,0.3,-1,64,64,0
1786440923139,3000,Minimum,4471,4471,0.3,-1,64.0625,64.0625,0
1786440923238,3000,Minimum,4471,4471,0.3,-1,64.0625,64.0625,0
1786440923338,3000,Minimum,4471,4471,0.3,-1,64.0625,64.0625,0
1786440923438,3000,Minimum,4471,4471,0.3,-1,64.0625,64.0625,0
1786440923538,3000,Minimum,4471,4471,0.3,-1,64.0625,64.0625,0
1786440923638,3000,Minimum,4471,4471,0.3,-1,64.0625,64.0625,0
1786440923738,3000,Minimum,4471,4471,0.3,-1,64.0625,64.0625,0
1786440923839,3000,Minimum,4471,4471,0.3,-1,64.0625,64.0625,0
1786440923938,3000,Minimum,4471,4471,0.3,-1,64.0625,64.0625,0
1786440924038,3000,Minimum,4471,4471,0.3,-1,64.0625,64.0625,0
1786440924138,3000,Minimum,4471,4471,0.3,-1,64.0625,64.0625,0
1786440924238,3000,Minimum,4471,4471,0.3,-1,64.0625,64.0625,0
1786440924338,3000,Minimum,4471,4471,0.3,-1,64.0625,64.0625,0
1786440924441,3000,Minimum,4471,4471,0.3,-1,64.0625,64.0625,0
1786440924538,3000,Minimum,4471,4471,0.3,-1,64.0625,64.0625,0
1786440924638,3000,Minimum,4471,4471,0.3,-1,64.0625,64.0625,0
1786440924738,3000,Minimum,4471,4471,0.3,-1,64.0625,64.0625,0
1786440924838,3000,Minimum,4471,4471,0.3,-1,64.0625,64.0625,0
1786440924938,3000,Minimum,4471,4471,0.3,-1,64.0625,64.0625,0
1786440925038,3000,Minimum,4471,4471,0.3,-1,64.0625,64.0625,0
1786440925140,3000,Minimum,4471,4471,0.3,-1,64,64,0
1786440925238,3000,Minimum,4471,4471,0.3,-1,64,64,0
1786440925339,3000,Minimum,4471,4471,0.3,-1,64,64,0
1786440925438,3000,Minimum,4471,4471,0.3,-1,64,64,0
1786440925538,3000,Minimum,4471,4471,0.3,-1,64,64,0
1786440925638,3000,Minimum,4471,4471,0.3,-1,64,64,0
1786440925738,3000,Minimum,4471,4471,0.3,-1,64,64,0
1786440925839,3000,Minimum,4471,4471,0.3,-1,64,64,0
1786440925938,3000,Minimum,4471,4471,0.3,-1,64,64,0
1786440926038,3000,Minimum,4471,4471,0.3,-1,64,64,0
1786440926138,3000,Minimum,4471,4471,0.3,-1,64.0625,64.0625,0
1786440926238,3000,Minimum,4471,4471,0.3,-1,64.0625,64.0625,0
1786440926338,3000,Minimum,4471,4471,0.3,-1,64.0625,64.0625,0
1786440926438,3000,Minimum,4471,4471,0.3,-1,64.0625,64.0625,0
1786440926538,3000,Minimum,4471,4471,0.3,-1,64.0625,64.0625,0
1786440926638,3000,Minimum,4471,4471,0.3,-1,64.0625,64.0625,0
1786440926738,3000,Minimum,4471,4471,0.3,-1,64.0625,64.0625,0
1786440926838,3000,Minimum,4471,4471,0.3,-1,64.0625,64.0625,0
1786440926938,3000,Minimum,4471,4471,0.3,-1,64.0625,64.0625,0
1786440927038,3000,Minimum,4471,4471,0.3,-1,64.0625,64.0625,0
1786440927138,3000,Minimum,4471,4471,0.3,-1,64.0625,64.0625,0
1786440927240,3000,Minimum,4471,4471,0.3,-1,64.0625,64.0625,0
1786440927341,3000,Minimum,4471,4471,0.3,-1,64.0625,64.0625,0
1786440927438,3000,Minimum,4471,4471,0.3,-1,64.0625,64.0625,0
1786440927538,3000,Minimum,4471,4471,0.3,-1,64.0625,64.0625,0
1786440927638,3000,Minimum,4471,4471,0.3,-1,64.0625,64.0625,0
1786440927738,3000,Minimum,4471,4471,0.3,-1,64.0625,64.0625,0
1786440927838,3000,Minimum,4471,4471,0.3,-1,64.0625,64.0625,0
1786440927938,3000,Minimum,4471,4471,0.3,-1,64.0625,64.0625,0
1786440928038,3000,Minimum,4471,4471,0.3,-1,64.0625,64.0625,0
1786440928138,3000,Minimum,4471,4471,0.3,-1,64.0625,64.0625,0
1786440928238,3000,Minimum,4471,4471,0.3,-1,64.0625,64.0625,0
1786440928340,3000,Minimum,4471,4471,0.3,-1,64.0625,64.0625,0
1786440928438,3000,Minimum,4471,4471,0.3,-1,64.0625,64.0625,0
1786440928538,3000,Minimum,4471,4471,0.3,-1,64.0625,64.0625,0
1786440928638,3000,Minimum,4471,4471,0.3,-1,64.0625,64.0625,0
1786440928738,3000,Minimum,4471,4471,0.3,-1,64.0625,64.0625,0
1786440928838,3000,Minimum,4471,4471,0.3,-1,64.0625,64.0625,0
1786440928938,3000,Minimum,4471,4471,0.3,-1,64.0625,64.0625,0
1786440929038,3000,Minimum,4471,4471,0.3,-1,64.0625,64.0625,0
1786440929138,3000,Minimum,4471,4471,0.3,-1,64,64,0
1786440929241,3000,Minimum,4471,4471,0.3,-1,64,64,0
1786440929338,3000,Minimum,4471,4471,0.3,-1,64,64,0
1786440929438,3000,Minimum,4471,4471,0.3,-1,64,64,0
1786440929538,3000,Minimum,4471,4471,0.3,-1,64,64,0
1786440929638,3000,Minimum,4471,4471,0.3,-1,64,64,0
1786440929738,3000,Minimum,4471,4471,0.3,-1,64,64,0
1786440929838,3000,Minimum,4471,4471,0.3,-1,64,64,0
1786440929938,3000,Minimum,4471,4471,0.3,-1,64,64,0
1786440930038,3000,Minimum,4471,4471,0.3,-1,64,64,0
1786440930138,3000,Minimum,4471,4471,0.3,-1,64.0625,64.0625,0
1786440930238,3000,Minimum,4471,4471,0.3,-1,64.0625,64.0625,0
1786440930343,3000,Minimum,4471,4471,0.3,-1,64.0625,64.0625,0
1786440930438,3000,Minimum,4471,4471,0.3,-1,64.0625,64.0625,0
1786440930538,3000,Minimum,4471,4471,0.3,-1,64.0625,64.0625,0
1786440930638,3000,Minimum,4471,4471,0.3,-1,64.0625,64.0625,0
1786440930738,3000,Minimum,4471,4471,0.3,-1,64.0625,64.0625,0
1786440930838,3000,Minimum,4471,4471,0.3,-1,64.0625,64.0625,0
1786440930938,3000,Minimum,4471,4471,0.3,-1,64.0625,64.0625,0
1786440931038,3000,Minimum,4471,4471,0.3,-1,64.0625,64.0625,0
1786440931138,3000,Minimum,4471,4471,0.3,-1,64.125,64.125,0
1786440931238,3000,Minimum,4471,4471,0.3,-1,64.125,64.125,0
1786440931338,3000,Minimum,4471,4471,0.3,-1,64.125,64.125,0
1786440931438,3000,Minimum,4471,4471,0.3,-1,64.125,64.125,0
1786440931538,3000,Minimum,4471,4471,0.3,-1,64.125,64.125,0
1786440931638,3000,Minimum,4471,4471,0.3,-1,64.125,64.125,0
1786440931738,3000,Minimum,4471,4471,0.3,-1,64.125,64.125,0
1786440931838,3000,Minimum,4471,4471,0.3,-1,64.125,64.125,0
1786440931938,3000,Minimum,4471,4471,0.3,-1,64.125,64.125,0
1786440932038,3000,Minimum,4471,4471,0.3,-1,64.125,64.125,0
1786440932139,3000,Minimum,4471,4471,0.3,-1,64.125,64.125,0
1786440932238,3000,Minimum,4471,4471,0.3,-1,64.125,64.125,0
1786440932338,3000,Minimum,4471,4471,0.3,-1,64.125,64.125,0
1786440932438,3000,Minimum,4471,4471,0.3,-1,64.125,64.125,0
1786440932538,3000,Minimum,4471,4471,0.3,-1,64.125,64.125,0
1786440932638,3000,Minimum,4471,4471,0.3,-1,64.125,64.125,0
1786440932738,3000,Minimum,4471,4471,0.3,-1,64.125,64.125,0
1786440932838,3000,Minimum,4471,4471,0.3,-1,64.125,64.125,0
1786440932938,3000,Minimum,4471,4471,0.3,-1,64.125,64.125,0
1786440933038,3000,Minimum,4471,4471,0.3,-1,64.125,64.125,0
1786440933138,3000,Minimum,4471,4471,0.3,-1,64.1875,64.1875,0
1786440933238,3000,Minimum,4471,4471,0.3,-1,64.1875,64.1875,0
1786440933338,3000,Minimum,4471,4471,0.3,-1,64.1875,64.1875,0
1786440933438,3000,Minimum,4471,4471,0.3,-1,64.1875,64.1875,0
1786440933538,3000,Minimum,4471,4471,0.3,-1,64.1875,64.1875,0
1786440933638,3000,Minimum,4471,4471,0.3,-1,64.1875,64.1875,0
1786440933738,3000,Minimum,4471,4471,0.3,-1,64.1875,64.1875,0
1786440933838,3000,Minimum,4471,4471,0.3,-1,64.1875,64.1875,0
1786440933944,3000,Minimum,4471,4471,0.3,-1,64.1875,64.1875,0
1786440934047,3000,Minimum,4471,4471,0.3,-1,64.1875,64.1875,0
1786440934146,3000,Minimum,4471,4471,0.3,-1,64.125,64.125,0
1786440934249,3000,Minimum,4471,4471,0.3,-1,64.125,64.125,0
1786440934338,3000,Minimum,4471,4471,0.3,-1,64.125,64.125,0
1786440934438,3000,Minimum,4471,4471,0.3,-1,64.125,64.125,0
1786440934538,3000,Minimum,4471,4471,0.3,-1,64.125,64.125,0
1786440934638,3000,Minimum,4471,4471,0.3,-1,64.125,64.125,0
1786440934738,3000,Minimum,4471,4471,0.3,-1,64.125,64.125,0
1786440934839,3000,Minimum,4471,4471,0.3,-1,64.125,64.125,0
1786440934939,3000,Minimum,4471,4471,0.3,-1,64.125,64.125,0
1786440935038,3000,Minimum,4471,4471,0.3,-1,64.125,64.125,0
1786440935138,3000,Minimum,4471,4471,0.3,-1,64.1875,64.1875,0
1786440935249,3000,Minimum,4471,4471,0.3,-1,64.1875,64.1875,0
1786440935338,3000,Minimum,4471,4471,0.3,-1,64.1875,64.1875,0
1786440935438,3000,Minimum,4471,4471,0.3,-1,64.1875,64.1875,0
1786440935538,3000,Minimum,4471,4471,0.3,-1,64.1875,64.1875,0
1786440935638,3000,Minimum,4471,4471,0.3,-1,64.1875,64.1875,0
1786440935738,3000,Minimum,4471,4471,0.3,-1,64.1875,64.1875,0
1786440935838,3000,Minimum,4471,4471,0.3,-1,64.1875,64.1875,0
1786440935938,3000,Minimum,4471,4471,0.3,-1,64.1875,64.1875,0
1786440936038,3000,Minimum,4471,4471,0.3,-1,64.1875,64.1875,0
1786440936138,3000,Minimum,4471,4471,0.3,-1,64.1875,64.1875,0
1786440936242,3000,Minimum,4471,4471,0.3,-1,64.1875,64.1875,0
1786440936338,3000,Minimum,4471,4471,0.3,-1,64.1875,64.1875,0
1786440936438,3000,Minimum,4471,4471,0.3,-1,64.1875,64.1875,0
1786440936538,3000,Minimum,4471,4471,0.3,-1,64.1875,64.1875,0
1786440936638,3000,Minimum,4471,4471,0.3,-1,64.1875,64.1875,0
1786440936738,3000,Minimum,4471,4471,0.3,-1,64.1875,64.1875,0
1786440936838,3000,Minimum,4471,4471,0.3,-1,64.1875,64.1875,0
1786440936941,3000,Minimum,4471,4471,0.3,-1,64.1875,64.1875,0
1786440937039,3000,Minimum,4471,4471,0.3,-1,64.1875,64.1875,0
1786440937138,3000,Minimum,4471,4471,0.3,-1,64.0625,64.0625,0
1786440937238,3000,Minimum,4471,4471,0.3,-1,64.0625,64.0625,0
1786440937338,3000,Minimum,4471,4471,0.3,-1,64.0625,64.0625,0
1786440937438,3000,Minimum,4471,4471,0.3,-1,64.0625,64.0625,0
1786440937538,3000,Minimum,4471,4471,0.3,-1,64.0625,64.0625,0
1786440937638,3000,Minimum,4471,4471,0.3,-1,64.0625,64.0625,0
1786440937738,3000,Minimum,4471,4471,0.3,-1,64.0625,64.0625,0
1786440937838,3000,Minimum,4471,4471,0.3,-1,64.0625,64.0625,0
1786440937939,3000,Minimum,4471,4471,0.3,-1,64.0625,64.0625,0
1786440938040,3000,Minimum,4471,4471,0.3,-1,64.0625,64.0625,0
1786440938138,3000,Minimum,4471,4471,0.3,-1,64.0625,64.0625,0
1786440938238,3000,Minimum,4471,4471,0.3,-1,64.0625,64.0625,0
1786440938338,3000,Minimum,4471,4471,0.3,-1,64.0625,64.0625,0
1786440938438,3000,Minimum,4471,4471,0.3,-1,64.0625,64.0625,0
1786440938538,3000,Minimum,4471,4471,0.3,-1,64.0625,64.0625,0
1786440938638,3000,Minimum,4471,4471,0.3,-1,64.0625,64.0625,0
1786440938738,3000,Minimum,4471,4471,0.3,-1,64.0625,64.0625,0
1786440938838,3000,Minimum,4471,4471,0.3,-1,64.0625,64.0625,0
1786440938938,3000,Minimum,4471,4471,0.3,-1,64.0625,64.0625,0
1786440939038,3000,Minimum,4471,4471,0.3,-1,64.0625,64.0625,0
1786440939138,3000,Minimum,4471,4471,0.3,-1,64.1875,64.1875,0
1786440939238,3000,Minimum,4471,4471,0.3,-1,64.1875,64.1875,0
1786440939338,3000,Minimum,4471,4471,0.3,-1,64.1875,64.1875,0
1786440939438,3000,Minimum,4471,4471,0.3,-1,64.1875,64.1875,0
1786440939538,3000,Minimum,4471,4471,0.3,-1,64.1875,64.1875,0
1786440939638,3000,Minimum,4471,4471,0.3,-1,64.1875,64.1875,0
1786440939738,3000,Minimum,4471,4471,0.3,-1,64.1875,64.1875,0
1786440939838,3000,Minimum,4471,4471,0.3,-1,64.1875,64.1875,0
1786440939938,3000,Minimum,4471,4471,0.3,-1,64.1875,64.1875,0
1786440940038,3000,Minimum,4471,4471,0.3,-1,64.1875,64.1875,0
1786440940139,3000,Minimum,4471,4471,0.3,-1,64.125,64.125,0
1786440940238,3000,Minimum,4471,4471,0.3,-1,64.125,64.125,0
1786440940338,3000,Minimum,4471,4471,0.3,-1,64.125,64.125,0
1786440940438,3000,Minimum,4471,4471,0.3,-1,64.125,64.125,0
1786440940538,3000,Minimum,4471,4471,0.3,-1,64.125,64.125,0
1786440940638,3000,Minimum,4471,4471,0.3,-1,64.125,64.125,0
1786440940738,3000,Minimum,4471,4471,0.3,-1,64.125,64.125,0
1786440940838,3000,Minimum,4471,4471,0.3,-1,64.125,64.125,0
1786440940938,3000,Minimum,4471,4471,0.3,-1,64.125,64.125,0
1786440941038,3000,Minimum,4471,4471,0.3,-1,64.125,64.125,0
1786440941138,3000,Minimum,4471,4471,0.3,-1,64.125,64.125,0
1786440941239,3000,Minimum,4471,4471,0.3,-1,64.125,64.125,0
1786440941338,3000,Minimum,4471,4471,0.3,-1,64.125,64.125,0
1786440941438,3000,Minimum,4471,4471,0.3,-1,64.125,64.125,0
1786440941538,3000,Minimum,4471,4471,0.3,-1,64.125,64.125,0
1786440941638,3000,Minimum,4471,4471,0.3,-1,64.125,64.125,0
1786440941738,3000,Minimum,4471,4471,0.3,-1,64.125,64.125,0
1786440941838,3000,Minimum,4471,4471,0.3,-1,64.125,64.125,0
1786440941938,3000,Minimum,4471,4471,0.3,-1,64.125,64.125,0
1786440942038,3000,Minimum,4471,4471,0.3,-1,64.125,64.125,0
1786440942138,3000,Minimum,4471,4471,0.3,-1,64.1875,64.1875,0
1786440942238,3000,Minimum,4471,4471,0.3,-1,64.1875,64.1875,0
1786440942338,3000,Minimum,4471,4471,0.3,-1,64.1875,64.1875,0
1786440942438,3000,Minimum,4471,4471,0.3,-1,64.1875,64.1875,0
1786440942538,3000,Minimum,4471,4471,0.3,-1,64.1875,64.1875,0
1786440942638,3000,Minimum,4471,4471,0.3,-1,64.1875,64.1875,0
1786440942738,3000,Minimum,4471,4471,0.3,-1,64.1875,64.1875,0
1786440942838,3000,Minimum,4471,4471,0.3,-1,64.1875,64.1875,0
1786440942938,3000,Minimum,4471,4471,0.3,-1,64.1875,64.1875,0
1786440943038,3000,Minimum,4471,4471,0.3,-1,64.1875,64.1875,0
1786440943138,3000,Minimum,4471,4471,0.3,-1,64.1875,64.1875,0
1786440943238,3000,Minimum,4471,4471,0.3,-1,64.1875,64.1875,0
1786440943341,3000,Minimum,4471,4471,0.3,-1,64.1875,64.1875,0
1786440943438,3000,Minimum,4471,4471,0.3,-1,64.1875,64.1875,0
1786440943538,3000,Minimum,4471,4471,0.3,-1,64.1875,64.1875,0
1786440943638,3000,Minimum,4471,4471,0.3,-1,64.1875,64.1875,0
1786440943738,3000,Minimum,4471,4471,0.3,-1,64.1875,64.1875,0
1786440943838,3000,Minimum,4471,4471,0.3,-1,64.1875,64.1875,0
1786440943938,3000,Minimum,4471,4471,0.3,-1,64.1875,64.1875,0
1786440944038,3000,Minimum,4471,4471,0.3,-1,64.1875,64.1875,0
1786440944138,3000,Minimum,4471,4471,0.3,-1,64.25,64.25,0
1786440944238,3000,Minimum,4471,4471,0.3,-1,64.25,64.25,0
1786440944338,3000,Minimum,4471,4471,0.3,-1,64.25,64.25,0
1786440944438,3000,Minimum,4471,4471,0.3,-1,64.25,64.25,0
1786440944538,3000,Minimum,4471,4471,0.3,-1,64.25,64.25,0
1786440944638,3000,Minimum,4471,4471,0.3,-1,64.25,64.25,0
1786440944738,3000,Minimum,4471,4471,0.3,-1,64.25,64.25,0
1786440944838,3000,Minimum,4471,4471,0.3,-1,64.25,64.25,0
1786440944938,3000,Minimum,4471,4471,0.3,-1,64.25,64.25,0
1786440945038,3000,Minimum,4471,4471,0.3,-1,64.25,64.25,0
1786440945138,3000,Minimum,4471,4471,0.3,-1,64.3125,64.3125,0
1786440945238,3000,Minimum,4471,4471,0.3,-1,64.3125,64.3125,0
1786440945338,3000,Minimum,4471,4471,0.3,-1,64.3125,64.3125,0
1786440945438,3000,Minimum,4471,4471,0.3,-1,64.3125,64.3125,0
1786440945538,3000,Minimum,4471,4471,0.3,-1,64.3125,64.3125,0
1786440945638,3000,Minimum,4471,4471,0.3,-1,64.3125,64.3125,0
1786440945738,3000,Minimum,4471,4471,0.3,-1,64.3125,64.3125,0
1786440945838,3000,Minimum,4471,4471,0.3,-1,64.3125,64.3125,0
1786440945938,3000,Minimum,4471,4471,0.3,-1,64.3125,64.3125,0
1786440946038,3000,Minimum,4471,4471,0.3,-1,64.3125,64.3125,0
1786440946138,3000,Minimum,4471,4471,0.3,-1,64.25,64.25,0
1786440946238,3000,Minimum,4471,4471,0.3,-1,64.25,64.25,0
1786440946338,3000,Minimum,4471,4471,0.3,-1,64.25,64.25,0
1786440946438,3000,Minimum,4471,4471,0.3,-1,64.25,64.25,0
1786440946538,3000,Minimum,4471,4471,0.3,-1,64.25,64.25,0
1786440946638,3000,Minimum,4471,4471,0.3,-1,64.25,64.25,0
1786440946738,3000,Minimum,4471,4471,0.3,-1,64.25,64.25,0
1786440946838,3000,Minimum,4471,4471,0.3,-1,64.25,64.25,0
1786440946938,3000,Minimum,4471,4471,0.3,-1,64.25,64.25,0
1786440947038,3000,Minimum,4471,4471,0.3,-1,64.25,64.25,0
1786440947138,3000,Minimum,4471,4471,0.3,-1,64.1875,64.1875,0
1786440947238,3000,Minimum,4471,4471,0.3,-1,64.1875,64.1875,0
1786440947338,3000,Minimum,4471,4471,0.3,-1,64.1875,64.1875,0
1786440947438,3000,Minimum,4471,4471,0.3,-1,64.1875,64.1875,0
1786440947538,3000,Minimum,4471,4471,0.3,-1,64.1875,64.1875,0
1786440947638,3000,Minimum,4471,4471,0.3,-1,64.1875,64.1875,0
1786440947738,3000,Minimum,4471,4471,0.3,-1,64.1875,64.1875,0
1786440947838,3000,Minimum,4471,4471,0.3,-1,64.1875,64.1875,0
1786440947938,3000,Minimum,4471,4471,0.3,-1,64.1875,64.1875,0
1786440948038,3000,Minimum,4471,4471,0.3,-1,64.1875,64.1875,0
1786440948138,3000,Minimum,4471,4471,0.3,-1,64.1875,64.1875,0
1786440948238,3000,Minimum,4471,4471,0.3,-1,64.1875,64.1875,0
1786440948338,3000,Minimum,4471,4471,0.3,-1,64.1875,64.1875,0
1786440948438,3000,Minimum,4471,4471,0.3,-1,64.1875,64.1875,0
1786440948539,3000,Minimum,4471,4471,0.3,-1,64.1875,64.1875,0
1786440948638,3000,Minimum,4471,4471,0.3,-1,64.1875,64.1875,0
1786440948738,3000,Minimum,4471,4471,0.3,-1,64.1875,64.1875,0
1786440948838,3000,Minimum,4471,4471,0.3,-1,64.1875,64.1875,0
1786440948938,3000,Minimum,4471,4471,0.3,-1,64.1875,64.1875,0
1786440949038,3000,Minimum,4471,4471,0.3,-1,64.1875,64.1875,0
1786440949138,3000,Minimum,4471,4471,0.3,-1,64.25,64.25,0
1786440949238,3000,Minimum,4471,4471,0.3,-1,64.25,64.25,0
1786440949340,3000,Minimum,4471,4471,0.3,-1,64.25,64.25,0
1786440949438,3000,Minimum,4471,4471,0.3,-1,64.25,64.25,0
1786440949538,3000,Minimum,4471,4471,0.3,-1,64.25,64.25,0
1786440949638,3000,Minimum,4471,4471,0.3,-1,64.25,64.25,0
1786440949738,3000,Minimum,4471,4471,0.3,-1,64.25,64.25,0
1786440949838,3000,Minimum,4471,4471,0.3,-1,64.25,64.25,0
1786440949938,3000,Minimum,4471,4471,0.3,-1,64.25,64.25,0
1786440950038,3000,Minimum,4471,4471,0.3,-1,64.25,64.25,0
1786440950138,3000,Minimum,4471,4471,0.3,-1,64.1875,64.1875,0
1786440950238,3000,Minimum,4471,4471,0.3,-1,64.1875,64.1875,0
1786440950338,3000,Minimum,4471,4471,0.3,-1,64.1875,64.1875,0
1786440950438,3000,Minimum,4471,4471,0.3,-1,64.1875,64.1875,0
1786440950538,3000,Minimum,4471,4471,0.3,-1,64.1875,64.1875,0
1786440950638,3000,Minimum,4471,4471,0.3,-1,64.1875,64.1875,0
1786440950738,3000,Minimum,4471,4471,0.3,-1,64.1875,64.1875,0
1786440950838,3000,Minimum,4471,4471,0.3,-1,64.1875,64.1875,0
1786440950938,3000,Minimum,4471,4471,0.3,-1,64.1875,64.1875,0
1786440951038,3000,Minimum,4471,4471,0.3,-1,64.1875,64.1875,0
1786440951138,3000,Minimum,4471,4471,0.3,-1,64.1875,64.1875,0
1786440951238,3000,Minimum,4471,4471,0.3,-1,64.1875,64.1875,0
1786440951338,3000,Minimum,4471,4471,0.3,-1,64.1875,64.1875,0
1786440951438,3000,Minimum,4471,4471,0.3,-1,64.1875,64.1875,0
1786440951538,3000,Minimum,4471,4471,0.3,-1,64.1875,64.1875,0
1786440951638,3000,Minimum,4471,4471,0.3,-1,64.1875,64.1875,0
1786440951738,3000,Minimum,4471,4471,0.3,-1,64.1875,64.1875,0
1786440951838,3000,Minimum,4471,4471,0.3,-1,64.1875,64.1875,0
1786440951938,3000,Minimum,4471,4471,0.3,-1,64.1875,64.1875,0
1786440952038,3000,Minimum,4471,4471,0.3,-1,64.1875,64.1875,0
1786440952138,3000,Minimum,4471,4471,0.3,-1,64.1875,64.1875,0
1786440952238,3000,Minimum,4471,4471,0.3,-1,64.1875,64.1875,0
1786440952338,3000,Minimum,4471,4471,0.3,-1,64.1875,64.1875,0
1786440952438,3000,Minimum,4471,4471,0.3,-1,64.1875,64.1875,0
1786440952538,3000,Minimum,4471,4471,0.3,-1,64.1875,64.1875,0
1786440952638,3000,Minimum,4471,4471,0.3,-1,64.1875,64.1875,0
1786440952738,3000,Minimum,4471,4471,0.3,-1,64.1875,64.1875,0
1786440952838,3000,Minimum,4471,4471,0.3,-1,64.1875,64.1875,0
1786440952938,3000,Minimum,4471,4471,0.3,-1,64.1875,64.1875,0
1786440953038,3000,Minimum,4471,4471,0.3,-1,64.1875,64.1875,0
1786440953138,3000,Minimum,4471,4471,0.3,-1,64.1875,64.1875,0
1786440953238,3000,Minimum,4471,4471,0.3,-1,64.1875,64.1875,0
1786440953338,3000,Minimum,4471,4471,0.3,-1,64.1875,64.1875,0
1786440953438,3000,Minimum,4471,4471,0.3,-1,64.1875,64.1875,0
1786440953540,3000,Minimum,4471,4471,0.3,-1,64.1875,64.1875,0
1786440953638,3000,Minimum,4471,4471,0.3,-1,64.1875,64.1875,0
1786440953738,3000,Minimum,4471,4471,0.3,-1,64.1875,64.1875,0
1786440953838,3000,Minimum,4471,4471,0.3,-1,64.1875,64.1875,0
1786440953938,3000,Minimum,4471,4471,0.3,-1,64.1875,64.1875,0
1786440954038,3000,Minimum,4471,4471,0.3,-1,64.1875,64.1875,0
1786440954138,3000,Minimum,4471,4471,0.3,-1,64.25,64.25,0
1786440954238,3000,Minimum,4471,4471,0.3,-1,64.25,64.25,0
1786440954338,3000,Minimum,4471,4471,0.3,-1,64.25,64.25,0
1786440954438,3000,Minimum,4471,4471,0.3,-1,64.25,64.25,0
1786440954538,3000,Minimum,4471,4471,0.3,-1,64.25,64.25,0
1786440954638,3000,Minimum,4471,4471,0.3,-1,64.25,64.25,0
1786440954738,3000,Minimum,4471,4471,0.3,-1,64.25,64.25,0
1786440954838,3000,Minimum,4471,4471,0.3,-1,64.25,64.25,0
1786440954938,3000,Minimum,4471,4471,0.3,-1,64.25,64.25,0
1786440955038,3000,Minimum,4471,4471,0.3,-1,64.25,64.25,0
1786440955138,3000,Minimum,4471,4471,0.3,-1,64.1875,64.1875,0
1786440955238,3000,Minimum,4471,4471,0.3,-1,64.1875,64.1875,0
1786440955338,3000,Minimum,4471,4471,0.3,-1,64.1875,64.1875,0
1786440955438,3000,Minimum,4471,4471,0.3,-1,64.1875,64.1875,0
1786440955538,3000,Minimum,4471,4471,0.3,-1,64.1875,64.1875,0
1786440955638,3000,Minimum,4471,4471,0.3,-1,64.1875,64.1875,0
1786440955741,3000,Minimum,4471,4471,0.3,-1,64.1875,64.1875,0
1786440955838,3000,Minimum,4471,4471,0.3,-1,64.1875,64.1875,0
1786440955938,3000,Minimum,4471,4471,0.3,-1,64.1875,64.1875,0
1786440956038,3000,Minimum,4471,4471,0.3,-1,64.1875,64.1875,0
1786440956138,3000,Minimum,4471,4471,0.3,-1,64.1875,64.1875,0
1786440956238,3000,Minimum,4471,4471,0.3,-1,64.1875,64.1875,0
1786440956338,3000,Minimum,4471,4471,0.3,-1,64.1875,64.1875,0
1786440956438,3000,Minimum,4471,4471,0.3,-1,64.1875,64.1875,0
1786440956538,3000,Minimum,4471,4471,0.3,-1,64.1875,64.1875,0
1786440956638,3000,Minimum,4471,4471,0.3,-1,64.1875,64.1875,0
1786440956738,3000,Minimum,4471,4471,0.3,-1,64.1875,64.1875,0
1786440956838,3000,Minimum,4471,4471,0.3,-1,64.1875,64.1875,0
1786440956938,3000,Minimum,4471,4471,0.3,-1,64.1875,64.1875,0
1786440957038,3000,Minimum,4471,4471,0.3,-1,64.1875,64.1875,0
1786440957138,3000,Minimum,4471,4471,0.3,-1,64.375,64.375,0
1786440957240,3000,Minimum,4471,4471,0.3,-1,64.375,64.375,0
1786440957338,3000,Minimum,4471,4471,0.3,-1,64.375,64.375,0
1786440957438,3000,Minimum,4471,4471,0.3,-1,64.375,64.375,0
1786440957538,3000,Minimum,4471,4471,0.3,-1,64.375,64.375,0
1786440957638,3000,Minimum,4471,4471,0.3,-1,64.375,64.375,0
1786440957738,3000,Minimum,4471,4471,0.3,-1,64.375,64.375,0
1786440957838,3000,Minimum,4471,4471,0.3,-1,64.375,64.375,0
1786440957938,3000,Minimum,4471,4471,0.3,-1,64.375,64.375,0
1786440958038,3000,Minimum,4471,4471,0.3,-1,64.375,64.375,0
1786440958138,3000,Minimum,4471,4471,0.3,-1,64.1875,64.1875,0
1786440958240,3000,Minimum,4471,4471,0.3,-1,64.1875,64.1875,0
1786440958338,3000,Minimum,4471,4471,0.3,-1,64.1875,64.1875,0
1786440958438,3000,Minimum,4471,4471,0.3,-1,64.1875,64.1875,0
1786440958538,3000,Minimum,4471,4471,0.3,-1,64.1875,64.1875,0
1786440958639,3000,Minimum,4471,4471,0.3,-1,64.1875,64.1875,0
1786440958738,3000,Minimum,4471,4471,0.3,-1,64.1875,64.1875,0
1786440958838,3000,Minimum,4471,4471,0.3,-1,64.1875,64.1875,0
1786440958938,3000,Minimum,4471,4471,0.3,-1,64.1875,64.1875,0
1786440959038,3000,Minimum,4471,4471,0.3,-1,64.1875,64.1875,0
1786440959138,3000,Minimum,4471,4471,0.3,-1,64.25,64.25,0
1786440959238,3000,Minimum,4471,4471,0.3,-1,64.25,64.25,0
1786440959338,3000,Minimum,4471,4471,0.3,-1,64.25,64.25,0
1786440959438,3000,Minimum,4471,4471,0.3,-1,64.25,64.25,0
1786440959538,3000,Minimum,4471,4471,0.3,-1,64.25,64.25,0
1786440959638,3000,Minimum,4471,4471,0.3,-1,64.25,64.25,0
1786440959738,3000,Minimum,4471,4471,0.3,-1,64.25,64.25,0
1786440959838,3000,Minimum,4471,4471,0.3,-1,64.25,64.25,0
1786440959938,3000,Minimum,4471,4471,0.3,-1,64.25,64.25,0
1786440960038,3000,Minimum,4471,4471,0.3,-1,64.25,64.25,0
1786440960138,3000,Minimum,4471,4471,0.3,-1,64.3125,64.3125,0
1786440960238,3000,Minimum,4471,4471,0.3,-1,64.3125,64.3125,0
1786440960338,3000,Minimum,4471,4471,0.3,-1,64.3125,64.3125,0
1786440960438,3000,Minimum,4471,4471,0.3,-1,64.3125,64.3125,0
1786440960540,3000,Minimum,4471,4471,0.3,-1,64.3125,64.3125,0
1786440960638,3000,Minimum,4471,4471,0.3,-1,64.3125,64.3125,0
1786440960738,3000,Minimum,4471,4471,0.3,-1,64.3125,64.3125,0
1786440960838,3000,Minimum,4471,4471,0.3,-1,64.3125,64.3125,0
1786440960938,3000,Minimum,4471,4471,0.3,-1,64.3125,64.3125,0
1786440961038,3000,Minimum,4471,4471,0.3,-1,64.3125,64.3125,0
1786440961138,3000,Minimum,4471,4471,0.3,-1,64.25,64.25,0
1786440961238,3000,Minimum,4471,4471,0.3,-1,64.25,64.25,0
1786440961338,3000,Minimum,4471,4471,0.3,-1,64.25,64.25,0
1786440961438,3000,Minimum,4471,4471,0.3,-1,64.25,64.25,0
1786440961539,3000,Minimum,4471,4471,0.3,-1,64.25,64.25,0
1786440961638,3000,Minimum,4471,4471,0.3,-1,64.25,64.25,0
1786440961738,3000,Minimum,4471,4471,0.3,-1,64.25,64.25,0
1786440961838,3000,Minimum,4471,4471,0.3,-1,64.25,64.25,0
1786440961938,3000,Minimum,4471,4471,0.3,-1,64.25,64.25,0
1786440962038,3000,Minimum,4471,4471,0.3,-1,64.25,64.25,0
1786440962138,3000,Minimum,4471,4471,0.3,-1,64.3125,64.3125,0
1786440962238,3000,Minimum,4471,4471,0.3,-1,64.3125,64.3125,0
1786440962338,3000,Minimum,4471,4471,0.3,-1,64.3125,64.3125,0
1786440962438,3000,Minimum,4471,4471,0.3,-1,64.3125,64.3125,0
1786440962538,3000,Minimum,4471,4471,0.3,-1,64.3125,64.3125,0
1786440962638,3000,Minimum,4471,4471,0.3,-1,64.3125,64.3125,0
1786440962738,3000,Minimum,4471,4471,0.3,-1,64.3125,64.3125,0
1786440962838,3000,Minimum,4471,4471,0.3,-1,64.3125,64.3125,0
1786440962938,3000,Minimum,4471,4471,0.3,-1,64.3125,64.3125,0
1786440963038,3000,Minimum,4471,4471,0.3,-1,64.3125,64.3125,0
1786440963138,3000,Minimum,4471,4471,0.3,-1,64.25,64.25,0
1786440963238,3000,Minimum,4471,4471,0.3,-1,64.25,64.25,0
1786440963338,3000,Minimum,4471,4471,0.3,-1,64.25,64.25,0
1786440963438,3000,Minimum,4471,4471,0.3,-1,64.25,64.25,0
1786440963538,3000,Minimum,4471,4471,0.3,-1,64.25,64.25,0
1786440963638,3000,Minimum,4471,4471,0.3,-1,64.25,64.25,0
1786440963738,3000,Minimum,4471,4471,0.3,-1,64.25,64.25,0
1786440963838,3000,Minimum,4471,4471,0.3,-1,64.25,64.25,0
1786440963938,3000,Minimum,4471,4471,0.3,-1,64.25,64.25,0
1786440964038,3000,Minimum,4471,4471,0.3,-1,64.25,64.25,0
1786440964138,3000,Minimum,4471,4471,0.3,-1,64.25,64.25,0
1786440964238,3000,Minimum,4471,4471,0.3,-1,64.25,64.25,0
1786440964339,3000,Minimum,4471,4471,0.3,-1,64.25,64.25,0
1786440964438,3000,Minimum,4471,4471,0.3,-1,64.25,64.25,0
1786440964538,3000,Minimum,4471,4471,0.3,-1,64.25,64.25,0
1786440964638,3000,Minimum,4471,4471,0.3,-1,64.25,64.25,0
1786440964738,3000,Minimum,4471,4471,0.3,-1,64.25,64.25,0
1786440964838,3000,Minimum,4471,4471,0.3,-1,64.25,64.25,0
1786440964938,3000,Minimum,4471,4471,0.3,-1,64.25,64.25,0
1786440965038,3000,Minimum,4471,4471,0.3,-1,64.25,64.25,0
1786440965138,3000,Minimum,4471,4471,0.3,-1,64.25,64.25,0
1786440965238,3000,Minimum,4471,4471,0.3,-1,64.25,64.25,0
1786440965338,3000,Minimum,4471,4471,0.3,-1,64.25,64.25,0
1786440965438,3000,Minimum,4471,4471,0.3,-1,64.25,64.25,0
1786440965538,3000,Minimum,4471,4471,0.3,-1,64.25,64.25,0
1786440965638,3000,Minimum,4471,4471,0.3,-1,64.25,64.25,0
1786440965738,3000,Minimum,4471,4471,0.3,-1,64.25,64.25,0
1786440965838,3000,Minimum,4471,4471,0.3,-1,64.25,64.25,0
1786440965938,3000,Minimum,4471,4471,0.3,-1,64.25,64.25,0
1786440966038,3000,Minimum,4471,4471,0.3,-1,64.25,64.25,0
1786440966138,3000,Minimum,4471,4471,0.3,-1,64.375,64.375,0
1786440966238,3000,Minimum,4471,4471,0.3,-1,64.375,64.375,0
1786440966338,3000,Minimum,4471,4471,0.3,-1,64.375,64.375,0
1786440966438,3000,Minimum,4471,4471,0.3,-1,64.375,64.375,0
1786440966538,3000,Minimum,4471,4471,0.3,-1,64.375,64.375,0
1786440966638,3000,Minimum,4471,4471,0.3,-1,64.375,64.375,0
1786440966738,3000,Minimum,4471,4471,0.3,-1,64.375,64.375,0
1786440966838,3000,Minimum,4471,4471,0.3,-1,64.375,64.375,0
1786440966938,3000,Minimum,4471,4471,0.3,-1,64.375,64.375,0
1786440967038,3000,Minimum,4471,4471,0.3,-1,64.375,64.375,0
1786440967138,3000,Minimum,4471,4471,0.3,-1,64.25,64.25,0
1786440967238,3000,Minimum,4471,4471,0.3,-1,64.25,64.25,0
1786440967338,3000,Minimum,4471,4471,0.3,-1,64.25,64.25,0
1786440967438,3000,Minimum,4471,4471,0.3,-1,64.25,64.25,0
1786440967538,3000,Minimum,4471,4471,0.3,-1,64.25,64.25,0
1786440967638,3000,Minimum,4471,4471,0.3,-1,64.25,64.25,0
1786440967738,3000,Minimum,4471,4471,0.3,-1,64.25,64.25,0
1786440967838,3000,Minimum,4471,4471,0.3,-1,64.25,64.25,0
1786440967938,3000,Minimum,4471,4471,0.3,-1,64.25,64.25,0
1786440968040,3000,Minimum,4471,4471,0.3,-1,64.25,64.25,0
1786440968144,3000,Minimum,4471,4471,0.3,-1,64.3125,64.3125,0
1786440968244,3000,Minimum,4471,4471,0.3,-1,64.3125,64.3125,0
1786440968338,3000,Minimum,4471,4471,0.3,-1,64.3125,64.3125,0
1786440968440,3000,Minimum,4471,4471,0.3,-1,64.3125,64.3125,0
1786440968538,3000,Minimum,4471,4471,0.3,-1,64.3125,64.3125,0
1786440968638,3000,Minimum,4471,4471,0.3,-1,64.3125,64.3125,0
1786440968738,3000,Minimum,4471,4471,0.3,-1,64.3125,64.3125,0
1786440968838,3000,Minimum,4471,4471,0.3,-1,64.3125,64.3125,0
1786440968938,3000,Minimum,4471,4471,0.3,-1,64.3125,64.3125,0
1786440969038,3000,Minimum,4471,4471,0.3,-1,64.3125,64.3125,0
1786440969138,3000,Minimum,4471,4471,0.3,-1,64.25,64.25,0
1786440969239,3000,Minimum,4471,4471,0.3,-1,64.25,64.25,0
1786440969346,3000,Minimum,4471,4471,0.3,-1,64.25,64.25,0
1786440969438,3000,Minimum,4471,4471,0.3,-1,64.25,64.25,0
1786440969538,3000,Minimum,4471,4471,0.3,-1,64.25,64.25,0
1786440969638,3000,Minimum,4471,4471,0.3,-1,64.25,64.25,0
1786440969738,3000,Minimum,4471,4471,0.3,-1,64.25,64.25,0
1786440969838,3000,Minimum,4471,4471,0.3,-1,64.25,64.25,0
1786440969938,3000,Minimum,4471,4471,0.3,-1,64.25,64.25,0
1786440970040,3000,Minimum,4471,4471,0.3,-1,64.25,64.25,0
1786440970138,3000,Minimum,4471,4471,0.3,-1,64.3125,64.3125,0
1786440970244,3000,Minimum,4471,4471,0.3,-1,64.3125,64.3125,0
1786440970338,3000,Minimum,4471,4471,0.3,-1,64.3125,64.3125,0
1786440970438,3000,Minimum,4471,4471,0.3,-1,64.3125,64.3125,0
1786440970538,3000,Minimum,4471,4471,0.3,-1,64.3125,64.3125,0
1786440970638,3000,Minimum,4471,4471,0.3,-1,64.3125,64.3125,0
1786440970738,3000,Minimum,4471,4471,0.3,-1,64.3125,64.3125,0
1786440970838,3000,Minimum,4471,4471,0.3,-1,64.3125,64.3125,0
1786440970938,3000,Minimum,4471,4471,0.3,-1,64.3125,64.3125,0
1786440971039,3000,Minimum,4471,4471,0.3,-1,64.3125,64.3125,0
1786440971138,3000,Minimum,4471,4471,0.3,-1,64.3125,64.3125,0
1786440971244,3000,Minimum,4471,4471,0.3,-1,64.3125,64.3125,0
1786440971338,3000,Minimum,4471,4471,0.3,-1,64.3125,64.3125,0
1786440971438,3000,Minimum,4471,4471,0.3,-1,64.3125,64.3125,0
1786440971541,3000,Minimum,4471,4471,0.3,-1,64.3125,64.3125,0
1786440971638,3000,Minimum,4471,4471,0.3,-1,64.3125,64.3125,0
1786440971738,3000,Minimum,4471,4471,0.3,-1,64.3125,64.3125,0
1786440971842,3000,Minimum,4471,4471,0.3,-1,64.3125,64.3125,0
1786440971938,3000,Minimum,4471,4471,0.3,-1,64.3125,64.3125,0
1786440972038,3000,Minimum,4471,4471,0.3,-1,64.3125,64.3125,0
1786440972138,3000,Minimum,4471,4471,0.3,-1,64.1875,64.1875,0
1786440972241,3000,Minimum,4471,4471,0.3,-1,64.1875,64.1875,0
1786440972338,3000,Minimum,4471,4471,0.3,-1,64.1875,64.1875,0
1786440972438,3000,Minimum,4471,4471,0.3,-1,64.1875,64.1875,0
1786440972538,3000,Minimum,4471,4471,0.3,-1,64.1875,64.1875,0
1786440972638,3000,Minimum,4471,4471,0.3,-1,64.1875,64.1875,0
1786440972738,3000,Minimum,4471,4471,0.3,-1,64.1875,64.1875,0
1786440972838,3000,Minimum,4471,4471,0.3,-1,64.1875,64.1875,0
1786440972938,3000,Minimum,4471,4471,0.3,-1,64.1875,64.1875,0
1786440973038,3000,Minimum,4471,4471,0.3,-1,64.1875,64.1875,0
1786440973138,3000,Minimum,4471,4471,0.3,-1,64.3125,64.3125,0
1786440973238,3000,Minimum,4471,4471,0.3,-1,64.3125,64.3125,0
1786440973338,3000,Minimum,4471,4471,0.3,-1,64.3125,64.3125,0
1786440973438,3000,Minimum,4471,4471,0.3,-1,64.3125,64.3125,0
1786440973538,3000,Minimum,4471,4471,0.3,-1,64.3125,64.3125,0
1786440973640,3000,Minimum,4471,4471,0.3,-1,64.3125,64.3125,0
1786440973738,3000,Minimum,4471,4471,0.3,-1,64.3125,64.3125,0
1786440973838,3000,Minimum,4471,4471,0.3,-1,64.3125,64.3125,0
1786440973938,3000,Minimum,4471,4471,0.3,-1,64.3125,64.3125,0
1786440974038,3000,Minimum,4471,4471,0.3,-1,64.3125,64.3125,0
1786440974138,3000,Minimum,4471,4471,0.3,-1,64.3125,64.3125,0
1786440974238,3000,Minimum,4471,4471,0.3,-1,64.3125,64.3125,0
1786440974338,3000,Minimum,4471,4471,0.3,-1,64.3125,64.3125,0
1786440974438,3000,Minimum,4471,4471,0.3,-1,64.3125,64.3125,0
1786440974538,3000,Minimum,4471,4471,0.3,-1,64.3125,64.3125,0
1786440974638,3000,Minimum,4471,4471,0.3,-1,64.3125,64.3125,0
1786440974738,3000,Minimum,4471,4471,0.3,-1,64.3125,64.3125,0
1786440974838,3000,Minimum,4471,4471,0.3,-1,64.3125,64.3125,0
1786440974938,3000,Minimum,4471,4471,0.3,-1,64.3125,64.3125,0
1786440975038,3000,Minimum,4471,4471,0.3,-1,64.3125,64.3125,0
1786440975138,3000,Minimum,4471,4471,0.3,-1,64.375,64.375,0
1786440975238,3000,Minimum,4471,4471,0.3,-1,64.375,64.375,0
1786440975338,3000,Minimum,4471,4471,0.3,-1,64.375,64.375,0
1786440975438,3000,Minimum,4471,4471,0.3,-1,64.375,64.375,0
1786440975538,3000,Minimum,4471,4471,0.3,-1,64.375,64.375,0
1786440975638,3000,Minimum,4471,4471,0.3,-1,64.375,64.375,0
1786440975738,3000,Minimum,4471,4471,0.3,-1,64.375,64.375,0
1786440975838,3000,Minimum,4471,4471,0.3,-1,64.375,64.375,0
1786440975938,3000,Minimum,4471,4471,0.3,-1,64.375,64.375,0
1786440976038,3000,Minimum,4471,4471,0.3,-1,64.375,64.375,0
1786440976138,3000,Minimum,4471,4471,0.3,-1,64.3125,64.3125,0
1786440976238,3000,Minimum,4471,4471,0.3,-1,64.3125,64.3125,0
1786440976338,3000,Minimum,4471,4471,0.3,-1,64.3125,64.3125,0
1786440976438,3000,Minimum,4471,4471,0.3,-1,64.3125,64.3125,0
1786440976538,3000,Minimum,4471,4471,0.3,-1,64.3125,64.3125,0
1786440976638,3000,Minimum,4471,4471,0.3,-1,64.3125,64.3125,0
1786440976741,3000,Minimum,4471,4471,0.3,-1,64.3125,64.3125,0
1786440976838,3000,Minimum,4471,4471,0.3,-1,64.3125,64.3125,0
1786440976938,3000,Minimum,4471,4471,0.3,-1,64.3125,64.3125,0
1786440977038,3000,Minimum,4471,4471,0.3,-1,64.3125,64.3125,0
1786440977138,3000,Minimum,4471,4471,0.3,-1,64.4375,64.4375,0
1786440977242,3000,Minimum,4471,4471,0.3,-1,64.4375,64.4375,0
1786440977338,3000,Minimum,4471,4471,0.3,-1,64.4375,64.4375,0
1786440977438,3000,Minimum,4471,4471,0.3,-1,64.4375,64.4375,0
1786440977538,3000,Minimum,4471,4471,0.3,-1,64.4375,64.4375,0
1786440977639,3000,Minimum,4471,4471,0.3,-1,64.4375,64.4375,0
1786440977738,3000,Minimum,4471,4471,0.3,-1,64.4375,64.4375,0
1786440977838,3000,Minimum,4471,4471,0.3,-1,64.4375,64.4375,0
1786440977938,3000,Minimum,4471,4471,0.3,-1,64.4375,64.4375,0
1786440978038,3000,Minimum,4471,4471,0.3,-1,64.4375,64.4375,0
1786440978139,3000,Minimum,4471,4471,0.3,-1,64.25,64.25,0
1786440978241,3000,Minimum,4471,4471,0.3,-1,64.25,64.25,0
1786440978338,3000,Minimum,4471,4471,0.3,-1,64.25,64.25,0
1786440978438,3000,Minimum,4471,4471,0.3,-1,64.25,64.25,0
1786440978538,3000,Minimum,4471,4471,0.3,-1,64.25,64.25,0
1786440978638,3000,Minimum,4471,4471,0.3,-1,64.25,64.25,0
1786440978738,3000,Minimum,4471,4471,0.3,-1,64.25,64.25,0
1786440978838,3000,Minimum,4471,4471,0.3,-1,64.25,64.25,0
1786440978938,3000,Minimum,4471,4471,0.3,-1,64.25,64.25,0
1786440979038,3000,Minimum,4471,4471,0.3,-1,64.25,64.25,0
1786440979138,3000,Minimum,4471,4471,0.3,-1,64.3125,64.3125,0
1786440979240,3000,Minimum,4471,4471,0.3,-1,64.3125,64.3125,0
1786440979338,3000,Minimum,4471,4471,0.3,-1,64.3125,64.3125,0
1786440979438,3000,Minimum,4471,4471,0.3,-1,64.3125,64.3125,0
1786440979538,3000,Minimum,4471,4471,0.3,-1,64.3125,64.3125,0
1786440979639,3000,Minimum,4471,4471,0.3,-1,64.3125,64.3125,0
1786440979740,3000,Minimum,4471,4471,0.3,-1,64.3125,64.3125,0
1786440979838,3000,Minimum,4471,4471,0.3,-1,64.3125,64.3125,0
1786440979939,3000,Minimum,4471,4471,0.3,-1,64.3125,64.3125,0
1786440980039,3000,Minimum,4471,4471,0.3,-1,64.3125,64.3125,0
1786440980141,3000,Minimum,4471,4471,0.3,-1,64.3125,64.3125,0
1786440980238,3000,Minimum,4471,4471,0.3,-1,64.3125,64.3125,0
1786440980338,3000,Minimum,4471,4471,0.3,-1,64.3125,64.3125,0
1786440980438,3000,Minimum,4471,4471,0.3,-1,64.3125,64.3125,0
1786440980545,3000,Minimum,4471,4471,0.3,-1,64.3125,64.3125,0
1786440980638,3000,Minimum,4471,4471,0.3,-1,64.3125,64.3125,0
1786440980739,3000,Minimum,4471,4471,0.3,-1,64.3125,64.3125,0
1786440980845,3000,Minimum,4471,4471,0.3,-1,64.3125,64.3125,0
1786440980939,3000,Minimum,4471,4471,0.3,-1,64.3125,64.3125,0
1786440981043,3000,Minimum,4471,4471,0.3,-1,64.3125,64.3125,0
1786440981142,3000,Minimum,4471,4471,0.3,-1,64.3125,64.3125,0
1786440981238,3000,Minimum,4471,4471,0.3,-1,64.3125,64.3125,0
1786440981338,3000,Minimum,4471,4471,0.3,-1,64.3125,64.3125,0
1786440981438,3000,Minimum,4471,4471,0.3,-1,64.3125,64.3125,0
1786440981538,3000,Minimum,4471,4471,0.3,-1,64.3125,64.3125,0
1786440981640,3000,Minimum,4471,4471,0.3,-1,64.3125,64.3125,0
1786440981738,3000,Minimum,4471,4471,0.3,-1,64.3125,64.3125,0
1786440981838,3000,Minimum,4471,4471,0.3,-1,64.3125,64.3125,0
1786440981938,3000,Minimum,4471,4471,0.3,-1,64.3125,64.3125,0
1786440982038,3000,Minimum,4471,4471,0.3,-1,64.3125,64.3125,0
1786440982138,3000,Minimum,4471,4471,0.3,-1,64.3125,64.3125,0
1786440982238,3000,Minimum,4471,4471,0.3,-1,64.3125,64.3125,0
1786440982338,3000,Minimum,4471,4471,0.3,-1,64.3125,64.3125,0
1786440982438,3000,Minimum,4471,4471,0.3,-1,64.3125,64.3125,0
1786440982539,3000,Minimum,4471,4471,0.3,-1,64.3125,64.3125,0
1786440982638,3000,Minimum,4471,4471,0.3,-1,64.3125,64.3125,0
1786440982738,3000,Minimum,4471,4471,0.3,-1,64.3125,64.3125,0
1786440982838,3000,Minimum,4471,4471,0.3,-1,64.3125,64.3125,0
1786440982938,3000,Minimum,4471,4471,0.3,-1,64.3125,64.3125,0
1786440983040,3000,Minimum,4471,4471,0.3,-1,64.3125,64.3125,0
1786440983140,3000,Minimum,4471,4471,0.3,-1,64.3125,64.3125,0
1786440983238,3000,Minimum,4471,4471,0.3,-1,64.3125,64.3125,0
1786440983339,3000,Minimum,4471,4471,0.3,-1,64.3125,64.3125,0
1786440983441,3000,Minimum,4471,4471,0.3,-1,64.3125,64.3125,0
1786440983539,3000,Minimum,4471,4471,0.3,-1,64.3125,64.3125,0
1786440983638,3000,Minimum,4471,4471,0.3,-1,64.3125,64.3125,0
1786440983741,3000,Minimum,4471,4471,0.3,-1,64.3125,64.3125,0
1786440983839,3000,Minimum,4471,4471,0.3,-1,64.3125,64.3125,0
1786440983938,3000,Minimum,4471,4471,0.3,-1,64.3125,64.3125,0
1786440984038,3000,Minimum,4471,4471,0.3,-1,64.3125,64.3125,1
1786440984138,3000,Minimum,5173,5173,1,-1,64.3125,64.3125,1
1786440984238,3000,Minimum,5828,5828,1,-1,64.3125,64.3125,1
1786440984338,3000,Minimum,6439,6439,1,-1,64.3125,64.3125,1
1786440984438,3000,Minimum,7010,7010,1,-1,64.3125,64.3125,1
1786440984538,3000,Minimum,7543,7543,1,-1,64.3125,64.3125,1
1786440984638,3000,Minimum,8040,8040,1,-1,64.3125,64.3125,1
1786440984739,3000,Minimum,8504,8504,1,-1,64.3125,64.3125,1
1786440984838,3000,Minimum,8937,8937,1,-1,64.3125,64.3125,1
1786440984938,3000,Minimum,9341,9341,1,-1,64.3125,64.3125,1
1786440985038,3000,Minimum,9718,9718,1,-1,64.3125,64.3125,1
1786440985138,3000,Minimum,10070,10070,1,-1,64.3125,64.3125,1
1786440985239,3000,Minimum,10399,10399,1,-1,64.3125,64.3125,1
1786440985338,3000,Minimum,10706,10706,1,-1,64.3125,64.3125,1
1786440985438,3000,Minimum,10992,10992,1,-1,64.3125,64.3125,1
1786440985538,3000,Minimum,11259,11259,1,-1,64.3125,64.3125,1
1786440985639,3000,Minimum,11509,11509,1,-1,64.3125,64.3125,1
1786440985738,3000,Minimum,11741,11741,1,-1,64.3125,64.3125,1
1786440985838,3000,Minimum,11959,11959,1,-1,64.3125,64.3125,1
1786440985938,3000,Minimum,12161,12161,1,-1,64.3125,64.3125,1
1786440986038,3000,Minimum,12351,12351,1,-1,64.3125,64.3125,1
1786440986138,3000,Minimum,12527,12527,1,-1,64.3125,64.3125,1
1786440986238,3000,Minimum,12692,12692,1,-1,64.3125,64.3125,1
1786440986338,3000,Minimum,12846,12846,1,-1,64.3125,64.3125,1
1786440986439,3000,Minimum,12990,12990,1,-1,64.3125,64.3125,1
1786440986538,3000,Minimum,13124,13124,1,-1,64.3125,64.3125,1
1786440986638,3000,Minimum,13249,13249,1,-1,64.3125,64.3125,1
1786440986740,3000,Minimum,13365,13365,1,-1,64.3125,64.3125,1
1786440986838,3000,Minimum,13474,13474,1,-1,64.3125,64.3125,1
1786440986938,3000,Minimum,13576,13576,1,-1,64.3125,64.3125,1
1786440987038,3000,Minimum,13671,13671,1,-1,64.3125,64.3125,1
1786440987139,3000,Minimum,13760,13760,1,-1,64.3125,64.3125,1
1786440987238,3000,Minimum,13842,13842,1,-1,64.3125,64.3125,1
1786440987338,3000,Minimum,13920,13920,1,-1,64.3125,64.3125,1
1786440987438,3000,Minimum,13992,13992,1,-1,64.3125,64.3125,1
1786440987538,3000,Minimum,14059,14059,1,-1,64.3125,64.3125,1
1786440987641,3000,Minimum,14122,14122,1,-1,64.3125,64.3125,1
1786440987738,3000,Minimum,14180,14180,1,-1,64.3125,64.3125,1
1786440987838,3000,Minimum,14235,14235,1,-1,64.3125,64.3125,1
1786440987938,3000,Minimum,14286,14286,1,-1,64.3125,64.3125,1
1786440988038,3000,Minimum,14333,14333,1,-1,64.3125,64.3125,1
1786440988138,3000,Minimum,14378,14378,1,-1,64.3125,64.3125,1
1786440988238,3000,Minimum,14419,14419,1,-1,64.3125,64.3125,1
1786440988338,3000,Minimum,14458,14458,1,-1,64.3125,64.3125,1
1786440988438,3000,Minimum,14494,14494,1,-1,64.3125,64.3125,1
1786440988538,3000,Minimum,14528,14528,1,-1,64.3125,64.3125,1
1786440988639,3000,Minimum,14559,14559,1,-1,64.3125,64.3125,1
1786440988738,3000,Minimum,14589,14589,1,-1,64.3125,64.3125,1
1786440988838,3000,Minimum,14616,14616,1,-1,64.3125,64.3125,1
1786440988938,3000,Minimum,14642,14642,1,-1,64.3125,64.3125,1
1786440989038,3000,Minimum,14666,14666,1,-1,64.3125,64.3125,1
1786440989138,3000,Minimum,14688,14688,1,-1,64.3125,64.3125,1
1786440989238,3000,Minimum,14709,14709,1,-1,64.3125,64.3125,1
1786440989338,3000,Minimum,14728,14728,1,-1,64.3125,64.3125,1
1786440989438,3000,Minimum,14746,14746,1,-1,64.3125,64.3125,1
1786440989538,3000,Minimum,14763,14763,1,-1,64.3125,64.3125,1
1786440989639,3000,Minimum,14779,14779,1,-1,64.3125,64.3125,1
1786440989738,3000,Minimum,14794,14794,1,-1,64.3125,64.3125,1
1786440989838,3000,Minimum,14807,14807,1,-1,64.3125,64.3125,1
1786440989938,3000,Minimum,14820,14820,1,-1,64.3125,64.3125,1
1786440990045,3000,Minimum,14832,14832,1,-1,64.3125,64.3125,1
1786440990149,3000,Minimum,14843,14843,1,-1,64.3125,64.3125,1
1786440990238,3000,Minimum,14854,14854,1,-1,64.3125,64.3125,1
1786440990338,3000,Minimum,14864,14864,1,-1,64.3125,64.3125,1
1786440990438,3000,Minimum,14873,14873,1,-1,64.3125,64.3125,1
1786440990538,3000,Minimum,14881,14881,1,-1,64.3125,64.3125,1
1786440990638,3000,Minimum,14889,14889,1,-1,64.3125,64.3125,1
1786440990738,3000,Minimum,14897,14897,1,-1,64.3125,64.3125,1
1786440990838,3000,Minimum,14903,14903,1,-1,64.3125,64.3125,1
1786440990938,3000,Minimum,14910,14910,1,-1,64.3125,64.3125,1
1786440991042,3000,Minimum,14916,14916,1,-1,64.3125,64.3125,1
1786440991138,3000,Minimum,14921,14921,1,-1,64.3125,64.3125,1
1786440991239,3000,Minimum,14927,14927,1,-1,64.3125,64.3125,1
1786440991338,3000,Minimum,14932,14932,1,-1,64.3125,64.3125,1
1786440991438,3000,Minimum,14936,14936,1,-1,64.3125,64.3125,1
1786440991538,3000,Minimum,14940,14940,1,-1,64.3125,64.3125,1
1786440991640,3000,Minimum,14944,14944,1,-1,64.3125,64.3125,1
1786440991738,3000,Minimum,14948,14948,1,-1,64.3125,64.3125,1
1786440991838,3000,Minimum,14952,14952,1,-1,64.3125,64.3125,1
1786440991938,3000,Minimum,14955,14955,1,-1,64.3125,64.3125,1
1786440992038,3000,Minimum,14958,14958,1,-1,64.3125,64.3125,1
1786440992138,3000,Minimum,14961,14961,1,-1,64.3125,64.3125,1
1786440992238,3000,Minimum,14963,14963,1,-1,64.3125,64.3125,1
1786440992338,3000,Minimum,14966,14966,1,-1,64.3125,64.3125,1
1786440992438,3000,Minimum,14968,14968,1,-1,64.3125,64.3125,1
1786440992538,3000,Minimum,14970,14970,1,-1,64.3125,64.3125,1
1786440992645,3000,Minimum,14972,14972,1,-1,64.3125,64.3125,1
1786440992738,3000,Minimum,14974,14974,1,-1,64.3125,64.3125,1
1786440992838,3000,Minimum,14976,14976,1,-1,64.3125,64.3125,1
1786440992938,3000,Minimum,14977,14977,1,-1,64.3125,64.3125,1
1786440993040,3000,Minimum,14979,14979,1,-1,64.3125,64.3125,1
1786440993138,3000,Minimum,14980,14980,1,-1,64.3125,64.3125,1
1786440993239,3000,Minimum,14982,14982,1,-1,64.3125,64.3125,1
1786440993338,3000,Minimum,14983,14983,1,-1,64.3125,64.3125,1
1786440993438,3000,Minimum,14984,14984,1,-1,64.3125,64.3125,1
1786440993538,3000,Minimum,14985,14985,1,-1,64.3125,64.3125,1
1786440993638,3000,Minimum,14986,14986,1,-1,64.3125,64.3125,1
1786440993739,3000,Minimum,14987,14987,1,-1,64.3125,64.3125,1
1786440993841,3000,Minimum,14988,14988,1,-1,64.3125,64.3125,1
1786440993938,3000,Minimum,14989,14989,1,-1,64.3125,64.3125,1
1786440994042,3000,Minimum,14989,14989,1,-1,64.3125,64.3125,1
1786440994138,3000,Minimum,14990,14990,1,-1,64.3125,64.3125,1
1786440994238,3000,Minimum,14991,14991,1,-1,64.3125,64.3125,1
1786440994338,3000,Minimum,14991,14991,1,-1,64.3125,64.3125,1
1786440994443,3000,Minimum,14992,14992,1,-1,64.3125,64.3125,1
1786440994538,3000,Minimum,14992,14992,1,-1,64.3125,64.3125,1
1786440994638,3000,Minimum,14993,14993,1,-1,64.3125,64.3125,1
1786440994738,3000,Minimum,14993,14993,1,-1,64.3125,64.3125,1
1786440994838,3000,Minimum,14994,14994,1,-1,64.3125,64.3125,1
1786440994938,3000,Minimum,14994,14994,1,-1,64.3125,64.3125,1
1786440995046,3000,Minimum,14995,14995,1,-1,64.3125,64.3125,1
1786440995140,3000,Minimum,14995,14995,1,-1,64.3125,64.3125,1
1786440995238,3000,Minimum,14995,14995,1,-1,64.3125,64.3125,1
1786440995342,3000,Minimum,14996,14996,1,-1,64.3125,64.3125,1
1786440995438,3000,Minimum,14996,14996,1,-1,64.3125,64.3125,1
1786440995538,3000,Minimum,14996,14996,1,-1,64.3125,64.3125,1
1786440995638,3000,Minimum,14996,14996,1,-1,64.3125,64.3125,1
1786440995738,3000,Minimum,14997,14997,1,-1,64.3125,64.3125,1
1786440995838,3000,Minimum,14997,14997,1,-1,64.3125,64.3125,1
1786440995938,3000,Minimum,14997,14997,1,-1,64.3125,64.3125,1
1786440996038,3000,Minimum,14997,14997,1,-1,64.3125,64.3125,1
1786440996138,3000,Minimum,14998,14998,1,-1,64.3125,64.3125,1
1786440996238,3000,Minimum,14998,14998,1,-1,64.3125,64.3125,1
1786440996338,3000,Minimum,14998,14998,1,-1,64.3125,64.3125,1
1786440996438,3000,Minimum,14998,14998,1,-1,64.3125,64.3125,1
1786440996539,3000,Minimum,14998,14998,1,-1,64.3125,64.3125,1
1786440996638,3000,Minimum,14998,14998,1,-1,64.3125,64.3125,1
1786440996738,3000,Minimum,14998,14998,1,-1,64.3125,64.3125,1
1786440996841,3000,Minimum,14998,14998,1,-1,64.3125,64.3125,1
1786440996939,3000,Minimum,14999,14999,1,-1,64.3125,64.3125,1
1786440997038,3000,Minimum,14999,14999,1,-1,64.3125,64.3125,1
1786440997138,3000,Minimum,14999,14999,1,-1,64.3125,64.3125,1
1786440997242,3000,Minimum,14999,14999,1,-1,64.3125,64.3125,1
1786440997338,3000,Minimum,14999,14999,1,-1,64.3125,64.3125,1
1786440997438,3000,Minimum,14999,14999,1,-1,64.3125,64.3125,1
1786440997538,3000,Minimum,14999,14999,1,-1,64.3125,64.3125,1
1786440997638,3000,Minimum,14999,14999,1,-1,64.3125,64.3125,1
1786440997738,3000,Minimum,14999,14999,1,-1,64.3125,64.3125,1
1786440997840,3000,Minimum,14999,14999,1,-1,64.3125,64.3125,1
1786440997938,3000,Minimum,14999,14999,1,-1,64.3125,64.3125,1
1786440998038,3000,Minimum,14999,14999,1,-1,64.3125,64.3125,1
1786440998138,3000,Minimum,14999,14999,1,-1,64.3125,64.3125,1
1786440998248,3000,Minimum,14999,14999,1,-1,64.3125,64.3125,1
1786440998342,3000,Minimum,14999,14999,1,-1,64.3125,64.3125,1
1786440998438,3000,Minimum,14999,14999,1,-1,64.3125,64.3125,1
1786440998538,3000,Minimum,15000,15000,1,-1,64.3125,64.3125,1
1786440998641,3000,Minimum,15000,15000,1,-1,64.3125,64.3125,1
1786440998738,3000,Minimum,15000,15000,1,-1,64.3125,64.3125,1
1786440998838,3000,Minimum,15000,15000,1,-1,64.3125,64.3125,1
1786440998938,3000,Minimum,15000,15000,1,-1,64.3125,64.3125,1
1786440999038,3000,Minimum,15000,15000,1,-1,64.3125,64.3125,1
1786440999138,3000,Minimum,15000,15000,1,-1,64.3125,64.3125,1
1786440999238,3000,Minimum,15000,15000,1,-1,64.3125,64.3125,1
1786440999338,3000,Minimum,15000,15000,1,-1,64.3125,64.3125,1
1786440999438,3000,Minimum,15000,15000,1,-1,64.3125,64.3125,1
1786440999538,3000,Minimum,15000,15000,1,-1,64.3125,64.3125,1
1786440999638,3000,Minimum,15000,15000,1,-1,64.3125,64.3125,1
1786440999738,3000,Minimum,15000,15000,1,-1,64.3125,64.3125,1
1786440999838,3000,Minimum,15000,15000,1,-1,64.3125,64.3125,1
1786440999938,3000,Minimum,15000,15000,1,-1,64.3125,64.3125,1
1786441000038,3000,Minimum,15000,15000,1,-1,64.3125,64.3125,1
1786441000138,3000,Minimum,15000,15000,1,-1,64.3125,64.3125,1
1786441000238,3000,Minimum,15000,15000,1,-1,64.3125,64.3125,1
1786441000338,3000,Minimum,15000,15000,1,-1,64.3125,64.3125,1
1786441000438,3000,Minimum,15000,15000,1,-1,64.3125,64.3125,1
1786441000539,3000,Minimum,15000,15000,1,-1,64.3125,64.3125,1
1786441000638,3000,Minimum,15000,15000,1,-1,64.3125,64.3125,1
1786441000738,3000,Minimum,15000,15000,1,-1,64.3125,64.3125,1
1786441000838,3000,Minimum,15000,15000,1,-1,64.3125,64.3125,1
1786441000938,3000,Minimum,15000,15000,1,-1,64.3125,64.3125,1
1786441001038,3000,Minimum,15000,15000,1,-1,64.3125,64.3125,1
1786441001139,3000,Minimum,15000,15000,1,-1,64.3125,64.3125,1
1786441001241,3000,Minimum,15000,15000,1,-1,64.3125,64.3125,1
1786441001338,3000,Minimum,15000,15000,1,-1,64.3125,64.3125,1
1786441001438,3000,Minimum,15000,15000,1,-1,64.3125,64.3125,1
1786441001538,3000,Minimum,15000,15000,1,-1,64.3125,64.3125,1
1786441001642,3000,Minimum,15000,15000,1,-1,64.3125,64.3125,1
1786441001738,3000,Minimum,15000,15000,1,-1,64.3125,64.3125,1
1786441001838,3000,Minimum,15000,15000,1,-1,64.3125,64.3125,1
1786441001938,3000,Minimum,15000,15000,1,-1,64.3125,64.3125,1
1786441002041,3000,Minimum,15000,15000,1,-1,64.3125,64.3125,1
1786441002138,3000,Minimum,15000,15000,1,-1,64.3125,64.3125,1
1786441002238,3000,Minimum,15000,15000,1,-1,64.3125,64.3125,1
1786441002338,3000,Minimum,15000,15000,1,-1,64.3125,64.3125,1
1786441002438,3000,Minimum,15000,15000,1,-1,64.3125,64.3125,1
1786441002538,3000,Minimum,15000,15000,1,-1,64.3125,64.3125,1
1786441002640,3000,Minimum,15000,15000,1,-1,64.3125,64.3125,1
1786441002739,3000,Minimum,15000,15000,1,-1,64.3125,64.3125,1
1786441002838,3000,Minimum,15000,15000,1,-1,64.3125,64.3125,1
1786441002945,3000,Minimum,15000,15000,1,-1,64.3125,64.3125,1
1786441003045,3000,Minimum,15000,15000,1,-1,64.3125,64.3125,1
1786441003139,3000,Minimum,15000,15000,1,-1,64.3125,64.3125,1
1786441003238,3000,Minimum,15000,15000,1,-1,64.3125,64.3125,1
1786441003338,3000,Minimum,15000,15000,1,-1,64.3125,64.3125,1
1786441003438,3000,Minimum,15000,15000,1,-1,64.3125,64.3125,1
1786441003538,3000,Minimum,15000,15000,1,-1,64.3125,64.3125,1
1786441003638,3000,Minimum,15000,15000,1,-1,64.3125,64.3125,1
1786441003738,3000,Minimum,15000,15000,1,-1,64.3125,64.3125,1
1786441003840,3000,Minimum,15000,15000,1,-1,64.3125,64.3125,1
1786441003938,3000,Minimum,15000,15000,1,-1,64.3125,64.3125,1
1786441004038,3000,Minimum,15000,15000,1,-1,64.3125,64.3125,1
1786441004139,3000,Minimum,15000,15000,1,-1,64.3125,64.3125,1
1786441004238,3000,Minimum,15000,15000,1,-1,64.3125,64.3125,1
1786441004338,3000,Minimum,15000,15000,1,-1,64.3125,64.3125,1
1786441004442,3000,Minimum,15000,15000,1,-1,64.3125,64.3125,1
1786441004538,3000,Minimum,15000,15000,1,-1,64.3125,64.3125,1
1786441004641,3000,Minimum,15000,15000,1,-1,64.3125,64.3125,1
1786441004738,3000,Minimum,15000,15000,1,-1,64.3125,64.3125,1
1786441004838,3000,Minimum,15000,15000,1,-1,64.3125,64.3125,1
1786441004938,3000,Minimum,15000,15000,1,-1,64.3125,64.3125,1
1786441005038,3000,Minimum,15000,15000,1,-1,64.3125,64.3125,1
1786441005138,3000,Minimum,15000,15000,1,-1,64.3125,64.3125,1
1786441005238,3000,Minimum,15000,15000,1,-1,64.3125,64.3125,1
1786441005338,3000,Minimum,15000,15000,1,-1,64.3125,64.3125,1
1786441005438,3000,Minimum,15000,15000,1,-1,64.3125,64.3125,1
1786441005538,3000,Minimum,15000,15000,1,-1,64.3125,64.3125,1
1786441005638,3000,Minimum,15000,15000,1,-1,64.3125,64.3125,1
1786441005738,3000,Minimum,15000,15000,1,-1,64.3125,64.3125,1
1786441005838,3000,Minimum,15000,15000,1,-1,64.3125,64.3125,1
1786441005942,3000,Minimum,15000,15000,1,-1,64.3125,64.3125,1
1786441006049,3000,Minimum,15000,15000,1,-1,64.3125,64.3125,1
1786441006146,3000,Minimum,15000,15000,1,-1,64.3125,64.3125,1
1786441006244,3000,Minimum,15000,15000,1,-1,64.3125,64.3125,1
1786441006338,3000,Minimum,15000,15000,1,-1,64.3125,64.3125,1
1786441006438,3000,Minimum,15000,15000,1,-1,64.3125,64.3125,1
1786441006538,3000,Minimum,15000,15000,1,-1,64.3125,64.3125,1
1786441006640,3000,Minimum,15000,15000,1,-1,64.3125,64.3125,1
1786441006738,3000,Minimum,15000,15000,1,-1,64.3125,64.3125,1
1786441006838,3000,Minimum,15000,15000,1,-1,64.3125,64.3125,1
1786441006938,3000,Minimum,15000,15000,1,-1,64.3125,64.3125,1
1786441007038,3000,Minimum,15000,15000,1,-1,64.3125,64.3125,1
1786441007138,3000,Minimum,15000,15000,1,-1,64.3125,64.3125,1
1786441007238,3000,Minimum,15000,15000,1,-1,64.3125,64.3125,1
1786441007338,3000,Minimum,15000,15000,1,-1,64.3125,64.3125,1
1786441007438,3000,Minimum,15000,15000,1,-1,64.3125,64.3125,1
1786441007538,3000,Minimum,15000,15000,1,-1,64.3125,64.3125,1
1786441007638,3000,Minimum,15000,15000,1,-1,64.3125,64.3125,1
1786441007738,3000,Minimum,15000,15000,1,-1,64.3125,64.3125,1
1786441007838,3000,Minimum,15000,15000,1,-1,64.3125,64.3125,1
1786441007938,3000,Minimum,15000,15000,1,-1,64.3125,64.3125,1
1786441008038,3000,Minimum,15000,15000,1,-1,64.3125,64.3125,1
1786441008138,3000,Minimum,15000,15000,1,-1,64.3125,64.3125,1
1786441008238,3000,Minimum,15000,15000,1,-1,64.3125,64.3125,1
1786441008338,3000,Minimum,15000,15000,1,-1,64.3125,64.3125,1
1786441008438,3000,Minimum,15000,15000,1,-1,64.3125,64.3125,1
1786441008539,3000,Minimum,15000,15000,1,-1,64.3125,64.3125,1
1786441008638,3000,Minimum,15000,15000,1,-1,64.3125,64.3125,1
1786441008738,3000,Minimum,15000,15000,1,-1,64.3125,64.3125,1
1786441008838,3000,Minimum,15000,15000,1,-1,64.3125,64.3125,1
1786441008939,3000,Minimum,15000,15000,1,-1,64.3125,64.3125,1
1786441009049,3000,Minimum,15000,15000,1,-1,64.3125,64.3125,1
1786441009138,3000,Minimum,15000,15000,1,-1,64.3125,64.3125,1
