epoch_ms,setpt,requester,fan0,fan0_raw,fan0_pwm,fan0_pwm_raw,die0,die0_raw,failsafe
1786441011434,3000,Minimum,3346,3346,nan,nan,25,25,0
1786441011534,3000,Minimum,3421,3421,0.3,-1,25,25,0
1786441011638,3000,Minimum,3491,3491,0.3,-1,25,25,0
1786441011735,3000,Minimum,3491,3491,0.3,-1,25,25,0
1786441011834,3000,Minimum,3617,3617,0.3,-1,25,25,0
1786441011935,3000,Minimum,3674,3674,0.3,-1,25,25,0
1786441012043,3000,Minimum,3727,3727,0.3,-1,25,25,0
1786441012144,3000,Minimum,3777,3777,0.3,-1,25,25,0
1786441012234,3000,Minimum,3823,3823,0.3,-1,25,25,0
1786441012334,3000,Minimum,3866,3866,0.3,-1,25,25,0
1786441012438,3000,Minimum,3906,3906,0.3,-1,25,25,0
1786441012539,3000,Minimum,3944,3944,0.3,-1,25,25,0
1786441012634,3000,Minimum,3979,3979,0.3,-1,25,25,0
1786441012734,3000,Minimum,4012,4012,0.3,-1,25,25,0
1786441012834,3000,Minimum,4042,4042,0.3,-1,25,25,0
1786441012934,3000,Minimum,4071,4071,0.3,-1,25,25,0
1786441013034,3000,Minimum,4098,4098,0.3,-1,25,25,0
1786441013135,3000,Minimum,4122,4122,0.3,-1,25,25,0
1786441013234,3000,Minimum,4146,4146,0.3,-1,25,25,0
1786441013334,3000,Minimum,4167,4167,0.3,-1,25,25,0
1786441013434,3000,Minimum,4188,4188,0.3,-1,25,25,0
1786441013534,3000,Minimum,4206,4206,0.3,-1,25.0625,25.0625,0
1786441013634,3000,Minimum,4224,4224,0.3,-1,25.0625,25.0625,0
1786441013737,3000,Minimum,4240,4240,0.3,-1,25.0625,25.0625,0
1786441013834,3000,Minimum,4256,4256,0.3,-1,25.0625,25.0625,0
1786441013941,3000,Minimum,4270,4270,0.3,-1,25.0625,25.0625,0
1786441014041,3000,Minimum,4283,4283,0.3,-1,25.0625,25.0625,0
1786441014134,3000,Minimum,4296,4296,0.3,-1,25.0625,25.0625,0
1786441014234,3000,Minimum,4308,4308,0.3,-1,25.0625,25.0625,0
1786441014334,3000,Minimum,4318,4318,0.3,-1,25.0625,25.0625,0
1786441014434,3000,Minimum,4329,4329,0.3,-1,25.0625,25.0625,0
1786441014534,3000,Minimum,4338,4338,0.3,-1,25.625,25.625,0
1786441014634,3000,Minimum,4347,4347,0.3,-1,25.625,25.625,0
1786441014738,3000,Minimum,4355,4355,0.3,-1,25.625,25.625,0
1786441014834,3000,Minimum,4363,4363,0.3,-1,25.625,25.625,0
1786441014938,3000,Minimum,4370,4370,0.3,-1,25.625,25.625,0
1786441015034,3000,Minimum,4377,4377,0.3,-1,25.625,25.625,0
1786441015134,3000,Minimum,4383,4383,0.3,-1,25.625,25.625,0
1786441015234,3000,Minimum,4389,4389,0.3,-1,25.625,25.625,0
1786441015334,3000,Minimum,4394,4394,0.3,-1,25.625,25.625,0
1786441015434,3000,Minimum,4399,4399,0.3,-1,25.625,25.625,0
1786441015535,3000,Minimum,4404,4404,0.3,-1,26.1875,26.1875,0
1786441015634,3000,Minimum,4409,4409,0.3,-1,26.1875,26.1875,0
1786441015734,3000,Minimum,4413,4413,0.3,-1,26.1875,26.1875,0
1786441015834,3000,Minimum,4417,4417,0.3,-1,26.1875,26.1875,0
1786441015934,3000,Minimum,4420,4420,0.3,-1,26.1875,26.1875,0
1786441016036,3000,Minimum,4424,4424,0.3,-1,26.1875,26.1875,0
1786441016135,3000,Minimum,4427,4427,0.3,-1,26.1875,26.1875,0
1786441016234,3000,Minimum,4430,4430,0.3,-1,26.1875,26.1875,0
1786441016334,3000,Minimum,4432,4432,0.3,-1,26.1875,26.1875,0
1786441016434,3000,Minimum,4435,4435,0.3,-1,26.1875,26.1875,0
1786441016534,3000,Minimum,4437,4437,0.3,-1,26.75,26.75,0
1786441016638,3000,Minimum,4439,4439,0.3,-1,26.75,26.75,0
1786441016734,3000,Minimum,4442,4442,0.3,-1,26.75,26.75,0
1786441016834,3000,Minimum,4443,4443,0.3,-1,26.75,26.75,0
1786441016934,3000,Minimum,4445,4445,0.3,-1,26.75,26.75,0
1786441017037,3000,Minimum,4447,4447,0.3,-1,26.75,26.75,0
1786441017137,3000,Minimum,4449,4449,0.3,-1,26.75,26.75,0
1786441017234,3000,Minimum,4450,4450,0.3,-1,26.75,26.75,0
1786441017334,3000,Minimum,4451,4451,0.3,-1,26.75,26.75,0
1786441017434,3000,Minimum,4453,4453,0.3,-1,26.75,26.75,0
1786441017534,3000,Minimum,4454,4454,0.3,-1,27.4375,27.4375,0
1786441017634,3000,Minimum,4455,4455,0.3,-1,27.4375,27.4375,0
1786441017743,3000,Minimum,4456,4456,0.3,-1,27.4375,27.4375,0
1786441017835,3000,Minimum,4457,4457,0.3,-1,27.4375,27.4375,0
1786441017934,3000,Minimum,4458,4458,0.3,-1,27.4375,27.4375,0
1786441018034,3000,Minimum,4459,4459,0.3,-1,27.4375,27.4375,0
1786441018135,3000,Minimum,4460,4460,0.3,-1,27.4375,27.4375,0
1786441018234,3000,Minimum,4460,4460,0.3,-1,27.4375,27.4375,0
1786441018335,3000,Minimum,4461,4461,0.3,-1,27.4375,27.4375,0
1786441018434,3000,Minimum,4462,4462,0.3,-1,27.4375,27.4375,0
1786441018534,3000,Minimum,4462,4462,0.3,-1,28.125,28.125,0
1786441018634,3000,Minimum,4463,4463,0.3,-1,28.125,28.125,0
1786441018736,3000,Minimum,4463,4463,0.3,-1,28.125,28.125,0
1786441018844,3000,Minimum,4464,4464,0.3,-1,28.125,28.125,0
1786441018934,3000,Minimum,4464,4464,0.3,-1,28.125,28.125,0
1786441019043,3000,Minimum,4465,4465,0.3,-1,28.125,28.125,0
1786441019141,3000,Minimum,4465,4465,0.3,-1,28.125,28.125,0
1786441019242,3000,Minimum,4465,4465,0.3,-1,28.125,28.125,0
1786441019344,3000,Minimum,4466,4466,0.3,-1,28.125,28.125,0
1786441019438,3000,Minimum,4466,4466,0.3,-1,28.125,28.125,0
1786441019534,3000,Minimum,4466,4466,0.3,-1,28.875,28.875,0
1786441019634,3000,Minimum,4467,4467,0.3,-1,28.875,28.875,0
1786441019743,3000,Minimum,4467,4467,0.3,-1,28.875,28.875,0
1786441019834,3000,Minimum,4467,4467,0.3,-1,28.875,28.875,0
1786441019934,3000,Minimum,4467,4467,0.3,-1,28.875,28.875,0
1786441020034,3000,Minimum,4468,4468,0.3,-1,28.875,28.875,0
1786441020134,3000,Minimum,4468,4468,0.3,-1,28.875,28.875,0
1786441020234,3000,Minimum,4468,4468,0.3,-1,28.875,28.875,0
1786441020334,3000,Minimum,4468,4468,0.3,-1,28.875,28.875,0
1786441020434,3000,Minimum,4468,4468,0.3,-1,28.875,28.875,0
1786441020534,3000,Minimum,4468,4468,0.3,-1,29.625,29.625,0
1786441020634,3000,Minimum,4469,4469,0.3,-1,29.625,29.625,0
1786441020734,3000,Minimum,4469,4469,0.3,-1,29.625,29.625,0
1786441020834,3000,Minimum,4469,4469,0.3,-1,29.625,29.625,0
1786441020934,3000,Minimum,4469,4469,0.3,-1,29.625,29.625,0
1786441021034,3000,Minimum,4469,4469,0.3,-1,29.625,29.625,0
1786441021134,3000,Minimum,4469,4469,0.3,-1,29.625,29.625,0
1786441021238,3000,Minimum,4469,4469,0.3,-1,29.625,29.625,0
1786441021334,3000,Minimum,4469,4469,0.3,-1,29.625,29.625,0
1786441021434,3000,Minimum,4469,4469,0.3,-1,29.625,29.625,0
1786441021535,3000,Minimum,4470,4470,0.3,-1,30.3125,30.3125,0
1786441021634,3000,Minimum,4470,4470,0.3,-1,30.3125,30.3125,0
1786441021734,3000,Minimum,4470,4470,0.3,-1,30.3125,30.3125,0
1786441021836,3000,Minimum,4470,4470,0.3,-1,30.3125,30.3125,0
1786441021934,3000,Minimum,4470,4470,0.3,-1,30.3125,30.3125,0
1786441022034,3000,Minimum,4470,4470,0.3,-1,30.3125,30.3125,0
1786441022134,3000,Minimum,4470,4470,0.3,-1,30.3125,30.3125,0
1786441022234,3000,Minimum,4470,4470,0.3,-1,30.3125,30.3125,0
1786441022334,3000,Minimum,4470,4470,0.3,-1,30.3125,30.3125,0
1786441022434,3000,Minimum,4470,4470,0.3,-1,30.3125,30.3125,0
1786441022534,3000,Minimum,4470,4470,0.3,-1,31.0625,31.0625,0
1786441022635,3000,Minimum,4470,4470,0.3,-1,31.0625,31.0625,0
1786441022735,3000,Minimum,4470,4470,0.3,-1,31.0625,31.0625,0
1786441022836,3000,Minimum,4470,4470,0.3,-1,31.0625,31.0625,0
1786441022934,3000,Minimum,4470,4470,0.3,-1,31.0625,31.0625,0
1786441023034,3000,Minimum,4470,4470,0.3,-1,31.0625,31.0625,0
1786441023139,3000,Minimum,4470,4470,0.3,-1,31.0625,31.0625,0
1786441023234,3000,Minimum,4470,4470,0.3,-1,31.0625,31.0625,0
1786441023334,3000,Minimum,4470,4470,0.3,-1,31.0625,31.0625,0
1786441023434,3000,Minimum,4470,4470,0.3,-1,31.0625,31.0625,0
1786441023534,3000,Minimum,4470,4470,0.3,-1,31.8125,31.8125,0
1786441023636,3000,Minimum,4470,4470,0.3,-1,31.8125,31.8125,0
1786441023734,3000,Minimum,4470,4470,0.3,-1,31.8125,31.8125,0
1786441023834,3000,Minimum,4470,4470,0.3,-1,31.8125,31.8125,0
1786441023934,3000,Minimum,4470,4470,0.3,-1,31.8125,31.8125,0
1786441024034,3000,Minimum,4470,4470,0.3,-1,31.8125,31.8125,0
1786441024135,3000,Minimum,4470,4470,0.3,-1,31.8125,31.8125,0
1786441024234,3000,Minimum,4470,4470,0.3,-1,31.8125,31.8125,0
1786441024334,3000,Minimum,4470,4470,0.3,-1,31.8125,31.8125,0
1786441024434,3000,Minimum,4470,4470,0.3,-1,31.8125,31.8125,0
1786441024534,3000,Minimum,4470,4470,0.3,-1,32.4375,32.4375,0
1786441024636,3000,Minimum,4470,4470,0.3,-1,32.4375,32.4375,0
1786441024734,3000,Minimum,4470,4470,0.3,-1,32.4375,32.4375,0
1786441024834,3000,Minimum,4470,4470,0.3,-1,32.4375,32.4375,0
1786441024934,3000,Minimum,4470,4470,0.3,-1,32.4375,32.4375,0
1786441025034,3000,Minimum,4470,4470,0.3,-1,32.4375,32.4375,0
1786441025135,3000,Minimum,4470,4470,0.3,-1,32.4375,32.4375,0
1786441025234,3000,Minimum,4471,4471,0.3,-1,32.4375,32.4375,0
1786441025334,3000,Minimum,4471,4471,0.3,-1,32.4375,32.4375,0
1786441025434,3000,Minimum,4471,4471,0.3,-1,32.4375,32.4375,0
1786441025534,3000,Minimum,4471,4471,0.3,-1,33.0625,33.0625,0
1786441025634,3000,Minimum,4471,4471,0.3,-1,33.0625,33.0625,0
1786441025734,3000,Minimum,4471,4471,0.3,-1,33.0625,33.0625,0
1786441025834,3000,Minimum,4471,4471,0.3,-1,33.0625,33.0625,0
1786441025934,3000,Minimum,4471,4471,0.3,-1,33.0625,33.0625,0
1786441026034,3000,Minimum,4471,4471,0.3,-1,33.0625,33.0625,0
1786441026134,3000,Minimum,4471,4471,0.3,-1,33.0625,33.0625,0
1786441026234,3000,Minimum,4471,4471,0.3,-1,33.0625,33.0625,0
1786441026334,3000,Minimum,4471,4471,0.3,-1,33.0625,33.0625,0
1786441026434,3000,Minimum,4471,4471,0.3,-1,33.0625,33.0625,0
1786441026534,3000,Minimum,4471,4471,0.3,-1,33.8125,33.8125,0
1786441026634,3000,Minimum,4471,4471,0.3,-1,33.8125,33.8125,0
1786441026741,3000,Minimum,4471,4471,0.3,-1,33.8125,33.8125,0
1786441026834,3000,Minimum,4471,4471,0.3,-1,33.8125,33.8125,0
1786441026934,3000,Minimum,4471,4471,0.3,-1,33.8125,33.8125,0
1786441027034,3000,Minimum,4471,4471,0.3,-1,33.8125,33.8125,0
1786441027134,3000,Minimum,4471,4471,0.3,-1,33.8125,33.8125,0
1786441027234,3000,Minimum,4471,4471,0.3,-1,33.8125,33.8125,0
1786441027334,3000,Minimum,4471,4471,0.3,-1,33.8125,33.8125,0
1786441027434,3000,Minimum,4471,4471,0.3,-1,33.8125,33.8125,0
1786441027534,3000,Minimum,4471,4471,0.3,-1,34.4375,34.4375,0
1786441027634,3000,Minimum,4471,4471,0.3,-1,34.4375,34.4375,0
1786441027734,3000,Minimum,4471,4471,0.3,-1,34.4375,34.4375,0
1786441027834,3000,Minimum,4471,4471,0.3,-1,34.4375,34.4375,0
1786441027936,3000,Minimum,4471,4471,0.3,-1,34.4375,34.4375,0
1786441028035,3000,Minimum,4471,4471,0.3,-1,34.4375,34.4375,0
1786441028134,3000,Minimum,4471,4471,0.3,-1,34.4375,34.4375,0
1786441028234,3000,Minimum,4471,4471,0.3,-1,34.4375,34.4375,0
1786441028334,3000,Minimum,4471,4471,0.3,-1,34.4375,34.4375,0
1786441028434,3000,Minimum,4471,4471,0.3,-1,34.4375,34.4375,0
1786441028534,3000,Minimum,4471,4471,0.3,-1,35.1875,35.1875,0
1786441028635,3000,Minimum,4471,4471,0.3,-1,35.1875,35.1875,0
1786441028734,3000,Minimum,4471,4471,0.3,-1,35.1875,35.1875,0
1786441028834,3000,Minimum,4471,4471,0.3,-1,35.1875,35.1875,0
1786441028936,3000,Minimum,4471,4471,0.3,-1,35.1875,35.1875,0
1786441029036,3000,Minimum,4471,4471,0.3,-1,35.1875,35.1875,0
1786441029134,3000,Minimum,4471,4471,0.3,-1,35.1875,35.1875,0
1786441029235,3000,Minimum,4471,4471,0.3,-1,35.1875,35.1875,0
1786441029336,3000,Minimum,4471,4471,0.3,-1,35.1875,35.1875,0
1786441029434,3000,Minimum,4471,4471,0.3,-1,35.1875,35.1875,0
1786441029534,3000,Minimum,4471,4471,0.3,-1,35.75,35.75,0
1786441029634,3000,Minimum,4471,4471,0.3,-1,35.75,35.75,0
1786441029736,3000,Minimum,4471,4471,0.3,-1,35.75,35.75,0
1786441029836,3000,Minimum,4471,4471,0.3,-1,35.75,35.75,0
1786441029934,3000,Minimum,4471,4471,0.3,-1,35.75,35.75,0
1786441030034,3000,Minimum,4471,4471,0.3,-1,35.75,35.75,0
1786441030134,3000,Minimum,4471,4471,0.3,-1,35.75,35.75,0
1786441030234,3000,Minimum,4471,4471,0.3,-1,35.75,35.75,0
1786441030334,3000,Minimum,4471,4471,0.3,-1,35.75,35.75,0
1786441030434,3000,Minimum,4471,4471,0.3,-1,35.75,35.75,0
1786441030535,3000,Minimum,4471,4471,0.3,-1,36.375,36.375,0
1786441030634,3000,Minimum,4471,4471,0.3,-1,36.375,36.375,0
1786441030735,3000,Minimum,4471,4471,0.3,-1,36.375,36.375,0
1786441030834,3000,Minimum,4471,4471,0.3,-1,36.375,36.375,0
1786441030934,3000,Minimum,4471,4471,0.3,-1,36.375,36.375,0
1786441031034,3000,Minimum,4471,4471,0.3,-1,36.375,36.375,0
1786441031136,3000,Minimum,4471,4471,0.3,-1,36.375,36.375,0
1786441031237,3000,Minimum,4471,4471,0.3,-1,36.375,36.375,0
1786441031340,3000,Minimum,4471,4471,0.3,-1,36.375,36.375,0
1786441031434,3000,Minimum,4471,4471,0.3,-1,36.375,36.375,0
1786441031534,3000,Minimum,4471,4471,0.3,-1,37.125,37.125,0
1786441031634,3000,Minimum,4471,4471,0.3,-1,37.125,37.125,0
1786441031734,3000,Minimum,4471,4471,0.3,-1,37.125,37.125,0
1786441031834,3000,Minimum,4471,4471,0.3,-1,37.125,37.125,0
1786441031935,3000,Minimum,4471,4471,0.3,-1,37.125,37.125,0
1786441032034,3000,Minimum,4471,4471,0.3,-1,37.125,37.125,0
1786441032134,3000,Minimum,4471,4471,0.3,-1,37.125,37.125,0
1786441032234,3000,Minimum,4471,4471,0.3,-1,37.125,37.125,0
1786441032334,3000,Minimum,4471,4471,0.3,-1,37.125,37.125,0
1786441032434,3000,Minimum,4471,4471,0.3,-1,37.125,37.125,0
1786441032534,3000,Minimum,4471,4471,0.3,-1,37.625,37.625,0
1786441032634,3000,Minimum,4471,4471,0.3,-1,37.625,37.625,0
1786441032734,3000,Minimum,4471,4471,0.3,-1,37.625,37.625,0
1786441032834,3000,Minimum,4471,4471,0.3,-1,37.625,37.625,0
1786441032934,3000,Minimum,4471,4471,0.3,-1,37.625,37.625,0
1786441033035,3000,Minimum,4471,4471,0.3,-1,37.625,37.625,0
1786441033134,3000,Minimum,4471,4471,0.3,-1,37.625,37.625,0
1786441033235,3000,Minimum,4471,4471,0.3,-1,37.625,37.625,0
1786441033334,3000,Minimum,4471,4471,0.3,-1,37.625,37.625,0
1786441033434,3000,Minimum,4471,4471,0.3,-1,37.625,37.625,0
1786441033534,3000,Minimum,4471,4471,0.3,-1,38.3125,38.3125,0
1786441033635,3000,Minimum,4471,4471,0.3,-1,38.3125,38.3125,0
1786441033735,3000,Minimum,4471,4471,0.3,-1,38.3125,38.3125,0
1786441033834,3000,Minimum,4471,4471,0.3,-1,38.3125,38.3125,0
1786441033934,3000,Minimum,4471,4471,0.3,-1,38.3125,38.3125,0
1786441034034,3000,Minimum,4471,4471,0.3,-1,38.3125,38.3125,0
1786441034134,3000,Minimum,4471,4471,0.3,-1,38.3125,38.3125,0
1786441034234,3000,Minimum,4471,4471,0.3,-1,38.3125,38.3125,0
1786441034342,3000,Minimum,4471,4471,0.3,-1,38.3125,38.3125,0
1786441034436,3000,Minimum,4471,4471,0.3,-1,38.3125,38.3125,0
1786441034534,3000,Minimum,4471,4471,0.3,-1,38.8125,38.8125,0
1786441034634,3000,Minimum,4471,4471,0.3,-1,38.8125,38.8125,0
1786441034734,3000,Minimum,4471,4471,0.3,-1,38.8125,38.8125,0
1786441034834,3000,Minimum,4471,4471,0.3,-1,38.8125,38.8125,0
1786441034934,3000,Minimum,4471,4471,0.3,-1,38.8125,38.8125,0
1786441035034,3000,Minimum,4471,4471,0.3,-1,38.8125,38.8125,0
1786441035135,3000,Minimum,4471,4471,0.3,-1,38.8125,38.8125,0
1786441035234,3000,Minimum,4471,4471,0.3,-1,38.8125,38.8125,0
1786441035334,3000,Minimum,4471,4471,0.3,-1,38.8125,38.8125,0
1786441035434,3000,Minimum,4471,4471,0.3,-1,38.8125,38.8125,0
1786441035534,3000,Minimum,4471,4471,0.3,-1,39.4375,39.4375,0
1786441035634,3000,Minimum,4471,4471,0.3,-1,39.4375,39.4375,0
1786441035734,3000,Minimum,4471,4471,0.3,-1,39.4375,39.4375,0
1786441035834,3000,Minimum,4471,4471,0.3,-1,39.4375,39.4375,0
1786441035934,3000,Minimum,4471,4471,0.3,-1,39.4375,39.4375,0
1786441036034,3000,Minimum,4471,4471,0.3,-1,39.4375,39.4375,0
1786441036134,3000,Minimum,4471,4471,0.3,-1,39.4375,39.4375,0
1786441036237,3000,Minimum,4471,4471,0.3,-1,39.4375,39.4375,0
1786441036334,3000,Minimum,4471,4471,0.3,-1,39.4375,39.4375,0
1786441036434,3000,Minimum,4471,4471,0.3,-1,39.4375,39.4375,0
1786441036534,3000,Minimum,4471,4471,0.3,-1,39.9375,39.9375,0
1786441036637,3000,Minimum,4471,4471,0.3,-1,39.9375,39.9375,0
1786441036735,3000,Minimum,4471,4471,0.3,-1,39.9375,39.9375,0
1786441036834,3000,Minimum,4471,4471,0.3,-1,39.9375,39.9375,0
1786441036935,3000,Minimum,4471,4471,0.3,-1,39.9375,39.9375,0
1786441037040,3000,Minimum,4471,4471,0.3,-1,39.9375,39.9375,0
1786441037134,3000,Minimum,4471,4471,0.3,-1,39.9375,39.9375,0
1786441037234,3000,Minimum,4471,4471,0.3,-1,39.9375,39.9375,0
1786441037334,3000,Minimum,4471,4471,0.3,-1,39.9375,39.9375,0
1786441037434,3000,Minimum,4471,4471,0.3,-1,39.9375,39.9375,0
1786441037534,3000,Minimum,4471,4471,0.3,-1,40.4375,40.4375,0
1786441037634,3000,Minimum,4471,4471,0.3,-1,40.4375,40.4375,0
1786441037735,3000,Minimum,4471,4471,0.3,-1,40.4375,40.4375,0
1786441037834,3000,Minimum,4471,4471,0.3,-1,40.4375,40.4375,0
1786441037934,3000,Minimum,4471,4471,0.3,-1,40.4375,40.4375,0
1786441038034,3000,Minimum,4471,4471,0.3,-1,40.4375,40.4375,0
1786441038134,3000,Minimum,4471,4471,0.3,-1,40.4375,40.4375,0
1786441038234,3000,Minimum,4471,4471,0.3,-1,40.4375,40.4375,0
1786441038334,3000,Minimum,4471,4471,0.3,-1,40.4375,40.4375,0
1786441038434,3000,Minimum,4471,4471,0.3,-1,40.4375,40.4375,0
1786441038534,3000,Minimum,4471,4471,0.3,-1,41,41,0
1786441038634,3000,Minimum,4471,4471,0.3,-1,41,41,0
1786441038735,3000,Minimum,4471,4471,0.3,-1,41,41,0
1786441038834,3000,Minimum,4471,4471,0.3,-1,41,41,0
1786441038934,3000,Minimum,4471,4471,0.3,-1,41,41,0
1786441039035,3000,Minimum,4471,4471,0.3,-1,41,41,0
1786441039135,3000,Minimum,4471,4471,0.3,-1,41,41,0
1786441039235,3000,Minimum,4471,4471,0.3,-1,41,41,0
1786441039334,3000,Minimum,4471,4471,0.3,-1,41,41,0
1786441039434,3000,Minimum,4471,4471,0.3,-1,41,41,0
1786441039534,3000,Minimum,4471,4471,0.3,-1,41.5,41.5,0
1786441039636,3000,Minimum,4471,4471,0.3,-1,41.5,41.5,0
1786441039735,3000,Minimum,4471,4471,0.3,-1,41.5,41.5,0
1786441039834,3000,Minimum,4471,4471,0.3,-1,41.5,41.5,0
1786441039934,3000,Minimum,4471,4471,0.3,-1,41.5,41.5,0
1786441040046,3000,Minimum,4471,4471,0.3,-1,41.5,41.5,0
1786441040134,3000,Minimum,4471,4471,0.3,-1,41.5,41.5,0
1786441040235,3000,Minimum,4471,4471,0.3,-1,41.5,41.5,0
1786441040335,3000,Minimum,4471,4471,0.3,-1,41.5,41.5,0
1786441040434,3000,Minimum,4471,4471,0.3,-1,41.5,41.5,0
1786441040534,3000,Minimum,4471,4471,0.3,-1,42,42,0
1786441040634,3000,Minimum,4471,4471,0.3,-1,42,42,0
1786441040734,3000,Minimum,4471,4471,0.3,-1,42,42,0
1786441040834,3000,Minimum,4471,4471,0.3,-1,42,42,0
1786441040934,3000,Minimum,4471,4471,0.3,-1,42,42,0
1786441041034,3000,Minimum,4471,4471,0.3,-1,42,42,0
1786441041136,3000,Minimum,4471,4471,0.3,-1,42,42,0
1786441041234,3000,Minimum,4471,4471,0.3,-1,42,42,0
1786441041334,3000,Minimum,4471,4471,0.3,-1,42,42,0
1786441041434,3000,Minimum,4471,4471,0.3,-1,42,42,0
1786441041534,3000,Minimum,4471,4471,0.3,-1,42.5,42.5,0
1786441041634,3000,Minimum,4471,4471,0.3,-1,42.5,42.5,0
1786441041734,3000,Minimum,4471,4471,0.3,-1,42.5,42.5,0
1786441041834,3000,Minimum,4471,4471,0.3,-1,42.5,42.5,0
1786441041934,3000,Minimum,4471,4471,0.3,-1,42.5,42.5,0
1786441042034,3000,Minimum,4471,4471,0.3,-1,42.5,42.5,0
1786441042136,3000,Minimum,4471,4471,0.3,-1,42.5,42.5,0
1786441042234,3000,Minimum,4471,4471,0.3,-1,42.5,42.5,0
1786441042336,3000,Minimum,4471,4471,0.3,-1,42.5,42.5,0
1786441042434,3000,Minimum,4471,4471,0.3,-1,42.5,42.5,0
1786441042534,3000,Minimum,4471,4471,0.3,-1,43,43,0
1786441042634,3000,Minimum,4471,4471,0.3,-1,43,43,0
1786441042734,3000,Minimum,4471,4471,0.3,-1,43,43,0
1786441042834,3000,Minimum,4471,4471,0.3,-1,43,43,0
1786441042934,3000,Minimum,4471,4471,0.3,-1,43,43,0
1786441043034,3000,Minimum,4471,4471,0.3,-1,43,43,0
1786441043135,3000,Minimum,4471,4471,0.3,-1,43,43,0
1786441043234,3000,Minimum,4471,4471,0.3,-1,43,43,0
1786441043335,3000,Minimum,4471,4471,0.3,-1,43,43,0
1786441043434,3000,Minimum,4471,4471,0.3,-1,43,43,0
1786441043534,3000,Minimum,4471,4471,0.3,-1,43.4375,43.4375,0
1786441043634,3000,Minimum,4471,4471,0.3,-1,43.4375,43.4375,0
1786441043734,3000,Minimum,4471,4471,0.3,-1,43.4375,43.4375,0
1786441043834,3000,Minimum,4471,4471,0.3,-1,43.4375,43.4375,0
1786441043934,3000,Minimum,4471,4471,0.3,-1,43.4375,43.4375,0
1786441044034,3000,Minimum,4471,4471,0.3,-1,43.4375,43.4375,0
1786441044134,3000,Minimum,4471,4471,0.3,-1,43.4375,43.4375,0
1786441044234,3000,Minimum,4471,4471,0.3,-1,43.4375,43.4375,0
1786441044334,3000,Minimum,4471,4471,0.3,-1,43.4375,43.4375,0
1786441044434,3000,Minimum,4471,4471,0.3,-1,43.4375,43.4375,0
1786441044534,3000,Minimum,4471,4471,0.3,-1,43.9375,43.9375,0
1786441044634,3000,Minimum,4471,4471,0.3,-1,43.9375,43.9375,0
1786441044734,3000,Minimum,4471,4471,0.3,-1,43.9375,43.9375,0
1786441044834,3000,Minimum,4471,4471,0.3,-1,43.9375,43.9375,0
1786441044935,3000,Minimum,4471,4471,0.3,-1,43.9375,43.9375,0
1786441045034,3000,Minimum,4471,4471,0.3,-1,43.9375,43.9375,0
1786441045136,3000,Minimum,4471,4471,0.3,-1,43.9375,43.9375,0
1786441045234,3000,Minimum,4471,4471,0.3,-1,43.9375,43.9375,0
1786441045334,3000,Minimum,4471,4471,0.3,-1,43.9375,43.9375,0
1786441045434,3000,Minimum,4471,4471,0.3,-1,43.9375,43.9375,0
1786441045534,3000,Minimum,4471,4471,0.3,-1,44.375,44.375,0
1786441045634,3000,Minimum,4471,4471,0.3,-1,44.375,44.375,0
1786441045734,3000,Minimum,4471,4471,0.3,-1,44.375,44.375,0
1786441045834,3000,Minimum,4471,4471,0.3,-1,44.375,44.375,0
1786441045934,3000,Minimum,4471,4471,0.3,-1,44.375,44.375,0
1786441046034,3000,Minimum,4471,4471,0.3,-1,44.375,44.375,0
1786441046135,3000,Minimum,4471,4471,0.3,-1,44.375,44.375,0
1786441046235,3000,Minimum,4471,4471,0.3,-1,44.375,44.375,0
1786441046334,3000,Minimum,4471,4471,0.3,-1,44.375,44.375,0
1786441046434,3000,Minimum,4471,4471,0.3,-1,44.375,44.375,0
1786441046534,3000,Minimum,4471,4471,0.3,-1,44.8125,44.8125,0
1786441046635,3000,Minimum,4471,4471,0.3,-1,44.8125,44.8125,0
1786441046734,3000,Minimum,4471,4471,0.3,-1,44.8125,44.8125,0
1786441046834,3000,Minimum,4471,4471,0.3,-1,44.8125,44.8125,0
1786441046934,3000,Minimum,4471,4471,0.3,-1,44.8125,44.8125,0
1786441047034,3000,Minimum,4471,4471,0.3,-1,44.8125,44.8125,0
1786441047134,3000,Minimum,4471,4471,0.3,-1,44.8125,44.8125,0
1786441047235,3000,Minimum,4471,4471,0.3,-1,44.8125,44.8125,0
1786441047334,3000,Minimum,4471,4471,0.3,-1,44.8125,44.8125,0
1786441047434,3000,Minimum,4471,4471,0.3,-1,44.8125,44.8125,0
1786441047534,3000,Minimum,4471,4471,0.3,-1,45.25,45.25,0
1786441047634,3000,Minimum,4471,4471,0.3,-1,45.25,45.25,0
1786441047734,3000,Minimum,4471,4471,0.3,-1,45.25,45.25,0
1786441047834,3000,Minimum,4471,4471,0.3,-1,45.25,45.25,0
1786441047934,3000,Minimum,4471,4471,0.3,-1,45.25,45.25,0
1786441048034,3000,Minimum,4471,4471,0.3,-1,45.25,45.25,0
1786441048134,3000,Minimum,4471,4471,0.3,-1,45.25,45.25,0
1786441048234,3000,Minimum,4471,4471,0.3,-1,45.25,45.25,0
1786441048334,3000,Minimum,4471,4471,0.3,-1,45.25,45.25,0
1786441048435,3000,Minimum,4471,4471,0.3,-1,45.25,45.25,0
1786441048534,3000,Minimum,4471,4471,0.3,-1,45.625,45.625,0
1786441048637,3000,Minimum,4471,4471,0.3,-1,45.625,45.625,0
1786441048734,3000,Minimum,4471,4471,0.3,-1,45.625,45.625,0
1786441048834,3000,Minimum,4471,4471,0.3,-1,45.625,45.625,0
1786441048934,3000,Minimum,4471,4471,0.3,-1,45.625,45.625,0
1786441049034,3000,Minimum,4471,4471,0.3,-1,45.625,45.625,0
1786441049134,3000,Minimum,4471,4471,0.3,-1,45.625,45.625,0
1786441049234,3000,Minimum,4471,4471,0.3,-1,45.625,45.625,0
1786441049334,3000,Minimum,4471,4471,0.3,-1,45.625,45.625,0
1786441049434,3000,Minimum,4471,4471,0.3,-1,45.625,45.625,0
1786441049534,3000,Minimum,4471,4471,0.3,-1,46.125,46.125,0
1786441049634,3000,Minimum,4471,4471,0.3,-1,46.125,46.125,0
1786441049735,3000,Minimum,4471,4471,0.3,-1,46.125,46.125,0
1786441049834,3000,Minimum,4471,4471,0.3,-1,46.125,46.125,0
1786441049934,3000,Minimum,4471,4471,0.3,-1,46.125,46.125,0
1786441050034,3000,Minimum,4471,4471,0.3,-1,46.125,46.125,0
1786441050134,3000,Minimum,4471,4471,0.3,-1,46.125,46.125,0
1786441050234,3000,Minimum,4471,4471,0.3,-1,46.125,46.125,0
1786441050334,3000,Minimum,4471,4471,0.3,-1,46.125,46.125,0
1786441050434,3000,Minimum,4471,4471,0.3,-1,46.125,46.125,0
1786441050534,3000,Minimum,4471,4471,0.3,-1,46.5625,46.5625,0
1786441050634,3000,Minimum,4471,4471,0.3,-1,46.5625,46.5625,0
1786441050734,3000,Minimum,4471,4471,0.3,-1,46.5625,46.5625,0
1786441050834,3000,Minimum,4471,4471,0.3,-1,46.5625,46.5625,0
1786441050934,3000,Minimum,4471,4471,0.3,-1,46.5625,46.5625,0
1786441051034,3000,Minimum,4471,4471,0.3,-1,46.5625,46.5625,0
1786441051135,3000,Minimum,4471,4471,0.3,-1,46.5625,46.5625,0
1786441051234,3000,Minimum,4471,4471,0.3,-1,46.5625,46.5625,0
1786441051334,3000,Minimum,4471,4471,0.3,-1,46.5625,46.5625,0
1786441051434,3000,Minimum,4471,4471,0.3,-1,46.5625,46.5625,0
1786441051534,3000,Minimum,4471,4471,0.3,-1,46.8125,46.8125,0
1786441051634,3000,Minimum,4471,4471,0.3,-1,46.8125,46.8125,0
1786441051734,3000,Minimum,4471,4471,0.3,-1,46.8125,46.8125,0
1786441051834,3000,Minimum,4471,4471,0.3,-1,46.8125,46.8125,0
1786441051934,3000,Minimum,4471,4471,0.3,-1,46.8125,46.8125,0
1786441052034,3000,Minimum,4471,4471,0.3,-1,46.8125,46.8125,0
1786441052134,3000,Minimum,4471,4471,0.3,-1,46.8125,46.8125,0
1786441052234,3000,Minimum,4471,4471,0.3,-1,46.8125,46.8125,0
1786441052334,3000,Minimum,4471,4471,0.3,-1,46.8125,46.8125,0
1786441052434,3000,Minimum,4471,4471,0.3,-1,46.8125,46.8125,0
1786441052534,3000,Minimum,4471,4471,0.3,-1,47.3125,47.3125,0
1786441052636,3000,Minimum,4471,4471,0.3,-1,47.3125,47.3125,0
1786441052734,3000,Minimum,4471,4471,0.3,-1,47.3125,47.3125,0
1786441052837,3000,Minimum,4471,4471,0.3,-1,47.3125,47.3125,0
1786441052934,3000,Minimum,4471,4471,0.3,-1,47.3125,47.3125,0
1786441053034,3000,Minimum,4471,4471,0.3,-1,47.3125,47.3125,0
1786441053135,3000,Minimum,4471,4471,0.3,-1,47.3125,47.3125,0
1786441053234,3000,Minimum,4471,4471,0.3,-1,47.3125,47.3125,0
1786441053334,3000,Minimum,4471,4471,0.3,-1,47.3125,47.3125,0
1786441053434,3000,Minimum,4471,4471,0.3,-1,47.3125,47.3125,0
1786441053534,3000,Minimum,4471,4471,0.3,-1,47.6875,47.6875,0
1786441053636,3000,Minimum,4471,4471,0.3,-1,47.6875,47.6875,0
1786441053734,3000,Minimum,4471,4471,0.3,-1,47.6875,47.6875,0
1786441053834,3000,Minimum,4471,4471,0.3,-1,47.6875,47.6875,0
1786441053934,3000,Minimum,4471,4471,0.3,-1,47.6875,47.6875,0
1786441054034,3000,Minimum,4471,4471,0.3,-1,47.6875,47.6875,0
1786441054134,3000,Minimum,4471,4471,0.3,-1,47.6875,47.6875,0
1786441054235,3000,Minimum,4471,4471,0.3,-1,47.6875,47.6875,0
1786441054336,3000,Minimum,4471,4471,0.3,-1,47.6875,47.6875,0
1786441054434,3000,Minimum,-1.21445e+17,-1.21445e+17,0.3,-1,47.6875,47.6875,0
1786441054534,3000,Minimum,4471,4471,0.3,-1,47.9375,47.9375,0
1786441054634,3000,Minimum,4471,4471,0.3,-1,47.9375,47.9375,0
1786441054734,3000,Minimum,4471,4471,0.3,-1,47.9375,47.9375,0
1786441054834,3000,Minimum,4471,4471,0.3,-1,47.9375,47.9375,0
1786441054935,3000,Minimum,4471,4471,0.3,-1,47.9375,47.9375,0
1786441055034,3000,Minimum,4471,4471,0.3,-1,47.9375,47.9375,0
1786441055134,3000,Minimum,4471,4471,0.3,-1,47.9375,47.9375,0
1786441055234,3000,Minimum,4471,4471,0.3,-1,47.9375,47.9375,0
1786441055334,3000,Minimum,4471,4471,0.3,-1,47.9375,47.9375,0
1786441055434,3000,Minimum,4471,4471,0.3,-1,47.9375,47.9375,0
1786441055534,3000,Minimum,4471,4471,0.3,-1,48.4375,48.4375,0
1786441055638,3000,Minimum,4471,4471,0.3,-1,48.4375,48.4375,0
1786441055734,3000,Minimum,4471,4471,0.3,-1,48.4375,48.4375,0
1786441055834,3000,Minimum,4471,4471,0.3,-1,48.4375,48.4375,0
1786441055934,3000,Minimum,4471,4471,0.3,-1,48.4375,48.4375,0
1786441056034,3000,Minimum,4471,4471,0.3,-1,48.4375,48.4375,0
1786441056134,3000,Minimum,4471,4471,0.3,-1,48.4375,48.4375,0
1786441056234,3000,Minimum,4471,4471,0.3,-1,48.4375,48.4375,0
1786441056336,3000,Minimum,4471,4471,0.3,-1,48.4375,48.4375,0
1786441056434,3000,Minimum,4471,4471,0.3,-1,48.4375,48.4375,0
1786441056535,3000,Minimum,4471,4471,0.3,-1,48.75,48.75,0
1786441056634,3000,Minimum,4471,4471,0.3,-1,48.75,48.75,0
1786441056734,3000,Minimum,4471,4471,0.3,-1,48.75,48.75,0
1786441056834,3000,Minimum,4471,4471,0.3,-1,48.75,48.75,0
1786441056934,3000,Minimum,4471,4471,0.3,-1,48.75,48.75,0
1786441057034,3000,Minimum,4471,4471,0.3,-1,48.75,48.75,0
1786441057134,3000,Minimum,4471,4471,0.3,-1,48.75,48.75,0
1786441057234,3000,Minimum,4471,4471,0.3,-1,48.75,48.75,0
1786441057337,3000,Minimum,4471,4471,0.3,-1,48.75,48.75,0
1786441057434,3000,Minimum,4471,4471,0.3,-1,48.75,48.75,0
1786441057534,3000,Minimum,4471,4471,0.3,-1,49.125,49.125,0
1786441057634,3000,Minimum,4471,4471,0.3,-1,49.125,49.125,0
1786441057734,3000,Minimum,4471,4471,0.3,-1,49.125,49.125,0
1786441057834,3000,Minimum,4471,4471,0.3,-1,49.125,49.125,0
1786441057934,3000,Minimum,4471,4471,0.3,-1,49.125,49.125,0
1786441058034,3000,Minimum,4471,4471,0.3,-1,49.125,49.125,0
1786441058134,3000,Minimum,4471,4471,0.3,-1,49.125,49.125,0
1786441058234,3000,Minimum,4471,4471,0.3,-1,49.125,49.125,0
1786441058334,3000,Minimum,4471,4471,0.3,-1,49.125,49.125,0
1786441058434,3000,Minimum,4471,4471,0.3,-1,49.125,49.125,0
1786441058534,3000,Minimum,4471,4471,0.3,-1,49.4375,49.4375,0
1786441058634,3000,Minimum,4471,4471,0.3,-1,49.4375,49.4375,0
1786441058734,3000,Minimum,4471,4471,0.3,-1,49.4375,49.4375,0
1786441058834,3000,Minimum,4471,4471,0.3,-1,49.4375,49.4375,0
1786441058934,3000,Minimum,4471,4471,0.3,-1,49.4375,49.4375,0
1786441059034,3000,Minimum,4471,4471,0.3,-1,49.4375,49.4375,0
1786441059134,3000,Minimum,4471,4471,0.3,-1,49.4375,49.4375,0
1786441059242,3000,Minimum,4471,4471,0.3,-1,49.4375,49.4375,0
1786441059334,3000,Minimum,4471,4471,0.3,-1,49.4375,49.4375,0
1786441059434,3000,Minimum,4471,4471,0.3,-1,49.4375,49.4375,0
1786441059534,3000,Minimum,4471,4471,0.3,-1,49.75,49.75,0
1786441059634,3000,Minimum,4471,4471,0.3,-1,49.75,49.75,0
1786441059734,3000,Minimum,4471,4471,0.3,-1,49.75,49.75,0
1786441059834,3000,Minimum,4471,4471,0.3,-1,49.75,49.75,0
1786441059934,3000,Minimum,4471,4471,0.3,-1,49.75,49.75,0
1786441060034,3000,Minimum,4471,4471,0.3,-1,49.75,49.75,0
1786441060134,3000,Minimum,4471,4471,0.3,-1,49.75,49.75,0
1786441060234,3000,Minimum,4471,4471,0.3,-1,49.75,49.75,0
1786441060334,3000,Minimum,4471,4471,0.3,-1,49.75,49.75,0
1786441060435,3000,Minimum,4471,4471,0.3,-1,49.75,49.75,0
1786441060534,3000,Minimum,4471,4471,0.3,-1,50,50,0
1786441060634,3000,Minimum,4471,4471,0.3,-1,50,50,0
1786441060734,3000,Minimum,4471,4471,0.3,-1,50,50,0
1786441060834,3000,Minimum,4471,4471,0.3,-1,50,50,0
1786441060934,3000,Minimum,4471,4471,0.3,-1,50,50,0
1786441061039,3000,Minimum,4471,4471,0.3,-1,50,50,0
1786441061135,3000,Minimum,4471,4471,0.3,-1,50,50,0
1786441061234,3000,Minimum,4471,4471,0.3,-1,50,50,0
1786441061342,3000,Minimum,4471,4471,0.3,-1,50,50,0
1786441061435,3000,Minimum,4471,4471,0.3,-1,50,50,0
1786441061536,3000,Minimum,4471,4471,0.3,-1,50.375,50.375,0
1786441061637,3000,Minimum,4471,4471,0.3,-1,50.375,50.375,0
1786441061734,3000,Minimum,4471,4471,0.3,-1,50.375,50.375,0
1786441061834,3000,Minimum,4471,4471,0.3,-1,50.375,50.375,0
1786441061938,3000,Minimum,4471,4471,0.3,-1,50.375,50.375,0
1786441062034,3000,Minimum,4471,4471,0.3,-1,50.375,50.375,0
1786441062137,3000,Minimum,4471,4471,0.3,-1,50.375,50.375,0
1786441062234,3000,Minimum,4471,4471,0.3,-1,50.375,50.375,0
1786441062334,3000,Minimum,4471,4471,0.3,-1,50.375,50.375,0
1786441062441,3000,Minimum,4471,4471,0.3,-1,50.375,50.375,0
1786441062535,3000,Minimum,4471,4471,0.3,-1,50.6875,50.6875,0
1786441062644,3000,Minimum,4471,4471,0.3,-1,50.6875,50.6875,0
1786441062737,3000,Minimum,4471,4471,0.3,-1,50.6875,50.6875,0
1786441062836,3000,Minimum,4471,4471,0.3,-1,50.6875,50.6875,0
1786441062938,3000,Minimum,4471,4471,0.3,-1,50.6875,50.6875,0
1786441063034,3000,Minimum,4471,4471,0.3,-1,50.6875,50.6875,0
1786441063134,3000,Minimum,4471,4471,0.3,-1,50.6875,50.6875,0
1786441063234,3000,Minimum,4471,4471,0.3,-1,50.6875,50.6875,0
1786441063334,3000,Minimum,4471,4471,0.3,-1,50.6875,50.6875,0
1786441063434,3000,Minimum,4471,4471,0.3,-1,50.6875,50.6875,0
1786441063534,3000,Minimum,4471,4471,0.3,-1,50.875,50.875,0
1786441063640,3000,Minimum,4471,4471,0.3,-1,50.875,50.875,0
1786441063734,3000,Minimum,4471,4471,0.3,-1,50.875,50.875,0
1786441063841,3000,Minimum,4471,4471,0.3,-1,50.875,50.875,0
1786441063942,3000,Minimum,4471,4471,0.3,-1,50.875,50.875,0
1786441064037,3000,Minimum,4471,4471,0.3,-1,50.875,50.875,0
1786441064141,3000,Minimum,4471,4471,0.3,-1,50.875,50.875,0
1786441064242,3000,Minimum,4471,4471,0.3,-1,50.875,50.875,0
1786441064340,3000,Minimum,4471,4471,0.3,-1,50.875,50.875,0
1786441064434,3000,Minimum,4471,4471,0.3,-1,50.875,50.875,0
1786441064534,3000,Minimum,4471,4471,0.3,-1,51.25,51.25,0
1786441064634,3000,Minimum,4471,4471,0.3,-1,51.25,51.25,0
1786441064734,3000,Minimum,4471,4471,0.3,-1,51.25,51.25,0
1786441064837,3000,Minimum,4471,4471,0.3,-1,51.25,51.25,0
1786441064940,3000,Minimum,4471,4471,0.3,-1,51.25,51.25,0
1786441065035,3000,Minimum,4471,4471,0.3,-1,51.25,51.25,0
1786441065142,3000,Minimum,4471,4471,0.3,-1,51.25,51.25,0
1786441065238,3000,Minimum,4471,4471,0.3,-1,51.25,51.25,0
1786441065338,3000,Minimum,4471,4471,0.3,-1,51.25,51.25,0
1786441065434,3000,Minimum,4471,4471,0.3,-1,51.25,51.25,0
1786441065535,3000,Minimum,4471,4471,0.3,-1,51.5625,51.5625,0
1786441065634,3000,Minimum,4471,4471,0.3,-1,51.5625,51.5625,0
1786441065736,3000,Minimum,4471,4471,0.3,-1,51.5625,51.5625,0
1786441065834,3000,Minimum,4471,4471,0.3,-1,51.5625,51.5625,0
1786441065935,3000,Minimum,4471,4471,0.3,-1,51.5625,51.5625,0
1786441066039,3000,Minimum,4471,4471,0.3,-1,51.5625,51.5625,0
1786441066134,3000,Minimum,4471,4471,0.3,-1,51.5625,51.5625,0
1786441066234,3000,Minimum,4471,4471,0.3,-1,51.5625,51.5625,0
1786441066334,3000,Minimum,4471,4471,0.3,-1,51.5625,51.5625,0
1786441066434,3000,Minimum,4471,4471,0.3,-1,51.5625,51.5625,0
1786441066534,3000,Minimum,4471,4471,0.3,-1,51.8125,51.8125,0
1786441066634,3000,Minimum,4471,4471,0.3,-1,51.8125,51.8125,0
1786441066734,3000,Minimum,4471,4471,0.3,-1,51.8125,51.8125,0
1786441066834,3000,Minimum,4471,4471,0.3,-1,51.8125,51.8125,0
1786441066934,3000,Minimum,4471,4471,0.3,-1,51.8125,51.8125,0
1786441067034,3000,Minimum,4471,4471,0.3,-1,51.8125,51.8125,0
1786441067137,3000,Minimum,4471,4471,0.3,-1,51.8125,51.8125,0
1786441067234,3000,Minimum,4471,4471,0.3,-1,51.8125,51.8125,0
1786441067334,3000,Minimum,4471,4471,0.3,-1,51.8125,51.8125,0
1786441067434,3000,Minimum,4471,4471,0.3,-1,51.8125,51.8125,0
1786441067534,3000,Minimum,4471,4471,0.3,-1,52.0625,52.0625,0
1786441067634,3000,Minimum,4471,4471,0.3,-1,52.0625,52.0625,0
1786441067734,3000,Minimum,4471,4471,0.3,-1,52.0625,52.0625,0
1786441067834,3000,Minimum,4471,4471,0.3,-1,52.0625,52.0625,0
1786441067934,3000,Minimum,4471,4471,0.3,-1,52.0625,52.0625,0
1786441068034,3000,Minimum,4471,4471,0.3,-1,52.0625,52.0625,0
1786441068134,3000,Minimum,4471,4471,0.3,-1,52.0625,52.0625,0
1786441068234,3000,Minimum,4471,4471,0.3,-1,52.0625,52.0625,0
1786441068334,3000,Minimum,4471,4471,0.3,-1,52.0625,52.0625,0
1786441068434,3000,Minimum,4471,4471,0.3,-1,52.0625,52.0625,0
1786441068534,3000,Minimum,4471,4471,0.3,-1,52.4375,52.4375,0
1786441068639,3000,Minimum,4471,4471,0.3,-1,52.4375,52.4375,0
1786441068734,3000,Minimum,4471,4471,0.3,-1,52.4375,52.4375,0
1786441068834,3000,Minimum,4471,4471,0.3,-1,52.4375,52.4375,0
1786441068937,3000,Minimum,4471,4471,0.3,-1,52.4375,52.4375,0
1786441069050,3000,Minimum,4471,4471,0.3,-1,52.4375,52.4375,0
1786441069135,3000,Minimum,4471,4471,0.3,-1,52.4375,52.4375,0
1786441069234,3000,Minimum,4471,4471,0.3,-1,52.4375,52.4375,0
1786441069334,3000,Minimum,4471,4471,0.3,-1,52.4375,52.4375,0
1786441069436,3000,Minimum,4471,4471,0.3,-1,52.4375,52.4375,0
1786441069534,3000,Minimum,4471,4471,0.3,-1,52.625,52.625,0
1786441069635,3000,Minimum,4471,4471,0.3,-1,52.625,52.625,0
1786441069734,3000,Minimum,4471,4471,0.3,-1,52.625,52.625,0
1786441069834,3000,Minimum,4471,4471,0.3,-1,52.625,52.625,0
1786441069934,3000,Minimum,4471,4471,0.3,-1,52.625,52.625,0
1786441070034,3000,Minimum,4471,4471,0.3,-1,52.625,52.625,0
1786441070134,3000,Minimum,4471,4471,0.3,-1,52.625,52.625,0
1786441070234,3000,Minimum,4471,4471,0.3,-1,52.625,52.625,0
1786441070334,3000,Minimum,4471,4471,0.3,-1,52.625,52.625,0
1786441070435,3000,Minimum,4471,4471,0.3,-1,52.625,52.625,0
1786441070534,3000,Minimum,4471,4471,0.3,-1,52.8125,52.8125,0
1786441070634,3000,Minimum,4471,4471,0.3,-1,52.8125,52.8125,0
1786441070734,3000,Minimum,4471,4471,0.3,-1,52.8125,52.8125,0
1786441070834,3000,Minimum,4471,4471,0.3,-1,52.8125,52.8125,0
1786441070934,3000,Minimum,4471,4471,0.3,-1,52.8125,52.8125,0
1786441071034,3000,Minimum,4471,4471,0.3,-1,52.8125,52.8125,0
1786441071134,3000,Minimum,4471,4471,0.3,-1,52.8125,52.8125,0
1786441071236,3000,Minimum,4471,4471,0.3,-1,52.8125,52.8125,0
1786441071334,3000,Minimum,4471,4471,0.3,-1,52.8125,52.8125,0
1786441071434,3000,Minimum,4471,4471,0.3,-1,52.8125,52.8125,0
1786441071534,3000,Minimum,4471,4471,0.3,-1,53.1875,53.1875,0
1786441071634,3000,Minimum,4471,4471,0.3,-1,53.1875,53.1875,0
1786441071734,3000,Minimum,4471,4471,0.3,-1,53.1875,53.1875,0
1786441071834,3000,Minimum,4471,4471,0.3,-1,53.1875,53.1875,0
1786441071934,3000,Minimum,4471,4471,0.3,-1,53.1875,53.1875,0
1786441072034,3000,Minimum,4471,4471,0.3,-1,53.1875,53.1875,0
1786441072134,3000,Minimum,4471,4471,0.3,-1,53.1875,53.1875,0
1786441072235,3000,Minimum,4471,4471,0.3,-1,53.1875,53.1875,0
1786441072334,3000,Minimum,4471,4471,0.3,-1,53.1875,53.1875,0
1786441072434,3000,Minimum,4471,4471,0.3,-1,53.1875,53.1875,0
1786441072534,3000,Minimum,4471,4471,0.3,-1,53.375,53.375,0
1786441072634,3000,Minimum,4471,4471,0.3,-1,53.375,53.375,0
1786441072734,3000,Minimum,4471,4471,0.3,-1,53.375,53.375,0
1786441072834,3000,Minimum,4471,4471,0.3,-1,53.375,53.375,0
1786441072934,3000,Minimum,4471,4471,0.3,-1,53.375,53.375,0
1786441073034,3000,Minimum,4471,4471,0.3,-1,53.375,53.375,0
1786441073134,3000,Minimum,4471,4471,0.3,-1,53.375,53.375,0
1786441073234,3000,Minimum,4471,4471,0.3,-1,53.375,53.375,0
1786441073334,3000,Minimum,4471,4471,0.3,-1,53.375,53.375,0
1786441073434,3000,Minimum,4471,4471,0.3,-1,53.375,53.375,0
1786441073535,3000,Minimum,4471,4471,0.3,-1,53.5625,53.5625,0
1786441073634,3000,Minimum,4471,4471,0.3,-1,53.5625,53.5625,0
1786441073734,3000,Minimum,4471,4471,0.3,-1,53.5625,53.5625,0
1786441073834,3000,Minimum,4471,4471,0.3,-1,53.5625,53.5625,0
1786441073935,3000,Minimum,4471,4471,0.3,-1,53.5625,53.5625,0
1786441074034,3000,Minimum,4471,4471,0.3,-1,53.5625,53.5625,0
1786441074134,3000,Minimum,4471,4471,0.3,-1,53.5625,53.5625,0
1786441074234,3000,Minimum,4471,4471,0.3,-1,53.5625,53.5625,0
1786441074334,3000,Minimum,4471,4471,0.3,-1,53.5625,53.5625,0
1786441074434,3000,Minimum,4471,4471,0.3,-1,53.5625,53.5625,0
1786441074534,3000,Minimum,4471,4471,0.3,-1,53.8125,53.8125,0
1786441074634,3000,Minimum,4471,4471,0.3,-1,53.8125,53.8125,0
1786441074735,3000,Minimum,4471,4471,0.3,-1,53.8125,53.8125,0
1786441074837,3000,Minimum,4471,4471,0.3,-1,53.8125,53.8125,0
1786441074936,3000,Minimum,4471,4471,0.3,-1,53.8125,53.8125,0
1786441075034,3000,Minimum,4471,4471,0.3,-1,53.8125,53.8125,0
1786441075134,3000,Minimum,4471,4471,0.3,-1,53.8125,53.8125,0
1786441075234,3000,Minimum,4471,4471,0.3,-1,53.8125,53.8125,0
1786441075334,3000,Minimum,4471,4471,0.3,-1,53.8125,53.8125,0
1786441075435,3000,Minimum,4471,4471,0.3,-1,53.8125,53.8125,0
1786441075534,3000,Minimum,4471,4471,0.3,-1,54.125,54.125,0
1786441075634,3000,Minimum,4471,4471,0.3,-1,54.125,54.125,0
1786441075734,3000,Minimum,4471,4471,0.3,-1,54.125,54.125,0
1786441075834,3000,Minimum,4471,4471,0.3,-1,54.125,54.125,0
1786441075934,3000,Minimum,4471,4471,0.3,-1,54.125,54.125,0
1786441076034,3000,Minimum,4471,4471,0.3,-1,54.125,54.125,0
1786441076134,3000,Minimum,4471,4471,0.3,-1,54.125,54.125,0
1786441076235,3000,Minimum,4471,4471,0.3,-1,54.125,54.125,0
1786441076334,3000,Minimum,4471,4471,0.3,-1,54.125,54.125,0
1786441076434,3000,Minimum,4471,4471,0.3,-1,54.125,54.125,0
1786441076534,3000,Minimum,4471,4471,0.3,-1,54.375,54.375,0
1786441076634,3000,Minimum,4471,4471,0.3,-1,54.375,54.375,0
1786441076734,3000,Minimum,4471,4471,0.3,-1,54.375,54.375,0
1786441076834,3000,Minimum,4471,4471,0.3,-1,54.375,54.375,0
1786441076934,3000,Minimum,4471,4471,0.3,-1,54.375,54.375,0
1786441077034,3000,Minimum,4471,4471,0.3,-1,54.375,54.375,0
1786441077134,3000,Minimum,4471,4471,0.3,-1,54.375,54.375,0
1786441077234,3000,Minimum,4471,4471,0.3,-1,54.375,54.375,0
1786441077334,3000,Minimum,4471,4471,0.3,-1,54.375,54.375,0
1786441077434,3000,Minimum,4471,4471,0.3,-1,54.375,54.375,0
1786441077534,3000,Minimum,4471,4471,0.3,-1,54.5625,54.5625,0
1786441077634,3000,Minimum,4471,4471,0.3,-1,54.5625,54.5625,0
1786441077736,3000,Minimum,4471,4471,0.3,-1,54.5625,54.5625,0
1786441077834,3000,Minimum,4471,4471,0.3,-1,54.5625,54.5625,0
1786441077934,3000,Minimum,4471,4471,0.3,-1,54.5625,54.5625,0
1786441078034,3000,Minimum,4471,4471,0.3,-1,54.5625,54.5625,0
1786441078134,3000,Minimum,4471,4471,0.3,-1,54.5625,54.5625,0
1786441078234,3000,Minimum,4471,4471,0.3,-1,54.5625,54.5625,0
1786441078335,3000,Minimum,4471,4471,0.3,-1,54.5625,54.5625,0
1786441078434,3000,Minimum,4471,4471,0.3,-1,54.5625,54.5625,0
1786441078534,3000,Minimum,4471,4471,0.3,-1,54.8125,54.8125,0
1786441078634,3000,Minimum,4471,4471,0.3,-1,54.8125,54.8125,0
1786441078735,3000,Minimum,4471,4471,0.3,-1,54.8125,54.8125,0
1786441078835,3000,Minimum,4471,4471,0.3,-1,54.8125,54.8125,0
1786441078934,3000,Minimum,4471,4471,0.3,-1,54.8125,54.8125,0
1786441079034,3000,Minimum,4471,4471,0.3,-1,54.8125,54.8125,0
1786441079134,3000,Minimum,4471,4471,0.3,-1,54.8125,54.8125,0
1786441079234,3000,Minimum,4471,4471,0.3,-1,54.8125,54.8125,0
1786441079334,3000,Minimum,4471,4471,0.3,-1,54.8125,54.8125,0
1786441079434,3000,Minimum,4471,4471,0.3,-1,54.8125,54.8125,0
1786441079534,3000,Minimum,4471,4471,0.3,-1,54.9375,54.9375,0
1786441079634,3000,Minimum,4471,4471,0.3,-1,54.9375,54.9375,0
1786441079734,3000,Minimum,4471,4471,0.3,-1,54.9375,54.9375,0
1786441079834,3000,Minimum,4471,4471,0.3,-1,54.9375,54.9375,0
1786441079934,3000,Minimum,4471,4471,0.3,-1,54.9375,54.9375,0
1786441080034,3000,Minimum,4471,4471,0.3,-1,54.9375,54.9375,0
1786441080134,3000,Minimum,4471,4471,0.3,-1,54.9375,54.9375,0
1786441080234,3000,Minimum,4471,4471,0.3,-1,54.9375,54.9375,0
1786441080334,3000,Minimum,4471,4471,0.3,-1,54.9375,54.9375,0
1786441080434,3000,Minimum,4471,4471,0.3,-1,54.9375,54.9375,0
1786441080534,3000,Minimum,4471,4471,0.3,-1,55.1875,55.1875,0
1786441080634,3000,Minimum,4471,4471,0.3,-1,55.1875,55.1875,0
1786441080734,3000,Minimum,4471,4471,0.3,-1,55.1875,55.1875,0
1786441080834,3000,Minimum,4471,4471,0.3,-1,55.1875,55.1875,0
1786441080934,3000,Minimum,4471,4471,0.3,-1,55.1875,55.1875,0
1786441081034,3000,Minimum,4471,4471,0.3,-1,55.1875,55.1875,0
1786441081134,3000,Minimum,4471,4471,0.3,-1,55.1875,55.1875,0
1786441081234,3000,Minimum,4471,4471,0.3,-1,55.1875,55.1875,0
1786441081334,3000,Minimum,4471,4471,0.3,-1,55.1875,55.1875,0
1786441081434,3000,Minimum,4471,4471,0.3,-1,55.1875,55.1875,0
1786441081534,3000,Minimum,4471,4471,0.3,-1,55.3125,55.3125,0
1786441081634,3000,Minimum,4471,4471,0.3,-1,55.3125,55.3125,0
1786441081734,3000,Minimum,4471,4471,0.3,-1,55.3125,55.3125,0
1786441081834,3000,Minimum,4471,4471,0.3,-1,55.3125,55.3125,0
1786441081934,3000,Minimum,4471,4471,0.3,-1,55.3125,55.3125,0
1786441082034,3000,Minimum,4471,4471,0.3,-1,55.3125,55.3125,0
1786441082134,3000,Minimum,4471,4471,0.3,-1,55.3125,55.3125,0
1786441082234,3000,Minimum,4471,4471,0.3,-1,55.3125,55.3125,0
1786441082334,3000,Minimum,4471,4471,0.3,-1,55.3125,55.3125,0
1786441082434,3000,Minimum,4471,4471,0.3,-1,55.3125,55.3125,0
1786441082534,3000,Minimum,4471,4471,0.3,-1,55.5625,55.5625,0
1786441082634,3000,Minimum,4471,4471,0.3,-1,55.5625,55.5625,0
1786441082734,3000,Minimum,4471,4471,0.3,-1,55.5625,55.5625,0
1786441082834,3000,Minimum,4471,4471,0.3,-1,55.5625,55.5625,0
1786441082934,3000,Minimum,4471,4471,0.3,-1,55.5625,55.5625,0
1786441083034,3000,Minimum,4471,4471,0.3,-1,55.5625,55.5625,0
1786441083134,3000,Minimum,4471,4471,0.3,-1,55.5625,55.5625,0
1786441083234,3000,Minimum,4471,4471,0.3,-1,55.5625,55.5625,0
1786441083334,3000,Minimum,4471,4471,0.3,-1,55.5625,55.5625,0
1786441083434,3000,Minimum,4471,4471,0.3,-1,55.5625,55.5625,0
1786441083534,3000,Minimum,4471,4471,0.3,-1,55.75,55.75,0
1786441083634,3000,Minimum,4471,4471,0.3,-1,55.75,55.75,0
1786441083734,3000,Minimum,4471,4471,0.3,-1,55.75,55.75,0
1786441083834,3000,Minimum,4471,4471,0.3,-1,55.75,55.75,0
1786441083934,3000,Minimum,4471,4471,0.3,-1,55.75,55.75,0
1786441084034,3000,Minimum,4471,4471,0.3,-1,55.75,55.75,0
1786441084134,3000,Minimum,4471,4471,0.3,-1,55.75,55.75,0
1786441084236,3000,Minimum,4471,4471,0.3,-1,55.75,55.75,0
1786441084334,3000,Minimum,4471,4471,0.3,-1,55.75,55.75,0
1786441084434,3000,Minimum,4471,4471,0.3,-1,55.75,55.75,0
1786441084534,3000,Minimum,4471,4471,0.3,-1,56,56,0
1786441084634,3000,Minimum,4471,4471,0.3,-1,56,56,0
1786441084734,3000,Minimum,4471,4471,0.3,-1,56,56,0
1786441084834,3000,Minimum,4471,4471,0.3,-1,56,56,0
1786441084934,3000,Minimum,4471,4471,0.3,-1,56,56,0
1786441085034,3000,Minimum,4471,4471,0.3,-1,56,56,0
1786441085134,3000,Minimum,4471,4471,0.3,-1,56,56,0
1786441085234,3000,Minimum,4471,4471,0.3,-1,56,56,0
1786441085334,3000,Minimum,4471,4471,0.3,-1,56,56,0
1786441085434,3000,Minimum,4471,4471,0.3,-1,56,56,0
1786441085534,3000,Minimum,4471,4471,0.3,-1,56.1875,56.1875,0
1786441085634,3000,Minimum,4471,4471,0.3,-1,56.1875,56.1875,0
1786441085734,3000,Minimum,4471,4471,0.3,-1,56.1875,56.1875,0
1786441085834,3000,Minimum,4471,4471,0.3,-1,56.1875,56.1875,0
1786441085934,3000,Minimum,4471,4471,0.3,-1,56.1875,56.1875,0
1786441086034,3000,Minimum,4471,4471,0.3,-1,56.1875,56.1875,0
1786441086134,3000,Minimum,4471,4471,0.3,-1,56.1875,56.1875,0
1786441086234,3000,Minimum,4471,4471,0.3,-1,56.1875,56.1875,0
1786441086340,3000,Minimum,4471,4471,0.3,-1,56.1875,56.1875,0
1786441086434,3000,Minimum,4471,4471,0.3,-1,56.1875,56.1875,0
1786441086535,3000,Minimum,4471,4471,0.3,-1,56.3125,56.3125,0
1786441086634,3000,Minimum,4471,4471,0.3,-1,56.3125,56.3125,0
1786441086734,3000,Minimum,4471,4471,0.3,-1,56.3125,56.3125,0
1786441086834,3000,Minimum,4471,4471,0.3,-1,56.3125,56.3125,0
1786441086934,3000,Minimum,4471,4471,0.3,-1,56.3125,56.3125,0
1786441087035,3000,Minimum,4471,4471,0.3,-1,56.3125,56.3125,0
1786441087134,3000,Minimum,4471,4471,0.3,-1,56.3125,56.3125,0
1786441087234,3000,Minimum,4471,4471,0.3,-1,56.3125,56.3125,0
1786441087334,3000,Minimum,4471,4471,0.3,-1,56.3125,56.3125,0
1786441087434,3000,Minimum,4471,4471,0.3,-1,56.3125,56.3125,0
1786441087534,3000,Minimum,4471,4471,0.3,-1,56.5625,56.5625,0
1786441087634,3000,Minimum,4471,4471,0.3,-1,56.5625,56.5625,0
1786441087734,3000,Minimum,4471,4471,0.3,-1,56.5625,56.5625,0
1786441087834,3000,Minimum,4471,4471,0.3,-1,56.5625,56.5625,0
1786441087934,3000,Minimum,4471,4471,0.3,-1,56.5625,56.5625,0
1786441088034,3000,Minimum,4471,4471,0.3,-1,56.5625,56.5625,0
1786441088134,3000,Minimum,4471,4471,0.3,-1,56.5625,56.5625,0
1786441088234,3000,Minimum,4471,4471,0.3,-1,56.5625,56.5625,0
1786441088334,3000,Minimum,4471,4471,0.3,-1,56.5625,56.5625,0
1786441088434,3000,Minimum,4471,4471,0.3,-1,56.5625,56.5625,0
1786441088534,3000,Minimum,4471,4471,0.3,-1,56.6875,56.6875,0
1786441088634,3000,Minimum,4471,4471,0.3,-1,56.6875,56.6875,0
1786441088734,3000,Minimum,4471,4471,0.3,-1,56.6875,56.6875,0
1786441088834,3000,Minimum,4471,4471,0.3,-1,56.6875,56.6875,0
1786441088934,3000,Minimum,4471,4471,0.3,-1,56.6875,56.6875,0
1786441089034,3000,Minimum,4471,4471,0.3,-1,56.6875,56.6875,0
1786441089134,3000,Minimum,4471,4471,0.3,-1,56.6875,56.6875,0
1786441089234,3000,Minimum,4471,4471,0.3,-1,56.6875,56.6875,0
1786441089334,3000,Minimum,4471,4471,0.3,-1,56.6875,56.6875,0
1786441089434,3000,Minimum,4471,4471,0.3,-1,56.6875,56.6875,0
1786441089534,3000,Minimum,4471,4471,0.3,-1,56.8125,56.8125,0
1786441089634,3000,Minimum,4471,4471,0.3,-1,56.8125,56.8125,0
1786441089734,3000,Minimum,4471,4471,0.3,-1,56.8125,56.8125,0
1786441089834,3000,Minimum,4471,4471,0.3,-1,56.8125,56.8125,0
1786441089934,3000,Minimum,4471,4471,0.3,-1,56.8125,56.8125,0
1786441090034,3000,Minimum,4471,4471,0.3,-1,56.8125,56.8125,0
1786441090134,3000,Minimum,4471,4471,0.3,-1,56.8125,56.8125,0
1786441090234,3000,Minimum,4471,4471,0.3,-1,56.8125,56.8125,0
1786441090334,3000,Minimum,4471,4471,0.3,-1,56.8125,56.8125,0
1786441090434,3000,Minimum,4471,4471,0.3,-1,56.8125,56.8125,0
1786441090534,3000,Minimum,4471,4471,0.3,-1,57,57,0
1786441090634,3000,Minimum,4471,4471,0.3,-1,57,57,0
1786441090734,3000,Minimum,4471,4471,0.3,-1,57,57,0
1786441090834,3000,Minimum,4471,4471,0.3,-1,57,57,0
1786441090934,3000,Minimum,4471,4471,0.3,-1,57,57,0
1786441091034,3000,Minimum,4471,4471,0.3,-1,57,57,0
1786441091134,3000,Minimum,4471,4471,0.3,-1,57,57,0
1786441091234,3000,Minimum,4471,4471,0.3,-1,57,57,0
1786441091334,3000,Minimum,4471,4471,0.3,-1,57,57,0
1786441091434,3000,Minimum,4471,4471,0.3,-1,57,57,0
1786441091534,3000,Minimum,4471,4471,0.3,-1,57.25,57.25,0
1786441091634,3000,Minimum,4471,4471,0.3,-1,57.25,57.25,0
1786441091734,3000,Minimum,4471,4471,0.3,-1,57.25,57.25,0
1786441091834,3000,Minimum,4471,4471,0.3,-1,57.25,57.25,0
1786441091934,3000,Minimum,4471,4471,0.3,-1,57.25,57.25,0
1786441092034,3000,Minimum,4471,4471,0.3,-1,57.25,57.25,0
1786441092134,3000,Minimum,4471,4471,0.3,-1,57.25,57.25,0
1786441092234,3000,Minimum,4471,4471,0.3,-1,57.25,57.25,0
1786441092334,3000,Minimum,4471,4471,0.3,-1,57.25,57.25,0
1786441092434,3000,Minimum,4471,4471,0.3,-1,57.25,57.25,0
1786441092534,3000,Minimum,4471,4471,0.3,-1,57.375,57.375,0
1786441092634,3000,Minimum,4471,4471,0.3,-1,57.375,57.375,0
1786441092734,3000,Minimum,4471,4471,0.3,-1,57.375,57.375,0
1786441092834,3000,Minimum,4471,4471,0.3,-1,57.375,57.375,0
1786441092934,3000,Minimum,4471,4471,0.3,-1,57.375,57.375,0
1786441093034,3000,Minimum,4471,4471,0.3,-1,57.375,57.375,0
1786441093134,3000,Minimum,4471,4471,0.3,-1,57.375,57.375,0
1786441093234,3000,Minimum,4471,4471,0.3,-1,57.375,57.375,0
1786441093334,3000,Minimum,4471,4471,0.3,-1,57.375,57.375,0
1786441093434,3000,Minimum,4471,4471,0.3,-1,57.375,57.375,0
1786441093534,3000,Minimum,4471,4471,0.3,-1,57.5625,57.5625,0
1786441093634,3000,Minimum,4471,4471,0.3,-1,57.5625,57.5625,0
1786441093734,3000,Minimum,4471,4471,0.3,-1,57.5625,57.5625,0
1786441093834,3000,Minimum,4471,4471,0.3,-1,57.5625,57.5625,0
1786441093934,3000,Minimum,4471,4471,0.3,-1,57.5625,57.5625,0
1786441094034,3000,Minimum,4471,4471,0.3,-1,57.5625,57.5625,0
1786441094134,3000,Minimum,4471,4471,0.3,-1,57.5625,57.5625,0
1786441094234,3000,Minimum,4471,4471,0.3,-1,57.5625,57.5625,0
1786441094334,3000,Minimum,4471,4471,0.3,-1,57.5625,57.5625,0
1786441094434,3000,Minimum,4471,4471,0.3,-1,57.5625,57.5625,0
1786441094534,3000,Minimum,4471,4471,0.3,-1,57.625,57.625,0
1786441094634,3000,Minimum,4471,4471,0.3,-1,57.625,57.625,0
1786441094734,3000,Minimum,4471,4471,0.3,-1,57.625,57.625,0
1786441094834,3000,Minimum,4471,4471,0.3,-1,57.625,57.625,0
1786441094934,3000,Minimum,4471,4471,0.3,-1,57.625,57.625,0
1786441095034,3000,Minimum,4471,4471,0.3,-1,57.625,57.625,0
1786441095134,3000,Minimum,4471,4471,0.3,-1,57.625,57.625,0
1786441095234,3000,Minimum,4471,4471,0.3,-1,57.625,57.625,0
1786441095334,3000,Minimum,4471,4471,0.3,-1,57.625,57.625,0
1786441095439,3000,Minimum,4471,4471,0.3,-1,57.625,57.625,0
1786441095534,3000,Minimum,4471,4471,0.3,-1,57.75,57.75,0
1786441095634,3000,Minimum,4471,4471,0.3,-1,57.75,57.75,0
1786441095734,3000,Minimum,4471,4471,0.3,-1,57.75,57.75,0
1786441095837,3000,Minimum,4471,4471,0.3,-1,57.75,57.75,0
1786441095934,3000,Minimum,4471,4471,0.3,-1,57.75,57.75,0
1786441096034,3000,Minimum,4471,4471,0.3,-1,57.75,57.75,0
1786441096134,3000,Minimum,4471,4471,0.3,-1,57.75,57.75,0
1786441096234,3000,Minimum,4471,4471,0.3,-1,57.75,57.75,0
1786441096334,3000,Minimum,4471,4471,0.3,-1,57.75,57.75,0
1786441096434,3000,Minimum,4471,4471,0.3,-1,57.75,57.75,0
1786441096534,3000,Minimum,4471,4471,0.3,-1,58,58,0
1786441096634,3000,Minimum,4471,4471,0.3,-1,58,58,0
1786441096734,3000,Minimum,4471,4471,0.3,-1,58,58,0
1786441096834,3000,Minimum,4471,4471,0.3,-1,58,58,0
1786441096934,3000,Minimum,4471,4471,0.3,-1,58,58,0
1786441097034,3000,Minimum,4471,4471,0.3,-1,58,58,0
1786441097134,3000,Minimum,4471,4471,0.3,-1,58,58,0
1786441097234,3000,Minimum,4471,4471,0.3,-1,58,58,0
1786441097334,3000,Minimum,4471,4471,0.3,-1,58,58,0
1786441097434,3000,Minimum,4471,4471,0.3,-1,58,58,0
1786441097534,3000,Minimum,4471,4471,0.3,-1,58.1875,58.1875,0
1786441097634,3000,Minimum,4471,4471,0.3,-1,58.1875,58.1875,0
1786441097734,3000,Minimum,4471,4471,0.3,-1,58.1875,58.1875,0
1786441097834,3000,Minimum,4471,4471,0.3,-1,58.1875,58.1875,0
1786441097934,3000,Minimum,4471,4471,0.3,-1,58.1875,58.1875,0
1786441098034,3000,Minimum,4471,4471,0.3,-1,58.1875,58.1875,0
1786441098134,3000,Minimum,4471,4471,0.3,-1,58.1875,58.1875,0
1786441098234,3000,Minimum,4471,4471,0.3,-1,58.1875,58.1875,0
1786441098334,3000,Minimum,4471,4471,0.3,-1,58.1875,58.1875,0
1786441098434,3000,Minimum,4471,4471,0.3,-1,58.1875,58.1875,0
1786441098534,3000,Minimum,4471,4471,0.3,-1,58.25,58.25,0
1786441098634,3000,Minimum,4471,4471,0.3,-1,58.25,58.25,0
1786441098734,3000,Minimum,4471,4471,0.3,-1,58.25,58.25,0
1786441098834,3000,Minimum,4471,4471,0.3,-1,58.25,58.25,0
1786441098934,3000,Minimum,4471,4471,0.3,-1,58.25,58.25,0
1786441099034,3000,Minimum,4471,4471,0.3,-1,58.25,58.25,0
1786441099134,3000,Minimum,4471,4471,0.3,-1,58.25,58.25,0
1786441099234,3000,Minimum,4471,4471,0.3,-1,58.25,58.25,0
1786441099334,3000,Minimum,4471,4471,0.3,-1,58.25,58.25,0
1786441099434,3000,Minimum,4471,4471,0.3,-1,58.25,58.25,0
1786441099534,3000,Minimum,4471,4471,0.3,-1,58.375,58.375,0
1786441099634,3000,Minimum,4471,4471,0.3,-1,58.375,58.375,0
1786441099734,3000,Minimum,4471,4471,0.3,-1,58.375,58.375,0
1786441099834,3000,Minimum,4471,4471,0.3,-1,58.375,58.375,0
1786441099934,3000,Minimum,4471,4471,0.3,-1,58.375,58.375,0
1786441100034,3000,Minimum,4471,4471,0.3,-1,58.375,58.375,0
1786441100134,3000,Minimum,4471,4471,0.3,-1,58.375,58.375,0
1786441100234,3000,Minimum,4471,4471,0.3,-1,58.375,58.375,0
1786441100334,3000,Minimum,4471,4471,0.3,-1,58.375,58.375,0
1786441100434,3000,Minimum,4471,4471,0.3,-1,58.375,58.375,0
1786441100534,3000,Minimum,4471,4471,0.3,-1,58.5,58.5,0
1786441100634,3000,Minimum,4471,4471,0.3,-1,58.5,58.5,0
1786441100734,3000,Minimum,4471,4471,0.3,-1,58.5,58.5,0
1786441100834,3000,Minimum,4471,4471,0.3,-1,58.5,58.5,0
1786441100934,3000,Minimum,4471,4471,0.3,-1,58.5,58.5,0
1786441101034,3000,Minimum,4471,4471,0.3,-1,58.5,58.5,0
1786441101134,3000,Minimum,4471,4471,0.3,-1,58.5,58.5,0
1786441101234,3000,Minimum,4471,4471,0.3,-1,58.5,58.5,0
1786441101334,3000,Minimum,4471,4471,0.3,-1,58.5,58.5,0
1786441101434,3000,Minimum,4471,4471,0.3,-1,58.5,58.5,0
1786441101534,3000,Minimum,4471,4471,0.3,-1,58.6875,58.6875,0
1786441101634,3000,Minimum,4471,4471,0.3,-1,58.6875,58.6875,0
1786441101737,3000,Minimum,4471,4471,0.3,-1,58.6875,58.6875,0
1786441101834,3000,Minimum,4471,4471,0.3,-1,58.6875,58.6875,0
1786441101934,3000,Minimum,4471,4471,0.3,-1,58.6875,58.6875,0
1786441102034,3000,Minimum,4471,4471,0.3,-1,58.6875,58.6875,0
1786441102134,3000,Minimum,4471,4471,0.3,-1,58.6875,58.6875,0
1786441102234,3000,Minimum,4471,4471,0.3,-1,58.6875,58.6875,0
1786441102334,3000,Minimum,4471,4471,0.3,-1,58.6875,58.6875,0
1786441102434,3000,Minimum,4471,4471,0.3,-1,58.6875,58.6875,0
1786441102534,3000,Minimum,4471,4471,0.3,-1,58.8125,58.8125,0
1786441102634,3000,Minimum,4471,4471,0.3,-1,58.8125,58.8125,0
1786441102734,3000,Minimum,4471,4471,0.3,-1,58.8125,58.8125,0
1786441102834,3000,Minimum,4471,4471,0.3,-1,58.8125,58.8125,0
1786441102934,3000,Minimum,-1.21445e+17,-1.21445e+17,0.3,-1,58.8125,58.8125,0
1786441103523,3000,Minimum,-1.21445e+17,-1.21445e+17,0.3,-1,58.8125,58.8125,0
1786441103652,3000,Minimum,-1.21445e+17,-1.21445e+17,0.3,-1,58.8125,58.8125,0
1786441103690,3000,Minimum,-1.21445e+17,-1.21445e+17,0.3,-1,58.8125,58.8125,0
1786441103872,3000,Minimum,-1.21445e+17,-1.21445e+17,0.3,-1,58.8125,58.8125,0
1786441104053,3000,Minimum,4471,4471,0.3,-1,58.8125,58.8125,0
1786441104174,3000,Minimum,-1.21445e+17,-1.21445e+17,0.3,-1,58.8125,58.8125,0
1786441104188,3000,Minimum,4471,4471,0.3,-1,58.8125,58.8125,0
1786441104321,3000,Minimum,-1.21445e+17,-1.21445e+17,0.3,-1,58.8125,58.8125,0
1786441104383,3000,Minimum,-1.21445e+17,-1.21445e+17,0.3,-1,58.8125,58.8125,0
1786441104398,3000,Minimum,-1.21445e+17,-1.21445e+17,0.3,-1,58.8125,58.8125,0
1786441104728,3000,Minimum,-1.21445e+17,-1.21445e+17,0.3,-1,58.8125,58.8125,0
1786441104790,3000,Minimum,4471,4471,0.3,-1,58.8125,58.8125,0
1786441104840,3000,Minimum,4471,4471,0.3,-1,58.8125,58.8125,0
1786441104918,3000,Minimum,-1.21445e+17,-1.21445e+17,0.3,-1,58.8125,58.8125,0
1786441104926,3000,Minimum,4471,4471,0.3,-1,58.8125,58.8125,0
1786441105048,3000,Minimum,-1.21445e+17,-1.21445e+17,0.3,-1,58.8125,58.8125,0
1786441105048,3000,Minimum,-1.21445e+17,-1.21445e+17,0.3,-1,58.8125,58.8125,0
1786441105126,3000,Minimum,-1.21445e+17,-1.21445e+17,0.3,-1,58.8125,58.8125,0
1786441105196,3000,Minimum,4471,4471,0.3,-1,58.8125,58.8125,0
1786441105257,3000,Minimum,-1.21445e+17,-1.21445e+17,0.3,-1,58.8125,58.8125,0
1786441105288,3000,Minimum,-1.21445e+17,-1.21445e+17,0.3,-1,58.8125,58.8125,0
1786441105319,3000,Minimum,4471,4471,0.3,-1,58.8125,58.8125,0
1786441105328,3000,Minimum,-1.21445e+17,-1.21445e+17,0.3,-1,58.8125,58.8125,0
1786441105453,3000,Minimum,4471,4471,0.3,-1,58.8125,58.8125,0
1786441105581,3000,Minimum,4471,4471,0.3,-1,58.8125,58.8125,0
1786441105667,3000,Minimum,4471,4471,0.3,-1,58.9375,58.9375,0
1786441105688,3000,Minimum,4471,4471,0.3,-1,58.9375,58.9375,0
1786441105798,3000,Minimum,4471,4471,0.3,-1,58.9375,58.9375,0
1786441105872,3000,Minimum,4471,4471,0.3,-1,58.9375,58.9375,0
1786441105948,3000,Minimum,4471,4471,0.3,-1,58.9375,58.9375,0
1786441106034,3000,Minimum,4471,4471,0.3,-1,58.9375,58.9375,0
1786441106134,3000,Minimum,4471,4471,0.3,-1,58.9375,58.9375,0
1786441106234,3000,Minimum,4471,4471,0.3,-1,58.9375,58.9375,0
1786441106334,3000,Minimum,4471,4471,0.3,-1,58.9375,58.9375,0
1786441106434,3000,Minimum,4471,4471,0.3,-1,58.9375,58.9375,0
1786441106534,3000,Minimum,4471,4471,0.3,-1,59.25,59.25,0
1786441106634,3000,Minimum,-1.21445e+17,-1.21445e+17,0.3,-1,59.25,59.25,0
1786441106734,3000,Minimum,-1.21445e+17,-1.21445e+17,0.3,-1,59.25,59.25,0
1786441106834,3000,Minimum,-1.21445e+17,-1.21445e+17,0.3,-1,59.25,59.25,0
1786441106934,3000,Minimum,-1.21445e+17,-1.21445e+17,0.3,-1,59.25,59.25,0
1786441107034,3000,Minimum,-1.21445e+17,-1.21445e+17,0.3,-1,59.25,59.25,0
1786441107134,3000,Minimum,-1.21445e+17,-1.21445e+17,0.3,-1,59.25,59.25,0
1786441107234,3000,Minimum,-1.21445e+17,-1.21445e+17,0.3,-1,59.25,59.25,0
1786441107334,3000,Minimum,-1.21445e+17,-1.21445e+17,0.3,-1,59.25,59.25,0
1786441107434,3000,Minimum,-1.21445e+17,-1.21445e+17,0.3,-1,59.25,59.25,0
1786441107534,3000,Minimum,-1.21445e+17,-1.21445e+17,0.3,-1,59.3125,59.3125,0
1786441107634,3000,Minimum,-1.21445e+17,-1.21445e+17,0.3,-1,59.3125,59.3125,0
1786441107736,3000,Minimum,-1.21445e+17,-1.21445e+17,0.3,-1,59.3125,59.3125,0
1786441107834,3000,Minimum,-1.21445e+17,-1.21445e+17,0.3,-1,59.3125,59.3125,0
1786441107934,3000,Minimum,-1.21445e+17,-1.21445e+17,0.3,-1,59.3125,59.3125,0
1786441108048,3000,Minimum,-1.21445e+17,-1.21445e+17,0.3,-1,59.3125,59.3125,0
1786441108216,3000,Minimum,-1.21445e+17,-1.21445e+17,0.3,-1,59.3125,59.3125,0
1786441108407,3000,Minimum,4471,4471,0.3,-1,59.3125,59.3125,0
1786441108557,3000,Minimum,-1.21445e+17,-1.21445e+17,0.3,-1,59.3125,59.3125,0
1786441108600,3000,Minimum,4471,4471,0.3,-1,59.3125,59.3125,0
1786441108754,3000,Minimum,-1.21445e+17,-1.21445e+17,0.3,-1,59.3125,59.3125,0
1786441108793,3000,Minimum,-1.21445e+17,-1.21445e+17,0.3,-1,59.3125,59.3125,0
1786441108889,3000,Minimum,-1.21445e+17,-1.21445e+17,0.3,-1,59.3125,59.3125,0
1786441108909,3000,Minimum,4471,4471,0.3,-1,59.3125,59.3125,0
1786441108934,3000,Minimum,-1.21445e+17,-1.21445e+17,0.3,-1,59.3125,59.3125,0
1786441109034,3000,Minimum,-1.21445e+17,-1.21445e+17,0.3,-1,59.3125,59.3125,0
1786441109172,3000,Minimum,4471,4471,0.3,-1,59.3125,59.3125,0
1786441109247,3000,Minimum,-1.21445e+17,-1.21445e+17,0.3,-1,59.3125,59.3125,0
1786441109334,3000,Minimum,-1.21445e+17,-1.21445e+17,0.3,-1,59.3125,59.3125,0
1786441109434,3000,Minimum,-1.21445e+17,-1.21445e+17,0.3,-1,59.3125,59.3125,0
1786441109534,3000,Minimum,-1.21445e+17,-1.21445e+17,0.3,-1,59.3125,59.3125,0
1786441109668,3000,Minimum,-1.21445e+17,-1.21445e+17,0.3,-1,59.3125,59.3125,0
1786441109805,3000,Minimum,4471,4471,0.3,-1,59.3125,59.3125,0
1786441109949,3000,Minimum,-1.21445e+17,-1.21445e+17,0.3,-1,59.3125,59.3125,0
1786441110023,3000,Minimum,-1.21445e+17,-1.21445e+17,0.3,-1,59.3125,59.3125,0
1786441110097,3000,Minimum,-1.21445e+17,-1.21445e+17,0.3,-1,59.3125,59.3125,0
1786441110184,3000,Minimum,-1.21445e+17,-1.21445e+17,0.3,-1,59.3125,59.3125,0
1786441110234,3000,Minimum,-1.21445e+17,-1.21445e+17,0.3,-1,59.3125,59.3125,0
1786441110334,3000,Minimum,4471,4471,0.3,-1,59.3125,59.3125,0
1786441110434,3000,Minimum,4471,4471,0.3,-1,59.3125,59.3125,0
1786441110534,3000,Minimum,4471,4471,0.3,-1,59.6875,59.6875,0
1786441110634,3000,Minimum,4471,4471,0.3,-1,59.6875,59.6875,0
1786441110734,3000,Minimum,4471,4471,0.3,-1,59.6875,59.6875,0
1786441110834,3000,Minimum,4471,4471,0.3,-1,59.6875,59.6875,0
1786441110935,3000,Minimum,-1.21445e+17,-1.21445e+17,0.3,-1,59.6875,59.6875,0
1786441111034,3000,Minimum,-1.21445e+17,-1.21445e+17,0.3,-1,59.6875,59.6875,0
1786441111134,3000,Minimum,4471,4471,0.3,-1,59.6875,59.6875,0
1786441111234,3000,Minimum,4471,4471,0.3,-1,59.6875,59.6875,0
1786441111334,3000,Minimum,4471,4471,0.3,-1,59.6875,59.6875,0
1786441111434,3000,Minimum,4471,4471,0.3,-1,59.6875,59.6875,0
1786441111534,3000,Minimum,-1.21445e+17,-1.21445e+17,0.3,-1,59.8125,59.8125,0
1786441111634,3000,Minimum,4471,4471,0.3,-1,59.8125,59.8125,0
1786441111734,3000,Minimum,4471,4471,0.3,-1,59.8125,59.8125,0
1786441111834,3000,Minimum,4471,4471,0.3,-1,59.8125,59.8125,0
1786441111934,3000,Minimum,4471,4471,0.3,-1,59.8125,59.8125,0
1786441112034,3000,Minimum,-1.21445e+17,-1.21445e+17,0.3,-1,59.8125,59.8125,0
1786441112134,3000,Minimum,-1.21445e+17,-1.21445e+17,0.3,-1,59.8125,59.8125,0
1786441112234,3000,Minimum,-1.21445e+17,-1.21445e+17,0.3,-1,59.8125,59.8125,0
1786441112334,3000,Minimum,-1.21445e+17,-1.21445e+17,0.3,-1,59.8125,59.8125,0
1786441112457,3000,Minimum,-1.21445e+17,-1.21445e+17,0.3,-1,59.8125,59.8125,0
1786441112555,3000,Minimum,-1.21445e+17,-1.21445e+17,0.3,-1,59.8125,59.8125,0
1786441112729,3000,Minimum,-1.21445e+17,-1.21445e+17,0.3,-1,59.8125,59.8125,0
1786441112758,3000,Minimum,4471,4471,0.3,-1,59.8125,59.8125,0
1786441112844,3000,Minimum,-1.21445e+17,-1.21445e+17,0.3,-1,59.8125,59.8125,0
1786441112934,3000,Minimum,4471,4471,0.3,-1,59.8125,59.8125,0
1786441113079,3000,Minimum,4471,4471,0.3,-1,59.8125,59.8125,0
1786441113163,3000,Minimum,4471,4471,0.3,-1,59.8125,59.8125,0
1786441113239,3000,Minimum,4471,4471,0.3,-1,59.8125,59.8125,0
1786441113368,3000,Minimum,4471,4471,0.3,-1,59.8125,59.8125,0
1786441113447,3000,Minimum,-1.21445e+17,-1.21445e+17,0.3,-1,59.8125,59.8125,0
1786441113534,3000,Minimum,4471,4471,0.3,-1,60.0625,60.0625,0
1786441113661,3000,Minimum,4471,4471,0.3,-1,60.0625,60.0625,0
1786441113734,3000,Minimum,4471,4471,0.3,-1,60.0625,60.0625,0
1786441113834,3000,Minimum,4471,4471,0.3,-1,60.0625,60.0625,0
1786441113934,3000,Minimum,4471,4471,0.3,-1,60.0625,60.0625,0
1786441114034,3000,Minimum,4471,4471,0.3,-1,60.0625,60.0625,0
1786441114134,3000,Minimum,4471,4471,0.3,-1,60.0625,60.0625,0
1786441114234,3000,Minimum,4471,4471,0.3,-1,60.0625,60.0625,0
1786441114337,3000,Minimum,4471,4471,0.3,-1,60.0625,60.0625,0
1786441114434,3000,Minimum,4471,4471,0.3,-1,60.0625,60.0625,0
1786441114534,3000,Minimum,4471,4471,0.3,-1,60.0625,60.0625,0
1786441115064,3000,Minimum,-1.21445e+17,-1.21445e+17,0.3,-1,60.0625,60.0625,0
1786441115172,3000,Minimum,-1.21445e+17,-1.21445e+17,0.3,-1,60.0625,60.0625,0
1786441115213,3000,Minimum,-1.21445e+17,-1.21445e+17,0.3,-1,60.0625,60.0625,0
1786441115227,3000,Minimum,-1.21445e+17,-1.21445e+17,0.3,-1,60.0625,60.0625,0
1786441115294,3000,Minimum,-1.21445e+17,-1.21445e+17,0.3,-1,60.0625,60.0625,0
1786441115467,3000,Minimum,-1.21445e+17,-1.21445e+17,0.3,-1,60.0625,60.0625,0
1786441115771,3000,Minimum,-1.21445e+17,-1.21445e+17,0.3,-1,60.0625,60.0625,0
1786441115933,3000,Minimum,-1.21445e+17,-1.21445e+17,0.3,-1,60.0625,60.0625,0
1786441116020,3000,Minimum,4471,4471,0.3,-1,60.0625,60.0625,0
1786441116023,3000,Minimum,4471,4471,0.3,-1,60.0625,60.0625,0
1786441116047,3000,Minimum,-1.21445e+17,-1.21445e+17,0.3,-1,60.0625,60.0625,0
1786441116048,3000,Minimum,4471,4471,0.3,-1,60.0625,60.0625,0
1786441116052,3000,Minimum,-1.21445e+17,-1.21445e+17,0.3,-1,60.0625,60.0625,0
1786441116052,3000,Minimum,4471,4471,0.3,-1,60.0625,60.0625,0
1786441116052,3000,Minimum,4471,4471,0.3,-1,60.0625,60.0625,0
1786441116134,3000,Minimum,4471,4471,0.3,-1,60.0625,60.0625,0
1786441116234,3000,Minimum,4471,4471,0.3,-1,60.0625,60.0625,0
1786441116334,3000,Minimum,4471,4471,0.3,-1,60.0625,60.0625,0
1786441116434,3000,Minimum,4471,4471,0.3,-1,60.0625,60.0625,0
1786441116537,3000,Minimum,4471,4471,0.3,-1,60.25,60.25,0
1786441116634,3000,Minimum,4471,4471,0.3,-1,60.25,60.25,0
1786441116734,3000,Minimum,4471,4471,0.3,-1,60.25,60.25,0
1786441116834,3000,Minimum,4471,4471,0.3,-1,60.25,60.25,0
1786441116934,3000,Minimum,4471,4471,0.3,-1,60.25,60.25,0
1786441117034,3000,Minimum,4471,4471,0.3,-1,60.25,60.25,0
1786441117134,3000,Minimum,4471,4471,0.3,-1,60.25,60.25,0
1786441117234,3000,Minimum,4471,4471,0.3,-1,60.25,60.25,0
1786441117334,3000,Minimum,4471,4471,0.3,-1,60.25,60.25,0
1786441117437,3000,Minimum,-1.21445e+17,-1.21445e+17,0.3,-1,60.25,60.25,0
1786441118314,3000,Minimum,4471,4471,0.3,-1,60.4375,60.4375,0
1786441118506,3000,Minimum,4471,4471,0.3,-1,60.4375,60.4375,0
1786441118538,3000,Minimum,4471,4471,0.3,-1,60.4375,60.4375,0
1786441118638,3000,Minimum,4471,4471,0.3,-1,60.4375,60.4375,0
1786441118989,3000,Minimum,4471,4471,0.3,-1,60.4375,60.4375,0
1786441119272,3000,Minimum,-1.21445e+17,-1.21445e+17,0.3,-1,60.4375,60.4375,0
1786441120354,3000,Minimum,-1.21445e+17,-1.21445e+17,0.3,-1,60.4375,60.4375,0
1786441121110,3000,Minimum,-1.21445e+17,-1.21445e+17,0.3,-1,60.4375,60.4375,0
1786441121364,3000,Minimum,-1.21445e+17,-1.21445e+17,0.3,-1,60.4375,60.4375,0
1786441121568,3000,Minimum,-1.21445e+17,-1.21445e+17,0.3,-1,60.4375,60.4375,0
1786441121890,3000,Minimum,4471,4471,0.3,-1,60.4375,60.4375,0
1786441122348,3000,Minimum,4471,4471,0.3,-1,60.4375,60.4375,0
1786441122827,3000,Minimum,4471,4471,0.3,-1,60.4375,60.4375,0
1786441123139,3000,Minimum,-1.21445e+17,-1.21445e+17,0.3,-1,60.4375,60.4375,0
1786441123445,3000,Minimum,-1.21445e+17,-1.21445e+17,0.3,-1,60.4375,60.4375,0
1786441123743,3000,Minimum,4471,4471,0.3,-1,60.4375,60.4375,0
1786441123952,3000,Minimum,4471,4471,0.3,-1,60.4375,60.4375,0
1786441124162,3000,Minimum,-1.21445e+17,-1.21445e+17,0.3,-1,60.4375,60.4375,0
1786441124289,3000,Minimum,4471,4471,0.3,-1,60.4375,60.4375,0
1786441124445,3000,Minimum,4471,4471,0.3,-1,60.4375,60.4375,1
1786441125164,3000,Minimum,-1.21445e+17,-1.21445e+17,1,-1,60.4375,60.4375,1
1786441125324,3000,Minimum,4471,4471,1,-1,60.4375,60.4375,1
1786441125569,3000,Minimum,-1.21445e+17,-1.21445e+17,1,-1,60.4375,60.4375,1
1786441125971,3000,Minimum,-1.21445e+17,-1.21445e+17,1,-1,60.4375,60.4375,1
1786441126005,3000,Minimum,-1.21445e+17,-1.21445e+17,1,-1,60.4375,60.4375,1
1786441126162,3000,Minimum,-1.21445e+17,-1.21445e+17,1,-1,60.4375,60.4375,1
1786441126189,3000,Minimum,-1.21445e+17,-1.21445e+17,1,-1,60.4375,60.4375,1
1786441126309,3000,Minimum,-1.21445e+17,-1.21445e+17,1,-1,60.4375,60.4375,1
1786441126309,3000,Minimum,-1.21445e+17,-1.21445e+17,1,-1,60.4375,60.4375,1
1786441126537,3000,Minimum,-1.21445e+17,-1.21445e+17,1,-1,60.4375,60.4375,1
1786441126634,3000,Minimum,4471,4471,1,-1,60.4375,60.4375,1
1786441126894,3000,Minimum,-1.21445e+17,-1.21445e+17,1,-1,60.4375,60.4375,1
1786441127209,3000,Minimum,-1.21445e+17,-1.21445e+17,1,-1,60.4375,60.4375,1
1786441127532,3000,Minimum,5173,5173,1,-1,60.4375,60.4375,1
1786441127872,3000,Minimum,-1.21445e+17,-1.21445e+17,1,-1,60.4375,60.4375,1
1786441128384,3000,Minimum,-1.21445e+17,-1.21445e+17,1,-1,60.4375,60.4375,1
1786441128650,3000,Minimum,7010,7010,1,-1,60.4375,60.4375,1
1786441128653,3000,Minimum,-1.21445e+17,-1.21445e+17,1,-1,60.4375,60.4375,1
1786441128654,3000,Minimum,7543,7543,1,-1,60.4375,60.4375,1
1786441128656,3000,Minimum,8040,8040,1,-1,60.4375,60.4375,1
1786441128657,3000,Minimum,8504,8504,1,-1,60.4375,60.4375,1
1786441128659,3000,Minimum,-1.21445e+17,-1.21445e+17,1,-1,60.4375,60.4375,1
1786441128660,3000,Minimum,-1.21445e+17,-1.21445e+17,1,-1,60.4375,60.4375,1
1786441128662,3000,Minimum,-1.21445e+17,-1.21445e+17,1,-1,60.4375,60.4375,1
1786441128663,3000,Minimum,-1.21445e+17,-1.21445e+17,1,-1,60.4375,60.4375,1
1786441128665,3000,Minimum,-1.21445e+17,-1.21445e+17,1,-1,60.4375,60.4375,1
1786441128666,3000,Minimum,-1.21445e+17,-1.21445e+17,1,-1,60.4375,60.4375,1
1786441128668,3000,Minimum,10399,10399,1,-1,60.4375,60.4375,1
1786441128668,3000,Minimum,-1.21445e+17,-1.21445e+17,1,-1,60.4375,60.4375,1
1786441128671,3000,Minimum,-1.21445e+17,-1.21445e+17,1,-1,60.4375,60.4375,1
1786441128672,3000,Minimum,-1.21445e+17,-1.21445e+17,1,-1,60.4375,60.4375,1
1786441128675,3000,Minimum,-1.21445e+17,-1.21445e+17,1,-1,60.4375,60.4375,1
1786441128677,3000,Minimum,-1.21445e+17,-1.21445e+17,1,-1,60.4375,60.4375,1
1786441128681,3000,Minimum,-1.21445e+17,-1.21445e+17,1,-1,60.4375,60.4375,1
1786441128684,3000,Minimum,-1.21445e+17,-1.21445e+17,1,-1,60.4375,60.4375,1
1786441128686,3000,Minimum,-1.21445e+17,-1.21445e+17,1,-1,60.4375,60.4375,1
1786441128691,3000,Minimum,12527,12527,1,-1,60.4375,60.4375,1
1786441128692,3000,Minimum,-1.21445e+17,-1.21445e+17,1,-1,60.4375,60.4375,1
1786441128696,3000,Minimum,-1.21445e+17,-1.21445e+17,1,-1,60.4375,60.4375,1
1786441128697,3000,Minimum,-1.21445e+17,-1.21445e+17,1,-1,60.4375,60.4375,1
1786441128701,3000,Minimum,-1.21445e+17,-1.21445e+17,1,-1,60.4375,60.4375,1
1786441128704,3000,Minimum,-1.21445e+17,-1.21445e+17,1,-1,60.4375,60.4375,1
1786441128708,3000,Minimum,-1.21445e+17,-1.21445e+17,1,-1,60.4375,60.4375,1
1786441128721,3000,Minimum,-1.21445e+17,-1.21445e+17,1,-1,60.4375,60.4375,1
1786441128744,3000,Minimum,-1.21445e+17,-1.21445e+17,1,-1,60.4375,60.4375,1
1786441128744,3000,Minimum,-1.21445e+17,-1.21445e+17,1,-1,60.4375,60.4375,1
1786441128748,3000,Minimum,-1.21445e+17,-1.21445e+17,1,-1,60.4375,60.4375,1
1786441128764,3000,Minimum,-1.21445e+17,-1.21445e+17,1,-1,60.4375,60.4375,1
1786441128768,3000,Minimum,-1.21445e+17,-1.21445e+17,1,-1,60.4375,60.4375,1
1786441128770,3000,Minimum,13992,13992,1,-1,60.4375,60.4375,1
1786441128770,3000,Minimum,13992,13992,1,-1,60.4375,60.4375,1
1786441128770,3000,Minimum,13992,13992,1,-1,60.4375,60.4375,1
1786441128771,3000,Minimum,13992,13992,1,-1,60.4375,60.4375,1
1786441128771,3000,Minimum,-1.21445e+17,-1.21445e+17,1,-1,60.4375,60.4375,1
1786441128771,3000,Minimum,14059,14059,1,-1,60.4375,60.4375,1
1786441128771,3000,Minimum,14059,14059,1,-1,60.4375,60.4375,1
1786441128771,3000,Minimum,14059,14059,1,-1,60.4375,60.4375,1
1786441128771,3000,Minimum,14122,14122,1,-1,60.4375,60.4375,1
1786441128772,3000,Minimum,14180,14180,1,-1,60.4375,60.4375,1
1786441128782,3000,Minimum,14235,14235,1,-1,60.4375,60.4375,1
1786441128782,3000,Minimum,-1.21445e+17,-1.21445e+17,1,-1,60.4375,60.4375,1
1786441128782,3000,Minimum,14286,14286,1,-1,60.4375,60.4375,1
1786441128784,3000,Minimum,-1.21445e+17,-1.21445e+17,1,-1,60.4375,60.4375,1
1786441128786,3000,Minimum,-1.21445e+17,-1.21445e+17,1,-1,60.4375,60.4375,1
1786441128792,3000,Minimum,-1.21445e+17,-1.21445e+17,1,-1,60.4375,60.4375,1
1786441128805,3000,Minimum,-1.21445e+17,-1.21445e+17,1,-1,60.4375,60.4375,1
1786441128812,3000,Minimum,-1.21445e+17,-1.21445e+17,1,-1,60.4375,60.4375,1
1786441128824,3000,Minimum,-1.21445e+17,-1.21445e+17,1,-1,60.4375,60.4375,1
1786441128824,3000,Minimum,14807,14807,1,-1,60.4375,60.4375,1
1786441128825,3000,Minimum,-1.21445e+17,-1.21445e+17,1,-1,60.4375,60.4375,1
1786441128826,3000,Minimum,14843,14843,1,-1,60.4375,60.4375,1
1786441128826,3000,Minimum,14854,14854,1,-1,60.4375,60.4375,1
1786441128826,3000,Minimum,14854,14854,1,-1,60.4375,60.4375,1
1786441128826,3000,Minimum,-1.21445e+17,-1.21445e+17,1,-1,60.4375,60.4375,1
1786441128827,3000,Minimum,14864,14864,1,-1,60.4375,60.4375,1
1786441128827,3000,Minimum,14873,14873,1,-1,60.4375,60.4375,1
1786441128827,3000,Minimum,14873,14873,1,-1,60.4375,60.4375,1
1786441128827,3000,Minimum,-1.21445e+17,-1.21445e+17,1,-1,60.4375,60.4375,1
1786441128828,3000,Minimum,14881,14881,1,-1,60.4375,60.4375,1
1786441128828,3000,Minimum,14881,14881,1,-1,60.4375,60.4375,1
1786441128828,3000,Minimum,14889,14889,1,-1,60.4375,60.4375,1
1786441128828,3000,Minimum,14889,14889,1,-1,60.4375,60.4375,1
1786441128829,3000,Minimum,14897,14897,1,-1,60.4375,60.4375,1
1786441128829,3000,Minimum,14897,14897,1,-1,60.4375,60.4375,1
1786441128829,3000,Minimum,14897,14897,1,-1,60.4375,60.4375,1
1786441128829,3000,Minimum,14903,14903,1,-1,60.4375,60.4375,1
1786441128830,3000,Minimum,14903,14903,1,-1,60.4375,60.4375,1
1786441128830,3000,Minimum,14910,14910,1,-1,60.4375,60.4375,1
1786441128830,3000,Minimum,14910,14910,1,-1,60.4375,60.4375,1
1786441128830,3000,Minimum,14910,14910,1,-1,60.4375,60.4375,1
1786441128830,3000,Minimum,-1.21445e+17,-1.21445e+17,1,-1,60.4375,60.4375,1
1786441128831,3000,Minimum,14916,14916,1,-1,60.4375,60.4375,1
1786441128831,3000,Minimum,14916,14916,1,-1,60.4375,60.4375,1
1786441128834,3000,Minimum,14952,14952,1,-1,60.4375,60.4375,1
1786441128934,3000,Minimum,14966,14966,1,-1,60.4375,60.4375,1
1786441129034,3000,Minimum,14968,14968,1,-1,60.4375,60.4375,1
1786441129134,3000,Minimum,14970,14970,1,-1,60.4375,60.4375,1
1786441129234,3000,Minimum,14972,14972,1,-1,60.4375,60.4375,1
1786441129334,3000,Minimum,14974,14974,1,-1,60.4375,60.4375,1
1786441129434,3000,Minimum,14976,14976,1,-1,60.4375,60.4375,0
1786441129534,3000,Minimum,14275,14275,0.3,-1,60.25,60.25,0
1786441129634,3000,Minimum,13622,13622,0.3,-1,60.25,60.25,0
1786441129734,3000,Minimum,13012,13012,0.3,-1,60.25,60.25,0
1786441129834,3000,Minimum,12442,12442,0.3,-1,60.25,60.25,0
1786441129934,3000,Minimum,11911,11911,0.3,-1,60.25,60.25,0
1786441130034,3000,Minimum,11415,11415,0.3,-1,60.25,60.25,0
1786441130134,3000,Minimum,10952,10952,0.3,-1,60.25,60.25,0
1786441130234,3000,Minimum,10520,10520,0.3,-1,60.25,60.25,0
1786441130334,3000,Minimum,10116,10116,0.3,-1,60.25,60.25,0
1786441130434,3000,Minimum,9740,9740,0.3,-1,60.25,60.25,0
1786441130534,3000,Minimum,9389,9389,0.3,-1,60,60,0
1786441130634,3000,Minimum,9061,9061,0.3,-1,60,60,0
1786441130734,3000,Minimum,8755,8755,0.3,-1,60,60,0
1786441130867,3000,Minimum,-1.21445e+17,-1.21445e+17,0.3,-1,60,60,0
1786441131138,3000,Minimum,-1.21445e+17,-1.21445e+17,0.3,-1,60,60,0
1786441131169,3000,Minimum,8469,8469,0.3,-1,60,60,0
1786441131182,3000,Minimum,8203,8203,0.3,-1,60,60,0
1786441131234,3000,Minimum,7505,7505,0.3,-1,60,60,0
1786441131334,3000,Minimum,7303,7303,0.3,-1,60,60,0
1786441131434,3000,Minimum,7114,7114,0.3,-1,60,60,0
1786441131534,3000,Minimum,6938,6938,0.3,-1,59.6875,59.6875,0
1786441131634,3000,Minimum,6773,6773,0.3,-1,59.6875,59.6875,0
1786441131734,3000,Minimum,6620,6620,0.3,-1,59.6875,59.6875,0
1786441131834,3000,Minimum,6476,6476,0.3,-1,59.6875,59.6875,0
1786441131934,3000,Minimum,6343,6343,0.3,-1,59.6875,59.6875,0
1786441132034,3000,Minimum,6218,6218,0.3,-1,59.6875,59.6875,0
1786441132134,3000,Minimum,6101,6101,0.3,-1,59.6875,59.6875,0
1786441132234,3000,Minimum,5993,5993,0.3,-1,59.6875,59.6875,0
1786441132334,3000,Minimum,5891,5891,0.3,-1,59.6875,59.6875,0
1786441132434,3000,Minimum,5796,5796,0.3,-1,59.6875,59.6875,0
1786441132534,3000,Minimum,5708,5708,0.3,-1,59.375,59.375,0
1786441132635,3000,Minimum,5626,5626,0.3,-1,59.375,59.375,0
1786441132734,3000,Minimum,5549,5549,0.3,-1,59.375,59.375,0
1786441132834,3000,Minimum,5477,5477,0.3,-1,59.375,59.375,0
1786441132934,3000,Minimum,5410,5410,0.3,-1,59.375,59.375,0
1786441133034,3000,Minimum,5347,5347,0.3,-1,59.375,59.375,0
1786441133134,3000,Minimum,5289,5289,0.3,-1,59.375,59.375,0
1786441133234,3000,Minimum,5234,5234,0.3,-1,59.375,59.375,0
1786441133334,3000,Minimum,5183,5183,0.3,-1,59.375,59.375,0
1786441133434,3000,Minimum,5136,5136,0.3,-1,59.375,59.375,0
1786441133534,3000,Minimum,5091,5091,0.3,-1,59.0625,59.0625,0
1786441133635,3000,Minimum,5050,5050,0.3,-1,59.0625,59.0625,0
1786441133734,3000,Minimum,5011,5011,0.3,-1,59.0625,59.0625,0
1786441133834,3000,Minimum,4975,4975,0.3,-1,59.0625,59.0625,0
1786441133934,3000,Minimum,4942,4942,0.3,-1,59.0625,59.0625,0
1786441134034,3000,Minimum,4910,4910,0.3,-1,59.0625,59.0625,0
1786441134134,3000,Minimum,4881,4881,0.3,-1,59.0625,59.0625,0
1786441134234,3000,Minimum,4854,4854,0.3,-1,59.0625,59.0625,0
1786441134334,3000,Minimum,4828,4828,0.3,-1,59.0625,59.0625,0
1786441134435,3000,Minimum,4804,4804,0.3,-1,59.0625,59.0625,0
1786441134534,3000,Minimum,4782,4782,0.3,-1,58.8125,58.8125,0
1786441134634,3000,Minimum,4761,4761,0.3,-1,58.8125,58.8125,0
1786441134734,3000,Minimum,4742,4742,0.3,-1,58.8125,58.8125,0
1786441134834,3000,Minimum,4724,4724,0.3,-1,58.8125,58.8125,0
1786441134934,3000,Minimum,4707,4707,0.3,-1,58.8125,58.8125,0
1786441135034,3000,Minimum,4691,4691,0.3,-1,58.8125,58.8125,0
1786441135134,3000,Minimum,-1.21445e+17,-1.21445e+17,0.3,-1,58.8125,58.8125,0
1786441135608,3000,Minimum,-1.21445e+17,-1.21445e+17,0.3,-1,58.8125,58.8125,0
1786441135619,3000,Minimum,4650,4650,0.3,-1,58.8125,58.8125,0
1786441135620,3000,Minimum,4650,4650,0.3,-1,58.8125,58.8125,0
1786441135620,3000,Minimum,4650,4650,0.3,-1,58.75,58.75,0
1786441135634,3000,Minimum,4616,4616,0.3,-1,58.75,58.75,0
1786441135734,3000,Minimum,4607,4607,0.3,-1,58.75,58.75,0
1786441135834,3000,Minimum,4598,4598,0.3,-1,58.75,58.75,0
1786441135934,3000,Minimum,-1.21445e+17,-1.21445e+17,0.3,-1,58.75,58.75,0
1786441136305,3000,Minimum,-1.21445e+17,-1.21445e+17,0.3,-1,58.75,58.75,0
1786441136417,3000,Minimum,-1.21445e+17,-1.21445e+17,0.3,-1,58.75,58.75,0
1786441136533,3000,Minimum,-1.21445e+17,-1.21445e+17,0.3,-1,58.75,58.75,0
1786441136656,3000,Minimum,-1.21445e+17,-1.21445e+17,0.3,-1,58.75,58.75,0
1786441136788,3000,Minimum,-1.21445e+17,-1.21445e+17,0.3,-1,58.75,58.75,0
1786441136854,3000,Minimum,-1.21445e+17,-1.21445e+17,0.3,-1,58.5,58.5,0
1786441137079,3000,Minimum,4544,4544,0.3,-1,58.5,58.5,0
1786441137176,3000,Minimum,-1.21445e+17,-1.21445e+17,0.3,-1,58.5,58.5,0
1786441137184,3000,Minimum,-1.21445e+17,-1.21445e+17,0.3,-1,58.5,58.5,0
1786441137236,3000,Minimum,4530,4530,0.3,-1,58.5,58.5,0
1786441137303,3000,Minimum,4526,4526,0.3,-1,58.5,58.5,0
1786441137340,3000,Minimum,4522,4522,0.3,-1,58.5,58.5,0
1786441137347,3000,Minimum,-1.21445e+17,-1.21445e+17,0.3,-1,58.5,58.5,0
1786441137348,3000,Minimum,4519,4519,0.3,-1,58.5,58.5,0
1786441137434,3000,Minimum,4513,4513,0.3,-1,58.5,58.5,0
1786441137534,3000,Minimum,4510,4510,0.3,-1,58.5,58.5,0
1786441137634,3000,Minimum,4507,4507,0.3,-1,58.5,58.5,0
1786441137734,3000,Minimum,4505,4505,0.3,-1,58.5,58.5,0
1786441137834,3000,Minimum,4503,4503,0.3,-1,58.5,58.5,0
1786441137934,3000,Minimum,4500,4500,0.3,-1,58.5,58.5,0
1786441138034,3000,Minimum,4498,4498,0.3,-1,58.5,58.5,0
1786441138134,3000,Minimum,4497,4497,0.3,-1,58.5,58.5,0
1786441138234,3000,Minimum,4495,4495,0.3,-1,58.5,58.5,0
1786441138334,3000,Minimum,4495,4495,0.3,-1,58.5,58.5,0
1786441138440,3000,Minimum,4492,4492,0.3,-1,58.5,58.5,0
1786441138537,3000,Minimum,4490,4490,0.3,-1,58.5625,58.5625,0
1786441138634,3000,Minimum,4489,4489,0.3,-1,58.5625,58.5625,0
1786441138735,3000,Minimum,4488,4488,0.3,-1,58.5625,58.5625,0
1786441138834,3000,Minimum,4487,4487,0.3,-1,58.5625,58.5625,0
1786441138935,3000,Minimum,4486,4486,0.3,-1,58.5625,58.5625,0
1786441139034,3000,Minimum,4485,4485,0.3,-1,58.5625,58.5625,0
1786441139134,3000,Minimum,4484,4484,0.3,-1,58.5625,58.5625,0
1786441139235,3000,Minimum,4483,4483,0.3,-1,58.5625,58.5625,0
1786441139334,3000,Minimum,4482,4482,0.3,-1,58.5625,58.5625,0
1786441139434,3000,Minimum,4481,4481,0.3,-1,58.5625,58.5625,0
1786441139534,3000,Minimum,4480,4480,0.3,-1,58.5,58.5,0
1786441139634,3000,Minimum,4480,4480,0.3,-1,58.5,58.5,0
1786441139734,3000,Minimum,4479,4479,0.3,-1,58.5,58.5,0
1786441139834,3000,Minimum,4479,4479,0.3,-1,58.5,58.5,0
1786441139934,3000,Minimum,4478,4478,0.3,-1,58.5,58.5,0
1786441140034,3000,Minimum,4478,4478,0.3,-1,58.5,58.5,0
1786441140134,3000,Minimum,4477,4477,0.3,-1,58.5,58.5,0
1786441140235,3000,Minimum,4477,4477,0.3,-1,58.5,58.5,0
1786441140334,3000,Minimum,4476,4476,0.3,-1,58.5,58.5,0
1786441140434,3000,Minimum,4476,4476,0.3,-1,58.5,58.5,0
1786441140534,3000,Minimum,4476,4476,0.3,-1,58.5625,58.5625,0
1786441140634,3000,Minimum,4475,4475,0.3,-1,58.5625,58.5625,0
1786441140734,3000,Minimum,4475,4475,0.3,-1,58.5625,58.5625,0
1786441140834,3000,Minimum,4475,4475,0.3,-1,58.5625,58.5625,0
1786441140934,3000,Minimum,4474,4474,0.3,-1,58.5625,58.5625,0
1786441141034,3000,Minimum,-1.21445e+17,-1.21445e+17,0.3,-1,58.5625,58.5625,0
1786441141134,3000,Minimum,-1.21445e+17,-1.21445e+17,0.3,-1,58.5625,58.5625,0
1786441141234,3000,Minimum,-1.21445e+17,-1.21445e+17,0.3,-1,58.5625,58.5625,0
1786441142470,3000,Minimum,4474,4474,0.3,-1,58.5625,58.5625,0
1786441142575,3000,Minimum,4474,4474,0.3,-1,58.5625,58.5625,0
1786441142634,3000,Minimum,4474,4474,0.3,-1,58.6875,58.6875,0
1786441142762,3000,Minimum,-1.21445e+17,-1.21445e+17,0.3,-1,58.6875,58.6875,0
1786441142807,3000,Minimum,-1.21445e+17,-1.21445e+17,0.3,-1,58.6875,58.6875,0
1786441142833,3000,Minimum,-1.21445e+17,-1.21445e+17,0.3,-1,58.6875,58.6875,0
1786441142880,3000,Minimum,-1.21445e+17,-1.21445e+17,0.3,-1,58.6875,58.6875,0
1786441142988,3000,Minimum,-1.21445e+17,-1.21445e+17,0.3,-1,58.6875,58.6875,0
1786441143157,3000,Minimum,-1.21445e+17,-1.21445e+17,0.3,-1,58.6875,58.6875,0
1786441144487,3000,Minimum,-1.21445e+17,-1.21445e+17,0.3,-1,58.6875,58.6875,0
1786441145281,3000,Minimum,-1.21445e+17,-1.21445e+17,0.3,-1,58.6875,58.6875,0
1786441145344,3000,Minimum,4472,4472,0.3,-1,58.6875,58.6875,0
1786441145436,3000,Minimum,4472,4472,0.3,-1,58.6875,58.6875,0
1786441145520,3000,Minimum,4472,4472,0.3,-1,58.6875,58.6875,0
1786441145565,3000,Minimum,-1.21445e+17,-1.21445e+17,0.3,-1,58.6875,58.6875,0
1786441145612,3000,Minimum,-1.21445e+17,-1.21445e+17,0.3,-1,58.6875,58.6875,0
1786441145761,3000,Minimum,-1.21445e+17,-1.21445e+17,0.3,-1,58.6875,58.6875,0
1786441145827,3000,Minimum,-1.21445e+17,-1.21445e+17,0.3,-1,58.6875,58.6875,0
1786441146396,3000,Minimum,4472,4472,0.3,-1,58.6875,58.6875,0
1786441146464,3000,Minimum,-1.21445e+17,-1.21445e+17,0.3,-1,58.6875,58.6875,0
1786441146556,3000,Minimum,-1.21445e+17,-1.21445e+17,0.3,-1,58.6875,58.6875,0
1786441146726,3000,Minimum,-1.21445e+17,-1.21445e+17,0.3,-1,58.6875,58.6875,1
1786441146772,3000,Minimum,-1.21445e+17,-1.21445e+17,1,-1,58.6875,58.6875,1
1786441146907,3000,Minimum,-1.21445e+17,-1.21445e+17,1,-1,58.6875,58.6875,1
1786441147182,3000,Minimum,-1.21445e+17,-1.21445e+17,1,-1,58.6875,58.6875,1
1786441147332,3000,Minimum,4471,4471,1,-1,58.6875,58.6875,1
1786441147657,3000,Minimum,-1.21445e+17,-1.21445e+17,1,-1,58.6875,58.6875,1
1786441148007,3000,Minimum,-1.21445e+17,-1.21445e+17,1,-1,58.6875,58.6875,1
1786441148314,3000,Minimum,-1.21445e+17,-1.21445e+17,1,-1,58.6875,58.6875,1
1786441148619,3000,Minimum,-1.21445e+17,-1.21445e+17,1,-1,58.6875,58.6875,1
1786441148971,3000,Minimum,-1.21445e+17,-1.21445e+17,1,-1,58.6875,58.6875,1
1786441149184,3000,Minimum,-1.21445e+17,-1.21445e+17,1,-1,58.6875,58.6875,1
1786441149338,3000,Minimum,-1.21445e+17,-1.21445e+17,1,-1,58.6875,58.6875,1
1786441149614,3000,Minimum,5173,5173,1,-1,58.6875,58.6875,1
1786441150806,3000,Minimum,-1.21445e+17,-1.21445e+17,1,-1,58.6875,58.6875,1
1786441150927,3000,Minimum,-1.21445e+17,-1.21445e+17,1,-1,58.6875,58.6875,1
1786441151212,3000,Minimum,-1.21445e+17,-1.21445e+17,1,-1,58.6875,58.6875,1
1786441151401,3000,Minimum,-1.21445e+17,-1.21445e+17,1,-1,58.6875,58.6875,1
1786441151561,3000,Minimum,-1.21445e+17,-1.21445e+17,1,-1,58.6875,58.6875,1
1786441151742,3000,Minimum,-1.21445e+17,-1.21445e+17,1,-1,58.6875,58.6875,1
1786441151899,3000,Minimum,8937,8937,1,-1,58.6875,58.6875,1
1786441152156,3000,Minimum,9341,9341,1,-1,58.6875,58.6875,1
1786441152458,3000,Minimum,-1.21445e+17,-1.21445e+17,1,-1,58.6875,58.6875,1
1786441152676,3000,Minimum,10071,10071,1,-1,58.6875,58.6875,1
1786441153023,3000,Minimum,-1.21445e+17,-1.21445e+17,1,-1,58.6875,58.6875,1
1786441153153,3000,Minimum,10706,10706,1,-1,58.6875,58.6875,1
1786441153153,3000,Minimum,10706,10706,1,-1,58.6875,58.6875,1
1786441153192,3000,Minimum,-1.21445e+17,-1.21445e+17,1,-1,58.6875,58.6875,1
1786441153196,3000,Minimum,11509,11509,1,-1,58.6875,58.6875,1
1786441153236,3000,Minimum,-1.21445e+17,-1.21445e+17,1,-1,58.6875,58.6875,1
1786441153319,3000,Minimum,11742,11742,1,-1,58.6875,58.6875,1
1786441153689,3000,Minimum,-1.21445e+17,-1.21445e+17,1,-1,58.6875,58.6875,1
1786441153775,3000,Minimum,12161,12161,1,-1,58.6875,58.6875,1
1786441154131,3000,Minimum,12351,12351,1,-1,58.6875,58.6875,1
1786441154458,3000,Minimum,-1.21445e+17,-1.21445e+17,1,-1,58.6875,58.6875,1
1786441155097,3000,Minimum,-1.21445e+17,-1.21445e+17,1,-1,58.6875,58.6875,1
1786441155297,3000,Minimum,-1.21445e+17,-1.21445e+17,1,-1,58.6875,58.6875,1
1786441155386,3000,Minimum,-1.21445e+17,-1.21445e+17,1,-1,58.6875,58.6875,1
1786441155716,3000,Minimum,-1.21445e+17,-1.21445e+17,1,-1,58.6875,58.6875,1
1786441155775,3000,Minimum,-1.21445e+17,-1.21445e+17,1,-1,58.6875,58.6875,1
1786441156052,3000,Minimum,-1.21445e+17,-1.21445e+17,1,-1,58.6875,58.6875,1
1786441156111,3000,Minimum,-1.21445e+17,-1.21445e+17,1,-1,58.6875,58.6875,1
1786441156289,3000,Minimum,-1.21445e+17,-1.21445e+17,1,-1,58.6875,58.6875,1
1786441156444,3000,Minimum,-1.21445e+17,-1.21445e+17,1,-1,58.6875,58.6875,1
1786441156570,3000,Minimum,13760,13760,1,-1,58.6875,58.6875,1
1786441156723,3000,Minimum,13842,13842,1,-1,58.6875,58.6875,1
1786441156997,3000,Minimum,13920,13920,1,-1,58.6875,58.6875,1
1786441157206,3000,Minimum,13992,13992,1,-1,58.6875,58.6875,1
1786441157396,3000,Minimum,14059,14059,1,-1,58.6875,58.6875,1
1786441157396,3000,Minimum,14122,14122,1,-1,58.6875,58.6875,1
1786441157396,3000,Minimum,14122,14122,1,-1,58.6875,58.6875,1
1786441157489,3000,Minimum,14180,14180,1,-1,58.6875,58.6875,1
1786441157754,3000,Minimum,-1.21445e+17,-1.21445e+17,1,-1,58.6875,58.6875,1
1786441157842,3000,Minimum,-1.21445e+17,-1.21445e+17,1,-1,58.6875,58.6875,1
1786441158000,3000,Minimum,-1.21445e+17,-1.21445e+17,1,-1,58.6875,58.6875,1
1786441158030,3000,Minimum,-1.21445e+17,-1.21445e+17,1,-1,58.6875,58.6875,1
1786441158032,3000,Minimum,14419,14419,1,-1,58.6875,58.6875,1
1786441158058,3000,Minimum,14458,14458,1,-1,58.6875,58.6875,1
1786441158062,3000,Minimum,-1.21445e+17,-1.21445e+17,1,-1,58.6875,58.6875,1
1786441158063,3000,Minimum,14528,14528,1,-1,58.6875,58.6875,1
1786441158151,3000,Minimum,14559,14559,1,-1,58.6875,58.6875,1
1786441158396,3000,Minimum,14589,14589,1,-1,58.6875,58.6875,1
1786441158646,3000,Minimum,-1.21445e+17,-1.21445e+17,1,-1,58.6875,58.6875,1
1786441158844,3000,Minimum,-1.21445e+17,-1.21445e+17,1,-1,58.6875,58.6875,1
1786441159094,3000,Minimum,-1.21445e+17,-1.21445e+17,1,-1,58.6875,58.6875,1
1786441159433,3000,Minimum,14688,14688,1,-1,58.6875,58.6875,1
1786441159914,3000,Minimum,14709,14709,1,-1,58.6875,58.6875,1
1786441159918,3000,Minimum,-1.21445e+17,-1.21445e+17,1,-1,58.6875,58.6875,1
1786441159921,3000,Minimum,14763,14763,1,-1,58.6875,58.6875,1
1786441159923,3000,Minimum,14779,14779,1,-1,58.6875,58.6875,1
1786441159926,3000,Minimum,-1.21445e+17,-1.21445e+17,1,-1,58.6875,58.6875,1
1786441159927,3000,Minimum,14807,14807,1,-1,58.6875,58.6875,1
1786441159927,3000,Minimum,14807,14807,1,-1,58.6875,58.6875,1
1786441159930,3000,Minimum,14820,14820,1,-1,58.6875,58.6875,1
1786441159933,3000,Minimum,14832,14832,1,-1,58.6875,58.6875,1
1786441159934,3000,Minimum,-1.21445e+17,-1.21445e+17,1,-1,58.6875,58.6875,1
1786441159936,3000,Minimum,14843,14843,1,-1,58.6875,58.6875,1
1786441159939,3000,Minimum,14854,14854,1,-1,58.6875,58.6875,1
1786441159940,3000,Minimum,14864,14864,1,-1,58.6875,58.6875,1
1786441159941,3000,Minimum,-1.21445e+17,-1.21445e+17,1,-1,58.6875,58.6875,1
1786441159942,3000,Minimum,14873,14873,1,-1,58.6875,58.6875,1
1786441159945,3000,Minimum,14889,14889,1,-1,58.6875,58.6875,1
1786441159947,3000,Minimum,-1.21445e+17,-1.21445e+17,1,-1,58.6875,58.6875,1
1786441159948,3000,Minimum,14903,14903,1,-1,58.6875,58.6875,1
1786441159948,3000,Minimum,14903,14903,1,-1,58.6875,58.6875,1
1786441159951,3000,Minimum,14916,14916,1,-1,58.6875,58.6875,1
1786441159954,3000,Minimum,-1.21445e+17,-1.21445e+17,1,-1,58.6875,58.6875,1
1786441159956,3000,Minimum,-1.21445e+17,-1.21445e+17,1,-1,58.6875,58.6875,1
1786441159959,3000,Minimum,-1.21445e+17,-1.21445e+17,1,-1,58.6875,58.6875,1
1786441159968,3000,Minimum,-1.21445e+17,-1.21445e+17,1,-1,58.6875,58.6875,1
1786441159971,3000,Minimum,-1.21445e+17,-1.21445e+17,1,-1,58.6875,58.6875,1
1786441159976,3000,Minimum,-1.21445e+17,-1.21445e+17,1,-1,58.6875,58.6875,1
1786441159977,3000,Minimum,-1.21445e+17,-1.21445e+17,1,-1,58.6875,58.6875,1
1786441159979,3000,Minimum,-1.21445e+17,-1.21445e+17,1,-1,58.6875,58.6875,1
1786441159982,3000,Minimum,-1.21445e+17,-1.21445e+17,1,-1,58.6875,58.6875,1
1786441159984,3000,Minimum,-1.21445e+17,-1.21445e+17,1,-1,58.6875,58.6875,1
1786441159985,3000,Minimum,-1.21445e+17,-1.21445e+17,1,-1,58.6875,58.6875,1
1786441159988,3000,Minimum,-1.21445e+17,-1.21445e+17,1,-1,58.6875,58.6875,1
1786441159994,3000,Minimum,-1.21445e+17,-1.21445e+17,1,-1,58.6875,58.6875,1
1786441160004,3000,Minimum,-1.21445e+17,-1.21445e+17,1,-1,58.6875,58.6875,1
1786441160005,3000,Minimum,14972,14972,1,-1,58.6875,58.6875,1
1786441160007,3000,Minimum,14974,14974,1,-1,58.6875,58.6875,1
1786441160022,3000,Minimum,14979,14979,1,-1,58.6875,58.6875,1
1786441160038,3000,Minimum,14982,14982,1,-1,58.6875,58.6875,1
1786441160065,3000,Minimum,-1.21445e+17,-1.21445e+17,1,-1,58.6875,58.6875,1
1786441160075,3000,Minimum,-1.21445e+17,-1.21445e+17,1,-1,58.6875,58.6875,1
1786441160101,3000,Minimum,-1.21445e+17,-1.21445e+17,1,-1,58.6875,58.6875,1
1786441160117,3000,Minimum,-1.21445e+17,-1.21445e+17,1,-1,58.6875,58.6875,1
1786441160133,3000,Minimum,-1.21445e+17,-1.21445e+17,1,-1,58.6875,58.6875,1
1786441160140,3000,Minimum,-1.21445e+17,-1.21445e+17,1,-1,58.6875,58.6875,1
1786441160141,3000,Minimum,14988,14988,1,-1,58.6875,58.6875,1
1786441160141,3000,Minimum,14988,14988,1,-1,58.6875,58.6875,1
1786441160142,3000,Minimum,14989,14989,1,-1,58.6875,58.6875,1
1786441160143,3000,Minimum,14990,14990,1,-1,58.6875,58.6875,1
1786441160143,3000,Minimum,14990,14990,1,-1,58.6875,58.6875,1
1786441160143,3000,Minimum,14991,14991,1,-1,58.6875,58.6875,1
1786441160144,3000,Minimum,14991,14991,1,-1,58.6875,58.6875,1
1786441160144,3000,Minimum,14992,14992,1,-1,58.6875,58.6875,1
1786441160145,3000,Minimum,-1.21445e+17,-1.21445e+17,1,-1,58.6875,58.6875,1
1786441160145,3000,Minimum,14992,14992,1,-1,58.6875,58.6875,1
1786441160145,3000,Minimum,14992,14992,1,-1,58.6875,58.6875,1
1786441160146,3000,Minimum,14993,14993,1,-1,58.6875,58.6875,1
1786441160146,3000,Minimum,-1.21445e+17,-1.21445e+17,1,-1,58.6875,58.6875,1
1786441160146,3000,Minimum,14993,14993,1,-1,58.6875,58.6875,1
1786441160147,3000,Minimum,-1.21445e+17,-1.21445e+17,1,-1,58.6875,58.6875,1
1786441160147,3000,Minimum,14994,14994,1,-1,58.6875,58.6875,1
1786441160148,3000,Minimum,14994,14994,1,-1,58.6875,58.6875,1
1786441160148,3000,Minimum,14994,14994,1,-1,58.6875,58.6875,1
1786441160148,3000,Minimum,14994,14994,1,-1,58.6875,58.6875,1
1786441160148,3000,Minimum,14994,14994,1,-1,58.6875,58.6875,1
1786441160148,3000,Minimum,14994,14994,1,-1,58.6875,58.6875,1
1786441160149,3000,Minimum,14994,14994,1,-1,58.6875,58.6875,1
1786441160149,3000,Minimum,-1.21445e+17,-1.21445e+17,1,-1,58.6875,58.6875,1
1786441160149,3000,Minimum,14995,14995,1,-1,58.6875,58.6875,1
1786441160152,3000,Minimum,14995,14995,1,-1,58.6875,58.6875,1
1786441160152,3000,Minimum,14995,14995,1,-1,58.6875,58.6875,1
1786441160152,3000,Minimum,14995,14995,1,-1,58.6875,58.6875,1
1786441160156,3000,Minimum,-1.21445e+17,-1.21445e+17,1,-1,58.6875,58.6875,1
1786441160157,3000,Minimum,14996,14996,1,-1,58.6875,58.6875,1
1786441160157,3000,Minimum,14996,14996,1,-1,58.6875,58.6875,1
1786441160157,3000,Minimum,14996,14996,1,-1,58.6875,58.6875,1
1786441160158,3000,Minimum,14996,14996,1,-1,58.6875,58.6875,1
1786441160164,3000,Minimum,14996,14996,1,-1,58.6875,58.6875,1
1786441160164,3000,Minimum,14996,14996,1,-1,58.6875,58.6875,1
1786441160164,3000,Minimum,14996,14996,1,-1,58.6875,58.6875,1
1786441160164,3000,Minimum,-1.21445e+17,-1.21445e+17,1,-1,58.6875,58.6875,1
1786441160165,3000,Minimum,14997,14997,1,-1,58.6875,58.6875,1
1786441160165,3000,Minimum,14997,14997,1,-1,58.6875,58.6875,1
1786441160165,3000,Minimum,-1.21445e+17,-1.21445e+17,1,-1,58.6875,58.6875,1
1786441160165,3000,Minimum,14997,14997,1,-1,58.6875,58.6875,1
1786441160165,3000,Minimum,-1.21445e+17,-1.21445e+17,1,-1,58.6875,58.6875,1
1786441160166,3000,Minimum,14997,14997,1,-1,58.6875,58.6875,1
1786441160166,3000,Minimum,14998,14998,1,-1,58.6875,58.6875,1
1786441160166,3000,Minimum,14998,14998,1,-1,58.6875,58.6875,1
1786441160166,3000,Minimum,-1.21445e+17,-1.21445e+17,1,-1,58.6875,58.6875,1
1786441160167,3000,Minimum,14998,14998,1,-1,58.6875,58.6875,1
1786441160167,3000,Minimum,14998,14998,1,-1,58.6875,58.6875,1
1786441160167,3000,Minimum,14998,14998,1,-1,58.6875,58.6875,1
1786441160167,3000,Minimum,14998,14998,1,-1,58.6875,58.6875,1
1786441160167,3000,Minimum,14998,14998,1,-1,58.6875,58.6875,1
1786441160168,3000,Minimum,14998,14998,1,-1,58.6875,58.6875,1
1786441160168,3000,Minimum,14998,14998,1,-1,58.6875,58.6875,1
1786441160168,3000,Minimum,14998,14998,1,-1,58.6875,58.6875,1
1786441160168,3000,Minimum,-1.21445e+17,-1.21445e+17,1,-1,58.6875,58.6875,1
1786441160169,3000,Minimum,14998,14998,1,-1,58.6875,58.6875,1
1786441160169,3000,Minimum,14999,14999,1,-1,58.6875,58.6875,1
1786441160169,3000,Minimum,14999,14999,1,-1,58.6875,58.6875,1
1786441160169,3000,Minimum,-1.21445e+17,-1.21445e+17,1,-1,58.6875,58.6875,1
1786441160169,3000,Minimum,14999,14999,1,-1,58.6875,58.6875,1
1786441160234,3000,Minimum,15000,15000,1,-1,58.6875,58.6875,1
1786441160334,3000,Minimum,15000,15000,1,-1,58.6875,58.6875,1
1786441160434,3000,Minimum,15000,15000,1,-1,58.6875,58.6875,0
1786441160534,3000,Minimum,14298,14298,0.3,-1,56.8125,56.8125,0
1786441160634,3000,Minimum,13643,13643,0.3,-1,56.8125,56.8125,0
1786441160734,3000,Minimum,13031,13031,0.3,-1,56.8125,56.8125,0
1786441160834,3000,Minimum,12461,12461,0.3,-1,56.8125,56.8125,0
1786441160934,3000,Minimum,11928,11928,0.3,-1,56.8125,56.8125,0
1786441161034,3000,Minimum,11431,11431,0.3,-1,56.8125,56.8125,0
1786441161134,3000,Minimum,10967,10967,0.3,-1,56.8125,56.8125,0
1786441161234,3000,Minimum,10534,10534,0.3,-1,56.8125,56.8125,0
1786441161334,3000,Minimum,10129,10129,0.3,-1,56.8125,56.8125,0
1786441161434,3000,Minimum,9752,9752,0.3,-1,56.8125,56.8125,0
1786441161534,3000,Minimum,9400,9400,0.3,-1,56.5625,56.5625,0
1786441161634,3000,Minimum,9071,9071,0.3,-1,56.5625,56.5625,0
1786441161734,3000,Minimum,8765,8765,0.3,-1,56.5625,56.5625,0
1786441161834,3000,Minimum,8478,8478,0.3,-1,56.5625,56.5625,0
1786441161934,3000,Minimum,8211,8211,0.3,-1,56.5625,56.5625,0
1786441162035,3000,Minimum,7962,7962,0.3,-1,56.5625,56.5625,0
1786441162134,3000,Minimum,7729,7729,0.3,-1,56.5625,56.5625,0
1786441162234,3000,Minimum,7512,7512,0.3,-1,56.5625,56.5625,0
1786441162336,3000,Minimum,7309,7309,0.3,-1,56.5625,56.5625,0
1786441162434,3000,Minimum,7120,7120,0.3,-1,56.5625,56.5625,0
1786441162534,3000,Minimum,6943,6943,0.3,-1,56.0625,56.0625,0
1786441162634,3000,Minimum,6778,6778,0.3,-1,56.0625,56.0625,0
1786441162734,3000,Minimum,6625,6625,0.3,-1,56.0625,56.0625,0
1786441162834,3000,Minimum,6481,6481,0.3,-1,56.0625,56.0625,0
1786441162939,3000,Minimum,6347,6347,0.3,-1,56.0625,56.0625,0
1786441163034,3000,Minimum,6222,6222,0.3,-1,56.0625,56.0625,0
1786441163134,3000,Minimum,6105,6105,0.3,-1,56.0625,56.0625,0
1786441163234,3000,Minimum,5996,5996,0.3,-1,56.0625,56.0625,0
1786441163334,3000,Minimum,5894,5894,0.3,-1,56.0625,56.0625,0
1786441163434,3000,Minimum,5800,5800,0.3,-1,56.0625,56.0625,0
1786441163534,3000,Minimum,5711,5711,0.3,-1,55.875,55.875,0
1786441163634,3000,Minimum,5628,5628,0.3,-1,55.875,55.875,0
1786441163734,3000,Minimum,5551,5551,0.3,-1,55.875,55.875,0
1786441163834,3000,Minimum,5479,5479,0.3,-1,55.875,55.875,0
1786441163934,3000,Minimum,5412,5412,0.3,-1,55.875,55.875,0
1786441164034,3000,Minimum,5349,5349,0.3,-1,55.875,55.875,0
1786441164134,3000,Minimum,5290,5290,0.3,-1,55.875,55.875,0
1786441164234,3000,Minimum,5236,5236,0.3,-1,55.875,55.875,0
1786441164334,3000,Minimum,5185,5185,0.3,-1,55.875,55.875,0
1786441164434,3000,Minimum,5137,5137,0.3,-1,55.875,55.875,0
1786441164534,3000,Minimum,5093,5093,0.3,-1,55.6875,55.6875,0
1786441164634,3000,Minimum,5051,5051,0.3,-1,55.6875,55.6875,0
1786441164734,3000,Minimum,5013,5013,0.3,-1,55.6875,55.6875,0
1786441164834,3000,Minimum,4976,4976,0.3,-1,55.6875,55.6875,0
1786441164934,3000,Minimum,4943,4943,0.3,-1,55.6875,55.6875,0
1786441165034,3000,Minimum,4911,4911,0.3,-1,55.6875,55.6875,0
1786441165134,3000,Minimum,4882,4882,0.3,-1,55.6875,55.6875,0
1786441165234,3000,Minimum,4854,4854,0.3,-1,55.6875,55.6875,0
1786441165334,3000,Minimum,4829,4829,0.3,-1,55.6875,55.6875,0
1786441165434,3000,Minimum,4805,4805,0.3,-1,55.6875,55.6875,0
1786441165534,3000,Minimum,4783,4783,0.3,-1,55.3125,55.3125,0
1786441165634,3000,Minimum,4762,4762,0.3,-1,55.3125,55.3125,0
1786441165734,3000,Minimum,4742,4742,0.3,-1,55.3125,55.3125,0
1786441165834,3000,Minimum,4724,4724,0.3,-1,55.3125,55.3125,0
1786441165934,3000,Minimum,4707,4707,0.3,-1,55.3125,55.3125,0
1786441166034,3000,Minimum,4692,4692,0.3,-1,55.3125,55.3125,0
1786441166134,3000,Minimum,4677,4677,0.3,-1,55.3125,55.3125,0
1786441166234,3000,Minimum,4663,4663,0.3,-1,55.3125,55.3125,0
1786441166334,3000,Minimum,4650,4650,0.3,-1,55.3125,55.3125,0
1786441166434,3000,Minimum,4638,4638,0.3,-1,55.3125,55.3125,0
1786441166534,3000,Minimum,4627,4627,0.3,-1,55.375,55.375,0
1786441166634,3000,Minimum,4617,4617,0.3,-1,55.375,55.375,0
1786441166734,3000,Minimum,4607,4607,0.3,-1,55.375,55.375,0
1786441166834,3000,Minimum,4598,4598,0.3,-1,55.375,55.375,0
1786441166934,3000,Minimum,4589,4589,0.3,-1,55.375,55.375,0
1786441167034,3000,Minimum,4581,4581,0.3,-1,55.375,55.375,0
1786441167134,3000,Minimum,4574,4574,0.3,-1,55.375,55.375,0
1786441167234,3000,Minimum,4567,4567,0.3,-1,55.375,55.375,0
1786441167334,3000,Minimum,4561,4561,0.3,-1,55.375,55.375,0
1786441167434,3000,Minimum,4555,4555,0.3,-1,55.375,55.375,0
1786441167534,3000,Minimum,4549,4549,0.3,-1,55.3125,55.3125,0
1786441167634,3000,Minimum,4544,4544,0.3,-1,55.3125,55.3125,0
1786441167734,3000,Minimum,4539,4539,0.3,-1,55.3125,55.3125,0
1786441167834,3000,Minimum,4534,4534,0.3,-1,55.3125,55.3125,0
1786441167934,3000,Minimum,4530,4530,0.3,-1,55.3125,55.3125,0
1786441168034,3000,Minimum,4526,4526,0.3,-1,55.3125,55.3125,0
1786441168134,3000,Minimum,4522,4522,0.3,-1,55.3125,55.3125,0
1786441168234,3000,Minimum,4519,4519,0.3,-1,55.3125,55.3125,0
1786441168334,3000,Minimum,4516,4516,0.3,-1,55.3125,55.3125,0
1786441168434,3000,Minimum,4513,4513,0.3,-1,55.3125,55.3125,0
1786441168534,3000,Minimum,4510,4510,0.3,-1,55.3125,55.3125,0
1786441168634,3000,Minimum,4507,4507,0.3,-1,55.3125,55.3125,0
1786441168734,3000,Minimum,4505,4505,0.3,-1,55.3125,55.3125,0
1786441168834,3000,Minimum,4503,4503,0.3,-1,55.3125,55.3125,0
1786441168934,3000,Minimum,4500,4500,0.3,-1,55.3125,55.3125,0
1786441169034,3000,Minimum,4498,4498,0.3,-1,55.3125,55.3125,0
1786441169134,3000,Minimum,4497,4497,0.3,-1,55.3125,55.3125,0
1786441169234,3000,Minimum,4495,4495,0.3,-1,55.3125,55.3125,0
1786441169334,3000,Minimum,4493,4493,0.3,-1,55.3125,55.3125,0
1786441169434,3000,Minimum,4492,4492,0.3,-1,55.3125,55.3125,0
1786441169534,3000,Minimum,4490,4490,0.3,-1,55.4375,55.4375,0
1786441169634,3000,Minimum,4489,4489,0.3,-1,55.4375,55.4375,0
1786441169734,3000,Minimum,4488,4488,0.3,-1,55.4375,55.4375,0
1786441169834,3000,Minimum,4487,4487,0.3,-1,55.4375,55.4375,0
1786441169934,3000,Minimum,4486,4486,0.3,-1,55.4375,55.4375,0
1786441170034,3000,Minimum,4485,4485,0.3,-1,55.4375,55.4375,0
1786441170134,3000,Minimum,4484,4484,0.3,-1,55.4375,55.4375,0
1786441170234,3000,Minimum,4483,4483,0.3,-1,55.4375,55.4375,0
1786441170334,3000,Minimum,4482,4482,0.3,-1,55.4375,55.4375,0
1786441170434,3000,Minimum,4481,4481,0.3,-1,55.4375,55.4375,0
1786441170534,3000,Minimum,4480,4480,0.3,-1,55.4375,55.4375,0
1786441170634,3000,Minimum,4480,4480,0.3,-1,55.4375,55.4375,0
1786441170734,3000,Minimum,4479,4479,0.3,-1,55.4375,55.4375,0
1786441170834,3000,Minimum,4479,4479,0.3,-1,55.4375,55.4375,0
1786441170934,3000,Minimum,4478,4478,0.3,-1,55.4375,55.4375,0
1786441171034,3000,Minimum,4478,4478,0.3,-1,55.4375,55.4375,0
1786441171134,3000,Minimum,4477,4477,0.3,-1,55.4375,55.4375,0
1786441171234,3000,Minimum,4477,4477,0.3,-1,55.4375,55.4375,0
1786441171334,3000,Minimum,4476,4476,0.3,-1,55.4375,55.4375,0
1786441171435,3000,Minimum,4476,4476,0.3,-1,55.4375,55.4375,0
1786441171534,3000,Minimum,4476,4476,0.3,-1,55.6875,55.6875,0
1786441171637,3000,Minimum,4475,4475,0.3,-1,55.6875,55.6875,0
1786441171734,3000,Minimum,4475,4475,0.3,-1,55.6875,55.6875,0
1786441171834,3000,Minimum,4475,4475,0.3,-1,55.6875,55.6875,0
1786441171934,3000,Minimum,4474,4474,0.3,-1,55.6875,55.6875,0
1786441172034,3000,Minimum,4474,4474,0.3,-1,55.6875,55.6875,0
1786441172134,3000,Minimum,4474,4474,0.3,-1,55.6875,55.6875,0
1786441172234,3000,Minimum,4474,4474,0.3,-1,55.6875,55.6875,0
1786441172334,3000,Minimum,4473,4473,0.3,-1,55.6875,55.6875,0
1786441172434,3000,Minimum,4473,4473,0.3,-1,55.6875,55.6875,0
1786441172534,3000,Minimum,4473,4473,0.3,-1,55.6875,55.6875,0
1786441172634,3000,Minimum,4473,4473,0.3,-1,55.6875,55.6875,0
1786441172734,3000,Minimum,4473,4473,0.3,-1,55.6875,55.6875,0
1786441172834,3000,Minimum,4473,4473,0.3,-1,55.6875,55.6875,0
1786441172934,3000,Minimum,4472,4472,0.3,-1,55.6875,55.6875,0
1786441173034,3000,Minimum,4472,4472,0.3,-1,55.6875,55.6875,0
1786441173134,3000,Minimum,4472,4472,0.3,-1,55.6875,55.6875,0
1786441173234,3000,Minimum,4472,4472,0.3,-1,55.6875,55.6875,0
1786441173334,3000,Minimum,4472,4472,0.3,-1,55.6875,55.6875,0
1786441173434,3000,Minimum,4472,4472,0.3,-1,55.6875,55.6875,0
1786441173534,3000,Minimum,4472,4472,0.3,-1,55.875,55.875,0
1786441173634,3000,Minimum,4472,4472,0.3,-1,55.875,55.875,0
1786441173734,3000,Minimum,4472,4472,0.3,-1,55.875,55.875,0
1786441173834,3000,Minimum,4472,4472,0.3,-1,55.875,55.875,0
1786441173934,3000,Minimum,4472,4472,0.3,-1,55.875,55.875,0
1786441174034,3000,Minimum,4471,4471,0.3,-1,55.875,55.875,0
1786441174134,3000,Minimum,4471,4471,0.3,-1,55.875,55.875,0
1786441174234,3000,Minimum,4471,4471,0.3,-1,55.875,55.875,0
1786441174334,3000,Minimum,4471,4471,0.3,-1,55.875,55.875,0
1786441174434,3000,Minimum,4471,4471,0.3,-1,55.875,55.875,0
1786441174534,3000,Minimum,4471,4471,0.3,-1,56.125,56.125,0
1786441174634,3000,Minimum,4471,4471,0.3,-1,56.125,56.125,0
1786441174734,3000,Minimum,4471,4471,0.3,-1,56.125,56.125,0
1786441174834,3000,Minimum,4471,4471,0.3,-1,56.125,56.125,0
1786441174934,3000,Minimum,4471,4471,0.3,-1,56.125,56.125,0
1786441175034,3000,Minimum,4471,4471,0.3,-1,56.125,56.125,0
1786441175134,3000,Minimum,4471,4471,0.3,-1,56.125,56.125,0
1786441175234,3000,Minimum,4471,4471,0.3,-1,56.125,56.125,0
1786441175334,3000,Minimum,4471,4471,0.3,-1,56.125,56.125,0
1786441175434,3000,Minimum,4471,4471,0.3,-1,56.125,56.125,0
1786441175534,3000,Minimum,4471,4471,0.3,-1,56.1875,56.1875,0
1786441175634,3000,Minimum,4471,4471,0.3,-1,56.1875,56.1875,0
1786441175734,3000,Minimum,4471,4471,0.3,-1,56.1875,56.1875,0
1786441175834,3000,Minimum,4471,4471,0.3,-1,56.1875,56.1875,0
1786441175934,3000,Minimum,4471,4471,0.3,-1,56.1875,56.1875,0
1786441176034,3000,Minimum,4471,4471,0.3,-1,56.1875,56.1875,0
1786441176134,3000,Minimum,4471,4471,0.3,-1,56.1875,56.1875,0
1786441176234,3000,Minimum,4471,4471,0.3,-1,56.1875,56.1875,0
1786441176334,3000,Minimum,4471,4471,0.3,-1,56.1875,56.1875,0
1786441176434,3000,Minimum,4471,4471,0.3,-1,56.1875,56.1875,0
1786441176534,3000,Minimum,4471,4471,0.3,-1,56.3125,56.3125,0
1786441176634,3000,Minimum,4471,4471,0.3,-1,56.3125,56.3125,0
1786441176735,3000,Minimum,4471,4471,0.3,-1,56.3125,56.3125,0
1786441176835,3000,Minimum,4471,4471,0.3,-1,56.3125,56.3125,0
1786441176934,3000,Minimum,4471,4471,0.3,-1,56.3125,56.3125,0
1786441177034,3000,Minimum,4471,4471,0.3,-1,56.3125,56.3125,0
1786441177134,3000,Minimum,4471,4471,0.3,-1,56.3125,56.3125,0
1786441177234,3000,Minimum,4471,4471,0.3,-1,56.3125,56.3125,0
1786441177334,3000,Minimum,4471,4471,0.3,-1,56.3125,56.3125,0
1786441177434,3000,Minimum,4471,4471,0.3,-1,56.3125,56.3125,0
1786441177534,3000,Minimum,4471,4471,0.3,-1,56.5625,56.5625,0
1786441177634,3000,Minimum,4471,4471,0.3,-1,56.5625,56.5625,0
1786441177734,3000,Minimum,4471,4471,0.3,-1,56.5625,56.5625,0
1786441177834,3000,Minimum,4471,4471,0.3,-1,56.5625,56.5625,0
1786441177934,3000,Minimum,4471,4471,0.3,-1,56.5625,56.5625,0
1786441178034,3000,Minimum,4471,4471,0.3,-1,56.5625,56.5625,0
1786441178134,3000,Minimum,4471,4471,0.3,-1,56.5625,56.5625,0
1786441178234,3000,Minimum,4471,4471,0.3,-1,56.5625,56.5625,0
1786441178334,3000,Minimum,4471,4471,0.3,-1,56.5625,56.5625,0
1786441178434,3000,Minimum,4471,4471,0.3,-1,56.5625,56.5625,0
1786441178534,3000,Minimum,4471,4471,0.3,-1,56.75,56.75,0
1786441178634,3000,Minimum,4471,4471,0.3,-1,56.75,56.75,0
1786441178734,3000,Minimum,4471,4471,0.3,-1,56.75,56.75,0
1786441178834,3000,Minimum,4471,4471,0.3,-1,56.75,56.75,0
1786441178935,3000,Minimum,4471,4471,0.3,-1,56.75,56.75,0
1786441179034,3000,Minimum,4471,4471,0.3,-1,56.75,56.75,0
1786441179134,3000,Minimum,4471,4471,0.3,-1,56.75,56.75,0
1786441179234,3000,Minimum,4471,4471,0.3,-1,56.75,56.75,0
1786441179334,3000,Minimum,4471,4471,0.3,-1,56.75,56.75,0
1786441179434,3000,Minimum,4471,4471,0.3,-1,56.75,56.75,0
1786441179534,3000,Minimum,4471,4471,0.3,-1,56.9375,56.9375,0
1786441179634,3000,Minimum,4471,4471,0.3,-1,56.9375,56.9375,0
1786441179736,3000,Minimum,4471,4471,0.3,-1,56.9375,56.9375,0
1786441179834,3000,Minimum,4471,4471,0.3,-1,56.9375,56.9375,0
1786441179934,3000,Minimum,4471,4471,0.3,-1,56.9375,56.9375,0
1786441180034,3000,Minimum,4471,4471,0.3,-1,56.9375,56.9375,0
1786441180134,3000,Minimum,4471,4471,0.3,-1,56.9375,56.9375,0
1786441180234,3000,Minimum,4471,4471,0.3,-1,56.9375,56.9375,0
1786441180334,3000,Minimum,4471,4471,0.3,-1,56.9375,56.9375,0
1786441180434,3000,Minimum,4471,4471,0.3,-1,56.9375,56.9375,0
1786441180534,3000,Minimum,4471,4471,0.3,-1,57,57,0
1786441180634,3000,Minimum,4471,4471,0.3,-1,57,57,0
1786441180734,3000,Minimum,4471,4471,0.3,-1,57,57,0
1786441180834,3000,Minimum,4471,4471,0.3,-1,57,57,0
1786441180934,3000,Minimum,4471,4471,0.3,-1,57,57,0
1786441181034,3000,Minimum,4471,4471,0.3,-1,57,57,0
1786441181134,3000,Minimum,4471,4471,0.3,-1,57,57,0
1786441181234,3000,Minimum,4471,4471,0.3,-1,57,57,0
1786441181334,3000,Minimum,4471,4471,0.3,-1,57,57,0
1786441181434,3000,Minimum,4471,4471,0.3,-1,57,57,0
1786441181534,3000,Minimum,4471,4471,0.3,-1,57.1875,57.1875,0
1786441181634,3000,Minimum,4471,4471,0.3,-1,57.1875,57.1875,0
1786441181734,3000,Minimum,4471,4471,0.3,-1,57.1875,57.1875,0
1786441181834,3000,Minimum,4471,4471,0.3,-1,57.1875,57.1875,0
1786441181934,3000,Minimum,4471,4471,0.3,-1,57.1875,57.1875,0
1786441182034,3000,Minimum,4471,4471,0.3,-1,57.1875,57.1875,0
1786441182134,3000,Minimum,4471,4471,0.3,-1,57.1875,57.1875,0
1786441182234,3000,Minimum,4471,4471,0.3,-1,57.1875,57.1875,0
1786441182334,3000,Minimum,4471,4471,0.3,-1,57.1875,57.1875,0
1786441182434,3000,Minimum,4471,4471,0.3,-1,57.1875,57.1875,0
1786441182534,3000,Minimum,4471,4471,0.3,-1,57.375,57.375,0
1786441182634,3000,Minimum,4471,4471,0.3,-1,57.375,57.375,0
1786441182734,3000,Minimum,4471,4471,0.3,-1,57.375,57.375,0
1786441182834,3000,Minimum,4471,4471,0.3,-1,57.375,57.375,0
1786441182934,3000,Minimum,4471,4471,0.3,-1,57.375,57.375,0
1786441183034,3000,Minimum,4471,4471,0.3,-1,57.375,57.375,0
1786441183134,3000,Minimum,4471,4471,0.3,-1,57.375,57.375,0
1786441183234,3000,Minimum,4471,4471,0.3,-1,57.375,57.375,0
1786441183334,3000,Minimum,4471,4471,0.3,-1,57.375,57.375,0
1786441183434,3000,Minimum,4471,4471,0.3,-1,57.375,57.375,0
1786441183534,3000,Minimum,4471,4471,0.3,-1,57.5,57.5,0
1786441183634,3000,Minimum,4471,4471,0.3,-1,57.5,57.5,0
1786441183734,3000,Minimum,4471,4471,0.3,-1,57.5,57.5,0
1786441183834,3000,Minimum,4471,4471,0.3,-1,57.5,57.5,0
1786441183934,3000,Minimum,4471,4471,0.3,-1,57.5,57.5,0
1786441184034,3000,Minimum,4471,4471,0.3,-1,57.5,57.5,0
1786441184134,3000,Minimum,4471,4471,0.3,-1,57.5,57.5,0
1786441184234,3000,Minimum,4471,4471,0.3,-1,57.5,57.5,0
1786441184334,3000,Minimum,4471,4471,0.3,-1,57.5,57.5,0
1786441184434,3000,Minimum,4471,4471,0.3,-1,57.5,57.5,0
1786441184534,3000,Minimum,4471,4471,0.3,-1,57.625,57.625,0
1786441184634,3000,Minimum,4471,4471,0.3,-1,57.625,57.625,0
1786441184734,3000,Minimum,4471,4471,0.3,-1,57.625,57.625,0
1786441184834,3000,Minimum,4471,4471,0.3,-1,57.625,57.625,0
1786441184934,3000,Minimum,4471,4471,0.3,-1,57.625,57.625,0
1786441185034,3000,Minimum,4471,4471,0.3,-1,57.625,57.625,0
1786441185134,3000,Minimum,4471,4471,0.3,-1,57.625,57.625,0
1786441185234,3000,Minimum,4471,4471,0.3,-1,57.625,57.625,0
1786441185334,3000,Minimum,4471,4471,0.3,-1,57.625,57.625,0
1786441185434,3000,Minimum,4471,4471,0.3,-1,57.625,57.625,0
1786441185534,3000,Minimum,4471,4471,0.3,-1,57.8125,57.8125,0
1786441185639,3000,Minimum,4471,4471,0.3,-1,57.8125,57.8125,0
1786441185734,3000,Minimum,4471,4471,0.3,-1,57.8125,57.8125,0
1786441185834,3000,Minimum,4471,4471,0.3,-1,57.8125,57.8125,0
1786441185934,3000,Minimum,4471,4471,0.3,-1,57.8125,57.8125,0
1786441186034,3000,Minimum,4471,4471,0.3,-1,57.8125,57.8125,0
1786441186134,3000,Minimum,4471,4471,0.3,-1,57.8125,57.8125,0
1786441186234,3000,Minimum,4471,4471,0.3,-1,57.8125,57.8125,0
1786441186334,3000,Minimum,4471,4471,0.3,-1,57.8125,57.8125,0
1786441186434,3000,Minimum,4471,4471,0.3,-1,57.8125,57.8125,0
1786441186534,3000,Minimum,4471,4471,0.3,-1,57.9375,57.9375,0
1786441186634,3000,Minimum,4471,4471,0.3,-1,57.9375,57.9375,0
1786441186734,3000,Minimum,4471,4471,0.3,-1,57.9375,57.9375,0
1786441186834,3000,Minimum,4471,4471,0.3,-1,57.9375,57.9375,0
1786441186934,3000,Minimum,4471,4471,0.3,-1,57.9375,57.9375,0
1786441187034,3000,Minimum,4471,4471,0.3,-1,57.9375,57.9375,0
1786441187134,3000,Minimum,4471,4471,0.3,-1,57.9375,57.9375,0
1786441187234,3000,Minimum,4471,4471,0.3,-1,57.9375,57.9375,0
1786441187334,3000,Minimum,4471,4471,0.3,-1,57.9375,57.9375,0
1786441187434,3000,Minimum,4471,4471,0.3,-1,57.9375,57.9375,0
1786441187534,3000,Minimum,4471,4471,0.3,-1,58.0625,58.0625,0
1786441187634,3000,Minimum,4471,4471,0.3,-1,58.0625,58.0625,0
1786441187734,3000,Minimum,4471,4471,0.3,-1,58.0625,58.0625,0
1786441187834,3000,Minimum,4471,4471,0.3,-1,58.0625,58.0625,0
1786441187934,3000,Minimum,4471,4471,0.3,-1,58.0625,58.0625,0
1786441188034,3000,Minimum,4471,4471,0.3,-1,58.0625,58.0625,0
1786441188134,3000,Minimum,4471,4471,0.3,-1,58.0625,58.0625,0
1786441188234,3000,Minimum,4471,4471,0.3,-1,58.0625,58.0625,0
1786441188334,3000,Minimum,4471,4471,0.3,-1,58.0625,58.0625,0
1786441188434,3000,Minimum,4471,4471,0.3,-1,58.0625,58.0625,0
1786441188534,3000,Minimum,4471,4471,0.3,-1,58.25,58.25,0
1786441188634,3000,Minimum,4471,4471,0.3,-1,58.25,58.25,0
1786441188734,3000,Minimum,4471,4471,0.3,-1,58.25,58.25,0
1786441188834,3000,Minimum,4471,4471,0.3,-1,58.25,58.25,0
1786441188934,3000,Minimum,4471,4471,0.3,-1,58.25,58.25,0
1786441189036,3000,Minimum,4471,4471,0.3,-1,58.25,58.25,0
1786441189134,3000,Minimum,4471,4471,0.3,-1,58.25,58.25,0
1786441189234,3000,Minimum,4471,4471,0.3,-1,58.25,58.25,0
1786441189334,3000,Minimum,4471,4471,0.3,-1,58.25,58.25,0
1786441189434,3000,Minimum,4471,4471,0.3,-1,58.25,58.25,0
1786441189534,3000,Minimum,4471,4471,0.3,-1,58.4375,58.4375,0
1786441189634,3000,Minimum,4471,4471,0.3,-1,58.4375,58.4375,0
1786441189734,3000,Minimum,4471,4471,0.3,-1,58.4375,58.4375,0
1786441189835,3000,Minimum,4471,4471,0.3,-1,58.4375,58.4375,0
1786441189934,3000,Minimum,4471,4471,0.3,-1,58.4375,58.4375,0
1786441190034,3000,Minimum,4471,4471,0.3,-1,58.4375,58.4375,0
1786441190142,3000,Minimum,4471,4471,0.3,-1,58.4375,58.4375,0
1786441190234,3000,Minimum,4471,4471,0.3,-1,58.4375,58.4375,0
1786441190334,3000,Minimum,4471,4471,0.3,-1,58.4375,58.4375,0
1786441190434,3000,Minimum,4471,4471,0.3,-1,58.4375,58.4375,0
1786441190534,3000,Minimum,4471,4471,0.3,-1,58.5625,58.5625,0
1786441190634,3000,Minimum,4471,4471,0.3,-1,58.5625,58.5625,0
1786441190734,3000,Minimum,4471,4471,0.3,-1,58.5625,58.5625,0
1786441190834,3000,Minimum,4471,4471,0.3,-1,58.5625,58.5625,0
1786441190934,3000,Minimum,4471,4471,0.3,-1,58.5625,58.5625,0
1786441191034,3000,Minimum,4471,4471,0.3,-1,58.5625,58.5625,0
1786441191134,3000,Minimum,4471,4471,0.3,-1,58.5625,58.5625,0
1786441191234,3000,Minimum,4471,4471,0.3,-1,58.5625,58.5625,0
1786441191334,3000,Minimum,4471,4471,0.3,-1,58.5625,58.5625,0
1786441191434,3000,Minimum,4471,4471,0.3,-1,58.5625,58.5625,0
1786441191534,3000,Minimum,4471,4471,0.3,-1,58.75,58.75,0
1786441191634,3000,Minimum,4471,4471,0.3,-1,58.75,58.75,0
1786441191734,3000,Minimum,4471,4471,0.3,-1,58.75,58.75,0
1786441191834,3000,Minimum,4471,4471,0.3,-1,58.75,58.75,0
1786441191934,3000,Minimum,4471,4471,0.3,-1,58.75,58.75,0
1786441192034,3000,Minimum,4471,4471,0.3,-1,58.75,58.75,0
1786441192134,3000,Minimum,4471,4471,0.3,-1,58.75,58.75,0
1786441192234,3000,Minimum,4471,4471,0.3,-1,58.75,58.75,0
1786441192334,3000,Minimum,4471,4471,0.3,-1,58.75,58.75,0
1786441192434,3000,Minimum,4471,4471,0.3,-1,58.75,58.75,0
1786441192534,3000,Minimum,4471,4471,0.3,-1,58.8125,58.8125,0
1786441192634,3000,Minimum,4471,4471,0.3,-1,58.8125,58.8125,0
1786441192734,3000,Minimum,4471,4471,0.3,-1,58.8125,58.8125,0
1786441192834,3000,Minimum,4471,4471,0.3,-1,58.8125,58.8125,0
1786441192934,3000,Minimum,4471,4471,0.3,-1,58.8125,58.8125,0
1786441193034,3000,Minimum,4471,4471,0.3,-1,58.8125,58.8125,0
1786441193134,3000,Minimum,4471,4471,0.3,-1,58.8125,58.8125,0
1786441193234,3000,Minimum,4471,4471,0.3,-1,58.8125,58.8125,0
1786441193334,3000,Minimum,4471,4471,0.3,-1,58.8125,58.8125,0
1786441193434,3000,Minimum,4471,4471,0.3,-1,58.8125,58.8125,0
1786441193534,3000,Minimum,4471,4471,0.3,-1,58.8125,58.8125,0
1786441193634,3000,Minimum,4471,4471,0.3,-1,58.8125,58.8125,0
1786441193734,3000,Minimum,4471,4471,0.3,-1,58.8125,58.8125,0
1786441193834,3000,Minimum,4471,4471,0.3,-1,58.8125,58.8125,0
1786441193934,3000,Minimum,4471,4471,0.3,-1,58.8125,58.8125,0
1786441194034,3000,Minimum,4471,4471,0.3,-1,58.8125,58.8125,0
1786441194134,3000,Minimum,4471,4471,0.3,-1,58.8125,58.8125,0
1786441194234,3000,Minimum,4471,4471,0.3,-1,58.8125,58.8125,0
1786441194334,3000,Minimum,4471,4471,0.3,-1,58.8125,58.8125,0
1786441194434,3000,Minimum,4471,4471,0.3,-1,58.8125,58.8125,0
1786441194534,3000,Minimum,4471,4471,0.3,-1,58.9375,58.9375,0
1786441194634,3000,Minimum,4471,4471,0.3,-1,58.9375,58.9375,0
1786441194734,3000,Minimum,4471,4471,0.3,-1,58.9375,58.9375,0
1786441194834,3000,Minimum,4471,4471,0.3,-1,58.9375,58.9375,0
1786441194935,3000,Minimum,4471,4471,0.3,-1,58.9375,58.9375,0
1786441195034,3000,Minimum,4471,4471,0.3,-1,58.9375,58.9375,0
1786441195134,3000,Minimum,4471,4471,0.3,-1,58.9375,58.9375,0
1786441195234,3000,Minimum,4471,4471,0.3,-1,58.9375,58.9375,0
1786441195334,3000,Minimum,4471,4471,0.3,-1,58.9375,58.9375,0
1786441195434,3000,Minimum,4471,4471,0.3,-1,58.9375,58.9375,0
1786441195534,3000,Minimum,4471,4471,0.3,-1,59.1875,59.1875,0
1786441195634,3000,Minimum,4471,4471,0.3,-1,59.1875,59.1875,0
1786441195734,3000,Minimum,4471,4471,0.3,-1,59.1875,59.1875,0
1786441195834,3000,Minimum,4471,4471,0.3,-1,59.1875,59.1875,0
1786441195934,3000,Minimum,4471,4471,0.3,-1,59.1875,59.1875,0
1786441196034,3000,Minimum,4471,4471,0.3,-1,59.1875,59.1875,0
1786441196134,3000,Minimum,4471,4471,0.3,-1,59.1875,59.1875,0
1786441196234,3000,Minimum,4471,4471,0.3,-1,59.1875,59.1875,0
1786441196336,3000,Minimum,4471,4471,0.3,-1,59.1875,59.1875,0
1786441196434,3000,Minimum,4471,4471,0.3,-1,59.1875,59.1875,0
1786441196534,3000,Minimum,4471,4471,0.3,-1,59.25,59.25,0
1786441196634,3000,Minimum,4471,4471,0.3,-1,59.25,59.25,0
1786441196734,3000,Minimum,4471,4471,0.3,-1,59.25,59.25,0
1786441196834,3000,Minimum,4471,4471,0.3,-1,59.25,59.25,0
1786441196934,3000,Minimum,4471,4471,0.3,-1,59.25,59.25,0
1786441197034,3000,Minimum,4471,4471,0.3,-1,59.25,59.25,0
1786441197134,3000,Minimum,4471,4471,0.3,-1,59.25,59.25,0
1786441197234,3000,Minimum,4471,4471,0.3,-1,59.25,59.25,0
1786441197334,3000,Minimum,4471,4471,0.3,-1,59.25,59.25,0
1786441197434,3000,Minimum,4471,4471,0.3,-1,59.25,59.25,0
1786441197537,3000,Minimum,4471,4471,0.3,-1,59.375,59.375,0
1786441197635,3000,Minimum,4471,4471,0.3,-1,59.375,59.375,0
1786441197734,3000,Minimum,4471,4471,0.3,-1,59.375,59.375,0
1786441197834,3000,Minimum,4471,4471,0.3,-1,59.375,59.375,0
1786441197934,3000,Minimum,4471,4471,0.3,-1,59.375,59.375,0
1786441198034,3000,Minimum,4471,4471,0.3,-1,59.375,59.375,0
1786441198134,3000,Minimum,4471,4471,0.3,-1,59.375,59.375,0
1786441198234,3000,Minimum,4471,4471,0.3,-1,59.375,59.375,0
1786441198334,3000,Minimum,4471,4471,0.3,-1,59.375,59.375,0
1786441198434,3000,Minimum,4471,4471,0.3,-1,59.375,59.375,0
1786441198534,3000,Minimum,4471,4471,0.3,-1,59.4375,59.4375,0
1786441198634,3000,Minimum,4471,4471,0.3,-1,59.4375,59.4375,0
1786441198734,3000,Minimum,4471,4471,0.3,-1,59.4375,59.4375,0
1786441198834,3000,Minimum,4471,4471,0.3,-1,59.4375,59.4375,0
1786441198934,3000,Minimum,4471,4471,0.3,-1,59.4375,59.4375,0
1786441199034,3000,Minimum,4471,4471,0.3,-1,59.4375,59.4375,0
1786441199134,3000,Minimum,4471,4471,0.3,-1,59.4375,59.4375,0
1786441199234,3000,Minimum,4471,4471,0.3,-1,59.4375,59.4375,0
1786441199334,3000,Minimum,4471,4471,0.3,-1,59.4375,59.4375,0
1786441199434,3000,Minimum,4471,4471,0.3,-1,59.4375,59.4375,0
1786441199534,3000,Minimum,4471,4471,0.3,-1,59.5,59.5,0
1786441199634,3000,Minimum,4471,4471,0.3,-1,59.5,59.5,0
1786441199734,3000,Minimum,4471,4471,0.3,-1,59.5,59.5,0
1786441199834,3000,Minimum,4471,4471,0.3,-1,59.5,59.5,0
1786441199934,3000,Minimum,4471,4471,0.3,-1,59.5,59.5,0
1786441200034,3000,Minimum,4471,4471,0.3,-1,59.5,59.5,0
1786441200134,3000,Minimum,4471,4471,0.3,-1,59.5,59.5,0
1786441200234,3000,Minimum,4471,4471,0.3,-1,59.5,59.5,0
1786441200334,3000,Minimum,4471,4471,0.3,-1,59.5,59.5,0
1786441200434,3000,Minimum,4471,4471,0.3,-1,59.5,59.5,0
1786441200534,3000,Minimum,4471,4471,0.3,-1,59.6875,59.6875,0
1786441200634,3000,Minimum,4471,4471,0.3,-1,59.6875,59.6875,0
1786441200734,3000,Minimum,4471,4471,0.3,-1,59.6875,59.6875,0
1786441200834,3000,Minimum,4471,4471,0.3,-1,59.6875,59.6875,0
1786441200934,3000,Minimum,4471,4471,0.3,-1,59.6875,59.6875,0
1786441201034,3000,Minimum,4471,4471,0.3,-1,59.6875,59.6875,0
1786441201134,3000,Minimum,4471,4471,0.3,-1,59.6875,59.6875,0
1786441201234,3000,Minimum,4471,4471,0.3,-1,59.6875,59.6875,0
1786441201334,3000,Minimum,4471,4471,0.3,-1,59.6875,59.6875,0
1786441201434,3000,Minimum,4471,4471,0.3,-1,59.6875,59.6875,0
1786441201534,3000,Minimum,4471,4471,0.3,-1,59.875,59.875,0
1786441201634,3000,Minimum,4471,4471,0.3,-1,59.875,59.875,0
1786441201734,3000,Minimum,4471,4471,0.3,-1,59.875,59.875,0
1786441201834,3000,Minimum,4471,4471,0.3,-1,59.875,59.875,0
1786441201934,3000,Minimum,4471,4471,0.3,-1,59.875,59.875,0
1786441202035,3000,Minimum,4471,4471,0.3,-1,59.875,59.875,0
1786441202134,3000,Minimum,4471,4471,0.3,-1,59.875,59.875,0
1786441202234,3000,Minimum,4471,4471,0.3,-1,59.875,59.875,0
1786441202334,3000,Minimum,4471,4471,0.3,-1,59.875,59.875,0
1786441202434,3000,Minimum,4471,4471,0.3,-1,59.875,59.875,0
1786441202534,3000,Minimum,4471,4471,0.3,-1,59.9375,59.9375,0
1786441202634,3000,Minimum,4471,4471,0.3,-1,59.9375,59.9375,0
1786441202734,3000,Minimum,4471,4471,0.3,-1,59.9375,59.9375,0
1786441202834,3000,Minimum,4471,4471,0.3,-1,59.9375,59.9375,0
1786441202934,3000,Minimum,4471,4471,0.3,-1,59.9375,59.9375,0
1786441203034,3000,Minimum,4471,4471,0.3,-1,59.9375,59.9375,0
1786441203134,3000,Minimum,4471,4471,0.3,-1,59.9375,59.9375,0
1786441203234,3000,Minimum,4471,4471,0.3,-1,59.9375,59.9375,0
1786441203334,3000,Minimum,4471,4471,0.3,-1,59.9375,59.9375,0
1786441203434,3000,Minimum,4471,4471,0.3,-1,59.9375,59.9375,0
1786441203534,3000,Minimum,4471,4471,0.3,-1,60,60,0
1786441203634,3000,Minimum,4471,4471,0.3,-1,60,60,0
1786441203734,3000,Minimum,4471,4471,0.3,-1,60,60,0
1786441203834,3000,Minimum,4471,4471,0.3,-1,60,60,0
1786441203934,3000,Minimum,4471,4471,0.3,-1,60,60,0
1786441204034,3000,Minimum,4471,4471,0.3,-1,60,60,0
1786441204134,3000,Minimum,4471,4471,0.3,-1,60,60,0
1786441204234,3000,Minimum,4471,4471,0.3,-1,60,60,0
1786441204334,3000,Minimum,4471,4471,0.3,-1,60,60,0
1786441204434,3000,Minimum,4471,4471,0.3,-1,60,60,0
1786441204534,3000,Minimum,4471,4471,0.3,-1,60.125,60.125,0
1786441204634,3000,Minimum,4471,4471,0.3,-1,60.125,60.125,0
1786441204734,3000,Minimum,4471,4471,0.3,-1,60.125,60.125,0
1786441204834,3000,Minimum,4471,4471,0.3,-1,60.125,60.125,0
1786441204934,3000,Minimum,4471,4471,0.3,-1,60.125,60.125,0
1786441205034,3000,Minimum,4471,4471,0.3,-1,60.125,60.125,0
1786441205134,3000,Minimum,4471,4471,0.3,-1,60.125,60.125,0
1786441205234,3000,Minimum,4471,4471,0.3,-1,60.125,60.125,0
1786441205334,3000,Minimum,4471,4471,0.3,-1,60.125,60.125,0
1786441205434,3000,Minimum,4471,4471,0.3,-1,60.125,60.125,0
1786441205534,3000,Minimum,4471,4471,0.3,-1,60.125,60.125,0
1786441205634,3000,Minimum,4471,4471,0.3,-1,60.125,60.125,0
1786441205734,3000,Minimum,4471,4471,0.3,-1,60.125,60.125,0
1786441205834,3000,Minimum,4471,4471,0.3,-1,60.125,60.125,0
1786441205934,3000,Minimum,4471,4471,0.3,-1,60.125,60.125,0
1786441206034,3000,Minimum,4471,4471,0.3,-1,60.125,60.125,0
1786441206134,3000,Minimum,4471,4471,0.3,-1,60.125,60.125,0
1786441206234,3000,Minimum,4471,4471,0.3,-1,60.125,60.125,0
1786441206334,3000,Minimum,4471,4471,0.3,-1,60.125,60.125,0
1786441206434,3000,Minimum,4471,4471,0.3,-1,60.125,60.125,0
1786441206534,3000,Minimum,4471,4471,0.3,-1,60.375,60.375,0
1786441206634,3000,Minimum,4471,4471,0.3,-1,60.375,60.375,0
1786441206734,3000,Minimum,4471,4471,0.3,-1,60.375,60.375,0
1786441206834,3000,Minimum,4471,4471,0.3,-1,60.375,60.375,0
1786441206934,3000,Minimum,4471,4471,0.3,-1,60.375,60.375,0
1786441207034,3000,Minimum,4471,4471,0.3,-1,60.375,60.375,0
1786441207134,3000,Minimum,4471,4471,0.3,-1,60.375,60.375,0
1786441207235,3000,Minimum,4471,4471,0.3,-1,60.375,60.375,0
1786441207334,3000,Minimum,4471,4471,0.3,-1,60.375,60.375,0
1786441207434,3000,Minimum,4471,4471,0.3,-1,60.375,60.375,0
1786441207534,3000,Minimum,4471,4471,0.3,-1,60.3125,60.3125,0
1786441207634,3000,Minimum,4471,4471,0.3,-1,60.3125,60.3125,0
1786441207734,3000,Minimum,4471,4471,0.3,-1,60.3125,60.3125,0
1786441207834,3000,Minimum,4471,4471,0.3,-1,60.3125,60.3125,0
1786441207934,3000,Minimum,4471,4471,0.3,-1,60.3125,60.3125,0
1786441208034,3000,Minimum,4471,4471,0.3,-1,60.3125,60.3125,0
1786441208134,3000,Minimum,4471,4471,0.3,-1,60.3125,60.3125,0
1786441208234,3000,Minimum,4471,4471,0.3,-1,60.3125,60.3125,0
1786441208334,3000,Minimum,4471,4471,0.3,-1,60.3125,60.3125,0
1786441208437,3000,Minimum,4471,4471,0.3,-1,60.3125,60.3125,0
1786441208534,3000,Minimum,4471,4471,0.3,-1,60.5,60.5,0
1786441208636,3000,Minimum,4471,4471,0.3,-1,60.5,60.5,0
1786441208734,3000,Minimum,4471,4471,0.3,-1,60.5,60.5,0
1786441208834,3000,Minimum,4471,4471,0.3,-1,60.5,60.5,0
1786441208934,3000,Minimum,4471,4471,0.3,-1,60.5,60.5,0
1786441209034,3000,Minimum,4471,4471,0.3,-1,60.5,60.5,0
1786441209134,3000,Minimum,4471,4471,0.3,-1,60.5,60.5,0
1786441209234,3000,Minimum,4471,4471,0.3,-1,60.5,60.5,0
1786441209334,3000,Minimum,4471,4471,0.3,-1,60.5,60.5,0
1786441209434,3000,Minimum,4471,4471,0.3,-1,60.5,60.5,0
1786441209534,3000,Minimum,4471,4471,0.3,-1,60.5,60.5,0
1786441209634,3000,Minimum,4471,4471,0.3,-1,60.5,60.5,0
1786441209734,3000,Minimum,4471,4471,0.3,-1,60.5,60.5,0
1786441209834,3000,Minimum,4471,4471,0.3,-1,60.5,60.5,0
1786441209934,3000,Minimum,4471,4471,0.3,-1,60.5,60.5,0
1786441210034,3000,Minimum,4471,4471,0.3,-1,60.5,60.5,0
1786441210134,3000,Minimum,4471,4471,0.3,-1,60.5,60.5,0
1786441210234,3000,Minimum,4471,4471,0.3,-1,60.5,60.5,0
1786441210334,3000,Minimum,4471,4471,0.3,-1,60.5,60.5,0
1786441210434,3000,Minimum,4471,4471,0.3,-1,60.5,60.5,0
1786441210534,3000,Minimum,4471,4471,0.3,-1,60.625,60.625,0
1786441210634,3000,Minimum,4471,4471,0.3,-1,60.625,60.625,0
1786441210734,3000,Minimum,4471,4471,0.3,-1,60.625,60.625,0
1786441210834,3000,Minimum,4471,4471,0.3,-1,60.625,60.625,0
1786441210934,3000,Minimum,4471,4471,0.3,-1,60.625,60.625,0
1786441211034,3000,Minimum,4471,4471,0.3,-1,60.625,60.625,0
1786441211134,3000,Minimum,4471,4471,0.3,-1,60.625,60.625,0
1786441211234,3000,Minimum,4471,4471,0.3,-1,60.625,60.625,0
1786441211335,3000,Minimum,4471,4471,0.3,-1,60.625,60.625,0
1786441211434,3000,Minimum,4471,4471,0.3,-1,60.625,60.625,0
1786441211534,3000,Minimum,4471,4471,0.3,-1,60.75,60.75,0
1786441211634,3000,Minimum,4471,4471,0.3,-1,60.75,60.75,0
1786441211734,3000,Minimum,4471,4471,0.3,-1,60.75,60.75,0
1786441211834,3000,Minimum,4471,4471,0.3,-1,60.75,60.75,0
1786441211934,3000,Minimum,4471,4471,0.3,-1,60.75,60.75,0
1786441212034,3000,Minimum,4471,4471,0.3,-1,60.75,60.75,0
1786441212134,3000,Minimum,4471,4471,0.3,-1,60.75,60.75,0
1786441212234,3000,Minimum,4471,4471,0.3,-1,60.75,60.75,0
1786441212334,3000,Minimum,4471,4471,0.3,-1,60.75,60.75,0
1786441212434,3000,Minimum,4471,4471,0.3,-1,60.75,60.75,0
1786441212534,3000,Minimum,4471,4471,0.3,-1,60.8125,60.8125,0
1786441212634,3000,Minimum,4471,4471,0.3,-1,60.8125,60.8125,0
1786441212734,3000,Minimum,4471,4471,0.3,-1,60.8125,60.8125,0
1786441212834,3000,Minimum,4471,4471,0.3,-1,60.8125,60.8125,0
1786441212934,3000,Minimum,4471,4471,0.3,-1,60.8125,60.8125,0
1786441213034,3000,Minimum,4471,4471,0.3,-1,60.8125,60.8125,0
1786441213134,3000,Minimum,4471,4471,0.3,-1,60.8125,60.8125,0
1786441213234,3000,Minimum,4471,4471,0.3,-1,60.8125,60.8125,0
1786441213334,3000,Minimum,4471,4471,0.3,-1,60.8125,60.8125,0
1786441213434,3000,Minimum,4471,4471,0.3,-1,60.8125,60.8125,0
1786441213534,3000,Minimum,4471,4471,0.3,-1,60.875,60.875,0
1786441213634,3000,Minimum,4471,4471,0.3,-1,60.875,60.875,0
1786441213734,3000,Minimum,4471,4471,0.3,-1,60.875,60.875,0
1786441213834,3000,Minimum,4471,4471,0.3,-1,60.875,60.875,0
1786441213934,3000,Minimum,4471,4471,0.3,-1,60.875,60.875,0
1786441214034,3000,Minimum,4471,4471,0.3,-1,60.875,60.875,0
1786441214134,3000,Minimum,4471,4471,0.3,-1,60.875,60.875,0
1786441214234,3000,Minimum,4471,4471,0.3,-1,60.875,60.875,0
1786441214334,3000,Minimum,4471,4471,0.3,-1,60.875,60.875,0
1786441214434,3000,Minimum,4471,4471,0.3,-1,60.875,60.875,0
1786441214534,3000,Minimum,4471,4471,0.3,-1,60.875,60.875,0
1786441214634,3000,Minimum,4471,4471,0.3,-1,60.875,60.875,0
1786441214734,3000,Minimum,4471,4471,0.3,-1,60.875,60.875,0
1786441214834,3000,Minimum,4471,4471,0.3,-1,60.875,60.875,0
1786441214934,3000,Minimum,4471,4471,0.3,-1,60.875,60.875,0
1786441215034,3000,Minimum,4471,4471,0.3,-1,60.875,60.875,0
1786441215134,3000,Minimum,4471,4471,0.3,-1,60.875,60.875,0
1786441215234,3000,Minimum,4471,4471,0.3,-1,60.875,60.875,0
1786441215334,3000,Minimum,4471,4471,0.3,-1,60.875,60.875,0
1786441215434,3000,Minimum,4471,4471,0.3,-1,60.875,60.875,0
1786441215534,3000,Minimum,4471,4471,0.3,-1,61,61,0
1786441215634,3000,Minimum,4471,4471,0.3,-1,61,61,0
1786441215734,3000,Minimum,4471,4471,0.3,-1,61,61,0
1786441215834,3000,Minimum,4471,4471,0.3,-1,61,61,0
1786441215934,3000,Minimum,4471,4471,0.3,-1,61,61,0
1786441216034,3000,Minimum,4471,4471,0.3,-1,61,61,0
1786441216134,3000,Minimum,4471,4471,0.3,-1,61,61,0
1786441216234,3000,Minimum,4471,4471,0.3,-1,61,61,0
1786441216334,3000,Minimum,4471,4471,0.3,-1,61,61,0
1786441216434,3000,Minimum,4471,4471,0.3,-1,61,61,0
1786441216534,3000,Minimum,4471,4471,0.3,-1,61.1875,61.1875,0
1786441216634,3000,Minimum,4471,4471,0.3,-1,61.1875,61.1875,0
1786441216734,3000,Minimum,4471,4471,0.3,-1,61.1875,61.1875,0
1786441216834,3000,Minimum,4471,4471,0.3,-1,61.1875,61.1875,0
1786441216934,3000,Minimum,4471,4471,0.3,-1,61.1875,61.1875,0
1786441217034,3000,Minimum,4471,4471,0.3,-1,61.1875,61.1875,0
1786441217134,3000,Minimum,4471,4471,0.3,-1,61.1875,61.1875,0
1786441217234,3000,Minimum,4471,4471,0.3,-1,61.1875,61.1875,0
1786441217334,3000,Minimum,4471,4471,0.3,-1,61.1875,61.1875,0
1786441217435,3000,Minimum,4471,4471,0.3,-1,61.1875,61.1875,0
1786441217534,3000,Minimum,4471,4471,0.3,-1,61.25,61.25,0
1786441217634,3000,Minimum,4471,4471,0.3,-1,61.25,61.25,0
1786441217734,3000,Minimum,4471,4471,0.3,-1,61.25,61.25,0
1786441217834,3000,Minimum,4471,4471,0.3,-1,61.25,61.25,0
1786441217934,3000,Minimum,4471,4471,0.3,-1,61.25,61.25,0
1786441218034,3000,Minimum,4471,4471,0.3,-1,61.25,61.25,0
1786441218134,3000,Minimum,4471,4471,0.3,-1,61.25,61.25,0
1786441218234,3000,Minimum,4471,4471,0.3,-1,61.25,61.25,0
1786441218334,3000,Minimum,4471,4471,0.3,-1,61.25,61.25,0
1786441218434,3000,Minimum,4471,4471,0.3,-1,61.25,61.25,0
1786441218534,3000,Minimum,4471,4471,0.3,-1,61.1875,61.1875,0
1786441218634,3000,Minimum,4471,4471,0.3,-1,61.1875,61.1875,0
1786441218734,3000,Minimum,4471,4471,0.3,-1,61.1875,61.1875,0
1786441218834,3000,Minimum,4471,4471,0.3,-1,61.1875,61.1875,0
1786441218934,3000,Minimum,4471,4471,0.3,-1,61.1875,61.1875,0
1786441219034,3000,Minimum,4471,4471,0.3,-1,61.1875,61.1875,0
1786441219134,3000,Minimum,4471,4471,0.3,-1,61.1875,61.1875,0
1786441219234,3000,Minimum,4471,4471,0.3,-1,61.1875,61.1875,0
1786441219334,3000,Minimum,4471,4471,0.3,-1,61.1875,61.1875,0
1786441219435,3000,Minimum,4471,4471,0.3,-1,61.1875,61.1875,0
1786441219534,3000,Minimum,4471,4471,0.3,-1,61.25,61.25,0
1786441219634,3000,Minimum,4471,4471,0.3,-1,61.25,61.25,0
1786441219734,3000,Minimum,4471,4471,0.3,-1,61.25,61.25,0
1786441219834,3000,Minimum,4471,4471,0.3,-1,61.25,61.25,0
1786441219934,3000,Minimum,4471,4471,0.3,-1,61.25,61.25,0
1786441220034,3000,Minimum,4471,4471,0.3,-1,61.25,61.25,0
1786441220134,3000,Minimum,4471,4471,0.3,-1,61.25,61.25,0
1786441220234,3000,Minimum,4471,4471,0.3,-1,61.25,61.25,0
1786441220334,3000,Minimum,4471,4471,0.3,-1,61.25,61.25,0
1786441220434,3000,Minimum,4471,4471,0.3,-1,61.25,61.25,0
1786441220534,3000,Minimum,4471,4471,0.3,-1,61.4375,61.4375,0
1786441220634,3000,Minimum,4471,4471,0.3,-1,61.4375,61.4375,0
1786441220734,3000,Minimum,4471,4471,0.3,-1,61.4375,61.4375,0
1786441220834,3000,Minimum,4471,4471,0.3,-1,61.4375,61.4375,0
1786441220934,3000,Minimum,4471,4471,0.3,-1,61.4375,61.4375,0
1786441221034,3000,Minimum,4471,4471,0.3,-1,61.4375,61.4375,0
1786441221134,3000,Minimum,4471,4471,0.3,-1,61.4375,61.4375,0
1786441221234,3000,Minimum,4471,4471,0.3,-1,61.4375,61.4375,0
1786441221334,3000,Minimum,4471,4471,0.3,-1,61.4375,61.4375,0
1786441221434,3000,Minimum,4471,4471,0.3,-1,61.4375,61.4375,0
1786441221534,3000,Minimum,4471,4471,0.3,-1,61.5,61.5,0
1786441221634,3000,Minimum,4471,4471,0.3,-1,61.5,61.5,0
1786441221734,3000,Minimum,4471,4471,0.3,-1,61.5,61.5,0
1786441221834,3000,Minimum,4471,4471,0.3,-1,61.5,61.5,0
1786441221934,3000,Minimum,4471,4471,0.3,-1,61.5,61.5,0
1786441222034,3000,Minimum,4471,4471,0.3,-1,61.5,61.5,0
1786441222134,3000,Minimum,4471,4471,0.3,-1,61.5,61.5,0
1786441222234,3000,Minimum,4471,4471,0.3,-1,61.5,61.5,0
1786441222334,3000,Minimum,4471,4471,0.3,-1,61.5,61.5,0
1786441222434,3000,Minimum,4471,4471,0.3,-1,61.5,61.5,0
1786441222534,3000,Minimum,4471,4471,0.3,-1,61.5,61.5,0
1786441222634,3000,Minimum,4471,4471,0.3,-1,61.5,61.5,0
1786441222734,3000,Minimum,4471,4471,0.3,-1,61.5,61.5,0
1786441222834,3000,Minimum,4471,4471,0.3,-1,61.5,61.5,0
1786441222935,3000,Minimum,4471,4471,0.3,-1,61.5,61.5,0
1786441223034,3000,Minimum,4471,4471,0.3,-1,61.5,61.5,0
1786441223134,3000,Minimum,4471,4471,0.3,-1,61.5,61.5,0
1786441223234,3000,Minimum,4471,4471,0.3,-1,61.5,61.5,0
1786441223334,3000,Minimum,4471,4471,0.3,-1,61.5,61.5,0
1786441223434,3000,Minimum,4471,4471,0.3,-1,61.5,61.5,0
1786441223534,3000,Minimum,4471,4471,0.3,-1,61.5625,61.5625,0
1786441223634,3000,Minimum,4471,4471,0.3,-1,61.5625,61.5625,0
1786441223734,3000,Minimum,4471,4471,0.3,-1,61.5625,61.5625,0
1786441223834,3000,Minimum,4471,4471,0.3,-1,61.5625,61.5625,0
1786441223934,3000,Minimum,4471,4471,0.3,-1,61.5625,61.5625,0
1786441224034,3000,Minimum,4471,4471,0.3,-1,61.5625,61.5625,0
1786441224134,3000,Minimum,4471,4471,0.3,-1,61.5625,61.5625,0
1786441224234,3000,Minimum,4471,4471,0.3,-1,61.5625,61.5625,0
1786441224334,3000,Minimum,4471,4471,0.3,-1,61.5625,61.5625,0
1786441224434,3000,Minimum,4471,4471,0.3,-1,61.5625,61.5625,0
1786441224534,3000,Minimum,4471,4471,0.3,-1,61.625,61.625,0
1786441224634,3000,Minimum,4471,4471,0.3,-1,61.625,61.625,0
1786441224734,3000,Minimum,4471,4471,0.3,-1,61.625,61.625,0
1786441224834,3000,Minimum,4471,4471,0.3,-1,61.625,61.625,0
1786441224934,3000,Minimum,4471,4471,0.3,-1,61.625,61.625,0
1786441225034,3000,Minimum,4471,4471,0.3,-1,61.625,61.625,0
1786441225134,3000,Minimum,4471,4471,0.3,-1,61.625,61.625,0
1786441225234,3000,Minimum,4471,4471,0.3,-1,61.625,61.625,0
1786441225335,3000,Minimum,4471,4471,0.3,-1,61.625,61.625,0
1786441225434,3000,Minimum,4471,4471,0.3,-1,61.625,61.625,0
1786441225534,3000,Minimum,4471,4471,0.3,-1,61.6875,61.6875,0
1786441225634,3000,Minimum,4471,4471,0.3,-1,61.6875,61.6875,0
1786441225734,3000,Minimum,4471,4471,0.3,-1,61.6875,61.6875,0
1786441225834,3000,Minimum,4471,4471,0.3,-1,61.6875,61.6875,0
1786441225934,3000,Minimum,4471,4471,0.3,-1,61.6875,61.6875,0
1786441226034,3000,Minimum,4471,4471,0.3,-1,61.6875,61.6875,0
1786441226134,3000,Minimum,4471,4471,0.3,-1,61.6875,61.6875,0
1786441226234,3000,Minimum,4471,4471,0.3,-1,61.6875,61.6875,0
1786441226334,3000,Minimum,4471,4471,0.3,-1,61.6875,61.6875,0
1786441226434,3000,Minimum,4471,4471,0.3,-1,61.6875,61.6875,0
1786441226534,3000,Minimum,4471,4471,0.3,-1,61.8125,61.8125,0
1786441226634,3000,Minimum,4471,4471,0.3,-1,61.8125,61.8125,0
1786441226735,3000,Minimum,4471,4471,0.3,-1,61.8125,61.8125,0
1786441226834,3000,Minimum,4471,4471,0.3,-1,61.8125,61.8125,0
1786441226934,3000,Minimum,4471,4471,0.3,-1,61.8125,61.8125,0
1786441227034,3000,Minimum,4471,4471,0.3,-1,61.8125,61.8125,0
1786441227134,3000,Minimum,4471,4471,0.3,-1,61.8125,61.8125,0
1786441227234,3000,Minimum,4471,4471,0.3,-1,61.8125,61.8125,0
1786441227334,3000,Minimum,4471,4471,0.3,-1,61.8125,61.8125,0
1786441227435,3000,Minimum,4471,4471,0.3,-1,61.8125,61.8125,0
1786441227534,3000,Minimum,4471,4471,0.3,-1,61.8125,61.8125,0
1786441227634,3000,Minimum,4471,4471,0.3,-1,61.8125,61.8125,0
1786441227734,3000,Minimum,4471,4471,0.3,-1,61.8125,61.8125,0
1786441227834,3000,Minimum,4471,4471,0.3,-1,61.8125,61.8125,0
1786441227934,3000,Minimum,4471,4471,0.3,-1,61.8125,61.8125,0
1786441228034,3000,Minimum,4471,4471,0.3,-1,61.8125,61.8125,0
1786441228134,3000,Minimum,4471,4471,0.3,-1,61.8125,61.8125,0
1786441228234,3000,Minimum,4471,4471,0.3,-1,61.8125,61.8125,0
1786441228334,3000,Minimum,4471,4471,0.3,-1,61.8125,61.8125,0
1786441228434,3000,Minimum,4471,4471,0.3,-1,61.8125,61.8125,0
1786441228534,3000,Minimum,4471,4471,0.3,-1,61.875,61.875,0
1786441228634,3000,Minimum,4471,4471,0.3,-1,61.875,61.875,0
1786441228734,3000,Minimum,4471,4471,0.3,-1,61.875,61.875,0
1786441228834,3000,Minimum,4471,4471,0.3,-1,61.875,61.875,0
1786441228934,3000,Minimum,4471,4471,0.3,-1,61.875,61.875,0
1786441229034,3000,Minimum,4471,4471,0.3,-1,61.875,61.875,0
1786441229134,3000,Minimum,4471,4471,0.3,-1,61.875,61.875,0
1786441229234,3000,Minimum,4471,4471,0.3,-1,61.875,61.875,0
1786441229334,3000,Minimum,4471,4471,0.3,-1,61.875,61.875,0
1786441229437,3000,Minimum,4471,4471,0.3,-1,61.875,61.875,0
1786441229534,3000,Minimum,4471,4471,0.3,-1,61.9375,61.9375,0
1786441229634,3000,Minimum,4471,4471,0.3,-1,61.9375,61.9375,0
1786441229734,3000,Minimum,4471,4471,0.3,-1,61.9375,61.9375,0
1786441229834,3000,Minimum,4471,4471,0.3,-1,61.9375,61.9375,0
1786441229934,3000,Minimum,4471,4471,0.3,-1,61.9375,61.9375,0
1786441230034,3000,Minimum,4471,4471,0.3,-1,61.9375,61.9375,0
1786441230134,3000,Minimum,4471,4471,0.3,-1,61.9375,61.9375,0
1786441230234,3000,Minimum,4471,4471,0.3,-1,61.9375,61.9375,0
1786441230334,3000,Minimum,4471,4471,0.3,-1,61.9375,61.9375,0
1786441230435,3000,Minimum,4471,4471,0.3,-1,61.9375,61.9375,0
1786441230534,3000,Minimum,4471,4471,0.3,-1,62.0625,62.0625,0
1786441230634,3000,Minimum,4471,4471,0.3,-1,62.0625,62.0625,0
1786441230734,3000,Minimum,4471,4471,0.3,-1,62.0625,62.0625,0
1786441230834,3000,Minimum,4471,4471,0.3,-1,62.0625,62.0625,0
1786441230934,3000,Minimum,4471,4471,0.3,-1,62.0625,62.0625,0
1786441231034,3000,Minimum,4471,4471,0.3,-1,62.0625,62.0625,0
1786441231134,3000,Minimum,4471,4471,0.3,-1,62.0625,62.0625,0
1786441231234,3000,Minimum,4471,4471,0.3,-1,62.0625,62.0625,0
1786441231334,3000,Minimum,4471,4471,0.3,-1,62.0625,62.0625,0
1786441231434,3000,Minimum,4471,4471,0.3,-1,62.0625,62.0625,0
1786441231534,3000,Minimum,4471,4471,0.3,-1,62,62,0
1786441231634,3000,Minimum,4471,4471,0.3,-1,62,62,0
1786441231734,3000,Minimum,4471,4471,0.3,-1,62,62,0
1786441231834,3000,Minimum,4471,4471,0.3,-1,62,62,0
1786441231934,3000,Minimum,4471,4471,0.3,-1,62,62,0
1786441232034,3000,Minimum,4471,4471,0.3,-1,62,62,0
1786441232134,3000,Minimum,4471,4471,0.3,-1,62,62,0
1786441232234,3000,Minimum,4471,4471,0.3,-1,62,62,0
1786441232334,3000,Minimum,4471,4471,0.3,-1,62,62,0
1786441232434,3000,Minimum,4471,4471,0.3,-1,62,62,0
1786441232534,3000,Minimum,4471,4471,0.3,-1,62.125,62.125,0
1786441232634,3000,Minimum,4471,4471,0.3,-1,62.125,62.125,0
1786441232734,3000,Minimum,4471,4471,0.3,-1,62.125,62.125,0
1786441232834,3000,Minimum,4471,4471,0.3,-1,62.125,62.125,0
1786441232934,3000,Minimum,4471,4471,0.3,-1,62.125,62.125,0
1786441233035,3000,Minimum,4471,4471,0.3,-1,62.125,62.125,0
1786441233134,3000,Minimum,4471,4471,0.3,-1,62.125,62.125,0
1786441233234,3000,Minimum,4471,4471,0.3,-1,62.125,62.125,0
1786441233334,3000,Minimum,4471,4471,0.3,-1,62.125,62.125,0
1786441233434,3000,Minimum,4471,4471,0.3,-1,62.125,62.125,0
1786441233534,3000,Minimum,4471,4471,0.3,-1,62.1875,62.1875,0
1786441233634,3000,Minimum,4471,4471,0.3,-1,62.1875,62.1875,0
1786441233736,3000,Minimum,4471,4471,0.3,-1,62.1875,62.1875,0
1786441233834,3000,Minimum,4471,4471,0.3,-1,62.1875,62.1875,0
1786441233934,3000,Minimum,4471,4471,0.3,-1,62.1875,62.1875,0
1786441234034,3000,Minimum,4471,4471,0.3,-1,62.1875,62.1875,0
1786441234134,3000,Minimum,4471,4471,0.3,-1,62.1875,62.1875,0
1786441234234,3000,Minimum,4471,4471,0.3,-1,62.1875,62.1875,0
1786441234334,3000,Minimum,4471,4471,0.3,-1,62.1875,62.1875,0
1786441234434,3000,Minimum,4471,4471,0.3,-1,62.1875,62.1875,0
1786441234538,3000,Minimum,4471,4471,0.3,-1,62.1875,62.1875,0
1786441234634,3000,Minimum,4471,4471,0.3,-1,62.1875,62.1875,0
1786441234734,3000,Minimum,4471,4471,0.3,-1,62.1875,62.1875,0
1786441234834,3000,Minimum,4471,4471,0.3,-1,62.1875,62.1875,0
1786441234934,3000,Minimum,4471,4471,0.3,-1,62.1875,62.1875,0
1786441235034,3000,Minimum,4471,4471,0.3,-1,62.1875,62.1875,0
1786441235134,3000,Minimum,4471,4471,0.3,-1,62.1875,62.1875,0
1786441235234,3000,Minimum,4471,4471,0.3,-1,62.1875,62.1875,0
1786441235334,3000,Minimum,4471,4471,0.3,-1,62.1875,62.1875,0
1786441235434,3000,Minimum,4471,4471,0.3,-1,62.1875,62.1875,0
1786441235534,3000,Minimum,4471,4471,0.3,-1,62.3125,62.3125,0
1786441235634,3000,Minimum,4471,4471,0.3,-1,62.3125,62.3125,0
1786441235734,3000,Minimum,4471,4471,0.3,-1,62.3125,62.3125,0
1786441235834,3000,Minimum,4471,4471,0.3,-1,62.3125,62.3125,0
1786441235934,3000,Minimum,4471,4471,0.3,-1,62.3125,62.3125,0
1786441236034,3000,Minimum,4471,4471,0.3,-1,62.3125,62.3125,0
1786441236134,3000,Minimum,4471,4471,0.3,-1,62.3125,62.3125,0
1786441236234,3000,Minimum,4471,4471,0.3,-1,62.3125,62.3125,0
1786441236334,3000,Minimum,4471,4471,0.3,-1,62.3125,62.3125,0
1786441236434,3000,Minimum,4471,4471,0.3,-1,62.3125,62.3125,0
1786441236534,3000,Minimum,4471,4471,0.3,-1,62.375,62.375,0
1786441236634,3000,Minimum,4471,4471,0.3,-1,62.375,62.375,0
1786441236734,3000,Minimum,4471,4471,0.3,-1,62.375,62.375,0
1786441236834,3000,Minimum,4471,4471,0.3,-1,62.375,62.375,0
1786441236934,3000,Minimum,4471,4471,0.3,-1,62.375,62.375,0
1786441237034,3000,Minimum,4471,4471,0.3,-1,62.375,62.375,0
1786441237134,3000,Minimum,4471,4471,0.3,-1,62.375,62.375,0
1786441237234,3000,Minimum,4471,4471,0.3,-1,62.375,62.375,0
1786441237334,3000,Minimum,4471,4471,0.3,-1,62.375,62.375,0
1786441237434,3000,Minimum,4471,4471,0.3,-1,62.375,62.375,0
1786441237534,3000,Minimum,4471,4471,0.3,-1,62.3125,62.3125,0
1786441237634,3000,Minimum,4471,4471,0.3,-1,62.3125,62.3125,0
1786441237734,3000,Minimum,4471,4471,0.3,-1,62.3125,62.3125,0
1786441237834,3000,Minimum,4471,4471,0.3,-1,62.3125,62.3125,0
1786441237934,3000,Minimum,4471,4471,0.3,-1,62.3125,62.3125,0
1786441238034,3000,Minimum,4471,4471,0.3,-1,62.3125,62.3125,0
1786441238134,3000,Minimum,4471,4471,0.3,-1,62.3125,62.3125,0
1786441238234,3000,Minimum,4471,4471,0.3,-1,62.3125,62.3125,0
1786441238334,3000,Minimum,4471,4471,0.3,-1,62.3125,62.3125,0
1786441238434,3000,Minimum,4471,4471,0.3,-1,62.3125,62.3125,0
1786441238534,3000,Minimum,4471,4471,0.3,-1,62.3125,62.3125,0
1786441238634,3000,Minimum,4471,4471,0.3,-1,62.3125,62.3125,0
1786441238734,3000,Minimum,4471,4471,0.3,-1,62.3125,62.3125,0
1786441238834,3000,Minimum,4471,4471,0.3,-1,62.3125,62.3125,0
1786441238934,3000,Minimum,4471,4471,0.3,-1,62.3125,62.3125,0
1786441239034,3000,Minimum,4471,4471,0.3,-1,62.3125,62.3125,0
1786441239134,3000,Minimum,4471,4471,0.3,-1,62.3125,62.3125,0
1786441239234,3000,Minimum,4471,4471,0.3,-1,62.3125,62.3125,0
1786441239334,3000,Minimum,4471,4471,0.3,-1,62.3125,62.3125,0
1786441239434,3000,Minimum,4471,4471,0.3,-1,62.3125,62.3125,0
1786441239534,3000,Minimum,4471,4471,0.3,-1,62.4375,62.4375,0
1786441239634,3000,Minimum,4471,4471,0.3,-1,62.4375,62.4375,0
1786441239734,3000,Minimum,4471,4471,0.3,-1,62.4375,62.4375,0
1786441239834,3000,Minimum,4471,4471,0.3,-1,62.4375,62.4375,0
1786441239934,3000,Minimum,4471,4471,0.3,-1,62.4375,62.4375,0
1786441240034,3000,Minimum,4471,4471,0.3,-1,62.4375,62.4375,0
1786441240134,3000,Minimum,4471,4471,0.3,-1,62.4375,62.4375,0
1786441240234,3000,Minimum,4471,4471,0.3,-1,62.4375,62.4375,0
1786441240334,3000,Minimum,4471,4471,0.3,-1,62.4375,62.4375,0
1786441240434,3000,Minimum,4471,4471,0.3,-1,62.4375,62.4375,0
1786441240534,3000,Minimum,4471,4471,0.3,-1,62.4375,62.4375,0
1786441240634,3000,Minimum,4471,4471,0.3,-1,62.4375,62.4375,0
1786441240734,3000,Minimum,4471,4471,0.3,-1,62.4375,62.4375,0
1786441240834,3000,Minimum,4471,4471,0.3,-1,62.4375,62.4375,0
1786441240934,3000,Minimum,4471,4471,0.3,-1,62.4375,62.4375,0
1786441241034,3000,Minimum,4471,4471,0.3,-1,62.4375,62.4375,0
1786441241134,3000,Minimum,4471,4471,0.3,-1,62.4375,62.4375,0
1786441241234,3000,Minimum,4471,4471,0.3,-1,62.4375,62.4375,0
1786441241334,3000,Minimum,4471,4471,0.3,-1,62.4375,62.4375,0
1786441241434,3000,Minimum,4471,4471,0.3,-1,62.4375,62.4375,0
1786441241534,3000,Minimum,4471,4471,0.3,-1,62.5625,62.5625,0
1786441241634,3000,Minimum,4471,4471,0.3,-1,62.5625,62.5625,0
1786441241734,3000,Minimum,4471,4471,0.3,-1,62.5625,62.5625,0
1786441241834,3000,Minimum,4471,4471,0.3,-1,62.5625,62.5625,0
1786441241934,3000,Minimum,4471,4471,0.3,-1,62.5625,62.5625,0
1786441242034,3000,Minimum,4471,4471,0.3,-1,62.5625,62.5625,0
1786441242134,3000,Minimum,4471,4471,0.3,-1,62.5625,62.5625,0
1786441242234,3000,Minimum,4471,4471,0.3,-1,62.5625,62.5625,0
1786441242334,3000,Minimum,4471,4471,0.3,-1,62.5625,62.5625,0
1786441242434,3000,Minimum,4471,4471,0.3,-1,62.5625,62.5625,0
1786441242534,3000,Minimum,4471,4471,0.3,-1,62.5625,62.5625,0
1786441242634,3000,Minimum,4471,4471,0.3,-1,62.5625,62.5625,0
1786441242734,3000,Minimum,4471,4471,0.3,-1,62.5625,62.5625,0
1786441242834,3000,Minimum,4471,4471,0.3,-1,62.5625,62.5625,0
1786441242934,3000,Minimum,4471,4471,0.3,-1,62.5625,62.5625,0
1786441243034,3000,Minimum,4471,4471,0.3,-1,62.5625,62.5625,0
1786441243134,3000,Minimum,4471,4471,0.3,-1,62.5625,62.5625,0
1786441243234,3000,Minimum,4471,4471,0.3,-1,62.5625,62.5625,0
1786441243334,3000,Minimum,4471,4471,0.3,-1,62.5625,62.5625,0
1786441243434,3000,Minimum,4471,4471,0.3,-1,62.5625,62.5625,0
1786441243534,3000,Minimum,4471,4471,0.3,-1,62.625,62.625,0
1786441243634,3000,Minimum,4471,4471,0.3,-1,62.625,62.625,0
1786441243734,3000,Minimum,4471,4471,0.3,-1,62.625,62.625,0
1786441243834,3000,Minimum,4471,4471,0.3,-1,62.625,62.625,0
1786441243934,3000,Minimum,4471,4471,0.3,-1,62.625,62.625,0
1786441244034,3000,Minimum,4471,4471,0.3,-1,62.625,62.625,0
1786441244134,3000,Minimum,4471,4471,0.3,-1,62.625,62.625,0
1786441244234,3000,Minimum,4471,4471,0.3,-1,62.625,62.625,0
1786441244334,3000,Minimum,4471,4471,0.3,-1,62.625,62.625,0
1786441244434,3000,Minimum,4471,4471,0.3,-1,62.625,62.625,0
1786441244534,3000,Minimum,4471,4471,0.3,-1,62.625,62.625,0
1786441244634,3000,Minimum,4471,4471,0.3,-1,62.625,62.625,0
1786441244734,3000,Minimum,4471,4471,0.3,-1,62.625,62.625,0
1786441244834,3000,Minimum,4471,4471,0.3,-1,62.625,62.625,0
1786441244934,3000,Minimum,4471,4471,0.3,-1,62.625,62.625,0
1786441245034,3000,Minimum,4471,4471,0.3,-1,62.625,62.625,0
1786441245134,3000,Minimum,4471,4471,0.3,-1,62.625,62.625,0
1786441245234,3000,Minimum,4471,4471,0.3,-1,62.625,62.625,0
1786441245334,3000,Minimum,4471,4471,0.3,-1,62.625,62.625,0
1786441245434,3000,Minimum,4471,4471,0.3,-1,62.625,62.625,0
1786441245534,3000,Minimum,4471,4471,0.3,-1,62.6875,62.6875,0
1786441245634,3000,Minimum,4471,4471,0.3,-1,62.6875,62.6875,0
1786441245734,3000,Minimum,4471,4471,0.3,-1,62.6875,62.6875,0
1786441245834,3000,Minimum,4471,4471,0.3,-1,62.6875,62.6875,0
1786441245934,3000,Minimum,4471,4471,0.3,-1,62.6875,62.6875,0
1786441246034,3000,Minimum,4471,4471,0.3,-1,62.6875,62.6875,0
1786441246134,3000,Minimum,4471,4471,0.3,-1,62.6875,62.6875,0
1786441246234,3000,Minimum,4471,4471,0.3,-1,62.6875,62.6875,0
1786441246334,3000,Minimum,4471,4471,0.3,-1,62.6875,62.6875,0
1786441246434,3000,Minimum,4471,4471,0.3,-1,62.6875,62.6875,0
1786441246534,3000,Minimum,4471,4471,0.3,-1,62.625,62.625,0
1786441246634,3000,Minimum,4471,4471,0.3,-1,62.625,62.625,0
1786441246734,3000,Minimum,4471,4471,0.3,-1,62.625,62.625,0
1786441246834,3000,Minimum,4471,4471,0.3,-1,62.625,62.625,0
1786441246934,3000,Minimum,4471,4471,0.3,-1,62.625,62.625,0
1786441247034,3000,Minimum,4471,4471,0.3,-1,62.625,62.625,0
1786441247134,3000,Minimum,4471,4471,0.3,-1,62.625,62.625,0
1786441247234,3000,Minimum,4471,4471,0.3,-1,62.625,62.625,0
1786441247334,3000,Minimum,4471,4471,0.3,-1,62.625,62.625,0
1786441247434,3000,Minimum,4471,4471,0.3,-1,62.625,62.625,0
1786441247534,3000,Minimum,4471,4471,0.3,-1,62.6875,62.6875,0
1786441247634,3000,Minimum,4471,4471,0.3,-1,62.6875,62.6875,0
1786441247734,3000,Minimum,4471,4471,0.3,-1,62.6875,62.6875,0
1786441247834,3000,Minimum,4471,4471,0.3,-1,62.6875,62.6875,0
1786441247934,3000,Minimum,4471,4471,0.3,-1,62.6875,62.6875,0
1786441248034,3000,Minimum,4471,4471,0.3,-1,62.6875,62.6875,0
1786441248134,3000,Minimum,4471,4471,0.3,-1,62.6875,62.6875,0
1786441248234,3000,Minimum,4471,4471,0.3,-1,62.6875,62.6875,0
1786441248334,3000,Minimum,4471,4471,0.3,-1,62.6875,62.6875,0
1786441248434,3000,Minimum,4471,4471,0.3,-1,62.6875,62.6875,0
1786441248534,3000,Minimum,4471,4471,0.3,-1,62.8125,62.8125,0
1786441248634,3000,Minimum,4471,4471,0.3,-1,62.8125,62.8125,0
1786441248734,3000,Minimum,4471,4471,0.3,-1,62.8125,62.8125,0
1786441248834,3000,Minimum,4471,4471,0.3,-1,62.8125,62.8125,0
1786441248934,3000,Minimum,4471,4471,0.3,-1,62.8125,62.8125,0
1786441249034,3000,Minimum,4471,4471,0.3,-1,62.8125,62.8125,0
1786441249134,3000,Minimum,4471,4471,0.3,-1,62.8125,62.8125,0
1786441249234,3000,Minimum,4471,4471,0.3,-1,62.8125,62.8125,0
1786441249334,3000,Minimum,4471,4471,0.3,-1,62.8125,62.8125,0
1786441249434,3000,Minimum,4471,4471,0.3,-1,62.8125,62.8125,0
1786441249534,3000,Minimum,4471,4471,0.3,-1,62.6875,62.6875,0
1786441249634,3000,Minimum,4471,4471,0.3,-1,62.6875,62.6875,0
1786441249734,3000,Minimum,4471,4471,0.3,-1,62.6875,62.6875,0
1786441249834,3000,Minimum,4471,4471,0.3,-1,62.6875,62.6875,0
1786441249934,3000,Minimum,4471,4471,0.3,-1,62.6875,62.6875,0
1786441250034,3000,Minimum,4471,4471,0.3,-1,62.6875,62.6875,0
1786441250134,3000,Minimum,4471,4471,0.3,-1,62.6875,62.6875,0
1786441250234,3000,Minimum,4471,4471,0.3,-1,62.6875,62.6875,0
1786441250334,3000,Minimum,4471,4471,0.3,-1,62.6875,62.6875,0
1786441250434,3000,Minimum,4471,4471,0.3,-1,62.6875,62.6875,0
1786441250534,3000,Minimum,4471,4471,0.3,-1,62.8125,62.8125,0
1786441250634,3000,Minimum,4471,4471,0.3,-1,62.8125,62.8125,0
1786441250734,3000,Minimum,4471,4471,0.3,-1,62.8125,62.8125,0
1786441250834,3000,Minimum,4471,4471,0.3,-1,62.8125,62.8125,0
1786441250934,3000,Minimum,4471,4471,0.3,-1,62.8125,62.8125,0
1786441251034,3000,Minimum,4471,4471,0.3,-1,62.8125,62.8125,0
1786441251134,3000,Minimum,4471,4471,0.3,-1,62.8125,62.8125,0
1786441251234,3000,Minimum,4471,4471,0.3,-1,62.8125,62.8125,0
1786441251334,3000,Minimum,4471,4471,0.3,-1,62.8125,62.8125,0
1786441251434,3000,Minimum,4471,4471,0.3,-1,62.8125,62.8125,0
1786441251534,3000,Minimum,4471,4471,0.3,-1,62.875,62.875,0
1786441251634,3000,Minimum,4471,4471,0.3,-1,62.875,62.875,0
1786441251734,3000,Minimum,4471,4471,0.3,-1,62.875,62.875,0
1786441251834,3000,Minimum,4471,4471,0.3,-1,62.875,62.875,0
1786441251934,3000,Minimum,4471,4471,0.3,-1,62.875,62.875,0
1786441252050,3000,Minimum,4471,4471,0.3,-1,62.875,62.875,0
1786441252134,3000,Minimum,4471,4471,0.3,-1,62.875,62.875,0
1786441252234,3000,Minimum,4471,4471,0.3,-1,62.875,62.875,0
1786441252334,3000,Minimum,4471,4471,0.3,-1,62.875,62.875,0
1786441252434,3000,Minimum,4471,4471,0.3,-1,62.875,62.875,0
1786441252534,3000,Minimum,4471,4471,0.3,-1,62.9375,62.9375,0
1786441252634,3000,Minimum,4471,4471,0.3,-1,62.9375,62.9375,0
1786441252734,3000,Minimum,4471,4471,0.3,-1,62.9375,62.9375,0
1786441252834,3000,Minimum,4471,4471,0.3,-1,62.9375,62.9375,0
1786441252934,3000,Minimum,4471,4471,0.3,-1,62.9375,62.9375,0
1786441253034,3000,Minimum,4471,4471,0.3,-1,62.9375,62.9375,0
1786441253134,3000,Minimum,4471,4471,0.3,-1,62.9375,62.9375,0
1786441253234,3000,Minimum,4471,4471,0.3,-1,62.9375,62.9375,0
1786441253334,3000,Minimum,4471,4471,0.3,-1,62.9375,62.9375,0
1786441253434,3000,Minimum,4471,4471,0.3,-1,62.9375,62.9375,0
1786441253534,3000,Minimum,4471,4471,0.3,-1,62.9375,62.9375,0
1786441253634,3000,Minimum,4471,4471,0.3,-1,62.9375,62.9375,0
1786441253734,3000,Minimum,4471,4471,0.3,-1,62.9375,62.9375,0
1786441253834,3000,Minimum,4471,4471,0.3,-1,62.9375,62.9375,0
1786441253934,3000,Minimum,4471,4471,0.3,-1,62.9375,62.9375,0
1786441254034,3000,Minimum,4471,4471,0.3,-1,62.9375,62.9375,0
1786441254134,3000,Minimum,4471,4471,0.3,-1,62.9375,62.9375,0
1786441254234,3000,Minimum,4471,4471,0.3,-1,62.9375,62.9375,0
1786441254334,3000,Minimum,4471,4471,0.3,-1,62.9375,62.9375,0
1786441254434,3000,Minimum,4471,4471,0.3,-1,62.9375,62.9375,0
1786441254534,3000,Minimum,4471,4471,0.3,-1,63.0625,63.0625,0
1786441254634,3000,Minimum,4471,4471,0.3,-1,63.0625,63.0625,0
1786441254734,3000,Minimum,4471,4471,0.3,-1,63.0625,63.0625,0
1786441254834,3000,Minimum,4471,4471,0.3,-1,63.0625,63.0625,0
1786441254934,3000,Minimum,4471,4471,0.3,-1,63.0625,63.0625,0
1786441255034,3000,Minimum,4471,4471,0.3,-1,63.0625,63.0625,0
1786441255134,3000,Minimum,4471,4471,0.3,-1,63.0625,63.0625,0
1786441255234,3000,Minimum,4471,4471,0.3,-1,63.0625,63.0625,0
1786441255334,3000,Minimum,4471,4471,0.3,-1,63.0625,63.0625,0
1786441255434,3000,Minimum,4471,4471,0.3,-1,63.0625,63.0625,0
1786441255534,3000,Minimum,4471,4471,0.3,-1,62.875,62.875,0
1786441255634,3000,Minimum,4471,4471,0.3,-1,62.875,62.875,0
1786441255734,3000,Minimum,4471,4471,0.3,-1,62.875,62.875,0
1786441255834,3000,Minimum,4471,4471,0.3,-1,62.875,62.875,0
1786441255934,3000,Minimum,4471,4471,0.3,-1,62.875,62.875,0
1786441256034,3000,Minimum,4471,4471,0.3,-1,62.875,62.875,0
1786441256134,3000,Minimum,4471,4471,0.3,-1,62.875,62.875,0
1786441256234,3000,Minimum,4471,4471,0.3,-1,62.875,62.875,0
1786441256334,3000,Minimum,4471,4471,0.3,-1,62.875,62.875,0
1786441256434,3000,Minimum,4471,4471,0.3,-1,62.875,62.875,0
1786441256534,3000,Minimum,4471,4471,0.3,-1,63.0625,63.0625,0
1786441256634,3000,Minimum,4471,4471,0.3,-1,63.0625,63.0625,0
1786441256734,3000,Minimum,4471,4471,0.3,-1,63.0625,63.0625,0
1786441256834,3000,Minimum,4471,4471,0.3,-1,63.0625,63.0625,0
1786441256934,3000,Minimum,4471,4471,0.3,-1,63.0625,63.0625,0
1786441257034,3000,Minimum,4471,4471,0.3,-1,63.0625,63.0625,0
1786441257134,3000,Minimum,4471,4471,0.3,-1,63.0625,63.0625,0
1786441257234,3000,Minimum,4471,4471,0.3,-1,63.0625,63.0625,0
1786441257334,3000,Minimum,4471,4471,0.3,-1,63.0625,63.0625,0
1786441257434,3000,Minimum,4471,4471,0.3,-1,63.0625,63.0625,0
1786441257534,3000,Minimum,4471,4471,0.3,-1,63.0625,63.0625,0
1786441257634,3000,Minimum,4471,4471,0.3,-1,63.0625,63.0625,0
1786441257734,3000,Minimum,4471,4471,0.3,-1,63.0625,63.0625,0
1786441257834,3000,Minimum,4471,4471,0.3,-1,63.0625,63.0625,0
1786441257934,3000,Minimum,4471,4471,0.3,-1,63.0625,63.0625,0
1786441258034,3000,Minimum,4471,4471,0.3,-1,63.0625,63.0625,0
1786441258134,3000,Minimum,4471,4471,0.3,-1,63.0625,63.0625,0
1786441258234,3000,Minimum,4471,4471,0.3,-1,63.0625,63.0625,0
1786441258334,3000,Minimum,4471,4471,0.3,-1,63.0625,63.0625,0
1786441258434,3000,Minimum,4471,4471,0.3,-1,63.0625,63.0625,0
1786441258534,3000,Minimum,4471,4471,0.3,-1,63.125,63.125,0
1786441258634,3000,Minimum,4471,4471,0.3,-1,63.125,63.125,0
1786441258734,3000,Minimum,4471,4471,0.3,-1,63.125,63.125,0
1786441258834,3000,Minimum,4471,4471,0.3,-1,63.125,63.125,0
1786441258934,3000,Minimum,4471,4471,0.3,-1,63.125,63.125,0
1786441259034,3000,Minimum,4471,4471,0.3,-1,63.125,63.125,0
1786441259134,3000,Minimum,4471,4471,0.3,-1,63.125,63.125,0
1786441259234,3000,Minimum,4471,4471,0.3,-1,63.125,63.125,0
1786441259334,3000,Minimum,4471,4471,0.3,-1,63.125,63.125,0
1786441259434,3000,Minimum,4471,4471,0.3,-1,63.125,63.125,0
1786441259534,3000,Minimum,4471,4471,0.3,-1,63.125,63.125,0
1786441259634,3000,Minimum,4471,4471,0.3,-1,63.125,63.125,0
1786441259734,3000,Minimum,4471,4471,0.3,-1,63.125,63.125,0
1786441259834,3000,Minimum,4471,4471,0.3,-1,63.125,63.125,0
1786441259934,3000,Minimum,4471,4471,0.3,-1,63.125,63.125,0
1786441260034,3000,Minimum,4471,4471,0.3,-1,63.125,63.125,0
1786441260134,3000,Minimum,4471,4471,0.3,-1,63.125,63.125,0
1786441260234,3000,Minimum,4471,4471,0.3,-1,63.125,63.125,0
1786441260334,3000,Minimum,4471,4471,0.3,-1,63.125,63.125,0
1786441260434,3000,Minimum,4471,4471,0.3,-1,63.125,63.125,0
1786441260534,3000,Minimum,4471,4471,0.3,-1,63.1875,63.1875,0
1786441260634,3000,Minimum,4471,4471,0.3,-1,63.1875,63.1875,0
1786441260734,3000,Minimum,4471,4471,0.3,-1,63.1875,63.1875,0
1786441260834,3000,Minimum,4471,4471,0.3,-1,63.1875,63.1875,0
1786441260934,3000,Minimum,4471,4471,0.3,-1,63.1875,63.1875,0
1786441261034,3000,Minimum,4471,4471,0.3,-1,63.1875,63.1875,0
1786441261134,3000,Minimum,4471,4471,0.3,-1,63.1875,63.1875,0
1786441261234,3000,Minimum,4471,4471,0.3,-1,63.1875,63.1875,0
1786441261334,3000,Minimum,4471,4471,0.3,-1,63.1875,63.1875,0
1786441261434,3000,Minimum,4471,4471,0.3,-1,63.1875,63.1875,0
1786441261534,3000,Minimum,4471,4471,0.3,-1,63.1875,63.1875,0
1786441261634,3000,Minimum,4471,4471,0.3,-1,63.1875,63.1875,0
1786441261734,3000,Minimum,4471,4471,0.3,-1,63.1875,63.1875,0
1786441261834,3000,Minimum,4471,4471,0.3,-1,63.1875,63.1875,0
1786441261934,3000,Minimum,4471,4471,0.3,-1,63.1875,63.1875,0
1786441262034,3000,Minimum,4471,4471,0.3,-1,63.1875,63.1875,0
1786441262134,3000,Minimum,4471,4471,0.3,-1,63.1875,63.1875,0
1786441262234,3000,Minimum,4471,4471,0.3,-1,63.1875,63.1875,0
1786441262334,3000,Minimum,4471,4471,0.3,-1,63.1875,63.1875,0
1786441262434,3000,Minimum,4471,4471,0.3,-1,63.1875,63.1875,0
1786441262534,3000,Minimum,4471,4471,0.3,-1,63.1875,63.1875,0
1786441262634,3000,Minimum,4471,4471,0.3,-1,63.1875,63.1875,0
1786441262734,3000,Minimum,4471,4471,0.3,-1,63.1875,63.1875,0
1786441262834,3000,Minimum,4471,4471,0.3,-1,63.1875,63.1875,0
1786441262934,3000,Minimum,4471,4471,0.3,-1,63.1875,63.1875,0
1786441263034,3000,Minimum,4471,4471,0.3,-1,63.1875,63.1875,0
1786441263134,3000,Minimum,4471,4471,0.3,-1,63.1875,63.1875,0
1786441263234,3000,Minimum,4471,4471,0.3,-1,63.1875,63.1875,0
1786441263334,3000,Minimum,4471,4471,0.3,-1,63.1875,63.1875,0
1786441263434,3000,Minimum,4471,4471,0.3,-1,63.1875,63.1875,0
1786441263534,3000,Minimum,4471,4471,0.3,-1,63.3125,63.3125,0
1786441263634,3000,Minimum,4471,4471,0.3,-1,63.3125,63.3125,0
1786441263734,3000,Minimum,4471,4471,0.3,-1,63.3125,63.3125,0
1786441263834,3000,Minimum,4471,4471,0.3,-1,63.3125,63.3125,0
1786441263934,3000,Minimum,4471,4471,0.3,-1,63.3125,63.3125,0
1786441264034,3000,Minimum,4471,4471,0.3,-1,63.3125,63.3125,0
1786441264134,3000,Minimum,4471,4471,0.3,-1,63.3125,63.3125,0
1786441264234,3000,Minimum,4471,4471,0.3,-1,63.3125,63.3125,0
1786441264334,3000,Minimum,4471,4471,0.3,-1,63.3125,63.3125,0
1786441264434,3000,Minimum,4471,4471,0.3,-1,63.3125,63.3125,0
1786441264534,3000,Minimum,4471,4471,0.3,-1,63.3125,63.3125,0
1786441264634,3000,Minimum,4471,4471,0.3,-1,63.3125,63.3125,0
1786441264734,3000,Minimum,4471,4471,0.3,-1,63.3125,63.3125,0
1786441264834,3000,Minimum,4471,4471,0.3,-1,63.3125,63.3125,0
1786441264934,3000,Minimum,4471,4471,0.3,-1,63.3125,63.3125,0
1786441265034,3000,Minimum,4471,4471,0.3,-1,63.3125,63.3125,0
1786441265134,3000,Minimum,4471,4471,0.3,-1,63.3125,63.3125,0
1786441265234,3000,Minimum,4471,4471,0.3,-1,63.3125,63.3125,0
1786441265334,3000,Minimum,4471,4471,0.3,-1,63.3125,63.3125,0
1786441265434,3000,Minimum,4471,4471,0.3,-1,63.3125,63.3125,0
1786441265534,3000,Minimum,4471,4471,0.3,-1,63.25,63.25,0
1786441265634,3000,Minimum,4471,4471,0.3,-1,63.25,63.25,0
1786441265734,3000,Minimum,4471,4471,0.3,-1,63.25,63.25,0
1786441265834,3000,Minimum,4471,4471,0.3,-1,63.25,63.25,0
1786441265934,3000,Minimum,4471,4471,0.3,-1,63.25,63.25,0
1786441266034,3000,Minimum,4471,4471,0.3,-1,63.25,63.25,0
1786441266134,3000,Minimum,4471,4471,0.3,-1,63.25,63.25,0
1786441266234,3000,Minimum,4471,4471,0.3,-1,63.25,63.25,0
1786441266334,3000,Minimum,4471,4471,0.3,-1,63.25,63.25,0
1786441266434,3000,Minimum,4471,4471,0.3,-1,63.25,63.25,0
1786441266534,3000,Minimum,4471,4471,0.3,-1,63.3125,63.3125,0
1786441266634,3000,Minimum,4471,4471,0.3,-1,63.3125,63.3125,0
1786441266734,3000,Minimum,4471,4471,0.3,-1,63.3125,63.3125,0
1786441266834,3000,Minimum,4471,4471,0.3,-1,63.3125,63.3125,0
1786441266934,3000,Minimum,4471,4471,0.3,-1,63.3125,63.3125,0
1786441267034,3000,Minimum,4471,4471,0.3,-1,63.3125,63.3125,0
1786441267134,3000,Minimum,4471,4471,0.3,-1,63.3125,63.3125,0
1786441267234,3000,Minimum,4471,4471,0.3,-1,63.3125,63.3125,0
1786441267334,3000,Minimum,4471,4471,0.3,-1,63.3125,63.3125,0
1786441267439,3000,Minimum,4471,4471,0.3,-1,63.3125,63.3125,0
1786441267534,3000,Minimum,4471,4471,0.3,-1,63.3125,63.3125,0
1786441267634,3000,Minimum,4471,4471,0.3,-1,63.3125,63.3125,0
1786441267734,3000,Minimum,4471,4471,0.3,-1,63.3125,63.3125,0
1786441267834,3000,Minimum,4471,4471,0.3,-1,63.3125,63.3125,0
1786441267934,3000,Minimum,4471,4471,0.3,-1,63.3125,63.3125,0
1786441268034,3000,Minimum,4471,4471,0.3,-1,63.3125,63.3125,0
1786441268134,3000,Minimum,4471,4471,0.3,-1,63.3125,63.3125,0
1786441268234,3000,Minimum,4471,4471,0.3,-1,63.3125,63.3125,0
1786441268334,3000,Minimum,4471,4471,0.3,-1,63.3125,63.3125,0
1786441268434,3000,Minimum,4471,4471,0.3,-1,63.3125,63.3125,0
1786441268534,3000,Minimum,4471,4471,0.3,-1,63.375,63.375,0
1786441268634,3000,Minimum,4471,4471,0.3,-1,63.375,63.375,0
1786441268734,3000,Minimum,4471,4471,0.3,-1,63.375,63.375,0
1786441268834,3000,Minimum,4471,4471,0.3,-1,63.375,63.375,0
1786441268934,3000,Minimum,4471,4471,0.3,-1,63.375,63.375,0
1786441269034,3000,Minimum,4471,4471,0.3,-1,63.375,63.375,0
1786441269134,3000,Minimum,4471,4471,0.3,-1,63.375,63.375,0
1786441269234,3000,Minimum,4471,4471,0.3,-1,63.375,63.375,0
1786441269334,3000,Minimum,4471,4471,0.3,-1,63.375,63.375,0
1786441269434,3000,Minimum,4471,4471,0.3,-1,63.375,63.375,0
1786441269534,3000,Minimum,4471,4471,0.3,-1,63.3125,63.3125,0
1786441269634,3000,Minimum,4471,4471,0.3,-1,63.3125,63.3125,0
1786441269734,3000,Minimum,4471,4471,0.3,-1,63.3125,63.3125,0
1786441269834,3000,Minimum,4471,4471,0.3,-1,63.3125,63.3125,0
1786441269934,3000,Minimum,4471,4471,0.3,-1,63.3125,63.3125,0
1786441270034,3000,Minimum,4471,4471,0.3,-1,63.3125,63.3125,0
1786441270134,3000,Minimum,4471,4471,0.3,-1,63.3125,63.3125,0
1786441270234,3000,Minimum,4471,4471,0.3,-1,63.3125,63.3125,0
1786441270334,3000,Minimum,4471,4471,0.3,-1,63.3125,63.3125,0
1786441270434,3000,Minimum,4471,4471,0.3,-1,63.3125,63.3125,0
1786441270534,3000,Minimum,4471,4471,0.3,-1,63.375,63.375,0
1786441270634,3000,Minimum,4471,4471,0.3,-1,63.375,63.375,0
1786441270734,3000,Minimum,4471,4471,0.3,-1,63.375,63.375,0
1786441270834,3000,Minimum,4471,4471,0.3,-1,63.375,63.375,0
1786441270934,3000,Minimum,4471,4471,0.3,-1,63.375,63.375,0
1786441271034,3000,Minimum,4471,4471,0.3,-1,63.375,63.375,0
1786441271134,3000,Minimum,4471,4471,0.3,-1,63.375,63.375,0
1786441271234,3000,Minimum,4471,4471,0.3,-1,63.375,63.375,0
1786441271334,3000,Minimum,4471,4471,0.3,-1,63.375,63.375,0
1786441271434,3000,Minimum,4471,4471,0.3,-1,63.375,63.375,0
1786441271534,3000,Minimum,4471,4471,0.3,-1,63.5,63.5,0
1786441271634,3000,Minimum,4471,4471,0.3,-1,63.5,63.5,0
1786441271734,3000,Minimum,4471,4471,0.3,-1,63.5,63.5,0
1786441271834,3000,Minimum,4471,4471,0.3,-1,63.5,63.5,0
1786441271934,3000,Minimum,4471,4471,0.3,-1,63.5,63.5,0
1786441272034,3000,Minimum,4471,4471,0.3,-1,63.5,63.5,0
1786441272134,3000,Minimum,4471,4471,0.3,-1,63.5,63.5,0
1786441272234,3000,Minimum,4471,4471,0.3,-1,63.5,63.5,0
1786441272334,3000,Minimum,4471,4471,0.3,-1,63.5,63.5,0
1786441272434,3000,Minimum,4471,4471,0.3,-1,63.5,63.5,0
1786441272534,3000,Minimum,4471,4471,0.3,-1,63.5,63.5,0
1786441272634,3000,Minimum,4471,4471,0.3,-1,63.5,63.5,0
1786441272734,3000,Minimum,4471,4471,0.3,-1,63.5,63.5,0
1786441272834,3000,Minimum,4471,4471,0.3,-1,63.5,63.5,0
1786441272934,3000,Minimum,4471,4471,0.3,-1,63.5,63.5,0
1786441273034,3000,Minimum,4471,4471,0.3,-1,63.5,63.5,0
1786441273134,3000,Minimum,4471,4471,0.3,-1,63.5,63.5,0
1786441273234,3000,Minimum,4471,4471,0.3,-1,63.5,63.5,0
1786441273334,3000,Minimum,4471,4471,0.3,-1,63.5,63.5,0
1786441273434,3000,Minimum,4471,4471,0.3,-1,63.5,63.5,0
1786441273534,3000,Minimum,4471,4471,0.3,-1,63.5,63.5,0
1786441273634,3000,Minimum,4471,4471,0.3,-1,63.5,63.5,0
1786441273734,3000,Minimum,4471,4471,0.3,-1,63.5,63.5,0
1786441273834,3000,Minimum,4471,4471,0.3,-1,63.5,63.5,0
1786441273934,3000,Minimum,4471,4471,0.3,-1,63.5,63.5,0
1786441274034,3000,Minimum,4471,4471,0.3,-1,63.5,63.5,0
1786441274134,3000,Minimum,4471,4471,0.3,-1,63.5,63.5,0
1786441274234,3000,Minimum,4471,4471,0.3,-1,63.5,63.5,0
1786441274334,3000,Minimum,4471,4471,0.3,-1,63.5,63.5,0
1786441274434,3000,Minimum,4471,4471,0.3,-1,63.5,63.5,0
1786441274534,3000,Minimum,4471,4471,0.3,-1,63.5,63.5,0
1786441274634,3000,Minimum,4471,4471,0.3,-1,63.5,63.5,0
1786441274734,3000,Minimum,4471,4471,0.3,-1,63.5,63.5,0
1786441274834,3000,Minimum,4471,4471,0.3,-1,63.5,63.5,0
1786441274934,3000,Minimum,4471,4471,0.3,-1,63.5,63.5,0
1786441275034,3000,Minimum,4471,4471,0.3,-1,63.5,63.5,0
1786441275134,3000,Minimum,4471,4471,0.3,-1,63.5,63.5,0
1786441275234,3000,Minimum,4471,4471,0.3,-1,63.5,63.5,0
1786441275334,3000,Minimum,4471,4471,0.3,-1,63.5,63.5,0
1786441275434,3000,Minimum,4471,4471,0.3,-1,63.5,63.5,0
1786441275534,3000,Minimum,4471,4471,0.3,-1,63.4375,63.4375,0
1786441275634,3000,Minimum,4471,4471,0.3,-1,63.4375,63.4375,0
1786441275734,3000,Minimum,4471,4471,0.3,-1,63.4375,63.4375,0
1786441275834,3000,Minimum,4471,4471,0.3,-1,63.4375,63.4375,0
1786441275934,3000,Minimum,4471,4471,0.3,-1,63.4375,63.4375,0
1786441276034,3000,Minimum,4471,4471,0.3,-1,63.4375,63.4375,0
1786441276134,3000,Minimum,4471,4471,0.3,-1,63.4375,63.4375,0
1786441276234,3000,Minimum,4471,4471,0.3,-1,63.4375,63.4375,0
1786441276334,3000,Minimum,4471,4471,0.3,-1,63.4375,63.4375,0
1786441276434,3000,Minimum,4471,4471,0.3,-1,63.4375,63.4375,0
1786441276534,3000,Minimum,4471,4471,0.3,-1,63.5625,63.5625,0
1786441276634,3000,Minimum,4471,4471,0.3,-1,63.5625,63.5625,0
1786441276734,3000,Minimum,4471,4471,0.3,-1,63.5625,63.5625,0
1786441276834,3000,Minimum,4471,4471,0.3,-1,63.5625,63.5625,0
1786441276934,3000,Minimum,4471,4471,0.3,-1,63.5625,63.5625,0
1786441277034,3000,Minimum,4471,4471,0.3,-1,63.5625,63.5625,0
1786441277134,3000,Minimum,4471,4471,0.3,-1,63.5625,63.5625,0
1786441277234,3000,Minimum,4471,4471,0.3,-1,63.5625,63.5625,0
1786441277334,3000,Minimum,4471,4471,0.3,-1,63.5625,63.5625,0
1786441277434,3000,Minimum,4471,4471,0.3,-1,63.5625,63.5625,0
1786441277534,3000,Minimum,4471,4471,0.3,-1,63.5625,63.5625,0
1786441277634,3000,Minimum,4471,4471,0.3,-1,63.5625,63.5625,0
1786441277734,3000,Minimum,4471,4471,0.3,-1,63.5625,63.5625,0
1786441277834,3000,Minimum,4471,4471,0.3,-1,63.5625,63.5625,0
1786441277934,3000,Minimum,4471,4471,0.3,-1,63.5625,63.5625,0
1786441278034,3000,Minimum,4471,4471,0.3,-1,63.5625,63.5625,0
1786441278134,3000,Minimum,4471,4471,0.3,-1,63.5625,63.5625,0
1786441278234,3000,Minimum,4471,4471,0.3,-1,63.5625,63.5625,0
1786441278334,3000,Minimum,4471,4471,0.3,-1,63.5625,63.5625,0
1786441278434,3000,Minimum,4471,4471,0.3,-1,63.5625,63.5625,0
1786441278534,3000,Minimum,4471,4471,0.3,-1,63.625,63.625,0
1786441278634,3000,Minimum,4471,4471,0.3,-1,63.625,63.625,0
1786441278734,3000,Minimum,4471,4471,0.3,-1,63.625,63.625,0
1786441278834,3000,Minimum,4471,4471,0.3,-1,63.625,63.625,0
1786441278934,3000,Minimum,4471,4471,0.3,-1,63.625,63.625,0
1786441279034,3000,Minimum,4471,4471,0.3,-1,63.625,63.625,0
1786441279134,3000,Minimum,4471,4471,0.3,-1,63.625,63.625,0
1786441279234,3000,Minimum,4471,4471,0.3,-1,63.625,63.625,0
1786441279334,3000,Minimum,4471,4471,0.3,-1,63.625,63.625,0
1786441279434,3000,Minimum,4471,4471,0.3,-1,63.625,63.625,0
1786441279534,3000,Minimum,4471,4471,0.3,-1,63.625,63.625,0
1786441279634,3000,Minimum,4471,4471,0.3,-1,63.625,63.625,0
1786441279734,3000,Minimum,4471,4471,0.3,-1,63.625,63.625,0
1786441279834,3000,Minimum,4471,4471,0.3,-1,63.625,63.625,0
1786441279934,3000,Minimum,4471,4471,0.3,-1,63.625,63.625,0
1786441280034,3000,Minimum,4471,4471,0.3,-1,63.625,63.625,0
1786441280134,3000,Minimum,4471,4471,0.3,-1,63.625,63.625,0
1786441280234,3000,Minimum,4471,4471,0.3,-1,63.625,63.625,0
1786441280334,3000,Minimum,4471,4471,0.3,-1,63.625,63.625,0
1786441280434,3000,Minimum,4471,4471,0.3,-1,63.625,63.625,0
1786441280534,3000,Minimum,4471,4471,0.3,-1,63.5625,63.5625,0
1786441280634,3000,Minimum,4471,4471,0.3,-1,63.5625,63.5625,0
1786441280734,3000,Minimum,4471,4471,0.3,-1,63.5625,63.5625,0
1786441280834,3000,Minimum,4471,4471,0.3,-1,63.5625,63.5625,0
1786441280934,3000,Minimum,4471,4471,0.3,-1,63.5625,63.5625,0
1786441281034,3000,Minimum,4471,4471,0.3,-1,63.5625,63.5625,0
1786441281134,3000,Minimum,4471,4471,0.3,-1,63.5625,63.5625,0
1786441281234,3000,Minimum,4471,4471,0.3,-1,63.5625,63.5625,0
1786441281334,3000,Minimum,4471,4471,0.3,-1,63.5625,63.5625,0
1786441281434,3000,Minimum,4471,4471,0.3,-1,63.5625,63.5625,0
1786441281534,3000,Minimum,4471,4471,0.3,-1,63.5625,63.5625,0
1786441281634,3000,Minimum,4471,4471,0.3,-1,63.5625,63.5625,0
1786441281734,3000,Minimum,4471,4471,0.3,-1,63.5625,63.5625,0
1786441281834,3000,Minimum,4471,4471,0.3,-1,63.5625,63.5625,0
1786441281934,3000,Minimum,4471,4471,0.3,-1,63.5625,63.5625,0
1786441282034,3000,Minimum,4471,4471,0.3,-1,63.5625,63.5625,0
1786441282134,3000,Minimum,4471,4471,0.3,-1,63.5625,63.5625,0
1786441282234,3000,Minimum,4471,4471,0.3,-1,63.5625,63.5625,0
1786441282334,3000,Minimum,4471,4471,0.3,-1,63.5625,63.5625,0
1786441282434,3000,Minimum,4471,4471,0.3,-1,63.5625,63.5625,0
1786441282534,3000,Minimum,4471,4471,0.3,-1,63.625,63.625,0
1786441282634,3000,Minimum,4471,4471,0.3,-1,63.625,63.625,0
1786441282734,3000,Minimum,4471,4471,0.3,-1,63.625,63.625,0
1786441282834,3000,Minimum,4471,4471,0.3,-1,63.625,63.625,0
1786441282934,3000,Minimum,4471,4471,0.3,-1,63.625,63.625,0
1786441283034,3000,Minimum,4471,4471,0.3,-1,63.625,63.625,0
1786441283134,3000,Minimum,4471,4471,0.3,-1,63.625,63.625,0
1786441283234,3000,Minimum,4471,4471,0.3,-1,63.625,63.625,0
1786441283334,3000,Minimum,4471,4471,0.3,-1,63.625,63.625,0
1786441283434,3000,Minimum,4471,4471,0.3,-1,63.625,63.625,0
1786441283534,3000,Minimum,4471,4471,0.3,-1,63.625,63.625,0
1786441283634,3000,Minimum,4471,4471,0.3,-1,63.625,63.625,0
1786441283734,3000,Minimum,4471,4471,0.3,-1,63.625,63.625,0
1786441283834,3000,Minimum,4471,4471,0.3,-1,63.625,63.625,0
1786441283934,3000,Minimum,4471,4471,0.3,-1,63.625,63.625,0
1786441284034,3000,Minimum,4471,4471,0.3,-1,63.625,63.625,0
1786441284134,3000,Minimum,4471,4471,0.3,-1,63.625,63.625,0
1786441284234,3000,Minimum,4471,4471,0.3,-1,63.625,63.625,0
1786441284334,3000,Minimum,4471,4471,0.3,-1,63.625,63.625,0
1786441284434,3000,Minimum,4471,4471,0.3,-1,63.625,63.625,0
1786441284534,3000,Minimum,4471,4471,0.3,-1,63.625,63.625,0
1786441284634,3000,Minimum,4471,4471,0.3,-1,63.625,63.625,0
1786441284734,3000,Minimum,4471,4471,0.3,-1,63.625,63.625,0
1786441284834,3000,Minimum,4471,4471,0.3,-1,63.625,63.625,0
1786441284934,3000,Minimum,4471,4471,0.3,-1,63.625,63.625,0
1786441285034,3000,Minimum,4471,4471,0.3,-1,63.625,63.625,0
1786441285134,3000,Minimum,4471,4471,0.3,-1,63.625,63.625,0
1786441285234,3000,Minimum,4471,4471,0.3,-1,63.625,63.625,0
1786441285334,3000,Minimum,4471,4471,0.3,-1,63.625,63.625,0
1786441285434,3000,Minimum,4471,4471,0.3,-1,63.625,63.625,0
1786441285534,3000,Minimum,4471,4471,0.3,-1,63.75,63.75,0
1786441285634,3000,Minimum,4471,4471,0.3,-1,63.75,63.75,0
1786441285734,3000,Minimum,4471,4471,0.3,-1,63.75,63.75,0
1786441285834,3000,Minimum,4471,4471,0.3,-1,63.75,63.75,0
1786441285934,3000,Minimum,4471,4471,0.3,-1,63.75,63.75,0
1786441286034,3000,Minimum,4471,4471,0.3,-1,63.75,63.75,0
1786441286134,3000,Minimum,4471,4471,0.3,-1,63.75,63.75,0
1786441286234,3000,Minimum,4471,4471,0.3,-1,63.75,63.75,0
1786441286334,3000,Minimum,4471,4471,0.3,-1,63.75,63.75,0
1786441286434,3000,Minimum,4471,4471,0.3,-1,63.75,63.75,0
1786441286534,3000,Minimum,4471,4471,0.3,-1,63.8125,63.8125,0
1786441286634,3000,Minimum,4471,4471,0.3,-1,63.8125,63.8125,0
1786441286734,3000,Minimum,4471,4471,0.3,-1,63.8125,63.8125,0
1786441286834,3000,Minimum,4471,4471,0.3,-1,63.8125,63.8125,0
1786441286934,3000,Minimum,4471,4471,0.3,-1,63.8125,63.8125,0
1786441287034,3000,Minimum,4471,4471,0.3,-1,63.8125,63.8125,0
1786441287134,3000,Minimum,4471,4471,0.3,-1,63.8125,63.8125,0
1786441287234,3000,Minimum,4471,4471,0.3,-1,63.8125,63.8125,0
1786441287334,3000,Minimum,4471,4471,0.3,-1,63.8125,63.8125,0
1786441287434,3000,Minimum,4471,4471,0.3,-1,63.8125,63.8125,0
1786441287534,3000,Minimum,4471,4471,0.3,-1,63.6875,63.6875,0
1786441287634,3000,Minimum,4471,4471,0.3,-1,63.6875,63.6875,0
1786441287734,3000,Minimum,4471,4471,0.3,-1,63.6875,63.6875,0
1786441287834,3000,Minimum,4471,4471,0.3,-1,63.6875,63.6875,0
1786441287934,3000,Minimum,4471,4471,0.3,-1,63.6875,63.6875,0
1786441288034,3000,Minimum,4471,4471,0.3,-1,63.6875,63.6875,0
1786441288134,3000,Minimum,4471,4471,0.3,-1,63.6875,63.6875,0
1786441288234,3000,Minimum,4471,4471,0.3,-1,63.6875,63.6875,0
1786441288334,3000,Minimum,4471,4471,0.3,-1,63.6875,63.6875,0
1786441288434,3000,Minimum,4471,4471,0.3,-1,63.6875,63.6875,0
1786441288534,3000,Minimum,4471,4471,0.3,-1,63.8125,63.8125,0
1786441288634,3000,Minimum,4471,4471,0.3,-1,63.8125,63.8125,0
1786441288734,3000,Minimum,4471,4471,0.3,-1,63.8125,63.8125,0
1786441288834,3000,Minimum,4471,4471,0.3,-1,63.8125,63.8125,0
1786441288934,3000,Minimum,4471,4471,0.3,-1,63.8125,63.8125,0
1786441289034,3000,Minimum,4471,4471,0.3,-1,63.8125,63.8125,0
1786441289134,3000,Minimum,4471,4471,0.3,-1,63.8125,63.8125,0
1786441289234,3000,Minimum,4471,4471,0.3,-1,63.8125,63.8125,0
1786441289334,3000,Minimum,4471,4471,0.3,-1,63.8125,63.8125,0
1786441289434,3000,Minimum,4471,4471,0.3,-1,63.8125,63.8125,0
1786441289534,3000,Minimum,4471,4471,0.3,-1,63.75,63.75,0
1786441289634,3000,Minimum,4471,4471,0.3,-1,63.75,63.75,0
1786441289734,3000,Minimum,4471,4471,0.3,-1,63.75,63.75,0
1786441289834,3000,Minimum,4471,4471,0.3,-1,63.75,63.75,0
1786441289934,3000,Minimum,4471,4471,0.3,-1,63.75,63.75,0
1786441290034,3000,Minimum,4471,4471,0.3,-1,63.75,63.75,0
1786441290134,3000,Minimum,4471,4471,0.3,-1,63.75,63.75,0
1786441290234,3000,Minimum,4471,4471,0.3,-1,63.75,63.75,0
1786441290334,3000,Minimum,4471,4471,0.3,-1,63.75,63.75,0
1786441290434,3000,Minimum,4471,4471,0.3,-1,63.75,63.75,0
1786441290534,3000,Minimum,4471,4471,0.3,-1,63.8125,63.8125,0
1786441290634,3000,Minimum,4471,4471,0.3,-1,63.8125,63.8125,0
1786441290734,3000,Minimum,4471,4471,0.3,-1,63.8125,63.8125,0
1786441290834,3000,Minimum,4471,4471,0.3,-1,63.8125,63.8125,0
1786441290934,3000,Minimum,4471,4471,0.3,-1,63.8125,63.8125,0
1786441291034,3000,Minimum,4471,4471,0.3,-1,63.8125,63.8125,0
1786441291134,3000,Minimum,4471,4471,0.3,-1,63.8125,63.8125,0
1786441291234,3000,Minimum,4471,4471,0.3,-1,63.8125,63.8125,0
1786441291334,3000,Minimum,4471,4471,0.3,-1,63.8125,63.8125,0
1786441291434,3000,Minimum,4471,4471,0.3,-1,63.8125,63.8125,0
1786441291534,3000,Minimum,4471,4471,0.3,-1,63.75,63.75,0
1786441291634,3000,Minimum,4471,4471,0.3,-1,63.75,63.75,0
1786441291734,3000,Minimum,4471,4471,0.3,-1,63.75,63.75,0
1786441291834,3000,Minimum,4471,4471,0.3,-1,63.75,63.75,0
1786441291934,3000,Minimum,4471,4471,0.3,-1,63.75,63.75,0
1786441292034,3000,Minimum,4471,4471,0.3,-1,63.75,63.75,0
1786441292134,3000,Minimum,4471,4471,0.3,-1,63.75,63.75,0
1786441292234,3000,Minimum,4471,4471,0.3,-1,63.75,63.75,0
1786441292334,3000,Minimum,4471,4471,0.3,-1,63.75,63.75,0
1786441292434,3000,Minimum,4471,4471,0.3,-1,63.75,63.75,0
1786441292534,3000,Minimum,4471,4471,0.3,-1,63.8125,63.8125,0
1786441292634,3000,Minimum,4471,4471,0.3,-1,63.8125,63.8125,0
1786441292734,3000,Minimum,4471,4471,0.3,-1,63.8125,63.8125,0
1786441292834,3000,Minimum,4471,4471,0.3,-1,63.8125,63.8125,0
1786441292934,3000,Minimum,4471,4471,0.3,-1,63.8125,63.8125,0
1786441293034,3000,Minimum,4471,4471,0.3,-1,63.8125,63.8125,0
1786441293134,3000,Minimum,4471,4471,0.3,-1,63.8125,63.8125,0
1786441293234,3000,Minimum,4471,4471,0.3,-1,63.8125,63.8125,0
1786441293334,3000,Minimum,4471,4471,0.3,-1,63.8125,63.8125,0
1786441293434,3000,Minimum,4471,4471,0.3,-1,63.8125,63.8125,0
1786441293534,3000,Minimum,4471,4471,0.3,-1,63.8125,63.8125,0
1786441293634,3000,Minimum,4471,4471,0.3,-1,63.8125,63.8125,0
1786441293734,3000,Minimum,4471,4471,0.3,-1,63.8125,63.8125,0
1786441293834,3000,Minimum,4471,4471,0.3,-1,63.8125,63.8125,0
1786441293934,3000,Minimum,4471,4471,0.3,-1,63.8125,63.8125,0
1786441294034,3000,Minimum,4471,4471,0.3,-1,63.8125,63.8125,0
1786441294134,3000,Minimum,4471,4471,0.3,-1,63.8125,63.8125,0
1786441294234,3000,Minimum,4471,4471,0.3,-1,63.8125,63.8125,0
1786441294334,3000,Minimum,4471,4471,0.3,-1,63.8125,63.8125,0
1786441294434,3000,Minimum,4471,4471,0.3,-1,63.8125,63.8125,0
1786441294534,3000,Minimum,4471,4471,0.3,-1,63.875,63.875,0
1786441294634,3000,Minimum,4471,4471,0.3,-1,63.875,63.875,0
1786441294734,3000,Minimum,4471,4471,0.3,-1,63.875,63.875,0
1786441294834,3000,Minimum,4471,4471,0.3,-1,63.875,63.875,0
1786441294934,3000,Minimum,4471,4471,0.3,-1,63.875,63.875,0
1786441295034,3000,Minimum,4471,4471,0.3,-1,63.875,63.875,0
1786441295134,3000,Minimum,4471,4471,0.3,-1,63.875,63.875,0
1786441295234,3000,Minimum,4471,4471,0.3,-1,63.875,63.875,0
1786441295334,3000,Minimum,4471,4471,0.3,-1,63.875,63.875,0
1786441295434,3000,Minimum,4471,4471,0.3,-1,63.875,63.875,0
1786441295534,3000,Minimum,4471,4471,0.3,-1,63.8125,63.8125,0
1786441295634,3000,Minimum,4471,4471,0.3,-1,63.8125,63.8125,0
1786441295734,3000,Minimum,4471,4471,0.3,-1,63.8125,63.8125,0
1786441295834,3000,Minimum,4471,4471,0.3,-1,63.8125,63.8125,0
1786441295934,3000,Minimum,4471,4471,0.3,-1,63.8125,63.8125,0
1786441296034,3000,Minimum,4471,4471,0.3,-1,63.8125,63.8125,0
1786441296135,3000,Minimum,4471,4471,0.3,-1,63.8125,63.8125,0
1786441296234,3000,Minimum,4471,4471,0.3,-1,63.8125,63.8125,0
1786441296335,3000,Minimum,4471,4471,0.3,-1,63.8125,63.8125,0
1786441296434,3000,Minimum,4471,4471,0.3,-1,63.8125,63.8125,0
1786441296534,3000,Minimum,4471,4471,0.3,-1,63.875,63.875,0
1786441296634,3000,Minimum,4471,4471,0.3,-1,63.875,63.875,0
1786441296734,3000,Minimum,4471,4471,0.3,-1,63.875,63.875,0
1786441296835,3000,Minimum,4471,4471,0.3,-1,63.875,63.875,0
1786441296934,3000,Minimum,4471,4471,0.3,-1,63.875,63.875,0
1786441297034,3000,Minimum,4471,4471,0.3,-1,63.875,63.875,0
1786441297135,3000,Minimum,4471,4471,0.3,-1,63.875,63.875,0
1786441297235,3000,Minimum,4471,4471,0.3,-1,63.875,63.875,0
1786441297335,3000,Minimum,4471,4471,0.3,-1,63.875,63.875,0
1786441297434,3000,Minimum,4471,4471,0.3,-1,63.875,63.875,0
1786441297534,3000,Minimum,4471,4471,0.3,-1,63.875,63.875,0
1786441297634,3000,Minimum,4471,4471,0.3,-1,63.875,63.875,0
1786441297734,3000,Minimum,4471,4471,0.3,-1,63.875,63.875,0
1786441297834,3000,Minimum,4471,4471,0.3,-1,63.875,63.875,0
1786441297934,3000,Minimum,4471,4471,0.3,-1,63.875,63.875,0
1786441298034,3000,Minimum,4471,4471,0.3,-1,63.875,63.875,0
1786441298134,3000,Minimum,4471,4471,0.3,-1,63.875,63.875,0
1786441298234,3000,Minimum,4471,4471,0.3,-1,63.875,63.875,0
1786441298335,3000,Minimum,4471,4471,0.3,-1,63.875,63.875,0
1786441298435,3000,Minimum,4471,4471,0.3,-1,63.875,63.875,0
1786441298535,3000,Minimum,4471,4471,0.3,-1,63.9375,63.9375,0
1786441298635,3000,Minimum,4471,4471,0.3,-1,63.9375,63.9375,0
1786441298734,3000,Minimum,4471,4471,0.3,-1,63.9375,63.9375,0
1786441298834,3000,Minimum,4471,4471,0.3,-1,63.9375,63.9375,0
1786441298935,3000,Minimum,4471,4471,0.3,-1,63.9375,63.9375,0
1786441299034,3000,Minimum,4471,4471,0.3,-1,63.9375,63.9375,0
1786441299135,3000,Minimum,4471,4471,0.3,-1,63.9375,63.9375,0
1786441299235,3000,Minimum,4471,4471,0.3,-1,63.9375,63.9375,0
1786441299335,3000,Minimum,4471,4471,0.3,-1,63.9375,63.9375,0
1786441299434,3000,Minimum,4471,4471,0.3,-1,63.9375,63.9375,0
1786441299534,3000,Minimum,4471,4471,0.3,-1,63.875,63.875,0
1786441299634,3000,Minimum,4471,4471,0.3,-1,63.875,63.875,0
1786441299734,3000,Minimum,4471,4471,0.3,-1,63.875,63.875,0
1786441299834,3000,Minimum,4471,4471,0.3,-1,63.875,63.875,0
1786441299935,3000,Minimum,4471,4471,0.3,-1,63.875,63.875,0
1786441300034,3000,Minimum,4471,4471,0.3,-1,63.875,63.875,0
1786441300135,3000,Minimum,4471,4471,0.3,-1,63.875,63.875,0
1786441300234,3000,Minimum,4471,4471,0.3,-1,63.875,63.875,0
1786441300334,3000,Minimum,4471,4471,0.3,-1,63.875,63.875,0
1786441300434,3000,Minimum,4471,4471,0.3,-1,63.875,63.875,0
1786441300534,3000,Minimum,4471,4471,0.3,-1,63.9375,63.9375,0
1786441300634,3000,Minimum,4471,4471,0.3,-1,63.9375,63.9375,0
1786441300734,3000,Minimum,4471,4471,0.3,-1,63.9375,63.9375,0
1786441300834,3000,Minimum,4471,4471,0.3,-1,63.9375,63.9375,0
1786441300934,3000,Minimum,4471,4471,0.3,-1,63.9375,63.9375,0
1786441301034,3000,Minimum,4471,4471,0.3,-1,63.9375,63.9375,0
1786441301135,3000,Minimum,4471,4471,0.3,-1,63.9375,63.9375,0
1786441301234,3000,Minimum,4471,4471,0.3,-1,63.9375,63.9375,0
1786441301334,3000,Minimum,4471,4471,0.3,-1,63.9375,63.9375,0
1786441301434,3000,Minimum,4471,4471,0.3,-1,63.9375,63.9375,0
1786441301534,3000,Minimum,4471,4471,0.3,-1,63.9375,63.9375,0
1786441301634,3000,Minimum,4471,4471,0.3,-1,63.9375,63.9375,0
1786441301734,3000,Minimum,4471,4471,0.3,-1,63.9375,63.9375,0
1786441301834,3000,Minimum,4471,4471,0.3,-1,63.9375,63.9375,0
1786441301934,3000,Minimum,4471,4471,0.3,-1,63.9375,63.9375,0
1786441302034,3000,Minimum,4471,4471,0.3,-1,63.9375,63.9375,0
1786441302134,3000,Minimum,4471,4471,0.3,-1,63.9375,63.9375,0
1786441302234,3000,Minimum,4471,4471,0.3,-1,63.9375,63.9375,0
1786441302334,3000,Minimum,4471,4471,0.3,-1,63.9375,63.9375,0
1786441302434,3000,Minimum,4471,4471,0.3,-1,63.9375,63.9375,0
1786441302534,3000,Minimum,4471,4471,0.3,-1,63.9375,63.9375,0
1786441302634,3000,Minimum,4471,4471,0.3,-1,63.9375,63.9375,0
1786441302734,3000,Minimum,4471,4471,0.3,-1,63.9375,63.9375,0
1786441302834,3000,Minimum,4471,4471,0.3,-1,63.9375,63.9375,0
1786441302934,3000,Minimum,4471,4471,0.3,-1,63.9375,63.9375,0
1786441303034,3000,Minimum,4471,4471,0.3,-1,63.9375,63.9375,0
1786441303134,3000,Minimum,4471,4471,0.3,-1,63.9375,63.9375,0
1786441303234,3000,Minimum,4471,4471,0.3,-1,63.9375,63.9375,0
1786441303334,3000,Minimum,4471,4471,0.3,-1,63.9375,63.9375,0
1786441303434,3000,Minimum,4471,4471,0.3,-1,63.9375,63.9375,0
1786441303534,3000,Minimum,4471,4471,0.3,-1,64,64,0
1786441303634,3000,Minimum,4471,4471,0.3,-1,64,64,0
1786441303734,3000,Minimum,4471,4471,0.3,-1,64,64,0
1786441303834,3000,Minimum,4471,4471,0.3,-1,64,64,0
1786441303934,3000,Minimum,4471,4471,0.3,-1,64,64,0
1786441304034,3000,Minimum,4471,4471,0.3,-1,64,64,0
1786441304134,3000,Minimum,4471,4471,0.3,-1,64,64,0
1786441304234,3000,Minimum,4471,4471,0.3,-1,64,64,0
1786441304334,3000,Minimum,4471,4471,0.3,-1,64,64,0
1786441304434,3000,Minimum,4471,4471,0.3,-1,64,64,0
1786441304534,3000,Minimum,4471,4471,0.3,-1,64,64,0
1786441304634,3000,Minimum,4471,4471,0.3,-1,64,64,0
1786441304734,3000,Minimum,4471,4471,0.3,-1,64,64,0
1786441304834,3000,Minimum,4471,4471,0.3,-1,64,64,0
1786441304934,3000,Minimum,4471,4471,0.3,-1,64,64,0
1786441305034,3000,Minimum,4471,4471,0.3,-1,64,64,0
1786441305134,3000,Minimum,4471,4471,0.3,-1,64,64,0
1786441305234,3000,Minimum,4471,4471,0.3,-1,64,64,0
1786441305334,3000,Minimum,4471,4471,0.3,-1,64,64,0
1786441305434,3000,Minimum,4471,4471,0.3,-1,64,64,0
1786441305534,3000,Minimum,4471,4471,0.3,-1,63.9375,63.9375,0
1786441305634,3000,Minimum,4471,4471,0.3,-1,63.9375,63.9375,0
1786441305734,3000,Minimum,4471,4471,0.3,-1,63.9375,63.9375,0
1786441305834,3000,Minimum,4471,4471,0.3,-1,63.9375,63.9375,0
1786441305934,3000,Minimum,4471,4471,0.3,-1,63.9375,63.9375,0
1786441306034,3000,Minimum,4471,4471,0.3,-1,63.9375,63.9375,0
1786441306134,3000,Minimum,4471,4471,0.3,-1,63.9375,63.9375,0
1786441306234,3000,Minimum,4471,4471,0.3,-1,63.9375,63.9375,0
1786441306334,3000,Minimum,4471,4471,0.3,-1,63.9375,63.9375,0
1786441306434,3000,Minimum,4471,4471,0.3,-1,63.9375,63.9375,0
1786441306534,3000,Minimum,4471,4471,0.3,-1,64,64,0
1786441306634,3000,Minimum,4471,4471,0.3,-1,64,64,0
1786441306734,3000,Minimum,4471,4471,0.3,-1,64,64,0
1786441306834,3000,Minimum,4471,4471,0.3,-1,64,64,0
1786441306934,3000,Minimum,4471,4471,0.3,-1,64,64,0
1786441307034,3000,Minimum,4471,4471,0.3,-1,64,64,0
1786441307134,3000,Minimum,4471,4471,0.3,-1,64,64,0
1786441307234,3000,Minimum,4471,4471,0.3,-1,64,64,0
1786441307334,3000,Minimum,4471,4471,0.3,-1,64,64,0
1786441307434,3000,Minimum,4471,4471,0.3,-1,64,64,0
1786441307534,3000,Minimum,4471,4471,0.3,-1,64,64,0
1786441307634,3000,Minimum,4471,4471,0.3,-1,64,64,0
1786441307734,3000,Minimum,4471,4471,0.3,-1,64,64,0
1786441307834,3000,Minimum,4471,4471,0.3,-1,64,64,0
1786441307934,3000,Minimum,4471,4471,0.3,-1,64,64,0
1786441308034,3000,Minimum,4471,4471,0.3,-1,64,64,0
1786441308134,3000,Minimum,4471,4471,0.3,-1,64,64,0
1786441308234,3000,Minimum,4471,4471,0.3,-1,64,64,0
1786441308334,3000,Minimum,4471,4471,0.3,-1,64,64,0
1786441308434,3000,Minimum,4471,4471,0.3,-1,64,64,0
1786441308534,3000,Minimum,4471,4471,0.3,-1,64,64,0
1786441308634,3000,Minimum,4471,4471,0.3,-1,64,64,0
1786441308734,3000,Minimum,4471,4471,0.3,-1,64,64,0
1786441308834,3000,Minimum,4471,4471,0.3,-1,64,64,0
1786441308934,3000,Minimum,4471,4471,0.3,-1,64,64,0
1786441309034,3000,Minimum,4471,4471,0.3,-1,64,64,0
1786441309134,3000,Minimum,4471,4471,0.3,-1,64,64,0
1786441309234,3000,Minimum,4471,4471,0.3,-1,64,64,0
1786441309334,3000,Minimum,4471,4471,0.3,-1,64,64,0
1786441309434,3000,Minimum,4471,4471,0.3,-1,64,64,0
1786441309534,3000,Minimum,4471,4471,0.3,-1,64,64,0
1786441309634,3000,Minimum,4471,4471,0.3,-1,64,64,0
1786441309734,3000,Minimum,4471,4471,0.3,-1,64,64,0
1786441309834,3000,Minimum,4471,4471,0.3,-1,64,64,0
1786441309934,3000,Minimum,4471,4471,0.3,-1,64,64,0
1786441310034,3000,Minimum,4471,4471,0.3,-1,64,64,0
1786441310134,3000,Minimum,4471,4471,0.3,-1,64,64,0
1786441310234,3000,Minimum,4471,4471,0.3,-1,64,64,0
1786441310334,3000,Minimum,4471,4471,0.3,-1,64,64,0
1786441310434,3000,Minimum,4471,4471,0.3,-1,64,64,0
1786441310534,3000,Minimum,4471,4471,0.3,-1,64,64,0
1786441310634,3000,Minimum,4471,4471,0.3,-1,64,64,0
1786441310734,3000,Minimum,4471,4471,0.3,-1,64,64,0
1786441310834,3000,Minimum,4471,4471,0.3,-1,64,64,0
1786441310934,3000,Minimum,4471,4471,0.3,-1,64,64,0
1786441311034,3000,Minimum,4471,4471,0.3,-1,64,64,0
1786441311134,3000,Minimum,4471,4471,0.3,-1,64,64,0
1786441311234,3000,Minimum,4471,4471,0.3,-1,64,64,0
1786441311334,3000,Minimum,4471,4471,0.3,-1,64,64,0
1786441311434,3000,Minimum,4471,4471,0.3,-1,64,64,0
1786441311534,3000,Minimum,4471,4471,0.3,-1,64,64,0
1786441311634,3000,Minimum,4471,4471,0.3,-1,64,64,0
1786441311734,3000,Minimum,4471,4471,0.3,-1,64,64,0
1786441311834,3000,Minimum,4471,4471,0.3,-1,64,64,0
1786441311934,3000,Minimum,4471,4471,0.3,-1,64,64,0
1786441312034,3000,Minimum,4471,4471,0.3,-1,64,64,0
1786441312134,3000,Minimum,4471,4471,0.3,-1,64,64,0
1786441312234,3000,Minimum,4471,4471,0.3,-1,64,64,0
1786441312334,3000,Minimum,4471,4471,0.3,-1,64,64,0
1786441312434,3000,Minimum,4471,4471,0.3,-1,64,64,0
1786441312534,3000,Minimum,4471,4471,0.3,-1,64,64,0
1786441312634,3000,Minimum,4471,4471,0.3,-1,64,64,0
1786441312734,3000,Minimum,4471,4471,0.3,-1,64,64,0
1786441312834,3000,Minimum,4471,4471,0.3,-1,64,64,0
1786441312934,3000,Minimum,4471,4471,0.3,-1,64,64,0
1786441313034,3000,Minimum,4471,4471,0.3,-1,64,64,0
1786441313134,3000,Minimum,4471,4471,0.3,-1,64,64,0
1786441313234,3000,Minimum,4471,4471,0.3,-1,64,64,0
1786441313334,3000,Minimum,4471,4471,0.3,-1,64,64,0
1786441313434,3000,Minimum,4471,4471,0.3,-1,64,64,0
1786441313534,3000,Minimum,4471,4471,0.3,-1,64,64,0
1786441313634,3000,Minimum,4471,4471,0.3,-1,64,64,0
1786441313734,3000,Minimum,4471,4471,0.3,-1,64,64,0
1786441313834,3000,Minimum,4471,4471,0.3,-1,64,64,0
1786441313934,3000,Minimum,4471,4471,0.3,-1,64,64,0
1786441314034,3000,Minimum,4471,4471,0.3,-1,64,64,0
1786441314134,3000,Minimum,4471,4471,0.3,-1,64,64,0
1786441314234,3000,Minimum,4471,4471,0.3,-1,64,64,0
1786441314334,3000,Minimum,4471,4471,0.3,-1,64,64,0
1786441314434,3000,Minimum,4471,4471,0.3,-1,64,64,1
1786441314534,3000,Minimum,5173,5173,1,-1,64,64,1
1786441314634,3000,Minimum,5828,5828,1,-1,64,64,1
1786441314734,3000,Minimum,6439,6439,1,-1,64,64,1
1786441314834,3000,Minimum,7010,7010,1,-1,64,64,1
1786441314934,3000,Minimum,7543,7543,1,-1,64,64,1
1786441315034,3000,Minimum,8040,8040,1,-1,64,64,1
1786441315134,3000,Minimum,8504,8504,1,-1,64,64,1
1786441315234,3000,Minimum,8937,8937,1,-1,64,64,1
1786441315334,3000,Minimum,9341,9341,1,-1,64,64,1
1786441315434,3000,Minimum,9718,9718,1,-1,64,64,1
1786441315534,3000,Minimum,10070,10070,1,-1,64,64,1
1786441315634,3000,Minimum,10399,10399,1,-1,64,64,1
1786441315734,3000,Minimum,10706,10706,1,-1,64,64,1
1786441315834,3000,Minimum,10992,10992,1,-1,64,64,1
1786441315934,3000,Minimum,11259,11259,1,-1,64,64,1
1786441316034,3000,Minimum,11509,11509,1,-1,64,64,1
1786441316134,3000,Minimum,11741,11741,1,-1,64,64,1
1786441316234,3000,Minimum,11959,11959,1,-1,64,64,1
1786441316334,3000,Minimum,12161,12161,1,-1,64,64,1
1786441316434,3000,Minimum,12351,12351,1,-1,64,64,1
1786441316534,3000,Minimum,12527,12527,1,-1,64,64,1
1786441316634,3000,Minimum,12692,12692,1,-1,64,64,1
1786441316734,3000,Minimum,12846,12846,1,-1,64,64,1
1786441316834,3000,Minimum,12990,12990,1,-1,64,64,1
1786441316934,3000,Minimum,13124,13124,1,-1,64,64,1
1786441317034,3000,Minimum,13249,13249,1,-1,64,64,1
1786441317134,3000,Minimum,13365,13365,1,-1,64,64,1
1786441317234,3000,Minimum,13474,13474,1,-1,64,64,1
1786441317334,3000,Minimum,13576,13576,1,-1,64,64,1
1786441317434,3000,Minimum,13671,13671,1,-1,64,64,1
1786441317534,3000,Minimum,13760,13760,1,-1,64,64,1
1786441317634,3000,Minimum,13842,13842,1,-1,64,64,1
1786441317734,3000,Minimum,13920,13920,1,-1,64,64,1
1786441317834,3000,Minimum,13992,13992,1,-1,64,64,1
1786441317934,3000,Minimum,14059,14059,1,-1,64,64,1
1786441318034,3000,Minimum,14122,14122,1,-1,64,64,1
1786441318134,3000,Minimum,14180,14180,1,-1,64,64,1
1786441318234,3000,Minimum,14235,14235,1,-1,64,64,1
1786441318334,3000,Minimum,14286,14286,1,-1,64,64,1
1786441318434,3000,Minimum,14333,14333,1,-1,64,64,1
1786441318534,3000,Minimum,14378,14378,1,-1,64,64,1
1786441318634,3000,Minimum,14419,14419,1,-1,64,64,1
1786441318734,3000,Minimum,14458,14458,1,-1,64,64,1
1786441318834,3000,Minimum,14494,14494,1,-1,64,64,1
1786441318934,3000,Minimum,14528,14528,1,-1,64,64,1
1786441319034,3000,Minimum,14559,14559,1,-1,64,64,1
1786441319134,3000,Minimum,14589,14589,1,-1,64,64,1
1786441319234,3000,Minimum,14616,14616,1,-1,64,64,1
1786441319334,3000,Minimum,14642,14642,1,-1,64,64,1
1786441319434,3000,Minimum,14666,14666,1,-1,64,64,1
1786441319534,3000,Minimum,14688,14688,1,-1,64,64,1
1786441319634,3000,Minimum,14709,14709,1,-1,64,64,1
1786441319734,3000,Minimum,14728,14728,1,-1,64,64,1
1786441319834,3000,Minimum,14746,14746,1,-1,64,64,1
1786441319934,3000,Minimum,14763,14763,1,-1,64,64,1
1786441320034,3000,Minimum,14779,14779,1,-1,64,64,1
1786441320134,3000,Minimum,14794,14794,1,-1,64,64,1
1786441320234,3000,Minimum,14807,14807,1,-1,64,64,1
1786441320334,3000,Minimum,14820,14820,1,-1,64,64,1
1786441320434,3000,Minimum,14832,14832,1,-1,64,64,1
1786441320534,3000,Minimum,14843,14843,1,-1,64,64,1
1786441320635,3000,Minimum,14854,14854,1,-1,64,64,1
1786441320734,3000,Minimum,14864,14864,1,-1,64,64,1
1786441320834,3000,Minimum,14873,14873,1,-1,64,64,1
1786441320934,3000,Minimum,14881,14881,1,-1,64,64,1
1786441321034,3000,Minimum,14889,14889,1,-1,64,64,1
1786441321134,3000,Minimum,14897,14897,1,-1,64,64,1
1786441321234,3000,Minimum,14903,14903,1,-1,64,64,1
1786441321334,3000,Minimum,14910,14910,1,-1,64,64,1
1786441321434,3000,Minimum,14916,14916,1,-1,64,64,1
1786441321534,3000,Minimum,14921,14921,1,-1,64,64,1
1786441321634,3000,Minimum,14927,14927,1,-1,64,64,1
1786441321734,3000,Minimum,14932,14932,1,-1,64,64,1
1786441321834,3000,Minimum,14936,14936,1,-1,64,64,1
1786441321934,3000,Minimum,14940,14940,1,-1,64,64,1
1786441322034,3000,Minimum,14944,14944,1,-1,64,64,1
1786441322134,3000,Minimum,14948,14948,1,-1,64,64,1
1786441322234,3000,Minimum,14952,14952,1,-1,64,64,1
1786441322334,3000,Minimum,14955,14955,1,-1,64,64,1
1786441322434,3000,Minimum,14958,14958,1,-1,64,64,1
1786441322534,3000,Minimum,14961,14961,1,-1,64,64,1
1786441322634,3000,Minimum,14963,14963,1,-1,64,64,1
1786441322734,3000,Minimum,14966,14966,1,-1,64,64,1
1786441322834,3000,Minimum,14968,14968,1,-1,64,64,1
1786441322934,3000,Minimum,14970,14970,1,-1,64,64,1
1786441323034,3000,Minimum,14972,14972,1,-1,64,64,1
1786441323134,3000,Minimum,14974,14974,1,-1,64,64,1
1786441323234,3000,Minimum,14976,14976,1,-1,64,64,1
1786441323334,3000,Minimum,14977,14977,1,-1,64,64,1
1786441323434,3000,Minimum,14979,14979,1,-1,64,64,1
1786441323534,3000,Minimum,14980,14980,1,-1,64,64,1
1786441323634,3000,Minimum,14982,14982,1,-1,64,64,1
1786441323734,3000,Minimum,14983,14983,1,-1,64,64,1
1786441323834,3000,Minimum,14984,14984,1,-1,64,64,1
1786441323934,3000,Minimum,14985,14985,1,-1,64,64,1
1786441324034,3000,Minimum,14986,14986,1,-1,64,64,1
1786441324134,3000,Minimum,14987,14987,1,-1,64,64,1
1786441324234,3000,Minimum,14988,14988,1,-1,64,64,1
1786441324334,3000,Minimum,14989,14989,1,-1,64,64,1
1786441324434,3000,Minimum,14989,14989,1,-1,64,64,1
1786441324534,3000,Minimum,14990,14990,1,-1,64,64,1
1786441324634,3000,Minimum,14991,14991,1,-1,64,64,1
1786441324734,3000,Minimum,14991,14991,1,-1,64,64,1
1786441324834,3000,Minimum,14992,14992,1,-1,64,64,1
1786441324934,3000,Minimum,14992,14992,1,-1,64,64,1
1786441325034,3000,Minimum,14993,14993,1,-1,64,64,1
1786441325134,3000,Minimum,14993,14993,1,-1,64,64,1
1786441325234,3000,Minimum,14994,14994,1,-1,64,64,1
1786441325334,3000,Minimum,14994,14994,1,-1,64,64,1
1786441325434,3000,Minimum,14995,14995,1,-1,64,64,1
1786441325534,3000,Minimum,14995,14995,1,-1,64,64,1
1786441325634,3000,Minimum,14995,14995,1,-1,64,64,1
1786441325734,3000,Minimum,14996,14996,1,-1,64,64,1
1786441325834,3000,Minimum,14996,14996,1,-1,64,64,1
1786441325934,3000,Minimum,14996,14996,1,-1,64,64,1
1786441326034,3000,Minimum,14996,14996,1,-1,64,64,1
1786441326134,3000,Minimum,14997,14997,1,-1,64,64,1
1786441326234,3000,Minimum,14997,14997,1,-1,64,64,1
1786441326334,3000,Minimum,14997,14997,1,-1,64,64,1
1786441326434,3000,Minimum,14997,14997,1,-1,64,64,1
1786441326534,3000,Minimum,14998,14998,1,-1,64,64,1
1786441326634,3000,Minimum,14998,14998,1,-1,64,64,1
1786441326734,3000,Minimum,14998,14998,1,-1,64,64,1
1786441326834,3000,Minimum,14998,14998,1,-1,64,64,1
1786441326934,3000,Minimum,14998,14998,1,-1,64,64,1
1786441327034,3000,Minimum,14998,14998,1,-1,64,64,1
1786441327134,3000,Minimum,14998,14998,1,-1,64,64,1
1786441327234,3000,Minimum,14998,14998,1,-1,64,64,1
1786441327334,3000,Minimum,14999,14999,1,-1,64,64,1
1786441327434,3000,Minimum,14999,14999,1,-1,64,64,1
1786441327534,3000,Minimum,14999,14999,1,-1,64,64,1
1786441327634,3000,Minimum,14999,14999,1,-1,64,64,1
1786441327734,3000,Minimum,14999,14999,1,-1,64,64,1
1786441327834,3000,Minimum,14999,14999,1,-1,64,64,1
1786441327934,3000,Minimum,14999,14999,1,-1,64,64,1
1786441328034,3000,Minimum,14999,14999,1,-1,64,64,1
1786441328137,3000,Minimum,14999,14999,1,-1,64,64,1
1786441328237,3000,Minimum,14999,14999,1,-1,64,64,1
1786441328336,3000,Minimum,14999,14999,1,-1,64,64,1
1786441328437,3000,Minimum,14999,14999,1,-1,64,64,1
1786441328537,3000,Minimum,14999,14999,1,-1,64,64,1
1786441328637,3000,Minimum,14999,14999,1,-1,64,64,1
1786441328737,3000,Minimum,14999,14999,1,-1,64,64,1
1786441328837,3000,Minimum,14999,14999,1,-1,64,64,1
1786441328937,3000,Minimum,15000,15000,1,-1,64,64,1
1786441329037,3000,Minimum,15000,15000,1,-1,64,64,1
1786441329136,3000,Minimum,15000,15000,1,-1,64,64,1
1786441329236,3000,Minimum,15000,15000,1,-1,64,64,1
1786441329336,3000,Minimum,15000,15000,1,-1,64,64,1
1786441329436,3000,Minimum,15000,15000,1,-1,64,64,1
1786441329536,3000,Minimum,15000,15000,1,-1,64,64,1
1786441329636,3000,Minimum,15000,15000,1,-1,64,64,1
1786441329736,3000,Minimum,15000,15000,1,-1,64,64,1
1786441329836,3000,Minimum,15000,15000,1,-1,64,64,1
1786441329936,3000,Minimum,15000,15000,1,-1,64,64,1
1786441330036,3000,Minimum,15000,15000,1,-1,64,64,1
1786441330136,3000,Minimum,15000,15000,1,-1,64,64,1
1786441330236,3000,Minimum,15000,15000,1,-1,64,64,1
1786441330335,3000,Minimum,15000,15000,1,-1,64,64,1
1786441330436,3000,Minimum,15000,15000,1,-1,64,64,1
1786441330536,3000,Minimum,15000,15000,1,-1,64,64,1
1786441330636,3000,Minimum,15000,15000,1,-1,64,64,1
1786441330736,3000,Minimum,15000,15000,1,-1,64,64,1
1786441330836,3000,Minimum,15000,15000,1,-1,64,64,1
1786441330936,3000,Minimum,15000,15000,1,-1,64,64,1
1786441331036,3000,Minimum,15000,15000,1,-1,64,64,1
1786441331135,3000,Minimum,15000,15000,1,-1,64,64,1
1786441331234,3000,Minimum,15000,15000,1,-1,64,64,1
1786441331335,3000,Minimum,15000,15000,1,-1,64,64,1
1786441331436,3000,Minimum,15000,15000,1,-1,64,64,1
1786441331536,3000,Minimum,15000,15000,1,-1,64,64,1
1786441331636,3000,Minimum,15000,15000,1,-1,64,64,1
1786441331736,3000,Minimum,15000,15000,1,-1,64,64,1
1786441331835,3000,Minimum,15000,15000,1,-1,64,64,1
1786441331936,3000,Minimum,15000,15000,1,-1,64,64,1
1786441332036,3000,Minimum,15000,15000,1,-1,64,64,1
1786441332136,3000,Minimum,15000,15000,1,-1,64,64,1
1786441332236,3000,Minimum,15000,15000,1,-1,64,64,1
1786441332336,3000,Minimum,15000,15000,1,-1,64,64,1
1786441332436,3000,Minimum,15000,15000,1,-1,64,64,1
1786441332536,3000,Minimum,15000,15000,1,-1,64,64,1
1786441332635,3000,Minimum,15000,15000,1,-1,64,64,1
1786441332735,3000,Minimum,15000,15000,1,-1,64,64,1
1786441332835,3000,Minimum,15000,15000,1,-1,64,64,1
1786441332935,3000,Minimum,15000,15000,1,-1,64,64,1
1786441333035,3000,Minimum,15000,15000,1,-1,64,64,1
1786441333135,3000,Minimum,15000,15000,1,-1,64,64,1
1786441333235,3000,Minimum,15000,15000,1,-1,64,64,1
1786441333335,3000,Minimum,15000,15000,1,-1,64,64,1
1786441333435,3000,Minimum,15000,15000,1,-1,64,64,1
1786441333535,3000,Minimum,15000,15000,1,-1,64,64,1
1786441333635,3000,Minimum,15000,15000,1,-1,64,64,1
1786441333735,3000,Minimum,15000,15000,1,-1,64,64,1
1786441333835,3000,Minimum,15000,15000,1,-1,64,64,1
1786441333935,3000,Minimum,15000,15000,1,-1,64,64,1
1786441334035,3000,Minimum,15000,15000,1,-1,64,64,1
1786441334135,3000,Minimum,15000,15000,1,-1,64,64,1
1786441334235,3000,Minimum,15000,15000,1,-1,64,64,1
1786441334335,3000,Minimum,15000,15000,1,-1,64,64,1
1786441334435,3000,Minimum,15000,15000,1,-1,64,64,1
1786441334535,3000,Minimum,15000,15000,1,-1,64,64,1
1786441334635,3000,Minimum,15000,15000,1,-1,64,64,1
1786441334735,3000,Minimum,15000,15000,1,-1,64,64,1
1786441334835,3000,Minimum,15000,15000,1,-1,64,64,1
1786441334935,3000,Minimum,15000,15000,1,-1,64,64,1
1786441335035,3000,Minimum,15000,15000,1,-1,64,64,1
1786441335135,3000,Minimum,15000,15000,1,-1,64,64,1
1786441335235,3000,Minimum,15000,15000,1,-1,64,64,1
1786441335335,3000,Minimum,15000,15000,1,-1,64,64,1
1786441335435,3000,Minimum,15000,15000,1,-1,64,64,1
1786441335535,3000,Minimum,15000,15000,1,-1,64,64,1
1786441335635,3000,Minimum,15000,15000,1,-1,64,64,1
1786441335735,3000,Minimum,15000,15000,1,-1,64,64,1
1786441335835,3000,Minimum,15000,15000,1,-1,64,64,1
1786441335934,3000,Minimum,15000,15000,1,-1,64,64,1
1786441336034,3000,Minimum,15000,15000,1,-1,64,64,1
1786441336134,3000,Minimum,15000,15000,1,-1,64,64,1
1786441336234,3000,Minimum,15000,15000,1,-1,64,64,1
1786441336334,3000,Minimum,15000,15000,1,-1,64,64,1
1786441336434,3000,Minimum,15000,15000,1,-1,64,64,1
1786441336534,3000,Minimum,15000,15000,1,-1,64,64,1
1786441336634,3000,Minimum,15000,15000,1,-1,64,64,1
1786441336734,3000,Minimum,15000,15000,1,-1,64,64,1
1786441336834,3000,Minimum,15000,15000,1,-1,64,64,1
1786441336934,3000,Minimum,15000,15000,1,-1,64,64,1
1786441337034,3000,Minimum,15000,15000,1,-1,64,64,1
1786441337134,3000,Minimum,15000,15000,1,-1,64,64,1
1786441337234,3000,Minimum,15000,15000,1,-1,64,64,1
1786441337334,3000,Minimum,15000,15000,1,-1,64,64,1
1786441337434,3000,Minimum,15000,15000,1,-1,64,64,1
1786441337534,3000,Minimum,15000,15000,1,-1,64,64,1
1786441337634,3000,Minimum,15000,15000,1,-1,64,64,1
1786441337734,3000,Minimum,15000,15000,1,-1,64,64,1
1786441337834,3000,Minimum,15000,15000,1,-1,64,64,1
1786441337934,3000,Minimum,15000,15000,1,-1,64,64,1
1786441338034,3000,Minimum,15000,15000,1,-1,64,64,1
1786441338134,3000,Minimum,15000,15000,1,-1,64,64,1
1786441338234,3000,Minimum,15000,15000,1,-1,64,64,1
1786441338334,3000,Minimum,15000,15000,1,-1,64,64,1
1786441338434,3000,Minimum,15000,15000,1,-1,64,64,1
1786441338534,3000,Minimum,15000,15000,1,-1,64,64,1
1786441338634,3000,Minimum,15000,15000,1,-1,64,64,1
1786441338734,3000,Minimum,15000,15000,1,-1,64,64,1
1786441338834,3000,Minimum,15000,15000,1,-1,64,64,1
1786441338934,3000,Minimum,15000,15000,1,-1,64,64,1
1786441339034,3000,Minimum,15000,15000,1,-1,64,64,1
1786441339134,3000,Minimum,15000,15000,1,-1,64,64,1
1786441339234,3000,Minimum,15000,15000,1,-1,64,64,1
1786441339334,3000,Minimum,15000,15000,1,-1,64,64,1
1786441339434,3000,Minimum,15000,15000,1,-1,64,64,1
1786441339534,3000,Minimum,15000,15000,1,-1,64,64,1
