epoch_ms,setpt,requester,fan0,fan0_raw,fan0_pwm,fan0_pwm_raw,die0,die0_raw,failsafe
1786441341792,3000,Minimum,3346,3346,nan,nan,25.0625,25.0625,0
1786441341892,3000,Minimum,3421,3421,0.3,-1,25.0625,25.0625,0
1786441341992,3000,Minimum,3491,3491,0.3,-1,25.0625,25.0625,0
1786441342092,3000,Minimum,3556,3556,0.3,-1,25.0625,25.0625,0
1786441342192,3000,Minimum,3617,3617,0.3,-1,25.0625,25.0625,0
1786441342292,3000,Minimum,3674,3674,0.3,-1,25.0625,25.0625,0
1786441342392,3000,Minimum,3727,3727,0.3,-1,25.0625,25.0625,0
1786441342492,3000,Minimum,3777,3777,0.3,-1,25.0625,25.0625,0
1786441342592,3000,Minimum,3823,3823,0.3,-1,25.0625,25.0625,0
1786441342692,3000,Minimum,3866,3866,0.3,-1,25.0625,25.0625,0
1786441342792,3000,Minimum,3906,3906,0.3,-1,25.0625,25.0625,0
1786441342892,3000,Minimum,3944,3944,0.3,-1,25.0625,25.0625,0
1786441342992,3000,Minimum,3979,3979,0.3,-1,25.0625,25.0625,0
1786441343092,3000,Minimum,4012,4012,0.3,-1,25.0625,25.0625,0
1786441343192,3000,Minimum,4042,4042,0.3,-1,25.0625,25.0625,0
1786441343292,3000,Minimum,4071,4071,0.3,-1,25.0625,25.0625,0
1786441343392,3000,Minimum,4098,4098,0.3,-1,25.0625,25.0625,0
1786441343492,3000,Minimum,4122,4122,0.3,-1,25.0625,25.0625,0
1786441343592,3000,Minimum,4146,4146,0.3,-1,25.0625,25.0625,0
1786441343692,3000,Minimum,4167,4167,0.3,-1,25.0625,25.0625,0
1786441343792,3000,Minimum,4188,4188,0.3,-1,25.0625,25.0625,0
1786441343892,3000,Minimum,4206,4206,0.3,-1,25.1875,25.1875,0
1786441343992,3000,Minimum,4224,4224,0.3,-1,25.1875,25.1875,0
1786441344092,3000,Minimum,4240,4240,0.3,-1,25.1875,25.1875,0
1786441344192,3000,Minimum,4256,4256,0.3,-1,25.1875,25.1875,0
1786441344292,3000,Minimum,4270,4270,0.3,-1,25.1875,25.1875,0
1786441344392,3000,Minimum,4283,4283,0.3,-1,25.1875,25.1875,0
1786441344492,3000,Minimum,4296,4296,0.3,-1,25.1875,25.1875,0
1786441344592,3000,Minimum,4308,4308,0.3,-1,25.1875,25.1875,0
1786441344692,3000,Minimum,4318,4318,0.3,-1,25.1875,25.1875,0
1786441344792,3000,Minimum,4329,4329,0.3,-1,25.1875,25.1875,0
1786441344892,3000,Minimum,4338,4338,0.3,-1,25.625,25.625,0
1786441344992,3000,Minimum,4347,4347,0.3,-1,25.625,25.625,0
1786441345092,3000,Minimum,4355,4355,0.3,-1,25.625,25.625,0
1786441345192,3000,Minimum,4363,4363,0.3,-1,25.625,25.625,0
1786441345292,3000,Minimum,4370,4370,0.3,-1,25.625,25.625,0
1786441345392,3000,Minimum,4377,4377,0.3,-1,25.625,25.625,0
1786441345492,3000,Minimum,4383,4383,0.3,-1,25.625,25.625,0
1786441345592,3000,Minimum,4389,4389,0.3,-1,25.625,25.625,0
1786441345692,3000,Minimum,4394,4394,0.3,-1,25.625,25.625,0
1786441345792,3000,Minimum,4399,4399,0.3,-1,25.625,25.625,0
1786441345892,3000,Minimum,4404,4404,0.3,-1,26.125,26.125,0
1786441345992,3000,Minimum,4409,4409,0.3,-1,26.125,26.125,0
1786441346092,3000,Minimum,4413,4413,0.3,-1,26.125,26.125,0
1786441346192,3000,Minimum,4417,4417,0.3,-1,26.125,26.125,0
1786441346292,3000,Minimum,4420,4420,0.3,-1,26.125,26.125,0
1786441346392,3000,Minimum,4424,4424,0.3,-1,26.125,26.125,0
1786441346492,3000,Minimum,4427,4427,0.3,-1,26.125,26.125,0
1786441346592,3000,Minimum,4430,4430,0.3,-1,26.125,26.125,0
1786441346692,3000,Minimum,4432,4432,0.3,-1,26.125,26.125,0
1786441346792,3000,Minimum,4435,4435,0.3,-1,26.125,26.125,0
1786441346892,3000,Minimum,4437,4437,0.3,-1,26.8125,26.8125,0
1786441346992,3000,Minimum,4439,4439,0.3,-1,26.8125,26.8125,0
1786441347092,3000,Minimum,4442,4442,0.3,-1,26.8125,26.8125,0
1786441347192,3000,Minimum,4443,4443,0.3,-1,26.8125,26.8125,0
1786441347292,3000,Minimum,4445,4445,0.3,-1,26.8125,26.8125,0
1786441347392,3000,Minimum,4447,4447,0.3,-1,26.8125,26.8125,0
1786441347492,3000,Minimum,4449,4449,0.3,-1,26.8125,26.8125,0
1786441347592,3000,Minimum,4450,4450,0.3,-1,26.8125,26.8125,0
1786441347692,3000,Minimum,4451,4451,0.3,-1,26.8125,26.8125,0
1786441347792,3000,Minimum,4453,4453,0.3,-1,26.8125,26.8125,0
1786441347892,3000,Minimum,4454,4454,0.3,-1,27.4375,27.4375,0
1786441347992,3000,Minimum,4455,4455,0.3,-1,27.4375,27.4375,0
1786441348092,3000,Minimum,4456,4456,0.3,-1,27.4375,27.4375,0
1786441348192,3000,Minimum,4457,4457,0.3,-1,27.4375,27.4375,0
1786441348292,3000,Minimum,4458,4458,0.3,-1,27.4375,27.4375,0
1786441348392,3000,Minimum,4459,4459,0.3,-1,27.4375,27.4375,0
1786441348492,3000,Minimum,4460,4460,0.3,-1,27.4375,27.4375,0
1786441348592,3000,Minimum,4460,4460,0.3,-1,27.4375,27.4375,0
1786441348692,3000,Minimum,4461,4461,0.3,-1,27.4375,27.4375,0
1786441348792,3000,Minimum,4462,4462,0.3,-1,27.4375,27.4375,0
1786441348892,3000,Minimum,4462,4462,0.3,-1,28.125,28.125,0
1786441348992,3000,Minimum,4463,4463,0.3,-1,28.125,28.125,0
1786441349092,3000,Minimum,4463,4463,0.3,-1,28.125,28.125,0
1786441349192,3000,Minimum,4464,4464,0.3,-1,28.125,28.125,0
1786441349292,3000,Minimum,4464,4464,0.3,-1,28.125,28.125,0
1786441349392,3000,Minimum,4465,4465,0.3,-1,28.125,28.125,0
1786441349492,3000,Minimum,4465,4465,0.3,-1,28.125,28.125,0
1786441349592,3000,Minimum,4465,4465,0.3,-1,28.125,28.125,0
1786441349692,3000,Minimum,4466,4466,0.3,-1,28.125,28.125,0
1786441349792,3000,Minimum,4466,4466,0.3,-1,28.125,28.125,0
1786441349892,3000,Minimum,4466,4466,0.3,-1,28.8125,28.8125,0
1786441349992,3000,Minimum,4467,4467,0.3,-1,28.8125,28.8125,0
1786441350092,3000,Minimum,4467,4467,0.3,-1,28.8125,28.8125,0
1786441350192,3000,Minimum,4467,4467,0.3,-1,28.8125,28.8125,0
1786441350292,3000,Minimum,4467,4467,0.3,-1,28.8125,28.8125,0
1786441350393,3000,Minimum,4468,4468,0.3,-1,28.8125,28.8125,0
1786441350492,3000,Minimum,4468,4468,0.3,-1,28.8125,28.8125,0
1786441350592,3000,Minimum,4468,4468,0.3,-1,28.8125,28.8125,0
1786441350692,3000,Minimum,4468,4468,0.3,-1,28.8125,28.8125,0
1786441350792,3000,Minimum,4468,4468,0.3,-1,28.8125,28.8125,0
1786441350892,3000,Minimum,4468,4468,0.3,-1,29.5625,29.5625,0
1786441350992,3000,Minimum,4469,4469,0.3,-1,29.5625,29.5625,0
1786441351092,3000,Minimum,4469,4469,0.3,-1,29.5625,29.5625,0
1786441351192,3000,Minimum,4469,4469,0.3,-1,29.5625,29.5625,0
1786441351292,3000,Minimum,4469,4469,0.3,-1,29.5625,29.5625,0
1786441351392,3000,Minimum,4469,4469,0.3,-1,29.5625,29.5625,0
1786441351492,3000,Minimum,4469,4469,0.3,-1,29.5625,29.5625,0
1786441351592,3000,Minimum,4469,4469,0.3,-1,29.5625,29.5625,0
1786441351692,3000,Minimum,4469,4469,0.3,-1,29.5625,29.5625,0
1786441351792,3000,Minimum,4469,4469,0.3,-1,29.5625,29.5625,0
1786441351892,3000,Minimum,4470,4470,0.3,-1,30.375,30.375,0
1786441351992,3000,Minimum,4470,4470,0.3,-1,30.375,30.375,0
1786441352092,3000,Minimum,4470,4470,0.3,-1,30.375,30.375,0
1786441352192,3000,Minimum,4470,4470,0.3,-1,30.375,30.375,0
1786441352292,3000,Minimum,4470,4470,0.3,-1,30.375,30.375,0
1786441352392,3000,Minimum,4470,4470,0.3,-1,30.375,30.375,0
1786441352492,3000,Minimum,4470,4470,0.3,-1,30.375,30.375,0
1786441352592,3000,Minimum,4470,4470,0.3,-1,30.375,30.375,0
1786441352692,3000,Minimum,4470,4470,0.3,-1,30.375,30.375,0
1786441352792,3000,Minimum,4470,4470,0.3,-1,30.375,30.375,0
1786441352892,3000,Minimum,4470,4470,0.3,-1,31,31,0
1786441352992,3000,Minimum,4470,4470,0.3,-1,31,31,0
1786441353092,3000,Minimum,4470,4470,0.3,-1,31,31,0
1786441353192,3000,Minimum,4470,4470,0.3,-1,31,31,0
1786441353292,3000,Minimum,4470,4470,0.3,-1,31,31,0
1786441353392,3000,Minimum,4470,4470,0.3,-1,31,31,0
1786441353492,3000,Minimum,4470,4470,0.3,-1,31,31,0
1786441353592,3000,Minimum,4470,4470,0.3,-1,31,31,0
1786441353692,3000,Minimum,4470,4470,0.3,-1,31,31,0
1786441353792,3000,Minimum,4470,4470,0.3,-1,31,31,0
1786441353892,3000,Minimum,4470,4470,0.3,-1,31.8125,31.8125,0
1786441353992,3000,Minimum,4470,4470,0.3,-1,31.8125,31.8125,0
1786441354092,3000,Minimum,4470,4470,0.3,-1,31.8125,31.8125,0
1786441354192,3000,Minimum,4470,4470,0.3,-1,31.8125,31.8125,0
1786441354292,3000,Minimum,4470,4470,0.3,-1,31.8125,31.8125,0
1786441354392,3000,Minimum,4470,4470,0.3,-1,31.8125,31.8125,0
1786441354493,3000,Minimum,4470,4470,0.3,-1,31.8125,31.8125,0
1786441354592,3000,Minimum,4470,4470,0.3,-1,31.8125,31.8125,0
1786441354692,3000,Minimum,4470,4470,0.3,-1,31.8125,31.8125,0
1786441354792,3000,Minimum,4470,4470,0.3,-1,31.8125,31.8125,0
1786441354892,3000,Minimum,4470,4470,0.3,-1,32.375,32.375,0
1786441354992,3000,Minimum,4470,4470,0.3,-1,32.375,32.375,0
1786441355092,3000,Minimum,4470,4470,0.3,-1,32.375,32.375,0
1786441355192,3000,Minimum,4470,4470,0.3,-1,32.375,32.375,0
1786441355292,3000,Minimum,4470,4470,0.3,-1,32.375,32.375,0
1786441355392,3000,Minimum,4470,4470,0.3,-1,32.375,32.375,0
1786441355492,3000,Minimum,4470,4470,0.3,-1,32.375,32.375,0
1786441355592,3000,Minimum,4471,4471,0.3,-1,32.375,32.375,0
1786441355692,3000,Minimum,4471,4471,0.3,-1,32.375,32.375,0
1786441355792,3000,Minimum,4471,4471,0.3,-1,32.375,32.375,0
1786441355892,3000,Minimum,4471,4471,0.3,-1,33.125,33.125,0
1786441355992,3000,Minimum,4471,4471,0.3,-1,33.125,33.125,0
1786441356092,3000,Minimum,4471,4471,0.3,-1,33.125,33.125,0
1786441356192,3000,Minimum,4471,4471,0.3,-1,33.125,33.125,0
1786441356292,3000,Minimum,4471,4471,0.3,-1,33.125,33.125,0
1786441356392,3000,Minimum,4471,4471,0.3,-1,33.125,33.125,0
1786441356492,3000,Minimum,4471,4471,0.3,-1,33.125,33.125,0
1786441356592,3000,Minimum,4471,4471,0.3,-1,33.125,33.125,0
1786441356692,3000,Minimum,4471,4471,0.3,-1,33.125,33.125,0
1786441356792,3000,Minimum,4471,4471,0.3,-1,33.125,33.125,0
1786441356892,3000,Minimum,4471,4471,0.3,-1,33.8125,33.8125,0
1786441356992,3000,Minimum,4471,4471,0.3,-1,33.8125,33.8125,0
1786441357092,3000,Minimum,4471,4471,0.3,-1,33.8125,33.8125,0
1786441357192,3000,Minimum,4471,4471,0.3,-1,33.8125,33.8125,0
1786441357292,3000,Minimum,4471,4471,0.3,-1,33.8125,33.8125,0
1786441357392,3000,Minimum,4471,4471,0.3,-1,33.8125,33.8125,0
1786441357492,3000,Minimum,4471,4471,0.3,-1,33.8125,33.8125,0
1786441357592,3000,Minimum,4471,4471,0.3,-1,33.8125,33.8125,0
1786441357692,3000,Minimum,4471,4471,0.3,-1,33.8125,33.8125,0
1786441357792,3000,Minimum,4471,4471,0.3,-1,33.8125,33.8125,0
1786441357892,3000,Minimum,4471,4471,0.3,-1,34.5625,34.5625,0
1786441357992,3000,Minimum,4471,4471,0.3,-1,34.5625,34.5625,0
1786441358092,3000,Minimum,4471,4471,0.3,-1,34.5625,34.5625,0
1786441358192,3000,Minimum,4471,4471,0.3,-1,34.5625,34.5625,0
1786441358292,3000,Minimum,4471,4471,0.3,-1,34.5625,34.5625,0
1786441358392,3000,Minimum,4471,4471,0.3,-1,34.5625,34.5625,0
1786441358492,3000,Minimum,4471,4471,0.3,-1,34.5625,34.5625,0
1786441358592,3000,Minimum,4471,4471,0.3,-1,34.5625,34.5625,0
1786441358692,3000,Minimum,4471,4471,0.3,-1,34.5625,34.5625,0
1786441358792,3000,Minimum,4471,4471,0.3,-1,34.5625,34.5625,0
1786441358892,3000,Minimum,4471,4471,0.3,-1,35.125,35.125,0
1786441358992,3000,Minimum,4471,4471,0.3,-1,35.125,35.125,0
1786441359092,3000,Minimum,4471,4471,0.3,-1,35.125,35.125,0
1786441359192,3000,Minimum,4471,4471,0.3,-1,35.125,35.125,0
1786441359292,3000,Minimum,4471,4471,0.3,-1,35.125,35.125,0
1786441359392,3000,Minimum,4471,4471,0.3,-1,35.125,35.125,0
1786441359492,3000,Minimum,4471,4471,0.3,-1,35.125,35.125,0
1786441359592,3000,Minimum,4471,4471,0.3,-1,35.125,35.125,0
1786441359692,3000,Minimum,4471,4471,0.3,-1,35.125,35.125,0
1786441359792,3000,Minimum,4471,4471,0.3,-1,35.125,35.125,0
1786441359892,3000,Minimum,4471,4471,0.3,-1,35.875,35.875,0
1786441359992,3000,Minimum,4471,4471,0.3,-1,35.875,35.875,0
1786441360092,3000,Minimum,4471,4471,0.3,-1,35.875,35.875,0
1786441360192,3000,Minimum,4471,4471,0.3,-1,35.875,35.875,0
1786441360292,3000,Minimum,4471,4471,0.3,-1,35.875,35.875,0
1786441360392,3000,Minimum,4471,4471,0.3,-1,35.875,35.875,0
1786441360492,3000,Minimum,4471,4471,0.3,-1,35.875,35.875,0
1786441360592,3000,Minimum,4471,4471,0.3,-1,35.875,35.875,0
1786441360692,3000,Minimum,4471,4471,0.3,-1,35.875,35.875,0
1786441360792,3000,Minimum,4471,4471,0.3,-1,35.875,35.875,0
1786441360892,3000,Minimum,4471,4471,0.3,-1,36.4375,36.4375,0
1786441360992,3000,Minimum,4471,4471,0.3,-1,36.4375,36.4375,0
1786441361094,3000,Minimum,4471,4471,0.3,-1,36.4375,36.4375,0
1786441361194,3000,Minimum,4471,4471,0.3,-1,36.4375,36.4375,0
1786441361294,3000,Minimum,4471,4471,0.3,-1,36.4375,36.4375,0
1786441361394,3000,Minimum,4471,4471,0.3,-1,36.4375,36.4375,0
1786441361494,3000,Minimum,4471,4471,0.3,-1,36.4375,36.4375,0
1786441361594,3000,Minimum,4471,4471,0.3,-1,36.4375,36.4375,0
1786441361694,3000,Minimum,4471,4471,0.3,-1,36.4375,36.4375,0
1786441361794,3000,Minimum,4471,4471,0.3,-1,36.4375,36.4375,0
1786441361894,3000,Minimum,4471,4471,0.3,-1,37.0625,37.0625,0
1786441361994,3000,Minimum,4471,4471,0.3,-1,37.0625,37.0625,0
1786441362094,3000,Minimum,4471,4471,0.3,-1,37.0625,37.0625,0
1786441362194,3000,Minimum,4471,4471,0.3,-1,37.0625,37.0625,0
1786441362294,3000,Minimum,4471,4471,0.3,-1,37.0625,37.0625,0
1786441362394,3000,Minimum,4471,4471,0.3,-1,37.0625,37.0625,0
1786441362494,3000,Minimum,4471,4471,0.3,-1,37.0625,37.0625,0
1786441362594,3000,Minimum,4471,4471,0.3,-1,37.0625,37.0625,0
1786441362694,3000,Minimum,4471,4471,0.3,-1,37.0625,37.0625,0
1786441362794,3000,Minimum,4471,4471,0.3,-1,37.0625,37.0625,0
1786441362893,3000,Minimum,4471,4471,0.3,-1,37.6875,37.6875,0
1786441362994,3000,Minimum,4471,4471,0.3,-1,37.6875,37.6875,0
1786441363094,3000,Minimum,4471,4471,0.3,-1,37.6875,37.6875,0
1786441363194,3000,Minimum,4471,4471,0.3,-1,37.6875,37.6875,0
1786441363294,3000,Minimum,4471,4471,0.3,-1,37.6875,37.6875,0
1786441363393,3000,Minimum,4471,4471,0.3,-1,37.6875,37.6875,0
1786441363494,3000,Minimum,4471,4471,0.3,-1,37.6875,37.6875,0
1786441363593,3000,Minimum,4471,4471,0.3,-1,37.6875,37.6875,0
1786441363693,3000,Minimum,4471,4471,0.3,-1,37.6875,37.6875,0
1786441363793,3000,Minimum,4471,4471,0.3,-1,37.6875,37.6875,0
1786441363893,3000,Minimum,4471,4471,0.3,-1,38.3125,38.3125,0
1786441363994,3000,Minimum,4471,4471,0.3,-1,38.3125,38.3125,0
1786441364093,3000,Minimum,4471,4471,0.3,-1,38.3125,38.3125,0
1786441364193,3000,Minimum,4471,4471,0.3,-1,38.3125,38.3125,0
1786441364293,3000,Minimum,4471,4471,0.3,-1,38.3125,38.3125,0
1786441364393,3000,Minimum,4471,4471,0.3,-1,38.3125,38.3125,0
1786441364493,3000,Minimum,4471,4471,0.3,-1,38.3125,38.3125,0
1786441364593,3000,Minimum,4471,4471,0.3,-1,38.3125,38.3125,0
1786441364693,3000,Minimum,4471,4471,0.3,-1,38.3125,38.3125,0
1786441364793,3000,Minimum,4471,4471,0.3,-1,38.3125,38.3125,0
1786441364893,3000,Minimum,4471,4471,0.3,-1,38.8125,38.8125,0
1786441364993,3000,Minimum,4471,4471,0.3,-1,38.8125,38.8125,0
1786441365093,3000,Minimum,4471,4471,0.3,-1,38.8125,38.8125,0
1786441365193,3000,Minimum,4471,4471,0.3,-1,38.8125,38.8125,0
1786441365293,3000,Minimum,4471,4471,0.3,-1,38.8125,38.8125,0
1786441365393,3000,Minimum,4471,4471,0.3,-1,38.8125,38.8125,0
1786441365493,3000,Minimum,4471,4471,0.3,-1,38.8125,38.8125,0
1786441365593,3000,Minimum,4471,4471,0.3,-1,38.8125,38.8125,0
1786441365693,3000,Minimum,4471,4471,0.3,-1,38.8125,38.8125,0
1786441365793,3000,Minimum,4471,4471,0.3,-1,38.8125,38.8125,0
1786441365893,3000,Minimum,4471,4471,0.3,-1,39.5,39.5,0
1786441365993,3000,Minimum,4471,4471,0.3,-1,39.5,39.5,0
1786441366093,3000,Minimum,4471,4471,0.3,-1,39.5,39.5,0
1786441366193,3000,Minimum,4471,4471,0.3,-1,39.5,39.5,0
1786441366293,3000,Minimum,4471,4471,0.3,-1,39.5,39.5,0
1786441366393,3000,Minimum,4471,4471,0.3,-1,39.5,39.5,0
1786441366493,3000,Minimum,4471,4471,0.3,-1,39.5,39.5,0
1786441366593,3000,Minimum,4471,4471,0.3,-1,39.5,39.5,0
1786441366693,3000,Minimum,4471,4471,0.3,-1,39.5,39.5,0
1786441366793,3000,Minimum,4471,4471,0.3,-1,39.5,39.5,0
1786441366893,3000,Minimum,4471,4471,0.3,-1,39.875,39.875,0
1786441366993,3000,Minimum,4471,4471,0.3,-1,39.875,39.875,0
1786441367093,3000,Minimum,4471,4471,0.3,-1,39.875,39.875,0
1786441367193,3000,Minimum,4471,4471,0.3,-1,39.875,39.875,0
1786441367293,3000,Minimum,4471,4471,0.3,-1,39.875,39.875,0
1786441367393,3000,Minimum,4471,4471,0.3,-1,39.875,39.875,0
1786441367493,3000,Minimum,4471,4471,0.3,-1,39.875,39.875,0
1786441367593,3000,Minimum,4471,4471,0.3,-1,39.875,39.875,0
1786441367693,3000,Minimum,4471,4471,0.3,-1,39.875,39.875,0
1786441367793,3000,Minimum,4471,4471,0.3,-1,39.875,39.875,0
1786441367893,3000,Minimum,4471,4471,0.3,-1,40.5,40.5,0
1786441367993,3000,Minimum,4471,4471,0.3,-1,40.5,40.5,0
1786441368093,3000,Minimum,4471,4471,0.3,-1,40.5,40.5,0
1786441368193,3000,Minimum,4471,4471,0.3,-1,40.5,40.5,0
1786441368293,3000,Minimum,4471,4471,0.3,-1,40.5,40.5,0
1786441368393,3000,Minimum,4471,4471,0.3,-1,40.5,40.5,0
1786441368493,3000,Minimum,4471,4471,0.3,-1,40.5,40.5,0
1786441368593,3000,Minimum,4471,4471,0.3,-1,40.5,40.5,0
1786441368693,3000,Minimum,4471,4471,0.3,-1,40.5,40.5,0
1786441368793,3000,Minimum,4471,4471,0.3,-1,40.5,40.5,0
1786441368893,3000,Minimum,4471,4471,0.3,-1,40.9375,40.9375,0
1786441368993,3000,Minimum,4471,4471,0.3,-1,40.9375,40.9375,0
1786441369093,3000,Minimum,4471,4471,0.3,-1,40.9375,40.9375,0
1786441369193,3000,Minimum,4471,4471,0.3,-1,40.9375,40.9375,0
1786441369293,3000,Minimum,4471,4471,0.3,-1,40.9375,40.9375,0
1786441369393,3000,Minimum,4471,4471,0.3,-1,40.9375,40.9375,0
1786441369493,3000,Minimum,4471,4471,0.3,-1,40.9375,40.9375,0
1786441369593,3000,Minimum,4471,4471,0.3,-1,40.9375,40.9375,0
1786441369693,3000,Minimum,4471,4471,0.3,-1,40.9375,40.9375,0
1786441369793,3000,Minimum,4471,4471,0.3,-1,40.9375,40.9375,0
1786441369893,3000,Minimum,4471,4471,0.3,-1,41.5,41.5,0
1786441369993,3000,Minimum,4471,4471,0.3,-1,41.5,41.5,0
1786441370092,3000,Minimum,4471,4471,0.3,-1,41.5,41.5,0
1786441370192,3000,Minimum,4471,4471,0.3,-1,41.5,41.5,0
1786441370293,3000,Minimum,4471,4471,0.3,-1,41.5,41.5,0
1786441370393,3000,Minimum,4471,4471,0.3,-1,41.5,41.5,0
1786441370493,3000,Minimum,4471,4471,0.3,-1,41.5,41.5,0
1786441370593,3000,Minimum,4471,4471,0.3,-1,41.5,41.5,0
1786441370693,3000,Minimum,4471,4471,0.3,-1,41.5,41.5,0
1786441370793,3000,Minimum,4471,4471,0.3,-1,41.5,41.5,0
1786441370893,3000,Minimum,4471,4471,0.3,-1,42.125,42.125,0
1786441370993,3000,Minimum,4471,4471,0.3,-1,42.125,42.125,0
1786441371093,3000,Minimum,4471,4471,0.3,-1,42.125,42.125,0
1786441371193,3000,Minimum,4471,4471,0.3,-1,42.125,42.125,0
1786441371292,3000,Minimum,4471,4471,0.3,-1,42.125,42.125,0
1786441371392,3000,Minimum,4471,4471,0.3,-1,42.125,42.125,0
1786441371493,3000,Minimum,4471,4471,0.3,-1,42.125,42.125,0
1786441371593,3000,Minimum,4471,4471,0.3,-1,42.125,42.125,0
1786441371693,3000,Minimum,4471,4471,0.3,-1,42.125,42.125,0
1786441371793,3000,Minimum,4471,4471,0.3,-1,42.125,42.125,0
1786441371893,3000,Minimum,4471,4471,0.3,-1,42.5,42.5,0
1786441371992,3000,Minimum,4471,4471,0.3,-1,42.5,42.5,0
1786441372092,3000,Minimum,4471,4471,0.3,-1,42.5,42.5,0
1786441372192,3000,Minimum,4471,4471,0.3,-1,42.5,42.5,0
1786441372293,3000,Minimum,4471,4471,0.3,-1,42.5,42.5,0
1786441372393,3000,Minimum,4471,4471,0.3,-1,42.5,42.5,0
1786441372492,3000,Minimum,4471,4471,0.3,-1,42.5,42.5,0
1786441372592,3000,Minimum,4471,4471,0.3,-1,42.5,42.5,0
1786441372692,3000,Minimum,4471,4471,0.3,-1,42.5,42.5,0
1786441372792,3000,Minimum,4471,4471,0.3,-1,42.5,42.5,0
1786441372892,3000,Minimum,4471,4471,0.3,-1,43,43,0
1786441372993,3000,Minimum,4471,4471,0.3,-1,43,43,0
1786441373092,3000,Minimum,4471,4471,0.3,-1,43,43,0
1786441373192,3000,Minimum,4471,4471,0.3,-1,43,43,0
1786441373292,3000,Minimum,4471,4471,0.3,-1,43,43,0
1786441373392,3000,Minimum,4471,4471,0.3,-1,43,43,0
1786441373492,3000,Minimum,4471,4471,0.3,-1,43,43,0
1786441373592,3000,Minimum,4471,4471,0.3,-1,43,43,0
1786441373692,3000,Minimum,4471,4471,0.3,-1,43,43,0
1786441373792,3000,Minimum,4471,4471,0.3,-1,43,43,0
1786441373892,3000,Minimum,4471,4471,0.3,-1,43.4375,43.4375,0
1786441373992,3000,Minimum,4471,4471,0.3,-1,43.4375,43.4375,0
1786441374092,3000,Minimum,4471,4471,0.3,-1,43.4375,43.4375,0
1786441374192,3000,Minimum,4471,4471,0.3,-1,43.4375,43.4375,0
1786441374292,3000,Minimum,4471,4471,0.3,-1,43.4375,43.4375,0
1786441374392,3000,Minimum,4471,4471,0.3,-1,43.4375,43.4375,0
1786441374492,3000,Minimum,4471,4471,0.3,-1,43.4375,43.4375,0
1786441374592,3000,Minimum,4471,4471,0.3,-1,43.4375,43.4375,0
1786441374692,3000,Minimum,4471,4471,0.3,-1,43.4375,43.4375,0
1786441374792,3000,Minimum,4471,4471,0.3,-1,43.4375,43.4375,0
1786441374892,3000,Minimum,4471,4471,0.3,-1,44,44,0
1786441374992,3000,Minimum,4471,4471,0.3,-1,44,44,0
1786441375092,3000,Minimum,4471,4471,0.3,-1,44,44,0
1786441375192,3000,Minimum,4471,4471,0.3,-1,44,44,0
1786441375292,3000,Minimum,4471,4471,0.3,-1,44,44,0
1786441375392,3000,Minimum,4471,4471,0.3,-1,44,44,0
1786441375492,3000,Minimum,4471,4471,0.3,-1,44,44,0
1786441375592,3000,Minimum,4471,4471,0.3,-1,44,44,0
1786441375692,3000,Minimum,4471,4471,0.3,-1,44,44,0
1786441375792,3000,Minimum,4471,4471,0.3,-1,44,44,0
1786441375892,3000,Minimum,4471,4471,0.3,-1,44.375,44.375,0
1786441375992,3000,Minimum,4471,4471,0.3,-1,44.375,44.375,0
1786441376092,3000,Minimum,4471,4471,0.3,-1,44.375,44.375,0
1786441376192,3000,Minimum,4471,4471,0.3,-1,44.375,44.375,0
1786441376292,3000,Minimum,4471,4471,0.3,-1,44.375,44.375,0
1786441376392,3000,Minimum,4471,4471,0.3,-1,44.375,44.375,0
1786441376492,3000,Minimum,4471,4471,0.3,-1,44.375,44.375,0
1786441376592,3000,Minimum,4471,4471,0.3,-1,44.375,44.375,0
1786441376692,3000,Minimum,4471,4471,0.3,-1,44.375,44.375,0
1786441376792,3000,Minimum,4471,4471,0.3,-1,44.375,44.375,0
1786441376892,3000,Minimum,4471,4471,0.3,-1,44.875,44.875,0
1786441376992,3000,Minimum,4471,4471,0.3,-1,44.875,44.875,0
1786441377092,3000,Minimum,4471,4471,0.3,-1,44.875,44.875,0
1786441377192,3000,Minimum,4471,4471,0.3,-1,44.875,44.875,0
1786441377292,3000,Minimum,4471,4471,0.3,-1,44.875,44.875,0
1786441377392,3000,Minimum,4471,4471,0.3,-1,44.875,44.875,0
1786441377492,3000,Minimum,4471,4471,0.3,-1,44.875,44.875,0
1786441377592,3000,Minimum,4471,4471,0.3,-1,44.875,44.875,0
1786441377692,3000,Minimum,4471,4471,0.3,-1,44.875,44.875,0
1786441377792,3000,Minimum,4471,4471,0.3,-1,44.875,44.875,0
1786441377892,3000,Minimum,4471,4471,0.3,-1,45.3125,45.3125,0
1786441377992,3000,Minimum,4471,4471,0.3,-1,45.3125,45.3125,0
1786441378092,3000,Minimum,4471,4471,0.3,-1,45.3125,45.3125,0
1786441378192,3000,Minimum,4471,4471,0.3,-1,45.3125,45.3125,0
1786441378292,3000,Minimum,4471,4471,0.3,-1,45.3125,45.3125,0
1786441378392,3000,Minimum,4471,4471,0.3,-1,45.3125,45.3125,0
1786441378492,3000,Minimum,4471,4471,0.3,-1,45.3125,45.3125,0
1786441378592,3000,Minimum,4471,4471,0.3,-1,45.3125,45.3125,0
1786441378692,3000,Minimum,4471,4471,0.3,-1,45.3125,45.3125,0
1786441378792,3000,Minimum,4471,4471,0.3,-1,45.3125,45.3125,0
1786441378892,3000,Minimum,4471,4471,0.3,-1,45.625,45.625,0
1786441378992,3000,Minimum,4471,4471,0.3,-1,45.625,45.625,0
1786441379092,3000,Minimum,4471,4471,0.3,-1,45.625,45.625,0
1786441379192,3000,Minimum,4471,4471,0.3,-1,45.625,45.625,0
1786441379292,3000,Minimum,4471,4471,0.3,-1,45.625,45.625,0
1786441379392,3000,Minimum,4471,4471,0.3,-1,45.625,45.625,0
1786441379492,3000,Minimum,4471,4471,0.3,-1,45.625,45.625,0
1786441379592,3000,Minimum,4471,4471,0.3,-1,45.625,45.625,0
1786441379692,3000,Minimum,4471,4471,0.3,-1,45.625,45.625,0
1786441379792,3000,Minimum,4471,4471,0.3,-1,45.625,45.625,0
1786441379892,3000,Minimum,4471,4471,0.3,-1,46.0625,46.0625,0
1786441379992,3000,Minimum,4471,4471,0.3,-1,46.0625,46.0625,0
1786441380092,3000,Minimum,4471,4471,0.3,-1,46.0625,46.0625,0
1786441380192,3000,Minimum,4471,4471,0.3,-1,46.0625,46.0625,0
1786441380292,3000,Minimum,4471,4471,0.3,-1,46.0625,46.0625,0
1786441380392,3000,Minimum,4471,4471,0.3,-1,46.0625,46.0625,0
1786441380492,3000,Minimum,4471,4471,0.3,-1,46.0625,46.0625,0
1786441380592,3000,Minimum,4471,4471,0.3,-1,46.0625,46.0625,0
1786441380692,3000,Minimum,4471,4471,0.3,-1,46.0625,46.0625,0
1786441380792,3000,Minimum,4471,4471,0.3,-1,46.0625,46.0625,0
1786441380892,3000,Minimum,4471,4471,0.3,-1,46.5,46.5,0
1786441380992,3000,Minimum,4471,4471,0.3,-1,46.5,46.5,0
1786441381092,3000,Minimum,4471,4471,0.3,-1,46.5,46.5,0
1786441381192,3000,Minimum,4471,4471,0.3,-1,46.5,46.5,0
1786441381292,3000,Minimum,4471,4471,0.3,-1,46.5,46.5,0
1786441381392,3000,Minimum,4471,4471,0.3,-1,46.5,46.5,0
1786441381492,3000,Minimum,4471,4471,0.3,-1,46.5,46.5,0
1786441381592,3000,Minimum,4471,4471,0.3,-1,46.5,46.5,0
1786441381692,3000,Minimum,4471,4471,0.3,-1,46.5,46.5,0
1786441381792,3000,Minimum,4471,4471,0.3,-1,46.5,46.5,0
1786441381892,3000,Minimum,4471,4471,0.3,-1,46.875,46.875,0
1786441381992,3000,Minimum,4471,4471,0.3,-1,46.875,46.875,0
1786441382092,3000,Minimum,4471,4471,0.3,-1,46.875,46.875,0
1786441382192,3000,Minimum,4471,4471,0.3,-1,46.875,46.875,0
1786441382292,3000,Minimum,4471,4471,0.3,-1,46.875,46.875,0
1786441382392,3000,Minimum,4471,4471,0.3,-1,46.875,46.875,0
1786441382492,3000,Minimum,4471,4471,0.3,-1,46.875,46.875,0
1786441382592,3000,Minimum,4471,4471,0.3,-1,46.875,46.875,0
1786441382692,3000,Minimum,4471,4471,0.3,-1,46.875,46.875,0
1786441382792,3000,Minimum,4471,4471,0.3,-1,46.875,46.875,0
1786441382892,3000,Minimum,4471,4471,0.3,-1,47.1875,47.1875,0
1786441382992,3000,Minimum,4471,4471,0.3,-1,47.1875,47.1875,0
1786441383092,3000,Minimum,4471,4471,0.3,-1,47.1875,47.1875,0
1786441383192,3000,Minimum,4471,4471,0.3,-1,47.1875,47.1875,0
1786441383292,3000,Minimum,4471,4471,0.3,-1,47.1875,47.1875,0
1786441383392,3000,Minimum,4471,4471,0.3,-1,47.1875,47.1875,0
1786441383492,3000,Minimum,4471,4471,0.3,-1,47.1875,47.1875,0
1786441383592,3000,Minimum,4471,4471,0.3,-1,47.1875,47.1875,0
1786441383692,3000,Minimum,4471,4471,0.3,-1,47.1875,47.1875,0
1786441383792,3000,Minimum,4471,4471,0.3,-1,47.1875,47.1875,0
1786441383892,3000,Minimum,4471,4471,0.3,-1,47.625,47.625,0
1786441383992,3000,Minimum,4471,4471,0.3,-1,47.625,47.625,0
1786441384092,3000,Minimum,4471,4471,0.3,-1,47.625,47.625,0
1786441384192,3000,Minimum,4471,4471,0.3,-1,47.625,47.625,0
1786441384292,3000,Minimum,4471,4471,0.3,-1,47.625,47.625,0
1786441384392,3000,Minimum,4471,4471,0.3,-1,47.625,47.625,0
1786441384492,3000,Minimum,4471,4471,0.3,-1,47.625,47.625,0
1786441384592,3000,Minimum,4471,4471,0.3,-1,47.625,47.625,0
1786441384692,3000,Minimum,4471,4471,0.3,-1,47.625,47.625,0
1786441384792,3000,Minimum,4471,4471,0.3,-1,47.625,47.625,0
1786441384892,3000,Minimum,4471,4471,0.3,-1,48,48,0
1786441384992,3000,Minimum,4471,4471,0.3,-1,48,48,0
1786441385092,3000,Minimum,4471,4471,0.3,-1,48,48,0
1786441385192,3000,Minimum,4471,4471,0.3,-1,48,48,0
1786441385292,3000,Minimum,4471,4471,0.3,-1,48,48,0
1786441385392,3000,Minimum,4471,4471,0.3,-1,48,48,0
1786441385492,3000,Minimum,4471,4471,0.3,-1,48,48,0
1786441385592,3000,Minimum,4471,4471,0.3,-1,48,48,0
1786441385692,3000,Minimum,4471,4471,0.3,-1,48,48,0
1786441385792,3000,Minimum,4471,4471,0.3,-1,48,48,0
1786441385892,3000,Minimum,4471,4471,0.3,-1,48.375,48.375,0
1786441385992,3000,Minimum,4471,4471,0.3,-1,48.375,48.375,0
1786441386092,3000,Minimum,4471,4471,0.3,-1,48.375,48.375,0
1786441386192,3000,Minimum,4471,4471,0.3,-1,48.375,48.375,0
1786441386292,3000,Minimum,4471,4471,0.3,-1,48.375,48.375,0
1786441386392,3000,Minimum,4471,4471,0.3,-1,48.375,48.375,0
1786441386492,3000,Minimum,4471,4471,0.3,-1,48.375,48.375,0
1786441386592,3000,Minimum,4471,4471,0.3,-1,48.375,48.375,0
1786441386692,3000,Minimum,4471,4471,0.3,-1,48.375,48.375,0
1786441386792,3000,Minimum,4471,4471,0.3,-1,48.375,48.375,0
1786441386892,3000,Minimum,4471,4471,0.3,-1,48.75,48.75,0
1786441386992,3000,Minimum,4471,4471,0.3,-1,48.75,48.75,0
1786441387092,3000,Minimum,4471,4471,0.3,-1,48.75,48.75,0
1786441387192,3000,Minimum,4471,4471,0.3,-1,48.75,48.75,0
1786441387292,3000,Minimum,4471,4471,0.3,-1,48.75,48.75,0
1786441387392,3000,Minimum,4471,4471,0.3,-1,48.75,48.75,0
1786441387492,3000,Minimum,4471,4471,0.3,-1,48.75,48.75,0
1786441387592,3000,Minimum,4471,4471,0.3,-1,48.75,48.75,0
1786441387692,3000,Minimum,4471,4471,0.3,-1,48.75,48.75,0
1786441387792,3000,Minimum,4471,4471,0.3,-1,48.75,48.75,0
1786441387892,3000,Minimum,4471,4471,0.3,-1,49.125,49.125,0
1786441387992,3000,Minimum,4471,4471,0.3,-1,49.125,49.125,0
1786441388092,3000,Minimum,4471,4471,0.3,-1,49.125,49.125,0
1786441388192,3000,Minimum,4471,4471,0.3,-1,49.125,49.125,0
1786441388292,3000,Minimum,4471,4471,0.3,-1,49.125,49.125,0
1786441388392,3000,Minimum,4471,4471,0.3,-1,49.125,49.125,0
1786441388492,3000,Minimum,4471,4471,0.3,-1,49.125,49.125,0
1786441388592,3000,Minimum,4471,4471,0.3,-1,49.125,49.125,0
1786441388692,3000,Minimum,4471,4471,0.3,-1,49.125,49.125,0
1786441388792,3000,Minimum,4471,4471,0.3,-1,49.125,49.125,0
1786441388892,3000,Minimum,4471,4471,0.3,-1,49.4375,49.4375,0
1786441388992,3000,Minimum,4471,4471,0.3,-1,49.4375,49.4375,0
1786441389092,3000,Minimum,4471,4471,0.3,-1,49.4375,49.4375,0
1786441389192,3000,Minimum,4471,4471,0.3,-1,49.4375,49.4375,0
1786441389292,3000,Minimum,4471,4471,0.3,-1,49.4375,49.4375,0
1786441389392,3000,Minimum,4471,4471,0.3,-1,49.4375,49.4375,0
1786441389492,3000,Minimum,4471,4471,0.3,-1,49.4375,49.4375,0
1786441389592,3000,Minimum,4471,4471,0.3,-1,49.4375,49.4375,0
1786441389692,3000,Minimum,4471,4471,0.3,-1,49.4375,49.4375,0
1786441389792,3000,Minimum,4471,4471,0.3,-1,49.4375,49.4375,0
1786441389892,3000,Minimum,4471,4471,0.3,-1,49.6875,49.6875,0
1786441389992,3000,Minimum,4471,4471,0.3,-1,49.6875,49.6875,0
1786441390092,3000,Minimum,4471,4471,0.3,-1,49.6875,49.6875,0
1786441390192,3000,Minimum,4471,4471,0.3,-1,49.6875,49.6875,0
1786441390292,3000,Minimum,4471,4471,0.3,-1,49.6875,49.6875,0
1786441390392,3000,Minimum,4471,4471,0.3,-1,49.6875,49.6875,0
1786441390492,3000,Minimum,4471,4471,0.3,-1,49.6875,49.6875,0
1786441390592,3000,Minimum,4471,4471,0.3,-1,49.6875,49.6875,0
1786441390692,3000,Minimum,4471,4471,0.3,-1,49.6875,49.6875,0
1786441390792,3000,Minimum,4471,4471,0.3,-1,49.6875,49.6875,0
1786441390892,3000,Minimum,4471,4471,0.3,-1,49.9375,49.9375,0
1786441390992,3000,Minimum,4471,4471,0.3,-1,49.9375,49.9375,0
1786441391092,3000,Minimum,4471,4471,0.3,-1,49.9375,49.9375,0
1786441391192,3000,Minimum,4471,4471,0.3,-1,49.9375,49.9375,0
1786441391292,3000,Minimum,4471,4471,0.3,-1,49.9375,49.9375,0
1786441391392,3000,Minimum,4471,4471,0.3,-1,49.9375,49.9375,0
1786441391492,3000,Minimum,4471,4471,0.3,-1,49.9375,49.9375,0
1786441391592,3000,Minimum,4471,4471,0.3,-1,49.9375,49.9375,0
1786441391692,3000,Minimum,4471,4471,0.3,-1,49.9375,49.9375,0
1786441391792,3000,Minimum,4471,4471,0.3,-1,49.9375,49.9375,0
1786441391892,3000,Minimum,4471,4471,0.3,-1,50.4375,50.4375,0
1786441391992,3000,Minimum,4471,4471,0.3,-1,50.4375,50.4375,0
1786441392092,3000,Minimum,4471,4471,0.3,-1,50.4375,50.4375,0
1786441392192,3000,Minimum,4471,4471,0.3,-1,50.4375,50.4375,0
1786441392292,3000,Minimum,4471,4471,0.3,-1,50.4375,50.4375,0
1786441392392,3000,Minimum,4471,4471,0.3,-1,50.4375,50.4375,0
1786441392492,3000,Minimum,4471,4471,0.3,-1,50.4375,50.4375,0
1786441392592,3000,Minimum,4471,4471,0.3,-1,50.4375,50.4375,0
1786441392692,3000,Minimum,4471,4471,0.3,-1,50.4375,50.4375,0
1786441392792,3000,Minimum,4471,4471,0.3,-1,50.4375,50.4375,0
1786441392892,3000,Minimum,4471,4471,0.3,-1,50.6875,50.6875,0
1786441392992,3000,Minimum,4471,4471,0.3,-1,50.6875,50.6875,0
1786441393094,3000,Minimum,4471,4471,0.3,-1,50.6875,50.6875,0
1786441393194,3000,Minimum,4471,4471,0.3,-1,50.6875,50.6875,0
1786441393294,3000,Minimum,4471,4471,0.3,-1,50.6875,50.6875,0
1786441393394,3000,Minimum,4471,4471,0.3,-1,50.6875,50.6875,0
1786441393494,3000,Minimum,4471,4471,0.3,-1,50.6875,50.6875,0
1786441393594,3000,Minimum,4471,4471,0.3,-1,50.6875,50.6875,0
1786441393694,3000,Minimum,4471,4471,0.3,-1,50.6875,50.6875,0
1786441393794,3000,Minimum,4471,4471,0.3,-1,50.6875,50.6875,0
1786441393894,3000,Minimum,4471,4471,0.3,-1,50.9375,50.9375,0
1786441393994,3000,Minimum,4471,4471,0.3,-1,50.9375,50.9375,0
1786441394094,3000,Minimum,4471,4471,0.3,-1,50.9375,50.9375,0
1786441394194,3000,Minimum,4471,4471,0.3,-1,50.9375,50.9375,0
1786441394294,3000,Minimum,4471,4471,0.3,-1,50.9375,50.9375,0
1786441394394,3000,Minimum,4471,4471,0.3,-1,50.9375,50.9375,0
1786441394494,3000,Minimum,4471,4471,0.3,-1,50.9375,50.9375,0
1786441394594,3000,Minimum,4471,4471,0.3,-1,50.9375,50.9375,0
1786441394694,3000,Minimum,4471,4471,0.3,-1,50.9375,50.9375,0
1786441394794,3000,Minimum,4471,4471,0.3,-1,50.9375,50.9375,0
1786441394894,3000,Minimum,4471,4471,0.3,-1,51.25,51.25,0
1786441394994,3000,Minimum,4471,4471,0.3,-1,51.25,51.25,0
1786441395094,3000,Minimum,4471,4471,0.3,-1,51.25,51.25,0
1786441395193,3000,Minimum,4471,4471,0.3,-1,51.25,51.25,0
1786441395294,3000,Minimum,4471,4471,0.3,-1,51.25,51.25,0
1786441395394,3000,Minimum,4471,4471,0.3,-1,51.25,51.25,0
1786441395494,3000,Minimum,4471,4471,0.3,-1,51.25,51.25,0
1786441395594,3000,Minimum,4471,4471,0.3,-1,51.25,51.25,0
1786441395693,3000,Minimum,4471,4471,0.3,-1,51.25,51.25,0
1786441395794,3000,Minimum,4471,4471,0.3,-1,51.25,51.25,0
1786441395894,3000,Minimum,4471,4471,0.3,-1,51.5,51.5,0
1786441395994,3000,Minimum,4471,4471,0.3,-1,51.5,51.5,0
1786441396093,3000,Minimum,4471,4471,0.3,-1,51.5,51.5,0
1786441396193,3000,Minimum,4471,4471,0.3,-1,51.5,51.5,0
1786441396293,3000,Minimum,4471,4471,0.3,-1,51.5,51.5,0
1786441396393,3000,Minimum,4471,4471,0.3,-1,51.5,51.5,0
1786441396493,3000,Minimum,4471,4471,0.3,-1,51.5,51.5,0
1786441396593,3000,Minimum,4471,4471,0.3,-1,51.5,51.5,0
1786441396693,3000,Minimum,4471,4471,0.3,-1,51.5,51.5,0
1786441396793,3000,Minimum,4471,4471,0.3,-1,51.5,51.5,0
1786441396893,3000,Minimum,4471,4471,0.3,-1,51.875,51.875,0
1786441396993,3000,Minimum,4471,4471,0.3,-1,51.875,51.875,0
1786441397093,3000,Minimum,4471,4471,0.3,-1,51.875,51.875,0
1786441397192,3000,Minimum,4471,4471,0.3,-1,51.875,51.875,0
1786441397293,3000,Minimum,4471,4471,0.3,-1,51.875,51.875,0
1786441397393,3000,Minimum,4471,4471,0.3,-1,51.875,51.875,0
1786441397493,3000,Minimum,4471,4471,0.3,-1,51.875,51.875,0
1786441397593,3000,Minimum,4471,4471,0.3,-1,51.875,51.875,0
1786441397693,3000,Minimum,4471,4471,0.3,-1,51.875,51.875,0
1786441397793,3000,Minimum,4471,4471,0.3,-1,51.875,51.875,0
1786441397893,3000,Minimum,4471,4471,0.3,-1,52.1875,52.1875,0
1786441397993,3000,Minimum,4471,4471,0.3,-1,52.1875,52.1875,0
1786441398093,3000,Minimum,4471,4471,0.3,-1,52.1875,52.1875,0
1786441398193,3000,Minimum,4471,4471,0.3,-1,52.1875,52.1875,0
1786441398293,3000,Minimum,4471,4471,0.3,-1,52.1875,52.1875,0
1786441398393,3000,Minimum,4471,4471,0.3,-1,52.1875,52.1875,0
1786441398493,3000,Minimum,4471,4471,0.3,-1,52.1875,52.1875,0
1786441398593,3000,Minimum,4471,4471,0.3,-1,52.1875,52.1875,0
1786441398693,3000,Minimum,4471,4471,0.3,-1,52.1875,52.1875,0
1786441398793,3000,Minimum,4471,4471,0.3,-1,52.1875,52.1875,0
1786441398893,3000,Minimum,4471,4471,0.3,-1,52.375,52.375,0
1786441398993,3000,Minimum,4471,4471,0.3,-1,52.375,52.375,0
1786441399093,3000,Minimum,4471,4471,0.3,-1,52.375,52.375,0
1786441399193,3000,Minimum,4471,4471,0.3,-1,52.375,52.375,0
1786441399293,3000,Minimum,4471,4471,0.3,-1,52.375,52.375,0
1786441399393,3000,Minimum,4471,4471,0.3,-1,52.375,52.375,0
1786441399493,3000,Minimum,4471,4471,0.3,-1,52.375,52.375,0
1786441399593,3000,Minimum,4471,4471,0.3,-1,52.375,52.375,0
1786441399693,3000,Minimum,4471,4471,0.3,-1,52.375,52.375,0
1786441399793,3000,Minimum,4471,4471,0.3,-1,52.375,52.375,0
1786441399893,3000,Minimum,4471,4471,0.3,-1,52.625,52.625,0
1786441399993,3000,Minimum,4471,4471,0.3,-1,52.625,52.625,0
1786441400093,3000,Minimum,4471,4471,0.3,-1,52.625,52.625,0
1786441400193,3000,Minimum,4471,4471,0.3,-1,52.625,52.625,0
1786441400293,3000,Minimum,4471,4471,0.3,-1,52.625,52.625,0
1786441400393,3000,Minimum,4471,4471,0.3,-1,52.625,52.625,0
1786441400493,3000,Minimum,4471,4471,0.3,-1,52.625,52.625,0
1786441400593,3000,Minimum,4471,4471,0.3,-1,52.625,52.625,0
1786441400693,3000,Minimum,4471,4471,0.3,-1,52.625,52.625,0
1786441400793,3000,Minimum,4471,4471,0.3,-1,52.625,52.625,0
1786441400893,3000,Minimum,4471,4471,0.3,-1,52.875,52.875,0
1786441400993,3000,Minimum,4471,4471,0.3,-1,52.875,52.875,0
1786441401093,3000,Minimum,4471,4471,0.3,-1,52.875,52.875,0
1786441401193,3000,Minimum,4471,4471,0.3,-1,52.875,52.875,0
1786441401293,3000,Minimum,4471,4471,0.3,-1,52.875,52.875,0
1786441401393,3000,Minimum,4471,4471,0.3,-1,52.875,52.875,0
1786441401493,3000,Minimum,4471,4471,0.3,-1,52.875,52.875,0
1786441401593,3000,Minimum,4471,4471,0.3,-1,52.875,52.875,0
1786441401693,3000,Minimum,4471,4471,0.3,-1,52.875,52.875,0
1786441401793,3000,Minimum,4471,4471,0.3,-1,52.875,52.875,0
1786441401893,3000,Minimum,4471,4471,0.3,-1,53.125,53.125,0
1786441401993,3000,Minimum,4471,4471,0.3,-1,53.125,53.125,0
1786441402093,3000,Minimum,4471,4471,0.3,-1,53.125,53.125,0
1786441402193,3000,Minimum,4471,4471,0.3,-1,53.125,53.125,0
1786441402293,3000,Minimum,4471,4471,0.3,-1,53.125,53.125,0
1786441402393,3000,Minimum,4471,4471,0.3,-1,53.125,53.125,0
1786441402493,3000,Minimum,4471,4471,0.3,-1,53.125,53.125,0
1786441402593,3000,Minimum,4471,4471,0.3,-1,53.125,53.125,0
1786441402693,3000,Minimum,4471,4471,0.3,-1,53.125,53.125,0
1786441402793,3000,Minimum,4471,4471,0.3,-1,53.125,53.125,0
1786441402893,3000,Minimum,4471,4471,0.3,-1,53.375,53.375,0
1786441402993,3000,Minimum,4471,4471,0.3,-1,53.375,53.375,0
1786441403093,3000,Minimum,4471,4471,0.3,-1,53.375,53.375,0
1786441403193,3000,Minimum,4471,4471,0.3,-1,53.375,53.375,0
1786441403293,3000,Minimum,4471,4471,0.3,-1,53.375,53.375,0
1786441403392,3000,Minimum,4471,4471,0.3,-1,53.375,53.375,0
1786441403493,3000,Minimum,4471,4471,0.3,-1,53.375,53.375,0
1786441403593,3000,Minimum,4471,4471,0.3,-1,53.375,53.375,0
1786441403692,3000,Minimum,4471,4471,0.3,-1,53.375,53.375,0
1786441403792,3000,Minimum,4471,4471,0.3,-1,53.375,53.375,0
1786441403893,3000,Minimum,4471,4471,0.3,-1,53.625,53.625,0
1786441403992,3000,Minimum,4471,4471,0.3,-1,53.625,53.625,0
1786441404092,3000,Minimum,4471,4471,0.3,-1,53.625,53.625,0
1786441404192,3000,Minimum,4471,4471,0.3,-1,53.625,53.625,0
1786441404292,3000,Minimum,4471,4471,0.3,-1,53.625,53.625,0
1786441404392,3000,Minimum,4471,4471,0.3,-1,53.625,53.625,0
1786441404492,3000,Minimum,4471,4471,0.3,-1,53.625,53.625,0
1786441404593,3000,Minimum,4471,4471,0.3,-1,53.625,53.625,0
1786441404693,3000,Minimum,4471,4471,0.3,-1,53.625,53.625,0
1786441404792,3000,Minimum,4471,4471,0.3,-1,53.625,53.625,0
1786441404892,3000,Minimum,4471,4471,0.3,-1,53.875,53.875,0
1786441404992,3000,Minimum,4471,4471,0.3,-1,53.875,53.875,0
1786441405092,3000,Minimum,4471,4471,0.3,-1,53.875,53.875,0
1786441405192,3000,Minimum,4471,4471,0.3,-1,53.875,53.875,0
1786441405292,3000,Minimum,4471,4471,0.3,-1,53.875,53.875,0
1786441405392,3000,Minimum,4471,4471,0.3,-1,53.875,53.875,0
1786441405493,3000,Minimum,4471,4471,0.3,-1,53.875,53.875,0
1786441405592,3000,Minimum,4471,4471,0.3,-1,53.875,53.875,0
1786441405692,3000,Minimum,4471,4471,0.3,-1,53.875,53.875,0
1786441405792,3000,Minimum,4471,4471,0.3,-1,53.875,53.875,0
1786441405893,3000,Minimum,4471,4471,0.3,-1,54.125,54.125,0
1786441405992,3000,Minimum,4471,4471,0.3,-1,54.125,54.125,0
1786441406092,3000,Minimum,4471,4471,0.3,-1,54.125,54.125,0
1786441406192,3000,Minimum,4471,4471,0.3,-1,54.125,54.125,0
1786441406292,3000,Minimum,4471,4471,0.3,-1,54.125,54.125,0
1786441406392,3000,Minimum,4471,4471,0.3,-1,54.125,54.125,0
1786441406492,3000,Minimum,4471,4471,0.3,-1,54.125,54.125,0
1786441406592,3000,Minimum,4471,4471,0.3,-1,54.125,54.125,0
1786441406692,3000,Minimum,4471,4471,0.3,-1,54.125,54.125,0
1786441406792,3000,Minimum,4471,4471,0.3,-1,54.125,54.125,0
1786441406892,3000,Minimum,4471,4471,0.3,-1,54.3125,54.3125,0
1786441406992,3000,Minimum,4471,4471,0.3,-1,54.3125,54.3125,0
1786441407092,3000,Minimum,4471,4471,0.3,-1,54.3125,54.3125,0
1786441407192,3000,Minimum,4471,4471,0.3,-1,54.3125,54.3125,0
1786441407292,3000,Minimum,4471,4471,0.3,-1,54.3125,54.3125,0
1786441407392,3000,Minimum,4471,4471,0.3,-1,54.3125,54.3125,0
1786441407492,3000,Minimum,4471,4471,0.3,-1,54.3125,54.3125,0
1786441407592,3000,Minimum,4471,4471,0.3,-1,54.3125,54.3125,0
1786441407692,3000,Minimum,4471,4471,0.3,-1,54.3125,54.3125,0
1786441407792,3000,Minimum,4471,4471,0.3,-1,54.3125,54.3125,0
1786441407892,3000,Minimum,4471,4471,0.3,-1,54.5625,54.5625,0
1786441407992,3000,Minimum,4471,4471,0.3,-1,54.5625,54.5625,0
1786441408092,3000,Minimum,4471,4471,0.3,-1,54.5625,54.5625,0
1786441408192,3000,Minimum,4471,4471,0.3,-1,54.5625,54.5625,0
1786441408292,3000,Minimum,4471,4471,0.3,-1,54.5625,54.5625,0
1786441408392,3000,Minimum,4471,4471,0.3,-1,54.5625,54.5625,0
1786441408492,3000,Minimum,4471,4471,0.3,-1,54.5625,54.5625,0
1786441408592,3000,Minimum,4471,4471,0.3,-1,54.5625,54.5625,0
1786441408692,3000,Minimum,4471,4471,0.3,-1,54.5625,54.5625,0
1786441408792,3000,Minimum,4471,4471,0.3,-1,54.5625,54.5625,0
1786441408892,3000,Minimum,4471,4471,0.3,-1,54.875,54.875,0
1786441408992,3000,Minimum,4471,4471,0.3,-1,54.875,54.875,0
1786441409092,3000,Minimum,4471,4471,0.3,-1,54.875,54.875,0
1786441409192,3000,Minimum,4471,4471,0.3,-1,54.875,54.875,0
1786441409292,3000,Minimum,4471,4471,0.3,-1,54.875,54.875,0
1786441409392,3000,Minimum,4471,4471,0.3,-1,54.875,54.875,0
1786441409492,3000,Minimum,4471,4471,0.3,-1,54.875,54.875,0
1786441409592,3000,Minimum,4471,4471,0.3,-1,54.875,54.875,0
1786441409692,3000,Minimum,4471,4471,0.3,-1,54.875,54.875,0
1786441409792,3000,Minimum,4471,4471,0.3,-1,54.875,54.875,0
1786441409892,3000,Minimum,4471,4471,0.3,-1,54.9375,54.9375,0
1786441409992,3000,Minimum,4471,4471,0.3,-1,54.9375,54.9375,0
1786441410092,3000,Minimum,4471,4471,0.3,-1,54.9375,54.9375,0
1786441410192,3000,Minimum,4471,4471,0.3,-1,54.9375,54.9375,0
1786441410292,3000,Minimum,4471,4471,0.3,-1,54.9375,54.9375,0
1786441410392,3000,Minimum,4471,4471,0.3,-1,54.9375,54.9375,0
1786441410492,3000,Minimum,4471,4471,0.3,-1,54.9375,54.9375,0
1786441410592,3000,Minimum,4471,4471,0.3,-1,54.9375,54.9375,0
1786441410692,3000,Minimum,4471,4471,0.3,-1,54.9375,54.9375,0
1786441410792,3000,Minimum,4471,4471,0.3,-1,54.9375,54.9375,0
1786441410892,3000,Minimum,4471,4471,0.3,-1,55.125,55.125,0
1786441410992,3000,Minimum,4471,4471,0.3,-1,55.125,55.125,0
1786441411092,3000,Minimum,4471,4471,0.3,-1,55.125,55.125,0
1786441411192,3000,Minimum,4471,4471,0.3,-1,55.125,55.125,0
1786441411292,3000,Minimum,4471,4471,0.3,-1,55.125,55.125,0
1786441411392,3000,Minimum,4471,4471,0.3,-1,55.125,55.125,0
1786441411492,3000,Minimum,4471,4471,0.3,-1,55.125,55.125,0
1786441411592,3000,Minimum,4471,4471,0.3,-1,55.125,55.125,0
1786441411692,3000,Minimum,4471,4471,0.3,-1,55.125,55.125,0
1786441411792,3000,Minimum,4471,4471,0.3,-1,55.125,55.125,0
1786441411892,3000,Minimum,4471,4471,0.3,-1,55.375,55.375,0
1786441411992,3000,Minimum,4471,4471,0.3,-1,55.375,55.375,0
1786441412092,3000,Minimum,4471,4471,0.3,-1,55.375,55.375,0
1786441412192,3000,Minimum,4471,4471,0.3,-1,55.375,55.375,0
1786441412292,3000,Minimum,4471,4471,0.3,-1,55.375,55.375,0
1786441412392,3000,Minimum,4471,4471,0.3,-1,55.375,55.375,0
1786441412492,3000,Minimum,4471,4471,0.3,-1,55.375,55.375,0
1786441412592,3000,Minimum,4471,4471,0.3,-1,55.375,55.375,0
1786441412692,3000,Minimum,4471,4471,0.3,-1,55.375,55.375,0
1786441412792,3000,Minimum,4471,4471,0.3,-1,55.375,55.375,0
1786441412892,3000,Minimum,4471,4471,0.3,-1,55.625,55.625,0
1786441412992,3000,Minimum,4471,4471,0.3,-1,55.625,55.625,0
1786441413092,3000,Minimum,4471,4471,0.3,-1,55.625,55.625,0
1786441413192,3000,Minimum,4471,4471,0.3,-1,55.625,55.625,0
1786441413292,3000,Minimum,4471,4471,0.3,-1,55.625,55.625,0
1786441413392,3000,Minimum,4471,4471,0.3,-1,55.625,55.625,0
1786441413492,3000,Minimum,4471,4471,0.3,-1,55.625,55.625,0
1786441413592,3000,Minimum,4471,4471,0.3,-1,55.625,55.625,0
1786441413692,3000,Minimum,4471,4471,0.3,-1,55.625,55.625,0
1786441413792,3000,Minimum,4471,4471,0.3,-1,55.625,55.625,0
1786441413892,3000,Minimum,4471,4471,0.3,-1,55.875,55.875,0
1786441413992,3000,Minimum,4471,4471,0.3,-1,55.875,55.875,0
1786441414092,3000,Minimum,4471,4471,0.3,-1,55.875,55.875,0
1786441414193,3000,Minimum,4471,4471,0.3,-1,55.875,55.875,0
1786441414292,3000,Minimum,4471,4471,0.3,-1,55.875,55.875,0
1786441414392,3000,Minimum,4471,4471,0.3,-1,55.875,55.875,0
1786441414492,3000,Minimum,4471,4471,0.3,-1,55.875,55.875,0
1786441414592,3000,Minimum,4471,4471,0.3,-1,55.875,55.875,0
1786441414692,3000,Minimum,4471,4471,0.3,-1,55.875,55.875,0
1786441414792,3000,Minimum,4471,4471,0.3,-1,55.875,55.875,0
1786441414892,3000,Minimum,4471,4471,0.3,-1,56,56,0
1786441414992,3000,Minimum,4471,4471,0.3,-1,56,56,0
1786441415092,3000,Minimum,4471,4471,0.3,-1,56,56,0
1786441415192,3000,Minimum,4471,4471,0.3,-1,56,56,0
1786441415292,3000,Minimum,4471,4471,0.3,-1,56,56,0
1786441415392,3000,Minimum,4471,4471,0.3,-1,56,56,0
1786441415492,3000,Minimum,4471,4471,0.3,-1,56,56,0
1786441415592,3000,Minimum,4471,4471,0.3,-1,56,56,0
1786441415692,3000,Minimum,4471,4471,0.3,-1,56,56,0
1786441415792,3000,Minimum,4471,4471,0.3,-1,56,56,0
1786441415892,3000,Minimum,4471,4471,0.3,-1,56.1875,56.1875,0
1786441415992,3000,Minimum,4471,4471,0.3,-1,56.1875,56.1875,0
1786441416092,3000,Minimum,4471,4471,0.3,-1,56.1875,56.1875,0
1786441416192,3000,Minimum,4471,4471,0.3,-1,56.1875,56.1875,0
1786441416292,3000,Minimum,4471,4471,0.3,-1,56.1875,56.1875,0
1786441416392,3000,Minimum,4471,4471,0.3,-1,56.1875,56.1875,0
1786441416492,3000,Minimum,4471,4471,0.3,-1,56.1875,56.1875,0
1786441416592,3000,Minimum,4471,4471,0.3,-1,56.1875,56.1875,0
1786441416692,3000,Minimum,4471,4471,0.3,-1,56.1875,56.1875,0
1786441416792,3000,Minimum,4471,4471,0.3,-1,56.1875,56.1875,0
1786441416892,3000,Minimum,4471,4471,0.3,-1,56.375,56.375,0
1786441416992,3000,Minimum,4471,4471,0.3,-1,56.375,56.375,0
1786441417092,3000,Minimum,4471,4471,0.3,-1,56.375,56.375,0
1786441417192,3000,Minimum,4471,4471,0.3,-1,56.375,56.375,0
1786441417292,3000,Minimum,4471,4471,0.3,-1,56.375,56.375,0
1786441417392,3000,Minimum,4471,4471,0.3,-1,56.375,56.375,0
1786441417492,3000,Minimum,4471,4471,0.3,-1,56.375,56.375,0
1786441417592,3000,Minimum,4471,4471,0.3,-1,56.375,56.375,0
1786441417692,3000,Minimum,4471,4471,0.3,-1,56.375,56.375,0
1786441417792,3000,Minimum,4471,4471,0.3,-1,56.375,56.375,0
1786441417892,3000,Minimum,4471,4471,0.3,-1,56.5625,56.5625,0
1786441417992,3000,Minimum,4471,4471,0.3,-1,56.5625,56.5625,0
1786441418092,3000,Minimum,4471,4471,0.3,-1,56.5625,56.5625,0
1786441418192,3000,Minimum,4471,4471,0.3,-1,56.5625,56.5625,0
1786441418292,3000,Minimum,4471,4471,0.3,-1,56.5625,56.5625,0
1786441418392,3000,Minimum,4471,4471,0.3,-1,56.5625,56.5625,0
1786441418492,3000,Minimum,4471,4471,0.3,-1,56.5625,56.5625,0
1786441418592,3000,Minimum,4471,4471,0.3,-1,56.5625,56.5625,0
1786441418692,3000,Minimum,4471,4471,0.3,-1,56.5625,56.5625,0
1786441418792,3000,Minimum,4471,4471,0.3,-1,56.5625,56.5625,0
1786441418892,3000,Minimum,4471,4471,0.3,-1,56.6875,56.6875,0
1786441418992,3000,Minimum,4471,4471,0.3,-1,56.6875,56.6875,0
1786441419092,3000,Minimum,4471,4471,0.3,-1,56.6875,56.6875,0
1786441419192,3000,Minimum,4471,4471,0.3,-1,56.6875,56.6875,0
1786441419292,3000,Minimum,4471,4471,0.3,-1,56.6875,56.6875,0
1786441419392,3000,Minimum,4471,4471,0.3,-1,56.6875,56.6875,0
1786441419492,3000,Minimum,4471,4471,0.3,-1,56.6875,56.6875,0
1786441419592,3000,Minimum,4471,4471,0.3,-1,56.6875,56.6875,0
1786441419692,3000,Minimum,4471,4471,0.3,-1,56.6875,56.6875,0
1786441419792,3000,Minimum,4471,4471,0.3,-1,56.6875,56.6875,0
1786441419892,3000,Minimum,4471,4471,0.3,-1,56.875,56.875,0
1786441419992,3000,Minimum,4471,4471,0.3,-1,56.875,56.875,0
1786441420092,3000,Minimum,4471,4471,0.3,-1,56.875,56.875,0
1786441420192,3000,Minimum,4471,4471,0.3,-1,56.875,56.875,0
1786441420292,3000,Minimum,4471,4471,0.3,-1,56.875,56.875,0
1786441420392,3000,Minimum,4471,4471,0.3,-1,56.875,56.875,0
1786441420492,3000,Minimum,4471,4471,0.3,-1,56.875,56.875,0
1786441420592,3000,Minimum,4471,4471,0.3,-1,56.875,56.875,0
1786441420692,3000,Minimum,4471,4471,0.3,-1,56.875,56.875,0
1786441420792,3000,Minimum,4471,4471,0.3,-1,56.875,56.875,0
1786441420892,3000,Minimum,4471,4471,0.3,-1,57.125,57.125,0
1786441420992,3000,Minimum,4471,4471,0.3,-1,57.125,57.125,0
1786441421092,3000,Minimum,4471,4471,0.3,-1,57.125,57.125,0
1786441421192,3000,Minimum,4471,4471,0.3,-1,57.125,57.125,0
1786441421292,3000,Minimum,4471,4471,0.3,-1,57.125,57.125,0
1786441421392,3000,Minimum,4471,4471,0.3,-1,57.125,57.125,0
1786441421492,3000,Minimum,4471,4471,0.3,-1,57.125,57.125,0
1786441421592,3000,Minimum,4471,4471,0.3,-1,57.125,57.125,0
1786441421692,3000,Minimum,4471,4471,0.3,-1,57.125,57.125,0
1786441421792,3000,Minimum,4471,4471,0.3,-1,57.125,57.125,0
1786441421892,3000,Minimum,4471,4471,0.3,-1,57.1875,57.1875,0
1786441421992,3000,Minimum,4471,4471,0.3,-1,57.1875,57.1875,0
1786441422092,3000,Minimum,4471,4471,0.3,-1,57.1875,57.1875,0
1786441422192,3000,Minimum,4471,4471,0.3,-1,57.1875,57.1875,0
1786441422292,3000,Minimum,4471,4471,0.3,-1,57.1875,57.1875,0
1786441422392,3000,Minimum,4471,4471,0.3,-1,57.1875,57.1875,0
1786441422492,3000,Minimum,4471,4471,0.3,-1,57.1875,57.1875,0
1786441422592,3000,Minimum,4471,4471,0.3,-1,57.1875,57.1875,0
1786441422692,3000,Minimum,4471,4471,0.3,-1,57.1875,57.1875,0
1786441422792,3000,Minimum,4471,4471,0.3,-1,57.1875,57.1875,0
1786441422892,3000,Minimum,4471,4471,0.3,-1,57.375,57.375,0
1786441422992,3000,Minimum,4471,4471,0.3,-1,57.375,57.375,0
1786441423092,3000,Minimum,4471,4471,0.3,-1,57.375,57.375,0
1786441423192,3000,Minimum,4471,4471,0.3,-1,57.375,57.375,0
1786441423292,3000,Minimum,4471,4471,0.3,-1,57.375,57.375,0
1786441423392,3000,Minimum,4471,4471,0.3,-1,57.375,57.375,0
1786441423492,3000,Minimum,4471,4471,0.3,-1,57.375,57.375,0
1786441423592,3000,Minimum,4471,4471,0.3,-1,57.375,57.375,0
1786441423692,3000,Minimum,4471,4471,0.3,-1,57.375,57.375,0
1786441423792,3000,Minimum,4471,4471,0.3,-1,57.375,57.375,0
1786441423892,3000,Minimum,4471,4471,0.3,-1,57.5,57.5,0
1786441423992,3000,Minimum,4471,4471,0.3,-1,57.5,57.5,0
1786441424092,3000,Minimum,4471,4471,0.3,-1,57.5,57.5,0
1786441424192,3000,Minimum,4471,4471,0.3,-1,57.5,57.5,0
1786441424292,3000,Minimum,4471,4471,0.3,-1,57.5,57.5,0
1786441424392,3000,Minimum,4471,4471,0.3,-1,57.5,57.5,0
1786441424492,3000,Minimum,4471,4471,0.3,-1,57.5,57.5,0
1786441424592,3000,Minimum,4471,4471,0.3,-1,57.5,57.5,0
1786441424692,3000,Minimum,4471,4471,0.3,-1,57.5,57.5,0
1786441424792,3000,Minimum,4471,4471,0.3,-1,57.5,57.5,0
1786441424892,3000,Minimum,4471,4471,0.3,-1,57.625,57.625,0
1786441424992,3000,Minimum,4471,4471,0.3,-1,57.625,57.625,0
1786441425092,3000,Minimum,4471,4471,0.3,-1,57.625,57.625,0
1786441425192,3000,Minimum,4471,4471,0.3,-1,57.625,57.625,0
1786441425292,3000,Minimum,4471,4471,0.3,-1,57.625,57.625,0
1786441425392,3000,Minimum,4471,4471,0.3,-1,57.625,57.625,0
1786441425492,3000,Minimum,4471,4471,0.3,-1,57.625,57.625,0
1786441425592,3000,Minimum,4471,4471,0.3,-1,57.625,57.625,0
1786441425692,3000,Minimum,4471,4471,0.3,-1,57.625,57.625,0
1786441425792,3000,Minimum,4471,4471,0.3,-1,57.625,57.625,0
1786441425892,3000,Minimum,4471,4471,0.3,-1,57.8125,57.8125,0
1786441425992,3000,Minimum,4471,4471,0.3,-1,57.8125,57.8125,0
1786441426094,3000,Minimum,4471,4471,0.3,-1,57.8125,57.8125,0
1786441426194,3000,Minimum,4471,4471,0.3,-1,57.8125,57.8125,0
1786441426294,3000,Minimum,4471,4471,0.3,-1,57.8125,57.8125,0
1786441426394,3000,Minimum,4471,4471,0.3,-1,57.8125,57.8125,0
1786441426494,3000,Minimum,4471,4471,0.3,-1,57.8125,57.8125,0
1786441426594,3000,Minimum,4471,4471,0.3,-1,57.8125,57.8125,0
1786441426694,3000,Minimum,4471,4471,0.3,-1,57.8125,57.8125,0
1786441426794,3000,Minimum,4471,4471,0.3,-1,57.8125,57.8125,0
1786441426894,3000,Minimum,4471,4471,0.3,-1,58,58,0
1786441426994,3000,Minimum,4471,4471,0.3,-1,58,58,0
1786441427094,3000,Minimum,4471,4471,0.3,-1,58,58,0
1786441427194,3000,Minimum,4471,4471,0.3,-1,58,58,0
1786441427294,3000,Minimum,4471,4471,0.3,-1,58,58,0
1786441427394,3000,Minimum,4471,4471,0.3,-1,58,58,0
1786441427494,3000,Minimum,4471,4471,0.3,-1,58,58,0
1786441427594,3000,Minimum,4471,4471,0.3,-1,58,58,0
1786441427693,3000,Minimum,4471,4471,0.3,-1,58,58,0
1786441427794,3000,Minimum,4471,4471,0.3,-1,58,58,0
1786441427894,3000,Minimum,4471,4471,0.3,-1,58.125,58.125,0
1786441427994,3000,Minimum,4471,4471,0.3,-1,58.125,58.125,0
1786441428093,3000,Minimum,4471,4471,0.3,-1,58.125,58.125,0
1786441428194,3000,Minimum,4471,4471,0.3,-1,58.125,58.125,0
1786441428294,3000,Minimum,4471,4471,0.3,-1,58.125,58.125,0
1786441428394,3000,Minimum,4471,4471,0.3,-1,58.125,58.125,0
1786441428494,3000,Minimum,4471,4471,0.3,-1,58.125,58.125,0
1786441428594,3000,Minimum,4471,4471,0.3,-1,58.125,58.125,0
1786441428694,3000,Minimum,4471,4471,0.3,-1,58.125,58.125,0
1786441428794,3000,Minimum,4471,4471,0.3,-1,58.125,58.125,0
1786441428894,3000,Minimum,4471,4471,0.3,-1,58.25,58.25,0
1786441428993,3000,Minimum,4471,4471,0.3,-1,58.25,58.25,0
1786441429093,3000,Minimum,4471,4471,0.3,-1,58.25,58.25,0
1786441429193,3000,Minimum,4471,4471,0.3,-1,58.25,58.25,0
1786441429293,3000,Minimum,4471,4471,0.3,-1,58.25,58.25,0
1786441429393,3000,Minimum,4471,4471,0.3,-1,58.25,58.25,0
1786441429493,3000,Minimum,4471,4471,0.3,-1,58.25,58.25,0
1786441429593,3000,Minimum,4471,4471,0.3,-1,58.25,58.25,0
1786441429693,3000,Minimum,4471,4471,0.3,-1,58.25,58.25,0
1786441429793,3000,Minimum,4471,4471,0.3,-1,58.25,58.25,0
1786441429893,3000,Minimum,4471,4471,0.3,-1,58.3125,58.3125,0
1786441429993,3000,Minimum,4471,4471,0.3,-1,58.3125,58.3125,0
1786441430093,3000,Minimum,4471,4471,0.3,-1,58.3125,58.3125,0
1786441430193,3000,Minimum,4471,4471,0.3,-1,58.3125,58.3125,0
1786441430293,3000,Minimum,4471,4471,0.3,-1,58.3125,58.3125,0
1786441430393,3000,Minimum,4471,4471,0.3,-1,58.3125,58.3125,0
1786441430493,3000,Minimum,4471,4471,0.3,-1,58.3125,58.3125,0
1786441430593,3000,Minimum,4471,4471,0.3,-1,58.3125,58.3125,0
1786441430693,3000,Minimum,4471,4471,0.3,-1,58.3125,58.3125,0
1786441430793,3000,Minimum,4471,4471,0.3,-1,58.3125,58.3125,0
1786441430893,3000,Minimum,4471,4471,0.3,-1,58.5,58.5,0
1786441430993,3000,Minimum,4471,4471,0.3,-1,58.5,58.5,0
1786441431093,3000,Minimum,4471,4471,0.3,-1,58.5,58.5,0
1786441431193,3000,Minimum,4471,4471,0.3,-1,58.5,58.5,0
1786441431293,3000,Minimum,4471,4471,0.3,-1,58.5,58.5,0
1786441431393,3000,Minimum,4471,4471,0.3,-1,58.5,58.5,0
1786441431493,3000,Minimum,4471,4471,0.3,-1,58.5,58.5,0
1786441431593,3000,Minimum,4471,4471,0.3,-1,58.5,58.5,0
1786441431693,3000,Minimum,4471,4471,0.3,-1,58.5,58.5,0
1786441431793,3000,Minimum,4471,4471,0.3,-1,58.5,58.5,0
1786441431893,3000,Minimum,4471,4471,0.3,-1,58.6875,58.6875,0
1786441431993,3000,Minimum,4471,4471,0.3,-1,58.6875,58.6875,0
1786441432093,3000,Minimum,4471,4471,0.3,-1,58.6875,58.6875,0
1786441432193,3000,Minimum,4471,4471,0.3,-1,58.6875,58.6875,0
1786441432293,3000,Minimum,4471,4471,0.3,-1,58.6875,58.6875,0
1786441432393,3000,Minimum,4471,4471,0.3,-1,58.6875,58.6875,0
1786441432493,3000,Minimum,4471,4471,0.3,-1,58.6875,58.6875,0
1786441432593,3000,Minimum,4471,4471,0.3,-1,58.6875,58.6875,0
1786441432693,3000,Minimum,4471,4471,0.3,-1,58.6875,58.6875,0
1786441432793,3000,Minimum,4471,4471,0.3,-1,58.6875,58.6875,0
1786441432893,3000,Minimum,4471,4471,0.3,-1,58.6875,58.6875,0
1786441432993,3000,Minimum,4471,4471,0.3,-1,58.6875,58.6875,0
1786441433093,3000,Minimum,4471,4471,0.3,-1,58.6875,58.6875,0
1786441433193,3000,Minimum,4471,4471,0.3,-1,58.6875,58.6875,0
1786441433293,3000,Minimum,4471,4471,0.3,-1,58.6875,58.6875,0
1786441433393,3000,Minimum,4471,4471,0.3,-1,58.6875,58.6875,0
1786441433493,3000,Minimum,4471,4471,0.3,-1,58.6875,58.6875,0
1786441433593,3000,Minimum,4471,4471,0.3,-1,58.6875,58.6875,0
1786441433693,3000,Minimum,4471,4471,0.3,-1,58.6875,58.6875,0
1786441433793,3000,Minimum,4471,4471,0.3,-1,58.6875,58.6875,0
1786441433893,3000,Minimum,4471,4471,0.3,-1,58.8125,58.8125,0
1786441433993,3000,Minimum,4471,4471,0.3,-1,58.8125,58.8125,0
1786441434093,3000,Minimum,4471,4471,0.3,-1,58.8125,58.8125,0
1786441434193,3000,Minimum,4471,4471,0.3,-1,58.8125,58.8125,0
1786441434293,3000,Minimum,4471,4471,0.3,-1,58.8125,58.8125,0
1786441434393,3000,Minimum,4471,4471,0.3,-1,58.8125,58.8125,0
1786441434493,3000,Minimum,4471,4471,0.3,-1,58.8125,58.8125,0
1786441434593,3000,Minimum,4471,4471,0.3,-1,58.8125,58.8125,0
1786441434693,3000,Minimum,4471,4471,0.3,-1,58.8125,58.8125,0
1786441434793,3000,Minimum,4471,4471,0.3,-1,58.8125,58.8125,0
1786441434893,3000,Minimum,4471,4471,0.3,-1,59,59,0
1786441434993,3000,Minimum,4471,4471,0.3,-1,59,59,0
1786441435093,3000,Minimum,4471,4471,0.3,-1,59,59,0
1786441435193,3000,Minimum,4471,4471,0.3,-1,59,59,0
1786441435293,3000,Minimum,4471,4471,0.3,-1,59,59,0
1786441435392,3000,Minimum,4471,4471,0.3,-1,59,59,0
1786441435493,3000,Minimum,4471,4471,0.3,-1,59,59,0
1786441435592,3000,Minimum,4471,4471,0.3,-1,59,59,0
1786441435692,3000,Minimum,4471,4471,0.3,-1,59,59,0
1786441435792,3000,Minimum,4471,4471,0.3,-1,59,59,0
1786441435893,3000,Minimum,4471,4471,0.3,-1,59.1875,59.1875,0
1786441435993,3000,Minimum,4471,4471,0.3,-1,59.1875,59.1875,0
1786441436092,3000,Minimum,4471,4471,0.3,-1,59.1875,59.1875,0
1786441436192,3000,Minimum,4471,4471,0.3,-1,59.1875,59.1875,0
1786441436292,3000,Minimum,4471,4471,0.3,-1,59.1875,59.1875,0
1786441436392,3000,Minimum,4471,4471,0.3,-1,59.1875,59.1875,0
1786441436492,3000,Minimum,4471,4471,0.3,-1,59.1875,59.1875,0
1786441436592,3000,Minimum,4471,4471,0.3,-1,59.1875,59.1875,0
1786441436692,3000,Minimum,4471,4471,0.3,-1,59.1875,59.1875,0
1786441436792,3000,Minimum,4471,4471,0.3,-1,59.1875,59.1875,0
1786441436892,3000,Minimum,4471,4471,0.3,-1,59.1875,59.1875,0
1786441436992,3000,Minimum,4471,4471,0.3,-1,59.1875,59.1875,0
1786441437092,3000,Minimum,4471,4471,0.3,-1,59.1875,59.1875,0
1786441437192,3000,Minimum,4471,4471,0.3,-1,59.1875,59.1875,0
1786441437292,3000,Minimum,4471,4471,0.3,-1,59.1875,59.1875,0
1786441437392,3000,Minimum,4471,4471,0.3,-1,59.1875,59.1875,0
1786441437492,3000,Minimum,4471,4471,0.3,-1,59.1875,59.1875,0
1786441437592,3000,Minimum,4471,4471,0.3,-1,59.1875,59.1875,0
1786441437692,3000,Minimum,4471,4471,0.3,-1,59.1875,59.1875,0
1786441437792,3000,Minimum,4471,4471,0.3,-1,59.1875,59.1875,0
1786441437892,3000,Minimum,4471,4471,0.3,-1,59.25,59.25,0
1786441437992,3000,Minimum,4471,4471,0.3,-1,59.25,59.25,0
1786441438092,3000,Minimum,4471,4471,0.3,-1,59.25,59.25,0
1786441438192,3000,Minimum,4471,4471,0.3,-1,59.25,59.25,0
1786441438292,3000,Minimum,4471,4471,0.3,-1,59.25,59.25,0
1786441438392,3000,Minimum,4471,4471,0.3,-1,59.25,59.25,0
1786441438492,3000,Minimum,4471,4471,0.3,-1,59.25,59.25,0
1786441438592,3000,Minimum,4471,4471,0.3,-1,59.25,59.25,0
1786441438692,3000,Minimum,4471,4471,0.3,-1,59.25,59.25,0
1786441438792,3000,Minimum,4471,4471,0.3,-1,59.25,59.25,0
1786441438892,3000,Minimum,4471,4471,0.3,-1,59.3125,59.3125,0
1786441438992,3000,Minimum,4471,4471,0.3,-1,59.3125,59.3125,0
1786441439092,3000,Minimum,4471,4471,0.3,-1,59.3125,59.3125,0
1786441439192,3000,Minimum,4471,4471,0.3,-1,59.3125,59.3125,0
1786441439292,3000,Minimum,4471,4471,0.3,-1,59.3125,59.3125,0
1786441439392,3000,Minimum,4471,4471,0.3,-1,59.3125,59.3125,0
1786441439492,3000,Minimum,4471,4471,0.3,-1,59.3125,59.3125,0
1786441439592,3000,Minimum,4471,4471,0.3,-1,59.3125,59.3125,0
1786441439692,3000,Minimum,4471,4471,0.3,-1,59.3125,59.3125,0
1786441439792,3000,Minimum,4471,4471,0.3,-1,59.3125,59.3125,0
1786441439892,3000,Minimum,4471,4471,0.3,-1,59.625,59.625,0
1786441439992,3000,Minimum,4471,4471,0.3,-1,59.625,59.625,0
1786441440092,3000,Minimum,4471,4471,0.3,-1,59.625,59.625,0
1786441440192,3000,Minimum,4471,4471,0.3,-1,59.625,59.625,0
1786441440292,3000,Minimum,4471,4471,0.3,-1,59.625,59.625,0
1786441440392,3000,Minimum,4471,4471,0.3,-1,59.625,59.625,0
1786441440492,3000,Minimum,4471,4471,0.3,-1,59.625,59.625,0
1786441440592,3000,Minimum,4471,4471,0.3,-1,59.625,59.625,0
1786441440692,3000,Minimum,4471,4471,0.3,-1,59.625,59.625,0
1786441440792,3000,Minimum,4471,4471,0.3,-1,59.625,59.625,0
1786441440892,3000,Minimum,4471,4471,0.3,-1,59.6875,59.6875,0
1786441440992,3000,Minimum,4471,4471,0.3,-1,59.6875,59.6875,0
1786441441092,3000,Minimum,4471,4471,0.3,-1,59.6875,59.6875,0
1786441441192,3000,Minimum,4471,4471,0.3,-1,59.6875,59.6875,0
1786441441292,3000,Minimum,4471,4471,0.3,-1,59.6875,59.6875,0
1786441441392,3000,Minimum,4471,4471,0.3,-1,59.6875,59.6875,0
1786441441492,3000,Minimum,4471,4471,0.3,-1,59.6875,59.6875,0
1786441441592,3000,Minimum,4471,4471,0.3,-1,59.6875,59.6875,0
1786441441692,3000,Minimum,4471,4471,0.3,-1,59.6875,59.6875,0
1786441441792,3000,Minimum,4471,4471,0.3,-1,59.6875,59.6875,0
1786441441892,3000,Minimum,4471,4471,0.3,-1,59.875,59.875,0
1786441441992,3000,Minimum,4471,4471,0.3,-1,59.875,59.875,0
1786441442092,3000,Minimum,4471,4471,0.3,-1,59.875,59.875,0
1786441442192,3000,Minimum,4471,4471,0.3,-1,59.875,59.875,0
1786441442292,3000,Minimum,4471,4471,0.3,-1,59.875,59.875,0
1786441442392,3000,Minimum,4471,4471,0.3,-1,59.875,59.875,0
1786441442492,3000,Minimum,4471,4471,0.3,-1,59.875,59.875,0
1786441442592,3000,Minimum,4471,4471,0.3,-1,59.875,59.875,0
1786441442692,3000,Minimum,4471,4471,0.3,-1,59.875,59.875,0
1786441442792,3000,Minimum,4471,4471,0.3,-1,59.875,59.875,0
1786441442892,3000,Minimum,4471,4471,0.3,-1,59.8125,59.8125,0
1786441442992,3000,Minimum,4471,4471,0.3,-1,59.8125,59.8125,0
1786441443092,3000,Minimum,4471,4471,0.3,-1,59.8125,59.8125,0
1786441443192,3000,Minimum,4471,4471,0.3,-1,59.8125,59.8125,0
1786441443292,3000,Minimum,4471,4471,0.3,-1,59.8125,59.8125,0
1786441443392,3000,Minimum,4471,4471,0.3,-1,59.8125,59.8125,0
1786441443492,3000,Minimum,4471,4471,0.3,-1,59.8125,59.8125,0
1786441443592,3000,Minimum,4471,4471,0.3,-1,59.8125,59.8125,0
1786441443692,3000,Minimum,4471,4471,0.3,-1,59.8125,59.8125,0
1786441443792,3000,Minimum,4471,4471,0.3,-1,59.8125,59.8125,0
1786441443892,3000,Minimum,4471,4471,0.3,-1,60,60,0
1786441443992,3000,Minimum,4471,4471,0.3,-1,60,60,0
1786441444092,3000,Minimum,4471,4471,0.3,-1,60,60,0
1786441444192,3000,Minimum,4471,4471,0.3,-1,60,60,0
1786441444292,3000,Minimum,4471,4471,0.3,-1,60,60,0
1786441444392,3000,Minimum,4471,4471,0.3,-1,60,60,0
1786441444492,3000,Minimum,4471,4471,0.3,-1,60,60,0
1786441444592,3000,Minimum,4471,4471,0.3,-1,60,60,0
1786441444692,3000,Minimum,4471,4471,0.3,-1,60,60,0
1786441444792,3000,Minimum,4471,4471,0.3,-1,60,60,0
1786441444892,3000,Minimum,4471,4471,0.3,-1,60.0625,60.0625,0
1786441444992,3000,Minimum,4471,4471,0.3,-1,60.0625,60.0625,0
1786441445092,3000,Minimum,4471,4471,0.3,-1,60.0625,60.0625,0
1786441445192,3000,Minimum,4471,4471,0.3,-1,60.0625,60.0625,0
1786441445292,3000,Minimum,4471,4471,0.3,-1,60.0625,60.0625,0
1786441445392,3000,Minimum,4471,4471,0.3,-1,60.0625,60.0625,0
1786441445492,3000,Minimum,4471,4471,0.3,-1,60.0625,60.0625,0
1786441445592,3000,Minimum,4471,4471,0.3,-1,60.0625,60.0625,0
1786441445692,3000,Minimum,4471,4471,0.3,-1,60.0625,60.0625,0
1786441445792,3000,Minimum,4471,4471,0.3,-1,60.0625,60.0625,0
1786441445892,3000,Minimum,4471,4471,0.3,-1,60.1875,60.1875,0
1786441445992,3000,Minimum,4471,4471,0.3,-1,60.1875,60.1875,0
1786441446092,3000,Minimum,4471,4471,0.3,-1,60.1875,60.1875,0
1786441446192,3000,Minimum,4471,4471,0.3,-1,60.1875,60.1875,0
1786441446292,3000,Minimum,4471,4471,0.3,-1,60.1875,60.1875,0
1786441446392,3000,Minimum,4471,4471,0.3,-1,60.1875,60.1875,0
1786441446492,3000,Minimum,4471,4471,0.3,-1,60.1875,60.1875,0
1786441446592,3000,Minimum,4471,4471,0.3,-1,60.1875,60.1875,0
1786441446692,3000,Minimum,4471,4471,0.3,-1,60.1875,60.1875,0
1786441446792,3000,Minimum,4471,4471,0.3,-1,60.1875,60.1875,0
1786441446892,3000,Minimum,4471,4471,0.3,-1,60.25,60.25,0
1786441446992,3000,Minimum,4471,4471,0.3,-1,60.25,60.25,0
1786441447092,3000,Minimum,4471,4471,0.3,-1,60.25,60.25,0
1786441447192,3000,Minimum,4471,4471,0.3,-1,60.25,60.25,0
1786441447292,3000,Minimum,4471,4471,0.3,-1,60.25,60.25,0
1786441447392,3000,Minimum,4471,4471,0.3,-1,60.25,60.25,0
1786441447492,3000,Minimum,4471,4471,0.3,-1,60.25,60.25,0
1786441447592,3000,Minimum,4471,4471,0.3,-1,60.25,60.25,0
1786441447692,3000,Minimum,4471,4471,0.3,-1,60.25,60.25,0
1786441447792,3000,Minimum,4471,4471,0.3,-1,60.25,60.25,0
1786441447892,3000,Minimum,4471,4471,0.3,-1,60.375,60.375,0
1786441447992,3000,Minimum,4471,4471,0.3,-1,60.375,60.375,0
1786441448092,3000,Minimum,4471,4471,0.3,-1,60.375,60.375,0
1786441448192,3000,Minimum,4471,4471,0.3,-1,60.375,60.375,0
1786441448292,3000,Minimum,4471,4471,0.3,-1,60.375,60.375,0
1786441448392,3000,Minimum,4471,4471,0.3,-1,60.375,60.375,0
1786441448492,3000,Minimum,4471,4471,0.3,-1,60.375,60.375,0
1786441448592,3000,Minimum,4471,4471,0.3,-1,60.375,60.375,0
1786441448692,3000,Minimum,4471,4471,0.3,-1,60.375,60.375,0
1786441448792,3000,Minimum,4471,4471,0.3,-1,60.375,60.375,0
1786441448892,3000,Minimum,4471,4471,0.3,-1,60.4375,60.4375,0
1786441448992,3000,Minimum,4471,4471,0.3,-1,60.4375,60.4375,0
1786441449092,3000,Minimum,4471,4471,0.3,-1,60.4375,60.4375,0
1786441449192,3000,Minimum,4471,4471,0.3,-1,60.4375,60.4375,0
1786441449292,3000,Minimum,4471,4471,0.3,-1,60.4375,60.4375,0
1786441449392,3000,Minimum,4471,4471,0.3,-1,60.4375,60.4375,0
1786441449492,3000,Minimum,4471,4471,0.3,-1,60.4375,60.4375,0
1786441449592,3000,Minimum,4471,4471,0.3,-1,60.4375,60.4375,0
1786441449692,3000,Minimum,4471,4471,0.3,-1,60.4375,60.4375,0
1786441449792,3000,Minimum,4471,4471,0.3,-1,60.4375,60.4375,0
1786441449892,3000,Minimum,4471,4471,0.3,-1,60.5625,60.5625,0
1786441449992,3000,Minimum,4471,4471,0.3,-1,60.5625,60.5625,0
1786441450092,3000,Minimum,4471,4471,0.3,-1,60.5625,60.5625,0
1786441450192,3000,Minimum,4471,4471,0.3,-1,60.5625,60.5625,0
1786441450292,3000,Minimum,4471,4471,0.3,-1,60.5625,60.5625,0
1786441450392,3000,Minimum,4471,4471,0.3,-1,60.5625,60.5625,0
1786441450492,3000,Minimum,4471,4471,0.3,-1,60.5625,60.5625,0
1786441450592,3000,Minimum,4471,4471,0.3,-1,60.5625,60.5625,0
1786441450692,3000,Minimum,4471,4471,0.3,-1,60.5625,60.5625,0
1786441450792,3000,Minimum,4471,4471,0.3,-1,60.5625,60.5625,0
1786441450892,3000,Minimum,4471,4471,0.3,-1,60.6875,60.6875,0
1786441450992,3000,Minimum,4471,4471,0.3,-1,60.6875,60.6875,0
1786441451092,3000,Minimum,4471,4471,0.3,-1,60.6875,60.6875,0
1786441451192,3000,Minimum,4471,4471,0.3,-1,60.6875,60.6875,0
1786441451292,3000,Minimum,4471,4471,0.3,-1,60.6875,60.6875,0
1786441451392,3000,Minimum,4471,4471,0.3,-1,60.6875,60.6875,0
1786441451492,3000,Minimum,4471,4471,0.3,-1,60.6875,60.6875,0
1786441451592,3000,Minimum,4471,4471,0.3,-1,60.6875,60.6875,0
1786441451692,3000,Minimum,4471,4471,0.3,-1,60.6875,60.6875,0
1786441451792,3000,Minimum,4471,4471,0.3,-1,60.6875,60.6875,0
1786441451892,3000,Minimum,4471,4471,0.3,-1,60.6875,60.6875,0
1786441451992,3000,Minimum,4471,4471,0.3,-1,60.6875,60.6875,0
1786441452092,3000,Minimum,4471,4471,0.3,-1,60.6875,60.6875,0
1786441452192,3000,Minimum,4471,4471,0.3,-1,60.6875,60.6875,0
1786441452292,3000,Minimum,4471,4471,0.3,-1,60.6875,60.6875,0
1786441452392,3000,Minimum,4471,4471,0.3,-1,60.6875,60.6875,0
1786441452492,3000,Minimum,4471,4471,0.3,-1,60.6875,60.6875,0
1786441452592,3000,Minimum,4471,4471,0.3,-1,60.6875,60.6875,0
1786441452692,3000,Minimum,4471,4471,0.3,-1,60.6875,60.6875,0
1786441452792,3000,Minimum,4471,4471,0.3,-1,60.6875,60.6875,0
1786441452892,3000,Minimum,4471,4471,0.3,-1,60.8125,60.8125,0
1786441452992,3000,Minimum,4471,4471,0.3,-1,60.8125,60.8125,0
1786441453092,3000,Minimum,4471,4471,0.3,-1,60.8125,60.8125,0
1786441453192,3000,Minimum,4471,4471,0.3,-1,60.8125,60.8125,0
1786441453292,3000,Minimum,4471,4471,0.3,-1,60.8125,60.8125,0
1786441453392,3000,Minimum,4471,4471,0.3,-1,60.8125,60.8125,0
1786441453492,3000,Minimum,4471,4471,0.3,-1,60.8125,60.8125,0
1786441453592,3000,Minimum,4471,4471,0.3,-1,60.8125,60.8125,0
1786441453692,3000,Minimum,4471,4471,0.3,-1,60.8125,60.8125,0
1786441453792,3000,Minimum,4471,4471,0.3,-1,60.8125,60.8125,0
1786441453892,3000,Minimum,4471,4471,0.3,-1,60.875,60.875,0
1786441453992,3000,Minimum,4471,4471,0.3,-1,60.875,60.875,0
1786441454092,3000,Minimum,4471,4471,0.3,-1,60.875,60.875,0
1786441454192,3000,Minimum,4471,4471,0.3,-1,60.875,60.875,0
1786441454292,3000,Minimum,4471,4471,0.3,-1,60.875,60.875,0
1786441454392,3000,Minimum,4471,4471,0.3,-1,60.875,60.875,0
1786441454492,3000,Minimum,4471,4471,0.3,-1,60.875,60.875,0
1786441454592,3000,Minimum,4471,4471,0.3,-1,60.875,60.875,0
1786441454692,3000,Minimum,4471,4471,0.3,-1,60.875,60.875,0
1786441454792,3000,Minimum,4471,4471,0.3,-1,60.875,60.875,0
1786441454892,3000,Minimum,4471,4471,0.3,-1,60.9375,60.9375,0
1786441454992,3000,Minimum,4471,4471,0.3,-1,60.9375,60.9375,0
1786441455092,3000,Minimum,4471,4471,0.3,-1,60.9375,60.9375,0
1786441455192,3000,Minimum,4471,4471,0.3,-1,60.9375,60.9375,0
1786441455292,3000,Minimum,4471,4471,0.3,-1,60.9375,60.9375,0
1786441455392,3000,Minimum,4471,4471,0.3,-1,60.9375,60.9375,0
1786441455492,3000,Minimum,4471,4471,0.3,-1,60.9375,60.9375,0
1786441455592,3000,Minimum,4471,4471,0.3,-1,60.9375,60.9375,0
1786441455692,3000,Minimum,4471,4471,0.3,-1,60.9375,60.9375,0
1786441455792,3000,Minimum,4471,4471,0.3,-1,60.9375,60.9375,0
1786441455892,3000,Minimum,4471,4471,0.3,-1,61.0625,61.0625,0
1786441455992,3000,Minimum,4471,4471,0.3,-1,61.0625,61.0625,0
1786441456092,3000,Minimum,4471,4471,0.3,-1,61.0625,61.0625,0
1786441456192,3000,Minimum,4471,4471,0.3,-1,61.0625,61.0625,0
1786441456292,3000,Minimum,4471,4471,0.3,-1,61.0625,61.0625,0
1786441456392,3000,Minimum,4471,4471,0.3,-1,61.0625,61.0625,0
1786441456492,3000,Minimum,4471,4471,0.3,-1,61.0625,61.0625,0
1786441456592,3000,Minimum,4471,4471,0.3,-1,61.0625,61.0625,0
1786441456692,3000,Minimum,4471,4471,0.3,-1,61.0625,61.0625,0
1786441456792,3000,Minimum,4471,4471,0.3,-1,61.0625,61.0625,0
1786441456892,3000,Minimum,4471,4471,0.3,-1,61.0625,61.0625,0
1786441456992,3000,Minimum,4471,4471,0.3,-1,61.0625,61.0625,0
1786441457092,3000,Minimum,4471,4471,0.3,-1,61.0625,61.0625,0
1786441457192,3000,Minimum,4471,4471,0.3,-1,61.0625,61.0625,0
1786441457292,3000,Minimum,4471,4471,0.3,-1,61.0625,61.0625,0
1786441457392,3000,Minimum,4471,4471,0.3,-1,61.0625,61.0625,0
1786441457492,3000,Minimum,4471,4471,0.3,-1,61.0625,61.0625,0
1786441457592,3000,Minimum,4471,4471,0.3,-1,61.0625,61.0625,0
1786441457692,3000,Minimum,4471,4471,0.3,-1,61.0625,61.0625,0
1786441457792,3000,Minimum,4471,4471,0.3,-1,61.0625,61.0625,0
1786441457892,3000,Minimum,4471,4471,0.3,-1,61.1875,61.1875,0
1786441457992,3000,Minimum,4471,4471,0.3,-1,61.1875,61.1875,0
1786441458094,3000,Minimum,4471,4471,0.3,-1,61.1875,61.1875,0
1786441458194,3000,Minimum,4471,4471,0.3,-1,61.1875,61.1875,0
1786441458294,3000,Minimum,4471,4471,0.3,-1,61.1875,61.1875,0
1786441458394,3000,Minimum,4471,4471,0.3,-1,61.1875,61.1875,0
1786441458494,3000,Minimum,4471,4471,0.3,-1,61.1875,61.1875,0
1786441458594,3000,Minimum,4471,4471,0.3,-1,61.1875,61.1875,0
1786441458694,3000,Minimum,4471,4471,0.3,-1,61.1875,61.1875,0
1786441458794,3000,Minimum,4471,4471,0.3,-1,61.1875,61.1875,0
1786441458894,3000,Minimum,4471,4471,0.3,-1,61.125,61.125,0
1786441458994,3000,Minimum,4471,4471,0.3,-1,61.125,61.125,0
1786441459094,3000,Minimum,4471,4471,0.3,-1,61.125,61.125,0
1786441459194,3000,Minimum,4471,4471,0.3,-1,61.125,61.125,0
1786441459294,3000,Minimum,4471,4471,0.3,-1,61.125,61.125,0
1786441459394,3000,Minimum,4471,4471,0.3,-1,61.125,61.125,0
1786441459494,3000,Minimum,4471,4471,0.3,-1,61.125,61.125,0
1786441459594,3000,Minimum,4471,4471,0.3,-1,61.125,61.125,0
1786441459693,3000,Minimum,4471,4471,0.3,-1,61.125,61.125,0
1786441459794,3000,Minimum,4471,4471,0.3,-1,61.125,61.125,0
1786441459894,3000,Minimum,4471,4471,0.3,-1,61.375,61.375,0
1786441459994,3000,Minimum,4471,4471,0.3,-1,61.375,61.375,0
1786441460094,3000,Minimum,4471,4471,0.3,-1,61.375,61.375,0
1786441460193,3000,Minimum,4471,4471,0.3,-1,61.375,61.375,0
1786441460294,3000,Minimum,4471,4471,0.3,-1,61.375,61.375,0
1786441460393,3000,Minimum,4471,4471,0.3,-1,61.375,61.375,0
1786441460494,3000,Minimum,4471,4471,0.3,-1,61.375,61.375,0
1786441460594,3000,Minimum,4471,4471,0.3,-1,61.375,61.375,0
1786441460693,3000,Minimum,4471,4471,0.3,-1,61.375,61.375,0
1786441460793,3000,Minimum,4471,4471,0.3,-1,61.375,61.375,0
1786441460893,3000,Minimum,4471,4471,0.3,-1,61.375,61.375,0
1786441460993,3000,Minimum,4471,4471,0.3,-1,61.375,61.375,0
1786441461093,3000,Minimum,4471,4471,0.3,-1,61.375,61.375,0
1786441461192,3000,Minimum,4471,4471,0.3,-1,61.375,61.375,0
1786441461293,3000,Minimum,4471,4471,0.3,-1,61.375,61.375,0
1786441461393,3000,Minimum,4471,4471,0.3,-1,61.375,61.375,0
1786441461493,3000,Minimum,4471,4471,0.3,-1,61.375,61.375,0
1786441461593,3000,Minimum,4471,4471,0.3,-1,61.375,61.375,0
1786441461693,3000,Minimum,4471,4471,0.3,-1,61.375,61.375,0
1786441461793,3000,Minimum,4471,4471,0.3,-1,61.375,61.375,0
1786441461893,3000,Minimum,4471,4471,0.3,-1,61.4375,61.4375,0
1786441461993,3000,Minimum,4471,4471,0.3,-1,61.4375,61.4375,0
1786441462093,3000,Minimum,4471,4471,0.3,-1,61.4375,61.4375,0
1786441462193,3000,Minimum,4471,4471,0.3,-1,61.4375,61.4375,0
1786441462293,3000,Minimum,4471,4471,0.3,-1,61.4375,61.4375,0
1786441462393,3000,Minimum,4471,4471,0.3,-1,61.4375,61.4375,0
1786441462493,3000,Minimum,4471,4471,0.3,-1,61.4375,61.4375,0
1786441462593,3000,Minimum,4471,4471,0.3,-1,61.4375,61.4375,0
1786441462693,3000,Minimum,4471,4471,0.3,-1,61.4375,61.4375,0
1786441462793,3000,Minimum,4471,4471,0.3,-1,61.4375,61.4375,0
1786441462893,3000,Minimum,4471,4471,0.3,-1,61.5625,61.5625,0
1786441462993,3000,Minimum,4471,4471,0.3,-1,61.5625,61.5625,0
1786441463093,3000,Minimum,4471,4471,0.3,-1,61.5625,61.5625,0
1786441463193,3000,Minimum,4471,4471,0.3,-1,61.5625,61.5625,0
1786441463293,3000,Minimum,4471,4471,0.3,-1,61.5625,61.5625,0
1786441463393,3000,Minimum,4471,4471,0.3,-1,61.5625,61.5625,0
1786441463493,3000,Minimum,4471,4471,0.3,-1,61.5625,61.5625,0
1786441463593,3000,Minimum,4471,4471,0.3,-1,61.5625,61.5625,0
1786441463693,3000,Minimum,4471,4471,0.3,-1,61.5625,61.5625,0
1786441463793,3000,Minimum,4471,4471,0.3,-1,61.5625,61.5625,0
1786441463893,3000,Minimum,4471,4471,0.3,-1,61.5625,61.5625,0
1786441463993,3000,Minimum,4471,4471,0.3,-1,61.5625,61.5625,0
1786441464093,3000,Minimum,4471,4471,0.3,-1,61.5625,61.5625,0
1786441464193,3000,Minimum,4471,4471,0.3,-1,61.5625,61.5625,0
1786441464293,3000,Minimum,4471,4471,0.3,-1,61.5625,61.5625,0
1786441464393,3000,Minimum,4471,4471,0.3,-1,61.5625,61.5625,0
1786441464493,3000,Minimum,4471,4471,0.3,-1,61.5625,61.5625,0
1786441464593,3000,Minimum,4471,4471,0.3,-1,61.5625,61.5625,0
1786441464693,3000,Minimum,4471,4471,0.3,-1,61.5625,61.5625,0
1786441464793,3000,Minimum,4471,4471,0.3,-1,61.5625,61.5625,0
1786441464893,3000,Minimum,4471,4471,0.3,-1,61.625,61.625,0
1786441464993,3000,Minimum,4471,4471,0.3,-1,61.625,61.625,0
1786441465093,3000,Minimum,4471,4471,0.3,-1,61.625,61.625,0
1786441465193,3000,Minimum,4471,4471,0.3,-1,61.625,61.625,0
1786441465293,3000,Minimum,4471,4471,0.3,-1,61.625,61.625,0
1786441465393,3000,Minimum,4471,4471,0.3,-1,61.625,61.625,0
1786441465492,3000,Minimum,4471,4471,0.3,-1,61.625,61.625,0
1786441465593,3000,Minimum,4471,4471,0.3,-1,61.625,61.625,0
1786441465693,3000,Minimum,4471,4471,0.3,-1,61.625,61.625,0
1786441465793,3000,Minimum,4471,4471,0.3,-1,61.625,61.625,0
1786441465893,3000,Minimum,4471,4471,0.3,-1,61.6875,61.6875,0
1786441465993,3000,Minimum,4471,4471,0.3,-1,61.6875,61.6875,0
1786441466093,3000,Minimum,4471,4471,0.3,-1,61.6875,61.6875,0
1786441466193,3000,Minimum,4471,4471,0.3,-1,61.6875,61.6875,0
1786441466293,3000,Minimum,4471,4471,0.3,-1,61.6875,61.6875,0
1786441466393,3000,Minimum,4471,4471,0.3,-1,61.6875,61.6875,0
1786441466493,3000,Minimum,4471,4471,0.3,-1,61.6875,61.6875,0
1786441466593,3000,Minimum,4471,4471,0.3,-1,61.6875,61.6875,0
1786441466693,3000,Minimum,4471,4471,0.3,-1,61.6875,61.6875,0
1786441466793,3000,Minimum,4471,4471,0.3,-1,61.6875,61.6875,0
1786441466893,3000,Minimum,4471,4471,0.3,-1,61.6875,61.6875,0
1786441466993,3000,Minimum,4471,4471,0.3,-1,61.6875,61.6875,0
1786441467092,3000,Minimum,4471,4471,0.3,-1,61.6875,61.6875,0
1786441467193,3000,Minimum,4471,4471,0.3,-1,61.6875,61.6875,0
1786441467293,3000,Minimum,4471,4471,0.3,-1,61.6875,61.6875,0
1786441467393,3000,Minimum,4471,4471,0.3,-1,61.6875,61.6875,0
1786441467493,3000,Minimum,4471,4471,0.3,-1,61.6875,61.6875,0
1786441467592,3000,Minimum,4471,4471,0.3,-1,61.6875,61.6875,0
1786441467692,3000,Minimum,4471,4471,0.3,-1,61.6875,61.6875,0
1786441467792,3000,Minimum,4471,4471,0.3,-1,61.6875,61.6875,0
1786441467892,3000,Minimum,4471,4471,0.3,-1,61.875,61.875,0
1786441467993,3000,Minimum,4471,4471,0.3,-1,61.875,61.875,0
1786441468092,3000,Minimum,4471,4471,0.3,-1,61.875,61.875,0
1786441468192,3000,Minimum,4471,4471,0.3,-1,61.875,61.875,0
1786441468293,3000,Minimum,4471,4471,0.3,-1,61.875,61.875,0
1786441468392,3000,Minimum,4471,4471,0.3,-1,61.875,61.875,0
1786441468493,3000,Minimum,4471,4471,0.3,-1,61.875,61.875,0
1786441468593,3000,Minimum,4471,4471,0.3,-1,61.875,61.875,0
1786441468693,3000,Minimum,4471,4471,0.3,-1,61.875,61.875,0
1786441468793,3000,Minimum,4471,4471,0.3,-1,61.875,61.875,0
1786441468892,3000,Minimum,4471,4471,0.3,-1,61.875,61.875,0
1786441468993,3000,Minimum,4471,4471,0.3,-1,61.875,61.875,0
1786441469093,3000,Minimum,4471,4471,0.3,-1,61.875,61.875,0
1786441469192,3000,Minimum,4471,4471,0.3,-1,61.875,61.875,0
1786441469292,3000,Minimum,4471,4471,0.3,-1,61.875,61.875,0
1786441469392,3000,Minimum,4471,4471,0.3,-1,61.875,61.875,0
1786441469493,3000,Minimum,4471,4471,0.3,-1,61.875,61.875,0
1786441469592,3000,Minimum,4471,4471,0.3,-1,61.875,61.875,0
1786441469693,3000,Minimum,4471,4471,0.3,-1,61.875,61.875,0
1786441469793,3000,Minimum,4471,4471,0.3,-1,61.875,61.875,0
1786441469893,3000,Minimum,4471,4471,0.3,-1,61.9375,61.9375,0
1786441469993,3000,Minimum,4471,4471,0.3,-1,61.9375,61.9375,0
1786441470093,3000,Minimum,4471,4471,0.3,-1,61.9375,61.9375,0
1786441470192,3000,Minimum,4471,4471,0.3,-1,61.9375,61.9375,0
1786441470293,3000,Minimum,4471,4471,0.3,-1,61.9375,61.9375,0
1786441470392,3000,Minimum,4471,4471,0.3,-1,61.9375,61.9375,0
1786441470492,3000,Minimum,4471,4471,0.3,-1,61.9375,61.9375,0
1786441470592,3000,Minimum,4471,4471,0.3,-1,61.9375,61.9375,0
1786441470693,3000,Minimum,4471,4471,0.3,-1,61.9375,61.9375,0
1786441470792,3000,Minimum,4471,4471,0.3,-1,61.9375,61.9375,0
1786441470892,3000,Minimum,4471,4471,0.3,-1,61.9375,61.9375,0
1786441470992,3000,Minimum,4471,4471,0.3,-1,61.9375,61.9375,0
1786441471092,3000,Minimum,4471,4471,0.3,-1,61.9375,61.9375,0
1786441471192,3000,Minimum,4471,4471,0.3,-1,61.9375,61.9375,0
1786441471292,3000,Minimum,4471,4471,0.3,-1,61.9375,61.9375,0
1786441471392,3000,Minimum,4471,4471,0.3,-1,61.9375,61.9375,0
1786441471492,3000,Minimum,4471,4471,0.3,-1,61.9375,61.9375,0
1786441471592,3000,Minimum,4471,4471,0.3,-1,61.9375,61.9375,0
1786441471692,3000,Minimum,4471,4471,0.3,-1,61.9375,61.9375,0
1786441471792,3000,Minimum,4471,4471,0.3,-1,61.9375,61.9375,0
1786441471892,3000,Minimum,4471,4471,0.3,-1,62,62,0
1786441471992,3000,Minimum,4471,4471,0.3,-1,62,62,0
1786441472092,3000,Minimum,4471,4471,0.3,-1,62,62,0
1786441472192,3000,Minimum,4471,4471,0.3,-1,62,62,0
1786441472292,3000,Minimum,4471,4471,0.3,-1,62,62,0
1786441472392,3000,Minimum,4471,4471,0.3,-1,62,62,0
1786441472492,3000,Minimum,4471,4471,0.3,-1,62,62,0
1786441472592,3000,Minimum,4471,4471,0.3,-1,62,62,0
1786441472692,3000,Minimum,4471,4471,0.3,-1,62,62,0
1786441472792,3000,Minimum,4471,4471,0.3,-1,62,62,0
1786441472892,3000,Minimum,4471,4471,0.3,-1,62.0625,62.0625,0
1786441472992,3000,Minimum,4471,4471,0.3,-1,62.0625,62.0625,0
1786441473092,3000,Minimum,4471,4471,0.3,-1,62.0625,62.0625,0
1786441473192,3000,Minimum,4471,4471,0.3,-1,62.0625,62.0625,0
1786441473292,3000,Minimum,4471,4471,0.3,-1,62.0625,62.0625,0
1786441473392,3000,Minimum,4471,4471,0.3,-1,62.0625,62.0625,0
1786441473492,3000,Minimum,4471,4471,0.3,-1,62.0625,62.0625,0
1786441473592,3000,Minimum,4471,4471,0.3,-1,62.0625,62.0625,0
1786441473692,3000,Minimum,4471,4471,0.3,-1,62.0625,62.0625,0
1786441473792,3000,Minimum,4471,4471,0.3,-1,62.0625,62.0625,0
1786441473892,3000,Minimum,4471,4471,0.3,-1,62.125,62.125,0
1786441473992,3000,Minimum,4471,4471,0.3,-1,62.125,62.125,0
1786441474092,3000,Minimum,4471,4471,0.3,-1,62.125,62.125,0
1786441474192,3000,Minimum,4471,4471,0.3,-1,62.125,62.125,0
1786441474292,3000,Minimum,4471,4471,0.3,-1,62.125,62.125,0
1786441474392,3000,Minimum,4471,4471,0.3,-1,62.125,62.125,0
1786441474492,3000,Minimum,4471,4471,0.3,-1,62.125,62.125,0
1786441474592,3000,Minimum,4471,4471,0.3,-1,62.125,62.125,0
1786441474692,3000,Minimum,4471,4471,0.3,-1,62.125,62.125,0
1786441474792,3000,Minimum,4471,4471,0.3,-1,62.125,62.125,0
1786441474892,3000,Minimum,4471,4471,0.3,-1,62.1875,62.1875,0
1786441474992,3000,Minimum,4471,4471,0.3,-1,62.1875,62.1875,0
1786441475092,3000,Minimum,4471,4471,0.3,-1,62.1875,62.1875,0
1786441475192,3000,Minimum,4471,4471,0.3,-1,62.1875,62.1875,0
1786441475292,3000,Minimum,4471,4471,0.3,-1,62.1875,62.1875,0
1786441475392,3000,Minimum,4471,4471,0.3,-1,62.1875,62.1875,0
1786441475492,3000,Minimum,4471,4471,0.3,-1,62.1875,62.1875,0
1786441475592,3000,Minimum,4471,4471,0.3,-1,62.1875,62.1875,0
1786441475692,3000,Minimum,4471,4471,0.3,-1,62.1875,62.1875,0
1786441475792,3000,Minimum,4471,4471,0.3,-1,62.1875,62.1875,0
1786441475892,3000,Minimum,4471,4471,0.3,-1,62.125,62.125,0
1786441475992,3000,Minimum,4471,4471,0.3,-1,62.125,62.125,0
1786441476092,3000,Minimum,4471,4471,0.3,-1,62.125,62.125,0
1786441476192,3000,Minimum,4471,4471,0.3,-1,62.125,62.125,0
1786441476292,3000,Minimum,4471,4471,0.3,-1,62.125,62.125,0
1786441476392,3000,Minimum,4471,4471,0.3,-1,62.125,62.125,0
1786441476492,3000,Minimum,4471,4471,0.3,-1,62.125,62.125,0
1786441476592,3000,Minimum,4471,4471,0.3,-1,62.125,62.125,0
1786441476692,3000,Minimum,4471,4471,0.3,-1,62.125,62.125,0
1786441476792,3000,Minimum,4471,4471,0.3,-1,62.125,62.125,0
1786441476892,3000,Minimum,4471,4471,0.3,-1,62.3125,62.3125,0
1786441476992,3000,Minimum,4471,4471,0.3,-1,62.3125,62.3125,0
1786441477092,3000,Minimum,4471,4471,0.3,-1,62.3125,62.3125,0
1786441477192,3000,Minimum,4471,4471,0.3,-1,62.3125,62.3125,0
1786441477292,3000,Minimum,4471,4471,0.3,-1,62.3125,62.3125,0
1786441477392,3000,Minimum,4471,4471,0.3,-1,62.3125,62.3125,0
1786441477492,3000,Minimum,4471,4471,0.3,-1,62.3125,62.3125,0
1786441477592,3000,Minimum,4471,4471,0.3,-1,62.3125,62.3125,0
1786441477692,3000,Minimum,4471,4471,0.3,-1,62.3125,62.3125,0
1786441477792,3000,Minimum,4471,4471,0.3,-1,62.3125,62.3125,0
1786441477892,3000,Minimum,4471,4471,0.3,-1,62.375,62.375,0
1786441477992,3000,Minimum,4471,4471,0.3,-1,62.375,62.375,0
1786441478092,3000,Minimum,4471,4471,0.3,-1,62.375,62.375,0
1786441478192,3000,Minimum,4471,4471,0.3,-1,62.375,62.375,0
1786441478292,3000,Minimum,4471,4471,0.3,-1,62.375,62.375,0
1786441478392,3000,Minimum,4471,4471,0.3,-1,62.375,62.375,0
1786441478492,3000,Minimum,4471,4471,0.3,-1,62.375,62.375,0
1786441478592,3000,Minimum,4471,4471,0.3,-1,62.375,62.375,0
1786441478692,3000,Minimum,4471,4471,0.3,-1,62.375,62.375,0
1786441478792,3000,Minimum,4471,4471,0.3,-1,62.375,62.375,0
1786441478892,3000,Minimum,4471,4471,0.3,-1,62.375,62.375,0
1786441478992,3000,Minimum,4471,4471,0.3,-1,62.375,62.375,0
1786441479092,3000,Minimum,4471,4471,0.3,-1,62.375,62.375,0
1786441479192,3000,Minimum,4471,4471,0.3,-1,62.375,62.375,0
1786441479292,3000,Minimum,4471,4471,0.3,-1,62.375,62.375,0
1786441479392,3000,Minimum,4471,4471,0.3,-1,62.375,62.375,0
1786441479492,3000,Minimum,4471,4471,0.3,-1,62.375,62.375,0
1786441479592,3000,Minimum,4471,4471,0.3,-1,62.375,62.375,0
1786441479692,3000,Minimum,4471,4471,0.3,-1,62.375,62.375,0
1786441479792,3000,Minimum,4471,4471,0.3,-1,62.375,62.375,0
1786441479892,3000,Minimum,4471,4471,0.3,-1,62.5,62.5,0
1786441479992,3000,Minimum,4471,4471,0.3,-1,62.5,62.5,0
1786441480092,3000,Minimum,4471,4471,0.3,-1,62.5,62.5,0
1786441480192,3000,Minimum,4471,4471,0.3,-1,62.5,62.5,0
1786441480292,3000,Minimum,4471,4471,0.3,-1,62.5,62.5,0
1786441480392,3000,Minimum,4471,4471,0.3,-1,62.5,62.5,0
1786441480492,3000,Minimum,4471,4471,0.3,-1,62.5,62.5,0
1786441480592,3000,Minimum,4471,4471,0.3,-1,62.5,62.5,0
1786441480692,3000,Minimum,4471,4471,0.3,-1,62.5,62.5,0
1786441480792,3000,Minimum,4471,4471,0.3,-1,62.5,62.5,0
1786441480892,3000,Minimum,4471,4471,0.3,-1,62.5,62.5,0
1786441480992,3000,Minimum,4471,4471,0.3,-1,62.5,62.5,0
1786441481092,3000,Minimum,4471,4471,0.3,-1,62.5,62.5,0
1786441481192,3000,Minimum,4471,4471,0.3,-1,62.5,62.5,0
1786441481292,3000,Minimum,4471,4471,0.3,-1,62.5,62.5,0
1786441481392,3000,Minimum,4471,4471,0.3,-1,62.5,62.5,0
1786441481492,3000,Minimum,4471,4471,0.3,-1,62.5,62.5,0
1786441481592,3000,Minimum,4471,4471,0.3,-1,62.5,62.5,0
1786441481692,3000,Minimum,4471,4471,0.3,-1,62.5,62.5,0
1786441481792,3000,Minimum,4471,4471,0.3,-1,62.5,62.5,0
1786441481892,3000,Minimum,4471,4471,0.3,-1,62.4375,62.4375,0
1786441481992,3000,Minimum,4471,4471,0.3,-1,62.4375,62.4375,0
1786441482092,3000,Minimum,4471,4471,0.3,-1,62.4375,62.4375,0
1786441482192,3000,Minimum,4471,4471,0.3,-1,62.4375,62.4375,0
1786441482292,3000,Minimum,4471,4471,0.3,-1,62.4375,62.4375,0
1786441482392,3000,Minimum,4471,4471,0.3,-1,62.4375,62.4375,0
1786441482492,3000,Minimum,4471,4471,0.3,-1,62.4375,62.4375,0
1786441482592,3000,Minimum,4471,4471,0.3,-1,62.4375,62.4375,0
1786441482692,3000,Minimum,4471,4471,0.3,-1,62.4375,62.4375,0
1786441482792,3000,Minimum,4471,4471,0.3,-1,62.4375,62.4375,0
1786441482892,3000,Minimum,4471,4471,0.3,-1,62.625,62.625,0
1786441482992,3000,Minimum,4471,4471,0.3,-1,62.625,62.625,0
1786441483092,3000,Minimum,4471,4471,0.3,-1,62.625,62.625,0
1786441483192,3000,Minimum,4471,4471,0.3,-1,62.625,62.625,0
1786441483292,3000,Minimum,4471,4471,0.3,-1,62.625,62.625,0
1786441483392,3000,Minimum,4471,4471,0.3,-1,62.625,62.625,0
1786441483492,3000,Minimum,4471,4471,0.3,-1,62.625,62.625,0
1786441483592,3000,Minimum,4471,4471,0.3,-1,62.625,62.625,0
1786441483692,3000,Minimum,4471,4471,0.3,-1,62.625,62.625,0
1786441483792,3000,Minimum,4471,4471,0.3,-1,62.625,62.625,0
1786441483892,3000,Minimum,4471,4471,0.3,-1,62.625,62.625,0
1786441483992,3000,Minimum,4471,4471,0.3,-1,62.625,62.625,0
1786441484092,3000,Minimum,4471,4471,0.3,-1,62.625,62.625,0
1786441484192,3000,Minimum,4471,4471,0.3,-1,62.625,62.625,0
1786441484292,3000,Minimum,4471,4471,0.3,-1,62.625,62.625,0
1786441484392,3000,Minimum,4471,4471,0.3,-1,62.625,62.625,0
1786441484492,3000,Minimum,4471,4471,0.3,-1,62.625,62.625,0
1786441484592,3000,Minimum,4471,4471,0.3,-1,62.625,62.625,0
1786441484692,3000,Minimum,4471,4471,0.3,-1,62.625,62.625,0
1786441484792,3000,Minimum,4471,4471,0.3,-1,62.625,62.625,0
1786441484892,3000,Minimum,4471,4471,0.3,-1,62.5625,62.5625,0
1786441484992,3000,Minimum,4471,4471,0.3,-1,62.5625,62.5625,0
1786441485092,3000,Minimum,4471,4471,0.3,-1,62.5625,62.5625,0
1786441485192,3000,Minimum,4471,4471,0.3,-1,62.5625,62.5625,0
1786441485292,3000,Minimum,4471,4471,0.3,-1,62.5625,62.5625,0
1786441485392,3000,Minimum,4471,4471,0.3,-1,62.5625,62.5625,0
1786441485492,3000,Minimum,4471,4471,0.3,-1,62.5625,62.5625,0
1786441485592,3000,Minimum,4471,4471,0.3,-1,62.5625,62.5625,0
1786441485692,3000,Minimum,4471,4471,0.3,-1,62.5625,62.5625,0
1786441485792,3000,Minimum,4471,4471,0.3,-1,62.5625,62.5625,0
1786441485892,3000,Minimum,4471,4471,0.3,-1,62.6875,62.6875,0
1786441485992,3000,Minimum,4471,4471,0.3,-1,62.6875,62.6875,0
1786441486092,3000,Minimum,4471,4471,0.3,-1,62.6875,62.6875,0
1786441486192,3000,Minimum,4471,4471,0.3,-1,62.6875,62.6875,0
1786441486292,3000,Minimum,4471,4471,0.3,-1,62.6875,62.6875,0
1786441486392,3000,Minimum,4471,4471,0.3,-1,62.6875,62.6875,0
1786441486492,3000,Minimum,4471,4471,0.3,-1,62.6875,62.6875,0
1786441486592,3000,Minimum,4471,4471,0.3,-1,62.6875,62.6875,0
1786441486692,3000,Minimum,4471,4471,0.3,-1,62.6875,62.6875,0
1786441486792,3000,Minimum,4471,4471,0.3,-1,62.6875,62.6875,0
1786441486892,3000,Minimum,4471,4471,0.3,-1,62.6875,62.6875,0
1786441486992,3000,Minimum,4471,4471,0.3,-1,62.6875,62.6875,0
1786441487092,3000,Minimum,4471,4471,0.3,-1,62.6875,62.6875,0
1786441487192,3000,Minimum,4471,4471,0.3,-1,62.6875,62.6875,0
1786441487292,3000,Minimum,4471,4471,0.3,-1,62.6875,62.6875,0
1786441487392,3000,Minimum,4471,4471,0.3,-1,62.6875,62.6875,0
1786441487492,3000,Minimum,4471,4471,0.3,-1,62.6875,62.6875,0
1786441487592,3000,Minimum,4471,4471,0.3,-1,62.6875,62.6875,0
1786441487692,3000,Minimum,4471,4471,0.3,-1,62.6875,62.6875,0
1786441487792,3000,Minimum,4471,4471,0.3,-1,62.6875,62.6875,0
1786441487892,3000,Minimum,4471,4471,0.3,-1,62.6875,62.6875,0
1786441487992,3000,Minimum,4471,4471,0.3,-1,62.6875,62.6875,0
1786441488092,3000,Minimum,4471,4471,0.3,-1,62.6875,62.6875,0
1786441488192,3000,Minimum,4471,4471,0.3,-1,62.6875,62.6875,0
1786441488292,3000,Minimum,4471,4471,0.3,-1,62.6875,62.6875,0
1786441488392,3000,Minimum,4471,4471,0.3,-1,62.6875,62.6875,0
1786441488492,3000,Minimum,4471,4471,0.3,-1,62.6875,62.6875,0
1786441488592,3000,Minimum,4471,4471,0.3,-1,62.6875,62.6875,0
1786441488692,3000,Minimum,4471,4471,0.3,-1,62.6875,62.6875,0
1786441488792,3000,Minimum,4471,4471,0.3,-1,62.6875,62.6875,0
1786441488892,3000,Minimum,4471,4471,0.3,-1,62.875,62.875,0
1786441488992,3000,Minimum,4471,4471,0.3,-1,62.875,62.875,0
1786441489092,3000,Minimum,4471,4471,0.3,-1,62.875,62.875,0
1786441489192,3000,Minimum,4471,4471,0.3,-1,62.875,62.875,0
1786441489292,3000,Minimum,4471,4471,0.3,-1,62.875,62.875,0
1786441489392,3000,Minimum,4471,4471,0.3,-1,62.875,62.875,0
1786441489492,3000,Minimum,4471,4471,0.3,-1,62.875,62.875,0
1786441489592,3000,Minimum,4471,4471,0.3,-1,62.875,62.875,0
1786441489692,3000,Minimum,4471,4471,0.3,-1,62.875,62.875,0
1786441489792,3000,Minimum,4471,4471,0.3,-1,62.875,62.875,0
1786441489892,3000,Minimum,4471,4471,0.3,-1,62.75,62.75,0
1786441489992,3000,Minimum,4471,4471,0.3,-1,62.75,62.75,0
1786441490094,3000,Minimum,4471,4471,0.3,-1,62.75,62.75,0
1786441490194,3000,Minimum,4471,4471,0.3,-1,62.75,62.75,0
1786441490293,3000,Minimum,4471,4471,0.3,-1,62.75,62.75,0
1786441490393,3000,Minimum,4471,4471,0.3,-1,62.75,62.75,0
1786441490494,3000,Minimum,4471,4471,0.3,-1,62.75,62.75,0
1786441490594,3000,Minimum,4471,4471,0.3,-1,62.75,62.75,0
1786441490694,3000,Minimum,4471,4471,0.3,-1,62.75,62.75,0
1786441490793,3000,Minimum,4471,4471,0.3,-1,62.75,62.75,0
1786441490893,3000,Minimum,4471,4471,0.3,-1,62.8125,62.8125,0
1786441490994,3000,Minimum,4471,4471,0.3,-1,62.8125,62.8125,0
1786441491094,3000,Minimum,4471,4471,0.3,-1,62.8125,62.8125,0
1786441491193,3000,Minimum,4471,4471,0.3,-1,62.8125,62.8125,0
1786441491293,3000,Minimum,4471,4471,0.3,-1,62.8125,62.8125,0
1786441491393,3000,Minimum,4471,4471,0.3,-1,62.8125,62.8125,0
1786441491493,3000,Minimum,4471,4471,0.3,-1,62.8125,62.8125,0
1786441491593,3000,Minimum,4471,4471,0.3,-1,62.8125,62.8125,0
1786441491693,3000,Minimum,4471,4471,0.3,-1,62.8125,62.8125,0
1786441491793,3000,Minimum,4471,4471,0.3,-1,62.8125,62.8125,0
1786441491893,3000,Minimum,4471,4471,0.3,-1,62.9375,62.9375,0
1786441491993,3000,Minimum,4471,4471,0.3,-1,62.9375,62.9375,0
1786441492093,3000,Minimum,4471,4471,0.3,-1,62.9375,62.9375,0
1786441492193,3000,Minimum,4471,4471,0.3,-1,62.9375,62.9375,0
1786441492294,3000,Minimum,4471,4471,0.3,-1,62.9375,62.9375,0
1786441492393,3000,Minimum,4471,4471,0.3,-1,62.9375,62.9375,0
1786441492493,3000,Minimum,4471,4471,0.3,-1,62.9375,62.9375,0
1786441492593,3000,Minimum,4471,4471,0.3,-1,62.9375,62.9375,0
1786441492693,3000,Minimum,4471,4471,0.3,-1,62.9375,62.9375,0
1786441492793,3000,Minimum,4471,4471,0.3,-1,62.9375,62.9375,0
1786441492893,3000,Minimum,4471,4471,0.3,-1,63,63,0
1786441492993,3000,Minimum,4471,4471,0.3,-1,63,63,0
1786441493093,3000,Minimum,4471,4471,0.3,-1,63,63,0
1786441493193,3000,Minimum,4471,4471,0.3,-1,63,63,0
1786441493293,3000,Minimum,4471,4471,0.3,-1,63,63,0
1786441493393,3000,Minimum,4471,4471,0.3,-1,63,63,0
1786441493493,3000,Minimum,4471,4471,0.3,-1,63,63,0
1786441493593,3000,Minimum,4471,4471,0.3,-1,63,63,0
1786441493693,3000,Minimum,4471,4471,0.3,-1,63,63,0
1786441493793,3000,Minimum,4471,4471,0.3,-1,63,63,0
1786441493893,3000,Minimum,4471,4471,0.3,-1,63,63,0
1786441493993,3000,Minimum,4471,4471,0.3,-1,63,63,0
1786441494093,3000,Minimum,4471,4471,0.3,-1,63,63,0
1786441494193,3000,Minimum,4471,4471,0.3,-1,63,63,0
1786441494293,3000,Minimum,4471,4471,0.3,-1,63,63,0
1786441494393,3000,Minimum,4471,4471,0.3,-1,63,63,0
1786441494493,3000,Minimum,4471,4471,0.3,-1,63,63,0
1786441494593,3000,Minimum,4471,4471,0.3,-1,63,63,0
1786441494693,3000,Minimum,4471,4471,0.3,-1,63,63,0
1786441494792,3000,Minimum,4471,4471,0.3,-1,63,63,0
1786441494893,3000,Minimum,4471,4471,0.3,-1,62.9375,62.9375,0
1786441494992,3000,Minimum,4471,4471,0.3,-1,62.9375,62.9375,0
1786441495093,3000,Minimum,4471,4471,0.3,-1,62.9375,62.9375,0
1786441495193,3000,Minimum,4471,4471,0.3,-1,62.9375,62.9375,0
1786441495292,3000,Minimum,4471,4471,0.3,-1,62.9375,62.9375,0
1786441495393,3000,Minimum,4471,4471,0.3,-1,62.9375,62.9375,0
1786441495493,3000,Minimum,4471,4471,0.3,-1,62.9375,62.9375,0
1786441495593,3000,Minimum,4471,4471,0.3,-1,62.9375,62.9375,0
1786441495693,3000,Minimum,4471,4471,0.3,-1,62.9375,62.9375,0
1786441495792,3000,Minimum,4471,4471,0.3,-1,62.9375,62.9375,0
1786441495893,3000,Minimum,4471,4471,0.3,-1,63,63,0
1786441495993,3000,Minimum,4471,4471,0.3,-1,63,63,0
1786441496093,3000,Minimum,4471,4471,0.3,-1,63,63,0
1786441496193,3000,Minimum,4471,4471,0.3,-1,63,63,0
1786441496292,3000,Minimum,4471,4471,0.3,-1,63,63,0
1786441496393,3000,Minimum,4471,4471,0.3,-1,63,63,0
1786441496493,3000,Minimum,4471,4471,0.3,-1,63,63,0
1786441496593,3000,Minimum,4471,4471,0.3,-1,63,63,0
1786441496693,3000,Minimum,4471,4471,0.3,-1,63,63,0
1786441496792,3000,Minimum,4471,4471,0.3,-1,63,63,0
1786441496893,3000,Minimum,4471,4471,0.3,-1,63,63,0
1786441496993,3000,Minimum,4471,4471,0.3,-1,63,63,0
1786441497093,3000,Minimum,4471,4471,0.3,-1,63,63,0
1786441497193,3000,Minimum,4471,4471,0.3,-1,63,63,0
1786441497293,3000,Minimum,4471,4471,0.3,-1,63,63,0
1786441497393,3000,Minimum,4471,4471,0.3,-1,63,63,0
1786441497493,3000,Minimum,4471,4471,0.3,-1,63,63,0
1786441497593,3000,Minimum,4471,4471,0.3,-1,63,63,0
1786441497693,3000,Minimum,4471,4471,0.3,-1,63,63,0
1786441497793,3000,Minimum,4471,4471,0.3,-1,63,63,0
1786441497893,3000,Minimum,4471,4471,0.3,-1,63.125,63.125,0
1786441497993,3000,Minimum,4471,4471,0.3,-1,63.125,63.125,0
1786441498093,3000,Minimum,4471,4471,0.3,-1,63.125,63.125,0
1786441498193,3000,Minimum,4471,4471,0.3,-1,63.125,63.125,0
1786441498292,3000,Minimum,4471,4471,0.3,-1,63.125,63.125,0
1786441498392,3000,Minimum,4471,4471,0.3,-1,63.125,63.125,0
1786441498493,3000,Minimum,4471,4471,0.3,-1,63.125,63.125,0
1786441498593,3000,Minimum,4471,4471,0.3,-1,63.125,63.125,0
1786441498693,3000,Minimum,4471,4471,0.3,-1,63.125,63.125,0
1786441498793,3000,Minimum,4471,4471,0.3,-1,63.125,63.125,0
1786441498893,3000,Minimum,4471,4471,0.3,-1,63.0625,63.0625,0
1786441498993,3000,Minimum,4471,4471,0.3,-1,63.0625,63.0625,0
1786441499092,3000,Minimum,4471,4471,0.3,-1,63.0625,63.0625,0
1786441499193,3000,Minimum,4471,4471,0.3,-1,63.0625,63.0625,0
1786441499292,3000,Minimum,4471,4471,0.3,-1,63.0625,63.0625,0
1786441499393,3000,Minimum,4471,4471,0.3,-1,63.0625,63.0625,0
1786441499493,3000,Minimum,4471,4471,0.3,-1,63.0625,63.0625,0
1786441499592,3000,Minimum,4471,4471,0.3,-1,63.0625,63.0625,0
1786441499692,3000,Minimum,4471,4471,0.3,-1,63.0625,63.0625,0
1786441499792,3000,Minimum,4471,4471,0.3,-1,63.0625,63.0625,0
1786441499893,3000,Minimum,4471,4471,0.3,-1,63.125,63.125,0
1786441499993,3000,Minimum,4471,4471,0.3,-1,63.125,63.125,0
1786441500092,3000,Minimum,4471,4471,0.3,-1,63.125,63.125,0
1786441500192,3000,Minimum,4471,4471,0.3,-1,63.125,63.125,0
1786441500292,3000,Minimum,4471,4471,0.3,-1,63.125,63.125,0
1786441500392,3000,Minimum,4471,4471,0.3,-1,63.125,63.125,0
1786441500493,3000,Minimum,4471,4471,0.3,-1,63.125,63.125,0
1786441500592,3000,Minimum,4471,4471,0.3,-1,63.125,63.125,0
1786441500692,3000,Minimum,4471,4471,0.3,-1,63.125,63.125,0
1786441500792,3000,Minimum,4471,4471,0.3,-1,63.125,63.125,0
1786441500892,3000,Minimum,4471,4471,0.3,-1,63.125,63.125,0
1786441500993,3000,Minimum,4471,4471,0.3,-1,63.125,63.125,0
1786441501093,3000,Minimum,4471,4471,0.3,-1,63.125,63.125,0
1786441501192,3000,Minimum,4471,4471,0.3,-1,63.125,63.125,0
1786441501293,3000,Minimum,4471,4471,0.3,-1,63.125,63.125,0
1786441501393,3000,Minimum,4471,4471,0.3,-1,63.125,63.125,0
1786441501492,3000,Minimum,4471,4471,0.3,-1,63.125,63.125,0
1786441501593,3000,Minimum,4471,4471,0.3,-1,63.125,63.125,0
1786441501692,3000,Minimum,4471,4471,0.3,-1,63.125,63.125,0
1786441501793,3000,Minimum,4471,4471,0.3,-1,63.125,63.125,0
1786441501893,3000,Minimum,4471,4471,0.3,-1,63.25,63.25,0
1786441501992,3000,Minimum,4471,4471,0.3,-1,63.25,63.25,0
1786441502092,3000,Minimum,4471,4471,0.3,-1,63.25,63.25,0
1786441502192,3000,Minimum,4471,4471,0.3,-1,63.25,63.25,0
1786441502292,3000,Minimum,4471,4471,0.3,-1,63.25,63.25,0
1786441502392,3000,Minimum,4471,4471,0.3,-1,63.25,63.25,0
1786441502492,3000,Minimum,4471,4471,0.3,-1,63.25,63.25,0
1786441502592,3000,Minimum,4471,4471,0.3,-1,63.25,63.25,0
1786441502692,3000,Minimum,4471,4471,0.3,-1,63.25,63.25,0
1786441502792,3000,Minimum,4471,4471,0.3,-1,63.25,63.25,0
1786441502892,3000,Minimum,4471,4471,0.3,-1,63.1875,63.1875,0
1786441502992,3000,Minimum,4471,4471,0.3,-1,63.1875,63.1875,0
1786441503092,3000,Minimum,4471,4471,0.3,-1,63.1875,63.1875,0
1786441503192,3000,Minimum,4471,4471,0.3,-1,63.1875,63.1875,0
1786441503292,3000,Minimum,4471,4471,0.3,-1,63.1875,63.1875,0
1786441503392,3000,Minimum,4471,4471,0.3,-1,63.1875,63.1875,0
1786441503492,3000,Minimum,4471,4471,0.3,-1,63.1875,63.1875,0
1786441503592,3000,Minimum,4471,4471,0.3,-1,63.1875,63.1875,0
1786441503692,3000,Minimum,4471,4471,0.3,-1,63.1875,63.1875,0
1786441503793,3000,Minimum,4471,4471,0.3,-1,63.1875,63.1875,0
1786441503892,3000,Minimum,4471,4471,0.3,-1,63.25,63.25,0
1786441503992,3000,Minimum,4471,4471,0.3,-1,63.25,63.25,0
1786441504092,3000,Minimum,4471,4471,0.3,-1,63.25,63.25,0
1786441504192,3000,Minimum,4471,4471,0.3,-1,63.25,63.25,0
1786441504292,3000,Minimum,4471,4471,0.3,-1,63.25,63.25,0
1786441504392,3000,Minimum,4471,4471,0.3,-1,63.25,63.25,0
1786441504492,3000,Minimum,4471,4471,0.3,-1,63.25,63.25,0
1786441504592,3000,Minimum,4471,4471,0.3,-1,63.25,63.25,0
1786441504692,3000,Minimum,4471,4471,0.3,-1,63.25,63.25,0
1786441504792,3000,Minimum,4471,4471,0.3,-1,63.25,63.25,0
1786441504892,3000,Minimum,4471,4471,0.3,-1,63.3125,63.3125,0
1786441504992,3000,Minimum,4471,4471,0.3,-1,63.3125,63.3125,0
1786441505092,3000,Minimum,4471,4471,0.3,-1,63.3125,63.3125,0
1786441505192,3000,Minimum,4471,4471,0.3,-1,63.3125,63.3125,0
1786441505292,3000,Minimum,4471,4471,0.3,-1,63.3125,63.3125,0
1786441505392,3000,Minimum,4471,4471,0.3,-1,63.3125,63.3125,0
1786441505492,3000,Minimum,4471,4471,0.3,-1,63.3125,63.3125,0
1786441505592,3000,Minimum,4471,4471,0.3,-1,63.3125,63.3125,0
1786441505692,3000,Minimum,4471,4471,0.3,-1,63.3125,63.3125,0
1786441505792,3000,Minimum,4471,4471,0.3,-1,63.3125,63.3125,0
1786441505892,3000,Minimum,4471,4471,0.3,-1,63.25,63.25,0
1786441505992,3000,Minimum,4471,4471,0.3,-1,63.25,63.25,0
1786441506092,3000,Minimum,4471,4471,0.3,-1,63.25,63.25,0
1786441506192,3000,Minimum,4471,4471,0.3,-1,63.25,63.25,0
1786441506292,3000,Minimum,4471,4471,0.3,-1,63.25,63.25,0
1786441506392,3000,Minimum,4471,4471,0.3,-1,63.25,63.25,0
1786441506492,3000,Minimum,4471,4471,0.3,-1,63.25,63.25,0
1786441506592,3000,Minimum,4471,4471,0.3,-1,63.25,63.25,0
1786441506692,3000,Minimum,4471,4471,0.3,-1,63.25,63.25,0
1786441506792,3000,Minimum,4471,4471,0.3,-1,63.25,63.25,0
1786441506892,3000,Minimum,4471,4471,0.3,-1,63.3125,63.3125,0
1786441506992,3000,Minimum,4471,4471,0.3,-1,63.3125,63.3125,0
1786441507092,3000,Minimum,4471,4471,0.3,-1,63.3125,63.3125,0
1786441507192,3000,Minimum,4471,4471,0.3,-1,63.3125,63.3125,0
1786441507292,3000,Minimum,4471,4471,0.3,-1,63.3125,63.3125,0
1786441507392,3000,Minimum,4471,4471,0.3,-1,63.3125,63.3125,0
1786441507492,3000,Minimum,4471,4471,0.3,-1,63.3125,63.3125,0
1786441507592,3000,Minimum,4471,4471,0.3,-1,63.3125,63.3125,0
1786441507692,3000,Minimum,4471,4471,0.3,-1,63.3125,63.3125,0
1786441507792,3000,Minimum,4471,4471,0.3,-1,63.3125,63.3125,0
1786441507892,3000,Minimum,4471,4471,0.3,-1,63.3125,63.3125,0
1786441507992,3000,Minimum,4471,4471,0.3,-1,63.3125,63.3125,0
1786441508092,3000,Minimum,4471,4471,0.3,-1,63.3125,63.3125,0
1786441508192,3000,Minimum,4471,4471,0.3,-1,63.3125,63.3125,0
1786441508292,3000,Minimum,4471,4471,0.3,-1,63.3125,63.3125,0
1786441508392,3000,Minimum,4471,4471,0.3,-1,63.3125,63.3125,0
1786441508492,3000,Minimum,4471,4471,0.3,-1,63.3125,63.3125,0
1786441508592,3000,Minimum,4471,4471,0.3,-1,63.3125,63.3125,0
1786441508692,3000,Minimum,4471,4471,0.3,-1,63.3125,63.3125,0
1786441508792,3000,Minimum,4471,4471,0.3,-1,63.3125,63.3125,0
1786441508892,3000,Minimum,4471,4471,0.3,-1,63.375,63.375,0
1786441508992,3000,Minimum,4471,4471,0.3,-1,63.375,63.375,0
1786441509092,3000,Minimum,4471,4471,0.3,-1,63.375,63.375,0
1786441509192,3000,Minimum,4471,4471,0.3,-1,63.375,63.375,0
1786441509292,3000,Minimum,4471,4471,0.3,-1,63.375,63.375,0
1786441509393,3000,Minimum,4471,4471,0.3,-1,63.375,63.375,0
1786441509492,3000,Minimum,4471,4471,0.3,-1,63.375,63.375,0
1786441509592,3000,Minimum,4471,4471,0.3,-1,63.375,63.375,0
1786441509692,3000,Minimum,4471,4471,0.3,-1,63.375,63.375,0
1786441509792,3000,Minimum,4471,4471,0.3,-1,63.375,63.375,0
1786441509892,3000,Minimum,4471,4471,0.3,-1,63.375,63.375,0
1786441509992,3000,Minimum,4471,4471,0.3,-1,63.375,63.375,0
1786441510092,3000,Minimum,4471,4471,0.3,-1,63.375,63.375,0
1786441510192,3000,Minimum,4471,4471,0.3,-1,63.375,63.375,0
1786441510292,3000,Minimum,4471,4471,0.3,-1,63.375,63.375,0
1786441510392,3000,Minimum,4471,4471,0.3,-1,63.375,63.375,0
1786441510492,3000,Minimum,4471,4471,0.3,-1,63.375,63.375,0
1786441510592,3000,Minimum,4471,4471,0.3,-1,63.375,63.375,0
1786441510692,3000,Minimum,4471,4471,0.3,-1,63.375,63.375,0
1786441510792,3000,Minimum,4471,4471,0.3,-1,63.375,63.375,0
1786441510892,3000,Minimum,4471,4471,0.3,-1,63.4375,63.4375,0
1786441510992,3000,Minimum,4471,4471,0.3,-1,63.4375,63.4375,0
1786441511092,3000,Minimum,4471,4471,0.3,-1,63.4375,63.4375,0
1786441511192,3000,Minimum,4471,4471,0.3,-1,63.4375,63.4375,0
1786441511292,3000,Minimum,4471,4471,0.3,-1,63.4375,63.4375,0
1786441511392,3000,Minimum,4471,4471,0.3,-1,63.4375,63.4375,0
1786441511492,3000,Minimum,4471,4471,0.3,-1,63.4375,63.4375,0
1786441511592,3000,Minimum,4471,4471,0.3,-1,63.4375,63.4375,0
1786441511692,3000,Minimum,4471,4471,0.3,-1,63.4375,63.4375,0
1786441511792,3000,Minimum,4471,4471,0.3,-1,63.4375,63.4375,0
1786441511892,3000,Minimum,4471,4471,0.3,-1,63.4375,63.4375,0
1786441511992,3000,Minimum,4471,4471,0.3,-1,63.4375,63.4375,0
1786441512092,3000,Minimum,4471,4471,0.3,-1,63.4375,63.4375,0
1786441512192,3000,Minimum,4471,4471,0.3,-1,63.4375,63.4375,0
1786441512292,3000,Minimum,4471,4471,0.3,-1,63.4375,63.4375,0
1786441512392,3000,Minimum,4471,4471,0.3,-1,63.4375,63.4375,0
1786441512492,3000,Minimum,4471,4471,0.3,-1,63.4375,63.4375,0
1786441512592,3000,Minimum,4471,4471,0.3,-1,63.4375,63.4375,0
1786441512692,3000,Minimum,4471,4471,0.3,-1,63.4375,63.4375,0
1786441512792,3000,Minimum,4471,4471,0.3,-1,63.4375,63.4375,0
1786441512892,3000,Minimum,4471,4471,0.3,-1,63.375,63.375,0
1786441512992,3000,Minimum,4471,4471,0.3,-1,63.375,63.375,0
1786441513092,3000,Minimum,4471,4471,0.3,-1,63.375,63.375,0
1786441513192,3000,Minimum,4471,4471,0.3,-1,63.375,63.375,0
1786441513292,3000,Minimum,4471,4471,0.3,-1,63.375,63.375,0
1786441513392,3000,Minimum,4471,4471,0.3,-1,63.375,63.375,0
1786441513492,3000,Minimum,4471,4471,0.3,-1,63.375,63.375,0
1786441513592,3000,Minimum,4471,4471,0.3,-1,63.375,63.375,0
1786441513692,3000,Minimum,4471,4471,0.3,-1,63.375,63.375,0
1786441513792,3000,Minimum,4471,4471,0.3,-1,63.375,63.375,0
1786441513892,3000,Minimum,4471,4471,0.3,-1,63.5,63.5,0
1786441513992,3000,Minimum,4471,4471,0.3,-1,63.5,63.5,0
1786441514092,3000,Minimum,4471,4471,0.3,-1,63.5,63.5,0
1786441514192,3000,Minimum,4471,4471,0.3,-1,63.5,63.5,0
1786441514292,3000,Minimum,4471,4471,0.3,-1,63.5,63.5,0
1786441514392,3000,Minimum,4471,4471,0.3,-1,63.5,63.5,0
1786441514492,3000,Minimum,4471,4471,0.3,-1,63.5,63.5,0
1786441514592,3000,Minimum,4471,4471,0.3,-1,63.5,63.5,0
1786441514692,3000,Minimum,4471,4471,0.3,-1,63.5,63.5,0
1786441514792,3000,Minimum,4471,4471,0.3,-1,63.5,63.5,0
1786441514892,3000,Minimum,4471,4471,0.3,-1,63.5625,63.5625,0
1786441514992,3000,Minimum,4471,4471,0.3,-1,63.5625,63.5625,0
1786441515092,3000,Minimum,4471,4471,0.3,-1,63.5625,63.5625,0
1786441515192,3000,Minimum,4471,4471,0.3,-1,63.5625,63.5625,0
1786441515292,3000,Minimum,4471,4471,0.3,-1,63.5625,63.5625,0
1786441515392,3000,Minimum,4471,4471,0.3,-1,63.5625,63.5625,0
1786441515492,3000,Minimum,4471,4471,0.3,-1,63.5625,63.5625,0
1786441515592,3000,Minimum,4471,4471,0.3,-1,63.5625,63.5625,0
1786441515692,3000,Minimum,4471,4471,0.3,-1,63.5625,63.5625,0
1786441515792,3000,Minimum,4471,4471,0.3,-1,63.5625,63.5625,0
1786441515892,3000,Minimum,4471,4471,0.3,-1,63.5,63.5,0
1786441515992,3000,Minimum,4471,4471,0.3,-1,63.5,63.5,0
1786441516092,3000,Minimum,4471,4471,0.3,-1,63.5,63.5,0
1786441516192,3000,Minimum,4471,4471,0.3,-1,63.5,63.5,0
1786441516292,3000,Minimum,4471,4471,0.3,-1,63.5,63.5,0
1786441516392,3000,Minimum,4471,4471,0.3,-1,63.5,63.5,0
1786441516492,3000,Minimum,4471,4471,0.3,-1,63.5,63.5,0
1786441516592,3000,Minimum,4471,4471,0.3,-1,63.5,63.5,0
1786441516692,3000,Minimum,4471,4471,0.3,-1,63.5,63.5,0
1786441516792,3000,Minimum,4471,4471,0.3,-1,63.5,63.5,0
1786441516892,3000,Minimum,4471,4471,0.3,-1,63.5,63.5,0
1786441516992,3000,Minimum,4471,4471,0.3,-1,63.5,63.5,0
1786441517092,3000,Minimum,4471,4471,0.3,-1,63.5,63.5,0
1786441517192,3000,Minimum,4471,4471,0.3,-1,63.5,63.5,0
1786441517292,3000,Minimum,4471,4471,0.3,-1,63.5,63.5,0
1786441517392,3000,Minimum,4471,4471,0.3,-1,63.5,63.5,0
1786441517492,3000,Minimum,4471,4471,0.3,-1,63.5,63.5,0
1786441517592,3000,Minimum,4471,4471,0.3,-1,63.5,63.5,0
1786441517692,3000,Minimum,4471,4471,0.3,-1,63.5,63.5,0
1786441517792,3000,Minimum,4471,4471,0.3,-1,63.5,63.5,0
1786441517892,3000,Minimum,4471,4471,0.3,-1,63.5625,63.5625,0
1786441517992,3000,Minimum,4471,4471,0.3,-1,63.5625,63.5625,0
1786441518092,3000,Minimum,4471,4471,0.3,-1,63.5625,63.5625,0
1786441518192,3000,Minimum,4471,4471,0.3,-1,63.5625,63.5625,0
1786441518292,3000,Minimum,4471,4471,0.3,-1,63.5625,63.5625,0
1786441518392,3000,Minimum,4471,4471,0.3,-1,63.5625,63.5625,0
1786441518492,3000,Minimum,4471,4471,0.3,-1,63.5625,63.5625,0
1786441518592,3000,Minimum,4471,4471,0.3,-1,63.5625,63.5625,0
1786441518692,3000,Minimum,4471,4471,0.3,-1,63.5625,63.5625,0
1786441518792,3000,Minimum,4471,4471,0.3,-1,63.5625,63.5625,0
1786441518892,3000,Minimum,4471,4471,0.3,-1,63.6875,63.6875,0
1786441518992,3000,Minimum,4471,4471,0.3,-1,63.6875,63.6875,0
1786441519092,3000,Minimum,4471,4471,0.3,-1,63.6875,63.6875,0
1786441519192,3000,Minimum,4471,4471,0.3,-1,63.6875,63.6875,0
1786441519292,3000,Minimum,4471,4471,0.3,-1,63.6875,63.6875,0
1786441519392,3000,Minimum,4471,4471,0.3,-1,63.6875,63.6875,0
1786441519492,3000,Minimum,4471,4471,0.3,-1,63.6875,63.6875,0
1786441519592,3000,Minimum,4471,4471,0.3,-1,63.6875,63.6875,0
1786441519692,3000,Minimum,4471,4471,0.3,-1,63.6875,63.6875,0
1786441519792,3000,Minimum,4471,4471,0.3,-1,63.6875,63.6875,0
1786441519892,3000,Minimum,4471,4471,0.3,-1,63.625,63.625,0
1786441519992,3000,Minimum,4471,4471,0.3,-1,63.625,63.625,0
1786441520092,3000,Minimum,4471,4471,0.3,-1,63.625,63.625,0
1786441520192,3000,Minimum,4471,4471,0.3,-1,63.625,63.625,0
1786441520292,3000,Minimum,4471,4471,0.3,-1,63.625,63.625,0
1786441520392,3000,Minimum,4471,4471,0.3,-1,63.625,63.625,0
1786441520492,3000,Minimum,4471,4471,0.3,-1,63.625,63.625,0
1786441520592,3000,Minimum,4471,4471,0.3,-1,63.625,63.625,0
1786441520692,3000,Minimum,4471,4471,0.3,-1,63.625,63.625,0
1786441520792,3000,Minimum,4471,4471,0.3,-1,63.625,63.625,0
1786441520892,3000,Minimum,4471,4471,0.3,-1,63.5625,63.5625,0
1786441520992,3000,Minimum,4471,4471,0.3,-1,63.5625,63.5625,0
1786441521093,3000,Minimum,4471,4471,0.3,-1,63.5625,63.5625,0
1786441521192,3000,Minimum,4471,4471,0.3,-1,63.5625,63.5625,0
1786441521292,3000,Minimum,4471,4471,0.3,-1,63.5625,63.5625,0
1786441521392,3000,Minimum,4471,4471,0.3,-1,63.5625,63.5625,0
1786441521492,3000,Minimum,4471,4471,0.3,-1,63.5625,63.5625,0
1786441521592,3000,Minimum,4471,4471,0.3,-1,63.5625,63.5625,0
1786441521692,3000,Minimum,4471,4471,0.3,-1,63.5625,63.5625,0
1786441521792,3000,Minimum,4471,4471,0.3,-1,63.5625,63.5625,0
1786441521892,3000,Minimum,4471,4471,0.3,-1,63.625,63.625,0
1786441521992,3000,Minimum,4471,4471,0.3,-1,63.625,63.625,0
1786441522092,3000,Minimum,4471,4471,0.3,-1,63.625,63.625,0
1786441522192,3000,Minimum,4471,4471,0.3,-1,63.625,63.625,0
1786441522292,3000,Minimum,4471,4471,0.3,-1,63.625,63.625,0
1786441522392,3000,Minimum,4471,4471,0.3,-1,63.625,63.625,0
1786441522492,3000,Minimum,4471,4471,0.3,-1,63.625,63.625,0
1786441522592,3000,Minimum,4471,4471,0.3,-1,63.625,63.625,0
1786441522692,3000,Minimum,4471,4471,0.3,-1,63.625,63.625,0
1786441522792,3000,Minimum,4471,4471,0.3,-1,63.625,63.625,0
1786441522892,3000,Minimum,4471,4471,0.3,-1,63.5625,63.5625,0
1786441522992,3000,Minimum,4471,4471,0.3,-1,63.5625,63.5625,0
1786441523094,3000,Minimum,4471,4471,0.3,-1,63.5625,63.5625,0
1786441523195,3000,Minimum,4471,4471,0.3,-1,63.5625,63.5625,0
1786441523295,3000,Minimum,4471,4471,0.3,-1,63.5625,63.5625,0
1786441523395,3000,Minimum,4471,4471,0.3,-1,63.5625,63.5625,0
1786441523494,3000,Minimum,4471,4471,0.3,-1,63.5625,63.5625,0
1786441523595,3000,Minimum,4471,4471,0.3,-1,63.5625,63.5625,0
1786441523694,3000,Minimum,4471,4471,0.3,-1,63.5625,63.5625,0
1786441523795,3000,Minimum,4471,4471,0.3,-1,63.5625,63.5625,0
1786441523895,3000,Minimum,4471,4471,0.3,-1,63.6875,63.6875,0
1786441523994,3000,Minimum,4471,4471,0.3,-1,63.6875,63.6875,0
1786441524094,3000,Minimum,4471,4471,0.3,-1,63.6875,63.6875,0
1786441524194,3000,Minimum,4471,4471,0.3,-1,63.6875,63.6875,0
1786441524294,3000,Minimum,4471,4471,0.3,-1,63.6875,63.6875,0
1786441524394,3000,Minimum,4471,4471,0.3,-1,63.6875,63.6875,0
1786441524494,3000,Minimum,4471,4471,0.3,-1,63.6875,63.6875,0
1786441524594,3000,Minimum,4471,4471,0.3,-1,63.6875,63.6875,0
1786441524692,3000,Minimum,4471,4471,0.3,-1,63.6875,63.6875,0
1786441524794,3000,Minimum,4471,4471,0.3,-1,63.6875,63.6875,0
1786441524894,3000,Minimum,4471,4471,0.3,-1,63.6875,63.6875,0
1786441524994,3000,Minimum,4471,4471,0.3,-1,63.6875,63.6875,0
1786441525094,3000,Minimum,4471,4471,0.3,-1,63.6875,63.6875,0
1786441525194,3000,Minimum,4471,4471,0.3,-1,63.6875,63.6875,0
1786441525294,3000,Minimum,4471,4471,0.3,-1,63.6875,63.6875,0
1786441525394,3000,Minimum,4471,4471,0.3,-1,63.6875,63.6875,0
1786441525494,3000,Minimum,4471,4471,0.3,-1,63.6875,63.6875,0
1786441525594,3000,Minimum,4471,4471,0.3,-1,63.6875,63.6875,0
1786441525694,3000,Minimum,4471,4471,0.3,-1,63.6875,63.6875,0
1786441525794,3000,Minimum,4471,4471,0.3,-1,63.6875,63.6875,0
1786441525894,3000,Minimum,4471,4471,0.3,-1,63.625,63.625,0
1786441525994,3000,Minimum,4471,4471,0.3,-1,63.625,63.625,0
1786441526094,3000,Minimum,4471,4471,0.3,-1,63.625,63.625,0
1786441526194,3000,Minimum,4471,4471,0.3,-1,63.625,63.625,0
1786441526294,3000,Minimum,4471,4471,0.3,-1,63.625,63.625,0
1786441526394,3000,Minimum,4471,4471,0.3,-1,63.625,63.625,0
1786441526494,3000,Minimum,4471,4471,0.3,-1,63.625,63.625,0
1786441526594,3000,Minimum,4471,4471,0.3,-1,63.625,63.625,0
1786441526694,3000,Minimum,4471,4471,0.3,-1,63.625,63.625,0
1786441526794,3000,Minimum,4471,4471,0.3,-1,63.625,63.625,0
1786441526894,3000,Minimum,4471,4471,0.3,-1,63.6875,63.6875,0
1786441526994,3000,Minimum,4471,4471,0.3,-1,63.6875,63.6875,0
1786441527094,3000,Minimum,4471,4471,0.3,-1,63.6875,63.6875,0
1786441527194,3000,Minimum,4471,4471,0.3,-1,63.6875,63.6875,0
1786441527294,3000,Minimum,4471,4471,0.3,-1,63.6875,63.6875,0
1786441527393,3000,Minimum,4471,4471,0.3,-1,63.6875,63.6875,0
1786441527494,3000,Minimum,4471,4471,0.3,-1,63.6875,63.6875,0
1786441527593,3000,Minimum,4471,4471,0.3,-1,63.6875,63.6875,0
1786441527693,3000,Minimum,4471,4471,0.3,-1,63.6875,63.6875,0
1786441527794,3000,Minimum,4471,4471,0.3,-1,63.6875,63.6875,0
1786441527893,3000,Minimum,4471,4471,0.3,-1,63.6875,63.6875,0
1786441527993,3000,Minimum,4471,4471,0.3,-1,63.6875,63.6875,0
1786441528093,3000,Minimum,4471,4471,0.3,-1,63.6875,63.6875,0
1786441528192,3000,Minimum,4471,4471,0.3,-1,63.6875,63.6875,0
1786441528293,3000,Minimum,4471,4471,0.3,-1,63.6875,63.6875,0
1786441528393,3000,Minimum,4471,4471,0.3,-1,63.6875,63.6875,0
1786441528493,3000,Minimum,4471,4471,0.3,-1,63.6875,63.6875,0
1786441528593,3000,Minimum,4471,4471,0.3,-1,63.6875,63.6875,0
1786441528693,3000,Minimum,4471,4471,0.3,-1,63.6875,63.6875,0
1786441528793,3000,Minimum,4471,4471,0.3,-1,63.6875,63.6875,0
1786441528893,3000,Minimum,4471,4471,0.3,-1,63.75,63.75,0
1786441528993,3000,Minimum,4471,4471,0.3,-1,63.75,63.75,0
1786441529092,3000,Minimum,4471,4471,0.3,-1,63.75,63.75,0
1786441529193,3000,Minimum,4471,4471,0.3,-1,63.75,63.75,0
1786441529292,3000,Minimum,4471,4471,0.3,-1,63.75,63.75,0
1786441529392,3000,Minimum,4471,4471,0.3,-1,63.75,63.75,0
1786441529492,3000,Minimum,4471,4471,0.3,-1,63.75,63.75,0
1786441529593,3000,Minimum,4471,4471,0.3,-1,63.75,63.75,0
1786441529693,3000,Minimum,4471,4471,0.3,-1,63.75,63.75,0
1786441529792,3000,Minimum,4471,4471,0.3,-1,63.75,63.75,0
1786441529893,3000,Minimum,4471,4471,0.3,-1,63.8125,63.8125,0
1786441529993,3000,Minimum,4471,4471,0.3,-1,63.8125,63.8125,0
1786441530092,3000,Minimum,4471,4471,0.3,-1,63.8125,63.8125,0
1786441530192,3000,Minimum,4471,4471,0.3,-1,63.8125,63.8125,0
1786441530292,3000,Minimum,4471,4471,0.3,-1,63.8125,63.8125,0
1786441530392,3000,Minimum,4471,4471,0.3,-1,63.8125,63.8125,0
1786441530492,3000,Minimum,4471,4471,0.3,-1,63.8125,63.8125,0
1786441530592,3000,Minimum,4471,4471,0.3,-1,63.8125,63.8125,0
1786441530692,3000,Minimum,4471,4471,0.3,-1,63.8125,63.8125,0
1786441530792,3000,Minimum,4471,4471,0.3,-1,63.8125,63.8125,0
1786441530893,3000,Minimum,4471,4471,0.3,-1,63.75,63.75,0
1786441530993,3000,Minimum,4471,4471,0.3,-1,63.75,63.75,0
1786441531093,3000,Minimum,4471,4471,0.3,-1,63.75,63.75,0
1786441531192,3000,Minimum,4471,4471,0.3,-1,63.75,63.75,0
1786441531292,3000,Minimum,4471,4471,0.3,-1,63.75,63.75,0
1786441531393,3000,Minimum,4471,4471,0.3,-1,63.75,63.75,0
1786441531493,3000,Minimum,4471,4471,0.3,-1,63.75,63.75,0
1786441531593,3000,Minimum,4471,4471,0.3,-1,63.75,63.75,0
1786441531693,3000,Minimum,4471,4471,0.3,-1,63.75,63.75,0
1786441531793,3000,Minimum,4471,4471,0.3,-1,63.75,63.75,0
1786441531893,3000,Minimum,4471,4471,0.3,-1,63.875,63.875,0
1786441531993,3000,Minimum,4471,4471,0.3,-1,63.875,63.875,0
1786441532092,3000,Minimum,4471,4471,0.3,-1,63.875,63.875,0
1786441532193,3000,Minimum,4471,4471,0.3,-1,63.875,63.875,0
1786441532293,3000,Minimum,4471,4471,0.3,-1,63.875,63.875,0
1786441532393,3000,Minimum,4471,4471,0.3,-1,63.875,63.875,0
1786441532492,3000,Minimum,4471,4471,0.3,-1,63.875,63.875,0
1786441532592,3000,Minimum,4471,4471,0.3,-1,63.875,63.875,0
1786441532693,3000,Minimum,4471,4471,0.3,-1,63.875,63.875,0
1786441532792,3000,Minimum,4471,4471,0.3,-1,63.875,63.875,0
1786441532893,3000,Minimum,4471,4471,0.3,-1,63.75,63.75,0
1786441532993,3000,Minimum,4471,4471,0.3,-1,63.75,63.75,0
1786441533093,3000,Minimum,4471,4471,0.3,-1,63.75,63.75,0
1786441533192,3000,Minimum,4471,4471,0.3,-1,63.75,63.75,0
1786441533293,3000,Minimum,4471,4471,0.3,-1,63.75,63.75,0
1786441533393,3000,Minimum,4471,4471,0.3,-1,63.75,63.75,0
1786441533492,3000,Minimum,4471,4471,0.3,-1,63.75,63.75,0
1786441533592,3000,Minimum,4471,4471,0.3,-1,63.75,63.75,0
1786441533693,3000,Minimum,4471,4471,0.3,-1,63.75,63.75,0
1786441533792,3000,Minimum,4471,4471,0.3,-1,63.75,63.75,0
1786441533892,3000,Minimum,4471,4471,0.3,-1,63.8125,63.8125,0
1786441533993,3000,Minimum,4471,4471,0.3,-1,63.8125,63.8125,0
1786441534093,3000,Minimum,4471,4471,0.3,-1,63.8125,63.8125,0
1786441534193,3000,Minimum,4471,4471,0.3,-1,63.8125,63.8125,0
1786441534292,3000,Minimum,4471,4471,0.3,-1,63.8125,63.8125,0
1786441534393,3000,Minimum,4471,4471,0.3,-1,63.8125,63.8125,0
1786441534492,3000,Minimum,4471,4471,0.3,-1,63.8125,63.8125,0
1786441534593,3000,Minimum,4471,4471,0.3,-1,63.8125,63.8125,0
1786441534693,3000,Minimum,4471,4471,0.3,-1,63.8125,63.8125,0
1786441534792,3000,Minimum,4471,4471,0.3,-1,63.8125,63.8125,0
1786441534892,3000,Minimum,4471,4471,0.3,-1,63.8125,63.8125,0
1786441534992,3000,Minimum,4471,4471,0.3,-1,63.8125,63.8125,0
1786441535092,3000,Minimum,4471,4471,0.3,-1,63.8125,63.8125,0
1786441535192,3000,Minimum,4471,4471,0.3,-1,63.8125,63.8125,0
1786441535292,3000,Minimum,4471,4471,0.3,-1,63.8125,63.8125,0
1786441535393,3000,Minimum,4471,4471,0.3,-1,63.8125,63.8125,0
1786441535492,3000,Minimum,4471,4471,0.3,-1,63.8125,63.8125,0
1786441535592,3000,Minimum,4471,4471,0.3,-1,63.8125,63.8125,0
1786441535693,3000,Minimum,4471,4471,0.3,-1,63.8125,63.8125,0
1786441535792,3000,Minimum,4471,4471,0.3,-1,63.8125,63.8125,0
1786441535892,3000,Minimum,4471,4471,0.3,-1,63.8125,63.8125,0
1786441535992,3000,Minimum,4471,4471,0.3,-1,63.8125,63.8125,0
1786441536092,3000,Minimum,4471,4471,0.3,-1,63.8125,63.8125,0
1786441536192,3000,Minimum,4471,4471,0.3,-1,63.8125,63.8125,0
1786441536292,3000,Minimum,4471,4471,0.3,-1,63.8125,63.8125,0
1786441536392,3000,Minimum,4471,4471,0.3,-1,63.8125,63.8125,0
1786441536492,3000,Minimum,4471,4471,0.3,-1,63.8125,63.8125,0
1786441536592,3000,Minimum,4471,4471,0.3,-1,63.8125,63.8125,0
1786441536692,3000,Minimum,4471,4471,0.3,-1,63.8125,63.8125,0
1786441536792,3000,Minimum,4471,4471,0.3,-1,63.8125,63.8125,0
1786441536892,3000,Minimum,4471,4471,0.3,-1,63.8125,63.8125,0
1786441536992,3000,Minimum,4471,4471,0.3,-1,63.8125,63.8125,0
1786441537092,3000,Minimum,4471,4471,0.3,-1,63.8125,63.8125,0
1786441537192,3000,Minimum,4471,4471,0.3,-1,63.8125,63.8125,0
1786441537292,3000,Minimum,4471,4471,0.3,-1,63.8125,63.8125,0
1786441537392,3000,Minimum,4471,4471,0.3,-1,63.8125,63.8125,0
1786441537492,3000,Minimum,4471,4471,0.3,-1,63.8125,63.8125,0
1786441537592,3000,Minimum,4471,4471,0.3,-1,63.8125,63.8125,0
1786441537692,3000,Minimum,4471,4471,0.3,-1,63.8125,63.8125,0
1786441537792,3000,Minimum,4471,4471,0.3,-1,63.8125,63.8125,0
1786441537892,3000,Minimum,4471,4471,0.3,-1,63.8125,63.8125,0
1786441537992,3000,Minimum,4471,4471,0.3,-1,63.8125,63.8125,0
1786441538092,3000,Minimum,4471,4471,0.3,-1,63.8125,63.8125,0
1786441538192,3000,Minimum,4471,4471,0.3,-1,63.8125,63.8125,0
1786441538292,3000,Minimum,4471,4471,0.3,-1,63.8125,63.8125,0
1786441538392,3000,Minimum,4471,4471,0.3,-1,63.8125,63.8125,0
1786441538492,3000,Minimum,4471,4471,0.3,-1,63.8125,63.8125,0
1786441538592,3000,Minimum,4471,4471,0.3,-1,63.8125,63.8125,0
1786441538692,3000,Minimum,4471,4471,0.3,-1,63.8125,63.8125,0
1786441538792,3000,Minimum,4471,4471,0.3,-1,63.8125,63.8125,0
1786441538892,3000,Minimum,4471,4471,0.3,-1,63.9375,63.9375,0
1786441538992,3000,Minimum,4471,4471,0.3,-1,63.9375,63.9375,0
1786441539092,3000,Minimum,4471,4471,0.3,-1,63.9375,63.9375,0
1786441539192,3000,Minimum,4471,4471,0.3,-1,63.9375,63.9375,0
1786441539292,3000,Minimum,4471,4471,0.3,-1,63.9375,63.9375,0
1786441539392,3000,Minimum,4471,4471,0.3,-1,63.9375,63.9375,0
1786441539492,3000,Minimum,4471,4471,0.3,-1,63.9375,63.9375,0
1786441539592,3000,Minimum,4471,4471,0.3,-1,63.9375,63.9375,0
1786441539692,3000,Minimum,4471,4471,0.3,-1,63.9375,63.9375,0
1786441539792,3000,Minimum,4471,4471,0.3,-1,63.9375,63.9375,0
1786441539892,3000,Minimum,4471,4471,0.3,-1,63.9375,63.9375,0
1786441539992,3000,Minimum,4471,4471,0.3,-1,63.9375,63.9375,0
1786441540092,3000,Minimum,4471,4471,0.3,-1,63.9375,63.9375,0
1786441540192,3000,Minimum,4471,4471,0.3,-1,63.9375,63.9375,0
1786441540292,3000,Minimum,4471,4471,0.3,-1,63.9375,63.9375,0
1786441540392,3000,Minimum,4471,4471,0.3,-1,63.9375,63.9375,0
1786441540492,3000,Minimum,4471,4471,0.3,-1,63.9375,63.9375,0
1786441540592,3000,Minimum,4471,4471,0.3,-1,63.9375,63.9375,0
1786441540692,3000,Minimum,4471,4471,0.3,-1,63.9375,63.9375,0
1786441540792,3000,Minimum,4471,4471,0.3,-1,63.9375,63.9375,0
1786441540892,3000,Minimum,4471,4471,0.3,-1,63.9375,63.9375,0
1786441540992,3000,Minimum,4471,4471,0.3,-1,63.9375,63.9375,0
1786441541092,3000,Minimum,4471,4471,0.3,-1,63.9375,63.9375,0
1786441541192,3000,Minimum,4471,4471,0.3,-1,63.9375,63.9375,0
1786441541292,3000,Minimum,4471,4471,0.3,-1,63.9375,63.9375,0
1786441541392,3000,Minimum,4471,4471,0.3,-1,63.9375,63.9375,0
1786441541492,3000,Minimum,4471,4471,0.3,-1,63.9375,63.9375,0
1786441541592,3000,Minimum,4471,4471,0.3,-1,63.9375,63.9375,0
1786441541692,3000,Minimum,4471,4471,0.3,-1,63.9375,63.9375,0
1786441541792,3000,Minimum,4471,4471,0.3,-1,63.9375,63.9375,0
1786441541892,3000,Minimum,4471,4471,0.3,-1,63.875,63.875,0
1786441541992,3000,Minimum,4471,4471,0.3,-1,63.875,63.875,0
1786441542092,3000,Minimum,4471,4471,0.3,-1,63.875,63.875,0
1786441542192,3000,Minimum,4471,4471,0.3,-1,63.875,63.875,0
1786441542292,3000,Minimum,4471,4471,0.3,-1,63.875,63.875,0
1786441542392,3000,Minimum,4471,4471,0.3,-1,63.875,63.875,0
1786441542492,3000,Minimum,4471,4471,0.3,-1,63.875,63.875,0
1786441542592,3000,Minimum,4471,4471,0.3,-1,63.875,63.875,0
1786441542692,3000,Minimum,4471,4471,0.3,-1,63.875,63.875,0
1786441542792,3000,Minimum,4471,4471,0.3,-1,63.875,63.875,0
1786441542892,3000,Minimum,4471,4471,0.3,-1,63.875,63.875,0
1786441542992,3000,Minimum,4471,4471,0.3,-1,63.875,63.875,0
1786441543092,3000,Minimum,4471,4471,0.3,-1,63.875,63.875,0
1786441543192,3000,Minimum,4471,4471,0.3,-1,63.875,63.875,0
1786441543292,3000,Minimum,4471,4471,0.3,-1,63.875,63.875,0
1786441543392,3000,Minimum,4471,4471,0.3,-1,63.875,63.875,0
1786441543492,3000,Minimum,4471,4471,0.3,-1,63.875,63.875,0
1786441543592,3000,Minimum,4471,4471,0.3,-1,63.875,63.875,0
1786441543692,3000,Minimum,4471,4471,0.3,-1,63.875,63.875,0
1786441543792,3000,Minimum,4471,4471,0.3,-1,63.875,63.875,0
1786441543892,3000,Minimum,4471,4471,0.3,-1,63.9375,63.9375,0
1786441543992,3000,Minimum,4471,4471,0.3,-1,63.9375,63.9375,0
1786441544092,3000,Minimum,4471,4471,0.3,-1,63.9375,63.9375,0
1786441544192,3000,Minimum,4471,4471,0.3,-1,63.9375,63.9375,0
1786441544292,3000,Minimum,4471,4471,0.3,-1,63.9375,63.9375,0
1786441544392,3000,Minimum,4471,4471,0.3,-1,63.9375,63.9375,0
1786441544492,3000,Minimum,4471,4471,0.3,-1,63.9375,63.9375,0
1786441544592,3000,Minimum,4471,4471,0.3,-1,63.9375,63.9375,0
1786441544692,3000,Minimum,4471,4471,0.3,-1,63.9375,63.9375,0
1786441544792,3000,Minimum,4471,4471,0.3,-1,63.9375,63.9375,0
1786441544892,3000,Minimum,4471,4471,0.3,-1,63.9375,63.9375,0
1786441544992,3000,Minimum,4471,4471,0.3,-1,63.9375,63.9375,0
1786441545092,3000,Minimum,4471,4471,0.3,-1,63.9375,63.9375,0
1786441545192,3000,Minimum,4471,4471,0.3,-1,63.9375,63.9375,0
1786441545292,3000,Minimum,4471,4471,0.3,-1,63.9375,63.9375,0
1786441545392,3000,Minimum,4471,4471,0.3,-1,63.9375,63.9375,0
1786441545492,3000,Minimum,4471,4471,0.3,-1,63.9375,63.9375,0
1786441545592,3000,Minimum,4471,4471,0.3,-1,63.9375,63.9375,0
1786441545692,3000,Minimum,4471,4471,0.3,-1,63.9375,63.9375,0
1786441545792,3000,Minimum,4471,4471,0.3,-1,63.9375,63.9375,0
1786441545892,3000,Minimum,4471,4471,0.3,-1,64,64,0
1786441545992,3000,Minimum,4471,4471,0.3,-1,64,64,0
1786441546092,3000,Minimum,4471,4471,0.3,-1,64,64,0
1786441546192,3000,Minimum,4471,4471,0.3,-1,64,64,0
1786441546292,3000,Minimum,4471,4471,0.3,-1,64,64,0
1786441546392,3000,Minimum,4471,4471,0.3,-1,64,64,0
1786441546492,3000,Minimum,4471,4471,0.3,-1,64,64,0
1786441546592,3000,Minimum,4471,4471,0.3,-1,64,64,0
1786441546692,3000,Minimum,4471,4471,0.3,-1,64,64,0
1786441546792,3000,Minimum,4471,4471,0.3,-1,64,64,0
1786441546892,3000,Minimum,4471,4471,0.3,-1,64,64,0
1786441546992,3000,Minimum,4471,4471,0.3,-1,64,64,0
1786441547092,3000,Minimum,4471,4471,0.3,-1,64,64,0
1786441547192,3000,Minimum,4471,4471,0.3,-1,64,64,0
1786441547292,3000,Minimum,4471,4471,0.3,-1,64,64,0
1786441547392,3000,Minimum,4471,4471,0.3,-1,64,64,0
1786441547492,3000,Minimum,4471,4471,0.3,-1,64,64,0
1786441547592,3000,Minimum,4471,4471,0.3,-1,64,64,0
1786441547692,3000,Minimum,4471,4471,0.3,-1,64,64,0
1786441547792,3000,Minimum,4471,4471,0.3,-1,64,64,0
1786441547892,3000,Minimum,4471,4471,0.3,-1,63.9375,63.9375,0
1786441547992,3000,Minimum,4471,4471,0.3,-1,63.9375,63.9375,0
1786441548092,3000,Minimum,4471,4471,0.3,-1,63.9375,63.9375,0
1786441548193,3000,Minimum,4471,4471,0.3,-1,63.9375,63.9375,0
1786441548292,3000,Minimum,4471,4471,0.3,-1,63.9375,63.9375,0
1786441548392,3000,Minimum,4471,4471,0.3,-1,63.9375,63.9375,0
1786441548492,3000,Minimum,4471,4471,0.3,-1,63.9375,63.9375,0
1786441548592,3000,Minimum,4471,4471,0.3,-1,63.9375,63.9375,0
1786441548692,3000,Minimum,4471,4471,0.3,-1,63.9375,63.9375,0
1786441548792,3000,Minimum,4471,4471,0.3,-1,63.9375,63.9375,0
1786441548892,3000,Minimum,4471,4471,0.3,-1,64,64,0
1786441548992,3000,Minimum,4471,4471,0.3,-1,64,64,0
1786441549092,3000,Minimum,4471,4471,0.3,-1,64,64,0
1786441549192,3000,Minimum,4471,4471,0.3,-1,64,64,0
1786441549292,3000,Minimum,4471,4471,0.3,-1,64,64,0
1786441549392,3000,Minimum,4471,4471,0.3,-1,64,64,0
1786441549492,3000,Minimum,4471,4471,0.3,-1,64,64,0
1786441549592,3000,Minimum,4471,4471,0.3,-1,64,64,0
1786441549692,3000,Minimum,4471,4471,0.3,-1,64,64,0
1786441549792,3000,Minimum,4471,4471,0.3,-1,64,64,0
1786441549892,3000,Minimum,4471,4471,0.3,-1,63.9375,63.9375,0
1786441549992,3000,Minimum,4471,4471,0.3,-1,63.9375,63.9375,0
1786441550092,3000,Minimum,4471,4471,0.3,-1,63.9375,63.9375,0
1786441550192,3000,Minimum,4471,4471,0.3,-1,63.9375,63.9375,0
1786441550292,3000,Minimum,4471,4471,0.3,-1,63.9375,63.9375,0
1786441550392,3000,Minimum,4471,4471,0.3,-1,63.9375,63.9375,0
1786441550492,3000,Minimum,4471,4471,0.3,-1,63.9375,63.9375,0
1786441550592,3000,Minimum,4471,4471,0.3,-1,63.9375,63.9375,0
1786441550692,3000,Minimum,4471,4471,0.3,-1,63.9375,63.9375,0
1786441550792,3000,Minimum,4471,4471,0.3,-1,63.9375,63.9375,0
1786441550892,3000,Minimum,4471,4471,0.3,-1,63.875,63.875,0
1786441550992,3000,Minimum,4471,4471,0.3,-1,63.875,63.875,0
1786441551092,3000,Minimum,4471,4471,0.3,-1,63.875,63.875,0
1786441551192,3000,Minimum,4471,4471,0.3,-1,63.875,63.875,0
1786441551292,3000,Minimum,4471,4471,0.3,-1,63.875,63.875,0
1786441551392,3000,Minimum,4471,4471,0.3,-1,63.875,63.875,0
1786441551492,3000,Minimum,4471,4471,0.3,-1,63.875,63.875,0
1786441551592,3000,Minimum,4471,4471,0.3,-1,63.875,63.875,0
1786441551692,3000,Minimum,4471,4471,0.3,-1,63.875,63.875,0
1786441551792,3000,Minimum,4471,4471,0.3,-1,63.875,63.875,0
1786441551892,3000,Minimum,4471,4471,0.3,-1,64.0625,64.0625,0
1786441551992,3000,Minimum,4471,4471,0.3,-1,64.0625,64.0625,0
1786441552092,3000,Minimum,4471,4471,0.3,-1,64.0625,64.0625,0
1786441552192,3000,Minimum,4471,4471,0.3,-1,64.0625,64.0625,0
1786441552292,3000,Minimum,4471,4471,0.3,-1,64.0625,64.0625,0
1786441552392,3000,Minimum,4471,4471,0.3,-1,64.0625,64.0625,0
1786441552492,3000,Minimum,4471,4471,0.3,-1,64.0625,64.0625,0
1786441552592,3000,Minimum,4471,4471,0.3,-1,64.0625,64.0625,0
1786441552692,3000,Minimum,4471,4471,0.3,-1,64.0625,64.0625,0
1786441552792,3000,Minimum,4471,4471,0.3,-1,64.0625,64.0625,0
1786441552892,3000,Minimum,4471,4471,0.3,-1,64,64,0
1786441552992,3000,Minimum,4471,4471,0.3,-1,64,64,0
1786441553092,3000,Minimum,4471,4471,0.3,-1,64,64,0
1786441553192,3000,Minimum,4471,4471,0.3,-1,64,64,0
1786441553292,3000,Minimum,4471,4471,0.3,-1,64,64,0
1786441553392,3000,Minimum,4471,4471,0.3,-1,64,64,0
1786441553492,3000,Minimum,4471,4471,0.3,-1,64,64,0
1786441553592,3000,Minimum,4471,4471,0.3,-1,64,64,0
1786441553692,3000,Minimum,4471,4471,0.3,-1,64,64,0
1786441553792,3000,Minimum,4471,4471,0.3,-1,64,64,0
1786441553892,3000,Minimum,4471,4471,0.3,-1,64.0625,64.0625,0
1786441553992,3000,Minimum,4471,4471,0.3,-1,64.0625,64.0625,0
1786441554092,3000,Minimum,4471,4471,0.3,-1,64.0625,64.0625,0
1786441554192,3000,Minimum,4471,4471,0.3,-1,64.0625,64.0625,0
1786441554292,3000,Minimum,4471,4471,0.3,-1,64.0625,64.0625,0
1786441554392,3000,Minimum,4471,4471,0.3,-1,64.0625,64.0625,0
1786441554492,3000,Minimum,4471,4471,0.3,-1,64.0625,64.0625,0
1786441554592,3000,Minimum,4471,4471,0.3,-1,64.0625,64.0625,0
1786441554692,3000,Minimum,4471,4471,0.3,-1,64.0625,64.0625,0
1786441554792,3000,Minimum,4471,4471,0.3,-1,64.0625,64.0625,0
1786441554892,3000,Minimum,4471,4471,0.3,-1,64.125,64.125,0
1786441554992,3000,Minimum,4471,4471,0.3,-1,64.125,64.125,0
1786441555094,3000,Minimum,4471,4471,0.3,-1,64.125,64.125,0
1786441555194,3000,Minimum,4471,4471,0.3,-1,64.125,64.125,0
1786441555294,3000,Minimum,4471,4471,0.3,-1,64.125,64.125,0
1786441555394,3000,Minimum,4471,4471,0.3,-1,64.125,64.125,0
1786441555494,3000,Minimum,4471,4471,0.3,-1,64.125,64.125,0
1786441555594,3000,Minimum,4471,4471,0.3,-1,64.125,64.125,0
1786441555694,3000,Minimum,4471,4471,0.3,-1,64.125,64.125,0
1786441555793,3000,Minimum,4471,4471,0.3,-1,64.125,64.125,0
1786441555894,3000,Minimum,4471,4471,0.3,-1,64.0625,64.0625,0
1786441555994,3000,Minimum,4471,4471,0.3,-1,64.0625,64.0625,0
1786441556094,3000,Minimum,4471,4471,0.3,-1,64.0625,64.0625,0
1786441556194,3000,Minimum,4471,4471,0.3,-1,64.0625,64.0625,0
1786441556294,3000,Minimum,4471,4471,0.3,-1,64.0625,64.0625,0
1786441556394,3000,Minimum,4471,4471,0.3,-1,64.0625,64.0625,0
1786441556494,3000,Minimum,4471,4471,0.3,-1,64.0625,64.0625,0
1786441556594,3000,Minimum,4471,4471,0.3,-1,64.0625,64.0625,0
1786441556692,3000,Minimum,4471,4471,0.3,-1,64.0625,64.0625,0
1786441556792,3000,Minimum,4471,4471,0.3,-1,64.0625,64.0625,0
1786441556894,3000,Minimum,4471,4471,0.3,-1,64.0625,64.0625,0
1786441556994,3000,Minimum,4471,4471,0.3,-1,64.0625,64.0625,0
1786441557093,3000,Minimum,4471,4471,0.3,-1,64.0625,64.0625,0
1786441557194,3000,Minimum,4471,4471,0.3,-1,64.0625,64.0625,0
1786441557294,3000,Minimum,4471,4471,0.3,-1,64.0625,64.0625,0
1786441557394,3000,Minimum,4471,4471,0.3,-1,64.0625,64.0625,0
1786441557493,3000,Minimum,4471,4471,0.3,-1,64.0625,64.0625,0
1786441557593,3000,Minimum,4471,4471,0.3,-1,64.0625,64.0625,0
1786441557694,3000,Minimum,4471,4471,0.3,-1,64.0625,64.0625,0
1786441557794,3000,Minimum,4471,4471,0.3,-1,64.0625,64.0625,0
1786441557894,3000,Minimum,4471,4471,0.3,-1,64.0625,64.0625,0
1786441557994,3000,Minimum,4471,4471,0.3,-1,64.0625,64.0625,0
1786441558092,3000,Minimum,4471,4471,0.3,-1,64.0625,64.0625,0
1786441558194,3000,Minimum,4471,4471,0.3,-1,64.0625,64.0625,0
1786441558293,3000,Minimum,4471,4471,0.3,-1,64.0625,64.0625,0
1786441558394,3000,Minimum,4471,4471,0.3,-1,64.0625,64.0625,0
1786441558494,3000,Minimum,4471,4471,0.3,-1,64.0625,64.0625,0
1786441558593,3000,Minimum,4471,4471,0.3,-1,64.0625,64.0625,0
1786441558694,3000,Minimum,4471,4471,0.3,-1,64.0625,64.0625,0
1786441558794,3000,Minimum,4471,4471,0.3,-1,64.0625,64.0625,0
1786441558894,3000,Minimum,4471,4471,0.3,-1,64.125,64.125,0
1786441558994,3000,Minimum,4471,4471,0.3,-1,64.125,64.125,0
1786441559093,3000,Minimum,4471,4471,0.3,-1,64.125,64.125,0
1786441559193,3000,Minimum,4471,4471,0.3,-1,64.125,64.125,0
1786441559293,3000,Minimum,4471,4471,0.3,-1,64.125,64.125,0
1786441559393,3000,Minimum,4471,4471,0.3,-1,64.125,64.125,0
1786441559493,3000,Minimum,4471,4471,0.3,-1,64.125,64.125,0
1786441559594,3000,Minimum,4471,4471,0.3,-1,64.125,64.125,0
1786441559693,3000,Minimum,4471,4471,0.3,-1,64.125,64.125,0
1786441559793,3000,Minimum,4471,4471,0.3,-1,64.125,64.125,0
1786441559893,3000,Minimum,4471,4471,0.3,-1,64.125,64.125,0
1786441559993,3000,Minimum,4471,4471,0.3,-1,64.125,64.125,0
1786441560093,3000,Minimum,4471,4471,0.3,-1,64.125,64.125,0
1786441560193,3000,Minimum,4471,4471,0.3,-1,64.125,64.125,0
1786441560293,3000,Minimum,4471,4471,0.3,-1,64.125,64.125,0
1786441560393,3000,Minimum,4471,4471,0.3,-1,64.125,64.125,0
1786441560493,3000,Minimum,4471,4471,0.3,-1,64.125,64.125,0
1786441560593,3000,Minimum,4471,4471,0.3,-1,64.125,64.125,0
1786441560693,3000,Minimum,4471,4471,0.3,-1,64.125,64.125,0
1786441560793,3000,Minimum,4471,4471,0.3,-1,64.125,64.125,0
1786441560893,3000,Minimum,4471,4471,0.3,-1,64.0625,64.0625,0
1786441560993,3000,Minimum,4471,4471,0.3,-1,64.0625,64.0625,0
1786441561093,3000,Minimum,4471,4471,0.3,-1,64.0625,64.0625,0
1786441561193,3000,Minimum,4471,4471,0.3,-1,64.0625,64.0625,0
1786441561293,3000,Minimum,4471,4471,0.3,-1,64.0625,64.0625,0
1786441561393,3000,Minimum,4471,4471,0.3,-1,64.0625,64.0625,0
1786441561493,3000,Minimum,4471,4471,0.3,-1,64.0625,64.0625,0
1786441561593,3000,Minimum,4471,4471,0.3,-1,64.0625,64.0625,0
1786441561693,3000,Minimum,4471,4471,0.3,-1,64.0625,64.0625,0
1786441561793,3000,Minimum,4471,4471,0.3,-1,64.0625,64.0625,0
1786441561893,3000,Minimum,4471,4471,0.3,-1,64.125,64.125,0
1786441561992,3000,Minimum,4471,4471,0.3,-1,64.125,64.125,0
1786441562093,3000,Minimum,4471,4471,0.3,-1,64.125,64.125,0
1786441562192,3000,Minimum,4471,4471,0.3,-1,64.125,64.125,0
1786441562293,3000,Minimum,4471,4471,0.3,-1,64.125,64.125,0
1786441562393,3000,Minimum,4471,4471,0.3,-1,64.125,64.125,0
1786441562493,3000,Minimum,4471,4471,0.3,-1,64.125,64.125,0
1786441562593,3000,Minimum,4471,4471,0.3,-1,64.125,64.125,0
1786441562693,3000,Minimum,4471,4471,0.3,-1,64.125,64.125,0
1786441562793,3000,Minimum,4471,4471,0.3,-1,64.125,64.125,0
1786441562893,3000,Minimum,4471,4471,0.3,-1,64.0625,64.0625,0
1786441562993,3000,Minimum,4471,4471,0.3,-1,64.0625,64.0625,0
1786441563093,3000,Minimum,4471,4471,0.3,-1,64.0625,64.0625,0
1786441563193,3000,Minimum,4471,4471,0.3,-1,64.0625,64.0625,0
1786441563293,3000,Minimum,4471,4471,0.3,-1,64.0625,64.0625,0
1786441563393,3000,Minimum,4471,4471,0.3,-1,64.0625,64.0625,0
1786441563493,3000,Minimum,4471,4471,0.3,-1,64.0625,64.0625,0
1786441563593,3000,Minimum,4471,4471,0.3,-1,64.0625,64.0625,0
1786441563692,3000,Minimum,4471,4471,0.3,-1,64.0625,64.0625,0
1786441563793,3000,Minimum,4471,4471,0.3,-1,64.0625,64.0625,0
1786441563893,3000,Minimum,4471,4471,0.3,-1,64.125,64.125,0
1786441563993,3000,Minimum,4471,4471,0.3,-1,64.125,64.125,0
1786441564093,3000,Minimum,4471,4471,0.3,-1,64.125,64.125,0
1786441564193,3000,Minimum,4471,4471,0.3,-1,64.125,64.125,0
1786441564293,3000,Minimum,4471,4471,0.3,-1,64.125,64.125,0
1786441564393,3000,Minimum,4471,4471,0.3,-1,64.125,64.125,0
1786441564492,3000,Minimum,4471,4471,0.3,-1,64.125,64.125,0
1786441564592,3000,Minimum,4471,4471,0.3,-1,64.125,64.125,0
1786441564692,3000,Minimum,4471,4471,0.3,-1,64.125,64.125,0
1786441564793,3000,Minimum,4471,4471,0.3,-1,64.125,64.125,0
1786441564893,3000,Minimum,4471,4471,0.3,-1,64.125,64.125,0
1786441564992,3000,Minimum,4471,4471,0.3,-1,64.125,64.125,0
1786441565092,3000,Minimum,4471,4471,0.3,-1,64.125,64.125,0
1786441565193,3000,Minimum,4471,4471,0.3,-1,64.125,64.125,0
1786441565293,3000,Minimum,4471,4471,0.3,-1,64.125,64.125,0
1786441565393,3000,Minimum,4471,4471,0.3,-1,64.125,64.125,0
1786441565492,3000,Minimum,4471,4471,0.3,-1,64.125,64.125,0
1786441565593,3000,Minimum,4471,4471,0.3,-1,64.125,64.125,0
1786441565693,3000,Minimum,4471,4471,0.3,-1,64.125,64.125,0
1786441565793,3000,Minimum,4471,4471,0.3,-1,64.125,64.125,0
1786441565893,3000,Minimum,4471,4471,0.3,-1,64.125,64.125,0
1786441565992,3000,Minimum,4471,4471,0.3,-1,64.125,64.125,0
1786441566092,3000,Minimum,4471,4471,0.3,-1,64.125,64.125,0
1786441566193,3000,Minimum,4471,4471,0.3,-1,64.125,64.125,0
1786441566293,3000,Minimum,4471,4471,0.3,-1,64.125,64.125,0
1786441566392,3000,Minimum,4471,4471,0.3,-1,64.125,64.125,0
1786441566493,3000,Minimum,4471,4471,0.3,-1,64.125,64.125,0
1786441566592,3000,Minimum,4471,4471,0.3,-1,64.125,64.125,0
1786441566692,3000,Minimum,4471,4471,0.3,-1,64.125,64.125,0
1786441566792,3000,Minimum,4471,4471,0.3,-1,64.125,64.125,0
1786441566892,3000,Minimum,4471,4471,0.3,-1,64.125,64.125,0
1786441566993,3000,Minimum,4471,4471,0.3,-1,64.125,64.125,0
1786441567092,3000,Minimum,4471,4471,0.3,-1,64.125,64.125,0
1786441567192,3000,Minimum,4471,4471,0.3,-1,64.125,64.125,0
1786441567292,3000,Minimum,4471,4471,0.3,-1,64.125,64.125,0
1786441567392,3000,Minimum,4471,4471,0.3,-1,64.125,64.125,0
1786441567492,3000,Minimum,4471,4471,0.3,-1,64.125,64.125,0
1786441567592,3000,Minimum,4471,4471,0.3,-1,64.125,64.125,0
1786441567692,3000,Minimum,4471,4471,0.3,-1,64.125,64.125,0
1786441567792,3000,Minimum,4471,4471,0.3,-1,64.125,64.125,0
1786441567892,3000,Minimum,4471,4471,0.3,-1,64.125,64.125,0
1786441567992,3000,Minimum,4471,4471,0.3,-1,64.125,64.125,0
1786441568092,3000,Minimum,4471,4471,0.3,-1,64.125,64.125,0
1786441568192,3000,Minimum,4471,4471,0.3,-1,64.125,64.125,0
1786441568292,3000,Minimum,4471,4471,0.3,-1,64.125,64.125,0
1786441568392,3000,Minimum,4471,4471,0.3,-1,64.125,64.125,0
1786441568492,3000,Minimum,4471,4471,0.3,-1,64.125,64.125,0
1786441568592,3000,Minimum,4471,4471,0.3,-1,64.125,64.125,0
1786441568692,3000,Minimum,4471,4471,0.3,-1,64.125,64.125,0
1786441568792,3000,Minimum,4471,4471,0.3,-1,64.125,64.125,0
1786441568892,3000,Minimum,4471,4471,0.3,-1,64.1875,64.1875,0
1786441568992,3000,Minimum,4471,4471,0.3,-1,64.1875,64.1875,0
1786441569092,3000,Minimum,4471,4471,0.3,-1,64.1875,64.1875,0
1786441569192,3000,Minimum,4471,4471,0.3,-1,64.1875,64.1875,0
1786441569292,3000,Minimum,4471,4471,0.3,-1,64.1875,64.1875,0
1786441569392,3000,Minimum,4471,4471,0.3,-1,64.1875,64.1875,0
1786441569492,3000,Minimum,4471,4471,0.3,-1,64.1875,64.1875,0
1786441569592,3000,Minimum,4471,4471,0.3,-1,64.1875,64.1875,0
1786441569692,3000,Minimum,4471,4471,0.3,-1,64.1875,64.1875,0
1786441569792,3000,Minimum,4471,4471,0.3,-1,64.1875,64.1875,0
1786441569892,3000,Minimum,4471,4471,0.3,-1,64.125,64.125,0
1786441569992,3000,Minimum,4471,4471,0.3,-1,64.125,64.125,0
1786441570092,3000,Minimum,4471,4471,0.3,-1,64.125,64.125,0
1786441570192,3000,Minimum,4471,4471,0.3,-1,64.125,64.125,0
1786441570292,3000,Minimum,4471,4471,0.3,-1,64.125,64.125,0
1786441570392,3000,Minimum,4471,4471,0.3,-1,64.125,64.125,0
1786441570492,3000,Minimum,4471,4471,0.3,-1,64.125,64.125,0
1786441570592,3000,Minimum,4471,4471,0.3,-1,64.125,64.125,0
1786441570692,3000,Minimum,4471,4471,0.3,-1,64.125,64.125,0
1786441570792,3000,Minimum,4471,4471,0.3,-1,64.125,64.125,0
1786441570892,3000,Minimum,4471,4471,0.3,-1,64.125,64.125,0
1786441570992,3000,Minimum,4471,4471,0.3,-1,64.125,64.125,0
1786441571092,3000,Minimum,4471,4471,0.3,-1,64.125,64.125,0
1786441571192,3000,Minimum,4471,4471,0.3,-1,64.125,64.125,0
1786441571292,3000,Minimum,4471,4471,0.3,-1,64.125,64.125,0
1786441571392,3000,Minimum,4471,4471,0.3,-1,64.125,64.125,0
1786441571492,3000,Minimum,4471,4471,0.3,-1,64.125,64.125,0
1786441571592,3000,Minimum,4471,4471,0.3,-1,64.125,64.125,0
1786441571692,3000,Minimum,4471,4471,0.3,-1,64.125,64.125,0
1786441571792,3000,Minimum,4471,4471,0.3,-1,64.125,64.125,0
1786441571892,3000,Minimum,4471,4471,0.3,-1,64.125,64.125,0
1786441571992,3000,Minimum,4471,4471,0.3,-1,64.125,64.125,0
1786441572092,3000,Minimum,4471,4471,0.3,-1,64.125,64.125,0
1786441572192,3000,Minimum,4471,4471,0.3,-1,64.125,64.125,0
1786441572292,3000,Minimum,4471,4471,0.3,-1,64.125,64.125,0
1786441572392,3000,Minimum,4471,4471,0.3,-1,64.125,64.125,0
1786441572492,3000,Minimum,4471,4471,0.3,-1,64.125,64.125,0
1786441572592,3000,Minimum,4471,4471,0.3,-1,64.125,64.125,0
1786441572692,3000,Minimum,4471,4471,0.3,-1,64.125,64.125,0
1786441572792,3000,Minimum,4471,4471,0.3,-1,64.125,64.125,0
1786441572892,3000,Minimum,4471,4471,0.3,-1,64.125,64.125,0
1786441572992,3000,Minimum,4471,4471,0.3,-1,64.125,64.125,0
1786441573092,3000,Minimum,4471,4471,0.3,-1,64.125,64.125,0
1786441573192,3000,Minimum,4471,4471,0.3,-1,64.125,64.125,0
1786441573292,3000,Minimum,4471,4471,0.3,-1,64.125,64.125,0
1786441573392,3000,Minimum,4471,4471,0.3,-1,64.125,64.125,0
1786441573492,3000,Minimum,4471,4471,0.3,-1,64.125,64.125,0
1786441573592,3000,Minimum,4471,4471,0.3,-1,64.125,64.125,0
1786441573692,3000,Minimum,4471,4471,0.3,-1,64.125,64.125,0
1786441573792,3000,Minimum,4471,4471,0.3,-1,64.125,64.125,0
1786441573892,3000,Minimum,4471,4471,0.3,-1,64.125,64.125,0
1786441573992,3000,Minimum,4471,4471,0.3,-1,64.125,64.125,0
1786441574092,3000,Minimum,4471,4471,0.3,-1,64.125,64.125,0
1786441574192,3000,Minimum,4471,4471,0.3,-1,64.125,64.125,0
1786441574292,3000,Minimum,4471,4471,0.3,-1,64.125,64.125,0
1786441574392,3000,Minimum,4471,4471,0.3,-1,64.125,64.125,0
1786441574492,3000,Minimum,4471,4471,0.3,-1,64.125,64.125,0
1786441574592,3000,Minimum,4471,4471,0.3,-1,64.125,64.125,0
1786441574692,3000,Minimum,4471,4471,0.3,-1,64.125,64.125,0
1786441574792,3000,Minimum,4471,4471,0.3,-1,64.125,64.125,0
1786441574892,3000,Minimum,4471,4471,0.3,-1,64.1875,64.1875,0
1786441574992,3000,Minimum,4471,4471,0.3,-1,64.1875,64.1875,0
1786441575092,3000,Minimum,4471,4471,0.3,-1,64.1875,64.1875,0
1786441575192,3000,Minimum,4471,4471,0.3,-1,64.1875,64.1875,0
1786441575293,3000,Minimum,4471,4471,0.3,-1,64.1875,64.1875,0
1786441575392,3000,Minimum,4471,4471,0.3,-1,64.1875,64.1875,0
1786441575492,3000,Minimum,4471,4471,0.3,-1,64.1875,64.1875,0
1786441575592,3000,Minimum,4471,4471,0.3,-1,64.1875,64.1875,0
1786441575692,3000,Minimum,4471,4471,0.3,-1,64.1875,64.1875,0
1786441575792,3000,Minimum,4471,4471,0.3,-1,64.1875,64.1875,0
1786441575892,3000,Minimum,4471,4471,0.3,-1,64.1875,64.1875,0
1786441575992,3000,Minimum,4471,4471,0.3,-1,64.1875,64.1875,0
1786441576092,3000,Minimum,4471,4471,0.3,-1,64.1875,64.1875,0
1786441576192,3000,Minimum,4471,4471,0.3,-1,64.1875,64.1875,0
1786441576292,3000,Minimum,4471,4471,0.3,-1,64.1875,64.1875,0
1786441576392,3000,Minimum,4471,4471,0.3,-1,64.1875,64.1875,0
1786441576492,3000,Minimum,4471,4471,0.3,-1,64.1875,64.1875,0
1786441576592,3000,Minimum,4471,4471,0.3,-1,64.1875,64.1875,0
1786441576692,3000,Minimum,4471,4471,0.3,-1,64.1875,64.1875,0
1786441576792,3000,Minimum,4471,4471,0.3,-1,64.1875,64.1875,0
1786441576892,3000,Minimum,4471,4471,0.3,-1,64.0625,64.0625,0
1786441576992,3000,Minimum,4471,4471,0.3,-1,64.0625,64.0625,0
1786441577092,3000,Minimum,4471,4471,0.3,-1,64.0625,64.0625,0
1786441577192,3000,Minimum,4471,4471,0.3,-1,64.0625,64.0625,0
1786441577292,3000,Minimum,4471,4471,0.3,-1,64.0625,64.0625,0
1786441577392,3000,Minimum,4471,4471,0.3,-1,64.0625,64.0625,0
1786441577492,3000,Minimum,4471,4471,0.3,-1,64.0625,64.0625,0
1786441577592,3000,Minimum,4471,4471,0.3,-1,64.0625,64.0625,0
1786441577692,3000,Minimum,4471,4471,0.3,-1,64.0625,64.0625,0
1786441577792,3000,Minimum,4471,4471,0.3,-1,64.0625,64.0625,0
1786441577892,3000,Minimum,4471,4471,0.3,-1,64.25,64.25,0
1786441577992,3000,Minimum,4471,4471,0.3,-1,64.25,64.25,0
1786441578092,3000,Minimum,4471,4471,0.3,-1,64.25,64.25,0
1786441578192,3000,Minimum,4471,4471,0.3,-1,64.25,64.25,0
1786441578292,3000,Minimum,4471,4471,0.3,-1,64.25,64.25,0
1786441578392,3000,Minimum,4471,4471,0.3,-1,64.25,64.25,0
1786441578492,3000,Minimum,4471,4471,0.3,-1,64.25,64.25,0
1786441578592,3000,Minimum,4471,4471,0.3,-1,64.25,64.25,0
1786441578692,3000,Minimum,4471,4471,0.3,-1,64.25,64.25,0
1786441578792,3000,Minimum,4471,4471,0.3,-1,64.25,64.25,0
1786441578892,3000,Minimum,4471,4471,0.3,-1,64.125,64.125,0
1786441578992,3000,Minimum,4471,4471,0.3,-1,64.125,64.125,0
1786441579092,3000,Minimum,4471,4471,0.3,-1,64.125,64.125,0
1786441579192,3000,Minimum,4471,4471,0.3,-1,64.125,64.125,0
1786441579292,3000,Minimum,4471,4471,0.3,-1,64.125,64.125,0
1786441579392,3000,Minimum,4471,4471,0.3,-1,64.125,64.125,0
1786441579492,3000,Minimum,4471,4471,0.3,-1,64.125,64.125,0
1786441579592,3000,Minimum,4471,4471,0.3,-1,64.125,64.125,0
1786441579692,3000,Minimum,4471,4471,0.3,-1,64.125,64.125,0
1786441579792,3000,Minimum,4471,4471,0.3,-1,64.125,64.125,0
1786441579892,3000,Minimum,4471,4471,0.3,-1,64.125,64.125,0
1786441579992,3000,Minimum,4471,4471,0.3,-1,64.125,64.125,0
1786441580092,3000,Minimum,4471,4471,0.3,-1,64.125,64.125,0
1786441580192,3000,Minimum,4471,4471,0.3,-1,64.125,64.125,0
1786441580292,3000,Minimum,4471,4471,0.3,-1,64.125,64.125,0
1786441580392,3000,Minimum,4471,4471,0.3,-1,64.125,64.125,0
1786441580492,3000,Minimum,4471,4471,0.3,-1,64.125,64.125,0
1786441580592,3000,Minimum,4471,4471,0.3,-1,64.125,64.125,0
1786441580692,3000,Minimum,4471,4471,0.3,-1,64.125,64.125,0
1786441580792,3000,Minimum,4471,4471,0.3,-1,64.125,64.125,0
1786441580892,3000,Minimum,4471,4471,0.3,-1,64.25,64.25,0
1786441580992,3000,Minimum,4471,4471,0.3,-1,64.25,64.25,0
1786441581092,3000,Minimum,4471,4471,0.3,-1,64.25,64.25,0
1786441581192,3000,Minimum,4471,4471,0.3,-1,64.25,64.25,0
1786441581292,3000,Minimum,4471,4471,0.3,-1,64.25,64.25,0
1786441581392,3000,Minimum,4471,4471,0.3,-1,64.25,64.25,0
1786441581492,3000,Minimum,4471,4471,0.3,-1,64.25,64.25,0
1786441581592,3000,Minimum,4471,4471,0.3,-1,64.25,64.25,0
1786441581692,3000,Minimum,4471,4471,0.3,-1,64.25,64.25,0
1786441581792,3000,Minimum,4471,4471,0.3,-1,64.25,64.25,0
1786441581892,3000,Minimum,4471,4471,0.3,-1,64.25,64.25,0
1786441581992,3000,Minimum,4471,4471,0.3,-1,64.25,64.25,0
1786441582092,3000,Minimum,4471,4471,0.3,-1,64.25,64.25,0
1786441582192,3000,Minimum,4471,4471,0.3,-1,64.25,64.25,0
1786441582292,3000,Minimum,4471,4471,0.3,-1,64.25,64.25,0
1786441582392,3000,Minimum,4471,4471,0.3,-1,64.25,64.25,0
1786441582492,3000,Minimum,4471,4471,0.3,-1,64.25,64.25,0
1786441582592,3000,Minimum,4471,4471,0.3,-1,64.25,64.25,0
1786441582692,3000,Minimum,4471,4471,0.3,-1,64.25,64.25,0
1786441582792,3000,Minimum,4471,4471,0.3,-1,64.25,64.25,0
1786441582892,3000,Minimum,4471,4471,0.3,-1,64.1875,64.1875,0
1786441582992,3000,Minimum,4471,4471,0.3,-1,64.1875,64.1875,0
1786441583092,3000,Minimum,4471,4471,0.3,-1,64.1875,64.1875,0
1786441583192,3000,Minimum,4471,4471,0.3,-1,64.1875,64.1875,0
1786441583292,3000,Minimum,4471,4471,0.3,-1,64.1875,64.1875,0
1786441583392,3000,Minimum,4471,4471,0.3,-1,64.1875,64.1875,0
1786441583492,3000,Minimum,4471,4471,0.3,-1,64.1875,64.1875,0
1786441583592,3000,Minimum,4471,4471,0.3,-1,64.1875,64.1875,0
1786441583692,3000,Minimum,4471,4471,0.3,-1,64.1875,64.1875,0
1786441583792,3000,Minimum,4471,4471,0.3,-1,64.1875,64.1875,0
1786441583892,3000,Minimum,4471,4471,0.3,-1,64.25,64.25,0
1786441583992,3000,Minimum,4471,4471,0.3,-1,64.25,64.25,0
1786441584092,3000,Minimum,4471,4471,0.3,-1,64.25,64.25,0
1786441584192,3000,Minimum,4471,4471,0.3,-1,64.25,64.25,0
1786441584292,3000,Minimum,4471,4471,0.3,-1,64.25,64.25,0
1786441584392,3000,Minimum,4471,4471,0.3,-1,64.25,64.25,0
1786441584492,3000,Minimum,4471,4471,0.3,-1,64.25,64.25,0
1786441584592,3000,Minimum,4471,4471,0.3,-1,64.25,64.25,0
1786441584692,3000,Minimum,4471,4471,0.3,-1,64.25,64.25,0
1786441584792,3000,Minimum,4471,4471,0.3,-1,64.25,64.25,0
1786441584892,3000,Minimum,4471,4471,0.3,-1,64.25,64.25,0
1786441584992,3000,Minimum,4471,4471,0.3,-1,64.25,64.25,0
1786441585092,3000,Minimum,4471,4471,0.3,-1,64.25,64.25,0
1786441585192,3000,Minimum,4471,4471,0.3,-1,64.25,64.25,0
1786441585292,3000,Minimum,4471,4471,0.3,-1,64.25,64.25,0
1786441585392,3000,Minimum,4471,4471,0.3,-1,64.25,64.25,0
1786441585492,3000,Minimum,4471,4471,0.3,-1,64.25,64.25,0
1786441585592,3000,Minimum,4471,4471,0.3,-1,64.25,64.25,0
1786441585692,3000,Minimum,4471,4471,0.3,-1,64.25,64.25,0
1786441585792,3000,Minimum,4471,4471,0.3,-1,64.25,64.25,0
1786441585892,3000,Minimum,4471,4471,0.3,-1,64.125,64.125,0
1786441585992,3000,Minimum,4471,4471,0.3,-1,64.125,64.125,0
1786441586092,3000,Minimum,4471,4471,0.3,-1,64.125,64.125,0
1786441586192,3000,Minimum,4471,4471,0.3,-1,64.125,64.125,0
1786441586292,3000,Minimum,4471,4471,0.3,-1,64.125,64.125,0
1786441586392,3000,Minimum,4471,4471,0.3,-1,64.125,64.125,0
1786441586492,3000,Minimum,4471,4471,0.3,-1,64.125,64.125,0
1786441586592,3000,Minimum,4471,4471,0.3,-1,64.125,64.125,0
1786441586692,3000,Minimum,4471,4471,0.3,-1,64.125,64.125,0
1786441586792,3000,Minimum,4471,4471,0.3,-1,64.125,64.125,0
1786441586892,3000,Minimum,4471,4471,0.3,-1,64.1875,64.1875,0
1786441586992,3000,Minimum,4471,4471,0.3,-1,64.1875,64.1875,0
1786441587092,3000,Minimum,4471,4471,0.3,-1,64.1875,64.1875,0
1786441587192,3000,Minimum,4471,4471,0.3,-1,64.1875,64.1875,0
1786441587292,3000,Minimum,4471,4471,0.3,-1,64.1875,64.1875,0
1786441587392,3000,Minimum,4471,4471,0.3,-1,64.1875,64.1875,0
1786441587492,3000,Minimum,4471,4471,0.3,-1,64.1875,64.1875,0
1786441587592,3000,Minimum,4471,4471,0.3,-1,64.1875,64.1875,0
1786441587692,3000,Minimum,4471,4471,0.3,-1,64.1875,64.1875,0
1786441587792,3000,Minimum,4471,4471,0.3,-1,64.1875,64.1875,0
1786441587892,3000,Minimum,4471,4471,0.3,-1,64.25,64.25,0
1786441587992,3000,Minimum,4471,4471,0.3,-1,64.25,64.25,0
1786441588093,3000,Minimum,4471,4471,0.3,-1,64.25,64.25,0
1786441588194,3000,Minimum,4471,4471,0.3,-1,64.25,64.25,0
1786441588294,3000,Minimum,4471,4471,0.3,-1,64.25,64.25,0
1786441588394,3000,Minimum,4471,4471,0.3,-1,64.25,64.25,0
1786441588494,3000,Minimum,4471,4471,0.3,-1,64.25,64.25,0
1786441588594,3000,Minimum,4471,4471,0.3,-1,64.25,64.25,0
1786441588694,3000,Minimum,4471,4471,0.3,-1,64.25,64.25,0
1786441588794,3000,Minimum,4471,4471,0.3,-1,64.25,64.25,0
1786441588894,3000,Minimum,4471,4471,0.3,-1,64.1875,64.1875,0
1786441588994,3000,Minimum,4471,4471,0.3,-1,64.1875,64.1875,0
1786441589094,3000,Minimum,4471,4471,0.3,-1,64.1875,64.1875,0
1786441589194,3000,Minimum,4471,4471,0.3,-1,64.1875,64.1875,0
1786441589294,3000,Minimum,4471,4471,0.3,-1,64.1875,64.1875,0
1786441589394,3000,Minimum,4471,4471,0.3,-1,64.1875,64.1875,0
1786441589494,3000,Minimum,4471,4471,0.3,-1,64.1875,64.1875,0
1786441589594,3000,Minimum,4471,4471,0.3,-1,64.1875,64.1875,0
1786441589694,3000,Minimum,4471,4471,0.3,-1,64.1875,64.1875,0
1786441589794,3000,Minimum,4471,4471,0.3,-1,64.1875,64.1875,0
1786441589894,3000,Minimum,4471,4471,0.3,-1,64.125,64.125,0
1786441589993,3000,Minimum,4471,4471,0.3,-1,64.125,64.125,0
1786441590094,3000,Minimum,4471,4471,0.3,-1,64.125,64.125,0
1786441590193,3000,Minimum,4471,4471,0.3,-1,64.125,64.125,0
1786441590293,3000,Minimum,4471,4471,0.3,-1,64.125,64.125,0
1786441590393,3000,Minimum,4471,4471,0.3,-1,64.125,64.125,0
1786441590493,3000,Minimum,4471,4471,0.3,-1,64.125,64.125,0
1786441590593,3000,Minimum,4471,4471,0.3,-1,64.125,64.125,0
1786441590694,3000,Minimum,4471,4471,0.3,-1,64.125,64.125,0
1786441590794,3000,Minimum,4471,4471,0.3,-1,64.125,64.125,0
1786441590893,3000,Minimum,4471,4471,0.3,-1,64.1875,64.1875,0
1786441590994,3000,Minimum,4471,4471,0.3,-1,64.1875,64.1875,0
1786441591093,3000,Minimum,4471,4471,0.3,-1,64.1875,64.1875,0
1786441591193,3000,Minimum,4471,4471,0.3,-1,64.1875,64.1875,0
1786441591293,3000,Minimum,4471,4471,0.3,-1,64.1875,64.1875,0
1786441591393,3000,Minimum,4471,4471,0.3,-1,64.1875,64.1875,0
1786441591493,3000,Minimum,4471,4471,0.3,-1,64.1875,64.1875,0
1786441591592,3000,Minimum,4471,4471,0.3,-1,64.1875,64.1875,0
1786441591693,3000,Minimum,4471,4471,0.3,-1,64.1875,64.1875,0
1786441591793,3000,Minimum,4471,4471,0.3,-1,64.1875,64.1875,0
1786441591893,3000,Minimum,4471,4471,0.3,-1,64.3125,64.3125,0
1786441591993,3000,Minimum,4471,4471,0.3,-1,64.3125,64.3125,0
1786441592093,3000,Minimum,4471,4471,0.3,-1,64.3125,64.3125,0
1786441592193,3000,Minimum,4471,4471,0.3,-1,64.3125,64.3125,0
1786441592293,3000,Minimum,4471,4471,0.3,-1,64.3125,64.3125,0
1786441592392,3000,Minimum,4471,4471,0.3,-1,64.3125,64.3125,0
1786441592493,3000,Minimum,4471,4471,0.3,-1,64.3125,64.3125,0
1786441592593,3000,Minimum,4471,4471,0.3,-1,64.3125,64.3125,0
1786441592693,3000,Minimum,4471,4471,0.3,-1,64.3125,64.3125,0
1786441592793,3000,Minimum,4471,4471,0.3,-1,64.3125,64.3125,0
1786441592893,3000,Minimum,4471,4471,0.3,-1,64.25,64.25,0
1786441592993,3000,Minimum,4471,4471,0.3,-1,64.25,64.25,0
1786441593093,3000,Minimum,4471,4471,0.3,-1,64.25,64.25,0
1786441593193,3000,Minimum,4471,4471,0.3,-1,64.25,64.25,0
1786441593293,3000,Minimum,4471,4471,0.3,-1,64.25,64.25,0
1786441593393,3000,Minimum,4471,4471,0.3,-1,64.25,64.25,0
1786441593493,3000,Minimum,4471,4471,0.3,-1,64.25,64.25,0
1786441593593,3000,Minimum,4471,4471,0.3,-1,64.25,64.25,0
1786441593693,3000,Minimum,4471,4471,0.3,-1,64.25,64.25,0
1786441593793,3000,Minimum,4471,4471,0.3,-1,64.25,64.25,0
1786441593893,3000,Minimum,4471,4471,0.3,-1,64.25,64.25,0
1786441593993,3000,Minimum,4471,4471,0.3,-1,64.25,64.25,0
1786441594093,3000,Minimum,4471,4471,0.3,-1,64.25,64.25,0
1786441594193,3000,Minimum,4471,4471,0.3,-1,64.25,64.25,0
1786441594293,3000,Minimum,4471,4471,0.3,-1,64.25,64.25,0
1786441594393,3000,Minimum,4471,4471,0.3,-1,64.25,64.25,0
1786441594493,3000,Minimum,4471,4471,0.3,-1,64.25,64.25,0
1786441594593,3000,Minimum,4471,4471,0.3,-1,64.25,64.25,0
1786441594693,3000,Minimum,4471,4471,0.3,-1,64.25,64.25,0
1786441594793,3000,Minimum,4471,4471,0.3,-1,64.25,64.25,0
1786441594893,3000,Minimum,4471,4471,0.3,-1,64.3125,64.3125,0
1786441594993,3000,Minimum,4471,4471,0.3,-1,64.3125,64.3125,0
1786441595093,3000,Minimum,4471,4471,0.3,-1,64.3125,64.3125,0
1786441595193,3000,Minimum,4471,4471,0.3,-1,64.3125,64.3125,0
1786441595292,3000,Minimum,4471,4471,0.3,-1,64.3125,64.3125,0
1786441595393,3000,Minimum,4471,4471,0.3,-1,64.3125,64.3125,0
1786441595493,3000,Minimum,4471,4471,0.3,-1,64.3125,64.3125,0
1786441595593,3000,Minimum,4471,4471,0.3,-1,64.3125,64.3125,0
1786441595693,3000,Minimum,4471,4471,0.3,-1,64.3125,64.3125,0
1786441595793,3000,Minimum,4471,4471,0.3,-1,64.3125,64.3125,0
1786441595893,3000,Minimum,4471,4471,0.3,-1,64.3125,64.3125,0
1786441595993,3000,Minimum,4471,4471,0.3,-1,64.3125,64.3125,0
1786441596093,3000,Minimum,4471,4471,0.3,-1,64.3125,64.3125,0
1786441596193,3000,Minimum,4471,4471,0.3,-1,64.3125,64.3125,0
1786441596293,3000,Minimum,4471,4471,0.3,-1,64.3125,64.3125,0
1786441596393,3000,Minimum,4471,4471,0.3,-1,64.3125,64.3125,0
1786441596493,3000,Minimum,4471,4471,0.3,-1,64.3125,64.3125,0
1786441596593,3000,Minimum,4471,4471,0.3,-1,64.3125,64.3125,0
1786441596693,3000,Minimum,4471,4471,0.3,-1,64.3125,64.3125,0
1786441596793,3000,Minimum,4471,4471,0.3,-1,64.3125,64.3125,0
1786441596893,3000,Minimum,4471,4471,0.3,-1,64.1875,64.1875,0
1786441596993,3000,Minimum,4471,4471,0.3,-1,64.1875,64.1875,0
1786441597092,3000,Minimum,4471,4471,0.3,-1,64.1875,64.1875,0
1786441597193,3000,Minimum,4471,4471,0.3,-1,64.1875,64.1875,0
1786441597293,3000,Minimum,4471,4471,0.3,-1,64.1875,64.1875,0
1786441597393,3000,Minimum,4471,4471,0.3,-1,64.1875,64.1875,0
1786441597493,3000,Minimum,4471,4471,0.3,-1,64.1875,64.1875,0
1786441597593,3000,Minimum,4471,4471,0.3,-1,64.1875,64.1875,0
1786441597693,3000,Minimum,4471,4471,0.3,-1,64.1875,64.1875,0
1786441597793,3000,Minimum,4471,4471,0.3,-1,64.1875,64.1875,0
1786441597893,3000,Minimum,4471,4471,0.3,-1,64.25,64.25,0
1786441597993,3000,Minimum,4471,4471,0.3,-1,64.25,64.25,0
1786441598093,3000,Minimum,4471,4471,0.3,-1,64.25,64.25,0
1786441598193,3000,Minimum,4471,4471,0.3,-1,64.25,64.25,0
1786441598293,3000,Minimum,4471,4471,0.3,-1,64.25,64.25,0
1786441598392,3000,Minimum,4471,4471,0.3,-1,64.25,64.25,0
1786441598492,3000,Minimum,4471,4471,0.3,-1,64.25,64.25,0
1786441598592,3000,Minimum,4471,4471,0.3,-1,64.25,64.25,0
1786441598693,3000,Minimum,4471,4471,0.3,-1,64.25,64.25,0
1786441598793,3000,Minimum,4471,4471,0.3,-1,64.25,64.25,0
1786441598893,3000,Minimum,4471,4471,0.3,-1,64.1875,64.1875,0
1786441598992,3000,Minimum,4471,4471,0.3,-1,64.1875,64.1875,0
1786441599092,3000,Minimum,4471,4471,0.3,-1,64.1875,64.1875,0
1786441599192,3000,Minimum,4471,4471,0.3,-1,64.1875,64.1875,0
1786441599292,3000,Minimum,4471,4471,0.3,-1,64.1875,64.1875,0
1786441599392,3000,Minimum,4471,4471,0.3,-1,64.1875,64.1875,0
1786441599493,3000,Minimum,4471,4471,0.3,-1,64.1875,64.1875,0
1786441599592,3000,Minimum,4471,4471,0.3,-1,64.1875,64.1875,0
1786441599692,3000,Minimum,4471,4471,0.3,-1,64.1875,64.1875,0
1786441599792,3000,Minimum,4471,4471,0.3,-1,64.1875,64.1875,0
1786441599892,3000,Minimum,4471,4471,0.3,-1,64.25,64.25,0
1786441599992,3000,Minimum,4471,4471,0.3,-1,64.25,64.25,0
1786441600092,3000,Minimum,4471,4471,0.3,-1,64.25,64.25,0
1786441600192,3000,Minimum,4471,4471,0.3,-1,64.25,64.25,0
1786441600292,3000,Minimum,4471,4471,0.3,-1,64.25,64.25,0
1786441600392,3000,Minimum,4471,4471,0.3,-1,64.25,64.25,0
1786441600492,3000,Minimum,4471,4471,0.3,-1,64.25,64.25,0
1786441600592,3000,Minimum,4471,4471,0.3,-1,64.25,64.25,0
1786441600692,3000,Minimum,4471,4471,0.3,-1,64.25,64.25,0
1786441600792,3000,Minimum,4471,4471,0.3,-1,64.25,64.25,0
1786441600892,3000,Minimum,4471,4471,0.3,-1,64.25,64.25,0
1786441600992,3000,Minimum,4471,4471,0.3,-1,64.25,64.25,0
1786441601092,3000,Minimum,4471,4471,0.3,-1,64.25,64.25,0
1786441601192,3000,Minimum,4471,4471,0.3,-1,64.25,64.25,0
1786441601292,3000,Minimum,4471,4471,0.3,-1,64.25,64.25,0
1786441601392,3000,Minimum,4471,4471,0.3,-1,64.25,64.25,0
1786441601492,3000,Minimum,4471,4471,0.3,-1,64.25,64.25,0
1786441601593,3000,Minimum,4471,4471,0.3,-1,64.25,64.25,0
1786441601692,3000,Minimum,4471,4471,0.3,-1,64.25,64.25,0
1786441601792,3000,Minimum,4471,4471,0.3,-1,64.25,64.25,0
1786441601892,3000,Minimum,4471,4471,0.3,-1,64.375,64.375,0
1786441601992,3000,Minimum,4471,4471,0.3,-1,64.375,64.375,0
1786441602092,3000,Minimum,4471,4471,0.3,-1,64.375,64.375,0
1786441602192,3000,Minimum,4471,4471,0.3,-1,64.375,64.375,0
1786441602292,3000,Minimum,4471,4471,0.3,-1,64.375,64.375,0
1786441602392,3000,Minimum,4471,4471,0.3,-1,64.375,64.375,0
1786441602492,3000,Minimum,4471,4471,0.3,-1,64.375,64.375,0
1786441602592,3000,Minimum,4471,4471,0.3,-1,64.375,64.375,0
1786441602692,3000,Minimum,4471,4471,0.3,-1,64.375,64.375,0
1786441602792,3000,Minimum,4471,4471,0.3,-1,64.375,64.375,0
1786441602892,3000,Minimum,4471,4471,0.3,-1,64.25,64.25,0
1786441602992,3000,Minimum,4471,4471,0.3,-1,64.25,64.25,0
1786441603092,3000,Minimum,4471,4471,0.3,-1,64.25,64.25,0
1786441603192,3000,Minimum,4471,4471,0.3,-1,64.25,64.25,0
1786441603292,3000,Minimum,4471,4471,0.3,-1,64.25,64.25,0
1786441603392,3000,Minimum,4471,4471,0.3,-1,64.25,64.25,0
1786441603492,3000,Minimum,4471,4471,0.3,-1,64.25,64.25,0
1786441603592,3000,Minimum,4471,4471,0.3,-1,64.25,64.25,0
1786441603692,3000,Minimum,4471,4471,0.3,-1,64.25,64.25,0
1786441603792,3000,Minimum,4471,4471,0.3,-1,64.25,64.25,0
1786441603892,3000,Minimum,4471,4471,0.3,-1,64.25,64.25,0
1786441603992,3000,Minimum,4471,4471,0.3,-1,64.25,64.25,0
1786441604092,3000,Minimum,4471,4471,0.3,-1,64.25,64.25,0
1786441604192,3000,Minimum,4471,4471,0.3,-1,64.25,64.25,0
1786441604292,3000,Minimum,4471,4471,0.3,-1,64.25,64.25,0
1786441604392,3000,Minimum,4471,4471,0.3,-1,64.25,64.25,0
1786441604492,3000,Minimum,4471,4471,0.3,-1,64.25,64.25,0
1786441604592,3000,Minimum,4471,4471,0.3,-1,64.25,64.25,0
1786441604692,3000,Minimum,4471,4471,0.3,-1,64.25,64.25,0
1786441604792,3000,Minimum,4471,4471,0.3,-1,64.25,64.25,0
1786441604892,3000,Minimum,4471,4471,0.3,-1,64.25,64.25,0
1786441604992,3000,Minimum,4471,4471,0.3,-1,64.25,64.25,0
1786441605092,3000,Minimum,4471,4471,0.3,-1,64.25,64.25,0
1786441605192,3000,Minimum,4471,4471,0.3,-1,64.25,64.25,0
1786441605292,3000,Minimum,4471,4471,0.3,-1,64.25,64.25,0
1786441605392,3000,Minimum,4471,4471,0.3,-1,64.25,64.25,0
1786441605492,3000,Minimum,4471,4471,0.3,-1,64.25,64.25,0
1786441605592,3000,Minimum,4471,4471,0.3,-1,64.25,64.25,0
1786441605692,3000,Minimum,4471,4471,0.3,-1,64.25,64.25,0
1786441605792,3000,Minimum,4471,4471,0.3,-1,64.25,64.25,0
1786441605892,3000,Minimum,4471,4471,0.3,-1,64.3125,64.3125,0
1786441605992,3000,Minimum,4471,4471,0.3,-1,64.3125,64.3125,0
1786441606092,3000,Minimum,4471,4471,0.3,-1,64.3125,64.3125,0
1786441606192,3000,Minimum,4471,4471,0.3,-1,64.3125,64.3125,0
1786441606292,3000,Minimum,4471,4471,0.3,-1,64.3125,64.3125,0
1786441606392,3000,Minimum,4471,4471,0.3,-1,64.3125,64.3125,0
1786441606492,3000,Minimum,4471,4471,0.3,-1,64.3125,64.3125,0
1786441606592,3000,Minimum,4471,4471,0.3,-1,64.3125,64.3125,0
1786441606692,3000,Minimum,4471,4471,0.3,-1,64.3125,64.3125,0
1786441606792,3000,Minimum,4471,4471,0.3,-1,64.3125,64.3125,0
1786441606892,3000,Minimum,4471,4471,0.3,-1,64.25,64.25,0
1786441606992,3000,Minimum,4471,4471,0.3,-1,64.25,64.25,0
1786441607092,3000,Minimum,4471,4471,0.3,-1,64.25,64.25,0
1786441607192,3000,Minimum,4471,4471,0.3,-1,64.25,64.25,0
1786441607292,3000,Minimum,4471,4471,0.3,-1,64.25,64.25,0
1786441607392,3000,Minimum,4471,4471,0.3,-1,64.25,64.25,0
1786441607492,3000,Minimum,4471,4471,0.3,-1,64.25,64.25,0
1786441607592,3000,Minimum,4471,4471,0.3,-1,64.25,64.25,0
1786441607692,3000,Minimum,4471,4471,0.3,-1,64.25,64.25,0
1786441607792,3000,Minimum,4471,4471,0.3,-1,64.25,64.25,0
1786441607892,3000,Minimum,4471,4471,0.3,-1,64.3125,64.3125,0
1786441607992,3000,Minimum,4471,4471,0.3,-1,64.3125,64.3125,0
1786441608092,3000,Minimum,4471,4471,0.3,-1,64.3125,64.3125,0
1786441608192,3000,Minimum,4471,4471,0.3,-1,64.3125,64.3125,0
1786441608292,3000,Minimum,4471,4471,0.3,-1,64.3125,64.3125,0
1786441608392,3000,Minimum,4471,4471,0.3,-1,64.3125,64.3125,0
1786441608492,3000,Minimum,4471,4471,0.3,-1,64.3125,64.3125,0
1786441608592,3000,Minimum,4471,4471,0.3,-1,64.3125,64.3125,0
1786441608692,3000,Minimum,4471,4471,0.3,-1,64.3125,64.3125,0
1786441608792,3000,Minimum,4471,4471,0.3,-1,64.3125,64.3125,0
1786441608892,3000,Minimum,4471,4471,0.3,-1,64.25,64.25,0
1786441608992,3000,Minimum,4471,4471,0.3,-1,64.25,64.25,0
1786441609092,3000,Minimum,4471,4471,0.3,-1,64.25,64.25,0
1786441609192,3000,Minimum,4471,4471,0.3,-1,64.25,64.25,0
1786441609292,3000,Minimum,4471,4471,0.3,-1,64.25,64.25,0
1786441609392,3000,Minimum,4471,4471,0.3,-1,64.25,64.25,0
1786441609492,3000,Minimum,4471,4471,0.3,-1,64.25,64.25,0
1786441609592,3000,Minimum,4471,4471,0.3,-1,64.25,64.25,0
1786441609692,3000,Minimum,4471,4471,0.3,-1,64.25,64.25,0
1786441609792,3000,Minimum,4471,4471,0.3,-1,64.25,64.25,0
1786441609892,3000,Minimum,4471,4471,0.3,-1,64.25,64.25,0
1786441609992,3000,Minimum,4471,4471,0.3,-1,64.25,64.25,0
1786441610092,3000,Minimum,4471,4471,0.3,-1,64.25,64.25,0
1786441610192,3000,Minimum,4471,4471,0.3,-1,64.25,64.25,0
1786441610292,3000,Minimum,4471,4471,0.3,-1,64.25,64.25,0
1786441610392,3000,Minimum,4471,4471,0.3,-1,64.25,64.25,0
1786441610492,3000,Minimum,4471,4471,0.3,-1,64.25,64.25,0
1786441610592,3000,Minimum,4471,4471,0.3,-1,64.25,64.25,0
1786441610692,3000,Minimum,4471,4471,0.3,-1,64.25,64.25,0
1786441610792,3000,Minimum,4471,4471,0.3,-1,64.25,64.25,0
1786441610892,3000,Minimum,4471,4471,0.3,-1,64.3125,64.3125,0
1786441610992,3000,Minimum,4471,4471,0.3,-1,64.3125,64.3125,0
1786441611092,3000,Minimum,4471,4471,0.3,-1,64.3125,64.3125,0
1786441611192,3000,Minimum,4471,4471,0.3,-1,64.3125,64.3125,0
1786441611292,3000,Minimum,4471,4471,0.3,-1,64.3125,64.3125,0
1786441611392,3000,Minimum,4471,4471,0.3,-1,64.3125,64.3125,0
1786441611492,3000,Minimum,4471,4471,0.3,-1,64.3125,64.3125,0
1786441611592,3000,Minimum,4471,4471,0.3,-1,64.3125,64.3125,0
1786441611692,3000,Minimum,4471,4471,0.3,-1,64.3125,64.3125,0
1786441611792,3000,Minimum,4471,4471,0.3,-1,64.3125,64.3125,0
1786441611892,3000,Minimum,4471,4471,0.3,-1,64.375,64.375,0
1786441611992,3000,Minimum,4471,4471,0.3,-1,64.375,64.375,0
1786441612092,3000,Minimum,4471,4471,0.3,-1,64.375,64.375,0
1786441612192,3000,Minimum,4471,4471,0.3,-1,64.375,64.375,0
1786441612292,3000,Minimum,4471,4471,0.3,-1,64.375,64.375,0
1786441612392,3000,Minimum,4471,4471,0.3,-1,64.375,64.375,0
1786441612492,3000,Minimum,4471,4471,0.3,-1,64.375,64.375,0
1786441612592,3000,Minimum,4471,4471,0.3,-1,64.375,64.375,0
1786441612692,3000,Minimum,4471,4471,0.3,-1,64.375,64.375,0
1786441612792,3000,Minimum,4471,4471,0.3,-1,64.375,64.375,0
1786441612892,3000,Minimum,4471,4471,0.3,-1,64.3125,64.3125,0
1786441612992,3000,Minimum,4471,4471,0.3,-1,64.3125,64.3125,0
1786441613092,3000,Minimum,4471,4471,0.3,-1,64.3125,64.3125,0
1786441613192,3000,Minimum,4471,4471,0.3,-1,64.3125,64.3125,0
1786441613292,3000,Minimum,4471,4471,0.3,-1,64.3125,64.3125,0
1786441613392,3000,Minimum,4471,4471,0.3,-1,64.3125,64.3125,0
1786441613492,3000,Minimum,4471,4471,0.3,-1,64.3125,64.3125,0
1786441613592,3000,Minimum,4471,4471,0.3,-1,64.3125,64.3125,0
1786441613692,3000,Minimum,4471,4471,0.3,-1,64.3125,64.3125,0
1786441613792,3000,Minimum,4471,4471,0.3,-1,64.3125,64.3125,0
1786441613892,3000,Minimum,4471,4471,0.3,-1,64.25,64.25,0
1786441613992,3000,Minimum,4471,4471,0.3,-1,64.25,64.25,0
1786441614092,3000,Minimum,4471,4471,0.3,-1,64.25,64.25,0
1786441614192,3000,Minimum,4471,4471,0.3,-1,64.25,64.25,0
1786441614292,3000,Minimum,4471,4471,0.3,-1,64.25,64.25,0
1786441614392,3000,Minimum,4471,4471,0.3,-1,64.25,64.25,0
1786441614492,3000,Minimum,4471,4471,0.3,-1,64.25,64.25,0
1786441614592,3000,Minimum,4471,4471,0.3,-1,64.25,64.25,0
1786441614692,3000,Minimum,4471,4471,0.3,-1,64.25,64.25,0
1786441614792,3000,Minimum,4471,4471,0.3,-1,64.25,64.25,0
1786441614892,3000,Minimum,4471,4471,0.3,-1,64.3125,64.3125,0
1786441614992,3000,Minimum,4471,4471,0.3,-1,64.3125,64.3125,0
1786441615092,3000,Minimum,4471,4471,0.3,-1,64.3125,64.3125,0
1786441615192,3000,Minimum,4471,4471,0.3,-1,64.3125,64.3125,0
1786441615292,3000,Minimum,4471,4471,0.3,-1,64.3125,64.3125,0
1786441615392,3000,Minimum,4471,4471,0.3,-1,64.3125,64.3125,0
1786441615492,3000,Minimum,4471,4471,0.3,-1,64.3125,64.3125,0
1786441615592,3000,Minimum,4471,4471,0.3,-1,64.3125,64.3125,0
1786441615692,3000,Minimum,4471,4471,0.3,-1,64.3125,64.3125,0
1786441615792,3000,Minimum,4471,4471,0.3,-1,64.3125,64.3125,0
1786441615892,3000,Minimum,4471,4471,0.3,-1,64.3125,64.3125,0
1786441615992,3000,Minimum,4471,4471,0.3,-1,64.3125,64.3125,0
1786441616092,3000,Minimum,4471,4471,0.3,-1,64.3125,64.3125,0
1786441616192,3000,Minimum,4471,4471,0.3,-1,64.3125,64.3125,0
1786441616292,3000,Minimum,4471,4471,0.3,-1,64.3125,64.3125,0
1786441616392,3000,Minimum,4471,4471,0.3,-1,64.3125,64.3125,0
1786441616492,3000,Minimum,4471,4471,0.3,-1,64.3125,64.3125,0
1786441616592,3000,Minimum,4471,4471,0.3,-1,64.3125,64.3125,0
1786441616692,3000,Minimum,4471,4471,0.3,-1,64.3125,64.3125,0
1786441616792,3000,Minimum,4471,4471,0.3,-1,64.3125,64.3125,0
1786441616892,3000,Minimum,4471,4471,0.3,-1,64.25,64.25,0
1786441616992,3000,Minimum,4471,4471,0.3,-1,64.25,64.25,0
1786441617092,3000,Minimum,4471,4471,0.3,-1,64.25,64.25,0
1786441617192,3000,Minimum,4471,4471,0.3,-1,64.25,64.25,0
1786441617292,3000,Minimum,4471,4471,0.3,-1,64.25,64.25,0
1786441617392,3000,Minimum,4471,4471,0.3,-1,64.25,64.25,0
1786441617492,3000,Minimum,4471,4471,0.3,-1,64.25,64.25,0
1786441617592,3000,Minimum,4471,4471,0.3,-1,64.25,64.25,0
1786441617692,3000,Minimum,4471,4471,0.3,-1,64.25,64.25,0
1786441617792,3000,Minimum,4471,4471,0.3,-1,64.25,64.25,0
1786441617892,3000,Minimum,4471,4471,0.3,-1,64.3125,64.3125,0
1786441617992,3000,Minimum,4471,4471,0.3,-1,64.3125,64.3125,0
1786441618092,3000,Minimum,4471,4471,0.3,-1,64.3125,64.3125,0
1786441618192,3000,Minimum,4471,4471,0.3,-1,64.3125,64.3125,0
1786441618292,3000,Minimum,4471,4471,0.3,-1,64.3125,64.3125,0
1786441618392,3000,Minimum,4471,4471,0.3,-1,64.3125,64.3125,0
1786441618492,3000,Minimum,4471,4471,0.3,-1,64.3125,64.3125,0
1786441618592,3000,Minimum,4471,4471,0.3,-1,64.3125,64.3125,0
1786441618692,3000,Minimum,4471,4471,0.3,-1,64.3125,64.3125,0
1786441618792,3000,Minimum,4471,4471,0.3,-1,64.3125,64.3125,0
1786441618892,3000,Minimum,4471,4471,0.3,-1,64.3125,64.3125,0
1786441618992,3000,Minimum,4471,4471,0.3,-1,64.3125,64.3125,0
1786441619092,3000,Minimum,4471,4471,0.3,-1,64.3125,64.3125,0
1786441619192,3000,Minimum,4471,4471,0.3,-1,64.3125,64.3125,0
1786441619292,3000,Minimum,4471,4471,0.3,-1,64.3125,64.3125,0
1786441619392,3000,Minimum,4471,4471,0.3,-1,64.3125,64.3125,0
1786441619492,3000,Minimum,4471,4471,0.3,-1,64.3125,64.3125,0
1786441619592,3000,Minimum,4471,4471,0.3,-1,64.3125,64.3125,0
1786441619692,3000,Minimum,4471,4471,0.3,-1,64.3125,64.3125,0
1786441619792,3000,Minimum,4471,4471,0.3,-1,64.3125,64.3125,0
1786441619892,3000,Minimum,4471,4471,0.3,-1,64.1875,64.1875,0
1786441619992,3000,Minimum,4471,4471,0.3,-1,64.1875,64.1875,0
1786441620094,3000,Minimum,4471,4471,0.3,-1,64.1875,64.1875,0
1786441620194,3000,Minimum,4471,4471,0.3,-1,64.1875,64.1875,0
1786441620294,3000,Minimum,4471,4471,0.3,-1,64.1875,64.1875,0
1786441620394,3000,Minimum,4471,4471,0.3,-1,64.1875,64.1875,0
1786441620494,3000,Minimum,4471,4471,0.3,-1,64.1875,64.1875,0
1786441620594,3000,Minimum,4471,4471,0.3,-1,64.1875,64.1875,0
1786441620694,3000,Minimum,4471,4471,0.3,-1,64.1875,64.1875,0
1786441620794,3000,Minimum,4471,4471,0.3,-1,64.1875,64.1875,0
1786441620894,3000,Minimum,4471,4471,0.3,-1,64.3125,64.3125,0
1786441620994,3000,Minimum,4471,4471,0.3,-1,64.3125,64.3125,0
1786441621093,3000,Minimum,4471,4471,0.3,-1,64.3125,64.3125,0
1786441621194,3000,Minimum,4471,4471,0.3,-1,64.3125,64.3125,0
1786441621294,3000,Minimum,4471,4471,0.3,-1,64.3125,64.3125,0
1786441621394,3000,Minimum,4471,4471,0.3,-1,64.3125,64.3125,0
1786441621494,3000,Minimum,4471,4471,0.3,-1,64.3125,64.3125,0
1786441621593,3000,Minimum,4471,4471,0.3,-1,64.3125,64.3125,0
1786441621694,3000,Minimum,4471,4471,0.3,-1,64.3125,64.3125,0
1786441621794,3000,Minimum,4471,4471,0.3,-1,64.3125,64.3125,0
1786441621894,3000,Minimum,4471,4471,0.3,-1,64.25,64.25,0
1786441621993,3000,Minimum,4471,4471,0.3,-1,64.25,64.25,0
1786441622092,3000,Minimum,4471,4471,0.3,-1,64.25,64.25,0
1786441622194,3000,Minimum,4471,4471,0.3,-1,64.25,64.25,0
1786441622293,3000,Minimum,4471,4471,0.3,-1,64.25,64.25,0
1786441622393,3000,Minimum,4471,4471,0.3,-1,64.25,64.25,0
1786441622493,3000,Minimum,4471,4471,0.3,-1,64.25,64.25,0
1786441622594,3000,Minimum,4471,4471,0.3,-1,64.25,64.25,0
1786441622693,3000,Minimum,4471,4471,0.3,-1,64.25,64.25,0
1786441622794,3000,Minimum,4471,4471,0.3,-1,64.25,64.25,0
1786441622894,3000,Minimum,4471,4471,0.3,-1,64.3125,64.3125,0
1786441622993,3000,Minimum,4471,4471,0.3,-1,64.3125,64.3125,0
1786441623092,3000,Minimum,4471,4471,0.3,-1,64.3125,64.3125,0
1786441623192,3000,Minimum,4471,4471,0.3,-1,64.3125,64.3125,0
1786441623293,3000,Minimum,4471,4471,0.3,-1,64.3125,64.3125,0
1786441623393,3000,Minimum,4471,4471,0.3,-1,64.3125,64.3125,0
1786441623493,3000,Minimum,4471,4471,0.3,-1,64.3125,64.3125,0
1786441623593,3000,Minimum,4471,4471,0.3,-1,64.3125,64.3125,0
1786441623693,3000,Minimum,4471,4471,0.3,-1,64.3125,64.3125,0
1786441623793,3000,Minimum,4471,4471,0.3,-1,64.3125,64.3125,0
1786441623893,3000,Minimum,4471,4471,0.3,-1,64.3125,64.3125,0
1786441623993,3000,Minimum,4471,4471,0.3,-1,64.3125,64.3125,0
1786441624093,3000,Minimum,4471,4471,0.3,-1,64.3125,64.3125,0
1786441624193,3000,Minimum,4471,4471,0.3,-1,64.3125,64.3125,0
1786441624292,3000,Minimum,4471,4471,0.3,-1,64.3125,64.3125,0
1786441624393,3000,Minimum,4471,4471,0.3,-1,64.3125,64.3125,0
1786441624493,3000,Minimum,4471,4471,0.3,-1,64.3125,64.3125,0
1786441624593,3000,Minimum,4471,4471,0.3,-1,64.3125,64.3125,0
1786441624693,3000,Minimum,4471,4471,0.3,-1,64.3125,64.3125,0
1786441624793,3000,Minimum,4471,4471,0.3,-1,64.3125,64.3125,0
1786441624893,3000,Minimum,4471,4471,0.3,-1,64.375,64.375,0
1786441624993,3000,Minimum,4471,4471,0.3,-1,64.375,64.375,0
1786441625093,3000,Minimum,4471,4471,0.3,-1,64.375,64.375,0
1786441625193,3000,Minimum,4471,4471,0.3,-1,64.375,64.375,0
1786441625293,3000,Minimum,4471,4471,0.3,-1,64.375,64.375,0
1786441625393,3000,Minimum,4471,4471,0.3,-1,64.375,64.375,0
1786441625493,3000,Minimum,4471,4471,0.3,-1,64.375,64.375,0
1786441625593,3000,Minimum,4471,4471,0.3,-1,64.375,64.375,0
1786441625693,3000,Minimum,4471,4471,0.3,-1,64.375,64.375,0
1786441625793,3000,Minimum,4471,4471,0.3,-1,64.375,64.375,0
1786441625893,3000,Minimum,4471,4471,0.3,-1,64.375,64.375,0
1786441625993,3000,Minimum,4471,4471,0.3,-1,64.375,64.375,0
1786441626093,3000,Minimum,4471,4471,0.3,-1,64.375,64.375,0
1786441626192,3000,Minimum,4471,4471,0.3,-1,64.375,64.375,0
1786441626293,3000,Minimum,4471,4471,0.3,-1,64.375,64.375,0
1786441626393,3000,Minimum,4471,4471,0.3,-1,64.375,64.375,0
1786441626493,3000,Minimum,4471,4471,0.3,-1,64.375,64.375,0
1786441626593,3000,Minimum,4471,4471,0.3,-1,64.375,64.375,0
1786441626693,3000,Minimum,4471,4471,0.3,-1,64.375,64.375,0
1786441626793,3000,Minimum,4471,4471,0.3,-1,64.375,64.375,0
1786441626893,3000,Minimum,4471,4471,0.3,-1,64.3125,64.3125,0
1786441626993,3000,Minimum,4471,4471,0.3,-1,64.3125,64.3125,0
1786441627093,3000,Minimum,4471,4471,0.3,-1,64.3125,64.3125,0
1786441627193,3000,Minimum,4471,4471,0.3,-1,64.3125,64.3125,0
1786441627293,3000,Minimum,4471,4471,0.3,-1,64.3125,64.3125,0
1786441627393,3000,Minimum,4471,4471,0.3,-1,64.3125,64.3125,0
1786441627493,3000,Minimum,4471,4471,0.3,-1,64.3125,64.3125,0
1786441627593,3000,Minimum,4471,4471,0.3,-1,64.3125,64.3125,0
1786441627693,3000,Minimum,4471,4471,0.3,-1,64.3125,64.3125,0
1786441627793,3000,Minimum,4471,4471,0.3,-1,64.3125,64.3125,0
1786441627893,3000,Minimum,4471,4471,0.3,-1,64.3125,64.3125,0
1786441627993,3000,Minimum,4471,4471,0.3,-1,64.3125,64.3125,0
1786441628093,3000,Minimum,4471,4471,0.3,-1,64.3125,64.3125,0
1786441628193,3000,Minimum,4471,4471,0.3,-1,64.3125,64.3125,0
1786441628292,3000,Minimum,4471,4471,0.3,-1,64.3125,64.3125,0
1786441628392,3000,Minimum,4471,4471,0.3,-1,64.3125,64.3125,0
1786441628493,3000,Minimum,4471,4471,0.3,-1,64.3125,64.3125,0
1786441628592,3000,Minimum,4471,4471,0.3,-1,64.3125,64.3125,0
1786441628692,3000,Minimum,4471,4471,0.3,-1,64.3125,64.3125,0
1786441628793,3000,Minimum,4471,4471,0.3,-1,64.3125,64.3125,0
1786441628892,3000,Minimum,4471,4471,0.3,-1,64.3125,64.3125,0
1786441628993,3000,Minimum,4471,4471,0.3,-1,64.3125,64.3125,0
1786441629093,3000,Minimum,4471,4471,0.3,-1,64.3125,64.3125,0
1786441629193,3000,Minimum,4471,4471,0.3,-1,64.3125,64.3125,0
1786441629293,3000,Minimum,4471,4471,0.3,-1,64.3125,64.3125,0
1786441629393,3000,Minimum,4471,4471,0.3,-1,64.3125,64.3125,0
1786441629493,3000,Minimum,4471,4471,0.3,-1,64.3125,64.3125,0
1786441629593,3000,Minimum,4471,4471,0.3,-1,64.3125,64.3125,0
1786441629693,3000,Minimum,4471,4471,0.3,-1,64.3125,64.3125,0
1786441629793,3000,Minimum,4471,4471,0.3,-1,64.3125,64.3125,0
1786441629892,3000,Minimum,4471,4471,0.3,-1,64.375,64.375,0
1786441629992,3000,Minimum,4471,4471,0.3,-1,64.375,64.375,0
1786441630093,3000,Minimum,4471,4471,0.3,-1,64.375,64.375,0
1786441630192,3000,Minimum,4471,4471,0.3,-1,64.375,64.375,0
1786441630293,3000,Minimum,4471,4471,0.3,-1,64.375,64.375,0
1786441630393,3000,Minimum,4471,4471,0.3,-1,64.375,64.375,0
1786441630492,3000,Minimum,4471,4471,0.3,-1,64.375,64.375,0
1786441630592,3000,Minimum,4471,4471,0.3,-1,64.375,64.375,0
1786441630692,3000,Minimum,4471,4471,0.3,-1,64.375,64.375,0
1786441630792,3000,Minimum,4471,4471,0.3,-1,64.375,64.375,0
1786441630892,3000,Minimum,4471,4471,0.3,-1,64.375,64.375,0
1786441630992,3000,Minimum,4471,4471,0.3,-1,64.375,64.375,0
1786441631093,3000,Minimum,4471,4471,0.3,-1,64.375,64.375,0
1786441631192,3000,Minimum,4471,4471,0.3,-1,64.375,64.375,0
1786441631292,3000,Minimum,4471,4471,0.3,-1,64.375,64.375,0
1786441631392,3000,Minimum,4471,4471,0.3,-1,64.375,64.375,0
1786441631492,3000,Minimum,4471,4471,0.3,-1,64.375,64.375,0
1786441631592,3000,Minimum,4471,4471,0.3,-1,64.375,64.375,0
1786441631692,3000,Minimum,4471,4471,0.3,-1,64.375,64.375,0
1786441631792,3000,Minimum,4471,4471,0.3,-1,64.375,64.375,0
1786441631892,3000,Minimum,4471,4471,0.3,-1,64.3125,64.3125,0
1786441631992,3000,Minimum,4471,4471,0.3,-1,64.3125,64.3125,0
1786441632092,3000,Minimum,4471,4471,0.3,-1,64.3125,64.3125,0
1786441632192,3000,Minimum,4471,4471,0.3,-1,64.3125,64.3125,0
1786441632292,3000,Minimum,4471,4471,0.3,-1,64.3125,64.3125,0
1786441632392,3000,Minimum,4471,4471,0.3,-1,64.3125,64.3125,0
1786441632492,3000,Minimum,4471,4471,0.3,-1,64.3125,64.3125,0
1786441632592,3000,Minimum,4471,4471,0.3,-1,64.3125,64.3125,0
1786441632692,3000,Minimum,4471,4471,0.3,-1,64.3125,64.3125,0
1786441632792,3000,Minimum,4471,4471,0.3,-1,64.3125,64.3125,0
1786441632893,3000,Minimum,4471,4471,0.3,-1,64.25,64.25,0
1786441632993,3000,Minimum,4471,4471,0.3,-1,64.25,64.25,0
1786441633092,3000,Minimum,4471,4471,0.3,-1,64.25,64.25,0
1786441633192,3000,Minimum,4471,4471,0.3,-1,64.25,64.25,0
1786441633292,3000,Minimum,4471,4471,0.3,-1,64.25,64.25,0
1786441633392,3000,Minimum,4471,4471,0.3,-1,64.25,64.25,0
1786441633492,3000,Minimum,4471,4471,0.3,-1,64.25,64.25,0
1786441633592,3000,Minimum,4471,4471,0.3,-1,64.25,64.25,0
1786441633692,3000,Minimum,4471,4471,0.3,-1,64.25,64.25,0
1786441633792,3000,Minimum,4471,4471,0.3,-1,64.25,64.25,0
1786441633892,3000,Minimum,4471,4471,0.3,-1,64.375,64.375,0
1786441633992,3000,Minimum,4471,4471,0.3,-1,64.375,64.375,0
1786441634092,3000,Minimum,4471,4471,0.3,-1,64.375,64.375,0
1786441634192,3000,Minimum,4471,4471,0.3,-1,64.375,64.375,0
1786441634292,3000,Minimum,4471,4471,0.3,-1,64.375,64.375,0
1786441634392,3000,Minimum,4471,4471,0.3,-1,64.375,64.375,0
1786441634492,3000,Minimum,4471,4471,0.3,-1,64.375,64.375,0
1786441634592,3000,Minimum,4471,4471,0.3,-1,64.375,64.375,0
1786441634692,3000,Minimum,4471,4471,0.3,-1,64.375,64.375,0
1786441634792,3000,Minimum,4471,4471,0.3,-1,64.375,64.375,0
1786441634892,3000,Minimum,4471,4471,0.3,-1,64.375,64.375,0
1786441634992,3000,Minimum,4471,4471,0.3,-1,64.375,64.375,0
1786441635092,3000,Minimum,4471,4471,0.3,-1,64.375,64.375,0
1786441635192,3000,Minimum,4471,4471,0.3,-1,64.375,64.375,0
1786441635292,3000,Minimum,4471,4471,0.3,-1,64.375,64.375,0
1786441635392,3000,Minimum,4471,4471,0.3,-1,64.375,64.375,0
1786441635492,3000,Minimum,4471,4471,0.3,-1,64.375,64.375,0
1786441635592,3000,Minimum,4471,4471,0.3,-1,64.375,64.375,0
1786441635692,3000,Minimum,4471,4471,0.3,-1,64.375,64.375,0
1786441635792,3000,Minimum,4471,4471,0.3,-1,64.375,64.375,0
1786441635892,3000,Minimum,4471,4471,0.3,-1,64.3125,64.3125,0
1786441635992,3000,Minimum,4471,4471,0.3,-1,64.3125,64.3125,0
1786441636092,3000,Minimum,4471,4471,0.3,-1,64.3125,64.3125,0
1786441636192,3000,Minimum,4471,4471,0.3,-1,64.3125,64.3125,0
1786441636292,3000,Minimum,4471,4471,0.3,-1,64.3125,64.3125,0
1786441636392,3000,Minimum,4471,4471,0.3,-1,64.3125,64.3125,0
1786441636492,3000,Minimum,4471,4471,0.3,-1,64.3125,64.3125,0
1786441636592,3000,Minimum,4471,4471,0.3,-1,64.3125,64.3125,0
1786441636692,3000,Minimum,4471,4471,0.3,-1,64.3125,64.3125,0
1786441636792,3000,Minimum,4471,4471,0.3,-1,64.3125,64.3125,0
1786441636892,3000,Minimum,4471,4471,0.3,-1,64.375,64.375,0
1786441636992,3000,Minimum,4471,4471,0.3,-1,64.375,64.375,0
1786441637092,3000,Minimum,4471,4471,0.3,-1,64.375,64.375,0
1786441637192,3000,Minimum,4471,4471,0.3,-1,64.375,64.375,0
1786441637292,3000,Minimum,4471,4471,0.3,-1,64.375,64.375,0
1786441637392,3000,Minimum,4471,4471,0.3,-1,64.375,64.375,0
1786441637492,3000,Minimum,4471,4471,0.3,-1,64.375,64.375,0
1786441637592,3000,Minimum,4471,4471,0.3,-1,64.375,64.375,0
1786441637692,3000,Minimum,4471,4471,0.3,-1,64.375,64.375,0
1786441637792,3000,Minimum,4471,4471,0.3,-1,64.375,64.375,0
1786441637892,3000,Minimum,4471,4471,0.3,-1,64.3125,64.3125,0
1786441637992,3000,Minimum,4471,4471,0.3,-1,64.3125,64.3125,0
1786441638092,3000,Minimum,4471,4471,0.3,-1,64.3125,64.3125,0
1786441638192,3000,Minimum,4471,4471,0.3,-1,64.3125,64.3125,0
1786441638292,3000,Minimum,4471,4471,0.3,-1,64.3125,64.3125,0
1786441638392,3000,Minimum,4471,4471,0.3,-1,64.3125,64.3125,0
1786441638492,3000,Minimum,4471,4471,0.3,-1,64.3125,64.3125,0
1786441638592,3000,Minimum,4471,4471,0.3,-1,64.3125,64.3125,0
1786441638692,3000,Minimum,4471,4471,0.3,-1,64.3125,64.3125,0
1786441638792,3000,Minimum,4471,4471,0.3,-1,64.3125,64.3125,0
1786441638892,3000,Minimum,4471,4471,0.3,-1,64.3125,64.3125,0
1786441638992,3000,Minimum,4471,4471,0.3,-1,64.3125,64.3125,0
1786441639092,3000,Minimum,4471,4471,0.3,-1,64.3125,64.3125,0
1786441639192,3000,Minimum,4471,4471,0.3,-1,64.3125,64.3125,0
1786441639292,3000,Minimum,4471,4471,0.3,-1,64.3125,64.3125,0
1786441639392,3000,Minimum,4471,4471,0.3,-1,64.3125,64.3125,0
1786441639492,3000,Minimum,4471,4471,0.3,-1,64.3125,64.3125,0
1786441639592,3000,Minimum,4471,4471,0.3,-1,64.3125,64.3125,0
1786441639692,3000,Minimum,4471,4471,0.3,-1,64.3125,64.3125,0
1786441639792,3000,Minimum,4471,4471,0.3,-1,64.3125,64.3125,0
1786441639892,3000,Minimum,4471,4471,0.3,-1,64.375,64.375,0
1786441639992,3000,Minimum,4471,4471,0.3,-1,64.375,64.375,0
1786441640092,3000,Minimum,4471,4471,0.3,-1,64.375,64.375,0
1786441640192,3000,Minimum,4471,4471,0.3,-1,64.375,64.375,0
1786441640292,3000,Minimum,4471,4471,0.3,-1,64.375,64.375,0
1786441640392,3000,Minimum,4471,4471,0.3,-1,64.375,64.375,0
1786441640492,3000,Minimum,4471,4471,0.3,-1,64.375,64.375,0
1786441640592,3000,Minimum,4471,4471,0.3,-1,64.375,64.375,0
1786441640692,3000,Minimum,4471,4471,0.3,-1,64.375,64.375,0
1786441640792,3000,Minimum,4471,4471,0.3,-1,64.375,64.375,0
1786441640892,3000,Minimum,4471,4471,0.3,-1,64.375,64.375,0
1786441640992,3000,Minimum,4471,4471,0.3,-1,64.375,64.375,0
1786441641092,3000,Minimum,4471,4471,0.3,-1,64.375,64.375,0
1786441641193,3000,Minimum,4471,4471,0.3,-1,64.375,64.375,0
1786441641292,3000,Minimum,4471,4471,0.3,-1,64.375,64.375,0
1786441641392,3000,Minimum,4471,4471,0.3,-1,64.375,64.375,0
1786441641492,3000,Minimum,4471,4471,0.3,-1,64.375,64.375,0
1786441641592,3000,Minimum,4471,4471,0.3,-1,64.375,64.375,0
1786441641692,3000,Minimum,4471,4471,0.3,-1,64.375,64.375,0
1786441641792,3000,Minimum,4471,4471,0.3,-1,64.375,64.375,0
1786441641892,3000,Minimum,4471,4471,0.3,-1,64.375,64.375,0
1786441641992,3000,Minimum,4471,4471,0.3,-1,64.375,64.375,0
1786441642092,3000,Minimum,4471,4471,0.3,-1,64.375,64.375,0
1786441642192,3000,Minimum,4471,4471,0.3,-1,64.375,64.375,0
1786441642293,3000,Minimum,4471,4471,0.3,-1,64.375,64.375,0
1786441642392,3000,Minimum,4471,4471,0.3,-1,64.375,64.375,0
1786441642492,3000,Minimum,4471,4471,0.3,-1,64.375,64.375,0
1786441642592,3000,Minimum,4471,4471,0.3,-1,64.375,64.375,0
1786441642692,3000,Minimum,4471,4471,0.3,-1,64.375,64.375,0
1786441642792,3000,Minimum,4471,4471,0.3,-1,64.375,64.375,0
1786441642892,3000,Minimum,4471,4471,0.3,-1,64.375,64.375,0
1786441642992,3000,Minimum,4471,4471,0.3,-1,64.375,64.375,0
1786441643092,3000,Minimum,4471,4471,0.3,-1,64.375,64.375,0
1786441643192,3000,Minimum,4471,4471,0.3,-1,64.375,64.375,0
1786441643292,3000,Minimum,4471,4471,0.3,-1,64.375,64.375,0
1786441643392,3000,Minimum,4471,4471,0.3,-1,64.375,64.375,0
1786441643492,3000,Minimum,4471,4471,0.3,-1,64.375,64.375,0
1786441643592,3000,Minimum,4471,4471,0.3,-1,64.375,64.375,0
1786441643692,3000,Minimum,4471,4471,0.3,-1,64.375,64.375,0
1786441643792,3000,Minimum,4471,4471,0.3,-1,64.375,64.375,0
1786441643892,3000,Minimum,4471,4471,0.3,-1,64.375,64.375,0
1786441643992,3000,Minimum,4471,4471,0.3,-1,64.375,64.375,0
1786441644092,3000,Minimum,4471,4471,0.3,-1,64.375,64.375,0
1786441644192,3000,Minimum,4471,4471,0.3,-1,64.375,64.375,0
1786441644292,3000,Minimum,4471,4471,0.3,-1,64.375,64.375,0
1786441644392,3000,Minimum,4471,4471,0.3,-1,64.375,64.375,0
1786441644492,3000,Minimum,4471,4471,0.3,-1,64.375,64.375,0
1786441644592,3000,Minimum,4471,4471,0.3,-1,64.375,64.375,0
1786441644692,3000,Minimum,4471,4471,0.3,-1,64.375,64.375,0
1786441644792,3000,Minimum,4471,4471,0.3,-1,64.375,64.375,1
1786441644892,3000,Minimum,5173,5173,1,-1,64.375,64.375,1
1786441644992,3000,Minimum,5828,5828,1,-1,64.375,64.375,1
1786441645092,3000,Minimum,6439,6439,1,-1,64.375,64.375,1
1786441645192,3000,Minimum,7010,7010,1,-1,64.375,64.375,1
1786441645292,3000,Minimum,7543,7543,1,-1,64.375,64.375,1
1786441645392,3000,Minimum,8040,8040,1,-1,64.375,64.375,1
1786441645492,3000,Minimum,8504,8504,1,-1,64.375,64.375,1
1786441645592,3000,Minimum,8937,8937,1,-1,64.375,64.375,1
1786441645692,3000,Minimum,9341,9341,1,-1,64.375,64.375,1
1786441645792,3000,Minimum,9718,9718,1,-1,64.375,64.375,1
1786441645893,3000,Minimum,10070,10070,1,-1,64.375,64.375,1
1786441645992,3000,Minimum,10399,10399,1,-1,64.375,64.375,1
1786441646092,3000,Minimum,10706,10706,1,-1,64.375,64.375,1
1786441646192,3000,Minimum,10992,10992,1,-1,64.375,64.375,1
1786441646292,3000,Minimum,11259,11259,1,-1,64.375,64.375,1
1786441646392,3000,Minimum,11509,11509,1,-1,64.375,64.375,1
1786441646492,3000,Minimum,11741,11741,1,-1,64.375,64.375,1
1786441646592,3000,Minimum,11959,11959,1,-1,64.375,64.375,1
1786441646692,3000,Minimum,12161,12161,1,-1,64.375,64.375,1
1786441646792,3000,Minimum,12351,12351,1,-1,64.375,64.375,1
1786441646892,3000,Minimum,12527,12527,1,-1,64.375,64.375,1
1786441646992,3000,Minimum,12692,12692,1,-1,64.375,64.375,1
1786441647092,3000,Minimum,12846,12846,1,-1,64.375,64.375,1
1786441647192,3000,Minimum,12990,12990,1,-1,64.375,64.375,1
1786441647292,3000,Minimum,13124,13124,1,-1,64.375,64.375,1
1786441647392,3000,Minimum,13249,13249,1,-1,64.375,64.375,1
1786441647492,3000,Minimum,13365,13365,1,-1,64.375,64.375,1
1786441647592,3000,Minimum,13474,13474,1,-1,64.375,64.375,1
1786441647692,3000,Minimum,13576,13576,1,-1,64.375,64.375,1
1786441647792,3000,Minimum,13671,13671,1,-1,64.375,64.375,1
1786441647892,3000,Minimum,13760,13760,1,-1,64.375,64.375,1
1786441647992,3000,Minimum,13842,13842,1,-1,64.375,64.375,1
1786441648092,3000,Minimum,13920,13920,1,-1,64.375,64.375,1
1786441648192,3000,Minimum,13992,13992,1,-1,64.375,64.375,1
1786441648292,3000,Minimum,14059,14059,1,-1,64.375,64.375,1
1786441648392,3000,Minimum,14122,14122,1,-1,64.375,64.375,1
1786441648492,3000,Minimum,14180,14180,1,-1,64.375,64.375,1
1786441648592,3000,Minimum,14235,14235,1,-1,64.375,64.375,1
1786441648692,3000,Minimum,14286,14286,1,-1,64.375,64.375,1
1786441648792,3000,Minimum,14333,14333,1,-1,64.375,64.375,1
1786441648892,3000,Minimum,14378,14378,1,-1,64.375,64.375,1
1786441648992,3000,Minimum,14419,14419,1,-1,64.375,64.375,1
1786441649092,3000,Minimum,14458,14458,1,-1,64.375,64.375,1
1786441649193,3000,Minimum,14494,14494,1,-1,64.375,64.375,1
1786441649292,3000,Minimum,14528,14528,1,-1,64.375,64.375,1
1786441649392,3000,Minimum,14559,14559,1,-1,64.375,64.375,1
1786441649492,3000,Minimum,14589,14589,1,-1,64.375,64.375,1
1786441649592,3000,Minimum,14616,14616,1,-1,64.375,64.375,1
1786441649692,3000,Minimum,14642,14642,1,-1,64.375,64.375,1
1786441649792,3000,Minimum,14666,14666,1,-1,64.375,64.375,1
1786441649892,3000,Minimum,14688,14688,1,-1,64.375,64.375,1
1786441649992,3000,Minimum,14709,14709,1,-1,64.375,64.375,1
1786441650092,3000,Minimum,14728,14728,1,-1,64.375,64.375,1
1786441650192,3000,Minimum,14746,14746,1,-1,64.375,64.375,1
1786441650292,3000,Minimum,14763,14763,1,-1,64.375,64.375,1
1786441650392,3000,Minimum,14779,14779,1,-1,64.375,64.375,1
1786441650492,3000,Minimum,14794,14794,1,-1,64.375,64.375,1
1786441650592,3000,Minimum,14807,14807,1,-1,64.375,64.375,1
1786441650692,3000,Minimum,14820,14820,1,-1,64.375,64.375,1
1786441650792,3000,Minimum,14832,14832,1,-1,64.375,64.375,1
1786441650892,3000,Minimum,14843,14843,1,-1,64.375,64.375,1
1786441650992,3000,Minimum,14854,14854,1,-1,64.375,64.375,1
1786441651092,3000,Minimum,14864,14864,1,-1,64.375,64.375,1
1786441651192,3000,Minimum,14873,14873,1,-1,64.375,64.375,1
1786441651292,3000,Minimum,14881,14881,1,-1,64.375,64.375,1
1786441651392,3000,Minimum,14889,14889,1,-1,64.375,64.375,1
1786441651492,3000,Minimum,14897,14897,1,-1,64.375,64.375,1
1786441651592,3000,Minimum,14903,14903,1,-1,64.375,64.375,1
1786441651692,3000,Minimum,14910,14910,1,-1,64.375,64.375,1
1786441651792,3000,Minimum,14916,14916,1,-1,64.375,64.375,1
1786441651892,3000,Minimum,14921,14921,1,-1,64.375,64.375,1
1786441651992,3000,Minimum,14927,14927,1,-1,64.375,64.375,1
1786441652092,3000,Minimum,14932,14932,1,-1,64.375,64.375,1
1786441652192,3000,Minimum,14936,14936,1,-1,64.375,64.375,1
1786441652292,3000,Minimum,14940,14940,1,-1,64.375,64.375,1
1786441652392,3000,Minimum,14944,14944,1,-1,64.375,64.375,1
1786441652492,3000,Minimum,14948,14948,1,-1,64.375,64.375,1
1786441652592,3000,Minimum,14952,14952,1,-1,64.375,64.375,1
1786441652692,3000,Minimum,14955,14955,1,-1,64.375,64.375,1
1786441652792,3000,Minimum,14958,14958,1,-1,64.375,64.375,1
1786441652892,3000,Minimum,14961,14961,1,-1,64.375,64.375,1
1786441652992,3000,Minimum,14963,14963,1,-1,64.375,64.375,1
1786441653095,3000,Minimum,14966,14966,1,-1,64.375,64.375,1
1786441653195,3000,Minimum,14968,14968,1,-1,64.375,64.375,1
1786441653295,3000,Minimum,14970,14970,1,-1,64.375,64.375,1
1786441653395,3000,Minimum,14972,14972,1,-1,64.375,64.375,1
1786441653495,3000,Minimum,14974,14974,1,-1,64.375,64.375,1
1786441653595,3000,Minimum,14976,14976,1,-1,64.375,64.375,1
1786441653694,3000,Minimum,14977,14977,1,-1,64.375,64.375,1
1786441653795,3000,Minimum,14979,14979,1,-1,64.375,64.375,1
1786441653894,3000,Minimum,14980,14980,1,-1,64.375,64.375,1
1786441653993,3000,Minimum,14982,14982,1,-1,64.375,64.375,1
1786441654095,3000,Minimum,14983,14983,1,-1,64.375,64.375,1
1786441654195,3000,Minimum,14984,14984,1,-1,64.375,64.375,1
1786441654295,3000,Minimum,14985,14985,1,-1,64.375,64.375,1
1786441654394,3000,Minimum,14986,14986,1,-1,64.375,64.375,1
1786441654495,3000,Minimum,14987,14987,1,-1,64.375,64.375,1
1786441654595,3000,Minimum,14988,14988,1,-1,64.375,64.375,1
1786441654695,3000,Minimum,14989,14989,1,-1,64.375,64.375,1
1786441654795,3000,Minimum,14989,14989,1,-1,64.375,64.375,1
1786441654893,3000,Minimum,14990,14990,1,-1,64.375,64.375,1
1786441654995,3000,Minimum,14991,14991,1,-1,64.375,64.375,1
1786441655094,3000,Minimum,14991,14991,1,-1,64.375,64.375,1
1786441655194,3000,Minimum,14992,14992,1,-1,64.375,64.375,1
1786441655292,3000,Minimum,14992,14992,1,-1,64.375,64.375,1
1786441655393,3000,Minimum,14993,14993,1,-1,64.375,64.375,1
1786441655494,3000,Minimum,14993,14993,1,-1,64.375,64.375,1
1786441655594,3000,Minimum,14994,14994,1,-1,64.375,64.375,1
1786441655692,3000,Minimum,14994,14994,1,-1,64.375,64.375,1
1786441655794,3000,Minimum,14995,14995,1,-1,64.375,64.375,1
1786441655893,3000,Minimum,14995,14995,1,-1,64.375,64.375,1
1786441655994,3000,Minimum,14995,14995,1,-1,64.375,64.375,1
1786441656094,3000,Minimum,14996,14996,1,-1,64.375,64.375,1
1786441656194,3000,Minimum,14996,14996,1,-1,64.375,64.375,1
1786441656294,3000,Minimum,14996,14996,1,-1,64.375,64.375,1
1786441656393,3000,Minimum,14996,14996,1,-1,64.375,64.375,1
1786441656494,3000,Minimum,14997,14997,1,-1,64.375,64.375,1
1786441656594,3000,Minimum,14997,14997,1,-1,64.375,64.375,1
1786441656694,3000,Minimum,14997,14997,1,-1,64.375,64.375,1
1786441656794,3000,Minimum,14997,14997,1,-1,64.375,64.375,1
1786441656894,3000,Minimum,14998,14998,1,-1,64.375,64.375,1
1786441656994,3000,Minimum,14998,14998,1,-1,64.375,64.375,1
1786441657094,3000,Minimum,14998,14998,1,-1,64.375,64.375,1
1786441657194,3000,Minimum,14998,14998,1,-1,64.375,64.375,1
1786441657292,3000,Minimum,14998,14998,1,-1,64.375,64.375,1
1786441657394,3000,Minimum,14998,14998,1,-1,64.375,64.375,1
1786441657494,3000,Minimum,14998,14998,1,-1,64.375,64.375,1
1786441657594,3000,Minimum,14998,14998,1,-1,64.375,64.375,1
1786441657694,3000,Minimum,14999,14999,1,-1,64.375,64.375,1
1786441657794,3000,Minimum,14999,14999,1,-1,64.375,64.375,1
1786441657894,3000,Minimum,14999,14999,1,-1,64.375,64.375,1
1786441657994,3000,Minimum,14999,14999,1,-1,64.375,64.375,1
1786441658094,3000,Minimum,14999,14999,1,-1,64.375,64.375,1
1786441658194,3000,Minimum,14999,14999,1,-1,64.375,64.375,1
1786441658293,3000,Minimum,14999,14999,1,-1,64.375,64.375,1
1786441658393,3000,Minimum,14999,14999,1,-1,64.375,64.375,1
1786441658493,3000,Minimum,14999,14999,1,-1,64.375,64.375,1
1786441658593,3000,Minimum,14999,14999,1,-1,64.375,64.375,1
1786441658694,3000,Minimum,14999,14999,1,-1,64.375,64.375,1
1786441658793,3000,Minimum,14999,14999,1,-1,64.375,64.375,1
1786441658893,3000,Minimum,14999,14999,1,-1,64.375,64.375,1
1786441658993,3000,Minimum,14999,14999,1,-1,64.375,64.375,1
1786441659093,3000,Minimum,14999,14999,1,-1,64.375,64.375,1
1786441659193,3000,Minimum,14999,14999,1,-1,64.375,64.375,1
1786441659293,3000,Minimum,15000,15000,1,-1,64.375,64.375,1
1786441659393,3000,Minimum,15000,15000,1,-1,64.375,64.375,1
1786441659493,3000,Minimum,15000,15000,1,-1,64.375,64.375,1
1786441659593,3000,Minimum,15000,15000,1,-1,64.375,64.375,1
1786441659693,3000,Minimum,15000,15000,1,-1,64.375,64.375,1
1786441659793,3000,Minimum,15000,15000,1,-1,64.375,64.375,1
1786441659893,3000,Minimum,15000,15000,1,-1,64.375,64.375,1
1786441659993,3000,Minimum,15000,15000,1,-1,64.375,64.375,1
1786441660093,3000,Minimum,15000,15000,1,-1,64.375,64.375,1
1786441660193,3000,Minimum,15000,15000,1,-1,64.375,64.375,1
1786441660293,3000,Minimum,15000,15000,1,-1,64.375,64.375,1
1786441660393,3000,Minimum,15000,15000,1,-1,64.375,64.375,1
1786441660493,3000,Minimum,15000,15000,1,-1,64.375,64.375,1
1786441660593,3000,Minimum,15000,15000,1,-1,64.375,64.375,1
1786441660693,3000,Minimum,15000,15000,1,-1,64.375,64.375,1
1786441660793,3000,Minimum,15000,15000,1,-1,64.375,64.375,1
1786441660893,3000,Minimum,15000,15000,1,-1,64.375,64.375,1
1786441660993,3000,Minimum,15000,15000,1,-1,64.375,64.375,1
1786441661093,3000,Minimum,15000,15000,1,-1,64.375,64.375,1
1786441661193,3000,Minimum,15000,15000,1,-1,64.375,64.375,1
1786441661293,3000,Minimum,15000,15000,1,-1,64.375,64.375,1
1786441661393,3000,Minimum,15000,15000,1,-1,64.375,64.375,1
1786441661493,3000,Minimum,15000,15000,1,-1,64.375,64.375,1
1786441661593,3000,Minimum,15000,15000,1,-1,64.375,64.375,1
1786441661693,3000,Minimum,15000,15000,1,-1,64.375,64.375,1
1786441661793,3000,Minimum,15000,15000,1,-1,64.375,64.375,1
1786441661893,3000,Minimum,15000,15000,1,-1,64.375,64.375,1
1786441661993,3000,Minimum,15000,15000,1,-1,64.375,64.375,1
1786441662093,3000,Minimum,15000,15000,1,-1,64.375,64.375,1
1786441662193,3000,Minimum,15000,15000,1,-1,64.375,64.375,1
1786441662293,3000,Minimum,15000,15000,1,-1,64.375,64.375,1
1786441662393,3000,Minimum,15000,15000,1,-1,64.375,64.375,1
1786441662493,3000,Minimum,15000,15000,1,-1,64.375,64.375,1
1786441662593,3000,Minimum,15000,15000,1,-1,64.375,64.375,1
1786441662693,3000,Minimum,15000,15000,1,-1,64.375,64.375,1
1786441662793,3000,Minimum,15000,15000,1,-1,64.375,64.375,1
1786441662893,3000,Minimum,15000,15000,1,-1,64.375,64.375,1
1786441662993,3000,Minimum,15000,15000,1,-1,64.375,64.375,1
1786441663093,3000,Minimum,15000,15000,1,-1,64.375,64.375,1
1786441663193,3000,Minimum,15000,15000,1,-1,64.375,64.375,1
1786441663293,3000,Minimum,15000,15000,1,-1,64.375,64.375,1
1786441663393,3000,Minimum,15000,15000,1,-1,64.375,64.375,1
1786441663492,3000,Minimum,15000,15000,1,-1,64.375,64.375,1
1786441663593,3000,Minimum,15000,15000,1,-1,64.375,64.375,1
1786441663692,3000,Minimum,15000,15000,1,-1,64.375,64.375,1
1786441663793,3000,Minimum,15000,15000,1,-1,64.375,64.375,1
1786441663893,3000,Minimum,15000,15000,1,-1,64.375,64.375,1
1786441663993,3000,Minimum,15000,15000,1,-1,64.375,64.375,1
1786441664093,3000,Minimum,15000,15000,1,-1,64.375,64.375,1
1786441664192,3000,Minimum,15000,15000,1,-1,64.375,64.375,1
1786441664292,3000,Minimum,15000,15000,1,-1,64.375,64.375,1
1786441664393,3000,Minimum,15000,15000,1,-1,64.375,64.375,1
1786441664492,3000,Minimum,15000,15000,1,-1,64.375,64.375,1
1786441664593,3000,Minimum,15000,15000,1,-1,64.375,64.375,1
1786441664693,3000,Minimum,15000,15000,1,-1,64.375,64.375,1
1786441664792,3000,Minimum,15000,15000,1,-1,64.375,64.375,1
1786441664892,3000,Minimum,15000,15000,1,-1,64.375,64.375,1
1786441664992,3000,Minimum,15000,15000,1,-1,64.375,64.375,1
1786441665092,3000,Minimum,15000,15000,1,-1,64.375,64.375,1
1786441665192,3000,Minimum,15000,15000,1,-1,64.375,64.375,1
1786441665293,3000,Minimum,15000,15000,1,-1,64.375,64.375,1
1786441665392,3000,Minimum,15000,15000,1,-1,64.375,64.375,1
1786441665492,3000,Minimum,15000,15000,1,-1,64.375,64.375,1
1786441665592,3000,Minimum,15000,15000,1,-1,64.375,64.375,1
1786441665692,3000,Minimum,15000,15000,1,-1,64.375,64.375,1
1786441665792,3000,Minimum,15000,15000,1,-1,64.375,64.375,1
1786441665892,3000,Minimum,15000,15000,1,-1,64.375,64.375,1
1786441665992,3000,Minimum,15000,15000,1,-1,64.375,64.375,1
1786441666092,3000,Minimum,15000,15000,1,-1,64.375,64.375,1
1786441666192,3000,Minimum,15000,15000,1,-1,64.375,64.375,1
1786441666292,3000,Minimum,15000,15000,1,-1,64.375,64.375,1
1786441666392,3000,Minimum,15000,15000,1,-1,64.375,64.375,1
1786441666492,3000,Minimum,15000,15000,1,-1,64.375,64.375,1
1786441666592,3000,Minimum,15000,15000,1,-1,64.375,64.375,1
1786441666692,3000,Minimum,15000,15000,1,-1,64.375,64.375,1
1786441666792,3000,Minimum,15000,15000,1,-1,64.375,64.375,1
1786441666892,3000,Minimum,15000,15000,1,-1,64.375,64.375,1
1786441666992,3000,Minimum,15000,15000,1,-1,64.375,64.375,1
1786441667092,3000,Minimum,15000,15000,1,-1,64.375,64.375,1
1786441667192,3000,Minimum,15000,15000,1,-1,64.375,64.375,1
1786441667292,3000,Minimum,15000,15000,1,-1,64.375,64.375,1
1786441667392,3000,Minimum,15000,15000,1,-1,64.375,64.375,1
1786441667492,3000,Minimum,15000,15000,1,-1,64.375,64.375,1
1786441667592,3000,Minimum,15000,15000,1,-1,64.375,64.375,1
1786441667692,3000,Minimum,15000,15000,1,-1,64.375,64.375,1
1786441667792,3000,Minimum,15000,15000,1,-1,64.375,64.375,1
1786441667892,3000,Minimum,15000,15000,1,-1,64.375,64.375,1
1786441667992,3000,Minimum,15000,15000,1,-1,64.375,64.375,1
1786441668092,3000,Minimum,15000,15000,1,-1,64.375,64.375,1
1786441668192,3000,Minimum,15000,15000,1,-1,64.375,64.375,1
1786441668292,3000,Minimum,15000,15000,1,-1,64.375,64.375,1
1786441668392,3000,Minimum,15000,15000,1,-1,64.375,64.375,1
1786441668492,3000,Minimum,15000,15000,1,-1,64.375,64.375,1
1786441668592,3000,Minimum,15000,15000,1,-1,64.375,64.375,1
1786441668692,3000,Minimum,15000,15000,1,-1,64.375,64.375,1
1786441668792,3000,Minimum,15000,15000,1,-1,64.375,64.375,1
1786441668892,3000,Minimum,15000,15000,1,-1,64.375,64.375,1
1786441668992,3000,Minimum,15000,15000,1,-1,64.375,64.375,1
1786441669092,3000,Minimum,15000,15000,1,-1,64.375,64.375,1
1786441669192,3000,Minimum,15000,15000,1,-1,64.375,64.375,1
1786441669292,3000,Minimum,15000,15000,1,-1,64.375,64.375,1
1786441669393,3000,Minimum,15000,15000,1,-1,64.375,64.375,1
1786441669492,3000,Minimum,15000,15000,1,-1,64.375,64.375,1
1786441669592,3000,Minimum,15000,15000,1,-1,64.375,64.375,1
1786441669692,3000,Minimum,15000,15000,1,-1,64.375,64.375,1
1786441669792,3000,Minimum,15000,15000,1,-1,64.375,64.375,1
