epoch_ms,setpt,requester,fan0,fan0_raw,fan0_pwm,fan0_pwm_raw,die0,die0_raw,failsafe
1786441672054,3000,Minimum,3421,3421,nan,nan,25,25,0
1786441672154,3000,Minimum,3491,3491,0.3,-1,25,25,0
1786441672254,3000,Minimum,3556,3556,0.3,-1,25,25,0
1786441672354,3000,Minimum,3617,3617,0.3,-1,25,25,0
1786441672454,3000,Minimum,3674,3674,0.3,-1,25,25,0
1786441672554,3000,Minimum,3727,3727,0.3,-1,25,25,0
1786441672654,3000,Minimum,3777,3777,0.3,-1,25,25,0
1786441672754,3000,Minimum,3823,3823,0.3,-1,25,25,0
1786441672854,3000,Minimum,3866,3866,0.3,-1,25,25,0
1786441672954,3000,Minimum,3906,3906,0.3,-1,25,25,0
1786441673054,3000,Minimum,3944,3944,0.3,-1,25,25,0
1786441673154,3000,Minimum,3979,3979,0.3,-1,24.9375,24.9375,0
1786441673254,3000,Minimum,4012,4012,0.3,-1,24.9375,24.9375,0
1786441673354,3000,Minimum,4042,4042,0.3,-1,24.9375,24.9375,0
1786441673454,3000,Minimum,4071,4071,0.3,-1,24.9375,24.9375,0
1786441673554,3000,Minimum,4098,4098,0.3,-1,24.9375,24.9375,0
1786441673654,3000,Minimum,4122,4122,0.3,-1,24.9375,24.9375,0
1786441673754,3000,Minimum,4146,4146,0.3,-1,24.9375,24.9375,0
1786441673854,3000,Minimum,4167,4167,0.3,-1,24.9375,24.9375,0
1786441673954,3000,Minimum,4188,4188,0.3,-1,24.9375,24.9375,0
1786441674054,3000,Minimum,4206,4206,0.3,-1,24.9375,24.9375,0
1786441674154,3000,Minimum,4224,4224,0.3,-1,25.25,25.25,0
1786441674254,3000,Minimum,4240,4240,0.3,-1,25.25,25.25,0
1786441674354,3000,Minimum,4256,4256,0.3,-1,25.25,25.25,0
1786441674454,3000,Minimum,4270,4270,0.3,-1,25.25,25.25,0
1786441674554,3000,Minimum,4283,4283,0.3,-1,25.25,25.25,0
1786441674654,3000,Minimum,4296,4296,0.3,-1,25.25,25.25,0
1786441674754,3000,Minimum,4308,4308,0.3,-1,25.25,25.25,0
1786441674854,3000,Minimum,4318,4318,0.3,-1,25.25,25.25,0
1786441674954,3000,Minimum,4329,4329,0.3,-1,25.25,25.25,0
1786441675054,3000,Minimum,4338,4338,0.3,-1,25.25,25.25,0
1786441675154,3000,Minimum,4347,4347,0.3,-1,25.6875,25.6875,0
1786441675254,3000,Minimum,4355,4355,0.3,-1,25.6875,25.6875,0
1786441675354,3000,Minimum,4363,4363,0.3,-1,25.6875,25.6875,0
1786441675454,3000,Minimum,4370,4370,0.3,-1,25.6875,25.6875,0
1786441675554,3000,Minimum,4377,4377,0.3,-1,25.6875,25.6875,0
1786441675654,3000,Minimum,4383,4383,0.3,-1,25.6875,25.6875,0
1786441675754,3000,Minimum,4389,4389,0.3,-1,25.6875,25.6875,0
1786441675854,3000,Minimum,4394,4394,0.3,-1,25.6875,25.6875,0
1786441675954,3000,Minimum,4399,4399,0.3,-1,25.6875,25.6875,0
1786441676054,3000,Minimum,4404,4404,0.3,-1,25.6875,25.6875,0
1786441676154,3000,Minimum,4409,4409,0.3,-1,26.0625,26.0625,0
1786441676254,3000,Minimum,4413,4413,0.3,-1,26.0625,26.0625,0
1786441676354,3000,Minimum,4417,4417,0.3,-1,26.0625,26.0625,0
1786441676454,3000,Minimum,4420,4420,0.3,-1,26.0625,26.0625,0
1786441676554,3000,Minimum,4424,4424,0.3,-1,26.0625,26.0625,0
1786441676654,3000,Minimum,4427,4427,0.3,-1,26.0625,26.0625,0
1786441676754,3000,Minimum,4430,4430,0.3,-1,26.0625,26.0625,0
1786441676854,3000,Minimum,4432,4432,0.3,-1,26.0625,26.0625,0
1786441676954,3000,Minimum,4435,4435,0.3,-1,26.0625,26.0625,0
1786441677054,3000,Minimum,4437,4437,0.3,-1,26.0625,26.0625,0
1786441677154,3000,Minimum,4439,4439,0.3,-1,26.875,26.875,0
1786441677254,3000,Minimum,4442,4442,0.3,-1,26.875,26.875,0
1786441677354,3000,Minimum,4443,4443,0.3,-1,26.875,26.875,0
1786441677454,3000,Minimum,4445,4445,0.3,-1,26.875,26.875,0
1786441677554,3000,Minimum,4447,4447,0.3,-1,26.875,26.875,0
1786441677654,3000,Minimum,4449,4449,0.3,-1,26.875,26.875,0
1786441677754,3000,Minimum,4450,4450,0.3,-1,26.875,26.875,0
1786441677854,3000,Minimum,4451,4451,0.3,-1,26.875,26.875,0
1786441677954,3000,Minimum,4453,4453,0.3,-1,26.875,26.875,0
1786441678054,3000,Minimum,4454,4454,0.3,-1,26.875,26.875,0
1786441678154,3000,Minimum,4455,4455,0.3,-1,27.5,27.5,0
1786441678254,3000,Minimum,4456,4456,0.3,-1,27.5,27.5,0
1786441678354,3000,Minimum,4457,4457,0.3,-1,27.5,27.5,0
1786441678454,3000,Minimum,4458,4458,0.3,-1,27.5,27.5,0
1786441678554,3000,Minimum,4459,4459,0.3,-1,27.5,27.5,0
1786441678654,3000,Minimum,4460,4460,0.3,-1,27.5,27.5,0
1786441678754,3000,Minimum,4460,4460,0.3,-1,27.5,27.5,0
1786441678854,3000,Minimum,4461,4461,0.3,-1,27.5,27.5,0
1786441678954,3000,Minimum,4462,4462,0.3,-1,27.5,27.5,0
1786441679054,3000,Minimum,4462,4462,0.3,-1,27.5,27.5,0
1786441679154,3000,Minimum,4463,4463,0.3,-1,28.25,28.25,0
1786441679254,3000,Minimum,4463,4463,0.3,-1,28.25,28.25,0
1786441679354,3000,Minimum,4464,4464,0.3,-1,28.25,28.25,0
1786441679454,3000,Minimum,4464,4464,0.3,-1,28.25,28.25,0
1786441679554,3000,Minimum,4465,4465,0.3,-1,28.25,28.25,0
1786441679654,3000,Minimum,4465,4465,0.3,-1,28.25,28.25,0
1786441679754,3000,Minimum,4465,4465,0.3,-1,28.25,28.25,0
1786441679854,3000,Minimum,4466,4466,0.3,-1,28.25,28.25,0
1786441679954,3000,Minimum,4466,4466,0.3,-1,28.25,28.25,0
1786441680054,3000,Minimum,4466,4466,0.3,-1,28.25,28.25,0
1786441680154,3000,Minimum,4467,4467,0.3,-1,29,29,0
1786441680254,3000,Minimum,4467,4467,0.3,-1,29,29,0
1786441680354,3000,Minimum,4467,4467,0.3,-1,29,29,0
1786441680454,3000,Minimum,4467,4467,0.3,-1,29,29,0
1786441680554,3000,Minimum,4468,4468,0.3,-1,29,29,0
1786441680654,3000,Minimum,4468,4468,0.3,-1,29,29,0
1786441680754,3000,Minimum,4468,4468,0.3,-1,29,29,0
1786441680854,3000,Minimum,4468,4468,0.3,-1,29,29,0
1786441680954,3000,Minimum,4468,4468,0.3,-1,29,29,0
1786441681054,3000,Minimum,4468,4468,0.3,-1,29,29,0
1786441681154,3000,Minimum,4469,4469,0.3,-1,29.625,29.625,0
1786441681254,3000,Minimum,4469,4469,0.3,-1,29.625,29.625,0
1786441681354,3000,Minimum,4469,4469,0.3,-1,29.625,29.625,0
1786441681454,3000,Minimum,4469,4469,0.3,-1,29.625,29.625,0
1786441681554,3000,Minimum,4469,4469,0.3,-1,29.625,29.625,0
1786441681654,3000,Minimum,4469,4469,0.3,-1,29.625,29.625,0
1786441681754,3000,Minimum,4469,4469,0.3,-1,29.625,29.625,0
1786441681854,3000,Minimum,4469,4469,0.3,-1,29.625,29.625,0
1786441681954,3000,Minimum,4469,4469,0.3,-1,29.625,29.625,0
1786441682054,3000,Minimum,4470,4470,0.3,-1,29.625,29.625,0
1786441682154,3000,Minimum,4470,4470,0.3,-1,30.4375,30.4375,0
1786441682254,3000,Minimum,4470,4470,0.3,-1,30.4375,30.4375,0
1786441682354,3000,Minimum,4470,4470,0.3,-1,30.4375,30.4375,0
1786441682454,3000,Minimum,4470,4470,0.3,-1,30.4375,30.4375,0
1786441682554,3000,Minimum,4470,4470,0.3,-1,30.4375,30.4375,0
1786441682654,3000,Minimum,4470,4470,0.3,-1,30.4375,30.4375,0
1786441682754,3000,Minimum,4470,4470,0.3,-1,30.4375,30.4375,0
1786441682854,3000,Minimum,4470,4470,0.3,-1,30.4375,30.4375,0
1786441682954,3000,Minimum,4470,4470,0.3,-1,30.4375,30.4375,0
1786441683054,3000,Minimum,4470,4470,0.3,-1,30.4375,30.4375,0
1786441683154,3000,Minimum,4470,4470,0.3,-1,31.125,31.125,0
1786441683254,3000,Minimum,4470,4470,0.3,-1,31.125,31.125,0
1786441683354,3000,Minimum,4470,4470,0.3,-1,31.125,31.125,0
1786441683454,3000,Minimum,4470,4470,0.3,-1,31.125,31.125,0
1786441683554,3000,Minimum,4470,4470,0.3,-1,31.125,31.125,0
1786441683654,3000,Minimum,4470,4470,0.3,-1,31.125,31.125,0
1786441683754,3000,Minimum,4470,4470,0.3,-1,31.125,31.125,0
1786441683854,3000,Minimum,4470,4470,0.3,-1,31.125,31.125,0
1786441683954,3000,Minimum,4470,4470,0.3,-1,31.125,31.125,0
1786441684054,3000,Minimum,4470,4470,0.3,-1,31.125,31.125,0
1786441684154,3000,Minimum,4470,4470,0.3,-1,31.8125,31.8125,0
1786441684254,3000,Minimum,4470,4470,0.3,-1,31.8125,31.8125,0
1786441684354,3000,Minimum,4470,4470,0.3,-1,31.8125,31.8125,0
1786441684454,3000,Minimum,4470,4470,0.3,-1,31.8125,31.8125,0
1786441684554,3000,Minimum,4470,4470,0.3,-1,31.8125,31.8125,0
1786441684654,3000,Minimum,4470,4470,0.3,-1,31.8125,31.8125,0
1786441684754,3000,Minimum,4470,4470,0.3,-1,31.8125,31.8125,0
1786441684854,3000,Minimum,4470,4470,0.3,-1,31.8125,31.8125,0
1786441684954,3000,Minimum,4470,4470,0.3,-1,31.8125,31.8125,0
1786441685056,3000,Minimum,4470,4470,0.3,-1,31.8125,31.8125,0
1786441685156,3000,Minimum,4470,4470,0.3,-1,32.625,32.625,0
1786441685255,3000,Minimum,4470,4470,0.3,-1,32.625,32.625,0
1786441685356,3000,Minimum,4470,4470,0.3,-1,32.625,32.625,0
1786441685456,3000,Minimum,4470,4470,0.3,-1,32.625,32.625,0
1786441685556,3000,Minimum,4470,4470,0.3,-1,32.625,32.625,0
1786441685656,3000,Minimum,4470,4470,0.3,-1,32.625,32.625,0
1786441685756,3000,Minimum,4471,4471,0.3,-1,32.625,32.625,0
1786441685856,3000,Minimum,4471,4471,0.3,-1,32.625,32.625,0
1786441685956,3000,Minimum,4471,4471,0.3,-1,32.625,32.625,0
1786441686056,3000,Minimum,4471,4471,0.3,-1,32.625,32.625,0
1786441686156,3000,Minimum,4471,4471,0.3,-1,33.3125,33.3125,0
1786441686255,3000,Minimum,4471,4471,0.3,-1,33.3125,33.3125,0
1786441686355,3000,Minimum,4471,4471,0.3,-1,33.3125,33.3125,0
1786441686456,3000,Minimum,4471,4471,0.3,-1,33.3125,33.3125,0
1786441686555,3000,Minimum,4471,4471,0.3,-1,33.3125,33.3125,0
1786441686656,3000,Minimum,4471,4471,0.3,-1,33.3125,33.3125,0
1786441686755,3000,Minimum,4471,4471,0.3,-1,33.3125,33.3125,0
1786441686855,3000,Minimum,4471,4471,0.3,-1,33.3125,33.3125,0
1786441686955,3000,Minimum,4471,4471,0.3,-1,33.3125,33.3125,0
1786441687055,3000,Minimum,4471,4471,0.3,-1,33.3125,33.3125,0
1786441687155,3000,Minimum,4471,4471,0.3,-1,33.9375,33.9375,0
1786441687255,3000,Minimum,4471,4471,0.3,-1,33.9375,33.9375,0
1786441687355,3000,Minimum,4471,4471,0.3,-1,33.9375,33.9375,0
1786441687455,3000,Minimum,4471,4471,0.3,-1,33.9375,33.9375,0
1786441687555,3000,Minimum,4471,4471,0.3,-1,33.9375,33.9375,0
1786441687655,3000,Minimum,4471,4471,0.3,-1,33.9375,33.9375,0
1786441687755,3000,Minimum,4471,4471,0.3,-1,33.9375,33.9375,0
1786441687855,3000,Minimum,4471,4471,0.3,-1,33.9375,33.9375,0
1786441687955,3000,Minimum,4471,4471,0.3,-1,33.9375,33.9375,0
1786441688055,3000,Minimum,4471,4471,0.3,-1,33.9375,33.9375,0
1786441688155,3000,Minimum,4471,4471,0.3,-1,34.5625,34.5625,0
1786441688255,3000,Minimum,4471,4471,0.3,-1,34.5625,34.5625,0
1786441688355,3000,Minimum,4471,4471,0.3,-1,34.5625,34.5625,0
1786441688454,3000,Minimum,4471,4471,0.3,-1,34.5625,34.5625,0
1786441688555,3000,Minimum,4471,4471,0.3,-1,34.5625,34.5625,0
1786441688655,3000,Minimum,4471,4471,0.3,-1,34.5625,34.5625,0
1786441688755,3000,Minimum,4471,4471,0.3,-1,34.5625,34.5625,0
1786441688855,3000,Minimum,4471,4471,0.3,-1,34.5625,34.5625,0
1786441688955,3000,Minimum,4471,4471,0.3,-1,34.5625,34.5625,0
1786441689055,3000,Minimum,4471,4471,0.3,-1,34.5625,34.5625,0
1786441689155,3000,Minimum,4471,4471,0.3,-1,35.3125,35.3125,0
1786441689255,3000,Minimum,4471,4471,0.3,-1,35.3125,35.3125,0
1786441689355,3000,Minimum,4471,4471,0.3,-1,35.3125,35.3125,0
1786441689455,3000,Minimum,4471,4471,0.3,-1,35.3125,35.3125,0
1786441689555,3000,Minimum,4471,4471,0.3,-1,35.3125,35.3125,0
1786441689655,3000,Minimum,4471,4471,0.3,-1,35.3125,35.3125,0
1786441689755,3000,Minimum,4471,4471,0.3,-1,35.3125,35.3125,0
1786441689855,3000,Minimum,4471,4471,0.3,-1,35.3125,35.3125,0
1786441689955,3000,Minimum,4471,4471,0.3,-1,35.3125,35.3125,0
1786441690055,3000,Minimum,4471,4471,0.3,-1,35.3125,35.3125,0
1786441690154,3000,Minimum,4471,4471,0.3,-1,35.9375,35.9375,0
1786441690255,3000,Minimum,4471,4471,0.3,-1,35.9375,35.9375,0
1786441690355,3000,Minimum,4471,4471,0.3,-1,35.9375,35.9375,0
1786441690455,3000,Minimum,4471,4471,0.3,-1,35.9375,35.9375,0
1786441690555,3000,Minimum,4471,4471,0.3,-1,35.9375,35.9375,0
1786441690655,3000,Minimum,4471,4471,0.3,-1,35.9375,35.9375,0
1786441690755,3000,Minimum,4471,4471,0.3,-1,35.9375,35.9375,0
1786441690855,3000,Minimum,4471,4471,0.3,-1,35.9375,35.9375,0
1786441690955,3000,Minimum,4471,4471,0.3,-1,35.9375,35.9375,0
1786441691055,3000,Minimum,4471,4471,0.3,-1,35.9375,35.9375,0
1786441691155,3000,Minimum,4471,4471,0.3,-1,36.5,36.5,0
1786441691255,3000,Minimum,4471,4471,0.3,-1,36.5,36.5,0
1786441691355,3000,Minimum,4471,4471,0.3,-1,36.5,36.5,0
1786441691455,3000,Minimum,4471,4471,0.3,-1,36.5,36.5,0
1786441691554,3000,Minimum,4471,4471,0.3,-1,36.5,36.5,0
1786441691655,3000,Minimum,4471,4471,0.3,-1,36.5,36.5,0
1786441691755,3000,Minimum,4471,4471,0.3,-1,36.5,36.5,0
1786441691855,3000,Minimum,4471,4471,0.3,-1,36.5,36.5,0
1786441691955,3000,Minimum,4471,4471,0.3,-1,36.5,36.5,0
1786441692055,3000,Minimum,4471,4471,0.3,-1,36.5,36.5,0
1786441692155,3000,Minimum,4471,4471,0.3,-1,37,37,0
1786441692255,3000,Minimum,4471,4471,0.3,-1,37,37,0
1786441692354,3000,Minimum,4471,4471,0.3,-1,37,37,0
1786441692455,3000,Minimum,4471,4471,0.3,-1,37,37,0
1786441692554,3000,Minimum,4471,4471,0.3,-1,37,37,0
1786441692654,3000,Minimum,4471,4471,0.3,-1,37,37,0
1786441692754,3000,Minimum,4471,4471,0.3,-1,37,37,0
1786441692855,3000,Minimum,4471,4471,0.3,-1,37,37,0
1786441692955,3000,Minimum,4471,4471,0.3,-1,37,37,0
1786441693054,3000,Minimum,4471,4471,0.3,-1,37,37,0
1786441693154,3000,Minimum,4471,4471,0.3,-1,37.6875,37.6875,0
1786441693254,3000,Minimum,4471,4471,0.3,-1,37.6875,37.6875,0
1786441693354,3000,Minimum,4471,4471,0.3,-1,37.6875,37.6875,0
1786441693454,3000,Minimum,4471,4471,0.3,-1,37.6875,37.6875,0
1786441693554,3000,Minimum,4471,4471,0.3,-1,37.6875,37.6875,0
1786441693654,3000,Minimum,4471,4471,0.3,-1,37.6875,37.6875,0
1786441693754,3000,Minimum,4471,4471,0.3,-1,37.6875,37.6875,0
1786441693854,3000,Minimum,4471,4471,0.3,-1,37.6875,37.6875,0
1786441693954,3000,Minimum,4471,4471,0.3,-1,37.6875,37.6875,0
1786441694054,3000,Minimum,4471,4471,0.3,-1,37.6875,37.6875,0
1786441694154,3000,Minimum,4471,4471,0.3,-1,38.25,38.25,0
1786441694254,3000,Minimum,4471,4471,0.3,-1,38.25,38.25,0
1786441694354,3000,Minimum,4471,4471,0.3,-1,38.25,38.25,0
1786441694454,3000,Minimum,4471,4471,0.3,-1,38.25,38.25,0
1786441694554,3000,Minimum,4471,4471,0.3,-1,38.25,38.25,0
1786441694654,3000,Minimum,4471,4471,0.3,-1,38.25,38.25,0
1786441694754,3000,Minimum,4471,4471,0.3,-1,38.25,38.25,0
1786441694854,3000,Minimum,4471,4471,0.3,-1,38.25,38.25,0
1786441694954,3000,Minimum,4471,4471,0.3,-1,38.25,38.25,0
1786441695054,3000,Minimum,4471,4471,0.3,-1,38.25,38.25,0
1786441695154,3000,Minimum,4471,4471,0.3,-1,38.9375,38.9375,0
1786441695254,3000,Minimum,4471,4471,0.3,-1,38.9375,38.9375,0
1786441695354,3000,Minimum,4471,4471,0.3,-1,38.9375,38.9375,0
1786441695454,3000,Minimum,4471,4471,0.3,-1,38.9375,38.9375,0
1786441695554,3000,Minimum,4471,4471,0.3,-1,38.9375,38.9375,0
1786441695654,3000,Minimum,4471,4471,0.3,-1,38.9375,38.9375,0
1786441695754,3000,Minimum,4471,4471,0.3,-1,38.9375,38.9375,0
1786441695854,3000,Minimum,4471,4471,0.3,-1,38.9375,38.9375,0
1786441695954,3000,Minimum,4471,4471,0.3,-1,38.9375,38.9375,0
1786441696054,3000,Minimum,4471,4471,0.3,-1,38.9375,38.9375,0
1786441696154,3000,Minimum,4471,4471,0.3,-1,39.4375,39.4375,0
1786441696254,3000,Minimum,4471,4471,0.3,-1,39.4375,39.4375,0
1786441696354,3000,Minimum,4471,4471,0.3,-1,39.4375,39.4375,0
1786441696454,3000,Minimum,4471,4471,0.3,-1,39.4375,39.4375,0
1786441696554,3000,Minimum,4471,4471,0.3,-1,39.4375,39.4375,0
1786441696654,3000,Minimum,4471,4471,0.3,-1,39.4375,39.4375,0
1786441696754,3000,Minimum,4471,4471,0.3,-1,39.4375,39.4375,0
1786441696854,3000,Minimum,4471,4471,0.3,-1,39.4375,39.4375,0
1786441696954,3000,Minimum,4471,4471,0.3,-1,39.4375,39.4375,0
1786441697054,3000,Minimum,4471,4471,0.3,-1,39.4375,39.4375,0
1786441697154,3000,Minimum,4471,4471,0.3,-1,40,40,0
1786441697254,3000,Minimum,4471,4471,0.3,-1,40,40,0
1786441697354,3000,Minimum,4471,4471,0.3,-1,40,40,0
1786441697454,3000,Minimum,4471,4471,0.3,-1,40,40,0
1786441697554,3000,Minimum,4471,4471,0.3,-1,40,40,0
1786441697654,3000,Minimum,4471,4471,0.3,-1,40,40,0
1786441697754,3000,Minimum,4471,4471,0.3,-1,40,40,0
1786441697854,3000,Minimum,4471,4471,0.3,-1,40,40,0
1786441697954,3000,Minimum,4471,4471,0.3,-1,40,40,0
1786441698054,3000,Minimum,4471,4471,0.3,-1,40,40,0
1786441698154,3000,Minimum,4471,4471,0.3,-1,40.5625,40.5625,0
1786441698254,3000,Minimum,4471,4471,0.3,-1,40.5625,40.5625,0
1786441698354,3000,Minimum,4471,4471,0.3,-1,40.5625,40.5625,0
1786441698454,3000,Minimum,4471,4471,0.3,-1,40.5625,40.5625,0
1786441698554,3000,Minimum,4471,4471,0.3,-1,40.5625,40.5625,0
1786441698654,3000,Minimum,4471,4471,0.3,-1,40.5625,40.5625,0
1786441698754,3000,Minimum,4471,4471,0.3,-1,40.5625,40.5625,0
1786441698854,3000,Minimum,4471,4471,0.3,-1,40.5625,40.5625,0
1786441698954,3000,Minimum,4471,4471,0.3,-1,40.5625,40.5625,0
1786441699054,3000,Minimum,4471,4471,0.3,-1,40.5625,40.5625,0
1786441699154,3000,Minimum,4471,4471,0.3,-1,41.0625,41.0625,0
1786441699254,3000,Minimum,4471,4471,0.3,-1,41.0625,41.0625,0
1786441699354,3000,Minimum,4471,4471,0.3,-1,41.0625,41.0625,0
1786441699454,3000,Minimum,4471,4471,0.3,-1,41.0625,41.0625,0
1786441699554,3000,Minimum,4471,4471,0.3,-1,41.0625,41.0625,0
1786441699654,3000,Minimum,4471,4471,0.3,-1,41.0625,41.0625,0
1786441699754,3000,Minimum,4471,4471,0.3,-1,41.0625,41.0625,0
1786441699854,3000,Minimum,4471,4471,0.3,-1,41.0625,41.0625,0
1786441699954,3000,Minimum,4471,4471,0.3,-1,41.0625,41.0625,0
1786441700054,3000,Minimum,4471,4471,0.3,-1,41.0625,41.0625,0
1786441700154,3000,Minimum,4471,4471,0.3,-1,41.6875,41.6875,0
1786441700254,3000,Minimum,4471,4471,0.3,-1,41.6875,41.6875,0
1786441700354,3000,Minimum,4471,4471,0.3,-1,41.6875,41.6875,0
1786441700454,3000,Minimum,4471,4471,0.3,-1,41.6875,41.6875,0
1786441700554,3000,Minimum,4471,4471,0.3,-1,41.6875,41.6875,0
1786441700654,3000,Minimum,4471,4471,0.3,-1,41.6875,41.6875,0
1786441700754,3000,Minimum,4471,4471,0.3,-1,41.6875,41.6875,0
1786441700854,3000,Minimum,4471,4471,0.3,-1,41.6875,41.6875,0
1786441700954,3000,Minimum,4471,4471,0.3,-1,41.6875,41.6875,0
1786441701054,3000,Minimum,4471,4471,0.3,-1,41.6875,41.6875,0
1786441701154,3000,Minimum,4471,4471,0.3,-1,42.125,42.125,0
1786441701254,3000,Minimum,4471,4471,0.3,-1,42.125,42.125,0
1786441701354,3000,Minimum,4471,4471,0.3,-1,42.125,42.125,0
1786441701454,3000,Minimum,4471,4471,0.3,-1,42.125,42.125,0
1786441701554,3000,Minimum,4471,4471,0.3,-1,42.125,42.125,0
1786441701654,3000,Minimum,4471,4471,0.3,-1,42.125,42.125,0
1786441701754,3000,Minimum,4471,4471,0.3,-1,42.125,42.125,0
1786441701854,3000,Minimum,4471,4471,0.3,-1,42.125,42.125,0
1786441701954,3000,Minimum,4471,4471,0.3,-1,42.125,42.125,0
1786441702054,3000,Minimum,4471,4471,0.3,-1,42.125,42.125,0
1786441702154,3000,Minimum,4471,4471,0.3,-1,42.5,42.5,0
1786441702254,3000,Minimum,4471,4471,0.3,-1,42.5,42.5,0
1786441702354,3000,Minimum,4471,4471,0.3,-1,42.5,42.5,0
1786441702454,3000,Minimum,4471,4471,0.3,-1,42.5,42.5,0
1786441702554,3000,Minimum,4471,4471,0.3,-1,42.5,42.5,0
1786441702654,3000,Minimum,4471,4471,0.3,-1,42.5,42.5,0
1786441702754,3000,Minimum,4471,4471,0.3,-1,42.5,42.5,0
1786441702854,3000,Minimum,4471,4471,0.3,-1,42.5,42.5,0
1786441702954,3000,Minimum,4471,4471,0.3,-1,42.5,42.5,0
1786441703054,3000,Minimum,4471,4471,0.3,-1,42.5,42.5,0
1786441703154,3000,Minimum,4471,4471,0.3,-1,43,43,0
1786441703254,3000,Minimum,4471,4471,0.3,-1,43,43,0
1786441703354,3000,Minimum,4471,4471,0.3,-1,43,43,0
1786441703454,3000,Minimum,4471,4471,0.3,-1,43,43,0
1786441703554,3000,Minimum,4471,4471,0.3,-1,43,43,0
1786441703654,3000,Minimum,4471,4471,0.3,-1,43,43,0
1786441703754,3000,Minimum,4471,4471,0.3,-1,43,43,0
1786441703854,3000,Minimum,4471,4471,0.3,-1,43,43,0
1786441703954,3000,Minimum,4471,4471,0.3,-1,43,43,0
1786441704054,3000,Minimum,4471,4471,0.3,-1,43,43,0
1786441704154,3000,Minimum,4471,4471,0.3,-1,43.5625,43.5625,0
1786441704254,3000,Minimum,4471,4471,0.3,-1,43.5625,43.5625,0
1786441704354,3000,Minimum,4471,4471,0.3,-1,43.5625,43.5625,0
1786441704454,3000,Minimum,4471,4471,0.3,-1,43.5625,43.5625,0
1786441704554,3000,Minimum,4471,4471,0.3,-1,43.5625,43.5625,0
1786441704654,3000,Minimum,4471,4471,0.3,-1,43.5625,43.5625,0
1786441704754,3000,Minimum,4471,4471,0.3,-1,43.5625,43.5625,0
1786441704854,3000,Minimum,4471,4471,0.3,-1,43.5625,43.5625,0
1786441704954,3000,Minimum,4471,4471,0.3,-1,43.5625,43.5625,0
1786441705054,3000,Minimum,4471,4471,0.3,-1,43.5625,43.5625,0
1786441705154,3000,Minimum,4471,4471,0.3,-1,43.9375,43.9375,0
1786441705254,3000,Minimum,4471,4471,0.3,-1,43.9375,43.9375,0
1786441705354,3000,Minimum,4471,4471,0.3,-1,43.9375,43.9375,0
1786441705454,3000,Minimum,4471,4471,0.3,-1,43.9375,43.9375,0
1786441705554,3000,Minimum,4471,4471,0.3,-1,43.9375,43.9375,0
1786441705654,3000,Minimum,4471,4471,0.3,-1,43.9375,43.9375,0
1786441705754,3000,Minimum,4471,4471,0.3,-1,43.9375,43.9375,0
1786441705854,3000,Minimum,4471,4471,0.3,-1,43.9375,43.9375,0
1786441705954,3000,Minimum,4471,4471,0.3,-1,43.9375,43.9375,0
1786441706054,3000,Minimum,4471,4471,0.3,-1,43.9375,43.9375,0
1786441706154,3000,Minimum,4471,4471,0.3,-1,44.375,44.375,0
1786441706254,3000,Minimum,4471,4471,0.3,-1,44.375,44.375,0
1786441706354,3000,Minimum,4471,4471,0.3,-1,44.375,44.375,0
1786441706454,3000,Minimum,4471,4471,0.3,-1,44.375,44.375,0
1786441706554,3000,Minimum,4471,4471,0.3,-1,44.375,44.375,0
1786441706654,3000,Minimum,4471,4471,0.3,-1,44.375,44.375,0
1786441706754,3000,Minimum,4471,4471,0.3,-1,44.375,44.375,0
1786441706854,3000,Minimum,4471,4471,0.3,-1,44.375,44.375,0
1786441706954,3000,Minimum,4471,4471,0.3,-1,44.375,44.375,0
1786441707054,3000,Minimum,4471,4471,0.3,-1,44.375,44.375,0
1786441707154,3000,Minimum,4471,4471,0.3,-1,44.875,44.875,0
1786441707254,3000,Minimum,4471,4471,0.3,-1,44.875,44.875,0
1786441707354,3000,Minimum,4471,4471,0.3,-1,44.875,44.875,0
1786441707454,3000,Minimum,4471,4471,0.3,-1,44.875,44.875,0
1786441707554,3000,Minimum,4471,4471,0.3,-1,44.875,44.875,0
1786441707654,3000,Minimum,4471,4471,0.3,-1,44.875,44.875,0
1786441707754,3000,Minimum,4471,4471,0.3,-1,44.875,44.875,0
1786441707854,3000,Minimum,4471,4471,0.3,-1,44.875,44.875,0
1786441707954,3000,Minimum,4471,4471,0.3,-1,44.875,44.875,0
1786441708054,3000,Minimum,4471,4471,0.3,-1,44.875,44.875,0
1786441708154,3000,Minimum,4471,4471,0.3,-1,45.1875,45.1875,0
1786441708254,3000,Minimum,4471,4471,0.3,-1,45.1875,45.1875,0
1786441708354,3000,Minimum,4471,4471,0.3,-1,45.1875,45.1875,0
1786441708454,3000,Minimum,4471,4471,0.3,-1,45.1875,45.1875,0
1786441708554,3000,Minimum,4471,4471,0.3,-1,45.1875,45.1875,0
1786441708654,3000,Minimum,4471,4471,0.3,-1,45.1875,45.1875,0
1786441708754,3000,Minimum,4471,4471,0.3,-1,45.1875,45.1875,0
1786441708854,3000,Minimum,4471,4471,0.3,-1,45.1875,45.1875,0
1786441708954,3000,Minimum,4471,4471,0.3,-1,45.1875,45.1875,0
1786441709054,3000,Minimum,4471,4471,0.3,-1,45.1875,45.1875,0
1786441709154,3000,Minimum,4471,4471,0.3,-1,45.8125,45.8125,0
1786441709254,3000,Minimum,4471,4471,0.3,-1,45.8125,45.8125,0
1786441709354,3000,Minimum,4471,4471,0.3,-1,45.8125,45.8125,0
1786441709454,3000,Minimum,4471,4471,0.3,-1,45.8125,45.8125,0
1786441709554,3000,Minimum,4471,4471,0.3,-1,45.8125,45.8125,0
1786441709654,3000,Minimum,4471,4471,0.3,-1,45.8125,45.8125,0
1786441709754,3000,Minimum,4471,4471,0.3,-1,45.8125,45.8125,0
1786441709854,3000,Minimum,4471,4471,0.3,-1,45.8125,45.8125,0
1786441709954,3000,Minimum,4471,4471,0.3,-1,45.8125,45.8125,0
1786441710054,3000,Minimum,4471,4471,0.3,-1,45.8125,45.8125,0
1786441710154,3000,Minimum,4471,4471,0.3,-1,46.0625,46.0625,0
1786441710254,3000,Minimum,4471,4471,0.3,-1,46.0625,46.0625,0
1786441710354,3000,Minimum,4471,4471,0.3,-1,46.0625,46.0625,0
1786441710454,3000,Minimum,4471,4471,0.3,-1,46.0625,46.0625,0
1786441710554,3000,Minimum,4471,4471,0.3,-1,46.0625,46.0625,0
1786441710654,3000,Minimum,4471,4471,0.3,-1,46.0625,46.0625,0
1786441710754,3000,Minimum,4471,4471,0.3,-1,46.0625,46.0625,0
1786441710854,3000,Minimum,4471,4471,0.3,-1,46.0625,46.0625,0
1786441710954,3000,Minimum,4471,4471,0.3,-1,46.0625,46.0625,0
1786441711054,3000,Minimum,4471,4471,0.3,-1,46.0625,46.0625,0
1786441711154,3000,Minimum,4471,4471,0.3,-1,46.4375,46.4375,0
1786441711254,3000,Minimum,4471,4471,0.3,-1,46.4375,46.4375,0
1786441711354,3000,Minimum,4471,4471,0.3,-1,46.4375,46.4375,0
1786441711454,3000,Minimum,4471,4471,0.3,-1,46.4375,46.4375,0
1786441711554,3000,Minimum,4471,4471,0.3,-1,46.4375,46.4375,0
1786441711654,3000,Minimum,4471,4471,0.3,-1,46.4375,46.4375,0
1786441711754,3000,Minimum,4471,4471,0.3,-1,46.4375,46.4375,0
1786441711854,3000,Minimum,4471,4471,0.3,-1,46.4375,46.4375,0
1786441711954,3000,Minimum,4471,4471,0.3,-1,46.4375,46.4375,0
1786441712054,3000,Minimum,4471,4471,0.3,-1,46.4375,46.4375,0
1786441712154,3000,Minimum,4471,4471,0.3,-1,46.9375,46.9375,0
1786441712254,3000,Minimum,4471,4471,0.3,-1,46.9375,46.9375,0
1786441712354,3000,Minimum,4471,4471,0.3,-1,46.9375,46.9375,0
1786441712454,3000,Minimum,4471,4471,0.3,-1,46.9375,46.9375,0
1786441712554,3000,Minimum,4471,4471,0.3,-1,46.9375,46.9375,0
1786441712654,3000,Minimum,4471,4471,0.3,-1,46.9375,46.9375,0
1786441712754,3000,Minimum,4471,4471,0.3,-1,46.9375,46.9375,0
1786441712854,3000,Minimum,4471,4471,0.3,-1,46.9375,46.9375,0
1786441712954,3000,Minimum,4471,4471,0.3,-1,46.9375,46.9375,0
1786441713054,3000,Minimum,4471,4471,0.3,-1,46.9375,46.9375,0
1786441713154,3000,Minimum,4471,4471,0.3,-1,47.3125,47.3125,0
1786441713254,3000,Minimum,4471,4471,0.3,-1,47.3125,47.3125,0
1786441713354,3000,Minimum,4471,4471,0.3,-1,47.3125,47.3125,0
1786441713454,3000,Minimum,4471,4471,0.3,-1,47.3125,47.3125,0
1786441713554,3000,Minimum,4471,4471,0.3,-1,47.3125,47.3125,0
1786441713654,3000,Minimum,4471,4471,0.3,-1,47.3125,47.3125,0
1786441713754,3000,Minimum,4471,4471,0.3,-1,47.3125,47.3125,0
1786441713854,3000,Minimum,4471,4471,0.3,-1,47.3125,47.3125,0
1786441713954,3000,Minimum,4471,4471,0.3,-1,47.3125,47.3125,0
1786441714054,3000,Minimum,4471,4471,0.3,-1,47.3125,47.3125,0
1786441714154,3000,Minimum,4471,4471,0.3,-1,47.75,47.75,0
1786441714254,3000,Minimum,4471,4471,0.3,-1,47.75,47.75,0
1786441714354,3000,Minimum,4471,4471,0.3,-1,47.75,47.75,0
1786441714454,3000,Minimum,4471,4471,0.3,-1,47.75,47.75,0
1786441714554,3000,Minimum,4471,4471,0.3,-1,47.75,47.75,0
1786441714654,3000,Minimum,4471,4471,0.3,-1,47.75,47.75,0
1786441714754,3000,Minimum,4471,4471,0.3,-1,47.75,47.75,0
1786441714854,3000,Minimum,4471,4471,0.3,-1,47.75,47.75,0
1786441714954,3000,Minimum,4471,4471,0.3,-1,47.75,47.75,0
1786441715054,3000,Minimum,4471,4471,0.3,-1,47.75,47.75,0
1786441715154,3000,Minimum,4471,4471,0.3,-1,48,48,0
1786441715254,3000,Minimum,4471,4471,0.3,-1,48,48,0
1786441715354,3000,Minimum,4471,4471,0.3,-1,48,48,0
1786441715454,3000,Minimum,4471,4471,0.3,-1,48,48,0
1786441715554,3000,Minimum,4471,4471,0.3,-1,48,48,0
1786441715654,3000,Minimum,4471,4471,0.3,-1,48,48,0
1786441715754,3000,Minimum,4471,4471,0.3,-1,48,48,0
1786441715854,3000,Minimum,4471,4471,0.3,-1,48,48,0
1786441715954,3000,Minimum,4471,4471,0.3,-1,48,48,0
1786441716054,3000,Minimum,4471,4471,0.3,-1,48,48,0
1786441716154,3000,Minimum,4471,4471,0.3,-1,48.375,48.375,0
1786441716254,3000,Minimum,4471,4471,0.3,-1,48.375,48.375,0
1786441716354,3000,Minimum,4471,4471,0.3,-1,48.375,48.375,0
1786441716454,3000,Minimum,4471,4471,0.3,-1,48.375,48.375,0
1786441716554,3000,Minimum,4471,4471,0.3,-1,48.375,48.375,0
1786441716654,3000,Minimum,4471,4471,0.3,-1,48.375,48.375,0
1786441716754,3000,Minimum,4471,4471,0.3,-1,48.375,48.375,0
1786441716854,3000,Minimum,4471,4471,0.3,-1,48.375,48.375,0
1786441716954,3000,Minimum,4471,4471,0.3,-1,48.375,48.375,0
1786441717054,3000,Minimum,4471,4471,0.3,-1,48.375,48.375,0
1786441717154,3000,Minimum,4471,4471,0.3,-1,48.75,48.75,0
1786441717254,3000,Minimum,4471,4471,0.3,-1,48.75,48.75,0
1786441717354,3000,Minimum,4471,4471,0.3,-1,48.75,48.75,0
1786441717454,3000,Minimum,4471,4471,0.3,-1,48.75,48.75,0
1786441717554,3000,Minimum,4471,4471,0.3,-1,48.75,48.75,0
1786441717654,3000,Minimum,4471,4471,0.3,-1,48.75,48.75,0
1786441717754,3000,Minimum,4471,4471,0.3,-1,48.75,48.75,0
1786441717854,3000,Minimum,4471,4471,0.3,-1,48.75,48.75,0
1786441717954,3000,Minimum,4471,4471,0.3,-1,48.75,48.75,0
1786441718055,3000,Minimum,4471,4471,0.3,-1,48.75,48.75,0
1786441718155,3000,Minimum,4471,4471,0.3,-1,49.1875,49.1875,0
1786441718255,3000,Minimum,4471,4471,0.3,-1,49.1875,49.1875,0
1786441718355,3000,Minimum,4471,4471,0.3,-1,49.1875,49.1875,0
1786441718455,3000,Minimum,4471,4471,0.3,-1,49.1875,49.1875,0
1786441718555,3000,Minimum,4471,4471,0.3,-1,49.1875,49.1875,0
1786441718655,3000,Minimum,4471,4471,0.3,-1,49.1875,49.1875,0
1786441718755,3000,Minimum,4471,4471,0.3,-1,49.1875,49.1875,0
1786441718855,3000,Minimum,4471,4471,0.3,-1,49.1875,49.1875,0
1786441718955,3000,Minimum,4471,4471,0.3,-1,49.1875,49.1875,0
1786441719055,3000,Minimum,4471,4471,0.3,-1,49.1875,49.1875,0
1786441719155,3000,Minimum,4471,4471,0.3,-1,49.4375,49.4375,0
1786441719255,3000,Minimum,4471,4471,0.3,-1,49.4375,49.4375,0
1786441719355,3000,Minimum,4471,4471,0.3,-1,49.4375,49.4375,0
1786441719455,3000,Minimum,4471,4471,0.3,-1,49.4375,49.4375,0
1786441719555,3000,Minimum,4471,4471,0.3,-1,49.4375,49.4375,0
1786441719655,3000,Minimum,4471,4471,0.3,-1,49.4375,49.4375,0
1786441719754,3000,Minimum,4471,4471,0.3,-1,49.4375,49.4375,0
1786441719855,3000,Minimum,4471,4471,0.3,-1,49.4375,49.4375,0
1786441719955,3000,Minimum,4471,4471,0.3,-1,49.4375,49.4375,0
1786441720055,3000,Minimum,4471,4471,0.3,-1,49.4375,49.4375,0
1786441720155,3000,Minimum,4471,4471,0.3,-1,49.8125,49.8125,0
1786441720255,3000,Minimum,4471,4471,0.3,-1,49.8125,49.8125,0
1786441720355,3000,Minimum,4471,4471,0.3,-1,49.8125,49.8125,0
1786441720455,3000,Minimum,4471,4471,0.3,-1,49.8125,49.8125,0
1786441720555,3000,Minimum,4471,4471,0.3,-1,49.8125,49.8125,0
1786441720655,3000,Minimum,4471,4471,0.3,-1,49.8125,49.8125,0
1786441720755,3000,Minimum,4471,4471,0.3,-1,49.8125,49.8125,0
1786441720855,3000,Minimum,4471,4471,0.3,-1,49.8125,49.8125,0
1786441720955,3000,Minimum,4471,4471,0.3,-1,49.8125,49.8125,0
1786441721055,3000,Minimum,4471,4471,0.3,-1,49.8125,49.8125,0
1786441721155,3000,Minimum,4471,4471,0.3,-1,50.125,50.125,0
1786441721255,3000,Minimum,4471,4471,0.3,-1,50.125,50.125,0
1786441721355,3000,Minimum,4471,4471,0.3,-1,50.125,50.125,0
1786441721455,3000,Minimum,4471,4471,0.3,-1,50.125,50.125,0
1786441721555,3000,Minimum,4471,4471,0.3,-1,50.125,50.125,0
1786441721655,3000,Minimum,4471,4471,0.3,-1,50.125,50.125,0
1786441721755,3000,Minimum,4471,4471,0.3,-1,50.125,50.125,0
1786441721855,3000,Minimum,4471,4471,0.3,-1,50.125,50.125,0
1786441721955,3000,Minimum,4471,4471,0.3,-1,50.125,50.125,0
1786441722055,3000,Minimum,4471,4471,0.3,-1,50.125,50.125,0
1786441722155,3000,Minimum,4471,4471,0.3,-1,50.4375,50.4375,0
1786441722255,3000,Minimum,4471,4471,0.3,-1,50.4375,50.4375,0
1786441722355,3000,Minimum,4471,4471,0.3,-1,50.4375,50.4375,0
1786441722455,3000,Minimum,4471,4471,0.3,-1,50.4375,50.4375,0
1786441722555,3000,Minimum,4471,4471,0.3,-1,50.4375,50.4375,0
1786441722655,3000,Minimum,4471,4471,0.3,-1,50.4375,50.4375,0
1786441722755,3000,Minimum,4471,4471,0.3,-1,50.4375,50.4375,0
1786441722855,3000,Minimum,4471,4471,0.3,-1,50.4375,50.4375,0
1786441722955,3000,Minimum,4471,4471,0.3,-1,50.4375,50.4375,0
1786441723055,3000,Minimum,4471,4471,0.3,-1,50.4375,50.4375,0
1786441723155,3000,Minimum,4471,4471,0.3,-1,50.875,50.875,0
1786441723254,3000,Minimum,4471,4471,0.3,-1,50.875,50.875,0
1786441723355,3000,Minimum,4471,4471,0.3,-1,50.875,50.875,0
1786441723455,3000,Minimum,4471,4471,0.3,-1,50.875,50.875,0
1786441723555,3000,Minimum,4471,4471,0.3,-1,50.875,50.875,0
1786441723655,3000,Minimum,4471,4471,0.3,-1,50.875,50.875,0
1786441723755,3000,Minimum,4471,4471,0.3,-1,50.875,50.875,0
1786441723855,3000,Minimum,4471,4471,0.3,-1,50.875,50.875,0
1786441723955,3000,Minimum,4471,4471,0.3,-1,50.875,50.875,0
1786441724054,3000,Minimum,4471,4471,0.3,-1,50.875,50.875,0
1786441724155,3000,Minimum,4471,4471,0.3,-1,50.9375,50.9375,0
1786441724255,3000,Minimum,4471,4471,0.3,-1,50.9375,50.9375,0
1786441724355,3000,Minimum,4471,4471,0.3,-1,50.9375,50.9375,0
1786441724455,3000,Minimum,4471,4471,0.3,-1,50.9375,50.9375,0
1786441724555,3000,Minimum,4471,4471,0.3,-1,50.9375,50.9375,0
1786441724655,3000,Minimum,4471,4471,0.3,-1,50.9375,50.9375,0
1786441724755,3000,Minimum,4471,4471,0.3,-1,50.9375,50.9375,0
1786441724855,3000,Minimum,4471,4471,0.3,-1,50.9375,50.9375,0
1786441724955,3000,Minimum,4471,4471,0.3,-1,50.9375,50.9375,0
1786441725054,3000,Minimum,4471,4471,0.3,-1,50.9375,50.9375,0
1786441725155,3000,Minimum,4471,4471,0.3,-1,51.25,51.25,0
1786441725254,3000,Minimum,4471,4471,0.3,-1,51.25,51.25,0
1786441725354,3000,Minimum,4471,4471,0.3,-1,51.25,51.25,0
1786441725454,3000,Minimum,4471,4471,0.3,-1,51.25,51.25,0
1786441725554,3000,Minimum,4471,4471,0.3,-1,51.25,51.25,0
1786441725655,3000,Minimum,4471,4471,0.3,-1,51.25,51.25,0
1786441725754,3000,Minimum,4471,4471,0.3,-1,51.25,51.25,0
1786441725855,3000,Minimum,4471,4471,0.3,-1,51.25,51.25,0
1786441725954,3000,Minimum,4471,4471,0.3,-1,51.25,51.25,0
1786441726054,3000,Minimum,4471,4471,0.3,-1,51.25,51.25,0
1786441726154,3000,Minimum,4471,4471,0.3,-1,51.5625,51.5625,0
1786441726254,3000,Minimum,4471,4471,0.3,-1,51.5625,51.5625,0
1786441726354,3000,Minimum,4471,4471,0.3,-1,51.5625,51.5625,0
1786441726454,3000,Minimum,4471,4471,0.3,-1,51.5625,51.5625,0
1786441726554,3000,Minimum,4471,4471,0.3,-1,51.5625,51.5625,0
1786441726654,3000,Minimum,4471,4471,0.3,-1,51.5625,51.5625,0
1786441726754,3000,Minimum,4471,4471,0.3,-1,51.5625,51.5625,0
1786441726854,3000,Minimum,4471,4471,0.3,-1,51.5625,51.5625,0
1786441726954,3000,Minimum,4471,4471,0.3,-1,51.5625,51.5625,0
1786441727054,3000,Minimum,4471,4471,0.3,-1,51.5625,51.5625,0
1786441727154,3000,Minimum,4471,4471,0.3,-1,51.875,51.875,0
1786441727254,3000,Minimum,4471,4471,0.3,-1,51.875,51.875,0
1786441727354,3000,Minimum,4471,4471,0.3,-1,51.875,51.875,0
1786441727454,3000,Minimum,4471,4471,0.3,-1,51.875,51.875,0
1786441727554,3000,Minimum,4471,4471,0.3,-1,51.875,51.875,0
1786441727654,3000,Minimum,4471,4471,0.3,-1,51.875,51.875,0
1786441727754,3000,Minimum,4471,4471,0.3,-1,51.875,51.875,0
1786441727854,3000,Minimum,4471,4471,0.3,-1,51.875,51.875,0
1786441727954,3000,Minimum,4471,4471,0.3,-1,51.875,51.875,0
1786441728054,3000,Minimum,4471,4471,0.3,-1,51.875,51.875,0
1786441728154,3000,Minimum,4471,4471,0.3,-1,52.1875,52.1875,0
1786441728254,3000,Minimum,4471,4471,0.3,-1,52.1875,52.1875,0
1786441728354,3000,Minimum,4471,4471,0.3,-1,52.1875,52.1875,0
1786441728454,3000,Minimum,4471,4471,0.3,-1,52.1875,52.1875,0
1786441728554,3000,Minimum,4471,4471,0.3,-1,52.1875,52.1875,0
1786441728654,3000,Minimum,4471,4471,0.3,-1,52.1875,52.1875,0
1786441728754,3000,Minimum,4471,4471,0.3,-1,52.1875,52.1875,0
1786441728854,3000,Minimum,4471,4471,0.3,-1,52.1875,52.1875,0
1786441728954,3000,Minimum,4471,4471,0.3,-1,52.1875,52.1875,0
1786441729054,3000,Minimum,4471,4471,0.3,-1,52.1875,52.1875,0
1786441729154,3000,Minimum,4471,4471,0.3,-1,52.4375,52.4375,0
1786441729254,3000,Minimum,4471,4471,0.3,-1,52.4375,52.4375,0
1786441729354,3000,Minimum,4471,4471,0.3,-1,52.4375,52.4375,0
1786441729454,3000,Minimum,4471,4471,0.3,-1,52.4375,52.4375,0
1786441729554,3000,Minimum,4471,4471,0.3,-1,52.4375,52.4375,0
1786441729654,3000,Minimum,4471,4471,0.3,-1,52.4375,52.4375,0
1786441729754,3000,Minimum,4471,4471,0.3,-1,52.4375,52.4375,0
1786441729854,3000,Minimum,4471,4471,0.3,-1,52.4375,52.4375,0
1786441729954,3000,Minimum,4471,4471,0.3,-1,52.4375,52.4375,0
1786441730054,3000,Minimum,4471,4471,0.3,-1,52.4375,52.4375,0
1786441730154,3000,Minimum,4471,4471,0.3,-1,52.6875,52.6875,0
1786441730254,3000,Minimum,4471,4471,0.3,-1,52.6875,52.6875,0
1786441730354,3000,Minimum,4471,4471,0.3,-1,52.6875,52.6875,0
1786441730454,3000,Minimum,4471,4471,0.3,-1,52.6875,52.6875,0
1786441730554,3000,Minimum,4471,4471,0.3,-1,52.6875,52.6875,0
1786441730654,3000,Minimum,4471,4471,0.3,-1,52.6875,52.6875,0
1786441730754,3000,Minimum,4471,4471,0.3,-1,52.6875,52.6875,0
1786441730854,3000,Minimum,4471,4471,0.3,-1,52.6875,52.6875,0
1786441730954,3000,Minimum,4471,4471,0.3,-1,52.6875,52.6875,0
1786441731054,3000,Minimum,4471,4471,0.3,-1,52.6875,52.6875,0
1786441731154,3000,Minimum,4471,4471,0.3,-1,53,53,0
1786441731254,3000,Minimum,4471,4471,0.3,-1,53,53,0
1786441731354,3000,Minimum,4471,4471,0.3,-1,53,53,0
1786441731454,3000,Minimum,4471,4471,0.3,-1,53,53,0
1786441731554,3000,Minimum,4471,4471,0.3,-1,53,53,0
1786441731654,3000,Minimum,4471,4471,0.3,-1,53,53,0
1786441731754,3000,Minimum,4471,4471,0.3,-1,53,53,0
1786441731854,3000,Minimum,4471,4471,0.3,-1,53,53,0
1786441731954,3000,Minimum,4471,4471,0.3,-1,53,53,0
1786441732054,3000,Minimum,4471,4471,0.3,-1,53,53,0
1786441732154,3000,Minimum,4471,4471,0.3,-1,53.25,53.25,0
1786441732254,3000,Minimum,4471,4471,0.3,-1,53.25,53.25,0
1786441732354,3000,Minimum,4471,4471,0.3,-1,53.25,53.25,0
1786441732454,3000,Minimum,4471,4471,0.3,-1,53.25,53.25,0
1786441732554,3000,Minimum,4471,4471,0.3,-1,53.25,53.25,0
1786441732654,3000,Minimum,4471,4471,0.3,-1,53.25,53.25,0
1786441732754,3000,Minimum,4471,4471,0.3,-1,53.25,53.25,0
1786441732854,3000,Minimum,4471,4471,0.3,-1,53.25,53.25,0
1786441732954,3000,Minimum,4471,4471,0.3,-1,53.25,53.25,0
1786441733054,3000,Minimum,4471,4471,0.3,-1,53.25,53.25,0
1786441733154,3000,Minimum,4471,4471,0.3,-1,53.375,53.375,0
1786441733254,3000,Minimum,4471,4471,0.3,-1,53.375,53.375,0
1786441733354,3000,Minimum,4471,4471,0.3,-1,53.375,53.375,0
1786441733454,3000,Minimum,4471,4471,0.3,-1,53.375,53.375,0
1786441733554,3000,Minimum,4471,4471,0.3,-1,53.375,53.375,0
1786441733654,3000,Minimum,4471,4471,0.3,-1,53.375,53.375,0
1786441733754,3000,Minimum,4471,4471,0.3,-1,53.375,53.375,0
1786441733854,3000,Minimum,4471,4471,0.3,-1,53.375,53.375,0
1786441733954,3000,Minimum,4471,4471,0.3,-1,53.375,53.375,0
1786441734054,3000,Minimum,4471,4471,0.3,-1,53.375,53.375,0
1786441734154,3000,Minimum,4471,4471,0.3,-1,53.6875,53.6875,0
1786441734254,3000,Minimum,4471,4471,0.3,-1,53.6875,53.6875,0
1786441734354,3000,Minimum,4471,4471,0.3,-1,53.6875,53.6875,0
1786441734454,3000,Minimum,4471,4471,0.3,-1,53.6875,53.6875,0
1786441734554,3000,Minimum,4471,4471,0.3,-1,53.6875,53.6875,0
1786441734654,3000,Minimum,4471,4471,0.3,-1,53.6875,53.6875,0
1786441734754,3000,Minimum,4471,4471,0.3,-1,53.6875,53.6875,0
1786441734854,3000,Minimum,4471,4471,0.3,-1,53.6875,53.6875,0
1786441734954,3000,Minimum,4471,4471,0.3,-1,53.6875,53.6875,0
1786441735054,3000,Minimum,4471,4471,0.3,-1,53.6875,53.6875,0
1786441735154,3000,Minimum,4471,4471,0.3,-1,53.9375,53.9375,0
1786441735254,3000,Minimum,4471,4471,0.3,-1,53.9375,53.9375,0
1786441735354,3000,Minimum,4471,4471,0.3,-1,53.9375,53.9375,0
1786441735454,3000,Minimum,4471,4471,0.3,-1,53.9375,53.9375,0
1786441735554,3000,Minimum,4471,4471,0.3,-1,53.9375,53.9375,0
1786441735654,3000,Minimum,4471,4471,0.3,-1,53.9375,53.9375,0
1786441735754,3000,Minimum,4471,4471,0.3,-1,53.9375,53.9375,0
1786441735854,3000,Minimum,4471,4471,0.3,-1,53.9375,53.9375,0
1786441735954,3000,Minimum,4471,4471,0.3,-1,53.9375,53.9375,0
1786441736054,3000,Minimum,4471,4471,0.3,-1,53.9375,53.9375,0
1786441736154,3000,Minimum,4471,4471,0.3,-1,54.125,54.125,0
1786441736254,3000,Minimum,4471,4471,0.3,-1,54.125,54.125,0
1786441736354,3000,Minimum,4471,4471,0.3,-1,54.125,54.125,0
1786441736454,3000,Minimum,4471,4471,0.3,-1,54.125,54.125,0
1786441736554,3000,Minimum,4471,4471,0.3,-1,54.125,54.125,0
1786441736654,3000,Minimum,4471,4471,0.3,-1,54.125,54.125,0
1786441736754,3000,Minimum,4471,4471,0.3,-1,54.125,54.125,0
1786441736854,3000,Minimum,4471,4471,0.3,-1,54.125,54.125,0
1786441736954,3000,Minimum,4471,4471,0.3,-1,54.125,54.125,0
1786441737054,3000,Minimum,4471,4471,0.3,-1,54.125,54.125,0
1786441737154,3000,Minimum,4471,4471,0.3,-1,54.375,54.375,0
1786441737254,3000,Minimum,4471,4471,0.3,-1,54.375,54.375,0
1786441737354,3000,Minimum,4471,4471,0.3,-1,54.375,54.375,0
1786441737454,3000,Minimum,4471,4471,0.3,-1,54.375,54.375,0
1786441737554,3000,Minimum,4471,4471,0.3,-1,54.375,54.375,0
1786441737654,3000,Minimum,4471,4471,0.3,-1,54.375,54.375,0
1786441737754,3000,Minimum,4471,4471,0.3,-1,54.375,54.375,0
1786441737854,3000,Minimum,4471,4471,0.3,-1,54.375,54.375,0
1786441737954,3000,Minimum,4471,4471,0.3,-1,54.375,54.375,0
1786441738054,3000,Minimum,4471,4471,0.3,-1,54.375,54.375,0
1786441738154,3000,Minimum,4471,4471,0.3,-1,54.6875,54.6875,0
1786441738254,3000,Minimum,4471,4471,0.3,-1,54.6875,54.6875,0
1786441738354,3000,Minimum,4471,4471,0.3,-1,54.6875,54.6875,0
1786441738454,3000,Minimum,4471,4471,0.3,-1,54.6875,54.6875,0
1786441738554,3000,Minimum,4471,4471,0.3,-1,54.6875,54.6875,0
1786441738654,3000,Minimum,4471,4471,0.3,-1,54.6875,54.6875,0
1786441738754,3000,Minimum,4471,4471,0.3,-1,54.6875,54.6875,0
1786441738854,3000,Minimum,4471,4471,0.3,-1,54.6875,54.6875,0
1786441738954,3000,Minimum,4471,4471,0.3,-1,54.6875,54.6875,0
1786441739054,3000,Minimum,4471,4471,0.3,-1,54.6875,54.6875,0
1786441739154,3000,Minimum,4471,4471,0.3,-1,54.875,54.875,0
1786441739254,3000,Minimum,4471,4471,0.3,-1,54.875,54.875,0
1786441739354,3000,Minimum,4471,4471,0.3,-1,54.875,54.875,0
1786441739454,3000,Minimum,4471,4471,0.3,-1,54.875,54.875,0
1786441739554,3000,Minimum,4471,4471,0.3,-1,54.875,54.875,0
1786441739654,3000,Minimum,4471,4471,0.3,-1,54.875,54.875,0
1786441739754,3000,Minimum,4471,4471,0.3,-1,54.875,54.875,0
1786441739854,3000,Minimum,4471,4471,0.3,-1,54.875,54.875,0
1786441739954,3000,Minimum,4471,4471,0.3,-1,54.875,54.875,0
1786441740054,3000,Minimum,4471,4471,0.3,-1,54.875,54.875,0
1786441740154,3000,Minimum,4471,4471,0.3,-1,54.9375,54.9375,0
1786441740254,3000,Minimum,4471,4471,0.3,-1,54.9375,54.9375,0
1786441740354,3000,Minimum,4471,4471,0.3,-1,54.9375,54.9375,0
1786441740454,3000,Minimum,4471,4471,0.3,-1,54.9375,54.9375,0
1786441740554,3000,Minimum,4471,4471,0.3,-1,54.9375,54.9375,0
1786441740654,3000,Minimum,4471,4471,0.3,-1,54.9375,54.9375,0
1786441740754,3000,Minimum,4471,4471,0.3,-1,54.9375,54.9375,0
1786441740854,3000,Minimum,4471,4471,0.3,-1,54.9375,54.9375,0
1786441740954,3000,Minimum,4471,4471,0.3,-1,54.9375,54.9375,0
1786441741054,3000,Minimum,4471,4471,0.3,-1,54.9375,54.9375,0
1786441741154,3000,Minimum,4471,4471,0.3,-1,55.25,55.25,0
1786441741254,3000,Minimum,4471,4471,0.3,-1,55.25,55.25,0
1786441741354,3000,Minimum,4471,4471,0.3,-1,55.25,55.25,0
1786441741454,3000,Minimum,4471,4471,0.3,-1,55.25,55.25,0
1786441741554,3000,Minimum,4471,4471,0.3,-1,55.25,55.25,0
1786441741654,3000,Minimum,4471,4471,0.3,-1,55.25,55.25,0
1786441741754,3000,Minimum,4471,4471,0.3,-1,55.25,55.25,0
1786441741854,3000,Minimum,4471,4471,0.3,-1,55.25,55.25,0
1786441741954,3000,Minimum,4471,4471,0.3,-1,55.25,55.25,0
1786441742054,3000,Minimum,4471,4471,0.3,-1,55.25,55.25,0
1786441742154,3000,Minimum,4471,4471,0.3,-1,55.4375,55.4375,0
1786441742254,3000,Minimum,4471,4471,0.3,-1,55.4375,55.4375,0
1786441742354,3000,Minimum,4471,4471,0.3,-1,55.4375,55.4375,0
1786441742454,3000,Minimum,4471,4471,0.3,-1,55.4375,55.4375,0
1786441742554,3000,Minimum,4471,4471,0.3,-1,55.4375,55.4375,0
1786441742654,3000,Minimum,4471,4471,0.3,-1,55.4375,55.4375,0
1786441742754,3000,Minimum,4471,4471,0.3,-1,55.4375,55.4375,0
1786441742854,3000,Minimum,4471,4471,0.3,-1,55.4375,55.4375,0
1786441742954,3000,Minimum,4471,4471,0.3,-1,55.4375,55.4375,0
1786441743054,3000,Minimum,4471,4471,0.3,-1,55.4375,55.4375,0
1786441743154,3000,Minimum,4471,4471,0.3,-1,55.625,55.625,0
1786441743254,3000,Minimum,4471,4471,0.3,-1,55.625,55.625,0
1786441743354,3000,Minimum,4471,4471,0.3,-1,55.625,55.625,0
1786441743454,3000,Minimum,4471,4471,0.3,-1,55.625,55.625,0
1786441743554,3000,Minimum,4471,4471,0.3,-1,55.625,55.625,0
1786441743654,3000,Minimum,4471,4471,0.3,-1,55.625,55.625,0
1786441743754,3000,Minimum,4471,4471,0.3,-1,55.625,55.625,0
1786441743854,3000,Minimum,4471,4471,0.3,-1,55.625,55.625,0
1786441743954,3000,Minimum,4471,4471,0.3,-1,55.625,55.625,0
1786441744054,3000,Minimum,4471,4471,0.3,-1,55.625,55.625,0
1786441744154,3000,Minimum,4471,4471,0.3,-1,55.875,55.875,0
1786441744254,3000,Minimum,4471,4471,0.3,-1,55.875,55.875,0
1786441744354,3000,Minimum,4471,4471,0.3,-1,55.875,55.875,0
1786441744454,3000,Minimum,4471,4471,0.3,-1,55.875,55.875,0
1786441744554,3000,Minimum,4471,4471,0.3,-1,55.875,55.875,0
1786441744654,3000,Minimum,4471,4471,0.3,-1,55.875,55.875,0
1786441744754,3000,Minimum,4471,4471,0.3,-1,55.875,55.875,0
1786441744854,3000,Minimum,4471,4471,0.3,-1,55.875,55.875,0
1786441744954,3000,Minimum,4471,4471,0.3,-1,55.875,55.875,0
1786441745054,3000,Minimum,4471,4471,0.3,-1,55.875,55.875,0
1786441745154,3000,Minimum,4471,4471,0.3,-1,56.0625,56.0625,0
1786441745254,3000,Minimum,4471,4471,0.3,-1,56.0625,56.0625,0
1786441745354,3000,Minimum,4471,4471,0.3,-1,56.0625,56.0625,0
1786441745454,3000,Minimum,4471,4471,0.3,-1,56.0625,56.0625,0
1786441745554,3000,Minimum,4471,4471,0.3,-1,56.0625,56.0625,0
1786441745654,3000,Minimum,4471,4471,0.3,-1,56.0625,56.0625,0
1786441745754,3000,Minimum,4471,4471,0.3,-1,56.0625,56.0625,0
1786441745854,3000,Minimum,4471,4471,0.3,-1,56.0625,56.0625,0
1786441745954,3000,Minimum,4471,4471,0.3,-1,56.0625,56.0625,0
1786441746054,3000,Minimum,4471,4471,0.3,-1,56.0625,56.0625,0
1786441746154,3000,Minimum,4471,4471,0.3,-1,56.125,56.125,0
1786441746254,3000,Minimum,4471,4471,0.3,-1,56.125,56.125,0
1786441746354,3000,Minimum,4471,4471,0.3,-1,56.125,56.125,0
1786441746454,3000,Minimum,4471,4471,0.3,-1,56.125,56.125,0
1786441746554,3000,Minimum,4471,4471,0.3,-1,56.125,56.125,0
1786441746654,3000,Minimum,4471,4471,0.3,-1,56.125,56.125,0
1786441746754,3000,Minimum,4471,4471,0.3,-1,56.125,56.125,0
1786441746854,3000,Minimum,4471,4471,0.3,-1,56.125,56.125,0
1786441746954,3000,Minimum,4471,4471,0.3,-1,56.125,56.125,0
1786441747054,3000,Minimum,4471,4471,0.3,-1,56.125,56.125,0
1786441747154,3000,Minimum,4471,4471,0.3,-1,56.3125,56.3125,0
1786441747254,3000,Minimum,4471,4471,0.3,-1,56.3125,56.3125,0
1786441747354,3000,Minimum,4471,4471,0.3,-1,56.3125,56.3125,0
1786441747454,3000,Minimum,4471,4471,0.3,-1,56.3125,56.3125,0
1786441747554,3000,Minimum,4471,4471,0.3,-1,56.3125,56.3125,0
1786441747654,3000,Minimum,4471,4471,0.3,-1,56.3125,56.3125,0
1786441747754,3000,Minimum,4471,4471,0.3,-1,56.3125,56.3125,0
1786441747854,3000,Minimum,4471,4471,0.3,-1,56.3125,56.3125,0
1786441747954,3000,Minimum,4471,4471,0.3,-1,56.3125,56.3125,0
1786441748054,3000,Minimum,4471,4471,0.3,-1,56.3125,56.3125,0
1786441748154,3000,Minimum,4471,4471,0.3,-1,56.625,56.625,0
1786441748254,3000,Minimum,4471,4471,0.3,-1,56.625,56.625,0
1786441748354,3000,Minimum,4471,4471,0.3,-1,56.625,56.625,0
1786441748454,3000,Minimum,4471,4471,0.3,-1,56.625,56.625,0
1786441748554,3000,Minimum,4471,4471,0.3,-1,56.625,56.625,0
1786441748654,3000,Minimum,4471,4471,0.3,-1,56.625,56.625,0
1786441748754,3000,Minimum,4471,4471,0.3,-1,56.625,56.625,0
1786441748854,3000,Minimum,4471,4471,0.3,-1,56.625,56.625,0
1786441748954,3000,Minimum,4471,4471,0.3,-1,56.625,56.625,0
1786441749054,3000,Minimum,4471,4471,0.3,-1,56.625,56.625,0
1786441749154,3000,Minimum,4471,4471,0.3,-1,56.75,56.75,0
1786441749254,3000,Minimum,4471,4471,0.3,-1,56.75,56.75,0
1786441749354,3000,Minimum,4471,4471,0.3,-1,56.75,56.75,0
1786441749454,3000,Minimum,4471,4471,0.3,-1,56.75,56.75,0
1786441749554,3000,Minimum,4471,4471,0.3,-1,56.75,56.75,0
1786441749654,3000,Minimum,4471,4471,0.3,-1,56.75,56.75,0
1786441749754,3000,Minimum,4471,4471,0.3,-1,56.75,56.75,0
1786441749854,3000,Minimum,4471,4471,0.3,-1,56.75,56.75,0
1786441749954,3000,Minimum,4471,4471,0.3,-1,56.75,56.75,0
1786441750055,3000,Minimum,4471,4471,0.3,-1,56.75,56.75,0
1786441750155,3000,Minimum,4471,4471,0.3,-1,56.75,56.75,0
1786441750255,3000,Minimum,4471,4471,0.3,-1,56.75,56.75,0
1786441750355,3000,Minimum,4471,4471,0.3,-1,56.75,56.75,0
1786441750455,3000,Minimum,4471,4471,0.3,-1,56.75,56.75,0
1786441750555,3000,Minimum,4471,4471,0.3,-1,56.75,56.75,0
1786441750655,3000,Minimum,4471,4471,0.3,-1,56.75,56.75,0
1786441750755,3000,Minimum,4471,4471,0.3,-1,56.75,56.75,0
1786441750855,3000,Minimum,4471,4471,0.3,-1,56.75,56.75,0
1786441750955,3000,Minimum,4471,4471,0.3,-1,56.75,56.75,0
1786441751055,3000,Minimum,4471,4471,0.3,-1,56.75,56.75,0
1786441751155,3000,Minimum,4471,4471,0.3,-1,57.0625,57.0625,0
1786441751255,3000,Minimum,4471,4471,0.3,-1,57.0625,57.0625,0
1786441751355,3000,Minimum,4471,4471,0.3,-1,57.0625,57.0625,0
1786441751455,3000,Minimum,4471,4471,0.3,-1,57.0625,57.0625,0
1786441751555,3000,Minimum,4471,4471,0.3,-1,57.0625,57.0625,0
1786441751655,3000,Minimum,4471,4471,0.3,-1,57.0625,57.0625,0
1786441751755,3000,Minimum,4471,4471,0.3,-1,57.0625,57.0625,0
1786441751855,3000,Minimum,4471,4471,0.3,-1,57.0625,57.0625,0
1786441751955,3000,Minimum,4471,4471,0.3,-1,57.0625,57.0625,0
1786441752055,3000,Minimum,4471,4471,0.3,-1,57.0625,57.0625,0
1786441752155,3000,Minimum,4471,4471,0.3,-1,57.125,57.125,0
1786441752255,3000,Minimum,4471,4471,0.3,-1,57.125,57.125,0
1786441752355,3000,Minimum,4471,4471,0.3,-1,57.125,57.125,0
1786441752455,3000,Minimum,4471,4471,0.3,-1,57.125,57.125,0
1786441752555,3000,Minimum,4471,4471,0.3,-1,57.125,57.125,0
1786441752655,3000,Minimum,4471,4471,0.3,-1,57.125,57.125,0
1786441752755,3000,Minimum,4471,4471,0.3,-1,57.125,57.125,0
1786441752855,3000,Minimum,4471,4471,0.3,-1,57.125,57.125,0
1786441752955,3000,Minimum,4471,4471,0.3,-1,57.125,57.125,0
1786441753055,3000,Minimum,4471,4471,0.3,-1,57.125,57.125,0
1786441753155,3000,Minimum,4471,4471,0.3,-1,57.4375,57.4375,0
1786441753255,3000,Minimum,4471,4471,0.3,-1,57.4375,57.4375,0
1786441753355,3000,Minimum,4471,4471,0.3,-1,57.4375,57.4375,0
1786441753455,3000,Minimum,4471,4471,0.3,-1,57.4375,57.4375,0
1786441753555,3000,Minimum,4471,4471,0.3,-1,57.4375,57.4375,0
1786441753655,3000,Minimum,4471,4471,0.3,-1,57.4375,57.4375,0
1786441753755,3000,Minimum,4471,4471,0.3,-1,57.4375,57.4375,0
1786441753855,3000,Minimum,4471,4471,0.3,-1,57.4375,57.4375,0
1786441753955,3000,Minimum,4471,4471,0.3,-1,57.4375,57.4375,0
1786441754055,3000,Minimum,4471,4471,0.3,-1,57.4375,57.4375,0
1786441754155,3000,Minimum,4471,4471,0.3,-1,57.625,57.625,0
1786441754255,3000,Minimum,4471,4471,0.3,-1,57.625,57.625,0
1786441754355,3000,Minimum,4471,4471,0.3,-1,57.625,57.625,0
1786441754455,3000,Minimum,4471,4471,0.3,-1,57.625,57.625,0
1786441754555,3000,Minimum,4471,4471,0.3,-1,57.625,57.625,0
1786441754655,3000,Minimum,4471,4471,0.3,-1,57.625,57.625,0
1786441754755,3000,Minimum,4471,4471,0.3,-1,57.625,57.625,0
1786441754855,3000,Minimum,4471,4471,0.3,-1,57.625,57.625,0
1786441754955,3000,Minimum,4471,4471,0.3,-1,57.625,57.625,0
1786441755055,3000,Minimum,4471,4471,0.3,-1,57.625,57.625,0
1786441755154,3000,Minimum,4471,4471,0.3,-1,57.6875,57.6875,0
1786441755255,3000,Minimum,4471,4471,0.3,-1,57.6875,57.6875,0
1786441755355,3000,Minimum,4471,4471,0.3,-1,57.6875,57.6875,0
1786441755455,3000,Minimum,4471,4471,0.3,-1,57.6875,57.6875,0
1786441755555,3000,Minimum,4471,4471,0.3,-1,57.6875,57.6875,0
1786441755655,3000,Minimum,4471,4471,0.3,-1,57.6875,57.6875,0
1786441755755,3000,Minimum,4471,4471,0.3,-1,57.6875,57.6875,0
1786441755855,3000,Minimum,4471,4471,0.3,-1,57.6875,57.6875,0
1786441755954,3000,Minimum,4471,4471,0.3,-1,57.6875,57.6875,0
1786441756054,3000,Minimum,4471,4471,0.3,-1,57.6875,57.6875,0
1786441756155,3000,Minimum,4471,4471,0.3,-1,57.875,57.875,0
1786441756255,3000,Minimum,4471,4471,0.3,-1,57.875,57.875,0
1786441756355,3000,Minimum,4471,4471,0.3,-1,57.875,57.875,0
1786441756454,3000,Minimum,4471,4471,0.3,-1,57.875,57.875,0
1786441756555,3000,Minimum,4471,4471,0.3,-1,57.875,57.875,0
1786441756655,3000,Minimum,4471,4471,0.3,-1,57.875,57.875,0
1786441756755,3000,Minimum,4471,4471,0.3,-1,57.875,57.875,0
1786441756854,3000,Minimum,4471,4471,0.3,-1,57.875,57.875,0
1786441756954,3000,Minimum,4471,4471,0.3,-1,57.875,57.875,0
1786441757055,3000,Minimum,4471,4471,0.3,-1,57.875,57.875,0
1786441757154,3000,Minimum,4471,4471,0.3,-1,58,58,0
1786441757254,3000,Minimum,4471,4471,0.3,-1,58,58,0
1786441757354,3000,Minimum,4471,4471,0.3,-1,58,58,0
1786441757454,3000,Minimum,4471,4471,0.3,-1,58,58,0
1786441757555,3000,Minimum,4471,4471,0.3,-1,58,58,0
1786441757654,3000,Minimum,4471,4471,0.3,-1,58,58,0
1786441757754,3000,Minimum,4471,4471,0.3,-1,58,58,0
1786441757855,3000,Minimum,4471,4471,0.3,-1,58,58,0
1786441757954,3000,Minimum,4471,4471,0.3,-1,58,58,0
1786441758054,3000,Minimum,4471,4471,0.3,-1,58,58,0
1786441758154,3000,Minimum,4471,4471,0.3,-1,58.125,58.125,0
1786441758254,3000,Minimum,4471,4471,0.3,-1,58.125,58.125,0
1786441758354,3000,Minimum,4471,4471,0.3,-1,58.125,58.125,0
1786441758454,3000,Minimum,4471,4471,0.3,-1,58.125,58.125,0
1786441758554,3000,Minimum,4471,4471,0.3,-1,58.125,58.125,0
1786441758654,3000,Minimum,4471,4471,0.3,-1,58.125,58.125,0
1786441758754,3000,Minimum,4471,4471,0.3,-1,58.125,58.125,0
1786441758854,3000,Minimum,4471,4471,0.3,-1,58.125,58.125,0
1786441758954,3000,Minimum,4471,4471,0.3,-1,58.125,58.125,0
1786441759054,3000,Minimum,4471,4471,0.3,-1,58.125,58.125,0
1786441759154,3000,Minimum,4471,4471,0.3,-1,58.25,58.25,0
1786441759254,3000,Minimum,4471,4471,0.3,-1,58.25,58.25,0
1786441759354,3000,Minimum,4471,4471,0.3,-1,58.25,58.25,0
1786441759454,3000,Minimum,4471,4471,0.3,-1,58.25,58.25,0
1786441759554,3000,Minimum,4471,4471,0.3,-1,58.25,58.25,0
1786441759654,3000,Minimum,4471,4471,0.3,-1,58.25,58.25,0
1786441759754,3000,Minimum,4471,4471,0.3,-1,58.25,58.25,0
1786441759854,3000,Minimum,4471,4471,0.3,-1,58.25,58.25,0
1786441759954,3000,Minimum,4471,4471,0.3,-1,58.25,58.25,0
1786441760054,3000,Minimum,4471,4471,0.3,-1,58.25,58.25,0
1786441760154,3000,Minimum,4471,4471,0.3,-1,58.3125,58.3125,0
1786441760254,3000,Minimum,4471,4471,0.3,-1,58.3125,58.3125,0
1786441760354,3000,Minimum,4471,4471,0.3,-1,58.3125,58.3125,0
1786441760454,3000,Minimum,4471,4471,0.3,-1,58.3125,58.3125,0
1786441760554,3000,Minimum,4471,4471,0.3,-1,58.3125,58.3125,0
1786441760654,3000,Minimum,4471,4471,0.3,-1,58.3125,58.3125,0
1786441760754,3000,Minimum,4471,4471,0.3,-1,58.3125,58.3125,0
1786441760854,3000,Minimum,4471,4471,0.3,-1,58.3125,58.3125,0
1786441760954,3000,Minimum,4471,4471,0.3,-1,58.3125,58.3125,0
1786441761054,3000,Minimum,4471,4471,0.3,-1,58.3125,58.3125,0
1786441761154,3000,Minimum,4471,4471,0.3,-1,58.5625,58.5625,0
1786441761254,3000,Minimum,4471,4471,0.3,-1,58.5625,58.5625,0
1786441761354,3000,Minimum,4471,4471,0.3,-1,58.5625,58.5625,0
1786441761454,3000,Minimum,4471,4471,0.3,-1,58.5625,58.5625,0
1786441761554,3000,Minimum,4471,4471,0.3,-1,58.5625,58.5625,0
1786441761654,3000,Minimum,4471,4471,0.3,-1,58.5625,58.5625,0
1786441761754,3000,Minimum,4471,4471,0.3,-1,58.5625,58.5625,0
1786441761854,3000,Minimum,4471,4471,0.3,-1,58.5625,58.5625,0
1786441761954,3000,Minimum,4471,4471,0.3,-1,58.5625,58.5625,0
1786441762054,3000,Minimum,4471,4471,0.3,-1,58.5625,58.5625,0
1786441762154,3000,Minimum,4471,4471,0.3,-1,58.6875,58.6875,0
1786441762254,3000,Minimum,4471,4471,0.3,-1,58.6875,58.6875,0
1786441762354,3000,Minimum,4471,4471,0.3,-1,58.6875,58.6875,0
1786441762454,3000,Minimum,4471,4471,0.3,-1,58.6875,58.6875,0
1786441762554,3000,Minimum,4471,4471,0.3,-1,58.6875,58.6875,0
1786441762654,3000,Minimum,4471,4471,0.3,-1,58.6875,58.6875,0
1786441762754,3000,Minimum,4471,4471,0.3,-1,58.6875,58.6875,0
1786441762854,3000,Minimum,4471,4471,0.3,-1,58.6875,58.6875,0
1786441762954,3000,Minimum,4471,4471,0.3,-1,58.6875,58.6875,0
1786441763054,3000,Minimum,4471,4471,0.3,-1,58.6875,58.6875,0
1786441763154,3000,Minimum,4471,4471,0.3,-1,58.8125,58.8125,0
1786441763254,3000,Minimum,4471,4471,0.3,-1,58.8125,58.8125,0
1786441763354,3000,Minimum,4471,4471,0.3,-1,58.8125,58.8125,0
1786441763454,3000,Minimum,4471,4471,0.3,-1,58.8125,58.8125,0
1786441763554,3000,Minimum,4471,4471,0.3,-1,58.8125,58.8125,0
1786441763654,3000,Minimum,4471,4471,0.3,-1,58.8125,58.8125,0
1786441763754,3000,Minimum,4471,4471,0.3,-1,58.8125,58.8125,0
1786441763854,3000,Minimum,4471,4471,0.3,-1,58.8125,58.8125,0
1786441763954,3000,Minimum,4471,4471,0.3,-1,58.8125,58.8125,0
1786441764054,3000,Minimum,4471,4471,0.3,-1,58.8125,58.8125,0
1786441764154,3000,Minimum,4471,4471,0.3,-1,58.9375,58.9375,0
1786441764254,3000,Minimum,4471,4471,0.3,-1,58.9375,58.9375,0
1786441764354,3000,Minimum,4471,4471,0.3,-1,58.9375,58.9375,0
1786441764454,3000,Minimum,4471,4471,0.3,-1,58.9375,58.9375,0
1786441764554,3000,Minimum,4471,4471,0.3,-1,58.9375,58.9375,0
1786441764654,3000,Minimum,4471,4471,0.3,-1,58.9375,58.9375,0
1786441764754,3000,Minimum,4471,4471,0.3,-1,58.9375,58.9375,0
1786441764854,3000,Minimum,4471,4471,0.3,-1,58.9375,58.9375,0
1786441764954,3000,Minimum,4471,4471,0.3,-1,58.9375,58.9375,0
1786441765054,3000,Minimum,4471,4471,0.3,-1,58.9375,58.9375,0
1786441765154,3000,Minimum,4471,4471,0.3,-1,59.125,59.125,0
1786441765254,3000,Minimum,4471,4471,0.3,-1,59.125,59.125,0
1786441765354,3000,Minimum,4471,4471,0.3,-1,59.125,59.125,0
1786441765454,3000,Minimum,4471,4471,0.3,-1,59.125,59.125,0
1786441765554,3000,Minimum,4471,4471,0.3,-1,59.125,59.125,0
1786441765654,3000,Minimum,4471,4471,0.3,-1,59.125,59.125,0
1786441765754,3000,Minimum,4471,4471,0.3,-1,59.125,59.125,0
1786441765854,3000,Minimum,4471,4471,0.3,-1,59.125,59.125,0
1786441765954,3000,Minimum,4471,4471,0.3,-1,59.125,59.125,0
1786441766054,3000,Minimum,4471,4471,0.3,-1,59.125,59.125,0
1786441766154,3000,Minimum,4471,4471,0.3,-1,59.125,59.125,0
1786441766254,3000,Minimum,4471,4471,0.3,-1,59.125,59.125,0
1786441766354,3000,Minimum,4471,4471,0.3,-1,59.125,59.125,0
1786441766454,3000,Minimum,4471,4471,0.3,-1,59.125,59.125,0
1786441766554,3000,Minimum,4471,4471,0.3,-1,59.125,59.125,0
1786441766654,3000,Minimum,4471,4471,0.3,-1,59.125,59.125,0
1786441766754,3000,Minimum,4471,4471,0.3,-1,59.125,59.125,0
1786441766854,3000,Minimum,4471,4471,0.3,-1,59.125,59.125,0
1786441766954,3000,Minimum,4471,4471,0.3,-1,59.125,59.125,0
1786441767054,3000,Minimum,4471,4471,0.3,-1,59.125,59.125,0
1786441767154,3000,Minimum,4471,4471,0.3,-1,59.1875,59.1875,0
1786441767254,3000,Minimum,4471,4471,0.3,-1,59.1875,59.1875,0
1786441767354,3000,Minimum,4471,4471,0.3,-1,59.1875,59.1875,0
1786441767454,3000,Minimum,4471,4471,0.3,-1,59.1875,59.1875,0
1786441767554,3000,Minimum,4471,4471,0.3,-1,59.1875,59.1875,0
1786441767654,3000,Minimum,4471,4471,0.3,-1,59.1875,59.1875,0
1786441767754,3000,Minimum,4471,4471,0.3,-1,59.1875,59.1875,0
1786441767854,3000,Minimum,4471,4471,0.3,-1,59.1875,59.1875,0
1786441767954,3000,Minimum,4471,4471,0.3,-1,59.1875,59.1875,0
1786441768054,3000,Minimum,4471,4471,0.3,-1,59.1875,59.1875,0
1786441768154,3000,Minimum,4471,4471,0.3,-1,59.3125,59.3125,0
1786441768254,3000,Minimum,4471,4471,0.3,-1,59.3125,59.3125,0
1786441768354,3000,Minimum,4471,4471,0.3,-1,59.3125,59.3125,0
1786441768454,3000,Minimum,4471,4471,0.3,-1,59.3125,59.3125,0
1786441768554,3000,Minimum,4471,4471,0.3,-1,59.3125,59.3125,0
1786441768654,3000,Minimum,4471,4471,0.3,-1,59.3125,59.3125,0
1786441768754,3000,Minimum,4471,4471,0.3,-1,59.3125,59.3125,0
1786441768854,3000,Minimum,4471,4471,0.3,-1,59.3125,59.3125,0
1786441768954,3000,Minimum,4471,4471,0.3,-1,59.3125,59.3125,0
1786441769054,3000,Minimum,4471,4471,0.3,-1,59.3125,59.3125,0
1786441769154,3000,Minimum,4471,4471,0.3,-1,59.5625,59.5625,0
1786441769254,3000,Minimum,4471,4471,0.3,-1,59.5625,59.5625,0
1786441769354,3000,Minimum,4471,4471,0.3,-1,59.5625,59.5625,0
1786441769454,3000,Minimum,4471,4471,0.3,-1,59.5625,59.5625,0
1786441769554,3000,Minimum,4471,4471,0.3,-1,59.5625,59.5625,0
1786441769654,3000,Minimum,4471,4471,0.3,-1,59.5625,59.5625,0
1786441769754,3000,Minimum,4471,4471,0.3,-1,59.5625,59.5625,0
1786441769854,3000,Minimum,4471,4471,0.3,-1,59.5625,59.5625,0
1786441769954,3000,Minimum,4471,4471,0.3,-1,59.5625,59.5625,0
1786441770054,3000,Minimum,4471,4471,0.3,-1,59.5625,59.5625,0
1786441770154,3000,Minimum,4471,4471,0.3,-1,59.5625,59.5625,0
1786441770254,3000,Minimum,4471,4471,0.3,-1,59.5625,59.5625,0
1786441770354,3000,Minimum,4471,4471,0.3,-1,59.5625,59.5625,0
1786441770454,3000,Minimum,4471,4471,0.3,-1,59.5625,59.5625,0
1786441770554,3000,Minimum,4471,4471,0.3,-1,59.5625,59.5625,0
1786441770654,3000,Minimum,4471,4471,0.3,-1,59.5625,59.5625,0
1786441770754,3000,Minimum,4471,4471,0.3,-1,59.5625,59.5625,0
1786441770854,3000,Minimum,4471,4471,0.3,-1,59.5625,59.5625,0
1786441770954,3000,Minimum,4471,4471,0.3,-1,59.5625,59.5625,0
1786441771054,3000,Minimum,4471,4471,0.3,-1,59.5625,59.5625,0
1786441771154,3000,Minimum,4471,4471,0.3,-1,59.6875,59.6875,0
1786441771254,3000,Minimum,4471,4471,0.3,-1,59.6875,59.6875,0
1786441771354,3000,Minimum,4471,4471,0.3,-1,59.6875,59.6875,0
1786441771454,3000,Minimum,4471,4471,0.3,-1,59.6875,59.6875,0
1786441771554,3000,Minimum,4471,4471,0.3,-1,59.6875,59.6875,0
1786441771654,3000,Minimum,4471,4471,0.3,-1,59.6875,59.6875,0
1786441771754,3000,Minimum,4471,4471,0.3,-1,59.6875,59.6875,0
1786441771854,3000,Minimum,4471,4471,0.3,-1,59.6875,59.6875,0
1786441771954,3000,Minimum,4471,4471,0.3,-1,59.6875,59.6875,0
1786441772054,3000,Minimum,4471,4471,0.3,-1,59.6875,59.6875,0
1786441772154,3000,Minimum,4471,4471,0.3,-1,59.75,59.75,0
1786441772254,3000,Minimum,4471,4471,0.3,-1,59.75,59.75,0
1786441772354,3000,Minimum,4471,4471,0.3,-1,59.75,59.75,0
1786441772454,3000,Minimum,4471,4471,0.3,-1,59.75,59.75,0
1786441772554,3000,Minimum,4471,4471,0.3,-1,59.75,59.75,0
1786441772654,3000,Minimum,4471,4471,0.3,-1,59.75,59.75,0
1786441772754,3000,Minimum,4471,4471,0.3,-1,59.75,59.75,0
1786441772854,3000,Minimum,4471,4471,0.3,-1,59.75,59.75,0
1786441772954,3000,Minimum,4471,4471,0.3,-1,59.75,59.75,0
1786441773054,3000,Minimum,4471,4471,0.3,-1,59.75,59.75,0
1786441773154,3000,Minimum,4471,4471,0.3,-1,59.9375,59.9375,0
1786441773254,3000,Minimum,4471,4471,0.3,-1,59.9375,59.9375,0
1786441773354,3000,Minimum,4471,4471,0.3,-1,59.9375,59.9375,0
1786441773454,3000,Minimum,4471,4471,0.3,-1,59.9375,59.9375,0
1786441773554,3000,Minimum,4471,4471,0.3,-1,59.9375,59.9375,0
1786441773654,3000,Minimum,4471,4471,0.3,-1,59.9375,59.9375,0
1786441773754,3000,Minimum,4471,4471,0.3,-1,59.9375,59.9375,0
1786441773854,3000,Minimum,4471,4471,0.3,-1,59.9375,59.9375,0
1786441773954,3000,Minimum,4471,4471,0.3,-1,59.9375,59.9375,0
1786441774054,3000,Minimum,4471,4471,0.3,-1,59.9375,59.9375,0
1786441774154,3000,Minimum,4471,4471,0.3,-1,60,60,0
1786441774254,3000,Minimum,4471,4471,0.3,-1,60,60,0
1786441774354,3000,Minimum,4471,4471,0.3,-1,60,60,0
1786441774454,3000,Minimum,4471,4471,0.3,-1,60,60,0
1786441774554,3000,Minimum,4471,4471,0.3,-1,60,60,0
1786441774654,3000,Minimum,4471,4471,0.3,-1,60,60,0
1786441774754,3000,Minimum,4471,4471,0.3,-1,60,60,0
1786441774854,3000,Minimum,4471,4471,0.3,-1,60,60,0
1786441774954,3000,Minimum,4471,4471,0.3,-1,60,60,0
1786441775054,3000,Minimum,4471,4471,0.3,-1,60,60,0
1786441775154,3000,Minimum,4471,4471,0.3,-1,60.0625,60.0625,0
1786441775254,3000,Minimum,4471,4471,0.3,-1,60.0625,60.0625,0
1786441775354,3000,Minimum,4471,4471,0.3,-1,60.0625,60.0625,0
1786441775454,3000,Minimum,4471,4471,0.3,-1,60.0625,60.0625,0
1786441775554,3000,Minimum,4471,4471,0.3,-1,60.0625,60.0625,0
1786441775654,3000,Minimum,4471,4471,0.3,-1,60.0625,60.0625,0
1786441775754,3000,Minimum,4471,4471,0.3,-1,60.0625,60.0625,0
1786441775854,3000,Minimum,4471,4471,0.3,-1,60.0625,60.0625,0
1786441775954,3000,Minimum,4471,4471,0.3,-1,60.0625,60.0625,0
1786441776054,3000,Minimum,4471,4471,0.3,-1,60.0625,60.0625,0
1786441776154,3000,Minimum,4471,4471,0.3,-1,60.125,60.125,0
1786441776254,3000,Minimum,4471,4471,0.3,-1,60.125,60.125,0
1786441776354,3000,Minimum,4471,4471,0.3,-1,60.125,60.125,0
1786441776454,3000,Minimum,4471,4471,0.3,-1,60.125,60.125,0
1786441776554,3000,Minimum,4471,4471,0.3,-1,60.125,60.125,0
1786441776654,3000,Minimum,4471,4471,0.3,-1,60.125,60.125,0
1786441776754,3000,Minimum,4471,4471,0.3,-1,60.125,60.125,0
1786441776854,3000,Minimum,4471,4471,0.3,-1,60.125,60.125,0
1786441776954,3000,Minimum,4471,4471,0.3,-1,60.125,60.125,0
1786441777054,3000,Minimum,4471,4471,0.3,-1,60.125,60.125,0
1786441777154,3000,Minimum,4471,4471,0.3,-1,60.1875,60.1875,0
1786441777254,3000,Minimum,4471,4471,0.3,-1,60.1875,60.1875,0
1786441777354,3000,Minimum,4471,4471,0.3,-1,60.1875,60.1875,0
1786441777454,3000,Minimum,4471,4471,0.3,-1,60.1875,60.1875,0
1786441777554,3000,Minimum,4471,4471,0.3,-1,60.1875,60.1875,0
1786441777654,3000,Minimum,4471,4471,0.3,-1,60.1875,60.1875,0
1786441777754,3000,Minimum,4471,4471,0.3,-1,60.1875,60.1875,0
1786441777854,3000,Minimum,4471,4471,0.3,-1,60.1875,60.1875,0
1786441777954,3000,Minimum,4471,4471,0.3,-1,60.1875,60.1875,0
1786441778054,3000,Minimum,4471,4471,0.3,-1,60.1875,60.1875,0
1786441778154,3000,Minimum,4471,4471,0.3,-1,60.3125,60.3125,0
1786441778254,3000,Minimum,4471,4471,0.3,-1,60.3125,60.3125,0
1786441778354,3000,Minimum,4471,4471,0.3,-1,60.3125,60.3125,0
1786441778454,3000,Minimum,4471,4471,0.3,-1,60.3125,60.3125,0
1786441778554,3000,Minimum,4471,4471,0.3,-1,60.3125,60.3125,0
1786441778654,3000,Minimum,4471,4471,0.3,-1,60.3125,60.3125,0
1786441778754,3000,Minimum,4471,4471,0.3,-1,60.3125,60.3125,0
1786441778854,3000,Minimum,4471,4471,0.3,-1,60.3125,60.3125,0
1786441778954,3000,Minimum,4471,4471,0.3,-1,60.3125,60.3125,0
1786441779054,3000,Minimum,4471,4471,0.3,-1,60.3125,60.3125,0
1786441779154,3000,Minimum,4471,4471,0.3,-1,60.4375,60.4375,0
1786441779254,3000,Minimum,4471,4471,0.3,-1,60.4375,60.4375,0
1786441779354,3000,Minimum,4471,4471,0.3,-1,60.4375,60.4375,0
1786441779454,3000,Minimum,4471,4471,0.3,-1,60.4375,60.4375,0
1786441779554,3000,Minimum,4471,4471,0.3,-1,60.4375,60.4375,0
1786441779654,3000,Minimum,4471,4471,0.3,-1,60.4375,60.4375,0
1786441779754,3000,Minimum,4471,4471,0.3,-1,60.4375,60.4375,0
1786441779854,3000,Minimum,4471,4471,0.3,-1,60.4375,60.4375,0
1786441779954,3000,Minimum,4471,4471,0.3,-1,60.4375,60.4375,0
1786441780054,3000,Minimum,4471,4471,0.3,-1,60.4375,60.4375,0
1786441780154,3000,Minimum,4471,4471,0.3,-1,60.5,60.5,0
1786441780254,3000,Minimum,4471,4471,0.3,-1,60.5,60.5,0
1786441780354,3000,Minimum,4471,4471,0.3,-1,60.5,60.5,0
1786441780454,3000,Minimum,4471,4471,0.3,-1,60.5,60.5,0
1786441780554,3000,Minimum,4471,4471,0.3,-1,60.5,60.5,0
1786441780654,3000,Minimum,4471,4471,0.3,-1,60.5,60.5,0
1786441780754,3000,Minimum,4471,4471,0.3,-1,60.5,60.5,0
1786441780854,3000,Minimum,4471,4471,0.3,-1,60.5,60.5,0
1786441780954,3000,Minimum,4471,4471,0.3,-1,60.5,60.5,0
1786441781054,3000,Minimum,4471,4471,0.3,-1,60.5,60.5,0
1786441781154,3000,Minimum,4471,4471,0.3,-1,60.625,60.625,0
1786441781254,3000,Minimum,4471,4471,0.3,-1,60.625,60.625,0
1786441781354,3000,Minimum,4471,4471,0.3,-1,60.625,60.625,0
1786441781454,3000,Minimum,4471,4471,0.3,-1,60.625,60.625,0
1786441781554,3000,Minimum,4471,4471,0.3,-1,60.625,60.625,0
1786441781654,3000,Minimum,4471,4471,0.3,-1,60.625,60.625,0
1786441781754,3000,Minimum,4471,4471,0.3,-1,60.625,60.625,0
1786441781854,3000,Minimum,4471,4471,0.3,-1,60.625,60.625,0
1786441781954,3000,Minimum,4471,4471,0.3,-1,60.625,60.625,0
1786441782056,3000,Minimum,4471,4471,0.3,-1,60.625,60.625,0
1786441782156,3000,Minimum,4471,4471,0.3,-1,60.625,60.625,0
1786441782256,3000,Minimum,4471,4471,0.3,-1,60.625,60.625,0
1786441782356,3000,Minimum,4471,4471,0.3,-1,60.625,60.625,0
1786441782455,3000,Minimum,4471,4471,0.3,-1,60.625,60.625,0
1786441782556,3000,Minimum,4471,4471,0.3,-1,60.625,60.625,0
1786441782656,3000,Minimum,4471,4471,0.3,-1,60.625,60.625,0
1786441782756,3000,Minimum,4471,4471,0.3,-1,60.625,60.625,0
1786441782856,3000,Minimum,4471,4471,0.3,-1,60.625,60.625,0
1786441782956,3000,Minimum,4471,4471,0.3,-1,60.625,60.625,0
1786441783055,3000,Minimum,4471,4471,0.3,-1,60.625,60.625,0
1786441783155,3000,Minimum,4471,4471,0.3,-1,60.75,60.75,0
1786441783255,3000,Minimum,4471,4471,0.3,-1,60.75,60.75,0
1786441783355,3000,Minimum,4471,4471,0.3,-1,60.75,60.75,0
1786441783455,3000,Minimum,4471,4471,0.3,-1,60.75,60.75,0
1786441783555,3000,Minimum,4471,4471,0.3,-1,60.75,60.75,0
1786441783655,3000,Minimum,4471,4471,0.3,-1,60.75,60.75,0
1786441783755,3000,Minimum,4471,4471,0.3,-1,60.75,60.75,0
1786441783855,3000,Minimum,4471,4471,0.3,-1,60.75,60.75,0
1786441783954,3000,Minimum,4471,4471,0.3,-1,60.75,60.75,0
1786441784055,3000,Minimum,4471,4471,0.3,-1,60.75,60.75,0
1786441784155,3000,Minimum,4471,4471,0.3,-1,60.8125,60.8125,0
1786441784255,3000,Minimum,4471,4471,0.3,-1,60.8125,60.8125,0
1786441784355,3000,Minimum,4471,4471,0.3,-1,60.8125,60.8125,0
1786441784455,3000,Minimum,4471,4471,0.3,-1,60.8125,60.8125,0
1786441784555,3000,Minimum,4471,4471,0.3,-1,60.8125,60.8125,0
1786441784655,3000,Minimum,4471,4471,0.3,-1,60.8125,60.8125,0
1786441784755,3000,Minimum,4471,4471,0.3,-1,60.8125,60.8125,0
1786441784855,3000,Minimum,4471,4471,0.3,-1,60.8125,60.8125,0
1786441784955,3000,Minimum,4471,4471,0.3,-1,60.8125,60.8125,0
1786441785055,3000,Minimum,4471,4471,0.3,-1,60.8125,60.8125,0
1786441785155,3000,Minimum,4471,4471,0.3,-1,61,61,0
1786441785255,3000,Minimum,4471,4471,0.3,-1,61,61,0
1786441785355,3000,Minimum,4471,4471,0.3,-1,61,61,0
1786441785455,3000,Minimum,4471,4471,0.3,-1,61,61,0
1786441785555,3000,Minimum,4471,4471,0.3,-1,61,61,0
1786441785655,3000,Minimum,4471,4471,0.3,-1,61,61,0
1786441785755,3000,Minimum,4471,4471,0.3,-1,61,61,0
1786441785855,3000,Minimum,4471,4471,0.3,-1,61,61,0
1786441785955,3000,Minimum,4471,4471,0.3,-1,61,61,0
1786441786055,3000,Minimum,4471,4471,0.3,-1,61,61,0
1786441786155,3000,Minimum,4471,4471,0.3,-1,61,61,0
1786441786255,3000,Minimum,4471,4471,0.3,-1,61,61,0
1786441786355,3000,Minimum,4471,4471,0.3,-1,61,61,0
1786441786455,3000,Minimum,4471,4471,0.3,-1,61,61,0
1786441786555,3000,Minimum,4471,4471,0.3,-1,61,61,0
1786441786655,3000,Minimum,4471,4471,0.3,-1,61,61,0
1786441786755,3000,Minimum,4471,4471,0.3,-1,61,61,0
1786441786855,3000,Minimum,4471,4471,0.3,-1,61,61,0
1786441786955,3000,Minimum,4471,4471,0.3,-1,61,61,0
1786441787055,3000,Minimum,4471,4471,0.3,-1,61,61,0
1786441787155,3000,Minimum,4471,4471,0.3,-1,61.1875,61.1875,0
1786441787255,3000,Minimum,4471,4471,0.3,-1,61.1875,61.1875,0
1786441787354,3000,Minimum,4471,4471,0.3,-1,61.1875,61.1875,0
1786441787455,3000,Minimum,4471,4471,0.3,-1,61.1875,61.1875,0
1786441787555,3000,Minimum,4471,4471,0.3,-1,61.1875,61.1875,0
1786441787655,3000,Minimum,4471,4471,0.3,-1,61.1875,61.1875,0
1786441787755,3000,Minimum,4471,4471,0.3,-1,61.1875,61.1875,0
1786441787855,3000,Minimum,4471,4471,0.3,-1,61.1875,61.1875,0
1786441787955,3000,Minimum,4471,4471,0.3,-1,61.1875,61.1875,0
1786441788055,3000,Minimum,4471,4471,0.3,-1,61.1875,61.1875,0
1786441788155,3000,Minimum,4471,4471,0.3,-1,61.1875,61.1875,0
1786441788254,3000,Minimum,4471,4471,0.3,-1,61.1875,61.1875,0
1786441788355,3000,Minimum,4471,4471,0.3,-1,61.1875,61.1875,0
1786441788455,3000,Minimum,4471,4471,0.3,-1,61.1875,61.1875,0
1786441788554,3000,Minimum,4471,4471,0.3,-1,61.1875,61.1875,0
1786441788655,3000,Minimum,4471,4471,0.3,-1,61.1875,61.1875,0
1786441788754,3000,Minimum,4471,4471,0.3,-1,61.1875,61.1875,0
1786441788854,3000,Minimum,4471,4471,0.3,-1,61.1875,61.1875,0
1786441788954,3000,Minimum,4471,4471,0.3,-1,61.1875,61.1875,0
1786441789054,3000,Minimum,4471,4471,0.3,-1,61.1875,61.1875,0
1786441789154,3000,Minimum,4471,4471,0.3,-1,61.1875,61.1875,0
1786441789254,3000,Minimum,4471,4471,0.3,-1,61.1875,61.1875,0
1786441789355,3000,Minimum,4471,4471,0.3,-1,61.1875,61.1875,0
1786441789455,3000,Minimum,4471,4471,0.3,-1,61.1875,61.1875,0
1786441789554,3000,Minimum,4471,4471,0.3,-1,61.1875,61.1875,0
1786441789654,3000,Minimum,4471,4471,0.3,-1,61.1875,61.1875,0
1786441789755,3000,Minimum,4471,4471,0.3,-1,61.1875,61.1875,0
1786441789854,3000,Minimum,4471,4471,0.3,-1,61.1875,61.1875,0
1786441789954,3000,Minimum,4471,4471,0.3,-1,61.1875,61.1875,0
1786441790054,3000,Minimum,4471,4471,0.3,-1,61.1875,61.1875,0
1786441790154,3000,Minimum,4471,4471,0.3,-1,61.375,61.375,0
1786441790254,3000,Minimum,4471,4471,0.3,-1,61.375,61.375,0
1786441790354,3000,Minimum,4471,4471,0.3,-1,61.375,61.375,0
1786441790454,3000,Minimum,4471,4471,0.3,-1,61.375,61.375,0
1786441790554,3000,Minimum,4471,4471,0.3,-1,61.375,61.375,0
1786441790654,3000,Minimum,4471,4471,0.3,-1,61.375,61.375,0
1786441790754,3000,Minimum,4471,4471,0.3,-1,61.375,61.375,0
1786441790854,3000,Minimum,4471,4471,0.3,-1,61.375,61.375,0
1786441790954,3000,Minimum,4471,4471,0.3,-1,61.375,61.375,0
1786441791054,3000,Minimum,4471,4471,0.3,-1,61.375,61.375,0
1786441791154,3000,Minimum,4471,4471,0.3,-1,61.375,61.375,0
1786441791254,3000,Minimum,4471,4471,0.3,-1,61.375,61.375,0
1786441791354,3000,Minimum,4471,4471,0.3,-1,61.375,61.375,0
1786441791454,3000,Minimum,4471,4471,0.3,-1,61.375,61.375,0
1786441791554,3000,Minimum,4471,4471,0.3,-1,61.375,61.375,0
1786441791654,3000,Minimum,4471,4471,0.3,-1,61.375,61.375,0
1786441791754,3000,Minimum,4471,4471,0.3,-1,61.375,61.375,0
1786441791854,3000,Minimum,4471,4471,0.3,-1,61.375,61.375,0
1786441791954,3000,Minimum,4471,4471,0.3,-1,61.375,61.375,0
1786441792054,3000,Minimum,4471,4471,0.3,-1,61.375,61.375,0
1786441792154,3000,Minimum,4471,4471,0.3,-1,61.375,61.375,0
1786441792254,3000,Minimum,4471,4471,0.3,-1,61.375,61.375,0
1786441792354,3000,Minimum,4471,4471,0.3,-1,61.375,61.375,0
1786441792454,3000,Minimum,4471,4471,0.3,-1,61.375,61.375,0
1786441792554,3000,Minimum,4471,4471,0.3,-1,61.375,61.375,0
1786441792654,3000,Minimum,4471,4471,0.3,-1,61.375,61.375,0
1786441792754,3000,Minimum,4471,4471,0.3,-1,61.375,61.375,0
1786441792854,3000,Minimum,4471,4471,0.3,-1,61.375,61.375,0
1786441792954,3000,Minimum,4471,4471,0.3,-1,61.375,61.375,0
1786441793054,3000,Minimum,4471,4471,0.3,-1,61.375,61.375,0
1786441793154,3000,Minimum,4471,4471,0.3,-1,61.5,61.5,0
1786441793254,3000,Minimum,4471,4471,0.3,-1,61.5,61.5,0
1786441793354,3000,Minimum,4471,4471,0.3,-1,61.5,61.5,0
1786441793454,3000,Minimum,4471,4471,0.3,-1,61.5,61.5,0
1786441793554,3000,Minimum,4471,4471,0.3,-1,61.5,61.5,0
1786441793654,3000,Minimum,4471,4471,0.3,-1,61.5,61.5,0
1786441793754,3000,Minimum,4471,4471,0.3,-1,61.5,61.5,0
1786441793854,3000,Minimum,4471,4471,0.3,-1,61.5,61.5,0
1786441793954,3000,Minimum,4471,4471,0.3,-1,61.5,61.5,0
1786441794054,3000,Minimum,4471,4471,0.3,-1,61.5,61.5,0
1786441794154,3000,Minimum,4471,4471,0.3,-1,61.5625,61.5625,0
1786441794254,3000,Minimum,4471,4471,0.3,-1,61.5625,61.5625,0
1786441794354,3000,Minimum,4471,4471,0.3,-1,61.5625,61.5625,0
1786441794454,3000,Minimum,4471,4471,0.3,-1,61.5625,61.5625,0
1786441794554,3000,Minimum,4471,4471,0.3,-1,61.5625,61.5625,0
1786441794654,3000,Minimum,4471,4471,0.3,-1,61.5625,61.5625,0
1786441794754,3000,Minimum,4471,4471,0.3,-1,61.5625,61.5625,0
1786441794854,3000,Minimum,4471,4471,0.3,-1,61.5625,61.5625,0
1786441794954,3000,Minimum,4471,4471,0.3,-1,61.5625,61.5625,0
1786441795054,3000,Minimum,4471,4471,0.3,-1,61.5625,61.5625,0
1786441795154,3000,Minimum,4471,4471,0.3,-1,61.6875,61.6875,0
1786441795254,3000,Minimum,4471,4471,0.3,-1,61.6875,61.6875,0
1786441795354,3000,Minimum,4471,4471,0.3,-1,61.6875,61.6875,0
1786441795454,3000,Minimum,4471,4471,0.3,-1,61.6875,61.6875,0
1786441795554,3000,Minimum,4471,4471,0.3,-1,61.6875,61.6875,0
1786441795654,3000,Minimum,4471,4471,0.3,-1,61.6875,61.6875,0
1786441795754,3000,Minimum,4471,4471,0.3,-1,61.6875,61.6875,0
1786441795854,3000,Minimum,4471,4471,0.3,-1,61.6875,61.6875,0
1786441795954,3000,Minimum,4471,4471,0.3,-1,61.6875,61.6875,0
1786441796054,3000,Minimum,4471,4471,0.3,-1,61.6875,61.6875,0
1786441796154,3000,Minimum,4471,4471,0.3,-1,61.6875,61.6875,0
1786441796254,3000,Minimum,4471,4471,0.3,-1,61.6875,61.6875,0
1786441796354,3000,Minimum,4471,4471,0.3,-1,61.6875,61.6875,0
1786441796454,3000,Minimum,4471,4471,0.3,-1,61.6875,61.6875,0
1786441796554,3000,Minimum,4471,4471,0.3,-1,61.6875,61.6875,0
1786441796654,3000,Minimum,4471,4471,0.3,-1,61.6875,61.6875,0
1786441796754,3000,Minimum,4471,4471,0.3,-1,61.6875,61.6875,0
1786441796854,3000,Minimum,4471,4471,0.3,-1,61.6875,61.6875,0
1786441796954,3000,Minimum,4471,4471,0.3,-1,61.6875,61.6875,0
1786441797054,3000,Minimum,4471,4471,0.3,-1,61.6875,61.6875,0
1786441797154,3000,Minimum,4471,4471,0.3,-1,61.75,61.75,0
1786441797254,3000,Minimum,4471,4471,0.3,-1,61.75,61.75,0
1786441797354,3000,Minimum,4471,4471,0.3,-1,61.75,61.75,0
1786441797454,3000,Minimum,4471,4471,0.3,-1,61.75,61.75,0
1786441797554,3000,Minimum,4471,4471,0.3,-1,61.75,61.75,0
1786441797654,3000,Minimum,4471,4471,0.3,-1,61.75,61.75,0
1786441797754,3000,Minimum,4471,4471,0.3,-1,61.75,61.75,0
1786441797854,3000,Minimum,4471,4471,0.3,-1,61.75,61.75,0
1786441797954,3000,Minimum,4471,4471,0.3,-1,61.75,61.75,0
1786441798054,3000,Minimum,4471,4471,0.3,-1,61.75,61.75,0
1786441798154,3000,Minimum,4471,4471,0.3,-1,61.8125,61.8125,0
1786441798254,3000,Minimum,4471,4471,0.3,-1,61.8125,61.8125,0
1786441798354,3000,Minimum,4471,4471,0.3,-1,61.8125,61.8125,0
1786441798454,3000,Minimum,4471,4471,0.3,-1,61.8125,61.8125,0
1786441798554,3000,Minimum,4471,4471,0.3,-1,61.8125,61.8125,0
1786441798654,3000,Minimum,4471,4471,0.3,-1,61.8125,61.8125,0
1786441798754,3000,Minimum,4471,4471,0.3,-1,61.8125,61.8125,0
1786441798854,3000,Minimum,4471,4471,0.3,-1,61.8125,61.8125,0
1786441798954,3000,Minimum,4471,4471,0.3,-1,61.8125,61.8125,0
1786441799054,3000,Minimum,4471,4471,0.3,-1,61.8125,61.8125,0
1786441799154,3000,Minimum,4471,4471,0.3,-1,61.875,61.875,0
1786441799254,3000,Minimum,4471,4471,0.3,-1,61.875,61.875,0
1786441799354,3000,Minimum,4471,4471,0.3,-1,61.875,61.875,0
1786441799454,3000,Minimum,4471,4471,0.3,-1,61.875,61.875,0
1786441799554,3000,Minimum,4471,4471,0.3,-1,61.875,61.875,0
1786441799654,3000,Minimum,4471,4471,0.3,-1,61.875,61.875,0
1786441799754,3000,Minimum,4471,4471,0.3,-1,61.875,61.875,0
1786441799854,3000,Minimum,4471,4471,0.3,-1,61.875,61.875,0
1786441799954,3000,Minimum,4471,4471,0.3,-1,61.875,61.875,0
1786441800054,3000,Minimum,4471,4471,0.3,-1,61.875,61.875,0
1786441800154,3000,Minimum,4471,4471,0.3,-1,61.8125,61.8125,0
1786441800254,3000,Minimum,4471,4471,0.3,-1,61.8125,61.8125,0
1786441800354,3000,Minimum,4471,4471,0.3,-1,61.8125,61.8125,0
1786441800454,3000,Minimum,4471,4471,0.3,-1,61.8125,61.8125,0
1786441800554,3000,Minimum,4471,4471,0.3,-1,61.8125,61.8125,0
1786441800654,3000,Minimum,4471,4471,0.3,-1,61.8125,61.8125,0
1786441800754,3000,Minimum,4471,4471,0.3,-1,61.8125,61.8125,0
1786441800854,3000,Minimum,4471,4471,0.3,-1,61.8125,61.8125,0
1786441800954,3000,Minimum,4471,4471,0.3,-1,61.8125,61.8125,0
1786441801054,3000,Minimum,4471,4471,0.3,-1,61.8125,61.8125,0
1786441801154,3000,Minimum,4471,4471,0.3,-1,61.9375,61.9375,0
1786441801254,3000,Minimum,4471,4471,0.3,-1,61.9375,61.9375,0
1786441801354,3000,Minimum,4471,4471,0.3,-1,61.9375,61.9375,0
1786441801454,3000,Minimum,4471,4471,0.3,-1,61.9375,61.9375,0
1786441801554,3000,Minimum,4471,4471,0.3,-1,61.9375,61.9375,0
1786441801654,3000,Minimum,4471,4471,0.3,-1,61.9375,61.9375,0
1786441801754,3000,Minimum,4471,4471,0.3,-1,61.9375,61.9375,0
1786441801854,3000,Minimum,4471,4471,0.3,-1,61.9375,61.9375,0
1786441801954,3000,Minimum,4471,4471,0.3,-1,61.9375,61.9375,0
1786441802054,3000,Minimum,4471,4471,0.3,-1,61.9375,61.9375,0
1786441802154,3000,Minimum,4471,4471,0.3,-1,62.0625,62.0625,0
1786441802254,3000,Minimum,4471,4471,0.3,-1,62.0625,62.0625,0
1786441802354,3000,Minimum,4471,4471,0.3,-1,62.0625,62.0625,0
1786441802454,3000,Minimum,4471,4471,0.3,-1,62.0625,62.0625,0
1786441802554,3000,Minimum,4471,4471,0.3,-1,62.0625,62.0625,0
1786441802654,3000,Minimum,4471,4471,0.3,-1,62.0625,62.0625,0
1786441802754,3000,Minimum,4471,4471,0.3,-1,62.0625,62.0625,0
1786441802854,3000,Minimum,4471,4471,0.3,-1,62.0625,62.0625,0
1786441802954,3000,Minimum,4471,4471,0.3,-1,62.0625,62.0625,0
1786441803054,3000,Minimum,4471,4471,0.3,-1,62.0625,62.0625,0
1786441803154,3000,Minimum,4471,4471,0.3,-1,62.125,62.125,0
1786441803254,3000,Minimum,4471,4471,0.3,-1,62.125,62.125,0
1786441803354,3000,Minimum,4471,4471,0.3,-1,62.125,62.125,0
1786441803454,3000,Minimum,4471,4471,0.3,-1,62.125,62.125,0
1786441803554,3000,Minimum,4471,4471,0.3,-1,62.125,62.125,0
1786441803654,3000,Minimum,4471,4471,0.3,-1,62.125,62.125,0
1786441803754,3000,Minimum,4471,4471,0.3,-1,62.125,62.125,0
1786441803854,3000,Minimum,4471,4471,0.3,-1,62.125,62.125,0
1786441803954,3000,Minimum,4471,4471,0.3,-1,62.125,62.125,0
1786441804054,3000,Minimum,4471,4471,0.3,-1,62.125,62.125,0
1786441804154,3000,Minimum,4471,4471,0.3,-1,62.125,62.125,0
1786441804254,3000,Minimum,4471,4471,0.3,-1,62.125,62.125,0
1786441804354,3000,Minimum,4471,4471,0.3,-1,62.125,62.125,0
1786441804454,3000,Minimum,4471,4471,0.3,-1,62.125,62.125,0
1786441804554,3000,Minimum,4471,4471,0.3,-1,62.125,62.125,0
1786441804654,3000,Minimum,4471,4471,0.3,-1,62.125,62.125,0
1786441804754,3000,Minimum,4471,4471,0.3,-1,62.125,62.125,0
1786441804854,3000,Minimum,4471,4471,0.3,-1,62.125,62.125,0
1786441804954,3000,Minimum,4471,4471,0.3,-1,62.125,62.125,0
1786441805054,3000,Minimum,4471,4471,0.3,-1,62.125,62.125,0
1786441805154,3000,Minimum,4471,4471,0.3,-1,62.125,62.125,0
1786441805254,3000,Minimum,4471,4471,0.3,-1,62.125,62.125,0
1786441805354,3000,Minimum,4471,4471,0.3,-1,62.125,62.125,0
1786441805454,3000,Minimum,4471,4471,0.3,-1,62.125,62.125,0
1786441805554,3000,Minimum,4471,4471,0.3,-1,62.125,62.125,0
1786441805654,3000,Minimum,4471,4471,0.3,-1,62.125,62.125,0
1786441805754,3000,Minimum,4471,4471,0.3,-1,62.125,62.125,0
1786441805854,3000,Minimum,4471,4471,0.3,-1,62.125,62.125,0
1786441805954,3000,Minimum,4471,4471,0.3,-1,62.125,62.125,0
1786441806054,3000,Minimum,4471,4471,0.3,-1,62.125,62.125,0
1786441806154,3000,Minimum,4471,4471,0.3,-1,62.3125,62.3125,0
1786441806254,3000,Minimum,4471,4471,0.3,-1,62.3125,62.3125,0
1786441806354,3000,Minimum,4471,4471,0.3,-1,62.3125,62.3125,0
1786441806454,3000,Minimum,4471,4471,0.3,-1,62.3125,62.3125,0
1786441806554,3000,Minimum,4471,4471,0.3,-1,62.3125,62.3125,0
1786441806654,3000,Minimum,4471,4471,0.3,-1,62.3125,62.3125,0
1786441806754,3000,Minimum,4471,4471,0.3,-1,62.3125,62.3125,0
1786441806854,3000,Minimum,4471,4471,0.3,-1,62.3125,62.3125,0
1786441806954,3000,Minimum,4471,4471,0.3,-1,62.3125,62.3125,0
1786441807054,3000,Minimum,4471,4471,0.3,-1,62.3125,62.3125,0
1786441807154,3000,Minimum,4471,4471,0.3,-1,62.25,62.25,0
1786441807254,3000,Minimum,4471,4471,0.3,-1,62.25,62.25,0
1786441807354,3000,Minimum,4471,4471,0.3,-1,62.25,62.25,0
1786441807454,3000,Minimum,4471,4471,0.3,-1,62.25,62.25,0
1786441807554,3000,Minimum,4471,4471,0.3,-1,62.25,62.25,0
1786441807654,3000,Minimum,4471,4471,0.3,-1,62.25,62.25,0
1786441807754,3000,Minimum,4471,4471,0.3,-1,62.25,62.25,0
1786441807854,3000,Minimum,4471,4471,0.3,-1,62.25,62.25,0
1786441807954,3000,Minimum,4471,4471,0.3,-1,62.25,62.25,0
1786441808054,3000,Minimum,4471,4471,0.3,-1,62.25,62.25,0
1786441808154,3000,Minimum,4471,4471,0.3,-1,62.3125,62.3125,0
1786441808254,3000,Minimum,4471,4471,0.3,-1,62.3125,62.3125,0
1786441808354,3000,Minimum,4471,4471,0.3,-1,62.3125,62.3125,0
1786441808454,3000,Minimum,4471,4471,0.3,-1,62.3125,62.3125,0
1786441808554,3000,Minimum,4471,4471,0.3,-1,62.3125,62.3125,0
1786441808654,3000,Minimum,4471,4471,0.3,-1,62.3125,62.3125,0
1786441808754,3000,Minimum,4471,4471,0.3,-1,62.3125,62.3125,0
1786441808854,3000,Minimum,4471,4471,0.3,-1,62.3125,62.3125,0
1786441808954,3000,Minimum,4471,4471,0.3,-1,62.3125,62.3125,0
1786441809054,3000,Minimum,4471,4471,0.3,-1,62.3125,62.3125,0
1786441809154,3000,Minimum,4471,4471,0.3,-1,62.3125,62.3125,0
1786441809254,3000,Minimum,4471,4471,0.3,-1,62.3125,62.3125,0
1786441809354,3000,Minimum,4471,4471,0.3,-1,62.3125,62.3125,0
1786441809454,3000,Minimum,4471,4471,0.3,-1,62.3125,62.3125,0
1786441809554,3000,Minimum,4471,4471,0.3,-1,62.3125,62.3125,0
1786441809654,3000,Minimum,4471,4471,0.3,-1,62.3125,62.3125,0
1786441809754,3000,Minimum,4471,4471,0.3,-1,62.3125,62.3125,0
1786441809854,3000,Minimum,4471,4471,0.3,-1,62.3125,62.3125,0
1786441809954,3000,Minimum,4471,4471,0.3,-1,62.3125,62.3125,0
1786441810054,3000,Minimum,4471,4471,0.3,-1,62.3125,62.3125,0
1786441810154,3000,Minimum,4471,4471,0.3,-1,62.4375,62.4375,0
1786441810254,3000,Minimum,4471,4471,0.3,-1,62.4375,62.4375,0
1786441810354,3000,Minimum,4471,4471,0.3,-1,62.4375,62.4375,0
1786441810454,3000,Minimum,4471,4471,0.3,-1,62.4375,62.4375,0
1786441810554,3000,Minimum,4471,4471,0.3,-1,62.4375,62.4375,0
1786441810654,3000,Minimum,4471,4471,0.3,-1,62.4375,62.4375,0
1786441810754,3000,Minimum,4471,4471,0.3,-1,62.4375,62.4375,0
1786441810854,3000,Minimum,4471,4471,0.3,-1,62.4375,62.4375,0
1786441810954,3000,Minimum,4471,4471,0.3,-1,62.4375,62.4375,0
1786441811054,3000,Minimum,4471,4471,0.3,-1,62.4375,62.4375,0
1786441811154,3000,Minimum,4471,4471,0.3,-1,62.4375,62.4375,0
1786441811254,3000,Minimum,4471,4471,0.3,-1,62.4375,62.4375,0
1786441811354,3000,Minimum,4471,4471,0.3,-1,62.4375,62.4375,0
1786441811454,3000,Minimum,4471,4471,0.3,-1,62.4375,62.4375,0
1786441811554,3000,Minimum,4471,4471,0.3,-1,62.4375,62.4375,0
1786441811654,3000,Minimum,4471,4471,0.3,-1,62.4375,62.4375,0
1786441811754,3000,Minimum,4471,4471,0.3,-1,62.4375,62.4375,0
1786441811854,3000,Minimum,4471,4471,0.3,-1,62.4375,62.4375,0
1786441811954,3000,Minimum,4471,4471,0.3,-1,62.4375,62.4375,0
1786441812054,3000,Minimum,4471,4471,0.3,-1,62.4375,62.4375,0
1786441812154,3000,Minimum,4471,4471,0.3,-1,62.5,62.5,0
1786441812254,3000,Minimum,4471,4471,0.3,-1,62.5,62.5,0
1786441812354,3000,Minimum,4471,4471,0.3,-1,62.5,62.5,0
1786441812454,3000,Minimum,4471,4471,0.3,-1,62.5,62.5,0
1786441812554,3000,Minimum,4471,4471,0.3,-1,62.5,62.5,0
1786441812654,3000,Minimum,4471,4471,0.3,-1,62.5,62.5,0
1786441812754,3000,Minimum,4471,4471,0.3,-1,62.5,62.5,0
1786441812854,3000,Minimum,4471,4471,0.3,-1,62.5,62.5,0
1786441812954,3000,Minimum,4471,4471,0.3,-1,62.5,62.5,0
1786441813054,3000,Minimum,4471,4471,0.3,-1,62.5,62.5,0
1786441813154,3000,Minimum,4471,4471,0.3,-1,62.5,62.5,0
1786441813254,3000,Minimum,4471,4471,0.3,-1,62.5,62.5,0
1786441813354,3000,Minimum,4471,4471,0.3,-1,62.5,62.5,0
1786441813454,3000,Minimum,4471,4471,0.3,-1,62.5,62.5,0
1786441813554,3000,Minimum,4471,4471,0.3,-1,62.5,62.5,0
1786441813654,3000,Minimum,4471,4471,0.3,-1,62.5,62.5,0
1786441813754,3000,Minimum,4471,4471,0.3,-1,62.5,62.5,0
1786441813854,3000,Minimum,4471,4471,0.3,-1,62.5,62.5,0
1786441813954,3000,Minimum,4471,4471,0.3,-1,62.5,62.5,0
1786441814054,3000,Minimum,4471,4471,0.3,-1,62.5,62.5,0
1786441814154,3000,Minimum,4471,4471,0.3,-1,62.6875,62.6875,0
1786441814254,3000,Minimum,4471,4471,0.3,-1,62.6875,62.6875,0
1786441814354,3000,Minimum,4471,4471,0.3,-1,62.6875,62.6875,0
1786441814454,3000,Minimum,4471,4471,0.3,-1,62.6875,62.6875,0
1786441814554,3000,Minimum,4471,4471,0.3,-1,62.6875,62.6875,0
1786441814654,3000,Minimum,4471,4471,0.3,-1,62.6875,62.6875,0
1786441814754,3000,Minimum,4471,4471,0.3,-1,62.6875,62.6875,0
1786441814854,3000,Minimum,4471,4471,0.3,-1,62.6875,62.6875,0
1786441814954,3000,Minimum,4471,4471,0.3,-1,62.6875,62.6875,0
1786441815056,3000,Minimum,4471,4471,0.3,-1,62.6875,62.6875,0
1786441815156,3000,Minimum,4471,4471,0.3,-1,62.625,62.625,0
1786441815256,3000,Minimum,4471,4471,0.3,-1,62.625,62.625,0
1786441815356,3000,Minimum,4471,4471,0.3,-1,62.625,62.625,0
1786441815456,3000,Minimum,4471,4471,0.3,-1,62.625,62.625,0
1786441815556,3000,Minimum,4471,4471,0.3,-1,62.625,62.625,0
1786441815656,3000,Minimum,4471,4471,0.3,-1,62.625,62.625,0
1786441815756,3000,Minimum,4471,4471,0.3,-1,62.625,62.625,0
1786441815856,3000,Minimum,4471,4471,0.3,-1,62.625,62.625,0
1786441815956,3000,Minimum,4471,4471,0.3,-1,62.625,62.625,0
1786441816056,3000,Minimum,4471,4471,0.3,-1,62.625,62.625,0
1786441816156,3000,Minimum,4471,4471,0.3,-1,62.6875,62.6875,0
1786441816256,3000,Minimum,4471,4471,0.3,-1,62.6875,62.6875,0
1786441816355,3000,Minimum,4471,4471,0.3,-1,62.6875,62.6875,0
1786441816456,3000,Minimum,4471,4471,0.3,-1,62.6875,62.6875,0
1786441816556,3000,Minimum,4471,4471,0.3,-1,62.6875,62.6875,0
1786441816656,3000,Minimum,4471,4471,0.3,-1,62.6875,62.6875,0
1786441816756,3000,Minimum,4471,4471,0.3,-1,62.6875,62.6875,0
1786441816855,3000,Minimum,4471,4471,0.3,-1,62.6875,62.6875,0
1786441816956,3000,Minimum,4471,4471,0.3,-1,62.6875,62.6875,0
1786441817055,3000,Minimum,4471,4471,0.3,-1,62.6875,62.6875,0
1786441817155,3000,Minimum,4471,4471,0.3,-1,62.6875,62.6875,0
1786441817255,3000,Minimum,4471,4471,0.3,-1,62.6875,62.6875,0
1786441817355,3000,Minimum,4471,4471,0.3,-1,62.6875,62.6875,0
1786441817455,3000,Minimum,4471,4471,0.3,-1,62.6875,62.6875,0
1786441817555,3000,Minimum,4471,4471,0.3,-1,62.6875,62.6875,0
1786441817655,3000,Minimum,4471,4471,0.3,-1,62.6875,62.6875,0
1786441817755,3000,Minimum,4471,4471,0.3,-1,62.6875,62.6875,0
1786441817855,3000,Minimum,4471,4471,0.3,-1,62.6875,62.6875,0
1786441817955,3000,Minimum,4471,4471,0.3,-1,62.6875,62.6875,0
1786441818055,3000,Minimum,4471,4471,0.3,-1,62.6875,62.6875,0
1786441818155,3000,Minimum,4471,4471,0.3,-1,62.6875,62.6875,0
1786441818255,3000,Minimum,4471,4471,0.3,-1,62.6875,62.6875,0
1786441818354,3000,Minimum,4471,4471,0.3,-1,62.6875,62.6875,0
1786441818455,3000,Minimum,4471,4471,0.3,-1,62.6875,62.6875,0
1786441818555,3000,Minimum,4471,4471,0.3,-1,62.6875,62.6875,0
1786441818655,3000,Minimum,4471,4471,0.3,-1,62.6875,62.6875,0
1786441818755,3000,Minimum,4471,4471,0.3,-1,62.6875,62.6875,0
1786441818855,3000,Minimum,4471,4471,0.3,-1,62.6875,62.6875,0
1786441818955,3000,Minimum,4471,4471,0.3,-1,62.6875,62.6875,0
1786441819055,3000,Minimum,4471,4471,0.3,-1,62.6875,62.6875,0
1786441819155,3000,Minimum,4471,4471,0.3,-1,62.6875,62.6875,0
1786441819255,3000,Minimum,4471,4471,0.3,-1,62.6875,62.6875,0
1786441819355,3000,Minimum,4471,4471,0.3,-1,62.6875,62.6875,0
1786441819455,3000,Minimum,4471,4471,0.3,-1,62.6875,62.6875,0
1786441819555,3000,Minimum,4471,4471,0.3,-1,62.6875,62.6875,0
1786441819655,3000,Minimum,4471,4471,0.3,-1,62.6875,62.6875,0
1786441819755,3000,Minimum,4471,4471,0.3,-1,62.6875,62.6875,0
1786441819855,3000,Minimum,4471,4471,0.3,-1,62.6875,62.6875,0
1786441819955,3000,Minimum,4471,4471,0.3,-1,62.6875,62.6875,0
1786441820054,3000,Minimum,4471,4471,0.3,-1,62.6875,62.6875,0
1786441820155,3000,Minimum,4471,4471,0.3,-1,62.8125,62.8125,0
1786441820255,3000,Minimum,4471,4471,0.3,-1,62.8125,62.8125,0
1786441820355,3000,Minimum,4471,4471,0.3,-1,62.8125,62.8125,0
1786441820455,3000,Minimum,4471,4471,0.3,-1,62.8125,62.8125,0
1786441820555,3000,Minimum,4471,4471,0.3,-1,62.8125,62.8125,0
1786441820655,3000,Minimum,4471,4471,0.3,-1,62.8125,62.8125,0
1786441820755,3000,Minimum,4471,4471,0.3,-1,62.8125,62.8125,0
1786441820855,3000,Minimum,4471,4471,0.3,-1,62.8125,62.8125,0
1786441820955,3000,Minimum,4471,4471,0.3,-1,62.8125,62.8125,0
1786441821055,3000,Minimum,4471,4471,0.3,-1,62.8125,62.8125,0
1786441821155,3000,Minimum,4471,4471,0.3,-1,62.8125,62.8125,0
1786441821255,3000,Minimum,4471,4471,0.3,-1,62.8125,62.8125,0
1786441821355,3000,Minimum,4471,4471,0.3,-1,62.8125,62.8125,0
1786441821454,3000,Minimum,4471,4471,0.3,-1,62.8125,62.8125,0
1786441821555,3000,Minimum,4471,4471,0.3,-1,62.8125,62.8125,0
1786441821654,3000,Minimum,4471,4471,0.3,-1,62.8125,62.8125,0
1786441821755,3000,Minimum,4471,4471,0.3,-1,62.8125,62.8125,0
1786441821855,3000,Minimum,4471,4471,0.3,-1,62.8125,62.8125,0
1786441821954,3000,Minimum,4471,4471,0.3,-1,62.8125,62.8125,0
1786441822055,3000,Minimum,4471,4471,0.3,-1,62.8125,62.8125,0
1786441822155,3000,Minimum,4471,4471,0.3,-1,62.875,62.875,0
1786441822255,3000,Minimum,4471,4471,0.3,-1,62.875,62.875,0
1786441822355,3000,Minimum,4471,4471,0.3,-1,62.875,62.875,0
1786441822454,3000,Minimum,4471,4471,0.3,-1,62.875,62.875,0
1786441822555,3000,Minimum,4471,4471,0.3,-1,62.875,62.875,0
1786441822655,3000,Minimum,4471,4471,0.3,-1,62.875,62.875,0
1786441822754,3000,Minimum,4471,4471,0.3,-1,62.875,62.875,0
1786441822855,3000,Minimum,4471,4471,0.3,-1,62.875,62.875,0
1786441822955,3000,Minimum,4471,4471,0.3,-1,62.875,62.875,0
1786441823054,3000,Minimum,4471,4471,0.3,-1,62.875,62.875,0
1786441823154,3000,Minimum,4471,4471,0.3,-1,62.875,62.875,0
1786441823254,3000,Minimum,4471,4471,0.3,-1,62.875,62.875,0
1786441823354,3000,Minimum,4471,4471,0.3,-1,62.875,62.875,0
1786441823454,3000,Minimum,4471,4471,0.3,-1,62.875,62.875,0
1786441823554,3000,Minimum,4471,4471,0.3,-1,62.875,62.875,0
1786441823654,3000,Minimum,4471,4471,0.3,-1,62.875,62.875,0
1786441823754,3000,Minimum,4471,4471,0.3,-1,62.875,62.875,0
1786441823854,3000,Minimum,4471,4471,0.3,-1,62.875,62.875,0
1786441823954,3000,Minimum,4471,4471,0.3,-1,62.875,62.875,0
1786441824054,3000,Minimum,4471,4471,0.3,-1,62.875,62.875,0
1786441824154,3000,Minimum,4471,4471,0.3,-1,62.9375,62.9375,0
1786441824254,3000,Minimum,4471,4471,0.3,-1,62.9375,62.9375,0
1786441824354,3000,Minimum,4471,4471,0.3,-1,62.9375,62.9375,0
1786441824454,3000,Minimum,4471,4471,0.3,-1,62.9375,62.9375,0
1786441824554,3000,Minimum,4471,4471,0.3,-1,62.9375,62.9375,0
1786441824654,3000,Minimum,4471,4471,0.3,-1,62.9375,62.9375,0
1786441824754,3000,Minimum,4471,4471,0.3,-1,62.9375,62.9375,0
1786441824854,3000,Minimum,4471,4471,0.3,-1,62.9375,62.9375,0
1786441824954,3000,Minimum,4471,4471,0.3,-1,62.9375,62.9375,0
1786441825054,3000,Minimum,4471,4471,0.3,-1,62.9375,62.9375,0
1786441825154,3000,Minimum,4471,4471,0.3,-1,62.9375,62.9375,0
1786441825254,3000,Minimum,4471,4471,0.3,-1,62.9375,62.9375,0
1786441825354,3000,Minimum,4471,4471,0.3,-1,62.9375,62.9375,0
1786441825454,3000,Minimum,4471,4471,0.3,-1,62.9375,62.9375,0
1786441825554,3000,Minimum,4471,4471,0.3,-1,62.9375,62.9375,0
1786441825654,3000,Minimum,4471,4471,0.3,-1,62.9375,62.9375,0
1786441825754,3000,Minimum,4471,4471,0.3,-1,62.9375,62.9375,0
1786441825854,3000,Minimum,4471,4471,0.3,-1,62.9375,62.9375,0
1786441825954,3000,Minimum,4471,4471,0.3,-1,62.9375,62.9375,0
1786441826054,3000,Minimum,4471,4471,0.3,-1,62.9375,62.9375,0
1786441826154,3000,Minimum,4471,4471,0.3,-1,62.9375,62.9375,0
1786441826254,3000,Minimum,4471,4471,0.3,-1,62.9375,62.9375,0
1786441826354,3000,Minimum,4471,4471,0.3,-1,62.9375,62.9375,0
1786441826454,3000,Minimum,4471,4471,0.3,-1,62.9375,62.9375,0
1786441826554,3000,Minimum,4471,4471,0.3,-1,62.9375,62.9375,0
1786441826654,3000,Minimum,4471,4471,0.3,-1,62.9375,62.9375,0
1786441826754,3000,Minimum,4471,4471,0.3,-1,62.9375,62.9375,0
1786441826854,3000,Minimum,4471,4471,0.3,-1,62.9375,62.9375,0
1786441826954,3000,Minimum,4471,4471,0.3,-1,62.9375,62.9375,0
1786441827054,3000,Minimum,4471,4471,0.3,-1,62.9375,62.9375,0
1786441827154,3000,Minimum,4471,4471,0.3,-1,63.0625,63.0625,0
1786441827254,3000,Minimum,4471,4471,0.3,-1,63.0625,63.0625,0
1786441827354,3000,Minimum,4471,4471,0.3,-1,63.0625,63.0625,0
1786441827454,3000,Minimum,4471,4471,0.3,-1,63.0625,63.0625,0
1786441827554,3000,Minimum,4471,4471,0.3,-1,63.0625,63.0625,0
1786441827654,3000,Minimum,4471,4471,0.3,-1,63.0625,63.0625,0
1786441827754,3000,Minimum,4471,4471,0.3,-1,63.0625,63.0625,0
1786441827854,3000,Minimum,4471,4471,0.3,-1,63.0625,63.0625,0
1786441827954,3000,Minimum,4471,4471,0.3,-1,63.0625,63.0625,0
1786441828054,3000,Minimum,4471,4471,0.3,-1,63.0625,63.0625,0
1786441828154,3000,Minimum,4471,4471,0.3,-1,63,63,0
1786441828254,3000,Minimum,4471,4471,0.3,-1,63,63,0
1786441828354,3000,Minimum,4471,4471,0.3,-1,63,63,0
1786441828454,3000,Minimum,4471,4471,0.3,-1,63,63,0
1786441828554,3000,Minimum,4471,4471,0.3,-1,63,63,0
1786441828654,3000,Minimum,4471,4471,0.3,-1,63,63,0
1786441828754,3000,Minimum,4471,4471,0.3,-1,63,63,0
1786441828854,3000,Minimum,4471,4471,0.3,-1,63,63,0
1786441828954,3000,Minimum,4471,4471,0.3,-1,63,63,0
1786441829054,3000,Minimum,4471,4471,0.3,-1,63,63,0
1786441829154,3000,Minimum,4471,4471,0.3,-1,63.0625,63.0625,0
1786441829254,3000,Minimum,4471,4471,0.3,-1,63.0625,63.0625,0
1786441829354,3000,Minimum,4471,4471,0.3,-1,63.0625,63.0625,0
1786441829454,3000,Minimum,4471,4471,0.3,-1,63.0625,63.0625,0
1786441829554,3000,Minimum,4471,4471,0.3,-1,63.0625,63.0625,0
1786441829654,3000,Minimum,4471,4471,0.3,-1,63.0625,63.0625,0
1786441829754,3000,Minimum,4471,4471,0.3,-1,63.0625,63.0625,0
1786441829854,3000,Minimum,4471,4471,0.3,-1,63.0625,63.0625,0
1786441829954,3000,Minimum,4471,4471,0.3,-1,63.0625,63.0625,0
1786441830054,3000,Minimum,4471,4471,0.3,-1,63.0625,63.0625,0
1786441830154,3000,Minimum,4471,4471,0.3,-1,63.25,63.25,0
1786441830254,3000,Minimum,4471,4471,0.3,-1,63.25,63.25,0
1786441830354,3000,Minimum,4471,4471,0.3,-1,63.25,63.25,0
1786441830454,3000,Minimum,4471,4471,0.3,-1,63.25,63.25,0
1786441830554,3000,Minimum,4471,4471,0.3,-1,63.25,63.25,0
1786441830654,3000,Minimum,4471,4471,0.3,-1,63.25,63.25,0
1786441830754,3000,Minimum,4471,4471,0.3,-1,63.25,63.25,0
1786441830854,3000,Minimum,4471,4471,0.3,-1,63.25,63.25,0
1786441830954,3000,Minimum,4471,4471,0.3,-1,63.25,63.25,0
1786441831054,3000,Minimum,4471,4471,0.3,-1,63.25,63.25,0
1786441831154,3000,Minimum,4471,4471,0.3,-1,63.125,63.125,0
1786441831254,3000,Minimum,4471,4471,0.3,-1,63.125,63.125,0
1786441831354,3000,Minimum,4471,4471,0.3,-1,63.125,63.125,0
1786441831454,3000,Minimum,4471,4471,0.3,-1,63.125,63.125,0
1786441831554,3000,Minimum,4471,4471,0.3,-1,63.125,63.125,0
1786441831654,3000,Minimum,4471,4471,0.3,-1,63.125,63.125,0
1786441831754,3000,Minimum,4471,4471,0.3,-1,63.125,63.125,0
1786441831854,3000,Minimum,4471,4471,0.3,-1,63.125,63.125,0
1786441831954,3000,Minimum,4471,4471,0.3,-1,63.125,63.125,0
1786441832054,3000,Minimum,4471,4471,0.3,-1,63.125,63.125,0
1786441832154,3000,Minimum,4471,4471,0.3,-1,63.125,63.125,0
1786441832254,3000,Minimum,4471,4471,0.3,-1,63.125,63.125,0
1786441832354,3000,Minimum,4471,4471,0.3,-1,63.125,63.125,0
1786441832454,3000,Minimum,4471,4471,0.3,-1,63.125,63.125,0
1786441832554,3000,Minimum,4471,4471,0.3,-1,63.125,63.125,0
1786441832654,3000,Minimum,4471,4471,0.3,-1,63.125,63.125,0
1786441832754,3000,Minimum,4471,4471,0.3,-1,63.125,63.125,0
1786441832854,3000,Minimum,4471,4471,0.3,-1,63.125,63.125,0
1786441832954,3000,Minimum,4471,4471,0.3,-1,63.125,63.125,0
1786441833054,3000,Minimum,4471,4471,0.3,-1,63.125,63.125,0
1786441833154,3000,Minimum,4471,4471,0.3,-1,63.25,63.25,0
1786441833254,3000,Minimum,4471,4471,0.3,-1,63.25,63.25,0
1786441833354,3000,Minimum,4471,4471,0.3,-1,63.25,63.25,0
1786441833454,3000,Minimum,4471,4471,0.3,-1,63.25,63.25,0
1786441833554,3000,Minimum,4471,4471,0.3,-1,63.25,63.25,0
1786441833654,3000,Minimum,4471,4471,0.3,-1,63.25,63.25,0
1786441833754,3000,Minimum,4471,4471,0.3,-1,63.25,63.25,0
1786441833854,3000,Minimum,4471,4471,0.3,-1,63.25,63.25,0
1786441833954,3000,Minimum,4471,4471,0.3,-1,63.25,63.25,0
1786441834054,3000,Minimum,4471,4471,0.3,-1,63.25,63.25,0
1786441834154,3000,Minimum,4471,4471,0.3,-1,63.25,63.25,0
1786441834254,3000,Minimum,4471,4471,0.3,-1,63.25,63.25,0
1786441834354,3000,Minimum,4471,4471,0.3,-1,63.25,63.25,0
1786441834454,3000,Minimum,4471,4471,0.3,-1,63.25,63.25,0
1786441834554,3000,Minimum,4471,4471,0.3,-1,63.25,63.25,0
1786441834654,3000,Minimum,4471,4471,0.3,-1,63.25,63.25,0
1786441834754,3000,Minimum,4471,4471,0.3,-1,63.25,63.25,0
1786441834854,3000,Minimum,4471,4471,0.3,-1,63.25,63.25,0
1786441834954,3000,Minimum,4471,4471,0.3,-1,63.25,63.25,0
1786441835054,3000,Minimum,4471,4471,0.3,-1,63.25,63.25,0
1786441835154,3000,Minimum,4471,4471,0.3,-1,63.3125,63.3125,0
1786441835254,3000,Minimum,4471,4471,0.3,-1,63.3125,63.3125,0
1786441835354,3000,Minimum,4471,4471,0.3,-1,63.3125,63.3125,0
1786441835454,3000,Minimum,4471,4471,0.3,-1,63.3125,63.3125,0
1786441835554,3000,Minimum,4471,4471,0.3,-1,63.3125,63.3125,0
1786441835654,3000,Minimum,4471,4471,0.3,-1,63.3125,63.3125,0
1786441835754,3000,Minimum,4471,4471,0.3,-1,63.3125,63.3125,0
1786441835854,3000,Minimum,4471,4471,0.3,-1,63.3125,63.3125,0
1786441835954,3000,Minimum,4471,4471,0.3,-1,63.3125,63.3125,0
1786441836054,3000,Minimum,4471,4471,0.3,-1,63.3125,63.3125,0
1786441836154,3000,Minimum,4471,4471,0.3,-1,63.25,63.25,0
1786441836254,3000,Minimum,4471,4471,0.3,-1,63.25,63.25,0
1786441836354,3000,Minimum,4471,4471,0.3,-1,63.25,63.25,0
1786441836454,3000,Minimum,4471,4471,0.3,-1,63.25,63.25,0
1786441836554,3000,Minimum,4471,4471,0.3,-1,63.25,63.25,0
1786441836654,3000,Minimum,4471,4471,0.3,-1,63.25,63.25,0
1786441836754,3000,Minimum,4471,4471,0.3,-1,63.25,63.25,0
1786441836854,3000,Minimum,4471,4471,0.3,-1,63.25,63.25,0
1786441836954,3000,Minimum,4471,4471,0.3,-1,63.25,63.25,0
1786441837054,3000,Minimum,4471,4471,0.3,-1,63.25,63.25,0
1786441837154,3000,Minimum,4471,4471,0.3,-1,63.3125,63.3125,0
1786441837254,3000,Minimum,4471,4471,0.3,-1,63.3125,63.3125,0
1786441837354,3000,Minimum,4471,4471,0.3,-1,63.3125,63.3125,0
1786441837454,3000,Minimum,4471,4471,0.3,-1,63.3125,63.3125,0
1786441837554,3000,Minimum,4471,4471,0.3,-1,63.3125,63.3125,0
1786441837654,3000,Minimum,4471,4471,0.3,-1,63.3125,63.3125,0
1786441837754,3000,Minimum,4471,4471,0.3,-1,63.3125,63.3125,0
1786441837854,3000,Minimum,4471,4471,0.3,-1,63.3125,63.3125,0
1786441837954,3000,Minimum,4471,4471,0.3,-1,63.3125,63.3125,0
1786441838054,3000,Minimum,4471,4471,0.3,-1,63.3125,63.3125,0
1786441838154,3000,Minimum,4471,4471,0.3,-1,63.3125,63.3125,0
1786441838254,3000,Minimum,4471,4471,0.3,-1,63.3125,63.3125,0
1786441838354,3000,Minimum,4471,4471,0.3,-1,63.3125,63.3125,0
1786441838454,3000,Minimum,4471,4471,0.3,-1,63.3125,63.3125,0
1786441838554,3000,Minimum,4471,4471,0.3,-1,63.3125,63.3125,0
1786441838654,3000,Minimum,4471,4471,0.3,-1,63.3125,63.3125,0
1786441838754,3000,Minimum,4471,4471,0.3,-1,63.3125,63.3125,0
1786441838854,3000,Minimum,4471,4471,0.3,-1,63.3125,63.3125,0
1786441838954,3000,Minimum,4471,4471,0.3,-1,63.3125,63.3125,0
1786441839054,3000,Minimum,4471,4471,0.3,-1,63.3125,63.3125,0
1786441839154,3000,Minimum,4471,4471,0.3,-1,63.375,63.375,0
1786441839254,3000,Minimum,4471,4471,0.3,-1,63.375,63.375,0
1786441839354,3000,Minimum,4471,4471,0.3,-1,63.375,63.375,0
1786441839454,3000,Minimum,4471,4471,0.3,-1,63.375,63.375,0
1786441839554,3000,Minimum,4471,4471,0.3,-1,63.375,63.375,0
1786441839654,3000,Minimum,4471,4471,0.3,-1,63.375,63.375,0
1786441839754,3000,Minimum,4471,4471,0.3,-1,63.375,63.375,0
1786441839854,3000,Minimum,4471,4471,0.3,-1,63.375,63.375,0
1786441839954,3000,Minimum,4471,4471,0.3,-1,63.375,63.375,0
1786441840054,3000,Minimum,4471,4471,0.3,-1,63.375,63.375,0
1786441840154,3000,Minimum,4471,4471,0.3,-1,63.4375,63.4375,0
1786441840254,3000,Minimum,4471,4471,0.3,-1,63.4375,63.4375,0
1786441840354,3000,Minimum,4471,4471,0.3,-1,63.4375,63.4375,0
1786441840454,3000,Minimum,4471,4471,0.3,-1,63.4375,63.4375,0
1786441840554,3000,Minimum,4471,4471,0.3,-1,63.4375,63.4375,0
1786441840654,3000,Minimum,4471,4471,0.3,-1,63.4375,63.4375,0
1786441840754,3000,Minimum,4471,4471,0.3,-1,63.4375,63.4375,0
1786441840854,3000,Minimum,4471,4471,0.3,-1,63.4375,63.4375,0
1786441840954,3000,Minimum,4471,4471,0.3,-1,63.4375,63.4375,0
1786441841054,3000,Minimum,4471,4471,0.3,-1,63.4375,63.4375,0
1786441841154,3000,Minimum,4471,4471,0.3,-1,63.3125,63.3125,0
1786441841254,3000,Minimum,4471,4471,0.3,-1,63.3125,63.3125,0
1786441841354,3000,Minimum,4471,4471,0.3,-1,63.3125,63.3125,0
1786441841454,3000,Minimum,4471,4471,0.3,-1,63.3125,63.3125,0
1786441841554,3000,Minimum,4471,4471,0.3,-1,63.3125,63.3125,0
1786441841654,3000,Minimum,4471,4471,0.3,-1,63.3125,63.3125,0
1786441841754,3000,Minimum,4471,4471,0.3,-1,63.3125,63.3125,0
1786441841854,3000,Minimum,4471,4471,0.3,-1,63.3125,63.3125,0
1786441841954,3000,Minimum,4471,4471,0.3,-1,63.3125,63.3125,0
1786441842054,3000,Minimum,4471,4471,0.3,-1,63.3125,63.3125,0
1786441842154,3000,Minimum,4471,4471,0.3,-1,63.4375,63.4375,0
1786441842254,3000,Minimum,4471,4471,0.3,-1,63.4375,63.4375,0
1786441842354,3000,Minimum,4471,4471,0.3,-1,63.4375,63.4375,0
1786441842454,3000,Minimum,4471,4471,0.3,-1,63.4375,63.4375,0
1786441842554,3000,Minimum,4471,4471,0.3,-1,63.4375,63.4375,0
1786441842654,3000,Minimum,4471,4471,0.3,-1,63.4375,63.4375,0
1786441842754,3000,Minimum,4471,4471,0.3,-1,63.4375,63.4375,0
1786441842854,3000,Minimum,4471,4471,0.3,-1,63.4375,63.4375,0
1786441842954,3000,Minimum,4471,4471,0.3,-1,63.4375,63.4375,0
1786441843054,3000,Minimum,4471,4471,0.3,-1,63.4375,63.4375,0
1786441843154,3000,Minimum,4471,4471,0.3,-1,63.4375,63.4375,0
1786441843254,3000,Minimum,4471,4471,0.3,-1,63.4375,63.4375,0
1786441843354,3000,Minimum,4471,4471,0.3,-1,63.4375,63.4375,0
1786441843454,3000,Minimum,4471,4471,0.3,-1,63.4375,63.4375,0
1786441843554,3000,Minimum,4471,4471,0.3,-1,63.4375,63.4375,0
1786441843654,3000,Minimum,4471,4471,0.3,-1,63.4375,63.4375,0
1786441843754,3000,Minimum,4471,4471,0.3,-1,63.4375,63.4375,0
1786441843854,3000,Minimum,4471,4471,0.3,-1,63.4375,63.4375,0
1786441843954,3000,Minimum,4471,4471,0.3,-1,63.4375,63.4375,0
1786441844054,3000,Minimum,4471,4471,0.3,-1,63.4375,63.4375,0
1786441844154,3000,Minimum,4471,4471,0.3,-1,63.4375,63.4375,0
1786441844254,3000,Minimum,4471,4471,0.3,-1,63.4375,63.4375,0
1786441844354,3000,Minimum,4471,4471,0.3,-1,63.4375,63.4375,0
1786441844454,3000,Minimum,4471,4471,0.3,-1,63.4375,63.4375,0
1786441844554,3000,Minimum,4471,4471,0.3,-1,63.4375,63.4375,0
1786441844654,3000,Minimum,4471,4471,0.3,-1,63.4375,63.4375,0
1786441844754,3000,Minimum,4471,4471,0.3,-1,63.4375,63.4375,0
1786441844854,3000,Minimum,4471,4471,0.3,-1,63.4375,63.4375,0
1786441844954,3000,Minimum,4471,4471,0.3,-1,63.4375,63.4375,0
1786441845054,3000,Minimum,4471,4471,0.3,-1,63.4375,63.4375,0
1786441845154,3000,Minimum,4471,4471,0.3,-1,63.4375,63.4375,0
1786441845254,3000,Minimum,4471,4471,0.3,-1,63.4375,63.4375,0
1786441845354,3000,Minimum,4471,4471,0.3,-1,63.4375,63.4375,0
1786441845454,3000,Minimum,4471,4471,0.3,-1,63.4375,63.4375,0
1786441845554,3000,Minimum,4471,4471,0.3,-1,63.4375,63.4375,0
1786441845654,3000,Minimum,4471,4471,0.3,-1,63.4375,63.4375,0
1786441845754,3000,Minimum,4471,4471,0.3,-1,63.4375,63.4375,0
1786441845854,3000,Minimum,4471,4471,0.3,-1,63.4375,63.4375,0
1786441845954,3000,Minimum,4471,4471,0.3,-1,63.4375,63.4375,0
1786441846054,3000,Minimum,4471,4471,0.3,-1,63.4375,63.4375,0
1786441846154,3000,Minimum,4471,4471,0.3,-1,63.5,63.5,0
1786441846254,3000,Minimum,4471,4471,0.3,-1,63.5,63.5,0
1786441846354,3000,Minimum,4471,4471,0.3,-1,63.5,63.5,0
1786441846454,3000,Minimum,4471,4471,0.3,-1,63.5,63.5,0
1786441846554,3000,Minimum,4471,4471,0.3,-1,63.5,63.5,0
1786441846654,3000,Minimum,4471,4471,0.3,-1,63.5,63.5,0
1786441846754,3000,Minimum,4471,4471,0.3,-1,63.5,63.5,0
1786441846854,3000,Minimum,4471,4471,0.3,-1,63.5,63.5,0
1786441846954,3000,Minimum,4471,4471,0.3,-1,63.5,63.5,0
1786441847056,3000,Minimum,4471,4471,0.3,-1,63.5,63.5,0
1786441847156,3000,Minimum,4471,4471,0.3,-1,63.5625,63.5625,0
1786441847256,3000,Minimum,4471,4471,0.3,-1,63.5625,63.5625,0
1786441847356,3000,Minimum,4471,4471,0.3,-1,63.5625,63.5625,0
1786441847456,3000,Minimum,4471,4471,0.3,-1,63.5625,63.5625,0
1786441847556,3000,Minimum,4471,4471,0.3,-1,63.5625,63.5625,0
1786441847656,3000,Minimum,4471,4471,0.3,-1,63.5625,63.5625,0
1786441847756,3000,Minimum,4471,4471,0.3,-1,63.5625,63.5625,0
1786441847856,3000,Minimum,4471,4471,0.3,-1,63.5625,63.5625,0
1786441847956,3000,Minimum,4471,4471,0.3,-1,63.5625,63.5625,0
1786441848054,3000,Minimum,4471,4471,0.3,-1,63.5625,63.5625,0
1786441848155,3000,Minimum,4471,4471,0.3,-1,63.5,63.5,0
1786441848255,3000,Minimum,4471,4471,0.3,-1,63.5,63.5,0
1786441848355,3000,Minimum,4471,4471,0.3,-1,63.5,63.5,0
1786441848455,3000,Minimum,4471,4471,0.3,-1,63.5,63.5,0
1786441848555,3000,Minimum,4471,4471,0.3,-1,63.5,63.5,0
1786441848655,3000,Minimum,4471,4471,0.3,-1,63.5,63.5,0
1786441848755,3000,Minimum,4471,4471,0.3,-1,63.5,63.5,0
1786441848855,3000,Minimum,4471,4471,0.3,-1,63.5,63.5,0
1786441848955,3000,Minimum,4471,4471,0.3,-1,63.5,63.5,0
1786441849055,3000,Minimum,4471,4471,0.3,-1,63.5,63.5,0
1786441849155,3000,Minimum,4471,4471,0.3,-1,63.5,63.5,0
1786441849255,3000,Minimum,4471,4471,0.3,-1,63.5,63.5,0
1786441849355,3000,Minimum,4471,4471,0.3,-1,63.5,63.5,0
1786441849455,3000,Minimum,4471,4471,0.3,-1,63.5,63.5,0
1786441849555,3000,Minimum,4471,4471,0.3,-1,63.5,63.5,0
1786441849655,3000,Minimum,4471,4471,0.3,-1,63.5,63.5,0
1786441849755,3000,Minimum,4471,4471,0.3,-1,63.5,63.5,0
1786441849855,3000,Minimum,4471,4471,0.3,-1,63.5,63.5,0
1786441849955,3000,Minimum,4471,4471,0.3,-1,63.5,63.5,0
1786441850055,3000,Minimum,4471,4471,0.3,-1,63.5,63.5,0
1786441850155,3000,Minimum,4471,4471,0.3,-1,63.625,63.625,0
1786441850255,3000,Minimum,4471,4471,0.3,-1,63.625,63.625,0
1786441850355,3000,Minimum,4471,4471,0.3,-1,63.625,63.625,0
1786441850454,3000,Minimum,4471,4471,0.3,-1,63.625,63.625,0
1786441850555,3000,Minimum,4471,4471,0.3,-1,63.625,63.625,0
1786441850655,3000,Minimum,4471,4471,0.3,-1,63.625,63.625,0
1786441850755,3000,Minimum,4471,4471,0.3,-1,63.625,63.625,0
1786441850855,3000,Minimum,4471,4471,0.3,-1,63.625,63.625,0
1786441850955,3000,Minimum,4471,4471,0.3,-1,63.625,63.625,0
1786441851055,3000,Minimum,4471,4471,0.3,-1,63.625,63.625,0
1786441851155,3000,Minimum,4471,4471,0.3,-1,63.5625,63.5625,0
1786441851255,3000,Minimum,4471,4471,0.3,-1,63.5625,63.5625,0
1786441851355,3000,Minimum,4471,4471,0.3,-1,63.5625,63.5625,0
1786441851455,3000,Minimum,4471,4471,0.3,-1,63.5625,63.5625,0
1786441851555,3000,Minimum,4471,4471,0.3,-1,63.5625,63.5625,0
1786441851655,3000,Minimum,4471,4471,0.3,-1,63.5625,63.5625,0
1786441851755,3000,Minimum,4471,4471,0.3,-1,63.5625,63.5625,0
1786441851855,3000,Minimum,4471,4471,0.3,-1,63.5625,63.5625,0
1786441851955,3000,Minimum,4471,4471,0.3,-1,63.5625,63.5625,0
1786441852055,3000,Minimum,4471,4471,0.3,-1,63.5625,63.5625,0
1786441852154,3000,Minimum,4471,4471,0.3,-1,63.5625,63.5625,0
1786441852255,3000,Minimum,4471,4471,0.3,-1,63.5625,63.5625,0
1786441852355,3000,Minimum,4471,4471,0.3,-1,63.5625,63.5625,0
1786441852455,3000,Minimum,4471,4471,0.3,-1,63.5625,63.5625,0
1786441852554,3000,Minimum,4471,4471,0.3,-1,63.5625,63.5625,0
1786441852655,3000,Minimum,4471,4471,0.3,-1,63.5625,63.5625,0
1786441852755,3000,Minimum,4471,4471,0.3,-1,63.5625,63.5625,0
1786441852855,3000,Minimum,4471,4471,0.3,-1,63.5625,63.5625,0
1786441852955,3000,Minimum,4471,4471,0.3,-1,63.5625,63.5625,0
1786441853055,3000,Minimum,4471,4471,0.3,-1,63.5625,63.5625,0
1786441853155,3000,Minimum,4471,4471,0.3,-1,63.6875,63.6875,0
1786441853255,3000,Minimum,4471,4471,0.3,-1,63.6875,63.6875,0
1786441853355,3000,Minimum,4471,4471,0.3,-1,63.6875,63.6875,0
1786441853455,3000,Minimum,4471,4471,0.3,-1,63.6875,63.6875,0
1786441853555,3000,Minimum,4471,4471,0.3,-1,63.6875,63.6875,0
1786441853654,3000,Minimum,4471,4471,0.3,-1,63.6875,63.6875,0
1786441853755,3000,Minimum,4471,4471,0.3,-1,63.6875,63.6875,0
1786441853854,3000,Minimum,4471,4471,0.3,-1,63.6875,63.6875,0
1786441853955,3000,Minimum,4471,4471,0.3,-1,63.6875,63.6875,0
1786441854054,3000,Minimum,4471,4471,0.3,-1,63.6875,63.6875,0
1786441854154,3000,Minimum,4471,4471,0.3,-1,63.5625,63.5625,0
1786441854254,3000,Minimum,4471,4471,0.3,-1,63.5625,63.5625,0
1786441854354,3000,Minimum,4471,4471,0.3,-1,63.5625,63.5625,0
1786441854454,3000,Minimum,4471,4471,0.3,-1,63.5625,63.5625,0
1786441854554,3000,Minimum,4471,4471,0.3,-1,63.5625,63.5625,0
1786441854654,3000,Minimum,4471,4471,0.3,-1,63.5625,63.5625,0
1786441854755,3000,Minimum,4471,4471,0.3,-1,63.5625,63.5625,0
1786441854854,3000,Minimum,4471,4471,0.3,-1,63.5625,63.5625,0
1786441854954,3000,Minimum,4471,4471,0.3,-1,63.5625,63.5625,0
1786441855054,3000,Minimum,4471,4471,0.3,-1,63.5625,63.5625,0
1786441855154,3000,Minimum,4471,4471,0.3,-1,63.6875,63.6875,0
1786441855254,3000,Minimum,4471,4471,0.3,-1,63.6875,63.6875,0
1786441855354,3000,Minimum,4471,4471,0.3,-1,63.6875,63.6875,0
1786441855454,3000,Minimum,4471,4471,0.3,-1,63.6875,63.6875,0
1786441855554,3000,Minimum,4471,4471,0.3,-1,63.6875,63.6875,0
1786441855654,3000,Minimum,4471,4471,0.3,-1,63.6875,63.6875,0
1786441855754,3000,Minimum,4471,4471,0.3,-1,63.6875,63.6875,0
1786441855854,3000,Minimum,4471,4471,0.3,-1,63.6875,63.6875,0
1786441855954,3000,Minimum,4471,4471,0.3,-1,63.6875,63.6875,0
1786441856054,3000,Minimum,4471,4471,0.3,-1,63.6875,63.6875,0
1786441856154,3000,Minimum,4471,4471,0.3,-1,63.5625,63.5625,0
1786441856254,3000,Minimum,4471,4471,0.3,-1,63.5625,63.5625,0
1786441856354,3000,Minimum,4471,4471,0.3,-1,63.5625,63.5625,0
1786441856454,3000,Minimum,4471,4471,0.3,-1,63.5625,63.5625,0
1786441856554,3000,Minimum,4471,4471,0.3,-1,63.5625,63.5625,0
1786441856654,3000,Minimum,4471,4471,0.3,-1,63.5625,63.5625,0
1786441856754,3000,Minimum,4471,4471,0.3,-1,63.5625,63.5625,0
1786441856854,3000,Minimum,4471,4471,0.3,-1,63.5625,63.5625,0
1786441856954,3000,Minimum,4471,4471,0.3,-1,63.5625,63.5625,0
1786441857054,3000,Minimum,4471,4471,0.3,-1,63.5625,63.5625,0
1786441857154,3000,Minimum,4471,4471,0.3,-1,63.6875,63.6875,0
1786441857254,3000,Minimum,4471,4471,0.3,-1,63.6875,63.6875,0
1786441857354,3000,Minimum,4471,4471,0.3,-1,63.6875,63.6875,0
1786441857454,3000,Minimum,4471,4471,0.3,-1,63.6875,63.6875,0
1786441857554,3000,Minimum,4471,4471,0.3,-1,63.6875,63.6875,0
1786441857654,3000,Minimum,4471,4471,0.3,-1,63.6875,63.6875,0
1786441857754,3000,Minimum,4471,4471,0.3,-1,63.6875,63.6875,0
1786441857854,3000,Minimum,4471,4471,0.3,-1,63.6875,63.6875,0
1786441857954,3000,Minimum,4471,4471,0.3,-1,63.6875,63.6875,0
1786441858054,3000,Minimum,4471,4471,0.3,-1,63.6875,63.6875,0
1786441858154,3000,Minimum,4471,4471,0.3,-1,63.6875,63.6875,0
1786441858254,3000,Minimum,4471,4471,0.3,-1,63.6875,63.6875,0
1786441858354,3000,Minimum,4471,4471,0.3,-1,63.6875,63.6875,0
1786441858454,3000,Minimum,4471,4471,0.3,-1,63.6875,63.6875,0
1786441858554,3000,Minimum,4471,4471,0.3,-1,63.6875,63.6875,0
1786441858654,3000,Minimum,4471,4471,0.3,-1,63.6875,63.6875,0
1786441858754,3000,Minimum,4471,4471,0.3,-1,63.6875,63.6875,0
1786441858854,3000,Minimum,4471,4471,0.3,-1,63.6875,63.6875,0
1786441858954,3000,Minimum,4471,4471,0.3,-1,63.6875,63.6875,0
1786441859054,3000,Minimum,4471,4471,0.3,-1,63.6875,63.6875,0
1786441859154,3000,Minimum,4471,4471,0.3,-1,63.75,63.75,0
1786441859254,3000,Minimum,4471,4471,0.3,-1,63.75,63.75,0
1786441859354,3000,Minimum,4471,4471,0.3,-1,63.75,63.75,0
1786441859454,3000,Minimum,4471,4471,0.3,-1,63.75,63.75,0
1786441859554,3000,Minimum,4471,4471,0.3,-1,63.75,63.75,0
1786441859654,3000,Minimum,4471,4471,0.3,-1,63.75,63.75,0
1786441859754,3000,Minimum,4471,4471,0.3,-1,63.75,63.75,0
1786441859854,3000,Minimum,4471,4471,0.3,-1,63.75,63.75,0
1786441859954,3000,Minimum,4471,4471,0.3,-1,63.75,63.75,0
1786441860054,3000,Minimum,4471,4471,0.3,-1,63.75,63.75,0
1786441860154,3000,Minimum,4471,4471,0.3,-1,63.8125,63.8125,0
1786441860254,3000,Minimum,4471,4471,0.3,-1,63.8125,63.8125,0
1786441860354,3000,Minimum,4471,4471,0.3,-1,63.8125,63.8125,0
1786441860454,3000,Minimum,4471,4471,0.3,-1,63.8125,63.8125,0
1786441860554,3000,Minimum,4471,4471,0.3,-1,63.8125,63.8125,0
1786441860654,3000,Minimum,4471,4471,0.3,-1,63.8125,63.8125,0
1786441860754,3000,Minimum,4471,4471,0.3,-1,63.8125,63.8125,0
1786441860854,3000,Minimum,4471,4471,0.3,-1,63.8125,63.8125,0
1786441860954,3000,Minimum,4471,4471,0.3,-1,63.8125,63.8125,0
1786441861054,3000,Minimum,4471,4471,0.3,-1,63.8125,63.8125,0
1786441861154,3000,Minimum,4471,4471,0.3,-1,63.625,63.625,0
1786441861254,3000,Minimum,4471,4471,0.3,-1,63.625,63.625,0
1786441861354,3000,Minimum,4471,4471,0.3,-1,63.625,63.625,0
1786441861454,3000,Minimum,4471,4471,0.3,-1,63.625,63.625,0
1786441861554,3000,Minimum,4471,4471,0.3,-1,63.625,63.625,0
1786441861654,3000,Minimum,4471,4471,0.3,-1,63.625,63.625,0
1786441861754,3000,Minimum,4471,4471,0.3,-1,63.625,63.625,0
1786441861854,3000,Minimum,4471,4471,0.3,-1,63.625,63.625,0
1786441861954,3000,Minimum,4471,4471,0.3,-1,63.625,63.625,0
1786441862054,3000,Minimum,4471,4471,0.3,-1,63.625,63.625,0
1786441862154,3000,Minimum,4471,4471,0.3,-1,63.75,63.75,0
1786441862254,3000,Minimum,4471,4471,0.3,-1,63.75,63.75,0
1786441862354,3000,Minimum,4471,4471,0.3,-1,63.75,63.75,0
1786441862454,3000,Minimum,4471,4471,0.3,-1,63.75,63.75,0
1786441862554,3000,Minimum,4471,4471,0.3,-1,63.75,63.75,0
1786441862654,3000,Minimum,4471,4471,0.3,-1,63.75,63.75,0
1786441862754,3000,Minimum,4471,4471,0.3,-1,63.75,63.75,0
1786441862854,3000,Minimum,4471,4471,0.3,-1,63.75,63.75,0
1786441862954,3000,Minimum,4471,4471,0.3,-1,63.75,63.75,0
1786441863054,3000,Minimum,4471,4471,0.3,-1,63.75,63.75,0
1786441863154,3000,Minimum,4471,4471,0.3,-1,63.75,63.75,0
1786441863254,3000,Minimum,4471,4471,0.3,-1,63.75,63.75,0
1786441863354,3000,Minimum,4471,4471,0.3,-1,63.75,63.75,0
1786441863454,3000,Minimum,4471,4471,0.3,-1,63.75,63.75,0
1786441863554,3000,Minimum,4471,4471,0.3,-1,63.75,63.75,0
1786441863654,3000,Minimum,4471,4471,0.3,-1,63.75,63.75,0
1786441863754,3000,Minimum,4471,4471,0.3,-1,63.75,63.75,0
1786441863854,3000,Minimum,4471,4471,0.3,-1,63.75,63.75,0
1786441863954,3000,Minimum,4471,4471,0.3,-1,63.75,63.75,0
1786441864054,3000,Minimum,4471,4471,0.3,-1,63.75,63.75,0
1786441864154,3000,Minimum,4471,4471,0.3,-1,63.8125,63.8125,0
1786441864254,3000,Minimum,4471,4471,0.3,-1,63.8125,63.8125,0
1786441864354,3000,Minimum,4471,4471,0.3,-1,63.8125,63.8125,0
1786441864454,3000,Minimum,4471,4471,0.3,-1,63.8125,63.8125,0
1786441864554,3000,Minimum,4471,4471,0.3,-1,63.8125,63.8125,0
1786441864654,3000,Minimum,4471,4471,0.3,-1,63.8125,63.8125,0
1786441864754,3000,Minimum,4471,4471,0.3,-1,63.8125,63.8125,0
1786441864854,3000,Minimum,4471,4471,0.3,-1,63.8125,63.8125,0
1786441864954,3000,Minimum,4471,4471,0.3,-1,63.8125,63.8125,0
1786441865054,3000,Minimum,4471,4471,0.3,-1,63.8125,63.8125,0
1786441865154,3000,Minimum,4471,4471,0.3,-1,63.75,63.75,0
1786441865254,3000,Minimum,4471,4471,0.3,-1,63.75,63.75,0
1786441865354,3000,Minimum,4471,4471,0.3,-1,63.75,63.75,0
1786441865454,3000,Minimum,4471,4471,0.3,-1,63.75,63.75,0
1786441865554,3000,Minimum,4471,4471,0.3,-1,63.75,63.75,0
1786441865654,3000,Minimum,4471,4471,0.3,-1,63.75,63.75,0
1786441865754,3000,Minimum,4471,4471,0.3,-1,63.75,63.75,0
1786441865854,3000,Minimum,4471,4471,0.3,-1,63.75,63.75,0
1786441865954,3000,Minimum,4471,4471,0.3,-1,63.75,63.75,0
1786441866054,3000,Minimum,4471,4471,0.3,-1,63.75,63.75,0
1786441866154,3000,Minimum,4471,4471,0.3,-1,63.8125,63.8125,0
1786441866254,3000,Minimum,4471,4471,0.3,-1,63.8125,63.8125,0
1786441866354,3000,Minimum,4471,4471,0.3,-1,63.8125,63.8125,0
1786441866454,3000,Minimum,4471,4471,0.3,-1,63.8125,63.8125,0
1786441866554,3000,Minimum,4471,4471,0.3,-1,63.8125,63.8125,0
1786441866654,3000,Minimum,4471,4471,0.3,-1,63.8125,63.8125,0
1786441866754,3000,Minimum,4471,4471,0.3,-1,63.8125,63.8125,0
1786441866854,3000,Minimum,4471,4471,0.3,-1,63.8125,63.8125,0
1786441866954,3000,Minimum,4471,4471,0.3,-1,63.8125,63.8125,0
1786441867054,3000,Minimum,4471,4471,0.3,-1,63.8125,63.8125,0
1786441867154,3000,Minimum,4471,4471,0.3,-1,63.8125,63.8125,0
1786441867254,3000,Minimum,4471,4471,0.3,-1,63.8125,63.8125,0
1786441867354,3000,Minimum,4471,4471,0.3,-1,63.8125,63.8125,0
1786441867454,3000,Minimum,4471,4471,0.3,-1,63.8125,63.8125,0
1786441867554,3000,Minimum,4471,4471,0.3,-1,63.8125,63.8125,0
1786441867654,3000,Minimum,4471,4471,0.3,-1,63.8125,63.8125,0
1786441867754,3000,Minimum,4471,4471,0.3,-1,63.8125,63.8125,0
1786441867854,3000,Minimum,4471,4471,0.3,-1,63.8125,63.8125,0
1786441867954,3000,Minimum,4471,4471,0.3,-1,63.8125,63.8125,0
1786441868054,3000,Minimum,4471,4471,0.3,-1,63.8125,63.8125,0
1786441868154,3000,Minimum,4471,4471,0.3,-1,63.9375,63.9375,0
1786441868254,3000,Minimum,4471,4471,0.3,-1,63.9375,63.9375,0
1786441868354,3000,Minimum,4471,4471,0.3,-1,63.9375,63.9375,0
1786441868454,3000,Minimum,4471,4471,0.3,-1,63.9375,63.9375,0
1786441868554,3000,Minimum,4471,4471,0.3,-1,63.9375,63.9375,0
1786441868654,3000,Minimum,4471,4471,0.3,-1,63.9375,63.9375,0
1786441868754,3000,Minimum,4471,4471,0.3,-1,63.9375,63.9375,0
1786441868854,3000,Minimum,4471,4471,0.3,-1,63.9375,63.9375,0
1786441868954,3000,Minimum,4471,4471,0.3,-1,63.9375,63.9375,0
1786441869054,3000,Minimum,4471,4471,0.3,-1,63.9375,63.9375,0
1786441869154,3000,Minimum,4471,4471,0.3,-1,63.8125,63.8125,0
1786441869254,3000,Minimum,4471,4471,0.3,-1,63.8125,63.8125,0
1786441869354,3000,Minimum,4471,4471,0.3,-1,63.8125,63.8125,0
1786441869454,3000,Minimum,4471,4471,0.3,-1,63.8125,63.8125,0
1786441869554,3000,Minimum,4471,4471,0.3,-1,63.8125,63.8125,0
1786441869654,3000,Minimum,4471,4471,0.3,-1,63.8125,63.8125,0
1786441869754,3000,Minimum,4471,4471,0.3,-1,63.8125,63.8125,0
1786441869854,3000,Minimum,4471,4471,0.3,-1,63.8125,63.8125,0
1786441869954,3000,Minimum,4471,4471,0.3,-1,63.8125,63.8125,0
1786441870054,3000,Minimum,4471,4471,0.3,-1,63.8125,63.8125,0
1786441870154,3000,Minimum,4471,4471,0.3,-1,63.875,63.875,0
1786441870254,3000,Minimum,4471,4471,0.3,-1,63.875,63.875,0
1786441870354,3000,Minimum,4471,4471,0.3,-1,63.875,63.875,0
1786441870454,3000,Minimum,4471,4471,0.3,-1,63.875,63.875,0
1786441870554,3000,Minimum,4471,4471,0.3,-1,63.875,63.875,0
1786441870654,3000,Minimum,4471,4471,0.3,-1,63.875,63.875,0
1786441870754,3000,Minimum,4471,4471,0.3,-1,63.875,63.875,0
1786441870854,3000,Minimum,4471,4471,0.3,-1,63.875,63.875,0
1786441870954,3000,Minimum,4471,4471,0.3,-1,63.875,63.875,0
1786441871054,3000,Minimum,4471,4471,0.3,-1,63.875,63.875,0
1786441871154,3000,Minimum,4471,4471,0.3,-1,63.875,63.875,0
1786441871254,3000,Minimum,4471,4471,0.3,-1,63.875,63.875,0
1786441871354,3000,Minimum,4471,4471,0.3,-1,63.875,63.875,0
1786441871454,3000,Minimum,4471,4471,0.3,-1,63.875,63.875,0
1786441871554,3000,Minimum,4471,4471,0.3,-1,63.875,63.875,0
1786441871654,3000,Minimum,4471,4471,0.3,-1,63.875,63.875,0
1786441871754,3000,Minimum,4471,4471,0.3,-1,63.875,63.875,0
1786441871854,3000,Minimum,4471,4471,0.3,-1,63.875,63.875,0
1786441871954,3000,Minimum,4471,4471,0.3,-1,63.875,63.875,0
1786441872054,3000,Minimum,4471,4471,0.3,-1,63.875,63.875,0
1786441872154,3000,Minimum,4471,4471,0.3,-1,63.9375,63.9375,0
1786441872254,3000,Minimum,4471,4471,0.3,-1,63.9375,63.9375,0
1786441872354,3000,Minimum,4471,4471,0.3,-1,63.9375,63.9375,0
1786441872454,3000,Minimum,4471,4471,0.3,-1,63.9375,63.9375,0
1786441872554,3000,Minimum,4471,4471,0.3,-1,63.9375,63.9375,0
1786441872654,3000,Minimum,4471,4471,0.3,-1,63.9375,63.9375,0
1786441872754,3000,Minimum,4471,4471,0.3,-1,63.9375,63.9375,0
1786441872854,3000,Minimum,4471,4471,0.3,-1,63.9375,63.9375,0
1786441872954,3000,Minimum,4471,4471,0.3,-1,63.9375,63.9375,0
1786441873054,3000,Minimum,4471,4471,0.3,-1,63.9375,63.9375,0
1786441873154,3000,Minimum,4471,4471,0.3,-1,63.9375,63.9375,0
1786441873254,3000,Minimum,4471,4471,0.3,-1,63.9375,63.9375,0
1786441873354,3000,Minimum,4471,4471,0.3,-1,63.9375,63.9375,0
1786441873454,3000,Minimum,4471,4471,0.3,-1,63.9375,63.9375,0
1786441873554,3000,Minimum,4471,4471,0.3,-1,63.9375,63.9375,0
1786441873654,3000,Minimum,4471,4471,0.3,-1,63.9375,63.9375,0
1786441873754,3000,Minimum,4471,4471,0.3,-1,63.9375,63.9375,0
1786441873854,3000,Minimum,4471,4471,0.3,-1,63.9375,63.9375,0
1786441873954,3000,Minimum,4471,4471,0.3,-1,63.9375,63.9375,0
1786441874054,3000,Minimum,4471,4471,0.3,-1,63.9375,63.9375,0
1786441874154,3000,Minimum,4471,4471,0.3,-1,63.9375,63.9375,0
1786441874254,3000,Minimum,4471,4471,0.3,-1,63.9375,63.9375,0
1786441874354,3000,Minimum,4471,4471,0.3,-1,63.9375,63.9375,0
1786441874454,3000,Minimum,4471,4471,0.3,-1,63.9375,63.9375,0
1786441874554,3000,Minimum,4471,4471,0.3,-1,63.9375,63.9375,0
1786441874654,3000,Minimum,4471,4471,0.3,-1,63.9375,63.9375,0
1786441874754,3000,Minimum,4471,4471,0.3,-1,63.9375,63.9375,0
1786441874854,3000,Minimum,4471,4471,0.3,-1,63.9375,63.9375,0
1786441874954,3000,Minimum,4471,4471,0.3,-1,63.9375,63.9375,0
1786441875054,3000,Minimum,4471,4471,0.3,-1,63.9375,63.9375,0
1786441875154,3000,Minimum,4471,4471,0.3,-1,63.9375,63.9375,0
1786441875254,3000,Minimum,4471,4471,0.3,-1,63.9375,63.9375,0
1786441875354,3000,Minimum,4471,4471,0.3,-1,63.9375,63.9375,0
1786441875454,3000,Minimum,4471,4471,0.3,-1,63.9375,63.9375,0
1786441875554,3000,Minimum,4471,4471,0.3,-1,63.9375,63.9375,0
1786441875654,3000,Minimum,4471,4471,0.3,-1,63.9375,63.9375,0
1786441875754,3000,Minimum,4471,4471,0.3,-1,63.9375,63.9375,0
1786441875854,3000,Minimum,4471,4471,0.3,-1,63.9375,63.9375,0
1786441875954,3000,Minimum,4471,4471,0.3,-1,63.9375,63.9375,0
1786441876054,3000,Minimum,4471,4471,0.3,-1,63.9375,63.9375,0
1786441876154,3000,Minimum,4471,4471,0.3,-1,63.9375,63.9375,0
1786441876254,3000,Minimum,4471,4471,0.3,-1,63.9375,63.9375,0
1786441876354,3000,Minimum,4471,4471,0.3,-1,63.9375,63.9375,0
1786441876454,3000,Minimum,4471,4471,0.3,-1,63.9375,63.9375,0
1786441876554,3000,Minimum,4471,4471,0.3,-1,63.9375,63.9375,0
1786441876654,3000,Minimum,4471,4471,0.3,-1,63.9375,63.9375,0
1786441876754,3000,Minimum,4471,4471,0.3,-1,63.9375,63.9375,0
1786441876854,3000,Minimum,4471,4471,0.3,-1,63.9375,63.9375,0
1786441876954,3000,Minimum,4471,4471,0.3,-1,63.9375,63.9375,0
1786441877054,3000,Minimum,4471,4471,0.3,-1,63.9375,63.9375,0
1786441877154,3000,Minimum,4471,4471,0.3,-1,63.9375,63.9375,0
1786441877254,3000,Minimum,4471,4471,0.3,-1,63.9375,63.9375,0
1786441877354,3000,Minimum,4471,4471,0.3,-1,63.9375,63.9375,0
1786441877454,3000,Minimum,4471,4471,0.3,-1,63.9375,63.9375,0
1786441877554,3000,Minimum,4471,4471,0.3,-1,63.9375,63.9375,0
1786441877654,3000,Minimum,4471,4471,0.3,-1,63.9375,63.9375,0
1786441877754,3000,Minimum,4471,4471,0.3,-1,63.9375,63.9375,0
1786441877854,3000,Minimum,4471,4471,0.3,-1,63.9375,63.9375,0
1786441877954,3000,Minimum,4471,4471,0.3,-1,63.9375,63.9375,0
1786441878054,3000,Minimum,4471,4471,0.3,-1,63.9375,63.9375,0
1786441878154,3000,Minimum,4471,4471,0.3,-1,63.875,63.875,0
1786441878254,3000,Minimum,4471,4471,0.3,-1,63.875,63.875,0
1786441878354,3000,Minimum,4471,4471,0.3,-1,63.875,63.875,0
1786441878454,3000,Minimum,4471,4471,0.3,-1,63.875,63.875,0
1786441878554,3000,Minimum,4471,4471,0.3,-1,63.875,63.875,0
1786441878654,3000,Minimum,4471,4471,0.3,-1,63.875,63.875,0
1786441878754,3000,Minimum,4471,4471,0.3,-1,63.875,63.875,0
1786441878854,3000,Minimum,4471,4471,0.3,-1,63.875,63.875,0
1786441878954,3000,Minimum,4471,4471,0.3,-1,63.875,63.875,0
1786441879054,3000,Minimum,4471,4471,0.3,-1,63.875,63.875,0
1786441879154,3000,Minimum,4471,4471,0.3,-1,64,64,0
1786441879254,3000,Minimum,4471,4471,0.3,-1,64,64,0
1786441879354,3000,Minimum,4471,4471,0.3,-1,64,64,0
1786441879454,3000,Minimum,4471,4471,0.3,-1,64,64,0
1786441879554,3000,Minimum,4471,4471,0.3,-1,64,64,0
1786441879654,3000,Minimum,4471,4471,0.3,-1,64,64,0
1786441879754,3000,Minimum,4471,4471,0.3,-1,64,64,0
1786441879854,3000,Minimum,4471,4471,0.3,-1,64,64,0
1786441879954,3000,Minimum,4471,4471,0.3,-1,64,64,0
1786441880056,3000,Minimum,4471,4471,0.3,-1,64,64,0
1786441880156,3000,Minimum,4471,4471,0.3,-1,64,64,0
1786441880256,3000,Minimum,4471,4471,0.3,-1,64,64,0
1786441880356,3000,Minimum,4471,4471,0.3,-1,64,64,0
1786441880455,3000,Minimum,4471,4471,0.3,-1,64,64,0
1786441880555,3000,Minimum,4471,4471,0.3,-1,64,64,0
1786441880656,3000,Minimum,4471,4471,0.3,-1,64,64,0
1786441880756,3000,Minimum,4471,4471,0.3,-1,64,64,0
1786441880856,3000,Minimum,4471,4471,0.3,-1,64,64,0
1786441880956,3000,Minimum,4471,4471,0.3,-1,64,64,0
1786441881055,3000,Minimum,4471,4471,0.3,-1,64,64,0
1786441881156,3000,Minimum,4471,4471,0.3,-1,64.0625,64.0625,0
1786441881256,3000,Minimum,4471,4471,0.3,-1,64.0625,64.0625,0
1786441881356,3000,Minimum,4471,4471,0.3,-1,64.0625,64.0625,0
1786441881455,3000,Minimum,4471,4471,0.3,-1,64.0625,64.0625,0
1786441881555,3000,Minimum,4471,4471,0.3,-1,64.0625,64.0625,0
1786441881655,3000,Minimum,4471,4471,0.3,-1,64.0625,64.0625,0
1786441881756,3000,Minimum,4471,4471,0.3,-1,64.0625,64.0625,0
1786441881855,3000,Minimum,4471,4471,0.3,-1,64.0625,64.0625,0
1786441881956,3000,Minimum,4471,4471,0.3,-1,64.0625,64.0625,0
1786441882055,3000,Minimum,4471,4471,0.3,-1,64.0625,64.0625,0
1786441882155,3000,Minimum,4471,4471,0.3,-1,64,64,0
1786441882255,3000,Minimum,4471,4471,0.3,-1,64,64,0
1786441882355,3000,Minimum,4471,4471,0.3,-1,64,64,0
1786441882454,3000,Minimum,4471,4471,0.3,-1,64,64,0
1786441882555,3000,Minimum,4471,4471,0.3,-1,64,64,0
1786441882655,3000,Minimum,4471,4471,0.3,-1,64,64,0
1786441882755,3000,Minimum,4471,4471,0.3,-1,64,64,0
1786441882855,3000,Minimum,4471,4471,0.3,-1,64,64,0
1786441882955,3000,Minimum,4471,4471,0.3,-1,64,64,0
1786441883055,3000,Minimum,4471,4471,0.3,-1,64,64,0
1786441883155,3000,Minimum,4471,4471,0.3,-1,64,64,0
1786441883255,3000,Minimum,4471,4471,0.3,-1,64,64,0
1786441883355,3000,Minimum,4471,4471,0.3,-1,64,64,0
1786441883455,3000,Minimum,4471,4471,0.3,-1,64,64,0
1786441883555,3000,Minimum,4471,4471,0.3,-1,64,64,0
1786441883655,3000,Minimum,4471,4471,0.3,-1,64,64,0
1786441883755,3000,Minimum,4471,4471,0.3,-1,64,64,0
1786441883855,3000,Minimum,4471,4471,0.3,-1,64,64,0
1786441883955,3000,Minimum,4471,4471,0.3,-1,64,64,0
1786441884055,3000,Minimum,4471,4471,0.3,-1,64,64,0
1786441884155,3000,Minimum,4471,4471,0.3,-1,64,64,0
1786441884255,3000,Minimum,4471,4471,0.3,-1,64,64,0
1786441884355,3000,Minimum,4471,4471,0.3,-1,64,64,0
1786441884455,3000,Minimum,4471,4471,0.3,-1,64,64,0
1786441884555,3000,Minimum,4471,4471,0.3,-1,64,64,0
1786441884655,3000,Minimum,4471,4471,0.3,-1,64,64,0
1786441884755,3000,Minimum,4471,4471,0.3,-1,64,64,0
1786441884855,3000,Minimum,4471,4471,0.3,-1,64,64,0
1786441884955,3000,Minimum,4471,4471,0.3,-1,64,64,0
1786441885055,3000,Minimum,4471,4471,0.3,-1,64,64,0
1786441885155,3000,Minimum,4471,4471,0.3,-1,64.0625,64.0625,0
1786441885255,3000,Minimum,4471,4471,0.3,-1,64.0625,64.0625,0
1786441885355,3000,Minimum,4471,4471,0.3,-1,64.0625,64.0625,0
1786441885455,3000,Minimum,4471,4471,0.3,-1,64.0625,64.0625,0
1786441885555,3000,Minimum,4471,4471,0.3,-1,64.0625,64.0625,0
1786441885655,3000,Minimum,4471,4471,0.3,-1,64.0625,64.0625,0
1786441885755,3000,Minimum,4471,4471,0.3,-1,64.0625,64.0625,0
1786441885855,3000,Minimum,4471,4471,0.3,-1,64.0625,64.0625,0
1786441885955,3000,Minimum,4471,4471,0.3,-1,64.0625,64.0625,0
1786441886055,3000,Minimum,4471,4471,0.3,-1,64.0625,64.0625,0
1786441886155,3000,Minimum,4471,4471,0.3,-1,64.0625,64.0625,0
1786441886254,3000,Minimum,4471,4471,0.3,-1,64.0625,64.0625,0
1786441886355,3000,Minimum,4471,4471,0.3,-1,64.0625,64.0625,0
1786441886455,3000,Minimum,4471,4471,0.3,-1,64.0625,64.0625,0
1786441886554,3000,Minimum,4471,4471,0.3,-1,64.0625,64.0625,0
1786441886654,3000,Minimum,4471,4471,0.3,-1,64.0625,64.0625,0
1786441886755,3000,Minimum,4471,4471,0.3,-1,64.0625,64.0625,0
1786441886855,3000,Minimum,4471,4471,0.3,-1,64.0625,64.0625,0
1786441886955,3000,Minimum,4471,4471,0.3,-1,64.0625,64.0625,0
1786441887055,3000,Minimum,4471,4471,0.3,-1,64.0625,64.0625,0
1786441887155,3000,Minimum,4471,4471,0.3,-1,64,64,0
1786441887254,3000,Minimum,4471,4471,0.3,-1,64,64,0
1786441887355,3000,Minimum,4471,4471,0.3,-1,64,64,0
1786441887455,3000,Minimum,4471,4471,0.3,-1,64,64,0
1786441887554,3000,Minimum,4471,4471,0.3,-1,64,64,0
1786441887654,3000,Minimum,4471,4471,0.3,-1,64,64,0
1786441887755,3000,Minimum,4471,4471,0.3,-1,64,64,0
1786441887854,3000,Minimum,4471,4471,0.3,-1,64,64,0
1786441887955,3000,Minimum,4471,4471,0.3,-1,64,64,0
1786441888054,3000,Minimum,4471,4471,0.3,-1,64,64,0
1786441888154,3000,Minimum,4471,4471,0.3,-1,64.0625,64.0625,0
1786441888254,3000,Minimum,4471,4471,0.3,-1,64.0625,64.0625,0
1786441888354,3000,Minimum,4471,4471,0.3,-1,64.0625,64.0625,0
1786441888454,3000,Minimum,4471,4471,0.3,-1,64.0625,64.0625,0
1786441888554,3000,Minimum,4471,4471,0.3,-1,64.0625,64.0625,0
1786441888654,3000,Minimum,4471,4471,0.3,-1,64.0625,64.0625,0
1786441888754,3000,Minimum,4471,4471,0.3,-1,64.0625,64.0625,0
1786441888854,3000,Minimum,4471,4471,0.3,-1,64.0625,64.0625,0
1786441888954,3000,Minimum,4471,4471,0.3,-1,64.0625,64.0625,0
1786441889054,3000,Minimum,4471,4471,0.3,-1,64.0625,64.0625,0
1786441889154,3000,Minimum,4471,4471,0.3,-1,64.125,64.125,0
1786441889254,3000,Minimum,4471,4471,0.3,-1,64.125,64.125,0
1786441889354,3000,Minimum,4471,4471,0.3,-1,64.125,64.125,0
1786441889454,3000,Minimum,4471,4471,0.3,-1,64.125,64.125,0
1786441889554,3000,Minimum,4471,4471,0.3,-1,64.125,64.125,0
1786441889654,3000,Minimum,4471,4471,0.3,-1,64.125,64.125,0
1786441889754,3000,Minimum,4471,4471,0.3,-1,64.125,64.125,0
1786441889854,3000,Minimum,4471,4471,0.3,-1,64.125,64.125,0
1786441889954,3000,Minimum,4471,4471,0.3,-1,64.125,64.125,0
1786441890054,3000,Minimum,4471,4471,0.3,-1,64.125,64.125,0
1786441890154,3000,Minimum,4471,4471,0.3,-1,64,64,0
1786441890254,3000,Minimum,4471,4471,0.3,-1,64,64,0
1786441890354,3000,Minimum,4471,4471,0.3,-1,64,64,0
1786441890454,3000,Minimum,4471,4471,0.3,-1,64,64,0
1786441890554,3000,Minimum,4471,4471,0.3,-1,64,64,0
1786441890654,3000,Minimum,4471,4471,0.3,-1,64,64,0
1786441890754,3000,Minimum,4471,4471,0.3,-1,64,64,0
1786441890854,3000,Minimum,4471,4471,0.3,-1,64,64,0
1786441890954,3000,Minimum,4471,4471,0.3,-1,64,64,0
1786441891054,3000,Minimum,4471,4471,0.3,-1,64,64,0
1786441891154,3000,Minimum,4471,4471,0.3,-1,64.125,64.125,0
1786441891254,3000,Minimum,4471,4471,0.3,-1,64.125,64.125,0
1786441891354,3000,Minimum,4471,4471,0.3,-1,64.125,64.125,0
1786441891454,3000,Minimum,4471,4471,0.3,-1,64.125,64.125,0
1786441891554,3000,Minimum,4471,4471,0.3,-1,64.125,64.125,0
1786441891654,3000,Minimum,4471,4471,0.3,-1,64.125,64.125,0
1786441891754,3000,Minimum,4471,4471,0.3,-1,64.125,64.125,0
1786441891854,3000,Minimum,4471,4471,0.3,-1,64.125,64.125,0
1786441891954,3000,Minimum,4471,4471,0.3,-1,64.125,64.125,0
1786441892054,3000,Minimum,4471,4471,0.3,-1,64.125,64.125,0
1786441892154,3000,Minimum,4471,4471,0.3,-1,64.0625,64.0625,0
1786441892254,3000,Minimum,4471,4471,0.3,-1,64.0625,64.0625,0
1786441892354,3000,Minimum,4471,4471,0.3,-1,64.0625,64.0625,0
1786441892454,3000,Minimum,4471,4471,0.3,-1,64.0625,64.0625,0
1786441892554,3000,Minimum,4471,4471,0.3,-1,64.0625,64.0625,0
1786441892654,3000,Minimum,4471,4471,0.3,-1,64.0625,64.0625,0
1786441892754,3000,Minimum,4471,4471,0.3,-1,64.0625,64.0625,0
1786441892854,3000,Minimum,4471,4471,0.3,-1,64.0625,64.0625,0
1786441892954,3000,Minimum,4471,4471,0.3,-1,64.0625,64.0625,0
1786441893054,3000,Minimum,4471,4471,0.3,-1,64.0625,64.0625,0
1786441893154,3000,Minimum,4471,4471,0.3,-1,64.0625,64.0625,0
1786441893254,3000,Minimum,4471,4471,0.3,-1,64.0625,64.0625,0
1786441893354,3000,Minimum,4471,4471,0.3,-1,64.0625,64.0625,0
1786441893454,3000,Minimum,4471,4471,0.3,-1,64.0625,64.0625,0
1786441893554,3000,Minimum,4471,4471,0.3,-1,64.0625,64.0625,0
1786441893654,3000,Minimum,4471,4471,0.3,-1,64.0625,64.0625,0
1786441893754,3000,Minimum,4471,4471,0.3,-1,64.0625,64.0625,0
1786441893854,3000,Minimum,4471,4471,0.3,-1,64.0625,64.0625,0
1786441893954,3000,Minimum,4471,4471,0.3,-1,64.0625,64.0625,0
1786441894054,3000,Minimum,4471,4471,0.3,-1,64.0625,64.0625,0
1786441894154,3000,Minimum,4471,4471,0.3,-1,64.125,64.125,0
1786441894254,3000,Minimum,4471,4471,0.3,-1,64.125,64.125,0
1786441894354,3000,Minimum,4471,4471,0.3,-1,64.125,64.125,0
1786441894454,3000,Minimum,4471,4471,0.3,-1,64.125,64.125,0
1786441894554,3000,Minimum,4471,4471,0.3,-1,64.125,64.125,0
1786441894654,3000,Minimum,4471,4471,0.3,-1,64.125,64.125,0
1786441894754,3000,Minimum,4471,4471,0.3,-1,64.125,64.125,0
1786441894854,3000,Minimum,4471,4471,0.3,-1,64.125,64.125,0
1786441894954,3000,Minimum,4471,4471,0.3,-1,64.125,64.125,0
1786441895054,3000,Minimum,4471,4471,0.3,-1,64.125,64.125,0
1786441895154,3000,Minimum,4471,4471,0.3,-1,64.0625,64.0625,0
1786441895254,3000,Minimum,4471,4471,0.3,-1,64.0625,64.0625,0
1786441895354,3000,Minimum,4471,4471,0.3,-1,64.0625,64.0625,0
1786441895454,3000,Minimum,4471,4471,0.3,-1,64.0625,64.0625,0
1786441895554,3000,Minimum,4471,4471,0.3,-1,64.0625,64.0625,0
1786441895654,3000,Minimum,4471,4471,0.3,-1,64.0625,64.0625,0
1786441895754,3000,Minimum,4471,4471,0.3,-1,64.0625,64.0625,0
1786441895854,3000,Minimum,4471,4471,0.3,-1,64.0625,64.0625,0
1786441895954,3000,Minimum,4471,4471,0.3,-1,64.0625,64.0625,0
1786441896054,3000,Minimum,4471,4471,0.3,-1,64.0625,64.0625,0
1786441896154,3000,Minimum,4471,4471,0.3,-1,64.0625,64.0625,0
1786441896254,3000,Minimum,4471,4471,0.3,-1,64.0625,64.0625,0
1786441896354,3000,Minimum,4471,4471,0.3,-1,64.0625,64.0625,0
1786441896454,3000,Minimum,4471,4471,0.3,-1,64.0625,64.0625,0
1786441896554,3000,Minimum,4471,4471,0.3,-1,64.0625,64.0625,0
1786441896654,3000,Minimum,4471,4471,0.3,-1,64.0625,64.0625,0
1786441896754,3000,Minimum,4471,4471,0.3,-1,64.0625,64.0625,0
1786441896854,3000,Minimum,4471,4471,0.3,-1,64.0625,64.0625,0
1786441896954,3000,Minimum,4471,4471,0.3,-1,64.0625,64.0625,0
1786441897054,3000,Minimum,4471,4471,0.3,-1,64.0625,64.0625,0
1786441897154,3000,Minimum,4471,4471,0.3,-1,64.0625,64.0625,0
1786441897254,3000,Minimum,4471,4471,0.3,-1,64.0625,64.0625,0
1786441897354,3000,Minimum,4471,4471,0.3,-1,64.0625,64.0625,0
1786441897454,3000,Minimum,4471,4471,0.3,-1,64.0625,64.0625,0
1786441897554,3000,Minimum,4471,4471,0.3,-1,64.0625,64.0625,0
1786441897654,3000,Minimum,4471,4471,0.3,-1,64.0625,64.0625,0
1786441897754,3000,Minimum,4471,4471,0.3,-1,64.0625,64.0625,0
1786441897854,3000,Minimum,4471,4471,0.3,-1,64.0625,64.0625,0
1786441897954,3000,Minimum,4471,4471,0.3,-1,64.0625,64.0625,0
1786441898054,3000,Minimum,4471,4471,0.3,-1,64.0625,64.0625,0
1786441898154,3000,Minimum,4471,4471,0.3,-1,64.1875,64.1875,0
1786441898254,3000,Minimum,4471,4471,0.3,-1,64.1875,64.1875,0
1786441898354,3000,Minimum,4471,4471,0.3,-1,64.1875,64.1875,0
1786441898454,3000,Minimum,4471,4471,0.3,-1,64.1875,64.1875,0
1786441898554,3000,Minimum,4471,4471,0.3,-1,64.1875,64.1875,0
1786441898654,3000,Minimum,4471,4471,0.3,-1,64.1875,64.1875,0
1786441898754,3000,Minimum,4471,4471,0.3,-1,64.1875,64.1875,0
1786441898854,3000,Minimum,4471,4471,0.3,-1,64.1875,64.1875,0
1786441898954,3000,Minimum,4471,4471,0.3,-1,64.1875,64.1875,0
1786441899054,3000,Minimum,4471,4471,0.3,-1,64.1875,64.1875,0
1786441899154,3000,Minimum,4471,4471,0.3,-1,64.125,64.125,0
1786441899254,3000,Minimum,4471,4471,0.3,-1,64.125,64.125,0
1786441899354,3000,Minimum,4471,4471,0.3,-1,64.125,64.125,0
1786441899454,3000,Minimum,4471,4471,0.3,-1,64.125,64.125,0
1786441899554,3000,Minimum,4471,4471,0.3,-1,64.125,64.125,0
1786441899654,3000,Minimum,4471,4471,0.3,-1,64.125,64.125,0
1786441899754,3000,Minimum,4471,4471,0.3,-1,64.125,64.125,0
1786441899854,3000,Minimum,4471,4471,0.3,-1,64.125,64.125,0
1786441899954,3000,Minimum,4471,4471,0.3,-1,64.125,64.125,0
1786441900054,3000,Minimum,4471,4471,0.3,-1,64.125,64.125,0
1786441900154,3000,Minimum,4471,4471,0.3,-1,64.1875,64.1875,0
1786441900254,3000,Minimum,4471,4471,0.3,-1,64.1875,64.1875,0
1786441900354,3000,Minimum,4471,4471,0.3,-1,64.1875,64.1875,0
1786441900454,3000,Minimum,4471,4471,0.3,-1,64.1875,64.1875,0
1786441900554,3000,Minimum,4471,4471,0.3,-1,64.1875,64.1875,0
1786441900654,3000,Minimum,4471,4471,0.3,-1,64.1875,64.1875,0
1786441900754,3000,Minimum,4471,4471,0.3,-1,64.1875,64.1875,0
1786441900854,3000,Minimum,4471,4471,0.3,-1,64.1875,64.1875,0
1786441900954,3000,Minimum,4471,4471,0.3,-1,64.1875,64.1875,0
1786441901054,3000,Minimum,4471,4471,0.3,-1,64.1875,64.1875,0
1786441901154,3000,Minimum,4471,4471,0.3,-1,64.1875,64.1875,0
1786441901254,3000,Minimum,4471,4471,0.3,-1,64.1875,64.1875,0
1786441901354,3000,Minimum,4471,4471,0.3,-1,64.1875,64.1875,0
1786441901454,3000,Minimum,4471,4471,0.3,-1,64.1875,64.1875,0
1786441901554,3000,Minimum,4471,4471,0.3,-1,64.1875,64.1875,0
1786441901654,3000,Minimum,4471,4471,0.3,-1,64.1875,64.1875,0
1786441901754,3000,Minimum,4471,4471,0.3,-1,64.1875,64.1875,0
1786441901854,3000,Minimum,4471,4471,0.3,-1,64.1875,64.1875,0
1786441901954,3000,Minimum,4471,4471,0.3,-1,64.1875,64.1875,0
1786441902054,3000,Minimum,4471,4471,0.3,-1,64.1875,64.1875,0
1786441902154,3000,Minimum,4471,4471,0.3,-1,64.1875,64.1875,0
1786441902254,3000,Minimum,4471,4471,0.3,-1,64.1875,64.1875,0
1786441902354,3000,Minimum,4471,4471,0.3,-1,64.1875,64.1875,0
1786441902454,3000,Minimum,4471,4471,0.3,-1,64.1875,64.1875,0
1786441902554,3000,Minimum,4471,4471,0.3,-1,64.1875,64.1875,0
1786441902654,3000,Minimum,4471,4471,0.3,-1,64.1875,64.1875,0
1786441902754,3000,Minimum,4471,4471,0.3,-1,64.1875,64.1875,0
1786441902854,3000,Minimum,4471,4471,0.3,-1,64.1875,64.1875,0
1786441902954,3000,Minimum,4471,4471,0.3,-1,64.1875,64.1875,0
1786441903054,3000,Minimum,4471,4471,0.3,-1,64.1875,64.1875,0
1786441903154,3000,Minimum,4471,4471,0.3,-1,64.125,64.125,0
1786441903254,3000,Minimum,4471,4471,0.3,-1,64.125,64.125,0
1786441903354,3000,Minimum,4471,4471,0.3,-1,64.125,64.125,0
1786441903454,3000,Minimum,4471,4471,0.3,-1,64.125,64.125,0
1786441903554,3000,Minimum,4471,4471,0.3,-1,64.125,64.125,0
1786441903654,3000,Minimum,4471,4471,0.3,-1,64.125,64.125,0
1786441903754,3000,Minimum,4471,4471,0.3,-1,64.125,64.125,0
1786441903854,3000,Minimum,4471,4471,0.3,-1,64.125,64.125,0
1786441903954,3000,Minimum,4471,4471,0.3,-1,64.125,64.125,0
1786441904054,3000,Minimum,4471,4471,0.3,-1,64.125,64.125,0
1786441904154,3000,Minimum,4471,4471,0.3,-1,64.125,64.125,0
1786441904254,3000,Minimum,4471,4471,0.3,-1,64.125,64.125,0
1786441904354,3000,Minimum,4471,4471,0.3,-1,64.125,64.125,0
1786441904454,3000,Minimum,4471,4471,0.3,-1,64.125,64.125,0
1786441904554,3000,Minimum,4471,4471,0.3,-1,64.125,64.125,0
1786441904654,3000,Minimum,4471,4471,0.3,-1,64.125,64.125,0
1786441904754,3000,Minimum,4471,4471,0.3,-1,64.125,64.125,0
1786441904854,3000,Minimum,4471,4471,0.3,-1,64.125,64.125,0
1786441904954,3000,Minimum,4471,4471,0.3,-1,64.125,64.125,0
1786441905054,3000,Minimum,4471,4471,0.3,-1,64.125,64.125,0
1786441905154,3000,Minimum,4471,4471,0.3,-1,64.1875,64.1875,0
1786441905254,3000,Minimum,4471,4471,0.3,-1,64.1875,64.1875,0
1786441905354,3000,Minimum,4471,4471,0.3,-1,64.1875,64.1875,0
1786441905454,3000,Minimum,4471,4471,0.3,-1,64.1875,64.1875,0
1786441905554,3000,Minimum,4471,4471,0.3,-1,64.1875,64.1875,0
1786441905654,3000,Minimum,4471,4471,0.3,-1,64.1875,64.1875,0
1786441905754,3000,Minimum,4471,4471,0.3,-1,64.1875,64.1875,0
1786441905854,3000,Minimum,4471,4471,0.3,-1,64.1875,64.1875,0
1786441905954,3000,Minimum,4471,4471,0.3,-1,64.1875,64.1875,0
1786441906054,3000,Minimum,4471,4471,0.3,-1,64.1875,64.1875,0
1786441906154,3000,Minimum,4471,4471,0.3,-1,64.25,64.25,0
1786441906254,3000,Minimum,4471,4471,0.3,-1,64.25,64.25,0
1786441906354,3000,Minimum,4471,4471,0.3,-1,64.25,64.25,0
1786441906454,3000,Minimum,4471,4471,0.3,-1,64.25,64.25,0
1786441906554,3000,Minimum,4471,4471,0.3,-1,64.25,64.25,0
1786441906654,3000,Minimum,4471,4471,0.3,-1,64.25,64.25,0
1786441906754,3000,Minimum,4471,4471,0.3,-1,64.25,64.25,0
1786441906854,3000,Minimum,4471,4471,0.3,-1,64.25,64.25,0
1786441906954,3000,Minimum,4471,4471,0.3,-1,64.25,64.25,0
1786441907054,3000,Minimum,4471,4471,0.3,-1,64.25,64.25,0
1786441907154,3000,Minimum,4471,4471,0.3,-1,64.1875,64.1875,0
1786441907254,3000,Minimum,4471,4471,0.3,-1,64.1875,64.1875,0
1786441907354,3000,Minimum,4471,4471,0.3,-1,64.1875,64.1875,0
1786441907454,3000,Minimum,4471,4471,0.3,-1,64.1875,64.1875,0
1786441907554,3000,Minimum,4471,4471,0.3,-1,64.1875,64.1875,0
1786441907654,3000,Minimum,4471,4471,0.3,-1,64.1875,64.1875,0
1786441907754,3000,Minimum,4471,4471,0.3,-1,64.1875,64.1875,0
1786441907854,3000,Minimum,4471,4471,0.3,-1,64.1875,64.1875,0
1786441907954,3000,Minimum,4471,4471,0.3,-1,64.1875,64.1875,0
1786441908054,3000,Minimum,4471,4471,0.3,-1,64.1875,64.1875,0
1786441908154,3000,Minimum,4471,4471,0.3,-1,64.1875,64.1875,0
1786441908254,3000,Minimum,4471,4471,0.3,-1,64.1875,64.1875,0
1786441908354,3000,Minimum,4471,4471,0.3,-1,64.1875,64.1875,0
1786441908454,3000,Minimum,4471,4471,0.3,-1,64.1875,64.1875,0
1786441908554,3000,Minimum,4471,4471,0.3,-1,64.1875,64.1875,0
1786441908654,3000,Minimum,4471,4471,0.3,-1,64.1875,64.1875,0
1786441908754,3000,Minimum,4471,4471,0.3,-1,64.1875,64.1875,0
1786441908854,3000,Minimum,4471,4471,0.3,-1,64.1875,64.1875,0
1786441908954,3000,Minimum,4471,4471,0.3,-1,64.1875,64.1875,0
1786441909054,3000,Minimum,4471,4471,0.3,-1,64.1875,64.1875,0
1786441909154,3000,Minimum,4471,4471,0.3,-1,64.125,64.125,0
1786441909254,3000,Minimum,4471,4471,0.3,-1,64.125,64.125,0
1786441909354,3000,Minimum,4471,4471,0.3,-1,64.125,64.125,0
1786441909454,3000,Minimum,4471,4471,0.3,-1,64.125,64.125,0
1786441909554,3000,Minimum,4471,4471,0.3,-1,64.125,64.125,0
1786441909654,3000,Minimum,4471,4471,0.3,-1,64.125,64.125,0
1786441909754,3000,Minimum,4471,4471,0.3,-1,64.125,64.125,0
1786441909854,3000,Minimum,4471,4471,0.3,-1,64.125,64.125,0
1786441909954,3000,Minimum,4471,4471,0.3,-1,64.125,64.125,0
1786441910054,3000,Minimum,4471,4471,0.3,-1,64.125,64.125,0
1786441910154,3000,Minimum,4471,4471,0.3,-1,64.25,64.25,0
1786441910254,3000,Minimum,4471,4471,0.3,-1,64.25,64.25,0
1786441910354,3000,Minimum,4471,4471,0.3,-1,64.25,64.25,0
1786441910454,3000,Minimum,4471,4471,0.3,-1,64.25,64.25,0
1786441910554,3000,Minimum,4471,4471,0.3,-1,64.25,64.25,0
1786441910654,3000,Minimum,4471,4471,0.3,-1,64.25,64.25,0
1786441910754,3000,Minimum,4471,4471,0.3,-1,64.25,64.25,0
1786441910854,3000,Minimum,4471,4471,0.3,-1,64.25,64.25,0
1786441910954,3000,Minimum,4471,4471,0.3,-1,64.25,64.25,0
1786441911054,3000,Minimum,4471,4471,0.3,-1,64.25,64.25,0
1786441911154,3000,Minimum,4471,4471,0.3,-1,64.1875,64.1875,0
1786441911254,3000,Minimum,4471,4471,0.3,-1,64.1875,64.1875,0
1786441911354,3000,Minimum,4471,4471,0.3,-1,64.1875,64.1875,0
1786441911454,3000,Minimum,4471,4471,0.3,-1,64.1875,64.1875,0
1786441911554,3000,Minimum,4471,4471,0.3,-1,64.1875,64.1875,0
1786441911654,3000,Minimum,4471,4471,0.3,-1,64.1875,64.1875,0
1786441911754,3000,Minimum,4471,4471,0.3,-1,64.1875,64.1875,0
1786441911854,3000,Minimum,4471,4471,0.3,-1,64.1875,64.1875,0
1786441911954,3000,Minimum,4471,4471,0.3,-1,64.1875,64.1875,0
1786441912056,3000,Minimum,4471,4471,0.3,-1,64.1875,64.1875,0
1786441912156,3000,Minimum,4471,4471,0.3,-1,64.1875,64.1875,0
1786441912256,3000,Minimum,4471,4471,0.3,-1,64.1875,64.1875,0
1786441912356,3000,Minimum,4471,4471,0.3,-1,64.1875,64.1875,0
1786441912456,3000,Minimum,4471,4471,0.3,-1,64.1875,64.1875,0
1786441912556,3000,Minimum,4471,4471,0.3,-1,64.1875,64.1875,0
1786441912656,3000,Minimum,4471,4471,0.3,-1,64.1875,64.1875,0
1786441912755,3000,Minimum,4471,4471,0.3,-1,64.1875,64.1875,0
1786441912856,3000,Minimum,4471,4471,0.3,-1,64.1875,64.1875,0
1786441912956,3000,Minimum,4471,4471,0.3,-1,64.1875,64.1875,0
1786441913055,3000,Minimum,4471,4471,0.3,-1,64.1875,64.1875,0
1786441913155,3000,Minimum,4471,4471,0.3,-1,64.125,64.125,0
1786441913256,3000,Minimum,4471,4471,0.3,-1,64.125,64.125,0
1786441913355,3000,Minimum,4471,4471,0.3,-1,64.125,64.125,0
1786441913455,3000,Minimum,4471,4471,0.3,-1,64.125,64.125,0
1786441913555,3000,Minimum,4471,4471,0.3,-1,64.125,64.125,0
1786441913656,3000,Minimum,4471,4471,0.3,-1,64.125,64.125,0
1786441913755,3000,Minimum,4471,4471,0.3,-1,64.125,64.125,0
1786441913856,3000,Minimum,4471,4471,0.3,-1,64.125,64.125,0
1786441913956,3000,Minimum,4471,4471,0.3,-1,64.125,64.125,0
1786441914055,3000,Minimum,4471,4471,0.3,-1,64.125,64.125,0
1786441914154,3000,Minimum,4471,4471,0.3,-1,64.125,64.125,0
1786441914255,3000,Minimum,4471,4471,0.3,-1,64.125,64.125,0
1786441914355,3000,Minimum,4471,4471,0.3,-1,64.125,64.125,0
1786441914455,3000,Minimum,4471,4471,0.3,-1,64.125,64.125,0
1786441914555,3000,Minimum,4471,4471,0.3,-1,64.125,64.125,0
1786441914655,3000,Minimum,4471,4471,0.3,-1,64.125,64.125,0
1786441914755,3000,Minimum,4471,4471,0.3,-1,64.125,64.125,0
1786441914855,3000,Minimum,4471,4471,0.3,-1,64.125,64.125,0
1786441914955,3000,Minimum,4471,4471,0.3,-1,64.125,64.125,0
1786441915055,3000,Minimum,4471,4471,0.3,-1,64.125,64.125,0
1786441915155,3000,Minimum,4471,4471,0.3,-1,64.3125,64.3125,0
1786441915255,3000,Minimum,4471,4471,0.3,-1,64.3125,64.3125,0
1786441915355,3000,Minimum,4471,4471,0.3,-1,64.3125,64.3125,0
1786441915455,3000,Minimum,4471,4471,0.3,-1,64.3125,64.3125,0
1786441915555,3000,Minimum,4471,4471,0.3,-1,64.3125,64.3125,0
1786441915655,3000,Minimum,4471,4471,0.3,-1,64.3125,64.3125,0
1786441915755,3000,Minimum,4471,4471,0.3,-1,64.3125,64.3125,0
1786441915855,3000,Minimum,4471,4471,0.3,-1,64.3125,64.3125,0
1786441915955,3000,Minimum,4471,4471,0.3,-1,64.3125,64.3125,0
1786441916055,3000,Minimum,4471,4471,0.3,-1,64.3125,64.3125,0
1786441916155,3000,Minimum,4471,4471,0.3,-1,64.375,64.375,0
1786441916255,3000,Minimum,4471,4471,0.3,-1,64.375,64.375,0
1786441916355,3000,Minimum,4471,4471,0.3,-1,64.375,64.375,0
1786441916455,3000,Minimum,4471,4471,0.3,-1,64.375,64.375,0
1786441916555,3000,Minimum,4471,4471,0.3,-1,64.375,64.375,0
1786441916655,3000,Minimum,4471,4471,0.3,-1,64.375,64.375,0
1786441916755,3000,Minimum,4471,4471,0.3,-1,64.375,64.375,0
1786441916855,3000,Minimum,4471,4471,0.3,-1,64.375,64.375,0
1786441916955,3000,Minimum,4471,4471,0.3,-1,64.375,64.375,0
1786441917055,3000,Minimum,4471,4471,0.3,-1,64.375,64.375,0
1786441917155,3000,Minimum,4471,4471,0.3,-1,64.25,64.25,0
1786441917255,3000,Minimum,4471,4471,0.3,-1,64.25,64.25,0
1786441917355,3000,Minimum,4471,4471,0.3,-1,64.25,64.25,0
1786441917455,3000,Minimum,4471,4471,0.3,-1,64.25,64.25,0
1786441917555,3000,Minimum,4471,4471,0.3,-1,64.25,64.25,0
1786441917655,3000,Minimum,4471,4471,0.3,-1,64.25,64.25,0
1786441917755,3000,Minimum,4471,4471,0.3,-1,64.25,64.25,0
1786441917855,3000,Minimum,4471,4471,0.3,-1,64.25,64.25,0
1786441917955,3000,Minimum,4471,4471,0.3,-1,64.25,64.25,0
1786441918055,3000,Minimum,4471,4471,0.3,-1,64.25,64.25,0
1786441918154,3000,Minimum,4471,4471,0.3,-1,64.25,64.25,0
1786441918254,3000,Minimum,4471,4471,0.3,-1,64.25,64.25,0
1786441918355,3000,Minimum,4471,4471,0.3,-1,64.25,64.25,0
1786441918455,3000,Minimum,4471,4471,0.3,-1,64.25,64.25,0
1786441918555,3000,Minimum,4471,4471,0.3,-1,64.25,64.25,0
1786441918655,3000,Minimum,4471,4471,0.3,-1,64.25,64.25,0
1786441918755,3000,Minimum,4471,4471,0.3,-1,64.25,64.25,0
1786441918854,3000,Minimum,4471,4471,0.3,-1,64.25,64.25,0
1786441918955,3000,Minimum,4471,4471,0.3,-1,64.25,64.25,0
1786441919055,3000,Minimum,4471,4471,0.3,-1,64.25,64.25,0
1786441919154,3000,Minimum,4471,4471,0.3,-1,64.25,64.25,0
1786441919254,3000,Minimum,4471,4471,0.3,-1,64.25,64.25,0
1786441919354,3000,Minimum,4471,4471,0.3,-1,64.25,64.25,0
1786441919455,3000,Minimum,4471,4471,0.3,-1,64.25,64.25,0
1786441919555,3000,Minimum,4471,4471,0.3,-1,64.25,64.25,0
1786441919654,3000,Minimum,4471,4471,0.3,-1,64.25,64.25,0
1786441919754,3000,Minimum,4471,4471,0.3,-1,64.25,64.25,0
1786441919855,3000,Minimum,4471,4471,0.3,-1,64.25,64.25,0
1786441919954,3000,Minimum,4471,4471,0.3,-1,64.25,64.25,0
1786441920054,3000,Minimum,4471,4471,0.3,-1,64.25,64.25,0
1786441920154,3000,Minimum,4471,4471,0.3,-1,64.25,64.25,0
1786441920254,3000,Minimum,4471,4471,0.3,-1,64.25,64.25,0
1786441920354,3000,Minimum,4471,4471,0.3,-1,64.25,64.25,0
1786441920454,3000,Minimum,4471,4471,0.3,-1,64.25,64.25,0
1786441920554,3000,Minimum,4471,4471,0.3,-1,64.25,64.25,0
1786441920654,3000,Minimum,4471,4471,0.3,-1,64.25,64.25,0
1786441920754,3000,Minimum,4471,4471,0.3,-1,64.25,64.25,0
1786441920854,3000,Minimum,4471,4471,0.3,-1,64.25,64.25,0
1786441920954,3000,Minimum,4471,4471,0.3,-1,64.25,64.25,0
1786441921054,3000,Minimum,4471,4471,0.3,-1,64.25,64.25,0
1786441921154,3000,Minimum,4471,4471,0.3,-1,64.25,64.25,0
1786441921254,3000,Minimum,4471,4471,0.3,-1,64.25,64.25,0
1786441921354,3000,Minimum,4471,4471,0.3,-1,64.25,64.25,0
1786441921454,3000,Minimum,4471,4471,0.3,-1,64.25,64.25,0
1786441921554,3000,Minimum,4471,4471,0.3,-1,64.25,64.25,0
1786441921654,3000,Minimum,4471,4471,0.3,-1,64.25,64.25,0
1786441921754,3000,Minimum,4471,4471,0.3,-1,64.25,64.25,0
1786441921854,3000,Minimum,4471,4471,0.3,-1,64.25,64.25,0
1786441921954,3000,Minimum,4471,4471,0.3,-1,64.25,64.25,0
1786441922054,3000,Minimum,4471,4471,0.3,-1,64.25,64.25,0
1786441922154,3000,Minimum,4471,4471,0.3,-1,64.1875,64.1875,0
1786441922254,3000,Minimum,4471,4471,0.3,-1,64.1875,64.1875,0
1786441922354,3000,Minimum,4471,4471,0.3,-1,64.1875,64.1875,0
1786441922454,3000,Minimum,4471,4471,0.3,-1,64.1875,64.1875,0
1786441922554,3000,Minimum,4471,4471,0.3,-1,64.1875,64.1875,0
1786441922654,3000,Minimum,4471,4471,0.3,-1,64.1875,64.1875,0
1786441922754,3000,Minimum,4471,4471,0.3,-1,64.1875,64.1875,0
1786441922854,3000,Minimum,4471,4471,0.3,-1,64.1875,64.1875,0
1786441922954,3000,Minimum,4471,4471,0.3,-1,64.1875,64.1875,0
1786441923054,3000,Minimum,4471,4471,0.3,-1,64.1875,64.1875,0
1786441923154,3000,Minimum,4471,4471,0.3,-1,64.25,64.25,0
1786441923254,3000,Minimum,4471,4471,0.3,-1,64.25,64.25,0
1786441923354,3000,Minimum,4471,4471,0.3,-1,64.25,64.25,0
1786441923454,3000,Minimum,4471,4471,0.3,-1,64.25,64.25,0
1786441923554,3000,Minimum,4471,4471,0.3,-1,64.25,64.25,0
1786441923654,3000,Minimum,4471,4471,0.3,-1,64.25,64.25,0
1786441923754,3000,Minimum,4471,4471,0.3,-1,64.25,64.25,0
1786441923854,3000,Minimum,4471,4471,0.3,-1,64.25,64.25,0
1786441923954,3000,Minimum,4471,4471,0.3,-1,64.25,64.25,0
1786441924054,3000,Minimum,4471,4471,0.3,-1,64.25,64.25,0
1786441924154,3000,Minimum,4471,4471,0.3,-1,64.1875,64.1875,0
1786441924254,3000,Minimum,4471,4471,0.3,-1,64.1875,64.1875,0
1786441924354,3000,Minimum,4471,4471,0.3,-1,64.1875,64.1875,0
1786441924454,3000,Minimum,4471,4471,0.3,-1,64.1875,64.1875,0
1786441924554,3000,Minimum,4471,4471,0.3,-1,64.1875,64.1875,0
1786441924654,3000,Minimum,4471,4471,0.3,-1,64.1875,64.1875,0
1786441924754,3000,Minimum,4471,4471,0.3,-1,64.1875,64.1875,0
1786441924854,3000,Minimum,4471,4471,0.3,-1,64.1875,64.1875,0
1786441924954,3000,Minimum,4471,4471,0.3,-1,64.1875,64.1875,0
1786441925054,3000,Minimum,4471,4471,0.3,-1,64.1875,64.1875,0
1786441925154,3000,Minimum,4471,4471,0.3,-1,64.25,64.25,0
1786441925254,3000,Minimum,4471,4471,0.3,-1,64.25,64.25,0
1786441925354,3000,Minimum,4471,4471,0.3,-1,64.25,64.25,0
1786441925454,3000,Minimum,4471,4471,0.3,-1,64.25,64.25,0
1786441925554,3000,Minimum,4471,4471,0.3,-1,64.25,64.25,0
1786441925654,3000,Minimum,4471,4471,0.3,-1,64.25,64.25,0
1786441925754,3000,Minimum,4471,4471,0.3,-1,64.25,64.25,0
1786441925854,3000,Minimum,4471,4471,0.3,-1,64.25,64.25,0
1786441925954,3000,Minimum,4471,4471,0.3,-1,64.25,64.25,0
1786441926054,3000,Minimum,4471,4471,0.3,-1,64.25,64.25,0
1786441926154,3000,Minimum,4471,4471,0.3,-1,64.25,64.25,0
1786441926254,3000,Minimum,4471,4471,0.3,-1,64.25,64.25,0
1786441926354,3000,Minimum,4471,4471,0.3,-1,64.25,64.25,0
1786441926454,3000,Minimum,4471,4471,0.3,-1,64.25,64.25,0
1786441926554,3000,Minimum,4471,4471,0.3,-1,64.25,64.25,0
1786441926654,3000,Minimum,4471,4471,0.3,-1,64.25,64.25,0
1786441926754,3000,Minimum,4471,4471,0.3,-1,64.25,64.25,0
1786441926854,3000,Minimum,4471,4471,0.3,-1,64.25,64.25,0
1786441926954,3000,Minimum,4471,4471,0.3,-1,64.25,64.25,0
1786441927054,3000,Minimum,4471,4471,0.3,-1,64.25,64.25,0
1786441927154,3000,Minimum,4471,4471,0.3,-1,64.1875,64.1875,0
1786441927254,3000,Minimum,4471,4471,0.3,-1,64.1875,64.1875,0
1786441927354,3000,Minimum,4471,4471,0.3,-1,64.1875,64.1875,0
1786441927454,3000,Minimum,4471,4471,0.3,-1,64.1875,64.1875,0
1786441927554,3000,Minimum,4471,4471,0.3,-1,64.1875,64.1875,0
1786441927654,3000,Minimum,4471,4471,0.3,-1,64.1875,64.1875,0
1786441927754,3000,Minimum,4471,4471,0.3,-1,64.1875,64.1875,0
1786441927854,3000,Minimum,4471,4471,0.3,-1,64.1875,64.1875,0
1786441927954,3000,Minimum,4471,4471,0.3,-1,64.1875,64.1875,0
1786441928054,3000,Minimum,4471,4471,0.3,-1,64.1875,64.1875,0
1786441928154,3000,Minimum,4471,4471,0.3,-1,64.1875,64.1875,0
1786441928254,3000,Minimum,4471,4471,0.3,-1,64.1875,64.1875,0
1786441928354,3000,Minimum,4471,4471,0.3,-1,64.1875,64.1875,0
1786441928454,3000,Minimum,4471,4471,0.3,-1,64.1875,64.1875,0
1786441928554,3000,Minimum,4471,4471,0.3,-1,64.1875,64.1875,0
1786441928654,3000,Minimum,4471,4471,0.3,-1,64.1875,64.1875,0
1786441928754,3000,Minimum,4471,4471,0.3,-1,64.1875,64.1875,0
1786441928854,3000,Minimum,4471,4471,0.3,-1,64.1875,64.1875,0
1786441928954,3000,Minimum,4471,4471,0.3,-1,64.1875,64.1875,0
1786441929054,3000,Minimum,4471,4471,0.3,-1,64.1875,64.1875,0
1786441929154,3000,Minimum,4471,4471,0.3,-1,64.25,64.25,0
1786441929254,3000,Minimum,4471,4471,0.3,-1,64.25,64.25,0
1786441929354,3000,Minimum,4471,4471,0.3,-1,64.25,64.25,0
1786441929454,3000,Minimum,4471,4471,0.3,-1,64.25,64.25,0
1786441929554,3000,Minimum,4471,4471,0.3,-1,64.25,64.25,0
1786441929654,3000,Minimum,4471,4471,0.3,-1,64.25,64.25,0
1786441929754,3000,Minimum,4471,4471,0.3,-1,64.25,64.25,0
1786441929854,3000,Minimum,4471,4471,0.3,-1,64.25,64.25,0
1786441929954,3000,Minimum,4471,4471,0.3,-1,64.25,64.25,0
1786441930054,3000,Minimum,4471,4471,0.3,-1,64.25,64.25,0
1786441930154,3000,Minimum,4471,4471,0.3,-1,64.375,64.375,0
1786441930254,3000,Minimum,4471,4471,0.3,-1,64.375,64.375,0
1786441930354,3000,Minimum,4471,4471,0.3,-1,64.375,64.375,0
1786441930454,3000,Minimum,4471,4471,0.3,-1,64.375,64.375,0
1786441930554,3000,Minimum,4471,4471,0.3,-1,64.375,64.375,0
1786441930654,3000,Minimum,4471,4471,0.3,-1,64.375,64.375,0
1786441930754,3000,Minimum,4471,4471,0.3,-1,64.375,64.375,0
1786441930854,3000,Minimum,4471,4471,0.3,-1,64.375,64.375,0
1786441930954,3000,Minimum,4471,4471,0.3,-1,64.375,64.375,0
1786441931054,3000,Minimum,4471,4471,0.3,-1,64.375,64.375,0
1786441931154,3000,Minimum,4471,4471,0.3,-1,64.3125,64.3125,0
1786441931254,3000,Minimum,4471,4471,0.3,-1,64.3125,64.3125,0
1786441931354,3000,Minimum,4471,4471,0.3,-1,64.3125,64.3125,0
1786441931454,3000,Minimum,4471,4471,0.3,-1,64.3125,64.3125,0
1786441931554,3000,Minimum,4471,4471,0.3,-1,64.3125,64.3125,0
1786441931654,3000,Minimum,4471,4471,0.3,-1,64.3125,64.3125,0
1786441931754,3000,Minimum,4471,4471,0.3,-1,64.3125,64.3125,0
1786441931854,3000,Minimum,4471,4471,0.3,-1,64.3125,64.3125,0
1786441931954,3000,Minimum,4471,4471,0.3,-1,64.3125,64.3125,0
1786441932054,3000,Minimum,4471,4471,0.3,-1,64.3125,64.3125,0
1786441932154,3000,Minimum,4471,4471,0.3,-1,64.1875,64.1875,0
1786441932254,3000,Minimum,4471,4471,0.3,-1,64.1875,64.1875,0
1786441932354,3000,Minimum,4471,4471,0.3,-1,64.1875,64.1875,0
1786441932454,3000,Minimum,4471,4471,0.3,-1,64.1875,64.1875,0
1786441932554,3000,Minimum,4471,4471,0.3,-1,64.1875,64.1875,0
1786441932654,3000,Minimum,4471,4471,0.3,-1,64.1875,64.1875,0
1786441932754,3000,Minimum,4471,4471,0.3,-1,64.1875,64.1875,0
1786441932854,3000,Minimum,4471,4471,0.3,-1,64.1875,64.1875,0
1786441932954,3000,Minimum,4471,4471,0.3,-1,64.1875,64.1875,0
1786441933054,3000,Minimum,4471,4471,0.3,-1,64.1875,64.1875,0
1786441933154,3000,Minimum,4471,4471,0.3,-1,64.25,64.25,0
1786441933254,3000,Minimum,4471,4471,0.3,-1,64.25,64.25,0
1786441933354,3000,Minimum,4471,4471,0.3,-1,64.25,64.25,0
1786441933454,3000,Minimum,4471,4471,0.3,-1,64.25,64.25,0
1786441933554,3000,Minimum,4471,4471,0.3,-1,64.25,64.25,0
1786441933654,3000,Minimum,4471,4471,0.3,-1,64.25,64.25,0
1786441933754,3000,Minimum,4471,4471,0.3,-1,64.25,64.25,0
1786441933854,3000,Minimum,4471,4471,0.3,-1,64.25,64.25,0
1786441933954,3000,Minimum,4471,4471,0.3,-1,64.25,64.25,0
1786441934054,3000,Minimum,4471,4471,0.3,-1,64.25,64.25,0
1786441934154,3000,Minimum,4471,4471,0.3,-1,64.3125,64.3125,0
1786441934254,3000,Minimum,4471,4471,0.3,-1,64.3125,64.3125,0
1786441934354,3000,Minimum,4471,4471,0.3,-1,64.3125,64.3125,0
1786441934454,3000,Minimum,4471,4471,0.3,-1,64.3125,64.3125,0
1786441934554,3000,Minimum,4471,4471,0.3,-1,64.3125,64.3125,0
1786441934654,3000,Minimum,4471,4471,0.3,-1,64.3125,64.3125,0
1786441934754,3000,Minimum,4471,4471,0.3,-1,64.3125,64.3125,0
1786441934854,3000,Minimum,4471,4471,0.3,-1,64.3125,64.3125,0
1786441934954,3000,Minimum,4471,4471,0.3,-1,64.3125,64.3125,0
1786441935054,3000,Minimum,4471,4471,0.3,-1,64.3125,64.3125,0
1786441935154,3000,Minimum,4471,4471,0.3,-1,64.375,64.375,0
1786441935254,3000,Minimum,4471,4471,0.3,-1,64.375,64.375,0
1786441935354,3000,Minimum,4471,4471,0.3,-1,64.375,64.375,0
1786441935454,3000,Minimum,4471,4471,0.3,-1,64.375,64.375,0
1786441935554,3000,Minimum,4471,4471,0.3,-1,64.375,64.375,0
1786441935654,3000,Minimum,4471,4471,0.3,-1,64.375,64.375,0
1786441935754,3000,Minimum,4471,4471,0.3,-1,64.375,64.375,0
1786441935854,3000,Minimum,4471,4471,0.3,-1,64.375,64.375,0
1786441935954,3000,Minimum,4471,4471,0.3,-1,64.375,64.375,0
1786441936054,3000,Minimum,4471,4471,0.3,-1,64.375,64.375,0
1786441936154,3000,Minimum,4471,4471,0.3,-1,64.3125,64.3125,0
1786441936254,3000,Minimum,4471,4471,0.3,-1,64.3125,64.3125,0
1786441936354,3000,Minimum,4471,4471,0.3,-1,64.3125,64.3125,0
1786441936454,3000,Minimum,4471,4471,0.3,-1,64.3125,64.3125,0
1786441936554,3000,Minimum,4471,4471,0.3,-1,64.3125,64.3125,0
1786441936654,3000,Minimum,4471,4471,0.3,-1,64.3125,64.3125,0
1786441936754,3000,Minimum,4471,4471,0.3,-1,64.3125,64.3125,0
1786441936854,3000,Minimum,4471,4471,0.3,-1,64.3125,64.3125,0
1786441936954,3000,Minimum,4471,4471,0.3,-1,64.3125,64.3125,0
1786441937054,3000,Minimum,4471,4471,0.3,-1,64.3125,64.3125,0
1786441937154,3000,Minimum,4471,4471,0.3,-1,64.25,64.25,0
1786441937254,3000,Minimum,4471,4471,0.3,-1,64.25,64.25,0
1786441937354,3000,Minimum,4471,4471,0.3,-1,64.25,64.25,0
1786441937454,3000,Minimum,4471,4471,0.3,-1,64.25,64.25,0
1786441937554,3000,Minimum,4471,4471,0.3,-1,64.25,64.25,0
1786441937654,3000,Minimum,4471,4471,0.3,-1,64.25,64.25,0
1786441937754,3000,Minimum,4471,4471,0.3,-1,64.25,64.25,0
1786441937854,3000,Minimum,4471,4471,0.3,-1,64.25,64.25,0
1786441937954,3000,Minimum,4471,4471,0.3,-1,64.25,64.25,0
1786441938054,3000,Minimum,4471,4471,0.3,-1,64.25,64.25,0
1786441938154,3000,Minimum,4471,4471,0.3,-1,64.25,64.25,0
1786441938254,3000,Minimum,4471,4471,0.3,-1,64.25,64.25,0
1786441938354,3000,Minimum,4471,4471,0.3,-1,64.25,64.25,0
1786441938454,3000,Minimum,4471,4471,0.3,-1,64.25,64.25,0
1786441938554,3000,Minimum,4471,4471,0.3,-1,64.25,64.25,0
1786441938654,3000,Minimum,4471,4471,0.3,-1,64.25,64.25,0
1786441938754,3000,Minimum,4471,4471,0.3,-1,64.25,64.25,0
1786441938854,3000,Minimum,4471,4471,0.3,-1,64.25,64.25,0
1786441938954,3000,Minimum,4471,4471,0.3,-1,64.25,64.25,0
1786441939054,3000,Minimum,4471,4471,0.3,-1,64.25,64.25,0
1786441939154,3000,Minimum,4471,4471,0.3,-1,64.3125,64.3125,0
1786441939254,3000,Minimum,4471,4471,0.3,-1,64.3125,64.3125,0
1786441939354,3000,Minimum,4471,4471,0.3,-1,64.3125,64.3125,0
1786441939454,3000,Minimum,4471,4471,0.3,-1,64.3125,64.3125,0
1786441939554,3000,Minimum,4471,4471,0.3,-1,64.3125,64.3125,0
1786441939654,3000,Minimum,4471,4471,0.3,-1,64.3125,64.3125,0
1786441939754,3000,Minimum,4471,4471,0.3,-1,64.3125,64.3125,0
1786441939854,3000,Minimum,4471,4471,0.3,-1,64.3125,64.3125,0
1786441939954,3000,Minimum,4471,4471,0.3,-1,64.3125,64.3125,0
1786441940054,3000,Minimum,4471,4471,0.3,-1,64.3125,64.3125,0
1786441940154,3000,Minimum,4471,4471,0.3,-1,64.375,64.375,0
1786441940254,3000,Minimum,4471,4471,0.3,-1,64.375,64.375,0
1786441940354,3000,Minimum,4471,4471,0.3,-1,64.375,64.375,0
1786441940454,3000,Minimum,4471,4471,0.3,-1,64.375,64.375,0
1786441940554,3000,Minimum,4471,4471,0.3,-1,64.375,64.375,0
1786441940654,3000,Minimum,4471,4471,0.3,-1,64.375,64.375,0
1786441940754,3000,Minimum,4471,4471,0.3,-1,64.375,64.375,0
1786441940854,3000,Minimum,4471,4471,0.3,-1,64.375,64.375,0
1786441940954,3000,Minimum,4471,4471,0.3,-1,64.375,64.375,0
1786441941054,3000,Minimum,4471,4471,0.3,-1,64.375,64.375,0
1786441941154,3000,Minimum,4471,4471,0.3,-1,64.25,64.25,0
1786441941254,3000,Minimum,4471,4471,0.3,-1,64.25,64.25,0
1786441941354,3000,Minimum,4471,4471,0.3,-1,64.25,64.25,0
1786441941454,3000,Minimum,4471,4471,0.3,-1,64.25,64.25,0
1786441941554,3000,Minimum,4471,4471,0.3,-1,64.25,64.25,0
1786441941654,3000,Minimum,4471,4471,0.3,-1,64.25,64.25,0
1786441941754,3000,Minimum,4471,4471,0.3,-1,64.25,64.25,0
1786441941854,3000,Minimum,4471,4471,0.3,-1,64.25,64.25,0
1786441941954,3000,Minimum,4471,4471,0.3,-1,64.25,64.25,0
1786441942054,3000,Minimum,4471,4471,0.3,-1,64.25,64.25,0
1786441942154,3000,Minimum,4471,4471,0.3,-1,64.3125,64.3125,0
1786441942254,3000,Minimum,4471,4471,0.3,-1,64.3125,64.3125,0
1786441942354,3000,Minimum,4471,4471,0.3,-1,64.3125,64.3125,0
1786441942454,3000,Minimum,4471,4471,0.3,-1,64.3125,64.3125,0
1786441942554,3000,Minimum,4471,4471,0.3,-1,64.3125,64.3125,0
1786441942654,3000,Minimum,4471,4471,0.3,-1,64.3125,64.3125,0
1786441942754,3000,Minimum,4471,4471,0.3,-1,64.3125,64.3125,0
1786441942854,3000,Minimum,4471,4471,0.3,-1,64.3125,64.3125,0
1786441942954,3000,Minimum,4471,4471,0.3,-1,64.3125,64.3125,0
1786441943054,3000,Minimum,4471,4471,0.3,-1,64.3125,64.3125,0
1786441943154,3000,Minimum,4471,4471,0.3,-1,64.375,64.375,0
1786441943254,3000,Minimum,4471,4471,0.3,-1,64.375,64.375,0
1786441943354,3000,Minimum,4471,4471,0.3,-1,64.375,64.375,0
1786441943454,3000,Minimum,4471,4471,0.3,-1,64.375,64.375,0
1786441943554,3000,Minimum,4471,4471,0.3,-1,64.375,64.375,0
1786441943654,3000,Minimum,4471,4471,0.3,-1,64.375,64.375,0
1786441943754,3000,Minimum,4471,4471,0.3,-1,64.375,64.375,0
1786441943854,3000,Minimum,4471,4471,0.3,-1,64.375,64.375,0
1786441943954,3000,Minimum,4471,4471,0.3,-1,64.375,64.375,0
1786441944054,3000,Minimum,4471,4471,0.3,-1,64.375,64.375,0
1786441944154,3000,Minimum,4471,4471,0.3,-1,64.3125,64.3125,0
1786441944254,3000,Minimum,4471,4471,0.3,-1,64.3125,64.3125,0
1786441944354,3000,Minimum,4471,4471,0.3,-1,64.3125,64.3125,0
1786441944454,3000,Minimum,4471,4471,0.3,-1,64.3125,64.3125,0
1786441944554,3000,Minimum,4471,4471,0.3,-1,64.3125,64.3125,0
1786441944654,3000,Minimum,4471,4471,0.3,-1,64.3125,64.3125,0
1786441944754,3000,Minimum,4471,4471,0.3,-1,64.3125,64.3125,0
1786441944854,3000,Minimum,4471,4471,0.3,-1,64.3125,64.3125,0
1786441944954,3000,Minimum,4471,4471,0.3,-1,64.3125,64.3125,0
1786441945056,3000,Minimum,4471,4471,0.3,-1,64.3125,64.3125,0
1786441945156,3000,Minimum,4471,4471,0.3,-1,64.25,64.25,0
1786441945256,3000,Minimum,4471,4471,0.3,-1,64.25,64.25,0
1786441945356,3000,Minimum,4471,4471,0.3,-1,64.25,64.25,0
1786441945456,3000,Minimum,4471,4471,0.3,-1,64.25,64.25,0
1786441945556,3000,Minimum,4471,4471,0.3,-1,64.25,64.25,0
1786441945656,3000,Minimum,4471,4471,0.3,-1,64.25,64.25,0
1786441945756,3000,Minimum,4471,4471,0.3,-1,64.25,64.25,0
1786441945856,3000,Minimum,4471,4471,0.3,-1,64.25,64.25,0
1786441945956,3000,Minimum,4471,4471,0.3,-1,64.25,64.25,0
1786441946055,3000,Minimum,4471,4471,0.3,-1,64.25,64.25,0
1786441946155,3000,Minimum,4471,4471,0.3,-1,64.25,64.25,0
1786441946256,3000,Minimum,4471,4471,0.3,-1,64.25,64.25,0
1786441946356,3000,Minimum,4471,4471,0.3,-1,64.25,64.25,0
1786441946455,3000,Minimum,4471,4471,0.3,-1,64.25,64.25,0
1786441946555,3000,Minimum,4471,4471,0.3,-1,64.25,64.25,0
1786441946656,3000,Minimum,4471,4471,0.3,-1,64.25,64.25,0
1786441946755,3000,Minimum,4471,4471,0.3,-1,64.25,64.25,0
1786441946855,3000,Minimum,4471,4471,0.3,-1,64.25,64.25,0
1786441946956,3000,Minimum,4471,4471,0.3,-1,64.25,64.25,0
1786441947055,3000,Minimum,4471,4471,0.3,-1,64.25,64.25,0
1786441947155,3000,Minimum,4471,4471,0.3,-1,64.375,64.375,0
1786441947255,3000,Minimum,4471,4471,0.3,-1,64.375,64.375,0
1786441947355,3000,Minimum,4471,4471,0.3,-1,64.375,64.375,0
1786441947455,3000,Minimum,4471,4471,0.3,-1,64.375,64.375,0
1786441947555,3000,Minimum,4471,4471,0.3,-1,64.375,64.375,0
1786441947655,3000,Minimum,4471,4471,0.3,-1,64.375,64.375,0
1786441947755,3000,Minimum,4471,4471,0.3,-1,64.375,64.375,0
1786441947855,3000,Minimum,4471,4471,0.3,-1,64.375,64.375,0
1786441947955,3000,Minimum,4471,4471,0.3,-1,64.375,64.375,0
1786441948055,3000,Minimum,4471,4471,0.3,-1,64.375,64.375,0
1786441948155,3000,Minimum,4471,4471,0.3,-1,64.3125,64.3125,0
1786441948255,3000,Minimum,4471,4471,0.3,-1,64.3125,64.3125,0
1786441948355,3000,Minimum,4471,4471,0.3,-1,64.3125,64.3125,0
1786441948455,3000,Minimum,4471,4471,0.3,-1,64.3125,64.3125,0
1786441948555,3000,Minimum,4471,4471,0.3,-1,64.3125,64.3125,0
1786441948655,3000,Minimum,4471,4471,0.3,-1,64.3125,64.3125,0
1786441948755,3000,Minimum,4471,4471,0.3,-1,64.3125,64.3125,0
1786441948855,3000,Minimum,4471,4471,0.3,-1,64.3125,64.3125,0
1786441948955,3000,Minimum,4471,4471,0.3,-1,64.3125,64.3125,0
1786441949055,3000,Minimum,4471,4471,0.3,-1,64.3125,64.3125,0
1786441949155,3000,Minimum,4471,4471,0.3,-1,64.375,64.375,0
1786441949255,3000,Minimum,4471,4471,0.3,-1,64.375,64.375,0
1786441949355,3000,Minimum,4471,4471,0.3,-1,64.375,64.375,0
1786441949455,3000,Minimum,4471,4471,0.3,-1,64.375,64.375,0
1786441949555,3000,Minimum,4471,4471,0.3,-1,64.375,64.375,0
1786441949655,3000,Minimum,4471,4471,0.3,-1,64.375,64.375,0
1786441949755,3000,Minimum,4471,4471,0.3,-1,64.375,64.375,0
1786441949855,3000,Minimum,4471,4471,0.3,-1,64.375,64.375,0
1786441949955,3000,Minimum,4471,4471,0.3,-1,64.375,64.375,0
1786441950055,3000,Minimum,4471,4471,0.3,-1,64.375,64.375,0
1786441950155,3000,Minimum,4471,4471,0.3,-1,64.375,64.375,0
1786441950255,3000,Minimum,4471,4471,0.3,-1,64.375,64.375,0
1786441950355,3000,Minimum,4471,4471,0.3,-1,64.375,64.375,0
1786441950455,3000,Minimum,4471,4471,0.3,-1,64.375,64.375,0
1786441950555,3000,Minimum,4471,4471,0.3,-1,64.375,64.375,0
1786441950655,3000,Minimum,4471,4471,0.3,-1,64.375,64.375,0
1786441950755,3000,Minimum,4471,4471,0.3,-1,64.375,64.375,0
1786441950855,3000,Minimum,4471,4471,0.3,-1,64.375,64.375,0
1786441950955,3000,Minimum,4471,4471,0.3,-1,64.375,64.375,0
1786441951055,3000,Minimum,4471,4471,0.3,-1,64.375,64.375,0
1786441951155,3000,Minimum,4471,4471,0.3,-1,64.3125,64.3125,0
1786441951255,3000,Minimum,4471,4471,0.3,-1,64.3125,64.3125,0
1786441951355,3000,Minimum,4471,4471,0.3,-1,64.3125,64.3125,0
1786441951455,3000,Minimum,4471,4471,0.3,-1,64.3125,64.3125,0
1786441951555,3000,Minimum,4471,4471,0.3,-1,64.3125,64.3125,0
1786441951655,3000,Minimum,4471,4471,0.3,-1,64.3125,64.3125,0
1786441951755,3000,Minimum,4471,4471,0.3,-1,64.3125,64.3125,0
1786441951855,3000,Minimum,4471,4471,0.3,-1,64.3125,64.3125,0
1786441951955,3000,Minimum,4471,4471,0.3,-1,64.3125,64.3125,0
1786441952055,3000,Minimum,4471,4471,0.3,-1,64.3125,64.3125,0
1786441952155,3000,Minimum,4471,4471,0.3,-1,64.3125,64.3125,0
1786441952255,3000,Minimum,4471,4471,0.3,-1,64.3125,64.3125,0
1786441952354,3000,Minimum,4471,4471,0.3,-1,64.3125,64.3125,0
1786441952454,3000,Minimum,4471,4471,0.3,-1,64.3125,64.3125,0
1786441952554,3000,Minimum,4471,4471,0.3,-1,64.3125,64.3125,0
1786441952655,3000,Minimum,4471,4471,0.3,-1,64.3125,64.3125,0
1786441952755,3000,Minimum,4471,4471,0.3,-1,64.3125,64.3125,0
1786441952855,3000,Minimum,4471,4471,0.3,-1,64.3125,64.3125,0
1786441952954,3000,Minimum,4471,4471,0.3,-1,64.3125,64.3125,0
1786441953054,3000,Minimum,4471,4471,0.3,-1,64.3125,64.3125,0
1786441953154,3000,Minimum,4471,4471,0.3,-1,64.3125,64.3125,0
1786441953254,3000,Minimum,4471,4471,0.3,-1,64.3125,64.3125,0
1786441953354,3000,Minimum,4471,4471,0.3,-1,64.3125,64.3125,0
1786441953454,3000,Minimum,4471,4471,0.3,-1,64.3125,64.3125,0
1786441953554,3000,Minimum,4471,4471,0.3,-1,64.3125,64.3125,0
1786441953654,3000,Minimum,4471,4471,0.3,-1,64.3125,64.3125,0
1786441953754,3000,Minimum,4471,4471,0.3,-1,64.3125,64.3125,0
1786441953854,3000,Minimum,4471,4471,0.3,-1,64.3125,64.3125,0
1786441953954,3000,Minimum,4471,4471,0.3,-1,64.3125,64.3125,0
1786441954054,3000,Minimum,4471,4471,0.3,-1,64.3125,64.3125,0
1786441954154,3000,Minimum,4471,4471,0.3,-1,64.25,64.25,0
1786441954254,3000,Minimum,4471,4471,0.3,-1,64.25,64.25,0
1786441954354,3000,Minimum,4471,4471,0.3,-1,64.25,64.25,0
1786441954454,3000,Minimum,4471,4471,0.3,-1,64.25,64.25,0
1786441954554,3000,Minimum,4471,4471,0.3,-1,64.25,64.25,0
1786441954654,3000,Minimum,4471,4471,0.3,-1,64.25,64.25,0
1786441954754,3000,Minimum,4471,4471,0.3,-1,64.25,64.25,0
1786441954854,3000,Minimum,4471,4471,0.3,-1,64.25,64.25,0
1786441954954,3000,Minimum,4471,4471,0.3,-1,64.25,64.25,0
1786441955054,3000,Minimum,4471,4471,0.3,-1,64.25,64.25,0
1786441955154,3000,Minimum,4471,4471,0.3,-1,64.3125,64.3125,0
1786441955254,3000,Minimum,4471,4471,0.3,-1,64.3125,64.3125,0
1786441955354,3000,Minimum,4471,4471,0.3,-1,64.3125,64.3125,0
1786441955454,3000,Minimum,4471,4471,0.3,-1,64.3125,64.3125,0
1786441955554,3000,Minimum,4471,4471,0.3,-1,64.3125,64.3125,0
1786441955654,3000,Minimum,4471,4471,0.3,-1,64.3125,64.3125,0
1786441955754,3000,Minimum,4471,4471,0.3,-1,64.3125,64.3125,0
1786441955854,3000,Minimum,4471,4471,0.3,-1,64.3125,64.3125,0
1786441955954,3000,Minimum,4471,4471,0.3,-1,64.3125,64.3125,0
1786441956054,3000,Minimum,4471,4471,0.3,-1,64.3125,64.3125,0
1786441956154,3000,Minimum,4471,4471,0.3,-1,64.375,64.375,0
1786441956254,3000,Minimum,4471,4471,0.3,-1,64.375,64.375,0
1786441956354,3000,Minimum,4471,4471,0.3,-1,64.375,64.375,0
1786441956454,3000,Minimum,4471,4471,0.3,-1,64.375,64.375,0
1786441956554,3000,Minimum,4471,4471,0.3,-1,64.375,64.375,0
1786441956654,3000,Minimum,4471,4471,0.3,-1,64.375,64.375,0
1786441956754,3000,Minimum,4471,4471,0.3,-1,64.375,64.375,0
1786441956854,3000,Minimum,4471,4471,0.3,-1,64.375,64.375,0
1786441956954,3000,Minimum,4471,4471,0.3,-1,64.375,64.375,0
1786441957054,3000,Minimum,4471,4471,0.3,-1,64.375,64.375,0
1786441957154,3000,Minimum,4471,4471,0.3,-1,64.375,64.375,0
1786441957254,3000,Minimum,4471,4471,0.3,-1,64.375,64.375,0
1786441957354,3000,Minimum,4471,4471,0.3,-1,64.375,64.375,0
1786441957454,3000,Minimum,4471,4471,0.3,-1,64.375,64.375,0
1786441957554,3000,Minimum,4471,4471,0.3,-1,64.375,64.375,0
1786441957654,3000,Minimum,4471,4471,0.3,-1,64.375,64.375,0
1786441957754,3000,Minimum,4471,4471,0.3,-1,64.375,64.375,0
1786441957854,3000,Minimum,4471,4471,0.3,-1,64.375,64.375,0
1786441957954,3000,Minimum,4471,4471,0.3,-1,64.375,64.375,0
1786441958054,3000,Minimum,4471,4471,0.3,-1,64.375,64.375,0
1786441958154,3000,Minimum,4471,4471,0.3,-1,64.3125,64.3125,0
1786441958254,3000,Minimum,4471,4471,0.3,-1,64.3125,64.3125,0
1786441958354,3000,Minimum,4471,4471,0.3,-1,64.3125,64.3125,0
1786441958454,3000,Minimum,4471,4471,0.3,-1,64.3125,64.3125,0
1786441958554,3000,Minimum,4471,4471,0.3,-1,64.3125,64.3125,0
1786441958654,3000,Minimum,4471,4471,0.3,-1,64.3125,64.3125,0
1786441958754,3000,Minimum,4471,4471,0.3,-1,64.3125,64.3125,0
1786441958854,3000,Minimum,4471,4471,0.3,-1,64.3125,64.3125,0
1786441958954,3000,Minimum,4471,4471,0.3,-1,64.3125,64.3125,0
1786441959054,3000,Minimum,4471,4471,0.3,-1,64.3125,64.3125,0
1786441959154,3000,Minimum,4471,4471,0.3,-1,64.3125,64.3125,0
1786441959254,3000,Minimum,4471,4471,0.3,-1,64.3125,64.3125,0
1786441959354,3000,Minimum,4471,4471,0.3,-1,64.3125,64.3125,0
1786441959454,3000,Minimum,4471,4471,0.3,-1,64.3125,64.3125,0
1786441959554,3000,Minimum,4471,4471,0.3,-1,64.3125,64.3125,0
1786441959654,3000,Minimum,4471,4471,0.3,-1,64.3125,64.3125,0
1786441959754,3000,Minimum,4471,4471,0.3,-1,64.3125,64.3125,0
1786441959854,3000,Minimum,4471,4471,0.3,-1,64.3125,64.3125,0
1786441959954,3000,Minimum,4471,4471,0.3,-1,64.3125,64.3125,0
1786441960054,3000,Minimum,4471,4471,0.3,-1,64.3125,64.3125,0
1786441960154,3000,Minimum,4471,4471,0.3,-1,64.375,64.375,0
1786441960254,3000,Minimum,4471,4471,0.3,-1,64.375,64.375,0
1786441960354,3000,Minimum,4471,4471,0.3,-1,64.375,64.375,0
1786441960454,3000,Minimum,4471,4471,0.3,-1,64.375,64.375,0
1786441960554,3000,Minimum,4471,4471,0.3,-1,64.375,64.375,0
1786441960654,3000,Minimum,4471,4471,0.3,-1,64.375,64.375,0
1786441960754,3000,Minimum,4471,4471,0.3,-1,64.375,64.375,0
1786441960854,3000,Minimum,4471,4471,0.3,-1,64.375,64.375,0
1786441960954,3000,Minimum,4471,4471,0.3,-1,64.375,64.375,0
1786441961054,3000,Minimum,4471,4471,0.3,-1,64.375,64.375,0
1786441961154,3000,Minimum,4471,4471,0.3,-1,64.3125,64.3125,0
1786441961254,3000,Minimum,4471,4471,0.3,-1,64.3125,64.3125,0
1786441961354,3000,Minimum,4471,4471,0.3,-1,64.3125,64.3125,0
1786441961454,3000,Minimum,4471,4471,0.3,-1,64.3125,64.3125,0
1786441961554,3000,Minimum,4471,4471,0.3,-1,64.3125,64.3125,0
1786441961654,3000,Minimum,4471,4471,0.3,-1,64.3125,64.3125,0
1786441961754,3000,Minimum,4471,4471,0.3,-1,64.3125,64.3125,0
1786441961854,3000,Minimum,4471,4471,0.3,-1,64.3125,64.3125,0
1786441961954,3000,Minimum,4471,4471,0.3,-1,64.3125,64.3125,0
1786441962054,3000,Minimum,4471,4471,0.3,-1,64.3125,64.3125,0
1786441962154,3000,Minimum,4471,4471,0.3,-1,64.4375,64.4375,0
1786441962254,3000,Minimum,4471,4471,0.3,-1,64.4375,64.4375,0
1786441962354,3000,Minimum,4471,4471,0.3,-1,64.4375,64.4375,0
1786441962454,3000,Minimum,4471,4471,0.3,-1,64.4375,64.4375,0
1786441962554,3000,Minimum,4471,4471,0.3,-1,64.4375,64.4375,0
1786441962654,3000,Minimum,4471,4471,0.3,-1,64.4375,64.4375,0
1786441962754,3000,Minimum,4471,4471,0.3,-1,64.4375,64.4375,0
1786441962854,3000,Minimum,4471,4471,0.3,-1,64.4375,64.4375,0
1786441962954,3000,Minimum,4471,4471,0.3,-1,64.4375,64.4375,0
1786441963054,3000,Minimum,4471,4471,0.3,-1,64.4375,64.4375,0
1786441963154,3000,Minimum,4471,4471,0.3,-1,64.25,64.25,0
1786441963254,3000,Minimum,4471,4471,0.3,-1,64.25,64.25,0
1786441963354,3000,Minimum,4471,4471,0.3,-1,64.25,64.25,0
1786441963454,3000,Minimum,4471,4471,0.3,-1,64.25,64.25,0
1786441963554,3000,Minimum,4471,4471,0.3,-1,64.25,64.25,0
1786441963654,3000,Minimum,4471,4471,0.3,-1,64.25,64.25,0
1786441963754,3000,Minimum,4471,4471,0.3,-1,64.25,64.25,0
1786441963854,3000,Minimum,4471,4471,0.3,-1,64.25,64.25,0
1786441963954,3000,Minimum,4471,4471,0.3,-1,64.25,64.25,0
1786441964054,3000,Minimum,4471,4471,0.3,-1,64.25,64.25,0
1786441964154,3000,Minimum,4471,4471,0.3,-1,64.3125,64.3125,0
1786441964254,3000,Minimum,4471,4471,0.3,-1,64.3125,64.3125,0
1786441964354,3000,Minimum,4471,4471,0.3,-1,64.3125,64.3125,0
1786441964454,3000,Minimum,4471,4471,0.3,-1,64.3125,64.3125,0
1786441964554,3000,Minimum,4471,4471,0.3,-1,64.3125,64.3125,0
1786441964654,3000,Minimum,4471,4471,0.3,-1,64.3125,64.3125,0
1786441964754,3000,Minimum,4471,4471,0.3,-1,64.3125,64.3125,0
1786441964854,3000,Minimum,4471,4471,0.3,-1,64.3125,64.3125,0
1786441964954,3000,Minimum,4471,4471,0.3,-1,64.3125,64.3125,0
1786441965054,3000,Minimum,4471,4471,0.3,-1,64.3125,64.3125,0
1786441965154,3000,Minimum,4471,4471,0.3,-1,64.375,64.375,0
1786441965254,3000,Minimum,4471,4471,0.3,-1,64.375,64.375,0
1786441965354,3000,Minimum,4471,4471,0.3,-1,64.375,64.375,0
1786441965454,3000,Minimum,4471,4471,0.3,-1,64.375,64.375,0
1786441965554,3000,Minimum,4471,4471,0.3,-1,64.375,64.375,0
1786441965654,3000,Minimum,4471,4471,0.3,-1,64.375,64.375,0
1786441965754,3000,Minimum,4471,4471,0.3,-1,64.375,64.375,0
1786441965854,3000,Minimum,4471,4471,0.3,-1,64.375,64.375,0
1786441965954,3000,Minimum,4471,4471,0.3,-1,64.375,64.375,0
1786441966054,3000,Minimum,4471,4471,0.3,-1,64.375,64.375,0
1786441966154,3000,Minimum,4471,4471,0.3,-1,64.3125,64.3125,0
1786441966254,3000,Minimum,4471,4471,0.3,-1,64.3125,64.3125,0
1786441966354,3000,Minimum,4471,4471,0.3,-1,64.3125,64.3125,0
1786441966454,3000,Minimum,4471,4471,0.3,-1,64.3125,64.3125,0
1786441966554,3000,Minimum,4471,4471,0.3,-1,64.3125,64.3125,0
1786441966654,3000,Minimum,4471,4471,0.3,-1,64.3125,64.3125,0
1786441966754,3000,Minimum,4471,4471,0.3,-1,64.3125,64.3125,0
1786441966854,3000,Minimum,4471,4471,0.3,-1,64.3125,64.3125,0
1786441966954,3000,Minimum,4471,4471,0.3,-1,64.3125,64.3125,0
1786441967054,3000,Minimum,4471,4471,0.3,-1,64.3125,64.3125,0
1786441967154,3000,Minimum,4471,4471,0.3,-1,64.3125,64.3125,0
1786441967254,3000,Minimum,4471,4471,0.3,-1,64.3125,64.3125,0
1786441967354,3000,Minimum,4471,4471,0.3,-1,64.3125,64.3125,0
1786441967454,3000,Minimum,4471,4471,0.3,-1,64.3125,64.3125,0
1786441967554,3000,Minimum,4471,4471,0.3,-1,64.3125,64.3125,0
1786441967654,3000,Minimum,4471,4471,0.3,-1,64.3125,64.3125,0
1786441967754,3000,Minimum,4471,4471,0.3,-1,64.3125,64.3125,0
1786441967854,3000,Minimum,4471,4471,0.3,-1,64.3125,64.3125,0
1786441967954,3000,Minimum,4471,4471,0.3,-1,64.3125,64.3125,0
1786441968054,3000,Minimum,4471,4471,0.3,-1,64.3125,64.3125,0
1786441968154,3000,Minimum,4471,4471,0.3,-1,64.375,64.375,0
1786441968254,3000,Minimum,4471,4471,0.3,-1,64.375,64.375,0
1786441968354,3000,Minimum,4471,4471,0.3,-1,64.375,64.375,0
1786441968454,3000,Minimum,4471,4471,0.3,-1,64.375,64.375,0
1786441968554,3000,Minimum,4471,4471,0.3,-1,64.375,64.375,0
1786441968654,3000,Minimum,4471,4471,0.3,-1,64.375,64.375,0
1786441968754,3000,Minimum,4471,4471,0.3,-1,64.375,64.375,0
1786441968854,3000,Minimum,4471,4471,0.3,-1,64.375,64.375,0
1786441968954,3000,Minimum,4471,4471,0.3,-1,64.375,64.375,0
1786441969054,3000,Minimum,4471,4471,0.3,-1,64.375,64.375,0
1786441969154,3000,Minimum,4471,4471,0.3,-1,64.3125,64.3125,0
1786441969254,3000,Minimum,4471,4471,0.3,-1,64.3125,64.3125,0
1786441969354,3000,Minimum,4471,4471,0.3,-1,64.3125,64.3125,0
1786441969454,3000,Minimum,4471,4471,0.3,-1,64.3125,64.3125,0
1786441969554,3000,Minimum,4471,4471,0.3,-1,64.3125,64.3125,0
1786441969654,3000,Minimum,4471,4471,0.3,-1,64.3125,64.3125,0
1786441969754,3000,Minimum,4471,4471,0.3,-1,64.3125,64.3125,0
1786441969854,3000,Minimum,4471,4471,0.3,-1,64.3125,64.3125,0
1786441969954,3000,Minimum,4471,4471,0.3,-1,64.3125,64.3125,0
1786441970054,3000,Minimum,4471,4471,0.3,-1,64.3125,64.3125,0
1786441970154,3000,Minimum,4471,4471,0.3,-1,64.3125,64.3125,0
1786441970254,3000,Minimum,4471,4471,0.3,-1,64.3125,64.3125,0
1786441970354,3000,Minimum,4471,4471,0.3,-1,64.3125,64.3125,0
1786441970454,3000,Minimum,4471,4471,0.3,-1,64.3125,64.3125,0
1786441970554,3000,Minimum,4471,4471,0.3,-1,64.3125,64.3125,0
1786441970654,3000,Minimum,4471,4471,0.3,-1,64.3125,64.3125,0
1786441970754,3000,Minimum,4471,4471,0.3,-1,64.3125,64.3125,0
1786441970854,3000,Minimum,4471,4471,0.3,-1,64.3125,64.3125,0
1786441970954,3000,Minimum,4471,4471,0.3,-1,64.3125,64.3125,0
1786441971054,3000,Minimum,4471,4471,0.3,-1,64.3125,64.3125,0
1786441971154,3000,Minimum,4471,4471,0.3,-1,64.3125,64.3125,0
1786441971254,3000,Minimum,4471,4471,0.3,-1,64.3125,64.3125,0
1786441971354,3000,Minimum,4471,4471,0.3,-1,64.3125,64.3125,0
1786441971454,3000,Minimum,4471,4471,0.3,-1,64.3125,64.3125,0
1786441971554,3000,Minimum,4471,4471,0.3,-1,64.3125,64.3125,0
1786441971654,3000,Minimum,4471,4471,0.3,-1,64.3125,64.3125,0
1786441971754,3000,Minimum,4471,4471,0.3,-1,64.3125,64.3125,0
1786441971854,3000,Minimum,4471,4471,0.3,-1,64.3125,64.3125,0
1786441971954,3000,Minimum,4471,4471,0.3,-1,64.3125,64.3125,0
1786441972054,3000,Minimum,4471,4471,0.3,-1,64.3125,64.3125,0
1786441972154,3000,Minimum,4471,4471,0.3,-1,64.3125,64.3125,0
1786441972254,3000,Minimum,4471,4471,0.3,-1,64.3125,64.3125,0
1786441972354,3000,Minimum,4471,4471,0.3,-1,64.3125,64.3125,0
1786441972454,3000,Minimum,4471,4471,0.3,-1,64.3125,64.3125,0
1786441972554,3000,Minimum,4471,4471,0.3,-1,64.3125,64.3125,0
1786441972654,3000,Minimum,4471,4471,0.3,-1,64.3125,64.3125,0
1786441972754,3000,Minimum,4471,4471,0.3,-1,64.3125,64.3125,0
1786441972854,3000,Minimum,4471,4471,0.3,-1,64.3125,64.3125,0
1786441972954,3000,Minimum,4471,4471,0.3,-1,64.3125,64.3125,0
1786441973054,3000,Minimum,4471,4471,0.3,-1,64.3125,64.3125,0
1786441973154,3000,Minimum,4471,4471,0.3,-1,64.3125,64.3125,0
1786441973254,3000,Minimum,4471,4471,0.3,-1,64.3125,64.3125,0
1786441973354,3000,Minimum,4471,4471,0.3,-1,64.3125,64.3125,0
1786441973454,3000,Minimum,4471,4471,0.3,-1,64.3125,64.3125,0
1786441973554,3000,Minimum,4471,4471,0.3,-1,64.3125,64.3125,0
1786441973654,3000,Minimum,4471,4471,0.3,-1,64.3125,64.3125,0
1786441973754,3000,Minimum,4471,4471,0.3,-1,64.3125,64.3125,0
1786441973854,3000,Minimum,4471,4471,0.3,-1,64.3125,64.3125,0
1786441973954,3000,Minimum,4471,4471,0.3,-1,64.3125,64.3125,0
1786441974054,3000,Minimum,4471,4471,0.3,-1,64.3125,64.3125,0
1786441974154,3000,Minimum,4471,4471,0.3,-1,64.3125,64.3125,0
1786441974254,3000,Minimum,4471,4471,0.3,-1,64.3125,64.3125,0
1786441974354,3000,Minimum,4471,4471,0.3,-1,64.3125,64.3125,0
1786441974454,3000,Minimum,4471,4471,0.3,-1,64.3125,64.3125,0
1786441974554,3000,Minimum,4471,4471,0.3,-1,64.3125,64.3125,0
1786441974654,3000,Minimum,4471,4471,0.3,-1,64.3125,64.3125,0
1786441974754,3000,Minimum,4471,4471,0.3,-1,64.3125,64.3125,0
1786441974854,3000,Minimum,4471,4471,0.3,-1,64.3125,64.3125,0
1786441974954,3000,Minimum,4471,4471,0.3,-1,64.3125,64.3125,0
1786441975054,3000,Minimum,4471,4471,0.3,-1,64.3125,64.3125,1
1786441975154,3000,Minimum,5173,5173,1,-1,64.3125,64.3125,1
1786441975254,3000,Minimum,5828,5828,1,-1,64.3125,64.3125,1
1786441975354,3000,Minimum,6439,6439,1,-1,64.3125,64.3125,1
1786441975454,3000,Minimum,7010,7010,1,-1,64.3125,64.3125,1
1786441975554,3000,Minimum,7543,7543,1,-1,64.3125,64.3125,1
1786441975654,3000,Minimum,8040,8040,1,-1,64.3125,64.3125,1
1786441975754,3000,Minimum,8504,8504,1,-1,64.3125,64.3125,1
1786441975854,3000,Minimum,8937,8937,1,-1,64.3125,64.3125,1
1786441975954,3000,Minimum,9341,9341,1,-1,64.3125,64.3125,1
1786441976054,3000,Minimum,9718,9718,1,-1,64.3125,64.3125,1
1786441976154,3000,Minimum,10070,10070,1,-1,64.3125,64.3125,1
1786441976254,3000,Minimum,10399,10399,1,-1,64.3125,64.3125,1
1786441976354,3000,Minimum,10706,10706,1,-1,64.3125,64.3125,1
1786441976454,3000,Minimum,10992,10992,1,-1,64.3125,64.3125,1
1786441976554,3000,Minimum,11259,11259,1,-1,64.3125,64.3125,1
1786441976654,3000,Minimum,11509,11509,1,-1,64.3125,64.3125,1
1786441976754,3000,Minimum,11741,11741,1,-1,64.3125,64.3125,1
1786441976854,3000,Minimum,11959,11959,1,-1,64.3125,64.3125,1
1786441976954,3000,Minimum,12161,12161,1,-1,64.3125,64.3125,1
1786441977056,3000,Minimum,12351,12351,1,-1,64.3125,64.3125,1
1786441977157,3000,Minimum,12527,12527,1,-1,64.3125,64.3125,1
1786441977257,3000,Minimum,12692,12692,1,-1,64.3125,64.3125,1
1786441977357,3000,Minimum,12846,12846,1,-1,64.3125,64.3125,1
1786441977457,3000,Minimum,12990,12990,1,-1,64.3125,64.3125,1
1786441977557,3000,Minimum,13124,13124,1,-1,64.3125,64.3125,1
1786441977657,3000,Minimum,13249,13249,1,-1,64.3125,64.3125,1
1786441977757,3000,Minimum,13365,13365,1,-1,64.3125,64.3125,1
1786441977857,3000,Minimum,13474,13474,1,-1,64.3125,64.3125,1
1786441977957,3000,Minimum,13576,13576,1,-1,64.3125,64.3125,1
1786441978057,3000,Minimum,13671,13671,1,-1,64.3125,64.3125,1
1786441978156,3000,Minimum,13760,13760,1,-1,64.3125,64.3125,1
1786441978256,3000,Minimum,13842,13842,1,-1,64.3125,64.3125,1
1786441978357,3000,Minimum,13920,13920,1,-1,64.3125,64.3125,1
1786441978456,3000,Minimum,13992,13992,1,-1,64.3125,64.3125,1
1786441978556,3000,Minimum,14059,14059,1,-1,64.3125,64.3125,1
1786441978656,3000,Minimum,14122,14122,1,-1,64.3125,64.3125,1
1786441978756,3000,Minimum,14180,14180,1,-1,64.3125,64.3125,1
1786441978856,3000,Minimum,14235,14235,1,-1,64.3125,64.3125,1
1786441978957,3000,Minimum,14286,14286,1,-1,64.3125,64.3125,1
1786441979056,3000,Minimum,14333,14333,1,-1,64.3125,64.3125,1
1786441979156,3000,Minimum,14378,14378,1,-1,64.3125,64.3125,1
1786441979256,3000,Minimum,14419,14419,1,-1,64.3125,64.3125,1
1786441979356,3000,Minimum,14458,14458,1,-1,64.3125,64.3125,1
1786441979456,3000,Minimum,14494,14494,1,-1,64.3125,64.3125,1
1786441979556,3000,Minimum,14528,14528,1,-1,64.3125,64.3125,1
1786441979656,3000,Minimum,14559,14559,1,-1,64.3125,64.3125,1
1786441979756,3000,Minimum,14589,14589,1,-1,64.3125,64.3125,1
1786441979856,3000,Minimum,14616,14616,1,-1,64.3125,64.3125,1
1786441979956,3000,Minimum,14642,14642,1,-1,64.3125,64.3125,1
1786441980056,3000,Minimum,14666,14666,1,-1,64.3125,64.3125,1
1786441980156,3000,Minimum,14688,14688,1,-1,64.3125,64.3125,1
1786441980255,3000,Minimum,14709,14709,1,-1,64.3125,64.3125,1
1786441980356,3000,Minimum,14728,14728,1,-1,64.3125,64.3125,1
1786441980454,3000,Minimum,14746,14746,1,-1,64.3125,64.3125,1
1786441980556,3000,Minimum,14763,14763,1,-1,64.3125,64.3125,1
1786441980656,3000,Minimum,14779,14779,1,-1,64.3125,64.3125,1
1786441980755,3000,Minimum,14794,14794,1,-1,64.3125,64.3125,1
1786441980856,3000,Minimum,14807,14807,1,-1,64.3125,64.3125,1
1786441980956,3000,Minimum,14820,14820,1,-1,64.3125,64.3125,1
1786441981056,3000,Minimum,14832,14832,1,-1,64.3125,64.3125,1
1786441981155,3000,Minimum,14843,14843,1,-1,64.3125,64.3125,1
1786441981256,3000,Minimum,14854,14854,1,-1,64.3125,64.3125,1
1786441981355,3000,Minimum,14864,14864,1,-1,64.3125,64.3125,1
1786441981455,3000,Minimum,14873,14873,1,-1,64.3125,64.3125,1
1786441981555,3000,Minimum,14881,14881,1,-1,64.3125,64.3125,1
1786441981655,3000,Minimum,14889,14889,1,-1,64.3125,64.3125,1
1786441981755,3000,Minimum,14897,14897,1,-1,64.3125,64.3125,1
1786441981856,3000,Minimum,14903,14903,1,-1,64.3125,64.3125,1
1786441981955,3000,Minimum,14910,14910,1,-1,64.3125,64.3125,1
1786441982055,3000,Minimum,14916,14916,1,-1,64.3125,64.3125,1
1786441982155,3000,Minimum,14921,14921,1,-1,64.3125,64.3125,1
1786441982255,3000,Minimum,14927,14927,1,-1,64.3125,64.3125,1
1786441982355,3000,Minimum,14932,14932,1,-1,64.3125,64.3125,1
1786441982455,3000,Minimum,14936,14936,1,-1,64.3125,64.3125,1
1786441982555,3000,Minimum,14940,14940,1,-1,64.3125,64.3125,1
1786441982655,3000,Minimum,14944,14944,1,-1,64.3125,64.3125,1
1786441982755,3000,Minimum,14948,14948,1,-1,64.3125,64.3125,1
1786441982855,3000,Minimum,14952,14952,1,-1,64.3125,64.3125,1
1786441982955,3000,Minimum,14955,14955,1,-1,64.3125,64.3125,1
1786441983055,3000,Minimum,14958,14958,1,-1,64.3125,64.3125,1
1786441983155,3000,Minimum,14961,14961,1,-1,64.3125,64.3125,1
1786441983255,3000,Minimum,14963,14963,1,-1,64.3125,64.3125,1
1786441983355,3000,Minimum,14966,14966,1,-1,64.3125,64.3125,1
1786441983455,3000,Minimum,14968,14968,1,-1,64.3125,64.3125,1
1786441983555,3000,Minimum,14970,14970,1,-1,64.3125,64.3125,1
1786441983655,3000,Minimum,14972,14972,1,-1,64.3125,64.3125,1
1786441983755,3000,Minimum,14974,14974,1,-1,64.3125,64.3125,1
1786441983855,3000,Minimum,14976,14976,1,-1,64.3125,64.3125,1
1786441983955,3000,Minimum,14977,14977,1,-1,64.3125,64.3125,1
1786441984055,3000,Minimum,14979,14979,1,-1,64.3125,64.3125,1
1786441984155,3000,Minimum,14980,14980,1,-1,64.3125,64.3125,1
1786441984255,3000,Minimum,14982,14982,1,-1,64.3125,64.3125,1
1786441984355,3000,Minimum,14983,14983,1,-1,64.3125,64.3125,1
1786441984455,3000,Minimum,14984,14984,1,-1,64.3125,64.3125,1
1786441984555,3000,Minimum,14985,14985,1,-1,64.3125,64.3125,1
1786441984655,3000,Minimum,14986,14986,1,-1,64.3125,64.3125,1
1786441984755,3000,Minimum,14987,14987,1,-1,64.3125,64.3125,1
1786441984855,3000,Minimum,14988,14988,1,-1,64.3125,64.3125,1
1786441984955,3000,Minimum,14989,14989,1,-1,64.3125,64.3125,1
1786441985054,3000,Minimum,14989,14989,1,-1,64.3125,64.3125,1
1786441985154,3000,Minimum,14990,14990,1,-1,64.3125,64.3125,1
1786441985254,3000,Minimum,14991,14991,1,-1,64.3125,64.3125,1
1786441985355,3000,Minimum,14991,14991,1,-1,64.3125,64.3125,1
1786441985455,3000,Minimum,14992,14992,1,-1,64.3125,64.3125,1
1786441985555,3000,Minimum,14992,14992,1,-1,64.3125,64.3125,1
1786441985655,3000,Minimum,14993,14993,1,-1,64.3125,64.3125,1
1786441985755,3000,Minimum,14993,14993,1,-1,64.3125,64.3125,1
1786441985855,3000,Minimum,14994,14994,1,-1,64.3125,64.3125,1
1786441985955,3000,Minimum,14994,14994,1,-1,64.3125,64.3125,1
1786441986054,3000,Minimum,14995,14995,1,-1,64.3125,64.3125,1
1786441986154,3000,Minimum,14995,14995,1,-1,64.3125,64.3125,1
1786441986254,3000,Minimum,14995,14995,1,-1,64.3125,64.3125,1
1786441986355,3000,Minimum,14996,14996,1,-1,64.3125,64.3125,1
1786441986454,3000,Minimum,14996,14996,1,-1,64.3125,64.3125,1
1786441986554,3000,Minimum,14996,14996,1,-1,64.3125,64.3125,1
1786441986654,3000,Minimum,14996,14996,1,-1,64.3125,64.3125,1
1786441986754,3000,Minimum,14997,14997,1,-1,64.3125,64.3125,1
1786441986855,3000,Minimum,14997,14997,1,-1,64.3125,64.3125,1
1786441986954,3000,Minimum,14997,14997,1,-1,64.3125,64.3125,1
1786441987054,3000,Minimum,14997,14997,1,-1,64.3125,64.3125,1
1786441987154,3000,Minimum,14998,14998,1,-1,64.3125,64.3125,1
1786441987254,3000,Minimum,14998,14998,1,-1,64.3125,64.3125,1
1786441987354,3000,Minimum,14998,14998,1,-1,64.3125,64.3125,1
1786441987454,3000,Minimum,14998,14998,1,-1,64.3125,64.3125,1
1786441987554,3000,Minimum,14998,14998,1,-1,64.3125,64.3125,1
1786441987654,3000,Minimum,14998,14998,1,-1,64.3125,64.3125,1
1786441987754,3000,Minimum,14998,14998,1,-1,64.3125,64.3125,1
1786441987854,3000,Minimum,14998,14998,1,-1,64.3125,64.3125,1
1786441987954,3000,Minimum,14999,14999,1,-1,64.3125,64.3125,1
1786441988054,3000,Minimum,14999,14999,1,-1,64.3125,64.3125,1
1786441988154,3000,Minimum,14999,14999,1,-1,64.3125,64.3125,1
1786441988254,3000,Minimum,14999,14999,1,-1,64.3125,64.3125,1
1786441988354,3000,Minimum,14999,14999,1,-1,64.3125,64.3125,1
1786441988454,3000,Minimum,14999,14999,1,-1,64.3125,64.3125,1
1786441988554,3000,Minimum,14999,14999,1,-1,64.3125,64.3125,1
1786441988654,3000,Minimum,14999,14999,1,-1,64.3125,64.3125,1
1786441988754,3000,Minimum,14999,14999,1,-1,64.3125,64.3125,1
1786441988854,3000,Minimum,14999,14999,1,-1,64.3125,64.3125,1
1786441988954,3000,Minimum,14999,14999,1,-1,64.3125,64.3125,1
1786441989054,3000,Minimum,14999,14999,1,-1,64.3125,64.3125,1
1786441989154,3000,Minimum,14999,14999,1,-1,64.3125,64.3125,1
1786441989254,3000,Minimum,14999,14999,1,-1,64.3125,64.3125,1
1786441989354,3000,Minimum,14999,14999,1,-1,64.3125,64.3125,1
1786441989454,3000,Minimum,14999,14999,1,-1,64.3125,64.3125,1
1786441989554,3000,Minimum,15000,15000,1,-1,64.3125,64.3125,1
1786441989654,3000,Minimum,15000,15000,1,-1,64.3125,64.3125,1
1786441989754,3000,Minimum,15000,15000,1,-1,64.3125,64.3125,1
1786441989854,3000,Minimum,15000,15000,1,-1,64.3125,64.3125,1
1786441989954,3000,Minimum,15000,15000,1,-1,64.3125,64.3125,1
1786441990054,3000,Minimum,15000,15000,1,-1,64.3125,64.3125,1
1786441990154,3000,Minimum,15000,15000,1,-1,64.3125,64.3125,1
1786441990254,3000,Minimum,15000,15000,1,-1,64.3125,64.3125,1
1786441990354,3000,Minimum,15000,15000,1,-1,64.3125,64.3125,1
1786441990454,3000,Minimum,15000,15000,1,-1,64.3125,64.3125,1
1786441990554,3000,Minimum,15000,15000,1,-1,64.3125,64.3125,1
1786441990654,3000,Minimum,15000,15000,1,-1,64.3125,64.3125,1
1786441990754,3000,Minimum,15000,15000,1,-1,64.3125,64.3125,1
1786441990854,3000,Minimum,15000,15000,1,-1,64.3125,64.3125,1
1786441990954,3000,Minimum,15000,15000,1,-1,64.3125,64.3125,1
1786441991054,3000,Minimum,15000,15000,1,-1,64.3125,64.3125,1
1786441991154,3000,Minimum,15000,15000,1,-1,64.3125,64.3125,1
1786441991254,3000,Minimum,15000,15000,1,-1,64.3125,64.3125,1
1786441991354,3000,Minimum,15000,15000,1,-1,64.3125,64.3125,1
1786441991454,3000,Minimum,15000,15000,1,-1,64.3125,64.3125,1
1786441991554,3000,Minimum,15000,15000,1,-1,64.3125,64.3125,1
1786441991654,3000,Minimum,15000,15000,1,-1,64.3125,64.3125,1
1786441991754,3000,Minimum,15000,15000,1,-1,64.3125,64.3125,1
1786441991854,3000,Minimum,15000,15000,1,-1,64.3125,64.3125,1
1786441991954,3000,Minimum,15000,15000,1,-1,64.3125,64.3125,1
1786441992054,3000,Minimum,15000,15000,1,-1,64.3125,64.3125,1
1786441992154,3000,Minimum,15000,15000,1,-1,64.3125,64.3125,1
1786441992254,3000,Minimum,15000,15000,1,-1,64.3125,64.3125,1
1786441992354,3000,Minimum,15000,15000,1,-1,64.3125,64.3125,1
1786441992454,3000,Minimum,15000,15000,1,-1,64.3125,64.3125,1
1786441992554,3000,Minimum,15000,15000,1,-1,64.3125,64.3125,1
1786441992654,3000,Minimum,15000,15000,1,-1,64.3125,64.3125,1
1786441992754,3000,Minimum,15000,15000,1,-1,64.3125,64.3125,1
1786441992854,3000,Minimum,15000,15000,1,-1,64.3125,64.3125,1
1786441992954,3000,Minimum,15000,15000,1,-1,64.3125,64.3125,1
1786441993054,3000,Minimum,15000,15000,1,-1,64.3125,64.3125,1
1786441993154,3000,Minimum,15000,15000,1,-1,64.3125,64.3125,1
1786441993254,3000,Minimum,15000,15000,1,-1,64.3125,64.3125,1
1786441993354,3000,Minimum,15000,15000,1,-1,64.3125,64.3125,1
1786441993454,3000,Minimum,15000,15000,1,-1,64.3125,64.3125,1
1786441993554,3000,Minimum,15000,15000,1,-1,64.3125,64.3125,1
1786441993654,3000,Minimum,15000,15000,1,-1,64.3125,64.3125,1
1786441993754,3000,Minimum,15000,15000,1,-1,64.3125,64.3125,1
1786441993854,3000,Minimum,15000,15000,1,-1,64.3125,64.3125,1
1786441993954,3000,Minimum,15000,15000,1,-1,64.3125,64.3125,1
1786441994054,3000,Minimum,15000,15000,1,-1,64.3125,64.3125,1
1786441994154,3000,Minimum,15000,15000,1,-1,64.3125,64.3125,1
1786441994254,3000,Minimum,15000,15000,1,-1,64.3125,64.3125,1
1786441994354,3000,Minimum,15000,15000,1,-1,64.3125,64.3125,1
1786441994454,3000,Minimum,15000,15000,1,-1,64.3125,64.3125,1
1786441994554,3000,Minimum,15000,15000,1,-1,64.3125,64.3125,1
1786441994654,3000,Minimum,15000,15000,1,-1,64.3125,64.3125,1
1786441994754,3000,Minimum,15000,15000,1,-1,64.3125,64.3125,1
1786441994854,3000,Minimum,15000,15000,1,-1,64.3125,64.3125,1
1786441994954,3000,Minimum,15000,15000,1,-1,64.3125,64.3125,1
1786441995054,3000,Minimum,15000,15000,1,-1,64.3125,64.3125,1
1786441995154,3000,Minimum,15000,15000,1,-1,64.3125,64.3125,1
1786441995254,3000,Minimum,15000,15000,1,-1,64.3125,64.3125,1
1786441995354,3000,Minimum,15000,15000,1,-1,64.3125,64.3125,1
1786441995454,3000,Minimum,15000,15000,1,-1,64.3125,64.3125,1
1786441995554,3000,Minimum,15000,15000,1,-1,64.3125,64.3125,1
1786441995654,3000,Minimum,15000,15000,1,-1,64.3125,64.3125,1
1786441995754,3000,Minimum,15000,15000,1,-1,64.3125,64.3125,1
1786441995854,3000,Minimum,15000,15000,1,-1,64.3125,64.3125,1
1786441995954,3000,Minimum,15000,15000,1,-1,64.3125,64.3125,1
1786441996054,3000,Minimum,15000,15000,1,-1,64.3125,64.3125,1
1786441996154,3000,Minimum,15000,15000,1,-1,64.3125,64.3125,1
1786441996254,3000,Minimum,15000,15000,1,-1,64.3125,64.3125,1
1786441996354,3000,Minimum,15000,15000,1,-1,64.3125,64.3125,1
1786441996454,3000,Minimum,15000,15000,1,-1,64.3125,64.3125,1
1786441996554,3000,Minimum,15000,15000,1,-1,64.3125,64.3125,1
1786441996654,3000,Minimum,15000,15000,1,-1,64.3125,64.3125,1
1786441996754,3000,Minimum,15000,15000,1,-1,64.3125,64.3125,1
1786441996854,3000,Minimum,15000,15000,1,-1,64.3125,64.3125,1
1786441996954,3000,Minimum,15000,15000,1,-1,64.3125,64.3125,1
1786441997054,3000,Minimum,15000,15000,1,-1,64.3125,64.3125,1
1786441997154,3000,Minimum,15000,15000,1,-1,64.3125,64.3125,1
1786441997254,3000,Minimum,15000,15000,1,-1,64.3125,64.3125,1
1786441997354,3000,Minimum,15000,15000,1,-1,64.3125,64.3125,1
1786441997454,3000,Minimum,15000,15000,1,-1,64.3125,64.3125,1
1786441997554,3000,Minimum,15000,15000,1,-1,64.3125,64.3125,1
1786441997654,3000,Minimum,15000,15000,1,-1,64.3125,64.3125,1
1786441997754,3000,Minimum,15000,15000,1,-1,64.3125,64.3125,1
1786441997854,3000,Minimum,15000,15000,1,-1,64.3125,64.3125,1
1786441997954,3000,Minimum,15000,15000,1,-1,64.3125,64.3125,1
1786441998054,3000,Minimum,15000,15000,1,-1,64.3125,64.3125,1
1786441998154,3000,Minimum,15000,15000,1,-1,64.3125,64.3125,1
1786441998254,3000,Minimum,15000,15000,1,-1,64.3125,64.3125,1
1786441998354,3000,Minimum,15000,15000,1,-1,64.3125,64.3125,1
1786441998454,3000,Minimum,15000,15000,1,-1,64.3125,64.3125,1
1786441998554,3000,Minimum,15000,15000,1,-1,64.3125,64.3125,1
1786441998654,3000,Minimum,15000,15000,1,-1,64.3125,64.3125,1
1786441998754,3000,Minimum,15000,15000,1,-1,64.3125,64.3125,1
1786441998854,3000,Minimum,15000,15000,1,-1,64.3125,64.3125,1
1786441998954,3000,Minimum,15000,15000,1,-1,64.3125,64.3125,1
1786441999054,3000,Minimum,15000,15000,1,-1,64.3125,64.3125,1
1786441999154,3000,Minimum,15000,15000,1,-1,64.3125,64.3125,1
1786441999254,3000,Minimum,15000,15000,1,-1,64.3125,64.3125,1
1786441999354,3000,Minimum,15000,15000,1,-1,64.3125,64.3125,1
1786441999454,3000,Minimum,15000,15000,1,-1,64.3125,64.3125,1
1786441999554,3000,Minimum,15000,15000,1,-1,64.3125,64.3125,1
1786441999654,3000,Minimum,15000,15000,1,-1,64.3125,64.3125,1
1786441999754,3000,Minimum,15000,15000,1,-1,64.3125,64.3125,1
1786441999854,3000,Minimum,15000,15000,1,-1,64.3125,64.3125,1
1786441999954,3000,Minimum,15000,15000,1,-1,64.3125,64.3125,1
