epoch_ms,setpt,requester,fan0,fan0_raw,fan0_pwm,fan0_pwm_raw,die0,die0_raw,failsafe
1786442002216,3000,Minimum,3421,3421,nan,nan,25.0625,25.0625,0
1786442002317,3000,Minimum,3491,3491,0.3,-1,25.0625,25.0625,0
1786442002416,3000,Minimum,3556,3556,0.3,-1,25.0625,25.0625,0
1786442002516,3000,Minimum,3617,3617,0.3,-1,25.0625,25.0625,0
1786442002616,3000,Minimum,3674,3674,0.3,-1,25.0625,25.0625,0
1786442002716,3000,Minimum,3727,3727,0.3,-1,25.0625,25.0625,0
1786442002816,3000,Minimum,3777,3777,0.3,-1,25.0625,25.0625,0
1786442002916,3000,Minimum,3823,3823,0.3,-1,25.0625,25.0625,0
1786442003017,3000,Minimum,3866,3866,0.3,-1,25.0625,25.0625,0
1786442003116,3000,Minimum,3906,3906,0.3,-1,25.0625,25.0625,0
1786442003216,3000,Minimum,3944,3944,0.3,-1,25.0625,25.0625,0
1786442003316,3000,Minimum,3979,3979,0.3,-1,25.0625,25.0625,0
1786442003416,3000,Minimum,4012,4012,0.3,-1,25.0625,25.0625,0
1786442003516,3000,Minimum,4042,4042,0.3,-1,25.0625,25.0625,0
1786442003616,3000,Minimum,4071,4071,0.3,-1,25.0625,25.0625,0
1786442003716,3000,Minimum,4098,4098,0.3,-1,25.0625,25.0625,0
1786442003816,3000,Minimum,4122,4122,0.3,-1,25.0625,25.0625,0
1786442003916,3000,Minimum,4146,4146,0.3,-1,25.0625,25.0625,0
1786442004016,3000,Minimum,4167,4167,0.3,-1,25.0625,25.0625,0
1786442004116,3000,Minimum,4188,4188,0.3,-1,25.0625,25.0625,0
1786442004216,3000,Minimum,4206,4206,0.3,-1,25.0625,25.0625,0
1786442004317,3000,Minimum,4224,4224,0.3,-1,25.1875,25.1875,0
1786442004416,3000,Minimum,4240,4240,0.3,-1,25.1875,25.1875,0
1786442004516,3000,Minimum,4256,4256,0.3,-1,25.1875,25.1875,0
1786442004616,3000,Minimum,4270,4270,0.3,-1,25.1875,25.1875,0
1786442004716,3000,Minimum,4283,4283,0.3,-1,25.1875,25.1875,0
1786442004816,3000,Minimum,4296,4296,0.3,-1,25.1875,25.1875,0
1786442004916,3000,Minimum,4308,4308,0.3,-1,25.1875,25.1875,0
1786442005016,3000,Minimum,4318,4318,0.3,-1,25.1875,25.1875,0
1786442005116,3000,Minimum,4329,4329,0.3,-1,25.1875,25.1875,0
1786442005216,3000,Minimum,4338,4338,0.3,-1,25.1875,25.1875,0
1786442005316,3000,Minimum,4347,4347,0.3,-1,25.625,25.625,0
1786442005416,3000,Minimum,4355,4355,0.3,-1,25.625,25.625,0
1786442005516,3000,Minimum,4363,4363,0.3,-1,25.625,25.625,0
1786442005616,3000,Minimum,4370,4370,0.3,-1,25.625,25.625,0
1786442005716,3000,Minimum,4377,4377,0.3,-1,25.625,25.625,0
1786442005816,3000,Minimum,4383,4383,0.3,-1,25.625,25.625,0
1786442005916,3000,Minimum,4389,4389,0.3,-1,25.625,25.625,0
1786442006016,3000,Minimum,4394,4394,0.3,-1,25.625,25.625,0
1786442006117,3000,Minimum,4399,4399,0.3,-1,25.625,25.625,0
1786442006216,3000,Minimum,4404,4404,0.3,-1,25.625,25.625,0
1786442006316,3000,Minimum,4409,4409,0.3,-1,26.1875,26.1875,0
1786442006416,3000,Minimum,4413,4413,0.3,-1,26.1875,26.1875,0
1786442006516,3000,Minimum,4417,4417,0.3,-1,26.1875,26.1875,0
1786442006616,3000,Minimum,4420,4420,0.3,-1,26.1875,26.1875,0
1786442006716,3000,Minimum,4424,4424,0.3,-1,26.1875,26.1875,0
1786442006816,3000,Minimum,4427,4427,0.3,-1,26.1875,26.1875,0
1786442006916,3000,Minimum,4430,4430,0.3,-1,26.1875,26.1875,0
1786442007016,3000,Minimum,4432,4432,0.3,-1,26.1875,26.1875,0
1786442007116,3000,Minimum,4435,4435,0.3,-1,26.1875,26.1875,0
1786442007216,3000,Minimum,4437,4437,0.3,-1,26.1875,26.1875,0
1786442007316,3000,Minimum,4439,4439,0.3,-1,26.6875,26.6875,0
1786442007416,3000,Minimum,4442,4442,0.3,-1,26.6875,26.6875,0
1786442007516,3000,Minimum,4443,4443,0.3,-1,26.6875,26.6875,0
1786442007616,3000,Minimum,4445,4445,0.3,-1,26.6875,26.6875,0
1786442007716,3000,Minimum,4447,4447,0.3,-1,26.6875,26.6875,0
1786442007816,3000,Minimum,4449,4449,0.3,-1,26.6875,26.6875,0
1786442007916,3000,Minimum,4450,4450,0.3,-1,26.6875,26.6875,0
1786442008016,3000,Minimum,4451,4451,0.3,-1,26.6875,26.6875,0
1786442008117,3000,Minimum,4453,4453,0.3,-1,26.6875,26.6875,0
1786442008216,3000,Minimum,4454,4454,0.3,-1,26.6875,26.6875,0
1786442008316,3000,Minimum,4455,4455,0.3,-1,27.5625,27.5625,0
1786442008416,3000,Minimum,4456,4456,0.3,-1,27.5625,27.5625,0
1786442008516,3000,Minimum,4457,4457,0.3,-1,27.5625,27.5625,0
1786442008616,3000,Minimum,4458,4458,0.3,-1,27.5625,27.5625,0
1786442008716,3000,Minimum,4459,4459,0.3,-1,27.5625,27.5625,0
1786442008816,3000,Minimum,4460,4460,0.3,-1,27.5625,27.5625,0
1786442008916,3000,Minimum,4460,4460,0.3,-1,27.5625,27.5625,0
1786442009016,3000,Minimum,4461,4461,0.3,-1,27.5625,27.5625,0
1786442009116,3000,Minimum,4462,4462,0.3,-1,27.5625,27.5625,0
1786442009216,3000,Minimum,4462,4462,0.3,-1,27.5625,27.5625,0
1786442009316,3000,Minimum,4463,4463,0.3,-1,28.125,28.125,0
1786442009416,3000,Minimum,4463,4463,0.3,-1,28.125,28.125,0
1786442009516,3000,Minimum,4464,4464,0.3,-1,28.125,28.125,0
1786442009616,3000,Minimum,4464,4464,0.3,-1,28.125,28.125,0
1786442009717,3000,Minimum,4465,4465,0.3,-1,28.125,28.125,0
1786442009816,3000,Minimum,4465,4465,0.3,-1,28.125,28.125,0
1786442009916,3000,Minimum,4465,4465,0.3,-1,28.125,28.125,0
1786442010016,3000,Minimum,4466,4466,0.3,-1,28.125,28.125,0
1786442010118,3000,Minimum,4466,4466,0.3,-1,28.125,28.125,0
1786442010218,3000,Minimum,4466,4466,0.3,-1,28.125,28.125,0
1786442010318,3000,Minimum,4467,4467,0.3,-1,28.875,28.875,0
1786442010418,3000,Minimum,4467,4467,0.3,-1,28.875,28.875,0
1786442010518,3000,Minimum,4467,4467,0.3,-1,28.875,28.875,0
1786442010618,3000,Minimum,4467,4467,0.3,-1,28.875,28.875,0
1786442010718,3000,Minimum,4468,4468,0.3,-1,28.875,28.875,0
1786442010818,3000,Minimum,4468,4468,0.3,-1,28.875,28.875,0
1786442010918,3000,Minimum,4468,4468,0.3,-1,28.875,28.875,0
1786442011018,3000,Minimum,4468,4468,0.3,-1,28.875,28.875,0
1786442011117,3000,Minimum,4468,4468,0.3,-1,28.875,28.875,0
1786442011218,3000,Minimum,4468,4468,0.3,-1,28.875,28.875,0
1786442011318,3000,Minimum,4469,4469,0.3,-1,29.75,29.75,0
1786442011418,3000,Minimum,4469,4469,0.3,-1,29.75,29.75,0
1786442011518,3000,Minimum,4469,4469,0.3,-1,29.75,29.75,0
1786442011617,3000,Minimum,4469,4469,0.3,-1,29.75,29.75,0
1786442011718,3000,Minimum,4469,4469,0.3,-1,29.75,29.75,0
1786442011817,3000,Minimum,4469,4469,0.3,-1,29.75,29.75,0
1786442011918,3000,Minimum,4469,4469,0.3,-1,29.75,29.75,0
1786442012017,3000,Minimum,4469,4469,0.3,-1,29.75,29.75,0
1786442012117,3000,Minimum,4469,4469,0.3,-1,29.75,29.75,0
1786442012218,3000,Minimum,4470,4470,0.3,-1,29.75,29.75,0
1786442012317,3000,Minimum,4470,4470,0.3,-1,30.375,30.375,0
1786442012417,3000,Minimum,4470,4470,0.3,-1,30.375,30.375,0
1786442012517,3000,Minimum,4470,4470,0.3,-1,30.375,30.375,0
1786442012617,3000,Minimum,4470,4470,0.3,-1,30.375,30.375,0
1786442012717,3000,Minimum,4470,4470,0.3,-1,30.375,30.375,0
1786442012817,3000,Minimum,4470,4470,0.3,-1,30.375,30.375,0
1786442012918,3000,Minimum,4470,4470,0.3,-1,30.375,30.375,0
1786442013018,3000,Minimum,4470,4470,0.3,-1,30.375,30.375,0
1786442013117,3000,Minimum,4470,4470,0.3,-1,30.375,30.375,0
1786442013217,3000,Minimum,4470,4470,0.3,-1,30.375,30.375,0
1786442013317,3000,Minimum,4470,4470,0.3,-1,31.125,31.125,0
1786442013417,3000,Minimum,4470,4470,0.3,-1,31.125,31.125,0
1786442013517,3000,Minimum,4470,4470,0.3,-1,31.125,31.125,0
1786442013617,3000,Minimum,4470,4470,0.3,-1,31.125,31.125,0
1786442013717,3000,Minimum,4470,4470,0.3,-1,31.125,31.125,0
1786442013817,3000,Minimum,4470,4470,0.3,-1,31.125,31.125,0
1786442013917,3000,Minimum,4470,4470,0.3,-1,31.125,31.125,0
1786442014017,3000,Minimum,4470,4470,0.3,-1,31.125,31.125,0
1786442014117,3000,Minimum,4470,4470,0.3,-1,31.125,31.125,0
1786442014217,3000,Minimum,4470,4470,0.3,-1,31.125,31.125,0
1786442014317,3000,Minimum,4470,4470,0.3,-1,31.875,31.875,0
1786442014417,3000,Minimum,4470,4470,0.3,-1,31.875,31.875,0
1786442014517,3000,Minimum,4470,4470,0.3,-1,31.875,31.875,0
1786442014617,3000,Minimum,4470,4470,0.3,-1,31.875,31.875,0
1786442014717,3000,Minimum,4470,4470,0.3,-1,31.875,31.875,0
1786442014817,3000,Minimum,4470,4470,0.3,-1,31.875,31.875,0
1786442014917,3000,Minimum,4470,4470,0.3,-1,31.875,31.875,0
1786442015017,3000,Minimum,4470,4470,0.3,-1,31.875,31.875,0
1786442015117,3000,Minimum,4470,4470,0.3,-1,31.875,31.875,0
1786442015217,3000,Minimum,4470,4470,0.3,-1,31.875,31.875,0
1786442015317,3000,Minimum,4470,4470,0.3,-1,32.5625,32.5625,0
1786442015417,3000,Minimum,4470,4470,0.3,-1,32.5625,32.5625,0
1786442015517,3000,Minimum,4470,4470,0.3,-1,32.5625,32.5625,0
1786442015617,3000,Minimum,4470,4470,0.3,-1,32.5625,32.5625,0
1786442015717,3000,Minimum,4470,4470,0.3,-1,32.5625,32.5625,0
1786442015817,3000,Minimum,4470,4470,0.3,-1,32.5625,32.5625,0
1786442015917,3000,Minimum,4471,4471,0.3,-1,32.5625,32.5625,0
1786442016017,3000,Minimum,4471,4471,0.3,-1,32.5625,32.5625,0
1786442016117,3000,Minimum,4471,4471,0.3,-1,32.5625,32.5625,0
1786442016217,3000,Minimum,4471,4471,0.3,-1,32.5625,32.5625,0
1786442016317,3000,Minimum,4471,4471,0.3,-1,33.25,33.25,0
1786442016417,3000,Minimum,4471,4471,0.3,-1,33.25,33.25,0
1786442016517,3000,Minimum,4471,4471,0.3,-1,33.25,33.25,0
1786442016617,3000,Minimum,4471,4471,0.3,-1,33.25,33.25,0
1786442016717,3000,Minimum,4471,4471,0.3,-1,33.25,33.25,0
1786442016817,3000,Minimum,4471,4471,0.3,-1,33.25,33.25,0
1786442016917,3000,Minimum,4471,4471,0.3,-1,33.25,33.25,0
1786442017017,3000,Minimum,4471,4471,0.3,-1,33.25,33.25,0
1786442017117,3000,Minimum,4471,4471,0.3,-1,33.25,33.25,0
1786442017217,3000,Minimum,4471,4471,0.3,-1,33.25,33.25,0
1786442017317,3000,Minimum,4471,4471,0.3,-1,33.9375,33.9375,0
1786442017417,3000,Minimum,4471,4471,0.3,-1,33.9375,33.9375,0
1786442017517,3000,Minimum,4471,4471,0.3,-1,33.9375,33.9375,0
1786442017617,3000,Minimum,4471,4471,0.3,-1,33.9375,33.9375,0
1786442017717,3000,Minimum,4471,4471,0.3,-1,33.9375,33.9375,0
1786442017817,3000,Minimum,4471,4471,0.3,-1,33.9375,33.9375,0
1786442017917,3000,Minimum,4471,4471,0.3,-1,33.9375,33.9375,0
1786442018017,3000,Minimum,4471,4471,0.3,-1,33.9375,33.9375,0
1786442018117,3000,Minimum,4471,4471,0.3,-1,33.9375,33.9375,0
1786442018217,3000,Minimum,4471,4471,0.3,-1,33.9375,33.9375,0
1786442018317,3000,Minimum,4471,4471,0.3,-1,34.5625,34.5625,0
1786442018417,3000,Minimum,4471,4471,0.3,-1,34.5625,34.5625,0
1786442018517,3000,Minimum,4471,4471,0.3,-1,34.5625,34.5625,0
1786442018617,3000,Minimum,4471,4471,0.3,-1,34.5625,34.5625,0
1786442018717,3000,Minimum,4471,4471,0.3,-1,34.5625,34.5625,0
1786442018817,3000,Minimum,4471,4471,0.3,-1,34.5625,34.5625,0
1786442018917,3000,Minimum,4471,4471,0.3,-1,34.5625,34.5625,0
1786442019017,3000,Minimum,4471,4471,0.3,-1,34.5625,34.5625,0
1786442019117,3000,Minimum,4471,4471,0.3,-1,34.5625,34.5625,0
1786442019217,3000,Minimum,4471,4471,0.3,-1,34.5625,34.5625,0
1786442019317,3000,Minimum,4471,4471,0.3,-1,35.25,35.25,0
1786442019417,3000,Minimum,4471,4471,0.3,-1,35.25,35.25,0
1786442019517,3000,Minimum,4471,4471,0.3,-1,35.25,35.25,0
1786442019617,3000,Minimum,4471,4471,0.3,-1,35.25,35.25,0
1786442019717,3000,Minimum,4471,4471,0.3,-1,35.25,35.25,0
1786442019817,3000,Minimum,4471,4471,0.3,-1,35.25,35.25,0
1786442019917,3000,Minimum,4471,4471,0.3,-1,35.25,35.25,0
1786442020017,3000,Minimum,4471,4471,0.3,-1,35.25,35.25,0
1786442020117,3000,Minimum,4471,4471,0.3,-1,35.25,35.25,0
1786442020217,3000,Minimum,4471,4471,0.3,-1,35.25,35.25,0
1786442020317,3000,Minimum,4471,4471,0.3,-1,35.875,35.875,0
1786442020417,3000,Minimum,4471,4471,0.3,-1,35.875,35.875,0
1786442020517,3000,Minimum,4471,4471,0.3,-1,35.875,35.875,0
1786442020616,3000,Minimum,4471,4471,0.3,-1,35.875,35.875,0
1786442020716,3000,Minimum,4471,4471,0.3,-1,35.875,35.875,0
1786442020817,3000,Minimum,4471,4471,0.3,-1,35.875,35.875,0
1786442020917,3000,Minimum,4471,4471,0.3,-1,35.875,35.875,0
1786442021017,3000,Minimum,4471,4471,0.3,-1,35.875,35.875,0
1786442021117,3000,Minimum,4471,4471,0.3,-1,35.875,35.875,0
1786442021217,3000,Minimum,4471,4471,0.3,-1,35.875,35.875,0
1786442021317,3000,Minimum,4471,4471,0.3,-1,36.4375,36.4375,0
1786442021417,3000,Minimum,4471,4471,0.3,-1,36.4375,36.4375,0
1786442021516,3000,Minimum,4471,4471,0.3,-1,36.4375,36.4375,0
1786442021617,3000,Minimum,4471,4471,0.3,-1,36.4375,36.4375,0
1786442021717,3000,Minimum,4471,4471,0.3,-1,36.4375,36.4375,0
1786442021817,3000,Minimum,4471,4471,0.3,-1,36.4375,36.4375,0
1786442021916,3000,Minimum,4471,4471,0.3,-1,36.4375,36.4375,0
1786442022017,3000,Minimum,4471,4471,0.3,-1,36.4375,36.4375,0
1786442022116,3000,Minimum,4471,4471,0.3,-1,36.4375,36.4375,0
1786442022217,3000,Minimum,4471,4471,0.3,-1,36.4375,36.4375,0
1786442022316,3000,Minimum,4471,4471,0.3,-1,37.125,37.125,0
1786442022416,3000,Minimum,4471,4471,0.3,-1,37.125,37.125,0
1786442022516,3000,Minimum,4471,4471,0.3,-1,37.125,37.125,0
1786442022617,3000,Minimum,4471,4471,0.3,-1,37.125,37.125,0
1786442022717,3000,Minimum,4471,4471,0.3,-1,37.125,37.125,0
1786442022816,3000,Minimum,4471,4471,0.3,-1,37.125,37.125,0
1786442022917,3000,Minimum,4471,4471,0.3,-1,37.125,37.125,0
1786442023017,3000,Minimum,4471,4471,0.3,-1,37.125,37.125,0
1786442023116,3000,Minimum,4471,4471,0.3,-1,37.125,37.125,0
1786442023216,3000,Minimum,4471,4471,0.3,-1,37.125,37.125,0
1786442023317,3000,Minimum,4471,4471,0.3,-1,37.75,37.75,0
1786442023417,3000,Minimum,4471,4471,0.3,-1,37.75,37.75,0
1786442023517,3000,Minimum,4471,4471,0.3,-1,37.75,37.75,0
1786442023616,3000,Minimum,4471,4471,0.3,-1,37.75,37.75,0
1786442023716,3000,Minimum,4471,4471,0.3,-1,37.75,37.75,0
1786442023817,3000,Minimum,4471,4471,0.3,-1,37.75,37.75,0
1786442023916,3000,Minimum,4471,4471,0.3,-1,37.75,37.75,0
1786442024016,3000,Minimum,4471,4471,0.3,-1,37.75,37.75,0
1786442024116,3000,Minimum,4471,4471,0.3,-1,37.75,37.75,0
1786442024216,3000,Minimum,4471,4471,0.3,-1,37.75,37.75,0
1786442024316,3000,Minimum,4471,4471,0.3,-1,38.3125,38.3125,0
1786442024416,3000,Minimum,4471,4471,0.3,-1,38.3125,38.3125,0
1786442024516,3000,Minimum,4471,4471,0.3,-1,38.3125,38.3125,0
1786442024616,3000,Minimum,4471,4471,0.3,-1,38.3125,38.3125,0
1786442024716,3000,Minimum,4471,4471,0.3,-1,38.3125,38.3125,0
1786442024816,3000,Minimum,4471,4471,0.3,-1,38.3125,38.3125,0
1786442024916,3000,Minimum,4471,4471,0.3,-1,38.3125,38.3125,0
1786442025016,3000,Minimum,4471,4471,0.3,-1,38.3125,38.3125,0
1786442025116,3000,Minimum,4471,4471,0.3,-1,38.3125,38.3125,0
1786442025216,3000,Minimum,4471,4471,0.3,-1,38.3125,38.3125,0
1786442025316,3000,Minimum,4471,4471,0.3,-1,38.9375,38.9375,0
1786442025416,3000,Minimum,4471,4471,0.3,-1,38.9375,38.9375,0
1786442025516,3000,Minimum,4471,4471,0.3,-1,38.9375,38.9375,0
1786442025616,3000,Minimum,4471,4471,0.3,-1,38.9375,38.9375,0
1786442025716,3000,Minimum,4471,4471,0.3,-1,38.9375,38.9375,0
1786442025816,3000,Minimum,4471,4471,0.3,-1,38.9375,38.9375,0
1786442025916,3000,Minimum,4471,4471,0.3,-1,38.9375,38.9375,0
1786442026016,3000,Minimum,4471,4471,0.3,-1,38.9375,38.9375,0
1786442026116,3000,Minimum,4471,4471,0.3,-1,38.9375,38.9375,0
1786442026216,3000,Minimum,4471,4471,0.3,-1,38.9375,38.9375,0
1786442026316,3000,Minimum,4471,4471,0.3,-1,39.4375,39.4375,0
1786442026416,3000,Minimum,4471,4471,0.3,-1,39.4375,39.4375,0
1786442026516,3000,Minimum,4471,4471,0.3,-1,39.4375,39.4375,0
1786442026616,3000,Minimum,4471,4471,0.3,-1,39.4375,39.4375,0
1786442026716,3000,Minimum,4471,4471,0.3,-1,39.4375,39.4375,0
1786442026816,3000,Minimum,4471,4471,0.3,-1,39.4375,39.4375,0
1786442026916,3000,Minimum,4471,4471,0.3,-1,39.4375,39.4375,0
1786442027016,3000,Minimum,4471,4471,0.3,-1,39.4375,39.4375,0
1786442027116,3000,Minimum,4471,4471,0.3,-1,39.4375,39.4375,0
1786442027216,3000,Minimum,4471,4471,0.3,-1,39.4375,39.4375,0
1786442027316,3000,Minimum,4471,4471,0.3,-1,40,40,0
1786442027416,3000,Minimum,4471,4471,0.3,-1,40,40,0
1786442027516,3000,Minimum,4471,4471,0.3,-1,40,40,0
1786442027616,3000,Minimum,4471,4471,0.3,-1,40,40,0
1786442027716,3000,Minimum,4471,4471,0.3,-1,40,40,0
1786442027816,3000,Minimum,4471,4471,0.3,-1,40,40,0
1786442027916,3000,Minimum,4471,4471,0.3,-1,40,40,0
1786442028016,3000,Minimum,4471,4471,0.3,-1,40,40,0
1786442028116,3000,Minimum,4471,4471,0.3,-1,40,40,0
1786442028216,3000,Minimum,4471,4471,0.3,-1,40,40,0
1786442028316,3000,Minimum,4471,4471,0.3,-1,40.5,40.5,0
1786442028416,3000,Minimum,4471,4471,0.3,-1,40.5,40.5,0
1786442028516,3000,Minimum,4471,4471,0.3,-1,40.5,40.5,0
1786442028616,3000,Minimum,4471,4471,0.3,-1,40.5,40.5,0
1786442028716,3000,Minimum,4471,4471,0.3,-1,40.5,40.5,0
1786442028816,3000,Minimum,4471,4471,0.3,-1,40.5,40.5,0
1786442028916,3000,Minimum,4471,4471,0.3,-1,40.5,40.5,0
1786442029016,3000,Minimum,4471,4471,0.3,-1,40.5,40.5,0
1786442029116,3000,Minimum,4471,4471,0.3,-1,40.5,40.5,0
1786442029216,3000,Minimum,4471,4471,0.3,-1,40.5,40.5,0
1786442029316,3000,Minimum,4471,4471,0.3,-1,41.0625,41.0625,0
1786442029416,3000,Minimum,4471,4471,0.3,-1,41.0625,41.0625,0
1786442029516,3000,Minimum,4471,4471,0.3,-1,41.0625,41.0625,0
1786442029616,3000,Minimum,4471,4471,0.3,-1,41.0625,41.0625,0
1786442029716,3000,Minimum,4471,4471,0.3,-1,41.0625,41.0625,0
1786442029816,3000,Minimum,4471,4471,0.3,-1,41.0625,41.0625,0
1786442029916,3000,Minimum,4471,4471,0.3,-1,41.0625,41.0625,0
1786442030016,3000,Minimum,4471,4471,0.3,-1,41.0625,41.0625,0
1786442030116,3000,Minimum,4471,4471,0.3,-1,41.0625,41.0625,0
1786442030216,3000,Minimum,4471,4471,0.3,-1,41.0625,41.0625,0
1786442030316,3000,Minimum,4471,4471,0.3,-1,41.5625,41.5625,0
1786442030416,3000,Minimum,4471,4471,0.3,-1,41.5625,41.5625,0
1786442030516,3000,Minimum,4471,4471,0.3,-1,41.5625,41.5625,0
1786442030616,3000,Minimum,4471,4471,0.3,-1,41.5625,41.5625,0
1786442030716,3000,Minimum,4471,4471,0.3,-1,41.5625,41.5625,0
1786442030816,3000,Minimum,4471,4471,0.3,-1,41.5625,41.5625,0
1786442030916,3000,Minimum,4471,4471,0.3,-1,41.5625,41.5625,0
1786442031016,3000,Minimum,4471,4471,0.3,-1,41.5625,41.5625,0
1786442031116,3000,Minimum,4471,4471,0.3,-1,41.5625,41.5625,0
1786442031216,3000,Minimum,4471,4471,0.3,-1,41.5625,41.5625,0
1786442031316,3000,Minimum,4471,4471,0.3,-1,42.0625,42.0625,0
1786442031416,3000,Minimum,4471,4471,0.3,-1,42.0625,42.0625,0
1786442031516,3000,Minimum,4471,4471,0.3,-1,42.0625,42.0625,0
1786442031616,3000,Minimum,4471,4471,0.3,-1,42.0625,42.0625,0
1786442031716,3000,Minimum,4471,4471,0.3,-1,42.0625,42.0625,0
1786442031816,3000,Minimum,4471,4471,0.3,-1,42.0625,42.0625,0
1786442031916,3000,Minimum,4471,4471,0.3,-1,42.0625,42.0625,0
1786442032016,3000,Minimum,4471,4471,0.3,-1,42.0625,42.0625,0
1786442032116,3000,Minimum,4471,4471,0.3,-1,42.0625,42.0625,0
1786442032216,3000,Minimum,4471,4471,0.3,-1,42.0625,42.0625,0
1786442032316,3000,Minimum,4471,4471,0.3,-1,42.5625,42.5625,0
1786442032416,3000,Minimum,4471,4471,0.3,-1,42.5625,42.5625,0
1786442032516,3000,Minimum,4471,4471,0.3,-1,42.5625,42.5625,0
1786442032616,3000,Minimum,4471,4471,0.3,-1,42.5625,42.5625,0
1786442032716,3000,Minimum,4471,4471,0.3,-1,42.5625,42.5625,0
1786442032816,3000,Minimum,4471,4471,0.3,-1,42.5625,42.5625,0
1786442032916,3000,Minimum,4471,4471,0.3,-1,42.5625,42.5625,0
1786442033016,3000,Minimum,4471,4471,0.3,-1,42.5625,42.5625,0
1786442033116,3000,Minimum,4471,4471,0.3,-1,42.5625,42.5625,0
1786442033216,3000,Minimum,4471,4471,0.3,-1,42.5625,42.5625,0
1786442033316,3000,Minimum,4471,4471,0.3,-1,43,43,0
1786442033416,3000,Minimum,4471,4471,0.3,-1,43,43,0
1786442033516,3000,Minimum,4471,4471,0.3,-1,43,43,0
1786442033616,3000,Minimum,4471,4471,0.3,-1,43,43,0
1786442033716,3000,Minimum,4471,4471,0.3,-1,43,43,0
1786442033816,3000,Minimum,4471,4471,0.3,-1,43,43,0
1786442033916,3000,Minimum,4471,4471,0.3,-1,43,43,0
1786442034016,3000,Minimum,4471,4471,0.3,-1,43,43,0
1786442034116,3000,Minimum,4471,4471,0.3,-1,43,43,0
1786442034216,3000,Minimum,4471,4471,0.3,-1,43,43,0
1786442034316,3000,Minimum,4471,4471,0.3,-1,43.5625,43.5625,0
1786442034416,3000,Minimum,4471,4471,0.3,-1,43.5625,43.5625,0
1786442034516,3000,Minimum,4471,4471,0.3,-1,43.5625,43.5625,0
1786442034616,3000,Minimum,4471,4471,0.3,-1,43.5625,43.5625,0
1786442034716,3000,Minimum,4471,4471,0.3,-1,43.5625,43.5625,0
1786442034816,3000,Minimum,4471,4471,0.3,-1,43.5625,43.5625,0
1786442034916,3000,Minimum,4471,4471,0.3,-1,43.5625,43.5625,0
1786442035016,3000,Minimum,4471,4471,0.3,-1,43.5625,43.5625,0
1786442035116,3000,Minimum,4471,4471,0.3,-1,43.5625,43.5625,0
1786442035216,3000,Minimum,4471,4471,0.3,-1,43.5625,43.5625,0
1786442035316,3000,Minimum,4471,4471,0.3,-1,44,44,0
1786442035416,3000,Minimum,4471,4471,0.3,-1,44,44,0
1786442035516,3000,Minimum,4471,4471,0.3,-1,44,44,0
1786442035616,3000,Minimum,4471,4471,0.3,-1,44,44,0
1786442035716,3000,Minimum,4471,4471,0.3,-1,44,44,0
1786442035816,3000,Minimum,4471,4471,0.3,-1,44,44,0
1786442035917,3000,Minimum,4471,4471,0.3,-1,44,44,0
1786442036016,3000,Minimum,4471,4471,0.3,-1,44,44,0
1786442036116,3000,Minimum,4471,4471,0.3,-1,44,44,0
1786442036216,3000,Minimum,4471,4471,0.3,-1,44,44,0
1786442036316,3000,Minimum,4471,4471,0.3,-1,44.4375,44.4375,0
1786442036416,3000,Minimum,4471,4471,0.3,-1,44.4375,44.4375,0
1786442036516,3000,Minimum,4471,4471,0.3,-1,44.4375,44.4375,0
1786442036617,3000,Minimum,4471,4471,0.3,-1,44.4375,44.4375,0
1786442036716,3000,Minimum,4471,4471,0.3,-1,44.4375,44.4375,0
1786442036816,3000,Minimum,4471,4471,0.3,-1,44.4375,44.4375,0
1786442036916,3000,Minimum,4471,4471,0.3,-1,44.4375,44.4375,0
1786442037016,3000,Minimum,4471,4471,0.3,-1,44.4375,44.4375,0
1786442037116,3000,Minimum,4471,4471,0.3,-1,44.4375,44.4375,0
1786442037216,3000,Minimum,4471,4471,0.3,-1,44.4375,44.4375,0
1786442037316,3000,Minimum,4471,4471,0.3,-1,44.8125,44.8125,0
1786442037416,3000,Minimum,4471,4471,0.3,-1,44.8125,44.8125,0
1786442037516,3000,Minimum,4471,4471,0.3,-1,44.8125,44.8125,0
1786442037616,3000,Minimum,4471,4471,0.3,-1,44.8125,44.8125,0
1786442037716,3000,Minimum,4471,4471,0.3,-1,44.8125,44.8125,0
1786442037816,3000,Minimum,4471,4471,0.3,-1,44.8125,44.8125,0
1786442037916,3000,Minimum,4471,4471,0.3,-1,44.8125,44.8125,0
1786442038016,3000,Minimum,4471,4471,0.3,-1,44.8125,44.8125,0
1786442038116,3000,Minimum,4471,4471,0.3,-1,44.8125,44.8125,0
1786442038216,3000,Minimum,4471,4471,0.3,-1,44.8125,44.8125,0
1786442038316,3000,Minimum,4471,4471,0.3,-1,45.3125,45.3125,0
1786442038416,3000,Minimum,4471,4471,0.3,-1,45.3125,45.3125,0
1786442038516,3000,Minimum,4471,4471,0.3,-1,45.3125,45.3125,0
1786442038617,3000,Minimum,4471,4471,0.3,-1,45.3125,45.3125,0
1786442038716,3000,Minimum,4471,4471,0.3,-1,45.3125,45.3125,0
1786442038816,3000,Minimum,4471,4471,0.3,-1,45.3125,45.3125,0
1786442038916,3000,Minimum,4471,4471,0.3,-1,45.3125,45.3125,0
1786442039016,3000,Minimum,4471,4471,0.3,-1,45.3125,45.3125,0
1786442039116,3000,Minimum,4471,4471,0.3,-1,45.3125,45.3125,0
1786442039216,3000,Minimum,4471,4471,0.3,-1,45.3125,45.3125,0
1786442039316,3000,Minimum,4471,4471,0.3,-1,45.625,45.625,0
1786442039416,3000,Minimum,4471,4471,0.3,-1,45.625,45.625,0
1786442039516,3000,Minimum,4471,4471,0.3,-1,45.625,45.625,0
1786442039616,3000,Minimum,4471,4471,0.3,-1,45.625,45.625,0
1786442039716,3000,Minimum,4471,4471,0.3,-1,45.625,45.625,0
1786442039816,3000,Minimum,4471,4471,0.3,-1,45.625,45.625,0
1786442039916,3000,Minimum,4471,4471,0.3,-1,45.625,45.625,0
1786442040016,3000,Minimum,4471,4471,0.3,-1,45.625,45.625,0
1786442040116,3000,Minimum,4471,4471,0.3,-1,45.625,45.625,0
1786442040216,3000,Minimum,4471,4471,0.3,-1,45.625,45.625,0
1786442040316,3000,Minimum,4471,4471,0.3,-1,46.0625,46.0625,0
1786442040416,3000,Minimum,4471,4471,0.3,-1,46.0625,46.0625,0
1786442040516,3000,Minimum,4471,4471,0.3,-1,46.0625,46.0625,0
1786442040617,3000,Minimum,4471,4471,0.3,-1,46.0625,46.0625,0
1786442040716,3000,Minimum,4471,4471,0.3,-1,46.0625,46.0625,0
1786442040816,3000,Minimum,4471,4471,0.3,-1,46.0625,46.0625,0
1786442040916,3000,Minimum,4471,4471,0.3,-1,46.0625,46.0625,0
1786442041016,3000,Minimum,4471,4471,0.3,-1,46.0625,46.0625,0
1786442041116,3000,Minimum,4471,4471,0.3,-1,46.0625,46.0625,0
1786442041216,3000,Minimum,4471,4471,0.3,-1,46.0625,46.0625,0
1786442041316,3000,Minimum,4471,4471,0.3,-1,46.5625,46.5625,0
1786442041416,3000,Minimum,4471,4471,0.3,-1,46.5625,46.5625,0
1786442041516,3000,Minimum,4471,4471,0.3,-1,46.5625,46.5625,0
1786442041616,3000,Minimum,4471,4471,0.3,-1,46.5625,46.5625,0
1786442041717,3000,Minimum,4471,4471,0.3,-1,46.5625,46.5625,0
1786442041816,3000,Minimum,4471,4471,0.3,-1,46.5625,46.5625,0
1786442041916,3000,Minimum,4471,4471,0.3,-1,46.5625,46.5625,0
1786442042016,3000,Minimum,4471,4471,0.3,-1,46.5625,46.5625,0
1786442042118,3000,Minimum,4471,4471,0.3,-1,46.5625,46.5625,0
1786442042218,3000,Minimum,4471,4471,0.3,-1,46.5625,46.5625,0
1786442042318,3000,Minimum,4471,4471,0.3,-1,46.875,46.875,0
1786442042418,3000,Minimum,4471,4471,0.3,-1,46.875,46.875,0
1786442042518,3000,Minimum,4471,4471,0.3,-1,46.875,46.875,0
1786442042618,3000,Minimum,4471,4471,0.3,-1,46.875,46.875,0
1786442042718,3000,Minimum,4471,4471,0.3,-1,46.875,46.875,0
1786442042818,3000,Minimum,4471,4471,0.3,-1,46.875,46.875,0
1786442042918,3000,Minimum,4471,4471,0.3,-1,46.875,46.875,0
1786442043018,3000,Minimum,4471,4471,0.3,-1,46.875,46.875,0
1786442043118,3000,Minimum,4471,4471,0.3,-1,46.875,46.875,0
1786442043218,3000,Minimum,4471,4471,0.3,-1,46.875,46.875,0
1786442043317,3000,Minimum,4471,4471,0.3,-1,47.3125,47.3125,0
1786442043418,3000,Minimum,4471,4471,0.3,-1,47.3125,47.3125,0
1786442043518,3000,Minimum,4471,4471,0.3,-1,47.3125,47.3125,0
1786442043618,3000,Minimum,4471,4471,0.3,-1,47.3125,47.3125,0
1786442043718,3000,Minimum,4471,4471,0.3,-1,47.3125,47.3125,0
1786442043818,3000,Minimum,4471,4471,0.3,-1,47.3125,47.3125,0
1786442043918,3000,Minimum,4471,4471,0.3,-1,47.3125,47.3125,0
1786442044018,3000,Minimum,4471,4471,0.3,-1,47.3125,47.3125,0
1786442044118,3000,Minimum,4471,4471,0.3,-1,47.3125,47.3125,0
1786442044218,3000,Minimum,4471,4471,0.3,-1,47.3125,47.3125,0
1786442044318,3000,Minimum,4471,4471,0.3,-1,47.625,47.625,0
1786442044418,3000,Minimum,4471,4471,0.3,-1,47.625,47.625,0
1786442044518,3000,Minimum,4471,4471,0.3,-1,47.625,47.625,0
1786442044618,3000,Minimum,4471,4471,0.3,-1,47.625,47.625,0
1786442044718,3000,Minimum,4471,4471,0.3,-1,47.625,47.625,0
1786442044818,3000,Minimum,4471,4471,0.3,-1,47.625,47.625,0
1786442044918,3000,Minimum,4471,4471,0.3,-1,47.625,47.625,0
1786442045018,3000,Minimum,4471,4471,0.3,-1,47.625,47.625,0
1786442045117,3000,Minimum,4471,4471,0.3,-1,47.625,47.625,0
1786442045217,3000,Minimum,4471,4471,0.3,-1,47.625,47.625,0
1786442045317,3000,Minimum,4471,4471,0.3,-1,48,48,0
1786442045418,3000,Minimum,4471,4471,0.3,-1,48,48,0
1786442045518,3000,Minimum,4471,4471,0.3,-1,48,48,0
1786442045618,3000,Minimum,4471,4471,0.3,-1,48,48,0
1786442045718,3000,Minimum,4471,4471,0.3,-1,48,48,0
1786442045818,3000,Minimum,4471,4471,0.3,-1,48,48,0
1786442045917,3000,Minimum,4471,4471,0.3,-1,48,48,0
1786442046018,3000,Minimum,4471,4471,0.3,-1,48,48,0
1786442046117,3000,Minimum,4471,4471,0.3,-1,48,48,0
1786442046217,3000,Minimum,4471,4471,0.3,-1,48,48,0
1786442046317,3000,Minimum,4471,4471,0.3,-1,48.375,48.375,0
1786442046417,3000,Minimum,4471,4471,0.3,-1,48.375,48.375,0
1786442046517,3000,Minimum,4471,4471,0.3,-1,48.375,48.375,0
1786442046617,3000,Minimum,4471,4471,0.3,-1,48.375,48.375,0
1786442046717,3000,Minimum,4471,4471,0.3,-1,48.375,48.375,0
1786442046817,3000,Minimum,4471,4471,0.3,-1,48.375,48.375,0
1786442046917,3000,Minimum,4471,4471,0.3,-1,48.375,48.375,0
1786442047017,3000,Minimum,4471,4471,0.3,-1,48.375,48.375,0
1786442047117,3000,Minimum,4471,4471,0.3,-1,48.375,48.375,0
1786442047217,3000,Minimum,4471,4471,0.3,-1,48.375,48.375,0
1786442047317,3000,Minimum,4471,4471,0.3,-1,48.8125,48.8125,0
1786442047417,3000,Minimum,4471,4471,0.3,-1,48.8125,48.8125,0
1786442047517,3000,Minimum,4471,4471,0.3,-1,48.8125,48.8125,0
1786442047617,3000,Minimum,4471,4471,0.3,-1,48.8125,48.8125,0
1786442047717,3000,Minimum,4471,4471,0.3,-1,48.8125,48.8125,0
1786442047817,3000,Minimum,4471,4471,0.3,-1,48.8125,48.8125,0
1786442047917,3000,Minimum,4471,4471,0.3,-1,48.8125,48.8125,0
1786442048017,3000,Minimum,4471,4471,0.3,-1,48.8125,48.8125,0
1786442048117,3000,Minimum,4471,4471,0.3,-1,48.8125,48.8125,0
1786442048217,3000,Minimum,4471,4471,0.3,-1,48.8125,48.8125,0
1786442048317,3000,Minimum,4471,4471,0.3,-1,49.0625,49.0625,0
1786442048417,3000,Minimum,4471,4471,0.3,-1,49.0625,49.0625,0
1786442048517,3000,Minimum,4471,4471,0.3,-1,49.0625,49.0625,0
1786442048617,3000,Minimum,4471,4471,0.3,-1,49.0625,49.0625,0
1786442048717,3000,Minimum,4471,4471,0.3,-1,49.0625,49.0625,0
1786442048817,3000,Minimum,4471,4471,0.3,-1,49.0625,49.0625,0
1786442048917,3000,Minimum,4471,4471,0.3,-1,49.0625,49.0625,0
1786442049017,3000,Minimum,4471,4471,0.3,-1,49.0625,49.0625,0
1786442049117,3000,Minimum,4471,4471,0.3,-1,49.0625,49.0625,0
1786442049217,3000,Minimum,4471,4471,0.3,-1,49.0625,49.0625,0
1786442049317,3000,Minimum,4471,4471,0.3,-1,49.4375,49.4375,0
1786442049417,3000,Minimum,4471,4471,0.3,-1,49.4375,49.4375,0
1786442049517,3000,Minimum,4471,4471,0.3,-1,49.4375,49.4375,0
1786442049617,3000,Minimum,4471,4471,0.3,-1,49.4375,49.4375,0
1786442049717,3000,Minimum,4471,4471,0.3,-1,49.4375,49.4375,0
1786442049817,3000,Minimum,4471,4471,0.3,-1,49.4375,49.4375,0
1786442049917,3000,Minimum,4471,4471,0.3,-1,49.4375,49.4375,0
1786442050017,3000,Minimum,4471,4471,0.3,-1,49.4375,49.4375,0
1786442050117,3000,Minimum,4471,4471,0.3,-1,49.4375,49.4375,0
1786442050217,3000,Minimum,4471,4471,0.3,-1,49.4375,49.4375,0
1786442050317,3000,Minimum,4471,4471,0.3,-1,49.8125,49.8125,0
1786442050417,3000,Minimum,4471,4471,0.3,-1,49.8125,49.8125,0
1786442050517,3000,Minimum,4471,4471,0.3,-1,49.8125,49.8125,0
1786442050617,3000,Minimum,4471,4471,0.3,-1,49.8125,49.8125,0
1786442050717,3000,Minimum,4471,4471,0.3,-1,49.8125,49.8125,0
1786442050817,3000,Minimum,4471,4471,0.3,-1,49.8125,49.8125,0
1786442050917,3000,Minimum,4471,4471,0.3,-1,49.8125,49.8125,0
1786442051017,3000,Minimum,4471,4471,0.3,-1,49.8125,49.8125,0
1786442051117,3000,Minimum,4471,4471,0.3,-1,49.8125,49.8125,0
1786442051217,3000,Minimum,4471,4471,0.3,-1,49.8125,49.8125,0
1786442051317,3000,Minimum,4471,4471,0.3,-1,50.125,50.125,0
1786442051417,3000,Minimum,4471,4471,0.3,-1,50.125,50.125,0
1786442051517,3000,Minimum,4471,4471,0.3,-1,50.125,50.125,0
1786442051617,3000,Minimum,4471,4471,0.3,-1,50.125,50.125,0
1786442051717,3000,Minimum,4471,4471,0.3,-1,50.125,50.125,0
1786442051817,3000,Minimum,4471,4471,0.3,-1,50.125,50.125,0
1786442051917,3000,Minimum,4471,4471,0.3,-1,50.125,50.125,0
1786442052017,3000,Minimum,4471,4471,0.3,-1,50.125,50.125,0
1786442052116,3000,Minimum,4471,4471,0.3,-1,50.125,50.125,0
1786442052217,3000,Minimum,4471,4471,0.3,-1,50.125,50.125,0
1786442052317,3000,Minimum,4471,4471,0.3,-1,50.4375,50.4375,0
1786442052417,3000,Minimum,4471,4471,0.3,-1,50.4375,50.4375,0
1786442052517,3000,Minimum,4471,4471,0.3,-1,50.4375,50.4375,0
1786442052617,3000,Minimum,4471,4471,0.3,-1,50.4375,50.4375,0
1786442052717,3000,Minimum,4471,4471,0.3,-1,50.4375,50.4375,0
1786442052817,3000,Minimum,4471,4471,0.3,-1,50.4375,50.4375,0
1786442052917,3000,Minimum,4471,4471,0.3,-1,50.4375,50.4375,0
1786442053017,3000,Minimum,4471,4471,0.3,-1,50.4375,50.4375,0
1786442053117,3000,Minimum,4471,4471,0.3,-1,50.4375,50.4375,0
1786442053217,3000,Minimum,4471,4471,0.3,-1,50.4375,50.4375,0
1786442053316,3000,Minimum,4471,4471,0.3,-1,50.6875,50.6875,0
1786442053417,3000,Minimum,4471,4471,0.3,-1,50.6875,50.6875,0
1786442053517,3000,Minimum,4471,4471,0.3,-1,50.6875,50.6875,0
1786442053617,3000,Minimum,4471,4471,0.3,-1,50.6875,50.6875,0
1786442053717,3000,Minimum,4471,4471,0.3,-1,50.6875,50.6875,0
1786442053817,3000,Minimum,4471,4471,0.3,-1,50.6875,50.6875,0
1786442053917,3000,Minimum,4471,4471,0.3,-1,50.6875,50.6875,0
1786442054017,3000,Minimum,4471,4471,0.3,-1,50.6875,50.6875,0
1786442054117,3000,Minimum,4471,4471,0.3,-1,50.6875,50.6875,0
1786442054216,3000,Minimum,4471,4471,0.3,-1,50.6875,50.6875,0
1786442054316,3000,Minimum,4471,4471,0.3,-1,50.9375,50.9375,0
1786442054417,3000,Minimum,4471,4471,0.3,-1,50.9375,50.9375,0
1786442054517,3000,Minimum,4471,4471,0.3,-1,50.9375,50.9375,0
1786442054617,3000,Minimum,4471,4471,0.3,-1,50.9375,50.9375,0
1786442054716,3000,Minimum,4471,4471,0.3,-1,50.9375,50.9375,0
1786442054816,3000,Minimum,4471,4471,0.3,-1,50.9375,50.9375,0
1786442054916,3000,Minimum,4471,4471,0.3,-1,50.9375,50.9375,0
1786442055017,3000,Minimum,4471,4471,0.3,-1,50.9375,50.9375,0
1786442055117,3000,Minimum,4471,4471,0.3,-1,50.9375,50.9375,0
1786442055216,3000,Minimum,4471,4471,0.3,-1,50.9375,50.9375,0
1786442055317,3000,Minimum,4471,4471,0.3,-1,51.3125,51.3125,0
1786442055416,3000,Minimum,4471,4471,0.3,-1,51.3125,51.3125,0
1786442055516,3000,Minimum,4471,4471,0.3,-1,51.3125,51.3125,0
1786442055616,3000,Minimum,4471,4471,0.3,-1,51.3125,51.3125,0
1786442055716,3000,Minimum,4471,4471,0.3,-1,51.3125,51.3125,0
1786442055816,3000,Minimum,4471,4471,0.3,-1,51.3125,51.3125,0
1786442055917,3000,Minimum,4471,4471,0.3,-1,51.3125,51.3125,0
1786442056017,3000,Minimum,4471,4471,0.3,-1,51.3125,51.3125,0
1786442056116,3000,Minimum,4471,4471,0.3,-1,51.3125,51.3125,0
1786442056216,3000,Minimum,4471,4471,0.3,-1,51.3125,51.3125,0
1786442056316,3000,Minimum,4471,4471,0.3,-1,51.625,51.625,0
1786442056416,3000,Minimum,4471,4471,0.3,-1,51.625,51.625,0
1786442056516,3000,Minimum,4471,4471,0.3,-1,51.625,51.625,0
1786442056616,3000,Minimum,4471,4471,0.3,-1,51.625,51.625,0
1786442056716,3000,Minimum,4471,4471,0.3,-1,51.625,51.625,0
1786442056816,3000,Minimum,4471,4471,0.3,-1,51.625,51.625,0
1786442056916,3000,Minimum,4471,4471,0.3,-1,51.625,51.625,0
1786442057016,3000,Minimum,4471,4471,0.3,-1,51.625,51.625,0
1786442057116,3000,Minimum,4471,4471,0.3,-1,51.625,51.625,0
1786442057216,3000,Minimum,4471,4471,0.3,-1,51.625,51.625,0
1786442057316,3000,Minimum,4471,4471,0.3,-1,51.875,51.875,0
1786442057416,3000,Minimum,4471,4471,0.3,-1,51.875,51.875,0
1786442057516,3000,Minimum,4471,4471,0.3,-1,51.875,51.875,0
1786442057616,3000,Minimum,4471,4471,0.3,-1,51.875,51.875,0
1786442057716,3000,Minimum,4471,4471,0.3,-1,51.875,51.875,0
1786442057816,3000,Minimum,4471,4471,0.3,-1,51.875,51.875,0
1786442057916,3000,Minimum,4471,4471,0.3,-1,51.875,51.875,0
1786442058016,3000,Minimum,4471,4471,0.3,-1,51.875,51.875,0
1786442058116,3000,Minimum,4471,4471,0.3,-1,51.875,51.875,0
1786442058216,3000,Minimum,4471,4471,0.3,-1,51.875,51.875,0
1786442058316,3000,Minimum,4471,4471,0.3,-1,52.125,52.125,0
1786442058416,3000,Minimum,4471,4471,0.3,-1,52.125,52.125,0
1786442058516,3000,Minimum,4471,4471,0.3,-1,52.125,52.125,0
1786442058616,3000,Minimum,4471,4471,0.3,-1,52.125,52.125,0
1786442058716,3000,Minimum,4471,4471,0.3,-1,52.125,52.125,0
1786442058816,3000,Minimum,4471,4471,0.3,-1,52.125,52.125,0
1786442058916,3000,Minimum,4471,4471,0.3,-1,52.125,52.125,0
1786442059016,3000,Minimum,4471,4471,0.3,-1,52.125,52.125,0
1786442059116,3000,Minimum,4471,4471,0.3,-1,52.125,52.125,0
1786442059217,3000,Minimum,4471,4471,0.3,-1,52.125,52.125,0
1786442059316,3000,Minimum,4471,4471,0.3,-1,52.375,52.375,0
1786442059416,3000,Minimum,4471,4471,0.3,-1,52.375,52.375,0
1786442059516,3000,Minimum,4471,4471,0.3,-1,52.375,52.375,0
1786442059616,3000,Minimum,4471,4471,0.3,-1,52.375,52.375,0
1786442059716,3000,Minimum,4471,4471,0.3,-1,52.375,52.375,0
1786442059816,3000,Minimum,4471,4471,0.3,-1,52.375,52.375,0
1786442059916,3000,Minimum,4471,4471,0.3,-1,52.375,52.375,0
1786442060016,3000,Minimum,4471,4471,0.3,-1,52.375,52.375,0
1786442060116,3000,Minimum,4471,4471,0.3,-1,52.375,52.375,0
1786442060216,3000,Minimum,4471,4471,0.3,-1,52.375,52.375,0
1786442060316,3000,Minimum,4471,4471,0.3,-1,52.6875,52.6875,0
1786442060416,3000,Minimum,4471,4471,0.3,-1,52.6875,52.6875,0
1786442060516,3000,Minimum,4471,4471,0.3,-1,52.6875,52.6875,0
1786442060616,3000,Minimum,4471,4471,0.3,-1,52.6875,52.6875,0
1786442060716,3000,Minimum,4471,4471,0.3,-1,52.6875,52.6875,0
1786442060816,3000,Minimum,4471,4471,0.3,-1,52.6875,52.6875,0
1786442060916,3000,Minimum,4471,4471,0.3,-1,52.6875,52.6875,0
1786442061016,3000,Minimum,4471,4471,0.3,-1,52.6875,52.6875,0
1786442061116,3000,Minimum,4471,4471,0.3,-1,52.6875,52.6875,0
1786442061216,3000,Minimum,4471,4471,0.3,-1,52.6875,52.6875,0
1786442061316,3000,Minimum,4471,4471,0.3,-1,53,53,0
1786442061416,3000,Minimum,4471,4471,0.3,-1,53,53,0
1786442061516,3000,Minimum,4471,4471,0.3,-1,53,53,0
1786442061616,3000,Minimum,4471,4471,0.3,-1,53,53,0
1786442061716,3000,Minimum,4471,4471,0.3,-1,53,53,0
1786442061816,3000,Minimum,4471,4471,0.3,-1,53,53,0
1786442061916,3000,Minimum,4471,4471,0.3,-1,53,53,0
1786442062016,3000,Minimum,4471,4471,0.3,-1,53,53,0
1786442062116,3000,Minimum,4471,4471,0.3,-1,53,53,0
1786442062216,3000,Minimum,4471,4471,0.3,-1,53,53,0
1786442062316,3000,Minimum,4471,4471,0.3,-1,53.1875,53.1875,0
1786442062416,3000,Minimum,4471,4471,0.3,-1,53.1875,53.1875,0
1786442062516,3000,Minimum,4471,4471,0.3,-1,53.1875,53.1875,0
1786442062616,3000,Minimum,4471,4471,0.3,-1,53.1875,53.1875,0
1786442062716,3000,Minimum,4471,4471,0.3,-1,53.1875,53.1875,0
1786442062816,3000,Minimum,4471,4471,0.3,-1,53.1875,53.1875,0
1786442062916,3000,Minimum,4471,4471,0.3,-1,53.1875,53.1875,0
1786442063016,3000,Minimum,4471,4471,0.3,-1,53.1875,53.1875,0
1786442063116,3000,Minimum,4471,4471,0.3,-1,53.1875,53.1875,0
1786442063216,3000,Minimum,4471,4471,0.3,-1,53.1875,53.1875,0
1786442063316,3000,Minimum,4471,4471,0.3,-1,53.4375,53.4375,0
1786442063416,3000,Minimum,4471,4471,0.3,-1,53.4375,53.4375,0
1786442063516,3000,Minimum,4471,4471,0.3,-1,53.4375,53.4375,0
1786442063616,3000,Minimum,4471,4471,0.3,-1,53.4375,53.4375,0
1786442063716,3000,Minimum,4471,4471,0.3,-1,53.4375,53.4375,0
1786442063816,3000,Minimum,4471,4471,0.3,-1,53.4375,53.4375,0
1786442063916,3000,Minimum,4471,4471,0.3,-1,53.4375,53.4375,0
1786442064016,3000,Minimum,4471,4471,0.3,-1,53.4375,53.4375,0
1786442064116,3000,Minimum,4471,4471,0.3,-1,53.4375,53.4375,0
1786442064216,3000,Minimum,4471,4471,0.3,-1,53.4375,53.4375,0
1786442064316,3000,Minimum,4471,4471,0.3,-1,53.6875,53.6875,0
1786442064416,3000,Minimum,4471,4471,0.3,-1,53.6875,53.6875,0
1786442064516,3000,Minimum,4471,4471,0.3,-1,53.6875,53.6875,0
1786442064616,3000,Minimum,4471,4471,0.3,-1,53.6875,53.6875,0
1786442064716,3000,Minimum,4471,4471,0.3,-1,53.6875,53.6875,0
1786442064816,3000,Minimum,4471,4471,0.3,-1,53.6875,53.6875,0
1786442064916,3000,Minimum,4471,4471,0.3,-1,53.6875,53.6875,0
1786442065016,3000,Minimum,4471,4471,0.3,-1,53.6875,53.6875,0
1786442065116,3000,Minimum,4471,4471,0.3,-1,53.6875,53.6875,0
1786442065216,3000,Minimum,4471,4471,0.3,-1,53.6875,53.6875,0
1786442065316,3000,Minimum,4471,4471,0.3,-1,53.875,53.875,0
1786442065416,3000,Minimum,4471,4471,0.3,-1,53.875,53.875,0
1786442065516,3000,Minimum,4471,4471,0.3,-1,53.875,53.875,0
1786442065616,3000,Minimum,4471,4471,0.3,-1,53.875,53.875,0
1786442065716,3000,Minimum,4471,4471,0.3,-1,53.875,53.875,0
1786442065816,3000,Minimum,4471,4471,0.3,-1,53.875,53.875,0
1786442065916,3000,Minimum,4471,4471,0.3,-1,53.875,53.875,0
1786442066016,3000,Minimum,4471,4471,0.3,-1,53.875,53.875,0
1786442066116,3000,Minimum,4471,4471,0.3,-1,53.875,53.875,0
1786442066216,3000,Minimum,4471,4471,0.3,-1,53.875,53.875,0
1786442066316,3000,Minimum,4471,4471,0.3,-1,54.125,54.125,0
1786442066416,3000,Minimum,4471,4471,0.3,-1,54.125,54.125,0
1786442066516,3000,Minimum,4471,4471,0.3,-1,54.125,54.125,0
1786442066616,3000,Minimum,4471,4471,0.3,-1,54.125,54.125,0
1786442066716,3000,Minimum,4471,4471,0.3,-1,54.125,54.125,0
1786442066816,3000,Minimum,4471,4471,0.3,-1,54.125,54.125,0
1786442066916,3000,Minimum,4471,4471,0.3,-1,54.125,54.125,0
1786442067016,3000,Minimum,4471,4471,0.3,-1,54.125,54.125,0
1786442067116,3000,Minimum,4471,4471,0.3,-1,54.125,54.125,0
1786442067216,3000,Minimum,4471,4471,0.3,-1,54.125,54.125,0
1786442067316,3000,Minimum,4471,4471,0.3,-1,54.3125,54.3125,0
1786442067416,3000,Minimum,4471,4471,0.3,-1,54.3125,54.3125,0
1786442067516,3000,Minimum,4471,4471,0.3,-1,54.3125,54.3125,0
1786442067616,3000,Minimum,4471,4471,0.3,-1,54.3125,54.3125,0
1786442067716,3000,Minimum,4471,4471,0.3,-1,54.3125,54.3125,0
1786442067816,3000,Minimum,4471,4471,0.3,-1,54.3125,54.3125,0
1786442067916,3000,Minimum,4471,4471,0.3,-1,54.3125,54.3125,0
1786442068016,3000,Minimum,4471,4471,0.3,-1,54.3125,54.3125,0
1786442068117,3000,Minimum,4471,4471,0.3,-1,54.3125,54.3125,0
1786442068216,3000,Minimum,4471,4471,0.3,-1,54.3125,54.3125,0
1786442068316,3000,Minimum,4471,4471,0.3,-1,54.5625,54.5625,0
1786442068416,3000,Minimum,4471,4471,0.3,-1,54.5625,54.5625,0
1786442068516,3000,Minimum,4471,4471,0.3,-1,54.5625,54.5625,0
1786442068617,3000,Minimum,4471,4471,0.3,-1,54.5625,54.5625,0
1786442068716,3000,Minimum,4471,4471,0.3,-1,54.5625,54.5625,0
1786442068816,3000,Minimum,4471,4471,0.3,-1,54.5625,54.5625,0
1786442068916,3000,Minimum,4471,4471,0.3,-1,54.5625,54.5625,0
1786442069016,3000,Minimum,4471,4471,0.3,-1,54.5625,54.5625,0
1786442069116,3000,Minimum,4471,4471,0.3,-1,54.5625,54.5625,0
1786442069217,3000,Minimum,4471,4471,0.3,-1,54.5625,54.5625,0
1786442069316,3000,Minimum,4471,4471,0.3,-1,54.875,54.875,0
1786442069416,3000,Minimum,4471,4471,0.3,-1,54.875,54.875,0
1786442069516,3000,Minimum,4471,4471,0.3,-1,54.875,54.875,0
1786442069616,3000,Minimum,4471,4471,0.3,-1,54.875,54.875,0
1786442069716,3000,Minimum,4471,4471,0.3,-1,54.875,54.875,0
1786442069817,3000,Minimum,4471,4471,0.3,-1,54.875,54.875,0
1786442069916,3000,Minimum,4471,4471,0.3,-1,54.875,54.875,0
1786442070016,3000,Minimum,4471,4471,0.3,-1,54.875,54.875,0
1786442070116,3000,Minimum,4471,4471,0.3,-1,54.875,54.875,0
1786442070216,3000,Minimum,4471,4471,0.3,-1,54.875,54.875,0
1786442070316,3000,Minimum,4471,4471,0.3,-1,55,55,0
1786442070417,3000,Minimum,4471,4471,0.3,-1,55,55,0
1786442070516,3000,Minimum,4471,4471,0.3,-1,55,55,0
1786442070616,3000,Minimum,4471,4471,0.3,-1,55,55,0
1786442070716,3000,Minimum,4471,4471,0.3,-1,55,55,0
1786442070816,3000,Minimum,4471,4471,0.3,-1,55,55,0
1786442070916,3000,Minimum,4471,4471,0.3,-1,55,55,0
1786442071016,3000,Minimum,4471,4471,0.3,-1,55,55,0
1786442071116,3000,Minimum,4471,4471,0.3,-1,55,55,0
1786442071216,3000,Minimum,4471,4471,0.3,-1,55,55,0
1786442071316,3000,Minimum,4471,4471,0.3,-1,55.125,55.125,0
1786442071416,3000,Minimum,4471,4471,0.3,-1,55.125,55.125,0
1786442071516,3000,Minimum,4471,4471,0.3,-1,55.125,55.125,0
1786442071616,3000,Minimum,4471,4471,0.3,-1,55.125,55.125,0
1786442071716,3000,Minimum,4471,4471,0.3,-1,55.125,55.125,0
1786442071816,3000,Minimum,4471,4471,0.3,-1,55.125,55.125,0
1786442071916,3000,Minimum,4471,4471,0.3,-1,55.125,55.125,0
1786442072016,3000,Minimum,4471,4471,0.3,-1,55.125,55.125,0
1786442072116,3000,Minimum,4471,4471,0.3,-1,55.125,55.125,0
1786442072216,3000,Minimum,4471,4471,0.3,-1,55.125,55.125,0
1786442072316,3000,Minimum,4471,4471,0.3,-1,55.375,55.375,0
1786442072416,3000,Minimum,4471,4471,0.3,-1,55.375,55.375,0
1786442072516,3000,Minimum,4471,4471,0.3,-1,55.375,55.375,0
1786442072616,3000,Minimum,4471,4471,0.3,-1,55.375,55.375,0
1786442072716,3000,Minimum,4471,4471,0.3,-1,55.375,55.375,0
1786442072816,3000,Minimum,4471,4471,0.3,-1,55.375,55.375,0
1786442072916,3000,Minimum,4471,4471,0.3,-1,55.375,55.375,0
1786442073016,3000,Minimum,4471,4471,0.3,-1,55.375,55.375,0
1786442073116,3000,Minimum,4471,4471,0.3,-1,55.375,55.375,0
1786442073216,3000,Minimum,4471,4471,0.3,-1,55.375,55.375,0
1786442073316,3000,Minimum,4471,4471,0.3,-1,55.6875,55.6875,0
1786442073416,3000,Minimum,4471,4471,0.3,-1,55.6875,55.6875,0
1786442073516,3000,Minimum,4471,4471,0.3,-1,55.6875,55.6875,0
1786442073616,3000,Minimum,4471,4471,0.3,-1,55.6875,55.6875,0
1786442073716,3000,Minimum,4471,4471,0.3,-1,55.6875,55.6875,0
1786442073816,3000,Minimum,4471,4471,0.3,-1,55.6875,55.6875,0
1786442073916,3000,Minimum,4471,4471,0.3,-1,55.6875,55.6875,0
1786442074016,3000,Minimum,4471,4471,0.3,-1,55.6875,55.6875,0
1786442074116,3000,Minimum,4471,4471,0.3,-1,55.6875,55.6875,0
1786442074216,3000,Minimum,4471,4471,0.3,-1,55.6875,55.6875,0
1786442074316,3000,Minimum,4471,4471,0.3,-1,55.8125,55.8125,0
1786442074416,3000,Minimum,4471,4471,0.3,-1,55.8125,55.8125,0
1786442074516,3000,Minimum,4471,4471,0.3,-1,55.8125,55.8125,0
1786442074616,3000,Minimum,4471,4471,0.3,-1,55.8125,55.8125,0
1786442074716,3000,Minimum,4471,4471,0.3,-1,55.8125,55.8125,0
1786442074816,3000,Minimum,4471,4471,0.3,-1,55.8125,55.8125,0
1786442074916,3000,Minimum,4471,4471,0.3,-1,55.8125,55.8125,0
1786442075017,3000,Minimum,4471,4471,0.3,-1,55.8125,55.8125,0
1786442075118,3000,Minimum,4471,4471,0.3,-1,55.8125,55.8125,0
1786442075218,3000,Minimum,4471,4471,0.3,-1,55.8125,55.8125,0
1786442075318,3000,Minimum,4471,4471,0.3,-1,56.0625,56.0625,0
1786442075418,3000,Minimum,4471,4471,0.3,-1,56.0625,56.0625,0
1786442075518,3000,Minimum,4471,4471,0.3,-1,56.0625,56.0625,0
1786442075618,3000,Minimum,4471,4471,0.3,-1,56.0625,56.0625,0
1786442075718,3000,Minimum,4471,4471,0.3,-1,56.0625,56.0625,0
1786442075818,3000,Minimum,4471,4471,0.3,-1,56.0625,56.0625,0
1786442075918,3000,Minimum,4471,4471,0.3,-1,56.0625,56.0625,0
1786442076018,3000,Minimum,4471,4471,0.3,-1,56.0625,56.0625,0
1786442076118,3000,Minimum,4471,4471,0.3,-1,56.0625,56.0625,0
1786442076218,3000,Minimum,4471,4471,0.3,-1,56.0625,56.0625,0
1786442076318,3000,Minimum,4471,4471,0.3,-1,56.1875,56.1875,0
1786442076418,3000,Minimum,4471,4471,0.3,-1,56.1875,56.1875,0
1786442076518,3000,Minimum,4471,4471,0.3,-1,56.1875,56.1875,0
1786442076618,3000,Minimum,4471,4471,0.3,-1,56.1875,56.1875,0
1786442076718,3000,Minimum,4471,4471,0.3,-1,56.1875,56.1875,0
1786442076817,3000,Minimum,4471,4471,0.3,-1,56.1875,56.1875,0
1786442076918,3000,Minimum,4471,4471,0.3,-1,56.1875,56.1875,0
1786442077018,3000,Minimum,4471,4471,0.3,-1,56.1875,56.1875,0
1786442077118,3000,Minimum,4471,4471,0.3,-1,56.1875,56.1875,0
1786442077218,3000,Minimum,4471,4471,0.3,-1,56.1875,56.1875,0
1786442077318,3000,Minimum,4471,4471,0.3,-1,56.3125,56.3125,0
1786442077418,3000,Minimum,4471,4471,0.3,-1,56.3125,56.3125,0
1786442077518,3000,Minimum,4471,4471,0.3,-1,56.3125,56.3125,0
1786442077618,3000,Minimum,4471,4471,0.3,-1,56.3125,56.3125,0
1786442077718,3000,Minimum,4471,4471,0.3,-1,56.3125,56.3125,0
1786442077818,3000,Minimum,4471,4471,0.3,-1,56.3125,56.3125,0
1786442077918,3000,Minimum,4471,4471,0.3,-1,56.3125,56.3125,0
1786442078018,3000,Minimum,4471,4471,0.3,-1,56.3125,56.3125,0
1786442078118,3000,Minimum,4471,4471,0.3,-1,56.3125,56.3125,0
1786442078217,3000,Minimum,4471,4471,0.3,-1,56.3125,56.3125,0
1786442078318,3000,Minimum,4471,4471,0.3,-1,56.5,56.5,0
1786442078417,3000,Minimum,4471,4471,0.3,-1,56.5,56.5,0
1786442078518,3000,Minimum,4471,4471,0.3,-1,56.5,56.5,0
1786442078617,3000,Minimum,4471,4471,0.3,-1,56.5,56.5,0
1786442078717,3000,Minimum,4471,4471,0.3,-1,56.5,56.5,0
1786442078818,3000,Minimum,4471,4471,0.3,-1,56.5,56.5,0
1786442078917,3000,Minimum,4471,4471,0.3,-1,56.5,56.5,0
1786442079018,3000,Minimum,4471,4471,0.3,-1,56.5,56.5,0
1786442079116,3000,Minimum,4471,4471,0.3,-1,56.5,56.5,0
1786442079217,3000,Minimum,4471,4471,0.3,-1,56.5,56.5,0
1786442079317,3000,Minimum,4471,4471,0.3,-1,56.6875,56.6875,0
1786442079417,3000,Minimum,4471,4471,0.3,-1,56.6875,56.6875,0
1786442079517,3000,Minimum,4471,4471,0.3,-1,56.6875,56.6875,0
1786442079617,3000,Minimum,4471,4471,0.3,-1,56.6875,56.6875,0
1786442079717,3000,Minimum,4471,4471,0.3,-1,56.6875,56.6875,0
1786442079817,3000,Minimum,4471,4471,0.3,-1,56.6875,56.6875,0
1786442079917,3000,Minimum,4471,4471,0.3,-1,56.6875,56.6875,0
1786442080017,3000,Minimum,4471,4471,0.3,-1,56.6875,56.6875,0
1786442080117,3000,Minimum,4471,4471,0.3,-1,56.6875,56.6875,0
1786442080217,3000,Minimum,4471,4471,0.3,-1,56.6875,56.6875,0
1786442080317,3000,Minimum,4471,4471,0.3,-1,56.9375,56.9375,0
1786442080417,3000,Minimum,4471,4471,0.3,-1,56.9375,56.9375,0
1786442080517,3000,Minimum,4471,4471,0.3,-1,56.9375,56.9375,0
1786442080617,3000,Minimum,4471,4471,0.3,-1,56.9375,56.9375,0
1786442080717,3000,Minimum,4471,4471,0.3,-1,56.9375,56.9375,0
1786442080817,3000,Minimum,4471,4471,0.3,-1,56.9375,56.9375,0
1786442080917,3000,Minimum,4471,4471,0.3,-1,56.9375,56.9375,0
1786442081017,3000,Minimum,4471,4471,0.3,-1,56.9375,56.9375,0
1786442081117,3000,Minimum,4471,4471,0.3,-1,56.9375,56.9375,0
1786442081217,3000,Minimum,4471,4471,0.3,-1,56.9375,56.9375,0
1786442081317,3000,Minimum,4471,4471,0.3,-1,57.0625,57.0625,0
1786442081417,3000,Minimum,4471,4471,0.3,-1,57.0625,57.0625,0
1786442081517,3000,Minimum,4471,4471,0.3,-1,57.0625,57.0625,0
1786442081617,3000,Minimum,4471,4471,0.3,-1,57.0625,57.0625,0
1786442081717,3000,Minimum,4471,4471,0.3,-1,57.0625,57.0625,0
1786442081817,3000,Minimum,4471,4471,0.3,-1,57.0625,57.0625,0
1786442081917,3000,Minimum,4471,4471,0.3,-1,57.0625,57.0625,0
1786442082017,3000,Minimum,4471,4471,0.3,-1,57.0625,57.0625,0
1786442082117,3000,Minimum,4471,4471,0.3,-1,57.0625,57.0625,0
1786442082217,3000,Minimum,4471,4471,0.3,-1,57.0625,57.0625,0
1786442082317,3000,Minimum,4471,4471,0.3,-1,57.25,57.25,0
1786442082417,3000,Minimum,4471,4471,0.3,-1,57.25,57.25,0
1786442082517,3000,Minimum,4471,4471,0.3,-1,57.25,57.25,0
1786442082617,3000,Minimum,4471,4471,0.3,-1,57.25,57.25,0
1786442082717,3000,Minimum,4471,4471,0.3,-1,57.25,57.25,0
1786442082817,3000,Minimum,4471,4471,0.3,-1,57.25,57.25,0
1786442082917,3000,Minimum,4471,4471,0.3,-1,57.25,57.25,0
1786442083017,3000,Minimum,4471,4471,0.3,-1,57.25,57.25,0
1786442083117,3000,Minimum,4471,4471,0.3,-1,57.25,57.25,0
1786442083217,3000,Minimum,4471,4471,0.3,-1,57.25,57.25,0
1786442083317,3000,Minimum,4471,4471,0.3,-1,57.375,57.375,0
1786442083417,3000,Minimum,4471,4471,0.3,-1,57.375,57.375,0
1786442083517,3000,Minimum,4471,4471,0.3,-1,57.375,57.375,0
1786442083617,3000,Minimum,4471,4471,0.3,-1,57.375,57.375,0
1786442083717,3000,Minimum,4471,4471,0.3,-1,57.375,57.375,0
1786442083817,3000,Minimum,4471,4471,0.3,-1,57.375,57.375,0
1786442083917,3000,Minimum,4471,4471,0.3,-1,57.375,57.375,0
1786442084017,3000,Minimum,4471,4471,0.3,-1,57.375,57.375,0
1786442084117,3000,Minimum,4471,4471,0.3,-1,57.375,57.375,0
1786442084217,3000,Minimum,4471,4471,0.3,-1,57.375,57.375,0
1786442084317,3000,Minimum,4471,4471,0.3,-1,57.5625,57.5625,0
1786442084417,3000,Minimum,4471,4471,0.3,-1,57.5625,57.5625,0
1786442084517,3000,Minimum,4471,4471,0.3,-1,57.5625,57.5625,0
1786442084617,3000,Minimum,4471,4471,0.3,-1,57.5625,57.5625,0
1786442084717,3000,Minimum,4471,4471,0.3,-1,57.5625,57.5625,0
1786442084817,3000,Minimum,4471,4471,0.3,-1,57.5625,57.5625,0
1786442084917,3000,Minimum,4471,4471,0.3,-1,57.5625,57.5625,0
1786442085017,3000,Minimum,4471,4471,0.3,-1,57.5625,57.5625,0
1786442085117,3000,Minimum,4471,4471,0.3,-1,57.5625,57.5625,0
1786442085217,3000,Minimum,4471,4471,0.3,-1,57.5625,57.5625,0
1786442085317,3000,Minimum,4471,4471,0.3,-1,57.6875,57.6875,0
1786442085417,3000,Minimum,4471,4471,0.3,-1,57.6875,57.6875,0
1786442085517,3000,Minimum,4471,4471,0.3,-1,57.6875,57.6875,0
1786442085617,3000,Minimum,4471,4471,0.3,-1,57.6875,57.6875,0
1786442085717,3000,Minimum,4471,4471,0.3,-1,57.6875,57.6875,0
1786442085817,3000,Minimum,4471,4471,0.3,-1,57.6875,57.6875,0
1786442085917,3000,Minimum,4471,4471,0.3,-1,57.6875,57.6875,0
1786442086017,3000,Minimum,4471,4471,0.3,-1,57.6875,57.6875,0
1786442086117,3000,Minimum,4471,4471,0.3,-1,57.6875,57.6875,0
1786442086217,3000,Minimum,4471,4471,0.3,-1,57.6875,57.6875,0
1786442086317,3000,Minimum,4471,4471,0.3,-1,57.875,57.875,0
1786442086417,3000,Minimum,4471,4471,0.3,-1,57.875,57.875,0
1786442086517,3000,Minimum,4471,4471,0.3,-1,57.875,57.875,0
1786442086617,3000,Minimum,4471,4471,0.3,-1,57.875,57.875,0
1786442086716,3000,Minimum,4471,4471,0.3,-1,57.875,57.875,0
1786442086817,3000,Minimum,4471,4471,0.3,-1,57.875,57.875,0
1786442086917,3000,Minimum,4471,4471,0.3,-1,57.875,57.875,0
1786442087016,3000,Minimum,4471,4471,0.3,-1,57.875,57.875,0
1786442087117,3000,Minimum,4471,4471,0.3,-1,57.875,57.875,0
1786442087217,3000,Minimum,4471,4471,0.3,-1,57.875,57.875,0
1786442087317,3000,Minimum,4471,4471,0.3,-1,58,58,0
1786442087416,3000,Minimum,4471,4471,0.3,-1,58,58,0
1786442087517,3000,Minimum,4471,4471,0.3,-1,58,58,0
1786442087617,3000,Minimum,4471,4471,0.3,-1,58,58,0
1786442087717,3000,Minimum,4471,4471,0.3,-1,58,58,0
1786442087817,3000,Minimum,4471,4471,0.3,-1,58,58,0
1786442087917,3000,Minimum,4471,4471,0.3,-1,58,58,0
1786442088017,3000,Minimum,4471,4471,0.3,-1,58,58,0
1786442088116,3000,Minimum,4471,4471,0.3,-1,58,58,0
1786442088216,3000,Minimum,4471,4471,0.3,-1,58,58,0
1786442088316,3000,Minimum,4471,4471,0.3,-1,58.125,58.125,0
1786442088417,3000,Minimum,4471,4471,0.3,-1,58.125,58.125,0
1786442088517,3000,Minimum,4471,4471,0.3,-1,58.125,58.125,0
1786442088617,3000,Minimum,4471,4471,0.3,-1,58.125,58.125,0
1786442088716,3000,Minimum,4471,4471,0.3,-1,58.125,58.125,0
1786442088816,3000,Minimum,4471,4471,0.3,-1,58.125,58.125,0
1786442088916,3000,Minimum,4471,4471,0.3,-1,58.125,58.125,0
1786442089016,3000,Minimum,4471,4471,0.3,-1,58.125,58.125,0
1786442089116,3000,Minimum,4471,4471,0.3,-1,58.125,58.125,0
1786442089216,3000,Minimum,4471,4471,0.3,-1,58.125,58.125,0
1786442089316,3000,Minimum,4471,4471,0.3,-1,58.125,58.125,0
1786442089416,3000,Minimum,4471,4471,0.3,-1,58.125,58.125,0
1786442089516,3000,Minimum,4471,4471,0.3,-1,58.125,58.125,0
1786442089616,3000,Minimum,4471,4471,0.3,-1,58.125,58.125,0
1786442089716,3000,Minimum,4471,4471,0.3,-1,58.125,58.125,0
1786442089816,3000,Minimum,4471,4471,0.3,-1,58.125,58.125,0
1786442089916,3000,Minimum,4471,4471,0.3,-1,58.125,58.125,0
1786442090016,3000,Minimum,4471,4471,0.3,-1,58.125,58.125,0
1786442090116,3000,Minimum,4471,4471,0.3,-1,58.125,58.125,0
1786442090216,3000,Minimum,4471,4471,0.3,-1,58.125,58.125,0
1786442090316,3000,Minimum,4471,4471,0.3,-1,58.375,58.375,0
1786442090416,3000,Minimum,4471,4471,0.3,-1,58.375,58.375,0
1786442090516,3000,Minimum,4471,4471,0.3,-1,58.375,58.375,0
1786442090616,3000,Minimum,4471,4471,0.3,-1,58.375,58.375,0
1786442090716,3000,Minimum,4471,4471,0.3,-1,58.375,58.375,0
1786442090816,3000,Minimum,4471,4471,0.3,-1,58.375,58.375,0
1786442090916,3000,Minimum,4471,4471,0.3,-1,58.375,58.375,0
1786442091016,3000,Minimum,4471,4471,0.3,-1,58.375,58.375,0
1786442091116,3000,Minimum,4471,4471,0.3,-1,58.375,58.375,0
1786442091216,3000,Minimum,4471,4471,0.3,-1,58.375,58.375,0
1786442091316,3000,Minimum,4471,4471,0.3,-1,58.5,58.5,0
1786442091416,3000,Minimum,4471,4471,0.3,-1,58.5,58.5,0
1786442091516,3000,Minimum,4471,4471,0.3,-1,58.5,58.5,0
1786442091616,3000,Minimum,4471,4471,0.3,-1,58.5,58.5,0
1786442091716,3000,Minimum,4471,4471,0.3,-1,58.5,58.5,0
1786442091816,3000,Minimum,4471,4471,0.3,-1,58.5,58.5,0
1786442091916,3000,Minimum,4471,4471,0.3,-1,58.5,58.5,0
1786442092016,3000,Minimum,4471,4471,0.3,-1,58.5,58.5,0
1786442092116,3000,Minimum,4471,4471,0.3,-1,58.5,58.5,0
1786442092216,3000,Minimum,4471,4471,0.3,-1,58.5,58.5,0
1786442092316,3000,Minimum,4471,4471,0.3,-1,58.625,58.625,0
1786442092416,3000,Minimum,4471,4471,0.3,-1,58.625,58.625,0
1786442092516,3000,Minimum,4471,4471,0.3,-1,58.625,58.625,0
1786442092616,3000,Minimum,4471,4471,0.3,-1,58.625,58.625,0
1786442092716,3000,Minimum,4471,4471,0.3,-1,58.625,58.625,0
1786442092816,3000,Minimum,4471,4471,0.3,-1,58.625,58.625,0
1786442092916,3000,Minimum,4471,4471,0.3,-1,58.625,58.625,0
1786442093016,3000,Minimum,4471,4471,0.3,-1,58.625,58.625,0
1786442093116,3000,Minimum,4471,4471,0.3,-1,58.625,58.625,0
1786442093216,3000,Minimum,4471,4471,0.3,-1,58.625,58.625,0
1786442093316,3000,Minimum,4471,4471,0.3,-1,58.75,58.75,0
1786442093416,3000,Minimum,4471,4471,0.3,-1,58.75,58.75,0
1786442093516,3000,Minimum,4471,4471,0.3,-1,58.75,58.75,0
1786442093616,3000,Minimum,4471,4471,0.3,-1,58.75,58.75,0
1786442093716,3000,Minimum,4471,4471,0.3,-1,58.75,58.75,0
1786442093816,3000,Minimum,4471,4471,0.3,-1,58.75,58.75,0
1786442093916,3000,Minimum,4471,4471,0.3,-1,58.75,58.75,0
1786442094016,3000,Minimum,4471,4471,0.3,-1,58.75,58.75,0
1786442094116,3000,Minimum,4471,4471,0.3,-1,58.75,58.75,0
1786442094216,3000,Minimum,4471,4471,0.3,-1,58.75,58.75,0
1786442094316,3000,Minimum,4471,4471,0.3,-1,58.875,58.875,0
1786442094416,3000,Minimum,4471,4471,0.3,-1,58.875,58.875,0
1786442094516,3000,Minimum,4471,4471,0.3,-1,58.875,58.875,0
1786442094616,3000,Minimum,4471,4471,0.3,-1,58.875,58.875,0
1786442094716,3000,Minimum,4471,4471,0.3,-1,58.875,58.875,0
1786442094816,3000,Minimum,4471,4471,0.3,-1,58.875,58.875,0
1786442094916,3000,Minimum,4471,4471,0.3,-1,58.875,58.875,0
1786442095016,3000,Minimum,4471,4471,0.3,-1,58.875,58.875,0
1786442095116,3000,Minimum,4471,4471,0.3,-1,58.875,58.875,0
1786442095216,3000,Minimum,4471,4471,0.3,-1,58.875,58.875,0
1786442095316,3000,Minimum,4471,4471,0.3,-1,59.0625,59.0625,0
1786442095416,3000,Minimum,4471,4471,0.3,-1,59.0625,59.0625,0
1786442095516,3000,Minimum,4471,4471,0.3,-1,59.0625,59.0625,0
1786442095616,3000,Minimum,4471,4471,0.3,-1,59.0625,59.0625,0
1786442095716,3000,Minimum,4471,4471,0.3,-1,59.0625,59.0625,0
1786442095816,3000,Minimum,4471,4471,0.3,-1,59.0625,59.0625,0
1786442095916,3000,Minimum,4471,4471,0.3,-1,59.0625,59.0625,0
1786442096016,3000,Minimum,4471,4471,0.3,-1,59.0625,59.0625,0
1786442096116,3000,Minimum,4471,4471,0.3,-1,59.0625,59.0625,0
1786442096216,3000,Minimum,4471,4471,0.3,-1,59.0625,59.0625,0
1786442096316,3000,Minimum,4471,4471,0.3,-1,59.25,59.25,0
1786442096416,3000,Minimum,4471,4471,0.3,-1,59.25,59.25,0
1786442096516,3000,Minimum,4471,4471,0.3,-1,59.25,59.25,0
1786442096616,3000,Minimum,4471,4471,0.3,-1,59.25,59.25,0
1786442096716,3000,Minimum,4471,4471,0.3,-1,59.25,59.25,0
1786442096816,3000,Minimum,4471,4471,0.3,-1,59.25,59.25,0
1786442096916,3000,Minimum,4471,4471,0.3,-1,59.25,59.25,0
1786442097016,3000,Minimum,4471,4471,0.3,-1,59.25,59.25,0
1786442097116,3000,Minimum,4471,4471,0.3,-1,59.25,59.25,0
1786442097216,3000,Minimum,4471,4471,0.3,-1,59.25,59.25,0
1786442097316,3000,Minimum,4471,4471,0.3,-1,59.25,59.25,0
1786442097416,3000,Minimum,4471,4471,0.3,-1,59.25,59.25,0
1786442097516,3000,Minimum,4471,4471,0.3,-1,59.25,59.25,0
1786442097616,3000,Minimum,4471,4471,0.3,-1,59.25,59.25,0
1786442097716,3000,Minimum,4471,4471,0.3,-1,59.25,59.25,0
1786442097817,3000,Minimum,4471,4471,0.3,-1,59.25,59.25,0
1786442097916,3000,Minimum,4471,4471,0.3,-1,59.25,59.25,0
1786442098016,3000,Minimum,4471,4471,0.3,-1,59.25,59.25,0
1786442098117,3000,Minimum,4471,4471,0.3,-1,59.25,59.25,0
1786442098216,3000,Minimum,4471,4471,0.3,-1,59.25,59.25,0
1786442098316,3000,Minimum,4471,4471,0.3,-1,59.375,59.375,0
1786442098416,3000,Minimum,4471,4471,0.3,-1,59.375,59.375,0
1786442098516,3000,Minimum,4471,4471,0.3,-1,59.375,59.375,0
1786442098616,3000,Minimum,4471,4471,0.3,-1,59.375,59.375,0
1786442098716,3000,Minimum,4471,4471,0.3,-1,59.375,59.375,0
1786442098817,3000,Minimum,4471,4471,0.3,-1,59.375,59.375,0
1786442098916,3000,Minimum,4471,4471,0.3,-1,59.375,59.375,0
1786442099016,3000,Minimum,4471,4471,0.3,-1,59.375,59.375,0
1786442099116,3000,Minimum,4471,4471,0.3,-1,59.375,59.375,0
1786442099216,3000,Minimum,4471,4471,0.3,-1,59.375,59.375,0
1786442099316,3000,Minimum,4471,4471,0.3,-1,59.5,59.5,0
1786442099416,3000,Minimum,4471,4471,0.3,-1,59.5,59.5,0
1786442099516,3000,Minimum,4471,4471,0.3,-1,59.5,59.5,0
1786442099616,3000,Minimum,4471,4471,0.3,-1,59.5,59.5,0
1786442099716,3000,Minimum,4471,4471,0.3,-1,59.5,59.5,0
1786442099816,3000,Minimum,4471,4471,0.3,-1,59.5,59.5,0
1786442099916,3000,Minimum,4471,4471,0.3,-1,59.5,59.5,0
1786442100016,3000,Minimum,4471,4471,0.3,-1,59.5,59.5,0
1786442100116,3000,Minimum,4471,4471,0.3,-1,59.5,59.5,0
1786442100216,3000,Minimum,4471,4471,0.3,-1,59.5,59.5,0
1786442100316,3000,Minimum,4471,4471,0.3,-1,59.5625,59.5625,0
1786442100416,3000,Minimum,4471,4471,0.3,-1,59.5625,59.5625,0
1786442100516,3000,Minimum,4471,4471,0.3,-1,59.5625,59.5625,0
1786442100616,3000,Minimum,4471,4471,0.3,-1,59.5625,59.5625,0
1786442100716,3000,Minimum,4471,4471,0.3,-1,59.5625,59.5625,0
1786442100816,3000,Minimum,4471,4471,0.3,-1,59.5625,59.5625,0
1786442100916,3000,Minimum,4471,4471,0.3,-1,59.5625,59.5625,0
1786442101016,3000,Minimum,4471,4471,0.3,-1,59.5625,59.5625,0
1786442101116,3000,Minimum,4471,4471,0.3,-1,59.5625,59.5625,0
1786442101216,3000,Minimum,4471,4471,0.3,-1,59.5625,59.5625,0
1786442101316,3000,Minimum,4471,4471,0.3,-1,59.625,59.625,0
1786442101416,3000,Minimum,4471,4471,0.3,-1,59.625,59.625,0
1786442101516,3000,Minimum,4471,4471,0.3,-1,59.625,59.625,0
1786442101616,3000,Minimum,4471,4471,0.3,-1,59.625,59.625,0
1786442101716,3000,Minimum,4471,4471,0.3,-1,59.625,59.625,0
1786442101816,3000,Minimum,4471,4471,0.3,-1,59.625,59.625,0
1786442101916,3000,Minimum,4471,4471,0.3,-1,59.625,59.625,0
1786442102016,3000,Minimum,4471,4471,0.3,-1,59.625,59.625,0
1786442102116,3000,Minimum,4471,4471,0.3,-1,59.625,59.625,0
1786442102216,3000,Minimum,4471,4471,0.3,-1,59.625,59.625,0
1786442102316,3000,Minimum,4471,4471,0.3,-1,59.8125,59.8125,0
1786442102416,3000,Minimum,4471,4471,0.3,-1,59.8125,59.8125,0
1786442102516,3000,Minimum,4471,4471,0.3,-1,59.8125,59.8125,0
1786442102616,3000,Minimum,4471,4471,0.3,-1,59.8125,59.8125,0
1786442102716,3000,Minimum,4471,4471,0.3,-1,59.8125,59.8125,0
1786442102816,3000,Minimum,4471,4471,0.3,-1,59.8125,59.8125,0
1786442102916,3000,Minimum,4471,4471,0.3,-1,59.8125,59.8125,0
1786442103016,3000,Minimum,4471,4471,0.3,-1,59.8125,59.8125,0
1786442103116,3000,Minimum,4471,4471,0.3,-1,59.8125,59.8125,0
1786442103216,3000,Minimum,4471,4471,0.3,-1,59.8125,59.8125,0
1786442103316,3000,Minimum,4471,4471,0.3,-1,59.8125,59.8125,0
1786442103416,3000,Minimum,4471,4471,0.3,-1,59.8125,59.8125,0
1786442103516,3000,Minimum,4471,4471,0.3,-1,59.8125,59.8125,0
1786442103616,3000,Minimum,4471,4471,0.3,-1,59.8125,59.8125,0
1786442103716,3000,Minimum,4471,4471,0.3,-1,59.8125,59.8125,0
1786442103816,3000,Minimum,4471,4471,0.3,-1,59.8125,59.8125,0
1786442103916,3000,Minimum,4471,4471,0.3,-1,59.8125,59.8125,0
1786442104016,3000,Minimum,4471,4471,0.3,-1,59.8125,59.8125,0
1786442104116,3000,Minimum,4471,4471,0.3,-1,59.8125,59.8125,0
1786442104216,3000,Minimum,4471,4471,0.3,-1,59.8125,59.8125,0
1786442104316,3000,Minimum,4471,4471,0.3,-1,60,60,0
1786442104416,3000,Minimum,4471,4471,0.3,-1,60,60,0
1786442104516,3000,Minimum,4471,4471,0.3,-1,60,60,0
1786442104616,3000,Minimum,4471,4471,0.3,-1,60,60,0
1786442104716,3000,Minimum,4471,4471,0.3,-1,60,60,0
1786442104816,3000,Minimum,4471,4471,0.3,-1,60,60,0
1786442104917,3000,Minimum,4471,4471,0.3,-1,60,60,0
1786442105016,3000,Minimum,4471,4471,0.3,-1,60,60,0
1786442105116,3000,Minimum,4471,4471,0.3,-1,60,60,0
1786442105216,3000,Minimum,4471,4471,0.3,-1,60,60,0
1786442105316,3000,Minimum,4471,4471,0.3,-1,60.125,60.125,0
1786442105416,3000,Minimum,4471,4471,0.3,-1,60.125,60.125,0
1786442105516,3000,Minimum,4471,4471,0.3,-1,60.125,60.125,0
1786442105616,3000,Minimum,4471,4471,0.3,-1,60.125,60.125,0
1786442105716,3000,Minimum,4471,4471,0.3,-1,60.125,60.125,0
1786442105816,3000,Minimum,4471,4471,0.3,-1,60.125,60.125,0
1786442105916,3000,Minimum,4471,4471,0.3,-1,60.125,60.125,0
1786442106016,3000,Minimum,4471,4471,0.3,-1,60.125,60.125,0
1786442106116,3000,Minimum,4471,4471,0.3,-1,60.125,60.125,0
1786442106216,3000,Minimum,4471,4471,0.3,-1,60.125,60.125,0
1786442106316,3000,Minimum,4471,4471,0.3,-1,60.1875,60.1875,0
1786442106416,3000,Minimum,4471,4471,0.3,-1,60.1875,60.1875,0
1786442106516,3000,Minimum,4471,4471,0.3,-1,60.1875,60.1875,0
1786442106616,3000,Minimum,4471,4471,0.3,-1,60.1875,60.1875,0
1786442106717,3000,Minimum,4471,4471,0.3,-1,60.1875,60.1875,0
1786442106816,3000,Minimum,4471,4471,0.3,-1,60.1875,60.1875,0
1786442106916,3000,Minimum,4471,4471,0.3,-1,60.1875,60.1875,0
1786442107016,3000,Minimum,4471,4471,0.3,-1,60.1875,60.1875,0
1786442107118,3000,Minimum,4471,4471,0.3,-1,60.1875,60.1875,0
1786442107218,3000,Minimum,4471,4471,0.3,-1,60.1875,60.1875,0
1786442107318,3000,Minimum,4471,4471,0.3,-1,60.25,60.25,0
1786442107418,3000,Minimum,4471,4471,0.3,-1,60.25,60.25,0
1786442107518,3000,Minimum,4471,4471,0.3,-1,60.25,60.25,0
1786442107618,3000,Minimum,4471,4471,0.3,-1,60.25,60.25,0
1786442107718,3000,Minimum,4471,4471,0.3,-1,60.25,60.25,0
1786442107818,3000,Minimum,4471,4471,0.3,-1,60.25,60.25,0
1786442107918,3000,Minimum,4471,4471,0.3,-1,60.25,60.25,0
1786442108018,3000,Minimum,4471,4471,0.3,-1,60.25,60.25,0
1786442108118,3000,Minimum,4471,4471,0.3,-1,60.25,60.25,0
1786442108218,3000,Minimum,4471,4471,0.3,-1,60.25,60.25,0
1786442108317,3000,Minimum,4471,4471,0.3,-1,60.375,60.375,0
1786442108418,3000,Minimum,4471,4471,0.3,-1,60.375,60.375,0
1786442108518,3000,Minimum,4471,4471,0.3,-1,60.375,60.375,0
1786442108618,3000,Minimum,4471,4471,0.3,-1,60.375,60.375,0
1786442108718,3000,Minimum,4471,4471,0.3,-1,60.375,60.375,0
1786442108817,3000,Minimum,4471,4471,0.3,-1,60.375,60.375,0
1786442108918,3000,Minimum,4471,4471,0.3,-1,60.375,60.375,0
1786442109018,3000,Minimum,4471,4471,0.3,-1,60.375,60.375,0
1786442109118,3000,Minimum,4471,4471,0.3,-1,60.375,60.375,0
1786442109218,3000,Minimum,4471,4471,0.3,-1,60.375,60.375,0
1786442109318,3000,Minimum,4471,4471,0.3,-1,60.5,60.5,0
1786442109418,3000,Minimum,4471,4471,0.3,-1,60.5,60.5,0
1786442109518,3000,Minimum,4471,4471,0.3,-1,60.5,60.5,0
1786442109618,3000,Minimum,4471,4471,0.3,-1,60.5,60.5,0
1786442109718,3000,Minimum,4471,4471,0.3,-1,60.5,60.5,0
1786442109818,3000,Minimum,4471,4471,0.3,-1,60.5,60.5,0
1786442109918,3000,Minimum,4471,4471,0.3,-1,60.5,60.5,0
1786442110018,3000,Minimum,4471,4471,0.3,-1,60.5,60.5,0
1786442110118,3000,Minimum,4471,4471,0.3,-1,60.5,60.5,0
1786442110218,3000,Minimum,4471,4471,0.3,-1,60.5,60.5,0
1786442110318,3000,Minimum,4471,4471,0.3,-1,60.5625,60.5625,0
1786442110418,3000,Minimum,4471,4471,0.3,-1,60.5625,60.5625,0
1786442110518,3000,Minimum,4471,4471,0.3,-1,60.5625,60.5625,0
1786442110617,3000,Minimum,4471,4471,0.3,-1,60.5625,60.5625,0
1786442110718,3000,Minimum,4471,4471,0.3,-1,60.5625,60.5625,0
1786442110817,3000,Minimum,4471,4471,0.3,-1,60.5625,60.5625,0
1786442110917,3000,Minimum,4471,4471,0.3,-1,60.5625,60.5625,0
1786442111017,3000,Minimum,4471,4471,0.3,-1,60.5625,60.5625,0
1786442111117,3000,Minimum,4471,4471,0.3,-1,60.5625,60.5625,0
1786442111217,3000,Minimum,4471,4471,0.3,-1,60.5625,60.5625,0
1786442111317,3000,Minimum,4471,4471,0.3,-1,60.625,60.625,0
1786442111417,3000,Minimum,4471,4471,0.3,-1,60.625,60.625,0
1786442111517,3000,Minimum,4471,4471,0.3,-1,60.625,60.625,0
1786442111617,3000,Minimum,4471,4471,0.3,-1,60.625,60.625,0
1786442111717,3000,Minimum,4471,4471,0.3,-1,60.625,60.625,0
1786442111817,3000,Minimum,4471,4471,0.3,-1,60.625,60.625,0
1786442111917,3000,Minimum,4471,4471,0.3,-1,60.625,60.625,0
1786442112017,3000,Minimum,4471,4471,0.3,-1,60.625,60.625,0
1786442112117,3000,Minimum,4471,4471,0.3,-1,60.625,60.625,0
1786442112217,3000,Minimum,4471,4471,0.3,-1,60.625,60.625,0
1786442112317,3000,Minimum,4471,4471,0.3,-1,60.75,60.75,0
1786442112417,3000,Minimum,4471,4471,0.3,-1,60.75,60.75,0
1786442112517,3000,Minimum,4471,4471,0.3,-1,60.75,60.75,0
1786442112617,3000,Minimum,4471,4471,0.3,-1,60.75,60.75,0
1786442112717,3000,Minimum,4471,4471,0.3,-1,60.75,60.75,0
1786442112817,3000,Minimum,4471,4471,0.3,-1,60.75,60.75,0
1786442112917,3000,Minimum,4471,4471,0.3,-1,60.75,60.75,0
1786442113017,3000,Minimum,4471,4471,0.3,-1,60.75,60.75,0
1786442113117,3000,Minimum,4471,4471,0.3,-1,60.75,60.75,0
1786442113217,3000,Minimum,4471,4471,0.3,-1,60.75,60.75,0
1786442113317,3000,Minimum,4471,4471,0.3,-1,60.8125,60.8125,0
1786442113417,3000,Minimum,4471,4471,0.3,-1,60.8125,60.8125,0
1786442113517,3000,Minimum,4471,4471,0.3,-1,60.8125,60.8125,0
1786442113617,3000,Minimum,4471,4471,0.3,-1,60.8125,60.8125,0
1786442113717,3000,Minimum,4471,4471,0.3,-1,60.8125,60.8125,0
1786442113817,3000,Minimum,4471,4471,0.3,-1,60.8125,60.8125,0
1786442113917,3000,Minimum,4471,4471,0.3,-1,60.8125,60.8125,0
1786442114017,3000,Minimum,4471,4471,0.3,-1,60.8125,60.8125,0
1786442114117,3000,Minimum,4471,4471,0.3,-1,60.8125,60.8125,0
1786442114217,3000,Minimum,4471,4471,0.3,-1,60.8125,60.8125,0
1786442114317,3000,Minimum,4471,4471,0.3,-1,60.875,60.875,0
1786442114417,3000,Minimum,4471,4471,0.3,-1,60.875,60.875,0
1786442114517,3000,Minimum,4471,4471,0.3,-1,60.875,60.875,0
1786442114617,3000,Minimum,4471,4471,0.3,-1,60.875,60.875,0
1786442114717,3000,Minimum,4471,4471,0.3,-1,60.875,60.875,0
1786442114817,3000,Minimum,4471,4471,0.3,-1,60.875,60.875,0
1786442114917,3000,Minimum,4471,4471,0.3,-1,60.875,60.875,0
1786442115017,3000,Minimum,4471,4471,0.3,-1,60.875,60.875,0
1786442115117,3000,Minimum,4471,4471,0.3,-1,60.875,60.875,0
1786442115217,3000,Minimum,4471,4471,0.3,-1,60.875,60.875,0
1786442115317,3000,Minimum,4471,4471,0.3,-1,60.9375,60.9375,0
1786442115417,3000,Minimum,4471,4471,0.3,-1,60.9375,60.9375,0
1786442115517,3000,Minimum,4471,4471,0.3,-1,60.9375,60.9375,0
1786442115617,3000,Minimum,4471,4471,0.3,-1,60.9375,60.9375,0
1786442115717,3000,Minimum,4471,4471,0.3,-1,60.9375,60.9375,0
1786442115817,3000,Minimum,4471,4471,0.3,-1,60.9375,60.9375,0
1786442115917,3000,Minimum,4471,4471,0.3,-1,60.9375,60.9375,0
1786442116017,3000,Minimum,4471,4471,0.3,-1,60.9375,60.9375,0
1786442116117,3000,Minimum,4471,4471,0.3,-1,60.9375,60.9375,0
1786442116217,3000,Minimum,4471,4471,0.3,-1,60.9375,60.9375,0
1786442116317,3000,Minimum,4471,4471,0.3,-1,61,61,0
1786442116417,3000,Minimum,4471,4471,0.3,-1,61,61,0
1786442116517,3000,Minimum,4471,4471,0.3,-1,61,61,0
1786442116617,3000,Minimum,4471,4471,0.3,-1,61,61,0
1786442116717,3000,Minimum,4471,4471,0.3,-1,61,61,0
1786442116817,3000,Minimum,4471,4471,0.3,-1,61,61,0
1786442116917,3000,Minimum,4471,4471,0.3,-1,61,61,0
1786442117017,3000,Minimum,4471,4471,0.3,-1,61,61,0
1786442117117,3000,Minimum,4471,4471,0.3,-1,61,61,0
1786442117217,3000,Minimum,4471,4471,0.3,-1,61,61,0
1786442117317,3000,Minimum,4471,4471,0.3,-1,61.125,61.125,0
1786442117417,3000,Minimum,4471,4471,0.3,-1,61.125,61.125,0
1786442117517,3000,Minimum,4471,4471,0.3,-1,61.125,61.125,0
1786442117617,3000,Minimum,4471,4471,0.3,-1,61.125,61.125,0
1786442117717,3000,Minimum,4471,4471,0.3,-1,61.125,61.125,0
1786442117817,3000,Minimum,4471,4471,0.3,-1,61.125,61.125,0
1786442117917,3000,Minimum,4471,4471,0.3,-1,61.125,61.125,0
1786442118017,3000,Minimum,4471,4471,0.3,-1,61.125,61.125,0
1786442118116,3000,Minimum,4471,4471,0.3,-1,61.125,61.125,0
1786442118216,3000,Minimum,4471,4471,0.3,-1,61.125,61.125,0
1786442118317,3000,Minimum,4471,4471,0.3,-1,61.0625,61.0625,0
1786442118417,3000,Minimum,4471,4471,0.3,-1,61.0625,61.0625,0
1786442118517,3000,Minimum,4471,4471,0.3,-1,61.0625,61.0625,0
1786442118617,3000,Minimum,4471,4471,0.3,-1,61.0625,61.0625,0
1786442118717,3000,Minimum,4471,4471,0.3,-1,61.0625,61.0625,0
1786442118816,3000,Minimum,4471,4471,0.3,-1,61.0625,61.0625,0
1786442118916,3000,Minimum,4471,4471,0.3,-1,61.0625,61.0625,0
1786442119016,3000,Minimum,4471,4471,0.3,-1,61.0625,61.0625,0
1786442119116,3000,Minimum,4471,4471,0.3,-1,61.0625,61.0625,0
1786442119216,3000,Minimum,4471,4471,0.3,-1,61.0625,61.0625,0
1786442119317,3000,Minimum,4471,4471,0.3,-1,61.25,61.25,0
1786442119416,3000,Minimum,4471,4471,0.3,-1,61.25,61.25,0
1786442119516,3000,Minimum,4471,4471,0.3,-1,61.25,61.25,0
1786442119616,3000,Minimum,4471,4471,0.3,-1,61.25,61.25,0
1786442119716,3000,Minimum,4471,4471,0.3,-1,61.25,61.25,0
1786442119817,3000,Minimum,4471,4471,0.3,-1,61.25,61.25,0
1786442119917,3000,Minimum,4471,4471,0.3,-1,61.25,61.25,0
1786442120016,3000,Minimum,4471,4471,0.3,-1,61.25,61.25,0
1786442120116,3000,Minimum,4471,4471,0.3,-1,61.25,61.25,0
1786442120216,3000,Minimum,4471,4471,0.3,-1,61.25,61.25,0
1786442120316,3000,Minimum,4471,4471,0.3,-1,61.3125,61.3125,0
1786442120416,3000,Minimum,4471,4471,0.3,-1,61.3125,61.3125,0
1786442120516,3000,Minimum,4471,4471,0.3,-1,61.3125,61.3125,0
1786442120616,3000,Minimum,4471,4471,0.3,-1,61.3125,61.3125,0
1786442120716,3000,Minimum,4471,4471,0.3,-1,61.3125,61.3125,0
1786442120816,3000,Minimum,4471,4471,0.3,-1,61.3125,61.3125,0
1786442120916,3000,Minimum,4471,4471,0.3,-1,61.3125,61.3125,0
1786442121016,3000,Minimum,4471,4471,0.3,-1,61.3125,61.3125,0
1786442121116,3000,Minimum,4471,4471,0.3,-1,61.3125,61.3125,0
1786442121216,3000,Minimum,4471,4471,0.3,-1,61.3125,61.3125,0
1786442121316,3000,Minimum,4471,4471,0.3,-1,61.375,61.375,0
1786442121416,3000,Minimum,4471,4471,0.3,-1,61.375,61.375,0
1786442121516,3000,Minimum,4471,4471,0.3,-1,61.375,61.375,0
1786442121616,3000,Minimum,4471,4471,0.3,-1,61.375,61.375,0
1786442121716,3000,Minimum,4471,4471,0.3,-1,61.375,61.375,0
1786442121816,3000,Minimum,4471,4471,0.3,-1,61.375,61.375,0
1786442121916,3000,Minimum,4471,4471,0.3,-1,61.375,61.375,0
1786442122016,3000,Minimum,4471,4471,0.3,-1,61.375,61.375,0
1786442122116,3000,Minimum,4471,4471,0.3,-1,61.375,61.375,0
1786442122216,3000,Minimum,4471,4471,0.3,-1,61.375,61.375,0
1786442122316,3000,Minimum,4471,4471,0.3,-1,61.4375,61.4375,0
1786442122416,3000,Minimum,4471,4471,0.3,-1,61.4375,61.4375,0
1786442122516,3000,Minimum,4471,4471,0.3,-1,61.4375,61.4375,0
1786442122616,3000,Minimum,4471,4471,0.3,-1,61.4375,61.4375,0
1786442122716,3000,Minimum,4471,4471,0.3,-1,61.4375,61.4375,0
1786442122816,3000,Minimum,4471,4471,0.3,-1,61.4375,61.4375,0
1786442122916,3000,Minimum,4471,4471,0.3,-1,61.4375,61.4375,0
1786442123016,3000,Minimum,4471,4471,0.3,-1,61.4375,61.4375,0
1786442123116,3000,Minimum,4471,4471,0.3,-1,61.4375,61.4375,0
1786442123216,3000,Minimum,4471,4471,0.3,-1,61.4375,61.4375,0
1786442123316,3000,Minimum,4471,4471,0.3,-1,61.5625,61.5625,0
1786442123416,3000,Minimum,4471,4471,0.3,-1,61.5625,61.5625,0
1786442123516,3000,Minimum,4471,4471,0.3,-1,61.5625,61.5625,0
1786442123616,3000,Minimum,4471,4471,0.3,-1,61.5625,61.5625,0
1786442123716,3000,Minimum,4471,4471,0.3,-1,61.5625,61.5625,0
1786442123816,3000,Minimum,4471,4471,0.3,-1,61.5625,61.5625,0
1786442123916,3000,Minimum,4471,4471,0.3,-1,61.5625,61.5625,0
1786442124016,3000,Minimum,4471,4471,0.3,-1,61.5625,61.5625,0
1786442124116,3000,Minimum,4471,4471,0.3,-1,61.5625,61.5625,0
1786442124216,3000,Minimum,4471,4471,0.3,-1,61.5625,61.5625,0
1786442124316,3000,Minimum,4471,4471,0.3,-1,61.5625,61.5625,0
1786442124416,3000,Minimum,4471,4471,0.3,-1,61.5625,61.5625,0
1786442124516,3000,Minimum,4471,4471,0.3,-1,61.5625,61.5625,0
1786442124616,3000,Minimum,4471,4471,0.3,-1,61.5625,61.5625,0
1786442124716,3000,Minimum,4471,4471,0.3,-1,61.5625,61.5625,0
1786442124816,3000,Minimum,4471,4471,0.3,-1,61.5625,61.5625,0
1786442124916,3000,Minimum,4471,4471,0.3,-1,61.5625,61.5625,0
1786442125016,3000,Minimum,4471,4471,0.3,-1,61.5625,61.5625,0
1786442125116,3000,Minimum,4471,4471,0.3,-1,61.5625,61.5625,0
1786442125216,3000,Minimum,4471,4471,0.3,-1,61.5625,61.5625,0
1786442125316,3000,Minimum,4471,4471,0.3,-1,61.625,61.625,0
1786442125416,3000,Minimum,4471,4471,0.3,-1,61.625,61.625,0
1786442125516,3000,Minimum,4471,4471,0.3,-1,61.625,61.625,0
1786442125616,3000,Minimum,4471,4471,0.3,-1,61.625,61.625,0
1786442125716,3000,Minimum,4471,4471,0.3,-1,61.625,61.625,0
1786442125816,3000,Minimum,4471,4471,0.3,-1,61.625,61.625,0
1786442125916,3000,Minimum,4471,4471,0.3,-1,61.625,61.625,0
1786442126016,3000,Minimum,4471,4471,0.3,-1,61.625,61.625,0
1786442126116,3000,Minimum,4471,4471,0.3,-1,61.625,61.625,0
1786442126216,3000,Minimum,4471,4471,0.3,-1,61.625,61.625,0
1786442126316,3000,Minimum,4471,4471,0.3,-1,61.625,61.625,0
1786442126416,3000,Minimum,4471,4471,0.3,-1,61.625,61.625,0
1786442126516,3000,Minimum,4471,4471,0.3,-1,61.625,61.625,0
1786442126616,3000,Minimum,4471,4471,0.3,-1,61.625,61.625,0
1786442126716,3000,Minimum,4471,4471,0.3,-1,61.625,61.625,0
1786442126816,3000,Minimum,4471,4471,0.3,-1,61.625,61.625,0
1786442126916,3000,Minimum,4471,4471,0.3,-1,61.625,61.625,0
1786442127016,3000,Minimum,4471,4471,0.3,-1,61.625,61.625,0
1786442127116,3000,Minimum,4471,4471,0.3,-1,61.625,61.625,0
1786442127216,3000,Minimum,4471,4471,0.3,-1,61.625,61.625,0
1786442127316,3000,Minimum,4471,4471,0.3,-1,61.75,61.75,0
1786442127416,3000,Minimum,4471,4471,0.3,-1,61.75,61.75,0
1786442127517,3000,Minimum,4471,4471,0.3,-1,61.75,61.75,0
1786442127616,3000,Minimum,4471,4471,0.3,-1,61.75,61.75,0
1786442127716,3000,Minimum,4471,4471,0.3,-1,61.75,61.75,0
1786442127816,3000,Minimum,4471,4471,0.3,-1,61.75,61.75,0
1786442127916,3000,Minimum,4471,4471,0.3,-1,61.75,61.75,0
1786442128016,3000,Minimum,4471,4471,0.3,-1,61.75,61.75,0
1786442128116,3000,Minimum,4471,4471,0.3,-1,61.75,61.75,0
1786442128216,3000,Minimum,4471,4471,0.3,-1,61.75,61.75,0
1786442128316,3000,Minimum,4471,4471,0.3,-1,62,62,0
1786442128416,3000,Minimum,4471,4471,0.3,-1,62,62,0
1786442128516,3000,Minimum,4471,4471,0.3,-1,62,62,0
1786442128616,3000,Minimum,4471,4471,0.3,-1,62,62,0
1786442128716,3000,Minimum,4471,4471,0.3,-1,62,62,0
1786442128816,3000,Minimum,4471,4471,0.3,-1,62,62,0
1786442128916,3000,Minimum,4471,4471,0.3,-1,62,62,0
1786442129016,3000,Minimum,4471,4471,0.3,-1,62,62,0
1786442129116,3000,Minimum,4471,4471,0.3,-1,62,62,0
1786442129216,3000,Minimum,4471,4471,0.3,-1,62,62,0
1786442129316,3000,Minimum,4471,4471,0.3,-1,61.9375,61.9375,0
1786442129416,3000,Minimum,4471,4471,0.3,-1,61.9375,61.9375,0
1786442129516,3000,Minimum,4471,4471,0.3,-1,61.9375,61.9375,0
1786442129616,3000,Minimum,4471,4471,0.3,-1,61.9375,61.9375,0
1786442129716,3000,Minimum,4471,4471,0.3,-1,61.9375,61.9375,0
1786442129816,3000,Minimum,4471,4471,0.3,-1,61.9375,61.9375,0
1786442129917,3000,Minimum,4471,4471,0.3,-1,61.9375,61.9375,0
1786442130016,3000,Minimum,4471,4471,0.3,-1,61.9375,61.9375,0
1786442130116,3000,Minimum,4471,4471,0.3,-1,61.9375,61.9375,0
1786442130216,3000,Minimum,4471,4471,0.3,-1,61.9375,61.9375,0
1786442130316,3000,Minimum,4471,4471,0.3,-1,62,62,0
1786442130416,3000,Minimum,4471,4471,0.3,-1,62,62,0
1786442130516,3000,Minimum,4471,4471,0.3,-1,62,62,0
1786442130616,3000,Minimum,4471,4471,0.3,-1,62,62,0
1786442130716,3000,Minimum,4471,4471,0.3,-1,62,62,0
1786442130816,3000,Minimum,4471,4471,0.3,-1,62,62,0
1786442130916,3000,Minimum,4471,4471,0.3,-1,62,62,0
1786442131016,3000,Minimum,4471,4471,0.3,-1,62,62,0
1786442131116,3000,Minimum,4471,4471,0.3,-1,62,62,0
1786442131216,3000,Minimum,4471,4471,0.3,-1,62,62,0
1786442131316,3000,Minimum,4471,4471,0.3,-1,61.9375,61.9375,0
1786442131416,3000,Minimum,4471,4471,0.3,-1,61.9375,61.9375,0
1786442131516,3000,Minimum,4471,4471,0.3,-1,61.9375,61.9375,0
1786442131616,3000,Minimum,4471,4471,0.3,-1,61.9375,61.9375,0
1786442131716,3000,Minimum,4471,4471,0.3,-1,61.9375,61.9375,0
1786442131816,3000,Minimum,4471,4471,0.3,-1,61.9375,61.9375,0
1786442131916,3000,Minimum,4471,4471,0.3,-1,61.9375,61.9375,0
1786442132016,3000,Minimum,4471,4471,0.3,-1,61.9375,61.9375,0
1786442132116,3000,Minimum,4471,4471,0.3,-1,61.9375,61.9375,0
1786442132216,3000,Minimum,4471,4471,0.3,-1,61.9375,61.9375,0
1786442132316,3000,Minimum,4471,4471,0.3,-1,62.0625,62.0625,0
1786442132416,3000,Minimum,4471,4471,0.3,-1,62.0625,62.0625,0
1786442132516,3000,Minimum,4471,4471,0.3,-1,62.0625,62.0625,0
1786442132617,3000,Minimum,4471,4471,0.3,-1,62.0625,62.0625,0
1786442132716,3000,Minimum,4471,4471,0.3,-1,62.0625,62.0625,0
1786442132816,3000,Minimum,4471,4471,0.3,-1,62.0625,62.0625,0
1786442132917,3000,Minimum,4471,4471,0.3,-1,62.0625,62.0625,0
1786442133016,3000,Minimum,4471,4471,0.3,-1,62.0625,62.0625,0
1786442133116,3000,Minimum,4471,4471,0.3,-1,62.0625,62.0625,0
1786442133216,3000,Minimum,4471,4471,0.3,-1,62.0625,62.0625,0
1786442133316,3000,Minimum,4471,4471,0.3,-1,62.0625,62.0625,0
1786442133417,3000,Minimum,4471,4471,0.3,-1,62.0625,62.0625,0
1786442133516,3000,Minimum,4471,4471,0.3,-1,62.0625,62.0625,0
1786442133616,3000,Minimum,4471,4471,0.3,-1,62.0625,62.0625,0
1786442133716,3000,Minimum,4471,4471,0.3,-1,62.0625,62.0625,0
1786442133816,3000,Minimum,4471,4471,0.3,-1,62.0625,62.0625,0
1786442133917,3000,Minimum,4471,4471,0.3,-1,62.0625,62.0625,0
1786442134016,3000,Minimum,4471,4471,0.3,-1,62.0625,62.0625,0
1786442134116,3000,Minimum,4471,4471,0.3,-1,62.0625,62.0625,0
1786442134216,3000,Minimum,4471,4471,0.3,-1,62.0625,62.0625,0
1786442134316,3000,Minimum,4471,4471,0.3,-1,62.1875,62.1875,0
1786442134416,3000,Minimum,4471,4471,0.3,-1,62.1875,62.1875,0
1786442134516,3000,Minimum,4471,4471,0.3,-1,62.1875,62.1875,0
1786442134616,3000,Minimum,4471,4471,0.3,-1,62.1875,62.1875,0
1786442134716,3000,Minimum,4471,4471,0.3,-1,62.1875,62.1875,0
1786442134816,3000,Minimum,4471,4471,0.3,-1,62.1875,62.1875,0
1786442134916,3000,Minimum,4471,4471,0.3,-1,62.1875,62.1875,0
1786442135016,3000,Minimum,4471,4471,0.3,-1,62.1875,62.1875,0
1786442135116,3000,Minimum,4471,4471,0.3,-1,62.1875,62.1875,0
1786442135216,3000,Minimum,4471,4471,0.3,-1,62.1875,62.1875,0
1786442135316,3000,Minimum,4471,4471,0.3,-1,62.1875,62.1875,0
1786442135416,3000,Minimum,4471,4471,0.3,-1,62.1875,62.1875,0
1786442135516,3000,Minimum,4471,4471,0.3,-1,62.1875,62.1875,0
1786442135616,3000,Minimum,4471,4471,0.3,-1,62.1875,62.1875,0
1786442135716,3000,Minimum,4471,4471,0.3,-1,62.1875,62.1875,0
1786442135816,3000,Minimum,4471,4471,0.3,-1,62.1875,62.1875,0
1786442135916,3000,Minimum,4471,4471,0.3,-1,62.1875,62.1875,0
1786442136016,3000,Minimum,4471,4471,0.3,-1,62.1875,62.1875,0
1786442136116,3000,Minimum,4471,4471,0.3,-1,62.1875,62.1875,0
1786442136216,3000,Minimum,4471,4471,0.3,-1,62.1875,62.1875,0
1786442136316,3000,Minimum,4471,4471,0.3,-1,62.125,62.125,0
1786442136416,3000,Minimum,4471,4471,0.3,-1,62.125,62.125,0
1786442136516,3000,Minimum,4471,4471,0.3,-1,62.125,62.125,0
1786442136616,3000,Minimum,4471,4471,0.3,-1,62.125,62.125,0
1786442136716,3000,Minimum,4471,4471,0.3,-1,62.125,62.125,0
1786442136816,3000,Minimum,4471,4471,0.3,-1,62.125,62.125,0
1786442136916,3000,Minimum,4471,4471,0.3,-1,62.125,62.125,0
1786442137016,3000,Minimum,4471,4471,0.3,-1,62.125,62.125,0
1786442137116,3000,Minimum,4471,4471,0.3,-1,62.125,62.125,0
1786442137216,3000,Minimum,4471,4471,0.3,-1,62.125,62.125,0
1786442137316,3000,Minimum,4471,4471,0.3,-1,62.3125,62.3125,0
1786442137416,3000,Minimum,4471,4471,0.3,-1,62.3125,62.3125,0
1786442137517,3000,Minimum,4471,4471,0.3,-1,62.3125,62.3125,0
1786442137616,3000,Minimum,4471,4471,0.3,-1,62.3125,62.3125,0
1786442137716,3000,Minimum,4471,4471,0.3,-1,62.3125,62.3125,0
1786442137816,3000,Minimum,4471,4471,0.3,-1,62.3125,62.3125,0
1786442137917,3000,Minimum,4471,4471,0.3,-1,62.3125,62.3125,0
1786442138016,3000,Minimum,4471,4471,0.3,-1,62.3125,62.3125,0
1786442138116,3000,Minimum,4471,4471,0.3,-1,62.3125,62.3125,0
1786442138216,3000,Minimum,4471,4471,0.3,-1,62.3125,62.3125,0
1786442138316,3000,Minimum,4471,4471,0.3,-1,62.3125,62.3125,0
1786442138416,3000,Minimum,4471,4471,0.3,-1,62.3125,62.3125,0
1786442138516,3000,Minimum,4471,4471,0.3,-1,62.3125,62.3125,0
1786442138616,3000,Minimum,4471,4471,0.3,-1,62.3125,62.3125,0
1786442138716,3000,Minimum,4471,4471,0.3,-1,62.3125,62.3125,0
1786442138816,3000,Minimum,4471,4471,0.3,-1,62.3125,62.3125,0
1786442138916,3000,Minimum,4471,4471,0.3,-1,62.3125,62.3125,0
1786442139016,3000,Minimum,4471,4471,0.3,-1,62.3125,62.3125,0
1786442139118,3000,Minimum,4471,4471,0.3,-1,62.3125,62.3125,0
1786442139218,3000,Minimum,4471,4471,0.3,-1,62.3125,62.3125,0
1786442139318,3000,Minimum,4471,4471,0.3,-1,62.5,62.5,0
1786442139418,3000,Minimum,4471,4471,0.3,-1,62.5,62.5,0
1786442139518,3000,Minimum,4471,4471,0.3,-1,62.5,62.5,0
1786442139618,3000,Minimum,4471,4471,0.3,-1,62.5,62.5,0
1786442139718,3000,Minimum,4471,4471,0.3,-1,62.5,62.5,0
1786442139818,3000,Minimum,4471,4471,0.3,-1,62.5,62.5,0
1786442139918,3000,Minimum,4471,4471,0.3,-1,62.5,62.5,0
1786442140018,3000,Minimum,4471,4471,0.3,-1,62.5,62.5,0
1786442140118,3000,Minimum,4471,4471,0.3,-1,62.5,62.5,0
1786442140218,3000,Minimum,4471,4471,0.3,-1,62.5,62.5,0
1786442140318,3000,Minimum,4471,4471,0.3,-1,62.4375,62.4375,0
1786442140418,3000,Minimum,4471,4471,0.3,-1,62.4375,62.4375,0
1786442140518,3000,Minimum,4471,4471,0.3,-1,62.4375,62.4375,0
1786442140618,3000,Minimum,4471,4471,0.3,-1,62.4375,62.4375,0
1786442140718,3000,Minimum,4471,4471,0.3,-1,62.4375,62.4375,0
1786442140818,3000,Minimum,4471,4471,0.3,-1,62.4375,62.4375,0
1786442140918,3000,Minimum,4471,4471,0.3,-1,62.4375,62.4375,0
1786442141018,3000,Minimum,4471,4471,0.3,-1,62.4375,62.4375,0
1786442141118,3000,Minimum,4471,4471,0.3,-1,62.4375,62.4375,0
1786442141218,3000,Minimum,4471,4471,0.3,-1,62.4375,62.4375,0
1786442141318,3000,Minimum,4471,4471,0.3,-1,62.5,62.5,0
1786442141417,3000,Minimum,4471,4471,0.3,-1,62.5,62.5,0
1786442141518,3000,Minimum,4471,4471,0.3,-1,62.5,62.5,0
1786442141618,3000,Minimum,4471,4471,0.3,-1,62.5,62.5,0
1786442141718,3000,Minimum,4471,4471,0.3,-1,62.5,62.5,0
1786442141818,3000,Minimum,4471,4471,0.3,-1,62.5,62.5,0
1786442141918,3000,Minimum,4471,4471,0.3,-1,62.5,62.5,0
1786442142018,3000,Minimum,4471,4471,0.3,-1,62.5,62.5,0
1786442142118,3000,Minimum,4471,4471,0.3,-1,62.5,62.5,0
1786442142218,3000,Minimum,4471,4471,0.3,-1,62.5,62.5,0
1786442142318,3000,Minimum,4471,4471,0.3,-1,62.5,62.5,0
1786442142418,3000,Minimum,4471,4471,0.3,-1,62.5,62.5,0
1786442142518,3000,Minimum,4471,4471,0.3,-1,62.5,62.5,0
1786442142618,3000,Minimum,4471,4471,0.3,-1,62.5,62.5,0
1786442142718,3000,Minimum,4471,4471,0.3,-1,62.5,62.5,0
1786442142817,3000,Minimum,4471,4471,0.3,-1,62.5,62.5,0
1786442142918,3000,Minimum,4471,4471,0.3,-1,62.5,62.5,0
1786442143018,3000,Minimum,4471,4471,0.3,-1,62.5,62.5,0
1786442143117,3000,Minimum,4471,4471,0.3,-1,62.5,62.5,0
1786442143217,3000,Minimum,4471,4471,0.3,-1,62.5,62.5,0
1786442143317,3000,Minimum,4471,4471,0.3,-1,62.5625,62.5625,0
1786442143417,3000,Minimum,4471,4471,0.3,-1,62.5625,62.5625,0
1786442143517,3000,Minimum,4471,4471,0.3,-1,62.5625,62.5625,0
1786442143617,3000,Minimum,4471,4471,0.3,-1,62.5625,62.5625,0
1786442143717,3000,Minimum,4471,4471,0.3,-1,62.5625,62.5625,0
1786442143817,3000,Minimum,4471,4471,0.3,-1,62.5625,62.5625,0
1786442143917,3000,Minimum,4471,4471,0.3,-1,62.5625,62.5625,0
1786442144017,3000,Minimum,4471,4471,0.3,-1,62.5625,62.5625,0
1786442144117,3000,Minimum,4471,4471,0.3,-1,62.5625,62.5625,0
1786442144217,3000,Minimum,4471,4471,0.3,-1,62.5625,62.5625,0
1786442144317,3000,Minimum,4471,4471,0.3,-1,62.5,62.5,0
1786442144417,3000,Minimum,4471,4471,0.3,-1,62.5,62.5,0
1786442144517,3000,Minimum,4471,4471,0.3,-1,62.5,62.5,0
1786442144617,3000,Minimum,4471,4471,0.3,-1,62.5,62.5,0
1786442144717,3000,Minimum,4471,4471,0.3,-1,62.5,62.5,0
1786442144817,3000,Minimum,4471,4471,0.3,-1,62.5,62.5,0
1786442144917,3000,Minimum,4471,4471,0.3,-1,62.5,62.5,0
1786442145017,3000,Minimum,4471,4471,0.3,-1,62.5,62.5,0
1786442145117,3000,Minimum,4471,4471,0.3,-1,62.5,62.5,0
1786442145217,3000,Minimum,4471,4471,0.3,-1,62.5,62.5,0
1786442145317,3000,Minimum,4471,4471,0.3,-1,62.625,62.625,0
1786442145417,3000,Minimum,4471,4471,0.3,-1,62.625,62.625,0
1786442145517,3000,Minimum,4471,4471,0.3,-1,62.625,62.625,0
1786442145617,3000,Minimum,4471,4471,0.3,-1,62.625,62.625,0
1786442145717,3000,Minimum,4471,4471,0.3,-1,62.625,62.625,0
1786442145817,3000,Minimum,4471,4471,0.3,-1,62.625,62.625,0
1786442145917,3000,Minimum,4471,4471,0.3,-1,62.625,62.625,0
1786442146017,3000,Minimum,4471,4471,0.3,-1,62.625,62.625,0
1786442146117,3000,Minimum,4471,4471,0.3,-1,62.625,62.625,0
1786442146217,3000,Minimum,4471,4471,0.3,-1,62.625,62.625,0
1786442146317,3000,Minimum,4471,4471,0.3,-1,62.625,62.625,0
1786442146417,3000,Minimum,4471,4471,0.3,-1,62.625,62.625,0
1786442146517,3000,Minimum,4471,4471,0.3,-1,62.625,62.625,0
1786442146617,3000,Minimum,4471,4471,0.3,-1,62.625,62.625,0
1786442146717,3000,Minimum,4471,4471,0.3,-1,62.625,62.625,0
1786442146817,3000,Minimum,4471,4471,0.3,-1,62.625,62.625,0
1786442146917,3000,Minimum,4471,4471,0.3,-1,62.625,62.625,0
1786442147017,3000,Minimum,4471,4471,0.3,-1,62.625,62.625,0
1786442147117,3000,Minimum,4471,4471,0.3,-1,62.625,62.625,0
1786442147217,3000,Minimum,4471,4471,0.3,-1,62.625,62.625,0
1786442147317,3000,Minimum,4471,4471,0.3,-1,62.6875,62.6875,0
1786442147417,3000,Minimum,4471,4471,0.3,-1,62.6875,62.6875,0
1786442147517,3000,Minimum,4471,4471,0.3,-1,62.6875,62.6875,0
1786442147617,3000,Minimum,4471,4471,0.3,-1,62.6875,62.6875,0
1786442147717,3000,Minimum,4471,4471,0.3,-1,62.6875,62.6875,0
1786442147817,3000,Minimum,4471,4471,0.3,-1,62.6875,62.6875,0
1786442147917,3000,Minimum,4471,4471,0.3,-1,62.6875,62.6875,0
1786442148017,3000,Minimum,4471,4471,0.3,-1,62.6875,62.6875,0
1786442148117,3000,Minimum,4471,4471,0.3,-1,62.6875,62.6875,0
1786442148217,3000,Minimum,4471,4471,0.3,-1,62.6875,62.6875,0
1786442148317,3000,Minimum,4471,4471,0.3,-1,62.625,62.625,0
1786442148417,3000,Minimum,4471,4471,0.3,-1,62.625,62.625,0
1786442148517,3000,Minimum,4471,4471,0.3,-1,62.625,62.625,0
1786442148617,3000,Minimum,4471,4471,0.3,-1,62.625,62.625,0
1786442148717,3000,Minimum,4471,4471,0.3,-1,62.625,62.625,0
1786442148817,3000,Minimum,4471,4471,0.3,-1,62.625,62.625,0
1786442148917,3000,Minimum,4471,4471,0.3,-1,62.625,62.625,0
1786442149017,3000,Minimum,4471,4471,0.3,-1,62.625,62.625,0
1786442149117,3000,Minimum,4471,4471,0.3,-1,62.625,62.625,0
1786442149217,3000,Minimum,4471,4471,0.3,-1,62.625,62.625,0
1786442149317,3000,Minimum,4471,4471,0.3,-1,62.8125,62.8125,0
1786442149417,3000,Minimum,4471,4471,0.3,-1,62.8125,62.8125,0
1786442149517,3000,Minimum,4471,4471,0.3,-1,62.8125,62.8125,0
1786442149617,3000,Minimum,4471,4471,0.3,-1,62.8125,62.8125,0
1786442149717,3000,Minimum,4471,4471,0.3,-1,62.8125,62.8125,0
1786442149817,3000,Minimum,4471,4471,0.3,-1,62.8125,62.8125,0
1786442149917,3000,Minimum,4471,4471,0.3,-1,62.8125,62.8125,0
1786442150017,3000,Minimum,4471,4471,0.3,-1,62.8125,62.8125,0
1786442150116,3000,Minimum,4471,4471,0.3,-1,62.8125,62.8125,0
1786442150217,3000,Minimum,4471,4471,0.3,-1,62.8125,62.8125,0
1786442150317,3000,Minimum,4471,4471,0.3,-1,62.875,62.875,0
1786442150417,3000,Minimum,4471,4471,0.3,-1,62.875,62.875,0
1786442150517,3000,Minimum,4471,4471,0.3,-1,62.875,62.875,0
1786442150616,3000,Minimum,4471,4471,0.3,-1,62.875,62.875,0
1786442150717,3000,Minimum,4471,4471,0.3,-1,62.875,62.875,0
1786442150817,3000,Minimum,4471,4471,0.3,-1,62.875,62.875,0
1786442150917,3000,Minimum,4471,4471,0.3,-1,62.875,62.875,0
1786442151017,3000,Minimum,4471,4471,0.3,-1,62.875,62.875,0
1786442151117,3000,Minimum,4471,4471,0.3,-1,62.875,62.875,0
1786442151217,3000,Minimum,4471,4471,0.3,-1,62.875,62.875,0
1786442151316,3000,Minimum,4471,4471,0.3,-1,62.8125,62.8125,0
1786442151416,3000,Minimum,4471,4471,0.3,-1,62.8125,62.8125,0
1786442151517,3000,Minimum,4471,4471,0.3,-1,62.8125,62.8125,0
1786442151616,3000,Minimum,4471,4471,0.3,-1,62.8125,62.8125,0
1786442151716,3000,Minimum,4471,4471,0.3,-1,62.8125,62.8125,0
1786442151817,3000,Minimum,4471,4471,0.3,-1,62.8125,62.8125,0
1786442151917,3000,Minimum,4471,4471,0.3,-1,62.8125,62.8125,0
1786442152017,3000,Minimum,4471,4471,0.3,-1,62.8125,62.8125,0
1786442152116,3000,Minimum,4471,4471,0.3,-1,62.8125,62.8125,0
1786442152216,3000,Minimum,4471,4471,0.3,-1,62.8125,62.8125,0
1786442152317,3000,Minimum,4471,4471,0.3,-1,62.8125,62.8125,0
1786442152417,3000,Minimum,4471,4471,0.3,-1,62.8125,62.8125,0
1786442152516,3000,Minimum,4471,4471,0.3,-1,62.8125,62.8125,0
1786442152616,3000,Minimum,4471,4471,0.3,-1,62.8125,62.8125,0
1786442152716,3000,Minimum,4471,4471,0.3,-1,62.8125,62.8125,0
1786442152817,3000,Minimum,4471,4471,0.3,-1,62.8125,62.8125,0
1786442152916,3000,Minimum,4471,4471,0.3,-1,62.8125,62.8125,0
1786442153016,3000,Minimum,4471,4471,0.3,-1,62.8125,62.8125,0
1786442153116,3000,Minimum,4471,4471,0.3,-1,62.8125,62.8125,0
1786442153216,3000,Minimum,4471,4471,0.3,-1,62.8125,62.8125,0
1786442153316,3000,Minimum,4471,4471,0.3,-1,63,63,0
1786442153416,3000,Minimum,4471,4471,0.3,-1,63,63,0
1786442153516,3000,Minimum,4471,4471,0.3,-1,63,63,0
1786442153616,3000,Minimum,4471,4471,0.3,-1,63,63,0
1786442153716,3000,Minimum,4471,4471,0.3,-1,63,63,0
1786442153816,3000,Minimum,4471,4471,0.3,-1,63,63,0
1786442153916,3000,Minimum,4471,4471,0.3,-1,63,63,0
1786442154016,3000,Minimum,4471,4471,0.3,-1,63,63,0
1786442154116,3000,Minimum,4471,4471,0.3,-1,63,63,0
1786442154216,3000,Minimum,4471,4471,0.3,-1,63,63,0
1786442154316,3000,Minimum,4471,4471,0.3,-1,62.9375,62.9375,0
1786442154416,3000,Minimum,4471,4471,0.3,-1,62.9375,62.9375,0
1786442154516,3000,Minimum,4471,4471,0.3,-1,62.9375,62.9375,0
1786442154616,3000,Minimum,4471,4471,0.3,-1,62.9375,62.9375,0
1786442154716,3000,Minimum,4471,4471,0.3,-1,62.9375,62.9375,0
1786442154816,3000,Minimum,4471,4471,0.3,-1,62.9375,62.9375,0
1786442154916,3000,Minimum,4471,4471,0.3,-1,62.9375,62.9375,0
1786442155016,3000,Minimum,4471,4471,0.3,-1,62.9375,62.9375,0
1786442155116,3000,Minimum,4471,4471,0.3,-1,62.9375,62.9375,0
1786442155216,3000,Minimum,4471,4471,0.3,-1,62.9375,62.9375,0
1786442155316,3000,Minimum,4471,4471,0.3,-1,62.9375,62.9375,0
1786442155416,3000,Minimum,4471,4471,0.3,-1,62.9375,62.9375,0
1786442155516,3000,Minimum,4471,4471,0.3,-1,62.9375,62.9375,0
1786442155616,3000,Minimum,4471,4471,0.3,-1,62.9375,62.9375,0
1786442155716,3000,Minimum,4471,4471,0.3,-1,62.9375,62.9375,0
1786442155816,3000,Minimum,4471,4471,0.3,-1,62.9375,62.9375,0
1786442155916,3000,Minimum,4471,4471,0.3,-1,62.9375,62.9375,0
1786442156016,3000,Minimum,4471,4471,0.3,-1,62.9375,62.9375,0
1786442156116,3000,Minimum,4471,4471,0.3,-1,62.9375,62.9375,0
1786442156216,3000,Minimum,4471,4471,0.3,-1,62.9375,62.9375,0
1786442156316,3000,Minimum,4471,4471,0.3,-1,63,63,0
1786442156416,3000,Minimum,4471,4471,0.3,-1,63,63,0
1786442156516,3000,Minimum,4471,4471,0.3,-1,63,63,0
1786442156616,3000,Minimum,4471,4471,0.3,-1,63,63,0
1786442156716,3000,Minimum,4471,4471,0.3,-1,63,63,0
1786442156816,3000,Minimum,4471,4471,0.3,-1,63,63,0
1786442156916,3000,Minimum,4471,4471,0.3,-1,63,63,0
1786442157016,3000,Minimum,4471,4471,0.3,-1,63,63,0
1786442157116,3000,Minimum,4471,4471,0.3,-1,63,63,0
1786442157216,3000,Minimum,4471,4471,0.3,-1,63,63,0
1786442157316,3000,Minimum,4471,4471,0.3,-1,63.0625,63.0625,0
1786442157416,3000,Minimum,4471,4471,0.3,-1,63.0625,63.0625,0
1786442157516,3000,Minimum,4471,4471,0.3,-1,63.0625,63.0625,0
1786442157616,3000,Minimum,4471,4471,0.3,-1,63.0625,63.0625,0
1786442157716,3000,Minimum,4471,4471,0.3,-1,63.0625,63.0625,0
1786442157816,3000,Minimum,4471,4471,0.3,-1,63.0625,63.0625,0
1786442157916,3000,Minimum,4471,4471,0.3,-1,63.0625,63.0625,0
1786442158016,3000,Minimum,4471,4471,0.3,-1,63.0625,63.0625,0
1786442158116,3000,Minimum,4471,4471,0.3,-1,63.0625,63.0625,0
1786442158216,3000,Minimum,4471,4471,0.3,-1,63.0625,63.0625,0
1786442158316,3000,Minimum,4471,4471,0.3,-1,63.125,63.125,0
1786442158416,3000,Minimum,4471,4471,0.3,-1,63.125,63.125,0
1786442158516,3000,Minimum,4471,4471,0.3,-1,63.125,63.125,0
1786442158616,3000,Minimum,4471,4471,0.3,-1,63.125,63.125,0
1786442158716,3000,Minimum,4471,4471,0.3,-1,63.125,63.125,0
1786442158816,3000,Minimum,4471,4471,0.3,-1,63.125,63.125,0
1786442158916,3000,Minimum,4471,4471,0.3,-1,63.125,63.125,0
1786442159016,3000,Minimum,4471,4471,0.3,-1,63.125,63.125,0
1786442159116,3000,Minimum,4471,4471,0.3,-1,63.125,63.125,0
1786442159216,3000,Minimum,4471,4471,0.3,-1,63.125,63.125,0
1786442159316,3000,Minimum,4471,4471,0.3,-1,63.1875,63.1875,0
1786442159416,3000,Minimum,4471,4471,0.3,-1,63.1875,63.1875,0
1786442159516,3000,Minimum,4471,4471,0.3,-1,63.1875,63.1875,0
1786442159616,3000,Minimum,4471,4471,0.3,-1,63.1875,63.1875,0
1786442159716,3000,Minimum,4471,4471,0.3,-1,63.1875,63.1875,0
1786442159816,3000,Minimum,4471,4471,0.3,-1,63.1875,63.1875,0
1786442159916,3000,Minimum,4471,4471,0.3,-1,63.1875,63.1875,0
1786442160016,3000,Minimum,4471,4471,0.3,-1,63.1875,63.1875,0
1786442160116,3000,Minimum,4471,4471,0.3,-1,63.1875,63.1875,0
1786442160216,3000,Minimum,4471,4471,0.3,-1,63.1875,63.1875,0
1786442160316,3000,Minimum,4471,4471,0.3,-1,63.25,63.25,0
1786442160416,3000,Minimum,4471,4471,0.3,-1,63.25,63.25,0
1786442160516,3000,Minimum,4471,4471,0.3,-1,63.25,63.25,0
1786442160616,3000,Minimum,4471,4471,0.3,-1,63.25,63.25,0
1786442160716,3000,Minimum,4471,4471,0.3,-1,63.25,63.25,0
1786442160816,3000,Minimum,4471,4471,0.3,-1,63.25,63.25,0
1786442160916,3000,Minimum,4471,4471,0.3,-1,63.25,63.25,0
1786442161016,3000,Minimum,4471,4471,0.3,-1,63.25,63.25,0
1786442161116,3000,Minimum,4471,4471,0.3,-1,63.25,63.25,0
1786442161216,3000,Minimum,4471,4471,0.3,-1,63.25,63.25,0
1786442161316,3000,Minimum,4471,4471,0.3,-1,63.1875,63.1875,0
1786442161416,3000,Minimum,4471,4471,0.3,-1,63.1875,63.1875,0
1786442161516,3000,Minimum,4471,4471,0.3,-1,63.1875,63.1875,0
1786442161616,3000,Minimum,4471,4471,0.3,-1,63.1875,63.1875,0
1786442161716,3000,Minimum,4471,4471,0.3,-1,63.1875,63.1875,0
1786442161817,3000,Minimum,4471,4471,0.3,-1,63.1875,63.1875,0
1786442161916,3000,Minimum,4471,4471,0.3,-1,63.1875,63.1875,0
1786442162016,3000,Minimum,4471,4471,0.3,-1,63.1875,63.1875,0
1786442162116,3000,Minimum,4471,4471,0.3,-1,63.1875,63.1875,0
1786442162216,3000,Minimum,4471,4471,0.3,-1,63.1875,63.1875,0
1786442162316,3000,Minimum,4471,4471,0.3,-1,63.1875,63.1875,0
1786442162416,3000,Minimum,4471,4471,0.3,-1,63.1875,63.1875,0
1786442162516,3000,Minimum,4471,4471,0.3,-1,63.1875,63.1875,0
1786442162616,3000,Minimum,4471,4471,0.3,-1,63.1875,63.1875,0
1786442162716,3000,Minimum,4471,4471,0.3,-1,63.1875,63.1875,0
1786442162816,3000,Minimum,4471,4471,0.3,-1,63.1875,63.1875,0
1786442162916,3000,Minimum,4471,4471,0.3,-1,63.1875,63.1875,0
1786442163016,3000,Minimum,4471,4471,0.3,-1,63.1875,63.1875,0
1786442163116,3000,Minimum,4471,4471,0.3,-1,63.1875,63.1875,0
1786442163216,3000,Minimum,4471,4471,0.3,-1,63.1875,63.1875,0
1786442163316,3000,Minimum,4471,4471,0.3,-1,63.3125,63.3125,0
1786442163416,3000,Minimum,4471,4471,0.3,-1,63.3125,63.3125,0
1786442163516,3000,Minimum,4471,4471,0.3,-1,63.3125,63.3125,0
1786442163616,3000,Minimum,4471,4471,0.3,-1,63.3125,63.3125,0
1786442163716,3000,Minimum,4471,4471,0.3,-1,63.3125,63.3125,0
1786442163816,3000,Minimum,4471,4471,0.3,-1,63.3125,63.3125,0
1786442163916,3000,Minimum,4471,4471,0.3,-1,63.3125,63.3125,0
1786442164016,3000,Minimum,4471,4471,0.3,-1,63.3125,63.3125,0
1786442164116,3000,Minimum,4471,4471,0.3,-1,63.3125,63.3125,0
1786442164216,3000,Minimum,4471,4471,0.3,-1,63.3125,63.3125,0
1786442164316,3000,Minimum,4471,4471,0.3,-1,63.3125,63.3125,0
1786442164416,3000,Minimum,4471,4471,0.3,-1,63.3125,63.3125,0
1786442164516,3000,Minimum,4471,4471,0.3,-1,63.3125,63.3125,0
1786442164616,3000,Minimum,4471,4471,0.3,-1,63.3125,63.3125,0
1786442164716,3000,Minimum,4471,4471,0.3,-1,63.3125,63.3125,0
1786442164816,3000,Minimum,4471,4471,0.3,-1,63.3125,63.3125,0
1786442164916,3000,Minimum,4471,4471,0.3,-1,63.3125,63.3125,0
1786442165016,3000,Minimum,4471,4471,0.3,-1,63.3125,63.3125,0
1786442165116,3000,Minimum,4471,4471,0.3,-1,63.3125,63.3125,0
1786442165216,3000,Minimum,4471,4471,0.3,-1,63.3125,63.3125,0
1786442165316,3000,Minimum,4471,4471,0.3,-1,63.25,63.25,0
1786442165416,3000,Minimum,4471,4471,0.3,-1,63.25,63.25,0
1786442165516,3000,Minimum,4471,4471,0.3,-1,63.25,63.25,0
1786442165616,3000,Minimum,4471,4471,0.3,-1,63.25,63.25,0
1786442165716,3000,Minimum,4471,4471,0.3,-1,63.25,63.25,0
1786442165816,3000,Minimum,4471,4471,0.3,-1,63.25,63.25,0
1786442165916,3000,Minimum,4471,4471,0.3,-1,63.25,63.25,0
1786442166016,3000,Minimum,4471,4471,0.3,-1,63.25,63.25,0
1786442166116,3000,Minimum,4471,4471,0.3,-1,63.25,63.25,0
1786442166216,3000,Minimum,4471,4471,0.3,-1,63.25,63.25,0
1786442166316,3000,Minimum,4471,4471,0.3,-1,63.375,63.375,0
1786442166416,3000,Minimum,4471,4471,0.3,-1,63.375,63.375,0
1786442166516,3000,Minimum,4471,4471,0.3,-1,63.375,63.375,0
1786442166616,3000,Minimum,4471,4471,0.3,-1,63.375,63.375,0
1786442166716,3000,Minimum,4471,4471,0.3,-1,63.375,63.375,0
1786442166816,3000,Minimum,4471,4471,0.3,-1,63.375,63.375,0
1786442166916,3000,Minimum,4471,4471,0.3,-1,63.375,63.375,0
1786442167016,3000,Minimum,4471,4471,0.3,-1,63.375,63.375,0
1786442167116,3000,Minimum,4471,4471,0.3,-1,63.375,63.375,0
1786442167216,3000,Minimum,4471,4471,0.3,-1,63.375,63.375,0
1786442167316,3000,Minimum,4471,4471,0.3,-1,63.3125,63.3125,0
1786442167416,3000,Minimum,4471,4471,0.3,-1,63.3125,63.3125,0
1786442167516,3000,Minimum,4471,4471,0.3,-1,63.3125,63.3125,0
1786442167616,3000,Minimum,4471,4471,0.3,-1,63.3125,63.3125,0
1786442167716,3000,Minimum,4471,4471,0.3,-1,63.3125,63.3125,0
1786442167816,3000,Minimum,4471,4471,0.3,-1,63.3125,63.3125,0
1786442167916,3000,Minimum,4471,4471,0.3,-1,63.3125,63.3125,0
1786442168016,3000,Minimum,4471,4471,0.3,-1,63.3125,63.3125,0
1786442168116,3000,Minimum,4471,4471,0.3,-1,63.3125,63.3125,0
1786442168216,3000,Minimum,4471,4471,0.3,-1,63.3125,63.3125,0
1786442168316,3000,Minimum,4471,4471,0.3,-1,63.25,63.25,0
1786442168416,3000,Minimum,4471,4471,0.3,-1,63.25,63.25,0
1786442168516,3000,Minimum,4471,4471,0.3,-1,63.25,63.25,0
1786442168616,3000,Minimum,4471,4471,0.3,-1,63.25,63.25,0
1786442168716,3000,Minimum,4471,4471,0.3,-1,63.25,63.25,0
1786442168816,3000,Minimum,4471,4471,0.3,-1,63.25,63.25,0
1786442168916,3000,Minimum,4471,4471,0.3,-1,63.25,63.25,0
1786442169016,3000,Minimum,4471,4471,0.3,-1,63.25,63.25,0
1786442169116,3000,Minimum,4471,4471,0.3,-1,63.25,63.25,0
1786442169216,3000,Minimum,4471,4471,0.3,-1,63.25,63.25,0
1786442169316,3000,Minimum,4471,4471,0.3,-1,63.375,63.375,0
1786442169416,3000,Minimum,4471,4471,0.3,-1,63.375,63.375,0
1786442169516,3000,Minimum,4471,4471,0.3,-1,63.375,63.375,0
1786442169616,3000,Minimum,4471,4471,0.3,-1,63.375,63.375,0
1786442169716,3000,Minimum,4471,4471,0.3,-1,63.375,63.375,0
1786442169816,3000,Minimum,4471,4471,0.3,-1,63.375,63.375,0
1786442169916,3000,Minimum,4471,4471,0.3,-1,63.375,63.375,0
1786442170016,3000,Minimum,4471,4471,0.3,-1,63.375,63.375,0
1786442170116,3000,Minimum,4471,4471,0.3,-1,63.375,63.375,0
1786442170216,3000,Minimum,4471,4471,0.3,-1,63.375,63.375,0
1786442170316,3000,Minimum,4471,4471,0.3,-1,63.5,63.5,0
1786442170416,3000,Minimum,4471,4471,0.3,-1,63.5,63.5,0
1786442170516,3000,Minimum,4471,4471,0.3,-1,63.5,63.5,0
1786442170616,3000,Minimum,4471,4471,0.3,-1,63.5,63.5,0
1786442170716,3000,Minimum,4471,4471,0.3,-1,63.5,63.5,0
1786442170816,3000,Minimum,4471,4471,0.3,-1,63.5,63.5,0
1786442170916,3000,Minimum,4471,4471,0.3,-1,63.5,63.5,0
1786442171016,3000,Minimum,4471,4471,0.3,-1,63.5,63.5,0
1786442171116,3000,Minimum,4471,4471,0.3,-1,63.5,63.5,0
1786442171216,3000,Minimum,4471,4471,0.3,-1,63.5,63.5,0
1786442171316,3000,Minimum,4471,4471,0.3,-1,63.375,63.375,0
1786442171416,3000,Minimum,4471,4471,0.3,-1,63.375,63.375,0
1786442171516,3000,Minimum,4471,4471,0.3,-1,63.375,63.375,0
1786442171616,3000,Minimum,4471,4471,0.3,-1,63.375,63.375,0
1786442171716,3000,Minimum,4471,4471,0.3,-1,63.375,63.375,0
1786442171816,3000,Minimum,4471,4471,0.3,-1,63.375,63.375,0
1786442171916,3000,Minimum,4471,4471,0.3,-1,63.375,63.375,0
1786442172016,3000,Minimum,4471,4471,0.3,-1,63.375,63.375,0
1786442172118,3000,Minimum,4471,4471,0.3,-1,63.375,63.375,0
1786442172218,3000,Minimum,4471,4471,0.3,-1,63.375,63.375,0
1786442172318,3000,Minimum,4471,4471,0.3,-1,63.5,63.5,0
1786442172418,3000,Minimum,4471,4471,0.3,-1,63.5,63.5,0
1786442172518,3000,Minimum,4471,4471,0.3,-1,63.5,63.5,0
1786442172618,3000,Minimum,4471,4471,0.3,-1,63.5,63.5,0
1786442172718,3000,Minimum,4471,4471,0.3,-1,63.5,63.5,0
1786442172817,3000,Minimum,4471,4471,0.3,-1,63.5,63.5,0
1786442172918,3000,Minimum,4471,4471,0.3,-1,63.5,63.5,0
1786442173018,3000,Minimum,4471,4471,0.3,-1,63.5,63.5,0
1786442173118,3000,Minimum,4471,4471,0.3,-1,63.5,63.5,0
1786442173218,3000,Minimum,4471,4471,0.3,-1,63.5,63.5,0
1786442173318,3000,Minimum,4471,4471,0.3,-1,63.4375,63.4375,0
1786442173418,3000,Minimum,4471,4471,0.3,-1,63.4375,63.4375,0
1786442173518,3000,Minimum,4471,4471,0.3,-1,63.4375,63.4375,0
1786442173618,3000,Minimum,4471,4471,0.3,-1,63.4375,63.4375,0
1786442173718,3000,Minimum,4471,4471,0.3,-1,63.4375,63.4375,0
1786442173818,3000,Minimum,4471,4471,0.3,-1,63.4375,63.4375,0
1786442173918,3000,Minimum,4471,4471,0.3,-1,63.4375,63.4375,0
1786442174018,3000,Minimum,4471,4471,0.3,-1,63.4375,63.4375,0
1786442174118,3000,Minimum,4471,4471,0.3,-1,63.4375,63.4375,0
1786442174217,3000,Minimum,4471,4471,0.3,-1,63.4375,63.4375,0
1786442174317,3000,Minimum,4471,4471,0.3,-1,63.5,63.5,0
1786442174418,3000,Minimum,4471,4471,0.3,-1,63.5,63.5,0
1786442174517,3000,Minimum,4471,4471,0.3,-1,63.5,63.5,0
1786442174617,3000,Minimum,4471,4471,0.3,-1,63.5,63.5,0
1786442174718,3000,Minimum,4471,4471,0.3,-1,63.5,63.5,0
1786442174818,3000,Minimum,4471,4471,0.3,-1,63.5,63.5,0
1786442174918,3000,Minimum,4471,4471,0.3,-1,63.5,63.5,0
1786442175018,3000,Minimum,4471,4471,0.3,-1,63.5,63.5,0
1786442175118,3000,Minimum,4471,4471,0.3,-1,63.5,63.5,0
1786442175217,3000,Minimum,4471,4471,0.3,-1,63.5,63.5,0
1786442175317,3000,Minimum,4471,4471,0.3,-1,63.5,63.5,0
1786442175417,3000,Minimum,4471,4471,0.3,-1,63.5,63.5,0
1786442175517,3000,Minimum,4471,4471,0.3,-1,63.5,63.5,0
1786442175617,3000,Minimum,4471,4471,0.3,-1,63.5,63.5,0
1786442175718,3000,Minimum,4471,4471,0.3,-1,63.5,63.5,0
1786442175817,3000,Minimum,4471,4471,0.3,-1,63.5,63.5,0
1786442175917,3000,Minimum,4471,4471,0.3,-1,63.5,63.5,0
1786442176018,3000,Minimum,4471,4471,0.3,-1,63.5,63.5,0
1786442176117,3000,Minimum,4471,4471,0.3,-1,63.5,63.5,0
1786442176217,3000,Minimum,4471,4471,0.3,-1,63.5,63.5,0
1786442176317,3000,Minimum,4471,4471,0.3,-1,63.5,63.5,0
1786442176417,3000,Minimum,4471,4471,0.3,-1,63.5,63.5,0
1786442176517,3000,Minimum,4471,4471,0.3,-1,63.5,63.5,0
1786442176617,3000,Minimum,4471,4471,0.3,-1,63.5,63.5,0
1786442176717,3000,Minimum,4471,4471,0.3,-1,63.5,63.5,0
1786442176817,3000,Minimum,4471,4471,0.3,-1,63.5,63.5,0
1786442176917,3000,Minimum,4471,4471,0.3,-1,63.5,63.5,0
1786442177017,3000,Minimum,4471,4471,0.3,-1,63.5,63.5,0
1786442177117,3000,Minimum,4471,4471,0.3,-1,63.5,63.5,0
1786442177217,3000,Minimum,4471,4471,0.3,-1,63.5,63.5,0
1786442177317,3000,Minimum,4471,4471,0.3,-1,63.5,63.5,0
1786442177417,3000,Minimum,4471,4471,0.3,-1,63.5,63.5,0
1786442177517,3000,Minimum,4471,4471,0.3,-1,63.5,63.5,0
1786442177617,3000,Minimum,4471,4471,0.3,-1,63.5,63.5,0
1786442177717,3000,Minimum,4471,4471,0.3,-1,63.5,63.5,0
1786442177817,3000,Minimum,4471,4471,0.3,-1,63.5,63.5,0
1786442177917,3000,Minimum,4471,4471,0.3,-1,63.5,63.5,0
1786442178017,3000,Minimum,4471,4471,0.3,-1,63.5,63.5,0
1786442178117,3000,Minimum,4471,4471,0.3,-1,63.5,63.5,0
1786442178217,3000,Minimum,4471,4471,0.3,-1,63.5,63.5,0
1786442178317,3000,Minimum,4471,4471,0.3,-1,63.5,63.5,0
1786442178417,3000,Minimum,4471,4471,0.3,-1,63.5,63.5,0
1786442178517,3000,Minimum,4471,4471,0.3,-1,63.5,63.5,0
1786442178617,3000,Minimum,4471,4471,0.3,-1,63.5,63.5,0
1786442178717,3000,Minimum,4471,4471,0.3,-1,63.5,63.5,0
1786442178817,3000,Minimum,4471,4471,0.3,-1,63.5,63.5,0
1786442178917,3000,Minimum,4471,4471,0.3,-1,63.5,63.5,0
1786442179017,3000,Minimum,4471,4471,0.3,-1,63.5,63.5,0
1786442179117,3000,Minimum,4471,4471,0.3,-1,63.5,63.5,0
1786442179217,3000,Minimum,4471,4471,0.3,-1,63.5,63.5,0
1786442179317,3000,Minimum,4471,4471,0.3,-1,63.5625,63.5625,0
1786442179417,3000,Minimum,4471,4471,0.3,-1,63.5625,63.5625,0
1786442179517,3000,Minimum,4471,4471,0.3,-1,63.5625,63.5625,0
1786442179617,3000,Minimum,4471,4471,0.3,-1,63.5625,63.5625,0
1786442179717,3000,Minimum,4471,4471,0.3,-1,63.5625,63.5625,0
1786442179817,3000,Minimum,4471,4471,0.3,-1,63.5625,63.5625,0
1786442179917,3000,Minimum,4471,4471,0.3,-1,63.5625,63.5625,0
1786442180017,3000,Minimum,4471,4471,0.3,-1,63.5625,63.5625,0
1786442180117,3000,Minimum,4471,4471,0.3,-1,63.5625,63.5625,0
1786442180217,3000,Minimum,4471,4471,0.3,-1,63.5625,63.5625,0
1786442180317,3000,Minimum,4471,4471,0.3,-1,63.6875,63.6875,0
1786442180417,3000,Minimum,4471,4471,0.3,-1,63.6875,63.6875,0
1786442180517,3000,Minimum,4471,4471,0.3,-1,63.6875,63.6875,0
1786442180617,3000,Minimum,4471,4471,0.3,-1,63.6875,63.6875,0
1786442180717,3000,Minimum,4471,4471,0.3,-1,63.6875,63.6875,0
1786442180817,3000,Minimum,4471,4471,0.3,-1,63.6875,63.6875,0
1786442180917,3000,Minimum,4471,4471,0.3,-1,63.6875,63.6875,0
1786442181017,3000,Minimum,4471,4471,0.3,-1,63.6875,63.6875,0
1786442181117,3000,Minimum,4471,4471,0.3,-1,63.6875,63.6875,0
1786442181216,3000,Minimum,4471,4471,0.3,-1,63.6875,63.6875,0
1786442181316,3000,Minimum,4471,4471,0.3,-1,63.5625,63.5625,0
1786442181417,3000,Minimum,4471,4471,0.3,-1,63.5625,63.5625,0
1786442181516,3000,Minimum,4471,4471,0.3,-1,63.5625,63.5625,0
1786442181617,3000,Minimum,4471,4471,0.3,-1,63.5625,63.5625,0
1786442181717,3000,Minimum,4471,4471,0.3,-1,63.5625,63.5625,0
1786442181817,3000,Minimum,4471,4471,0.3,-1,63.5625,63.5625,0
1786442181917,3000,Minimum,4471,4471,0.3,-1,63.5625,63.5625,0
1786442182017,3000,Minimum,4471,4471,0.3,-1,63.5625,63.5625,0
1786442182117,3000,Minimum,4471,4471,0.3,-1,63.5625,63.5625,0
1786442182217,3000,Minimum,4471,4471,0.3,-1,63.5625,63.5625,0
1786442182316,3000,Minimum,4471,4471,0.3,-1,63.6875,63.6875,0
1786442182416,3000,Minimum,4471,4471,0.3,-1,63.6875,63.6875,0
1786442182516,3000,Minimum,4471,4471,0.3,-1,63.6875,63.6875,0
1786442182617,3000,Minimum,4471,4471,0.3,-1,63.6875,63.6875,0
1786442182717,3000,Minimum,4471,4471,0.3,-1,63.6875,63.6875,0
1786442182816,3000,Minimum,4471,4471,0.3,-1,63.6875,63.6875,0
1786442182917,3000,Minimum,4471,4471,0.3,-1,63.6875,63.6875,0
1786442183017,3000,Minimum,4471,4471,0.3,-1,63.6875,63.6875,0
1786442183116,3000,Minimum,4471,4471,0.3,-1,63.6875,63.6875,0
1786442183216,3000,Minimum,4471,4471,0.3,-1,63.6875,63.6875,0
1786442183316,3000,Minimum,4471,4471,0.3,-1,63.5625,63.5625,0
1786442183416,3000,Minimum,4471,4471,0.3,-1,63.5625,63.5625,0
1786442183517,3000,Minimum,4471,4471,0.3,-1,63.5625,63.5625,0
1786442183617,3000,Minimum,4471,4471,0.3,-1,63.5625,63.5625,0
1786442183716,3000,Minimum,4471,4471,0.3,-1,63.5625,63.5625,0
1786442183816,3000,Minimum,4471,4471,0.3,-1,63.5625,63.5625,0
1786442183917,3000,Minimum,4471,4471,0.3,-1,63.5625,63.5625,0
1786442184016,3000,Minimum,4471,4471,0.3,-1,63.5625,63.5625,0
1786442184117,3000,Minimum,4471,4471,0.3,-1,63.5625,63.5625,0
1786442184216,3000,Minimum,4471,4471,0.3,-1,63.5625,63.5625,0
1786442184316,3000,Minimum,4471,4471,0.3,-1,63.625,63.625,0
1786442184416,3000,Minimum,4471,4471,0.3,-1,63.625,63.625,0
1786442184516,3000,Minimum,4471,4471,0.3,-1,63.625,63.625,0
1786442184616,3000,Minimum,4471,4471,0.3,-1,63.625,63.625,0
1786442184716,3000,Minimum,4471,4471,0.3,-1,63.625,63.625,0
1786442184817,3000,Minimum,4471,4471,0.3,-1,63.625,63.625,0
1786442184916,3000,Minimum,4471,4471,0.3,-1,63.625,63.625,0
1786442185017,3000,Minimum,4471,4471,0.3,-1,63.625,63.625,0
1786442185116,3000,Minimum,4471,4471,0.3,-1,63.625,63.625,0
1786442185216,3000,Minimum,4471,4471,0.3,-1,63.625,63.625,0
1786442185316,3000,Minimum,4471,4471,0.3,-1,63.625,63.625,0
1786442185416,3000,Minimum,4471,4471,0.3,-1,63.625,63.625,0
1786442185516,3000,Minimum,4471,4471,0.3,-1,63.625,63.625,0
1786442185616,3000,Minimum,4471,4471,0.3,-1,63.625,63.625,0
1786442185716,3000,Minimum,4471,4471,0.3,-1,63.625,63.625,0
1786442185816,3000,Minimum,4471,4471,0.3,-1,63.625,63.625,0
1786442185916,3000,Minimum,4471,4471,0.3,-1,63.625,63.625,0
1786442186016,3000,Minimum,4471,4471,0.3,-1,63.625,63.625,0
1786442186116,3000,Minimum,4471,4471,0.3,-1,63.625,63.625,0
1786442186216,3000,Minimum,4471,4471,0.3,-1,63.625,63.625,0
1786442186316,3000,Minimum,4471,4471,0.3,-1,63.75,63.75,0
1786442186416,3000,Minimum,4471,4471,0.3,-1,63.75,63.75,0
1786442186516,3000,Minimum,4471,4471,0.3,-1,63.75,63.75,0
1786442186616,3000,Minimum,4471,4471,0.3,-1,63.75,63.75,0
1786442186716,3000,Minimum,4471,4471,0.3,-1,63.75,63.75,0
1786442186816,3000,Minimum,4471,4471,0.3,-1,63.75,63.75,0
1786442186916,3000,Minimum,4471,4471,0.3,-1,63.75,63.75,0
1786442187016,3000,Minimum,4471,4471,0.3,-1,63.75,63.75,0
1786442187116,3000,Minimum,4471,4471,0.3,-1,63.75,63.75,0
1786442187216,3000,Minimum,4471,4471,0.3,-1,63.75,63.75,0
1786442187316,3000,Minimum,4471,4471,0.3,-1,63.625,63.625,0
1786442187416,3000,Minimum,4471,4471,0.3,-1,63.625,63.625,0
1786442187516,3000,Minimum,4471,4471,0.3,-1,63.625,63.625,0
1786442187616,3000,Minimum,4471,4471,0.3,-1,63.625,63.625,0
1786442187716,3000,Minimum,4471,4471,0.3,-1,63.625,63.625,0
1786442187816,3000,Minimum,4471,4471,0.3,-1,63.625,63.625,0
1786442187916,3000,Minimum,4471,4471,0.3,-1,63.625,63.625,0
1786442188016,3000,Minimum,4471,4471,0.3,-1,63.625,63.625,0
1786442188116,3000,Minimum,4471,4471,0.3,-1,63.625,63.625,0
1786442188216,3000,Minimum,4471,4471,0.3,-1,63.625,63.625,0
1786442188316,3000,Minimum,4471,4471,0.3,-1,63.75,63.75,0
1786442188416,3000,Minimum,4471,4471,0.3,-1,63.75,63.75,0
1786442188516,3000,Minimum,4471,4471,0.3,-1,63.75,63.75,0
1786442188616,3000,Minimum,4471,4471,0.3,-1,63.75,63.75,0
1786442188716,3000,Minimum,4471,4471,0.3,-1,63.75,63.75,0
1786442188816,3000,Minimum,4471,4471,0.3,-1,63.75,63.75,0
1786442188916,3000,Minimum,4471,4471,0.3,-1,63.75,63.75,0
1786442189016,3000,Minimum,4471,4471,0.3,-1,63.75,63.75,0
1786442189116,3000,Minimum,4471,4471,0.3,-1,63.75,63.75,0
1786442189216,3000,Minimum,4471,4471,0.3,-1,63.75,63.75,0
1786442189316,3000,Minimum,4471,4471,0.3,-1,63.6875,63.6875,0
1786442189416,3000,Minimum,4471,4471,0.3,-1,63.6875,63.6875,0
1786442189516,3000,Minimum,4471,4471,0.3,-1,63.6875,63.6875,0
1786442189616,3000,Minimum,4471,4471,0.3,-1,63.6875,63.6875,0
1786442189716,3000,Minimum,4471,4471,0.3,-1,63.6875,63.6875,0
1786442189816,3000,Minimum,4471,4471,0.3,-1,63.6875,63.6875,0
1786442189916,3000,Minimum,4471,4471,0.3,-1,63.6875,63.6875,0
1786442190016,3000,Minimum,4471,4471,0.3,-1,63.6875,63.6875,0
1786442190116,3000,Minimum,4471,4471,0.3,-1,63.6875,63.6875,0
1786442190216,3000,Minimum,4471,4471,0.3,-1,63.6875,63.6875,0
1786442190316,3000,Minimum,4471,4471,0.3,-1,63.8125,63.8125,0
1786442190416,3000,Minimum,4471,4471,0.3,-1,63.8125,63.8125,0
1786442190516,3000,Minimum,4471,4471,0.3,-1,63.8125,63.8125,0
1786442190616,3000,Minimum,4471,4471,0.3,-1,63.8125,63.8125,0
1786442190716,3000,Minimum,4471,4471,0.3,-1,63.8125,63.8125,0
1786442190816,3000,Minimum,4471,4471,0.3,-1,63.8125,63.8125,0
1786442190916,3000,Minimum,4471,4471,0.3,-1,63.8125,63.8125,0
1786442191016,3000,Minimum,4471,4471,0.3,-1,63.8125,63.8125,0
1786442191116,3000,Minimum,4471,4471,0.3,-1,63.8125,63.8125,0
1786442191216,3000,Minimum,4471,4471,0.3,-1,63.8125,63.8125,0
1786442191316,3000,Minimum,4471,4471,0.3,-1,63.75,63.75,0
1786442191416,3000,Minimum,4471,4471,0.3,-1,63.75,63.75,0
1786442191516,3000,Minimum,4471,4471,0.3,-1,63.75,63.75,0
1786442191616,3000,Minimum,4471,4471,0.3,-1,63.75,63.75,0
1786442191716,3000,Minimum,4471,4471,0.3,-1,63.75,63.75,0
1786442191816,3000,Minimum,4471,4471,0.3,-1,63.75,63.75,0
1786442191916,3000,Minimum,4471,4471,0.3,-1,63.75,63.75,0
1786442192016,3000,Minimum,4471,4471,0.3,-1,63.75,63.75,0
1786442192116,3000,Minimum,4471,4471,0.3,-1,63.75,63.75,0
1786442192216,3000,Minimum,4471,4471,0.3,-1,63.75,63.75,0
1786442192316,3000,Minimum,4471,4471,0.3,-1,63.6875,63.6875,0
1786442192416,3000,Minimum,4471,4471,0.3,-1,63.6875,63.6875,0
1786442192516,3000,Minimum,4471,4471,0.3,-1,63.6875,63.6875,0
1786442192616,3000,Minimum,4471,4471,0.3,-1,63.6875,63.6875,0
1786442192716,3000,Minimum,4471,4471,0.3,-1,63.6875,63.6875,0
1786442192816,3000,Minimum,4471,4471,0.3,-1,63.6875,63.6875,0
1786442192916,3000,Minimum,4471,4471,0.3,-1,63.6875,63.6875,0
1786442193016,3000,Minimum,4471,4471,0.3,-1,63.6875,63.6875,0
1786442193116,3000,Minimum,4471,4471,0.3,-1,63.6875,63.6875,0
1786442193216,3000,Minimum,4471,4471,0.3,-1,63.6875,63.6875,0
1786442193316,3000,Minimum,4471,4471,0.3,-1,63.75,63.75,0
1786442193416,3000,Minimum,4471,4471,0.3,-1,63.75,63.75,0
1786442193516,3000,Minimum,4471,4471,0.3,-1,63.75,63.75,0
1786442193616,3000,Minimum,4471,4471,0.3,-1,63.75,63.75,0
1786442193716,3000,Minimum,4471,4471,0.3,-1,63.75,63.75,0
1786442193816,3000,Minimum,4471,4471,0.3,-1,63.75,63.75,0
1786442193916,3000,Minimum,4471,4471,0.3,-1,63.75,63.75,0
1786442194016,3000,Minimum,4471,4471,0.3,-1,63.75,63.75,0
1786442194116,3000,Minimum,4471,4471,0.3,-1,63.75,63.75,0
1786442194216,3000,Minimum,4471,4471,0.3,-1,63.75,63.75,0
1786442194316,3000,Minimum,4471,4471,0.3,-1,63.875,63.875,0
1786442194416,3000,Minimum,4471,4471,0.3,-1,63.875,63.875,0
1786442194516,3000,Minimum,4471,4471,0.3,-1,63.875,63.875,0
1786442194616,3000,Minimum,4471,4471,0.3,-1,63.875,63.875,0
1786442194716,3000,Minimum,4471,4471,0.3,-1,63.875,63.875,0
1786442194816,3000,Minimum,4471,4471,0.3,-1,63.875,63.875,0
1786442194916,3000,Minimum,4471,4471,0.3,-1,63.875,63.875,0
1786442195016,3000,Minimum,4471,4471,0.3,-1,63.875,63.875,0
1786442195116,3000,Minimum,4471,4471,0.3,-1,63.875,63.875,0
1786442195216,3000,Minimum,4471,4471,0.3,-1,63.875,63.875,0
1786442195316,3000,Minimum,4471,4471,0.3,-1,63.8125,63.8125,0
1786442195416,3000,Minimum,4471,4471,0.3,-1,63.8125,63.8125,0
1786442195516,3000,Minimum,4471,4471,0.3,-1,63.8125,63.8125,0
1786442195616,3000,Minimum,4471,4471,0.3,-1,63.8125,63.8125,0
1786442195716,3000,Minimum,4471,4471,0.3,-1,63.8125,63.8125,0
1786442195816,3000,Minimum,4471,4471,0.3,-1,63.8125,63.8125,0
1786442195916,3000,Minimum,4471,4471,0.3,-1,63.8125,63.8125,0
1786442196016,3000,Minimum,4471,4471,0.3,-1,63.8125,63.8125,0
1786442196116,3000,Minimum,4471,4471,0.3,-1,63.8125,63.8125,0
1786442196216,3000,Minimum,4471,4471,0.3,-1,63.8125,63.8125,0
1786442196316,3000,Minimum,4471,4471,0.3,-1,63.75,63.75,0
1786442196416,3000,Minimum,4471,4471,0.3,-1,63.75,63.75,0
1786442196516,3000,Minimum,4471,4471,0.3,-1,63.75,63.75,0
1786442196616,3000,Minimum,4471,4471,0.3,-1,63.75,63.75,0
1786442196716,3000,Minimum,4471,4471,0.3,-1,63.75,63.75,0
1786442196816,3000,Minimum,4471,4471,0.3,-1,63.75,63.75,0
1786442196916,3000,Minimum,4471,4471,0.3,-1,63.75,63.75,0
1786442197016,3000,Minimum,4471,4471,0.3,-1,63.75,63.75,0
1786442197116,3000,Minimum,4471,4471,0.3,-1,63.75,63.75,0
1786442197216,3000,Minimum,4471,4471,0.3,-1,63.75,63.75,0
1786442197316,3000,Minimum,4471,4471,0.3,-1,63.9375,63.9375,0
1786442197416,3000,Minimum,4471,4471,0.3,-1,63.9375,63.9375,0
1786442197516,3000,Minimum,4471,4471,0.3,-1,63.9375,63.9375,0
1786442197616,3000,Minimum,4471,4471,0.3,-1,63.9375,63.9375,0
1786442197716,3000,Minimum,4471,4471,0.3,-1,63.9375,63.9375,0
1786442197816,3000,Minimum,4471,4471,0.3,-1,63.9375,63.9375,0
1786442197916,3000,Minimum,4471,4471,0.3,-1,63.9375,63.9375,0
1786442198016,3000,Minimum,4471,4471,0.3,-1,63.9375,63.9375,0
1786442198116,3000,Minimum,4471,4471,0.3,-1,63.9375,63.9375,0
1786442198216,3000,Minimum,4471,4471,0.3,-1,63.9375,63.9375,0
1786442198316,3000,Minimum,4471,4471,0.3,-1,63.9375,63.9375,0
1786442198416,3000,Minimum,4471,4471,0.3,-1,63.9375,63.9375,0
1786442198516,3000,Minimum,4471,4471,0.3,-1,63.9375,63.9375,0
1786442198616,3000,Minimum,4471,4471,0.3,-1,63.9375,63.9375,0
1786442198716,3000,Minimum,4471,4471,0.3,-1,63.9375,63.9375,0
1786442198816,3000,Minimum,4471,4471,0.3,-1,63.9375,63.9375,0
1786442198916,3000,Minimum,4471,4471,0.3,-1,63.9375,63.9375,0
1786442199016,3000,Minimum,4471,4471,0.3,-1,63.9375,63.9375,0
1786442199116,3000,Minimum,4471,4471,0.3,-1,63.9375,63.9375,0
1786442199216,3000,Minimum,4471,4471,0.3,-1,63.9375,63.9375,0
1786442199316,3000,Minimum,4471,4471,0.3,-1,63.875,63.875,0
1786442199416,3000,Minimum,4471,4471,0.3,-1,63.875,63.875,0
1786442199516,3000,Minimum,4471,4471,0.3,-1,63.875,63.875,0
1786442199616,3000,Minimum,4471,4471,0.3,-1,63.875,63.875,0
1786442199716,3000,Minimum,4471,4471,0.3,-1,63.875,63.875,0
1786442199816,3000,Minimum,4471,4471,0.3,-1,63.875,63.875,0
1786442199916,3000,Minimum,4471,4471,0.3,-1,63.875,63.875,0
1786442200017,3000,Minimum,4471,4471,0.3,-1,63.875,63.875,0
1786442200116,3000,Minimum,4471,4471,0.3,-1,63.875,63.875,0
1786442200216,3000,Minimum,4471,4471,0.3,-1,63.875,63.875,0
1786442200316,3000,Minimum,4471,4471,0.3,-1,63.875,63.875,0
1786442200416,3000,Minimum,4471,4471,0.3,-1,63.875,63.875,0
1786442200516,3000,Minimum,4471,4471,0.3,-1,63.875,63.875,0
1786442200616,3000,Minimum,4471,4471,0.3,-1,63.875,63.875,0
1786442200716,3000,Minimum,4471,4471,0.3,-1,63.875,63.875,0
1786442200816,3000,Minimum,4471,4471,0.3,-1,63.875,63.875,0
1786442200916,3000,Minimum,4471,4471,0.3,-1,63.875,63.875,0
1786442201016,3000,Minimum,4471,4471,0.3,-1,63.875,63.875,0
1786442201116,3000,Minimum,4471,4471,0.3,-1,63.875,63.875,0
1786442201216,3000,Minimum,4471,4471,0.3,-1,63.875,63.875,0
1786442201316,3000,Minimum,4471,4471,0.3,-1,63.875,63.875,0
1786442201416,3000,Minimum,4471,4471,0.3,-1,63.875,63.875,0
1786442201516,3000,Minimum,4471,4471,0.3,-1,63.875,63.875,0
1786442201616,3000,Minimum,4471,4471,0.3,-1,63.875,63.875,0
1786442201716,3000,Minimum,4471,4471,0.3,-1,63.875,63.875,0
1786442201816,3000,Minimum,4471,4471,0.3,-1,63.875,63.875,0
1786442201916,3000,Minimum,4471,4471,0.3,-1,63.875,63.875,0
1786442202016,3000,Minimum,4471,4471,0.3,-1,63.875,63.875,0
1786442202116,3000,Minimum,4471,4471,0.3,-1,63.875,63.875,0
1786442202216,3000,Minimum,4471,4471,0.3,-1,63.875,63.875,0
1786442202316,3000,Minimum,4471,4471,0.3,-1,63.9375,63.9375,0
1786442202416,3000,Minimum,4471,4471,0.3,-1,63.9375,63.9375,0
1786442202516,3000,Minimum,4471,4471,0.3,-1,63.9375,63.9375,0
1786442202616,3000,Minimum,4471,4471,0.3,-1,63.9375,63.9375,0
1786442202716,3000,Minimum,4471,4471,0.3,-1,63.9375,63.9375,0
1786442202816,3000,Minimum,4471,4471,0.3,-1,63.9375,63.9375,0
1786442202916,3000,Minimum,4471,4471,0.3,-1,63.9375,63.9375,0
1786442203016,3000,Minimum,4471,4471,0.3,-1,63.9375,63.9375,0
1786442203116,3000,Minimum,4471,4471,0.3,-1,63.9375,63.9375,0
1786442203216,3000,Minimum,4471,4471,0.3,-1,63.9375,63.9375,0
1786442203316,3000,Minimum,4471,4471,0.3,-1,63.9375,63.9375,0
1786442203416,3000,Minimum,4471,4471,0.3,-1,63.9375,63.9375,0
1786442203516,3000,Minimum,4471,4471,0.3,-1,63.9375,63.9375,0
1786442203617,3000,Minimum,4471,4471,0.3,-1,63.9375,63.9375,0
1786442203716,3000,Minimum,4471,4471,0.3,-1,63.9375,63.9375,0
1786442203816,3000,Minimum,4471,4471,0.3,-1,63.9375,63.9375,0
1786442203916,3000,Minimum,4471,4471,0.3,-1,63.9375,63.9375,0
1786442204016,3000,Minimum,4471,4471,0.3,-1,63.9375,63.9375,0
1786442204118,3000,Minimum,4471,4471,0.3,-1,63.9375,63.9375,0
1786442204218,3000,Minimum,4471,4471,0.3,-1,63.9375,63.9375,0
1786442204318,3000,Minimum,4471,4471,0.3,-1,63.875,63.875,0
1786442204418,3000,Minimum,4471,4471,0.3,-1,63.875,63.875,0
1786442204518,3000,Minimum,4471,4471,0.3,-1,63.875,63.875,0
1786442204618,3000,Minimum,4471,4471,0.3,-1,63.875,63.875,0
1786442204718,3000,Minimum,4471,4471,0.3,-1,63.875,63.875,0
1786442204818,3000,Minimum,4471,4471,0.3,-1,63.875,63.875,0
1786442204918,3000,Minimum,4471,4471,0.3,-1,63.875,63.875,0
1786442205018,3000,Minimum,4471,4471,0.3,-1,63.875,63.875,0
1786442205117,3000,Minimum,4471,4471,0.3,-1,63.875,63.875,0
1786442205218,3000,Minimum,4471,4471,0.3,-1,63.875,63.875,0
1786442205317,3000,Minimum,4471,4471,0.3,-1,63.9375,63.9375,0
1786442205418,3000,Minimum,4471,4471,0.3,-1,63.9375,63.9375,0
1786442205518,3000,Minimum,4471,4471,0.3,-1,63.9375,63.9375,0
1786442205618,3000,Minimum,4471,4471,0.3,-1,63.9375,63.9375,0
1786442205718,3000,Minimum,4471,4471,0.3,-1,63.9375,63.9375,0
1786442205818,3000,Minimum,4471,4471,0.3,-1,63.9375,63.9375,0
1786442205918,3000,Minimum,4471,4471,0.3,-1,63.9375,63.9375,0
1786442206018,3000,Minimum,4471,4471,0.3,-1,63.9375,63.9375,0
1786442206118,3000,Minimum,4471,4471,0.3,-1,63.9375,63.9375,0
1786442206218,3000,Minimum,4471,4471,0.3,-1,63.9375,63.9375,0
1786442206318,3000,Minimum,4471,4471,0.3,-1,63.875,63.875,0
1786442206418,3000,Minimum,4471,4471,0.3,-1,63.875,63.875,0
1786442206518,3000,Minimum,4471,4471,0.3,-1,63.875,63.875,0
1786442206618,3000,Minimum,4471,4471,0.3,-1,63.875,63.875,0
1786442206718,3000,Minimum,4471,4471,0.3,-1,63.875,63.875,0
1786442206818,3000,Minimum,4471,4471,0.3,-1,63.875,63.875,0
1786442206918,3000,Minimum,4471,4471,0.3,-1,63.875,63.875,0
1786442207018,3000,Minimum,4471,4471,0.3,-1,63.875,63.875,0
1786442207116,3000,Minimum,4471,4471,0.3,-1,63.875,63.875,0
1786442207217,3000,Minimum,4471,4471,0.3,-1,63.875,63.875,0
1786442207317,3000,Minimum,4471,4471,0.3,-1,64,64,0
1786442207417,3000,Minimum,4471,4471,0.3,-1,64,64,0
1786442207518,3000,Minimum,4471,4471,0.3,-1,64,64,0
1786442207618,3000,Minimum,4471,4471,0.3,-1,64,64,0
1786442207718,3000,Minimum,4471,4471,0.3,-1,64,64,0
1786442207818,3000,Minimum,4471,4471,0.3,-1,64,64,0
1786442207918,3000,Minimum,4471,4471,0.3,-1,64,64,0
1786442208018,3000,Minimum,4471,4471,0.3,-1,64,64,0
1786442208118,3000,Minimum,4471,4471,0.3,-1,64,64,0
1786442208217,3000,Minimum,4471,4471,0.3,-1,64,64,0
1786442208317,3000,Minimum,4471,4471,0.3,-1,63.9375,63.9375,0
1786442208417,3000,Minimum,4471,4471,0.3,-1,63.9375,63.9375,0
1786442208517,3000,Minimum,4471,4471,0.3,-1,63.9375,63.9375,0
1786442208617,3000,Minimum,4471,4471,0.3,-1,63.9375,63.9375,0
1786442208717,3000,Minimum,4471,4471,0.3,-1,63.9375,63.9375,0
1786442208817,3000,Minimum,4471,4471,0.3,-1,63.9375,63.9375,0
1786442208917,3000,Minimum,4471,4471,0.3,-1,63.9375,63.9375,0
1786442209017,3000,Minimum,4471,4471,0.3,-1,63.9375,63.9375,0
1786442209117,3000,Minimum,4471,4471,0.3,-1,63.9375,63.9375,0
1786442209217,3000,Minimum,4471,4471,0.3,-1,63.9375,63.9375,0
1786442209317,3000,Minimum,4471,4471,0.3,-1,64,64,0
1786442209417,3000,Minimum,4471,4471,0.3,-1,64,64,0
1786442209517,3000,Minimum,4471,4471,0.3,-1,64,64,0
1786442209617,3000,Minimum,4471,4471,0.3,-1,64,64,0
1786442209717,3000,Minimum,4471,4471,0.3,-1,64,64,0
1786442209817,3000,Minimum,4471,4471,0.3,-1,64,64,0
1786442209917,3000,Minimum,4471,4471,0.3,-1,64,64,0
1786442210017,3000,Minimum,4471,4471,0.3,-1,64,64,0
1786442210117,3000,Minimum,4471,4471,0.3,-1,64,64,0
1786442210217,3000,Minimum,4471,4471,0.3,-1,64,64,0
1786442210317,3000,Minimum,4471,4471,0.3,-1,63.875,63.875,0
1786442210417,3000,Minimum,4471,4471,0.3,-1,63.875,63.875,0
1786442210517,3000,Minimum,4471,4471,0.3,-1,63.875,63.875,0
1786442210617,3000,Minimum,4471,4471,0.3,-1,63.875,63.875,0
1786442210717,3000,Minimum,4471,4471,0.3,-1,63.875,63.875,0
1786442210817,3000,Minimum,4471,4471,0.3,-1,63.875,63.875,0
1786442210917,3000,Minimum,4471,4471,0.3,-1,63.875,63.875,0
1786442211017,3000,Minimum,4471,4471,0.3,-1,63.875,63.875,0
1786442211117,3000,Minimum,4471,4471,0.3,-1,63.875,63.875,0
1786442211216,3000,Minimum,4471,4471,0.3,-1,63.875,63.875,0
1786442211317,3000,Minimum,4471,4471,0.3,-1,63.9375,63.9375,0
1786442211417,3000,Minimum,4471,4471,0.3,-1,63.9375,63.9375,0
1786442211517,3000,Minimum,4471,4471,0.3,-1,63.9375,63.9375,0
1786442211617,3000,Minimum,4471,4471,0.3,-1,63.9375,63.9375,0
1786442211717,3000,Minimum,4471,4471,0.3,-1,63.9375,63.9375,0
1786442211817,3000,Minimum,4471,4471,0.3,-1,63.9375,63.9375,0
1786442211917,3000,Minimum,4471,4471,0.3,-1,63.9375,63.9375,0
1786442212017,3000,Minimum,4471,4471,0.3,-1,63.9375,63.9375,0
1786442212117,3000,Minimum,4471,4471,0.3,-1,63.9375,63.9375,0
1786442212217,3000,Minimum,4471,4471,0.3,-1,63.9375,63.9375,0
1786442212317,3000,Minimum,4471,4471,0.3,-1,64,64,0
1786442212417,3000,Minimum,4471,4471,0.3,-1,64,64,0
1786442212517,3000,Minimum,4471,4471,0.3,-1,64,64,0
1786442212617,3000,Minimum,4471,4471,0.3,-1,64,64,0
1786442212717,3000,Minimum,4471,4471,0.3,-1,64,64,0
1786442212817,3000,Minimum,4471,4471,0.3,-1,64,64,0
1786442212917,3000,Minimum,4471,4471,0.3,-1,64,64,0
1786442213017,3000,Minimum,4471,4471,0.3,-1,64,64,0
1786442213117,3000,Minimum,4471,4471,0.3,-1,64,64,0
1786442213217,3000,Minimum,4471,4471,0.3,-1,64,64,0
1786442213317,3000,Minimum,4471,4471,0.3,-1,64.0625,64.0625,0
1786442213416,3000,Minimum,4471,4471,0.3,-1,64.0625,64.0625,0
1786442213517,3000,Minimum,4471,4471,0.3,-1,64.0625,64.0625,0
1786442213617,3000,Minimum,4471,4471,0.3,-1,64.0625,64.0625,0
1786442213717,3000,Minimum,4471,4471,0.3,-1,64.0625,64.0625,0
1786442213817,3000,Minimum,4471,4471,0.3,-1,64.0625,64.0625,0
1786442213917,3000,Minimum,4471,4471,0.3,-1,64.0625,64.0625,0
1786442214017,3000,Minimum,4471,4471,0.3,-1,64.0625,64.0625,0
1786442214117,3000,Minimum,4471,4471,0.3,-1,64.0625,64.0625,0
1786442214216,3000,Minimum,4471,4471,0.3,-1,64.0625,64.0625,0
1786442214316,3000,Minimum,4471,4471,0.3,-1,64.0625,64.0625,0
1786442214416,3000,Minimum,4471,4471,0.3,-1,64.0625,64.0625,0
1786442214517,3000,Minimum,4471,4471,0.3,-1,64.0625,64.0625,0
1786442214617,3000,Minimum,4471,4471,0.3,-1,64.0625,64.0625,0
1786442214716,3000,Minimum,4471,4471,0.3,-1,64.0625,64.0625,0
1786442214817,3000,Minimum,4471,4471,0.3,-1,64.0625,64.0625,0
1786442214917,3000,Minimum,4471,4471,0.3,-1,64.0625,64.0625,0
1786442215017,3000,Minimum,4471,4471,0.3,-1,64.0625,64.0625,0
1786442215117,3000,Minimum,4471,4471,0.3,-1,64.0625,64.0625,0
1786442215216,3000,Minimum,4471,4471,0.3,-1,64.0625,64.0625,0
1786442215316,3000,Minimum,4471,4471,0.3,-1,64.0625,64.0625,0
1786442215416,3000,Minimum,4471,4471,0.3,-1,64.0625,64.0625,0
1786442215517,3000,Minimum,4471,4471,0.3,-1,64.0625,64.0625,0
1786442215617,3000,Minimum,4471,4471,0.3,-1,64.0625,64.0625,0
1786442215716,3000,Minimum,4471,4471,0.3,-1,64.0625,64.0625,0
1786442215817,3000,Minimum,4471,4471,0.3,-1,64.0625,64.0625,0
1786442215917,3000,Minimum,4471,4471,0.3,-1,64.0625,64.0625,0
1786442216016,3000,Minimum,4471,4471,0.3,-1,64.0625,64.0625,0
1786442216116,3000,Minimum,4471,4471,0.3,-1,64.0625,64.0625,0
1786442216216,3000,Minimum,4471,4471,0.3,-1,64.0625,64.0625,0
1786442216316,3000,Minimum,4471,4471,0.3,-1,64.0625,64.0625,0
1786442216416,3000,Minimum,4471,4471,0.3,-1,64.0625,64.0625,0
1786442216517,3000,Minimum,4471,4471,0.3,-1,64.0625,64.0625,0
1786442216617,3000,Minimum,4471,4471,0.3,-1,64.0625,64.0625,0
1786442216716,3000,Minimum,4471,4471,0.3,-1,64.0625,64.0625,0
1786442216817,3000,Minimum,4471,4471,0.3,-1,64.0625,64.0625,0
1786442216917,3000,Minimum,4471,4471,0.3,-1,64.0625,64.0625,0
1786442217017,3000,Minimum,4471,4471,0.3,-1,64.0625,64.0625,0
1786442217117,3000,Minimum,4471,4471,0.3,-1,64.0625,64.0625,0
1786442217216,3000,Minimum,4471,4471,0.3,-1,64.0625,64.0625,0
1786442217316,3000,Minimum,4471,4471,0.3,-1,64,64,0
1786442217416,3000,Minimum,4471,4471,0.3,-1,64,64,0
1786442217517,3000,Minimum,4471,4471,0.3,-1,64,64,0
1786442217617,3000,Minimum,4471,4471,0.3,-1,64,64,0
1786442217716,3000,Minimum,4471,4471,0.3,-1,64,64,0
1786442217816,3000,Minimum,4471,4471,0.3,-1,64,64,0
1786442217917,3000,Minimum,4471,4471,0.3,-1,64,64,0
1786442218016,3000,Minimum,4471,4471,0.3,-1,64,64,0
1786442218116,3000,Minimum,4471,4471,0.3,-1,64,64,0
1786442218216,3000,Minimum,4471,4471,0.3,-1,64,64,0
1786442218316,3000,Minimum,4471,4471,0.3,-1,64.0625,64.0625,0
1786442218416,3000,Minimum,4471,4471,0.3,-1,64.0625,64.0625,0
1786442218516,3000,Minimum,4471,4471,0.3,-1,64.0625,64.0625,0
1786442218616,3000,Minimum,4471,4471,0.3,-1,64.0625,64.0625,0
1786442218716,3000,Minimum,4471,4471,0.3,-1,64.0625,64.0625,0
1786442218816,3000,Minimum,4471,4471,0.3,-1,64.0625,64.0625,0
1786442218916,3000,Minimum,4471,4471,0.3,-1,64.0625,64.0625,0
1786442219016,3000,Minimum,4471,4471,0.3,-1,64.0625,64.0625,0
1786442219116,3000,Minimum,4471,4471,0.3,-1,64.0625,64.0625,0
1786442219216,3000,Minimum,4471,4471,0.3,-1,64.0625,64.0625,0
1786442219316,3000,Minimum,4471,4471,0.3,-1,64.0625,64.0625,0
1786442219416,3000,Minimum,4471,4471,0.3,-1,64.0625,64.0625,0
1786442219516,3000,Minimum,4471,4471,0.3,-1,64.0625,64.0625,0
1786442219616,3000,Minimum,4471,4471,0.3,-1,64.0625,64.0625,0
1786442219716,3000,Minimum,4471,4471,0.3,-1,64.0625,64.0625,0
1786442219816,3000,Minimum,4471,4471,0.3,-1,64.0625,64.0625,0
1786442219916,3000,Minimum,4471,4471,0.3,-1,64.0625,64.0625,0
1786442220016,3000,Minimum,4471,4471,0.3,-1,64.0625,64.0625,0
1786442220116,3000,Minimum,4471,4471,0.3,-1,64.0625,64.0625,0
1786442220216,3000,Minimum,4471,4471,0.3,-1,64.0625,64.0625,0
1786442220316,3000,Minimum,4471,4471,0.3,-1,64.125,64.125,0
1786442220416,3000,Minimum,4471,4471,0.3,-1,64.125,64.125,0
1786442220516,3000,Minimum,4471,4471,0.3,-1,64.125,64.125,0
1786442220616,3000,Minimum,4471,4471,0.3,-1,64.125,64.125,0
1786442220716,3000,Minimum,4471,4471,0.3,-1,64.125,64.125,0
1786442220816,3000,Minimum,4471,4471,0.3,-1,64.125,64.125,0
1786442220916,3000,Minimum,4471,4471,0.3,-1,64.125,64.125,0
1786442221016,3000,Minimum,4471,4471,0.3,-1,64.125,64.125,0
1786442221116,3000,Minimum,4471,4471,0.3,-1,64.125,64.125,0
1786442221216,3000,Minimum,4471,4471,0.3,-1,64.125,64.125,0
1786442221316,3000,Minimum,4471,4471,0.3,-1,64.0625,64.0625,0
1786442221416,3000,Minimum,4471,4471,0.3,-1,64.0625,64.0625,0
1786442221516,3000,Minimum,4471,4471,0.3,-1,64.0625,64.0625,0
1786442221616,3000,Minimum,4471,4471,0.3,-1,64.0625,64.0625,0
1786442221716,3000,Minimum,4471,4471,0.3,-1,64.0625,64.0625,0
1786442221816,3000,Minimum,4471,4471,0.3,-1,64.0625,64.0625,0
1786442221916,3000,Minimum,4471,4471,0.3,-1,64.0625,64.0625,0
1786442222016,3000,Minimum,4471,4471,0.3,-1,64.0625,64.0625,0
1786442222116,3000,Minimum,4471,4471,0.3,-1,64.0625,64.0625,0
1786442222216,3000,Minimum,4471,4471,0.3,-1,64.0625,64.0625,0
1786442222316,3000,Minimum,4471,4471,0.3,-1,64.0625,64.0625,0
1786442222416,3000,Minimum,4471,4471,0.3,-1,64.0625,64.0625,0
1786442222516,3000,Minimum,4471,4471,0.3,-1,64.0625,64.0625,0
1786442222616,3000,Minimum,4471,4471,0.3,-1,64.0625,64.0625,0
1786442222716,3000,Minimum,4471,4471,0.3,-1,64.0625,64.0625,0
1786442222816,3000,Minimum,4471,4471,0.3,-1,64.0625,64.0625,0
1786442222916,3000,Minimum,4471,4471,0.3,-1,64.0625,64.0625,0
1786442223016,3000,Minimum,4471,4471,0.3,-1,64.0625,64.0625,0
1786442223116,3000,Minimum,4471,4471,0.3,-1,64.0625,64.0625,0
1786442223216,3000,Minimum,4471,4471,0.3,-1,64.0625,64.0625,0
1786442223316,3000,Minimum,4471,4471,0.3,-1,64.125,64.125,0
1786442223416,3000,Minimum,4471,4471,0.3,-1,64.125,64.125,0
1786442223516,3000,Minimum,4471,4471,0.3,-1,64.125,64.125,0
1786442223616,3000,Minimum,4471,4471,0.3,-1,64.125,64.125,0
1786442223716,3000,Minimum,4471,4471,0.3,-1,64.125,64.125,0
1786442223816,3000,Minimum,4471,4471,0.3,-1,64.125,64.125,0
1786442223916,3000,Minimum,4471,4471,0.3,-1,64.125,64.125,0
1786442224016,3000,Minimum,4471,4471,0.3,-1,64.125,64.125,0
1786442224116,3000,Minimum,4471,4471,0.3,-1,64.125,64.125,0
1786442224216,3000,Minimum,4471,4471,0.3,-1,64.125,64.125,0
1786442224316,3000,Minimum,4471,4471,0.3,-1,64.125,64.125,0
1786442224416,3000,Minimum,4471,4471,0.3,-1,64.125,64.125,0
1786442224516,3000,Minimum,4471,4471,0.3,-1,64.125,64.125,0
1786442224616,3000,Minimum,4471,4471,0.3,-1,64.125,64.125,0
1786442224716,3000,Minimum,4471,4471,0.3,-1,64.125,64.125,0
1786442224816,3000,Minimum,4471,4471,0.3,-1,64.125,64.125,0
1786442224916,3000,Minimum,4471,4471,0.3,-1,64.125,64.125,0
1786442225016,3000,Minimum,4471,4471,0.3,-1,64.125,64.125,0
1786442225116,3000,Minimum,4471,4471,0.3,-1,64.125,64.125,0
1786442225216,3000,Minimum,4471,4471,0.3,-1,64.125,64.125,0
1786442225316,3000,Minimum,4471,4471,0.3,-1,64.1875,64.1875,0
1786442225416,3000,Minimum,4471,4471,0.3,-1,64.1875,64.1875,0
1786442225516,3000,Minimum,4471,4471,0.3,-1,64.1875,64.1875,0
1786442225616,3000,Minimum,4471,4471,0.3,-1,64.1875,64.1875,0
1786442225716,3000,Minimum,4471,4471,0.3,-1,64.1875,64.1875,0
1786442225816,3000,Minimum,4471,4471,0.3,-1,64.1875,64.1875,0
1786442225916,3000,Minimum,4471,4471,0.3,-1,64.1875,64.1875,0
1786442226016,3000,Minimum,4471,4471,0.3,-1,64.1875,64.1875,0
1786442226116,3000,Minimum,4471,4471,0.3,-1,64.1875,64.1875,0
1786442226216,3000,Minimum,4471,4471,0.3,-1,64.1875,64.1875,0
1786442226316,3000,Minimum,4471,4471,0.3,-1,64.25,64.25,0
1786442226416,3000,Minimum,4471,4471,0.3,-1,64.25,64.25,0
1786442226516,3000,Minimum,4471,4471,0.3,-1,64.25,64.25,0
1786442226616,3000,Minimum,4471,4471,0.3,-1,64.25,64.25,0
1786442226716,3000,Minimum,4471,4471,0.3,-1,64.25,64.25,0
1786442226816,3000,Minimum,4471,4471,0.3,-1,64.25,64.25,0
1786442226916,3000,Minimum,4471,4471,0.3,-1,64.25,64.25,0
1786442227016,3000,Minimum,4471,4471,0.3,-1,64.25,64.25,0
1786442227117,3000,Minimum,4471,4471,0.3,-1,64.25,64.25,0
1786442227216,3000,Minimum,4471,4471,0.3,-1,64.25,64.25,0
1786442227316,3000,Minimum,4471,4471,0.3,-1,64.0625,64.0625,0
1786442227416,3000,Minimum,4471,4471,0.3,-1,64.0625,64.0625,0
1786442227516,3000,Minimum,4471,4471,0.3,-1,64.0625,64.0625,0
1786442227616,3000,Minimum,4471,4471,0.3,-1,64.0625,64.0625,0
1786442227716,3000,Minimum,4471,4471,0.3,-1,64.0625,64.0625,0
1786442227816,3000,Minimum,4471,4471,0.3,-1,64.0625,64.0625,0
1786442227916,3000,Minimum,4471,4471,0.3,-1,64.0625,64.0625,0
1786442228016,3000,Minimum,4471,4471,0.3,-1,64.0625,64.0625,0
1786442228116,3000,Minimum,4471,4471,0.3,-1,64.0625,64.0625,0
1786442228216,3000,Minimum,4471,4471,0.3,-1,64.0625,64.0625,0
1786442228316,3000,Minimum,4471,4471,0.3,-1,64.125,64.125,0
1786442228416,3000,Minimum,4471,4471,0.3,-1,64.125,64.125,0
1786442228516,3000,Minimum,4471,4471,0.3,-1,64.125,64.125,0
1786442228616,3000,Minimum,4471,4471,0.3,-1,64.125,64.125,0
1786442228716,3000,Minimum,4471,4471,0.3,-1,64.125,64.125,0
1786442228816,3000,Minimum,4471,4471,0.3,-1,64.125,64.125,0
1786442228916,3000,Minimum,4471,4471,0.3,-1,64.125,64.125,0
1786442229016,3000,Minimum,4471,4471,0.3,-1,64.125,64.125,0
1786442229116,3000,Minimum,4471,4471,0.3,-1,64.125,64.125,0
1786442229216,3000,Minimum,4471,4471,0.3,-1,64.125,64.125,0
1786442229316,3000,Minimum,4471,4471,0.3,-1,64.25,64.25,0
1786442229416,3000,Minimum,4471,4471,0.3,-1,64.25,64.25,0
1786442229516,3000,Minimum,4471,4471,0.3,-1,64.25,64.25,0
1786442229616,3000,Minimum,4471,4471,0.3,-1,64.25,64.25,0
1786442229716,3000,Minimum,4471,4471,0.3,-1,64.25,64.25,0
1786442229816,3000,Minimum,4471,4471,0.3,-1,64.25,64.25,0
1786442229916,3000,Minimum,4471,4471,0.3,-1,64.25,64.25,0
1786442230016,3000,Minimum,4471,4471,0.3,-1,64.25,64.25,0
1786442230116,3000,Minimum,4471,4471,0.3,-1,64.25,64.25,0
1786442230216,3000,Minimum,4471,4471,0.3,-1,64.25,64.25,0
1786442230316,3000,Minimum,4471,4471,0.3,-1,64.125,64.125,0
1786442230416,3000,Minimum,4471,4471,0.3,-1,64.125,64.125,0
1786442230516,3000,Minimum,4471,4471,0.3,-1,64.125,64.125,0
1786442230616,3000,Minimum,4471,4471,0.3,-1,64.125,64.125,0
1786442230716,3000,Minimum,4471,4471,0.3,-1,64.125,64.125,0
1786442230816,3000,Minimum,4471,4471,0.3,-1,64.125,64.125,0
1786442230916,3000,Minimum,4471,4471,0.3,-1,64.125,64.125,0
1786442231016,3000,Minimum,4471,4471,0.3,-1,64.125,64.125,0
1786442231116,3000,Minimum,4471,4471,0.3,-1,64.125,64.125,0
1786442231216,3000,Minimum,4471,4471,0.3,-1,64.125,64.125,0
1786442231316,3000,Minimum,4471,4471,0.3,-1,64.25,64.25,0
1786442231416,3000,Minimum,4471,4471,0.3,-1,64.25,64.25,0
1786442231516,3000,Minimum,4471,4471,0.3,-1,64.25,64.25,0
1786442231616,3000,Minimum,4471,4471,0.3,-1,64.25,64.25,0
1786442231716,3000,Minimum,4471,4471,0.3,-1,64.25,64.25,0
1786442231816,3000,Minimum,4471,4471,0.3,-1,64.25,64.25,0
1786442231916,3000,Minimum,4471,4471,0.3,-1,64.25,64.25,0
1786442232016,3000,Minimum,4471,4471,0.3,-1,64.25,64.25,0
1786442232116,3000,Minimum,4471,4471,0.3,-1,64.25,64.25,0
1786442232216,3000,Minimum,4471,4471,0.3,-1,64.25,64.25,0
1786442232316,3000,Minimum,4471,4471,0.3,-1,64.25,64.25,0
1786442232416,3000,Minimum,4471,4471,0.3,-1,64.25,64.25,0
1786442232516,3000,Minimum,4471,4471,0.3,-1,64.25,64.25,0
1786442232616,3000,Minimum,4471,4471,0.3,-1,64.25,64.25,0
1786442232716,3000,Minimum,4471,4471,0.3,-1,64.25,64.25,0
1786442232816,3000,Minimum,4471,4471,0.3,-1,64.25,64.25,0
1786442232916,3000,Minimum,4471,4471,0.3,-1,64.25,64.25,0
1786442233016,3000,Minimum,4471,4471,0.3,-1,64.25,64.25,0
1786442233116,3000,Minimum,4471,4471,0.3,-1,64.25,64.25,0
1786442233216,3000,Minimum,4471,4471,0.3,-1,64.25,64.25,0
1786442233316,3000,Minimum,4471,4471,0.3,-1,64.125,64.125,0
1786442233416,3000,Minimum,4471,4471,0.3,-1,64.125,64.125,0
1786442233516,3000,Minimum,4471,4471,0.3,-1,64.125,64.125,0
1786442233616,3000,Minimum,4471,4471,0.3,-1,64.125,64.125,0
1786442233716,3000,Minimum,4471,4471,0.3,-1,64.125,64.125,0
1786442233816,3000,Minimum,4471,4471,0.3,-1,64.125,64.125,0
1786442233916,3000,Minimum,4471,4471,0.3,-1,64.125,64.125,0
1786442234016,3000,Minimum,4471,4471,0.3,-1,64.125,64.125,0
1786442234116,3000,Minimum,4471,4471,0.3,-1,64.125,64.125,0
1786442234216,3000,Minimum,4471,4471,0.3,-1,64.125,64.125,0
1786442234316,3000,Minimum,4471,4471,0.3,-1,64.25,64.25,0
1786442234416,3000,Minimum,4471,4471,0.3,-1,64.25,64.25,0
1786442234516,3000,Minimum,4471,4471,0.3,-1,64.25,64.25,0
1786442234616,3000,Minimum,4471,4471,0.3,-1,64.25,64.25,0
1786442234716,3000,Minimum,4471,4471,0.3,-1,64.25,64.25,0
1786442234816,3000,Minimum,4471,4471,0.3,-1,64.25,64.25,0
1786442234916,3000,Minimum,4471,4471,0.3,-1,64.25,64.25,0
1786442235016,3000,Minimum,4471,4471,0.3,-1,64.25,64.25,0
1786442235116,3000,Minimum,4471,4471,0.3,-1,64.25,64.25,0
1786442235216,3000,Minimum,4471,4471,0.3,-1,64.25,64.25,0
1786442235316,3000,Minimum,4471,4471,0.3,-1,64.125,64.125,0
1786442235416,3000,Minimum,4471,4471,0.3,-1,64.125,64.125,0
1786442235516,3000,Minimum,4471,4471,0.3,-1,64.125,64.125,0
1786442235616,3000,Minimum,4471,4471,0.3,-1,64.125,64.125,0
1786442235716,3000,Minimum,4471,4471,0.3,-1,64.125,64.125,0
1786442235816,3000,Minimum,4471,4471,0.3,-1,64.125,64.125,0
1786442235916,3000,Minimum,4471,4471,0.3,-1,64.125,64.125,0
1786442236017,3000,Minimum,4471,4471,0.3,-1,64.125,64.125,0
1786442236116,3000,Minimum,4471,4471,0.3,-1,64.125,64.125,0
1786442236216,3000,Minimum,4471,4471,0.3,-1,64.125,64.125,0
1786442236316,3000,Minimum,4471,4471,0.3,-1,64.1875,64.1875,0
1786442236416,3000,Minimum,4471,4471,0.3,-1,64.1875,64.1875,0
1786442236516,3000,Minimum,4471,4471,0.3,-1,64.1875,64.1875,0
1786442236616,3000,Minimum,4471,4471,0.3,-1,64.1875,64.1875,0
1786442236716,3000,Minimum,4471,4471,0.3,-1,64.1875,64.1875,0
1786442236816,3000,Minimum,4471,4471,0.3,-1,64.1875,64.1875,0
1786442236916,3000,Minimum,4471,4471,0.3,-1,64.1875,64.1875,0
1786442237016,3000,Minimum,4471,4471,0.3,-1,64.1875,64.1875,0
1786442237118,3000,Minimum,4471,4471,0.3,-1,64.1875,64.1875,0
1786442237218,3000,Minimum,4471,4471,0.3,-1,64.1875,64.1875,0
1786442237318,3000,Minimum,4471,4471,0.3,-1,64.1875,64.1875,0
1786442237417,3000,Minimum,4471,4471,0.3,-1,64.1875,64.1875,0
1786442237518,3000,Minimum,4471,4471,0.3,-1,64.1875,64.1875,0
1786442237618,3000,Minimum,4471,4471,0.3,-1,64.1875,64.1875,0
1786442237718,3000,Minimum,4471,4471,0.3,-1,64.1875,64.1875,0
1786442237818,3000,Minimum,4471,4471,0.3,-1,64.1875,64.1875,0
1786442237918,3000,Minimum,4471,4471,0.3,-1,64.1875,64.1875,0
1786442238018,3000,Minimum,4471,4471,0.3,-1,64.1875,64.1875,0
1786442238117,3000,Minimum,4471,4471,0.3,-1,64.1875,64.1875,0
1786442238217,3000,Minimum,4471,4471,0.3,-1,64.1875,64.1875,0
1786442238317,3000,Minimum,4471,4471,0.3,-1,64.125,64.125,0
1786442238417,3000,Minimum,4471,4471,0.3,-1,64.125,64.125,0
1786442238517,3000,Minimum,4471,4471,0.3,-1,64.125,64.125,0
1786442238618,3000,Minimum,4471,4471,0.3,-1,64.125,64.125,0
1786442238718,3000,Minimum,4471,4471,0.3,-1,64.125,64.125,0
1786442238818,3000,Minimum,4471,4471,0.3,-1,64.125,64.125,0
1786442238917,3000,Minimum,4471,4471,0.3,-1,64.125,64.125,0
1786442239018,3000,Minimum,4471,4471,0.3,-1,64.125,64.125,0
1786442239117,3000,Minimum,4471,4471,0.3,-1,64.125,64.125,0
1786442239217,3000,Minimum,4471,4471,0.3,-1,64.125,64.125,0
1786442239317,3000,Minimum,4471,4471,0.3,-1,64.125,64.125,0
1786442239417,3000,Minimum,4471,4471,0.3,-1,64.125,64.125,0
1786442239517,3000,Minimum,4471,4471,0.3,-1,64.125,64.125,0
1786442239618,3000,Minimum,4471,4471,0.3,-1,64.125,64.125,0
1786442239717,3000,Minimum,4471,4471,0.3,-1,64.125,64.125,0
1786442239817,3000,Minimum,4471,4471,0.3,-1,64.125,64.125,0
1786442239917,3000,Minimum,4471,4471,0.3,-1,64.125,64.125,0
1786442240017,3000,Minimum,4471,4471,0.3,-1,64.125,64.125,0
1786442240117,3000,Minimum,4471,4471,0.3,-1,64.125,64.125,0
1786442240217,3000,Minimum,4471,4471,0.3,-1,64.125,64.125,0
1786442240317,3000,Minimum,4471,4471,0.3,-1,64.3125,64.3125,0
1786442240417,3000,Minimum,4471,4471,0.3,-1,64.3125,64.3125,0
1786442240517,3000,Minimum,4471,4471,0.3,-1,64.3125,64.3125,0
1786442240617,3000,Minimum,4471,4471,0.3,-1,64.3125,64.3125,0
1786442240717,3000,Minimum,4471,4471,0.3,-1,64.3125,64.3125,0
1786442240817,3000,Minimum,4471,4471,0.3,-1,64.3125,64.3125,0
1786442240917,3000,Minimum,4471,4471,0.3,-1,64.3125,64.3125,0
1786442241017,3000,Minimum,4471,4471,0.3,-1,64.3125,64.3125,0
1786442241117,3000,Minimum,4471,4471,0.3,-1,64.3125,64.3125,0
1786442241217,3000,Minimum,4471,4471,0.3,-1,64.3125,64.3125,0
1786442241317,3000,Minimum,4471,4471,0.3,-1,64.1875,64.1875,0
1786442241417,3000,Minimum,4471,4471,0.3,-1,64.1875,64.1875,0
1786442241517,3000,Minimum,4471,4471,0.3,-1,64.1875,64.1875,0
1786442241617,3000,Minimum,4471,4471,0.3,-1,64.1875,64.1875,0
1786442241717,3000,Minimum,4471,4471,0.3,-1,64.1875,64.1875,0
1786442241817,3000,Minimum,4471,4471,0.3,-1,64.1875,64.1875,0
1786442241917,3000,Minimum,4471,4471,0.3,-1,64.1875,64.1875,0
1786442242017,3000,Minimum,4471,4471,0.3,-1,64.1875,64.1875,0
1786442242117,3000,Minimum,4471,4471,0.3,-1,64.1875,64.1875,0
1786442242217,3000,Minimum,4471,4471,0.3,-1,64.1875,64.1875,0
1786442242317,3000,Minimum,4471,4471,0.3,-1,64.1875,64.1875,0
1786442242417,3000,Minimum,4471,4471,0.3,-1,64.1875,64.1875,0
1786442242517,3000,Minimum,4471,4471,0.3,-1,64.1875,64.1875,0
1786442242617,3000,Minimum,4471,4471,0.3,-1,64.1875,64.1875,0
1786442242717,3000,Minimum,4471,4471,0.3,-1,64.1875,64.1875,0
1786442242817,3000,Minimum,4471,4471,0.3,-1,64.1875,64.1875,0
1786442242917,3000,Minimum,4471,4471,0.3,-1,64.1875,64.1875,0
1786442243017,3000,Minimum,4471,4471,0.3,-1,64.1875,64.1875,0
1786442243117,3000,Minimum,4471,4471,0.3,-1,64.1875,64.1875,0
1786442243217,3000,Minimum,4471,4471,0.3,-1,64.1875,64.1875,0
1786442243317,3000,Minimum,4471,4471,0.3,-1,64.25,64.25,0
1786442243417,3000,Minimum,4471,4471,0.3,-1,64.25,64.25,0
1786442243517,3000,Minimum,4471,4471,0.3,-1,64.25,64.25,0
1786442243617,3000,Minimum,4471,4471,0.3,-1,64.25,64.25,0
1786442243717,3000,Minimum,4471,4471,0.3,-1,64.25,64.25,0
1786442243817,3000,Minimum,4471,4471,0.3,-1,64.25,64.25,0
1786442243917,3000,Minimum,4471,4471,0.3,-1,64.25,64.25,0
1786442244017,3000,Minimum,4471,4471,0.3,-1,64.25,64.25,0
1786442244117,3000,Minimum,4471,4471,0.3,-1,64.25,64.25,0
1786442244217,3000,Minimum,4471,4471,0.3,-1,64.25,64.25,0
1786442244317,3000,Minimum,4471,4471,0.3,-1,64.3125,64.3125,0
1786442244417,3000,Minimum,4471,4471,0.3,-1,64.3125,64.3125,0
1786442244517,3000,Minimum,4471,4471,0.3,-1,64.3125,64.3125,0
1786442244617,3000,Minimum,4471,4471,0.3,-1,64.3125,64.3125,0
1786442244717,3000,Minimum,4471,4471,0.3,-1,64.3125,64.3125,0
1786442244817,3000,Minimum,4471,4471,0.3,-1,64.3125,64.3125,0
1786442244917,3000,Minimum,4471,4471,0.3,-1,64.3125,64.3125,0
1786442245017,3000,Minimum,4471,4471,0.3,-1,64.3125,64.3125,0
1786442245117,3000,Minimum,4471,4471,0.3,-1,64.3125,64.3125,0
1786442245217,3000,Minimum,4471,4471,0.3,-1,64.3125,64.3125,0
1786442245317,3000,Minimum,4471,4471,0.3,-1,64.3125,64.3125,0
1786442245416,3000,Minimum,4471,4471,0.3,-1,64.3125,64.3125,0
1786442245516,3000,Minimum,4471,4471,0.3,-1,64.3125,64.3125,0
1786442245617,3000,Minimum,4471,4471,0.3,-1,64.3125,64.3125,0
1786442245717,3000,Minimum,4471,4471,0.3,-1,64.3125,64.3125,0
1786442245817,3000,Minimum,4471,4471,0.3,-1,64.3125,64.3125,0
1786442245917,3000,Minimum,4471,4471,0.3,-1,64.3125,64.3125,0
1786442246017,3000,Minimum,4471,4471,0.3,-1,64.3125,64.3125,0
1786442246117,3000,Minimum,4471,4471,0.3,-1,64.3125,64.3125,0
1786442246216,3000,Minimum,4471,4471,0.3,-1,64.3125,64.3125,0
1786442246316,3000,Minimum,4471,4471,0.3,-1,64.1875,64.1875,0
1786442246416,3000,Minimum,4471,4471,0.3,-1,64.1875,64.1875,0
1786442246517,3000,Minimum,4471,4471,0.3,-1,64.1875,64.1875,0
1786442246616,3000,Minimum,4471,4471,0.3,-1,64.1875,64.1875,0
1786442246716,3000,Minimum,4471,4471,0.3,-1,64.1875,64.1875,0
1786442246816,3000,Minimum,4471,4471,0.3,-1,64.1875,64.1875,0
1786442246916,3000,Minimum,4471,4471,0.3,-1,64.1875,64.1875,0
1786442247016,3000,Minimum,4471,4471,0.3,-1,64.1875,64.1875,0
1786442247116,3000,Minimum,4471,4471,0.3,-1,64.1875,64.1875,0
1786442247216,3000,Minimum,4471,4471,0.3,-1,64.1875,64.1875,0
1786442247316,3000,Minimum,4471,4471,0.3,-1,64.25,64.25,0
1786442247416,3000,Minimum,4471,4471,0.3,-1,64.25,64.25,0
1786442247516,3000,Minimum,4471,4471,0.3,-1,64.25,64.25,0
1786442247616,3000,Minimum,4471,4471,0.3,-1,64.25,64.25,0
1786442247716,3000,Minimum,4471,4471,0.3,-1,64.25,64.25,0
1786442247816,3000,Minimum,4471,4471,0.3,-1,64.25,64.25,0
1786442247916,3000,Minimum,4471,4471,0.3,-1,64.25,64.25,0
1786442248017,3000,Minimum,4471,4471,0.3,-1,64.25,64.25,0
1786442248116,3000,Minimum,4471,4471,0.3,-1,64.25,64.25,0
1786442248216,3000,Minimum,4471,4471,0.3,-1,64.25,64.25,0
1786442248316,3000,Minimum,4471,4471,0.3,-1,64.25,64.25,0
1786442248416,3000,Minimum,4471,4471,0.3,-1,64.25,64.25,0
1786442248516,3000,Minimum,4471,4471,0.3,-1,64.25,64.25,0
1786442248616,3000,Minimum,4471,4471,0.3,-1,64.25,64.25,0
1786442248716,3000,Minimum,4471,4471,0.3,-1,64.25,64.25,0
1786442248816,3000,Minimum,4471,4471,0.3,-1,64.25,64.25,0
1786442248916,3000,Minimum,4471,4471,0.3,-1,64.25,64.25,0
1786442249016,3000,Minimum,4471,4471,0.3,-1,64.25,64.25,0
1786442249116,3000,Minimum,4471,4471,0.3,-1,64.25,64.25,0
1786442249216,3000,Minimum,4471,4471,0.3,-1,64.25,64.25,0
1786442249316,3000,Minimum,4471,4471,0.3,-1,64.1875,64.1875,0
1786442249416,3000,Minimum,4471,4471,0.3,-1,64.1875,64.1875,0
1786442249516,3000,Minimum,4471,4471,0.3,-1,64.1875,64.1875,0
1786442249616,3000,Minimum,4471,4471,0.3,-1,64.1875,64.1875,0
1786442249716,3000,Minimum,4471,4471,0.3,-1,64.1875,64.1875,0
1786442249816,3000,Minimum,4471,4471,0.3,-1,64.1875,64.1875,0
1786442249916,3000,Minimum,4471,4471,0.3,-1,64.1875,64.1875,0
1786442250016,3000,Minimum,4471,4471,0.3,-1,64.1875,64.1875,0
1786442250116,3000,Minimum,4471,4471,0.3,-1,64.1875,64.1875,0
1786442250216,3000,Minimum,4471,4471,0.3,-1,64.1875,64.1875,0
1786442250316,3000,Minimum,4471,4471,0.3,-1,64.1875,64.1875,0
1786442250416,3000,Minimum,4471,4471,0.3,-1,64.1875,64.1875,0
1786442250516,3000,Minimum,4471,4471,0.3,-1,64.1875,64.1875,0
1786442250616,3000,Minimum,4471,4471,0.3,-1,64.1875,64.1875,0
1786442250716,3000,Minimum,4471,4471,0.3,-1,64.1875,64.1875,0
1786442250816,3000,Minimum,4471,4471,0.3,-1,64.1875,64.1875,0
1786442250916,3000,Minimum,4471,4471,0.3,-1,64.1875,64.1875,0
1786442251017,3000,Minimum,4471,4471,0.3,-1,64.1875,64.1875,0
1786442251116,3000,Minimum,4471,4471,0.3,-1,64.1875,64.1875,0
1786442251216,3000,Minimum,4471,4471,0.3,-1,64.1875,64.1875,0
1786442251316,3000,Minimum,4471,4471,0.3,-1,64.1875,64.1875,0
1786442251416,3000,Minimum,4471,4471,0.3,-1,64.1875,64.1875,0
1786442251516,3000,Minimum,4471,4471,0.3,-1,64.1875,64.1875,0
1786442251616,3000,Minimum,4471,4471,0.3,-1,64.1875,64.1875,0
1786442251716,3000,Minimum,4471,4471,0.3,-1,64.1875,64.1875,0
1786442251816,3000,Minimum,4471,4471,0.3,-1,64.1875,64.1875,0
1786442251916,3000,Minimum,4471,4471,0.3,-1,64.1875,64.1875,0
1786442252016,3000,Minimum,4471,4471,0.3,-1,64.1875,64.1875,0
1786442252116,3000,Minimum,4471,4471,0.3,-1,64.1875,64.1875,0
1786442252216,3000,Minimum,4471,4471,0.3,-1,64.1875,64.1875,0
1786442252316,3000,Minimum,4471,4471,0.3,-1,64.25,64.25,0
1786442252416,3000,Minimum,4471,4471,0.3,-1,64.25,64.25,0
1786442252516,3000,Minimum,4471,4471,0.3,-1,64.25,64.25,0
1786442252616,3000,Minimum,4471,4471,0.3,-1,64.25,64.25,0
1786442252716,3000,Minimum,4471,4471,0.3,-1,64.25,64.25,0
1786442252817,3000,Minimum,4471,4471,0.3,-1,64.25,64.25,0
1786442252916,3000,Minimum,4471,4471,0.3,-1,64.25,64.25,0
1786442253016,3000,Minimum,4471,4471,0.3,-1,64.25,64.25,0
1786442253116,3000,Minimum,4471,4471,0.3,-1,64.25,64.25,0
1786442253216,3000,Minimum,4471,4471,0.3,-1,64.25,64.25,0
1786442253316,3000,Minimum,4471,4471,0.3,-1,64.25,64.25,0
1786442253416,3000,Minimum,4471,4471,0.3,-1,64.25,64.25,0
1786442253516,3000,Minimum,4471,4471,0.3,-1,64.25,64.25,0
1786442253616,3000,Minimum,4471,4471,0.3,-1,64.25,64.25,0
1786442253716,3000,Minimum,4471,4471,0.3,-1,64.25,64.25,0
1786442253816,3000,Minimum,4471,4471,0.3,-1,64.25,64.25,0
1786442253916,3000,Minimum,4471,4471,0.3,-1,64.25,64.25,0
1786442254016,3000,Minimum,4471,4471,0.3,-1,64.25,64.25,0
1786442254116,3000,Minimum,4471,4471,0.3,-1,64.25,64.25,0
1786442254216,3000,Minimum,4471,4471,0.3,-1,64.25,64.25,0
1786442254316,3000,Minimum,4471,4471,0.3,-1,64.25,64.25,0
1786442254416,3000,Minimum,4471,4471,0.3,-1,64.25,64.25,0
1786442254516,3000,Minimum,4471,4471,0.3,-1,64.25,64.25,0
1786442254616,3000,Minimum,4471,4471,0.3,-1,64.25,64.25,0
1786442254716,3000,Minimum,4471,4471,0.3,-1,64.25,64.25,0
1786442254816,3000,Minimum,4471,4471,0.3,-1,64.25,64.25,0
1786442254916,3000,Minimum,4471,4471,0.3,-1,64.25,64.25,0
1786442255016,3000,Minimum,4471,4471,0.3,-1,64.25,64.25,0
1786442255116,3000,Minimum,4471,4471,0.3,-1,64.25,64.25,0
1786442255216,3000,Minimum,4471,4471,0.3,-1,64.25,64.25,0
1786442255316,3000,Minimum,4471,4471,0.3,-1,64.3125,64.3125,0
1786442255416,3000,Minimum,4471,4471,0.3,-1,64.3125,64.3125,0
1786442255516,3000,Minimum,4471,4471,0.3,-1,64.3125,64.3125,0
1786442255616,3000,Minimum,4471,4471,0.3,-1,64.3125,64.3125,0
1786442255716,3000,Minimum,4471,4471,0.3,-1,64.3125,64.3125,0
1786442255816,3000,Minimum,4471,4471,0.3,-1,64.3125,64.3125,0
1786442255916,3000,Minimum,4471,4471,0.3,-1,64.3125,64.3125,0
1786442256016,3000,Minimum,4471,4471,0.3,-1,64.3125,64.3125,0
1786442256116,3000,Minimum,4471,4471,0.3,-1,64.3125,64.3125,0
1786442256216,3000,Minimum,4471,4471,0.3,-1,64.3125,64.3125,0
1786442256316,3000,Minimum,4471,4471,0.3,-1,64.1875,64.1875,0
1786442256416,3000,Minimum,4471,4471,0.3,-1,64.1875,64.1875,0
1786442256516,3000,Minimum,4471,4471,0.3,-1,64.1875,64.1875,0
1786442256616,3000,Minimum,4471,4471,0.3,-1,64.1875,64.1875,0
1786442256716,3000,Minimum,4471,4471,0.3,-1,64.1875,64.1875,0
1786442256816,3000,Minimum,4471,4471,0.3,-1,64.1875,64.1875,0
1786442256916,3000,Minimum,4471,4471,0.3,-1,64.1875,64.1875,0
1786442257016,3000,Minimum,4471,4471,0.3,-1,64.1875,64.1875,0
1786442257116,3000,Minimum,4471,4471,0.3,-1,64.1875,64.1875,0
1786442257216,3000,Minimum,4471,4471,0.3,-1,64.1875,64.1875,0
1786442257316,3000,Minimum,4471,4471,0.3,-1,64.25,64.25,0
1786442257416,3000,Minimum,4471,4471,0.3,-1,64.25,64.25,0
1786442257516,3000,Minimum,4471,4471,0.3,-1,64.25,64.25,0
1786442257616,3000,Minimum,4471,4471,0.3,-1,64.25,64.25,0
1786442257716,3000,Minimum,4471,4471,0.3,-1,64.25,64.25,0
1786442257816,3000,Minimum,4471,4471,0.3,-1,64.25,64.25,0
1786442257916,3000,Minimum,4471,4471,0.3,-1,64.25,64.25,0
1786442258016,3000,Minimum,4471,4471,0.3,-1,64.25,64.25,0
1786442258116,3000,Minimum,4471,4471,0.3,-1,64.25,64.25,0
1786442258216,3000,Minimum,4471,4471,0.3,-1,64.25,64.25,0
1786442258316,3000,Minimum,4471,4471,0.3,-1,64.1875,64.1875,0
1786442258416,3000,Minimum,4471,4471,0.3,-1,64.1875,64.1875,0
1786442258516,3000,Minimum,4471,4471,0.3,-1,64.1875,64.1875,0
1786442258616,3000,Minimum,4471,4471,0.3,-1,64.1875,64.1875,0
1786442258716,3000,Minimum,4471,4471,0.3,-1,64.1875,64.1875,0
1786442258816,3000,Minimum,4471,4471,0.3,-1,64.1875,64.1875,0
1786442258916,3000,Minimum,4471,4471,0.3,-1,64.1875,64.1875,0
1786442259016,3000,Minimum,4471,4471,0.3,-1,64.1875,64.1875,0
1786442259116,3000,Minimum,4471,4471,0.3,-1,64.1875,64.1875,0
1786442259216,3000,Minimum,4471,4471,0.3,-1,64.1875,64.1875,0
1786442259316,3000,Minimum,4471,4471,0.3,-1,64.3125,64.3125,0
1786442259417,3000,Minimum,4471,4471,0.3,-1,64.3125,64.3125,0
1786442259516,3000,Minimum,4471,4471,0.3,-1,64.3125,64.3125,0
1786442259616,3000,Minimum,4471,4471,0.3,-1,64.3125,64.3125,0
1786442259716,3000,Minimum,4471,4471,0.3,-1,64.3125,64.3125,0
1786442259816,3000,Minimum,4471,4471,0.3,-1,64.3125,64.3125,0
1786442259916,3000,Minimum,4471,4471,0.3,-1,64.3125,64.3125,0
1786442260016,3000,Minimum,4471,4471,0.3,-1,64.3125,64.3125,0
1786442260116,3000,Minimum,4471,4471,0.3,-1,64.3125,64.3125,0
1786442260216,3000,Minimum,4471,4471,0.3,-1,64.3125,64.3125,0
1786442260316,3000,Minimum,4471,4471,0.3,-1,64.25,64.25,0
1786442260416,3000,Minimum,4471,4471,0.3,-1,64.25,64.25,0
1786442260516,3000,Minimum,4471,4471,0.3,-1,64.25,64.25,0
1786442260616,3000,Minimum,4471,4471,0.3,-1,64.25,64.25,0
1786442260716,3000,Minimum,4471,4471,0.3,-1,64.25,64.25,0
1786442260816,3000,Minimum,4471,4471,0.3,-1,64.25,64.25,0
1786442260916,3000,Minimum,4471,4471,0.3,-1,64.25,64.25,0
1786442261016,3000,Minimum,4471,4471,0.3,-1,64.25,64.25,0
1786442261116,3000,Minimum,4471,4471,0.3,-1,64.25,64.25,0
1786442261216,3000,Minimum,4471,4471,0.3,-1,64.25,64.25,0
1786442261316,3000,Minimum,4471,4471,0.3,-1,64.25,64.25,0
1786442261416,3000,Minimum,4471,4471,0.3,-1,64.25,64.25,0
1786442261516,3000,Minimum,4471,4471,0.3,-1,64.25,64.25,0
1786442261616,3000,Minimum,4471,4471,0.3,-1,64.25,64.25,0
1786442261716,3000,Minimum,4471,4471,0.3,-1,64.25,64.25,0
1786442261816,3000,Minimum,4471,4471,0.3,-1,64.25,64.25,0
1786442261916,3000,Minimum,4471,4471,0.3,-1,64.25,64.25,0
1786442262016,3000,Minimum,4471,4471,0.3,-1,64.25,64.25,0
1786442262116,3000,Minimum,4471,4471,0.3,-1,64.25,64.25,0
1786442262216,3000,Minimum,4471,4471,0.3,-1,64.25,64.25,0
1786442262316,3000,Minimum,4471,4471,0.3,-1,64.25,64.25,0
1786442262416,3000,Minimum,4471,4471,0.3,-1,64.25,64.25,0
1786442262516,3000,Minimum,4471,4471,0.3,-1,64.25,64.25,0
1786442262616,3000,Minimum,4471,4471,0.3,-1,64.25,64.25,0
1786442262716,3000,Minimum,4471,4471,0.3,-1,64.25,64.25,0
1786442262816,3000,Minimum,4471,4471,0.3,-1,64.25,64.25,0
1786442262916,3000,Minimum,4471,4471,0.3,-1,64.25,64.25,0
1786442263016,3000,Minimum,4471,4471,0.3,-1,64.25,64.25,0
1786442263116,3000,Minimum,4471,4471,0.3,-1,64.25,64.25,0
1786442263216,3000,Minimum,4471,4471,0.3,-1,64.25,64.25,0
1786442263316,3000,Minimum,4471,4471,0.3,-1,64.3125,64.3125,0
1786442263416,3000,Minimum,4471,4471,0.3,-1,64.3125,64.3125,0
1786442263516,3000,Minimum,4471,4471,0.3,-1,64.3125,64.3125,0
1786442263616,3000,Minimum,4471,4471,0.3,-1,64.3125,64.3125,0
1786442263716,3000,Minimum,4471,4471,0.3,-1,64.3125,64.3125,0
1786442263816,3000,Minimum,4471,4471,0.3,-1,64.3125,64.3125,0
1786442263916,3000,Minimum,4471,4471,0.3,-1,64.3125,64.3125,0
1786442264016,3000,Minimum,4471,4471,0.3,-1,64.3125,64.3125,0
1786442264116,3000,Minimum,4471,4471,0.3,-1,64.3125,64.3125,0
1786442264216,3000,Minimum,4471,4471,0.3,-1,64.3125,64.3125,0
1786442264316,3000,Minimum,4471,4471,0.3,-1,64.3125,64.3125,0
1786442264416,3000,Minimum,4471,4471,0.3,-1,64.3125,64.3125,0
1786442264516,3000,Minimum,4471,4471,0.3,-1,64.3125,64.3125,0
1786442264616,3000,Minimum,4471,4471,0.3,-1,64.3125,64.3125,0
1786442264716,3000,Minimum,4471,4471,0.3,-1,64.3125,64.3125,0
1786442264816,3000,Minimum,4471,4471,0.3,-1,64.3125,64.3125,0
1786442264916,3000,Minimum,4471,4471,0.3,-1,64.3125,64.3125,0
1786442265016,3000,Minimum,4471,4471,0.3,-1,64.3125,64.3125,0
1786442265116,3000,Minimum,4471,4471,0.3,-1,64.3125,64.3125,0
1786442265216,3000,Minimum,4471,4471,0.3,-1,64.3125,64.3125,0
1786442265316,3000,Minimum,4471,4471,0.3,-1,64.25,64.25,0
1786442265416,3000,Minimum,4471,4471,0.3,-1,64.25,64.25,0
1786442265516,3000,Minimum,4471,4471,0.3,-1,64.25,64.25,0
1786442265616,3000,Minimum,4471,4471,0.3,-1,64.25,64.25,0
1786442265716,3000,Minimum,4471,4471,0.3,-1,64.25,64.25,0
1786442265816,3000,Minimum,4471,4471,0.3,-1,64.25,64.25,0
1786442265916,3000,Minimum,4471,4471,0.3,-1,64.25,64.25,0
1786442266016,3000,Minimum,4471,4471,0.3,-1,64.25,64.25,0
1786442266116,3000,Minimum,4471,4471,0.3,-1,64.25,64.25,0
1786442266216,3000,Minimum,4471,4471,0.3,-1,64.25,64.25,0
1786442266316,3000,Minimum,4471,4471,0.3,-1,64.3125,64.3125,0
1786442266416,3000,Minimum,4471,4471,0.3,-1,64.3125,64.3125,0
1786442266516,3000,Minimum,4471,4471,0.3,-1,64.3125,64.3125,0
1786442266616,3000,Minimum,4471,4471,0.3,-1,64.3125,64.3125,0
1786442266716,3000,Minimum,4471,4471,0.3,-1,64.3125,64.3125,0
1786442266816,3000,Minimum,4471,4471,0.3,-1,64.3125,64.3125,0
1786442266916,3000,Minimum,4471,4471,0.3,-1,64.3125,64.3125,0
1786442267016,3000,Minimum,4471,4471,0.3,-1,64.3125,64.3125,0
1786442267116,3000,Minimum,4471,4471,0.3,-1,64.3125,64.3125,0
1786442267216,3000,Minimum,4471,4471,0.3,-1,64.3125,64.3125,0
1786442267316,3000,Minimum,4471,4471,0.3,-1,64.3125,64.3125,0
1786442267416,3000,Minimum,4471,4471,0.3,-1,64.3125,64.3125,0
1786442267516,3000,Minimum,4471,4471,0.3,-1,64.3125,64.3125,0
1786442267616,3000,Minimum,4471,4471,0.3,-1,64.3125,64.3125,0
1786442267716,3000,Minimum,4471,4471,0.3,-1,64.3125,64.3125,0
1786442267816,3000,Minimum,4471,4471,0.3,-1,64.3125,64.3125,0
1786442267916,3000,Minimum,4471,4471,0.3,-1,64.3125,64.3125,0
1786442268016,3000,Minimum,4471,4471,0.3,-1,64.3125,64.3125,0
1786442268116,3000,Minimum,4471,4471,0.3,-1,64.3125,64.3125,0
1786442268216,3000,Minimum,4471,4471,0.3,-1,64.3125,64.3125,0
1786442268316,3000,Minimum,4471,4471,0.3,-1,64.25,64.25,0
1786442268416,3000,Minimum,4471,4471,0.3,-1,64.25,64.25,0
1786442268516,3000,Minimum,4471,4471,0.3,-1,64.25,64.25,0
1786442268616,3000,Minimum,4471,4471,0.3,-1,64.25,64.25,0
1786442268716,3000,Minimum,4471,4471,0.3,-1,64.25,64.25,0
1786442268816,3000,Minimum,4471,4471,0.3,-1,64.25,64.25,0
1786442268916,3000,Minimum,4471,4471,0.3,-1,64.25,64.25,0
1786442269016,3000,Minimum,4471,4471,0.3,-1,64.25,64.25,0
1786442269118,3000,Minimum,4471,4471,0.3,-1,64.25,64.25,0
1786442269217,3000,Minimum,4471,4471,0.3,-1,64.25,64.25,0
1786442269318,3000,Minimum,4471,4471,0.3,-1,64.25,64.25,0
1786442269418,3000,Minimum,4471,4471,0.3,-1,64.25,64.25,0
1786442269518,3000,Minimum,4471,4471,0.3,-1,64.25,64.25,0
1786442269618,3000,Minimum,4471,4471,0.3,-1,64.25,64.25,0
1786442269718,3000,Minimum,4471,4471,0.3,-1,64.25,64.25,0
1786442269818,3000,Minimum,4471,4471,0.3,-1,64.25,64.25,0
1786442269918,3000,Minimum,4471,4471,0.3,-1,64.25,64.25,0
1786442270018,3000,Minimum,4471,4471,0.3,-1,64.25,64.25,0
1786442270118,3000,Minimum,4471,4471,0.3,-1,64.25,64.25,0
1786442270218,3000,Minimum,4471,4471,0.3,-1,64.25,64.25,0
1786442270318,3000,Minimum,4471,4471,0.3,-1,64.25,64.25,0
1786442270418,3000,Minimum,4471,4471,0.3,-1,64.25,64.25,0
1786442270518,3000,Minimum,4471,4471,0.3,-1,64.25,64.25,0
1786442270618,3000,Minimum,4471,4471,0.3,-1,64.25,64.25,0
1786442270718,3000,Minimum,4471,4471,0.3,-1,64.25,64.25,0
1786442270818,3000,Minimum,4471,4471,0.3,-1,64.25,64.25,0
1786442270917,3000,Minimum,4471,4471,0.3,-1,64.25,64.25,0
1786442271018,3000,Minimum,4471,4471,0.3,-1,64.25,64.25,0
1786442271117,3000,Minimum,4471,4471,0.3,-1,64.25,64.25,0
1786442271217,3000,Minimum,4471,4471,0.3,-1,64.25,64.25,0
1786442271317,3000,Minimum,4471,4471,0.3,-1,64.3125,64.3125,0
1786442271418,3000,Minimum,4471,4471,0.3,-1,64.3125,64.3125,0
1786442271518,3000,Minimum,4471,4471,0.3,-1,64.3125,64.3125,0
1786442271618,3000,Minimum,4471,4471,0.3,-1,64.3125,64.3125,0
1786442271718,3000,Minimum,4471,4471,0.3,-1,64.3125,64.3125,0
1786442271818,3000,Minimum,4471,4471,0.3,-1,64.3125,64.3125,0
1786442271918,3000,Minimum,4471,4471,0.3,-1,64.3125,64.3125,0
1786442272018,3000,Minimum,4471,4471,0.3,-1,64.3125,64.3125,0
1786442272118,3000,Minimum,4471,4471,0.3,-1,64.3125,64.3125,0
1786442272217,3000,Minimum,4471,4471,0.3,-1,64.3125,64.3125,0
1786442272317,3000,Minimum,4471,4471,0.3,-1,64.3125,64.3125,0
1786442272418,3000,Minimum,4471,4471,0.3,-1,64.3125,64.3125,0
1786442272517,3000,Minimum,4471,4471,0.3,-1,64.3125,64.3125,0
1786442272617,3000,Minimum,4471,4471,0.3,-1,64.3125,64.3125,0
1786442272718,3000,Minimum,4471,4471,0.3,-1,64.3125,64.3125,0
1786442272817,3000,Minimum,4471,4471,0.3,-1,64.3125,64.3125,0
1786442272917,3000,Minimum,4471,4471,0.3,-1,64.3125,64.3125,0
1786442273017,3000,Minimum,4471,4471,0.3,-1,64.3125,64.3125,0
1786442273117,3000,Minimum,4471,4471,0.3,-1,64.3125,64.3125,0
1786442273217,3000,Minimum,4471,4471,0.3,-1,64.3125,64.3125,0
1786442273317,3000,Minimum,4471,4471,0.3,-1,64.375,64.375,0
1786442273417,3000,Minimum,4471,4471,0.3,-1,64.375,64.375,0
1786442273517,3000,Minimum,4471,4471,0.3,-1,64.375,64.375,0
1786442273617,3000,Minimum,4471,4471,0.3,-1,64.375,64.375,0
1786442273717,3000,Minimum,4471,4471,0.3,-1,64.375,64.375,0
1786442273817,3000,Minimum,4471,4471,0.3,-1,64.375,64.375,0
1786442273917,3000,Minimum,4471,4471,0.3,-1,64.375,64.375,0
1786442274017,3000,Minimum,4471,4471,0.3,-1,64.375,64.375,0
1786442274117,3000,Minimum,4471,4471,0.3,-1,64.375,64.375,0
1786442274217,3000,Minimum,4471,4471,0.3,-1,64.375,64.375,0
1786442274317,3000,Minimum,4471,4471,0.3,-1,64.25,64.25,0
1786442274417,3000,Minimum,4471,4471,0.3,-1,64.25,64.25,0
1786442274517,3000,Minimum,4471,4471,0.3,-1,64.25,64.25,0
1786442274617,3000,Minimum,4471,4471,0.3,-1,64.25,64.25,0
1786442274717,3000,Minimum,4471,4471,0.3,-1,64.25,64.25,0
1786442274817,3000,Minimum,4471,4471,0.3,-1,64.25,64.25,0
1786442274917,3000,Minimum,4471,4471,0.3,-1,64.25,64.25,0
1786442275017,3000,Minimum,4471,4471,0.3,-1,64.25,64.25,0
1786442275117,3000,Minimum,4471,4471,0.3,-1,64.25,64.25,0
1786442275217,3000,Minimum,4471,4471,0.3,-1,64.25,64.25,0
1786442275316,3000,Minimum,4471,4471,0.3,-1,64.3125,64.3125,0
1786442275417,3000,Minimum,4471,4471,0.3,-1,64.3125,64.3125,0
1786442275517,3000,Minimum,4471,4471,0.3,-1,64.3125,64.3125,0
1786442275617,3000,Minimum,4471,4471,0.3,-1,64.3125,64.3125,0
1786442275717,3000,Minimum,4471,4471,0.3,-1,64.3125,64.3125,0
1786442275817,3000,Minimum,4471,4471,0.3,-1,64.3125,64.3125,0
1786442275917,3000,Minimum,4471,4471,0.3,-1,64.3125,64.3125,0
1786442276017,3000,Minimum,4471,4471,0.3,-1,64.3125,64.3125,0
1786442276117,3000,Minimum,4471,4471,0.3,-1,64.3125,64.3125,0
1786442276217,3000,Minimum,4471,4471,0.3,-1,64.3125,64.3125,0
1786442276317,3000,Minimum,4471,4471,0.3,-1,64.3125,64.3125,0
1786442276417,3000,Minimum,4471,4471,0.3,-1,64.3125,64.3125,0
1786442276517,3000,Minimum,4471,4471,0.3,-1,64.3125,64.3125,0
1786442276617,3000,Minimum,4471,4471,0.3,-1,64.3125,64.3125,0
1786442276717,3000,Minimum,4471,4471,0.3,-1,64.3125,64.3125,0
1786442276817,3000,Minimum,4471,4471,0.3,-1,64.3125,64.3125,0
1786442276917,3000,Minimum,4471,4471,0.3,-1,64.3125,64.3125,0
1786442277017,3000,Minimum,4471,4471,0.3,-1,64.3125,64.3125,0
1786442277117,3000,Minimum,4471,4471,0.3,-1,64.3125,64.3125,0
1786442277217,3000,Minimum,4471,4471,0.3,-1,64.3125,64.3125,0
1786442277317,3000,Minimum,4471,4471,0.3,-1,64.3125,64.3125,0
1786442277417,3000,Minimum,4471,4471,0.3,-1,64.3125,64.3125,0
1786442277517,3000,Minimum,4471,4471,0.3,-1,64.3125,64.3125,0
1786442277617,3000,Minimum,4471,4471,0.3,-1,64.3125,64.3125,0
1786442277717,3000,Minimum,4471,4471,0.3,-1,64.3125,64.3125,0
1786442277817,3000,Minimum,4471,4471,0.3,-1,64.3125,64.3125,0
1786442277917,3000,Minimum,4471,4471,0.3,-1,64.3125,64.3125,0
1786442278017,3000,Minimum,4471,4471,0.3,-1,64.3125,64.3125,0
1786442278117,3000,Minimum,4471,4471,0.3,-1,64.3125,64.3125,0
1786442278217,3000,Minimum,4471,4471,0.3,-1,64.3125,64.3125,0
1786442278317,3000,Minimum,4471,4471,0.3,-1,64.375,64.375,0
1786442278416,3000,Minimum,4471,4471,0.3,-1,64.375,64.375,0
1786442278517,3000,Minimum,4471,4471,0.3,-1,64.375,64.375,0
1786442278617,3000,Minimum,4471,4471,0.3,-1,64.375,64.375,0
1786442278717,3000,Minimum,4471,4471,0.3,-1,64.375,64.375,0
1786442278817,3000,Minimum,4471,4471,0.3,-1,64.375,64.375,0
1786442278917,3000,Minimum,4471,4471,0.3,-1,64.375,64.375,0
1786442279017,3000,Minimum,4471,4471,0.3,-1,64.375,64.375,0
1786442279117,3000,Minimum,4471,4471,0.3,-1,64.375,64.375,0
1786442279217,3000,Minimum,4471,4471,0.3,-1,64.375,64.375,0
1786442279316,3000,Minimum,4471,4471,0.3,-1,64.25,64.25,0
1786442279416,3000,Minimum,4471,4471,0.3,-1,64.25,64.25,0
1786442279517,3000,Minimum,4471,4471,0.3,-1,64.25,64.25,0
1786442279617,3000,Minimum,4471,4471,0.3,-1,64.25,64.25,0
1786442279717,3000,Minimum,4471,4471,0.3,-1,64.25,64.25,0
1786442279817,3000,Minimum,4471,4471,0.3,-1,64.25,64.25,0
1786442279917,3000,Minimum,4471,4471,0.3,-1,64.25,64.25,0
1786442280017,3000,Minimum,4471,4471,0.3,-1,64.25,64.25,0
1786442280116,3000,Minimum,4471,4471,0.3,-1,64.25,64.25,0
1786442280217,3000,Minimum,4471,4471,0.3,-1,64.25,64.25,0
1786442280316,3000,Minimum,4471,4471,0.3,-1,64.3125,64.3125,0
1786442280416,3000,Minimum,4471,4471,0.3,-1,64.3125,64.3125,0
1786442280516,3000,Minimum,4471,4471,0.3,-1,64.3125,64.3125,0
1786442280617,3000,Minimum,4471,4471,0.3,-1,64.3125,64.3125,0
1786442280716,3000,Minimum,4471,4471,0.3,-1,64.3125,64.3125,0
1786442280817,3000,Minimum,4471,4471,0.3,-1,64.3125,64.3125,0
1786442280917,3000,Minimum,4471,4471,0.3,-1,64.3125,64.3125,0
1786442281017,3000,Minimum,4471,4471,0.3,-1,64.3125,64.3125,0
1786442281116,3000,Minimum,4471,4471,0.3,-1,64.3125,64.3125,0
1786442281216,3000,Minimum,4471,4471,0.3,-1,64.3125,64.3125,0
1786442281316,3000,Minimum,4471,4471,0.3,-1,64.3125,64.3125,0
1786442281416,3000,Minimum,4471,4471,0.3,-1,64.3125,64.3125,0
1786442281517,3000,Minimum,4471,4471,0.3,-1,64.3125,64.3125,0
1786442281617,3000,Minimum,4471,4471,0.3,-1,64.3125,64.3125,0
1786442281716,3000,Minimum,4471,4471,0.3,-1,64.3125,64.3125,0
1786442281817,3000,Minimum,4471,4471,0.3,-1,64.3125,64.3125,0
1786442281916,3000,Minimum,4471,4471,0.3,-1,64.3125,64.3125,0
1786442282017,3000,Minimum,4471,4471,0.3,-1,64.3125,64.3125,0
1786442282117,3000,Minimum,4471,4471,0.3,-1,64.3125,64.3125,0
1786442282216,3000,Minimum,4471,4471,0.3,-1,64.3125,64.3125,0
1786442282316,3000,Minimum,4471,4471,0.3,-1,64.375,64.375,0
1786442282416,3000,Minimum,4471,4471,0.3,-1,64.375,64.375,0
1786442282516,3000,Minimum,4471,4471,0.3,-1,64.375,64.375,0
1786442282616,3000,Minimum,4471,4471,0.3,-1,64.375,64.375,0
1786442282716,3000,Minimum,4471,4471,0.3,-1,64.375,64.375,0
1786442282817,3000,Minimum,4471,4471,0.3,-1,64.375,64.375,0
1786442282917,3000,Minimum,4471,4471,0.3,-1,64.375,64.375,0
1786442283016,3000,Minimum,4471,4471,0.3,-1,64.375,64.375,0
1786442283116,3000,Minimum,4471,4471,0.3,-1,64.375,64.375,0
1786442283216,3000,Minimum,4471,4471,0.3,-1,64.375,64.375,0
1786442283316,3000,Minimum,4471,4471,0.3,-1,64.25,64.25,0
1786442283416,3000,Minimum,4471,4471,0.3,-1,64.25,64.25,0
1786442283516,3000,Minimum,4471,4471,0.3,-1,64.25,64.25,0
1786442283616,3000,Minimum,4471,4471,0.3,-1,64.25,64.25,0
1786442283716,3000,Minimum,4471,4471,0.3,-1,64.25,64.25,0
1786442283816,3000,Minimum,4471,4471,0.3,-1,64.25,64.25,0
1786442283916,3000,Minimum,4471,4471,0.3,-1,64.25,64.25,0
1786442284016,3000,Minimum,4471,4471,0.3,-1,64.25,64.25,0
1786442284116,3000,Minimum,4471,4471,0.3,-1,64.25,64.25,0
1786442284216,3000,Minimum,4471,4471,0.3,-1,64.25,64.25,0
1786442284316,3000,Minimum,4471,4471,0.3,-1,64.3125,64.3125,0
1786442284416,3000,Minimum,4471,4471,0.3,-1,64.3125,64.3125,0
1786442284516,3000,Minimum,4471,4471,0.3,-1,64.3125,64.3125,0
1786442284616,3000,Minimum,4471,4471,0.3,-1,64.3125,64.3125,0
1786442284716,3000,Minimum,4471,4471,0.3,-1,64.3125,64.3125,0
1786442284816,3000,Minimum,4471,4471,0.3,-1,64.3125,64.3125,0
1786442284916,3000,Minimum,4471,4471,0.3,-1,64.3125,64.3125,0
1786442285016,3000,Minimum,4471,4471,0.3,-1,64.3125,64.3125,0
1786442285116,3000,Minimum,4471,4471,0.3,-1,64.3125,64.3125,0
1786442285216,3000,Minimum,4471,4471,0.3,-1,64.3125,64.3125,0
1786442285316,3000,Minimum,4471,4471,0.3,-1,64.3125,64.3125,0
1786442285416,3000,Minimum,4471,4471,0.3,-1,64.3125,64.3125,0
1786442285516,3000,Minimum,4471,4471,0.3,-1,64.3125,64.3125,0
1786442285616,3000,Minimum,4471,4471,0.3,-1,64.3125,64.3125,0
1786442285716,3000,Minimum,4471,4471,0.3,-1,64.3125,64.3125,0
1786442285816,3000,Minimum,4471,4471,0.3,-1,64.3125,64.3125,0
1786442285916,3000,Minimum,4471,4471,0.3,-1,64.3125,64.3125,0
1786442286016,3000,Minimum,4471,4471,0.3,-1,64.3125,64.3125,0
1786442286116,3000,Minimum,4471,4471,0.3,-1,64.3125,64.3125,0
1786442286216,3000,Minimum,4471,4471,0.3,-1,64.3125,64.3125,0
1786442286316,3000,Minimum,4471,4471,0.3,-1,64.3125,64.3125,0
1786442286416,3000,Minimum,4471,4471,0.3,-1,64.3125,64.3125,0
1786442286516,3000,Minimum,4471,4471,0.3,-1,64.3125,64.3125,0
1786442286616,3000,Minimum,4471,4471,0.3,-1,64.3125,64.3125,0
1786442286716,3000,Minimum,4471,4471,0.3,-1,64.3125,64.3125,0
1786442286816,3000,Minimum,4471,4471,0.3,-1,64.3125,64.3125,0
1786442286916,3000,Minimum,4471,4471,0.3,-1,64.3125,64.3125,0
1786442287016,3000,Minimum,4471,4471,0.3,-1,64.3125,64.3125,0
1786442287116,3000,Minimum,4471,4471,0.3,-1,64.3125,64.3125,0
1786442287216,3000,Minimum,4471,4471,0.3,-1,64.3125,64.3125,0
1786442287316,3000,Minimum,4471,4471,0.3,-1,64.375,64.375,0
1786442287416,3000,Minimum,4471,4471,0.3,-1,64.375,64.375,0
1786442287516,3000,Minimum,4471,4471,0.3,-1,64.375,64.375,0
1786442287616,3000,Minimum,4471,4471,0.3,-1,64.375,64.375,0
1786442287716,3000,Minimum,4471,4471,0.3,-1,64.375,64.375,0
1786442287816,3000,Minimum,4471,4471,0.3,-1,64.375,64.375,0
1786442287916,3000,Minimum,4471,4471,0.3,-1,64.375,64.375,0
1786442288016,3000,Minimum,4471,4471,0.3,-1,64.375,64.375,0
1786442288116,3000,Minimum,4471,4471,0.3,-1,64.375,64.375,0
1786442288216,3000,Minimum,4471,4471,0.3,-1,64.375,64.375,0
1786442288316,3000,Minimum,4471,4471,0.3,-1,64.3125,64.3125,0
1786442288416,3000,Minimum,4471,4471,0.3,-1,64.3125,64.3125,0
1786442288516,3000,Minimum,4471,4471,0.3,-1,64.3125,64.3125,0
1786442288616,3000,Minimum,4471,4471,0.3,-1,64.3125,64.3125,0
1786442288716,3000,Minimum,4471,4471,0.3,-1,64.3125,64.3125,0
1786442288816,3000,Minimum,4471,4471,0.3,-1,64.3125,64.3125,0
1786442288916,3000,Minimum,4471,4471,0.3,-1,64.3125,64.3125,0
1786442289016,3000,Minimum,4471,4471,0.3,-1,64.3125,64.3125,0
1786442289116,3000,Minimum,4471,4471,0.3,-1,64.3125,64.3125,0
1786442289216,3000,Minimum,4471,4471,0.3,-1,64.3125,64.3125,0
1786442289316,3000,Minimum,4471,4471,0.3,-1,64.25,64.25,0
1786442289416,3000,Minimum,4471,4471,0.3,-1,64.25,64.25,0
1786442289516,3000,Minimum,4471,4471,0.3,-1,64.25,64.25,0
1786442289616,3000,Minimum,4471,4471,0.3,-1,64.25,64.25,0
1786442289716,3000,Minimum,4471,4471,0.3,-1,64.25,64.25,0
1786442289816,3000,Minimum,4471,4471,0.3,-1,64.25,64.25,0
1786442289916,3000,Minimum,4471,4471,0.3,-1,64.25,64.25,0
1786442290016,3000,Minimum,4471,4471,0.3,-1,64.25,64.25,0
1786442290116,3000,Minimum,4471,4471,0.3,-1,64.25,64.25,0
1786442290216,3000,Minimum,4471,4471,0.3,-1,64.25,64.25,0
1786442290316,3000,Minimum,4471,4471,0.3,-1,64.375,64.375,0
1786442290416,3000,Minimum,4471,4471,0.3,-1,64.375,64.375,0
1786442290516,3000,Minimum,4471,4471,0.3,-1,64.375,64.375,0
1786442290616,3000,Minimum,4471,4471,0.3,-1,64.375,64.375,0
1786442290716,3000,Minimum,4471,4471,0.3,-1,64.375,64.375,0
1786442290816,3000,Minimum,4471,4471,0.3,-1,64.375,64.375,0
1786442290916,3000,Minimum,4471,4471,0.3,-1,64.375,64.375,0
1786442291016,3000,Minimum,4471,4471,0.3,-1,64.375,64.375,0
1786442291116,3000,Minimum,4471,4471,0.3,-1,64.375,64.375,0
1786442291216,3000,Minimum,4471,4471,0.3,-1,64.375,64.375,0
1786442291316,3000,Minimum,4471,4471,0.3,-1,64.3125,64.3125,0
1786442291416,3000,Minimum,4471,4471,0.3,-1,64.3125,64.3125,0
1786442291516,3000,Minimum,4471,4471,0.3,-1,64.3125,64.3125,0
1786442291616,3000,Minimum,4471,4471,0.3,-1,64.3125,64.3125,0
1786442291716,3000,Minimum,4471,4471,0.3,-1,64.3125,64.3125,0
1786442291816,3000,Minimum,4471,4471,0.3,-1,64.3125,64.3125,0
1786442291916,3000,Minimum,4471,4471,0.3,-1,64.3125,64.3125,0
1786442292016,3000,Minimum,4471,4471,0.3,-1,64.3125,64.3125,0
1786442292116,3000,Minimum,4471,4471,0.3,-1,64.3125,64.3125,0
1786442292216,3000,Minimum,4471,4471,0.3,-1,64.3125,64.3125,0
1786442292316,3000,Minimum,4471,4471,0.3,-1,64.4375,64.4375,0
1786442292416,3000,Minimum,4471,4471,0.3,-1,64.4375,64.4375,0
1786442292516,3000,Minimum,4471,4471,0.3,-1,64.4375,64.4375,0
1786442292616,3000,Minimum,4471,4471,0.3,-1,64.4375,64.4375,0
1786442292716,3000,Minimum,4471,4471,0.3,-1,64.4375,64.4375,0
1786442292816,3000,Minimum,4471,4471,0.3,-1,64.4375,64.4375,0
1786442292916,3000,Minimum,4471,4471,0.3,-1,64.4375,64.4375,0
1786442293016,3000,Minimum,4471,4471,0.3,-1,64.4375,64.4375,0
1786442293116,3000,Minimum,4471,4471,0.3,-1,64.4375,64.4375,0
1786442293216,3000,Minimum,4471,4471,0.3,-1,64.4375,64.4375,0
1786442293316,3000,Minimum,4471,4471,0.3,-1,64.375,64.375,0
1786442293416,3000,Minimum,4471,4471,0.3,-1,64.375,64.375,0
1786442293516,3000,Minimum,4471,4471,0.3,-1,64.375,64.375,0
1786442293616,3000,Minimum,4471,4471,0.3,-1,64.375,64.375,0
1786442293716,3000,Minimum,4471,4471,0.3,-1,64.375,64.375,0
1786442293816,3000,Minimum,4471,4471,0.3,-1,64.375,64.375,0
1786442293916,3000,Minimum,4471,4471,0.3,-1,64.375,64.375,0
1786442294016,3000,Minimum,4471,4471,0.3,-1,64.375,64.375,0
1786442294116,3000,Minimum,4471,4471,0.3,-1,64.375,64.375,0
1786442294216,3000,Minimum,4471,4471,0.3,-1,64.375,64.375,0
1786442294316,3000,Minimum,4471,4471,0.3,-1,64.375,64.375,0
1786442294416,3000,Minimum,4471,4471,0.3,-1,64.375,64.375,0
1786442294516,3000,Minimum,4471,4471,0.3,-1,64.375,64.375,0
1786442294616,3000,Minimum,4471,4471,0.3,-1,64.375,64.375,0
1786442294716,3000,Minimum,4471,4471,0.3,-1,64.375,64.375,0
1786442294816,3000,Minimum,4471,4471,0.3,-1,64.375,64.375,0
1786442294916,3000,Minimum,4471,4471,0.3,-1,64.375,64.375,0
1786442295016,3000,Minimum,4471,4471,0.3,-1,64.375,64.375,0
1786442295116,3000,Minimum,4471,4471,0.3,-1,64.375,64.375,0
1786442295216,3000,Minimum,4471,4471,0.3,-1,64.375,64.375,0
1786442295316,3000,Minimum,4471,4471,0.3,-1,64.25,64.25,0
1786442295416,3000,Minimum,4471,4471,0.3,-1,64.25,64.25,0
1786442295516,3000,Minimum,4471,4471,0.3,-1,64.25,64.25,0
1786442295616,3000,Minimum,4471,4471,0.3,-1,64.25,64.25,0
1786442295716,3000,Minimum,4471,4471,0.3,-1,64.25,64.25,0
1786442295816,3000,Minimum,4471,4471,0.3,-1,64.25,64.25,0
1786442295916,3000,Minimum,4471,4471,0.3,-1,64.25,64.25,0
1786442296016,3000,Minimum,4471,4471,0.3,-1,64.25,64.25,0
1786442296116,3000,Minimum,4471,4471,0.3,-1,64.25,64.25,0
1786442296216,3000,Minimum,4471,4471,0.3,-1,64.25,64.25,0
1786442296316,3000,Minimum,4471,4471,0.3,-1,64.4375,64.4375,0
1786442296416,3000,Minimum,4471,4471,0.3,-1,64.4375,64.4375,0
1786442296516,3000,Minimum,4471,4471,0.3,-1,64.4375,64.4375,0
1786442296616,3000,Minimum,4471,4471,0.3,-1,64.4375,64.4375,0
1786442296716,3000,Minimum,4471,4471,0.3,-1,64.4375,64.4375,0
1786442296816,3000,Minimum,4471,4471,0.3,-1,64.4375,64.4375,0
1786442296916,3000,Minimum,4471,4471,0.3,-1,64.4375,64.4375,0
1786442297016,3000,Minimum,4471,4471,0.3,-1,64.4375,64.4375,0
1786442297116,3000,Minimum,4471,4471,0.3,-1,64.4375,64.4375,0
1786442297216,3000,Minimum,4471,4471,0.3,-1,64.4375,64.4375,0
1786442297316,3000,Minimum,4471,4471,0.3,-1,64.375,64.375,0
1786442297416,3000,Minimum,4471,4471,0.3,-1,64.375,64.375,0
1786442297516,3000,Minimum,4471,4471,0.3,-1,64.375,64.375,0
1786442297616,3000,Minimum,4471,4471,0.3,-1,64.375,64.375,0
1786442297716,3000,Minimum,4471,4471,0.3,-1,64.375,64.375,0
1786442297816,3000,Minimum,4471,4471,0.3,-1,64.375,64.375,0
1786442297916,3000,Minimum,4471,4471,0.3,-1,64.375,64.375,0
1786442298016,3000,Minimum,4471,4471,0.3,-1,64.375,64.375,0
1786442298116,3000,Minimum,4471,4471,0.3,-1,64.375,64.375,0
1786442298216,3000,Minimum,4471,4471,0.3,-1,64.375,64.375,0
1786442298316,3000,Minimum,4471,4471,0.3,-1,64.375,64.375,0
1786442298416,3000,Minimum,4471,4471,0.3,-1,64.375,64.375,0
1786442298516,3000,Minimum,4471,4471,0.3,-1,64.375,64.375,0
1786442298616,3000,Minimum,4471,4471,0.3,-1,64.375,64.375,0
1786442298716,3000,Minimum,4471,4471,0.3,-1,64.375,64.375,0
1786442298816,3000,Minimum,4471,4471,0.3,-1,64.375,64.375,0
1786442298916,3000,Minimum,4471,4471,0.3,-1,64.375,64.375,0
1786442299016,3000,Minimum,4471,4471,0.3,-1,64.375,64.375,0
1786442299116,3000,Minimum,4471,4471,0.3,-1,64.375,64.375,0
1786442299216,3000,Minimum,4471,4471,0.3,-1,64.375,64.375,0
1786442299316,3000,Minimum,4471,4471,0.3,-1,64.3125,64.3125,0
1786442299416,3000,Minimum,4471,4471,0.3,-1,64.3125,64.3125,0
1786442299516,3000,Minimum,4471,4471,0.3,-1,64.3125,64.3125,0
1786442299616,3000,Minimum,4471,4471,0.3,-1,64.3125,64.3125,0
1786442299716,3000,Minimum,4471,4471,0.3,-1,64.3125,64.3125,0
1786442299816,3000,Minimum,4471,4471,0.3,-1,64.3125,64.3125,0
1786442299916,3000,Minimum,4471,4471,0.3,-1,64.3125,64.3125,0
1786442300016,3000,Minimum,4471,4471,0.3,-1,64.3125,64.3125,0
1786442300116,3000,Minimum,4471,4471,0.3,-1,64.3125,64.3125,0
1786442300216,3000,Minimum,4471,4471,0.3,-1,64.3125,64.3125,0
1786442300316,3000,Minimum,4471,4471,0.3,-1,64.3125,64.3125,0
1786442300416,3000,Minimum,4471,4471,0.3,-1,64.3125,64.3125,0
1786442300516,3000,Minimum,4471,4471,0.3,-1,64.3125,64.3125,0
1786442300616,3000,Minimum,4471,4471,0.3,-1,64.3125,64.3125,0
1786442300716,3000,Minimum,4471,4471,0.3,-1,64.3125,64.3125,0
1786442300816,3000,Minimum,4471,4471,0.3,-1,64.3125,64.3125,0
1786442300916,3000,Minimum,4471,4471,0.3,-1,64.3125,64.3125,0
1786442301016,3000,Minimum,4471,4471,0.3,-1,64.3125,64.3125,0
1786442301118,3000,Minimum,4471,4471,0.3,-1,64.3125,64.3125,0
1786442301218,3000,Minimum,4471,4471,0.3,-1,64.3125,64.3125,0
1786442301318,3000,Minimum,4471,4471,0.3,-1,64.3125,64.3125,0
1786442301418,3000,Minimum,4471,4471,0.3,-1,64.3125,64.3125,0
1786442301518,3000,Minimum,4471,4471,0.3,-1,64.3125,64.3125,0
1786442301618,3000,Minimum,4471,4471,0.3,-1,64.3125,64.3125,0
1786442301718,3000,Minimum,4471,4471,0.3,-1,64.3125,64.3125,0
1786442301818,3000,Minimum,4471,4471,0.3,-1,64.3125,64.3125,0
1786442301918,3000,Minimum,4471,4471,0.3,-1,64.3125,64.3125,0
1786442302018,3000,Minimum,4471,4471,0.3,-1,64.3125,64.3125,0
1786442302117,3000,Minimum,4471,4471,0.3,-1,64.3125,64.3125,0
1786442302218,3000,Minimum,4471,4471,0.3,-1,64.3125,64.3125,0
1786442302317,3000,Minimum,4471,4471,0.3,-1,64.3125,64.3125,0
1786442302417,3000,Minimum,4471,4471,0.3,-1,64.3125,64.3125,0
1786442302518,3000,Minimum,4471,4471,0.3,-1,64.3125,64.3125,0
1786442302617,3000,Minimum,4471,4471,0.3,-1,64.3125,64.3125,0
1786442302718,3000,Minimum,4471,4471,0.3,-1,64.3125,64.3125,0
1786442302818,3000,Minimum,4471,4471,0.3,-1,64.3125,64.3125,0
1786442302917,3000,Minimum,4471,4471,0.3,-1,64.3125,64.3125,0
1786442303018,3000,Minimum,4471,4471,0.3,-1,64.3125,64.3125,0
1786442303117,3000,Minimum,4471,4471,0.3,-1,64.3125,64.3125,0
1786442303217,3000,Minimum,4471,4471,0.3,-1,64.3125,64.3125,0
1786442303317,3000,Minimum,4471,4471,0.3,-1,64.3125,64.3125,0
1786442303417,3000,Minimum,4471,4471,0.3,-1,64.3125,64.3125,0
1786442303518,3000,Minimum,4471,4471,0.3,-1,64.3125,64.3125,0
1786442303617,3000,Minimum,4471,4471,0.3,-1,64.3125,64.3125,0
1786442303717,3000,Minimum,4471,4471,0.3,-1,64.3125,64.3125,0
1786442303818,3000,Minimum,4471,4471,0.3,-1,64.3125,64.3125,0
1786442303917,3000,Minimum,4471,4471,0.3,-1,64.3125,64.3125,0
1786442304018,3000,Minimum,4471,4471,0.3,-1,64.3125,64.3125,0
1786442304117,3000,Minimum,4471,4471,0.3,-1,64.3125,64.3125,0
1786442304217,3000,Minimum,4471,4471,0.3,-1,64.3125,64.3125,0
1786442304317,3000,Minimum,4471,4471,0.3,-1,64.3125,64.3125,0
1786442304417,3000,Minimum,4471,4471,0.3,-1,64.3125,64.3125,0
1786442304517,3000,Minimum,4471,4471,0.3,-1,64.3125,64.3125,0
1786442304617,3000,Minimum,4471,4471,0.3,-1,64.3125,64.3125,0
1786442304717,3000,Minimum,4471,4471,0.3,-1,64.3125,64.3125,0
1786442304817,3000,Minimum,4471,4471,0.3,-1,64.3125,64.3125,0
1786442304917,3000,Minimum,4471,4471,0.3,-1,64.3125,64.3125,0
1786442305017,3000,Minimum,4471,4471,0.3,-1,64.3125,64.3125,0
1786442305117,3000,Minimum,4471,4471,0.3,-1,64.3125,64.3125,0
1786442305217,3000,Minimum,4471,4471,0.3,-1,64.3125,64.3125,1
1786442305317,3000,Minimum,5173,5173,1,-1,64.3125,64.3125,1
1786442305417,3000,Minimum,5828,5828,1,-1,64.3125,64.3125,1
1786442305517,3000,Minimum,6439,6439,1,-1,64.3125,64.3125,1
1786442305617,3000,Minimum,7010,7010,1,-1,64.3125,64.3125,1
1786442305717,3000,Minimum,7543,7543,1,-1,64.3125,64.3125,1
1786442305817,3000,Minimum,8040,8040,1,-1,64.3125,64.3125,1
1786442305917,3000,Minimum,8504,8504,1,-1,64.3125,64.3125,1
1786442306017,3000,Minimum,8937,8937,1,-1,64.3125,64.3125,1
1786442306117,3000,Minimum,9341,9341,1,-1,64.3125,64.3125,1
1786442306217,3000,Minimum,9718,9718,1,-1,64.3125,64.3125,1
1786442306317,3000,Minimum,10070,10070,1,-1,64.3125,64.3125,1
1786442306417,3000,Minimum,10399,10399,1,-1,64.3125,64.3125,1
1786442306517,3000,Minimum,10706,10706,1,-1,64.3125,64.3125,1
1786442306617,3000,Minimum,10992,10992,1,-1,64.3125,64.3125,1
1786442306717,3000,Minimum,11259,11259,1,-1,64.3125,64.3125,1
1786442306817,3000,Minimum,11509,11509,1,-1,64.3125,64.3125,1
1786442306917,3000,Minimum,11741,11741,1,-1,64.3125,64.3125,1
1786442307017,3000,Minimum,11959,11959,1,-1,64.3125,64.3125,1
1786442307117,3000,Minimum,12161,12161,1,-1,64.3125,64.3125,1
1786442307217,3000,Minimum,12351,12351,1,-1,64.3125,64.3125,1
1786442307317,3000,Minimum,12527,12527,1,-1,64.3125,64.3125,1
1786442307417,3000,Minimum,12692,12692,1,-1,64.3125,64.3125,1
1786442307517,3000,Minimum,12846,12846,1,-1,64.3125,64.3125,1
1786442307617,3000,Minimum,12990,12990,1,-1,64.3125,64.3125,1
1786442307717,3000,Minimum,13124,13124,1,-1,64.3125,64.3125,1
1786442307817,3000,Minimum,13249,13249,1,-1,64.3125,64.3125,1
1786442307917,3000,Minimum,13365,13365,1,-1,64.3125,64.3125,1
1786442308017,3000,Minimum,13474,13474,1,-1,64.3125,64.3125,1
1786442308117,3000,Minimum,13576,13576,1,-1,64.3125,64.3125,1
1786442308217,3000,Minimum,13671,13671,1,-1,64.3125,64.3125,1
1786442308317,3000,Minimum,13760,13760,1,-1,64.3125,64.3125,1
1786442308417,3000,Minimum,13842,13842,1,-1,64.3125,64.3125,1
1786442308517,3000,Minimum,13920,13920,1,-1,64.3125,64.3125,1
1786442308617,3000,Minimum,13992,13992,1,-1,64.3125,64.3125,1
1786442308717,3000,Minimum,14059,14059,1,-1,64.3125,64.3125,1
1786442308817,3000,Minimum,14122,14122,1,-1,64.3125,64.3125,1
1786442308917,3000,Minimum,14180,14180,1,-1,64.3125,64.3125,1
1786442309017,3000,Minimum,14235,14235,1,-1,64.3125,64.3125,1
1786442309117,3000,Minimum,14286,14286,1,-1,64.3125,64.3125,1
1786442309217,3000,Minimum,14333,14333,1,-1,64.3125,64.3125,1
1786442309317,3000,Minimum,14378,14378,1,-1,64.3125,64.3125,1
1786442309417,3000,Minimum,14419,14419,1,-1,64.3125,64.3125,1
1786442309517,3000,Minimum,14458,14458,1,-1,64.3125,64.3125,1
1786442309617,3000,Minimum,14494,14494,1,-1,64.3125,64.3125,1
1786442309717,3000,Minimum,14528,14528,1,-1,64.3125,64.3125,1
1786442309817,3000,Minimum,14559,14559,1,-1,64.3125,64.3125,1
1786442309917,3000,Minimum,14589,14589,1,-1,64.3125,64.3125,1
1786442310017,3000,Minimum,14616,14616,1,-1,64.3125,64.3125,1
1786442310117,3000,Minimum,14642,14642,1,-1,64.3125,64.3125,1
1786442310217,3000,Minimum,14666,14666,1,-1,64.3125,64.3125,1
1786442310317,3000,Minimum,14688,14688,1,-1,64.3125,64.3125,1
1786442310417,3000,Minimum,14709,14709,1,-1,64.3125,64.3125,1
1786442310517,3000,Minimum,14728,14728,1,-1,64.3125,64.3125,1
1786442310617,3000,Minimum,14746,14746,1,-1,64.3125,64.3125,1
1786442310716,3000,Minimum,14763,14763,1,-1,64.3125,64.3125,1
1786442310817,3000,Minimum,14779,14779,1,-1,64.3125,64.3125,1
1786442310916,3000,Minimum,14794,14794,1,-1,64.3125,64.3125,1
1786442311016,3000,Minimum,14807,14807,1,-1,64.3125,64.3125,1
1786442311116,3000,Minimum,14820,14820,1,-1,64.3125,64.3125,1
1786442311217,3000,Minimum,14832,14832,1,-1,64.3125,64.3125,1
1786442311316,3000,Minimum,14843,14843,1,-1,64.3125,64.3125,1
1786442311416,3000,Minimum,14854,14854,1,-1,64.3125,64.3125,1
1786442311516,3000,Minimum,14864,14864,1,-1,64.3125,64.3125,1
1786442311616,3000,Minimum,14873,14873,1,-1,64.3125,64.3125,1
1786442311717,3000,Minimum,14881,14881,1,-1,64.3125,64.3125,1
1786442311816,3000,Minimum,14889,14889,1,-1,64.3125,64.3125,1
1786442311916,3000,Minimum,14897,14897,1,-1,64.3125,64.3125,1
1786442312017,3000,Minimum,14903,14903,1,-1,64.3125,64.3125,1
1786442312117,3000,Minimum,14910,14910,1,-1,64.3125,64.3125,1
1786442312216,3000,Minimum,14916,14916,1,-1,64.3125,64.3125,1
1786442312316,3000,Minimum,14921,14921,1,-1,64.3125,64.3125,1
1786442312416,3000,Minimum,14927,14927,1,-1,64.3125,64.3125,1
1786442312516,3000,Minimum,14932,14932,1,-1,64.3125,64.3125,1
1786442312617,3000,Minimum,14936,14936,1,-1,64.3125,64.3125,1
1786442312716,3000,Minimum,14940,14940,1,-1,64.3125,64.3125,1
1786442312817,3000,Minimum,14944,14944,1,-1,64.3125,64.3125,1
1786442312917,3000,Minimum,14948,14948,1,-1,64.3125,64.3125,1
1786442313017,3000,Minimum,14952,14952,1,-1,64.3125,64.3125,1
1786442313116,3000,Minimum,14955,14955,1,-1,64.3125,64.3125,1
1786442313217,3000,Minimum,14958,14958,1,-1,64.3125,64.3125,1
1786442313316,3000,Minimum,14961,14961,1,-1,64.3125,64.3125,1
1786442313416,3000,Minimum,14963,14963,1,-1,64.3125,64.3125,1
1786442313516,3000,Minimum,14966,14966,1,-1,64.3125,64.3125,1
1786442313616,3000,Minimum,14968,14968,1,-1,64.3125,64.3125,1
1786442313716,3000,Minimum,14970,14970,1,-1,64.3125,64.3125,1
1786442313816,3000,Minimum,14972,14972,1,-1,64.3125,64.3125,1
1786442313916,3000,Minimum,14974,14974,1,-1,64.3125,64.3125,1
1786442314017,3000,Minimum,14976,14976,1,-1,64.3125,64.3125,1
1786442314116,3000,Minimum,14977,14977,1,-1,64.3125,64.3125,1
1786442314216,3000,Minimum,14979,14979,1,-1,64.3125,64.3125,1
1786442314316,3000,Minimum,14980,14980,1,-1,64.3125,64.3125,1
1786442314416,3000,Minimum,14982,14982,1,-1,64.3125,64.3125,1
1786442314516,3000,Minimum,14983,14983,1,-1,64.3125,64.3125,1
1786442314616,3000,Minimum,14984,14984,1,-1,64.3125,64.3125,1
1786442314716,3000,Minimum,14985,14985,1,-1,64.3125,64.3125,1
1786442314816,3000,Minimum,14986,14986,1,-1,64.3125,64.3125,1
1786442314916,3000,Minimum,14987,14987,1,-1,64.3125,64.3125,1
1786442315016,3000,Minimum,14988,14988,1,-1,64.3125,64.3125,1
1786442315116,3000,Minimum,14989,14989,1,-1,64.3125,64.3125,1
1786442315216,3000,Minimum,14989,14989,1,-1,64.3125,64.3125,1
1786442315316,3000,Minimum,14990,14990,1,-1,64.3125,64.3125,1
1786442315416,3000,Minimum,14991,14991,1,-1,64.3125,64.3125,1
1786442315516,3000,Minimum,14991,14991,1,-1,64.3125,64.3125,1
1786442315616,3000,Minimum,14992,14992,1,-1,64.3125,64.3125,1
1786442315716,3000,Minimum,14992,14992,1,-1,64.3125,64.3125,1
1786442315816,3000,Minimum,14993,14993,1,-1,64.3125,64.3125,1
1786442315916,3000,Minimum,14993,14993,1,-1,64.3125,64.3125,1
1786442316016,3000,Minimum,14994,14994,1,-1,64.3125,64.3125,1
1786442316116,3000,Minimum,14994,14994,1,-1,64.3125,64.3125,1
1786442316216,3000,Minimum,14995,14995,1,-1,64.3125,64.3125,1
1786442316316,3000,Minimum,14995,14995,1,-1,64.3125,64.3125,1
1786442316416,3000,Minimum,14995,14995,1,-1,64.3125,64.3125,1
1786442316516,3000,Minimum,14996,14996,1,-1,64.3125,64.3125,1
1786442316616,3000,Minimum,14996,14996,1,-1,64.3125,64.3125,1
1786442316716,3000,Minimum,14996,14996,1,-1,64.3125,64.3125,1
1786442316816,3000,Minimum,14996,14996,1,-1,64.3125,64.3125,1
1786442316916,3000,Minimum,14997,14997,1,-1,64.3125,64.3125,1
1786442317017,3000,Minimum,14997,14997,1,-1,64.3125,64.3125,1
1786442317116,3000,Minimum,14997,14997,1,-1,64.3125,64.3125,1
1786442317216,3000,Minimum,14997,14997,1,-1,64.3125,64.3125,1
1786442317316,3000,Minimum,14998,14998,1,-1,64.3125,64.3125,1
1786442317416,3000,Minimum,14998,14998,1,-1,64.3125,64.3125,1
1786442317516,3000,Minimum,14998,14998,1,-1,64.3125,64.3125,1
1786442317616,3000,Minimum,14998,14998,1,-1,64.3125,64.3125,1
1786442317716,3000,Minimum,14998,14998,1,-1,64.3125,64.3125,1
1786442317816,3000,Minimum,14998,14998,1,-1,64.3125,64.3125,1
1786442317916,3000,Minimum,14998,14998,1,-1,64.3125,64.3125,1
1786442318016,3000,Minimum,14998,14998,1,-1,64.3125,64.3125,1
1786442318116,3000,Minimum,14999,14999,1,-1,64.3125,64.3125,1
1786442318216,3000,Minimum,14999,14999,1,-1,64.3125,64.3125,1
1786442318316,3000,Minimum,14999,14999,1,-1,64.3125,64.3125,1
1786442318416,3000,Minimum,14999,14999,1,-1,64.3125,64.3125,1
1786442318516,3000,Minimum,14999,14999,1,-1,64.3125,64.3125,1
1786442318616,3000,Minimum,14999,14999,1,-1,64.3125,64.3125,1
1786442318716,3000,Minimum,14999,14999,1,-1,64.3125,64.3125,1
1786442318816,3000,Minimum,14999,14999,1,-1,64.3125,64.3125,1
1786442318916,3000,Minimum,14999,14999,1,-1,64.3125,64.3125,1
1786442319016,3000,Minimum,14999,14999,1,-1,64.3125,64.3125,1
1786442319116,3000,Minimum,14999,14999,1,-1,64.3125,64.3125,1
1786442319216,3000,Minimum,14999,14999,1,-1,64.3125,64.3125,1
1786442319316,3000,Minimum,14999,14999,1,-1,64.3125,64.3125,1
1786442319416,3000,Minimum,14999,14999,1,-1,64.3125,64.3125,1
1786442319516,3000,Minimum,14999,14999,1,-1,64.3125,64.3125,1
1786442319616,3000,Minimum,14999,14999,1,-1,64.3125,64.3125,1
1786442319716,3000,Minimum,15000,15000,1,-1,64.3125,64.3125,1
1786442319816,3000,Minimum,15000,15000,1,-1,64.3125,64.3125,1
1786442319916,3000,Minimum,15000,15000,1,-1,64.3125,64.3125,1
1786442320016,3000,Minimum,15000,15000,1,-1,64.3125,64.3125,1
1786442320116,3000,Minimum,15000,15000,1,-1,64.3125,64.3125,1
1786442320216,3000,Minimum,15000,15000,1,-1,64.3125,64.3125,1
1786442320316,3000,Minimum,15000,15000,1,-1,64.3125,64.3125,1
1786442320416,3000,Minimum,15000,15000,1,-1,64.3125,64.3125,1
1786442320516,3000,Minimum,15000,15000,1,-1,64.3125,64.3125,1
1786442320616,3000,Minimum,15000,15000,1,-1,64.3125,64.3125,1
1786442320716,3000,Minimum,15000,15000,1,-1,64.3125,64.3125,1
1786442320816,3000,Minimum,15000,15000,1,-1,64.3125,64.3125,1
1786442320916,3000,Minimum,15000,15000,1,-1,64.3125,64.3125,1
1786442321016,3000,Minimum,15000,15000,1,-1,64.3125,64.3125,1
1786442321116,3000,Minimum,15000,15000,1,-1,64.3125,64.3125,1
1786442321216,3000,Minimum,15000,15000,1,-1,64.3125,64.3125,1
1786442321316,3000,Minimum,15000,15000,1,-1,64.3125,64.3125,1
1786442321416,3000,Minimum,15000,15000,1,-1,64.3125,64.3125,1
1786442321516,3000,Minimum,15000,15000,1,-1,64.3125,64.3125,1
1786442321616,3000,Minimum,15000,15000,1,-1,64.3125,64.3125,1
1786442321716,3000,Minimum,15000,15000,1,-1,64.3125,64.3125,1
1786442321816,3000,Minimum,15000,15000,1,-1,64.3125,64.3125,1
1786442321916,3000,Minimum,15000,15000,1,-1,64.3125,64.3125,1
1786442322016,3000,Minimum,15000,15000,1,-1,64.3125,64.3125,1
1786442322116,3000,Minimum,15000,15000,1,-1,64.3125,64.3125,1
1786442322216,3000,Minimum,15000,15000,1,-1,64.3125,64.3125,1
1786442322316,3000,Minimum,15000,15000,1,-1,64.3125,64.3125,1
1786442322416,3000,Minimum,15000,15000,1,-1,64.3125,64.3125,1
1786442322516,3000,Minimum,15000,15000,1,-1,64.3125,64.3125,1
1786442322616,3000,Minimum,15000,15000,1,-1,64.3125,64.3125,1
1786442322716,3000,Minimum,15000,15000,1,-1,64.3125,64.3125,1
1786442322816,3000,Minimum,15000,15000,1,-1,64.3125,64.3125,1
1786442322916,3000,Minimum,15000,15000,1,-1,64.3125,64.3125,1
1786442323016,3000,Minimum,15000,15000,1,-1,64.3125,64.3125,1
1786442323116,3000,Minimum,15000,15000,1,-1,64.3125,64.3125,1
1786442323216,3000,Minimum,15000,15000,1,-1,64.3125,64.3125,1
1786442323316,3000,Minimum,15000,15000,1,-1,64.3125,64.3125,1
1786442323416,3000,Minimum,15000,15000,1,-1,64.3125,64.3125,1
1786442323516,3000,Minimum,15000,15000,1,-1,64.3125,64.3125,1
1786442323616,3000,Minimum,15000,15000,1,-1,64.3125,64.3125,1
1786442323716,3000,Minimum,15000,15000,1,-1,64.3125,64.3125,1
1786442323816,3000,Minimum,15000,15000,1,-1,64.3125,64.3125,1
1786442323916,3000,Minimum,15000,15000,1,-1,64.3125,64.3125,1
1786442324016,3000,Minimum,15000,15000,1,-1,64.3125,64.3125,1
1786442324117,3000,Minimum,15000,15000,1,-1,64.3125,64.3125,1
1786442324216,3000,Minimum,15000,15000,1,-1,64.3125,64.3125,1
1786442324316,3000,Minimum,15000,15000,1,-1,64.3125,64.3125,1
1786442324416,3000,Minimum,15000,15000,1,-1,64.3125,64.3125,1
1786442324516,3000,Minimum,15000,15000,1,-1,64.3125,64.3125,1
1786442324616,3000,Minimum,15000,15000,1,-1,64.3125,64.3125,1
1786442324716,3000,Minimum,15000,15000,1,-1,64.3125,64.3125,1
1786442324816,3000,Minimum,15000,15000,1,-1,64.3125,64.3125,1
1786442324916,3000,Minimum,15000,15000,1,-1,64.3125,64.3125,1
1786442325016,3000,Minimum,15000,15000,1,-1,64.3125,64.3125,1
1786442325116,3000,Minimum,15000,15000,1,-1,64.3125,64.3125,1
1786442325216,3000,Minimum,15000,15000,1,-1,64.3125,64.3125,1
1786442325316,3000,Minimum,15000,15000,1,-1,64.3125,64.3125,1
1786442325416,3000,Minimum,15000,15000,1,-1,64.3125,64.3125,1
1786442325516,3000,Minimum,15000,15000,1,-1,64.3125,64.3125,1
1786442325616,3000,Minimum,15000,15000,1,-1,64.3125,64.3125,1
1786442325716,3000,Minimum,15000,15000,1,-1,64.3125,64.3125,1
1786442325816,3000,Minimum,15000,15000,1,-1,64.3125,64.3125,1
1786442325916,3000,Minimum,15000,15000,1,-1,64.3125,64.3125,1
1786442326016,3000,Minimum,15000,15000,1,-1,64.3125,64.3125,1
1786442326116,3000,Minimum,15000,15000,1,-1,64.3125,64.3125,1
1786442326216,3000,Minimum,15000,15000,1,-1,64.3125,64.3125,1
1786442326316,3000,Minimum,15000,15000,1,-1,64.3125,64.3125,1
1786442326416,3000,Minimum,15000,15000,1,-1,64.3125,64.3125,1
1786442326516,3000,Minimum,15000,15000,1,-1,64.3125,64.3125,1
1786442326616,3000,Minimum,15000,15000,1,-1,64.3125,64.3125,1
1786442326716,3000,Minimum,15000,15000,1,-1,64.3125,64.3125,1
1786442326816,3000,Minimum,15000,15000,1,-1,64.3125,64.3125,1
1786442326916,3000,Minimum,15000,15000,1,-1,64.3125,64.3125,1
1786442327016,3000,Minimum,15000,15000,1,-1,64.3125,64.3125,1
1786442327116,3000,Minimum,15000,15000,1,-1,64.3125,64.3125,1
1786442327216,3000,Minimum,15000,15000,1,-1,64.3125,64.3125,1
1786442327316,3000,Minimum,15000,15000,1,-1,64.3125,64.3125,1
1786442327416,3000,Minimum,15000,15000,1,-1,64.3125,64.3125,1
1786442327516,3000,Minimum,15000,15000,1,-1,64.3125,64.3125,1
1786442327616,3000,Minimum,15000,15000,1,-1,64.3125,64.3125,1
1786442327716,3000,Minimum,15000,15000,1,-1,64.3125,64.3125,1
1786442327816,3000,Minimum,15000,15000,1,-1,64.3125,64.3125,1
1786442327916,3000,Minimum,15000,15000,1,-1,64.3125,64.3125,1
1786442328016,3000,Minimum,15000,15000,1,-1,64.3125,64.3125,1
1786442328116,3000,Minimum,15000,15000,1,-1,64.3125,64.3125,1
1786442328216,3000,Minimum,15000,15000,1,-1,64.3125,64.3125,1
1786442328316,3000,Minimum,15000,15000,1,-1,64.3125,64.3125,1
1786442328416,3000,Minimum,15000,15000,1,-1,64.3125,64.3125,1
1786442328516,3000,Minimum,15000,15000,1,-1,64.3125,64.3125,1
1786442328616,3000,Minimum,15000,15000,1,-1,64.3125,64.3125,1
1786442328716,3000,Minimum,15000,15000,1,-1,64.3125,64.3125,1
1786442328816,3000,Minimum,15000,15000,1,-1,64.3125,64.3125,1
1786442328916,3000,Minimum,15000,15000,1,-1,64.3125,64.3125,1
1786442329016,3000,Minimum,15000,15000,1,-1,64.3125,64.3125,1
1786442329116,3000,Minimum,15000,15000,1,-1,64.3125,64.3125,1
1786442329216,3000,Minimum,15000,15000,1,-1,64.3125,64.3125,1
1786442329316,3000,Minimum,15000,15000,1,-1,64.3125,64.3125,1
1786442329416,3000,Minimum,15000,15000,1,-1,64.3125,64.3125,1
1786442329516,3000,Minimum,15000,15000,1,-1,64.3125,64.3125,1
1786442329616,3000,Minimum,15000,15000,1,-1,64.3125,64.3125,1
1786442329716,3000,Minimum,15000,15000,1,-1,64.3125,64.3125,1
1786442329816,3000,Minimum,15000,15000,1,-1,64.3125,64.3125,1
1786442329916,3000,Minimum,15000,15000,1,-1,64.3125,64.3125,1
1786442330016,3000,Minimum,15000,15000,1,-1,64.3125,64.3125,1
1786442330116,3000,Minimum,15000,15000,1,-1,64.3125,64.3125,1
