1786481682.301147	,3000,3000,0.3,-1,54.938,54.938,0
1786481682.301164	1786481660505,3000,Minimum,3000,3000,0.3,-1,54.938,54.938,0
1786481682.301166	1786481660604,3000,Minimum,3000,3000,0.3,-1,54.938,54.938,0
1786481682.301168	1786481660705,3000,Minimum,3000,3000,0.3,-1,54.938,54.938,0
1786481682.301169	1786481660804,3000,Minimum,3000,3000,0.3,-1,54.938,54.938,0
1786481682.301170	1786481660904,3000,Minimum,3000,3000,0.3,-1,54.938,54.938,0
1786481682.301171	1786481661004,3000,Minimum,3000,3000,0.3,-1,54.938,54.938,0
1786481682.301172	1786481661104,3000,Minimum,3000,3000,0.3,-1,54.938,54.938,0
1786481682.301173	1786481661204,3000,Minimum,3000,3000,0.3,-1,54.938,54.938,0
1786481682.301175	1786481661304,3000,Minimum,3000,3000,0.3,-1,54.938,54.938,0
1786481682.301176	1786481661404,3000,Minimum,3000,3000,0.3,-1,54.938,54.938,0
1786481682.301176	1786481661504,3000,Minimum,3000,3000,0.3,-1,54.938,54.938,0
1786481682.301177	1786481661606,3000,Minimum,3000,3000,0.3,-1,54.938,54.938,0
1786481682.301178	1786481661704,3000,Minimum,3000,3000,0.3,-1,54.938,54.938,0
1786481682.301180	1786481661810,3000,Minimum,3000,3000,0.3,-1,54.938,54.938,0
1786481682.301181	1786481661904,3000,Minimum,3000,3000,0.3,-1,54.938,54.938,0
1786481682.301182	1786481662617,3000,Minimum,3000,3000,0.3,-1,54.938,54.938,0
1786481682.301183	1786481662619,3000,Minimum,3000,3000,0.3,-1,54.938,54.938,0
1786481682.301185	1786481662620,3000,Minimum,3000,3000,0.3,-1,54.938,54.938,0
1786481682.301186	1786481662622,3000,Minimum,3000,3000,0.3,-1,54.938,54.938,0
1786481682.301187	1786481662624,3000,Minimum,3000,3000,0.3,-1,54.938,54.938,0
1786481682.301188	1786481662625,3000,Minimum,3000,3000,0.3,-1,54.938,54.938,0
1786481682.301190	1786481662661,3000,Minimum,3000,3000,0.3,-1,54.938,54.938,0
1786481682.301191	1786481662704,3000,Minimum,3000,3000,0.3,-1,54.938,54.938,0
1786481682.301192	1786481662804,3000,Minimum,3000,3000,0.3,-1,54.938,54.938,0
1786481682.301193	1786481662905,3000,Minimum,3000,3000,0.3,-1,54.938,54.938,0
1786481682.301194	1786481663004,3000,Minimum,3000,3000,0.3,-1,54.938,54.938,0
1786481682.301196	1786481663104,3000,Minimum,3000,3000,0.3,-1,54.938,54.938,0
1786481682.301197	1786481663206,3000,Minimum,3000,3000,0.3,-1,54.938,54.938,0
1786481682.301198	1786481663305,3000,Minimum,3000,3000,0.3,-1,54.938,54.938,0
1786481682.301200	1786481663404,3000,Minimum,3000,3000,0.3,-1,54.938,54.938,0
1786481682.301201	1786481663504,3000,Minimum,3000,3000,0.3,-1,54.938,54.938,0
1786481682.301202	1786481663611,3000,Minimum,3000,3000,0.3,-1,54.938,54.938,0
1786481682.301203	1786481663705,3000,Minimum,3000,3000,0.3,-1,54.938,54.938,0
1786481682.301204	1786481663804,3000,Minimum,3000,3000,0.3,-1,54.938,54.938,0
1786481682.301205	1786481663929,3000,Minimum,3000,3000,0.3,-1,54.938,54.938,0
1786481682.301206	1786481664005,3000,Minimum,3000,3000,0.3,-1,69.938,69.938,0
1786481682.301207	1786481664111,3000,Minimum,3000,3000,0.3,-1,69.938,69.938,0
1786481682.301208	1786481664204,3000,Minimum,3000,3000,0.3,-1,69.938,69.938,0
1786481682.301209	1786481664307,3000,Minimum,3000,3000,0.3,-1,69.938,69.938,0
1786481682.301210	1786481664418,3000,Minimum,3000,3000,0.3,-1,69.938,69.938,0
1786481682.301212	1786481664505,3000,Minimum,3000,3000,0.3,-1,69.938,69.938,0
1786481682.301213	1786481664612,3000,Minimum,3000,3000,0.3,-1,69.938,69.938,0
1786481682.301218	1786481664705,3000,Minimum,3000,3000,0.3,-1,69.938,69.938,0
1786481682.301219	1786481664807,3000,Minimum,3000,3000,0.3,-1,69.938,69.938,0
1786481682.301220	1786481664921,3000,Minimum,3000,3000,0.3,-1,69.938,69.938,0
1786481682.301220	1786481665004,3000,Minimum,3000,3000,0.3,-1,69.938,69.938,0
1786481682.301221	1786481665106,3000,Minimum,3000,3000,0.3,-1,69.938,69.938,0
1786481682.301223	1786481665204,3000,Minimum,3000,3000,0.3,-1,69.938,69.938,0
1786481682.301224	1786481665309,3000,Minimum,3000,3000,0.3,-1,69.938,69.938,0
1786481682.301225	1786481665411,3000,Minimum,3000,3000,0.3,-1,69.938,69.938,0
1786481682.301226	1786481665513,3000,Minimum,3000,3000,0.3,-1,69.938,69.938,0
1786481682.301227	1786481665605,3000,Minimum,3000,3000,0.3,-1,69.938,69.938,0
1786481682.301228	1786481665711,3000,Minimum,3000,3000,0.3,-1,69.938,69.938,0
1786481682.301229	1786481665806,3000,Minimum,3000,3000,0.3,-1,69.938,69.938,0
1786481682.301230	1786481665908,3000,Minimum,3000,3000,0.3,-1,69.938,69.938,0
1786481682.301231	1786481666011,3000,Minimum,3000,3000,0.3,-1,69.938,69.938,0
1786481682.301232	1786481666104,3000,Minimum,3000,3000,0.3,-1,69.938,69.938,0
1786481682.301233	1786481666204,3000,Minimum,3000,3000,0.3,-1,69.938,69.938,0
1786481682.301234	1786481666304,3000,Minimum,3000,3000,0.3,-1,69.938,69.938,0
1786481682.301234	1786481666543,3000,Minimum,3000,3000,0.3,-1,69.938,69.938,0
1786481682.301235	1786481666919,3000,Minimum,3000,3000,0.3,-1,69.938,69.938,0
1786481682.301236	1786481666961,3000,Minimum,3000,3000,0.3,-1,69.938,69.938,0
1786481682.301237	1786481667037,3000,Minimum,3000,3000,0.3,-1,69.938,69.938,0
1786481682.301238	1786481667068,3000,Minimum,3000,3000,0.3,-1,69.938,69.938,0
1786481682.301239	1786481667110,3000,Minimum,3000,3000,0.3,-1,69.938,69.938,0
1786481682.301241	1786481667140,3000,Minimum,3000,3000,0.3,-1,69.938,69.938,0
1786481682.308949	1786481667171,3000,Minimum,3000,3000,0.3,-1,69.938,69.938,0
1786481682.308960	1786481667211,3000,Minimum,3000,3000,0.3,-1,69.938,69.938,0
1786481682.308961	1786481667305,3000,Minimum,3000,3000,0.3,-1,69.938,69.938,0
1786481682.308961	1786481667404,3000,Minimum,3000,3000,0.3,-1,69.938,69.938,0
1786481682.308962	1786481667504,3000,Minimum,3000,3000,0.3,-1,69.938,69.938,0
1786481682.308963	1786481667604,3000,Minimum,3000,3000,0.3,-1,69.938,69.938,0
1786481682.308963	1786481667705,3000,Minimum,3000,3000,0.3,-1,69.938,69.938,0
1786481682.308964	1786481667804,3000,Minimum,3000,3000,0.3,-1,69.938,69.938,0
1786481682.308964	1786481667904,3000,Minimum,3000,3000,0.3,-1,69.938,69.938,0
1786481682.308965	1786481668004,3000,Minimum,3000,3000,0.3,-1,69.938,69.938,0
1786481682.308966	1786481668104,3000,Minimum,3000,3000,0.3,-1,69.938,69.938,0
1786481682.308966	1786481668209,3000,Minimum,3000,3000,0.3,-1,69.938,69.938,0
1786481682.308973	1786481668305,3000,Minimum,3000,3000,0.3,-1,69.938,69.938,0
1786481682.308974	1786481668404,3000,Minimum,3000,3000,0.3,-1,69.938,69.938,0
1786481682.308974	1786481668504,3000,Minimum,3000,3000,0.3,-1,69.938,69.938,0
1786481682.308975	1786481668609,3000,Minimum,3000,3000,0.3,-1,69.938,69.938,0
1786481682.308975	1786481668704,3000,Minimum,3000,3000,0.3,-1,69.938,69.938,0
1786481682.308976	1786481668811,3000,Minimum,3000,3000,0.3,-1,69.938,69.938,0
1786481682.308977	1786481668904,3000,Minimum,3000,3000,0.3,-1,69.938,69.938,0
1786481682.308977	1786481669004,3000,Minimum,3000,3000,0.3,-1,69.938,69.938,0
1786481682.308978	1786481669105,3000,Minimum,3000,3000,0.3,-1,69.938,69.938,0
1786481682.308978	1786481669204,3000,Minimum,3000,3000,0.3,-1,69.938,69.938,0
1786481682.308979	1786481669304,3000,Minimum,3000,3000,0.3,-1,69.938,69.938,0
1786481682.308979	1786481669404,3000,Minimum,3000,3000,0.3,-1,69.938,69.938,0
1786481682.308980	1786481669504,3000,Minimum,3000,3000,0.3,-1,69.938,69.938,0
1786481682.308980	1786481669604,3000,Minimum,3000,3000,0.3,-1,69.938,69.938,0
1786481682.308981	1786481669706,3000,Minimum,3000,3000,0.3,-1,69.938,69.938,0
1786481682.308982	1786481669805,3000,Minimum,3000,3000,0.3,-1,69.938,69.938,0
1786481682.308982	1786481669911,3000,Minimum,3000,3000,0.3,-1,69.938,69.938,0
1786481682.308983	1786481670004,3000,Minimum,3000,3000,0.3,-1,69.938,69.938,0
1786481682.308984	1786481670104,3000,Minimum,3000,3000,0.3,-1,69.938,69.938,0
1786481682.308984	1786481670205,3000,Minimum,3000,3000,0.3,-1,69.938,69.938,0
1786481682.308985	1786481670305,3000,Minimum,3000,3000,0.3,-1,69.938,69.938,0
1786481682.308985	1786481670404,3000,Minimum,3000,3000,0.3,-1,69.938,69.938,0
1786481682.308986	1786481670504,3000,Minimum,3000,3000,0.3,-1,69.938,69.938,0
1786481682.308986	1786481670604,3000,Minimum,3000,3000,0.3,-1,69.938,69.938,0
1786481682.308987	1786481670704,3000,Minimum,3000,3000,0.3,-1,69.938,69.938,0
1786481682.308987	1786481670804,3000,Minimum,3000,3000,0.3,-1,69.938,69.938,0
1786481682.308988	1786481670904,3000,Minimum,3000,3000,0.3,-1,69.938,69.938,0
1786481682.308988	1786481671004,3000,Minimum,3000,3000,0.3,-1,69.938,69.938,0
1786481682.308989	1786481671107,3000,Minimum,3000,3000,0.3,-1,69.938,69.938,0
1786481682.308990	1786481671204,3000,Minimum,3000,3000,0.3,-1,69.938,69.938,0
1786481682.308990	1786481671304,3000,Minimum,3000,3000,0.3,-1,69.938,69.938,0
1786481682.308991	1786481671408,3000,Minimum,3000,3000,0.3,-1,69.938,69.938,0
1786481682.308991	1786481671505,3000,Minimum,3000,3000,0.3,-1,69.938,69.938,0
1786481682.308992	1786481671611,3000,Minimum,3000,3000,0.3,-1,69.938,69.938,0
1786481682.308992	1786481671704,3000,Minimum,3000,3000,0.3,-1,69.938,69.938,0
1786481682.308993	1786481671804,3000,Minimum,3000,3000,0.3,-1,69.938,69.938,0
1786481682.308995	1786481671905,3000,Minimum,3000,3000,0.3,-1,69.938,69.938,0
1786481682.308995	1786481672004,3000,Minimum,3000,3000,0.3,-1,69.938,69.938,0
1786481682.308996	1786481672104,3000,Minimum,3000,3000,0.3,-1,69.938,69.938,0
1786481682.308997	1786481672211,3000,Minimum,3000,3000,0.3,-1,69.938,69.938,0
1786481682.308997	1786481672304,3000,Minimum,3000,3000,0.3,-1,69.938,69.938,0
1786481682.308998	1786481672404,3000,Minimum,3000,3000,0.3,-1,69.938,69.938,0
1786481682.308999	1786481672504,3000,Minimum,3000,3000,0.3,-1,69.938,69.938,0
1786481682.308999	1786481672605,3000,Minimum,3000,3000,0.3,-1,69.938,69.938,0
1786481682.309000	1786481672814,3000,Minimum,3000,3000,0.3,-1,69.938,69.938,0
1786481682.309000	1786481672857,3000,Minimum,3000,3000,0.3,-1,69.938,69.938,0
1786481682.309001	1786481672904,3000,Minimum,3000,3000,0.3,-1,69.938,69.938,0
1786481682.309001	1786481673004,3000,Minimum,3000,3000,0.3,-1,69.938,69.938,0
1786481682.309002	1786481673111,3000,Minimum,3000,3000,0.3,-1,69.938,69.938,0
1786481682.309002	1786481673204,3000,Minimum,3000,3000,0.3,-1,69.938,69.938,0
1786481682.309003	1786481680878,3000,Minimum,3000,3000,0.3,-1,69.938,69.938,0
1786481682.309004	1786481680973,3000,Minimum,3000,3000,0.3,-1,69.938,69.938,0
1786481682.309004	1786481681073,3000,Minimum,3000,3000,0.3,-1,69.938,69.938,0
1786481682.309005	1786481681173,3000,Minimum,3000,3000,0.3,-1,69.938,69.938,0
1786481682.309005	1786481681273,3000,Minimum,3000,3000,0.3,-1,69.938,69.938,0
1786481682.318955	1786481681377,3000,Minimum,3000,3000,0.3,-1,69.938,69.938,0
1786481682.318967	1786481681473,3000,Minimum,3000,3000,0.3,-1,69.938,69.938,0
1786481697.875732	1786481681573,3000,Minimum,3000,3000,0.3,-1,69.938,69.938,0
1786481697.875743	1786481681673,3000,Minimum,3000,3000,0.3,-1,69.938,69.938,0
1786481697.875744	1786481681777,3000,Minimum,3000,3000,0.3,-1,69.938,69.938,0
1786481697.875745	1786481681873,3000,Minimum,3000,3000,0.3,-1,69.938,69.938,0
1786481697.875746	1786481681973,3000,Minimum,3000,3000,0.3,-1,69.938,69.938,0
1786481697.875746	1786481682073,3000,Minimum,3000,3000,0.3,-1,69.938,69.938,0
1786481697.875747	1786481682178,3000,Minimum,3000,3000,0.3,-1,69.938,69.938,0
1786481697.875748	1786481682273,3000,Minimum,3000,3000,0.3,-1,69.938,69.938,0
1786481697.875749	1786481682373,3000,Minimum,3000,3000,0.3,-1,69.938,69.938,0
1786481697.875749	1786481682473,3000,Minimum,3000,3000,0.3,-1,69.938,69.938,0
1786481697.875750	1786481682573,3000,Minimum,3000,3000,0.3,-1,69.938,69.938,0
1786481697.875750	1786481682673,3000,Minimum,3000,3000,0.3,-1,69.938,69.938,0
1786481697.875762	1786481682780,3000,Minimum,3000,3000,0.3,-1,69.938,69.938,0
1786481697.875764	1786481682873,3000,Minimum,3000,3000,0.3,-1,69.938,69.938,0
1786481697.875764	1786481682973,3000,Minimum,3000,3000,0.3,-1,69.938,69.938,0
1786481697.875765	1786481683113,3000,Minimum,3000,3000,0.3,-1,69.938,69.938,0
1786481697.875766	1786481683173,3000,Minimum,3000,3000,0.3,-1,69.938,69.938,0
1786481697.875767	1786481683280,3000,Minimum,3000,3000,0.3,-1,69.938,69.938,0
1786481697.875767	1786481683373,3000,Minimum,3000,3000,0.3,-1,69.938,69.938,0
1786481697.875768	1786481683473,3000,Minimum,3000,3000,0.3,-1,69.938,69.938,0
1786481697.875769	1786481683573,5915.08,die0,3000,3000,0.394339,-1,89.938,89.938,0
1786481697.875769	1786481683673,5915.08,die0,3000,3000,0.394339,-1,89.938,89.938,0
1786481697.875770	1786481683773,5915.08,die0,3000,3000,0.394339,-1,89.938,89.938,0
1786481697.875771	1786481683873,5915.08,die0,3000,3000,0.394339,-1,89.938,89.938,0
1786481697.875771	1786481683973,5915.08,die0,3000,3000,0.394339,-1,89.938,89.938,0
1786481697.875772	1786481684075,5915.08,die0,3000,3000,0.394339,-1,89.938,89.938,0
1786481697.875773	1786481684173,5915.08,die0,3000,3000,0.394339,-1,89.938,89.938,0
1786481697.875773	1786481684273,5915.08,die0,3000,3000,0.394339,-1,89.938,89.938,0
1786481697.875774	1786481684373,5915.08,die0,3000,3000,0.394339,-1,89.938,89.938,0
1786481697.875775	1786481684479,5915.08,die0,3000,3000,0.394339,-1,89.938,89.938,0
1786481697.875776	1786481684573,6040.01,die0,3000,3000,0.402667,-1,89.938,89.938,0
1786481697.875776	1786481684673,6040.01,die0,3000,3000,0.402667,-1,89.938,89.938,0
1786481697.875777	1786481684773,6040.01,die0,3000,3000,0.402667,-1,89.938,89.938,0
1786481697.900993	1786481684877,6040.01,die0,3000,3000,0.402667,-1,89.938,89.938,0
1786481697.901007	1786481684975,6040.01,die0,3000,3000,0.402667,-1,89.938,89.938,0
1786481697.901008	1786481685073,6040.01,die0,3000,3000,0.402667,-1,89.938,89.938,0
1786481697.901009	1786481685180,6040.01,die0,3000,3000,0.402667,-1,89.938,89.938,0
1786481697.901011	1786481685273,6040.01,die0,3000,3000,0.402667,-1,89.938,89.938,0
1786481697.901012	1786481685373,6040.01,die0,3000,3000,0.402667,-1,89.938,89.938,0
1786481697.901013	1786481685478,6040.01,die0,3000,3000,0.402667,-1,89.938,89.938,0
1786481697.901015	1786481685575,6164.93,die0,3000,3000,0.410996,-1,89.938,89.938,0
1786481697.901016	1786481685681,6164.93,die0,3000,3000,0.410996,-1,89.938,89.938,0
1786481697.901017	1786481685773,6164.93,die0,3000,3000,0.410996,-1,89.938,89.938,0
1786481697.901018	1786481685873,6164.93,die0,3000,3000,0.410996,-1,89.938,89.938,0
1786481697.901020	1786481685973,6164.93,die0,3000,3000,0.410996,-1,89.938,89.938,0
1786481697.901021	1786481686073,6164.93,die0,3000,3000,0.410996,-1,89.938,89.938,0
1786481697.901022	1786481686173,6164.93,die0,3000,3000,0.410996,-1,89.938,89.938,0
1786481697.901023	1786481686273,6164.93,die0,3000,3000,0.410996,-1,89.938,89.938,0
1786481697.901023	1786481686373,6164.93,die0,3000,3000,0.410996,-1,89.938,89.938,0
1786481697.901027	1786481686473,6164.93,die0,3000,3000,0.410996,-1,89.938,89.938,0
1786481697.901028	1786481686573,6289.86,die0,3000,3000,0.419324,-1,89.938,89.938,0
1786481697.901028	1786481686673,6289.86,die0,3000,3000,0.419324,-1,89.938,89.938,0
1786481697.901029	1786481686773,6289.86,die0,3000,3000,0.419324,-1,89.938,89.938,0
1786481697.901030	1786481686873,6289.86,die0,3000,3000,0.419324,-1,89.938,89.938,0
1786481697.901030	1786481686973,6289.86,die0,3000,3000,0.419324,-1,89.938,89.938,0
1786481697.901031	1786481687073,6289.86,die0,3000,3000,0.419324,-1,89.938,89.938,0
1786481697.901032	1786481687173,6289.86,die0,3000,3000,0.419324,-1,89.938,89.938,0
1786481697.901032	1786481687280,6289.86,die0,3000,3000,0.419324,-1,89.938,89.938,0
1786481697.901033	1786481687373,6289.86,die0,3000,3000,0.419324,-1,89.938,89.938,0
1786481697.901034	1786481687473,6289.86,die0,3000,3000,0.419324,-1,89.938,89.938,0
1786481697.901034	1786481687573,6414.79,die0,3000,3000,0.427653,-1,89.938,89.938,0
1786481697.901035	1786481687673,6414.79,die0,3000,3000,0.427653,-1,89.938,89.938,0
1786481697.901036	1786481687773,6414.79,die0,3000,3000,0.427653,-1,89.938,89.938,0
1786481697.901036	1786481687873,6414.79,die0,3000,3000,0.427653,-1,89.938,89.938,0
1786481697.901037	1786481687973,6414.79,die0,3000,3000,0.427653,-1,89.938,89.938,0
1786481697.901038	1786481688073,6414.79,die0,3000,3000,0.427653,-1,89.938,89.938,0
1786481697.901039	1786481688173,6414.79,die0,3000,3000,0.427653,-1,89.938,89.938,0
1786481697.901040	1786481688273,6414.79,die0,3000,3000,0.427653,-1,89.938,89.938,0
1786481697.901041	1786481688373,6414.79,die0,3000,3000,0.427653,-1,89.938,89.938,0
1786481697.901042	1786481688473,6414.79,die0,3000,3000,0.427653,-1,89.938,89.938,0
1786481697.901043	1786481688573,6539.72,die0,3000,3000,0.435981,-1,89.938,89.938,0
1786481697.901044	1786481688673,6539.72,die0,3000,3000,0.435981,-1,89.938,89.938,0
1786481697.901045	1786481688773,6539.72,die0,3000,3000,0.435981,-1,89.938,89.938,0
1786481697.901046	1786481688875,6539.72,die0,3000,3000,0.435981,-1,89.938,89.938,0
1786481697.901047	1786481688973,6539.72,die0,3000,3000,0.435981,-1,89.938,89.938,0
1786481697.901048	1786481689073,6539.72,die0,3000,3000,0.435981,-1,89.938,89.938,0
1786481697.901049	1786481689173,6539.72,die0,3000,3000,0.435981,-1,89.938,89.938,0
1786481697.901051	1786481689273,6539.72,die0,3000,3000,0.435981,-1,89.938,89.938,0
1786481697.901052	1786481689373,6539.72,die0,3000,3000,0.435981,-1,89.938,89.938,0
1786481697.901053	1786481689473,6539.72,die0,3000,3000,0.435981,-1,89.938,89.938,0
1786481697.901055	1786481689573,6664.64,die0,3000,3000,0.44431,-1,89.938,89.938,0
1786481697.901056	1786481689674,6664.64,die0,3000,3000,0.44431,-1,89.938,89.938,0
1786481697.901057	1786481689773,6664.64,die0,3000,3000,0.44431,-1,89.938,89.938,0
1786481697.901058	1786481689873,6664.64,die0,3000,3000,0.44431,-1,89.938,89.938,0
1786481697.901059	1786481689973,6664.64,die0,3000,3000,0.44431,-1,89.938,89.938,0
1786481697.901062	1786481690073,6664.64,die0,3000,3000,0.44431,-1,89.938,89.938,0
1786481697.901063	1786481690175,6664.64,die0,3000,3000,0.44431,-1,89.938,89.938,0
1786481697.901064	1786481690273,6664.64,die0,3000,3000,0.44431,-1,89.938,89.938,0
1786481697.901064	1786481690378,6664.64,die0,3000,3000,0.44431,-1,89.938,89.938,0
1786481697.901065	1786481690473,6664.64,die0,3000,3000,0.44431,-1,89.938,89.938,0
1786481697.901066	1786481690573,3000,Minimum,3000,3000,0.3,-1,54.938,54.938,0
1786481697.901067	1786481690673,3000,Minimum,3000,3000,0.3,-1,54.938,54.938,0
1786481697.901067	1786481690773,3000,Minimum,3000,3000,0.3,-1,54.938,54.938,0
1786481697.901068	1786481690873,3000,Minimum,3000,3000,0.3,-1,54.938,54.938,0
1786481697.901068	1786481690973,3000,Minimum,3000,3000,0.3,-1,54.938,54.938,0
1786481697.901069	1786481691073,3000,Minimum,3000,3000,0.3,-1,54.938,54.938,0
1786481697.904760	1786481691183,3000,Minimum,3000,3000,0.3,-1,54.938,54.938,0
1786481697.904777	1786481691273,3000,Minimum,3000,3000,0.3,-1,54.938,54.938,0
1786481697.904778	1786481691377,3000,Minimum,3000,3000,0.3,-1,54.938,54.938,0
1786481697.904780	1786481691473,3000,Minimum,3000,3000,0.3,-1,54.938,54.938,0
1786481697.904781	1786481691573,3000,Minimum,3000,3000,0.3,-1,54.938,54.938,0
1786481697.904782	1786481691673,3000,Minimum,3000,3000,0.3,-1,54.938,54.938,0
1786481697.904783	1786481691773,3000,Minimum,3000,3000,0.3,-1,54.938,54.938,0
1786481697.904784	1786481691873,3000,Minimum,3000,3000,0.3,-1,54.938,54.938,0
1786481697.904785	1786481691973,3000,Minimum,3000,3000,0.3,-1,54.938,54.938,0
1786481697.904786	1786481692073,3000,Minimum,3000,3000,0.3,-1,54.938,54.938,0
1786481697.904788	1786481692173,3000,Minimum,3000,3000,0.3,-1,54.938,54.938,0
1786481697.904789	1786481692273,3000,Minimum,3000,3000,0.3,-1,54.938,54.938,0
1786481697.904790	1786481692380,3000,Minimum,3000,3000,0.3,-1,54.938,54.938,0
1786481697.904791	1786481692473,3000,Minimum,3000,3000,0.3,-1,54.938,54.938,0
1786481697.904792	1786481692573,3000,Minimum,3000,3000,0.3,-1,54.938,54.938,0
1786481697.904807	1786481692673,3000,Minimum,3000,3000,0.3,-1,54.938,54.938,0
1786481697.904808	1786481692773,3000,Minimum,3000,3000,0.3,-1,54.938,54.938,0
1786481697.904809	1786481692873,3000,Minimum,3000,3000,0.3,-1,54.938,54.938,0
1786481697.904811	1786481692973,3000,Minimum,3000,3000,0.3,-1,54.938,54.938,0
1786481697.904812	1786481693077,3000,Minimum,3000,3000,0.3,-1,54.938,54.938,0
1786481697.904813	1786481693173,3000,Minimum,3000,3000,0.3,-1,54.938,54.938,0
1786481697.904815	1786481693281,3000,Minimum,3000,3000,0.3,-1,54.938,54.938,0
1786481697.904951	1786481693373,3000,Minimum,3000,3000,0.3,-1,54.938,54.938,0
1786481697.904953	1786481693480,3000,Minimum,3000,3000,0.3,-1,54.938,54.938,0
1786481697.904954	1786481693573,3000,Minimum,3000,3000,0.3,-1,54.938,54.938,0
1786481697.904959	1786481693673,3000,Minimum,3000,3000,0.3,-1,54.938,54.938,0
1786481697.904960	1786481693773,3000,Minimum,3000,3000,0.3,-1,54.938,54.938,0
1786481697.904962	1786481693873,3000,Minimum,3000,3000,0.3,-1,54.938,54.938,0
1786481697.904963	1786481693973,3000,Minimum,3000,3000,0.3,-1,54.938,54.938,0
1786481697.904963	1786481694073,3000,Minimum,3000,3000,0.3,-1,54.938,54.938,0
1786481697.904965	1786481694173,3000,Minimum,3000,3000,0.3,-1,54.938,54.938,0
1786481697.904966	1786481694273,3000,Minimum,3000,3000,0.3,-1,54.938,54.938,0
1786481697.904967	1786481694373,3000,Minimum,3000,3000,0.3,-1,54.938,54.938,0
1786481697.904968	1786481694473,3000,Minimum,3000,3000,0.3,-1,54.938,54.938,0
1786481697.904969	1786481694573,3000,Minimum,3000,3000,0.3,-1,54.938,54.938,0
1786481714.421011	1786481694673,3000,Minimum,3000,3000,0.3,-1,54.938,54.938,0
1786481714.421022	1786481694773,3000,Minimum,3000,3000,0.3,-1,54.938,54.938,0
1786481714.421023	1786481694874,3000,Minimum,3000,3000,0.3,-1,54.938,54.938,0
1786481714.421024	1786481694973,3000,Minimum,3000,3000,0.3,-1,54.938,54.938,0
1786481714.421025	1786481695077,3000,Minimum,3000,3000,0.3,-1,54.938,54.938,0
1786481714.421026	1786481695173,3000,Minimum,3000,3000,0.3,-1,54.938,54.938,0
1786481714.421026	1786481695274,3000,Minimum,3000,3000,0.3,-1,54.938,54.938,0
1786481714.421027	1786481695376,3000,Minimum,3000,3000,0.3,-1,54.938,54.938,0
1786481714.421028	1786481695473,3000,Minimum,3000,3000,0.3,-1,54.938,54.938,0
1786481714.421028	1786481695573,3000,Minimum,3000,3000,0.3,-1,54.938,54.938,0
1786481714.421029	1786481695673,3000,Minimum,3000,3000,0.3,-1,54.938,54.938,0
1786481714.421029	1786481695773,3000,Minimum,3000,3000,0.3,-1,54.938,54.938,0
1786481714.421030	1786481695873,3000,Minimum,3000,3000,0.3,-1,54.938,54.938,0
1786481714.421031	1786481695973,3000,Minimum,3000,3000,0.3,-1,54.938,54.938,0
1786481714.421031	1786481696073,3000,Minimum,3000,3000,0.3,-1,54.938,54.938,0
1786481714.421032	1786481696173,3000,Minimum,3000,3000,0.3,-1,54.938,54.938,0
1786481714.421032	1786481696284,3000,Minimum,3000,3000,0.3,-1,54.938,54.938,0
1786481714.421033	1786481696373,3000,Minimum,3000,3000,0.3,-1,54.938,54.938,0
1786481714.421033	1786481696473,3000,Minimum,3000,3000,0.3,-1,54.938,54.938,0
1786481714.421034	1786481696580,3000,Minimum,3000,3000,0.3,-1,54.938,54.938,0
1786481714.421035	1786481696673,3000,Minimum,3000,3000,0.3,-1,54.938,54.938,0
1786481714.421035	1786481696774,3000,Minimum,3000,3000,0.3,-1,54.938,54.938,0
1786481714.421036	1786481696873,3000,Minimum,3000,3000,0.3,-1,54.938,54.938,0
1786481714.421036	1786481696973,3000,Minimum,3000,3000,0.3,-1,54.938,54.938,0
1786481714.421047	1786481697073,3000,Minimum,3000,3000,0.3,-1,54.938,54.938,0
1786481714.421048	1786481697173,3000,Minimum,3000,3000,0.3,-1,54.938,54.938,0
1786481714.421048	1786481697280,3000,Minimum,3000,3000,0.3,-1,54.938,54.938,0
1786481714.421049	1786481697373,3000,Minimum,3000,3000,0.3,-1,54.938,54.938,0
1786481714.421050	1786481697473,3000,Minimum,3000,3000,0.3,-1,54.938,54.938,0
1786481714.421050	1786481697573,6436.73,die0,3000,3000,0.429115,-1,89.938,89.938,0
1786481714.421051	1786481697673,6436.73,die0,3000,3000,0.429115,-1,89.938,89.938,0
1786481714.421052	1786481697773,6436.73,die0,3000,3000,0.429115,-1,89.938,89.938,0
1786481714.421052	1786481697873,6436.73,die0,3000,3000,0.429115,-1,89.938,89.938,0
1786481714.421053	1786481697973,6436.73,die0,3000,3000,0.429115,-1,89.938,89.938,0
1786481714.421053	1786481698073,6436.73,die0,3000,3000,0.429115,-1,89.938,89.938,0
1786481714.421054	1786481698176,6436.73,die0,3000,3000,0.429115,-1,89.938,89.938,0
1786481714.421055	1786481698273,6436.73,die0,3000,3000,0.429115,-1,89.938,89.938,0
1786481714.421055	1786481698373,6436.73,die0,3000,3000,0.429115,-1,89.938,89.938,0
1786481714.421056	1786481698473,6436.73,die0,3000,3000,0.429115,-1,89.938,89.938,0
1786481714.421057	1786481698573,6561.66,die0,3000,3000,0.437444,-1,89.938,89.938,0
1786481714.421057	1786481698679,6561.66,die0,3000,3000,0.437444,-1,89.938,89.938,0
1786481714.421058	1786481698773,6561.66,die0,3000,3000,0.437444,-1,89.938,89.938,0
1786481714.421058	1786481698873,6561.66,die0,3000,3000,0.437444,-1,89.938,89.938,0
1786481714.421059	1786481698979,6561.66,die0,3000,3000,0.437444,-1,89.938,89.938,0
1786481714.421060	1786481699073,6561.66,die0,3000,3000,0.437444,-1,89.938,89.938,0
1786481714.421060	1786481699173,6561.66,die0,3000,3000,0.437444,-1,89.938,89.938,0
1786481714.421061	1786481699273,6561.66,die0,3000,3000,0.437444,-1,89.938,89.938,0
1786481714.421062	1786481699373,6561.66,die0,3000,3000,0.437444,-1,89.938,89.938,0
1786481714.421063	1786481699473,6561.66,die0,3000,3000,0.437444,-1,89.938,89.938,0
1786481714.421066	1786481699573,6686.59,die0,3000,3000,0.445772,-1,89.938,89.938,0
1786481714.421066	1786481699673,6686.59,die0,3000,3000,0.445772,-1,89.938,89.938,0
1786481714.421067	1786481699773,6686.59,die0,3000,3000,0.445772,-1,89.938,89.938,0
1786481714.421067	1786481699873,6686.59,die0,3000,3000,0.445772,-1,89.938,89.938,0
1786481714.421068	1786481699973,6686.59,die0,3000,3000,0.445772,-1,89.938,89.938,0
1786481714.421069	1786481700073,6686.59,die0,3000,3000,0.445772,-1,89.938,89.938,0
1786481714.421070	1786481700176,6686.59,die0,3000,3000,0.445772,-1,89.938,89.938,0
1786481714.421070	1786481700273,6686.59,die0,3000,3000,0.445772,-1,89.938,89.938,0
1786481714.421071	1786481700374,6686.59,die0,3000,3000,0.445772,-1,89.938,89.938,0
1786481714.421071	1786481700473,6686.59,die0,3000,3000,0.445772,-1,89.938,89.938,0
1786481714.421072	1786481700573,6811.51,die0,3000,3000,0.454101,-1,89.938,89.938,0
1786481714.421073	1786481700673,6811.51,die0,3000,3000,0.454101,-1,89.938,89.938,0
1786481714.421075	1786481700773,6811.51,die0,3000,3000,0.454101,-1,89.938,89.938,0
1786481714.421075	1786481700873,6811.51,die0,3000,3000,0.454101,-1,89.938,89.938,0
1786481714.421076	1786481700973,6811.51,die0,3000,3000,0.454101,-1,89.938,89.938,0
1786481714.421077	1786481701073,6811.51,die0,3000,3000,0.454101,-1,89.938,89.938,0
1786481714.422953	1786481701173,6811.51,die0,3000,3000,0.454101,-1,89.938,89.938,0
1786481714.422962	1786481701273,6811.51,die0,3000,3000,0.454101,-1,89.938,89.938,0
1786481714.422963	1786481701380,6811.51,die0,3000,3000,0.454101,-1,89.938,89.938,0
1786481714.422964	1786481701473,6811.51,die0,3000,3000,0.454101,-1,89.938,89.938,0
1786481714.422964	1786481701573,6936.44,die0,3000,3000,0.462429,-1,89.938,89.938,0
1786481714.422965	1786481701673,6936.44,die0,3000,3000,0.462429,-1,89.938,89.938,0
1786481714.422966	1786481701773,6936.44,die0,3000,3000,0.462429,-1,89.938,89.938,0
1786481714.422966	1786481701880,6936.44,die0,3000,3000,0.462429,-1,89.938,89.938,0
1786481714.422967	1786481701974,6936.44,die0,3000,3000,0.462429,-1,89.938,89.938,0
1786481714.422967	1786481702073,6936.44,die0,3000,3000,0.462429,-1,89.938,89.938,0
1786481714.422968	1786481702173,6936.44,die0,3000,3000,0.462429,-1,89.938,89.938,0
1786481714.422969	1786481702280,6936.44,die0,3000,3000,0.462429,-1,89.938,89.938,0
1786481714.422969	1786481702373,6936.44,die0,3000,3000,0.462429,-1,89.938,89.938,0
1786481714.422970	1786481702473,6936.44,die0,3000,3000,0.462429,-1,89.938,89.938,0
1786481714.422970	1786481702578,7061.37,die0,3000,3000,0.470758,-1,89.938,89.938,0
1786481714.422971	1786481702673,7061.37,die0,3000,3000,0.470758,-1,89.938,89.938,0
1786481714.422971	1786481702776,7061.37,die0,3000,3000,0.470758,-1,89.938,89.938,0
1786481714.422972	1786481702873,7061.37,die0,3000,3000,0.470758,-1,89.938,89.938,0
1786481714.422972	1786481702973,7061.37,die0,3000,3000,0.470758,-1,89.938,89.938,0
1786481714.422973	1786481703074,7061.37,die0,3000,3000,0.470758,-1,89.938,89.938,0
1786481714.422973	1786481703173,7061.37,die0,3000,3000,0.470758,-1,89.938,89.938,0
1786481714.422974	1786481703280,7061.37,die0,3000,3000,0.470758,-1,89.938,89.938,0
1786481714.422975	1786481703380,7061.37,die0,3000,3000,0.470758,-1,89.938,89.938,0
1786481714.422976	1786481703473,7061.37,die0,3000,3000,0.470758,-1,89.938,89.938,0
1786481714.422976	1786481703573,3000,Minimum,3000,3000,0.3,-1,54.938,54.938,0
1786481714.422976	1786481703673,3000,Minimum,3000,3000,0.3,-1,54.938,54.938,0
1786481714.422977	1786481703773,3000,Minimum,3000,3000,0.3,-1,54.938,54.938,0
1786481714.422978	1786481703873,3000,Minimum,3000,3000,0.3,-1,54.938,54.938,0
1786481714.422978	1786481703973,3000,Minimum,3000,3000,0.3,-1,54.938,54.938,0
1786481714.422979	1786481704073,3000,Minimum,3000,3000,0.3,-1,54.938,54.938,0
1786481714.422980	1786481704175,3000,Minimum,3000,3000,0.3,-1,54.938,54.938,0
1786481714.422981	1786481704275,3000,Minimum,3000,3000,0.3,-1,54.938,54.938,0
1786481714.422990	1786481704373,3000,Minimum,3000,3000,0.3,-1,54.938,54.938,0
1786481714.422991	1786481704473,3000,Minimum,3000,3000,0.3,-1,54.938,54.938,0
1786481714.422991	1786481704573,3000,Minimum,3000,3000,0.3,-1,54.938,54.938,0
1786481714.422992	1786481704673,3000,Minimum,3000,3000,0.3,-1,54.938,54.938,0
1786481714.422992	1786481704773,3000,Minimum,3000,3000,0.3,-1,54.938,54.938,0
1786481714.422993	1786481704873,3000,Minimum,3000,3000,0.3,-1,54.938,54.938,0
1786481714.422994	1786481704973,3000,Minimum,3000,3000,0.3,-1,54.938,54.938,0
1786481714.422994	1786481705073,3000,Minimum,3000,3000,0.3,-1,54.938,54.938,0
1786481714.422995	1786481705173,3000,Minimum,3000,3000,0.3,-1,54.938,54.938,0
1786481714.422996	1786481705273,3000,Minimum,3000,3000,0.3,-1,54.938,54.938,0
1786481714.422996	1786481705378,3000,Minimum,3000,3000,0.3,-1,54.938,54.938,0
1786481714.422997	1786481705473,3000,Minimum,3000,3000,0.3,-1,54.938,54.938,0
1786481714.422997	1786481705573,3000,Minimum,3000,3000,0.3,-1,54.938,54.938,0
1786481714.422998	1786481705673,3000,Minimum,3000,3000,0.3,-1,54.938,54.938,0
1786481714.422999	1786481705773,3000,Minimum,3000,3000,0.3,-1,54.938,54.938,0
1786481714.422999	1786481705873,3000,Minimum,3000,3000,0.3,-1,54.938,54.938,0
1786481714.423000	1786481705973,3000,Minimum,3000,3000,0.3,-1,54.938,54.938,0
1786481714.423001	1786481706076,3000,Minimum,3000,3000,0.3,-1,54.938,54.938,0
1786481714.423001	1786481706173,3000,Minimum,3000,3000,0.3,-1,54.938,54.938,0
1786481714.423002	1786481706276,3000,Minimum,3000,3000,0.3,-1,54.938,54.938,0
1786481714.423002	1786481706379,3000,Minimum,3000,3000,0.3,-1,54.938,54.938,0
1786481714.423003	1786481706480,3000,Minimum,3000,3000,0.3,-1,54.938,54.938,0
1786481714.423004	1786481706573,3000,Minimum,3000,3000,0.3,-1,54.938,54.938,0
1786481714.423004	1786481706673,3000,Minimum,3000,3000,0.3,-1,54.938,54.938,0
1786481714.423005	1786481706773,3000,Minimum,3000,3000,0.3,-1,54.938,54.938,0
1786481714.423005	1786481706873,3000,Minimum,3000,3000,0.3,-1,54.938,54.938,0
1786481714.423006	1786481706978,3000,Minimum,3000,3000,0.3,-1,54.938,54.938,0
1786481714.423007	1786481707073,3000,Minimum,3000,3000,0.3,-1,54.938,54.938,0
1786481714.423007	1786481707173,3000,Minimum,3000,3000,0.3,-1,54.938,54.938,0
1786481714.423008	1786481707273,3000,Minimum,3000,3000,0.3,-1,54.938,54.938,0
1786481714.423008	1786481707373,3000,Minimum,3000,3000,0.3,-1,54.938,54.938,0
1786481714.423009	1786481707474,3000,Minimum,3000,3000,0.3,-1,54.938,54.938,0
1786481714.423010	1786481707573,3000,Minimum,3000,3000,0.3,-1,54.938,54.938,0
1786481714.424032	1786481707673,3000,Minimum,3000,3000,0.3,-1,54.938,54.938,0
1786481714.424040	1786481707773,3000,Minimum,3000,3000,0.3,-1,54.938,54.938,0
1786481730.071516	1786481707873,3000,Minimum,3000,3000,0.3,-1,54.938,54.938,0
1786481730.071526	1786481707973,3000,Minimum,3000,3000,0.3,-1,54.938,54.938,0
1786481730.071527	1786481708078,3000,Minimum,3000,3000,0.3,-1,54.938,54.938,0
1786481730.071528	1786481708173,3000,Minimum,3000,3000,0.3,-1,54.938,54.938,0
1786481730.071528	1786481708274,3000,Minimum,3000,3000,0.3,-1,54.938,54.938,0
1786481730.071529	1786481708373,3000,Minimum,3000,3000,0.3,-1,54.938,54.938,0
1786481730.071529	1786481708475,3000,Minimum,3000,3000,0.3,-1,54.938,54.938,0
1786481730.071530	1786481708573,3000,Minimum,3000,3000,0.3,-1,54.938,54.938,0
1786481730.071531	1786481708673,3000,Minimum,3000,3000,0.3,-1,54.938,54.938,0
1786481730.071531	1786481708773,3000,Minimum,3000,3000,0.3,-1,54.938,54.938,0
1786481730.071532	1786481708873,3000,Minimum,3000,3000,0.3,-1,54.938,54.938,0
1786481730.071532	1786481708973,3000,Minimum,3000,3000,0.3,-1,54.938,54.938,0
1786481730.071533	1786481709073,3000,Minimum,3000,3000,0.3,-1,54.938,54.938,0
1786481730.071534	1786481709173,3000,Minimum,3000,3000,0.3,-1,54.938,54.938,0
1786481730.071534	1786481709280,3000,Minimum,3000,3000,0.3,-1,54.938,54.938,0
1786481730.071535	1786481709373,3000,Minimum,3000,3000,0.3,-1,54.938,54.938,0
1786481730.071535	1786481709473,3000,Minimum,3000,3000,0.3,-1,54.938,54.938,0
1786481730.071536	1786481709578,3000,Minimum,3000,3000,0.3,-1,54.938,54.938,0
1786481730.071536	1786481709673,3000,Minimum,3000,3000,0.3,-1,54.938,54.938,0
1786481730.071537	1786481709779,3000,Minimum,3000,3000,0.3,-1,54.938,54.938,0
1786481730.071537	1786481709878,3000,Minimum,3000,3000,0.3,-1,54.938,54.938,0
1786481730.071538	1786481709973,3000,Minimum,3000,3000,0.3,-1,54.938,54.938,0
1786481730.071538	1786481710073,3000,Minimum,3000,3000,0.3,-1,54.938,54.938,0
1786481730.071539	1786481710173,3000,Minimum,3000,3000,0.3,-1,54.938,54.938,0
1786481730.071539	1786481710273,3000,Minimum,3000,3000,0.3,-1,54.938,54.938,0
1786481730.071540	1786481710373,3000,Minimum,3000,3000,0.3,-1,54.938,54.938,0
1786481730.071541	1786481710473,3000,Minimum,3000,3000,0.3,-1,54.938,54.938,0
1786481730.071541	1786481710575,6833.46,die0,3000,3000,0.455564,-1,89.938,89.938,0
1786481730.071542	1786481710673,6833.46,die0,3000,3000,0.455564,-1,89.938,89.938,0
1786481730.071542	1786481710773,6833.46,die0,3000,3000,0.455564,-1,89.938,89.938,0
1786481730.071543	1786481710873,6833.46,die0,3000,3000,0.455564,-1,89.938,89.938,0
1786481730.071543	1786481710973,6833.46,die0,3000,3000,0.455564,-1,89.938,89.938,0
1786481730.071544	1786481711073,6833.46,die0,3000,3000,0.455564,-1,89.938,89.938,0
1786481730.071544	1786481711173,6833.46,die0,3000,3000,0.455564,-1,89.938,89.938,0
1786481730.071545	1786481711273,6833.46,die0,3000,3000,0.455564,-1,89.938,89.938,0
1786481730.071552	1786481711373,6833.46,die0,3000,3000,0.455564,-1,89.938,89.938,0
1786481730.071552	1786481711473,6833.46,die0,3000,3000,0.455564,-1,89.938,89.938,0
1786481730.071553	1786481711573,6958.38,die0,3000,3000,0.463892,-1,89.938,89.938,0
1786481730.071553	1786481711685,6958.38,die0,3000,3000,0.463892,-1,89.938,89.938,0
1786481730.071554	1786481711773,6958.38,die0,3000,3000,0.463892,-1,89.938,89.938,0
1786481730.071554	1786481711878,6958.38,die0,3000,3000,0.463892,-1,89.938,89.938,0
1786481730.071555	1786481711973,6958.38,die0,3000,3000,0.463892,-1,89.938,89.938,0
1786481730.071555	1786481712073,6958.38,die0,3000,3000,0.463892,-1,89.938,89.938,0
1786481730.071556	1786481712173,6958.38,die0,3000,3000,0.463892,-1,89.938,89.938,0
1786481730.071556	1786481712280,6958.38,die0,3000,3000,0.463892,-1,89.938,89.938,0
1786481730.071557	1786481712373,6958.38,die0,3000,3000,0.463892,-1,89.938,89.938,0
1786481730.071557	1786481712480,6958.38,die0,3000,3000,0.463892,-1,89.938,89.938,0
1786481730.071558	1786481712573,7083.31,die0,3000,3000,0.472221,-1,89.938,89.938,0
1786481730.071558	1786481712680,7083.31,die0,3000,3000,0.472221,-1,89.938,89.938,0
1786481730.071559	1786481712773,7083.31,die0,3000,3000,0.472221,-1,89.938,89.938,0
1786481730.071559	1786481712876,7083.31,die0,3000,3000,0.472221,-1,89.938,89.938,0
1786481730.071560	1786481720565,7083.31,die0,3000,3000,0.472221,-1,89.938,89.938,0
1786481730.071561	1786481720664,7083.31,die0,3000,3000,0.472221,-1,89.938,89.938,0
1786481730.071561	1786481720764,7083.31,die0,3000,3000,0.472221,-1,89.938,89.938,0
1786481730.071562	1786481720865,7083.31,die0,3000,3000,0.472221,-1,89.938,89.938,0
1786481730.071562	1786481720964,7083.31,die0,3000,3000,0.472221,-1,89.938,89.938,0
1786481730.071563	1786481721065,7083.31,die0,3000,3000,0.472221,-1,89.938,89.938,0
1786481730.071563	1786481721165,7208.24,die0,3000,3000,0.480549,-1,89.938,89.938,0
1786481730.071564	1786481721264,7208.24,die0,3000,3000,0.480549,-1,89.938,89.938,0
1786481730.071566	1786481721364,7208.24,die0,3000,3000,0.480549,-1,89.938,89.938,0
1786481730.071567	1786481721464,7208.24,die0,3000,3000,0.480549,-1,89.938,89.938,0
1786481730.071567	1786481721565,7208.24,die0,3000,3000,0.480549,-1,89.938,89.938,0
1786481730.071568	1786481721664,7208.24,die0,3000,3000,0.480549,-1,89.938,89.938,0
1786481730.071568	1786481721764,7208.24,die0,3000,3000,0.480549,-1,89.938,89.938,0
1786481730.074712	1786481721864,7208.24,die0,3000,3000,0.480549,-1,89.938,89.938,0
1786481730.074728	1786481721964,7208.24,die0,3000,3000,0.480549,-1,89.938,89.938,0
1786481730.074731	1786481722071,7208.24,die0,3000,3000,0.480549,-1,89.938,89.938,0
1786481730.074734	1786481722164,7333.16,die0,3000,3000,0.488878,-1,89.938,89.938,0
1786481730.074736	1786481722264,7333.16,die0,3000,3000,0.488878,-1,89.938,89.938,0
1786481730.074739	1786481722371,7333.16,die0,3000,3000,0.488878,-1,89.938,89.938,0
1786481730.074741	1786481722465,7333.16,die0,3000,3000,0.488878,-1,89.938,89.938,0
1786481730.074743	1786481722570,7333.16,die0,3000,3000,0.488878,-1,89.938,89.938,0
1786481730.074753	1786481722664,7333.16,die0,3000,3000,0.488878,-1,89.938,89.938,0
1786481730.074756	1786481722765,7333.16,die0,3000,3000,0.488878,-1,89.938,89.938,0
1786481730.074758	1786481722865,7333.16,die0,3000,3000,0.488878,-1,89.938,89.938,0
1786481730.074760	1786481722981,7333.16,die0,3000,3000,0.488878,-1,89.938,89.938,0
1786481730.074763	1786481723065,7333.16,die0,3000,3000,0.488878,-1,89.938,89.938,0
1786481730.074765	1786481723165,7458.09,die0,3000,3000,0.497206,-1,89.938,89.938,0
1786481730.074767	1786481723272,7458.09,die0,3000,3000,0.497206,-1,89.938,89.938,0
1786481730.074770	1786481723365,7458.09,die0,3000,3000,0.497206,-1,89.938,89.938,0
1786481730.074772	1786481723466,7458.09,die0,3000,3000,0.497206,-1,89.938,89.938,0
1786481730.074774	1786481723568,7458.09,die0,3000,3000,0.497206,-1,89.938,89.938,0
1786481730.074777	1786481723672,7458.09,die0,3000,3000,0.497206,-1,89.938,89.938,0
1786481730.074779	1786481723765,7458.09,die0,3000,3000,0.497206,-1,89.938,89.938,0
1786481730.074781	1786481723868,7458.09,die0,3000,3000,0.497206,-1,89.938,89.938,0
1786481730.074784	1786481723973,7458.09,die0,3000,3000,0.497206,-1,89.938,89.938,0
1786481730.074786	1786481724066,7458.09,die0,3000,3000,0.497206,-1,89.938,89.938,0
1786481730.074788	1786481724164,3000,Minimum,3000,3000,0.3,-1,54.938,54.938,0
1786481730.074790	1786481724265,3000,Minimum,3000,3000,0.3,-1,54.938,54.938,0
1786481730.074793	1786481724371,3000,Minimum,3000,3000,0.3,-1,54.938,54.938,0
1786481730.074795	1786481724464,3000,Minimum,3000,3000,0.3,-1,54.938,54.938,0
1786481730.074798	1786481724568,3000,Minimum,3000,3000,0.3,-1,54.938,54.938,0
1786481730.074800	1786481724664,3000,Minimum,3000,3000,0.3,-1,54.938,54.938,0
1786481730.074802	1786481724765,3000,Minimum,3000,3000,0.3,-1,54.938,54.938,0
1786481730.074805	1786481724865,3000,Minimum,3000,3000,0.3,-1,54.938,54.938,0
1786481730.074807	1786481724966,3000,Minimum,3000,3000,0.3,-1,54.938,54.938,0
1786481730.074809	1786481725064,3000,Minimum,3000,3000,0.3,-1,54.938,54.938,0
1786481730.074812	1786481725182,3000,Minimum,3000,3000,0.3,-1,54.938,54.938,0
1786481730.074814	1786481725272,3000,Minimum,3000,3000,0.3,-1,54.938,54.938,0
1786481730.074816	1786481725372,3000,Minimum,3000,3000,0.3,-1,54.938,54.938,0
1786481730.074819	1786481725465,3000,Minimum,3000,3000,0.3,-1,54.938,54.938,0
1786481730.074821	1786481725564,3000,Minimum,3000,3000,0.3,-1,54.938,54.938,0
1786481730.074823	1786481725665,3000,Minimum,3000,3000,0.3,-1,54.938,54.938,0
1786481730.074825	1786481725764,3000,Minimum,3000,3000,0.3,-1,54.938,54.938,0
1786481730.074827	1786481725870,3000,Minimum,3000,3000,0.3,-1,54.938,54.938,0
1786481730.074830	1786481725964,3000,Minimum,3000,3000,0.3,-1,54.938,54.938,0
1786481730.074832	1786481726065,3000,Minimum,3000,3000,0.3,-1,54.938,54.938,0
1786481730.074834	1786481726164,3000,Minimum,3000,3000,0.3,-1,54.938,54.938,0
1786481730.074841	1786481726264,3000,Minimum,3000,3000,0.3,-1,54.938,54.938,0
1786481730.074844	1786481726368,3000,Minimum,3000,3000,0.3,-1,54.938,54.938,0
1786481730.074847	1786481726467,3000,Minimum,3000,3000,0.3,-1,54.938,54.938,0
1786481730.074849	1786481726565,3000,Minimum,3000,3000,0.3,-1,54.938,54.938,0
1786481730.074851	1786481726665,3000,Minimum,3000,3000,0.3,-1,54.938,54.938,0
1786481730.074853	1786481726765,3000,Minimum,3000,3000,0.3,-1,54.938,54.938,0
1786481730.074856	1786481726864,3000,Minimum,3000,3000,0.3,-1,54.938,54.938,0
1786481730.074858	1786481726964,3000,Minimum,3000,3000,0.3,-1,54.938,54.938,0
1786481730.074860	1786481727064,3000,Minimum,3000,3000,0.3,-1,54.938,54.938,0
1786481730.074862	1786481727165,3000,Minimum,3000,3000,0.3,-1,54.938,54.938,0
1786481730.074865	1786481727264,3000,Minimum,3000,3000,0.3,-1,54.938,54.938,0
1786481730.074867	1786481727365,3000,Minimum,3000,3000,0.3,-1,54.938,54.938,0
1786481730.074869	1786481727464,3000,Minimum,3000,3000,0.3,-1,54.938,54.938,0
1786481730.074872	1786481727565,3000,Minimum,3000,3000,0.3,-1,54.938,54.938,0
1786481730.074875	1786481727669,3000,Minimum,3000,3000,0.3,-1,54.938,54.938,0
1786481730.074881	1786481727765,3000,Minimum,3000,3000,0.3,-1,54.938,54.938,0
1786481730.074884	1786481727864,3000,Minimum,3000,3000,0.3,-1,54.938,54.938,0
1786481730.074886	1786481727964,3000,Minimum,3000,3000,0.3,-1,54.938,54.938,0
1786481730.074888	1786481728134,3000,Minimum,3000,3000,0.3,-1,54.938,54.938,0
1786481730.074891	1786481728240,3000,Minimum,3000,3000,0.3,-1,54.938,54.938,0
1786481730.074893	1786481728265,3000,Minimum,3000,3000,0.3,-1,54.938,54.938,0
1786481730.076385	1786481728365,3000,Minimum,3000,3000,0.3,-1,54.938,54.938,0
1786481730.076392	1786481728464,3000,Minimum,3000,3000,0.3,-1,54.938,54.938,0
1786481746.655880	1786481728564,3000,Minimum,3000,3000,0.3,-1,54.938,54.938,0
1786481746.655894	1786481728664,3000,Minimum,3000,3000,0.3,-1,54.938,54.938,0
1786481746.655895	1786481728764,3000,Minimum,3000,3000,0.3,-1,54.938,54.938,0
1786481746.655897	1786481728864,3000,Minimum,3000,3000,0.3,-1,54.938,54.938,0
1786481746.655897	1786481728964,3000,Minimum,3000,3000,0.3,-1,54.938,54.938,0
1786481746.655898	1786481729064,3000,Minimum,3000,3000,0.3,-1,54.938,54.938,0
1786481746.655899	1786481729164,3000,Minimum,3000,3000,0.3,-1,54.938,54.938,0
1786481746.655900	1786481729264,3000,Minimum,3000,3000,0.3,-1,54.938,54.938,0
1786481746.655901	1786481729364,3000,Minimum,3000,3000,0.3,-1,54.938,54.938,0
1786481746.655902	1786481729465,3000,Minimum,3000,3000,0.3,-1,54.938,54.938,0
1786481746.655903	1786481729564,3000,Minimum,3000,3000,0.3,-1,54.938,54.938,0
1786481746.655915	1786481729665,3000,Minimum,3000,3000,0.3,-1,54.938,54.938,0
1786481746.655916	1786481729767,3000,Minimum,3000,3000,0.3,-1,54.938,54.938,0
1786481746.655917	1786481729864,3000,Minimum,3000,3000,0.3,-1,54.938,54.938,0
1786481746.655918	1786481729966,3000,Minimum,3000,3000,0.3,-1,54.938,54.938,0
1786481746.655919	1786481730064,3000,Minimum,3000,3000,0.3,-1,54.938,54.938,0
1786481746.655920	1786481730164,3000,Minimum,3000,3000,0.3,-1,54.938,54.938,0
1786481746.655921	1786481730264,3000,Minimum,3000,3000,0.3,-1,54.938,54.938,0
1786481746.655922	1786481730364,3000,Minimum,3000,3000,0.3,-1,54.938,54.938,0
1786481746.655923	1786481730464,3000,Minimum,3000,3000,0.3,-1,54.938,54.938,0
1786481746.655923	1786481730566,3000,Minimum,3000,3000,0.3,-1,54.938,54.938,0
1786481746.655924	1786481730672,3000,Minimum,3000,3000,0.3,-1,54.938,54.938,0
1786481746.655925	1786481730764,3000,Minimum,3000,3000,0.3,-1,54.938,54.938,0
1786481746.655926	1786481730864,3000,Minimum,3000,3000,0.3,-1,54.938,54.938,0
1786481746.655926	1786481730965,3000,Minimum,3000,3000,0.3,-1,54.938,54.938,0
1786481746.655927	1786481731071,3000,Minimum,3000,3000,0.3,-1,54.938,54.938,0
1786481746.655928	1786481731164,7230.18,die0,3000,3000,0.482012,-1,89.938,89.938,0
1786481746.655929	1786481731264,7230.18,die0,3000,3000,0.482012,-1,89.938,89.938,0
1786481746.655930	1786481731364,7230.18,die0,3000,3000,0.482012,-1,89.938,89.938,0
1786481746.655931	1786481731464,7230.18,die0,3000,3000,0.482012,-1,89.938,89.938,0
1786481746.655932	1786481731564,7230.18,die0,3000,3000,0.482012,-1,89.938,89.938,0
1786481746.655933	1786481731671,7230.18,die0,3000,3000,0.482012,-1,89.938,89.938,0
1786481746.655934	1786481731765,7230.18,die0,3000,3000,0.482012,-1,89.938,89.938,0
1786481746.655935	1786481731864,7230.18,die0,3000,3000,0.482012,-1,89.938,89.938,0
1786481746.655936	1786481731964,7230.18,die0,3000,3000,0.482012,-1,89.938,89.938,0
1786481746.655936	1786481732064,7230.18,die0,3000,3000,0.482012,-1,89.938,89.938,0
1786481746.655937	1786481732164,7355.11,die0,3000,3000,0.49034,-1,89.938,89.938,0
1786481746.655939	1786481732264,7355.11,die0,3000,3000,0.49034,-1,89.938,89.938,0
1786481746.655939	1786481732364,7355.11,die0,3000,3000,0.49034,-1,89.938,89.938,0
1786481746.655940	1786481732465,7355.11,die0,3000,3000,0.49034,-1,89.938,89.938,0
1786481746.655941	1786481732564,7355.11,die0,3000,3000,0.49034,-1,89.938,89.938,0
1786481746.655942	1786481732666,7355.11,die0,3000,3000,0.49034,-1,89.938,89.938,0
1786481746.655943	1786481732764,7355.11,die0,3000,3000,0.49034,-1,89.938,89.938,0
1786481746.655943	1786481732864,7355.11,die0,3000,3000,0.49034,-1,89.938,89.938,0
1786481746.655944	1786481732964,7355.11,die0,3000,3000,0.49034,-1,89.938,89.938,0
1786481746.655945	1786481733069,7355.11,die0,3000,3000,0.49034,-1,89.938,89.938,0
1786481746.655953	1786481733164,7480.03,die0,3000,3000,0.498669,-1,89.938,89.938,0
1786481746.655956	1786481733265,7480.03,die0,3000,3000,0.498669,-1,89.938,89.938,0
1786481746.655958	1786481733364,7480.03,die0,3000,3000,0.498669,-1,89.938,89.938,0
1786481746.655960	1786481733471,7480.03,die0,3000,3000,0.498669,-1,89.938,89.938,0
1786481746.655961	1786481733564,7480.03,die0,3000,3000,0.498669,-1,89.938,89.938,0
1786481746.655962	1786481733664,7480.03,die0,3000,3000,0.498669,-1,89.938,89.938,0
1786481746.655963	1786481733764,7480.03,die0,3000,3000,0.498669,-1,89.938,89.938,0
1786481746.655963	1786481733865,7480.03,die0,3000,3000,0.498669,-1,89.938,89.938,0
1786481746.655964	1786481733964,7480.03,die0,3000,3000,0.498669,-1,89.938,89.938,0
1786481746.655965	1786481734064,7480.03,die0,3000,3000,0.498669,-1,89.938,89.938,0
1786481746.655966	1786481734164,7604.96,die0,3000,3000,0.506997,-1,89.938,89.938,0
1786481746.655967	1786481734265,7604.96,die0,3000,3000,0.506997,-1,89.938,89.938,0
1786481746.655967	1786481734364,7604.96,die0,3000,3000,0.506997,-1,89.938,89.938,0
1786481746.655968	1786481734464,7604.96,die0,3000,3000,0.506997,-1,89.938,89.938,0
1786481746.655969	1786481734564,7604.96,die0,3000,3000,0.506997,-1,89.938,89.938,0
1786481746.655970	1786481734664,7604.96,die0,3000,3000,0.506997,-1,89.938,89.938,0
1786481746.655971	1786481734764,7604.96,die0,3000,3000,0.506997,-1,89.938,89.938,0
1786481746.655973	1786481734864,7604.96,die0,3000,3000,0.506997,-1,89.938,89.938,0
1786481746.655973	1786481734964,7604.96,die0,3000,3000,0.506997,-1,89.938,89.938,0
1786481746.657148	1786481735064,7604.96,die0,3000,3000,0.506997,-1,89.938,89.938,0
1786481746.657156	1786481735164,7729.89,die0,3000,3000,0.515326,-1,89.938,89.938,0
1786481746.657157	1786481735265,7729.89,die0,3000,3000,0.515326,-1,89.938,89.938,0
1786481746.657157	1786481735364,7729.89,die0,3000,3000,0.515326,-1,89.938,89.938,0
1786481746.657158	1786481735465,7729.89,die0,3000,3000,0.515326,-1,89.938,89.938,0
1786481746.657158	1786481735565,7729.89,die0,3000,3000,0.515326,-1,89.938,89.938,0
1786481746.657159	1786481735664,7729.89,die0,3000,3000,0.515326,-1,89.938,89.938,0
1786481746.657160	1786481735765,7729.89,die0,3000,3000,0.515326,-1,89.938,89.938,0
1786481746.657160	1786481735865,7729.89,die0,3000,3000,0.515326,-1,89.938,89.938,0
1786481746.657161	1786481735964,7729.89,die0,3000,3000,0.515326,-1,89.938,89.938,0
1786481746.657161	1786481736065,7729.89,die0,3000,3000,0.515326,-1,89.938,89.938,0
1786481746.657162	1786481736164,7854.82,die0,3000,3000,0.523654,-1,89.938,89.938,0
1786481746.657162	1786481736265,7854.82,die0,3000,3000,0.523654,-1,89.938,89.938,0
1786481746.657163	1786481736364,7854.82,die0,3000,3000,0.523654,-1,89.938,89.938,0
1786481746.657163	1786481736465,7854.82,die0,3000,3000,0.523654,-1,89.938,89.938,0
1786481746.657164	1786481736564,7854.82,die0,3000,3000,0.523654,-1,89.938,89.938,0
1786481746.657164	1786481736669,7854.82,die0,3000,3000,0.523654,-1,89.938,89.938,0
1786481746.657165	1786481736764,7854.82,die0,3000,3000,0.523654,-1,89.938,89.938,0
1786481746.657165	1786481736864,7854.82,die0,3000,3000,0.523654,-1,89.938,89.938,0
1786481746.657173	1786481736964,7854.82,die0,3000,3000,0.523654,-1,89.938,89.938,0
1786481746.657174	1786481737064,7854.82,die0,3000,3000,0.523654,-1,89.938,89.938,0
1786481746.657175	1786481737166,7979.74,die0,3000,3000,0.531983,-1,89.938,89.938,0
1786481746.657175	1786481737268,7979.74,die0,3000,3000,0.531983,-1,89.938,89.938,0
1786481746.657176	1786481737364,7979.74,die0,3000,3000,0.531983,-1,89.938,89.938,0
1786481746.657176	1786481737464,7979.74,die0,3000,3000,0.531983,-1,89.938,89.938,0
1786481746.657177	1786481737571,7979.74,die0,3000,3000,0.531983,-1,89.938,89.938,0
1786481746.657177	1786481737664,7979.74,die0,3000,3000,0.531983,-1,89.938,89.938,0
1786481746.657178	1786481737764,7979.74,die0,3000,3000,0.531983,-1,89.938,89.938,0
1786481746.657178	1786481737864,7979.74,die0,3000,3000,0.531983,-1,89.938,89.938,0
1786481746.657179	1786481737965,7979.74,die0,3000,3000,0.531983,-1,89.938,89.938,0
1786481746.657179	1786481738064,7979.74,die0,3000,3000,0.531983,-1,89.938,89.938,0
1786481746.657180	1786481738164,3000,Minimum,3000,3000,0.3,-1,54.938,54.938,0
1786481746.657180	1786481738264,3000,Minimum,3000,3000,0.3,-1,54.938,54.938,0
1786481746.657181	1786481738364,3000,Minimum,3000,3000,0.3,-1,54.938,54.938,0
1786481746.657182	1786481738464,3000,Minimum,3000,3000,0.3,-1,54.938,54.938,0
1786481746.657182	1786481738564,3000,Minimum,3000,3000,0.3,-1,54.938,54.938,0
1786481746.657183	1786481738671,3000,Minimum,3000,3000,0.3,-1,54.938,54.938,0
1786481746.657183	1786481738764,3000,Minimum,3000,3000,0.3,-1,54.938,54.938,0
1786481746.657184	1786481738864,3000,Minimum,3000,3000,0.3,-1,54.938,54.938,0
1786481746.657184	1786481738965,3000,Minimum,3000,3000,0.3,-1,54.938,54.938,0
1786481746.657185	1786481739064,3000,Minimum,3000,3000,0.3,-1,54.938,54.938,0
1786481746.657185	1786481739164,3000,Minimum,3000,3000,0.3,-1,54.938,54.938,0
1786481746.657187	1786481739264,3000,Minimum,3000,3000,0.3,-1,54.938,54.938,0
1786481746.657221	1786481739364,3000,Minimum,3000,3000,0.3,-1,54.938,54.938,0
1786481746.657222	1786481739464,3000,Minimum,3000,3000,0.3,-1,54.938,54.938,0
1786481746.657223	1786481739572,3000,Minimum,3000,3000,0.3,-1,54.938,54.938,0
1786481746.657223	1786481739664,3000,Minimum,3000,3000,0.3,-1,54.938,54.938,0
1786481746.657225	1786481739764,3000,Minimum,3000,3000,0.3,-1,54.938,54.938,0
1786481746.657225	1786481739878,3000,Minimum,3000,3000,0.3,-1,54.938,54.938,0
1786481746.657226	1786481739964,3000,Minimum,3000,3000,0.3,-1,54.938,54.938,0
1786481746.657226	1786481740064,3000,Minimum,3000,3000,0.3,-1,54.938,54.938,0
1786481746.657227	1786481740164,3000,Minimum,3000,3000,0.3,-1,54.938,54.938,0
1786481746.657227	1786481740264,3000,Minimum,3000,3000,0.3,-1,54.938,54.938,0
1786481746.657228	1786481740365,3000,Minimum,3000,3000,0.3,-1,54.938,54.938,0
1786481746.657228	1786481740467,3000,Minimum,3000,3000,0.3,-1,54.938,54.938,0
1786481746.657230	1786481740565,3000,Minimum,3000,3000,0.3,-1,54.938,54.938,0
1786481746.657231	1786481740664,3000,Minimum,3000,3000,0.3,-1,54.938,54.938,0
1786481746.657231	1786481740764,3000,Minimum,3000,3000,0.3,-1,54.938,54.938,0
1786481746.657232	1786481740864,3000,Minimum,3000,3000,0.3,-1,54.938,54.938,0
1786481746.657232	1786481740969,3000,Minimum,3000,3000,0.3,-1,54.938,54.938,0
1786481746.657233	1786481741065,3000,Minimum,3000,3000,0.3,-1,54.938,54.938,0
1786481746.657233	1786481741164,3000,Minimum,3000,3000,0.3,-1,54.938,54.938,0
1786481746.657234	1786481741265,3000,Minimum,3000,3000,0.3,-1,54.938,54.938,0
1786481746.657234	1786481741364,3000,Minimum,3000,3000,0.3,-1,54.938,54.938,0
1786481746.657812	1786481741464,3000,Minimum,3000,3000,0.3,-1,54.938,54.938,0
1786481746.657817	1786481741565,3000,Minimum,3000,3000,0.3,-1,54.938,54.938,0
1786481762.274457	1786481741664,3000,Minimum,3000,3000,0.3,-1,54.938,54.938,0
1786481762.274467	1786481741764,3000,Minimum,3000,3000,0.3,-1,54.938,54.938,0
1786481762.274468	1786481741865,3000,Minimum,3000,3000,0.3,-1,54.938,54.938,0
1786481762.274469	1786481741969,3000,Minimum,3000,3000,0.3,-1,54.938,54.938,0
1786481762.274470	1786481742065,3000,Minimum,3000,3000,0.3,-1,54.938,54.938,0
1786481762.274470	1786481742164,3000,Minimum,3000,3000,0.3,-1,54.938,54.938,0
1786481762.274470	1786481742267,3000,Minimum,3000,3000,0.3,-1,54.938,54.938,0
1786481762.274472	1786481742371,3000,Minimum,3000,3000,0.3,-1,54.938,54.938,0
1786481762.274473	1786481742465,3000,Minimum,3000,3000,0.3,-1,54.938,54.938,0
1786481762.274473	1786481742568,3000,Minimum,3000,3000,0.3,-1,54.938,54.938,0
1786481762.274474	1786481742666,3000,Minimum,3000,3000,0.3,-1,54.938,54.938,0
1786481762.274474	1786481742764,3000,Minimum,3000,3000,0.3,-1,54.938,54.938,0
1786481762.274491	1786481742864,3000,Minimum,3000,3000,0.3,-1,54.938,54.938,0
1786481762.274492	1786481742965,3000,Minimum,3000,3000,0.3,-1,54.938,54.938,0
1786481762.274492	1786481743065,3000,Minimum,3000,3000,0.3,-1,54.938,54.938,0
1786481762.274493	1786481743164,3000,Minimum,3000,3000,0.3,-1,54.938,54.938,0
1786481762.274493	1786481743264,3000,Minimum,3000,3000,0.3,-1,54.938,54.938,0
1786481762.274493	1786481743364,3000,Minimum,3000,3000,0.3,-1,54.938,54.938,0
1786481762.274494	1786481743471,3000,Minimum,3000,3000,0.3,-1,54.938,54.938,0
1786481762.274494	1786481743564,3000,Minimum,3000,3000,0.3,-1,54.938,54.938,0
1786481762.274495	1786481743664,3000,Minimum,3000,3000,0.3,-1,54.938,54.938,0
1786481762.274495	1786481743764,3000,Minimum,3000,3000,0.3,-1,54.938,54.938,0
1786481762.274496	1786481743864,3000,Minimum,3000,3000,0.3,-1,54.938,54.938,0
1786481762.274505	1786481743969,3000,Minimum,3000,3000,0.3,-1,54.938,54.938,0
1786481762.274506	1786481744064,3000,Minimum,3000,3000,0.3,-1,54.938,54.938,0
1786481762.274506	1786481744164,3000,Minimum,3000,3000,0.3,-1,54.938,54.938,0
1786481762.274507	1786481744264,3000,Minimum,3000,3000,0.3,-1,54.938,54.938,0
1786481762.274507	1786481744365,3000,Minimum,3000,3000,0.3,-1,54.938,54.938,0
1786481762.274508	1786481744464,3000,Minimum,3000,3000,0.3,-1,54.938,54.938,0
1786481762.274508	1786481744571,3000,Minimum,3000,3000,0.3,-1,54.938,54.938,0
1786481762.274509	1786481744664,3000,Minimum,3000,3000,0.3,-1,54.938,54.938,0
1786481762.274509	1786481744764,3000,Minimum,3000,3000,0.3,-1,54.938,54.938,0
1786481762.274510	1786481744865,3000,Minimum,3000,3000,0.3,-1,54.938,54.938,0
1786481762.274510	1786481744964,3000,Minimum,3000,3000,0.3,-1,54.938,54.938,0
1786481762.291036	1786481745065,3000,Minimum,3000,3000,0.3,-1,54.938,54.938,0
1786481762.291059	1786481745164,7751.83,die0,3000,3000,0.516789,-1,89.938,89.938,0
1786481762.291072	1786481745264,7751.83,die0,3000,3000,0.516789,-1,89.938,89.938,0
1786481762.291073	1786481745364,7751.83,die0,3000,3000,0.516789,-1,89.938,89.938,0
1786481762.291074	1786481745464,7751.83,die0,3000,3000,0.516789,-1,89.938,89.938,0
1786481762.291075	1786481745565,7751.83,die0,3000,3000,0.516789,-1,89.938,89.938,0
1786481762.291076	1786481745664,7751.83,die0,3000,3000,0.516789,-1,89.938,89.938,0
1786481762.291077	1786481745766,7751.83,die0,3000,3000,0.516789,-1,89.938,89.938,0
1786481762.291078	1786481745864,7751.83,die0,3000,3000,0.516789,-1,89.938,89.938,0
1786481762.291078	1786481745964,7751.83,die0,3000,3000,0.516789,-1,89.938,89.938,0
1786481762.291079	1786481746067,7751.83,die0,3000,3000,0.516789,-1,89.938,89.938,0
1786481762.291080	1786481746168,7876.76,die0,3000,3000,0.525117,-1,89.938,89.938,0
1786481762.291081	1786481746266,7876.76,die0,3000,3000,0.525117,-1,89.938,89.938,0
1786481762.291082	1786481746364,7876.76,die0,3000,3000,0.525117,-1,89.938,89.938,0
1786481762.291083	1786481746464,7876.76,die0,3000,3000,0.525117,-1,89.938,89.938,0
1786481762.291084	1786481746565,7876.76,die0,3000,3000,0.525117,-1,89.938,89.938,0
1786481762.291084	1786481746664,7876.76,die0,3000,3000,0.525117,-1,89.938,89.938,0
1786481762.291085	1786481746764,7876.76,die0,3000,3000,0.525117,-1,89.938,89.938,0
1786481762.291086	1786481746864,7876.76,die0,3000,3000,0.525117,-1,89.938,89.938,0
1786481762.291087	1786481746964,7876.76,die0,3000,3000,0.525117,-1,89.938,89.938,0
1786481762.291087	1786481747064,7876.76,die0,3000,3000,0.525117,-1,89.938,89.938,0
1786481762.291088	1786481747164,8001.69,die0,3000,3000,0.533446,-1,89.938,89.938,0
1786481762.291089	1786481747264,8001.69,die0,3000,3000,0.533446,-1,89.938,89.938,0
1786481762.291090	1786481747365,8001.69,die0,3000,3000,0.533446,-1,89.938,89.938,0
1786481762.291091	1786481747469,8001.69,die0,3000,3000,0.533446,-1,89.938,89.938,0
1786481762.291093	1786481747564,8001.69,die0,3000,3000,0.533446,-1,89.938,89.938,0
1786481762.291094	1786481747664,8001.69,die0,3000,3000,0.533446,-1,89.938,89.938,0
1786481762.291095	1786481747764,8001.69,die0,3000,3000,0.533446,-1,89.938,89.938,0
1786481762.291095	1786481747865,8001.69,die0,3000,3000,0.533446,-1,89.938,89.938,0
1786481762.291096	1786481747968,8001.69,die0,3000,3000,0.533446,-1,89.938,89.938,0
1786481762.291097	1786481748064,8001.69,die0,3000,3000,0.533446,-1,89.938,89.938,0
1786481762.291098	1786481748169,8126.61,die0,3000,3000,0.541774,-1,89.938,89.938,0
1786481762.291098	1786481748264,8126.61,die0,3000,3000,0.541774,-1,89.938,89.938,0
1786481762.291099	1786481748364,8126.61,die0,3000,3000,0.541774,-1,89.938,89.938,0
1786481762.291100	1786481748464,8126.61,die0,3000,3000,0.541774,-1,89.938,89.938,0
1786481762.291101	1786481748564,8126.61,die0,3000,3000,0.541774,-1,89.938,89.938,0
1786481762.291101	1786481748665,8126.61,die0,3000,3000,0.541774,-1,89.938,89.938,0
1786481762.291102	1786481748764,8126.61,die0,3000,3000,0.541774,-1,89.938,89.938,0
1786481762.291103	1786481748864,8126.61,die0,3000,3000,0.541774,-1,89.938,89.938,0
1786481762.291104	1786481748965,8126.61,die0,3000,3000,0.541774,-1,89.938,89.938,0
1786481762.291105	1786481749064,8126.61,die0,3000,3000,0.541774,-1,89.938,89.938,0
1786481762.291106	1786481749165,8251.54,die0,3000,3000,0.550103,-1,89.938,89.938,0
1786481762.291106	1786481749264,8251.54,die0,3000,3000,0.550103,-1,89.938,89.938,0
1786481762.291107	1786481749364,8251.54,die0,3000,3000,0.550103,-1,89.938,89.938,0
1786481762.291108	1786481749464,8251.54,die0,3000,3000,0.550103,-1,89.938,89.938,0
1786481762.291109	1786481749564,8251.54,die0,3000,3000,0.550103,-1,89.938,89.938,0
1786481762.291110	1786481749665,8251.54,die0,3000,3000,0.550103,-1,89.938,89.938,0
1786481762.291111	1786481749764,8251.54,die0,3000,3000,0.550103,-1,89.938,89.938,0
1786481762.291111	1786481749865,8251.54,die0,3000,3000,0.550103,-1,89.938,89.938,0
1786481762.291112	1786481749968,8251.54,die0,3000,3000,0.550103,-1,89.938,89.938,0
1786481762.291113	1786481750064,8251.54,die0,3000,3000,0.550103,-1,89.938,89.938,0
1786481762.291114	1786481750164,8376.47,die0,3000,3000,0.558431,-1,89.938,89.938,0
1786481762.291115	1786481750264,8376.47,die0,3000,3000,0.558431,-1,89.938,89.938,0
1786481762.291116	1786481750365,8376.47,die0,3000,3000,0.558431,-1,89.938,89.938,0
1786481762.291116	1786481750464,8376.47,die0,3000,3000,0.558431,-1,89.938,89.938,0
1786481762.291117	1786481750564,8376.47,die0,3000,3000,0.558431,-1,89.938,89.938,0
1786481762.291118	1786481750664,8376.47,die0,3000,3000,0.558431,-1,89.938,89.938,0
1786481762.291121	1786481750771,8376.47,die0,3000,3000,0.558431,-1,89.938,89.938,0
1786481762.291121	1786481750864,8376.47,die0,3000,3000,0.558431,-1,89.938,89.938,0
1786481762.291122	1786481750972,8376.47,die0,3000,3000,0.558431,-1,89.938,89.938,0
1786481762.291123	1786481751064,8376.47,die0,3000,3000,0.558431,-1,89.938,89.938,0
1786481762.291124	1786481751172,3000,Minimum,3000,3000,0.3,-1,54.938,54.938,0
1786481762.291126	1786481751264,3000,Minimum,3000,3000,0.3,-1,54.938,54.938,0
1786481762.291946	1786481751364,3000,Minimum,3000,3000,0.3,-1,54.938,54.938,0
1786481762.291954	1786481751465,3000,Minimum,3000,3000,0.3,-1,54.938,54.938,0
1786481762.291955	1786481751564,3000,Minimum,3000,3000,0.3,-1,54.938,54.938,0
1786481762.291962	1786481751665,3000,Minimum,3000,3000,0.3,-1,54.938,54.938,0
1786481762.291962	1786481751764,3000,Minimum,3000,3000,0.3,-1,54.938,54.938,0
1786481762.291963	1786481751864,3000,Minimum,3000,3000,0.3,-1,54.938,54.938,0
1786481762.291963	1786481751964,3000,Minimum,3000,3000,0.3,-1,54.938,54.938,0
1786481762.291964	1786481752065,3000,Minimum,3000,3000,0.3,-1,54.938,54.938,0
1786481762.291964	1786481752165,3000,Minimum,3000,3000,0.3,-1,54.938,54.938,0
1786481762.291965	1786481752264,3000,Minimum,3000,3000,0.3,-1,54.938,54.938,0
1786481762.291965	1786481752364,3000,Minimum,3000,3000,0.3,-1,54.938,54.938,0
1786481762.291966	1786481752464,3000,Minimum,3000,3000,0.3,-1,54.938,54.938,0
1786481762.291966	1786481752564,3000,Minimum,3000,3000,0.3,-1,54.938,54.938,0
1786481762.291967	1786481752665,3000,Minimum,3000,3000,0.3,-1,54.938,54.938,0
1786481762.291967	1786481752768,3000,Minimum,3000,3000,0.3,-1,54.938,54.938,0
1786481762.291967	1786481760318,3000,Minimum,3000,3000,0.3,-1,54.938,54.938,0
1786481762.291968	1786481760415,3000,Minimum,3000,3000,0.3,-1,54.938,54.938,0
1786481762.291969	1786481760515,3000,Minimum,3000,3000,0.3,-1,54.938,54.938,0
1786481762.291969	1786481760615,3000,Minimum,3000,3000,0.3,-1,54.938,54.938,0
1786481762.291970	1786481760715,3000,Minimum,3000,3000,0.3,-1,54.938,54.938,0
1786481762.291970	1786481760815,3000,Minimum,3000,3000,0.3,-1,54.938,54.938,0
1786481762.291970	1786481760915,3000,Minimum,3000,3000,0.3,-1,54.938,54.938,0
1786481762.291971	1786481761017,3000,Minimum,3000,3000,0.3,-1,54.938,54.938,0
1786481762.291971	1786481761123,3000,Minimum,3000,3000,0.3,-1,54.938,54.938,0
1786481762.291972	1786481761215,3000,Minimum,3000,3000,0.3,-1,54.938,54.938,0
1786481762.291972	1786481761315,3000,Minimum,3000,3000,0.3,-1,54.938,54.938,0
1786481762.291973	1786481761415,3000,Minimum,3000,3000,0.3,-1,54.938,54.938,0
1786481762.291973	1786481761518,3000,Minimum,3000,3000,0.3,-1,54.938,54.938,0
1786481762.291974	1786481761617,3000,Minimum,3000,3000,0.3,-1,54.938,54.938,0
1786481762.291974	1786481761720,3000,Minimum,3000,3000,0.3,-1,54.938,54.938,0
1786481762.291975	1786481761823,3000,Minimum,3000,3000,0.3,-1,54.938,54.938,0
1786481762.291975	1786481761915,3000,Minimum,3000,3000,0.3,-1,54.938,54.938,0
1786481762.291975	1786481762015,3000,Minimum,3000,3000,0.3,-1,54.938,54.938,0
1786481762.291976	1786481762123,3000,Minimum,3000,3000,0.3,-1,54.938,54.938,0
1786481762.291976	1786481762221,3000,Minimum,3000,3000,0.3,-1,54.938,54.938,0
1786481779.984617	1786481762315,3000,Minimum,3000,3000,0.3,-1,54.938,54.938,0
1786481779.984631	1786481762415,3000,Minimum,3000,3000,0.3,-1,54.938,54.938,0
1786481779.984632	1786481762516,3000,Minimum,3000,3000,0.3,-1,54.938,54.938,0
1786481779.984633	1786481762615,3000,Minimum,3000,3000,0.3,-1,54.938,54.938,0
1786481779.984634	1786481762744,3000,Minimum,3000,3000,0.3,-1,54.938,54.938,0
1786481779.984635	1786481762817,3000,Minimum,3000,3000,0.3,-1,54.938,54.938,0
1786481779.984636	1786481762915,3000,Minimum,3000,3000,0.3,-1,54.938,54.938,0
1786481779.984637	1786481763016,3000,Minimum,3000,3000,0.3,-1,54.938,54.938,0
1786481779.984638	1786481763115,3000,Minimum,3000,3000,0.3,-1,54.938,54.938,0
1786481779.984639	1786481763216,3000,Minimum,3000,3000,0.3,-1,54.938,54.938,0
1786481779.984640	1786481763315,3000,Minimum,3000,3000,0.3,-1,54.938,54.938,0
1786481779.984641	1786481763415,3000,Minimum,3000,3000,0.3,-1,54.938,54.938,0
1786481779.984642	1786481763515,3000,Minimum,3000,3000,0.3,-1,54.938,54.938,0
1786481779.984643	1786481763622,3000,Minimum,3000,3000,0.3,-1,54.938,54.938,0
1786481779.984644	1786481763715,3000,Minimum,3000,3000,0.3,-1,54.938,54.938,0
1786481779.984645	1786481763818,3000,Minimum,3000,3000,0.3,-1,54.938,54.938,0
1786481779.984645	1786481763917,3000,Minimum,3000,3000,0.3,-1,54.938,54.938,0
1786481779.984646	1786481764016,3000,Minimum,3000,3000,0.3,-1,54.938,54.938,0
1786481779.984647	1786481764115,3000,Minimum,3000,3000,0.3,-1,54.938,54.938,0
1786481779.984648	1786481764215,3000,Minimum,3000,3000,0.3,-1,54.938,54.938,0
1786481779.984649	1786481764317,3000,Minimum,3000,3000,0.3,-1,54.938,54.938,0
1786481779.984650	1786481764418,3000,Minimum,3000,3000,0.3,-1,54.938,54.938,0
1786481779.984651	1786481764515,3000,Minimum,3000,3000,0.3,-1,54.938,54.938,0
1786481779.984652	1786481764615,3000,Minimum,3000,3000,0.3,-1,54.938,54.938,0
1786481779.984653	1786481764716,3000,Minimum,3000,3000,0.3,-1,54.938,54.938,0
1786481779.984653	1786481764815,3000,Minimum,3000,3000,0.3,-1,54.938,54.938,0
1786481779.984654	1786481764915,3000,Minimum,3000,3000,0.3,-1,54.938,54.938,0
1786481779.984655	1786481765015,3000,Minimum,3000,3000,0.3,-1,54.938,54.938,0
1786481779.984656	1786481765115,3000,Minimum,3000,3000,0.3,-1,54.938,54.938,0
1786481779.984657	1786481765216,3000,Minimum,3000,3000,0.3,-1,54.938,54.938,0
1786481779.984658	1786481765315,3000,Minimum,3000,3000,0.3,-1,54.938,54.938,0
1786481779.984658	1786481765416,3000,Minimum,3000,3000,0.3,-1,54.938,54.938,0
1786481779.984659	1786481765515,3000,Minimum,3000,3000,0.3,-1,54.938,54.938,0
1786481779.984660	1786481765615,8148.55,die0,3000,3000,0.543237,-1,89.938,89.938,0
1786481779.984668	1786481765715,8148.55,die0,3000,3000,0.543237,-1,89.938,89.938,0
1786481779.984669	1786481765815,8148.55,die0,3000,3000,0.543237,-1,89.938,89.938,0
1786481779.984670	1786481765916,8148.55,die0,3000,3000,0.543237,-1,89.938,89.938,0
1786481779.984671	1786481766015,8148.55,die0,3000,3000,0.543237,-1,89.938,89.938,0
1786481779.984672	1786481766117,8148.55,die0,3000,3000,0.543237,-1,89.938,89.938,0
1786481779.984673	1786481766215,8148.55,die0,3000,3000,0.543237,-1,89.938,89.938,0
1786481779.984674	1786481766315,8148.55,die0,3000,3000,0.543237,-1,89.938,89.938,0
1786481779.984674	1786481766415,8148.55,die0,3000,3000,0.543237,-1,89.938,89.938,0
1786481779.984675	1786481766515,8148.55,die0,3000,3000,0.543237,-1,89.938,89.938,0
1786481779.984676	1786481766616,8273.48,die0,3000,3000,0.551565,-1,89.938,89.938,0
1786481779.984677	1786481766717,8273.48,die0,3000,3000,0.551565,-1,89.938,89.938,0
1786481779.984678	1786481766815,8273.48,die0,3000,3000,0.551565,-1,89.938,89.938,0
1786481779.984679	1786481766915,8273.48,die0,3000,3000,0.551565,-1,89.938,89.938,0
1786481779.984680	1786481767015,8273.48,die0,3000,3000,0.551565,-1,89.938,89.938,0
1786481779.984681	1786481767115,8273.48,die0,3000,3000,0.551565,-1,89.938,89.938,0
1786481779.984682	1786481767215,8273.48,die0,3000,3000,0.551565,-1,89.938,89.938,0
1786481779.984683	1786481767317,8273.48,die0,3000,3000,0.551565,-1,89.938,89.938,0
1786481779.984684	1786481767416,8273.48,die0,3000,3000,0.551565,-1,89.938,89.938,0
1786481779.984685	1786481767516,8273.48,die0,3000,3000,0.551565,-1,89.938,89.938,0
1786481779.984686	1786481767617,8398.41,die0,3000,3000,0.559894,-1,89.938,89.938,0
1786481779.984687	1786481767715,8398.41,die0,3000,3000,0.559894,-1,89.938,89.938,0
1786481779.984688	1786481767818,8398.41,die0,3000,3000,0.559894,-1,89.938,89.938,0
1786481779.984689	1786481767915,8398.41,die0,3000,3000,0.559894,-1,89.938,89.938,0
1786481779.984690	1786481768016,8398.41,die0,3000,3000,0.559894,-1,89.938,89.938,0
1786481779.984691	1786481768115,8398.41,die0,3000,3000,0.559894,-1,89.938,89.938,0
1786481779.984692	1786481768216,8398.41,die0,3000,3000,0.559894,-1,89.938,89.938,0
1786481779.984693	1786481768315,8398.41,die0,3000,3000,0.559894,-1,89.938,89.938,0
1786481779.984694	1786481768415,8398.41,die0,3000,3000,0.559894,-1,89.938,89.938,0
1786481779.984694	1786481768515,8398.41,die0,3000,3000,0.559894,-1,89.938,89.938,0
1786481779.984695	1786481768615,8523.34,die0,3000,3000,0.568222,-1,89.938,89.938,0
1786481779.987179	1786481768723,8523.34,die0,3000,3000,0.568222,-1,89.938,89.938,0
1786481779.987189	1786481768815,8523.34,die0,3000,3000,0.568222,-1,89.938,89.938,0
1786481779.987190	1786481768915,8523.34,die0,3000,3000,0.568222,-1,89.938,89.938,0
1786481779.987191	1786481769015,8523.34,die0,3000,3000,0.568222,-1,89.938,89.938,0
1786481779.987191	1786481769115,8523.34,die0,3000,3000,0.568222,-1,89.938,89.938,0
1786481779.987192	1786481769216,8523.34,die0,3000,3000,0.568222,-1,89.938,89.938,0
1786481779.987199	1786481769315,8523.34,die0,3000,3000,0.568222,-1,89.938,89.938,0
1786481779.987199	1786481769415,8523.34,die0,3000,3000,0.568222,-1,89.938,89.938,0
1786481779.987200	1786481769516,8523.34,die0,3000,3000,0.568222,-1,89.938,89.938,0
1786481779.987200	1786481769618,8648.26,die0,3000,3000,0.576551,-1,89.938,89.938,0
1786481779.987201	1786481769715,8648.26,die0,3000,3000,0.576551,-1,89.938,89.938,0
1786481779.987201	1786481769823,8648.26,die0,3000,3000,0.576551,-1,89.938,89.938,0
1786481779.987202	1786481769915,8648.26,die0,3000,3000,0.576551,-1,89.938,89.938,0
1786481779.987203	1786481770015,8648.26,die0,3000,3000,0.576551,-1,89.938,89.938,0
1786481779.987203	1786481770123,8648.26,die0,3000,3000,0.576551,-1,89.938,89.938,0
1786481779.987204	1786481770215,8648.26,die0,3000,3000,0.576551,-1,89.938,89.938,0
1786481779.987204	1786481770315,8648.26,die0,3000,3000,0.576551,-1,89.938,89.938,0
1786481779.987205	1786481770415,8648.26,die0,3000,3000,0.576551,-1,89.938,89.938,0
1786481779.987206	1786481770515,8648.26,die0,3000,3000,0.576551,-1,89.938,89.938,0
1786481779.987207	1786481770615,8773.19,die0,3000,3000,0.584879,-1,89.938,89.938,0
1786481779.987207	1786481770715,8773.19,die0,3000,3000,0.584879,-1,89.938,89.938,0
1786481779.987208	1786481770815,8773.19,die0,3000,3000,0.584879,-1,89.938,89.938,0
1786481779.987209	1786481770915,8773.19,die0,3000,3000,0.584879,-1,89.938,89.938,0
1786481779.987209	1786481771015,8773.19,die0,3000,3000,0.584879,-1,89.938,89.938,0
1786481779.987210	1786481771116,8773.19,die0,3000,3000,0.584879,-1,89.938,89.938,0
1786481779.987210	1786481771215,8773.19,die0,3000,3000,0.584879,-1,89.938,89.938,0
1786481779.987211	1786481771315,8773.19,die0,3000,3000,0.584879,-1,89.938,89.938,0
1786481779.987211	1786481771417,8773.19,die0,3000,3000,0.584879,-1,89.938,89.938,0
1786481779.987212	1786481771515,8773.19,die0,3000,3000,0.584879,-1,89.938,89.938,0
1786481779.987212	1786481771622,8898.12,die0,3000,3000,0.593208,-1,89.938,89.938,0
1786481779.987213	1786481771715,8898.12,die0,3000,3000,0.593208,-1,89.938,89.938,0
1786481779.987214	1786481771815,8898.12,die0,3000,3000,0.593208,-1,89.938,89.938,0
1786481779.987214	1786481771915,8898.12,die0,3000,3000,0.593208,-1,89.938,89.938,0
1786481779.987215	1786481772015,8898.12,die0,3000,3000,0.593208,-1,89.938,89.938,0
1786481779.987215	1786481772115,8898.12,die0,3000,3000,0.593208,-1,89.938,89.938,0
1786481779.987216	1786481772216,8898.12,die0,3000,3000,0.593208,-1,89.938,89.938,0
1786481779.987216	1786481772315,8898.12,die0,3000,3000,0.593208,-1,89.938,89.938,0
1786481779.987217	1786481772417,8898.12,die0,3000,3000,0.593208,-1,89.938,89.938,0
1786481779.987217	1786481772516,8898.12,die0,3000,3000,0.593208,-1,89.938,89.938,0
1786481779.987218	1786481772615,3000,Minimum,3000,3000,0.3,-1,54.938,54.938,0
1786481779.987218	1786481772796,3000,Minimum,3000,3000,0.3,-1,54.938,54.938,0
1786481779.987219	1786481772822,3000,Minimum,3000,3000,0.3,-1,54.938,54.938,0
1786481779.987219	1786481772916,3000,Minimum,3000,3000,0.3,-1,54.938,54.938,0
1786481779.987221	1786481773015,3000,Minimum,3000,3000,0.3,-1,54.938,54.938,0
1786481779.987222	1786481773115,3000,Minimum,3000,3000,0.3,-1,54.938,54.938,0
1786481779.987222	1786481773215,3000,Minimum,3000,3000,0.3,-1,54.938,54.938,0
1786481779.987223	1786481773315,3000,Minimum,3000,3000,0.3,-1,54.938,54.938,0
1786481779.987223	1786481773415,3000,Minimum,3000,3000,0.3,-1,54.938,54.938,0
1786481779.987224	1786481773515,3000,Minimum,3000,3000,0.3,-1,54.938,54.938,0
1786481779.987224	1786481773615,3000,Minimum,3000,3000,0.3,-1,54.938,54.938,0
1786481779.987225	1786481773716,3000,Minimum,3000,3000,0.3,-1,54.938,54.938,0
1786481779.987225	1786481773815,3000,Minimum,3000,3000,0.3,-1,54.938,54.938,0
1786481779.987226	1786481773915,3000,Minimum,3000,3000,0.3,-1,54.938,54.938,0
1786481779.987227	1786481774015,3000,Minimum,3000,3000,0.3,-1,54.938,54.938,0
1786481779.987227	1786481774115,3000,Minimum,3000,3000,0.3,-1,54.938,54.938,0
1786481779.987228	1786481774216,3000,Minimum,3000,3000,0.3,-1,54.938,54.938,0
1786481779.987228	1786481774316,3000,Minimum,3000,3000,0.3,-1,54.938,54.938,0
1786481779.987229	1786481774415,3000,Minimum,3000,3000,0.3,-1,54.938,54.938,0
1786481779.987231	1786481774521,3000,Minimum,3000,3000,0.3,-1,54.938,54.938,0
1786481779.987231	1786481774615,3000,Minimum,3000,3000,0.3,-1,54.938,54.938,0
1786481779.987232	1786481774716,3000,Minimum,3000,3000,0.3,-1,54.938,54.938,0
1786481779.987232	1786481774815,3000,Minimum,3000,3000,0.3,-1,54.938,54.938,0
1786481779.987233	1786481774915,3000,Minimum,3000,3000,0.3,-1,54.938,54.938,0
1786481779.987234	1786481775015,3000,Minimum,3000,3000,0.3,-1,54.938,54.938,0
1786481779.988410	1786481775115,3000,Minimum,3000,3000,0.3,-1,54.938,54.938,0
1786481779.988416	1786481775218,3000,Minimum,3000,3000,0.3,-1,54.938,54.938,0
1786481779.988417	1786481775315,3000,Minimum,3000,3000,0.3,-1,54.938,54.938,0
1786481795.606972	1786481775415,3000,Minimum,3000,3000,0.3,-1,54.938,54.938,0
1786481795.606991	1786481775517,3000,Minimum,3000,3000,0.3,-1,54.938,54.938,0
1786481795.606992	1786481775615,3000,Minimum,3000,3000,0.3,-1,54.938,54.938,0
1786481795.606992	1786481775722,3000,Minimum,3000,3000,0.3,-1,54.938,54.938,0
1786481795.606993	1786481775815,3000,Minimum,3000,3000,0.3,-1,54.938,54.938,0
1786481795.606994	1786481775926,3000,Minimum,3000,3000,0.3,-1,54.938,54.938,0
1786481795.606994	1786481776015,3000,Minimum,3000,3000,0.3,-1,54.938,54.938,0
1786481795.606995	1786481776115,3000,Minimum,3000,3000,0.3,-1,54.938,54.938,0
1786481795.606995	1786481776215,3000,Minimum,3000,3000,0.3,-1,54.938,54.938,0
1786481795.606995	1786481776322,3000,Minimum,3000,3000,0.3,-1,54.938,54.938,0
1786481795.607004	1786481776422,3000,Minimum,3000,3000,0.3,-1,54.938,54.938,0
1786481795.607005	1786481776515,3000,Minimum,3000,3000,0.3,-1,54.938,54.938,0
1786481795.607006	1786481776615,3000,Minimum,3000,3000,0.3,-1,54.938,54.938,0
1786481795.607006	1786481776715,3000,Minimum,3000,3000,0.3,-1,54.938,54.938,0
1786481795.607007	1786481776815,3000,Minimum,3000,3000,0.3,-1,54.938,54.938,0
1786481795.607007	1786481776922,3000,Minimum,3000,3000,0.3,-1,54.938,54.938,0
1786481795.607008	1786481777015,3000,Minimum,3000,3000,0.3,-1,54.938,54.938,0
1786481795.607008	1786481777116,3000,Minimum,3000,3000,0.3,-1,54.938,54.938,0
1786481795.607009	1786481777215,3000,Minimum,3000,3000,0.3,-1,54.938,54.938,0
1786481795.607009	1786481777316,3000,Minimum,3000,3000,0.3,-1,54.938,54.938,0
1786481795.607010	1786481777415,3000,Minimum,3000,3000,0.3,-1,54.938,54.938,0
1786481795.607010	1786481777515,3000,Minimum,3000,3000,0.3,-1,54.938,54.938,0
1786481795.607011	1786481777615,3000,Minimum,3000,3000,0.3,-1,54.938,54.938,0
1786481795.607011	1786481777716,3000,Minimum,3000,3000,0.3,-1,54.938,54.938,0
1786481795.607012	1786481777815,3000,Minimum,3000,3000,0.3,-1,54.938,54.938,0
1786481795.607012	1786481777922,3000,Minimum,3000,3000,0.3,-1,54.938,54.938,0
1786481795.607013	1786481778015,3000,Minimum,3000,3000,0.3,-1,54.938,54.938,0
1786481795.607013	1786481778116,3000,Minimum,3000,3000,0.3,-1,54.938,54.938,0
1786481795.607014	1786481778215,3000,Minimum,3000,3000,0.3,-1,54.938,54.938,0
1786481795.607014	1786481778315,3000,Minimum,3000,3000,0.3,-1,54.938,54.938,0
1786481795.607015	1786481778421,3000,Minimum,3000,3000,0.3,-1,54.938,54.938,0
1786481795.607015	1786481778529,3000,Minimum,3000,3000,0.3,-1,54.938,54.938,0
1786481795.607016	1786481778615,8720.61,die0,3000,3000,0.581374,-1,89.938,89.938,0
1786481795.607016	1786481778716,8720.61,die0,3000,3000,0.581374,-1,89.938,89.938,0
1786481795.607017	1786481778815,8720.61,die0,3000,3000,0.581374,-1,89.938,89.938,0
1786481795.607017	1786481778915,8720.61,die0,3000,3000,0.581374,-1,89.938,89.938,0
1786481795.607018	1786481779015,8720.61,die0,3000,3000,0.581374,-1,89.938,89.938,0
1786481795.607018	1786481779115,8720.61,die0,3000,3000,0.581374,-1,89.938,89.938,0
1786481795.607019	1786481779215,8720.61,die0,3000,3000,0.581374,-1,89.938,89.938,0
1786481795.607019	1786481779315,8720.61,die0,3000,3000,0.581374,-1,89.938,89.938,0
1786481795.607020	1786481779415,8720.61,die0,3000,3000,0.581374,-1,89.938,89.938,0
1786481795.607020	1786481779515,8720.61,die0,3000,3000,0.581374,-1,89.938,89.938,0
1786481795.607022	1786481779615,8845.54,die0,3000,3000,0.589703,-1,89.938,89.938,0
1786481795.607023	1786481779715,8845.54,die0,3000,3000,0.589703,-1,89.938,89.938,0
1786481795.607023	1786481779815,8845.54,die0,3000,3000,0.589703,-1,89.938,89.938,0
1786481795.607024	1786481779915,8845.54,die0,3000,3000,0.589703,-1,89.938,89.938,0
1786481795.607025	1786481780015,8845.54,die0,3000,3000,0.589703,-1,89.938,89.938,0
1786481795.607026	1786481780115,8845.54,die0,3000,3000,0.589703,-1,89.938,89.938,0
1786481795.607026	1786481780215,8845.54,die0,3000,3000,0.589703,-1,89.938,89.938,0
1786481795.607027	1786481780315,8845.54,die0,3000,3000,0.589703,-1,89.938,89.938,0
1786481795.607028	1786481780415,8845.54,die0,3000,3000,0.589703,-1,89.938,89.938,0
1786481795.607028	1786481780515,8845.54,die0,3000,3000,0.589703,-1,89.938,89.938,0
1786481795.607028	1786481780615,8970.47,die0,3000,3000,0.598031,-1,89.938,89.938,0
1786481795.607029	1786481780715,8970.47,die0,3000,3000,0.598031,-1,89.938,89.938,0
1786481795.607029	1786481780815,8970.47,die0,3000,3000,0.598031,-1,89.938,89.938,0
1786481795.607030	1786481780916,8970.47,die0,3000,3000,0.598031,-1,89.938,89.938,0
1786481795.607031	1786481781016,8970.47,die0,3000,3000,0.598031,-1,89.938,89.938,0
1786481795.607031	1786481781115,8970.47,die0,3000,3000,0.598031,-1,89.938,89.938,0
1786481795.607032	1786481781215,8970.47,die0,3000,3000,0.598031,-1,89.938,89.938,0
1786481795.607032	1786481781315,8970.47,die0,3000,3000,0.598031,-1,89.938,89.938,0
1786481795.607033	1786481781421,8970.47,die0,3000,3000,0.598031,-1,89.938,89.938,0
1786481795.607033	1786481781515,8970.47,die0,3000,3000,0.598031,-1,89.938,89.938,0
1786481795.607033	1786481781617,9095.39,die0,3000,3000,0.60636,-1,89.938,89.938,0
1786481795.607034	1786481781721,9095.39,die0,3000,3000,0.60636,-1,89.938,89.938,0
1786481795.608737	1786481781815,9095.39,die0,3000,3000,0.60636,-1,89.938,89.938,0
1786481795.608739	1786481781915,9095.39,die0,3000,3000,0.60636,-1,89.938,89.938,0
1786481795.608740	1786481782015,9095.39,die0,3000,3000,0.60636,-1,89.938,89.938,0
1786481795.608740	1786481782115,9095.39,die0,3000,3000,0.60636,-1,89.938,89.938,0
1786481795.608741	1786481782222,9095.39,die0,3000,3000,0.60636,-1,89.938,89.938,0
1786481795.608741	1786481782315,9095.39,die0,3000,3000,0.60636,-1,89.938,89.938,0
1786481795.608742	1786481782415,9095.39,die0,3000,3000,0.60636,-1,89.938,89.938,0
1786481795.608746	1786481782522,9095.39,die0,3000,3000,0.60636,-1,89.938,89.938,0
1786481795.608746	1786481782615,9220.32,die0,3000,3000,0.614688,-1,89.938,89.938,0
1786481795.608747	1786481782716,9220.32,die0,3000,3000,0.614688,-1,89.938,89.938,0
1786481795.608778	1786481782815,9220.32,die0,3000,3000,0.614688,-1,89.938,89.938,0
1786481795.608778	1786481782915,9220.32,die0,3000,3000,0.614688,-1,89.938,89.938,0
1786481795.608779	1786481783015,9220.32,die0,3000,3000,0.614688,-1,89.938,89.938,0
1786481795.608779	1786481783115,9220.32,die0,3000,3000,0.614688,-1,89.938,89.938,0
1786481795.608780	1786481783215,9220.32,die0,3000,3000,0.614688,-1,89.938,89.938,0
1786481795.608780	1786481783315,9220.32,die0,3000,3000,0.614688,-1,89.938,89.938,0
1786481795.608781	1786481783415,9220.32,die0,3000,3000,0.614688,-1,89.938,89.938,0
1786481795.608781	1786481783515,9220.32,die0,3000,3000,0.614688,-1,89.938,89.938,0
1786481795.608784	1786481783615,9345.25,die0,3000,3000,0.623017,-1,89.938,89.938,0
1786481795.608784	1786481783715,9345.25,die0,3000,3000,0.623017,-1,89.938,89.938,0
1786481795.608785	1786481783815,9345.25,die0,3000,3000,0.623017,-1,89.938,89.938,0
1786481795.608785	1786481783916,9345.25,die0,3000,3000,0.623017,-1,89.938,89.938,0
1786481795.608786	1786481784015,9345.25,die0,3000,3000,0.623017,-1,89.938,89.938,0
1786481795.608786	1786481784115,9345.25,die0,3000,3000,0.623017,-1,89.938,89.938,0
1786481795.608787	1786481784215,9345.25,die0,3000,3000,0.623017,-1,89.938,89.938,0
1786481795.608788	1786481784319,9345.25,die0,3000,3000,0.623017,-1,89.938,89.938,0
1786481795.608788	1786481784415,9345.25,die0,3000,3000,0.623017,-1,89.938,89.938,0
1786481795.608788	1786481784515,9345.25,die0,3000,3000,0.623017,-1,89.938,89.938,0
1786481795.608789	1786481784615,9470.18,die0,3000,3000,0.631345,-1,89.938,89.938,0
1786481795.608790	1786481784715,9470.18,die0,3000,3000,0.631345,-1,89.938,89.938,0
1786481795.608790	1786481784818,9470.18,die0,3000,3000,0.631345,-1,89.938,89.938,0
1786481795.608791	1786481784919,9470.18,die0,3000,3000,0.631345,-1,89.938,89.938,0
1786481795.608791	1786481785015,9470.18,die0,3000,3000,0.631345,-1,89.938,89.938,0
1786481795.608792	1786481785123,9470.18,die0,3000,3000,0.631345,-1,89.938,89.938,0
1786481795.608792	1786481785215,9470.18,die0,3000,3000,0.631345,-1,89.938,89.938,0
1786481795.608793	1786481785315,9470.18,die0,3000,3000,0.631345,-1,89.938,89.938,0
1786481795.608793	1786481785415,9470.18,die0,3000,3000,0.631345,-1,89.938,89.938,0
1786481795.608794	1786481785523,9470.18,die0,3000,3000,0.631345,-1,89.938,89.938,0
1786481795.608795	1786481785632,3000,Minimum,3000,3000,0.3,-1,54.938,54.938,0
1786481795.608795	1786481785715,3000,Minimum,3000,3000,0.3,-1,54.938,54.938,0
1786481795.608796	1786481785815,3000,Minimum,3000,3000,0.3,-1,54.938,54.938,0
1786481795.608796	1786481785915,3000,Minimum,3000,3000,0.3,-1,54.938,54.938,0
1786481795.608797	1786481786015,3000,Minimum,3000,3000,0.3,-1,54.938,54.938,0
1786481795.608798	1786481786115,3000,Minimum,3000,3000,0.3,-1,54.938,54.938,0
1786481795.608798	1786481786215,3000,Minimum,3000,3000,0.3,-1,54.938,54.938,0
1786481795.608799	1786481786319,3000,Minimum,3000,3000,0.3,-1,54.938,54.938,0
1786481795.608799	1786481786415,3000,Minimum,3000,3000,0.3,-1,54.938,54.938,0
1786481795.608799	1786481786518,3000,Minimum,3000,3000,0.3,-1,54.938,54.938,0
1786481795.608800	1786481786615,3000,Minimum,3000,3000,0.3,-1,54.938,54.938,0
1786481795.608801	1786481786715,3000,Minimum,3000,3000,0.3,-1,54.938,54.938,0
1786481795.608801	1786481786815,3000,Minimum,3000,3000,0.3,-1,54.938,54.938,0
1786481795.608802	1786481786917,3000,Minimum,3000,3000,0.3,-1,54.938,54.938,0
1786481795.608802	1786481787015,3000,Minimum,3000,3000,0.3,-1,54.938,54.938,0
1786481795.608803	1786481787115,3000,Minimum,3000,3000,0.3,-1,54.938,54.938,0
1786481795.608804	1786481787215,3000,Minimum,3000,3000,0.3,-1,54.938,54.938,0
1786481795.608805	1786481787315,3000,Minimum,3000,3000,0.3,-1,54.938,54.938,0
1786481795.608806	1786481787415,3000,Minimum,3000,3000,0.3,-1,54.938,54.938,0
1786481795.608806	1786481787519,3000,Minimum,3000,3000,0.3,-1,54.938,54.938,0
1786481795.608807	1786481787617,3000,Minimum,3000,3000,0.3,-1,54.938,54.938,0
1786481795.608807	1786481787717,3000,Minimum,3000,3000,0.3,-1,54.938,54.938,0
1786481795.608808	1786481787815,3000,Minimum,3000,3000,0.3,-1,54.938,54.938,0
1786481795.608809	1786481787915,3000,Minimum,3000,3000,0.3,-1,54.938,54.938,0
1786481795.608809	1786481788015,3000,Minimum,3000,3000,0.3,-1,54.938,54.938,0
1786481795.608809	1786481788123,3000,Minimum,3000,3000,0.3,-1,54.938,54.938,0
1786481795.615110	1786481788215,3000,Minimum,3000,3000,0.3,-1,54.938,54.938,0
1786481795.615118	1786481788315,3000,Minimum,3000,3000,0.3,-1,54.938,54.938,0
1786481795.615119	1786481788415,3000,Minimum,3000,3000,0.3,-1,54.938,54.938,0
1786481812.090207	1786481788515,3000,Minimum,3000,3000,0.3,-1,54.938,54.938,0
1786481812.090219	1786481788615,3000,Minimum,3000,3000,0.3,-1,54.938,54.938,0
1786481812.090219	1786481788715,3000,Minimum,3000,3000,0.3,-1,54.938,54.938,0
1786481812.090220	1786481788816,3000,Minimum,3000,3000,0.3,-1,54.938,54.938,0
1786481812.090221	1786481788915,3000,Minimum,3000,3000,0.3,-1,54.938,54.938,0
1786481812.090222	1786481789015,3000,Minimum,3000,3000,0.3,-1,54.938,54.938,0
1786481812.090222	1786481789115,3000,Minimum,3000,3000,0.3,-1,54.938,54.938,0
1786481812.090223	1786481789215,3000,Minimum,3000,3000,0.3,-1,54.938,54.938,0
1786481812.090223	1786481789315,3000,Minimum,3000,3000,0.3,-1,54.938,54.938,0
1786481812.090224	1786481789415,3000,Minimum,3000,3000,0.3,-1,54.938,54.938,0
1786481812.090224	1786481789515,3000,Minimum,3000,3000,0.3,-1,54.938,54.938,0
1786481812.090224	1786481789621,3000,Minimum,3000,3000,0.3,-1,54.938,54.938,0
1786481812.090225	1786481789715,3000,Minimum,3000,3000,0.3,-1,54.938,54.938,0
1786481812.090225	1786481789815,3000,Minimum,3000,3000,0.3,-1,54.938,54.938,0
1786481812.090226	1786481789918,3000,Minimum,3000,3000,0.3,-1,54.938,54.938,0
1786481812.090226	1786481790016,3000,Minimum,3000,3000,0.3,-1,54.938,54.938,0
1786481812.090227	1786481790122,3000,Minimum,3000,3000,0.3,-1,54.938,54.938,0
1786481812.090227	1786481790215,3000,Minimum,3000,3000,0.3,-1,54.938,54.938,0
1786481812.090228	1786481790315,3000,Minimum,3000,3000,0.3,-1,54.938,54.938,0
1786481812.090229	1786481790415,3000,Minimum,3000,3000,0.3,-1,54.938,54.938,0
1786481812.090229	1786481790515,3000,Minimum,3000,3000,0.3,-1,54.938,54.938,0
1786481812.090230	1786481790615,3000,Minimum,3000,3000,0.3,-1,54.938,54.938,0
1786481812.090233	1786481790715,3000,Minimum,3000,3000,0.3,-1,54.938,54.938,0
1786481812.090234	1786481790815,3000,Minimum,3000,3000,0.3,-1,54.938,54.938,0
1786481812.090234	1786481790923,3000,Minimum,3000,3000,0.3,-1,54.938,54.938,0
1786481812.090235	1786481791015,3000,Minimum,3000,3000,0.3,-1,54.938,54.938,0
1786481812.090235	1786481791116,3000,Minimum,3000,3000,0.3,-1,54.938,54.938,0
1786481812.090236	1786481791215,3000,Minimum,3000,3000,0.3,-1,54.938,54.938,0
1786481812.090236	1786481791315,3000,Minimum,3000,3000,0.3,-1,54.938,54.938,0
1786481812.090237	1786481791415,3000,Minimum,3000,3000,0.3,-1,54.938,54.938,0
1786481812.090237	1786481791515,3000,Minimum,3000,3000,0.3,-1,54.938,54.938,0
1786481812.090238	1786481791616,9292.67,die0,3000,3000,0.619511,-1,89.938,89.938,0
1786481812.090239	1786481791715,9292.67,die0,3000,3000,0.619511,-1,89.938,89.938,0
1786481812.090239	1786481791816,9292.67,die0,3000,3000,0.619511,-1,89.938,89.938,0
1786481812.090240	1786481791915,9292.67,die0,3000,3000,0.619511,-1,89.938,89.938,0
1786481812.090240	1786481792015,9292.67,die0,3000,3000,0.619511,-1,89.938,89.938,0
1786481812.090241	1786481792115,9292.67,die0,3000,3000,0.619511,-1,89.938,89.938,0
1786481812.090241	1786481792215,9292.67,die0,3000,3000,0.619511,-1,89.938,89.938,0
1786481812.090242	1786481792316,9292.67,die0,3000,3000,0.619511,-1,89.938,89.938,0
1786481812.090242	1786481792415,9292.67,die0,3000,3000,0.619511,-1,89.938,89.938,0
1786481812.090243	1786481792516,9292.67,die0,3000,3000,0.619511,-1,89.938,89.938,0
1786481812.090243	1786481800104,9417.6,die0,3000,3000,0.62784,-1,89.938,89.938,0
1786481812.090244	1786481800204,9417.6,die0,3000,3000,0.62784,-1,89.938,89.938,0
1786481812.090244	1786481800304,9417.6,die0,3000,3000,0.62784,-1,89.938,89.938,0
1786481812.090245	1786481800410,9417.6,die0,3000,3000,0.62784,-1,89.938,89.938,0
1786481812.090245	1786481800504,9417.6,die0,3000,3000,0.62784,-1,89.938,89.938,0
1786481812.090246	1786481800604,9417.6,die0,3000,3000,0.62784,-1,89.938,89.938,0
1786481812.090247	1786481800704,9417.6,die0,3000,3000,0.62784,-1,89.938,89.938,0
1786481812.090247	1786481800804,9417.6,die0,3000,3000,0.62784,-1,89.938,89.938,0
1786481812.090248	1786481800904,9417.6,die0,3000,3000,0.62784,-1,89.938,89.938,0
1786481812.090248	1786481801004,9417.6,die0,3000,3000,0.62784,-1,89.938,89.938,0
1786481812.090249	1786481801104,9542.52,die0,3000,3000,0.636168,-1,89.938,89.938,0
1786481812.090250	1786481801204,9542.52,die0,3000,3000,0.636168,-1,89.938,89.938,0
1786481812.090250	1786481801304,9542.52,die0,3000,3000,0.636168,-1,89.938,89.938,0
1786481812.090250	1786481801404,9542.52,die0,3000,3000,0.636168,-1,89.938,89.938,0
1786481812.090251	1786481801504,9542.52,die0,3000,3000,0.636168,-1,89.938,89.938,0
1786481812.090253	1786481801604,9542.52,die0,3000,3000,0.636168,-1,89.938,89.938,0
1786481812.090253	1786481801704,9542.52,die0,3000,3000,0.636168,-1,89.938,89.938,0
1786481812.090255	1786481801804,9542.52,die0,3000,3000,0.636168,-1,89.938,89.938,0
1786481812.090255	1786481801904,9542.52,die0,3000,3000,0.636168,-1,89.938,89.938,0
1786481812.090256	1786481802004,9542.52,die0,3000,3000,0.636168,-1,89.938,89.938,0
1786481812.090257	1786481802104,9667.45,die0,3000,3000,0.644497,-1,89.938,89.938,0
1786481812.090257	1786481802204,9667.45,die0,3000,3000,0.644497,-1,89.938,89.938,0
1786481812.090258	1786481802304,9667.45,die0,3000,3000,0.644497,-1,89.938,89.938,0
1786481812.090258	1786481802404,9667.45,die0,3000,3000,0.644497,-1,89.938,89.938,0
1786481812.090259	1786481802504,9667.45,die0,3000,3000,0.644497,-1,89.938,89.938,0
1786481812.090260	1786481802604,9667.45,die0,3000,3000,0.644497,-1,89.938,89.938,0
1786481812.090260	1786481802704,9667.45,die0,3000,3000,0.644497,-1,89.938,89.938,0
1786481812.090261	1786481802804,9667.45,die0,3000,3000,0.644497,-1,89.938,89.938,0
1786481812.090261	1786481802911,9667.45,die0,3000,3000,0.644497,-1,89.938,89.938,0
1786481812.090261	1786481803004,9667.45,die0,3000,3000,0.644497,-1,89.938,89.938,0
1786481812.090262	1786481803107,9792.38,die0,3000,3000,0.652825,-1,89.938,89.938,0
1786481812.090263	1786481803204,9792.38,die0,3000,3000,0.652825,-1,89.938,89.938,0
1786481812.090263	1786481803304,9792.38,die0,3000,3000,0.652825,-1,89.938,89.938,0
1786481812.090264	1786481803406,9792.38,die0,3000,3000,0.652825,-1,89.938,89.938,0
1786481812.090264	1786481803504,9792.38,die0,3000,3000,0.652825,-1,89.938,89.938,0
1786481812.090265	1786481803604,9792.38,die0,3000,3000,0.652825,-1,89.938,89.938,0
1786481812.090266	1786481803705,9792.38,die0,3000,3000,0.652825,-1,89.938,89.938,0
1786481812.090267	1786481803804,9792.38,die0,3000,3000,0.652825,-1,89.938,89.938,0
1786481812.090268	1786481803904,9792.38,die0,3000,3000,0.652825,-1,89.938,89.938,0
1786481812.090268	1786481804007,9792.38,die0,3000,3000,0.652825,-1,89.938,89.938,0
1786481812.090269	1786481804104,9917.31,die0,3000,3000,0.661154,-1,89.938,89.938,0
1786481812.090269	1786481804208,9917.31,die0,3000,3000,0.661154,-1,89.938,89.938,0
1786481812.091306	1786481804304,9917.31,die0,3000,3000,0.661154,-1,89.938,89.938,0
1786481812.091314	1786481804404,9917.31,die0,3000,3000,0.661154,-1,89.938,89.938,0
1786481812.091316	1786481804509,9917.31,die0,3000,3000,0.661154,-1,89.938,89.938,0
1786481812.091317	1786481804604,9917.31,die0,3000,3000,0.661154,-1,89.938,89.938,0
1786481812.091318	1786481804704,9917.31,die0,3000,3000,0.661154,-1,89.938,89.938,0
1786481812.091319	1786481804804,9917.31,die0,3000,3000,0.661154,-1,89.938,89.938,0
1786481812.091320	1786481804904,9917.31,die0,3000,3000,0.661154,-1,89.938,89.938,0
1786481812.091321	1786481805007,9917.31,die0,3000,3000,0.661154,-1,89.938,89.938,0
1786481812.091322	1786481805104,10042.2,die0,3000,3000,0.669482,-1,89.938,89.938,0
1786481812.091323	1786481805204,10042.2,die0,3000,3000,0.669482,-1,89.938,89.938,0
1786481812.091324	1786481805305,10042.2,die0,3000,3000,0.669482,-1,89.938,89.938,0
1786481812.091331	1786481805404,10042.2,die0,3000,3000,0.669482,-1,89.938,89.938,0
1786481812.091333	1786481805505,10042.2,die0,3000,3000,0.669482,-1,89.938,89.938,0
1786481812.091334	1786481805608,10042.2,die0,3000,3000,0.669482,-1,89.938,89.938,0
1786481812.091335	1786481805704,10042.2,die0,3000,3000,0.669482,-1,89.938,89.938,0
1786481812.091336	1786481805804,10042.2,die0,3000,3000,0.669482,-1,89.938,89.938,0
1786481812.091337	1786481805911,10042.2,die0,3000,3000,0.669482,-1,89.938,89.938,0
1786481812.091338	1786481806004,10042.2,die0,3000,3000,0.669482,-1,89.938,89.938,0
1786481812.091339	1786481806108,3000,Minimum,3000,3000,0.3,-1,54.938,54.938,0
1786481812.091340	1786481806204,3000,Minimum,3000,3000,0.3,-1,54.938,54.938,0
1786481812.091341	1786481806304,3000,Minimum,3000,3000,0.3,-1,54.938,54.938,0
1786481812.091342	1786481806405,3000,Minimum,3000,3000,0.3,-1,54.938,54.938,0
1786481812.091343	1786481806507,3000,Minimum,3000,3000,0.3,-1,54.938,54.938,0
1786481812.091344	1786481806604,3000,Minimum,3000,3000,0.3,-1,54.938,54.938,0
1786481812.091345	1786481806705,3000,Minimum,3000,3000,0.3,-1,54.938,54.938,0
1786481812.091346	1786481806811,3000,Minimum,3000,3000,0.3,-1,54.938,54.938,0
1786481812.091347	1786481806904,3000,Minimum,3000,3000,0.3,-1,54.938,54.938,0
1786481812.091348	1786481807004,3000,Minimum,3000,3000,0.3,-1,54.938,54.938,0
1786481812.091349	1786481807104,3000,Minimum,3000,3000,0.3,-1,54.938,54.938,0
1786481812.091350	1786481807204,3000,Minimum,3000,3000,0.3,-1,54.938,54.938,0
1786481812.091351	1786481807304,3000,Minimum,3000,3000,0.3,-1,54.938,54.938,0
1786481812.091352	1786481807404,3000,Minimum,3000,3000,0.3,-1,54.938,54.938,0
1786481812.091353	1786481807504,3000,Minimum,3000,3000,0.3,-1,54.938,54.938,0
1786481812.091354	1786481807604,3000,Minimum,3000,3000,0.3,-1,54.938,54.938,0
1786481812.091355	1786481807704,3000,Minimum,3000,3000,0.3,-1,54.938,54.938,0
1786481812.091357	1786481807804,3000,Minimum,3000,3000,0.3,-1,54.938,54.938,0
1786481812.091358	1786481807922,3000,Minimum,3000,3000,0.3,-1,54.938,54.938,0
1786481812.091361	1786481808004,3000,Minimum,3000,3000,0.3,-1,54.938,54.938,0
1786481812.091362	1786481808104,3000,Minimum,3000,3000,0.3,-1,54.938,54.938,0
1786481812.091363	1786481808204,3000,Minimum,3000,3000,0.3,-1,54.938,54.938,0
1786481812.091364	1786481808309,3000,Minimum,3000,3000,0.3,-1,54.938,54.938,0
1786481812.091365	1786481808404,3000,Minimum,3000,3000,0.3,-1,54.938,54.938,0
1786481812.091366	1786481808504,3000,Minimum,3000,3000,0.3,-1,54.938,54.938,0
1786481812.091367	1786481808604,3000,Minimum,3000,3000,0.3,-1,54.938,54.938,0
1786481812.091368	1786481808704,3000,Minimum,3000,3000,0.3,-1,54.938,54.938,0
1786481812.091369	1786481808804,3000,Minimum,3000,3000,0.3,-1,54.938,54.938,0
1786481812.091370	1786481808904,3000,Minimum,3000,3000,0.3,-1,54.938,54.938,0
1786481812.091371	1786481809004,3000,Minimum,3000,3000,0.3,-1,54.938,54.938,0
1786481827.752408	1786481809104,3000,Minimum,3000,3000,0.3,-1,54.938,54.938,0
1786481827.752419	1786481809204,3000,Minimum,3000,3000,0.3,-1,54.938,54.938,0
1786481827.752419	1786481809304,3000,Minimum,3000,3000,0.3,-1,54.938,54.938,0
1786481827.752420	1786481809404,3000,Minimum,3000,3000,0.3,-1,54.938,54.938,0
1786481827.752421	1786481809504,3000,Minimum,3000,3000,0.3,-1,54.938,54.938,0
1786481827.752421	1786481809604,3000,Minimum,3000,3000,0.3,-1,54.938,54.938,0
1786481827.752422	1786481809704,3000,Minimum,3000,3000,0.3,-1,54.938,54.938,0
1786481827.752422	1786481809804,3000,Minimum,3000,3000,0.3,-1,54.938,54.938,0
1786481827.752423	1786481809904,3000,Minimum,3000,3000,0.3,-1,54.938,54.938,0
1786481827.752424	1786481810004,3000,Minimum,3000,3000,0.3,-1,54.938,54.938,0
1786481827.752424	1786481810105,3000,Minimum,3000,3000,0.3,-1,54.938,54.938,0
1786481827.752424	1786481810206,3000,Minimum,3000,3000,0.3,-1,54.938,54.938,0
1786481827.752425	1786481810305,3000,Minimum,3000,3000,0.3,-1,54.938,54.938,0
1786481827.752425	1786481810404,3000,Minimum,3000,3000,0.3,-1,54.938,54.938,0
1786481827.752426	1786481810504,3000,Minimum,3000,3000,0.3,-1,54.938,54.938,0
1786481827.752426	1786481810604,3000,Minimum,3000,3000,0.3,-1,54.938,54.938,0
1786481827.752427	1786481810704,3000,Minimum,3000,3000,0.3,-1,54.938,54.938,0
1786481827.752428	1786481810804,3000,Minimum,3000,3000,0.3,-1,54.938,54.938,0
1786481827.752428	1786481810904,3000,Minimum,3000,3000,0.3,-1,54.938,54.938,0
1786481827.752429	1786481811011,3000,Minimum,3000,3000,0.3,-1,54.938,54.938,0
1786481827.752429	1786481811104,3000,Minimum,3000,3000,0.3,-1,54.938,54.938,0
1786481827.752429	1786481811204,3000,Minimum,3000,3000,0.3,-1,54.938,54.938,0
1786481827.752430	1786481811304,3000,Minimum,3000,3000,0.3,-1,54.938,54.938,0
1786481827.752430	1786481811404,3000,Minimum,3000,3000,0.3,-1,54.938,54.938,0
1786481827.752431	1786481811504,3000,Minimum,3000,3000,0.3,-1,54.938,54.938,0
1786481827.752431	1786481811607,3000,Minimum,3000,3000,0.3,-1,54.938,54.938,0
1786481827.752432	1786481811704,3000,Minimum,3000,3000,0.3,-1,54.938,54.938,0
1786481827.752432	1786481811804,3000,Minimum,3000,3000,0.3,-1,54.938,54.938,0
1786481827.752433	1786481811912,3000,Minimum,3000,3000,0.3,-1,54.938,54.938,0
1786481827.752433	1786481812004,3000,Minimum,3000,3000,0.3,-1,54.938,54.938,0
1786481827.752434	1786481812108,3000,Minimum,3000,3000,0.3,-1,54.938,54.938,0
1786481827.752434	1786481812204,3000,Minimum,3000,3000,0.3,-1,54.938,54.938,0
1786481827.752435	1786481812304,3000,Minimum,3000,3000,0.3,-1,54.938,54.938,0
1786481827.752435	1786481812411,3000,Minimum,3000,3000,0.3,-1,54.938,54.938,0
1786481827.752444	1786481812504,3000,Minimum,3000,3000,0.3,-1,54.938,54.938,0
1786481827.752445	1786481812604,3000,Minimum,3000,3000,0.3,-1,54.938,54.938,0
1786481827.752445	1786481812704,3000,Minimum,3000,3000,0.3,-1,54.938,54.938,0
1786481827.752445	1786481812804,3000,Minimum,3000,3000,0.3,-1,54.938,54.938,0
1786481827.752446	1786481812904,3000,Minimum,3000,3000,0.3,-1,54.938,54.938,0
1786481827.752446	1786481813005,3000,Minimum,3000,3000,0.3,-1,54.938,54.938,0
1786481827.752447	1786481813104,9814.32,die0,3000,3000,0.654288,-1,89.938,89.938,0
1786481827.752448	1786481813204,9814.32,die0,3000,3000,0.654288,-1,89.938,89.938,0
1786481827.752448	1786481813304,9814.32,die0,3000,3000,0.654288,-1,89.938,89.938,0
1786481827.752449	1786481813405,9814.32,die0,3000,3000,0.654288,-1,89.938,89.938,0
1786481827.752451	1786481813504,9814.32,die0,3000,3000,0.654288,-1,89.938,89.938,0
1786481827.752452	1786481813611,9814.32,die0,3000,3000,0.654288,-1,89.938,89.938,0
1786481827.752452	1786481813704,9814.32,die0,3000,3000,0.654288,-1,89.938,89.938,0
1786481827.752453	1786481813804,9814.32,die0,3000,3000,0.654288,-1,89.938,89.938,0
1786481827.752453	1786481813911,9814.32,die0,3000,3000,0.654288,-1,89.938,89.938,0
1786481827.752454	1786481814004,9814.32,die0,3000,3000,0.654288,-1,89.938,89.938,0
1786481827.752454	1786481814106,9939.25,die0,3000,3000,0.662617,-1,89.938,89.938,0
1786481827.752455	1786481814204,9939.25,die0,3000,3000,0.662617,-1,89.938,89.938,0
1786481827.752455	1786481814304,9939.25,die0,3000,3000,0.662617,-1,89.938,89.938,0
1786481827.752456	1786481814404,9939.25,die0,3000,3000,0.662617,-1,89.938,89.938,0
1786481827.752456	1786481814504,9939.25,die0,3000,3000,0.662617,-1,89.938,89.938,0
1786481827.752457	1786481814609,9939.25,die0,3000,3000,0.662617,-1,89.938,89.938,0
1786481827.752457	1786481814704,9939.25,die0,3000,3000,0.662617,-1,89.938,89.938,0
1786481827.752458	1786481814806,9939.25,die0,3000,3000,0.662617,-1,89.938,89.938,0
1786481827.752459	1786481814904,9939.25,die0,3000,3000,0.662617,-1,89.938,89.938,0
1786481827.752459	1786481815011,9939.25,die0,3000,3000,0.662617,-1,89.938,89.938,0
1786481827.752460	1786481815104,10064.2,die0,3000,3000,0.670945,-1,89.938,89.938,0
1786481827.752460	1786481815204,10064.2,die0,3000,3000,0.670945,-1,89.938,89.938,0
1786481827.752461	1786481815304,10064.2,die0,3000,3000,0.670945,-1,89.938,89.938,0
1786481827.752461	1786481815406,10064.2,die0,3000,3000,0.670945,-1,89.938,89.938,0
1786481827.752462	1786481815504,10064.2,die0,3000,3000,0.670945,-1,89.938,89.938,0
1786481827.754348	1786481815607,10064.2,die0,3000,3000,0.670945,-1,89.938,89.938,0
1786481827.754352	1786481815704,10064.2,die0,3000,3000,0.670945,-1,89.938,89.938,0
1786481827.754352	1786481815804,10064.2,die0,3000,3000,0.670945,-1,89.938,89.938,0
1786481827.754353	1786481815904,10064.2,die0,3000,3000,0.670945,-1,89.938,89.938,0
1786481827.754354	1786481816004,10064.2,die0,3000,3000,0.670945,-1,89.938,89.938,0
1786481827.754361	1786481816105,10189.1,die0,3000,3000,0.679273,-1,89.938,89.938,0
1786481827.754361	1786481816204,10189.1,die0,3000,3000,0.679273,-1,89.938,89.938,0
1786481827.754362	1786481816304,10189.1,die0,3000,3000,0.679273,-1,89.938,89.938,0
1786481827.754362	1786481816404,10189.1,die0,3000,3000,0.679273,-1,89.938,89.938,0
1786481827.754363	1786481816504,10189.1,die0,3000,3000,0.679273,-1,89.938,89.938,0
1786481827.754363	1786481816604,10189.1,die0,3000,3000,0.679273,-1,89.938,89.938,0
1786481827.754364	1786481816704,10189.1,die0,3000,3000,0.679273,-1,89.938,89.938,0
1786481827.754364	1786481816804,10189.1,die0,3000,3000,0.679273,-1,89.938,89.938,0
1786481827.754365	1786481816904,10189.1,die0,3000,3000,0.679273,-1,89.938,89.938,0
1786481827.754365	1786481817004,10189.1,die0,3000,3000,0.679273,-1,89.938,89.938,0
1786481827.754366	1786481817104,10314,die0,3000,3000,0.687602,-1,89.938,89.938,0
1786481827.754366	1786481817204,10314,die0,3000,3000,0.687602,-1,89.938,89.938,0
1786481827.754367	1786481817311,10314,die0,3000,3000,0.687602,-1,89.938,89.938,0
1786481827.754368	1786481817404,10314,die0,3000,3000,0.687602,-1,89.938,89.938,0
1786481827.754368	1786481817511,10314,die0,3000,3000,0.687602,-1,89.938,89.938,0
1786481827.754369	1786481817605,10314,die0,3000,3000,0.687602,-1,89.938,89.938,0
1786481827.754369	1786481817774,10314,die0,3000,3000,0.687602,-1,89.938,89.938,0
1786481827.754370	1786481817846,10314,die0,3000,3000,0.687602,-1,89.938,89.938,0
1786481827.754370	1786481817907,10314,die0,3000,3000,0.687602,-1,89.938,89.938,0
1786481827.754371	1786481818011,10314,die0,3000,3000,0.687602,-1,89.938,89.938,0
1786481827.754371	1786481818111,10439,die0,3000,3000,0.69593,-1,89.938,89.938,0
1786481827.754372	1786481818204,10439,die0,3000,3000,0.69593,-1,89.938,89.938,0
1786481827.754372	1786481818304,10439,die0,3000,3000,0.69593,-1,89.938,89.938,0
1786481827.754373	1786481818404,10439,die0,3000,3000,0.69593,-1,89.938,89.938,0
1786481827.754373	1786481818504,10439,die0,3000,3000,0.69593,-1,89.938,89.938,0
1786481827.754374	1786481818607,10439,die0,3000,3000,0.69593,-1,89.938,89.938,0
1786481827.754375	1786481818724,10439,die0,3000,3000,0.69593,-1,89.938,89.938,0
1786481827.754375	1786481818804,10439,die0,3000,3000,0.69593,-1,89.938,89.938,0
1786481827.754376	1786481818904,10439,die0,3000,3000,0.69593,-1,89.938,89.938,0
1786481827.754376	1786481819004,10439,die0,3000,3000,0.69593,-1,89.938,89.938,0
1786481827.754377	1786481819104,3000,Minimum,3000,3000,0.3,-1,54.938,54.938,0
1786481827.754377	1786481819204,3000,Minimum,3000,3000,0.3,-1,54.938,54.938,0
1786481827.754378	1786481819311,3000,Minimum,3000,3000,0.3,-1,54.938,54.938,0
1786481827.754378	1786481819404,3000,Minimum,3000,3000,0.3,-1,54.938,54.938,0
1786481827.754379	1786481819504,3000,Minimum,3000,3000,0.3,-1,54.938,54.938,0
1786481827.754379	1786481819604,3000,Minimum,3000,3000,0.3,-1,54.938,54.938,0
1786481827.754381	1786481819705,3000,Minimum,3000,3000,0.3,-1,54.938,54.938,0
1786481827.754382	1786481819805,3000,Minimum,3000,3000,0.3,-1,54.938,54.938,0
1786481827.754383	1786481819904,3000,Minimum,3000,3000,0.3,-1,54.938,54.938,0
1786481827.754384	1786481820004,3000,Minimum,3000,3000,0.3,-1,54.938,54.938,0
1786481827.754385	1786481820104,3000,Minimum,3000,3000,0.3,-1,54.938,54.938,0
1786481827.754385	1786481820204,3000,Minimum,3000,3000,0.3,-1,54.938,54.938,0
1786481827.754386	1786481820304,3000,Minimum,3000,3000,0.3,-1,54.938,54.938,0
1786481827.754386	1786481820410,3000,Minimum,3000,3000,0.3,-1,54.938,54.938,0
1786481827.754387	1786481820504,3000,Minimum,3000,3000,0.3,-1,54.938,54.938,0
1786481827.754387	1786481820606,3000,Minimum,3000,3000,0.3,-1,54.938,54.938,0
1786481827.754388	1786481820704,3000,Minimum,3000,3000,0.3,-1,54.938,54.938,0
1786481827.754388	1786481820804,3000,Minimum,3000,3000,0.3,-1,54.938,54.938,0
1786481827.754389	1786481820911,3000,Minimum,3000,3000,0.3,-1,54.938,54.938,0
1786481827.754390	1786481821004,3000,Minimum,3000,3000,0.3,-1,54.938,54.938,0
1786481827.754390	1786481821104,3000,Minimum,3000,3000,0.3,-1,54.938,54.938,0
1786481827.754390	1786481821207,3000,Minimum,3000,3000,0.3,-1,54.938,54.938,0
1786481827.754391	1786481821304,3000,Minimum,3000,3000,0.3,-1,54.938,54.938,0
1786481827.754392	1786481821404,3000,Minimum,3000,3000,0.3,-1,54.938,54.938,0
1786481827.754392	1786481821505,3000,Minimum,3000,3000,0.3,-1,54.938,54.938,0
1786481827.754406	1786481821604,3000,Minimum,3000,3000,0.3,-1,54.938,54.938,0
1786481827.754407	1786481821704,3000,Minimum,3000,3000,0.3,-1,54.938,54.938,0
1786481827.754407	1786481821805,3000,Minimum,3000,3000,0.3,-1,54.938,54.938,0
1786481827.754408	1786481821904,3000,Minimum,3000,3000,0.3,-1,54.938,54.938,0
1786481827.754408	1786481822004,3000,Minimum,3000,3000,0.3,-1,54.938,54.938,0
1786481827.755411	1786481822104,3000,Minimum,3000,3000,0.3,-1,54.938,54.938,0
1786481827.755417	1786481822204,3000,Minimum,3000,3000,0.3,-1,54.938,54.938,0
1786481844.245610	1786481822304,3000,Minimum,3000,3000,0.3,-1,54.938,54.938,0
1786481844.245622	1786481822404,3000,Minimum,3000,3000,0.3,-1,54.938,54.938,0
1786481844.245622	1786481822504,3000,Minimum,3000,3000,0.3,-1,54.938,54.938,0
1786481844.245623	1786481822604,3000,Minimum,3000,3000,0.3,-1,54.938,54.938,0
1786481844.245624	1786481822704,3000,Minimum,3000,3000,0.3,-1,54.938,54.938,0
1786481844.245624	1786481822804,3000,Minimum,3000,3000,0.3,-1,54.938,54.938,0
1786481844.245625	1786481822904,3000,Minimum,3000,3000,0.3,-1,54.938,54.938,0
1786481844.245625	1786481823004,3000,Minimum,3000,3000,0.3,-1,54.938,54.938,0
1786481844.245626	1786481823105,3000,Minimum,3000,3000,0.3,-1,54.938,54.938,0
1786481844.245634	1786481823204,3000,Minimum,3000,3000,0.3,-1,54.938,54.938,0
1786481844.245634	1786481823304,3000,Minimum,3000,3000,0.3,-1,54.938,54.938,0
1786481844.245635	1786481823404,3000,Minimum,3000,3000,0.3,-1,54.938,54.938,0
1786481844.245636	1786481823511,3000,Minimum,3000,3000,0.3,-1,54.938,54.938,0
1786481844.245636	1786481823605,3000,Minimum,3000,3000,0.3,-1,54.938,54.938,0
1786481844.245637	1786481823704,3000,Minimum,3000,3000,0.3,-1,54.938,54.938,0
1786481844.245637	1786481823804,3000,Minimum,3000,3000,0.3,-1,54.938,54.938,0
1786481844.245638	1786481823904,3000,Minimum,3000,3000,0.3,-1,54.938,54.938,0
1786481844.245639	1786481824004,3000,Minimum,3000,3000,0.3,-1,54.938,54.938,0
1786481844.245639	1786481824104,3000,Minimum,3000,3000,0.3,-1,54.938,54.938,0
1786481844.245640	1786481824210,3000,Minimum,3000,3000,0.3,-1,54.938,54.938,0
1786481844.245640	1786481824304,3000,Minimum,3000,3000,0.3,-1,54.938,54.938,0
1786481844.245641	1786481824404,3000,Minimum,3000,3000,0.3,-1,54.938,54.938,0
1786481844.245641	1786481824505,3000,Minimum,3000,3000,0.3,-1,54.938,54.938,0
1786481844.245642	1786481824605,3000,Minimum,3000,3000,0.3,-1,54.938,54.938,0
1786481844.245642	1786481824704,3000,Minimum,3000,3000,0.3,-1,54.938,54.938,0
1786481844.245643	1786481824804,3000,Minimum,3000,3000,0.3,-1,54.938,54.938,0
1786481844.245643	1786481824904,3000,Minimum,3000,3000,0.3,-1,54.938,54.938,0
1786481844.245644	1786481825004,3000,Minimum,3000,3000,0.3,-1,54.938,54.938,0
1786481844.245645	1786481825104,3000,Minimum,3000,3000,0.3,-1,54.938,54.938,0
1786481844.245645	1786481825204,3000,Minimum,3000,3000,0.3,-1,54.938,54.938,0
1786481844.245646	1786481825304,3000,Minimum,3000,3000,0.3,-1,54.938,54.938,0
1786481844.245646	1786481825404,3000,Minimum,3000,3000,0.3,-1,54.938,54.938,0
1786481844.245647	1786481825504,3000,Minimum,3000,3000,0.3,-1,54.938,54.938,0
1786481844.245647	1786481825604,3000,Minimum,3000,3000,0.3,-1,54.938,54.938,0
1786481844.245648	1786481825704,3000,Minimum,3000,3000,0.3,-1,54.938,54.938,0
1786481844.245650	1786481825813,3000,Minimum,3000,3000,0.3,-1,54.938,54.938,0
1786481844.245651	1786481825904,3000,Minimum,3000,3000,0.3,-1,54.938,54.938,0
1786481844.245651	1786481826004,3000,Minimum,3000,3000,0.3,-1,54.938,54.938,0
1786481844.245652	1786481826104,10211,die0,3000,3000,0.680736,-1,89.938,89.938,0
1786481844.245652	1786481826204,10211,die0,3000,3000,0.680736,-1,89.938,89.938,0
1786481844.245653	1786481826311,10211,die0,3000,3000,0.680736,-1,89.938,89.938,0
1786481844.245653	1786481826411,10211,die0,3000,3000,0.680736,-1,89.938,89.938,0
1786481844.245654	1786481826504,10211,die0,3000,3000,0.680736,-1,89.938,89.938,0
1786481844.245655	1786481826604,10211,die0,3000,3000,0.680736,-1,89.938,89.938,0
1786481844.245655	1786481826704,10211,die0,3000,3000,0.680736,-1,89.938,89.938,0
1786481844.245658	1786481826808,10211,die0,3000,3000,0.680736,-1,89.938,89.938,0
1786481844.245690	1786481826904,10211,die0,3000,3000,0.680736,-1,89.938,89.938,0
1786481844.245691	1786481827005,10211,die0,3000,3000,0.680736,-1,89.938,89.938,0
1786481844.245691	1786481827104,10336,die0,3000,3000,0.689065,-1,89.938,89.938,0
1786481844.245692	1786481827207,10336,die0,3000,3000,0.689065,-1,89.938,89.938,0
1786481844.245692	1786481827304,10336,die0,3000,3000,0.689065,-1,89.938,89.938,0
1786481844.245693	1786481827404,10336,die0,3000,3000,0.689065,-1,89.938,89.938,0
1786481844.245694	1786481827504,10336,die0,3000,3000,0.689065,-1,89.938,89.938,0
1786481844.245696	1786481827604,10336,die0,3000,3000,0.689065,-1,89.938,89.938,0
1786481844.245696	1786481827705,10336,die0,3000,3000,0.689065,-1,89.938,89.938,0
1786481844.245697	1786481827811,10336,die0,3000,3000,0.689065,-1,89.938,89.938,0
1786481844.245697	1786481827904,10336,die0,3000,3000,0.689065,-1,89.938,89.938,0
1786481844.245698	1786481828005,10336,die0,3000,3000,0.689065,-1,89.938,89.938,0
1786481844.245698	1786481828104,10460.9,die0,3000,3000,0.697393,-1,89.938,89.938,0
1786481844.245699	1786481828204,10460.9,die0,3000,3000,0.697393,-1,89.938,89.938,0
1786481844.245699	1786481828305,10460.9,die0,3000,3000,0.697393,-1,89.938,89.938,0
1786481844.245700	1786481828404,10460.9,die0,3000,3000,0.697393,-1,89.938,89.938,0
1786481844.245701	1786481828504,10460.9,die0,3000,3000,0.697393,-1,89.938,89.938,0
1786481844.245701	1786481828614,10460.9,die0,3000,3000,0.697393,-1,89.938,89.938,0
1786481844.245702	1786481828705,10460.9,die0,3000,3000,0.697393,-1,89.938,89.938,0
1786481844.245702	1786481828804,10460.9,die0,3000,3000,0.697393,-1,89.938,89.938,0
1786481844.246738	1786481828904,10460.9,die0,3000,3000,0.697393,-1,89.938,89.938,0
1786481844.246746	1786481829006,10460.9,die0,3000,3000,0.697393,-1,89.938,89.938,0
1786481844.246747	1786481829104,10585.8,die0,3000,3000,0.705722,-1,89.938,89.938,0
1786481844.246748	1786481829211,10585.8,die0,3000,3000,0.705722,-1,89.938,89.938,0
1786481844.246749	1786481829304,10585.8,die0,3000,3000,0.705722,-1,89.938,89.938,0
1786481844.246750	1786481829404,10585.8,die0,3000,3000,0.705722,-1,89.938,89.938,0
1786481844.246751	1786481829504,10585.8,die0,3000,3000,0.705722,-1,89.938,89.938,0
1786481844.246752	1786481829621,10585.8,die0,3000,3000,0.705722,-1,89.938,89.938,0
1786481844.246753	1786481829711,10585.8,die0,3000,3000,0.705722,-1,89.938,89.938,0
1786481844.246754	1786481829804,10585.8,die0,3000,3000,0.705722,-1,89.938,89.938,0
1786481844.246755	1786481829910,10585.8,die0,3000,3000,0.705722,-1,89.938,89.938,0
1786481844.246755	1786481830004,10585.8,die0,3000,3000,0.705722,-1,89.938,89.938,0
1786481844.246756	1786481830104,10710.8,die0,3000,3000,0.71405,-1,89.938,89.938,0
1786481844.246757	1786481830204,10710.8,die0,3000,3000,0.71405,-1,89.938,89.938,0
1786481844.246758	1786481830304,10710.8,die0,3000,3000,0.71405,-1,89.938,89.938,0
1786481844.246765	1786481830404,10710.8,die0,3000,3000,0.71405,-1,89.938,89.938,0
1786481844.246766	1786481830509,10710.8,die0,3000,3000,0.71405,-1,89.938,89.938,0
1786481844.246767	1786481830604,10710.8,die0,3000,3000,0.71405,-1,89.938,89.938,0
1786481844.246768	1786481830705,10710.8,die0,3000,3000,0.71405,-1,89.938,89.938,0
1786481844.246769	1786481830804,10710.8,die0,3000,3000,0.71405,-1,89.938,89.938,0
1786481844.246769	1786481830909,10710.8,die0,3000,3000,0.71405,-1,89.938,89.938,0
1786481844.246776	1786481831004,10710.8,die0,3000,3000,0.71405,-1,89.938,89.938,0
1786481844.246777	1786481831104,10835.7,die0,3000,3000,0.722379,-1,89.938,89.938,0
1786481844.246778	1786481831204,10835.7,die0,3000,3000,0.722379,-1,89.938,89.938,0
1786481844.246779	1786481831304,10835.7,die0,3000,3000,0.722379,-1,89.938,89.938,0
1786481844.246780	1786481831405,10835.7,die0,3000,3000,0.722379,-1,89.938,89.938,0
1786481844.246781	1786481831504,10835.7,die0,3000,3000,0.722379,-1,89.938,89.938,0
1786481844.246782	1786481831604,10835.7,die0,3000,3000,0.722379,-1,89.938,89.938,0
1786481844.246783	1786481831704,10835.7,die0,3000,3000,0.722379,-1,89.938,89.938,0
1786481844.246783	1786481831804,10835.7,die0,3000,3000,0.722379,-1,89.938,89.938,0
1786481844.246784	1786481831904,10835.7,die0,3000,3000,0.722379,-1,89.938,89.938,0
1786481844.246785	1786481832004,10835.7,die0,3000,3000,0.722379,-1,89.938,89.938,0
1786481844.246786	1786481832104,10960.6,die0,3000,3000,0.730707,-1,89.938,89.938,0
1786481844.246794	1786481832205,10960.6,die0,3000,3000,0.730707,-1,89.938,89.938,0
1786481844.246795	1786481839792,10960.6,die0,3000,3000,0.730707,-1,89.938,89.938,0
1786481844.246796	1786481839900,10960.6,die0,3000,3000,0.730707,-1,89.938,89.938,0
1786481844.246797	1786481839993,10960.6,die0,3000,3000,0.730707,-1,89.938,89.938,0
1786481844.246797	1786481840100,10960.6,die0,3000,3000,0.730707,-1,89.938,89.938,0
1786481844.246798	1786481840193,10960.6,die0,3000,3000,0.730707,-1,89.938,89.938,0
1786481844.246799	1786481840294,10960.6,die0,3000,3000,0.730707,-1,89.938,89.938,0
1786481844.246800	1786481840393,10960.6,die0,3000,3000,0.730707,-1,89.938,89.938,0
1786481844.246801	1786481840492,10960.6,die0,3000,3000,0.730707,-1,89.938,89.938,0
1786481844.246802	1786481840593,3200.45,die0,3000,3000,0.3,-1,54.938,54.938,0
1786481844.246803	1786481840692,3200.45,die0,3000,3000,0.3,-1,54.938,54.938,0
1786481844.246804	1786481840796,3200.45,die0,3000,3000,0.3,-1,54.938,54.938,0
1786481844.246805	1786481840892,3200.45,die0,3000,3000,0.3,-1,54.938,54.938,0
1786481844.246806	1786481840992,3200.45,die0,3000,3000,0.3,-1,54.938,54.938,0
1786481844.246807	1786481841096,3200.45,die0,3000,3000,0.3,-1,54.938,54.938,0
1786481844.246808	1786481841193,3200.45,die0,3000,3000,0.3,-1,54.938,54.938,0
1786481844.246809	1786481841292,3200.45,die0,3000,3000,0.3,-1,54.938,54.938,0
1786481844.246809	1786481841393,3200.45,die0,3000,3000,0.3,-1,54.938,54.938,0
1786481844.246812	1786481841492,3200.45,die0,3000,3000,0.3,-1,54.938,54.938,0
1786481844.246813	1786481841592,3150.05,die0,3000,3000,0.3,-1,54.938,54.938,0
1786481844.246814	1786481841692,3150.05,die0,3000,3000,0.3,-1,54.938,54.938,0
1786481844.246815	1786481841792,3150.05,die0,3000,3000,0.3,-1,54.938,54.938,0
1786481844.246816	1786481841892,3150.05,die0,3000,3000,0.3,-1,54.938,54.938,0
1786481844.246817	1786481841993,3150.05,die0,3000,3000,0.3,-1,54.938,54.938,0
1786481844.246818	1786481842093,3150.05,die0,3000,3000,0.3,-1,54.938,54.938,0
1786481844.246819	1786481842192,3150.05,die0,3000,3000,0.3,-1,54.938,54.938,0
1786481844.246819	1786481842292,3150.05,die0,3000,3000,0.3,-1,54.938,54.938,0
1786481844.246820	1786481842392,3150.05,die0,3000,3000,0.3,-1,54.938,54.938,0
1786481844.246821	1786481842493,3150.05,die0,3000,3000,0.3,-1,54.938,54.938,0
1786481844.246822	1786481842595,3099.64,die0,3000,3000,0.3,-1,54.938,54.938,0
1786481844.247401	1786481842693,3099.64,die0,3000,3000,0.3,-1,54.938,54.938,0
1786481844.247407	1786481842792,3099.64,die0,3000,3000,0.3,-1,54.938,54.938,0
1786481844.247409	1786481842892,3099.64,die0,3000,3000,0.3,-1,54.938,54.938,0
1786481859.868404	1786481842993,3099.64,die0,3000,3000,0.3,-1,54.938,54.938,0
1786481859.868417	1786481843100,3099.64,die0,3000,3000,0.3,-1,54.938,54.938,0
1786481859.868417	1786481843193,3099.64,die0,3000,3000,0.3,-1,54.938,54.938,0
1786481859.868418	1786481843292,3099.64,die0,3000,3000,0.3,-1,54.938,54.938,0
1786481859.868418	1786481843392,3099.64,die0,3000,3000,0.3,-1,54.938,54.938,0
1786481859.868433	1786481843500,3099.64,die0,3000,3000,0.3,-1,54.938,54.938,0
1786481859.868434	1786481843593,3049.23,die0,3000,3000,0.3,-1,54.938,54.938,0
1786481859.868434	1786481843693,3049.23,die0,3000,3000,0.3,-1,54.938,54.938,0
1786481859.868435	1786481843800,3049.23,die0,3000,3000,0.3,-1,54.938,54.938,0
1786481859.868435	1786481843892,3049.23,die0,3000,3000,0.3,-1,54.938,54.938,0
1786481859.868436	1786481843993,3049.23,die0,3000,3000,0.3,-1,54.938,54.938,0
1786481859.868437	1786481844092,3049.23,die0,3000,3000,0.3,-1,54.938,54.938,0
1786481859.868437	1786481844192,3049.23,die0,3000,3000,0.3,-1,54.938,54.938,0
1786481859.868438	1786481844292,3049.23,die0,3000,3000,0.3,-1,54.938,54.938,0
1786481859.868438	1786481844392,3049.23,die0,3000,3000,0.3,-1,54.938,54.938,0
1786481859.868438	1786481844495,3049.23,die0,3000,3000,0.3,-1,54.938,54.938,0
1786481859.868439	1786481844593,3000,Minimum,3000,3000,0.3,-1,54.938,54.938,0
1786481859.868439	1786481844692,3000,Minimum,3000,3000,0.3,-1,54.938,54.938,0
1786481859.868440	1786481844793,3000,Minimum,3000,3000,0.3,-1,54.938,54.938,0
1786481859.868441	1786481844892,3000,Minimum,3000,3000,0.3,-1,54.938,54.938,0
1786481859.868444	1786481844993,3000,Minimum,3000,3000,0.3,-1,54.938,54.938,0
1786481859.868444	1786481845095,3000,Minimum,3000,3000,0.3,-1,54.938,54.938,0
1786481859.868445	1786481845193,3000,Minimum,3000,3000,0.3,-1,54.938,54.938,0
1786481859.868445	1786481845292,3000,Minimum,3000,3000,0.3,-1,54.938,54.938,0
1786481859.868446	1786481845392,3000,Minimum,3000,3000,0.3,-1,54.938,54.938,0
1786481859.868446	1786481845494,3000,Minimum,3000,3000,0.3,-1,54.938,54.938,0
1786481859.868447	1786481845594,3000,Minimum,3000,3000,0.3,-1,54.938,54.938,0
1786481859.868447	1786481845692,3000,Minimum,3000,3000,0.3,-1,54.938,54.938,0
1786481859.868448	1786481845794,3000,Minimum,3000,3000,0.3,-1,54.938,54.938,0
1786481859.868448	1786481845893,3000,Minimum,3000,3000,0.3,-1,54.938,54.938,0
1786481859.868449	1786481846000,3000,Minimum,3000,3000,0.3,-1,54.938,54.938,0
1786481859.868449	1786481846092,3000,Minimum,3000,3000,0.3,-1,54.938,54.938,0
1786481859.868450	1786481846194,3000,Minimum,3000,3000,0.3,-1,54.938,54.938,0
1786481859.868451	1786481846293,3000,Minimum,3000,3000,0.3,-1,54.938,54.938,0
1786481859.868451	1786481846399,3000,Minimum,3000,3000,0.3,-1,54.938,54.938,0
1786481859.868452	1786481846492,3000,Minimum,3000,3000,0.3,-1,54.938,54.938,0
1786481859.868452	1786481846593,10783.1,die0,3000,3000,0.718873,-1,89.938,89.938,0
1786481859.868453	1786481846692,10783.1,die0,3000,3000,0.718873,-1,89.938,89.938,0
1786481859.868453	1786481846793,10783.1,die0,3000,3000,0.718873,-1,89.938,89.938,0
1786481859.868454	1786481846892,10783.1,die0,3000,3000,0.718873,-1,89.938,89.938,0
1786481859.868454	1786481846993,10783.1,die0,3000,3000,0.718873,-1,89.938,89.938,0
1786481859.868455	1786481847092,10783.1,die0,3000,3000,0.718873,-1,89.938,89.938,0
1786481859.868455	1786481847192,10783.1,die0,3000,3000,0.718873,-1,89.938,89.938,0
1786481859.868456	1786481847293,10783.1,die0,3000,3000,0.718873,-1,89.938,89.938,0
1786481859.868456	1786481847392,10783.1,die0,3000,3000,0.718873,-1,89.938,89.938,0
1786481859.868457	1786481847492,10783.1,die0,3000,3000,0.718873,-1,89.938,89.938,0
1786481859.868458	1786481847599,10908,die0,3000,3000,0.727202,-1,89.938,89.938,0
1786481859.868458	1786481847692,10908,die0,3000,3000,0.727202,-1,89.938,89.938,0
1786481859.868459	1786481847793,10908,die0,3000,3000,0.727202,-1,89.938,89.938,0
1786481859.868459	1786481847892,10908,die0,3000,3000,0.727202,-1,89.938,89.938,0
1786481859.868460	1786481847992,10908,die0,3000,3000,0.727202,-1,89.938,89.938,0
1786481859.868460	1786481848092,10908,die0,3000,3000,0.727202,-1,89.938,89.938,0
1786481859.868461	1786481848193,10908,die0,3000,3000,0.727202,-1,89.938,89.938,0
1786481859.868461	1786481848292,10908,die0,3000,3000,0.727202,-1,89.938,89.938,0
1786481859.868462	1786481848399,10908,die0,3000,3000,0.727202,-1,89.938,89.938,0
1786481859.868462	1786481848492,10908,die0,3000,3000,0.727202,-1,89.938,89.938,0
1786481859.868464	1786481848592,11033,die0,3000,3000,0.73553,-1,89.938,89.938,0
1786481859.868465	1786481848692,11033,die0,3000,3000,0.73553,-1,89.938,89.938,0
1786481859.868465	1786481848792,11033,die0,3000,3000,0.73553,-1,89.938,89.938,0
1786481859.868466	1786481848892,11033,die0,3000,3000,0.73553,-1,89.938,89.938,0
1786481859.868467	1786481848993,11033,die0,3000,3000,0.73553,-1,89.938,89.938,0
1786481859.868467	1786481849092,11033,die0,3000,3000,0.73553,-1,89.938,89.938,0
1786481859.868468	1786481849192,11033,die0,3000,3000,0.73553,-1,89.938,89.938,0
1786481859.868468	1786481849293,11033,die0,3000,3000,0.73553,-1,89.938,89.938,0
1786481859.868469	1786481849393,11033,die0,3000,3000,0.73553,-1,89.938,89.938,0
1786481859.869546	1786481849492,11033,die0,3000,3000,0.73553,-1,89.938,89.938,0
1786481859.869554	1786481849592,11157.9,die0,3000,3000,0.743859,-1,89.938,89.938,0
1786481859.869555	1786481849700,11157.9,die0,3000,3000,0.743859,-1,89.938,89.938,0
1786481859.869556	1786481849794,11157.9,die0,3000,3000,0.743859,-1,89.938,89.938,0
1786481859.869557	1786481849896,11157.9,die0,3000,3000,0.743859,-1,89.938,89.938,0
1786481859.869558	1786481849992,11157.9,die0,3000,3000,0.743859,-1,89.938,89.938,0
1786481859.869559	1786481850092,11157.9,die0,3000,3000,0.743859,-1,89.938,89.938,0
1786481859.869559	1786481850192,11157.9,die0,3000,3000,0.743859,-1,89.938,89.938,0
1786481859.869560	1786481850294,11157.9,die0,3000,3000,0.743859,-1,89.938,89.938,0
1786481859.869561	1786481850392,11157.9,die0,3000,3000,0.743859,-1,89.938,89.938,0
1786481859.869562	1786481850493,11157.9,die0,3000,3000,0.743859,-1,89.938,89.938,0
1786481859.869562	1786481850593,11282.8,die0,3000,3000,0.752187,-1,89.938,89.938,0
1786481859.869563	1786481850692,11282.8,die0,3000,3000,0.752187,-1,89.938,89.938,0
1786481859.869564	1786481850793,11282.8,die0,3000,3000,0.752187,-1,89.938,89.938,0
1786481859.869565	1786481850892,11282.8,die0,3000,3000,0.752187,-1,89.938,89.938,0
1786481859.869565	1786481850992,11282.8,die0,3000,3000,0.752187,-1,89.938,89.938,0
1786481859.869566	1786481851100,11282.8,die0,3000,3000,0.752187,-1,89.938,89.938,0
1786481859.869567	1786481851193,11282.8,die0,3000,3000,0.752187,-1,89.938,89.938,0
1786481859.869576	1786481851292,11282.8,die0,3000,3000,0.752187,-1,89.938,89.938,0
1786481859.869576	1786481851400,11282.8,die0,3000,3000,0.752187,-1,89.938,89.938,0
1786481859.869577	1786481851493,11282.8,die0,3000,3000,0.752187,-1,89.938,89.938,0
1786481859.869578	1786481851592,11407.7,die0,3000,3000,0.760516,-1,89.938,89.938,0
1786481859.869579	1786481851704,11407.7,die0,3000,3000,0.760516,-1,89.938,89.938,0
1786481859.869581	1786481851792,11407.7,die0,3000,3000,0.760516,-1,89.938,89.938,0
1786481859.869582	1786481851899,11407.7,die0,3000,3000,0.760516,-1,89.938,89.938,0
1786481859.869583	1786481851992,11407.7,die0,3000,3000,0.760516,-1,89.938,89.938,0
1786481859.869584	1786481852093,11407.7,die0,3000,3000,0.760516,-1,89.938,89.938,0
1786481859.869586	1786481852192,11407.7,die0,3000,3000,0.760516,-1,89.938,89.938,0
1786481859.869587	1786481852292,11407.7,die0,3000,3000,0.760516,-1,89.938,89.938,0
1786481859.869588	1786481852395,11407.7,die0,3000,3000,0.760516,-1,89.938,89.938,0
1786481859.869589	1786481852492,11407.7,die0,3000,3000,0.760516,-1,89.938,89.938,0
1786481859.869590	1786481852592,11532.7,die0,3000,3000,0.768844,-1,89.938,89.938,0
1786481859.869591	1786481852693,11532.7,die0,3000,3000,0.768844,-1,89.938,89.938,0
1786481859.869591	1786481852792,11532.7,die0,3000,3000,0.768844,-1,89.938,89.938,0
1786481859.869593	1786481852892,11532.7,die0,3000,3000,0.768844,-1,89.938,89.938,0
1786481859.869593	1786481852992,11532.7,die0,3000,3000,0.768844,-1,89.938,89.938,0
1786481859.869594	1786481853093,11532.7,die0,3000,3000,0.768844,-1,89.938,89.938,0
1786481859.869595	1786481853193,11532.7,die0,3000,3000,0.768844,-1,89.938,89.938,0
1786481859.869596	1786481853292,11532.7,die0,3000,3000,0.768844,-1,89.938,89.938,0
1786481859.869597	1786481853393,11532.7,die0,3000,3000,0.768844,-1,89.938,89.938,0
1786481859.869597	1786481853492,11532.7,die0,3000,3000,0.768844,-1,89.938,89.938,0
1786481859.869598	1786481853593,3772.51,die0,3000,3000,0.3,-1,54.938,54.938,0
1786481859.869599	1786481853692,3772.51,die0,3000,3000,0.3,-1,54.938,54.938,0
1786481859.869600	1786481853792,3772.51,die0,3000,3000,0.3,-1,54.938,54.938,0
1786481859.869601	1786481853893,3772.51,die0,3000,3000,0.3,-1,54.938,54.938,0
1786481859.869602	1786481853998,3772.51,die0,3000,3000,0.3,-1,54.938,54.938,0
1786481859.869603	1786481854093,3772.51,die0,3000,3000,0.3,-1,54.938,54.938,0
1786481859.869604	1786481854192,3772.51,die0,3000,3000,0.3,-1,54.938,54.938,0
1786481859.869605	1786481854299,3772.51,die0,3000,3000,0.3,-1,54.938,54.938,0
1786481859.869605	1786481854392,3772.51,die0,3000,3000,0.3,-1,54.938,54.938,0
1786481859.869606	1786481854492,3772.51,die0,3000,3000,0.3,-1,54.938,54.938,0
1786481859.869607	1786481854592,3722.1,die0,3000,3000,0.3,-1,54.938,54.938,0
1786481859.869608	1786481854693,3722.1,die0,3000,3000,0.3,-1,54.938,54.938,0
1786481859.869609	1786481854800,3722.1,die0,3000,3000,0.3,-1,54.938,54.938,0
1786481859.869610	1786481854892,3722.1,die0,3000,3000,0.3,-1,54.938,54.938,0
1786481859.869611	1786481854992,3722.1,die0,3000,3000,0.3,-1,54.938,54.938,0
1786481859.869612	1786481855093,3722.1,die0,3000,3000,0.3,-1,54.938,54.938,0
1786481859.869612	1786481855199,3722.1,die0,3000,3000,0.3,-1,54.938,54.938,0
1786481859.869613	1786481855292,3722.1,die0,3000,3000,0.3,-1,54.938,54.938,0
1786481859.869614	1786481855393,3722.1,die0,3000,3000,0.3,-1,54.938,54.938,0
1786481859.869615	1786481855493,3722.1,die0,3000,3000,0.3,-1,54.938,54.938,0
1786481859.869615	1786481855592,3671.7,die0,3000,3000,0.3,-1,54.938,54.938,0
1786481859.869616	1786481855692,3671.7,die0,3000,3000,0.3,-1,54.938,54.938,0
1786481859.869622	1786481855792,3671.7,die0,3000,3000,0.3,-1,54.938,54.938,0
1786481859.870451	1786481855892,3671.7,die0,3000,3000,0.3,-1,54.938,54.938,0
1786481859.870457	1786481855992,3671.7,die0,3000,3000,0.3,-1,54.938,54.938,0
1786481859.870458	1786481856093,3671.7,die0,3000,3000,0.3,-1,54.938,54.938,0
1786481876.399735	1786481856192,3671.7,die0,3000,3000,0.3,-1,54.938,54.938,0
1786481876.399745	1786481856292,3671.7,die0,3000,3000,0.3,-1,54.938,54.938,0
1786481876.399745	1786481856392,3671.7,die0,3000,3000,0.3,-1,54.938,54.938,0
1786481876.399747	1786481856493,3671.7,die0,3000,3000,0.3,-1,54.938,54.938,0
1786481876.399748	1786481856592,3621.29,die0,3000,3000,0.3,-1,54.938,54.938,0
1786481876.399748	1786481856692,3621.29,die0,3000,3000,0.3,-1,54.938,54.938,0
1786481876.399749	1786481856795,3621.29,die0,3000,3000,0.3,-1,54.938,54.938,0
1786481876.399749	1786481856899,3621.29,die0,3000,3000,0.3,-1,54.938,54.938,0
1786481876.399750	1786481856993,3621.29,die0,3000,3000,0.3,-1,54.938,54.938,0
1786481876.399750	1786481857092,3621.29,die0,3000,3000,0.3,-1,54.938,54.938,0
1786481876.399751	1786481857192,3621.29,die0,3000,3000,0.3,-1,54.938,54.938,0
1786481876.399752	1786481857293,3621.29,die0,3000,3000,0.3,-1,54.938,54.938,0
1786481876.399752	1786481857392,3621.29,die0,3000,3000,0.3,-1,54.938,54.938,0
1786481876.399753	1786481857492,3621.29,die0,3000,3000,0.3,-1,54.938,54.938,0
1786481876.399753	1786481857592,3570.88,die0,3000,3000,0.3,-1,54.938,54.938,0
1786481876.399762	1786481857698,3570.88,die0,3000,3000,0.3,-1,54.938,54.938,0
1786481876.399763	1786481857793,3570.88,die0,3000,3000,0.3,-1,54.938,54.938,0
1786481876.399763	1786481857892,3570.88,die0,3000,3000,0.3,-1,54.938,54.938,0
1786481876.399764	1786481857998,3570.88,die0,3000,3000,0.3,-1,54.938,54.938,0
1786481876.399764	1786481858093,3570.88,die0,3000,3000,0.3,-1,54.938,54.938,0
1786481876.399765	1786481858192,3570.88,die0,3000,3000,0.3,-1,54.938,54.938,0
1786481876.399765	1786481858292,3570.88,die0,3000,3000,0.3,-1,54.938,54.938,0
1786481876.399766	1786481858392,3570.88,die0,3000,3000,0.3,-1,54.938,54.938,0
1786481876.399766	1786481858492,3570.88,die0,3000,3000,0.3,-1,54.938,54.938,0
1786481876.399767	1786481858592,3520.48,die0,3000,3000,0.3,-1,54.938,54.938,0
1786481876.399768	1786481858693,3520.48,die0,3000,3000,0.3,-1,54.938,54.938,0
1786481876.399768	1786481858793,3520.48,die0,3000,3000,0.3,-1,54.938,54.938,0
1786481876.399769	1786481858892,3520.48,die0,3000,3000,0.3,-1,54.938,54.938,0
1786481876.399769	1786481858992,3520.48,die0,3000,3000,0.3,-1,54.938,54.938,0
1786481876.399770	1786481859092,3520.48,die0,3000,3000,0.3,-1,54.938,54.938,0
1786481876.399770	1786481859193,3520.48,die0,3000,3000,0.3,-1,54.938,54.938,0
1786481876.399772	1786481859298,3520.48,die0,3000,3000,0.3,-1,54.938,54.938,0
1786481876.399773	1786481859392,3520.48,die0,3000,3000,0.3,-1,54.938,54.938,0
1786481876.399774	1786481859492,3520.48,die0,3000,3000,0.3,-1,54.938,54.938,0
1786481876.399774	1786481859593,3470.07,die0,3000,3000,0.3,-1,54.938,54.938,0
1786481876.399775	1786481859790,3470.07,die0,3000,3000,0.3,-1,54.938,54.938,0
1786481876.399776	1786481859823,3470.07,die0,3000,3000,0.3,-1,54.938,54.938,0
1786481876.399776	1786481859918,3470.07,die0,3000,3000,0.3,-1,54.938,54.938,0
1786481876.399776	1786481859992,3470.07,die0,3000,3000,0.3,-1,54.938,54.938,0
1786481876.399777	1786481860096,3470.07,die0,3000,3000,0.3,-1,54.938,54.938,0
1786481876.399778	1786481860204,3470.07,die0,3000,3000,0.3,-1,54.938,54.938,0
1786481876.399778	1786481860293,3470.07,die0,3000,3000,0.3,-1,54.938,54.938,0
1786481876.399779	1786481860399,3470.07,die0,3000,3000,0.3,-1,54.938,54.938,0
1786481876.399779	1786481860497,3470.07,die0,3000,3000,0.3,-1,54.938,54.938,0
1786481876.399780	1786481860592,11304.8,die0,3000,3000,0.75365,-1,89.938,89.938,0
1786481876.399781	1786481860692,11304.8,die0,3000,3000,0.75365,-1,89.938,89.938,0
1786481876.399781	1786481860800,11304.8,die0,3000,3000,0.75365,-1,89.938,89.938,0
1786481876.399782	1786481860892,11304.8,die0,3000,3000,0.75365,-1,89.938,89.938,0
1786481876.399782	1786481860992,11304.8,die0,3000,3000,0.75365,-1,89.938,89.938,0
1786481876.399783	1786481861092,11304.8,die0,3000,3000,0.75365,-1,89.938,89.938,0
1786481876.399783	1786481861193,11304.8,die0,3000,3000,0.75365,-1,89.938,89.938,0
1786481876.399784	1786481861295,11304.8,die0,3000,3000,0.75365,-1,89.938,89.938,0
1786481876.399785	1786481861403,11304.8,die0,3000,3000,0.75365,-1,89.938,89.938,0
1786481876.399785	1786481861492,11304.8,die0,3000,3000,0.75365,-1,89.938,89.938,0
1786481876.399786	1786481861592,11429.7,die0,3000,3000,0.761979,-1,89.938,89.938,0
1786481876.399788	1786481861692,11429.7,die0,3000,3000,0.761979,-1,89.938,89.938,0
1786481876.399788	1786481861793,11429.7,die0,3000,3000,0.761979,-1,89.938,89.938,0
1786481876.399789	1786481861900,11429.7,die0,3000,3000,0.761979,-1,89.938,89.938,0
1786481876.399790	1786481861993,11429.7,die0,3000,3000,0.761979,-1,89.938,89.938,0
1786481876.399790	1786481862093,11429.7,die0,3000,3000,0.761979,-1,89.938,89.938,0
1786481876.399791	1786481862193,11429.7,die0,3000,3000,0.761979,-1,89.938,89.938,0
1786481876.399791	1786481862292,11429.7,die0,3000,3000,0.761979,-1,89.938,89.938,0
1786481876.399792	1786481862398,11429.7,die0,3000,3000,0.761979,-1,89.938,89.938,0
1786481876.399792	1786481862493,11429.7,die0,3000,3000,0.761979,-1,89.938,89.938,0
1786481876.399793	1786481862593,11554.6,die0,3000,3000,0.770307,-1,89.938,89.938,0
1786481876.403807	1786481862692,11554.6,die0,3000,3000,0.770307,-1,89.938,89.938,0
1786481876.403820	1786481862793,11554.6,die0,3000,3000,0.770307,-1,89.938,89.938,0
1786481876.403833	1786481862896,11554.6,die0,3000,3000,0.770307,-1,89.938,89.938,0
1786481876.403834	1786481862997,11554.6,die0,3000,3000,0.770307,-1,89.938,89.938,0
1786481876.403835	1786481863092,11554.6,die0,3000,3000,0.770307,-1,89.938,89.938,0
1786481876.403836	1786481863192,11554.6,die0,3000,3000,0.770307,-1,89.938,89.938,0
1786481876.403837	1786481863293,11554.6,die0,3000,3000,0.770307,-1,89.938,89.938,0
1786481876.403838	1786481863399,11554.6,die0,3000,3000,0.770307,-1,89.938,89.938,0
1786481876.403839	1786481863495,11554.6,die0,3000,3000,0.770307,-1,89.938,89.938,0
1786481876.403840	1786481863592,11679.5,die0,3000,3000,0.778636,-1,89.938,89.938,0
1786481876.403841	1786481863693,11679.5,die0,3000,3000,0.778636,-1,89.938,89.938,0
1786481876.403842	1786481863800,11679.5,die0,3000,3000,0.778636,-1,89.938,89.938,0
1786481876.403843	1786481863892,11679.5,die0,3000,3000,0.778636,-1,89.938,89.938,0
1786481876.403844	1786481863992,11679.5,die0,3000,3000,0.778636,-1,89.938,89.938,0
1786481876.403845	1786481864092,11679.5,die0,3000,3000,0.778636,-1,89.938,89.938,0
1786481876.403846	1786481864193,11679.5,die0,3000,3000,0.778636,-1,89.938,89.938,0
1786481876.403847	1786481864293,11679.5,die0,3000,3000,0.778636,-1,89.938,89.938,0
1786481876.403848	1786481864393,11679.5,die0,3000,3000,0.778636,-1,89.938,89.938,0
1786481876.403849	1786481864494,11679.5,die0,3000,3000,0.778636,-1,89.938,89.938,0
1786481876.403851	1786481864592,11804.5,die0,3000,3000,0.786964,-1,89.938,89.938,0
1786481876.403852	1786481864693,11804.5,die0,3000,3000,0.786964,-1,89.938,89.938,0
1786481876.403852	1786481864792,11804.5,die0,3000,3000,0.786964,-1,89.938,89.938,0
1786481876.403854	1786481864893,11804.5,die0,3000,3000,0.786964,-1,89.938,89.938,0
1786481876.403855	1786481864992,11804.5,die0,3000,3000,0.786964,-1,89.938,89.938,0
1786481876.403856	1786481865094,11804.5,die0,3000,3000,0.786964,-1,89.938,89.938,0
1786481876.403857	1786481865192,11804.5,die0,3000,3000,0.786964,-1,89.938,89.938,0
1786481876.403858	1786481865293,11804.5,die0,3000,3000,0.786964,-1,89.938,89.938,0
1786481876.403859	1786481865393,11804.5,die0,3000,3000,0.786964,-1,89.938,89.938,0
1786481876.403860	1786481865492,11804.5,die0,3000,3000,0.786964,-1,89.938,89.938,0
1786481876.403861	1786481865593,11929.4,die0,3000,3000,0.795293,-1,89.938,89.938,0
1786481876.403862	1786481865692,11929.4,die0,3000,3000,0.795293,-1,89.938,89.938,0
1786481876.403863	1786481865792,11929.4,die0,3000,3000,0.795293,-1,89.938,89.938,0
1786481876.403864	1786481865893,11929.4,die0,3000,3000,0.795293,-1,89.938,89.938,0
1786481876.403865	1786481865993,11929.4,die0,3000,3000,0.795293,-1,89.938,89.938,0
1786481876.403867	1786481866092,11929.4,die0,3000,3000,0.795293,-1,89.938,89.938,0
1786481876.403868	1786481866208,11929.4,die0,3000,3000,0.795293,-1,89.938,89.938,0
1786481876.403869	1786481866292,11929.4,die0,3000,3000,0.795293,-1,89.938,89.938,0
1786481876.403869	1786481866393,11929.4,die0,3000,3000,0.795293,-1,89.938,89.938,0
1786481876.403872	1786481866492,11929.4,die0,3000,3000,0.795293,-1,89.938,89.938,0
1786481876.403873	1786481866600,4169.23,die0,3000,3000,0.3,-1,54.938,54.938,0
1786481876.403875	1786481866692,4169.23,die0,3000,3000,0.3,-1,54.938,54.938,0
1786481876.403875	1786481866792,4169.23,die0,3000,3000,0.3,-1,54.938,54.938,0
1786481876.403876	1786481866892,4169.23,die0,3000,3000,0.3,-1,54.938,54.938,0
1786481876.403877	1786481866993,4169.23,die0,3000,3000,0.3,-1,54.938,54.938,0
1786481876.403878	1786481867092,4169.23,die0,3000,3000,0.3,-1,54.938,54.938,0
1786481876.403879	1786481867199,4169.23,die0,3000,3000,0.3,-1,54.938,54.938,0
1786481876.403880	1786481867292,4169.23,die0,3000,3000,0.3,-1,54.938,54.938,0
1786481876.403882	1786481867393,4169.23,die0,3000,3000,0.3,-1,54.938,54.938,0
1786481876.403883	1786481867492,4169.23,die0,3000,3000,0.3,-1,54.938,54.938,0
1786481876.403883	1786481867593,4118.83,die0,3000,3000,0.3,-1,54.938,54.938,0
1786481876.403884	1786481867692,4118.83,die0,3000,3000,0.3,-1,54.938,54.938,0
1786481876.403885	1786481867793,4118.83,die0,3000,3000,0.3,-1,54.938,54.938,0
1786481876.403886	1786481867895,4118.83,die0,3000,3000,0.3,-1,54.938,54.938,0
1786481876.403887	1786481867992,4118.83,die0,3000,3000,0.3,-1,54.938,54.938,0
1786481876.403890	1786481868100,4118.83,die0,3000,3000,0.3,-1,54.938,54.938,0
1786481876.403891	1786481868192,4118.83,die0,3000,3000,0.3,-1,54.938,54.938,0
1786481876.403892	1786481868292,4118.83,die0,3000,3000,0.3,-1,54.938,54.938,0
1786481876.403893	1786481868393,4118.83,die0,3000,3000,0.3,-1,54.938,54.938,0
1786481876.403894	1786481868493,4118.83,die0,3000,3000,0.3,-1,54.938,54.938,0
1786481876.403895	1786481868592,4068.42,die0,3000,3000,0.3,-1,54.938,54.938,0
1786481876.403896	1786481868692,4068.42,die0,3000,3000,0.3,-1,54.938,54.938,0
1786481876.403897	1786481868792,4068.42,die0,3000,3000,0.3,-1,54.938,54.938,0
1786481876.403898	1786481868893,4068.42,die0,3000,3000,0.3,-1,54.938,54.938,0
1786481876.403899	1786481868992,4068.42,die0,3000,3000,0.3,-1,54.938,54.938,0
1786481876.404738	1786481869092,4068.42,die0,3000,3000,0.3,-1,54.938,54.938,0
1786481876.404746	1786481869192,4068.42,die0,3000,3000,0.3,-1,54.938,54.938,0
1786481891.992622	1786481869300,4068.42,die0,3000,3000,0.3,-1,54.938,54.938,0
1786481891.992636	1786481869393,4068.42,die0,3000,3000,0.3,-1,54.938,54.938,0
1786481891.992637	1786481869492,4068.42,die0,3000,3000,0.3,-1,54.938,54.938,0
1786481891.992638	1786481869592,4018.01,die0,3000,3000,0.3,-1,54.938,54.938,0
1786481891.992640	1786481869692,4018.01,die0,3000,3000,0.3,-1,54.938,54.938,0
1786481891.992640	1786481869793,4018.01,die0,3000,3000,0.3,-1,54.938,54.938,0
1786481891.992649	1786481869893,4018.01,die0,3000,3000,0.3,-1,54.938,54.938,0
1786481891.992651	1786481869993,4018.01,die0,3000,3000,0.3,-1,54.938,54.938,0
1786481891.992651	1786481870093,4018.01,die0,3000,3000,0.3,-1,54.938,54.938,0
1786481891.992653	1786481870192,4018.01,die0,3000,3000,0.3,-1,54.938,54.938,0
1786481891.992654	1786481870300,4018.01,die0,3000,3000,0.3,-1,54.938,54.938,0
1786481891.992655	1786481870392,4018.01,die0,3000,3000,0.3,-1,54.938,54.938,0
1786481891.992655	1786481870492,4018.01,die0,3000,3000,0.3,-1,54.938,54.938,0
1786481891.992656	1786481870599,3967.61,die0,3000,3000,0.3,-1,54.938,54.938,0
1786481891.992657	1786481870692,3967.61,die0,3000,3000,0.3,-1,54.938,54.938,0
1786481891.992658	1786481870792,3967.61,die0,3000,3000,0.3,-1,54.938,54.938,0
1786481891.992659	1786481870895,3967.61,die0,3000,3000,0.3,-1,54.938,54.938,0
1786481891.992660	1786481870998,3967.61,die0,3000,3000,0.3,-1,54.938,54.938,0
1786481891.992661	1786481871095,3967.61,die0,3000,3000,0.3,-1,54.938,54.938,0
1786481891.992662	1786481871193,3967.61,die0,3000,3000,0.3,-1,54.938,54.938,0
1786481891.992663	1786481871292,3967.61,die0,3000,3000,0.3,-1,54.938,54.938,0
1786481891.992664	1786481871393,3967.61,die0,3000,3000,0.3,-1,54.938,54.938,0
1786481891.992665	1786481871492,3967.61,die0,3000,3000,0.3,-1,54.938,54.938,0
1786481891.992665	1786481871592,3917.2,die0,3000,3000,0.3,-1,54.938,54.938,0
1786481891.992666	1786481871692,3917.2,die0,3000,3000,0.3,-1,54.938,54.938,0
1786481891.992667	1786481871792,3917.2,die0,3000,3000,0.3,-1,54.938,54.938,0
1786481891.992668	1786481871893,3917.2,die0,3000,3000,0.3,-1,54.938,54.938,0
1786481891.992669	1786481879487,3917.2,die0,3000,3000,0.3,-1,54.938,54.938,0
1786481891.992669	1786481879577,3917.2,die0,3000,3000,0.3,-1,54.938,54.938,0
1786481891.992671	1786481879677,3917.2,die0,3000,3000,0.3,-1,54.938,54.938,0
1786481891.992671	1786481879784,3917.2,die0,3000,3000,0.3,-1,54.938,54.938,0
1786481891.992672	1786481879878,3917.2,die0,3000,3000,0.3,-1,54.938,54.938,0
1786481891.992673	1786481879978,3917.2,die0,3000,3000,0.3,-1,54.938,54.938,0
1786481891.992674	1786481880077,3866.8,die0,3000,3000,0.3,-1,54.938,54.938,0
1786481891.992675	1786481880177,3866.8,die0,3000,3000,0.3,-1,54.938,54.938,0
1786481891.992693	1786481880277,3866.8,die0,3000,3000,0.3,-1,54.938,54.938,0
1786481891.992694	1786481880381,3866.8,die0,3000,3000,0.3,-1,54.938,54.938,0
1786481891.992695	1786481880479,3866.8,die0,3000,3000,0.3,-1,54.938,54.938,0
1786481891.992695	1786481880578,3866.8,die0,3000,3000,0.3,-1,54.938,54.938,0
1786481891.992696	1786481880684,3866.8,die0,3000,3000,0.3,-1,54.938,54.938,0
1786481891.992697	1786481880777,3866.8,die0,3000,3000,0.3,-1,54.938,54.938,0
1786481891.992698	1786481880877,3866.8,die0,3000,3000,0.3,-1,54.938,54.938,0
1786481891.992699	1786481880977,3866.8,die0,3000,3000,0.3,-1,54.938,54.938,0
1786481891.992702	1786481881079,11701.5,die0,3000,3000,0.780098,-1,89.938,89.938,0
1786481891.992703	1786481881177,11701.5,die0,3000,3000,0.780098,-1,89.938,89.938,0
1786481891.992704	1786481881277,11701.5,die0,3000,3000,0.780098,-1,89.938,89.938,0
1786481891.992705	1786481881379,11701.5,die0,3000,3000,0.780098,-1,89.938,89.938,0
1786481891.992706	1786481881477,11701.5,die0,3000,3000,0.780098,-1,89.938,89.938,0
1786481891.992707	1786481881577,11701.5,die0,3000,3000,0.780098,-1,89.938,89.938,0
1786481891.992707	1786481881677,11701.5,die0,3000,3000,0.780098,-1,89.938,89.938,0
1786481891.992708	1786481881777,11701.5,die0,3000,3000,0.780098,-1,89.938,89.938,0
1786481891.992709	1786481881877,11701.5,die0,3000,3000,0.780098,-1,89.938,89.938,0
1786481891.992710	1786481881977,11701.5,die0,3000,3000,0.780098,-1,89.938,89.938,0
1786481891.992711	1786481882077,11826.4,die0,3000,3000,0.788427,-1,89.938,89.938,0
1786481891.992712	1786481882177,11826.4,die0,3000,3000,0.788427,-1,89.938,89.938,0
1786481891.992713	1786481882277,11826.4,die0,3000,3000,0.788427,-1,89.938,89.938,0
1786481891.992714	1786481882377,11826.4,die0,3000,3000,0.788427,-1,89.938,89.938,0
1786481891.992714	1786481882477,11826.4,die0,3000,3000,0.788427,-1,89.938,89.938,0
1786481891.992716	1786481882578,11826.4,die0,3000,3000,0.788427,-1,89.938,89.938,0
1786481891.992716	1786481882679,11826.4,die0,3000,3000,0.788427,-1,89.938,89.938,0
1786481891.992717	1786481882779,11826.4,die0,3000,3000,0.788427,-1,89.938,89.938,0
1786481891.992718	1786481882878,11826.4,die0,3000,3000,0.788427,-1,89.938,89.938,0
1786481891.992721	1786481882978,11826.4,die0,3000,3000,0.788427,-1,89.938,89.938,0
1786481891.992724	1786481883078,11951.3,die0,3000,3000,0.796755,-1,89.938,89.938,0
1786481891.992725	1786481883178,11951.3,die0,3000,3000,0.796755,-1,89.938,89.938,0
1786481891.992726	1786481883277,11951.3,die0,3000,3000,0.796755,-1,89.938,89.938,0
1786481891.993803	1786481883377,11951.3,die0,3000,3000,0.796755,-1,89.938,89.938,0
1786481891.993821	1786481883482,11951.3,die0,3000,3000,0.796755,-1,89.938,89.938,0
1786481891.993822	1786481883577,11951.3,die0,3000,3000,0.796755,-1,89.938,89.938,0
1786481891.993823	1786481883677,11951.3,die0,3000,3000,0.796755,-1,89.938,89.938,0
1786481891.993824	1786481883777,11951.3,die0,3000,3000,0.796755,-1,89.938,89.938,0
1786481891.993824	1786481883878,11951.3,die0,3000,3000,0.796755,-1,89.938,89.938,0
1786481891.993825	1786481883977,11951.3,die0,3000,3000,0.796755,-1,89.938,89.938,0
1786481891.993826	1786481884077,12076.3,die0,3000,3000,0.805084,-1,89.938,89.938,0
1786481891.993827	1786481884177,12076.3,die0,3000,3000,0.805084,-1,89.938,89.938,0
1786481891.993828	1786481884277,12076.3,die0,3000,3000,0.805084,-1,89.938,89.938,0
1786481891.993829	1786481884377,12076.3,die0,3000,3000,0.805084,-1,89.938,89.938,0
1786481891.993830	1786481884477,12076.3,die0,3000,3000,0.805084,-1,89.938,89.938,0
1786481891.993830	1786481884578,12076.3,die0,3000,3000,0.805084,-1,89.938,89.938,0
1786481891.993839	1786481884677,12076.3,die0,3000,3000,0.805084,-1,89.938,89.938,0
1786481891.993840	1786481884777,12076.3,die0,3000,3000,0.805084,-1,89.938,89.938,0
1786481891.993841	1786481884877,12076.3,die0,3000,3000,0.805084,-1,89.938,89.938,0
1786481891.993842	1786481884977,12076.3,die0,3000,3000,0.805084,-1,89.938,89.938,0
1786481891.993843	1786481885078,12201.2,die0,3000,3000,0.813412,-1,89.938,89.938,0
1786481891.993844	1786481885177,12201.2,die0,3000,3000,0.813412,-1,89.938,89.938,0
1786481891.993844	1786481885277,12201.2,die0,3000,3000,0.813412,-1,89.938,89.938,0
1786481891.993845	1786481885377,12201.2,die0,3000,3000,0.813412,-1,89.938,89.938,0
1786481891.993846	1786481885478,12201.2,die0,3000,3000,0.813412,-1,89.938,89.938,0
1786481891.993847	1786481885577,12201.2,die0,3000,3000,0.813412,-1,89.938,89.938,0
1786481891.993848	1786481885678,12201.2,die0,3000,3000,0.813412,-1,89.938,89.938,0
1786481891.993848	1786481885778,12201.2,die0,3000,3000,0.813412,-1,89.938,89.938,0
1786481891.993849	1786481885884,12201.2,die0,3000,3000,0.813412,-1,89.938,89.938,0
1786481891.993850	1786481885977,12201.2,die0,3000,3000,0.813412,-1,89.938,89.938,0
1786481891.993851	1786481886077,12326.1,die0,3000,3000,0.821741,-1,89.938,89.938,0
1786481891.993851	1786481886184,12326.1,die0,3000,3000,0.821741,-1,89.938,89.938,0
1786481891.993852	1786481886277,12326.1,die0,3000,3000,0.821741,-1,89.938,89.938,0
1786481891.993853	1786481886377,12326.1,die0,3000,3000,0.821741,-1,89.938,89.938,0
1786481891.993854	1786481886484,12326.1,die0,3000,3000,0.821741,-1,89.938,89.938,0
1786481891.993855	1786481886577,12326.1,die0,3000,3000,0.821741,-1,89.938,89.938,0
1786481891.993855	1786481886677,12326.1,die0,3000,3000,0.821741,-1,89.938,89.938,0
1786481891.993856	1786481886777,12326.1,die0,3000,3000,0.821741,-1,89.938,89.938,0
1786481891.993857	1786481886877,12326.1,die0,3000,3000,0.821741,-1,89.938,89.938,0
1786481891.993858	1786481886977,12326.1,die0,3000,3000,0.821741,-1,89.938,89.938,0
1786481891.993859	1786481887080,12451,die0,3000,3000,0.830069,-1,89.938,89.938,0
1786481891.993860	1786481887177,12451,die0,3000,3000,0.830069,-1,89.938,89.938,0
1786481891.993861	1786481887278,12451,die0,3000,3000,0.830069,-1,89.938,89.938,0
1786481891.993861	1786481887377,12451,die0,3000,3000,0.830069,-1,89.938,89.938,0
1786481891.993862	1786481887477,12451,die0,3000,3000,0.830069,-1,89.938,89.938,0
1786481891.993863	1786481887577,12451,die0,3000,3000,0.830069,-1,89.938,89.938,0
1786481891.993864	1786481887677,12451,die0,3000,3000,0.830069,-1,89.938,89.938,0
1786481891.993865	1786481887777,12451,die0,3000,3000,0.830069,-1,89.938,89.938,0
1786481891.993866	1786481887877,12451,die0,3000,3000,0.830069,-1,89.938,89.938,0
1786481891.993867	1786481887977,12451,die0,3000,3000,0.830069,-1,89.938,89.938,0
1786481891.993868	1786481888077,4690.88,die0,3000,3000,0.312726,-1,54.938,54.938,0
1786481891.993869	1786481888177,4690.88,die0,3000,3000,0.312726,-1,54.938,54.938,0
1786481891.993872	1786481888278,4690.88,die0,3000,3000,0.312726,-1,54.938,54.938,0
1786481891.993873	1786481888379,4690.88,die0,3000,3000,0.312726,-1,54.938,54.938,0
1786481891.993874	1786481888479,4690.88,die0,3000,3000,0.312726,-1,54.938,54.938,0
1786481891.993875	1786481888577,4690.88,die0,3000,3000,0.312726,-1,54.938,54.938,0
1786481891.993876	1786481888681,4690.88,die0,3000,3000,0.312726,-1,54.938,54.938,0
1786481891.993876	1786481888777,4690.88,die0,3000,3000,0.312726,-1,54.938,54.938,0
1786481891.993877	1786481888882,4690.88,die0,3000,3000,0.312726,-1,54.938,54.938,0
1786481891.993879	1786481888977,4690.88,die0,3000,3000,0.312726,-1,54.938,54.938,0
1786481891.993880	1786481889077,4640.48,die0,3000,3000,0.309365,-1,54.938,54.938,0
1786481891.993881	1786481889185,4640.48,die0,3000,3000,0.309365,-1,54.938,54.938,0
1786481891.993881	1786481889277,4640.48,die0,3000,3000,0.309365,-1,54.938,54.938,0
1786481891.993884	1786481889377,4640.48,die0,3000,3000,0.309365,-1,54.938,54.938,0
1786481891.993886	1786481889477,4640.48,die0,3000,3000,0.309365,-1,54.938,54.938,0
1786481891.994532	1786481889577,4640.48,die0,3000,3000,0.309365,-1,54.938,54.938,0
1786481891.994538	1786481889677,4640.48,die0,3000,3000,0.309365,-1,54.938,54.938,0
1786481908.508745	1786481889778,4640.48,die0,3000,3000,0.309365,-1,54.938,54.938,0
1786481908.508757	1786481889877,4640.48,die0,3000,3000,0.309365,-1,54.938,54.938,0
1786481908.508758	1786481889977,4640.48,die0,3000,3000,0.309365,-1,54.938,54.938,0
1786481908.508758	1786481890078,4590.07,die0,3000,3000,0.306005,-1,54.938,54.938,0
1786481908.508759	1786481890177,4590.07,die0,3000,3000,0.306005,-1,54.938,54.938,0
1786481908.508759	1786481890277,4590.07,die0,3000,3000,0.306005,-1,54.938,54.938,0
1786481908.508760	1786481890377,4590.07,die0,3000,3000,0.306005,-1,54.938,54.938,0
1786481908.508760	1786481890477,4590.07,die0,3000,3000,0.306005,-1,54.938,54.938,0
1786481908.508761	1786481890577,4590.07,die0,3000,3000,0.306005,-1,54.938,54.938,0
1786481908.508761	1786481890677,4590.07,die0,3000,3000,0.306005,-1,54.938,54.938,0
1786481908.508762	1786481890778,4590.07,die0,3000,3000,0.306005,-1,54.938,54.938,0
1786481908.508762	1786481890877,4590.07,die0,3000,3000,0.306005,-1,54.938,54.938,0
1786481908.508763	1786481890977,4590.07,die0,3000,3000,0.306005,-1,54.938,54.938,0
1786481908.508763	1786481891080,4539.67,die0,3000,3000,0.302644,-1,54.938,54.938,0
1786481908.508764	1786481891184,4539.67,die0,3000,3000,0.302644,-1,54.938,54.938,0
1786481908.508765	1786481891277,4539.67,die0,3000,3000,0.302644,-1,54.938,54.938,0
1786481908.508765	1786481891377,4539.67,die0,3000,3000,0.302644,-1,54.938,54.938,0
1786481908.508765	1786481891483,4539.67,die0,3000,3000,0.302644,-1,54.938,54.938,0
1786481908.508766	1786481891577,4539.67,die0,3000,3000,0.302644,-1,54.938,54.938,0
1786481908.508771	1786481891678,4539.67,die0,3000,3000,0.302644,-1,54.938,54.938,0
1786481908.508772	1786481891777,4539.67,die0,3000,3000,0.302644,-1,54.938,54.938,0
1786481908.508772	1786481891877,4539.67,die0,3000,3000,0.302644,-1,54.938,54.938,0
1786481908.508773	1786481891977,4539.67,die0,3000,3000,0.302644,-1,54.938,54.938,0
1786481908.508773	1786481892077,4489.26,die0,3000,3000,0.3,-1,54.938,54.938,0
1786481908.508774	1786481892177,4489.26,die0,3000,3000,0.3,-1,54.938,54.938,0
1786481908.508775	1786481892277,4489.26,die0,3000,3000,0.3,-1,54.938,54.938,0
1786481908.508775	1786481892378,4489.26,die0,3000,3000,0.3,-1,54.938,54.938,0
1786481908.508776	1786481892477,4489.26,die0,3000,3000,0.3,-1,54.938,54.938,0
1786481908.508776	1786481892577,4489.26,die0,3000,3000,0.3,-1,54.938,54.938,0
1786481908.508777	1786481892677,4489.26,die0,3000,3000,0.3,-1,54.938,54.938,0
1786481908.508777	1786481892777,4489.26,die0,3000,3000,0.3,-1,54.938,54.938,0
1786481908.508778	1786481892877,4489.26,die0,3000,3000,0.3,-1,54.938,54.938,0
1786481908.508779	1786481892977,4489.26,die0,3000,3000,0.3,-1,54.938,54.938,0
1786481908.508779	1786481893078,4438.85,die0,3000,3000,0.3,-1,54.938,54.938,0
1786481908.508780	1786481893177,4438.85,die0,3000,3000,0.3,-1,54.938,54.938,0
1786481908.508780	1786481893278,4438.85,die0,3000,3000,0.3,-1,54.938,54.938,0
1786481908.508781	1786481893377,4438.85,die0,3000,3000,0.3,-1,54.938,54.938,0
1786481908.508781	1786481893478,4438.85,die0,3000,3000,0.3,-1,54.938,54.938,0
1786481908.508782	1786481893577,4438.85,die0,3000,3000,0.3,-1,54.938,54.938,0
1786481908.508782	1786481893677,4438.85,die0,3000,3000,0.3,-1,54.938,54.938,0
1786481908.508783	1786481893777,4438.85,die0,3000,3000,0.3,-1,54.938,54.938,0
1786481908.508784	1786481893884,4438.85,die0,3000,3000,0.3,-1,54.938,54.938,0
1786481908.508784	1786481893977,4438.85,die0,3000,3000,0.3,-1,54.938,54.938,0
1786481908.508785	1786481894080,4388.45,die0,3000,3000,0.3,-1,54.938,54.938,0
1786481908.508785	1786481894177,4388.45,die0,3000,3000,0.3,-1,54.938,54.938,0
1786481908.508786	1786481894277,4388.45,die0,3000,3000,0.3,-1,54.938,54.938,0
1786481908.508786	1786481894377,4388.45,die0,3000,3000,0.3,-1,54.938,54.938,0
1786481908.508787	1786481894477,4388.45,die0,3000,3000,0.3,-1,54.938,54.938,0
1786481908.508787	1786481894577,4388.45,die0,3000,3000,0.3,-1,54.938,54.938,0
1786481908.508790	1786481894679,4388.45,die0,3000,3000,0.3,-1,54.938,54.938,0
1786481908.508790	1786481894777,4388.45,die0,3000,3000,0.3,-1,54.938,54.938,0
1786481908.508791	1786481894877,4388.45,die0,3000,3000,0.3,-1,54.938,54.938,0
1786481908.508791	1786481894982,4388.45,die0,3000,3000,0.3,-1,54.938,54.938,0
1786481908.508791	1786481895077,12223.1,die0,3000,3000,0.814875,-1,89.938,89.938,0
1786481908.508792	1786481895177,12223.1,die0,3000,3000,0.814875,-1,89.938,89.938,0
1786481908.508793	1786481895278,12223.1,die0,3000,3000,0.814875,-1,89.938,89.938,0
1786481908.508795	1786481895377,12223.1,die0,3000,3000,0.814875,-1,89.938,89.938,0
1786481908.508795	1786481895554,12223.1,die0,3000,3000,0.814875,-1,89.938,89.938,0
1786481908.508796	1786481895582,12223.1,die0,3000,3000,0.814875,-1,89.938,89.938,0
1786481908.508796	1786481895677,12223.1,die0,3000,3000,0.814875,-1,89.938,89.938,0
1786481908.508797	1786481895777,12223.1,die0,3000,3000,0.814875,-1,89.938,89.938,0
1786481908.508797	1786481895877,12223.1,die0,3000,3000,0.814875,-1,89.938,89.938,0
1786481908.508798	1786481895977,12223.1,die0,3000,3000,0.814875,-1,89.938,89.938,0
1786481908.508798	1786481896077,12348.1,die0,3000,3000,0.823204,-1,89.938,89.938,0
1786481908.508799	1786481896179,12348.1,die0,3000,3000,0.823204,-1,89.938,89.938,0
1786481908.510553	1786481896280,12348.1,die0,3000,3000,0.823204,-1,89.938,89.938,0
1786481908.510561	1786481896377,12348.1,die0,3000,3000,0.823204,-1,89.938,89.938,0
1786481908.510561	1786481896477,12348.1,die0,3000,3000,0.823204,-1,89.938,89.938,0
1786481908.510562	1786481896577,12348.1,die0,3000,3000,0.823204,-1,89.938,89.938,0
1786481908.510563	1786481896677,12348.1,die0,3000,3000,0.823204,-1,89.938,89.938,0
1786481908.510563	1786481896777,12348.1,die0,3000,3000,0.823204,-1,89.938,89.938,0
1786481908.510564	1786481896877,12348.1,die0,3000,3000,0.823204,-1,89.938,89.938,0
1786481908.510564	1786481896977,12348.1,die0,3000,3000,0.823204,-1,89.938,89.938,0
1786481908.510565	1786481897077,12473,die0,3000,3000,0.831532,-1,89.938,89.938,0
1786481908.510565	1786481897179,12473,die0,3000,3000,0.831532,-1,89.938,89.938,0
1786481908.510566	1786481897277,12473,die0,3000,3000,0.831532,-1,89.938,89.938,0
1786481908.510566	1786481897377,12473,die0,3000,3000,0.831532,-1,89.938,89.938,0
1786481908.510567	1786481897477,12473,die0,3000,3000,0.831532,-1,89.938,89.938,0
1786481908.510567	1786481897578,12473,die0,3000,3000,0.831532,-1,89.938,89.938,0
1786481908.510568	1786481897677,12473,die0,3000,3000,0.831532,-1,89.938,89.938,0
1786481908.510568	1786481897777,12473,die0,3000,3000,0.831532,-1,89.938,89.938,0
1786481908.510569	1786481897877,12473,die0,3000,3000,0.831532,-1,89.938,89.938,0
1786481908.510570	1786481897977,12473,die0,3000,3000,0.831532,-1,89.938,89.938,0
1786481908.510570	1786481898077,12597.9,die0,3000,3000,0.839861,-1,89.938,89.938,0
1786481908.510571	1786481898180,12597.9,die0,3000,3000,0.839861,-1,89.938,89.938,0
1786481908.510571	1786481898277,12597.9,die0,3000,3000,0.839861,-1,89.938,89.938,0
1786481908.510571	1786481898377,12597.9,die0,3000,3000,0.839861,-1,89.938,89.938,0
1786481908.510572	1786481898478,12597.9,die0,3000,3000,0.839861,-1,89.938,89.938,0
1786481908.510572	1786481898581,12597.9,die0,3000,3000,0.839861,-1,89.938,89.938,0
1786481908.510573	1786481898677,12597.9,die0,3000,3000,0.839861,-1,89.938,89.938,0
1786481908.510574	1786481898777,12597.9,die0,3000,3000,0.839861,-1,89.938,89.938,0
1786481908.510574	1786481898877,12597.9,die0,3000,3000,0.839861,-1,89.938,89.938,0
1786481908.510582	1786481898978,12597.9,die0,3000,3000,0.839861,-1,89.938,89.938,0
1786481908.510583	1786481899077,12722.8,die0,3000,3000,0.848189,-1,89.938,89.938,0
1786481908.510584	1786481899177,12722.8,die0,3000,3000,0.848189,-1,89.938,89.938,0
1786481908.510584	1786481899278,12722.8,die0,3000,3000,0.848189,-1,89.938,89.938,0
1786481908.510585	1786481899377,12722.8,die0,3000,3000,0.848189,-1,89.938,89.938,0
1786481908.510586	1786481899477,12722.8,die0,3000,3000,0.848189,-1,89.938,89.938,0
1786481908.510586	1786481899577,12722.8,die0,3000,3000,0.848189,-1,89.938,89.938,0
1786481908.510587	1786481899677,12722.8,die0,3000,3000,0.848189,-1,89.938,89.938,0
1786481908.510587	1786481899777,12722.8,die0,3000,3000,0.848189,-1,89.938,89.938,0
1786481908.510588	1786481899878,12722.8,die0,3000,3000,0.848189,-1,89.938,89.938,0
1786481908.510588	1786481899977,12722.8,die0,3000,3000,0.848189,-1,89.938,89.938,0
1786481908.510591	1786481900077,12847.8,die0,3000,3000,0.856518,-1,89.938,89.938,0
1786481908.510591	1786481900177,12847.8,die0,3000,3000,0.856518,-1,89.938,89.938,0
1786481908.510592	1786481900277,12847.8,die0,3000,3000,0.856518,-1,89.938,89.938,0
1786481908.510592	1786481900379,12847.8,die0,3000,3000,0.856518,-1,89.938,89.938,0
1786481908.510593	1786481900477,12847.8,die0,3000,3000,0.856518,-1,89.938,89.938,0
1786481908.510593	1786481900577,12847.8,die0,3000,3000,0.856518,-1,89.938,89.938,0
1786481908.510594	1786481900679,12847.8,die0,3000,3000,0.856518,-1,89.938,89.938,0
1786481908.510595	1786481900778,12847.8,die0,3000,3000,0.856518,-1,89.938,89.938,0
1786481908.510595	1786481900884,12847.8,die0,3000,3000,0.856518,-1,89.938,89.938,0
1786481908.510596	1786481900977,12847.8,die0,3000,3000,0.856518,-1,89.938,89.938,0
1786481908.510598	1786481901077,5087.61,die0,3000,3000,0.339174,-1,54.938,54.938,0
1786481908.510598	1786481901178,5087.61,die0,3000,3000,0.339174,-1,54.938,54.938,0
1786481908.510599	1786481901277,5087.61,die0,3000,3000,0.339174,-1,54.938,54.938,0
1786481908.510600	1786481901377,5087.61,die0,3000,3000,0.339174,-1,54.938,54.938,0
1786481908.510600	1786481901480,5087.61,die0,3000,3000,0.339174,-1,54.938,54.938,0
1786481908.510601	1786481901578,5087.61,die0,3000,3000,0.339174,-1,54.938,54.938,0
1786481908.510602	1786481901677,5087.61,die0,3000,3000,0.339174,-1,54.938,54.938,0
1786481908.510602	1786481901777,5087.61,die0,3000,3000,0.339174,-1,54.938,54.938,0
1786481908.510603	1786481901883,5087.61,die0,3000,3000,0.339174,-1,54.938,54.938,0
1786481908.510603	1786481901977,5087.61,die0,3000,3000,0.339174,-1,54.938,54.938,0
1786481908.510604	1786481902077,5037.2,die0,3000,3000,0.335813,-1,54.938,54.938,0
1786481908.510605	1786481902177,5037.2,die0,3000,3000,0.335813,-1,54.938,54.938,0
1786481908.510605	1786481902277,5037.2,die0,3000,3000,0.335813,-1,54.938,54.938,0
1786481908.510606	1786481902377,5037.2,die0,3000,3000,0.335813,-1,54.938,54.938,0
1786481908.511503	1786481902477,5037.2,die0,3000,3000,0.335813,-1,54.938,54.938,0
1786481908.511515	1786481902577,5037.2,die0,3000,3000,0.335813,-1,54.938,54.938,0
1786481924.130639	1786481902677,5037.2,die0,3000,3000,0.335813,-1,54.938,54.938,0
1786481924.130651	1786481902785,5037.2,die0,3000,3000,0.335813,-1,54.938,54.938,0
1786481924.130652	1786481902877,5037.2,die0,3000,3000,0.335813,-1,54.938,54.938,0
1786481924.130653	1786481902977,5037.2,die0,3000,3000,0.335813,-1,54.938,54.938,0
1786481924.130654	1786481903077,4986.8,die0,3000,3000,0.332453,-1,54.938,54.938,0
1786481924.130655	1786481903177,4986.8,die0,3000,3000,0.332453,-1,54.938,54.938,0
1786481924.130656	1786481903277,4986.8,die0,3000,3000,0.332453,-1,54.938,54.938,0
1786481924.130657	1786481903377,4986.8,die0,3000,3000,0.332453,-1,54.938,54.938,0
1786481924.130658	1786481903477,4986.8,die0,3000,3000,0.332453,-1,54.938,54.938,0
1786481924.130659	1786481903577,4986.8,die0,3000,3000,0.332453,-1,54.938,54.938,0
1786481924.130660	1786481903677,4986.8,die0,3000,3000,0.332453,-1,54.938,54.938,0
1786481924.130661	1786481903778,4986.8,die0,3000,3000,0.332453,-1,54.938,54.938,0
1786481924.130662	1786481903877,4986.8,die0,3000,3000,0.332453,-1,54.938,54.938,0
1786481924.130662	1786481903977,4986.8,die0,3000,3000,0.332453,-1,54.938,54.938,0
1786481924.130663	1786481904078,4936.39,die0,3000,3000,0.329093,-1,54.938,54.938,0
1786481924.130664	1786481904268,4936.39,die0,3000,3000,0.329093,-1,54.938,54.938,0
1786481924.130665	1786481904314,4936.39,die0,3000,3000,0.329093,-1,54.938,54.938,0
1786481924.130666	1786481904378,4936.39,die0,3000,3000,0.329093,-1,54.938,54.938,0
1786481924.130667	1786481904477,4936.39,die0,3000,3000,0.329093,-1,54.938,54.938,0
1786481924.130667	1786481904578,4936.39,die0,3000,3000,0.329093,-1,54.938,54.938,0
1786481924.130668	1786481904677,4936.39,die0,3000,3000,0.329093,-1,54.938,54.938,0
1786481924.130669	1786481904777,4936.39,die0,3000,3000,0.329093,-1,54.938,54.938,0
1786481924.130670	1786481904884,4936.39,die0,3000,3000,0.329093,-1,54.938,54.938,0
1786481924.130671	1786481904977,4936.39,die0,3000,3000,0.329093,-1,54.938,54.938,0
1786481924.130672	1786481905084,4885.98,die0,3000,3000,0.325732,-1,54.938,54.938,0
1786481924.130673	1786481905177,4885.98,die0,3000,3000,0.325732,-1,54.938,54.938,0
1786481924.130674	1786481905277,4885.98,die0,3000,3000,0.325732,-1,54.938,54.938,0
1786481924.130674	1786481905377,4885.98,die0,3000,3000,0.325732,-1,54.938,54.938,0
1786481924.130675	1786481905477,4885.98,die0,3000,3000,0.325732,-1,54.938,54.938,0
1786481924.130676	1786481905577,4885.98,die0,3000,3000,0.325732,-1,54.938,54.938,0
1786481924.130677	1786481905677,4885.98,die0,3000,3000,0.325732,-1,54.938,54.938,0
1786481924.130678	1786481905777,4885.98,die0,3000,3000,0.325732,-1,54.938,54.938,0
1786481924.130678	1786481905882,4885.98,die0,3000,3000,0.325732,-1,54.938,54.938,0
1786481924.130687	1786481905977,4885.98,die0,3000,3000,0.325732,-1,54.938,54.938,0
1786481924.130688	1786481906080,4835.58,die0,3000,3000,0.322372,-1,54.938,54.938,0
1786481924.130689	1786481906177,4835.58,die0,3000,3000,0.322372,-1,54.938,54.938,0
1786481924.130690	1786481906277,4835.58,die0,3000,3000,0.322372,-1,54.938,54.938,0
1786481924.130690	1786481906377,4835.58,die0,3000,3000,0.322372,-1,54.938,54.938,0
1786481924.130691	1786481906477,4835.58,die0,3000,3000,0.322372,-1,54.938,54.938,0
1786481924.130694	1786481906581,4835.58,die0,3000,3000,0.322372,-1,54.938,54.938,0
1786481924.130695	1786481906677,4835.58,die0,3000,3000,0.322372,-1,54.938,54.938,0
1786481924.130696	1786481906777,4835.58,die0,3000,3000,0.322372,-1,54.938,54.938,0
1786481924.130697	1786481906879,4835.58,die0,3000,3000,0.322372,-1,54.938,54.938,0
1786481924.130697	1786481906984,4835.58,die0,3000,3000,0.322372,-1,54.938,54.938,0
1786481924.130700	1786481907077,4785.17,die0,3000,3000,0.319012,-1,54.938,54.938,0
1786481924.130701	1786481907177,4785.17,die0,3000,3000,0.319012,-1,54.938,54.938,0
1786481924.130702	1786481907277,4785.17,die0,3000,3000,0.319012,-1,54.938,54.938,0
1786481924.130703	1786481907377,4785.17,die0,3000,3000,0.319012,-1,54.938,54.938,0
1786481924.130704	1786481907477,4785.17,die0,3000,3000,0.319012,-1,54.938,54.938,0
1786481924.130704	1786481907577,4785.17,die0,3000,3000,0.319012,-1,54.938,54.938,0
1786481924.130705	1786481907700,4785.17,die0,3000,3000,0.319012,-1,54.938,54.938,0
1786481924.130706	1786481907777,4785.17,die0,3000,3000,0.319012,-1,54.938,54.938,0
1786481924.130707	1786481907891,4785.17,die0,3000,3000,0.319012,-1,54.938,54.938,0
1786481924.130708	1786481907977,4785.17,die0,3000,3000,0.319012,-1,54.938,54.938,0
1786481924.130708	1786481908078,12619.9,die0,3000,3000,0.841323,-1,89.938,89.938,0
1786481924.130709	1786481908177,12619.9,die0,3000,3000,0.841323,-1,89.938,89.938,0
1786481924.130710	1786481908277,12619.9,die0,3000,3000,0.841323,-1,89.938,89.938,0
1786481924.130711	1786481908377,12619.9,die0,3000,3000,0.841323,-1,89.938,89.938,0
1786481924.130712	1786481908484,12619.9,die0,3000,3000,0.841323,-1,89.938,89.938,0
1786481924.130713	1786481908578,12619.9,die0,3000,3000,0.841323,-1,89.938,89.938,0
1786481924.130713	1786481908677,12619.9,die0,3000,3000,0.841323,-1,89.938,89.938,0
1786481924.130714	1786481908777,12619.9,die0,3000,3000,0.841323,-1,89.938,89.938,0
1786481924.130715	1786481908885,12619.9,die0,3000,3000,0.841323,-1,89.938,89.938,0
1786481924.130716	1786481908977,12619.9,die0,3000,3000,0.841323,-1,89.938,89.938,0
1786481924.130717	1786481909079,12744.8,die0,3000,3000,0.849652,-1,89.938,89.938,0
1786481924.130718	1786481909177,12744.8,die0,3000,3000,0.849652,-1,89.938,89.938,0
1786481924.130718	1786481909277,12744.8,die0,3000,3000,0.849652,-1,89.938,89.938,0
1786481924.130719	1786481909377,12744.8,die0,3000,3000,0.849652,-1,89.938,89.938,0
1786481924.130721	1786481909477,12744.8,die0,3000,3000,0.849652,-1,89.938,89.938,0
1786481924.130721	1786481909577,12744.8,die0,3000,3000,0.849652,-1,89.938,89.938,0
1786481924.130724	1786481909677,12744.8,die0,3000,3000,0.849652,-1,89.938,89.938,0
1786481924.130725	1786481909777,12744.8,die0,3000,3000,0.849652,-1,89.938,89.938,0
1786481924.130726	1786481909884,12744.8,die0,3000,3000,0.849652,-1,89.938,89.938,0
1786481924.130727	1786481909977,12744.8,die0,3000,3000,0.849652,-1,89.938,89.938,0
1786481924.130728	1786481910077,12869.7,die0,3000,3000,0.85798,-1,89.938,89.938,0
1786481924.130729	1786481910177,12869.7,die0,3000,3000,0.85798,-1,89.938,89.938,0
1786481924.130730	1786481910277,12869.7,die0,3000,3000,0.85798,-1,89.938,89.938,0
1786481924.130731	1786481910377,12869.7,die0,3000,3000,0.85798,-1,89.938,89.938,0
1786481924.130732	1786481910477,12869.7,die0,3000,3000,0.85798,-1,89.938,89.938,0
1786481924.130733	1786481910578,12869.7,die0,3000,3000,0.85798,-1,89.938,89.938,0
1786481924.130734	1786481910677,12869.7,die0,3000,3000,0.85798,-1,89.938,89.938,0
1786481924.130735	1786481910777,12869.7,die0,3000,3000,0.85798,-1,89.938,89.938,0
1786481924.130736	1786481910877,12869.7,die0,3000,3000,0.85798,-1,89.938,89.938,0
1786481924.130737	1786481910982,12869.7,die0,3000,3000,0.85798,-1,89.938,89.938,0
1786481924.146876	1786481911077,12994.6,die0,3000,3000,0.866309,-1,89.938,89.938,0
1786481924.146886	1786481911177,12994.6,die0,3000,3000,0.866309,-1,89.938,89.938,0
1786481924.146887	1786481911277,12994.6,die0,3000,3000,0.866309,-1,89.938,89.938,0
1786481924.146887	1786481911378,12994.6,die0,3000,3000,0.866309,-1,89.938,89.938,0
1786481924.146888	1786481911477,12994.6,die0,3000,3000,0.866309,-1,89.938,89.938,0
1786481924.146888	1786481911585,12994.6,die0,3000,3000,0.866309,-1,89.938,89.938,0
1786481924.146889	1786481911677,12994.6,die0,3000,3000,0.866309,-1,89.938,89.938,0
1786481924.146889	1786481919274,12994.6,die0,3000,3000,0.866309,-1,89.938,89.938,0
1786481924.146889	1786481919372,12994.6,die0,3000,3000,0.866309,-1,89.938,89.938,0
1786481924.146890	1786481919472,12994.6,die0,3000,3000,0.866309,-1,89.938,89.938,0
1786481924.146890	1786481919577,13119.6,die0,3000,3000,0.874637,-1,89.938,89.938,0
1786481924.146891	1786481919672,13119.6,die0,3000,3000,0.874637,-1,89.938,89.938,0
1786481924.146892	1786481919772,13119.6,die0,3000,3000,0.874637,-1,89.938,89.938,0
1786481924.146892	1786481919878,13119.6,die0,3000,3000,0.874637,-1,89.938,89.938,0
1786481924.146892	1786481919972,13119.6,die0,3000,3000,0.874637,-1,89.938,89.938,0
1786481924.146893	1786481920073,13119.6,die0,3000,3000,0.874637,-1,89.938,89.938,0
1786481924.146893	1786481920172,13119.6,die0,3000,3000,0.874637,-1,89.938,89.938,0
1786481924.146894	1786481920272,13119.6,die0,3000,3000,0.874637,-1,89.938,89.938,0
1786481924.146894	1786481920372,13119.6,die0,3000,3000,0.874637,-1,89.938,89.938,0
1786481924.146895	1786481920472,13119.6,die0,3000,3000,0.874637,-1,89.938,89.938,0
1786481924.146895	1786481920579,13244.5,die0,3000,3000,0.882966,-1,89.938,89.938,0
1786481924.146896	1786481920673,13244.5,die0,3000,3000,0.882966,-1,89.938,89.938,0
1786481924.146905	1786481920772,13244.5,die0,3000,3000,0.882966,-1,89.938,89.938,0
1786481924.146906	1786481920872,13244.5,die0,3000,3000,0.882966,-1,89.938,89.938,0
1786481924.146926	1786481920975,13244.5,die0,3000,3000,0.882966,-1,89.938,89.938,0
1786481924.146927	1786481921080,13244.5,die0,3000,3000,0.882966,-1,89.938,89.938,0
1786481924.146928	1786481921179,13244.5,die0,3000,3000,0.882966,-1,89.938,89.938,0
1786481924.146928	1786481921275,13244.5,die0,3000,3000,0.882966,-1,89.938,89.938,0
1786481924.146929	1786481921372,13244.5,die0,3000,3000,0.882966,-1,89.938,89.938,0
1786481924.146930	1786481921473,13244.5,die0,3000,3000,0.882966,-1,89.938,89.938,0
1786481924.146930	1786481921578,5484.33,die0,3000,3000,0.365622,-1,54.938,54.938,0
1786481924.146930	1786481921672,5484.33,die0,3000,3000,0.365622,-1,54.938,54.938,0
1786481924.146931	1786481921772,5484.33,die0,3000,3000,0.365622,-1,54.938,54.938,0
1786481924.146931	1786481921873,5484.33,die0,3000,3000,0.365622,-1,54.938,54.938,0
1786481924.146932	1786481921972,5484.33,die0,3000,3000,0.365622,-1,54.938,54.938,0
1786481924.146932	1786481922072,5484.33,die0,3000,3000,0.365622,-1,54.938,54.938,0
1786481924.146933	1786481922179,5484.33,die0,3000,3000,0.365622,-1,54.938,54.938,0
1786481924.146934	1786481922273,5484.33,die0,3000,3000,0.365622,-1,54.938,54.938,0
1786481924.146934	1786481922372,5484.33,die0,3000,3000,0.365622,-1,54.938,54.938,0
1786481924.146935	1786481922472,5484.33,die0,3000,3000,0.365622,-1,54.938,54.938,0
1786481924.146935	1786481922572,5433.93,die0,3000,3000,0.362262,-1,54.938,54.938,0
1786481924.146936	1786481922676,5433.93,die0,3000,3000,0.362262,-1,54.938,54.938,0
1786481939.426457	1786481922772,5433.93,die0,3000,3000,0.362262,-1,54.938,54.938,0
1786481939.426471	1786481922873,5433.93,die0,3000,3000,0.362262,-1,54.938,54.938,0
1786481939.426472	1786481922972,5433.93,die0,3000,3000,0.362262,-1,54.938,54.938,0
1786481939.426474	1786481923072,5433.93,die0,3000,3000,0.362262,-1,54.938,54.938,0
1786481939.426475	1786481923173,5433.93,die0,3000,3000,0.362262,-1,54.938,54.938,0
1786481939.426476	1786481923273,5433.93,die0,3000,3000,0.362262,-1,54.938,54.938,0
1786481939.426477	1786481923372,5433.93,die0,3000,3000,0.362262,-1,54.938,54.938,0
1786481939.426478	1786481923472,5433.93,die0,3000,3000,0.362262,-1,54.938,54.938,0
1786481939.426479	1786481923572,5383.52,die0,3000,3000,0.358901,-1,54.938,54.938,0
1786481939.426480	1786481923672,5383.52,die0,3000,3000,0.358901,-1,54.938,54.938,0
1786481939.426481	1786481923776,5383.52,die0,3000,3000,0.358901,-1,54.938,54.938,0
1786481939.426482	1786481923877,5383.52,die0,3000,3000,0.358901,-1,54.938,54.938,0
1786481939.426483	1786481923972,5383.52,die0,3000,3000,0.358901,-1,54.938,54.938,0
1786481939.426484	1786481924072,5383.52,die0,3000,3000,0.358901,-1,54.938,54.938,0
1786481939.426494	1786481924173,5383.52,die0,3000,3000,0.358901,-1,54.938,54.938,0
1786481939.426496	1786481924272,5383.52,die0,3000,3000,0.358901,-1,54.938,54.938,0
1786481939.426497	1786481924381,5383.52,die0,3000,3000,0.358901,-1,54.938,54.938,0
1786481939.426498	1786481924472,5383.52,die0,3000,3000,0.358901,-1,54.938,54.938,0
1786481939.426499	1786481924572,5333.11,die0,3000,3000,0.355541,-1,54.938,54.938,0
1786481939.426500	1786481924672,5333.11,die0,3000,3000,0.355541,-1,54.938,54.938,0
1786481939.426501	1786481924772,5333.11,die0,3000,3000,0.355541,-1,54.938,54.938,0
1786481939.426502	1786481924879,5333.11,die0,3000,3000,0.355541,-1,54.938,54.938,0
1786481939.426503	1786481924973,5333.11,die0,3000,3000,0.355541,-1,54.938,54.938,0
1786481939.426503	1786481925072,5333.11,die0,3000,3000,0.355541,-1,54.938,54.938,0
1786481939.426504	1786481925178,5333.11,die0,3000,3000,0.355541,-1,54.938,54.938,0
1786481939.426505	1786481925273,5333.11,die0,3000,3000,0.355541,-1,54.938,54.938,0
1786481939.426506	1786481925372,5333.11,die0,3000,3000,0.355541,-1,54.938,54.938,0
1786481939.426507	1786481925472,5333.11,die0,3000,3000,0.355541,-1,54.938,54.938,0
1786481939.426508	1786481925572,5282.71,die0,3000,3000,0.352181,-1,54.938,54.938,0
1786481939.426509	1786481925672,5282.71,die0,3000,3000,0.352181,-1,54.938,54.938,0
1786481939.426510	1786481925772,5282.71,die0,3000,3000,0.352181,-1,54.938,54.938,0
1786481939.426511	1786481925872,5282.71,die0,3000,3000,0.352181,-1,54.938,54.938,0
1786481939.428446	1786481925972,5282.71,die0,3000,3000,0.352181,-1,54.938,54.938,0
1786481939.428458	1786481926072,5282.71,die0,3000,3000,0.352181,-1,54.938,54.938,0
1786481939.428460	1786481926173,5282.71,die0,3000,3000,0.352181,-1,54.938,54.938,0
1786481939.428461	1786481926272,5282.71,die0,3000,3000,0.352181,-1,54.938,54.938,0
1786481939.428462	1786481926372,5282.71,die0,3000,3000,0.352181,-1,54.938,54.938,0
1786481939.428463	1786481926472,5282.71,die0,3000,3000,0.352181,-1,54.938,54.938,0
1786481939.428464	1786481926576,5232.3,die0,3000,3000,0.34882,-1,54.938,54.938,0
1786481939.428465	1786481926675,5232.3,die0,3000,3000,0.34882,-1,54.938,54.938,0
1786481939.428466	1786481926772,5232.3,die0,3000,3000,0.34882,-1,54.938,54.938,0
1786481939.428467	1786481926876,5232.3,die0,3000,3000,0.34882,-1,54.938,54.938,0
1786481939.428476	1786481926974,5232.3,die0,3000,3000,0.34882,-1,54.938,54.938,0
1786481939.428477	1786481927072,5232.3,die0,3000,3000,0.34882,-1,54.938,54.938,0
1786481939.428478	1786481927172,5232.3,die0,3000,3000,0.34882,-1,54.938,54.938,0
1786481939.428479	1786481927272,5232.3,die0,3000,3000,0.34882,-1,54.938,54.938,0
1786481939.428480	1786481927372,5232.3,die0,3000,3000,0.34882,-1,54.938,54.938,0
1786481939.428481	1786481927472,5232.3,die0,3000,3000,0.34882,-1,54.938,54.938,0
1786481939.428482	1786481927573,5181.9,die0,3000,3000,0.34546,-1,54.938,54.938,0
1786481939.428483	1786481927672,5181.9,die0,3000,3000,0.34546,-1,54.938,54.938,0
1786481939.428486	1786481927776,5181.9,die0,3000,3000,0.34546,-1,54.938,54.938,0
1786481939.428487	1786481927875,5181.9,die0,3000,3000,0.34546,-1,54.938,54.938,0
1786481939.428488	1786481927975,5181.9,die0,3000,3000,0.34546,-1,54.938,54.938,0
1786481939.428489	1786481928072,5181.9,die0,3000,3000,0.34546,-1,54.938,54.938,0
1786481939.428490	1786481928172,5181.9,die0,3000,3000,0.34546,-1,54.938,54.938,0
1786481939.428491	1786481928272,5181.9,die0,3000,3000,0.34546,-1,54.938,54.938,0
1786481939.428492	1786481928372,5181.9,die0,3000,3000,0.34546,-1,54.938,54.938,0
1786481939.428493	1786481928472,5181.9,die0,3000,3000,0.34546,-1,54.938,54.938,0
1786481939.428494	1786481928573,13016.6,die0,3000,3000,0.867772,-1,89.938,89.938,0
1786481939.428495	1786481928672,13016.6,die0,3000,3000,0.867772,-1,89.938,89.938,0
1786481939.428496	1786481928772,13016.6,die0,3000,3000,0.867772,-1,89.938,89.938,0
1786481939.428497	1786481928872,13016.6,die0,3000,3000,0.867772,-1,89.938,89.938,0
1786481939.428498	1786481928972,13016.6,die0,3000,3000,0.867772,-1,89.938,89.938,0
1786481939.428499	1786481929072,13016.6,die0,3000,3000,0.867772,-1,89.938,89.938,0
1786481939.428499	1786481929172,13016.6,die0,3000,3000,0.867772,-1,89.938,89.938,0
1786481939.428500	1786481929273,13016.6,die0,3000,3000,0.867772,-1,89.938,89.938,0
1786481939.428501	1786481929372,13016.6,die0,3000,3000,0.867772,-1,89.938,89.938,0
1786481939.428502	1786481929473,13016.6,die0,3000,3000,0.867772,-1,89.938,89.938,0
1786481939.428503	1786481929572,13141.5,die0,3000,3000,0.8761,-1,89.938,89.938,0
1786481939.428504	1786481929672,13141.5,die0,3000,3000,0.8761,-1,89.938,89.938,0
1786481939.428505	1786481929772,13141.5,die0,3000,3000,0.8761,-1,89.938,89.938,0
1786481939.428506	1786481929872,13141.5,die0,3000,3000,0.8761,-1,89.938,89.938,0
1786481939.428507	1786481929979,13141.5,die0,3000,3000,0.8761,-1,89.938,89.938,0
1786481939.428508	1786481930073,13141.5,die0,3000,3000,0.8761,-1,89.938,89.938,0
1786481939.428509	1786481930173,13141.5,die0,3000,3000,0.8761,-1,89.938,89.938,0
1786481939.428510	1786481930272,13141.5,die0,3000,3000,0.8761,-1,89.938,89.938,0
1786481939.428511	1786481930379,13141.5,die0,3000,3000,0.8761,-1,89.938,89.938,0
1786481939.428512	1786481930473,13141.5,die0,3000,3000,0.8761,-1,89.938,89.938,0
1786481939.428513	1786481930572,13266.4,die0,3000,3000,0.884429,-1,89.938,89.938,0
1786481939.428514	1786481930672,13266.4,die0,3000,3000,0.884429,-1,89.938,89.938,0
1786481939.428515	1786481930773,13266.4,die0,3000,3000,0.884429,-1,89.938,89.938,0
1786481939.428516	1786481930872,13266.4,die0,3000,3000,0.884429,-1,89.938,89.938,0
1786481939.428517	1786481930979,13266.4,die0,3000,3000,0.884429,-1,89.938,89.938,0
1786481939.428518	1786481931072,13266.4,die0,3000,3000,0.884429,-1,89.938,89.938,0
1786481939.428519	1786481931172,13266.4,die0,3000,3000,0.884429,-1,89.938,89.938,0
1786481939.428520	1786481931272,13266.4,die0,3000,3000,0.884429,-1,89.938,89.938,0
1786481939.428521	1786481931372,13266.4,die0,3000,3000,0.884429,-1,89.938,89.938,0
1786481939.428524	1786481931472,13266.4,die0,3000,3000,0.884429,-1,89.938,89.938,0
1786481939.428525	1786481931572,13391.4,die0,3000,3000,0.892757,-1,89.938,89.938,0
1786481939.428526	1786481931672,13391.4,die0,3000,3000,0.892757,-1,89.938,89.938,0
1786481939.428527	1786481931772,13391.4,die0,3000,3000,0.892757,-1,89.938,89.938,0
1786481939.428528	1786481931873,13391.4,die0,3000,3000,0.892757,-1,89.938,89.938,0
1786481939.428529	1786481931973,13391.4,die0,3000,3000,0.892757,-1,89.938,89.938,0
1786481939.428530	1786481932072,13391.4,die0,3000,3000,0.892757,-1,89.938,89.938,0
1786481939.428531	1786481932172,13391.4,die0,3000,3000,0.892757,-1,89.938,89.938,0
1786481939.429553	1786481932273,13391.4,die0,3000,3000,0.892757,-1,89.938,89.938,0
1786481939.429561	1786481932377,13391.4,die0,3000,3000,0.892757,-1,89.938,89.938,0
1786481939.429562	1786481932473,13391.4,die0,3000,3000,0.892757,-1,89.938,89.938,0
1786481939.429563	1786481932573,13516.3,die0,3000,3000,0.901086,-1,89.938,89.938,0
1786481939.429563	1786481932674,13516.3,die0,3000,3000,0.901086,-1,89.938,89.938,0
1786481939.429564	1786481932772,13516.3,die0,3000,3000,0.901086,-1,89.938,89.938,0
1786481939.429564	1786481932872,13516.3,die0,3000,3000,0.901086,-1,89.938,89.938,0
1786481939.429565	1786481932972,13516.3,die0,3000,3000,0.901086,-1,89.938,89.938,0
1786481939.429565	1786481933073,13516.3,die0,3000,3000,0.901086,-1,89.938,89.938,0
1786481939.429572	1786481933179,13516.3,die0,3000,3000,0.901086,-1,89.938,89.938,0
1786481939.429573	1786481933272,13516.3,die0,3000,3000,0.901086,-1,89.938,89.938,0
1786481939.429575	1786481933372,13516.3,die0,3000,3000,0.901086,-1,89.938,89.938,0
1786481939.429576	1786481933472,13516.3,die0,3000,3000,0.901086,-1,89.938,89.938,0
1786481939.429576	1786481933579,13641.2,die0,3000,3000,0.909414,-1,89.938,89.938,0
1786481939.429577	1786481933672,13641.2,die0,3000,3000,0.909414,-1,89.938,89.938,0
1786481939.429578	1786481933772,13641.2,die0,3000,3000,0.909414,-1,89.938,89.938,0
1786481939.429578	1786481933872,13641.2,die0,3000,3000,0.909414,-1,89.938,89.938,0
1786481939.429579	1786481933973,13641.2,die0,3000,3000,0.909414,-1,89.938,89.938,0
1786481939.429579	1786481934073,13641.2,die0,3000,3000,0.909414,-1,89.938,89.938,0
1786481939.429580	1786481934172,13641.2,die0,3000,3000,0.909414,-1,89.938,89.938,0
1786481939.429581	1786481934272,13641.2,die0,3000,3000,0.909414,-1,89.938,89.938,0
1786481939.429582	1786481934372,13641.2,die0,3000,3000,0.909414,-1,89.938,89.938,0
1786481939.429582	1786481934472,13641.2,die0,3000,3000,0.909414,-1,89.938,89.938,0
1786481939.429583	1786481934572,13766.1,die0,3000,3000,0.917743,-1,89.938,89.938,0
1786481939.429583	1786481934672,13766.1,die0,3000,3000,0.917743,-1,89.938,89.938,0
1786481939.429584	1786481934773,13766.1,die0,3000,3000,0.917743,-1,89.938,89.938,0
1786481939.429585	1786481934872,13766.1,die0,3000,3000,0.917743,-1,89.938,89.938,0
1786481939.429585	1786481934972,13766.1,die0,3000,3000,0.917743,-1,89.938,89.938,0
1786481939.429587	1786481935072,13766.1,die0,3000,3000,0.917743,-1,89.938,89.938,0
1786481939.429588	1786481935175,13766.1,die0,3000,3000,0.917743,-1,89.938,89.938,0
1786481939.429589	1786481935273,13766.1,die0,3000,3000,0.917743,-1,89.938,89.938,0
1786481939.429589	1786481935372,13766.1,die0,3000,3000,0.917743,-1,89.938,89.938,0
1786481945.896577	1786481935473,13766.1,die0,3000,3000,0.917743,-1,89.938
